variant,date,sequences
A/Bangkok/P176/2025|EPI_ISL_19696265,2024-07-18,1.0
A/Bangkok/P176/2025|EPI_ISL_19696265,2024-09-09,1.0
A/Bangkok/P176/2025|EPI_ISL_19696265,2024-09-23,1.0
A/Bangkok/P176/2025|EPI_ISL_19696265,2024-10-04,1.0
A/Bangkok/P176/2025|EPI_ISL_19696265,2024-10-06,1.0
A/Bangkok/P176/2025|EPI_ISL_19696265,2024-10-07,1.0
A/Bangkok/P176/2025|EPI_ISL_19696265,2024-10-09,1.0
A/Bangkok/P176/2025|EPI_ISL_19696265,2024-10-17,1.0
A/Bangkok/P176/2025|EPI_ISL_19696265,2024-10-19,1.0
A/Bangkok/P176/2025|EPI_ISL_19696265,2024-10-20,2.0
A/Bangkok/P176/2025|EPI_ISL_19696265,2024-10-21,1.0
A/Bangkok/P176/2025|EPI_ISL_19696265,2024-10-22,2.0
A/Bangkok/P176/2025|EPI_ISL_19696265,2024-10-23,2.0
A/Bangkok/P176/2025|EPI_ISL_19696265,2024-10-27,1.0
A/Bangkok/P176/2025|EPI_ISL_19696265,2024-10-28,7.0
A/Bangkok/P176/2025|EPI_ISL_19696265,2024-10-29,1.0
A/Bangkok/P176/2025|EPI_ISL_19696265,2024-10-30,2.0
A/Bangkok/P176/2025|EPI_ISL_19696265,2024-11-01,2.0
A/Bangkok/P176/2025|EPI_ISL_19696265,2024-11-04,1.0
A/Bangkok/P176/2025|EPI_ISL_19696265,2024-11-08,1.0
A/Bangkok/P176/2025|EPI_ISL_19696265,2024-11-13,1.0
A/Bangkok/P176/2025|EPI_ISL_19696265,2024-11-14,1.0
A/Bangkok/P176/2025|EPI_ISL_19696265,2024-11-15,1.0
A/Bangkok/P176/2025|EPI_ISL_19696265,2024-11-18,1.0
A/Bangkok/P176/2025|EPI_ISL_19696265,2024-11-19,1.0
A/Bangkok/P176/2025|EPI_ISL_19696265,2024-11-20,1.0
A/Bangkok/P176/2025|EPI_ISL_19696265,2024-11-21,3.0
A/Bangkok/P176/2025|EPI_ISL_19696265,2024-11-25,3.0
A/Bangkok/P176/2025|EPI_ISL_19696265,2024-11-26,1.0
A/Bangkok/P176/2025|EPI_ISL_19696265,2024-11-27,1.0
A/Bangkok/P176/2025|EPI_ISL_19696265,2024-12-01,1.0
A/Bangkok/P176/2025|EPI_ISL_19696265,2024-12-02,3.0
A/Bangkok/P176/2025|EPI_ISL_19696265,2024-12-03,1.0
A/Bangkok/P176/2025|EPI_ISL_19696265,2024-12-05,1.0
A/Bangkok/P176/2025|EPI_ISL_19696265,2024-12-09,1.0
A/Bangkok/P176/2025|EPI_ISL_19696265,2024-12-10,1.0
A/Bangkok/P176/2025|EPI_ISL_19696265,2024-12-12,1.0
A/Bangkok/P176/2025|EPI_ISL_19696265,2024-12-18,1.0
A/Bangkok/P176/2025|EPI_ISL_19696265,2024-12-19,1.0
A/Bangkok/P176/2025|EPI_ISL_19696265,2024-12-21,1.0
A/Bangkok/P176/2025|EPI_ISL_19696265,2024-12-27,2.0
A/Bangkok/P176/2025|EPI_ISL_19696265,2024-12-29,1.0
A/Bangkok/P176/2025|EPI_ISL_19696265,2024-12-30,2.0
A/Bangkok/P176/2025|EPI_ISL_19696265,2024-12-31,1.0
A/Bangkok/P176/2025|EPI_ISL_19696265,2025-01-05,1.0
A/Bangkok/P176/2025|EPI_ISL_19696265,2025-01-06,1.0
A/Bangkok/P176/2025|EPI_ISL_19696265,2025-01-08,1.0
A/Bangkok/P176/2025|EPI_ISL_19696265,2025-01-13,1.0
A/Bangkok/P176/2025|EPI_ISL_19696265,2025-01-15,2.0
A/Bangkok/P176/2025|EPI_ISL_19696265,2025-01-19,1.0
A/Bangkok/P176/2025|EPI_ISL_19696265,2025-01-20,4.0
A/Bangkok/P176/2025|EPI_ISL_19696265,2025-01-22,1.0
A/Bangkok/P176/2025|EPI_ISL_19696265,2025-01-25,1.0
A/Bangkok/P176/2025|EPI_ISL_19696265,2025-01-26,1.0
A/Bangkok/P176/2025|EPI_ISL_19696265,2025-01-27,1.0
A/Bangkok/P176/2025|EPI_ISL_19696265,2025-01-28,2.0
A/Bangkok/P176/2025|EPI_ISL_19696265,2025-02-01,1.0
A/Bangkok/P176/2025|EPI_ISL_19696265,2025-02-04,1.0
A/Bangkok/P176/2025|EPI_ISL_19696265,2025-02-05,1.0
A/Bangkok/P176/2025|EPI_ISL_19696265,2025-02-06,2.0
A/Bangkok/P176/2025|EPI_ISL_19696265,2025-02-10,4.0
A/Bangkok/P176/2025|EPI_ISL_19696265,2025-02-11,2.0
A/Bangkok/P176/2025|EPI_ISL_19696265,2025-02-13,1.0
A/Bangkok/P176/2025|EPI_ISL_19696265,2025-02-14,1.0
A/Bangkok/P176/2025|EPI_ISL_19696265,2025-02-16,1.0
A/Bangkok/P176/2025|EPI_ISL_19696265,2025-02-18,1.0
A/Bangkok/P176/2025|EPI_ISL_19696265,2025-03-06,1.0
A/Bangkok/P176/2025|EPI_ISL_19696265,2025-03-07,1.0
A/Bangkok/P176/2025|EPI_ISL_19696265,2025-03-10,2.0
A/Bangkok/P176/2025|EPI_ISL_19696265,2025-03-17,1.0
A/Busan/277/2025|EPI_ISL_19794520,2024-11-23,1.0
A/Busan/277/2025|EPI_ISL_19794520,2024-12-10,1.0
A/Busan/277/2025|EPI_ISL_19794520,2024-12-14,1.0
A/Busan/277/2025|EPI_ISL_19794520,2024-12-20,1.0
A/Busan/277/2025|EPI_ISL_19794520,2024-12-23,1.0
A/Busan/277/2025|EPI_ISL_19794520,2024-12-28,1.0
A/Busan/277/2025|EPI_ISL_19794520,2024-12-29,1.0
A/Busan/277/2025|EPI_ISL_19794520,2024-12-30,1.0
A/Busan/277/2025|EPI_ISL_19794520,2025-01-07,1.0
A/Busan/277/2025|EPI_ISL_19794520,2025-01-13,2.0
A/Busan/277/2025|EPI_ISL_19794520,2025-01-14,1.0
A/Busan/277/2025|EPI_ISL_19794520,2025-01-18,1.0
A/Busan/277/2025|EPI_ISL_19794520,2025-01-20,1.0
A/Busan/277/2025|EPI_ISL_19794520,2025-01-24,1.0
A/Busan/277/2025|EPI_ISL_19794520,2025-02-04,1.0
A/Busan/277/2025|EPI_ISL_19794520,2025-02-14,1.0
A/Busan/277/2025|EPI_ISL_19794520,2025-02-17,1.0
A/Colorado/218/2024|EPI_ISL_19628239,2024-07-23,1.0
A/Colorado/218/2024|EPI_ISL_19628239,2024-07-25,1.0
A/Colorado/218/2024|EPI_ISL_19628239,2024-08-05,1.0
A/Colorado/218/2024|EPI_ISL_19628239,2024-08-08,1.0
A/Colorado/218/2024|EPI_ISL_19628239,2024-09-11,2.0
A/Colorado/218/2024|EPI_ISL_19628239,2024-09-18,1.0
A/Colorado/218/2024|EPI_ISL_19628239,2024-09-19,1.0
A/Colorado/218/2024|EPI_ISL_19628239,2024-09-22,1.0
A/Colorado/218/2024|EPI_ISL_19628239,2024-09-23,1.0
A/Colorado/218/2024|EPI_ISL_19628239,2024-10-11,2.0
A/Colorado/218/2024|EPI_ISL_19628239,2024-10-17,1.0
A/Colorado/218/2024|EPI_ISL_19628239,2024-10-21,1.0
A/Colorado/218/2024|EPI_ISL_19628239,2024-10-22,1.0
A/Colorado/218/2024|EPI_ISL_19628239,2024-10-23,1.0
A/Colorado/218/2024|EPI_ISL_19628239,2024-10-24,1.0
A/Colorado/218/2024|EPI_ISL_19628239,2024-10-27,1.0
A/Colorado/218/2024|EPI_ISL_19628239,2024-10-28,1.0
A/Colorado/218/2024|EPI_ISL_19628239,2024-10-30,2.0
A/Colorado/218/2024|EPI_ISL_19628239,2024-10-31,1.0
A/Colorado/218/2024|EPI_ISL_19628239,2024-11-01,1.0
A/Colorado/218/2024|EPI_ISL_19628239,2024-11-04,2.0
A/Colorado/218/2024|EPI_ISL_19628239,2024-11-07,1.0
A/Colorado/218/2024|EPI_ISL_19628239,2024-11-08,1.0
A/Colorado/218/2024|EPI_ISL_19628239,2024-11-09,1.0
A/Colorado/218/2024|EPI_ISL_19628239,2024-11-10,2.0
A/Colorado/218/2024|EPI_ISL_19628239,2024-11-12,1.0
A/Colorado/218/2024|EPI_ISL_19628239,2024-11-13,1.0
A/Colorado/218/2024|EPI_ISL_19628239,2024-11-15,1.0
A/Colorado/218/2024|EPI_ISL_19628239,2024-11-18,1.0
A/Colorado/218/2024|EPI_ISL_19628239,2024-11-20,1.0
A/Colorado/218/2024|EPI_ISL_19628239,2024-11-21,1.0
A/Colorado/218/2024|EPI_ISL_19628239,2024-11-22,4.0
A/Colorado/218/2024|EPI_ISL_19628239,2024-11-23,1.0
A/Colorado/218/2024|EPI_ISL_19628239,2024-11-25,2.0
A/Colorado/218/2024|EPI_ISL_19628239,2024-11-26,2.0
A/Colorado/218/2024|EPI_ISL_19628239,2024-11-28,2.0
A/Colorado/218/2024|EPI_ISL_19628239,2024-11-30,1.0
A/Colorado/218/2024|EPI_ISL_19628239,2024-12-02,2.0
A/Colorado/218/2024|EPI_ISL_19628239,2024-12-03,2.0
A/Colorado/218/2024|EPI_ISL_19628239,2024-12-04,2.0
A/Colorado/218/2024|EPI_ISL_19628239,2024-12-05,1.0
A/Colorado/218/2024|EPI_ISL_19628239,2024-12-06,2.0
A/Colorado/218/2024|EPI_ISL_19628239,2024-12-08,2.0
A/Colorado/218/2024|EPI_ISL_19628239,2024-12-09,1.0
A/Colorado/218/2024|EPI_ISL_19628239,2024-12-10,5.0
A/Colorado/218/2024|EPI_ISL_19628239,2024-12-11,3.0
A/Colorado/218/2024|EPI_ISL_19628239,2024-12-12,2.0
A/Colorado/218/2024|EPI_ISL_19628239,2024-12-13,2.0
A/Colorado/218/2024|EPI_ISL_19628239,2024-12-14,1.0
A/Colorado/218/2024|EPI_ISL_19628239,2024-12-15,1.0
A/Colorado/218/2024|EPI_ISL_19628239,2024-12-16,4.0
A/Colorado/218/2024|EPI_ISL_19628239,2024-12-17,9.0
A/Colorado/218/2024|EPI_ISL_19628239,2024-12-18,10.0
A/Colorado/218/2024|EPI_ISL_19628239,2024-12-19,5.0
A/Colorado/218/2024|EPI_ISL_19628239,2024-12-20,2.0
A/Colorado/218/2024|EPI_ISL_19628239,2024-12-21,2.0
A/Colorado/218/2024|EPI_ISL_19628239,2024-12-22,4.0
A/Colorado/218/2024|EPI_ISL_19628239,2024-12-23,6.0
A/Colorado/218/2024|EPI_ISL_19628239,2024-12-24,3.0
A/Colorado/218/2024|EPI_ISL_19628239,2024-12-26,3.0
A/Colorado/218/2024|EPI_ISL_19628239,2024-12-27,5.0
A/Colorado/218/2024|EPI_ISL_19628239,2024-12-28,8.0
A/Colorado/218/2024|EPI_ISL_19628239,2024-12-29,4.0
A/Colorado/218/2024|EPI_ISL_19628239,2024-12-30,6.0
A/Colorado/218/2024|EPI_ISL_19628239,2024-12-31,10.0
A/Colorado/218/2024|EPI_ISL_19628239,2025-01-01,2.0
A/Colorado/218/2024|EPI_ISL_19628239,2025-01-02,9.0
A/Colorado/218/2024|EPI_ISL_19628239,2025-01-03,2.0
A/Colorado/218/2024|EPI_ISL_19628239,2025-01-04,6.0
A/Colorado/218/2024|EPI_ISL_19628239,2025-01-05,3.0
A/Colorado/218/2024|EPI_ISL_19628239,2025-01-06,5.0
A/Colorado/218/2024|EPI_ISL_19628239,2025-01-07,13.0
A/Colorado/218/2024|EPI_ISL_19628239,2025-01-08,13.0
A/Colorado/218/2024|EPI_ISL_19628239,2025-01-09,11.0
A/Colorado/218/2024|EPI_ISL_19628239,2025-01-10,10.0
A/Colorado/218/2024|EPI_ISL_19628239,2025-01-11,4.0
A/Colorado/218/2024|EPI_ISL_19628239,2025-01-12,3.0
A/Colorado/218/2024|EPI_ISL_19628239,2025-01-13,10.0
A/Colorado/218/2024|EPI_ISL_19628239,2025-01-14,9.0
A/Colorado/218/2024|EPI_ISL_19628239,2025-01-15,8.0
A/Colorado/218/2024|EPI_ISL_19628239,2025-01-16,10.0
A/Colorado/218/2024|EPI_ISL_19628239,2025-01-17,8.0
A/Colorado/218/2024|EPI_ISL_19628239,2025-01-18,7.0
A/Colorado/218/2024|EPI_ISL_19628239,2025-01-19,10.0
A/Colorado/218/2024|EPI_ISL_19628239,2025-01-20,11.0
A/Colorado/218/2024|EPI_ISL_19628239,2025-01-21,20.0
A/Colorado/218/2024|EPI_ISL_19628239,2025-01-22,8.0
A/Colorado/218/2024|EPI_ISL_19628239,2025-01-23,16.0
A/Colorado/218/2024|EPI_ISL_19628239,2025-01-24,14.0
A/Colorado/218/2024|EPI_ISL_19628239,2025-01-25,7.0
A/Colorado/218/2024|EPI_ISL_19628239,2025-01-26,19.0
A/Colorado/218/2024|EPI_ISL_19628239,2025-01-27,21.0
A/Colorado/218/2024|EPI_ISL_19628239,2025-01-28,11.0
A/Colorado/218/2024|EPI_ISL_19628239,2025-01-29,11.0
A/Colorado/218/2024|EPI_ISL_19628239,2025-01-30,19.0
A/Colorado/218/2024|EPI_ISL_19628239,2025-01-31,14.0
A/Colorado/218/2024|EPI_ISL_19628239,2025-02-01,10.0
A/Colorado/218/2024|EPI_ISL_19628239,2025-02-02,12.0
A/Colorado/218/2024|EPI_ISL_19628239,2025-02-03,27.0
A/Colorado/218/2024|EPI_ISL_19628239,2025-02-04,25.0
A/Colorado/218/2024|EPI_ISL_19628239,2025-02-05,20.0
A/Colorado/218/2024|EPI_ISL_19628239,2025-02-06,17.0
A/Colorado/218/2024|EPI_ISL_19628239,2025-02-07,12.0
A/Colorado/218/2024|EPI_ISL_19628239,2025-02-08,12.0
A/Colorado/218/2024|EPI_ISL_19628239,2025-02-09,15.0
A/Colorado/218/2024|EPI_ISL_19628239,2025-02-10,24.0
A/Colorado/218/2024|EPI_ISL_19628239,2025-02-11,27.0
A/Colorado/218/2024|EPI_ISL_19628239,2025-02-12,14.0
A/Colorado/218/2024|EPI_ISL_19628239,2025-02-13,14.0
A/Colorado/218/2024|EPI_ISL_19628239,2025-02-14,12.0
A/Colorado/218/2024|EPI_ISL_19628239,2025-02-15,7.0
A/Colorado/218/2024|EPI_ISL_19628239,2025-02-16,11.0
A/Colorado/218/2024|EPI_ISL_19628239,2025-02-17,25.0
A/Colorado/218/2024|EPI_ISL_19628239,2025-02-18,37.0
A/Colorado/218/2024|EPI_ISL_19628239,2025-02-19,9.0
A/Colorado/218/2024|EPI_ISL_19628239,2025-02-20,15.0
A/Colorado/218/2024|EPI_ISL_19628239,2025-02-21,4.0
A/Colorado/218/2024|EPI_ISL_19628239,2025-02-22,3.0
A/Colorado/218/2024|EPI_ISL_19628239,2025-02-23,10.0
A/Colorado/218/2024|EPI_ISL_19628239,2025-02-24,21.0
A/Colorado/218/2024|EPI_ISL_19628239,2025-02-25,19.0
A/Colorado/218/2024|EPI_ISL_19628239,2025-02-26,18.0
A/Colorado/218/2024|EPI_ISL_19628239,2025-02-27,8.0
A/Colorado/218/2024|EPI_ISL_19628239,2025-02-28,10.0
A/Colorado/218/2024|EPI_ISL_19628239,2025-03-01,2.0
A/Colorado/218/2024|EPI_ISL_19628239,2025-03-02,10.0
A/Colorado/218/2024|EPI_ISL_19628239,2025-03-03,16.0
A/Colorado/218/2024|EPI_ISL_19628239,2025-03-04,4.0
A/Colorado/218/2024|EPI_ISL_19628239,2025-03-05,8.0
A/Colorado/218/2024|EPI_ISL_19628239,2025-03-06,7.0
A/Colorado/218/2024|EPI_ISL_19628239,2025-03-07,8.0
A/Colorado/218/2024|EPI_ISL_19628239,2025-03-08,6.0
A/Colorado/218/2024|EPI_ISL_19628239,2025-03-09,5.0
A/Colorado/218/2024|EPI_ISL_19628239,2025-03-10,8.0
A/Colorado/218/2024|EPI_ISL_19628239,2025-03-11,8.0
A/Colorado/218/2024|EPI_ISL_19628239,2025-03-12,8.0
A/Colorado/218/2024|EPI_ISL_19628239,2025-03-13,5.0
A/Colorado/218/2024|EPI_ISL_19628239,2025-03-14,5.0
A/Colorado/218/2024|EPI_ISL_19628239,2025-03-15,8.0
A/Colorado/218/2024|EPI_ISL_19628239,2025-03-16,5.0
A/Colorado/218/2024|EPI_ISL_19628239,2025-03-17,6.0
A/Colorado/218/2024|EPI_ISL_19628239,2025-03-18,7.0
A/Colorado/218/2024|EPI_ISL_19628239,2025-03-19,9.0
A/Colorado/218/2024|EPI_ISL_19628239,2025-03-20,4.0
A/Colorado/218/2024|EPI_ISL_19628239,2025-03-21,8.0
A/Colorado/218/2024|EPI_ISL_19628239,2025-03-22,4.0
A/Colorado/218/2024|EPI_ISL_19628239,2025-03-23,5.0
A/Colorado/218/2024|EPI_ISL_19628239,2025-03-24,5.0
A/Colorado/218/2024|EPI_ISL_19628239,2025-03-25,10.0
A/Colorado/218/2024|EPI_ISL_19628239,2025-03-26,4.0
A/Colorado/218/2024|EPI_ISL_19628239,2025-03-27,4.0
A/Colorado/218/2024|EPI_ISL_19628239,2025-03-28,6.0
A/Colorado/218/2024|EPI_ISL_19628239,2025-03-29,3.0
A/Colorado/218/2024|EPI_ISL_19628239,2025-03-30,6.0
A/Colorado/218/2024|EPI_ISL_19628239,2025-03-31,7.0
A/Colorado/218/2024|EPI_ISL_19628239,2025-04-01,3.0
A/Colorado/218/2024|EPI_ISL_19628239,2025-04-02,8.0
A/Colorado/218/2024|EPI_ISL_19628239,2025-04-03,4.0
A/Colorado/218/2024|EPI_ISL_19628239,2025-04-04,6.0
A/Colorado/218/2024|EPI_ISL_19628239,2025-04-05,2.0
A/Colorado/218/2024|EPI_ISL_19628239,2025-04-06,2.0
A/Colorado/218/2024|EPI_ISL_19628239,2025-04-07,4.0
A/Colorado/218/2024|EPI_ISL_19628239,2025-04-08,5.0
A/Colorado/218/2024|EPI_ISL_19628239,2025-04-09,3.0
A/Colorado/218/2024|EPI_ISL_19628239,2025-04-10,4.0
A/Colorado/218/2024|EPI_ISL_19628239,2025-04-11,6.0
A/Colorado/218/2024|EPI_ISL_19628239,2025-04-12,1.0
A/Colorado/218/2024|EPI_ISL_19628239,2025-04-13,2.0
A/Colorado/218/2024|EPI_ISL_19628239,2025-04-14,3.0
A/Colorado/218/2024|EPI_ISL_19628239,2025-04-15,2.0
A/Colorado/218/2024|EPI_ISL_19628239,2025-04-16,2.0
A/Colorado/218/2024|EPI_ISL_19628239,2025-04-17,3.0
A/Colorado/218/2024|EPI_ISL_19628239,2025-04-18,1.0
A/Colorado/218/2024|EPI_ISL_19628239,2025-04-19,2.0
A/Colorado/218/2024|EPI_ISL_19628239,2025-04-20,1.0
A/Colorado/218/2024|EPI_ISL_19628239,2025-04-21,4.0
A/Colorado/218/2024|EPI_ISL_19628239,2025-04-22,2.0
A/Colorado/218/2024|EPI_ISL_19628239,2025-04-24,6.0
A/Colorado/218/2024|EPI_ISL_19628239,2025-04-25,1.0
A/Colorado/218/2024|EPI_ISL_19628239,2025-04-26,2.0
A/Colorado/218/2024|EPI_ISL_19628239,2025-04-27,3.0
A/Colorado/218/2024|EPI_ISL_19628239,2025-04-28,1.0
A/Colorado/218/2024|EPI_ISL_19628239,2025-04-29,1.0
A/Colorado/218/2024|EPI_ISL_19628239,2025-05-01,3.0
A/Colorado/218/2024|EPI_ISL_19628239,2025-05-02,1.0
A/Colorado/218/2024|EPI_ISL_19628239,2025-05-03,3.0
A/Colorado/218/2024|EPI_ISL_19628239,2025-05-05,1.0
A/Colorado/218/2024|EPI_ISL_19628239,2025-05-06,3.0
A/Colorado/218/2024|EPI_ISL_19628239,2025-05-07,2.0
A/Colorado/218/2024|EPI_ISL_19628239,2025-05-08,1.0
A/Colorado/218/2024|EPI_ISL_19628239,2025-05-10,1.0
A/Colorado/218/2024|EPI_ISL_19628239,2025-05-12,6.0
A/Colorado/218/2024|EPI_ISL_19628239,2025-05-13,2.0
A/Colorado/218/2024|EPI_ISL_19628239,2025-05-14,1.0
A/Colorado/218/2024|EPI_ISL_19628239,2025-05-15,1.0
A/Colorado/218/2024|EPI_ISL_19628239,2025-05-18,1.0
A/Colorado/218/2024|EPI_ISL_19628239,2025-05-20,1.0
A/Colorado/218/2024|EPI_ISL_19628239,2025-05-26,2.0
A/Colorado/218/2024|EPI_ISL_19628239,2025-05-27,2.0
A/Colorado/218/2024|EPI_ISL_19628239,2025-05-29,2.0
A/Colorado/218/2024|EPI_ISL_19628239,2025-05-30,1.0
A/Colorado/218/2024|EPI_ISL_19628239,2025-06-03,2.0
A/Colorado/218/2024|EPI_ISL_19628239,2025-06-05,1.0
A/Colorado/218/2024|EPI_ISL_19628239,2025-06-06,1.0
A/Colorado/218/2024|EPI_ISL_19628239,2025-06-08,1.0
A/Colorado/218/2024|EPI_ISL_19628239,2025-06-12,1.0
A/Colorado/218/2024|EPI_ISL_19628239,2025-06-15,1.0
A/Colorado/218/2024|EPI_ISL_19628239,2025-06-16,2.0
A/Colorado/218/2024|EPI_ISL_19628239,2025-06-17,1.0
A/Colorado/218/2024|EPI_ISL_19628239,2025-06-20,1.0
A/Colorado/218/2024|EPI_ISL_19628239,2025-06-23,2.0
A/Colorado/218/2024|EPI_ISL_19628239,2025-06-26,1.0
A/Illinois/65/2024|EPI_ISL_19628255,2024-06-26,1.0
A/Illinois/65/2024|EPI_ISL_19628255,2024-06-30,1.0
A/Illinois/65/2024|EPI_ISL_19628255,2024-07-01,1.0
A/Illinois/65/2024|EPI_ISL_19628255,2024-08-06,1.0
A/Illinois/65/2024|EPI_ISL_19628255,2024-08-12,1.0
A/Illinois/65/2024|EPI_ISL_19628255,2024-08-13,1.0
A/Illinois/65/2024|EPI_ISL_19628255,2024-08-15,1.0
A/Illinois/65/2024|EPI_ISL_19628255,2024-08-26,1.0
A/Illinois/65/2024|EPI_ISL_19628255,2024-08-27,1.0
A/Illinois/65/2024|EPI_ISL_19628255,2024-09-10,1.0
A/Illinois/65/2024|EPI_ISL_19628255,2024-09-25,1.0
A/Illinois/65/2024|EPI_ISL_19628255,2024-10-07,1.0
A/Illinois/65/2024|EPI_ISL_19628255,2024-10-09,1.0
A/Illinois/65/2024|EPI_ISL_19628255,2024-10-16,2.0
A/Illinois/65/2024|EPI_ISL_19628255,2024-10-22,1.0
A/Illinois/65/2024|EPI_ISL_19628255,2024-10-23,1.0
A/Illinois/65/2024|EPI_ISL_19628255,2024-10-29,2.0
A/Illinois/65/2024|EPI_ISL_19628255,2024-11-04,1.0
A/Illinois/65/2024|EPI_ISL_19628255,2024-11-10,1.0
A/Illinois/65/2024|EPI_ISL_19628255,2024-11-11,1.0
A/Illinois/65/2024|EPI_ISL_19628255,2024-11-14,3.0
A/Illinois/65/2024|EPI_ISL_19628255,2024-11-16,1.0
A/Illinois/65/2024|EPI_ISL_19628255,2024-11-18,1.0
A/Illinois/65/2024|EPI_ISL_19628255,2024-11-20,1.0
A/Illinois/65/2024|EPI_ISL_19628255,2024-11-21,1.0
A/Illinois/65/2024|EPI_ISL_19628255,2024-11-23,1.0
A/Illinois/65/2024|EPI_ISL_19628255,2024-11-25,1.0
A/Illinois/65/2024|EPI_ISL_19628255,2024-12-02,1.0
A/Illinois/65/2024|EPI_ISL_19628255,2024-12-04,1.0
A/Illinois/65/2024|EPI_ISL_19628255,2024-12-06,1.0
A/Illinois/65/2024|EPI_ISL_19628255,2024-12-08,1.0
A/Illinois/65/2024|EPI_ISL_19628255,2024-12-09,1.0
A/Illinois/65/2024|EPI_ISL_19628255,2024-12-13,1.0
A/Illinois/65/2024|EPI_ISL_19628255,2024-12-18,1.0
A/Illinois/65/2024|EPI_ISL_19628255,2024-12-19,1.0
A/Illinois/65/2024|EPI_ISL_19628255,2024-12-20,1.0
A/Illinois/65/2024|EPI_ISL_19628255,2024-12-31,1.0
A/Illinois/65/2024|EPI_ISL_19628255,2025-01-01,1.0
A/Illinois/65/2024|EPI_ISL_19628255,2025-01-04,1.0
A/Illinois/65/2024|EPI_ISL_19628255,2025-01-06,1.0
A/Illinois/65/2024|EPI_ISL_19628255,2025-01-07,1.0
A/Illinois/65/2024|EPI_ISL_19628255,2025-01-08,1.0
A/Illinois/65/2024|EPI_ISL_19628255,2025-01-10,1.0
A/Illinois/65/2024|EPI_ISL_19628255,2025-01-12,1.0
A/Illinois/65/2024|EPI_ISL_19628255,2025-01-14,2.0
A/Illinois/65/2024|EPI_ISL_19628255,2025-01-17,1.0
A/Illinois/65/2024|EPI_ISL_19628255,2025-01-18,1.0
A/Illinois/65/2024|EPI_ISL_19628255,2025-01-23,1.0
A/Illinois/65/2024|EPI_ISL_19628255,2025-01-31,1.0
A/Illinois/65/2024|EPI_ISL_19628255,2025-02-03,1.0
A/Illinois/65/2024|EPI_ISL_19628255,2025-02-05,1.0
A/Illinois/65/2024|EPI_ISL_19628255,2025-02-06,1.0
A/Illinois/65/2024|EPI_ISL_19628255,2025-02-07,1.0
A/Illinois/65/2024|EPI_ISL_19628255,2025-02-11,3.0
A/Illinois/65/2024|EPI_ISL_19628255,2025-02-14,1.0
A/Illinois/65/2024|EPI_ISL_19628255,2025-02-18,1.0
A/Illinois/65/2024|EPI_ISL_19628255,2025-02-24,1.0
A/Illinois/65/2024|EPI_ISL_19628255,2025-02-28,1.0
A/Illinois/65/2024|EPI_ISL_19628255,2025-03-11,1.0
A/Illinois/65/2024|EPI_ISL_19628255,2025-03-19,2.0
A/Illinois/65/2024|EPI_ISL_19628255,2025-03-26,1.0
A/Illinois/65/2024|EPI_ISL_19628255,2025-03-31,1.0
A/Illinois/65/2024|EPI_ISL_19628255,2025-04-29,1.0
A/Iowa/123/2024|EPI_ISL_19628244,2024-05-29,1.0
A/Iowa/123/2024|EPI_ISL_19628244,2024-06-12,1.0
A/Iowa/123/2024|EPI_ISL_19628244,2024-07-04,1.0
A/Iowa/123/2024|EPI_ISL_19628244,2024-07-11,2.0
A/Iowa/123/2024|EPI_ISL_19628244,2024-08-03,1.0
A/Iowa/123/2024|EPI_ISL_19628244,2024-08-05,1.0
A/Iowa/123/2024|EPI_ISL_19628244,2024-08-06,1.0
A/Iowa/123/2024|EPI_ISL_19628244,2024-08-07,1.0
A/Iowa/123/2024|EPI_ISL_19628244,2024-08-10,1.0
A/Iowa/123/2024|EPI_ISL_19628244,2024-08-11,2.0
A/Iowa/123/2024|EPI_ISL_19628244,2024-08-12,1.0
A/Iowa/123/2024|EPI_ISL_19628244,2024-08-13,1.0
A/Iowa/123/2024|EPI_ISL_19628244,2024-08-15,1.0
A/Iowa/123/2024|EPI_ISL_19628244,2024-08-27,3.0
A/Iowa/123/2024|EPI_ISL_19628244,2024-08-28,1.0
A/Iowa/123/2024|EPI_ISL_19628244,2024-09-02,1.0
A/Iowa/123/2024|EPI_ISL_19628244,2024-09-04,1.0
A/Iowa/123/2024|EPI_ISL_19628244,2024-09-06,1.0
A/Iowa/123/2024|EPI_ISL_19628244,2024-09-08,1.0
A/Iowa/123/2024|EPI_ISL_19628244,2024-09-09,1.0
A/Iowa/123/2024|EPI_ISL_19628244,2024-09-10,2.0
A/Iowa/123/2024|EPI_ISL_19628244,2024-09-11,2.0
A/Iowa/123/2024|EPI_ISL_19628244,2024-09-17,2.0
A/Iowa/123/2024|EPI_ISL_19628244,2024-09-18,1.0
A/Iowa/123/2024|EPI_ISL_19628244,2024-09-19,1.0
A/Iowa/123/2024|EPI_ISL_19628244,2024-09-26,1.0
A/Iowa/123/2024|EPI_ISL_19628244,2024-09-27,1.0
A/Iowa/123/2024|EPI_ISL_19628244,2024-10-10,1.0
A/Iowa/123/2024|EPI_ISL_19628244,2024-10-13,1.0
A/Iowa/123/2024|EPI_ISL_19628244,2024-10-14,2.0
A/Iowa/123/2024|EPI_ISL_19628244,2024-10-17,1.0
A/Iowa/123/2024|EPI_ISL_19628244,2024-10-20,1.0
A/Iowa/123/2024|EPI_ISL_19628244,2024-10-21,2.0
A/Iowa/123/2024|EPI_ISL_19628244,2024-10-22,2.0
A/Iowa/123/2024|EPI_ISL_19628244,2024-10-26,1.0
A/Iowa/123/2024|EPI_ISL_19628244,2024-10-28,1.0
A/Iowa/123/2024|EPI_ISL_19628244,2024-10-29,3.0
A/Iowa/123/2024|EPI_ISL_19628244,2024-10-30,1.0
A/Iowa/123/2024|EPI_ISL_19628244,2024-11-05,1.0
A/Iowa/123/2024|EPI_ISL_19628244,2024-11-06,2.0
A/Iowa/123/2024|EPI_ISL_19628244,2024-11-07,3.0
A/Iowa/123/2024|EPI_ISL_19628244,2024-11-11,1.0
A/Iowa/123/2024|EPI_ISL_19628244,2024-11-12,1.0
A/Iowa/123/2024|EPI_ISL_19628244,2024-11-14,1.0
A/Iowa/123/2024|EPI_ISL_19628244,2024-11-21,1.0
A/Iowa/123/2024|EPI_ISL_19628244,2024-11-23,1.0
A/Iowa/123/2024|EPI_ISL_19628244,2024-11-25,1.0
A/Iowa/123/2024|EPI_ISL_19628244,2024-11-26,2.0
A/Iowa/123/2024|EPI_ISL_19628244,2024-11-27,2.0
A/Iowa/123/2024|EPI_ISL_19628244,2024-12-03,2.0
A/Iowa/123/2024|EPI_ISL_19628244,2024-12-04,2.0
A/Iowa/123/2024|EPI_ISL_19628244,2024-12-06,2.0
A/Iowa/123/2024|EPI_ISL_19628244,2024-12-10,2.0
A/Iowa/123/2024|EPI_ISL_19628244,2024-12-11,1.0
A/Iowa/123/2024|EPI_ISL_19628244,2024-12-13,1.0
A/Iowa/123/2024|EPI_ISL_19628244,2024-12-16,4.0
A/Iowa/123/2024|EPI_ISL_19628244,2024-12-17,3.0
A/Iowa/123/2024|EPI_ISL_19628244,2024-12-18,1.0
A/Iowa/123/2024|EPI_ISL_19628244,2024-12-19,1.0
A/Iowa/123/2024|EPI_ISL_19628244,2024-12-23,2.0
A/Iowa/123/2024|EPI_ISL_19628244,2024-12-25,1.0
A/Iowa/123/2024|EPI_ISL_19628244,2024-12-26,1.0
A/Iowa/123/2024|EPI_ISL_19628244,2024-12-27,1.0
A/Iowa/123/2024|EPI_ISL_19628244,2024-12-28,4.0
A/Iowa/123/2024|EPI_ISL_19628244,2024-12-30,2.0
A/Iowa/123/2024|EPI_ISL_19628244,2025-01-02,4.0
A/Iowa/123/2024|EPI_ISL_19628244,2025-01-03,2.0
A/Iowa/123/2024|EPI_ISL_19628244,2025-01-04,1.0
A/Iowa/123/2024|EPI_ISL_19628244,2025-01-05,2.0
A/Iowa/123/2024|EPI_ISL_19628244,2025-01-06,4.0
A/Iowa/123/2024|EPI_ISL_19628244,2025-01-07,4.0
A/Iowa/123/2024|EPI_ISL_19628244,2025-01-08,3.0
A/Iowa/123/2024|EPI_ISL_19628244,2025-01-09,2.0
A/Iowa/123/2024|EPI_ISL_19628244,2025-01-10,3.0
A/Iowa/123/2024|EPI_ISL_19628244,2025-01-11,1.0
A/Iowa/123/2024|EPI_ISL_19628244,2025-01-12,1.0
A/Iowa/123/2024|EPI_ISL_19628244,2025-01-14,6.0
A/Iowa/123/2024|EPI_ISL_19628244,2025-01-15,3.0
A/Iowa/123/2024|EPI_ISL_19628244,2025-01-16,1.0
A/Iowa/123/2024|EPI_ISL_19628244,2025-01-17,2.0
A/Iowa/123/2024|EPI_ISL_19628244,2025-01-18,2.0
A/Iowa/123/2024|EPI_ISL_19628244,2025-01-21,3.0
A/Iowa/123/2024|EPI_ISL_19628244,2025-01-22,2.0
A/Iowa/123/2024|EPI_ISL_19628244,2025-01-23,1.0
A/Iowa/123/2024|EPI_ISL_19628244,2025-01-30,2.0
A/Iowa/123/2024|EPI_ISL_19628244,2025-02-01,1.0
A/Iowa/123/2024|EPI_ISL_19628244,2025-02-03,1.0
A/Iowa/123/2024|EPI_ISL_19628244,2025-02-05,1.0
A/Iowa/123/2024|EPI_ISL_19628244,2025-02-06,1.0
A/Iowa/123/2024|EPI_ISL_19628244,2025-02-09,1.0
A/Iowa/123/2024|EPI_ISL_19628244,2025-02-10,1.0
A/Iowa/123/2024|EPI_ISL_19628244,2025-02-13,1.0
A/Iowa/123/2024|EPI_ISL_19628244,2025-02-18,1.0
A/Iowa/123/2024|EPI_ISL_19628244,2025-02-26,2.0
A/Iowa/123/2024|EPI_ISL_19628244,2025-03-13,1.0
A/Iowa/123/2024|EPI_ISL_19628244,2025-03-26,1.0
A/KANAGAWA/AC2408/2025|EPI_ISL_19778353,2024-11-26,1.0
A/KANAGAWA/AC2408/2025|EPI_ISL_19778353,2024-12-21,1.0
A/KANAGAWA/AC2408/2025|EPI_ISL_19778353,2024-12-23,1.0
A/KANAGAWA/AC2408/2025|EPI_ISL_19778353,2025-01-06,2.0
A/KANAGAWA/AC2408/2025|EPI_ISL_19778353,2025-01-16,1.0
A/KANAGAWA/AC2408/2025|EPI_ISL_19778353,2025-01-17,1.0
A/KANAGAWA/AC2408/2025|EPI_ISL_19778353,2025-01-18,2.0
A/Madagascar/00003/2025|EPI_ISL_19704286,2024-12-24,1.0
A/Maldives/2132/2024|EPI_ISL_19726965,2024-10-14,2.0
A/Maldives/2132/2024|EPI_ISL_19726965,2024-10-24,1.0
A/Maldives/2132/2024|EPI_ISL_19726965,2024-11-11,1.0
A/Maldives/2132/2024|EPI_ISL_19726965,2024-11-27,2.0
A/Maldives/2132/2024|EPI_ISL_19726965,2024-12-02,1.0
A/Maldives/2132/2024|EPI_ISL_19726965,2024-12-10,2.0
A/Maldives/2132/2024|EPI_ISL_19726965,2024-12-11,1.0
A/Maldives/2132/2024|EPI_ISL_19726965,2024-12-12,1.0
A/Maldives/2132/2024|EPI_ISL_19726965,2024-12-16,1.0
A/Maldives/2132/2024|EPI_ISL_19726965,2024-12-17,2.0
A/Maldives/2132/2024|EPI_ISL_19726965,2024-12-23,1.0
A/Maldives/2132/2024|EPI_ISL_19726965,2025-01-24,1.0
A/Maldives/2132/2024|EPI_ISL_19726965,2025-01-27,1.0
A/Maldives/2132/2024|EPI_ISL_19726965,2025-01-29,1.0
A/Maldives/2132/2024|EPI_ISL_19726965,2025-01-30,1.0
A/Maldives/2132/2024|EPI_ISL_19726965,2025-02-14,1.0
A/Maryland/64/2024|EPI_ISL_19628458,2024-07-12,1.0
A/Maryland/64/2024|EPI_ISL_19628458,2024-10-09,1.0
A/Maryland/64/2024|EPI_ISL_19628458,2024-10-28,2.0
A/Maryland/64/2024|EPI_ISL_19628458,2024-10-29,1.0
A/Maryland/64/2024|EPI_ISL_19628458,2024-11-01,1.0
A/Maryland/64/2024|EPI_ISL_19628458,2024-11-10,1.0
A/Maryland/64/2024|EPI_ISL_19628458,2024-11-14,2.0
A/Maryland/64/2024|EPI_ISL_19628458,2024-11-15,2.0
A/Maryland/64/2024|EPI_ISL_19628458,2024-11-17,1.0
A/Maryland/64/2024|EPI_ISL_19628458,2024-11-18,2.0
A/Maryland/64/2024|EPI_ISL_19628458,2024-11-19,3.0
A/Maryland/64/2024|EPI_ISL_19628458,2024-11-26,1.0
A/Maryland/64/2024|EPI_ISL_19628458,2024-11-27,1.0
A/Maryland/64/2024|EPI_ISL_19628458,2024-11-30,1.0
A/Maryland/64/2024|EPI_ISL_19628458,2024-12-03,1.0
A/Maryland/64/2024|EPI_ISL_19628458,2024-12-04,2.0
A/Maryland/64/2024|EPI_ISL_19628458,2024-12-06,1.0
A/Maryland/64/2024|EPI_ISL_19628458,2024-12-09,1.0
A/Maryland/64/2024|EPI_ISL_19628458,2024-12-10,2.0
A/Maryland/64/2024|EPI_ISL_19628458,2024-12-11,4.0
A/Maryland/64/2024|EPI_ISL_19628458,2024-12-12,6.0
A/Maryland/64/2024|EPI_ISL_19628458,2024-12-16,1.0
A/Maryland/64/2024|EPI_ISL_19628458,2024-12-18,3.0
A/Maryland/64/2024|EPI_ISL_19628458,2024-12-19,1.0
A/Maryland/64/2024|EPI_ISL_19628458,2024-12-20,2.0
A/Maryland/64/2024|EPI_ISL_19628458,2024-12-23,2.0
A/Maryland/64/2024|EPI_ISL_19628458,2024-12-26,1.0
A/Maryland/64/2024|EPI_ISL_19628458,2024-12-30,1.0
A/Maryland/64/2024|EPI_ISL_19628458,2024-12-31,2.0
A/Maryland/64/2024|EPI_ISL_19628458,2025-01-01,1.0
A/Maryland/64/2024|EPI_ISL_19628458,2025-01-03,1.0
A/Maryland/64/2024|EPI_ISL_19628458,2025-01-04,2.0
A/Maryland/64/2024|EPI_ISL_19628458,2025-01-06,1.0
A/Maryland/64/2024|EPI_ISL_19628458,2025-01-07,1.0
A/Maryland/64/2024|EPI_ISL_19628458,2025-01-09,1.0
A/Maryland/64/2024|EPI_ISL_19628458,2025-01-15,2.0
A/Maryland/64/2024|EPI_ISL_19628458,2025-01-16,1.0
A/Maryland/64/2024|EPI_ISL_19628458,2025-01-18,2.0
A/Maryland/64/2024|EPI_ISL_19628458,2025-01-20,1.0
A/Maryland/64/2024|EPI_ISL_19628458,2025-01-21,2.0
A/Maryland/64/2024|EPI_ISL_19628458,2025-01-27,1.0
A/Maryland/64/2024|EPI_ISL_19628458,2025-02-04,1.0
A/Maryland/64/2024|EPI_ISL_19628458,2025-02-12,1.0
A/Maryland/64/2024|EPI_ISL_19628458,2025-02-20,1.0
A/Maryland/64/2024|EPI_ISL_19628458,2025-02-26,1.0
A/Maryland/64/2024|EPI_ISL_19628458,2025-03-12,1.0
A/Maryland/64/2024|EPI_ISL_19628458,2025-03-24,1.0
A/Massachusetts/ISC-1679/2025|EPI_ISL_19791010,2025-02-11,1.0
A/Massachusetts/ISC-1679/2025|EPI_ISL_19791010,2025-02-17,1.0
A/Massachusetts/ISC-1679/2025|EPI_ISL_19791010,2025-02-19,1.0
A/Massachusetts/ISC-1679/2025|EPI_ISL_19791010,2025-02-23,1.0
A/Massachusetts/ISC-1679/2025|EPI_ISL_19791010,2025-02-28,1.0
A/Massachusetts/ISC-1679/2025|EPI_ISL_19791010,2025-03-02,1.0
A/Massachusetts/ISC-1679/2025|EPI_ISL_19791010,2025-03-21,1.0
A/Massachusetts/ISC-1679/2025|EPI_ISL_19791010,2025-03-24,1.0
A/Massachusetts/ISC-1679/2025|EPI_ISL_19791010,2025-04-02,1.0
A/Massachusetts/ISC-1679/2025|EPI_ISL_19791010,2025-05-31,1.0
A/Massachusetts/ISC-1679/2025|EPI_ISL_19791010,2025-06-02,1.0
A/Massachusetts/ISC-1679/2025|EPI_ISL_19791010,2025-06-04,1.0
A/Massachusetts/ISC-1679/2025|EPI_ISL_19791010,2025-06-15,1.0
A/Minnesota/131/2024|EPI_ISL_19628249,2024-10-11,1.0
A/Minnesota/131/2024|EPI_ISL_19628249,2024-10-13,1.0
A/Minnesota/131/2024|EPI_ISL_19628249,2024-10-19,1.0
A/Minnesota/131/2024|EPI_ISL_19628249,2024-10-23,2.0
A/Minnesota/131/2024|EPI_ISL_19628249,2024-10-24,2.0
A/Minnesota/131/2024|EPI_ISL_19628249,2024-10-27,2.0
A/Minnesota/131/2024|EPI_ISL_19628249,2024-10-28,2.0
A/Minnesota/131/2024|EPI_ISL_19628249,2024-10-29,1.0
A/Minnesota/131/2024|EPI_ISL_19628249,2024-10-30,3.0
A/Minnesota/131/2024|EPI_ISL_19628249,2024-10-31,4.0
A/Minnesota/131/2024|EPI_ISL_19628249,2024-11-03,3.0
A/Minnesota/131/2024|EPI_ISL_19628249,2024-11-04,4.0
A/Minnesota/131/2024|EPI_ISL_19628249,2024-11-06,3.0
A/Minnesota/131/2024|EPI_ISL_19628249,2024-11-08,2.0
A/Minnesota/131/2024|EPI_ISL_19628249,2024-11-09,1.0
A/Minnesota/131/2024|EPI_ISL_19628249,2024-11-10,1.0
A/Minnesota/131/2024|EPI_ISL_19628249,2024-11-11,2.0
A/Minnesota/131/2024|EPI_ISL_19628249,2024-11-12,1.0
A/Minnesota/131/2024|EPI_ISL_19628249,2024-11-14,2.0
A/Minnesota/131/2024|EPI_ISL_19628249,2024-11-18,2.0
A/Minnesota/131/2024|EPI_ISL_19628249,2024-11-19,3.0
A/Minnesota/131/2024|EPI_ISL_19628249,2024-11-20,4.0
A/Minnesota/131/2024|EPI_ISL_19628249,2024-11-21,4.0
A/Minnesota/131/2024|EPI_ISL_19628249,2024-11-22,4.0
A/Minnesota/131/2024|EPI_ISL_19628249,2024-11-24,2.0
A/Minnesota/131/2024|EPI_ISL_19628249,2024-11-25,8.0
A/Minnesota/131/2024|EPI_ISL_19628249,2024-11-26,4.0
A/Minnesota/131/2024|EPI_ISL_19628249,2024-11-27,5.0
A/Minnesota/131/2024|EPI_ISL_19628249,2024-11-28,6.0
A/Minnesota/131/2024|EPI_ISL_19628249,2024-11-29,2.0
A/Minnesota/131/2024|EPI_ISL_19628249,2024-11-30,1.0
A/Minnesota/131/2024|EPI_ISL_19628249,2024-12-01,4.0
A/Minnesota/131/2024|EPI_ISL_19628249,2024-12-02,5.0
A/Minnesota/131/2024|EPI_ISL_19628249,2024-12-03,4.0
A/Minnesota/131/2024|EPI_ISL_19628249,2024-12-04,4.0
A/Minnesota/131/2024|EPI_ISL_19628249,2024-12-05,2.0
A/Minnesota/131/2024|EPI_ISL_19628249,2024-12-06,8.0
A/Minnesota/131/2024|EPI_ISL_19628249,2024-12-07,5.0
A/Minnesota/131/2024|EPI_ISL_19628249,2024-12-08,1.0
A/Minnesota/131/2024|EPI_ISL_19628249,2024-12-09,8.0
A/Minnesota/131/2024|EPI_ISL_19628249,2024-12-10,4.0
A/Minnesota/131/2024|EPI_ISL_19628249,2024-12-11,6.0
A/Minnesota/131/2024|EPI_ISL_19628249,2024-12-12,10.0
A/Minnesota/131/2024|EPI_ISL_19628249,2024-12-13,4.0
A/Minnesota/131/2024|EPI_ISL_19628249,2024-12-14,6.0
A/Minnesota/131/2024|EPI_ISL_19628249,2024-12-15,6.0
A/Minnesota/131/2024|EPI_ISL_19628249,2024-12-16,11.0
A/Minnesota/131/2024|EPI_ISL_19628249,2024-12-17,7.0
A/Minnesota/131/2024|EPI_ISL_19628249,2024-12-18,5.0
A/Minnesota/131/2024|EPI_ISL_19628249,2024-12-19,5.0
A/Minnesota/131/2024|EPI_ISL_19628249,2024-12-20,6.0
A/Minnesota/131/2024|EPI_ISL_19628249,2024-12-21,2.0
A/Minnesota/131/2024|EPI_ISL_19628249,2024-12-22,4.0
A/Minnesota/131/2024|EPI_ISL_19628249,2024-12-23,10.0
A/Minnesota/131/2024|EPI_ISL_19628249,2024-12-24,6.0
A/Minnesota/131/2024|EPI_ISL_19628249,2024-12-25,4.0
A/Minnesota/131/2024|EPI_ISL_19628249,2024-12-26,6.0
A/Minnesota/131/2024|EPI_ISL_19628249,2024-12-27,7.0
A/Minnesota/131/2024|EPI_ISL_19628249,2024-12-28,3.0
A/Minnesota/131/2024|EPI_ISL_19628249,2024-12-29,4.0
A/Minnesota/131/2024|EPI_ISL_19628249,2024-12-30,13.0
A/Minnesota/131/2024|EPI_ISL_19628249,2024-12-31,14.0
A/Minnesota/131/2024|EPI_ISL_19628249,2025-01-01,4.0
A/Minnesota/131/2024|EPI_ISL_19628249,2025-01-02,8.0
A/Minnesota/131/2024|EPI_ISL_19628249,2025-01-03,10.0
A/Minnesota/131/2024|EPI_ISL_19628249,2025-01-04,8.0
A/Minnesota/131/2024|EPI_ISL_19628249,2025-01-05,2.0
A/Minnesota/131/2024|EPI_ISL_19628249,2025-01-06,8.0
A/Minnesota/131/2024|EPI_ISL_19628249,2025-01-07,15.0
A/Minnesota/131/2024|EPI_ISL_19628249,2025-01-08,10.0
A/Minnesota/131/2024|EPI_ISL_19628249,2025-01-09,14.0
A/Minnesota/131/2024|EPI_ISL_19628249,2025-01-10,5.0
A/Minnesota/131/2024|EPI_ISL_19628249,2025-01-11,4.0
A/Minnesota/131/2024|EPI_ISL_19628249,2025-01-12,4.0
A/Minnesota/131/2024|EPI_ISL_19628249,2025-01-13,12.0
A/Minnesota/131/2024|EPI_ISL_19628249,2025-01-14,10.0
A/Minnesota/131/2024|EPI_ISL_19628249,2025-01-15,5.0
A/Minnesota/131/2024|EPI_ISL_19628249,2025-01-16,6.0
A/Minnesota/131/2024|EPI_ISL_19628249,2025-01-17,6.0
A/Minnesota/131/2024|EPI_ISL_19628249,2025-01-18,5.0
A/Minnesota/131/2024|EPI_ISL_19628249,2025-01-19,2.0
A/Minnesota/131/2024|EPI_ISL_19628249,2025-01-20,11.0
A/Minnesota/131/2024|EPI_ISL_19628249,2025-01-21,6.0
A/Minnesota/131/2024|EPI_ISL_19628249,2025-01-22,9.0
A/Minnesota/131/2024|EPI_ISL_19628249,2025-01-23,8.0
A/Minnesota/131/2024|EPI_ISL_19628249,2025-01-24,8.0
A/Minnesota/131/2024|EPI_ISL_19628249,2025-01-25,3.0
A/Minnesota/131/2024|EPI_ISL_19628249,2025-01-26,5.0
A/Minnesota/131/2024|EPI_ISL_19628249,2025-01-27,9.0
A/Minnesota/131/2024|EPI_ISL_19628249,2025-01-28,12.0
A/Minnesota/131/2024|EPI_ISL_19628249,2025-01-29,10.0
A/Minnesota/131/2024|EPI_ISL_19628249,2025-01-30,9.0
A/Minnesota/131/2024|EPI_ISL_19628249,2025-01-31,9.0
A/Minnesota/131/2024|EPI_ISL_19628249,2025-02-01,1.0
A/Minnesota/131/2024|EPI_ISL_19628249,2025-02-02,4.0
A/Minnesota/131/2024|EPI_ISL_19628249,2025-02-03,9.0
A/Minnesota/131/2024|EPI_ISL_19628249,2025-02-04,3.0
A/Minnesota/131/2024|EPI_ISL_19628249,2025-02-05,15.0
A/Minnesota/131/2024|EPI_ISL_19628249,2025-02-06,3.0
A/Minnesota/131/2024|EPI_ISL_19628249,2025-02-07,5.0
A/Minnesota/131/2024|EPI_ISL_19628249,2025-02-08,1.0
A/Minnesota/131/2024|EPI_ISL_19628249,2025-02-09,5.0
A/Minnesota/131/2024|EPI_ISL_19628249,2025-02-10,10.0
A/Minnesota/131/2024|EPI_ISL_19628249,2025-02-11,10.0
A/Minnesota/131/2024|EPI_ISL_19628249,2025-02-12,6.0
A/Minnesota/131/2024|EPI_ISL_19628249,2025-02-13,3.0
A/Minnesota/131/2024|EPI_ISL_19628249,2025-02-14,5.0
A/Minnesota/131/2024|EPI_ISL_19628249,2025-02-15,1.0
A/Minnesota/131/2024|EPI_ISL_19628249,2025-02-16,2.0
A/Minnesota/131/2024|EPI_ISL_19628249,2025-02-17,4.0
A/Minnesota/131/2024|EPI_ISL_19628249,2025-02-18,2.0
A/Minnesota/131/2024|EPI_ISL_19628249,2025-02-19,6.0
A/Minnesota/131/2024|EPI_ISL_19628249,2025-02-20,3.0
A/Minnesota/131/2024|EPI_ISL_19628249,2025-02-21,2.0
A/Minnesota/131/2024|EPI_ISL_19628249,2025-02-22,2.0
A/Minnesota/131/2024|EPI_ISL_19628249,2025-02-23,1.0
A/Minnesota/131/2024|EPI_ISL_19628249,2025-02-24,4.0
A/Minnesota/131/2024|EPI_ISL_19628249,2025-02-25,1.0
A/Minnesota/131/2024|EPI_ISL_19628249,2025-03-02,2.0
A/Minnesota/131/2024|EPI_ISL_19628249,2025-03-03,2.0
A/Minnesota/131/2024|EPI_ISL_19628249,2025-03-04,2.0
A/Minnesota/131/2024|EPI_ISL_19628249,2025-03-05,3.0
A/Minnesota/131/2024|EPI_ISL_19628249,2025-03-06,1.0
A/Minnesota/131/2024|EPI_ISL_19628249,2025-03-07,1.0
A/Minnesota/131/2024|EPI_ISL_19628249,2025-03-10,1.0
A/Minnesota/131/2024|EPI_ISL_19628249,2025-03-12,1.0
A/Minnesota/131/2024|EPI_ISL_19628249,2025-03-13,1.0
A/Minnesota/131/2024|EPI_ISL_19628249,2025-03-14,1.0
A/Minnesota/131/2024|EPI_ISL_19628249,2025-03-16,1.0
A/Minnesota/131/2024|EPI_ISL_19628249,2025-03-17,1.0
A/Minnesota/131/2024|EPI_ISL_19628249,2025-03-20,1.0
A/Minnesota/131/2024|EPI_ISL_19628249,2025-03-25,1.0
A/Minnesota/131/2024|EPI_ISL_19628249,2025-03-26,1.0
A/Minnesota/131/2024|EPI_ISL_19628249,2025-03-27,1.0
A/Minnesota/131/2024|EPI_ISL_19628249,2025-04-07,1.0
A/Minnesota/131/2024|EPI_ISL_19628249,2025-04-10,1.0
A/Minnesota/131/2024|EPI_ISL_19628249,2025-04-29,2.0
A/Nevada/189/2024|EPI_ISL_19587169,2024-04-29,1.0
A/Nevada/189/2024|EPI_ISL_19587169,2024-06-10,1.0
A/Nevada/189/2024|EPI_ISL_19587169,2024-07-15,1.0
A/Nevada/189/2024|EPI_ISL_19587169,2024-07-25,1.0
A/Nevada/189/2024|EPI_ISL_19587169,2024-07-31,1.0
A/Nevada/189/2024|EPI_ISL_19587169,2024-08-01,2.0
A/Nevada/189/2024|EPI_ISL_19587169,2024-08-02,1.0
A/Nevada/189/2024|EPI_ISL_19587169,2024-08-03,3.0
A/Nevada/189/2024|EPI_ISL_19587169,2024-08-10,2.0
A/Nevada/189/2024|EPI_ISL_19587169,2024-08-13,1.0
A/Nevada/189/2024|EPI_ISL_19587169,2024-08-21,2.0
A/Nevada/189/2024|EPI_ISL_19587169,2024-08-22,1.0
A/Nevada/189/2024|EPI_ISL_19587169,2024-08-30,1.0
A/Nevada/189/2024|EPI_ISL_19587169,2024-09-03,1.0
A/Nevada/189/2024|EPI_ISL_19587169,2024-09-22,1.0
A/Nevada/189/2024|EPI_ISL_19587169,2024-09-25,1.0
A/Nevada/189/2024|EPI_ISL_19587169,2024-10-01,1.0
A/Nevada/189/2024|EPI_ISL_19587169,2024-10-02,2.0
A/Nevada/189/2024|EPI_ISL_19587169,2024-10-04,1.0
A/Nevada/189/2024|EPI_ISL_19587169,2024-10-21,1.0
A/Nevada/189/2024|EPI_ISL_19587169,2024-10-24,1.0
A/Nevada/189/2024|EPI_ISL_19587169,2024-10-25,1.0
A/Nevada/189/2024|EPI_ISL_19587169,2024-10-31,1.0
A/Nevada/189/2024|EPI_ISL_19587169,2024-11-04,1.0
A/Nevada/189/2024|EPI_ISL_19587169,2024-11-05,1.0
A/Nevada/189/2024|EPI_ISL_19587169,2024-11-12,2.0
A/Nevada/189/2024|EPI_ISL_19587169,2024-11-25,1.0
A/Nevada/189/2024|EPI_ISL_19587169,2024-11-29,1.0
A/Nevada/189/2024|EPI_ISL_19587169,2024-12-04,1.0
A/Nevada/189/2024|EPI_ISL_19587169,2024-12-05,1.0
A/Nevada/189/2024|EPI_ISL_19587169,2024-12-10,3.0
A/Nevada/189/2024|EPI_ISL_19587169,2024-12-16,1.0
A/Nevada/189/2024|EPI_ISL_19587169,2024-12-28,2.0
A/Nevada/189/2024|EPI_ISL_19587169,2025-01-06,1.0
A/Ohio/259/2024|EPI_ISL_19539418,2024-10-03,1.0
A/Ohio/259/2024|EPI_ISL_19539418,2024-10-05,1.0
A/Ohio/259/2024|EPI_ISL_19539418,2024-10-12,1.0
A/Ohio/259/2024|EPI_ISL_19539418,2024-10-13,1.0
A/Ohio/259/2024|EPI_ISL_19539418,2024-10-16,1.0
A/Ohio/259/2024|EPI_ISL_19539418,2024-10-17,1.0
A/Ohio/259/2024|EPI_ISL_19539418,2024-10-20,1.0
A/Ohio/259/2024|EPI_ISL_19539418,2024-10-30,1.0
A/Ohio/259/2024|EPI_ISL_19539418,2024-11-06,1.0
A/Ohio/259/2024|EPI_ISL_19539418,2024-11-07,1.0
A/Ohio/259/2024|EPI_ISL_19539418,2024-12-01,1.0
A/Ohio/259/2024|EPI_ISL_19539418,2025-01-04,1.0
A/Oregon/11/2025|EPI_ISL_19726898,2024-11-05,1.0
A/Oregon/11/2025|EPI_ISL_19726898,2024-11-06,1.0
A/Oregon/11/2025|EPI_ISL_19726898,2024-11-11,1.0
A/Oregon/11/2025|EPI_ISL_19726898,2024-11-12,1.0
A/Oregon/11/2025|EPI_ISL_19726898,2024-11-18,1.0
A/Oregon/11/2025|EPI_ISL_19726898,2024-11-21,1.0
A/Oregon/11/2025|EPI_ISL_19726898,2024-12-01,1.0
A/Oregon/11/2025|EPI_ISL_19726898,2024-12-02,2.0
A/Oregon/11/2025|EPI_ISL_19726898,2024-12-03,1.0
A/Oregon/11/2025|EPI_ISL_19726898,2024-12-04,1.0
A/Oregon/11/2025|EPI_ISL_19726898,2024-12-10,1.0
A/Oregon/11/2025|EPI_ISL_19726898,2024-12-11,1.0
A/Oregon/11/2025|EPI_ISL_19726898,2024-12-14,1.0
A/Oregon/11/2025|EPI_ISL_19726898,2024-12-15,1.0
A/Oregon/11/2025|EPI_ISL_19726898,2024-12-16,2.0
A/Oregon/11/2025|EPI_ISL_19726898,2024-12-18,1.0
A/Oregon/11/2025|EPI_ISL_19726898,2024-12-23,2.0
A/Oregon/11/2025|EPI_ISL_19726898,2024-12-24,3.0
A/Oregon/11/2025|EPI_ISL_19726898,2024-12-26,3.0
A/Oregon/11/2025|EPI_ISL_19726898,2024-12-28,1.0
A/Oregon/11/2025|EPI_ISL_19726898,2024-12-29,3.0
A/Oregon/11/2025|EPI_ISL_19726898,2024-12-30,3.0
A/Oregon/11/2025|EPI_ISL_19726898,2024-12-31,6.0
A/Oregon/11/2025|EPI_ISL_19726898,2025-01-01,3.0
A/Oregon/11/2025|EPI_ISL_19726898,2025-01-02,4.0
A/Oregon/11/2025|EPI_ISL_19726898,2025-01-03,4.0
A/Oregon/11/2025|EPI_ISL_19726898,2025-01-04,3.0
A/Oregon/11/2025|EPI_ISL_19726898,2025-01-05,4.0
A/Oregon/11/2025|EPI_ISL_19726898,2025-01-06,10.0
A/Oregon/11/2025|EPI_ISL_19726898,2025-01-07,4.0
A/Oregon/11/2025|EPI_ISL_19726898,2025-01-08,6.0
A/Oregon/11/2025|EPI_ISL_19726898,2025-01-09,4.0
A/Oregon/11/2025|EPI_ISL_19726898,2025-01-10,2.0
A/Oregon/11/2025|EPI_ISL_19726898,2025-01-11,2.0
A/Oregon/11/2025|EPI_ISL_19726898,2025-01-12,1.0
A/Oregon/11/2025|EPI_ISL_19726898,2025-01-13,13.0
A/Oregon/11/2025|EPI_ISL_19726898,2025-01-14,8.0
A/Oregon/11/2025|EPI_ISL_19726898,2025-01-15,6.0
A/Oregon/11/2025|EPI_ISL_19726898,2025-01-16,6.0
A/Oregon/11/2025|EPI_ISL_19726898,2025-01-17,3.0
A/Oregon/11/2025|EPI_ISL_19726898,2025-01-18,2.0
A/Oregon/11/2025|EPI_ISL_19726898,2025-01-19,4.0
A/Oregon/11/2025|EPI_ISL_19726898,2025-01-20,9.0
A/Oregon/11/2025|EPI_ISL_19726898,2025-01-21,10.0
A/Oregon/11/2025|EPI_ISL_19726898,2025-01-22,4.0
A/Oregon/11/2025|EPI_ISL_19726898,2025-01-23,1.0
A/Oregon/11/2025|EPI_ISL_19726898,2025-01-24,9.0
A/Oregon/11/2025|EPI_ISL_19726898,2025-01-25,3.0
A/Oregon/11/2025|EPI_ISL_19726898,2025-01-27,7.0
A/Oregon/11/2025|EPI_ISL_19726898,2025-01-28,7.0
A/Oregon/11/2025|EPI_ISL_19726898,2025-01-29,6.0
A/Oregon/11/2025|EPI_ISL_19726898,2025-01-30,5.0
A/Oregon/11/2025|EPI_ISL_19726898,2025-01-31,2.0
A/Oregon/11/2025|EPI_ISL_19726898,2025-02-01,1.0
A/Oregon/11/2025|EPI_ISL_19726898,2025-02-02,5.0
A/Oregon/11/2025|EPI_ISL_19726898,2025-02-03,7.0
A/Oregon/11/2025|EPI_ISL_19726898,2025-02-04,8.0
A/Oregon/11/2025|EPI_ISL_19726898,2025-02-05,2.0
A/Oregon/11/2025|EPI_ISL_19726898,2025-02-06,7.0
A/Oregon/11/2025|EPI_ISL_19726898,2025-02-07,3.0
A/Oregon/11/2025|EPI_ISL_19726898,2025-02-09,1.0
A/Oregon/11/2025|EPI_ISL_19726898,2025-02-10,9.0
A/Oregon/11/2025|EPI_ISL_19726898,2025-02-11,2.0
A/Oregon/11/2025|EPI_ISL_19726898,2025-02-12,3.0
A/Oregon/11/2025|EPI_ISL_19726898,2025-02-13,4.0
A/Oregon/11/2025|EPI_ISL_19726898,2025-02-14,4.0
A/Oregon/11/2025|EPI_ISL_19726898,2025-02-15,1.0
A/Oregon/11/2025|EPI_ISL_19726898,2025-02-16,1.0
A/Oregon/11/2025|EPI_ISL_19726898,2025-02-17,3.0
A/Oregon/11/2025|EPI_ISL_19726898,2025-02-18,4.0
A/Oregon/11/2025|EPI_ISL_19726898,2025-02-19,4.0
A/Oregon/11/2025|EPI_ISL_19726898,2025-02-20,5.0
A/Oregon/11/2025|EPI_ISL_19726898,2025-02-21,2.0
A/Oregon/11/2025|EPI_ISL_19726898,2025-02-22,1.0
A/Oregon/11/2025|EPI_ISL_19726898,2025-02-24,4.0
A/Oregon/11/2025|EPI_ISL_19726898,2025-02-25,6.0
A/Oregon/11/2025|EPI_ISL_19726898,2025-02-26,2.0
A/Oregon/11/2025|EPI_ISL_19726898,2025-02-27,1.0
A/Oregon/11/2025|EPI_ISL_19726898,2025-03-03,4.0
A/Oregon/11/2025|EPI_ISL_19726898,2025-03-04,4.0
A/Oregon/11/2025|EPI_ISL_19726898,2025-03-05,3.0
A/Oregon/11/2025|EPI_ISL_19726898,2025-03-06,3.0
A/Oregon/11/2025|EPI_ISL_19726898,2025-03-07,2.0
A/Oregon/11/2025|EPI_ISL_19726898,2025-03-09,3.0
A/Oregon/11/2025|EPI_ISL_19726898,2025-03-10,1.0
A/Oregon/11/2025|EPI_ISL_19726898,2025-03-11,7.0
A/Oregon/11/2025|EPI_ISL_19726898,2025-03-12,3.0
A/Oregon/11/2025|EPI_ISL_19726898,2025-03-13,3.0
A/Oregon/11/2025|EPI_ISL_19726898,2025-03-14,2.0
A/Oregon/11/2025|EPI_ISL_19726898,2025-03-15,1.0
A/Oregon/11/2025|EPI_ISL_19726898,2025-03-17,1.0
A/Oregon/11/2025|EPI_ISL_19726898,2025-03-18,2.0
A/Oregon/11/2025|EPI_ISL_19726898,2025-03-19,2.0
A/Oregon/11/2025|EPI_ISL_19726898,2025-03-20,1.0
A/Oregon/11/2025|EPI_ISL_19726898,2025-03-21,1.0
A/Oregon/11/2025|EPI_ISL_19726898,2025-03-23,2.0
A/Oregon/11/2025|EPI_ISL_19726898,2025-03-24,2.0
A/Oregon/11/2025|EPI_ISL_19726898,2025-03-25,2.0
A/Oregon/11/2025|EPI_ISL_19726898,2025-03-26,5.0
A/Oregon/11/2025|EPI_ISL_19726898,2025-03-27,4.0
A/Oregon/11/2025|EPI_ISL_19726898,2025-03-30,1.0
A/Oregon/11/2025|EPI_ISL_19726898,2025-03-31,5.0
A/Oregon/11/2025|EPI_ISL_19726898,2025-04-01,3.0
A/Oregon/11/2025|EPI_ISL_19726898,2025-04-02,2.0
A/Oregon/11/2025|EPI_ISL_19726898,2025-04-03,1.0
A/Oregon/11/2025|EPI_ISL_19726898,2025-04-04,4.0
A/Oregon/11/2025|EPI_ISL_19726898,2025-04-05,1.0
A/Oregon/11/2025|EPI_ISL_19726898,2025-04-07,5.0
A/Oregon/11/2025|EPI_ISL_19726898,2025-04-08,1.0
A/Oregon/11/2025|EPI_ISL_19726898,2025-04-09,4.0
A/Oregon/11/2025|EPI_ISL_19726898,2025-04-10,1.0
A/Oregon/11/2025|EPI_ISL_19726898,2025-04-11,1.0
A/Oregon/11/2025|EPI_ISL_19726898,2025-04-12,4.0
A/Oregon/11/2025|EPI_ISL_19726898,2025-04-15,2.0
A/Oregon/11/2025|EPI_ISL_19726898,2025-04-16,2.0
A/Oregon/11/2025|EPI_ISL_19726898,2025-04-21,2.0
A/Oregon/11/2025|EPI_ISL_19726898,2025-04-22,1.0
A/Oregon/11/2025|EPI_ISL_19726898,2025-04-27,1.0
A/Oregon/11/2025|EPI_ISL_19726898,2025-04-28,1.0
A/Oregon/11/2025|EPI_ISL_19726898,2025-04-30,2.0
A/Oregon/11/2025|EPI_ISL_19726898,2025-05-07,2.0
A/Oregon/11/2025|EPI_ISL_19726898,2025-05-09,1.0
A/Oregon/11/2025|EPI_ISL_19726898,2025-05-11,1.0
A/Oregon/11/2025|EPI_ISL_19726898,2025-05-14,1.0
A/Oregon/11/2025|EPI_ISL_19726898,2025-05-24,1.0
A/Oregon/11/2025|EPI_ISL_19726898,2025-06-03,1.0
A/Oregon/11/2025|EPI_ISL_19726898,2025-06-07,1.0
A/Oregon/11/2025|EPI_ISL_19726898,2025-06-15,1.0
A/Oregon/11/2025|EPI_ISL_19726898,2025-06-19,2.0
A/Oregon/261/2024|EPI_ISL_19628222,2024-07-11,1.0
A/Oregon/261/2024|EPI_ISL_19628222,2024-09-18,1.0
A/Oregon/261/2024|EPI_ISL_19628222,2024-09-28,1.0
A/Oregon/261/2024|EPI_ISL_19628222,2024-09-30,1.0
A/Oregon/261/2024|EPI_ISL_19628222,2024-10-10,1.0
A/Oregon/261/2024|EPI_ISL_19628222,2024-10-11,1.0
A/Oregon/261/2024|EPI_ISL_19628222,2024-10-12,1.0
A/Oregon/261/2024|EPI_ISL_19628222,2024-10-13,1.0
A/Oregon/261/2024|EPI_ISL_19628222,2024-10-16,1.0
A/Oregon/261/2024|EPI_ISL_19628222,2024-10-17,3.0
A/Oregon/261/2024|EPI_ISL_19628222,2024-10-19,2.0
A/Oregon/261/2024|EPI_ISL_19628222,2024-10-21,3.0
A/Oregon/261/2024|EPI_ISL_19628222,2024-10-22,4.0
A/Oregon/261/2024|EPI_ISL_19628222,2024-10-23,1.0
A/Oregon/261/2024|EPI_ISL_19628222,2024-10-24,1.0
A/Oregon/261/2024|EPI_ISL_19628222,2024-10-26,1.0
A/Oregon/261/2024|EPI_ISL_19628222,2024-10-28,2.0
A/Oregon/261/2024|EPI_ISL_19628222,2024-10-29,3.0
A/Oregon/261/2024|EPI_ISL_19628222,2024-11-02,1.0
A/Oregon/261/2024|EPI_ISL_19628222,2024-11-04,1.0
A/Oregon/261/2024|EPI_ISL_19628222,2024-11-05,1.0
A/Oregon/261/2024|EPI_ISL_19628222,2024-11-07,3.0
A/Oregon/261/2024|EPI_ISL_19628222,2024-11-12,2.0
A/Oregon/261/2024|EPI_ISL_19628222,2024-11-13,1.0
A/Oregon/261/2024|EPI_ISL_19628222,2024-11-15,2.0
A/Oregon/261/2024|EPI_ISL_19628222,2024-11-20,2.0
A/Oregon/261/2024|EPI_ISL_19628222,2024-11-23,1.0
A/Oregon/261/2024|EPI_ISL_19628222,2024-11-28,1.0
A/Oregon/261/2024|EPI_ISL_19628222,2024-12-01,1.0
A/Oregon/261/2024|EPI_ISL_19628222,2024-12-02,4.0
A/Oregon/261/2024|EPI_ISL_19628222,2024-12-05,2.0
A/Oregon/261/2024|EPI_ISL_19628222,2024-12-08,1.0
A/Oregon/261/2024|EPI_ISL_19628222,2024-12-09,2.0
A/Oregon/261/2024|EPI_ISL_19628222,2024-12-12,1.0
A/Oregon/261/2024|EPI_ISL_19628222,2024-12-16,1.0
A/Oregon/261/2024|EPI_ISL_19628222,2024-12-21,1.0
A/Oregon/261/2024|EPI_ISL_19628222,2024-12-24,3.0
A/Oregon/261/2024|EPI_ISL_19628222,2024-12-25,1.0
A/Oregon/261/2024|EPI_ISL_19628222,2024-12-27,3.0
A/Oregon/261/2024|EPI_ISL_19628222,2024-12-30,3.0
A/Oregon/261/2024|EPI_ISL_19628222,2025-01-05,1.0
A/Oregon/261/2024|EPI_ISL_19628222,2025-01-08,1.0
A/Oregon/261/2024|EPI_ISL_19628222,2025-01-10,1.0
A/Oregon/261/2024|EPI_ISL_19628222,2025-01-12,1.0
A/Oregon/261/2024|EPI_ISL_19628222,2025-01-13,2.0
A/Oregon/261/2024|EPI_ISL_19628222,2025-01-15,1.0
A/Oregon/261/2024|EPI_ISL_19628222,2025-01-16,1.0
A/Oregon/261/2024|EPI_ISL_19628222,2025-01-18,1.0
A/Oregon/261/2024|EPI_ISL_19628222,2025-01-21,1.0
A/Oregon/261/2024|EPI_ISL_19628222,2025-03-06,1.0
A/Oregon/261/2024|EPI_ISL_19628222,2025-03-19,1.0
A/Pakistan/306/2024|EPI_ISL_19678641,2024-05-04,1.0
A/Pakistan/306/2024|EPI_ISL_19678641,2024-05-05,1.0
A/Pakistan/306/2024|EPI_ISL_19678641,2024-05-06,1.0
A/Pakistan/306/2024|EPI_ISL_19678641,2024-05-07,1.0
A/Pakistan/306/2024|EPI_ISL_19678641,2024-05-10,1.0
A/Pakistan/306/2024|EPI_ISL_19678641,2024-08-28,1.0
A/Pakistan/306/2024|EPI_ISL_19678641,2024-09-01,1.0
A/Pakistan/306/2024|EPI_ISL_19678641,2024-09-02,1.0
A/Pakistan/306/2024|EPI_ISL_19678641,2024-09-04,1.0
A/Pakistan/306/2024|EPI_ISL_19678641,2024-09-07,1.0
A/Pakistan/306/2024|EPI_ISL_19678641,2024-09-09,2.0
A/Pakistan/306/2024|EPI_ISL_19678641,2024-09-10,3.0
A/Pakistan/306/2024|EPI_ISL_19678641,2024-09-11,1.0
A/Pakistan/306/2024|EPI_ISL_19678641,2024-09-13,1.0
A/Pakistan/306/2024|EPI_ISL_19678641,2024-09-18,3.0
A/Pakistan/306/2024|EPI_ISL_19678641,2024-09-20,1.0
A/Pakistan/306/2024|EPI_ISL_19678641,2024-09-22,1.0
A/Pakistan/306/2024|EPI_ISL_19678641,2024-09-23,3.0
A/Pakistan/306/2024|EPI_ISL_19678641,2024-09-24,2.0
A/Pakistan/306/2024|EPI_ISL_19678641,2024-09-25,4.0
A/Pakistan/306/2024|EPI_ISL_19678641,2024-09-26,1.0
A/Pakistan/306/2024|EPI_ISL_19678641,2024-10-03,1.0
A/Pakistan/306/2024|EPI_ISL_19678641,2024-10-05,1.0
A/Pakistan/306/2024|EPI_ISL_19678641,2024-10-10,1.0
A/Pakistan/306/2024|EPI_ISL_19678641,2024-10-12,1.0
A/Pakistan/306/2024|EPI_ISL_19678641,2024-10-14,1.0
A/Pakistan/306/2024|EPI_ISL_19678641,2024-10-15,1.0
A/Pakistan/306/2024|EPI_ISL_19678641,2024-10-16,1.0
A/Pakistan/306/2024|EPI_ISL_19678641,2024-10-18,2.0
A/Pakistan/306/2024|EPI_ISL_19678641,2024-10-21,1.0
A/Pakistan/306/2024|EPI_ISL_19678641,2024-10-22,3.0
A/Pakistan/306/2024|EPI_ISL_19678641,2024-10-24,1.0
A/Pakistan/306/2024|EPI_ISL_19678641,2024-10-28,1.0
A/Pakistan/306/2024|EPI_ISL_19678641,2024-10-31,1.0
A/Pakistan/306/2024|EPI_ISL_19678641,2024-11-12,1.0
A/Pakistan/306/2024|EPI_ISL_19678641,2024-11-21,1.0
A/Pakistan/306/2024|EPI_ISL_19678641,2024-11-22,1.0
A/Pakistan/306/2024|EPI_ISL_19678641,2024-11-27,1.0
A/Pakistan/306/2024|EPI_ISL_19678641,2024-11-30,1.0
A/Pakistan/306/2024|EPI_ISL_19678641,2024-12-01,2.0
A/Pakistan/306/2024|EPI_ISL_19678641,2024-12-02,1.0
A/Pakistan/306/2024|EPI_ISL_19678641,2024-12-05,2.0
A/Pakistan/306/2024|EPI_ISL_19678641,2024-12-12,1.0
A/Pakistan/306/2024|EPI_ISL_19678641,2024-12-18,1.0
A/Pakistan/306/2024|EPI_ISL_19678641,2024-12-20,2.0
A/Pakistan/306/2024|EPI_ISL_19678641,2024-12-23,1.0
A/Pakistan/306/2024|EPI_ISL_19678641,2024-12-24,1.0
A/Pakistan/306/2024|EPI_ISL_19678641,2024-12-28,1.0
A/Pakistan/306/2024|EPI_ISL_19678641,2024-12-29,2.0
A/Pakistan/306/2024|EPI_ISL_19678641,2024-12-30,1.0
A/Pakistan/306/2024|EPI_ISL_19678641,2024-12-31,3.0
A/Pakistan/306/2024|EPI_ISL_19678641,2025-01-02,1.0
A/Pakistan/306/2024|EPI_ISL_19678641,2025-01-06,1.0
A/Pakistan/306/2024|EPI_ISL_19678641,2025-01-08,1.0
A/Pakistan/306/2024|EPI_ISL_19678641,2025-01-09,1.0
A/Pakistan/306/2024|EPI_ISL_19678641,2025-01-12,3.0
A/Pakistan/306/2024|EPI_ISL_19678641,2025-01-14,2.0
A/Pakistan/306/2024|EPI_ISL_19678641,2025-01-15,2.0
A/Pakistan/306/2024|EPI_ISL_19678641,2025-01-18,2.0
A/Pakistan/306/2024|EPI_ISL_19678641,2025-01-20,1.0
A/Pakistan/306/2024|EPI_ISL_19678641,2025-01-22,1.0
A/Pakistan/306/2024|EPI_ISL_19678641,2025-01-23,1.0
A/Pakistan/306/2024|EPI_ISL_19678641,2025-01-27,1.0
A/Pakistan/306/2024|EPI_ISL_19678641,2025-01-30,1.0
A/Pakistan/306/2024|EPI_ISL_19678641,2025-02-04,1.0
A/Pakistan/306/2024|EPI_ISL_19678641,2025-02-06,1.0
A/Pakistan/306/2024|EPI_ISL_19678641,2025-02-14,1.0
A/Pakistan/306/2024|EPI_ISL_19678641,2025-02-16,1.0
A/Pakistan/306/2024|EPI_ISL_19678641,2025-03-04,1.0
A/Pakistan/306/2024|EPI_ISL_19678641,2025-03-07,1.0
A/Qatar/83328/2024|EPI_ISL_19686976,2024-05-15,1.0
A/Qatar/83328/2024|EPI_ISL_19686976,2024-06-17,1.0
A/Qatar/83328/2024|EPI_ISL_19686976,2024-06-18,1.0
A/Qatar/83328/2024|EPI_ISL_19686976,2024-06-24,2.0
A/Qatar/83328/2024|EPI_ISL_19686976,2024-06-26,1.0
A/Qatar/83328/2024|EPI_ISL_19686976,2024-07-02,1.0
A/Qatar/83328/2024|EPI_ISL_19686976,2024-07-16,1.0
A/Qatar/83328/2024|EPI_ISL_19686976,2024-07-17,1.0
A/Qatar/83328/2024|EPI_ISL_19686976,2024-07-18,2.0
A/Qatar/83328/2024|EPI_ISL_19686976,2024-07-20,1.0
A/Qatar/83328/2024|EPI_ISL_19686976,2024-07-22,1.0
A/Qatar/83328/2024|EPI_ISL_19686976,2024-07-23,4.0
A/Qatar/83328/2024|EPI_ISL_19686976,2024-07-25,1.0
A/Qatar/83328/2024|EPI_ISL_19686976,2024-07-29,1.0
A/Qatar/83328/2024|EPI_ISL_19686976,2024-07-31,1.0
A/Qatar/83328/2024|EPI_ISL_19686976,2024-08-05,1.0
A/Qatar/83328/2024|EPI_ISL_19686976,2024-08-07,1.0
A/Qatar/83328/2024|EPI_ISL_19686976,2024-08-08,3.0
A/Qatar/83328/2024|EPI_ISL_19686976,2024-08-09,2.0
A/Qatar/83328/2024|EPI_ISL_19686976,2024-08-10,1.0
A/Qatar/83328/2024|EPI_ISL_19686976,2024-08-11,3.0
A/Qatar/83328/2024|EPI_ISL_19686976,2024-08-12,1.0
A/Qatar/83328/2024|EPI_ISL_19686976,2024-08-13,2.0
A/Qatar/83328/2024|EPI_ISL_19686976,2024-08-14,1.0
A/Qatar/83328/2024|EPI_ISL_19686976,2024-08-16,1.0
A/Qatar/83328/2024|EPI_ISL_19686976,2024-08-17,2.0
A/Qatar/83328/2024|EPI_ISL_19686976,2024-08-18,1.0
A/Qatar/83328/2024|EPI_ISL_19686976,2024-08-19,2.0
A/Qatar/83328/2024|EPI_ISL_19686976,2024-08-22,2.0
A/Qatar/83328/2024|EPI_ISL_19686976,2024-08-23,3.0
A/Qatar/83328/2024|EPI_ISL_19686976,2024-08-24,2.0
A/Qatar/83328/2024|EPI_ISL_19686976,2024-08-27,1.0
A/Qatar/83328/2024|EPI_ISL_19686976,2024-08-28,1.0
A/Qatar/83328/2024|EPI_ISL_19686976,2024-08-29,1.0
A/Qatar/83328/2024|EPI_ISL_19686976,2024-08-30,4.0
A/Qatar/83328/2024|EPI_ISL_19686976,2024-08-31,1.0
A/Qatar/83328/2024|EPI_ISL_19686976,2024-09-02,3.0
A/Qatar/83328/2024|EPI_ISL_19686976,2024-09-03,1.0
A/Qatar/83328/2024|EPI_ISL_19686976,2024-09-04,3.0
A/Qatar/83328/2024|EPI_ISL_19686976,2024-09-05,3.0
A/Qatar/83328/2024|EPI_ISL_19686976,2024-09-06,3.0
A/Qatar/83328/2024|EPI_ISL_19686976,2024-09-08,2.0
A/Qatar/83328/2024|EPI_ISL_19686976,2024-09-09,3.0
A/Qatar/83328/2024|EPI_ISL_19686976,2024-09-10,4.0
A/Qatar/83328/2024|EPI_ISL_19686976,2024-09-11,3.0
A/Qatar/83328/2024|EPI_ISL_19686976,2024-09-12,6.0
A/Qatar/83328/2024|EPI_ISL_19686976,2024-09-13,5.0
A/Qatar/83328/2024|EPI_ISL_19686976,2024-09-14,1.0
A/Qatar/83328/2024|EPI_ISL_19686976,2024-09-16,3.0
A/Qatar/83328/2024|EPI_ISL_19686976,2024-09-17,2.0
A/Qatar/83328/2024|EPI_ISL_19686976,2024-09-18,1.0
A/Qatar/83328/2024|EPI_ISL_19686976,2024-09-19,7.0
A/Qatar/83328/2024|EPI_ISL_19686976,2024-09-20,5.0
A/Qatar/83328/2024|EPI_ISL_19686976,2024-09-22,1.0
A/Qatar/83328/2024|EPI_ISL_19686976,2024-09-24,3.0
A/Qatar/83328/2024|EPI_ISL_19686976,2024-09-25,3.0
A/Qatar/83328/2024|EPI_ISL_19686976,2024-09-26,5.0
A/Qatar/83328/2024|EPI_ISL_19686976,2024-09-27,1.0
A/Qatar/83328/2024|EPI_ISL_19686976,2024-09-30,3.0
A/Qatar/83328/2024|EPI_ISL_19686976,2024-10-01,1.0
A/Qatar/83328/2024|EPI_ISL_19686976,2024-10-02,1.0
A/Qatar/83328/2024|EPI_ISL_19686976,2024-10-03,1.0
A/Qatar/83328/2024|EPI_ISL_19686976,2024-10-05,1.0
A/Qatar/83328/2024|EPI_ISL_19686976,2024-10-07,3.0
A/Qatar/83328/2024|EPI_ISL_19686976,2024-10-08,3.0
A/Qatar/83328/2024|EPI_ISL_19686976,2024-10-09,3.0
A/Qatar/83328/2024|EPI_ISL_19686976,2024-10-10,2.0
A/Qatar/83328/2024|EPI_ISL_19686976,2024-10-11,5.0
A/Qatar/83328/2024|EPI_ISL_19686976,2024-10-12,1.0
A/Qatar/83328/2024|EPI_ISL_19686976,2024-10-14,3.0
A/Qatar/83328/2024|EPI_ISL_19686976,2024-10-15,4.0
A/Qatar/83328/2024|EPI_ISL_19686976,2024-10-16,8.0
A/Qatar/83328/2024|EPI_ISL_19686976,2024-10-17,2.0
A/Qatar/83328/2024|EPI_ISL_19686976,2024-10-18,4.0
A/Qatar/83328/2024|EPI_ISL_19686976,2024-10-19,6.0
A/Qatar/83328/2024|EPI_ISL_19686976,2024-10-21,5.0
A/Qatar/83328/2024|EPI_ISL_19686976,2024-10-22,6.0
A/Qatar/83328/2024|EPI_ISL_19686976,2024-10-23,12.0
A/Qatar/83328/2024|EPI_ISL_19686976,2024-10-24,10.0
A/Qatar/83328/2024|EPI_ISL_19686976,2024-10-25,10.0
A/Qatar/83328/2024|EPI_ISL_19686976,2024-10-26,2.0
A/Qatar/83328/2024|EPI_ISL_19686976,2024-10-27,2.0
A/Qatar/83328/2024|EPI_ISL_19686976,2024-10-28,15.0
A/Qatar/83328/2024|EPI_ISL_19686976,2024-10-29,5.0
A/Qatar/83328/2024|EPI_ISL_19686976,2024-10-30,7.0
A/Qatar/83328/2024|EPI_ISL_19686976,2024-10-31,7.0
A/Qatar/83328/2024|EPI_ISL_19686976,2024-11-01,6.0
A/Qatar/83328/2024|EPI_ISL_19686976,2024-11-02,3.0
A/Qatar/83328/2024|EPI_ISL_19686976,2024-11-03,3.0
A/Qatar/83328/2024|EPI_ISL_19686976,2024-11-04,4.0
A/Qatar/83328/2024|EPI_ISL_19686976,2024-11-05,9.0
A/Qatar/83328/2024|EPI_ISL_19686976,2024-11-06,8.0
A/Qatar/83328/2024|EPI_ISL_19686976,2024-11-07,15.0
A/Qatar/83328/2024|EPI_ISL_19686976,2024-11-08,2.0
A/Qatar/83328/2024|EPI_ISL_19686976,2024-11-09,4.0
A/Qatar/83328/2024|EPI_ISL_19686976,2024-11-10,6.0
A/Qatar/83328/2024|EPI_ISL_19686976,2024-11-11,8.0
A/Qatar/83328/2024|EPI_ISL_19686976,2024-11-12,13.0
A/Qatar/83328/2024|EPI_ISL_19686976,2024-11-13,16.0
A/Qatar/83328/2024|EPI_ISL_19686976,2024-11-14,11.0
A/Qatar/83328/2024|EPI_ISL_19686976,2024-11-15,10.0
A/Qatar/83328/2024|EPI_ISL_19686976,2024-11-16,7.0
A/Qatar/83328/2024|EPI_ISL_19686976,2024-11-17,3.0
A/Qatar/83328/2024|EPI_ISL_19686976,2024-11-18,14.0
A/Qatar/83328/2024|EPI_ISL_19686976,2024-11-19,13.0
A/Qatar/83328/2024|EPI_ISL_19686976,2024-11-20,13.0
A/Qatar/83328/2024|EPI_ISL_19686976,2024-11-21,12.0
A/Qatar/83328/2024|EPI_ISL_19686976,2024-11-22,9.0
A/Qatar/83328/2024|EPI_ISL_19686976,2024-11-23,10.0
A/Qatar/83328/2024|EPI_ISL_19686976,2024-11-24,14.0
A/Qatar/83328/2024|EPI_ISL_19686976,2024-11-25,21.0
A/Qatar/83328/2024|EPI_ISL_19686976,2024-11-26,19.0
A/Qatar/83328/2024|EPI_ISL_19686976,2024-11-27,22.0
A/Qatar/83328/2024|EPI_ISL_19686976,2024-11-28,13.0
A/Qatar/83328/2024|EPI_ISL_19686976,2024-11-29,18.0
A/Qatar/83328/2024|EPI_ISL_19686976,2024-11-30,3.0
A/Qatar/83328/2024|EPI_ISL_19686976,2024-12-01,15.0
A/Qatar/83328/2024|EPI_ISL_19686976,2024-12-02,23.0
A/Qatar/83328/2024|EPI_ISL_19686976,2024-12-03,14.0
A/Qatar/83328/2024|EPI_ISL_19686976,2024-12-04,14.0
A/Qatar/83328/2024|EPI_ISL_19686976,2024-12-05,24.0
A/Qatar/83328/2024|EPI_ISL_19686976,2024-12-06,14.0
A/Qatar/83328/2024|EPI_ISL_19686976,2024-12-07,16.0
A/Qatar/83328/2024|EPI_ISL_19686976,2024-12-08,9.0
A/Qatar/83328/2024|EPI_ISL_19686976,2024-12-09,25.0
A/Qatar/83328/2024|EPI_ISL_19686976,2024-12-10,40.0
A/Qatar/83328/2024|EPI_ISL_19686976,2024-12-11,25.0
A/Qatar/83328/2024|EPI_ISL_19686976,2024-12-12,21.0
A/Qatar/83328/2024|EPI_ISL_19686976,2024-12-13,29.0
A/Qatar/83328/2024|EPI_ISL_19686976,2024-12-14,14.0
A/Qatar/83328/2024|EPI_ISL_19686976,2024-12-15,15.0
A/Qatar/83328/2024|EPI_ISL_19686976,2024-12-16,41.0
A/Qatar/83328/2024|EPI_ISL_19686976,2024-12-17,37.0
A/Qatar/83328/2024|EPI_ISL_19686976,2024-12-18,22.0
A/Qatar/83328/2024|EPI_ISL_19686976,2024-12-19,33.0
A/Qatar/83328/2024|EPI_ISL_19686976,2024-12-20,26.0
A/Qatar/83328/2024|EPI_ISL_19686976,2024-12-21,16.0
A/Qatar/83328/2024|EPI_ISL_19686976,2024-12-22,22.0
A/Qatar/83328/2024|EPI_ISL_19686976,2024-12-23,34.0
A/Qatar/83328/2024|EPI_ISL_19686976,2024-12-24,22.0
A/Qatar/83328/2024|EPI_ISL_19686976,2024-12-25,7.0
A/Qatar/83328/2024|EPI_ISL_19686976,2024-12-26,22.0
A/Qatar/83328/2024|EPI_ISL_19686976,2024-12-27,37.0
A/Qatar/83328/2024|EPI_ISL_19686976,2024-12-28,9.0
A/Qatar/83328/2024|EPI_ISL_19686976,2024-12-29,16.0
A/Qatar/83328/2024|EPI_ISL_19686976,2024-12-30,41.0
A/Qatar/83328/2024|EPI_ISL_19686976,2024-12-31,31.0
A/Qatar/83328/2024|EPI_ISL_19686976,2025-01-01,14.0
A/Qatar/83328/2024|EPI_ISL_19686976,2025-01-02,35.0
A/Qatar/83328/2024|EPI_ISL_19686976,2025-01-03,28.0
A/Qatar/83328/2024|EPI_ISL_19686976,2025-01-04,23.0
A/Qatar/83328/2024|EPI_ISL_19686976,2025-01-05,18.0
A/Qatar/83328/2024|EPI_ISL_19686976,2025-01-06,33.0
A/Qatar/83328/2024|EPI_ISL_19686976,2025-01-07,35.0
A/Qatar/83328/2024|EPI_ISL_19686976,2025-01-08,28.0
A/Qatar/83328/2024|EPI_ISL_19686976,2025-01-09,43.0
A/Qatar/83328/2024|EPI_ISL_19686976,2025-01-10,28.0
A/Qatar/83328/2024|EPI_ISL_19686976,2025-01-11,20.0
A/Qatar/83328/2024|EPI_ISL_19686976,2025-01-12,12.0
A/Qatar/83328/2024|EPI_ISL_19686976,2025-01-13,37.0
A/Qatar/83328/2024|EPI_ISL_19686976,2025-01-14,42.0
A/Qatar/83328/2024|EPI_ISL_19686976,2025-01-15,44.0
A/Qatar/83328/2024|EPI_ISL_19686976,2025-01-16,29.0
A/Qatar/83328/2024|EPI_ISL_19686976,2025-01-17,30.0
A/Qatar/83328/2024|EPI_ISL_19686976,2025-01-18,23.0
A/Qatar/83328/2024|EPI_ISL_19686976,2025-01-19,17.0
A/Qatar/83328/2024|EPI_ISL_19686976,2025-01-20,33.0
A/Qatar/83328/2024|EPI_ISL_19686976,2025-01-21,35.0
A/Qatar/83328/2024|EPI_ISL_19686976,2025-01-22,36.0
A/Qatar/83328/2024|EPI_ISL_19686976,2025-01-23,33.0
A/Qatar/83328/2024|EPI_ISL_19686976,2025-01-24,15.0
A/Qatar/83328/2024|EPI_ISL_19686976,2025-01-25,19.0
A/Qatar/83328/2024|EPI_ISL_19686976,2025-01-26,8.0
A/Qatar/83328/2024|EPI_ISL_19686976,2025-01-27,36.0
A/Qatar/83328/2024|EPI_ISL_19686976,2025-01-28,36.0
A/Qatar/83328/2024|EPI_ISL_19686976,2025-01-29,24.0
A/Qatar/83328/2024|EPI_ISL_19686976,2025-01-30,32.0
A/Qatar/83328/2024|EPI_ISL_19686976,2025-01-31,17.0
A/Qatar/83328/2024|EPI_ISL_19686976,2025-02-01,9.0
A/Qatar/83328/2024|EPI_ISL_19686976,2025-02-02,9.0
A/Qatar/83328/2024|EPI_ISL_19686976,2025-02-03,26.0
A/Qatar/83328/2024|EPI_ISL_19686976,2025-02-04,26.0
A/Qatar/83328/2024|EPI_ISL_19686976,2025-02-05,15.0
A/Qatar/83328/2024|EPI_ISL_19686976,2025-02-06,17.0
A/Qatar/83328/2024|EPI_ISL_19686976,2025-02-07,10.0
A/Qatar/83328/2024|EPI_ISL_19686976,2025-02-08,6.0
A/Qatar/83328/2024|EPI_ISL_19686976,2025-02-09,11.0
A/Qatar/83328/2024|EPI_ISL_19686976,2025-02-10,16.0
A/Qatar/83328/2024|EPI_ISL_19686976,2025-02-11,12.0
A/Qatar/83328/2024|EPI_ISL_19686976,2025-02-12,17.0
A/Qatar/83328/2024|EPI_ISL_19686976,2025-02-13,15.0
A/Qatar/83328/2024|EPI_ISL_19686976,2025-02-14,19.0
A/Qatar/83328/2024|EPI_ISL_19686976,2025-02-15,3.0
A/Qatar/83328/2024|EPI_ISL_19686976,2025-02-16,4.0
A/Qatar/83328/2024|EPI_ISL_19686976,2025-02-17,18.0
A/Qatar/83328/2024|EPI_ISL_19686976,2025-02-18,11.0
A/Qatar/83328/2024|EPI_ISL_19686976,2025-02-19,22.0
A/Qatar/83328/2024|EPI_ISL_19686976,2025-02-20,14.0
A/Qatar/83328/2024|EPI_ISL_19686976,2025-02-21,9.0
A/Qatar/83328/2024|EPI_ISL_19686976,2025-02-22,3.0
A/Qatar/83328/2024|EPI_ISL_19686976,2025-02-23,4.0
A/Qatar/83328/2024|EPI_ISL_19686976,2025-02-24,12.0
A/Qatar/83328/2024|EPI_ISL_19686976,2025-02-25,13.0
A/Qatar/83328/2024|EPI_ISL_19686976,2025-02-26,10.0
A/Qatar/83328/2024|EPI_ISL_19686976,2025-02-27,9.0
A/Qatar/83328/2024|EPI_ISL_19686976,2025-02-28,4.0
A/Qatar/83328/2024|EPI_ISL_19686976,2025-03-01,2.0
A/Qatar/83328/2024|EPI_ISL_19686976,2025-03-02,3.0
A/Qatar/83328/2024|EPI_ISL_19686976,2025-03-03,10.0
A/Qatar/83328/2024|EPI_ISL_19686976,2025-03-04,7.0
A/Qatar/83328/2024|EPI_ISL_19686976,2025-03-05,2.0
A/Qatar/83328/2024|EPI_ISL_19686976,2025-03-06,7.0
A/Qatar/83328/2024|EPI_ISL_19686976,2025-03-07,9.0
A/Qatar/83328/2024|EPI_ISL_19686976,2025-03-08,6.0
A/Qatar/83328/2024|EPI_ISL_19686976,2025-03-09,2.0
A/Qatar/83328/2024|EPI_ISL_19686976,2025-03-10,7.0
A/Qatar/83328/2024|EPI_ISL_19686976,2025-03-11,2.0
A/Qatar/83328/2024|EPI_ISL_19686976,2025-03-12,5.0
A/Qatar/83328/2024|EPI_ISL_19686976,2025-03-13,3.0
A/Qatar/83328/2024|EPI_ISL_19686976,2025-03-14,5.0
A/Qatar/83328/2024|EPI_ISL_19686976,2025-03-16,3.0
A/Qatar/83328/2024|EPI_ISL_19686976,2025-03-17,4.0
A/Qatar/83328/2024|EPI_ISL_19686976,2025-03-18,2.0
A/Qatar/83328/2024|EPI_ISL_19686976,2025-03-19,1.0
A/Qatar/83328/2024|EPI_ISL_19686976,2025-03-21,4.0
A/Qatar/83328/2024|EPI_ISL_19686976,2025-03-24,4.0
A/Qatar/83328/2024|EPI_ISL_19686976,2025-03-26,2.0
A/Qatar/83328/2024|EPI_ISL_19686976,2025-03-27,3.0
A/Qatar/83328/2024|EPI_ISL_19686976,2025-03-28,1.0
A/Qatar/83328/2024|EPI_ISL_19686976,2025-03-29,1.0
A/Qatar/83328/2024|EPI_ISL_19686976,2025-03-30,1.0
A/Qatar/83328/2024|EPI_ISL_19686976,2025-03-31,6.0
A/Qatar/83328/2024|EPI_ISL_19686976,2025-04-01,2.0
A/Qatar/83328/2024|EPI_ISL_19686976,2025-04-02,1.0
A/Qatar/83328/2024|EPI_ISL_19686976,2025-04-03,2.0
A/Qatar/83328/2024|EPI_ISL_19686976,2025-04-04,2.0
A/Qatar/83328/2024|EPI_ISL_19686976,2025-04-05,1.0
A/Qatar/83328/2024|EPI_ISL_19686976,2025-04-06,1.0
A/Qatar/83328/2024|EPI_ISL_19686976,2025-04-07,1.0
A/Qatar/83328/2024|EPI_ISL_19686976,2025-04-09,1.0
A/Qatar/83328/2024|EPI_ISL_19686976,2025-04-10,6.0
A/Qatar/83328/2024|EPI_ISL_19686976,2025-04-11,2.0
A/Qatar/83328/2024|EPI_ISL_19686976,2025-04-12,1.0
A/Qatar/83328/2024|EPI_ISL_19686976,2025-04-14,1.0
A/Qatar/83328/2024|EPI_ISL_19686976,2025-04-15,4.0
A/Qatar/83328/2024|EPI_ISL_19686976,2025-04-16,2.0
A/Qatar/83328/2024|EPI_ISL_19686976,2025-04-17,2.0
A/Qatar/83328/2024|EPI_ISL_19686976,2025-04-19,3.0
A/Qatar/83328/2024|EPI_ISL_19686976,2025-04-23,2.0
A/Qatar/83328/2024|EPI_ISL_19686976,2025-04-24,1.0
A/Qatar/83328/2024|EPI_ISL_19686976,2025-04-26,1.0
A/Qatar/83328/2024|EPI_ISL_19686976,2025-04-29,1.0
A/Qatar/83328/2024|EPI_ISL_19686976,2025-05-05,1.0
A/Qatar/83328/2024|EPI_ISL_19686976,2025-05-09,1.0
A/Qatar/83328/2024|EPI_ISL_19686976,2025-05-19,1.0
A/Qatar/83328/2024|EPI_ISL_19686976,2025-06-19,1.0
A/Qatar/83328/2024|EPI_ISL_19686976,2025-06-27,1.0
A/Qinghai-Chengzhong/SWL1410/2024|EPI_ISL_19599394,2024-05-31,1.0
A/Qinghai-Chengzhong/SWL1410/2024|EPI_ISL_19599394,2024-06-05,1.0
A/Qinghai-Chengzhong/SWL1410/2024|EPI_ISL_19599394,2024-06-06,1.0
A/Qinghai-Chengzhong/SWL1410/2024|EPI_ISL_19599394,2024-06-13,1.0
A/Qinghai-Chengzhong/SWL1410/2024|EPI_ISL_19599394,2024-07-09,1.0
A/Qinghai-Chengzhong/SWL1410/2024|EPI_ISL_19599394,2024-07-21,1.0
A/Qinghai-Chengzhong/SWL1410/2024|EPI_ISL_19599394,2024-07-30,1.0
A/Qinghai-Chengzhong/SWL1410/2024|EPI_ISL_19599394,2024-07-31,1.0
A/Qinghai-Chengzhong/SWL1410/2024|EPI_ISL_19599394,2024-08-01,1.0
A/Qinghai-Chengzhong/SWL1410/2024|EPI_ISL_19599394,2024-08-07,2.0
A/Qinghai-Chengzhong/SWL1410/2024|EPI_ISL_19599394,2024-08-23,1.0
A/Qinghai-Chengzhong/SWL1410/2024|EPI_ISL_19599394,2024-09-05,1.0
A/Qinghai-Chengzhong/SWL1410/2024|EPI_ISL_19599394,2024-10-05,1.0
A/Qinghai-Chengzhong/SWL1410/2024|EPI_ISL_19599394,2024-10-20,1.0
A/Qinghai-Chengzhong/SWL1410/2024|EPI_ISL_19599394,2024-10-22,1.0
A/Qinghai-Chengzhong/SWL1410/2024|EPI_ISL_19599394,2024-10-25,2.0
A/Qinghai-Chengzhong/SWL1410/2024|EPI_ISL_19599394,2024-12-31,1.0
A/Qinghai-Chengzhong/SWL1410/2024|EPI_ISL_19599394,2025-01-02,1.0
A/Qinghai-Chengzhong/SWL1410/2024|EPI_ISL_19599394,2025-01-05,2.0
A/Qinghai-Chengzhong/SWL1410/2024|EPI_ISL_19599394,2025-01-10,1.0
A/Qinghai-Chengzhong/SWL1410/2024|EPI_ISL_19599394,2025-01-13,2.0
A/Qinghai-Chengzhong/SWL1410/2024|EPI_ISL_19599394,2025-01-14,2.0
A/Qinghai-Chengzhong/SWL1410/2024|EPI_ISL_19599394,2025-01-20,2.0
A/Qinghai-Chengzhong/SWL1410/2024|EPI_ISL_19599394,2025-01-21,1.0
A/Qinghai-Chengzhong/SWL1410/2024|EPI_ISL_19599394,2025-01-22,1.0
A/Qinghai-Chengzhong/SWL1410/2024|EPI_ISL_19599394,2025-01-23,3.0
A/Qinghai-Chengzhong/SWL1410/2024|EPI_ISL_19599394,2025-01-24,1.0
A/Qinghai-Chengzhong/SWL1410/2024|EPI_ISL_19599394,2025-01-27,3.0
A/Qinghai-Chengzhong/SWL1410/2024|EPI_ISL_19599394,2025-01-29,1.0
A/Qinghai-Chengzhong/SWL1410/2024|EPI_ISL_19599394,2025-01-31,1.0
A/Qinghai-Chengzhong/SWL1410/2024|EPI_ISL_19599394,2025-02-01,2.0
A/Qinghai-Chengzhong/SWL1410/2024|EPI_ISL_19599394,2025-02-02,2.0
A/Qinghai-Chengzhong/SWL1410/2024|EPI_ISL_19599394,2025-02-03,7.0
A/Qinghai-Chengzhong/SWL1410/2024|EPI_ISL_19599394,2025-02-04,2.0
A/Qinghai-Chengzhong/SWL1410/2024|EPI_ISL_19599394,2025-02-05,1.0
A/Qinghai-Chengzhong/SWL1410/2024|EPI_ISL_19599394,2025-02-06,1.0
A/Qinghai-Chengzhong/SWL1410/2024|EPI_ISL_19599394,2025-02-08,3.0
A/Qinghai-Chengzhong/SWL1410/2024|EPI_ISL_19599394,2025-02-09,3.0
A/Qinghai-Chengzhong/SWL1410/2024|EPI_ISL_19599394,2025-02-10,4.0
A/Qinghai-Chengzhong/SWL1410/2024|EPI_ISL_19599394,2025-02-11,4.0
A/Qinghai-Chengzhong/SWL1410/2024|EPI_ISL_19599394,2025-02-12,1.0
A/Qinghai-Chengzhong/SWL1410/2024|EPI_ISL_19599394,2025-02-13,2.0
A/Qinghai-Chengzhong/SWL1410/2024|EPI_ISL_19599394,2025-02-14,2.0
A/Qinghai-Chengzhong/SWL1410/2024|EPI_ISL_19599394,2025-02-15,3.0
A/Qinghai-Chengzhong/SWL1410/2024|EPI_ISL_19599394,2025-02-16,2.0
A/Qinghai-Chengzhong/SWL1410/2024|EPI_ISL_19599394,2025-02-17,2.0
A/Qinghai-Chengzhong/SWL1410/2024|EPI_ISL_19599394,2025-02-18,3.0
A/Qinghai-Chengzhong/SWL1410/2024|EPI_ISL_19599394,2025-02-23,1.0
A/Qinghai-Chengzhong/SWL1410/2024|EPI_ISL_19599394,2025-02-24,1.0
A/Qinghai-Chengzhong/SWL1410/2024|EPI_ISL_19599394,2025-02-25,1.0
A/Qinghai-Chengzhong/SWL1410/2024|EPI_ISL_19599394,2025-03-05,2.0
A/Qinghai-Chengzhong/SWL1410/2024|EPI_ISL_19599394,2025-03-06,1.0
A/Qinghai-Chengzhong/SWL1410/2024|EPI_ISL_19599394,2025-03-07,1.0
A/Qinghai-Chengzhong/SWL1410/2024|EPI_ISL_19599394,2025-03-08,2.0
A/Qinghai-Chengzhong/SWL1410/2024|EPI_ISL_19599394,2025-03-09,1.0
A/Qinghai-Chengzhong/SWL1410/2024|EPI_ISL_19599394,2025-03-10,2.0
A/Qinghai-Chengzhong/SWL1410/2024|EPI_ISL_19599394,2025-03-11,1.0
A/Qinghai-Chengzhong/SWL1410/2024|EPI_ISL_19599394,2025-03-12,1.0
A/Qinghai-Chengzhong/SWL1410/2024|EPI_ISL_19599394,2025-03-17,1.0
A/Qinghai-Chengzhong/SWL1410/2024|EPI_ISL_19599394,2025-03-27,1.0
A/Qinghai-Chengzhong/SWL1410/2024|EPI_ISL_19599394,2025-04-30,1.0
A/Queensland/IN000684/2024|EPI_ISL_19664762,2024-09-16,1.0
A/Queensland/IN000684/2024|EPI_ISL_19664762,2024-09-19,1.0
A/Queensland/IN000684/2024|EPI_ISL_19664762,2024-09-24,1.0
A/Queensland/IN000684/2024|EPI_ISL_19664762,2024-09-29,1.0
A/Queensland/IN000684/2024|EPI_ISL_19664762,2024-10-06,1.0
A/Queensland/IN000684/2024|EPI_ISL_19664762,2024-10-10,1.0
A/Queensland/IN000684/2024|EPI_ISL_19664762,2024-10-11,2.0
A/Queensland/IN000684/2024|EPI_ISL_19664762,2024-10-12,1.0
A/Queensland/IN000684/2024|EPI_ISL_19664762,2024-10-13,1.0
A/Queensland/IN000684/2024|EPI_ISL_19664762,2024-10-21,1.0
A/Queensland/IN000684/2024|EPI_ISL_19664762,2024-10-22,1.0
A/Queensland/IN000684/2024|EPI_ISL_19664762,2024-10-23,1.0
A/Queensland/IN000684/2024|EPI_ISL_19664762,2024-10-25,1.0
A/Queensland/IN000684/2024|EPI_ISL_19664762,2024-11-25,1.0
A/Queensland/IN000684/2024|EPI_ISL_19664762,2024-12-02,1.0
A/Saint-Petersburg/RII-04/2025|EPI_ISL_19812542,2024-04-18,10.0
A/Saint-Petersburg/RII-04/2025|EPI_ISL_19812542,2024-04-19,13.0
A/Saint-Petersburg/RII-04/2025|EPI_ISL_19812542,2024-04-20,6.0
A/Saint-Petersburg/RII-04/2025|EPI_ISL_19812542,2024-04-21,7.0
A/Saint-Petersburg/RII-04/2025|EPI_ISL_19812542,2024-04-22,13.0
A/Saint-Petersburg/RII-04/2025|EPI_ISL_19812542,2024-04-23,10.0
A/Saint-Petersburg/RII-04/2025|EPI_ISL_19812542,2024-04-24,16.0
A/Saint-Petersburg/RII-04/2025|EPI_ISL_19812542,2024-04-25,13.0
A/Saint-Petersburg/RII-04/2025|EPI_ISL_19812542,2024-04-26,11.0
A/Saint-Petersburg/RII-04/2025|EPI_ISL_19812542,2024-04-27,7.0
A/Saint-Petersburg/RII-04/2025|EPI_ISL_19812542,2024-04-28,3.0
A/Saint-Petersburg/RII-04/2025|EPI_ISL_19812542,2024-04-29,20.0
A/Saint-Petersburg/RII-04/2025|EPI_ISL_19812542,2024-04-30,12.0
A/Saint-Petersburg/RII-04/2025|EPI_ISL_19812542,2024-05-01,7.0
A/Saint-Petersburg/RII-04/2025|EPI_ISL_19812542,2024-05-02,15.0
A/Saint-Petersburg/RII-04/2025|EPI_ISL_19812542,2024-05-03,16.0
A/Saint-Petersburg/RII-04/2025|EPI_ISL_19812542,2024-05-04,7.0
A/Saint-Petersburg/RII-04/2025|EPI_ISL_19812542,2024-05-05,2.0
A/Saint-Petersburg/RII-04/2025|EPI_ISL_19812542,2024-05-06,23.0
A/Saint-Petersburg/RII-04/2025|EPI_ISL_19812542,2024-05-07,19.0
A/Saint-Petersburg/RII-04/2025|EPI_ISL_19812542,2024-05-08,23.0
A/Saint-Petersburg/RII-04/2025|EPI_ISL_19812542,2024-05-09,12.0
A/Saint-Petersburg/RII-04/2025|EPI_ISL_19812542,2024-05-10,17.0
A/Saint-Petersburg/RII-04/2025|EPI_ISL_19812542,2024-05-11,3.0
A/Saint-Petersburg/RII-04/2025|EPI_ISL_19812542,2024-05-12,8.0
A/Saint-Petersburg/RII-04/2025|EPI_ISL_19812542,2024-05-13,29.0
A/Saint-Petersburg/RII-04/2025|EPI_ISL_19812542,2024-05-14,20.0
A/Saint-Petersburg/RII-04/2025|EPI_ISL_19812542,2024-05-15,11.0
A/Saint-Petersburg/RII-04/2025|EPI_ISL_19812542,2024-05-16,18.0
A/Saint-Petersburg/RII-04/2025|EPI_ISL_19812542,2024-05-17,15.0
A/Saint-Petersburg/RII-04/2025|EPI_ISL_19812542,2024-05-18,10.0
A/Saint-Petersburg/RII-04/2025|EPI_ISL_19812542,2024-05-19,3.0
A/Saint-Petersburg/RII-04/2025|EPI_ISL_19812542,2024-05-20,31.0
A/Saint-Petersburg/RII-04/2025|EPI_ISL_19812542,2024-05-21,26.0
A/Saint-Petersburg/RII-04/2025|EPI_ISL_19812542,2024-05-22,24.0
A/Saint-Petersburg/RII-04/2025|EPI_ISL_19812542,2024-05-23,17.0
A/Saint-Petersburg/RII-04/2025|EPI_ISL_19812542,2024-05-24,21.0
A/Saint-Petersburg/RII-04/2025|EPI_ISL_19812542,2024-05-25,7.0
A/Saint-Petersburg/RII-04/2025|EPI_ISL_19812542,2024-05-26,6.0
A/Saint-Petersburg/RII-04/2025|EPI_ISL_19812542,2024-05-27,20.0
A/Saint-Petersburg/RII-04/2025|EPI_ISL_19812542,2024-05-28,10.0
A/Saint-Petersburg/RII-04/2025|EPI_ISL_19812542,2024-05-29,15.0
A/Saint-Petersburg/RII-04/2025|EPI_ISL_19812542,2024-05-30,14.0
A/Saint-Petersburg/RII-04/2025|EPI_ISL_19812542,2024-05-31,21.0
A/Saint-Petersburg/RII-04/2025|EPI_ISL_19812542,2024-06-01,2.0
A/Saint-Petersburg/RII-04/2025|EPI_ISL_19812542,2024-06-02,14.0
A/Saint-Petersburg/RII-04/2025|EPI_ISL_19812542,2024-06-03,16.0
A/Saint-Petersburg/RII-04/2025|EPI_ISL_19812542,2024-06-04,23.0
A/Saint-Petersburg/RII-04/2025|EPI_ISL_19812542,2024-06-05,22.0
A/Saint-Petersburg/RII-04/2025|EPI_ISL_19812542,2024-06-06,10.0
A/Saint-Petersburg/RII-04/2025|EPI_ISL_19812542,2024-06-07,11.0
A/Saint-Petersburg/RII-04/2025|EPI_ISL_19812542,2024-06-08,5.0
A/Saint-Petersburg/RII-04/2025|EPI_ISL_19812542,2024-06-09,6.0
A/Saint-Petersburg/RII-04/2025|EPI_ISL_19812542,2024-06-10,17.0
A/Saint-Petersburg/RII-04/2025|EPI_ISL_19812542,2024-06-11,14.0
A/Saint-Petersburg/RII-04/2025|EPI_ISL_19812542,2024-06-12,14.0
A/Saint-Petersburg/RII-04/2025|EPI_ISL_19812542,2024-06-13,8.0
A/Saint-Petersburg/RII-04/2025|EPI_ISL_19812542,2024-06-14,18.0
A/Saint-Petersburg/RII-04/2025|EPI_ISL_19812542,2024-06-15,8.0
A/Saint-Petersburg/RII-04/2025|EPI_ISL_19812542,2024-06-16,4.0
A/Saint-Petersburg/RII-04/2025|EPI_ISL_19812542,2024-06-17,23.0
A/Saint-Petersburg/RII-04/2025|EPI_ISL_19812542,2024-06-18,21.0
A/Saint-Petersburg/RII-04/2025|EPI_ISL_19812542,2024-06-19,21.0
A/Saint-Petersburg/RII-04/2025|EPI_ISL_19812542,2024-06-20,16.0
A/Saint-Petersburg/RII-04/2025|EPI_ISL_19812542,2024-06-21,17.0
A/Saint-Petersburg/RII-04/2025|EPI_ISL_19812542,2024-06-22,5.0
A/Saint-Petersburg/RII-04/2025|EPI_ISL_19812542,2024-06-23,4.0
A/Saint-Petersburg/RII-04/2025|EPI_ISL_19812542,2024-06-24,22.0
A/Saint-Petersburg/RII-04/2025|EPI_ISL_19812542,2024-06-25,11.0
A/Saint-Petersburg/RII-04/2025|EPI_ISL_19812542,2024-06-26,13.0
A/Saint-Petersburg/RII-04/2025|EPI_ISL_19812542,2024-06-27,13.0
A/Saint-Petersburg/RII-04/2025|EPI_ISL_19812542,2024-06-28,6.0
A/Saint-Petersburg/RII-04/2025|EPI_ISL_19812542,2024-06-29,4.0
A/Saint-Petersburg/RII-04/2025|EPI_ISL_19812542,2024-06-30,14.0
A/Saint-Petersburg/RII-04/2025|EPI_ISL_19812542,2024-07-01,22.0
A/Saint-Petersburg/RII-04/2025|EPI_ISL_19812542,2024-07-02,16.0
A/Saint-Petersburg/RII-04/2025|EPI_ISL_19812542,2024-07-03,14.0
A/Saint-Petersburg/RII-04/2025|EPI_ISL_19812542,2024-07-04,8.0
A/Saint-Petersburg/RII-04/2025|EPI_ISL_19812542,2024-07-05,16.0
A/Saint-Petersburg/RII-04/2025|EPI_ISL_19812542,2024-07-06,8.0
A/Saint-Petersburg/RII-04/2025|EPI_ISL_19812542,2024-07-07,8.0
A/Saint-Petersburg/RII-04/2025|EPI_ISL_19812542,2024-07-08,21.0
A/Saint-Petersburg/RII-04/2025|EPI_ISL_19812542,2024-07-09,15.0
A/Saint-Petersburg/RII-04/2025|EPI_ISL_19812542,2024-07-10,18.0
A/Saint-Petersburg/RII-04/2025|EPI_ISL_19812542,2024-07-11,15.0
A/Saint-Petersburg/RII-04/2025|EPI_ISL_19812542,2024-07-12,12.0
A/Saint-Petersburg/RII-04/2025|EPI_ISL_19812542,2024-07-13,8.0
A/Saint-Petersburg/RII-04/2025|EPI_ISL_19812542,2024-07-14,2.0
A/Saint-Petersburg/RII-04/2025|EPI_ISL_19812542,2024-07-15,23.0
A/Saint-Petersburg/RII-04/2025|EPI_ISL_19812542,2024-07-16,13.0
A/Saint-Petersburg/RII-04/2025|EPI_ISL_19812542,2024-07-17,10.0
A/Saint-Petersburg/RII-04/2025|EPI_ISL_19812542,2024-07-18,17.0
A/Saint-Petersburg/RII-04/2025|EPI_ISL_19812542,2024-07-19,9.0
A/Saint-Petersburg/RII-04/2025|EPI_ISL_19812542,2024-07-20,4.0
A/Saint-Petersburg/RII-04/2025|EPI_ISL_19812542,2024-07-21,4.0
A/Saint-Petersburg/RII-04/2025|EPI_ISL_19812542,2024-07-22,13.0
A/Saint-Petersburg/RII-04/2025|EPI_ISL_19812542,2024-07-23,12.0
A/Saint-Petersburg/RII-04/2025|EPI_ISL_19812542,2024-07-24,14.0
A/Saint-Petersburg/RII-04/2025|EPI_ISL_19812542,2024-07-25,13.0
A/Saint-Petersburg/RII-04/2025|EPI_ISL_19812542,2024-07-26,11.0
A/Saint-Petersburg/RII-04/2025|EPI_ISL_19812542,2024-07-27,4.0
A/Saint-Petersburg/RII-04/2025|EPI_ISL_19812542,2024-07-28,8.0
A/Saint-Petersburg/RII-04/2025|EPI_ISL_19812542,2024-07-29,18.0
A/Saint-Petersburg/RII-04/2025|EPI_ISL_19812542,2024-07-30,12.0
A/Saint-Petersburg/RII-04/2025|EPI_ISL_19812542,2024-07-31,8.0
A/Saint-Petersburg/RII-04/2025|EPI_ISL_19812542,2024-08-01,9.0
A/Saint-Petersburg/RII-04/2025|EPI_ISL_19812542,2024-08-02,9.0
A/Saint-Petersburg/RII-04/2025|EPI_ISL_19812542,2024-08-03,3.0
A/Saint-Petersburg/RII-04/2025|EPI_ISL_19812542,2024-08-04,2.0
A/Saint-Petersburg/RII-04/2025|EPI_ISL_19812542,2024-08-05,10.0
A/Saint-Petersburg/RII-04/2025|EPI_ISL_19812542,2024-08-06,12.0
A/Saint-Petersburg/RII-04/2025|EPI_ISL_19812542,2024-08-07,8.0
A/Saint-Petersburg/RII-04/2025|EPI_ISL_19812542,2024-08-08,11.0
A/Saint-Petersburg/RII-04/2025|EPI_ISL_19812542,2024-08-09,12.0
A/Saint-Petersburg/RII-04/2025|EPI_ISL_19812542,2024-08-10,3.0
A/Saint-Petersburg/RII-04/2025|EPI_ISL_19812542,2024-08-11,2.0
A/Saint-Petersburg/RII-04/2025|EPI_ISL_19812542,2024-08-12,12.0
A/Saint-Petersburg/RII-04/2025|EPI_ISL_19812542,2024-08-13,8.0
A/Saint-Petersburg/RII-04/2025|EPI_ISL_19812542,2024-08-14,6.0
A/Saint-Petersburg/RII-04/2025|EPI_ISL_19812542,2024-08-15,10.0
A/Saint-Petersburg/RII-04/2025|EPI_ISL_19812542,2024-08-16,4.0
A/Saint-Petersburg/RII-04/2025|EPI_ISL_19812542,2024-08-17,2.0
A/Saint-Petersburg/RII-04/2025|EPI_ISL_19812542,2024-08-18,3.0
A/Saint-Petersburg/RII-04/2025|EPI_ISL_19812542,2024-08-19,10.0
A/Saint-Petersburg/RII-04/2025|EPI_ISL_19812542,2024-08-20,4.0
A/Saint-Petersburg/RII-04/2025|EPI_ISL_19812542,2024-08-21,2.0
A/Saint-Petersburg/RII-04/2025|EPI_ISL_19812542,2024-08-22,6.0
A/Saint-Petersburg/RII-04/2025|EPI_ISL_19812542,2024-08-23,4.0
A/Saint-Petersburg/RII-04/2025|EPI_ISL_19812542,2024-08-24,5.0
A/Saint-Petersburg/RII-04/2025|EPI_ISL_19812542,2024-08-25,3.0
A/Saint-Petersburg/RII-04/2025|EPI_ISL_19812542,2024-08-26,5.0
A/Saint-Petersburg/RII-04/2025|EPI_ISL_19812542,2024-08-27,4.0
A/Saint-Petersburg/RII-04/2025|EPI_ISL_19812542,2024-08-28,4.0
A/Saint-Petersburg/RII-04/2025|EPI_ISL_19812542,2024-08-29,4.0
A/Saint-Petersburg/RII-04/2025|EPI_ISL_19812542,2024-08-30,8.0
A/Saint-Petersburg/RII-04/2025|EPI_ISL_19812542,2024-08-31,3.0
A/Saint-Petersburg/RII-04/2025|EPI_ISL_19812542,2024-09-01,7.0
A/Saint-Petersburg/RII-04/2025|EPI_ISL_19812542,2024-09-02,8.0
A/Saint-Petersburg/RII-04/2025|EPI_ISL_19812542,2024-09-03,10.0
A/Saint-Petersburg/RII-04/2025|EPI_ISL_19812542,2024-09-04,2.0
A/Saint-Petersburg/RII-04/2025|EPI_ISL_19812542,2024-09-05,9.0
A/Saint-Petersburg/RII-04/2025|EPI_ISL_19812542,2024-09-06,10.0
A/Saint-Petersburg/RII-04/2025|EPI_ISL_19812542,2024-09-07,3.0
A/Saint-Petersburg/RII-04/2025|EPI_ISL_19812542,2024-09-08,1.0
A/Saint-Petersburg/RII-04/2025|EPI_ISL_19812542,2024-09-09,10.0
A/Saint-Petersburg/RII-04/2025|EPI_ISL_19812542,2024-09-10,8.0
A/Saint-Petersburg/RII-04/2025|EPI_ISL_19812542,2024-09-11,1.0
A/Saint-Petersburg/RII-04/2025|EPI_ISL_19812542,2024-09-12,2.0
A/Saint-Petersburg/RII-04/2025|EPI_ISL_19812542,2024-09-13,4.0
A/Saint-Petersburg/RII-04/2025|EPI_ISL_19812542,2024-09-14,4.0
A/Saint-Petersburg/RII-04/2025|EPI_ISL_19812542,2024-09-15,4.0
A/Saint-Petersburg/RII-04/2025|EPI_ISL_19812542,2024-09-16,4.0
A/Saint-Petersburg/RII-04/2025|EPI_ISL_19812542,2024-09-17,5.0
A/Saint-Petersburg/RII-04/2025|EPI_ISL_19812542,2024-09-18,11.0
A/Saint-Petersburg/RII-04/2025|EPI_ISL_19812542,2024-09-19,11.0
A/Saint-Petersburg/RII-04/2025|EPI_ISL_19812542,2024-09-20,4.0
A/Saint-Petersburg/RII-04/2025|EPI_ISL_19812542,2024-09-21,2.0
A/Saint-Petersburg/RII-04/2025|EPI_ISL_19812542,2024-09-22,4.0
A/Saint-Petersburg/RII-04/2025|EPI_ISL_19812542,2024-09-23,3.0
A/Saint-Petersburg/RII-04/2025|EPI_ISL_19812542,2024-09-24,4.0
A/Saint-Petersburg/RII-04/2025|EPI_ISL_19812542,2024-09-25,4.0
A/Saint-Petersburg/RII-04/2025|EPI_ISL_19812542,2024-09-26,5.0
A/Saint-Petersburg/RII-04/2025|EPI_ISL_19812542,2024-09-27,2.0
A/Saint-Petersburg/RII-04/2025|EPI_ISL_19812542,2024-09-28,5.0
A/Saint-Petersburg/RII-04/2025|EPI_ISL_19812542,2024-09-29,3.0
A/Saint-Petersburg/RII-04/2025|EPI_ISL_19812542,2024-09-30,8.0
A/Saint-Petersburg/RII-04/2025|EPI_ISL_19812542,2024-10-01,6.0
A/Saint-Petersburg/RII-04/2025|EPI_ISL_19812542,2024-10-02,6.0
A/Saint-Petersburg/RII-04/2025|EPI_ISL_19812542,2024-10-04,2.0
A/Saint-Petersburg/RII-04/2025|EPI_ISL_19812542,2024-10-06,1.0
A/Saint-Petersburg/RII-04/2025|EPI_ISL_19812542,2024-10-07,7.0
A/Saint-Petersburg/RII-04/2025|EPI_ISL_19812542,2024-10-08,8.0
A/Saint-Petersburg/RII-04/2025|EPI_ISL_19812542,2024-10-09,8.0
A/Saint-Petersburg/RII-04/2025|EPI_ISL_19812542,2024-10-10,2.0
A/Saint-Petersburg/RII-04/2025|EPI_ISL_19812542,2024-10-11,4.0
A/Saint-Petersburg/RII-04/2025|EPI_ISL_19812542,2024-10-12,2.0
A/Saint-Petersburg/RII-04/2025|EPI_ISL_19812542,2024-10-13,1.0
A/Saint-Petersburg/RII-04/2025|EPI_ISL_19812542,2024-10-14,9.0
A/Saint-Petersburg/RII-04/2025|EPI_ISL_19812542,2024-10-15,2.0
A/Saint-Petersburg/RII-04/2025|EPI_ISL_19812542,2024-10-16,5.0
A/Saint-Petersburg/RII-04/2025|EPI_ISL_19812542,2024-10-17,3.0
A/Saint-Petersburg/RII-04/2025|EPI_ISL_19812542,2024-10-18,4.0
A/Saint-Petersburg/RII-04/2025|EPI_ISL_19812542,2024-10-20,2.0
A/Saint-Petersburg/RII-04/2025|EPI_ISL_19812542,2024-10-21,3.0
A/Saint-Petersburg/RII-04/2025|EPI_ISL_19812542,2024-10-22,2.0
A/Saint-Petersburg/RII-04/2025|EPI_ISL_19812542,2024-10-23,2.0
A/Saint-Petersburg/RII-04/2025|EPI_ISL_19812542,2024-10-24,3.0
A/Saint-Petersburg/RII-04/2025|EPI_ISL_19812542,2024-10-25,3.0
A/Saint-Petersburg/RII-04/2025|EPI_ISL_19812542,2024-10-26,2.0
A/Saint-Petersburg/RII-04/2025|EPI_ISL_19812542,2024-10-28,13.0
A/Saint-Petersburg/RII-04/2025|EPI_ISL_19812542,2024-10-29,4.0
A/Saint-Petersburg/RII-04/2025|EPI_ISL_19812542,2024-10-30,2.0
A/Saint-Petersburg/RII-04/2025|EPI_ISL_19812542,2024-10-31,2.0
A/Saint-Petersburg/RII-04/2025|EPI_ISL_19812542,2024-11-01,1.0
A/Saint-Petersburg/RII-04/2025|EPI_ISL_19812542,2024-11-02,2.0
A/Saint-Petersburg/RII-04/2025|EPI_ISL_19812542,2024-11-03,1.0
A/Saint-Petersburg/RII-04/2025|EPI_ISL_19812542,2024-11-04,5.0
A/Saint-Petersburg/RII-04/2025|EPI_ISL_19812542,2024-11-05,6.0
A/Saint-Petersburg/RII-04/2025|EPI_ISL_19812542,2024-11-06,3.0
A/Saint-Petersburg/RII-04/2025|EPI_ISL_19812542,2024-11-07,3.0
A/Saint-Petersburg/RII-04/2025|EPI_ISL_19812542,2024-11-08,2.0
A/Saint-Petersburg/RII-04/2025|EPI_ISL_19812542,2024-11-09,3.0
A/Saint-Petersburg/RII-04/2025|EPI_ISL_19812542,2024-11-11,10.0
A/Saint-Petersburg/RII-04/2025|EPI_ISL_19812542,2024-11-12,12.0
A/Saint-Petersburg/RII-04/2025|EPI_ISL_19812542,2024-11-13,4.0
A/Saint-Petersburg/RII-04/2025|EPI_ISL_19812542,2024-11-14,4.0
A/Saint-Petersburg/RII-04/2025|EPI_ISL_19812542,2024-11-15,6.0
A/Saint-Petersburg/RII-04/2025|EPI_ISL_19812542,2024-11-16,4.0
A/Saint-Petersburg/RII-04/2025|EPI_ISL_19812542,2024-11-17,4.0
A/Saint-Petersburg/RII-04/2025|EPI_ISL_19812542,2024-11-18,14.0
A/Saint-Petersburg/RII-04/2025|EPI_ISL_19812542,2024-11-19,9.0
A/Saint-Petersburg/RII-04/2025|EPI_ISL_19812542,2024-11-20,3.0
A/Saint-Petersburg/RII-04/2025|EPI_ISL_19812542,2024-11-21,5.0
A/Saint-Petersburg/RII-04/2025|EPI_ISL_19812542,2024-11-22,3.0
A/Saint-Petersburg/RII-04/2025|EPI_ISL_19812542,2024-11-23,5.0
A/Saint-Petersburg/RII-04/2025|EPI_ISL_19812542,2024-11-24,3.0
A/Saint-Petersburg/RII-04/2025|EPI_ISL_19812542,2024-11-25,5.0
A/Saint-Petersburg/RII-04/2025|EPI_ISL_19812542,2024-11-26,11.0
A/Saint-Petersburg/RII-04/2025|EPI_ISL_19812542,2024-11-27,3.0
A/Saint-Petersburg/RII-04/2025|EPI_ISL_19812542,2024-11-28,4.0
A/Saint-Petersburg/RII-04/2025|EPI_ISL_19812542,2024-11-29,4.0
A/Saint-Petersburg/RII-04/2025|EPI_ISL_19812542,2024-11-30,1.0
A/Saint-Petersburg/RII-04/2025|EPI_ISL_19812542,2024-12-01,4.0
A/Saint-Petersburg/RII-04/2025|EPI_ISL_19812542,2024-12-02,12.0
A/Saint-Petersburg/RII-04/2025|EPI_ISL_19812542,2024-12-03,4.0
A/Saint-Petersburg/RII-04/2025|EPI_ISL_19812542,2024-12-04,6.0
A/Saint-Petersburg/RII-04/2025|EPI_ISL_19812542,2024-12-05,6.0
A/Saint-Petersburg/RII-04/2025|EPI_ISL_19812542,2024-12-06,3.0
A/Saint-Petersburg/RII-04/2025|EPI_ISL_19812542,2024-12-07,1.0
A/Saint-Petersburg/RII-04/2025|EPI_ISL_19812542,2024-12-08,2.0
A/Saint-Petersburg/RII-04/2025|EPI_ISL_19812542,2024-12-09,11.0
A/Saint-Petersburg/RII-04/2025|EPI_ISL_19812542,2024-12-10,6.0
A/Saint-Petersburg/RII-04/2025|EPI_ISL_19812542,2024-12-11,6.0
A/Saint-Petersburg/RII-04/2025|EPI_ISL_19812542,2024-12-12,7.0
A/Saint-Petersburg/RII-04/2025|EPI_ISL_19812542,2024-12-13,6.0
A/Saint-Petersburg/RII-04/2025|EPI_ISL_19812542,2024-12-14,5.0
A/Saint-Petersburg/RII-04/2025|EPI_ISL_19812542,2024-12-15,5.0
A/Saint-Petersburg/RII-04/2025|EPI_ISL_19812542,2024-12-16,3.0
A/Saint-Petersburg/RII-04/2025|EPI_ISL_19812542,2024-12-17,8.0
A/Saint-Petersburg/RII-04/2025|EPI_ISL_19812542,2024-12-18,6.0
A/Saint-Petersburg/RII-04/2025|EPI_ISL_19812542,2024-12-19,3.0
A/Saint-Petersburg/RII-04/2025|EPI_ISL_19812542,2024-12-20,4.0
A/Saint-Petersburg/RII-04/2025|EPI_ISL_19812542,2024-12-21,3.0
A/Saint-Petersburg/RII-04/2025|EPI_ISL_19812542,2024-12-22,6.0
A/Saint-Petersburg/RII-04/2025|EPI_ISL_19812542,2024-12-23,4.0
A/Saint-Petersburg/RII-04/2025|EPI_ISL_19812542,2024-12-24,7.0
A/Saint-Petersburg/RII-04/2025|EPI_ISL_19812542,2024-12-25,1.0
A/Saint-Petersburg/RII-04/2025|EPI_ISL_19812542,2024-12-26,3.0
A/Saint-Petersburg/RII-04/2025|EPI_ISL_19812542,2024-12-27,3.0
A/Saint-Petersburg/RII-04/2025|EPI_ISL_19812542,2024-12-28,1.0
A/Saint-Petersburg/RII-04/2025|EPI_ISL_19812542,2024-12-29,8.0
A/Saint-Petersburg/RII-04/2025|EPI_ISL_19812542,2024-12-30,12.0
A/Saint-Petersburg/RII-04/2025|EPI_ISL_19812542,2024-12-31,2.0
A/Saint-Petersburg/RII-04/2025|EPI_ISL_19812542,2025-01-01,4.0
A/Saint-Petersburg/RII-04/2025|EPI_ISL_19812542,2025-01-02,5.0
A/Saint-Petersburg/RII-04/2025|EPI_ISL_19812542,2025-01-03,4.0
A/Saint-Petersburg/RII-04/2025|EPI_ISL_19812542,2025-01-04,4.0
A/Saint-Petersburg/RII-04/2025|EPI_ISL_19812542,2025-01-05,6.0
A/Saint-Petersburg/RII-04/2025|EPI_ISL_19812542,2025-01-06,7.0
A/Saint-Petersburg/RII-04/2025|EPI_ISL_19812542,2025-01-07,7.0
A/Saint-Petersburg/RII-04/2025|EPI_ISL_19812542,2025-01-08,10.0
A/Saint-Petersburg/RII-04/2025|EPI_ISL_19812542,2025-01-09,5.0
A/Saint-Petersburg/RII-04/2025|EPI_ISL_19812542,2025-01-10,3.0
A/Saint-Petersburg/RII-04/2025|EPI_ISL_19812542,2025-01-12,1.0
A/Saint-Petersburg/RII-04/2025|EPI_ISL_19812542,2025-01-13,8.0
A/Saint-Petersburg/RII-04/2025|EPI_ISL_19812542,2025-01-14,2.0
A/Saint-Petersburg/RII-04/2025|EPI_ISL_19812542,2025-01-15,3.0
A/Saint-Petersburg/RII-04/2025|EPI_ISL_19812542,2025-01-16,3.0
A/Saint-Petersburg/RII-04/2025|EPI_ISL_19812542,2025-01-17,3.0
A/Saint-Petersburg/RII-04/2025|EPI_ISL_19812542,2025-01-18,1.0
A/Saint-Petersburg/RII-04/2025|EPI_ISL_19812542,2025-01-20,8.0
A/Saint-Petersburg/RII-04/2025|EPI_ISL_19812542,2025-01-21,5.0
A/Saint-Petersburg/RII-04/2025|EPI_ISL_19812542,2025-01-22,1.0
A/Saint-Petersburg/RII-04/2025|EPI_ISL_19812542,2025-01-23,4.0
A/Saint-Petersburg/RII-04/2025|EPI_ISL_19812542,2025-01-24,2.0
A/Saint-Petersburg/RII-04/2025|EPI_ISL_19812542,2025-01-25,1.0
A/Saint-Petersburg/RII-04/2025|EPI_ISL_19812542,2025-01-26,3.0
A/Saint-Petersburg/RII-04/2025|EPI_ISL_19812542,2025-01-27,2.0
A/Saint-Petersburg/RII-04/2025|EPI_ISL_19812542,2025-01-28,1.0
A/Saint-Petersburg/RII-04/2025|EPI_ISL_19812542,2025-01-30,3.0
A/Saint-Petersburg/RII-04/2025|EPI_ISL_19812542,2025-01-31,2.0
A/Saint-Petersburg/RII-04/2025|EPI_ISL_19812542,2025-02-01,2.0
A/Saint-Petersburg/RII-04/2025|EPI_ISL_19812542,2025-02-03,3.0
A/Saint-Petersburg/RII-04/2025|EPI_ISL_19812542,2025-02-04,2.0
A/Saint-Petersburg/RII-04/2025|EPI_ISL_19812542,2025-02-05,4.0
A/Saint-Petersburg/RII-04/2025|EPI_ISL_19812542,2025-02-06,1.0
A/Saint-Petersburg/RII-04/2025|EPI_ISL_19812542,2025-02-08,1.0
A/Saint-Petersburg/RII-04/2025|EPI_ISL_19812542,2025-02-09,1.0
A/Saint-Petersburg/RII-04/2025|EPI_ISL_19812542,2025-02-10,3.0
A/Saint-Petersburg/RII-04/2025|EPI_ISL_19812542,2025-02-11,4.0
A/Saint-Petersburg/RII-04/2025|EPI_ISL_19812542,2025-02-12,1.0
A/Saint-Petersburg/RII-04/2025|EPI_ISL_19812542,2025-02-13,1.0
A/Saint-Petersburg/RII-04/2025|EPI_ISL_19812542,2025-02-14,1.0
A/Saint-Petersburg/RII-04/2025|EPI_ISL_19812542,2025-02-16,1.0
A/Saint-Petersburg/RII-04/2025|EPI_ISL_19812542,2025-02-17,2.0
A/Saint-Petersburg/RII-04/2025|EPI_ISL_19812542,2025-02-19,2.0
A/Saint-Petersburg/RII-04/2025|EPI_ISL_19812542,2025-02-21,1.0
A/Saint-Petersburg/RII-04/2025|EPI_ISL_19812542,2025-02-22,1.0
A/Saint-Petersburg/RII-04/2025|EPI_ISL_19812542,2025-02-23,1.0
A/Saint-Petersburg/RII-04/2025|EPI_ISL_19812542,2025-02-24,2.0
A/Saint-Petersburg/RII-04/2025|EPI_ISL_19812542,2025-02-26,2.0
A/Saint-Petersburg/RII-04/2025|EPI_ISL_19812542,2025-03-03,1.0
A/Saint-Petersburg/RII-04/2025|EPI_ISL_19812542,2025-03-04,2.0
A/Saint-Petersburg/RII-04/2025|EPI_ISL_19812542,2025-03-06,2.0
A/Saint-Petersburg/RII-04/2025|EPI_ISL_19812542,2025-03-07,1.0
A/Saint-Petersburg/RII-04/2025|EPI_ISL_19812542,2025-03-08,1.0
A/Saint-Petersburg/RII-04/2025|EPI_ISL_19812542,2025-03-09,2.0
A/Saint-Petersburg/RII-04/2025|EPI_ISL_19812542,2025-03-10,2.0
A/Saint-Petersburg/RII-04/2025|EPI_ISL_19812542,2025-03-14,2.0
A/Saint-Petersburg/RII-04/2025|EPI_ISL_19812542,2025-03-17,2.0
A/Saint-Petersburg/RII-04/2025|EPI_ISL_19812542,2025-03-18,1.0
A/Saint-Petersburg/RII-04/2025|EPI_ISL_19812542,2025-03-21,1.0
A/Saint-Petersburg/RII-04/2025|EPI_ISL_19812542,2025-03-23,1.0
A/Saint-Petersburg/RII-04/2025|EPI_ISL_19812542,2025-04-02,1.0
A/Saint-Petersburg/RII-04/2025|EPI_ISL_19812542,2025-04-05,1.0
A/Saint-Petersburg/RII-04/2025|EPI_ISL_19812542,2025-04-06,1.0
A/Saint-Petersburg/RII-04/2025|EPI_ISL_19812542,2025-04-08,1.0
A/Saint-Petersburg/RII-04/2025|EPI_ISL_19812542,2025-04-09,1.0
A/Saint-Petersburg/RII-04/2025|EPI_ISL_19812542,2025-04-16,1.0
A/Saint-Petersburg/RII-04/2025|EPI_ISL_19812542,2025-04-21,1.0
A/Saint-Petersburg/RII-04/2025|EPI_ISL_19812542,2025-04-23,1.0
A/Saint-Petersburg/RII-04/2025|EPI_ISL_19812542,2025-05-05,1.0
A/Santiago/101713/2024|EPI_ISL_19759462,2024-07-30,1.0
A/Santiago/101713/2024|EPI_ISL_19759462,2024-08-05,1.0
A/Santiago/101713/2024|EPI_ISL_19759462,2024-08-12,2.0
A/Santiago/101713/2024|EPI_ISL_19759462,2024-08-13,1.0
A/Santiago/101713/2024|EPI_ISL_19759462,2024-08-24,1.0
A/Santiago/101713/2024|EPI_ISL_19759462,2024-08-31,1.0
A/Santiago/101713/2024|EPI_ISL_19759462,2024-09-04,1.0
A/Santiago/101713/2024|EPI_ISL_19759462,2024-09-24,1.0
A/Santiago/101713/2024|EPI_ISL_19759462,2024-09-27,1.0
A/Santiago/101713/2024|EPI_ISL_19759462,2024-09-30,1.0
A/Santiago/101713/2024|EPI_ISL_19759462,2024-10-07,1.0
A/Santiago/101713/2024|EPI_ISL_19759462,2024-10-08,1.0
A/Santiago/101713/2024|EPI_ISL_19759462,2024-10-11,1.0
A/Santiago/101713/2024|EPI_ISL_19759462,2024-10-16,1.0
A/Santiago/101713/2024|EPI_ISL_19759462,2024-10-17,1.0
A/Santiago/101713/2024|EPI_ISL_19759462,2024-10-20,1.0
A/Santiago/101713/2024|EPI_ISL_19759462,2024-10-21,1.0
A/Santiago/101713/2024|EPI_ISL_19759462,2024-10-22,1.0
A/Santiago/101713/2024|EPI_ISL_19759462,2024-10-23,1.0
A/Santiago/101713/2024|EPI_ISL_19759462,2024-10-25,1.0
A/Santiago/101713/2024|EPI_ISL_19759462,2024-10-27,1.0
A/Santiago/101713/2024|EPI_ISL_19759462,2024-10-28,1.0
A/Santiago/101713/2024|EPI_ISL_19759462,2024-10-29,1.0
A/Santiago/101713/2024|EPI_ISL_19759462,2024-10-31,1.0
A/Santiago/101713/2024|EPI_ISL_19759462,2024-11-02,1.0
A/Santiago/101713/2024|EPI_ISL_19759462,2024-11-04,1.0
A/Santiago/101713/2024|EPI_ISL_19759462,2024-11-06,1.0
A/Santiago/101713/2024|EPI_ISL_19759462,2024-11-09,1.0
A/Santiago/101713/2024|EPI_ISL_19759462,2024-11-10,1.0
A/Santiago/101713/2024|EPI_ISL_19759462,2024-11-12,1.0
A/Santiago/101713/2024|EPI_ISL_19759462,2024-11-13,2.0
A/Santiago/101713/2024|EPI_ISL_19759462,2024-11-14,1.0
A/Santiago/101713/2024|EPI_ISL_19759462,2024-11-16,1.0
A/Santiago/101713/2024|EPI_ISL_19759462,2024-11-18,1.0
A/Santiago/101713/2024|EPI_ISL_19759462,2024-11-19,2.0
A/Santiago/101713/2024|EPI_ISL_19759462,2024-11-20,1.0
A/Santiago/101713/2024|EPI_ISL_19759462,2024-11-25,2.0
A/Santiago/101713/2024|EPI_ISL_19759462,2024-11-28,1.0
A/Santiago/101713/2024|EPI_ISL_19759462,2024-11-29,1.0
A/Santiago/101713/2024|EPI_ISL_19759462,2024-11-30,1.0
A/Santiago/101713/2024|EPI_ISL_19759462,2024-12-01,2.0
A/Santiago/101713/2024|EPI_ISL_19759462,2024-12-03,1.0
A/Santiago/101713/2024|EPI_ISL_19759462,2024-12-06,1.0
A/Santiago/101713/2024|EPI_ISL_19759462,2024-12-07,2.0
A/Santiago/101713/2024|EPI_ISL_19759462,2024-12-09,1.0
A/Santiago/101713/2024|EPI_ISL_19759462,2024-12-10,1.0
A/Santiago/101713/2024|EPI_ISL_19759462,2024-12-12,2.0
A/Santiago/101713/2024|EPI_ISL_19759462,2024-12-14,1.0
A/Santiago/101713/2024|EPI_ISL_19759462,2024-12-16,1.0
A/Santiago/101713/2024|EPI_ISL_19759462,2024-12-18,1.0
A/Santiago/101713/2024|EPI_ISL_19759462,2024-12-19,1.0
A/Santiago/101713/2024|EPI_ISL_19759462,2024-12-20,1.0
A/Santiago/101713/2024|EPI_ISL_19759462,2024-12-21,1.0
A/Santiago/101713/2024|EPI_ISL_19759462,2024-12-22,1.0
A/Santiago/101713/2024|EPI_ISL_19759462,2024-12-25,1.0
A/Santiago/101713/2024|EPI_ISL_19759462,2024-12-27,2.0
A/Santiago/101713/2024|EPI_ISL_19759462,2024-12-28,1.0
A/Santiago/101713/2024|EPI_ISL_19759462,2024-12-31,1.0
A/Santiago/101713/2024|EPI_ISL_19759462,2025-01-02,1.0
A/Santiago/101713/2024|EPI_ISL_19759462,2025-01-07,2.0
A/Santiago/101713/2024|EPI_ISL_19759462,2025-01-12,1.0
A/Santiago/101713/2024|EPI_ISL_19759462,2025-01-16,1.0
A/Santiago/101713/2024|EPI_ISL_19759462,2025-01-19,1.0
A/Santiago/101713/2024|EPI_ISL_19759462,2025-01-23,1.0
A/Santiago/101713/2024|EPI_ISL_19759462,2025-01-27,2.0
A/Santiago/101713/2024|EPI_ISL_19759462,2025-01-30,1.0
A/Santiago/101713/2024|EPI_ISL_19759462,2025-02-03,1.0
A/Santiago/101713/2024|EPI_ISL_19759462,2025-02-06,2.0
A/Santiago/101713/2024|EPI_ISL_19759462,2025-02-09,1.0
A/Santiago/101713/2024|EPI_ISL_19759462,2025-02-10,3.0
A/Santiago/101713/2024|EPI_ISL_19759462,2025-02-11,1.0
A/Santiago/101713/2024|EPI_ISL_19759462,2025-02-14,2.0
A/Santiago/101713/2024|EPI_ISL_19759462,2025-02-16,1.0
A/Santiago/101713/2024|EPI_ISL_19759462,2025-02-17,1.0
A/Santiago/101713/2024|EPI_ISL_19759462,2025-02-20,1.0
A/Santiago/101713/2024|EPI_ISL_19759462,2025-02-27,1.0
A/Santiago/101713/2024|EPI_ISL_19759462,2025-03-01,1.0
A/Santiago/101713/2024|EPI_ISL_19759462,2025-03-02,1.0
A/Santiago/101713/2024|EPI_ISL_19759462,2025-03-03,1.0
A/Santiago/101713/2024|EPI_ISL_19759462,2025-03-19,1.0
A/Santiago/101713/2024|EPI_ISL_19759462,2025-03-27,1.0
A/Shanghai-Huangpu/SWL12109/2024|EPI_ISL_19599372,2024-04-28,1.0
A/Shanghai-Huangpu/SWL12109/2024|EPI_ISL_19599372,2024-05-02,1.0
A/Shanghai-Huangpu/SWL12109/2024|EPI_ISL_19599372,2024-05-08,1.0
A/Shanghai-Huangpu/SWL12109/2024|EPI_ISL_19599372,2024-05-13,1.0
A/Shanghai-Huangpu/SWL12109/2024|EPI_ISL_19599372,2024-05-16,1.0
A/Shanghai-Huangpu/SWL12109/2024|EPI_ISL_19599372,2024-06-04,1.0
A/Shanghai-Huangpu/SWL12109/2024|EPI_ISL_19599372,2024-06-07,1.0
A/Shanghai-Huangpu/SWL12109/2024|EPI_ISL_19599372,2024-06-10,2.0
A/Shanghai-Huangpu/SWL12109/2024|EPI_ISL_19599372,2024-06-21,1.0
A/Shanghai-Huangpu/SWL12109/2024|EPI_ISL_19599372,2024-07-22,1.0
A/Shanghai-Huangpu/SWL12109/2024|EPI_ISL_19599372,2024-08-10,1.0
A/Shanghai-Huangpu/SWL12109/2024|EPI_ISL_19599372,2024-08-21,1.0
A/Shanghai-Huangpu/SWL12109/2024|EPI_ISL_19599372,2024-09-03,1.0
A/Shanghai-Huangpu/SWL12109/2024|EPI_ISL_19599372,2024-09-15,1.0
A/Shanghai-Huangpu/SWL12109/2024|EPI_ISL_19599372,2024-10-03,1.0
A/Shanghai-Huangpu/SWL12109/2024|EPI_ISL_19599372,2024-10-07,1.0
A/Shanghai-Huangpu/SWL12109/2024|EPI_ISL_19599372,2024-10-08,1.0
A/Shanghai-Huangpu/SWL12109/2024|EPI_ISL_19599372,2024-11-07,1.0
A/Shanghai-Huangpu/SWL12109/2024|EPI_ISL_19599372,2025-01-02,1.0
A/Shanghai-Huangpu/SWL12109/2024|EPI_ISL_19599372,2025-01-07,1.0
A/Shanghai-Huangpu/SWL12109/2024|EPI_ISL_19599372,2025-01-13,2.0
A/Shanghai-Huangpu/SWL12109/2024|EPI_ISL_19599372,2025-01-14,1.0
A/Shanghai-Huangpu/SWL12109/2024|EPI_ISL_19599372,2025-01-27,1.0
A/Shanghai-Huangpu/SWL12109/2024|EPI_ISL_19599372,2025-02-04,1.0
A/Shanghai-Huangpu/SWL12109/2024|EPI_ISL_19599372,2025-03-04,1.0
A/Shanghai-Huangpu/SWL12109/2024|EPI_ISL_19599372,2025-04-08,1.0
A/Singapore/MOH0547/2024|EPI_ISL_19715004,2024-12-10,9.0
A/TOKYO/EIS11-277/2024|EPI_ISL_19778363,2024-04-19,1.0
A/TOKYO/EIS11-277/2024|EPI_ISL_19778363,2024-04-20,1.0
A/TOKYO/EIS11-277/2024|EPI_ISL_19778363,2024-04-23,1.0
A/TOKYO/EIS11-277/2024|EPI_ISL_19778363,2024-04-24,1.0
A/TOKYO/EIS11-277/2024|EPI_ISL_19778363,2024-04-25,2.0
A/TOKYO/EIS11-277/2024|EPI_ISL_19778363,2024-04-26,1.0
A/TOKYO/EIS11-277/2024|EPI_ISL_19778363,2024-04-27,1.0
A/TOKYO/EIS11-277/2024|EPI_ISL_19778363,2024-04-28,1.0
A/TOKYO/EIS11-277/2024|EPI_ISL_19778363,2024-04-29,1.0
A/TOKYO/EIS11-277/2024|EPI_ISL_19778363,2024-04-30,3.0
A/TOKYO/EIS11-277/2024|EPI_ISL_19778363,2024-05-01,2.0
A/TOKYO/EIS11-277/2024|EPI_ISL_19778363,2024-05-06,2.0
A/TOKYO/EIS11-277/2024|EPI_ISL_19778363,2024-05-07,1.0
A/TOKYO/EIS11-277/2024|EPI_ISL_19778363,2024-05-09,1.0
A/TOKYO/EIS11-277/2024|EPI_ISL_19778363,2024-05-11,1.0
A/TOKYO/EIS11-277/2024|EPI_ISL_19778363,2024-05-13,1.0
A/TOKYO/EIS11-277/2024|EPI_ISL_19778363,2024-05-14,3.0
A/TOKYO/EIS11-277/2024|EPI_ISL_19778363,2024-05-15,1.0
A/TOKYO/EIS11-277/2024|EPI_ISL_19778363,2024-05-17,1.0
A/TOKYO/EIS11-277/2024|EPI_ISL_19778363,2024-05-18,1.0
A/TOKYO/EIS11-277/2024|EPI_ISL_19778363,2024-05-20,3.0
A/TOKYO/EIS11-277/2024|EPI_ISL_19778363,2024-05-21,2.0
A/TOKYO/EIS11-277/2024|EPI_ISL_19778363,2024-05-22,1.0
A/TOKYO/EIS11-277/2024|EPI_ISL_19778363,2024-05-23,2.0
A/TOKYO/EIS11-277/2024|EPI_ISL_19778363,2024-05-24,6.0
A/TOKYO/EIS11-277/2024|EPI_ISL_19778363,2024-05-25,1.0
A/TOKYO/EIS11-277/2024|EPI_ISL_19778363,2024-05-26,1.0
A/TOKYO/EIS11-277/2024|EPI_ISL_19778363,2024-05-27,3.0
A/TOKYO/EIS11-277/2024|EPI_ISL_19778363,2024-05-28,3.0
A/TOKYO/EIS11-277/2024|EPI_ISL_19778363,2024-05-29,4.0
A/TOKYO/EIS11-277/2024|EPI_ISL_19778363,2024-05-30,3.0
A/TOKYO/EIS11-277/2024|EPI_ISL_19778363,2024-05-31,4.0
A/TOKYO/EIS11-277/2024|EPI_ISL_19778363,2024-06-01,1.0
A/TOKYO/EIS11-277/2024|EPI_ISL_19778363,2024-06-02,2.0
A/TOKYO/EIS11-277/2024|EPI_ISL_19778363,2024-06-03,5.0
A/TOKYO/EIS11-277/2024|EPI_ISL_19778363,2024-06-04,2.0
A/TOKYO/EIS11-277/2024|EPI_ISL_19778363,2024-06-05,7.0
A/TOKYO/EIS11-277/2024|EPI_ISL_19778363,2024-06-06,1.0
A/TOKYO/EIS11-277/2024|EPI_ISL_19778363,2024-06-07,2.0
A/TOKYO/EIS11-277/2024|EPI_ISL_19778363,2024-06-08,1.0
A/TOKYO/EIS11-277/2024|EPI_ISL_19778363,2024-06-09,2.0
A/TOKYO/EIS11-277/2024|EPI_ISL_19778363,2024-06-10,3.0
A/TOKYO/EIS11-277/2024|EPI_ISL_19778363,2024-06-11,8.0
A/TOKYO/EIS11-277/2024|EPI_ISL_19778363,2024-06-12,3.0
A/TOKYO/EIS11-277/2024|EPI_ISL_19778363,2024-06-13,4.0
A/TOKYO/EIS11-277/2024|EPI_ISL_19778363,2024-06-14,4.0
A/TOKYO/EIS11-277/2024|EPI_ISL_19778363,2024-06-15,3.0
A/TOKYO/EIS11-277/2024|EPI_ISL_19778363,2024-06-16,2.0
A/TOKYO/EIS11-277/2024|EPI_ISL_19778363,2024-06-17,7.0
A/TOKYO/EIS11-277/2024|EPI_ISL_19778363,2024-06-18,4.0
A/TOKYO/EIS11-277/2024|EPI_ISL_19778363,2024-06-19,5.0
A/TOKYO/EIS11-277/2024|EPI_ISL_19778363,2024-06-20,3.0
A/TOKYO/EIS11-277/2024|EPI_ISL_19778363,2024-06-21,3.0
A/TOKYO/EIS11-277/2024|EPI_ISL_19778363,2024-06-22,3.0
A/TOKYO/EIS11-277/2024|EPI_ISL_19778363,2024-06-23,8.0
A/TOKYO/EIS11-277/2024|EPI_ISL_19778363,2024-06-24,5.0
A/TOKYO/EIS11-277/2024|EPI_ISL_19778363,2024-06-25,4.0
A/TOKYO/EIS11-277/2024|EPI_ISL_19778363,2024-06-26,9.0
A/TOKYO/EIS11-277/2024|EPI_ISL_19778363,2024-06-27,5.0
A/TOKYO/EIS11-277/2024|EPI_ISL_19778363,2024-06-28,3.0
A/TOKYO/EIS11-277/2024|EPI_ISL_19778363,2024-06-29,2.0
A/TOKYO/EIS11-277/2024|EPI_ISL_19778363,2024-06-30,4.0
A/TOKYO/EIS11-277/2024|EPI_ISL_19778363,2024-07-01,7.0
A/TOKYO/EIS11-277/2024|EPI_ISL_19778363,2024-07-02,2.0
A/TOKYO/EIS11-277/2024|EPI_ISL_19778363,2024-07-03,7.0
A/TOKYO/EIS11-277/2024|EPI_ISL_19778363,2024-07-04,5.0
A/TOKYO/EIS11-277/2024|EPI_ISL_19778363,2024-07-05,3.0
A/TOKYO/EIS11-277/2024|EPI_ISL_19778363,2024-07-06,9.0
A/TOKYO/EIS11-277/2024|EPI_ISL_19778363,2024-07-07,10.0
A/TOKYO/EIS11-277/2024|EPI_ISL_19778363,2024-07-08,4.0
A/TOKYO/EIS11-277/2024|EPI_ISL_19778363,2024-07-09,13.0
A/TOKYO/EIS11-277/2024|EPI_ISL_19778363,2024-07-10,4.0
A/TOKYO/EIS11-277/2024|EPI_ISL_19778363,2024-07-11,6.0
A/TOKYO/EIS11-277/2024|EPI_ISL_19778363,2024-07-12,2.0
A/TOKYO/EIS11-277/2024|EPI_ISL_19778363,2024-07-13,4.0
A/TOKYO/EIS11-277/2024|EPI_ISL_19778363,2024-07-14,3.0
A/TOKYO/EIS11-277/2024|EPI_ISL_19778363,2024-07-15,6.0
A/TOKYO/EIS11-277/2024|EPI_ISL_19778363,2024-07-16,4.0
A/TOKYO/EIS11-277/2024|EPI_ISL_19778363,2024-07-17,3.0
A/TOKYO/EIS11-277/2024|EPI_ISL_19778363,2024-07-18,5.0
A/TOKYO/EIS11-277/2024|EPI_ISL_19778363,2024-07-19,2.0
A/TOKYO/EIS11-277/2024|EPI_ISL_19778363,2024-07-20,4.0
A/TOKYO/EIS11-277/2024|EPI_ISL_19778363,2024-07-21,2.0
A/TOKYO/EIS11-277/2024|EPI_ISL_19778363,2024-07-22,7.0
A/TOKYO/EIS11-277/2024|EPI_ISL_19778363,2024-07-23,6.0
A/TOKYO/EIS11-277/2024|EPI_ISL_19778363,2024-07-24,3.0
A/TOKYO/EIS11-277/2024|EPI_ISL_19778363,2024-07-25,5.0
A/TOKYO/EIS11-277/2024|EPI_ISL_19778363,2024-07-26,1.0
A/TOKYO/EIS11-277/2024|EPI_ISL_19778363,2024-07-27,1.0
A/TOKYO/EIS11-277/2024|EPI_ISL_19778363,2024-07-28,4.0
A/TOKYO/EIS11-277/2024|EPI_ISL_19778363,2024-07-29,5.0
A/TOKYO/EIS11-277/2024|EPI_ISL_19778363,2024-07-30,6.0
A/TOKYO/EIS11-277/2024|EPI_ISL_19778363,2024-07-31,3.0
A/TOKYO/EIS11-277/2024|EPI_ISL_19778363,2024-08-01,1.0
A/TOKYO/EIS11-277/2024|EPI_ISL_19778363,2024-08-02,1.0
A/TOKYO/EIS11-277/2024|EPI_ISL_19778363,2024-08-03,5.0
A/TOKYO/EIS11-277/2024|EPI_ISL_19778363,2024-08-04,4.0
A/TOKYO/EIS11-277/2024|EPI_ISL_19778363,2024-08-05,10.0
A/TOKYO/EIS11-277/2024|EPI_ISL_19778363,2024-08-06,5.0
A/TOKYO/EIS11-277/2024|EPI_ISL_19778363,2024-08-07,2.0
A/TOKYO/EIS11-277/2024|EPI_ISL_19778363,2024-08-08,4.0
A/TOKYO/EIS11-277/2024|EPI_ISL_19778363,2024-08-09,5.0
A/TOKYO/EIS11-277/2024|EPI_ISL_19778363,2024-08-10,2.0
A/TOKYO/EIS11-277/2024|EPI_ISL_19778363,2024-08-11,5.0
A/TOKYO/EIS11-277/2024|EPI_ISL_19778363,2024-08-12,4.0
A/TOKYO/EIS11-277/2024|EPI_ISL_19778363,2024-08-13,3.0
A/TOKYO/EIS11-277/2024|EPI_ISL_19778363,2024-08-14,1.0
A/TOKYO/EIS11-277/2024|EPI_ISL_19778363,2024-08-15,4.0
A/TOKYO/EIS11-277/2024|EPI_ISL_19778363,2024-08-16,2.0
A/TOKYO/EIS11-277/2024|EPI_ISL_19778363,2024-08-17,2.0
A/TOKYO/EIS11-277/2024|EPI_ISL_19778363,2024-08-19,1.0
A/TOKYO/EIS11-277/2024|EPI_ISL_19778363,2024-08-20,2.0
A/TOKYO/EIS11-277/2024|EPI_ISL_19778363,2024-08-21,2.0
A/TOKYO/EIS11-277/2024|EPI_ISL_19778363,2024-08-23,1.0
A/TOKYO/EIS11-277/2024|EPI_ISL_19778363,2024-08-26,1.0
A/TOKYO/EIS11-277/2024|EPI_ISL_19778363,2024-08-27,3.0
A/TOKYO/EIS11-277/2024|EPI_ISL_19778363,2024-08-28,2.0
A/TOKYO/EIS11-277/2024|EPI_ISL_19778363,2024-08-29,5.0
A/TOKYO/EIS11-277/2024|EPI_ISL_19778363,2024-08-30,1.0
A/TOKYO/EIS11-277/2024|EPI_ISL_19778363,2024-08-31,3.0
A/TOKYO/EIS11-277/2024|EPI_ISL_19778363,2024-09-01,6.0
A/TOKYO/EIS11-277/2024|EPI_ISL_19778363,2024-09-02,3.0
A/TOKYO/EIS11-277/2024|EPI_ISL_19778363,2024-09-03,7.0
A/TOKYO/EIS11-277/2024|EPI_ISL_19778363,2024-09-04,2.0
A/TOKYO/EIS11-277/2024|EPI_ISL_19778363,2024-09-05,4.0
A/TOKYO/EIS11-277/2024|EPI_ISL_19778363,2024-09-06,3.0
A/TOKYO/EIS11-277/2024|EPI_ISL_19778363,2024-09-07,4.0
A/TOKYO/EIS11-277/2024|EPI_ISL_19778363,2024-09-08,1.0
A/TOKYO/EIS11-277/2024|EPI_ISL_19778363,2024-09-09,5.0
A/TOKYO/EIS11-277/2024|EPI_ISL_19778363,2024-09-10,1.0
A/TOKYO/EIS11-277/2024|EPI_ISL_19778363,2024-09-11,4.0
A/TOKYO/EIS11-277/2024|EPI_ISL_19778363,2024-09-12,4.0
A/TOKYO/EIS11-277/2024|EPI_ISL_19778363,2024-09-13,2.0
A/TOKYO/EIS11-277/2024|EPI_ISL_19778363,2024-09-14,1.0
A/TOKYO/EIS11-277/2024|EPI_ISL_19778363,2024-09-15,3.0
A/TOKYO/EIS11-277/2024|EPI_ISL_19778363,2024-09-16,3.0
A/TOKYO/EIS11-277/2024|EPI_ISL_19778363,2024-09-17,3.0
A/TOKYO/EIS11-277/2024|EPI_ISL_19778363,2024-09-18,3.0
A/TOKYO/EIS11-277/2024|EPI_ISL_19778363,2024-09-19,3.0
A/TOKYO/EIS11-277/2024|EPI_ISL_19778363,2024-09-20,5.0
A/TOKYO/EIS11-277/2024|EPI_ISL_19778363,2024-09-21,1.0
A/TOKYO/EIS11-277/2024|EPI_ISL_19778363,2024-09-22,6.0
A/TOKYO/EIS11-277/2024|EPI_ISL_19778363,2024-09-23,4.0
A/TOKYO/EIS11-277/2024|EPI_ISL_19778363,2024-09-24,3.0
A/TOKYO/EIS11-277/2024|EPI_ISL_19778363,2024-09-25,1.0
A/TOKYO/EIS11-277/2024|EPI_ISL_19778363,2024-09-26,5.0
A/TOKYO/EIS11-277/2024|EPI_ISL_19778363,2024-09-27,2.0
A/TOKYO/EIS11-277/2024|EPI_ISL_19778363,2024-09-28,2.0
A/TOKYO/EIS11-277/2024|EPI_ISL_19778363,2024-09-29,1.0
A/TOKYO/EIS11-277/2024|EPI_ISL_19778363,2024-09-30,3.0
A/TOKYO/EIS11-277/2024|EPI_ISL_19778363,2024-10-01,1.0
A/TOKYO/EIS11-277/2024|EPI_ISL_19778363,2024-10-02,3.0
A/TOKYO/EIS11-277/2024|EPI_ISL_19778363,2024-10-03,1.0
A/TOKYO/EIS11-277/2024|EPI_ISL_19778363,2024-10-04,7.0
A/TOKYO/EIS11-277/2024|EPI_ISL_19778363,2024-10-05,3.0
A/TOKYO/EIS11-277/2024|EPI_ISL_19778363,2024-10-06,2.0
A/TOKYO/EIS11-277/2024|EPI_ISL_19778363,2024-10-07,3.0
A/TOKYO/EIS11-277/2024|EPI_ISL_19778363,2024-10-08,8.0
A/TOKYO/EIS11-277/2024|EPI_ISL_19778363,2024-10-09,5.0
A/TOKYO/EIS11-277/2024|EPI_ISL_19778363,2024-10-10,6.0
A/TOKYO/EIS11-277/2024|EPI_ISL_19778363,2024-10-11,3.0
A/TOKYO/EIS11-277/2024|EPI_ISL_19778363,2024-10-12,1.0
A/TOKYO/EIS11-277/2024|EPI_ISL_19778363,2024-10-13,1.0
A/TOKYO/EIS11-277/2024|EPI_ISL_19778363,2024-10-14,7.0
A/TOKYO/EIS11-277/2024|EPI_ISL_19778363,2024-10-15,5.0
A/TOKYO/EIS11-277/2024|EPI_ISL_19778363,2024-10-16,3.0
A/TOKYO/EIS11-277/2024|EPI_ISL_19778363,2024-10-17,2.0
A/TOKYO/EIS11-277/2024|EPI_ISL_19778363,2024-10-18,2.0
A/TOKYO/EIS11-277/2024|EPI_ISL_19778363,2024-10-19,3.0
A/TOKYO/EIS11-277/2024|EPI_ISL_19778363,2024-10-20,3.0
A/TOKYO/EIS11-277/2024|EPI_ISL_19778363,2024-10-21,2.0
A/TOKYO/EIS11-277/2024|EPI_ISL_19778363,2024-10-22,5.0
A/TOKYO/EIS11-277/2024|EPI_ISL_19778363,2024-10-23,2.0
A/TOKYO/EIS11-277/2024|EPI_ISL_19778363,2024-10-24,2.0
A/TOKYO/EIS11-277/2024|EPI_ISL_19778363,2024-10-25,1.0
A/TOKYO/EIS11-277/2024|EPI_ISL_19778363,2024-10-27,1.0
A/TOKYO/EIS11-277/2024|EPI_ISL_19778363,2024-10-28,4.0
A/TOKYO/EIS11-277/2024|EPI_ISL_19778363,2024-10-29,2.0
A/TOKYO/EIS11-277/2024|EPI_ISL_19778363,2024-11-01,3.0
A/TOKYO/EIS11-277/2024|EPI_ISL_19778363,2024-11-02,3.0
A/TOKYO/EIS11-277/2024|EPI_ISL_19778363,2024-11-03,1.0
A/TOKYO/EIS11-277/2024|EPI_ISL_19778363,2024-11-04,2.0
A/TOKYO/EIS11-277/2024|EPI_ISL_19778363,2024-11-05,2.0
A/TOKYO/EIS11-277/2024|EPI_ISL_19778363,2024-11-06,2.0
A/TOKYO/EIS11-277/2024|EPI_ISL_19778363,2024-11-07,2.0
A/TOKYO/EIS11-277/2024|EPI_ISL_19778363,2024-11-09,1.0
A/TOKYO/EIS11-277/2024|EPI_ISL_19778363,2024-11-10,1.0
A/TOKYO/EIS11-277/2024|EPI_ISL_19778363,2024-11-11,7.0
A/TOKYO/EIS11-277/2024|EPI_ISL_19778363,2024-11-12,3.0
A/TOKYO/EIS11-277/2024|EPI_ISL_19778363,2024-11-13,5.0
A/TOKYO/EIS11-277/2024|EPI_ISL_19778363,2024-11-14,3.0
A/TOKYO/EIS11-277/2024|EPI_ISL_19778363,2024-11-15,1.0
A/TOKYO/EIS11-277/2024|EPI_ISL_19778363,2024-11-16,2.0
A/TOKYO/EIS11-277/2024|EPI_ISL_19778363,2024-11-17,2.0
A/TOKYO/EIS11-277/2024|EPI_ISL_19778363,2024-11-18,6.0
A/TOKYO/EIS11-277/2024|EPI_ISL_19778363,2024-11-19,5.0
A/TOKYO/EIS11-277/2024|EPI_ISL_19778363,2024-11-20,6.0
A/TOKYO/EIS11-277/2024|EPI_ISL_19778363,2024-11-21,4.0
A/TOKYO/EIS11-277/2024|EPI_ISL_19778363,2024-11-22,1.0
A/TOKYO/EIS11-277/2024|EPI_ISL_19778363,2024-11-23,3.0
A/TOKYO/EIS11-277/2024|EPI_ISL_19778363,2024-11-24,5.0
A/TOKYO/EIS11-277/2024|EPI_ISL_19778363,2024-11-25,6.0
A/TOKYO/EIS11-277/2024|EPI_ISL_19778363,2024-11-26,9.0
A/TOKYO/EIS11-277/2024|EPI_ISL_19778363,2024-11-27,4.0
A/TOKYO/EIS11-277/2024|EPI_ISL_19778363,2024-11-28,2.0
A/TOKYO/EIS11-277/2024|EPI_ISL_19778363,2024-11-29,10.0
A/TOKYO/EIS11-277/2024|EPI_ISL_19778363,2024-12-01,1.0
A/TOKYO/EIS11-277/2024|EPI_ISL_19778363,2024-12-02,9.0
A/TOKYO/EIS11-277/2024|EPI_ISL_19778363,2024-12-03,4.0
A/TOKYO/EIS11-277/2024|EPI_ISL_19778363,2024-12-04,8.0
A/TOKYO/EIS11-277/2024|EPI_ISL_19778363,2024-12-05,7.0
A/TOKYO/EIS11-277/2024|EPI_ISL_19778363,2024-12-06,6.0
A/TOKYO/EIS11-277/2024|EPI_ISL_19778363,2024-12-07,4.0
A/TOKYO/EIS11-277/2024|EPI_ISL_19778363,2024-12-08,8.0
A/TOKYO/EIS11-277/2024|EPI_ISL_19778363,2024-12-09,16.0
A/TOKYO/EIS11-277/2024|EPI_ISL_19778363,2024-12-10,5.0
A/TOKYO/EIS11-277/2024|EPI_ISL_19778363,2024-12-11,8.0
A/TOKYO/EIS11-277/2024|EPI_ISL_19778363,2024-12-12,8.0
A/TOKYO/EIS11-277/2024|EPI_ISL_19778363,2024-12-13,11.0
A/TOKYO/EIS11-277/2024|EPI_ISL_19778363,2024-12-15,7.0
A/TOKYO/EIS11-277/2024|EPI_ISL_19778363,2024-12-16,14.0
A/TOKYO/EIS11-277/2024|EPI_ISL_19778363,2024-12-17,11.0
A/TOKYO/EIS11-277/2024|EPI_ISL_19778363,2024-12-18,11.0
A/TOKYO/EIS11-277/2024|EPI_ISL_19778363,2024-12-19,6.0
A/TOKYO/EIS11-277/2024|EPI_ISL_19778363,2024-12-20,5.0
A/TOKYO/EIS11-277/2024|EPI_ISL_19778363,2024-12-21,2.0
A/TOKYO/EIS11-277/2024|EPI_ISL_19778363,2024-12-22,6.0
A/TOKYO/EIS11-277/2024|EPI_ISL_19778363,2024-12-23,7.0
A/TOKYO/EIS11-277/2024|EPI_ISL_19778363,2024-12-24,6.0
A/TOKYO/EIS11-277/2024|EPI_ISL_19778363,2024-12-25,3.0
A/TOKYO/EIS11-277/2024|EPI_ISL_19778363,2024-12-26,3.0
A/TOKYO/EIS11-277/2024|EPI_ISL_19778363,2024-12-27,15.0
A/TOKYO/EIS11-277/2024|EPI_ISL_19778363,2024-12-28,5.0
A/TOKYO/EIS11-277/2024|EPI_ISL_19778363,2024-12-29,3.0
A/TOKYO/EIS11-277/2024|EPI_ISL_19778363,2024-12-30,12.0
A/TOKYO/EIS11-277/2024|EPI_ISL_19778363,2024-12-31,10.0
A/TOKYO/EIS11-277/2024|EPI_ISL_19778363,2025-01-01,3.0
A/TOKYO/EIS11-277/2024|EPI_ISL_19778363,2025-01-02,12.0
A/TOKYO/EIS11-277/2024|EPI_ISL_19778363,2025-01-03,12.0
A/TOKYO/EIS11-277/2024|EPI_ISL_19778363,2025-01-04,11.0
A/TOKYO/EIS11-277/2024|EPI_ISL_19778363,2025-01-05,9.0
A/TOKYO/EIS11-277/2024|EPI_ISL_19778363,2025-01-06,14.0
A/TOKYO/EIS11-277/2024|EPI_ISL_19778363,2025-01-07,15.0
A/TOKYO/EIS11-277/2024|EPI_ISL_19778363,2025-01-08,9.0
A/TOKYO/EIS11-277/2024|EPI_ISL_19778363,2025-01-09,9.0
A/TOKYO/EIS11-277/2024|EPI_ISL_19778363,2025-01-10,7.0
A/TOKYO/EIS11-277/2024|EPI_ISL_19778363,2025-01-11,3.0
A/TOKYO/EIS11-277/2024|EPI_ISL_19778363,2025-01-12,5.0
A/TOKYO/EIS11-277/2024|EPI_ISL_19778363,2025-01-13,10.0
A/TOKYO/EIS11-277/2024|EPI_ISL_19778363,2025-01-14,18.0
A/TOKYO/EIS11-277/2024|EPI_ISL_19778363,2025-01-15,11.0
A/TOKYO/EIS11-277/2024|EPI_ISL_19778363,2025-01-16,9.0
A/TOKYO/EIS11-277/2024|EPI_ISL_19778363,2025-01-17,10.0
A/TOKYO/EIS11-277/2024|EPI_ISL_19778363,2025-01-18,6.0
A/TOKYO/EIS11-277/2024|EPI_ISL_19778363,2025-01-19,6.0
A/TOKYO/EIS11-277/2024|EPI_ISL_19778363,2025-01-20,19.0
A/TOKYO/EIS11-277/2024|EPI_ISL_19778363,2025-01-21,10.0
A/TOKYO/EIS11-277/2024|EPI_ISL_19778363,2025-01-22,8.0
A/TOKYO/EIS11-277/2024|EPI_ISL_19778363,2025-01-23,8.0
A/TOKYO/EIS11-277/2024|EPI_ISL_19778363,2025-01-24,11.0
A/TOKYO/EIS11-277/2024|EPI_ISL_19778363,2025-01-25,2.0
A/TOKYO/EIS11-277/2024|EPI_ISL_19778363,2025-01-26,6.0
A/TOKYO/EIS11-277/2024|EPI_ISL_19778363,2025-01-27,12.0
A/TOKYO/EIS11-277/2024|EPI_ISL_19778363,2025-01-28,9.0
A/TOKYO/EIS11-277/2024|EPI_ISL_19778363,2025-01-29,11.0
A/TOKYO/EIS11-277/2024|EPI_ISL_19778363,2025-01-30,9.0
A/TOKYO/EIS11-277/2024|EPI_ISL_19778363,2025-01-31,8.0
A/TOKYO/EIS11-277/2024|EPI_ISL_19778363,2025-02-01,7.0
A/TOKYO/EIS11-277/2024|EPI_ISL_19778363,2025-02-02,8.0
A/TOKYO/EIS11-277/2024|EPI_ISL_19778363,2025-02-03,11.0
A/TOKYO/EIS11-277/2024|EPI_ISL_19778363,2025-02-04,12.0
A/TOKYO/EIS11-277/2024|EPI_ISL_19778363,2025-02-05,8.0
A/TOKYO/EIS11-277/2024|EPI_ISL_19778363,2025-02-06,9.0
A/TOKYO/EIS11-277/2024|EPI_ISL_19778363,2025-02-07,4.0
A/TOKYO/EIS11-277/2024|EPI_ISL_19778363,2025-02-08,3.0
A/TOKYO/EIS11-277/2024|EPI_ISL_19778363,2025-02-09,4.0
A/TOKYO/EIS11-277/2024|EPI_ISL_19778363,2025-02-10,13.0
A/TOKYO/EIS11-277/2024|EPI_ISL_19778363,2025-02-11,10.0
A/TOKYO/EIS11-277/2024|EPI_ISL_19778363,2025-02-12,6.0
A/TOKYO/EIS11-277/2024|EPI_ISL_19778363,2025-02-13,8.0
A/TOKYO/EIS11-277/2024|EPI_ISL_19778363,2025-02-14,4.0
A/TOKYO/EIS11-277/2024|EPI_ISL_19778363,2025-02-15,2.0
A/TOKYO/EIS11-277/2024|EPI_ISL_19778363,2025-02-16,2.0
A/TOKYO/EIS11-277/2024|EPI_ISL_19778363,2025-02-17,2.0
A/TOKYO/EIS11-277/2024|EPI_ISL_19778363,2025-02-18,11.0
A/TOKYO/EIS11-277/2024|EPI_ISL_19778363,2025-02-19,5.0
A/TOKYO/EIS11-277/2024|EPI_ISL_19778363,2025-02-20,4.0
A/TOKYO/EIS11-277/2024|EPI_ISL_19778363,2025-02-21,3.0
A/TOKYO/EIS11-277/2024|EPI_ISL_19778363,2025-02-22,1.0
A/TOKYO/EIS11-277/2024|EPI_ISL_19778363,2025-02-23,2.0
A/TOKYO/EIS11-277/2024|EPI_ISL_19778363,2025-02-24,4.0
A/TOKYO/EIS11-277/2024|EPI_ISL_19778363,2025-02-25,2.0
A/TOKYO/EIS11-277/2024|EPI_ISL_19778363,2025-02-26,2.0
A/TOKYO/EIS11-277/2024|EPI_ISL_19778363,2025-02-27,4.0
A/TOKYO/EIS11-277/2024|EPI_ISL_19778363,2025-02-28,4.0
A/TOKYO/EIS11-277/2024|EPI_ISL_19778363,2025-03-03,1.0
A/TOKYO/EIS11-277/2024|EPI_ISL_19778363,2025-03-04,4.0
A/TOKYO/EIS11-277/2024|EPI_ISL_19778363,2025-03-05,1.0
A/TOKYO/EIS11-277/2024|EPI_ISL_19778363,2025-03-06,2.0
A/TOKYO/EIS11-277/2024|EPI_ISL_19778363,2025-03-07,5.0
A/TOKYO/EIS11-277/2024|EPI_ISL_19778363,2025-03-10,7.0
A/TOKYO/EIS11-277/2024|EPI_ISL_19778363,2025-03-11,2.0
A/TOKYO/EIS11-277/2024|EPI_ISL_19778363,2025-03-12,1.0
A/TOKYO/EIS11-277/2024|EPI_ISL_19778363,2025-03-13,3.0
A/TOKYO/EIS11-277/2024|EPI_ISL_19778363,2025-03-14,5.0
A/TOKYO/EIS11-277/2024|EPI_ISL_19778363,2025-03-17,3.0
A/TOKYO/EIS11-277/2024|EPI_ISL_19778363,2025-03-18,1.0
A/TOKYO/EIS11-277/2024|EPI_ISL_19778363,2025-03-19,1.0
A/TOKYO/EIS11-277/2024|EPI_ISL_19778363,2025-03-20,1.0
A/TOKYO/EIS11-277/2024|EPI_ISL_19778363,2025-03-21,1.0
A/TOKYO/EIS11-277/2024|EPI_ISL_19778363,2025-03-24,1.0
A/TOKYO/EIS11-277/2024|EPI_ISL_19778363,2025-03-25,3.0
A/TOKYO/EIS11-277/2024|EPI_ISL_19778363,2025-03-26,1.0
A/TOKYO/EIS11-277/2024|EPI_ISL_19778363,2025-03-27,2.0
A/TOKYO/EIS11-277/2024|EPI_ISL_19778363,2025-03-28,1.0
A/TOKYO/EIS11-277/2024|EPI_ISL_19778363,2025-03-29,1.0
A/TOKYO/EIS11-277/2024|EPI_ISL_19778363,2025-03-30,1.0
A/TOKYO/EIS11-277/2024|EPI_ISL_19778363,2025-03-31,1.0
A/TOKYO/EIS11-277/2024|EPI_ISL_19778363,2025-04-01,5.0
A/TOKYO/EIS11-277/2024|EPI_ISL_19778363,2025-04-02,1.0
A/TOKYO/EIS11-277/2024|EPI_ISL_19778363,2025-04-03,1.0
A/TOKYO/EIS11-277/2024|EPI_ISL_19778363,2025-04-04,1.0
A/TOKYO/EIS11-277/2024|EPI_ISL_19778363,2025-04-08,1.0
A/TOKYO/EIS11-277/2024|EPI_ISL_19778363,2025-04-09,2.0
A/TOKYO/EIS11-277/2024|EPI_ISL_19778363,2025-04-14,1.0
A/TOKYO/EIS11-277/2024|EPI_ISL_19778363,2025-04-16,1.0
A/TOKYO/EIS11-277/2024|EPI_ISL_19778363,2025-04-25,1.0
A/TOKYO/EIS11-277/2024|EPI_ISL_19778363,2025-04-29,1.0
A/TOKYO/EIS11-277/2024|EPI_ISL_19778363,2025-05-04,1.0
A/TOKYO/EIS11-277/2024|EPI_ISL_19778363,2025-05-05,3.0
A/TOKYO/EIS11-277/2024|EPI_ISL_19778363,2025-06-13,1.0
A/TOKYO/EIS11-277/2024|EPI_ISL_19778363,2025-06-20,1.0
A/TOKYO/EIS11-277/2024|EPI_ISL_19778363,2025-06-23,1.0
A/Tambov/160-1V/2024|EPI_ISL_19737952,2024-11-15,1.0
A/Tambov/160-1V/2024|EPI_ISL_19737952,2024-12-17,2.0
A/Tambov/160-1V/2024|EPI_ISL_19737952,2024-12-19,1.0
A/Tambov/160-1V/2024|EPI_ISL_19737952,2024-12-23,2.0
A/Tambov/160-1V/2024|EPI_ISL_19737952,2024-12-26,1.0
A/Tambov/160-1V/2024|EPI_ISL_19737952,2025-01-02,1.0
A/Tambov/160-1V/2024|EPI_ISL_19737952,2025-01-06,1.0
A/Tambov/160-1V/2024|EPI_ISL_19737952,2025-01-09,1.0
A/Tambov/160-1V/2024|EPI_ISL_19737952,2025-01-15,1.0
A/Tennessee/04/2025|EPI_ISL_19726682,2025-01-05,1.0
A/Tennessee/04/2025|EPI_ISL_19726682,2025-01-28,1.0
A/Ufa/CRIE/47/2024|EPI_ISL_19589431,2024-09-17,1.0
A/Ufa/CRIE/47/2024|EPI_ISL_19589431,2024-11-04,1.0
A/Ufa/CRIE/47/2024|EPI_ISL_19589431,2024-11-18,1.0
A/Ufa/CRIE/47/2024|EPI_ISL_19589431,2024-11-19,1.0
A/Ufa/CRIE/47/2024|EPI_ISL_19589431,2024-11-21,1.0
A/Ufa/CRIE/47/2024|EPI_ISL_19589431,2024-11-22,1.0
A/Ufa/CRIE/47/2024|EPI_ISL_19589431,2024-11-28,1.0
A/Ufa/CRIE/47/2024|EPI_ISL_19589431,2024-11-29,1.0
A/Ufa/CRIE/47/2024|EPI_ISL_19589431,2024-12-01,1.0
A/Ufa/CRIE/47/2024|EPI_ISL_19589431,2024-12-02,1.0
A/Ufa/CRIE/47/2024|EPI_ISL_19589431,2024-12-03,1.0
A/Ufa/CRIE/47/2024|EPI_ISL_19589431,2024-12-04,2.0
A/Ufa/CRIE/47/2024|EPI_ISL_19589431,2024-12-05,2.0
A/Ufa/CRIE/47/2024|EPI_ISL_19589431,2024-12-06,4.0
A/Ufa/CRIE/47/2024|EPI_ISL_19589431,2024-12-09,5.0
A/Ufa/CRIE/47/2024|EPI_ISL_19589431,2024-12-10,4.0
A/Ufa/CRIE/47/2024|EPI_ISL_19589431,2024-12-11,1.0
A/Ufa/CRIE/47/2024|EPI_ISL_19589431,2024-12-12,1.0
A/Ufa/CRIE/47/2024|EPI_ISL_19589431,2024-12-13,2.0
A/Ufa/CRIE/47/2024|EPI_ISL_19589431,2024-12-15,2.0
A/Ufa/CRIE/47/2024|EPI_ISL_19589431,2024-12-16,2.0
A/Ufa/CRIE/47/2024|EPI_ISL_19589431,2024-12-17,3.0
A/Ufa/CRIE/47/2024|EPI_ISL_19589431,2024-12-19,3.0
A/Ufa/CRIE/47/2024|EPI_ISL_19589431,2024-12-20,2.0
A/Ufa/CRIE/47/2024|EPI_ISL_19589431,2024-12-21,1.0
A/Ufa/CRIE/47/2024|EPI_ISL_19589431,2024-12-22,1.0
A/Ufa/CRIE/47/2024|EPI_ISL_19589431,2024-12-23,2.0
A/Ufa/CRIE/47/2024|EPI_ISL_19589431,2024-12-24,5.0
A/Ufa/CRIE/47/2024|EPI_ISL_19589431,2024-12-25,1.0
A/Ufa/CRIE/47/2024|EPI_ISL_19589431,2024-12-26,4.0
A/Ufa/CRIE/47/2024|EPI_ISL_19589431,2024-12-27,2.0
A/Ufa/CRIE/47/2024|EPI_ISL_19589431,2024-12-30,1.0
A/Ufa/CRIE/47/2024|EPI_ISL_19589431,2024-12-31,2.0
A/Ufa/CRIE/47/2024|EPI_ISL_19589431,2025-01-01,1.0
A/Ufa/CRIE/47/2024|EPI_ISL_19589431,2025-01-02,4.0
A/Ufa/CRIE/47/2024|EPI_ISL_19589431,2025-01-03,6.0
A/Ufa/CRIE/47/2024|EPI_ISL_19589431,2025-01-04,1.0
A/Ufa/CRIE/47/2024|EPI_ISL_19589431,2025-01-06,1.0
A/Ufa/CRIE/47/2024|EPI_ISL_19589431,2025-01-07,4.0
A/Ufa/CRIE/47/2024|EPI_ISL_19589431,2025-01-08,4.0
A/Ufa/CRIE/47/2024|EPI_ISL_19589431,2025-01-09,5.0
A/Ufa/CRIE/47/2024|EPI_ISL_19589431,2025-01-10,3.0
A/Ufa/CRIE/47/2024|EPI_ISL_19589431,2025-01-11,3.0
A/Ufa/CRIE/47/2024|EPI_ISL_19589431,2025-01-12,1.0
A/Ufa/CRIE/47/2024|EPI_ISL_19589431,2025-01-13,6.0
A/Ufa/CRIE/47/2024|EPI_ISL_19589431,2025-01-14,4.0
A/Ufa/CRIE/47/2024|EPI_ISL_19589431,2025-01-15,3.0
A/Ufa/CRIE/47/2024|EPI_ISL_19589431,2025-01-16,5.0
A/Ufa/CRIE/47/2024|EPI_ISL_19589431,2025-01-17,6.0
A/Ufa/CRIE/47/2024|EPI_ISL_19589431,2025-01-18,3.0
A/Ufa/CRIE/47/2024|EPI_ISL_19589431,2025-01-19,1.0
A/Ufa/CRIE/47/2024|EPI_ISL_19589431,2025-01-20,4.0
A/Ufa/CRIE/47/2024|EPI_ISL_19589431,2025-01-21,2.0
A/Ufa/CRIE/47/2024|EPI_ISL_19589431,2025-01-22,2.0
A/Ufa/CRIE/47/2024|EPI_ISL_19589431,2025-01-23,2.0
A/Ufa/CRIE/47/2024|EPI_ISL_19589431,2025-01-24,3.0
A/Ufa/CRIE/47/2024|EPI_ISL_19589431,2025-01-25,2.0
A/Ufa/CRIE/47/2024|EPI_ISL_19589431,2025-01-26,1.0
A/Ufa/CRIE/47/2024|EPI_ISL_19589431,2025-01-27,6.0
A/Ufa/CRIE/47/2024|EPI_ISL_19589431,2025-01-30,2.0
A/Ufa/CRIE/47/2024|EPI_ISL_19589431,2025-01-31,1.0
A/Ufa/CRIE/47/2024|EPI_ISL_19589431,2025-02-01,1.0
A/Ufa/CRIE/47/2024|EPI_ISL_19589431,2025-02-03,1.0
A/Ufa/CRIE/47/2024|EPI_ISL_19589431,2025-02-04,2.0
A/Ufa/CRIE/47/2024|EPI_ISL_19589431,2025-02-05,2.0
A/Ufa/CRIE/47/2024|EPI_ISL_19589431,2025-02-06,1.0
A/Ufa/CRIE/47/2024|EPI_ISL_19589431,2025-02-07,2.0
A/Ufa/CRIE/47/2024|EPI_ISL_19589431,2025-02-09,1.0
A/Ufa/CRIE/47/2024|EPI_ISL_19589431,2025-02-10,2.0
A/Ufa/CRIE/47/2024|EPI_ISL_19589431,2025-02-12,1.0
A/Ufa/CRIE/47/2024|EPI_ISL_19589431,2025-02-14,1.0
A/Ufa/CRIE/47/2024|EPI_ISL_19589431,2025-02-16,2.0
A/Ufa/CRIE/47/2024|EPI_ISL_19589431,2025-02-17,2.0
A/Ufa/CRIE/47/2024|EPI_ISL_19589431,2025-02-18,1.0
A/Ufa/CRIE/47/2024|EPI_ISL_19589431,2025-02-19,1.0
A/Ufa/CRIE/47/2024|EPI_ISL_19589431,2025-02-20,1.0
A/Ufa/CRIE/47/2024|EPI_ISL_19589431,2025-02-23,1.0
A/Ufa/CRIE/47/2024|EPI_ISL_19589431,2025-02-25,2.0
A/Ufa/CRIE/47/2024|EPI_ISL_19589431,2025-03-03,2.0
A/Ufa/CRIE/47/2024|EPI_ISL_19589431,2025-03-05,1.0
A/Ufa/CRIE/47/2024|EPI_ISL_19589431,2025-03-10,1.0
A/Ufa/CRIE/47/2024|EPI_ISL_19589431,2025-03-17,1.0
A/Ufa/CRIE/47/2024|EPI_ISL_19589431,2025-03-27,2.0
A/Ufa/CRIE/47/2024|EPI_ISL_19589431,2025-04-01,1.0
A/Ufa/CRIE/47/2024|EPI_ISL_19589431,2025-04-02,1.0
A/Ufa/CRIE/47/2024|EPI_ISL_19589431,2025-04-11,1.0
A/Uganda/UVRI_KIS6850_2024|EPI_ISL_19780477,2024-11-13,1.0
A/Ulsan/492/2025|EPI_ISL_19794466,2024-11-16,1.0
A/Ulsan/492/2025|EPI_ISL_19794466,2024-11-28,1.0
A/Ulsan/492/2025|EPI_ISL_19794466,2024-12-02,1.0
A/Ulsan/492/2025|EPI_ISL_19794466,2024-12-04,1.0
A/Ulsan/492/2025|EPI_ISL_19794466,2024-12-11,1.0
A/Ulsan/492/2025|EPI_ISL_19794466,2024-12-17,1.0
A/Ulsan/492/2025|EPI_ISL_19794466,2024-12-25,1.0
A/Ulsan/492/2025|EPI_ISL_19794466,2024-12-31,1.0
A/Ulsan/492/2025|EPI_ISL_19794466,2025-01-07,1.0
A/Ulsan/492/2025|EPI_ISL_19794466,2025-01-13,2.0
A/Ulsan/492/2025|EPI_ISL_19794466,2025-01-14,1.0
A/Ulsan/492/2025|EPI_ISL_19794466,2025-01-19,1.0
A/Ulsan/492/2025|EPI_ISL_19794466,2025-01-20,2.0
A/Ulsan/492/2025|EPI_ISL_19794466,2025-01-23,1.0
A/Ulsan/492/2025|EPI_ISL_19794466,2025-01-25,1.0
A/Ulsan/492/2025|EPI_ISL_19794466,2025-01-27,1.0
A/Ulsan/492/2025|EPI_ISL_19794466,2025-02-04,2.0
A/Ulsan/492/2025|EPI_ISL_19794466,2025-02-10,1.0
A/Ulsan/492/2025|EPI_ISL_19794466,2025-02-14,1.0
A/Ulsan/492/2025|EPI_ISL_19794466,2025-02-22,1.0
A/Ulsan/492/2025|EPI_ISL_19794466,2025-02-24,1.0
A/Ulsan/492/2025|EPI_ISL_19794466,2025-03-26,1.0
A/Ulsan/492/2025|EPI_ISL_19794466,2025-04-29,1.0
A/Utah/39/2025|EPI_ISL_19843635,2024-04-18,1.0
A/Utah/39/2025|EPI_ISL_19843635,2024-04-21,1.0
A/Utah/39/2025|EPI_ISL_19843635,2024-04-22,3.0
A/Utah/39/2025|EPI_ISL_19843635,2024-04-23,2.0
A/Utah/39/2025|EPI_ISL_19843635,2024-04-25,1.0
A/Utah/39/2025|EPI_ISL_19843635,2024-04-26,3.0
A/Utah/39/2025|EPI_ISL_19843635,2024-04-29,1.0
A/Utah/39/2025|EPI_ISL_19843635,2024-04-30,5.0
A/Utah/39/2025|EPI_ISL_19843635,2024-05-03,1.0
A/Utah/39/2025|EPI_ISL_19843635,2024-05-05,2.0
A/Utah/39/2025|EPI_ISL_19843635,2024-05-09,1.0
A/Utah/39/2025|EPI_ISL_19843635,2024-05-10,1.0
A/Utah/39/2025|EPI_ISL_19843635,2024-05-11,1.0
A/Utah/39/2025|EPI_ISL_19843635,2024-05-22,2.0
A/Utah/39/2025|EPI_ISL_19843635,2024-05-26,1.0
A/Utah/39/2025|EPI_ISL_19843635,2024-05-30,2.0
A/Utah/39/2025|EPI_ISL_19843635,2024-05-31,1.0
A/Utah/39/2025|EPI_ISL_19843635,2024-06-02,1.0
A/Utah/39/2025|EPI_ISL_19843635,2024-06-04,1.0
A/Utah/39/2025|EPI_ISL_19843635,2024-06-06,2.0
A/Utah/39/2025|EPI_ISL_19843635,2024-06-08,1.0
A/Utah/39/2025|EPI_ISL_19843635,2024-06-10,2.0
A/Utah/39/2025|EPI_ISL_19843635,2024-06-12,2.0
A/Utah/39/2025|EPI_ISL_19843635,2024-06-14,1.0
A/Utah/39/2025|EPI_ISL_19843635,2024-06-16,2.0
A/Utah/39/2025|EPI_ISL_19843635,2024-06-17,2.0
A/Utah/39/2025|EPI_ISL_19843635,2024-06-20,1.0
A/Utah/39/2025|EPI_ISL_19843635,2024-06-21,1.0
A/Utah/39/2025|EPI_ISL_19843635,2024-06-24,1.0
A/Utah/39/2025|EPI_ISL_19843635,2024-06-26,1.0
A/Utah/39/2025|EPI_ISL_19843635,2024-06-28,1.0
A/Utah/39/2025|EPI_ISL_19843635,2024-07-12,1.0
A/Utah/39/2025|EPI_ISL_19843635,2024-07-14,1.0
A/Utah/39/2025|EPI_ISL_19843635,2024-07-18,1.0
A/Utah/39/2025|EPI_ISL_19843635,2024-07-19,1.0
A/Utah/39/2025|EPI_ISL_19843635,2024-07-22,1.0
A/Utah/39/2025|EPI_ISL_19843635,2024-07-26,1.0
A/Utah/39/2025|EPI_ISL_19843635,2024-08-07,5.0
A/Utah/39/2025|EPI_ISL_19843635,2024-08-09,1.0
A/Utah/39/2025|EPI_ISL_19843635,2024-08-10,1.0
A/Utah/39/2025|EPI_ISL_19843635,2024-08-15,2.0
A/Utah/39/2025|EPI_ISL_19843635,2024-08-22,1.0
A/Utah/39/2025|EPI_ISL_19843635,2024-08-23,1.0
A/Utah/39/2025|EPI_ISL_19843635,2024-09-02,2.0
A/Utah/39/2025|EPI_ISL_19843635,2024-09-06,1.0
A/Utah/39/2025|EPI_ISL_19843635,2024-09-07,1.0
A/Utah/39/2025|EPI_ISL_19843635,2024-09-08,2.0
A/Utah/39/2025|EPI_ISL_19843635,2024-09-09,1.0
A/Utah/39/2025|EPI_ISL_19843635,2024-09-10,1.0
A/Utah/39/2025|EPI_ISL_19843635,2024-09-19,2.0
A/Utah/39/2025|EPI_ISL_19843635,2024-09-22,1.0
A/Utah/39/2025|EPI_ISL_19843635,2024-09-24,1.0
A/Utah/39/2025|EPI_ISL_19843635,2024-09-25,1.0
A/Utah/39/2025|EPI_ISL_19843635,2024-09-26,1.0
A/Utah/39/2025|EPI_ISL_19843635,2024-09-27,2.0
A/Utah/39/2025|EPI_ISL_19843635,2024-10-03,1.0
A/Utah/39/2025|EPI_ISL_19843635,2024-10-12,1.0
A/Utah/39/2025|EPI_ISL_19843635,2024-10-21,1.0
A/Utah/39/2025|EPI_ISL_19843635,2024-10-23,1.0
A/Utah/39/2025|EPI_ISL_19843635,2024-10-28,1.0
A/Utah/39/2025|EPI_ISL_19843635,2024-11-09,1.0
A/Utah/39/2025|EPI_ISL_19843635,2024-11-10,1.0
A/Utah/39/2025|EPI_ISL_19843635,2024-11-11,1.0
A/Utah/39/2025|EPI_ISL_19843635,2024-11-13,1.0
A/Utah/39/2025|EPI_ISL_19843635,2024-11-15,1.0
A/Utah/39/2025|EPI_ISL_19843635,2024-11-19,2.0
A/Utah/39/2025|EPI_ISL_19843635,2024-11-20,2.0
A/Utah/39/2025|EPI_ISL_19843635,2024-11-21,1.0
A/Utah/39/2025|EPI_ISL_19843635,2024-11-22,1.0
A/Utah/39/2025|EPI_ISL_19843635,2024-11-25,4.0
A/Utah/39/2025|EPI_ISL_19843635,2024-11-26,2.0
A/Utah/39/2025|EPI_ISL_19843635,2024-11-28,1.0
A/Utah/39/2025|EPI_ISL_19843635,2024-11-29,1.0
A/Utah/39/2025|EPI_ISL_19843635,2024-12-01,2.0
A/Utah/39/2025|EPI_ISL_19843635,2024-12-02,4.0
A/Utah/39/2025|EPI_ISL_19843635,2024-12-03,2.0
A/Utah/39/2025|EPI_ISL_19843635,2024-12-04,1.0
A/Utah/39/2025|EPI_ISL_19843635,2024-12-05,3.0
A/Utah/39/2025|EPI_ISL_19843635,2024-12-06,5.0
A/Utah/39/2025|EPI_ISL_19843635,2024-12-07,2.0
A/Utah/39/2025|EPI_ISL_19843635,2024-12-08,3.0
A/Utah/39/2025|EPI_ISL_19843635,2024-12-09,5.0
A/Utah/39/2025|EPI_ISL_19843635,2024-12-10,1.0
A/Utah/39/2025|EPI_ISL_19843635,2024-12-11,3.0
A/Utah/39/2025|EPI_ISL_19843635,2024-12-12,3.0
A/Utah/39/2025|EPI_ISL_19843635,2024-12-14,2.0
A/Utah/39/2025|EPI_ISL_19843635,2024-12-15,10.0
A/Utah/39/2025|EPI_ISL_19843635,2024-12-16,9.0
A/Utah/39/2025|EPI_ISL_19843635,2024-12-17,4.0
A/Utah/39/2025|EPI_ISL_19843635,2024-12-18,2.0
A/Utah/39/2025|EPI_ISL_19843635,2024-12-19,5.0
A/Utah/39/2025|EPI_ISL_19843635,2024-12-20,2.0
A/Utah/39/2025|EPI_ISL_19843635,2024-12-21,3.0
A/Utah/39/2025|EPI_ISL_19843635,2024-12-22,4.0
A/Utah/39/2025|EPI_ISL_19843635,2024-12-23,9.0
A/Utah/39/2025|EPI_ISL_19843635,2024-12-24,5.0
A/Utah/39/2025|EPI_ISL_19843635,2024-12-25,5.0
A/Utah/39/2025|EPI_ISL_19843635,2024-12-26,6.0
A/Utah/39/2025|EPI_ISL_19843635,2024-12-27,6.0
A/Utah/39/2025|EPI_ISL_19843635,2024-12-28,6.0
A/Utah/39/2025|EPI_ISL_19843635,2024-12-29,12.0
A/Utah/39/2025|EPI_ISL_19843635,2024-12-30,9.0
A/Utah/39/2025|EPI_ISL_19843635,2024-12-31,9.0
A/Utah/39/2025|EPI_ISL_19843635,2025-01-01,10.0
A/Utah/39/2025|EPI_ISL_19843635,2025-01-02,12.0
A/Utah/39/2025|EPI_ISL_19843635,2025-01-03,15.0
A/Utah/39/2025|EPI_ISL_19843635,2025-01-04,16.0
A/Utah/39/2025|EPI_ISL_19843635,2025-01-05,10.0
A/Utah/39/2025|EPI_ISL_19843635,2025-01-06,18.0
A/Utah/39/2025|EPI_ISL_19843635,2025-01-07,4.0
A/Utah/39/2025|EPI_ISL_19843635,2025-01-08,16.0
A/Utah/39/2025|EPI_ISL_19843635,2025-01-09,13.0
A/Utah/39/2025|EPI_ISL_19843635,2025-01-10,15.0
A/Utah/39/2025|EPI_ISL_19843635,2025-01-11,9.0
A/Utah/39/2025|EPI_ISL_19843635,2025-01-12,9.0
A/Utah/39/2025|EPI_ISL_19843635,2025-01-13,25.0
A/Utah/39/2025|EPI_ISL_19843635,2025-01-14,25.0
A/Utah/39/2025|EPI_ISL_19843635,2025-01-15,14.0
A/Utah/39/2025|EPI_ISL_19843635,2025-01-16,30.0
A/Utah/39/2025|EPI_ISL_19843635,2025-01-17,14.0
A/Utah/39/2025|EPI_ISL_19843635,2025-01-18,19.0
A/Utah/39/2025|EPI_ISL_19843635,2025-01-19,23.0
A/Utah/39/2025|EPI_ISL_19843635,2025-01-20,34.0
A/Utah/39/2025|EPI_ISL_19843635,2025-01-21,30.0
A/Utah/39/2025|EPI_ISL_19843635,2025-01-22,22.0
A/Utah/39/2025|EPI_ISL_19843635,2025-01-23,37.0
A/Utah/39/2025|EPI_ISL_19843635,2025-01-24,34.0
A/Utah/39/2025|EPI_ISL_19843635,2025-01-25,14.0
A/Utah/39/2025|EPI_ISL_19843635,2025-01-26,25.0
A/Utah/39/2025|EPI_ISL_19843635,2025-01-27,42.0
A/Utah/39/2025|EPI_ISL_19843635,2025-01-28,57.0
A/Utah/39/2025|EPI_ISL_19843635,2025-01-29,48.0
A/Utah/39/2025|EPI_ISL_19843635,2025-01-30,44.0
A/Utah/39/2025|EPI_ISL_19843635,2025-01-31,32.0
A/Utah/39/2025|EPI_ISL_19843635,2025-02-01,31.0
A/Utah/39/2025|EPI_ISL_19843635,2025-02-02,35.0
A/Utah/39/2025|EPI_ISL_19843635,2025-02-03,58.0
A/Utah/39/2025|EPI_ISL_19843635,2025-02-04,54.0
A/Utah/39/2025|EPI_ISL_19843635,2025-02-05,59.0
A/Utah/39/2025|EPI_ISL_19843635,2025-02-06,48.0
A/Utah/39/2025|EPI_ISL_19843635,2025-02-07,28.0
A/Utah/39/2025|EPI_ISL_19843635,2025-02-08,42.0
A/Utah/39/2025|EPI_ISL_19843635,2025-02-09,28.0
A/Utah/39/2025|EPI_ISL_19843635,2025-02-10,75.0
A/Utah/39/2025|EPI_ISL_19843635,2025-02-11,54.0
A/Utah/39/2025|EPI_ISL_19843635,2025-02-12,53.0
A/Utah/39/2025|EPI_ISL_19843635,2025-02-13,58.0
A/Utah/39/2025|EPI_ISL_19843635,2025-02-14,45.0
A/Utah/39/2025|EPI_ISL_19843635,2025-02-15,21.0
A/Utah/39/2025|EPI_ISL_19843635,2025-02-16,36.0
A/Utah/39/2025|EPI_ISL_19843635,2025-02-17,65.0
A/Utah/39/2025|EPI_ISL_19843635,2025-02-18,52.0
A/Utah/39/2025|EPI_ISL_19843635,2025-02-19,65.0
A/Utah/39/2025|EPI_ISL_19843635,2025-02-20,65.0
A/Utah/39/2025|EPI_ISL_19843635,2025-02-21,46.0
A/Utah/39/2025|EPI_ISL_19843635,2025-02-22,32.0
A/Utah/39/2025|EPI_ISL_19843635,2025-02-23,39.0
A/Utah/39/2025|EPI_ISL_19843635,2025-02-24,69.0
A/Utah/39/2025|EPI_ISL_19843635,2025-02-25,72.0
A/Utah/39/2025|EPI_ISL_19843635,2025-02-26,69.0
A/Utah/39/2025|EPI_ISL_19843635,2025-02-27,57.0
A/Utah/39/2025|EPI_ISL_19843635,2025-02-28,41.0
A/Utah/39/2025|EPI_ISL_19843635,2025-03-01,40.0
A/Utah/39/2025|EPI_ISL_19843635,2025-03-02,33.0
A/Utah/39/2025|EPI_ISL_19843635,2025-03-03,70.0
A/Utah/39/2025|EPI_ISL_19843635,2025-03-04,61.0
A/Utah/39/2025|EPI_ISL_19843635,2025-03-05,38.0
A/Utah/39/2025|EPI_ISL_19843635,2025-03-06,45.0
A/Utah/39/2025|EPI_ISL_19843635,2025-03-07,30.0
A/Utah/39/2025|EPI_ISL_19843635,2025-03-08,26.0
A/Utah/39/2025|EPI_ISL_19843635,2025-03-09,38.0
A/Utah/39/2025|EPI_ISL_19843635,2025-03-10,64.0
A/Utah/39/2025|EPI_ISL_19843635,2025-03-11,55.0
A/Utah/39/2025|EPI_ISL_19843635,2025-03-12,58.0
A/Utah/39/2025|EPI_ISL_19843635,2025-03-13,44.0
A/Utah/39/2025|EPI_ISL_19843635,2025-03-14,46.0
A/Utah/39/2025|EPI_ISL_19843635,2025-03-15,28.0
A/Utah/39/2025|EPI_ISL_19843635,2025-03-16,32.0
A/Utah/39/2025|EPI_ISL_19843635,2025-03-17,73.0
A/Utah/39/2025|EPI_ISL_19843635,2025-03-18,59.0
A/Utah/39/2025|EPI_ISL_19843635,2025-03-19,45.0
A/Utah/39/2025|EPI_ISL_19843635,2025-03-20,52.0
A/Utah/39/2025|EPI_ISL_19843635,2025-03-21,52.0
A/Utah/39/2025|EPI_ISL_19843635,2025-03-22,32.0
A/Utah/39/2025|EPI_ISL_19843635,2025-03-23,43.0
A/Utah/39/2025|EPI_ISL_19843635,2025-03-24,61.0
A/Utah/39/2025|EPI_ISL_19843635,2025-03-25,49.0
A/Utah/39/2025|EPI_ISL_19843635,2025-03-26,53.0
A/Utah/39/2025|EPI_ISL_19843635,2025-03-27,46.0
A/Utah/39/2025|EPI_ISL_19843635,2025-03-28,37.0
A/Utah/39/2025|EPI_ISL_19843635,2025-03-29,25.0
A/Utah/39/2025|EPI_ISL_19843635,2025-03-30,26.0
A/Utah/39/2025|EPI_ISL_19843635,2025-03-31,50.0
A/Utah/39/2025|EPI_ISL_19843635,2025-04-01,53.0
A/Utah/39/2025|EPI_ISL_19843635,2025-04-02,47.0
A/Utah/39/2025|EPI_ISL_19843635,2025-04-03,49.0
A/Utah/39/2025|EPI_ISL_19843635,2025-04-04,38.0
A/Utah/39/2025|EPI_ISL_19843635,2025-04-05,26.0
A/Utah/39/2025|EPI_ISL_19843635,2025-04-06,32.0
A/Utah/39/2025|EPI_ISL_19843635,2025-04-07,55.0
A/Utah/39/2025|EPI_ISL_19843635,2025-04-08,41.0
A/Utah/39/2025|EPI_ISL_19843635,2025-04-09,49.0
A/Utah/39/2025|EPI_ISL_19843635,2025-04-10,31.0
A/Utah/39/2025|EPI_ISL_19843635,2025-04-11,40.0
A/Utah/39/2025|EPI_ISL_19843635,2025-04-12,19.0
A/Utah/39/2025|EPI_ISL_19843635,2025-04-13,37.0
A/Utah/39/2025|EPI_ISL_19843635,2025-04-14,53.0
A/Utah/39/2025|EPI_ISL_19843635,2025-04-15,43.0
A/Utah/39/2025|EPI_ISL_19843635,2025-04-16,41.0
A/Utah/39/2025|EPI_ISL_19843635,2025-04-17,39.0
A/Utah/39/2025|EPI_ISL_19843635,2025-04-18,24.0
A/Utah/39/2025|EPI_ISL_19843635,2025-04-19,21.0
A/Utah/39/2025|EPI_ISL_19843635,2025-04-20,19.0
A/Utah/39/2025|EPI_ISL_19843635,2025-04-21,42.0
A/Utah/39/2025|EPI_ISL_19843635,2025-04-22,41.0
A/Utah/39/2025|EPI_ISL_19843635,2025-04-23,36.0
A/Utah/39/2025|EPI_ISL_19843635,2025-04-24,31.0
A/Utah/39/2025|EPI_ISL_19843635,2025-04-25,26.0
A/Utah/39/2025|EPI_ISL_19843635,2025-04-26,20.0
A/Utah/39/2025|EPI_ISL_19843635,2025-04-27,14.0
A/Utah/39/2025|EPI_ISL_19843635,2025-04-28,35.0
A/Utah/39/2025|EPI_ISL_19843635,2025-04-29,40.0
A/Utah/39/2025|EPI_ISL_19843635,2025-04-30,32.0
A/Utah/39/2025|EPI_ISL_19843635,2025-05-01,32.0
A/Utah/39/2025|EPI_ISL_19843635,2025-05-02,28.0
A/Utah/39/2025|EPI_ISL_19843635,2025-05-03,16.0
A/Utah/39/2025|EPI_ISL_19843635,2025-05-04,19.0
A/Utah/39/2025|EPI_ISL_19843635,2025-05-05,32.0
A/Utah/39/2025|EPI_ISL_19843635,2025-05-06,38.0
A/Utah/39/2025|EPI_ISL_19843635,2025-05-07,29.0
A/Utah/39/2025|EPI_ISL_19843635,2025-05-08,25.0
A/Utah/39/2025|EPI_ISL_19843635,2025-05-09,16.0
A/Utah/39/2025|EPI_ISL_19843635,2025-05-10,10.0
A/Utah/39/2025|EPI_ISL_19843635,2025-05-11,23.0
A/Utah/39/2025|EPI_ISL_19843635,2025-05-12,21.0
A/Utah/39/2025|EPI_ISL_19843635,2025-05-13,24.0
A/Utah/39/2025|EPI_ISL_19843635,2025-05-14,39.0
A/Utah/39/2025|EPI_ISL_19843635,2025-05-15,28.0
A/Utah/39/2025|EPI_ISL_19843635,2025-05-16,21.0
A/Utah/39/2025|EPI_ISL_19843635,2025-05-17,16.0
A/Utah/39/2025|EPI_ISL_19843635,2025-05-18,12.0
A/Utah/39/2025|EPI_ISL_19843635,2025-05-19,40.0
A/Utah/39/2025|EPI_ISL_19843635,2025-05-20,31.0
A/Utah/39/2025|EPI_ISL_19843635,2025-05-21,29.0
A/Utah/39/2025|EPI_ISL_19843635,2025-05-22,21.0
A/Utah/39/2025|EPI_ISL_19843635,2025-05-23,18.0
A/Utah/39/2025|EPI_ISL_19843635,2025-05-24,9.0
A/Utah/39/2025|EPI_ISL_19843635,2025-05-25,13.0
A/Utah/39/2025|EPI_ISL_19843635,2025-05-26,29.0
A/Utah/39/2025|EPI_ISL_19843635,2025-05-27,16.0
A/Utah/39/2025|EPI_ISL_19843635,2025-05-28,28.0
A/Utah/39/2025|EPI_ISL_19843635,2025-05-29,18.0
A/Utah/39/2025|EPI_ISL_19843635,2025-05-30,17.0
A/Utah/39/2025|EPI_ISL_19843635,2025-05-31,21.0
A/Utah/39/2025|EPI_ISL_19843635,2025-06-01,15.0
A/Utah/39/2025|EPI_ISL_19843635,2025-06-02,20.0
A/Utah/39/2025|EPI_ISL_19843635,2025-06-03,20.0
A/Utah/39/2025|EPI_ISL_19843635,2025-06-04,12.0
A/Utah/39/2025|EPI_ISL_19843635,2025-06-05,13.0
A/Utah/39/2025|EPI_ISL_19843635,2025-06-06,20.0
A/Utah/39/2025|EPI_ISL_19843635,2025-06-07,17.0
A/Utah/39/2025|EPI_ISL_19843635,2025-06-08,19.0
A/Utah/39/2025|EPI_ISL_19843635,2025-06-09,23.0
A/Utah/39/2025|EPI_ISL_19843635,2025-06-10,30.0
A/Utah/39/2025|EPI_ISL_19843635,2025-06-11,22.0
A/Utah/39/2025|EPI_ISL_19843635,2025-06-12,17.0
A/Utah/39/2025|EPI_ISL_19843635,2025-06-13,19.0
A/Utah/39/2025|EPI_ISL_19843635,2025-06-14,15.0
A/Utah/39/2025|EPI_ISL_19843635,2025-06-15,15.0
A/Utah/39/2025|EPI_ISL_19843635,2025-06-16,18.0
A/Utah/39/2025|EPI_ISL_19843635,2025-06-17,13.0
A/Utah/39/2025|EPI_ISL_19843635,2025-06-18,12.0
A/Utah/39/2025|EPI_ISL_19843635,2025-06-19,8.0
A/Utah/39/2025|EPI_ISL_19843635,2025-06-20,25.0
A/Utah/39/2025|EPI_ISL_19843635,2025-06-21,20.0
A/Utah/39/2025|EPI_ISL_19843635,2025-06-22,8.0
A/Utah/39/2025|EPI_ISL_19843635,2025-06-23,15.0
A/Utah/39/2025|EPI_ISL_19843635,2025-06-24,5.0
A/Utah/39/2025|EPI_ISL_19843635,2025-06-25,14.0
A/Utah/39/2025|EPI_ISL_19843635,2025-06-26,12.0
A/Utah/39/2025|EPI_ISL_19843635,2025-06-27,27.0
A/Utah/39/2025|EPI_ISL_19843635,2025-06-28,17.0
A/Utah/39/2025|EPI_ISL_19843635,2025-06-29,12.0
A/Utah/39/2025|EPI_ISL_19843635,2025-06-30,15.0
A/Utah/39/2025|EPI_ISL_19843635,2025-07-01,16.0
A/Utah/39/2025|EPI_ISL_19843635,2025-07-02,14.0
A/Utah/39/2025|EPI_ISL_19843635,2025-07-03,14.0
A/Utah/39/2025|EPI_ISL_19843635,2025-07-04,13.0
A/Utah/39/2025|EPI_ISL_19843635,2025-07-05,9.0
A/Utah/39/2025|EPI_ISL_19843635,2025-07-06,8.0
A/Utah/39/2025|EPI_ISL_19843635,2025-07-07,11.0
A/Utah/39/2025|EPI_ISL_19843635,2025-07-08,20.0
A/Utah/39/2025|EPI_ISL_19843635,2025-07-09,12.0
A/Utah/39/2025|EPI_ISL_19843635,2025-07-10,8.0
A/Utah/39/2025|EPI_ISL_19843635,2025-07-11,10.0
A/Utah/39/2025|EPI_ISL_19843635,2025-07-12,5.0
A/Utah/39/2025|EPI_ISL_19843635,2025-07-13,4.0
A/Utah/39/2025|EPI_ISL_19843635,2025-07-14,5.0
A/Utah/39/2025|EPI_ISL_19843635,2025-07-15,5.0
A/Utah/39/2025|EPI_ISL_19843635,2025-07-16,6.0
A/Utah/39/2025|EPI_ISL_19843635,2025-07-17,5.0
A/Utah/39/2025|EPI_ISL_19843635,2025-07-18,5.0
A/Utah/39/2025|EPI_ISL_19843635,2025-07-19,2.0
A/Utah/39/2025|EPI_ISL_19843635,2025-07-20,5.0
A/Utah/39/2025|EPI_ISL_19843635,2025-07-21,10.0
A/Utah/39/2025|EPI_ISL_19843635,2025-07-22,14.0
A/Utah/39/2025|EPI_ISL_19843635,2025-07-23,14.0
A/Utah/39/2025|EPI_ISL_19843635,2025-07-24,7.0
A/Utah/39/2025|EPI_ISL_19843635,2025-07-25,7.0
A/Utah/39/2025|EPI_ISL_19843635,2025-07-26,7.0
A/Utah/39/2025|EPI_ISL_19843635,2025-07-27,5.0
A/Utah/39/2025|EPI_ISL_19843635,2025-07-28,4.0
A/Utah/39/2025|EPI_ISL_19843635,2025-07-29,7.0
A/Utah/39/2025|EPI_ISL_19843635,2025-07-30,3.0
A/Utah/39/2025|EPI_ISL_19843635,2025-07-31,3.0
A/Vermont/05/2025|EPI_ISL_19726906,2024-05-07,1.0
A/Vermont/05/2025|EPI_ISL_19726906,2024-05-08,1.0
A/Vermont/05/2025|EPI_ISL_19726906,2024-05-18,2.0
A/Vermont/05/2025|EPI_ISL_19726906,2024-05-20,1.0
A/Vermont/05/2025|EPI_ISL_19726906,2024-05-21,1.0
A/Vermont/05/2025|EPI_ISL_19726906,2024-05-27,3.0
A/Vermont/05/2025|EPI_ISL_19726906,2024-05-30,1.0
A/Vermont/05/2025|EPI_ISL_19726906,2024-06-02,1.0
A/Vermont/05/2025|EPI_ISL_19726906,2024-06-17,2.0
A/Vermont/05/2025|EPI_ISL_19726906,2024-06-23,1.0
A/Vermont/05/2025|EPI_ISL_19726906,2024-06-24,1.0
A/Vermont/05/2025|EPI_ISL_19726906,2024-06-26,1.0
A/Vermont/05/2025|EPI_ISL_19726906,2024-07-02,1.0
A/Vermont/05/2025|EPI_ISL_19726906,2024-07-04,1.0
A/Vermont/05/2025|EPI_ISL_19726906,2024-07-15,1.0
A/Vermont/05/2025|EPI_ISL_19726906,2024-07-16,1.0
A/Vermont/05/2025|EPI_ISL_19726906,2024-07-17,1.0
A/Vermont/05/2025|EPI_ISL_19726906,2024-07-18,2.0
A/Vermont/05/2025|EPI_ISL_19726906,2024-07-24,1.0
A/Vermont/05/2025|EPI_ISL_19726906,2024-07-25,1.0
A/Vermont/05/2025|EPI_ISL_19726906,2024-07-29,1.0
A/Vermont/05/2025|EPI_ISL_19726906,2024-08-01,1.0
A/Vermont/05/2025|EPI_ISL_19726906,2024-08-11,1.0
A/Vermont/05/2025|EPI_ISL_19726906,2024-08-13,1.0
A/Vermont/05/2025|EPI_ISL_19726906,2024-08-18,2.0
A/Vermont/05/2025|EPI_ISL_19726906,2024-08-19,1.0
A/Vermont/05/2025|EPI_ISL_19726906,2024-08-22,2.0
A/Vermont/05/2025|EPI_ISL_19726906,2024-08-29,2.0
A/Vermont/05/2025|EPI_ISL_19726906,2024-09-03,2.0
A/Vermont/05/2025|EPI_ISL_19726906,2024-09-11,1.0
A/Vermont/05/2025|EPI_ISL_19726906,2024-09-12,1.0
A/Vermont/05/2025|EPI_ISL_19726906,2024-09-24,1.0
A/Vermont/05/2025|EPI_ISL_19726906,2024-09-26,1.0
A/Vermont/05/2025|EPI_ISL_19726906,2024-10-07,2.0
A/Vermont/05/2025|EPI_ISL_19726906,2024-10-09,1.0
A/Vermont/05/2025|EPI_ISL_19726906,2024-10-17,1.0
A/Vermont/05/2025|EPI_ISL_19726906,2024-10-18,1.0
A/Vermont/05/2025|EPI_ISL_19726906,2024-10-23,1.0
A/Vermont/05/2025|EPI_ISL_19726906,2024-10-24,1.0
A/Vermont/05/2025|EPI_ISL_19726906,2024-10-29,1.0
A/Vermont/05/2025|EPI_ISL_19726906,2024-11-05,1.0
A/Vermont/05/2025|EPI_ISL_19726906,2024-11-07,1.0
A/Vermont/05/2025|EPI_ISL_19726906,2024-11-16,1.0
A/Vermont/05/2025|EPI_ISL_19726906,2024-11-19,1.0
A/Vermont/05/2025|EPI_ISL_19726906,2024-11-21,1.0
A/Vermont/05/2025|EPI_ISL_19726906,2024-11-23,1.0
A/Vermont/05/2025|EPI_ISL_19726906,2024-11-26,3.0
A/Vermont/05/2025|EPI_ISL_19726906,2024-11-27,1.0
A/Vermont/05/2025|EPI_ISL_19726906,2024-12-01,2.0
A/Vermont/05/2025|EPI_ISL_19726906,2024-12-02,1.0
A/Vermont/05/2025|EPI_ISL_19726906,2024-12-03,3.0
A/Vermont/05/2025|EPI_ISL_19726906,2024-12-05,2.0
A/Vermont/05/2025|EPI_ISL_19726906,2024-12-06,1.0
A/Vermont/05/2025|EPI_ISL_19726906,2024-12-10,4.0
A/Vermont/05/2025|EPI_ISL_19726906,2024-12-11,2.0
A/Vermont/05/2025|EPI_ISL_19726906,2024-12-12,2.0
A/Vermont/05/2025|EPI_ISL_19726906,2024-12-14,1.0
A/Vermont/05/2025|EPI_ISL_19726906,2024-12-15,6.0
A/Vermont/05/2025|EPI_ISL_19726906,2024-12-16,1.0
A/Vermont/05/2025|EPI_ISL_19726906,2024-12-17,2.0
A/Vermont/05/2025|EPI_ISL_19726906,2024-12-19,1.0
A/Vermont/05/2025|EPI_ISL_19726906,2024-12-20,2.0
A/Vermont/05/2025|EPI_ISL_19726906,2024-12-21,1.0
A/Vermont/05/2025|EPI_ISL_19726906,2024-12-22,2.0
A/Vermont/05/2025|EPI_ISL_19726906,2024-12-23,2.0
A/Vermont/05/2025|EPI_ISL_19726906,2024-12-26,1.0
A/Vermont/05/2025|EPI_ISL_19726906,2024-12-28,1.0
A/Vermont/05/2025|EPI_ISL_19726906,2024-12-29,2.0
A/Vermont/05/2025|EPI_ISL_19726906,2024-12-31,2.0
A/Vermont/05/2025|EPI_ISL_19726906,2025-01-01,1.0
A/Vermont/05/2025|EPI_ISL_19726906,2025-01-02,5.0
A/Vermont/05/2025|EPI_ISL_19726906,2025-01-03,1.0
A/Vermont/05/2025|EPI_ISL_19726906,2025-01-04,2.0
A/Vermont/05/2025|EPI_ISL_19726906,2025-01-05,1.0
A/Vermont/05/2025|EPI_ISL_19726906,2025-01-06,4.0
A/Vermont/05/2025|EPI_ISL_19726906,2025-01-07,1.0
A/Vermont/05/2025|EPI_ISL_19726906,2025-01-10,1.0
A/Vermont/05/2025|EPI_ISL_19726906,2025-01-12,1.0
A/Vermont/05/2025|EPI_ISL_19726906,2025-01-13,4.0
A/Vermont/05/2025|EPI_ISL_19726906,2025-01-14,2.0
A/Vermont/05/2025|EPI_ISL_19726906,2025-01-15,2.0
A/Vermont/05/2025|EPI_ISL_19726906,2025-01-17,2.0
A/Vermont/05/2025|EPI_ISL_19726906,2025-01-18,1.0
A/Vermont/05/2025|EPI_ISL_19726906,2025-01-19,3.0
A/Vermont/05/2025|EPI_ISL_19726906,2025-01-20,3.0
A/Vermont/05/2025|EPI_ISL_19726906,2025-01-21,4.0
A/Vermont/05/2025|EPI_ISL_19726906,2025-01-22,1.0
A/Vermont/05/2025|EPI_ISL_19726906,2025-01-23,1.0
A/Vermont/05/2025|EPI_ISL_19726906,2025-01-25,1.0
A/Vermont/05/2025|EPI_ISL_19726906,2025-01-27,2.0
A/Vermont/05/2025|EPI_ISL_19726906,2025-01-29,2.0
A/Vermont/05/2025|EPI_ISL_19726906,2025-01-30,1.0
A/Vermont/05/2025|EPI_ISL_19726906,2025-01-31,1.0
A/Vermont/05/2025|EPI_ISL_19726906,2025-02-03,2.0
A/Vermont/05/2025|EPI_ISL_19726906,2025-02-04,2.0
A/Vermont/05/2025|EPI_ISL_19726906,2025-02-09,1.0
A/Vermont/05/2025|EPI_ISL_19726906,2025-02-10,1.0
A/Vermont/05/2025|EPI_ISL_19726906,2025-02-11,1.0
A/Vermont/05/2025|EPI_ISL_19726906,2025-02-13,1.0
A/Vermont/05/2025|EPI_ISL_19726906,2025-02-15,1.0
A/Vermont/05/2025|EPI_ISL_19726906,2025-02-16,1.0
A/Vermont/05/2025|EPI_ISL_19726906,2025-02-18,1.0
A/Vermont/05/2025|EPI_ISL_19726906,2025-02-19,1.0
A/Vermont/05/2025|EPI_ISL_19726906,2025-02-23,2.0
A/Vermont/05/2025|EPI_ISL_19726906,2025-03-07,2.0
A/Vermont/05/2025|EPI_ISL_19726906,2025-03-14,1.0
A/Vermont/05/2025|EPI_ISL_19726906,2025-03-15,1.0
A/Vermont/05/2025|EPI_ISL_19726906,2025-04-04,1.0
A/Vermont/05/2025|EPI_ISL_19726906,2025-04-08,1.0
A/Vermont/05/2025|EPI_ISL_19726906,2025-04-30,1.0
A/Vermont/10/2025|EPI_ISL_19746072,2024-04-18,6.0
A/Vermont/10/2025|EPI_ISL_19746072,2024-04-19,12.0
A/Vermont/10/2025|EPI_ISL_19746072,2024-04-20,9.0
A/Vermont/10/2025|EPI_ISL_19746072,2024-04-21,6.0
A/Vermont/10/2025|EPI_ISL_19746072,2024-04-22,15.0
A/Vermont/10/2025|EPI_ISL_19746072,2024-04-23,15.0
A/Vermont/10/2025|EPI_ISL_19746072,2024-04-24,6.0
A/Vermont/10/2025|EPI_ISL_19746072,2024-04-25,11.0
A/Vermont/10/2025|EPI_ISL_19746072,2024-04-26,8.0
A/Vermont/10/2025|EPI_ISL_19746072,2024-04-27,3.0
A/Vermont/10/2025|EPI_ISL_19746072,2024-04-28,3.0
A/Vermont/10/2025|EPI_ISL_19746072,2024-04-29,7.0
A/Vermont/10/2025|EPI_ISL_19746072,2024-04-30,4.0
A/Vermont/10/2025|EPI_ISL_19746072,2024-05-01,2.0
A/Vermont/10/2025|EPI_ISL_19746072,2024-05-02,7.0
A/Vermont/10/2025|EPI_ISL_19746072,2024-05-03,3.0
A/Vermont/10/2025|EPI_ISL_19746072,2024-05-04,3.0
A/Vermont/10/2025|EPI_ISL_19746072,2024-05-05,9.0
A/Vermont/10/2025|EPI_ISL_19746072,2024-05-06,8.0
A/Vermont/10/2025|EPI_ISL_19746072,2024-05-07,4.0
A/Vermont/10/2025|EPI_ISL_19746072,2024-05-08,8.0
A/Vermont/10/2025|EPI_ISL_19746072,2024-05-09,12.0
A/Vermont/10/2025|EPI_ISL_19746072,2024-05-10,5.0
A/Vermont/10/2025|EPI_ISL_19746072,2024-05-11,5.0
A/Vermont/10/2025|EPI_ISL_19746072,2024-05-12,1.0
A/Vermont/10/2025|EPI_ISL_19746072,2024-05-13,6.0
A/Vermont/10/2025|EPI_ISL_19746072,2024-05-14,9.0
A/Vermont/10/2025|EPI_ISL_19746072,2024-05-15,11.0
A/Vermont/10/2025|EPI_ISL_19746072,2024-05-16,10.0
A/Vermont/10/2025|EPI_ISL_19746072,2024-05-17,5.0
A/Vermont/10/2025|EPI_ISL_19746072,2024-05-18,4.0
A/Vermont/10/2025|EPI_ISL_19746072,2024-05-19,8.0
A/Vermont/10/2025|EPI_ISL_19746072,2024-05-20,11.0
A/Vermont/10/2025|EPI_ISL_19746072,2024-05-21,6.0
A/Vermont/10/2025|EPI_ISL_19746072,2024-05-22,4.0
A/Vermont/10/2025|EPI_ISL_19746072,2024-05-23,9.0
A/Vermont/10/2025|EPI_ISL_19746072,2024-05-24,2.0
A/Vermont/10/2025|EPI_ISL_19746072,2024-05-25,3.0
A/Vermont/10/2025|EPI_ISL_19746072,2024-05-26,4.0
A/Vermont/10/2025|EPI_ISL_19746072,2024-05-27,8.0
A/Vermont/10/2025|EPI_ISL_19746072,2024-05-28,4.0
A/Vermont/10/2025|EPI_ISL_19746072,2024-05-29,8.0
A/Vermont/10/2025|EPI_ISL_19746072,2024-05-30,5.0
A/Vermont/10/2025|EPI_ISL_19746072,2024-05-31,6.0
A/Vermont/10/2025|EPI_ISL_19746072,2024-06-01,5.0
A/Vermont/10/2025|EPI_ISL_19746072,2024-06-02,3.0
A/Vermont/10/2025|EPI_ISL_19746072,2024-06-03,10.0
A/Vermont/10/2025|EPI_ISL_19746072,2024-06-04,4.0
A/Vermont/10/2025|EPI_ISL_19746072,2024-06-05,8.0
A/Vermont/10/2025|EPI_ISL_19746072,2024-06-06,6.0
A/Vermont/10/2025|EPI_ISL_19746072,2024-06-07,2.0
A/Vermont/10/2025|EPI_ISL_19746072,2024-06-08,5.0
A/Vermont/10/2025|EPI_ISL_19746072,2024-06-09,4.0
A/Vermont/10/2025|EPI_ISL_19746072,2024-06-10,2.0
A/Vermont/10/2025|EPI_ISL_19746072,2024-06-11,3.0
A/Vermont/10/2025|EPI_ISL_19746072,2024-06-12,10.0
A/Vermont/10/2025|EPI_ISL_19746072,2024-06-13,5.0
A/Vermont/10/2025|EPI_ISL_19746072,2024-06-14,4.0
A/Vermont/10/2025|EPI_ISL_19746072,2024-06-15,4.0
A/Vermont/10/2025|EPI_ISL_19746072,2024-06-16,6.0
A/Vermont/10/2025|EPI_ISL_19746072,2024-06-17,7.0
A/Vermont/10/2025|EPI_ISL_19746072,2024-06-18,2.0
A/Vermont/10/2025|EPI_ISL_19746072,2024-06-19,7.0
A/Vermont/10/2025|EPI_ISL_19746072,2024-06-20,8.0
A/Vermont/10/2025|EPI_ISL_19746072,2024-06-21,6.0
A/Vermont/10/2025|EPI_ISL_19746072,2024-06-22,6.0
A/Vermont/10/2025|EPI_ISL_19746072,2024-06-23,7.0
A/Vermont/10/2025|EPI_ISL_19746072,2024-06-24,7.0
A/Vermont/10/2025|EPI_ISL_19746072,2024-06-25,6.0
A/Vermont/10/2025|EPI_ISL_19746072,2024-06-26,9.0
A/Vermont/10/2025|EPI_ISL_19746072,2024-06-27,7.0
A/Vermont/10/2025|EPI_ISL_19746072,2024-06-28,7.0
A/Vermont/10/2025|EPI_ISL_19746072,2024-06-29,3.0
A/Vermont/10/2025|EPI_ISL_19746072,2024-06-30,3.0
A/Vermont/10/2025|EPI_ISL_19746072,2024-07-01,5.0
A/Vermont/10/2025|EPI_ISL_19746072,2024-07-02,6.0
A/Vermont/10/2025|EPI_ISL_19746072,2024-07-03,7.0
A/Vermont/10/2025|EPI_ISL_19746072,2024-07-04,3.0
A/Vermont/10/2025|EPI_ISL_19746072,2024-07-05,3.0
A/Vermont/10/2025|EPI_ISL_19746072,2024-07-06,10.0
A/Vermont/10/2025|EPI_ISL_19746072,2024-07-07,7.0
A/Vermont/10/2025|EPI_ISL_19746072,2024-07-08,7.0
A/Vermont/10/2025|EPI_ISL_19746072,2024-07-09,8.0
A/Vermont/10/2025|EPI_ISL_19746072,2024-07-10,3.0
A/Vermont/10/2025|EPI_ISL_19746072,2024-07-11,5.0
A/Vermont/10/2025|EPI_ISL_19746072,2024-07-12,4.0
A/Vermont/10/2025|EPI_ISL_19746072,2024-07-13,2.0
A/Vermont/10/2025|EPI_ISL_19746072,2024-07-14,2.0
A/Vermont/10/2025|EPI_ISL_19746072,2024-07-15,9.0
A/Vermont/10/2025|EPI_ISL_19746072,2024-07-16,7.0
A/Vermont/10/2025|EPI_ISL_19746072,2024-07-17,7.0
A/Vermont/10/2025|EPI_ISL_19746072,2024-07-18,5.0
A/Vermont/10/2025|EPI_ISL_19746072,2024-07-19,4.0
A/Vermont/10/2025|EPI_ISL_19746072,2024-07-20,2.0
A/Vermont/10/2025|EPI_ISL_19746072,2024-07-22,3.0
A/Vermont/10/2025|EPI_ISL_19746072,2024-07-23,5.0
A/Vermont/10/2025|EPI_ISL_19746072,2024-07-24,4.0
A/Vermont/10/2025|EPI_ISL_19746072,2024-07-25,4.0
A/Vermont/10/2025|EPI_ISL_19746072,2024-07-27,3.0
A/Vermont/10/2025|EPI_ISL_19746072,2024-07-28,4.0
A/Vermont/10/2025|EPI_ISL_19746072,2024-07-29,3.0
A/Vermont/10/2025|EPI_ISL_19746072,2024-07-30,3.0
A/Vermont/10/2025|EPI_ISL_19746072,2024-07-31,2.0
A/Vermont/10/2025|EPI_ISL_19746072,2024-08-01,2.0
A/Vermont/10/2025|EPI_ISL_19746072,2024-08-02,2.0
A/Vermont/10/2025|EPI_ISL_19746072,2024-08-03,2.0
A/Vermont/10/2025|EPI_ISL_19746072,2024-08-04,1.0
A/Vermont/10/2025|EPI_ISL_19746072,2024-08-05,3.0
A/Vermont/10/2025|EPI_ISL_19746072,2024-08-06,2.0
A/Vermont/10/2025|EPI_ISL_19746072,2024-08-08,2.0
A/Vermont/10/2025|EPI_ISL_19746072,2024-08-09,2.0
A/Vermont/10/2025|EPI_ISL_19746072,2024-08-11,1.0
A/Vermont/10/2025|EPI_ISL_19746072,2024-08-12,2.0
A/Vermont/10/2025|EPI_ISL_19746072,2024-08-13,2.0
A/Vermont/10/2025|EPI_ISL_19746072,2024-08-14,2.0
A/Vermont/10/2025|EPI_ISL_19746072,2024-08-15,1.0
A/Vermont/10/2025|EPI_ISL_19746072,2024-08-16,4.0
A/Vermont/10/2025|EPI_ISL_19746072,2024-08-17,2.0
A/Vermont/10/2025|EPI_ISL_19746072,2024-08-19,1.0
A/Vermont/10/2025|EPI_ISL_19746072,2024-08-20,4.0
A/Vermont/10/2025|EPI_ISL_19746072,2024-08-21,6.0
A/Vermont/10/2025|EPI_ISL_19746072,2024-08-22,1.0
A/Vermont/10/2025|EPI_ISL_19746072,2024-08-23,4.0
A/Vermont/10/2025|EPI_ISL_19746072,2024-08-25,3.0
A/Vermont/10/2025|EPI_ISL_19746072,2024-08-26,6.0
A/Vermont/10/2025|EPI_ISL_19746072,2024-08-27,6.0
A/Vermont/10/2025|EPI_ISL_19746072,2024-08-28,9.0
A/Vermont/10/2025|EPI_ISL_19746072,2024-08-29,10.0
A/Vermont/10/2025|EPI_ISL_19746072,2024-08-30,4.0
A/Vermont/10/2025|EPI_ISL_19746072,2024-08-31,2.0
A/Vermont/10/2025|EPI_ISL_19746072,2024-09-01,3.0
A/Vermont/10/2025|EPI_ISL_19746072,2024-09-03,1.0
A/Vermont/10/2025|EPI_ISL_19746072,2024-09-04,5.0
A/Vermont/10/2025|EPI_ISL_19746072,2024-09-05,5.0
A/Vermont/10/2025|EPI_ISL_19746072,2024-09-06,5.0
A/Vermont/10/2025|EPI_ISL_19746072,2024-09-07,3.0
A/Vermont/10/2025|EPI_ISL_19746072,2024-09-08,3.0
A/Vermont/10/2025|EPI_ISL_19746072,2024-09-09,8.0
A/Vermont/10/2025|EPI_ISL_19746072,2024-09-10,6.0
A/Vermont/10/2025|EPI_ISL_19746072,2024-09-11,5.0
A/Vermont/10/2025|EPI_ISL_19746072,2024-09-12,4.0
A/Vermont/10/2025|EPI_ISL_19746072,2024-09-13,3.0
A/Vermont/10/2025|EPI_ISL_19746072,2024-09-14,1.0
A/Vermont/10/2025|EPI_ISL_19746072,2024-09-15,4.0
A/Vermont/10/2025|EPI_ISL_19746072,2024-09-16,8.0
A/Vermont/10/2025|EPI_ISL_19746072,2024-09-17,8.0
A/Vermont/10/2025|EPI_ISL_19746072,2024-09-18,5.0
A/Vermont/10/2025|EPI_ISL_19746072,2024-09-19,4.0
A/Vermont/10/2025|EPI_ISL_19746072,2024-09-20,8.0
A/Vermont/10/2025|EPI_ISL_19746072,2024-09-21,3.0
A/Vermont/10/2025|EPI_ISL_19746072,2024-09-22,3.0
A/Vermont/10/2025|EPI_ISL_19746072,2024-09-23,8.0
A/Vermont/10/2025|EPI_ISL_19746072,2024-09-24,7.0
A/Vermont/10/2025|EPI_ISL_19746072,2024-09-25,4.0
A/Vermont/10/2025|EPI_ISL_19746072,2024-09-26,4.0
A/Vermont/10/2025|EPI_ISL_19746072,2024-09-27,4.0
A/Vermont/10/2025|EPI_ISL_19746072,2024-09-28,1.0
A/Vermont/10/2025|EPI_ISL_19746072,2024-09-29,3.0
A/Vermont/10/2025|EPI_ISL_19746072,2024-09-30,7.0
A/Vermont/10/2025|EPI_ISL_19746072,2024-10-01,3.0
A/Vermont/10/2025|EPI_ISL_19746072,2024-10-02,7.0
A/Vermont/10/2025|EPI_ISL_19746072,2024-10-03,4.0
A/Vermont/10/2025|EPI_ISL_19746072,2024-10-04,4.0
A/Vermont/10/2025|EPI_ISL_19746072,2024-10-05,3.0
A/Vermont/10/2025|EPI_ISL_19746072,2024-10-06,1.0
A/Vermont/10/2025|EPI_ISL_19746072,2024-10-07,3.0
A/Vermont/10/2025|EPI_ISL_19746072,2024-10-08,3.0
A/Vermont/10/2025|EPI_ISL_19746072,2024-10-09,5.0
A/Vermont/10/2025|EPI_ISL_19746072,2024-10-10,4.0
A/Vermont/10/2025|EPI_ISL_19746072,2024-10-11,5.0
A/Vermont/10/2025|EPI_ISL_19746072,2024-10-12,6.0
A/Vermont/10/2025|EPI_ISL_19746072,2024-10-13,5.0
A/Vermont/10/2025|EPI_ISL_19746072,2024-10-14,7.0
A/Vermont/10/2025|EPI_ISL_19746072,2024-10-15,5.0
A/Vermont/10/2025|EPI_ISL_19746072,2024-10-16,5.0
A/Vermont/10/2025|EPI_ISL_19746072,2024-10-17,5.0
A/Vermont/10/2025|EPI_ISL_19746072,2024-10-18,7.0
A/Vermont/10/2025|EPI_ISL_19746072,2024-10-19,1.0
A/Vermont/10/2025|EPI_ISL_19746072,2024-10-20,2.0
A/Vermont/10/2025|EPI_ISL_19746072,2024-10-21,7.0
A/Vermont/10/2025|EPI_ISL_19746072,2024-10-22,10.0
A/Vermont/10/2025|EPI_ISL_19746072,2024-10-23,6.0
A/Vermont/10/2025|EPI_ISL_19746072,2024-10-24,6.0
A/Vermont/10/2025|EPI_ISL_19746072,2024-10-25,8.0
A/Vermont/10/2025|EPI_ISL_19746072,2024-10-26,11.0
A/Vermont/10/2025|EPI_ISL_19746072,2024-10-27,2.0
A/Vermont/10/2025|EPI_ISL_19746072,2024-10-28,12.0
A/Vermont/10/2025|EPI_ISL_19746072,2024-10-29,6.0
A/Vermont/10/2025|EPI_ISL_19746072,2024-10-30,5.0
A/Vermont/10/2025|EPI_ISL_19746072,2024-10-31,2.0
A/Vermont/10/2025|EPI_ISL_19746072,2024-11-01,4.0
A/Vermont/10/2025|EPI_ISL_19746072,2024-11-02,1.0
A/Vermont/10/2025|EPI_ISL_19746072,2024-11-03,3.0
A/Vermont/10/2025|EPI_ISL_19746072,2024-11-04,3.0
A/Vermont/10/2025|EPI_ISL_19746072,2024-11-05,8.0
A/Vermont/10/2025|EPI_ISL_19746072,2024-11-06,6.0
A/Vermont/10/2025|EPI_ISL_19746072,2024-11-07,6.0
A/Vermont/10/2025|EPI_ISL_19746072,2024-11-08,5.0
A/Vermont/10/2025|EPI_ISL_19746072,2024-11-09,5.0
A/Vermont/10/2025|EPI_ISL_19746072,2024-11-10,9.0
A/Vermont/10/2025|EPI_ISL_19746072,2024-11-11,6.0
A/Vermont/10/2025|EPI_ISL_19746072,2024-11-12,9.0
A/Vermont/10/2025|EPI_ISL_19746072,2024-11-13,8.0
A/Vermont/10/2025|EPI_ISL_19746072,2024-11-14,5.0
A/Vermont/10/2025|EPI_ISL_19746072,2024-11-15,6.0
A/Vermont/10/2025|EPI_ISL_19746072,2024-11-16,7.0
A/Vermont/10/2025|EPI_ISL_19746072,2024-11-17,6.0
A/Vermont/10/2025|EPI_ISL_19746072,2024-11-18,8.0
A/Vermont/10/2025|EPI_ISL_19746072,2024-11-19,10.0
A/Vermont/10/2025|EPI_ISL_19746072,2024-11-20,10.0
A/Vermont/10/2025|EPI_ISL_19746072,2024-11-21,1.0
A/Vermont/10/2025|EPI_ISL_19746072,2024-11-22,3.0
A/Vermont/10/2025|EPI_ISL_19746072,2024-11-23,4.0
A/Vermont/10/2025|EPI_ISL_19746072,2024-11-24,5.0
A/Vermont/10/2025|EPI_ISL_19746072,2024-11-25,9.0
A/Vermont/10/2025|EPI_ISL_19746072,2024-11-26,6.0
A/Vermont/10/2025|EPI_ISL_19746072,2024-11-27,5.0
A/Vermont/10/2025|EPI_ISL_19746072,2024-11-28,7.0
A/Vermont/10/2025|EPI_ISL_19746072,2024-11-29,2.0
A/Vermont/10/2025|EPI_ISL_19746072,2024-11-30,3.0
A/Vermont/10/2025|EPI_ISL_19746072,2024-12-01,10.0
A/Vermont/10/2025|EPI_ISL_19746072,2024-12-02,9.0
A/Vermont/10/2025|EPI_ISL_19746072,2024-12-03,6.0
A/Vermont/10/2025|EPI_ISL_19746072,2024-12-04,8.0
A/Vermont/10/2025|EPI_ISL_19746072,2024-12-05,6.0
A/Vermont/10/2025|EPI_ISL_19746072,2024-12-06,2.0
A/Vermont/10/2025|EPI_ISL_19746072,2024-12-07,3.0
A/Vermont/10/2025|EPI_ISL_19746072,2024-12-08,4.0
A/Vermont/10/2025|EPI_ISL_19746072,2024-12-09,9.0
A/Vermont/10/2025|EPI_ISL_19746072,2024-12-10,6.0
A/Vermont/10/2025|EPI_ISL_19746072,2024-12-11,9.0
A/Vermont/10/2025|EPI_ISL_19746072,2024-12-12,5.0
A/Vermont/10/2025|EPI_ISL_19746072,2024-12-13,6.0
A/Vermont/10/2025|EPI_ISL_19746072,2024-12-14,6.0
A/Vermont/10/2025|EPI_ISL_19746072,2024-12-15,3.0
A/Vermont/10/2025|EPI_ISL_19746072,2024-12-16,7.0
A/Vermont/10/2025|EPI_ISL_19746072,2024-12-17,7.0
A/Vermont/10/2025|EPI_ISL_19746072,2024-12-18,7.0
A/Vermont/10/2025|EPI_ISL_19746072,2024-12-19,8.0
A/Vermont/10/2025|EPI_ISL_19746072,2024-12-20,3.0
A/Vermont/10/2025|EPI_ISL_19746072,2024-12-21,2.0
A/Vermont/10/2025|EPI_ISL_19746072,2024-12-22,4.0
A/Vermont/10/2025|EPI_ISL_19746072,2024-12-23,2.0
A/Vermont/10/2025|EPI_ISL_19746072,2024-12-24,1.0
A/Vermont/10/2025|EPI_ISL_19746072,2024-12-25,3.0
A/Vermont/10/2025|EPI_ISL_19746072,2024-12-26,5.0
A/Vermont/10/2025|EPI_ISL_19746072,2024-12-27,10.0
A/Vermont/10/2025|EPI_ISL_19746072,2024-12-28,3.0
A/Vermont/10/2025|EPI_ISL_19746072,2024-12-29,2.0
A/Vermont/10/2025|EPI_ISL_19746072,2024-12-30,9.0
A/Vermont/10/2025|EPI_ISL_19746072,2024-12-31,3.0
A/Vermont/10/2025|EPI_ISL_19746072,2025-01-01,7.0
A/Vermont/10/2025|EPI_ISL_19746072,2025-01-02,9.0
A/Vermont/10/2025|EPI_ISL_19746072,2025-01-03,1.0
A/Vermont/10/2025|EPI_ISL_19746072,2025-01-04,4.0
A/Vermont/10/2025|EPI_ISL_19746072,2025-01-05,6.0
A/Vermont/10/2025|EPI_ISL_19746072,2025-01-06,8.0
A/Vermont/10/2025|EPI_ISL_19746072,2025-01-07,2.0
A/Vermont/10/2025|EPI_ISL_19746072,2025-01-08,1.0
A/Vermont/10/2025|EPI_ISL_19746072,2025-01-09,8.0
A/Vermont/10/2025|EPI_ISL_19746072,2025-01-11,3.0
A/Vermont/10/2025|EPI_ISL_19746072,2025-01-12,2.0
A/Vermont/10/2025|EPI_ISL_19746072,2025-01-13,4.0
A/Vermont/10/2025|EPI_ISL_19746072,2025-01-14,5.0
A/Vermont/10/2025|EPI_ISL_19746072,2025-01-15,8.0
A/Vermont/10/2025|EPI_ISL_19746072,2025-01-16,3.0
A/Vermont/10/2025|EPI_ISL_19746072,2025-01-17,7.0
A/Vermont/10/2025|EPI_ISL_19746072,2025-01-18,5.0
A/Vermont/10/2025|EPI_ISL_19746072,2025-01-19,2.0
A/Vermont/10/2025|EPI_ISL_19746072,2025-01-20,2.0
A/Vermont/10/2025|EPI_ISL_19746072,2025-01-21,5.0
A/Vermont/10/2025|EPI_ISL_19746072,2025-01-22,4.0
A/Vermont/10/2025|EPI_ISL_19746072,2025-01-24,3.0
A/Vermont/10/2025|EPI_ISL_19746072,2025-01-25,7.0
A/Vermont/10/2025|EPI_ISL_19746072,2025-01-26,1.0
A/Vermont/10/2025|EPI_ISL_19746072,2025-01-27,6.0
A/Vermont/10/2025|EPI_ISL_19746072,2025-01-28,9.0
A/Vermont/10/2025|EPI_ISL_19746072,2025-01-29,6.0
A/Vermont/10/2025|EPI_ISL_19746072,2025-01-30,6.0
A/Vermont/10/2025|EPI_ISL_19746072,2025-01-31,2.0
A/Vermont/10/2025|EPI_ISL_19746072,2025-02-01,3.0
A/Vermont/10/2025|EPI_ISL_19746072,2025-02-02,1.0
A/Vermont/10/2025|EPI_ISL_19746072,2025-02-03,9.0
A/Vermont/10/2025|EPI_ISL_19746072,2025-02-04,5.0
A/Vermont/10/2025|EPI_ISL_19746072,2025-02-05,6.0
A/Vermont/10/2025|EPI_ISL_19746072,2025-02-06,2.0
A/Vermont/10/2025|EPI_ISL_19746072,2025-02-07,4.0
A/Vermont/10/2025|EPI_ISL_19746072,2025-02-09,1.0
A/Vermont/10/2025|EPI_ISL_19746072,2025-02-10,5.0
A/Vermont/10/2025|EPI_ISL_19746072,2025-02-11,4.0
A/Vermont/10/2025|EPI_ISL_19746072,2025-02-12,5.0
A/Vermont/10/2025|EPI_ISL_19746072,2025-02-13,6.0
A/Vermont/10/2025|EPI_ISL_19746072,2025-02-14,2.0
A/Vermont/10/2025|EPI_ISL_19746072,2025-02-16,1.0
A/Vermont/10/2025|EPI_ISL_19746072,2025-02-17,5.0
A/Vermont/10/2025|EPI_ISL_19746072,2025-02-18,2.0
A/Vermont/10/2025|EPI_ISL_19746072,2025-02-19,2.0
A/Vermont/10/2025|EPI_ISL_19746072,2025-02-20,2.0
A/Vermont/10/2025|EPI_ISL_19746072,2025-02-21,1.0
A/Vermont/10/2025|EPI_ISL_19746072,2025-02-23,1.0
A/Vermont/10/2025|EPI_ISL_19746072,2025-02-24,1.0
A/Vermont/10/2025|EPI_ISL_19746072,2025-02-25,2.0
A/Vermont/10/2025|EPI_ISL_19746072,2025-02-26,5.0
A/Vermont/10/2025|EPI_ISL_19746072,2025-02-27,2.0
A/Vermont/10/2025|EPI_ISL_19746072,2025-02-28,2.0
A/Vermont/10/2025|EPI_ISL_19746072,2025-03-01,1.0
A/Vermont/10/2025|EPI_ISL_19746072,2025-03-02,1.0
A/Vermont/10/2025|EPI_ISL_19746072,2025-03-03,1.0
A/Vermont/10/2025|EPI_ISL_19746072,2025-03-04,1.0
A/Vermont/10/2025|EPI_ISL_19746072,2025-03-06,2.0
A/Vermont/10/2025|EPI_ISL_19746072,2025-03-07,4.0
A/Vermont/10/2025|EPI_ISL_19746072,2025-03-08,1.0
A/Vermont/10/2025|EPI_ISL_19746072,2025-03-09,1.0
A/Vermont/10/2025|EPI_ISL_19746072,2025-03-10,2.0
A/Vermont/10/2025|EPI_ISL_19746072,2025-03-11,2.0
A/Vermont/10/2025|EPI_ISL_19746072,2025-03-12,1.0
A/Vermont/10/2025|EPI_ISL_19746072,2025-03-14,1.0
A/Vermont/10/2025|EPI_ISL_19746072,2025-03-17,1.0
A/Vermont/10/2025|EPI_ISL_19746072,2025-03-23,2.0
A/Vermont/10/2025|EPI_ISL_19746072,2025-03-24,3.0
A/Vermont/10/2025|EPI_ISL_19746072,2025-03-26,1.0
A/Vermont/10/2025|EPI_ISL_19746072,2025-03-27,1.0
A/Vermont/10/2025|EPI_ISL_19746072,2025-03-29,1.0
A/Vermont/10/2025|EPI_ISL_19746072,2025-04-01,1.0
A/Vermont/10/2025|EPI_ISL_19746072,2025-04-03,1.0
A/Vermont/10/2025|EPI_ISL_19746072,2025-04-07,2.0
A/Vermont/10/2025|EPI_ISL_19746072,2025-04-08,2.0
A/Vermont/10/2025|EPI_ISL_19746072,2025-04-09,1.0
A/Vermont/10/2025|EPI_ISL_19746072,2025-04-10,1.0
A/Vermont/10/2025|EPI_ISL_19746072,2025-04-11,1.0
A/Vermont/10/2025|EPI_ISL_19746072,2025-04-14,1.0
A/Vermont/10/2025|EPI_ISL_19746072,2025-04-18,1.0
A/Vermont/10/2025|EPI_ISL_19746072,2025-04-29,1.0
A/Victoria/3599/2024|EPI_ISL_19711423,2024-05-16,1.0
A/Victoria/3599/2024|EPI_ISL_19711423,2024-07-01,1.0
A/Victoria/3599/2024|EPI_ISL_19711423,2024-09-09,2.0
A/Victoria/3599/2024|EPI_ISL_19711423,2024-09-25,1.0
A/Victoria/3599/2024|EPI_ISL_19711423,2024-10-10,1.0
A/Victoria/3599/2024|EPI_ISL_19711423,2024-10-15,1.0
A/Victoria/3599/2024|EPI_ISL_19711423,2024-10-30,1.0
A/Victoria/3599/2024|EPI_ISL_19711423,2024-11-06,2.0
A/Victoria/3599/2024|EPI_ISL_19711423,2024-12-10,1.0
A/Victoria/3599/2024|EPI_ISL_19711423,2024-12-22,2.0
A/Victoria/3599/2024|EPI_ISL_19711423,2024-12-25,1.0
A/Victoria/3599/2024|EPI_ISL_19711423,2024-12-26,2.0
A/Victoria/3599/2024|EPI_ISL_19711423,2024-12-28,2.0
A/Victoria/3599/2024|EPI_ISL_19711423,2024-12-30,1.0
A/Victoria/3599/2024|EPI_ISL_19711423,2024-12-31,1.0
A/Victoria/3599/2024|EPI_ISL_19711423,2025-01-13,1.0
A/Victoria/3599/2024|EPI_ISL_19711423,2025-01-16,1.0
A/Victoria/3599/2024|EPI_ISL_19711423,2025-01-24,1.0
A/Victoria/3599/2024|EPI_ISL_19711423,2025-02-24,1.0
A/Vladimir/RII-MH223382S/2024|EPI_ISL_19689649,2024-11-14,1.0
A/Vladimir/RII-MH223382S/2024|EPI_ISL_19689649,2024-11-26,1.0
A/Vladimir/RII-MH223382S/2024|EPI_ISL_19689649,2024-12-16,3.0
A/Vladimir/RII-MH223382S/2024|EPI_ISL_19689649,2024-12-17,1.0
A/Vladimir/RII-MH223382S/2024|EPI_ISL_19689649,2024-12-18,1.0
A/Vladimir/RII-MH223382S/2024|EPI_ISL_19689649,2024-12-20,1.0
A/Vladimir/RII-MH223382S/2024|EPI_ISL_19689649,2024-12-23,4.0
A/Vladimir/RII-MH223382S/2024|EPI_ISL_19689649,2024-12-24,6.0
A/Vladimir/RII-MH223382S/2024|EPI_ISL_19689649,2024-12-25,2.0
A/Vladimir/RII-MH223382S/2024|EPI_ISL_19689649,2024-12-26,2.0
A/Vladimir/RII-MH223382S/2024|EPI_ISL_19689649,2024-12-27,1.0
A/Vladimir/RII-MH223382S/2024|EPI_ISL_19689649,2024-12-28,1.0
A/Vladimir/RII-MH223382S/2024|EPI_ISL_19689649,2024-12-30,2.0
A/Vladimir/RII-MH223382S/2024|EPI_ISL_19689649,2025-01-04,1.0
A/Vladimir/RII-MH223382S/2024|EPI_ISL_19689649,2025-01-08,1.0
A/Vladimir/RII-MH223382S/2024|EPI_ISL_19689649,2025-01-09,5.0
A/Vladimir/RII-MH223382S/2024|EPI_ISL_19689649,2025-01-10,1.0
A/Vladimir/RII-MH223382S/2024|EPI_ISL_19689649,2025-01-12,1.0
A/Vladimir/RII-MH223382S/2024|EPI_ISL_19689649,2025-01-13,1.0
A/Vladimir/RII-MH223382S/2024|EPI_ISL_19689649,2025-01-14,1.0
A/Vladimir/RII-MH223382S/2024|EPI_ISL_19689649,2025-01-16,2.0
A/Vladimir/RII-MH223382S/2024|EPI_ISL_19689649,2025-01-19,1.0
A/Vladimir/RII-MH223382S/2024|EPI_ISL_19689649,2025-01-20,1.0
A/Vladimir/RII-MH223382S/2024|EPI_ISL_19689649,2025-01-21,4.0
A/Vladimir/RII-MH223382S/2024|EPI_ISL_19689649,2025-01-24,1.0
A/Vladimir/RII-MH223382S/2024|EPI_ISL_19689649,2025-01-28,6.0
A/Vladimir/RII-MH223382S/2024|EPI_ISL_19689649,2025-01-29,1.0
A/Vladimir/RII-MH223382S/2024|EPI_ISL_19689649,2025-01-30,4.0
A/Vladimir/RII-MH223382S/2024|EPI_ISL_19689649,2025-01-31,1.0
A/Vladimir/RII-MH223382S/2024|EPI_ISL_19689649,2025-02-02,1.0
A/Vladimir/RII-MH223382S/2024|EPI_ISL_19689649,2025-02-03,2.0
A/Vladimir/RII-MH223382S/2024|EPI_ISL_19689649,2025-02-04,1.0
A/Vladimir/RII-MH223382S/2024|EPI_ISL_19689649,2025-02-05,2.0
A/Vladimir/RII-MH223382S/2024|EPI_ISL_19689649,2025-02-06,1.0
A/Vladimir/RII-MH223382S/2024|EPI_ISL_19689649,2025-02-10,4.0
A/Vladimir/RII-MH223382S/2024|EPI_ISL_19689649,2025-02-11,8.0
A/Vladimir/RII-MH223382S/2024|EPI_ISL_19689649,2025-02-12,1.0
A/Vladimir/RII-MH223382S/2024|EPI_ISL_19689649,2025-02-14,2.0
A/Vladimir/RII-MH223382S/2024|EPI_ISL_19689649,2025-02-19,1.0
A/Vladimir/RII-MH223382S/2024|EPI_ISL_19689649,2025-02-20,1.0
A/Vladimir/RII-MH223382S/2024|EPI_ISL_19689649,2025-02-21,2.0
A/Vladimir/RII-MH223382S/2024|EPI_ISL_19689649,2025-02-24,2.0
A/Vladimir/RII-MH223382S/2024|EPI_ISL_19689649,2025-02-25,1.0
A/Vladimir/RII-MH223382S/2024|EPI_ISL_19689649,2025-02-26,2.0
A/Vladimir/RII-MH223382S/2024|EPI_ISL_19689649,2025-02-28,1.0
A/Vladimir/RII-MH223382S/2024|EPI_ISL_19689649,2025-03-07,1.0
A/Vladimir/RII-MH223382S/2024|EPI_ISL_19689649,2025-03-10,2.0
A/Vladimir/RII-MH223382S/2024|EPI_ISL_19689649,2025-03-11,1.0
A/Vladimir/RII-MH223382S/2024|EPI_ISL_19689649,2025-03-12,2.0
A/Vladimir/RII-MH223382S/2024|EPI_ISL_19689649,2025-03-14,2.0
A/Vladimir/RII-MH223382S/2024|EPI_ISL_19689649,2025-03-15,1.0
A/Vladimir/RII-MH223382S/2024|EPI_ISL_19689649,2025-03-17,2.0
A/Vladimir/RII-MH223382S/2024|EPI_ISL_19689649,2025-03-18,1.0
A/Vladimir/RII-MH223382S/2024|EPI_ISL_19689649,2025-03-24,1.0
A/Vladimir/RII-MH223382S/2024|EPI_ISL_19689649,2025-03-25,3.0
A/Vladimir/RII-MH223382S/2024|EPI_ISL_19689649,2025-03-27,1.0
A/Vladimir/RII-MH223382S/2024|EPI_ISL_19689649,2025-04-01,2.0
A/Vladimir/RII-MH223382S/2024|EPI_ISL_19689649,2025-04-04,1.0
A/Vladimir/RII-MH223382S/2024|EPI_ISL_19689649,2025-04-08,1.0
A/Vladimir/RII-MH223382S/2024|EPI_ISL_19689649,2025-04-10,1.0
A/Vladimir/RII-MH223382S/2024|EPI_ISL_19689649,2025-04-12,1.0
A/Vladimir/RII-MH223382S/2024|EPI_ISL_19689649,2025-04-15,1.0
A/Vladimir/RII-MH223382S/2024|EPI_ISL_19689649,2025-04-16,1.0
A/Vladimir/RII-MH223382S/2024|EPI_ISL_19689649,2025-04-21,1.0
A/Vladimir/RII-MH223382S/2024|EPI_ISL_19689649,2025-04-22,1.0
A/Vladimir/RII-MH223382S/2024|EPI_ISL_19689649,2025-05-07,1.0
A/Vladimir/RII-MH223382S/2024|EPI_ISL_19689649,2025-05-16,1.0
A/Wisconsin/30/2025|EPI_ISL_19746107,2024-10-19,1.0
A/Wisconsin/30/2025|EPI_ISL_19746107,2024-10-29,1.0
A/Wisconsin/30/2025|EPI_ISL_19746107,2024-11-07,1.0
A/Wisconsin/30/2025|EPI_ISL_19746107,2024-11-12,1.0
A/Wisconsin/30/2025|EPI_ISL_19746107,2024-11-13,2.0
A/Wisconsin/30/2025|EPI_ISL_19746107,2024-11-21,1.0
A/Wisconsin/30/2025|EPI_ISL_19746107,2024-11-22,1.0
A/Wisconsin/30/2025|EPI_ISL_19746107,2024-11-27,2.0
A/Wisconsin/30/2025|EPI_ISL_19746107,2024-11-29,1.0
A/Wisconsin/30/2025|EPI_ISL_19746107,2024-12-05,1.0
A/Wisconsin/30/2025|EPI_ISL_19746107,2024-12-12,1.0
A/Wisconsin/30/2025|EPI_ISL_19746107,2024-12-13,1.0
A/Wisconsin/30/2025|EPI_ISL_19746107,2024-12-15,1.0
A/Wisconsin/30/2025|EPI_ISL_19746107,2024-12-16,2.0
A/Wisconsin/30/2025|EPI_ISL_19746107,2024-12-17,3.0
A/Wisconsin/30/2025|EPI_ISL_19746107,2024-12-21,2.0
A/Wisconsin/30/2025|EPI_ISL_19746107,2024-12-23,2.0
A/Wisconsin/30/2025|EPI_ISL_19746107,2024-12-24,1.0
A/Wisconsin/30/2025|EPI_ISL_19746107,2024-12-26,1.0
A/Wisconsin/30/2025|EPI_ISL_19746107,2024-12-27,1.0
A/Wisconsin/30/2025|EPI_ISL_19746107,2024-12-28,1.0
A/Wisconsin/30/2025|EPI_ISL_19746107,2024-12-30,1.0
A/Wisconsin/30/2025|EPI_ISL_19746107,2025-01-03,1.0
A/Wisconsin/30/2025|EPI_ISL_19746107,2025-01-04,1.0
A/Wisconsin/30/2025|EPI_ISL_19746107,2025-01-06,1.0
A/Wisconsin/30/2025|EPI_ISL_19746107,2025-01-11,2.0
A/Wisconsin/30/2025|EPI_ISL_19746107,2025-01-17,1.0
A/Wisconsin/30/2025|EPI_ISL_19746107,2025-01-20,1.0
A/Wisconsin/30/2025|EPI_ISL_19746107,2025-01-23,1.0
A/Wisconsin/30/2025|EPI_ISL_19746107,2025-01-24,1.0
A/Wisconsin/30/2025|EPI_ISL_19746107,2025-01-25,1.0
A/Wisconsin/30/2025|EPI_ISL_19746107,2025-01-26,1.0
A/Wisconsin/30/2025|EPI_ISL_19746107,2025-01-28,1.0
A/Wisconsin/30/2025|EPI_ISL_19746107,2025-01-29,1.0
A/Wisconsin/30/2025|EPI_ISL_19746107,2025-01-30,1.0
A/Wisconsin/30/2025|EPI_ISL_19746107,2025-02-01,1.0
A/Wisconsin/30/2025|EPI_ISL_19746107,2025-02-02,1.0
A/Wisconsin/30/2025|EPI_ISL_19746107,2025-02-10,1.0
A/Wisconsin/30/2025|EPI_ISL_19746107,2025-02-17,1.0
A/Wisconsin/30/2025|EPI_ISL_19746107,2025-02-21,1.0
A/Wisconsin/30/2025|EPI_ISL_19746107,2025-02-28,1.0
A/Wisconsin/30/2025|EPI_ISL_19746107,2025-03-04,1.0
A/Wisconsin/30/2025|EPI_ISL_19746107,2025-03-15,1.0
A/Wisconsin/NIRC-IS-1111/2025|EPI_ISL_19792476,2024-11-08,1.0
A/Wisconsin/NIRC-IS-1111/2025|EPI_ISL_19792476,2024-11-13,1.0
A/Wisconsin/NIRC-IS-1111/2025|EPI_ISL_19792476,2024-11-20,1.0
A/Wisconsin/NIRC-IS-1111/2025|EPI_ISL_19792476,2024-12-02,2.0
A/Wisconsin/NIRC-IS-1111/2025|EPI_ISL_19792476,2024-12-15,1.0
A/Wisconsin/NIRC-IS-1111/2025|EPI_ISL_19792476,2024-12-30,1.0
A/Wisconsin/NIRC-IS-1111/2025|EPI_ISL_19792476,2024-12-31,1.0
A/Wisconsin/NIRC-IS-1111/2025|EPI_ISL_19792476,2025-01-04,1.0
A/Wisconsin/NIRC-IS-1111/2025|EPI_ISL_19792476,2025-01-08,1.0
A/Wisconsin/NIRC-IS-1111/2025|EPI_ISL_19792476,2025-01-14,1.0
A/Wisconsin/NIRC-IS-1111/2025|EPI_ISL_19792476,2025-02-02,1.0
A/Wisconsin/NIRC-IS-1111/2025|EPI_ISL_19792476,2025-02-13,1.0
A/Zacapa/FLU-012/2025|EPI_ISL_19726450,2024-04-21,1.0
A/Zacapa/FLU-012/2025|EPI_ISL_19726450,2024-04-26,2.0
A/Zacapa/FLU-012/2025|EPI_ISL_19726450,2024-04-27,2.0
A/Zacapa/FLU-012/2025|EPI_ISL_19726450,2024-04-30,2.0
A/Zacapa/FLU-012/2025|EPI_ISL_19726450,2024-05-13,1.0
A/Zacapa/FLU-012/2025|EPI_ISL_19726450,2024-05-16,1.0
A/Zacapa/FLU-012/2025|EPI_ISL_19726450,2024-05-19,1.0
A/Zacapa/FLU-012/2025|EPI_ISL_19726450,2024-05-20,1.0
A/Zacapa/FLU-012/2025|EPI_ISL_19726450,2024-05-27,1.0
A/Zacapa/FLU-012/2025|EPI_ISL_19726450,2024-05-29,2.0
A/Zacapa/FLU-012/2025|EPI_ISL_19726450,2024-06-03,2.0
A/Zacapa/FLU-012/2025|EPI_ISL_19726450,2024-06-08,1.0
A/Zacapa/FLU-012/2025|EPI_ISL_19726450,2024-06-11,1.0
A/Zacapa/FLU-012/2025|EPI_ISL_19726450,2024-06-12,1.0
A/Zacapa/FLU-012/2025|EPI_ISL_19726450,2024-06-13,1.0
A/Zacapa/FLU-012/2025|EPI_ISL_19726450,2024-06-15,1.0
A/Zacapa/FLU-012/2025|EPI_ISL_19726450,2024-06-17,1.0
A/Zacapa/FLU-012/2025|EPI_ISL_19726450,2024-06-19,1.0
A/Zacapa/FLU-012/2025|EPI_ISL_19726450,2024-06-20,1.0
A/Zacapa/FLU-012/2025|EPI_ISL_19726450,2024-06-21,2.0
A/Zacapa/FLU-012/2025|EPI_ISL_19726450,2024-06-22,1.0
A/Zacapa/FLU-012/2025|EPI_ISL_19726450,2024-06-27,1.0
A/Zacapa/FLU-012/2025|EPI_ISL_19726450,2024-06-28,3.0
A/Zacapa/FLU-012/2025|EPI_ISL_19726450,2024-07-01,2.0
A/Zacapa/FLU-012/2025|EPI_ISL_19726450,2024-07-02,1.0
A/Zacapa/FLU-012/2025|EPI_ISL_19726450,2024-07-03,3.0
A/Zacapa/FLU-012/2025|EPI_ISL_19726450,2024-07-05,1.0
A/Zacapa/FLU-012/2025|EPI_ISL_19726450,2024-07-07,2.0
A/Zacapa/FLU-012/2025|EPI_ISL_19726450,2024-07-08,3.0
A/Zacapa/FLU-012/2025|EPI_ISL_19726450,2024-07-09,1.0
A/Zacapa/FLU-012/2025|EPI_ISL_19726450,2024-07-10,2.0
A/Zacapa/FLU-012/2025|EPI_ISL_19726450,2024-07-11,3.0
A/Zacapa/FLU-012/2025|EPI_ISL_19726450,2024-07-13,1.0
A/Zacapa/FLU-012/2025|EPI_ISL_19726450,2024-07-15,1.0
A/Zacapa/FLU-012/2025|EPI_ISL_19726450,2024-07-16,1.0
A/Zacapa/FLU-012/2025|EPI_ISL_19726450,2024-07-17,4.0
A/Zacapa/FLU-012/2025|EPI_ISL_19726450,2024-07-18,1.0
A/Zacapa/FLU-012/2025|EPI_ISL_19726450,2024-07-19,1.0
A/Zacapa/FLU-012/2025|EPI_ISL_19726450,2024-07-21,2.0
A/Zacapa/FLU-012/2025|EPI_ISL_19726450,2024-07-22,1.0
A/Zacapa/FLU-012/2025|EPI_ISL_19726450,2024-07-24,2.0
A/Zacapa/FLU-012/2025|EPI_ISL_19726450,2024-07-25,1.0
A/Zacapa/FLU-012/2025|EPI_ISL_19726450,2024-07-26,2.0
A/Zacapa/FLU-012/2025|EPI_ISL_19726450,2024-07-27,2.0
A/Zacapa/FLU-012/2025|EPI_ISL_19726450,2024-07-29,2.0
A/Zacapa/FLU-012/2025|EPI_ISL_19726450,2024-07-30,1.0
A/Zacapa/FLU-012/2025|EPI_ISL_19726450,2024-07-31,1.0
A/Zacapa/FLU-012/2025|EPI_ISL_19726450,2024-08-01,2.0
A/Zacapa/FLU-012/2025|EPI_ISL_19726450,2024-08-02,3.0
A/Zacapa/FLU-012/2025|EPI_ISL_19726450,2024-08-03,1.0
A/Zacapa/FLU-012/2025|EPI_ISL_19726450,2024-08-04,2.0
A/Zacapa/FLU-012/2025|EPI_ISL_19726450,2024-08-05,5.0
A/Zacapa/FLU-012/2025|EPI_ISL_19726450,2024-08-06,1.0
A/Zacapa/FLU-012/2025|EPI_ISL_19726450,2024-08-07,1.0
A/Zacapa/FLU-012/2025|EPI_ISL_19726450,2024-08-08,2.0
A/Zacapa/FLU-012/2025|EPI_ISL_19726450,2024-08-09,1.0
A/Zacapa/FLU-012/2025|EPI_ISL_19726450,2024-08-10,1.0
A/Zacapa/FLU-012/2025|EPI_ISL_19726450,2024-08-11,1.0
A/Zacapa/FLU-012/2025|EPI_ISL_19726450,2024-08-13,2.0
A/Zacapa/FLU-012/2025|EPI_ISL_19726450,2024-08-15,2.0
A/Zacapa/FLU-012/2025|EPI_ISL_19726450,2024-08-16,1.0
A/Zacapa/FLU-012/2025|EPI_ISL_19726450,2024-08-17,1.0
A/Zacapa/FLU-012/2025|EPI_ISL_19726450,2024-08-18,1.0
A/Zacapa/FLU-012/2025|EPI_ISL_19726450,2024-08-21,1.0
A/Zacapa/FLU-012/2025|EPI_ISL_19726450,2024-08-22,3.0
A/Zacapa/FLU-012/2025|EPI_ISL_19726450,2024-08-24,1.0
A/Zacapa/FLU-012/2025|EPI_ISL_19726450,2024-08-25,1.0
A/Zacapa/FLU-012/2025|EPI_ISL_19726450,2024-08-26,2.0
A/Zacapa/FLU-012/2025|EPI_ISL_19726450,2024-08-27,2.0
A/Zacapa/FLU-012/2025|EPI_ISL_19726450,2024-08-28,3.0
A/Zacapa/FLU-012/2025|EPI_ISL_19726450,2024-08-31,1.0
A/Zacapa/FLU-012/2025|EPI_ISL_19726450,2024-09-01,1.0
A/Zacapa/FLU-012/2025|EPI_ISL_19726450,2024-09-02,1.0
A/Zacapa/FLU-012/2025|EPI_ISL_19726450,2024-09-04,3.0
A/Zacapa/FLU-012/2025|EPI_ISL_19726450,2024-09-05,3.0
A/Zacapa/FLU-012/2025|EPI_ISL_19726450,2024-09-06,2.0
A/Zacapa/FLU-012/2025|EPI_ISL_19726450,2024-09-08,4.0
A/Zacapa/FLU-012/2025|EPI_ISL_19726450,2024-09-09,2.0
A/Zacapa/FLU-012/2025|EPI_ISL_19726450,2024-09-10,3.0
A/Zacapa/FLU-012/2025|EPI_ISL_19726450,2024-09-11,2.0
A/Zacapa/FLU-012/2025|EPI_ISL_19726450,2024-09-12,2.0
A/Zacapa/FLU-012/2025|EPI_ISL_19726450,2024-09-13,5.0
A/Zacapa/FLU-012/2025|EPI_ISL_19726450,2024-09-14,4.0
A/Zacapa/FLU-012/2025|EPI_ISL_19726450,2024-09-15,1.0
A/Zacapa/FLU-012/2025|EPI_ISL_19726450,2024-09-16,4.0
A/Zacapa/FLU-012/2025|EPI_ISL_19726450,2024-09-17,3.0
A/Zacapa/FLU-012/2025|EPI_ISL_19726450,2024-09-18,7.0
A/Zacapa/FLU-012/2025|EPI_ISL_19726450,2024-09-19,1.0
A/Zacapa/FLU-012/2025|EPI_ISL_19726450,2024-09-20,2.0
A/Zacapa/FLU-012/2025|EPI_ISL_19726450,2024-09-22,4.0
A/Zacapa/FLU-012/2025|EPI_ISL_19726450,2024-09-23,1.0
A/Zacapa/FLU-012/2025|EPI_ISL_19726450,2024-09-25,3.0
A/Zacapa/FLU-012/2025|EPI_ISL_19726450,2024-09-26,3.0
A/Zacapa/FLU-012/2025|EPI_ISL_19726450,2024-09-27,5.0
A/Zacapa/FLU-012/2025|EPI_ISL_19726450,2024-09-28,1.0
A/Zacapa/FLU-012/2025|EPI_ISL_19726450,2024-09-29,2.0
A/Zacapa/FLU-012/2025|EPI_ISL_19726450,2024-09-30,1.0
A/Zacapa/FLU-012/2025|EPI_ISL_19726450,2024-10-01,5.0
A/Zacapa/FLU-012/2025|EPI_ISL_19726450,2024-10-02,3.0
A/Zacapa/FLU-012/2025|EPI_ISL_19726450,2024-10-04,8.0
A/Zacapa/FLU-012/2025|EPI_ISL_19726450,2024-10-05,1.0
A/Zacapa/FLU-012/2025|EPI_ISL_19726450,2024-10-06,1.0
A/Zacapa/FLU-012/2025|EPI_ISL_19726450,2024-10-07,5.0
A/Zacapa/FLU-012/2025|EPI_ISL_19726450,2024-10-08,9.0
A/Zacapa/FLU-012/2025|EPI_ISL_19726450,2024-10-09,3.0
A/Zacapa/FLU-012/2025|EPI_ISL_19726450,2024-10-10,5.0
A/Zacapa/FLU-012/2025|EPI_ISL_19726450,2024-10-11,10.0
A/Zacapa/FLU-012/2025|EPI_ISL_19726450,2024-10-12,4.0
A/Zacapa/FLU-012/2025|EPI_ISL_19726450,2024-10-13,4.0
A/Zacapa/FLU-012/2025|EPI_ISL_19726450,2024-10-14,8.0
A/Zacapa/FLU-012/2025|EPI_ISL_19726450,2024-10-15,5.0
A/Zacapa/FLU-012/2025|EPI_ISL_19726450,2024-10-16,6.0
A/Zacapa/FLU-012/2025|EPI_ISL_19726450,2024-10-17,6.0
A/Zacapa/FLU-012/2025|EPI_ISL_19726450,2024-10-18,6.0
A/Zacapa/FLU-012/2025|EPI_ISL_19726450,2024-10-19,3.0
A/Zacapa/FLU-012/2025|EPI_ISL_19726450,2024-10-20,4.0
A/Zacapa/FLU-012/2025|EPI_ISL_19726450,2024-10-21,14.0
A/Zacapa/FLU-012/2025|EPI_ISL_19726450,2024-10-22,7.0
A/Zacapa/FLU-012/2025|EPI_ISL_19726450,2024-10-23,10.0
A/Zacapa/FLU-012/2025|EPI_ISL_19726450,2024-10-24,13.0
A/Zacapa/FLU-012/2025|EPI_ISL_19726450,2024-10-25,5.0
A/Zacapa/FLU-012/2025|EPI_ISL_19726450,2024-10-26,10.0
A/Zacapa/FLU-012/2025|EPI_ISL_19726450,2024-10-27,9.0
A/Zacapa/FLU-012/2025|EPI_ISL_19726450,2024-10-28,19.0
A/Zacapa/FLU-012/2025|EPI_ISL_19726450,2024-10-29,6.0
A/Zacapa/FLU-012/2025|EPI_ISL_19726450,2024-10-30,11.0
A/Zacapa/FLU-012/2025|EPI_ISL_19726450,2024-10-31,3.0
A/Zacapa/FLU-012/2025|EPI_ISL_19726450,2024-11-01,8.0
A/Zacapa/FLU-012/2025|EPI_ISL_19726450,2024-11-02,4.0
A/Zacapa/FLU-012/2025|EPI_ISL_19726450,2024-11-03,4.0
A/Zacapa/FLU-012/2025|EPI_ISL_19726450,2024-11-04,12.0
A/Zacapa/FLU-012/2025|EPI_ISL_19726450,2024-11-05,16.0
A/Zacapa/FLU-012/2025|EPI_ISL_19726450,2024-11-06,14.0
A/Zacapa/FLU-012/2025|EPI_ISL_19726450,2024-11-07,12.0
A/Zacapa/FLU-012/2025|EPI_ISL_19726450,2024-11-08,7.0
A/Zacapa/FLU-012/2025|EPI_ISL_19726450,2024-11-09,7.0
A/Zacapa/FLU-012/2025|EPI_ISL_19726450,2024-11-10,5.0
A/Zacapa/FLU-012/2025|EPI_ISL_19726450,2024-11-11,16.0
A/Zacapa/FLU-012/2025|EPI_ISL_19726450,2024-11-12,12.0
A/Zacapa/FLU-012/2025|EPI_ISL_19726450,2024-11-13,17.0
A/Zacapa/FLU-012/2025|EPI_ISL_19726450,2024-11-14,13.0
A/Zacapa/FLU-012/2025|EPI_ISL_19726450,2024-11-15,7.0
A/Zacapa/FLU-012/2025|EPI_ISL_19726450,2024-11-16,5.0
A/Zacapa/FLU-012/2025|EPI_ISL_19726450,2024-11-17,8.0
A/Zacapa/FLU-012/2025|EPI_ISL_19726450,2024-11-18,13.0
A/Zacapa/FLU-012/2025|EPI_ISL_19726450,2024-11-19,24.0
A/Zacapa/FLU-012/2025|EPI_ISL_19726450,2024-11-20,16.0
A/Zacapa/FLU-012/2025|EPI_ISL_19726450,2024-11-21,13.0
A/Zacapa/FLU-012/2025|EPI_ISL_19726450,2024-11-22,8.0
A/Zacapa/FLU-012/2025|EPI_ISL_19726450,2024-11-23,8.0
A/Zacapa/FLU-012/2025|EPI_ISL_19726450,2024-11-24,14.0
A/Zacapa/FLU-012/2025|EPI_ISL_19726450,2024-11-25,30.0
A/Zacapa/FLU-012/2025|EPI_ISL_19726450,2024-11-26,22.0
A/Zacapa/FLU-012/2025|EPI_ISL_19726450,2024-11-27,29.0
A/Zacapa/FLU-012/2025|EPI_ISL_19726450,2024-11-28,16.0
A/Zacapa/FLU-012/2025|EPI_ISL_19726450,2024-11-29,26.0
A/Zacapa/FLU-012/2025|EPI_ISL_19726450,2024-11-30,11.0
A/Zacapa/FLU-012/2025|EPI_ISL_19726450,2024-12-01,17.0
A/Zacapa/FLU-012/2025|EPI_ISL_19726450,2024-12-02,23.0
A/Zacapa/FLU-012/2025|EPI_ISL_19726450,2024-12-03,33.0
A/Zacapa/FLU-012/2025|EPI_ISL_19726450,2024-12-04,30.0
A/Zacapa/FLU-012/2025|EPI_ISL_19726450,2024-12-05,27.0
A/Zacapa/FLU-012/2025|EPI_ISL_19726450,2024-12-06,27.0
A/Zacapa/FLU-012/2025|EPI_ISL_19726450,2024-12-07,10.0
A/Zacapa/FLU-012/2025|EPI_ISL_19726450,2024-12-08,10.0
A/Zacapa/FLU-012/2025|EPI_ISL_19726450,2024-12-09,37.0
A/Zacapa/FLU-012/2025|EPI_ISL_19726450,2024-12-10,25.0
A/Zacapa/FLU-012/2025|EPI_ISL_19726450,2024-12-11,51.0
A/Zacapa/FLU-012/2025|EPI_ISL_19726450,2024-12-12,33.0
A/Zacapa/FLU-012/2025|EPI_ISL_19726450,2024-12-13,23.0
A/Zacapa/FLU-012/2025|EPI_ISL_19726450,2024-12-14,9.0
A/Zacapa/FLU-012/2025|EPI_ISL_19726450,2024-12-15,17.0
A/Zacapa/FLU-012/2025|EPI_ISL_19726450,2024-12-16,48.0
A/Zacapa/FLU-012/2025|EPI_ISL_19726450,2024-12-17,37.0
A/Zacapa/FLU-012/2025|EPI_ISL_19726450,2024-12-18,34.0
A/Zacapa/FLU-012/2025|EPI_ISL_19726450,2024-12-19,27.0
A/Zacapa/FLU-012/2025|EPI_ISL_19726450,2024-12-20,24.0
A/Zacapa/FLU-012/2025|EPI_ISL_19726450,2024-12-21,14.0
A/Zacapa/FLU-012/2025|EPI_ISL_19726450,2024-12-22,29.0
A/Zacapa/FLU-012/2025|EPI_ISL_19726450,2024-12-23,41.0
A/Zacapa/FLU-012/2025|EPI_ISL_19726450,2024-12-24,31.0
A/Zacapa/FLU-012/2025|EPI_ISL_19726450,2024-12-25,15.0
A/Zacapa/FLU-012/2025|EPI_ISL_19726450,2024-12-26,28.0
A/Zacapa/FLU-012/2025|EPI_ISL_19726450,2024-12-27,60.0
A/Zacapa/FLU-012/2025|EPI_ISL_19726450,2024-12-28,30.0
A/Zacapa/FLU-012/2025|EPI_ISL_19726450,2024-12-29,35.0
A/Zacapa/FLU-012/2025|EPI_ISL_19726450,2024-12-30,52.0
A/Zacapa/FLU-012/2025|EPI_ISL_19726450,2024-12-31,37.0
A/Zacapa/FLU-012/2025|EPI_ISL_19726450,2025-01-01,31.0
A/Zacapa/FLU-012/2025|EPI_ISL_19726450,2025-01-02,56.0
A/Zacapa/FLU-012/2025|EPI_ISL_19726450,2025-01-03,51.0
A/Zacapa/FLU-012/2025|EPI_ISL_19726450,2025-01-04,27.0
A/Zacapa/FLU-012/2025|EPI_ISL_19726450,2025-01-05,31.0
A/Zacapa/FLU-012/2025|EPI_ISL_19726450,2025-01-06,60.0
A/Zacapa/FLU-012/2025|EPI_ISL_19726450,2025-01-07,58.0
A/Zacapa/FLU-012/2025|EPI_ISL_19726450,2025-01-08,68.0
A/Zacapa/FLU-012/2025|EPI_ISL_19726450,2025-01-09,43.0
A/Zacapa/FLU-012/2025|EPI_ISL_19726450,2025-01-10,55.0
A/Zacapa/FLU-012/2025|EPI_ISL_19726450,2025-01-11,37.0
A/Zacapa/FLU-012/2025|EPI_ISL_19726450,2025-01-12,23.0
A/Zacapa/FLU-012/2025|EPI_ISL_19726450,2025-01-13,65.0
A/Zacapa/FLU-012/2025|EPI_ISL_19726450,2025-01-14,87.0
A/Zacapa/FLU-012/2025|EPI_ISL_19726450,2025-01-15,57.0
A/Zacapa/FLU-012/2025|EPI_ISL_19726450,2025-01-16,63.0
A/Zacapa/FLU-012/2025|EPI_ISL_19726450,2025-01-17,86.0
A/Zacapa/FLU-012/2025|EPI_ISL_19726450,2025-01-18,29.0
A/Zacapa/FLU-012/2025|EPI_ISL_19726450,2025-01-19,25.0
A/Zacapa/FLU-012/2025|EPI_ISL_19726450,2025-01-20,81.0
A/Zacapa/FLU-012/2025|EPI_ISL_19726450,2025-01-21,93.0
A/Zacapa/FLU-012/2025|EPI_ISL_19726450,2025-01-22,66.0
A/Zacapa/FLU-012/2025|EPI_ISL_19726450,2025-01-23,49.0
A/Zacapa/FLU-012/2025|EPI_ISL_19726450,2025-01-24,48.0
A/Zacapa/FLU-012/2025|EPI_ISL_19726450,2025-01-25,25.0
A/Zacapa/FLU-012/2025|EPI_ISL_19726450,2025-01-26,23.0
A/Zacapa/FLU-012/2025|EPI_ISL_19726450,2025-01-27,89.0
A/Zacapa/FLU-012/2025|EPI_ISL_19726450,2025-01-28,83.0
A/Zacapa/FLU-012/2025|EPI_ISL_19726450,2025-01-29,58.0
A/Zacapa/FLU-012/2025|EPI_ISL_19726450,2025-01-30,49.0
A/Zacapa/FLU-012/2025|EPI_ISL_19726450,2025-01-31,53.0
A/Zacapa/FLU-012/2025|EPI_ISL_19726450,2025-02-01,26.0
A/Zacapa/FLU-012/2025|EPI_ISL_19726450,2025-02-02,21.0
A/Zacapa/FLU-012/2025|EPI_ISL_19726450,2025-02-03,69.0
A/Zacapa/FLU-012/2025|EPI_ISL_19726450,2025-02-04,48.0
A/Zacapa/FLU-012/2025|EPI_ISL_19726450,2025-02-05,34.0
A/Zacapa/FLU-012/2025|EPI_ISL_19726450,2025-02-06,36.0
A/Zacapa/FLU-012/2025|EPI_ISL_19726450,2025-02-07,27.0
A/Zacapa/FLU-012/2025|EPI_ISL_19726450,2025-02-08,19.0
A/Zacapa/FLU-012/2025|EPI_ISL_19726450,2025-02-09,15.0
A/Zacapa/FLU-012/2025|EPI_ISL_19726450,2025-02-10,41.0
A/Zacapa/FLU-012/2025|EPI_ISL_19726450,2025-02-11,30.0
A/Zacapa/FLU-012/2025|EPI_ISL_19726450,2025-02-12,33.0
A/Zacapa/FLU-012/2025|EPI_ISL_19726450,2025-02-13,26.0
A/Zacapa/FLU-012/2025|EPI_ISL_19726450,2025-02-14,16.0
A/Zacapa/FLU-012/2025|EPI_ISL_19726450,2025-02-15,11.0
A/Zacapa/FLU-012/2025|EPI_ISL_19726450,2025-02-16,12.0
A/Zacapa/FLU-012/2025|EPI_ISL_19726450,2025-02-17,39.0
A/Zacapa/FLU-012/2025|EPI_ISL_19726450,2025-02-18,30.0
A/Zacapa/FLU-012/2025|EPI_ISL_19726450,2025-02-19,30.0
A/Zacapa/FLU-012/2025|EPI_ISL_19726450,2025-02-20,16.0
A/Zacapa/FLU-012/2025|EPI_ISL_19726450,2025-02-21,18.0
A/Zacapa/FLU-012/2025|EPI_ISL_19726450,2025-02-22,7.0
A/Zacapa/FLU-012/2025|EPI_ISL_19726450,2025-02-23,5.0
A/Zacapa/FLU-012/2025|EPI_ISL_19726450,2025-02-24,32.0
A/Zacapa/FLU-012/2025|EPI_ISL_19726450,2025-02-25,18.0
A/Zacapa/FLU-012/2025|EPI_ISL_19726450,2025-02-26,8.0
A/Zacapa/FLU-012/2025|EPI_ISL_19726450,2025-02-27,11.0
A/Zacapa/FLU-012/2025|EPI_ISL_19726450,2025-02-28,10.0
A/Zacapa/FLU-012/2025|EPI_ISL_19726450,2025-03-01,6.0
A/Zacapa/FLU-012/2025|EPI_ISL_19726450,2025-03-02,5.0
A/Zacapa/FLU-012/2025|EPI_ISL_19726450,2025-03-03,20.0
A/Zacapa/FLU-012/2025|EPI_ISL_19726450,2025-03-04,15.0
A/Zacapa/FLU-012/2025|EPI_ISL_19726450,2025-03-05,10.0
A/Zacapa/FLU-012/2025|EPI_ISL_19726450,2025-03-06,19.0
A/Zacapa/FLU-012/2025|EPI_ISL_19726450,2025-03-07,11.0
A/Zacapa/FLU-012/2025|EPI_ISL_19726450,2025-03-08,5.0
A/Zacapa/FLU-012/2025|EPI_ISL_19726450,2025-03-09,4.0
A/Zacapa/FLU-012/2025|EPI_ISL_19726450,2025-03-10,12.0
A/Zacapa/FLU-012/2025|EPI_ISL_19726450,2025-03-11,7.0
A/Zacapa/FLU-012/2025|EPI_ISL_19726450,2025-03-12,9.0
A/Zacapa/FLU-012/2025|EPI_ISL_19726450,2025-03-13,7.0
A/Zacapa/FLU-012/2025|EPI_ISL_19726450,2025-03-14,1.0
A/Zacapa/FLU-012/2025|EPI_ISL_19726450,2025-03-15,3.0
A/Zacapa/FLU-012/2025|EPI_ISL_19726450,2025-03-16,1.0
A/Zacapa/FLU-012/2025|EPI_ISL_19726450,2025-03-17,11.0
A/Zacapa/FLU-012/2025|EPI_ISL_19726450,2025-03-18,8.0
A/Zacapa/FLU-012/2025|EPI_ISL_19726450,2025-03-19,6.0
A/Zacapa/FLU-012/2025|EPI_ISL_19726450,2025-03-20,7.0
A/Zacapa/FLU-012/2025|EPI_ISL_19726450,2025-03-21,6.0
A/Zacapa/FLU-012/2025|EPI_ISL_19726450,2025-03-22,6.0
A/Zacapa/FLU-012/2025|EPI_ISL_19726450,2025-03-23,3.0
A/Zacapa/FLU-012/2025|EPI_ISL_19726450,2025-03-24,8.0
A/Zacapa/FLU-012/2025|EPI_ISL_19726450,2025-03-25,7.0
A/Zacapa/FLU-012/2025|EPI_ISL_19726450,2025-03-26,9.0
A/Zacapa/FLU-012/2025|EPI_ISL_19726450,2025-03-27,6.0
A/Zacapa/FLU-012/2025|EPI_ISL_19726450,2025-03-28,5.0
A/Zacapa/FLU-012/2025|EPI_ISL_19726450,2025-03-29,4.0
A/Zacapa/FLU-012/2025|EPI_ISL_19726450,2025-03-30,3.0
A/Zacapa/FLU-012/2025|EPI_ISL_19726450,2025-03-31,7.0
A/Zacapa/FLU-012/2025|EPI_ISL_19726450,2025-04-01,3.0
A/Zacapa/FLU-012/2025|EPI_ISL_19726450,2025-04-02,7.0
A/Zacapa/FLU-012/2025|EPI_ISL_19726450,2025-04-03,2.0
A/Zacapa/FLU-012/2025|EPI_ISL_19726450,2025-04-04,5.0
A/Zacapa/FLU-012/2025|EPI_ISL_19726450,2025-04-05,2.0
A/Zacapa/FLU-012/2025|EPI_ISL_19726450,2025-04-06,3.0
A/Zacapa/FLU-012/2025|EPI_ISL_19726450,2025-04-07,6.0
A/Zacapa/FLU-012/2025|EPI_ISL_19726450,2025-04-08,2.0
A/Zacapa/FLU-012/2025|EPI_ISL_19726450,2025-04-09,10.0
A/Zacapa/FLU-012/2025|EPI_ISL_19726450,2025-04-10,5.0
A/Zacapa/FLU-012/2025|EPI_ISL_19726450,2025-04-11,5.0
A/Zacapa/FLU-012/2025|EPI_ISL_19726450,2025-04-14,2.0
A/Zacapa/FLU-012/2025|EPI_ISL_19726450,2025-04-15,2.0
A/Zacapa/FLU-012/2025|EPI_ISL_19726450,2025-04-16,1.0
A/Zacapa/FLU-012/2025|EPI_ISL_19726450,2025-04-17,7.0
A/Zacapa/FLU-012/2025|EPI_ISL_19726450,2025-04-18,3.0
A/Zacapa/FLU-012/2025|EPI_ISL_19726450,2025-04-19,3.0
A/Zacapa/FLU-012/2025|EPI_ISL_19726450,2025-04-21,4.0
A/Zacapa/FLU-012/2025|EPI_ISL_19726450,2025-04-22,3.0
A/Zacapa/FLU-012/2025|EPI_ISL_19726450,2025-04-23,3.0
A/Zacapa/FLU-012/2025|EPI_ISL_19726450,2025-04-28,1.0
A/Zacapa/FLU-012/2025|EPI_ISL_19726450,2025-04-29,6.0
A/Zacapa/FLU-012/2025|EPI_ISL_19726450,2025-05-02,1.0
A/Zacapa/FLU-012/2025|EPI_ISL_19726450,2025-05-04,1.0
A/Zacapa/FLU-012/2025|EPI_ISL_19726450,2025-05-06,2.0
A/Zacapa/FLU-012/2025|EPI_ISL_19726450,2025-05-22,1.0
A/Zacapa/FLU-012/2025|EPI_ISL_19726450,2025-06-04,1.0
A/Zacapa/FLU-012/2025|EPI_ISL_19726450,2025-06-09,1.0
"EPI_ISL_19781617|A/NovaScotia/ET1801CP00018S/2025|Loder,_Allana|2025-01-18",2024-08-01,1.0
"EPI_ISL_19781617|A/NovaScotia/ET1801CP00018S/2025|Loder,_Allana|2025-01-18",2024-08-05,1.0
"EPI_ISL_19781617|A/NovaScotia/ET1801CP00018S/2025|Loder,_Allana|2025-01-18",2024-08-06,1.0
"EPI_ISL_19781617|A/NovaScotia/ET1801CP00018S/2025|Loder,_Allana|2025-01-18",2024-08-16,1.0
"EPI_ISL_19781617|A/NovaScotia/ET1801CP00018S/2025|Loder,_Allana|2025-01-18",2024-08-22,2.0
"EPI_ISL_19781617|A/NovaScotia/ET1801CP00018S/2025|Loder,_Allana|2025-01-18",2024-10-17,1.0
"EPI_ISL_19781617|A/NovaScotia/ET1801CP00018S/2025|Loder,_Allana|2025-01-18",2024-10-18,1.0
"EPI_ISL_19781617|A/NovaScotia/ET1801CP00018S/2025|Loder,_Allana|2025-01-18",2024-10-24,2.0
"EPI_ISL_19781617|A/NovaScotia/ET1801CP00018S/2025|Loder,_Allana|2025-01-18",2024-10-29,1.0
"EPI_ISL_19781617|A/NovaScotia/ET1801CP00018S/2025|Loder,_Allana|2025-01-18",2024-10-31,1.0
"EPI_ISL_19781617|A/NovaScotia/ET1801CP00018S/2025|Loder,_Allana|2025-01-18",2024-11-01,2.0
"EPI_ISL_19781617|A/NovaScotia/ET1801CP00018S/2025|Loder,_Allana|2025-01-18",2024-11-03,1.0
"EPI_ISL_19781617|A/NovaScotia/ET1801CP00018S/2025|Loder,_Allana|2025-01-18",2024-11-04,1.0
"EPI_ISL_19781617|A/NovaScotia/ET1801CP00018S/2025|Loder,_Allana|2025-01-18",2024-11-05,1.0
"EPI_ISL_19781617|A/NovaScotia/ET1801CP00018S/2025|Loder,_Allana|2025-01-18",2024-11-07,1.0
"EPI_ISL_19781617|A/NovaScotia/ET1801CP00018S/2025|Loder,_Allana|2025-01-18",2024-11-12,2.0
"EPI_ISL_19781617|A/NovaScotia/ET1801CP00018S/2025|Loder,_Allana|2025-01-18",2024-11-18,2.0
"EPI_ISL_19781617|A/NovaScotia/ET1801CP00018S/2025|Loder,_Allana|2025-01-18",2024-11-19,1.0
"EPI_ISL_19781617|A/NovaScotia/ET1801CP00018S/2025|Loder,_Allana|2025-01-18",2024-11-21,1.0
"EPI_ISL_19781617|A/NovaScotia/ET1801CP00018S/2025|Loder,_Allana|2025-01-18",2024-11-22,2.0
"EPI_ISL_19781617|A/NovaScotia/ET1801CP00018S/2025|Loder,_Allana|2025-01-18",2024-11-25,1.0
"EPI_ISL_19781617|A/NovaScotia/ET1801CP00018S/2025|Loder,_Allana|2025-01-18",2024-11-27,2.0
"EPI_ISL_19781617|A/NovaScotia/ET1801CP00018S/2025|Loder,_Allana|2025-01-18",2024-11-29,1.0
"EPI_ISL_19781617|A/NovaScotia/ET1801CP00018S/2025|Loder,_Allana|2025-01-18",2024-12-02,3.0
"EPI_ISL_19781617|A/NovaScotia/ET1801CP00018S/2025|Loder,_Allana|2025-01-18",2024-12-03,2.0
"EPI_ISL_19781617|A/NovaScotia/ET1801CP00018S/2025|Loder,_Allana|2025-01-18",2024-12-04,1.0
"EPI_ISL_19781617|A/NovaScotia/ET1801CP00018S/2025|Loder,_Allana|2025-01-18",2024-12-05,2.0
"EPI_ISL_19781617|A/NovaScotia/ET1801CP00018S/2025|Loder,_Allana|2025-01-18",2024-12-06,3.0
"EPI_ISL_19781617|A/NovaScotia/ET1801CP00018S/2025|Loder,_Allana|2025-01-18",2024-12-08,1.0
"EPI_ISL_19781617|A/NovaScotia/ET1801CP00018S/2025|Loder,_Allana|2025-01-18",2024-12-09,2.0
"EPI_ISL_19781617|A/NovaScotia/ET1801CP00018S/2025|Loder,_Allana|2025-01-18",2024-12-10,3.0
"EPI_ISL_19781617|A/NovaScotia/ET1801CP00018S/2025|Loder,_Allana|2025-01-18",2024-12-12,2.0
"EPI_ISL_19781617|A/NovaScotia/ET1801CP00018S/2025|Loder,_Allana|2025-01-18",2024-12-13,1.0
"EPI_ISL_19781617|A/NovaScotia/ET1801CP00018S/2025|Loder,_Allana|2025-01-18",2024-12-14,1.0
"EPI_ISL_19781617|A/NovaScotia/ET1801CP00018S/2025|Loder,_Allana|2025-01-18",2024-12-16,5.0
"EPI_ISL_19781617|A/NovaScotia/ET1801CP00018S/2025|Loder,_Allana|2025-01-18",2024-12-17,4.0
"EPI_ISL_19781617|A/NovaScotia/ET1801CP00018S/2025|Loder,_Allana|2025-01-18",2024-12-18,6.0
"EPI_ISL_19781617|A/NovaScotia/ET1801CP00018S/2025|Loder,_Allana|2025-01-18",2024-12-19,3.0
"EPI_ISL_19781617|A/NovaScotia/ET1801CP00018S/2025|Loder,_Allana|2025-01-18",2024-12-20,5.0
"EPI_ISL_19781617|A/NovaScotia/ET1801CP00018S/2025|Loder,_Allana|2025-01-18",2024-12-21,2.0
"EPI_ISL_19781617|A/NovaScotia/ET1801CP00018S/2025|Loder,_Allana|2025-01-18",2024-12-23,2.0
"EPI_ISL_19781617|A/NovaScotia/ET1801CP00018S/2025|Loder,_Allana|2025-01-18",2024-12-24,2.0
"EPI_ISL_19781617|A/NovaScotia/ET1801CP00018S/2025|Loder,_Allana|2025-01-18",2024-12-25,5.0
"EPI_ISL_19781617|A/NovaScotia/ET1801CP00018S/2025|Loder,_Allana|2025-01-18",2024-12-26,7.0
"EPI_ISL_19781617|A/NovaScotia/ET1801CP00018S/2025|Loder,_Allana|2025-01-18",2024-12-27,4.0
"EPI_ISL_19781617|A/NovaScotia/ET1801CP00018S/2025|Loder,_Allana|2025-01-18",2024-12-28,2.0
"EPI_ISL_19781617|A/NovaScotia/ET1801CP00018S/2025|Loder,_Allana|2025-01-18",2024-12-29,1.0
"EPI_ISL_19781617|A/NovaScotia/ET1801CP00018S/2025|Loder,_Allana|2025-01-18",2024-12-30,5.0
"EPI_ISL_19781617|A/NovaScotia/ET1801CP00018S/2025|Loder,_Allana|2025-01-18",2024-12-31,2.0
"EPI_ISL_19781617|A/NovaScotia/ET1801CP00018S/2025|Loder,_Allana|2025-01-18",2025-01-01,1.0
"EPI_ISL_19781617|A/NovaScotia/ET1801CP00018S/2025|Loder,_Allana|2025-01-18",2025-01-02,6.0
"EPI_ISL_19781617|A/NovaScotia/ET1801CP00018S/2025|Loder,_Allana|2025-01-18",2025-01-03,4.0
"EPI_ISL_19781617|A/NovaScotia/ET1801CP00018S/2025|Loder,_Allana|2025-01-18",2025-01-04,3.0
"EPI_ISL_19781617|A/NovaScotia/ET1801CP00018S/2025|Loder,_Allana|2025-01-18",2025-01-05,1.0
"EPI_ISL_19781617|A/NovaScotia/ET1801CP00018S/2025|Loder,_Allana|2025-01-18",2025-01-06,5.0
"EPI_ISL_19781617|A/NovaScotia/ET1801CP00018S/2025|Loder,_Allana|2025-01-18",2025-01-07,4.0
"EPI_ISL_19781617|A/NovaScotia/ET1801CP00018S/2025|Loder,_Allana|2025-01-18",2025-01-08,8.0
"EPI_ISL_19781617|A/NovaScotia/ET1801CP00018S/2025|Loder,_Allana|2025-01-18",2025-01-09,3.0
"EPI_ISL_19781617|A/NovaScotia/ET1801CP00018S/2025|Loder,_Allana|2025-01-18",2025-01-10,7.0
"EPI_ISL_19781617|A/NovaScotia/ET1801CP00018S/2025|Loder,_Allana|2025-01-18",2025-01-11,3.0
"EPI_ISL_19781617|A/NovaScotia/ET1801CP00018S/2025|Loder,_Allana|2025-01-18",2025-01-12,2.0
"EPI_ISL_19781617|A/NovaScotia/ET1801CP00018S/2025|Loder,_Allana|2025-01-18",2025-01-13,8.0
"EPI_ISL_19781617|A/NovaScotia/ET1801CP00018S/2025|Loder,_Allana|2025-01-18",2025-01-14,10.0
"EPI_ISL_19781617|A/NovaScotia/ET1801CP00018S/2025|Loder,_Allana|2025-01-18",2025-01-15,5.0
"EPI_ISL_19781617|A/NovaScotia/ET1801CP00018S/2025|Loder,_Allana|2025-01-18",2025-01-16,12.0
"EPI_ISL_19781617|A/NovaScotia/ET1801CP00018S/2025|Loder,_Allana|2025-01-18",2025-01-17,9.0
"EPI_ISL_19781617|A/NovaScotia/ET1801CP00018S/2025|Loder,_Allana|2025-01-18",2025-01-18,3.0
"EPI_ISL_19781617|A/NovaScotia/ET1801CP00018S/2025|Loder,_Allana|2025-01-18",2025-01-19,2.0
"EPI_ISL_19781617|A/NovaScotia/ET1801CP00018S/2025|Loder,_Allana|2025-01-18",2025-01-20,13.0
"EPI_ISL_19781617|A/NovaScotia/ET1801CP00018S/2025|Loder,_Allana|2025-01-18",2025-01-21,10.0
"EPI_ISL_19781617|A/NovaScotia/ET1801CP00018S/2025|Loder,_Allana|2025-01-18",2025-01-22,10.0
"EPI_ISL_19781617|A/NovaScotia/ET1801CP00018S/2025|Loder,_Allana|2025-01-18",2025-01-23,8.0
"EPI_ISL_19781617|A/NovaScotia/ET1801CP00018S/2025|Loder,_Allana|2025-01-18",2025-01-24,7.0
"EPI_ISL_19781617|A/NovaScotia/ET1801CP00018S/2025|Loder,_Allana|2025-01-18",2025-01-25,9.0
"EPI_ISL_19781617|A/NovaScotia/ET1801CP00018S/2025|Loder,_Allana|2025-01-18",2025-01-26,1.0
"EPI_ISL_19781617|A/NovaScotia/ET1801CP00018S/2025|Loder,_Allana|2025-01-18",2025-01-27,6.0
"EPI_ISL_19781617|A/NovaScotia/ET1801CP00018S/2025|Loder,_Allana|2025-01-18",2025-01-28,6.0
"EPI_ISL_19781617|A/NovaScotia/ET1801CP00018S/2025|Loder,_Allana|2025-01-18",2025-01-29,10.0
"EPI_ISL_19781617|A/NovaScotia/ET1801CP00018S/2025|Loder,_Allana|2025-01-18",2025-01-30,7.0
"EPI_ISL_19781617|A/NovaScotia/ET1801CP00018S/2025|Loder,_Allana|2025-01-18",2025-01-31,4.0
"EPI_ISL_19781617|A/NovaScotia/ET1801CP00018S/2025|Loder,_Allana|2025-01-18",2025-02-01,3.0
"EPI_ISL_19781617|A/NovaScotia/ET1801CP00018S/2025|Loder,_Allana|2025-01-18",2025-02-02,1.0
"EPI_ISL_19781617|A/NovaScotia/ET1801CP00018S/2025|Loder,_Allana|2025-01-18",2025-02-03,4.0
"EPI_ISL_19781617|A/NovaScotia/ET1801CP00018S/2025|Loder,_Allana|2025-01-18",2025-02-04,5.0
"EPI_ISL_19781617|A/NovaScotia/ET1801CP00018S/2025|Loder,_Allana|2025-01-18",2025-02-05,3.0
"EPI_ISL_19781617|A/NovaScotia/ET1801CP00018S/2025|Loder,_Allana|2025-01-18",2025-02-06,9.0
"EPI_ISL_19781617|A/NovaScotia/ET1801CP00018S/2025|Loder,_Allana|2025-01-18",2025-02-07,8.0
"EPI_ISL_19781617|A/NovaScotia/ET1801CP00018S/2025|Loder,_Allana|2025-01-18",2025-02-08,1.0
"EPI_ISL_19781617|A/NovaScotia/ET1801CP00018S/2025|Loder,_Allana|2025-01-18",2025-02-09,1.0
"EPI_ISL_19781617|A/NovaScotia/ET1801CP00018S/2025|Loder,_Allana|2025-01-18",2025-02-10,6.0
"EPI_ISL_19781617|A/NovaScotia/ET1801CP00018S/2025|Loder,_Allana|2025-01-18",2025-02-11,4.0
"EPI_ISL_19781617|A/NovaScotia/ET1801CP00018S/2025|Loder,_Allana|2025-01-18",2025-02-12,6.0
"EPI_ISL_19781617|A/NovaScotia/ET1801CP00018S/2025|Loder,_Allana|2025-01-18",2025-02-13,5.0
"EPI_ISL_19781617|A/NovaScotia/ET1801CP00018S/2025|Loder,_Allana|2025-01-18",2025-02-14,5.0
"EPI_ISL_19781617|A/NovaScotia/ET1801CP00018S/2025|Loder,_Allana|2025-01-18",2025-02-15,2.0
"EPI_ISL_19781617|A/NovaScotia/ET1801CP00018S/2025|Loder,_Allana|2025-01-18",2025-02-16,2.0
"EPI_ISL_19781617|A/NovaScotia/ET1801CP00018S/2025|Loder,_Allana|2025-01-18",2025-02-17,4.0
"EPI_ISL_19781617|A/NovaScotia/ET1801CP00018S/2025|Loder,_Allana|2025-01-18",2025-02-18,3.0
"EPI_ISL_19781617|A/NovaScotia/ET1801CP00018S/2025|Loder,_Allana|2025-01-18",2025-02-19,7.0
"EPI_ISL_19781617|A/NovaScotia/ET1801CP00018S/2025|Loder,_Allana|2025-01-18",2025-02-20,7.0
"EPI_ISL_19781617|A/NovaScotia/ET1801CP00018S/2025|Loder,_Allana|2025-01-18",2025-02-21,4.0
"EPI_ISL_19781617|A/NovaScotia/ET1801CP00018S/2025|Loder,_Allana|2025-01-18",2025-02-22,1.0
"EPI_ISL_19781617|A/NovaScotia/ET1801CP00018S/2025|Loder,_Allana|2025-01-18",2025-02-23,1.0
"EPI_ISL_19781617|A/NovaScotia/ET1801CP00018S/2025|Loder,_Allana|2025-01-18",2025-02-24,5.0
"EPI_ISL_19781617|A/NovaScotia/ET1801CP00018S/2025|Loder,_Allana|2025-01-18",2025-02-25,2.0
"EPI_ISL_19781617|A/NovaScotia/ET1801CP00018S/2025|Loder,_Allana|2025-01-18",2025-02-26,1.0
"EPI_ISL_19781617|A/NovaScotia/ET1801CP00018S/2025|Loder,_Allana|2025-01-18",2025-02-27,3.0
"EPI_ISL_19781617|A/NovaScotia/ET1801CP00018S/2025|Loder,_Allana|2025-01-18",2025-03-01,1.0
"EPI_ISL_19781617|A/NovaScotia/ET1801CP00018S/2025|Loder,_Allana|2025-01-18",2025-03-02,1.0
"EPI_ISL_19781617|A/NovaScotia/ET1801CP00018S/2025|Loder,_Allana|2025-01-18",2025-03-03,1.0
"EPI_ISL_19781617|A/NovaScotia/ET1801CP00018S/2025|Loder,_Allana|2025-01-18",2025-03-04,1.0
"EPI_ISL_19781617|A/NovaScotia/ET1801CP00018S/2025|Loder,_Allana|2025-01-18",2025-03-05,2.0
"EPI_ISL_19781617|A/NovaScotia/ET1801CP00018S/2025|Loder,_Allana|2025-01-18",2025-03-06,1.0
"EPI_ISL_19781617|A/NovaScotia/ET1801CP00018S/2025|Loder,_Allana|2025-01-18",2025-03-07,2.0
"EPI_ISL_19781617|A/NovaScotia/ET1801CP00018S/2025|Loder,_Allana|2025-01-18",2025-03-08,1.0
"EPI_ISL_19781617|A/NovaScotia/ET1801CP00018S/2025|Loder,_Allana|2025-01-18",2025-03-09,2.0
"EPI_ISL_19781617|A/NovaScotia/ET1801CP00018S/2025|Loder,_Allana|2025-01-18",2025-03-10,4.0
"EPI_ISL_19781617|A/NovaScotia/ET1801CP00018S/2025|Loder,_Allana|2025-01-18",2025-03-12,2.0
"EPI_ISL_19781617|A/NovaScotia/ET1801CP00018S/2025|Loder,_Allana|2025-01-18",2025-03-14,1.0
"EPI_ISL_19781617|A/NovaScotia/ET1801CP00018S/2025|Loder,_Allana|2025-01-18",2025-03-15,1.0
"EPI_ISL_19781617|A/NovaScotia/ET1801CP00018S/2025|Loder,_Allana|2025-01-18",2025-03-17,3.0
"EPI_ISL_19781617|A/NovaScotia/ET1801CP00018S/2025|Loder,_Allana|2025-01-18",2025-03-18,2.0
"EPI_ISL_19781617|A/NovaScotia/ET1801CP00018S/2025|Loder,_Allana|2025-01-18",2025-03-19,2.0
"EPI_ISL_19781617|A/NovaScotia/ET1801CP00018S/2025|Loder,_Allana|2025-01-18",2025-03-20,1.0
"EPI_ISL_19781617|A/NovaScotia/ET1801CP00018S/2025|Loder,_Allana|2025-01-18",2025-03-24,2.0
"EPI_ISL_19781617|A/NovaScotia/ET1801CP00018S/2025|Loder,_Allana|2025-01-18",2025-04-01,1.0
"EPI_ISL_19781617|A/NovaScotia/ET1801CP00018S/2025|Loder,_Allana|2025-01-18",2025-04-03,1.0
"EPI_ISL_19781617|A/NovaScotia/ET1801CP00018S/2025|Loder,_Allana|2025-01-18",2025-04-08,1.0
"EPI_ISL_19781617|A/NovaScotia/ET1801CP00018S/2025|Loder,_Allana|2025-01-18",2025-04-10,1.0
"EPI_ISL_19781617|A/NovaScotia/ET1801CP00018S/2025|Loder,_Allana|2025-01-18",2025-04-12,1.0
"EPI_ISL_19781617|A/NovaScotia/ET1801CP00018S/2025|Loder,_Allana|2025-01-18",2025-04-15,1.0
"EPI_ISL_19781617|A/NovaScotia/ET1801CP00018S/2025|Loder,_Allana|2025-01-18",2025-04-17,1.0
"EPI_ISL_19781617|A/NovaScotia/ET1801CP00018S/2025|Loder,_Allana|2025-01-18",2025-04-18,1.0
"EPI_ISL_19781617|A/NovaScotia/ET1801CP00018S/2025|Loder,_Allana|2025-01-18",2025-04-20,1.0
"EPI_ISL_19781617|A/NovaScotia/ET1801CP00018S/2025|Loder,_Allana|2025-01-18",2025-04-23,1.0
"EPI_ISL_19781617|A/NovaScotia/ET1801CP00018S/2025|Loder,_Allana|2025-01-18",2025-04-24,2.0
"EPI_ISL_19781617|A/NovaScotia/ET1801CP00018S/2025|Loder,_Allana|2025-01-18",2025-05-11,1.0
"EPI_ISL_19781617|A/NovaScotia/ET1801CP00018S/2025|Loder,_Allana|2025-01-18",2025-05-16,1.0
"EPI_ISL_19781617|A/NovaScotia/ET1801CP00018S/2025|Loder,_Allana|2025-01-18",2025-05-21,1.0
"EPI_ISL_19781617|A/NovaScotia/ET1801CP00018S/2025|Loder,_Allana|2025-01-18",2025-05-22,1.0
"EPI_ISL_19781617|A/NovaScotia/ET1801CP00018S/2025|Loder,_Allana|2025-01-18",2025-05-23,1.0
"EPI_ISL_19781617|A/NovaScotia/ET1801CP00018S/2025|Loder,_Allana|2025-01-18",2025-05-26,1.0
"EPI_ISL_19781617|A/NovaScotia/ET1801CP00018S/2025|Loder,_Allana|2025-01-18",2025-05-29,1.0
"EPI_ISL_19781617|A/NovaScotia/ET1801CP00018S/2025|Loder,_Allana|2025-01-18",2025-06-04,1.0
"EPI_ISL_19781617|A/NovaScotia/ET1801CP00018S/2025|Loder,_Allana|2025-01-18",2025-06-18,1.0
"EPI_ISL_19781617|A/NovaScotia/ET1801CP00018S/2025|Loder,_Allana|2025-01-18",2025-06-29,1.0
"EPI_ISL_19844263|A/Hawaii/ISC-1140/2025|DaSilva,_Juliana|2025-03-27",2025-02-01,1.0
"EPI_ISL_19844263|A/Hawaii/ISC-1140/2025|DaSilva,_Juliana|2025-03-27",2025-02-09,1.0
"EPI_ISL_19844263|A/Hawaii/ISC-1140/2025|DaSilva,_Juliana|2025-03-27",2025-02-16,1.0
"EPI_ISL_19844263|A/Hawaii/ISC-1140/2025|DaSilva,_Juliana|2025-03-27",2025-02-17,1.0
"EPI_ISL_19844263|A/Hawaii/ISC-1140/2025|DaSilva,_Juliana|2025-03-27",2025-02-18,1.0
"EPI_ISL_19844263|A/Hawaii/ISC-1140/2025|DaSilva,_Juliana|2025-03-27",2025-02-23,1.0
"EPI_ISL_19844263|A/Hawaii/ISC-1140/2025|DaSilva,_Juliana|2025-03-27",2025-02-25,1.0
"EPI_ISL_19844263|A/Hawaii/ISC-1140/2025|DaSilva,_Juliana|2025-03-27",2025-03-01,1.0
"EPI_ISL_19844263|A/Hawaii/ISC-1140/2025|DaSilva,_Juliana|2025-03-27",2025-03-02,1.0
"EPI_ISL_19844263|A/Hawaii/ISC-1140/2025|DaSilva,_Juliana|2025-03-27",2025-03-04,3.0
"EPI_ISL_19844263|A/Hawaii/ISC-1140/2025|DaSilva,_Juliana|2025-03-27",2025-03-05,2.0
"EPI_ISL_19844263|A/Hawaii/ISC-1140/2025|DaSilva,_Juliana|2025-03-27",2025-03-09,1.0
"EPI_ISL_19844263|A/Hawaii/ISC-1140/2025|DaSilva,_Juliana|2025-03-27",2025-03-11,3.0
"EPI_ISL_19844263|A/Hawaii/ISC-1140/2025|DaSilva,_Juliana|2025-03-27",2025-03-13,3.0
"EPI_ISL_19844263|A/Hawaii/ISC-1140/2025|DaSilva,_Juliana|2025-03-27",2025-03-14,1.0
"EPI_ISL_19844263|A/Hawaii/ISC-1140/2025|DaSilva,_Juliana|2025-03-27",2025-03-18,1.0
"EPI_ISL_19844263|A/Hawaii/ISC-1140/2025|DaSilva,_Juliana|2025-03-27",2025-03-20,1.0
"EPI_ISL_19844263|A/Hawaii/ISC-1140/2025|DaSilva,_Juliana|2025-03-27",2025-03-21,1.0
"EPI_ISL_19844263|A/Hawaii/ISC-1140/2025|DaSilva,_Juliana|2025-03-27",2025-03-22,1.0
"EPI_ISL_19844263|A/Hawaii/ISC-1140/2025|DaSilva,_Juliana|2025-03-27",2025-03-27,2.0
"EPI_ISL_19844263|A/Hawaii/ISC-1140/2025|DaSilva,_Juliana|2025-03-27",2025-03-28,1.0
"EPI_ISL_19844263|A/Hawaii/ISC-1140/2025|DaSilva,_Juliana|2025-03-27",2025-03-30,1.0
"EPI_ISL_19844263|A/Hawaii/ISC-1140/2025|DaSilva,_Juliana|2025-03-27",2025-03-31,1.0
"EPI_ISL_19844263|A/Hawaii/ISC-1140/2025|DaSilva,_Juliana|2025-03-27",2025-04-01,1.0
"EPI_ISL_19844263|A/Hawaii/ISC-1140/2025|DaSilva,_Juliana|2025-03-27",2025-04-04,2.0
"EPI_ISL_19844263|A/Hawaii/ISC-1140/2025|DaSilva,_Juliana|2025-03-27",2025-04-05,1.0
"EPI_ISL_19844263|A/Hawaii/ISC-1140/2025|DaSilva,_Juliana|2025-03-27",2025-04-09,1.0
"EPI_ISL_19844263|A/Hawaii/ISC-1140/2025|DaSilva,_Juliana|2025-03-27",2025-04-11,1.0
"EPI_ISL_19844263|A/Hawaii/ISC-1140/2025|DaSilva,_Juliana|2025-03-27",2025-04-12,1.0
"EPI_ISL_19844263|A/Hawaii/ISC-1140/2025|DaSilva,_Juliana|2025-03-27",2025-04-20,2.0
"EPI_ISL_19844263|A/Hawaii/ISC-1140/2025|DaSilva,_Juliana|2025-03-27",2025-04-22,1.0
"EPI_ISL_19844263|A/Hawaii/ISC-1140/2025|DaSilva,_Juliana|2025-03-27",2025-04-23,2.0
"EPI_ISL_19844263|A/Hawaii/ISC-1140/2025|DaSilva,_Juliana|2025-03-27",2025-04-27,1.0
"EPI_ISL_19844263|A/Hawaii/ISC-1140/2025|DaSilva,_Juliana|2025-03-27",2025-04-28,3.0
"EPI_ISL_19844263|A/Hawaii/ISC-1140/2025|DaSilva,_Juliana|2025-03-27",2025-04-29,1.0
"EPI_ISL_19844263|A/Hawaii/ISC-1140/2025|DaSilva,_Juliana|2025-03-27",2025-04-30,1.0
"EPI_ISL_19844263|A/Hawaii/ISC-1140/2025|DaSilva,_Juliana|2025-03-27",2025-05-05,1.0
"EPI_ISL_19844263|A/Hawaii/ISC-1140/2025|DaSilva,_Juliana|2025-03-27",2025-05-08,1.0
"EPI_ISL_19844263|A/Hawaii/ISC-1140/2025|DaSilva,_Juliana|2025-03-27",2025-05-10,1.0
"EPI_ISL_19844263|A/Hawaii/ISC-1140/2025|DaSilva,_Juliana|2025-03-27",2025-05-12,1.0
"EPI_ISL_19844263|A/Hawaii/ISC-1140/2025|DaSilva,_Juliana|2025-03-27",2025-05-14,1.0
"EPI_ISL_19844263|A/Hawaii/ISC-1140/2025|DaSilva,_Juliana|2025-03-27",2025-05-15,1.0
"EPI_ISL_19844263|A/Hawaii/ISC-1140/2025|DaSilva,_Juliana|2025-03-27",2025-05-19,1.0
"EPI_ISL_19844263|A/Hawaii/ISC-1140/2025|DaSilva,_Juliana|2025-03-27",2025-05-24,1.0
"EPI_ISL_19844263|A/Hawaii/ISC-1140/2025|DaSilva,_Juliana|2025-03-27",2025-05-26,3.0
"EPI_ISL_19844263|A/Hawaii/ISC-1140/2025|DaSilva,_Juliana|2025-03-27",2025-05-28,2.0
"EPI_ISL_19844263|A/Hawaii/ISC-1140/2025|DaSilva,_Juliana|2025-03-27",2025-05-29,2.0
"EPI_ISL_19844263|A/Hawaii/ISC-1140/2025|DaSilva,_Juliana|2025-03-27",2025-05-30,2.0
"EPI_ISL_19844263|A/Hawaii/ISC-1140/2025|DaSilva,_Juliana|2025-03-27",2025-06-01,1.0
"EPI_ISL_19844263|A/Hawaii/ISC-1140/2025|DaSilva,_Juliana|2025-03-27",2025-06-02,2.0
"EPI_ISL_19844263|A/Hawaii/ISC-1140/2025|DaSilva,_Juliana|2025-03-27",2025-06-03,2.0
"EPI_ISL_19844263|A/Hawaii/ISC-1140/2025|DaSilva,_Juliana|2025-03-27",2025-06-06,2.0
"EPI_ISL_19844263|A/Hawaii/ISC-1140/2025|DaSilva,_Juliana|2025-03-27",2025-06-09,1.0
"EPI_ISL_19844263|A/Hawaii/ISC-1140/2025|DaSilva,_Juliana|2025-03-27",2025-06-10,2.0
"EPI_ISL_19844263|A/Hawaii/ISC-1140/2025|DaSilva,_Juliana|2025-03-27",2025-06-13,3.0
"EPI_ISL_19844263|A/Hawaii/ISC-1140/2025|DaSilva,_Juliana|2025-03-27",2025-06-14,2.0
"EPI_ISL_19844263|A/Hawaii/ISC-1140/2025|DaSilva,_Juliana|2025-03-27",2025-06-16,2.0
"EPI_ISL_19844263|A/Hawaii/ISC-1140/2025|DaSilva,_Juliana|2025-03-27",2025-06-18,1.0
"EPI_ISL_19844263|A/Hawaii/ISC-1140/2025|DaSilva,_Juliana|2025-03-27",2025-06-19,2.0
"EPI_ISL_19844263|A/Hawaii/ISC-1140/2025|DaSilva,_Juliana|2025-03-27",2025-06-20,9.0
"EPI_ISL_19844263|A/Hawaii/ISC-1140/2025|DaSilva,_Juliana|2025-03-27",2025-06-22,1.0
"EPI_ISL_19844263|A/Hawaii/ISC-1140/2025|DaSilva,_Juliana|2025-03-27",2025-06-23,3.0
"EPI_ISL_19844263|A/Hawaii/ISC-1140/2025|DaSilva,_Juliana|2025-03-27",2025-06-25,3.0
"EPI_ISL_19844263|A/Hawaii/ISC-1140/2025|DaSilva,_Juliana|2025-03-27",2025-06-26,2.0
"EPI_ISL_19844263|A/Hawaii/ISC-1140/2025|DaSilva,_Juliana|2025-03-27",2025-06-27,3.0
"EPI_ISL_19844263|A/Hawaii/ISC-1140/2025|DaSilva,_Juliana|2025-03-27",2025-06-30,1.0
"EPI_ISL_19844263|A/Hawaii/ISC-1140/2025|DaSilva,_Juliana|2025-03-27",2025-07-01,2.0
other,2024-04-18,47.0
other,2024-04-19,30.0
other,2024-04-20,21.0
other,2024-04-21,25.0
other,2024-04-22,48.0
other,2024-04-23,33.0
other,2024-04-24,45.0
other,2024-04-25,29.0
other,2024-04-26,24.0
other,2024-04-27,17.0
other,2024-04-28,20.0
other,2024-04-29,36.0
other,2024-04-30,28.0
other,2024-05-01,25.0
other,2024-05-02,27.0
other,2024-05-03,26.0
other,2024-05-04,16.0
other,2024-05-05,20.0
other,2024-05-06,29.0
other,2024-05-07,28.0
other,2024-05-08,27.0
other,2024-05-09,32.0
other,2024-05-10,27.0
other,2024-05-11,18.0
other,2024-05-12,16.0
other,2024-05-13,43.0
other,2024-05-14,40.0
other,2024-05-15,32.0
other,2024-05-16,34.0
other,2024-05-17,22.0
other,2024-05-18,23.0
other,2024-05-19,11.0
other,2024-05-20,44.0
other,2024-05-21,37.0
other,2024-05-22,25.0
other,2024-05-23,29.0
other,2024-05-24,26.0
other,2024-05-25,12.0
other,2024-05-26,13.0
other,2024-05-27,22.0
other,2024-05-28,28.0
other,2024-05-29,23.0
other,2024-05-30,19.0
other,2024-05-31,17.0
other,2024-06-01,17.0
other,2024-06-02,6.0
other,2024-06-03,25.0
other,2024-06-04,33.0
other,2024-06-05,30.0
other,2024-06-06,21.0
other,2024-06-07,16.0
other,2024-06-08,10.0
other,2024-06-09,9.0
other,2024-06-10,21.0
other,2024-06-11,19.0
other,2024-06-12,23.0
other,2024-06-13,16.0
other,2024-06-14,18.0
other,2024-06-15,18.0
other,2024-06-16,10.0
other,2024-06-17,38.0
other,2024-06-18,39.0
other,2024-06-19,25.0
other,2024-06-20,22.0
other,2024-06-21,25.0
other,2024-06-22,12.0
other,2024-06-23,14.0
other,2024-06-24,31.0
other,2024-06-25,23.0
other,2024-06-26,20.0
other,2024-06-27,17.0
other,2024-06-28,16.0
other,2024-06-29,8.0
other,2024-06-30,12.0
other,2024-07-01,21.0
other,2024-07-02,31.0
other,2024-07-03,20.0
other,2024-07-04,17.0
other,2024-07-05,18.0
other,2024-07-06,11.0
other,2024-07-07,12.0
other,2024-07-08,38.0
other,2024-07-09,31.0
other,2024-07-10,24.0
other,2024-07-11,23.0
other,2024-07-12,23.0
other,2024-07-13,6.0
other,2024-07-14,8.0
other,2024-07-15,26.0
other,2024-07-16,31.0
other,2024-07-17,16.0
other,2024-07-18,29.0
other,2024-07-19,12.0
other,2024-07-20,11.0
other,2024-07-21,14.0
other,2024-07-22,16.0
other,2024-07-23,24.0
other,2024-07-24,12.0
other,2024-07-25,17.0
other,2024-07-26,15.0
other,2024-07-27,7.0
other,2024-07-28,12.0
other,2024-07-29,18.0
other,2024-07-30,13.0
other,2024-07-31,11.0
other,2024-08-01,16.0
other,2024-08-02,16.0
other,2024-08-03,9.0
other,2024-08-04,9.0
other,2024-08-05,23.0
other,2024-08-06,14.0
other,2024-08-07,16.0
other,2024-08-08,23.0
other,2024-08-09,14.0
other,2024-08-10,9.0
other,2024-08-11,9.0
other,2024-08-12,17.0
other,2024-08-13,22.0
other,2024-08-14,13.0
other,2024-08-15,10.0
other,2024-08-16,7.0
other,2024-08-17,5.0
other,2024-08-18,4.0
other,2024-08-19,20.0
other,2024-08-20,8.0
other,2024-08-21,18.0
other,2024-08-22,9.0
other,2024-08-23,4.0
other,2024-08-24,7.0
other,2024-08-25,7.0
other,2024-08-26,11.0
other,2024-08-27,16.0
other,2024-08-28,10.0
other,2024-08-29,14.0
other,2024-08-30,12.0
other,2024-08-31,6.0
other,2024-09-01,4.0
other,2024-09-02,23.0
other,2024-09-03,13.0
other,2024-09-04,14.0
other,2024-09-05,13.0
other,2024-09-06,7.0
other,2024-09-07,5.0
other,2024-09-08,9.0
other,2024-09-09,12.0
other,2024-09-10,12.0
other,2024-09-11,20.0
other,2024-09-12,8.0
other,2024-09-13,9.0
other,2024-09-14,7.0
other,2024-09-15,4.0
other,2024-09-16,10.0
other,2024-09-17,14.0
other,2024-09-18,10.0
other,2024-09-19,15.0
other,2024-09-20,13.0
other,2024-09-21,5.0
other,2024-09-22,3.0
other,2024-09-23,16.0
other,2024-09-24,12.0
other,2024-09-25,23.0
other,2024-09-26,3.0
other,2024-09-27,9.0
other,2024-09-28,6.0
other,2024-09-29,1.0
other,2024-09-30,18.0
other,2024-10-01,19.0
other,2024-10-02,18.0
other,2024-10-03,17.0
other,2024-10-04,7.0
other,2024-10-05,8.0
other,2024-10-06,4.0
other,2024-10-07,16.0
other,2024-10-08,12.0
other,2024-10-09,22.0
other,2024-10-10,13.0
other,2024-10-11,5.0
other,2024-10-12,2.0
other,2024-10-13,7.0
other,2024-10-14,16.0
other,2024-10-15,12.0
other,2024-10-16,14.0
other,2024-10-17,14.0
other,2024-10-18,16.0
other,2024-10-19,12.0
other,2024-10-20,10.0
other,2024-10-21,34.0
other,2024-10-22,19.0
other,2024-10-23,13.0
other,2024-10-24,15.0
other,2024-10-25,10.0
other,2024-10-26,13.0
other,2024-10-27,21.0
other,2024-10-28,20.0
other,2024-10-29,14.0
other,2024-10-30,21.0
other,2024-10-31,16.0
other,2024-11-01,18.0
other,2024-11-02,11.0
other,2024-11-03,12.0
other,2024-11-04,27.0
other,2024-11-05,30.0
other,2024-11-06,23.0
other,2024-11-07,25.0
other,2024-11-08,27.0
other,2024-11-09,20.0
other,2024-11-10,17.0
other,2024-11-11,23.0
other,2024-11-12,28.0
other,2024-11-13,29.0
other,2024-11-14,20.0
other,2024-11-15,24.0
other,2024-11-16,9.0
other,2024-11-17,11.0
other,2024-11-18,48.0
other,2024-11-19,24.0
other,2024-11-20,16.0
other,2024-11-21,29.0
other,2024-11-22,20.0
other,2024-11-23,16.0
other,2024-11-24,19.0
other,2024-11-25,49.0
other,2024-11-26,32.0
other,2024-11-27,35.0
other,2024-11-28,36.0
other,2024-11-29,32.0
other,2024-11-30,25.0
other,2024-12-01,28.0
other,2024-12-02,65.0
other,2024-12-03,62.0
other,2024-12-04,46.0
other,2024-12-05,36.0
other,2024-12-06,37.0
other,2024-12-07,28.0
other,2024-12-08,23.0
other,2024-12-09,73.0
other,2024-12-10,47.0
other,2024-12-11,66.0
other,2024-12-12,54.0
other,2024-12-13,52.0
other,2024-12-14,25.0
other,2024-12-15,24.0
other,2024-12-16,106.0
other,2024-12-17,75.0
other,2024-12-18,85.0
other,2024-12-19,64.0
other,2024-12-20,63.0
other,2024-12-21,32.0
other,2024-12-22,27.0
other,2024-12-23,78.0
other,2024-12-24,68.0
other,2024-12-25,40.0
other,2024-12-26,49.0
other,2024-12-27,80.0
other,2024-12-28,48.0
other,2024-12-29,40.0
other,2024-12-30,89.0
other,2024-12-31,74.0
other,2025-01-01,55.0
other,2025-01-02,101.0
other,2025-01-03,103.0
other,2025-01-04,53.0
other,2025-01-05,45.0
other,2025-01-06,115.0
other,2025-01-07,105.0
other,2025-01-08,120.0
other,2025-01-09,99.0
other,2025-01-10,75.0
other,2025-01-11,47.0
other,2025-01-12,39.0
other,2025-01-13,153.0
other,2025-01-14,130.0
other,2025-01-15,139.0
other,2025-01-16,110.0
other,2025-01-17,106.0
other,2025-01-18,48.0
other,2025-01-19,50.0
other,2025-01-20,178.0
other,2025-01-21,131.0
other,2025-01-22,100.0
other,2025-01-23,96.0
other,2025-01-24,99.0
other,2025-01-25,53.0
other,2025-01-26,67.0
other,2025-01-27,131.0
other,2025-01-28,134.0
other,2025-01-29,100.0
other,2025-01-30,88.0
other,2025-01-31,84.0
other,2025-02-01,53.0
other,2025-02-02,71.0
other,2025-02-03,137.0
other,2025-02-04,143.0
other,2025-02-05,82.0
other,2025-02-06,82.0
other,2025-02-07,74.0
other,2025-02-08,34.0
other,2025-02-09,60.0
other,2025-02-10,130.0
other,2025-02-11,110.0
other,2025-02-12,100.0
other,2025-02-13,58.0
other,2025-02-14,74.0
other,2025-02-15,35.0
other,2025-02-16,45.0
other,2025-02-17,98.0
other,2025-02-18,84.0
other,2025-02-19,81.0
other,2025-02-20,74.0
other,2025-02-21,64.0
other,2025-02-22,33.0
other,2025-02-23,36.0
other,2025-02-24,99.0
other,2025-02-25,82.0
other,2025-02-26,71.0
other,2025-02-27,72.0
other,2025-02-28,52.0
other,2025-03-01,28.0
other,2025-03-02,22.0
other,2025-03-03,69.0
other,2025-03-04,55.0
other,2025-03-05,46.0
other,2025-03-06,53.0
other,2025-03-07,53.0
other,2025-03-08,23.0
other,2025-03-09,28.0
other,2025-03-10,70.0
other,2025-03-11,43.0
other,2025-03-12,50.0
other,2025-03-13,37.0
other,2025-03-14,43.0
other,2025-03-15,19.0
other,2025-03-16,20.0
other,2025-03-17,65.0
other,2025-03-18,61.0
other,2025-03-19,41.0
other,2025-03-20,38.0
other,2025-03-21,40.0
other,2025-03-22,24.0
other,2025-03-23,24.0
other,2025-03-24,59.0
other,2025-03-25,45.0
other,2025-03-26,36.0
other,2025-03-27,44.0
other,2025-03-28,32.0
other,2025-03-29,16.0
other,2025-03-30,24.0
other,2025-03-31,39.0
other,2025-04-01,37.0
other,2025-04-02,43.0
other,2025-04-03,34.0
other,2025-04-04,28.0
other,2025-04-05,14.0
other,2025-04-06,21.0
other,2025-04-07,32.0
other,2025-04-08,38.0
other,2025-04-09,45.0
other,2025-04-10,30.0
other,2025-04-11,27.0
other,2025-04-12,16.0
other,2025-04-13,13.0
other,2025-04-14,37.0
other,2025-04-15,38.0
other,2025-04-16,25.0
other,2025-04-17,16.0
other,2025-04-18,20.0
other,2025-04-19,18.0
other,2025-04-20,20.0
other,2025-04-21,33.0
other,2025-04-22,34.0
other,2025-04-23,32.0
other,2025-04-24,25.0
other,2025-04-25,25.0
other,2025-04-26,10.0
other,2025-04-27,12.0
other,2025-04-28,36.0
other,2025-04-29,77.0
other,2025-04-30,23.0
other,2025-05-01,16.0
other,2025-05-02,20.0
other,2025-05-03,13.0
other,2025-05-04,17.0
other,2025-05-05,30.0
other,2025-05-06,27.0
other,2025-05-07,34.0
other,2025-05-08,22.0
other,2025-05-09,15.0
other,2025-05-10,18.0
other,2025-05-11,23.0
other,2025-05-12,26.0
other,2025-05-13,26.0
other,2025-05-14,29.0
other,2025-05-15,24.0
other,2025-05-16,28.0
other,2025-05-17,21.0
other,2025-05-18,18.0
other,2025-05-19,39.0
other,2025-05-20,28.0
other,2025-05-21,23.0
other,2025-05-22,10.0
other,2025-05-23,21.0
other,2025-05-24,14.0
other,2025-05-25,10.0
other,2025-05-26,15.0
other,2025-05-27,17.0
other,2025-05-28,14.0
other,2025-05-29,15.0
other,2025-05-30,22.0
other,2025-05-31,13.0
other,2025-06-01,15.0
other,2025-06-02,18.0
other,2025-06-03,20.0
other,2025-06-04,14.0
other,2025-06-05,14.0
other,2025-06-06,10.0
other,2025-06-07,17.0
other,2025-06-08,15.0
other,2025-06-09,18.0
other,2025-06-10,13.0
other,2025-06-11,14.0
other,2025-06-12,17.0
other,2025-06-13,14.0
other,2025-06-14,9.0
other,2025-06-15,9.0
other,2025-06-16,13.0
other,2025-06-17,15.0
other,2025-06-18,14.0
other,2025-06-19,5.0
other,2025-06-20,14.0
other,2025-06-21,10.0
other,2025-06-22,11.0
other,2025-06-23,26.0
other,2025-06-24,9.0
other,2025-06-25,11.0
other,2025-06-26,14.0
other,2025-06-27,24.0
other,2025-06-28,11.0
other,2025-06-29,12.0
other,2025-06-30,9.0
other,2025-07-01,17.0
other,2025-07-02,11.0
other,2025-07-03,11.0
other,2025-07-04,11.0
other,2025-07-05,9.0
other,2025-07-06,4.0
other,2025-07-07,12.0
other,2025-07-08,12.0
other,2025-07-09,11.0
other,2025-07-10,9.0
other,2025-07-11,8.0
other,2025-07-12,3.0
other,2025-07-13,3.0
other,2025-07-14,5.0
other,2025-07-15,4.0
other,2025-07-16,2.0
other,2025-07-17,5.0
other,2025-07-18,3.0
other,2025-07-19,1.0
other,2025-07-20,1.0
other,2025-07-21,10.0
other,2025-07-22,5.0
other,2025-07-23,5.0
other,2025-07-24,8.0
other,2025-07-25,3.0
other,2025-07-26,6.0
other,2025-07-27,11.0
other,2025-07-28,4.0
other,2025-07-29,4.0
other,2025-07-30,3.0
other,2025-07-31,3.0
