serum,strain,plate_barcode,dilution_factor,frac_infectivity_raw,frac_infectivity_ceiling
PENN23_y1999_s048_d0,A/Minnesota/126/2024_H3N2,plate0_1-8-AAACCCATAAGACCCC,40,0.3335,0.3335
PENN23_y1999_s048_d0,A/Minnesota/126/2024_H3N2,plate0_1-8-AAACCCATAAGACCCC,92,0.2516,0.2516
PENN23_y1999_s048_d0,A/Minnesota/126/2024_H3N2,plate0_1-8-AAACCCATAAGACCCC,212,0.4123,0.4123
PENN23_y1999_s048_d0,A/Minnesota/126/2024_H3N2,plate0_1-8-AAACCCATAAGACCCC,487,0.344,0.344
PENN23_y1999_s048_d0,A/Minnesota/126/2024_H3N2,plate0_1-8-AAACCCATAAGACCCC,1119,0.6682,0.6682
PENN23_y1999_s048_d0,A/Minnesota/126/2024_H3N2,plate0_1-8-AAACCCATAAGACCCC,2575,0.6309,0.6309
PENN23_y1999_s048_d0,A/Minnesota/126/2024_H3N2,plate0_1-8-AAACCCATAAGACCCC,5921,0.9818,0.9818
PENN23_y1999_s048_d0,A/Minnesota/126/2024_H3N2,plate0_1-8-AAACCCATAAGACCCC,1.362e+04,0.7702,0.7702
PENN23_y1999_s048_d0,A/Singapore/INFIMH-16-0019/2016X-307A_H3N2,plate0_1-8-AAAGACCTTTAACTCT,40,0,0
PENN23_y1999_s048_d0,A/Singapore/INFIMH-16-0019/2016X-307A_H3N2,plate0_1-8-AAAGACCTTTAACTCT,92,0,0
PENN23_y1999_s048_d0,A/Singapore/INFIMH-16-0019/2016X-307A_H3N2,plate0_1-8-AAAGACCTTTAACTCT,212,0.0005655,0.0005655
PENN23_y1999_s048_d0,A/Singapore/INFIMH-16-0019/2016X-307A_H3N2,plate0_1-8-AAAGACCTTTAACTCT,487,0.005355,0.005355
PENN23_y1999_s048_d0,A/Singapore/INFIMH-16-0019/2016X-307A_H3N2,plate0_1-8-AAAGACCTTTAACTCT,1119,0.02376,0.02376
PENN23_y1999_s048_d0,A/Singapore/INFIMH-16-0019/2016X-307A_H3N2,plate0_1-8-AAAGACCTTTAACTCT,2575,0.4818,0.4818
PENN23_y1999_s048_d0,A/Singapore/INFIMH-16-0019/2016X-307A_H3N2,plate0_1-8-AAAGACCTTTAACTCT,5921,0.3002,0.3002
PENN23_y1999_s048_d0,A/Singapore/INFIMH-16-0019/2016X-307A_H3N2,plate0_1-8-AAAGACCTTTAACTCT,1.362e+04,1.762,1
PENN23_y1999_s048_d0,A/Wisconsin/67/2022_H1N1,plate0_1-8-AAAGCTCTTTTCGTTC,40,0.005841,0.005841
PENN23_y1999_s048_d0,A/Wisconsin/67/2022_H1N1,plate0_1-8-AAAGCTCTTTTCGTTC,92,0.03902,0.03902
PENN23_y1999_s048_d0,A/Wisconsin/67/2022_H1N1,plate0_1-8-AAAGCTCTTTTCGTTC,212,0.2404,0.2404
PENN23_y1999_s048_d0,A/Wisconsin/67/2022_H1N1,plate0_1-8-AAAGCTCTTTTCGTTC,487,0.4772,0.4772
PENN23_y1999_s048_d0,A/Wisconsin/67/2022_H1N1,plate0_1-8-AAAGCTCTTTTCGTTC,1119,0.8679,0.8679
PENN23_y1999_s048_d0,A/Wisconsin/67/2022_H1N1,plate0_1-8-AAAGCTCTTTTCGTTC,2575,0.5728,0.5728
PENN23_y1999_s048_d0,A/Wisconsin/67/2022_H1N1,plate0_1-8-AAAGCTCTTTTCGTTC,5921,0.7735,0.7735
PENN23_y1999_s048_d0,A/Wisconsin/67/2022_H1N1,plate0_1-8-AAAGCTCTTTTCGTTC,1.362e+04,1.172,1
PENN23_y1999_s048_d0,A/Darwin/9/2021_H3N2,plate0_1-8-AAAGTAGCAGAGGATT,40,0.008434,0.008434
PENN23_y1999_s048_d0,A/Darwin/9/2021_H3N2,plate0_1-8-AAAGTAGCAGAGGATT,92,0.155,0.155
PENN23_y1999_s048_d0,A/Darwin/9/2021_H3N2,plate0_1-8-AAAGTAGCAGAGGATT,212,0.2413,0.2413
PENN23_y1999_s048_d0,A/Darwin/9/2021_H3N2,plate0_1-8-AAAGTAGCAGAGGATT,487,0.2847,0.2847
PENN23_y1999_s048_d0,A/Darwin/9/2021_H3N2,plate0_1-8-AAAGTAGCAGAGGATT,1119,0.6735,0.6735
PENN23_y1999_s048_d0,A/Darwin/9/2021_H3N2,plate0_1-8-AAAGTAGCAGAGGATT,2575,0.732,0.732
PENN23_y1999_s048_d0,A/Darwin/9/2021_H3N2,plate0_1-8-AAAGTAGCAGAGGATT,5921,0.5455,0.5455
PENN23_y1999_s048_d0,A/Darwin/9/2021_H3N2,plate0_1-8-AAAGTAGCAGAGGATT,1.362e+04,1.403,1
PENN23_y1999_s048_d0,A/Queensland/IN000684/2024_H1N1,plate0_1-8-AAATGTTTAATAGACG,40,0.0007863,0.0007863
PENN23_y1999_s048_d0,A/Queensland/IN000684/2024_H1N1,plate0_1-8-AAATGTTTAATAGACG,92,0.02894,0.02894
PENN23_y1999_s048_d0,A/Queensland/IN000684/2024_H1N1,plate0_1-8-AAATGTTTAATAGACG,212,0.132,0.132
PENN23_y1999_s048_d0,A/Queensland/IN000684/2024_H1N1,plate0_1-8-AAATGTTTAATAGACG,487,0.2846,0.2846
PENN23_y1999_s048_d0,A/Queensland/IN000684/2024_H1N1,plate0_1-8-AAATGTTTAATAGACG,1119,0.6139,0.6139
PENN23_y1999_s048_d0,A/Queensland/IN000684/2024_H1N1,plate0_1-8-AAATGTTTAATAGACG,2575,0.5927,0.5927
PENN23_y1999_s048_d0,A/Queensland/IN000684/2024_H1N1,plate0_1-8-AAATGTTTAATAGACG,5921,1.183,1
PENN23_y1999_s048_d0,A/Queensland/IN000684/2024_H1N1,plate0_1-8-AAATGTTTAATAGACG,1.362e+04,0.7537,0.7537
PENN23_y1999_s048_d0,A/Cambodia/e0826360/2020egg_H3N2,plate0_1-8-AAATTCACAATATCCA,40,3.856e-05,3.856e-05
PENN23_y1999_s048_d0,A/Cambodia/e0826360/2020egg_H3N2,plate0_1-8-AAATTCACAATATCCA,92,0,0
PENN23_y1999_s048_d0,A/Cambodia/e0826360/2020egg_H3N2,plate0_1-8-AAATTCACAATATCCA,212,0.002336,0.002336
PENN23_y1999_s048_d0,A/Cambodia/e0826360/2020egg_H3N2,plate0_1-8-AAATTCACAATATCCA,487,0.04313,0.04313
PENN23_y1999_s048_d0,A/Cambodia/e0826360/2020egg_H3N2,plate0_1-8-AAATTCACAATATCCA,1119,0.06828,0.06828
PENN23_y1999_s048_d0,A/Cambodia/e0826360/2020egg_H3N2,plate0_1-8-AAATTCACAATATCCA,2575,0.3787,0.3787
PENN23_y1999_s048_d0,A/Cambodia/e0826360/2020egg_H3N2,plate0_1-8-AAATTCACAATATCCA,5921,1.3,1
PENN23_y1999_s048_d0,A/Cambodia/e0826360/2020egg_H3N2,plate0_1-8-AAATTCACAATATCCA,1.362e+04,0.6485,0.6485
PENN23_y1999_s048_d0,A/Busan/277/2025_H1N1,plate0_1-8-AACACGTAGAACCGCC,40,0.000633,0.000633
PENN23_y1999_s048_d0,A/Busan/277/2025_H1N1,plate0_1-8-AACACGTAGAACCGCC,92,0.09642,0.09642
PENN23_y1999_s048_d0,A/Busan/277/2025_H1N1,plate0_1-8-AACACGTAGAACCGCC,212,0.3845,0.3845
PENN23_y1999_s048_d0,A/Busan/277/2025_H1N1,plate0_1-8-AACACGTAGAACCGCC,487,0.5427,0.5427
PENN23_y1999_s048_d0,A/Busan/277/2025_H1N1,plate0_1-8-AACACGTAGAACCGCC,1119,0.7465,0.7465
PENN23_y1999_s048_d0,A/Busan/277/2025_H1N1,plate0_1-8-AACACGTAGAACCGCC,2575,0.7727,0.7727
PENN23_y1999_s048_d0,A/Busan/277/2025_H1N1,plate0_1-8-AACACGTAGAACCGCC,5921,0.9165,0.9165
PENN23_y1999_s048_d0,A/Busan/277/2025_H1N1,plate0_1-8-AACACGTAGAACCGCC,1.362e+04,1.335,1
PENN23_y1999_s048_d0,A/New_York/GKISBBBE61555/2025_H3N2,plate0_1-8-AACAGAAGTCCATGTA,40,0.4661,0.4661
PENN23_y1999_s048_d0,A/New_York/GKISBBBE61555/2025_H3N2,plate0_1-8-AACAGAAGTCCATGTA,92,0.5275,0.5275
PENN23_y1999_s048_d0,A/New_York/GKISBBBE61555/2025_H3N2,plate0_1-8-AACAGAAGTCCATGTA,212,0.6256,0.6256
PENN23_y1999_s048_d0,A/New_York/GKISBBBE61555/2025_H3N2,plate0_1-8-AACAGAAGTCCATGTA,487,0.4955,0.4955
PENN23_y1999_s048_d0,A/New_York/GKISBBBE61555/2025_H3N2,plate0_1-8-AACAGAAGTCCATGTA,1119,0.5687,0.5687
PENN23_y1999_s048_d0,A/New_York/GKISBBBE61555/2025_H3N2,plate0_1-8-AACAGAAGTCCATGTA,2575,0.8299,0.8299
PENN23_y1999_s048_d0,A/New_York/GKISBBBE61555/2025_H3N2,plate0_1-8-AACAGAAGTCCATGTA,5921,0.9456,0.9456
PENN23_y1999_s048_d0,A/New_York/GKISBBBE61555/2025_H3N2,plate0_1-8-AACAGAAGTCCATGTA,1.362e+04,0.9068,0.9068
PENN23_y1999_s048_d0,A/Kansas/14/2017_H3N2,plate0_1-8-AACCACCCCAGAGATG,40,0,0
PENN23_y1999_s048_d0,A/Kansas/14/2017_H3N2,plate0_1-8-AACCACCCCAGAGATG,92,0,0
PENN23_y1999_s048_d0,A/Kansas/14/2017_H3N2,plate0_1-8-AACCACCCCAGAGATG,212,0.02342,0.02342
PENN23_y1999_s048_d0,A/Kansas/14/2017_H3N2,plate0_1-8-AACCACCCCAGAGATG,487,0.4473,0.4473
PENN23_y1999_s048_d0,A/Kansas/14/2017_H3N2,plate0_1-8-AACCACCCCAGAGATG,1119,1.121,1
PENN23_y1999_s048_d0,A/Kansas/14/2017_H3N2,plate0_1-8-AACCACCCCAGAGATG,2575,0.9036,0.9036
PENN23_y1999_s048_d0,A/Kansas/14/2017_H3N2,plate0_1-8-AACCACCCCAGAGATG,5921,0.8566,0.8566
PENN23_y1999_s048_d0,A/Kansas/14/2017_H3N2,plate0_1-8-AACCACCCCAGAGATG,1.362e+04,1.724,1
PENN23_y1999_s048_d0,A/Texas/50/2012_H3N2,plate0_1-8-AACCGTACCGCGTTTA,40,0,0
PENN23_y1999_s048_d0,A/Texas/50/2012_H3N2,plate0_1-8-AACCGTACCGCGTTTA,92,0,0
PENN23_y1999_s048_d0,A/Texas/50/2012_H3N2,plate0_1-8-AACCGTACCGCGTTTA,212,0.0008985,0.0008985
PENN23_y1999_s048_d0,A/Texas/50/2012_H3N2,plate0_1-8-AACCGTACCGCGTTTA,487,0.003899,0.003899
PENN23_y1999_s048_d0,A/Texas/50/2012_H3N2,plate0_1-8-AACCGTACCGCGTTTA,1119,0.01678,0.01678
PENN23_y1999_s048_d0,A/Texas/50/2012_H3N2,plate0_1-8-AACCGTACCGCGTTTA,2575,0.1552,0.1552
PENN23_y1999_s048_d0,A/Texas/50/2012_H3N2,plate0_1-8-AACCGTACCGCGTTTA,5921,1.095,1
PENN23_y1999_s048_d0,A/Texas/50/2012_H3N2,plate0_1-8-AACCGTACCGCGTTTA,1.362e+04,2.521,1
PENN23_y1999_s048_d0,A/Wisconsin/NIRC-IS-1028/2024_H3N2,plate0_1-8-AACCTACGAGACGTAA,40,0.274,0.274
PENN23_y1999_s048_d0,A/Wisconsin/NIRC-IS-1028/2024_H3N2,plate0_1-8-AACCTACGAGACGTAA,92,0.5694,0.5694
PENN23_y1999_s048_d0,A/Wisconsin/NIRC-IS-1028/2024_H3N2,plate0_1-8-AACCTACGAGACGTAA,212,0.9203,0.9203
PENN23_y1999_s048_d0,A/Wisconsin/NIRC-IS-1028/2024_H3N2,plate0_1-8-AACCTACGAGACGTAA,487,0.4632,0.4632
PENN23_y1999_s048_d0,A/Wisconsin/NIRC-IS-1028/2024_H3N2,plate0_1-8-AACCTACGAGACGTAA,1119,0.8113,0.8113
PENN23_y1999_s048_d0,A/Wisconsin/NIRC-IS-1028/2024_H3N2,plate0_1-8-AACCTACGAGACGTAA,2575,0.8357,0.8357
PENN23_y1999_s048_d0,A/Wisconsin/NIRC-IS-1028/2024_H3N2,plate0_1-8-AACCTACGAGACGTAA,5921,0.9518,0.9518
PENN23_y1999_s048_d0,A/Wisconsin/NIRC-IS-1028/2024_H3N2,plate0_1-8-AACCTACGAGACGTAA,1.362e+04,1.084,1
PENN23_y1999_s048_d0,A/Washington/284/2024_H3N2,plate0_1-8-AACGGTTCCGACTAAG,40,0.272,0.272
PENN23_y1999_s048_d0,A/Washington/284/2024_H3N2,plate0_1-8-AACGGTTCCGACTAAG,92,0.4173,0.4173
PENN23_y1999_s048_d0,A/Washington/284/2024_H3N2,plate0_1-8-AACGGTTCCGACTAAG,212,0.6901,0.6901
PENN23_y1999_s048_d0,A/Washington/284/2024_H3N2,plate0_1-8-AACGGTTCCGACTAAG,487,0.6088,0.6088
PENN23_y1999_s048_d0,A/Washington/284/2024_H3N2,plate0_1-8-AACGGTTCCGACTAAG,1119,0.7202,0.7202
PENN23_y1999_s048_d0,A/Washington/284/2024_H3N2,plate0_1-8-AACGGTTCCGACTAAG,2575,0.6587,0.6587
PENN23_y1999_s048_d0,A/Washington/284/2024_H3N2,plate0_1-8-AACGGTTCCGACTAAG,5921,0.9657,0.9657
PENN23_y1999_s048_d0,A/Washington/284/2024_H3N2,plate0_1-8-AACGGTTCCGACTAAG,1.362e+04,0.8774,0.8774
PENN23_y1999_s048_d0,A/Oregon/265/2024_H3N2,plate0_1-8-AACTGCGTTCATCGAT,40,0.3443,0.3443
PENN23_y1999_s048_d0,A/Oregon/265/2024_H3N2,plate0_1-8-AACTGCGTTCATCGAT,92,0.3007,0.3007
PENN23_y1999_s048_d0,A/Oregon/265/2024_H3N2,plate0_1-8-AACTGCGTTCATCGAT,212,0.7381,0.7381
PENN23_y1999_s048_d0,A/Oregon/265/2024_H3N2,plate0_1-8-AACTGCGTTCATCGAT,487,0.576,0.576
PENN23_y1999_s048_d0,A/Oregon/265/2024_H3N2,plate0_1-8-AACTGCGTTCATCGAT,1119,1.012,1
PENN23_y1999_s048_d0,A/Oregon/265/2024_H3N2,plate0_1-8-AACTGCGTTCATCGAT,2575,1.309,1
PENN23_y1999_s048_d0,A/Oregon/265/2024_H3N2,plate0_1-8-AACTGCGTTCATCGAT,5921,0.8073,0.8073
PENN23_y1999_s048_d0,A/Oregon/265/2024_H3N2,plate0_1-8-AACTGCGTTCATCGAT,1.362e+04,0.6593,0.6593
PENN23_y1999_s048_d0,A/Victoria/46/2024_H3N2,plate0_1-8-AACTTCCCTGACTGCT,40,0.284,0.284
PENN23_y1999_s048_d0,A/Victoria/46/2024_H3N2,plate0_1-8-AACTTCCCTGACTGCT,92,0.676,0.676
PENN23_y1999_s048_d0,A/Victoria/46/2024_H3N2,plate0_1-8-AACTTCCCTGACTGCT,212,0.5306,0.5306
PENN23_y1999_s048_d0,A/Victoria/46/2024_H3N2,plate0_1-8-AACTTCCCTGACTGCT,487,0.6187,0.6187
PENN23_y1999_s048_d0,A/Victoria/46/2024_H3N2,plate0_1-8-AACTTCCCTGACTGCT,1119,0.7571,0.7571
PENN23_y1999_s048_d0,A/Victoria/46/2024_H3N2,plate0_1-8-AACTTCCCTGACTGCT,2575,0.956,0.956
PENN23_y1999_s048_d0,A/Victoria/46/2024_H3N2,plate0_1-8-AACTTCCCTGACTGCT,5921,0.7426,0.7426
PENN23_y1999_s048_d0,A/Victoria/46/2024_H3N2,plate0_1-8-AACTTCCCTGACTGCT,1.362e+04,1.629,1
PENN23_y1999_s048_d0,A/Vermont/13/2025_H3N2,plate0_1-8-AACTTCCGTCGCCTGA,40,0.2289,0.2289
PENN23_y1999_s048_d0,A/Vermont/13/2025_H3N2,plate0_1-8-AACTTCCGTCGCCTGA,92,0.2212,0.2212
PENN23_y1999_s048_d0,A/Vermont/13/2025_H3N2,plate0_1-8-AACTTCCGTCGCCTGA,212,0.4937,0.4937
PENN23_y1999_s048_d0,A/Vermont/13/2025_H3N2,plate0_1-8-AACTTCCGTCGCCTGA,487,0.6741,0.6741
PENN23_y1999_s048_d0,A/Vermont/13/2025_H3N2,plate0_1-8-AACTTCCGTCGCCTGA,1119,0.8529,0.8529
PENN23_y1999_s048_d0,A/Vermont/13/2025_H3N2,plate0_1-8-AACTTCCGTCGCCTGA,2575,0.4467,0.4467
PENN23_y1999_s048_d0,A/Vermont/13/2025_H3N2,plate0_1-8-AACTTCCGTCGCCTGA,5921,0.5078,0.5078
PENN23_y1999_s048_d0,A/Vermont/13/2025_H3N2,plate0_1-8-AACTTCCGTCGCCTGA,1.362e+04,0.6148,0.6148
PENN23_y1999_s048_d0,A/Indiana/46/2024_H3N2,plate0_1-8-AAGAAGACTTTGTGAT,40,0.1706,0.1706
PENN23_y1999_s048_d0,A/Indiana/46/2024_H3N2,plate0_1-8-AAGAAGACTTTGTGAT,92,0.7016,0.7016
PENN23_y1999_s048_d0,A/Indiana/46/2024_H3N2,plate0_1-8-AAGAAGACTTTGTGAT,212,0.5858,0.5858
PENN23_y1999_s048_d0,A/Indiana/46/2024_H3N2,plate0_1-8-AAGAAGACTTTGTGAT,487,0.641,0.641
PENN23_y1999_s048_d0,A/Indiana/46/2024_H3N2,plate0_1-8-AAGAAGACTTTGTGAT,1119,0.9279,0.9279
PENN23_y1999_s048_d0,A/Indiana/46/2024_H3N2,plate0_1-8-AAGAAGACTTTGTGAT,2575,1.001,1
PENN23_y1999_s048_d0,A/Indiana/46/2024_H3N2,plate0_1-8-AAGAAGACTTTGTGAT,5921,1.425,1
PENN23_y1999_s048_d0,A/Indiana/46/2024_H3N2,plate0_1-8-AAGAAGACTTTGTGAT,1.362e+04,1.227,1
PENN23_y1999_s048_d0,A/DistrictOfColumbia/27/2023_H3N2,plate0_1-8-AAGAAGCTATAGAAGT,40,0.3194,0.3194
PENN23_y1999_s048_d0,A/DistrictOfColumbia/27/2023_H3N2,plate0_1-8-AAGAAGCTATAGAAGT,92,0.4734,0.4734
PENN23_y1999_s048_d0,A/DistrictOfColumbia/27/2023_H3N2,plate0_1-8-AAGAAGCTATAGAAGT,212,0.5176,0.5176
PENN23_y1999_s048_d0,A/DistrictOfColumbia/27/2023_H3N2,plate0_1-8-AAGAAGCTATAGAAGT,487,0.7182,0.7182
PENN23_y1999_s048_d0,A/DistrictOfColumbia/27/2023_H3N2,plate0_1-8-AAGAAGCTATAGAAGT,1119,0.7819,0.7819
PENN23_y1999_s048_d0,A/DistrictOfColumbia/27/2023_H3N2,plate0_1-8-AAGAAGCTATAGAAGT,2575,0.5207,0.5207
PENN23_y1999_s048_d0,A/DistrictOfColumbia/27/2023_H3N2,plate0_1-8-AAGAAGCTATAGAAGT,5921,0.53,0.53
PENN23_y1999_s048_d0,A/DistrictOfColumbia/27/2023_H3N2,plate0_1-8-AAGAAGCTATAGAAGT,1.362e+04,1.185,1
PENN23_y1999_s048_d0,A/Tasmania/836/2024_H3N2,plate0_1-8-AAGATTGATTGAAGTT,40,0.3781,0.3781
PENN23_y1999_s048_d0,A/Tasmania/836/2024_H3N2,plate0_1-8-AAGATTGATTGAAGTT,92,0.4888,0.4888
PENN23_y1999_s048_d0,A/Tasmania/836/2024_H3N2,plate0_1-8-AAGATTGATTGAAGTT,212,0.6061,0.6061
PENN23_y1999_s048_d0,A/Tasmania/836/2024_H3N2,plate0_1-8-AAGATTGATTGAAGTT,487,0.584,0.584
PENN23_y1999_s048_d0,A/Tasmania/836/2024_H3N2,plate0_1-8-AAGATTGATTGAAGTT,1119,1.091,1
PENN23_y1999_s048_d0,A/Tasmania/836/2024_H3N2,plate0_1-8-AAGATTGATTGAAGTT,2575,0.9119,0.9119
PENN23_y1999_s048_d0,A/Tasmania/836/2024_H3N2,plate0_1-8-AAGATTGATTGAAGTT,5921,1.183,1
PENN23_y1999_s048_d0,A/Tasmania/836/2024_H3N2,plate0_1-8-AAGATTGATTGAAGTT,1.362e+04,1.579,1
PENN23_y1999_s048_d0,A/Colombia/1851/2024_H3N2,plate0_1-8-AAGCCCAGCGGGTGAT,40,0.03527,0.03527
PENN23_y1999_s048_d0,A/Colombia/1851/2024_H3N2,plate0_1-8-AAGCCCAGCGGGTGAT,92,0.3138,0.3138
PENN23_y1999_s048_d0,A/Colombia/1851/2024_H3N2,plate0_1-8-AAGCCCAGCGGGTGAT,212,0.6223,0.6223
PENN23_y1999_s048_d0,A/Colombia/1851/2024_H3N2,plate0_1-8-AAGCCCAGCGGGTGAT,487,0.419,0.419
PENN23_y1999_s048_d0,A/Colombia/1851/2024_H3N2,plate0_1-8-AAGCCCAGCGGGTGAT,1119,0.8789,0.8789
PENN23_y1999_s048_d0,A/Colombia/1851/2024_H3N2,plate0_1-8-AAGCCCAGCGGGTGAT,2575,0.9558,0.9558
PENN23_y1999_s048_d0,A/Colombia/1851/2024_H3N2,plate0_1-8-AAGCCCAGCGGGTGAT,5921,1.127,1
PENN23_y1999_s048_d0,A/Colombia/1851/2024_H3N2,plate0_1-8-AAGCCCAGCGGGTGAT,1.362e+04,0.6847,0.6847
PENN23_y1999_s048_d0,A/Victoria/3482/2024_H3N2,plate0_1-8-AAGCGGTGATGTGATT,40,0.09374,0.09374
PENN23_y1999_s048_d0,A/Victoria/3482/2024_H3N2,plate0_1-8-AAGCGGTGATGTGATT,92,0.1179,0.1179
PENN23_y1999_s048_d0,A/Victoria/3482/2024_H3N2,plate0_1-8-AAGCGGTGATGTGATT,212,0.2585,0.2585
PENN23_y1999_s048_d0,A/Victoria/3482/2024_H3N2,plate0_1-8-AAGCGGTGATGTGATT,487,0.2837,0.2837
PENN23_y1999_s048_d0,A/Victoria/3482/2024_H3N2,plate0_1-8-AAGCGGTGATGTGATT,1119,0.6595,0.6595
PENN23_y1999_s048_d0,A/Victoria/3482/2024_H3N2,plate0_1-8-AAGCGGTGATGTGATT,2575,0.6399,0.6399
PENN23_y1999_s048_d0,A/Victoria/3482/2024_H3N2,plate0_1-8-AAGCGGTGATGTGATT,5921,0.7233,0.7233
PENN23_y1999_s048_d0,A/Victoria/3482/2024_H3N2,plate0_1-8-AAGCGGTGATGTGATT,1.362e+04,1.015,1
PENN23_y1999_s048_d0,A/BurkinaFaso/3131/2023_H3N2,plate0_1-8-AAGGGGCCTCATAATG,40,0.145,0.145
PENN23_y1999_s048_d0,A/BurkinaFaso/3131/2023_H3N2,plate0_1-8-AAGGGGCCTCATAATG,92,0.5214,0.5214
PENN23_y1999_s048_d0,A/BurkinaFaso/3131/2023_H3N2,plate0_1-8-AAGGGGCCTCATAATG,212,0.4637,0.4637
PENN23_y1999_s048_d0,A/BurkinaFaso/3131/2023_H3N2,plate0_1-8-AAGGGGCCTCATAATG,487,0.9696,0.9696
PENN23_y1999_s048_d0,A/BurkinaFaso/3131/2023_H3N2,plate0_1-8-AAGGGGCCTCATAATG,1119,1.276,1
PENN23_y1999_s048_d0,A/BurkinaFaso/3131/2023_H3N2,plate0_1-8-AAGGGGCCTCATAATG,2575,0.9799,0.9799
PENN23_y1999_s048_d0,A/BurkinaFaso/3131/2023_H3N2,plate0_1-8-AAGGGGCCTCATAATG,5921,0.8839,0.8839
PENN23_y1999_s048_d0,A/BurkinaFaso/3131/2023_H3N2,plate0_1-8-AAGGGGCCTCATAATG,1.362e+04,1.188,1
PENN23_y1999_s048_d0,A/Utah/39/2025_H1N1,plate0_1-8-AAGGTCCCTATGTAAT,40,0.004902,0.004902
PENN23_y1999_s048_d0,A/Utah/39/2025_H1N1,plate0_1-8-AAGGTCCCTATGTAAT,92,0.01346,0.01346
PENN23_y1999_s048_d0,A/Utah/39/2025_H1N1,plate0_1-8-AAGGTCCCTATGTAAT,212,0.2447,0.2447
PENN23_y1999_s048_d0,A/Utah/39/2025_H1N1,plate0_1-8-AAGGTCCCTATGTAAT,487,0.377,0.377
PENN23_y1999_s048_d0,A/Utah/39/2025_H1N1,plate0_1-8-AAGGTCCCTATGTAAT,1119,0.5031,0.5031
PENN23_y1999_s048_d0,A/Utah/39/2025_H1N1,plate0_1-8-AAGGTCCCTATGTAAT,2575,0.9012,0.9012
PENN23_y1999_s048_d0,A/Utah/39/2025_H1N1,plate0_1-8-AAGGTCCCTATGTAAT,5921,0.9553,0.9553
PENN23_y1999_s048_d0,A/Utah/39/2025_H1N1,plate0_1-8-AAGGTCCCTATGTAAT,1.362e+04,1.012,1
PENN23_y1999_s048_d0,A/HongKong/4801/2014_H3N2,plate0_1-8-AAGTATTGCTACACAT,40,0,0
PENN23_y1999_s048_d0,A/HongKong/4801/2014_H3N2,plate0_1-8-AAGTATTGCTACACAT,92,0.02115,0.02115
PENN23_y1999_s048_d0,A/HongKong/4801/2014_H3N2,plate0_1-8-AAGTATTGCTACACAT,212,0.1915,0.1915
PENN23_y1999_s048_d0,A/HongKong/4801/2014_H3N2,plate0_1-8-AAGTATTGCTACACAT,487,0.3697,0.3697
PENN23_y1999_s048_d0,A/HongKong/4801/2014_H3N2,plate0_1-8-AAGTATTGCTACACAT,1119,0.765,0.765
PENN23_y1999_s048_d0,A/HongKong/4801/2014_H3N2,plate0_1-8-AAGTATTGCTACACAT,2575,0.7661,0.7661
PENN23_y1999_s048_d0,A/HongKong/4801/2014_H3N2,plate0_1-8-AAGTATTGCTACACAT,5921,0.7728,0.7728
PENN23_y1999_s048_d0,A/HongKong/4801/2014_H3N2,plate0_1-8-AAGTATTGCTACACAT,1.362e+04,1.221,1
PENN23_y1999_s048_d0,A/Victoria/4897/2022_IVR-238_H1N1,plate0_1-8-AAGTTAAGAGAAAGTT,40,0,0
PENN23_y1999_s048_d0,A/Victoria/4897/2022_IVR-238_H1N1,plate0_1-8-AAGTTAAGAGAAAGTT,92,0,0
PENN23_y1999_s048_d0,A/Victoria/4897/2022_IVR-238_H1N1,plate0_1-8-AAGTTAAGAGAAAGTT,212,0,0
PENN23_y1999_s048_d0,A/Victoria/4897/2022_IVR-238_H1N1,plate0_1-8-AAGTTAAGAGAAAGTT,487,0.081,0.081
PENN23_y1999_s048_d0,A/Victoria/4897/2022_IVR-238_H1N1,plate0_1-8-AAGTTAAGAGAAAGTT,1119,0.4731,0.4731
PENN23_y1999_s048_d0,A/Victoria/4897/2022_IVR-238_H1N1,plate0_1-8-AAGTTAAGAGAAAGTT,2575,0.6537,0.6537
PENN23_y1999_s048_d0,A/Victoria/4897/2022_IVR-238_H1N1,plate0_1-8-AAGTTAAGAGAAAGTT,5921,1.031,1
PENN23_y1999_s048_d0,A/Victoria/4897/2022_IVR-238_H1N1,plate0_1-8-AAGTTAAGAGAAAGTT,1.362e+04,1.213,1
PENN23_y1999_s048_d0,A/Texas/ISC-1274/2025_H3N2,plate0_1-8-AAGTTAGTAGACCCAC,40,0.2464,0.2464
PENN23_y1999_s048_d0,A/Texas/ISC-1274/2025_H3N2,plate0_1-8-AAGTTAGTAGACCCAC,92,0.3791,0.3791
PENN23_y1999_s048_d0,A/Texas/ISC-1274/2025_H3N2,plate0_1-8-AAGTTAGTAGACCCAC,212,0.5317,0.5317
PENN23_y1999_s048_d0,A/Texas/ISC-1274/2025_H3N2,plate0_1-8-AAGTTAGTAGACCCAC,487,0.3214,0.3214
PENN23_y1999_s048_d0,A/Texas/ISC-1274/2025_H3N2,plate0_1-8-AAGTTAGTAGACCCAC,1119,0.691,0.691
PENN23_y1999_s048_d0,A/Texas/ISC-1274/2025_H3N2,plate0_1-8-AAGTTAGTAGACCCAC,2575,0.9184,0.9184
PENN23_y1999_s048_d0,A/Texas/ISC-1274/2025_H3N2,plate0_1-8-AAGTTAGTAGACCCAC,5921,1.042,1
PENN23_y1999_s048_d0,A/Texas/ISC-1274/2025_H3N2,plate0_1-8-AAGTTAGTAGACCCAC,1.362e+04,1.146,1
PENN23_y1999_s048_d0,A/Slovenia/49/2024_H3N2,plate0_1-8-AATCGCTGGCACCCGT,40,0.03543,0.03543
PENN23_y1999_s048_d0,A/Slovenia/49/2024_H3N2,plate0_1-8-AATCGCTGGCACCCGT,92,0.3023,0.3023
PENN23_y1999_s048_d0,A/Slovenia/49/2024_H3N2,plate0_1-8-AATCGCTGGCACCCGT,212,0.5424,0.5424
PENN23_y1999_s048_d0,A/Slovenia/49/2024_H3N2,plate0_1-8-AATCGCTGGCACCCGT,487,0.4274,0.4274
PENN23_y1999_s048_d0,A/Slovenia/49/2024_H3N2,plate0_1-8-AATCGCTGGCACCCGT,1119,0.7833,0.7833
PENN23_y1999_s048_d0,A/Slovenia/49/2024_H3N2,plate0_1-8-AATCGCTGGCACCCGT,2575,0.6164,0.6164
PENN23_y1999_s048_d0,A/Slovenia/49/2024_H3N2,plate0_1-8-AATCGCTGGCACCCGT,5921,0.897,0.897
PENN23_y1999_s048_d0,A/Slovenia/49/2024_H3N2,plate0_1-8-AATCGCTGGCACCCGT,1.362e+04,0.9542,0.9542
PENN23_y1999_s048_d0,A/Slovenia/49/2024_H3N2,plate0_1-8-AATGAAACAATCGAAC,40,0.1285,0.1285
PENN23_y1999_s048_d0,A/Slovenia/49/2024_H3N2,plate0_1-8-AATGAAACAATCGAAC,92,0.2597,0.2597
PENN23_y1999_s048_d0,A/Slovenia/49/2024_H3N2,plate0_1-8-AATGAAACAATCGAAC,212,0.557,0.557
PENN23_y1999_s048_d0,A/Slovenia/49/2024_H3N2,plate0_1-8-AATGAAACAATCGAAC,487,0.5479,0.5479
PENN23_y1999_s048_d0,A/Slovenia/49/2024_H3N2,plate0_1-8-AATGAAACAATCGAAC,1119,0.5828,0.5828
PENN23_y1999_s048_d0,A/Slovenia/49/2024_H3N2,plate0_1-8-AATGAAACAATCGAAC,2575,0.6605,0.6605
PENN23_y1999_s048_d0,A/Slovenia/49/2024_H3N2,plate0_1-8-AATGAAACAATCGAAC,5921,1.04,1
PENN23_y1999_s048_d0,A/Slovenia/49/2024_H3N2,plate0_1-8-AATGAAACAATCGAAC,1.362e+04,1.096,1
PENN23_y1999_s048_d0,A/Iowa/123/2024_H1N1,plate0_1-8-AATGCGAGCATGTCAA,40,0.00271,0.00271
PENN23_y1999_s048_d0,A/Iowa/123/2024_H1N1,plate0_1-8-AATGCGAGCATGTCAA,92,0.02392,0.02392
PENN23_y1999_s048_d0,A/Iowa/123/2024_H1N1,plate0_1-8-AATGCGAGCATGTCAA,212,0.1924,0.1924
PENN23_y1999_s048_d0,A/Iowa/123/2024_H1N1,plate0_1-8-AATGCGAGCATGTCAA,487,0.5309,0.5309
PENN23_y1999_s048_d0,A/Iowa/123/2024_H1N1,plate0_1-8-AATGCGAGCATGTCAA,1119,0.6286,0.6286
PENN23_y1999_s048_d0,A/Iowa/123/2024_H1N1,plate0_1-8-AATGCGAGCATGTCAA,2575,0.7997,0.7997
PENN23_y1999_s048_d0,A/Iowa/123/2024_H1N1,plate0_1-8-AATGCGAGCATGTCAA,5921,1.005,1
PENN23_y1999_s048_d0,A/Iowa/123/2024_H1N1,plate0_1-8-AATGCGAGCATGTCAA,1.362e+04,0.9727,0.9727
PENN23_y1999_s048_d0,A/Uganda/UVRI_KIS6850_2024_H1N1,plate0_1-8-AATTCGTGAGTACTAG,40,0.0006814,0.0006814
PENN23_y1999_s048_d0,A/Uganda/UVRI_KIS6850_2024_H1N1,plate0_1-8-AATTCGTGAGTACTAG,92,0.02171,0.02171
PENN23_y1999_s048_d0,A/Uganda/UVRI_KIS6850_2024_H1N1,plate0_1-8-AATTCGTGAGTACTAG,212,0.2724,0.2724
PENN23_y1999_s048_d0,A/Uganda/UVRI_KIS6850_2024_H1N1,plate0_1-8-AATTCGTGAGTACTAG,487,0.3875,0.3875
PENN23_y1999_s048_d0,A/Uganda/UVRI_KIS6850_2024_H1N1,plate0_1-8-AATTCGTGAGTACTAG,1119,0.7116,0.7116
PENN23_y1999_s048_d0,A/Uganda/UVRI_KIS6850_2024_H1N1,plate0_1-8-AATTCGTGAGTACTAG,2575,0.8179,0.8179
PENN23_y1999_s048_d0,A/Uganda/UVRI_KIS6850_2024_H1N1,plate0_1-8-AATTCGTGAGTACTAG,5921,1.192,1
PENN23_y1999_s048_d0,A/Uganda/UVRI_KIS6850_2024_H1N1,plate0_1-8-AATTCGTGAGTACTAG,1.362e+04,0.9173,0.9173
PENN23_y1999_s048_d0,A/Wisconsin/30/2025_H1N1,plate0_1-8-AATTGAACGTCATACC,40,0.007908,0.007908
PENN23_y1999_s048_d0,A/Wisconsin/30/2025_H1N1,plate0_1-8-AATTGAACGTCATACC,92,0.001332,0.001332
PENN23_y1999_s048_d0,A/Wisconsin/30/2025_H1N1,plate0_1-8-AATTGAACGTCATACC,212,0.07347,0.07347
PENN23_y1999_s048_d0,A/Wisconsin/30/2025_H1N1,plate0_1-8-AATTGAACGTCATACC,487,0.0857,0.0857
PENN23_y1999_s048_d0,A/Wisconsin/30/2025_H1N1,plate0_1-8-AATTGAACGTCATACC,1119,0.3573,0.3573
PENN23_y1999_s048_d0,A/Wisconsin/30/2025_H1N1,plate0_1-8-AATTGAACGTCATACC,2575,0.2223,0.2223
PENN23_y1999_s048_d0,A/Wisconsin/30/2025_H1N1,plate0_1-8-AATTGAACGTCATACC,5921,2.127,1
PENN23_y1999_s048_d0,A/Wisconsin/30/2025_H1N1,plate0_1-8-AATTGAACGTCATACC,1.362e+04,0.2685,0.2685
PENN23_y1999_s048_d0,A/Michigan/45/2015_H1N1,plate0_1-8-ACAAAGTCTCGAGAAG,40,2.6e-05,2.6e-05
PENN23_y1999_s048_d0,A/Michigan/45/2015_H1N1,plate0_1-8-ACAAAGTCTCGAGAAG,92,0,0
PENN23_y1999_s048_d0,A/Michigan/45/2015_H1N1,plate0_1-8-ACAAAGTCTCGAGAAG,212,0.003151,0.003151
PENN23_y1999_s048_d0,A/Michigan/45/2015_H1N1,plate0_1-8-ACAAAGTCTCGAGAAG,487,0.02126,0.02126
PENN23_y1999_s048_d0,A/Michigan/45/2015_H1N1,plate0_1-8-ACAAAGTCTCGAGAAG,1119,0.069,0.069
PENN23_y1999_s048_d0,A/Michigan/45/2015_H1N1,plate0_1-8-ACAAAGTCTCGAGAAG,2575,0.6824,0.6824
PENN23_y1999_s048_d0,A/Michigan/45/2015_H1N1,plate0_1-8-ACAAAGTCTCGAGAAG,5921,0.5352,0.5352
PENN23_y1999_s048_d0,A/Michigan/45/2015_H1N1,plate0_1-8-ACAAAGTCTCGAGAAG,1.362e+04,0.8148,0.8148
PENN23_y1999_s048_d0,A/Victoria/96/2025_H3N2,plate0_1-8-ACAAGATTCGGGGGAC,40,0.3831,0.3831
PENN23_y1999_s048_d0,A/Victoria/96/2025_H3N2,plate0_1-8-ACAAGATTCGGGGGAC,92,0.3214,0.3214
PENN23_y1999_s048_d0,A/Victoria/96/2025_H3N2,plate0_1-8-ACAAGATTCGGGGGAC,212,0.631,0.631
PENN23_y1999_s048_d0,A/Victoria/96/2025_H3N2,plate0_1-8-ACAAGATTCGGGGGAC,487,0.4201,0.4201
PENN23_y1999_s048_d0,A/Victoria/96/2025_H3N2,plate0_1-8-ACAAGATTCGGGGGAC,1119,0.7674,0.7674
PENN23_y1999_s048_d0,A/Victoria/96/2025_H3N2,plate0_1-8-ACAAGATTCGGGGGAC,2575,0.9771,0.9771
PENN23_y1999_s048_d0,A/Victoria/96/2025_H3N2,plate0_1-8-ACAAGATTCGGGGGAC,5921,0.8741,0.8741
PENN23_y1999_s048_d0,A/Victoria/96/2025_H3N2,plate0_1-8-ACAAGATTCGGGGGAC,1.362e+04,1.124,1
PENN23_y1999_s048_d0,A/Massachusetts/BI_MGH-23147/2025_H3N2,plate0_1-8-ACAATCTGAACCATAC,40,0.2634,0.2634
PENN23_y1999_s048_d0,A/Massachusetts/BI_MGH-23147/2025_H3N2,plate0_1-8-ACAATCTGAACCATAC,92,0.35,0.35
PENN23_y1999_s048_d0,A/Massachusetts/BI_MGH-23147/2025_H3N2,plate0_1-8-ACAATCTGAACCATAC,212,0.3475,0.3475
PENN23_y1999_s048_d0,A/Massachusetts/BI_MGH-23147/2025_H3N2,plate0_1-8-ACAATCTGAACCATAC,487,0.3117,0.3117
PENN23_y1999_s048_d0,A/Massachusetts/BI_MGH-23147/2025_H3N2,plate0_1-8-ACAATCTGAACCATAC,1119,0.5043,0.5043
PENN23_y1999_s048_d0,A/Massachusetts/BI_MGH-23147/2025_H3N2,plate0_1-8-ACAATCTGAACCATAC,2575,0.694,0.694
PENN23_y1999_s048_d0,A/Massachusetts/BI_MGH-23147/2025_H3N2,plate0_1-8-ACAATCTGAACCATAC,5921,0.7799,0.7799
PENN23_y1999_s048_d0,A/Massachusetts/BI_MGH-23147/2025_H3N2,plate0_1-8-ACAATCTGAACCATAC,1.362e+04,1.041,1
PENN23_y1999_s048_d0,A/Iowa/123/2024_H1N1,plate0_1-8-ACACGGGTTGGCTGTA,40,0.008486,0.008486
PENN23_y1999_s048_d0,A/Iowa/123/2024_H1N1,plate0_1-8-ACACGGGTTGGCTGTA,92,0.0426,0.0426
PENN23_y1999_s048_d0,A/Iowa/123/2024_H1N1,plate0_1-8-ACACGGGTTGGCTGTA,212,0.1944,0.1944
PENN23_y1999_s048_d0,A/Iowa/123/2024_H1N1,plate0_1-8-ACACGGGTTGGCTGTA,487,0.4988,0.4988
PENN23_y1999_s048_d0,A/Iowa/123/2024_H1N1,plate0_1-8-ACACGGGTTGGCTGTA,1119,0.6156,0.6156
PENN23_y1999_s048_d0,A/Iowa/123/2024_H1N1,plate0_1-8-ACACGGGTTGGCTGTA,2575,0.7113,0.7113
PENN23_y1999_s048_d0,A/Iowa/123/2024_H1N1,plate0_1-8-ACACGGGTTGGCTGTA,5921,0.9331,0.9331
PENN23_y1999_s048_d0,A/Iowa/123/2024_H1N1,plate0_1-8-ACACGGGTTGGCTGTA,1.362e+04,1.158,1
PENN23_y1999_s048_d0,A/Victoria/3599/2024_H1N1,plate0_1-8-ACAGTACGATCTACGC,40,0.00199,0.00199
PENN23_y1999_s048_d0,A/Victoria/3599/2024_H1N1,plate0_1-8-ACAGTACGATCTACGC,92,0.02895,0.02895
PENN23_y1999_s048_d0,A/Victoria/3599/2024_H1N1,plate0_1-8-ACAGTACGATCTACGC,212,0.2175,0.2175
PENN23_y1999_s048_d0,A/Victoria/3599/2024_H1N1,plate0_1-8-ACAGTACGATCTACGC,487,0.4789,0.4789
PENN23_y1999_s048_d0,A/Victoria/3599/2024_H1N1,plate0_1-8-ACAGTACGATCTACGC,1119,0.5733,0.5733
PENN23_y1999_s048_d0,A/Victoria/3599/2024_H1N1,plate0_1-8-ACAGTACGATCTACGC,2575,0.9604,0.9604
PENN23_y1999_s048_d0,A/Victoria/3599/2024_H1N1,plate0_1-8-ACAGTACGATCTACGC,5921,1.148,1
PENN23_y1999_s048_d0,A/Victoria/3599/2024_H1N1,plate0_1-8-ACAGTACGATCTACGC,1.362e+04,1.672,1
PENN23_y1999_s048_d0,A/Tennessee/04/2025_H1N1,plate0_1-8-ACAGTCCACCATTGAG,40,0.001103,0.001103
PENN23_y1999_s048_d0,A/Tennessee/04/2025_H1N1,plate0_1-8-ACAGTCCACCATTGAG,92,0.02942,0.02942
PENN23_y1999_s048_d0,A/Tennessee/04/2025_H1N1,plate0_1-8-ACAGTCCACCATTGAG,212,0.145,0.145
PENN23_y1999_s048_d0,A/Tennessee/04/2025_H1N1,plate0_1-8-ACAGTCCACCATTGAG,487,0.3443,0.3443
PENN23_y1999_s048_d0,A/Tennessee/04/2025_H1N1,plate0_1-8-ACAGTCCACCATTGAG,1119,0.6494,0.6494
PENN23_y1999_s048_d0,A/Tennessee/04/2025_H1N1,plate0_1-8-ACAGTCCACCATTGAG,2575,0.8229,0.8229
PENN23_y1999_s048_d0,A/Tennessee/04/2025_H1N1,plate0_1-8-ACAGTCCACCATTGAG,5921,0.9421,0.9421
PENN23_y1999_s048_d0,A/Tennessee/04/2025_H1N1,plate0_1-8-ACAGTCCACCATTGAG,1.362e+04,1.38,1
PENN23_y1999_s048_d0,A/Queensland/IN000692/2024_H3N2,plate0_1-8-ACATTTTCCAATAGGT,40,0.1722,0.1722
PENN23_y1999_s048_d0,A/Queensland/IN000692/2024_H3N2,plate0_1-8-ACATTTTCCAATAGGT,92,0.1611,0.1611
PENN23_y1999_s048_d0,A/Queensland/IN000692/2024_H3N2,plate0_1-8-ACATTTTCCAATAGGT,212,0.5398,0.5398
PENN23_y1999_s048_d0,A/Queensland/IN000692/2024_H3N2,plate0_1-8-ACATTTTCCAATAGGT,487,0.5712,0.5712
PENN23_y1999_s048_d0,A/Queensland/IN000692/2024_H3N2,plate0_1-8-ACATTTTCCAATAGGT,1119,0.5602,0.5602
PENN23_y1999_s048_d0,A/Queensland/IN000692/2024_H3N2,plate0_1-8-ACATTTTCCAATAGGT,2575,0.4798,0.4798
PENN23_y1999_s048_d0,A/Queensland/IN000692/2024_H3N2,plate0_1-8-ACATTTTCCAATAGGT,5921,0.8708,0.8708
PENN23_y1999_s048_d0,A/Queensland/IN000692/2024_H3N2,plate0_1-8-ACATTTTCCAATAGGT,1.362e+04,1.356,1
PENN23_y1999_s048_d0,A/Michigan/UM-10062100736/2025_H3N2,plate0_1-8-ACCAGCAATGAGTTGT,40,0.3719,0.3719
PENN23_y1999_s048_d0,A/Michigan/UM-10062100736/2025_H3N2,plate0_1-8-ACCAGCAATGAGTTGT,92,0.4382,0.4382
PENN23_y1999_s048_d0,A/Michigan/UM-10062100736/2025_H3N2,plate0_1-8-ACCAGCAATGAGTTGT,212,0.6059,0.6059
PENN23_y1999_s048_d0,A/Michigan/UM-10062100736/2025_H3N2,plate0_1-8-ACCAGCAATGAGTTGT,487,0.4634,0.4634
PENN23_y1999_s048_d0,A/Michigan/UM-10062100736/2025_H3N2,plate0_1-8-ACCAGCAATGAGTTGT,1119,0.5495,0.5495
PENN23_y1999_s048_d0,A/Michigan/UM-10062100736/2025_H3N2,plate0_1-8-ACCAGCAATGAGTTGT,2575,0.7034,0.7034
PENN23_y1999_s048_d0,A/Michigan/UM-10062100736/2025_H3N2,plate0_1-8-ACCAGCAATGAGTTGT,5921,0.8377,0.8377
PENN23_y1999_s048_d0,A/Michigan/UM-10062100736/2025_H3N2,plate0_1-8-ACCAGCAATGAGTTGT,1.362e+04,0.9858,0.9858
PENN23_y1999_s048_d0,A/Lisboa/188/2023_H1N1,plate0_1-8-ACCCCCGGAGCTTGGC,40,0.002627,0.002627
PENN23_y1999_s048_d0,A/Lisboa/188/2023_H1N1,plate0_1-8-ACCCCCGGAGCTTGGC,92,0.03078,0.03078
PENN23_y1999_s048_d0,A/Lisboa/188/2023_H1N1,plate0_1-8-ACCCCCGGAGCTTGGC,212,0.1731,0.1731
PENN23_y1999_s048_d0,A/Lisboa/188/2023_H1N1,plate0_1-8-ACCCCCGGAGCTTGGC,487,0.3358,0.3358
PENN23_y1999_s048_d0,A/Lisboa/188/2023_H1N1,plate0_1-8-ACCCCCGGAGCTTGGC,1119,0.6393,0.6393
PENN23_y1999_s048_d0,A/Lisboa/188/2023_H1N1,plate0_1-8-ACCCCCGGAGCTTGGC,2575,0.8006,0.8006
PENN23_y1999_s048_d0,A/Lisboa/188/2023_H1N1,plate0_1-8-ACCCCCGGAGCTTGGC,5921,0.9681,0.9681
PENN23_y1999_s048_d0,A/Lisboa/188/2023_H1N1,plate0_1-8-ACCCCCGGAGCTTGGC,1.362e+04,1.014,1
PENN23_y1999_s048_d0,A/Texas/ISC-1148/2025_H3N2,plate0_1-8-ACCGAATGAATCATCC,40,0.2662,0.2662
PENN23_y1999_s048_d0,A/Texas/ISC-1148/2025_H3N2,plate0_1-8-ACCGAATGAATCATCC,92,0.331,0.331
PENN23_y1999_s048_d0,A/Texas/ISC-1148/2025_H3N2,plate0_1-8-ACCGAATGAATCATCC,212,0.7358,0.7358
PENN23_y1999_s048_d0,A/Texas/ISC-1148/2025_H3N2,plate0_1-8-ACCGAATGAATCATCC,487,0.4063,0.4063
PENN23_y1999_s048_d0,A/Texas/ISC-1148/2025_H3N2,plate0_1-8-ACCGAATGAATCATCC,1119,0.8792,0.8792
PENN23_y1999_s048_d0,A/Texas/ISC-1148/2025_H3N2,plate0_1-8-ACCGAATGAATCATCC,2575,0.7568,0.7568
PENN23_y1999_s048_d0,A/Texas/ISC-1148/2025_H3N2,plate0_1-8-ACCGAATGAATCATCC,5921,0.7979,0.7979
PENN23_y1999_s048_d0,A/Texas/ISC-1148/2025_H3N2,plate0_1-8-ACCGAATGAATCATCC,1.362e+04,0.9853,0.9853
PENN23_y1999_s048_d0,A/Massachusetts/ISC-1679/2025_H1N1,plate0_1-8-ACCGATTCACGAATAA,40,0.002246,0.002246
PENN23_y1999_s048_d0,A/Massachusetts/ISC-1679/2025_H1N1,plate0_1-8-ACCGATTCACGAATAA,92,0.0738,0.0738
PENN23_y1999_s048_d0,A/Massachusetts/ISC-1679/2025_H1N1,plate0_1-8-ACCGATTCACGAATAA,212,0.2519,0.2519
PENN23_y1999_s048_d0,A/Massachusetts/ISC-1679/2025_H1N1,plate0_1-8-ACCGATTCACGAATAA,487,0.4179,0.4179
PENN23_y1999_s048_d0,A/Massachusetts/ISC-1679/2025_H1N1,plate0_1-8-ACCGATTCACGAATAA,1119,0.7448,0.7448
PENN23_y1999_s048_d0,A/Massachusetts/ISC-1679/2025_H1N1,plate0_1-8-ACCGATTCACGAATAA,2575,0.7043,0.7043
PENN23_y1999_s048_d0,A/Massachusetts/ISC-1679/2025_H1N1,plate0_1-8-ACCGATTCACGAATAA,5921,1.016,1
PENN23_y1999_s048_d0,A/Massachusetts/ISC-1679/2025_H1N1,plate0_1-8-ACCGATTCACGAATAA,1.362e+04,1.121,1
PENN23_y1999_s048_d0,A/Texas/50/2012X-223A_H3N2,plate0_1-8-ACGCAAATAGACCGAA,40,0,0
PENN23_y1999_s048_d0,A/Texas/50/2012X-223A_H3N2,plate0_1-8-ACGCAAATAGACCGAA,92,0.001431,0.001431
PENN23_y1999_s048_d0,A/Texas/50/2012X-223A_H3N2,plate0_1-8-ACGCAAATAGACCGAA,212,0,0
PENN23_y1999_s048_d0,A/Texas/50/2012X-223A_H3N2,plate0_1-8-ACGCAAATAGACCGAA,487,0.00316,0.00316
PENN23_y1999_s048_d0,A/Texas/50/2012X-223A_H3N2,plate0_1-8-ACGCAAATAGACCGAA,1119,0.0187,0.0187
PENN23_y1999_s048_d0,A/Texas/50/2012X-223A_H3N2,plate0_1-8-ACGCAAATAGACCGAA,2575,0.2769,0.2769
PENN23_y1999_s048_d0,A/Texas/50/2012X-223A_H3N2,plate0_1-8-ACGCAAATAGACCGAA,5921,0.2397,0.2397
PENN23_y1999_s048_d0,A/Texas/50/2012X-223A_H3N2,plate0_1-8-ACGCAAATAGACCGAA,1.362e+04,2.421,1
PENN23_y1999_s048_d0,A/France/IDF-IPP29542/2023_H3N2,plate0_1-8-ACGGGGATTGGCTGTT,40,0.08214,0.08214
PENN23_y1999_s048_d0,A/France/IDF-IPP29542/2023_H3N2,plate0_1-8-ACGGGGATTGGCTGTT,92,0.5437,0.5437
PENN23_y1999_s048_d0,A/France/IDF-IPP29542/2023_H3N2,plate0_1-8-ACGGGGATTGGCTGTT,212,0.5387,0.5387
PENN23_y1999_s048_d0,A/France/IDF-IPP29542/2023_H3N2,plate0_1-8-ACGGGGATTGGCTGTT,487,0.4525,0.4525
PENN23_y1999_s048_d0,A/France/IDF-IPP29542/2023_H3N2,plate0_1-8-ACGGGGATTGGCTGTT,1119,0.4865,0.4865
PENN23_y1999_s048_d0,A/France/IDF-IPP29542/2023_H3N2,plate0_1-8-ACGGGGATTGGCTGTT,2575,0.7817,0.7817
PENN23_y1999_s048_d0,A/France/IDF-IPP29542/2023_H3N2,plate0_1-8-ACGGGGATTGGCTGTT,5921,0.9486,0.9486
PENN23_y1999_s048_d0,A/France/IDF-IPP29542/2023_H3N2,plate0_1-8-ACGGGGATTGGCTGTT,1.362e+04,1.081,1
PENN23_y1999_s048_d0,A/Ohio/259/2024_H1N1,plate0_1-8-ACGTCCATTAAGATCA,40,0.001324,0.001324
PENN23_y1999_s048_d0,A/Ohio/259/2024_H1N1,plate0_1-8-ACGTCCATTAAGATCA,92,0.02596,0.02596
PENN23_y1999_s048_d0,A/Ohio/259/2024_H1N1,plate0_1-8-ACGTCCATTAAGATCA,212,0.2312,0.2312
PENN23_y1999_s048_d0,A/Ohio/259/2024_H1N1,plate0_1-8-ACGTCCATTAAGATCA,487,0.515,0.515
PENN23_y1999_s048_d0,A/Ohio/259/2024_H1N1,plate0_1-8-ACGTCCATTAAGATCA,1119,0.88,0.88
PENN23_y1999_s048_d0,A/Ohio/259/2024_H1N1,plate0_1-8-ACGTCCATTAAGATCA,2575,0.7897,0.7897
PENN23_y1999_s048_d0,A/Ohio/259/2024_H1N1,plate0_1-8-ACGTCCATTAAGATCA,5921,0.9646,0.9646
PENN23_y1999_s048_d0,A/Ohio/259/2024_H1N1,plate0_1-8-ACGTCCATTAAGATCA,1.362e+04,1.156,1
PENN23_y1999_s048_d0,A/Punta_Arenas/83659/2024_H3N2,plate0_1-8-ACGTGTCTCCGAGCAA,40,0.5726,0.5726
PENN23_y1999_s048_d0,A/Punta_Arenas/83659/2024_H3N2,plate0_1-8-ACGTGTCTCCGAGCAA,92,0.596,0.596
PENN23_y1999_s048_d0,A/Punta_Arenas/83659/2024_H3N2,plate0_1-8-ACGTGTCTCCGAGCAA,212,0.6301,0.6301
PENN23_y1999_s048_d0,A/Punta_Arenas/83659/2024_H3N2,plate0_1-8-ACGTGTCTCCGAGCAA,487,0.7215,0.7215
PENN23_y1999_s048_d0,A/Punta_Arenas/83659/2024_H3N2,plate0_1-8-ACGTGTCTCCGAGCAA,1119,0.745,0.745
PENN23_y1999_s048_d0,A/Punta_Arenas/83659/2024_H3N2,plate0_1-8-ACGTGTCTCCGAGCAA,2575,0.9907,0.9907
PENN23_y1999_s048_d0,A/Punta_Arenas/83659/2024_H3N2,plate0_1-8-ACGTGTCTCCGAGCAA,5921,0.9633,0.9633
PENN23_y1999_s048_d0,A/Punta_Arenas/83659/2024_H3N2,plate0_1-8-ACGTGTCTCCGAGCAA,1.362e+04,1.23,1
PENN23_y1999_s048_d0,A/Pennsylvania/288/2024_H3N2,plate0_1-8-ACTACGAGGCTACGTA,40,0.4377,0.4377
PENN23_y1999_s048_d0,A/Pennsylvania/288/2024_H3N2,plate0_1-8-ACTACGAGGCTACGTA,92,0.28,0.28
PENN23_y1999_s048_d0,A/Pennsylvania/288/2024_H3N2,plate0_1-8-ACTACGAGGCTACGTA,212,0.6257,0.6257
PENN23_y1999_s048_d0,A/Pennsylvania/288/2024_H3N2,plate0_1-8-ACTACGAGGCTACGTA,487,0.5143,0.5143
PENN23_y1999_s048_d0,A/Pennsylvania/288/2024_H3N2,plate0_1-8-ACTACGAGGCTACGTA,1119,0.4999,0.4999
PENN23_y1999_s048_d0,A/Pennsylvania/288/2024_H3N2,plate0_1-8-ACTACGAGGCTACGTA,2575,0.6422,0.6422
PENN23_y1999_s048_d0,A/Pennsylvania/288/2024_H3N2,plate0_1-8-ACTACGAGGCTACGTA,5921,0.571,0.571
PENN23_y1999_s048_d0,A/Pennsylvania/288/2024_H3N2,plate0_1-8-ACTACGAGGCTACGTA,1.362e+04,0.9651,0.9651
PENN23_y1999_s048_d0,A/Colorado/ISC-1416/2024_H3N2,plate0_1-8-ACTCTGGCTCGCTAAT,40,0.3741,0.3741
PENN23_y1999_s048_d0,A/Colorado/ISC-1416/2024_H3N2,plate0_1-8-ACTCTGGCTCGCTAAT,92,0.3665,0.3665
PENN23_y1999_s048_d0,A/Colorado/ISC-1416/2024_H3N2,plate0_1-8-ACTCTGGCTCGCTAAT,212,0.3799,0.3799
PENN23_y1999_s048_d0,A/Colorado/ISC-1416/2024_H3N2,plate0_1-8-ACTCTGGCTCGCTAAT,487,0.5676,0.5676
PENN23_y1999_s048_d0,A/Colorado/ISC-1416/2024_H3N2,plate0_1-8-ACTCTGGCTCGCTAAT,1119,0.5683,0.5683
PENN23_y1999_s048_d0,A/Colorado/ISC-1416/2024_H3N2,plate0_1-8-ACTCTGGCTCGCTAAT,2575,0.6083,0.6083
PENN23_y1999_s048_d0,A/Colorado/ISC-1416/2024_H3N2,plate0_1-8-ACTCTGGCTCGCTAAT,5921,1.085,1
PENN23_y1999_s048_d0,A/Colorado/ISC-1416/2024_H3N2,plate0_1-8-ACTCTGGCTCGCTAAT,1.362e+04,0.9715,0.9715
PENN23_y1999_s048_d0,A/France/PAC-RELAB-HCL024172122101/2024_H3N2,plate0_1-8-ACTGTCTAGAAATTTT,40,0.6735,0.6735
PENN23_y1999_s048_d0,A/France/PAC-RELAB-HCL024172122101/2024_H3N2,plate0_1-8-ACTGTCTAGAAATTTT,92,0.7984,0.7984
PENN23_y1999_s048_d0,A/France/PAC-RELAB-HCL024172122101/2024_H3N2,plate0_1-8-ACTGTCTAGAAATTTT,212,0.8275,0.8275
PENN23_y1999_s048_d0,A/France/PAC-RELAB-HCL024172122101/2024_H3N2,plate0_1-8-ACTGTCTAGAAATTTT,487,0.5989,0.5989
PENN23_y1999_s048_d0,A/France/PAC-RELAB-HCL024172122101/2024_H3N2,plate0_1-8-ACTGTCTAGAAATTTT,1119,0.7038,0.7038
PENN23_y1999_s048_d0,A/France/PAC-RELAB-HCL024172122101/2024_H3N2,plate0_1-8-ACTGTCTAGAAATTTT,2575,1.021,1
PENN23_y1999_s048_d0,A/France/PAC-RELAB-HCL024172122101/2024_H3N2,plate0_1-8-ACTGTCTAGAAATTTT,5921,1.016,1
PENN23_y1999_s048_d0,A/France/PAC-RELAB-HCL024172122101/2024_H3N2,plate0_1-8-ACTGTCTAGAAATTTT,1.362e+04,1.072,1
PENN23_y1999_s048_d0,A/Thailand/8/2022_H3N2,plate0_1-8-AGACCATCGCACCCAA,40,0.0001155,0.0001155
PENN23_y1999_s048_d0,A/Thailand/8/2022_H3N2,plate0_1-8-AGACCATCGCACCCAA,92,0.09565,0.09565
PENN23_y1999_s048_d0,A/Thailand/8/2022_H3N2,plate0_1-8-AGACCATCGCACCCAA,212,0.1616,0.1616
PENN23_y1999_s048_d0,A/Thailand/8/2022_H3N2,plate0_1-8-AGACCATCGCACCCAA,487,0.337,0.337
PENN23_y1999_s048_d0,A/Thailand/8/2022_H3N2,plate0_1-8-AGACCATCGCACCCAA,1119,0.325,0.325
PENN23_y1999_s048_d0,A/Thailand/8/2022_H3N2,plate0_1-8-AGACCATCGCACCCAA,2575,0.5994,0.5994
PENN23_y1999_s048_d0,A/Thailand/8/2022_H3N2,plate0_1-8-AGACCATCGCACCCAA,5921,0.7848,0.7848
PENN23_y1999_s048_d0,A/Thailand/8/2022_H3N2,plate0_1-8-AGACCATCGCACCCAA,1.362e+04,0.8277,0.8277
PENN23_y1999_s048_d0,A/Victoria/4897/2022_IVR-238_H1N1,plate0_1-8-AGAGCTAAAAAGAGGA,40,0,0
PENN23_y1999_s048_d0,A/Victoria/4897/2022_IVR-238_H1N1,plate0_1-8-AGAGCTAAAAAGAGGA,92,0,0
PENN23_y1999_s048_d0,A/Victoria/4897/2022_IVR-238_H1N1,plate0_1-8-AGAGCTAAAAAGAGGA,212,0,0
PENN23_y1999_s048_d0,A/Victoria/4897/2022_IVR-238_H1N1,plate0_1-8-AGAGCTAAAAAGAGGA,487,0.04782,0.04782
PENN23_y1999_s048_d0,A/Victoria/4897/2022_IVR-238_H1N1,plate0_1-8-AGAGCTAAAAAGAGGA,1119,0.4178,0.4178
PENN23_y1999_s048_d0,A/Victoria/4897/2022_IVR-238_H1N1,plate0_1-8-AGAGCTAAAAAGAGGA,2575,0.8381,0.8381
PENN23_y1999_s048_d0,A/Victoria/4897/2022_IVR-238_H1N1,plate0_1-8-AGAGCTAAAAAGAGGA,5921,0.6495,0.6495
PENN23_y1999_s048_d0,A/Victoria/4897/2022_IVR-238_H1N1,plate0_1-8-AGAGCTAAAAAGAGGA,1.362e+04,1.384,1
PENN23_y1999_s048_d0,A/Bangkok/P176/2025_H1N1,plate0_1-8-AGATCCACCCTATAGT,40,0.004785,0.004785
PENN23_y1999_s048_d0,A/Bangkok/P176/2025_H1N1,plate0_1-8-AGATCCACCCTATAGT,92,0.3933,0.3933
PENN23_y1999_s048_d0,A/Bangkok/P176/2025_H1N1,plate0_1-8-AGATCCACCCTATAGT,212,0.4001,0.4001
PENN23_y1999_s048_d0,A/Bangkok/P176/2025_H1N1,plate0_1-8-AGATCCACCCTATAGT,487,0.6664,0.6664
PENN23_y1999_s048_d0,A/Bangkok/P176/2025_H1N1,plate0_1-8-AGATCCACCCTATAGT,1119,0.5322,0.5322
PENN23_y1999_s048_d0,A/Bangkok/P176/2025_H1N1,plate0_1-8-AGATCCACCCTATAGT,2575,1.029,1
PENN23_y1999_s048_d0,A/Bangkok/P176/2025_H1N1,plate0_1-8-AGATCCACCCTATAGT,5921,0.9506,0.9506
PENN23_y1999_s048_d0,A/Bangkok/P176/2025_H1N1,plate0_1-8-AGATCCACCCTATAGT,1.362e+04,1.176,1
PENN23_y1999_s048_d0,A/Wisconsin/NIRC-IS-1111/2025_H1N1,plate0_1-8-AGATCCCAGGTCCTTT,40,0.003687,0.003687
PENN23_y1999_s048_d0,A/Wisconsin/NIRC-IS-1111/2025_H1N1,plate0_1-8-AGATCCCAGGTCCTTT,92,0.02048,0.02048
PENN23_y1999_s048_d0,A/Wisconsin/NIRC-IS-1111/2025_H1N1,plate0_1-8-AGATCCCAGGTCCTTT,212,0.1849,0.1849
PENN23_y1999_s048_d0,A/Wisconsin/NIRC-IS-1111/2025_H1N1,plate0_1-8-AGATCCCAGGTCCTTT,487,0.3726,0.3726
PENN23_y1999_s048_d0,A/Wisconsin/NIRC-IS-1111/2025_H1N1,plate0_1-8-AGATCCCAGGTCCTTT,1119,0.5878,0.5878
PENN23_y1999_s048_d0,A/Wisconsin/NIRC-IS-1111/2025_H1N1,plate0_1-8-AGATCCCAGGTCCTTT,2575,0.8412,0.8412
PENN23_y1999_s048_d0,A/Wisconsin/NIRC-IS-1111/2025_H1N1,plate0_1-8-AGATCCCAGGTCCTTT,5921,0.853,0.853
PENN23_y1999_s048_d0,A/Wisconsin/NIRC-IS-1111/2025_H1N1,plate0_1-8-AGATCCCAGGTCCTTT,1.362e+04,1.121,1
PENN23_y1999_s048_d0,A/Sao_Paulo/358026766-IAL/2024_H3N2,plate0_1-8-AGCATAGGGATATGTG,40,0.3058,0.3058
PENN23_y1999_s048_d0,A/Sao_Paulo/358026766-IAL/2024_H3N2,plate0_1-8-AGCATAGGGATATGTG,92,0.7376,0.7376
PENN23_y1999_s048_d0,A/Sao_Paulo/358026766-IAL/2024_H3N2,plate0_1-8-AGCATAGGGATATGTG,212,0.589,0.589
PENN23_y1999_s048_d0,A/Sao_Paulo/358026766-IAL/2024_H3N2,plate0_1-8-AGCATAGGGATATGTG,487,0.6016,0.6016
PENN23_y1999_s048_d0,A/Sao_Paulo/358026766-IAL/2024_H3N2,plate0_1-8-AGCATAGGGATATGTG,1119,0.7142,0.7142
PENN23_y1999_s048_d0,A/Sao_Paulo/358026766-IAL/2024_H3N2,plate0_1-8-AGCATAGGGATATGTG,2575,0.9643,0.9643
PENN23_y1999_s048_d0,A/Sao_Paulo/358026766-IAL/2024_H3N2,plate0_1-8-AGCATAGGGATATGTG,5921,0.8903,0.8903
PENN23_y1999_s048_d0,A/Sao_Paulo/358026766-IAL/2024_H3N2,plate0_1-8-AGCATAGGGATATGTG,1.362e+04,1.085,1
PENN23_y1999_s048_d0,A/Rhode_Island/15446/2025_H3N2,plate0_1-8-AGCATCTAACAGATAG,40,0.1345,0.1345
PENN23_y1999_s048_d0,A/Rhode_Island/15446/2025_H3N2,plate0_1-8-AGCATCTAACAGATAG,92,0.1943,0.1943
PENN23_y1999_s048_d0,A/Rhode_Island/15446/2025_H3N2,plate0_1-8-AGCATCTAACAGATAG,212,0.3682,0.3682
PENN23_y1999_s048_d0,A/Rhode_Island/15446/2025_H3N2,plate0_1-8-AGCATCTAACAGATAG,487,0.3685,0.3685
PENN23_y1999_s048_d0,A/Rhode_Island/15446/2025_H3N2,plate0_1-8-AGCATCTAACAGATAG,1119,0.7216,0.7216
PENN23_y1999_s048_d0,A/Rhode_Island/15446/2025_H3N2,plate0_1-8-AGCATCTAACAGATAG,2575,0.6341,0.6341
PENN23_y1999_s048_d0,A/Rhode_Island/15446/2025_H3N2,plate0_1-8-AGCATCTAACAGATAG,5921,0.7909,0.7909
PENN23_y1999_s048_d0,A/Rhode_Island/15446/2025_H3N2,plate0_1-8-AGCATCTAACAGATAG,1.362e+04,1.001,1
PENN23_y1999_s048_d0,A/India/Pune-NIV24_3439/2024_H3N2,plate0_1-8-AGCCCATGCTGGGGAT,40,0.7165,0.7165
PENN23_y1999_s048_d0,A/India/Pune-NIV24_3439/2024_H3N2,plate0_1-8-AGCCCATGCTGGGGAT,92,1.294,1
PENN23_y1999_s048_d0,A/India/Pune-NIV24_3439/2024_H3N2,plate0_1-8-AGCCCATGCTGGGGAT,212,0.9615,0.9615
PENN23_y1999_s048_d0,A/India/Pune-NIV24_3439/2024_H3N2,plate0_1-8-AGCCCATGCTGGGGAT,487,0.7005,0.7005
PENN23_y1999_s048_d0,A/India/Pune-NIV24_3439/2024_H3N2,plate0_1-8-AGCCCATGCTGGGGAT,1119,1.037,1
PENN23_y1999_s048_d0,A/India/Pune-NIV24_3439/2024_H3N2,plate0_1-8-AGCCCATGCTGGGGAT,2575,0.8955,0.8955
PENN23_y1999_s048_d0,A/India/Pune-NIV24_3439/2024_H3N2,plate0_1-8-AGCCCATGCTGGGGAT,5921,0.7886,0.7886
PENN23_y1999_s048_d0,A/India/Pune-NIV24_3439/2024_H3N2,plate0_1-8-AGCCCATGCTGGGGAT,1.362e+04,1.478,1
PENN23_y1999_s048_d0,A/Minnesota/97/2024_H3N2,plate0_1-8-AGCGACATCGCCCTTT,40,0.1244,0.1244
PENN23_y1999_s048_d0,A/Minnesota/97/2024_H3N2,plate0_1-8-AGCGACATCGCCCTTT,92,0.0865,0.0865
PENN23_y1999_s048_d0,A/Minnesota/97/2024_H3N2,plate0_1-8-AGCGACATCGCCCTTT,212,0.5502,0.5502
PENN23_y1999_s048_d0,A/Minnesota/97/2024_H3N2,plate0_1-8-AGCGACATCGCCCTTT,487,0.6299,0.6299
PENN23_y1999_s048_d0,A/Minnesota/97/2024_H3N2,plate0_1-8-AGCGACATCGCCCTTT,1119,0.5714,0.5714
PENN23_y1999_s048_d0,A/Minnesota/97/2024_H3N2,plate0_1-8-AGCGACATCGCCCTTT,2575,0.9188,0.9188
PENN23_y1999_s048_d0,A/Minnesota/97/2024_H3N2,plate0_1-8-AGCGACATCGCCCTTT,1.362e+04,1.014,1
PENN23_y1999_s048_d0,A/Lisboa/188/2023_H1N1,plate0_1-8-AGCTCCTGGGGTATCA,40,0.003748,0.003748
PENN23_y1999_s048_d0,A/Lisboa/188/2023_H1N1,plate0_1-8-AGCTCCTGGGGTATCA,92,0.009409,0.009409
PENN23_y1999_s048_d0,A/Lisboa/188/2023_H1N1,plate0_1-8-AGCTCCTGGGGTATCA,212,0.1356,0.1356
PENN23_y1999_s048_d0,A/Lisboa/188/2023_H1N1,plate0_1-8-AGCTCCTGGGGTATCA,487,0.3034,0.3034
PENN23_y1999_s048_d0,A/Lisboa/188/2023_H1N1,plate0_1-8-AGCTCCTGGGGTATCA,1119,0.6919,0.6919
PENN23_y1999_s048_d0,A/Lisboa/188/2023_H1N1,plate0_1-8-AGCTCCTGGGGTATCA,2575,0.6122,0.6122
PENN23_y1999_s048_d0,A/Lisboa/188/2023_H1N1,plate0_1-8-AGCTCCTGGGGTATCA,5921,1.246,1
PENN23_y1999_s048_d0,A/Lisboa/188/2023_H1N1,plate0_1-8-AGCTCCTGGGGTATCA,1.362e+04,1.071,1
PENN23_y1999_s048_d0,A/Switzerland/9715293/2013_H3N2,plate0_1-8-AGCTGAATTAAGTATG,40,0,0
PENN23_y1999_s048_d0,A/Switzerland/9715293/2013_H3N2,plate0_1-8-AGCTGAATTAAGTATG,92,0.01127,0.01127
PENN23_y1999_s048_d0,A/Switzerland/9715293/2013_H3N2,plate0_1-8-AGCTGAATTAAGTATG,212,0.1711,0.1711
PENN23_y1999_s048_d0,A/Switzerland/9715293/2013_H3N2,plate0_1-8-AGCTGAATTAAGTATG,487,0.3193,0.3193
PENN23_y1999_s048_d0,A/Switzerland/9715293/2013_H3N2,plate0_1-8-AGCTGAATTAAGTATG,1119,0.6814,0.6814
PENN23_y1999_s048_d0,A/Switzerland/9715293/2013_H3N2,plate0_1-8-AGCTGAATTAAGTATG,2575,1.945,1
PENN23_y1999_s048_d0,A/Switzerland/9715293/2013_H3N2,plate0_1-8-AGCTGAATTAAGTATG,5921,0.7966,0.7966
PENN23_y1999_s048_d0,A/Switzerland/9715293/2013_H3N2,plate0_1-8-AGCTGAATTAAGTATG,1.362e+04,1.504,1
PENN23_y1999_s048_d0,A/Wisconsin/67/2022_H1N1,plate0_1-8-AGGAAAGAAACTGGAG,40,0.01068,0.01068
PENN23_y1999_s048_d0,A/Wisconsin/67/2022_H1N1,plate0_1-8-AGGAAAGAAACTGGAG,92,0.02809,0.02809
PENN23_y1999_s048_d0,A/Wisconsin/67/2022_H1N1,plate0_1-8-AGGAAAGAAACTGGAG,212,0.1876,0.1876
PENN23_y1999_s048_d0,A/Wisconsin/67/2022_H1N1,plate0_1-8-AGGAAAGAAACTGGAG,487,0.6349,0.6349
PENN23_y1999_s048_d0,A/Wisconsin/67/2022_H1N1,plate0_1-8-AGGAAAGAAACTGGAG,1119,0.87,0.87
PENN23_y1999_s048_d0,A/Wisconsin/67/2022_H1N1,plate0_1-8-AGGAAAGAAACTGGAG,2575,0.6001,0.6001
PENN23_y1999_s048_d0,A/Wisconsin/67/2022_H1N1,plate0_1-8-AGGAAAGAAACTGGAG,5921,1.209,1
PENN23_y1999_s048_d0,A/Wisconsin/67/2022_H1N1,plate0_1-8-AGGAAAGAAACTGGAG,1.362e+04,1.661,1
PENN23_y1999_s048_d0,A/Saint-Petersburg/RII-04/2025_H1N1,plate0_1-8-AGGACTATAGTTGGCA,40,0.00201,0.00201
PENN23_y1999_s048_d0,A/Saint-Petersburg/RII-04/2025_H1N1,plate0_1-8-AGGACTATAGTTGGCA,92,0.03224,0.03224
PENN23_y1999_s048_d0,A/Saint-Petersburg/RII-04/2025_H1N1,plate0_1-8-AGGACTATAGTTGGCA,212,0.1477,0.1477
PENN23_y1999_s048_d0,A/Saint-Petersburg/RII-04/2025_H1N1,plate0_1-8-AGGACTATAGTTGGCA,487,0.4267,0.4267
PENN23_y1999_s048_d0,A/Saint-Petersburg/RII-04/2025_H1N1,plate0_1-8-AGGACTATAGTTGGCA,1119,0.7401,0.7401
PENN23_y1999_s048_d0,A/Saint-Petersburg/RII-04/2025_H1N1,plate0_1-8-AGGACTATAGTTGGCA,2575,0.6602,0.6602
PENN23_y1999_s048_d0,A/Saint-Petersburg/RII-04/2025_H1N1,plate0_1-8-AGGACTATAGTTGGCA,5921,1.033,1
PENN23_y1999_s048_d0,A/Saint-Petersburg/RII-04/2025_H1N1,plate0_1-8-AGGACTATAGTTGGCA,1.362e+04,1.275,1
PENN23_y1999_s048_d0,A/Maryland/64/2024_H1N1,plate0_1-8-AGGTGGACGGGCATGG,40,0,0
PENN23_y1999_s048_d0,A/Maryland/64/2024_H1N1,plate0_1-8-AGGTGGACGGGCATGG,92,0.03373,0.03373
PENN23_y1999_s048_d0,A/Maryland/64/2024_H1N1,plate0_1-8-AGGTGGACGGGCATGG,212,0.2134,0.2134
PENN23_y1999_s048_d0,A/Maryland/64/2024_H1N1,plate0_1-8-AGGTGGACGGGCATGG,487,0.5232,0.5232
PENN23_y1999_s048_d0,A/Maryland/64/2024_H1N1,plate0_1-8-AGGTGGACGGGCATGG,1119,0.5624,0.5624
PENN23_y1999_s048_d0,A/Maryland/64/2024_H1N1,plate0_1-8-AGGTGGACGGGCATGG,2575,0.4525,0.4525
PENN23_y1999_s048_d0,A/Maryland/64/2024_H1N1,plate0_1-8-AGGTGGACGGGCATGG,5921,0.3737,0.3737
PENN23_y1999_s048_d0,A/Maryland/64/2024_H1N1,plate0_1-8-AGGTGGACGGGCATGG,1.362e+04,0.6019,0.6019
PENN23_y1999_s048_d0,A/Uganda/UVRI_KIS6850_2024_H1N1,plate0_1-8-AGGTTCAGACTCTTGC,40,0.001527,0.001527
PENN23_y1999_s048_d0,A/Uganda/UVRI_KIS6850_2024_H1N1,plate0_1-8-AGGTTCAGACTCTTGC,92,0.02068,0.02068
PENN23_y1999_s048_d0,A/Uganda/UVRI_KIS6850_2024_H1N1,plate0_1-8-AGGTTCAGACTCTTGC,212,0.23,0.23
PENN23_y1999_s048_d0,A/Uganda/UVRI_KIS6850_2024_H1N1,plate0_1-8-AGGTTCAGACTCTTGC,487,0.5133,0.5133
PENN23_y1999_s048_d0,A/Uganda/UVRI_KIS6850_2024_H1N1,plate0_1-8-AGGTTCAGACTCTTGC,1119,0.825,0.825
PENN23_y1999_s048_d0,A/Uganda/UVRI_KIS6850_2024_H1N1,plate0_1-8-AGGTTCAGACTCTTGC,2575,0.5371,0.5371
PENN23_y1999_s048_d0,A/Uganda/UVRI_KIS6850_2024_H1N1,plate0_1-8-AGGTTCAGACTCTTGC,5921,1.11,1
PENN23_y1999_s048_d0,A/Uganda/UVRI_KIS6850_2024_H1N1,plate0_1-8-AGGTTCAGACTCTTGC,1.362e+04,1.317,1
PENN23_y1999_s048_d0,A/Hawaii/70/2019_H1N1,plate0_1-8-AGTAAACATGCATTGG,40,0,0
PENN23_y1999_s048_d0,A/Hawaii/70/2019_H1N1,plate0_1-8-AGTAAACATGCATTGG,92,0.0009867,0.0009867
PENN23_y1999_s048_d0,A/Hawaii/70/2019_H1N1,plate0_1-8-AGTAAACATGCATTGG,212,0.01512,0.01512
PENN23_y1999_s048_d0,A/Hawaii/70/2019_H1N1,plate0_1-8-AGTAAACATGCATTGG,487,0.05479,0.05479
PENN23_y1999_s048_d0,A/Hawaii/70/2019_H1N1,plate0_1-8-AGTAAACATGCATTGG,1119,0.1961,0.1961
PENN23_y1999_s048_d0,A/Hawaii/70/2019_H1N1,plate0_1-8-AGTAAACATGCATTGG,2575,0.4009,0.4009
PENN23_y1999_s048_d0,A/Hawaii/70/2019_H1N1,plate0_1-8-AGTAAACATGCATTGG,5921,0.5454,0.5454
PENN23_y1999_s048_d0,A/Hawaii/70/2019_H1N1,plate0_1-8-AGTAAACATGCATTGG,1.362e+04,1.179,1
PENN23_y1999_s048_d0,A/Wisconsin/588/2019_H1N1,plate0_1-8-AGTCCTATCCTCAAAT,40,0,0
PENN23_y1999_s048_d0,A/Wisconsin/588/2019_H1N1,plate0_1-8-AGTCCTATCCTCAAAT,92,0.0003288,0.0003288
PENN23_y1999_s048_d0,A/Wisconsin/588/2019_H1N1,plate0_1-8-AGTCCTATCCTCAAAT,212,0.002366,0.002366
PENN23_y1999_s048_d0,A/Wisconsin/588/2019_H1N1,plate0_1-8-AGTCCTATCCTCAAAT,487,0.1767,0.1767
PENN23_y1999_s048_d0,A/Wisconsin/588/2019_H1N1,plate0_1-8-AGTCCTATCCTCAAAT,1119,0.271,0.271
PENN23_y1999_s048_d0,A/Wisconsin/588/2019_H1N1,plate0_1-8-AGTCCTATCCTCAAAT,2575,0.6383,0.6383
PENN23_y1999_s048_d0,A/Wisconsin/588/2019_H1N1,plate0_1-8-AGTCCTATCCTCAAAT,5921,0.5971,0.5971
PENN23_y1999_s048_d0,A/Wisconsin/588/2019_H1N1,plate0_1-8-AGTCCTATCCTCAAAT,1.362e+04,1.023,1
PENN23_y1999_s048_d0,A/Ghana/FS-25-0256/2025_H3N2,plate0_1-8-AGTCGTTTAGATAGTT,40,0.1848,0.1848
PENN23_y1999_s048_d0,A/Ghana/FS-25-0256/2025_H3N2,plate0_1-8-AGTCGTTTAGATAGTT,92,0.3479,0.3479
PENN23_y1999_s048_d0,A/Ghana/FS-25-0256/2025_H3N2,plate0_1-8-AGTCGTTTAGATAGTT,212,0.6237,0.6237
PENN23_y1999_s048_d0,A/Ghana/FS-25-0256/2025_H3N2,plate0_1-8-AGTCGTTTAGATAGTT,487,0.4932,0.4932
PENN23_y1999_s048_d0,A/Ghana/FS-25-0256/2025_H3N2,plate0_1-8-AGTCGTTTAGATAGTT,1119,0.7583,0.7583
PENN23_y1999_s048_d0,A/Ghana/FS-25-0256/2025_H3N2,plate0_1-8-AGTCGTTTAGATAGTT,2575,0.6653,0.6653
PENN23_y1999_s048_d0,A/Ghana/FS-25-0256/2025_H3N2,plate0_1-8-AGTCGTTTAGATAGTT,5921,1.145,1
PENN23_y1999_s048_d0,A/Ghana/FS-25-0256/2025_H3N2,plate0_1-8-AGTCGTTTAGATAGTT,1.362e+04,1.316,1
PENN23_y1999_s048_d0,A/Ecuador/1385/2024_H3N2,plate0_1-8-AGTGTTGAATAGGCGA,40,0.5086,0.5086
PENN23_y1999_s048_d0,A/Ecuador/1385/2024_H3N2,plate0_1-8-AGTGTTGAATAGGCGA,92,0.4771,0.4771
PENN23_y1999_s048_d0,A/Ecuador/1385/2024_H3N2,plate0_1-8-AGTGTTGAATAGGCGA,212,0.5967,0.5967
PENN23_y1999_s048_d0,A/Ecuador/1385/2024_H3N2,plate0_1-8-AGTGTTGAATAGGCGA,487,0.7794,0.7794
PENN23_y1999_s048_d0,A/Ecuador/1385/2024_H3N2,plate0_1-8-AGTGTTGAATAGGCGA,1119,0.5439,0.5439
PENN23_y1999_s048_d0,A/Ecuador/1385/2024_H3N2,plate0_1-8-AGTGTTGAATAGGCGA,2575,0.6239,0.6239
PENN23_y1999_s048_d0,A/Ecuador/1385/2024_H3N2,plate0_1-8-AGTGTTGAATAGGCGA,5921,0.9294,0.9294
PENN23_y1999_s048_d0,A/Ecuador/1385/2024_H3N2,plate0_1-8-AGTGTTGAATAGGCGA,1.362e+04,1.049,1
PENN23_y1999_s048_d0,A/Pennsylvania/288/2024_H3N2,plate0_1-8-AGTGTTGGCTTGGTTA,40,0.2607,0.2607
PENN23_y1999_s048_d0,A/Pennsylvania/288/2024_H3N2,plate0_1-8-AGTGTTGGCTTGGTTA,92,0.5243,0.5243
PENN23_y1999_s048_d0,A/Pennsylvania/288/2024_H3N2,plate0_1-8-AGTGTTGGCTTGGTTA,212,2.03,1
PENN23_y1999_s048_d0,A/Pennsylvania/288/2024_H3N2,plate0_1-8-AGTGTTGGCTTGGTTA,487,1.393,1
PENN23_y1999_s048_d0,A/Pennsylvania/288/2024_H3N2,plate0_1-8-AGTGTTGGCTTGGTTA,1119,0.5895,0.5895
PENN23_y1999_s048_d0,A/Pennsylvania/288/2024_H3N2,plate0_1-8-AGTGTTGGCTTGGTTA,2575,0.8158,0.8158
PENN23_y1999_s048_d0,A/Pennsylvania/288/2024_H3N2,plate0_1-8-AGTGTTGGCTTGGTTA,5921,0.9024,0.9024
PENN23_y1999_s048_d0,A/Pennsylvania/288/2024_H3N2,plate0_1-8-AGTGTTGGCTTGGTTA,1.362e+04,1.397,1
PENN23_y1999_s048_d0,A/Texas/50/2012_H3N2,plate0_1-8-AGTTCCATAGGCATGG,40,0,0
PENN23_y1999_s048_d0,A/Texas/50/2012_H3N2,plate0_1-8-AGTTCCATAGGCATGG,92,0,0
PENN23_y1999_s048_d0,A/Texas/50/2012_H3N2,plate0_1-8-AGTTCCATAGGCATGG,212,0.002584,0.002584
PENN23_y1999_s048_d0,A/Texas/50/2012_H3N2,plate0_1-8-AGTTCCATAGGCATGG,487,0.05987,0.05987
PENN23_y1999_s048_d0,A/Texas/50/2012_H3N2,plate0_1-8-AGTTCCATAGGCATGG,1119,0.0112,0.0112
PENN23_y1999_s048_d0,A/Texas/50/2012_H3N2,plate0_1-8-AGTTCCATAGGCATGG,2575,0.1424,0.1424
PENN23_y1999_s048_d0,A/Texas/50/2012_H3N2,plate0_1-8-AGTTCCATAGGCATGG,5921,0.2856,0.2856
PENN23_y1999_s048_d0,A/Texas/50/2012_H3N2,plate0_1-8-AGTTCCATAGGCATGG,1.362e+04,0.6757,0.6757
PENN23_y1999_s048_d0,A/Amapa/021563-IEC/2024_H3N2,plate0_1-8-AGTTGGGGTCTCCCTT,40,0.1905,0.1905
PENN23_y1999_s048_d0,A/Amapa/021563-IEC/2024_H3N2,plate0_1-8-AGTTGGGGTCTCCCTT,92,0.6094,0.6094
PENN23_y1999_s048_d0,A/Amapa/021563-IEC/2024_H3N2,plate0_1-8-AGTTGGGGTCTCCCTT,212,0.4076,0.4076
PENN23_y1999_s048_d0,A/Amapa/021563-IEC/2024_H3N2,plate0_1-8-AGTTGGGGTCTCCCTT,487,0.5017,0.5017
PENN23_y1999_s048_d0,A/Amapa/021563-IEC/2024_H3N2,plate0_1-8-AGTTGGGGTCTCCCTT,1119,0.6786,0.6786
PENN23_y1999_s048_d0,A/Amapa/021563-IEC/2024_H3N2,plate0_1-8-AGTTGGGGTCTCCCTT,2575,1.064,1
PENN23_y1999_s048_d0,A/Amapa/021563-IEC/2024_H3N2,plate0_1-8-AGTTGGGGTCTCCCTT,5921,1.2,1
PENN23_y1999_s048_d0,A/Amapa/021563-IEC/2024_H3N2,plate0_1-8-AGTTGGGGTCTCCCTT,1.362e+04,0.9113,0.9113
PENN23_y1999_s048_d0,A/Zacapa/FLU-012/2025_H1N1,plate0_1-8-AGTTTTTATAACTTGC,40,0.001058,0.001058
PENN23_y1999_s048_d0,A/Zacapa/FLU-012/2025_H1N1,plate0_1-8-AGTTTTTATAACTTGC,92,0.205,0.205
PENN23_y1999_s048_d0,A/Zacapa/FLU-012/2025_H1N1,plate0_1-8-AGTTTTTATAACTTGC,212,0.2471,0.2471
PENN23_y1999_s048_d0,A/Zacapa/FLU-012/2025_H1N1,plate0_1-8-AGTTTTTATAACTTGC,487,0.3793,0.3793
PENN23_y1999_s048_d0,A/Zacapa/FLU-012/2025_H1N1,plate0_1-8-AGTTTTTATAACTTGC,1119,0.8227,0.8227
PENN23_y1999_s048_d0,A/Zacapa/FLU-012/2025_H1N1,plate0_1-8-AGTTTTTATAACTTGC,2575,0.9294,0.9294
PENN23_y1999_s048_d0,A/Zacapa/FLU-012/2025_H1N1,plate0_1-8-AGTTTTTATAACTTGC,5921,0.9013,0.9013
PENN23_y1999_s048_d0,A/Zacapa/FLU-012/2025_H1N1,plate0_1-8-AGTTTTTATAACTTGC,1.362e+04,0.9881,0.9881
PENN23_y1999_s048_d0,A/Cambodia/e0826360/2020egg_H3N2,plate0_1-8-ATAACGTTTGTGCAAA,40,0,0
PENN23_y1999_s048_d0,A/Cambodia/e0826360/2020egg_H3N2,plate0_1-8-ATAACGTTTGTGCAAA,92,4.709e-05,4.709e-05
PENN23_y1999_s048_d0,A/Cambodia/e0826360/2020egg_H3N2,plate0_1-8-ATAACGTTTGTGCAAA,212,0.02757,0.02757
PENN23_y1999_s048_d0,A/Cambodia/e0826360/2020egg_H3N2,plate0_1-8-ATAACGTTTGTGCAAA,487,0.05251,0.05251
PENN23_y1999_s048_d0,A/Cambodia/e0826360/2020egg_H3N2,plate0_1-8-ATAACGTTTGTGCAAA,1119,0.1394,0.1394
PENN23_y1999_s048_d0,A/Cambodia/e0826360/2020egg_H3N2,plate0_1-8-ATAACGTTTGTGCAAA,2575,0.2356,0.2356
PENN23_y1999_s048_d0,A/Cambodia/e0826360/2020egg_H3N2,plate0_1-8-ATAACGTTTGTGCAAA,5921,1.872,1
PENN23_y1999_s048_d0,A/Cambodia/e0826360/2020egg_H3N2,plate0_1-8-ATAACGTTTGTGCAAA,1.362e+04,1.267,1
PENN23_y1999_s048_d0,A/Bangkok/P176/2025_H1N1,plate0_1-8-ATAACTGAGGGCATTG,40,0.0169,0.0169
PENN23_y1999_s048_d0,A/Bangkok/P176/2025_H1N1,plate0_1-8-ATAACTGAGGGCATTG,92,0.2186,0.2186
PENN23_y1999_s048_d0,A/Bangkok/P176/2025_H1N1,plate0_1-8-ATAACTGAGGGCATTG,212,0.8484,0.8484
PENN23_y1999_s048_d0,A/Bangkok/P176/2025_H1N1,plate0_1-8-ATAACTGAGGGCATTG,487,0.7136,0.7136
PENN23_y1999_s048_d0,A/Bangkok/P176/2025_H1N1,plate0_1-8-ATAACTGAGGGCATTG,1119,0.7288,0.7288
PENN23_y1999_s048_d0,A/Bangkok/P176/2025_H1N1,plate0_1-8-ATAACTGAGGGCATTG,2575,0.8068,0.8068
PENN23_y1999_s048_d0,A/Bangkok/P176/2025_H1N1,plate0_1-8-ATAACTGAGGGCATTG,5921,0.8884,0.8884
PENN23_y1999_s048_d0,A/Bangkok/P176/2025_H1N1,plate0_1-8-ATAACTGAGGGCATTG,1.362e+04,1.134,1
PENN23_y1999_s048_d0,A/Shanghai-Huangpu/SWL12109/2024_H1N1,plate0_1-8-ATACACGAGGTTGTGA,40,0.001619,0.001619
PENN23_y1999_s048_d0,A/Shanghai-Huangpu/SWL12109/2024_H1N1,plate0_1-8-ATACACGAGGTTGTGA,92,0.02408,0.02408
PENN23_y1999_s048_d0,A/Shanghai-Huangpu/SWL12109/2024_H1N1,plate0_1-8-ATACACGAGGTTGTGA,212,0.09128,0.09128
PENN23_y1999_s048_d0,A/Shanghai-Huangpu/SWL12109/2024_H1N1,plate0_1-8-ATACACGAGGTTGTGA,487,0.3359,0.3359
PENN23_y1999_s048_d0,A/Shanghai-Huangpu/SWL12109/2024_H1N1,plate0_1-8-ATACACGAGGTTGTGA,1119,0.6989,0.6989
PENN23_y1999_s048_d0,A/Shanghai-Huangpu/SWL12109/2024_H1N1,plate0_1-8-ATACACGAGGTTGTGA,2575,0.8399,0.8399
PENN23_y1999_s048_d0,A/Shanghai-Huangpu/SWL12109/2024_H1N1,plate0_1-8-ATACACGAGGTTGTGA,5921,1.141,1
PENN23_y1999_s048_d0,A/Shanghai-Huangpu/SWL12109/2024_H1N1,plate0_1-8-ATACACGAGGTTGTGA,1.362e+04,1.227,1
PENN23_y1999_s048_d0,A/Nevada/216/2024_H3N2,plate0_1-8-ATACACGCATGTGCCA,40,0.2344,0.2344
PENN23_y1999_s048_d0,A/Nevada/216/2024_H3N2,plate0_1-8-ATACACGCATGTGCCA,92,0.4628,0.4628
PENN23_y1999_s048_d0,A/Nevada/216/2024_H3N2,plate0_1-8-ATACACGCATGTGCCA,212,0.5795,0.5795
PENN23_y1999_s048_d0,A/Nevada/216/2024_H3N2,plate0_1-8-ATACACGCATGTGCCA,487,0.4514,0.4514
PENN23_y1999_s048_d0,A/Nevada/216/2024_H3N2,plate0_1-8-ATACACGCATGTGCCA,1119,0.583,0.583
PENN23_y1999_s048_d0,A/Nevada/216/2024_H3N2,plate0_1-8-ATACACGCATGTGCCA,2575,0.4765,0.4765
PENN23_y1999_s048_d0,A/Nevada/216/2024_H3N2,plate0_1-8-ATACACGCATGTGCCA,5921,0.7926,0.7926
PENN23_y1999_s048_d0,A/Nevada/216/2024_H3N2,plate0_1-8-ATACACGCATGTGCCA,1.362e+04,0.9235,0.9235
PENN23_y1999_s048_d0,A/Texas/50/2012X-223A_H3N2,plate0_1-8-ATAGAAAATTATCCGC,40,0,0
PENN23_y1999_s048_d0,A/Texas/50/2012X-223A_H3N2,plate0_1-8-ATAGAAAATTATCCGC,92,0.0002635,0.0002635
PENN23_y1999_s048_d0,A/Texas/50/2012X-223A_H3N2,plate0_1-8-ATAGAAAATTATCCGC,212,0,0
PENN23_y1999_s048_d0,A/Texas/50/2012X-223A_H3N2,plate0_1-8-ATAGAAAATTATCCGC,487,0.001995,0.001995
PENN23_y1999_s048_d0,A/Texas/50/2012X-223A_H3N2,plate0_1-8-ATAGAAAATTATCCGC,1119,0.001181,0.001181
PENN23_y1999_s048_d0,A/Texas/50/2012X-223A_H3N2,plate0_1-8-ATAGAAAATTATCCGC,2575,0.04489,0.04489
PENN23_y1999_s048_d0,A/Texas/50/2012X-223A_H3N2,plate0_1-8-ATAGAAAATTATCCGC,5921,0.3899,0.3899
PENN23_y1999_s048_d0,A/Texas/50/2012X-223A_H3N2,plate0_1-8-ATAGAAAATTATCCGC,1.362e+04,0.5872,0.5872
PENN23_y1999_s048_d0,A/Hawaii/70/2019_H1N1,plate0_1-8-ATAGAATCGCAAATTA,40,0,0
PENN23_y1999_s048_d0,A/Hawaii/70/2019_H1N1,plate0_1-8-ATAGAATCGCAAATTA,92,0.0002138,0.0002138
PENN23_y1999_s048_d0,A/Hawaii/70/2019_H1N1,plate0_1-8-ATAGAATCGCAAATTA,212,0.01043,0.01043
PENN23_y1999_s048_d0,A/Hawaii/70/2019_H1N1,plate0_1-8-ATAGAATCGCAAATTA,487,0.0371,0.0371
PENN23_y1999_s048_d0,A/Hawaii/70/2019_H1N1,plate0_1-8-ATAGAATCGCAAATTA,1119,0.2034,0.2034
PENN23_y1999_s048_d0,A/Hawaii/70/2019_H1N1,plate0_1-8-ATAGAATCGCAAATTA,2575,0.3734,0.3734
PENN23_y1999_s048_d0,A/Hawaii/70/2019_H1N1,plate0_1-8-ATAGAATCGCAAATTA,5921,0.5574,0.5574
PENN23_y1999_s048_d0,A/Hawaii/70/2019_H1N1,plate0_1-8-ATAGAATCGCAAATTA,1.362e+04,0.9559,0.9559
PENN23_y1999_s048_d0,A/Switzerland/9715293/2013NIB-88_H3N2,plate0_1-8-ATAGGATATATGGCTG,40,1.618e-05,1.618e-05
PENN23_y1999_s048_d0,A/Switzerland/9715293/2013NIB-88_H3N2,plate0_1-8-ATAGGATATATGGCTG,92,0,0
PENN23_y1999_s048_d0,A/Switzerland/9715293/2013NIB-88_H3N2,plate0_1-8-ATAGGATATATGGCTG,212,0.0003921,0.0003921
PENN23_y1999_s048_d0,A/Switzerland/9715293/2013NIB-88_H3N2,plate0_1-8-ATAGGATATATGGCTG,487,0.2312,0.2312
PENN23_y1999_s048_d0,A/Switzerland/9715293/2013NIB-88_H3N2,plate0_1-8-ATAGGATATATGGCTG,1119,0.5531,0.5531
PENN23_y1999_s048_d0,A/Switzerland/9715293/2013NIB-88_H3N2,plate0_1-8-ATAGGATATATGGCTG,2575,0.9337,0.9337
PENN23_y1999_s048_d0,A/Switzerland/9715293/2013NIB-88_H3N2,plate0_1-8-ATAGGATATATGGCTG,5921,0.8685,0.8685
PENN23_y1999_s048_d0,A/Switzerland/9715293/2013NIB-88_H3N2,plate0_1-8-ATAGGATATATGGCTG,1.362e+04,1.079,1
PENN23_y1999_s048_d0,A/Sydney/43/2025_H3N2,plate0_1-8-ATATAAAAAACTTAGT,40,0.3056,0.3056
PENN23_y1999_s048_d0,A/Sydney/43/2025_H3N2,plate0_1-8-ATATAAAAAACTTAGT,92,0.364,0.364
PENN23_y1999_s048_d0,A/Sydney/43/2025_H3N2,plate0_1-8-ATATAAAAAACTTAGT,212,0.6014,0.6014
PENN23_y1999_s048_d0,A/Sydney/43/2025_H3N2,plate0_1-8-ATATAAAAAACTTAGT,487,0.4937,0.4937
PENN23_y1999_s048_d0,A/Sydney/43/2025_H3N2,plate0_1-8-ATATAAAAAACTTAGT,1119,0.534,0.534
PENN23_y1999_s048_d0,A/Sydney/43/2025_H3N2,plate0_1-8-ATATAAAAAACTTAGT,2575,0.7511,0.7511
PENN23_y1999_s048_d0,A/Sydney/43/2025_H3N2,plate0_1-8-ATATAAAAAACTTAGT,5921,0.8069,0.8069
PENN23_y1999_s048_d0,A/Sydney/43/2025_H3N2,plate0_1-8-ATATAAAAAACTTAGT,1.362e+04,1.194,1
PENN23_y1999_s048_d0,A/Pakistan/306/2024_H1N1,plate0_1-8-ATCAGGATAATCGCGC,40,0.004017,0.004017
PENN23_y1999_s048_d0,A/Pakistan/306/2024_H1N1,plate0_1-8-ATCAGGATAATCGCGC,92,0.02278,0.02278
PENN23_y1999_s048_d0,A/Pakistan/306/2024_H1N1,plate0_1-8-ATCAGGATAATCGCGC,212,0.1855,0.1855
PENN23_y1999_s048_d0,A/Pakistan/306/2024_H1N1,plate0_1-8-ATCAGGATAATCGCGC,487,0.5959,0.5959
PENN23_y1999_s048_d0,A/Pakistan/306/2024_H1N1,plate0_1-8-ATCAGGATAATCGCGC,1119,0.6629,0.6629
PENN23_y1999_s048_d0,A/Pakistan/306/2024_H1N1,plate0_1-8-ATCAGGATAATCGCGC,2575,0.8075,0.8075
PENN23_y1999_s048_d0,A/Pakistan/306/2024_H1N1,plate0_1-8-ATCAGGATAATCGCGC,5921,0.8845,0.8845
PENN23_y1999_s048_d0,A/Pakistan/306/2024_H1N1,plate0_1-8-ATCAGGATAATCGCGC,1.362e+04,1.065,1
PENN23_y1999_s048_d0,A/Brisbane/02/2018_H1N1,plate0_1-8-ATCCGATTTAAAGGCA,40,0,0
PENN23_y1999_s048_d0,A/Brisbane/02/2018_H1N1,plate0_1-8-ATCCGATTTAAAGGCA,92,0.002816,0.002816
PENN23_y1999_s048_d0,A/Brisbane/02/2018_H1N1,plate0_1-8-ATCCGATTTAAAGGCA,212,0.00957,0.00957
PENN23_y1999_s048_d0,A/Brisbane/02/2018_H1N1,plate0_1-8-ATCCGATTTAAAGGCA,487,0.04975,0.04975
PENN23_y1999_s048_d0,A/Brisbane/02/2018_H1N1,plate0_1-8-ATCCGATTTAAAGGCA,1119,0.06097,0.06097
PENN23_y1999_s048_d0,A/Brisbane/02/2018_H1N1,plate0_1-8-ATCCGATTTAAAGGCA,2575,0.2971,0.2971
PENN23_y1999_s048_d0,A/Brisbane/02/2018_H1N1,plate0_1-8-ATCCGATTTAAAGGCA,5921,0.8796,0.8796
PENN23_y1999_s048_d0,A/Brisbane/02/2018_H1N1,plate0_1-8-ATCCGATTTAAAGGCA,1.362e+04,1.57,1
PENN23_y1999_s048_d0,A/Utah/94/2024_H3N2,plate0_1-8-ATGGCCCACGGGCATA,40,0.2295,0.2295
PENN23_y1999_s048_d0,A/Utah/94/2024_H3N2,plate0_1-8-ATGGCCCACGGGCATA,92,0.372,0.372
PENN23_y1999_s048_d0,A/Utah/94/2024_H3N2,plate0_1-8-ATGGCCCACGGGCATA,212,0.6919,0.6919
PENN23_y1999_s048_d0,A/Utah/94/2024_H3N2,plate0_1-8-ATGGCCCACGGGCATA,487,0.6515,0.6515
PENN23_y1999_s048_d0,A/Utah/94/2024_H3N2,plate0_1-8-ATGGCCCACGGGCATA,1119,0.4656,0.4656
PENN23_y1999_s048_d0,A/Utah/94/2024_H3N2,plate0_1-8-ATGGCCCACGGGCATA,2575,1.106,1
PENN23_y1999_s048_d0,A/Utah/94/2024_H3N2,plate0_1-8-ATGGCCCACGGGCATA,5921,1.093,1
PENN23_y1999_s048_d0,A/Utah/94/2024_H3N2,plate0_1-8-ATGGCCCACGGGCATA,1.362e+04,1.325,1
PENN23_y1999_s048_d0,A/Massachusetts/ISC-1679/2025_H1N1,plate0_1-8-ATGGGATTGGAGAAAC,40,0.004797,0.004797
PENN23_y1999_s048_d0,A/Massachusetts/ISC-1679/2025_H1N1,plate0_1-8-ATGGGATTGGAGAAAC,92,0.02306,0.02306
PENN23_y1999_s048_d0,A/Massachusetts/ISC-1679/2025_H1N1,plate0_1-8-ATGGGATTGGAGAAAC,212,0.2494,0.2494
PENN23_y1999_s048_d0,A/Massachusetts/ISC-1679/2025_H1N1,plate0_1-8-ATGGGATTGGAGAAAC,487,0.4102,0.4102
PENN23_y1999_s048_d0,A/Massachusetts/ISC-1679/2025_H1N1,plate0_1-8-ATGGGATTGGAGAAAC,1119,0.5037,0.5037
PENN23_y1999_s048_d0,A/Massachusetts/ISC-1679/2025_H1N1,plate0_1-8-ATGGGATTGGAGAAAC,2575,0.8155,0.8155
PENN23_y1999_s048_d0,A/Massachusetts/ISC-1679/2025_H1N1,plate0_1-8-ATGGGATTGGAGAAAC,5921,1.023,1
PENN23_y1999_s048_d0,A/Massachusetts/ISC-1679/2025_H1N1,plate0_1-8-ATGGGATTGGAGAAAC,1.362e+04,0.9928,0.9928
PENN23_y1999_s048_d0,A/Busan/277/2025_H1N1,plate0_1-8-ATGGTTTTACGTCCAT,40,0.002253,0.002253
PENN23_y1999_s048_d0,A/Busan/277/2025_H1N1,plate0_1-8-ATGGTTTTACGTCCAT,92,0.06283,0.06283
PENN23_y1999_s048_d0,A/Busan/277/2025_H1N1,plate0_1-8-ATGGTTTTACGTCCAT,212,0.5499,0.5499
PENN23_y1999_s048_d0,A/Busan/277/2025_H1N1,plate0_1-8-ATGGTTTTACGTCCAT,487,0.8937,0.8937
PENN23_y1999_s048_d0,A/Busan/277/2025_H1N1,plate0_1-8-ATGGTTTTACGTCCAT,1119,0.7122,0.7122
PENN23_y1999_s048_d0,A/Busan/277/2025_H1N1,plate0_1-8-ATGGTTTTACGTCCAT,2575,0.9765,0.9765
PENN23_y1999_s048_d0,A/Busan/277/2025_H1N1,plate0_1-8-ATGGTTTTACGTCCAT,5921,0.9643,0.9643
PENN23_y1999_s048_d0,A/Busan/277/2025_H1N1,plate0_1-8-ATGGTTTTACGTCCAT,1.362e+04,1.026,1
PENN23_y1999_s048_d0,A/Cambodia/e0826360/2020_H3N2,plate0_1-8-ATTAGATTATAACGTA,40,0.003889,0.003889
PENN23_y1999_s048_d0,A/Cambodia/e0826360/2020_H3N2,plate0_1-8-ATTAGATTATAACGTA,92,0.1339,0.1339
PENN23_y1999_s048_d0,A/Cambodia/e0826360/2020_H3N2,plate0_1-8-ATTAGATTATAACGTA,212,0.6865,0.6865
PENN23_y1999_s048_d0,A/Cambodia/e0826360/2020_H3N2,plate0_1-8-ATTAGATTATAACGTA,487,0.4616,0.4616
PENN23_y1999_s048_d0,A/Cambodia/e0826360/2020_H3N2,plate0_1-8-ATTAGATTATAACGTA,1119,0.4683,0.4683
PENN23_y1999_s048_d0,A/Cambodia/e0826360/2020_H3N2,plate0_1-8-ATTAGATTATAACGTA,2575,0.8845,0.8845
PENN23_y1999_s048_d0,A/Cambodia/e0826360/2020_H3N2,plate0_1-8-ATTAGATTATAACGTA,5921,1.78,1
PENN23_y1999_s048_d0,A/Cambodia/e0826360/2020_H3N2,plate0_1-8-ATTAGATTATAACGTA,1.362e+04,2.076,1
PENN23_y1999_s048_d0,A/Manitoba/RV04865/2024_H3N2,plate0_1-8-ATTAGGGCTACGTGAG,40,0.03445,0.03445
PENN23_y1999_s048_d0,A/Manitoba/RV04865/2024_H3N2,plate0_1-8-ATTAGGGCTACGTGAG,92,0.1451,0.1451
PENN23_y1999_s048_d0,A/Manitoba/RV04865/2024_H3N2,plate0_1-8-ATTAGGGCTACGTGAG,212,0.7261,0.7261
PENN23_y1999_s048_d0,A/Manitoba/RV04865/2024_H3N2,plate0_1-8-ATTAGGGCTACGTGAG,487,0.5676,0.5676
PENN23_y1999_s048_d0,A/Manitoba/RV04865/2024_H3N2,plate0_1-8-ATTAGGGCTACGTGAG,1119,0.4832,0.4832
PENN23_y1999_s048_d0,A/Manitoba/RV04865/2024_H3N2,plate0_1-8-ATTAGGGCTACGTGAG,2575,0.8682,0.8682
PENN23_y1999_s048_d0,A/Manitoba/RV04865/2024_H3N2,plate0_1-8-ATTAGGGCTACGTGAG,5921,1.185,1
PENN23_y1999_s048_d0,A/Manitoba/RV04865/2024_H3N2,plate0_1-8-ATTAGGGCTACGTGAG,1.362e+04,0.8669,0.8669
PENN23_y1999_s048_d0,A/Utah/87/2024_H3N2,plate0_1-8-ATTCCGAATGGGGTAG,40,0.2296,0.2296
PENN23_y1999_s048_d0,A/Utah/87/2024_H3N2,plate0_1-8-ATTCCGAATGGGGTAG,92,0.6977,0.6977
PENN23_y1999_s048_d0,A/Utah/87/2024_H3N2,plate0_1-8-ATTCCGAATGGGGTAG,212,0.6337,0.6337
PENN23_y1999_s048_d0,A/Utah/87/2024_H3N2,plate0_1-8-ATTCCGAATGGGGTAG,487,0.5069,0.5069
PENN23_y1999_s048_d0,A/Utah/87/2024_H3N2,plate0_1-8-ATTCCGAATGGGGTAG,1119,0.68,0.68
PENN23_y1999_s048_d0,A/Utah/87/2024_H3N2,plate0_1-8-ATTCCGAATGGGGTAG,2575,0.9556,0.9556
PENN23_y1999_s048_d0,A/Utah/87/2024_H3N2,plate0_1-8-ATTCCGAATGGGGTAG,5921,0.9465,0.9465
PENN23_y1999_s048_d0,A/Utah/87/2024_H3N2,plate0_1-8-ATTCCGAATGGGGTAG,1.362e+04,1.335,1
PENN23_y1999_s048_d0,A/Wisconsin/30/2025_H1N1,plate0_1-8-ATTTAAATTCGAGGAC,40,0.00176,0.00176
PENN23_y1999_s048_d0,A/Wisconsin/30/2025_H1N1,plate0_1-8-ATTTAAATTCGAGGAC,92,0.02216,0.02216
PENN23_y1999_s048_d0,A/Wisconsin/30/2025_H1N1,plate0_1-8-ATTTAAATTCGAGGAC,212,0.1988,0.1988
PENN23_y1999_s048_d0,A/Wisconsin/30/2025_H1N1,plate0_1-8-ATTTAAATTCGAGGAC,487,0.4934,0.4934
PENN23_y1999_s048_d0,A/Wisconsin/30/2025_H1N1,plate0_1-8-ATTTAAATTCGAGGAC,1119,0.6113,0.6113
PENN23_y1999_s048_d0,A/Wisconsin/30/2025_H1N1,plate0_1-8-ATTTAAATTCGAGGAC,2575,0.6579,0.6579
PENN23_y1999_s048_d0,A/Wisconsin/30/2025_H1N1,plate0_1-8-ATTTAAATTCGAGGAC,5921,0.8338,0.8338
PENN23_y1999_s048_d0,A/Wisconsin/30/2025_H1N1,plate0_1-8-ATTTAAATTCGAGGAC,1.362e+04,1.056,1
PENN23_y1999_s048_d0,A/HongKong/4801/2014egg_H3N2,plate0_1-8-ATTTACTCATTATACG,40,0.001509,0.001509
PENN23_y1999_s048_d0,A/HongKong/4801/2014egg_H3N2,plate0_1-8-ATTTACTCATTATACG,92,0,0
PENN23_y1999_s048_d0,A/HongKong/4801/2014egg_H3N2,plate0_1-8-ATTTACTCATTATACG,212,0.002709,0.002709
PENN23_y1999_s048_d0,A/HongKong/4801/2014egg_H3N2,plate0_1-8-ATTTACTCATTATACG,487,0.01736,0.01736
PENN23_y1999_s048_d0,A/HongKong/4801/2014egg_H3N2,plate0_1-8-ATTTACTCATTATACG,1119,0.003161,0.003161
PENN23_y1999_s048_d0,A/HongKong/4801/2014egg_H3N2,plate0_1-8-ATTTACTCATTATACG,2575,0.2885,0.2885
PENN23_y1999_s048_d0,A/HongKong/4801/2014egg_H3N2,plate0_1-8-ATTTACTCATTATACG,5921,0.3356,0.3356
PENN23_y1999_s048_d0,A/HongKong/4801/2014egg_H3N2,plate0_1-8-ATTTACTCATTATACG,1.362e+04,0.959,0.959
PENN23_y1999_s048_d0,A/HongKong/4801/2014_H3N2,plate0_1-8-ATTTTTCTATGGCTAC,40,0,0
PENN23_y1999_s048_d0,A/HongKong/4801/2014_H3N2,plate0_1-8-ATTTTTCTATGGCTAC,92,0.01717,0.01717
PENN23_y1999_s048_d0,A/HongKong/4801/2014_H3N2,plate0_1-8-ATTTTTCTATGGCTAC,212,0.255,0.255
PENN23_y1999_s048_d0,A/HongKong/4801/2014_H3N2,plate0_1-8-ATTTTTCTATGGCTAC,487,0.3009,0.3009
PENN23_y1999_s048_d0,A/HongKong/4801/2014_H3N2,plate0_1-8-ATTTTTCTATGGCTAC,1119,0.562,0.562
PENN23_y1999_s048_d0,A/HongKong/4801/2014_H3N2,plate0_1-8-ATTTTTCTATGGCTAC,2575,0.793,0.793
PENN23_y1999_s048_d0,A/HongKong/4801/2014_H3N2,plate0_1-8-ATTTTTCTATGGCTAC,5921,1.215,1
PENN23_y1999_s048_d0,A/HongKong/4801/2014_H3N2,plate0_1-8-ATTTTTCTATGGCTAC,1.362e+04,1.474,1
PENN23_y1999_s048_d0,A/Darwin/9/2021_H3N2,plate0_1-8-CAAAAGCAGCACGATA,40,0.01815,0.01815
PENN23_y1999_s048_d0,A/Darwin/9/2021_H3N2,plate0_1-8-CAAAAGCAGCACGATA,92,0.0869,0.0869
PENN23_y1999_s048_d0,A/Darwin/9/2021_H3N2,plate0_1-8-CAAAAGCAGCACGATA,212,0.3222,0.3222
PENN23_y1999_s048_d0,A/Darwin/9/2021_H3N2,plate0_1-8-CAAAAGCAGCACGATA,487,0.3011,0.3011
PENN23_y1999_s048_d0,A/Darwin/9/2021_H3N2,plate0_1-8-CAAAAGCAGCACGATA,1119,0.2488,0.2488
PENN23_y1999_s048_d0,A/Darwin/9/2021_H3N2,plate0_1-8-CAAAAGCAGCACGATA,2575,0.6003,0.6003
PENN23_y1999_s048_d0,A/Darwin/9/2021_H3N2,plate0_1-8-CAAAAGCAGCACGATA,5921,0.602,0.602
PENN23_y1999_s048_d0,A/Darwin/9/2021_H3N2,plate0_1-8-CAAAAGCAGCACGATA,1.362e+04,1.147,1
PENN23_y1999_s048_d0,A/France/BRE-IPP01880/2025_H3N2,plate0_1-8-CAAAATCTACGGCGAC,40,0.159,0.159
PENN23_y1999_s048_d0,A/France/BRE-IPP01880/2025_H3N2,plate0_1-8-CAAAATCTACGGCGAC,92,0.6174,0.6174
PENN23_y1999_s048_d0,A/France/BRE-IPP01880/2025_H3N2,plate0_1-8-CAAAATCTACGGCGAC,212,0.441,0.441
PENN23_y1999_s048_d0,A/France/BRE-IPP01880/2025_H3N2,plate0_1-8-CAAAATCTACGGCGAC,487,0.538,0.538
PENN23_y1999_s048_d0,A/France/BRE-IPP01880/2025_H3N2,plate0_1-8-CAAAATCTACGGCGAC,1119,0.8734,0.8734
PENN23_y1999_s048_d0,A/France/BRE-IPP01880/2025_H3N2,plate0_1-8-CAAAATCTACGGCGAC,2575,0.7343,0.7343
PENN23_y1999_s048_d0,A/France/BRE-IPP01880/2025_H3N2,plate0_1-8-CAAAATCTACGGCGAC,5921,0.8533,0.8533
PENN23_y1999_s048_d0,A/France/BRE-IPP01880/2025_H3N2,plate0_1-8-CAAAATCTACGGCGAC,1.362e+04,1.029,1
PENN23_y1999_s048_d0,A/Saskatchewan/RV04835/2024_H3N2,plate0_1-8-CAAATGCTGCATTAGG,40,0.3234,0.3234
PENN23_y1999_s048_d0,A/Saskatchewan/RV04835/2024_H3N2,plate0_1-8-CAAATGCTGCATTAGG,92,0.3189,0.3189
PENN23_y1999_s048_d0,A/Saskatchewan/RV04835/2024_H3N2,plate0_1-8-CAAATGCTGCATTAGG,212,0.4932,0.4932
PENN23_y1999_s048_d0,A/Saskatchewan/RV04835/2024_H3N2,plate0_1-8-CAAATGCTGCATTAGG,487,0.6968,0.6968
PENN23_y1999_s048_d0,A/Saskatchewan/RV04835/2024_H3N2,plate0_1-8-CAAATGCTGCATTAGG,1119,0.6405,0.6405
PENN23_y1999_s048_d0,A/Saskatchewan/RV04835/2024_H3N2,plate0_1-8-CAAATGCTGCATTAGG,2575,0.7332,0.7332
PENN23_y1999_s048_d0,A/Saskatchewan/RV04835/2024_H3N2,plate0_1-8-CAAATGCTGCATTAGG,5921,0.8342,0.8342
PENN23_y1999_s048_d0,A/Saskatchewan/RV04835/2024_H3N2,plate0_1-8-CAAATGCTGCATTAGG,1.362e+04,0.9108,0.9108
PENN23_y1999_s048_d0,A/Darwin/6/2021_H3N2,plate0_1-8-CAATTCGCCGTTCCCC,40,0.1332,0.1332
PENN23_y1999_s048_d0,A/Darwin/6/2021_H3N2,plate0_1-8-CAATTCGCCGTTCCCC,92,0.1549,0.1549
PENN23_y1999_s048_d0,A/Darwin/6/2021_H3N2,plate0_1-8-CAATTCGCCGTTCCCC,212,1.253,1
PENN23_y1999_s048_d0,A/Darwin/6/2021_H3N2,plate0_1-8-CAATTCGCCGTTCCCC,487,0.769,0.769
PENN23_y1999_s048_d0,A/Darwin/6/2021_H3N2,plate0_1-8-CAATTCGCCGTTCCCC,1119,0.3631,0.3631
PENN23_y1999_s048_d0,A/Darwin/6/2021_H3N2,plate0_1-8-CAATTCGCCGTTCCCC,2575,0.6674,0.6674
PENN23_y1999_s048_d0,A/Darwin/6/2021_H3N2,plate0_1-8-CAATTCGCCGTTCCCC,5921,0.9709,0.9709
PENN23_y1999_s048_d0,A/Darwin/6/2021_H3N2,plate0_1-8-CAATTCGCCGTTCCCC,1.362e+04,1.395,1
PENN23_y1999_s048_d0,A/HongKong/4801/2014egg_H3N2,plate0_1-8-CACAGACAATAAAAAA,40,0,0
PENN23_y1999_s048_d0,A/HongKong/4801/2014egg_H3N2,plate0_1-8-CACAGACAATAAAAAA,92,0.01269,0.01269
PENN23_y1999_s048_d0,A/HongKong/4801/2014egg_H3N2,plate0_1-8-CACAGACAATAAAAAA,212,0.007917,0.007917
PENN23_y1999_s048_d0,A/HongKong/4801/2014egg_H3N2,plate0_1-8-CACAGACAATAAAAAA,487,0.02691,0.02691
PENN23_y1999_s048_d0,A/HongKong/4801/2014egg_H3N2,plate0_1-8-CACAGACAATAAAAAA,1119,0.005686,0.005686
PENN23_y1999_s048_d0,A/HongKong/4801/2014egg_H3N2,plate0_1-8-CACAGACAATAAAAAA,2575,0.209,0.209
PENN23_y1999_s048_d0,A/HongKong/4801/2014egg_H3N2,plate0_1-8-CACAGACAATAAAAAA,5921,0.6856,0.6856
PENN23_y1999_s048_d0,A/HongKong/4801/2014egg_H3N2,plate0_1-8-CACAGACAATAAAAAA,1.362e+04,0.8663,0.8663
PENN23_y1999_s048_d0,A/Santiago/101713/2024_H1N1,plate0_1-8-CACCAATCTTCGAACT,40,0.002876,0.002876
PENN23_y1999_s048_d0,A/Santiago/101713/2024_H1N1,plate0_1-8-CACCAATCTTCGAACT,92,0.02669,0.02669
PENN23_y1999_s048_d0,A/Santiago/101713/2024_H1N1,plate0_1-8-CACCAATCTTCGAACT,212,0.1231,0.1231
PENN23_y1999_s048_d0,A/Santiago/101713/2024_H1N1,plate0_1-8-CACCAATCTTCGAACT,487,0.3817,0.3817
PENN23_y1999_s048_d0,A/Santiago/101713/2024_H1N1,plate0_1-8-CACCAATCTTCGAACT,1119,0.371,0.371
PENN23_y1999_s048_d0,A/Santiago/101713/2024_H1N1,plate0_1-8-CACCAATCTTCGAACT,2575,0.8064,0.8064
PENN23_y1999_s048_d0,A/Santiago/101713/2024_H1N1,plate0_1-8-CACCAATCTTCGAACT,5921,0.8553,0.8553
PENN23_y1999_s048_d0,A/Santiago/101713/2024_H1N1,plate0_1-8-CACCAATCTTCGAACT,1.362e+04,0.8117,0.8117
PENN23_y1999_s048_d0,A/Minnesota/97/2024_H3N2,plate0_1-8-CACCATCAGCACCTAG,40,0.1711,0.1711
PENN23_y1999_s048_d0,A/Minnesota/97/2024_H3N2,plate0_1-8-CACCATCAGCACCTAG,92,0.2801,0.2801
PENN23_y1999_s048_d0,A/Minnesota/97/2024_H3N2,plate0_1-8-CACCATCAGCACCTAG,212,0.4811,0.4811
PENN23_y1999_s048_d0,A/Minnesota/97/2024_H3N2,plate0_1-8-CACCATCAGCACCTAG,487,0.5215,0.5215
PENN23_y1999_s048_d0,A/Minnesota/97/2024_H3N2,plate0_1-8-CACCATCAGCACCTAG,1119,0.4583,0.4583
PENN23_y1999_s048_d0,A/Minnesota/97/2024_H3N2,plate0_1-8-CACCATCAGCACCTAG,2575,0.9278,0.9278
PENN23_y1999_s048_d0,A/Minnesota/97/2024_H3N2,plate0_1-8-CACCATCAGCACCTAG,5921,0.9127,0.9127
PENN23_y1999_s048_d0,A/Minnesota/97/2024_H3N2,plate0_1-8-CACCATCAGCACCTAG,1.362e+04,1.017,1
PENN23_y1999_s048_d0,A/Victoria/3482/2024_H3N2,plate0_1-8-CACCGCGCCGAGCACC,40,0.01025,0.01025
PENN23_y1999_s048_d0,A/Victoria/3482/2024_H3N2,plate0_1-8-CACCGCGCCGAGCACC,92,0.2148,0.2148
PENN23_y1999_s048_d0,A/Victoria/3482/2024_H3N2,plate0_1-8-CACCGCGCCGAGCACC,212,0.1128,0.1128
PENN23_y1999_s048_d0,A/Victoria/3482/2024_H3N2,plate0_1-8-CACCGCGCCGAGCACC,487,0.3151,0.3151
PENN23_y1999_s048_d0,A/Victoria/3482/2024_H3N2,plate0_1-8-CACCGCGCCGAGCACC,1119,0.5296,0.5296
PENN23_y1999_s048_d0,A/Victoria/3482/2024_H3N2,plate0_1-8-CACCGCGCCGAGCACC,2575,1.135,1
PENN23_y1999_s048_d0,A/Victoria/3482/2024_H3N2,plate0_1-8-CACCGCGCCGAGCACC,5921,0.6952,0.6952
PENN23_y1999_s048_d0,A/Victoria/3482/2024_H3N2,plate0_1-8-CACCGCGCCGAGCACC,1.362e+04,0.9697,0.9697
PENN23_y1999_s048_d0,A/Michigan/45/2015_H1N1,plate0_1-8-CACCTAGGATCGCACT,40,0,0
PENN23_y1999_s048_d0,A/Michigan/45/2015_H1N1,plate0_1-8-CACCTAGGATCGCACT,92,0.0009328,0.0009328
PENN23_y1999_s048_d0,A/Michigan/45/2015_H1N1,plate0_1-8-CACCTAGGATCGCACT,212,0,0
PENN23_y1999_s048_d0,A/Michigan/45/2015_H1N1,plate0_1-8-CACCTAGGATCGCACT,487,0.01511,0.01511
PENN23_y1999_s048_d0,A/Michigan/45/2015_H1N1,plate0_1-8-CACCTAGGATCGCACT,1119,0.02484,0.02484
PENN23_y1999_s048_d0,A/Michigan/45/2015_H1N1,plate0_1-8-CACCTAGGATCGCACT,2575,0.2895,0.2895
PENN23_y1999_s048_d0,A/Michigan/45/2015_H1N1,plate0_1-8-CACCTAGGATCGCACT,5921,0.842,0.842
PENN23_y1999_s048_d0,A/Michigan/45/2015_H1N1,plate0_1-8-CACCTAGGATCGCACT,1.362e+04,0.9426,0.9426
PENN23_y1999_s048_d0,A/Ohio/259/2024_H1N1,plate0_1-8-CACGGCCGGCGAACTC,40,0.001264,0.001264
PENN23_y1999_s048_d0,A/Ohio/259/2024_H1N1,plate0_1-8-CACGGCCGGCGAACTC,92,0.07966,0.07966
PENN23_y1999_s048_d0,A/Ohio/259/2024_H1N1,plate0_1-8-CACGGCCGGCGAACTC,212,0.2622,0.2622
PENN23_y1999_s048_d0,A/Ohio/259/2024_H1N1,plate0_1-8-CACGGCCGGCGAACTC,487,0.583,0.583
PENN23_y1999_s048_d0,A/Ohio/259/2024_H1N1,plate0_1-8-CACGGCCGGCGAACTC,1119,0.7479,0.7479
PENN23_y1999_s048_d0,A/Ohio/259/2024_H1N1,plate0_1-8-CACGGCCGGCGAACTC,2575,0.857,0.857
PENN23_y1999_s048_d0,A/Ohio/259/2024_H1N1,plate0_1-8-CACGGCCGGCGAACTC,5921,0.9286,0.9286
PENN23_y1999_s048_d0,A/Ohio/259/2024_H1N1,plate0_1-8-CACGGCCGGCGAACTC,1.362e+04,1.141,1
PENN23_y1999_s048_d0,A/Hawaii/ISC-1140/2025_H1N1,plate0_1-8-CACGGGCTAATGTCTC,40,0.001482,0.001482
PENN23_y1999_s048_d0,A/Hawaii/ISC-1140/2025_H1N1,plate0_1-8-CACGGGCTAATGTCTC,92,0.01338,0.01338
PENN23_y1999_s048_d0,A/Hawaii/ISC-1140/2025_H1N1,plate0_1-8-CACGGGCTAATGTCTC,212,0.2124,0.2124
PENN23_y1999_s048_d0,A/Hawaii/ISC-1140/2025_H1N1,plate0_1-8-CACGGGCTAATGTCTC,487,0.4505,0.4505
PENN23_y1999_s048_d0,A/Hawaii/ISC-1140/2025_H1N1,plate0_1-8-CACGGGCTAATGTCTC,1119,0.5137,0.5137
PENN23_y1999_s048_d0,A/Hawaii/ISC-1140/2025_H1N1,plate0_1-8-CACGGGCTAATGTCTC,2575,0.7572,0.7572
PENN23_y1999_s048_d0,A/Hawaii/ISC-1140/2025_H1N1,plate0_1-8-CACGGGCTAATGTCTC,5921,0.8001,0.8001
PENN23_y1999_s048_d0,A/Hawaii/ISC-1140/2025_H1N1,plate0_1-8-CACGGGCTAATGTCTC,1.362e+04,0.8734,0.8734
PENN23_y1999_s048_d0,A/Santiago/101713/2024_H1N1,plate0_1-8-CACTAGATGTACAGTC,40,0.005266,0.005266
PENN23_y1999_s048_d0,A/Santiago/101713/2024_H1N1,plate0_1-8-CACTAGATGTACAGTC,92,0.01575,0.01575
PENN23_y1999_s048_d0,A/Santiago/101713/2024_H1N1,plate0_1-8-CACTAGATGTACAGTC,212,0.1434,0.1434
PENN23_y1999_s048_d0,A/Santiago/101713/2024_H1N1,plate0_1-8-CACTAGATGTACAGTC,487,0.3686,0.3686
PENN23_y1999_s048_d0,A/Santiago/101713/2024_H1N1,plate0_1-8-CACTAGATGTACAGTC,1119,0.4913,0.4913
PENN23_y1999_s048_d0,A/Santiago/101713/2024_H1N1,plate0_1-8-CACTAGATGTACAGTC,2575,0.8031,0.8031
PENN23_y1999_s048_d0,A/Santiago/101713/2024_H1N1,plate0_1-8-CACTAGATGTACAGTC,5921,0.9035,0.9035
PENN23_y1999_s048_d0,A/Santiago/101713/2024_H1N1,plate0_1-8-CACTAGATGTACAGTC,1.362e+04,1.13,1
PENN23_y1999_s048_d0,A/Singapore/INFIMH-16-0019/2016X-307A_H3N2,plate0_1-8-CAGATAGTGATGAACA,40,0,0
PENN23_y1999_s048_d0,A/Singapore/INFIMH-16-0019/2016X-307A_H3N2,plate0_1-8-CAGATAGTGATGAACA,92,0,0
PENN23_y1999_s048_d0,A/Singapore/INFIMH-16-0019/2016X-307A_H3N2,plate0_1-8-CAGATAGTGATGAACA,212,0.0002693,0.0002693
PENN23_y1999_s048_d0,A/Singapore/INFIMH-16-0019/2016X-307A_H3N2,plate0_1-8-CAGATAGTGATGAACA,487,0.007649,0.007649
PENN23_y1999_s048_d0,A/Singapore/INFIMH-16-0019/2016X-307A_H3N2,plate0_1-8-CAGATAGTGATGAACA,1119,0.04275,0.04275
PENN23_y1999_s048_d0,A/Singapore/INFIMH-16-0019/2016X-307A_H3N2,plate0_1-8-CAGATAGTGATGAACA,2575,0.2575,0.2575
PENN23_y1999_s048_d0,A/Singapore/INFIMH-16-0019/2016X-307A_H3N2,plate0_1-8-CAGATAGTGATGAACA,5921,0.1868,0.1868
PENN23_y1999_s048_d0,A/Singapore/INFIMH-16-0019/2016X-307A_H3N2,plate0_1-8-CAGATAGTGATGAACA,1.362e+04,0.365,0.365
PENN23_y1999_s048_d0,A/Thailand/8/2022_H3N2,plate0_1-8-CATAAAAGACTGTATA,40,0.02336,0.02336
PENN23_y1999_s048_d0,A/Thailand/8/2022_H3N2,plate0_1-8-CATAAAAGACTGTATA,92,0.1961,0.1961
PENN23_y1999_s048_d0,A/Thailand/8/2022_H3N2,plate0_1-8-CATAAAAGACTGTATA,212,0.3243,0.3243
PENN23_y1999_s048_d0,A/Thailand/8/2022_H3N2,plate0_1-8-CATAAAAGACTGTATA,487,0.1378,0.1378
PENN23_y1999_s048_d0,A/Thailand/8/2022_H3N2,plate0_1-8-CATAAAAGACTGTATA,1119,0.2944,0.2944
PENN23_y1999_s048_d0,A/Thailand/8/2022_H3N2,plate0_1-8-CATAAAAGACTGTATA,2575,0.3392,0.3392
PENN23_y1999_s048_d0,A/Thailand/8/2022_H3N2,plate0_1-8-CATAAAAGACTGTATA,5921,0.7658,0.7658
PENN23_y1999_s048_d0,A/Thailand/8/2022_H3N2,plate0_1-8-CATAAAAGACTGTATA,1.362e+04,0.6353,0.6353
PENN23_y1999_s048_d0,A/Texas/ISC-1274/2025_H3N2,plate0_1-8-CATGGGAATTGCCACT,40,0.3721,0.3721
PENN23_y1999_s048_d0,A/Texas/ISC-1274/2025_H3N2,plate0_1-8-CATGGGAATTGCCACT,92,0.3148,0.3148
PENN23_y1999_s048_d0,A/Texas/ISC-1274/2025_H3N2,plate0_1-8-CATGGGAATTGCCACT,212,0.5986,0.5986
PENN23_y1999_s048_d0,A/Texas/ISC-1274/2025_H3N2,plate0_1-8-CATGGGAATTGCCACT,487,0.3278,0.3278
PENN23_y1999_s048_d0,A/Texas/ISC-1274/2025_H3N2,plate0_1-8-CATGGGAATTGCCACT,1119,0.5556,0.5556
PENN23_y1999_s048_d0,A/Texas/ISC-1274/2025_H3N2,plate0_1-8-CATGGGAATTGCCACT,2575,0.6836,0.6836
PENN23_y1999_s048_d0,A/Texas/ISC-1274/2025_H3N2,plate0_1-8-CATGGGAATTGCCACT,5921,1.546,1
PENN23_y1999_s048_d0,A/Texas/ISC-1274/2025_H3N2,plate0_1-8-CATGGGAATTGCCACT,1.362e+04,1.233,1
PENN23_y1999_s048_d0,A/California/07/2009_H1N1,plate0_1-8-CATGTGAATTCGCCCA,40,0,0
PENN23_y1999_s048_d0,A/California/07/2009_H1N1,plate0_1-8-CATGTGAATTCGCCCA,92,0,0
PENN23_y1999_s048_d0,A/California/07/2009_H1N1,plate0_1-8-CATGTGAATTCGCCCA,212,0,0
PENN23_y1999_s048_d0,A/California/07/2009_H1N1,plate0_1-8-CATGTGAATTCGCCCA,487,0.0198,0.0198
PENN23_y1999_s048_d0,A/California/07/2009_H1N1,plate0_1-8-CATGTGAATTCGCCCA,1119,0.05663,0.05663
PENN23_y1999_s048_d0,A/California/07/2009_H1N1,plate0_1-8-CATGTGAATTCGCCCA,2575,0.1534,0.1534
PENN23_y1999_s048_d0,A/California/07/2009_H1N1,plate0_1-8-CATGTGAATTCGCCCA,5921,0.2356,0.2356
PENN23_y1999_s048_d0,A/California/07/2009_H1N1,plate0_1-8-CATGTGAATTCGCCCA,1.362e+04,1.591,1
PENN23_y1999_s048_d0,A/Rhode_Island/66/2024_H3N2,plate0_1-8-CATGTGGAGCCCAACA,40,0.2346,0.2346
PENN23_y1999_s048_d0,A/Rhode_Island/66/2024_H3N2,plate0_1-8-CATGTGGAGCCCAACA,92,0.3846,0.3846
PENN23_y1999_s048_d0,A/Rhode_Island/66/2024_H3N2,plate0_1-8-CATGTGGAGCCCAACA,212,0.4736,0.4736
PENN23_y1999_s048_d0,A/Rhode_Island/66/2024_H3N2,plate0_1-8-CATGTGGAGCCCAACA,487,0.5715,0.5715
PENN23_y1999_s048_d0,A/Rhode_Island/66/2024_H3N2,plate0_1-8-CATGTGGAGCCCAACA,1119,0.9416,0.9416
PENN23_y1999_s048_d0,A/Rhode_Island/66/2024_H3N2,plate0_1-8-CATGTGGAGCCCAACA,2575,0.7735,0.7735
PENN23_y1999_s048_d0,A/Rhode_Island/66/2024_H3N2,plate0_1-8-CATGTGGAGCCCAACA,5921,1.082,1
PENN23_y1999_s048_d0,A/Rhode_Island/66/2024_H3N2,plate0_1-8-CATGTGGAGCCCAACA,1.362e+04,0.8713,0.8713
PENN23_y1999_s048_d0,A/Qatar/83328/2024_H1N1,plate0_1-8-CATTGAGACGCGCAAG,40,0.003914,0.003914
PENN23_y1999_s048_d0,A/Qatar/83328/2024_H1N1,plate0_1-8-CATTGAGACGCGCAAG,92,0.02481,0.02481
PENN23_y1999_s048_d0,A/Qatar/83328/2024_H1N1,plate0_1-8-CATTGAGACGCGCAAG,212,0.1706,0.1706
PENN23_y1999_s048_d0,A/Qatar/83328/2024_H1N1,plate0_1-8-CATTGAGACGCGCAAG,487,0.3508,0.3508
PENN23_y1999_s048_d0,A/Qatar/83328/2024_H1N1,plate0_1-8-CATTGAGACGCGCAAG,1119,0.5333,0.5333
PENN23_y1999_s048_d0,A/Qatar/83328/2024_H1N1,plate0_1-8-CATTGAGACGCGCAAG,2575,0.7105,0.7105
PENN23_y1999_s048_d0,A/Qatar/83328/2024_H1N1,plate0_1-8-CATTGAGACGCGCAAG,5921,0.9929,0.9929
PENN23_y1999_s048_d0,A/Qatar/83328/2024_H1N1,plate0_1-8-CATTGAGACGCGCAAG,1.362e+04,1.155,1
PENN23_y1999_s048_d0,A/Massachusetts/18/2022_H3N2,plate0_1-8-CATTTCTGATGAATTG,40,0.008811,0.008811
PENN23_y1999_s048_d0,A/Massachusetts/18/2022_H3N2,plate0_1-8-CATTTCTGATGAATTG,92,0.08973,0.08973
PENN23_y1999_s048_d0,A/Massachusetts/18/2022_H3N2,plate0_1-8-CATTTCTGATGAATTG,212,0.1734,0.1734
PENN23_y1999_s048_d0,A/Massachusetts/18/2022_H3N2,plate0_1-8-CATTTCTGATGAATTG,487,0.3218,0.3218
PENN23_y1999_s048_d0,A/Massachusetts/18/2022_H3N2,plate0_1-8-CATTTCTGATGAATTG,1119,0.5356,0.5356
PENN23_y1999_s048_d0,A/Massachusetts/18/2022_H3N2,plate0_1-8-CATTTCTGATGAATTG,2575,0.6788,0.6788
PENN23_y1999_s048_d0,A/Massachusetts/18/2022_H3N2,plate0_1-8-CATTTCTGATGAATTG,5921,0.771,0.771
PENN23_y1999_s048_d0,A/Massachusetts/18/2022_H3N2,plate0_1-8-CATTTCTGATGAATTG,1.362e+04,1.341,1
PENN23_y1999_s048_d0,A/Michigan/120/2024_H3N2,plate0_1-8-CCAACACAAAAAATTA,40,0.2083,0.2083
PENN23_y1999_s048_d0,A/Michigan/120/2024_H3N2,plate0_1-8-CCAACACAAAAAATTA,92,0.6656,0.6656
PENN23_y1999_s048_d0,A/Michigan/120/2024_H3N2,plate0_1-8-CCAACACAAAAAATTA,212,0.4277,0.4277
PENN23_y1999_s048_d0,A/Michigan/120/2024_H3N2,plate0_1-8-CCAACACAAAAAATTA,487,0.4595,0.4595
PENN23_y1999_s048_d0,A/Michigan/120/2024_H3N2,plate0_1-8-CCAACACAAAAAATTA,1119,0.6045,0.6045
PENN23_y1999_s048_d0,A/Michigan/120/2024_H3N2,plate0_1-8-CCAACACAAAAAATTA,2575,0.9943,0.9943
PENN23_y1999_s048_d0,A/Michigan/120/2024_H3N2,plate0_1-8-CCAACACAAAAAATTA,5921,1.022,1
PENN23_y1999_s048_d0,A/Michigan/120/2024_H3N2,plate0_1-8-CCAACACAAAAAATTA,1.362e+04,2.144,1
PENN23_y1999_s048_d0,A/Minnesota/131/2024_H1N1,plate0_1-8-CCAAGCTTGGCGCATC,40,0.001993,0.001993
PENN23_y1999_s048_d0,A/Minnesota/131/2024_H1N1,plate0_1-8-CCAAGCTTGGCGCATC,92,0.03421,0.03421
PENN23_y1999_s048_d0,A/Minnesota/131/2024_H1N1,plate0_1-8-CCAAGCTTGGCGCATC,212,0.2906,0.2906
PENN23_y1999_s048_d0,A/Minnesota/131/2024_H1N1,plate0_1-8-CCAAGCTTGGCGCATC,487,0.4157,0.4157
PENN23_y1999_s048_d0,A/Minnesota/131/2024_H1N1,plate0_1-8-CCAAGCTTGGCGCATC,1119,0.5287,0.5287
PENN23_y1999_s048_d0,A/Minnesota/131/2024_H1N1,plate0_1-8-CCAAGCTTGGCGCATC,2575,1.017,1
PENN23_y1999_s048_d0,A/Minnesota/131/2024_H1N1,plate0_1-8-CCAAGCTTGGCGCATC,5921,0.9633,0.9633
PENN23_y1999_s048_d0,A/Minnesota/131/2024_H1N1,plate0_1-8-CCAAGCTTGGCGCATC,1.362e+04,1.088,1
PENN23_y1999_s048_d0,A/Washington/284/2024_H3N2,plate0_1-8-CCCCCGCTGTTTAAAA,40,0.2116,0.2116
PENN23_y1999_s048_d0,A/Washington/284/2024_H3N2,plate0_1-8-CCCCCGCTGTTTAAAA,92,0.1724,0.1724
PENN23_y1999_s048_d0,A/Washington/284/2024_H3N2,plate0_1-8-CCCCCGCTGTTTAAAA,212,0.5077,0.5077
PENN23_y1999_s048_d0,A/Washington/284/2024_H3N2,plate0_1-8-CCCCCGCTGTTTAAAA,487,0.4406,0.4406
PENN23_y1999_s048_d0,A/Washington/284/2024_H3N2,plate0_1-8-CCCCCGCTGTTTAAAA,1119,0.3961,0.3961
PENN23_y1999_s048_d0,A/Washington/284/2024_H3N2,plate0_1-8-CCCCCGCTGTTTAAAA,2575,0.5152,0.5152
PENN23_y1999_s048_d0,A/Washington/284/2024_H3N2,plate0_1-8-CCCCCGCTGTTTAAAA,5921,0.9393,0.9393
PENN23_y1999_s048_d0,A/Washington/284/2024_H3N2,plate0_1-8-CCCCCGCTGTTTAAAA,1.362e+04,0.8552,0.8552
PENN23_y1999_s048_d0,A/Switzerland/9715293/2013NIB-88_H3N2,plate0_1-8-CCCTCCTCAAGGGTAA,40,0,0
PENN23_y1999_s048_d0,A/Switzerland/9715293/2013NIB-88_H3N2,plate0_1-8-CCCTCCTCAAGGGTAA,92,0,0
PENN23_y1999_s048_d0,A/Switzerland/9715293/2013NIB-88_H3N2,plate0_1-8-CCCTCCTCAAGGGTAA,212,0,0
PENN23_y1999_s048_d0,A/Switzerland/9715293/2013NIB-88_H3N2,plate0_1-8-CCCTCCTCAAGGGTAA,487,0.04271,0.04271
PENN23_y1999_s048_d0,A/Switzerland/9715293/2013NIB-88_H3N2,plate0_1-8-CCCTCCTCAAGGGTAA,1119,0.1448,0.1448
PENN23_y1999_s048_d0,A/Switzerland/9715293/2013NIB-88_H3N2,plate0_1-8-CCCTCCTCAAGGGTAA,2575,1.613,1
PENN23_y1999_s048_d0,A/Switzerland/9715293/2013NIB-88_H3N2,plate0_1-8-CCCTCCTCAAGGGTAA,5921,0.5156,0.5156
PENN23_y1999_s048_d0,A/Switzerland/9715293/2013NIB-88_H3N2,plate0_1-8-CCCTCCTCAAGGGTAA,1.362e+04,0.5791,0.5791
PENN23_y1999_s048_d0,A/Busan/461/2025_H3N2,plate0_1-8-CCCTGCGCGGCTCGGG,40,0.3433,0.3433
PENN23_y1999_s048_d0,A/Busan/461/2025_H3N2,plate0_1-8-CCCTGCGCGGCTCGGG,92,0.4382,0.4382
PENN23_y1999_s048_d0,A/Busan/461/2025_H3N2,plate0_1-8-CCCTGCGCGGCTCGGG,212,0.5534,0.5534
PENN23_y1999_s048_d0,A/Busan/461/2025_H3N2,plate0_1-8-CCCTGCGCGGCTCGGG,487,0.4368,0.4368
PENN23_y1999_s048_d0,A/Busan/461/2025_H3N2,plate0_1-8-CCCTGCGCGGCTCGGG,1119,0.6393,0.6393
PENN23_y1999_s048_d0,A/Busan/461/2025_H3N2,plate0_1-8-CCCTGCGCGGCTCGGG,2575,0.7896,0.7896
PENN23_y1999_s048_d0,A/Busan/461/2025_H3N2,plate0_1-8-CCCTGCGCGGCTCGGG,5921,1.029,1
PENN23_y1999_s048_d0,A/Busan/461/2025_H3N2,plate0_1-8-CCCTGCGCGGCTCGGG,1.362e+04,0.9136,0.9136
PENN23_y1999_s048_d0,A/Maldives/2147/2024_H3N2,plate0_1-8-CCGCGCACGTTTAGAG,40,0.2303,0.2303
PENN23_y1999_s048_d0,A/Maldives/2147/2024_H3N2,plate0_1-8-CCGCGCACGTTTAGAG,92,0.2557,0.2557
PENN23_y1999_s048_d0,A/Maldives/2147/2024_H3N2,plate0_1-8-CCGCGCACGTTTAGAG,212,0.6071,0.6071
PENN23_y1999_s048_d0,A/Maldives/2147/2024_H3N2,plate0_1-8-CCGCGCACGTTTAGAG,487,0.9136,0.9136
PENN23_y1999_s048_d0,A/Maldives/2147/2024_H3N2,plate0_1-8-CCGCGCACGTTTAGAG,1119,0.7743,0.7743
PENN23_y1999_s048_d0,A/Maldives/2147/2024_H3N2,plate0_1-8-CCGCGCACGTTTAGAG,2575,0.9368,0.9368
PENN23_y1999_s048_d0,A/Maldives/2147/2024_H3N2,plate0_1-8-CCGCGCACGTTTAGAG,5921,0.6928,0.6928
PENN23_y1999_s048_d0,A/Maldives/2147/2024_H3N2,plate0_1-8-CCGCGCACGTTTAGAG,1.362e+04,0.9962,0.9962
PENN23_y1999_s048_d0,A/KANAGAWA/AC2408/2025_H1N1,plate0_1-8-CCGGATAAATCAGAAC,40,0.003863,0.003863
PENN23_y1999_s048_d0,A/KANAGAWA/AC2408/2025_H1N1,plate0_1-8-CCGGATAAATCAGAAC,92,0.1021,0.1021
PENN23_y1999_s048_d0,A/KANAGAWA/AC2408/2025_H1N1,plate0_1-8-CCGGATAAATCAGAAC,212,0.4991,0.4991
PENN23_y1999_s048_d0,A/KANAGAWA/AC2408/2025_H1N1,plate0_1-8-CCGGATAAATCAGAAC,487,0.5989,0.5989
PENN23_y1999_s048_d0,A/KANAGAWA/AC2408/2025_H1N1,plate0_1-8-CCGGATAAATCAGAAC,1119,0.8613,0.8613
PENN23_y1999_s048_d0,A/KANAGAWA/AC2408/2025_H1N1,plate0_1-8-CCGGATAAATCAGAAC,2575,0.8178,0.8178
PENN23_y1999_s048_d0,A/KANAGAWA/AC2408/2025_H1N1,plate0_1-8-CCGGATAAATCAGAAC,5921,1.028,1
PENN23_y1999_s048_d0,A/KANAGAWA/AC2408/2025_H1N1,plate0_1-8-CCGGATAAATCAGAAC,1.362e+04,1.074,1
PENN23_y1999_s048_d0,A/Washington/15245/2025_H3N2,plate0_1-8-CCTGGGTTAAGTTGTG,40,0.2318,0.2318
PENN23_y1999_s048_d0,A/Washington/15245/2025_H3N2,plate0_1-8-CCTGGGTTAAGTTGTG,92,0.7233,0.7233
PENN23_y1999_s048_d0,A/Washington/15245/2025_H3N2,plate0_1-8-CCTGGGTTAAGTTGTG,212,0.5605,0.5605
PENN23_y1999_s048_d0,A/Washington/15245/2025_H3N2,plate0_1-8-CCTGGGTTAAGTTGTG,487,0.6836,0.6836
PENN23_y1999_s048_d0,A/Washington/15245/2025_H3N2,plate0_1-8-CCTGGGTTAAGTTGTG,1119,0.4673,0.4673
PENN23_y1999_s048_d0,A/Washington/15245/2025_H3N2,plate0_1-8-CCTGGGTTAAGTTGTG,2575,0.6175,0.6175
PENN23_y1999_s048_d0,A/Washington/15245/2025_H3N2,plate0_1-8-CCTGGGTTAAGTTGTG,5921,0.8789,0.8789
PENN23_y1999_s048_d0,A/Washington/15245/2025_H3N2,plate0_1-8-CCTGGGTTAAGTTGTG,1.362e+04,0.9762,0.9762
PENN23_y1999_s048_d0,A/Vermont/13/2025_H3N2,plate0_1-8-CCTTGATGCATTCCCG,40,0.3922,0.3922
PENN23_y1999_s048_d0,A/Vermont/13/2025_H3N2,plate0_1-8-CCTTGATGCATTCCCG,92,0.4725,0.4725
PENN23_y1999_s048_d0,A/Vermont/13/2025_H3N2,plate0_1-8-CCTTGATGCATTCCCG,212,0.7253,0.7253
PENN23_y1999_s048_d0,A/Vermont/13/2025_H3N2,plate0_1-8-CCTTGATGCATTCCCG,487,0.9954,0.9954
PENN23_y1999_s048_d0,A/Vermont/13/2025_H3N2,plate0_1-8-CCTTGATGCATTCCCG,1119,0.5453,0.5453
PENN23_y1999_s048_d0,A/Vermont/13/2025_H3N2,plate0_1-8-CCTTGATGCATTCCCG,2575,0.8892,0.8892
PENN23_y1999_s048_d0,A/Vermont/13/2025_H3N2,plate0_1-8-CCTTGATGCATTCCCG,5921,0.8122,0.8122
PENN23_y1999_s048_d0,A/Vermont/13/2025_H3N2,plate0_1-8-CCTTGATGCATTCCCG,1.362e+04,0.924,0.924
PENN23_y1999_s048_d0,A/California/07/2009_H1N1,plate0_1-8-CCTTTCTCAAAACATA,40,0,0
PENN23_y1999_s048_d0,A/California/07/2009_H1N1,plate0_1-8-CCTTTCTCAAAACATA,92,0.006556,0.006556
PENN23_y1999_s048_d0,A/California/07/2009_H1N1,plate0_1-8-CCTTTCTCAAAACATA,212,0.002949,0.002949
PENN23_y1999_s048_d0,A/California/07/2009_H1N1,plate0_1-8-CCTTTCTCAAAACATA,487,0.04344,0.04344
PENN23_y1999_s048_d0,A/California/07/2009_H1N1,plate0_1-8-CCTTTCTCAAAACATA,1119,0.01285,0.01285
PENN23_y1999_s048_d0,A/California/07/2009_H1N1,plate0_1-8-CCTTTCTCAAAACATA,2575,0.1419,0.1419
PENN23_y1999_s048_d0,A/California/07/2009_H1N1,plate0_1-8-CCTTTCTCAAAACATA,5921,0.3702,0.3702
PENN23_y1999_s048_d0,A/California/07/2009_H1N1,plate0_1-8-CCTTTCTCAAAACATA,1.362e+04,0.4193,0.4193
PENN23_y1999_s048_d0,A/HongKong/2671/2019_H3N2,plate0_1-8-CGAAAACATTACAAAT,40,0.001768,0.001768
PENN23_y1999_s048_d0,A/HongKong/2671/2019_H3N2,plate0_1-8-CGAAAACATTACAAAT,92,0,0
PENN23_y1999_s048_d0,A/HongKong/2671/2019_H3N2,plate0_1-8-CGAAAACATTACAAAT,212,0.007366,0.007366
PENN23_y1999_s048_d0,A/HongKong/2671/2019_H3N2,plate0_1-8-CGAAAACATTACAAAT,487,0.001691,0.001691
PENN23_y1999_s048_d0,A/HongKong/2671/2019_H3N2,plate0_1-8-CGAAAACATTACAAAT,1119,0.03827,0.03827
PENN23_y1999_s048_d0,A/HongKong/2671/2019_H3N2,plate0_1-8-CGAAAACATTACAAAT,2575,0.8878,0.8878
PENN23_y1999_s048_d0,A/HongKong/2671/2019_H3N2,plate0_1-8-CGAAAACATTACAAAT,5921,0.4178,0.4178
PENN23_y1999_s048_d0,A/HongKong/2671/2019_H3N2,plate0_1-8-CGAAAACATTACAAAT,1.362e+04,0.7253,0.7253
PENN23_y1999_s048_d0,A/Vermont/05/2025_H1N1,plate0_1-8-CGAAACACGTCCCAGT,40,0.003525,0.003525
PENN23_y1999_s048_d0,A/Vermont/05/2025_H1N1,plate0_1-8-CGAAACACGTCCCAGT,92,0.01513,0.01513
PENN23_y1999_s048_d0,A/Vermont/05/2025_H1N1,plate0_1-8-CGAAACACGTCCCAGT,212,0.1146,0.1146
PENN23_y1999_s048_d0,A/Vermont/05/2025_H1N1,plate0_1-8-CGAAACACGTCCCAGT,487,0.3784,0.3784
PENN23_y1999_s048_d0,A/Vermont/05/2025_H1N1,plate0_1-8-CGAAACACGTCCCAGT,1119,1.335,1
PENN23_y1999_s048_d0,A/Vermont/05/2025_H1N1,plate0_1-8-CGAAACACGTCCCAGT,2575,0.7174,0.7174
PENN23_y1999_s048_d0,A/Vermont/05/2025_H1N1,plate0_1-8-CGAAACACGTCCCAGT,5921,1.109,1
PENN23_y1999_s048_d0,A/Vermont/05/2025_H1N1,plate0_1-8-CGAAACACGTCCCAGT,1.362e+04,0.9782,0.9782
PENN23_y1999_s048_d0,A/New_York/39/2025_H3N2,plate0_1-8-CGAACCGCAGACACGT,40,0.4048,0.4048
PENN23_y1999_s048_d0,A/New_York/39/2025_H3N2,plate0_1-8-CGAACCGCAGACACGT,92,0.5316,0.5316
PENN23_y1999_s048_d0,A/New_York/39/2025_H3N2,plate0_1-8-CGAACCGCAGACACGT,212,0.4304,0.4304
PENN23_y1999_s048_d0,A/New_York/39/2025_H3N2,plate0_1-8-CGAACCGCAGACACGT,487,0.7489,0.7489
PENN23_y1999_s048_d0,A/New_York/39/2025_H3N2,plate0_1-8-CGAACCGCAGACACGT,1119,0.4815,0.4815
PENN23_y1999_s048_d0,A/New_York/39/2025_H3N2,plate0_1-8-CGAACCGCAGACACGT,2575,1.03,1
PENN23_y1999_s048_d0,A/New_York/39/2025_H3N2,plate0_1-8-CGAACCGCAGACACGT,5921,1.013,1
PENN23_y1999_s048_d0,A/New_York/39/2025_H3N2,plate0_1-8-CGAACCGCAGACACGT,1.362e+04,1.319,1
PENN23_y1999_s048_d0,A/Ufa/CRIE/47/2024_H1N1,plate0_1-8-CGACTCCACGGACGCC,40,0.003305,0.003305
PENN23_y1999_s048_d0,A/Ufa/CRIE/47/2024_H1N1,plate0_1-8-CGACTCCACGGACGCC,92,0.02894,0.02894
PENN23_y1999_s048_d0,A/Ufa/CRIE/47/2024_H1N1,plate0_1-8-CGACTCCACGGACGCC,212,0.1125,0.1125
PENN23_y1999_s048_d0,A/Ufa/CRIE/47/2024_H1N1,plate0_1-8-CGACTCCACGGACGCC,487,0.3901,0.3901
PENN23_y1999_s048_d0,A/Ufa/CRIE/47/2024_H1N1,plate0_1-8-CGACTCCACGGACGCC,1119,0.7266,0.7266
PENN23_y1999_s048_d0,A/Ufa/CRIE/47/2024_H1N1,plate0_1-8-CGACTCCACGGACGCC,2575,0.7908,0.7908
PENN23_y1999_s048_d0,A/Ufa/CRIE/47/2024_H1N1,plate0_1-8-CGACTCCACGGACGCC,5921,1.123,1
PENN23_y1999_s048_d0,A/Ufa/CRIE/47/2024_H1N1,plate0_1-8-CGACTCCACGGACGCC,1.362e+04,0.9313,0.9313
PENN23_y1999_s048_d0,A/Massachusetts/18/2022_H3N2,plate0_1-8-CGATCTTTACGAAAAA,40,0,0
PENN23_y1999_s048_d0,A/Massachusetts/18/2022_H3N2,plate0_1-8-CGATCTTTACGAAAAA,92,0.1068,0.1068
PENN23_y1999_s048_d0,A/Massachusetts/18/2022_H3N2,plate0_1-8-CGATCTTTACGAAAAA,212,0.2069,0.2069
PENN23_y1999_s048_d0,A/Massachusetts/18/2022_H3N2,plate0_1-8-CGATCTTTACGAAAAA,487,0.2488,0.2488
PENN23_y1999_s048_d0,A/Massachusetts/18/2022_H3N2,plate0_1-8-CGATCTTTACGAAAAA,1119,0.3488,0.3488
PENN23_y1999_s048_d0,A/Massachusetts/18/2022_H3N2,plate0_1-8-CGATCTTTACGAAAAA,2575,1.014,1
PENN23_y1999_s048_d0,A/Massachusetts/18/2022_H3N2,plate0_1-8-CGATCTTTACGAAAAA,5921,0.5661,0.5661
PENN23_y1999_s048_d0,A/Massachusetts/18/2022_H3N2,plate0_1-8-CGATCTTTACGAAAAA,1.362e+04,1.081,1
PENN23_y1999_s048_d0,A/France/BRE-IPP01880/2025_H3N2,plate0_1-8-CGCACTTTACGAGACA,40,0.4713,0.4713
PENN23_y1999_s048_d0,A/France/BRE-IPP01880/2025_H3N2,plate0_1-8-CGCACTTTACGAGACA,92,0.7945,0.7945
PENN23_y1999_s048_d0,A/France/BRE-IPP01880/2025_H3N2,plate0_1-8-CGCACTTTACGAGACA,212,0.7605,0.7605
PENN23_y1999_s048_d0,A/France/BRE-IPP01880/2025_H3N2,plate0_1-8-CGCACTTTACGAGACA,487,0.8395,0.8395
PENN23_y1999_s048_d0,A/France/BRE-IPP01880/2025_H3N2,plate0_1-8-CGCACTTTACGAGACA,1119,0.9626,0.9626
PENN23_y1999_s048_d0,A/France/BRE-IPP01880/2025_H3N2,plate0_1-8-CGCACTTTACGAGACA,2575,0.7196,0.7196
PENN23_y1999_s048_d0,A/France/BRE-IPP01880/2025_H3N2,plate0_1-8-CGCACTTTACGAGACA,5921,1.147,1
PENN23_y1999_s048_d0,A/France/BRE-IPP01880/2025_H3N2,plate0_1-8-CGCACTTTACGAGACA,1.362e+04,2.108,1
PENN23_y1999_s048_d0,A/Queensland/IN000803/2024_H3N2,plate0_1-8-CGCAGCATTGGTCGCC,40,0.1721,0.1721
PENN23_y1999_s048_d0,A/Queensland/IN000803/2024_H3N2,plate0_1-8-CGCAGCATTGGTCGCC,92,0.3068,0.3068
PENN23_y1999_s048_d0,A/Queensland/IN000803/2024_H3N2,plate0_1-8-CGCAGCATTGGTCGCC,212,0.3947,0.3947
PENN23_y1999_s048_d0,A/Queensland/IN000803/2024_H3N2,plate0_1-8-CGCAGCATTGGTCGCC,487,0.4888,0.4888
PENN23_y1999_s048_d0,A/Queensland/IN000803/2024_H3N2,plate0_1-8-CGCAGCATTGGTCGCC,1119,0.6178,0.6178
PENN23_y1999_s048_d0,A/Queensland/IN000803/2024_H3N2,plate0_1-8-CGCAGCATTGGTCGCC,2575,0.4933,0.4933
PENN23_y1999_s048_d0,A/Queensland/IN000803/2024_H3N2,plate0_1-8-CGCAGCATTGGTCGCC,5921,0.7125,0.7125
PENN23_y1999_s048_d0,A/Queensland/IN000803/2024_H3N2,plate0_1-8-CGCAGCATTGGTCGCC,1.362e+04,0.6909,0.6909
PENN23_y1999_s048_d0,A/Colorado/218/2024_H1N1,plate0_1-8-CGCGACACCCTTCCGG,40,0.005069,0.005069
PENN23_y1999_s048_d0,A/Colorado/218/2024_H1N1,plate0_1-8-CGCGACACCCTTCCGG,92,0.05656,0.05656
PENN23_y1999_s048_d0,A/Colorado/218/2024_H1N1,plate0_1-8-CGCGACACCCTTCCGG,212,0.2182,0.2182
PENN23_y1999_s048_d0,A/Colorado/218/2024_H1N1,plate0_1-8-CGCGACACCCTTCCGG,487,0.3237,0.3237
PENN23_y1999_s048_d0,A/Colorado/218/2024_H1N1,plate0_1-8-CGCGACACCCTTCCGG,1119,0.5667,0.5667
PENN23_y1999_s048_d0,A/Colorado/218/2024_H1N1,plate0_1-8-CGCGACACCCTTCCGG,2575,1.519,1
PENN23_y1999_s048_d0,A/Colorado/218/2024_H1N1,plate0_1-8-CGCGACACCCTTCCGG,5921,1.321,1
PENN23_y1999_s048_d0,A/Colorado/218/2024_H1N1,plate0_1-8-CGCGACACCCTTCCGG,1.362e+04,1.111,1
PENN23_y1999_s048_d0,A/Ecuador/1385/2024_H3N2,plate0_1-8-CGGACCCTAGATGGTA,40,0.4944,0.4944
PENN23_y1999_s048_d0,A/Ecuador/1385/2024_H3N2,plate0_1-8-CGGACCCTAGATGGTA,92,0.749,0.749
PENN23_y1999_s048_d0,A/Ecuador/1385/2024_H3N2,plate0_1-8-CGGACCCTAGATGGTA,212,0.6171,0.6171
PENN23_y1999_s048_d0,A/Ecuador/1385/2024_H3N2,plate0_1-8-CGGACCCTAGATGGTA,487,0.6829,0.6829
PENN23_y1999_s048_d0,A/Ecuador/1385/2024_H3N2,plate0_1-8-CGGACCCTAGATGGTA,1119,0.8211,0.8211
PENN23_y1999_s048_d0,A/Ecuador/1385/2024_H3N2,plate0_1-8-CGGACCCTAGATGGTA,2575,0.7805,0.7805
PENN23_y1999_s048_d0,A/Ecuador/1385/2024_H3N2,plate0_1-8-CGGACCCTAGATGGTA,5921,0.9982,0.9982
PENN23_y1999_s048_d0,A/Ecuador/1385/2024_H3N2,plate0_1-8-CGGACCCTAGATGGTA,1.362e+04,1.125,1
PENN23_y1999_s048_d0,A/Rhode_Island/15446/2025_H3N2,plate0_1-8-CGGCCAGGGAATCAAA,40,0.2201,0.2201
PENN23_y1999_s048_d0,A/Rhode_Island/15446/2025_H3N2,plate0_1-8-CGGCCAGGGAATCAAA,92,0.3288,0.3288
PENN23_y1999_s048_d0,A/Rhode_Island/15446/2025_H3N2,plate0_1-8-CGGCCAGGGAATCAAA,212,0.5104,0.5104
PENN23_y1999_s048_d0,A/Rhode_Island/15446/2025_H3N2,plate0_1-8-CGGCCAGGGAATCAAA,487,0.3378,0.3378
PENN23_y1999_s048_d0,A/Rhode_Island/15446/2025_H3N2,plate0_1-8-CGGCCAGGGAATCAAA,1119,0.4917,0.4917
PENN23_y1999_s048_d0,A/Rhode_Island/15446/2025_H3N2,plate0_1-8-CGGCCAGGGAATCAAA,2575,0.5489,0.5489
PENN23_y1999_s048_d0,A/Rhode_Island/15446/2025_H3N2,plate0_1-8-CGGCCAGGGAATCAAA,5921,1.161,1
PENN23_y1999_s048_d0,A/Rhode_Island/15446/2025_H3N2,plate0_1-8-CGGCCAGGGAATCAAA,1.362e+04,0.7216,0.7216
PENN23_y1999_s048_d0,A/Switzerland/9715293/2013NIB-88_H3N2,plate0_1-8-CGGGAAATGTAAATGA,40,0,0
PENN23_y1999_s048_d0,A/Switzerland/9715293/2013NIB-88_H3N2,plate0_1-8-CGGGAAATGTAAATGA,92,0,0
PENN23_y1999_s048_d0,A/Switzerland/9715293/2013NIB-88_H3N2,plate0_1-8-CGGGAAATGTAAATGA,212,0.005097,0.005097
PENN23_y1999_s048_d0,A/Switzerland/9715293/2013NIB-88_H3N2,plate0_1-8-CGGGAAATGTAAATGA,487,0.1557,0.1557
PENN23_y1999_s048_d0,A/Switzerland/9715293/2013NIB-88_H3N2,plate0_1-8-CGGGAAATGTAAATGA,1119,0.3966,0.3966
PENN23_y1999_s048_d0,A/Switzerland/9715293/2013NIB-88_H3N2,plate0_1-8-CGGGAAATGTAAATGA,2575,0.6982,0.6982
PENN23_y1999_s048_d0,A/Switzerland/9715293/2013NIB-88_H3N2,plate0_1-8-CGGGAAATGTAAATGA,5921,0.813,0.813
PENN23_y1999_s048_d0,A/Switzerland/9715293/2013NIB-88_H3N2,plate0_1-8-CGGGAAATGTAAATGA,1.362e+04,0.947,0.947
PENN23_y1999_s048_d0,A/Massachusetts/BI_MGH-23147/2025_H3N2,plate0_1-8-CGGGAACATACATAAC,40,0.1628,0.1628
PENN23_y1999_s048_d0,A/Massachusetts/BI_MGH-23147/2025_H3N2,plate0_1-8-CGGGAACATACATAAC,92,0.3622,0.3622
PENN23_y1999_s048_d0,A/Massachusetts/BI_MGH-23147/2025_H3N2,plate0_1-8-CGGGAACATACATAAC,212,0.6935,0.6935
PENN23_y1999_s048_d0,A/Massachusetts/BI_MGH-23147/2025_H3N2,plate0_1-8-CGGGAACATACATAAC,487,0.6628,0.6628
PENN23_y1999_s048_d0,A/Massachusetts/BI_MGH-23147/2025_H3N2,plate0_1-8-CGGGAACATACATAAC,1119,0.6697,0.6697
PENN23_y1999_s048_d0,A/Massachusetts/BI_MGH-23147/2025_H3N2,plate0_1-8-CGGGAACATACATAAC,2575,0.6477,0.6477
PENN23_y1999_s048_d0,A/Massachusetts/BI_MGH-23147/2025_H3N2,plate0_1-8-CGGGAACATACATAAC,5921,0.9306,0.9306
PENN23_y1999_s048_d0,A/Massachusetts/BI_MGH-23147/2025_H3N2,plate0_1-8-CGGGAACATACATAAC,1.362e+04,1.586,1
PENN23_y1999_s048_d0,A/HongKong/2671/2019_H3N2,plate0_1-8-CGGGAATCTCCCATAC,40,0,0
PENN23_y1999_s048_d0,A/HongKong/2671/2019_H3N2,plate0_1-8-CGGGAATCTCCCATAC,92,0,0
PENN23_y1999_s048_d0,A/HongKong/2671/2019_H3N2,plate0_1-8-CGGGAATCTCCCATAC,212,0,0
PENN23_y1999_s048_d0,A/HongKong/2671/2019_H3N2,plate0_1-8-CGGGAATCTCCCATAC,487,0,0
PENN23_y1999_s048_d0,A/HongKong/2671/2019_H3N2,plate0_1-8-CGGGAATCTCCCATAC,1119,0.04406,0.04406
PENN23_y1999_s048_d0,A/HongKong/2671/2019_H3N2,plate0_1-8-CGGGAATCTCCCATAC,2575,0.2385,0.2385
PENN23_y1999_s048_d0,A/HongKong/2671/2019_H3N2,plate0_1-8-CGGGAATCTCCCATAC,5921,0.5123,0.5123
PENN23_y1999_s048_d0,A/HongKong/2671/2019_H3N2,plate0_1-8-CGGGAATCTCCCATAC,1.362e+04,0.8651,0.8651
PENN23_y1999_s048_d0,A/HongKong/45/2019_H3N2,plate0_1-8-CGGGGACAAGATTGTA,40,0,0
PENN23_y1999_s048_d0,A/HongKong/45/2019_H3N2,plate0_1-8-CGGGGACAAGATTGTA,92,0.01306,0.01306
PENN23_y1999_s048_d0,A/HongKong/45/2019_H3N2,plate0_1-8-CGGGGACAAGATTGTA,212,0.09746,0.09746
PENN23_y1999_s048_d0,A/HongKong/45/2019_H3N2,plate0_1-8-CGGGGACAAGATTGTA,487,0.2093,0.2093
PENN23_y1999_s048_d0,A/HongKong/45/2019_H3N2,plate0_1-8-CGGGGACAAGATTGTA,1119,0.9737,0.9737
PENN23_y1999_s048_d0,A/HongKong/45/2019_H3N2,plate0_1-8-CGGGGACAAGATTGTA,2575,0.8149,0.8149
PENN23_y1999_s048_d0,A/HongKong/45/2019_H3N2,plate0_1-8-CGGGGACAAGATTGTA,5921,0.9297,0.9297
PENN23_y1999_s048_d0,A/HongKong/45/2019_H3N2,plate0_1-8-CGGGGACAAGATTGTA,1.362e+04,1.292,1
PENN23_y1999_s048_d0,A/Utah/94/2024_H3N2,plate0_1-8-CGGTCGGGACTCATCT,40,0.3946,0.3946
PENN23_y1999_s048_d0,A/Utah/94/2024_H3N2,plate0_1-8-CGGTCGGGACTCATCT,92,0.3082,0.3082
PENN23_y1999_s048_d0,A/Utah/94/2024_H3N2,plate0_1-8-CGGTCGGGACTCATCT,212,0.4757,0.4757
PENN23_y1999_s048_d0,A/Utah/94/2024_H3N2,plate0_1-8-CGGTCGGGACTCATCT,487,0.4249,0.4249
PENN23_y1999_s048_d0,A/Utah/94/2024_H3N2,plate0_1-8-CGGTCGGGACTCATCT,1119,0.517,0.517
PENN23_y1999_s048_d0,A/Utah/94/2024_H3N2,plate0_1-8-CGGTCGGGACTCATCT,2575,0.6337,0.6337
PENN23_y1999_s048_d0,A/Utah/94/2024_H3N2,plate0_1-8-CGGTCGGGACTCATCT,5921,0.9696,0.9696
PENN23_y1999_s048_d0,A/Utah/94/2024_H3N2,plate0_1-8-CGGTCGGGACTCATCT,1.362e+04,1.345,1
PENN23_y1999_s048_d0,A/Singapore/INFIMH-16-0019/2016_H3N2,plate0_1-8-CGTACAGTGTAATCGA,40,0.001974,0.001974
PENN23_y1999_s048_d0,A/Singapore/INFIMH-16-0019/2016_H3N2,plate0_1-8-CGTACAGTGTAATCGA,92,0.0429,0.0429
PENN23_y1999_s048_d0,A/Singapore/INFIMH-16-0019/2016_H3N2,plate0_1-8-CGTACAGTGTAATCGA,212,0.4595,0.4595
PENN23_y1999_s048_d0,A/Singapore/INFIMH-16-0019/2016_H3N2,plate0_1-8-CGTACAGTGTAATCGA,487,0.7887,0.7887
PENN23_y1999_s048_d0,A/Singapore/INFIMH-16-0019/2016_H3N2,plate0_1-8-CGTACAGTGTAATCGA,1119,0.5408,0.5408
PENN23_y1999_s048_d0,A/Singapore/INFIMH-16-0019/2016_H3N2,plate0_1-8-CGTACAGTGTAATCGA,2575,1.169,1
PENN23_y1999_s048_d0,A/Singapore/INFIMH-16-0019/2016_H3N2,plate0_1-8-CGTACAGTGTAATCGA,5921,1.105,1
PENN23_y1999_s048_d0,A/Singapore/INFIMH-16-0019/2016_H3N2,plate0_1-8-CGTACAGTGTAATCGA,1.362e+04,1.374,1
PENN23_y1999_s048_d0,A/Thailand/8/2022_H3N2,plate0_1-8-CGTACGTATGTCCCAG,40,0.0153,0.0153
PENN23_y1999_s048_d0,A/Thailand/8/2022_H3N2,plate0_1-8-CGTACGTATGTCCCAG,92,0.04777,0.04777
PENN23_y1999_s048_d0,A/Thailand/8/2022_H3N2,plate0_1-8-CGTACGTATGTCCCAG,212,0.09479,0.09479
PENN23_y1999_s048_d0,A/Thailand/8/2022_H3N2,plate0_1-8-CGTACGTATGTCCCAG,487,0.206,0.206
PENN23_y1999_s048_d0,A/Thailand/8/2022_H3N2,plate0_1-8-CGTACGTATGTCCCAG,1119,0.184,0.184
PENN23_y1999_s048_d0,A/Thailand/8/2022_H3N2,plate0_1-8-CGTACGTATGTCCCAG,2575,1.043,1
PENN23_y1999_s048_d0,A/Thailand/8/2022_H3N2,plate0_1-8-CGTACGTATGTCCCAG,5921,0.9047,0.9047
PENN23_y1999_s048_d0,A/Thailand/8/2022_H3N2,plate0_1-8-CGTACGTATGTCCCAG,1.362e+04,0.8481,0.8481
PENN23_y1999_s048_d0,A/Oregon/11/2025_H1N1,plate0_1-8-CGTGACCCCCTCCAAC,40,0.002351,0.002351
PENN23_y1999_s048_d0,A/Oregon/11/2025_H1N1,plate0_1-8-CGTGACCCCCTCCAAC,92,0.02777,0.02777
PENN23_y1999_s048_d0,A/Oregon/11/2025_H1N1,plate0_1-8-CGTGACCCCCTCCAAC,212,0.2773,0.2773
PENN23_y1999_s048_d0,A/Oregon/11/2025_H1N1,plate0_1-8-CGTGACCCCCTCCAAC,487,0.2992,0.2992
PENN23_y1999_s048_d0,A/Oregon/11/2025_H1N1,plate0_1-8-CGTGACCCCCTCCAAC,1119,0.6009,0.6009
PENN23_y1999_s048_d0,A/Oregon/11/2025_H1N1,plate0_1-8-CGTGACCCCCTCCAAC,2575,0.7499,0.7499
PENN23_y1999_s048_d0,A/Oregon/11/2025_H1N1,plate0_1-8-CGTGACCCCCTCCAAC,5921,0.9756,0.9756
PENN23_y1999_s048_d0,A/Oregon/11/2025_H1N1,plate0_1-8-CGTGACCCCCTCCAAC,1.362e+04,0.9446,0.9446
PENN23_y1999_s048_d0,A/Tasmania/790/2024_H3N2,plate0_1-8-CGTGTACCCTTCAGCA,40,0.1781,0.1781
PENN23_y1999_s048_d0,A/Tasmania/790/2024_H3N2,plate0_1-8-CGTGTACCCTTCAGCA,92,0.2046,0.2046
PENN23_y1999_s048_d0,A/Tasmania/790/2024_H3N2,plate0_1-8-CGTGTACCCTTCAGCA,212,0.4636,0.4636
PENN23_y1999_s048_d0,A/Tasmania/790/2024_H3N2,plate0_1-8-CGTGTACCCTTCAGCA,487,0.491,0.491
PENN23_y1999_s048_d0,A/Tasmania/790/2024_H3N2,plate0_1-8-CGTGTACCCTTCAGCA,1119,0.4366,0.4366
PENN23_y1999_s048_d0,A/Tasmania/790/2024_H3N2,plate0_1-8-CGTGTACCCTTCAGCA,2575,0.7702,0.7702
PENN23_y1999_s048_d0,A/Tasmania/790/2024_H3N2,plate0_1-8-CGTGTACCCTTCAGCA,5921,1.121,1
PENN23_y1999_s048_d0,A/Tasmania/790/2024_H3N2,plate0_1-8-CGTGTACCCTTCAGCA,1.362e+04,1.009,1
PENN23_y1999_s048_d0,A/Darwin/9/2021_H3N2,plate0_1-8-CGTTAACGGCCTATCC,40,0.004687,0.004687
PENN23_y1999_s048_d0,A/Darwin/9/2021_H3N2,plate0_1-8-CGTTAACGGCCTATCC,92,0.01225,0.01225
PENN23_y1999_s048_d0,A/Darwin/9/2021_H3N2,plate0_1-8-CGTTAACGGCCTATCC,212,0.03852,0.03852
PENN23_y1999_s048_d0,A/Darwin/9/2021_H3N2,plate0_1-8-CGTTAACGGCCTATCC,487,0.2354,0.2354
PENN23_y1999_s048_d0,A/Darwin/9/2021_H3N2,plate0_1-8-CGTTAACGGCCTATCC,1119,0.2887,0.2887
PENN23_y1999_s048_d0,A/Darwin/9/2021_H3N2,plate0_1-8-CGTTAACGGCCTATCC,2575,0.4712,0.4712
PENN23_y1999_s048_d0,A/Darwin/9/2021_H3N2,plate0_1-8-CGTTAACGGCCTATCC,5921,0.6398,0.6398
PENN23_y1999_s048_d0,A/Darwin/9/2021_H3N2,plate0_1-8-CGTTAACGGCCTATCC,1.362e+04,0.4932,0.4932
PENN23_y1999_s048_d0,A/Texas/ISC-1322/2025_H3N2,plate0_1-8-CGTTCAGCGATAACGG,40,0.1795,0.1795
PENN23_y1999_s048_d0,A/Texas/ISC-1322/2025_H3N2,plate0_1-8-CGTTCAGCGATAACGG,92,0.297,0.297
PENN23_y1999_s048_d0,A/Texas/ISC-1322/2025_H3N2,plate0_1-8-CGTTCAGCGATAACGG,212,0.3606,0.3606
PENN23_y1999_s048_d0,A/Texas/ISC-1322/2025_H3N2,plate0_1-8-CGTTCAGCGATAACGG,487,0.4206,0.4206
PENN23_y1999_s048_d0,A/Texas/ISC-1322/2025_H3N2,plate0_1-8-CGTTCAGCGATAACGG,1119,0.9053,0.9053
PENN23_y1999_s048_d0,A/Texas/ISC-1322/2025_H3N2,plate0_1-8-CGTTCAGCGATAACGG,2575,1.092,1
PENN23_y1999_s048_d0,A/Texas/ISC-1322/2025_H3N2,plate0_1-8-CGTTCAGCGATAACGG,5921,0.8758,0.8758
PENN23_y1999_s048_d0,A/Texas/ISC-1322/2025_H3N2,plate0_1-8-CGTTCAGCGATAACGG,1.362e+04,1.553,1
PENN23_y1999_s048_d0,A/Sydney/43/2025_H3N2,plate0_1-8-CGTTTTTGGTTCGAGG,40,0.4742,0.4742
PENN23_y1999_s048_d0,A/Sydney/43/2025_H3N2,plate0_1-8-CGTTTTTGGTTCGAGG,92,0.3556,0.3556
PENN23_y1999_s048_d0,A/Sydney/43/2025_H3N2,plate0_1-8-CGTTTTTGGTTCGAGG,212,0.481,0.481
PENN23_y1999_s048_d0,A/Sydney/43/2025_H3N2,plate0_1-8-CGTTTTTGGTTCGAGG,487,0.745,0.745
PENN23_y1999_s048_d0,A/Sydney/43/2025_H3N2,plate0_1-8-CGTTTTTGGTTCGAGG,1119,0.6801,0.6801
PENN23_y1999_s048_d0,A/Sydney/43/2025_H3N2,plate0_1-8-CGTTTTTGGTTCGAGG,2575,0.5927,0.5927
PENN23_y1999_s048_d0,A/Sydney/43/2025_H3N2,plate0_1-8-CGTTTTTGGTTCGAGG,5921,1.022,1
PENN23_y1999_s048_d0,A/Sydney/43/2025_H3N2,plate0_1-8-CGTTTTTGGTTCGAGG,1.362e+04,0.654,0.654
PENN23_y1999_s048_d0,A/Wisconsin/172/2024_H3N2,plate0_1-8-CTAATTTAAGTATCAA,40,0.2568,0.2568
PENN23_y1999_s048_d0,A/Wisconsin/172/2024_H3N2,plate0_1-8-CTAATTTAAGTATCAA,92,0.4827,0.4827
PENN23_y1999_s048_d0,A/Wisconsin/172/2024_H3N2,plate0_1-8-CTAATTTAAGTATCAA,212,0.5434,0.5434
PENN23_y1999_s048_d0,A/Wisconsin/172/2024_H3N2,plate0_1-8-CTAATTTAAGTATCAA,487,0.4685,0.4685
PENN23_y1999_s048_d0,A/Wisconsin/172/2024_H3N2,plate0_1-8-CTAATTTAAGTATCAA,1119,0.4659,0.4659
PENN23_y1999_s048_d0,A/Wisconsin/172/2024_H3N2,plate0_1-8-CTAATTTAAGTATCAA,2575,0.9328,0.9328
PENN23_y1999_s048_d0,A/Wisconsin/172/2024_H3N2,plate0_1-8-CTAATTTAAGTATCAA,5921,0.915,0.915
PENN23_y1999_s048_d0,A/Wisconsin/172/2024_H3N2,plate0_1-8-CTAATTTAAGTATCAA,1.362e+04,1.055,1
PENN23_y1999_s048_d0,A/Massachusetts/93/2024_H3N2,plate0_1-8-CTAGCACAGCGTAGGC,40,0.2626,0.2626
PENN23_y1999_s048_d0,A/Massachusetts/93/2024_H3N2,plate0_1-8-CTAGCACAGCGTAGGC,92,0.393,0.393
PENN23_y1999_s048_d0,A/Massachusetts/93/2024_H3N2,plate0_1-8-CTAGCACAGCGTAGGC,212,0.3555,0.3555
PENN23_y1999_s048_d0,A/Massachusetts/93/2024_H3N2,plate0_1-8-CTAGCACAGCGTAGGC,487,0.3808,0.3808
PENN23_y1999_s048_d0,A/Massachusetts/93/2024_H3N2,plate0_1-8-CTAGCACAGCGTAGGC,1119,0.5477,0.5477
PENN23_y1999_s048_d0,A/Massachusetts/93/2024_H3N2,plate0_1-8-CTAGCACAGCGTAGGC,2575,0.7693,0.7693
PENN23_y1999_s048_d0,A/Massachusetts/93/2024_H3N2,plate0_1-8-CTAGCACAGCGTAGGC,5921,0.6577,0.6577
PENN23_y1999_s048_d0,A/Massachusetts/93/2024_H3N2,plate0_1-8-CTAGCACAGCGTAGGC,1.362e+04,0.9004,0.9004
PENN23_y1999_s048_d0,A/Oregon/265/2024_H3N2,plate0_1-8-CTATAAACCGTTTGTA,40,0.3527,0.3527
PENN23_y1999_s048_d0,A/Oregon/265/2024_H3N2,plate0_1-8-CTATAAACCGTTTGTA,92,0.631,0.631
PENN23_y1999_s048_d0,A/Oregon/265/2024_H3N2,plate0_1-8-CTATAAACCGTTTGTA,212,0.5442,0.5442
PENN23_y1999_s048_d0,A/Oregon/265/2024_H3N2,plate0_1-8-CTATAAACCGTTTGTA,487,0.5229,0.5229
PENN23_y1999_s048_d0,A/Oregon/265/2024_H3N2,plate0_1-8-CTATAAACCGTTTGTA,1119,0.7158,0.7158
PENN23_y1999_s048_d0,A/Oregon/265/2024_H3N2,plate0_1-8-CTATAAACCGTTTGTA,2575,0.8259,0.8259
PENN23_y1999_s048_d0,A/Oregon/265/2024_H3N2,plate0_1-8-CTATAAACCGTTTGTA,5921,1.329,1
PENN23_y1999_s048_d0,A/Oregon/265/2024_H3N2,plate0_1-8-CTATAAACCGTTTGTA,1.362e+04,0.8965,0.8965
PENN23_y1999_s048_d0,A/Texas/15550/2024_H3N2,plate0_1-8-CTATATTGCCCGGAAG,40,0.2978,0.2978
PENN23_y1999_s048_d0,A/Texas/15550/2024_H3N2,plate0_1-8-CTATATTGCCCGGAAG,92,0.57,0.57
PENN23_y1999_s048_d0,A/Texas/15550/2024_H3N2,plate0_1-8-CTATATTGCCCGGAAG,212,0.605,0.605
PENN23_y1999_s048_d0,A/Texas/15550/2024_H3N2,plate0_1-8-CTATATTGCCCGGAAG,487,1.04,1
PENN23_y1999_s048_d0,A/Texas/15550/2024_H3N2,plate0_1-8-CTATATTGCCCGGAAG,1119,0.7448,0.7448
PENN23_y1999_s048_d0,A/Texas/15550/2024_H3N2,plate0_1-8-CTATATTGCCCGGAAG,2575,0.9366,0.9366
PENN23_y1999_s048_d0,A/Texas/15550/2024_H3N2,plate0_1-8-CTATATTGCCCGGAAG,5921,1.129,1
PENN23_y1999_s048_d0,A/Texas/15550/2024_H3N2,plate0_1-8-CTATATTGCCCGGAAG,1.362e+04,1.462,1
PENN23_y1999_s048_d0,A/Darwin/6/2021_H3N2,plate0_1-8-CTATCTTAATCTACAG,40,0.1265,0.1265
PENN23_y1999_s048_d0,A/Darwin/6/2021_H3N2,plate0_1-8-CTATCTTAATCTACAG,92,0.1831,0.1831
PENN23_y1999_s048_d0,A/Darwin/6/2021_H3N2,plate0_1-8-CTATCTTAATCTACAG,212,0.3867,0.3867
PENN23_y1999_s048_d0,A/Darwin/6/2021_H3N2,plate0_1-8-CTATCTTAATCTACAG,487,0.476,0.476
PENN23_y1999_s048_d0,A/Darwin/6/2021_H3N2,plate0_1-8-CTATCTTAATCTACAG,1119,0.4474,0.4474
PENN23_y1999_s048_d0,A/Darwin/6/2021_H3N2,plate0_1-8-CTATCTTAATCTACAG,2575,1.19,1
PENN23_y1999_s048_d0,A/Darwin/6/2021_H3N2,plate0_1-8-CTATCTTAATCTACAG,5921,1.025,1
PENN23_y1999_s048_d0,A/Darwin/6/2021_H3N2,plate0_1-8-CTATCTTAATCTACAG,1.362e+04,0.8259,0.8259
PENN23_y1999_s048_d0,A/Oregon/261/2024_H1N1,plate0_1-8-CTCAAATAATTGGCGC,40,0.0009766,0.0009766
PENN23_y1999_s048_d0,A/Oregon/261/2024_H1N1,plate0_1-8-CTCAAATAATTGGCGC,92,0.02413,0.02413
PENN23_y1999_s048_d0,A/Oregon/261/2024_H1N1,plate0_1-8-CTCAAATAATTGGCGC,212,0.2509,0.2509
PENN23_y1999_s048_d0,A/Oregon/261/2024_H1N1,plate0_1-8-CTCAAATAATTGGCGC,487,0.5686,0.5686
PENN23_y1999_s048_d0,A/Oregon/261/2024_H1N1,plate0_1-8-CTCAAATAATTGGCGC,1119,0.6028,0.6028
PENN23_y1999_s048_d0,A/Oregon/261/2024_H1N1,plate0_1-8-CTCAAATAATTGGCGC,2575,0.9802,0.9802
PENN23_y1999_s048_d0,A/Oregon/261/2024_H1N1,plate0_1-8-CTCAAATAATTGGCGC,5921,0.8387,0.8387
PENN23_y1999_s048_d0,A/Oregon/261/2024_H1N1,plate0_1-8-CTCAAATAATTGGCGC,1.362e+04,0.9896,0.9896
PENN23_y1999_s048_d0,A/Washington/15245/2025_H3N2,plate0_1-8-CTCCTAGGGGACGATT,40,0.1839,0.1839
PENN23_y1999_s048_d0,A/Washington/15245/2025_H3N2,plate0_1-8-CTCCTAGGGGACGATT,92,0.3685,0.3685
PENN23_y1999_s048_d0,A/Washington/15245/2025_H3N2,plate0_1-8-CTCCTAGGGGACGATT,212,0.713,0.713
PENN23_y1999_s048_d0,A/Washington/15245/2025_H3N2,plate0_1-8-CTCCTAGGGGACGATT,487,0.4865,0.4865
PENN23_y1999_s048_d0,A/Washington/15245/2025_H3N2,plate0_1-8-CTCCTAGGGGACGATT,1119,1.234,1
PENN23_y1999_s048_d0,A/Washington/15245/2025_H3N2,plate0_1-8-CTCCTAGGGGACGATT,2575,0.5658,0.5658
PENN23_y1999_s048_d0,A/Washington/15245/2025_H3N2,plate0_1-8-CTCCTAGGGGACGATT,5921,0.9304,0.9304
PENN23_y1999_s048_d0,A/Washington/15245/2025_H3N2,plate0_1-8-CTCCTAGGGGACGATT,1.362e+04,1.215,1
PENN23_y1999_s048_d0,A/Vermont/10/2025_H1N1,plate0_1-8-CTCTTACGCTCCTACG,40,0.004409,0.004409
PENN23_y1999_s048_d0,A/Vermont/10/2025_H1N1,plate0_1-8-CTCTTACGCTCCTACG,92,0.009324,0.009324
PENN23_y1999_s048_d0,A/Vermont/10/2025_H1N1,plate0_1-8-CTCTTACGCTCCTACG,212,0.1528,0.1528
PENN23_y1999_s048_d0,A/Vermont/10/2025_H1N1,plate0_1-8-CTCTTACGCTCCTACG,487,0.4162,0.4162
PENN23_y1999_s048_d0,A/Vermont/10/2025_H1N1,plate0_1-8-CTCTTACGCTCCTACG,1119,0.575,0.575
PENN23_y1999_s048_d0,A/Vermont/10/2025_H1N1,plate0_1-8-CTCTTACGCTCCTACG,2575,0.5882,0.5882
PENN23_y1999_s048_d0,A/Vermont/10/2025_H1N1,plate0_1-8-CTCTTACGCTCCTACG,5921,1.151,1
PENN23_y1999_s048_d0,A/Vermont/10/2025_H1N1,plate0_1-8-CTCTTACGCTCCTACG,1.362e+04,0.8956,0.8956
PENN23_y1999_s048_d0,A/Michigan/UM-10062069629/2025_H3N2,plate0_1-8-CTGAACTTATCTGTGG,40,0.1719,0.1719
PENN23_y1999_s048_d0,A/Michigan/UM-10062069629/2025_H3N2,plate0_1-8-CTGAACTTATCTGTGG,92,0.3139,0.3139
PENN23_y1999_s048_d0,A/Michigan/UM-10062069629/2025_H3N2,plate0_1-8-CTGAACTTATCTGTGG,212,0.6391,0.6391
PENN23_y1999_s048_d0,A/Michigan/UM-10062069629/2025_H3N2,plate0_1-8-CTGAACTTATCTGTGG,487,0.4971,0.4971
PENN23_y1999_s048_d0,A/Michigan/UM-10062069629/2025_H3N2,plate0_1-8-CTGAACTTATCTGTGG,1119,0.7698,0.7698
PENN23_y1999_s048_d0,A/Michigan/UM-10062069629/2025_H3N2,plate0_1-8-CTGAACTTATCTGTGG,2575,1.002,1
PENN23_y1999_s048_d0,A/Michigan/UM-10062069629/2025_H3N2,plate0_1-8-CTGAACTTATCTGTGG,5921,0.8851,0.8851
PENN23_y1999_s048_d0,A/Michigan/UM-10062069629/2025_H3N2,plate0_1-8-CTGAACTTATCTGTGG,1.362e+04,1.296,1
PENN23_y1999_s048_d0,A/Wisconsin/67/2022_H1N1,plate0_1-8-CTGAACTTGTCGATAT,40,0.01417,0.01417
PENN23_y1999_s048_d0,A/Wisconsin/67/2022_H1N1,plate0_1-8-CTGAACTTGTCGATAT,92,0.02231,0.02231
PENN23_y1999_s048_d0,A/Wisconsin/67/2022_H1N1,plate0_1-8-CTGAACTTGTCGATAT,212,0.1519,0.1519
PENN23_y1999_s048_d0,A/Wisconsin/67/2022_H1N1,plate0_1-8-CTGAACTTGTCGATAT,487,0.3329,0.3329
PENN23_y1999_s048_d0,A/Wisconsin/67/2022_H1N1,plate0_1-8-CTGAACTTGTCGATAT,1119,0.7016,0.7016
PENN23_y1999_s048_d0,A/Wisconsin/67/2022_H1N1,plate0_1-8-CTGAACTTGTCGATAT,2575,0.5782,0.5782
PENN23_y1999_s048_d0,A/Wisconsin/67/2022_H1N1,plate0_1-8-CTGAACTTGTCGATAT,5921,0.7841,0.7841
PENN23_y1999_s048_d0,A/Wisconsin/67/2022_H1N1,plate0_1-8-CTGAACTTGTCGATAT,1.362e+04,1.51,1
PENN23_y1999_s048_d0,A/Michigan/120/2024_H3N2,plate0_1-8-CTGAGCTGCCAATAAG,40,0.3302,0.3302
PENN23_y1999_s048_d0,A/Michigan/120/2024_H3N2,plate0_1-8-CTGAGCTGCCAATAAG,92,0.7404,0.7404
PENN23_y1999_s048_d0,A/Michigan/120/2024_H3N2,plate0_1-8-CTGAGCTGCCAATAAG,212,0.4518,0.4518
PENN23_y1999_s048_d0,A/Michigan/120/2024_H3N2,plate0_1-8-CTGAGCTGCCAATAAG,487,0.6154,0.6154
PENN23_y1999_s048_d0,A/Michigan/120/2024_H3N2,plate0_1-8-CTGAGCTGCCAATAAG,1119,0.682,0.682
PENN23_y1999_s048_d0,A/Michigan/120/2024_H3N2,plate0_1-8-CTGAGCTGCCAATAAG,2575,0.7602,0.7602
PENN23_y1999_s048_d0,A/Michigan/120/2024_H3N2,plate0_1-8-CTGAGCTGCCAATAAG,5921,0.754,0.754
PENN23_y1999_s048_d0,A/Michigan/120/2024_H3N2,plate0_1-8-CTGAGCTGCCAATAAG,1.362e+04,0.7392,0.7392
PENN23_y1999_s048_d0,A/Maryland/64/2024_H1N1,plate0_1-8-CTGGAGGCCTGGCCCC,40,0.001464,0.001464
PENN23_y1999_s048_d0,A/Maryland/64/2024_H1N1,plate0_1-8-CTGGAGGCCTGGCCCC,92,0.02476,0.02476
PENN23_y1999_s048_d0,A/Maryland/64/2024_H1N1,plate0_1-8-CTGGAGGCCTGGCCCC,212,0.1558,0.1558
PENN23_y1999_s048_d0,A/Maryland/64/2024_H1N1,plate0_1-8-CTGGAGGCCTGGCCCC,487,0.397,0.397
PENN23_y1999_s048_d0,A/Maryland/64/2024_H1N1,plate0_1-8-CTGGAGGCCTGGCCCC,1119,0.5894,0.5894
PENN23_y1999_s048_d0,A/Maryland/64/2024_H1N1,plate0_1-8-CTGGAGGCCTGGCCCC,2575,0.7079,0.7079
PENN23_y1999_s048_d0,A/Maryland/64/2024_H1N1,plate0_1-8-CTGGAGGCCTGGCCCC,5921,0.9671,0.9671
PENN23_y1999_s048_d0,A/Maryland/64/2024_H1N1,plate0_1-8-CTGGAGGCCTGGCCCC,1.362e+04,1.005,1
PENN23_y1999_s048_d0,A/Colorado/ISC-1416/2024_H3N2,plate0_1-8-CTGTACCTGCAGTTGA,40,0.3717,0.3717
PENN23_y1999_s048_d0,A/Colorado/ISC-1416/2024_H3N2,plate0_1-8-CTGTACCTGCAGTTGA,92,0.3031,0.3031
PENN23_y1999_s048_d0,A/Colorado/ISC-1416/2024_H3N2,plate0_1-8-CTGTACCTGCAGTTGA,212,0.6997,0.6997
PENN23_y1999_s048_d0,A/Colorado/ISC-1416/2024_H3N2,plate0_1-8-CTGTACCTGCAGTTGA,487,1.165,1
PENN23_y1999_s048_d0,A/Colorado/ISC-1416/2024_H3N2,plate0_1-8-CTGTACCTGCAGTTGA,1119,0.4617,0.4617
PENN23_y1999_s048_d0,A/Colorado/ISC-1416/2024_H3N2,plate0_1-8-CTGTACCTGCAGTTGA,2575,0.9409,0.9409
PENN23_y1999_s048_d0,A/Colorado/ISC-1416/2024_H3N2,plate0_1-8-CTGTACCTGCAGTTGA,5921,0.85,0.85
PENN23_y1999_s048_d0,A/Colorado/ISC-1416/2024_H3N2,plate0_1-8-CTGTACCTGCAGTTGA,1.362e+04,1.656,1
PENN23_y1999_s048_d0,A/Singapore/MOH0547/2024_H1N1,plate0_1-8-CTTACAGAATACTAGA,40,0.00369,0.00369
PENN23_y1999_s048_d0,A/Singapore/MOH0547/2024_H1N1,plate0_1-8-CTTACAGAATACTAGA,92,0.01646,0.01646
PENN23_y1999_s048_d0,A/Singapore/MOH0547/2024_H1N1,plate0_1-8-CTTACAGAATACTAGA,212,0.3943,0.3943
PENN23_y1999_s048_d0,A/Singapore/MOH0547/2024_H1N1,plate0_1-8-CTTACAGAATACTAGA,487,0.5362,0.5362
PENN23_y1999_s048_d0,A/Singapore/MOH0547/2024_H1N1,plate0_1-8-CTTACAGAATACTAGA,1119,0.7352,0.7352
PENN23_y1999_s048_d0,A/Singapore/MOH0547/2024_H1N1,plate0_1-8-CTTACAGAATACTAGA,2575,0.8988,0.8988
PENN23_y1999_s048_d0,A/Singapore/MOH0547/2024_H1N1,plate0_1-8-CTTACAGAATACTAGA,5921,0.9875,0.9875
PENN23_y1999_s048_d0,A/Singapore/MOH0547/2024_H1N1,plate0_1-8-CTTACAGAATACTAGA,1.362e+04,0.9019,0.9019
PENN23_y1999_s048_d0,A/NovaScotia/ET1801CP00018S/2025_H1N1,plate0_1-8-CTTACTGCGCGAGAGT,40,0.006074,0.006074
PENN23_y1999_s048_d0,A/NovaScotia/ET1801CP00018S/2025_H1N1,plate0_1-8-CTTACTGCGCGAGAGT,92,0.0343,0.0343
PENN23_y1999_s048_d0,A/NovaScotia/ET1801CP00018S/2025_H1N1,plate0_1-8-CTTACTGCGCGAGAGT,212,0.2283,0.2283
PENN23_y1999_s048_d0,A/NovaScotia/ET1801CP00018S/2025_H1N1,plate0_1-8-CTTACTGCGCGAGAGT,487,0.6014,0.6014
PENN23_y1999_s048_d0,A/NovaScotia/ET1801CP00018S/2025_H1N1,plate0_1-8-CTTACTGCGCGAGAGT,1119,0.5688,0.5688
PENN23_y1999_s048_d0,A/NovaScotia/ET1801CP00018S/2025_H1N1,plate0_1-8-CTTACTGCGCGAGAGT,2575,0.5725,0.5725
PENN23_y1999_s048_d0,A/NovaScotia/ET1801CP00018S/2025_H1N1,plate0_1-8-CTTACTGCGCGAGAGT,5921,1.559,1
PENN23_y1999_s048_d0,A/NovaScotia/ET1801CP00018S/2025_H1N1,plate0_1-8-CTTACTGCGCGAGAGT,1.362e+04,1.304,1
PENN23_y1999_s048_d0,A/Tasmania/790/2024_H3N2,plate0_1-8-CTTCGGCTCTTGATTA,40,0.06255,0.06255
PENN23_y1999_s048_d0,A/Tasmania/790/2024_H3N2,plate0_1-8-CTTCGGCTCTTGATTA,92,0.3598,0.3598
PENN23_y1999_s048_d0,A/Tasmania/790/2024_H3N2,plate0_1-8-CTTCGGCTCTTGATTA,212,0.4731,0.4731
PENN23_y1999_s048_d0,A/Tasmania/790/2024_H3N2,plate0_1-8-CTTCGGCTCTTGATTA,487,0.4267,0.4267
PENN23_y1999_s048_d0,A/Tasmania/790/2024_H3N2,plate0_1-8-CTTCGGCTCTTGATTA,1119,0.5746,0.5746
PENN23_y1999_s048_d0,A/Tasmania/790/2024_H3N2,plate0_1-8-CTTCGGCTCTTGATTA,2575,0.755,0.755
PENN23_y1999_s048_d0,A/Tasmania/790/2024_H3N2,plate0_1-8-CTTCGGCTCTTGATTA,5921,0.7468,0.7468
PENN23_y1999_s048_d0,A/Tasmania/790/2024_H3N2,plate0_1-8-CTTCGGCTCTTGATTA,1.362e+04,0.8739,0.8739
PENN23_y1999_s048_d0,A/France/IDF-IPP29542/2023_H3N2,plate0_1-8-GAAAGCCCCGTGCAAT,40,0.1733,0.1733
PENN23_y1999_s048_d0,A/France/IDF-IPP29542/2023_H3N2,plate0_1-8-GAAAGCCCCGTGCAAT,92,0.4608,0.4608
PENN23_y1999_s048_d0,A/France/IDF-IPP29542/2023_H3N2,plate0_1-8-GAAAGCCCCGTGCAAT,212,0.7504,0.7504
PENN23_y1999_s048_d0,A/France/IDF-IPP29542/2023_H3N2,plate0_1-8-GAAAGCCCCGTGCAAT,487,0.5757,0.5757
PENN23_y1999_s048_d0,A/France/IDF-IPP29542/2023_H3N2,plate0_1-8-GAAAGCCCCGTGCAAT,1119,0.973,0.973
PENN23_y1999_s048_d0,A/France/IDF-IPP29542/2023_H3N2,plate0_1-8-GAAAGCCCCGTGCAAT,2575,1.444,1
PENN23_y1999_s048_d0,A/France/IDF-IPP29542/2023_H3N2,plate0_1-8-GAAAGCCCCGTGCAAT,5921,0.8749,0.8749
PENN23_y1999_s048_d0,A/France/IDF-IPP29542/2023_H3N2,plate0_1-8-GAAAGCCCCGTGCAAT,1.362e+04,0.7187,0.7187
PENN23_y1999_s048_d0,A/Ufa/CRIE/47/2024_H1N1,plate0_1-8-GAAAGTCCCTATGATG,40,0.001976,0.001976
PENN23_y1999_s048_d0,A/Ufa/CRIE/47/2024_H1N1,plate0_1-8-GAAAGTCCCTATGATG,92,0.01574,0.01574
PENN23_y1999_s048_d0,A/Ufa/CRIE/47/2024_H1N1,plate0_1-8-GAAAGTCCCTATGATG,212,0.1584,0.1584
PENN23_y1999_s048_d0,A/Ufa/CRIE/47/2024_H1N1,plate0_1-8-GAAAGTCCCTATGATG,487,0.4686,0.4686
PENN23_y1999_s048_d0,A/Ufa/CRIE/47/2024_H1N1,plate0_1-8-GAAAGTCCCTATGATG,1119,0.4603,0.4603
PENN23_y1999_s048_d0,A/Ufa/CRIE/47/2024_H1N1,plate0_1-8-GAAAGTCCCTATGATG,2575,0.7735,0.7735
PENN23_y1999_s048_d0,A/Ufa/CRIE/47/2024_H1N1,plate0_1-8-GAAAGTCCCTATGATG,5921,1.116,1
PENN23_y1999_s048_d0,A/Ufa/CRIE/47/2024_H1N1,plate0_1-8-GAAAGTCCCTATGATG,1.362e+04,1.149,1
PENN23_y1999_s048_d0,A/Maldives/2132/2024_H1N1,plate0_1-8-GAAATCCCCAAATAAC,40,0.00265,0.00265
PENN23_y1999_s048_d0,A/Maldives/2132/2024_H1N1,plate0_1-8-GAAATCCCCAAATAAC,92,0.01367,0.01367
PENN23_y1999_s048_d0,A/Maldives/2132/2024_H1N1,plate0_1-8-GAAATCCCCAAATAAC,212,0.1892,0.1892
PENN23_y1999_s048_d0,A/Maldives/2132/2024_H1N1,plate0_1-8-GAAATCCCCAAATAAC,487,0.3889,0.3889
PENN23_y1999_s048_d0,A/Maldives/2132/2024_H1N1,plate0_1-8-GAAATCCCCAAATAAC,1119,0.3789,0.3789
PENN23_y1999_s048_d0,A/Maldives/2132/2024_H1N1,plate0_1-8-GAAATCCCCAAATAAC,2575,0.7232,0.7232
PENN23_y1999_s048_d0,A/Maldives/2132/2024_H1N1,plate0_1-8-GAAATCCCCAAATAAC,5921,0.758,0.758
PENN23_y1999_s048_d0,A/Maldives/2132/2024_H1N1,plate0_1-8-GAAATCCCCAAATAAC,1.362e+04,0.7704,0.7704
PENN23_y1999_s048_d0,A/Wisconsin/588/2019_H1N1,plate0_1-8-GAAGAAACTATAACCA,40,0,0
PENN23_y1999_s048_d0,A/Wisconsin/588/2019_H1N1,plate0_1-8-GAAGAAACTATAACCA,92,0.01298,0.01298
PENN23_y1999_s048_d0,A/Wisconsin/588/2019_H1N1,plate0_1-8-GAAGAAACTATAACCA,212,0.06157,0.06157
PENN23_y1999_s048_d0,A/Wisconsin/588/2019_H1N1,plate0_1-8-GAAGAAACTATAACCA,487,0.1385,0.1385
PENN23_y1999_s048_d0,A/Wisconsin/588/2019_H1N1,plate0_1-8-GAAGAAACTATAACCA,1119,0.267,0.267
PENN23_y1999_s048_d0,A/Wisconsin/588/2019_H1N1,plate0_1-8-GAAGAAACTATAACCA,2575,0.7611,0.7611
PENN23_y1999_s048_d0,A/Wisconsin/588/2019_H1N1,plate0_1-8-GAAGAAACTATAACCA,5921,1.022,1
PENN23_y1999_s048_d0,A/Wisconsin/588/2019_H1N1,plate0_1-8-GAAGAAACTATAACCA,1.362e+04,1.412,1
PENN23_y1999_s048_d0,A/Maldives/2147/2024_H3N2,plate0_1-8-GAAGTACGCTGAATGA,40,0.12,0.12
PENN23_y1999_s048_d0,A/Maldives/2147/2024_H3N2,plate0_1-8-GAAGTACGCTGAATGA,92,0.521,0.521
PENN23_y1999_s048_d0,A/Maldives/2147/2024_H3N2,plate0_1-8-GAAGTACGCTGAATGA,212,1.13,1
PENN23_y1999_s048_d0,A/Maldives/2147/2024_H3N2,plate0_1-8-GAAGTACGCTGAATGA,487,0.5391,0.5391
PENN23_y1999_s048_d0,A/Maldives/2147/2024_H3N2,plate0_1-8-GAAGTACGCTGAATGA,1119,0.6529,0.6529
PENN23_y1999_s048_d0,A/Maldives/2147/2024_H3N2,plate0_1-8-GAAGTACGCTGAATGA,2575,0.8916,0.8916
PENN23_y1999_s048_d0,A/Maldives/2147/2024_H3N2,plate0_1-8-GAAGTACGCTGAATGA,5921,1.055,1
PENN23_y1999_s048_d0,A/Maldives/2147/2024_H3N2,plate0_1-8-GAAGTACGCTGAATGA,1.362e+04,1.08,1
PENN23_y1999_s048_d0,A/Wisconsin/172/2024_H3N2,plate0_1-8-GAAGTGCGTATTGAGT,40,0.2946,0.2946
PENN23_y1999_s048_d0,A/Wisconsin/172/2024_H3N2,plate0_1-8-GAAGTGCGTATTGAGT,92,0.6366,0.6366
PENN23_y1999_s048_d0,A/Wisconsin/172/2024_H3N2,plate0_1-8-GAAGTGCGTATTGAGT,212,1.041,1
PENN23_y1999_s048_d0,A/Wisconsin/172/2024_H3N2,plate0_1-8-GAAGTGCGTATTGAGT,487,0.6486,0.6486
PENN23_y1999_s048_d0,A/Wisconsin/172/2024_H3N2,plate0_1-8-GAAGTGCGTATTGAGT,1119,0.8738,0.8738
PENN23_y1999_s048_d0,A/Wisconsin/172/2024_H3N2,plate0_1-8-GAAGTGCGTATTGAGT,2575,0.6753,0.6753
PENN23_y1999_s048_d0,A/Wisconsin/172/2024_H3N2,plate0_1-8-GAAGTGCGTATTGAGT,5921,1.177,1
PENN23_y1999_s048_d0,A/Wisconsin/172/2024_H3N2,plate0_1-8-GAAGTGCGTATTGAGT,1.362e+04,0.8019,0.8019
PENN23_y1999_s048_d0,A/DistrictOfColumbia/27/2023_H3N2,plate0_1-8-GAATAATAGAACAGAG,40,0.2945,0.2945
PENN23_y1999_s048_d0,A/DistrictOfColumbia/27/2023_H3N2,plate0_1-8-GAATAATAGAACAGAG,92,0.5278,0.5278
PENN23_y1999_s048_d0,A/DistrictOfColumbia/27/2023_H3N2,plate0_1-8-GAATAATAGAACAGAG,212,0.7151,0.7151
PENN23_y1999_s048_d0,A/DistrictOfColumbia/27/2023_H3N2,plate0_1-8-GAATAATAGAACAGAG,487,0.6472,0.6472
PENN23_y1999_s048_d0,A/DistrictOfColumbia/27/2023_H3N2,plate0_1-8-GAATAATAGAACAGAG,1119,0.62,0.62
PENN23_y1999_s048_d0,A/DistrictOfColumbia/27/2023_H3N2,plate0_1-8-GAATAATAGAACAGAG,2575,0.8284,0.8284
PENN23_y1999_s048_d0,A/DistrictOfColumbia/27/2023_H3N2,plate0_1-8-GAATAATAGAACAGAG,5921,0.9485,0.9485
PENN23_y1999_s048_d0,A/DistrictOfColumbia/27/2023_H3N2,plate0_1-8-GAATAATAGAACAGAG,1.362e+04,1.124,1
PENN23_y1999_s048_d0,A/Tennessee/04/2025_H1N1,plate0_1-8-GACAAAAGGGACATAT,40,0.002093,0.002093
PENN23_y1999_s048_d0,A/Tennessee/04/2025_H1N1,plate0_1-8-GACAAAAGGGACATAT,92,0.0248,0.0248
PENN23_y1999_s048_d0,A/Tennessee/04/2025_H1N1,plate0_1-8-GACAAAAGGGACATAT,212,0.2112,0.2112
PENN23_y1999_s048_d0,A/Tennessee/04/2025_H1N1,plate0_1-8-GACAAAAGGGACATAT,487,0.5929,0.5929
PENN23_y1999_s048_d0,A/Tennessee/04/2025_H1N1,plate0_1-8-GACAAAAGGGACATAT,1119,0.5372,0.5372
PENN23_y1999_s048_d0,A/Tennessee/04/2025_H1N1,plate0_1-8-GACAAAAGGGACATAT,2575,0.7953,0.7953
PENN23_y1999_s048_d0,A/Tennessee/04/2025_H1N1,plate0_1-8-GACAAAAGGGACATAT,5921,0.9799,0.9799
PENN23_y1999_s048_d0,A/Tennessee/04/2025_H1N1,plate0_1-8-GACAAAAGGGACATAT,1.362e+04,1.058,1
PENN23_y1999_s048_d0,A/California/07/2009_H1N1,plate0_1-8-GACACAGAACCCATGC,40,0,0
PENN23_y1999_s048_d0,A/California/07/2009_H1N1,plate0_1-8-GACACAGAACCCATGC,92,0,0
PENN23_y1999_s048_d0,A/California/07/2009_H1N1,plate0_1-8-GACACAGAACCCATGC,212,0,0
PENN23_y1999_s048_d0,A/California/07/2009_H1N1,plate0_1-8-GACACAGAACCCATGC,487,0.01418,0.01418
PENN23_y1999_s048_d0,A/California/07/2009_H1N1,plate0_1-8-GACACAGAACCCATGC,1119,0.02517,0.02517
PENN23_y1999_s048_d0,A/California/07/2009_H1N1,plate0_1-8-GACACAGAACCCATGC,2575,0.521,0.521
PENN23_y1999_s048_d0,A/California/07/2009_H1N1,plate0_1-8-GACACAGAACCCATGC,5921,0.3663,0.3663
PENN23_y1999_s048_d0,A/California/07/2009_H1N1,plate0_1-8-GACACAGAACCCATGC,1.362e+04,1.26,1
PENN23_y1999_s048_d0,A/Oregon/11/2025_H1N1,plate0_1-8-GACCCCTTGTAAGATG,40,0.004683,0.004683
PENN23_y1999_s048_d0,A/Oregon/11/2025_H1N1,plate0_1-8-GACCCCTTGTAAGATG,92,0.02684,0.02684
PENN23_y1999_s048_d0,A/Oregon/11/2025_H1N1,plate0_1-8-GACCCCTTGTAAGATG,212,0.2562,0.2562
PENN23_y1999_s048_d0,A/Oregon/11/2025_H1N1,plate0_1-8-GACCCCTTGTAAGATG,487,0.4194,0.4194
PENN23_y1999_s048_d0,A/Oregon/11/2025_H1N1,plate0_1-8-GACCCCTTGTAAGATG,1119,0.428,0.428
PENN23_y1999_s048_d0,A/Oregon/11/2025_H1N1,plate0_1-8-GACCCCTTGTAAGATG,2575,1.08,1
PENN23_y1999_s048_d0,A/Oregon/11/2025_H1N1,plate0_1-8-GACCCCTTGTAAGATG,5921,0.8082,0.8082
PENN23_y1999_s048_d0,A/Oregon/11/2025_H1N1,plate0_1-8-GACCCCTTGTAAGATG,1.362e+04,1.663,1
PENN23_y1999_s048_d0,A/Massachusetts/ISC-1684/2025_H3N2,plate0_1-8-GACGGGATGGGCACGT,40,0.03314,0.03314
PENN23_y1999_s048_d0,A/Massachusetts/ISC-1684/2025_H3N2,plate0_1-8-GACGGGATGGGCACGT,92,0.1544,0.1544
PENN23_y1999_s048_d0,A/Massachusetts/ISC-1684/2025_H3N2,plate0_1-8-GACGGGATGGGCACGT,212,0.458,0.458
PENN23_y1999_s048_d0,A/Massachusetts/ISC-1684/2025_H3N2,plate0_1-8-GACGGGATGGGCACGT,487,0.3279,0.3279
PENN23_y1999_s048_d0,A/Massachusetts/ISC-1684/2025_H3N2,plate0_1-8-GACGGGATGGGCACGT,1119,0.8529,0.8529
PENN23_y1999_s048_d0,A/Massachusetts/ISC-1684/2025_H3N2,plate0_1-8-GACGGGATGGGCACGT,2575,0.7327,0.7327
PENN23_y1999_s048_d0,A/Massachusetts/ISC-1684/2025_H3N2,plate0_1-8-GACGGGATGGGCACGT,5921,0.7511,0.7511
PENN23_y1999_s048_d0,A/Massachusetts/ISC-1684/2025_H3N2,plate0_1-8-GACGGGATGGGCACGT,1.362e+04,1.315,1
PENN23_y1999_s048_d0,A/Madagascar/00003/2025_H1N1,plate0_1-8-GAGCTTGCTATGGATC,40,0.0004515,0.0004515
PENN23_y1999_s048_d0,A/Madagascar/00003/2025_H1N1,plate0_1-8-GAGCTTGCTATGGATC,92,0.01857,0.01857
PENN23_y1999_s048_d0,A/Madagascar/00003/2025_H1N1,plate0_1-8-GAGCTTGCTATGGATC,212,0.08559,0.08559
PENN23_y1999_s048_d0,A/Madagascar/00003/2025_H1N1,plate0_1-8-GAGCTTGCTATGGATC,487,0.569,0.569
PENN23_y1999_s048_d0,A/Madagascar/00003/2025_H1N1,plate0_1-8-GAGCTTGCTATGGATC,1119,0.425,0.425
PENN23_y1999_s048_d0,A/Madagascar/00003/2025_H1N1,plate0_1-8-GAGCTTGCTATGGATC,2575,0.6317,0.6317
PENN23_y1999_s048_d0,A/Madagascar/00003/2025_H1N1,plate0_1-8-GAGCTTGCTATGGATC,5921,1.113,1
PENN23_y1999_s048_d0,A/Madagascar/00003/2025_H1N1,plate0_1-8-GAGCTTGCTATGGATC,1.362e+04,1.068,1
PENN23_y1999_s048_d0,A/Tambov/160-1V/2024_H1N1,plate0_1-8-GAGGGGATACGTCACC,40,0.001419,0.001419
PENN23_y1999_s048_d0,A/Tambov/160-1V/2024_H1N1,plate0_1-8-GAGGGGATACGTCACC,92,0.01618,0.01618
PENN23_y1999_s048_d0,A/Tambov/160-1V/2024_H1N1,plate0_1-8-GAGGGGATACGTCACC,212,0.09428,0.09428
PENN23_y1999_s048_d0,A/Tambov/160-1V/2024_H1N1,plate0_1-8-GAGGGGATACGTCACC,487,0.2399,0.2399
PENN23_y1999_s048_d0,A/Tambov/160-1V/2024_H1N1,plate0_1-8-GAGGGGATACGTCACC,1119,0.4756,0.4756
PENN23_y1999_s048_d0,A/Tambov/160-1V/2024_H1N1,plate0_1-8-GAGGGGATACGTCACC,2575,0.6825,0.6825
PENN23_y1999_s048_d0,A/Tambov/160-1V/2024_H1N1,plate0_1-8-GAGGGGATACGTCACC,5921,0.838,0.838
PENN23_y1999_s048_d0,A/Tambov/160-1V/2024_H1N1,plate0_1-8-GAGGGGATACGTCACC,1.362e+04,1.218,1
PENN23_y1999_s048_d0,A/Netherlands/01502/2025_H3N2,plate0_1-8-GAGGGGTAGAGATACG,40,0.522,0.522
PENN23_y1999_s048_d0,A/Netherlands/01502/2025_H3N2,plate0_1-8-GAGGGGTAGAGATACG,92,0.8114,0.8114
PENN23_y1999_s048_d0,A/Netherlands/01502/2025_H3N2,plate0_1-8-GAGGGGTAGAGATACG,212,0.7198,0.7198
PENN23_y1999_s048_d0,A/Netherlands/01502/2025_H3N2,plate0_1-8-GAGGGGTAGAGATACG,487,0.8517,0.8517
PENN23_y1999_s048_d0,A/Netherlands/01502/2025_H3N2,plate0_1-8-GAGGGGTAGAGATACG,1119,0.8617,0.8617
PENN23_y1999_s048_d0,A/Netherlands/01502/2025_H3N2,plate0_1-8-GAGGGGTAGAGATACG,2575,1.051,1
PENN23_y1999_s048_d0,A/Netherlands/01502/2025_H3N2,plate0_1-8-GAGGGGTAGAGATACG,5921,0.8407,0.8407
PENN23_y1999_s048_d0,A/Netherlands/01502/2025_H3N2,plate0_1-8-GAGGGGTAGAGATACG,1.362e+04,1.649,1
PENN23_y1999_s048_d0,A/Shanghai-Huangpu/SWL12109/2024_H1N1,plate0_1-8-GATCACGCAGAAAAAG,40,0.001757,0.001757
PENN23_y1999_s048_d0,A/Shanghai-Huangpu/SWL12109/2024_H1N1,plate0_1-8-GATCACGCAGAAAAAG,92,0.02833,0.02833
PENN23_y1999_s048_d0,A/Shanghai-Huangpu/SWL12109/2024_H1N1,plate0_1-8-GATCACGCAGAAAAAG,212,0.3964,0.3964
PENN23_y1999_s048_d0,A/Shanghai-Huangpu/SWL12109/2024_H1N1,plate0_1-8-GATCACGCAGAAAAAG,487,0.6651,0.6651
PENN23_y1999_s048_d0,A/Shanghai-Huangpu/SWL12109/2024_H1N1,plate0_1-8-GATCACGCAGAAAAAG,1119,0.4716,0.4716
PENN23_y1999_s048_d0,A/Shanghai-Huangpu/SWL12109/2024_H1N1,plate0_1-8-GATCACGCAGAAAAAG,2575,0.9042,0.9042
PENN23_y1999_s048_d0,A/Shanghai-Huangpu/SWL12109/2024_H1N1,plate0_1-8-GATCACGCAGAAAAAG,5921,0.8136,0.8136
PENN23_y1999_s048_d0,A/Shanghai-Huangpu/SWL12109/2024_H1N1,plate0_1-8-GATCACGCAGAAAAAG,1.362e+04,1.024,1
PENN23_y1999_s048_d0,A/Colombia/7681/2024_H3N2,plate0_1-8-GATCGCCACTGATAAG,40,0.4422,0.4422
PENN23_y1999_s048_d0,A/Colombia/7681/2024_H3N2,plate0_1-8-GATCGCCACTGATAAG,92,0.5452,0.5452
PENN23_y1999_s048_d0,A/Colombia/7681/2024_H3N2,plate0_1-8-GATCGCCACTGATAAG,212,0.9393,0.9393
PENN23_y1999_s048_d0,A/Colombia/7681/2024_H3N2,plate0_1-8-GATCGCCACTGATAAG,1119,0.7889,0.7889
PENN23_y1999_s048_d0,A/Colombia/7681/2024_H3N2,plate0_1-8-GATCGCCACTGATAAG,2575,0.8724,0.8724
PENN23_y1999_s048_d0,A/Colombia/7681/2024_H3N2,plate0_1-8-GATCGCCACTGATAAG,5921,1.087,1
PENN23_y1999_s048_d0,A/Colombia/7681/2024_H3N2,plate0_1-8-GATCGCCACTGATAAG,1.362e+04,0.873,0.873
PENN23_y1999_s048_d0,A/New_York/39/2025_H3N2,plate0_1-8-GATCGCCATCGACTTC,40,0.3522,0.3522
PENN23_y1999_s048_d0,A/New_York/39/2025_H3N2,plate0_1-8-GATCGCCATCGACTTC,92,0.5041,0.5041
PENN23_y1999_s048_d0,A/New_York/39/2025_H3N2,plate0_1-8-GATCGCCATCGACTTC,212,0.4887,0.4887
PENN23_y1999_s048_d0,A/New_York/39/2025_H3N2,plate0_1-8-GATCGCCATCGACTTC,487,0.5333,0.5333
PENN23_y1999_s048_d0,A/New_York/39/2025_H3N2,plate0_1-8-GATCGCCATCGACTTC,1119,0.4746,0.4746
PENN23_y1999_s048_d0,A/New_York/39/2025_H3N2,plate0_1-8-GATCGCCATCGACTTC,2575,0.6564,0.6564
PENN23_y1999_s048_d0,A/New_York/39/2025_H3N2,plate0_1-8-GATCGCCATCGACTTC,5921,0.8755,0.8755
PENN23_y1999_s048_d0,A/New_York/39/2025_H3N2,plate0_1-8-GATCGCCATCGACTTC,1.362e+04,1.023,1
PENN23_y1999_s048_d0,A/New_York/191/2024_H3N2,plate0_1-8-GATCTTGGGGAGAGTC,40,0.4818,0.4818
PENN23_y1999_s048_d0,A/New_York/191/2024_H3N2,plate0_1-8-GATCTTGGGGAGAGTC,92,0.7873,0.7873
PENN23_y1999_s048_d0,A/New_York/191/2024_H3N2,plate0_1-8-GATCTTGGGGAGAGTC,212,0.5692,0.5692
PENN23_y1999_s048_d0,A/New_York/191/2024_H3N2,plate0_1-8-GATCTTGGGGAGAGTC,487,0.5723,0.5723
PENN23_y1999_s048_d0,A/New_York/191/2024_H3N2,plate0_1-8-GATCTTGGGGAGAGTC,1119,0.7639,0.7639
PENN23_y1999_s048_d0,A/New_York/191/2024_H3N2,plate0_1-8-GATCTTGGGGAGAGTC,2575,0.588,0.588
PENN23_y1999_s048_d0,A/New_York/191/2024_H3N2,plate0_1-8-GATCTTGGGGAGAGTC,5921,0.7216,0.7216
PENN23_y1999_s048_d0,A/New_York/191/2024_H3N2,plate0_1-8-GATCTTGGGGAGAGTC,1.362e+04,1.046,1
PENN23_y1999_s048_d0,A/Vladimir/RII-MH223382S/2024_H1N1,plate0_1-8-GATTCAGATGCCCACC,40,0.005384,0.005384
PENN23_y1999_s048_d0,A/Vladimir/RII-MH223382S/2024_H1N1,plate0_1-8-GATTCAGATGCCCACC,92,0.01007,0.01007
PENN23_y1999_s048_d0,A/Vladimir/RII-MH223382S/2024_H1N1,plate0_1-8-GATTCAGATGCCCACC,212,0.09626,0.09626
PENN23_y1999_s048_d0,A/Vladimir/RII-MH223382S/2024_H1N1,plate0_1-8-GATTCAGATGCCCACC,487,0.4239,0.4239
PENN23_y1999_s048_d0,A/Vladimir/RII-MH223382S/2024_H1N1,plate0_1-8-GATTCAGATGCCCACC,1119,0.434,0.434
PENN23_y1999_s048_d0,A/Vladimir/RII-MH223382S/2024_H1N1,plate0_1-8-GATTCAGATGCCCACC,2575,0.7968,0.7968
PENN23_y1999_s048_d0,A/Vladimir/RII-MH223382S/2024_H1N1,plate0_1-8-GATTCAGATGCCCACC,5921,0.9438,0.9438
PENN23_y1999_s048_d0,A/Vladimir/RII-MH223382S/2024_H1N1,plate0_1-8-GATTCAGATGCCCACC,1.362e+04,0.8632,0.8632
PENN23_y1999_s048_d0,A/France/ARA-RELAB-HCL025017178801/2025_H3N2,plate0_1-8-GCAAACAGTGTAGTTG,40,0.6252,0.6252
PENN23_y1999_s048_d0,A/France/ARA-RELAB-HCL025017178801/2025_H3N2,plate0_1-8-GCAAACAGTGTAGTTG,92,0.5501,0.5501
PENN23_y1999_s048_d0,A/France/ARA-RELAB-HCL025017178801/2025_H3N2,plate0_1-8-GCAAACAGTGTAGTTG,212,0.6967,0.6967
PENN23_y1999_s048_d0,A/France/ARA-RELAB-HCL025017178801/2025_H3N2,plate0_1-8-GCAAACAGTGTAGTTG,487,0.4765,0.4765
PENN23_y1999_s048_d0,A/France/ARA-RELAB-HCL025017178801/2025_H3N2,plate0_1-8-GCAAACAGTGTAGTTG,1119,0.7326,0.7326
PENN23_y1999_s048_d0,A/France/ARA-RELAB-HCL025017178801/2025_H3N2,plate0_1-8-GCAAACAGTGTAGTTG,2575,0.7118,0.7118
PENN23_y1999_s048_d0,A/France/ARA-RELAB-HCL025017178801/2025_H3N2,plate0_1-8-GCAAACAGTGTAGTTG,5921,0.8037,0.8037
PENN23_y1999_s048_d0,A/France/ARA-RELAB-HCL025017178801/2025_H3N2,plate0_1-8-GCAAACAGTGTAGTTG,1.362e+04,0.8073,0.8073
PENN23_y1999_s048_d0,A/Queensland/IN000684/2024_H1N1,plate0_1-8-GCAACAGTCCTAGCAA,40,0.004915,0.004915
PENN23_y1999_s048_d0,A/Queensland/IN000684/2024_H1N1,plate0_1-8-GCAACAGTCCTAGCAA,92,0.04377,0.04377
PENN23_y1999_s048_d0,A/Queensland/IN000684/2024_H1N1,plate0_1-8-GCAACAGTCCTAGCAA,212,0.199,0.199
PENN23_y1999_s048_d0,A/Queensland/IN000684/2024_H1N1,plate0_1-8-GCAACAGTCCTAGCAA,487,0.6134,0.6134
PENN23_y1999_s048_d0,A/Queensland/IN000684/2024_H1N1,plate0_1-8-GCAACAGTCCTAGCAA,1119,0.5546,0.5546
PENN23_y1999_s048_d0,A/Queensland/IN000684/2024_H1N1,plate0_1-8-GCAACAGTCCTAGCAA,2575,0.586,0.586
PENN23_y1999_s048_d0,A/Queensland/IN000684/2024_H1N1,plate0_1-8-GCAACAGTCCTAGCAA,5921,0.9976,0.9976
PENN23_y1999_s048_d0,A/Queensland/IN000684/2024_H1N1,plate0_1-8-GCAACAGTCCTAGCAA,1.362e+04,0.8101,0.8101
PENN23_y1999_s048_d0,A/Kansas/14/2017_H3N2,plate0_1-8-GCAACGAGGTGTAACC,40,0,0
PENN23_y1999_s048_d0,A/Kansas/14/2017_H3N2,plate0_1-8-GCAACGAGGTGTAACC,92,0.00501,0.00501
PENN23_y1999_s048_d0,A/Kansas/14/2017_H3N2,plate0_1-8-GCAACGAGGTGTAACC,212,0.1305,0.1305
PENN23_y1999_s048_d0,A/Kansas/14/2017_H3N2,plate0_1-8-GCAACGAGGTGTAACC,487,0.1789,0.1789
PENN23_y1999_s048_d0,A/Kansas/14/2017_H3N2,plate0_1-8-GCAACGAGGTGTAACC,1119,0.3427,0.3427
PENN23_y1999_s048_d0,A/Kansas/14/2017_H3N2,plate0_1-8-GCAACGAGGTGTAACC,2575,0.8286,0.8286
PENN23_y1999_s048_d0,A/Kansas/14/2017_H3N2,plate0_1-8-GCAACGAGGTGTAACC,5921,0.5078,0.5078
PENN23_y1999_s048_d0,A/Kansas/14/2017_H3N2,plate0_1-8-GCAACGAGGTGTAACC,1.362e+04,0.7896,0.7896
PENN23_y1999_s048_d0,A/Victoria/96/2025_H3N2,plate0_1-8-GCAGCGTGCCGGTCAT,40,0.2466,0.2466
PENN23_y1999_s048_d0,A/Victoria/96/2025_H3N2,plate0_1-8-GCAGCGTGCCGGTCAT,92,0.4557,0.4557
PENN23_y1999_s048_d0,A/Victoria/96/2025_H3N2,plate0_1-8-GCAGCGTGCCGGTCAT,212,0.3575,0.3575
PENN23_y1999_s048_d0,A/Victoria/96/2025_H3N2,plate0_1-8-GCAGCGTGCCGGTCAT,487,0.32,0.32
PENN23_y1999_s048_d0,A/Victoria/96/2025_H3N2,plate0_1-8-GCAGCGTGCCGGTCAT,1119,0.9343,0.9343
PENN23_y1999_s048_d0,A/Victoria/96/2025_H3N2,plate0_1-8-GCAGCGTGCCGGTCAT,2575,0.983,0.983
PENN23_y1999_s048_d0,A/Victoria/96/2025_H3N2,plate0_1-8-GCAGCGTGCCGGTCAT,5921,0.9423,0.9423
PENN23_y1999_s048_d0,A/Victoria/96/2025_H3N2,plate0_1-8-GCAGCGTGCCGGTCAT,1.362e+04,1.35,1
PENN23_y1999_s048_d0,A/Victoria/3480/2024_H3N2,plate0_1-8-GCATCCTCAACTCCTA,40,0.1081,0.1081
PENN23_y1999_s048_d0,A/Victoria/3480/2024_H3N2,plate0_1-8-GCATCCTCAACTCCTA,92,0.3122,0.3122
PENN23_y1999_s048_d0,A/Victoria/3480/2024_H3N2,plate0_1-8-GCATCCTCAACTCCTA,212,0.9,0.9
PENN23_y1999_s048_d0,A/Victoria/3480/2024_H3N2,plate0_1-8-GCATCCTCAACTCCTA,487,0.4915,0.4915
PENN23_y1999_s048_d0,A/Victoria/3480/2024_H3N2,plate0_1-8-GCATCCTCAACTCCTA,1119,0.6307,0.6307
PENN23_y1999_s048_d0,A/Victoria/3480/2024_H3N2,plate0_1-8-GCATCCTCAACTCCTA,2575,0.9118,0.9118
PENN23_y1999_s048_d0,A/Victoria/3480/2024_H3N2,plate0_1-8-GCATCCTCAACTCCTA,5921,0.9584,0.9584
PENN23_y1999_s048_d0,A/Victoria/3480/2024_H3N2,plate0_1-8-GCATCCTCAACTCCTA,1.362e+04,0.9354,0.9354
PENN23_y1999_s048_d0,A/Qinghai-Chengzhong/SWL1410/2024_H1N1,plate0_1-8-GCATGGAACTAACTCC,40,0.003008,0.003008
PENN23_y1999_s048_d0,A/Qinghai-Chengzhong/SWL1410/2024_H1N1,plate0_1-8-GCATGGAACTAACTCC,92,0.03827,0.03827
PENN23_y1999_s048_d0,A/Qinghai-Chengzhong/SWL1410/2024_H1N1,plate0_1-8-GCATGGAACTAACTCC,212,0.1516,0.1516
PENN23_y1999_s048_d0,A/Qinghai-Chengzhong/SWL1410/2024_H1N1,plate0_1-8-GCATGGAACTAACTCC,487,0.3673,0.3673
PENN23_y1999_s048_d0,A/Qinghai-Chengzhong/SWL1410/2024_H1N1,plate0_1-8-GCATGGAACTAACTCC,1119,0.5722,0.5722
PENN23_y1999_s048_d0,A/Qinghai-Chengzhong/SWL1410/2024_H1N1,plate0_1-8-GCATGGAACTAACTCC,2575,0.8304,0.8304
PENN23_y1999_s048_d0,A/Qinghai-Chengzhong/SWL1410/2024_H1N1,plate0_1-8-GCATGGAACTAACTCC,5921,0.9889,0.9889
PENN23_y1999_s048_d0,A/Qinghai-Chengzhong/SWL1410/2024_H1N1,plate0_1-8-GCATGGAACTAACTCC,1.362e+04,1.026,1
PENN23_y1999_s048_d0,A/New_York/GKISBBBE61555/2025_H3N2,plate0_1-8-GCCAGCTCGTATCCCT,40,0.2234,0.2234
PENN23_y1999_s048_d0,A/New_York/GKISBBBE61555/2025_H3N2,plate0_1-8-GCCAGCTCGTATCCCT,92,0.5093,0.5093
PENN23_y1999_s048_d0,A/New_York/GKISBBBE61555/2025_H3N2,plate0_1-8-GCCAGCTCGTATCCCT,212,0.4391,0.4391
PENN23_y1999_s048_d0,A/New_York/GKISBBBE61555/2025_H3N2,plate0_1-8-GCCAGCTCGTATCCCT,487,0.6716,0.6716
PENN23_y1999_s048_d0,A/New_York/GKISBBBE61555/2025_H3N2,plate0_1-8-GCCAGCTCGTATCCCT,1119,0.7255,0.7255
PENN23_y1999_s048_d0,A/New_York/GKISBBBE61555/2025_H3N2,plate0_1-8-GCCAGCTCGTATCCCT,2575,0.8135,0.8135
PENN23_y1999_s048_d0,A/New_York/GKISBBBE61555/2025_H3N2,plate0_1-8-GCCAGCTCGTATCCCT,5921,0.6784,0.6784
PENN23_y1999_s048_d0,A/New_York/GKISBBBE61555/2025_H3N2,plate0_1-8-GCCAGCTCGTATCCCT,1.362e+04,1.133,1
PENN23_y1999_s048_d0,A/Norway/12374/2023_H3N2,plate0_1-8-GCCGCTGCGGCGTGTG,40,0.3825,0.3825
PENN23_y1999_s048_d0,A/Norway/12374/2023_H3N2,plate0_1-8-GCCGCTGCGGCGTGTG,92,0.5804,0.5804
PENN23_y1999_s048_d0,A/Norway/12374/2023_H3N2,plate0_1-8-GCCGCTGCGGCGTGTG,212,0.7385,0.7385
PENN23_y1999_s048_d0,A/Norway/12374/2023_H3N2,plate0_1-8-GCCGCTGCGGCGTGTG,487,0.6398,0.6398
PENN23_y1999_s048_d0,A/Norway/12374/2023_H3N2,plate0_1-8-GCCGCTGCGGCGTGTG,1119,0.7353,0.7353
PENN23_y1999_s048_d0,A/Norway/12374/2023_H3N2,plate0_1-8-GCCGCTGCGGCGTGTG,2575,0.42,0.42
PENN23_y1999_s048_d0,A/Norway/12374/2023_H3N2,plate0_1-8-GCCGCTGCGGCGTGTG,5921,1.284,1
PENN23_y1999_s048_d0,A/Norway/12374/2023_H3N2,plate0_1-8-GCCGCTGCGGCGTGTG,1.362e+04,0.778,0.778
PENN23_y1999_s048_d0,A/Singapore/MOH0547/2024_H1N1,plate0_1-8-GCCGGCGTTAGTGTCA,40,0.005925,0.005925
PENN23_y1999_s048_d0,A/Singapore/MOH0547/2024_H1N1,plate0_1-8-GCCGGCGTTAGTGTCA,92,0.05666,0.05666
PENN23_y1999_s048_d0,A/Singapore/MOH0547/2024_H1N1,plate0_1-8-GCCGGCGTTAGTGTCA,212,0.2246,0.2246
PENN23_y1999_s048_d0,A/Singapore/MOH0547/2024_H1N1,plate0_1-8-GCCGGCGTTAGTGTCA,487,0.8472,0.8472
PENN23_y1999_s048_d0,A/Singapore/MOH0547/2024_H1N1,plate0_1-8-GCCGGCGTTAGTGTCA,1119,0.7738,0.7738
PENN23_y1999_s048_d0,A/Singapore/MOH0547/2024_H1N1,plate0_1-8-GCCGGCGTTAGTGTCA,2575,1.086,1
PENN23_y1999_s048_d0,A/Singapore/MOH0547/2024_H1N1,plate0_1-8-GCCGGCGTTAGTGTCA,5921,1.119,1
PENN23_y1999_s048_d0,A/Singapore/MOH0547/2024_H1N1,plate0_1-8-GCCGGCGTTAGTGTCA,1.362e+04,1.104,1
PENN23_y1999_s048_d0,A/CoteD'Ivoire/4448/2024_H3N2,plate0_1-8-GCCTAAAGGATCATGA,40,0.3106,0.3106
PENN23_y1999_s048_d0,A/CoteD'Ivoire/4448/2024_H3N2,plate0_1-8-GCCTAAAGGATCATGA,92,0.5146,0.5146
PENN23_y1999_s048_d0,A/CoteD'Ivoire/4448/2024_H3N2,plate0_1-8-GCCTAAAGGATCATGA,212,0.4568,0.4568
PENN23_y1999_s048_d0,A/CoteD'Ivoire/4448/2024_H3N2,plate0_1-8-GCCTAAAGGATCATGA,487,0.7975,0.7975
PENN23_y1999_s048_d0,A/CoteD'Ivoire/4448/2024_H3N2,plate0_1-8-GCCTAAAGGATCATGA,1119,0.5933,0.5933
PENN23_y1999_s048_d0,A/CoteD'Ivoire/4448/2024_H3N2,plate0_1-8-GCCTAAAGGATCATGA,2575,0.7546,0.7546
PENN23_y1999_s048_d0,A/CoteD'Ivoire/4448/2024_H3N2,plate0_1-8-GCCTAAAGGATCATGA,5921,0.8737,0.8737
PENN23_y1999_s048_d0,A/CoteD'Ivoire/4448/2024_H3N2,plate0_1-8-GCCTAAAGGATCATGA,1.362e+04,1.11,1
PENN23_y1999_s048_d0,A/Hawaii/ISC-1140/2025_H1N1,plate0_1-8-GCGAAGTTTCATAGCG,40,0.00215,0.00215
PENN23_y1999_s048_d0,A/Hawaii/ISC-1140/2025_H1N1,plate0_1-8-GCGAAGTTTCATAGCG,92,0.0107,0.0107
PENN23_y1999_s048_d0,A/Hawaii/ISC-1140/2025_H1N1,plate0_1-8-GCGAAGTTTCATAGCG,212,0.1619,0.1619
PENN23_y1999_s048_d0,A/Hawaii/ISC-1140/2025_H1N1,plate0_1-8-GCGAAGTTTCATAGCG,487,0.6817,0.6817
PENN23_y1999_s048_d0,A/Hawaii/ISC-1140/2025_H1N1,plate0_1-8-GCGAAGTTTCATAGCG,1119,0.6775,0.6775
PENN23_y1999_s048_d0,A/Hawaii/ISC-1140/2025_H1N1,plate0_1-8-GCGAAGTTTCATAGCG,2575,0.8059,0.8059
PENN23_y1999_s048_d0,A/Hawaii/ISC-1140/2025_H1N1,plate0_1-8-GCGAAGTTTCATAGCG,5921,0.8664,0.8664
PENN23_y1999_s048_d0,A/Hawaii/ISC-1140/2025_H1N1,plate0_1-8-GCGAAGTTTCATAGCG,1.362e+04,1.115,1
PENN23_y1999_s048_d0,A/HongKong/4801/2014egg_H3N2,plate0_1-8-GGTTAACTTTGGAAGC,40,0,0
PENN23_y1999_s048_d0,A/HongKong/4801/2014egg_H3N2,plate0_1-8-GGTTAACTTTGGAAGC,92,0.002748,0.002748
PENN23_y1999_s048_d0,A/HongKong/4801/2014egg_H3N2,plate0_1-8-GGTTAACTTTGGAAGC,212,0.0002637,0.0002637
PENN23_y1999_s048_d0,A/HongKong/4801/2014egg_H3N2,plate0_1-8-GGTTAACTTTGGAAGC,487,0.02934,0.02934
PENN23_y1999_s048_d0,A/HongKong/4801/2014egg_H3N2,plate0_1-8-GGTTAACTTTGGAAGC,1119,0.01601,0.01601
PENN23_y1999_s048_d0,A/HongKong/4801/2014egg_H3N2,plate0_1-8-GGTTAACTTTGGAAGC,2575,0.2759,0.2759
PENN23_y1999_s048_d0,A/HongKong/4801/2014egg_H3N2,plate0_1-8-GGTTAACTTTGGAAGC,5921,0.616,0.616
PENN23_y1999_s048_d0,A/HongKong/4801/2014egg_H3N2,plate0_1-8-GGTTAACTTTGGAAGC,1.362e+04,1.039,1
PENN23_y1999_s048_d0,A/Minnesota/133/2024_H3N2,plate0_1-8-GTAAGCAAAGTTGACC,40,0.2694,0.2694
PENN23_y1999_s048_d0,A/Minnesota/133/2024_H3N2,plate0_1-8-GTAAGCAAAGTTGACC,92,0.7273,0.7273
PENN23_y1999_s048_d0,A/Minnesota/133/2024_H3N2,plate0_1-8-GTAAGCAAAGTTGACC,212,0.5636,0.5636
PENN23_y1999_s048_d0,A/Minnesota/133/2024_H3N2,plate0_1-8-GTAAGCAAAGTTGACC,487,0.7585,0.7585
PENN23_y1999_s048_d0,A/Minnesota/133/2024_H3N2,plate0_1-8-GTAAGCAAAGTTGACC,1119,0.5706,0.5706
PENN23_y1999_s048_d0,A/Minnesota/133/2024_H3N2,plate0_1-8-GTAAGCAAAGTTGACC,2575,0.9063,0.9063
PENN23_y1999_s048_d0,A/Minnesota/133/2024_H3N2,plate0_1-8-GTAAGCAAAGTTGACC,5921,0.9075,0.9075
PENN23_y1999_s048_d0,A/Minnesota/133/2024_H3N2,plate0_1-8-GTAAGCAAAGTTGACC,1.362e+04,0.918,0.918
PENN23_y1999_s048_d0,A/Singapore/INFIMH-16-0019/2016X-307A_H3N2,plate0_1-8-GTAATTCGCATGCGGA,40,0,0
PENN23_y1999_s048_d0,A/Singapore/INFIMH-16-0019/2016X-307A_H3N2,plate0_1-8-GTAATTCGCATGCGGA,92,0.001869,0.001869
PENN23_y1999_s048_d0,A/Singapore/INFIMH-16-0019/2016X-307A_H3N2,plate0_1-8-GTAATTCGCATGCGGA,212,0.0678,0.0678
PENN23_y1999_s048_d0,A/Singapore/INFIMH-16-0019/2016X-307A_H3N2,plate0_1-8-GTAATTCGCATGCGGA,487,0.01161,0.01161
PENN23_y1999_s048_d0,A/Singapore/INFIMH-16-0019/2016X-307A_H3N2,plate0_1-8-GTAATTCGCATGCGGA,1119,0.01038,0.01038
PENN23_y1999_s048_d0,A/Singapore/INFIMH-16-0019/2016X-307A_H3N2,plate0_1-8-GTAATTCGCATGCGGA,2575,0.09975,0.09975
PENN23_y1999_s048_d0,A/Singapore/INFIMH-16-0019/2016X-307A_H3N2,plate0_1-8-GTAATTCGCATGCGGA,5921,0.1814,0.1814
PENN23_y1999_s048_d0,A/Singapore/INFIMH-16-0019/2016X-307A_H3N2,plate0_1-8-GTAATTCGCATGCGGA,1.362e+04,0.1941,0.1941
PENN23_y1999_s048_d0,A/Maldives/2132/2024_H1N1,plate0_1-8-GTACCCAGTTCCTGCG,40,0.007046,0.007046
PENN23_y1999_s048_d0,A/Maldives/2132/2024_H1N1,plate0_1-8-GTACCCAGTTCCTGCG,92,0.04016,0.04016
PENN23_y1999_s048_d0,A/Maldives/2132/2024_H1N1,plate0_1-8-GTACCCAGTTCCTGCG,212,0.2052,0.2052
PENN23_y1999_s048_d0,A/Maldives/2132/2024_H1N1,plate0_1-8-GTACCCAGTTCCTGCG,487,0.2912,0.2912
PENN23_y1999_s048_d0,A/Maldives/2132/2024_H1N1,plate0_1-8-GTACCCAGTTCCTGCG,1119,0.5303,0.5303
PENN23_y1999_s048_d0,A/Maldives/2132/2024_H1N1,plate0_1-8-GTACCCAGTTCCTGCG,2575,0.8494,0.8494
PENN23_y1999_s048_d0,A/Maldives/2132/2024_H1N1,plate0_1-8-GTACCCAGTTCCTGCG,5921,0.9578,0.9578
PENN23_y1999_s048_d0,A/Maldives/2132/2024_H1N1,plate0_1-8-GTACCCAGTTCCTGCG,1.362e+04,1.044,1
PENN23_y1999_s048_d0,A/Zacapa/FLU-012/2025_H1N1,plate0_1-8-GTAGAACTGCGGCCCC,40,0.002653,0.002653
PENN23_y1999_s048_d0,A/Zacapa/FLU-012/2025_H1N1,plate0_1-8-GTAGAACTGCGGCCCC,92,0.0378,0.0378
PENN23_y1999_s048_d0,A/Zacapa/FLU-012/2025_H1N1,plate0_1-8-GTAGAACTGCGGCCCC,212,0.22,0.22
PENN23_y1999_s048_d0,A/Zacapa/FLU-012/2025_H1N1,plate0_1-8-GTAGAACTGCGGCCCC,487,0.5638,0.5638
PENN23_y1999_s048_d0,A/Zacapa/FLU-012/2025_H1N1,plate0_1-8-GTAGAACTGCGGCCCC,1119,0.7452,0.7452
PENN23_y1999_s048_d0,A/Zacapa/FLU-012/2025_H1N1,plate0_1-8-GTAGAACTGCGGCCCC,2575,0.9362,0.9362
PENN23_y1999_s048_d0,A/Zacapa/FLU-012/2025_H1N1,plate0_1-8-GTAGAACTGCGGCCCC,5921,1.209,1
PENN23_y1999_s048_d0,A/Zacapa/FLU-012/2025_H1N1,plate0_1-8-GTAGAACTGCGGCCCC,1.362e+04,1.181,1
PENN23_y1999_s048_d0,A/Colombia/1851/2024_H3N2,plate0_1-8-GTAGATACTAGGACCA,40,0.07268,0.07268
PENN23_y1999_s048_d0,A/Colombia/1851/2024_H3N2,plate0_1-8-GTAGATACTAGGACCA,92,0.2522,0.2522
PENN23_y1999_s048_d0,A/Colombia/1851/2024_H3N2,plate0_1-8-GTAGATACTAGGACCA,212,0.4531,0.4531
PENN23_y1999_s048_d0,A/Colombia/1851/2024_H3N2,plate0_1-8-GTAGATACTAGGACCA,487,0.5099,0.5099
PENN23_y1999_s048_d0,A/Colombia/1851/2024_H3N2,plate0_1-8-GTAGATACTAGGACCA,1119,0.605,0.605
PENN23_y1999_s048_d0,A/Colombia/1851/2024_H3N2,plate0_1-8-GTAGATACTAGGACCA,2575,0.9442,0.9442
PENN23_y1999_s048_d0,A/Colombia/1851/2024_H3N2,plate0_1-8-GTAGATACTAGGACCA,5921,0.9523,0.9523
PENN23_y1999_s048_d0,A/Colombia/1851/2024_H3N2,plate0_1-8-GTAGATACTAGGACCA,1.362e+04,0.9497,0.9497
PENN23_y1999_s048_d0,A/Texas/ISC-1322/2025_H3N2,plate0_1-8-GTCAAGTTACGGATGG,40,0.3699,0.3699
PENN23_y1999_s048_d0,A/Texas/ISC-1322/2025_H3N2,plate0_1-8-GTCAAGTTACGGATGG,92,0.2338,0.2338
PENN23_y1999_s048_d0,A/Texas/ISC-1322/2025_H3N2,plate0_1-8-GTCAAGTTACGGATGG,212,0.4049,0.4049
PENN23_y1999_s048_d0,A/Texas/ISC-1322/2025_H3N2,plate0_1-8-GTCAAGTTACGGATGG,487,0.5534,0.5534
PENN23_y1999_s048_d0,A/Texas/ISC-1322/2025_H3N2,plate0_1-8-GTCAAGTTACGGATGG,1119,0.3978,0.3978
PENN23_y1999_s048_d0,A/Texas/ISC-1322/2025_H3N2,plate0_1-8-GTCAAGTTACGGATGG,2575,0.7678,0.7678
PENN23_y1999_s048_d0,A/Texas/ISC-1322/2025_H3N2,plate0_1-8-GTCAAGTTACGGATGG,5921,1.159,1
PENN23_y1999_s048_d0,A/Texas/ISC-1322/2025_H3N2,plate0_1-8-GTCAAGTTACGGATGG,1.362e+04,1.091,1
PENN23_y1999_s048_d0,A/Norway/12374/2023_H3N2,plate0_1-8-GTCGCATCCTGGAATG,40,0.1216,0.1216
PENN23_y1999_s048_d0,A/Norway/12374/2023_H3N2,plate0_1-8-GTCGCATCCTGGAATG,92,0.5858,0.5858
PENN23_y1999_s048_d0,A/Norway/12374/2023_H3N2,plate0_1-8-GTCGCATCCTGGAATG,212,0.9887,0.9887
PENN23_y1999_s048_d0,A/Norway/12374/2023_H3N2,plate0_1-8-GTCGCATCCTGGAATG,487,0.4622,0.4622
PENN23_y1999_s048_d0,A/Norway/12374/2023_H3N2,plate0_1-8-GTCGCATCCTGGAATG,1119,0.6509,0.6509
PENN23_y1999_s048_d0,A/Norway/12374/2023_H3N2,plate0_1-8-GTCGCATCCTGGAATG,2575,0.5968,0.5968
PENN23_y1999_s048_d0,A/Norway/12374/2023_H3N2,plate0_1-8-GTCGCATCCTGGAATG,5921,0.7559,0.7559
PENN23_y1999_s048_d0,A/Norway/12374/2023_H3N2,plate0_1-8-GTCGCATCCTGGAATG,1.362e+04,0.8329,0.8329
PENN23_y1999_s048_d0,A/Croatia/10136RV/2023_H3N2,plate0_1-8-GTCGCCGCTAATCCGA,40,0.1955,0.1955
PENN23_y1999_s048_d0,A/Croatia/10136RV/2023_H3N2,plate0_1-8-GTCGCCGCTAATCCGA,92,0.3368,0.3368
PENN23_y1999_s048_d0,A/Croatia/10136RV/2023_H3N2,plate0_1-8-GTCGCCGCTAATCCGA,212,0.3837,0.3837
PENN23_y1999_s048_d0,A/Croatia/10136RV/2023_H3N2,plate0_1-8-GTCGCCGCTAATCCGA,487,0.2763,0.2763
PENN23_y1999_s048_d0,A/Croatia/10136RV/2023_H3N2,plate0_1-8-GTCGCCGCTAATCCGA,1119,0.6591,0.6591
PENN23_y1999_s048_d0,A/Croatia/10136RV/2023_H3N2,plate0_1-8-GTCGCCGCTAATCCGA,2575,0.7068,0.7068
PENN23_y1999_s048_d0,A/Croatia/10136RV/2023_H3N2,plate0_1-8-GTCGCCGCTAATCCGA,5921,0.7648,0.7648
PENN23_y1999_s048_d0,A/Croatia/10136RV/2023_H3N2,plate0_1-8-GTCGCCGCTAATCCGA,1.362e+04,1.379,1
PENN23_y1999_s048_d0,A/Canberra/613/2024_H3N2,plate0_1-8-GTGAGCGAGAAAAGCA,40,0.3775,0.3775
PENN23_y1999_s048_d0,A/Canberra/613/2024_H3N2,plate0_1-8-GTGAGCGAGAAAAGCA,92,0.2839,0.2839
PENN23_y1999_s048_d0,A/Canberra/613/2024_H3N2,plate0_1-8-GTGAGCGAGAAAAGCA,212,0.5754,0.5754
PENN23_y1999_s048_d0,A/Canberra/613/2024_H3N2,plate0_1-8-GTGAGCGAGAAAAGCA,487,0.5987,0.5987
PENN23_y1999_s048_d0,A/Canberra/613/2024_H3N2,plate0_1-8-GTGAGCGAGAAAAGCA,1119,0.4426,0.4426
PENN23_y1999_s048_d0,A/Canberra/613/2024_H3N2,plate0_1-8-GTGAGCGAGAAAAGCA,2575,0.7625,0.7625
PENN23_y1999_s048_d0,A/Canberra/613/2024_H3N2,plate0_1-8-GTGAGCGAGAAAAGCA,5921,0.9273,0.9273
PENN23_y1999_s048_d0,A/Canberra/613/2024_H3N2,plate0_1-8-GTGAGCGAGAAAAGCA,1.362e+04,0.814,0.814
PENN23_y1999_s048_d0,A/Vermont/05/2025_H1N1,plate0_1-8-GTGCATCCTAGTGACG,40,0.01011,0.01011
PENN23_y1999_s048_d0,A/Vermont/05/2025_H1N1,plate0_1-8-GTGCATCCTAGTGACG,92,0.01938,0.01938
PENN23_y1999_s048_d0,A/Vermont/05/2025_H1N1,plate0_1-8-GTGCATCCTAGTGACG,212,0.3074,0.3074
PENN23_y1999_s048_d0,A/Vermont/05/2025_H1N1,plate0_1-8-GTGCATCCTAGTGACG,487,0.4048,0.4048
PENN23_y1999_s048_d0,A/Vermont/05/2025_H1N1,plate0_1-8-GTGCATCCTAGTGACG,1119,0.4429,0.4429
PENN23_y1999_s048_d0,A/Vermont/05/2025_H1N1,plate0_1-8-GTGCATCCTAGTGACG,2575,1.39,1
PENN23_y1999_s048_d0,A/Vermont/05/2025_H1N1,plate0_1-8-GTGCATCCTAGTGACG,5921,0.9147,0.9147
PENN23_y1999_s048_d0,A/Vermont/05/2025_H1N1,plate0_1-8-GTGCATCCTAGTGACG,1.362e+04,1.671,1
PENN23_y1999_s048_d0,A/Victoria/3599/2024_H1N1,plate0_1-8-GTGCGATTGTCCGGAA,40,0.00269,0.00269
PENN23_y1999_s048_d0,A/Victoria/3599/2024_H1N1,plate0_1-8-GTGCGATTGTCCGGAA,92,0.02251,0.02251
PENN23_y1999_s048_d0,A/Victoria/3599/2024_H1N1,plate0_1-8-GTGCGATTGTCCGGAA,212,0.2654,0.2654
PENN23_y1999_s048_d0,A/Victoria/3599/2024_H1N1,plate0_1-8-GTGCGATTGTCCGGAA,487,0.4551,0.4551
PENN23_y1999_s048_d0,A/Victoria/3599/2024_H1N1,plate0_1-8-GTGCGATTGTCCGGAA,1119,0.6561,0.6561
PENN23_y1999_s048_d0,A/Victoria/3599/2024_H1N1,plate0_1-8-GTGCGATTGTCCGGAA,2575,0.9715,0.9715
PENN23_y1999_s048_d0,A/Victoria/3599/2024_H1N1,plate0_1-8-GTGCGATTGTCCGGAA,5921,1.044,1
PENN23_y1999_s048_d0,A/Victoria/3599/2024_H1N1,plate0_1-8-GTGCGATTGTCCGGAA,1.362e+04,0.9558,0.9558
PENN23_y1999_s048_d0,A/Utah/39/2025_H1N1,plate0_1-8-GTGGTATCAAGCCGGG,40,0.001239,0.001239
PENN23_y1999_s048_d0,A/Utah/39/2025_H1N1,plate0_1-8-GTGGTATCAAGCCGGG,92,0.01577,0.01577
PENN23_y1999_s048_d0,A/Utah/39/2025_H1N1,plate0_1-8-GTGGTATCAAGCCGGG,212,0.1505,0.1505
PENN23_y1999_s048_d0,A/Utah/39/2025_H1N1,plate0_1-8-GTGGTATCAAGCCGGG,487,0.2731,0.2731
PENN23_y1999_s048_d0,A/Utah/39/2025_H1N1,plate0_1-8-GTGGTATCAAGCCGGG,1119,0.4557,0.4557
PENN23_y1999_s048_d0,A/Utah/39/2025_H1N1,plate0_1-8-GTGGTATCAAGCCGGG,2575,0.5902,0.5902
PENN23_y1999_s048_d0,A/Utah/39/2025_H1N1,plate0_1-8-GTGGTATCAAGCCGGG,5921,0.9706,0.9706
PENN23_y1999_s048_d0,A/Utah/39/2025_H1N1,plate0_1-8-GTGGTATCAAGCCGGG,1.362e+04,0.887,0.887
PENN23_y1999_s048_d0,A/Darwin/6/2021_H3N2,plate0_1-8-GTTATTATGACTTCAT,40,0.06159,0.06159
PENN23_y1999_s048_d0,A/Darwin/6/2021_H3N2,plate0_1-8-GTTATTATGACTTCAT,92,0.1978,0.1978
PENN23_y1999_s048_d0,A/Darwin/6/2021_H3N2,plate0_1-8-GTTATTATGACTTCAT,212,0.4633,0.4633
PENN23_y1999_s048_d0,A/Darwin/6/2021_H3N2,plate0_1-8-GTTATTATGACTTCAT,487,0.6725,0.6725
PENN23_y1999_s048_d0,A/Darwin/6/2021_H3N2,plate0_1-8-GTTATTATGACTTCAT,1119,0.5701,0.5701
PENN23_y1999_s048_d0,A/Darwin/6/2021_H3N2,plate0_1-8-GTTATTATGACTTCAT,2575,0.5857,0.5857
PENN23_y1999_s048_d0,A/Darwin/6/2021_H3N2,plate0_1-8-GTTATTATGACTTCAT,5921,0.9598,0.9598
PENN23_y1999_s048_d0,A/Darwin/6/2021_H3N2,plate0_1-8-GTTATTATGACTTCAT,1.362e+04,0.9784,0.9784
PENN23_y1999_s048_d0,A/Kentucky/57/2024_H3N2,plate0_1-8-GTTGCTCCGACACGCC,40,0.1243,0.1243
PENN23_y1999_s048_d0,A/Kentucky/57/2024_H3N2,plate0_1-8-GTTGCTCCGACACGCC,92,0.3166,0.3166
PENN23_y1999_s048_d0,A/Kentucky/57/2024_H3N2,plate0_1-8-GTTGCTCCGACACGCC,212,0.6276,0.6276
PENN23_y1999_s048_d0,A/Kentucky/57/2024_H3N2,plate0_1-8-GTTGCTCCGACACGCC,487,0.4154,0.4154
PENN23_y1999_s048_d0,A/Kentucky/57/2024_H3N2,plate0_1-8-GTTGCTCCGACACGCC,1119,1.011,1
PENN23_y1999_s048_d0,A/Kentucky/57/2024_H3N2,plate0_1-8-GTTGCTCCGACACGCC,2575,0.6146,0.6146
PENN23_y1999_s048_d0,A/Kentucky/57/2024_H3N2,plate0_1-8-GTTGCTCCGACACGCC,5921,1.252,1
PENN23_y1999_s048_d0,A/Kentucky/57/2024_H3N2,plate0_1-8-GTTGCTCCGACACGCC,1.362e+04,0.8982,0.8982
PENN23_y1999_s048_d0,A/HongKong/45/2019_H3N2,plate0_1-8-TAAAAAGCCTCCATGA,40,2.885e-05,2.885e-05
PENN23_y1999_s048_d0,A/HongKong/45/2019_H3N2,plate0_1-8-TAAAAAGCCTCCATGA,92,0.05283,0.05283
PENN23_y1999_s048_d0,A/HongKong/45/2019_H3N2,plate0_1-8-TAAAAAGCCTCCATGA,212,0.5132,0.5132
PENN23_y1999_s048_d0,A/HongKong/45/2019_H3N2,plate0_1-8-TAAAAAGCCTCCATGA,487,0.1901,0.1901
PENN23_y1999_s048_d0,A/HongKong/45/2019_H3N2,plate0_1-8-TAAAAAGCCTCCATGA,1119,1.044,1
PENN23_y1999_s048_d0,A/HongKong/45/2019_H3N2,plate0_1-8-TAAAAAGCCTCCATGA,2575,2.217,1
PENN23_y1999_s048_d0,A/HongKong/45/2019_H3N2,plate0_1-8-TAAAAAGCCTCCATGA,5921,1.63,1
PENN23_y1999_s048_d0,A/HongKong/45/2019_H3N2,plate0_1-8-TAAAAAGCCTCCATGA,1.362e+04,1.44,1
PENN23_y1999_s048_d0,A/Ulsan/492/2025_H1N1,plate0_1-8-TAACGTGATTTCTCGA,40,0.0009063,0.0009063
PENN23_y1999_s048_d0,A/Ulsan/492/2025_H1N1,plate0_1-8-TAACGTGATTTCTCGA,92,0.05188,0.05188
PENN23_y1999_s048_d0,A/Ulsan/492/2025_H1N1,plate0_1-8-TAACGTGATTTCTCGA,212,0.4679,0.4679
PENN23_y1999_s048_d0,A/Ulsan/492/2025_H1N1,plate0_1-8-TAACGTGATTTCTCGA,487,0.7063,0.7063
PENN23_y1999_s048_d0,A/Ulsan/492/2025_H1N1,plate0_1-8-TAACGTGATTTCTCGA,1119,0.7412,0.7412
PENN23_y1999_s048_d0,A/Ulsan/492/2025_H1N1,plate0_1-8-TAACGTGATTTCTCGA,2575,0.714,0.714
PENN23_y1999_s048_d0,A/Ulsan/492/2025_H1N1,plate0_1-8-TAACGTGATTTCTCGA,5921,0.9289,0.9289
PENN23_y1999_s048_d0,A/Ulsan/492/2025_H1N1,plate0_1-8-TAACGTGATTTCTCGA,1.362e+04,1.015,1
PENN23_y1999_s048_d0,A/Brisbane/02/2018_H1N1,plate0_1-8-TAATAAGCCAGCAAGA,40,0,0
PENN23_y1999_s048_d0,A/Brisbane/02/2018_H1N1,plate0_1-8-TAATAAGCCAGCAAGA,92,0.0002569,0.0002569
PENN23_y1999_s048_d0,A/Brisbane/02/2018_H1N1,plate0_1-8-TAATAAGCCAGCAAGA,212,0.02945,0.02945
PENN23_y1999_s048_d0,A/Brisbane/02/2018_H1N1,plate0_1-8-TAATAAGCCAGCAAGA,487,0.01692,0.01692
PENN23_y1999_s048_d0,A/Brisbane/02/2018_H1N1,plate0_1-8-TAATAAGCCAGCAAGA,1119,0.04983,0.04983
PENN23_y1999_s048_d0,A/Brisbane/02/2018_H1N1,plate0_1-8-TAATAAGCCAGCAAGA,2575,0.3689,0.3689
PENN23_y1999_s048_d0,A/Brisbane/02/2018_H1N1,plate0_1-8-TAATAAGCCAGCAAGA,5921,0.8992,0.8992
PENN23_y1999_s048_d0,A/Brisbane/02/2018_H1N1,plate0_1-8-TAATAAGCCAGCAAGA,1.362e+04,1.071,1
PENN23_y1999_s048_d0,A/Minnesota/131/2024_H1N1,plate0_1-8-TACAAGAGAGGGGTCC,40,0.0002147,0.0002147
PENN23_y1999_s048_d0,A/Minnesota/131/2024_H1N1,plate0_1-8-TACAAGAGAGGGGTCC,92,0.03363,0.03363
PENN23_y1999_s048_d0,A/Minnesota/131/2024_H1N1,plate0_1-8-TACAAGAGAGGGGTCC,212,0.1861,0.1861
PENN23_y1999_s048_d0,A/Minnesota/131/2024_H1N1,plate0_1-8-TACAAGAGAGGGGTCC,487,0.4137,0.4137
PENN23_y1999_s048_d0,A/Minnesota/131/2024_H1N1,plate0_1-8-TACAAGAGAGGGGTCC,1119,0.8225,0.8225
PENN23_y1999_s048_d0,A/Minnesota/131/2024_H1N1,plate0_1-8-TACAAGAGAGGGGTCC,2575,0.7821,0.7821
PENN23_y1999_s048_d0,A/Minnesota/131/2024_H1N1,plate0_1-8-TACAAGAGAGGGGTCC,5921,0.8179,0.8179
PENN23_y1999_s048_d0,A/Minnesota/131/2024_H1N1,plate0_1-8-TACAAGAGAGGGGTCC,1.362e+04,0.9706,0.9706
PENN23_y1999_s048_d0,A/Minnesota/126/2024_H3N2,plate0_1-8-TACATACCGACGCAGT,40,0.07045,0.07045
PENN23_y1999_s048_d0,A/Minnesota/126/2024_H3N2,plate0_1-8-TACATACCGACGCAGT,92,0.2818,0.2818
PENN23_y1999_s048_d0,A/Minnesota/126/2024_H3N2,plate0_1-8-TACATACCGACGCAGT,212,0.7997,0.7997
PENN23_y1999_s048_d0,A/Minnesota/126/2024_H3N2,plate0_1-8-TACATACCGACGCAGT,487,0.8092,0.8092
PENN23_y1999_s048_d0,A/Minnesota/126/2024_H3N2,plate0_1-8-TACATACCGACGCAGT,1119,0.4271,0.4271
PENN23_y1999_s048_d0,A/Minnesota/126/2024_H3N2,plate0_1-8-TACATACCGACGCAGT,2575,0.7339,0.7339
PENN23_y1999_s048_d0,A/Minnesota/126/2024_H3N2,plate0_1-8-TACATACCGACGCAGT,5921,0.928,0.928
PENN23_y1999_s048_d0,A/Minnesota/126/2024_H3N2,plate0_1-8-TACATACCGACGCAGT,1.362e+04,1.104,1
PENN23_y1999_s048_d0,A/Singapore/INFIMH-16-0019/2016_H3N2,plate0_1-8-TACCAATGTCATTTGA,40,0,0
PENN23_y1999_s048_d0,A/Singapore/INFIMH-16-0019/2016_H3N2,plate0_1-8-TACCAATGTCATTTGA,92,0.1366,0.1366
PENN23_y1999_s048_d0,A/Singapore/INFIMH-16-0019/2016_H3N2,plate0_1-8-TACCAATGTCATTTGA,212,0.05505,0.05505
PENN23_y1999_s048_d0,A/Singapore/INFIMH-16-0019/2016_H3N2,plate0_1-8-TACCAATGTCATTTGA,487,0.6719,0.6719
PENN23_y1999_s048_d0,A/Singapore/INFIMH-16-0019/2016_H3N2,plate0_1-8-TACCAATGTCATTTGA,1119,0.5626,0.5626
PENN23_y1999_s048_d0,A/Singapore/INFIMH-16-0019/2016_H3N2,plate0_1-8-TACCAATGTCATTTGA,5921,0.8097,0.8097
PENN23_y1999_s048_d0,A/Singapore/INFIMH-16-0019/2016_H3N2,plate0_1-8-TACCAATGTCATTTGA,1.362e+04,1.431,1
PENN23_y1999_s048_d0,A/Singapore/INFIMH-16-0019/2016_H3N2,plate0_1-8-TACTAGCAATAAAATC,40,0,0
PENN23_y1999_s048_d0,A/Singapore/INFIMH-16-0019/2016_H3N2,plate0_1-8-TACTAGCAATAAAATC,92,0.01305,0.01305
PENN23_y1999_s048_d0,A/Singapore/INFIMH-16-0019/2016_H3N2,plate0_1-8-TACTAGCAATAAAATC,212,0.1929,0.1929
PENN23_y1999_s048_d0,A/Singapore/INFIMH-16-0019/2016_H3N2,plate0_1-8-TACTAGCAATAAAATC,487,0.6156,0.6156
PENN23_y1999_s048_d0,A/Singapore/INFIMH-16-0019/2016_H3N2,plate0_1-8-TACTAGCAATAAAATC,1119,0.4833,0.4833
PENN23_y1999_s048_d0,A/Singapore/INFIMH-16-0019/2016_H3N2,plate0_1-8-TACTAGCAATAAAATC,2575,1.346,1
PENN23_y1999_s048_d0,A/Singapore/INFIMH-16-0019/2016_H3N2,plate0_1-8-TACTAGCAATAAAATC,5921,1.382,1
PENN23_y1999_s048_d0,A/Singapore/INFIMH-16-0019/2016_H3N2,plate0_1-8-TACTAGCAATAAAATC,1.362e+04,0.8972,0.8972
PENN23_y1999_s048_d0,A/Santa_Catarina/333/2025_H3N2,plate0_1-8-TACTGATAACCCTGCG,40,0.2385,0.2385
PENN23_y1999_s048_d0,A/Santa_Catarina/333/2025_H3N2,plate0_1-8-TACTGATAACCCTGCG,92,0.5165,0.5165
PENN23_y1999_s048_d0,A/Santa_Catarina/333/2025_H3N2,plate0_1-8-TACTGATAACCCTGCG,212,0.7194,0.7194
PENN23_y1999_s048_d0,A/Santa_Catarina/333/2025_H3N2,plate0_1-8-TACTGATAACCCTGCG,487,0.6358,0.6358
PENN23_y1999_s048_d0,A/Santa_Catarina/333/2025_H3N2,plate0_1-8-TACTGATAACCCTGCG,1119,0.6942,0.6942
PENN23_y1999_s048_d0,A/Santa_Catarina/333/2025_H3N2,plate0_1-8-TACTGATAACCCTGCG,2575,0.7659,0.7659
PENN23_y1999_s048_d0,A/Santa_Catarina/333/2025_H3N2,plate0_1-8-TACTGATAACCCTGCG,5921,1.304,1
PENN23_y1999_s048_d0,A/Santa_Catarina/333/2025_H3N2,plate0_1-8-TACTGATAACCCTGCG,1.362e+04,0.8607,0.8607
PENN23_y1999_s048_d0,A/Canberra/613/2024_H3N2,plate0_1-8-TAGCATTGTCGGAAAG,40,0.2613,0.2613
PENN23_y1999_s048_d0,A/Canberra/613/2024_H3N2,plate0_1-8-TAGCATTGTCGGAAAG,92,0.2859,0.2859
PENN23_y1999_s048_d0,A/Canberra/613/2024_H3N2,plate0_1-8-TAGCATTGTCGGAAAG,212,0.913,0.913
PENN23_y1999_s048_d0,A/Canberra/613/2024_H3N2,plate0_1-8-TAGCATTGTCGGAAAG,487,0.6066,0.6066
PENN23_y1999_s048_d0,A/Canberra/613/2024_H3N2,plate0_1-8-TAGCATTGTCGGAAAG,1119,0.714,0.714
PENN23_y1999_s048_d0,A/Canberra/613/2024_H3N2,plate0_1-8-TAGCATTGTCGGAAAG,2575,0.8213,0.8213
PENN23_y1999_s048_d0,A/Canberra/613/2024_H3N2,plate0_1-8-TAGCATTGTCGGAAAG,5921,0.786,0.786
PENN23_y1999_s048_d0,A/Canberra/613/2024_H3N2,plate0_1-8-TAGCATTGTCGGAAAG,1.362e+04,1.124,1
PENN23_y1999_s048_d0,A/Madagascar/00003/2025_H1N1,plate0_1-8-TAGCTGATAGTAACTC,40,0.001979,0.001979
PENN23_y1999_s048_d0,A/Madagascar/00003/2025_H1N1,plate0_1-8-TAGCTGATAGTAACTC,92,0.01665,0.01665
PENN23_y1999_s048_d0,A/Madagascar/00003/2025_H1N1,plate0_1-8-TAGCTGATAGTAACTC,212,0.09016,0.09016
PENN23_y1999_s048_d0,A/Madagascar/00003/2025_H1N1,plate0_1-8-TAGCTGATAGTAACTC,487,0.3095,0.3095
PENN23_y1999_s048_d0,A/Madagascar/00003/2025_H1N1,plate0_1-8-TAGCTGATAGTAACTC,1119,0.5435,0.5435
PENN23_y1999_s048_d0,A/Madagascar/00003/2025_H1N1,plate0_1-8-TAGCTGATAGTAACTC,2575,0.8121,0.8121
PENN23_y1999_s048_d0,A/Madagascar/00003/2025_H1N1,plate0_1-8-TAGCTGATAGTAACTC,5921,1.096,1
PENN23_y1999_s048_d0,A/Madagascar/00003/2025_H1N1,plate0_1-8-TAGCTGATAGTAACTC,1.362e+04,1.449,1
PENN23_y1999_s048_d0,A/Kansas/14/2017_H3N2,plate0_1-8-TATACTCACGGAGGAT,40,0.0006336,0.0006336
PENN23_y1999_s048_d0,A/Kansas/14/2017_H3N2,plate0_1-8-TATACTCACGGAGGAT,92,0.0001104,0.0001104
PENN23_y1999_s048_d0,A/Kansas/14/2017_H3N2,plate0_1-8-TATACTCACGGAGGAT,212,1.788,1
PENN23_y1999_s048_d0,A/Kansas/14/2017_H3N2,plate0_1-8-TATACTCACGGAGGAT,487,0.4238,0.4238
PENN23_y1999_s048_d0,A/Kansas/14/2017_H3N2,plate0_1-8-TATACTCACGGAGGAT,1119,0.6614,0.6614
PENN23_y1999_s048_d0,A/Kansas/14/2017_H3N2,plate0_1-8-TATACTCACGGAGGAT,2575,0.5426,0.5426
PENN23_y1999_s048_d0,A/Kansas/14/2017_H3N2,plate0_1-8-TATACTCACGGAGGAT,1.362e+04,0.469,0.469
PENN23_y1999_s048_d0,A/Wisconsin/588/2019_H1N1,plate0_1-8-TATATTAGTAACATAA,40,0,0
PENN23_y1999_s048_d0,A/Wisconsin/588/2019_H1N1,plate0_1-8-TATATTAGTAACATAA,92,0.005874,0.005874
PENN23_y1999_s048_d0,A/Wisconsin/588/2019_H1N1,plate0_1-8-TATATTAGTAACATAA,212,0.07399,0.07399
PENN23_y1999_s048_d0,A/Wisconsin/588/2019_H1N1,plate0_1-8-TATATTAGTAACATAA,487,0.2752,0.2752
PENN23_y1999_s048_d0,A/Wisconsin/588/2019_H1N1,plate0_1-8-TATATTAGTAACATAA,1119,0.4987,0.4987
PENN23_y1999_s048_d0,A/Wisconsin/588/2019_H1N1,plate0_1-8-TATATTAGTAACATAA,2575,0.7212,0.7212
PENN23_y1999_s048_d0,A/Wisconsin/588/2019_H1N1,plate0_1-8-TATATTAGTAACATAA,5921,0.7866,0.7866
PENN23_y1999_s048_d0,A/Wisconsin/588/2019_H1N1,plate0_1-8-TATATTAGTAACATAA,1.362e+04,1.399,1
PENN23_y1999_s048_d0,A/HongKong/45/2019_H3N2,plate0_1-8-TATCCAAGGGACGGAC,40,0,0
PENN23_y1999_s048_d0,A/HongKong/45/2019_H3N2,plate0_1-8-TATCCAAGGGACGGAC,92,0.009147,0.009147
PENN23_y1999_s048_d0,A/HongKong/45/2019_H3N2,plate0_1-8-TATCCAAGGGACGGAC,212,0.1693,0.1693
PENN23_y1999_s048_d0,A/HongKong/45/2019_H3N2,plate0_1-8-TATCCAAGGGACGGAC,487,0.436,0.436
PENN23_y1999_s048_d0,A/HongKong/45/2019_H3N2,plate0_1-8-TATCCAAGGGACGGAC,1119,0.3624,0.3624
PENN23_y1999_s048_d0,A/HongKong/45/2019_H3N2,plate0_1-8-TATCCAAGGGACGGAC,2575,0.8286,0.8286
PENN23_y1999_s048_d0,A/HongKong/45/2019_H3N2,plate0_1-8-TATCCAAGGGACGGAC,5921,1.251,1
PENN23_y1999_s048_d0,A/HongKong/45/2019_H3N2,plate0_1-8-TATCCAAGGGACGGAC,1.362e+04,0.8637,0.8637
PENN23_y1999_s048_d0,A/Queensland/IN000803/2024_H3N2,plate0_1-8-TATGTCGTATCCACAG,40,0.2141,0.2141
PENN23_y1999_s048_d0,A/Queensland/IN000803/2024_H3N2,plate0_1-8-TATGTCGTATCCACAG,92,0.4238,0.4238
PENN23_y1999_s048_d0,A/Queensland/IN000803/2024_H3N2,plate0_1-8-TATGTCGTATCCACAG,212,0.4751,0.4751
PENN23_y1999_s048_d0,A/Queensland/IN000803/2024_H3N2,plate0_1-8-TATGTCGTATCCACAG,487,0.4317,0.4317
PENN23_y1999_s048_d0,A/Queensland/IN000803/2024_H3N2,plate0_1-8-TATGTCGTATCCACAG,1119,0.8906,0.8906
PENN23_y1999_s048_d0,A/Queensland/IN000803/2024_H3N2,plate0_1-8-TATGTCGTATCCACAG,2575,0.7279,0.7279
PENN23_y1999_s048_d0,A/Queensland/IN000803/2024_H3N2,plate0_1-8-TATGTCGTATCCACAG,5921,1.128,1
PENN23_y1999_s048_d0,A/Queensland/IN000803/2024_H3N2,plate0_1-8-TATGTCGTATCCACAG,1.362e+04,1.092,1
PENN23_y1999_s048_d0,A/Illinois/65/2024_H1N1,plate0_1-8-TATTAAGAGAAGTGCG,40,0.002953,0.002953
PENN23_y1999_s048_d0,A/Illinois/65/2024_H1N1,plate0_1-8-TATTAAGAGAAGTGCG,92,0.04857,0.04857
PENN23_y1999_s048_d0,A/Illinois/65/2024_H1N1,plate0_1-8-TATTAAGAGAAGTGCG,212,0.1053,0.1053
PENN23_y1999_s048_d0,A/Illinois/65/2024_H1N1,plate0_1-8-TATTAAGAGAAGTGCG,487,0.4561,0.4561
PENN23_y1999_s048_d0,A/Illinois/65/2024_H1N1,plate0_1-8-TATTAAGAGAAGTGCG,1119,0.591,0.591
PENN23_y1999_s048_d0,A/Illinois/65/2024_H1N1,plate0_1-8-TATTAAGAGAAGTGCG,2575,0.8068,0.8068
PENN23_y1999_s048_d0,A/Illinois/65/2024_H1N1,plate0_1-8-TATTAAGAGAAGTGCG,5921,1.163,1
PENN23_y1999_s048_d0,A/Illinois/65/2024_H1N1,plate0_1-8-TATTAAGAGAAGTGCG,1.362e+04,1.232,1
PENN23_y1999_s048_d0,A/Wisconsin/NIRC-IS-1028/2024_H3N2,plate0_1-8-TCAATCGGGGGCTAAA,40,0.5564,0.5564
PENN23_y1999_s048_d0,A/Wisconsin/NIRC-IS-1028/2024_H3N2,plate0_1-8-TCAATCGGGGGCTAAA,92,0.4062,0.4062
PENN23_y1999_s048_d0,A/Wisconsin/NIRC-IS-1028/2024_H3N2,plate0_1-8-TCAATCGGGGGCTAAA,212,0.5428,0.5428
PENN23_y1999_s048_d0,A/Wisconsin/NIRC-IS-1028/2024_H3N2,plate0_1-8-TCAATCGGGGGCTAAA,487,0.8002,0.8002
PENN23_y1999_s048_d0,A/Wisconsin/NIRC-IS-1028/2024_H3N2,plate0_1-8-TCAATCGGGGGCTAAA,1119,0.5715,0.5715
PENN23_y1999_s048_d0,A/Wisconsin/NIRC-IS-1028/2024_H3N2,plate0_1-8-TCAATCGGGGGCTAAA,2575,0.8998,0.8998
PENN23_y1999_s048_d0,A/Wisconsin/NIRC-IS-1028/2024_H3N2,plate0_1-8-TCAATCGGGGGCTAAA,5921,1.09,1
PENN23_y1999_s048_d0,A/Wisconsin/NIRC-IS-1028/2024_H3N2,plate0_1-8-TCAATCGGGGGCTAAA,1.362e+04,1.152,1
PENN23_y1999_s048_d0,A/Massachusetts/93/2024_H3N2,plate0_1-8-TCACGACTCGACTAAC,40,0.1619,0.1619
PENN23_y1999_s048_d0,A/Massachusetts/93/2024_H3N2,plate0_1-8-TCACGACTCGACTAAC,92,0.1571,0.1571
PENN23_y1999_s048_d0,A/Massachusetts/93/2024_H3N2,plate0_1-8-TCACGACTCGACTAAC,212,0.543,0.543
PENN23_y1999_s048_d0,A/Massachusetts/93/2024_H3N2,plate0_1-8-TCACGACTCGACTAAC,487,0.354,0.354
PENN23_y1999_s048_d0,A/Massachusetts/93/2024_H3N2,plate0_1-8-TCACGACTCGACTAAC,1119,0.6938,0.6938
PENN23_y1999_s048_d0,A/Massachusetts/93/2024_H3N2,plate0_1-8-TCACGACTCGACTAAC,2575,0.8567,0.8567
PENN23_y1999_s048_d0,A/Massachusetts/93/2024_H3N2,plate0_1-8-TCACGACTCGACTAAC,5921,0.9162,0.9162
PENN23_y1999_s048_d0,A/Massachusetts/93/2024_H3N2,plate0_1-8-TCACGACTCGACTAAC,1.362e+04,1.17,1
PENN23_y1999_s048_d0,A/Michigan/UM-10062069629/2025_H3N2,plate0_1-8-TCATGGGTGTACGAGA,40,0.1846,0.1846
PENN23_y1999_s048_d0,A/Michigan/UM-10062069629/2025_H3N2,plate0_1-8-TCATGGGTGTACGAGA,92,0.4272,0.4272
PENN23_y1999_s048_d0,A/Michigan/UM-10062069629/2025_H3N2,plate0_1-8-TCATGGGTGTACGAGA,212,0.5586,0.5586
PENN23_y1999_s048_d0,A/Michigan/UM-10062069629/2025_H3N2,plate0_1-8-TCATGGGTGTACGAGA,487,0.6113,0.6113
PENN23_y1999_s048_d0,A/Michigan/UM-10062069629/2025_H3N2,plate0_1-8-TCATGGGTGTACGAGA,1119,0.6671,0.6671
PENN23_y1999_s048_d0,A/Michigan/UM-10062069629/2025_H3N2,plate0_1-8-TCATGGGTGTACGAGA,2575,0.8363,0.8363
PENN23_y1999_s048_d0,A/Michigan/UM-10062069629/2025_H3N2,plate0_1-8-TCATGGGTGTACGAGA,5921,0.8549,0.8549
PENN23_y1999_s048_d0,A/Michigan/UM-10062069629/2025_H3N2,plate0_1-8-TCATGGGTGTACGAGA,1.362e+04,1.103,1
PENN23_y1999_s048_d0,A/Massachusetts/18/2022_H3N2,plate0_1-8-TCCACACCCCTAGCTA,40,0.0007174,0.0007174
PENN23_y1999_s048_d0,A/Massachusetts/18/2022_H3N2,plate0_1-8-TCCACACCCCTAGCTA,92,0.04473,0.04473
PENN23_y1999_s048_d0,A/Massachusetts/18/2022_H3N2,plate0_1-8-TCCACACCCCTAGCTA,212,0.2411,0.2411
PENN23_y1999_s048_d0,A/Massachusetts/18/2022_H3N2,plate0_1-8-TCCACACCCCTAGCTA,487,0.2226,0.2226
PENN23_y1999_s048_d0,A/Massachusetts/18/2022_H3N2,plate0_1-8-TCCACACCCCTAGCTA,1119,0.3446,0.3446
PENN23_y1999_s048_d0,A/Massachusetts/18/2022_H3N2,plate0_1-8-TCCACACCCCTAGCTA,2575,0.7131,0.7131
PENN23_y1999_s048_d0,A/Massachusetts/18/2022_H3N2,plate0_1-8-TCCACACCCCTAGCTA,5921,0.964,0.964
PENN23_y1999_s048_d0,A/Massachusetts/18/2022_H3N2,plate0_1-8-TCCACACCCCTAGCTA,1.362e+04,0.7778,0.7778
PENN23_y1999_s048_d0,A/Queensland/IN000692/2024_H3N2,plate0_1-8-TCCAGCGCGGTAAGAG,40,0.1468,0.1468
PENN23_y1999_s048_d0,A/Queensland/IN000692/2024_H3N2,plate0_1-8-TCCAGCGCGGTAAGAG,92,0.2744,0.2744
PENN23_y1999_s048_d0,A/Queensland/IN000692/2024_H3N2,plate0_1-8-TCCAGCGCGGTAAGAG,212,0.3967,0.3967
PENN23_y1999_s048_d0,A/Queensland/IN000692/2024_H3N2,plate0_1-8-TCCAGCGCGGTAAGAG,487,0.5377,0.5377
PENN23_y1999_s048_d0,A/Queensland/IN000692/2024_H3N2,plate0_1-8-TCCAGCGCGGTAAGAG,1119,0.5151,0.5151
PENN23_y1999_s048_d0,A/Queensland/IN000692/2024_H3N2,plate0_1-8-TCCAGCGCGGTAAGAG,2575,0.5904,0.5904
PENN23_y1999_s048_d0,A/Queensland/IN000692/2024_H3N2,plate0_1-8-TCCAGCGCGGTAAGAG,5921,0.8532,0.8532
PENN23_y1999_s048_d0,A/Queensland/IN000692/2024_H3N2,plate0_1-8-TCCAGCGCGGTAAGAG,1.362e+04,0.9278,0.9278
PENN23_y1999_s048_d0,A/Texas/50/2012X-223A_H3N2,plate0_1-8-TCCCCGTGGTTTGACA,40,0.00601,0.00601
PENN23_y1999_s048_d0,A/Texas/50/2012X-223A_H3N2,plate0_1-8-TCCCCGTGGTTTGACA,92,0,0
PENN23_y1999_s048_d0,A/Texas/50/2012X-223A_H3N2,plate0_1-8-TCCCCGTGGTTTGACA,212,0,0
PENN23_y1999_s048_d0,A/Texas/50/2012X-223A_H3N2,plate0_1-8-TCCCCGTGGTTTGACA,487,0.002612,0.002612
PENN23_y1999_s048_d0,A/Texas/50/2012X-223A_H3N2,plate0_1-8-TCCCCGTGGTTTGACA,1119,0.001546,0.001546
PENN23_y1999_s048_d0,A/Texas/50/2012X-223A_H3N2,plate0_1-8-TCCCCGTGGTTTGACA,2575,0.1371,0.1371
PENN23_y1999_s048_d0,A/Texas/50/2012X-223A_H3N2,plate0_1-8-TCCCCGTGGTTTGACA,5921,1.301,1
PENN23_y1999_s048_d0,A/Texas/50/2012X-223A_H3N2,plate0_1-8-TCCCCGTGGTTTGACA,1.362e+04,2.868,1
PENN23_y1999_s048_d0,A/Oregon/261/2024_H1N1,plate0_1-8-TCGAACGAAGTAGGAG,40,0.0009244,0.0009244
PENN23_y1999_s048_d0,A/Oregon/261/2024_H1N1,plate0_1-8-TCGAACGAAGTAGGAG,92,0.03638,0.03638
PENN23_y1999_s048_d0,A/Oregon/261/2024_H1N1,plate0_1-8-TCGAACGAAGTAGGAG,212,0.3177,0.3177
PENN23_y1999_s048_d0,A/Oregon/261/2024_H1N1,plate0_1-8-TCGAACGAAGTAGGAG,487,0.5194,0.5194
PENN23_y1999_s048_d0,A/Oregon/261/2024_H1N1,plate0_1-8-TCGAACGAAGTAGGAG,1119,0.7748,0.7748
PENN23_y1999_s048_d0,A/Oregon/261/2024_H1N1,plate0_1-8-TCGAACGAAGTAGGAG,2575,1.008,1
PENN23_y1999_s048_d0,A/Oregon/261/2024_H1N1,plate0_1-8-TCGAACGAAGTAGGAG,5921,1.393,1
PENN23_y1999_s048_d0,A/Oregon/261/2024_H1N1,plate0_1-8-TCGAACGAAGTAGGAG,1.362e+04,2.039,1
PENN23_y1999_s048_d0,A/Ulsan/492/2025_H1N1,plate0_1-8-TCGAGTTAATATGCGC,40,0.00844,0.00844
PENN23_y1999_s048_d0,A/Ulsan/492/2025_H1N1,plate0_1-8-TCGAGTTAATATGCGC,92,0.1263,0.1263
PENN23_y1999_s048_d0,A/Ulsan/492/2025_H1N1,plate0_1-8-TCGAGTTAATATGCGC,212,0.3777,0.3777
PENN23_y1999_s048_d0,A/Ulsan/492/2025_H1N1,plate0_1-8-TCGAGTTAATATGCGC,487,0.854,0.854
PENN23_y1999_s048_d0,A/Ulsan/492/2025_H1N1,plate0_1-8-TCGAGTTAATATGCGC,1119,1.172,1
PENN23_y1999_s048_d0,A/Ulsan/492/2025_H1N1,plate0_1-8-TCGAGTTAATATGCGC,2575,0.9595,0.9595
PENN23_y1999_s048_d0,A/Ulsan/492/2025_H1N1,plate0_1-8-TCGAGTTAATATGCGC,5921,0.9195,0.9195
PENN23_y1999_s048_d0,A/Ulsan/492/2025_H1N1,plate0_1-8-TCGAGTTAATATGCGC,1.362e+04,1.046,1
PENN23_y1999_s048_d0,A/Switzerland/9715293/2013_H3N2,plate0_1-8-TCGATTACTAGCCGGA,40,1.121e-05,1.121e-05
PENN23_y1999_s048_d0,A/Switzerland/9715293/2013_H3N2,plate0_1-8-TCGATTACTAGCCGGA,92,0.03814,0.03814
PENN23_y1999_s048_d0,A/Switzerland/9715293/2013_H3N2,plate0_1-8-TCGATTACTAGCCGGA,212,0.1809,0.1809
PENN23_y1999_s048_d0,A/Switzerland/9715293/2013_H3N2,plate0_1-8-TCGATTACTAGCCGGA,487,0.336,0.336
PENN23_y1999_s048_d0,A/Switzerland/9715293/2013_H3N2,plate0_1-8-TCGATTACTAGCCGGA,1119,0.4286,0.4286
PENN23_y1999_s048_d0,A/Switzerland/9715293/2013_H3N2,plate0_1-8-TCGATTACTAGCCGGA,2575,0.4874,0.4874
PENN23_y1999_s048_d0,A/Switzerland/9715293/2013_H3N2,plate0_1-8-TCGATTACTAGCCGGA,5921,0.5529,0.5529
PENN23_y1999_s048_d0,A/Switzerland/9715293/2013_H3N2,plate0_1-8-TCGATTACTAGCCGGA,1.362e+04,0.9675,0.9675
PENN23_y1999_s048_d0,A/Illinois/65/2024_H1N1,plate0_1-8-TCGCTTCAACTAAAAA,40,0.001174,0.001174
PENN23_y1999_s048_d0,A/Illinois/65/2024_H1N1,plate0_1-8-TCGCTTCAACTAAAAA,92,0.02343,0.02343
PENN23_y1999_s048_d0,A/Illinois/65/2024_H1N1,plate0_1-8-TCGCTTCAACTAAAAA,212,0.2164,0.2164
PENN23_y1999_s048_d0,A/Illinois/65/2024_H1N1,plate0_1-8-TCGCTTCAACTAAAAA,487,0.4088,0.4088
PENN23_y1999_s048_d0,A/Illinois/65/2024_H1N1,plate0_1-8-TCGCTTCAACTAAAAA,1119,0.5366,0.5366
PENN23_y1999_s048_d0,A/Illinois/65/2024_H1N1,plate0_1-8-TCGCTTCAACTAAAAA,2575,0.7782,0.7782
PENN23_y1999_s048_d0,A/Illinois/65/2024_H1N1,plate0_1-8-TCGCTTCAACTAAAAA,5921,0.9988,0.9988
PENN23_y1999_s048_d0,A/Illinois/65/2024_H1N1,plate0_1-8-TCGCTTCAACTAAAAA,1.362e+04,1.157,1
PENN23_y1999_s048_d0,A/Kentucky/57/2024_H3N2,plate0_1-8-TCGTCCGTTGGGAACT,40,0.1011,0.1011
PENN23_y1999_s048_d0,A/Kentucky/57/2024_H3N2,plate0_1-8-TCGTCCGTTGGGAACT,92,0.2109,0.2109
PENN23_y1999_s048_d0,A/Kentucky/57/2024_H3N2,plate0_1-8-TCGTCCGTTGGGAACT,212,0.44,0.44
PENN23_y1999_s048_d0,A/Kentucky/57/2024_H3N2,plate0_1-8-TCGTCCGTTGGGAACT,487,0.631,0.631
PENN23_y1999_s048_d0,A/Kentucky/57/2024_H3N2,plate0_1-8-TCGTCCGTTGGGAACT,1119,0.4819,0.4819
PENN23_y1999_s048_d0,A/Kentucky/57/2024_H3N2,plate0_1-8-TCGTCCGTTGGGAACT,2575,0.817,0.817
PENN23_y1999_s048_d0,A/Kentucky/57/2024_H3N2,plate0_1-8-TCGTCCGTTGGGAACT,5921,0.7657,0.7657
PENN23_y1999_s048_d0,A/Kentucky/57/2024_H3N2,plate0_1-8-TCGTCCGTTGGGAACT,1.362e+04,0.9848,0.9848
PENN23_y1999_s048_d0,A/Santa_Catarina/333/2025_H3N2,plate0_1-8-TCGTCGCACTACTGCT,40,0.3551,0.3551
PENN23_y1999_s048_d0,A/Santa_Catarina/333/2025_H3N2,plate0_1-8-TCGTCGCACTACTGCT,92,0.404,0.404
PENN23_y1999_s048_d0,A/Santa_Catarina/333/2025_H3N2,plate0_1-8-TCGTCGCACTACTGCT,212,0.4417,0.4417
PENN23_y1999_s048_d0,A/Santa_Catarina/333/2025_H3N2,plate0_1-8-TCGTCGCACTACTGCT,487,0.6774,0.6774
PENN23_y1999_s048_d0,A/Santa_Catarina/333/2025_H3N2,plate0_1-8-TCGTCGCACTACTGCT,1119,0.6617,0.6617
PENN23_y1999_s048_d0,A/Santa_Catarina/333/2025_H3N2,plate0_1-8-TCGTCGCACTACTGCT,2575,0.719,0.719
PENN23_y1999_s048_d0,A/Santa_Catarina/333/2025_H3N2,plate0_1-8-TCGTCGCACTACTGCT,5921,0.8047,0.8047
PENN23_y1999_s048_d0,A/Santa_Catarina/333/2025_H3N2,plate0_1-8-TCGTCGCACTACTGCT,1.362e+04,0.7968,0.7968
PENN23_y1999_s048_d0,A/KANAGAWA/AC2408/2025_H1N1,plate0_1-8-TCTAACTCTCGCGGCA,40,0.001146,0.001146
PENN23_y1999_s048_d0,A/KANAGAWA/AC2408/2025_H1N1,plate0_1-8-TCTAACTCTCGCGGCA,92,0.3139,0.3139
PENN23_y1999_s048_d0,A/KANAGAWA/AC2408/2025_H1N1,plate0_1-8-TCTAACTCTCGCGGCA,212,0.5221,0.5221
PENN23_y1999_s048_d0,A/KANAGAWA/AC2408/2025_H1N1,plate0_1-8-TCTAACTCTCGCGGCA,487,0.7872,0.7872
PENN23_y1999_s048_d0,A/KANAGAWA/AC2408/2025_H1N1,plate0_1-8-TCTAACTCTCGCGGCA,1119,0.7064,0.7064
PENN23_y1999_s048_d0,A/KANAGAWA/AC2408/2025_H1N1,plate0_1-8-TCTAACTCTCGCGGCA,2575,0.8324,0.8324
PENN23_y1999_s048_d0,A/KANAGAWA/AC2408/2025_H1N1,plate0_1-8-TCTAACTCTCGCGGCA,5921,0.9345,0.9345
PENN23_y1999_s048_d0,A/KANAGAWA/AC2408/2025_H1N1,plate0_1-8-TCTAACTCTCGCGGCA,1.362e+04,1.322,1
PENN23_y1999_s048_d0,A/Texas/ISC-1148/2025_H3N2,plate0_1-8-TCTCAGCTCTTAGCCG,40,0.3872,0.3872
PENN23_y1999_s048_d0,A/Texas/ISC-1148/2025_H3N2,plate0_1-8-TCTCAGCTCTTAGCCG,92,0.3002,0.3002
PENN23_y1999_s048_d0,A/Texas/ISC-1148/2025_H3N2,plate0_1-8-TCTCAGCTCTTAGCCG,212,0.3977,0.3977
PENN23_y1999_s048_d0,A/Texas/ISC-1148/2025_H3N2,plate0_1-8-TCTCAGCTCTTAGCCG,487,0.4149,0.4149
PENN23_y1999_s048_d0,A/Texas/ISC-1148/2025_H3N2,plate0_1-8-TCTCAGCTCTTAGCCG,1119,0.6495,0.6495
PENN23_y1999_s048_d0,A/Texas/ISC-1148/2025_H3N2,plate0_1-8-TCTCAGCTCTTAGCCG,2575,1.272,1
PENN23_y1999_s048_d0,A/Texas/ISC-1148/2025_H3N2,plate0_1-8-TCTCAGCTCTTAGCCG,5921,1.031,1
PENN23_y1999_s048_d0,A/Texas/ISC-1148/2025_H3N2,plate0_1-8-TCTCAGCTCTTAGCCG,1.362e+04,1.5,1
PENN23_y1999_s048_d0,A/HongKong/4801/2014_H3N2,plate0_1-8-TCTTAGAGTGAACGAT,40,0.002409,0.002409
PENN23_y1999_s048_d0,A/HongKong/4801/2014_H3N2,plate0_1-8-TCTTAGAGTGAACGAT,92,0.03073,0.03073
PENN23_y1999_s048_d0,A/HongKong/4801/2014_H3N2,plate0_1-8-TCTTAGAGTGAACGAT,212,0.353,0.353
PENN23_y1999_s048_d0,A/HongKong/4801/2014_H3N2,plate0_1-8-TCTTAGAGTGAACGAT,487,0.4171,0.4171
PENN23_y1999_s048_d0,A/HongKong/4801/2014_H3N2,plate0_1-8-TCTTAGAGTGAACGAT,1119,0.5516,0.5516
PENN23_y1999_s048_d0,A/HongKong/4801/2014_H3N2,plate0_1-8-TCTTAGAGTGAACGAT,2575,0.9262,0.9262
PENN23_y1999_s048_d0,A/HongKong/4801/2014_H3N2,plate0_1-8-TCTTAGAGTGAACGAT,5921,0.8399,0.8399
PENN23_y1999_s048_d0,A/HongKong/4801/2014_H3N2,plate0_1-8-TCTTAGAGTGAACGAT,1.362e+04,1.052,1
PENN23_y1999_s048_d0,A/Vermont/10/2025_H1N1,plate0_1-8-TCTTAGTCCTCGTATG,40,0.002347,0.002347
PENN23_y1999_s048_d0,A/Vermont/10/2025_H1N1,plate0_1-8-TCTTAGTCCTCGTATG,92,0.01629,0.01629
PENN23_y1999_s048_d0,A/Vermont/10/2025_H1N1,plate0_1-8-TCTTAGTCCTCGTATG,212,0.2297,0.2297
PENN23_y1999_s048_d0,A/Vermont/10/2025_H1N1,plate0_1-8-TCTTAGTCCTCGTATG,487,0.4118,0.4118
PENN23_y1999_s048_d0,A/Vermont/10/2025_H1N1,plate0_1-8-TCTTAGTCCTCGTATG,1119,0.4888,0.4888
PENN23_y1999_s048_d0,A/Vermont/10/2025_H1N1,plate0_1-8-TCTTAGTCCTCGTATG,2575,0.7667,0.7667
PENN23_y1999_s048_d0,A/Vermont/10/2025_H1N1,plate0_1-8-TCTTAGTCCTCGTATG,5921,1.126,1
PENN23_y1999_s048_d0,A/Vermont/10/2025_H1N1,plate0_1-8-TCTTAGTCCTCGTATG,1.362e+04,1.068,1
PENN23_y1999_s048_d0,A/Maldives/2186/2024_H3N2,plate0_1-8-TCTTATTAGGCGGCAT,40,0.2585,0.2585
PENN23_y1999_s048_d0,A/Maldives/2186/2024_H3N2,plate0_1-8-TCTTATTAGGCGGCAT,92,0.6689,0.6689
PENN23_y1999_s048_d0,A/Maldives/2186/2024_H3N2,plate0_1-8-TCTTATTAGGCGGCAT,212,0.5147,0.5147
PENN23_y1999_s048_d0,A/Maldives/2186/2024_H3N2,plate0_1-8-TCTTATTAGGCGGCAT,487,0.6435,0.6435
PENN23_y1999_s048_d0,A/Maldives/2186/2024_H3N2,plate0_1-8-TCTTATTAGGCGGCAT,1119,0.6291,0.6291
PENN23_y1999_s048_d0,A/Maldives/2186/2024_H3N2,plate0_1-8-TCTTATTAGGCGGCAT,2575,0.7566,0.7566
PENN23_y1999_s048_d0,A/Maldives/2186/2024_H3N2,plate0_1-8-TCTTATTAGGCGGCAT,5921,0.7492,0.7492
PENN23_y1999_s048_d0,A/Maldives/2186/2024_H3N2,plate0_1-8-TCTTATTAGGCGGCAT,1.362e+04,0.8731,0.8731
PENN23_y1999_s048_d0,A/Saint-Petersburg/RII-04/2025_H1N1,plate0_1-8-TCTTGACATAGCGATG,40,0.0009214,0.0009214
PENN23_y1999_s048_d0,A/Saint-Petersburg/RII-04/2025_H1N1,plate0_1-8-TCTTGACATAGCGATG,92,0.02123,0.02123
PENN23_y1999_s048_d0,A/Saint-Petersburg/RII-04/2025_H1N1,plate0_1-8-TCTTGACATAGCGATG,212,0.1162,0.1162
PENN23_y1999_s048_d0,A/Saint-Petersburg/RII-04/2025_H1N1,plate0_1-8-TCTTGACATAGCGATG,487,0.3832,0.3832
PENN23_y1999_s048_d0,A/Saint-Petersburg/RII-04/2025_H1N1,plate0_1-8-TCTTGACATAGCGATG,1119,0.728,0.728
PENN23_y1999_s048_d0,A/Saint-Petersburg/RII-04/2025_H1N1,plate0_1-8-TCTTGACATAGCGATG,2575,0.7565,0.7565
PENN23_y1999_s048_d0,A/Saint-Petersburg/RII-04/2025_H1N1,plate0_1-8-TCTTGACATAGCGATG,5921,1.143,1
PENN23_y1999_s048_d0,A/Saint-Petersburg/RII-04/2025_H1N1,plate0_1-8-TCTTGACATAGCGATG,1.362e+04,1.021,1
PENN23_y1999_s048_d0,A/Tambov/160-1V/2024_H1N1,plate0_1-8-TCTTTACCACTGCATC,40,0.001725,0.001725
PENN23_y1999_s048_d0,A/Tambov/160-1V/2024_H1N1,plate0_1-8-TCTTTACCACTGCATC,92,0.01981,0.01981
PENN23_y1999_s048_d0,A/Tambov/160-1V/2024_H1N1,plate0_1-8-TCTTTACCACTGCATC,212,0.137,0.137
PENN23_y1999_s048_d0,A/Tambov/160-1V/2024_H1N1,plate0_1-8-TCTTTACCACTGCATC,487,0.3927,0.3927
PENN23_y1999_s048_d0,A/Tambov/160-1V/2024_H1N1,plate0_1-8-TCTTTACCACTGCATC,1119,0.5433,0.5433
PENN23_y1999_s048_d0,A/Tambov/160-1V/2024_H1N1,plate0_1-8-TCTTTACCACTGCATC,2575,0.7194,0.7194
PENN23_y1999_s048_d0,A/Tambov/160-1V/2024_H1N1,plate0_1-8-TCTTTACCACTGCATC,5921,1.21,1
PENN23_y1999_s048_d0,A/Tambov/160-1V/2024_H1N1,plate0_1-8-TCTTTACCACTGCATC,1.362e+04,1.08,1
PENN23_y1999_s048_d0,A/Manitoba/RV04865/2024_H3N2,plate0_1-8-TGACAACAATACAAAT,40,0.05615,0.05615
PENN23_y1999_s048_d0,A/Manitoba/RV04865/2024_H3N2,plate0_1-8-TGACAACAATACAAAT,92,0.2916,0.2916
PENN23_y1999_s048_d0,A/Manitoba/RV04865/2024_H3N2,plate0_1-8-TGACAACAATACAAAT,212,0.7734,0.7734
PENN23_y1999_s048_d0,A/Manitoba/RV04865/2024_H3N2,plate0_1-8-TGACAACAATACAAAT,487,0.3319,0.3319
PENN23_y1999_s048_d0,A/Manitoba/RV04865/2024_H3N2,plate0_1-8-TGACAACAATACAAAT,1119,0.5,0.5
PENN23_y1999_s048_d0,A/Manitoba/RV04865/2024_H3N2,plate0_1-8-TGACAACAATACAAAT,2575,0.5913,0.5913
PENN23_y1999_s048_d0,A/Manitoba/RV04865/2024_H3N2,plate0_1-8-TGACAACAATACAAAT,5921,0.7225,0.7225
PENN23_y1999_s048_d0,A/Manitoba/RV04865/2024_H3N2,plate0_1-8-TGACAACAATACAAAT,1.362e+04,0.6821,0.6821
PENN23_y1999_s048_d0,A/Texas/50/2012_H3N2,plate0_1-8-TGAGTTCATAGCTCCA,40,0,0
PENN23_y1999_s048_d0,A/Texas/50/2012_H3N2,plate0_1-8-TGAGTTCATAGCTCCA,92,0,0
PENN23_y1999_s048_d0,A/Texas/50/2012_H3N2,plate0_1-8-TGAGTTCATAGCTCCA,212,0.001967,0.001967
PENN23_y1999_s048_d0,A/Texas/50/2012_H3N2,plate0_1-8-TGAGTTCATAGCTCCA,487,0.006566,0.006566
PENN23_y1999_s048_d0,A/Texas/50/2012_H3N2,plate0_1-8-TGAGTTCATAGCTCCA,1119,0.01978,0.01978
PENN23_y1999_s048_d0,A/Texas/50/2012_H3N2,plate0_1-8-TGAGTTCATAGCTCCA,2575,0.2198,0.2198
PENN23_y1999_s048_d0,A/Texas/50/2012_H3N2,plate0_1-8-TGAGTTCATAGCTCCA,5921,0.3172,0.3172
PENN23_y1999_s048_d0,A/Texas/50/2012_H3N2,plate0_1-8-TGAGTTCATAGCTCCA,1.362e+04,1.197,1
PENN23_y1999_s048_d0,A/Massachusetts/ISC-1684/2025_H3N2,plate0_1-8-TGATCTGTGACATTGC,40,0.03625,0.03625
PENN23_y1999_s048_d0,A/Massachusetts/ISC-1684/2025_H3N2,plate0_1-8-TGATCTGTGACATTGC,92,0.313,0.313
PENN23_y1999_s048_d0,A/Massachusetts/ISC-1684/2025_H3N2,plate0_1-8-TGATCTGTGACATTGC,212,0.7623,0.7623
PENN23_y1999_s048_d0,A/Massachusetts/ISC-1684/2025_H3N2,plate0_1-8-TGATCTGTGACATTGC,487,0.4061,0.4061
PENN23_y1999_s048_d0,A/Massachusetts/ISC-1684/2025_H3N2,plate0_1-8-TGATCTGTGACATTGC,1119,1.16,1
PENN23_y1999_s048_d0,A/Massachusetts/ISC-1684/2025_H3N2,plate0_1-8-TGATCTGTGACATTGC,2575,1.02,1
PENN23_y1999_s048_d0,A/Massachusetts/ISC-1684/2025_H3N2,plate0_1-8-TGATCTGTGACATTGC,5921,1.059,1
PENN23_y1999_s048_d0,A/Massachusetts/ISC-1684/2025_H3N2,plate0_1-8-TGATCTGTGACATTGC,1.362e+04,1.604,1
PENN23_y1999_s048_d0,A/NovaScotia/ET1801CP00018S/2025_H1N1,plate0_1-8-TGCAGTGGTATACATA,40,0.001381,0.001381
PENN23_y1999_s048_d0,A/NovaScotia/ET1801CP00018S/2025_H1N1,plate0_1-8-TGCAGTGGTATACATA,92,0.02366,0.02366
PENN23_y1999_s048_d0,A/NovaScotia/ET1801CP00018S/2025_H1N1,plate0_1-8-TGCAGTGGTATACATA,212,0.2543,0.2543
PENN23_y1999_s048_d0,A/NovaScotia/ET1801CP00018S/2025_H1N1,plate0_1-8-TGCAGTGGTATACATA,487,0.568,0.568
PENN23_y1999_s048_d0,A/NovaScotia/ET1801CP00018S/2025_H1N1,plate0_1-8-TGCAGTGGTATACATA,1119,0.5855,0.5855
PENN23_y1999_s048_d0,A/NovaScotia/ET1801CP00018S/2025_H1N1,plate0_1-8-TGCAGTGGTATACATA,2575,0.8098,0.8098
PENN23_y1999_s048_d0,A/NovaScotia/ET1801CP00018S/2025_H1N1,plate0_1-8-TGCAGTGGTATACATA,5921,1.206,1
PENN23_y1999_s048_d0,A/NovaScotia/ET1801CP00018S/2025_H1N1,plate0_1-8-TGCAGTGGTATACATA,1.362e+04,1.013,1
PENN23_y1999_s048_d0,A/TOKYO/EIS11-277/2024_H1N1,plate0_1-8-TGCGGTGGTCGATCCG,40,0.0007919,0.0007919
PENN23_y1999_s048_d0,A/TOKYO/EIS11-277/2024_H1N1,plate0_1-8-TGCGGTGGTCGATCCG,92,0.02343,0.02343
PENN23_y1999_s048_d0,A/TOKYO/EIS11-277/2024_H1N1,plate0_1-8-TGCGGTGGTCGATCCG,212,0.2482,0.2482
PENN23_y1999_s048_d0,A/TOKYO/EIS11-277/2024_H1N1,plate0_1-8-TGCGGTGGTCGATCCG,487,0.444,0.444
PENN23_y1999_s048_d0,A/TOKYO/EIS11-277/2024_H1N1,plate0_1-8-TGCGGTGGTCGATCCG,1119,0.5784,0.5784
PENN23_y1999_s048_d0,A/TOKYO/EIS11-277/2024_H1N1,plate0_1-8-TGCGGTGGTCGATCCG,2575,0.6892,0.6892
PENN23_y1999_s048_d0,A/TOKYO/EIS11-277/2024_H1N1,plate0_1-8-TGCGGTGGTCGATCCG,5921,1.618,1
PENN23_y1999_s048_d0,A/TOKYO/EIS11-277/2024_H1N1,plate0_1-8-TGCGGTGGTCGATCCG,1.362e+04,1.184,1
PENN23_y1999_s048_d0,A/Qatar/83328/2024_H1N1,plate0_1-8-TGCTATTCCGGCGCGG,40,0.003652,0.003652
PENN23_y1999_s048_d0,A/Qatar/83328/2024_H1N1,plate0_1-8-TGCTATTCCGGCGCGG,92,0.01798,0.01798
PENN23_y1999_s048_d0,A/Qatar/83328/2024_H1N1,plate0_1-8-TGCTATTCCGGCGCGG,212,0.1157,0.1157
PENN23_y1999_s048_d0,A/Qatar/83328/2024_H1N1,plate0_1-8-TGCTATTCCGGCGCGG,487,0.4439,0.4439
PENN23_y1999_s048_d0,A/Qatar/83328/2024_H1N1,plate0_1-8-TGCTATTCCGGCGCGG,1119,0.7441,0.7441
PENN23_y1999_s048_d0,A/Qatar/83328/2024_H1N1,plate0_1-8-TGCTATTCCGGCGCGG,2575,0.7795,0.7795
PENN23_y1999_s048_d0,A/Qatar/83328/2024_H1N1,plate0_1-8-TGCTATTCCGGCGCGG,5921,1.001,1
PENN23_y1999_s048_d0,A/Qatar/83328/2024_H1N1,plate0_1-8-TGCTATTCCGGCGCGG,1.362e+04,1.104,1
PENN23_y1999_s048_d0,A/Hawaii/70/2019_H1N1,plate0_1-8-TGGAATCGTCACCGAT,40,1.616e-05,1.616e-05
PENN23_y1999_s048_d0,A/Hawaii/70/2019_H1N1,plate0_1-8-TGGAATCGTCACCGAT,92,0.00498,0.00498
PENN23_y1999_s048_d0,A/Hawaii/70/2019_H1N1,plate0_1-8-TGGAATCGTCACCGAT,212,0.01116,0.01116
PENN23_y1999_s048_d0,A/Hawaii/70/2019_H1N1,plate0_1-8-TGGAATCGTCACCGAT,487,0.02434,0.02434
PENN23_y1999_s048_d0,A/Hawaii/70/2019_H1N1,plate0_1-8-TGGAATCGTCACCGAT,1119,0.2698,0.2698
PENN23_y1999_s048_d0,A/Hawaii/70/2019_H1N1,plate0_1-8-TGGAATCGTCACCGAT,2575,0.6751,0.6751
PENN23_y1999_s048_d0,A/Hawaii/70/2019_H1N1,plate0_1-8-TGGAATCGTCACCGAT,5921,0.6278,0.6278
PENN23_y1999_s048_d0,A/Hawaii/70/2019_H1N1,plate0_1-8-TGGAATCGTCACCGAT,1.362e+04,0.7488,0.7488
PENN23_y1999_s048_d0,A/DE/DE-DHSS-901/2025_(H3N2)_H3N2,plate0_1-8-TGGTCCGCTTCATGCT,40,0.02172,0.02172
PENN23_y1999_s048_d0,A/DE/DE-DHSS-901/2025_(H3N2)_H3N2,plate0_1-8-TGGTCCGCTTCATGCT,92,0.506,0.506
PENN23_y1999_s048_d0,A/DE/DE-DHSS-901/2025_(H3N2)_H3N2,plate0_1-8-TGGTCCGCTTCATGCT,212,0.4176,0.4176
PENN23_y1999_s048_d0,A/DE/DE-DHSS-901/2025_(H3N2)_H3N2,plate0_1-8-TGGTCCGCTTCATGCT,487,0.4691,0.4691
PENN23_y1999_s048_d0,A/DE/DE-DHSS-901/2025_(H3N2)_H3N2,plate0_1-8-TGGTCCGCTTCATGCT,1119,1.217,1
PENN23_y1999_s048_d0,A/DE/DE-DHSS-901/2025_(H3N2)_H3N2,plate0_1-8-TGGTCCGCTTCATGCT,2575,0.5616,0.5616
PENN23_y1999_s048_d0,A/DE/DE-DHSS-901/2025_(H3N2)_H3N2,plate0_1-8-TGGTCCGCTTCATGCT,5921,0.8314,0.8314
PENN23_y1999_s048_d0,A/DE/DE-DHSS-901/2025_(H3N2)_H3N2,plate0_1-8-TGGTCCGCTTCATGCT,1.362e+04,0.8445,0.8445
PENN23_y1999_s048_d0,A/Washington/UW-25728/2024_H3N2,plate0_1-8-TGTAATAGGCGTCACA,40,0.4715,0.4715
PENN23_y1999_s048_d0,A/Washington/UW-25728/2024_H3N2,plate0_1-8-TGTAATAGGCGTCACA,92,0.4532,0.4532
PENN23_y1999_s048_d0,A/Washington/UW-25728/2024_H3N2,plate0_1-8-TGTAATAGGCGTCACA,212,0.7283,0.7283
PENN23_y1999_s048_d0,A/Washington/UW-25728/2024_H3N2,plate0_1-8-TGTAATAGGCGTCACA,487,0.8542,0.8542
PENN23_y1999_s048_d0,A/Washington/UW-25728/2024_H3N2,plate0_1-8-TGTAATAGGCGTCACA,1119,0.598,0.598
PENN23_y1999_s048_d0,A/Washington/UW-25728/2024_H3N2,plate0_1-8-TGTAATAGGCGTCACA,2575,1.056,1
PENN23_y1999_s048_d0,A/Washington/UW-25728/2024_H3N2,plate0_1-8-TGTAATAGGCGTCACA,5921,0.8093,0.8093
PENN23_y1999_s048_d0,A/Washington/UW-25728/2024_H3N2,plate0_1-8-TGTAATAGGCGTCACA,1.362e+04,1.117,1
PENN23_y1999_s048_d0,A/TOKYO/EIS11-277/2024_H1N1,plate0_1-8-TGTCCGGATAAAGTAG,40,0.001935,0.001935
PENN23_y1999_s048_d0,A/TOKYO/EIS11-277/2024_H1N1,plate0_1-8-TGTCCGGATAAAGTAG,92,0.02047,0.02047
PENN23_y1999_s048_d0,A/TOKYO/EIS11-277/2024_H1N1,plate0_1-8-TGTCCGGATAAAGTAG,212,0.3222,0.3222
PENN23_y1999_s048_d0,A/TOKYO/EIS11-277/2024_H1N1,plate0_1-8-TGTCCGGATAAAGTAG,487,0.3753,0.3753
PENN23_y1999_s048_d0,A/TOKYO/EIS11-277/2024_H1N1,plate0_1-8-TGTCCGGATAAAGTAG,1119,0.5183,0.5183
PENN23_y1999_s048_d0,A/TOKYO/EIS11-277/2024_H1N1,plate0_1-8-TGTCCGGATAAAGTAG,2575,0.7643,0.7643
PENN23_y1999_s048_d0,A/TOKYO/EIS11-277/2024_H1N1,plate0_1-8-TGTCCGGATAAAGTAG,5921,0.8156,0.8156
PENN23_y1999_s048_d0,A/TOKYO/EIS11-277/2024_H1N1,plate0_1-8-TGTCCGGATAAAGTAG,1.362e+04,1.1,1
PENN23_y1999_s048_d0,A/Pakistan/306/2024_H1N1,plate0_1-8-TGTTGAGCCAGTCTGA,40,0.003397,0.003397
PENN23_y1999_s048_d0,A/Pakistan/306/2024_H1N1,plate0_1-8-TGTTGAGCCAGTCTGA,92,0.03412,0.03412
PENN23_y1999_s048_d0,A/Pakistan/306/2024_H1N1,plate0_1-8-TGTTGAGCCAGTCTGA,212,0.1716,0.1716
PENN23_y1999_s048_d0,A/Pakistan/306/2024_H1N1,plate0_1-8-TGTTGAGCCAGTCTGA,487,0.7585,0.7585
PENN23_y1999_s048_d0,A/Pakistan/306/2024_H1N1,plate0_1-8-TGTTGAGCCAGTCTGA,1119,0.6962,0.6962
PENN23_y1999_s048_d0,A/Pakistan/306/2024_H1N1,plate0_1-8-TGTTGAGCCAGTCTGA,2575,0.7499,0.7499
PENN23_y1999_s048_d0,A/Pakistan/306/2024_H1N1,plate0_1-8-TGTTGAGCCAGTCTGA,5921,0.9164,0.9164
PENN23_y1999_s048_d0,A/Pakistan/306/2024_H1N1,plate0_1-8-TGTTGAGCCAGTCTGA,1.362e+04,1.068,1
PENN23_y1999_s048_d0,A/Cambodia/e0826360/2020egg_H3N2,plate0_1-8-TGTTGTAATCTGAATA,40,0,0
PENN23_y1999_s048_d0,A/Cambodia/e0826360/2020egg_H3N2,plate0_1-8-TGTTGTAATCTGAATA,92,0,0
PENN23_y1999_s048_d0,A/Cambodia/e0826360/2020egg_H3N2,plate0_1-8-TGTTGTAATCTGAATA,212,0.09531,0.09531
PENN23_y1999_s048_d0,A/Cambodia/e0826360/2020egg_H3N2,plate0_1-8-TGTTGTAATCTGAATA,487,0.01393,0.01393
PENN23_y1999_s048_d0,A/Cambodia/e0826360/2020egg_H3N2,plate0_1-8-TGTTGTAATCTGAATA,1119,0.1181,0.1181
PENN23_y1999_s048_d0,A/Cambodia/e0826360/2020egg_H3N2,plate0_1-8-TGTTGTAATCTGAATA,2575,0.2479,0.2479
PENN23_y1999_s048_d0,A/Cambodia/e0826360/2020egg_H3N2,plate0_1-8-TGTTGTAATCTGAATA,5921,0.5808,0.5808
PENN23_y1999_s048_d0,A/Cambodia/e0826360/2020egg_H3N2,plate0_1-8-TGTTGTAATCTGAATA,1.362e+04,0.9511,0.9511
PENN23_y1999_s048_d0,A/Wisconsin/NIRC-IS-1111/2025_H1N1,plate0_1-8-TTAATGTAGCCGCTCC,40,0.005285,0.005285
PENN23_y1999_s048_d0,A/Wisconsin/NIRC-IS-1111/2025_H1N1,plate0_1-8-TTAATGTAGCCGCTCC,92,0.02092,0.02092
PENN23_y1999_s048_d0,A/Wisconsin/NIRC-IS-1111/2025_H1N1,plate0_1-8-TTAATGTAGCCGCTCC,212,0.09559,0.09559
PENN23_y1999_s048_d0,A/Wisconsin/NIRC-IS-1111/2025_H1N1,plate0_1-8-TTAATGTAGCCGCTCC,487,0.3952,0.3952
PENN23_y1999_s048_d0,A/Wisconsin/NIRC-IS-1111/2025_H1N1,plate0_1-8-TTAATGTAGCCGCTCC,1119,0.6605,0.6605
PENN23_y1999_s048_d0,A/Wisconsin/NIRC-IS-1111/2025_H1N1,plate0_1-8-TTAATGTAGCCGCTCC,2575,0.5486,0.5486
PENN23_y1999_s048_d0,A/Wisconsin/NIRC-IS-1111/2025_H1N1,plate0_1-8-TTAATGTAGCCGCTCC,5921,0.6075,0.6075
PENN23_y1999_s048_d0,A/Wisconsin/NIRC-IS-1111/2025_H1N1,plate0_1-8-TTAATGTAGCCGCTCC,1.362e+04,0.9039,0.9039
PENN23_y1999_s048_d0,A/Punta_Arenas/83659/2024_H3N2,plate0_1-8-TTACGAATTTGATTCC,40,0.2717,0.2717
PENN23_y1999_s048_d0,A/Punta_Arenas/83659/2024_H3N2,plate0_1-8-TTACGAATTTGATTCC,92,0.4615,0.4615
PENN23_y1999_s048_d0,A/Punta_Arenas/83659/2024_H3N2,plate0_1-8-TTACGAATTTGATTCC,212,0.8376,0.8376
PENN23_y1999_s048_d0,A/Punta_Arenas/83659/2024_H3N2,plate0_1-8-TTACGAATTTGATTCC,487,0.751,0.751
PENN23_y1999_s048_d0,A/Punta_Arenas/83659/2024_H3N2,plate0_1-8-TTACGAATTTGATTCC,1119,0.5679,0.5679
PENN23_y1999_s048_d0,A/Punta_Arenas/83659/2024_H3N2,plate0_1-8-TTACGAATTTGATTCC,2575,0.7582,0.7582
PENN23_y1999_s048_d0,A/Punta_Arenas/83659/2024_H3N2,plate0_1-8-TTACGAATTTGATTCC,5921,0.9904,0.9904
PENN23_y1999_s048_d0,A/Punta_Arenas/83659/2024_H3N2,plate0_1-8-TTACGAATTTGATTCC,1.362e+04,0.9397,0.9397
PENN23_y1999_s048_d0,A/HongKong/2671/2019_H3N2,plate0_1-8-TTCATCAAGTTGGTGC,40,0,0
PENN23_y1999_s048_d0,A/HongKong/2671/2019_H3N2,plate0_1-8-TTCATCAAGTTGGTGC,92,0,0
PENN23_y1999_s048_d0,A/HongKong/2671/2019_H3N2,plate0_1-8-TTCATCAAGTTGGTGC,212,0,0
PENN23_y1999_s048_d0,A/HongKong/2671/2019_H3N2,plate0_1-8-TTCATCAAGTTGGTGC,487,0.002191,0.002191
PENN23_y1999_s048_d0,A/HongKong/2671/2019_H3N2,plate0_1-8-TTCATCAAGTTGGTGC,1119,0.02458,0.02458
PENN23_y1999_s048_d0,A/HongKong/2671/2019_H3N2,plate0_1-8-TTCATCAAGTTGGTGC,2575,0.2535,0.2535
PENN23_y1999_s048_d0,A/HongKong/2671/2019_H3N2,plate0_1-8-TTCATCAAGTTGGTGC,5921,0.5827,0.5827
PENN23_y1999_s048_d0,A/HongKong/2671/2019_H3N2,plate0_1-8-TTCATCAAGTTGGTGC,1.362e+04,1.275,1
PENN23_y1999_s048_d0,A/Netherlands/01502/2025_H3N2,plate0_1-8-TTCTGTCCAGACTCGT,40,0.3744,0.3744
PENN23_y1999_s048_d0,A/Netherlands/01502/2025_H3N2,plate0_1-8-TTCTGTCCAGACTCGT,92,0.4224,0.4224
PENN23_y1999_s048_d0,A/Netherlands/01502/2025_H3N2,plate0_1-8-TTCTGTCCAGACTCGT,212,0.4675,0.4675
PENN23_y1999_s048_d0,A/Netherlands/01502/2025_H3N2,plate0_1-8-TTCTGTCCAGACTCGT,487,0.4877,0.4877
PENN23_y1999_s048_d0,A/Netherlands/01502/2025_H3N2,plate0_1-8-TTCTGTCCAGACTCGT,1119,0.8656,0.8656
PENN23_y1999_s048_d0,A/Netherlands/01502/2025_H3N2,plate0_1-8-TTCTGTCCAGACTCGT,2575,0.8478,0.8478
PENN23_y1999_s048_d0,A/Netherlands/01502/2025_H3N2,plate0_1-8-TTCTGTCCAGACTCGT,5921,1.138,1
PENN23_y1999_s048_d0,A/Netherlands/01502/2025_H3N2,plate0_1-8-TTCTGTCCAGACTCGT,1.362e+04,1.053,1
PENN23_y1999_s048_d0,A/Michigan/45/2015_H1N1,plate0_1-8-TTGAAAAAATCATAAA,40,0,0
PENN23_y1999_s048_d0,A/Michigan/45/2015_H1N1,plate0_1-8-TTGAAAAAATCATAAA,92,0,0
PENN23_y1999_s048_d0,A/Michigan/45/2015_H1N1,plate0_1-8-TTGAAAAAATCATAAA,212,0.001262,0.001262
PENN23_y1999_s048_d0,A/Michigan/45/2015_H1N1,plate0_1-8-TTGAAAAAATCATAAA,487,0.01238,0.01238
PENN23_y1999_s048_d0,A/Michigan/45/2015_H1N1,plate0_1-8-TTGAAAAAATCATAAA,1119,0.02812,0.02812
PENN23_y1999_s048_d0,A/Michigan/45/2015_H1N1,plate0_1-8-TTGAAAAAATCATAAA,2575,0.2676,0.2676
PENN23_y1999_s048_d0,A/Michigan/45/2015_H1N1,plate0_1-8-TTGAAAAAATCATAAA,5921,0.632,0.632
PENN23_y1999_s048_d0,A/Michigan/45/2015_H1N1,plate0_1-8-TTGAAAAAATCATAAA,1.362e+04,0.6775,0.6775
PENN23_y1999_s048_d0,A/Cambodia/e0826360/2020_H3N2,plate0_1-8-TTGACTCACCGAATAA,40,0.006688,0.006688
PENN23_y1999_s048_d0,A/Cambodia/e0826360/2020_H3N2,plate0_1-8-TTGACTCACCGAATAA,92,0.4782,0.4782
PENN23_y1999_s048_d0,A/Cambodia/e0826360/2020_H3N2,plate0_1-8-TTGACTCACCGAATAA,212,0.1142,0.1142
PENN23_y1999_s048_d0,A/Cambodia/e0826360/2020_H3N2,plate0_1-8-TTGACTCACCGAATAA,487,1.116,1
PENN23_y1999_s048_d0,A/Cambodia/e0826360/2020_H3N2,plate0_1-8-TTGACTCACCGAATAA,1119,1.354,1
PENN23_y1999_s048_d0,A/Cambodia/e0826360/2020_H3N2,plate0_1-8-TTGACTCACCGAATAA,2575,1.015,1
PENN23_y1999_s048_d0,A/Cambodia/e0826360/2020_H3N2,plate0_1-8-TTGACTCACCGAATAA,5921,1.287,1
PENN23_y1999_s048_d0,A/Cambodia/e0826360/2020_H3N2,plate0_1-8-TTGACTCACCGAATAA,1.362e+04,0.9103,0.9103
PENN23_y1999_s048_d0,A/Cambodia/e0826360/2020_H3N2,plate0_1-8-TTGCAATTGAAACATA,40,0.04574,0.04574
PENN23_y1999_s048_d0,A/Cambodia/e0826360/2020_H3N2,plate0_1-8-TTGCAATTGAAACATA,92,0.3649,0.3649
PENN23_y1999_s048_d0,A/Cambodia/e0826360/2020_H3N2,plate0_1-8-TTGCAATTGAAACATA,212,0.4832,0.4832
PENN23_y1999_s048_d0,A/Cambodia/e0826360/2020_H3N2,plate0_1-8-TTGCAATTGAAACATA,487,0.403,0.403
PENN23_y1999_s048_d0,A/Cambodia/e0826360/2020_H3N2,plate0_1-8-TTGCAATTGAAACATA,1119,0.4973,0.4973
PENN23_y1999_s048_d0,A/Cambodia/e0826360/2020_H3N2,plate0_1-8-TTGCAATTGAAACATA,2575,1.292,1
PENN23_y1999_s048_d0,A/Cambodia/e0826360/2020_H3N2,plate0_1-8-TTGCAATTGAAACATA,5921,1.196,1
PENN23_y1999_s048_d0,A/Cambodia/e0826360/2020_H3N2,plate0_1-8-TTGCAATTGAAACATA,1.362e+04,0.9371,0.9371
PENN23_y1999_s048_d0,A/Indiana/46/2024_H3N2,plate0_1-8-TTGCTCCTGAGTAGTA,40,0.2684,0.2684
PENN23_y1999_s048_d0,A/Indiana/46/2024_H3N2,plate0_1-8-TTGCTCCTGAGTAGTA,92,0.3463,0.3463
PENN23_y1999_s048_d0,A/Indiana/46/2024_H3N2,plate0_1-8-TTGCTCCTGAGTAGTA,212,0.5156,0.5156
PENN23_y1999_s048_d0,A/Indiana/46/2024_H3N2,plate0_1-8-TTGCTCCTGAGTAGTA,487,0.6168,0.6168
PENN23_y1999_s048_d0,A/Indiana/46/2024_H3N2,plate0_1-8-TTGCTCCTGAGTAGTA,1119,0.7634,0.7634
PENN23_y1999_s048_d0,A/Indiana/46/2024_H3N2,plate0_1-8-TTGCTCCTGAGTAGTA,2575,0.9357,0.9357
PENN23_y1999_s048_d0,A/Indiana/46/2024_H3N2,plate0_1-8-TTGCTCCTGAGTAGTA,5921,0.9911,0.9911
PENN23_y1999_s048_d0,A/Indiana/46/2024_H3N2,plate0_1-8-TTGCTCCTGAGTAGTA,1.362e+04,1.52,1
PENN23_y1999_s048_d0,A/Brisbane/02/2018_H1N1,plate0_1-8-TTGGGCACTAAATTAA,40,0.001402,0.001402
PENN23_y1999_s048_d0,A/Brisbane/02/2018_H1N1,plate0_1-8-TTGGGCACTAAATTAA,92,0.0002023,0.0002023
PENN23_y1999_s048_d0,A/Brisbane/02/2018_H1N1,plate0_1-8-TTGGGCACTAAATTAA,212,0.008979,0.008979
PENN23_y1999_s048_d0,A/Brisbane/02/2018_H1N1,plate0_1-8-TTGGGCACTAAATTAA,487,0.04461,0.04461
PENN23_y1999_s048_d0,A/Brisbane/02/2018_H1N1,plate0_1-8-TTGGGCACTAAATTAA,1119,0.0954,0.0954
PENN23_y1999_s048_d0,A/Brisbane/02/2018_H1N1,plate0_1-8-TTGGGCACTAAATTAA,2575,0.4009,0.4009
PENN23_y1999_s048_d0,A/Brisbane/02/2018_H1N1,plate0_1-8-TTGGGCACTAAATTAA,5921,0.7572,0.7572
PENN23_y1999_s048_d0,A/Brisbane/02/2018_H1N1,plate0_1-8-TTGGGCACTAAATTAA,1.362e+04,1.04,1
PENN23_y1999_s048_d0,A/Florida/ISC-1241/2025_H3N2,plate0_1-8-TTGGGGAACGGGAAGC,40,0.4382,0.4382
PENN23_y1999_s048_d0,A/Florida/ISC-1241/2025_H3N2,plate0_1-8-TTGGGGAACGGGAAGC,92,0.3899,0.3899
PENN23_y1999_s048_d0,A/Florida/ISC-1241/2025_H3N2,plate0_1-8-TTGGGGAACGGGAAGC,212,0.5245,0.5245
PENN23_y1999_s048_d0,A/Florida/ISC-1241/2025_H3N2,plate0_1-8-TTGGGGAACGGGAAGC,487,0.5148,0.5148
PENN23_y1999_s048_d0,A/Florida/ISC-1241/2025_H3N2,plate0_1-8-TTGGGGAACGGGAAGC,1119,0.5963,0.5963
PENN23_y1999_s048_d0,A/Florida/ISC-1241/2025_H3N2,plate0_1-8-TTGGGGAACGGGAAGC,2575,0.88,0.88
PENN23_y1999_s048_d0,A/Florida/ISC-1241/2025_H3N2,plate0_1-8-TTGGGGAACGGGAAGC,5921,0.7669,0.7669
PENN23_y1999_s048_d0,A/Florida/ISC-1241/2025_H3N2,plate0_1-8-TTGGGGAACGGGAAGC,1.362e+04,0.8515,0.8515
PENN23_y1999_s048_d0,A/Amapa/021563-IEC/2024_H3N2,plate0_1-8-TTGTATCAGTCGCGCC,40,0.4936,0.4936
PENN23_y1999_s048_d0,A/Amapa/021563-IEC/2024_H3N2,plate0_1-8-TTGTATCAGTCGCGCC,92,0.3093,0.3093
PENN23_y1999_s048_d0,A/Amapa/021563-IEC/2024_H3N2,plate0_1-8-TTGTATCAGTCGCGCC,212,0.7931,0.7931
PENN23_y1999_s048_d0,A/Amapa/021563-IEC/2024_H3N2,plate0_1-8-TTGTATCAGTCGCGCC,487,0.6528,0.6528
PENN23_y1999_s048_d0,A/Amapa/021563-IEC/2024_H3N2,plate0_1-8-TTGTATCAGTCGCGCC,1119,0.7177,0.7177
PENN23_y1999_s048_d0,A/Amapa/021563-IEC/2024_H3N2,plate0_1-8-TTGTATCAGTCGCGCC,2575,0.7988,0.7988
PENN23_y1999_s048_d0,A/Amapa/021563-IEC/2024_H3N2,plate0_1-8-TTGTATCAGTCGCGCC,5921,0.8523,0.8523
PENN23_y1999_s048_d0,A/Amapa/021563-IEC/2024_H3N2,plate0_1-8-TTGTATCAGTCGCGCC,1.362e+04,1.957,1
PENN23_y1999_s048_d0,A/Vladimir/RII-MH223382S/2024_H1N1,plate0_1-8-TTTATATCGAGATTCA,40,0.0007142,0.0007142
PENN23_y1999_s048_d0,A/Vladimir/RII-MH223382S/2024_H1N1,plate0_1-8-TTTATATCGAGATTCA,92,0.01866,0.01866
PENN23_y1999_s048_d0,A/Vladimir/RII-MH223382S/2024_H1N1,plate0_1-8-TTTATATCGAGATTCA,212,0.139,0.139
PENN23_y1999_s048_d0,A/Vladimir/RII-MH223382S/2024_H1N1,plate0_1-8-TTTATATCGAGATTCA,487,0.6481,0.6481
PENN23_y1999_s048_d0,A/Vladimir/RII-MH223382S/2024_H1N1,plate0_1-8-TTTATATCGAGATTCA,1119,1.173,1
PENN23_y1999_s048_d0,A/Vladimir/RII-MH223382S/2024_H1N1,plate0_1-8-TTTATATCGAGATTCA,2575,0.7818,0.7818
PENN23_y1999_s048_d0,A/Vladimir/RII-MH223382S/2024_H1N1,plate0_1-8-TTTATATCGAGATTCA,5921,1.159,1
PENN23_y1999_s048_d0,A/Vladimir/RII-MH223382S/2024_H1N1,plate0_1-8-TTTATATCGAGATTCA,1.362e+04,1.08,1
PENN23_y1999_s048_d0,A/Badajoz/18680568/2025_H3N2,plate0_1-8-TTTCACAGAACCTATC,40,0.2641,0.2641
PENN23_y1999_s048_d0,A/Badajoz/18680568/2025_H3N2,plate0_1-8-TTTCACAGAACCTATC,92,0.1944,0.1944
PENN23_y1999_s048_d0,A/Badajoz/18680568/2025_H3N2,plate0_1-8-TTTCACAGAACCTATC,212,0.3987,0.3987
PENN23_y1999_s048_d0,A/Badajoz/18680568/2025_H3N2,plate0_1-8-TTTCACAGAACCTATC,487,0.6544,0.6544
PENN23_y1999_s048_d0,A/Badajoz/18680568/2025_H3N2,plate0_1-8-TTTCACAGAACCTATC,1119,0.8333,0.8333
PENN23_y1999_s048_d0,A/Badajoz/18680568/2025_H3N2,plate0_1-8-TTTCACAGAACCTATC,2575,1.59,1
PENN23_y1999_s048_d0,A/Badajoz/18680568/2025_H3N2,plate0_1-8-TTTCACAGAACCTATC,5921,0.8526,0.8526
PENN23_y1999_s048_d0,A/Badajoz/18680568/2025_H3N2,plate0_1-8-TTTCACAGAACCTATC,1.362e+04,1.801,1
PENN23_y1999_s048_d0,A/DE/DE-DHSS-901/2025_(H3N2)_H3N2,plate0_1-8-TTTCGTGATACTCACA,40,0.1233,0.1233
PENN23_y1999_s048_d0,A/DE/DE-DHSS-901/2025_(H3N2)_H3N2,plate0_1-8-TTTCGTGATACTCACA,92,0.2602,0.2602
PENN23_y1999_s048_d0,A/DE/DE-DHSS-901/2025_(H3N2)_H3N2,plate0_1-8-TTTCGTGATACTCACA,212,0.3216,0.3216
PENN23_y1999_s048_d0,A/DE/DE-DHSS-901/2025_(H3N2)_H3N2,plate0_1-8-TTTCGTGATACTCACA,487,0.4474,0.4474
PENN23_y1999_s048_d0,A/DE/DE-DHSS-901/2025_(H3N2)_H3N2,plate0_1-8-TTTCGTGATACTCACA,1119,0.8981,0.8981
PENN23_y1999_s048_d0,A/DE/DE-DHSS-901/2025_(H3N2)_H3N2,plate0_1-8-TTTCGTGATACTCACA,2575,0.5195,0.5195
PENN23_y1999_s048_d0,A/DE/DE-DHSS-901/2025_(H3N2)_H3N2,plate0_1-8-TTTCGTGATACTCACA,5921,0.7733,0.7733
PENN23_y1999_s048_d0,A/DE/DE-DHSS-901/2025_(H3N2)_H3N2,plate0_1-8-TTTCGTGATACTCACA,1.362e+04,1.104,1
