variant,date,sequences
A/Amapa/021563-IEC/2024|EPI_ISL_19266713|EPI3439495,2024-05-06,1.0
A/Amapa/021563-IEC/2024|EPI_ISL_19266713|EPI3439495,2024-05-20,1.0
A/Amapa/021563-IEC/2024|EPI_ISL_19266713|EPI3439495,2024-12-06,0.5
A/Amapa/021563-IEC/2024|EPI_ISL_19266713|EPI3439495,2024-12-16,1.0
A/Amapa/021563-IEC/2024|EPI_ISL_19266713|EPI3439495,2024-12-23,2.0
A/Amapa/021563-IEC/2024|EPI_ISL_19266713|EPI3439495,2025-01-06,1.0
A/Amapa/021563-IEC/2024|EPI_ISL_19266713|EPI3439495,2025-01-08,1.0
A/Amapa/021563-IEC/2024|EPI_ISL_19266713|EPI3439495,2025-01-16,1.0
A/Amapa/021563-IEC/2024|EPI_ISL_19266713|EPI3439495,2025-01-29,1.0
A/Amapa/021563-IEC/2024|EPI_ISL_19266713|EPI3439495,2025-01-31,1.0
A/Amapa/021563-IEC/2024|EPI_ISL_19266713|EPI3439495,2025-02-02,0.5
A/Amapa/021563-IEC/2024|EPI_ISL_19266713|EPI3439495,2025-02-04,2.0
A/Amapa/021563-IEC/2024|EPI_ISL_19266713|EPI3439495,2025-02-11,1.0
A/Amapa/021563-IEC/2024|EPI_ISL_19266713|EPI3439495,2025-02-13,1.0
A/Amapa/021563-IEC/2024|EPI_ISL_19266713|EPI3439495,2025-02-16,1.0
A/Amapa/021563-IEC/2024|EPI_ISL_19266713|EPI3439495,2025-02-22,0.5
A/Amapa/021563-IEC/2024|EPI_ISL_19266713|EPI3439495,2025-02-24,1.0
A/Amapa/021563-IEC/2024|EPI_ISL_19266713|EPI3439495,2025-02-26,1.0
A/Amapa/021563-IEC/2024|EPI_ISL_19266713|EPI3439495,2025-03-12,1.0
A/Amapa/021563-IEC/2024|EPI_ISL_19266713|EPI3439495,2025-03-18,1.0
A/Amapa/021563-IEC/2024|EPI_ISL_19266713|EPI3439495,2025-03-19,1.0
A/Amapa/021563-IEC/2024|EPI_ISL_19266713|EPI3439495,2025-04-19,1.0
A/Badajoz/18680568/2025|EPI_ISL_19775350|EPI4088693,2025-01-23,1.0
A/Badajoz/18680568/2025|EPI_ISL_19775350|EPI4088693,2025-01-28,1.0
A/Badajoz/18680568/2025|EPI_ISL_19775350|EPI4088693,2025-02-12,1.0
A/Badajoz/18680568/2025|EPI_ISL_19775350|EPI4088693,2025-02-19,1.0
A/Badajoz/18680568/2025|EPI_ISL_19775350|EPI4088693,2025-02-21,1.0
A/Badajoz/18680568/2025|EPI_ISL_19775350|EPI4088693,2025-02-27,3.0
A/Badajoz/18680568/2025|EPI_ISL_19775350|EPI4088693,2025-03-05,1.0
A/Badajoz/18680568/2025|EPI_ISL_19775350|EPI4088693,2025-03-11,1.0
A/Badajoz/18680568/2025|EPI_ISL_19775350|EPI4088693,2025-03-18,1.0
A/Badajoz/18680568/2025|EPI_ISL_19775350|EPI4088693,2025-03-19,1.0
A/Badajoz/18680568/2025|EPI_ISL_19775350|EPI4088693,2025-03-20,1.0
A/BurkinaFaso/3131/2023|EPI_ISL_19093570,2024-04-20,1.0
A/BurkinaFaso/3131/2023|EPI_ISL_19093570,2024-04-26,1.0
A/BurkinaFaso/3131/2023|EPI_ISL_19093570,2024-04-27,1.0
A/BurkinaFaso/3131/2023|EPI_ISL_19093570,2024-04-29,1.0
A/BurkinaFaso/3131/2023|EPI_ISL_19093570,2024-05-07,1.0
A/BurkinaFaso/3131/2023|EPI_ISL_19093570,2024-05-08,1.0
A/BurkinaFaso/3131/2023|EPI_ISL_19093570,2024-05-10,1.0
A/BurkinaFaso/3131/2023|EPI_ISL_19093570,2024-05-12,1.0
A/BurkinaFaso/3131/2023|EPI_ISL_19093570,2024-05-13,1.0
A/BurkinaFaso/3131/2023|EPI_ISL_19093570,2024-06-19,1.0
A/BurkinaFaso/3131/2023|EPI_ISL_19093570,2024-06-21,2.0
A/BurkinaFaso/3131/2023|EPI_ISL_19093570,2024-07-17,1.0
A/BurkinaFaso/3131/2023|EPI_ISL_19093570,2024-07-28,1.0
A/BurkinaFaso/3131/2023|EPI_ISL_19093570,2024-07-31,1.0
A/BurkinaFaso/3131/2023|EPI_ISL_19093570,2024-08-07,1.0
A/BurkinaFaso/3131/2023|EPI_ISL_19093570,2024-08-23,1.0
A/BurkinaFaso/3131/2023|EPI_ISL_19093570,2024-08-26,1.0
A/BurkinaFaso/3131/2023|EPI_ISL_19093570,2024-08-27,1.0
A/BurkinaFaso/3131/2023|EPI_ISL_19093570,2024-08-28,2.0
A/BurkinaFaso/3131/2023|EPI_ISL_19093570,2024-08-29,1.0
A/BurkinaFaso/3131/2023|EPI_ISL_19093570,2024-09-02,1.0
A/BurkinaFaso/3131/2023|EPI_ISL_19093570,2024-09-04,1.0
A/BurkinaFaso/3131/2023|EPI_ISL_19093570,2024-09-05,2.0
A/BurkinaFaso/3131/2023|EPI_ISL_19093570,2024-09-17,1.0
A/BurkinaFaso/3131/2023|EPI_ISL_19093570,2024-09-19,1.0
A/BurkinaFaso/3131/2023|EPI_ISL_19093570,2024-10-02,1.0
A/BurkinaFaso/3131/2023|EPI_ISL_19093570,2024-10-03,1.0
A/BurkinaFaso/3131/2023|EPI_ISL_19093570,2024-10-07,1.0
A/BurkinaFaso/3131/2023|EPI_ISL_19093570,2024-10-16,1.0
A/BurkinaFaso/3131/2023|EPI_ISL_19093570,2024-10-17,1.0
A/BurkinaFaso/3131/2023|EPI_ISL_19093570,2024-10-22,1.0
A/BurkinaFaso/3131/2023|EPI_ISL_19093570,2024-10-24,1.0
A/Busan/461/2025|EPI_ISL_19794442,2025-01-20,1.0
A/Canberra/613/2024|EPI_ISL_19561219,2024-06-25,1.0
A/Canberra/613/2024|EPI_ISL_19561219,2024-09-07,2.0
A/Canberra/613/2024|EPI_ISL_19561219,2024-09-12,1.0
A/Canberra/613/2024|EPI_ISL_19561219,2024-09-18,1.0
A/Canberra/613/2024|EPI_ISL_19561219,2024-09-23,1.0
A/Canberra/613/2024|EPI_ISL_19561219,2024-09-25,1.0
A/Canberra/613/2024|EPI_ISL_19561219,2024-09-26,1.0
A/Canberra/613/2024|EPI_ISL_19561219,2024-09-27,1.0
A/Canberra/613/2024|EPI_ISL_19561219,2024-10-01,1.0
A/Canberra/613/2024|EPI_ISL_19561219,2024-10-02,1.0
A/Canberra/613/2024|EPI_ISL_19561219,2024-10-03,3.0
A/Canberra/613/2024|EPI_ISL_19561219,2024-10-04,1.0
A/Canberra/613/2024|EPI_ISL_19561219,2024-10-05,1.0
A/Canberra/613/2024|EPI_ISL_19561219,2024-10-07,1.0
A/Canberra/613/2024|EPI_ISL_19561219,2024-10-08,2.0
A/Canberra/613/2024|EPI_ISL_19561219,2024-10-10,1.0
A/Canberra/613/2024|EPI_ISL_19561219,2024-10-12,1.0
A/Canberra/613/2024|EPI_ISL_19561219,2024-10-16,1.0
A/Canberra/613/2024|EPI_ISL_19561219,2024-10-24,1.0
A/Canberra/613/2024|EPI_ISL_19561219,2024-10-25,1.0
A/Canberra/613/2024|EPI_ISL_19561219,2024-10-27,1.0
A/Canberra/613/2024|EPI_ISL_19561219,2024-10-29,1.0
A/Canberra/613/2024|EPI_ISL_19561219,2024-11-01,1.0
A/Canberra/613/2024|EPI_ISL_19561219,2024-11-03,1.0
A/Canberra/613/2024|EPI_ISL_19561219,2024-11-05,1.0
A/Canberra/613/2024|EPI_ISL_19561219,2024-11-07,1.0
A/Canberra/613/2024|EPI_ISL_19561219,2024-11-08,2.0
A/Canberra/613/2024|EPI_ISL_19561219,2024-11-11,1.0
A/Canberra/613/2024|EPI_ISL_19561219,2024-11-21,1.0
A/Canberra/613/2024|EPI_ISL_19561219,2024-11-28,1.0
A/Canberra/613/2024|EPI_ISL_19561219,2024-11-30,2.0
A/Canberra/613/2024|EPI_ISL_19561219,2024-12-01,0.5
A/Canberra/613/2024|EPI_ISL_19561219,2024-12-02,1.0
A/Canberra/613/2024|EPI_ISL_19561219,2024-12-05,2.0
A/Canberra/613/2024|EPI_ISL_19561219,2024-12-09,1.0
A/Canberra/613/2024|EPI_ISL_19561219,2024-12-10,1.0
A/Canberra/613/2024|EPI_ISL_19561219,2024-12-11,1.0
A/Canberra/613/2024|EPI_ISL_19561219,2024-12-13,1.0
A/Canberra/613/2024|EPI_ISL_19561219,2024-12-14,1.0
A/Canberra/613/2024|EPI_ISL_19561219,2024-12-16,1.0
A/Canberra/613/2024|EPI_ISL_19561219,2024-12-24,1.0
A/Canberra/613/2024|EPI_ISL_19561219,2025-01-03,2.0
A/Canberra/613/2024|EPI_ISL_19561219,2025-01-09,1.0
A/Canberra/613/2024|EPI_ISL_19561219,2025-01-10,1.0
A/Canberra/613/2024|EPI_ISL_19561219,2025-01-12,1.0
A/Canberra/613/2024|EPI_ISL_19561219,2025-01-14,1.0
A/Canberra/613/2024|EPI_ISL_19561219,2025-01-19,1.0
A/Canberra/613/2024|EPI_ISL_19561219,2025-01-20,1.0
A/Canberra/613/2024|EPI_ISL_19561219,2025-01-21,1.0
A/Canberra/613/2024|EPI_ISL_19561219,2025-01-24,1.0
A/Canberra/613/2024|EPI_ISL_19561219,2025-01-25,2.0
A/Canberra/613/2024|EPI_ISL_19561219,2025-01-26,1.0
A/Canberra/613/2024|EPI_ISL_19561219,2025-01-31,1.0
A/Canberra/613/2024|EPI_ISL_19561219,2025-02-02,1.0
A/Canberra/613/2024|EPI_ISL_19561219,2025-02-04,1.0
A/Canberra/613/2024|EPI_ISL_19561219,2025-02-10,3.0
A/Canberra/613/2024|EPI_ISL_19561219,2025-02-11,2.0
A/Canberra/613/2024|EPI_ISL_19561219,2025-02-13,1.0
A/Canberra/613/2024|EPI_ISL_19561219,2025-02-17,1.0
A/Canberra/613/2024|EPI_ISL_19561219,2025-02-18,1.0
A/Canberra/613/2024|EPI_ISL_19561219,2025-02-28,1.0
A/Canberra/613/2024|EPI_ISL_19561219,2025-03-04,1.0
A/Canberra/613/2024|EPI_ISL_19561219,2025-03-05,1.0
A/Canberra/613/2024|EPI_ISL_19561219,2025-03-11,1.0
A/Canberra/613/2024|EPI_ISL_19561219,2025-03-14,1.0
A/Canberra/613/2024|EPI_ISL_19561219,2025-03-19,1.0
A/Canberra/613/2024|EPI_ISL_19561219,2025-03-31,1.0
A/Canberra/613/2024|EPI_ISL_19561219,2025-04-09,1.0
A/Canberra/613/2024|EPI_ISL_19561219,2025-04-11,1.0
A/Canberra/613/2024|EPI_ISL_19561219,2025-04-30,2.0
A/Canberra/613/2024|EPI_ISL_19561219,2025-05-02,1.0
A/Canberra/613/2024|EPI_ISL_19561219,2025-05-06,1.0
A/Canberra/613/2024|EPI_ISL_19561219,2025-05-12,1.0
A/Canberra/613/2024|EPI_ISL_19561219,2025-05-16,1.0
A/Colombia/1851/2024|EPI_ISL_19727802,2024-05-23,0.5
A/Colombia/1851/2024|EPI_ISL_19727802,2024-06-20,0.5
A/Colombia/1851/2024|EPI_ISL_19727802,2024-08-22,0.5
A/Colombia/1851/2024|EPI_ISL_19727802,2024-08-25,0.5
A/Colombia/1851/2024|EPI_ISL_19727802,2024-09-01,0.5
A/Colombia/1851/2024|EPI_ISL_19727802,2024-09-12,0.5
A/Colombia/1851/2024|EPI_ISL_19727802,2024-09-23,0.5
A/Colombia/1851/2024|EPI_ISL_19727802,2024-09-24,1.0
A/Colombia/1851/2024|EPI_ISL_19727802,2024-09-25,0.5
A/Colombia/1851/2024|EPI_ISL_19727802,2024-10-07,1.0
A/Colombia/1851/2024|EPI_ISL_19727802,2024-10-09,1.0
A/Colombia/1851/2024|EPI_ISL_19727802,2024-10-11,0.5
A/Colombia/1851/2024|EPI_ISL_19727802,2024-10-12,0.5
A/Colombia/1851/2024|EPI_ISL_19727802,2024-10-13,0.5
A/Colombia/1851/2024|EPI_ISL_19727802,2024-10-14,0.5
A/Colombia/1851/2024|EPI_ISL_19727802,2024-10-23,0.5
A/Colombia/1851/2024|EPI_ISL_19727802,2024-11-05,0.5
A/Colombia/1851/2024|EPI_ISL_19727802,2024-11-07,0.5
A/Colombia/1851/2024|EPI_ISL_19727802,2024-11-11,1.0
A/Colombia/1851/2024|EPI_ISL_19727802,2024-11-19,1.0
A/Colombia/1851/2024|EPI_ISL_19727802,2024-11-26,1.0
A/Colombia/1851/2024|EPI_ISL_19727802,2024-12-01,0.5
A/Colombia/1851/2024|EPI_ISL_19727802,2024-12-04,0.5
A/Colombia/1851/2024|EPI_ISL_19727802,2024-12-09,0.5
A/Colombia/1851/2024|EPI_ISL_19727802,2024-12-10,0.5
A/Colombia/1851/2024|EPI_ISL_19727802,2024-12-12,1.5
A/Colombia/1851/2024|EPI_ISL_19727802,2024-12-17,1.0
A/Colombia/1851/2024|EPI_ISL_19727802,2024-12-23,1.0
A/Colombia/1851/2024|EPI_ISL_19727802,2024-12-25,1.0
A/Colombia/1851/2024|EPI_ISL_19727802,2024-12-27,1.0
A/Colombia/1851/2024|EPI_ISL_19727802,2024-12-28,1.0
A/Colombia/1851/2024|EPI_ISL_19727802,2024-12-30,1.0
A/Colombia/1851/2024|EPI_ISL_19727802,2024-12-31,1.0
A/Colombia/1851/2024|EPI_ISL_19727802,2025-01-02,0.5
A/Colombia/1851/2024|EPI_ISL_19727802,2025-01-03,1.0
A/Colombia/1851/2024|EPI_ISL_19727802,2025-01-06,1.0
A/Colombia/1851/2024|EPI_ISL_19727802,2025-01-07,1.0
A/Colombia/1851/2024|EPI_ISL_19727802,2025-01-08,1.0
A/Colombia/1851/2024|EPI_ISL_19727802,2025-01-09,2.0
A/Colombia/1851/2024|EPI_ISL_19727802,2025-01-13,3.0
A/Colombia/1851/2024|EPI_ISL_19727802,2025-01-14,1.5
A/Colombia/1851/2024|EPI_ISL_19727802,2025-01-18,1.0
A/Colombia/1851/2024|EPI_ISL_19727802,2025-01-20,2.0
A/Colombia/1851/2024|EPI_ISL_19727802,2025-01-22,2.0
A/Colombia/1851/2024|EPI_ISL_19727802,2025-01-23,2.0
A/Colombia/1851/2024|EPI_ISL_19727802,2025-01-25,1.0
A/Colombia/1851/2024|EPI_ISL_19727802,2025-01-26,1.0
A/Colombia/1851/2024|EPI_ISL_19727802,2025-01-27,2.0
A/Colombia/1851/2024|EPI_ISL_19727802,2025-01-28,2.0
A/Colombia/1851/2024|EPI_ISL_19727802,2025-01-29,1.0
A/Colombia/1851/2024|EPI_ISL_19727802,2025-01-31,3.0
A/Colombia/1851/2024|EPI_ISL_19727802,2025-02-01,1.0
A/Colombia/1851/2024|EPI_ISL_19727802,2025-02-02,1.0
A/Colombia/1851/2024|EPI_ISL_19727802,2025-02-03,3.0
A/Colombia/1851/2024|EPI_ISL_19727802,2025-02-04,3.0
A/Colombia/1851/2024|EPI_ISL_19727802,2025-02-05,4.0
A/Colombia/1851/2024|EPI_ISL_19727802,2025-02-06,3.0
A/Colombia/1851/2024|EPI_ISL_19727802,2025-02-07,1.0
A/Colombia/1851/2024|EPI_ISL_19727802,2025-02-08,1.0
A/Colombia/1851/2024|EPI_ISL_19727802,2025-02-09,1.0
A/Colombia/1851/2024|EPI_ISL_19727802,2025-02-10,3.0
A/Colombia/1851/2024|EPI_ISL_19727802,2025-02-11,7.0
A/Colombia/1851/2024|EPI_ISL_19727802,2025-02-12,4.0
A/Colombia/1851/2024|EPI_ISL_19727802,2025-02-13,3.0
A/Colombia/1851/2024|EPI_ISL_19727802,2025-02-14,4.0
A/Colombia/1851/2024|EPI_ISL_19727802,2025-02-15,3.0
A/Colombia/1851/2024|EPI_ISL_19727802,2025-02-16,2.0
A/Colombia/1851/2024|EPI_ISL_19727802,2025-02-17,5.0
A/Colombia/1851/2024|EPI_ISL_19727802,2025-02-18,2.0
A/Colombia/1851/2024|EPI_ISL_19727802,2025-02-19,9.0
A/Colombia/1851/2024|EPI_ISL_19727802,2025-02-20,3.0
A/Colombia/1851/2024|EPI_ISL_19727802,2025-02-21,2.0
A/Colombia/1851/2024|EPI_ISL_19727802,2025-02-24,7.0
A/Colombia/1851/2024|EPI_ISL_19727802,2025-02-25,4.0
A/Colombia/1851/2024|EPI_ISL_19727802,2025-02-26,4.0
A/Colombia/1851/2024|EPI_ISL_19727802,2025-02-27,4.0
A/Colombia/1851/2024|EPI_ISL_19727802,2025-02-28,6.0
A/Colombia/1851/2024|EPI_ISL_19727802,2025-03-01,6.0
A/Colombia/1851/2024|EPI_ISL_19727802,2025-03-02,4.0
A/Colombia/1851/2024|EPI_ISL_19727802,2025-03-03,8.0
A/Colombia/1851/2024|EPI_ISL_19727802,2025-03-04,10.0
A/Colombia/1851/2024|EPI_ISL_19727802,2025-03-05,6.0
A/Colombia/1851/2024|EPI_ISL_19727802,2025-03-06,3.0
A/Colombia/1851/2024|EPI_ISL_19727802,2025-03-07,2.0
A/Colombia/1851/2024|EPI_ISL_19727802,2025-03-08,5.0
A/Colombia/1851/2024|EPI_ISL_19727802,2025-03-09,1.0
A/Colombia/1851/2024|EPI_ISL_19727802,2025-03-10,2.0
A/Colombia/1851/2024|EPI_ISL_19727802,2025-03-11,7.5
A/Colombia/1851/2024|EPI_ISL_19727802,2025-03-12,2.0
A/Colombia/1851/2024|EPI_ISL_19727802,2025-03-13,6.0
A/Colombia/1851/2024|EPI_ISL_19727802,2025-03-14,3.0
A/Colombia/1851/2024|EPI_ISL_19727802,2025-03-15,4.0
A/Colombia/1851/2024|EPI_ISL_19727802,2025-03-16,5.0
A/Colombia/1851/2024|EPI_ISL_19727802,2025-03-17,4.0
A/Colombia/1851/2024|EPI_ISL_19727802,2025-03-18,6.0
A/Colombia/1851/2024|EPI_ISL_19727802,2025-03-19,2.0
A/Colombia/1851/2024|EPI_ISL_19727802,2025-03-20,3.0
A/Colombia/1851/2024|EPI_ISL_19727802,2025-03-21,2.0
A/Colombia/1851/2024|EPI_ISL_19727802,2025-03-22,2.0
A/Colombia/1851/2024|EPI_ISL_19727802,2025-03-23,1.0
A/Colombia/1851/2024|EPI_ISL_19727802,2025-03-24,3.0
A/Colombia/1851/2024|EPI_ISL_19727802,2025-03-25,3.0
A/Colombia/1851/2024|EPI_ISL_19727802,2025-03-26,4.0
A/Colombia/1851/2024|EPI_ISL_19727802,2025-03-27,2.0
A/Colombia/1851/2024|EPI_ISL_19727802,2025-03-28,1.0
A/Colombia/1851/2024|EPI_ISL_19727802,2025-03-30,1.0
A/Colombia/1851/2024|EPI_ISL_19727802,2025-03-31,2.0
A/Colombia/1851/2024|EPI_ISL_19727802,2025-04-01,5.0
A/Colombia/1851/2024|EPI_ISL_19727802,2025-04-02,2.0
A/Colombia/1851/2024|EPI_ISL_19727802,2025-04-03,2.0
A/Colombia/1851/2024|EPI_ISL_19727802,2025-04-04,1.0
A/Colombia/1851/2024|EPI_ISL_19727802,2025-04-06,2.0
A/Colombia/1851/2024|EPI_ISL_19727802,2025-04-07,2.0
A/Colombia/1851/2024|EPI_ISL_19727802,2025-04-08,1.0
A/Colombia/1851/2024|EPI_ISL_19727802,2025-04-09,1.0
A/Colombia/1851/2024|EPI_ISL_19727802,2025-04-10,2.0
A/Colombia/1851/2024|EPI_ISL_19727802,2025-04-14,4.0
A/Colombia/1851/2024|EPI_ISL_19727802,2025-04-15,3.0
A/Colombia/1851/2024|EPI_ISL_19727802,2025-04-18,1.0
A/Colombia/1851/2024|EPI_ISL_19727802,2025-04-19,1.0
A/Colombia/1851/2024|EPI_ISL_19727802,2025-04-20,2.0
A/Colombia/1851/2024|EPI_ISL_19727802,2025-04-21,1.0
A/Colombia/1851/2024|EPI_ISL_19727802,2025-04-22,3.0
A/Colombia/1851/2024|EPI_ISL_19727802,2025-04-23,1.0
A/Colombia/1851/2024|EPI_ISL_19727802,2025-04-24,2.0
A/Colombia/1851/2024|EPI_ISL_19727802,2025-04-28,1.0
A/Colombia/1851/2024|EPI_ISL_19727802,2025-04-29,1.0
A/Colombia/1851/2024|EPI_ISL_19727802,2025-04-30,1.0
A/Colombia/1851/2024|EPI_ISL_19727802,2025-05-01,2.0
A/Colombia/1851/2024|EPI_ISL_19727802,2025-05-05,2.0
A/Colombia/1851/2024|EPI_ISL_19727802,2025-05-06,1.0
A/Colombia/1851/2024|EPI_ISL_19727802,2025-05-07,1.0
A/Colombia/1851/2024|EPI_ISL_19727802,2025-05-13,2.0
A/Colombia/1851/2024|EPI_ISL_19727802,2025-05-18,2.0
A/Colombia/1851/2024|EPI_ISL_19727802,2025-05-19,1.0
A/Colombia/1851/2024|EPI_ISL_19727802,2025-05-23,1.0
A/Colombia/1851/2024|EPI_ISL_19727802,2025-05-27,1.0
A/Colombia/1851/2024|EPI_ISL_19727802,2025-05-30,1.0
A/Colombia/1851/2024|EPI_ISL_19727802,2025-06-02,3.0
A/Colombia/1851/2024|EPI_ISL_19727802,2025-06-03,1.0
A/Colombia/1851/2024|EPI_ISL_19727802,2025-06-11,1.0
A/Colombia/1851/2024|EPI_ISL_19727802,2025-06-18,1.5
A/Colombia/1851/2024|EPI_ISL_19727802,2025-06-19,1.0
A/Colombia/1851/2024|EPI_ISL_19727802,2025-06-23,0.5
A/Colombia/7681/2024|EPI_ISL_19628089,2024-04-21,1.0
A/Colombia/7681/2024|EPI_ISL_19628089,2024-04-22,1.0
A/Colombia/7681/2024|EPI_ISL_19628089,2024-04-23,2.0
A/Colombia/7681/2024|EPI_ISL_19628089,2024-04-24,1.0
A/Colombia/7681/2024|EPI_ISL_19628089,2024-04-25,0.3333333333333333
A/Colombia/7681/2024|EPI_ISL_19628089,2024-04-26,2.3333333333333335
A/Colombia/7681/2024|EPI_ISL_19628089,2024-04-28,3.0
A/Colombia/7681/2024|EPI_ISL_19628089,2024-04-29,0.3333333333333333
A/Colombia/7681/2024|EPI_ISL_19628089,2024-04-30,1.0
A/Colombia/7681/2024|EPI_ISL_19628089,2024-05-04,1.0
A/Colombia/7681/2024|EPI_ISL_19628089,2024-05-05,1.0
A/Colombia/7681/2024|EPI_ISL_19628089,2024-05-06,2.0
A/Colombia/7681/2024|EPI_ISL_19628089,2024-05-07,3.333333333333333
A/Colombia/7681/2024|EPI_ISL_19628089,2024-05-08,4.333333333333333
A/Colombia/7681/2024|EPI_ISL_19628089,2024-05-09,1.0
A/Colombia/7681/2024|EPI_ISL_19628089,2024-05-11,3.0
A/Colombia/7681/2024|EPI_ISL_19628089,2024-05-12,2.0
A/Colombia/7681/2024|EPI_ISL_19628089,2024-05-13,4.0
A/Colombia/7681/2024|EPI_ISL_19628089,2024-05-16,2.0
A/Colombia/7681/2024|EPI_ISL_19628089,2024-05-17,1.0
A/Colombia/7681/2024|EPI_ISL_19628089,2024-05-21,1.3333333333333333
A/Colombia/7681/2024|EPI_ISL_19628089,2024-05-22,2.3333333333333335
A/Colombia/7681/2024|EPI_ISL_19628089,2024-05-23,2.333333333333333
A/Colombia/7681/2024|EPI_ISL_19628089,2024-05-24,1.0
A/Colombia/7681/2024|EPI_ISL_19628089,2024-05-25,2.0
A/Colombia/7681/2024|EPI_ISL_19628089,2024-05-26,3.0
A/Colombia/7681/2024|EPI_ISL_19628089,2024-05-28,0.3333333333333333
A/Colombia/7681/2024|EPI_ISL_19628089,2024-05-29,2.3333333333333335
A/Colombia/7681/2024|EPI_ISL_19628089,2024-05-31,0.6666666666666666
A/Colombia/7681/2024|EPI_ISL_19628089,2024-06-09,2.3333333333333335
A/Colombia/7681/2024|EPI_ISL_19628089,2024-06-10,1.0
A/Colombia/7681/2024|EPI_ISL_19628089,2024-06-11,2.0
A/Colombia/7681/2024|EPI_ISL_19628089,2024-06-12,0.3333333333333333
A/Colombia/7681/2024|EPI_ISL_19628089,2024-06-13,1.0
A/Colombia/7681/2024|EPI_ISL_19628089,2024-06-18,1.0
A/Colombia/7681/2024|EPI_ISL_19628089,2024-06-19,3.0
A/Colombia/7681/2024|EPI_ISL_19628089,2024-06-21,1.0
A/Colombia/7681/2024|EPI_ISL_19628089,2024-06-26,0.3333333333333333
A/Colombia/7681/2024|EPI_ISL_19628089,2024-06-30,1.3333333333333333
A/Colombia/7681/2024|EPI_ISL_19628089,2024-07-01,1.0
A/Colombia/7681/2024|EPI_ISL_19628089,2024-07-04,1.0
A/Colombia/7681/2024|EPI_ISL_19628089,2024-07-07,1.0
A/Colombia/7681/2024|EPI_ISL_19628089,2024-07-10,2.0
A/Colombia/7681/2024|EPI_ISL_19628089,2024-07-12,0.6666666666666666
A/Colombia/7681/2024|EPI_ISL_19628089,2024-07-24,1.0
A/Colombia/7681/2024|EPI_ISL_19628089,2024-08-01,1.0
A/Colombia/7681/2024|EPI_ISL_19628089,2024-08-17,1.0
A/Colombia/7681/2024|EPI_ISL_19628089,2024-09-04,0.3333333333333333
A/Colombia/7681/2024|EPI_ISL_19628089,2024-09-17,0.3333333333333333
A/Colombia/7681/2024|EPI_ISL_19628089,2024-09-26,0.3333333333333333
A/Colombia/7681/2024|EPI_ISL_19628089,2024-09-28,0.3333333333333333
A/Colombia/7681/2024|EPI_ISL_19628089,2024-09-30,0.3333333333333333
A/Colombia/7681/2024|EPI_ISL_19628089,2024-10-18,0.3333333333333333
A/Colombia/7681/2024|EPI_ISL_19628089,2024-10-21,2.0
A/Colombia/7681/2024|EPI_ISL_19628089,2024-10-22,1.3333333333333333
A/Colombia/7681/2024|EPI_ISL_19628089,2024-11-01,1.0
A/Colombia/7681/2024|EPI_ISL_19628089,2024-11-07,1.3333333333333333
A/Colombia/7681/2024|EPI_ISL_19628089,2024-11-08,1.0
A/Colombia/7681/2024|EPI_ISL_19628089,2024-11-11,1.0
A/Colombia/7681/2024|EPI_ISL_19628089,2024-11-17,2.3333333333333335
A/Colombia/7681/2024|EPI_ISL_19628089,2024-11-18,1.0
A/Colombia/7681/2024|EPI_ISL_19628089,2024-11-19,1.0
A/Colombia/7681/2024|EPI_ISL_19628089,2024-11-22,3.0
A/Colombia/7681/2024|EPI_ISL_19628089,2024-11-23,2.0
A/Colombia/7681/2024|EPI_ISL_19628089,2024-11-24,2.0
A/Colombia/7681/2024|EPI_ISL_19628089,2024-11-25,3.0
A/Colombia/7681/2024|EPI_ISL_19628089,2024-11-28,1.0
A/Colombia/7681/2024|EPI_ISL_19628089,2024-11-29,1.0
A/Colombia/7681/2024|EPI_ISL_19628089,2024-12-09,1.0
A/Colombia/7681/2024|EPI_ISL_19628089,2024-12-24,2.0
A/Colombia/7681/2024|EPI_ISL_19628089,2025-01-09,1.0
A/Colombia/7681/2024|EPI_ISL_19628089,2025-01-14,0.3333333333333333
A/Colombia/7681/2024|EPI_ISL_19628089,2025-01-15,0.3333333333333333
A/Colombia/7681/2024|EPI_ISL_19628089,2025-01-20,0.3333333333333333
A/Colombia/7681/2024|EPI_ISL_19628089,2025-01-24,1.3333333333333333
A/Colombia/7681/2024|EPI_ISL_19628089,2025-01-25,0.3333333333333333
A/Colombia/7681/2024|EPI_ISL_19628089,2025-02-10,0.6666666666666666
A/Colombia/7681/2024|EPI_ISL_19628089,2025-02-11,0.5
A/Colombia/7681/2024|EPI_ISL_19628089,2025-02-12,0.3333333333333333
A/Colorado/ISC-1416/2024|EPI_ISL_19628516,2024-05-16,0.5
A/Colorado/ISC-1416/2024|EPI_ISL_19628516,2024-06-25,1.0
A/Colorado/ISC-1416/2024|EPI_ISL_19628516,2024-07-28,1.0
A/Colorado/ISC-1416/2024|EPI_ISL_19628516,2024-08-07,0.5
A/Colorado/ISC-1416/2024|EPI_ISL_19628516,2024-08-27,0.5
A/Colorado/ISC-1416/2024|EPI_ISL_19628516,2024-09-14,1.0
A/Colorado/ISC-1416/2024|EPI_ISL_19628516,2024-09-21,1.0
A/Colorado/ISC-1416/2024|EPI_ISL_19628516,2024-09-30,1.0
A/Colorado/ISC-1416/2024|EPI_ISL_19628516,2024-10-01,1.0
A/Colorado/ISC-1416/2024|EPI_ISL_19628516,2024-10-02,4.0
A/Colorado/ISC-1416/2024|EPI_ISL_19628516,2024-10-07,1.0
A/Colorado/ISC-1416/2024|EPI_ISL_19628516,2024-10-08,1.0
A/Colorado/ISC-1416/2024|EPI_ISL_19628516,2024-10-09,3.0
A/Colorado/ISC-1416/2024|EPI_ISL_19628516,2024-10-10,1.0
A/Colorado/ISC-1416/2024|EPI_ISL_19628516,2024-10-11,2.0
A/Colorado/ISC-1416/2024|EPI_ISL_19628516,2024-10-13,1.0
A/Colorado/ISC-1416/2024|EPI_ISL_19628516,2024-10-14,1.0
A/Colorado/ISC-1416/2024|EPI_ISL_19628516,2024-10-15,1.0
A/Colorado/ISC-1416/2024|EPI_ISL_19628516,2024-10-16,1.0
A/Colorado/ISC-1416/2024|EPI_ISL_19628516,2024-10-17,2.0
A/Colorado/ISC-1416/2024|EPI_ISL_19628516,2024-10-18,4.0
A/Colorado/ISC-1416/2024|EPI_ISL_19628516,2024-10-19,2.0
A/Colorado/ISC-1416/2024|EPI_ISL_19628516,2024-10-21,3.0
A/Colorado/ISC-1416/2024|EPI_ISL_19628516,2024-10-22,3.0
A/Colorado/ISC-1416/2024|EPI_ISL_19628516,2024-10-23,7.0
A/Colorado/ISC-1416/2024|EPI_ISL_19628516,2024-10-25,1.0
A/Colorado/ISC-1416/2024|EPI_ISL_19628516,2024-10-26,3.0
A/Colorado/ISC-1416/2024|EPI_ISL_19628516,2024-10-27,6.0
A/Colorado/ISC-1416/2024|EPI_ISL_19628516,2024-10-28,3.0
A/Colorado/ISC-1416/2024|EPI_ISL_19628516,2024-10-29,2.0
A/Colorado/ISC-1416/2024|EPI_ISL_19628516,2024-10-30,2.0
A/Colorado/ISC-1416/2024|EPI_ISL_19628516,2024-10-31,2.0
A/Colorado/ISC-1416/2024|EPI_ISL_19628516,2024-11-01,1.0
A/Colorado/ISC-1416/2024|EPI_ISL_19628516,2024-11-02,7.0
A/Colorado/ISC-1416/2024|EPI_ISL_19628516,2024-11-03,2.0
A/Colorado/ISC-1416/2024|EPI_ISL_19628516,2024-11-04,4.0
A/Colorado/ISC-1416/2024|EPI_ISL_19628516,2024-11-05,5.0
A/Colorado/ISC-1416/2024|EPI_ISL_19628516,2024-11-06,7.0
A/Colorado/ISC-1416/2024|EPI_ISL_19628516,2024-11-07,2.0
A/Colorado/ISC-1416/2024|EPI_ISL_19628516,2024-11-08,2.0
A/Colorado/ISC-1416/2024|EPI_ISL_19628516,2024-11-09,1.0
A/Colorado/ISC-1416/2024|EPI_ISL_19628516,2024-11-10,7.0
A/Colorado/ISC-1416/2024|EPI_ISL_19628516,2024-11-11,6.0
A/Colorado/ISC-1416/2024|EPI_ISL_19628516,2024-11-12,5.0
A/Colorado/ISC-1416/2024|EPI_ISL_19628516,2024-11-13,4.0
A/Colorado/ISC-1416/2024|EPI_ISL_19628516,2024-11-14,2.0
A/Colorado/ISC-1416/2024|EPI_ISL_19628516,2024-11-15,4.0
A/Colorado/ISC-1416/2024|EPI_ISL_19628516,2024-11-16,5.0
A/Colorado/ISC-1416/2024|EPI_ISL_19628516,2024-11-18,7.0
A/Colorado/ISC-1416/2024|EPI_ISL_19628516,2024-11-19,2.0
A/Colorado/ISC-1416/2024|EPI_ISL_19628516,2024-11-20,4.0
A/Colorado/ISC-1416/2024|EPI_ISL_19628516,2024-11-21,1.0
A/Colorado/ISC-1416/2024|EPI_ISL_19628516,2024-11-22,6.0
A/Colorado/ISC-1416/2024|EPI_ISL_19628516,2024-11-23,4.0
A/Colorado/ISC-1416/2024|EPI_ISL_19628516,2024-11-24,6.0
A/Colorado/ISC-1416/2024|EPI_ISL_19628516,2024-11-25,6.0
A/Colorado/ISC-1416/2024|EPI_ISL_19628516,2024-11-26,1.0
A/Colorado/ISC-1416/2024|EPI_ISL_19628516,2024-11-27,2.0
A/Colorado/ISC-1416/2024|EPI_ISL_19628516,2024-11-28,3.0
A/Colorado/ISC-1416/2024|EPI_ISL_19628516,2024-11-29,1.0
A/Colorado/ISC-1416/2024|EPI_ISL_19628516,2024-12-01,5.0
A/Colorado/ISC-1416/2024|EPI_ISL_19628516,2024-12-02,2.0
A/Colorado/ISC-1416/2024|EPI_ISL_19628516,2024-12-03,4.0
A/Colorado/ISC-1416/2024|EPI_ISL_19628516,2024-12-04,5.0
A/Colorado/ISC-1416/2024|EPI_ISL_19628516,2024-12-05,4.0
A/Colorado/ISC-1416/2024|EPI_ISL_19628516,2024-12-06,2.0
A/Colorado/ISC-1416/2024|EPI_ISL_19628516,2024-12-07,3.0
A/Colorado/ISC-1416/2024|EPI_ISL_19628516,2024-12-08,6.0
A/Colorado/ISC-1416/2024|EPI_ISL_19628516,2024-12-09,5.0
A/Colorado/ISC-1416/2024|EPI_ISL_19628516,2024-12-10,6.0
A/Colorado/ISC-1416/2024|EPI_ISL_19628516,2024-12-12,3.0
A/Colorado/ISC-1416/2024|EPI_ISL_19628516,2024-12-13,2.0
A/Colorado/ISC-1416/2024|EPI_ISL_19628516,2024-12-14,4.0
A/Colorado/ISC-1416/2024|EPI_ISL_19628516,2024-12-15,1.0
A/Colorado/ISC-1416/2024|EPI_ISL_19628516,2024-12-16,8.0
A/Colorado/ISC-1416/2024|EPI_ISL_19628516,2024-12-17,6.0
A/Colorado/ISC-1416/2024|EPI_ISL_19628516,2024-12-18,6.0
A/Colorado/ISC-1416/2024|EPI_ISL_19628516,2024-12-19,7.0
A/Colorado/ISC-1416/2024|EPI_ISL_19628516,2024-12-20,3.0
A/Colorado/ISC-1416/2024|EPI_ISL_19628516,2024-12-21,2.0
A/Colorado/ISC-1416/2024|EPI_ISL_19628516,2024-12-22,2.0
A/Colorado/ISC-1416/2024|EPI_ISL_19628516,2024-12-23,1.0
A/Colorado/ISC-1416/2024|EPI_ISL_19628516,2024-12-24,1.0
A/Colorado/ISC-1416/2024|EPI_ISL_19628516,2024-12-25,3.0
A/Colorado/ISC-1416/2024|EPI_ISL_19628516,2024-12-26,3.0
A/Colorado/ISC-1416/2024|EPI_ISL_19628516,2024-12-27,3.0
A/Colorado/ISC-1416/2024|EPI_ISL_19628516,2024-12-29,1.0
A/Colorado/ISC-1416/2024|EPI_ISL_19628516,2024-12-30,1.0
A/Colorado/ISC-1416/2024|EPI_ISL_19628516,2025-01-01,2.0
A/Colorado/ISC-1416/2024|EPI_ISL_19628516,2025-01-02,2.0
A/Colorado/ISC-1416/2024|EPI_ISL_19628516,2025-01-03,2.0
A/Colorado/ISC-1416/2024|EPI_ISL_19628516,2025-01-04,1.0
A/Colorado/ISC-1416/2024|EPI_ISL_19628516,2025-01-05,1.0
A/Colorado/ISC-1416/2024|EPI_ISL_19628516,2025-01-07,3.0
A/Colorado/ISC-1416/2024|EPI_ISL_19628516,2025-01-08,3.0
A/Colorado/ISC-1416/2024|EPI_ISL_19628516,2025-01-09,1.0
A/Colorado/ISC-1416/2024|EPI_ISL_19628516,2025-01-10,1.0
A/Colorado/ISC-1416/2024|EPI_ISL_19628516,2025-01-11,1.0
A/Colorado/ISC-1416/2024|EPI_ISL_19628516,2025-01-12,2.0
A/Colorado/ISC-1416/2024|EPI_ISL_19628516,2025-01-13,1.0
A/Colorado/ISC-1416/2024|EPI_ISL_19628516,2025-01-14,1.0
A/Colorado/ISC-1416/2024|EPI_ISL_19628516,2025-01-15,0.5
A/Colorado/ISC-1416/2024|EPI_ISL_19628516,2025-01-17,2.0
A/Colorado/ISC-1416/2024|EPI_ISL_19628516,2025-01-18,1.0
A/Colorado/ISC-1416/2024|EPI_ISL_19628516,2025-01-20,4.0
A/Colorado/ISC-1416/2024|EPI_ISL_19628516,2025-01-21,6.0
A/Colorado/ISC-1416/2024|EPI_ISL_19628516,2025-01-22,2.0
A/Colorado/ISC-1416/2024|EPI_ISL_19628516,2025-01-23,2.0
A/Colorado/ISC-1416/2024|EPI_ISL_19628516,2025-01-25,1.0
A/Colorado/ISC-1416/2024|EPI_ISL_19628516,2025-01-27,2.0
A/Colorado/ISC-1416/2024|EPI_ISL_19628516,2025-01-28,1.5
A/Colorado/ISC-1416/2024|EPI_ISL_19628516,2025-01-29,1.0
A/Colorado/ISC-1416/2024|EPI_ISL_19628516,2025-01-30,1.0
A/Colorado/ISC-1416/2024|EPI_ISL_19628516,2025-01-31,2.0
A/Colorado/ISC-1416/2024|EPI_ISL_19628516,2025-02-01,3.0
A/Colorado/ISC-1416/2024|EPI_ISL_19628516,2025-02-03,0.5
A/Colorado/ISC-1416/2024|EPI_ISL_19628516,2025-02-04,3.0
A/Colorado/ISC-1416/2024|EPI_ISL_19628516,2025-02-08,2.0
A/Colorado/ISC-1416/2024|EPI_ISL_19628516,2025-02-09,1.0
A/Colorado/ISC-1416/2024|EPI_ISL_19628516,2025-02-10,1.0
A/Colorado/ISC-1416/2024|EPI_ISL_19628516,2025-02-11,2.0
A/Colorado/ISC-1416/2024|EPI_ISL_19628516,2025-02-17,1.0
A/Colorado/ISC-1416/2024|EPI_ISL_19628516,2025-02-18,1.0
A/Colorado/ISC-1416/2024|EPI_ISL_19628516,2025-02-20,1.0
A/Colorado/ISC-1416/2024|EPI_ISL_19628516,2025-03-12,2.0
A/Colorado/ISC-1416/2024|EPI_ISL_19628516,2025-03-13,1.0
A/Colorado/ISC-1416/2024|EPI_ISL_19628516,2025-03-27,1.0
A/Colorado/ISC-1416/2024|EPI_ISL_19628516,2025-03-29,1.0
A/Colorado/ISC-1416/2024|EPI_ISL_19628516,2025-04-01,1.0
A/Colorado/ISC-1416/2024|EPI_ISL_19628516,2025-04-04,1.0
A/CoteD'Ivoire/4448/2024|EPI_ISL_19687843,2024-05-15,0.5
A/CoteD'Ivoire/4448/2024|EPI_ISL_19687843,2024-07-15,1.0
A/CoteD'Ivoire/4448/2024|EPI_ISL_19687843,2024-09-30,1.0
A/CoteD'Ivoire/4448/2024|EPI_ISL_19687843,2024-10-01,1.0
A/CoteD'Ivoire/4448/2024|EPI_ISL_19687843,2024-10-03,1.0
A/CoteD'Ivoire/4448/2024|EPI_ISL_19687843,2024-10-07,1.0
A/CoteD'Ivoire/4448/2024|EPI_ISL_19687843,2024-10-10,1.0
A/CoteD'Ivoire/4448/2024|EPI_ISL_19687843,2024-10-11,1.0
A/CoteD'Ivoire/4448/2024|EPI_ISL_19687843,2024-10-14,2.0
A/CoteD'Ivoire/4448/2024|EPI_ISL_19687843,2024-10-17,1.0
A/CoteD'Ivoire/4448/2024|EPI_ISL_19687843,2024-10-20,1.0
A/CoteD'Ivoire/4448/2024|EPI_ISL_19687843,2024-10-22,4.0
A/CoteD'Ivoire/4448/2024|EPI_ISL_19687843,2024-10-24,3.0
A/CoteD'Ivoire/4448/2024|EPI_ISL_19687843,2024-10-28,2.0
A/CoteD'Ivoire/4448/2024|EPI_ISL_19687843,2024-10-29,2.0
A/CoteD'Ivoire/4448/2024|EPI_ISL_19687843,2024-10-30,1.0
A/CoteD'Ivoire/4448/2024|EPI_ISL_19687843,2024-11-04,2.0
A/CoteD'Ivoire/4448/2024|EPI_ISL_19687843,2024-11-11,1.0
A/CoteD'Ivoire/4448/2024|EPI_ISL_19687843,2024-11-12,1.0
A/CoteD'Ivoire/4448/2024|EPI_ISL_19687843,2024-11-14,1.0
A/CoteD'Ivoire/4448/2024|EPI_ISL_19687843,2024-12-06,1.0
A/CoteD'Ivoire/4448/2024|EPI_ISL_19687843,2024-12-23,1.0
A/CoteD'Ivoire/4448/2024|EPI_ISL_19687843,2025-01-20,1.0
A/CoteD'Ivoire/4448/2024|EPI_ISL_19687843,2025-01-30,1.0
A/CoteD'Ivoire/4448/2024|EPI_ISL_19687843,2025-02-07,0.5
A/DE/DE-DHSS-901/2025_(H3N2)|EPI_ISL_19720065|EPI3923199,2024-11-13,1.0
A/DE/DE-DHSS-901/2025_(H3N2)|EPI_ISL_19720065|EPI3923199,2024-11-18,2.0
A/DE/DE-DHSS-901/2025_(H3N2)|EPI_ISL_19720065|EPI3923199,2024-12-06,1.0
A/DE/DE-DHSS-901/2025_(H3N2)|EPI_ISL_19720065|EPI3923199,2024-12-09,1.0
A/DE/DE-DHSS-901/2025_(H3N2)|EPI_ISL_19720065|EPI3923199,2024-12-12,1.0
A/DE/DE-DHSS-901/2025_(H3N2)|EPI_ISL_19720065|EPI3923199,2024-12-14,1.0
A/DE/DE-DHSS-901/2025_(H3N2)|EPI_ISL_19720065|EPI3923199,2024-12-15,1.0
A/DE/DE-DHSS-901/2025_(H3N2)|EPI_ISL_19720065|EPI3923199,2024-12-17,1.0
A/DE/DE-DHSS-901/2025_(H3N2)|EPI_ISL_19720065|EPI3923199,2024-12-20,2.0
A/DE/DE-DHSS-901/2025_(H3N2)|EPI_ISL_19720065|EPI3923199,2024-12-23,3.0
A/DE/DE-DHSS-901/2025_(H3N2)|EPI_ISL_19720065|EPI3923199,2024-12-26,2.0
A/DE/DE-DHSS-901/2025_(H3N2)|EPI_ISL_19720065|EPI3923199,2024-12-27,1.0
A/DE/DE-DHSS-901/2025_(H3N2)|EPI_ISL_19720065|EPI3923199,2024-12-29,1.0
A/DE/DE-DHSS-901/2025_(H3N2)|EPI_ISL_19720065|EPI3923199,2024-12-31,1.0
A/DE/DE-DHSS-901/2025_(H3N2)|EPI_ISL_19720065|EPI3923199,2025-01-01,1.0
A/DE/DE-DHSS-901/2025_(H3N2)|EPI_ISL_19720065|EPI3923199,2025-01-02,1.0
A/DE/DE-DHSS-901/2025_(H3N2)|EPI_ISL_19720065|EPI3923199,2025-01-03,1.0
A/DE/DE-DHSS-901/2025_(H3N2)|EPI_ISL_19720065|EPI3923199,2025-01-05,1.0
A/DE/DE-DHSS-901/2025_(H3N2)|EPI_ISL_19720065|EPI3923199,2025-01-06,1.0
A/DE/DE-DHSS-901/2025_(H3N2)|EPI_ISL_19720065|EPI3923199,2025-01-08,2.0
A/DE/DE-DHSS-901/2025_(H3N2)|EPI_ISL_19720065|EPI3923199,2025-01-12,1.0
A/DE/DE-DHSS-901/2025_(H3N2)|EPI_ISL_19720065|EPI3923199,2025-01-13,2.0
A/DE/DE-DHSS-901/2025_(H3N2)|EPI_ISL_19720065|EPI3923199,2025-01-14,1.0
A/DE/DE-DHSS-901/2025_(H3N2)|EPI_ISL_19720065|EPI3923199,2025-01-15,3.0
A/DE/DE-DHSS-901/2025_(H3N2)|EPI_ISL_19720065|EPI3923199,2025-01-17,1.0
A/DE/DE-DHSS-901/2025_(H3N2)|EPI_ISL_19720065|EPI3923199,2025-01-24,3.0
A/DE/DE-DHSS-901/2025_(H3N2)|EPI_ISL_19720065|EPI3923199,2025-01-25,2.0
A/DE/DE-DHSS-901/2025_(H3N2)|EPI_ISL_19720065|EPI3923199,2025-01-26,1.0
A/DE/DE-DHSS-901/2025_(H3N2)|EPI_ISL_19720065|EPI3923199,2025-01-27,2.0
A/DE/DE-DHSS-901/2025_(H3N2)|EPI_ISL_19720065|EPI3923199,2025-01-28,4.0
A/DE/DE-DHSS-901/2025_(H3N2)|EPI_ISL_19720065|EPI3923199,2025-01-29,3.0
A/DE/DE-DHSS-901/2025_(H3N2)|EPI_ISL_19720065|EPI3923199,2025-01-30,4.0
A/DE/DE-DHSS-901/2025_(H3N2)|EPI_ISL_19720065|EPI3923199,2025-02-02,1.0
A/DE/DE-DHSS-901/2025_(H3N2)|EPI_ISL_19720065|EPI3923199,2025-02-03,2.0
A/DE/DE-DHSS-901/2025_(H3N2)|EPI_ISL_19720065|EPI3923199,2025-02-04,1.0
A/DE/DE-DHSS-901/2025_(H3N2)|EPI_ISL_19720065|EPI3923199,2025-02-05,1.0
A/DE/DE-DHSS-901/2025_(H3N2)|EPI_ISL_19720065|EPI3923199,2025-02-06,2.0
A/DE/DE-DHSS-901/2025_(H3N2)|EPI_ISL_19720065|EPI3923199,2025-02-07,1.0
A/DE/DE-DHSS-901/2025_(H3N2)|EPI_ISL_19720065|EPI3923199,2025-02-09,2.0
A/DE/DE-DHSS-901/2025_(H3N2)|EPI_ISL_19720065|EPI3923199,2025-02-10,3.0
A/DE/DE-DHSS-901/2025_(H3N2)|EPI_ISL_19720065|EPI3923199,2025-02-11,1.0
A/DE/DE-DHSS-901/2025_(H3N2)|EPI_ISL_19720065|EPI3923199,2025-02-12,1.0
A/DE/DE-DHSS-901/2025_(H3N2)|EPI_ISL_19720065|EPI3923199,2025-02-13,3.0
A/DE/DE-DHSS-901/2025_(H3N2)|EPI_ISL_19720065|EPI3923199,2025-02-17,3.0
A/DE/DE-DHSS-901/2025_(H3N2)|EPI_ISL_19720065|EPI3923199,2025-02-18,2.0
A/DE/DE-DHSS-901/2025_(H3N2)|EPI_ISL_19720065|EPI3923199,2025-02-19,4.0
A/DE/DE-DHSS-901/2025_(H3N2)|EPI_ISL_19720065|EPI3923199,2025-02-20,1.0
A/DE/DE-DHSS-901/2025_(H3N2)|EPI_ISL_19720065|EPI3923199,2025-02-21,1.0
A/DE/DE-DHSS-901/2025_(H3N2)|EPI_ISL_19720065|EPI3923199,2025-02-23,2.0
A/DE/DE-DHSS-901/2025_(H3N2)|EPI_ISL_19720065|EPI3923199,2025-02-24,1.0
A/DE/DE-DHSS-901/2025_(H3N2)|EPI_ISL_19720065|EPI3923199,2025-02-25,3.0
A/DE/DE-DHSS-901/2025_(H3N2)|EPI_ISL_19720065|EPI3923199,2025-02-26,1.0
A/DE/DE-DHSS-901/2025_(H3N2)|EPI_ISL_19720065|EPI3923199,2025-02-27,3.0
A/DE/DE-DHSS-901/2025_(H3N2)|EPI_ISL_19720065|EPI3923199,2025-02-28,1.0
A/DE/DE-DHSS-901/2025_(H3N2)|EPI_ISL_19720065|EPI3923199,2025-03-01,1.0
A/DE/DE-DHSS-901/2025_(H3N2)|EPI_ISL_19720065|EPI3923199,2025-03-04,1.0
A/DE/DE-DHSS-901/2025_(H3N2)|EPI_ISL_19720065|EPI3923199,2025-03-05,2.0
A/DE/DE-DHSS-901/2025_(H3N2)|EPI_ISL_19720065|EPI3923199,2025-03-06,1.0
A/DE/DE-DHSS-901/2025_(H3N2)|EPI_ISL_19720065|EPI3923199,2025-03-07,1.0
A/DE/DE-DHSS-901/2025_(H3N2)|EPI_ISL_19720065|EPI3923199,2025-03-09,1.0
A/DE/DE-DHSS-901/2025_(H3N2)|EPI_ISL_19720065|EPI3923199,2025-03-11,1.0
A/DE/DE-DHSS-901/2025_(H3N2)|EPI_ISL_19720065|EPI3923199,2025-03-12,1.0
A/DE/DE-DHSS-901/2025_(H3N2)|EPI_ISL_19720065|EPI3923199,2025-03-16,1.0
A/DE/DE-DHSS-901/2025_(H3N2)|EPI_ISL_19720065|EPI3923199,2025-03-17,1.0
A/DE/DE-DHSS-901/2025_(H3N2)|EPI_ISL_19720065|EPI3923199,2025-03-18,1.0
A/DE/DE-DHSS-901/2025_(H3N2)|EPI_ISL_19720065|EPI3923199,2025-03-19,1.0
A/DE/DE-DHSS-901/2025_(H3N2)|EPI_ISL_19720065|EPI3923199,2025-03-20,2.0
A/DE/DE-DHSS-901/2025_(H3N2)|EPI_ISL_19720065|EPI3923199,2025-03-21,2.0
A/DE/DE-DHSS-901/2025_(H3N2)|EPI_ISL_19720065|EPI3923199,2025-03-24,1.0
A/DE/DE-DHSS-901/2025_(H3N2)|EPI_ISL_19720065|EPI3923199,2025-03-26,1.0
A/DE/DE-DHSS-901/2025_(H3N2)|EPI_ISL_19720065|EPI3923199,2025-03-28,1.0
A/DE/DE-DHSS-901/2025_(H3N2)|EPI_ISL_19720065|EPI3923199,2025-03-30,2.0
A/DE/DE-DHSS-901/2025_(H3N2)|EPI_ISL_19720065|EPI3923199,2025-03-31,1.0
A/DE/DE-DHSS-901/2025_(H3N2)|EPI_ISL_19720065|EPI3923199,2025-04-06,1.0
A/DE/DE-DHSS-901/2025_(H3N2)|EPI_ISL_19720065|EPI3923199,2025-04-15,1.0
A/DE/DE-DHSS-901/2025_(H3N2)|EPI_ISL_19720065|EPI3923199,2025-05-05,1.0
A/Ecuador/1385/2024|EPI_ISL_19745369,2024-04-23,0.5
A/Ecuador/1385/2024|EPI_ISL_19745369,2024-11-23,0.5
A/Ecuador/1385/2024|EPI_ISL_19745369,2024-11-30,0.5
A/Ecuador/1385/2024|EPI_ISL_19745369,2024-12-03,1.0
A/Ecuador/1385/2024|EPI_ISL_19745369,2024-12-31,0.5
A/Ecuador/1385/2024|EPI_ISL_19745369,2025-01-06,0.5
A/Ecuador/1385/2024|EPI_ISL_19745369,2025-01-08,0.5
A/Ecuador/1385/2024|EPI_ISL_19745369,2025-01-13,0.5
A/Ecuador/1385/2024|EPI_ISL_19745369,2025-01-15,1.0
A/Ecuador/1385/2024|EPI_ISL_19745369,2025-01-16,0.5
A/Ecuador/1385/2024|EPI_ISL_19745369,2025-01-19,0.5
A/Ecuador/1385/2024|EPI_ISL_19745369,2025-01-23,0.5
A/Ecuador/1385/2024|EPI_ISL_19745369,2025-01-25,0.5
A/Ecuador/1385/2024|EPI_ISL_19745369,2025-01-27,0.5
A/Ecuador/1385/2024|EPI_ISL_19745369,2025-02-05,0.5
A/Ecuador/1385/2024|EPI_ISL_19745369,2025-02-06,0.5
A/Ecuador/1385/2024|EPI_ISL_19745369,2025-02-07,0.5
A/Ecuador/1385/2024|EPI_ISL_19745369,2025-02-08,0.5
A/Ecuador/1385/2024|EPI_ISL_19745369,2025-02-09,0.5
A/Ecuador/1385/2024|EPI_ISL_19745369,2025-02-10,0.5
A/Ecuador/1385/2024|EPI_ISL_19745369,2025-02-12,1.0
A/Ecuador/1385/2024|EPI_ISL_19745369,2025-02-18,1.0
A/Ecuador/1385/2024|EPI_ISL_19745369,2025-02-20,0.5
A/Ecuador/1385/2024|EPI_ISL_19745369,2025-02-24,0.5
A/Ecuador/1385/2024|EPI_ISL_19745369,2025-02-25,0.5
A/Ecuador/1385/2024|EPI_ISL_19745369,2025-03-02,0.5
A/Ecuador/1385/2024|EPI_ISL_19745369,2025-03-07,0.5
A/Ecuador/1385/2024|EPI_ISL_19745369,2025-03-23,0.5
A/Ecuador/1385/2024|EPI_ISL_19745369,2025-04-03,0.5
A/Ecuador/1385/2024|EPI_ISL_19745369,2025-04-04,0.5
A/Ecuador/1385/2024|EPI_ISL_19745369,2025-04-08,1.0
A/Ecuador/1385/2024|EPI_ISL_19745369,2025-04-11,0.5
A/Florida/ISC-1241/2025|EPI_ISL_19790412|EPI4135634,2024-06-17,0.5
A/Florida/ISC-1241/2025|EPI_ISL_19790412|EPI4135634,2024-12-17,1.0
A/Florida/ISC-1241/2025|EPI_ISL_19790412|EPI4135634,2024-12-28,1.0
A/Florida/ISC-1241/2025|EPI_ISL_19790412|EPI4135634,2025-01-11,1.0
A/Florida/ISC-1241/2025|EPI_ISL_19790412|EPI4135634,2025-01-13,1.0
A/Florida/ISC-1241/2025|EPI_ISL_19790412|EPI4135634,2025-01-18,1.0
A/Florida/ISC-1241/2025|EPI_ISL_19790412|EPI4135634,2025-02-03,1.0
A/Florida/ISC-1241/2025|EPI_ISL_19790412|EPI4135634,2025-02-04,1.0
A/Florida/ISC-1241/2025|EPI_ISL_19790412|EPI4135634,2025-02-11,1.0
A/Florida/ISC-1241/2025|EPI_ISL_19790412|EPI4135634,2025-02-24,1.0
A/Florida/ISC-1241/2025|EPI_ISL_19790412|EPI4135634,2025-03-11,1.0
A/Florida/ISC-1241/2025|EPI_ISL_19790412|EPI4135634,2025-03-14,1.0
A/Florida/ISC-1241/2025|EPI_ISL_19790412|EPI4135634,2025-03-16,1.0
A/Florida/ISC-1241/2025|EPI_ISL_19790412|EPI4135634,2025-03-25,1.0
A/France/ARA-RELAB-HCL025017178801/2025|EPI_ISL_19708803|EPI3894630,2024-11-13,1.0
A/France/ARA-RELAB-HCL025017178801/2025|EPI_ISL_19708803|EPI3894630,2024-11-18,1.0
A/France/ARA-RELAB-HCL025017178801/2025|EPI_ISL_19708803|EPI3894630,2024-12-17,1.0
A/France/ARA-RELAB-HCL025017178801/2025|EPI_ISL_19708803|EPI3894630,2024-12-28,1.0
A/France/ARA-RELAB-HCL025017178801/2025|EPI_ISL_19708803|EPI3894630,2025-01-02,2.0
A/France/ARA-RELAB-HCL025017178801/2025|EPI_ISL_19708803|EPI3894630,2025-01-03,1.0
A/France/ARA-RELAB-HCL025017178801/2025|EPI_ISL_19708803|EPI3894630,2025-01-05,1.0
A/France/ARA-RELAB-HCL025017178801/2025|EPI_ISL_19708803|EPI3894630,2025-01-06,2.0
A/France/ARA-RELAB-HCL025017178801/2025|EPI_ISL_19708803|EPI3894630,2025-01-07,1.0
A/France/ARA-RELAB-HCL025017178801/2025|EPI_ISL_19708803|EPI3894630,2025-01-09,1.0
A/France/ARA-RELAB-HCL025017178801/2025|EPI_ISL_19708803|EPI3894630,2025-01-13,1.0
A/France/ARA-RELAB-HCL025017178801/2025|EPI_ISL_19708803|EPI3894630,2025-01-14,2.0
A/France/ARA-RELAB-HCL025017178801/2025|EPI_ISL_19708803|EPI3894630,2025-01-15,1.0
A/France/ARA-RELAB-HCL025017178801/2025|EPI_ISL_19708803|EPI3894630,2025-01-16,2.0
A/France/ARA-RELAB-HCL025017178801/2025|EPI_ISL_19708803|EPI3894630,2025-01-17,2.0
A/France/ARA-RELAB-HCL025017178801/2025|EPI_ISL_19708803|EPI3894630,2025-01-19,1.0
A/France/ARA-RELAB-HCL025017178801/2025|EPI_ISL_19708803|EPI3894630,2025-01-21,2.0
A/France/ARA-RELAB-HCL025017178801/2025|EPI_ISL_19708803|EPI3894630,2025-01-24,1.0
A/France/ARA-RELAB-HCL025017178801/2025|EPI_ISL_19708803|EPI3894630,2025-01-25,1.0
A/France/ARA-RELAB-HCL025017178801/2025|EPI_ISL_19708803|EPI3894630,2025-01-26,1.0
A/France/ARA-RELAB-HCL025017178801/2025|EPI_ISL_19708803|EPI3894630,2025-01-27,1.0
A/France/ARA-RELAB-HCL025017178801/2025|EPI_ISL_19708803|EPI3894630,2025-01-30,2.0
A/France/ARA-RELAB-HCL025017178801/2025|EPI_ISL_19708803|EPI3894630,2025-02-01,1.0
A/France/ARA-RELAB-HCL025017178801/2025|EPI_ISL_19708803|EPI3894630,2025-02-03,2.0
A/France/ARA-RELAB-HCL025017178801/2025|EPI_ISL_19708803|EPI3894630,2025-02-04,1.0
A/France/ARA-RELAB-HCL025017178801/2025|EPI_ISL_19708803|EPI3894630,2025-02-07,3.0
A/France/ARA-RELAB-HCL025017178801/2025|EPI_ISL_19708803|EPI3894630,2025-02-09,1.0
A/France/ARA-RELAB-HCL025017178801/2025|EPI_ISL_19708803|EPI3894630,2025-02-11,1.0
A/France/ARA-RELAB-HCL025017178801/2025|EPI_ISL_19708803|EPI3894630,2025-02-12,1.0
A/France/ARA-RELAB-HCL025017178801/2025|EPI_ISL_19708803|EPI3894630,2025-02-13,4.0
A/France/ARA-RELAB-HCL025017178801/2025|EPI_ISL_19708803|EPI3894630,2025-02-14,1.0
A/France/ARA-RELAB-HCL025017178801/2025|EPI_ISL_19708803|EPI3894630,2025-02-16,1.0
A/France/ARA-RELAB-HCL025017178801/2025|EPI_ISL_19708803|EPI3894630,2025-02-17,1.0
A/France/ARA-RELAB-HCL025017178801/2025|EPI_ISL_19708803|EPI3894630,2025-02-18,2.0
A/France/ARA-RELAB-HCL025017178801/2025|EPI_ISL_19708803|EPI3894630,2025-02-19,2.0
A/France/ARA-RELAB-HCL025017178801/2025|EPI_ISL_19708803|EPI3894630,2025-02-21,1.0
A/France/ARA-RELAB-HCL025017178801/2025|EPI_ISL_19708803|EPI3894630,2025-02-23,1.0
A/France/ARA-RELAB-HCL025017178801/2025|EPI_ISL_19708803|EPI3894630,2025-02-24,1.0
A/France/ARA-RELAB-HCL025017178801/2025|EPI_ISL_19708803|EPI3894630,2025-02-25,1.0
A/France/ARA-RELAB-HCL025017178801/2025|EPI_ISL_19708803|EPI3894630,2025-03-06,3.0
A/France/ARA-RELAB-HCL025017178801/2025|EPI_ISL_19708803|EPI3894630,2025-03-08,1.0
A/France/ARA-RELAB-HCL025017178801/2025|EPI_ISL_19708803|EPI3894630,2025-03-11,1.0
A/France/ARA-RELAB-HCL025017178801/2025|EPI_ISL_19708803|EPI3894630,2025-03-12,3.0
A/France/ARA-RELAB-HCL025017178801/2025|EPI_ISL_19708803|EPI3894630,2025-03-15,1.0
A/France/ARA-RELAB-HCL025017178801/2025|EPI_ISL_19708803|EPI3894630,2025-03-17,1.0
A/France/ARA-RELAB-HCL025017178801/2025|EPI_ISL_19708803|EPI3894630,2025-03-31,1.0
A/France/ARA-RELAB-HCL025017178801/2025|EPI_ISL_19708803|EPI3894630,2025-04-07,1.0
A/France/ARA-RELAB-HCL025017178801/2025|EPI_ISL_19708803|EPI3894630,2025-04-14,1.0
A/France/ARA-RELAB-HCL025017178801/2025|EPI_ISL_19708803|EPI3894630,2025-06-01,2.0
A/France/ARA-RELAB-HCL025017178801/2025|EPI_ISL_19708803|EPI3894630,2025-06-16,1.0
A/France/ARA-RELAB-HCL025017178801/2025|EPI_ISL_19708803|EPI3894630,2025-07-06,1.0
A/France/BRE-IPP01880/2025|EPI_ISL_19731877|EPI3961949,2024-05-17,0.5
A/France/BRE-IPP01880/2025|EPI_ISL_19731877|EPI3961949,2024-06-18,0.5
A/France/BRE-IPP01880/2025|EPI_ISL_19731877|EPI3961949,2025-01-06,1.0
A/France/BRE-IPP01880/2025|EPI_ISL_19731877|EPI3961949,2025-01-14,1.0
A/France/BRE-IPP01880/2025|EPI_ISL_19731877|EPI3961949,2025-01-15,1.0
A/France/BRE-IPP01880/2025|EPI_ISL_19731877|EPI3961949,2025-01-17,1.0
A/France/BRE-IPP01880/2025|EPI_ISL_19731877|EPI3961949,2025-01-20,1.0
A/France/BRE-IPP01880/2025|EPI_ISL_19731877|EPI3961949,2025-01-29,1.0
A/France/BRE-IPP01880/2025|EPI_ISL_19731877|EPI3961949,2025-02-01,1.0
A/France/BRE-IPP01880/2025|EPI_ISL_19731877|EPI3961949,2025-02-10,1.0
A/France/BRE-IPP01880/2025|EPI_ISL_19731877|EPI3961949,2025-02-18,1.0
A/France/BRE-IPP01880/2025|EPI_ISL_19731877|EPI3961949,2025-02-21,1.0
A/France/BRE-IPP01880/2025|EPI_ISL_19731877|EPI3961949,2025-02-26,1.0
A/France/BRE-IPP01880/2025|EPI_ISL_19731877|EPI3961949,2025-03-01,1.0
A/France/BRE-IPP01880/2025|EPI_ISL_19731877|EPI3961949,2025-03-02,1.0
A/France/BRE-IPP01880/2025|EPI_ISL_19731877|EPI3961949,2025-03-10,1.0
A/France/BRE-IPP01880/2025|EPI_ISL_19731877|EPI3961949,2025-03-17,1.0
A/France/BRE-IPP01880/2025|EPI_ISL_19731877|EPI3961949,2025-03-27,1.0
A/France/BRE-IPP01880/2025|EPI_ISL_19731877|EPI3961949,2025-03-29,1.0
A/France/BRE-IPP01880/2025|EPI_ISL_19731877|EPI3961949,2025-03-31,1.0
A/France/PAC-RELAB-HCL024172122101/2024|EPI_ISL_19556698,2024-09-26,1.0
A/France/PAC-RELAB-HCL024172122101/2024|EPI_ISL_19556698,2024-10-06,1.0
A/France/PAC-RELAB-HCL024172122101/2024|EPI_ISL_19556698,2024-10-12,1.0
A/France/PAC-RELAB-HCL024172122101/2024|EPI_ISL_19556698,2024-10-15,1.0
A/France/PAC-RELAB-HCL024172122101/2024|EPI_ISL_19556698,2024-10-17,1.0
A/France/PAC-RELAB-HCL024172122101/2024|EPI_ISL_19556698,2024-10-22,1.0
A/France/PAC-RELAB-HCL024172122101/2024|EPI_ISL_19556698,2024-10-23,2.0
A/France/PAC-RELAB-HCL024172122101/2024|EPI_ISL_19556698,2024-10-26,1.0
A/France/PAC-RELAB-HCL024172122101/2024|EPI_ISL_19556698,2024-10-28,1.0
A/France/PAC-RELAB-HCL024172122101/2024|EPI_ISL_19556698,2024-10-30,1.0
A/France/PAC-RELAB-HCL024172122101/2024|EPI_ISL_19556698,2024-11-03,2.0
A/France/PAC-RELAB-HCL024172122101/2024|EPI_ISL_19556698,2024-11-05,1.0
A/France/PAC-RELAB-HCL024172122101/2024|EPI_ISL_19556698,2024-11-10,1.0
A/France/PAC-RELAB-HCL024172122101/2024|EPI_ISL_19556698,2024-11-11,1.0
A/France/PAC-RELAB-HCL024172122101/2024|EPI_ISL_19556698,2024-11-12,2.0
A/France/PAC-RELAB-HCL024172122101/2024|EPI_ISL_19556698,2024-11-14,3.0
A/France/PAC-RELAB-HCL024172122101/2024|EPI_ISL_19556698,2024-11-15,2.0
A/France/PAC-RELAB-HCL024172122101/2024|EPI_ISL_19556698,2024-11-16,1.0
A/France/PAC-RELAB-HCL024172122101/2024|EPI_ISL_19556698,2024-11-20,1.0
A/France/PAC-RELAB-HCL024172122101/2024|EPI_ISL_19556698,2024-11-22,1.0
A/France/PAC-RELAB-HCL024172122101/2024|EPI_ISL_19556698,2024-11-25,1.0
A/France/PAC-RELAB-HCL024172122101/2024|EPI_ISL_19556698,2024-11-27,1.0
A/France/PAC-RELAB-HCL024172122101/2024|EPI_ISL_19556698,2024-11-28,1.0
A/France/PAC-RELAB-HCL024172122101/2024|EPI_ISL_19556698,2024-11-29,1.0
A/France/PAC-RELAB-HCL024172122101/2024|EPI_ISL_19556698,2024-12-03,1.0
A/France/PAC-RELAB-HCL024172122101/2024|EPI_ISL_19556698,2024-12-04,1.0
A/France/PAC-RELAB-HCL024172122101/2024|EPI_ISL_19556698,2024-12-05,1.0
A/France/PAC-RELAB-HCL024172122101/2024|EPI_ISL_19556698,2024-12-06,1.0
A/France/PAC-RELAB-HCL024172122101/2024|EPI_ISL_19556698,2024-12-08,2.0
A/France/PAC-RELAB-HCL024172122101/2024|EPI_ISL_19556698,2024-12-09,2.0
A/France/PAC-RELAB-HCL024172122101/2024|EPI_ISL_19556698,2024-12-10,1.0
A/France/PAC-RELAB-HCL024172122101/2024|EPI_ISL_19556698,2024-12-11,3.0
A/France/PAC-RELAB-HCL024172122101/2024|EPI_ISL_19556698,2024-12-12,2.0
A/France/PAC-RELAB-HCL024172122101/2024|EPI_ISL_19556698,2024-12-13,3.0
A/France/PAC-RELAB-HCL024172122101/2024|EPI_ISL_19556698,2024-12-15,1.0
A/France/PAC-RELAB-HCL024172122101/2024|EPI_ISL_19556698,2024-12-16,5.0
A/France/PAC-RELAB-HCL024172122101/2024|EPI_ISL_19556698,2024-12-17,4.0
A/France/PAC-RELAB-HCL024172122101/2024|EPI_ISL_19556698,2024-12-18,3.0
A/France/PAC-RELAB-HCL024172122101/2024|EPI_ISL_19556698,2024-12-19,1.0
A/France/PAC-RELAB-HCL024172122101/2024|EPI_ISL_19556698,2024-12-20,2.0
A/France/PAC-RELAB-HCL024172122101/2024|EPI_ISL_19556698,2024-12-21,1.0
A/France/PAC-RELAB-HCL024172122101/2024|EPI_ISL_19556698,2024-12-22,1.0
A/France/PAC-RELAB-HCL024172122101/2024|EPI_ISL_19556698,2024-12-23,2.0
A/France/PAC-RELAB-HCL024172122101/2024|EPI_ISL_19556698,2024-12-26,1.0
A/France/PAC-RELAB-HCL024172122101/2024|EPI_ISL_19556698,2024-12-27,6.0
A/France/PAC-RELAB-HCL024172122101/2024|EPI_ISL_19556698,2024-12-28,2.0
A/France/PAC-RELAB-HCL024172122101/2024|EPI_ISL_19556698,2024-12-29,2.0
A/France/PAC-RELAB-HCL024172122101/2024|EPI_ISL_19556698,2024-12-30,10.0
A/France/PAC-RELAB-HCL024172122101/2024|EPI_ISL_19556698,2024-12-31,4.0
A/France/PAC-RELAB-HCL024172122101/2024|EPI_ISL_19556698,2025-01-01,2.0
A/France/PAC-RELAB-HCL024172122101/2024|EPI_ISL_19556698,2025-01-02,6.0
A/France/PAC-RELAB-HCL024172122101/2024|EPI_ISL_19556698,2025-01-03,7.0
A/France/PAC-RELAB-HCL024172122101/2024|EPI_ISL_19556698,2025-01-04,5.0
A/France/PAC-RELAB-HCL024172122101/2024|EPI_ISL_19556698,2025-01-05,4.0
A/France/PAC-RELAB-HCL024172122101/2024|EPI_ISL_19556698,2025-01-06,6.0
A/France/PAC-RELAB-HCL024172122101/2024|EPI_ISL_19556698,2025-01-07,5.0
A/France/PAC-RELAB-HCL024172122101/2024|EPI_ISL_19556698,2025-01-08,5.0
A/France/PAC-RELAB-HCL024172122101/2024|EPI_ISL_19556698,2025-01-09,3.0
A/France/PAC-RELAB-HCL024172122101/2024|EPI_ISL_19556698,2025-01-10,4.0
A/France/PAC-RELAB-HCL024172122101/2024|EPI_ISL_19556698,2025-01-11,1.0
A/France/PAC-RELAB-HCL024172122101/2024|EPI_ISL_19556698,2025-01-12,1.0
A/France/PAC-RELAB-HCL024172122101/2024|EPI_ISL_19556698,2025-01-13,5.0
A/France/PAC-RELAB-HCL024172122101/2024|EPI_ISL_19556698,2025-01-14,2.0
A/France/PAC-RELAB-HCL024172122101/2024|EPI_ISL_19556698,2025-01-15,6.0
A/France/PAC-RELAB-HCL024172122101/2024|EPI_ISL_19556698,2025-01-16,6.0
A/France/PAC-RELAB-HCL024172122101/2024|EPI_ISL_19556698,2025-01-17,5.0
A/France/PAC-RELAB-HCL024172122101/2024|EPI_ISL_19556698,2025-01-18,2.0
A/France/PAC-RELAB-HCL024172122101/2024|EPI_ISL_19556698,2025-01-19,4.0
A/France/PAC-RELAB-HCL024172122101/2024|EPI_ISL_19556698,2025-01-20,1.0
A/France/PAC-RELAB-HCL024172122101/2024|EPI_ISL_19556698,2025-01-21,11.0
A/France/PAC-RELAB-HCL024172122101/2024|EPI_ISL_19556698,2025-01-22,5.0
A/France/PAC-RELAB-HCL024172122101/2024|EPI_ISL_19556698,2025-01-23,5.0
A/France/PAC-RELAB-HCL024172122101/2024|EPI_ISL_19556698,2025-01-24,6.0
A/France/PAC-RELAB-HCL024172122101/2024|EPI_ISL_19556698,2025-01-25,1.0
A/France/PAC-RELAB-HCL024172122101/2024|EPI_ISL_19556698,2025-01-26,2.0
A/France/PAC-RELAB-HCL024172122101/2024|EPI_ISL_19556698,2025-01-27,15.0
A/France/PAC-RELAB-HCL024172122101/2024|EPI_ISL_19556698,2025-01-28,10.0
A/France/PAC-RELAB-HCL024172122101/2024|EPI_ISL_19556698,2025-01-29,10.0
A/France/PAC-RELAB-HCL024172122101/2024|EPI_ISL_19556698,2025-01-30,6.0
A/France/PAC-RELAB-HCL024172122101/2024|EPI_ISL_19556698,2025-01-31,3.0
A/France/PAC-RELAB-HCL024172122101/2024|EPI_ISL_19556698,2025-02-01,3.0
A/France/PAC-RELAB-HCL024172122101/2024|EPI_ISL_19556698,2025-02-02,2.0
A/France/PAC-RELAB-HCL024172122101/2024|EPI_ISL_19556698,2025-02-03,6.0
A/France/PAC-RELAB-HCL024172122101/2024|EPI_ISL_19556698,2025-02-04,9.0
A/France/PAC-RELAB-HCL024172122101/2024|EPI_ISL_19556698,2025-02-05,8.0
A/France/PAC-RELAB-HCL024172122101/2024|EPI_ISL_19556698,2025-02-06,6.0
A/France/PAC-RELAB-HCL024172122101/2024|EPI_ISL_19556698,2025-02-07,3.0
A/France/PAC-RELAB-HCL024172122101/2024|EPI_ISL_19556698,2025-02-08,5.0
A/France/PAC-RELAB-HCL024172122101/2024|EPI_ISL_19556698,2025-02-09,1.0
A/France/PAC-RELAB-HCL024172122101/2024|EPI_ISL_19556698,2025-02-10,6.0
A/France/PAC-RELAB-HCL024172122101/2024|EPI_ISL_19556698,2025-02-11,11.0
A/France/PAC-RELAB-HCL024172122101/2024|EPI_ISL_19556698,2025-02-12,3.0
A/France/PAC-RELAB-HCL024172122101/2024|EPI_ISL_19556698,2025-02-13,4.0
A/France/PAC-RELAB-HCL024172122101/2024|EPI_ISL_19556698,2025-02-14,10.0
A/France/PAC-RELAB-HCL024172122101/2024|EPI_ISL_19556698,2025-02-15,1.0
A/France/PAC-RELAB-HCL024172122101/2024|EPI_ISL_19556698,2025-02-16,3.0
A/France/PAC-RELAB-HCL024172122101/2024|EPI_ISL_19556698,2025-02-17,9.0
A/France/PAC-RELAB-HCL024172122101/2024|EPI_ISL_19556698,2025-02-18,9.5
A/France/PAC-RELAB-HCL024172122101/2024|EPI_ISL_19556698,2025-02-19,9.0
A/France/PAC-RELAB-HCL024172122101/2024|EPI_ISL_19556698,2025-02-20,7.0
A/France/PAC-RELAB-HCL024172122101/2024|EPI_ISL_19556698,2025-02-21,1.0
A/France/PAC-RELAB-HCL024172122101/2024|EPI_ISL_19556698,2025-02-22,7.0
A/France/PAC-RELAB-HCL024172122101/2024|EPI_ISL_19556698,2025-02-23,2.0
A/France/PAC-RELAB-HCL024172122101/2024|EPI_ISL_19556698,2025-02-24,5.0
A/France/PAC-RELAB-HCL024172122101/2024|EPI_ISL_19556698,2025-02-25,7.0
A/France/PAC-RELAB-HCL024172122101/2024|EPI_ISL_19556698,2025-02-26,6.5
A/France/PAC-RELAB-HCL024172122101/2024|EPI_ISL_19556698,2025-02-27,3.0
A/France/PAC-RELAB-HCL024172122101/2024|EPI_ISL_19556698,2025-02-28,9.0
A/France/PAC-RELAB-HCL024172122101/2024|EPI_ISL_19556698,2025-03-02,2.0
A/France/PAC-RELAB-HCL024172122101/2024|EPI_ISL_19556698,2025-03-03,8.0
A/France/PAC-RELAB-HCL024172122101/2024|EPI_ISL_19556698,2025-03-04,3.0
A/France/PAC-RELAB-HCL024172122101/2024|EPI_ISL_19556698,2025-03-05,2.0
A/France/PAC-RELAB-HCL024172122101/2024|EPI_ISL_19556698,2025-03-06,3.5
A/France/PAC-RELAB-HCL024172122101/2024|EPI_ISL_19556698,2025-03-07,6.5
A/France/PAC-RELAB-HCL024172122101/2024|EPI_ISL_19556698,2025-03-08,2.0
A/France/PAC-RELAB-HCL024172122101/2024|EPI_ISL_19556698,2025-03-09,0.5
A/France/PAC-RELAB-HCL024172122101/2024|EPI_ISL_19556698,2025-03-10,5.0
A/France/PAC-RELAB-HCL024172122101/2024|EPI_ISL_19556698,2025-03-11,6.0
A/France/PAC-RELAB-HCL024172122101/2024|EPI_ISL_19556698,2025-03-12,6.0
A/France/PAC-RELAB-HCL024172122101/2024|EPI_ISL_19556698,2025-03-13,2.0
A/France/PAC-RELAB-HCL024172122101/2024|EPI_ISL_19556698,2025-03-14,4.0
A/France/PAC-RELAB-HCL024172122101/2024|EPI_ISL_19556698,2025-03-15,2.0
A/France/PAC-RELAB-HCL024172122101/2024|EPI_ISL_19556698,2025-03-16,3.0
A/France/PAC-RELAB-HCL024172122101/2024|EPI_ISL_19556698,2025-03-17,11.0
A/France/PAC-RELAB-HCL024172122101/2024|EPI_ISL_19556698,2025-03-18,3.0
A/France/PAC-RELAB-HCL024172122101/2024|EPI_ISL_19556698,2025-03-19,2.0
A/France/PAC-RELAB-HCL024172122101/2024|EPI_ISL_19556698,2025-03-20,3.0
A/France/PAC-RELAB-HCL024172122101/2024|EPI_ISL_19556698,2025-03-21,3.0
A/France/PAC-RELAB-HCL024172122101/2024|EPI_ISL_19556698,2025-03-24,4.0
A/France/PAC-RELAB-HCL024172122101/2024|EPI_ISL_19556698,2025-03-25,5.0
A/France/PAC-RELAB-HCL024172122101/2024|EPI_ISL_19556698,2025-03-27,4.0
A/France/PAC-RELAB-HCL024172122101/2024|EPI_ISL_19556698,2025-03-28,2.0
A/France/PAC-RELAB-HCL024172122101/2024|EPI_ISL_19556698,2025-03-31,2.0
A/France/PAC-RELAB-HCL024172122101/2024|EPI_ISL_19556698,2025-04-01,2.0
A/France/PAC-RELAB-HCL024172122101/2024|EPI_ISL_19556698,2025-04-02,2.0
A/France/PAC-RELAB-HCL024172122101/2024|EPI_ISL_19556698,2025-04-04,4.0
A/France/PAC-RELAB-HCL024172122101/2024|EPI_ISL_19556698,2025-04-07,1.0
A/France/PAC-RELAB-HCL024172122101/2024|EPI_ISL_19556698,2025-04-08,2.0
A/France/PAC-RELAB-HCL024172122101/2024|EPI_ISL_19556698,2025-04-10,4.0
A/France/PAC-RELAB-HCL024172122101/2024|EPI_ISL_19556698,2025-04-11,3.5
A/France/PAC-RELAB-HCL024172122101/2024|EPI_ISL_19556698,2025-04-14,2.0
A/France/PAC-RELAB-HCL024172122101/2024|EPI_ISL_19556698,2025-04-15,1.0
A/France/PAC-RELAB-HCL024172122101/2024|EPI_ISL_19556698,2025-04-18,1.0
A/France/PAC-RELAB-HCL024172122101/2024|EPI_ISL_19556698,2025-04-20,1.0
A/France/PAC-RELAB-HCL024172122101/2024|EPI_ISL_19556698,2025-04-21,1.0
A/France/PAC-RELAB-HCL024172122101/2024|EPI_ISL_19556698,2025-04-22,1.0
A/France/PAC-RELAB-HCL024172122101/2024|EPI_ISL_19556698,2025-04-23,1.0
A/France/PAC-RELAB-HCL024172122101/2024|EPI_ISL_19556698,2025-04-24,2.0
A/France/PAC-RELAB-HCL024172122101/2024|EPI_ISL_19556698,2025-04-25,1.0
A/France/PAC-RELAB-HCL024172122101/2024|EPI_ISL_19556698,2025-04-28,1.0
A/France/PAC-RELAB-HCL024172122101/2024|EPI_ISL_19556698,2025-05-09,1.0
A/France/PAC-RELAB-HCL024172122101/2024|EPI_ISL_19556698,2025-05-12,1.0
A/France/PAC-RELAB-HCL024172122101/2024|EPI_ISL_19556698,2025-05-17,1.0
A/France/PAC-RELAB-HCL024172122101/2024|EPI_ISL_19556698,2025-05-29,1.0
A/Ghana/FS-25-0256/2025|EPI_ISL_19762385,2024-09-09,1.0
A/Ghana/FS-25-0256/2025|EPI_ISL_19762385,2024-11-20,0.5
A/Ghana/FS-25-0256/2025|EPI_ISL_19762385,2024-11-22,0.5
A/Ghana/FS-25-0256/2025|EPI_ISL_19762385,2024-11-28,1.0
A/Ghana/FS-25-0256/2025|EPI_ISL_19762385,2024-11-29,1.0
A/Ghana/FS-25-0256/2025|EPI_ISL_19762385,2024-12-05,1.0
A/Ghana/FS-25-0256/2025|EPI_ISL_19762385,2024-12-11,1.0
A/Ghana/FS-25-0256/2025|EPI_ISL_19762385,2024-12-16,1.0
A/Ghana/FS-25-0256/2025|EPI_ISL_19762385,2024-12-20,0.5
A/Ghana/FS-25-0256/2025|EPI_ISL_19762385,2025-01-08,1.0
A/Ghana/FS-25-0256/2025|EPI_ISL_19762385,2025-01-13,0.5
A/Ghana/FS-25-0256/2025|EPI_ISL_19762385,2025-01-21,1.5
A/India/Pune-NIV24_3439/2024|EPI_ISL_19705954,2024-08-01,0.5
A/India/Pune-NIV24_3439/2024|EPI_ISL_19705954,2024-08-14,0.5
A/India/Pune-NIV24_3439/2024|EPI_ISL_19705954,2024-08-15,0.5
A/India/Pune-NIV24_3439/2024|EPI_ISL_19705954,2024-08-17,0.5
A/India/Pune-NIV24_3439/2024|EPI_ISL_19705954,2024-08-19,0.5
A/India/Pune-NIV24_3439/2024|EPI_ISL_19705954,2024-08-29,0.5
A/India/Pune-NIV24_3439/2024|EPI_ISL_19705954,2024-09-02,1.0
A/India/Pune-NIV24_3439/2024|EPI_ISL_19705954,2024-09-04,0.5
A/India/Pune-NIV24_3439/2024|EPI_ISL_19705954,2024-09-14,1.0
A/India/Pune-NIV24_3439/2024|EPI_ISL_19705954,2024-09-15,0.5
A/India/Pune-NIV24_3439/2024|EPI_ISL_19705954,2024-09-17,0.5
A/India/Pune-NIV24_3439/2024|EPI_ISL_19705954,2024-09-18,1.5
A/India/Pune-NIV24_3439/2024|EPI_ISL_19705954,2024-09-20,1.5
A/India/Pune-NIV24_3439/2024|EPI_ISL_19705954,2024-09-24,0.5
A/India/Pune-NIV24_3439/2024|EPI_ISL_19705954,2024-09-30,0.5
A/India/Pune-NIV24_3439/2024|EPI_ISL_19705954,2024-10-01,1.0
A/India/Pune-NIV24_3439/2024|EPI_ISL_19705954,2024-10-04,1.0
A/India/Pune-NIV24_3439/2024|EPI_ISL_19705954,2024-10-05,0.5
A/India/Pune-NIV24_3439/2024|EPI_ISL_19705954,2024-10-08,0.5
A/India/Pune-NIV24_3439/2024|EPI_ISL_19705954,2024-10-10,2.0
A/India/Pune-NIV24_3439/2024|EPI_ISL_19705954,2024-10-11,1.0
A/India/Pune-NIV24_3439/2024|EPI_ISL_19705954,2024-10-13,0.5
A/India/Pune-NIV24_3439/2024|EPI_ISL_19705954,2024-10-18,0.5
A/India/Pune-NIV24_3439/2024|EPI_ISL_19705954,2024-10-20,0.5
A/India/Pune-NIV24_3439/2024|EPI_ISL_19705954,2024-10-27,1.0
A/India/Pune-NIV24_3439/2024|EPI_ISL_19705954,2024-10-28,1.5
A/India/Pune-NIV24_3439/2024|EPI_ISL_19705954,2024-10-30,1.0
A/India/Pune-NIV24_3439/2024|EPI_ISL_19705954,2024-10-31,0.5
A/India/Pune-NIV24_3439/2024|EPI_ISL_19705954,2024-11-01,0.5
A/India/Pune-NIV24_3439/2024|EPI_ISL_19705954,2024-11-02,0.5
A/India/Pune-NIV24_3439/2024|EPI_ISL_19705954,2024-11-07,1.0
A/India/Pune-NIV24_3439/2024|EPI_ISL_19705954,2024-11-08,1.5
A/India/Pune-NIV24_3439/2024|EPI_ISL_19705954,2024-11-12,0.5
A/India/Pune-NIV24_3439/2024|EPI_ISL_19705954,2024-11-18,1.0
A/India/Pune-NIV24_3439/2024|EPI_ISL_19705954,2024-11-20,1.0
A/India/Pune-NIV24_3439/2024|EPI_ISL_19705954,2024-11-21,0.5
A/India/Pune-NIV24_3439/2024|EPI_ISL_19705954,2024-11-25,2.5
A/India/Pune-NIV24_3439/2024|EPI_ISL_19705954,2024-11-26,0.5
A/India/Pune-NIV24_3439/2024|EPI_ISL_19705954,2024-11-28,1.5
A/India/Pune-NIV24_3439/2024|EPI_ISL_19705954,2024-11-30,0.5
A/India/Pune-NIV24_3439/2024|EPI_ISL_19705954,2024-12-02,0.5
A/India/Pune-NIV24_3439/2024|EPI_ISL_19705954,2024-12-03,0.5
A/India/Pune-NIV24_3439/2024|EPI_ISL_19705954,2024-12-04,1.0
A/India/Pune-NIV24_3439/2024|EPI_ISL_19705954,2024-12-13,1.0
A/India/Pune-NIV24_3439/2024|EPI_ISL_19705954,2024-12-19,0.5
A/India/Pune-NIV24_3439/2024|EPI_ISL_19705954,2024-12-23,0.5
A/India/Pune-NIV24_3439/2024|EPI_ISL_19705954,2024-12-24,1.0
A/India/Pune-NIV24_3439/2024|EPI_ISL_19705954,2025-01-04,0.5
A/India/Pune-NIV24_3439/2024|EPI_ISL_19705954,2025-01-07,0.5
A/India/Pune-NIV24_3439/2024|EPI_ISL_19705954,2025-01-08,0.5
A/India/Pune-NIV24_3439/2024|EPI_ISL_19705954,2025-01-27,0.5
A/India/Pune-NIV24_3439/2024|EPI_ISL_19705954,2025-01-28,0.5
A/India/Pune-NIV24_3439/2024|EPI_ISL_19705954,2025-02-02,0.5
A/India/Pune-NIV24_3439/2024|EPI_ISL_19705954,2025-02-03,0.5
A/India/Pune-NIV24_3439/2024|EPI_ISL_19705954,2025-02-04,0.5
A/India/Pune-NIV24_3439/2024|EPI_ISL_19705954,2025-02-06,0.5
A/India/Pune-NIV24_3439/2024|EPI_ISL_19705954,2025-02-10,0.5
A/India/Pune-NIV24_3439/2024|EPI_ISL_19705954,2025-02-13,1.0
A/India/Pune-NIV24_3439/2024|EPI_ISL_19705954,2025-02-14,0.5
A/India/Pune-NIV24_3439/2024|EPI_ISL_19705954,2025-02-17,0.5
A/India/Pune-NIV24_3439/2024|EPI_ISL_19705954,2025-03-03,0.5
A/India/Pune-NIV24_3439/2024|EPI_ISL_19705954,2025-03-06,0.5
A/India/Pune-NIV24_3439/2024|EPI_ISL_19705954,2025-03-10,0.5
A/India/Pune-NIV24_3439/2024|EPI_ISL_19705954,2025-03-27,0.5
A/India/Pune-NIV24_3439/2024|EPI_ISL_19705954,2025-05-12,0.5
A/Indiana/46/2024|EPI_ISL_19628119,2024-04-18,1.0
A/Indiana/46/2024|EPI_ISL_19628119,2024-04-20,1.0
A/Indiana/46/2024|EPI_ISL_19628119,2024-05-03,0.2
A/Indiana/46/2024|EPI_ISL_19628119,2024-05-08,0.6000000000000001
A/Indiana/46/2024|EPI_ISL_19628119,2024-05-09,0.2
A/Indiana/46/2024|EPI_ISL_19628119,2024-05-15,1.2
A/Indiana/46/2024|EPI_ISL_19628119,2024-05-23,0.2
A/Indiana/46/2024|EPI_ISL_19628119,2024-05-24,0.2
A/Indiana/46/2024|EPI_ISL_19628119,2024-05-27,1.0
A/Indiana/46/2024|EPI_ISL_19628119,2024-05-28,1.0
A/Indiana/46/2024|EPI_ISL_19628119,2024-05-29,1.0
A/Indiana/46/2024|EPI_ISL_19628119,2024-06-02,0.4
A/Indiana/46/2024|EPI_ISL_19628119,2024-06-03,0.2
A/Indiana/46/2024|EPI_ISL_19628119,2024-06-04,0.4
A/Indiana/46/2024|EPI_ISL_19628119,2024-06-06,0.2
A/Indiana/46/2024|EPI_ISL_19628119,2024-06-08,0.2
A/Indiana/46/2024|EPI_ISL_19628119,2024-06-09,0.6000000000000001
A/Indiana/46/2024|EPI_ISL_19628119,2024-06-10,0.6000000000000001
A/Indiana/46/2024|EPI_ISL_19628119,2024-06-11,0.4
A/Indiana/46/2024|EPI_ISL_19628119,2024-06-18,2.4
A/Indiana/46/2024|EPI_ISL_19628119,2024-06-21,0.2
A/Indiana/46/2024|EPI_ISL_19628119,2024-06-23,0.2
A/Indiana/46/2024|EPI_ISL_19628119,2024-06-24,0.8
A/Indiana/46/2024|EPI_ISL_19628119,2024-06-25,0.2
A/Indiana/46/2024|EPI_ISL_19628119,2024-06-26,1.0
A/Indiana/46/2024|EPI_ISL_19628119,2024-06-30,0.2
A/Indiana/46/2024|EPI_ISL_19628119,2024-07-01,1.0
A/Indiana/46/2024|EPI_ISL_19628119,2024-07-02,0.6000000000000001
A/Indiana/46/2024|EPI_ISL_19628119,2024-07-03,2.0
A/Indiana/46/2024|EPI_ISL_19628119,2024-07-05,1.0
A/Indiana/46/2024|EPI_ISL_19628119,2024-07-06,2.4
A/Indiana/46/2024|EPI_ISL_19628119,2024-07-07,2.0
A/Indiana/46/2024|EPI_ISL_19628119,2024-07-08,1.4
A/Indiana/46/2024|EPI_ISL_19628119,2024-07-09,2.4
A/Indiana/46/2024|EPI_ISL_19628119,2024-07-10,4.8
A/Indiana/46/2024|EPI_ISL_19628119,2024-07-11,2.2
A/Indiana/46/2024|EPI_ISL_19628119,2024-07-12,1.0
A/Indiana/46/2024|EPI_ISL_19628119,2024-07-13,1.0
A/Indiana/46/2024|EPI_ISL_19628119,2024-07-14,0.4
A/Indiana/46/2024|EPI_ISL_19628119,2024-07-15,9.2
A/Indiana/46/2024|EPI_ISL_19628119,2024-07-16,1.6
A/Indiana/46/2024|EPI_ISL_19628119,2024-07-17,7.4
A/Indiana/46/2024|EPI_ISL_19628119,2024-07-18,3.6
A/Indiana/46/2024|EPI_ISL_19628119,2024-07-19,3.4
A/Indiana/46/2024|EPI_ISL_19628119,2024-07-20,1.2
A/Indiana/46/2024|EPI_ISL_19628119,2024-07-21,1.4
A/Indiana/46/2024|EPI_ISL_19628119,2024-07-22,2.4
A/Indiana/46/2024|EPI_ISL_19628119,2024-07-23,1.2
A/Indiana/46/2024|EPI_ISL_19628119,2024-07-24,3.6
A/Indiana/46/2024|EPI_ISL_19628119,2024-07-25,1.0
A/Indiana/46/2024|EPI_ISL_19628119,2024-07-26,3.2
A/Indiana/46/2024|EPI_ISL_19628119,2024-07-27,0.2
A/Indiana/46/2024|EPI_ISL_19628119,2024-07-28,3.0
A/Indiana/46/2024|EPI_ISL_19628119,2024-07-29,2.2
A/Indiana/46/2024|EPI_ISL_19628119,2024-07-30,3.4
A/Indiana/46/2024|EPI_ISL_19628119,2024-07-31,1.2
A/Indiana/46/2024|EPI_ISL_19628119,2024-08-01,7.4
A/Indiana/46/2024|EPI_ISL_19628119,2024-08-02,4.4
A/Indiana/46/2024|EPI_ISL_19628119,2024-08-03,1.0
A/Indiana/46/2024|EPI_ISL_19628119,2024-08-04,1.4
A/Indiana/46/2024|EPI_ISL_19628119,2024-08-05,8.2
A/Indiana/46/2024|EPI_ISL_19628119,2024-08-06,3.2
A/Indiana/46/2024|EPI_ISL_19628119,2024-08-07,8.8
A/Indiana/46/2024|EPI_ISL_19628119,2024-08-08,2.4
A/Indiana/46/2024|EPI_ISL_19628119,2024-08-09,3.0
A/Indiana/46/2024|EPI_ISL_19628119,2024-08-11,4.2
A/Indiana/46/2024|EPI_ISL_19628119,2024-08-12,13.4
A/Indiana/46/2024|EPI_ISL_19628119,2024-08-13,3.0
A/Indiana/46/2024|EPI_ISL_19628119,2024-08-14,5.0
A/Indiana/46/2024|EPI_ISL_19628119,2024-08-15,2.2
A/Indiana/46/2024|EPI_ISL_19628119,2024-08-16,2.0
A/Indiana/46/2024|EPI_ISL_19628119,2024-08-17,2.0
A/Indiana/46/2024|EPI_ISL_19628119,2024-08-18,3.2
A/Indiana/46/2024|EPI_ISL_19628119,2024-08-19,7.0
A/Indiana/46/2024|EPI_ISL_19628119,2024-08-20,3.2
A/Indiana/46/2024|EPI_ISL_19628119,2024-08-21,4.2
A/Indiana/46/2024|EPI_ISL_19628119,2024-08-22,4.0
A/Indiana/46/2024|EPI_ISL_19628119,2024-08-23,3.0
A/Indiana/46/2024|EPI_ISL_19628119,2024-08-24,2.0
A/Indiana/46/2024|EPI_ISL_19628119,2024-08-26,0.4
A/Indiana/46/2024|EPI_ISL_19628119,2024-08-27,2.0
A/Indiana/46/2024|EPI_ISL_19628119,2024-08-29,5.0
A/Indiana/46/2024|EPI_ISL_19628119,2024-08-30,2.0
A/Indiana/46/2024|EPI_ISL_19628119,2024-08-31,1.0
A/Indiana/46/2024|EPI_ISL_19628119,2024-09-01,2.2
A/Indiana/46/2024|EPI_ISL_19628119,2024-09-02,3.0
A/Indiana/46/2024|EPI_ISL_19628119,2024-09-03,1.2
A/Indiana/46/2024|EPI_ISL_19628119,2024-09-04,5.0
A/Indiana/46/2024|EPI_ISL_19628119,2024-09-05,3.0
A/Indiana/46/2024|EPI_ISL_19628119,2024-09-06,1.0
A/Indiana/46/2024|EPI_ISL_19628119,2024-09-07,3.0
A/Indiana/46/2024|EPI_ISL_19628119,2024-09-08,2.2
A/Indiana/46/2024|EPI_ISL_19628119,2024-09-09,0.2
A/Indiana/46/2024|EPI_ISL_19628119,2024-09-10,1.2
A/Indiana/46/2024|EPI_ISL_19628119,2024-09-11,1.0
A/Indiana/46/2024|EPI_ISL_19628119,2024-09-14,0.2
A/Indiana/46/2024|EPI_ISL_19628119,2024-09-15,2.0
A/Indiana/46/2024|EPI_ISL_19628119,2024-09-16,1.0
A/Indiana/46/2024|EPI_ISL_19628119,2024-09-17,1.0
A/Indiana/46/2024|EPI_ISL_19628119,2024-09-18,1.0
A/Indiana/46/2024|EPI_ISL_19628119,2024-09-20,1.4
A/Indiana/46/2024|EPI_ISL_19628119,2024-09-21,1.0
A/Indiana/46/2024|EPI_ISL_19628119,2024-09-23,2.0
A/Indiana/46/2024|EPI_ISL_19628119,2024-09-25,1.0
A/Indiana/46/2024|EPI_ISL_19628119,2024-09-26,4.0
A/Indiana/46/2024|EPI_ISL_19628119,2024-09-27,1.0
A/Indiana/46/2024|EPI_ISL_19628119,2024-09-30,1.0
A/Indiana/46/2024|EPI_ISL_19628119,2024-10-01,2.0
A/Indiana/46/2024|EPI_ISL_19628119,2024-10-02,0.2
A/Indiana/46/2024|EPI_ISL_19628119,2024-10-03,7.0
A/Indiana/46/2024|EPI_ISL_19628119,2024-10-04,2.0
A/Indiana/46/2024|EPI_ISL_19628119,2024-10-07,1.0
A/Indiana/46/2024|EPI_ISL_19628119,2024-10-08,1.0
A/Indiana/46/2024|EPI_ISL_19628119,2024-10-11,0.2
A/Indiana/46/2024|EPI_ISL_19628119,2024-10-14,3.0
A/Indiana/46/2024|EPI_ISL_19628119,2024-10-18,2.0
A/Indiana/46/2024|EPI_ISL_19628119,2024-10-24,1.0
A/Indiana/46/2024|EPI_ISL_19628119,2024-10-25,1.0
A/Indiana/46/2024|EPI_ISL_19628119,2024-10-26,2.0
A/Indiana/46/2024|EPI_ISL_19628119,2024-10-27,1.0
A/Indiana/46/2024|EPI_ISL_19628119,2024-10-28,2.0
A/Indiana/46/2024|EPI_ISL_19628119,2024-10-29,0.2
A/Indiana/46/2024|EPI_ISL_19628119,2024-10-30,2.0
A/Indiana/46/2024|EPI_ISL_19628119,2024-10-31,2.0
A/Indiana/46/2024|EPI_ISL_19628119,2024-11-01,1.0
A/Indiana/46/2024|EPI_ISL_19628119,2024-11-03,2.0
A/Indiana/46/2024|EPI_ISL_19628119,2024-11-04,3.0
A/Indiana/46/2024|EPI_ISL_19628119,2024-11-05,2.0
A/Indiana/46/2024|EPI_ISL_19628119,2024-11-06,5.0
A/Indiana/46/2024|EPI_ISL_19628119,2024-11-07,0.4
A/Indiana/46/2024|EPI_ISL_19628119,2024-11-08,0.2
A/Indiana/46/2024|EPI_ISL_19628119,2024-11-10,1.0
A/Indiana/46/2024|EPI_ISL_19628119,2024-11-11,2.2
A/Indiana/46/2024|EPI_ISL_19628119,2024-11-12,2.2
A/Indiana/46/2024|EPI_ISL_19628119,2024-11-13,1.0
A/Indiana/46/2024|EPI_ISL_19628119,2024-11-14,1.0
A/Indiana/46/2024|EPI_ISL_19628119,2024-11-15,0.2
A/Indiana/46/2024|EPI_ISL_19628119,2024-11-17,1.2
A/Indiana/46/2024|EPI_ISL_19628119,2024-11-18,1.0
A/Indiana/46/2024|EPI_ISL_19628119,2024-11-19,2.2
A/Indiana/46/2024|EPI_ISL_19628119,2024-11-20,3.0
A/Indiana/46/2024|EPI_ISL_19628119,2024-11-23,1.0
A/Indiana/46/2024|EPI_ISL_19628119,2024-11-26,0.2
A/Indiana/46/2024|EPI_ISL_19628119,2024-11-29,1.2
A/Indiana/46/2024|EPI_ISL_19628119,2024-12-02,2.0
A/Indiana/46/2024|EPI_ISL_19628119,2024-12-03,1.0
A/Indiana/46/2024|EPI_ISL_19628119,2024-12-08,0.2
A/Indiana/46/2024|EPI_ISL_19628119,2024-12-17,1.0
A/Indiana/46/2024|EPI_ISL_19628119,2024-12-18,2.0
A/Indiana/46/2024|EPI_ISL_19628119,2024-12-19,2.0
A/Indiana/46/2024|EPI_ISL_19628119,2024-12-20,1.0
A/Indiana/46/2024|EPI_ISL_19628119,2024-12-25,0.2
A/Indiana/46/2024|EPI_ISL_19628119,2024-12-28,1.0
A/Indiana/46/2024|EPI_ISL_19628119,2024-12-30,1.0
A/Indiana/46/2024|EPI_ISL_19628119,2025-01-02,1.0
A/Indiana/46/2024|EPI_ISL_19628119,2025-01-06,3.0
A/Indiana/46/2024|EPI_ISL_19628119,2025-01-07,1.0
A/Indiana/46/2024|EPI_ISL_19628119,2025-01-14,0.2
A/Indiana/46/2024|EPI_ISL_19628119,2025-01-18,1.0
A/Indiana/46/2024|EPI_ISL_19628119,2025-01-20,1.0
A/Indiana/46/2024|EPI_ISL_19628119,2025-01-22,1.0
A/Indiana/46/2024|EPI_ISL_19628119,2025-02-13,0.2
A/Indiana/46/2024|EPI_ISL_19628119,2025-02-20,0.2
A/Indiana/46/2024|EPI_ISL_19628119,2025-02-24,0.4
A/Indiana/46/2024|EPI_ISL_19628119,2025-03-04,0.2
A/Kentucky/57/2024|EPI_ISL_19628043,2024-04-18,1.25
A/Kentucky/57/2024|EPI_ISL_19628043,2024-04-19,0.3333333333333333
A/Kentucky/57/2024|EPI_ISL_19628043,2024-04-24,1.0
A/Kentucky/57/2024|EPI_ISL_19628043,2024-04-26,1.0
A/Kentucky/57/2024|EPI_ISL_19628043,2024-04-27,0.5
A/Kentucky/57/2024|EPI_ISL_19628043,2024-04-29,1.0
A/Kentucky/57/2024|EPI_ISL_19628043,2024-04-30,0.25
A/Kentucky/57/2024|EPI_ISL_19628043,2024-05-02,1.0
A/Kentucky/57/2024|EPI_ISL_19628043,2024-05-03,1.0
A/Kentucky/57/2024|EPI_ISL_19628043,2024-05-04,0.25
A/Kentucky/57/2024|EPI_ISL_19628043,2024-05-05,1.0
A/Kentucky/57/2024|EPI_ISL_19628043,2024-05-07,0.25
A/Kentucky/57/2024|EPI_ISL_19628043,2024-05-08,1.0
A/Kentucky/57/2024|EPI_ISL_19628043,2024-05-10,0.25
A/Kentucky/57/2024|EPI_ISL_19628043,2024-05-12,0.25
A/Kentucky/57/2024|EPI_ISL_19628043,2024-05-20,0.25
A/Kentucky/57/2024|EPI_ISL_19628043,2024-05-21,0.25
A/Kentucky/57/2024|EPI_ISL_19628043,2024-05-22,2.0
A/Kentucky/57/2024|EPI_ISL_19628043,2024-05-24,1.5
A/Kentucky/57/2024|EPI_ISL_19628043,2024-05-25,0.25
A/Kentucky/57/2024|EPI_ISL_19628043,2024-05-26,2.0
A/Kentucky/57/2024|EPI_ISL_19628043,2024-05-27,1.0
A/Kentucky/57/2024|EPI_ISL_19628043,2024-05-28,1.0
A/Kentucky/57/2024|EPI_ISL_19628043,2024-05-29,1.5
A/Kentucky/57/2024|EPI_ISL_19628043,2024-05-30,0.5
A/Kentucky/57/2024|EPI_ISL_19628043,2024-06-01,2.0
A/Kentucky/57/2024|EPI_ISL_19628043,2024-06-02,1.0
A/Kentucky/57/2024|EPI_ISL_19628043,2024-06-04,0.5
A/Kentucky/57/2024|EPI_ISL_19628043,2024-06-06,1.0
A/Kentucky/57/2024|EPI_ISL_19628043,2024-06-10,0.5
A/Kentucky/57/2024|EPI_ISL_19628043,2024-06-11,0.25
A/Kentucky/57/2024|EPI_ISL_19628043,2024-06-12,1.3333333333333333
A/Kentucky/57/2024|EPI_ISL_19628043,2024-06-14,0.25
A/Kentucky/57/2024|EPI_ISL_19628043,2024-06-15,0.25
A/Kentucky/57/2024|EPI_ISL_19628043,2024-06-16,1.0
A/Kentucky/57/2024|EPI_ISL_19628043,2024-06-17,0.5
A/Kentucky/57/2024|EPI_ISL_19628043,2024-06-21,0.25
A/Kentucky/57/2024|EPI_ISL_19628043,2024-06-22,1.5
A/Kentucky/57/2024|EPI_ISL_19628043,2024-06-24,1.5
A/Kentucky/57/2024|EPI_ISL_19628043,2024-06-25,0.25
A/Kentucky/57/2024|EPI_ISL_19628043,2024-06-26,0.25
A/Kentucky/57/2024|EPI_ISL_19628043,2024-06-27,0.5
A/Kentucky/57/2024|EPI_ISL_19628043,2024-06-28,0.5
A/Kentucky/57/2024|EPI_ISL_19628043,2024-07-01,0.5
A/Kentucky/57/2024|EPI_ISL_19628043,2024-07-02,0.75
A/Kentucky/57/2024|EPI_ISL_19628043,2024-07-03,2.25
A/Kentucky/57/2024|EPI_ISL_19628043,2024-07-04,0.5
A/Kentucky/57/2024|EPI_ISL_19628043,2024-07-05,1.25
A/Kentucky/57/2024|EPI_ISL_19628043,2024-07-06,0.25
A/Kentucky/57/2024|EPI_ISL_19628043,2024-07-09,0.5
A/Kentucky/57/2024|EPI_ISL_19628043,2024-07-10,0.25
A/Kentucky/57/2024|EPI_ISL_19628043,2024-07-11,0.25
A/Kentucky/57/2024|EPI_ISL_19628043,2024-07-12,0.25
A/Kentucky/57/2024|EPI_ISL_19628043,2024-07-16,0.25
A/Kentucky/57/2024|EPI_ISL_19628043,2024-07-17,0.25
A/Kentucky/57/2024|EPI_ISL_19628043,2024-07-18,1.0
A/Kentucky/57/2024|EPI_ISL_19628043,2024-07-19,0.5
A/Kentucky/57/2024|EPI_ISL_19628043,2024-07-23,0.25
A/Kentucky/57/2024|EPI_ISL_19628043,2024-07-27,0.25
A/Kentucky/57/2024|EPI_ISL_19628043,2024-07-29,0.25
A/Kentucky/57/2024|EPI_ISL_19628043,2024-08-01,1.25
A/Kentucky/57/2024|EPI_ISL_19628043,2024-08-05,0.25
A/Kentucky/57/2024|EPI_ISL_19628043,2024-08-07,0.25
A/Kentucky/57/2024|EPI_ISL_19628043,2024-08-10,0.25
A/Kentucky/57/2024|EPI_ISL_19628043,2024-08-11,0.25
A/Kentucky/57/2024|EPI_ISL_19628043,2024-08-19,0.25
A/Kentucky/57/2024|EPI_ISL_19628043,2024-08-20,1.0
A/Kentucky/57/2024|EPI_ISL_19628043,2024-08-23,0.25
A/Kentucky/57/2024|EPI_ISL_19628043,2024-08-31,0.25
A/Kentucky/57/2024|EPI_ISL_19628043,2024-09-02,0.25
A/Kentucky/57/2024|EPI_ISL_19628043,2024-09-03,1.0
A/Kentucky/57/2024|EPI_ISL_19628043,2024-09-04,0.25
A/Kentucky/57/2024|EPI_ISL_19628043,2024-09-05,1.0
A/Kentucky/57/2024|EPI_ISL_19628043,2024-09-06,0.5
A/Kentucky/57/2024|EPI_ISL_19628043,2024-09-09,0.25
A/Kentucky/57/2024|EPI_ISL_19628043,2024-09-13,0.25
A/Kentucky/57/2024|EPI_ISL_19628043,2024-09-14,0.25
A/Kentucky/57/2024|EPI_ISL_19628043,2024-09-16,0.25
A/Kentucky/57/2024|EPI_ISL_19628043,2024-09-17,0.25
A/Kentucky/57/2024|EPI_ISL_19628043,2024-09-18,0.75
A/Kentucky/57/2024|EPI_ISL_19628043,2024-09-19,0.5
A/Kentucky/57/2024|EPI_ISL_19628043,2024-09-20,1.25
A/Kentucky/57/2024|EPI_ISL_19628043,2024-09-24,1.0
A/Kentucky/57/2024|EPI_ISL_19628043,2024-09-27,0.25
A/Kentucky/57/2024|EPI_ISL_19628043,2024-09-28,0.25
A/Kentucky/57/2024|EPI_ISL_19628043,2024-09-30,0.25
A/Kentucky/57/2024|EPI_ISL_19628043,2024-10-01,0.75
A/Kentucky/57/2024|EPI_ISL_19628043,2024-10-02,0.75
A/Kentucky/57/2024|EPI_ISL_19628043,2024-10-03,1.25
A/Kentucky/57/2024|EPI_ISL_19628043,2024-10-07,0.25
A/Kentucky/57/2024|EPI_ISL_19628043,2024-10-08,0.25
A/Kentucky/57/2024|EPI_ISL_19628043,2024-10-10,0.25
A/Kentucky/57/2024|EPI_ISL_19628043,2024-10-11,1.0
A/Kentucky/57/2024|EPI_ISL_19628043,2024-10-12,0.5
A/Kentucky/57/2024|EPI_ISL_19628043,2024-10-13,0.25
A/Kentucky/57/2024|EPI_ISL_19628043,2024-10-19,0.5
A/Kentucky/57/2024|EPI_ISL_19628043,2024-10-22,0.25
A/Kentucky/57/2024|EPI_ISL_19628043,2024-10-23,0.25
A/Kentucky/57/2024|EPI_ISL_19628043,2024-10-25,2.0
A/Kentucky/57/2024|EPI_ISL_19628043,2024-10-28,1.0
A/Kentucky/57/2024|EPI_ISL_19628043,2024-10-31,1.0
A/Kentucky/57/2024|EPI_ISL_19628043,2024-11-01,1.0
A/Kentucky/57/2024|EPI_ISL_19628043,2024-11-02,2.0
A/Kentucky/57/2024|EPI_ISL_19628043,2024-11-04,2.0
A/Kentucky/57/2024|EPI_ISL_19628043,2024-11-05,0.3333333333333333
A/Kentucky/57/2024|EPI_ISL_19628043,2024-11-06,1.0
A/Kentucky/57/2024|EPI_ISL_19628043,2024-11-08,1.25
A/Kentucky/57/2024|EPI_ISL_19628043,2024-11-09,1.0
A/Kentucky/57/2024|EPI_ISL_19628043,2024-11-10,5.0
A/Kentucky/57/2024|EPI_ISL_19628043,2024-11-11,5.0
A/Kentucky/57/2024|EPI_ISL_19628043,2024-11-12,3.0
A/Kentucky/57/2024|EPI_ISL_19628043,2024-11-13,2.0
A/Kentucky/57/2024|EPI_ISL_19628043,2024-11-14,2.0
A/Kentucky/57/2024|EPI_ISL_19628043,2024-11-17,1.0
A/Kentucky/57/2024|EPI_ISL_19628043,2024-11-19,0.25
A/Kentucky/57/2024|EPI_ISL_19628043,2024-11-20,1.0
A/Kentucky/57/2024|EPI_ISL_19628043,2024-11-21,0.25
A/Kentucky/57/2024|EPI_ISL_19628043,2024-11-23,2.25
A/Kentucky/57/2024|EPI_ISL_19628043,2024-11-24,2.25
A/Kentucky/57/2024|EPI_ISL_19628043,2024-11-25,3.0
A/Kentucky/57/2024|EPI_ISL_19628043,2024-11-26,2.0
A/Kentucky/57/2024|EPI_ISL_19628043,2024-11-28,3.25
A/Kentucky/57/2024|EPI_ISL_19628043,2024-11-29,6.0
A/Kentucky/57/2024|EPI_ISL_19628043,2024-11-30,2.25
A/Kentucky/57/2024|EPI_ISL_19628043,2024-12-01,9.25
A/Kentucky/57/2024|EPI_ISL_19628043,2024-12-02,4.0
A/Kentucky/57/2024|EPI_ISL_19628043,2024-12-03,1.25
A/Kentucky/57/2024|EPI_ISL_19628043,2024-12-04,3.25
A/Kentucky/57/2024|EPI_ISL_19628043,2024-12-05,3.0
A/Kentucky/57/2024|EPI_ISL_19628043,2024-12-06,2.0
A/Kentucky/57/2024|EPI_ISL_19628043,2024-12-07,1.0
A/Kentucky/57/2024|EPI_ISL_19628043,2024-12-08,5.0
A/Kentucky/57/2024|EPI_ISL_19628043,2024-12-09,4.25
A/Kentucky/57/2024|EPI_ISL_19628043,2024-12-10,5.0
A/Kentucky/57/2024|EPI_ISL_19628043,2024-12-11,4.0
A/Kentucky/57/2024|EPI_ISL_19628043,2024-12-12,5.25
A/Kentucky/57/2024|EPI_ISL_19628043,2024-12-13,6.0
A/Kentucky/57/2024|EPI_ISL_19628043,2024-12-14,1.0
A/Kentucky/57/2024|EPI_ISL_19628043,2024-12-15,5.0
A/Kentucky/57/2024|EPI_ISL_19628043,2024-12-16,10.0
A/Kentucky/57/2024|EPI_ISL_19628043,2024-12-17,7.0
A/Kentucky/57/2024|EPI_ISL_19628043,2024-12-18,2.25
A/Kentucky/57/2024|EPI_ISL_19628043,2024-12-19,2.0
A/Kentucky/57/2024|EPI_ISL_19628043,2024-12-20,1.0
A/Kentucky/57/2024|EPI_ISL_19628043,2024-12-21,2.0
A/Kentucky/57/2024|EPI_ISL_19628043,2024-12-22,1.0
A/Kentucky/57/2024|EPI_ISL_19628043,2024-12-23,7.0
A/Kentucky/57/2024|EPI_ISL_19628043,2024-12-24,4.25
A/Kentucky/57/2024|EPI_ISL_19628043,2024-12-25,2.5
A/Kentucky/57/2024|EPI_ISL_19628043,2024-12-26,7.0
A/Kentucky/57/2024|EPI_ISL_19628043,2024-12-27,8.25
A/Kentucky/57/2024|EPI_ISL_19628043,2024-12-28,5.0
A/Kentucky/57/2024|EPI_ISL_19628043,2024-12-29,5.583333333333333
A/Kentucky/57/2024|EPI_ISL_19628043,2024-12-30,8.0
A/Kentucky/57/2024|EPI_ISL_19628043,2024-12-31,6.25
A/Kentucky/57/2024|EPI_ISL_19628043,2025-01-01,4.25
A/Kentucky/57/2024|EPI_ISL_19628043,2025-01-02,4.666666666666666
A/Kentucky/57/2024|EPI_ISL_19628043,2025-01-03,5.5
A/Kentucky/57/2024|EPI_ISL_19628043,2025-01-04,2.0
A/Kentucky/57/2024|EPI_ISL_19628043,2025-01-05,7.5
A/Kentucky/57/2024|EPI_ISL_19628043,2025-01-06,6.0
A/Kentucky/57/2024|EPI_ISL_19628043,2025-01-07,5.0
A/Kentucky/57/2024|EPI_ISL_19628043,2025-01-08,6.0
A/Kentucky/57/2024|EPI_ISL_19628043,2025-01-09,6.0
A/Kentucky/57/2024|EPI_ISL_19628043,2025-01-10,6.25
A/Kentucky/57/2024|EPI_ISL_19628043,2025-01-11,4.0
A/Kentucky/57/2024|EPI_ISL_19628043,2025-01-12,4.0
A/Kentucky/57/2024|EPI_ISL_19628043,2025-01-13,5.0
A/Kentucky/57/2024|EPI_ISL_19628043,2025-01-14,5.0
A/Kentucky/57/2024|EPI_ISL_19628043,2025-01-15,8.583333333333334
A/Kentucky/57/2024|EPI_ISL_19628043,2025-01-16,7.75
A/Kentucky/57/2024|EPI_ISL_19628043,2025-01-17,2.0
A/Kentucky/57/2024|EPI_ISL_19628043,2025-01-18,2.0
A/Kentucky/57/2024|EPI_ISL_19628043,2025-01-19,4.0
A/Kentucky/57/2024|EPI_ISL_19628043,2025-01-20,14.0
A/Kentucky/57/2024|EPI_ISL_19628043,2025-01-21,12.0
A/Kentucky/57/2024|EPI_ISL_19628043,2025-01-22,9.0
A/Kentucky/57/2024|EPI_ISL_19628043,2025-01-23,10.0
A/Kentucky/57/2024|EPI_ISL_19628043,2025-01-24,9.0
A/Kentucky/57/2024|EPI_ISL_19628043,2025-01-25,3.0
A/Kentucky/57/2024|EPI_ISL_19628043,2025-01-26,8.5
A/Kentucky/57/2024|EPI_ISL_19628043,2025-01-27,12.0
A/Kentucky/57/2024|EPI_ISL_19628043,2025-01-28,11.0
A/Kentucky/57/2024|EPI_ISL_19628043,2025-01-29,11.0
A/Kentucky/57/2024|EPI_ISL_19628043,2025-01-30,11.5
A/Kentucky/57/2024|EPI_ISL_19628043,2025-01-31,9.0
A/Kentucky/57/2024|EPI_ISL_19628043,2025-02-01,8.0
A/Kentucky/57/2024|EPI_ISL_19628043,2025-02-02,8.0
A/Kentucky/57/2024|EPI_ISL_19628043,2025-02-03,16.833333333333332
A/Kentucky/57/2024|EPI_ISL_19628043,2025-02-04,10.25
A/Kentucky/57/2024|EPI_ISL_19628043,2025-02-05,10.5
A/Kentucky/57/2024|EPI_ISL_19628043,2025-02-06,10.0
A/Kentucky/57/2024|EPI_ISL_19628043,2025-02-07,12.25
A/Kentucky/57/2024|EPI_ISL_19628043,2025-02-08,13.0
A/Kentucky/57/2024|EPI_ISL_19628043,2025-02-09,9.0
A/Kentucky/57/2024|EPI_ISL_19628043,2025-02-10,11.0
A/Kentucky/57/2024|EPI_ISL_19628043,2025-02-11,19.333333333333332
A/Kentucky/57/2024|EPI_ISL_19628043,2025-02-12,4.0
A/Kentucky/57/2024|EPI_ISL_19628043,2025-02-13,7.0
A/Kentucky/57/2024|EPI_ISL_19628043,2025-02-14,8.0
A/Kentucky/57/2024|EPI_ISL_19628043,2025-02-15,6.0
A/Kentucky/57/2024|EPI_ISL_19628043,2025-02-16,15.0
A/Kentucky/57/2024|EPI_ISL_19628043,2025-02-17,16.25
A/Kentucky/57/2024|EPI_ISL_19628043,2025-02-18,13.5
A/Kentucky/57/2024|EPI_ISL_19628043,2025-02-19,13.0
A/Kentucky/57/2024|EPI_ISL_19628043,2025-02-20,5.5
A/Kentucky/57/2024|EPI_ISL_19628043,2025-02-21,11.0
A/Kentucky/57/2024|EPI_ISL_19628043,2025-02-22,1.0
A/Kentucky/57/2024|EPI_ISL_19628043,2025-02-23,9.0
A/Kentucky/57/2024|EPI_ISL_19628043,2025-02-24,15.0
A/Kentucky/57/2024|EPI_ISL_19628043,2025-02-25,10.0
A/Kentucky/57/2024|EPI_ISL_19628043,2025-02-26,9.0
A/Kentucky/57/2024|EPI_ISL_19628043,2025-02-27,7.0
A/Kentucky/57/2024|EPI_ISL_19628043,2025-02-28,5.25
A/Kentucky/57/2024|EPI_ISL_19628043,2025-03-01,4.0
A/Kentucky/57/2024|EPI_ISL_19628043,2025-03-02,6.833333333333333
A/Kentucky/57/2024|EPI_ISL_19628043,2025-03-03,9.0
A/Kentucky/57/2024|EPI_ISL_19628043,2025-03-04,6.5
A/Kentucky/57/2024|EPI_ISL_19628043,2025-03-05,7.0
A/Kentucky/57/2024|EPI_ISL_19628043,2025-03-06,14.0
A/Kentucky/57/2024|EPI_ISL_19628043,2025-03-07,4.0
A/Kentucky/57/2024|EPI_ISL_19628043,2025-03-08,5.0
A/Kentucky/57/2024|EPI_ISL_19628043,2025-03-09,3.5
A/Kentucky/57/2024|EPI_ISL_19628043,2025-03-10,13.0
A/Kentucky/57/2024|EPI_ISL_19628043,2025-03-11,14.0
A/Kentucky/57/2024|EPI_ISL_19628043,2025-03-12,6.0
A/Kentucky/57/2024|EPI_ISL_19628043,2025-03-13,11.0
A/Kentucky/57/2024|EPI_ISL_19628043,2025-03-14,6.0
A/Kentucky/57/2024|EPI_ISL_19628043,2025-03-15,4.0
A/Kentucky/57/2024|EPI_ISL_19628043,2025-03-16,7.5
A/Kentucky/57/2024|EPI_ISL_19628043,2025-03-17,3.0
A/Kentucky/57/2024|EPI_ISL_19628043,2025-03-18,9.0
A/Kentucky/57/2024|EPI_ISL_19628043,2025-03-19,8.0
A/Kentucky/57/2024|EPI_ISL_19628043,2025-03-20,4.5
A/Kentucky/57/2024|EPI_ISL_19628043,2025-03-21,7.0
A/Kentucky/57/2024|EPI_ISL_19628043,2025-03-22,2.0
A/Kentucky/57/2024|EPI_ISL_19628043,2025-03-23,3.0
A/Kentucky/57/2024|EPI_ISL_19628043,2025-03-24,2.0
A/Kentucky/57/2024|EPI_ISL_19628043,2025-03-25,5.0
A/Kentucky/57/2024|EPI_ISL_19628043,2025-03-26,6.0
A/Kentucky/57/2024|EPI_ISL_19628043,2025-03-27,1.0
A/Kentucky/57/2024|EPI_ISL_19628043,2025-03-28,1.0
A/Kentucky/57/2024|EPI_ISL_19628043,2025-03-29,2.0
A/Kentucky/57/2024|EPI_ISL_19628043,2025-03-30,1.0
A/Kentucky/57/2024|EPI_ISL_19628043,2025-03-31,3.0
A/Kentucky/57/2024|EPI_ISL_19628043,2025-04-01,1.0
A/Kentucky/57/2024|EPI_ISL_19628043,2025-04-02,4.0
A/Kentucky/57/2024|EPI_ISL_19628043,2025-04-03,1.0
A/Kentucky/57/2024|EPI_ISL_19628043,2025-04-04,2.0
A/Kentucky/57/2024|EPI_ISL_19628043,2025-04-05,3.0
A/Kentucky/57/2024|EPI_ISL_19628043,2025-04-06,4.0
A/Kentucky/57/2024|EPI_ISL_19628043,2025-04-07,3.0
A/Kentucky/57/2024|EPI_ISL_19628043,2025-04-08,2.0
A/Kentucky/57/2024|EPI_ISL_19628043,2025-04-09,1.0
A/Kentucky/57/2024|EPI_ISL_19628043,2025-04-10,0.5
A/Kentucky/57/2024|EPI_ISL_19628043,2025-04-11,5.0
A/Kentucky/57/2024|EPI_ISL_19628043,2025-04-12,1.0
A/Kentucky/57/2024|EPI_ISL_19628043,2025-04-13,2.0
A/Kentucky/57/2024|EPI_ISL_19628043,2025-04-14,1.0
A/Kentucky/57/2024|EPI_ISL_19628043,2025-04-16,1.0
A/Kentucky/57/2024|EPI_ISL_19628043,2025-04-17,2.0
A/Kentucky/57/2024|EPI_ISL_19628043,2025-04-19,1.0
A/Kentucky/57/2024|EPI_ISL_19628043,2025-04-20,1.0
A/Kentucky/57/2024|EPI_ISL_19628043,2025-04-21,1.0
A/Kentucky/57/2024|EPI_ISL_19628043,2025-04-22,1.0
A/Kentucky/57/2024|EPI_ISL_19628043,2025-04-23,1.0
A/Kentucky/57/2024|EPI_ISL_19628043,2025-04-25,1.0
A/Kentucky/57/2024|EPI_ISL_19628043,2025-04-29,2.0
A/Kentucky/57/2024|EPI_ISL_19628043,2025-04-30,4.0
A/Kentucky/57/2024|EPI_ISL_19628043,2025-05-01,1.0
A/Kentucky/57/2024|EPI_ISL_19628043,2025-05-02,4.0
A/Kentucky/57/2024|EPI_ISL_19628043,2025-05-03,1.0
A/Kentucky/57/2024|EPI_ISL_19628043,2025-05-07,1.0
A/Kentucky/57/2024|EPI_ISL_19628043,2025-06-25,1.0
A/Lisboa/216/2023|EPI_ISL_18913575,2024-04-18,2.2857142857142856
A/Lisboa/216/2023|EPI_ISL_18913575,2024-04-19,0.8571428571428571
A/Lisboa/216/2023|EPI_ISL_18913575,2024-04-20,0.2857142857142857
A/Lisboa/216/2023|EPI_ISL_18913575,2024-04-21,0.9285714285714286
A/Lisboa/216/2023|EPI_ISL_18913575,2024-04-22,1.4285714285714284
A/Lisboa/216/2023|EPI_ISL_18913575,2024-04-23,1.857142857142857
A/Lisboa/216/2023|EPI_ISL_18913575,2024-04-24,1.5714285714285714
A/Lisboa/216/2023|EPI_ISL_18913575,2024-04-25,1.5714285714285714
A/Lisboa/216/2023|EPI_ISL_18913575,2024-04-26,1.2857142857142856
A/Lisboa/216/2023|EPI_ISL_18913575,2024-04-27,0.5714285714285714
A/Lisboa/216/2023|EPI_ISL_18913575,2024-04-28,1.2857142857142856
A/Lisboa/216/2023|EPI_ISL_18913575,2024-04-29,1.2857142857142856
A/Lisboa/216/2023|EPI_ISL_18913575,2024-04-30,2.142857142857143
A/Lisboa/216/2023|EPI_ISL_18913575,2024-05-01,0.7142857142857142
A/Lisboa/216/2023|EPI_ISL_18913575,2024-05-02,0.42857142857142855
A/Lisboa/216/2023|EPI_ISL_18913575,2024-05-03,2.4857142857142858
A/Lisboa/216/2023|EPI_ISL_18913575,2024-05-04,1.1428571428571428
A/Lisboa/216/2023|EPI_ISL_18913575,2024-05-05,1.1428571428571428
A/Lisboa/216/2023|EPI_ISL_18913575,2024-05-06,2.142857142857143
A/Lisboa/216/2023|EPI_ISL_18913575,2024-05-07,2.0
A/Lisboa/216/2023|EPI_ISL_18913575,2024-05-08,1.6
A/Lisboa/216/2023|EPI_ISL_18913575,2024-05-09,0.7714285714285714
A/Lisboa/216/2023|EPI_ISL_18913575,2024-05-10,0.7142857142857142
A/Lisboa/216/2023|EPI_ISL_18913575,2024-05-11,0.7142857142857142
A/Lisboa/216/2023|EPI_ISL_18913575,2024-05-12,0.2857142857142857
A/Lisboa/216/2023|EPI_ISL_18913575,2024-05-13,1.2857142857142856
A/Lisboa/216/2023|EPI_ISL_18913575,2024-05-14,1.2857142857142856
A/Lisboa/216/2023|EPI_ISL_18913575,2024-05-15,1.7714285714285714
A/Lisboa/216/2023|EPI_ISL_18913575,2024-05-16,1.1428571428571428
A/Lisboa/216/2023|EPI_ISL_18913575,2024-05-17,0.7142857142857142
A/Lisboa/216/2023|EPI_ISL_18913575,2024-05-18,1.8571428571428572
A/Lisboa/216/2023|EPI_ISL_18913575,2024-05-19,0.8571428571428571
A/Lisboa/216/2023|EPI_ISL_18913575,2024-05-20,1.4285714285714284
A/Lisboa/216/2023|EPI_ISL_18913575,2024-05-21,2.0
A/Lisboa/216/2023|EPI_ISL_18913575,2024-05-22,1.0
A/Lisboa/216/2023|EPI_ISL_18913575,2024-05-23,1.7714285714285714
A/Lisboa/216/2023|EPI_ISL_18913575,2024-05-24,1.0571428571428572
A/Lisboa/216/2023|EPI_ISL_18913575,2024-05-25,0.2857142857142857
A/Lisboa/216/2023|EPI_ISL_18913575,2024-05-26,0.2857142857142857
A/Lisboa/216/2023|EPI_ISL_18913575,2024-05-27,1.4285714285714284
A/Lisboa/216/2023|EPI_ISL_18913575,2024-05-28,0.2857142857142857
A/Lisboa/216/2023|EPI_ISL_18913575,2024-05-29,0.5714285714285714
A/Lisboa/216/2023|EPI_ISL_18913575,2024-05-31,0.42857142857142855
A/Lisboa/216/2023|EPI_ISL_18913575,2024-06-01,0.2857142857142857
A/Lisboa/216/2023|EPI_ISL_18913575,2024-06-02,1.1857142857142857
A/Lisboa/216/2023|EPI_ISL_18913575,2024-06-03,2.057142857142857
A/Lisboa/216/2023|EPI_ISL_18913575,2024-06-04,0.9714285714285714
A/Lisboa/216/2023|EPI_ISL_18913575,2024-06-05,0.8571428571428571
A/Lisboa/216/2023|EPI_ISL_18913575,2024-06-06,0.34285714285714286
A/Lisboa/216/2023|EPI_ISL_18913575,2024-06-07,1.0
A/Lisboa/216/2023|EPI_ISL_18913575,2024-06-08,0.4857142857142857
A/Lisboa/216/2023|EPI_ISL_18913575,2024-06-09,0.7428571428571429
A/Lisboa/216/2023|EPI_ISL_18913575,2024-06-10,1.0285714285714285
A/Lisboa/216/2023|EPI_ISL_18913575,2024-06-11,0.9714285714285714
A/Lisboa/216/2023|EPI_ISL_18913575,2024-06-12,1.0
A/Lisboa/216/2023|EPI_ISL_18913575,2024-06-14,2.571428571428571
A/Lisboa/216/2023|EPI_ISL_18913575,2024-06-15,0.14285714285714285
A/Lisboa/216/2023|EPI_ISL_18913575,2024-06-16,0.42857142857142855
A/Lisboa/216/2023|EPI_ISL_18913575,2024-06-17,0.42857142857142855
A/Lisboa/216/2023|EPI_ISL_18913575,2024-06-18,0.8285714285714285
A/Lisboa/216/2023|EPI_ISL_18913575,2024-06-19,1.5714285714285714
A/Lisboa/216/2023|EPI_ISL_18913575,2024-06-20,0.42857142857142855
A/Lisboa/216/2023|EPI_ISL_18913575,2024-06-21,0.2
A/Lisboa/216/2023|EPI_ISL_18913575,2024-06-22,0.14285714285714285
A/Lisboa/216/2023|EPI_ISL_18913575,2024-06-23,0.2
A/Lisboa/216/2023|EPI_ISL_18913575,2024-06-24,1.9428571428571428
A/Lisboa/216/2023|EPI_ISL_18913575,2024-06-25,1.4857142857142858
A/Lisboa/216/2023|EPI_ISL_18913575,2024-06-26,0.14285714285714285
A/Lisboa/216/2023|EPI_ISL_18913575,2024-06-27,1.5714285714285714
A/Lisboa/216/2023|EPI_ISL_18913575,2024-06-28,2.2142857142857144
A/Lisboa/216/2023|EPI_ISL_18913575,2024-06-30,0.4857142857142857
A/Lisboa/216/2023|EPI_ISL_18913575,2024-07-01,0.5714285714285714
A/Lisboa/216/2023|EPI_ISL_18913575,2024-07-02,0.8857142857142857
A/Lisboa/216/2023|EPI_ISL_18913575,2024-07-03,1.1428571428571428
A/Lisboa/216/2023|EPI_ISL_18913575,2024-07-05,0.42857142857142855
A/Lisboa/216/2023|EPI_ISL_18913575,2024-07-06,0.4
A/Lisboa/216/2023|EPI_ISL_18913575,2024-07-07,0.14285714285714285
A/Lisboa/216/2023|EPI_ISL_18913575,2024-07-08,0.5428571428571429
A/Lisboa/216/2023|EPI_ISL_18913575,2024-07-09,0.8285714285714285
A/Lisboa/216/2023|EPI_ISL_18913575,2024-07-10,2.085714285714286
A/Lisboa/216/2023|EPI_ISL_18913575,2024-07-11,0.4857142857142857
A/Lisboa/216/2023|EPI_ISL_18913575,2024-07-13,0.14285714285714285
A/Lisboa/216/2023|EPI_ISL_18913575,2024-07-14,0.5428571428571429
A/Lisboa/216/2023|EPI_ISL_18913575,2024-07-15,2.6285714285714286
A/Lisboa/216/2023|EPI_ISL_18913575,2024-07-16,1.0285714285714285
A/Lisboa/216/2023|EPI_ISL_18913575,2024-07-17,1.2571428571428571
A/Lisboa/216/2023|EPI_ISL_18913575,2024-07-18,1.1714285714285715
A/Lisboa/216/2023|EPI_ISL_18913575,2024-07-19,0.5428571428571429
A/Lisboa/216/2023|EPI_ISL_18913575,2024-07-20,0.2
A/Lisboa/216/2023|EPI_ISL_18913575,2024-07-21,0.4
A/Lisboa/216/2023|EPI_ISL_18913575,2024-07-22,0.6857142857142857
A/Lisboa/216/2023|EPI_ISL_18913575,2024-07-23,0.4857142857142857
A/Lisboa/216/2023|EPI_ISL_18913575,2024-07-24,0.6000000000000001
A/Lisboa/216/2023|EPI_ISL_18913575,2024-07-26,0.34285714285714286
A/Lisboa/216/2023|EPI_ISL_18913575,2024-07-27,0.2
A/Lisboa/216/2023|EPI_ISL_18913575,2024-07-28,0.14285714285714285
A/Lisboa/216/2023|EPI_ISL_18913575,2024-07-29,0.34285714285714286
A/Lisboa/216/2023|EPI_ISL_18913575,2024-07-30,0.5428571428571429
A/Lisboa/216/2023|EPI_ISL_18913575,2024-07-31,0.4857142857142857
A/Lisboa/216/2023|EPI_ISL_18913575,2024-08-01,0.5428571428571429
A/Lisboa/216/2023|EPI_ISL_18913575,2024-08-02,0.8285714285714285
A/Lisboa/216/2023|EPI_ISL_18913575,2024-08-03,0.2857142857142857
A/Lisboa/216/2023|EPI_ISL_18913575,2024-08-04,1.4
A/Lisboa/216/2023|EPI_ISL_18913575,2024-08-05,0.4857142857142857
A/Lisboa/216/2023|EPI_ISL_18913575,2024-08-06,1.4857142857142858
A/Lisboa/216/2023|EPI_ISL_18913575,2024-08-07,1.0857142857142859
A/Lisboa/216/2023|EPI_ISL_18913575,2024-08-08,0.4
A/Lisboa/216/2023|EPI_ISL_18913575,2024-08-10,0.14285714285714285
A/Lisboa/216/2023|EPI_ISL_18913575,2024-08-11,0.34285714285714286
A/Lisboa/216/2023|EPI_ISL_18913575,2024-08-12,0.6857142857142857
A/Lisboa/216/2023|EPI_ISL_18913575,2024-08-15,0.2
A/Lisboa/216/2023|EPI_ISL_18913575,2024-08-17,0.14285714285714285
A/Lisboa/216/2023|EPI_ISL_18913575,2024-08-18,0.2
A/Lisboa/216/2023|EPI_ISL_18913575,2024-08-20,0.2
A/Lisboa/216/2023|EPI_ISL_18913575,2024-08-21,0.6285714285714286
A/Lisboa/216/2023|EPI_ISL_18913575,2024-08-22,0.14285714285714285
A/Lisboa/216/2023|EPI_ISL_18913575,2024-08-23,0.14285714285714285
A/Lisboa/216/2023|EPI_ISL_18913575,2024-08-25,0.14285714285714285
A/Lisboa/216/2023|EPI_ISL_18913575,2024-08-26,0.5428571428571429
A/Lisboa/216/2023|EPI_ISL_18913575,2024-08-27,0.5
A/Lisboa/216/2023|EPI_ISL_18913575,2024-08-29,0.14285714285714285
A/Lisboa/216/2023|EPI_ISL_18913575,2024-08-31,0.14285714285714285
A/Lisboa/216/2023|EPI_ISL_18913575,2024-09-01,0.2
A/Lisboa/216/2023|EPI_ISL_18913575,2024-09-03,0.2
A/Lisboa/216/2023|EPI_ISL_18913575,2024-09-04,1.1428571428571428
A/Lisboa/216/2023|EPI_ISL_18913575,2024-09-08,0.2
A/Lisboa/216/2023|EPI_ISL_18913575,2024-09-09,0.7714285714285714
A/Lisboa/216/2023|EPI_ISL_18913575,2024-09-10,0.2
A/Lisboa/216/2023|EPI_ISL_18913575,2024-09-12,0.14285714285714285
A/Lisboa/216/2023|EPI_ISL_18913575,2024-09-14,0.2
A/Lisboa/216/2023|EPI_ISL_18913575,2024-09-16,0.2857142857142857
A/Lisboa/216/2023|EPI_ISL_18913575,2024-09-20,0.4
A/Lisboa/216/2023|EPI_ISL_18913575,2024-09-21,0.14285714285714285
A/Lisboa/216/2023|EPI_ISL_18913575,2024-09-23,0.2857142857142857
A/Lisboa/216/2023|EPI_ISL_18913575,2024-09-26,0.14285714285714285
A/Lisboa/216/2023|EPI_ISL_18913575,2024-09-27,0.2857142857142857
A/Lisboa/216/2023|EPI_ISL_18913575,2024-09-29,0.14285714285714285
A/Lisboa/216/2023|EPI_ISL_18913575,2024-09-30,0.14285714285714285
A/Lisboa/216/2023|EPI_ISL_18913575,2024-10-02,0.2
A/Lisboa/216/2023|EPI_ISL_18913575,2024-10-03,0.14285714285714285
A/Lisboa/216/2023|EPI_ISL_18913575,2024-10-04,0.42857142857142855
A/Lisboa/216/2023|EPI_ISL_18913575,2024-10-07,0.14285714285714285
A/Lisboa/216/2023|EPI_ISL_18913575,2024-10-11,0.2
A/Lisboa/216/2023|EPI_ISL_18913575,2024-10-14,0.2857142857142857
A/Lisboa/216/2023|EPI_ISL_18913575,2024-10-17,0.14285714285714285
A/Lisboa/216/2023|EPI_ISL_18913575,2024-10-28,0.14285714285714285
A/Lisboa/216/2023|EPI_ISL_18913575,2024-10-29,0.2
A/Lisboa/216/2023|EPI_ISL_18913575,2024-10-31,0.14285714285714285
A/Lisboa/216/2023|EPI_ISL_18913575,2024-11-01,0.14285714285714285
A/Lisboa/216/2023|EPI_ISL_18913575,2024-11-02,0.2857142857142857
A/Lisboa/216/2023|EPI_ISL_18913575,2024-11-03,0.14285714285714285
A/Lisboa/216/2023|EPI_ISL_18913575,2024-11-04,0.14285714285714285
A/Lisboa/216/2023|EPI_ISL_18913575,2024-11-07,0.5428571428571429
A/Lisboa/216/2023|EPI_ISL_18913575,2024-11-08,0.2
A/Lisboa/216/2023|EPI_ISL_18913575,2024-11-11,0.2
A/Lisboa/216/2023|EPI_ISL_18913575,2024-11-12,0.4857142857142857
A/Lisboa/216/2023|EPI_ISL_18913575,2024-11-13,0.14285714285714285
A/Lisboa/216/2023|EPI_ISL_18913575,2024-11-15,0.2
A/Lisboa/216/2023|EPI_ISL_18913575,2024-11-16,0.14285714285714285
A/Lisboa/216/2023|EPI_ISL_18913575,2024-11-17,0.2
A/Lisboa/216/2023|EPI_ISL_18913575,2024-11-19,0.2
A/Lisboa/216/2023|EPI_ISL_18913575,2024-11-20,0.14285714285714285
A/Lisboa/216/2023|EPI_ISL_18913575,2024-11-21,0.14285714285714285
A/Lisboa/216/2023|EPI_ISL_18913575,2024-11-22,0.2857142857142857
A/Lisboa/216/2023|EPI_ISL_18913575,2024-11-26,0.2
A/Lisboa/216/2023|EPI_ISL_18913575,2024-11-29,0.34285714285714286
A/Lisboa/216/2023|EPI_ISL_18913575,2024-12-02,1.0
A/Lisboa/216/2023|EPI_ISL_18913575,2024-12-03,0.14285714285714285
A/Lisboa/216/2023|EPI_ISL_18913575,2024-12-08,0.2
A/Lisboa/216/2023|EPI_ISL_18913575,2024-12-11,0.14285714285714285
A/Lisboa/216/2023|EPI_ISL_18913575,2024-12-16,0.5
A/Lisboa/216/2023|EPI_ISL_18913575,2024-12-19,1.0
A/Lisboa/216/2023|EPI_ISL_18913575,2024-12-20,0.14285714285714285
A/Lisboa/216/2023|EPI_ISL_18913575,2024-12-23,0.14285714285714285
A/Lisboa/216/2023|EPI_ISL_18913575,2024-12-25,0.2
A/Lisboa/216/2023|EPI_ISL_18913575,2025-01-02,0.6428571428571428
A/Lisboa/216/2023|EPI_ISL_18913575,2025-01-03,0.14285714285714285
A/Lisboa/216/2023|EPI_ISL_18913575,2025-01-08,0.14285714285714285
A/Lisboa/216/2023|EPI_ISL_18913575,2025-01-09,0.14285714285714285
A/Lisboa/216/2023|EPI_ISL_18913575,2025-01-14,0.2
A/Lisboa/216/2023|EPI_ISL_18913575,2025-01-17,0.14285714285714285
A/Lisboa/216/2023|EPI_ISL_18913575,2025-01-20,0.14285714285714285
A/Lisboa/216/2023|EPI_ISL_18913575,2025-01-22,1.0
A/Lisboa/216/2023|EPI_ISL_18913575,2025-01-23,0.5
A/Lisboa/216/2023|EPI_ISL_18913575,2025-02-13,0.2
A/Lisboa/216/2023|EPI_ISL_18913575,2025-02-20,0.2
A/Lisboa/216/2023|EPI_ISL_18913575,2025-02-23,0.5
A/Lisboa/216/2023|EPI_ISL_18913575,2025-02-24,0.4
A/Lisboa/216/2023|EPI_ISL_18913575,2025-03-04,0.2
A/Lisboa/216/2023|EPI_ISL_18913575,2025-03-14,0.5
A/Lisboa/216/2023|EPI_ISL_18913575,2025-03-21,0.5
A/Lisboa/216/2023|EPI_ISL_18913575,2025-03-23,0.14285714285714285
A/Lisboa/216/2023|EPI_ISL_18913575,2025-03-29,0.14285714285714285
A/Lisboa/216/2023|EPI_ISL_18913575,2025-04-16,0.5
A/Lisboa/216/2023|EPI_ISL_18913575,2025-06-04,0.14285714285714285
A/Maldives/2147/2024|EPI_ISL_19727787,2024-04-18,1.0
A/Maldives/2147/2024|EPI_ISL_19727787,2024-04-19,2.0
A/Maldives/2147/2024|EPI_ISL_19727787,2024-04-23,1.0
A/Maldives/2147/2024|EPI_ISL_19727787,2024-04-24,3.0
A/Maldives/2147/2024|EPI_ISL_19727787,2024-04-26,4.0
A/Maldives/2147/2024|EPI_ISL_19727787,2024-04-29,4.0
A/Maldives/2147/2024|EPI_ISL_19727787,2024-05-06,2.0
A/Maldives/2147/2024|EPI_ISL_19727787,2024-05-08,4.0
A/Maldives/2147/2024|EPI_ISL_19727787,2024-05-09,2.0
A/Maldives/2147/2024|EPI_ISL_19727787,2024-05-10,2.0
A/Maldives/2147/2024|EPI_ISL_19727787,2024-05-11,1.0
A/Maldives/2147/2024|EPI_ISL_19727787,2024-05-13,2.0
A/Maldives/2147/2024|EPI_ISL_19727787,2024-05-14,1.0
A/Maldives/2147/2024|EPI_ISL_19727787,2024-05-15,2.0
A/Maldives/2147/2024|EPI_ISL_19727787,2024-05-16,1.0
A/Maldives/2147/2024|EPI_ISL_19727787,2024-05-17,1.0
A/Maldives/2147/2024|EPI_ISL_19727787,2024-05-19,1.0
A/Maldives/2147/2024|EPI_ISL_19727787,2024-05-21,1.0
A/Maldives/2147/2024|EPI_ISL_19727787,2024-05-22,2.0
A/Maldives/2147/2024|EPI_ISL_19727787,2024-05-24,1.0
A/Maldives/2147/2024|EPI_ISL_19727787,2024-05-25,1.0
A/Maldives/2147/2024|EPI_ISL_19727787,2024-05-26,1.0
A/Maldives/2147/2024|EPI_ISL_19727787,2024-05-27,1.0
A/Maldives/2147/2024|EPI_ISL_19727787,2024-05-29,5.0
A/Maldives/2147/2024|EPI_ISL_19727787,2024-05-30,1.0
A/Maldives/2147/2024|EPI_ISL_19727787,2024-05-31,1.0
A/Maldives/2147/2024|EPI_ISL_19727787,2024-06-01,1.0
A/Maldives/2147/2024|EPI_ISL_19727787,2024-06-02,2.0
A/Maldives/2147/2024|EPI_ISL_19727787,2024-06-03,3.0
A/Maldives/2147/2024|EPI_ISL_19727787,2024-06-05,2.0
A/Maldives/2147/2024|EPI_ISL_19727787,2024-06-06,3.0
A/Maldives/2147/2024|EPI_ISL_19727787,2024-06-09,2.0
A/Maldives/2147/2024|EPI_ISL_19727787,2024-06-10,1.0
A/Maldives/2147/2024|EPI_ISL_19727787,2024-06-11,1.0
A/Maldives/2147/2024|EPI_ISL_19727787,2024-06-13,3.0
A/Maldives/2147/2024|EPI_ISL_19727787,2024-06-14,2.0
A/Maldives/2147/2024|EPI_ISL_19727787,2024-06-17,1.0
A/Maldives/2147/2024|EPI_ISL_19727787,2024-06-19,2.0
A/Maldives/2147/2024|EPI_ISL_19727787,2024-06-20,1.0
A/Maldives/2147/2024|EPI_ISL_19727787,2024-06-21,2.0
A/Maldives/2147/2024|EPI_ISL_19727787,2024-06-22,2.0
A/Maldives/2147/2024|EPI_ISL_19727787,2024-06-23,2.0
A/Maldives/2147/2024|EPI_ISL_19727787,2024-06-24,7.0
A/Maldives/2147/2024|EPI_ISL_19727787,2024-06-25,5.0
A/Maldives/2147/2024|EPI_ISL_19727787,2024-06-26,5.0
A/Maldives/2147/2024|EPI_ISL_19727787,2024-06-27,2.0
A/Maldives/2147/2024|EPI_ISL_19727787,2024-06-28,1.0
A/Maldives/2147/2024|EPI_ISL_19727787,2024-06-29,2.0
A/Maldives/2147/2024|EPI_ISL_19727787,2024-06-30,3.0
A/Maldives/2147/2024|EPI_ISL_19727787,2024-07-01,3.0
A/Maldives/2147/2024|EPI_ISL_19727787,2024-07-02,1.0
A/Maldives/2147/2024|EPI_ISL_19727787,2024-07-03,4.0
A/Maldives/2147/2024|EPI_ISL_19727787,2024-07-04,1.0
A/Maldives/2147/2024|EPI_ISL_19727787,2024-07-05,2.0
A/Maldives/2147/2024|EPI_ISL_19727787,2024-07-06,3.0
A/Maldives/2147/2024|EPI_ISL_19727787,2024-07-07,2.0
A/Maldives/2147/2024|EPI_ISL_19727787,2024-07-08,2.0
A/Maldives/2147/2024|EPI_ISL_19727787,2024-07-10,1.0
A/Maldives/2147/2024|EPI_ISL_19727787,2024-07-11,2.0
A/Maldives/2147/2024|EPI_ISL_19727787,2024-07-12,4.0
A/Maldives/2147/2024|EPI_ISL_19727787,2024-07-13,3.0
A/Maldives/2147/2024|EPI_ISL_19727787,2024-07-14,3.0
A/Maldives/2147/2024|EPI_ISL_19727787,2024-07-15,4.0
A/Maldives/2147/2024|EPI_ISL_19727787,2024-07-17,2.0
A/Maldives/2147/2024|EPI_ISL_19727787,2024-07-18,1.0
A/Maldives/2147/2024|EPI_ISL_19727787,2024-07-19,1.0
A/Maldives/2147/2024|EPI_ISL_19727787,2024-07-20,1.0
A/Maldives/2147/2024|EPI_ISL_19727787,2024-07-21,1.0
A/Maldives/2147/2024|EPI_ISL_19727787,2024-07-22,1.0
A/Maldives/2147/2024|EPI_ISL_19727787,2024-07-24,2.0
A/Maldives/2147/2024|EPI_ISL_19727787,2024-07-26,1.0
A/Maldives/2147/2024|EPI_ISL_19727787,2024-07-30,3.0
A/Maldives/2147/2024|EPI_ISL_19727787,2024-07-31,12.0
A/Maldives/2147/2024|EPI_ISL_19727787,2024-08-04,1.0
A/Maldives/2147/2024|EPI_ISL_19727787,2024-08-05,1.0
A/Maldives/2147/2024|EPI_ISL_19727787,2024-08-06,2.0
A/Maldives/2147/2024|EPI_ISL_19727787,2024-08-07,1.0
A/Maldives/2147/2024|EPI_ISL_19727787,2024-08-08,3.0
A/Maldives/2147/2024|EPI_ISL_19727787,2024-08-09,2.0
A/Maldives/2147/2024|EPI_ISL_19727787,2024-08-11,1.0
A/Maldives/2147/2024|EPI_ISL_19727787,2024-08-12,1.0
A/Maldives/2147/2024|EPI_ISL_19727787,2024-08-13,1.0
A/Maldives/2147/2024|EPI_ISL_19727787,2024-08-15,1.0
A/Maldives/2147/2024|EPI_ISL_19727787,2024-08-20,1.0
A/Maldives/2147/2024|EPI_ISL_19727787,2024-08-22,1.0
A/Maldives/2147/2024|EPI_ISL_19727787,2024-09-01,1.0
A/Maldives/2147/2024|EPI_ISL_19727787,2024-09-02,1.0
A/Maldives/2147/2024|EPI_ISL_19727787,2024-09-04,1.0
A/Maldives/2147/2024|EPI_ISL_19727787,2024-09-08,1.0
A/Maldives/2147/2024|EPI_ISL_19727787,2024-09-16,1.0
A/Maldives/2147/2024|EPI_ISL_19727787,2024-09-17,1.0
A/Maldives/2147/2024|EPI_ISL_19727787,2024-09-20,1.0
A/Maldives/2147/2024|EPI_ISL_19727787,2024-10-02,1.0
A/Maldives/2147/2024|EPI_ISL_19727787,2024-10-08,1.0
A/Maldives/2147/2024|EPI_ISL_19727787,2024-10-09,1.0
A/Maldives/2147/2024|EPI_ISL_19727787,2024-10-16,2.0
A/Maldives/2147/2024|EPI_ISL_19727787,2024-10-17,1.0
A/Maldives/2147/2024|EPI_ISL_19727787,2024-10-20,1.0
A/Maldives/2147/2024|EPI_ISL_19727787,2024-10-28,1.0
A/Maldives/2147/2024|EPI_ISL_19727787,2024-10-30,1.0
A/Maldives/2147/2024|EPI_ISL_19727787,2024-11-04,2.0
A/Maldives/2147/2024|EPI_ISL_19727787,2024-11-05,1.0
A/Maldives/2147/2024|EPI_ISL_19727787,2024-11-08,1.0
A/Maldives/2147/2024|EPI_ISL_19727787,2024-11-17,1.0
A/Maldives/2147/2024|EPI_ISL_19727787,2024-11-27,2.0
A/Maldives/2147/2024|EPI_ISL_19727787,2024-11-29,2.0
A/Maldives/2147/2024|EPI_ISL_19727787,2024-11-30,1.0
A/Maldives/2147/2024|EPI_ISL_19727787,2024-12-02,1.0
A/Maldives/2147/2024|EPI_ISL_19727787,2024-12-17,1.0
A/Maldives/2147/2024|EPI_ISL_19727787,2024-12-18,1.0
A/Maldives/2147/2024|EPI_ISL_19727787,2024-12-19,3.0
A/Maldives/2147/2024|EPI_ISL_19727787,2024-12-24,2.0
A/Maldives/2147/2024|EPI_ISL_19727787,2024-12-26,1.0
A/Maldives/2147/2024|EPI_ISL_19727787,2024-12-28,1.0
A/Maldives/2147/2024|EPI_ISL_19727787,2024-12-29,1.0
A/Maldives/2147/2024|EPI_ISL_19727787,2025-01-06,2.0
A/Maldives/2147/2024|EPI_ISL_19727787,2025-01-16,1.0
A/Maldives/2147/2024|EPI_ISL_19727787,2025-01-17,1.0
A/Maldives/2147/2024|EPI_ISL_19727787,2025-01-19,1.0
A/Maldives/2147/2024|EPI_ISL_19727787,2025-01-23,1.0
A/Maldives/2147/2024|EPI_ISL_19727787,2025-01-28,1.0
A/Maldives/2147/2024|EPI_ISL_19727787,2025-01-29,1.0
A/Maldives/2147/2024|EPI_ISL_19727787,2025-02-06,1.0
A/Maldives/2147/2024|EPI_ISL_19727787,2025-02-20,2.0
A/Maldives/2147/2024|EPI_ISL_19727787,2025-02-26,1.0
A/Maldives/2147/2024|EPI_ISL_19727787,2025-03-14,1.0
A/Maldives/2147/2024|EPI_ISL_19727787,2025-04-28,1.0
A/Maldives/2186/2024|EPI_ISL_19727752,2024-04-21,0.5
A/Maldives/2186/2024|EPI_ISL_19727752,2024-06-02,0.5
A/Maldives/2186/2024|EPI_ISL_19727752,2024-08-23,1.0
A/Maldives/2186/2024|EPI_ISL_19727752,2024-08-29,1.0
A/Maldives/2186/2024|EPI_ISL_19727752,2024-09-10,1.0
A/Maldives/2186/2024|EPI_ISL_19727752,2024-09-28,1.0
A/Maldives/2186/2024|EPI_ISL_19727752,2024-09-30,1.0
A/Maldives/2186/2024|EPI_ISL_19727752,2024-10-02,2.0
A/Maldives/2186/2024|EPI_ISL_19727752,2024-10-04,1.0
A/Maldives/2186/2024|EPI_ISL_19727752,2024-10-05,3.0
A/Maldives/2186/2024|EPI_ISL_19727752,2024-10-08,1.0
A/Maldives/2186/2024|EPI_ISL_19727752,2024-10-11,1.0
A/Maldives/2186/2024|EPI_ISL_19727752,2024-10-14,1.0
A/Maldives/2186/2024|EPI_ISL_19727752,2024-10-16,1.0
A/Maldives/2186/2024|EPI_ISL_19727752,2024-10-18,1.0
A/Maldives/2186/2024|EPI_ISL_19727752,2024-10-19,1.0
A/Maldives/2186/2024|EPI_ISL_19727752,2024-10-23,1.0
A/Maldives/2186/2024|EPI_ISL_19727752,2024-10-28,1.0
A/Maldives/2186/2024|EPI_ISL_19727752,2024-10-30,1.0
A/Maldives/2186/2024|EPI_ISL_19727752,2024-11-09,1.0
A/Maldives/2186/2024|EPI_ISL_19727752,2024-11-11,1.0
A/Maldives/2186/2024|EPI_ISL_19727752,2024-11-13,1.0
A/Maldives/2186/2024|EPI_ISL_19727752,2024-11-15,1.0
A/Maldives/2186/2024|EPI_ISL_19727752,2024-11-18,1.0
A/Maldives/2186/2024|EPI_ISL_19727752,2024-11-20,1.0
A/Maldives/2186/2024|EPI_ISL_19727752,2024-11-21,1.0
A/Maldives/2186/2024|EPI_ISL_19727752,2024-11-26,1.0
A/Maldives/2186/2024|EPI_ISL_19727752,2024-12-22,1.0
A/Maldives/2186/2024|EPI_ISL_19727752,2024-12-23,1.0
A/Maldives/2186/2024|EPI_ISL_19727752,2024-12-27,1.0
A/Maldives/2186/2024|EPI_ISL_19727752,2024-12-30,1.0
A/Maldives/2186/2024|EPI_ISL_19727752,2025-01-12,1.0
A/Maldives/2186/2024|EPI_ISL_19727752,2025-01-22,1.0
A/Maldives/2186/2024|EPI_ISL_19727752,2025-01-27,2.0
A/Maldives/2186/2024|EPI_ISL_19727752,2025-01-29,1.0
A/Maldives/2186/2024|EPI_ISL_19727752,2025-02-13,1.0
A/Maldives/2186/2024|EPI_ISL_19727752,2025-02-24,1.0
A/Maldives/2186/2024|EPI_ISL_19727752,2025-03-14,0.5
A/Maldives/2186/2024|EPI_ISL_19727752,2025-03-24,1.0
A/Maldives/2186/2024|EPI_ISL_19727752,2025-04-03,1.0
A/Maldives/2186/2024|EPI_ISL_19727752,2025-04-29,1.0
A/Manitoba/RV04865/2024|EPI_ISL_19565836,2024-05-07,1.0
A/Manitoba/RV04865/2024|EPI_ISL_19565836,2024-05-28,0.6666666666666666
A/Manitoba/RV04865/2024|EPI_ISL_19565836,2024-05-30,1.3333333333333333
A/Manitoba/RV04865/2024|EPI_ISL_19565836,2024-06-03,0.6666666666666666
A/Manitoba/RV04865/2024|EPI_ISL_19565836,2024-06-06,0.3333333333333333
A/Manitoba/RV04865/2024|EPI_ISL_19565836,2024-06-07,0.3333333333333333
A/Manitoba/RV04865/2024|EPI_ISL_19565836,2024-06-12,0.6666666666666666
A/Manitoba/RV04865/2024|EPI_ISL_19565836,2024-06-15,0.3333333333333333
A/Manitoba/RV04865/2024|EPI_ISL_19565836,2024-06-17,0.3333333333333333
A/Manitoba/RV04865/2024|EPI_ISL_19565836,2024-06-18,0.3333333333333333
A/Manitoba/RV04865/2024|EPI_ISL_19565836,2024-06-19,0.3333333333333333
A/Manitoba/RV04865/2024|EPI_ISL_19565836,2024-06-20,0.3333333333333333
A/Manitoba/RV04865/2024|EPI_ISL_19565836,2024-06-21,0.3333333333333333
A/Manitoba/RV04865/2024|EPI_ISL_19565836,2024-06-22,1.3333333333333333
A/Manitoba/RV04865/2024|EPI_ISL_19565836,2024-06-25,0.3333333333333333
A/Manitoba/RV04865/2024|EPI_ISL_19565836,2024-06-28,1.0
A/Manitoba/RV04865/2024|EPI_ISL_19565836,2024-06-29,0.6666666666666666
A/Manitoba/RV04865/2024|EPI_ISL_19565836,2024-07-02,0.6666666666666666
A/Manitoba/RV04865/2024|EPI_ISL_19565836,2024-07-04,0.6666666666666666
A/Manitoba/RV04865/2024|EPI_ISL_19565836,2024-07-05,0.6666666666666666
A/Manitoba/RV04865/2024|EPI_ISL_19565836,2024-07-06,0.3333333333333333
A/Manitoba/RV04865/2024|EPI_ISL_19565836,2024-07-07,1.0
A/Manitoba/RV04865/2024|EPI_ISL_19565836,2024-07-08,2.333333333333333
A/Manitoba/RV04865/2024|EPI_ISL_19565836,2024-07-09,1.0
A/Manitoba/RV04865/2024|EPI_ISL_19565836,2024-07-10,2.6666666666666665
A/Manitoba/RV04865/2024|EPI_ISL_19565836,2024-07-12,0.3333333333333333
A/Manitoba/RV04865/2024|EPI_ISL_19565836,2024-07-13,0.3333333333333333
A/Manitoba/RV04865/2024|EPI_ISL_19565836,2024-07-18,0.3333333333333333
A/Manitoba/RV04865/2024|EPI_ISL_19565836,2024-07-21,0.3333333333333333
A/Manitoba/RV04865/2024|EPI_ISL_19565836,2024-07-24,0.3333333333333333
A/Manitoba/RV04865/2024|EPI_ISL_19565836,2024-07-25,0.6666666666666666
A/Manitoba/RV04865/2024|EPI_ISL_19565836,2024-07-27,0.3333333333333333
A/Manitoba/RV04865/2024|EPI_ISL_19565836,2024-07-28,0.3333333333333333
A/Manitoba/RV04865/2024|EPI_ISL_19565836,2024-07-30,0.3333333333333333
A/Manitoba/RV04865/2024|EPI_ISL_19565836,2024-07-31,0.6666666666666666
A/Manitoba/RV04865/2024|EPI_ISL_19565836,2024-08-01,0.6666666666666666
A/Manitoba/RV04865/2024|EPI_ISL_19565836,2024-08-02,0.3333333333333333
A/Manitoba/RV04865/2024|EPI_ISL_19565836,2024-08-06,0.3333333333333333
A/Manitoba/RV04865/2024|EPI_ISL_19565836,2024-08-07,0.6666666666666666
A/Manitoba/RV04865/2024|EPI_ISL_19565836,2024-08-08,0.3333333333333333
A/Manitoba/RV04865/2024|EPI_ISL_19565836,2024-08-09,0.3333333333333333
A/Manitoba/RV04865/2024|EPI_ISL_19565836,2024-08-12,0.3333333333333333
A/Manitoba/RV04865/2024|EPI_ISL_19565836,2024-08-13,0.6666666666666666
A/Manitoba/RV04865/2024|EPI_ISL_19565836,2024-08-14,0.3333333333333333
A/Manitoba/RV04865/2024|EPI_ISL_19565836,2024-08-19,0.3333333333333333
A/Manitoba/RV04865/2024|EPI_ISL_19565836,2024-08-21,0.6666666666666666
A/Manitoba/RV04865/2024|EPI_ISL_19565836,2024-08-27,0.3333333333333333
A/Manitoba/RV04865/2024|EPI_ISL_19565836,2024-08-28,0.3333333333333333
A/Manitoba/RV04865/2024|EPI_ISL_19565836,2024-08-30,0.3333333333333333
A/Manitoba/RV04865/2024|EPI_ISL_19565836,2024-08-31,0.3333333333333333
A/Manitoba/RV04865/2024|EPI_ISL_19565836,2024-09-02,1.3333333333333333
A/Manitoba/RV04865/2024|EPI_ISL_19565836,2024-09-03,0.6666666666666666
A/Manitoba/RV04865/2024|EPI_ISL_19565836,2024-09-04,0.3333333333333333
A/Manitoba/RV04865/2024|EPI_ISL_19565836,2024-09-06,0.3333333333333333
A/Manitoba/RV04865/2024|EPI_ISL_19565836,2024-09-11,0.3333333333333333
A/Manitoba/RV04865/2024|EPI_ISL_19565836,2024-09-12,0.3333333333333333
A/Manitoba/RV04865/2024|EPI_ISL_19565836,2024-09-13,0.6666666666666666
A/Manitoba/RV04865/2024|EPI_ISL_19565836,2024-09-16,0.3333333333333333
A/Manitoba/RV04865/2024|EPI_ISL_19565836,2024-09-18,0.3333333333333333
A/Manitoba/RV04865/2024|EPI_ISL_19565836,2024-09-19,0.3333333333333333
A/Manitoba/RV04865/2024|EPI_ISL_19565836,2024-09-30,0.3333333333333333
A/Manitoba/RV04865/2024|EPI_ISL_19565836,2024-10-02,0.6666666666666666
A/Manitoba/RV04865/2024|EPI_ISL_19565836,2024-10-20,1.0
A/Manitoba/RV04865/2024|EPI_ISL_19565836,2024-10-23,0.3333333333333333
A/Manitoba/RV04865/2024|EPI_ISL_19565836,2024-10-24,1.0
A/Manitoba/RV04865/2024|EPI_ISL_19565836,2024-10-25,0.6666666666666666
A/Manitoba/RV04865/2024|EPI_ISL_19565836,2024-10-26,1.0
A/Manitoba/RV04865/2024|EPI_ISL_19565836,2024-10-27,0.3333333333333333
A/Manitoba/RV04865/2024|EPI_ISL_19565836,2024-10-29,2.0
A/Manitoba/RV04865/2024|EPI_ISL_19565836,2024-11-01,1.3333333333333333
A/Manitoba/RV04865/2024|EPI_ISL_19565836,2024-11-02,0.3333333333333333
A/Manitoba/RV04865/2024|EPI_ISL_19565836,2024-11-04,0.3333333333333333
A/Manitoba/RV04865/2024|EPI_ISL_19565836,2024-11-05,0.3333333333333333
A/Manitoba/RV04865/2024|EPI_ISL_19565836,2024-11-06,1.0
A/Manitoba/RV04865/2024|EPI_ISL_19565836,2024-11-14,1.0
A/Manitoba/RV04865/2024|EPI_ISL_19565836,2024-11-17,1.0
A/Manitoba/RV04865/2024|EPI_ISL_19565836,2024-11-18,1.0
A/Manitoba/RV04865/2024|EPI_ISL_19565836,2024-11-19,2.0
A/Manitoba/RV04865/2024|EPI_ISL_19565836,2024-11-21,1.0
A/Manitoba/RV04865/2024|EPI_ISL_19565836,2024-11-22,1.0
A/Manitoba/RV04865/2024|EPI_ISL_19565836,2024-11-23,2.0
A/Manitoba/RV04865/2024|EPI_ISL_19565836,2024-11-26,1.0
A/Manitoba/RV04865/2024|EPI_ISL_19565836,2024-11-29,1.3333333333333333
A/Manitoba/RV04865/2024|EPI_ISL_19565836,2024-11-30,1.0
A/Manitoba/RV04865/2024|EPI_ISL_19565836,2024-12-01,1.3333333333333333
A/Manitoba/RV04865/2024|EPI_ISL_19565836,2024-12-02,2.0
A/Manitoba/RV04865/2024|EPI_ISL_19565836,2024-12-04,2.0
A/Manitoba/RV04865/2024|EPI_ISL_19565836,2024-12-05,1.0
A/Manitoba/RV04865/2024|EPI_ISL_19565836,2024-12-08,1.0
A/Manitoba/RV04865/2024|EPI_ISL_19565836,2024-12-10,3.0
A/Manitoba/RV04865/2024|EPI_ISL_19565836,2024-12-11,2.0
A/Manitoba/RV04865/2024|EPI_ISL_19565836,2024-12-12,1.0
A/Manitoba/RV04865/2024|EPI_ISL_19565836,2024-12-14,1.0
A/Manitoba/RV04865/2024|EPI_ISL_19565836,2024-12-15,1.0
A/Manitoba/RV04865/2024|EPI_ISL_19565836,2024-12-16,1.0
A/Manitoba/RV04865/2024|EPI_ISL_19565836,2024-12-17,1.0
A/Manitoba/RV04865/2024|EPI_ISL_19565836,2024-12-18,1.0
A/Manitoba/RV04865/2024|EPI_ISL_19565836,2024-12-19,1.0
A/Manitoba/RV04865/2024|EPI_ISL_19565836,2024-12-21,2.0
A/Manitoba/RV04865/2024|EPI_ISL_19565836,2024-12-23,0.3333333333333333
A/Manitoba/RV04865/2024|EPI_ISL_19565836,2024-12-25,2.0
A/Manitoba/RV04865/2024|EPI_ISL_19565836,2024-12-26,3.0
A/Manitoba/RV04865/2024|EPI_ISL_19565836,2024-12-27,4.0
A/Manitoba/RV04865/2024|EPI_ISL_19565836,2024-12-28,2.0
A/Manitoba/RV04865/2024|EPI_ISL_19565836,2024-12-29,1.0
A/Manitoba/RV04865/2024|EPI_ISL_19565836,2024-12-30,4.0
A/Manitoba/RV04865/2024|EPI_ISL_19565836,2024-12-31,2.0
A/Manitoba/RV04865/2024|EPI_ISL_19565836,2025-01-01,2.0
A/Manitoba/RV04865/2024|EPI_ISL_19565836,2025-01-02,4.0
A/Manitoba/RV04865/2024|EPI_ISL_19565836,2025-01-03,5.0
A/Manitoba/RV04865/2024|EPI_ISL_19565836,2025-01-04,1.0
A/Manitoba/RV04865/2024|EPI_ISL_19565836,2025-01-05,5.0
A/Manitoba/RV04865/2024|EPI_ISL_19565836,2025-01-06,5.0
A/Manitoba/RV04865/2024|EPI_ISL_19565836,2025-01-07,9.0
A/Manitoba/RV04865/2024|EPI_ISL_19565836,2025-01-08,2.0
A/Manitoba/RV04865/2024|EPI_ISL_19565836,2025-01-09,1.0
A/Manitoba/RV04865/2024|EPI_ISL_19565836,2025-01-11,2.0
A/Manitoba/RV04865/2024|EPI_ISL_19565836,2025-01-12,1.0
A/Manitoba/RV04865/2024|EPI_ISL_19565836,2025-01-13,1.0
A/Manitoba/RV04865/2024|EPI_ISL_19565836,2025-01-14,2.0
A/Manitoba/RV04865/2024|EPI_ISL_19565836,2025-01-15,2.0
A/Manitoba/RV04865/2024|EPI_ISL_19565836,2025-01-16,2.0
A/Manitoba/RV04865/2024|EPI_ISL_19565836,2025-01-17,1.0
A/Manitoba/RV04865/2024|EPI_ISL_19565836,2025-01-18,1.0
A/Manitoba/RV04865/2024|EPI_ISL_19565836,2025-01-21,1.0
A/Manitoba/RV04865/2024|EPI_ISL_19565836,2025-01-22,1.0
A/Manitoba/RV04865/2024|EPI_ISL_19565836,2025-01-23,2.0
A/Manitoba/RV04865/2024|EPI_ISL_19565836,2025-01-24,1.0
A/Manitoba/RV04865/2024|EPI_ISL_19565836,2025-01-25,1.0
A/Manitoba/RV04865/2024|EPI_ISL_19565836,2025-01-28,1.0
A/Manitoba/RV04865/2024|EPI_ISL_19565836,2025-01-30,2.0
A/Manitoba/RV04865/2024|EPI_ISL_19565836,2025-01-31,1.0
A/Manitoba/RV04865/2024|EPI_ISL_19565836,2025-02-02,3.0
A/Manitoba/RV04865/2024|EPI_ISL_19565836,2025-02-03,1.0
A/Manitoba/RV04865/2024|EPI_ISL_19565836,2025-02-06,1.0
A/Manitoba/RV04865/2024|EPI_ISL_19565836,2025-02-07,1.0
A/Manitoba/RV04865/2024|EPI_ISL_19565836,2025-02-08,2.0
A/Manitoba/RV04865/2024|EPI_ISL_19565836,2025-02-09,1.0
A/Manitoba/RV04865/2024|EPI_ISL_19565836,2025-02-10,1.0
A/Manitoba/RV04865/2024|EPI_ISL_19565836,2025-02-11,3.0
A/Manitoba/RV04865/2024|EPI_ISL_19565836,2025-02-13,2.0
A/Manitoba/RV04865/2024|EPI_ISL_19565836,2025-02-16,2.0
A/Manitoba/RV04865/2024|EPI_ISL_19565836,2025-02-18,2.0
A/Manitoba/RV04865/2024|EPI_ISL_19565836,2025-02-19,1.0
A/Manitoba/RV04865/2024|EPI_ISL_19565836,2025-02-22,1.0
A/Manitoba/RV04865/2024|EPI_ISL_19565836,2025-03-04,1.0
A/Manitoba/RV04865/2024|EPI_ISL_19565836,2025-04-05,1.0
A/Manitoba/RV04865/2024|EPI_ISL_19565836,2025-04-08,1.0
A/Massachusetts/93/2024|EPI_ISL_19646975,2024-04-19,1.0
A/Massachusetts/93/2024|EPI_ISL_19646975,2024-04-22,1.0
A/Massachusetts/93/2024|EPI_ISL_19646975,2024-04-23,0.5
A/Massachusetts/93/2024|EPI_ISL_19646975,2024-04-24,2.0
A/Massachusetts/93/2024|EPI_ISL_19646975,2024-04-25,0.3333333333333333
A/Massachusetts/93/2024|EPI_ISL_19646975,2024-04-26,1.3333333333333333
A/Massachusetts/93/2024|EPI_ISL_19646975,2024-04-29,1.3333333333333333
A/Massachusetts/93/2024|EPI_ISL_19646975,2024-04-30,1.0
A/Massachusetts/93/2024|EPI_ISL_19646975,2024-05-01,1.0
A/Massachusetts/93/2024|EPI_ISL_19646975,2024-05-03,1.0
A/Massachusetts/93/2024|EPI_ISL_19646975,2024-05-04,1.0
A/Massachusetts/93/2024|EPI_ISL_19646975,2024-05-05,1.0
A/Massachusetts/93/2024|EPI_ISL_19646975,2024-05-06,2.0
A/Massachusetts/93/2024|EPI_ISL_19646975,2024-05-07,2.333333333333333
A/Massachusetts/93/2024|EPI_ISL_19646975,2024-05-08,1.3333333333333333
A/Massachusetts/93/2024|EPI_ISL_19646975,2024-05-09,3.0
A/Massachusetts/93/2024|EPI_ISL_19646975,2024-05-10,2.0
A/Massachusetts/93/2024|EPI_ISL_19646975,2024-05-12,1.0
A/Massachusetts/93/2024|EPI_ISL_19646975,2024-05-13,6.0
A/Massachusetts/93/2024|EPI_ISL_19646975,2024-05-14,1.0
A/Massachusetts/93/2024|EPI_ISL_19646975,2024-05-15,1.0
A/Massachusetts/93/2024|EPI_ISL_19646975,2024-05-16,1.0
A/Massachusetts/93/2024|EPI_ISL_19646975,2024-05-17,0.5
A/Massachusetts/93/2024|EPI_ISL_19646975,2024-05-19,3.0
A/Massachusetts/93/2024|EPI_ISL_19646975,2024-05-20,8.0
A/Massachusetts/93/2024|EPI_ISL_19646975,2024-05-21,2.3333333333333335
A/Massachusetts/93/2024|EPI_ISL_19646975,2024-05-22,3.333333333333333
A/Massachusetts/93/2024|EPI_ISL_19646975,2024-05-23,8.333333333333334
A/Massachusetts/93/2024|EPI_ISL_19646975,2024-05-24,2.0
A/Massachusetts/93/2024|EPI_ISL_19646975,2024-05-26,3.0
A/Massachusetts/93/2024|EPI_ISL_19646975,2024-05-27,1.0
A/Massachusetts/93/2024|EPI_ISL_19646975,2024-05-28,3.3333333333333335
A/Massachusetts/93/2024|EPI_ISL_19646975,2024-05-29,3.3333333333333335
A/Massachusetts/93/2024|EPI_ISL_19646975,2024-05-30,1.0
A/Massachusetts/93/2024|EPI_ISL_19646975,2024-05-31,3.6666666666666665
A/Massachusetts/93/2024|EPI_ISL_19646975,2024-06-01,1.0
A/Massachusetts/93/2024|EPI_ISL_19646975,2024-06-02,2.0
A/Massachusetts/93/2024|EPI_ISL_19646975,2024-06-03,1.0
A/Massachusetts/93/2024|EPI_ISL_19646975,2024-06-04,6.0
A/Massachusetts/93/2024|EPI_ISL_19646975,2024-06-05,5.0
A/Massachusetts/93/2024|EPI_ISL_19646975,2024-06-06,4.0
A/Massachusetts/93/2024|EPI_ISL_19646975,2024-06-07,2.0
A/Massachusetts/93/2024|EPI_ISL_19646975,2024-06-08,5.0
A/Massachusetts/93/2024|EPI_ISL_19646975,2024-06-09,4.333333333333333
A/Massachusetts/93/2024|EPI_ISL_19646975,2024-06-10,1.0
A/Massachusetts/93/2024|EPI_ISL_19646975,2024-06-11,8.0
A/Massachusetts/93/2024|EPI_ISL_19646975,2024-06-12,6.333333333333333
A/Massachusetts/93/2024|EPI_ISL_19646975,2024-06-13,4.0
A/Massachusetts/93/2024|EPI_ISL_19646975,2024-06-14,3.0
A/Massachusetts/93/2024|EPI_ISL_19646975,2024-06-15,5.0
A/Massachusetts/93/2024|EPI_ISL_19646975,2024-06-16,2.0
A/Massachusetts/93/2024|EPI_ISL_19646975,2024-06-17,6.0
A/Massachusetts/93/2024|EPI_ISL_19646975,2024-06-18,5.5
A/Massachusetts/93/2024|EPI_ISL_19646975,2024-06-19,2.0
A/Massachusetts/93/2024|EPI_ISL_19646975,2024-06-20,8.0
A/Massachusetts/93/2024|EPI_ISL_19646975,2024-06-21,5.0
A/Massachusetts/93/2024|EPI_ISL_19646975,2024-06-22,6.0
A/Massachusetts/93/2024|EPI_ISL_19646975,2024-06-23,5.0
A/Massachusetts/93/2024|EPI_ISL_19646975,2024-06-24,1.0
A/Massachusetts/93/2024|EPI_ISL_19646975,2024-06-25,5.0
A/Massachusetts/93/2024|EPI_ISL_19646975,2024-06-26,3.333333333333333
A/Massachusetts/93/2024|EPI_ISL_19646975,2024-06-27,1.0
A/Massachusetts/93/2024|EPI_ISL_19646975,2024-06-28,3.0
A/Massachusetts/93/2024|EPI_ISL_19646975,2024-06-29,2.0
A/Massachusetts/93/2024|EPI_ISL_19646975,2024-06-30,2.3333333333333335
A/Massachusetts/93/2024|EPI_ISL_19646975,2024-07-01,5.0
A/Massachusetts/93/2024|EPI_ISL_19646975,2024-07-02,3.0
A/Massachusetts/93/2024|EPI_ISL_19646975,2024-07-03,3.0
A/Massachusetts/93/2024|EPI_ISL_19646975,2024-07-04,3.0
A/Massachusetts/93/2024|EPI_ISL_19646975,2024-07-05,3.0
A/Massachusetts/93/2024|EPI_ISL_19646975,2024-07-06,2.0
A/Massachusetts/93/2024|EPI_ISL_19646975,2024-07-07,5.0
A/Massachusetts/93/2024|EPI_ISL_19646975,2024-07-08,3.0
A/Massachusetts/93/2024|EPI_ISL_19646975,2024-07-09,2.5
A/Massachusetts/93/2024|EPI_ISL_19646975,2024-07-10,6.0
A/Massachusetts/93/2024|EPI_ISL_19646975,2024-07-11,4.0
A/Massachusetts/93/2024|EPI_ISL_19646975,2024-07-12,2.6666666666666665
A/Massachusetts/93/2024|EPI_ISL_19646975,2024-07-13,1.0
A/Massachusetts/93/2024|EPI_ISL_19646975,2024-07-14,2.0
A/Massachusetts/93/2024|EPI_ISL_19646975,2024-07-15,5.0
A/Massachusetts/93/2024|EPI_ISL_19646975,2024-07-16,6.0
A/Massachusetts/93/2024|EPI_ISL_19646975,2024-07-18,6.0
A/Massachusetts/93/2024|EPI_ISL_19646975,2024-07-19,3.0
A/Massachusetts/93/2024|EPI_ISL_19646975,2024-07-20,2.0
A/Massachusetts/93/2024|EPI_ISL_19646975,2024-07-21,1.5
A/Massachusetts/93/2024|EPI_ISL_19646975,2024-07-22,5.0
A/Massachusetts/93/2024|EPI_ISL_19646975,2024-07-23,4.0
A/Massachusetts/93/2024|EPI_ISL_19646975,2024-07-24,2.0
A/Massachusetts/93/2024|EPI_ISL_19646975,2024-07-25,4.0
A/Massachusetts/93/2024|EPI_ISL_19646975,2024-07-26,7.0
A/Massachusetts/93/2024|EPI_ISL_19646975,2024-07-28,4.0
A/Massachusetts/93/2024|EPI_ISL_19646975,2024-07-29,2.0
A/Massachusetts/93/2024|EPI_ISL_19646975,2024-07-30,4.0
A/Massachusetts/93/2024|EPI_ISL_19646975,2024-07-31,3.0
A/Massachusetts/93/2024|EPI_ISL_19646975,2024-08-01,7.0
A/Massachusetts/93/2024|EPI_ISL_19646975,2024-08-02,3.0
A/Massachusetts/93/2024|EPI_ISL_19646975,2024-08-03,1.0
A/Massachusetts/93/2024|EPI_ISL_19646975,2024-08-04,1.0
A/Massachusetts/93/2024|EPI_ISL_19646975,2024-08-05,4.0
A/Massachusetts/93/2024|EPI_ISL_19646975,2024-08-06,2.0
A/Massachusetts/93/2024|EPI_ISL_19646975,2024-08-07,6.0
A/Massachusetts/93/2024|EPI_ISL_19646975,2024-08-08,4.0
A/Massachusetts/93/2024|EPI_ISL_19646975,2024-08-09,5.0
A/Massachusetts/93/2024|EPI_ISL_19646975,2024-08-10,1.0
A/Massachusetts/93/2024|EPI_ISL_19646975,2024-08-12,4.0
A/Massachusetts/93/2024|EPI_ISL_19646975,2024-08-13,1.0
A/Massachusetts/93/2024|EPI_ISL_19646975,2024-08-14,3.0
A/Massachusetts/93/2024|EPI_ISL_19646975,2024-08-16,5.0
A/Massachusetts/93/2024|EPI_ISL_19646975,2024-08-18,1.0
A/Massachusetts/93/2024|EPI_ISL_19646975,2024-08-19,3.0
A/Massachusetts/93/2024|EPI_ISL_19646975,2024-08-20,4.5
A/Massachusetts/93/2024|EPI_ISL_19646975,2024-08-21,1.0
A/Massachusetts/93/2024|EPI_ISL_19646975,2024-08-22,2.0
A/Massachusetts/93/2024|EPI_ISL_19646975,2024-08-23,5.0
A/Massachusetts/93/2024|EPI_ISL_19646975,2024-08-24,1.0
A/Massachusetts/93/2024|EPI_ISL_19646975,2024-08-25,6.0
A/Massachusetts/93/2024|EPI_ISL_19646975,2024-08-26,4.0
A/Massachusetts/93/2024|EPI_ISL_19646975,2024-08-27,3.0
A/Massachusetts/93/2024|EPI_ISL_19646975,2024-08-28,2.0
A/Massachusetts/93/2024|EPI_ISL_19646975,2024-08-29,1.0
A/Massachusetts/93/2024|EPI_ISL_19646975,2024-08-30,3.0
A/Massachusetts/93/2024|EPI_ISL_19646975,2024-09-01,1.0
A/Massachusetts/93/2024|EPI_ISL_19646975,2024-09-02,5.0
A/Massachusetts/93/2024|EPI_ISL_19646975,2024-09-03,3.0
A/Massachusetts/93/2024|EPI_ISL_19646975,2024-09-04,1.3333333333333333
A/Massachusetts/93/2024|EPI_ISL_19646975,2024-09-05,2.0
A/Massachusetts/93/2024|EPI_ISL_19646975,2024-09-06,1.0
A/Massachusetts/93/2024|EPI_ISL_19646975,2024-09-07,2.0
A/Massachusetts/93/2024|EPI_ISL_19646975,2024-09-08,1.0
A/Massachusetts/93/2024|EPI_ISL_19646975,2024-09-09,6.0
A/Massachusetts/93/2024|EPI_ISL_19646975,2024-09-10,5.0
A/Massachusetts/93/2024|EPI_ISL_19646975,2024-09-11,4.0
A/Massachusetts/93/2024|EPI_ISL_19646975,2024-09-12,8.0
A/Massachusetts/93/2024|EPI_ISL_19646975,2024-09-13,3.0
A/Massachusetts/93/2024|EPI_ISL_19646975,2024-09-15,2.0
A/Massachusetts/93/2024|EPI_ISL_19646975,2024-09-16,3.0
A/Massachusetts/93/2024|EPI_ISL_19646975,2024-09-17,0.3333333333333333
A/Massachusetts/93/2024|EPI_ISL_19646975,2024-09-18,4.0
A/Massachusetts/93/2024|EPI_ISL_19646975,2024-09-19,2.0
A/Massachusetts/93/2024|EPI_ISL_19646975,2024-09-20,5.0
A/Massachusetts/93/2024|EPI_ISL_19646975,2024-09-21,2.0
A/Massachusetts/93/2024|EPI_ISL_19646975,2024-09-22,4.0
A/Massachusetts/93/2024|EPI_ISL_19646975,2024-09-23,5.0
A/Massachusetts/93/2024|EPI_ISL_19646975,2024-09-24,2.0
A/Massachusetts/93/2024|EPI_ISL_19646975,2024-09-25,1.0
A/Massachusetts/93/2024|EPI_ISL_19646975,2024-09-26,2.3333333333333335
A/Massachusetts/93/2024|EPI_ISL_19646975,2024-09-28,0.3333333333333333
A/Massachusetts/93/2024|EPI_ISL_19646975,2024-09-30,1.3333333333333333
A/Massachusetts/93/2024|EPI_ISL_19646975,2024-10-01,2.0
A/Massachusetts/93/2024|EPI_ISL_19646975,2024-10-02,5.0
A/Massachusetts/93/2024|EPI_ISL_19646975,2024-10-03,4.0
A/Massachusetts/93/2024|EPI_ISL_19646975,2024-10-04,2.0
A/Massachusetts/93/2024|EPI_ISL_19646975,2024-10-05,2.0
A/Massachusetts/93/2024|EPI_ISL_19646975,2024-10-06,2.0
A/Massachusetts/93/2024|EPI_ISL_19646975,2024-10-07,5.0
A/Massachusetts/93/2024|EPI_ISL_19646975,2024-10-08,2.0
A/Massachusetts/93/2024|EPI_ISL_19646975,2024-10-09,4.0
A/Massachusetts/93/2024|EPI_ISL_19646975,2024-10-10,2.0
A/Massachusetts/93/2024|EPI_ISL_19646975,2024-10-11,2.0
A/Massachusetts/93/2024|EPI_ISL_19646975,2024-10-12,1.0
A/Massachusetts/93/2024|EPI_ISL_19646975,2024-10-13,2.0
A/Massachusetts/93/2024|EPI_ISL_19646975,2024-10-14,1.0
A/Massachusetts/93/2024|EPI_ISL_19646975,2024-10-15,7.0
A/Massachusetts/93/2024|EPI_ISL_19646975,2024-10-16,2.0
A/Massachusetts/93/2024|EPI_ISL_19646975,2024-10-17,1.0
A/Massachusetts/93/2024|EPI_ISL_19646975,2024-10-18,8.333333333333334
A/Massachusetts/93/2024|EPI_ISL_19646975,2024-10-19,1.0
A/Massachusetts/93/2024|EPI_ISL_19646975,2024-10-21,2.0
A/Massachusetts/93/2024|EPI_ISL_19646975,2024-10-22,7.333333333333333
A/Massachusetts/93/2024|EPI_ISL_19646975,2024-10-23,1.0
A/Massachusetts/93/2024|EPI_ISL_19646975,2024-10-28,2.0
A/Massachusetts/93/2024|EPI_ISL_19646975,2024-10-29,4.0
A/Massachusetts/93/2024|EPI_ISL_19646975,2024-10-30,3.5
A/Massachusetts/93/2024|EPI_ISL_19646975,2024-10-31,1.0
A/Massachusetts/93/2024|EPI_ISL_19646975,2024-11-01,4.0
A/Massachusetts/93/2024|EPI_ISL_19646975,2024-11-02,3.0
A/Massachusetts/93/2024|EPI_ISL_19646975,2024-11-03,3.0
A/Massachusetts/93/2024|EPI_ISL_19646975,2024-11-04,3.0
A/Massachusetts/93/2024|EPI_ISL_19646975,2024-11-05,3.0
A/Massachusetts/93/2024|EPI_ISL_19646975,2024-11-06,2.5
A/Massachusetts/93/2024|EPI_ISL_19646975,2024-11-07,2.3333333333333335
A/Massachusetts/93/2024|EPI_ISL_19646975,2024-11-08,2.5
A/Massachusetts/93/2024|EPI_ISL_19646975,2024-11-09,3.0
A/Massachusetts/93/2024|EPI_ISL_19646975,2024-11-10,1.0
A/Massachusetts/93/2024|EPI_ISL_19646975,2024-11-11,2.5
A/Massachusetts/93/2024|EPI_ISL_19646975,2024-11-12,2.0
A/Massachusetts/93/2024|EPI_ISL_19646975,2024-11-13,2.0
A/Massachusetts/93/2024|EPI_ISL_19646975,2024-11-14,3.0
A/Massachusetts/93/2024|EPI_ISL_19646975,2024-11-15,1.0
A/Massachusetts/93/2024|EPI_ISL_19646975,2024-11-16,2.0
A/Massachusetts/93/2024|EPI_ISL_19646975,2024-11-17,0.3333333333333333
A/Massachusetts/93/2024|EPI_ISL_19646975,2024-11-18,5.0
A/Massachusetts/93/2024|EPI_ISL_19646975,2024-11-19,6.0
A/Massachusetts/93/2024|EPI_ISL_19646975,2024-11-20,4.0
A/Massachusetts/93/2024|EPI_ISL_19646975,2024-11-21,3.0
A/Massachusetts/93/2024|EPI_ISL_19646975,2024-11-22,1.0
A/Massachusetts/93/2024|EPI_ISL_19646975,2024-11-23,2.5
A/Massachusetts/93/2024|EPI_ISL_19646975,2024-11-24,2.0
A/Massachusetts/93/2024|EPI_ISL_19646975,2024-11-25,8.0
A/Massachusetts/93/2024|EPI_ISL_19646975,2024-11-26,3.0
A/Massachusetts/93/2024|EPI_ISL_19646975,2024-11-27,4.0
A/Massachusetts/93/2024|EPI_ISL_19646975,2024-11-28,2.0
A/Massachusetts/93/2024|EPI_ISL_19646975,2024-11-29,2.5
A/Massachusetts/93/2024|EPI_ISL_19646975,2024-11-30,3.5
A/Massachusetts/93/2024|EPI_ISL_19646975,2024-12-01,5.0
A/Massachusetts/93/2024|EPI_ISL_19646975,2024-12-02,8.0
A/Massachusetts/93/2024|EPI_ISL_19646975,2024-12-03,12.0
A/Massachusetts/93/2024|EPI_ISL_19646975,2024-12-04,12.0
A/Massachusetts/93/2024|EPI_ISL_19646975,2024-12-05,7.0
A/Massachusetts/93/2024|EPI_ISL_19646975,2024-12-06,5.0
A/Massachusetts/93/2024|EPI_ISL_19646975,2024-12-07,1.0
A/Massachusetts/93/2024|EPI_ISL_19646975,2024-12-08,4.0
A/Massachusetts/93/2024|EPI_ISL_19646975,2024-12-09,8.0
A/Massachusetts/93/2024|EPI_ISL_19646975,2024-12-10,13.0
A/Massachusetts/93/2024|EPI_ISL_19646975,2024-12-11,18.0
A/Massachusetts/93/2024|EPI_ISL_19646975,2024-12-12,13.0
A/Massachusetts/93/2024|EPI_ISL_19646975,2024-12-13,7.0
A/Massachusetts/93/2024|EPI_ISL_19646975,2024-12-14,5.0
A/Massachusetts/93/2024|EPI_ISL_19646975,2024-12-15,9.5
A/Massachusetts/93/2024|EPI_ISL_19646975,2024-12-16,13.5
A/Massachusetts/93/2024|EPI_ISL_19646975,2024-12-17,11.0
A/Massachusetts/93/2024|EPI_ISL_19646975,2024-12-18,13.0
A/Massachusetts/93/2024|EPI_ISL_19646975,2024-12-19,13.5
A/Massachusetts/93/2024|EPI_ISL_19646975,2024-12-20,8.0
A/Massachusetts/93/2024|EPI_ISL_19646975,2024-12-21,6.0
A/Massachusetts/93/2024|EPI_ISL_19646975,2024-12-22,6.0
A/Massachusetts/93/2024|EPI_ISL_19646975,2024-12-23,20.0
A/Massachusetts/93/2024|EPI_ISL_19646975,2024-12-24,15.0
A/Massachusetts/93/2024|EPI_ISL_19646975,2024-12-25,10.0
A/Massachusetts/93/2024|EPI_ISL_19646975,2024-12-26,16.0
A/Massachusetts/93/2024|EPI_ISL_19646975,2024-12-27,17.0
A/Massachusetts/93/2024|EPI_ISL_19646975,2024-12-28,12.5
A/Massachusetts/93/2024|EPI_ISL_19646975,2024-12-29,6.0
A/Massachusetts/93/2024|EPI_ISL_19646975,2024-12-30,24.5
A/Massachusetts/93/2024|EPI_ISL_19646975,2024-12-31,15.5
A/Massachusetts/93/2024|EPI_ISL_19646975,2025-01-01,20.5
A/Massachusetts/93/2024|EPI_ISL_19646975,2025-01-02,28.0
A/Massachusetts/93/2024|EPI_ISL_19646975,2025-01-03,21.666666666666668
A/Massachusetts/93/2024|EPI_ISL_19646975,2025-01-04,17.0
A/Massachusetts/93/2024|EPI_ISL_19646975,2025-01-05,16.5
A/Massachusetts/93/2024|EPI_ISL_19646975,2025-01-06,33.5
A/Massachusetts/93/2024|EPI_ISL_19646975,2025-01-07,39.0
A/Massachusetts/93/2024|EPI_ISL_19646975,2025-01-08,32.833333333333336
A/Massachusetts/93/2024|EPI_ISL_19646975,2025-01-09,21.5
A/Massachusetts/93/2024|EPI_ISL_19646975,2025-01-10,30.166666666666668
A/Massachusetts/93/2024|EPI_ISL_19646975,2025-01-11,15.0
A/Massachusetts/93/2024|EPI_ISL_19646975,2025-01-12,5.5
A/Massachusetts/93/2024|EPI_ISL_19646975,2025-01-13,28.0
A/Massachusetts/93/2024|EPI_ISL_19646975,2025-01-14,30.833333333333332
A/Massachusetts/93/2024|EPI_ISL_19646975,2025-01-15,30.333333333333332
A/Massachusetts/93/2024|EPI_ISL_19646975,2025-01-16,34.5
A/Massachusetts/93/2024|EPI_ISL_19646975,2025-01-17,29.333333333333332
A/Massachusetts/93/2024|EPI_ISL_19646975,2025-01-18,16.0
A/Massachusetts/93/2024|EPI_ISL_19646975,2025-01-19,17.5
A/Massachusetts/93/2024|EPI_ISL_19646975,2025-01-20,47.333333333333336
A/Massachusetts/93/2024|EPI_ISL_19646975,2025-01-21,50.5
A/Massachusetts/93/2024|EPI_ISL_19646975,2025-01-22,34.0
A/Massachusetts/93/2024|EPI_ISL_19646975,2025-01-23,34.0
A/Massachusetts/93/2024|EPI_ISL_19646975,2025-01-24,29.333333333333332
A/Massachusetts/93/2024|EPI_ISL_19646975,2025-01-25,28.833333333333332
A/Massachusetts/93/2024|EPI_ISL_19646975,2025-01-26,18.5
A/Massachusetts/93/2024|EPI_ISL_19646975,2025-01-27,41.5
A/Massachusetts/93/2024|EPI_ISL_19646975,2025-01-28,40.0
A/Massachusetts/93/2024|EPI_ISL_19646975,2025-01-29,32.0
A/Massachusetts/93/2024|EPI_ISL_19646975,2025-01-30,41.0
A/Massachusetts/93/2024|EPI_ISL_19646975,2025-01-31,20.0
A/Massachusetts/93/2024|EPI_ISL_19646975,2025-02-01,14.0
A/Massachusetts/93/2024|EPI_ISL_19646975,2025-02-02,11.0
A/Massachusetts/93/2024|EPI_ISL_19646975,2025-02-03,38.0
A/Massachusetts/93/2024|EPI_ISL_19646975,2025-02-04,33.833333333333336
A/Massachusetts/93/2024|EPI_ISL_19646975,2025-02-05,34.0
A/Massachusetts/93/2024|EPI_ISL_19646975,2025-02-06,27.5
A/Massachusetts/93/2024|EPI_ISL_19646975,2025-02-07,22.0
A/Massachusetts/93/2024|EPI_ISL_19646975,2025-02-08,11.5
A/Massachusetts/93/2024|EPI_ISL_19646975,2025-02-09,13.0
A/Massachusetts/93/2024|EPI_ISL_19646975,2025-02-10,36.666666666666664
A/Massachusetts/93/2024|EPI_ISL_19646975,2025-02-11,37.0
A/Massachusetts/93/2024|EPI_ISL_19646975,2025-02-12,33.0
A/Massachusetts/93/2024|EPI_ISL_19646975,2025-02-13,29.0
A/Massachusetts/93/2024|EPI_ISL_19646975,2025-02-14,21.5
A/Massachusetts/93/2024|EPI_ISL_19646975,2025-02-15,12.5
A/Massachusetts/93/2024|EPI_ISL_19646975,2025-02-16,10.5
A/Massachusetts/93/2024|EPI_ISL_19646975,2025-02-17,23.333333333333332
A/Massachusetts/93/2024|EPI_ISL_19646975,2025-02-18,28.333333333333332
A/Massachusetts/93/2024|EPI_ISL_19646975,2025-02-19,24.5
A/Massachusetts/93/2024|EPI_ISL_19646975,2025-02-20,24.0
A/Massachusetts/93/2024|EPI_ISL_19646975,2025-02-21,14.0
A/Massachusetts/93/2024|EPI_ISL_19646975,2025-02-22,7.0
A/Massachusetts/93/2024|EPI_ISL_19646975,2025-02-23,5.0
A/Massachusetts/93/2024|EPI_ISL_19646975,2025-02-24,24.0
A/Massachusetts/93/2024|EPI_ISL_19646975,2025-02-25,22.333333333333332
A/Massachusetts/93/2024|EPI_ISL_19646975,2025-02-26,20.833333333333332
A/Massachusetts/93/2024|EPI_ISL_19646975,2025-02-27,11.5
A/Massachusetts/93/2024|EPI_ISL_19646975,2025-02-28,15.0
A/Massachusetts/93/2024|EPI_ISL_19646975,2025-03-01,2.5
A/Massachusetts/93/2024|EPI_ISL_19646975,2025-03-02,6.5
A/Massachusetts/93/2024|EPI_ISL_19646975,2025-03-03,15.333333333333334
A/Massachusetts/93/2024|EPI_ISL_19646975,2025-03-04,7.0
A/Massachusetts/93/2024|EPI_ISL_19646975,2025-03-05,9.5
A/Massachusetts/93/2024|EPI_ISL_19646975,2025-03-06,13.0
A/Massachusetts/93/2024|EPI_ISL_19646975,2025-03-07,11.0
A/Massachusetts/93/2024|EPI_ISL_19646975,2025-03-08,6.5
A/Massachusetts/93/2024|EPI_ISL_19646975,2025-03-09,5.0
A/Massachusetts/93/2024|EPI_ISL_19646975,2025-03-10,6.333333333333333
A/Massachusetts/93/2024|EPI_ISL_19646975,2025-03-11,10.5
A/Massachusetts/93/2024|EPI_ISL_19646975,2025-03-12,12.0
A/Massachusetts/93/2024|EPI_ISL_19646975,2025-03-13,5.0
A/Massachusetts/93/2024|EPI_ISL_19646975,2025-03-14,2.0
A/Massachusetts/93/2024|EPI_ISL_19646975,2025-03-15,3.0
A/Massachusetts/93/2024|EPI_ISL_19646975,2025-03-16,6.0
A/Massachusetts/93/2024|EPI_ISL_19646975,2025-03-17,13.5
A/Massachusetts/93/2024|EPI_ISL_19646975,2025-03-18,12.5
A/Massachusetts/93/2024|EPI_ISL_19646975,2025-03-19,8.5
A/Massachusetts/93/2024|EPI_ISL_19646975,2025-03-20,5.666666666666667
A/Massachusetts/93/2024|EPI_ISL_19646975,2025-03-21,7.0
A/Massachusetts/93/2024|EPI_ISL_19646975,2025-03-22,5.0
A/Massachusetts/93/2024|EPI_ISL_19646975,2025-03-23,1.5
A/Massachusetts/93/2024|EPI_ISL_19646975,2025-03-24,7.5
A/Massachusetts/93/2024|EPI_ISL_19646975,2025-03-25,5.0
A/Massachusetts/93/2024|EPI_ISL_19646975,2025-03-26,10.0
A/Massachusetts/93/2024|EPI_ISL_19646975,2025-03-27,2.0
A/Massachusetts/93/2024|EPI_ISL_19646975,2025-03-29,1.5
A/Massachusetts/93/2024|EPI_ISL_19646975,2025-03-30,3.0
A/Massachusetts/93/2024|EPI_ISL_19646975,2025-03-31,6.0
A/Massachusetts/93/2024|EPI_ISL_19646975,2025-04-01,7.5
A/Massachusetts/93/2024|EPI_ISL_19646975,2025-04-02,2.0
A/Massachusetts/93/2024|EPI_ISL_19646975,2025-04-03,3.0
A/Massachusetts/93/2024|EPI_ISL_19646975,2025-04-04,3.5
A/Massachusetts/93/2024|EPI_ISL_19646975,2025-04-05,1.0
A/Massachusetts/93/2024|EPI_ISL_19646975,2025-04-07,2.0
A/Massachusetts/93/2024|EPI_ISL_19646975,2025-04-08,3.0
A/Massachusetts/93/2024|EPI_ISL_19646975,2025-04-09,4.0
A/Massachusetts/93/2024|EPI_ISL_19646975,2025-04-11,2.0
A/Massachusetts/93/2024|EPI_ISL_19646975,2025-04-12,1.0
A/Massachusetts/93/2024|EPI_ISL_19646975,2025-04-13,1.0
A/Massachusetts/93/2024|EPI_ISL_19646975,2025-04-16,4.0
A/Massachusetts/93/2024|EPI_ISL_19646975,2025-04-18,0.5
A/Massachusetts/93/2024|EPI_ISL_19646975,2025-04-19,1.0
A/Massachusetts/93/2024|EPI_ISL_19646975,2025-04-21,1.0
A/Massachusetts/93/2024|EPI_ISL_19646975,2025-04-22,2.0
A/Massachusetts/93/2024|EPI_ISL_19646975,2025-04-23,1.0
A/Massachusetts/93/2024|EPI_ISL_19646975,2025-04-24,1.0
A/Massachusetts/93/2024|EPI_ISL_19646975,2025-04-25,1.0
A/Massachusetts/93/2024|EPI_ISL_19646975,2025-04-26,1.0
A/Massachusetts/93/2024|EPI_ISL_19646975,2025-04-28,3.0
A/Massachusetts/93/2024|EPI_ISL_19646975,2025-04-30,3.0
A/Massachusetts/93/2024|EPI_ISL_19646975,2025-05-02,1.0
A/Massachusetts/93/2024|EPI_ISL_19646975,2025-05-08,1.0
A/Massachusetts/93/2024|EPI_ISL_19646975,2025-05-13,0.6666666666666666
A/Massachusetts/93/2024|EPI_ISL_19646975,2025-05-16,0.3333333333333333
A/Massachusetts/BI_MGH-23147/2025|EPI_ISL_19769038|EPI4070676,2024-10-15,1.0
A/Massachusetts/BI_MGH-23147/2025|EPI_ISL_19769038|EPI4070676,2024-10-21,1.0
A/Massachusetts/BI_MGH-23147/2025|EPI_ISL_19769038|EPI4070676,2024-11-07,1.0
A/Massachusetts/BI_MGH-23147/2025|EPI_ISL_19769038|EPI4070676,2024-11-08,1.0
A/Massachusetts/BI_MGH-23147/2025|EPI_ISL_19769038|EPI4070676,2024-11-09,1.0
A/Massachusetts/BI_MGH-23147/2025|EPI_ISL_19769038|EPI4070676,2024-11-11,1.0
A/Massachusetts/BI_MGH-23147/2025|EPI_ISL_19769038|EPI4070676,2024-11-12,4.0
A/Massachusetts/BI_MGH-23147/2025|EPI_ISL_19769038|EPI4070676,2024-11-15,1.0
A/Massachusetts/BI_MGH-23147/2025|EPI_ISL_19769038|EPI4070676,2024-11-16,1.0
A/Massachusetts/BI_MGH-23147/2025|EPI_ISL_19769038|EPI4070676,2024-11-19,1.0
A/Massachusetts/BI_MGH-23147/2025|EPI_ISL_19769038|EPI4070676,2024-11-20,1.0
A/Massachusetts/BI_MGH-23147/2025|EPI_ISL_19769038|EPI4070676,2024-11-21,2.0
A/Massachusetts/BI_MGH-23147/2025|EPI_ISL_19769038|EPI4070676,2024-11-26,2.0
A/Massachusetts/BI_MGH-23147/2025|EPI_ISL_19769038|EPI4070676,2024-11-27,3.0
A/Massachusetts/BI_MGH-23147/2025|EPI_ISL_19769038|EPI4070676,2024-11-29,1.0
A/Massachusetts/BI_MGH-23147/2025|EPI_ISL_19769038|EPI4070676,2024-11-30,1.0
A/Massachusetts/BI_MGH-23147/2025|EPI_ISL_19769038|EPI4070676,2024-12-01,3.0
A/Massachusetts/BI_MGH-23147/2025|EPI_ISL_19769038|EPI4070676,2024-12-03,2.0
A/Massachusetts/BI_MGH-23147/2025|EPI_ISL_19769038|EPI4070676,2024-12-07,1.0
A/Massachusetts/BI_MGH-23147/2025|EPI_ISL_19769038|EPI4070676,2024-12-08,1.0
A/Massachusetts/BI_MGH-23147/2025|EPI_ISL_19769038|EPI4070676,2024-12-09,1.0
A/Massachusetts/BI_MGH-23147/2025|EPI_ISL_19769038|EPI4070676,2024-12-11,1.0
A/Massachusetts/BI_MGH-23147/2025|EPI_ISL_19769038|EPI4070676,2024-12-16,1.0
A/Massachusetts/BI_MGH-23147/2025|EPI_ISL_19769038|EPI4070676,2024-12-17,3.0
A/Massachusetts/BI_MGH-23147/2025|EPI_ISL_19769038|EPI4070676,2024-12-19,1.0
A/Massachusetts/BI_MGH-23147/2025|EPI_ISL_19769038|EPI4070676,2024-12-20,1.0
A/Massachusetts/BI_MGH-23147/2025|EPI_ISL_19769038|EPI4070676,2024-12-25,2.0
A/Massachusetts/BI_MGH-23147/2025|EPI_ISL_19769038|EPI4070676,2024-12-27,1.0
A/Massachusetts/BI_MGH-23147/2025|EPI_ISL_19769038|EPI4070676,2024-12-30,3.0
A/Massachusetts/BI_MGH-23147/2025|EPI_ISL_19769038|EPI4070676,2024-12-31,3.0
A/Massachusetts/BI_MGH-23147/2025|EPI_ISL_19769038|EPI4070676,2025-01-03,2.0
A/Massachusetts/BI_MGH-23147/2025|EPI_ISL_19769038|EPI4070676,2025-01-06,5.0
A/Massachusetts/BI_MGH-23147/2025|EPI_ISL_19769038|EPI4070676,2025-01-07,1.0
A/Massachusetts/BI_MGH-23147/2025|EPI_ISL_19769038|EPI4070676,2025-01-09,2.0
A/Massachusetts/BI_MGH-23147/2025|EPI_ISL_19769038|EPI4070676,2025-01-10,2.0
A/Massachusetts/BI_MGH-23147/2025|EPI_ISL_19769038|EPI4070676,2025-01-12,1.0
A/Massachusetts/BI_MGH-23147/2025|EPI_ISL_19769038|EPI4070676,2025-01-13,3.0
A/Massachusetts/BI_MGH-23147/2025|EPI_ISL_19769038|EPI4070676,2025-01-14,2.0
A/Massachusetts/BI_MGH-23147/2025|EPI_ISL_19769038|EPI4070676,2025-01-17,1.0
A/Massachusetts/BI_MGH-23147/2025|EPI_ISL_19769038|EPI4070676,2025-01-20,1.0
A/Massachusetts/BI_MGH-23147/2025|EPI_ISL_19769038|EPI4070676,2025-01-21,2.0
A/Massachusetts/BI_MGH-23147/2025|EPI_ISL_19769038|EPI4070676,2025-01-22,1.0
A/Massachusetts/BI_MGH-23147/2025|EPI_ISL_19769038|EPI4070676,2025-01-23,1.0
A/Massachusetts/BI_MGH-23147/2025|EPI_ISL_19769038|EPI4070676,2025-01-25,1.0
A/Massachusetts/BI_MGH-23147/2025|EPI_ISL_19769038|EPI4070676,2025-01-27,2.0
A/Massachusetts/BI_MGH-23147/2025|EPI_ISL_19769038|EPI4070676,2025-01-28,1.0
A/Massachusetts/BI_MGH-23147/2025|EPI_ISL_19769038|EPI4070676,2025-01-30,3.0
A/Massachusetts/BI_MGH-23147/2025|EPI_ISL_19769038|EPI4070676,2025-01-31,3.0
A/Massachusetts/BI_MGH-23147/2025|EPI_ISL_19769038|EPI4070676,2025-02-03,3.0
A/Massachusetts/BI_MGH-23147/2025|EPI_ISL_19769038|EPI4070676,2025-02-04,3.0
A/Massachusetts/BI_MGH-23147/2025|EPI_ISL_19769038|EPI4070676,2025-02-05,1.0
A/Massachusetts/BI_MGH-23147/2025|EPI_ISL_19769038|EPI4070676,2025-02-06,3.0
A/Massachusetts/BI_MGH-23147/2025|EPI_ISL_19769038|EPI4070676,2025-02-08,1.0
A/Massachusetts/BI_MGH-23147/2025|EPI_ISL_19769038|EPI4070676,2025-02-10,3.0
A/Massachusetts/BI_MGH-23147/2025|EPI_ISL_19769038|EPI4070676,2025-02-11,1.0
A/Massachusetts/BI_MGH-23147/2025|EPI_ISL_19769038|EPI4070676,2025-02-13,1.0
A/Massachusetts/BI_MGH-23147/2025|EPI_ISL_19769038|EPI4070676,2025-02-16,1.0
A/Massachusetts/BI_MGH-23147/2025|EPI_ISL_19769038|EPI4070676,2025-02-17,1.0
A/Massachusetts/BI_MGH-23147/2025|EPI_ISL_19769038|EPI4070676,2025-02-18,1.0
A/Massachusetts/BI_MGH-23147/2025|EPI_ISL_19769038|EPI4070676,2025-02-20,1.0
A/Massachusetts/BI_MGH-23147/2025|EPI_ISL_19769038|EPI4070676,2025-02-21,1.0
A/Massachusetts/BI_MGH-23147/2025|EPI_ISL_19769038|EPI4070676,2025-02-22,1.0
A/Massachusetts/BI_MGH-23147/2025|EPI_ISL_19769038|EPI4070676,2025-02-24,1.0
A/Massachusetts/BI_MGH-23147/2025|EPI_ISL_19769038|EPI4070676,2025-02-25,1.0
A/Massachusetts/BI_MGH-23147/2025|EPI_ISL_19769038|EPI4070676,2025-02-28,1.0
A/Massachusetts/BI_MGH-23147/2025|EPI_ISL_19769038|EPI4070676,2025-03-03,1.0
A/Massachusetts/BI_MGH-23147/2025|EPI_ISL_19769038|EPI4070676,2025-03-12,1.0
A/Massachusetts/BI_MGH-23147/2025|EPI_ISL_19769038|EPI4070676,2025-03-17,1.0
A/Massachusetts/BI_MGH-23147/2025|EPI_ISL_19769038|EPI4070676,2025-03-27,3.0
A/Massachusetts/BI_MGH-23147/2025|EPI_ISL_19769038|EPI4070676,2025-03-29,1.0
A/Massachusetts/BI_MGH-23147/2025|EPI_ISL_19769038|EPI4070676,2025-04-01,1.0
A/Massachusetts/BI_MGH-23147/2025|EPI_ISL_19769038|EPI4070676,2025-04-09,1.0
A/Massachusetts/BI_MGH-23147/2025|EPI_ISL_19769038|EPI4070676,2025-04-21,1.0
A/Massachusetts/BI_MGH-23147/2025|EPI_ISL_19769038|EPI4070676,2025-04-28,1.0
A/Massachusetts/BI_MGH-23147/2025|EPI_ISL_19769038|EPI4070676,2025-05-02,1.0
A/Massachusetts/BI_MGH-23147/2025|EPI_ISL_19769038|EPI4070676,2025-05-04,1.0
A/Massachusetts/BI_MGH-23147/2025|EPI_ISL_19769038|EPI4070676,2025-05-07,2.0
A/Massachusetts/BI_MGH-23147/2025|EPI_ISL_19769038|EPI4070676,2025-05-09,1.0
A/Massachusetts/BI_MGH-23147/2025|EPI_ISL_19769038|EPI4070676,2025-05-14,1.0
A/Massachusetts/BI_MGH-23147/2025|EPI_ISL_19769038|EPI4070676,2025-05-17,1.0
A/Massachusetts/BI_MGH-23147/2025|EPI_ISL_19769038|EPI4070676,2025-05-20,1.0
A/Massachusetts/BI_MGH-23147/2025|EPI_ISL_19769038|EPI4070676,2025-05-27,1.0
A/Massachusetts/BI_MGH-23147/2025|EPI_ISL_19769038|EPI4070676,2025-06-04,1.0
A/Massachusetts/ISC-1684/2025|EPI_ISL_19790438,2025-01-16,0.5
A/Massachusetts/ISC-1684/2025|EPI_ISL_19790438,2025-01-26,0.5
A/Massachusetts/ISC-1684/2025|EPI_ISL_19790438,2025-02-03,0.5
A/Massachusetts/ISC-1684/2025|EPI_ISL_19790438,2025-02-18,0.5
A/Massachusetts/ISC-1684/2025|EPI_ISL_19790438,2025-02-20,0.5
A/Massachusetts/ISC-1684/2025|EPI_ISL_19790438,2025-03-02,1.0
A/Massachusetts/ISC-1684/2025|EPI_ISL_19790438,2025-03-04,0.5
A/Massachusetts/ISC-1684/2025|EPI_ISL_19790438,2025-03-09,0.5
A/Massachusetts/ISC-1684/2025|EPI_ISL_19790438,2025-03-16,0.5
A/Massachusetts/ISC-1684/2025|EPI_ISL_19790438,2025-03-20,0.5
A/Massachusetts/ISC-1684/2025|EPI_ISL_19790438,2025-04-10,0.5
A/Mato_Grosso_do_Sul/518/2025|EPI_ISL_19755351|EPI4034210,2024-10-24,1.0
A/Mato_Grosso_do_Sul/518/2025|EPI_ISL_19755351|EPI4034210,2025-01-13,1.0
A/Mato_Grosso_do_Sul/518/2025|EPI_ISL_19755351|EPI4034210,2025-02-06,1.0
A/Mato_Grosso_do_Sul/518/2025|EPI_ISL_19755351|EPI4034210,2025-03-13,1.0
A/Michigan/120/2024|EPI_ISL_19628034,2024-05-14,1.0
A/Michigan/120/2024|EPI_ISL_19628034,2024-05-29,1.0
A/Michigan/120/2024|EPI_ISL_19628034,2024-07-31,1.0
A/Michigan/120/2024|EPI_ISL_19628034,2024-10-10,1.0
A/Michigan/120/2024|EPI_ISL_19628034,2024-10-15,2.0
A/Michigan/120/2024|EPI_ISL_19628034,2024-10-21,2.0
A/Michigan/120/2024|EPI_ISL_19628034,2024-10-26,1.0
A/Michigan/120/2024|EPI_ISL_19628034,2024-10-27,1.0
A/Michigan/120/2024|EPI_ISL_19628034,2024-10-28,1.0
A/Michigan/120/2024|EPI_ISL_19628034,2024-11-01,2.0
A/Michigan/120/2024|EPI_ISL_19628034,2024-11-05,1.0
A/Michigan/120/2024|EPI_ISL_19628034,2024-11-08,1.0
A/Michigan/120/2024|EPI_ISL_19628034,2024-11-11,3.0
A/Michigan/120/2024|EPI_ISL_19628034,2024-11-12,4.0
A/Michigan/120/2024|EPI_ISL_19628034,2024-11-13,2.0
A/Michigan/120/2024|EPI_ISL_19628034,2024-11-15,1.0
A/Michigan/120/2024|EPI_ISL_19628034,2024-11-18,2.0
A/Michigan/120/2024|EPI_ISL_19628034,2024-11-19,2.0
A/Michigan/120/2024|EPI_ISL_19628034,2024-11-20,1.0
A/Michigan/120/2024|EPI_ISL_19628034,2024-11-21,3.0
A/Michigan/120/2024|EPI_ISL_19628034,2024-11-22,2.0
A/Michigan/120/2024|EPI_ISL_19628034,2024-11-23,3.0
A/Michigan/120/2024|EPI_ISL_19628034,2024-11-24,1.0
A/Michigan/120/2024|EPI_ISL_19628034,2024-11-25,1.0
A/Michigan/120/2024|EPI_ISL_19628034,2024-11-26,1.0
A/Michigan/120/2024|EPI_ISL_19628034,2024-11-27,2.0
A/Michigan/120/2024|EPI_ISL_19628034,2024-11-28,2.0
A/Michigan/120/2024|EPI_ISL_19628034,2024-11-30,1.0
A/Michigan/120/2024|EPI_ISL_19628034,2024-12-02,2.0
A/Michigan/120/2024|EPI_ISL_19628034,2024-12-03,1.0
A/Michigan/120/2024|EPI_ISL_19628034,2024-12-04,2.0
A/Michigan/120/2024|EPI_ISL_19628034,2024-12-05,4.0
A/Michigan/120/2024|EPI_ISL_19628034,2024-12-06,7.0
A/Michigan/120/2024|EPI_ISL_19628034,2024-12-08,4.0
A/Michigan/120/2024|EPI_ISL_19628034,2024-12-09,8.0
A/Michigan/120/2024|EPI_ISL_19628034,2024-12-10,9.0
A/Michigan/120/2024|EPI_ISL_19628034,2024-12-11,5.0
A/Michigan/120/2024|EPI_ISL_19628034,2024-12-12,4.0
A/Michigan/120/2024|EPI_ISL_19628034,2024-12-15,3.0
A/Michigan/120/2024|EPI_ISL_19628034,2024-12-16,4.0
A/Michigan/120/2024|EPI_ISL_19628034,2024-12-17,3.0
A/Michigan/120/2024|EPI_ISL_19628034,2024-12-18,2.0
A/Michigan/120/2024|EPI_ISL_19628034,2024-12-19,5.0
A/Michigan/120/2024|EPI_ISL_19628034,2024-12-20,4.0
A/Michigan/120/2024|EPI_ISL_19628034,2024-12-21,1.0
A/Michigan/120/2024|EPI_ISL_19628034,2024-12-22,5.0
A/Michigan/120/2024|EPI_ISL_19628034,2024-12-23,5.0
A/Michigan/120/2024|EPI_ISL_19628034,2024-12-24,2.0
A/Michigan/120/2024|EPI_ISL_19628034,2024-12-25,3.0
A/Michigan/120/2024|EPI_ISL_19628034,2024-12-26,3.0
A/Michigan/120/2024|EPI_ISL_19628034,2024-12-27,4.0
A/Michigan/120/2024|EPI_ISL_19628034,2024-12-28,1.0
A/Michigan/120/2024|EPI_ISL_19628034,2024-12-29,1.0
A/Michigan/120/2024|EPI_ISL_19628034,2024-12-30,3.0
A/Michigan/120/2024|EPI_ISL_19628034,2024-12-31,4.0
A/Michigan/120/2024|EPI_ISL_19628034,2025-01-01,1.0
A/Michigan/120/2024|EPI_ISL_19628034,2025-01-02,1.0
A/Michigan/120/2024|EPI_ISL_19628034,2025-01-03,2.0
A/Michigan/120/2024|EPI_ISL_19628034,2025-01-05,1.0
A/Michigan/120/2024|EPI_ISL_19628034,2025-01-06,3.0
A/Michigan/120/2024|EPI_ISL_19628034,2025-01-07,4.0
A/Michigan/120/2024|EPI_ISL_19628034,2025-01-08,2.0
A/Michigan/120/2024|EPI_ISL_19628034,2025-01-09,1.0
A/Michigan/120/2024|EPI_ISL_19628034,2025-01-12,3.0
A/Michigan/120/2024|EPI_ISL_19628034,2025-01-13,3.0
A/Michigan/120/2024|EPI_ISL_19628034,2025-01-16,6.0
A/Michigan/120/2024|EPI_ISL_19628034,2025-01-17,2.0
A/Michigan/120/2024|EPI_ISL_19628034,2025-01-18,2.0
A/Michigan/120/2024|EPI_ISL_19628034,2025-01-20,3.0
A/Michigan/120/2024|EPI_ISL_19628034,2025-01-21,4.0
A/Michigan/120/2024|EPI_ISL_19628034,2025-01-23,1.0
A/Michigan/120/2024|EPI_ISL_19628034,2025-01-24,2.0
A/Michigan/120/2024|EPI_ISL_19628034,2025-01-25,3.0
A/Michigan/120/2024|EPI_ISL_19628034,2025-01-26,4.0
A/Michigan/120/2024|EPI_ISL_19628034,2025-01-27,2.0
A/Michigan/120/2024|EPI_ISL_19628034,2025-01-28,2.0
A/Michigan/120/2024|EPI_ISL_19628034,2025-01-29,5.0
A/Michigan/120/2024|EPI_ISL_19628034,2025-01-30,2.0
A/Michigan/120/2024|EPI_ISL_19628034,2025-01-31,1.0
A/Michigan/120/2024|EPI_ISL_19628034,2025-02-02,1.0
A/Michigan/120/2024|EPI_ISL_19628034,2025-02-03,3.0
A/Michigan/120/2024|EPI_ISL_19628034,2025-02-04,2.0
A/Michigan/120/2024|EPI_ISL_19628034,2025-02-05,2.0
A/Michigan/120/2024|EPI_ISL_19628034,2025-02-06,4.0
A/Michigan/120/2024|EPI_ISL_19628034,2025-02-07,7.0
A/Michigan/120/2024|EPI_ISL_19628034,2025-02-08,2.0
A/Michigan/120/2024|EPI_ISL_19628034,2025-02-10,2.0
A/Michigan/120/2024|EPI_ISL_19628034,2025-02-11,1.0
A/Michigan/120/2024|EPI_ISL_19628034,2025-02-12,4.0
A/Michigan/120/2024|EPI_ISL_19628034,2025-02-13,1.0
A/Michigan/120/2024|EPI_ISL_19628034,2025-02-14,4.0
A/Michigan/120/2024|EPI_ISL_19628034,2025-02-15,1.0
A/Michigan/120/2024|EPI_ISL_19628034,2025-02-17,1.0
A/Michigan/120/2024|EPI_ISL_19628034,2025-02-19,1.0
A/Michigan/120/2024|EPI_ISL_19628034,2025-02-22,1.0
A/Michigan/120/2024|EPI_ISL_19628034,2025-02-24,1.0
A/Michigan/120/2024|EPI_ISL_19628034,2025-02-26,1.0
A/Michigan/120/2024|EPI_ISL_19628034,2025-02-28,1.0
A/Michigan/120/2024|EPI_ISL_19628034,2025-03-01,1.0
A/Michigan/120/2024|EPI_ISL_19628034,2025-03-04,1.0
A/Michigan/120/2024|EPI_ISL_19628034,2025-03-06,1.0
A/Michigan/120/2024|EPI_ISL_19628034,2025-03-07,1.0
A/Michigan/120/2024|EPI_ISL_19628034,2025-03-10,1.0
A/Michigan/120/2024|EPI_ISL_19628034,2025-03-13,1.0
A/Michigan/120/2024|EPI_ISL_19628034,2025-03-23,1.0
A/Michigan/120/2024|EPI_ISL_19628034,2025-03-24,1.0
A/Michigan/120/2024|EPI_ISL_19628034,2025-04-01,1.0
A/Michigan/120/2024|EPI_ISL_19628034,2025-04-06,1.0
A/Michigan/120/2024|EPI_ISL_19628034,2025-04-07,1.0
A/Michigan/UM-10062069629/2025|EPI_ISL_19754645|EPI4032322,2024-07-01,1.0
A/Michigan/UM-10062069629/2025|EPI_ISL_19754645|EPI4032322,2025-01-25,1.0
A/Michigan/UM-10062069629/2025|EPI_ISL_19754645|EPI4032322,2025-01-29,1.0
A/Michigan/UM-10062069629/2025|EPI_ISL_19754645|EPI4032322,2025-02-03,1.0
A/Michigan/UM-10062069629/2025|EPI_ISL_19754645|EPI4032322,2025-02-04,1.0
A/Michigan/UM-10062069629/2025|EPI_ISL_19754645|EPI4032322,2025-02-07,1.0
A/Michigan/UM-10062069629/2025|EPI_ISL_19754645|EPI4032322,2025-02-11,1.0
A/Michigan/UM-10062069629/2025|EPI_ISL_19754645|EPI4032322,2025-02-20,1.0
A/Michigan/UM-10062069629/2025|EPI_ISL_19754645|EPI4032322,2025-04-16,1.0
A/Michigan/UM-10062100736/2025|EPI_ISL_19754053|EPI4028619,2024-05-06,1.0
A/Michigan/UM-10062100736/2025|EPI_ISL_19754053|EPI4028619,2024-05-12,1.0
A/Michigan/UM-10062100736/2025|EPI_ISL_19754053|EPI4028619,2024-05-20,1.0
A/Michigan/UM-10062100736/2025|EPI_ISL_19754053|EPI4028619,2024-12-04,1.0
A/Michigan/UM-10062100736/2025|EPI_ISL_19754053|EPI4028619,2024-12-10,1.0
A/Michigan/UM-10062100736/2025|EPI_ISL_19754053|EPI4028619,2024-12-16,2.0
A/Michigan/UM-10062100736/2025|EPI_ISL_19754053|EPI4028619,2024-12-18,1.0
A/Michigan/UM-10062100736/2025|EPI_ISL_19754053|EPI4028619,2024-12-23,1.0
A/Michigan/UM-10062100736/2025|EPI_ISL_19754053|EPI4028619,2024-12-24,1.0
A/Michigan/UM-10062100736/2025|EPI_ISL_19754053|EPI4028619,2024-12-25,1.0
A/Michigan/UM-10062100736/2025|EPI_ISL_19754053|EPI4028619,2024-12-28,1.0
A/Michigan/UM-10062100736/2025|EPI_ISL_19754053|EPI4028619,2025-01-02,1.0
A/Michigan/UM-10062100736/2025|EPI_ISL_19754053|EPI4028619,2025-01-03,1.0
A/Michigan/UM-10062100736/2025|EPI_ISL_19754053|EPI4028619,2025-01-06,1.0
A/Michigan/UM-10062100736/2025|EPI_ISL_19754053|EPI4028619,2025-01-08,1.0
A/Michigan/UM-10062100736/2025|EPI_ISL_19754053|EPI4028619,2025-01-18,1.0
A/Michigan/UM-10062100736/2025|EPI_ISL_19754053|EPI4028619,2025-01-22,5.0
A/Michigan/UM-10062100736/2025|EPI_ISL_19754053|EPI4028619,2025-01-23,1.0
A/Michigan/UM-10062100736/2025|EPI_ISL_19754053|EPI4028619,2025-01-26,1.0
A/Michigan/UM-10062100736/2025|EPI_ISL_19754053|EPI4028619,2025-01-30,1.0
A/Michigan/UM-10062100736/2025|EPI_ISL_19754053|EPI4028619,2025-02-03,1.0
A/Michigan/UM-10062100736/2025|EPI_ISL_19754053|EPI4028619,2025-02-06,2.0
A/Michigan/UM-10062100736/2025|EPI_ISL_19754053|EPI4028619,2025-02-10,3.0
A/Michigan/UM-10062100736/2025|EPI_ISL_19754053|EPI4028619,2025-02-17,1.0
A/Michigan/UM-10062100736/2025|EPI_ISL_19754053|EPI4028619,2025-02-24,1.0
A/Michigan/UM-10062100736/2025|EPI_ISL_19754053|EPI4028619,2025-03-14,1.0
A/Michigan/UM-10062100736/2025|EPI_ISL_19754053|EPI4028619,2025-03-17,1.0
A/Minnesota/126/2024|EPI_ISL_19586912,2024-04-24,1.0
A/Minnesota/126/2024|EPI_ISL_19586912,2024-06-25,0.5
A/Minnesota/126/2024|EPI_ISL_19586912,2024-07-01,0.5
A/Minnesota/126/2024|EPI_ISL_19586912,2024-09-21,1.0
A/Minnesota/126/2024|EPI_ISL_19586912,2024-10-04,1.0
A/Minnesota/126/2024|EPI_ISL_19586912,2024-10-06,1.0
A/Minnesota/126/2024|EPI_ISL_19586912,2024-10-14,1.5
A/Minnesota/126/2024|EPI_ISL_19586912,2024-10-21,1.5
A/Minnesota/126/2024|EPI_ISL_19586912,2024-10-22,1.0
A/Minnesota/126/2024|EPI_ISL_19586912,2024-11-12,1.0
A/Minnesota/126/2024|EPI_ISL_19586912,2024-11-18,1.0
A/Minnesota/126/2024|EPI_ISL_19586912,2024-11-24,0.5
A/Minnesota/126/2024|EPI_ISL_19586912,2024-11-25,1.0
A/Minnesota/126/2024|EPI_ISL_19586912,2024-12-01,1.0
A/Minnesota/126/2024|EPI_ISL_19586912,2024-12-03,1.0
A/Minnesota/133/2024|EPI_ISL_19628109,2024-04-18,1.0
A/Minnesota/133/2024|EPI_ISL_19628109,2024-04-20,1.0
A/Minnesota/133/2024|EPI_ISL_19628109,2024-04-23,1.0
A/Minnesota/133/2024|EPI_ISL_19628109,2024-04-24,1.0
A/Minnesota/133/2024|EPI_ISL_19628109,2024-04-25,1.0
A/Minnesota/133/2024|EPI_ISL_19628109,2024-04-28,2.0
A/Minnesota/133/2024|EPI_ISL_19628109,2024-04-30,2.0
A/Minnesota/133/2024|EPI_ISL_19628109,2024-05-01,1.0
A/Minnesota/133/2024|EPI_ISL_19628109,2024-05-03,2.0
A/Minnesota/133/2024|EPI_ISL_19628109,2024-05-07,1.0
A/Minnesota/133/2024|EPI_ISL_19628109,2024-05-10,1.0
A/Minnesota/133/2024|EPI_ISL_19628109,2024-05-11,2.0
A/Minnesota/133/2024|EPI_ISL_19628109,2024-05-13,1.0
A/Minnesota/133/2024|EPI_ISL_19628109,2024-05-14,1.0
A/Minnesota/133/2024|EPI_ISL_19628109,2024-05-15,2.5
A/Minnesota/133/2024|EPI_ISL_19628109,2024-05-16,1.0
A/Minnesota/133/2024|EPI_ISL_19628109,2024-05-20,3.0
A/Minnesota/133/2024|EPI_ISL_19628109,2024-05-21,5.0
A/Minnesota/133/2024|EPI_ISL_19628109,2024-05-23,7.0
A/Minnesota/133/2024|EPI_ISL_19628109,2024-05-24,7.0
A/Minnesota/133/2024|EPI_ISL_19628109,2024-05-28,2.0
A/Minnesota/133/2024|EPI_ISL_19628109,2024-05-30,1.0
A/Minnesota/133/2024|EPI_ISL_19628109,2024-05-31,2.0
A/Minnesota/133/2024|EPI_ISL_19628109,2024-06-03,1.0
A/Minnesota/133/2024|EPI_ISL_19628109,2024-06-04,1.0
A/Minnesota/133/2024|EPI_ISL_19628109,2024-06-06,1.0
A/Minnesota/133/2024|EPI_ISL_19628109,2024-06-07,1.0
A/Minnesota/133/2024|EPI_ISL_19628109,2024-06-12,2.0
A/Minnesota/133/2024|EPI_ISL_19628109,2024-06-13,1.0
A/Minnesota/133/2024|EPI_ISL_19628109,2024-06-17,2.0
A/Minnesota/133/2024|EPI_ISL_19628109,2024-06-18,1.0
A/Minnesota/133/2024|EPI_ISL_19628109,2024-06-19,1.0
A/Minnesota/133/2024|EPI_ISL_19628109,2024-06-20,3.0
A/Minnesota/133/2024|EPI_ISL_19628109,2024-06-21,2.0
A/Minnesota/133/2024|EPI_ISL_19628109,2024-06-22,2.0
A/Minnesota/133/2024|EPI_ISL_19628109,2024-06-24,3.0
A/Minnesota/133/2024|EPI_ISL_19628109,2024-06-25,2.0
A/Minnesota/133/2024|EPI_ISL_19628109,2024-06-26,2.0
A/Minnesota/133/2024|EPI_ISL_19628109,2024-06-27,1.0
A/Minnesota/133/2024|EPI_ISL_19628109,2024-06-28,2.0
A/Minnesota/133/2024|EPI_ISL_19628109,2024-06-29,2.0
A/Minnesota/133/2024|EPI_ISL_19628109,2024-07-01,2.0
A/Minnesota/133/2024|EPI_ISL_19628109,2024-07-02,8.0
A/Minnesota/133/2024|EPI_ISL_19628109,2024-07-03,1.0
A/Minnesota/133/2024|EPI_ISL_19628109,2024-07-04,3.0
A/Minnesota/133/2024|EPI_ISL_19628109,2024-07-05,1.0
A/Minnesota/133/2024|EPI_ISL_19628109,2024-07-06,2.0
A/Minnesota/133/2024|EPI_ISL_19628109,2024-07-08,4.0
A/Minnesota/133/2024|EPI_ISL_19628109,2024-07-09,8.0
A/Minnesota/133/2024|EPI_ISL_19628109,2024-07-10,4.0
A/Minnesota/133/2024|EPI_ISL_19628109,2024-07-11,3.0
A/Minnesota/133/2024|EPI_ISL_19628109,2024-07-13,1.0
A/Minnesota/133/2024|EPI_ISL_19628109,2024-07-14,1.0
A/Minnesota/133/2024|EPI_ISL_19628109,2024-07-15,1.0
A/Minnesota/133/2024|EPI_ISL_19628109,2024-07-16,3.0
A/Minnesota/133/2024|EPI_ISL_19628109,2024-07-17,2.0
A/Minnesota/133/2024|EPI_ISL_19628109,2024-07-18,4.0
A/Minnesota/133/2024|EPI_ISL_19628109,2024-07-19,1.0
A/Minnesota/133/2024|EPI_ISL_19628109,2024-07-22,2.0
A/Minnesota/133/2024|EPI_ISL_19628109,2024-07-24,2.0
A/Minnesota/133/2024|EPI_ISL_19628109,2024-07-25,3.0
A/Minnesota/133/2024|EPI_ISL_19628109,2024-07-26,2.0
A/Minnesota/133/2024|EPI_ISL_19628109,2024-07-27,2.0
A/Minnesota/133/2024|EPI_ISL_19628109,2024-07-28,2.0
A/Minnesota/133/2024|EPI_ISL_19628109,2024-07-30,4.0
A/Minnesota/133/2024|EPI_ISL_19628109,2024-07-31,1.0
A/Minnesota/133/2024|EPI_ISL_19628109,2024-08-01,3.0
A/Minnesota/133/2024|EPI_ISL_19628109,2024-08-02,2.0
A/Minnesota/133/2024|EPI_ISL_19628109,2024-08-03,2.0
A/Minnesota/133/2024|EPI_ISL_19628109,2024-08-05,4.0
A/Minnesota/133/2024|EPI_ISL_19628109,2024-08-06,4.0
A/Minnesota/133/2024|EPI_ISL_19628109,2024-08-07,2.0
A/Minnesota/133/2024|EPI_ISL_19628109,2024-08-08,1.0
A/Minnesota/133/2024|EPI_ISL_19628109,2024-08-09,4.0
A/Minnesota/133/2024|EPI_ISL_19628109,2024-08-11,1.0
A/Minnesota/133/2024|EPI_ISL_19628109,2024-08-12,2.0
A/Minnesota/133/2024|EPI_ISL_19628109,2024-08-14,4.0
A/Minnesota/133/2024|EPI_ISL_19628109,2024-08-15,2.0
A/Minnesota/133/2024|EPI_ISL_19628109,2024-08-17,1.0
A/Minnesota/133/2024|EPI_ISL_19628109,2024-08-18,2.0
A/Minnesota/133/2024|EPI_ISL_19628109,2024-08-19,1.0
A/Minnesota/133/2024|EPI_ISL_19628109,2024-08-20,3.0
A/Minnesota/133/2024|EPI_ISL_19628109,2024-08-21,1.0
A/Minnesota/133/2024|EPI_ISL_19628109,2024-08-22,2.0
A/Minnesota/133/2024|EPI_ISL_19628109,2024-08-23,3.0
A/Minnesota/133/2024|EPI_ISL_19628109,2024-08-24,1.0
A/Minnesota/133/2024|EPI_ISL_19628109,2024-08-25,1.0
A/Minnesota/133/2024|EPI_ISL_19628109,2024-08-26,5.0
A/Minnesota/133/2024|EPI_ISL_19628109,2024-08-28,3.0
A/Minnesota/133/2024|EPI_ISL_19628109,2024-08-29,3.0
A/Minnesota/133/2024|EPI_ISL_19628109,2024-08-31,2.0
A/Minnesota/133/2024|EPI_ISL_19628109,2024-09-02,3.0
A/Minnesota/133/2024|EPI_ISL_19628109,2024-09-03,5.0
A/Minnesota/133/2024|EPI_ISL_19628109,2024-09-04,8.0
A/Minnesota/133/2024|EPI_ISL_19628109,2024-09-05,3.0
A/Minnesota/133/2024|EPI_ISL_19628109,2024-09-06,3.0
A/Minnesota/133/2024|EPI_ISL_19628109,2024-09-07,2.0
A/Minnesota/133/2024|EPI_ISL_19628109,2024-09-08,1.0
A/Minnesota/133/2024|EPI_ISL_19628109,2024-09-09,4.0
A/Minnesota/133/2024|EPI_ISL_19628109,2024-09-10,2.0
A/Minnesota/133/2024|EPI_ISL_19628109,2024-09-11,2.0
A/Minnesota/133/2024|EPI_ISL_19628109,2024-09-13,1.0
A/Minnesota/133/2024|EPI_ISL_19628109,2024-09-15,1.0
A/Minnesota/133/2024|EPI_ISL_19628109,2024-09-17,3.0
A/Minnesota/133/2024|EPI_ISL_19628109,2024-09-18,1.0
A/Minnesota/133/2024|EPI_ISL_19628109,2024-09-19,3.0
A/Minnesota/133/2024|EPI_ISL_19628109,2024-09-21,2.0
A/Minnesota/133/2024|EPI_ISL_19628109,2024-09-22,3.0
A/Minnesota/133/2024|EPI_ISL_19628109,2024-09-23,1.0
A/Minnesota/133/2024|EPI_ISL_19628109,2024-09-24,1.0
A/Minnesota/133/2024|EPI_ISL_19628109,2024-09-25,1.0
A/Minnesota/133/2024|EPI_ISL_19628109,2024-09-26,1.0
A/Minnesota/133/2024|EPI_ISL_19628109,2024-10-01,1.0
A/Minnesota/133/2024|EPI_ISL_19628109,2024-10-02,1.0
A/Minnesota/133/2024|EPI_ISL_19628109,2024-10-03,1.0
A/Minnesota/133/2024|EPI_ISL_19628109,2024-10-04,2.0
A/Minnesota/133/2024|EPI_ISL_19628109,2024-10-06,1.0
A/Minnesota/133/2024|EPI_ISL_19628109,2024-10-07,2.0
A/Minnesota/133/2024|EPI_ISL_19628109,2024-10-08,2.0
A/Minnesota/133/2024|EPI_ISL_19628109,2024-10-09,3.0
A/Minnesota/133/2024|EPI_ISL_19628109,2024-10-10,1.0
A/Minnesota/133/2024|EPI_ISL_19628109,2024-10-13,1.0
A/Minnesota/133/2024|EPI_ISL_19628109,2024-10-14,1.0
A/Minnesota/133/2024|EPI_ISL_19628109,2024-10-15,2.0
A/Minnesota/133/2024|EPI_ISL_19628109,2024-10-17,1.0
A/Minnesota/133/2024|EPI_ISL_19628109,2024-10-18,1.0
A/Minnesota/133/2024|EPI_ISL_19628109,2024-10-19,1.0
A/Minnesota/133/2024|EPI_ISL_19628109,2024-10-21,1.0
A/Minnesota/133/2024|EPI_ISL_19628109,2024-10-22,1.0
A/Minnesota/133/2024|EPI_ISL_19628109,2024-10-23,2.0
A/Minnesota/133/2024|EPI_ISL_19628109,2024-10-24,2.0
A/Minnesota/133/2024|EPI_ISL_19628109,2024-10-25,1.0
A/Minnesota/133/2024|EPI_ISL_19628109,2024-10-26,4.0
A/Minnesota/133/2024|EPI_ISL_19628109,2024-10-28,1.0
A/Minnesota/133/2024|EPI_ISL_19628109,2024-10-29,3.0
A/Minnesota/133/2024|EPI_ISL_19628109,2024-10-30,1.0
A/Minnesota/133/2024|EPI_ISL_19628109,2024-11-01,1.0
A/Minnesota/133/2024|EPI_ISL_19628109,2024-11-02,1.0
A/Minnesota/133/2024|EPI_ISL_19628109,2024-11-04,2.0
A/Minnesota/133/2024|EPI_ISL_19628109,2024-11-05,1.0
A/Minnesota/133/2024|EPI_ISL_19628109,2024-11-06,2.0
A/Minnesota/133/2024|EPI_ISL_19628109,2024-11-08,3.0
A/Minnesota/133/2024|EPI_ISL_19628109,2024-11-09,1.0
A/Minnesota/133/2024|EPI_ISL_19628109,2024-11-11,5.0
A/Minnesota/133/2024|EPI_ISL_19628109,2024-11-12,2.0
A/Minnesota/133/2024|EPI_ISL_19628109,2024-11-13,1.0
A/Minnesota/133/2024|EPI_ISL_19628109,2024-11-14,1.0
A/Minnesota/133/2024|EPI_ISL_19628109,2024-11-19,1.0
A/Minnesota/133/2024|EPI_ISL_19628109,2024-11-20,1.0
A/Minnesota/133/2024|EPI_ISL_19628109,2024-11-21,2.0
A/Minnesota/133/2024|EPI_ISL_19628109,2024-11-22,1.0
A/Minnesota/133/2024|EPI_ISL_19628109,2024-11-23,3.0
A/Minnesota/133/2024|EPI_ISL_19628109,2024-11-24,1.0
A/Minnesota/133/2024|EPI_ISL_19628109,2024-11-25,4.0
A/Minnesota/133/2024|EPI_ISL_19628109,2024-11-26,3.0
A/Minnesota/133/2024|EPI_ISL_19628109,2024-11-27,1.0
A/Minnesota/133/2024|EPI_ISL_19628109,2024-11-28,4.0
A/Minnesota/133/2024|EPI_ISL_19628109,2024-11-29,3.0
A/Minnesota/133/2024|EPI_ISL_19628109,2024-12-01,2.0
A/Minnesota/133/2024|EPI_ISL_19628109,2024-12-02,10.0
A/Minnesota/133/2024|EPI_ISL_19628109,2024-12-03,3.0
A/Minnesota/133/2024|EPI_ISL_19628109,2024-12-04,2.0
A/Minnesota/133/2024|EPI_ISL_19628109,2024-12-05,5.0
A/Minnesota/133/2024|EPI_ISL_19628109,2024-12-06,2.0
A/Minnesota/133/2024|EPI_ISL_19628109,2024-12-07,1.0
A/Minnesota/133/2024|EPI_ISL_19628109,2024-12-09,2.0
A/Minnesota/133/2024|EPI_ISL_19628109,2024-12-10,6.0
A/Minnesota/133/2024|EPI_ISL_19628109,2024-12-11,3.0
A/Minnesota/133/2024|EPI_ISL_19628109,2024-12-13,3.0
A/Minnesota/133/2024|EPI_ISL_19628109,2024-12-14,3.0
A/Minnesota/133/2024|EPI_ISL_19628109,2024-12-16,10.0
A/Minnesota/133/2024|EPI_ISL_19628109,2024-12-17,2.0
A/Minnesota/133/2024|EPI_ISL_19628109,2024-12-18,2.0
A/Minnesota/133/2024|EPI_ISL_19628109,2024-12-19,4.0
A/Minnesota/133/2024|EPI_ISL_19628109,2024-12-20,1.0
A/Minnesota/133/2024|EPI_ISL_19628109,2024-12-21,1.0
A/Minnesota/133/2024|EPI_ISL_19628109,2024-12-22,1.0
A/Minnesota/133/2024|EPI_ISL_19628109,2024-12-23,2.0
A/Minnesota/133/2024|EPI_ISL_19628109,2024-12-24,2.0
A/Minnesota/133/2024|EPI_ISL_19628109,2024-12-25,2.0
A/Minnesota/133/2024|EPI_ISL_19628109,2024-12-26,1.0
A/Minnesota/133/2024|EPI_ISL_19628109,2024-12-27,2.0
A/Minnesota/133/2024|EPI_ISL_19628109,2024-12-28,3.0
A/Minnesota/133/2024|EPI_ISL_19628109,2024-12-29,2.0
A/Minnesota/133/2024|EPI_ISL_19628109,2024-12-30,6.0
A/Minnesota/133/2024|EPI_ISL_19628109,2024-12-31,2.0
A/Minnesota/133/2024|EPI_ISL_19628109,2025-01-01,5.0
A/Minnesota/133/2024|EPI_ISL_19628109,2025-01-02,11.0
A/Minnesota/133/2024|EPI_ISL_19628109,2025-01-03,2.0
A/Minnesota/133/2024|EPI_ISL_19628109,2025-01-04,1.0
A/Minnesota/133/2024|EPI_ISL_19628109,2025-01-06,4.0
A/Minnesota/133/2024|EPI_ISL_19628109,2025-01-07,4.0
A/Minnesota/133/2024|EPI_ISL_19628109,2025-01-08,4.0
A/Minnesota/133/2024|EPI_ISL_19628109,2025-01-09,3.0
A/Minnesota/133/2024|EPI_ISL_19628109,2025-01-10,8.0
A/Minnesota/133/2024|EPI_ISL_19628109,2025-01-11,2.0
A/Minnesota/133/2024|EPI_ISL_19628109,2025-01-12,1.0
A/Minnesota/133/2024|EPI_ISL_19628109,2025-01-13,4.0
A/Minnesota/133/2024|EPI_ISL_19628109,2025-01-14,5.0
A/Minnesota/133/2024|EPI_ISL_19628109,2025-01-15,4.0
A/Minnesota/133/2024|EPI_ISL_19628109,2025-01-16,3.0
A/Minnesota/133/2024|EPI_ISL_19628109,2025-01-17,2.0
A/Minnesota/133/2024|EPI_ISL_19628109,2025-01-19,3.0
A/Minnesota/133/2024|EPI_ISL_19628109,2025-01-20,3.0
A/Minnesota/133/2024|EPI_ISL_19628109,2025-01-21,6.0
A/Minnesota/133/2024|EPI_ISL_19628109,2025-01-22,10.0
A/Minnesota/133/2024|EPI_ISL_19628109,2025-01-23,7.0
A/Minnesota/133/2024|EPI_ISL_19628109,2025-01-24,3.0
A/Minnesota/133/2024|EPI_ISL_19628109,2025-01-25,1.0
A/Minnesota/133/2024|EPI_ISL_19628109,2025-01-26,2.0
A/Minnesota/133/2024|EPI_ISL_19628109,2025-01-27,3.0
A/Minnesota/133/2024|EPI_ISL_19628109,2025-01-28,3.0
A/Minnesota/133/2024|EPI_ISL_19628109,2025-01-29,7.0
A/Minnesota/133/2024|EPI_ISL_19628109,2025-01-30,9.0
A/Minnesota/133/2024|EPI_ISL_19628109,2025-01-31,3.0
A/Minnesota/133/2024|EPI_ISL_19628109,2025-02-01,6.0
A/Minnesota/133/2024|EPI_ISL_19628109,2025-02-02,3.0
A/Minnesota/133/2024|EPI_ISL_19628109,2025-02-03,2.0
A/Minnesota/133/2024|EPI_ISL_19628109,2025-02-04,8.0
A/Minnesota/133/2024|EPI_ISL_19628109,2025-02-05,3.0
A/Minnesota/133/2024|EPI_ISL_19628109,2025-02-06,3.0
A/Minnesota/133/2024|EPI_ISL_19628109,2025-02-07,4.5
A/Minnesota/133/2024|EPI_ISL_19628109,2025-02-08,1.0
A/Minnesota/133/2024|EPI_ISL_19628109,2025-02-09,3.0
A/Minnesota/133/2024|EPI_ISL_19628109,2025-02-10,1.0
A/Minnesota/133/2024|EPI_ISL_19628109,2025-02-11,5.0
A/Minnesota/133/2024|EPI_ISL_19628109,2025-02-12,2.0
A/Minnesota/133/2024|EPI_ISL_19628109,2025-02-14,3.0
A/Minnesota/133/2024|EPI_ISL_19628109,2025-02-15,1.0
A/Minnesota/133/2024|EPI_ISL_19628109,2025-02-16,1.0
A/Minnesota/133/2024|EPI_ISL_19628109,2025-02-17,3.0
A/Minnesota/133/2024|EPI_ISL_19628109,2025-02-18,5.0
A/Minnesota/133/2024|EPI_ISL_19628109,2025-02-19,4.0
A/Minnesota/133/2024|EPI_ISL_19628109,2025-02-20,4.0
A/Minnesota/133/2024|EPI_ISL_19628109,2025-02-21,2.0
A/Minnesota/133/2024|EPI_ISL_19628109,2025-02-22,1.0
A/Minnesota/133/2024|EPI_ISL_19628109,2025-02-23,1.0
A/Minnesota/133/2024|EPI_ISL_19628109,2025-02-24,4.0
A/Minnesota/133/2024|EPI_ISL_19628109,2025-02-25,2.0
A/Minnesota/133/2024|EPI_ISL_19628109,2025-02-27,2.0
A/Minnesota/133/2024|EPI_ISL_19628109,2025-03-02,2.0
A/Minnesota/133/2024|EPI_ISL_19628109,2025-03-03,3.0
A/Minnesota/133/2024|EPI_ISL_19628109,2025-03-04,2.0
A/Minnesota/133/2024|EPI_ISL_19628109,2025-03-05,1.0
A/Minnesota/133/2024|EPI_ISL_19628109,2025-03-06,1.0
A/Minnesota/133/2024|EPI_ISL_19628109,2025-03-07,1.0
A/Minnesota/133/2024|EPI_ISL_19628109,2025-03-08,1.0
A/Minnesota/133/2024|EPI_ISL_19628109,2025-03-10,2.0
A/Minnesota/133/2024|EPI_ISL_19628109,2025-03-12,1.0
A/Minnesota/133/2024|EPI_ISL_19628109,2025-03-13,3.0
A/Minnesota/133/2024|EPI_ISL_19628109,2025-03-14,1.0
A/Minnesota/133/2024|EPI_ISL_19628109,2025-03-16,1.0
A/Minnesota/133/2024|EPI_ISL_19628109,2025-03-17,1.0
A/Minnesota/133/2024|EPI_ISL_19628109,2025-03-18,1.0
A/Minnesota/133/2024|EPI_ISL_19628109,2025-03-21,1.0
A/Minnesota/133/2024|EPI_ISL_19628109,2025-03-24,1.0
A/Minnesota/133/2024|EPI_ISL_19628109,2025-03-25,1.0
A/Minnesota/133/2024|EPI_ISL_19628109,2025-03-27,2.0
A/Minnesota/133/2024|EPI_ISL_19628109,2025-03-31,1.0
A/Minnesota/133/2024|EPI_ISL_19628109,2025-04-02,1.0
A/Minnesota/133/2024|EPI_ISL_19628109,2025-04-11,1.0
A/Minnesota/133/2024|EPI_ISL_19628109,2025-04-22,1.0
A/Minnesota/133/2024|EPI_ISL_19628109,2025-04-29,1.0
A/Minnesota/133/2024|EPI_ISL_19628109,2025-04-30,1.0
A/Minnesota/133/2024|EPI_ISL_19628109,2025-05-15,1.0
A/Minnesota/133/2024|EPI_ISL_19628109,2025-05-20,1.0
A/Minnesota/97/2024|EPI_ISL_19445320,2024-04-20,1.0
A/Minnesota/97/2024|EPI_ISL_19445320,2024-04-22,1.0
A/Minnesota/97/2024|EPI_ISL_19445320,2024-04-29,1.0
A/Minnesota/97/2024|EPI_ISL_19445320,2024-05-03,0.2
A/Minnesota/97/2024|EPI_ISL_19445320,2024-05-05,1.0
A/Minnesota/97/2024|EPI_ISL_19445320,2024-05-08,0.6000000000000001
A/Minnesota/97/2024|EPI_ISL_19445320,2024-05-09,0.2
A/Minnesota/97/2024|EPI_ISL_19445320,2024-05-13,1.0
A/Minnesota/97/2024|EPI_ISL_19445320,2024-05-15,0.2
A/Minnesota/97/2024|EPI_ISL_19445320,2024-05-16,1.0
A/Minnesota/97/2024|EPI_ISL_19445320,2024-05-23,1.2
A/Minnesota/97/2024|EPI_ISL_19445320,2024-05-24,1.2
A/Minnesota/97/2024|EPI_ISL_19445320,2024-05-27,1.0
A/Minnesota/97/2024|EPI_ISL_19445320,2024-05-30,1.0
A/Minnesota/97/2024|EPI_ISL_19445320,2024-05-31,1.0
A/Minnesota/97/2024|EPI_ISL_19445320,2024-06-01,1.0
A/Minnesota/97/2024|EPI_ISL_19445320,2024-06-02,0.4
A/Minnesota/97/2024|EPI_ISL_19445320,2024-06-03,1.2
A/Minnesota/97/2024|EPI_ISL_19445320,2024-06-04,0.4
A/Minnesota/97/2024|EPI_ISL_19445320,2024-06-06,2.2
A/Minnesota/97/2024|EPI_ISL_19445320,2024-06-08,0.2
A/Minnesota/97/2024|EPI_ISL_19445320,2024-06-09,0.6000000000000001
A/Minnesota/97/2024|EPI_ISL_19445320,2024-06-10,0.6000000000000001
A/Minnesota/97/2024|EPI_ISL_19445320,2024-06-11,2.4
A/Minnesota/97/2024|EPI_ISL_19445320,2024-06-12,1.0
A/Minnesota/97/2024|EPI_ISL_19445320,2024-06-13,1.0
A/Minnesota/97/2024|EPI_ISL_19445320,2024-06-15,1.0
A/Minnesota/97/2024|EPI_ISL_19445320,2024-06-16,1.0
A/Minnesota/97/2024|EPI_ISL_19445320,2024-06-17,1.0
A/Minnesota/97/2024|EPI_ISL_19445320,2024-06-18,1.4
A/Minnesota/97/2024|EPI_ISL_19445320,2024-06-19,1.0
A/Minnesota/97/2024|EPI_ISL_19445320,2024-06-21,0.2
A/Minnesota/97/2024|EPI_ISL_19445320,2024-06-23,1.2
A/Minnesota/97/2024|EPI_ISL_19445320,2024-06-24,2.8
A/Minnesota/97/2024|EPI_ISL_19445320,2024-06-25,3.2
A/Minnesota/97/2024|EPI_ISL_19445320,2024-06-29,2.0
A/Minnesota/97/2024|EPI_ISL_19445320,2024-06-30,2.2
A/Minnesota/97/2024|EPI_ISL_19445320,2024-07-01,3.0
A/Minnesota/97/2024|EPI_ISL_19445320,2024-07-02,2.6
A/Minnesota/97/2024|EPI_ISL_19445320,2024-07-03,2.0
A/Minnesota/97/2024|EPI_ISL_19445320,2024-07-06,1.4
A/Minnesota/97/2024|EPI_ISL_19445320,2024-07-08,1.4
A/Minnesota/97/2024|EPI_ISL_19445320,2024-07-09,0.4
A/Minnesota/97/2024|EPI_ISL_19445320,2024-07-10,0.8
A/Minnesota/97/2024|EPI_ISL_19445320,2024-07-11,1.2
A/Minnesota/97/2024|EPI_ISL_19445320,2024-07-12,1.0
A/Minnesota/97/2024|EPI_ISL_19445320,2024-07-13,2.0
A/Minnesota/97/2024|EPI_ISL_19445320,2024-07-14,1.4
A/Minnesota/97/2024|EPI_ISL_19445320,2024-07-15,0.2
A/Minnesota/97/2024|EPI_ISL_19445320,2024-07-16,2.6
A/Minnesota/97/2024|EPI_ISL_19445320,2024-07-17,1.4
A/Minnesota/97/2024|EPI_ISL_19445320,2024-07-18,2.6
A/Minnesota/97/2024|EPI_ISL_19445320,2024-07-19,2.4
A/Minnesota/97/2024|EPI_ISL_19445320,2024-07-20,2.2
A/Minnesota/97/2024|EPI_ISL_19445320,2024-07-21,0.4
A/Minnesota/97/2024|EPI_ISL_19445320,2024-07-22,0.4
A/Minnesota/97/2024|EPI_ISL_19445320,2024-07-23,0.2
A/Minnesota/97/2024|EPI_ISL_19445320,2024-07-24,1.6
A/Minnesota/97/2024|EPI_ISL_19445320,2024-07-25,3.0
A/Minnesota/97/2024|EPI_ISL_19445320,2024-07-26,0.2
A/Minnesota/97/2024|EPI_ISL_19445320,2024-07-27,0.2
A/Minnesota/97/2024|EPI_ISL_19445320,2024-07-29,1.2
A/Minnesota/97/2024|EPI_ISL_19445320,2024-07-30,1.4
A/Minnesota/97/2024|EPI_ISL_19445320,2024-07-31,1.2
A/Minnesota/97/2024|EPI_ISL_19445320,2024-08-01,0.4
A/Minnesota/97/2024|EPI_ISL_19445320,2024-08-02,0.9
A/Minnesota/97/2024|EPI_ISL_19445320,2024-08-03,3.0
A/Minnesota/97/2024|EPI_ISL_19445320,2024-08-04,1.4
A/Minnesota/97/2024|EPI_ISL_19445320,2024-08-05,4.2
A/Minnesota/97/2024|EPI_ISL_19445320,2024-08-06,2.2
A/Minnesota/97/2024|EPI_ISL_19445320,2024-08-07,1.8
A/Minnesota/97/2024|EPI_ISL_19445320,2024-08-08,1.4
A/Minnesota/97/2024|EPI_ISL_19445320,2024-08-09,4.0
A/Minnesota/97/2024|EPI_ISL_19445320,2024-08-10,1.0
A/Minnesota/97/2024|EPI_ISL_19445320,2024-08-11,1.2
A/Minnesota/97/2024|EPI_ISL_19445320,2024-08-12,1.4
A/Minnesota/97/2024|EPI_ISL_19445320,2024-08-13,2.0
A/Minnesota/97/2024|EPI_ISL_19445320,2024-08-14,2.0
A/Minnesota/97/2024|EPI_ISL_19445320,2024-08-15,1.2
A/Minnesota/97/2024|EPI_ISL_19445320,2024-08-16,2.0
A/Minnesota/97/2024|EPI_ISL_19445320,2024-08-18,0.2
A/Minnesota/97/2024|EPI_ISL_19445320,2024-08-19,2.0
A/Minnesota/97/2024|EPI_ISL_19445320,2024-08-20,1.2
A/Minnesota/97/2024|EPI_ISL_19445320,2024-08-21,0.2
A/Minnesota/97/2024|EPI_ISL_19445320,2024-08-22,2.0
A/Minnesota/97/2024|EPI_ISL_19445320,2024-08-25,1.0
A/Minnesota/97/2024|EPI_ISL_19445320,2024-08-26,1.4
A/Minnesota/97/2024|EPI_ISL_19445320,2024-08-27,1.0
A/Minnesota/97/2024|EPI_ISL_19445320,2024-08-28,3.0
A/Minnesota/97/2024|EPI_ISL_19445320,2024-08-29,1.0
A/Minnesota/97/2024|EPI_ISL_19445320,2024-08-30,1.0
A/Minnesota/97/2024|EPI_ISL_19445320,2024-08-31,2.0
A/Minnesota/97/2024|EPI_ISL_19445320,2024-09-01,1.2
A/Minnesota/97/2024|EPI_ISL_19445320,2024-09-02,3.0
A/Minnesota/97/2024|EPI_ISL_19445320,2024-09-03,1.2
A/Minnesota/97/2024|EPI_ISL_19445320,2024-09-04,2.0
A/Minnesota/97/2024|EPI_ISL_19445320,2024-09-05,1.5
A/Minnesota/97/2024|EPI_ISL_19445320,2024-09-06,2.0
A/Minnesota/97/2024|EPI_ISL_19445320,2024-09-07,1.0
A/Minnesota/97/2024|EPI_ISL_19445320,2024-09-08,2.2
A/Minnesota/97/2024|EPI_ISL_19445320,2024-09-09,3.2
A/Minnesota/97/2024|EPI_ISL_19445320,2024-09-10,2.2
A/Minnesota/97/2024|EPI_ISL_19445320,2024-09-11,3.0
A/Minnesota/97/2024|EPI_ISL_19445320,2024-09-13,1.0
A/Minnesota/97/2024|EPI_ISL_19445320,2024-09-14,1.2
A/Minnesota/97/2024|EPI_ISL_19445320,2024-09-15,3.0
A/Minnesota/97/2024|EPI_ISL_19445320,2024-09-16,3.0
A/Minnesota/97/2024|EPI_ISL_19445320,2024-09-17,5.0
A/Minnesota/97/2024|EPI_ISL_19445320,2024-09-19,1.0
A/Minnesota/97/2024|EPI_ISL_19445320,2024-09-20,2.4
A/Minnesota/97/2024|EPI_ISL_19445320,2024-09-23,1.0
A/Minnesota/97/2024|EPI_ISL_19445320,2024-09-24,1.0
A/Minnesota/97/2024|EPI_ISL_19445320,2024-09-25,1.0
A/Minnesota/97/2024|EPI_ISL_19445320,2024-09-26,2.0
A/Minnesota/97/2024|EPI_ISL_19445320,2024-09-27,2.0
A/Minnesota/97/2024|EPI_ISL_19445320,2024-09-29,1.0
A/Minnesota/97/2024|EPI_ISL_19445320,2024-10-01,1.0
A/Minnesota/97/2024|EPI_ISL_19445320,2024-10-02,1.2
A/Minnesota/97/2024|EPI_ISL_19445320,2024-10-03,4.0
A/Minnesota/97/2024|EPI_ISL_19445320,2024-10-04,1.0
A/Minnesota/97/2024|EPI_ISL_19445320,2024-10-05,0.5
A/Minnesota/97/2024|EPI_ISL_19445320,2024-10-06,1.0
A/Minnesota/97/2024|EPI_ISL_19445320,2024-10-08,1.0
A/Minnesota/97/2024|EPI_ISL_19445320,2024-10-09,1.0
A/Minnesota/97/2024|EPI_ISL_19445320,2024-10-10,1.0
A/Minnesota/97/2024|EPI_ISL_19445320,2024-10-11,1.2
A/Minnesota/97/2024|EPI_ISL_19445320,2024-10-12,0.5
A/Minnesota/97/2024|EPI_ISL_19445320,2024-10-13,2.0
A/Minnesota/97/2024|EPI_ISL_19445320,2024-10-14,5.0
A/Minnesota/97/2024|EPI_ISL_19445320,2024-10-15,2.0
A/Minnesota/97/2024|EPI_ISL_19445320,2024-10-16,1.0
A/Minnesota/97/2024|EPI_ISL_19445320,2024-10-18,1.0
A/Minnesota/97/2024|EPI_ISL_19445320,2024-10-22,4.0
A/Minnesota/97/2024|EPI_ISL_19445320,2024-10-23,2.0
A/Minnesota/97/2024|EPI_ISL_19445320,2024-10-24,2.0
A/Minnesota/97/2024|EPI_ISL_19445320,2024-10-25,1.0
A/Minnesota/97/2024|EPI_ISL_19445320,2024-10-27,1.0
A/Minnesota/97/2024|EPI_ISL_19445320,2024-10-28,3.0
A/Minnesota/97/2024|EPI_ISL_19445320,2024-10-29,0.2
A/Minnesota/97/2024|EPI_ISL_19445320,2024-10-30,1.5
A/Minnesota/97/2024|EPI_ISL_19445320,2024-11-01,1.0
A/Minnesota/97/2024|EPI_ISL_19445320,2024-11-05,2.0
A/Minnesota/97/2024|EPI_ISL_19445320,2024-11-07,0.4
A/Minnesota/97/2024|EPI_ISL_19445320,2024-11-08,2.2
A/Minnesota/97/2024|EPI_ISL_19445320,2024-11-09,1.0
A/Minnesota/97/2024|EPI_ISL_19445320,2024-11-11,2.2
A/Minnesota/97/2024|EPI_ISL_19445320,2024-11-12,1.2
A/Minnesota/97/2024|EPI_ISL_19445320,2024-11-13,3.0
A/Minnesota/97/2024|EPI_ISL_19445320,2024-11-14,1.0
A/Minnesota/97/2024|EPI_ISL_19445320,2024-11-15,2.2
A/Minnesota/97/2024|EPI_ISL_19445320,2024-11-16,1.5
A/Minnesota/97/2024|EPI_ISL_19445320,2024-11-17,1.2
A/Minnesota/97/2024|EPI_ISL_19445320,2024-11-18,2.0
A/Minnesota/97/2024|EPI_ISL_19445320,2024-11-19,0.2
A/Minnesota/97/2024|EPI_ISL_19445320,2024-11-20,4.0
A/Minnesota/97/2024|EPI_ISL_19445320,2024-11-22,1.0
A/Minnesota/97/2024|EPI_ISL_19445320,2024-11-23,2.0
A/Minnesota/97/2024|EPI_ISL_19445320,2024-11-25,3.0
A/Minnesota/97/2024|EPI_ISL_19445320,2024-11-26,5.2
A/Minnesota/97/2024|EPI_ISL_19445320,2024-11-27,2.0
A/Minnesota/97/2024|EPI_ISL_19445320,2024-11-28,2.0
A/Minnesota/97/2024|EPI_ISL_19445320,2024-11-29,1.2
A/Minnesota/97/2024|EPI_ISL_19445320,2024-11-30,1.0
A/Minnesota/97/2024|EPI_ISL_19445320,2024-12-01,1.0
A/Minnesota/97/2024|EPI_ISL_19445320,2024-12-02,1.0
A/Minnesota/97/2024|EPI_ISL_19445320,2024-12-05,2.0
A/Minnesota/97/2024|EPI_ISL_19445320,2024-12-08,0.2
A/Minnesota/97/2024|EPI_ISL_19445320,2024-12-09,4.0
A/Minnesota/97/2024|EPI_ISL_19445320,2024-12-10,1.0
A/Minnesota/97/2024|EPI_ISL_19445320,2024-12-11,2.0
A/Minnesota/97/2024|EPI_ISL_19445320,2024-12-12,3.0
A/Minnesota/97/2024|EPI_ISL_19445320,2024-12-13,1.0
A/Minnesota/97/2024|EPI_ISL_19445320,2024-12-15,1.0
A/Minnesota/97/2024|EPI_ISL_19445320,2024-12-16,3.0
A/Minnesota/97/2024|EPI_ISL_19445320,2024-12-17,1.0
A/Minnesota/97/2024|EPI_ISL_19445320,2024-12-18,3.0
A/Minnesota/97/2024|EPI_ISL_19445320,2024-12-19,4.0
A/Minnesota/97/2024|EPI_ISL_19445320,2024-12-20,1.0
A/Minnesota/97/2024|EPI_ISL_19445320,2024-12-22,1.0
A/Minnesota/97/2024|EPI_ISL_19445320,2024-12-25,0.2
A/Minnesota/97/2024|EPI_ISL_19445320,2024-12-26,1.0
A/Minnesota/97/2024|EPI_ISL_19445320,2024-12-27,2.0
A/Minnesota/97/2024|EPI_ISL_19445320,2024-12-29,2.0
A/Minnesota/97/2024|EPI_ISL_19445320,2024-12-30,1.0
A/Minnesota/97/2024|EPI_ISL_19445320,2025-01-01,1.0
A/Minnesota/97/2024|EPI_ISL_19445320,2025-01-02,1.0
A/Minnesota/97/2024|EPI_ISL_19445320,2025-01-03,1.0
A/Minnesota/97/2024|EPI_ISL_19445320,2025-01-05,1.0
A/Minnesota/97/2024|EPI_ISL_19445320,2025-01-06,2.0
A/Minnesota/97/2024|EPI_ISL_19445320,2025-01-07,4.0
A/Minnesota/97/2024|EPI_ISL_19445320,2025-01-09,3.0
A/Minnesota/97/2024|EPI_ISL_19445320,2025-01-10,1.0
A/Minnesota/97/2024|EPI_ISL_19445320,2025-01-11,1.0
A/Minnesota/97/2024|EPI_ISL_19445320,2025-01-12,2.0
A/Minnesota/97/2024|EPI_ISL_19445320,2025-01-13,8.0
A/Minnesota/97/2024|EPI_ISL_19445320,2025-01-14,3.2
A/Minnesota/97/2024|EPI_ISL_19445320,2025-01-15,7.0
A/Minnesota/97/2024|EPI_ISL_19445320,2025-01-16,1.0
A/Minnesota/97/2024|EPI_ISL_19445320,2025-01-17,1.0
A/Minnesota/97/2024|EPI_ISL_19445320,2025-01-18,2.0
A/Minnesota/97/2024|EPI_ISL_19445320,2025-01-20,5.0
A/Minnesota/97/2024|EPI_ISL_19445320,2025-01-21,4.0
A/Minnesota/97/2024|EPI_ISL_19445320,2025-01-22,2.0
A/Minnesota/97/2024|EPI_ISL_19445320,2025-01-23,1.0
A/Minnesota/97/2024|EPI_ISL_19445320,2025-01-24,1.0
A/Minnesota/97/2024|EPI_ISL_19445320,2025-01-26,1.0
A/Minnesota/97/2024|EPI_ISL_19445320,2025-01-27,11.0
A/Minnesota/97/2024|EPI_ISL_19445320,2025-01-28,3.0
A/Minnesota/97/2024|EPI_ISL_19445320,2025-01-29,2.0
A/Minnesota/97/2024|EPI_ISL_19445320,2025-01-30,2.0
A/Minnesota/97/2024|EPI_ISL_19445320,2025-01-31,1.0
A/Minnesota/97/2024|EPI_ISL_19445320,2025-02-02,1.0
A/Minnesota/97/2024|EPI_ISL_19445320,2025-02-03,4.0
A/Minnesota/97/2024|EPI_ISL_19445320,2025-02-04,3.0
A/Minnesota/97/2024|EPI_ISL_19445320,2025-02-05,5.0
A/Minnesota/97/2024|EPI_ISL_19445320,2025-02-06,4.0
A/Minnesota/97/2024|EPI_ISL_19445320,2025-02-07,2.0
A/Minnesota/97/2024|EPI_ISL_19445320,2025-02-08,1.0
A/Minnesota/97/2024|EPI_ISL_19445320,2025-02-09,2.0
A/Minnesota/97/2024|EPI_ISL_19445320,2025-02-10,3.5
A/Minnesota/97/2024|EPI_ISL_19445320,2025-02-11,3.5
A/Minnesota/97/2024|EPI_ISL_19445320,2025-02-12,2.0
A/Minnesota/97/2024|EPI_ISL_19445320,2025-02-13,1.2
A/Minnesota/97/2024|EPI_ISL_19445320,2025-02-14,1.0
A/Minnesota/97/2024|EPI_ISL_19445320,2025-02-15,3.0
A/Minnesota/97/2024|EPI_ISL_19445320,2025-02-16,3.5
A/Minnesota/97/2024|EPI_ISL_19445320,2025-02-17,5.0
A/Minnesota/97/2024|EPI_ISL_19445320,2025-02-18,2.0
A/Minnesota/97/2024|EPI_ISL_19445320,2025-02-19,1.0
A/Minnesota/97/2024|EPI_ISL_19445320,2025-02-20,3.2
A/Minnesota/97/2024|EPI_ISL_19445320,2025-02-21,2.0
A/Minnesota/97/2024|EPI_ISL_19445320,2025-02-22,1.0
A/Minnesota/97/2024|EPI_ISL_19445320,2025-02-24,3.4
A/Minnesota/97/2024|EPI_ISL_19445320,2025-02-25,7.0
A/Minnesota/97/2024|EPI_ISL_19445320,2025-02-26,2.0
A/Minnesota/97/2024|EPI_ISL_19445320,2025-02-27,2.0
A/Minnesota/97/2024|EPI_ISL_19445320,2025-02-28,0.5
A/Minnesota/97/2024|EPI_ISL_19445320,2025-03-01,1.0
A/Minnesota/97/2024|EPI_ISL_19445320,2025-03-03,1.0
A/Minnesota/97/2024|EPI_ISL_19445320,2025-03-04,3.2
A/Minnesota/97/2024|EPI_ISL_19445320,2025-03-05,2.0
A/Minnesota/97/2024|EPI_ISL_19445320,2025-03-06,1.0
A/Minnesota/97/2024|EPI_ISL_19445320,2025-03-07,2.0
A/Minnesota/97/2024|EPI_ISL_19445320,2025-03-10,1.0
A/Minnesota/97/2024|EPI_ISL_19445320,2025-03-11,1.0
A/Minnesota/97/2024|EPI_ISL_19445320,2025-03-12,1.0
A/Minnesota/97/2024|EPI_ISL_19445320,2025-03-13,1.0
A/Minnesota/97/2024|EPI_ISL_19445320,2025-03-14,1.0
A/Minnesota/97/2024|EPI_ISL_19445320,2025-03-15,2.0
A/Minnesota/97/2024|EPI_ISL_19445320,2025-03-19,2.0
A/Minnesota/97/2024|EPI_ISL_19445320,2025-03-21,1.0
A/Minnesota/97/2024|EPI_ISL_19445320,2025-03-23,1.0
A/Minnesota/97/2024|EPI_ISL_19445320,2025-03-24,1.0
A/Minnesota/97/2024|EPI_ISL_19445320,2025-03-25,2.0
A/Minnesota/97/2024|EPI_ISL_19445320,2025-03-26,3.0
A/Minnesota/97/2024|EPI_ISL_19445320,2025-03-27,0.5
A/Minnesota/97/2024|EPI_ISL_19445320,2025-04-01,1.0
A/Minnesota/97/2024|EPI_ISL_19445320,2025-04-03,1.0
A/Minnesota/97/2024|EPI_ISL_19445320,2025-04-07,1.0
A/Minnesota/97/2024|EPI_ISL_19445320,2025-04-08,1.0
A/Minnesota/97/2024|EPI_ISL_19445320,2025-04-14,0.5
A/Minnesota/97/2024|EPI_ISL_19445320,2025-04-15,1.5
A/Minnesota/97/2024|EPI_ISL_19445320,2025-04-17,1.0
A/Minnesota/97/2024|EPI_ISL_19445320,2025-04-18,1.0
A/Minnesota/97/2024|EPI_ISL_19445320,2025-04-30,1.0
A/Minnesota/97/2024|EPI_ISL_19445320,2025-05-06,1.0
A/Minnesota/97/2024|EPI_ISL_19445320,2025-05-13,0.5
A/Minnesota/97/2024|EPI_ISL_19445320,2025-05-22,2.0
A/Minnesota/97/2024|EPI_ISL_19445320,2025-05-26,1.0
A/Minnesota/97/2024|EPI_ISL_19445320,2025-06-05,0.5
A/Minnesota/97/2024|EPI_ISL_19445320,2025-06-07,1.0
A/Minnesota/97/2024|EPI_ISL_19445320,2025-06-22,0.5
A/Netherlands/01502/2025|EPI_ISL_19786781,2024-04-18,0.25
A/Netherlands/01502/2025|EPI_ISL_19786781,2024-04-27,0.5
A/Netherlands/01502/2025|EPI_ISL_19786781,2024-04-30,0.25
A/Netherlands/01502/2025|EPI_ISL_19786781,2024-05-04,0.25
A/Netherlands/01502/2025|EPI_ISL_19786781,2024-05-07,0.25
A/Netherlands/01502/2025|EPI_ISL_19786781,2024-05-10,0.25
A/Netherlands/01502/2025|EPI_ISL_19786781,2024-05-12,0.25
A/Netherlands/01502/2025|EPI_ISL_19786781,2024-05-20,0.25
A/Netherlands/01502/2025|EPI_ISL_19786781,2024-05-21,0.25
A/Netherlands/01502/2025|EPI_ISL_19786781,2024-05-24,0.5
A/Netherlands/01502/2025|EPI_ISL_19786781,2024-05-25,0.25
A/Netherlands/01502/2025|EPI_ISL_19786781,2024-05-29,0.5
A/Netherlands/01502/2025|EPI_ISL_19786781,2024-05-30,0.5
A/Netherlands/01502/2025|EPI_ISL_19786781,2024-06-04,0.5
A/Netherlands/01502/2025|EPI_ISL_19786781,2024-06-10,0.5
A/Netherlands/01502/2025|EPI_ISL_19786781,2024-06-11,0.25
A/Netherlands/01502/2025|EPI_ISL_19786781,2024-06-14,0.25
A/Netherlands/01502/2025|EPI_ISL_19786781,2024-06-15,0.25
A/Netherlands/01502/2025|EPI_ISL_19786781,2024-06-17,0.5
A/Netherlands/01502/2025|EPI_ISL_19786781,2024-06-21,0.25
A/Netherlands/01502/2025|EPI_ISL_19786781,2024-06-22,0.5
A/Netherlands/01502/2025|EPI_ISL_19786781,2024-06-24,1.5
A/Netherlands/01502/2025|EPI_ISL_19786781,2024-06-25,0.25
A/Netherlands/01502/2025|EPI_ISL_19786781,2024-06-26,0.25
A/Netherlands/01502/2025|EPI_ISL_19786781,2024-06-27,0.5
A/Netherlands/01502/2025|EPI_ISL_19786781,2024-06-28,0.5
A/Netherlands/01502/2025|EPI_ISL_19786781,2024-07-01,0.5
A/Netherlands/01502/2025|EPI_ISL_19786781,2024-07-02,0.75
A/Netherlands/01502/2025|EPI_ISL_19786781,2024-07-03,0.25
A/Netherlands/01502/2025|EPI_ISL_19786781,2024-07-04,0.5
A/Netherlands/01502/2025|EPI_ISL_19786781,2024-07-05,1.25
A/Netherlands/01502/2025|EPI_ISL_19786781,2024-07-06,0.25
A/Netherlands/01502/2025|EPI_ISL_19786781,2024-07-09,0.5
A/Netherlands/01502/2025|EPI_ISL_19786781,2024-07-10,0.25
A/Netherlands/01502/2025|EPI_ISL_19786781,2024-07-11,0.25
A/Netherlands/01502/2025|EPI_ISL_19786781,2024-07-12,0.25
A/Netherlands/01502/2025|EPI_ISL_19786781,2024-07-16,0.25
A/Netherlands/01502/2025|EPI_ISL_19786781,2024-07-17,0.25
A/Netherlands/01502/2025|EPI_ISL_19786781,2024-07-19,0.5
A/Netherlands/01502/2025|EPI_ISL_19786781,2024-07-23,0.25
A/Netherlands/01502/2025|EPI_ISL_19786781,2024-07-27,0.25
A/Netherlands/01502/2025|EPI_ISL_19786781,2024-07-29,0.25
A/Netherlands/01502/2025|EPI_ISL_19786781,2024-08-01,0.25
A/Netherlands/01502/2025|EPI_ISL_19786781,2024-08-05,0.25
A/Netherlands/01502/2025|EPI_ISL_19786781,2024-08-07,0.25
A/Netherlands/01502/2025|EPI_ISL_19786781,2024-08-10,0.25
A/Netherlands/01502/2025|EPI_ISL_19786781,2024-08-11,0.25
A/Netherlands/01502/2025|EPI_ISL_19786781,2024-08-19,0.25
A/Netherlands/01502/2025|EPI_ISL_19786781,2024-08-23,0.25
A/Netherlands/01502/2025|EPI_ISL_19786781,2024-08-31,0.25
A/Netherlands/01502/2025|EPI_ISL_19786781,2024-09-02,0.25
A/Netherlands/01502/2025|EPI_ISL_19786781,2024-09-04,0.25
A/Netherlands/01502/2025|EPI_ISL_19786781,2024-09-06,0.5
A/Netherlands/01502/2025|EPI_ISL_19786781,2024-09-09,0.25
A/Netherlands/01502/2025|EPI_ISL_19786781,2024-09-11,1.0
A/Netherlands/01502/2025|EPI_ISL_19786781,2024-09-13,0.25
A/Netherlands/01502/2025|EPI_ISL_19786781,2024-09-14,0.25
A/Netherlands/01502/2025|EPI_ISL_19786781,2024-09-16,0.25
A/Netherlands/01502/2025|EPI_ISL_19786781,2024-09-17,0.25
A/Netherlands/01502/2025|EPI_ISL_19786781,2024-09-18,0.75
A/Netherlands/01502/2025|EPI_ISL_19786781,2024-09-19,0.5
A/Netherlands/01502/2025|EPI_ISL_19786781,2024-09-20,0.25
A/Netherlands/01502/2025|EPI_ISL_19786781,2024-09-27,1.25
A/Netherlands/01502/2025|EPI_ISL_19786781,2024-09-28,0.25
A/Netherlands/01502/2025|EPI_ISL_19786781,2024-09-30,0.25
A/Netherlands/01502/2025|EPI_ISL_19786781,2024-10-01,0.75
A/Netherlands/01502/2025|EPI_ISL_19786781,2024-10-02,0.75
A/Netherlands/01502/2025|EPI_ISL_19786781,2024-10-03,0.25
A/Netherlands/01502/2025|EPI_ISL_19786781,2024-10-07,0.25
A/Netherlands/01502/2025|EPI_ISL_19786781,2024-10-08,0.25
A/Netherlands/01502/2025|EPI_ISL_19786781,2024-10-10,0.25
A/Netherlands/01502/2025|EPI_ISL_19786781,2024-10-12,0.5
A/Netherlands/01502/2025|EPI_ISL_19786781,2024-10-13,0.25
A/Netherlands/01502/2025|EPI_ISL_19786781,2024-10-19,0.5
A/Netherlands/01502/2025|EPI_ISL_19786781,2024-10-22,0.25
A/Netherlands/01502/2025|EPI_ISL_19786781,2024-10-23,0.25
A/Netherlands/01502/2025|EPI_ISL_19786781,2024-10-24,1.0
A/Netherlands/01502/2025|EPI_ISL_19786781,2024-10-31,1.0
A/Netherlands/01502/2025|EPI_ISL_19786781,2024-11-01,1.0
A/Netherlands/01502/2025|EPI_ISL_19786781,2024-11-08,0.25
A/Netherlands/01502/2025|EPI_ISL_19786781,2024-11-14,1.0
A/Netherlands/01502/2025|EPI_ISL_19786781,2024-11-16,1.0
A/Netherlands/01502/2025|EPI_ISL_19786781,2024-11-19,0.25
A/Netherlands/01502/2025|EPI_ISL_19786781,2024-11-21,0.25
A/Netherlands/01502/2025|EPI_ISL_19786781,2024-11-23,0.25
A/Netherlands/01502/2025|EPI_ISL_19786781,2024-11-24,0.25
A/Netherlands/01502/2025|EPI_ISL_19786781,2024-11-25,3.0
A/Netherlands/01502/2025|EPI_ISL_19786781,2024-11-27,1.0
A/Netherlands/01502/2025|EPI_ISL_19786781,2024-11-28,1.25
A/Netherlands/01502/2025|EPI_ISL_19786781,2024-11-30,0.25
A/Netherlands/01502/2025|EPI_ISL_19786781,2024-12-01,0.25
A/Netherlands/01502/2025|EPI_ISL_19786781,2024-12-02,1.0
A/Netherlands/01502/2025|EPI_ISL_19786781,2024-12-03,2.25
A/Netherlands/01502/2025|EPI_ISL_19786781,2024-12-04,1.25
A/Netherlands/01502/2025|EPI_ISL_19786781,2024-12-09,3.25
A/Netherlands/01502/2025|EPI_ISL_19786781,2024-12-10,1.0
A/Netherlands/01502/2025|EPI_ISL_19786781,2024-12-12,2.25
A/Netherlands/01502/2025|EPI_ISL_19786781,2024-12-13,4.0
A/Netherlands/01502/2025|EPI_ISL_19786781,2024-12-14,4.0
A/Netherlands/01502/2025|EPI_ISL_19786781,2024-12-15,4.0
A/Netherlands/01502/2025|EPI_ISL_19786781,2024-12-16,6.0
A/Netherlands/01502/2025|EPI_ISL_19786781,2024-12-18,3.25
A/Netherlands/01502/2025|EPI_ISL_19786781,2024-12-19,2.0
A/Netherlands/01502/2025|EPI_ISL_19786781,2024-12-20,1.0
A/Netherlands/01502/2025|EPI_ISL_19786781,2024-12-23,1.5
A/Netherlands/01502/2025|EPI_ISL_19786781,2024-12-24,1.25
A/Netherlands/01502/2025|EPI_ISL_19786781,2024-12-25,2.5
A/Netherlands/01502/2025|EPI_ISL_19786781,2024-12-26,2.0
A/Netherlands/01502/2025|EPI_ISL_19786781,2024-12-27,2.25
A/Netherlands/01502/2025|EPI_ISL_19786781,2024-12-28,5.0
A/Netherlands/01502/2025|EPI_ISL_19786781,2024-12-29,2.25
A/Netherlands/01502/2025|EPI_ISL_19786781,2024-12-30,8.0
A/Netherlands/01502/2025|EPI_ISL_19786781,2024-12-31,8.25
A/Netherlands/01502/2025|EPI_ISL_19786781,2025-01-01,4.25
A/Netherlands/01502/2025|EPI_ISL_19786781,2025-01-02,6.0
A/Netherlands/01502/2025|EPI_ISL_19786781,2025-01-03,6.5
A/Netherlands/01502/2025|EPI_ISL_19786781,2025-01-04,8.0
A/Netherlands/01502/2025|EPI_ISL_19786781,2025-01-05,3.5
A/Netherlands/01502/2025|EPI_ISL_19786781,2025-01-06,16.0
A/Netherlands/01502/2025|EPI_ISL_19786781,2025-01-07,13.0
A/Netherlands/01502/2025|EPI_ISL_19786781,2025-01-08,9.0
A/Netherlands/01502/2025|EPI_ISL_19786781,2025-01-09,10.0
A/Netherlands/01502/2025|EPI_ISL_19786781,2025-01-10,7.25
A/Netherlands/01502/2025|EPI_ISL_19786781,2025-01-11,6.0
A/Netherlands/01502/2025|EPI_ISL_19786781,2025-01-12,1.5
A/Netherlands/01502/2025|EPI_ISL_19786781,2025-01-13,14.0
A/Netherlands/01502/2025|EPI_ISL_19786781,2025-01-14,13.0
A/Netherlands/01502/2025|EPI_ISL_19786781,2025-01-15,9.25
A/Netherlands/01502/2025|EPI_ISL_19786781,2025-01-16,14.25
A/Netherlands/01502/2025|EPI_ISL_19786781,2025-01-17,15.0
A/Netherlands/01502/2025|EPI_ISL_19786781,2025-01-18,7.0
A/Netherlands/01502/2025|EPI_ISL_19786781,2025-01-19,5.0
A/Netherlands/01502/2025|EPI_ISL_19786781,2025-01-20,17.0
A/Netherlands/01502/2025|EPI_ISL_19786781,2025-01-21,9.0
A/Netherlands/01502/2025|EPI_ISL_19786781,2025-01-22,19.0
A/Netherlands/01502/2025|EPI_ISL_19786781,2025-01-23,14.0
A/Netherlands/01502/2025|EPI_ISL_19786781,2025-01-24,6.0
A/Netherlands/01502/2025|EPI_ISL_19786781,2025-01-25,5.0
A/Netherlands/01502/2025|EPI_ISL_19786781,2025-01-26,2.0
A/Netherlands/01502/2025|EPI_ISL_19786781,2025-01-27,26.0
A/Netherlands/01502/2025|EPI_ISL_19786781,2025-01-28,17.0
A/Netherlands/01502/2025|EPI_ISL_19786781,2025-01-29,9.0
A/Netherlands/01502/2025|EPI_ISL_19786781,2025-01-30,19.5
A/Netherlands/01502/2025|EPI_ISL_19786781,2025-01-31,13.0
A/Netherlands/01502/2025|EPI_ISL_19786781,2025-02-01,5.0
A/Netherlands/01502/2025|EPI_ISL_19786781,2025-02-02,3.0
A/Netherlands/01502/2025|EPI_ISL_19786781,2025-02-03,24.0
A/Netherlands/01502/2025|EPI_ISL_19786781,2025-02-04,12.25
A/Netherlands/01502/2025|EPI_ISL_19786781,2025-02-05,18.5
A/Netherlands/01502/2025|EPI_ISL_19786781,2025-02-06,18.0
A/Netherlands/01502/2025|EPI_ISL_19786781,2025-02-07,15.25
A/Netherlands/01502/2025|EPI_ISL_19786781,2025-02-08,7.0
A/Netherlands/01502/2025|EPI_ISL_19786781,2025-02-09,10.0
A/Netherlands/01502/2025|EPI_ISL_19786781,2025-02-10,25.0
A/Netherlands/01502/2025|EPI_ISL_19786781,2025-02-11,21.0
A/Netherlands/01502/2025|EPI_ISL_19786781,2025-02-12,15.0
A/Netherlands/01502/2025|EPI_ISL_19786781,2025-02-13,20.0
A/Netherlands/01502/2025|EPI_ISL_19786781,2025-02-14,15.0
A/Netherlands/01502/2025|EPI_ISL_19786781,2025-02-15,9.0
A/Netherlands/01502/2025|EPI_ISL_19786781,2025-02-16,9.0
A/Netherlands/01502/2025|EPI_ISL_19786781,2025-02-17,18.25
A/Netherlands/01502/2025|EPI_ISL_19786781,2025-02-18,22.0
A/Netherlands/01502/2025|EPI_ISL_19786781,2025-02-19,9.0
A/Netherlands/01502/2025|EPI_ISL_19786781,2025-02-20,11.0
A/Netherlands/01502/2025|EPI_ISL_19786781,2025-02-21,8.0
A/Netherlands/01502/2025|EPI_ISL_19786781,2025-02-22,8.0
A/Netherlands/01502/2025|EPI_ISL_19786781,2025-02-23,7.0
A/Netherlands/01502/2025|EPI_ISL_19786781,2025-02-24,21.0
A/Netherlands/01502/2025|EPI_ISL_19786781,2025-02-25,17.0
A/Netherlands/01502/2025|EPI_ISL_19786781,2025-02-26,21.0
A/Netherlands/01502/2025|EPI_ISL_19786781,2025-02-27,10.0
A/Netherlands/01502/2025|EPI_ISL_19786781,2025-02-28,6.25
A/Netherlands/01502/2025|EPI_ISL_19786781,2025-03-01,6.0
A/Netherlands/01502/2025|EPI_ISL_19786781,2025-03-02,2.5
A/Netherlands/01502/2025|EPI_ISL_19786781,2025-03-03,30.0
A/Netherlands/01502/2025|EPI_ISL_19786781,2025-03-04,19.0
A/Netherlands/01502/2025|EPI_ISL_19786781,2025-03-05,12.0
A/Netherlands/01502/2025|EPI_ISL_19786781,2025-03-06,7.0
A/Netherlands/01502/2025|EPI_ISL_19786781,2025-03-07,7.0
A/Netherlands/01502/2025|EPI_ISL_19786781,2025-03-08,5.0
A/Netherlands/01502/2025|EPI_ISL_19786781,2025-03-09,4.0
A/Netherlands/01502/2025|EPI_ISL_19786781,2025-03-10,9.0
A/Netherlands/01502/2025|EPI_ISL_19786781,2025-03-11,11.0
A/Netherlands/01502/2025|EPI_ISL_19786781,2025-03-12,8.0
A/Netherlands/01502/2025|EPI_ISL_19786781,2025-03-13,6.0
A/Netherlands/01502/2025|EPI_ISL_19786781,2025-03-14,5.0
A/Netherlands/01502/2025|EPI_ISL_19786781,2025-03-15,6.0
A/Netherlands/01502/2025|EPI_ISL_19786781,2025-03-16,2.0
A/Netherlands/01502/2025|EPI_ISL_19786781,2025-03-17,13.0
A/Netherlands/01502/2025|EPI_ISL_19786781,2025-03-18,7.0
A/Netherlands/01502/2025|EPI_ISL_19786781,2025-03-19,9.0
A/Netherlands/01502/2025|EPI_ISL_19786781,2025-03-20,11.0
A/Netherlands/01502/2025|EPI_ISL_19786781,2025-03-21,8.0
A/Netherlands/01502/2025|EPI_ISL_19786781,2025-03-22,4.0
A/Netherlands/01502/2025|EPI_ISL_19786781,2025-03-23,4.0
A/Netherlands/01502/2025|EPI_ISL_19786781,2025-03-24,6.0
A/Netherlands/01502/2025|EPI_ISL_19786781,2025-03-25,5.0
A/Netherlands/01502/2025|EPI_ISL_19786781,2025-03-26,5.0
A/Netherlands/01502/2025|EPI_ISL_19786781,2025-03-27,5.0
A/Netherlands/01502/2025|EPI_ISL_19786781,2025-03-28,4.0
A/Netherlands/01502/2025|EPI_ISL_19786781,2025-03-29,1.0
A/Netherlands/01502/2025|EPI_ISL_19786781,2025-03-31,4.0
A/Netherlands/01502/2025|EPI_ISL_19786781,2025-04-01,5.5
A/Netherlands/01502/2025|EPI_ISL_19786781,2025-04-02,4.0
A/Netherlands/01502/2025|EPI_ISL_19786781,2025-04-03,4.0
A/Netherlands/01502/2025|EPI_ISL_19786781,2025-04-04,2.0
A/Netherlands/01502/2025|EPI_ISL_19786781,2025-04-06,1.0
A/Netherlands/01502/2025|EPI_ISL_19786781,2025-04-07,3.0
A/Netherlands/01502/2025|EPI_ISL_19786781,2025-04-08,3.0
A/Netherlands/01502/2025|EPI_ISL_19786781,2025-04-09,1.0
A/Netherlands/01502/2025|EPI_ISL_19786781,2025-04-10,1.0
A/Netherlands/01502/2025|EPI_ISL_19786781,2025-04-11,5.0
A/Netherlands/01502/2025|EPI_ISL_19786781,2025-04-14,1.0
A/Netherlands/01502/2025|EPI_ISL_19786781,2025-04-15,1.0
A/Netherlands/01502/2025|EPI_ISL_19786781,2025-04-16,1.0
A/Netherlands/01502/2025|EPI_ISL_19786781,2025-04-17,0.5
A/Netherlands/01502/2025|EPI_ISL_19786781,2025-04-18,1.0
A/Netherlands/01502/2025|EPI_ISL_19786781,2025-04-19,0.5
A/Netherlands/01502/2025|EPI_ISL_19786781,2025-04-20,3.0
A/Netherlands/01502/2025|EPI_ISL_19786781,2025-04-22,1.0
A/Netherlands/01502/2025|EPI_ISL_19786781,2025-04-23,1.0
A/Netherlands/01502/2025|EPI_ISL_19786781,2025-04-24,2.5
A/Netherlands/01502/2025|EPI_ISL_19786781,2025-04-26,1.5
A/Netherlands/01502/2025|EPI_ISL_19786781,2025-04-28,1.0
A/Netherlands/01502/2025|EPI_ISL_19786781,2025-04-29,2.0
A/Netherlands/01502/2025|EPI_ISL_19786781,2025-05-01,1.0
A/Netherlands/01502/2025|EPI_ISL_19786781,2025-05-02,2.0
A/Netherlands/01502/2025|EPI_ISL_19786781,2025-05-03,3.0
A/Netherlands/01502/2025|EPI_ISL_19786781,2025-05-05,0.5
A/Netherlands/01502/2025|EPI_ISL_19786781,2025-05-06,1.5
A/Netherlands/01502/2025|EPI_ISL_19786781,2025-05-07,1.5
A/Netherlands/01502/2025|EPI_ISL_19786781,2025-05-08,1.0
A/Netherlands/01502/2025|EPI_ISL_19786781,2025-05-11,0.5
A/Netherlands/01502/2025|EPI_ISL_19786781,2025-05-12,3.0
A/Netherlands/01502/2025|EPI_ISL_19786781,2025-05-13,3.5
A/Netherlands/01502/2025|EPI_ISL_19786781,2025-05-14,2.5
A/Netherlands/01502/2025|EPI_ISL_19786781,2025-05-15,3.0
A/Netherlands/01502/2025|EPI_ISL_19786781,2025-05-16,1.0
A/Netherlands/01502/2025|EPI_ISL_19786781,2025-05-17,2.5
A/Netherlands/01502/2025|EPI_ISL_19786781,2025-05-18,1.0
A/Netherlands/01502/2025|EPI_ISL_19786781,2025-05-19,1.0
A/Netherlands/01502/2025|EPI_ISL_19786781,2025-05-21,0.5
A/Netherlands/01502/2025|EPI_ISL_19786781,2025-05-22,1.0
A/Netherlands/01502/2025|EPI_ISL_19786781,2025-05-27,1.0
A/Netherlands/01502/2025|EPI_ISL_19786781,2025-05-30,0.5
A/Netherlands/01502/2025|EPI_ISL_19786781,2025-06-03,0.5
A/Netherlands/01502/2025|EPI_ISL_19786781,2025-06-06,2.5
A/Netherlands/01502/2025|EPI_ISL_19786781,2025-06-10,2.5
A/Netherlands/01502/2025|EPI_ISL_19786781,2025-06-12,1.5
A/Netherlands/01502/2025|EPI_ISL_19786781,2025-06-17,0.5
A/Netherlands/01502/2025|EPI_ISL_19786781,2025-06-18,1.0
A/Netherlands/01502/2025|EPI_ISL_19786781,2025-06-19,1.0
A/Netherlands/01502/2025|EPI_ISL_19786781,2025-06-20,0.5
A/Netherlands/01502/2025|EPI_ISL_19786781,2025-06-21,0.5
A/Netherlands/01502/2025|EPI_ISL_19786781,2025-06-23,1.0
A/Netherlands/01502/2025|EPI_ISL_19786781,2025-06-24,0.5
A/Netherlands/01502/2025|EPI_ISL_19786781,2025-06-25,1.0
A/Netherlands/01502/2025|EPI_ISL_19786781,2025-06-27,1.0
A/Netherlands/01502/2025|EPI_ISL_19786781,2025-06-28,0.5
A/Netherlands/01502/2025|EPI_ISL_19786781,2025-06-29,0.5
A/Netherlands/01502/2025|EPI_ISL_19786781,2025-07-04,0.5
A/Netherlands/01502/2025|EPI_ISL_19786781,2025-07-10,1.0
A/Netherlands/01502/2025|EPI_ISL_19786781,2025-07-22,0.5
A/Netherlands/01502/2025|EPI_ISL_19786781,2025-07-23,2.5
A/Netherlands/10563/2023|EPI_ISL_18545932,2024-05-10,1.0
A/Netherlands/10563/2023|EPI_ISL_18545932,2024-06-03,1.0
A/Netherlands/10563/2023|EPI_ISL_18545932,2024-07-23,1.0
A/Nevada/216/2024|EPI_ISL_19628198,2024-04-20,1.0
A/Nevada/216/2024|EPI_ISL_19628198,2024-06-13,1.0
A/Nevada/216/2024|EPI_ISL_19628198,2024-06-23,1.0
A/Nevada/216/2024|EPI_ISL_19628198,2024-07-18,1.0
A/Nevada/216/2024|EPI_ISL_19628198,2024-08-04,1.0
A/Nevada/216/2024|EPI_ISL_19628198,2024-09-08,1.0
A/Nevada/216/2024|EPI_ISL_19628198,2024-09-12,2.0
A/Nevada/216/2024|EPI_ISL_19628198,2024-09-17,1.0
A/Nevada/216/2024|EPI_ISL_19628198,2024-09-18,1.0
A/Nevada/216/2024|EPI_ISL_19628198,2024-09-19,1.0
A/Nevada/216/2024|EPI_ISL_19628198,2024-09-24,1.0
A/Nevada/216/2024|EPI_ISL_19628198,2024-10-02,2.0
A/Nevada/216/2024|EPI_ISL_19628198,2024-10-06,1.0
A/Nevada/216/2024|EPI_ISL_19628198,2024-10-07,2.0
A/Nevada/216/2024|EPI_ISL_19628198,2024-10-11,2.0
A/Nevada/216/2024|EPI_ISL_19628198,2024-10-16,2.0
A/Nevada/216/2024|EPI_ISL_19628198,2024-10-23,1.0
A/Nevada/216/2024|EPI_ISL_19628198,2024-10-24,1.0
A/Nevada/216/2024|EPI_ISL_19628198,2024-10-29,1.0
A/Nevada/216/2024|EPI_ISL_19628198,2024-10-31,1.0
A/Nevada/216/2024|EPI_ISL_19628198,2024-11-03,1.0
A/Nevada/216/2024|EPI_ISL_19628198,2024-11-04,2.0
A/Nevada/216/2024|EPI_ISL_19628198,2024-11-05,3.0
A/Nevada/216/2024|EPI_ISL_19628198,2024-11-06,1.0
A/Nevada/216/2024|EPI_ISL_19628198,2024-11-09,1.0
A/Nevada/216/2024|EPI_ISL_19628198,2024-11-11,1.0
A/Nevada/216/2024|EPI_ISL_19628198,2024-11-13,1.0
A/Nevada/216/2024|EPI_ISL_19628198,2024-11-14,1.0
A/Nevada/216/2024|EPI_ISL_19628198,2024-11-15,1.0
A/Nevada/216/2024|EPI_ISL_19628198,2024-11-17,1.0
A/Nevada/216/2024|EPI_ISL_19628198,2024-11-20,1.0
A/Nevada/216/2024|EPI_ISL_19628198,2024-11-23,1.0
A/Nevada/216/2024|EPI_ISL_19628198,2024-11-26,2.0
A/Nevada/216/2024|EPI_ISL_19628198,2024-11-28,1.0
A/Nevada/216/2024|EPI_ISL_19628198,2024-11-29,2.0
A/Nevada/216/2024|EPI_ISL_19628198,2024-12-01,2.0
A/Nevada/216/2024|EPI_ISL_19628198,2024-12-02,1.0
A/Nevada/216/2024|EPI_ISL_19628198,2024-12-05,1.0
A/Nevada/216/2024|EPI_ISL_19628198,2024-12-16,1.0
A/Nevada/216/2024|EPI_ISL_19628198,2024-12-17,1.0
A/Nevada/216/2024|EPI_ISL_19628198,2024-12-19,1.0
A/Nevada/216/2024|EPI_ISL_19628198,2024-12-24,1.0
A/Nevada/216/2024|EPI_ISL_19628198,2024-12-26,2.0
A/Nevada/216/2024|EPI_ISL_19628198,2024-12-30,1.0
A/Nevada/216/2024|EPI_ISL_19628198,2024-12-31,2.0
A/Nevada/216/2024|EPI_ISL_19628198,2025-01-08,1.0
A/Nevada/216/2024|EPI_ISL_19628198,2025-01-09,1.0
A/Nevada/216/2024|EPI_ISL_19628198,2025-01-13,3.0
A/Nevada/216/2024|EPI_ISL_19628198,2025-01-14,1.0
A/Nevada/216/2024|EPI_ISL_19628198,2025-01-15,0.3333333333333333
A/Nevada/216/2024|EPI_ISL_19628198,2025-01-16,3.0
A/Nevada/216/2024|EPI_ISL_19628198,2025-01-18,2.0
A/Nevada/216/2024|EPI_ISL_19628198,2025-01-20,0.3333333333333333
A/Nevada/216/2024|EPI_ISL_19628198,2025-01-21,1.0
A/Nevada/216/2024|EPI_ISL_19628198,2025-01-22,1.0
A/Nevada/216/2024|EPI_ISL_19628198,2025-01-23,3.0
A/Nevada/216/2024|EPI_ISL_19628198,2025-01-25,2.0
A/Nevada/216/2024|EPI_ISL_19628198,2025-01-27,0.3333333333333333
A/Nevada/216/2024|EPI_ISL_19628198,2025-01-28,1.0
A/Nevada/216/2024|EPI_ISL_19628198,2025-01-29,1.0
A/Nevada/216/2024|EPI_ISL_19628198,2025-01-31,3.333333333333333
A/Nevada/216/2024|EPI_ISL_19628198,2025-02-01,1.0
A/Nevada/216/2024|EPI_ISL_19628198,2025-02-02,2.0
A/Nevada/216/2024|EPI_ISL_19628198,2025-02-03,1.0
A/Nevada/216/2024|EPI_ISL_19628198,2025-02-04,1.3333333333333333
A/Nevada/216/2024|EPI_ISL_19628198,2025-02-06,2.0
A/Nevada/216/2024|EPI_ISL_19628198,2025-02-07,1.0
A/Nevada/216/2024|EPI_ISL_19628198,2025-02-10,2.0
A/Nevada/216/2024|EPI_ISL_19628198,2025-02-15,1.0
A/Nevada/216/2024|EPI_ISL_19628198,2025-02-19,0.5
A/Nevada/216/2024|EPI_ISL_19628198,2025-02-20,1.0
A/Nevada/216/2024|EPI_ISL_19628198,2025-02-21,1.0
A/Nevada/216/2024|EPI_ISL_19628198,2025-02-23,1.0
A/Nevada/216/2024|EPI_ISL_19628198,2025-02-24,1.0
A/Nevada/216/2024|EPI_ISL_19628198,2025-02-25,4.0
A/Nevada/216/2024|EPI_ISL_19628198,2025-03-02,1.0
A/Nevada/216/2024|EPI_ISL_19628198,2025-03-03,1.0
A/Nevada/216/2024|EPI_ISL_19628198,2025-03-04,3.0
A/Nevada/216/2024|EPI_ISL_19628198,2025-03-05,0.3333333333333333
A/Nevada/216/2024|EPI_ISL_19628198,2025-03-06,2.0
A/Nevada/216/2024|EPI_ISL_19628198,2025-03-07,2.0
A/Nevada/216/2024|EPI_ISL_19628198,2025-03-08,1.0
A/Nevada/216/2024|EPI_ISL_19628198,2025-03-10,2.0
A/Nevada/216/2024|EPI_ISL_19628198,2025-03-11,5.333333333333333
A/Nevada/216/2024|EPI_ISL_19628198,2025-03-14,3.0
A/Nevada/216/2024|EPI_ISL_19628198,2025-03-15,1.0
A/Nevada/216/2024|EPI_ISL_19628198,2025-03-19,1.0
A/Nevada/216/2024|EPI_ISL_19628198,2025-03-21,1.0
A/Nevada/216/2024|EPI_ISL_19628198,2025-03-27,2.0
A/Nevada/216/2024|EPI_ISL_19628198,2025-04-04,1.0
A/Nevada/216/2024|EPI_ISL_19628198,2025-04-08,5.0
A/Nevada/216/2024|EPI_ISL_19628198,2025-04-12,1.0
A/Nevada/216/2024|EPI_ISL_19628198,2025-04-14,1.0
A/Nevada/216/2024|EPI_ISL_19628198,2025-04-16,1.0
A/Nevada/216/2024|EPI_ISL_19628198,2025-04-21,2.0
A/Nevada/216/2024|EPI_ISL_19628198,2025-05-02,1.0
A/Nevada/216/2024|EPI_ISL_19628198,2025-05-15,1.0
A/Nevada/216/2024|EPI_ISL_19628198,2025-07-01,1.0
A/Nevada/216/2024|EPI_ISL_19628198,2025-07-04,1.0
A/Nevada/216/2024|EPI_ISL_19628198,2025-07-07,1.0
A/Nevada/216/2024|EPI_ISL_19628198,2025-07-17,2.0
A/Nevada/216/2024|EPI_ISL_19628198,2025-07-18,2.0
A/Nevada/216/2024|EPI_ISL_19628198,2025-07-21,1.0
A/New_York/191/2024|EPI_ISL_19586926,2024-04-18,1.2857142857142856
A/New_York/191/2024|EPI_ISL_19586926,2024-04-19,1.8571428571428572
A/New_York/191/2024|EPI_ISL_19586926,2024-04-20,1.2857142857142856
A/New_York/191/2024|EPI_ISL_19586926,2024-04-21,1.4285714285714286
A/New_York/191/2024|EPI_ISL_19586926,2024-04-22,3.4285714285714284
A/New_York/191/2024|EPI_ISL_19586926,2024-04-23,2.857142857142857
A/New_York/191/2024|EPI_ISL_19586926,2024-04-24,5.571428571428571
A/New_York/191/2024|EPI_ISL_19586926,2024-04-25,2.571428571428571
A/New_York/191/2024|EPI_ISL_19586926,2024-04-26,1.2857142857142856
A/New_York/191/2024|EPI_ISL_19586926,2024-04-27,0.5714285714285714
A/New_York/191/2024|EPI_ISL_19586926,2024-04-28,1.2857142857142856
A/New_York/191/2024|EPI_ISL_19586926,2024-04-29,3.2857142857142856
A/New_York/191/2024|EPI_ISL_19586926,2024-04-30,1.6428571428571428
A/New_York/191/2024|EPI_ISL_19586926,2024-05-01,0.7142857142857142
A/New_York/191/2024|EPI_ISL_19586926,2024-05-02,2.9285714285714284
A/New_York/191/2024|EPI_ISL_19586926,2024-05-03,5.285714285714286
A/New_York/191/2024|EPI_ISL_19586926,2024-05-04,2.142857142857143
A/New_York/191/2024|EPI_ISL_19586926,2024-05-05,2.142857142857143
A/New_York/191/2024|EPI_ISL_19586926,2024-05-06,3.142857142857143
A/New_York/191/2024|EPI_ISL_19586926,2024-05-07,1.0
A/New_York/191/2024|EPI_ISL_19586926,2024-05-08,2.0
A/New_York/191/2024|EPI_ISL_19586926,2024-05-09,1.5714285714285714
A/New_York/191/2024|EPI_ISL_19586926,2024-05-10,1.7142857142857142
A/New_York/191/2024|EPI_ISL_19586926,2024-05-11,0.7142857142857142
A/New_York/191/2024|EPI_ISL_19586926,2024-05-12,0.2857142857142857
A/New_York/191/2024|EPI_ISL_19586926,2024-05-13,4.285714285714286
A/New_York/191/2024|EPI_ISL_19586926,2024-05-14,3.2857142857142856
A/New_York/191/2024|EPI_ISL_19586926,2024-05-15,4.571428571428571
A/New_York/191/2024|EPI_ISL_19586926,2024-05-16,3.142857142857143
A/New_York/191/2024|EPI_ISL_19586926,2024-05-17,2.7142857142857144
A/New_York/191/2024|EPI_ISL_19586926,2024-05-18,2.857142857142857
A/New_York/191/2024|EPI_ISL_19586926,2024-05-19,2.857142857142857
A/New_York/191/2024|EPI_ISL_19586926,2024-05-20,2.4285714285714284
A/New_York/191/2024|EPI_ISL_19586926,2024-05-21,5.0
A/New_York/191/2024|EPI_ISL_19586926,2024-05-22,2.0
A/New_York/191/2024|EPI_ISL_19586926,2024-05-23,4.571428571428571
A/New_York/191/2024|EPI_ISL_19586926,2024-05-24,0.8571428571428571
A/New_York/191/2024|EPI_ISL_19586926,2024-05-25,2.2857142857142856
A/New_York/191/2024|EPI_ISL_19586926,2024-05-26,2.2857142857142856
A/New_York/191/2024|EPI_ISL_19586926,2024-05-27,1.4285714285714284
A/New_York/191/2024|EPI_ISL_19586926,2024-05-28,2.2857142857142856
A/New_York/191/2024|EPI_ISL_19586926,2024-05-29,4.071428571428571
A/New_York/191/2024|EPI_ISL_19586926,2024-05-30,1.0
A/New_York/191/2024|EPI_ISL_19586926,2024-05-31,4.928571428571429
A/New_York/191/2024|EPI_ISL_19586926,2024-06-01,0.2857142857142857
A/New_York/191/2024|EPI_ISL_19586926,2024-06-02,0.2857142857142857
A/New_York/191/2024|EPI_ISL_19586926,2024-06-03,1.8571428571428572
A/New_York/191/2024|EPI_ISL_19586926,2024-06-04,1.5714285714285714
A/New_York/191/2024|EPI_ISL_19586926,2024-06-05,2.857142857142857
A/New_York/191/2024|EPI_ISL_19586926,2024-06-06,0.14285714285714285
A/New_York/191/2024|EPI_ISL_19586926,2024-06-08,0.2857142857142857
A/New_York/191/2024|EPI_ISL_19586926,2024-06-09,1.1428571428571428
A/New_York/191/2024|EPI_ISL_19586926,2024-06-10,1.4285714285714286
A/New_York/191/2024|EPI_ISL_19586926,2024-06-11,1.0714285714285714
A/New_York/191/2024|EPI_ISL_19586926,2024-06-12,5.0
A/New_York/191/2024|EPI_ISL_19586926,2024-06-13,3.0
A/New_York/191/2024|EPI_ISL_19586926,2024-06-14,0.5714285714285714
A/New_York/191/2024|EPI_ISL_19586926,2024-06-15,0.14285714285714285
A/New_York/191/2024|EPI_ISL_19586926,2024-06-16,0.42857142857142855
A/New_York/191/2024|EPI_ISL_19586926,2024-06-17,3.4285714285714284
A/New_York/191/2024|EPI_ISL_19586926,2024-06-18,2.4285714285714284
A/New_York/191/2024|EPI_ISL_19586926,2024-06-19,1.0714285714285714
A/New_York/191/2024|EPI_ISL_19586926,2024-06-20,0.42857142857142855
A/New_York/191/2024|EPI_ISL_19586926,2024-06-22,0.14285714285714285
A/New_York/191/2024|EPI_ISL_19586926,2024-06-24,2.142857142857143
A/New_York/191/2024|EPI_ISL_19586926,2024-06-25,1.2857142857142856
A/New_York/191/2024|EPI_ISL_19586926,2024-06-26,1.1428571428571428
A/New_York/191/2024|EPI_ISL_19586926,2024-06-27,0.5714285714285714
A/New_York/191/2024|EPI_ISL_19586926,2024-06-28,0.7142857142857142
A/New_York/191/2024|EPI_ISL_19586926,2024-06-30,1.2857142857142856
A/New_York/191/2024|EPI_ISL_19586926,2024-07-01,1.5714285714285714
A/New_York/191/2024|EPI_ISL_19586926,2024-07-02,1.7857142857142856
A/New_York/191/2024|EPI_ISL_19586926,2024-07-03,0.14285714285714285
A/New_York/191/2024|EPI_ISL_19586926,2024-07-04,1.0
A/New_York/191/2024|EPI_ISL_19586926,2024-07-05,0.42857142857142855
A/New_York/191/2024|EPI_ISL_19586926,2024-07-07,1.1428571428571428
A/New_York/191/2024|EPI_ISL_19586926,2024-07-08,2.142857142857143
A/New_York/191/2024|EPI_ISL_19586926,2024-07-09,0.42857142857142855
A/New_York/191/2024|EPI_ISL_19586926,2024-07-10,0.2857142857142857
A/New_York/191/2024|EPI_ISL_19586926,2024-07-11,1.2857142857142856
A/New_York/191/2024|EPI_ISL_19586926,2024-07-13,0.14285714285714285
A/New_York/191/2024|EPI_ISL_19586926,2024-07-14,0.14285714285714285
A/New_York/191/2024|EPI_ISL_19586926,2024-07-15,0.42857142857142855
A/New_York/191/2024|EPI_ISL_19586926,2024-07-16,0.42857142857142855
A/New_York/191/2024|EPI_ISL_19586926,2024-07-17,2.857142857142857
A/New_York/191/2024|EPI_ISL_19586926,2024-07-18,0.5714285714285714
A/New_York/191/2024|EPI_ISL_19586926,2024-07-19,0.6428571428571428
A/New_York/191/2024|EPI_ISL_19586926,2024-07-22,1.2857142857142856
A/New_York/191/2024|EPI_ISL_19586926,2024-07-23,2.2857142857142856
A/New_York/191/2024|EPI_ISL_19586926,2024-07-26,2.142857142857143
A/New_York/191/2024|EPI_ISL_19586926,2024-07-27,0.5
A/New_York/191/2024|EPI_ISL_19586926,2024-07-28,0.14285714285714285
A/New_York/191/2024|EPI_ISL_19586926,2024-07-29,1.1428571428571428
A/New_York/191/2024|EPI_ISL_19586926,2024-07-30,0.14285714285714285
A/New_York/191/2024|EPI_ISL_19586926,2024-07-31,0.2857142857142857
A/New_York/191/2024|EPI_ISL_19586926,2024-08-01,0.14285714285714285
A/New_York/191/2024|EPI_ISL_19586926,2024-08-02,0.42857142857142855
A/New_York/191/2024|EPI_ISL_19586926,2024-08-03,0.2857142857142857
A/New_York/191/2024|EPI_ISL_19586926,2024-08-05,0.2857142857142857
A/New_York/191/2024|EPI_ISL_19586926,2024-08-06,1.2857142857142856
A/New_York/191/2024|EPI_ISL_19586926,2024-08-07,1.2857142857142856
A/New_York/191/2024|EPI_ISL_19586926,2024-08-08,1.5
A/New_York/191/2024|EPI_ISL_19586926,2024-08-10,0.14285714285714285
A/New_York/191/2024|EPI_ISL_19586926,2024-08-11,0.14285714285714285
A/New_York/191/2024|EPI_ISL_19586926,2024-08-12,0.2857142857142857
A/New_York/191/2024|EPI_ISL_19586926,2024-08-14,2.0
A/New_York/191/2024|EPI_ISL_19586926,2024-08-17,0.14285714285714285
A/New_York/191/2024|EPI_ISL_19586926,2024-08-20,1.0
A/New_York/191/2024|EPI_ISL_19586926,2024-08-21,0.42857142857142855
A/New_York/191/2024|EPI_ISL_19586926,2024-08-22,1.1428571428571428
A/New_York/191/2024|EPI_ISL_19586926,2024-08-23,0.14285714285714285
A/New_York/191/2024|EPI_ISL_19586926,2024-08-25,0.14285714285714285
A/New_York/191/2024|EPI_ISL_19586926,2024-08-26,0.14285714285714285
A/New_York/191/2024|EPI_ISL_19586926,2024-08-28,1.0
A/New_York/191/2024|EPI_ISL_19586926,2024-08-29,0.14285714285714285
A/New_York/191/2024|EPI_ISL_19586926,2024-08-31,0.14285714285714285
A/New_York/191/2024|EPI_ISL_19586926,2024-09-01,1.0
A/New_York/191/2024|EPI_ISL_19586926,2024-09-04,0.14285714285714285
A/New_York/191/2024|EPI_ISL_19586926,2024-09-05,1.0
A/New_York/191/2024|EPI_ISL_19586926,2024-09-09,0.5714285714285714
A/New_York/191/2024|EPI_ISL_19586926,2024-09-11,1.0
A/New_York/191/2024|EPI_ISL_19586926,2024-09-12,0.14285714285714285
A/New_York/191/2024|EPI_ISL_19586926,2024-09-16,0.2857142857142857
A/New_York/191/2024|EPI_ISL_19586926,2024-09-21,0.14285714285714285
A/New_York/191/2024|EPI_ISL_19586926,2024-09-23,0.2857142857142857
A/New_York/191/2024|EPI_ISL_19586926,2024-09-24,2.0
A/New_York/191/2024|EPI_ISL_19586926,2024-09-26,0.14285714285714285
A/New_York/191/2024|EPI_ISL_19586926,2024-09-27,0.2857142857142857
A/New_York/191/2024|EPI_ISL_19586926,2024-09-29,0.14285714285714285
A/New_York/191/2024|EPI_ISL_19586926,2024-09-30,0.14285714285714285
A/New_York/191/2024|EPI_ISL_19586926,2024-10-03,1.1428571428571428
A/New_York/191/2024|EPI_ISL_19586926,2024-10-04,1.4285714285714286
A/New_York/191/2024|EPI_ISL_19586926,2024-10-07,0.14285714285714285
A/New_York/191/2024|EPI_ISL_19586926,2024-10-11,1.0
A/New_York/191/2024|EPI_ISL_19586926,2024-10-14,0.2857142857142857
A/New_York/191/2024|EPI_ISL_19586926,2024-10-17,0.14285714285714285
A/New_York/191/2024|EPI_ISL_19586926,2024-10-27,1.0
A/New_York/191/2024|EPI_ISL_19586926,2024-10-28,0.14285714285714285
A/New_York/191/2024|EPI_ISL_19586926,2024-10-29,1.0
A/New_York/191/2024|EPI_ISL_19586926,2024-10-30,1.0
A/New_York/191/2024|EPI_ISL_19586926,2024-10-31,1.1428571428571428
A/New_York/191/2024|EPI_ISL_19586926,2024-11-01,2.142857142857143
A/New_York/191/2024|EPI_ISL_19586926,2024-11-02,0.2857142857142857
A/New_York/191/2024|EPI_ISL_19586926,2024-11-03,0.14285714285714285
A/New_York/191/2024|EPI_ISL_19586926,2024-11-04,1.1428571428571428
A/New_York/191/2024|EPI_ISL_19586926,2024-11-05,0.5
A/New_York/191/2024|EPI_ISL_19586926,2024-11-06,1.0
A/New_York/191/2024|EPI_ISL_19586926,2024-11-07,0.14285714285714285
A/New_York/191/2024|EPI_ISL_19586926,2024-11-08,1.0
A/New_York/191/2024|EPI_ISL_19586926,2024-11-12,0.2857142857142857
A/New_York/191/2024|EPI_ISL_19586926,2024-11-13,1.1428571428571428
A/New_York/191/2024|EPI_ISL_19586926,2024-11-16,0.14285714285714285
A/New_York/191/2024|EPI_ISL_19586926,2024-11-20,0.14285714285714285
A/New_York/191/2024|EPI_ISL_19586926,2024-11-21,2.142857142857143
A/New_York/191/2024|EPI_ISL_19586926,2024-11-22,0.2857142857142857
A/New_York/191/2024|EPI_ISL_19586926,2024-11-23,2.0
A/New_York/191/2024|EPI_ISL_19586926,2024-11-26,1.0
A/New_York/191/2024|EPI_ISL_19586926,2024-11-29,0.14285714285714285
A/New_York/191/2024|EPI_ISL_19586926,2024-12-03,0.14285714285714285
A/New_York/191/2024|EPI_ISL_19586926,2024-12-11,0.14285714285714285
A/New_York/191/2024|EPI_ISL_19586926,2024-12-16,2.0
A/New_York/191/2024|EPI_ISL_19586926,2024-12-19,1.0
A/New_York/191/2024|EPI_ISL_19586926,2024-12-20,0.14285714285714285
A/New_York/191/2024|EPI_ISL_19586926,2024-12-23,1.1428571428571428
A/New_York/191/2024|EPI_ISL_19586926,2025-01-02,1.1428571428571428
A/New_York/191/2024|EPI_ISL_19586926,2025-01-03,0.14285714285714285
A/New_York/191/2024|EPI_ISL_19586926,2025-01-05,1.0
A/New_York/191/2024|EPI_ISL_19586926,2025-01-08,0.14285714285714285
A/New_York/191/2024|EPI_ISL_19586926,2025-01-09,0.14285714285714285
A/New_York/191/2024|EPI_ISL_19586926,2025-01-10,2.0
A/New_York/191/2024|EPI_ISL_19586926,2025-01-17,0.14285714285714285
A/New_York/191/2024|EPI_ISL_19586926,2025-01-18,3.0
A/New_York/191/2024|EPI_ISL_19586926,2025-01-19,2.0
A/New_York/191/2024|EPI_ISL_19586926,2025-01-20,0.14285714285714285
A/New_York/191/2024|EPI_ISL_19586926,2025-01-21,2.0
A/New_York/191/2024|EPI_ISL_19586926,2025-01-22,4.0
A/New_York/191/2024|EPI_ISL_19586926,2025-01-24,1.5
A/New_York/191/2024|EPI_ISL_19586926,2025-01-25,2.0
A/New_York/191/2024|EPI_ISL_19586926,2025-01-26,1.0
A/New_York/191/2024|EPI_ISL_19586926,2025-01-29,2.0
A/New_York/191/2024|EPI_ISL_19586926,2025-01-30,2.0
A/New_York/191/2024|EPI_ISL_19586926,2025-02-02,2.5
A/New_York/191/2024|EPI_ISL_19586926,2025-02-04,2.0
A/New_York/191/2024|EPI_ISL_19586926,2025-02-05,1.0
A/New_York/191/2024|EPI_ISL_19586926,2025-02-14,2.0
A/New_York/191/2024|EPI_ISL_19586926,2025-02-23,0.5
A/New_York/191/2024|EPI_ISL_19586926,2025-02-24,1.0
A/New_York/191/2024|EPI_ISL_19586926,2025-02-26,1.0
A/New_York/191/2024|EPI_ISL_19586926,2025-03-02,1.0
A/New_York/191/2024|EPI_ISL_19586926,2025-03-03,1.0
A/New_York/191/2024|EPI_ISL_19586926,2025-03-04,1.0
A/New_York/191/2024|EPI_ISL_19586926,2025-03-23,0.14285714285714285
A/New_York/191/2024|EPI_ISL_19586926,2025-03-29,0.14285714285714285
A/New_York/191/2024|EPI_ISL_19586926,2025-06-04,0.14285714285714285
A/New_York/39/2025|EPI_ISL_19789808|EPI4131294,2025-02-07,1.0
A/New_York/GKISBBBE61555/2025|EPI_ISL_19777744|EPI4101537,2024-12-05,1.0
A/New_York/GKISBBBE61555/2025|EPI_ISL_19777744|EPI4101537,2024-12-06,1.0
A/New_York/GKISBBBE61555/2025|EPI_ISL_19777744|EPI4101537,2024-12-17,1.0
A/New_York/GKISBBBE61555/2025|EPI_ISL_19777744|EPI4101537,2024-12-19,3.0
A/New_York/GKISBBBE61555/2025|EPI_ISL_19777744|EPI4101537,2025-01-05,1.0
A/New_York/GKISBBBE61555/2025|EPI_ISL_19777744|EPI4101537,2025-01-06,1.0
A/New_York/GKISBBBE61555/2025|EPI_ISL_19777744|EPI4101537,2025-01-08,3.0
A/New_York/GKISBBBE61555/2025|EPI_ISL_19777744|EPI4101537,2025-01-16,1.0
A/New_York/GKISBBBE61555/2025|EPI_ISL_19777744|EPI4101537,2025-01-21,1.0
A/New_York/GKISBBBE61555/2025|EPI_ISL_19777744|EPI4101537,2025-01-22,1.0
A/New_York/GKISBBBE61555/2025|EPI_ISL_19777744|EPI4101537,2025-01-30,1.0
A/New_York/GKISBBBE61555/2025|EPI_ISL_19777744|EPI4101537,2025-02-03,1.0
A/New_York/GKISBBBE61555/2025|EPI_ISL_19777744|EPI4101537,2025-02-04,1.0
A/New_York/GKISBBBE61555/2025|EPI_ISL_19777744|EPI4101537,2025-02-05,1.0
A/New_York/GKISBBBE61555/2025|EPI_ISL_19777744|EPI4101537,2025-02-06,1.0
A/New_York/GKISBBBE61555/2025|EPI_ISL_19777744|EPI4101537,2025-02-10,1.0
A/New_York/GKISBBBE61555/2025|EPI_ISL_19777744|EPI4101537,2025-02-11,1.0
A/New_York/GKISBBBE61555/2025|EPI_ISL_19777744|EPI4101537,2025-02-13,2.0
A/New_York/GKISBBBE61555/2025|EPI_ISL_19777744|EPI4101537,2025-02-18,1.0
A/New_York/GKISBBBE61555/2025|EPI_ISL_19777744|EPI4101537,2025-02-19,2.0
A/New_York/GKISBBBE61555/2025|EPI_ISL_19777744|EPI4101537,2025-02-20,1.0
A/New_York/GKISBBBE61555/2025|EPI_ISL_19777744|EPI4101537,2025-02-22,1.0
A/New_York/GKISBBBE61555/2025|EPI_ISL_19777744|EPI4101537,2025-02-23,1.0
A/New_York/GKISBBBE61555/2025|EPI_ISL_19777744|EPI4101537,2025-02-24,4.0
A/New_York/GKISBBBE61555/2025|EPI_ISL_19777744|EPI4101537,2025-02-25,3.0
A/New_York/GKISBBBE61555/2025|EPI_ISL_19777744|EPI4101537,2025-02-27,1.0
A/New_York/GKISBBBE61555/2025|EPI_ISL_19777744|EPI4101537,2025-03-03,2.0
A/New_York/GKISBBBE61555/2025|EPI_ISL_19777744|EPI4101537,2025-03-04,1.0
A/New_York/GKISBBBE61555/2025|EPI_ISL_19777744|EPI4101537,2025-03-07,2.0
A/New_York/GKISBBBE61555/2025|EPI_ISL_19777744|EPI4101537,2025-03-10,1.0
A/New_York/GKISBBBE61555/2025|EPI_ISL_19777744|EPI4101537,2025-03-11,2.0
A/New_York/GKISBBBE61555/2025|EPI_ISL_19777744|EPI4101537,2025-03-13,1.0
A/New_York/GKISBBBE61555/2025|EPI_ISL_19777744|EPI4101537,2025-03-20,1.0
A/New_York/GKISBBBE61555/2025|EPI_ISL_19777744|EPI4101537,2025-03-21,1.0
A/New_York/GKISBBBE61555/2025|EPI_ISL_19777744|EPI4101537,2025-03-24,3.0
A/New_York/GKISBBBE61555/2025|EPI_ISL_19777744|EPI4101537,2025-03-25,2.0
A/New_York/GKISBBBE61555/2025|EPI_ISL_19777744|EPI4101537,2025-03-26,2.0
A/New_York/GKISBBBE61555/2025|EPI_ISL_19777744|EPI4101537,2025-04-10,2.0
A/New_York/GKISBBBE61555/2025|EPI_ISL_19777744|EPI4101537,2025-04-14,1.0
A/New_York/GKISBBBE61555/2025|EPI_ISL_19777744|EPI4101537,2025-04-15,2.0
A/New_York/GKISBBBE61555/2025|EPI_ISL_19777744|EPI4101537,2025-04-18,1.0
A/New_York/GKISBBBE61555/2025|EPI_ISL_19777744|EPI4101537,2025-05-02,1.0
A/New_York/GKISBBBE61555/2025|EPI_ISL_19777744|EPI4101537,2025-05-08,1.0
A/New_York/GKISBBBE61555/2025|EPI_ISL_19777744|EPI4101537,2025-05-12,2.0
A/New_York/GKISBBBE61555/2025|EPI_ISL_19777744|EPI4101537,2025-05-13,1.0
A/New_York/GKISBBBE61555/2025|EPI_ISL_19777744|EPI4101537,2025-05-16,1.0
A/Oregon/265/2024|EPI_ISL_19628082,2024-05-12,1.0
A/Oregon/265/2024|EPI_ISL_19628082,2024-05-20,1.0
A/Oregon/265/2024|EPI_ISL_19628082,2024-05-21,1.0
A/Oregon/265/2024|EPI_ISL_19628082,2024-05-27,1.0
A/Oregon/265/2024|EPI_ISL_19628082,2024-06-03,1.0
A/Oregon/265/2024|EPI_ISL_19628082,2024-06-05,1.0
A/Oregon/265/2024|EPI_ISL_19628082,2024-06-08,1.0
A/Oregon/265/2024|EPI_ISL_19628082,2024-06-13,1.0
A/Oregon/265/2024|EPI_ISL_19628082,2024-07-03,1.0
A/Oregon/265/2024|EPI_ISL_19628082,2024-07-16,2.0
A/Oregon/265/2024|EPI_ISL_19628082,2024-07-18,0.5
A/Oregon/265/2024|EPI_ISL_19628082,2024-07-27,0.5
A/Oregon/265/2024|EPI_ISL_19628082,2024-10-27,1.0
A/Oregon/265/2024|EPI_ISL_19628082,2024-10-29,1.5
A/Oregon/265/2024|EPI_ISL_19628082,2024-10-30,1.0
A/Oregon/265/2024|EPI_ISL_19628082,2024-11-06,1.0
A/Oregon/265/2024|EPI_ISL_19628082,2024-11-13,3.0
A/Oregon/265/2024|EPI_ISL_19628082,2024-11-14,1.0
A/Oregon/265/2024|EPI_ISL_19628082,2024-11-16,1.0
A/Oregon/265/2024|EPI_ISL_19628082,2024-11-17,1.0
A/Oregon/265/2024|EPI_ISL_19628082,2024-11-18,2.0
A/Oregon/265/2024|EPI_ISL_19628082,2024-11-20,1.0
A/Oregon/265/2024|EPI_ISL_19628082,2024-11-22,1.0
A/Oregon/265/2024|EPI_ISL_19628082,2024-11-23,1.0
A/Oregon/265/2024|EPI_ISL_19628082,2024-11-24,1.0
A/Oregon/265/2024|EPI_ISL_19628082,2024-11-25,1.0
A/Oregon/265/2024|EPI_ISL_19628082,2024-11-29,1.0
A/Oregon/265/2024|EPI_ISL_19628082,2024-11-30,1.0
A/Oregon/265/2024|EPI_ISL_19628082,2024-12-02,2.0
A/Oregon/265/2024|EPI_ISL_19628082,2024-12-06,1.0
A/Oregon/265/2024|EPI_ISL_19628082,2024-12-07,2.0
A/Oregon/265/2024|EPI_ISL_19628082,2024-12-08,2.0
A/Oregon/265/2024|EPI_ISL_19628082,2024-12-09,2.0
A/Oregon/265/2024|EPI_ISL_19628082,2024-12-11,1.0
A/Oregon/265/2024|EPI_ISL_19628082,2024-12-15,2.0
A/Oregon/265/2024|EPI_ISL_19628082,2024-12-17,1.0
A/Oregon/265/2024|EPI_ISL_19628082,2024-12-19,1.0
A/Oregon/265/2024|EPI_ISL_19628082,2024-12-20,2.0
A/Oregon/265/2024|EPI_ISL_19628082,2024-12-22,2.0
A/Oregon/265/2024|EPI_ISL_19628082,2024-12-25,1.0
A/Oregon/265/2024|EPI_ISL_19628082,2024-12-26,1.0
A/Oregon/265/2024|EPI_ISL_19628082,2024-12-27,1.0
A/Oregon/265/2024|EPI_ISL_19628082,2024-12-31,2.0
A/Oregon/265/2024|EPI_ISL_19628082,2025-01-02,1.0
A/Oregon/265/2024|EPI_ISL_19628082,2025-01-03,1.0
A/Oregon/265/2024|EPI_ISL_19628082,2025-01-05,3.0
A/Oregon/265/2024|EPI_ISL_19628082,2025-01-06,2.0
A/Oregon/265/2024|EPI_ISL_19628082,2025-01-07,1.0
A/Oregon/265/2024|EPI_ISL_19628082,2025-01-09,1.0
A/Oregon/265/2024|EPI_ISL_19628082,2025-01-10,1.0
A/Oregon/265/2024|EPI_ISL_19628082,2025-01-11,1.0
A/Oregon/265/2024|EPI_ISL_19628082,2025-01-13,1.0
A/Oregon/265/2024|EPI_ISL_19628082,2025-01-15,2.0
A/Oregon/265/2024|EPI_ISL_19628082,2025-01-16,1.0
A/Oregon/265/2024|EPI_ISL_19628082,2025-01-17,1.0
A/Oregon/265/2024|EPI_ISL_19628082,2025-01-19,1.0
A/Oregon/265/2024|EPI_ISL_19628082,2025-01-20,2.0
A/Oregon/265/2024|EPI_ISL_19628082,2025-01-21,1.0
A/Oregon/265/2024|EPI_ISL_19628082,2025-01-22,2.0
A/Oregon/265/2024|EPI_ISL_19628082,2025-01-23,1.0
A/Oregon/265/2024|EPI_ISL_19628082,2025-01-24,1.0
A/Oregon/265/2024|EPI_ISL_19628082,2025-01-26,1.0
A/Oregon/265/2024|EPI_ISL_19628082,2025-01-27,1.0
A/Oregon/265/2024|EPI_ISL_19628082,2025-01-30,1.0
A/Oregon/265/2024|EPI_ISL_19628082,2025-02-03,3.0
A/Oregon/265/2024|EPI_ISL_19628082,2025-02-06,1.0
A/Oregon/265/2024|EPI_ISL_19628082,2025-02-09,1.0
A/Oregon/265/2024|EPI_ISL_19628082,2025-02-12,1.0
A/Oregon/265/2024|EPI_ISL_19628082,2025-02-16,1.0
A/Oregon/265/2024|EPI_ISL_19628082,2025-02-19,1.0
A/Oregon/265/2024|EPI_ISL_19628082,2025-02-27,1.0
A/Oregon/265/2024|EPI_ISL_19628082,2025-03-24,1.0
A/Pennsylvania/288/2024|EPI_ISL_19646959,2024-07-30,1.0
A/Pennsylvania/288/2024|EPI_ISL_19646959,2024-08-01,1.0
A/Pennsylvania/288/2024|EPI_ISL_19646959,2024-08-04,1.0
A/Pennsylvania/288/2024|EPI_ISL_19646959,2024-08-27,1.0
A/Pennsylvania/288/2024|EPI_ISL_19646959,2024-08-29,1.0
A/Pennsylvania/288/2024|EPI_ISL_19646959,2024-09-02,1.0
A/Pennsylvania/288/2024|EPI_ISL_19646959,2024-10-02,3.0
A/Pennsylvania/288/2024|EPI_ISL_19646959,2024-10-23,1.0
A/Pennsylvania/288/2024|EPI_ISL_19646959,2024-10-26,1.0
A/Pennsylvania/288/2024|EPI_ISL_19646959,2024-10-30,1.0
A/Pennsylvania/288/2024|EPI_ISL_19646959,2024-11-01,1.0
A/Pennsylvania/288/2024|EPI_ISL_19646959,2024-11-04,2.0
A/Pennsylvania/288/2024|EPI_ISL_19646959,2024-11-05,1.0
A/Pennsylvania/288/2024|EPI_ISL_19646959,2024-11-07,1.0
A/Pennsylvania/288/2024|EPI_ISL_19646959,2024-11-14,1.0
A/Pennsylvania/288/2024|EPI_ISL_19646959,2024-11-15,1.0
A/Pennsylvania/288/2024|EPI_ISL_19646959,2024-11-17,1.0
A/Pennsylvania/288/2024|EPI_ISL_19646959,2024-11-28,2.0
A/Pennsylvania/288/2024|EPI_ISL_19646959,2024-12-06,1.0
A/Pennsylvania/288/2024|EPI_ISL_19646959,2024-12-14,1.0
A/Pennsylvania/288/2024|EPI_ISL_19646959,2024-12-17,1.0
A/Pennsylvania/288/2024|EPI_ISL_19646959,2025-01-05,2.0
A/Pennsylvania/288/2024|EPI_ISL_19646959,2025-01-06,1.0
A/Pennsylvania/288/2024|EPI_ISL_19646959,2025-01-07,1.0
A/Pennsylvania/288/2024|EPI_ISL_19646959,2025-01-14,1.0
A/Pennsylvania/288/2024|EPI_ISL_19646959,2025-01-15,2.0
A/Pennsylvania/288/2024|EPI_ISL_19646959,2025-01-16,1.0
A/Pennsylvania/288/2024|EPI_ISL_19646959,2025-01-17,1.0
A/Pennsylvania/288/2024|EPI_ISL_19646959,2025-01-20,1.0
A/Pennsylvania/288/2024|EPI_ISL_19646959,2025-01-22,1.0
A/Pennsylvania/288/2024|EPI_ISL_19646959,2025-01-24,2.0
A/Pennsylvania/288/2024|EPI_ISL_19646959,2025-01-26,1.0
A/Pennsylvania/288/2024|EPI_ISL_19646959,2025-01-27,1.0
A/Pennsylvania/288/2024|EPI_ISL_19646959,2025-02-04,1.0
A/Pennsylvania/288/2024|EPI_ISL_19646959,2025-02-08,1.0
A/Pennsylvania/288/2024|EPI_ISL_19646959,2025-02-13,1.0
A/Pennsylvania/288/2024|EPI_ISL_19646959,2025-02-17,1.0
A/Pennsylvania/288/2024|EPI_ISL_19646959,2025-02-18,1.0
A/Pennsylvania/288/2024|EPI_ISL_19646959,2025-02-19,1.0
A/Pennsylvania/288/2024|EPI_ISL_19646959,2025-03-02,1.0
A/Pennsylvania/288/2024|EPI_ISL_19646959,2025-04-06,1.0
A/Punta_Arenas/83659/2024|EPI_ISL_19652846,2024-10-18,1.0
A/Punta_Arenas/83659/2024|EPI_ISL_19652846,2024-10-22,1.0
A/Punta_Arenas/83659/2024|EPI_ISL_19652846,2024-10-26,1.0
A/Punta_Arenas/83659/2024|EPI_ISL_19652846,2024-12-08,1.0
A/Punta_Arenas/83659/2024|EPI_ISL_19652846,2024-12-11,1.0
A/Punta_Arenas/83659/2024|EPI_ISL_19652846,2024-12-14,1.0
A/Punta_Arenas/83659/2024|EPI_ISL_19652846,2024-12-15,1.0
A/Punta_Arenas/83659/2024|EPI_ISL_19652846,2024-12-16,1.0
A/Punta_Arenas/83659/2024|EPI_ISL_19652846,2024-12-19,2.0
A/Punta_Arenas/83659/2024|EPI_ISL_19652846,2024-12-27,2.0
A/Punta_Arenas/83659/2024|EPI_ISL_19652846,2024-12-30,1.0
A/Punta_Arenas/83659/2024|EPI_ISL_19652846,2025-01-03,0.6666666666666666
A/Punta_Arenas/83659/2024|EPI_ISL_19652846,2025-01-06,2.0
A/Punta_Arenas/83659/2024|EPI_ISL_19652846,2025-01-07,3.0
A/Punta_Arenas/83659/2024|EPI_ISL_19652846,2025-01-08,1.3333333333333333
A/Punta_Arenas/83659/2024|EPI_ISL_19652846,2025-01-09,2.0
A/Punta_Arenas/83659/2024|EPI_ISL_19652846,2025-01-10,2.6666666666666665
A/Punta_Arenas/83659/2024|EPI_ISL_19652846,2025-01-12,1.0
A/Punta_Arenas/83659/2024|EPI_ISL_19652846,2025-01-15,4.0
A/Punta_Arenas/83659/2024|EPI_ISL_19652846,2025-01-17,0.3333333333333333
A/Punta_Arenas/83659/2024|EPI_ISL_19652846,2025-01-20,1.0
A/Punta_Arenas/83659/2024|EPI_ISL_19652846,2025-01-23,1.0
A/Punta_Arenas/83659/2024|EPI_ISL_19652846,2025-01-24,1.0
A/Punta_Arenas/83659/2024|EPI_ISL_19652846,2025-01-28,4.0
A/Punta_Arenas/83659/2024|EPI_ISL_19652846,2025-01-29,1.0
A/Punta_Arenas/83659/2024|EPI_ISL_19652846,2025-01-30,1.0
A/Punta_Arenas/83659/2024|EPI_ISL_19652846,2025-02-03,2.0
A/Punta_Arenas/83659/2024|EPI_ISL_19652846,2025-02-04,1.3333333333333333
A/Punta_Arenas/83659/2024|EPI_ISL_19652846,2025-02-05,3.0
A/Punta_Arenas/83659/2024|EPI_ISL_19652846,2025-02-06,3.0
A/Punta_Arenas/83659/2024|EPI_ISL_19652846,2025-02-07,1.0
A/Punta_Arenas/83659/2024|EPI_ISL_19652846,2025-02-08,1.0
A/Punta_Arenas/83659/2024|EPI_ISL_19652846,2025-02-11,2.0
A/Punta_Arenas/83659/2024|EPI_ISL_19652846,2025-02-12,4.666666666666666
A/Punta_Arenas/83659/2024|EPI_ISL_19652846,2025-02-13,3.0
A/Punta_Arenas/83659/2024|EPI_ISL_19652846,2025-02-14,1.0
A/Punta_Arenas/83659/2024|EPI_ISL_19652846,2025-02-17,1.3333333333333333
A/Punta_Arenas/83659/2024|EPI_ISL_19652846,2025-02-18,0.3333333333333333
A/Punta_Arenas/83659/2024|EPI_ISL_19652846,2025-02-20,2.0
A/Punta_Arenas/83659/2024|EPI_ISL_19652846,2025-02-21,1.0
A/Punta_Arenas/83659/2024|EPI_ISL_19652846,2025-02-23,2.0
A/Punta_Arenas/83659/2024|EPI_ISL_19652846,2025-02-24,1.0
A/Punta_Arenas/83659/2024|EPI_ISL_19652846,2025-02-25,1.3333333333333333
A/Punta_Arenas/83659/2024|EPI_ISL_19652846,2025-02-26,2.333333333333333
A/Punta_Arenas/83659/2024|EPI_ISL_19652846,2025-02-27,3.0
A/Punta_Arenas/83659/2024|EPI_ISL_19652846,2025-02-28,1.0
A/Punta_Arenas/83659/2024|EPI_ISL_19652846,2025-03-01,1.0
A/Punta_Arenas/83659/2024|EPI_ISL_19652846,2025-03-03,0.3333333333333333
A/Punta_Arenas/83659/2024|EPI_ISL_19652846,2025-03-04,2.0
A/Punta_Arenas/83659/2024|EPI_ISL_19652846,2025-03-05,1.0
A/Punta_Arenas/83659/2024|EPI_ISL_19652846,2025-03-06,2.0
A/Punta_Arenas/83659/2024|EPI_ISL_19652846,2025-03-07,2.0
A/Punta_Arenas/83659/2024|EPI_ISL_19652846,2025-03-10,1.3333333333333333
A/Punta_Arenas/83659/2024|EPI_ISL_19652846,2025-03-11,1.0
A/Punta_Arenas/83659/2024|EPI_ISL_19652846,2025-03-20,0.6666666666666666
A/Punta_Arenas/83659/2024|EPI_ISL_19652846,2025-03-23,1.0
A/Punta_Arenas/83659/2024|EPI_ISL_19652846,2025-03-26,2.0
A/Punta_Arenas/83659/2024|EPI_ISL_19652846,2025-03-31,1.0
A/Punta_Arenas/83659/2024|EPI_ISL_19652846,2025-04-01,1.0
A/Punta_Arenas/83659/2024|EPI_ISL_19652846,2025-04-02,1.0
A/Punta_Arenas/83659/2024|EPI_ISL_19652846,2025-04-03,1.0
A/Punta_Arenas/83659/2024|EPI_ISL_19652846,2025-04-05,1.0
A/Punta_Arenas/83659/2024|EPI_ISL_19652846,2025-04-07,1.0
A/Punta_Arenas/83659/2024|EPI_ISL_19652846,2025-04-08,1.0
A/Punta_Arenas/83659/2024|EPI_ISL_19652846,2025-04-09,1.0
A/Punta_Arenas/83659/2024|EPI_ISL_19652846,2025-04-14,2.0
A/Punta_Arenas/83659/2024|EPI_ISL_19652846,2025-04-16,3.0
A/Punta_Arenas/83659/2024|EPI_ISL_19652846,2025-04-22,1.0
A/Punta_Arenas/83659/2024|EPI_ISL_19652846,2025-04-23,1.0
A/Punta_Arenas/83659/2024|EPI_ISL_19652846,2025-05-13,0.6666666666666666
A/Punta_Arenas/83659/2024|EPI_ISL_19652846,2025-05-16,0.3333333333333333
A/Punta_Arenas/83659/2024|EPI_ISL_19652846,2025-05-21,1.0
A/Queensland/IN000692/2024|EPI_ISL_19664768,2024-04-18,1.0
A/Queensland/IN000692/2024|EPI_ISL_19664768,2024-04-19,2.0
A/Queensland/IN000692/2024|EPI_ISL_19664768,2024-04-20,3.0
A/Queensland/IN000692/2024|EPI_ISL_19664768,2024-04-22,1.0
A/Queensland/IN000692/2024|EPI_ISL_19664768,2024-04-23,2.0
A/Queensland/IN000692/2024|EPI_ISL_19664768,2024-04-24,3.0
A/Queensland/IN000692/2024|EPI_ISL_19664768,2024-04-25,2.0
A/Queensland/IN000692/2024|EPI_ISL_19664768,2024-04-26,3.0
A/Queensland/IN000692/2024|EPI_ISL_19664768,2024-04-29,4.0
A/Queensland/IN000692/2024|EPI_ISL_19664768,2024-04-30,1.0
A/Queensland/IN000692/2024|EPI_ISL_19664768,2024-05-02,3.0
A/Queensland/IN000692/2024|EPI_ISL_19664768,2024-05-03,3.0
A/Queensland/IN000692/2024|EPI_ISL_19664768,2024-05-05,1.0
A/Queensland/IN000692/2024|EPI_ISL_19664768,2024-05-07,6.0
A/Queensland/IN000692/2024|EPI_ISL_19664768,2024-05-08,6.0
A/Queensland/IN000692/2024|EPI_ISL_19664768,2024-05-09,4.0
A/Queensland/IN000692/2024|EPI_ISL_19664768,2024-05-11,2.0
A/Queensland/IN000692/2024|EPI_ISL_19664768,2024-05-12,2.0
A/Queensland/IN000692/2024|EPI_ISL_19664768,2024-05-13,4.0
A/Queensland/IN000692/2024|EPI_ISL_19664768,2024-05-14,2.0
A/Queensland/IN000692/2024|EPI_ISL_19664768,2024-05-15,5.0
A/Queensland/IN000692/2024|EPI_ISL_19664768,2024-05-16,2.0
A/Queensland/IN000692/2024|EPI_ISL_19664768,2024-05-17,3.0
A/Queensland/IN000692/2024|EPI_ISL_19664768,2024-05-18,8.0
A/Queensland/IN000692/2024|EPI_ISL_19664768,2024-05-19,1.0
A/Queensland/IN000692/2024|EPI_ISL_19664768,2024-05-20,1.0
A/Queensland/IN000692/2024|EPI_ISL_19664768,2024-05-21,9.0
A/Queensland/IN000692/2024|EPI_ISL_19664768,2024-05-22,10.0
A/Queensland/IN000692/2024|EPI_ISL_19664768,2024-05-23,3.0
A/Queensland/IN000692/2024|EPI_ISL_19664768,2024-05-24,6.0
A/Queensland/IN000692/2024|EPI_ISL_19664768,2024-05-25,3.0
A/Queensland/IN000692/2024|EPI_ISL_19664768,2024-05-26,4.0
A/Queensland/IN000692/2024|EPI_ISL_19664768,2024-05-27,2.0
A/Queensland/IN000692/2024|EPI_ISL_19664768,2024-05-28,8.166666666666666
A/Queensland/IN000692/2024|EPI_ISL_19664768,2024-05-29,3.0
A/Queensland/IN000692/2024|EPI_ISL_19664768,2024-05-30,6.333333333333333
A/Queensland/IN000692/2024|EPI_ISL_19664768,2024-05-31,2.0
A/Queensland/IN000692/2024|EPI_ISL_19664768,2024-06-01,3.0
A/Queensland/IN000692/2024|EPI_ISL_19664768,2024-06-02,6.0
A/Queensland/IN000692/2024|EPI_ISL_19664768,2024-06-03,10.666666666666666
A/Queensland/IN000692/2024|EPI_ISL_19664768,2024-06-04,5.0
A/Queensland/IN000692/2024|EPI_ISL_19664768,2024-06-05,8.0
A/Queensland/IN000692/2024|EPI_ISL_19664768,2024-06-06,2.3333333333333335
A/Queensland/IN000692/2024|EPI_ISL_19664768,2024-06-07,2.333333333333333
A/Queensland/IN000692/2024|EPI_ISL_19664768,2024-06-08,5.0
A/Queensland/IN000692/2024|EPI_ISL_19664768,2024-06-09,2.0
A/Queensland/IN000692/2024|EPI_ISL_19664768,2024-06-10,6.0
A/Queensland/IN000692/2024|EPI_ISL_19664768,2024-06-11,10.0
A/Queensland/IN000692/2024|EPI_ISL_19664768,2024-06-12,4.666666666666666
A/Queensland/IN000692/2024|EPI_ISL_19664768,2024-06-13,5.0
A/Queensland/IN000692/2024|EPI_ISL_19664768,2024-06-14,12.0
A/Queensland/IN000692/2024|EPI_ISL_19664768,2024-06-15,11.333333333333334
A/Queensland/IN000692/2024|EPI_ISL_19664768,2024-06-16,8.0
A/Queensland/IN000692/2024|EPI_ISL_19664768,2024-06-17,9.333333333333334
A/Queensland/IN000692/2024|EPI_ISL_19664768,2024-06-18,7.333333333333333
A/Queensland/IN000692/2024|EPI_ISL_19664768,2024-06-19,8.333333333333334
A/Queensland/IN000692/2024|EPI_ISL_19664768,2024-06-20,3.333333333333333
A/Queensland/IN000692/2024|EPI_ISL_19664768,2024-06-21,11.333333333333334
A/Queensland/IN000692/2024|EPI_ISL_19664768,2024-06-22,4.333333333333333
A/Queensland/IN000692/2024|EPI_ISL_19664768,2024-06-23,6.0
A/Queensland/IN000692/2024|EPI_ISL_19664768,2024-06-24,9.0
A/Queensland/IN000692/2024|EPI_ISL_19664768,2024-06-25,20.833333333333332
A/Queensland/IN000692/2024|EPI_ISL_19664768,2024-06-26,12.0
A/Queensland/IN000692/2024|EPI_ISL_19664768,2024-06-27,4.0
A/Queensland/IN000692/2024|EPI_ISL_19664768,2024-06-28,10.0
A/Queensland/IN000692/2024|EPI_ISL_19664768,2024-06-29,6.666666666666666
A/Queensland/IN000692/2024|EPI_ISL_19664768,2024-06-30,4.0
A/Queensland/IN000692/2024|EPI_ISL_19664768,2024-07-01,19.5
A/Queensland/IN000692/2024|EPI_ISL_19664768,2024-07-02,21.666666666666668
A/Queensland/IN000692/2024|EPI_ISL_19664768,2024-07-03,11.0
A/Queensland/IN000692/2024|EPI_ISL_19664768,2024-07-04,12.666666666666666
A/Queensland/IN000692/2024|EPI_ISL_19664768,2024-07-05,10.666666666666666
A/Queensland/IN000692/2024|EPI_ISL_19664768,2024-07-06,9.333333333333334
A/Queensland/IN000692/2024|EPI_ISL_19664768,2024-07-07,8.0
A/Queensland/IN000692/2024|EPI_ISL_19664768,2024-07-08,11.333333333333332
A/Queensland/IN000692/2024|EPI_ISL_19664768,2024-07-09,18.0
A/Queensland/IN000692/2024|EPI_ISL_19664768,2024-07-10,10.666666666666666
A/Queensland/IN000692/2024|EPI_ISL_19664768,2024-07-11,9.0
A/Queensland/IN000692/2024|EPI_ISL_19664768,2024-07-12,8.333333333333334
A/Queensland/IN000692/2024|EPI_ISL_19664768,2024-07-13,2.333333333333333
A/Queensland/IN000692/2024|EPI_ISL_19664768,2024-07-14,4.0
A/Queensland/IN000692/2024|EPI_ISL_19664768,2024-07-15,10.0
A/Queensland/IN000692/2024|EPI_ISL_19664768,2024-07-16,12.0
A/Queensland/IN000692/2024|EPI_ISL_19664768,2024-07-17,9.0
A/Queensland/IN000692/2024|EPI_ISL_19664768,2024-07-18,8.333333333333334
A/Queensland/IN000692/2024|EPI_ISL_19664768,2024-07-19,10.0
A/Queensland/IN000692/2024|EPI_ISL_19664768,2024-07-20,5.0
A/Queensland/IN000692/2024|EPI_ISL_19664768,2024-07-21,5.333333333333333
A/Queensland/IN000692/2024|EPI_ISL_19664768,2024-07-22,13.0
A/Queensland/IN000692/2024|EPI_ISL_19664768,2024-07-23,8.0
A/Queensland/IN000692/2024|EPI_ISL_19664768,2024-07-24,9.333333333333334
A/Queensland/IN000692/2024|EPI_ISL_19664768,2024-07-25,7.666666666666667
A/Queensland/IN000692/2024|EPI_ISL_19664768,2024-07-26,8.0
A/Queensland/IN000692/2024|EPI_ISL_19664768,2024-07-27,5.333333333333333
A/Queensland/IN000692/2024|EPI_ISL_19664768,2024-07-28,4.333333333333333
A/Queensland/IN000692/2024|EPI_ISL_19664768,2024-07-29,8.0
A/Queensland/IN000692/2024|EPI_ISL_19664768,2024-07-30,13.333333333333334
A/Queensland/IN000692/2024|EPI_ISL_19664768,2024-07-31,6.666666666666667
A/Queensland/IN000692/2024|EPI_ISL_19664768,2024-08-01,14.666666666666666
A/Queensland/IN000692/2024|EPI_ISL_19664768,2024-08-02,11.333333333333334
A/Queensland/IN000692/2024|EPI_ISL_19664768,2024-08-03,5.0
A/Queensland/IN000692/2024|EPI_ISL_19664768,2024-08-04,3.0
A/Queensland/IN000692/2024|EPI_ISL_19664768,2024-08-05,10.0
A/Queensland/IN000692/2024|EPI_ISL_19664768,2024-08-06,9.333333333333334
A/Queensland/IN000692/2024|EPI_ISL_19664768,2024-08-07,4.666666666666666
A/Queensland/IN000692/2024|EPI_ISL_19664768,2024-08-08,5.333333333333333
A/Queensland/IN000692/2024|EPI_ISL_19664768,2024-08-09,4.333333333333333
A/Queensland/IN000692/2024|EPI_ISL_19664768,2024-08-10,5.0
A/Queensland/IN000692/2024|EPI_ISL_19664768,2024-08-11,5.0
A/Queensland/IN000692/2024|EPI_ISL_19664768,2024-08-12,4.333333333333333
A/Queensland/IN000692/2024|EPI_ISL_19664768,2024-08-13,6.666666666666666
A/Queensland/IN000692/2024|EPI_ISL_19664768,2024-08-14,8.333333333333334
A/Queensland/IN000692/2024|EPI_ISL_19664768,2024-08-15,5.0
A/Queensland/IN000692/2024|EPI_ISL_19664768,2024-08-16,4.0
A/Queensland/IN000692/2024|EPI_ISL_19664768,2024-08-17,1.0
A/Queensland/IN000692/2024|EPI_ISL_19664768,2024-08-18,4.0
A/Queensland/IN000692/2024|EPI_ISL_19664768,2024-08-19,3.333333333333333
A/Queensland/IN000692/2024|EPI_ISL_19664768,2024-08-20,6.0
A/Queensland/IN000692/2024|EPI_ISL_19664768,2024-08-21,5.666666666666667
A/Queensland/IN000692/2024|EPI_ISL_19664768,2024-08-22,6.0
A/Queensland/IN000692/2024|EPI_ISL_19664768,2024-08-23,2.0
A/Queensland/IN000692/2024|EPI_ISL_19664768,2024-08-24,3.0
A/Queensland/IN000692/2024|EPI_ISL_19664768,2024-08-25,2.0
A/Queensland/IN000692/2024|EPI_ISL_19664768,2024-08-26,5.0
A/Queensland/IN000692/2024|EPI_ISL_19664768,2024-08-27,5.333333333333333
A/Queensland/IN000692/2024|EPI_ISL_19664768,2024-08-28,2.3333333333333335
A/Queensland/IN000692/2024|EPI_ISL_19664768,2024-08-29,9.0
A/Queensland/IN000692/2024|EPI_ISL_19664768,2024-08-30,3.333333333333333
A/Queensland/IN000692/2024|EPI_ISL_19664768,2024-08-31,4.333333333333333
A/Queensland/IN000692/2024|EPI_ISL_19664768,2024-09-01,5.0
A/Queensland/IN000692/2024|EPI_ISL_19664768,2024-09-02,11.333333333333332
A/Queensland/IN000692/2024|EPI_ISL_19664768,2024-09-03,8.666666666666666
A/Queensland/IN000692/2024|EPI_ISL_19664768,2024-09-04,6.333333333333333
A/Queensland/IN000692/2024|EPI_ISL_19664768,2024-09-05,8.5
A/Queensland/IN000692/2024|EPI_ISL_19664768,2024-09-06,13.333333333333334
A/Queensland/IN000692/2024|EPI_ISL_19664768,2024-09-07,5.0
A/Queensland/IN000692/2024|EPI_ISL_19664768,2024-09-08,6.0
A/Queensland/IN000692/2024|EPI_ISL_19664768,2024-09-09,10.0
A/Queensland/IN000692/2024|EPI_ISL_19664768,2024-09-10,8.0
A/Queensland/IN000692/2024|EPI_ISL_19664768,2024-09-11,12.333333333333334
A/Queensland/IN000692/2024|EPI_ISL_19664768,2024-09-12,7.333333333333333
A/Queensland/IN000692/2024|EPI_ISL_19664768,2024-09-13,3.6666666666666665
A/Queensland/IN000692/2024|EPI_ISL_19664768,2024-09-14,4.0
A/Queensland/IN000692/2024|EPI_ISL_19664768,2024-09-15,2.0
A/Queensland/IN000692/2024|EPI_ISL_19664768,2024-09-16,7.333333333333333
A/Queensland/IN000692/2024|EPI_ISL_19664768,2024-09-17,4.0
A/Queensland/IN000692/2024|EPI_ISL_19664768,2024-09-18,4.333333333333333
A/Queensland/IN000692/2024|EPI_ISL_19664768,2024-09-19,5.333333333333333
A/Queensland/IN000692/2024|EPI_ISL_19664768,2024-09-20,4.0
A/Queensland/IN000692/2024|EPI_ISL_19664768,2024-09-21,2.0
A/Queensland/IN000692/2024|EPI_ISL_19664768,2024-09-22,2.0
A/Queensland/IN000692/2024|EPI_ISL_19664768,2024-09-23,3.0
A/Queensland/IN000692/2024|EPI_ISL_19664768,2024-09-24,6.0
A/Queensland/IN000692/2024|EPI_ISL_19664768,2024-09-25,4.0
A/Queensland/IN000692/2024|EPI_ISL_19664768,2024-09-26,4.0
A/Queensland/IN000692/2024|EPI_ISL_19664768,2024-09-27,3.0
A/Queensland/IN000692/2024|EPI_ISL_19664768,2024-09-29,3.0
A/Queensland/IN000692/2024|EPI_ISL_19664768,2024-09-30,1.3333333333333333
A/Queensland/IN000692/2024|EPI_ISL_19664768,2024-10-01,3.0
A/Queensland/IN000692/2024|EPI_ISL_19664768,2024-10-02,2.6666666666666665
A/Queensland/IN000692/2024|EPI_ISL_19664768,2024-10-03,3.0
A/Queensland/IN000692/2024|EPI_ISL_19664768,2024-10-04,2.0
A/Queensland/IN000692/2024|EPI_ISL_19664768,2024-10-05,3.0
A/Queensland/IN000692/2024|EPI_ISL_19664768,2024-10-07,1.0
A/Queensland/IN000692/2024|EPI_ISL_19664768,2024-10-08,2.0
A/Queensland/IN000692/2024|EPI_ISL_19664768,2024-10-09,1.0
A/Queensland/IN000692/2024|EPI_ISL_19664768,2024-10-10,2.0
A/Queensland/IN000692/2024|EPI_ISL_19664768,2024-10-11,1.0
A/Queensland/IN000692/2024|EPI_ISL_19664768,2024-10-13,1.0
A/Queensland/IN000692/2024|EPI_ISL_19664768,2024-10-14,6.5
A/Queensland/IN000692/2024|EPI_ISL_19664768,2024-10-15,4.0
A/Queensland/IN000692/2024|EPI_ISL_19664768,2024-10-16,7.0
A/Queensland/IN000692/2024|EPI_ISL_19664768,2024-10-17,1.0
A/Queensland/IN000692/2024|EPI_ISL_19664768,2024-10-18,1.0
A/Queensland/IN000692/2024|EPI_ISL_19664768,2024-10-19,1.0
A/Queensland/IN000692/2024|EPI_ISL_19664768,2024-10-20,4.0
A/Queensland/IN000692/2024|EPI_ISL_19664768,2024-10-21,5.5
A/Queensland/IN000692/2024|EPI_ISL_19664768,2024-10-23,4.333333333333333
A/Queensland/IN000692/2024|EPI_ISL_19664768,2024-10-24,4.0
A/Queensland/IN000692/2024|EPI_ISL_19664768,2024-10-25,2.6666666666666665
A/Queensland/IN000692/2024|EPI_ISL_19664768,2024-10-26,1.0
A/Queensland/IN000692/2024|EPI_ISL_19664768,2024-10-27,1.3333333333333333
A/Queensland/IN000692/2024|EPI_ISL_19664768,2024-10-28,3.0
A/Queensland/IN000692/2024|EPI_ISL_19664768,2024-10-29,1.0
A/Queensland/IN000692/2024|EPI_ISL_19664768,2024-10-30,2.0
A/Queensland/IN000692/2024|EPI_ISL_19664768,2024-10-31,4.0
A/Queensland/IN000692/2024|EPI_ISL_19664768,2024-11-01,6.333333333333333
A/Queensland/IN000692/2024|EPI_ISL_19664768,2024-11-02,3.333333333333333
A/Queensland/IN000692/2024|EPI_ISL_19664768,2024-11-04,2.333333333333333
A/Queensland/IN000692/2024|EPI_ISL_19664768,2024-11-05,4.333333333333333
A/Queensland/IN000692/2024|EPI_ISL_19664768,2024-11-06,4.0
A/Queensland/IN000692/2024|EPI_ISL_19664768,2024-11-07,4.0
A/Queensland/IN000692/2024|EPI_ISL_19664768,2024-11-08,1.0
A/Queensland/IN000692/2024|EPI_ISL_19664768,2024-11-09,1.0
A/Queensland/IN000692/2024|EPI_ISL_19664768,2024-11-10,2.0
A/Queensland/IN000692/2024|EPI_ISL_19664768,2024-11-11,2.0
A/Queensland/IN000692/2024|EPI_ISL_19664768,2024-11-12,2.0
A/Queensland/IN000692/2024|EPI_ISL_19664768,2024-11-16,0.5
A/Queensland/IN000692/2024|EPI_ISL_19664768,2024-11-17,1.0
A/Queensland/IN000692/2024|EPI_ISL_19664768,2024-11-18,3.0
A/Queensland/IN000692/2024|EPI_ISL_19664768,2024-11-19,1.0
A/Queensland/IN000692/2024|EPI_ISL_19664768,2024-11-22,1.0
A/Queensland/IN000692/2024|EPI_ISL_19664768,2024-11-23,3.0
A/Queensland/IN000692/2024|EPI_ISL_19664768,2024-11-24,3.5
A/Queensland/IN000692/2024|EPI_ISL_19664768,2024-11-25,5.0
A/Queensland/IN000692/2024|EPI_ISL_19664768,2024-11-26,3.0
A/Queensland/IN000692/2024|EPI_ISL_19664768,2024-11-28,2.0
A/Queensland/IN000692/2024|EPI_ISL_19664768,2024-11-29,3.333333333333333
A/Queensland/IN000692/2024|EPI_ISL_19664768,2024-12-01,4.833333333333333
A/Queensland/IN000692/2024|EPI_ISL_19664768,2024-12-02,2.0
A/Queensland/IN000692/2024|EPI_ISL_19664768,2024-12-03,7.0
A/Queensland/IN000692/2024|EPI_ISL_19664768,2024-12-04,5.0
A/Queensland/IN000692/2024|EPI_ISL_19664768,2024-12-05,1.0
A/Queensland/IN000692/2024|EPI_ISL_19664768,2024-12-06,3.0
A/Queensland/IN000692/2024|EPI_ISL_19664768,2024-12-07,3.0
A/Queensland/IN000692/2024|EPI_ISL_19664768,2024-12-08,1.0
A/Queensland/IN000692/2024|EPI_ISL_19664768,2024-12-09,9.0
A/Queensland/IN000692/2024|EPI_ISL_19664768,2024-12-10,11.0
A/Queensland/IN000692/2024|EPI_ISL_19664768,2024-12-11,9.0
A/Queensland/IN000692/2024|EPI_ISL_19664768,2024-12-12,4.0
A/Queensland/IN000692/2024|EPI_ISL_19664768,2024-12-13,7.0
A/Queensland/IN000692/2024|EPI_ISL_19664768,2024-12-14,1.0
A/Queensland/IN000692/2024|EPI_ISL_19664768,2024-12-15,3.0
A/Queensland/IN000692/2024|EPI_ISL_19664768,2024-12-16,8.0
A/Queensland/IN000692/2024|EPI_ISL_19664768,2024-12-17,10.0
A/Queensland/IN000692/2024|EPI_ISL_19664768,2024-12-18,10.0
A/Queensland/IN000692/2024|EPI_ISL_19664768,2024-12-19,11.0
A/Queensland/IN000692/2024|EPI_ISL_19664768,2024-12-20,9.0
A/Queensland/IN000692/2024|EPI_ISL_19664768,2024-12-21,2.0
A/Queensland/IN000692/2024|EPI_ISL_19664768,2024-12-22,3.0
A/Queensland/IN000692/2024|EPI_ISL_19664768,2024-12-23,8.333333333333334
A/Queensland/IN000692/2024|EPI_ISL_19664768,2024-12-24,5.0
A/Queensland/IN000692/2024|EPI_ISL_19664768,2024-12-25,5.0
A/Queensland/IN000692/2024|EPI_ISL_19664768,2024-12-26,7.0
A/Queensland/IN000692/2024|EPI_ISL_19664768,2024-12-27,9.0
A/Queensland/IN000692/2024|EPI_ISL_19664768,2024-12-28,4.0
A/Queensland/IN000692/2024|EPI_ISL_19664768,2024-12-29,1.0
A/Queensland/IN000692/2024|EPI_ISL_19664768,2024-12-30,8.0
A/Queensland/IN000692/2024|EPI_ISL_19664768,2024-12-31,3.0
A/Queensland/IN000692/2024|EPI_ISL_19664768,2025-01-01,7.0
A/Queensland/IN000692/2024|EPI_ISL_19664768,2025-01-02,7.0
A/Queensland/IN000692/2024|EPI_ISL_19664768,2025-01-03,17.0
A/Queensland/IN000692/2024|EPI_ISL_19664768,2025-01-04,5.0
A/Queensland/IN000692/2024|EPI_ISL_19664768,2025-01-05,5.0
A/Queensland/IN000692/2024|EPI_ISL_19664768,2025-01-06,11.0
A/Queensland/IN000692/2024|EPI_ISL_19664768,2025-01-07,8.0
A/Queensland/IN000692/2024|EPI_ISL_19664768,2025-01-08,12.0
A/Queensland/IN000692/2024|EPI_ISL_19664768,2025-01-09,9.0
A/Queensland/IN000692/2024|EPI_ISL_19664768,2025-01-10,5.0
A/Queensland/IN000692/2024|EPI_ISL_19664768,2025-01-11,6.0
A/Queensland/IN000692/2024|EPI_ISL_19664768,2025-01-12,3.0
A/Queensland/IN000692/2024|EPI_ISL_19664768,2025-01-13,17.0
A/Queensland/IN000692/2024|EPI_ISL_19664768,2025-01-14,11.0
A/Queensland/IN000692/2024|EPI_ISL_19664768,2025-01-15,11.0
A/Queensland/IN000692/2024|EPI_ISL_19664768,2025-01-16,8.0
A/Queensland/IN000692/2024|EPI_ISL_19664768,2025-01-17,8.0
A/Queensland/IN000692/2024|EPI_ISL_19664768,2025-01-18,4.0
A/Queensland/IN000692/2024|EPI_ISL_19664768,2025-01-19,4.0
A/Queensland/IN000692/2024|EPI_ISL_19664768,2025-01-20,14.0
A/Queensland/IN000692/2024|EPI_ISL_19664768,2025-01-21,16.0
A/Queensland/IN000692/2024|EPI_ISL_19664768,2025-01-22,9.0
A/Queensland/IN000692/2024|EPI_ISL_19664768,2025-01-23,8.0
A/Queensland/IN000692/2024|EPI_ISL_19664768,2025-01-24,8.0
A/Queensland/IN000692/2024|EPI_ISL_19664768,2025-01-25,6.0
A/Queensland/IN000692/2024|EPI_ISL_19664768,2025-01-26,8.0
A/Queensland/IN000692/2024|EPI_ISL_19664768,2025-01-27,15.0
A/Queensland/IN000692/2024|EPI_ISL_19664768,2025-01-28,13.0
A/Queensland/IN000692/2024|EPI_ISL_19664768,2025-01-29,11.0
A/Queensland/IN000692/2024|EPI_ISL_19664768,2025-01-30,8.0
A/Queensland/IN000692/2024|EPI_ISL_19664768,2025-01-31,16.0
A/Queensland/IN000692/2024|EPI_ISL_19664768,2025-02-01,4.0
A/Queensland/IN000692/2024|EPI_ISL_19664768,2025-02-02,8.0
A/Queensland/IN000692/2024|EPI_ISL_19664768,2025-02-03,16.0
A/Queensland/IN000692/2024|EPI_ISL_19664768,2025-02-04,6.0
A/Queensland/IN000692/2024|EPI_ISL_19664768,2025-02-05,5.0
A/Queensland/IN000692/2024|EPI_ISL_19664768,2025-02-06,8.0
A/Queensland/IN000692/2024|EPI_ISL_19664768,2025-02-07,4.0
A/Queensland/IN000692/2024|EPI_ISL_19664768,2025-02-08,5.0
A/Queensland/IN000692/2024|EPI_ISL_19664768,2025-02-09,2.0
A/Queensland/IN000692/2024|EPI_ISL_19664768,2025-02-10,15.0
A/Queensland/IN000692/2024|EPI_ISL_19664768,2025-02-11,9.0
A/Queensland/IN000692/2024|EPI_ISL_19664768,2025-02-12,6.0
A/Queensland/IN000692/2024|EPI_ISL_19664768,2025-02-13,7.0
A/Queensland/IN000692/2024|EPI_ISL_19664768,2025-02-14,8.0
A/Queensland/IN000692/2024|EPI_ISL_19664768,2025-02-15,4.0
A/Queensland/IN000692/2024|EPI_ISL_19664768,2025-02-16,3.0
A/Queensland/IN000692/2024|EPI_ISL_19664768,2025-02-17,17.0
A/Queensland/IN000692/2024|EPI_ISL_19664768,2025-02-18,12.0
A/Queensland/IN000692/2024|EPI_ISL_19664768,2025-02-19,9.0
A/Queensland/IN000692/2024|EPI_ISL_19664768,2025-02-20,12.0
A/Queensland/IN000692/2024|EPI_ISL_19664768,2025-02-21,14.0
A/Queensland/IN000692/2024|EPI_ISL_19664768,2025-02-22,3.0
A/Queensland/IN000692/2024|EPI_ISL_19664768,2025-02-23,3.0
A/Queensland/IN000692/2024|EPI_ISL_19664768,2025-02-24,13.0
A/Queensland/IN000692/2024|EPI_ISL_19664768,2025-02-25,11.0
A/Queensland/IN000692/2024|EPI_ISL_19664768,2025-02-26,8.0
A/Queensland/IN000692/2024|EPI_ISL_19664768,2025-02-27,5.0
A/Queensland/IN000692/2024|EPI_ISL_19664768,2025-02-28,1.0
A/Queensland/IN000692/2024|EPI_ISL_19664768,2025-03-01,3.0
A/Queensland/IN000692/2024|EPI_ISL_19664768,2025-03-02,6.0
A/Queensland/IN000692/2024|EPI_ISL_19664768,2025-03-03,14.0
A/Queensland/IN000692/2024|EPI_ISL_19664768,2025-03-04,5.0
A/Queensland/IN000692/2024|EPI_ISL_19664768,2025-03-05,8.0
A/Queensland/IN000692/2024|EPI_ISL_19664768,2025-03-06,8.0
A/Queensland/IN000692/2024|EPI_ISL_19664768,2025-03-07,2.0
A/Queensland/IN000692/2024|EPI_ISL_19664768,2025-03-08,3.0
A/Queensland/IN000692/2024|EPI_ISL_19664768,2025-03-09,5.0
A/Queensland/IN000692/2024|EPI_ISL_19664768,2025-03-10,12.0
A/Queensland/IN000692/2024|EPI_ISL_19664768,2025-03-11,9.0
A/Queensland/IN000692/2024|EPI_ISL_19664768,2025-03-12,9.0
A/Queensland/IN000692/2024|EPI_ISL_19664768,2025-03-13,8.0
A/Queensland/IN000692/2024|EPI_ISL_19664768,2025-03-14,7.0
A/Queensland/IN000692/2024|EPI_ISL_19664768,2025-03-15,3.0
A/Queensland/IN000692/2024|EPI_ISL_19664768,2025-03-16,1.0
A/Queensland/IN000692/2024|EPI_ISL_19664768,2025-03-17,10.0
A/Queensland/IN000692/2024|EPI_ISL_19664768,2025-03-18,10.0
A/Queensland/IN000692/2024|EPI_ISL_19664768,2025-03-19,5.0
A/Queensland/IN000692/2024|EPI_ISL_19664768,2025-03-20,3.0
A/Queensland/IN000692/2024|EPI_ISL_19664768,2025-03-21,3.0
A/Queensland/IN000692/2024|EPI_ISL_19664768,2025-03-22,6.0
A/Queensland/IN000692/2024|EPI_ISL_19664768,2025-03-23,3.0
A/Queensland/IN000692/2024|EPI_ISL_19664768,2025-03-24,6.5
A/Queensland/IN000692/2024|EPI_ISL_19664768,2025-03-25,7.0
A/Queensland/IN000692/2024|EPI_ISL_19664768,2025-03-26,6.0
A/Queensland/IN000692/2024|EPI_ISL_19664768,2025-03-27,7.0
A/Queensland/IN000692/2024|EPI_ISL_19664768,2025-03-28,2.0
A/Queensland/IN000692/2024|EPI_ISL_19664768,2025-03-29,1.0
A/Queensland/IN000692/2024|EPI_ISL_19664768,2025-03-30,2.0
A/Queensland/IN000692/2024|EPI_ISL_19664768,2025-03-31,10.0
A/Queensland/IN000692/2024|EPI_ISL_19664768,2025-04-01,7.0
A/Queensland/IN000692/2024|EPI_ISL_19664768,2025-04-02,5.0
A/Queensland/IN000692/2024|EPI_ISL_19664768,2025-04-03,9.0
A/Queensland/IN000692/2024|EPI_ISL_19664768,2025-04-04,8.0
A/Queensland/IN000692/2024|EPI_ISL_19664768,2025-04-05,3.0
A/Queensland/IN000692/2024|EPI_ISL_19664768,2025-04-07,6.0
A/Queensland/IN000692/2024|EPI_ISL_19664768,2025-04-08,9.0
A/Queensland/IN000692/2024|EPI_ISL_19664768,2025-04-09,2.0
A/Queensland/IN000692/2024|EPI_ISL_19664768,2025-04-10,7.0
A/Queensland/IN000692/2024|EPI_ISL_19664768,2025-04-11,3.0
A/Queensland/IN000692/2024|EPI_ISL_19664768,2025-04-12,1.0
A/Queensland/IN000692/2024|EPI_ISL_19664768,2025-04-13,1.0
A/Queensland/IN000692/2024|EPI_ISL_19664768,2025-04-14,8.0
A/Queensland/IN000692/2024|EPI_ISL_19664768,2025-04-15,6.0
A/Queensland/IN000692/2024|EPI_ISL_19664768,2025-04-16,6.0
A/Queensland/IN000692/2024|EPI_ISL_19664768,2025-04-17,6.0
A/Queensland/IN000692/2024|EPI_ISL_19664768,2025-04-18,1.0
A/Queensland/IN000692/2024|EPI_ISL_19664768,2025-04-19,6.0
A/Queensland/IN000692/2024|EPI_ISL_19664768,2025-04-20,3.0
A/Queensland/IN000692/2024|EPI_ISL_19664768,2025-04-21,10.0
A/Queensland/IN000692/2024|EPI_ISL_19664768,2025-04-22,5.0
A/Queensland/IN000692/2024|EPI_ISL_19664768,2025-04-23,6.0
A/Queensland/IN000692/2024|EPI_ISL_19664768,2025-04-24,2.0
A/Queensland/IN000692/2024|EPI_ISL_19664768,2025-04-25,3.0
A/Queensland/IN000692/2024|EPI_ISL_19664768,2025-04-26,1.0
A/Queensland/IN000692/2024|EPI_ISL_19664768,2025-04-28,6.0
A/Queensland/IN000692/2024|EPI_ISL_19664768,2025-04-29,4.0
A/Queensland/IN000692/2024|EPI_ISL_19664768,2025-04-30,5.0
A/Queensland/IN000692/2024|EPI_ISL_19664768,2025-05-01,4.0
A/Queensland/IN000692/2024|EPI_ISL_19664768,2025-05-02,2.0
A/Queensland/IN000692/2024|EPI_ISL_19664768,2025-05-03,5.0
A/Queensland/IN000692/2024|EPI_ISL_19664768,2025-05-04,2.0
A/Queensland/IN000692/2024|EPI_ISL_19664768,2025-05-05,3.0
A/Queensland/IN000692/2024|EPI_ISL_19664768,2025-05-06,5.0
A/Queensland/IN000692/2024|EPI_ISL_19664768,2025-05-07,9.0
A/Queensland/IN000692/2024|EPI_ISL_19664768,2025-05-08,4.0
A/Queensland/IN000692/2024|EPI_ISL_19664768,2025-05-10,1.0
A/Queensland/IN000692/2024|EPI_ISL_19664768,2025-05-11,1.0
A/Queensland/IN000692/2024|EPI_ISL_19664768,2025-05-12,6.0
A/Queensland/IN000692/2024|EPI_ISL_19664768,2025-05-13,5.0
A/Queensland/IN000692/2024|EPI_ISL_19664768,2025-05-14,4.0
A/Queensland/IN000692/2024|EPI_ISL_19664768,2025-05-15,1.0
A/Queensland/IN000692/2024|EPI_ISL_19664768,2025-05-16,3.0
A/Queensland/IN000692/2024|EPI_ISL_19664768,2025-05-17,3.0
A/Queensland/IN000692/2024|EPI_ISL_19664768,2025-05-18,7.0
A/Queensland/IN000692/2024|EPI_ISL_19664768,2025-05-19,5.0
A/Queensland/IN000692/2024|EPI_ISL_19664768,2025-05-20,2.0
A/Queensland/IN000692/2024|EPI_ISL_19664768,2025-05-21,5.0
A/Queensland/IN000692/2024|EPI_ISL_19664768,2025-05-22,2.0
A/Queensland/IN000692/2024|EPI_ISL_19664768,2025-05-23,1.0
A/Queensland/IN000692/2024|EPI_ISL_19664768,2025-05-24,3.0
A/Queensland/IN000692/2024|EPI_ISL_19664768,2025-05-26,3.0
A/Queensland/IN000692/2024|EPI_ISL_19664768,2025-05-27,2.0
A/Queensland/IN000692/2024|EPI_ISL_19664768,2025-05-28,3.0
A/Queensland/IN000692/2024|EPI_ISL_19664768,2025-05-29,6.0
A/Queensland/IN000692/2024|EPI_ISL_19664768,2025-05-30,1.0
A/Queensland/IN000692/2024|EPI_ISL_19664768,2025-05-31,1.0
A/Queensland/IN000692/2024|EPI_ISL_19664768,2025-06-02,3.0
A/Queensland/IN000692/2024|EPI_ISL_19664768,2025-06-03,2.0
A/Queensland/IN000692/2024|EPI_ISL_19664768,2025-06-04,5.0
A/Queensland/IN000692/2024|EPI_ISL_19664768,2025-06-06,3.0
A/Queensland/IN000692/2024|EPI_ISL_19664768,2025-06-07,1.0
A/Queensland/IN000692/2024|EPI_ISL_19664768,2025-06-09,1.0
A/Queensland/IN000692/2024|EPI_ISL_19664768,2025-06-10,1.0
A/Queensland/IN000692/2024|EPI_ISL_19664768,2025-06-11,2.0
A/Queensland/IN000692/2024|EPI_ISL_19664768,2025-06-13,1.0
A/Queensland/IN000692/2024|EPI_ISL_19664768,2025-06-15,1.0
A/Queensland/IN000692/2024|EPI_ISL_19664768,2025-06-18,2.0
A/Queensland/IN000692/2024|EPI_ISL_19664768,2025-06-23,1.0
A/Queensland/IN000692/2024|EPI_ISL_19664768,2025-06-24,2.0
A/Queensland/IN000692/2024|EPI_ISL_19664768,2025-06-30,1.0
A/Queensland/IN000692/2024|EPI_ISL_19664768,2025-07-01,3.0
A/Queensland/IN000692/2024|EPI_ISL_19664768,2025-07-04,1.0
A/Queensland/IN000692/2024|EPI_ISL_19664768,2025-07-06,1.0
A/Queensland/IN000692/2024|EPI_ISL_19664768,2025-07-07,2.0
A/Queensland/IN000692/2024|EPI_ISL_19664768,2025-07-17,1.0
A/Queensland/IN000803/2024|EPI_ISL_19664823,2024-10-19,1.0
A/Queensland/IN000803/2024|EPI_ISL_19664823,2024-10-29,1.0
A/Queensland/IN000803/2024|EPI_ISL_19664823,2024-11-04,1.0
A/Queensland/IN000803/2024|EPI_ISL_19664823,2024-11-14,1.0
A/Queensland/IN000803/2024|EPI_ISL_19664823,2024-11-17,1.0
A/Queensland/IN000803/2024|EPI_ISL_19664823,2024-11-18,1.0
A/Queensland/IN000803/2024|EPI_ISL_19664823,2024-11-19,1.0
A/Queensland/IN000803/2024|EPI_ISL_19664823,2024-11-21,1.0
A/Queensland/IN000803/2024|EPI_ISL_19664823,2024-11-22,1.0
A/Queensland/IN000803/2024|EPI_ISL_19664823,2024-11-28,1.0
A/Queensland/IN000803/2024|EPI_ISL_19664823,2024-12-02,1.0
A/Queensland/IN000803/2024|EPI_ISL_19664823,2024-12-09,1.0
A/Queensland/IN000803/2024|EPI_ISL_19664823,2024-12-11,2.0
A/Queensland/IN000803/2024|EPI_ISL_19664823,2024-12-12,1.0
A/Queensland/IN000803/2024|EPI_ISL_19664823,2024-12-13,3.0
A/Queensland/IN000803/2024|EPI_ISL_19664823,2024-12-14,2.0
A/Queensland/IN000803/2024|EPI_ISL_19664823,2024-12-15,2.0
A/Queensland/IN000803/2024|EPI_ISL_19664823,2024-12-16,5.0
A/Queensland/IN000803/2024|EPI_ISL_19664823,2024-12-19,2.0
A/Queensland/IN000803/2024|EPI_ISL_19664823,2024-12-20,1.0
A/Queensland/IN000803/2024|EPI_ISL_19664823,2024-12-22,1.0
A/Queensland/IN000803/2024|EPI_ISL_19664823,2024-12-23,5.0
A/Queensland/IN000803/2024|EPI_ISL_19664823,2024-12-24,4.0
A/Queensland/IN000803/2024|EPI_ISL_19664823,2024-12-25,3.0
A/Queensland/IN000803/2024|EPI_ISL_19664823,2024-12-26,6.0
A/Queensland/IN000803/2024|EPI_ISL_19664823,2024-12-27,5.0
A/Queensland/IN000803/2024|EPI_ISL_19664823,2024-12-28,1.0
A/Queensland/IN000803/2024|EPI_ISL_19664823,2024-12-29,5.0
A/Queensland/IN000803/2024|EPI_ISL_19664823,2024-12-30,1.0
A/Queensland/IN000803/2024|EPI_ISL_19664823,2024-12-31,3.0
A/Queensland/IN000803/2024|EPI_ISL_19664823,2025-01-01,1.0
A/Queensland/IN000803/2024|EPI_ISL_19664823,2025-01-02,4.0
A/Queensland/IN000803/2024|EPI_ISL_19664823,2025-01-03,1.0
A/Queensland/IN000803/2024|EPI_ISL_19664823,2025-01-04,1.0
A/Queensland/IN000803/2024|EPI_ISL_19664823,2025-01-05,1.0
A/Queensland/IN000803/2024|EPI_ISL_19664823,2025-01-06,2.0
A/Queensland/IN000803/2024|EPI_ISL_19664823,2025-01-07,6.0
A/Queensland/IN000803/2024|EPI_ISL_19664823,2025-01-08,3.0
A/Queensland/IN000803/2024|EPI_ISL_19664823,2025-01-09,1.0
A/Queensland/IN000803/2024|EPI_ISL_19664823,2025-01-10,4.0
A/Queensland/IN000803/2024|EPI_ISL_19664823,2025-01-11,3.0
A/Queensland/IN000803/2024|EPI_ISL_19664823,2025-01-12,2.0
A/Queensland/IN000803/2024|EPI_ISL_19664823,2025-01-14,1.0
A/Queensland/IN000803/2024|EPI_ISL_19664823,2025-01-15,2.0
A/Queensland/IN000803/2024|EPI_ISL_19664823,2025-01-16,1.0
A/Queensland/IN000803/2024|EPI_ISL_19664823,2025-01-18,3.0
A/Queensland/IN000803/2024|EPI_ISL_19664823,2025-01-19,4.0
A/Queensland/IN000803/2024|EPI_ISL_19664823,2025-01-20,4.0
A/Queensland/IN000803/2024|EPI_ISL_19664823,2025-01-21,2.0
A/Queensland/IN000803/2024|EPI_ISL_19664823,2025-01-23,5.0
A/Queensland/IN000803/2024|EPI_ISL_19664823,2025-01-24,3.0
A/Queensland/IN000803/2024|EPI_ISL_19664823,2025-01-26,3.0
A/Queensland/IN000803/2024|EPI_ISL_19664823,2025-01-27,4.0
A/Queensland/IN000803/2024|EPI_ISL_19664823,2025-01-28,2.0
A/Queensland/IN000803/2024|EPI_ISL_19664823,2025-01-29,4.0
A/Queensland/IN000803/2024|EPI_ISL_19664823,2025-01-30,3.0
A/Queensland/IN000803/2024|EPI_ISL_19664823,2025-01-31,1.0
A/Queensland/IN000803/2024|EPI_ISL_19664823,2025-02-02,4.0
A/Queensland/IN000803/2024|EPI_ISL_19664823,2025-02-03,1.0
A/Queensland/IN000803/2024|EPI_ISL_19664823,2025-02-04,3.0
A/Queensland/IN000803/2024|EPI_ISL_19664823,2025-02-05,3.0
A/Queensland/IN000803/2024|EPI_ISL_19664823,2025-02-07,1.0
A/Queensland/IN000803/2024|EPI_ISL_19664823,2025-02-08,2.0
A/Queensland/IN000803/2024|EPI_ISL_19664823,2025-02-09,1.0
A/Queensland/IN000803/2024|EPI_ISL_19664823,2025-02-11,3.0
A/Queensland/IN000803/2024|EPI_ISL_19664823,2025-02-12,1.0
A/Queensland/IN000803/2024|EPI_ISL_19664823,2025-02-13,1.0
A/Queensland/IN000803/2024|EPI_ISL_19664823,2025-02-14,3.0
A/Queensland/IN000803/2024|EPI_ISL_19664823,2025-02-16,2.0
A/Queensland/IN000803/2024|EPI_ISL_19664823,2025-02-18,2.0
A/Queensland/IN000803/2024|EPI_ISL_19664823,2025-02-19,2.0
A/Queensland/IN000803/2024|EPI_ISL_19664823,2025-02-20,1.0
A/Queensland/IN000803/2024|EPI_ISL_19664823,2025-02-21,1.0
A/Queensland/IN000803/2024|EPI_ISL_19664823,2025-02-22,1.0
A/Queensland/IN000803/2024|EPI_ISL_19664823,2025-02-23,1.0
A/Queensland/IN000803/2024|EPI_ISL_19664823,2025-02-25,2.0
A/Queensland/IN000803/2024|EPI_ISL_19664823,2025-02-26,1.0
A/Queensland/IN000803/2024|EPI_ISL_19664823,2025-03-03,1.0
A/Queensland/IN000803/2024|EPI_ISL_19664823,2025-03-04,2.0
A/Queensland/IN000803/2024|EPI_ISL_19664823,2025-03-05,2.0
A/Queensland/IN000803/2024|EPI_ISL_19664823,2025-03-06,1.0
A/Queensland/IN000803/2024|EPI_ISL_19664823,2025-03-09,1.0
A/Queensland/IN000803/2024|EPI_ISL_19664823,2025-03-10,1.0
A/Queensland/IN000803/2024|EPI_ISL_19664823,2025-03-11,2.0
A/Queensland/IN000803/2024|EPI_ISL_19664823,2025-03-12,1.0
A/Queensland/IN000803/2024|EPI_ISL_19664823,2025-03-13,1.0
A/Queensland/IN000803/2024|EPI_ISL_19664823,2025-04-01,1.0
A/Queensland/IN000803/2024|EPI_ISL_19664823,2025-04-03,1.0
A/Queensland/IN000803/2024|EPI_ISL_19664823,2025-04-05,1.0
A/Queensland/IN000803/2024|EPI_ISL_19664823,2025-04-08,1.0
A/Queensland/IN000803/2024|EPI_ISL_19664823,2025-04-10,1.0
A/Queensland/IN000803/2024|EPI_ISL_19664823,2025-04-14,1.0
A/Queensland/IN000803/2024|EPI_ISL_19664823,2025-04-22,1.0
A/Queensland/IN000803/2024|EPI_ISL_19664823,2025-04-24,1.0
A/Queensland/IN000803/2024|EPI_ISL_19664823,2025-04-28,1.0
A/Queensland/IN000803/2024|EPI_ISL_19664823,2025-05-11,1.0
A/Queensland/IN000803/2024|EPI_ISL_19664823,2025-05-12,1.0
A/Queensland/IN000803/2024|EPI_ISL_19664823,2025-05-19,2.0
A/Rhode_Island/15446/2025|EPI_ISL_19774046,2024-12-19,1.0
A/Rhode_Island/15446/2025|EPI_ISL_19774046,2024-12-23,1.0
A/Rhode_Island/15446/2025|EPI_ISL_19774046,2025-01-02,1.0
A/Rhode_Island/15446/2025|EPI_ISL_19774046,2025-01-08,1.0
A/Rhode_Island/15446/2025|EPI_ISL_19774046,2025-01-13,2.0
A/Rhode_Island/15446/2025|EPI_ISL_19774046,2025-01-24,1.0
A/Rhode_Island/15446/2025|EPI_ISL_19774046,2025-01-27,2.0
A/Rhode_Island/15446/2025|EPI_ISL_19774046,2025-01-29,1.0
A/Rhode_Island/15446/2025|EPI_ISL_19774046,2025-02-02,1.0
A/Rhode_Island/15446/2025|EPI_ISL_19774046,2025-02-03,1.0
A/Rhode_Island/15446/2025|EPI_ISL_19774046,2025-02-12,1.0
A/Rhode_Island/15446/2025|EPI_ISL_19774046,2025-03-01,1.0
A/Rhode_Island/15446/2025|EPI_ISL_19774046,2025-03-03,1.0
A/Rhode_Island/15446/2025|EPI_ISL_19774046,2025-03-18,1.0
A/Rhode_Island/15446/2025|EPI_ISL_19774046,2025-05-21,1.0
A/Rhode_Island/15446/2025|EPI_ISL_19774046,2025-06-11,1.0
A/Rhode_Island/66/2024|EPI_ISL_19667940,2024-11-26,1.0
A/Rhode_Island/66/2024|EPI_ISL_19667940,2025-01-03,1.0
A/Rhode_Island/66/2024|EPI_ISL_19667940,2025-01-22,1.0
A/Rhode_Island/66/2024|EPI_ISL_19667940,2025-01-24,2.0
A/Rhode_Island/66/2024|EPI_ISL_19667940,2025-01-27,1.0
A/Rhode_Island/66/2024|EPI_ISL_19667940,2025-01-28,1.0
A/Rhode_Island/66/2024|EPI_ISL_19667940,2025-02-05,1.0
A/Rhode_Island/66/2024|EPI_ISL_19667940,2025-02-07,1.0
A/Rhode_Island/66/2024|EPI_ISL_19667940,2025-02-17,1.0
A/Rhode_Island/66/2024|EPI_ISL_19667940,2025-03-25,1.0
A/Santa_Catarina/333/2025|EPI_ISL_19786875,2024-04-18,1.2857142857142856
A/Santa_Catarina/333/2025|EPI_ISL_19786875,2024-04-19,0.8571428571428571
A/Santa_Catarina/333/2025|EPI_ISL_19786875,2024-04-20,0.2857142857142857
A/Santa_Catarina/333/2025|EPI_ISL_19786875,2024-04-21,0.42857142857142855
A/Santa_Catarina/333/2025|EPI_ISL_19786875,2024-04-22,1.4285714285714284
A/Santa_Catarina/333/2025|EPI_ISL_19786875,2024-04-23,1.857142857142857
A/Santa_Catarina/333/2025|EPI_ISL_19786875,2024-04-24,1.5714285714285714
A/Santa_Catarina/333/2025|EPI_ISL_19786875,2024-04-25,1.5714285714285714
A/Santa_Catarina/333/2025|EPI_ISL_19786875,2024-04-26,1.2857142857142856
A/Santa_Catarina/333/2025|EPI_ISL_19786875,2024-04-27,0.5714285714285714
A/Santa_Catarina/333/2025|EPI_ISL_19786875,2024-04-28,1.2857142857142856
A/Santa_Catarina/333/2025|EPI_ISL_19786875,2024-04-29,1.2857142857142856
A/Santa_Catarina/333/2025|EPI_ISL_19786875,2024-04-30,1.1428571428571428
A/Santa_Catarina/333/2025|EPI_ISL_19786875,2024-05-01,0.7142857142857142
A/Santa_Catarina/333/2025|EPI_ISL_19786875,2024-05-02,0.42857142857142855
A/Santa_Catarina/333/2025|EPI_ISL_19786875,2024-05-03,1.2857142857142856
A/Santa_Catarina/333/2025|EPI_ISL_19786875,2024-05-04,1.1428571428571428
A/Santa_Catarina/333/2025|EPI_ISL_19786875,2024-05-05,1.1428571428571428
A/Santa_Catarina/333/2025|EPI_ISL_19786875,2024-05-06,2.142857142857143
A/Santa_Catarina/333/2025|EPI_ISL_19786875,2024-05-07,1.0
A/Santa_Catarina/333/2025|EPI_ISL_19786875,2024-05-08,1.0
A/Santa_Catarina/333/2025|EPI_ISL_19786875,2024-05-09,0.5714285714285714
A/Santa_Catarina/333/2025|EPI_ISL_19786875,2024-05-10,0.7142857142857142
A/Santa_Catarina/333/2025|EPI_ISL_19786875,2024-05-11,0.7142857142857142
A/Santa_Catarina/333/2025|EPI_ISL_19786875,2024-05-12,0.2857142857142857
A/Santa_Catarina/333/2025|EPI_ISL_19786875,2024-05-13,1.2857142857142856
A/Santa_Catarina/333/2025|EPI_ISL_19786875,2024-05-14,1.2857142857142856
A/Santa_Catarina/333/2025|EPI_ISL_19786875,2024-05-15,1.5714285714285714
A/Santa_Catarina/333/2025|EPI_ISL_19786875,2024-05-16,1.1428571428571428
A/Santa_Catarina/333/2025|EPI_ISL_19786875,2024-05-17,0.7142857142857142
A/Santa_Catarina/333/2025|EPI_ISL_19786875,2024-05-18,0.8571428571428571
A/Santa_Catarina/333/2025|EPI_ISL_19786875,2024-05-19,1.8571428571428572
A/Santa_Catarina/333/2025|EPI_ISL_19786875,2024-05-20,1.4285714285714284
A/Santa_Catarina/333/2025|EPI_ISL_19786875,2024-05-21,2.0
A/Santa_Catarina/333/2025|EPI_ISL_19786875,2024-05-22,1.0
A/Santa_Catarina/333/2025|EPI_ISL_19786875,2024-05-23,2.071428571428571
A/Santa_Catarina/333/2025|EPI_ISL_19786875,2024-05-24,0.8571428571428571
A/Santa_Catarina/333/2025|EPI_ISL_19786875,2024-05-25,0.2857142857142857
A/Santa_Catarina/333/2025|EPI_ISL_19786875,2024-05-26,0.2857142857142857
A/Santa_Catarina/333/2025|EPI_ISL_19786875,2024-05-27,2.4285714285714284
A/Santa_Catarina/333/2025|EPI_ISL_19786875,2024-05-28,0.2857142857142857
A/Santa_Catarina/333/2025|EPI_ISL_19786875,2024-05-29,0.5714285714285714
A/Santa_Catarina/333/2025|EPI_ISL_19786875,2024-05-31,0.42857142857142855
A/Santa_Catarina/333/2025|EPI_ISL_19786875,2024-06-01,1.2857142857142856
A/Santa_Catarina/333/2025|EPI_ISL_19786875,2024-06-02,0.2857142857142857
A/Santa_Catarina/333/2025|EPI_ISL_19786875,2024-06-03,1.857142857142857
A/Santa_Catarina/333/2025|EPI_ISL_19786875,2024-06-04,0.5714285714285714
A/Santa_Catarina/333/2025|EPI_ISL_19786875,2024-06-05,0.8571428571428571
A/Santa_Catarina/333/2025|EPI_ISL_19786875,2024-06-06,0.14285714285714285
A/Santa_Catarina/333/2025|EPI_ISL_19786875,2024-06-08,0.2857142857142857
A/Santa_Catarina/333/2025|EPI_ISL_19786875,2024-06-09,1.1428571428571428
A/Santa_Catarina/333/2025|EPI_ISL_19786875,2024-06-10,0.42857142857142855
A/Santa_Catarina/333/2025|EPI_ISL_19786875,2024-06-11,0.5714285714285714
A/Santa_Catarina/333/2025|EPI_ISL_19786875,2024-06-12,1.0
A/Santa_Catarina/333/2025|EPI_ISL_19786875,2024-06-14,1.5714285714285714
A/Santa_Catarina/333/2025|EPI_ISL_19786875,2024-06-15,0.14285714285714285
A/Santa_Catarina/333/2025|EPI_ISL_19786875,2024-06-16,0.42857142857142855
A/Santa_Catarina/333/2025|EPI_ISL_19786875,2024-06-17,0.42857142857142855
A/Santa_Catarina/333/2025|EPI_ISL_19786875,2024-06-18,0.42857142857142855
A/Santa_Catarina/333/2025|EPI_ISL_19786875,2024-06-19,1.5714285714285714
A/Santa_Catarina/333/2025|EPI_ISL_19786875,2024-06-20,1.9285714285714286
A/Santa_Catarina/333/2025|EPI_ISL_19786875,2024-06-22,0.14285714285714285
A/Santa_Catarina/333/2025|EPI_ISL_19786875,2024-06-24,1.1428571428571428
A/Santa_Catarina/333/2025|EPI_ISL_19786875,2024-06-25,0.2857142857142857
A/Santa_Catarina/333/2025|EPI_ISL_19786875,2024-06-26,0.14285714285714285
A/Santa_Catarina/333/2025|EPI_ISL_19786875,2024-06-27,0.5714285714285714
A/Santa_Catarina/333/2025|EPI_ISL_19786875,2024-06-28,0.7142857142857142
A/Santa_Catarina/333/2025|EPI_ISL_19786875,2024-06-30,0.2857142857142857
A/Santa_Catarina/333/2025|EPI_ISL_19786875,2024-07-01,0.5714285714285714
A/Santa_Catarina/333/2025|EPI_ISL_19786875,2024-07-02,1.2857142857142856
A/Santa_Catarina/333/2025|EPI_ISL_19786875,2024-07-03,0.14285714285714285
A/Santa_Catarina/333/2025|EPI_ISL_19786875,2024-07-05,0.42857142857142855
A/Santa_Catarina/333/2025|EPI_ISL_19786875,2024-07-07,0.14285714285714285
A/Santa_Catarina/333/2025|EPI_ISL_19786875,2024-07-08,0.14285714285714285
A/Santa_Catarina/333/2025|EPI_ISL_19786875,2024-07-09,1.4285714285714286
A/Santa_Catarina/333/2025|EPI_ISL_19786875,2024-07-10,1.2857142857142856
A/Santa_Catarina/333/2025|EPI_ISL_19786875,2024-07-11,0.2857142857142857
A/Santa_Catarina/333/2025|EPI_ISL_19786875,2024-07-12,1.0
A/Santa_Catarina/333/2025|EPI_ISL_19786875,2024-07-13,0.14285714285714285
A/Santa_Catarina/333/2025|EPI_ISL_19786875,2024-07-14,0.14285714285714285
A/Santa_Catarina/333/2025|EPI_ISL_19786875,2024-07-15,0.42857142857142855
A/Santa_Catarina/333/2025|EPI_ISL_19786875,2024-07-16,0.42857142857142855
A/Santa_Catarina/333/2025|EPI_ISL_19786875,2024-07-17,0.8571428571428571
A/Santa_Catarina/333/2025|EPI_ISL_19786875,2024-07-18,0.5714285714285714
A/Santa_Catarina/333/2025|EPI_ISL_19786875,2024-07-19,0.14285714285714285
A/Santa_Catarina/333/2025|EPI_ISL_19786875,2024-07-22,1.2857142857142856
A/Santa_Catarina/333/2025|EPI_ISL_19786875,2024-07-23,1.2857142857142856
A/Santa_Catarina/333/2025|EPI_ISL_19786875,2024-07-26,0.14285714285714285
A/Santa_Catarina/333/2025|EPI_ISL_19786875,2024-07-28,0.14285714285714285
A/Santa_Catarina/333/2025|EPI_ISL_19786875,2024-07-29,0.14285714285714285
A/Santa_Catarina/333/2025|EPI_ISL_19786875,2024-07-30,0.6428571428571428
A/Santa_Catarina/333/2025|EPI_ISL_19786875,2024-07-31,0.2857142857142857
A/Santa_Catarina/333/2025|EPI_ISL_19786875,2024-08-01,0.14285714285714285
A/Santa_Catarina/333/2025|EPI_ISL_19786875,2024-08-02,0.42857142857142855
A/Santa_Catarina/333/2025|EPI_ISL_19786875,2024-08-03,0.2857142857142857
A/Santa_Catarina/333/2025|EPI_ISL_19786875,2024-08-05,0.2857142857142857
A/Santa_Catarina/333/2025|EPI_ISL_19786875,2024-08-06,0.2857142857142857
A/Santa_Catarina/333/2025|EPI_ISL_19786875,2024-08-07,0.2857142857142857
A/Santa_Catarina/333/2025|EPI_ISL_19786875,2024-08-10,0.14285714285714285
A/Santa_Catarina/333/2025|EPI_ISL_19786875,2024-08-11,0.14285714285714285
A/Santa_Catarina/333/2025|EPI_ISL_19786875,2024-08-12,0.2857142857142857
A/Santa_Catarina/333/2025|EPI_ISL_19786875,2024-08-17,0.14285714285714285
A/Santa_Catarina/333/2025|EPI_ISL_19786875,2024-08-21,0.42857142857142855
A/Santa_Catarina/333/2025|EPI_ISL_19786875,2024-08-22,0.6428571428571428
A/Santa_Catarina/333/2025|EPI_ISL_19786875,2024-08-23,0.14285714285714285
A/Santa_Catarina/333/2025|EPI_ISL_19786875,2024-08-25,1.6428571428571428
A/Santa_Catarina/333/2025|EPI_ISL_19786875,2024-08-26,0.14285714285714285
A/Santa_Catarina/333/2025|EPI_ISL_19786875,2024-08-29,0.14285714285714285
A/Santa_Catarina/333/2025|EPI_ISL_19786875,2024-08-31,0.14285714285714285
A/Santa_Catarina/333/2025|EPI_ISL_19786875,2024-09-01,0.5
A/Santa_Catarina/333/2025|EPI_ISL_19786875,2024-09-04,0.14285714285714285
A/Santa_Catarina/333/2025|EPI_ISL_19786875,2024-09-09,1.5714285714285714
A/Santa_Catarina/333/2025|EPI_ISL_19786875,2024-09-12,0.6428571428571428
A/Santa_Catarina/333/2025|EPI_ISL_19786875,2024-09-16,0.2857142857142857
A/Santa_Catarina/333/2025|EPI_ISL_19786875,2024-09-18,1.0
A/Santa_Catarina/333/2025|EPI_ISL_19786875,2024-09-19,1.0
A/Santa_Catarina/333/2025|EPI_ISL_19786875,2024-09-21,0.14285714285714285
A/Santa_Catarina/333/2025|EPI_ISL_19786875,2024-09-22,1.0
A/Santa_Catarina/333/2025|EPI_ISL_19786875,2024-09-23,0.7857142857142857
A/Santa_Catarina/333/2025|EPI_ISL_19786875,2024-09-24,1.0
A/Santa_Catarina/333/2025|EPI_ISL_19786875,2024-09-25,0.5
A/Santa_Catarina/333/2025|EPI_ISL_19786875,2024-09-26,0.14285714285714285
A/Santa_Catarina/333/2025|EPI_ISL_19786875,2024-09-27,0.2857142857142857
A/Santa_Catarina/333/2025|EPI_ISL_19786875,2024-09-29,0.14285714285714285
A/Santa_Catarina/333/2025|EPI_ISL_19786875,2024-09-30,0.14285714285714285
A/Santa_Catarina/333/2025|EPI_ISL_19786875,2024-10-03,0.14285714285714285
A/Santa_Catarina/333/2025|EPI_ISL_19786875,2024-10-04,0.42857142857142855
A/Santa_Catarina/333/2025|EPI_ISL_19786875,2024-10-07,1.1428571428571428
A/Santa_Catarina/333/2025|EPI_ISL_19786875,2024-10-09,1.0
A/Santa_Catarina/333/2025|EPI_ISL_19786875,2024-10-11,0.5
A/Santa_Catarina/333/2025|EPI_ISL_19786875,2024-10-12,0.5
A/Santa_Catarina/333/2025|EPI_ISL_19786875,2024-10-13,1.0
A/Santa_Catarina/333/2025|EPI_ISL_19786875,2024-10-14,0.7857142857142857
A/Santa_Catarina/333/2025|EPI_ISL_19786875,2024-10-17,0.14285714285714285
A/Santa_Catarina/333/2025|EPI_ISL_19786875,2024-10-23,0.5
A/Santa_Catarina/333/2025|EPI_ISL_19786875,2024-10-28,0.14285714285714285
A/Santa_Catarina/333/2025|EPI_ISL_19786875,2024-10-31,0.14285714285714285
A/Santa_Catarina/333/2025|EPI_ISL_19786875,2024-11-01,0.14285714285714285
A/Santa_Catarina/333/2025|EPI_ISL_19786875,2024-11-02,0.2857142857142857
A/Santa_Catarina/333/2025|EPI_ISL_19786875,2024-11-03,0.14285714285714285
A/Santa_Catarina/333/2025|EPI_ISL_19786875,2024-11-04,0.14285714285714285
A/Santa_Catarina/333/2025|EPI_ISL_19786875,2024-11-05,0.5
A/Santa_Catarina/333/2025|EPI_ISL_19786875,2024-11-07,1.6428571428571428
A/Santa_Catarina/333/2025|EPI_ISL_19786875,2024-11-11,1.0
A/Santa_Catarina/333/2025|EPI_ISL_19786875,2024-11-12,0.2857142857142857
A/Santa_Catarina/333/2025|EPI_ISL_19786875,2024-11-13,0.14285714285714285
A/Santa_Catarina/333/2025|EPI_ISL_19786875,2024-11-16,0.14285714285714285
A/Santa_Catarina/333/2025|EPI_ISL_19786875,2024-11-20,1.6428571428571428
A/Santa_Catarina/333/2025|EPI_ISL_19786875,2024-11-21,1.1428571428571428
A/Santa_Catarina/333/2025|EPI_ISL_19786875,2024-11-22,0.7857142857142857
A/Santa_Catarina/333/2025|EPI_ISL_19786875,2024-11-29,0.14285714285714285
A/Santa_Catarina/333/2025|EPI_ISL_19786875,2024-12-01,0.5
A/Santa_Catarina/333/2025|EPI_ISL_19786875,2024-12-02,1.0
A/Santa_Catarina/333/2025|EPI_ISL_19786875,2024-12-03,0.14285714285714285
A/Santa_Catarina/333/2025|EPI_ISL_19786875,2024-12-04,1.5
A/Santa_Catarina/333/2025|EPI_ISL_19786875,2024-12-09,1.5
A/Santa_Catarina/333/2025|EPI_ISL_19786875,2024-12-10,0.5
A/Santa_Catarina/333/2025|EPI_ISL_19786875,2024-12-11,0.14285714285714285
A/Santa_Catarina/333/2025|EPI_ISL_19786875,2024-12-12,0.5
A/Santa_Catarina/333/2025|EPI_ISL_19786875,2024-12-20,0.6428571428571428
A/Santa_Catarina/333/2025|EPI_ISL_19786875,2024-12-23,0.14285714285714285
A/Santa_Catarina/333/2025|EPI_ISL_19786875,2024-12-30,0.5
A/Santa_Catarina/333/2025|EPI_ISL_19786875,2025-01-02,0.6428571428571428
A/Santa_Catarina/333/2025|EPI_ISL_19786875,2025-01-03,0.14285714285714285
A/Santa_Catarina/333/2025|EPI_ISL_19786875,2025-01-05,2.0
A/Santa_Catarina/333/2025|EPI_ISL_19786875,2025-01-06,1.0
A/Santa_Catarina/333/2025|EPI_ISL_19786875,2025-01-08,0.14285714285714285
A/Santa_Catarina/333/2025|EPI_ISL_19786875,2025-01-09,0.14285714285714285
A/Santa_Catarina/333/2025|EPI_ISL_19786875,2025-01-10,1.0
A/Santa_Catarina/333/2025|EPI_ISL_19786875,2025-01-13,0.5
A/Santa_Catarina/333/2025|EPI_ISL_19786875,2025-01-14,0.5
A/Santa_Catarina/333/2025|EPI_ISL_19786875,2025-01-17,0.14285714285714285
A/Santa_Catarina/333/2025|EPI_ISL_19786875,2025-01-20,0.14285714285714285
A/Santa_Catarina/333/2025|EPI_ISL_19786875,2025-01-21,0.5
A/Santa_Catarina/333/2025|EPI_ISL_19786875,2025-01-29,1.0
A/Santa_Catarina/333/2025|EPI_ISL_19786875,2025-01-30,1.0
A/Santa_Catarina/333/2025|EPI_ISL_19786875,2025-02-03,1.0
A/Santa_Catarina/333/2025|EPI_ISL_19786875,2025-02-06,1.0
A/Santa_Catarina/333/2025|EPI_ISL_19786875,2025-02-22,1.0
A/Santa_Catarina/333/2025|EPI_ISL_19786875,2025-02-24,1.0
A/Santa_Catarina/333/2025|EPI_ISL_19786875,2025-02-26,1.0
A/Santa_Catarina/333/2025|EPI_ISL_19786875,2025-03-01,1.0
A/Santa_Catarina/333/2025|EPI_ISL_19786875,2025-03-03,1.0
A/Santa_Catarina/333/2025|EPI_ISL_19786875,2025-03-11,1.5
A/Santa_Catarina/333/2025|EPI_ISL_19786875,2025-03-14,2.0
A/Santa_Catarina/333/2025|EPI_ISL_19786875,2025-03-17,2.0
A/Santa_Catarina/333/2025|EPI_ISL_19786875,2025-03-18,1.0
A/Santa_Catarina/333/2025|EPI_ISL_19786875,2025-03-23,0.14285714285714285
A/Santa_Catarina/333/2025|EPI_ISL_19786875,2025-03-24,1.0
A/Santa_Catarina/333/2025|EPI_ISL_19786875,2025-03-25,1.0
A/Santa_Catarina/333/2025|EPI_ISL_19786875,2025-03-29,0.14285714285714285
A/Santa_Catarina/333/2025|EPI_ISL_19786875,2025-04-06,2.0
A/Santa_Catarina/333/2025|EPI_ISL_19786875,2025-04-07,1.0
A/Santa_Catarina/333/2025|EPI_ISL_19786875,2025-04-08,1.0
A/Santa_Catarina/333/2025|EPI_ISL_19786875,2025-04-10,1.0
A/Santa_Catarina/333/2025|EPI_ISL_19786875,2025-04-13,1.0
A/Santa_Catarina/333/2025|EPI_ISL_19786875,2025-04-14,1.0
A/Santa_Catarina/333/2025|EPI_ISL_19786875,2025-04-16,1.0
A/Santa_Catarina/333/2025|EPI_ISL_19786875,2025-04-17,1.0
A/Santa_Catarina/333/2025|EPI_ISL_19786875,2025-04-24,1.0
A/Santa_Catarina/333/2025|EPI_ISL_19786875,2025-04-25,1.0
A/Santa_Catarina/333/2025|EPI_ISL_19786875,2025-04-29,1.0
A/Santa_Catarina/333/2025|EPI_ISL_19786875,2025-05-06,3.0
A/Santa_Catarina/333/2025|EPI_ISL_19786875,2025-05-08,1.0
A/Santa_Catarina/333/2025|EPI_ISL_19786875,2025-05-09,1.0
A/Santa_Catarina/333/2025|EPI_ISL_19786875,2025-05-17,2.0
A/Santa_Catarina/333/2025|EPI_ISL_19786875,2025-05-18,1.0
A/Santa_Catarina/333/2025|EPI_ISL_19786875,2025-05-21,0.5
A/Santa_Catarina/333/2025|EPI_ISL_19786875,2025-05-31,1.0
A/Santa_Catarina/333/2025|EPI_ISL_19786875,2025-06-01,1.0
A/Santa_Catarina/333/2025|EPI_ISL_19786875,2025-06-04,0.14285714285714285
A/Sao_Paulo/358026766-IAL/2024|EPI_ISL_19647100,2024-11-11,1.0
A/Sao_Paulo/358026766-IAL/2024|EPI_ISL_19647100,2025-01-09,0.5
A/Saskatchewan/RV04835/2024|EPI_ISL_19565825,2024-05-22,1.0
A/Saskatchewan/RV04835/2024|EPI_ISL_19565825,2024-06-17,1.0
A/Saskatchewan/RV04835/2024|EPI_ISL_19565825,2024-07-10,2.0
A/Saskatchewan/RV04835/2024|EPI_ISL_19565825,2024-07-15,1.0
A/Saskatchewan/RV04835/2024|EPI_ISL_19565825,2024-07-17,1.0
A/Saskatchewan/RV04835/2024|EPI_ISL_19565825,2024-07-23,1.0
A/Saskatchewan/RV04835/2024|EPI_ISL_19565825,2024-07-24,1.0
A/Saskatchewan/RV04835/2024|EPI_ISL_19565825,2024-07-30,2.0
A/Saskatchewan/RV04835/2024|EPI_ISL_19565825,2024-08-01,1.0
A/Saskatchewan/RV04835/2024|EPI_ISL_19565825,2024-08-02,1.0
A/Saskatchewan/RV04835/2024|EPI_ISL_19565825,2024-08-03,1.0
A/Saskatchewan/RV04835/2024|EPI_ISL_19565825,2024-08-04,1.0
A/Saskatchewan/RV04835/2024|EPI_ISL_19565825,2024-08-05,2.0
A/Saskatchewan/RV04835/2024|EPI_ISL_19565825,2024-08-06,1.0
A/Saskatchewan/RV04835/2024|EPI_ISL_19565825,2024-08-07,1.0
A/Saskatchewan/RV04835/2024|EPI_ISL_19565825,2024-08-09,1.0
A/Saskatchewan/RV04835/2024|EPI_ISL_19565825,2024-08-12,1.0
A/Saskatchewan/RV04835/2024|EPI_ISL_19565825,2024-08-13,1.0
A/Saskatchewan/RV04835/2024|EPI_ISL_19565825,2024-08-14,1.0
A/Saskatchewan/RV04835/2024|EPI_ISL_19565825,2024-08-15,1.0
A/Saskatchewan/RV04835/2024|EPI_ISL_19565825,2024-08-19,1.0
A/Saskatchewan/RV04835/2024|EPI_ISL_19565825,2024-08-23,1.0
A/Saskatchewan/RV04835/2024|EPI_ISL_19565825,2024-08-24,1.0
A/Saskatchewan/RV04835/2024|EPI_ISL_19565825,2024-08-25,2.0
A/Saskatchewan/RV04835/2024|EPI_ISL_19565825,2024-08-26,1.0
A/Saskatchewan/RV04835/2024|EPI_ISL_19565825,2024-08-28,2.0
A/Saskatchewan/RV04835/2024|EPI_ISL_19565825,2024-08-29,1.0
A/Saskatchewan/RV04835/2024|EPI_ISL_19565825,2024-08-30,2.0
A/Saskatchewan/RV04835/2024|EPI_ISL_19565825,2024-09-10,2.0
A/Saskatchewan/RV04835/2024|EPI_ISL_19565825,2024-09-11,2.0
A/Saskatchewan/RV04835/2024|EPI_ISL_19565825,2024-09-12,2.0
A/Saskatchewan/RV04835/2024|EPI_ISL_19565825,2024-09-14,1.0
A/Saskatchewan/RV04835/2024|EPI_ISL_19565825,2024-09-15,1.0
A/Saskatchewan/RV04835/2024|EPI_ISL_19565825,2024-09-20,1.0
A/Saskatchewan/RV04835/2024|EPI_ISL_19565825,2024-09-22,1.0
A/Saskatchewan/RV04835/2024|EPI_ISL_19565825,2024-09-24,1.0
A/Saskatchewan/RV04835/2024|EPI_ISL_19565825,2024-09-29,1.0
A/Saskatchewan/RV04835/2024|EPI_ISL_19565825,2024-10-02,1.0
A/Saskatchewan/RV04835/2024|EPI_ISL_19565825,2024-10-03,2.0
A/Saskatchewan/RV04835/2024|EPI_ISL_19565825,2024-10-07,1.0
A/Saskatchewan/RV04835/2024|EPI_ISL_19565825,2024-10-09,1.0
A/Saskatchewan/RV04835/2024|EPI_ISL_19565825,2024-10-14,2.0
A/Saskatchewan/RV04835/2024|EPI_ISL_19565825,2024-10-18,1.0
A/Saskatchewan/RV04835/2024|EPI_ISL_19565825,2024-10-23,1.0
A/Saskatchewan/RV04835/2024|EPI_ISL_19565825,2024-10-24,1.0
A/Saskatchewan/RV04835/2024|EPI_ISL_19565825,2024-10-25,2.0
A/Saskatchewan/RV04835/2024|EPI_ISL_19565825,2024-10-28,1.0
A/Saskatchewan/RV04835/2024|EPI_ISL_19565825,2024-10-30,1.0
A/Saskatchewan/RV04835/2024|EPI_ISL_19565825,2024-11-04,1.0
A/Saskatchewan/RV04835/2024|EPI_ISL_19565825,2024-11-11,1.0
A/Saskatchewan/RV04835/2024|EPI_ISL_19565825,2024-11-15,1.0
A/Saskatchewan/RV04835/2024|EPI_ISL_19565825,2024-12-02,1.0
A/Saskatchewan/RV04835/2024|EPI_ISL_19565825,2024-12-30,1.0
A/Saskatchewan/RV04835/2024|EPI_ISL_19565825,2025-01-31,1.0
A/Slovenia/49/2024|EPI_ISL_19192381,2024-04-18,1.2857142857142856
A/Slovenia/49/2024|EPI_ISL_19192381,2024-04-19,1.1904761904761905
A/Slovenia/49/2024|EPI_ISL_19192381,2024-04-20,2.2857142857142856
A/Slovenia/49/2024|EPI_ISL_19192381,2024-04-21,0.42857142857142855
A/Slovenia/49/2024|EPI_ISL_19192381,2024-04-22,3.4285714285714284
A/Slovenia/49/2024|EPI_ISL_19192381,2024-04-23,1.857142857142857
A/Slovenia/49/2024|EPI_ISL_19192381,2024-04-24,3.571428571428571
A/Slovenia/49/2024|EPI_ISL_19192381,2024-04-25,1.5714285714285714
A/Slovenia/49/2024|EPI_ISL_19192381,2024-04-26,1.2857142857142856
A/Slovenia/49/2024|EPI_ISL_19192381,2024-04-27,0.5714285714285714
A/Slovenia/49/2024|EPI_ISL_19192381,2024-04-28,1.2857142857142856
A/Slovenia/49/2024|EPI_ISL_19192381,2024-04-29,1.2857142857142856
A/Slovenia/49/2024|EPI_ISL_19192381,2024-04-30,1.1428571428571428
A/Slovenia/49/2024|EPI_ISL_19192381,2024-05-01,1.7142857142857142
A/Slovenia/49/2024|EPI_ISL_19192381,2024-05-02,0.42857142857142855
A/Slovenia/49/2024|EPI_ISL_19192381,2024-05-03,1.2857142857142856
A/Slovenia/49/2024|EPI_ISL_19192381,2024-05-04,1.1428571428571428
A/Slovenia/49/2024|EPI_ISL_19192381,2024-05-05,1.1428571428571428
A/Slovenia/49/2024|EPI_ISL_19192381,2024-05-06,4.142857142857142
A/Slovenia/49/2024|EPI_ISL_19192381,2024-05-07,1.0
A/Slovenia/49/2024|EPI_ISL_19192381,2024-05-08,1.0
A/Slovenia/49/2024|EPI_ISL_19192381,2024-05-09,2.571428571428571
A/Slovenia/49/2024|EPI_ISL_19192381,2024-05-10,0.7142857142857142
A/Slovenia/49/2024|EPI_ISL_19192381,2024-05-11,1.7142857142857144
A/Slovenia/49/2024|EPI_ISL_19192381,2024-05-12,1.2857142857142856
A/Slovenia/49/2024|EPI_ISL_19192381,2024-05-13,1.2857142857142856
A/Slovenia/49/2024|EPI_ISL_19192381,2024-05-14,1.2857142857142856
A/Slovenia/49/2024|EPI_ISL_19192381,2024-05-15,2.571428571428571
A/Slovenia/49/2024|EPI_ISL_19192381,2024-05-16,1.1428571428571428
A/Slovenia/49/2024|EPI_ISL_19192381,2024-05-17,0.7142857142857142
A/Slovenia/49/2024|EPI_ISL_19192381,2024-05-18,1.8571428571428572
A/Slovenia/49/2024|EPI_ISL_19192381,2024-05-19,1.857142857142857
A/Slovenia/49/2024|EPI_ISL_19192381,2024-05-20,2.4285714285714284
A/Slovenia/49/2024|EPI_ISL_19192381,2024-05-21,2.0
A/Slovenia/49/2024|EPI_ISL_19192381,2024-05-22,2.0
A/Slovenia/49/2024|EPI_ISL_19192381,2024-05-23,1.5714285714285714
A/Slovenia/49/2024|EPI_ISL_19192381,2024-05-24,0.8571428571428571
A/Slovenia/49/2024|EPI_ISL_19192381,2024-05-25,0.2857142857142857
A/Slovenia/49/2024|EPI_ISL_19192381,2024-05-26,0.2857142857142857
A/Slovenia/49/2024|EPI_ISL_19192381,2024-05-27,1.4285714285714284
A/Slovenia/49/2024|EPI_ISL_19192381,2024-05-28,0.2857142857142857
A/Slovenia/49/2024|EPI_ISL_19192381,2024-05-29,0.5714285714285714
A/Slovenia/49/2024|EPI_ISL_19192381,2024-05-31,0.42857142857142855
A/Slovenia/49/2024|EPI_ISL_19192381,2024-06-01,0.2857142857142857
A/Slovenia/49/2024|EPI_ISL_19192381,2024-06-02,1.2857142857142856
A/Slovenia/49/2024|EPI_ISL_19192381,2024-06-03,0.8571428571428571
A/Slovenia/49/2024|EPI_ISL_19192381,2024-06-04,5.571428571428571
A/Slovenia/49/2024|EPI_ISL_19192381,2024-06-05,0.8571428571428571
A/Slovenia/49/2024|EPI_ISL_19192381,2024-06-06,0.14285714285714285
A/Slovenia/49/2024|EPI_ISL_19192381,2024-06-08,0.2857142857142857
A/Slovenia/49/2024|EPI_ISL_19192381,2024-06-09,0.14285714285714285
A/Slovenia/49/2024|EPI_ISL_19192381,2024-06-10,0.42857142857142855
A/Slovenia/49/2024|EPI_ISL_19192381,2024-06-11,0.5714285714285714
A/Slovenia/49/2024|EPI_ISL_19192381,2024-06-12,1.3333333333333333
A/Slovenia/49/2024|EPI_ISL_19192381,2024-06-14,0.5714285714285714
A/Slovenia/49/2024|EPI_ISL_19192381,2024-06-15,0.14285714285714285
A/Slovenia/49/2024|EPI_ISL_19192381,2024-06-16,1.4285714285714284
A/Slovenia/49/2024|EPI_ISL_19192381,2024-06-17,0.42857142857142855
A/Slovenia/49/2024|EPI_ISL_19192381,2024-06-18,0.42857142857142855
A/Slovenia/49/2024|EPI_ISL_19192381,2024-06-19,1.5714285714285714
A/Slovenia/49/2024|EPI_ISL_19192381,2024-06-20,0.42857142857142855
A/Slovenia/49/2024|EPI_ISL_19192381,2024-06-22,0.14285714285714285
A/Slovenia/49/2024|EPI_ISL_19192381,2024-06-24,1.1428571428571428
A/Slovenia/49/2024|EPI_ISL_19192381,2024-06-25,0.2857142857142857
A/Slovenia/49/2024|EPI_ISL_19192381,2024-06-26,0.14285714285714285
A/Slovenia/49/2024|EPI_ISL_19192381,2024-06-27,1.5714285714285714
A/Slovenia/49/2024|EPI_ISL_19192381,2024-06-28,0.7142857142857142
A/Slovenia/49/2024|EPI_ISL_19192381,2024-06-30,0.2857142857142857
A/Slovenia/49/2024|EPI_ISL_19192381,2024-07-01,0.5714285714285714
A/Slovenia/49/2024|EPI_ISL_19192381,2024-07-02,0.2857142857142857
A/Slovenia/49/2024|EPI_ISL_19192381,2024-07-03,2.142857142857143
A/Slovenia/49/2024|EPI_ISL_19192381,2024-07-05,0.42857142857142855
A/Slovenia/49/2024|EPI_ISL_19192381,2024-07-06,1.0
A/Slovenia/49/2024|EPI_ISL_19192381,2024-07-07,0.14285714285714285
A/Slovenia/49/2024|EPI_ISL_19192381,2024-07-08,0.14285714285714285
A/Slovenia/49/2024|EPI_ISL_19192381,2024-07-09,0.42857142857142855
A/Slovenia/49/2024|EPI_ISL_19192381,2024-07-10,0.2857142857142857
A/Slovenia/49/2024|EPI_ISL_19192381,2024-07-11,0.2857142857142857
A/Slovenia/49/2024|EPI_ISL_19192381,2024-07-13,0.14285714285714285
A/Slovenia/49/2024|EPI_ISL_19192381,2024-07-14,1.1428571428571428
A/Slovenia/49/2024|EPI_ISL_19192381,2024-07-15,0.42857142857142855
A/Slovenia/49/2024|EPI_ISL_19192381,2024-07-16,0.42857142857142855
A/Slovenia/49/2024|EPI_ISL_19192381,2024-07-17,0.8571428571428571
A/Slovenia/49/2024|EPI_ISL_19192381,2024-07-18,0.5714285714285714
A/Slovenia/49/2024|EPI_ISL_19192381,2024-07-19,0.14285714285714285
A/Slovenia/49/2024|EPI_ISL_19192381,2024-07-22,0.2857142857142857
A/Slovenia/49/2024|EPI_ISL_19192381,2024-07-23,0.2857142857142857
A/Slovenia/49/2024|EPI_ISL_19192381,2024-07-26,0.14285714285714285
A/Slovenia/49/2024|EPI_ISL_19192381,2024-07-28,0.14285714285714285
A/Slovenia/49/2024|EPI_ISL_19192381,2024-07-29,0.14285714285714285
A/Slovenia/49/2024|EPI_ISL_19192381,2024-07-30,0.14285714285714285
A/Slovenia/49/2024|EPI_ISL_19192381,2024-07-31,0.2857142857142857
A/Slovenia/49/2024|EPI_ISL_19192381,2024-08-01,0.14285714285714285
A/Slovenia/49/2024|EPI_ISL_19192381,2024-08-02,0.42857142857142855
A/Slovenia/49/2024|EPI_ISL_19192381,2024-08-03,0.2857142857142857
A/Slovenia/49/2024|EPI_ISL_19192381,2024-08-05,0.2857142857142857
A/Slovenia/49/2024|EPI_ISL_19192381,2024-08-06,0.2857142857142857
A/Slovenia/49/2024|EPI_ISL_19192381,2024-08-07,0.2857142857142857
A/Slovenia/49/2024|EPI_ISL_19192381,2024-08-10,0.14285714285714285
A/Slovenia/49/2024|EPI_ISL_19192381,2024-08-11,0.14285714285714285
A/Slovenia/49/2024|EPI_ISL_19192381,2024-08-12,0.2857142857142857
A/Slovenia/49/2024|EPI_ISL_19192381,2024-08-15,1.0
A/Slovenia/49/2024|EPI_ISL_19192381,2024-08-17,0.14285714285714285
A/Slovenia/49/2024|EPI_ISL_19192381,2024-08-21,0.42857142857142855
A/Slovenia/49/2024|EPI_ISL_19192381,2024-08-22,0.14285714285714285
A/Slovenia/49/2024|EPI_ISL_19192381,2024-08-23,0.14285714285714285
A/Slovenia/49/2024|EPI_ISL_19192381,2024-08-25,0.14285714285714285
A/Slovenia/49/2024|EPI_ISL_19192381,2024-08-26,0.14285714285714285
A/Slovenia/49/2024|EPI_ISL_19192381,2024-08-29,1.1428571428571428
A/Slovenia/49/2024|EPI_ISL_19192381,2024-08-31,1.1428571428571428
A/Slovenia/49/2024|EPI_ISL_19192381,2024-09-04,0.14285714285714285
A/Slovenia/49/2024|EPI_ISL_19192381,2024-09-09,0.5714285714285714
A/Slovenia/49/2024|EPI_ISL_19192381,2024-09-12,0.14285714285714285
A/Slovenia/49/2024|EPI_ISL_19192381,2024-09-16,0.2857142857142857
A/Slovenia/49/2024|EPI_ISL_19192381,2024-09-21,0.14285714285714285
A/Slovenia/49/2024|EPI_ISL_19192381,2024-09-23,0.2857142857142857
A/Slovenia/49/2024|EPI_ISL_19192381,2024-09-26,0.14285714285714285
A/Slovenia/49/2024|EPI_ISL_19192381,2024-09-27,0.2857142857142857
A/Slovenia/49/2024|EPI_ISL_19192381,2024-09-29,0.14285714285714285
A/Slovenia/49/2024|EPI_ISL_19192381,2024-09-30,0.14285714285714285
A/Slovenia/49/2024|EPI_ISL_19192381,2024-10-03,0.14285714285714285
A/Slovenia/49/2024|EPI_ISL_19192381,2024-10-04,0.42857142857142855
A/Slovenia/49/2024|EPI_ISL_19192381,2024-10-07,0.14285714285714285
A/Slovenia/49/2024|EPI_ISL_19192381,2024-10-14,0.2857142857142857
A/Slovenia/49/2024|EPI_ISL_19192381,2024-10-17,0.14285714285714285
A/Slovenia/49/2024|EPI_ISL_19192381,2024-10-28,0.14285714285714285
A/Slovenia/49/2024|EPI_ISL_19192381,2024-10-31,0.14285714285714285
A/Slovenia/49/2024|EPI_ISL_19192381,2024-11-01,0.14285714285714285
A/Slovenia/49/2024|EPI_ISL_19192381,2024-11-02,0.2857142857142857
A/Slovenia/49/2024|EPI_ISL_19192381,2024-11-03,0.14285714285714285
A/Slovenia/49/2024|EPI_ISL_19192381,2024-11-04,0.14285714285714285
A/Slovenia/49/2024|EPI_ISL_19192381,2024-11-05,0.3333333333333333
A/Slovenia/49/2024|EPI_ISL_19192381,2024-11-07,0.14285714285714285
A/Slovenia/49/2024|EPI_ISL_19192381,2024-11-12,0.2857142857142857
A/Slovenia/49/2024|EPI_ISL_19192381,2024-11-13,0.14285714285714285
A/Slovenia/49/2024|EPI_ISL_19192381,2024-11-16,0.14285714285714285
A/Slovenia/49/2024|EPI_ISL_19192381,2024-11-20,0.14285714285714285
A/Slovenia/49/2024|EPI_ISL_19192381,2024-11-21,0.14285714285714285
A/Slovenia/49/2024|EPI_ISL_19192381,2024-11-22,0.2857142857142857
A/Slovenia/49/2024|EPI_ISL_19192381,2024-11-29,0.14285714285714285
A/Slovenia/49/2024|EPI_ISL_19192381,2024-12-03,0.14285714285714285
A/Slovenia/49/2024|EPI_ISL_19192381,2024-12-11,0.14285714285714285
A/Slovenia/49/2024|EPI_ISL_19192381,2024-12-20,0.14285714285714285
A/Slovenia/49/2024|EPI_ISL_19192381,2024-12-23,0.14285714285714285
A/Slovenia/49/2024|EPI_ISL_19192381,2024-12-29,0.3333333333333333
A/Slovenia/49/2024|EPI_ISL_19192381,2025-01-02,0.8095238095238095
A/Slovenia/49/2024|EPI_ISL_19192381,2025-01-03,0.14285714285714285
A/Slovenia/49/2024|EPI_ISL_19192381,2025-01-08,0.14285714285714285
A/Slovenia/49/2024|EPI_ISL_19192381,2025-01-09,0.14285714285714285
A/Slovenia/49/2024|EPI_ISL_19192381,2025-01-15,0.3333333333333333
A/Slovenia/49/2024|EPI_ISL_19192381,2025-01-17,0.14285714285714285
A/Slovenia/49/2024|EPI_ISL_19192381,2025-01-20,0.14285714285714285
A/Slovenia/49/2024|EPI_ISL_19192381,2025-02-03,0.3333333333333333
A/Slovenia/49/2024|EPI_ISL_19192381,2025-02-11,0.3333333333333333
A/Slovenia/49/2024|EPI_ISL_19192381,2025-03-02,0.3333333333333333
A/Slovenia/49/2024|EPI_ISL_19192381,2025-03-23,0.14285714285714285
A/Slovenia/49/2024|EPI_ISL_19192381,2025-03-29,0.14285714285714285
A/Slovenia/49/2024|EPI_ISL_19192381,2025-06-04,0.14285714285714285
A/Slovenia/49/2024|EPI_ISL_19192381,2025-06-18,0.5
A/Slovenia/49/2024|EPI_ISL_19192381,2025-06-23,0.5
A/Switzerland/860423897313/2023|EPI_ISL_19654915,2024-11-20,1.0
A/Switzerland/860423897313/2023|EPI_ISL_19654915,2024-11-21,1.0
A/Switzerland/860423897313/2023|EPI_ISL_19654915,2024-11-28,1.0
A/Switzerland/860423897313/2023|EPI_ISL_19654915,2024-12-03,1.0
A/Switzerland/860423897313/2023|EPI_ISL_19654915,2024-12-04,2.0
A/Switzerland/860423897313/2023|EPI_ISL_19654915,2024-12-09,1.0
A/Switzerland/860423897313/2023|EPI_ISL_19654915,2024-12-13,1.0
A/Switzerland/860423897313/2023|EPI_ISL_19654915,2024-12-19,1.0
A/Switzerland/860423897313/2023|EPI_ISL_19654915,2024-12-23,1.0
A/Switzerland/860423897313/2023|EPI_ISL_19654915,2024-12-26,3.0
A/Switzerland/860423897313/2023|EPI_ISL_19654915,2024-12-27,1.0
A/Switzerland/860423897313/2023|EPI_ISL_19654915,2024-12-30,2.0
A/Switzerland/860423897313/2023|EPI_ISL_19654915,2024-12-31,5.0
A/Switzerland/860423897313/2023|EPI_ISL_19654915,2025-01-01,1.0
A/Switzerland/860423897313/2023|EPI_ISL_19654915,2025-01-02,4.0
A/Switzerland/860423897313/2023|EPI_ISL_19654915,2025-01-03,1.0
A/Switzerland/860423897313/2023|EPI_ISL_19654915,2025-01-04,2.0
A/Switzerland/860423897313/2023|EPI_ISL_19654915,2025-01-05,2.0
A/Switzerland/860423897313/2023|EPI_ISL_19654915,2025-01-06,3.0
A/Switzerland/860423897313/2023|EPI_ISL_19654915,2025-01-07,3.0
A/Switzerland/860423897313/2023|EPI_ISL_19654915,2025-01-08,5.0
A/Switzerland/860423897313/2023|EPI_ISL_19654915,2025-01-09,1.0
A/Switzerland/860423897313/2023|EPI_ISL_19654915,2025-01-10,4.0
A/Switzerland/860423897313/2023|EPI_ISL_19654915,2025-01-11,2.0
A/Switzerland/860423897313/2023|EPI_ISL_19654915,2025-01-12,1.0
A/Switzerland/860423897313/2023|EPI_ISL_19654915,2025-01-13,2.0
A/Switzerland/860423897313/2023|EPI_ISL_19654915,2025-01-14,5.0
A/Switzerland/860423897313/2023|EPI_ISL_19654915,2025-01-15,2.0
A/Switzerland/860423897313/2023|EPI_ISL_19654915,2025-01-16,8.0
A/Switzerland/860423897313/2023|EPI_ISL_19654915,2025-01-17,6.0
A/Switzerland/860423897313/2023|EPI_ISL_19654915,2025-01-18,3.0
A/Switzerland/860423897313/2023|EPI_ISL_19654915,2025-01-19,1.0
A/Switzerland/860423897313/2023|EPI_ISL_19654915,2025-01-20,6.0
A/Switzerland/860423897313/2023|EPI_ISL_19654915,2025-01-21,6.0
A/Switzerland/860423897313/2023|EPI_ISL_19654915,2025-01-22,7.0
A/Switzerland/860423897313/2023|EPI_ISL_19654915,2025-01-23,3.0
A/Switzerland/860423897313/2023|EPI_ISL_19654915,2025-01-24,5.0
A/Switzerland/860423897313/2023|EPI_ISL_19654915,2025-01-25,1.0
A/Switzerland/860423897313/2023|EPI_ISL_19654915,2025-01-26,1.0
A/Switzerland/860423897313/2023|EPI_ISL_19654915,2025-01-27,5.0
A/Switzerland/860423897313/2023|EPI_ISL_19654915,2025-01-28,17.0
A/Switzerland/860423897313/2023|EPI_ISL_19654915,2025-01-29,10.0
A/Switzerland/860423897313/2023|EPI_ISL_19654915,2025-01-30,8.0
A/Switzerland/860423897313/2023|EPI_ISL_19654915,2025-01-31,4.0
A/Switzerland/860423897313/2023|EPI_ISL_19654915,2025-02-01,7.0
A/Switzerland/860423897313/2023|EPI_ISL_19654915,2025-02-02,2.0
A/Switzerland/860423897313/2023|EPI_ISL_19654915,2025-02-03,11.0
A/Switzerland/860423897313/2023|EPI_ISL_19654915,2025-02-04,13.0
A/Switzerland/860423897313/2023|EPI_ISL_19654915,2025-02-05,10.0
A/Switzerland/860423897313/2023|EPI_ISL_19654915,2025-02-06,10.0
A/Switzerland/860423897313/2023|EPI_ISL_19654915,2025-02-07,10.0
A/Switzerland/860423897313/2023|EPI_ISL_19654915,2025-02-08,3.0
A/Switzerland/860423897313/2023|EPI_ISL_19654915,2025-02-09,7.0
A/Switzerland/860423897313/2023|EPI_ISL_19654915,2025-02-10,10.0
A/Switzerland/860423897313/2023|EPI_ISL_19654915,2025-02-11,6.0
A/Switzerland/860423897313/2023|EPI_ISL_19654915,2025-02-12,10.0
A/Switzerland/860423897313/2023|EPI_ISL_19654915,2025-02-13,16.0
A/Switzerland/860423897313/2023|EPI_ISL_19654915,2025-02-14,3.0
A/Switzerland/860423897313/2023|EPI_ISL_19654915,2025-02-15,2.0
A/Switzerland/860423897313/2023|EPI_ISL_19654915,2025-02-16,8.0
A/Switzerland/860423897313/2023|EPI_ISL_19654915,2025-02-17,15.0
A/Switzerland/860423897313/2023|EPI_ISL_19654915,2025-02-18,16.5
A/Switzerland/860423897313/2023|EPI_ISL_19654915,2025-02-19,10.0
A/Switzerland/860423897313/2023|EPI_ISL_19654915,2025-02-20,10.0
A/Switzerland/860423897313/2023|EPI_ISL_19654915,2025-02-21,11.0
A/Switzerland/860423897313/2023|EPI_ISL_19654915,2025-02-22,8.0
A/Switzerland/860423897313/2023|EPI_ISL_19654915,2025-02-23,2.0
A/Switzerland/860423897313/2023|EPI_ISL_19654915,2025-02-24,16.0
A/Switzerland/860423897313/2023|EPI_ISL_19654915,2025-02-25,10.0
A/Switzerland/860423897313/2023|EPI_ISL_19654915,2025-02-26,16.5
A/Switzerland/860423897313/2023|EPI_ISL_19654915,2025-02-27,13.0
A/Switzerland/860423897313/2023|EPI_ISL_19654915,2025-02-28,10.0
A/Switzerland/860423897313/2023|EPI_ISL_19654915,2025-03-01,7.0
A/Switzerland/860423897313/2023|EPI_ISL_19654915,2025-03-02,8.0
A/Switzerland/860423897313/2023|EPI_ISL_19654915,2025-03-03,10.0
A/Switzerland/860423897313/2023|EPI_ISL_19654915,2025-03-04,16.0
A/Switzerland/860423897313/2023|EPI_ISL_19654915,2025-03-05,13.0
A/Switzerland/860423897313/2023|EPI_ISL_19654915,2025-03-06,10.5
A/Switzerland/860423897313/2023|EPI_ISL_19654915,2025-03-07,8.0
A/Switzerland/860423897313/2023|EPI_ISL_19654915,2025-03-08,5.0
A/Switzerland/860423897313/2023|EPI_ISL_19654915,2025-03-09,10.0
A/Switzerland/860423897313/2023|EPI_ISL_19654915,2025-03-10,10.0
A/Switzerland/860423897313/2023|EPI_ISL_19654915,2025-03-11,7.0
A/Switzerland/860423897313/2023|EPI_ISL_19654915,2025-03-12,13.0
A/Switzerland/860423897313/2023|EPI_ISL_19654915,2025-03-13,8.0
A/Switzerland/860423897313/2023|EPI_ISL_19654915,2025-03-14,7.0
A/Switzerland/860423897313/2023|EPI_ISL_19654915,2025-03-15,6.0
A/Switzerland/860423897313/2023|EPI_ISL_19654915,2025-03-16,1.0
A/Switzerland/860423897313/2023|EPI_ISL_19654915,2025-03-17,8.0
A/Switzerland/860423897313/2023|EPI_ISL_19654915,2025-03-18,11.0
A/Switzerland/860423897313/2023|EPI_ISL_19654915,2025-03-19,10.0
A/Switzerland/860423897313/2023|EPI_ISL_19654915,2025-03-20,3.0
A/Switzerland/860423897313/2023|EPI_ISL_19654915,2025-03-21,4.0
A/Switzerland/860423897313/2023|EPI_ISL_19654915,2025-03-22,5.0
A/Switzerland/860423897313/2023|EPI_ISL_19654915,2025-03-23,3.0
A/Switzerland/860423897313/2023|EPI_ISL_19654915,2025-03-24,12.0
A/Switzerland/860423897313/2023|EPI_ISL_19654915,2025-03-25,12.0
A/Switzerland/860423897313/2023|EPI_ISL_19654915,2025-03-26,6.0
A/Switzerland/860423897313/2023|EPI_ISL_19654915,2025-03-27,5.0
A/Switzerland/860423897313/2023|EPI_ISL_19654915,2025-03-28,6.0
A/Switzerland/860423897313/2023|EPI_ISL_19654915,2025-03-29,3.0
A/Switzerland/860423897313/2023|EPI_ISL_19654915,2025-03-30,4.0
A/Switzerland/860423897313/2023|EPI_ISL_19654915,2025-03-31,15.0
A/Switzerland/860423897313/2023|EPI_ISL_19654915,2025-04-01,6.0
A/Switzerland/860423897313/2023|EPI_ISL_19654915,2025-04-02,9.0
A/Switzerland/860423897313/2023|EPI_ISL_19654915,2025-04-03,5.0
A/Switzerland/860423897313/2023|EPI_ISL_19654915,2025-04-04,5.0
A/Switzerland/860423897313/2023|EPI_ISL_19654915,2025-04-05,2.0
A/Switzerland/860423897313/2023|EPI_ISL_19654915,2025-04-06,1.0
A/Switzerland/860423897313/2023|EPI_ISL_19654915,2025-04-07,8.0
A/Switzerland/860423897313/2023|EPI_ISL_19654915,2025-04-08,13.0
A/Switzerland/860423897313/2023|EPI_ISL_19654915,2025-04-09,10.0
A/Switzerland/860423897313/2023|EPI_ISL_19654915,2025-04-10,11.0
A/Switzerland/860423897313/2023|EPI_ISL_19654915,2025-04-11,13.0
A/Switzerland/860423897313/2023|EPI_ISL_19654915,2025-04-12,2.0
A/Switzerland/860423897313/2023|EPI_ISL_19654915,2025-04-13,4.0
A/Switzerland/860423897313/2023|EPI_ISL_19654915,2025-04-14,5.0
A/Switzerland/860423897313/2023|EPI_ISL_19654915,2025-04-15,2.0
A/Switzerland/860423897313/2023|EPI_ISL_19654915,2025-04-16,4.0
A/Switzerland/860423897313/2023|EPI_ISL_19654915,2025-04-17,9.0
A/Switzerland/860423897313/2023|EPI_ISL_19654915,2025-04-18,1.0
A/Switzerland/860423897313/2023|EPI_ISL_19654915,2025-04-19,2.0
A/Switzerland/860423897313/2023|EPI_ISL_19654915,2025-04-20,3.0
A/Switzerland/860423897313/2023|EPI_ISL_19654915,2025-04-21,2.0
A/Switzerland/860423897313/2023|EPI_ISL_19654915,2025-04-22,3.0
A/Switzerland/860423897313/2023|EPI_ISL_19654915,2025-04-23,6.0
A/Switzerland/860423897313/2023|EPI_ISL_19654915,2025-04-24,6.0
A/Switzerland/860423897313/2023|EPI_ISL_19654915,2025-04-25,4.0
A/Switzerland/860423897313/2023|EPI_ISL_19654915,2025-04-26,3.0
A/Switzerland/860423897313/2023|EPI_ISL_19654915,2025-04-27,3.0
A/Switzerland/860423897313/2023|EPI_ISL_19654915,2025-04-28,2.0
A/Switzerland/860423897313/2023|EPI_ISL_19654915,2025-04-29,2.0
A/Switzerland/860423897313/2023|EPI_ISL_19654915,2025-04-30,2.0
A/Switzerland/860423897313/2023|EPI_ISL_19654915,2025-05-02,3.0
A/Switzerland/860423897313/2023|EPI_ISL_19654915,2025-05-04,2.0
A/Switzerland/860423897313/2023|EPI_ISL_19654915,2025-05-05,2.0
A/Switzerland/860423897313/2023|EPI_ISL_19654915,2025-05-06,3.0
A/Switzerland/860423897313/2023|EPI_ISL_19654915,2025-05-07,2.0
A/Switzerland/860423897313/2023|EPI_ISL_19654915,2025-05-08,2.0
A/Switzerland/860423897313/2023|EPI_ISL_19654915,2025-05-09,1.0
A/Switzerland/860423897313/2023|EPI_ISL_19654915,2025-05-10,1.0
A/Switzerland/860423897313/2023|EPI_ISL_19654915,2025-05-12,4.0
A/Switzerland/860423897313/2023|EPI_ISL_19654915,2025-05-13,1.0
A/Switzerland/860423897313/2023|EPI_ISL_19654915,2025-05-15,3.0
A/Switzerland/860423897313/2023|EPI_ISL_19654915,2025-05-17,2.0
A/Switzerland/860423897313/2023|EPI_ISL_19654915,2025-05-19,3.0
A/Switzerland/860423897313/2023|EPI_ISL_19654915,2025-05-20,1.0
A/Switzerland/860423897313/2023|EPI_ISL_19654915,2025-05-23,2.0
A/Switzerland/860423897313/2023|EPI_ISL_19654915,2025-05-25,1.0
A/Switzerland/860423897313/2023|EPI_ISL_19654915,2025-05-27,1.0
A/Switzerland/860423897313/2023|EPI_ISL_19654915,2025-05-28,1.0
A/Switzerland/860423897313/2023|EPI_ISL_19654915,2025-05-30,3.0
A/Switzerland/860423897313/2023|EPI_ISL_19654915,2025-06-02,1.0
A/Switzerland/860423897313/2023|EPI_ISL_19654915,2025-06-04,1.0
A/Switzerland/860423897313/2023|EPI_ISL_19654915,2025-06-05,1.0
A/Switzerland/860423897313/2023|EPI_ISL_19654915,2025-06-06,2.0
A/Switzerland/860423897313/2023|EPI_ISL_19654915,2025-06-09,4.0
A/Switzerland/860423897313/2023|EPI_ISL_19654915,2025-06-10,2.0
A/Switzerland/860423897313/2023|EPI_ISL_19654915,2025-06-11,2.0
A/Switzerland/860423897313/2023|EPI_ISL_19654915,2025-06-18,1.0
A/Switzerland/860423897313/2023|EPI_ISL_19654915,2025-06-20,1.0
A/Switzerland/860423897313/2023|EPI_ISL_19654915,2025-06-23,1.0
A/Switzerland/860423897313/2023|EPI_ISL_19654915,2025-07-01,2.0
A/Switzerland/860423897313/2023|EPI_ISL_19654915,2025-07-06,1.0
A/Switzerland/860423897313/2023|EPI_ISL_19654915,2025-07-17,1.0
A/Switzerland/860423897313/2023|EPI_ISL_19654915,2025-07-22,1.0
A/Switzerland/860423897313/2023|EPI_ISL_19654915,2025-07-23,1.0
A/Sydney/43/2025|EPI_ISL_19780873,2024-04-18,0.25
A/Sydney/43/2025|EPI_ISL_19780873,2024-04-27,0.5
A/Sydney/43/2025|EPI_ISL_19780873,2024-04-30,0.25
A/Sydney/43/2025|EPI_ISL_19780873,2024-05-04,0.25
A/Sydney/43/2025|EPI_ISL_19780873,2024-05-07,0.25
A/Sydney/43/2025|EPI_ISL_19780873,2024-05-10,0.25
A/Sydney/43/2025|EPI_ISL_19780873,2024-05-12,0.25
A/Sydney/43/2025|EPI_ISL_19780873,2024-05-20,0.25
A/Sydney/43/2025|EPI_ISL_19780873,2024-05-21,0.25
A/Sydney/43/2025|EPI_ISL_19780873,2024-05-24,0.5
A/Sydney/43/2025|EPI_ISL_19780873,2024-05-25,0.25
A/Sydney/43/2025|EPI_ISL_19780873,2024-05-29,0.5
A/Sydney/43/2025|EPI_ISL_19780873,2024-05-30,0.5
A/Sydney/43/2025|EPI_ISL_19780873,2024-06-04,0.5
A/Sydney/43/2025|EPI_ISL_19780873,2024-06-10,0.5
A/Sydney/43/2025|EPI_ISL_19780873,2024-06-11,0.25
A/Sydney/43/2025|EPI_ISL_19780873,2024-06-14,0.25
A/Sydney/43/2025|EPI_ISL_19780873,2024-06-15,0.25
A/Sydney/43/2025|EPI_ISL_19780873,2024-06-17,0.5
A/Sydney/43/2025|EPI_ISL_19780873,2024-06-21,0.25
A/Sydney/43/2025|EPI_ISL_19780873,2024-06-22,0.5
A/Sydney/43/2025|EPI_ISL_19780873,2024-06-24,1.5
A/Sydney/43/2025|EPI_ISL_19780873,2024-06-25,0.25
A/Sydney/43/2025|EPI_ISL_19780873,2024-06-26,0.25
A/Sydney/43/2025|EPI_ISL_19780873,2024-06-27,1.5
A/Sydney/43/2025|EPI_ISL_19780873,2024-06-28,0.5
A/Sydney/43/2025|EPI_ISL_19780873,2024-07-01,0.5
A/Sydney/43/2025|EPI_ISL_19780873,2024-07-02,0.75
A/Sydney/43/2025|EPI_ISL_19780873,2024-07-03,0.25
A/Sydney/43/2025|EPI_ISL_19780873,2024-07-04,0.5
A/Sydney/43/2025|EPI_ISL_19780873,2024-07-05,1.25
A/Sydney/43/2025|EPI_ISL_19780873,2024-07-06,0.25
A/Sydney/43/2025|EPI_ISL_19780873,2024-07-09,0.5
A/Sydney/43/2025|EPI_ISL_19780873,2024-07-10,0.25
A/Sydney/43/2025|EPI_ISL_19780873,2024-07-11,0.25
A/Sydney/43/2025|EPI_ISL_19780873,2024-07-12,0.25
A/Sydney/43/2025|EPI_ISL_19780873,2024-07-16,0.25
A/Sydney/43/2025|EPI_ISL_19780873,2024-07-17,0.25
A/Sydney/43/2025|EPI_ISL_19780873,2024-07-19,0.5
A/Sydney/43/2025|EPI_ISL_19780873,2024-07-22,1.0
A/Sydney/43/2025|EPI_ISL_19780873,2024-07-23,1.25
A/Sydney/43/2025|EPI_ISL_19780873,2024-07-27,0.25
A/Sydney/43/2025|EPI_ISL_19780873,2024-07-29,0.25
A/Sydney/43/2025|EPI_ISL_19780873,2024-08-01,0.25
A/Sydney/43/2025|EPI_ISL_19780873,2024-08-05,0.25
A/Sydney/43/2025|EPI_ISL_19780873,2024-08-07,0.25
A/Sydney/43/2025|EPI_ISL_19780873,2024-08-10,0.25
A/Sydney/43/2025|EPI_ISL_19780873,2024-08-11,0.25
A/Sydney/43/2025|EPI_ISL_19780873,2024-08-13,1.0
A/Sydney/43/2025|EPI_ISL_19780873,2024-08-19,0.25
A/Sydney/43/2025|EPI_ISL_19780873,2024-08-23,0.25
A/Sydney/43/2025|EPI_ISL_19780873,2024-08-31,0.25
A/Sydney/43/2025|EPI_ISL_19780873,2024-09-02,0.25
A/Sydney/43/2025|EPI_ISL_19780873,2024-09-04,0.25
A/Sydney/43/2025|EPI_ISL_19780873,2024-09-06,0.5
A/Sydney/43/2025|EPI_ISL_19780873,2024-09-09,0.25
A/Sydney/43/2025|EPI_ISL_19780873,2024-09-13,0.25
A/Sydney/43/2025|EPI_ISL_19780873,2024-09-14,0.25
A/Sydney/43/2025|EPI_ISL_19780873,2024-09-16,0.25
A/Sydney/43/2025|EPI_ISL_19780873,2024-09-17,0.25
A/Sydney/43/2025|EPI_ISL_19780873,2024-09-18,0.75
A/Sydney/43/2025|EPI_ISL_19780873,2024-09-19,0.5
A/Sydney/43/2025|EPI_ISL_19780873,2024-09-20,0.25
A/Sydney/43/2025|EPI_ISL_19780873,2024-09-27,0.25
A/Sydney/43/2025|EPI_ISL_19780873,2024-09-28,0.25
A/Sydney/43/2025|EPI_ISL_19780873,2024-09-30,0.25
A/Sydney/43/2025|EPI_ISL_19780873,2024-10-01,0.75
A/Sydney/43/2025|EPI_ISL_19780873,2024-10-02,0.75
A/Sydney/43/2025|EPI_ISL_19780873,2024-10-03,0.25
A/Sydney/43/2025|EPI_ISL_19780873,2024-10-07,0.25
A/Sydney/43/2025|EPI_ISL_19780873,2024-10-08,0.25
A/Sydney/43/2025|EPI_ISL_19780873,2024-10-10,0.25
A/Sydney/43/2025|EPI_ISL_19780873,2024-10-12,0.5
A/Sydney/43/2025|EPI_ISL_19780873,2024-10-13,0.25
A/Sydney/43/2025|EPI_ISL_19780873,2024-10-19,0.5
A/Sydney/43/2025|EPI_ISL_19780873,2024-10-22,0.25
A/Sydney/43/2025|EPI_ISL_19780873,2024-10-23,0.25
A/Sydney/43/2025|EPI_ISL_19780873,2024-11-08,0.25
A/Sydney/43/2025|EPI_ISL_19780873,2024-11-19,0.25
A/Sydney/43/2025|EPI_ISL_19780873,2024-11-21,0.25
A/Sydney/43/2025|EPI_ISL_19780873,2024-11-23,0.25
A/Sydney/43/2025|EPI_ISL_19780873,2024-11-24,1.25
A/Sydney/43/2025|EPI_ISL_19780873,2024-11-26,1.0
A/Sydney/43/2025|EPI_ISL_19780873,2024-11-28,0.25
A/Sydney/43/2025|EPI_ISL_19780873,2024-11-30,0.25
A/Sydney/43/2025|EPI_ISL_19780873,2024-12-01,0.25
A/Sydney/43/2025|EPI_ISL_19780873,2024-12-03,0.25
A/Sydney/43/2025|EPI_ISL_19780873,2024-12-04,0.25
A/Sydney/43/2025|EPI_ISL_19780873,2024-12-05,1.0
A/Sydney/43/2025|EPI_ISL_19780873,2024-12-07,1.0
A/Sydney/43/2025|EPI_ISL_19780873,2024-12-09,0.25
A/Sydney/43/2025|EPI_ISL_19780873,2024-12-12,0.25
A/Sydney/43/2025|EPI_ISL_19780873,2024-12-17,1.0
A/Sydney/43/2025|EPI_ISL_19780873,2024-12-18,0.25
A/Sydney/43/2025|EPI_ISL_19780873,2024-12-23,2.5
A/Sydney/43/2025|EPI_ISL_19780873,2024-12-24,0.25
A/Sydney/43/2025|EPI_ISL_19780873,2024-12-25,0.5
A/Sydney/43/2025|EPI_ISL_19780873,2024-12-27,0.25
A/Sydney/43/2025|EPI_ISL_19780873,2024-12-29,0.25
A/Sydney/43/2025|EPI_ISL_19780873,2024-12-30,1.0
A/Sydney/43/2025|EPI_ISL_19780873,2024-12-31,1.25
A/Sydney/43/2025|EPI_ISL_19780873,2025-01-01,0.25
A/Sydney/43/2025|EPI_ISL_19780873,2025-01-03,1.5
A/Sydney/43/2025|EPI_ISL_19780873,2025-01-05,0.5
A/Sydney/43/2025|EPI_ISL_19780873,2025-01-07,1.0
A/Sydney/43/2025|EPI_ISL_19780873,2025-01-10,3.25
A/Sydney/43/2025|EPI_ISL_19780873,2025-01-11,1.0
A/Sydney/43/2025|EPI_ISL_19780873,2025-01-12,2.5
A/Sydney/43/2025|EPI_ISL_19780873,2025-01-13,1.0
A/Sydney/43/2025|EPI_ISL_19780873,2025-01-15,1.5833333333333333
A/Sydney/43/2025|EPI_ISL_19780873,2025-01-16,1.25
A/Sydney/43/2025|EPI_ISL_19780873,2025-01-20,0.3333333333333333
A/Sydney/43/2025|EPI_ISL_19780873,2025-01-24,3.0
A/Sydney/43/2025|EPI_ISL_19780873,2025-01-26,3.0
A/Sydney/43/2025|EPI_ISL_19780873,2025-01-27,0.3333333333333333
A/Sydney/43/2025|EPI_ISL_19780873,2025-01-28,1.0
A/Sydney/43/2025|EPI_ISL_19780873,2025-01-29,2.0
A/Sydney/43/2025|EPI_ISL_19780873,2025-01-30,0.5
A/Sydney/43/2025|EPI_ISL_19780873,2025-01-31,1.3333333333333333
A/Sydney/43/2025|EPI_ISL_19780873,2025-02-02,1.0
A/Sydney/43/2025|EPI_ISL_19780873,2025-02-03,2.0
A/Sydney/43/2025|EPI_ISL_19780873,2025-02-04,0.5833333333333333
A/Sydney/43/2025|EPI_ISL_19780873,2025-02-05,2.5
A/Sydney/43/2025|EPI_ISL_19780873,2025-02-07,1.25
A/Sydney/43/2025|EPI_ISL_19780873,2025-02-08,1.0
A/Sydney/43/2025|EPI_ISL_19780873,2025-02-09,2.0
A/Sydney/43/2025|EPI_ISL_19780873,2025-02-10,3.0
A/Sydney/43/2025|EPI_ISL_19780873,2025-02-11,1.0
A/Sydney/43/2025|EPI_ISL_19780873,2025-02-12,4.0
A/Sydney/43/2025|EPI_ISL_19780873,2025-02-13,3.0
A/Sydney/43/2025|EPI_ISL_19780873,2025-02-15,1.0
A/Sydney/43/2025|EPI_ISL_19780873,2025-02-16,2.0
A/Sydney/43/2025|EPI_ISL_19780873,2025-02-17,2.25
A/Sydney/43/2025|EPI_ISL_19780873,2025-02-19,2.0
A/Sydney/43/2025|EPI_ISL_19780873,2025-02-21,1.0
A/Sydney/43/2025|EPI_ISL_19780873,2025-02-24,1.0
A/Sydney/43/2025|EPI_ISL_19780873,2025-02-25,3.0
A/Sydney/43/2025|EPI_ISL_19780873,2025-02-26,3.0
A/Sydney/43/2025|EPI_ISL_19780873,2025-02-28,1.25
A/Sydney/43/2025|EPI_ISL_19780873,2025-03-01,2.0
A/Sydney/43/2025|EPI_ISL_19780873,2025-03-03,3.0
A/Sydney/43/2025|EPI_ISL_19780873,2025-03-04,2.0
A/Sydney/43/2025|EPI_ISL_19780873,2025-03-05,0.3333333333333333
A/Sydney/43/2025|EPI_ISL_19780873,2025-03-06,2.0
A/Sydney/43/2025|EPI_ISL_19780873,2025-03-08,2.0
A/Sydney/43/2025|EPI_ISL_19780873,2025-03-10,1.0
A/Sydney/43/2025|EPI_ISL_19780873,2025-03-11,2.333333333333333
A/Sydney/43/2025|EPI_ISL_19780873,2025-03-14,1.0
A/Sydney/43/2025|EPI_ISL_19780873,2025-03-17,1.0
A/Sydney/43/2025|EPI_ISL_19780873,2025-03-18,1.0
A/Sydney/43/2025|EPI_ISL_19780873,2025-03-19,2.0
A/Sydney/43/2025|EPI_ISL_19780873,2025-03-20,2.0
A/Sydney/43/2025|EPI_ISL_19780873,2025-03-21,2.0
A/Sydney/43/2025|EPI_ISL_19780873,2025-03-24,1.0
A/Sydney/43/2025|EPI_ISL_19780873,2025-03-27,1.0
A/Sydney/43/2025|EPI_ISL_19780873,2025-03-29,2.0
A/Sydney/43/2025|EPI_ISL_19780873,2025-03-31,1.0
A/Sydney/43/2025|EPI_ISL_19780873,2025-04-01,2.5
A/Sydney/43/2025|EPI_ISL_19780873,2025-04-03,1.0
A/Sydney/43/2025|EPI_ISL_19780873,2025-04-09,1.0
A/Sydney/43/2025|EPI_ISL_19780873,2025-04-15,1.0
A/Sydney/43/2025|EPI_ISL_19780873,2025-04-17,1.5
A/Sydney/43/2025|EPI_ISL_19780873,2025-04-19,0.5
A/Sydney/43/2025|EPI_ISL_19780873,2025-04-20,1.0
A/Sydney/43/2025|EPI_ISL_19780873,2025-04-22,2.0
A/Sydney/43/2025|EPI_ISL_19780873,2025-04-24,0.5
A/Sydney/43/2025|EPI_ISL_19780873,2025-04-26,0.5
A/Sydney/43/2025|EPI_ISL_19780873,2025-05-01,1.0
A/Sydney/43/2025|EPI_ISL_19780873,2025-05-02,2.0
A/Sydney/43/2025|EPI_ISL_19780873,2025-05-05,1.5
A/Sydney/43/2025|EPI_ISL_19780873,2025-05-06,0.5
A/Sydney/43/2025|EPI_ISL_19780873,2025-05-07,1.5
A/Sydney/43/2025|EPI_ISL_19780873,2025-05-11,0.5
A/Sydney/43/2025|EPI_ISL_19780873,2025-05-12,1.0
A/Sydney/43/2025|EPI_ISL_19780873,2025-05-13,0.5
A/Sydney/43/2025|EPI_ISL_19780873,2025-05-14,0.5
A/Sydney/43/2025|EPI_ISL_19780873,2025-05-15,1.0
A/Sydney/43/2025|EPI_ISL_19780873,2025-05-17,0.5
A/Sydney/43/2025|EPI_ISL_19780873,2025-05-19,1.0
A/Sydney/43/2025|EPI_ISL_19780873,2025-05-21,0.5
A/Sydney/43/2025|EPI_ISL_19780873,2025-05-27,1.0
A/Sydney/43/2025|EPI_ISL_19780873,2025-05-30,0.5
A/Sydney/43/2025|EPI_ISL_19780873,2025-06-03,0.5
A/Sydney/43/2025|EPI_ISL_19780873,2025-06-06,1.5
A/Sydney/43/2025|EPI_ISL_19780873,2025-06-10,0.5
A/Sydney/43/2025|EPI_ISL_19780873,2025-06-12,1.5
A/Sydney/43/2025|EPI_ISL_19780873,2025-06-17,0.5
A/Sydney/43/2025|EPI_ISL_19780873,2025-06-19,2.0
A/Sydney/43/2025|EPI_ISL_19780873,2025-06-20,0.5
A/Sydney/43/2025|EPI_ISL_19780873,2025-06-21,0.5
A/Sydney/43/2025|EPI_ISL_19780873,2025-06-23,2.0
A/Sydney/43/2025|EPI_ISL_19780873,2025-06-24,1.5
A/Sydney/43/2025|EPI_ISL_19780873,2025-06-25,1.0
A/Sydney/43/2025|EPI_ISL_19780873,2025-06-28,0.5
A/Sydney/43/2025|EPI_ISL_19780873,2025-06-29,0.5
A/Sydney/43/2025|EPI_ISL_19780873,2025-07-04,0.5
A/Sydney/43/2025|EPI_ISL_19780873,2025-07-08,1.0
A/Sydney/43/2025|EPI_ISL_19780873,2025-07-22,0.5
A/Sydney/43/2025|EPI_ISL_19780873,2025-07-23,1.5
A/Tasmania/788/2024|EPI_ISL_19561198,2024-10-05,0.5
A/Tasmania/788/2024|EPI_ISL_19561198,2024-10-07,1.0
A/Tasmania/788/2024|EPI_ISL_19561198,2024-10-08,1.0
A/Tasmania/788/2024|EPI_ISL_19561198,2024-10-09,1.0
A/Tasmania/788/2024|EPI_ISL_19561198,2024-10-12,0.5
A/Tasmania/788/2024|EPI_ISL_19561198,2024-10-22,1.0
A/Tasmania/788/2024|EPI_ISL_19561198,2024-10-27,1.0
A/Tasmania/788/2024|EPI_ISL_19561198,2024-10-30,0.5
A/Tasmania/788/2024|EPI_ISL_19561198,2025-02-10,0.5
A/Tasmania/788/2024|EPI_ISL_19561198,2025-02-11,0.5
A/Tasmania/788/2024|EPI_ISL_19561198,2025-02-16,0.5
A/Tasmania/788/2024|EPI_ISL_19561198,2025-02-28,0.5
A/Tasmania/788/2024|EPI_ISL_19561198,2025-03-24,1.0
A/Tasmania/788/2024|EPI_ISL_19561198,2025-03-27,0.5
A/Tasmania/788/2024|EPI_ISL_19561198,2025-04-14,0.5
A/Tasmania/788/2024|EPI_ISL_19561198,2025-04-15,0.5
A/Tasmania/788/2024|EPI_ISL_19561198,2025-05-13,0.5
A/Tasmania/788/2024|EPI_ISL_19561198,2025-06-03,1.0
A/Tasmania/788/2024|EPI_ISL_19561198,2025-06-05,0.5
A/Tasmania/788/2024|EPI_ISL_19561198,2025-06-22,0.5
A/Tasmania/790/2024|EPI_ISL_19661471,2024-05-28,1.1666666666666665
A/Tasmania/790/2024|EPI_ISL_19661471,2024-05-30,0.3333333333333333
A/Tasmania/790/2024|EPI_ISL_19661471,2024-06-03,0.6666666666666666
A/Tasmania/790/2024|EPI_ISL_19661471,2024-06-06,0.3333333333333333
A/Tasmania/790/2024|EPI_ISL_19661471,2024-06-07,0.3333333333333333
A/Tasmania/790/2024|EPI_ISL_19661471,2024-06-12,0.6666666666666666
A/Tasmania/790/2024|EPI_ISL_19661471,2024-06-15,0.3333333333333333
A/Tasmania/790/2024|EPI_ISL_19661471,2024-06-17,0.3333333333333333
A/Tasmania/790/2024|EPI_ISL_19661471,2024-06-18,0.3333333333333333
A/Tasmania/790/2024|EPI_ISL_19661471,2024-06-19,0.3333333333333333
A/Tasmania/790/2024|EPI_ISL_19661471,2024-06-20,0.3333333333333333
A/Tasmania/790/2024|EPI_ISL_19661471,2024-06-21,0.3333333333333333
A/Tasmania/790/2024|EPI_ISL_19661471,2024-06-22,0.3333333333333333
A/Tasmania/790/2024|EPI_ISL_19661471,2024-06-25,0.3333333333333333
A/Tasmania/790/2024|EPI_ISL_19661471,2024-06-28,1.0
A/Tasmania/790/2024|EPI_ISL_19661471,2024-06-29,0.6666666666666666
A/Tasmania/790/2024|EPI_ISL_19661471,2024-07-02,0.6666666666666666
A/Tasmania/790/2024|EPI_ISL_19661471,2024-07-04,0.6666666666666666
A/Tasmania/790/2024|EPI_ISL_19661471,2024-07-05,0.6666666666666666
A/Tasmania/790/2024|EPI_ISL_19661471,2024-07-06,0.3333333333333333
A/Tasmania/790/2024|EPI_ISL_19661471,2024-07-07,1.0
A/Tasmania/790/2024|EPI_ISL_19661471,2024-07-08,2.333333333333333
A/Tasmania/790/2024|EPI_ISL_19661471,2024-07-09,1.0
A/Tasmania/790/2024|EPI_ISL_19661471,2024-07-10,0.6666666666666666
A/Tasmania/790/2024|EPI_ISL_19661471,2024-07-12,0.3333333333333333
A/Tasmania/790/2024|EPI_ISL_19661471,2024-07-13,0.3333333333333333
A/Tasmania/790/2024|EPI_ISL_19661471,2024-07-18,0.3333333333333333
A/Tasmania/790/2024|EPI_ISL_19661471,2024-07-21,0.3333333333333333
A/Tasmania/790/2024|EPI_ISL_19661471,2024-07-24,0.3333333333333333
A/Tasmania/790/2024|EPI_ISL_19661471,2024-07-25,0.6666666666666666
A/Tasmania/790/2024|EPI_ISL_19661471,2024-07-27,0.3333333333333333
A/Tasmania/790/2024|EPI_ISL_19661471,2024-07-28,0.3333333333333333
A/Tasmania/790/2024|EPI_ISL_19661471,2024-07-30,0.3333333333333333
A/Tasmania/790/2024|EPI_ISL_19661471,2024-07-31,0.6666666666666666
A/Tasmania/790/2024|EPI_ISL_19661471,2024-08-01,0.6666666666666666
A/Tasmania/790/2024|EPI_ISL_19661471,2024-08-02,0.3333333333333333
A/Tasmania/790/2024|EPI_ISL_19661471,2024-08-06,0.3333333333333333
A/Tasmania/790/2024|EPI_ISL_19661471,2024-08-07,0.6666666666666666
A/Tasmania/790/2024|EPI_ISL_19661471,2024-08-08,0.3333333333333333
A/Tasmania/790/2024|EPI_ISL_19661471,2024-08-09,0.3333333333333333
A/Tasmania/790/2024|EPI_ISL_19661471,2024-08-12,0.3333333333333333
A/Tasmania/790/2024|EPI_ISL_19661471,2024-08-13,0.6666666666666666
A/Tasmania/790/2024|EPI_ISL_19661471,2024-08-14,0.3333333333333333
A/Tasmania/790/2024|EPI_ISL_19661471,2024-08-19,0.3333333333333333
A/Tasmania/790/2024|EPI_ISL_19661471,2024-08-21,0.6666666666666666
A/Tasmania/790/2024|EPI_ISL_19661471,2024-08-27,0.3333333333333333
A/Tasmania/790/2024|EPI_ISL_19661471,2024-08-28,0.3333333333333333
A/Tasmania/790/2024|EPI_ISL_19661471,2024-08-30,0.3333333333333333
A/Tasmania/790/2024|EPI_ISL_19661471,2024-08-31,0.3333333333333333
A/Tasmania/790/2024|EPI_ISL_19661471,2024-09-02,1.3333333333333333
A/Tasmania/790/2024|EPI_ISL_19661471,2024-09-03,0.6666666666666666
A/Tasmania/790/2024|EPI_ISL_19661471,2024-09-04,0.3333333333333333
A/Tasmania/790/2024|EPI_ISL_19661471,2024-09-06,0.3333333333333333
A/Tasmania/790/2024|EPI_ISL_19661471,2024-09-11,0.3333333333333333
A/Tasmania/790/2024|EPI_ISL_19661471,2024-09-12,0.3333333333333333
A/Tasmania/790/2024|EPI_ISL_19661471,2024-09-13,0.6666666666666666
A/Tasmania/790/2024|EPI_ISL_19661471,2024-09-16,0.3333333333333333
A/Tasmania/790/2024|EPI_ISL_19661471,2024-09-18,0.3333333333333333
A/Tasmania/790/2024|EPI_ISL_19661471,2024-09-19,0.3333333333333333
A/Tasmania/790/2024|EPI_ISL_19661471,2024-09-30,0.3333333333333333
A/Tasmania/790/2024|EPI_ISL_19661471,2024-10-02,0.6666666666666666
A/Tasmania/790/2024|EPI_ISL_19661471,2024-10-07,3.0
A/Tasmania/790/2024|EPI_ISL_19661471,2024-10-08,1.0
A/Tasmania/790/2024|EPI_ISL_19661471,2024-10-15,1.0
A/Tasmania/790/2024|EPI_ISL_19661471,2024-10-23,0.3333333333333333
A/Tasmania/790/2024|EPI_ISL_19661471,2024-10-25,0.6666666666666666
A/Tasmania/790/2024|EPI_ISL_19661471,2024-10-27,0.3333333333333333
A/Tasmania/790/2024|EPI_ISL_19661471,2024-11-01,0.3333333333333333
A/Tasmania/790/2024|EPI_ISL_19661471,2024-11-02,0.3333333333333333
A/Tasmania/790/2024|EPI_ISL_19661471,2024-11-04,0.3333333333333333
A/Tasmania/790/2024|EPI_ISL_19661471,2024-11-05,0.3333333333333333
A/Tasmania/790/2024|EPI_ISL_19661471,2024-11-29,0.3333333333333333
A/Tasmania/790/2024|EPI_ISL_19661471,2024-12-01,0.3333333333333333
A/Tasmania/790/2024|EPI_ISL_19661471,2024-12-23,0.3333333333333333
A/Tasmania/790/2024|EPI_ISL_19661471,2025-03-24,0.5
A/Tasmania/836/2024|EPI_ISL_19574653,2024-08-02,0.5
A/Tasmania/836/2024|EPI_ISL_19574653,2024-09-24,2.0
A/Tasmania/836/2024|EPI_ISL_19574653,2024-09-25,1.0
A/Tasmania/836/2024|EPI_ISL_19574653,2024-10-05,1.0
A/Tasmania/836/2024|EPI_ISL_19574653,2024-10-06,1.0
A/Tasmania/836/2024|EPI_ISL_19574653,2024-10-10,2.0
A/Tasmania/836/2024|EPI_ISL_19574653,2024-10-11,1.0
A/Tasmania/836/2024|EPI_ISL_19574653,2024-10-24,1.0
A/Tasmania/836/2024|EPI_ISL_19574653,2024-10-27,1.0
A/Tasmania/836/2024|EPI_ISL_19574653,2024-12-13,1.0
A/Tasmania/836/2024|EPI_ISL_19574653,2024-12-17,2.0
A/Tasmania/836/2024|EPI_ISL_19574653,2024-12-18,2.0
A/Tasmania/836/2024|EPI_ISL_19574653,2025-01-02,1.0
A/Tasmania/836/2024|EPI_ISL_19574653,2025-01-04,1.0
A/Tasmania/836/2024|EPI_ISL_19574653,2025-01-09,1.0
A/Tasmania/836/2024|EPI_ISL_19574653,2025-01-25,1.0
A/Tasmania/836/2024|EPI_ISL_19574653,2025-01-27,1.0
A/Tasmania/836/2024|EPI_ISL_19574653,2025-02-09,1.0
A/Tennessee/99/2024|EPI_ISL_19628042,2024-04-19,1.0
A/Tennessee/99/2024|EPI_ISL_19628042,2024-04-25,0.3333333333333333
A/Tennessee/99/2024|EPI_ISL_19628042,2024-04-26,0.3333333333333333
A/Tennessee/99/2024|EPI_ISL_19628042,2024-04-29,0.3333333333333333
A/Tennessee/99/2024|EPI_ISL_19628042,2024-05-04,2.0
A/Tennessee/99/2024|EPI_ISL_19628042,2024-05-07,1.3333333333333333
A/Tennessee/99/2024|EPI_ISL_19628042,2024-05-08,1.3333333333333333
A/Tennessee/99/2024|EPI_ISL_19628042,2024-05-16,1.0
A/Tennessee/99/2024|EPI_ISL_19628042,2024-05-17,1.0
A/Tennessee/99/2024|EPI_ISL_19628042,2024-05-21,0.3333333333333333
A/Tennessee/99/2024|EPI_ISL_19628042,2024-05-22,0.3333333333333333
A/Tennessee/99/2024|EPI_ISL_19628042,2024-05-23,0.3333333333333333
A/Tennessee/99/2024|EPI_ISL_19628042,2024-05-28,0.3333333333333333
A/Tennessee/99/2024|EPI_ISL_19628042,2024-05-29,0.3333333333333333
A/Tennessee/99/2024|EPI_ISL_19628042,2024-05-31,0.6666666666666666
A/Tennessee/99/2024|EPI_ISL_19628042,2024-06-09,1.3333333333333333
A/Tennessee/99/2024|EPI_ISL_19628042,2024-06-10,2.0
A/Tennessee/99/2024|EPI_ISL_19628042,2024-06-11,1.0
A/Tennessee/99/2024|EPI_ISL_19628042,2024-06-12,1.3333333333333333
A/Tennessee/99/2024|EPI_ISL_19628042,2024-06-14,1.0
A/Tennessee/99/2024|EPI_ISL_19628042,2024-06-17,1.0
A/Tennessee/99/2024|EPI_ISL_19628042,2024-06-20,1.0
A/Tennessee/99/2024|EPI_ISL_19628042,2024-06-21,1.0
A/Tennessee/99/2024|EPI_ISL_19628042,2024-06-24,1.0
A/Tennessee/99/2024|EPI_ISL_19628042,2024-06-26,0.3333333333333333
A/Tennessee/99/2024|EPI_ISL_19628042,2024-06-29,1.0
A/Tennessee/99/2024|EPI_ISL_19628042,2024-06-30,0.3333333333333333
A/Tennessee/99/2024|EPI_ISL_19628042,2024-07-01,3.0
A/Tennessee/99/2024|EPI_ISL_19628042,2024-07-07,1.0
A/Tennessee/99/2024|EPI_ISL_19628042,2024-07-10,1.0
A/Tennessee/99/2024|EPI_ISL_19628042,2024-07-12,0.6666666666666666
A/Tennessee/99/2024|EPI_ISL_19628042,2024-07-15,2.0
A/Tennessee/99/2024|EPI_ISL_19628042,2024-07-18,2.0
A/Tennessee/99/2024|EPI_ISL_19628042,2024-07-21,1.0
A/Tennessee/99/2024|EPI_ISL_19628042,2024-07-24,1.0
A/Tennessee/99/2024|EPI_ISL_19628042,2024-07-25,1.0
A/Tennessee/99/2024|EPI_ISL_19628042,2024-07-28,2.0
A/Tennessee/99/2024|EPI_ISL_19628042,2024-08-05,1.0
A/Tennessee/99/2024|EPI_ISL_19628042,2024-08-19,1.0
A/Tennessee/99/2024|EPI_ISL_19628042,2024-08-28,1.0
A/Tennessee/99/2024|EPI_ISL_19628042,2024-09-02,1.0
A/Tennessee/99/2024|EPI_ISL_19628042,2024-09-04,0.3333333333333333
A/Tennessee/99/2024|EPI_ISL_19628042,2024-09-07,1.0
A/Tennessee/99/2024|EPI_ISL_19628042,2024-09-08,1.0
A/Tennessee/99/2024|EPI_ISL_19628042,2024-09-12,1.0
A/Tennessee/99/2024|EPI_ISL_19628042,2024-09-14,2.0
A/Tennessee/99/2024|EPI_ISL_19628042,2024-09-15,1.0
A/Tennessee/99/2024|EPI_ISL_19628042,2024-09-16,1.0
A/Tennessee/99/2024|EPI_ISL_19628042,2024-09-17,0.3333333333333333
A/Tennessee/99/2024|EPI_ISL_19628042,2024-09-20,1.0
A/Tennessee/99/2024|EPI_ISL_19628042,2024-09-24,1.0
A/Tennessee/99/2024|EPI_ISL_19628042,2024-09-26,1.3333333333333333
A/Tennessee/99/2024|EPI_ISL_19628042,2024-09-28,1.3333333333333333
A/Tennessee/99/2024|EPI_ISL_19628042,2024-09-30,1.3333333333333333
A/Tennessee/99/2024|EPI_ISL_19628042,2024-10-01,1.0
A/Tennessee/99/2024|EPI_ISL_19628042,2024-10-03,2.0
A/Tennessee/99/2024|EPI_ISL_19628042,2024-10-06,1.0
A/Tennessee/99/2024|EPI_ISL_19628042,2024-10-07,1.0
A/Tennessee/99/2024|EPI_ISL_19628042,2024-10-08,1.0
A/Tennessee/99/2024|EPI_ISL_19628042,2024-10-10,3.0
A/Tennessee/99/2024|EPI_ISL_19628042,2024-10-11,1.0
A/Tennessee/99/2024|EPI_ISL_19628042,2024-10-13,1.0
A/Tennessee/99/2024|EPI_ISL_19628042,2024-10-15,2.0
A/Tennessee/99/2024|EPI_ISL_19628042,2024-10-16,5.0
A/Tennessee/99/2024|EPI_ISL_19628042,2024-10-17,1.0
A/Tennessee/99/2024|EPI_ISL_19628042,2024-10-18,1.3333333333333333
A/Tennessee/99/2024|EPI_ISL_19628042,2024-10-19,1.0
A/Tennessee/99/2024|EPI_ISL_19628042,2024-10-20,1.0
A/Tennessee/99/2024|EPI_ISL_19628042,2024-10-22,2.333333333333333
A/Tennessee/99/2024|EPI_ISL_19628042,2024-10-23,2.0
A/Tennessee/99/2024|EPI_ISL_19628042,2024-10-25,2.0
A/Tennessee/99/2024|EPI_ISL_19628042,2024-10-27,1.0
A/Tennessee/99/2024|EPI_ISL_19628042,2024-10-28,2.0
A/Tennessee/99/2024|EPI_ISL_19628042,2024-10-29,2.0
A/Tennessee/99/2024|EPI_ISL_19628042,2024-11-01,1.0
A/Tennessee/99/2024|EPI_ISL_19628042,2024-11-02,2.0
A/Tennessee/99/2024|EPI_ISL_19628042,2024-11-04,1.0
A/Tennessee/99/2024|EPI_ISL_19628042,2024-11-05,4.0
A/Tennessee/99/2024|EPI_ISL_19628042,2024-11-06,4.0
A/Tennessee/99/2024|EPI_ISL_19628042,2024-11-07,3.333333333333333
A/Tennessee/99/2024|EPI_ISL_19628042,2024-11-08,2.0
A/Tennessee/99/2024|EPI_ISL_19628042,2024-11-09,2.0
A/Tennessee/99/2024|EPI_ISL_19628042,2024-11-10,1.0
A/Tennessee/99/2024|EPI_ISL_19628042,2024-11-11,1.0
A/Tennessee/99/2024|EPI_ISL_19628042,2024-11-12,1.0
A/Tennessee/99/2024|EPI_ISL_19628042,2024-11-13,4.0
A/Tennessee/99/2024|EPI_ISL_19628042,2024-11-14,8.0
A/Tennessee/99/2024|EPI_ISL_19628042,2024-11-15,1.0
A/Tennessee/99/2024|EPI_ISL_19628042,2024-11-16,1.0
A/Tennessee/99/2024|EPI_ISL_19628042,2024-11-17,3.333333333333333
A/Tennessee/99/2024|EPI_ISL_19628042,2024-11-18,2.0
A/Tennessee/99/2024|EPI_ISL_19628042,2024-11-19,2.0
A/Tennessee/99/2024|EPI_ISL_19628042,2024-11-20,5.0
A/Tennessee/99/2024|EPI_ISL_19628042,2024-11-21,2.0
A/Tennessee/99/2024|EPI_ISL_19628042,2024-11-22,3.0
A/Tennessee/99/2024|EPI_ISL_19628042,2024-11-23,2.0
A/Tennessee/99/2024|EPI_ISL_19628042,2024-11-24,1.0
A/Tennessee/99/2024|EPI_ISL_19628042,2024-11-25,1.0
A/Tennessee/99/2024|EPI_ISL_19628042,2024-11-27,2.0
A/Tennessee/99/2024|EPI_ISL_19628042,2024-11-28,2.0
A/Tennessee/99/2024|EPI_ISL_19628042,2024-11-29,1.0
A/Tennessee/99/2024|EPI_ISL_19628042,2024-12-01,1.0
A/Tennessee/99/2024|EPI_ISL_19628042,2024-12-02,1.0
A/Tennessee/99/2024|EPI_ISL_19628042,2024-12-03,2.0
A/Tennessee/99/2024|EPI_ISL_19628042,2024-12-04,1.0
A/Tennessee/99/2024|EPI_ISL_19628042,2024-12-05,1.0
A/Tennessee/99/2024|EPI_ISL_19628042,2024-12-09,1.0
A/Tennessee/99/2024|EPI_ISL_19628042,2024-12-10,2.0
A/Tennessee/99/2024|EPI_ISL_19628042,2024-12-13,2.0
A/Tennessee/99/2024|EPI_ISL_19628042,2024-12-14,1.0
A/Tennessee/99/2024|EPI_ISL_19628042,2024-12-16,1.0
A/Tennessee/99/2024|EPI_ISL_19628042,2024-12-17,1.0
A/Tennessee/99/2024|EPI_ISL_19628042,2024-12-18,2.0
A/Tennessee/99/2024|EPI_ISL_19628042,2024-12-19,2.0
A/Tennessee/99/2024|EPI_ISL_19628042,2024-12-22,1.0
A/Tennessee/99/2024|EPI_ISL_19628042,2024-12-26,2.0
A/Tennessee/99/2024|EPI_ISL_19628042,2024-12-27,2.0
A/Tennessee/99/2024|EPI_ISL_19628042,2024-12-28,3.0
A/Tennessee/99/2024|EPI_ISL_19628042,2024-12-29,3.0
A/Tennessee/99/2024|EPI_ISL_19628042,2024-12-31,1.0
A/Tennessee/99/2024|EPI_ISL_19628042,2025-01-01,1.0
A/Tennessee/99/2024|EPI_ISL_19628042,2025-01-02,1.0
A/Tennessee/99/2024|EPI_ISL_19628042,2025-01-03,3.6666666666666665
A/Tennessee/99/2024|EPI_ISL_19628042,2025-01-05,4.0
A/Tennessee/99/2024|EPI_ISL_19628042,2025-01-06,2.0
A/Tennessee/99/2024|EPI_ISL_19628042,2025-01-07,2.0
A/Tennessee/99/2024|EPI_ISL_19628042,2025-01-08,0.3333333333333333
A/Tennessee/99/2024|EPI_ISL_19628042,2025-01-09,1.5
A/Tennessee/99/2024|EPI_ISL_19628042,2025-01-10,1.6666666666666665
A/Tennessee/99/2024|EPI_ISL_19628042,2025-01-11,1.0
A/Tennessee/99/2024|EPI_ISL_19628042,2025-01-12,1.0
A/Tennessee/99/2024|EPI_ISL_19628042,2025-01-14,1.3333333333333333
A/Tennessee/99/2024|EPI_ISL_19628042,2025-01-15,1.3333333333333333
A/Tennessee/99/2024|EPI_ISL_19628042,2025-01-16,1.0
A/Tennessee/99/2024|EPI_ISL_19628042,2025-01-17,1.3333333333333333
A/Tennessee/99/2024|EPI_ISL_19628042,2025-01-18,2.0
A/Tennessee/99/2024|EPI_ISL_19628042,2025-01-19,1.0
A/Tennessee/99/2024|EPI_ISL_19628042,2025-01-20,0.3333333333333333
A/Tennessee/99/2024|EPI_ISL_19628042,2025-01-21,2.0
A/Tennessee/99/2024|EPI_ISL_19628042,2025-01-23,1.0
A/Tennessee/99/2024|EPI_ISL_19628042,2025-01-24,1.3333333333333333
A/Tennessee/99/2024|EPI_ISL_19628042,2025-01-25,0.3333333333333333
A/Tennessee/99/2024|EPI_ISL_19628042,2025-01-30,1.0
A/Tennessee/99/2024|EPI_ISL_19628042,2025-02-02,1.0
A/Tennessee/99/2024|EPI_ISL_19628042,2025-02-04,1.3333333333333333
A/Tennessee/99/2024|EPI_ISL_19628042,2025-02-10,1.6666666666666665
A/Tennessee/99/2024|EPI_ISL_19628042,2025-02-12,1.0
A/Tennessee/99/2024|EPI_ISL_19628042,2025-02-13,1.0
A/Tennessee/99/2024|EPI_ISL_19628042,2025-02-16,1.0
A/Tennessee/99/2024|EPI_ISL_19628042,2025-02-17,0.3333333333333333
A/Tennessee/99/2024|EPI_ISL_19628042,2025-02-18,0.3333333333333333
A/Tennessee/99/2024|EPI_ISL_19628042,2025-02-19,1.0
A/Tennessee/99/2024|EPI_ISL_19628042,2025-02-24,1.0
A/Tennessee/99/2024|EPI_ISL_19628042,2025-02-25,0.3333333333333333
A/Tennessee/99/2024|EPI_ISL_19628042,2025-02-26,1.3333333333333333
A/Tennessee/99/2024|EPI_ISL_19628042,2025-03-02,1.0
A/Tennessee/99/2024|EPI_ISL_19628042,2025-03-03,0.3333333333333333
A/Tennessee/99/2024|EPI_ISL_19628042,2025-03-10,0.3333333333333333
A/Tennessee/99/2024|EPI_ISL_19628042,2025-03-12,1.0
A/Tennessee/99/2024|EPI_ISL_19628042,2025-03-16,1.0
A/Tennessee/99/2024|EPI_ISL_19628042,2025-03-20,0.6666666666666666
A/Tennessee/99/2024|EPI_ISL_19628042,2025-05-13,0.6666666666666666
A/Tennessee/99/2024|EPI_ISL_19628042,2025-05-16,0.3333333333333333
A/Tennessee/99/2024|EPI_ISL_19628042,2025-05-29,1.0
A/Texas/15550/2024|EPI_ISL_19776837,2024-06-26,1.0
A/Texas/15550/2024|EPI_ISL_19776837,2024-10-04,1.0
A/Texas/15550/2024|EPI_ISL_19776837,2024-10-24,1.0
A/Texas/15550/2024|EPI_ISL_19776837,2024-10-25,2.0
A/Texas/15550/2024|EPI_ISL_19776837,2024-10-27,1.0
A/Texas/15550/2024|EPI_ISL_19776837,2024-10-29,1.0
A/Texas/15550/2024|EPI_ISL_19776837,2024-11-05,1.0
A/Texas/15550/2024|EPI_ISL_19776837,2024-11-06,1.0
A/Texas/15550/2024|EPI_ISL_19776837,2024-11-07,1.0
A/Texas/15550/2024|EPI_ISL_19776837,2024-11-09,1.0
A/Texas/15550/2024|EPI_ISL_19776837,2024-11-10,1.0
A/Texas/15550/2024|EPI_ISL_19776837,2024-11-22,1.0
A/Texas/15550/2024|EPI_ISL_19776837,2024-12-01,1.0
A/Texas/15550/2024|EPI_ISL_19776837,2024-12-05,2.0
A/Texas/15550/2024|EPI_ISL_19776837,2024-12-10,1.0
A/Texas/15550/2024|EPI_ISL_19776837,2024-12-11,1.0
A/Texas/15550/2024|EPI_ISL_19776837,2024-12-12,2.0
A/Texas/15550/2024|EPI_ISL_19776837,2024-12-17,1.0
A/Texas/15550/2024|EPI_ISL_19776837,2024-12-20,1.0
A/Texas/15550/2024|EPI_ISL_19776837,2024-12-30,1.0
A/Texas/15550/2024|EPI_ISL_19776837,2025-01-01,2.0
A/Texas/15550/2024|EPI_ISL_19776837,2025-01-03,1.0
A/Texas/15550/2024|EPI_ISL_19776837,2025-01-06,2.0
A/Texas/15550/2024|EPI_ISL_19776837,2025-01-07,1.0
A/Texas/15550/2024|EPI_ISL_19776837,2025-01-15,1.0
A/Texas/15550/2024|EPI_ISL_19776837,2025-01-20,2.0
A/Texas/15550/2024|EPI_ISL_19776837,2025-01-21,1.0
A/Texas/15550/2024|EPI_ISL_19776837,2025-02-14,1.0
A/Texas/15550/2024|EPI_ISL_19776837,2025-02-15,1.0
A/Texas/ISC-1148/2025|EPI_ISL_19759499,2024-04-18,5.285714285714286
A/Texas/ISC-1148/2025|EPI_ISL_19759499,2024-04-19,2.8571428571428568
A/Texas/ISC-1148/2025|EPI_ISL_19759499,2024-04-20,0.2857142857142857
A/Texas/ISC-1148/2025|EPI_ISL_19759499,2024-04-21,1.4285714285714286
A/Texas/ISC-1148/2025|EPI_ISL_19759499,2024-04-22,4.428571428571429
A/Texas/ISC-1148/2025|EPI_ISL_19759499,2024-04-23,4.857142857142857
A/Texas/ISC-1148/2025|EPI_ISL_19759499,2024-04-24,3.571428571428571
A/Texas/ISC-1148/2025|EPI_ISL_19759499,2024-04-25,3.571428571428571
A/Texas/ISC-1148/2025|EPI_ISL_19759499,2024-04-26,2.2857142857142856
A/Texas/ISC-1148/2025|EPI_ISL_19759499,2024-04-27,0.5714285714285714
A/Texas/ISC-1148/2025|EPI_ISL_19759499,2024-04-28,1.2857142857142856
A/Texas/ISC-1148/2025|EPI_ISL_19759499,2024-04-29,3.2857142857142856
A/Texas/ISC-1148/2025|EPI_ISL_19759499,2024-04-30,1.1428571428571428
A/Texas/ISC-1148/2025|EPI_ISL_19759499,2024-05-01,1.7142857142857144
A/Texas/ISC-1148/2025|EPI_ISL_19759499,2024-05-02,0.9285714285714286
A/Texas/ISC-1148/2025|EPI_ISL_19759499,2024-05-03,1.2857142857142856
A/Texas/ISC-1148/2025|EPI_ISL_19759499,2024-05-04,2.142857142857143
A/Texas/ISC-1148/2025|EPI_ISL_19759499,2024-05-05,3.142857142857143
A/Texas/ISC-1148/2025|EPI_ISL_19759499,2024-05-06,6.642857142857142
A/Texas/ISC-1148/2025|EPI_ISL_19759499,2024-05-07,4.0
A/Texas/ISC-1148/2025|EPI_ISL_19759499,2024-05-08,1.0
A/Texas/ISC-1148/2025|EPI_ISL_19759499,2024-05-09,0.5714285714285714
A/Texas/ISC-1148/2025|EPI_ISL_19759499,2024-05-10,0.7142857142857142
A/Texas/ISC-1148/2025|EPI_ISL_19759499,2024-05-11,0.7142857142857142
A/Texas/ISC-1148/2025|EPI_ISL_19759499,2024-05-12,0.2857142857142857
A/Texas/ISC-1148/2025|EPI_ISL_19759499,2024-05-13,3.2857142857142856
A/Texas/ISC-1148/2025|EPI_ISL_19759499,2024-05-14,1.2857142857142856
A/Texas/ISC-1148/2025|EPI_ISL_19759499,2024-05-15,5.571428571428571
A/Texas/ISC-1148/2025|EPI_ISL_19759499,2024-05-16,1.1428571428571428
A/Texas/ISC-1148/2025|EPI_ISL_19759499,2024-05-17,3.7142857142857144
A/Texas/ISC-1148/2025|EPI_ISL_19759499,2024-05-18,0.8571428571428571
A/Texas/ISC-1148/2025|EPI_ISL_19759499,2024-05-19,0.8571428571428571
A/Texas/ISC-1148/2025|EPI_ISL_19759499,2024-05-20,4.428571428571429
A/Texas/ISC-1148/2025|EPI_ISL_19759499,2024-05-21,4.0
A/Texas/ISC-1148/2025|EPI_ISL_19759499,2024-05-22,1.0
A/Texas/ISC-1148/2025|EPI_ISL_19759499,2024-05-23,4.571428571428571
A/Texas/ISC-1148/2025|EPI_ISL_19759499,2024-05-24,4.857142857142857
A/Texas/ISC-1148/2025|EPI_ISL_19759499,2024-05-25,3.2857142857142856
A/Texas/ISC-1148/2025|EPI_ISL_19759499,2024-05-26,1.2857142857142856
A/Texas/ISC-1148/2025|EPI_ISL_19759499,2024-05-27,2.4285714285714284
A/Texas/ISC-1148/2025|EPI_ISL_19759499,2024-05-28,4.285714285714286
A/Texas/ISC-1148/2025|EPI_ISL_19759499,2024-05-29,0.5714285714285714
A/Texas/ISC-1148/2025|EPI_ISL_19759499,2024-05-31,1.4285714285714286
A/Texas/ISC-1148/2025|EPI_ISL_19759499,2024-06-01,0.2857142857142857
A/Texas/ISC-1148/2025|EPI_ISL_19759499,2024-06-02,0.2857142857142857
A/Texas/ISC-1148/2025|EPI_ISL_19759499,2024-06-03,0.8571428571428571
A/Texas/ISC-1148/2025|EPI_ISL_19759499,2024-06-04,1.5714285714285714
A/Texas/ISC-1148/2025|EPI_ISL_19759499,2024-06-05,1.8571428571428572
A/Texas/ISC-1148/2025|EPI_ISL_19759499,2024-06-06,5.142857142857142
A/Texas/ISC-1148/2025|EPI_ISL_19759499,2024-06-07,1.0
A/Texas/ISC-1148/2025|EPI_ISL_19759499,2024-06-08,2.2857142857142856
A/Texas/ISC-1148/2025|EPI_ISL_19759499,2024-06-09,1.1428571428571428
A/Texas/ISC-1148/2025|EPI_ISL_19759499,2024-06-10,2.4285714285714284
A/Texas/ISC-1148/2025|EPI_ISL_19759499,2024-06-11,2.571428571428571
A/Texas/ISC-1148/2025|EPI_ISL_19759499,2024-06-12,5.0
A/Texas/ISC-1148/2025|EPI_ISL_19759499,2024-06-14,0.5714285714285714
A/Texas/ISC-1148/2025|EPI_ISL_19759499,2024-06-15,0.14285714285714285
A/Texas/ISC-1148/2025|EPI_ISL_19759499,2024-06-16,1.4285714285714286
A/Texas/ISC-1148/2025|EPI_ISL_19759499,2024-06-17,1.4285714285714286
A/Texas/ISC-1148/2025|EPI_ISL_19759499,2024-06-18,2.4285714285714284
A/Texas/ISC-1148/2025|EPI_ISL_19759499,2024-06-19,1.5714285714285714
A/Texas/ISC-1148/2025|EPI_ISL_19759499,2024-06-20,0.42857142857142855
A/Texas/ISC-1148/2025|EPI_ISL_19759499,2024-06-21,2.0
A/Texas/ISC-1148/2025|EPI_ISL_19759499,2024-06-22,0.14285714285714285
A/Texas/ISC-1148/2025|EPI_ISL_19759499,2024-06-23,1.0
A/Texas/ISC-1148/2025|EPI_ISL_19759499,2024-06-24,5.142857142857142
A/Texas/ISC-1148/2025|EPI_ISL_19759499,2024-06-25,0.2857142857142857
A/Texas/ISC-1148/2025|EPI_ISL_19759499,2024-06-26,1.1428571428571428
A/Texas/ISC-1148/2025|EPI_ISL_19759499,2024-06-27,2.5714285714285716
A/Texas/ISC-1148/2025|EPI_ISL_19759499,2024-06-28,1.7142857142857142
A/Texas/ISC-1148/2025|EPI_ISL_19759499,2024-06-30,1.2857142857142856
A/Texas/ISC-1148/2025|EPI_ISL_19759499,2024-07-01,0.5714285714285714
A/Texas/ISC-1148/2025|EPI_ISL_19759499,2024-07-02,2.2857142857142856
A/Texas/ISC-1148/2025|EPI_ISL_19759499,2024-07-03,0.14285714285714285
A/Texas/ISC-1148/2025|EPI_ISL_19759499,2024-07-04,1.0
A/Texas/ISC-1148/2025|EPI_ISL_19759499,2024-07-05,0.42857142857142855
A/Texas/ISC-1148/2025|EPI_ISL_19759499,2024-07-07,0.14285714285714285
A/Texas/ISC-1148/2025|EPI_ISL_19759499,2024-07-08,0.14285714285714285
A/Texas/ISC-1148/2025|EPI_ISL_19759499,2024-07-09,0.42857142857142855
A/Texas/ISC-1148/2025|EPI_ISL_19759499,2024-07-10,2.2857142857142856
A/Texas/ISC-1148/2025|EPI_ISL_19759499,2024-07-11,1.2857142857142856
A/Texas/ISC-1148/2025|EPI_ISL_19759499,2024-07-13,0.14285714285714285
A/Texas/ISC-1148/2025|EPI_ISL_19759499,2024-07-14,0.14285714285714285
A/Texas/ISC-1148/2025|EPI_ISL_19759499,2024-07-15,2.428571428571429
A/Texas/ISC-1148/2025|EPI_ISL_19759499,2024-07-16,0.42857142857142855
A/Texas/ISC-1148/2025|EPI_ISL_19759499,2024-07-17,0.8571428571428571
A/Texas/ISC-1148/2025|EPI_ISL_19759499,2024-07-18,1.5714285714285714
A/Texas/ISC-1148/2025|EPI_ISL_19759499,2024-07-19,0.14285714285714285
A/Texas/ISC-1148/2025|EPI_ISL_19759499,2024-07-20,2.0
A/Texas/ISC-1148/2025|EPI_ISL_19759499,2024-07-22,0.2857142857142857
A/Texas/ISC-1148/2025|EPI_ISL_19759499,2024-07-23,1.2857142857142856
A/Texas/ISC-1148/2025|EPI_ISL_19759499,2024-07-24,1.0
A/Texas/ISC-1148/2025|EPI_ISL_19759499,2024-07-26,0.14285714285714285
A/Texas/ISC-1148/2025|EPI_ISL_19759499,2024-07-27,1.0
A/Texas/ISC-1148/2025|EPI_ISL_19759499,2024-07-28,0.14285714285714285
A/Texas/ISC-1148/2025|EPI_ISL_19759499,2024-07-29,2.142857142857143
A/Texas/ISC-1148/2025|EPI_ISL_19759499,2024-07-30,1.1428571428571428
A/Texas/ISC-1148/2025|EPI_ISL_19759499,2024-07-31,1.2857142857142856
A/Texas/ISC-1148/2025|EPI_ISL_19759499,2024-08-01,0.14285714285714285
A/Texas/ISC-1148/2025|EPI_ISL_19759499,2024-08-02,0.42857142857142855
A/Texas/ISC-1148/2025|EPI_ISL_19759499,2024-08-03,3.2857142857142856
A/Texas/ISC-1148/2025|EPI_ISL_19759499,2024-08-05,0.2857142857142857
A/Texas/ISC-1148/2025|EPI_ISL_19759499,2024-08-06,0.2857142857142857
A/Texas/ISC-1148/2025|EPI_ISL_19759499,2024-08-07,0.2857142857142857
A/Texas/ISC-1148/2025|EPI_ISL_19759499,2024-08-10,0.14285714285714285
A/Texas/ISC-1148/2025|EPI_ISL_19759499,2024-08-11,0.6428571428571428
A/Texas/ISC-1148/2025|EPI_ISL_19759499,2024-08-12,0.2857142857142857
A/Texas/ISC-1148/2025|EPI_ISL_19759499,2024-08-17,0.14285714285714285
A/Texas/ISC-1148/2025|EPI_ISL_19759499,2024-08-21,0.42857142857142855
A/Texas/ISC-1148/2025|EPI_ISL_19759499,2024-08-22,0.14285714285714285
A/Texas/ISC-1148/2025|EPI_ISL_19759499,2024-08-23,0.14285714285714285
A/Texas/ISC-1148/2025|EPI_ISL_19759499,2024-08-24,1.0
A/Texas/ISC-1148/2025|EPI_ISL_19759499,2024-08-25,1.1428571428571428
A/Texas/ISC-1148/2025|EPI_ISL_19759499,2024-08-26,1.1428571428571428
A/Texas/ISC-1148/2025|EPI_ISL_19759499,2024-08-27,2.0
A/Texas/ISC-1148/2025|EPI_ISL_19759499,2024-08-29,2.142857142857143
A/Texas/ISC-1148/2025|EPI_ISL_19759499,2024-08-30,0.5
A/Texas/ISC-1148/2025|EPI_ISL_19759499,2024-08-31,0.14285714285714285
A/Texas/ISC-1148/2025|EPI_ISL_19759499,2024-09-01,1.0
A/Texas/ISC-1148/2025|EPI_ISL_19759499,2024-09-02,1.0
A/Texas/ISC-1148/2025|EPI_ISL_19759499,2024-09-03,3.0
A/Texas/ISC-1148/2025|EPI_ISL_19759499,2024-09-04,0.14285714285714285
A/Texas/ISC-1148/2025|EPI_ISL_19759499,2024-09-05,2.0
A/Texas/ISC-1148/2025|EPI_ISL_19759499,2024-09-06,1.0
A/Texas/ISC-1148/2025|EPI_ISL_19759499,2024-09-07,1.0
A/Texas/ISC-1148/2025|EPI_ISL_19759499,2024-09-08,1.0
A/Texas/ISC-1148/2025|EPI_ISL_19759499,2024-09-09,1.5714285714285714
A/Texas/ISC-1148/2025|EPI_ISL_19759499,2024-09-11,2.0
A/Texas/ISC-1148/2025|EPI_ISL_19759499,2024-09-12,3.142857142857143
A/Texas/ISC-1148/2025|EPI_ISL_19759499,2024-09-13,1.0
A/Texas/ISC-1148/2025|EPI_ISL_19759499,2024-09-15,1.0
A/Texas/ISC-1148/2025|EPI_ISL_19759499,2024-09-16,0.2857142857142857
A/Texas/ISC-1148/2025|EPI_ISL_19759499,2024-09-18,2.0
A/Texas/ISC-1148/2025|EPI_ISL_19759499,2024-09-19,2.0
A/Texas/ISC-1148/2025|EPI_ISL_19759499,2024-09-21,0.14285714285714285
A/Texas/ISC-1148/2025|EPI_ISL_19759499,2024-09-22,2.0
A/Texas/ISC-1148/2025|EPI_ISL_19759499,2024-09-23,1.2857142857142856
A/Texas/ISC-1148/2025|EPI_ISL_19759499,2024-09-26,0.14285714285714285
A/Texas/ISC-1148/2025|EPI_ISL_19759499,2024-09-27,0.2857142857142857
A/Texas/ISC-1148/2025|EPI_ISL_19759499,2024-09-29,2.142857142857143
A/Texas/ISC-1148/2025|EPI_ISL_19759499,2024-09-30,0.14285714285714285
A/Texas/ISC-1148/2025|EPI_ISL_19759499,2024-10-01,5.0
A/Texas/ISC-1148/2025|EPI_ISL_19759499,2024-10-02,3.0
A/Texas/ISC-1148/2025|EPI_ISL_19759499,2024-10-03,1.1428571428571428
A/Texas/ISC-1148/2025|EPI_ISL_19759499,2024-10-04,0.42857142857142855
A/Texas/ISC-1148/2025|EPI_ISL_19759499,2024-10-07,1.1428571428571428
A/Texas/ISC-1148/2025|EPI_ISL_19759499,2024-10-09,3.0
A/Texas/ISC-1148/2025|EPI_ISL_19759499,2024-10-11,1.0
A/Texas/ISC-1148/2025|EPI_ISL_19759499,2024-10-13,2.0
A/Texas/ISC-1148/2025|EPI_ISL_19759499,2024-10-14,0.2857142857142857
A/Texas/ISC-1148/2025|EPI_ISL_19759499,2024-10-15,5.0
A/Texas/ISC-1148/2025|EPI_ISL_19759499,2024-10-17,0.14285714285714285
A/Texas/ISC-1148/2025|EPI_ISL_19759499,2024-10-18,2.0
A/Texas/ISC-1148/2025|EPI_ISL_19759499,2024-10-20,1.0
A/Texas/ISC-1148/2025|EPI_ISL_19759499,2024-10-21,3.0
A/Texas/ISC-1148/2025|EPI_ISL_19759499,2024-10-22,1.0
A/Texas/ISC-1148/2025|EPI_ISL_19759499,2024-10-23,1.0
A/Texas/ISC-1148/2025|EPI_ISL_19759499,2024-10-24,2.0
A/Texas/ISC-1148/2025|EPI_ISL_19759499,2024-10-25,2.0
A/Texas/ISC-1148/2025|EPI_ISL_19759499,2024-10-26,2.0
A/Texas/ISC-1148/2025|EPI_ISL_19759499,2024-10-27,2.0
A/Texas/ISC-1148/2025|EPI_ISL_19759499,2024-10-28,4.142857142857142
A/Texas/ISC-1148/2025|EPI_ISL_19759499,2024-10-29,3.0
A/Texas/ISC-1148/2025|EPI_ISL_19759499,2024-10-30,4.0
A/Texas/ISC-1148/2025|EPI_ISL_19759499,2024-10-31,2.142857142857143
A/Texas/ISC-1148/2025|EPI_ISL_19759499,2024-11-01,5.142857142857142
A/Texas/ISC-1148/2025|EPI_ISL_19759499,2024-11-02,2.2857142857142856
A/Texas/ISC-1148/2025|EPI_ISL_19759499,2024-11-03,4.142857142857142
A/Texas/ISC-1148/2025|EPI_ISL_19759499,2024-11-04,12.142857142857142
A/Texas/ISC-1148/2025|EPI_ISL_19759499,2024-11-05,3.0
A/Texas/ISC-1148/2025|EPI_ISL_19759499,2024-11-06,5.0
A/Texas/ISC-1148/2025|EPI_ISL_19759499,2024-11-07,6.142857142857142
A/Texas/ISC-1148/2025|EPI_ISL_19759499,2024-11-08,5.0
A/Texas/ISC-1148/2025|EPI_ISL_19759499,2024-11-09,4.5
A/Texas/ISC-1148/2025|EPI_ISL_19759499,2024-11-10,3.0
A/Texas/ISC-1148/2025|EPI_ISL_19759499,2024-11-11,7.0
A/Texas/ISC-1148/2025|EPI_ISL_19759499,2024-11-12,3.7857142857142856
A/Texas/ISC-1148/2025|EPI_ISL_19759499,2024-11-13,13.142857142857142
A/Texas/ISC-1148/2025|EPI_ISL_19759499,2024-11-14,10.0
A/Texas/ISC-1148/2025|EPI_ISL_19759499,2024-11-15,7.0
A/Texas/ISC-1148/2025|EPI_ISL_19759499,2024-11-16,7.142857142857142
A/Texas/ISC-1148/2025|EPI_ISL_19759499,2024-11-17,6.0
A/Texas/ISC-1148/2025|EPI_ISL_19759499,2024-11-18,10.0
A/Texas/ISC-1148/2025|EPI_ISL_19759499,2024-11-19,20.0
A/Texas/ISC-1148/2025|EPI_ISL_19759499,2024-11-20,13.642857142857142
A/Texas/ISC-1148/2025|EPI_ISL_19759499,2024-11-21,11.142857142857142
A/Texas/ISC-1148/2025|EPI_ISL_19759499,2024-11-22,15.785714285714285
A/Texas/ISC-1148/2025|EPI_ISL_19759499,2024-11-23,10.0
A/Texas/ISC-1148/2025|EPI_ISL_19759499,2024-11-24,19.0
A/Texas/ISC-1148/2025|EPI_ISL_19759499,2024-11-25,27.5
A/Texas/ISC-1148/2025|EPI_ISL_19759499,2024-11-26,16.5
A/Texas/ISC-1148/2025|EPI_ISL_19759499,2024-11-27,15.0
A/Texas/ISC-1148/2025|EPI_ISL_19759499,2024-11-28,9.0
A/Texas/ISC-1148/2025|EPI_ISL_19759499,2024-11-29,22.642857142857142
A/Texas/ISC-1148/2025|EPI_ISL_19759499,2024-11-30,14.5
A/Texas/ISC-1148/2025|EPI_ISL_19759499,2024-12-01,19.0
A/Texas/ISC-1148/2025|EPI_ISL_19759499,2024-12-02,22.0
A/Texas/ISC-1148/2025|EPI_ISL_19759499,2024-12-03,22.142857142857142
A/Texas/ISC-1148/2025|EPI_ISL_19759499,2024-12-04,20.0
A/Texas/ISC-1148/2025|EPI_ISL_19759499,2024-12-05,23.0
A/Texas/ISC-1148/2025|EPI_ISL_19759499,2024-12-06,14.5
A/Texas/ISC-1148/2025|EPI_ISL_19759499,2024-12-07,19.0
A/Texas/ISC-1148/2025|EPI_ISL_19759499,2024-12-08,18.0
A/Texas/ISC-1148/2025|EPI_ISL_19759499,2024-12-09,29.0
A/Texas/ISC-1148/2025|EPI_ISL_19759499,2024-12-10,33.0
A/Texas/ISC-1148/2025|EPI_ISL_19759499,2024-12-11,34.142857142857146
A/Texas/ISC-1148/2025|EPI_ISL_19759499,2024-12-12,17.0
A/Texas/ISC-1148/2025|EPI_ISL_19759499,2024-12-13,17.5
A/Texas/ISC-1148/2025|EPI_ISL_19759499,2024-12-14,15.0
A/Texas/ISC-1148/2025|EPI_ISL_19759499,2024-12-15,23.0
A/Texas/ISC-1148/2025|EPI_ISL_19759499,2024-12-16,41.5
A/Texas/ISC-1148/2025|EPI_ISL_19759499,2024-12-17,43.0
A/Texas/ISC-1148/2025|EPI_ISL_19759499,2024-12-18,46.0
A/Texas/ISC-1148/2025|EPI_ISL_19759499,2024-12-19,35.0
A/Texas/ISC-1148/2025|EPI_ISL_19759499,2024-12-20,35.142857142857146
A/Texas/ISC-1148/2025|EPI_ISL_19759499,2024-12-21,24.0
A/Texas/ISC-1148/2025|EPI_ISL_19759499,2024-12-22,31.0
A/Texas/ISC-1148/2025|EPI_ISL_19759499,2024-12-23,55.642857142857146
A/Texas/ISC-1148/2025|EPI_ISL_19759499,2024-12-24,32.0
A/Texas/ISC-1148/2025|EPI_ISL_19759499,2024-12-25,20.0
A/Texas/ISC-1148/2025|EPI_ISL_19759499,2024-12-26,43.0
A/Texas/ISC-1148/2025|EPI_ISL_19759499,2024-12-27,42.0
A/Texas/ISC-1148/2025|EPI_ISL_19759499,2024-12-28,41.0
A/Texas/ISC-1148/2025|EPI_ISL_19759499,2024-12-29,50.0
A/Texas/ISC-1148/2025|EPI_ISL_19759499,2024-12-30,40.5
A/Texas/ISC-1148/2025|EPI_ISL_19759499,2024-12-31,37.5
A/Texas/ISC-1148/2025|EPI_ISL_19759499,2025-01-01,21.5
A/Texas/ISC-1148/2025|EPI_ISL_19759499,2025-01-02,54.642857142857146
A/Texas/ISC-1148/2025|EPI_ISL_19759499,2025-01-03,24.642857142857142
A/Texas/ISC-1148/2025|EPI_ISL_19759499,2025-01-04,29.0
A/Texas/ISC-1148/2025|EPI_ISL_19759499,2025-01-05,32.0
A/Texas/ISC-1148/2025|EPI_ISL_19759499,2025-01-06,50.5
A/Texas/ISC-1148/2025|EPI_ISL_19759499,2025-01-07,35.5
A/Texas/ISC-1148/2025|EPI_ISL_19759499,2025-01-08,25.142857142857142
A/Texas/ISC-1148/2025|EPI_ISL_19759499,2025-01-09,32.642857142857146
A/Texas/ISC-1148/2025|EPI_ISL_19759499,2025-01-10,41.5
A/Texas/ISC-1148/2025|EPI_ISL_19759499,2025-01-11,20.5
A/Texas/ISC-1148/2025|EPI_ISL_19759499,2025-01-12,21.0
A/Texas/ISC-1148/2025|EPI_ISL_19759499,2025-01-13,52.5
A/Texas/ISC-1148/2025|EPI_ISL_19759499,2025-01-14,42.5
A/Texas/ISC-1148/2025|EPI_ISL_19759499,2025-01-15,39.0
A/Texas/ISC-1148/2025|EPI_ISL_19759499,2025-01-16,48.0
A/Texas/ISC-1148/2025|EPI_ISL_19759499,2025-01-17,36.142857142857146
A/Texas/ISC-1148/2025|EPI_ISL_19759499,2025-01-18,16.0
A/Texas/ISC-1148/2025|EPI_ISL_19759499,2025-01-19,25.0
A/Texas/ISC-1148/2025|EPI_ISL_19759499,2025-01-20,63.642857142857146
A/Texas/ISC-1148/2025|EPI_ISL_19759499,2025-01-21,48.5
A/Texas/ISC-1148/2025|EPI_ISL_19759499,2025-01-22,54.0
A/Texas/ISC-1148/2025|EPI_ISL_19759499,2025-01-23,39.5
A/Texas/ISC-1148/2025|EPI_ISL_19759499,2025-01-24,54.5
A/Texas/ISC-1148/2025|EPI_ISL_19759499,2025-01-25,30.0
A/Texas/ISC-1148/2025|EPI_ISL_19759499,2025-01-26,35.5
A/Texas/ISC-1148/2025|EPI_ISL_19759499,2025-01-27,47.0
A/Texas/ISC-1148/2025|EPI_ISL_19759499,2025-01-28,71.5
A/Texas/ISC-1148/2025|EPI_ISL_19759499,2025-01-29,60.5
A/Texas/ISC-1148/2025|EPI_ISL_19759499,2025-01-30,64.5
A/Texas/ISC-1148/2025|EPI_ISL_19759499,2025-01-31,46.0
A/Texas/ISC-1148/2025|EPI_ISL_19759499,2025-02-01,26.0
A/Texas/ISC-1148/2025|EPI_ISL_19759499,2025-02-02,21.5
A/Texas/ISC-1148/2025|EPI_ISL_19759499,2025-02-03,49.5
A/Texas/ISC-1148/2025|EPI_ISL_19759499,2025-02-04,52.5
A/Texas/ISC-1148/2025|EPI_ISL_19759499,2025-02-05,33.0
A/Texas/ISC-1148/2025|EPI_ISL_19759499,2025-02-06,34.0
A/Texas/ISC-1148/2025|EPI_ISL_19759499,2025-02-07,36.5
A/Texas/ISC-1148/2025|EPI_ISL_19759499,2025-02-08,11.0
A/Texas/ISC-1148/2025|EPI_ISL_19759499,2025-02-09,8.0
A/Texas/ISC-1148/2025|EPI_ISL_19759499,2025-02-10,42.0
A/Texas/ISC-1148/2025|EPI_ISL_19759499,2025-02-11,46.0
A/Texas/ISC-1148/2025|EPI_ISL_19759499,2025-02-12,27.0
A/Texas/ISC-1148/2025|EPI_ISL_19759499,2025-02-13,33.5
A/Texas/ISC-1148/2025|EPI_ISL_19759499,2025-02-14,30.5
A/Texas/ISC-1148/2025|EPI_ISL_19759499,2025-02-15,13.0
A/Texas/ISC-1148/2025|EPI_ISL_19759499,2025-02-16,7.5
A/Texas/ISC-1148/2025|EPI_ISL_19759499,2025-02-17,27.5
A/Texas/ISC-1148/2025|EPI_ISL_19759499,2025-02-18,29.0
A/Texas/ISC-1148/2025|EPI_ISL_19759499,2025-02-19,30.0
A/Texas/ISC-1148/2025|EPI_ISL_19759499,2025-02-20,25.0
A/Texas/ISC-1148/2025|EPI_ISL_19759499,2025-02-21,12.0
A/Texas/ISC-1148/2025|EPI_ISL_19759499,2025-02-22,10.0
A/Texas/ISC-1148/2025|EPI_ISL_19759499,2025-02-23,12.5
A/Texas/ISC-1148/2025|EPI_ISL_19759499,2025-02-24,29.0
A/Texas/ISC-1148/2025|EPI_ISL_19759499,2025-02-25,19.5
A/Texas/ISC-1148/2025|EPI_ISL_19759499,2025-02-26,16.0
A/Texas/ISC-1148/2025|EPI_ISL_19759499,2025-02-27,15.0
A/Texas/ISC-1148/2025|EPI_ISL_19759499,2025-02-28,9.0
A/Texas/ISC-1148/2025|EPI_ISL_19759499,2025-03-01,11.0
A/Texas/ISC-1148/2025|EPI_ISL_19759499,2025-03-02,11.0
A/Texas/ISC-1148/2025|EPI_ISL_19759499,2025-03-03,23.0
A/Texas/ISC-1148/2025|EPI_ISL_19759499,2025-03-04,26.0
A/Texas/ISC-1148/2025|EPI_ISL_19759499,2025-03-05,21.5
A/Texas/ISC-1148/2025|EPI_ISL_19759499,2025-03-06,13.0
A/Texas/ISC-1148/2025|EPI_ISL_19759499,2025-03-07,8.5
A/Texas/ISC-1148/2025|EPI_ISL_19759499,2025-03-08,4.0
A/Texas/ISC-1148/2025|EPI_ISL_19759499,2025-03-09,8.0
A/Texas/ISC-1148/2025|EPI_ISL_19759499,2025-03-10,15.0
A/Texas/ISC-1148/2025|EPI_ISL_19759499,2025-03-11,14.0
A/Texas/ISC-1148/2025|EPI_ISL_19759499,2025-03-12,10.5
A/Texas/ISC-1148/2025|EPI_ISL_19759499,2025-03-13,11.0
A/Texas/ISC-1148/2025|EPI_ISL_19759499,2025-03-14,4.0
A/Texas/ISC-1148/2025|EPI_ISL_19759499,2025-03-15,7.0
A/Texas/ISC-1148/2025|EPI_ISL_19759499,2025-03-16,4.0
A/Texas/ISC-1148/2025|EPI_ISL_19759499,2025-03-17,13.5
A/Texas/ISC-1148/2025|EPI_ISL_19759499,2025-03-18,8.0
A/Texas/ISC-1148/2025|EPI_ISL_19759499,2025-03-19,4.0
A/Texas/ISC-1148/2025|EPI_ISL_19759499,2025-03-20,7.0
A/Texas/ISC-1148/2025|EPI_ISL_19759499,2025-03-21,4.5
A/Texas/ISC-1148/2025|EPI_ISL_19759499,2025-03-22,3.0
A/Texas/ISC-1148/2025|EPI_ISL_19759499,2025-03-23,4.142857142857142
A/Texas/ISC-1148/2025|EPI_ISL_19759499,2025-03-24,4.0
A/Texas/ISC-1148/2025|EPI_ISL_19759499,2025-03-25,6.0
A/Texas/ISC-1148/2025|EPI_ISL_19759499,2025-03-27,7.0
A/Texas/ISC-1148/2025|EPI_ISL_19759499,2025-03-28,4.0
A/Texas/ISC-1148/2025|EPI_ISL_19759499,2025-03-29,1.1428571428571428
A/Texas/ISC-1148/2025|EPI_ISL_19759499,2025-03-30,1.0
A/Texas/ISC-1148/2025|EPI_ISL_19759499,2025-03-31,4.5
A/Texas/ISC-1148/2025|EPI_ISL_19759499,2025-04-01,3.5
A/Texas/ISC-1148/2025|EPI_ISL_19759499,2025-04-02,2.0
A/Texas/ISC-1148/2025|EPI_ISL_19759499,2025-04-03,4.0
A/Texas/ISC-1148/2025|EPI_ISL_19759499,2025-04-04,1.0
A/Texas/ISC-1148/2025|EPI_ISL_19759499,2025-04-05,5.0
A/Texas/ISC-1148/2025|EPI_ISL_19759499,2025-04-06,3.0
A/Texas/ISC-1148/2025|EPI_ISL_19759499,2025-04-07,3.0
A/Texas/ISC-1148/2025|EPI_ISL_19759499,2025-04-08,4.5
A/Texas/ISC-1148/2025|EPI_ISL_19759499,2025-04-09,1.0
A/Texas/ISC-1148/2025|EPI_ISL_19759499,2025-04-10,1.0
A/Texas/ISC-1148/2025|EPI_ISL_19759499,2025-04-11,1.0
A/Texas/ISC-1148/2025|EPI_ISL_19759499,2025-04-13,1.0
A/Texas/ISC-1148/2025|EPI_ISL_19759499,2025-04-14,4.0
A/Texas/ISC-1148/2025|EPI_ISL_19759499,2025-04-16,1.5
A/Texas/ISC-1148/2025|EPI_ISL_19759499,2025-04-19,2.0
A/Texas/ISC-1148/2025|EPI_ISL_19759499,2025-04-20,1.0
A/Texas/ISC-1148/2025|EPI_ISL_19759499,2025-04-21,2.0
A/Texas/ISC-1148/2025|EPI_ISL_19759499,2025-04-23,1.0
A/Texas/ISC-1148/2025|EPI_ISL_19759499,2025-04-25,1.0
A/Texas/ISC-1148/2025|EPI_ISL_19759499,2025-04-27,1.0
A/Texas/ISC-1148/2025|EPI_ISL_19759499,2025-04-29,1.0
A/Texas/ISC-1148/2025|EPI_ISL_19759499,2025-04-30,2.0
A/Texas/ISC-1148/2025|EPI_ISL_19759499,2025-05-04,1.0
A/Texas/ISC-1148/2025|EPI_ISL_19759499,2025-05-06,1.0
A/Texas/ISC-1148/2025|EPI_ISL_19759499,2025-05-11,1.0
A/Texas/ISC-1148/2025|EPI_ISL_19759499,2025-05-12,1.0
A/Texas/ISC-1148/2025|EPI_ISL_19759499,2025-05-13,1.0
A/Texas/ISC-1148/2025|EPI_ISL_19759499,2025-05-14,3.0
A/Texas/ISC-1148/2025|EPI_ISL_19759499,2025-05-16,1.0
A/Texas/ISC-1148/2025|EPI_ISL_19759499,2025-05-19,1.0
A/Texas/ISC-1148/2025|EPI_ISL_19759499,2025-05-20,2.0
A/Texas/ISC-1148/2025|EPI_ISL_19759499,2025-05-21,1.0
A/Texas/ISC-1148/2025|EPI_ISL_19759499,2025-05-23,1.0
A/Texas/ISC-1148/2025|EPI_ISL_19759499,2025-05-29,1.0
A/Texas/ISC-1148/2025|EPI_ISL_19759499,2025-06-02,1.0
A/Texas/ISC-1148/2025|EPI_ISL_19759499,2025-06-04,0.14285714285714285
A/Texas/ISC-1148/2025|EPI_ISL_19759499,2025-06-07,1.0
A/Texas/ISC-1148/2025|EPI_ISL_19759499,2025-06-09,2.0
A/Texas/ISC-1148/2025|EPI_ISL_19759499,2025-06-11,1.0
A/Texas/ISC-1148/2025|EPI_ISL_19759499,2025-06-20,1.0
A/Texas/ISC-1148/2025|EPI_ISL_19759499,2025-07-07,1.0
A/Texas/ISC-1148/2025|EPI_ISL_19759499,2025-07-21,1.0
A/Texas/ISC-1274/2025|EPI_ISL_19759743,2024-09-16,2.0
A/Texas/ISC-1274/2025|EPI_ISL_19759743,2024-10-21,1.0
A/Texas/ISC-1274/2025|EPI_ISL_19759743,2024-10-24,4.0
A/Texas/ISC-1274/2025|EPI_ISL_19759743,2024-10-28,1.0
A/Texas/ISC-1274/2025|EPI_ISL_19759743,2024-10-31,1.0
A/Texas/ISC-1274/2025|EPI_ISL_19759743,2024-11-04,1.0
A/Texas/ISC-1274/2025|EPI_ISL_19759743,2024-11-05,2.0
A/Texas/ISC-1274/2025|EPI_ISL_19759743,2024-11-06,1.0
A/Texas/ISC-1274/2025|EPI_ISL_19759743,2024-11-07,1.0
A/Texas/ISC-1274/2025|EPI_ISL_19759743,2024-11-09,1.0
A/Texas/ISC-1274/2025|EPI_ISL_19759743,2024-11-10,1.0
A/Texas/ISC-1274/2025|EPI_ISL_19759743,2024-11-11,1.0
A/Texas/ISC-1274/2025|EPI_ISL_19759743,2024-11-13,2.0
A/Texas/ISC-1274/2025|EPI_ISL_19759743,2024-11-14,1.0
A/Texas/ISC-1274/2025|EPI_ISL_19759743,2024-11-16,2.0
A/Texas/ISC-1274/2025|EPI_ISL_19759743,2024-11-17,3.0
A/Texas/ISC-1274/2025|EPI_ISL_19759743,2024-11-18,2.0
A/Texas/ISC-1274/2025|EPI_ISL_19759743,2024-11-19,2.0
A/Texas/ISC-1274/2025|EPI_ISL_19759743,2024-11-20,1.0
A/Texas/ISC-1274/2025|EPI_ISL_19759743,2024-11-21,3.0
A/Texas/ISC-1274/2025|EPI_ISL_19759743,2024-11-22,1.0
A/Texas/ISC-1274/2025|EPI_ISL_19759743,2024-11-23,1.0
A/Texas/ISC-1274/2025|EPI_ISL_19759743,2024-11-24,1.0
A/Texas/ISC-1274/2025|EPI_ISL_19759743,2024-11-25,1.0
A/Texas/ISC-1274/2025|EPI_ISL_19759743,2024-11-26,2.0
A/Texas/ISC-1274/2025|EPI_ISL_19759743,2024-11-27,5.0
A/Texas/ISC-1274/2025|EPI_ISL_19759743,2024-11-28,4.0
A/Texas/ISC-1274/2025|EPI_ISL_19759743,2024-11-29,1.0
A/Texas/ISC-1274/2025|EPI_ISL_19759743,2024-11-30,1.0
A/Texas/ISC-1274/2025|EPI_ISL_19759743,2024-12-01,2.0
A/Texas/ISC-1274/2025|EPI_ISL_19759743,2024-12-02,3.0
A/Texas/ISC-1274/2025|EPI_ISL_19759743,2024-12-03,3.0
A/Texas/ISC-1274/2025|EPI_ISL_19759743,2024-12-07,5.0
A/Texas/ISC-1274/2025|EPI_ISL_19759743,2024-12-08,1.0
A/Texas/ISC-1274/2025|EPI_ISL_19759743,2024-12-09,4.0
A/Texas/ISC-1274/2025|EPI_ISL_19759743,2024-12-10,2.0
A/Texas/ISC-1274/2025|EPI_ISL_19759743,2024-12-11,3.0
A/Texas/ISC-1274/2025|EPI_ISL_19759743,2024-12-12,1.0
A/Texas/ISC-1274/2025|EPI_ISL_19759743,2024-12-13,1.0
A/Texas/ISC-1274/2025|EPI_ISL_19759743,2024-12-15,1.0
A/Texas/ISC-1274/2025|EPI_ISL_19759743,2024-12-16,4.0
A/Texas/ISC-1274/2025|EPI_ISL_19759743,2024-12-17,2.0
A/Texas/ISC-1274/2025|EPI_ISL_19759743,2024-12-18,3.0
A/Texas/ISC-1274/2025|EPI_ISL_19759743,2024-12-19,2.0
A/Texas/ISC-1274/2025|EPI_ISL_19759743,2024-12-20,4.0
A/Texas/ISC-1274/2025|EPI_ISL_19759743,2024-12-21,1.0
A/Texas/ISC-1274/2025|EPI_ISL_19759743,2024-12-22,5.0
A/Texas/ISC-1274/2025|EPI_ISL_19759743,2024-12-23,2.0
A/Texas/ISC-1274/2025|EPI_ISL_19759743,2024-12-24,4.0
A/Texas/ISC-1274/2025|EPI_ISL_19759743,2024-12-25,3.0
A/Texas/ISC-1274/2025|EPI_ISL_19759743,2024-12-26,2.0
A/Texas/ISC-1274/2025|EPI_ISL_19759743,2024-12-27,5.0
A/Texas/ISC-1274/2025|EPI_ISL_19759743,2024-12-28,1.0
A/Texas/ISC-1274/2025|EPI_ISL_19759743,2024-12-29,3.0
A/Texas/ISC-1274/2025|EPI_ISL_19759743,2024-12-30,3.0
A/Texas/ISC-1274/2025|EPI_ISL_19759743,2024-12-31,3.0
A/Texas/ISC-1274/2025|EPI_ISL_19759743,2025-01-01,2.0
A/Texas/ISC-1274/2025|EPI_ISL_19759743,2025-01-02,7.0
A/Texas/ISC-1274/2025|EPI_ISL_19759743,2025-01-03,4.0
A/Texas/ISC-1274/2025|EPI_ISL_19759743,2025-01-04,3.0
A/Texas/ISC-1274/2025|EPI_ISL_19759743,2025-01-05,2.0
A/Texas/ISC-1274/2025|EPI_ISL_19759743,2025-01-06,4.0
A/Texas/ISC-1274/2025|EPI_ISL_19759743,2025-01-07,3.0
A/Texas/ISC-1274/2025|EPI_ISL_19759743,2025-01-08,13.0
A/Texas/ISC-1274/2025|EPI_ISL_19759743,2025-01-09,1.0
A/Texas/ISC-1274/2025|EPI_ISL_19759743,2025-01-10,6.0
A/Texas/ISC-1274/2025|EPI_ISL_19759743,2025-01-11,3.0
A/Texas/ISC-1274/2025|EPI_ISL_19759743,2025-01-12,3.0
A/Texas/ISC-1274/2025|EPI_ISL_19759743,2025-01-13,13.0
A/Texas/ISC-1274/2025|EPI_ISL_19759743,2025-01-14,4.0
A/Texas/ISC-1274/2025|EPI_ISL_19759743,2025-01-15,2.0
A/Texas/ISC-1274/2025|EPI_ISL_19759743,2025-01-16,2.0
A/Texas/ISC-1274/2025|EPI_ISL_19759743,2025-01-18,4.0
A/Texas/ISC-1274/2025|EPI_ISL_19759743,2025-01-20,16.0
A/Texas/ISC-1274/2025|EPI_ISL_19759743,2025-01-21,3.0
A/Texas/ISC-1274/2025|EPI_ISL_19759743,2025-01-22,11.0
A/Texas/ISC-1274/2025|EPI_ISL_19759743,2025-01-23,3.0
A/Texas/ISC-1274/2025|EPI_ISL_19759743,2025-01-24,1.0
A/Texas/ISC-1274/2025|EPI_ISL_19759743,2025-01-26,2.0
A/Texas/ISC-1274/2025|EPI_ISL_19759743,2025-01-27,3.0
A/Texas/ISC-1274/2025|EPI_ISL_19759743,2025-01-28,3.0
A/Texas/ISC-1274/2025|EPI_ISL_19759743,2025-01-29,1.0
A/Texas/ISC-1274/2025|EPI_ISL_19759743,2025-01-30,3.0
A/Texas/ISC-1274/2025|EPI_ISL_19759743,2025-01-31,3.0
A/Texas/ISC-1274/2025|EPI_ISL_19759743,2025-02-02,1.0
A/Texas/ISC-1274/2025|EPI_ISL_19759743,2025-02-03,7.0
A/Texas/ISC-1274/2025|EPI_ISL_19759743,2025-02-04,1.0
A/Texas/ISC-1274/2025|EPI_ISL_19759743,2025-02-05,1.0
A/Texas/ISC-1274/2025|EPI_ISL_19759743,2025-02-06,4.0
A/Texas/ISC-1274/2025|EPI_ISL_19759743,2025-02-07,1.0
A/Texas/ISC-1274/2025|EPI_ISL_19759743,2025-02-08,2.0
A/Texas/ISC-1274/2025|EPI_ISL_19759743,2025-02-09,2.0
A/Texas/ISC-1274/2025|EPI_ISL_19759743,2025-02-10,4.0
A/Texas/ISC-1274/2025|EPI_ISL_19759743,2025-02-11,4.0
A/Texas/ISC-1274/2025|EPI_ISL_19759743,2025-02-12,5.0
A/Texas/ISC-1274/2025|EPI_ISL_19759743,2025-02-13,2.0
A/Texas/ISC-1274/2025|EPI_ISL_19759743,2025-02-14,2.0
A/Texas/ISC-1274/2025|EPI_ISL_19759743,2025-02-15,4.0
A/Texas/ISC-1274/2025|EPI_ISL_19759743,2025-02-17,5.0
A/Texas/ISC-1274/2025|EPI_ISL_19759743,2025-02-18,4.0
A/Texas/ISC-1274/2025|EPI_ISL_19759743,2025-02-19,2.0
A/Texas/ISC-1274/2025|EPI_ISL_19759743,2025-02-20,1.0
A/Texas/ISC-1274/2025|EPI_ISL_19759743,2025-02-21,1.0
A/Texas/ISC-1274/2025|EPI_ISL_19759743,2025-02-24,4.0
A/Texas/ISC-1274/2025|EPI_ISL_19759743,2025-02-25,2.0
A/Texas/ISC-1274/2025|EPI_ISL_19759743,2025-02-26,1.0
A/Texas/ISC-1274/2025|EPI_ISL_19759743,2025-02-28,2.0
A/Texas/ISC-1274/2025|EPI_ISL_19759743,2025-03-04,3.0
A/Texas/ISC-1274/2025|EPI_ISL_19759743,2025-03-05,1.0
A/Texas/ISC-1274/2025|EPI_ISL_19759743,2025-03-06,2.0
A/Texas/ISC-1274/2025|EPI_ISL_19759743,2025-03-07,1.0
A/Texas/ISC-1274/2025|EPI_ISL_19759743,2025-03-08,3.0
A/Texas/ISC-1274/2025|EPI_ISL_19759743,2025-03-09,1.0
A/Texas/ISC-1274/2025|EPI_ISL_19759743,2025-03-10,2.0
A/Texas/ISC-1274/2025|EPI_ISL_19759743,2025-03-11,2.0
A/Texas/ISC-1274/2025|EPI_ISL_19759743,2025-03-12,2.0
A/Texas/ISC-1274/2025|EPI_ISL_19759743,2025-03-14,1.0
A/Texas/ISC-1274/2025|EPI_ISL_19759743,2025-03-15,1.0
A/Texas/ISC-1274/2025|EPI_ISL_19759743,2025-03-16,1.0
A/Texas/ISC-1274/2025|EPI_ISL_19759743,2025-03-18,1.0
A/Texas/ISC-1274/2025|EPI_ISL_19759743,2025-03-20,1.0
A/Texas/ISC-1274/2025|EPI_ISL_19759743,2025-03-21,1.0
A/Texas/ISC-1274/2025|EPI_ISL_19759743,2025-03-24,1.0
A/Texas/ISC-1274/2025|EPI_ISL_19759743,2025-03-26,9.0
A/Texas/ISC-1274/2025|EPI_ISL_19759743,2025-03-28,2.0
A/Texas/ISC-1274/2025|EPI_ISL_19759743,2025-03-31,1.0
A/Texas/ISC-1274/2025|EPI_ISL_19759743,2025-04-02,2.0
A/Texas/ISC-1274/2025|EPI_ISL_19759743,2025-04-06,1.0
A/Texas/ISC-1274/2025|EPI_ISL_19759743,2025-04-07,1.0
A/Texas/ISC-1274/2025|EPI_ISL_19759743,2025-04-09,1.0
A/Texas/ISC-1274/2025|EPI_ISL_19759743,2025-04-14,1.0
A/Texas/ISC-1274/2025|EPI_ISL_19759743,2025-04-15,1.0
A/Texas/ISC-1274/2025|EPI_ISL_19759743,2025-04-16,7.0
A/Texas/ISC-1274/2025|EPI_ISL_19759743,2025-04-21,1.0
A/Texas/ISC-1274/2025|EPI_ISL_19759743,2025-04-22,1.0
A/Texas/ISC-1274/2025|EPI_ISL_19759743,2025-04-27,1.0
A/Texas/ISC-1274/2025|EPI_ISL_19759743,2025-04-29,1.0
A/Texas/ISC-1274/2025|EPI_ISL_19759743,2025-05-07,1.0
A/Texas/ISC-1274/2025|EPI_ISL_19759743,2025-05-20,2.0
A/Texas/ISC-1274/2025|EPI_ISL_19759743,2025-06-03,1.0
A/Texas/ISC-1322/2025|EPI_ISL_19759740,2024-11-29,1.0
A/Texas/ISC-1322/2025|EPI_ISL_19759740,2024-12-03,1.0
A/Texas/ISC-1322/2025|EPI_ISL_19759740,2024-12-14,1.0
A/Texas/ISC-1322/2025|EPI_ISL_19759740,2024-12-18,1.0
A/Texas/ISC-1322/2025|EPI_ISL_19759740,2024-12-27,1.0
A/Texas/ISC-1322/2025|EPI_ISL_19759740,2024-12-28,1.0
A/Texas/ISC-1322/2025|EPI_ISL_19759740,2025-01-04,1.0
A/Texas/ISC-1322/2025|EPI_ISL_19759740,2025-01-07,2.0
A/Texas/ISC-1322/2025|EPI_ISL_19759740,2025-01-08,2.0
A/Texas/ISC-1322/2025|EPI_ISL_19759740,2025-01-09,2.0
A/Texas/ISC-1322/2025|EPI_ISL_19759740,2025-01-10,1.0
A/Texas/ISC-1322/2025|EPI_ISL_19759740,2025-01-11,1.0
A/Texas/ISC-1322/2025|EPI_ISL_19759740,2025-01-13,2.0
A/Texas/ISC-1322/2025|EPI_ISL_19759740,2025-01-14,2.0
A/Texas/ISC-1322/2025|EPI_ISL_19759740,2025-01-15,1.0
A/Texas/ISC-1322/2025|EPI_ISL_19759740,2025-01-16,2.0
A/Texas/ISC-1322/2025|EPI_ISL_19759740,2025-01-17,1.0
A/Texas/ISC-1322/2025|EPI_ISL_19759740,2025-01-18,2.0
A/Texas/ISC-1322/2025|EPI_ISL_19759740,2025-01-20,1.0
A/Texas/ISC-1322/2025|EPI_ISL_19759740,2025-01-22,4.0
A/Texas/ISC-1322/2025|EPI_ISL_19759740,2025-01-24,2.0
A/Texas/ISC-1322/2025|EPI_ISL_19759740,2025-01-26,1.0
A/Texas/ISC-1322/2025|EPI_ISL_19759740,2025-01-27,2.0
A/Texas/ISC-1322/2025|EPI_ISL_19759740,2025-01-28,2.0
A/Texas/ISC-1322/2025|EPI_ISL_19759740,2025-01-30,4.0
A/Texas/ISC-1322/2025|EPI_ISL_19759740,2025-01-31,4.0
A/Texas/ISC-1322/2025|EPI_ISL_19759740,2025-02-02,4.0
A/Texas/ISC-1322/2025|EPI_ISL_19759740,2025-02-04,3.0
A/Texas/ISC-1322/2025|EPI_ISL_19759740,2025-02-05,1.0
A/Texas/ISC-1322/2025|EPI_ISL_19759740,2025-02-06,2.0
A/Texas/ISC-1322/2025|EPI_ISL_19759740,2025-02-07,3.0
A/Texas/ISC-1322/2025|EPI_ISL_19759740,2025-02-09,1.0
A/Texas/ISC-1322/2025|EPI_ISL_19759740,2025-02-10,2.0
A/Texas/ISC-1322/2025|EPI_ISL_19759740,2025-02-11,1.0
A/Texas/ISC-1322/2025|EPI_ISL_19759740,2025-02-12,1.0
A/Texas/ISC-1322/2025|EPI_ISL_19759740,2025-02-13,1.0
A/Texas/ISC-1322/2025|EPI_ISL_19759740,2025-02-14,3.5
A/Texas/ISC-1322/2025|EPI_ISL_19759740,2025-02-15,1.0
A/Texas/ISC-1322/2025|EPI_ISL_19759740,2025-02-18,2.0
A/Texas/ISC-1322/2025|EPI_ISL_19759740,2025-02-19,3.0
A/Texas/ISC-1322/2025|EPI_ISL_19759740,2025-02-20,2.0
A/Texas/ISC-1322/2025|EPI_ISL_19759740,2025-02-21,1.0
A/Texas/ISC-1322/2025|EPI_ISL_19759740,2025-02-28,2.0
A/Texas/ISC-1322/2025|EPI_ISL_19759740,2025-03-04,2.0
A/Texas/ISC-1322/2025|EPI_ISL_19759740,2025-03-05,1.0
A/Texas/ISC-1322/2025|EPI_ISL_19759740,2025-03-10,1.0
A/Texas/ISC-1322/2025|EPI_ISL_19759740,2025-03-12,1.0
A/Texas/ISC-1322/2025|EPI_ISL_19759740,2025-03-13,1.0
A/Texas/ISC-1322/2025|EPI_ISL_19759740,2025-03-17,3.0
A/Texas/ISC-1322/2025|EPI_ISL_19759740,2025-03-22,1.0
A/Texas/ISC-1322/2025|EPI_ISL_19759740,2025-03-25,1.0
A/Texas/ISC-1322/2025|EPI_ISL_19759740,2025-03-27,1.0
A/Texas/ISC-1322/2025|EPI_ISL_19759740,2025-03-28,1.0
A/Texas/ISC-1322/2025|EPI_ISL_19759740,2025-03-30,1.0
A/Texas/ISC-1322/2025|EPI_ISL_19759740,2025-03-31,2.0
A/Texas/ISC-1322/2025|EPI_ISL_19759740,2025-04-08,2.0
A/Texas/ISC-1322/2025|EPI_ISL_19759740,2025-04-12,1.0
A/Texas/ISC-1322/2025|EPI_ISL_19759740,2025-04-13,2.0
A/Texas/ISC-1322/2025|EPI_ISL_19759740,2025-04-21,1.0
A/Texas/ISC-1322/2025|EPI_ISL_19759740,2025-04-23,1.0
A/Texas/ISC-1322/2025|EPI_ISL_19759740,2025-04-29,1.0
A/Texas/ISC-1322/2025|EPI_ISL_19759740,2025-05-02,1.0
A/Texas/ISC-1322/2025|EPI_ISL_19759740,2025-05-04,1.0
A/Texas/ISC-1322/2025|EPI_ISL_19759740,2025-05-06,1.0
A/Texas/ISC-1322/2025|EPI_ISL_19759740,2025-05-08,1.0
A/Texas/ISC-1322/2025|EPI_ISL_19759740,2025-05-17,1.0
A/Texas/ISC-1322/2025|EPI_ISL_19759740,2025-05-18,1.0
A/Texas/ISC-1322/2025|EPI_ISL_19759740,2025-05-19,4.0
A/Texas/ISC-1322/2025|EPI_ISL_19759740,2025-05-22,1.0
A/Texas/ISC-1322/2025|EPI_ISL_19759740,2025-05-28,1.0
A/Texas/ISC-1322/2025|EPI_ISL_19759740,2025-06-06,2.0
A/Texas/ISC-1322/2025|EPI_ISL_19759740,2025-06-19,1.0
A/Texas/ISC-1322/2025|EPI_ISL_19759740,2025-07-07,1.0
A/Texas/ISC-1342/2025|EPI_ISL_19759886,2024-10-29,1.0
A/Texas/ISC-1342/2025|EPI_ISL_19759886,2024-11-09,1.0
A/Texas/ISC-1342/2025|EPI_ISL_19759886,2024-11-11,1.0
A/Texas/ISC-1342/2025|EPI_ISL_19759886,2024-11-29,1.0
A/Texas/ISC-1342/2025|EPI_ISL_19759886,2024-12-17,3.0
A/Texas/ISC-1342/2025|EPI_ISL_19759886,2024-12-19,1.0
A/Texas/ISC-1342/2025|EPI_ISL_19759886,2024-12-20,1.0
A/Texas/ISC-1342/2025|EPI_ISL_19759886,2024-12-21,1.0
A/Texas/ISC-1342/2025|EPI_ISL_19759886,2024-12-24,1.0
A/Texas/ISC-1342/2025|EPI_ISL_19759886,2024-12-26,1.0
A/Texas/ISC-1342/2025|EPI_ISL_19759886,2024-12-27,1.0
A/Texas/ISC-1342/2025|EPI_ISL_19759886,2024-12-30,2.0
A/Texas/ISC-1342/2025|EPI_ISL_19759886,2024-12-31,2.0
A/Texas/ISC-1342/2025|EPI_ISL_19759886,2025-01-01,1.0
A/Texas/ISC-1342/2025|EPI_ISL_19759886,2025-01-03,4.0
A/Texas/ISC-1342/2025|EPI_ISL_19759886,2025-01-04,1.0
A/Texas/ISC-1342/2025|EPI_ISL_19759886,2025-01-07,1.0
A/Texas/ISC-1342/2025|EPI_ISL_19759886,2025-01-08,4.0
A/Texas/ISC-1342/2025|EPI_ISL_19759886,2025-01-11,2.0
A/Texas/ISC-1342/2025|EPI_ISL_19759886,2025-01-13,1.0
A/Texas/ISC-1342/2025|EPI_ISL_19759886,2025-01-14,3.0
A/Texas/ISC-1342/2025|EPI_ISL_19759886,2025-01-15,3.0
A/Texas/ISC-1342/2025|EPI_ISL_19759886,2025-01-16,5.0
A/Texas/ISC-1342/2025|EPI_ISL_19759886,2025-01-17,6.0
A/Texas/ISC-1342/2025|EPI_ISL_19759886,2025-01-19,2.0
A/Texas/ISC-1342/2025|EPI_ISL_19759886,2025-01-20,4.0
A/Texas/ISC-1342/2025|EPI_ISL_19759886,2025-01-21,4.0
A/Texas/ISC-1342/2025|EPI_ISL_19759886,2025-01-22,9.0
A/Texas/ISC-1342/2025|EPI_ISL_19759886,2025-01-23,4.0
A/Texas/ISC-1342/2025|EPI_ISL_19759886,2025-01-24,6.0
A/Texas/ISC-1342/2025|EPI_ISL_19759886,2025-01-25,4.0
A/Texas/ISC-1342/2025|EPI_ISL_19759886,2025-01-26,3.0
A/Texas/ISC-1342/2025|EPI_ISL_19759886,2025-01-27,6.0
A/Texas/ISC-1342/2025|EPI_ISL_19759886,2025-01-28,6.0
A/Texas/ISC-1342/2025|EPI_ISL_19759886,2025-01-29,5.0
A/Texas/ISC-1342/2025|EPI_ISL_19759886,2025-01-30,6.0
A/Texas/ISC-1342/2025|EPI_ISL_19759886,2025-01-31,6.0
A/Texas/ISC-1342/2025|EPI_ISL_19759886,2025-02-01,3.0
A/Texas/ISC-1342/2025|EPI_ISL_19759886,2025-02-03,8.0
A/Texas/ISC-1342/2025|EPI_ISL_19759886,2025-02-04,5.0
A/Texas/ISC-1342/2025|EPI_ISL_19759886,2025-02-05,4.0
A/Texas/ISC-1342/2025|EPI_ISL_19759886,2025-02-06,11.0
A/Texas/ISC-1342/2025|EPI_ISL_19759886,2025-02-07,6.0
A/Texas/ISC-1342/2025|EPI_ISL_19759886,2025-02-08,3.0
A/Texas/ISC-1342/2025|EPI_ISL_19759886,2025-02-10,3.0
A/Texas/ISC-1342/2025|EPI_ISL_19759886,2025-02-11,5.0
A/Texas/ISC-1342/2025|EPI_ISL_19759886,2025-02-12,1.0
A/Texas/ISC-1342/2025|EPI_ISL_19759886,2025-02-13,2.0
A/Texas/ISC-1342/2025|EPI_ISL_19759886,2025-02-15,1.0
A/Texas/ISC-1342/2025|EPI_ISL_19759886,2025-02-16,1.0
A/Texas/ISC-1342/2025|EPI_ISL_19759886,2025-02-17,2.0
A/Texas/ISC-1342/2025|EPI_ISL_19759886,2025-02-19,2.0
A/Texas/ISC-1342/2025|EPI_ISL_19759886,2025-02-20,1.0
A/Texas/ISC-1342/2025|EPI_ISL_19759886,2025-02-22,1.0
A/Texas/ISC-1342/2025|EPI_ISL_19759886,2025-02-23,2.0
A/Texas/ISC-1342/2025|EPI_ISL_19759886,2025-02-24,4.0
A/Texas/ISC-1342/2025|EPI_ISL_19759886,2025-02-25,1.0
A/Texas/ISC-1342/2025|EPI_ISL_19759886,2025-02-26,1.0
A/Texas/ISC-1342/2025|EPI_ISL_19759886,2025-02-27,2.0
A/Texas/ISC-1342/2025|EPI_ISL_19759886,2025-02-28,1.0
A/Texas/ISC-1342/2025|EPI_ISL_19759886,2025-03-01,1.0
A/Texas/ISC-1342/2025|EPI_ISL_19759886,2025-03-04,1.0
A/Texas/ISC-1342/2025|EPI_ISL_19759886,2025-03-06,2.0
A/Texas/ISC-1342/2025|EPI_ISL_19759886,2025-03-07,1.0
A/Texas/ISC-1342/2025|EPI_ISL_19759886,2025-03-09,1.0
A/Texas/ISC-1342/2025|EPI_ISL_19759886,2025-03-12,1.0
A/Texas/ISC-1342/2025|EPI_ISL_19759886,2025-03-15,1.0
A/Texas/ISC-1342/2025|EPI_ISL_19759886,2025-03-16,1.0
A/Texas/ISC-1342/2025|EPI_ISL_19759886,2025-03-17,1.0
A/Texas/ISC-1342/2025|EPI_ISL_19759886,2025-03-20,1.0
A/Texas/ISC-1342/2025|EPI_ISL_19759886,2025-03-22,1.0
A/Texas/ISC-1342/2025|EPI_ISL_19759886,2025-03-23,1.0
A/Texas/ISC-1342/2025|EPI_ISL_19759886,2025-03-25,1.0
A/Texas/ISC-1342/2025|EPI_ISL_19759886,2025-03-31,1.0
A/Texas/ISC-1342/2025|EPI_ISL_19759886,2025-04-06,1.0
A/Texas/ISC-1342/2025|EPI_ISL_19759886,2025-04-07,1.0
A/Texas/ISC-1342/2025|EPI_ISL_19759886,2025-04-12,1.0
A/Texas/ISC-1342/2025|EPI_ISL_19759886,2025-04-21,1.0
A/Texas/ISC-1342/2025|EPI_ISL_19759886,2025-05-02,1.0
A/Texas/ISC-1342/2025|EPI_ISL_19759886,2025-05-13,1.0
A/Utah/94/2024|EPI_ISL_19628194,2024-11-07,1.0
A/Utah/94/2024|EPI_ISL_19628194,2024-11-24,1.0
A/Utah/94/2024|EPI_ISL_19628194,2024-11-26,1.0
A/Utah/94/2024|EPI_ISL_19628194,2024-12-15,1.0
A/Utah/94/2024|EPI_ISL_19628194,2024-12-16,1.0
A/Utah/94/2024|EPI_ISL_19628194,2024-12-18,2.0
A/Utah/94/2024|EPI_ISL_19628194,2024-12-19,1.0
A/Utah/94/2024|EPI_ISL_19628194,2024-12-20,1.0
A/Utah/94/2024|EPI_ISL_19628194,2024-12-22,1.0
A/Utah/94/2024|EPI_ISL_19628194,2024-12-25,1.0
A/Utah/94/2024|EPI_ISL_19628194,2024-12-29,1.0
A/Utah/94/2024|EPI_ISL_19628194,2025-01-02,1.0
A/Utah/94/2024|EPI_ISL_19628194,2025-01-10,1.0
A/Utah/94/2024|EPI_ISL_19628194,2025-01-11,1.0
A/Utah/94/2024|EPI_ISL_19628194,2025-01-13,1.0
A/Utah/94/2024|EPI_ISL_19628194,2025-01-15,0.5
A/Utah/94/2024|EPI_ISL_19628194,2025-01-16,1.0
A/Utah/94/2024|EPI_ISL_19628194,2025-02-17,1.0
A/Utah/94/2024|EPI_ISL_19628194,2025-02-19,1.0
A/Vermont/13/2025|EPI_ISL_19759256,2024-07-09,0.5
A/Vermont/13/2025|EPI_ISL_19759256,2024-07-21,0.5
A/Vermont/13/2025|EPI_ISL_19759256,2024-08-20,0.5
A/Vermont/13/2025|EPI_ISL_19759256,2024-10-30,0.5
A/Vermont/13/2025|EPI_ISL_19759256,2024-11-06,0.5
A/Vermont/13/2025|EPI_ISL_19759256,2024-11-08,0.5
A/Vermont/13/2025|EPI_ISL_19759256,2024-11-11,0.5
A/Vermont/13/2025|EPI_ISL_19759256,2024-11-20,1.0
A/Vermont/13/2025|EPI_ISL_19759256,2024-11-29,0.5
A/Vermont/13/2025|EPI_ISL_19759256,2024-12-01,1.0
A/Vermont/13/2025|EPI_ISL_19759256,2024-12-12,1.0
A/Vermont/13/2025|EPI_ISL_19759256,2024-12-16,0.5
A/Vermont/13/2025|EPI_ISL_19759256,2024-12-19,0.5
A/Vermont/13/2025|EPI_ISL_19759256,2024-12-20,1.0
A/Vermont/13/2025|EPI_ISL_19759256,2024-12-22,1.0
A/Vermont/13/2025|EPI_ISL_19759256,2024-12-24,1.0
A/Vermont/13/2025|EPI_ISL_19759256,2024-12-28,0.5
A/Vermont/13/2025|EPI_ISL_19759256,2024-12-29,1.0
A/Vermont/13/2025|EPI_ISL_19759256,2024-12-30,1.5
A/Vermont/13/2025|EPI_ISL_19759256,2025-01-01,0.5
A/Vermont/13/2025|EPI_ISL_19759256,2025-01-05,0.5
A/Vermont/13/2025|EPI_ISL_19759256,2025-01-09,0.5
A/Vermont/13/2025|EPI_ISL_19759256,2025-01-10,0.5
A/Vermont/13/2025|EPI_ISL_19759256,2025-01-12,0.5
A/Vermont/13/2025|EPI_ISL_19759256,2025-01-13,0.5
A/Vermont/13/2025|EPI_ISL_19759256,2025-01-14,1.5
A/Vermont/13/2025|EPI_ISL_19759256,2025-01-20,1.0
A/Vermont/13/2025|EPI_ISL_19759256,2025-01-21,0.5
A/Vermont/13/2025|EPI_ISL_19759256,2025-01-22,1.0
A/Vermont/13/2025|EPI_ISL_19759256,2025-01-23,0.5
A/Vermont/13/2025|EPI_ISL_19759256,2025-01-26,0.5
A/Vermont/13/2025|EPI_ISL_19759256,2025-01-27,1.0
A/Vermont/13/2025|EPI_ISL_19759256,2025-01-30,2.0
A/Vermont/13/2025|EPI_ISL_19759256,2025-02-03,1.0
A/Vermont/13/2025|EPI_ISL_19759256,2025-02-04,1.5
A/Vermont/13/2025|EPI_ISL_19759256,2025-02-05,0.5
A/Vermont/13/2025|EPI_ISL_19759256,2025-02-06,1.0
A/Vermont/13/2025|EPI_ISL_19759256,2025-02-07,1.0
A/Vermont/13/2025|EPI_ISL_19759256,2025-02-08,2.0
A/Vermont/13/2025|EPI_ISL_19759256,2025-02-09,1.5
A/Vermont/13/2025|EPI_ISL_19759256,2025-02-10,3.5
A/Vermont/13/2025|EPI_ISL_19759256,2025-02-11,2.5
A/Vermont/13/2025|EPI_ISL_19759256,2025-02-12,6.0
A/Vermont/13/2025|EPI_ISL_19759256,2025-02-13,1.0
A/Vermont/13/2025|EPI_ISL_19759256,2025-02-14,1.0
A/Vermont/13/2025|EPI_ISL_19759256,2025-02-15,0.5
A/Vermont/13/2025|EPI_ISL_19759256,2025-02-16,0.5
A/Vermont/13/2025|EPI_ISL_19759256,2025-02-17,2.5
A/Vermont/13/2025|EPI_ISL_19759256,2025-02-19,0.5
A/Vermont/13/2025|EPI_ISL_19759256,2025-02-20,1.5
A/Vermont/13/2025|EPI_ISL_19759256,2025-02-24,0.5
A/Vermont/13/2025|EPI_ISL_19759256,2025-02-25,2.5
A/Vermont/13/2025|EPI_ISL_19759256,2025-02-26,3.0
A/Vermont/13/2025|EPI_ISL_19759256,2025-02-27,1.5
A/Vermont/13/2025|EPI_ISL_19759256,2025-02-28,1.0
A/Vermont/13/2025|EPI_ISL_19759256,2025-03-01,0.5
A/Vermont/13/2025|EPI_ISL_19759256,2025-03-03,1.0
A/Vermont/13/2025|EPI_ISL_19759256,2025-03-05,0.5
A/Vermont/13/2025|EPI_ISL_19759256,2025-03-08,0.5
A/Vermont/13/2025|EPI_ISL_19759256,2025-03-09,0.5
A/Vermont/13/2025|EPI_ISL_19759256,2025-03-10,1.0
A/Vermont/13/2025|EPI_ISL_19759256,2025-03-11,0.5
A/Vermont/13/2025|EPI_ISL_19759256,2025-03-12,1.0
A/Vermont/13/2025|EPI_ISL_19759256,2025-03-17,1.5
A/Vermont/13/2025|EPI_ISL_19759256,2025-03-18,0.5
A/Vermont/13/2025|EPI_ISL_19759256,2025-03-19,1.5
A/Vermont/13/2025|EPI_ISL_19759256,2025-03-21,1.0
A/Vermont/13/2025|EPI_ISL_19759256,2025-03-22,2.0
A/Vermont/13/2025|EPI_ISL_19759256,2025-03-24,0.5
A/Vermont/13/2025|EPI_ISL_19759256,2025-03-26,1.0
A/Vermont/13/2025|EPI_ISL_19759256,2025-03-29,0.5
A/Vermont/13/2025|EPI_ISL_19759256,2025-04-01,0.5
A/Vermont/13/2025|EPI_ISL_19759256,2025-04-03,0.5
A/Vermont/13/2025|EPI_ISL_19759256,2025-04-04,1.0
A/Vermont/13/2025|EPI_ISL_19759256,2025-04-18,0.5
A/Victoria/3480/2024|EPI_ISL_19711514,2024-05-03,0.2
A/Victoria/3480/2024|EPI_ISL_19711514,2024-05-08,0.6000000000000001
A/Victoria/3480/2024|EPI_ISL_19711514,2024-05-09,0.2
A/Victoria/3480/2024|EPI_ISL_19711514,2024-05-15,0.2
A/Victoria/3480/2024|EPI_ISL_19711514,2024-05-23,0.2
A/Victoria/3480/2024|EPI_ISL_19711514,2024-05-24,0.2
A/Victoria/3480/2024|EPI_ISL_19711514,2024-06-02,0.4
A/Victoria/3480/2024|EPI_ISL_19711514,2024-06-03,0.2
A/Victoria/3480/2024|EPI_ISL_19711514,2024-06-04,0.4
A/Victoria/3480/2024|EPI_ISL_19711514,2024-06-06,0.2
A/Victoria/3480/2024|EPI_ISL_19711514,2024-06-08,0.2
A/Victoria/3480/2024|EPI_ISL_19711514,2024-06-09,0.6000000000000001
A/Victoria/3480/2024|EPI_ISL_19711514,2024-06-10,0.6000000000000001
A/Victoria/3480/2024|EPI_ISL_19711514,2024-06-11,0.4
A/Victoria/3480/2024|EPI_ISL_19711514,2024-06-18,0.4
A/Victoria/3480/2024|EPI_ISL_19711514,2024-06-21,0.2
A/Victoria/3480/2024|EPI_ISL_19711514,2024-06-23,0.2
A/Victoria/3480/2024|EPI_ISL_19711514,2024-06-24,0.8
A/Victoria/3480/2024|EPI_ISL_19711514,2024-06-25,0.2
A/Victoria/3480/2024|EPI_ISL_19711514,2024-06-30,0.2
A/Victoria/3480/2024|EPI_ISL_19711514,2024-07-02,0.6000000000000001
A/Victoria/3480/2024|EPI_ISL_19711514,2024-07-06,0.4
A/Victoria/3480/2024|EPI_ISL_19711514,2024-07-08,0.4
A/Victoria/3480/2024|EPI_ISL_19711514,2024-07-09,0.4
A/Victoria/3480/2024|EPI_ISL_19711514,2024-07-10,0.8
A/Victoria/3480/2024|EPI_ISL_19711514,2024-07-11,0.2
A/Victoria/3480/2024|EPI_ISL_19711514,2024-07-14,0.4
A/Victoria/3480/2024|EPI_ISL_19711514,2024-07-15,0.2
A/Victoria/3480/2024|EPI_ISL_19711514,2024-07-16,0.6000000000000001
A/Victoria/3480/2024|EPI_ISL_19711514,2024-07-17,0.4
A/Victoria/3480/2024|EPI_ISL_19711514,2024-07-18,0.6000000000000001
A/Victoria/3480/2024|EPI_ISL_19711514,2024-07-19,0.4
A/Victoria/3480/2024|EPI_ISL_19711514,2024-07-20,0.2
A/Victoria/3480/2024|EPI_ISL_19711514,2024-07-21,0.4
A/Victoria/3480/2024|EPI_ISL_19711514,2024-07-22,0.4
A/Victoria/3480/2024|EPI_ISL_19711514,2024-07-23,0.2
A/Victoria/3480/2024|EPI_ISL_19711514,2024-07-24,0.6000000000000001
A/Victoria/3480/2024|EPI_ISL_19711514,2024-07-26,0.2
A/Victoria/3480/2024|EPI_ISL_19711514,2024-07-27,0.2
A/Victoria/3480/2024|EPI_ISL_19711514,2024-07-29,0.2
A/Victoria/3480/2024|EPI_ISL_19711514,2024-07-30,0.4
A/Victoria/3480/2024|EPI_ISL_19711514,2024-07-31,0.2
A/Victoria/3480/2024|EPI_ISL_19711514,2024-08-01,0.4
A/Victoria/3480/2024|EPI_ISL_19711514,2024-08-02,0.4
A/Victoria/3480/2024|EPI_ISL_19711514,2024-08-04,0.4
A/Victoria/3480/2024|EPI_ISL_19711514,2024-08-05,0.2
A/Victoria/3480/2024|EPI_ISL_19711514,2024-08-06,1.2000000000000002
A/Victoria/3480/2024|EPI_ISL_19711514,2024-08-07,0.8
A/Victoria/3480/2024|EPI_ISL_19711514,2024-08-08,0.4
A/Victoria/3480/2024|EPI_ISL_19711514,2024-08-11,0.2
A/Victoria/3480/2024|EPI_ISL_19711514,2024-08-12,0.4
A/Victoria/3480/2024|EPI_ISL_19711514,2024-08-15,0.2
A/Victoria/3480/2024|EPI_ISL_19711514,2024-08-18,0.2
A/Victoria/3480/2024|EPI_ISL_19711514,2024-08-20,0.2
A/Victoria/3480/2024|EPI_ISL_19711514,2024-08-21,0.2
A/Victoria/3480/2024|EPI_ISL_19711514,2024-08-26,0.4
A/Victoria/3480/2024|EPI_ISL_19711514,2024-09-01,0.2
A/Victoria/3480/2024|EPI_ISL_19711514,2024-09-03,0.2
A/Victoria/3480/2024|EPI_ISL_19711514,2024-09-04,1.0
A/Victoria/3480/2024|EPI_ISL_19711514,2024-09-08,0.2
A/Victoria/3480/2024|EPI_ISL_19711514,2024-09-09,0.2
A/Victoria/3480/2024|EPI_ISL_19711514,2024-09-10,0.2
A/Victoria/3480/2024|EPI_ISL_19711514,2024-09-14,0.2
A/Victoria/3480/2024|EPI_ISL_19711514,2024-09-20,0.4
A/Victoria/3480/2024|EPI_ISL_19711514,2024-10-02,0.2
A/Victoria/3480/2024|EPI_ISL_19711514,2024-10-11,0.2
A/Victoria/3480/2024|EPI_ISL_19711514,2024-10-29,0.2
A/Victoria/3480/2024|EPI_ISL_19711514,2024-11-07,0.4
A/Victoria/3480/2024|EPI_ISL_19711514,2024-11-08,0.2
A/Victoria/3480/2024|EPI_ISL_19711514,2024-11-11,0.2
A/Victoria/3480/2024|EPI_ISL_19711514,2024-11-12,0.2
A/Victoria/3480/2024|EPI_ISL_19711514,2024-11-15,1.2
A/Victoria/3480/2024|EPI_ISL_19711514,2024-11-17,0.2
A/Victoria/3480/2024|EPI_ISL_19711514,2024-11-19,0.2
A/Victoria/3480/2024|EPI_ISL_19711514,2024-11-24,1.0
A/Victoria/3480/2024|EPI_ISL_19711514,2024-11-26,0.2
A/Victoria/3480/2024|EPI_ISL_19711514,2024-11-29,0.2
A/Victoria/3480/2024|EPI_ISL_19711514,2024-11-30,1.0
A/Victoria/3480/2024|EPI_ISL_19711514,2024-12-05,1.0
A/Victoria/3480/2024|EPI_ISL_19711514,2024-12-08,0.2
A/Victoria/3480/2024|EPI_ISL_19711514,2024-12-25,0.2
A/Victoria/3480/2024|EPI_ISL_19711514,2025-01-14,0.2
A/Victoria/3480/2024|EPI_ISL_19711514,2025-02-13,0.2
A/Victoria/3480/2024|EPI_ISL_19711514,2025-02-20,0.2
A/Victoria/3480/2024|EPI_ISL_19711514,2025-02-24,0.4
A/Victoria/3480/2024|EPI_ISL_19711514,2025-03-04,0.2
A/Victoria/3482/2024|EPI_ISL_19711513,2024-07-30,1.0
A/Victoria/3482/2024|EPI_ISL_19711513,2024-11-19,1.0
A/Victoria/3482/2024|EPI_ISL_19711513,2024-12-05,1.0
A/Victoria/3482/2024|EPI_ISL_19711513,2024-12-10,1.0
A/Victoria/3482/2024|EPI_ISL_19711513,2024-12-30,1.0
A/Victoria/3482/2024|EPI_ISL_19711513,2024-12-31,1.0
A/Victoria/3482/2024|EPI_ISL_19711513,2025-01-02,1.0
A/Victoria/3482/2024|EPI_ISL_19711513,2025-01-09,2.0
A/Victoria/3482/2024|EPI_ISL_19711513,2025-01-11,1.0
A/Victoria/3482/2024|EPI_ISL_19711513,2025-01-17,1.0
A/Victoria/3482/2024|EPI_ISL_19711513,2025-01-23,1.0
A/Victoria/3482/2024|EPI_ISL_19711513,2025-01-26,1.0
A/Victoria/3482/2024|EPI_ISL_19711513,2025-01-27,1.0
A/Victoria/3482/2024|EPI_ISL_19711513,2025-01-28,1.0
A/Victoria/3482/2024|EPI_ISL_19711513,2025-01-29,2.0
A/Victoria/3482/2024|EPI_ISL_19711513,2025-01-30,2.0
A/Victoria/3482/2024|EPI_ISL_19711513,2025-02-02,1.0
A/Victoria/3482/2024|EPI_ISL_19711513,2025-02-03,2.0
A/Victoria/3482/2024|EPI_ISL_19711513,2025-02-05,1.0
A/Victoria/3482/2024|EPI_ISL_19711513,2025-02-06,1.0
A/Victoria/3482/2024|EPI_ISL_19711513,2025-02-07,1.0
A/Victoria/3482/2024|EPI_ISL_19711513,2025-02-08,1.0
A/Victoria/3482/2024|EPI_ISL_19711513,2025-02-10,3.0
A/Victoria/3482/2024|EPI_ISL_19711513,2025-02-13,1.0
A/Victoria/3482/2024|EPI_ISL_19711513,2025-02-17,1.0
A/Victoria/3482/2024|EPI_ISL_19711513,2025-02-18,2.0
A/Victoria/3482/2024|EPI_ISL_19711513,2025-02-19,1.0
A/Victoria/3482/2024|EPI_ISL_19711513,2025-02-20,2.0
A/Victoria/3482/2024|EPI_ISL_19711513,2025-02-24,1.0
A/Victoria/3482/2024|EPI_ISL_19711513,2025-02-25,1.0
A/Victoria/3482/2024|EPI_ISL_19711513,2025-02-26,1.0
A/Victoria/3482/2024|EPI_ISL_19711513,2025-02-28,2.0
A/Victoria/3482/2024|EPI_ISL_19711513,2025-03-01,1.0
A/Victoria/3482/2024|EPI_ISL_19711513,2025-03-04,2.0
A/Victoria/3482/2024|EPI_ISL_19711513,2025-03-07,1.0
A/Victoria/3482/2024|EPI_ISL_19711513,2025-03-08,1.0
A/Victoria/3482/2024|EPI_ISL_19711513,2025-03-10,2.0
A/Victoria/3482/2024|EPI_ISL_19711513,2025-03-11,1.0
A/Victoria/3482/2024|EPI_ISL_19711513,2025-03-16,1.0
A/Victoria/3482/2024|EPI_ISL_19711513,2025-03-17,1.0
A/Victoria/3482/2024|EPI_ISL_19711513,2025-03-24,1.0
A/Victoria/3482/2024|EPI_ISL_19711513,2025-03-27,1.0
A/Victoria/3482/2024|EPI_ISL_19711513,2025-03-28,1.0
A/Victoria/3482/2024|EPI_ISL_19711513,2025-03-31,1.0
A/Victoria/3482/2024|EPI_ISL_19711513,2025-04-04,1.0
A/Victoria/3482/2024|EPI_ISL_19711513,2025-04-18,1.0
A/Victoria/3482/2024|EPI_ISL_19711513,2025-04-22,1.0
A/Victoria/46/2024|EPI_ISL_18876538,2024-04-18,6.285714285714286
A/Victoria/46/2024|EPI_ISL_18876538,2024-04-19,2.857142857142857
A/Victoria/46/2024|EPI_ISL_18876538,2024-04-20,5.285714285714286
A/Victoria/46/2024|EPI_ISL_18876538,2024-04-21,6.428571428571429
A/Victoria/46/2024|EPI_ISL_18876538,2024-04-22,8.428571428571429
A/Victoria/46/2024|EPI_ISL_18876538,2024-04-23,6.857142857142857
A/Victoria/46/2024|EPI_ISL_18876538,2024-04-24,5.571428571428571
A/Victoria/46/2024|EPI_ISL_18876538,2024-04-25,2.571428571428571
A/Victoria/46/2024|EPI_ISL_18876538,2024-04-26,5.285714285714286
A/Victoria/46/2024|EPI_ISL_18876538,2024-04-27,4.571428571428571
A/Victoria/46/2024|EPI_ISL_18876538,2024-04-28,4.285714285714286
A/Victoria/46/2024|EPI_ISL_18876538,2024-04-29,10.285714285714285
A/Victoria/46/2024|EPI_ISL_18876538,2024-04-30,5.142857142857142
A/Victoria/46/2024|EPI_ISL_18876538,2024-05-01,2.7142857142857144
A/Victoria/46/2024|EPI_ISL_18876538,2024-05-02,2.4285714285714284
A/Victoria/46/2024|EPI_ISL_18876538,2024-05-03,5.285714285714286
A/Victoria/46/2024|EPI_ISL_18876538,2024-05-04,5.142857142857142
A/Victoria/46/2024|EPI_ISL_18876538,2024-05-05,6.142857142857142
A/Victoria/46/2024|EPI_ISL_18876538,2024-05-06,4.142857142857142
A/Victoria/46/2024|EPI_ISL_18876538,2024-05-07,5.0
A/Victoria/46/2024|EPI_ISL_18876538,2024-05-08,2.0
A/Victoria/46/2024|EPI_ISL_18876538,2024-05-09,3.571428571428571
A/Victoria/46/2024|EPI_ISL_18876538,2024-05-10,2.714285714285714
A/Victoria/46/2024|EPI_ISL_18876538,2024-05-11,5.714285714285714
A/Victoria/46/2024|EPI_ISL_18876538,2024-05-12,2.2857142857142856
A/Victoria/46/2024|EPI_ISL_18876538,2024-05-13,9.285714285714285
A/Victoria/46/2024|EPI_ISL_18876538,2024-05-14,5.285714285714286
A/Victoria/46/2024|EPI_ISL_18876538,2024-05-15,6.571428571428571
A/Victoria/46/2024|EPI_ISL_18876538,2024-05-16,3.642857142857143
A/Victoria/46/2024|EPI_ISL_18876538,2024-05-17,4.714285714285714
A/Victoria/46/2024|EPI_ISL_18876538,2024-05-18,1.857142857142857
A/Victoria/46/2024|EPI_ISL_18876538,2024-05-19,2.857142857142857
A/Victoria/46/2024|EPI_ISL_18876538,2024-05-20,5.428571428571429
A/Victoria/46/2024|EPI_ISL_18876538,2024-05-21,4.0
A/Victoria/46/2024|EPI_ISL_18876538,2024-05-22,10.0
A/Victoria/46/2024|EPI_ISL_18876538,2024-05-23,3.5714285714285716
A/Victoria/46/2024|EPI_ISL_18876538,2024-05-24,4.857142857142857
A/Victoria/46/2024|EPI_ISL_18876538,2024-05-25,5.285714285714286
A/Victoria/46/2024|EPI_ISL_18876538,2024-05-26,0.2857142857142857
A/Victoria/46/2024|EPI_ISL_18876538,2024-05-27,3.4285714285714284
A/Victoria/46/2024|EPI_ISL_18876538,2024-05-28,5.285714285714286
A/Victoria/46/2024|EPI_ISL_18876538,2024-05-29,6.571428571428571
A/Victoria/46/2024|EPI_ISL_18876538,2024-05-30,8.0
A/Victoria/46/2024|EPI_ISL_18876538,2024-05-31,6.428571428571429
A/Victoria/46/2024|EPI_ISL_18876538,2024-06-01,2.2857142857142856
A/Victoria/46/2024|EPI_ISL_18876538,2024-06-02,2.2857142857142856
A/Victoria/46/2024|EPI_ISL_18876538,2024-06-03,8.857142857142858
A/Victoria/46/2024|EPI_ISL_18876538,2024-06-04,2.571428571428571
A/Victoria/46/2024|EPI_ISL_18876538,2024-06-05,3.857142857142857
A/Victoria/46/2024|EPI_ISL_18876538,2024-06-06,4.142857142857142
A/Victoria/46/2024|EPI_ISL_18876538,2024-06-07,1.0
A/Victoria/46/2024|EPI_ISL_18876538,2024-06-08,3.2857142857142856
A/Victoria/46/2024|EPI_ISL_18876538,2024-06-09,4.142857142857143
A/Victoria/46/2024|EPI_ISL_18876538,2024-06-10,7.428571428571429
A/Victoria/46/2024|EPI_ISL_18876538,2024-06-11,2.571428571428571
A/Victoria/46/2024|EPI_ISL_18876538,2024-06-12,4.0
A/Victoria/46/2024|EPI_ISL_18876538,2024-06-13,1.0
A/Victoria/46/2024|EPI_ISL_18876538,2024-06-14,1.5714285714285714
A/Victoria/46/2024|EPI_ISL_18876538,2024-06-15,2.142857142857143
A/Victoria/46/2024|EPI_ISL_18876538,2024-06-16,1.4285714285714284
A/Victoria/46/2024|EPI_ISL_18876538,2024-06-17,3.9285714285714284
A/Victoria/46/2024|EPI_ISL_18876538,2024-06-18,3.4285714285714284
A/Victoria/46/2024|EPI_ISL_18876538,2024-06-19,2.5714285714285716
A/Victoria/46/2024|EPI_ISL_18876538,2024-06-20,1.9285714285714286
A/Victoria/46/2024|EPI_ISL_18876538,2024-06-21,3.0
A/Victoria/46/2024|EPI_ISL_18876538,2024-06-22,2.142857142857143
A/Victoria/46/2024|EPI_ISL_18876538,2024-06-24,7.642857142857142
A/Victoria/46/2024|EPI_ISL_18876538,2024-06-25,8.285714285714285
A/Victoria/46/2024|EPI_ISL_18876538,2024-06-26,1.1428571428571428
A/Victoria/46/2024|EPI_ISL_18876538,2024-06-27,2.571428571428571
A/Victoria/46/2024|EPI_ISL_18876538,2024-06-28,3.214285714285714
A/Victoria/46/2024|EPI_ISL_18876538,2024-06-29,4.0
A/Victoria/46/2024|EPI_ISL_18876538,2024-06-30,2.2857142857142856
A/Victoria/46/2024|EPI_ISL_18876538,2024-07-01,1.5714285714285714
A/Victoria/46/2024|EPI_ISL_18876538,2024-07-02,1.7857142857142856
A/Victoria/46/2024|EPI_ISL_18876538,2024-07-03,7.142857142857142
A/Victoria/46/2024|EPI_ISL_18876538,2024-07-04,1.0
A/Victoria/46/2024|EPI_ISL_18876538,2024-07-05,4.428571428571429
A/Victoria/46/2024|EPI_ISL_18876538,2024-07-07,1.1428571428571428
A/Victoria/46/2024|EPI_ISL_18876538,2024-07-08,3.142857142857143
A/Victoria/46/2024|EPI_ISL_18876538,2024-07-09,6.428571428571429
A/Victoria/46/2024|EPI_ISL_18876538,2024-07-10,0.2857142857142857
A/Victoria/46/2024|EPI_ISL_18876538,2024-07-11,0.7857142857142857
A/Victoria/46/2024|EPI_ISL_18876538,2024-07-12,2.0
A/Victoria/46/2024|EPI_ISL_18876538,2024-07-13,0.14285714285714285
A/Victoria/46/2024|EPI_ISL_18876538,2024-07-14,2.142857142857143
A/Victoria/46/2024|EPI_ISL_18876538,2024-07-15,4.428571428571429
A/Victoria/46/2024|EPI_ISL_18876538,2024-07-16,0.42857142857142855
A/Victoria/46/2024|EPI_ISL_18876538,2024-07-17,4.857142857142858
A/Victoria/46/2024|EPI_ISL_18876538,2024-07-18,4.571428571428571
A/Victoria/46/2024|EPI_ISL_18876538,2024-07-19,6.142857142857142
A/Victoria/46/2024|EPI_ISL_18876538,2024-07-21,1.0
A/Victoria/46/2024|EPI_ISL_18876538,2024-07-22,3.2857142857142856
A/Victoria/46/2024|EPI_ISL_18876538,2024-07-23,6.285714285714286
A/Victoria/46/2024|EPI_ISL_18876538,2024-07-24,2.0
A/Victoria/46/2024|EPI_ISL_18876538,2024-07-26,1.1428571428571428
A/Victoria/46/2024|EPI_ISL_18876538,2024-07-27,2.0
A/Victoria/46/2024|EPI_ISL_18876538,2024-07-28,3.142857142857143
A/Victoria/46/2024|EPI_ISL_18876538,2024-07-29,4.142857142857142
A/Victoria/46/2024|EPI_ISL_18876538,2024-07-30,2.642857142857143
A/Victoria/46/2024|EPI_ISL_18876538,2024-07-31,2.2857142857142856
A/Victoria/46/2024|EPI_ISL_18876538,2024-08-01,4.642857142857142
A/Victoria/46/2024|EPI_ISL_18876538,2024-08-02,1.4285714285714286
A/Victoria/46/2024|EPI_ISL_18876538,2024-08-03,1.2857142857142856
A/Victoria/46/2024|EPI_ISL_18876538,2024-08-04,2.0
A/Victoria/46/2024|EPI_ISL_18876538,2024-08-05,2.2857142857142856
A/Victoria/46/2024|EPI_ISL_18876538,2024-08-06,1.2857142857142856
A/Victoria/46/2024|EPI_ISL_18876538,2024-08-07,0.7857142857142857
A/Victoria/46/2024|EPI_ISL_18876538,2024-08-08,4.5
A/Victoria/46/2024|EPI_ISL_18876538,2024-08-10,0.14285714285714285
A/Victoria/46/2024|EPI_ISL_18876538,2024-08-11,0.6428571428571428
A/Victoria/46/2024|EPI_ISL_18876538,2024-08-12,8.285714285714285
A/Victoria/46/2024|EPI_ISL_18876538,2024-08-13,3.0
A/Victoria/46/2024|EPI_ISL_18876538,2024-08-14,3.0
A/Victoria/46/2024|EPI_ISL_18876538,2024-08-15,3.5
A/Victoria/46/2024|EPI_ISL_18876538,2024-08-16,1.0
A/Victoria/46/2024|EPI_ISL_18876538,2024-08-17,2.642857142857143
A/Victoria/46/2024|EPI_ISL_18876538,2024-08-18,2.0
A/Victoria/46/2024|EPI_ISL_18876538,2024-08-19,2.5
A/Victoria/46/2024|EPI_ISL_18876538,2024-08-20,3.0
A/Victoria/46/2024|EPI_ISL_18876538,2024-08-21,1.4285714285714286
A/Victoria/46/2024|EPI_ISL_18876538,2024-08-22,0.14285714285714285
A/Victoria/46/2024|EPI_ISL_18876538,2024-08-23,1.1428571428571428
A/Victoria/46/2024|EPI_ISL_18876538,2024-08-24,2.0
A/Victoria/46/2024|EPI_ISL_18876538,2024-08-25,0.14285714285714285
A/Victoria/46/2024|EPI_ISL_18876538,2024-08-26,3.142857142857143
A/Victoria/46/2024|EPI_ISL_18876538,2024-08-27,2.0
A/Victoria/46/2024|EPI_ISL_18876538,2024-08-28,3.0
A/Victoria/46/2024|EPI_ISL_18876538,2024-08-29,4.642857142857142
A/Victoria/46/2024|EPI_ISL_18876538,2024-08-30,2.5
A/Victoria/46/2024|EPI_ISL_18876538,2024-08-31,1.1428571428571428
A/Victoria/46/2024|EPI_ISL_18876538,2024-09-01,1.0
A/Victoria/46/2024|EPI_ISL_18876538,2024-09-02,4.0
A/Victoria/46/2024|EPI_ISL_18876538,2024-09-03,2.0
A/Victoria/46/2024|EPI_ISL_18876538,2024-09-04,3.142857142857143
A/Victoria/46/2024|EPI_ISL_18876538,2024-09-07,1.0
A/Victoria/46/2024|EPI_ISL_18876538,2024-09-09,3.571428571428571
A/Victoria/46/2024|EPI_ISL_18876538,2024-09-11,1.0
A/Victoria/46/2024|EPI_ISL_18876538,2024-09-12,0.14285714285714285
A/Victoria/46/2024|EPI_ISL_18876538,2024-09-14,2.0
A/Victoria/46/2024|EPI_ISL_18876538,2024-09-15,2.5
A/Victoria/46/2024|EPI_ISL_18876538,2024-09-16,2.2857142857142856
A/Victoria/46/2024|EPI_ISL_18876538,2024-09-17,2.5
A/Victoria/46/2024|EPI_ISL_18876538,2024-09-18,2.5
A/Victoria/46/2024|EPI_ISL_18876538,2024-09-20,5.5
A/Victoria/46/2024|EPI_ISL_18876538,2024-09-21,1.1428571428571428
A/Victoria/46/2024|EPI_ISL_18876538,2024-09-22,2.0
A/Victoria/46/2024|EPI_ISL_18876538,2024-09-23,0.2857142857142857
A/Victoria/46/2024|EPI_ISL_18876538,2024-09-24,1.5
A/Victoria/46/2024|EPI_ISL_18876538,2024-09-26,0.14285714285714285
A/Victoria/46/2024|EPI_ISL_18876538,2024-09-27,1.2857142857142856
A/Victoria/46/2024|EPI_ISL_18876538,2024-09-29,1.1428571428571428
A/Victoria/46/2024|EPI_ISL_18876538,2024-09-30,0.6428571428571428
A/Victoria/46/2024|EPI_ISL_18876538,2024-10-01,3.0
A/Victoria/46/2024|EPI_ISL_18876538,2024-10-02,3.0
A/Victoria/46/2024|EPI_ISL_18876538,2024-10-03,3.142857142857143
A/Victoria/46/2024|EPI_ISL_18876538,2024-10-04,1.4285714285714286
A/Victoria/46/2024|EPI_ISL_18876538,2024-10-05,0.5
A/Victoria/46/2024|EPI_ISL_18876538,2024-10-06,1.0
A/Victoria/46/2024|EPI_ISL_18876538,2024-10-07,3.142857142857143
A/Victoria/46/2024|EPI_ISL_18876538,2024-10-08,1.5
A/Victoria/46/2024|EPI_ISL_18876538,2024-10-09,5.0
A/Victoria/46/2024|EPI_ISL_18876538,2024-10-10,4.0
A/Victoria/46/2024|EPI_ISL_18876538,2024-10-11,3.0
A/Victoria/46/2024|EPI_ISL_18876538,2024-10-12,1.0
A/Victoria/46/2024|EPI_ISL_18876538,2024-10-13,2.0
A/Victoria/46/2024|EPI_ISL_18876538,2024-10-14,0.2857142857142857
A/Victoria/46/2024|EPI_ISL_18876538,2024-10-16,2.0
A/Victoria/46/2024|EPI_ISL_18876538,2024-10-17,4.142857142857143
A/Victoria/46/2024|EPI_ISL_18876538,2024-10-18,3.5
A/Victoria/46/2024|EPI_ISL_18876538,2024-10-20,1.5
A/Victoria/46/2024|EPI_ISL_18876538,2024-10-21,2.0
A/Victoria/46/2024|EPI_ISL_18876538,2024-10-22,2.0
A/Victoria/46/2024|EPI_ISL_18876538,2024-10-24,2.5
A/Victoria/46/2024|EPI_ISL_18876538,2024-10-25,2.0
A/Victoria/46/2024|EPI_ISL_18876538,2024-10-26,1.0
A/Victoria/46/2024|EPI_ISL_18876538,2024-10-27,1.0
A/Victoria/46/2024|EPI_ISL_18876538,2024-10-28,5.642857142857142
A/Victoria/46/2024|EPI_ISL_18876538,2024-10-29,6.0
A/Victoria/46/2024|EPI_ISL_18876538,2024-10-30,3.0
A/Victoria/46/2024|EPI_ISL_18876538,2024-10-31,3.642857142857143
A/Victoria/46/2024|EPI_ISL_18876538,2024-11-01,4.642857142857142
A/Victoria/46/2024|EPI_ISL_18876538,2024-11-02,1.7857142857142856
A/Victoria/46/2024|EPI_ISL_18876538,2024-11-03,1.1428571428571428
A/Victoria/46/2024|EPI_ISL_18876538,2024-11-04,3.142857142857143
A/Victoria/46/2024|EPI_ISL_18876538,2024-11-05,4.5
A/Victoria/46/2024|EPI_ISL_18876538,2024-11-06,2.0
A/Victoria/46/2024|EPI_ISL_18876538,2024-11-07,3.142857142857143
A/Victoria/46/2024|EPI_ISL_18876538,2024-11-08,2.5
A/Victoria/46/2024|EPI_ISL_18876538,2024-11-09,1.5
A/Victoria/46/2024|EPI_ISL_18876538,2024-11-10,2.0
A/Victoria/46/2024|EPI_ISL_18876538,2024-11-11,4.0
A/Victoria/46/2024|EPI_ISL_18876538,2024-11-12,1.2857142857142856
A/Victoria/46/2024|EPI_ISL_18876538,2024-11-13,4.142857142857142
A/Victoria/46/2024|EPI_ISL_18876538,2024-11-14,3.0
A/Victoria/46/2024|EPI_ISL_18876538,2024-11-15,3.0
A/Victoria/46/2024|EPI_ISL_18876538,2024-11-16,3.142857142857143
A/Victoria/46/2024|EPI_ISL_18876538,2024-11-17,5.0
A/Victoria/46/2024|EPI_ISL_18876538,2024-11-18,5.0
A/Victoria/46/2024|EPI_ISL_18876538,2024-11-19,8.0
A/Victoria/46/2024|EPI_ISL_18876538,2024-11-20,9.642857142857142
A/Victoria/46/2024|EPI_ISL_18876538,2024-11-21,3.642857142857143
A/Victoria/46/2024|EPI_ISL_18876538,2024-11-22,4.785714285714286
A/Victoria/46/2024|EPI_ISL_18876538,2024-11-23,2.0
A/Victoria/46/2024|EPI_ISL_18876538,2024-11-24,1.0
A/Victoria/46/2024|EPI_ISL_18876538,2024-11-25,10.5
A/Victoria/46/2024|EPI_ISL_18876538,2024-11-26,4.0
A/Victoria/46/2024|EPI_ISL_18876538,2024-11-27,5.0
A/Victoria/46/2024|EPI_ISL_18876538,2024-11-28,3.5
A/Victoria/46/2024|EPI_ISL_18876538,2024-11-29,3.642857142857143
A/Victoria/46/2024|EPI_ISL_18876538,2024-11-30,3.0
A/Victoria/46/2024|EPI_ISL_18876538,2024-12-01,4.0
A/Victoria/46/2024|EPI_ISL_18876538,2024-12-02,7.5
A/Victoria/46/2024|EPI_ISL_18876538,2024-12-03,5.642857142857142
A/Victoria/46/2024|EPI_ISL_18876538,2024-12-04,2.0
A/Victoria/46/2024|EPI_ISL_18876538,2024-12-05,5.0
A/Victoria/46/2024|EPI_ISL_18876538,2024-12-06,7.0
A/Victoria/46/2024|EPI_ISL_18876538,2024-12-07,4.0
A/Victoria/46/2024|EPI_ISL_18876538,2024-12-08,2.0
A/Victoria/46/2024|EPI_ISL_18876538,2024-12-09,2.0
A/Victoria/46/2024|EPI_ISL_18876538,2024-12-10,3.0
A/Victoria/46/2024|EPI_ISL_18876538,2024-12-11,3.142857142857143
A/Victoria/46/2024|EPI_ISL_18876538,2024-12-12,4.0
A/Victoria/46/2024|EPI_ISL_18876538,2024-12-13,9.5
A/Victoria/46/2024|EPI_ISL_18876538,2024-12-14,2.0
A/Victoria/46/2024|EPI_ISL_18876538,2024-12-15,3.0
A/Victoria/46/2024|EPI_ISL_18876538,2024-12-16,5.0
A/Victoria/46/2024|EPI_ISL_18876538,2024-12-17,4.0
A/Victoria/46/2024|EPI_ISL_18876538,2024-12-18,3.0
A/Victoria/46/2024|EPI_ISL_18876538,2024-12-19,3.5
A/Victoria/46/2024|EPI_ISL_18876538,2024-12-20,5.142857142857142
A/Victoria/46/2024|EPI_ISL_18876538,2024-12-22,3.0
A/Victoria/46/2024|EPI_ISL_18876538,2024-12-23,8.142857142857142
A/Victoria/46/2024|EPI_ISL_18876538,2024-12-24,3.0
A/Victoria/46/2024|EPI_ISL_18876538,2024-12-25,3.0
A/Victoria/46/2024|EPI_ISL_18876538,2024-12-26,7.0
A/Victoria/46/2024|EPI_ISL_18876538,2024-12-27,4.0
A/Victoria/46/2024|EPI_ISL_18876538,2024-12-28,5.0
A/Victoria/46/2024|EPI_ISL_18876538,2024-12-29,5.0
A/Victoria/46/2024|EPI_ISL_18876538,2024-12-30,6.5
A/Victoria/46/2024|EPI_ISL_18876538,2024-12-31,1.5
A/Victoria/46/2024|EPI_ISL_18876538,2025-01-01,3.5
A/Victoria/46/2024|EPI_ISL_18876538,2025-01-02,7.642857142857142
A/Victoria/46/2024|EPI_ISL_18876538,2025-01-03,11.642857142857142
A/Victoria/46/2024|EPI_ISL_18876538,2025-01-04,1.5
A/Victoria/46/2024|EPI_ISL_18876538,2025-01-05,3.0
A/Victoria/46/2024|EPI_ISL_18876538,2025-01-06,8.5
A/Victoria/46/2024|EPI_ISL_18876538,2025-01-07,9.0
A/Victoria/46/2024|EPI_ISL_18876538,2025-01-08,5.642857142857142
A/Victoria/46/2024|EPI_ISL_18876538,2025-01-09,3.142857142857143
A/Victoria/46/2024|EPI_ISL_18876538,2025-01-10,3.5
A/Victoria/46/2024|EPI_ISL_18876538,2025-01-11,2.5
A/Victoria/46/2024|EPI_ISL_18876538,2025-01-12,7.0
A/Victoria/46/2024|EPI_ISL_18876538,2025-01-13,9.0
A/Victoria/46/2024|EPI_ISL_18876538,2025-01-14,3.5
A/Victoria/46/2024|EPI_ISL_18876538,2025-01-15,10.0
A/Victoria/46/2024|EPI_ISL_18876538,2025-01-16,3.0
A/Victoria/46/2024|EPI_ISL_18876538,2025-01-17,6.142857142857142
A/Victoria/46/2024|EPI_ISL_18876538,2025-01-19,1.0
A/Victoria/46/2024|EPI_ISL_18876538,2025-01-20,3.642857142857143
A/Victoria/46/2024|EPI_ISL_18876538,2025-01-21,5.5
A/Victoria/46/2024|EPI_ISL_18876538,2025-01-22,9.0
A/Victoria/46/2024|EPI_ISL_18876538,2025-01-23,5.0
A/Victoria/46/2024|EPI_ISL_18876538,2025-01-24,4.5
A/Victoria/46/2024|EPI_ISL_18876538,2025-01-26,1.5
A/Victoria/46/2024|EPI_ISL_18876538,2025-01-27,16.5
A/Victoria/46/2024|EPI_ISL_18876538,2025-01-28,10.0
A/Victoria/46/2024|EPI_ISL_18876538,2025-01-29,5.5
A/Victoria/46/2024|EPI_ISL_18876538,2025-01-30,5.5
A/Victoria/46/2024|EPI_ISL_18876538,2025-01-31,5.0
A/Victoria/46/2024|EPI_ISL_18876538,2025-02-01,7.0
A/Victoria/46/2024|EPI_ISL_18876538,2025-02-02,3.5
A/Victoria/46/2024|EPI_ISL_18876538,2025-02-03,3.5
A/Victoria/46/2024|EPI_ISL_18876538,2025-02-04,4.0
A/Victoria/46/2024|EPI_ISL_18876538,2025-02-05,2.0
A/Victoria/46/2024|EPI_ISL_18876538,2025-02-06,2.5
A/Victoria/46/2024|EPI_ISL_18876538,2025-02-07,4.0
A/Victoria/46/2024|EPI_ISL_18876538,2025-02-09,1.0
A/Victoria/46/2024|EPI_ISL_18876538,2025-02-10,3.5
A/Victoria/46/2024|EPI_ISL_18876538,2025-02-11,5.0
A/Victoria/46/2024|EPI_ISL_18876538,2025-02-12,1.5
A/Victoria/46/2024|EPI_ISL_18876538,2025-02-13,5.5
A/Victoria/46/2024|EPI_ISL_18876538,2025-02-14,9.5
A/Victoria/46/2024|EPI_ISL_18876538,2025-02-15,1.0
A/Victoria/46/2024|EPI_ISL_18876538,2025-02-16,0.5
A/Victoria/46/2024|EPI_ISL_18876538,2025-02-17,2.0
A/Victoria/46/2024|EPI_ISL_18876538,2025-02-18,5.0
A/Victoria/46/2024|EPI_ISL_18876538,2025-02-19,1.0
A/Victoria/46/2024|EPI_ISL_18876538,2025-02-20,3.0
A/Victoria/46/2024|EPI_ISL_18876538,2025-02-21,3.0
A/Victoria/46/2024|EPI_ISL_18876538,2025-02-22,2.0
A/Victoria/46/2024|EPI_ISL_18876538,2025-02-23,4.0
A/Victoria/46/2024|EPI_ISL_18876538,2025-02-24,4.5
A/Victoria/46/2024|EPI_ISL_18876538,2025-02-25,5.5
A/Victoria/46/2024|EPI_ISL_18876538,2025-02-26,2.0
A/Victoria/46/2024|EPI_ISL_18876538,2025-02-27,4.0
A/Victoria/46/2024|EPI_ISL_18876538,2025-02-28,1.0
A/Victoria/46/2024|EPI_ISL_18876538,2025-03-01,4.0
A/Victoria/46/2024|EPI_ISL_18876538,2025-03-03,2.5
A/Victoria/46/2024|EPI_ISL_18876538,2025-03-04,3.0
A/Victoria/46/2024|EPI_ISL_18876538,2025-03-05,4.5
A/Victoria/46/2024|EPI_ISL_18876538,2025-03-06,2.5
A/Victoria/46/2024|EPI_ISL_18876538,2025-03-07,1.5
A/Victoria/46/2024|EPI_ISL_18876538,2025-03-08,4.0
A/Victoria/46/2024|EPI_ISL_18876538,2025-03-09,3.0
A/Victoria/46/2024|EPI_ISL_18876538,2025-03-10,2.5
A/Victoria/46/2024|EPI_ISL_18876538,2025-03-11,2.0
A/Victoria/46/2024|EPI_ISL_18876538,2025-03-12,1.5
A/Victoria/46/2024|EPI_ISL_18876538,2025-03-17,1.5
A/Victoria/46/2024|EPI_ISL_18876538,2025-03-18,1.0
A/Victoria/46/2024|EPI_ISL_18876538,2025-03-19,2.0
A/Victoria/46/2024|EPI_ISL_18876538,2025-03-23,1.1428571428571428
A/Victoria/46/2024|EPI_ISL_18876538,2025-03-24,2.0
A/Victoria/46/2024|EPI_ISL_18876538,2025-03-26,3.0
A/Victoria/46/2024|EPI_ISL_18876538,2025-03-27,0.5
A/Victoria/46/2024|EPI_ISL_18876538,2025-03-28,1.0
A/Victoria/46/2024|EPI_ISL_18876538,2025-03-29,0.14285714285714285
A/Victoria/46/2024|EPI_ISL_18876538,2025-03-31,1.5
A/Victoria/46/2024|EPI_ISL_18876538,2025-04-01,0.5
A/Victoria/46/2024|EPI_ISL_18876538,2025-04-02,2.0
A/Victoria/46/2024|EPI_ISL_18876538,2025-04-04,1.0
A/Victoria/46/2024|EPI_ISL_18876538,2025-04-07,4.0
A/Victoria/46/2024|EPI_ISL_18876538,2025-04-08,0.5
A/Victoria/46/2024|EPI_ISL_18876538,2025-04-11,1.0
A/Victoria/46/2024|EPI_ISL_18876538,2025-04-15,1.0
A/Victoria/46/2024|EPI_ISL_18876538,2025-04-28,1.0
A/Victoria/46/2024|EPI_ISL_18876538,2025-04-29,1.0
A/Victoria/46/2024|EPI_ISL_18876538,2025-05-08,1.0
A/Victoria/46/2024|EPI_ISL_18876538,2025-05-10,1.0
A/Victoria/46/2024|EPI_ISL_18876538,2025-05-12,0.5
A/Victoria/46/2024|EPI_ISL_18876538,2025-06-04,0.14285714285714285
A/Victoria/46/2024|EPI_ISL_18876538,2025-06-11,1.0
A/Victoria/46/2024|EPI_ISL_18876538,2025-06-20,1.0
A/Victoria/46/2024|EPI_ISL_18876538,2025-06-24,1.0
A/Victoria/46/2024|EPI_ISL_18876538,2025-06-26,1.0
A/Victoria/46/2024|EPI_ISL_18876538,2025-06-28,1.0
A/Victoria/46/2024|EPI_ISL_18876538,2025-07-01,1.0
A/Victoria/46/2024|EPI_ISL_18876538,2025-07-02,2.0
A/Victoria/46/2024|EPI_ISL_18876538,2025-07-07,1.0
A/Victoria/46/2024|EPI_ISL_18876538,2025-07-10,1.0
A/Victoria/46/2024|EPI_ISL_18876538,2025-07-12,1.0
A/Victoria/46/2024|EPI_ISL_18876538,2025-07-14,2.0
A/Victoria/96/2025|EPI_ISL_19778249,2024-07-18,0.5
A/Victoria/96/2025|EPI_ISL_19778249,2024-07-27,0.5
A/Victoria/96/2025|EPI_ISL_19778249,2024-10-29,0.5
A/Victoria/96/2025|EPI_ISL_19778249,2025-01-27,1.0
A/Victoria/96/2025|EPI_ISL_19778249,2025-02-02,1.0
A/Washington/15245/2025|EPI_ISL_19756265,2024-05-19,1.0
A/Washington/15245/2025|EPI_ISL_19756265,2024-05-20,1.0
A/Washington/15245/2025|EPI_ISL_19756265,2024-06-04,1.0
A/Washington/15245/2025|EPI_ISL_19756265,2025-01-09,0.5
A/Washington/15245/2025|EPI_ISL_19756265,2025-01-10,1.0
A/Washington/15245/2025|EPI_ISL_19756265,2025-01-13,1.0
A/Washington/15245/2025|EPI_ISL_19756265,2025-01-17,1.0
A/Washington/15245/2025|EPI_ISL_19756265,2025-01-21,1.0
A/Washington/15245/2025|EPI_ISL_19756265,2025-01-22,2.0
A/Washington/15245/2025|EPI_ISL_19756265,2025-01-23,1.0
A/Washington/15245/2025|EPI_ISL_19756265,2025-01-30,1.0
A/Washington/15245/2025|EPI_ISL_19756265,2025-02-24,0.5
A/Washington/15245/2025|EPI_ISL_19756265,2025-03-07,1.0
A/Washington/284/2024|EPI_ISL_19628073,2024-08-15,1.0
A/Washington/284/2024|EPI_ISL_19628073,2024-08-20,1.0
A/Washington/284/2024|EPI_ISL_19628073,2024-09-05,1.0
A/Washington/284/2024|EPI_ISL_19628073,2024-09-13,1.0
A/Washington/284/2024|EPI_ISL_19628073,2024-09-22,1.0
A/Washington/284/2024|EPI_ISL_19628073,2024-09-30,2.0
A/Washington/284/2024|EPI_ISL_19628073,2024-10-05,1.0
A/Washington/284/2024|EPI_ISL_19628073,2024-10-07,1.0
A/Washington/284/2024|EPI_ISL_19628073,2024-10-16,1.0
A/Washington/284/2024|EPI_ISL_19628073,2024-11-01,2.0
A/Washington/284/2024|EPI_ISL_19628073,2024-11-02,1.0
A/Washington/284/2024|EPI_ISL_19628073,2024-11-06,1.0
A/Washington/284/2024|EPI_ISL_19628073,2024-11-13,1.0
A/Washington/284/2024|EPI_ISL_19628073,2024-11-16,1.0
A/Washington/284/2024|EPI_ISL_19628073,2024-11-18,1.0
A/Washington/284/2024|EPI_ISL_19628073,2024-11-19,1.0
A/Washington/284/2024|EPI_ISL_19628073,2024-11-20,1.0
A/Washington/284/2024|EPI_ISL_19628073,2024-11-21,1.0
A/Washington/284/2024|EPI_ISL_19628073,2024-11-25,1.0
A/Washington/284/2024|EPI_ISL_19628073,2024-11-26,2.0
A/Washington/284/2024|EPI_ISL_19628073,2024-11-27,3.0
A/Washington/284/2024|EPI_ISL_19628073,2024-11-29,2.0
A/Washington/284/2024|EPI_ISL_19628073,2024-11-30,1.0
A/Washington/284/2024|EPI_ISL_19628073,2024-12-02,2.0
A/Washington/284/2024|EPI_ISL_19628073,2024-12-04,1.0
A/Washington/284/2024|EPI_ISL_19628073,2024-12-06,1.0
A/Washington/284/2024|EPI_ISL_19628073,2024-12-07,2.0
A/Washington/284/2024|EPI_ISL_19628073,2024-12-09,1.0
A/Washington/284/2024|EPI_ISL_19628073,2024-12-11,1.0
A/Washington/284/2024|EPI_ISL_19628073,2024-12-12,2.0
A/Washington/284/2024|EPI_ISL_19628073,2024-12-13,3.0
A/Washington/284/2024|EPI_ISL_19628073,2024-12-14,2.0
A/Washington/284/2024|EPI_ISL_19628073,2024-12-16,3.0
A/Washington/284/2024|EPI_ISL_19628073,2024-12-17,3.0
A/Washington/284/2024|EPI_ISL_19628073,2024-12-19,2.0
A/Washington/284/2024|EPI_ISL_19628073,2024-12-22,1.0
A/Washington/284/2024|EPI_ISL_19628073,2024-12-23,2.0
A/Washington/284/2024|EPI_ISL_19628073,2024-12-24,2.0
A/Washington/284/2024|EPI_ISL_19628073,2024-12-25,1.0
A/Washington/284/2024|EPI_ISL_19628073,2024-12-26,3.0
A/Washington/284/2024|EPI_ISL_19628073,2024-12-29,3.0
A/Washington/284/2024|EPI_ISL_19628073,2024-12-30,1.0
A/Washington/284/2024|EPI_ISL_19628073,2024-12-31,1.0
A/Washington/284/2024|EPI_ISL_19628073,2025-01-01,3.0
A/Washington/284/2024|EPI_ISL_19628073,2025-01-02,3.0
A/Washington/284/2024|EPI_ISL_19628073,2025-01-03,1.0
A/Washington/284/2024|EPI_ISL_19628073,2025-01-04,3.0
A/Washington/284/2024|EPI_ISL_19628073,2025-01-07,2.0
A/Washington/284/2024|EPI_ISL_19628073,2025-01-10,1.0
A/Washington/284/2024|EPI_ISL_19628073,2025-01-12,2.0
A/Washington/284/2024|EPI_ISL_19628073,2025-01-14,2.0
A/Washington/284/2024|EPI_ISL_19628073,2025-01-15,1.0
A/Washington/284/2024|EPI_ISL_19628073,2025-01-18,1.0
A/Washington/284/2024|EPI_ISL_19628073,2025-01-19,1.0
A/Washington/284/2024|EPI_ISL_19628073,2025-01-22,2.0
A/Washington/284/2024|EPI_ISL_19628073,2025-01-25,1.0
A/Washington/284/2024|EPI_ISL_19628073,2025-01-27,2.0
A/Washington/284/2024|EPI_ISL_19628073,2025-01-28,1.5
A/Washington/284/2024|EPI_ISL_19628073,2025-01-29,1.0
A/Washington/284/2024|EPI_ISL_19628073,2025-01-31,1.0
A/Washington/284/2024|EPI_ISL_19628073,2025-02-01,1.0
A/Washington/284/2024|EPI_ISL_19628073,2025-02-04,1.0
A/Washington/284/2024|EPI_ISL_19628073,2025-02-05,2.0
A/Washington/284/2024|EPI_ISL_19628073,2025-02-06,1.0
A/Washington/284/2024|EPI_ISL_19628073,2025-02-10,2.0
A/Washington/284/2024|EPI_ISL_19628073,2025-02-13,4.0
A/Washington/284/2024|EPI_ISL_19628073,2025-02-14,0.5
A/Washington/284/2024|EPI_ISL_19628073,2025-02-16,1.0
A/Washington/284/2024|EPI_ISL_19628073,2025-02-17,1.0
A/Washington/284/2024|EPI_ISL_19628073,2025-02-18,1.0
A/Washington/284/2024|EPI_ISL_19628073,2025-02-22,0.5
A/Washington/284/2024|EPI_ISL_19628073,2025-02-24,1.0
A/Washington/284/2024|EPI_ISL_19628073,2025-02-25,1.0
A/Washington/284/2024|EPI_ISL_19628073,2025-02-26,1.0
A/Washington/284/2024|EPI_ISL_19628073,2025-02-27,2.0
A/Washington/284/2024|EPI_ISL_19628073,2025-02-28,3.0
A/Washington/284/2024|EPI_ISL_19628073,2025-03-01,3.0
A/Washington/284/2024|EPI_ISL_19628073,2025-03-03,2.0
A/Washington/284/2024|EPI_ISL_19628073,2025-03-04,5.0
A/Washington/284/2024|EPI_ISL_19628073,2025-03-05,1.0
A/Washington/284/2024|EPI_ISL_19628073,2025-03-06,2.0
A/Washington/284/2024|EPI_ISL_19628073,2025-03-08,2.0
A/Washington/284/2024|EPI_ISL_19628073,2025-03-09,3.0
A/Washington/284/2024|EPI_ISL_19628073,2025-03-10,4.0
A/Washington/284/2024|EPI_ISL_19628073,2025-03-11,1.0
A/Washington/284/2024|EPI_ISL_19628073,2025-03-12,2.0
A/Washington/284/2024|EPI_ISL_19628073,2025-03-13,1.0
A/Washington/284/2024|EPI_ISL_19628073,2025-03-14,1.0
A/Washington/284/2024|EPI_ISL_19628073,2025-03-16,2.0
A/Washington/284/2024|EPI_ISL_19628073,2025-03-17,2.0
A/Washington/284/2024|EPI_ISL_19628073,2025-03-18,1.0
A/Washington/284/2024|EPI_ISL_19628073,2025-03-19,1.0
A/Washington/284/2024|EPI_ISL_19628073,2025-03-24,2.0
A/Washington/284/2024|EPI_ISL_19628073,2025-03-25,1.0
A/Washington/284/2024|EPI_ISL_19628073,2025-03-26,1.0
A/Washington/284/2024|EPI_ISL_19628073,2025-03-27,1.0
A/Washington/284/2024|EPI_ISL_19628073,2025-03-30,1.0
A/Washington/284/2024|EPI_ISL_19628073,2025-03-31,1.0
A/Washington/284/2024|EPI_ISL_19628073,2025-04-07,1.0
A/Washington/284/2024|EPI_ISL_19628073,2025-04-08,1.0
A/Washington/284/2024|EPI_ISL_19628073,2025-04-13,1.0
A/Washington/284/2024|EPI_ISL_19628073,2025-04-14,1.0
A/Washington/284/2024|EPI_ISL_19628073,2025-04-15,1.0
A/Washington/284/2024|EPI_ISL_19628073,2025-04-22,2.0
A/Washington/284/2024|EPI_ISL_19628073,2025-04-23,1.0
A/Washington/284/2024|EPI_ISL_19628073,2025-04-24,1.0
A/Washington/284/2024|EPI_ISL_19628073,2025-04-28,1.0
A/Washington/284/2024|EPI_ISL_19628073,2025-04-29,1.0
A/Washington/284/2024|EPI_ISL_19628073,2025-05-02,2.0
A/Washington/284/2024|EPI_ISL_19628073,2025-05-04,1.0
A/Washington/284/2024|EPI_ISL_19628073,2025-05-05,1.0
A/Washington/284/2024|EPI_ISL_19628073,2025-05-11,2.0
A/Washington/284/2024|EPI_ISL_19628073,2025-05-12,1.0
A/Washington/284/2024|EPI_ISL_19628073,2025-05-13,3.0
A/Washington/284/2024|EPI_ISL_19628073,2025-05-19,2.0
A/Washington/284/2024|EPI_ISL_19628073,2025-05-28,5.0
A/Washington/284/2024|EPI_ISL_19628073,2025-05-29,2.0
A/Washington/284/2024|EPI_ISL_19628073,2025-06-01,2.0
A/Washington/284/2024|EPI_ISL_19628073,2025-06-02,1.0
A/Washington/284/2024|EPI_ISL_19628073,2025-06-03,1.0
A/Washington/284/2024|EPI_ISL_19628073,2025-06-04,1.0
A/Washington/284/2024|EPI_ISL_19628073,2025-06-05,3.0
A/Washington/284/2024|EPI_ISL_19628073,2025-06-06,1.0
A/Washington/284/2024|EPI_ISL_19628073,2025-06-07,4.0
A/Washington/284/2024|EPI_ISL_19628073,2025-06-09,2.0
A/Washington/284/2024|EPI_ISL_19628073,2025-06-11,2.0
A/Washington/284/2024|EPI_ISL_19628073,2025-06-13,3.0
A/Washington/284/2024|EPI_ISL_19628073,2025-06-16,4.0
A/Washington/284/2024|EPI_ISL_19628073,2025-06-17,2.0
A/Washington/284/2024|EPI_ISL_19628073,2025-06-18,1.0
A/Washington/284/2024|EPI_ISL_19628073,2025-06-21,1.0
A/Washington/284/2024|EPI_ISL_19628073,2025-06-24,1.0
A/Washington/284/2024|EPI_ISL_19628073,2025-06-26,2.0
A/Washington/284/2024|EPI_ISL_19628073,2025-06-27,1.0
A/Washington/284/2024|EPI_ISL_19628073,2025-06-28,1.0
A/Washington/284/2024|EPI_ISL_19628073,2025-06-29,2.0
A/Washington/284/2024|EPI_ISL_19628073,2025-07-01,1.0
A/Washington/284/2024|EPI_ISL_19628073,2025-07-04,2.0
A/Washington/284/2024|EPI_ISL_19628073,2025-07-06,1.0
A/Washington/284/2024|EPI_ISL_19628073,2025-07-13,1.0
A/Washington/284/2024|EPI_ISL_19628073,2025-07-14,1.0
A/Washington/284/2024|EPI_ISL_19628073,2025-07-30,1.0
A/Wisconsin/172/2024|EPI_ISL_19628110,2024-04-18,1.5357142857142856
A/Wisconsin/172/2024|EPI_ISL_19628110,2024-04-19,1.1904761904761905
A/Wisconsin/172/2024|EPI_ISL_19628110,2024-04-20,4.285714285714286
A/Wisconsin/172/2024|EPI_ISL_19628110,2024-04-21,3.4285714285714284
A/Wisconsin/172/2024|EPI_ISL_19628110,2024-04-22,3.4285714285714284
A/Wisconsin/172/2024|EPI_ISL_19628110,2024-04-23,3.857142857142857
A/Wisconsin/172/2024|EPI_ISL_19628110,2024-04-24,3.571428571428571
A/Wisconsin/172/2024|EPI_ISL_19628110,2024-04-25,1.5714285714285714
A/Wisconsin/172/2024|EPI_ISL_19628110,2024-04-26,6.285714285714286
A/Wisconsin/172/2024|EPI_ISL_19628110,2024-04-27,5.071428571428571
A/Wisconsin/172/2024|EPI_ISL_19628110,2024-04-28,4.285714285714286
A/Wisconsin/172/2024|EPI_ISL_19628110,2024-04-29,8.285714285714286
A/Wisconsin/172/2024|EPI_ISL_19628110,2024-04-30,4.892857142857142
A/Wisconsin/172/2024|EPI_ISL_19628110,2024-05-01,2.7142857142857144
A/Wisconsin/172/2024|EPI_ISL_19628110,2024-05-02,2.4285714285714284
A/Wisconsin/172/2024|EPI_ISL_19628110,2024-05-03,2.4857142857142858
A/Wisconsin/172/2024|EPI_ISL_19628110,2024-05-04,2.392857142857143
A/Wisconsin/172/2024|EPI_ISL_19628110,2024-05-05,1.1428571428571428
A/Wisconsin/172/2024|EPI_ISL_19628110,2024-05-06,3.642857142857143
A/Wisconsin/172/2024|EPI_ISL_19628110,2024-05-07,2.25
A/Wisconsin/172/2024|EPI_ISL_19628110,2024-05-08,3.6
A/Wisconsin/172/2024|EPI_ISL_19628110,2024-05-09,1.7714285714285714
A/Wisconsin/172/2024|EPI_ISL_19628110,2024-05-10,0.9642857142857142
A/Wisconsin/172/2024|EPI_ISL_19628110,2024-05-11,2.7142857142857144
A/Wisconsin/172/2024|EPI_ISL_19628110,2024-05-12,1.5357142857142856
A/Wisconsin/172/2024|EPI_ISL_19628110,2024-05-13,1.2857142857142856
A/Wisconsin/172/2024|EPI_ISL_19628110,2024-05-14,3.2857142857142856
A/Wisconsin/172/2024|EPI_ISL_19628110,2024-05-15,1.7714285714285714
A/Wisconsin/172/2024|EPI_ISL_19628110,2024-05-16,1.1428571428571428
A/Wisconsin/172/2024|EPI_ISL_19628110,2024-05-17,0.7142857142857142
A/Wisconsin/172/2024|EPI_ISL_19628110,2024-05-18,0.8571428571428571
A/Wisconsin/172/2024|EPI_ISL_19628110,2024-05-19,1.8571428571428572
A/Wisconsin/172/2024|EPI_ISL_19628110,2024-05-20,2.6785714285714284
A/Wisconsin/172/2024|EPI_ISL_19628110,2024-05-21,3.25
A/Wisconsin/172/2024|EPI_ISL_19628110,2024-05-22,1.0
A/Wisconsin/172/2024|EPI_ISL_19628110,2024-05-23,1.7714285714285714
A/Wisconsin/172/2024|EPI_ISL_19628110,2024-05-24,3.557142857142857
A/Wisconsin/172/2024|EPI_ISL_19628110,2024-05-25,1.5357142857142856
A/Wisconsin/172/2024|EPI_ISL_19628110,2024-05-26,1.2857142857142856
A/Wisconsin/172/2024|EPI_ISL_19628110,2024-05-27,2.4285714285714284
A/Wisconsin/172/2024|EPI_ISL_19628110,2024-05-28,2.2857142857142856
A/Wisconsin/172/2024|EPI_ISL_19628110,2024-05-29,4.571428571428571
A/Wisconsin/172/2024|EPI_ISL_19628110,2024-05-30,2.5
A/Wisconsin/172/2024|EPI_ISL_19628110,2024-05-31,0.9285714285714286
A/Wisconsin/172/2024|EPI_ISL_19628110,2024-06-01,1.2857142857142856
A/Wisconsin/172/2024|EPI_ISL_19628110,2024-06-02,1.685714285714286
A/Wisconsin/172/2024|EPI_ISL_19628110,2024-06-03,3.057142857142857
A/Wisconsin/172/2024|EPI_ISL_19628110,2024-06-04,2.4714285714285715
A/Wisconsin/172/2024|EPI_ISL_19628110,2024-06-05,1.8571428571428572
A/Wisconsin/172/2024|EPI_ISL_19628110,2024-06-06,0.34285714285714286
A/Wisconsin/172/2024|EPI_ISL_19628110,2024-06-07,4.0
A/Wisconsin/172/2024|EPI_ISL_19628110,2024-06-08,0.4857142857142857
A/Wisconsin/172/2024|EPI_ISL_19628110,2024-06-09,0.7428571428571429
A/Wisconsin/172/2024|EPI_ISL_19628110,2024-06-10,3.5285714285714285
A/Wisconsin/172/2024|EPI_ISL_19628110,2024-06-11,1.7214285714285715
A/Wisconsin/172/2024|EPI_ISL_19628110,2024-06-12,1.3333333333333333
A/Wisconsin/172/2024|EPI_ISL_19628110,2024-06-13,1.0
A/Wisconsin/172/2024|EPI_ISL_19628110,2024-06-14,0.8214285714285714
A/Wisconsin/172/2024|EPI_ISL_19628110,2024-06-15,1.3928571428571428
A/Wisconsin/172/2024|EPI_ISL_19628110,2024-06-16,1.4285714285714284
A/Wisconsin/172/2024|EPI_ISL_19628110,2024-06-17,2.9285714285714284
A/Wisconsin/172/2024|EPI_ISL_19628110,2024-06-18,2.8285714285714287
A/Wisconsin/172/2024|EPI_ISL_19628110,2024-06-19,3.0714285714285716
A/Wisconsin/172/2024|EPI_ISL_19628110,2024-06-20,5.928571428571429
A/Wisconsin/172/2024|EPI_ISL_19628110,2024-06-21,1.45
A/Wisconsin/172/2024|EPI_ISL_19628110,2024-06-22,1.6428571428571428
A/Wisconsin/172/2024|EPI_ISL_19628110,2024-06-23,0.2
A/Wisconsin/172/2024|EPI_ISL_19628110,2024-06-24,7.942857142857143
A/Wisconsin/172/2024|EPI_ISL_19628110,2024-06-25,0.7357142857142858
A/Wisconsin/172/2024|EPI_ISL_19628110,2024-06-26,0.39285714285714285
A/Wisconsin/172/2024|EPI_ISL_19628110,2024-06-27,4.071428571428571
A/Wisconsin/172/2024|EPI_ISL_19628110,2024-06-28,2.2142857142857144
A/Wisconsin/172/2024|EPI_ISL_19628110,2024-06-30,0.4857142857142857
A/Wisconsin/172/2024|EPI_ISL_19628110,2024-07-01,1.0714285714285714
A/Wisconsin/172/2024|EPI_ISL_19628110,2024-07-02,2.6357142857142857
A/Wisconsin/172/2024|EPI_ISL_19628110,2024-07-03,0.39285714285714285
A/Wisconsin/172/2024|EPI_ISL_19628110,2024-07-04,0.5
A/Wisconsin/172/2024|EPI_ISL_19628110,2024-07-05,1.6785714285714286
A/Wisconsin/172/2024|EPI_ISL_19628110,2024-07-06,1.65
A/Wisconsin/172/2024|EPI_ISL_19628110,2024-07-07,2.142857142857143
A/Wisconsin/172/2024|EPI_ISL_19628110,2024-07-08,0.5428571428571429
A/Wisconsin/172/2024|EPI_ISL_19628110,2024-07-09,2.3285714285714287
A/Wisconsin/172/2024|EPI_ISL_19628110,2024-07-10,1.3357142857142859
A/Wisconsin/172/2024|EPI_ISL_19628110,2024-07-11,1.2357142857142858
A/Wisconsin/172/2024|EPI_ISL_19628110,2024-07-12,0.25
A/Wisconsin/172/2024|EPI_ISL_19628110,2024-07-13,1.1428571428571428
A/Wisconsin/172/2024|EPI_ISL_19628110,2024-07-14,0.5428571428571429
A/Wisconsin/172/2024|EPI_ISL_19628110,2024-07-15,2.6285714285714286
A/Wisconsin/172/2024|EPI_ISL_19628110,2024-07-16,1.2785714285714285
A/Wisconsin/172/2024|EPI_ISL_19628110,2024-07-17,1.5071428571428571
A/Wisconsin/172/2024|EPI_ISL_19628110,2024-07-18,1.1714285714285715
A/Wisconsin/172/2024|EPI_ISL_19628110,2024-07-19,3.5428571428571427
A/Wisconsin/172/2024|EPI_ISL_19628110,2024-07-20,0.2
A/Wisconsin/172/2024|EPI_ISL_19628110,2024-07-21,0.4
A/Wisconsin/172/2024|EPI_ISL_19628110,2024-07-22,0.6857142857142857
A/Wisconsin/172/2024|EPI_ISL_19628110,2024-07-23,1.7357142857142858
A/Wisconsin/172/2024|EPI_ISL_19628110,2024-07-24,0.6000000000000001
A/Wisconsin/172/2024|EPI_ISL_19628110,2024-07-26,0.34285714285714286
A/Wisconsin/172/2024|EPI_ISL_19628110,2024-07-27,0.95
A/Wisconsin/172/2024|EPI_ISL_19628110,2024-07-28,0.14285714285714285
A/Wisconsin/172/2024|EPI_ISL_19628110,2024-07-29,0.5928571428571429
A/Wisconsin/172/2024|EPI_ISL_19628110,2024-07-30,0.5428571428571429
A/Wisconsin/172/2024|EPI_ISL_19628110,2024-07-31,0.4857142857142857
A/Wisconsin/172/2024|EPI_ISL_19628110,2024-08-01,0.7928571428571429
A/Wisconsin/172/2024|EPI_ISL_19628110,2024-08-02,1.8285714285714285
A/Wisconsin/172/2024|EPI_ISL_19628110,2024-08-03,0.2857142857142857
A/Wisconsin/172/2024|EPI_ISL_19628110,2024-08-04,2.4
A/Wisconsin/172/2024|EPI_ISL_19628110,2024-08-05,2.7357142857142858
A/Wisconsin/172/2024|EPI_ISL_19628110,2024-08-06,1.4857142857142858
A/Wisconsin/172/2024|EPI_ISL_19628110,2024-08-07,2.335714285714286
A/Wisconsin/172/2024|EPI_ISL_19628110,2024-08-08,0.4
A/Wisconsin/172/2024|EPI_ISL_19628110,2024-08-10,0.39285714285714285
A/Wisconsin/172/2024|EPI_ISL_19628110,2024-08-11,0.5928571428571429
A/Wisconsin/172/2024|EPI_ISL_19628110,2024-08-12,0.6857142857142857
A/Wisconsin/172/2024|EPI_ISL_19628110,2024-08-13,2.0
A/Wisconsin/172/2024|EPI_ISL_19628110,2024-08-14,0.5
A/Wisconsin/172/2024|EPI_ISL_19628110,2024-08-15,0.2
A/Wisconsin/172/2024|EPI_ISL_19628110,2024-08-17,1.1428571428571428
A/Wisconsin/172/2024|EPI_ISL_19628110,2024-08-18,0.2
A/Wisconsin/172/2024|EPI_ISL_19628110,2024-08-19,0.25
A/Wisconsin/172/2024|EPI_ISL_19628110,2024-08-20,0.2
A/Wisconsin/172/2024|EPI_ISL_19628110,2024-08-21,0.6285714285714286
A/Wisconsin/172/2024|EPI_ISL_19628110,2024-08-22,0.14285714285714285
A/Wisconsin/172/2024|EPI_ISL_19628110,2024-08-23,1.3928571428571428
A/Wisconsin/172/2024|EPI_ISL_19628110,2024-08-24,1.0
A/Wisconsin/172/2024|EPI_ISL_19628110,2024-08-25,0.14285714285714285
A/Wisconsin/172/2024|EPI_ISL_19628110,2024-08-26,0.5428571428571429
A/Wisconsin/172/2024|EPI_ISL_19628110,2024-08-27,1.0
A/Wisconsin/172/2024|EPI_ISL_19628110,2024-08-29,0.14285714285714285
A/Wisconsin/172/2024|EPI_ISL_19628110,2024-08-31,0.39285714285714285
A/Wisconsin/172/2024|EPI_ISL_19628110,2024-09-01,0.2
A/Wisconsin/172/2024|EPI_ISL_19628110,2024-09-02,0.25
A/Wisconsin/172/2024|EPI_ISL_19628110,2024-09-03,1.2
A/Wisconsin/172/2024|EPI_ISL_19628110,2024-09-04,1.8928571428571428
A/Wisconsin/172/2024|EPI_ISL_19628110,2024-09-06,1.5
A/Wisconsin/172/2024|EPI_ISL_19628110,2024-09-07,1.0
A/Wisconsin/172/2024|EPI_ISL_19628110,2024-09-08,0.2
A/Wisconsin/172/2024|EPI_ISL_19628110,2024-09-09,1.0214285714285714
A/Wisconsin/172/2024|EPI_ISL_19628110,2024-09-10,1.2
A/Wisconsin/172/2024|EPI_ISL_19628110,2024-09-12,1.1428571428571428
A/Wisconsin/172/2024|EPI_ISL_19628110,2024-09-13,1.25
A/Wisconsin/172/2024|EPI_ISL_19628110,2024-09-14,0.45
A/Wisconsin/172/2024|EPI_ISL_19628110,2024-09-15,1.0
A/Wisconsin/172/2024|EPI_ISL_19628110,2024-09-16,0.5357142857142857
A/Wisconsin/172/2024|EPI_ISL_19628110,2024-09-17,0.25
A/Wisconsin/172/2024|EPI_ISL_19628110,2024-09-18,1.75
A/Wisconsin/172/2024|EPI_ISL_19628110,2024-09-19,0.5
A/Wisconsin/172/2024|EPI_ISL_19628110,2024-09-20,1.65
A/Wisconsin/172/2024|EPI_ISL_19628110,2024-09-21,1.1428571428571428
A/Wisconsin/172/2024|EPI_ISL_19628110,2024-09-22,1.0
A/Wisconsin/172/2024|EPI_ISL_19628110,2024-09-23,2.2857142857142856
A/Wisconsin/172/2024|EPI_ISL_19628110,2024-09-26,0.14285714285714285
A/Wisconsin/172/2024|EPI_ISL_19628110,2024-09-27,4.535714285714286
A/Wisconsin/172/2024|EPI_ISL_19628110,2024-09-28,0.25
A/Wisconsin/172/2024|EPI_ISL_19628110,2024-09-29,1.1428571428571428
A/Wisconsin/172/2024|EPI_ISL_19628110,2024-09-30,2.392857142857143
A/Wisconsin/172/2024|EPI_ISL_19628110,2024-10-01,2.75
A/Wisconsin/172/2024|EPI_ISL_19628110,2024-10-02,2.95
A/Wisconsin/172/2024|EPI_ISL_19628110,2024-10-03,1.3928571428571428
A/Wisconsin/172/2024|EPI_ISL_19628110,2024-10-04,3.4285714285714284
A/Wisconsin/172/2024|EPI_ISL_19628110,2024-10-05,1.0
A/Wisconsin/172/2024|EPI_ISL_19628110,2024-10-07,0.39285714285714285
A/Wisconsin/172/2024|EPI_ISL_19628110,2024-10-08,1.25
A/Wisconsin/172/2024|EPI_ISL_19628110,2024-10-10,3.25
A/Wisconsin/172/2024|EPI_ISL_19628110,2024-10-11,0.2
A/Wisconsin/172/2024|EPI_ISL_19628110,2024-10-12,0.5
A/Wisconsin/172/2024|EPI_ISL_19628110,2024-10-13,1.25
A/Wisconsin/172/2024|EPI_ISL_19628110,2024-10-14,4.285714285714286
A/Wisconsin/172/2024|EPI_ISL_19628110,2024-10-15,2.0
A/Wisconsin/172/2024|EPI_ISL_19628110,2024-10-16,2.0
A/Wisconsin/172/2024|EPI_ISL_19628110,2024-10-17,4.142857142857143
A/Wisconsin/172/2024|EPI_ISL_19628110,2024-10-18,2.0
A/Wisconsin/172/2024|EPI_ISL_19628110,2024-10-19,0.5
A/Wisconsin/172/2024|EPI_ISL_19628110,2024-10-20,1.0
A/Wisconsin/172/2024|EPI_ISL_19628110,2024-10-22,4.25
A/Wisconsin/172/2024|EPI_ISL_19628110,2024-10-23,0.25
A/Wisconsin/172/2024|EPI_ISL_19628110,2024-10-24,1.5
A/Wisconsin/172/2024|EPI_ISL_19628110,2024-10-28,1.1428571428571428
A/Wisconsin/172/2024|EPI_ISL_19628110,2024-10-29,0.2
A/Wisconsin/172/2024|EPI_ISL_19628110,2024-10-31,2.142857142857143
A/Wisconsin/172/2024|EPI_ISL_19628110,2024-11-01,3.142857142857143
A/Wisconsin/172/2024|EPI_ISL_19628110,2024-11-02,1.2857142857142856
A/Wisconsin/172/2024|EPI_ISL_19628110,2024-11-03,2.142857142857143
A/Wisconsin/172/2024|EPI_ISL_19628110,2024-11-04,1.1428571428571428
A/Wisconsin/172/2024|EPI_ISL_19628110,2024-11-05,0.3333333333333333
A/Wisconsin/172/2024|EPI_ISL_19628110,2024-11-06,2.0
A/Wisconsin/172/2024|EPI_ISL_19628110,2024-11-07,1.542857142857143
A/Wisconsin/172/2024|EPI_ISL_19628110,2024-11-08,2.45
A/Wisconsin/172/2024|EPI_ISL_19628110,2024-11-10,2.0
A/Wisconsin/172/2024|EPI_ISL_19628110,2024-11-11,0.2
A/Wisconsin/172/2024|EPI_ISL_19628110,2024-11-12,4.485714285714286
A/Wisconsin/172/2024|EPI_ISL_19628110,2024-11-13,1.1428571428571428
A/Wisconsin/172/2024|EPI_ISL_19628110,2024-11-15,4.2
A/Wisconsin/172/2024|EPI_ISL_19628110,2024-11-16,1.1428571428571428
A/Wisconsin/172/2024|EPI_ISL_19628110,2024-11-17,2.2
A/Wisconsin/172/2024|EPI_ISL_19628110,2024-11-18,1.0
A/Wisconsin/172/2024|EPI_ISL_19628110,2024-11-19,0.45
A/Wisconsin/172/2024|EPI_ISL_19628110,2024-11-20,3.142857142857143
A/Wisconsin/172/2024|EPI_ISL_19628110,2024-11-21,5.392857142857142
A/Wisconsin/172/2024|EPI_ISL_19628110,2024-11-22,3.2857142857142856
A/Wisconsin/172/2024|EPI_ISL_19628110,2024-11-23,2.25
A/Wisconsin/172/2024|EPI_ISL_19628110,2024-11-24,1.25
A/Wisconsin/172/2024|EPI_ISL_19628110,2024-11-25,2.5
A/Wisconsin/172/2024|EPI_ISL_19628110,2024-11-26,5.2
A/Wisconsin/172/2024|EPI_ISL_19628110,2024-11-27,1.0
A/Wisconsin/172/2024|EPI_ISL_19628110,2024-11-28,1.25
A/Wisconsin/172/2024|EPI_ISL_19628110,2024-11-29,2.342857142857143
A/Wisconsin/172/2024|EPI_ISL_19628110,2024-11-30,6.25
A/Wisconsin/172/2024|EPI_ISL_19628110,2024-12-01,2.25
A/Wisconsin/172/2024|EPI_ISL_19628110,2024-12-02,4.0
A/Wisconsin/172/2024|EPI_ISL_19628110,2024-12-03,2.392857142857143
A/Wisconsin/172/2024|EPI_ISL_19628110,2024-12-04,2.25
A/Wisconsin/172/2024|EPI_ISL_19628110,2024-12-06,1.0
A/Wisconsin/172/2024|EPI_ISL_19628110,2024-12-07,1.0
A/Wisconsin/172/2024|EPI_ISL_19628110,2024-12-08,3.2
A/Wisconsin/172/2024|EPI_ISL_19628110,2024-12-09,5.25
A/Wisconsin/172/2024|EPI_ISL_19628110,2024-12-10,2.0
A/Wisconsin/172/2024|EPI_ISL_19628110,2024-12-11,8.142857142857142
A/Wisconsin/172/2024|EPI_ISL_19628110,2024-12-12,8.25
A/Wisconsin/172/2024|EPI_ISL_19628110,2024-12-13,4.0
A/Wisconsin/172/2024|EPI_ISL_19628110,2024-12-14,7.0
A/Wisconsin/172/2024|EPI_ISL_19628110,2024-12-15,4.0
A/Wisconsin/172/2024|EPI_ISL_19628110,2024-12-16,12.0
A/Wisconsin/172/2024|EPI_ISL_19628110,2024-12-17,3.0
A/Wisconsin/172/2024|EPI_ISL_19628110,2024-12-18,5.25
A/Wisconsin/172/2024|EPI_ISL_19628110,2024-12-19,8.0
A/Wisconsin/172/2024|EPI_ISL_19628110,2024-12-20,7.142857142857142
A/Wisconsin/172/2024|EPI_ISL_19628110,2024-12-21,5.0
A/Wisconsin/172/2024|EPI_ISL_19628110,2024-12-22,3.0
A/Wisconsin/172/2024|EPI_ISL_19628110,2024-12-23,5.142857142857142
A/Wisconsin/172/2024|EPI_ISL_19628110,2024-12-24,8.25
A/Wisconsin/172/2024|EPI_ISL_19628110,2024-12-25,9.7
A/Wisconsin/172/2024|EPI_ISL_19628110,2024-12-26,8.0
A/Wisconsin/172/2024|EPI_ISL_19628110,2024-12-27,4.25
A/Wisconsin/172/2024|EPI_ISL_19628110,2024-12-28,10.0
A/Wisconsin/172/2024|EPI_ISL_19628110,2024-12-29,4.583333333333333
A/Wisconsin/172/2024|EPI_ISL_19628110,2024-12-30,13.5
A/Wisconsin/172/2024|EPI_ISL_19628110,2024-12-31,10.25
A/Wisconsin/172/2024|EPI_ISL_19628110,2025-01-01,4.25
A/Wisconsin/172/2024|EPI_ISL_19628110,2025-01-02,13.30952380952381
A/Wisconsin/172/2024|EPI_ISL_19628110,2025-01-03,1.6428571428571428
A/Wisconsin/172/2024|EPI_ISL_19628110,2025-01-04,5.0
A/Wisconsin/172/2024|EPI_ISL_19628110,2025-01-05,6.5
A/Wisconsin/172/2024|EPI_ISL_19628110,2025-01-06,12.0
A/Wisconsin/172/2024|EPI_ISL_19628110,2025-01-07,6.0
A/Wisconsin/172/2024|EPI_ISL_19628110,2025-01-08,7.142857142857142
A/Wisconsin/172/2024|EPI_ISL_19628110,2025-01-09,4.142857142857142
A/Wisconsin/172/2024|EPI_ISL_19628110,2025-01-10,6.25
A/Wisconsin/172/2024|EPI_ISL_19628110,2025-01-11,5.0
A/Wisconsin/172/2024|EPI_ISL_19628110,2025-01-12,3.0
A/Wisconsin/172/2024|EPI_ISL_19628110,2025-01-13,8.5
A/Wisconsin/172/2024|EPI_ISL_19628110,2025-01-14,9.2
A/Wisconsin/172/2024|EPI_ISL_19628110,2025-01-15,5.916666666666666
A/Wisconsin/172/2024|EPI_ISL_19628110,2025-01-16,6.25
A/Wisconsin/172/2024|EPI_ISL_19628110,2025-01-17,4.142857142857142
A/Wisconsin/172/2024|EPI_ISL_19628110,2025-01-19,5.0
A/Wisconsin/172/2024|EPI_ISL_19628110,2025-01-20,7.476190476190476
A/Wisconsin/172/2024|EPI_ISL_19628110,2025-01-21,6.0
A/Wisconsin/172/2024|EPI_ISL_19628110,2025-01-22,2.0
A/Wisconsin/172/2024|EPI_ISL_19628110,2025-01-23,8.0
A/Wisconsin/172/2024|EPI_ISL_19628110,2025-01-24,6.5
A/Wisconsin/172/2024|EPI_ISL_19628110,2025-01-25,7.0
A/Wisconsin/172/2024|EPI_ISL_19628110,2025-01-26,5.0
A/Wisconsin/172/2024|EPI_ISL_19628110,2025-01-27,8.333333333333334
A/Wisconsin/172/2024|EPI_ISL_19628110,2025-01-28,11.0
A/Wisconsin/172/2024|EPI_ISL_19628110,2025-01-29,6.0
A/Wisconsin/172/2024|EPI_ISL_19628110,2025-01-30,10.5
A/Wisconsin/172/2024|EPI_ISL_19628110,2025-01-31,7.333333333333333
A/Wisconsin/172/2024|EPI_ISL_19628110,2025-02-01,4.0
A/Wisconsin/172/2024|EPI_ISL_19628110,2025-02-02,6.5
A/Wisconsin/172/2024|EPI_ISL_19628110,2025-02-03,13.333333333333334
A/Wisconsin/172/2024|EPI_ISL_19628110,2025-02-04,10.583333333333334
A/Wisconsin/172/2024|EPI_ISL_19628110,2025-02-05,16.5
A/Wisconsin/172/2024|EPI_ISL_19628110,2025-02-06,3.0
A/Wisconsin/172/2024|EPI_ISL_19628110,2025-02-07,8.75
A/Wisconsin/172/2024|EPI_ISL_19628110,2025-02-08,5.0
A/Wisconsin/172/2024|EPI_ISL_19628110,2025-02-09,4.0
A/Wisconsin/172/2024|EPI_ISL_19628110,2025-02-10,8.0
A/Wisconsin/172/2024|EPI_ISL_19628110,2025-02-11,12.333333333333334
A/Wisconsin/172/2024|EPI_ISL_19628110,2025-02-12,5.5
A/Wisconsin/172/2024|EPI_ISL_19628110,2025-02-13,4.2
A/Wisconsin/172/2024|EPI_ISL_19628110,2025-02-14,2.0
A/Wisconsin/172/2024|EPI_ISL_19628110,2025-02-15,5.0
A/Wisconsin/172/2024|EPI_ISL_19628110,2025-02-16,3.0
A/Wisconsin/172/2024|EPI_ISL_19628110,2025-02-17,4.25
A/Wisconsin/172/2024|EPI_ISL_19628110,2025-02-18,5.0
A/Wisconsin/172/2024|EPI_ISL_19628110,2025-02-19,3.5
A/Wisconsin/172/2024|EPI_ISL_19628110,2025-02-20,3.2
A/Wisconsin/172/2024|EPI_ISL_19628110,2025-02-21,2.0
A/Wisconsin/172/2024|EPI_ISL_19628110,2025-02-22,2.0
A/Wisconsin/172/2024|EPI_ISL_19628110,2025-02-23,1.5
A/Wisconsin/172/2024|EPI_ISL_19628110,2025-02-24,1.4
A/Wisconsin/172/2024|EPI_ISL_19628110,2025-02-25,2.0
A/Wisconsin/172/2024|EPI_ISL_19628110,2025-02-26,3.0
A/Wisconsin/172/2024|EPI_ISL_19628110,2025-02-27,2.0
A/Wisconsin/172/2024|EPI_ISL_19628110,2025-02-28,0.25
A/Wisconsin/172/2024|EPI_ISL_19628110,2025-03-01,1.0
A/Wisconsin/172/2024|EPI_ISL_19628110,2025-03-02,2.333333333333333
A/Wisconsin/172/2024|EPI_ISL_19628110,2025-03-03,1.0
A/Wisconsin/172/2024|EPI_ISL_19628110,2025-03-04,0.2
A/Wisconsin/172/2024|EPI_ISL_19628110,2025-03-05,3.333333333333333
A/Wisconsin/172/2024|EPI_ISL_19628110,2025-03-06,1.0
A/Wisconsin/172/2024|EPI_ISL_19628110,2025-03-07,2.0
A/Wisconsin/172/2024|EPI_ISL_19628110,2025-03-09,3.0
A/Wisconsin/172/2024|EPI_ISL_19628110,2025-03-10,2.0
A/Wisconsin/172/2024|EPI_ISL_19628110,2025-03-11,2.333333333333333
A/Wisconsin/172/2024|EPI_ISL_19628110,2025-03-12,2.0
A/Wisconsin/172/2024|EPI_ISL_19628110,2025-03-13,1.0
A/Wisconsin/172/2024|EPI_ISL_19628110,2025-03-14,2.0
A/Wisconsin/172/2024|EPI_ISL_19628110,2025-03-17,1.0
A/Wisconsin/172/2024|EPI_ISL_19628110,2025-03-20,1.0
A/Wisconsin/172/2024|EPI_ISL_19628110,2025-03-21,1.0
A/Wisconsin/172/2024|EPI_ISL_19628110,2025-03-23,1.1428571428571428
A/Wisconsin/172/2024|EPI_ISL_19628110,2025-03-27,1.0
A/Wisconsin/172/2024|EPI_ISL_19628110,2025-03-29,0.14285714285714285
A/Wisconsin/172/2024|EPI_ISL_19628110,2025-03-30,1.0
A/Wisconsin/172/2024|EPI_ISL_19628110,2025-03-31,1.0
A/Wisconsin/172/2024|EPI_ISL_19628110,2025-04-11,1.0
A/Wisconsin/172/2024|EPI_ISL_19628110,2025-04-12,2.0
A/Wisconsin/172/2024|EPI_ISL_19628110,2025-04-13,1.0
A/Wisconsin/172/2024|EPI_ISL_19628110,2025-04-15,1.0
A/Wisconsin/172/2024|EPI_ISL_19628110,2025-04-16,2.0
A/Wisconsin/172/2024|EPI_ISL_19628110,2025-05-21,0.5
A/Wisconsin/172/2024|EPI_ISL_19628110,2025-06-04,0.14285714285714285
A/Wisconsin/NIRC-IS-1016/2024|EPI_ISL_19628582,2024-08-01,1.0
A/Wisconsin/NIRC-IS-1016/2024|EPI_ISL_19628582,2024-08-09,1.0
A/Wisconsin/NIRC-IS-1016/2024|EPI_ISL_19628582,2024-08-10,1.0
A/Wisconsin/NIRC-IS-1016/2024|EPI_ISL_19628582,2024-08-14,1.0
A/Wisconsin/NIRC-IS-1016/2024|EPI_ISL_19628582,2024-08-19,1.0
A/Wisconsin/NIRC-IS-1016/2024|EPI_ISL_19628582,2024-08-22,1.0
A/Wisconsin/NIRC-IS-1016/2024|EPI_ISL_19628582,2024-08-26,1.0
A/Wisconsin/NIRC-IS-1016/2024|EPI_ISL_19628582,2024-09-06,2.0
A/Wisconsin/NIRC-IS-1016/2024|EPI_ISL_19628582,2024-09-09,2.0
A/Wisconsin/NIRC-IS-1016/2024|EPI_ISL_19628582,2024-09-12,1.0
A/Wisconsin/NIRC-IS-1016/2024|EPI_ISL_19628582,2024-09-14,1.0
A/Wisconsin/NIRC-IS-1016/2024|EPI_ISL_19628582,2024-09-18,1.0
A/Wisconsin/NIRC-IS-1016/2024|EPI_ISL_19628582,2024-09-20,1.0
A/Wisconsin/NIRC-IS-1016/2024|EPI_ISL_19628582,2024-09-26,1.0
A/Wisconsin/NIRC-IS-1016/2024|EPI_ISL_19628582,2024-09-28,2.0
A/Wisconsin/NIRC-IS-1016/2024|EPI_ISL_19628582,2024-09-30,1.0
A/Wisconsin/NIRC-IS-1016/2024|EPI_ISL_19628582,2024-10-01,1.0
A/Wisconsin/NIRC-IS-1016/2024|EPI_ISL_19628582,2024-10-02,1.0
A/Wisconsin/NIRC-IS-1016/2024|EPI_ISL_19628582,2024-10-06,1.0
A/Wisconsin/NIRC-IS-1016/2024|EPI_ISL_19628582,2024-10-07,1.0
A/Wisconsin/NIRC-IS-1016/2024|EPI_ISL_19628582,2024-10-08,1.0
A/Wisconsin/NIRC-IS-1016/2024|EPI_ISL_19628582,2024-10-10,1.0
A/Wisconsin/NIRC-IS-1016/2024|EPI_ISL_19628582,2024-10-16,2.0
A/Wisconsin/NIRC-IS-1016/2024|EPI_ISL_19628582,2024-10-17,1.0
A/Wisconsin/NIRC-IS-1016/2024|EPI_ISL_19628582,2024-10-18,1.0
A/Wisconsin/NIRC-IS-1016/2024|EPI_ISL_19628582,2024-10-21,1.0
A/Wisconsin/NIRC-IS-1016/2024|EPI_ISL_19628582,2024-10-22,1.0
A/Wisconsin/NIRC-IS-1016/2024|EPI_ISL_19628582,2024-10-24,1.0
A/Wisconsin/NIRC-IS-1016/2024|EPI_ISL_19628582,2024-10-25,2.0
A/Wisconsin/NIRC-IS-1016/2024|EPI_ISL_19628582,2024-10-28,1.0
A/Wisconsin/NIRC-IS-1016/2024|EPI_ISL_19628582,2024-10-31,1.0
A/Wisconsin/NIRC-IS-1016/2024|EPI_ISL_19628582,2024-11-03,1.0
A/Wisconsin/NIRC-IS-1016/2024|EPI_ISL_19628582,2024-11-04,1.0
A/Wisconsin/NIRC-IS-1016/2024|EPI_ISL_19628582,2024-11-07,1.0
A/Wisconsin/NIRC-IS-1016/2024|EPI_ISL_19628582,2024-11-08,1.0
A/Wisconsin/NIRC-IS-1016/2024|EPI_ISL_19628582,2024-11-11,1.0
A/Wisconsin/NIRC-IS-1016/2024|EPI_ISL_19628582,2024-11-13,4.0
A/Wisconsin/NIRC-IS-1016/2024|EPI_ISL_19628582,2024-11-22,1.0
A/Wisconsin/NIRC-IS-1016/2024|EPI_ISL_19628582,2024-11-24,1.0
A/Wisconsin/NIRC-IS-1016/2024|EPI_ISL_19628582,2024-11-25,3.0
A/Wisconsin/NIRC-IS-1016/2024|EPI_ISL_19628582,2024-11-26,2.0
A/Wisconsin/NIRC-IS-1016/2024|EPI_ISL_19628582,2024-11-28,1.0
A/Wisconsin/NIRC-IS-1016/2024|EPI_ISL_19628582,2024-11-29,1.0
A/Wisconsin/NIRC-IS-1016/2024|EPI_ISL_19628582,2024-12-03,3.0
A/Wisconsin/NIRC-IS-1016/2024|EPI_ISL_19628582,2024-12-09,1.0
A/Wisconsin/NIRC-IS-1016/2024|EPI_ISL_19628582,2024-12-11,1.0
A/Wisconsin/NIRC-IS-1016/2024|EPI_ISL_19628582,2024-12-12,1.0
A/Wisconsin/NIRC-IS-1016/2024|EPI_ISL_19628582,2024-12-15,0.5
A/Wisconsin/NIRC-IS-1016/2024|EPI_ISL_19628582,2024-12-18,1.0
A/Wisconsin/NIRC-IS-1016/2024|EPI_ISL_19628582,2024-12-22,2.0
A/Wisconsin/NIRC-IS-1016/2024|EPI_ISL_19628582,2024-12-27,2.0
A/Wisconsin/NIRC-IS-1016/2024|EPI_ISL_19628582,2024-12-29,1.0
A/Wisconsin/NIRC-IS-1016/2024|EPI_ISL_19628582,2025-01-01,1.0
A/Wisconsin/NIRC-IS-1016/2024|EPI_ISL_19628582,2025-01-02,3.0
A/Wisconsin/NIRC-IS-1016/2024|EPI_ISL_19628582,2025-01-04,1.0
A/Wisconsin/NIRC-IS-1016/2024|EPI_ISL_19628582,2025-01-07,1.0
A/Wisconsin/NIRC-IS-1016/2024|EPI_ISL_19628582,2025-01-09,1.0
A/Wisconsin/NIRC-IS-1016/2024|EPI_ISL_19628582,2025-01-20,1.0
A/Wisconsin/NIRC-IS-1016/2024|EPI_ISL_19628582,2025-01-21,2.0
A/Wisconsin/NIRC-IS-1016/2024|EPI_ISL_19628582,2025-01-22,2.0
A/Wisconsin/NIRC-IS-1016/2024|EPI_ISL_19628582,2025-01-25,1.0
A/Wisconsin/NIRC-IS-1016/2024|EPI_ISL_19628582,2025-01-28,1.0
A/Wisconsin/NIRC-IS-1016/2024|EPI_ISL_19628582,2025-01-30,2.0
A/Wisconsin/NIRC-IS-1016/2024|EPI_ISL_19628582,2025-02-02,3.0
A/Wisconsin/NIRC-IS-1016/2024|EPI_ISL_19628582,2025-02-04,2.0
A/Wisconsin/NIRC-IS-1016/2024|EPI_ISL_19628582,2025-02-05,1.0
A/Wisconsin/NIRC-IS-1016/2024|EPI_ISL_19628582,2025-02-06,1.0
A/Wisconsin/NIRC-IS-1016/2024|EPI_ISL_19628582,2025-02-07,1.5
A/Wisconsin/NIRC-IS-1016/2024|EPI_ISL_19628582,2025-02-09,1.0
A/Wisconsin/NIRC-IS-1016/2024|EPI_ISL_19628582,2025-02-11,1.0
A/Wisconsin/NIRC-IS-1016/2024|EPI_ISL_19628582,2025-02-16,1.0
A/Wisconsin/NIRC-IS-1016/2024|EPI_ISL_19628582,2025-02-17,0.5
A/Wisconsin/NIRC-IS-1016/2024|EPI_ISL_19628582,2025-02-22,1.0
A/Wisconsin/NIRC-IS-1016/2024|EPI_ISL_19628582,2025-02-24,3.0
A/Wisconsin/NIRC-IS-1016/2024|EPI_ISL_19628582,2025-02-26,1.5
A/Wisconsin/NIRC-IS-1016/2024|EPI_ISL_19628582,2025-03-03,1.0
A/Wisconsin/NIRC-IS-1016/2024|EPI_ISL_19628582,2025-03-04,1.0
A/Wisconsin/NIRC-IS-1016/2024|EPI_ISL_19628582,2025-03-06,2.0
A/Wisconsin/NIRC-IS-1016/2024|EPI_ISL_19628582,2025-03-07,1.0
A/Wisconsin/NIRC-IS-1016/2024|EPI_ISL_19628582,2025-03-11,1.0
A/Wisconsin/NIRC-IS-1016/2024|EPI_ISL_19628582,2025-03-17,1.0
A/Wisconsin/NIRC-IS-1016/2024|EPI_ISL_19628582,2025-03-25,1.0
A/Wisconsin/NIRC-IS-1016/2024|EPI_ISL_19628582,2025-04-04,1.0
A/Wisconsin/NIRC-IS-1016/2024|EPI_ISL_19628582,2025-04-09,1.0
A/Wisconsin/NIRC-IS-1016/2024|EPI_ISL_19628582,2025-04-16,1.0
A/Wisconsin/NIRC-IS-1016/2024|EPI_ISL_19628582,2025-05-15,1.0
A/Wisconsin/NIRC-IS-1028/2024|EPI_ISL_19628591,2024-11-12,1.0
A/Wisconsin/NIRC-IS-1028/2024|EPI_ISL_19628591,2024-11-18,1.0
A/Wisconsin/NIRC-IS-1028/2024|EPI_ISL_19628591,2024-11-28,1.0
A/Wisconsin/NIRC-IS-1028/2024|EPI_ISL_19628591,2024-12-02,1.0
A/Wisconsin/NIRC-IS-1028/2024|EPI_ISL_19628591,2024-12-13,1.0
A/Wisconsin/NIRC-IS-1028/2024|EPI_ISL_19628591,2024-12-20,1.0
A/Wisconsin/NIRC-IS-1028/2024|EPI_ISL_19628591,2024-12-22,1.0
A/Wisconsin/NIRC-IS-1028/2024|EPI_ISL_19628591,2024-12-31,1.0
A/Wisconsin/NIRC-IS-1028/2024|EPI_ISL_19628591,2025-01-29,1.0
other,2024-04-18,38.0
other,2024-04-19,33.0
other,2024-04-20,14.0
other,2024-04-21,23.0
other,2024-04-22,47.0
other,2024-04-23,40.0
other,2024-04-24,37.0
other,2024-04-25,37.0
other,2024-04-26,25.0
other,2024-04-27,12.0
other,2024-04-28,6.0
other,2024-04-29,29.0
other,2024-04-30,28.0
other,2024-05-01,10.0
other,2024-05-02,28.0
other,2024-05-03,41.0
other,2024-05-04,16.0
other,2024-05-05,12.0
other,2024-05-06,41.0
other,2024-05-07,31.0
other,2024-05-08,38.0
other,2024-05-09,25.0
other,2024-05-10,36.0
other,2024-05-11,17.0
other,2024-05-12,10.0
other,2024-05-13,57.0
other,2024-05-14,27.0
other,2024-05-15,19.0
other,2024-05-16,29.0
other,2024-05-17,25.0
other,2024-05-18,17.0
other,2024-05-19,10.0
other,2024-05-20,27.0
other,2024-05-21,28.0
other,2024-05-22,27.0
other,2024-05-23,18.0
other,2024-05-24,23.0
other,2024-05-25,17.0
other,2024-05-26,15.0
other,2024-05-27,31.0
other,2024-05-28,14.0
other,2024-05-29,20.0
other,2024-05-30,22.0
other,2024-05-31,22.0
other,2024-06-01,9.0
other,2024-06-02,19.0
other,2024-06-03,28.0
other,2024-06-04,25.0
other,2024-06-05,19.0
other,2024-06-06,22.0
other,2024-06-07,31.0
other,2024-06-08,11.0
other,2024-06-09,12.0
other,2024-06-10,19.0
other,2024-06-11,15.0
other,2024-06-12,17.0
other,2024-06-13,19.0
other,2024-06-14,13.0
other,2024-06-15,18.0
other,2024-06-16,10.0
other,2024-06-17,25.0
other,2024-06-18,32.0
other,2024-06-19,21.0
other,2024-06-20,21.0
other,2024-06-21,12.0
other,2024-06-22,9.0
other,2024-06-23,11.0
other,2024-06-24,24.0
other,2024-06-25,23.0
other,2024-06-26,26.0
other,2024-06-27,13.0
other,2024-06-28,13.0
other,2024-06-29,13.0
other,2024-06-30,6.0
other,2024-07-01,18.0
other,2024-07-02,21.0
other,2024-07-03,19.0
other,2024-07-04,20.0
other,2024-07-05,20.0
other,2024-07-06,11.0
other,2024-07-07,10.0
other,2024-07-08,20.0
other,2024-07-09,27.0
other,2024-07-10,18.0
other,2024-07-11,20.0
other,2024-07-12,20.0
other,2024-07-13,6.0
other,2024-07-14,8.0
other,2024-07-15,29.0
other,2024-07-16,32.0
other,2024-07-17,29.0
other,2024-07-18,17.0
other,2024-07-19,17.0
other,2024-07-20,13.0
other,2024-07-21,5.0
other,2024-07-22,29.0
other,2024-07-23,19.0
other,2024-07-24,15.0
other,2024-07-25,12.0
other,2024-07-26,18.0
other,2024-07-27,7.0
other,2024-07-28,11.0
other,2024-07-29,11.0
other,2024-07-30,14.0
other,2024-07-31,13.0
other,2024-08-01,26.0
other,2024-08-02,18.0
other,2024-08-03,12.0
other,2024-08-04,18.0
other,2024-08-05,32.0
other,2024-08-06,31.0
other,2024-08-07,26.0
other,2024-08-08,22.0
other,2024-08-09,16.0
other,2024-08-10,7.0
other,2024-08-11,7.0
other,2024-08-12,19.0
other,2024-08-13,18.0
other,2024-08-14,17.0
other,2024-08-15,12.0
other,2024-08-16,11.0
other,2024-08-17,3.0
other,2024-08-18,8.0
other,2024-08-19,16.0
other,2024-08-20,22.0
other,2024-08-21,14.0
other,2024-08-22,15.0
other,2024-08-23,11.0
other,2024-08-24,4.0
other,2024-08-25,9.0
other,2024-08-26,14.0
other,2024-08-27,20.0
other,2024-08-28,21.0
other,2024-08-29,10.0
other,2024-08-30,15.0
other,2024-08-31,4.0
other,2024-09-01,11.0
other,2024-09-02,14.0
other,2024-09-03,16.0
other,2024-09-04,12.0
other,2024-09-05,9.0
other,2024-09-06,21.0
other,2024-09-07,10.0
other,2024-09-08,11.0
other,2024-09-09,15.0
other,2024-09-10,16.0
other,2024-09-11,20.0
other,2024-09-12,9.0
other,2024-09-13,11.0
other,2024-09-14,9.0
other,2024-09-15,7.0
other,2024-09-16,18.0
other,2024-09-17,12.0
other,2024-09-18,8.0
other,2024-09-19,8.0
other,2024-09-20,18.0
other,2024-09-21,5.0
other,2024-09-22,9.0
other,2024-09-23,13.0
other,2024-09-24,8.0
other,2024-09-25,12.0
other,2024-09-26,11.0
other,2024-09-27,9.0
other,2024-09-28,9.0
other,2024-09-29,6.0
other,2024-09-30,8.0
other,2024-10-01,14.0
other,2024-10-02,10.0
other,2024-10-03,11.0
other,2024-10-04,14.0
other,2024-10-05,9.0
other,2024-10-06,8.0
other,2024-10-07,13.0
other,2024-10-08,11.0
other,2024-10-09,12.0
other,2024-10-10,14.0
other,2024-10-11,11.0
other,2024-10-12,4.0
other,2024-10-13,5.0
other,2024-10-14,10.0
other,2024-10-15,17.0
other,2024-10-16,6.0
other,2024-10-17,12.0
other,2024-10-18,2.0
other,2024-10-19,3.0
other,2024-10-20,9.0
other,2024-10-21,10.0
other,2024-10-22,5.0
other,2024-10-23,12.0
other,2024-10-24,6.0
other,2024-10-25,9.0
other,2024-10-26,6.0
other,2024-10-27,3.0
other,2024-10-28,13.0
other,2024-10-29,13.0
other,2024-10-30,8.0
other,2024-10-31,15.0
other,2024-11-01,10.0
other,2024-11-02,7.0
other,2024-11-03,4.0
other,2024-11-04,24.0
other,2024-11-05,19.0
other,2024-11-06,15.0
other,2024-11-07,6.0
other,2024-11-08,10.0
other,2024-11-09,9.0
other,2024-11-10,11.0
other,2024-11-11,21.0
other,2024-11-12,18.0
other,2024-11-13,20.0
other,2024-11-14,15.0
other,2024-11-15,11.0
other,2024-11-16,4.0
other,2024-11-17,6.0
other,2024-11-18,14.0
other,2024-11-19,14.0
other,2024-11-20,13.0
other,2024-11-21,11.0
other,2024-11-22,10.0
other,2024-11-23,10.0
other,2024-11-24,14.0
other,2024-11-25,17.0
other,2024-11-26,14.0
other,2024-11-27,7.0
other,2024-11-28,15.0
other,2024-11-29,19.0
other,2024-11-30,10.0
other,2024-12-01,15.0
other,2024-12-02,21.0
other,2024-12-03,19.0
other,2024-12-04,18.0
other,2024-12-05,13.0
other,2024-12-06,8.0
other,2024-12-07,7.0
other,2024-12-08,8.0
other,2024-12-09,17.0
other,2024-12-10,27.0
other,2024-12-11,21.0
other,2024-12-12,23.0
other,2024-12-13,23.0
other,2024-12-14,16.0
other,2024-12-15,5.0
other,2024-12-16,24.0
other,2024-12-17,30.0
other,2024-12-18,22.0
other,2024-12-19,26.0
other,2024-12-20,29.0
other,2024-12-21,11.0
other,2024-12-22,18.0
other,2024-12-23,26.0
other,2024-12-24,27.0
other,2024-12-25,15.0
other,2024-12-26,18.0
other,2024-12-27,28.0
other,2024-12-28,20.0
other,2024-12-29,16.0
other,2024-12-30,32.0
other,2024-12-31,28.0
other,2025-01-01,29.0
other,2025-01-02,56.0
other,2025-01-03,28.0
other,2025-01-04,14.0
other,2025-01-05,32.0
other,2025-01-06,48.0
other,2025-01-07,47.0
other,2025-01-08,49.0
other,2025-01-09,50.0
other,2025-01-10,32.0
other,2025-01-11,12.0
other,2025-01-12,13.0
other,2025-01-13,52.0
other,2025-01-14,55.0
other,2025-01-15,37.0
other,2025-01-16,50.0
other,2025-01-17,36.0
other,2025-01-18,19.0
other,2025-01-19,23.0
other,2025-01-20,61.0
other,2025-01-21,32.0
other,2025-01-22,66.0
other,2025-01-23,45.0
other,2025-01-24,19.0
other,2025-01-25,16.0
other,2025-01-26,30.0
other,2025-01-27,69.0
other,2025-01-28,59.0
other,2025-01-29,67.0
other,2025-01-30,59.0
other,2025-01-31,43.0
other,2025-02-01,21.0
other,2025-02-02,23.0
other,2025-02-03,71.0
other,2025-02-04,58.0
other,2025-02-05,50.0
other,2025-02-06,39.0
other,2025-02-07,43.0
other,2025-02-08,14.0
other,2025-02-09,25.0
other,2025-02-10,55.0
other,2025-02-11,49.0
other,2025-02-12,39.0
other,2025-02-13,53.0
other,2025-02-14,36.0
other,2025-02-15,21.0
other,2025-02-16,17.0
other,2025-02-17,55.0
other,2025-02-18,56.0
other,2025-02-19,42.0
other,2025-02-20,47.0
other,2025-02-21,28.0
other,2025-02-22,19.0
other,2025-02-23,15.0
other,2025-02-24,65.0
other,2025-02-25,38.0
other,2025-02-26,34.0
other,2025-02-27,27.0
other,2025-02-28,24.0
other,2025-03-01,20.0
other,2025-03-02,15.0
other,2025-03-03,38.0
other,2025-03-04,34.0
other,2025-03-05,41.0
other,2025-03-06,36.0
other,2025-03-07,33.0
other,2025-03-08,7.0
other,2025-03-09,10.0
other,2025-03-10,38.0
other,2025-03-11,47.0
other,2025-03-12,29.0
other,2025-03-13,47.0
other,2025-03-14,27.0
other,2025-03-15,7.0
other,2025-03-16,17.0
other,2025-03-17,23.0
other,2025-03-18,28.0
other,2025-03-19,17.0
other,2025-03-20,21.0
other,2025-03-21,19.0
other,2025-03-22,8.0
other,2025-03-23,12.0
other,2025-03-24,23.0
other,2025-03-25,32.0
other,2025-03-26,16.0
other,2025-03-27,21.0
other,2025-03-28,6.0
other,2025-03-29,3.0
other,2025-03-30,4.0
other,2025-03-31,13.0
other,2025-04-01,29.0
other,2025-04-02,19.0
other,2025-04-03,15.0
other,2025-04-04,14.0
other,2025-04-05,8.0
other,2025-04-06,6.0
other,2025-04-07,24.0
other,2025-04-08,17.0
other,2025-04-09,15.0
other,2025-04-10,17.0
other,2025-04-11,22.0
other,2025-04-12,6.0
other,2025-04-13,10.0
other,2025-04-14,12.0
other,2025-04-15,20.0
other,2025-04-16,17.0
other,2025-04-17,13.0
other,2025-04-18,6.0
other,2025-04-19,12.0
other,2025-04-20,11.0
other,2025-04-21,13.0
other,2025-04-22,23.0
other,2025-04-23,8.0
other,2025-04-24,15.0
other,2025-04-25,2.0
other,2025-04-26,2.0
other,2025-04-27,4.0
other,2025-04-28,8.0
other,2025-04-29,106.0
other,2025-04-30,6.0
other,2025-05-01,3.0
other,2025-05-02,8.0
other,2025-05-03,2.0
other,2025-05-04,7.0
other,2025-05-05,9.0
other,2025-05-06,14.0
other,2025-05-07,13.0
other,2025-05-08,22.0
other,2025-05-09,6.0
other,2025-05-10,2.0
other,2025-05-11,2.0
other,2025-05-12,18.0
other,2025-05-13,8.0
other,2025-05-14,7.0
other,2025-05-15,7.0
other,2025-05-16,9.0
other,2025-05-17,5.0
other,2025-05-18,7.0
other,2025-05-19,20.0
other,2025-05-20,9.0
other,2025-05-21,8.0
other,2025-05-22,7.0
other,2025-05-23,5.0
other,2025-05-26,12.0
other,2025-05-27,3.0
other,2025-05-28,10.0
other,2025-05-29,6.0
other,2025-05-30,8.0
other,2025-05-31,3.0
other,2025-06-01,3.0
other,2025-06-02,16.0
other,2025-06-03,12.0
other,2025-06-04,6.0
other,2025-06-05,9.0
other,2025-06-06,6.0
other,2025-06-08,5.0
other,2025-06-09,7.0
other,2025-06-10,7.0
other,2025-06-11,6.0
other,2025-06-12,3.0
other,2025-06-13,9.0
other,2025-06-14,1.0
other,2025-06-16,4.0
other,2025-06-19,4.0
other,2025-06-20,6.0
other,2025-06-21,5.0
other,2025-06-22,1.0
other,2025-06-23,3.0
other,2025-06-24,2.0
other,2025-06-25,3.0
other,2025-06-26,5.0
other,2025-06-27,4.0
other,2025-06-30,6.0
other,2025-07-01,8.0
other,2025-07-03,3.0
other,2025-07-04,4.0
other,2025-07-05,2.0
other,2025-07-06,1.0
other,2025-07-07,1.0
other,2025-07-08,1.0
other,2025-07-16,1.0
other,2025-07-18,4.0
other,2025-07-20,1.0
other,2025-07-21,3.0
other,2025-07-24,1.0
other,2025-07-29,1.0
other,2025-07-31,1.0
