variant,date,sequences
A/Amapa/021563-IEC/2024|EPI_ISL_19266713|EPI3439495,2024-05-06,1.0
A/Amapa/021563-IEC/2024|EPI_ISL_19266713|EPI3439495,2024-12-16,1.0
A/Amapa/021563-IEC/2024|EPI_ISL_19266713|EPI3439495,2024-12-23,2.0
A/Amapa/021563-IEC/2024|EPI_ISL_19266713|EPI3439495,2025-01-06,1.0
A/Amapa/021563-IEC/2024|EPI_ISL_19266713|EPI3439495,2025-01-08,1.0
A/Amapa/021563-IEC/2024|EPI_ISL_19266713|EPI3439495,2025-01-16,1.0
A/Amapa/021563-IEC/2024|EPI_ISL_19266713|EPI3439495,2025-01-29,1.0
A/Amapa/021563-IEC/2024|EPI_ISL_19266713|EPI3439495,2025-01-31,1.0
A/Amapa/021563-IEC/2024|EPI_ISL_19266713|EPI3439495,2025-02-04,2.0
A/Amapa/021563-IEC/2024|EPI_ISL_19266713|EPI3439495,2025-02-13,1.0
A/Amapa/021563-IEC/2024|EPI_ISL_19266713|EPI3439495,2025-02-24,1.0
A/Amapa/021563-IEC/2024|EPI_ISL_19266713|EPI3439495,2025-02-26,1.0
A/Amapa/021563-IEC/2024|EPI_ISL_19266713|EPI3439495,2025-03-18,1.0
A/Amapa/021563-IEC/2024|EPI_ISL_19266713|EPI3439495,2025-03-19,1.0
A/Badajoz/18680568/2025|EPI_ISL_19775350|EPI4088693,2025-01-23,1.0
A/Badajoz/18680568/2025|EPI_ISL_19775350|EPI4088693,2025-01-28,1.0
A/Badajoz/18680568/2025|EPI_ISL_19775350|EPI4088693,2025-02-12,1.0
A/Badajoz/18680568/2025|EPI_ISL_19775350|EPI4088693,2025-02-19,1.0
A/Badajoz/18680568/2025|EPI_ISL_19775350|EPI4088693,2025-02-21,1.0
A/Badajoz/18680568/2025|EPI_ISL_19775350|EPI4088693,2025-02-27,2.0
A/Badajoz/18680568/2025|EPI_ISL_19775350|EPI4088693,2025-03-05,1.0
A/Badajoz/18680568/2025|EPI_ISL_19775350|EPI4088693,2025-03-11,1.0
A/Badajoz/18680568/2025|EPI_ISL_19775350|EPI4088693,2025-03-18,1.0
A/Badajoz/18680568/2025|EPI_ISL_19775350|EPI4088693,2025-03-19,1.0
A/Badajoz/18680568/2025|EPI_ISL_19775350|EPI4088693,2025-03-20,1.0
A/BurkinaFaso/3131/2023|EPI_ISL_19093570,2024-04-20,1.0
A/BurkinaFaso/3131/2023|EPI_ISL_19093570,2024-04-26,1.0
A/BurkinaFaso/3131/2023|EPI_ISL_19093570,2024-04-27,1.0
A/BurkinaFaso/3131/2023|EPI_ISL_19093570,2024-04-29,1.0
A/BurkinaFaso/3131/2023|EPI_ISL_19093570,2024-05-07,1.0
A/BurkinaFaso/3131/2023|EPI_ISL_19093570,2024-05-13,1.0
A/BurkinaFaso/3131/2023|EPI_ISL_19093570,2024-06-19,1.0
A/BurkinaFaso/3131/2023|EPI_ISL_19093570,2024-06-21,2.0
A/BurkinaFaso/3131/2023|EPI_ISL_19093570,2024-07-28,1.0
A/BurkinaFaso/3131/2023|EPI_ISL_19093570,2024-07-31,1.0
A/BurkinaFaso/3131/2023|EPI_ISL_19093570,2024-08-27,1.0
A/BurkinaFaso/3131/2023|EPI_ISL_19093570,2024-08-28,1.0
A/BurkinaFaso/3131/2023|EPI_ISL_19093570,2024-08-29,1.0
A/BurkinaFaso/3131/2023|EPI_ISL_19093570,2024-09-02,1.0
A/BurkinaFaso/3131/2023|EPI_ISL_19093570,2024-09-05,2.0
A/BurkinaFaso/3131/2023|EPI_ISL_19093570,2024-09-17,1.0
A/BurkinaFaso/3131/2023|EPI_ISL_19093570,2024-09-19,1.0
A/BurkinaFaso/3131/2023|EPI_ISL_19093570,2024-10-02,1.0
A/BurkinaFaso/3131/2023|EPI_ISL_19093570,2024-10-03,1.0
A/BurkinaFaso/3131/2023|EPI_ISL_19093570,2024-10-07,1.0
A/BurkinaFaso/3131/2023|EPI_ISL_19093570,2024-10-16,1.0
A/BurkinaFaso/3131/2023|EPI_ISL_19093570,2024-10-22,1.0
A/Busan/461/2025|EPI_ISL_19794442,2025-01-20,1.0
A/Canberra/613/2024|EPI_ISL_19561219,2024-09-07,2.0
A/Canberra/613/2024|EPI_ISL_19561219,2024-09-12,1.0
A/Canberra/613/2024|EPI_ISL_19561219,2024-09-18,1.0
A/Canberra/613/2024|EPI_ISL_19561219,2024-09-23,1.0
A/Canberra/613/2024|EPI_ISL_19561219,2024-09-25,1.0
A/Canberra/613/2024|EPI_ISL_19561219,2024-09-26,1.0
A/Canberra/613/2024|EPI_ISL_19561219,2024-09-27,1.0
A/Canberra/613/2024|EPI_ISL_19561219,2024-10-01,1.0
A/Canberra/613/2024|EPI_ISL_19561219,2024-10-02,1.0
A/Canberra/613/2024|EPI_ISL_19561219,2024-10-03,3.0
A/Canberra/613/2024|EPI_ISL_19561219,2024-10-04,1.0
A/Canberra/613/2024|EPI_ISL_19561219,2024-10-05,1.0
A/Canberra/613/2024|EPI_ISL_19561219,2024-10-07,1.0
A/Canberra/613/2024|EPI_ISL_19561219,2024-10-08,1.0
A/Canberra/613/2024|EPI_ISL_19561219,2024-10-10,1.0
A/Canberra/613/2024|EPI_ISL_19561219,2024-10-12,1.0
A/Canberra/613/2024|EPI_ISL_19561219,2024-10-16,1.0
A/Canberra/613/2024|EPI_ISL_19561219,2024-10-25,1.0
A/Canberra/613/2024|EPI_ISL_19561219,2024-10-27,1.0
A/Canberra/613/2024|EPI_ISL_19561219,2024-10-29,1.0
A/Canberra/613/2024|EPI_ISL_19561219,2024-11-01,1.0
A/Canberra/613/2024|EPI_ISL_19561219,2024-11-03,1.0
A/Canberra/613/2024|EPI_ISL_19561219,2024-11-05,1.0
A/Canberra/613/2024|EPI_ISL_19561219,2024-11-07,1.0
A/Canberra/613/2024|EPI_ISL_19561219,2024-11-08,2.0
A/Canberra/613/2024|EPI_ISL_19561219,2024-11-11,1.0
A/Canberra/613/2024|EPI_ISL_19561219,2024-11-21,1.0
A/Canberra/613/2024|EPI_ISL_19561219,2024-11-26,1.0
A/Canberra/613/2024|EPI_ISL_19561219,2024-11-28,1.0
A/Canberra/613/2024|EPI_ISL_19561219,2024-11-30,2.0
A/Canberra/613/2024|EPI_ISL_19561219,2024-12-02,1.0
A/Canberra/613/2024|EPI_ISL_19561219,2024-12-05,2.0
A/Canberra/613/2024|EPI_ISL_19561219,2024-12-09,1.0
A/Canberra/613/2024|EPI_ISL_19561219,2024-12-10,1.0
A/Canberra/613/2024|EPI_ISL_19561219,2024-12-11,1.0
A/Canberra/613/2024|EPI_ISL_19561219,2024-12-13,1.0
A/Canberra/613/2024|EPI_ISL_19561219,2024-12-14,1.0
A/Canberra/613/2024|EPI_ISL_19561219,2024-12-16,1.0
A/Canberra/613/2024|EPI_ISL_19561219,2024-12-24,1.0
A/Canberra/613/2024|EPI_ISL_19561219,2025-01-03,1.0
A/Canberra/613/2024|EPI_ISL_19561219,2025-01-09,1.0
A/Canberra/613/2024|EPI_ISL_19561219,2025-01-10,1.0
A/Canberra/613/2024|EPI_ISL_19561219,2025-01-12,1.0
A/Canberra/613/2024|EPI_ISL_19561219,2025-01-14,1.0
A/Canberra/613/2024|EPI_ISL_19561219,2025-01-19,1.0
A/Canberra/613/2024|EPI_ISL_19561219,2025-01-20,1.0
A/Canberra/613/2024|EPI_ISL_19561219,2025-01-24,1.0
A/Canberra/613/2024|EPI_ISL_19561219,2025-01-25,2.0
A/Canberra/613/2024|EPI_ISL_19561219,2025-01-26,1.0
A/Canberra/613/2024|EPI_ISL_19561219,2025-01-31,1.0
A/Canberra/613/2024|EPI_ISL_19561219,2025-02-02,1.0
A/Canberra/613/2024|EPI_ISL_19561219,2025-02-10,2.0
A/Canberra/613/2024|EPI_ISL_19561219,2025-02-11,1.0
A/Canberra/613/2024|EPI_ISL_19561219,2025-02-13,1.0
A/Canberra/613/2024|EPI_ISL_19561219,2025-02-18,1.0
A/Canberra/613/2024|EPI_ISL_19561219,2025-02-28,1.0
A/Canberra/613/2024|EPI_ISL_19561219,2025-03-04,1.0
A/Canberra/613/2024|EPI_ISL_19561219,2025-03-05,1.0
A/Canberra/613/2024|EPI_ISL_19561219,2025-03-11,1.0
A/Canberra/613/2024|EPI_ISL_19561219,2025-03-19,1.0
A/Canberra/613/2024|EPI_ISL_19561219,2025-04-11,1.0
A/Canberra/613/2024|EPI_ISL_19561219,2025-04-30,1.0
A/Canberra/613/2024|EPI_ISL_19561219,2025-05-02,1.0
A/Canberra/613/2024|EPI_ISL_19561219,2025-05-12,1.0
A/Canberra/613/2024|EPI_ISL_19561219,2025-05-16,1.0
A/Colombia/1851/2024|EPI_ISL_19727802,2024-11-19,1.0
A/Colombia/1851/2024|EPI_ISL_19727802,2024-11-26,1.0
A/Colombia/1851/2024|EPI_ISL_19727802,2024-12-12,1.0
A/Colombia/1851/2024|EPI_ISL_19727802,2024-12-17,1.0
A/Colombia/1851/2024|EPI_ISL_19727802,2024-12-25,1.0
A/Colombia/1851/2024|EPI_ISL_19727802,2024-12-27,1.0
A/Colombia/1851/2024|EPI_ISL_19727802,2024-12-30,1.0
A/Colombia/1851/2024|EPI_ISL_19727802,2025-01-03,1.0
A/Colombia/1851/2024|EPI_ISL_19727802,2025-01-06,1.0
A/Colombia/1851/2024|EPI_ISL_19727802,2025-01-07,1.0
A/Colombia/1851/2024|EPI_ISL_19727802,2025-01-09,2.0
A/Colombia/1851/2024|EPI_ISL_19727802,2025-01-13,3.0
A/Colombia/1851/2024|EPI_ISL_19727802,2025-01-14,1.0
A/Colombia/1851/2024|EPI_ISL_19727802,2025-01-18,1.0
A/Colombia/1851/2024|EPI_ISL_19727802,2025-01-20,1.0
A/Colombia/1851/2024|EPI_ISL_19727802,2025-01-22,2.0
A/Colombia/1851/2024|EPI_ISL_19727802,2025-01-23,2.0
A/Colombia/1851/2024|EPI_ISL_19727802,2025-01-25,1.0
A/Colombia/1851/2024|EPI_ISL_19727802,2025-01-26,1.0
A/Colombia/1851/2024|EPI_ISL_19727802,2025-01-27,2.0
A/Colombia/1851/2024|EPI_ISL_19727802,2025-01-28,2.0
A/Colombia/1851/2024|EPI_ISL_19727802,2025-01-29,1.0
A/Colombia/1851/2024|EPI_ISL_19727802,2025-01-31,3.0
A/Colombia/1851/2024|EPI_ISL_19727802,2025-02-02,1.0
A/Colombia/1851/2024|EPI_ISL_19727802,2025-02-03,2.0
A/Colombia/1851/2024|EPI_ISL_19727802,2025-02-04,3.0
A/Colombia/1851/2024|EPI_ISL_19727802,2025-02-05,3.0
A/Colombia/1851/2024|EPI_ISL_19727802,2025-02-06,2.0
A/Colombia/1851/2024|EPI_ISL_19727802,2025-02-07,1.0
A/Colombia/1851/2024|EPI_ISL_19727802,2025-02-09,1.0
A/Colombia/1851/2024|EPI_ISL_19727802,2025-02-10,3.0
A/Colombia/1851/2024|EPI_ISL_19727802,2025-02-11,6.0
A/Colombia/1851/2024|EPI_ISL_19727802,2025-02-12,4.0
A/Colombia/1851/2024|EPI_ISL_19727802,2025-02-13,3.0
A/Colombia/1851/2024|EPI_ISL_19727802,2025-02-14,4.0
A/Colombia/1851/2024|EPI_ISL_19727802,2025-02-15,3.0
A/Colombia/1851/2024|EPI_ISL_19727802,2025-02-16,2.0
A/Colombia/1851/2024|EPI_ISL_19727802,2025-02-17,5.0
A/Colombia/1851/2024|EPI_ISL_19727802,2025-02-18,2.0
A/Colombia/1851/2024|EPI_ISL_19727802,2025-02-19,7.0
A/Colombia/1851/2024|EPI_ISL_19727802,2025-02-20,3.0
A/Colombia/1851/2024|EPI_ISL_19727802,2025-02-21,2.0
A/Colombia/1851/2024|EPI_ISL_19727802,2025-02-24,7.0
A/Colombia/1851/2024|EPI_ISL_19727802,2025-02-25,4.0
A/Colombia/1851/2024|EPI_ISL_19727802,2025-02-26,3.0
A/Colombia/1851/2024|EPI_ISL_19727802,2025-02-27,3.0
A/Colombia/1851/2024|EPI_ISL_19727802,2025-02-28,6.0
A/Colombia/1851/2024|EPI_ISL_19727802,2025-03-01,6.0
A/Colombia/1851/2024|EPI_ISL_19727802,2025-03-02,4.0
A/Colombia/1851/2024|EPI_ISL_19727802,2025-03-03,6.0
A/Colombia/1851/2024|EPI_ISL_19727802,2025-03-04,10.0
A/Colombia/1851/2024|EPI_ISL_19727802,2025-03-05,6.0
A/Colombia/1851/2024|EPI_ISL_19727802,2025-03-06,3.0
A/Colombia/1851/2024|EPI_ISL_19727802,2025-03-07,2.0
A/Colombia/1851/2024|EPI_ISL_19727802,2025-03-08,5.0
A/Colombia/1851/2024|EPI_ISL_19727802,2025-03-09,1.0
A/Colombia/1851/2024|EPI_ISL_19727802,2025-03-10,1.0
A/Colombia/1851/2024|EPI_ISL_19727802,2025-03-11,7.0
A/Colombia/1851/2024|EPI_ISL_19727802,2025-03-12,2.0
A/Colombia/1851/2024|EPI_ISL_19727802,2025-03-13,5.0
A/Colombia/1851/2024|EPI_ISL_19727802,2025-03-14,3.0
A/Colombia/1851/2024|EPI_ISL_19727802,2025-03-15,2.0
A/Colombia/1851/2024|EPI_ISL_19727802,2025-03-16,4.0
A/Colombia/1851/2024|EPI_ISL_19727802,2025-03-17,3.0
A/Colombia/1851/2024|EPI_ISL_19727802,2025-03-18,6.0
A/Colombia/1851/2024|EPI_ISL_19727802,2025-03-19,2.0
A/Colombia/1851/2024|EPI_ISL_19727802,2025-03-20,2.0
A/Colombia/1851/2024|EPI_ISL_19727802,2025-03-21,1.0
A/Colombia/1851/2024|EPI_ISL_19727802,2025-03-22,1.0
A/Colombia/1851/2024|EPI_ISL_19727802,2025-03-23,1.0
A/Colombia/1851/2024|EPI_ISL_19727802,2025-03-24,2.0
A/Colombia/1851/2024|EPI_ISL_19727802,2025-03-25,3.0
A/Colombia/1851/2024|EPI_ISL_19727802,2025-03-26,3.0
A/Colombia/1851/2024|EPI_ISL_19727802,2025-03-27,1.0
A/Colombia/1851/2024|EPI_ISL_19727802,2025-03-28,1.0
A/Colombia/1851/2024|EPI_ISL_19727802,2025-03-31,2.0
A/Colombia/1851/2024|EPI_ISL_19727802,2025-04-01,4.0
A/Colombia/1851/2024|EPI_ISL_19727802,2025-04-02,1.0
A/Colombia/1851/2024|EPI_ISL_19727802,2025-04-04,1.0
A/Colombia/1851/2024|EPI_ISL_19727802,2025-04-06,1.0
A/Colombia/1851/2024|EPI_ISL_19727802,2025-04-07,1.0
A/Colombia/1851/2024|EPI_ISL_19727802,2025-04-08,1.0
A/Colombia/1851/2024|EPI_ISL_19727802,2025-04-09,1.0
A/Colombia/1851/2024|EPI_ISL_19727802,2025-04-10,2.0
A/Colombia/1851/2024|EPI_ISL_19727802,2025-04-14,3.0
A/Colombia/1851/2024|EPI_ISL_19727802,2025-04-18,1.0
A/Colombia/1851/2024|EPI_ISL_19727802,2025-04-19,1.0
A/Colombia/1851/2024|EPI_ISL_19727802,2025-04-20,2.0
A/Colombia/1851/2024|EPI_ISL_19727802,2025-04-21,1.0
A/Colombia/1851/2024|EPI_ISL_19727802,2025-04-22,3.0
A/Colombia/1851/2024|EPI_ISL_19727802,2025-04-24,2.0
A/Colombia/1851/2024|EPI_ISL_19727802,2025-04-28,1.0
A/Colombia/1851/2024|EPI_ISL_19727802,2025-04-29,1.0
A/Colombia/1851/2024|EPI_ISL_19727802,2025-04-30,1.0
A/Colombia/1851/2024|EPI_ISL_19727802,2025-05-01,2.0
A/Colombia/1851/2024|EPI_ISL_19727802,2025-05-05,1.0
A/Colombia/1851/2024|EPI_ISL_19727802,2025-05-06,1.0
A/Colombia/1851/2024|EPI_ISL_19727802,2025-05-07,1.0
A/Colombia/1851/2024|EPI_ISL_19727802,2025-05-13,1.0
A/Colombia/1851/2024|EPI_ISL_19727802,2025-05-18,2.0
A/Colombia/1851/2024|EPI_ISL_19727802,2025-05-19,1.0
A/Colombia/1851/2024|EPI_ISL_19727802,2025-05-23,1.0
A/Colombia/1851/2024|EPI_ISL_19727802,2025-05-27,1.0
A/Colombia/1851/2024|EPI_ISL_19727802,2025-05-30,1.0
A/Colombia/1851/2024|EPI_ISL_19727802,2025-06-02,1.0
A/Colombia/1851/2024|EPI_ISL_19727802,2025-06-03,1.0
A/Colombia/1851/2024|EPI_ISL_19727802,2025-06-18,1.0
A/Colombia/1851/2024|EPI_ISL_19727802,2025-06-19,1.0
A/Colombia/7681/2024|EPI_ISL_19628089,2024-04-18,1.0
A/Colombia/7681/2024|EPI_ISL_19628089,2024-04-21,1.0
A/Colombia/7681/2024|EPI_ISL_19628089,2024-04-23,1.0
A/Colombia/7681/2024|EPI_ISL_19628089,2024-04-24,1.0
A/Colombia/7681/2024|EPI_ISL_19628089,2024-04-26,2.0
A/Colombia/7681/2024|EPI_ISL_19628089,2024-04-28,3.0
A/Colombia/7681/2024|EPI_ISL_19628089,2024-04-30,1.0
A/Colombia/7681/2024|EPI_ISL_19628089,2024-05-04,1.0
A/Colombia/7681/2024|EPI_ISL_19628089,2024-05-05,1.0
A/Colombia/7681/2024|EPI_ISL_19628089,2024-05-06,1.0
A/Colombia/7681/2024|EPI_ISL_19628089,2024-05-07,2.0
A/Colombia/7681/2024|EPI_ISL_19628089,2024-05-08,4.0
A/Colombia/7681/2024|EPI_ISL_19628089,2024-05-09,1.0
A/Colombia/7681/2024|EPI_ISL_19628089,2024-05-11,3.0
A/Colombia/7681/2024|EPI_ISL_19628089,2024-05-12,2.0
A/Colombia/7681/2024|EPI_ISL_19628089,2024-05-13,4.0
A/Colombia/7681/2024|EPI_ISL_19628089,2024-05-16,1.0
A/Colombia/7681/2024|EPI_ISL_19628089,2024-05-17,1.0
A/Colombia/7681/2024|EPI_ISL_19628089,2024-05-21,1.0
A/Colombia/7681/2024|EPI_ISL_19628089,2024-05-22,1.0
A/Colombia/7681/2024|EPI_ISL_19628089,2024-05-23,1.0
A/Colombia/7681/2024|EPI_ISL_19628089,2024-05-24,1.0
A/Colombia/7681/2024|EPI_ISL_19628089,2024-05-25,2.0
A/Colombia/7681/2024|EPI_ISL_19628089,2024-05-26,3.0
A/Colombia/7681/2024|EPI_ISL_19628089,2024-05-29,2.0
A/Colombia/7681/2024|EPI_ISL_19628089,2024-06-09,2.0
A/Colombia/7681/2024|EPI_ISL_19628089,2024-06-10,1.0
A/Colombia/7681/2024|EPI_ISL_19628089,2024-06-11,1.0
A/Colombia/7681/2024|EPI_ISL_19628089,2024-06-19,2.0
A/Colombia/7681/2024|EPI_ISL_19628089,2024-06-21,1.0
A/Colombia/7681/2024|EPI_ISL_19628089,2024-06-30,1.0
A/Colombia/7681/2024|EPI_ISL_19628089,2024-07-01,1.0
A/Colombia/7681/2024|EPI_ISL_19628089,2024-07-04,1.0
A/Colombia/7681/2024|EPI_ISL_19628089,2024-07-07,1.0
A/Colombia/7681/2024|EPI_ISL_19628089,2024-07-10,2.0
A/Colombia/7681/2024|EPI_ISL_19628089,2024-07-24,1.0
A/Colombia/7681/2024|EPI_ISL_19628089,2024-08-01,1.0
A/Colombia/7681/2024|EPI_ISL_19628089,2024-10-21,2.0
A/Colombia/7681/2024|EPI_ISL_19628089,2024-10-22,1.0
A/Colombia/7681/2024|EPI_ISL_19628089,2024-11-01,1.0
A/Colombia/7681/2024|EPI_ISL_19628089,2024-11-07,1.0
A/Colombia/7681/2024|EPI_ISL_19628089,2024-11-08,1.0
A/Colombia/7681/2024|EPI_ISL_19628089,2024-11-17,2.0
A/Colombia/7681/2024|EPI_ISL_19628089,2024-11-18,1.0
A/Colombia/7681/2024|EPI_ISL_19628089,2024-11-19,1.0
A/Colombia/7681/2024|EPI_ISL_19628089,2024-11-22,2.0
A/Colombia/7681/2024|EPI_ISL_19628089,2024-11-23,2.0
A/Colombia/7681/2024|EPI_ISL_19628089,2024-11-24,1.0
A/Colombia/7681/2024|EPI_ISL_19628089,2024-11-25,2.0
A/Colombia/7681/2024|EPI_ISL_19628089,2024-11-28,1.0
A/Colombia/7681/2024|EPI_ISL_19628089,2024-11-29,1.0
A/Colombia/7681/2024|EPI_ISL_19628089,2024-12-24,1.0
A/Colombia/7681/2024|EPI_ISL_19628089,2025-01-09,1.0
A/Colorado/ISC-1416/2024|EPI_ISL_19628516,2024-06-25,1.0
A/Colorado/ISC-1416/2024|EPI_ISL_19628516,2024-07-28,1.0
A/Colorado/ISC-1416/2024|EPI_ISL_19628516,2024-09-14,1.0
A/Colorado/ISC-1416/2024|EPI_ISL_19628516,2024-09-21,1.0
A/Colorado/ISC-1416/2024|EPI_ISL_19628516,2024-09-30,1.0
A/Colorado/ISC-1416/2024|EPI_ISL_19628516,2024-10-01,1.0
A/Colorado/ISC-1416/2024|EPI_ISL_19628516,2024-10-02,4.0
A/Colorado/ISC-1416/2024|EPI_ISL_19628516,2024-10-07,1.0
A/Colorado/ISC-1416/2024|EPI_ISL_19628516,2024-10-08,1.0
A/Colorado/ISC-1416/2024|EPI_ISL_19628516,2024-10-09,3.0
A/Colorado/ISC-1416/2024|EPI_ISL_19628516,2024-10-10,1.0
A/Colorado/ISC-1416/2024|EPI_ISL_19628516,2024-10-11,2.0
A/Colorado/ISC-1416/2024|EPI_ISL_19628516,2024-10-13,1.0
A/Colorado/ISC-1416/2024|EPI_ISL_19628516,2024-10-14,1.0
A/Colorado/ISC-1416/2024|EPI_ISL_19628516,2024-10-15,1.0
A/Colorado/ISC-1416/2024|EPI_ISL_19628516,2024-10-16,1.0
A/Colorado/ISC-1416/2024|EPI_ISL_19628516,2024-10-17,2.0
A/Colorado/ISC-1416/2024|EPI_ISL_19628516,2024-10-18,4.0
A/Colorado/ISC-1416/2024|EPI_ISL_19628516,2024-10-19,1.0
A/Colorado/ISC-1416/2024|EPI_ISL_19628516,2024-10-21,3.0
A/Colorado/ISC-1416/2024|EPI_ISL_19628516,2024-10-22,3.0
A/Colorado/ISC-1416/2024|EPI_ISL_19628516,2024-10-23,4.0
A/Colorado/ISC-1416/2024|EPI_ISL_19628516,2024-10-25,1.0
A/Colorado/ISC-1416/2024|EPI_ISL_19628516,2024-10-26,2.0
A/Colorado/ISC-1416/2024|EPI_ISL_19628516,2024-10-27,6.0
A/Colorado/ISC-1416/2024|EPI_ISL_19628516,2024-10-28,3.0
A/Colorado/ISC-1416/2024|EPI_ISL_19628516,2024-10-29,2.0
A/Colorado/ISC-1416/2024|EPI_ISL_19628516,2024-10-30,2.0
A/Colorado/ISC-1416/2024|EPI_ISL_19628516,2024-10-31,2.0
A/Colorado/ISC-1416/2024|EPI_ISL_19628516,2024-11-01,1.0
A/Colorado/ISC-1416/2024|EPI_ISL_19628516,2024-11-02,6.0
A/Colorado/ISC-1416/2024|EPI_ISL_19628516,2024-11-03,2.0
A/Colorado/ISC-1416/2024|EPI_ISL_19628516,2024-11-04,3.0
A/Colorado/ISC-1416/2024|EPI_ISL_19628516,2024-11-05,4.0
A/Colorado/ISC-1416/2024|EPI_ISL_19628516,2024-11-06,7.0
A/Colorado/ISC-1416/2024|EPI_ISL_19628516,2024-11-07,2.0
A/Colorado/ISC-1416/2024|EPI_ISL_19628516,2024-11-08,2.0
A/Colorado/ISC-1416/2024|EPI_ISL_19628516,2024-11-09,1.0
A/Colorado/ISC-1416/2024|EPI_ISL_19628516,2024-11-10,5.0
A/Colorado/ISC-1416/2024|EPI_ISL_19628516,2024-11-11,6.0
A/Colorado/ISC-1416/2024|EPI_ISL_19628516,2024-11-12,5.0
A/Colorado/ISC-1416/2024|EPI_ISL_19628516,2024-11-13,4.0
A/Colorado/ISC-1416/2024|EPI_ISL_19628516,2024-11-14,1.0
A/Colorado/ISC-1416/2024|EPI_ISL_19628516,2024-11-15,4.0
A/Colorado/ISC-1416/2024|EPI_ISL_19628516,2024-11-16,5.0
A/Colorado/ISC-1416/2024|EPI_ISL_19628516,2024-11-18,7.0
A/Colorado/ISC-1416/2024|EPI_ISL_19628516,2024-11-19,1.0
A/Colorado/ISC-1416/2024|EPI_ISL_19628516,2024-11-20,4.0
A/Colorado/ISC-1416/2024|EPI_ISL_19628516,2024-11-21,1.0
A/Colorado/ISC-1416/2024|EPI_ISL_19628516,2024-11-22,5.0
A/Colorado/ISC-1416/2024|EPI_ISL_19628516,2024-11-23,4.0
A/Colorado/ISC-1416/2024|EPI_ISL_19628516,2024-11-24,5.0
A/Colorado/ISC-1416/2024|EPI_ISL_19628516,2024-11-25,6.0
A/Colorado/ISC-1416/2024|EPI_ISL_19628516,2024-11-26,1.0
A/Colorado/ISC-1416/2024|EPI_ISL_19628516,2024-11-27,2.0
A/Colorado/ISC-1416/2024|EPI_ISL_19628516,2024-11-28,3.0
A/Colorado/ISC-1416/2024|EPI_ISL_19628516,2024-11-29,1.0
A/Colorado/ISC-1416/2024|EPI_ISL_19628516,2024-12-01,3.0
A/Colorado/ISC-1416/2024|EPI_ISL_19628516,2024-12-02,2.0
A/Colorado/ISC-1416/2024|EPI_ISL_19628516,2024-12-03,4.0
A/Colorado/ISC-1416/2024|EPI_ISL_19628516,2024-12-04,5.0
A/Colorado/ISC-1416/2024|EPI_ISL_19628516,2024-12-05,2.0
A/Colorado/ISC-1416/2024|EPI_ISL_19628516,2024-12-06,1.0
A/Colorado/ISC-1416/2024|EPI_ISL_19628516,2024-12-07,2.0
A/Colorado/ISC-1416/2024|EPI_ISL_19628516,2024-12-08,4.0
A/Colorado/ISC-1416/2024|EPI_ISL_19628516,2024-12-09,5.0
A/Colorado/ISC-1416/2024|EPI_ISL_19628516,2024-12-10,5.0
A/Colorado/ISC-1416/2024|EPI_ISL_19628516,2024-12-12,3.0
A/Colorado/ISC-1416/2024|EPI_ISL_19628516,2024-12-13,1.0
A/Colorado/ISC-1416/2024|EPI_ISL_19628516,2024-12-14,4.0
A/Colorado/ISC-1416/2024|EPI_ISL_19628516,2024-12-16,7.0
A/Colorado/ISC-1416/2024|EPI_ISL_19628516,2024-12-17,6.0
A/Colorado/ISC-1416/2024|EPI_ISL_19628516,2024-12-18,5.0
A/Colorado/ISC-1416/2024|EPI_ISL_19628516,2024-12-19,7.0
A/Colorado/ISC-1416/2024|EPI_ISL_19628516,2024-12-20,2.0
A/Colorado/ISC-1416/2024|EPI_ISL_19628516,2024-12-21,1.0
A/Colorado/ISC-1416/2024|EPI_ISL_19628516,2024-12-24,1.0
A/Colorado/ISC-1416/2024|EPI_ISL_19628516,2024-12-25,3.0
A/Colorado/ISC-1416/2024|EPI_ISL_19628516,2024-12-26,2.0
A/Colorado/ISC-1416/2024|EPI_ISL_19628516,2024-12-27,3.0
A/Colorado/ISC-1416/2024|EPI_ISL_19628516,2024-12-29,1.0
A/Colorado/ISC-1416/2024|EPI_ISL_19628516,2024-12-30,1.0
A/Colorado/ISC-1416/2024|EPI_ISL_19628516,2025-01-01,2.0
A/Colorado/ISC-1416/2024|EPI_ISL_19628516,2025-01-02,2.0
A/Colorado/ISC-1416/2024|EPI_ISL_19628516,2025-01-03,2.0
A/Colorado/ISC-1416/2024|EPI_ISL_19628516,2025-01-04,1.0
A/Colorado/ISC-1416/2024|EPI_ISL_19628516,2025-01-05,1.0
A/Colorado/ISC-1416/2024|EPI_ISL_19628516,2025-01-07,3.0
A/Colorado/ISC-1416/2024|EPI_ISL_19628516,2025-01-08,2.0
A/Colorado/ISC-1416/2024|EPI_ISL_19628516,2025-01-09,1.0
A/Colorado/ISC-1416/2024|EPI_ISL_19628516,2025-01-10,1.0
A/Colorado/ISC-1416/2024|EPI_ISL_19628516,2025-01-11,1.0
A/Colorado/ISC-1416/2024|EPI_ISL_19628516,2025-01-12,2.0
A/Colorado/ISC-1416/2024|EPI_ISL_19628516,2025-01-13,1.0
A/Colorado/ISC-1416/2024|EPI_ISL_19628516,2025-01-14,1.0
A/Colorado/ISC-1416/2024|EPI_ISL_19628516,2025-01-17,1.0
A/Colorado/ISC-1416/2024|EPI_ISL_19628516,2025-01-18,1.0
A/Colorado/ISC-1416/2024|EPI_ISL_19628516,2025-01-20,3.0
A/Colorado/ISC-1416/2024|EPI_ISL_19628516,2025-01-21,4.0
A/Colorado/ISC-1416/2024|EPI_ISL_19628516,2025-01-22,2.0
A/Colorado/ISC-1416/2024|EPI_ISL_19628516,2025-01-23,2.0
A/Colorado/ISC-1416/2024|EPI_ISL_19628516,2025-01-28,1.0
A/Colorado/ISC-1416/2024|EPI_ISL_19628516,2025-01-29,1.0
A/Colorado/ISC-1416/2024|EPI_ISL_19628516,2025-01-31,1.0
A/Colorado/ISC-1416/2024|EPI_ISL_19628516,2025-02-01,2.0
A/Colorado/ISC-1416/2024|EPI_ISL_19628516,2025-02-08,2.0
A/Colorado/ISC-1416/2024|EPI_ISL_19628516,2025-02-09,1.0
A/Colorado/ISC-1416/2024|EPI_ISL_19628516,2025-02-10,1.0
A/Colorado/ISC-1416/2024|EPI_ISL_19628516,2025-02-11,2.0
A/Colorado/ISC-1416/2024|EPI_ISL_19628516,2025-02-17,1.0
A/Colorado/ISC-1416/2024|EPI_ISL_19628516,2025-02-18,1.0
A/Colorado/ISC-1416/2024|EPI_ISL_19628516,2025-02-20,1.0
A/Colorado/ISC-1416/2024|EPI_ISL_19628516,2025-03-13,1.0
A/Colorado/ISC-1416/2024|EPI_ISL_19628516,2025-03-27,1.0
A/Colorado/ISC-1416/2024|EPI_ISL_19628516,2025-03-29,1.0
A/Colorado/ISC-1416/2024|EPI_ISL_19628516,2025-04-01,1.0
A/Colorado/ISC-1416/2024|EPI_ISL_19628516,2025-04-04,1.0
A/CoteD'Ivoire/4448/2024|EPI_ISL_19687843,2024-07-15,1.0
A/CoteD'Ivoire/4448/2024|EPI_ISL_19687843,2024-09-30,1.0
A/CoteD'Ivoire/4448/2024|EPI_ISL_19687843,2024-10-01,1.0
A/CoteD'Ivoire/4448/2024|EPI_ISL_19687843,2024-10-03,1.0
A/CoteD'Ivoire/4448/2024|EPI_ISL_19687843,2024-10-07,1.0
A/CoteD'Ivoire/4448/2024|EPI_ISL_19687843,2024-10-10,1.0
A/CoteD'Ivoire/4448/2024|EPI_ISL_19687843,2024-10-11,1.0
A/CoteD'Ivoire/4448/2024|EPI_ISL_19687843,2024-10-14,2.0
A/CoteD'Ivoire/4448/2024|EPI_ISL_19687843,2024-10-17,1.0
A/CoteD'Ivoire/4448/2024|EPI_ISL_19687843,2024-10-20,1.0
A/CoteD'Ivoire/4448/2024|EPI_ISL_19687843,2024-10-22,4.0
A/CoteD'Ivoire/4448/2024|EPI_ISL_19687843,2024-10-24,3.0
A/CoteD'Ivoire/4448/2024|EPI_ISL_19687843,2024-10-28,2.0
A/CoteD'Ivoire/4448/2024|EPI_ISL_19687843,2024-10-29,2.0
A/CoteD'Ivoire/4448/2024|EPI_ISL_19687843,2024-10-30,1.0
A/CoteD'Ivoire/4448/2024|EPI_ISL_19687843,2024-11-04,1.0
A/CoteD'Ivoire/4448/2024|EPI_ISL_19687843,2024-11-11,1.0
A/CoteD'Ivoire/4448/2024|EPI_ISL_19687843,2024-11-12,1.0
A/CoteD'Ivoire/4448/2024|EPI_ISL_19687843,2024-11-14,1.0
A/CoteD'Ivoire/4448/2024|EPI_ISL_19687843,2024-12-06,1.0
A/CoteD'Ivoire/4448/2024|EPI_ISL_19687843,2024-12-23,1.0
A/CoteD'Ivoire/4448/2024|EPI_ISL_19687843,2025-01-20,1.0
A/CoteD'Ivoire/4448/2024|EPI_ISL_19687843,2025-01-30,1.0
A/DE/DE-DHSS-901/2025_(H3N2)|EPI_ISL_19720065|EPI3923199,2024-11-13,1.0
A/DE/DE-DHSS-901/2025_(H3N2)|EPI_ISL_19720065|EPI3923199,2024-11-18,2.0
A/DE/DE-DHSS-901/2025_(H3N2)|EPI_ISL_19720065|EPI3923199,2024-12-06,1.0
A/DE/DE-DHSS-901/2025_(H3N2)|EPI_ISL_19720065|EPI3923199,2024-12-09,1.0
A/DE/DE-DHSS-901/2025_(H3N2)|EPI_ISL_19720065|EPI3923199,2024-12-12,1.0
A/DE/DE-DHSS-901/2025_(H3N2)|EPI_ISL_19720065|EPI3923199,2024-12-14,1.0
A/DE/DE-DHSS-901/2025_(H3N2)|EPI_ISL_19720065|EPI3923199,2024-12-15,1.0
A/DE/DE-DHSS-901/2025_(H3N2)|EPI_ISL_19720065|EPI3923199,2024-12-17,1.0
A/DE/DE-DHSS-901/2025_(H3N2)|EPI_ISL_19720065|EPI3923199,2024-12-20,2.0
A/DE/DE-DHSS-901/2025_(H3N2)|EPI_ISL_19720065|EPI3923199,2024-12-23,3.0
A/DE/DE-DHSS-901/2025_(H3N2)|EPI_ISL_19720065|EPI3923199,2024-12-26,2.0
A/DE/DE-DHSS-901/2025_(H3N2)|EPI_ISL_19720065|EPI3923199,2024-12-29,1.0
A/DE/DE-DHSS-901/2025_(H3N2)|EPI_ISL_19720065|EPI3923199,2025-01-01,1.0
A/DE/DE-DHSS-901/2025_(H3N2)|EPI_ISL_19720065|EPI3923199,2025-01-06,1.0
A/DE/DE-DHSS-901/2025_(H3N2)|EPI_ISL_19720065|EPI3923199,2025-01-08,1.0
A/DE/DE-DHSS-901/2025_(H3N2)|EPI_ISL_19720065|EPI3923199,2025-01-12,1.0
A/DE/DE-DHSS-901/2025_(H3N2)|EPI_ISL_19720065|EPI3923199,2025-01-13,1.0
A/DE/DE-DHSS-901/2025_(H3N2)|EPI_ISL_19720065|EPI3923199,2025-01-14,1.0
A/DE/DE-DHSS-901/2025_(H3N2)|EPI_ISL_19720065|EPI3923199,2025-01-15,2.0
A/DE/DE-DHSS-901/2025_(H3N2)|EPI_ISL_19720065|EPI3923199,2025-01-17,1.0
A/DE/DE-DHSS-901/2025_(H3N2)|EPI_ISL_19720065|EPI3923199,2025-01-24,3.0
A/DE/DE-DHSS-901/2025_(H3N2)|EPI_ISL_19720065|EPI3923199,2025-01-25,2.0
A/DE/DE-DHSS-901/2025_(H3N2)|EPI_ISL_19720065|EPI3923199,2025-01-26,1.0
A/DE/DE-DHSS-901/2025_(H3N2)|EPI_ISL_19720065|EPI3923199,2025-01-27,2.0
A/DE/DE-DHSS-901/2025_(H3N2)|EPI_ISL_19720065|EPI3923199,2025-01-28,4.0
A/DE/DE-DHSS-901/2025_(H3N2)|EPI_ISL_19720065|EPI3923199,2025-01-29,2.0
A/DE/DE-DHSS-901/2025_(H3N2)|EPI_ISL_19720065|EPI3923199,2025-01-30,3.0
A/DE/DE-DHSS-901/2025_(H3N2)|EPI_ISL_19720065|EPI3923199,2025-02-03,2.0
A/DE/DE-DHSS-901/2025_(H3N2)|EPI_ISL_19720065|EPI3923199,2025-02-05,1.0
A/DE/DE-DHSS-901/2025_(H3N2)|EPI_ISL_19720065|EPI3923199,2025-02-06,2.0
A/DE/DE-DHSS-901/2025_(H3N2)|EPI_ISL_19720065|EPI3923199,2025-02-07,1.0
A/DE/DE-DHSS-901/2025_(H3N2)|EPI_ISL_19720065|EPI3923199,2025-02-09,1.0
A/DE/DE-DHSS-901/2025_(H3N2)|EPI_ISL_19720065|EPI3923199,2025-02-10,2.0
A/DE/DE-DHSS-901/2025_(H3N2)|EPI_ISL_19720065|EPI3923199,2025-02-11,1.0
A/DE/DE-DHSS-901/2025_(H3N2)|EPI_ISL_19720065|EPI3923199,2025-02-12,1.0
A/DE/DE-DHSS-901/2025_(H3N2)|EPI_ISL_19720065|EPI3923199,2025-02-13,1.0
A/DE/DE-DHSS-901/2025_(H3N2)|EPI_ISL_19720065|EPI3923199,2025-02-17,3.0
A/DE/DE-DHSS-901/2025_(H3N2)|EPI_ISL_19720065|EPI3923199,2025-02-18,2.0
A/DE/DE-DHSS-901/2025_(H3N2)|EPI_ISL_19720065|EPI3923199,2025-02-19,3.0
A/DE/DE-DHSS-901/2025_(H3N2)|EPI_ISL_19720065|EPI3923199,2025-02-20,1.0
A/DE/DE-DHSS-901/2025_(H3N2)|EPI_ISL_19720065|EPI3923199,2025-02-21,1.0
A/DE/DE-DHSS-901/2025_(H3N2)|EPI_ISL_19720065|EPI3923199,2025-02-23,1.0
A/DE/DE-DHSS-901/2025_(H3N2)|EPI_ISL_19720065|EPI3923199,2025-02-24,1.0
A/DE/DE-DHSS-901/2025_(H3N2)|EPI_ISL_19720065|EPI3923199,2025-02-25,3.0
A/DE/DE-DHSS-901/2025_(H3N2)|EPI_ISL_19720065|EPI3923199,2025-02-26,1.0
A/DE/DE-DHSS-901/2025_(H3N2)|EPI_ISL_19720065|EPI3923199,2025-02-27,3.0
A/DE/DE-DHSS-901/2025_(H3N2)|EPI_ISL_19720065|EPI3923199,2025-02-28,1.0
A/DE/DE-DHSS-901/2025_(H3N2)|EPI_ISL_19720065|EPI3923199,2025-03-01,1.0
A/DE/DE-DHSS-901/2025_(H3N2)|EPI_ISL_19720065|EPI3923199,2025-03-04,1.0
A/DE/DE-DHSS-901/2025_(H3N2)|EPI_ISL_19720065|EPI3923199,2025-03-05,2.0
A/DE/DE-DHSS-901/2025_(H3N2)|EPI_ISL_19720065|EPI3923199,2025-03-06,1.0
A/DE/DE-DHSS-901/2025_(H3N2)|EPI_ISL_19720065|EPI3923199,2025-03-07,1.0
A/DE/DE-DHSS-901/2025_(H3N2)|EPI_ISL_19720065|EPI3923199,2025-03-09,1.0
A/DE/DE-DHSS-901/2025_(H3N2)|EPI_ISL_19720065|EPI3923199,2025-03-11,1.0
A/DE/DE-DHSS-901/2025_(H3N2)|EPI_ISL_19720065|EPI3923199,2025-03-12,1.0
A/DE/DE-DHSS-901/2025_(H3N2)|EPI_ISL_19720065|EPI3923199,2025-03-16,1.0
A/DE/DE-DHSS-901/2025_(H3N2)|EPI_ISL_19720065|EPI3923199,2025-03-17,1.0
A/DE/DE-DHSS-901/2025_(H3N2)|EPI_ISL_19720065|EPI3923199,2025-03-18,1.0
A/DE/DE-DHSS-901/2025_(H3N2)|EPI_ISL_19720065|EPI3923199,2025-03-19,1.0
A/DE/DE-DHSS-901/2025_(H3N2)|EPI_ISL_19720065|EPI3923199,2025-03-20,2.0
A/DE/DE-DHSS-901/2025_(H3N2)|EPI_ISL_19720065|EPI3923199,2025-03-21,2.0
A/DE/DE-DHSS-901/2025_(H3N2)|EPI_ISL_19720065|EPI3923199,2025-03-24,1.0
A/DE/DE-DHSS-901/2025_(H3N2)|EPI_ISL_19720065|EPI3923199,2025-03-25,1.0
A/DE/DE-DHSS-901/2025_(H3N2)|EPI_ISL_19720065|EPI3923199,2025-03-28,1.0
A/DE/DE-DHSS-901/2025_(H3N2)|EPI_ISL_19720065|EPI3923199,2025-03-31,1.0
A/DE/DE-DHSS-901/2025_(H3N2)|EPI_ISL_19720065|EPI3923199,2025-04-06,1.0
A/DE/DE-DHSS-901/2025_(H3N2)|EPI_ISL_19720065|EPI3923199,2025-04-15,1.0
A/DE/DE-DHSS-901/2025_(H3N2)|EPI_ISL_19720065|EPI3923199,2025-05-05,1.0
A/Ecuador/1385/2024|EPI_ISL_19745369,2024-12-03,1.0
A/Florida/ISC-1241/2025|EPI_ISL_19790412|EPI4135634,2024-12-17,1.0
A/Florida/ISC-1241/2025|EPI_ISL_19790412|EPI4135634,2024-12-28,1.0
A/Florida/ISC-1241/2025|EPI_ISL_19790412|EPI4135634,2025-01-11,1.0
A/Florida/ISC-1241/2025|EPI_ISL_19790412|EPI4135634,2025-01-13,1.0
A/Florida/ISC-1241/2025|EPI_ISL_19790412|EPI4135634,2025-01-18,1.0
A/Florida/ISC-1241/2025|EPI_ISL_19790412|EPI4135634,2025-02-03,1.0
A/Florida/ISC-1241/2025|EPI_ISL_19790412|EPI4135634,2025-02-04,1.0
A/Florida/ISC-1241/2025|EPI_ISL_19790412|EPI4135634,2025-02-11,1.0
A/Florida/ISC-1241/2025|EPI_ISL_19790412|EPI4135634,2025-02-24,1.0
A/Florida/ISC-1241/2025|EPI_ISL_19790412|EPI4135634,2025-03-11,1.0
A/Florida/ISC-1241/2025|EPI_ISL_19790412|EPI4135634,2025-03-14,1.0
A/Florida/ISC-1241/2025|EPI_ISL_19790412|EPI4135634,2025-03-16,1.0
A/Florida/ISC-1241/2025|EPI_ISL_19790412|EPI4135634,2025-03-25,1.0
A/France/ARA-RELAB-HCL025017178801/2025|EPI_ISL_19708803|EPI3894630,2024-12-28,1.0
A/France/ARA-RELAB-HCL025017178801/2025|EPI_ISL_19708803|EPI3894630,2025-01-06,1.0
A/France/ARA-RELAB-HCL025017178801/2025|EPI_ISL_19708803|EPI3894630,2025-01-14,1.0
A/France/ARA-RELAB-HCL025017178801/2025|EPI_ISL_19708803|EPI3894630,2025-01-15,1.0
A/France/ARA-RELAB-HCL025017178801/2025|EPI_ISL_19708803|EPI3894630,2025-01-16,1.0
A/France/ARA-RELAB-HCL025017178801/2025|EPI_ISL_19708803|EPI3894630,2025-01-17,2.0
A/France/ARA-RELAB-HCL025017178801/2025|EPI_ISL_19708803|EPI3894630,2025-01-21,1.0
A/France/ARA-RELAB-HCL025017178801/2025|EPI_ISL_19708803|EPI3894630,2025-01-30,1.0
A/France/ARA-RELAB-HCL025017178801/2025|EPI_ISL_19708803|EPI3894630,2025-02-03,1.0
A/France/ARA-RELAB-HCL025017178801/2025|EPI_ISL_19708803|EPI3894630,2025-02-07,3.0
A/France/ARA-RELAB-HCL025017178801/2025|EPI_ISL_19708803|EPI3894630,2025-02-09,1.0
A/France/ARA-RELAB-HCL025017178801/2025|EPI_ISL_19708803|EPI3894630,2025-02-12,1.0
A/France/ARA-RELAB-HCL025017178801/2025|EPI_ISL_19708803|EPI3894630,2025-02-13,1.0
A/France/ARA-RELAB-HCL025017178801/2025|EPI_ISL_19708803|EPI3894630,2025-02-14,1.0
A/France/ARA-RELAB-HCL025017178801/2025|EPI_ISL_19708803|EPI3894630,2025-02-21,1.0
A/France/ARA-RELAB-HCL025017178801/2025|EPI_ISL_19708803|EPI3894630,2025-02-23,1.0
A/France/ARA-RELAB-HCL025017178801/2025|EPI_ISL_19708803|EPI3894630,2025-03-06,2.0
A/France/ARA-RELAB-HCL025017178801/2025|EPI_ISL_19708803|EPI3894630,2025-03-08,1.0
A/France/ARA-RELAB-HCL025017178801/2025|EPI_ISL_19708803|EPI3894630,2025-03-11,1.0
A/France/ARA-RELAB-HCL025017178801/2025|EPI_ISL_19708803|EPI3894630,2025-03-12,3.0
A/France/ARA-RELAB-HCL025017178801/2025|EPI_ISL_19708803|EPI3894630,2025-03-15,1.0
A/France/ARA-RELAB-HCL025017178801/2025|EPI_ISL_19708803|EPI3894630,2025-03-17,1.0
A/France/ARA-RELAB-HCL025017178801/2025|EPI_ISL_19708803|EPI3894630,2025-03-31,1.0
A/France/ARA-RELAB-HCL025017178801/2025|EPI_ISL_19708803|EPI3894630,2025-04-07,1.0
A/France/ARA-RELAB-HCL025017178801/2025|EPI_ISL_19708803|EPI3894630,2025-04-14,1.0
A/France/BRE-IPP01880/2025|EPI_ISL_19731877|EPI3961949,2025-01-06,1.0
A/France/BRE-IPP01880/2025|EPI_ISL_19731877|EPI3961949,2025-01-14,1.0
A/France/BRE-IPP01880/2025|EPI_ISL_19731877|EPI3961949,2025-01-15,1.0
A/France/BRE-IPP01880/2025|EPI_ISL_19731877|EPI3961949,2025-01-17,1.0
A/France/BRE-IPP01880/2025|EPI_ISL_19731877|EPI3961949,2025-01-20,1.0
A/France/BRE-IPP01880/2025|EPI_ISL_19731877|EPI3961949,2025-01-29,1.0
A/France/BRE-IPP01880/2025|EPI_ISL_19731877|EPI3961949,2025-02-01,1.0
A/France/BRE-IPP01880/2025|EPI_ISL_19731877|EPI3961949,2025-02-10,1.0
A/France/BRE-IPP01880/2025|EPI_ISL_19731877|EPI3961949,2025-02-18,1.0
A/France/BRE-IPP01880/2025|EPI_ISL_19731877|EPI3961949,2025-02-26,1.0
A/France/BRE-IPP01880/2025|EPI_ISL_19731877|EPI3961949,2025-03-01,1.0
A/France/BRE-IPP01880/2025|EPI_ISL_19731877|EPI3961949,2025-03-02,1.0
A/France/BRE-IPP01880/2025|EPI_ISL_19731877|EPI3961949,2025-03-10,1.0
A/France/BRE-IPP01880/2025|EPI_ISL_19731877|EPI3961949,2025-03-17,1.0
A/France/BRE-IPP01880/2025|EPI_ISL_19731877|EPI3961949,2025-03-29,1.0
A/France/BRE-IPP01880/2025|EPI_ISL_19731877|EPI3961949,2025-03-31,1.0
A/France/PAC-RELAB-HCL024172122101/2024|EPI_ISL_19556698,2024-09-26,1.0
A/France/PAC-RELAB-HCL024172122101/2024|EPI_ISL_19556698,2024-10-12,1.0
A/France/PAC-RELAB-HCL024172122101/2024|EPI_ISL_19556698,2024-10-15,1.0
A/France/PAC-RELAB-HCL024172122101/2024|EPI_ISL_19556698,2024-10-17,1.0
A/France/PAC-RELAB-HCL024172122101/2024|EPI_ISL_19556698,2024-10-22,1.0
A/France/PAC-RELAB-HCL024172122101/2024|EPI_ISL_19556698,2024-10-23,2.0
A/France/PAC-RELAB-HCL024172122101/2024|EPI_ISL_19556698,2024-10-26,1.0
A/France/PAC-RELAB-HCL024172122101/2024|EPI_ISL_19556698,2024-10-28,1.0
A/France/PAC-RELAB-HCL024172122101/2024|EPI_ISL_19556698,2024-10-30,1.0
A/France/PAC-RELAB-HCL024172122101/2024|EPI_ISL_19556698,2024-11-03,1.0
A/France/PAC-RELAB-HCL024172122101/2024|EPI_ISL_19556698,2024-11-05,1.0
A/France/PAC-RELAB-HCL024172122101/2024|EPI_ISL_19556698,2024-11-10,1.0
A/France/PAC-RELAB-HCL024172122101/2024|EPI_ISL_19556698,2024-11-11,1.0
A/France/PAC-RELAB-HCL024172122101/2024|EPI_ISL_19556698,2024-11-12,2.0
A/France/PAC-RELAB-HCL024172122101/2024|EPI_ISL_19556698,2024-11-14,3.0
A/France/PAC-RELAB-HCL024172122101/2024|EPI_ISL_19556698,2024-11-15,1.0
A/France/PAC-RELAB-HCL024172122101/2024|EPI_ISL_19556698,2024-11-16,1.0
A/France/PAC-RELAB-HCL024172122101/2024|EPI_ISL_19556698,2024-11-20,1.0
A/France/PAC-RELAB-HCL024172122101/2024|EPI_ISL_19556698,2024-11-22,1.0
A/France/PAC-RELAB-HCL024172122101/2024|EPI_ISL_19556698,2024-11-25,1.0
A/France/PAC-RELAB-HCL024172122101/2024|EPI_ISL_19556698,2024-11-27,1.0
A/France/PAC-RELAB-HCL024172122101/2024|EPI_ISL_19556698,2024-11-28,1.0
A/France/PAC-RELAB-HCL024172122101/2024|EPI_ISL_19556698,2024-11-29,1.0
A/France/PAC-RELAB-HCL024172122101/2024|EPI_ISL_19556698,2024-12-03,1.0
A/France/PAC-RELAB-HCL024172122101/2024|EPI_ISL_19556698,2024-12-05,1.0
A/France/PAC-RELAB-HCL024172122101/2024|EPI_ISL_19556698,2024-12-06,1.0
A/France/PAC-RELAB-HCL024172122101/2024|EPI_ISL_19556698,2024-12-08,1.0
A/France/PAC-RELAB-HCL024172122101/2024|EPI_ISL_19556698,2024-12-09,2.0
A/France/PAC-RELAB-HCL024172122101/2024|EPI_ISL_19556698,2024-12-10,1.0
A/France/PAC-RELAB-HCL024172122101/2024|EPI_ISL_19556698,2024-12-11,3.0
A/France/PAC-RELAB-HCL024172122101/2024|EPI_ISL_19556698,2024-12-12,2.0
A/France/PAC-RELAB-HCL024172122101/2024|EPI_ISL_19556698,2024-12-13,3.0
A/France/PAC-RELAB-HCL024172122101/2024|EPI_ISL_19556698,2024-12-15,1.0
A/France/PAC-RELAB-HCL024172122101/2024|EPI_ISL_19556698,2024-12-16,4.0
A/France/PAC-RELAB-HCL024172122101/2024|EPI_ISL_19556698,2024-12-17,3.0
A/France/PAC-RELAB-HCL024172122101/2024|EPI_ISL_19556698,2024-12-18,2.0
A/France/PAC-RELAB-HCL024172122101/2024|EPI_ISL_19556698,2024-12-19,1.0
A/France/PAC-RELAB-HCL024172122101/2024|EPI_ISL_19556698,2024-12-20,2.0
A/France/PAC-RELAB-HCL024172122101/2024|EPI_ISL_19556698,2024-12-21,1.0
A/France/PAC-RELAB-HCL024172122101/2024|EPI_ISL_19556698,2024-12-22,1.0
A/France/PAC-RELAB-HCL024172122101/2024|EPI_ISL_19556698,2024-12-23,1.0
A/France/PAC-RELAB-HCL024172122101/2024|EPI_ISL_19556698,2024-12-27,4.0
A/France/PAC-RELAB-HCL024172122101/2024|EPI_ISL_19556698,2024-12-28,2.0
A/France/PAC-RELAB-HCL024172122101/2024|EPI_ISL_19556698,2024-12-29,2.0
A/France/PAC-RELAB-HCL024172122101/2024|EPI_ISL_19556698,2024-12-30,9.0
A/France/PAC-RELAB-HCL024172122101/2024|EPI_ISL_19556698,2024-12-31,3.0
A/France/PAC-RELAB-HCL024172122101/2024|EPI_ISL_19556698,2025-01-01,2.0
A/France/PAC-RELAB-HCL024172122101/2024|EPI_ISL_19556698,2025-01-02,6.0
A/France/PAC-RELAB-HCL024172122101/2024|EPI_ISL_19556698,2025-01-03,6.0
A/France/PAC-RELAB-HCL024172122101/2024|EPI_ISL_19556698,2025-01-04,3.0
A/France/PAC-RELAB-HCL024172122101/2024|EPI_ISL_19556698,2025-01-05,3.0
A/France/PAC-RELAB-HCL024172122101/2024|EPI_ISL_19556698,2025-01-06,4.0
A/France/PAC-RELAB-HCL024172122101/2024|EPI_ISL_19556698,2025-01-07,5.0
A/France/PAC-RELAB-HCL024172122101/2024|EPI_ISL_19556698,2025-01-08,3.0
A/France/PAC-RELAB-HCL024172122101/2024|EPI_ISL_19556698,2025-01-09,2.0
A/France/PAC-RELAB-HCL024172122101/2024|EPI_ISL_19556698,2025-01-10,5.0
A/France/PAC-RELAB-HCL024172122101/2024|EPI_ISL_19556698,2025-01-11,1.0
A/France/PAC-RELAB-HCL024172122101/2024|EPI_ISL_19556698,2025-01-13,4.0
A/France/PAC-RELAB-HCL024172122101/2024|EPI_ISL_19556698,2025-01-14,2.0
A/France/PAC-RELAB-HCL024172122101/2024|EPI_ISL_19556698,2025-01-15,5.0
A/France/PAC-RELAB-HCL024172122101/2024|EPI_ISL_19556698,2025-01-16,5.0
A/France/PAC-RELAB-HCL024172122101/2024|EPI_ISL_19556698,2025-01-17,3.0
A/France/PAC-RELAB-HCL024172122101/2024|EPI_ISL_19556698,2025-01-18,2.0
A/France/PAC-RELAB-HCL024172122101/2024|EPI_ISL_19556698,2025-01-19,2.0
A/France/PAC-RELAB-HCL024172122101/2024|EPI_ISL_19556698,2025-01-20,3.0
A/France/PAC-RELAB-HCL024172122101/2024|EPI_ISL_19556698,2025-01-21,7.0
A/France/PAC-RELAB-HCL024172122101/2024|EPI_ISL_19556698,2025-01-22,4.0
A/France/PAC-RELAB-HCL024172122101/2024|EPI_ISL_19556698,2025-01-23,4.0
A/France/PAC-RELAB-HCL024172122101/2024|EPI_ISL_19556698,2025-01-24,4.0
A/France/PAC-RELAB-HCL024172122101/2024|EPI_ISL_19556698,2025-01-25,1.0
A/France/PAC-RELAB-HCL024172122101/2024|EPI_ISL_19556698,2025-01-26,1.0
A/France/PAC-RELAB-HCL024172122101/2024|EPI_ISL_19556698,2025-01-27,10.0
A/France/PAC-RELAB-HCL024172122101/2024|EPI_ISL_19556698,2025-01-28,5.0
A/France/PAC-RELAB-HCL024172122101/2024|EPI_ISL_19556698,2025-01-29,7.0
A/France/PAC-RELAB-HCL024172122101/2024|EPI_ISL_19556698,2025-01-30,3.0
A/France/PAC-RELAB-HCL024172122101/2024|EPI_ISL_19556698,2025-01-31,3.0
A/France/PAC-RELAB-HCL024172122101/2024|EPI_ISL_19556698,2025-02-01,3.0
A/France/PAC-RELAB-HCL024172122101/2024|EPI_ISL_19556698,2025-02-02,2.0
A/France/PAC-RELAB-HCL024172122101/2024|EPI_ISL_19556698,2025-02-03,2.0
A/France/PAC-RELAB-HCL024172122101/2024|EPI_ISL_19556698,2025-02-04,6.0
A/France/PAC-RELAB-HCL024172122101/2024|EPI_ISL_19556698,2025-02-05,5.0
A/France/PAC-RELAB-HCL024172122101/2024|EPI_ISL_19556698,2025-02-06,3.0
A/France/PAC-RELAB-HCL024172122101/2024|EPI_ISL_19556698,2025-02-07,1.0
A/France/PAC-RELAB-HCL024172122101/2024|EPI_ISL_19556698,2025-02-08,3.0
A/France/PAC-RELAB-HCL024172122101/2024|EPI_ISL_19556698,2025-02-10,4.0
A/France/PAC-RELAB-HCL024172122101/2024|EPI_ISL_19556698,2025-02-11,5.0
A/France/PAC-RELAB-HCL024172122101/2024|EPI_ISL_19556698,2025-02-13,3.0
A/France/PAC-RELAB-HCL024172122101/2024|EPI_ISL_19556698,2025-02-14,6.0
A/France/PAC-RELAB-HCL024172122101/2024|EPI_ISL_19556698,2025-02-15,1.0
A/France/PAC-RELAB-HCL024172122101/2024|EPI_ISL_19556698,2025-02-16,1.0
A/France/PAC-RELAB-HCL024172122101/2024|EPI_ISL_19556698,2025-02-17,7.0
A/France/PAC-RELAB-HCL024172122101/2024|EPI_ISL_19556698,2025-02-18,8.0
A/France/PAC-RELAB-HCL024172122101/2024|EPI_ISL_19556698,2025-02-19,4.0
A/France/PAC-RELAB-HCL024172122101/2024|EPI_ISL_19556698,2025-02-20,6.0
A/France/PAC-RELAB-HCL024172122101/2024|EPI_ISL_19556698,2025-02-21,1.0
A/France/PAC-RELAB-HCL024172122101/2024|EPI_ISL_19556698,2025-02-22,5.0
A/France/PAC-RELAB-HCL024172122101/2024|EPI_ISL_19556698,2025-02-23,1.0
A/France/PAC-RELAB-HCL024172122101/2024|EPI_ISL_19556698,2025-02-24,2.0
A/France/PAC-RELAB-HCL024172122101/2024|EPI_ISL_19556698,2025-02-25,5.0
A/France/PAC-RELAB-HCL024172122101/2024|EPI_ISL_19556698,2025-02-26,1.0
A/France/PAC-RELAB-HCL024172122101/2024|EPI_ISL_19556698,2025-02-27,3.0
A/France/PAC-RELAB-HCL024172122101/2024|EPI_ISL_19556698,2025-02-28,4.0
A/France/PAC-RELAB-HCL024172122101/2024|EPI_ISL_19556698,2025-03-02,1.0
A/France/PAC-RELAB-HCL024172122101/2024|EPI_ISL_19556698,2025-03-03,1.0
A/France/PAC-RELAB-HCL024172122101/2024|EPI_ISL_19556698,2025-03-04,2.0
A/France/PAC-RELAB-HCL024172122101/2024|EPI_ISL_19556698,2025-03-05,2.0
A/France/PAC-RELAB-HCL024172122101/2024|EPI_ISL_19556698,2025-03-06,2.0
A/France/PAC-RELAB-HCL024172122101/2024|EPI_ISL_19556698,2025-03-07,4.0
A/France/PAC-RELAB-HCL024172122101/2024|EPI_ISL_19556698,2025-03-08,2.0
A/France/PAC-RELAB-HCL024172122101/2024|EPI_ISL_19556698,2025-03-10,3.0
A/France/PAC-RELAB-HCL024172122101/2024|EPI_ISL_19556698,2025-03-11,5.0
A/France/PAC-RELAB-HCL024172122101/2024|EPI_ISL_19556698,2025-03-12,1.0
A/France/PAC-RELAB-HCL024172122101/2024|EPI_ISL_19556698,2025-03-13,1.0
A/France/PAC-RELAB-HCL024172122101/2024|EPI_ISL_19556698,2025-03-17,6.0
A/France/PAC-RELAB-HCL024172122101/2024|EPI_ISL_19556698,2025-03-18,2.0
A/France/PAC-RELAB-HCL024172122101/2024|EPI_ISL_19556698,2025-03-19,1.0
A/France/PAC-RELAB-HCL024172122101/2024|EPI_ISL_19556698,2025-03-20,1.0
A/France/PAC-RELAB-HCL024172122101/2024|EPI_ISL_19556698,2025-03-21,2.0
A/France/PAC-RELAB-HCL024172122101/2024|EPI_ISL_19556698,2025-03-24,3.0
A/France/PAC-RELAB-HCL024172122101/2024|EPI_ISL_19556698,2025-03-25,1.0
A/France/PAC-RELAB-HCL024172122101/2024|EPI_ISL_19556698,2025-03-27,1.0
A/France/PAC-RELAB-HCL024172122101/2024|EPI_ISL_19556698,2025-03-28,2.0
A/France/PAC-RELAB-HCL024172122101/2024|EPI_ISL_19556698,2025-03-31,1.0
A/France/PAC-RELAB-HCL024172122101/2024|EPI_ISL_19556698,2025-04-04,1.0
A/France/PAC-RELAB-HCL024172122101/2024|EPI_ISL_19556698,2025-04-10,3.0
A/France/PAC-RELAB-HCL024172122101/2024|EPI_ISL_19556698,2025-04-11,1.0
A/France/PAC-RELAB-HCL024172122101/2024|EPI_ISL_19556698,2025-04-14,2.0
A/France/PAC-RELAB-HCL024172122101/2024|EPI_ISL_19556698,2025-04-15,1.0
A/France/PAC-RELAB-HCL024172122101/2024|EPI_ISL_19556698,2025-04-18,1.0
A/France/PAC-RELAB-HCL024172122101/2024|EPI_ISL_19556698,2025-05-09,1.0
A/Ghana/FS-25-0256/2025|EPI_ISL_19762385,2024-11-28,1.0
A/Ghana/FS-25-0256/2025|EPI_ISL_19762385,2024-11-29,1.0
A/Ghana/FS-25-0256/2025|EPI_ISL_19762385,2024-12-05,1.0
A/Ghana/FS-25-0256/2025|EPI_ISL_19762385,2024-12-11,1.0
A/Ghana/FS-25-0256/2025|EPI_ISL_19762385,2024-12-16,1.0
A/Ghana/FS-25-0256/2025|EPI_ISL_19762385,2025-01-08,1.0
A/Ghana/FS-25-0256/2025|EPI_ISL_19762385,2025-01-21,1.0
A/India/Pune-NIV24_3439/2024|EPI_ISL_19705954,2024-12-24,1.0
A/Indiana/46/2024|EPI_ISL_19628119,2024-04-18,1.0
A/Indiana/46/2024|EPI_ISL_19628119,2024-04-20,1.0
A/Indiana/46/2024|EPI_ISL_19628119,2024-05-28,1.0
A/Indiana/46/2024|EPI_ISL_19628119,2024-06-18,1.0
A/Indiana/46/2024|EPI_ISL_19628119,2024-06-26,1.0
A/Indiana/46/2024|EPI_ISL_19628119,2024-07-01,1.0
A/Indiana/46/2024|EPI_ISL_19628119,2024-07-03,1.0
A/Indiana/46/2024|EPI_ISL_19628119,2024-07-07,2.0
A/Indiana/46/2024|EPI_ISL_19628119,2024-07-09,2.0
A/Indiana/46/2024|EPI_ISL_19628119,2024-07-10,4.0
A/Indiana/46/2024|EPI_ISL_19628119,2024-07-11,2.0
A/Indiana/46/2024|EPI_ISL_19628119,2024-07-13,1.0
A/Indiana/46/2024|EPI_ISL_19628119,2024-07-15,6.0
A/Indiana/46/2024|EPI_ISL_19628119,2024-07-16,1.0
A/Indiana/46/2024|EPI_ISL_19628119,2024-07-17,5.0
A/Indiana/46/2024|EPI_ISL_19628119,2024-07-18,1.0
A/Indiana/46/2024|EPI_ISL_19628119,2024-07-19,3.0
A/Indiana/46/2024|EPI_ISL_19628119,2024-07-20,1.0
A/Indiana/46/2024|EPI_ISL_19628119,2024-07-22,1.0
A/Indiana/46/2024|EPI_ISL_19628119,2024-07-23,1.0
A/Indiana/46/2024|EPI_ISL_19628119,2024-07-24,2.0
A/Indiana/46/2024|EPI_ISL_19628119,2024-07-25,1.0
A/Indiana/46/2024|EPI_ISL_19628119,2024-07-26,3.0
A/Indiana/46/2024|EPI_ISL_19628119,2024-07-28,3.0
A/Indiana/46/2024|EPI_ISL_19628119,2024-07-29,1.0
A/Indiana/46/2024|EPI_ISL_19628119,2024-07-30,3.0
A/Indiana/46/2024|EPI_ISL_19628119,2024-07-31,1.0
A/Indiana/46/2024|EPI_ISL_19628119,2024-08-01,7.0
A/Indiana/46/2024|EPI_ISL_19628119,2024-08-02,4.0
A/Indiana/46/2024|EPI_ISL_19628119,2024-08-03,1.0
A/Indiana/46/2024|EPI_ISL_19628119,2024-08-04,1.0
A/Indiana/46/2024|EPI_ISL_19628119,2024-08-05,7.0
A/Indiana/46/2024|EPI_ISL_19628119,2024-08-06,1.0
A/Indiana/46/2024|EPI_ISL_19628119,2024-08-07,6.0
A/Indiana/46/2024|EPI_ISL_19628119,2024-08-08,1.0
A/Indiana/46/2024|EPI_ISL_19628119,2024-08-09,2.0
A/Indiana/46/2024|EPI_ISL_19628119,2024-08-11,3.0
A/Indiana/46/2024|EPI_ISL_19628119,2024-08-12,12.0
A/Indiana/46/2024|EPI_ISL_19628119,2024-08-13,3.0
A/Indiana/46/2024|EPI_ISL_19628119,2024-08-14,3.0
A/Indiana/46/2024|EPI_ISL_19628119,2024-08-15,2.0
A/Indiana/46/2024|EPI_ISL_19628119,2024-08-16,2.0
A/Indiana/46/2024|EPI_ISL_19628119,2024-08-18,1.0
A/Indiana/46/2024|EPI_ISL_19628119,2024-08-19,7.0
A/Indiana/46/2024|EPI_ISL_19628119,2024-08-20,3.0
A/Indiana/46/2024|EPI_ISL_19628119,2024-08-21,4.0
A/Indiana/46/2024|EPI_ISL_19628119,2024-08-22,3.0
A/Indiana/46/2024|EPI_ISL_19628119,2024-08-23,3.0
A/Indiana/46/2024|EPI_ISL_19628119,2024-08-27,2.0
A/Indiana/46/2024|EPI_ISL_19628119,2024-08-29,5.0
A/Indiana/46/2024|EPI_ISL_19628119,2024-08-30,1.0
A/Indiana/46/2024|EPI_ISL_19628119,2024-08-31,1.0
A/Indiana/46/2024|EPI_ISL_19628119,2024-09-02,2.0
A/Indiana/46/2024|EPI_ISL_19628119,2024-09-03,1.0
A/Indiana/46/2024|EPI_ISL_19628119,2024-09-04,3.0
A/Indiana/46/2024|EPI_ISL_19628119,2024-09-05,2.0
A/Indiana/46/2024|EPI_ISL_19628119,2024-09-06,1.0
A/Indiana/46/2024|EPI_ISL_19628119,2024-09-07,3.0
A/Indiana/46/2024|EPI_ISL_19628119,2024-09-08,1.0
A/Indiana/46/2024|EPI_ISL_19628119,2024-09-10,1.0
A/Indiana/46/2024|EPI_ISL_19628119,2024-09-11,1.0
A/Indiana/46/2024|EPI_ISL_19628119,2024-09-15,2.0
A/Indiana/46/2024|EPI_ISL_19628119,2024-09-16,1.0
A/Indiana/46/2024|EPI_ISL_19628119,2024-09-17,1.0
A/Indiana/46/2024|EPI_ISL_19628119,2024-09-18,1.0
A/Indiana/46/2024|EPI_ISL_19628119,2024-09-20,1.0
A/Indiana/46/2024|EPI_ISL_19628119,2024-09-23,1.0
A/Indiana/46/2024|EPI_ISL_19628119,2024-09-25,1.0
A/Indiana/46/2024|EPI_ISL_19628119,2024-09-26,1.0
A/Indiana/46/2024|EPI_ISL_19628119,2024-09-27,1.0
A/Indiana/46/2024|EPI_ISL_19628119,2024-09-30,1.0
A/Indiana/46/2024|EPI_ISL_19628119,2024-10-01,2.0
A/Indiana/46/2024|EPI_ISL_19628119,2024-10-03,2.0
A/Indiana/46/2024|EPI_ISL_19628119,2024-10-04,2.0
A/Indiana/46/2024|EPI_ISL_19628119,2024-10-14,3.0
A/Indiana/46/2024|EPI_ISL_19628119,2024-10-18,2.0
A/Indiana/46/2024|EPI_ISL_19628119,2024-10-24,1.0
A/Indiana/46/2024|EPI_ISL_19628119,2024-10-27,1.0
A/Indiana/46/2024|EPI_ISL_19628119,2024-10-28,1.0
A/Indiana/46/2024|EPI_ISL_19628119,2024-10-30,2.0
A/Indiana/46/2024|EPI_ISL_19628119,2024-11-01,1.0
A/Indiana/46/2024|EPI_ISL_19628119,2024-11-03,1.0
A/Indiana/46/2024|EPI_ISL_19628119,2024-11-04,1.0
A/Indiana/46/2024|EPI_ISL_19628119,2024-11-06,1.0
A/Indiana/46/2024|EPI_ISL_19628119,2024-11-10,1.0
A/Indiana/46/2024|EPI_ISL_19628119,2024-11-12,1.0
A/Indiana/46/2024|EPI_ISL_19628119,2024-11-17,1.0
A/Indiana/46/2024|EPI_ISL_19628119,2024-11-19,2.0
A/Indiana/46/2024|EPI_ISL_19628119,2024-11-20,2.0
A/Indiana/46/2024|EPI_ISL_19628119,2024-11-23,1.0
A/Indiana/46/2024|EPI_ISL_19628119,2024-12-02,2.0
A/Indiana/46/2024|EPI_ISL_19628119,2024-12-03,1.0
A/Indiana/46/2024|EPI_ISL_19628119,2024-12-17,1.0
A/Indiana/46/2024|EPI_ISL_19628119,2024-12-18,2.0
A/Indiana/46/2024|EPI_ISL_19628119,2024-12-19,2.0
A/Indiana/46/2024|EPI_ISL_19628119,2024-12-20,2.0
A/Indiana/46/2024|EPI_ISL_19628119,2024-12-28,1.0
A/Indiana/46/2024|EPI_ISL_19628119,2025-01-02,1.0
A/Indiana/46/2024|EPI_ISL_19628119,2025-01-06,2.0
A/Indiana/46/2024|EPI_ISL_19628119,2025-01-07,1.0
A/Indiana/46/2024|EPI_ISL_19628119,2025-01-20,1.0
A/Indiana/46/2024|EPI_ISL_19628119,2025-01-22,1.0
A/Kentucky/57/2024|EPI_ISL_19628043,2024-04-18,0.5
A/Kentucky/57/2024|EPI_ISL_19628043,2024-04-24,0.5
A/Kentucky/57/2024|EPI_ISL_19628043,2024-04-26,0.5
A/Kentucky/57/2024|EPI_ISL_19628043,2024-04-29,0.5
A/Kentucky/57/2024|EPI_ISL_19628043,2024-05-02,0.5
A/Kentucky/57/2024|EPI_ISL_19628043,2024-05-03,0.5
A/Kentucky/57/2024|EPI_ISL_19628043,2024-05-05,0.5
A/Kentucky/57/2024|EPI_ISL_19628043,2024-05-08,0.5
A/Kentucky/57/2024|EPI_ISL_19628043,2024-05-22,1.0
A/Kentucky/57/2024|EPI_ISL_19628043,2024-05-24,0.5
A/Kentucky/57/2024|EPI_ISL_19628043,2024-05-27,0.5
A/Kentucky/57/2024|EPI_ISL_19628043,2024-05-28,0.5
A/Kentucky/57/2024|EPI_ISL_19628043,2024-05-29,0.5
A/Kentucky/57/2024|EPI_ISL_19628043,2024-06-01,1.0
A/Kentucky/57/2024|EPI_ISL_19628043,2024-06-02,0.5
A/Kentucky/57/2024|EPI_ISL_19628043,2024-06-06,0.5
A/Kentucky/57/2024|EPI_ISL_19628043,2024-06-12,0.5
A/Kentucky/57/2024|EPI_ISL_19628043,2024-06-22,0.5
A/Kentucky/57/2024|EPI_ISL_19628043,2024-07-03,1.0
A/Kentucky/57/2024|EPI_ISL_19628043,2024-07-08,0.5
A/Kentucky/57/2024|EPI_ISL_19628043,2024-07-18,0.5
A/Kentucky/57/2024|EPI_ISL_19628043,2024-08-01,0.5
A/Kentucky/57/2024|EPI_ISL_19628043,2024-08-20,0.5
A/Kentucky/57/2024|EPI_ISL_19628043,2024-09-03,0.5
A/Kentucky/57/2024|EPI_ISL_19628043,2024-09-05,0.5
A/Kentucky/57/2024|EPI_ISL_19628043,2024-09-20,0.5
A/Kentucky/57/2024|EPI_ISL_19628043,2024-09-24,0.5
A/Kentucky/57/2024|EPI_ISL_19628043,2024-10-03,0.5
A/Kentucky/57/2024|EPI_ISL_19628043,2024-10-25,0.5
A/Kentucky/57/2024|EPI_ISL_19628043,2024-10-28,0.5
A/Kentucky/57/2024|EPI_ISL_19628043,2024-10-31,0.5
A/Kentucky/57/2024|EPI_ISL_19628043,2024-11-01,0.5
A/Kentucky/57/2024|EPI_ISL_19628043,2024-11-02,0.5
A/Kentucky/57/2024|EPI_ISL_19628043,2024-11-04,1.0
A/Kentucky/57/2024|EPI_ISL_19628043,2024-11-06,0.5
A/Kentucky/57/2024|EPI_ISL_19628043,2024-11-08,0.5
A/Kentucky/57/2024|EPI_ISL_19628043,2024-11-09,0.5
A/Kentucky/57/2024|EPI_ISL_19628043,2024-11-10,2.0
A/Kentucky/57/2024|EPI_ISL_19628043,2024-11-11,1.0
A/Kentucky/57/2024|EPI_ISL_19628043,2024-11-12,1.0
A/Kentucky/57/2024|EPI_ISL_19628043,2024-11-14,1.0
A/Kentucky/57/2024|EPI_ISL_19628043,2024-11-17,0.5
A/Kentucky/57/2024|EPI_ISL_19628043,2024-11-20,0.5
A/Kentucky/57/2024|EPI_ISL_19628043,2024-11-23,1.0
A/Kentucky/57/2024|EPI_ISL_19628043,2024-11-24,1.0
A/Kentucky/57/2024|EPI_ISL_19628043,2024-11-25,1.0
A/Kentucky/57/2024|EPI_ISL_19628043,2024-11-26,1.0
A/Kentucky/57/2024|EPI_ISL_19628043,2024-11-28,1.0
A/Kentucky/57/2024|EPI_ISL_19628043,2024-11-29,2.0
A/Kentucky/57/2024|EPI_ISL_19628043,2024-11-30,1.0
A/Kentucky/57/2024|EPI_ISL_19628043,2024-12-01,4.0
A/Kentucky/57/2024|EPI_ISL_19628043,2024-12-02,2.0
A/Kentucky/57/2024|EPI_ISL_19628043,2024-12-03,0.5
A/Kentucky/57/2024|EPI_ISL_19628043,2024-12-04,1.5
A/Kentucky/57/2024|EPI_ISL_19628043,2024-12-05,1.5
A/Kentucky/57/2024|EPI_ISL_19628043,2024-12-06,1.0
A/Kentucky/57/2024|EPI_ISL_19628043,2024-12-07,0.5
A/Kentucky/57/2024|EPI_ISL_19628043,2024-12-08,2.0
A/Kentucky/57/2024|EPI_ISL_19628043,2024-12-09,2.0
A/Kentucky/57/2024|EPI_ISL_19628043,2024-12-10,2.5
A/Kentucky/57/2024|EPI_ISL_19628043,2024-12-11,2.0
A/Kentucky/57/2024|EPI_ISL_19628043,2024-12-12,2.0
A/Kentucky/57/2024|EPI_ISL_19628043,2024-12-13,2.0
A/Kentucky/57/2024|EPI_ISL_19628043,2024-12-14,0.5
A/Kentucky/57/2024|EPI_ISL_19628043,2024-12-15,2.5
A/Kentucky/57/2024|EPI_ISL_19628043,2024-12-16,4.5
A/Kentucky/57/2024|EPI_ISL_19628043,2024-12-17,3.0
A/Kentucky/57/2024|EPI_ISL_19628043,2024-12-18,1.0
A/Kentucky/57/2024|EPI_ISL_19628043,2024-12-19,1.0
A/Kentucky/57/2024|EPI_ISL_19628043,2024-12-20,0.5
A/Kentucky/57/2024|EPI_ISL_19628043,2024-12-21,1.0
A/Kentucky/57/2024|EPI_ISL_19628043,2024-12-22,0.5
A/Kentucky/57/2024|EPI_ISL_19628043,2024-12-23,1.5
A/Kentucky/57/2024|EPI_ISL_19628043,2024-12-24,2.0
A/Kentucky/57/2024|EPI_ISL_19628043,2024-12-25,1.0
A/Kentucky/57/2024|EPI_ISL_19628043,2024-12-26,3.5
A/Kentucky/57/2024|EPI_ISL_19628043,2024-12-27,2.5
A/Kentucky/57/2024|EPI_ISL_19628043,2024-12-28,2.0
A/Kentucky/57/2024|EPI_ISL_19628043,2024-12-29,2.0
A/Kentucky/57/2024|EPI_ISL_19628043,2024-12-30,3.0
A/Kentucky/57/2024|EPI_ISL_19628043,2024-12-31,3.0
A/Kentucky/57/2024|EPI_ISL_19628043,2025-01-01,1.5
A/Kentucky/57/2024|EPI_ISL_19628043,2025-01-02,1.5
A/Kentucky/57/2024|EPI_ISL_19628043,2025-01-03,2.5
A/Kentucky/57/2024|EPI_ISL_19628043,2025-01-04,1.0
A/Kentucky/57/2024|EPI_ISL_19628043,2025-01-05,2.5
A/Kentucky/57/2024|EPI_ISL_19628043,2025-01-06,1.5
A/Kentucky/57/2024|EPI_ISL_19628043,2025-01-07,1.5
A/Kentucky/57/2024|EPI_ISL_19628043,2025-01-08,2.0
A/Kentucky/57/2024|EPI_ISL_19628043,2025-01-09,2.0
A/Kentucky/57/2024|EPI_ISL_19628043,2025-01-10,2.5
A/Kentucky/57/2024|EPI_ISL_19628043,2025-01-11,1.5
A/Kentucky/57/2024|EPI_ISL_19628043,2025-01-12,1.5
A/Kentucky/57/2024|EPI_ISL_19628043,2025-01-13,2.5
A/Kentucky/57/2024|EPI_ISL_19628043,2025-01-14,1.5
A/Kentucky/57/2024|EPI_ISL_19628043,2025-01-15,3.5
A/Kentucky/57/2024|EPI_ISL_19628043,2025-01-16,3.0
A/Kentucky/57/2024|EPI_ISL_19628043,2025-01-17,1.0
A/Kentucky/57/2024|EPI_ISL_19628043,2025-01-18,0.5
A/Kentucky/57/2024|EPI_ISL_19628043,2025-01-19,2.0
A/Kentucky/57/2024|EPI_ISL_19628043,2025-01-20,5.5
A/Kentucky/57/2024|EPI_ISL_19628043,2025-01-21,3.5
A/Kentucky/57/2024|EPI_ISL_19628043,2025-01-22,4.0
A/Kentucky/57/2024|EPI_ISL_19628043,2025-01-23,2.5
A/Kentucky/57/2024|EPI_ISL_19628043,2025-01-24,2.5
A/Kentucky/57/2024|EPI_ISL_19628043,2025-01-25,1.0
A/Kentucky/57/2024|EPI_ISL_19628043,2025-01-26,1.5
A/Kentucky/57/2024|EPI_ISL_19628043,2025-01-27,5.0
A/Kentucky/57/2024|EPI_ISL_19628043,2025-01-28,4.5
A/Kentucky/57/2024|EPI_ISL_19628043,2025-01-29,4.0
A/Kentucky/57/2024|EPI_ISL_19628043,2025-01-30,3.5
A/Kentucky/57/2024|EPI_ISL_19628043,2025-01-31,2.5
A/Kentucky/57/2024|EPI_ISL_19628043,2025-02-01,3.0
A/Kentucky/57/2024|EPI_ISL_19628043,2025-02-02,2.5
A/Kentucky/57/2024|EPI_ISL_19628043,2025-02-03,6.0
A/Kentucky/57/2024|EPI_ISL_19628043,2025-02-04,3.5
A/Kentucky/57/2024|EPI_ISL_19628043,2025-02-05,4.0
A/Kentucky/57/2024|EPI_ISL_19628043,2025-02-06,3.5
A/Kentucky/57/2024|EPI_ISL_19628043,2025-02-07,4.0
A/Kentucky/57/2024|EPI_ISL_19628043,2025-02-08,4.5
A/Kentucky/57/2024|EPI_ISL_19628043,2025-02-09,3.0
A/Kentucky/57/2024|EPI_ISL_19628043,2025-02-10,2.0
A/Kentucky/57/2024|EPI_ISL_19628043,2025-02-11,6.5
A/Kentucky/57/2024|EPI_ISL_19628043,2025-02-12,1.5
A/Kentucky/57/2024|EPI_ISL_19628043,2025-02-13,2.0
A/Kentucky/57/2024|EPI_ISL_19628043,2025-02-14,2.5
A/Kentucky/57/2024|EPI_ISL_19628043,2025-02-15,2.5
A/Kentucky/57/2024|EPI_ISL_19628043,2025-02-16,5.5
A/Kentucky/57/2024|EPI_ISL_19628043,2025-02-17,3.5
A/Kentucky/57/2024|EPI_ISL_19628043,2025-02-18,6.5
A/Kentucky/57/2024|EPI_ISL_19628043,2025-02-19,3.5
A/Kentucky/57/2024|EPI_ISL_19628043,2025-02-20,1.5
A/Kentucky/57/2024|EPI_ISL_19628043,2025-02-21,4.5
A/Kentucky/57/2024|EPI_ISL_19628043,2025-02-22,0.5
A/Kentucky/57/2024|EPI_ISL_19628043,2025-02-23,2.0
A/Kentucky/57/2024|EPI_ISL_19628043,2025-02-24,5.0
A/Kentucky/57/2024|EPI_ISL_19628043,2025-02-25,3.5
A/Kentucky/57/2024|EPI_ISL_19628043,2025-02-26,3.5
A/Kentucky/57/2024|EPI_ISL_19628043,2025-02-27,2.5
A/Kentucky/57/2024|EPI_ISL_19628043,2025-02-28,2.0
A/Kentucky/57/2024|EPI_ISL_19628043,2025-03-01,1.5
A/Kentucky/57/2024|EPI_ISL_19628043,2025-03-02,2.0
A/Kentucky/57/2024|EPI_ISL_19628043,2025-03-03,3.5
A/Kentucky/57/2024|EPI_ISL_19628043,2025-03-04,2.5
A/Kentucky/57/2024|EPI_ISL_19628043,2025-03-05,1.0
A/Kentucky/57/2024|EPI_ISL_19628043,2025-03-06,5.0
A/Kentucky/57/2024|EPI_ISL_19628043,2025-03-07,2.0
A/Kentucky/57/2024|EPI_ISL_19628043,2025-03-08,1.0
A/Kentucky/57/2024|EPI_ISL_19628043,2025-03-09,2.0
A/Kentucky/57/2024|EPI_ISL_19628043,2025-03-10,3.0
A/Kentucky/57/2024|EPI_ISL_19628043,2025-03-11,6.5
A/Kentucky/57/2024|EPI_ISL_19628043,2025-03-12,2.5
A/Kentucky/57/2024|EPI_ISL_19628043,2025-03-13,4.0
A/Kentucky/57/2024|EPI_ISL_19628043,2025-03-14,1.5
A/Kentucky/57/2024|EPI_ISL_19628043,2025-03-15,0.5
A/Kentucky/57/2024|EPI_ISL_19628043,2025-03-16,2.0
A/Kentucky/57/2024|EPI_ISL_19628043,2025-03-17,1.0
A/Kentucky/57/2024|EPI_ISL_19628043,2025-03-18,2.5
A/Kentucky/57/2024|EPI_ISL_19628043,2025-03-19,2.5
A/Kentucky/57/2024|EPI_ISL_19628043,2025-03-20,2.5
A/Kentucky/57/2024|EPI_ISL_19628043,2025-03-21,2.5
A/Kentucky/57/2024|EPI_ISL_19628043,2025-03-23,1.0
A/Kentucky/57/2024|EPI_ISL_19628043,2025-03-25,1.5
A/Kentucky/57/2024|EPI_ISL_19628043,2025-03-26,2.0
A/Kentucky/57/2024|EPI_ISL_19628043,2025-03-29,0.5
A/Kentucky/57/2024|EPI_ISL_19628043,2025-03-30,0.5
A/Kentucky/57/2024|EPI_ISL_19628043,2025-03-31,1.5
A/Kentucky/57/2024|EPI_ISL_19628043,2025-04-01,0.5
A/Kentucky/57/2024|EPI_ISL_19628043,2025-04-02,1.5
A/Kentucky/57/2024|EPI_ISL_19628043,2025-04-04,1.0
A/Kentucky/57/2024|EPI_ISL_19628043,2025-04-05,1.0
A/Kentucky/57/2024|EPI_ISL_19628043,2025-04-06,2.0
A/Kentucky/57/2024|EPI_ISL_19628043,2025-04-07,0.5
A/Kentucky/57/2024|EPI_ISL_19628043,2025-04-08,1.0
A/Kentucky/57/2024|EPI_ISL_19628043,2025-04-09,0.5
A/Kentucky/57/2024|EPI_ISL_19628043,2025-04-10,0.5
A/Kentucky/57/2024|EPI_ISL_19628043,2025-04-11,1.5
A/Kentucky/57/2024|EPI_ISL_19628043,2025-04-12,1.0
A/Kentucky/57/2024|EPI_ISL_19628043,2025-04-13,0.5
A/Kentucky/57/2024|EPI_ISL_19628043,2025-04-16,0.5
A/Kentucky/57/2024|EPI_ISL_19628043,2025-04-17,0.5
A/Kentucky/57/2024|EPI_ISL_19628043,2025-04-19,0.5
A/Kentucky/57/2024|EPI_ISL_19628043,2025-04-20,0.5
A/Kentucky/57/2024|EPI_ISL_19628043,2025-04-21,0.5
A/Kentucky/57/2024|EPI_ISL_19628043,2025-04-22,0.5
A/Kentucky/57/2024|EPI_ISL_19628043,2025-04-23,0.5
A/Kentucky/57/2024|EPI_ISL_19628043,2025-04-25,0.5
A/Kentucky/57/2024|EPI_ISL_19628043,2025-05-01,0.5
A/Kentucky/57/2024|EPI_ISL_19628043,2025-05-02,1.0
A/Kentucky/57/2024|EPI_ISL_19628043,2025-06-25,0.5
A/Lisboa/216/2023|EPI_ISL_18913575,2024-04-18,1.0
A/Lisboa/216/2023|EPI_ISL_18913575,2024-05-03,1.0
A/Lisboa/216/2023|EPI_ISL_18913575,2024-05-07,1.0
A/Lisboa/216/2023|EPI_ISL_18913575,2024-06-03,1.0
A/Lisboa/216/2023|EPI_ISL_18913575,2024-06-07,1.0
A/Lisboa/216/2023|EPI_ISL_18913575,2024-06-14,2.0
A/Lisboa/216/2023|EPI_ISL_18913575,2024-06-19,1.0
A/Lisboa/216/2023|EPI_ISL_18913575,2024-06-25,1.0
A/Lisboa/216/2023|EPI_ISL_18913575,2024-06-27,1.0
A/Lisboa/216/2023|EPI_ISL_18913575,2024-06-28,1.0
A/Lisboa/216/2023|EPI_ISL_18913575,2024-07-03,1.0
A/Lisboa/216/2023|EPI_ISL_18913575,2024-07-10,1.0
A/Lisboa/216/2023|EPI_ISL_18913575,2024-07-15,1.0
A/Lisboa/216/2023|EPI_ISL_18913575,2024-08-04,1.0
A/Lisboa/216/2023|EPI_ISL_18913575,2025-03-14,1.0
A/Maldives/2147/2024|EPI_ISL_19727787,2024-04-19,2.0
A/Maldives/2147/2024|EPI_ISL_19727787,2024-04-23,1.0
A/Maldives/2147/2024|EPI_ISL_19727787,2024-04-24,3.0
A/Maldives/2147/2024|EPI_ISL_19727787,2024-04-26,4.0
A/Maldives/2147/2024|EPI_ISL_19727787,2024-04-29,4.0
A/Maldives/2147/2024|EPI_ISL_19727787,2024-05-08,3.0
A/Maldives/2147/2024|EPI_ISL_19727787,2024-05-09,2.0
A/Maldives/2147/2024|EPI_ISL_19727787,2024-05-10,2.0
A/Maldives/2147/2024|EPI_ISL_19727787,2024-05-11,1.0
A/Maldives/2147/2024|EPI_ISL_19727787,2024-05-13,1.0
A/Maldives/2147/2024|EPI_ISL_19727787,2024-05-14,1.0
A/Maldives/2147/2024|EPI_ISL_19727787,2024-05-15,2.0
A/Maldives/2147/2024|EPI_ISL_19727787,2024-05-17,1.0
A/Maldives/2147/2024|EPI_ISL_19727787,2024-05-22,1.0
A/Maldives/2147/2024|EPI_ISL_19727787,2024-05-25,1.0
A/Maldives/2147/2024|EPI_ISL_19727787,2024-05-29,3.0
A/Maldives/2147/2024|EPI_ISL_19727787,2024-05-30,1.0
A/Maldives/2147/2024|EPI_ISL_19727787,2024-06-01,1.0
A/Maldives/2147/2024|EPI_ISL_19727787,2024-06-03,1.0
A/Maldives/2147/2024|EPI_ISL_19727787,2024-06-06,1.0
A/Maldives/2147/2024|EPI_ISL_19727787,2024-06-09,1.0
A/Maldives/2147/2024|EPI_ISL_19727787,2024-06-10,1.0
A/Maldives/2147/2024|EPI_ISL_19727787,2024-06-11,1.0
A/Maldives/2147/2024|EPI_ISL_19727787,2024-06-13,1.0
A/Maldives/2147/2024|EPI_ISL_19727787,2024-06-17,1.0
A/Maldives/2147/2024|EPI_ISL_19727787,2024-06-21,1.0
A/Maldives/2147/2024|EPI_ISL_19727787,2024-06-24,2.0
A/Maldives/2147/2024|EPI_ISL_19727787,2024-06-25,1.0
A/Maldives/2147/2024|EPI_ISL_19727787,2024-06-26,1.0
A/Maldives/2147/2024|EPI_ISL_19727787,2024-06-27,2.0
A/Maldives/2147/2024|EPI_ISL_19727787,2024-06-28,1.0
A/Maldives/2147/2024|EPI_ISL_19727787,2024-06-30,2.0
A/Maldives/2147/2024|EPI_ISL_19727787,2024-07-01,2.0
A/Maldives/2147/2024|EPI_ISL_19727787,2024-07-03,1.0
A/Maldives/2147/2024|EPI_ISL_19727787,2024-07-04,1.0
A/Maldives/2147/2024|EPI_ISL_19727787,2024-07-05,2.0
A/Maldives/2147/2024|EPI_ISL_19727787,2024-07-10,1.0
A/Maldives/2147/2024|EPI_ISL_19727787,2024-07-12,3.0
A/Maldives/2147/2024|EPI_ISL_19727787,2024-07-13,1.0
A/Maldives/2147/2024|EPI_ISL_19727787,2024-07-14,2.0
A/Maldives/2147/2024|EPI_ISL_19727787,2024-07-15,2.0
A/Maldives/2147/2024|EPI_ISL_19727787,2024-07-18,1.0
A/Maldives/2147/2024|EPI_ISL_19727787,2024-07-19,1.0
A/Maldives/2147/2024|EPI_ISL_19727787,2024-07-21,1.0
A/Maldives/2147/2024|EPI_ISL_19727787,2024-07-24,1.0
A/Maldives/2147/2024|EPI_ISL_19727787,2024-07-26,1.0
A/Maldives/2147/2024|EPI_ISL_19727787,2024-07-30,3.0
A/Maldives/2147/2024|EPI_ISL_19727787,2024-07-31,1.0
A/Maldives/2147/2024|EPI_ISL_19727787,2024-08-04,1.0
A/Maldives/2147/2024|EPI_ISL_19727787,2024-08-08,1.0
A/Maldives/2147/2024|EPI_ISL_19727787,2024-08-09,2.0
A/Maldives/2147/2024|EPI_ISL_19727787,2024-08-11,1.0
A/Maldives/2147/2024|EPI_ISL_19727787,2024-08-12,1.0
A/Maldives/2147/2024|EPI_ISL_19727787,2024-08-13,1.0
A/Maldives/2147/2024|EPI_ISL_19727787,2024-08-15,1.0
A/Maldives/2147/2024|EPI_ISL_19727787,2024-09-01,1.0
A/Maldives/2147/2024|EPI_ISL_19727787,2024-09-08,1.0
A/Maldives/2147/2024|EPI_ISL_19727787,2024-09-17,1.0
A/Maldives/2147/2024|EPI_ISL_19727787,2024-10-02,1.0
A/Maldives/2147/2024|EPI_ISL_19727787,2024-10-08,1.0
A/Maldives/2147/2024|EPI_ISL_19727787,2024-10-09,1.0
A/Maldives/2147/2024|EPI_ISL_19727787,2024-10-16,2.0
A/Maldives/2147/2024|EPI_ISL_19727787,2024-10-17,1.0
A/Maldives/2147/2024|EPI_ISL_19727787,2024-10-20,1.0
A/Maldives/2147/2024|EPI_ISL_19727787,2024-10-28,1.0
A/Maldives/2147/2024|EPI_ISL_19727787,2024-11-04,2.0
A/Maldives/2147/2024|EPI_ISL_19727787,2024-11-08,1.0
A/Maldives/2147/2024|EPI_ISL_19727787,2024-12-02,1.0
A/Maldives/2147/2024|EPI_ISL_19727787,2024-12-17,1.0
A/Maldives/2147/2024|EPI_ISL_19727787,2024-12-24,1.0
A/Maldives/2147/2024|EPI_ISL_19727787,2024-12-26,1.0
A/Maldives/2147/2024|EPI_ISL_19727787,2024-12-28,1.0
A/Maldives/2147/2024|EPI_ISL_19727787,2025-01-06,2.0
A/Maldives/2147/2024|EPI_ISL_19727787,2025-01-16,1.0
A/Maldives/2147/2024|EPI_ISL_19727787,2025-01-17,1.0
A/Maldives/2147/2024|EPI_ISL_19727787,2025-01-19,1.0
A/Maldives/2147/2024|EPI_ISL_19727787,2025-01-28,1.0
A/Maldives/2147/2024|EPI_ISL_19727787,2025-01-29,1.0
A/Maldives/2147/2024|EPI_ISL_19727787,2025-02-06,1.0
A/Maldives/2186/2024|EPI_ISL_19727752,2024-04-21,1.0
A/Maldives/2186/2024|EPI_ISL_19727752,2024-06-02,1.0
A/Maldives/2186/2024|EPI_ISL_19727752,2024-08-23,1.0
A/Maldives/2186/2024|EPI_ISL_19727752,2024-08-29,1.0
A/Maldives/2186/2024|EPI_ISL_19727752,2024-09-28,1.0
A/Maldives/2186/2024|EPI_ISL_19727752,2024-09-30,1.0
A/Maldives/2186/2024|EPI_ISL_19727752,2024-10-04,1.0
A/Maldives/2186/2024|EPI_ISL_19727752,2024-10-05,2.0
A/Maldives/2186/2024|EPI_ISL_19727752,2024-10-08,1.0
A/Maldives/2186/2024|EPI_ISL_19727752,2024-10-11,1.0
A/Maldives/2186/2024|EPI_ISL_19727752,2024-10-16,1.0
A/Maldives/2186/2024|EPI_ISL_19727752,2024-10-19,1.0
A/Maldives/2186/2024|EPI_ISL_19727752,2024-10-23,1.0
A/Maldives/2186/2024|EPI_ISL_19727752,2024-10-30,1.0
A/Maldives/2186/2024|EPI_ISL_19727752,2024-11-11,1.0
A/Maldives/2186/2024|EPI_ISL_19727752,2024-11-15,1.0
A/Maldives/2186/2024|EPI_ISL_19727752,2024-11-18,1.0
A/Maldives/2186/2024|EPI_ISL_19727752,2024-11-20,1.0
A/Maldives/2186/2024|EPI_ISL_19727752,2024-11-21,1.0
A/Maldives/2186/2024|EPI_ISL_19727752,2024-11-26,1.0
A/Maldives/2186/2024|EPI_ISL_19727752,2025-03-24,1.0
A/Manitoba/RV04865/2024|EPI_ISL_19565836,2024-05-07,1.0
A/Manitoba/RV04865/2024|EPI_ISL_19565836,2024-05-28,2.0
A/Manitoba/RV04865/2024|EPI_ISL_19565836,2024-05-30,2.0
A/Manitoba/RV04865/2024|EPI_ISL_19565836,2024-06-03,2.0
A/Manitoba/RV04865/2024|EPI_ISL_19565836,2024-06-06,1.0
A/Manitoba/RV04865/2024|EPI_ISL_19565836,2024-06-07,1.0
A/Manitoba/RV04865/2024|EPI_ISL_19565836,2024-06-12,2.0
A/Manitoba/RV04865/2024|EPI_ISL_19565836,2024-06-15,1.0
A/Manitoba/RV04865/2024|EPI_ISL_19565836,2024-06-17,1.0
A/Manitoba/RV04865/2024|EPI_ISL_19565836,2024-06-18,1.0
A/Manitoba/RV04865/2024|EPI_ISL_19565836,2024-06-19,1.0
A/Manitoba/RV04865/2024|EPI_ISL_19565836,2024-06-20,1.0
A/Manitoba/RV04865/2024|EPI_ISL_19565836,2024-06-21,1.0
A/Manitoba/RV04865/2024|EPI_ISL_19565836,2024-06-22,1.0
A/Manitoba/RV04865/2024|EPI_ISL_19565836,2024-06-25,1.0
A/Manitoba/RV04865/2024|EPI_ISL_19565836,2024-06-28,3.0
A/Manitoba/RV04865/2024|EPI_ISL_19565836,2024-06-29,2.0
A/Manitoba/RV04865/2024|EPI_ISL_19565836,2024-07-02,3.0
A/Manitoba/RV04865/2024|EPI_ISL_19565836,2024-07-04,2.0
A/Manitoba/RV04865/2024|EPI_ISL_19565836,2024-07-05,2.0
A/Manitoba/RV04865/2024|EPI_ISL_19565836,2024-07-06,1.0
A/Manitoba/RV04865/2024|EPI_ISL_19565836,2024-07-07,3.0
A/Manitoba/RV04865/2024|EPI_ISL_19565836,2024-07-08,7.0
A/Manitoba/RV04865/2024|EPI_ISL_19565836,2024-07-09,3.0
A/Manitoba/RV04865/2024|EPI_ISL_19565836,2024-07-10,3.0
A/Manitoba/RV04865/2024|EPI_ISL_19565836,2024-07-12,1.0
A/Manitoba/RV04865/2024|EPI_ISL_19565836,2024-07-13,1.0
A/Manitoba/RV04865/2024|EPI_ISL_19565836,2024-07-18,1.0
A/Manitoba/RV04865/2024|EPI_ISL_19565836,2024-07-20,1.0
A/Manitoba/RV04865/2024|EPI_ISL_19565836,2024-07-21,1.0
A/Manitoba/RV04865/2024|EPI_ISL_19565836,2024-07-23,1.0
A/Manitoba/RV04865/2024|EPI_ISL_19565836,2024-07-24,2.0
A/Manitoba/RV04865/2024|EPI_ISL_19565836,2024-07-25,2.0
A/Manitoba/RV04865/2024|EPI_ISL_19565836,2024-07-27,1.0
A/Manitoba/RV04865/2024|EPI_ISL_19565836,2024-07-28,1.0
A/Manitoba/RV04865/2024|EPI_ISL_19565836,2024-07-30,1.0
A/Manitoba/RV04865/2024|EPI_ISL_19565836,2024-07-31,2.0
A/Manitoba/RV04865/2024|EPI_ISL_19565836,2024-08-01,2.0
A/Manitoba/RV04865/2024|EPI_ISL_19565836,2024-08-02,1.0
A/Manitoba/RV04865/2024|EPI_ISL_19565836,2024-08-06,1.0
A/Manitoba/RV04865/2024|EPI_ISL_19565836,2024-08-07,2.0
A/Manitoba/RV04865/2024|EPI_ISL_19565836,2024-08-08,1.0
A/Manitoba/RV04865/2024|EPI_ISL_19565836,2024-08-09,1.0
A/Manitoba/RV04865/2024|EPI_ISL_19565836,2024-08-12,1.0
A/Manitoba/RV04865/2024|EPI_ISL_19565836,2024-08-13,2.0
A/Manitoba/RV04865/2024|EPI_ISL_19565836,2024-08-14,1.0
A/Manitoba/RV04865/2024|EPI_ISL_19565836,2024-08-19,1.0
A/Manitoba/RV04865/2024|EPI_ISL_19565836,2024-08-21,2.0
A/Manitoba/RV04865/2024|EPI_ISL_19565836,2024-08-27,1.0
A/Manitoba/RV04865/2024|EPI_ISL_19565836,2024-08-28,1.0
A/Manitoba/RV04865/2024|EPI_ISL_19565836,2024-08-30,1.0
A/Manitoba/RV04865/2024|EPI_ISL_19565836,2024-08-31,1.0
A/Manitoba/RV04865/2024|EPI_ISL_19565836,2024-09-02,4.0
A/Manitoba/RV04865/2024|EPI_ISL_19565836,2024-09-03,2.0
A/Manitoba/RV04865/2024|EPI_ISL_19565836,2024-09-04,1.0
A/Manitoba/RV04865/2024|EPI_ISL_19565836,2024-09-06,1.0
A/Manitoba/RV04865/2024|EPI_ISL_19565836,2024-09-11,1.0
A/Manitoba/RV04865/2024|EPI_ISL_19565836,2024-09-12,1.0
A/Manitoba/RV04865/2024|EPI_ISL_19565836,2024-09-13,2.0
A/Manitoba/RV04865/2024|EPI_ISL_19565836,2024-09-16,1.0
A/Manitoba/RV04865/2024|EPI_ISL_19565836,2024-09-18,1.0
A/Manitoba/RV04865/2024|EPI_ISL_19565836,2024-09-19,2.0
A/Manitoba/RV04865/2024|EPI_ISL_19565836,2024-09-30,1.0
A/Manitoba/RV04865/2024|EPI_ISL_19565836,2024-10-02,2.0
A/Manitoba/RV04865/2024|EPI_ISL_19565836,2024-10-20,1.0
A/Manitoba/RV04865/2024|EPI_ISL_19565836,2024-10-23,1.0
A/Manitoba/RV04865/2024|EPI_ISL_19565836,2024-10-24,1.0
A/Manitoba/RV04865/2024|EPI_ISL_19565836,2024-10-25,2.0
A/Manitoba/RV04865/2024|EPI_ISL_19565836,2024-10-26,1.0
A/Manitoba/RV04865/2024|EPI_ISL_19565836,2024-10-27,1.0
A/Manitoba/RV04865/2024|EPI_ISL_19565836,2024-10-29,1.0
A/Manitoba/RV04865/2024|EPI_ISL_19565836,2024-11-01,1.0
A/Manitoba/RV04865/2024|EPI_ISL_19565836,2024-11-02,1.0
A/Manitoba/RV04865/2024|EPI_ISL_19565836,2024-11-04,1.0
A/Manitoba/RV04865/2024|EPI_ISL_19565836,2024-11-05,1.0
A/Manitoba/RV04865/2024|EPI_ISL_19565836,2024-11-06,1.0
A/Manitoba/RV04865/2024|EPI_ISL_19565836,2024-11-14,1.0
A/Manitoba/RV04865/2024|EPI_ISL_19565836,2024-11-17,1.0
A/Manitoba/RV04865/2024|EPI_ISL_19565836,2024-11-18,1.0
A/Manitoba/RV04865/2024|EPI_ISL_19565836,2024-11-19,1.0
A/Manitoba/RV04865/2024|EPI_ISL_19565836,2024-11-21,1.0
A/Manitoba/RV04865/2024|EPI_ISL_19565836,2024-11-22,1.0
A/Manitoba/RV04865/2024|EPI_ISL_19565836,2024-11-23,2.0
A/Manitoba/RV04865/2024|EPI_ISL_19565836,2024-11-26,1.0
A/Manitoba/RV04865/2024|EPI_ISL_19565836,2024-11-29,1.0
A/Manitoba/RV04865/2024|EPI_ISL_19565836,2024-11-30,1.0
A/Manitoba/RV04865/2024|EPI_ISL_19565836,2024-12-01,2.0
A/Manitoba/RV04865/2024|EPI_ISL_19565836,2024-12-02,1.0
A/Manitoba/RV04865/2024|EPI_ISL_19565836,2024-12-04,2.0
A/Manitoba/RV04865/2024|EPI_ISL_19565836,2024-12-05,1.0
A/Manitoba/RV04865/2024|EPI_ISL_19565836,2024-12-10,1.0
A/Manitoba/RV04865/2024|EPI_ISL_19565836,2024-12-11,2.0
A/Manitoba/RV04865/2024|EPI_ISL_19565836,2024-12-12,1.0
A/Manitoba/RV04865/2024|EPI_ISL_19565836,2024-12-15,1.0
A/Manitoba/RV04865/2024|EPI_ISL_19565836,2024-12-16,1.0
A/Manitoba/RV04865/2024|EPI_ISL_19565836,2024-12-18,1.0
A/Manitoba/RV04865/2024|EPI_ISL_19565836,2024-12-19,1.0
A/Manitoba/RV04865/2024|EPI_ISL_19565836,2024-12-21,1.0
A/Manitoba/RV04865/2024|EPI_ISL_19565836,2024-12-23,1.0
A/Manitoba/RV04865/2024|EPI_ISL_19565836,2024-12-27,3.0
A/Manitoba/RV04865/2024|EPI_ISL_19565836,2024-12-29,1.0
A/Manitoba/RV04865/2024|EPI_ISL_19565836,2024-12-30,1.0
A/Manitoba/RV04865/2024|EPI_ISL_19565836,2024-12-31,2.0
A/Manitoba/RV04865/2024|EPI_ISL_19565836,2025-01-01,2.0
A/Manitoba/RV04865/2024|EPI_ISL_19565836,2025-01-02,1.0
A/Manitoba/RV04865/2024|EPI_ISL_19565836,2025-01-03,5.0
A/Manitoba/RV04865/2024|EPI_ISL_19565836,2025-01-04,1.0
A/Manitoba/RV04865/2024|EPI_ISL_19565836,2025-01-05,6.0
A/Manitoba/RV04865/2024|EPI_ISL_19565836,2025-01-06,3.0
A/Manitoba/RV04865/2024|EPI_ISL_19565836,2025-01-07,6.0
A/Manitoba/RV04865/2024|EPI_ISL_19565836,2025-01-08,2.0
A/Manitoba/RV04865/2024|EPI_ISL_19565836,2025-01-09,1.0
A/Manitoba/RV04865/2024|EPI_ISL_19565836,2025-01-11,1.0
A/Manitoba/RV04865/2024|EPI_ISL_19565836,2025-01-12,1.0
A/Manitoba/RV04865/2024|EPI_ISL_19565836,2025-01-13,1.0
A/Manitoba/RV04865/2024|EPI_ISL_19565836,2025-01-14,2.0
A/Manitoba/RV04865/2024|EPI_ISL_19565836,2025-01-15,2.0
A/Manitoba/RV04865/2024|EPI_ISL_19565836,2025-01-16,1.0
A/Manitoba/RV04865/2024|EPI_ISL_19565836,2025-01-17,1.0
A/Manitoba/RV04865/2024|EPI_ISL_19565836,2025-01-18,1.0
A/Manitoba/RV04865/2024|EPI_ISL_19565836,2025-01-23,1.0
A/Manitoba/RV04865/2024|EPI_ISL_19565836,2025-01-25,1.0
A/Manitoba/RV04865/2024|EPI_ISL_19565836,2025-01-28,1.0
A/Manitoba/RV04865/2024|EPI_ISL_19565836,2025-01-30,1.0
A/Manitoba/RV04865/2024|EPI_ISL_19565836,2025-01-31,1.0
A/Manitoba/RV04865/2024|EPI_ISL_19565836,2025-02-03,1.0
A/Manitoba/RV04865/2024|EPI_ISL_19565836,2025-02-05,1.0
A/Manitoba/RV04865/2024|EPI_ISL_19565836,2025-02-06,1.0
A/Manitoba/RV04865/2024|EPI_ISL_19565836,2025-02-07,1.0
A/Manitoba/RV04865/2024|EPI_ISL_19565836,2025-02-11,1.0
A/Manitoba/RV04865/2024|EPI_ISL_19565836,2025-02-16,2.0
A/Manitoba/RV04865/2024|EPI_ISL_19565836,2025-02-17,1.0
A/Manitoba/RV04865/2024|EPI_ISL_19565836,2025-02-18,1.0
A/Manitoba/RV04865/2024|EPI_ISL_19565836,2025-02-19,1.0
A/Manitoba/RV04865/2024|EPI_ISL_19565836,2025-02-24,1.0
A/Manitoba/RV04865/2024|EPI_ISL_19565836,2025-02-26,1.0
A/Manitoba/RV04865/2024|EPI_ISL_19565836,2025-02-27,1.0
A/Manitoba/RV04865/2024|EPI_ISL_19565836,2025-03-06,1.0
A/Manitoba/RV04865/2024|EPI_ISL_19565836,2025-03-07,1.0
A/Manitoba/RV04865/2024|EPI_ISL_19565836,2025-03-12,2.0
A/Manitoba/RV04865/2024|EPI_ISL_19565836,2025-03-19,1.0
A/Manitoba/RV04865/2024|EPI_ISL_19565836,2025-03-21,1.0
A/Manitoba/RV04865/2024|EPI_ISL_19565836,2025-03-25,1.0
A/Manitoba/RV04865/2024|EPI_ISL_19565836,2025-04-21,1.0
A/Manitoba/RV04865/2024|EPI_ISL_19565836,2025-04-22,1.0
A/Manitoba/RV04865/2024|EPI_ISL_19565836,2025-05-08,1.0
A/Manitoba/RV04865/2024|EPI_ISL_19565836,2025-07-03,1.0
A/Massachusetts/93/2024|EPI_ISL_19646975,2024-04-24,1.0
A/Massachusetts/93/2024|EPI_ISL_19646975,2024-04-30,1.0
A/Massachusetts/93/2024|EPI_ISL_19646975,2024-05-01,1.0
A/Massachusetts/93/2024|EPI_ISL_19646975,2024-05-06,2.0
A/Massachusetts/93/2024|EPI_ISL_19646975,2024-05-09,2.0
A/Massachusetts/93/2024|EPI_ISL_19646975,2024-05-10,2.0
A/Massachusetts/93/2024|EPI_ISL_19646975,2024-05-12,1.0
A/Massachusetts/93/2024|EPI_ISL_19646975,2024-05-13,5.0
A/Massachusetts/93/2024|EPI_ISL_19646975,2024-05-16,1.0
A/Massachusetts/93/2024|EPI_ISL_19646975,2024-05-19,3.0
A/Massachusetts/93/2024|EPI_ISL_19646975,2024-05-20,5.0
A/Massachusetts/93/2024|EPI_ISL_19646975,2024-05-21,1.0
A/Massachusetts/93/2024|EPI_ISL_19646975,2024-05-22,2.0
A/Massachusetts/93/2024|EPI_ISL_19646975,2024-05-23,7.0
A/Massachusetts/93/2024|EPI_ISL_19646975,2024-05-24,2.0
A/Massachusetts/93/2024|EPI_ISL_19646975,2024-05-26,2.0
A/Massachusetts/93/2024|EPI_ISL_19646975,2024-05-27,1.0
A/Massachusetts/93/2024|EPI_ISL_19646975,2024-05-28,3.0
A/Massachusetts/93/2024|EPI_ISL_19646975,2024-05-29,1.0
A/Massachusetts/93/2024|EPI_ISL_19646975,2024-05-31,3.0
A/Massachusetts/93/2024|EPI_ISL_19646975,2024-06-01,1.0
A/Massachusetts/93/2024|EPI_ISL_19646975,2024-06-02,2.0
A/Massachusetts/93/2024|EPI_ISL_19646975,2024-06-03,1.0
A/Massachusetts/93/2024|EPI_ISL_19646975,2024-06-04,6.0
A/Massachusetts/93/2024|EPI_ISL_19646975,2024-06-05,4.0
A/Massachusetts/93/2024|EPI_ISL_19646975,2024-06-06,5.0
A/Massachusetts/93/2024|EPI_ISL_19646975,2024-06-07,2.0
A/Massachusetts/93/2024|EPI_ISL_19646975,2024-06-08,4.0
A/Massachusetts/93/2024|EPI_ISL_19646975,2024-06-09,4.0
A/Massachusetts/93/2024|EPI_ISL_19646975,2024-06-11,8.0
A/Massachusetts/93/2024|EPI_ISL_19646975,2024-06-12,6.0
A/Massachusetts/93/2024|EPI_ISL_19646975,2024-06-13,3.0
A/Massachusetts/93/2024|EPI_ISL_19646975,2024-06-14,3.0
A/Massachusetts/93/2024|EPI_ISL_19646975,2024-06-15,4.0
A/Massachusetts/93/2024|EPI_ISL_19646975,2024-06-16,2.0
A/Massachusetts/93/2024|EPI_ISL_19646975,2024-06-17,4.0
A/Massachusetts/93/2024|EPI_ISL_19646975,2024-06-18,5.0
A/Massachusetts/93/2024|EPI_ISL_19646975,2024-06-19,2.0
A/Massachusetts/93/2024|EPI_ISL_19646975,2024-06-20,6.0
A/Massachusetts/93/2024|EPI_ISL_19646975,2024-06-21,5.0
A/Massachusetts/93/2024|EPI_ISL_19646975,2024-06-22,4.0
A/Massachusetts/93/2024|EPI_ISL_19646975,2024-06-23,3.0
A/Massachusetts/93/2024|EPI_ISL_19646975,2024-06-24,1.0
A/Massachusetts/93/2024|EPI_ISL_19646975,2024-06-25,3.0
A/Massachusetts/93/2024|EPI_ISL_19646975,2024-06-26,2.0
A/Massachusetts/93/2024|EPI_ISL_19646975,2024-06-28,3.0
A/Massachusetts/93/2024|EPI_ISL_19646975,2024-06-29,2.0
A/Massachusetts/93/2024|EPI_ISL_19646975,2024-06-30,2.0
A/Massachusetts/93/2024|EPI_ISL_19646975,2024-07-01,5.0
A/Massachusetts/93/2024|EPI_ISL_19646975,2024-07-02,1.0
A/Massachusetts/93/2024|EPI_ISL_19646975,2024-07-03,2.0
A/Massachusetts/93/2024|EPI_ISL_19646975,2024-07-04,1.0
A/Massachusetts/93/2024|EPI_ISL_19646975,2024-07-05,3.0
A/Massachusetts/93/2024|EPI_ISL_19646975,2024-07-06,1.0
A/Massachusetts/93/2024|EPI_ISL_19646975,2024-07-07,3.0
A/Massachusetts/93/2024|EPI_ISL_19646975,2024-07-08,3.0
A/Massachusetts/93/2024|EPI_ISL_19646975,2024-07-10,5.0
A/Massachusetts/93/2024|EPI_ISL_19646975,2024-07-11,3.0
A/Massachusetts/93/2024|EPI_ISL_19646975,2024-07-12,2.0
A/Massachusetts/93/2024|EPI_ISL_19646975,2024-07-13,1.0
A/Massachusetts/93/2024|EPI_ISL_19646975,2024-07-14,2.0
A/Massachusetts/93/2024|EPI_ISL_19646975,2024-07-15,3.0
A/Massachusetts/93/2024|EPI_ISL_19646975,2024-07-16,5.0
A/Massachusetts/93/2024|EPI_ISL_19646975,2024-07-18,4.0
A/Massachusetts/93/2024|EPI_ISL_19646975,2024-07-19,3.0
A/Massachusetts/93/2024|EPI_ISL_19646975,2024-07-20,1.0
A/Massachusetts/93/2024|EPI_ISL_19646975,2024-07-21,1.0
A/Massachusetts/93/2024|EPI_ISL_19646975,2024-07-22,4.0
A/Massachusetts/93/2024|EPI_ISL_19646975,2024-07-23,4.0
A/Massachusetts/93/2024|EPI_ISL_19646975,2024-07-24,1.0
A/Massachusetts/93/2024|EPI_ISL_19646975,2024-07-25,3.0
A/Massachusetts/93/2024|EPI_ISL_19646975,2024-07-26,5.0
A/Massachusetts/93/2024|EPI_ISL_19646975,2024-07-28,4.0
A/Massachusetts/93/2024|EPI_ISL_19646975,2024-07-29,2.0
A/Massachusetts/93/2024|EPI_ISL_19646975,2024-07-30,4.0
A/Massachusetts/93/2024|EPI_ISL_19646975,2024-07-31,3.0
A/Massachusetts/93/2024|EPI_ISL_19646975,2024-08-01,6.0
A/Massachusetts/93/2024|EPI_ISL_19646975,2024-08-02,2.0
A/Massachusetts/93/2024|EPI_ISL_19646975,2024-08-03,1.0
A/Massachusetts/93/2024|EPI_ISL_19646975,2024-08-05,4.0
A/Massachusetts/93/2024|EPI_ISL_19646975,2024-08-06,2.0
A/Massachusetts/93/2024|EPI_ISL_19646975,2024-08-07,5.0
A/Massachusetts/93/2024|EPI_ISL_19646975,2024-08-08,4.0
A/Massachusetts/93/2024|EPI_ISL_19646975,2024-08-09,5.0
A/Massachusetts/93/2024|EPI_ISL_19646975,2024-08-10,1.0
A/Massachusetts/93/2024|EPI_ISL_19646975,2024-08-12,3.0
A/Massachusetts/93/2024|EPI_ISL_19646975,2024-08-13,1.0
A/Massachusetts/93/2024|EPI_ISL_19646975,2024-08-14,3.0
A/Massachusetts/93/2024|EPI_ISL_19646975,2024-08-16,3.0
A/Massachusetts/93/2024|EPI_ISL_19646975,2024-08-18,1.0
A/Massachusetts/93/2024|EPI_ISL_19646975,2024-08-19,2.0
A/Massachusetts/93/2024|EPI_ISL_19646975,2024-08-20,4.0
A/Massachusetts/93/2024|EPI_ISL_19646975,2024-08-21,1.0
A/Massachusetts/93/2024|EPI_ISL_19646975,2024-08-22,2.0
A/Massachusetts/93/2024|EPI_ISL_19646975,2024-08-23,2.0
A/Massachusetts/93/2024|EPI_ISL_19646975,2024-08-24,1.0
A/Massachusetts/93/2024|EPI_ISL_19646975,2024-08-25,6.0
A/Massachusetts/93/2024|EPI_ISL_19646975,2024-08-26,4.0
A/Massachusetts/93/2024|EPI_ISL_19646975,2024-08-27,2.0
A/Massachusetts/93/2024|EPI_ISL_19646975,2024-08-28,2.0
A/Massachusetts/93/2024|EPI_ISL_19646975,2024-08-29,1.0
A/Massachusetts/93/2024|EPI_ISL_19646975,2024-08-30,1.0
A/Massachusetts/93/2024|EPI_ISL_19646975,2024-09-01,1.0
A/Massachusetts/93/2024|EPI_ISL_19646975,2024-09-02,4.0
A/Massachusetts/93/2024|EPI_ISL_19646975,2024-09-03,3.0
A/Massachusetts/93/2024|EPI_ISL_19646975,2024-09-04,1.0
A/Massachusetts/93/2024|EPI_ISL_19646975,2024-09-05,2.0
A/Massachusetts/93/2024|EPI_ISL_19646975,2024-09-06,1.0
A/Massachusetts/93/2024|EPI_ISL_19646975,2024-09-07,2.0
A/Massachusetts/93/2024|EPI_ISL_19646975,2024-09-08,1.0
A/Massachusetts/93/2024|EPI_ISL_19646975,2024-09-09,5.0
A/Massachusetts/93/2024|EPI_ISL_19646975,2024-09-10,2.0
A/Massachusetts/93/2024|EPI_ISL_19646975,2024-09-11,3.0
A/Massachusetts/93/2024|EPI_ISL_19646975,2024-09-12,7.0
A/Massachusetts/93/2024|EPI_ISL_19646975,2024-09-13,2.0
A/Massachusetts/93/2024|EPI_ISL_19646975,2024-09-15,2.0
A/Massachusetts/93/2024|EPI_ISL_19646975,2024-09-16,3.0
A/Massachusetts/93/2024|EPI_ISL_19646975,2024-09-18,2.0
A/Massachusetts/93/2024|EPI_ISL_19646975,2024-09-19,2.0
A/Massachusetts/93/2024|EPI_ISL_19646975,2024-09-20,3.0
A/Massachusetts/93/2024|EPI_ISL_19646975,2024-09-21,1.0
A/Massachusetts/93/2024|EPI_ISL_19646975,2024-09-22,3.0
A/Massachusetts/93/2024|EPI_ISL_19646975,2024-09-23,3.0
A/Massachusetts/93/2024|EPI_ISL_19646975,2024-09-25,1.0
A/Massachusetts/93/2024|EPI_ISL_19646975,2024-09-26,2.0
A/Massachusetts/93/2024|EPI_ISL_19646975,2024-10-01,1.0
A/Massachusetts/93/2024|EPI_ISL_19646975,2024-10-02,3.0
A/Massachusetts/93/2024|EPI_ISL_19646975,2024-10-03,2.0
A/Massachusetts/93/2024|EPI_ISL_19646975,2024-10-04,2.0
A/Massachusetts/93/2024|EPI_ISL_19646975,2024-10-05,2.0
A/Massachusetts/93/2024|EPI_ISL_19646975,2024-10-06,2.0
A/Massachusetts/93/2024|EPI_ISL_19646975,2024-10-07,5.0
A/Massachusetts/93/2024|EPI_ISL_19646975,2024-10-08,1.0
A/Massachusetts/93/2024|EPI_ISL_19646975,2024-10-09,4.0
A/Massachusetts/93/2024|EPI_ISL_19646975,2024-10-10,2.0
A/Massachusetts/93/2024|EPI_ISL_19646975,2024-10-11,2.0
A/Massachusetts/93/2024|EPI_ISL_19646975,2024-10-13,1.0
A/Massachusetts/93/2024|EPI_ISL_19646975,2024-10-14,1.0
A/Massachusetts/93/2024|EPI_ISL_19646975,2024-10-15,4.0
A/Massachusetts/93/2024|EPI_ISL_19646975,2024-10-16,1.0
A/Massachusetts/93/2024|EPI_ISL_19646975,2024-10-17,1.0
A/Massachusetts/93/2024|EPI_ISL_19646975,2024-10-18,8.0
A/Massachusetts/93/2024|EPI_ISL_19646975,2024-10-19,1.0
A/Massachusetts/93/2024|EPI_ISL_19646975,2024-10-21,2.0
A/Massachusetts/93/2024|EPI_ISL_19646975,2024-10-22,5.0
A/Massachusetts/93/2024|EPI_ISL_19646975,2024-10-23,1.0
A/Massachusetts/93/2024|EPI_ISL_19646975,2024-10-28,2.0
A/Massachusetts/93/2024|EPI_ISL_19646975,2024-10-29,4.0
A/Massachusetts/93/2024|EPI_ISL_19646975,2024-10-30,3.0
A/Massachusetts/93/2024|EPI_ISL_19646975,2024-10-31,1.0
A/Massachusetts/93/2024|EPI_ISL_19646975,2024-11-01,3.0
A/Massachusetts/93/2024|EPI_ISL_19646975,2024-11-02,3.0
A/Massachusetts/93/2024|EPI_ISL_19646975,2024-11-03,2.0
A/Massachusetts/93/2024|EPI_ISL_19646975,2024-11-04,2.0
A/Massachusetts/93/2024|EPI_ISL_19646975,2024-11-05,3.0
A/Massachusetts/93/2024|EPI_ISL_19646975,2024-11-06,2.0
A/Massachusetts/93/2024|EPI_ISL_19646975,2024-11-07,2.0
A/Massachusetts/93/2024|EPI_ISL_19646975,2024-11-08,2.0
A/Massachusetts/93/2024|EPI_ISL_19646975,2024-11-09,3.0
A/Massachusetts/93/2024|EPI_ISL_19646975,2024-11-10,1.0
A/Massachusetts/93/2024|EPI_ISL_19646975,2024-11-11,2.0
A/Massachusetts/93/2024|EPI_ISL_19646975,2024-11-12,2.0
A/Massachusetts/93/2024|EPI_ISL_19646975,2024-11-13,2.0
A/Massachusetts/93/2024|EPI_ISL_19646975,2024-11-14,2.0
A/Massachusetts/93/2024|EPI_ISL_19646975,2024-11-15,1.0
A/Massachusetts/93/2024|EPI_ISL_19646975,2024-11-16,2.0
A/Massachusetts/93/2024|EPI_ISL_19646975,2024-11-18,4.0
A/Massachusetts/93/2024|EPI_ISL_19646975,2024-11-19,6.0
A/Massachusetts/93/2024|EPI_ISL_19646975,2024-11-20,4.0
A/Massachusetts/93/2024|EPI_ISL_19646975,2024-11-21,2.0
A/Massachusetts/93/2024|EPI_ISL_19646975,2024-11-23,2.0
A/Massachusetts/93/2024|EPI_ISL_19646975,2024-11-24,1.0
A/Massachusetts/93/2024|EPI_ISL_19646975,2024-11-25,5.0
A/Massachusetts/93/2024|EPI_ISL_19646975,2024-11-26,2.0
A/Massachusetts/93/2024|EPI_ISL_19646975,2024-11-27,3.0
A/Massachusetts/93/2024|EPI_ISL_19646975,2024-11-28,2.0
A/Massachusetts/93/2024|EPI_ISL_19646975,2024-11-29,2.0
A/Massachusetts/93/2024|EPI_ISL_19646975,2024-11-30,3.0
A/Massachusetts/93/2024|EPI_ISL_19646975,2024-12-01,3.0
A/Massachusetts/93/2024|EPI_ISL_19646975,2024-12-02,7.0
A/Massachusetts/93/2024|EPI_ISL_19646975,2024-12-03,9.0
A/Massachusetts/93/2024|EPI_ISL_19646975,2024-12-04,11.0
A/Massachusetts/93/2024|EPI_ISL_19646975,2024-12-05,7.0
A/Massachusetts/93/2024|EPI_ISL_19646975,2024-12-06,4.0
A/Massachusetts/93/2024|EPI_ISL_19646975,2024-12-07,1.0
A/Massachusetts/93/2024|EPI_ISL_19646975,2024-12-08,4.0
A/Massachusetts/93/2024|EPI_ISL_19646975,2024-12-09,8.0
A/Massachusetts/93/2024|EPI_ISL_19646975,2024-12-10,11.0
A/Massachusetts/93/2024|EPI_ISL_19646975,2024-12-11,16.0
A/Massachusetts/93/2024|EPI_ISL_19646975,2024-12-12,7.0
A/Massachusetts/93/2024|EPI_ISL_19646975,2024-12-13,7.0
A/Massachusetts/93/2024|EPI_ISL_19646975,2024-12-14,4.0
A/Massachusetts/93/2024|EPI_ISL_19646975,2024-12-15,7.0
A/Massachusetts/93/2024|EPI_ISL_19646975,2024-12-16,8.0
A/Massachusetts/93/2024|EPI_ISL_19646975,2024-12-17,9.0
A/Massachusetts/93/2024|EPI_ISL_19646975,2024-12-18,12.0
A/Massachusetts/93/2024|EPI_ISL_19646975,2024-12-19,10.0
A/Massachusetts/93/2024|EPI_ISL_19646975,2024-12-20,7.0
A/Massachusetts/93/2024|EPI_ISL_19646975,2024-12-21,6.0
A/Massachusetts/93/2024|EPI_ISL_19646975,2024-12-22,3.0
A/Massachusetts/93/2024|EPI_ISL_19646975,2024-12-23,16.0
A/Massachusetts/93/2024|EPI_ISL_19646975,2024-12-24,9.0
A/Massachusetts/93/2024|EPI_ISL_19646975,2024-12-25,8.0
A/Massachusetts/93/2024|EPI_ISL_19646975,2024-12-26,11.0
A/Massachusetts/93/2024|EPI_ISL_19646975,2024-12-27,11.0
A/Massachusetts/93/2024|EPI_ISL_19646975,2024-12-28,8.0
A/Massachusetts/93/2024|EPI_ISL_19646975,2024-12-29,3.0
A/Massachusetts/93/2024|EPI_ISL_19646975,2024-12-30,20.0
A/Massachusetts/93/2024|EPI_ISL_19646975,2024-12-31,12.0
A/Massachusetts/93/2024|EPI_ISL_19646975,2025-01-01,18.0
A/Massachusetts/93/2024|EPI_ISL_19646975,2025-01-02,23.0
A/Massachusetts/93/2024|EPI_ISL_19646975,2025-01-03,16.0
A/Massachusetts/93/2024|EPI_ISL_19646975,2025-01-04,13.0
A/Massachusetts/93/2024|EPI_ISL_19646975,2025-01-05,15.0
A/Massachusetts/93/2024|EPI_ISL_19646975,2025-01-06,29.0
A/Massachusetts/93/2024|EPI_ISL_19646975,2025-01-07,31.0
A/Massachusetts/93/2024|EPI_ISL_19646975,2025-01-08,25.0
A/Massachusetts/93/2024|EPI_ISL_19646975,2025-01-09,16.0
A/Massachusetts/93/2024|EPI_ISL_19646975,2025-01-10,26.0
A/Massachusetts/93/2024|EPI_ISL_19646975,2025-01-11,10.0
A/Massachusetts/93/2024|EPI_ISL_19646975,2025-01-12,4.0
A/Massachusetts/93/2024|EPI_ISL_19646975,2025-01-13,20.0
A/Massachusetts/93/2024|EPI_ISL_19646975,2025-01-14,23.0
A/Massachusetts/93/2024|EPI_ISL_19646975,2025-01-15,21.0
A/Massachusetts/93/2024|EPI_ISL_19646975,2025-01-16,22.0
A/Massachusetts/93/2024|EPI_ISL_19646975,2025-01-17,24.0
A/Massachusetts/93/2024|EPI_ISL_19646975,2025-01-18,15.0
A/Massachusetts/93/2024|EPI_ISL_19646975,2025-01-19,15.0
A/Massachusetts/93/2024|EPI_ISL_19646975,2025-01-20,33.0
A/Massachusetts/93/2024|EPI_ISL_19646975,2025-01-21,37.0
A/Massachusetts/93/2024|EPI_ISL_19646975,2025-01-22,25.0
A/Massachusetts/93/2024|EPI_ISL_19646975,2025-01-23,21.0
A/Massachusetts/93/2024|EPI_ISL_19646975,2025-01-24,23.0
A/Massachusetts/93/2024|EPI_ISL_19646975,2025-01-25,20.0
A/Massachusetts/93/2024|EPI_ISL_19646975,2025-01-26,12.0
A/Massachusetts/93/2024|EPI_ISL_19646975,2025-01-27,28.0
A/Massachusetts/93/2024|EPI_ISL_19646975,2025-01-28,34.0
A/Massachusetts/93/2024|EPI_ISL_19646975,2025-01-29,27.0
A/Massachusetts/93/2024|EPI_ISL_19646975,2025-01-30,30.0
A/Massachusetts/93/2024|EPI_ISL_19646975,2025-01-31,15.0
A/Massachusetts/93/2024|EPI_ISL_19646975,2025-02-01,11.0
A/Massachusetts/93/2024|EPI_ISL_19646975,2025-02-02,9.0
A/Massachusetts/93/2024|EPI_ISL_19646975,2025-02-03,31.0
A/Massachusetts/93/2024|EPI_ISL_19646975,2025-02-04,26.0
A/Massachusetts/93/2024|EPI_ISL_19646975,2025-02-05,22.0
A/Massachusetts/93/2024|EPI_ISL_19646975,2025-02-06,15.0
A/Massachusetts/93/2024|EPI_ISL_19646975,2025-02-07,16.0
A/Massachusetts/93/2024|EPI_ISL_19646975,2025-02-08,9.0
A/Massachusetts/93/2024|EPI_ISL_19646975,2025-02-09,7.0
A/Massachusetts/93/2024|EPI_ISL_19646975,2025-02-10,27.0
A/Massachusetts/93/2024|EPI_ISL_19646975,2025-02-11,25.0
A/Massachusetts/93/2024|EPI_ISL_19646975,2025-02-12,22.0
A/Massachusetts/93/2024|EPI_ISL_19646975,2025-02-13,22.0
A/Massachusetts/93/2024|EPI_ISL_19646975,2025-02-14,20.0
A/Massachusetts/93/2024|EPI_ISL_19646975,2025-02-15,8.0
A/Massachusetts/93/2024|EPI_ISL_19646975,2025-02-16,6.0
A/Massachusetts/93/2024|EPI_ISL_19646975,2025-02-17,19.0
A/Massachusetts/93/2024|EPI_ISL_19646975,2025-02-18,19.0
A/Massachusetts/93/2024|EPI_ISL_19646975,2025-02-19,20.0
A/Massachusetts/93/2024|EPI_ISL_19646975,2025-02-20,11.0
A/Massachusetts/93/2024|EPI_ISL_19646975,2025-02-21,11.0
A/Massachusetts/93/2024|EPI_ISL_19646975,2025-02-22,6.0
A/Massachusetts/93/2024|EPI_ISL_19646975,2025-02-23,4.0
A/Massachusetts/93/2024|EPI_ISL_19646975,2025-02-24,16.0
A/Massachusetts/93/2024|EPI_ISL_19646975,2025-02-25,17.0
A/Massachusetts/93/2024|EPI_ISL_19646975,2025-02-26,11.0
A/Massachusetts/93/2024|EPI_ISL_19646975,2025-02-27,5.0
A/Massachusetts/93/2024|EPI_ISL_19646975,2025-02-28,10.0
A/Massachusetts/93/2024|EPI_ISL_19646975,2025-03-01,1.0
A/Massachusetts/93/2024|EPI_ISL_19646975,2025-03-02,5.0
A/Massachusetts/93/2024|EPI_ISL_19646975,2025-03-03,11.0
A/Massachusetts/93/2024|EPI_ISL_19646975,2025-03-04,4.0
A/Massachusetts/93/2024|EPI_ISL_19646975,2025-03-05,7.0
A/Massachusetts/93/2024|EPI_ISL_19646975,2025-03-06,11.0
A/Massachusetts/93/2024|EPI_ISL_19646975,2025-03-07,8.0
A/Massachusetts/93/2024|EPI_ISL_19646975,2025-03-08,4.0
A/Massachusetts/93/2024|EPI_ISL_19646975,2025-03-09,2.0
A/Massachusetts/93/2024|EPI_ISL_19646975,2025-03-10,4.0
A/Massachusetts/93/2024|EPI_ISL_19646975,2025-03-11,8.0
A/Massachusetts/93/2024|EPI_ISL_19646975,2025-03-12,9.0
A/Massachusetts/93/2024|EPI_ISL_19646975,2025-03-13,3.0
A/Massachusetts/93/2024|EPI_ISL_19646975,2025-03-14,2.0
A/Massachusetts/93/2024|EPI_ISL_19646975,2025-03-15,3.0
A/Massachusetts/93/2024|EPI_ISL_19646975,2025-03-16,5.0
A/Massachusetts/93/2024|EPI_ISL_19646975,2025-03-17,10.0
A/Massachusetts/93/2024|EPI_ISL_19646975,2025-03-18,11.0
A/Massachusetts/93/2024|EPI_ISL_19646975,2025-03-19,7.0
A/Massachusetts/93/2024|EPI_ISL_19646975,2025-03-20,4.0
A/Massachusetts/93/2024|EPI_ISL_19646975,2025-03-21,4.0
A/Massachusetts/93/2024|EPI_ISL_19646975,2025-03-22,2.0
A/Massachusetts/93/2024|EPI_ISL_19646975,2025-03-23,1.0
A/Massachusetts/93/2024|EPI_ISL_19646975,2025-03-24,5.0
A/Massachusetts/93/2024|EPI_ISL_19646975,2025-03-25,5.0
A/Massachusetts/93/2024|EPI_ISL_19646975,2025-03-26,6.0
A/Massachusetts/93/2024|EPI_ISL_19646975,2025-03-27,2.0
A/Massachusetts/93/2024|EPI_ISL_19646975,2025-03-29,1.0
A/Massachusetts/93/2024|EPI_ISL_19646975,2025-03-30,3.0
A/Massachusetts/93/2024|EPI_ISL_19646975,2025-03-31,5.0
A/Massachusetts/93/2024|EPI_ISL_19646975,2025-04-01,2.0
A/Massachusetts/93/2024|EPI_ISL_19646975,2025-04-02,3.0
A/Massachusetts/93/2024|EPI_ISL_19646975,2025-04-03,2.0
A/Massachusetts/93/2024|EPI_ISL_19646975,2025-04-04,3.0
A/Massachusetts/93/2024|EPI_ISL_19646975,2025-04-07,2.0
A/Massachusetts/93/2024|EPI_ISL_19646975,2025-04-08,2.0
A/Massachusetts/93/2024|EPI_ISL_19646975,2025-04-09,3.0
A/Massachusetts/93/2024|EPI_ISL_19646975,2025-04-12,1.0
A/Massachusetts/93/2024|EPI_ISL_19646975,2025-04-13,1.0
A/Massachusetts/93/2024|EPI_ISL_19646975,2025-04-16,3.0
A/Massachusetts/93/2024|EPI_ISL_19646975,2025-04-19,1.0
A/Massachusetts/93/2024|EPI_ISL_19646975,2025-04-21,1.0
A/Massachusetts/93/2024|EPI_ISL_19646975,2025-04-22,2.0
A/Massachusetts/93/2024|EPI_ISL_19646975,2025-04-24,1.0
A/Massachusetts/93/2024|EPI_ISL_19646975,2025-04-25,1.0
A/Massachusetts/93/2024|EPI_ISL_19646975,2025-04-26,1.0
A/Massachusetts/93/2024|EPI_ISL_19646975,2025-04-28,3.0
A/Massachusetts/93/2024|EPI_ISL_19646975,2025-04-30,3.0
A/Massachusetts/93/2024|EPI_ISL_19646975,2025-05-08,1.0
A/Massachusetts/BI_MGH-23147/2025|EPI_ISL_19769038|EPI4070676,2024-11-08,1.0
A/Massachusetts/BI_MGH-23147/2025|EPI_ISL_19769038|EPI4070676,2024-11-12,1.0
A/Massachusetts/BI_MGH-23147/2025|EPI_ISL_19769038|EPI4070676,2024-12-17,1.0
A/Massachusetts/BI_MGH-23147/2025|EPI_ISL_19769038|EPI4070676,2024-12-30,1.0
A/Massachusetts/BI_MGH-23147/2025|EPI_ISL_19769038|EPI4070676,2024-12-31,1.0
A/Massachusetts/BI_MGH-23147/2025|EPI_ISL_19769038|EPI4070676,2025-01-06,3.0
A/Massachusetts/BI_MGH-23147/2025|EPI_ISL_19769038|EPI4070676,2025-01-07,1.0
A/Massachusetts/BI_MGH-23147/2025|EPI_ISL_19769038|EPI4070676,2025-01-12,1.0
A/Massachusetts/BI_MGH-23147/2025|EPI_ISL_19769038|EPI4070676,2025-01-14,1.0
A/Massachusetts/BI_MGH-23147/2025|EPI_ISL_19769038|EPI4070676,2025-01-17,1.0
A/Massachusetts/BI_MGH-23147/2025|EPI_ISL_19769038|EPI4070676,2025-01-23,1.0
A/Massachusetts/BI_MGH-23147/2025|EPI_ISL_19769038|EPI4070676,2025-01-30,1.0
A/Massachusetts/BI_MGH-23147/2025|EPI_ISL_19769038|EPI4070676,2025-02-04,1.0
A/Massachusetts/BI_MGH-23147/2025|EPI_ISL_19769038|EPI4070676,2025-02-05,1.0
A/Massachusetts/BI_MGH-23147/2025|EPI_ISL_19769038|EPI4070676,2025-02-21,1.0
A/Massachusetts/ISC-1684/2025|EPI_ISL_19790438,2024-04-18,0.5
A/Massachusetts/ISC-1684/2025|EPI_ISL_19790438,2024-04-24,0.5
A/Massachusetts/ISC-1684/2025|EPI_ISL_19790438,2024-04-26,0.5
A/Massachusetts/ISC-1684/2025|EPI_ISL_19790438,2024-04-29,0.5
A/Massachusetts/ISC-1684/2025|EPI_ISL_19790438,2024-05-02,0.5
A/Massachusetts/ISC-1684/2025|EPI_ISL_19790438,2024-05-03,0.5
A/Massachusetts/ISC-1684/2025|EPI_ISL_19790438,2024-05-05,0.5
A/Massachusetts/ISC-1684/2025|EPI_ISL_19790438,2024-05-08,0.5
A/Massachusetts/ISC-1684/2025|EPI_ISL_19790438,2024-05-22,1.0
A/Massachusetts/ISC-1684/2025|EPI_ISL_19790438,2024-05-24,0.5
A/Massachusetts/ISC-1684/2025|EPI_ISL_19790438,2024-05-27,0.5
A/Massachusetts/ISC-1684/2025|EPI_ISL_19790438,2024-05-28,0.5
A/Massachusetts/ISC-1684/2025|EPI_ISL_19790438,2024-05-29,0.5
A/Massachusetts/ISC-1684/2025|EPI_ISL_19790438,2024-06-01,1.0
A/Massachusetts/ISC-1684/2025|EPI_ISL_19790438,2024-06-02,0.5
A/Massachusetts/ISC-1684/2025|EPI_ISL_19790438,2024-06-06,0.5
A/Massachusetts/ISC-1684/2025|EPI_ISL_19790438,2024-06-12,0.5
A/Massachusetts/ISC-1684/2025|EPI_ISL_19790438,2024-06-22,0.5
A/Massachusetts/ISC-1684/2025|EPI_ISL_19790438,2024-07-03,1.0
A/Massachusetts/ISC-1684/2025|EPI_ISL_19790438,2024-07-08,0.5
A/Massachusetts/ISC-1684/2025|EPI_ISL_19790438,2024-07-18,0.5
A/Massachusetts/ISC-1684/2025|EPI_ISL_19790438,2024-08-01,0.5
A/Massachusetts/ISC-1684/2025|EPI_ISL_19790438,2024-08-20,0.5
A/Massachusetts/ISC-1684/2025|EPI_ISL_19790438,2024-09-03,0.5
A/Massachusetts/ISC-1684/2025|EPI_ISL_19790438,2024-09-05,0.5
A/Massachusetts/ISC-1684/2025|EPI_ISL_19790438,2024-09-20,0.5
A/Massachusetts/ISC-1684/2025|EPI_ISL_19790438,2024-09-24,0.5
A/Massachusetts/ISC-1684/2025|EPI_ISL_19790438,2024-10-03,0.5
A/Massachusetts/ISC-1684/2025|EPI_ISL_19790438,2024-10-25,0.5
A/Massachusetts/ISC-1684/2025|EPI_ISL_19790438,2024-10-28,0.5
A/Massachusetts/ISC-1684/2025|EPI_ISL_19790438,2024-10-31,0.5
A/Massachusetts/ISC-1684/2025|EPI_ISL_19790438,2024-11-01,0.5
A/Massachusetts/ISC-1684/2025|EPI_ISL_19790438,2024-11-02,0.5
A/Massachusetts/ISC-1684/2025|EPI_ISL_19790438,2024-11-04,1.0
A/Massachusetts/ISC-1684/2025|EPI_ISL_19790438,2024-11-06,0.5
A/Massachusetts/ISC-1684/2025|EPI_ISL_19790438,2024-11-08,0.5
A/Massachusetts/ISC-1684/2025|EPI_ISL_19790438,2024-11-09,0.5
A/Massachusetts/ISC-1684/2025|EPI_ISL_19790438,2024-11-10,2.0
A/Massachusetts/ISC-1684/2025|EPI_ISL_19790438,2024-11-11,1.0
A/Massachusetts/ISC-1684/2025|EPI_ISL_19790438,2024-11-12,1.0
A/Massachusetts/ISC-1684/2025|EPI_ISL_19790438,2024-11-14,1.0
A/Massachusetts/ISC-1684/2025|EPI_ISL_19790438,2024-11-17,0.5
A/Massachusetts/ISC-1684/2025|EPI_ISL_19790438,2024-11-20,0.5
A/Massachusetts/ISC-1684/2025|EPI_ISL_19790438,2024-11-23,1.0
A/Massachusetts/ISC-1684/2025|EPI_ISL_19790438,2024-11-24,1.0
A/Massachusetts/ISC-1684/2025|EPI_ISL_19790438,2024-11-25,1.0
A/Massachusetts/ISC-1684/2025|EPI_ISL_19790438,2024-11-26,1.0
A/Massachusetts/ISC-1684/2025|EPI_ISL_19790438,2024-11-28,1.0
A/Massachusetts/ISC-1684/2025|EPI_ISL_19790438,2024-11-29,2.0
A/Massachusetts/ISC-1684/2025|EPI_ISL_19790438,2024-11-30,1.0
A/Massachusetts/ISC-1684/2025|EPI_ISL_19790438,2024-12-01,4.0
A/Massachusetts/ISC-1684/2025|EPI_ISL_19790438,2024-12-02,2.0
A/Massachusetts/ISC-1684/2025|EPI_ISL_19790438,2024-12-03,0.5
A/Massachusetts/ISC-1684/2025|EPI_ISL_19790438,2024-12-04,1.5
A/Massachusetts/ISC-1684/2025|EPI_ISL_19790438,2024-12-05,1.5
A/Massachusetts/ISC-1684/2025|EPI_ISL_19790438,2024-12-06,1.0
A/Massachusetts/ISC-1684/2025|EPI_ISL_19790438,2024-12-07,0.5
A/Massachusetts/ISC-1684/2025|EPI_ISL_19790438,2024-12-08,2.0
A/Massachusetts/ISC-1684/2025|EPI_ISL_19790438,2024-12-09,2.0
A/Massachusetts/ISC-1684/2025|EPI_ISL_19790438,2024-12-10,2.5
A/Massachusetts/ISC-1684/2025|EPI_ISL_19790438,2024-12-11,2.0
A/Massachusetts/ISC-1684/2025|EPI_ISL_19790438,2024-12-12,2.0
A/Massachusetts/ISC-1684/2025|EPI_ISL_19790438,2024-12-13,2.0
A/Massachusetts/ISC-1684/2025|EPI_ISL_19790438,2024-12-14,0.5
A/Massachusetts/ISC-1684/2025|EPI_ISL_19790438,2024-12-15,2.5
A/Massachusetts/ISC-1684/2025|EPI_ISL_19790438,2024-12-16,4.5
A/Massachusetts/ISC-1684/2025|EPI_ISL_19790438,2024-12-17,3.0
A/Massachusetts/ISC-1684/2025|EPI_ISL_19790438,2024-12-18,1.0
A/Massachusetts/ISC-1684/2025|EPI_ISL_19790438,2024-12-19,1.0
A/Massachusetts/ISC-1684/2025|EPI_ISL_19790438,2024-12-20,0.5
A/Massachusetts/ISC-1684/2025|EPI_ISL_19790438,2024-12-21,1.0
A/Massachusetts/ISC-1684/2025|EPI_ISL_19790438,2024-12-22,0.5
A/Massachusetts/ISC-1684/2025|EPI_ISL_19790438,2024-12-23,1.5
A/Massachusetts/ISC-1684/2025|EPI_ISL_19790438,2024-12-24,2.0
A/Massachusetts/ISC-1684/2025|EPI_ISL_19790438,2024-12-25,1.0
A/Massachusetts/ISC-1684/2025|EPI_ISL_19790438,2024-12-26,3.5
A/Massachusetts/ISC-1684/2025|EPI_ISL_19790438,2024-12-27,2.5
A/Massachusetts/ISC-1684/2025|EPI_ISL_19790438,2024-12-28,2.0
A/Massachusetts/ISC-1684/2025|EPI_ISL_19790438,2024-12-29,2.0
A/Massachusetts/ISC-1684/2025|EPI_ISL_19790438,2024-12-30,3.0
A/Massachusetts/ISC-1684/2025|EPI_ISL_19790438,2024-12-31,3.0
A/Massachusetts/ISC-1684/2025|EPI_ISL_19790438,2025-01-01,1.5
A/Massachusetts/ISC-1684/2025|EPI_ISL_19790438,2025-01-02,1.5
A/Massachusetts/ISC-1684/2025|EPI_ISL_19790438,2025-01-03,2.5
A/Massachusetts/ISC-1684/2025|EPI_ISL_19790438,2025-01-04,1.0
A/Massachusetts/ISC-1684/2025|EPI_ISL_19790438,2025-01-05,2.5
A/Massachusetts/ISC-1684/2025|EPI_ISL_19790438,2025-01-06,1.5
A/Massachusetts/ISC-1684/2025|EPI_ISL_19790438,2025-01-07,1.5
A/Massachusetts/ISC-1684/2025|EPI_ISL_19790438,2025-01-08,2.0
A/Massachusetts/ISC-1684/2025|EPI_ISL_19790438,2025-01-09,2.0
A/Massachusetts/ISC-1684/2025|EPI_ISL_19790438,2025-01-10,2.5
A/Massachusetts/ISC-1684/2025|EPI_ISL_19790438,2025-01-11,1.5
A/Massachusetts/ISC-1684/2025|EPI_ISL_19790438,2025-01-12,1.5
A/Massachusetts/ISC-1684/2025|EPI_ISL_19790438,2025-01-13,2.5
A/Massachusetts/ISC-1684/2025|EPI_ISL_19790438,2025-01-14,1.5
A/Massachusetts/ISC-1684/2025|EPI_ISL_19790438,2025-01-15,3.5
A/Massachusetts/ISC-1684/2025|EPI_ISL_19790438,2025-01-16,3.0
A/Massachusetts/ISC-1684/2025|EPI_ISL_19790438,2025-01-17,1.0
A/Massachusetts/ISC-1684/2025|EPI_ISL_19790438,2025-01-18,0.5
A/Massachusetts/ISC-1684/2025|EPI_ISL_19790438,2025-01-19,2.0
A/Massachusetts/ISC-1684/2025|EPI_ISL_19790438,2025-01-20,5.5
A/Massachusetts/ISC-1684/2025|EPI_ISL_19790438,2025-01-21,3.5
A/Massachusetts/ISC-1684/2025|EPI_ISL_19790438,2025-01-22,4.0
A/Massachusetts/ISC-1684/2025|EPI_ISL_19790438,2025-01-23,2.5
A/Massachusetts/ISC-1684/2025|EPI_ISL_19790438,2025-01-24,2.5
A/Massachusetts/ISC-1684/2025|EPI_ISL_19790438,2025-01-25,1.0
A/Massachusetts/ISC-1684/2025|EPI_ISL_19790438,2025-01-26,1.5
A/Massachusetts/ISC-1684/2025|EPI_ISL_19790438,2025-01-27,5.0
A/Massachusetts/ISC-1684/2025|EPI_ISL_19790438,2025-01-28,4.5
A/Massachusetts/ISC-1684/2025|EPI_ISL_19790438,2025-01-29,4.0
A/Massachusetts/ISC-1684/2025|EPI_ISL_19790438,2025-01-30,3.5
A/Massachusetts/ISC-1684/2025|EPI_ISL_19790438,2025-01-31,2.5
A/Massachusetts/ISC-1684/2025|EPI_ISL_19790438,2025-02-01,3.0
A/Massachusetts/ISC-1684/2025|EPI_ISL_19790438,2025-02-02,2.5
A/Massachusetts/ISC-1684/2025|EPI_ISL_19790438,2025-02-03,6.0
A/Massachusetts/ISC-1684/2025|EPI_ISL_19790438,2025-02-04,3.5
A/Massachusetts/ISC-1684/2025|EPI_ISL_19790438,2025-02-05,4.0
A/Massachusetts/ISC-1684/2025|EPI_ISL_19790438,2025-02-06,3.5
A/Massachusetts/ISC-1684/2025|EPI_ISL_19790438,2025-02-07,4.0
A/Massachusetts/ISC-1684/2025|EPI_ISL_19790438,2025-02-08,4.5
A/Massachusetts/ISC-1684/2025|EPI_ISL_19790438,2025-02-09,3.0
A/Massachusetts/ISC-1684/2025|EPI_ISL_19790438,2025-02-10,2.0
A/Massachusetts/ISC-1684/2025|EPI_ISL_19790438,2025-02-11,6.5
A/Massachusetts/ISC-1684/2025|EPI_ISL_19790438,2025-02-12,1.5
A/Massachusetts/ISC-1684/2025|EPI_ISL_19790438,2025-02-13,2.0
A/Massachusetts/ISC-1684/2025|EPI_ISL_19790438,2025-02-14,2.5
A/Massachusetts/ISC-1684/2025|EPI_ISL_19790438,2025-02-15,2.5
A/Massachusetts/ISC-1684/2025|EPI_ISL_19790438,2025-02-16,5.5
A/Massachusetts/ISC-1684/2025|EPI_ISL_19790438,2025-02-17,3.5
A/Massachusetts/ISC-1684/2025|EPI_ISL_19790438,2025-02-18,6.5
A/Massachusetts/ISC-1684/2025|EPI_ISL_19790438,2025-02-19,3.5
A/Massachusetts/ISC-1684/2025|EPI_ISL_19790438,2025-02-20,1.5
A/Massachusetts/ISC-1684/2025|EPI_ISL_19790438,2025-02-21,4.5
A/Massachusetts/ISC-1684/2025|EPI_ISL_19790438,2025-02-22,0.5
A/Massachusetts/ISC-1684/2025|EPI_ISL_19790438,2025-02-23,2.0
A/Massachusetts/ISC-1684/2025|EPI_ISL_19790438,2025-02-24,5.0
A/Massachusetts/ISC-1684/2025|EPI_ISL_19790438,2025-02-25,3.5
A/Massachusetts/ISC-1684/2025|EPI_ISL_19790438,2025-02-26,3.5
A/Massachusetts/ISC-1684/2025|EPI_ISL_19790438,2025-02-27,2.5
A/Massachusetts/ISC-1684/2025|EPI_ISL_19790438,2025-02-28,2.0
A/Massachusetts/ISC-1684/2025|EPI_ISL_19790438,2025-03-01,1.5
A/Massachusetts/ISC-1684/2025|EPI_ISL_19790438,2025-03-02,2.0
A/Massachusetts/ISC-1684/2025|EPI_ISL_19790438,2025-03-03,3.5
A/Massachusetts/ISC-1684/2025|EPI_ISL_19790438,2025-03-04,2.5
A/Massachusetts/ISC-1684/2025|EPI_ISL_19790438,2025-03-05,1.0
A/Massachusetts/ISC-1684/2025|EPI_ISL_19790438,2025-03-06,5.0
A/Massachusetts/ISC-1684/2025|EPI_ISL_19790438,2025-03-07,2.0
A/Massachusetts/ISC-1684/2025|EPI_ISL_19790438,2025-03-08,1.0
A/Massachusetts/ISC-1684/2025|EPI_ISL_19790438,2025-03-09,2.0
A/Massachusetts/ISC-1684/2025|EPI_ISL_19790438,2025-03-10,3.0
A/Massachusetts/ISC-1684/2025|EPI_ISL_19790438,2025-03-11,6.5
A/Massachusetts/ISC-1684/2025|EPI_ISL_19790438,2025-03-12,2.5
A/Massachusetts/ISC-1684/2025|EPI_ISL_19790438,2025-03-13,4.0
A/Massachusetts/ISC-1684/2025|EPI_ISL_19790438,2025-03-14,1.5
A/Massachusetts/ISC-1684/2025|EPI_ISL_19790438,2025-03-15,0.5
A/Massachusetts/ISC-1684/2025|EPI_ISL_19790438,2025-03-16,2.0
A/Massachusetts/ISC-1684/2025|EPI_ISL_19790438,2025-03-17,1.0
A/Massachusetts/ISC-1684/2025|EPI_ISL_19790438,2025-03-18,2.5
A/Massachusetts/ISC-1684/2025|EPI_ISL_19790438,2025-03-19,2.5
A/Massachusetts/ISC-1684/2025|EPI_ISL_19790438,2025-03-20,2.5
A/Massachusetts/ISC-1684/2025|EPI_ISL_19790438,2025-03-21,2.5
A/Massachusetts/ISC-1684/2025|EPI_ISL_19790438,2025-03-23,1.0
A/Massachusetts/ISC-1684/2025|EPI_ISL_19790438,2025-03-25,1.5
A/Massachusetts/ISC-1684/2025|EPI_ISL_19790438,2025-03-26,2.0
A/Massachusetts/ISC-1684/2025|EPI_ISL_19790438,2025-03-29,0.5
A/Massachusetts/ISC-1684/2025|EPI_ISL_19790438,2025-03-30,0.5
A/Massachusetts/ISC-1684/2025|EPI_ISL_19790438,2025-03-31,1.5
A/Massachusetts/ISC-1684/2025|EPI_ISL_19790438,2025-04-01,0.5
A/Massachusetts/ISC-1684/2025|EPI_ISL_19790438,2025-04-02,1.5
A/Massachusetts/ISC-1684/2025|EPI_ISL_19790438,2025-04-04,1.0
A/Massachusetts/ISC-1684/2025|EPI_ISL_19790438,2025-04-05,1.0
A/Massachusetts/ISC-1684/2025|EPI_ISL_19790438,2025-04-06,2.0
A/Massachusetts/ISC-1684/2025|EPI_ISL_19790438,2025-04-07,0.5
A/Massachusetts/ISC-1684/2025|EPI_ISL_19790438,2025-04-08,1.0
A/Massachusetts/ISC-1684/2025|EPI_ISL_19790438,2025-04-09,0.5
A/Massachusetts/ISC-1684/2025|EPI_ISL_19790438,2025-04-10,0.5
A/Massachusetts/ISC-1684/2025|EPI_ISL_19790438,2025-04-11,1.5
A/Massachusetts/ISC-1684/2025|EPI_ISL_19790438,2025-04-12,1.0
A/Massachusetts/ISC-1684/2025|EPI_ISL_19790438,2025-04-13,0.5
A/Massachusetts/ISC-1684/2025|EPI_ISL_19790438,2025-04-16,0.5
A/Massachusetts/ISC-1684/2025|EPI_ISL_19790438,2025-04-17,0.5
A/Massachusetts/ISC-1684/2025|EPI_ISL_19790438,2025-04-19,0.5
A/Massachusetts/ISC-1684/2025|EPI_ISL_19790438,2025-04-20,0.5
A/Massachusetts/ISC-1684/2025|EPI_ISL_19790438,2025-04-21,0.5
A/Massachusetts/ISC-1684/2025|EPI_ISL_19790438,2025-04-22,0.5
A/Massachusetts/ISC-1684/2025|EPI_ISL_19790438,2025-04-23,0.5
A/Massachusetts/ISC-1684/2025|EPI_ISL_19790438,2025-04-25,0.5
A/Massachusetts/ISC-1684/2025|EPI_ISL_19790438,2025-05-01,0.5
A/Massachusetts/ISC-1684/2025|EPI_ISL_19790438,2025-05-02,1.0
A/Massachusetts/ISC-1684/2025|EPI_ISL_19790438,2025-06-25,0.5
A/Mato_Grosso_do_Sul/518/2025|EPI_ISL_19755351|EPI4034210,2025-01-13,1.0
A/Michigan/120/2024|EPI_ISL_19628034,2024-10-10,1.0
A/Michigan/120/2024|EPI_ISL_19628034,2024-10-15,2.0
A/Michigan/120/2024|EPI_ISL_19628034,2024-10-26,1.0
A/Michigan/120/2024|EPI_ISL_19628034,2024-10-27,1.0
A/Michigan/120/2024|EPI_ISL_19628034,2024-10-28,1.0
A/Michigan/120/2024|EPI_ISL_19628034,2024-11-01,2.0
A/Michigan/120/2024|EPI_ISL_19628034,2024-11-05,1.0
A/Michigan/120/2024|EPI_ISL_19628034,2024-11-08,1.0
A/Michigan/120/2024|EPI_ISL_19628034,2024-11-11,2.0
A/Michigan/120/2024|EPI_ISL_19628034,2024-11-12,2.0
A/Michigan/120/2024|EPI_ISL_19628034,2024-11-13,2.0
A/Michigan/120/2024|EPI_ISL_19628034,2024-11-15,1.0
A/Michigan/120/2024|EPI_ISL_19628034,2024-11-18,1.0
A/Michigan/120/2024|EPI_ISL_19628034,2024-11-19,1.0
A/Michigan/120/2024|EPI_ISL_19628034,2024-11-20,1.0
A/Michigan/120/2024|EPI_ISL_19628034,2024-11-21,3.0
A/Michigan/120/2024|EPI_ISL_19628034,2024-11-22,2.0
A/Michigan/120/2024|EPI_ISL_19628034,2024-11-23,3.0
A/Michigan/120/2024|EPI_ISL_19628034,2024-11-24,1.0
A/Michigan/120/2024|EPI_ISL_19628034,2024-11-25,1.0
A/Michigan/120/2024|EPI_ISL_19628034,2024-11-26,1.0
A/Michigan/120/2024|EPI_ISL_19628034,2024-11-27,2.0
A/Michigan/120/2024|EPI_ISL_19628034,2024-11-28,2.0
A/Michigan/120/2024|EPI_ISL_19628034,2024-11-30,1.0
A/Michigan/120/2024|EPI_ISL_19628034,2024-12-02,2.0
A/Michigan/120/2024|EPI_ISL_19628034,2024-12-03,1.0
A/Michigan/120/2024|EPI_ISL_19628034,2024-12-04,2.0
A/Michigan/120/2024|EPI_ISL_19628034,2024-12-05,2.0
A/Michigan/120/2024|EPI_ISL_19628034,2024-12-06,5.0
A/Michigan/120/2024|EPI_ISL_19628034,2024-12-08,3.0
A/Michigan/120/2024|EPI_ISL_19628034,2024-12-09,5.0
A/Michigan/120/2024|EPI_ISL_19628034,2024-12-10,7.0
A/Michigan/120/2024|EPI_ISL_19628034,2024-12-11,3.0
A/Michigan/120/2024|EPI_ISL_19628034,2024-12-12,3.0
A/Michigan/120/2024|EPI_ISL_19628034,2024-12-15,1.0
A/Michigan/120/2024|EPI_ISL_19628034,2024-12-16,3.0
A/Michigan/120/2024|EPI_ISL_19628034,2024-12-17,3.0
A/Michigan/120/2024|EPI_ISL_19628034,2024-12-18,2.0
A/Michigan/120/2024|EPI_ISL_19628034,2024-12-19,4.0
A/Michigan/120/2024|EPI_ISL_19628034,2024-12-20,1.0
A/Michigan/120/2024|EPI_ISL_19628034,2024-12-21,1.0
A/Michigan/120/2024|EPI_ISL_19628034,2024-12-22,4.0
A/Michigan/120/2024|EPI_ISL_19628034,2024-12-23,2.0
A/Michigan/120/2024|EPI_ISL_19628034,2024-12-24,2.0
A/Michigan/120/2024|EPI_ISL_19628034,2024-12-25,2.0
A/Michigan/120/2024|EPI_ISL_19628034,2024-12-26,2.0
A/Michigan/120/2024|EPI_ISL_19628034,2024-12-27,4.0
A/Michigan/120/2024|EPI_ISL_19628034,2024-12-29,1.0
A/Michigan/120/2024|EPI_ISL_19628034,2024-12-30,3.0
A/Michigan/120/2024|EPI_ISL_19628034,2024-12-31,2.0
A/Michigan/120/2024|EPI_ISL_19628034,2025-01-01,1.0
A/Michigan/120/2024|EPI_ISL_19628034,2025-01-02,1.0
A/Michigan/120/2024|EPI_ISL_19628034,2025-01-03,1.0
A/Michigan/120/2024|EPI_ISL_19628034,2025-01-05,1.0
A/Michigan/120/2024|EPI_ISL_19628034,2025-01-06,2.0
A/Michigan/120/2024|EPI_ISL_19628034,2025-01-07,3.0
A/Michigan/120/2024|EPI_ISL_19628034,2025-01-08,2.0
A/Michigan/120/2024|EPI_ISL_19628034,2025-01-12,3.0
A/Michigan/120/2024|EPI_ISL_19628034,2025-01-13,3.0
A/Michigan/120/2024|EPI_ISL_19628034,2025-01-16,6.0
A/Michigan/120/2024|EPI_ISL_19628034,2025-01-17,2.0
A/Michigan/120/2024|EPI_ISL_19628034,2025-01-18,1.0
A/Michigan/120/2024|EPI_ISL_19628034,2025-01-20,2.0
A/Michigan/120/2024|EPI_ISL_19628034,2025-01-21,2.0
A/Michigan/120/2024|EPI_ISL_19628034,2025-01-23,1.0
A/Michigan/120/2024|EPI_ISL_19628034,2025-01-24,2.0
A/Michigan/120/2024|EPI_ISL_19628034,2025-01-25,3.0
A/Michigan/120/2024|EPI_ISL_19628034,2025-01-26,4.0
A/Michigan/120/2024|EPI_ISL_19628034,2025-01-27,2.0
A/Michigan/120/2024|EPI_ISL_19628034,2025-01-28,2.0
A/Michigan/120/2024|EPI_ISL_19628034,2025-01-29,3.0
A/Michigan/120/2024|EPI_ISL_19628034,2025-01-30,2.0
A/Michigan/120/2024|EPI_ISL_19628034,2025-01-31,1.0
A/Michigan/120/2024|EPI_ISL_19628034,2025-02-02,1.0
A/Michigan/120/2024|EPI_ISL_19628034,2025-02-03,3.0
A/Michigan/120/2024|EPI_ISL_19628034,2025-02-04,2.0
A/Michigan/120/2024|EPI_ISL_19628034,2025-02-05,2.0
A/Michigan/120/2024|EPI_ISL_19628034,2025-02-06,3.0
A/Michigan/120/2024|EPI_ISL_19628034,2025-02-07,6.0
A/Michigan/120/2024|EPI_ISL_19628034,2025-02-08,1.0
A/Michigan/120/2024|EPI_ISL_19628034,2025-02-10,1.0
A/Michigan/120/2024|EPI_ISL_19628034,2025-02-12,3.0
A/Michigan/120/2024|EPI_ISL_19628034,2025-02-13,1.0
A/Michigan/120/2024|EPI_ISL_19628034,2025-02-14,4.0
A/Michigan/120/2024|EPI_ISL_19628034,2025-02-15,1.0
A/Michigan/120/2024|EPI_ISL_19628034,2025-02-17,1.0
A/Michigan/120/2024|EPI_ISL_19628034,2025-02-22,1.0
A/Michigan/120/2024|EPI_ISL_19628034,2025-02-28,1.0
A/Michigan/120/2024|EPI_ISL_19628034,2025-03-10,1.0
A/Michigan/120/2024|EPI_ISL_19628034,2025-03-11,1.0
A/Michigan/120/2024|EPI_ISL_19628034,2025-03-13,1.0
A/Michigan/120/2024|EPI_ISL_19628034,2025-03-23,1.0
A/Michigan/120/2024|EPI_ISL_19628034,2025-03-24,1.0
A/Michigan/120/2024|EPI_ISL_19628034,2025-04-01,1.0
A/Michigan/UM-10062069629/2025|EPI_ISL_19754645|EPI4032322,2025-01-29,1.0
A/Michigan/UM-10062069629/2025|EPI_ISL_19754645|EPI4032322,2025-02-11,1.0
A/Michigan/UM-10062100736/2025|EPI_ISL_19754053|EPI4028619,2024-12-04,1.0
A/Michigan/UM-10062100736/2025|EPI_ISL_19754053|EPI4028619,2024-12-10,1.0
A/Michigan/UM-10062100736/2025|EPI_ISL_19754053|EPI4028619,2024-12-16,2.0
A/Michigan/UM-10062100736/2025|EPI_ISL_19754053|EPI4028619,2024-12-18,1.0
A/Michigan/UM-10062100736/2025|EPI_ISL_19754053|EPI4028619,2024-12-23,1.0
A/Michigan/UM-10062100736/2025|EPI_ISL_19754053|EPI4028619,2024-12-24,1.0
A/Michigan/UM-10062100736/2025|EPI_ISL_19754053|EPI4028619,2024-12-25,1.0
A/Michigan/UM-10062100736/2025|EPI_ISL_19754053|EPI4028619,2024-12-28,1.0
A/Michigan/UM-10062100736/2025|EPI_ISL_19754053|EPI4028619,2025-01-02,1.0
A/Michigan/UM-10062100736/2025|EPI_ISL_19754053|EPI4028619,2025-01-06,1.0
A/Michigan/UM-10062100736/2025|EPI_ISL_19754053|EPI4028619,2025-01-22,5.0
A/Michigan/UM-10062100736/2025|EPI_ISL_19754053|EPI4028619,2025-01-23,1.0
A/Michigan/UM-10062100736/2025|EPI_ISL_19754053|EPI4028619,2025-01-30,1.0
A/Michigan/UM-10062100736/2025|EPI_ISL_19754053|EPI4028619,2025-02-03,1.0
A/Michigan/UM-10062100736/2025|EPI_ISL_19754053|EPI4028619,2025-02-06,2.0
A/Michigan/UM-10062100736/2025|EPI_ISL_19754053|EPI4028619,2025-02-10,2.0
A/Michigan/UM-10062100736/2025|EPI_ISL_19754053|EPI4028619,2025-02-17,1.0
A/Michigan/UM-10062100736/2025|EPI_ISL_19754053|EPI4028619,2025-03-14,1.0
A/Michigan/UM-10062100736/2025|EPI_ISL_19754053|EPI4028619,2025-03-17,1.0
A/Minnesota/126/2024|EPI_ISL_19586912,2024-09-21,1.0
A/Minnesota/126/2024|EPI_ISL_19586912,2024-10-04,1.0
A/Minnesota/126/2024|EPI_ISL_19586912,2024-10-06,1.0
A/Minnesota/126/2024|EPI_ISL_19586912,2024-10-22,1.0
A/Minnesota/126/2024|EPI_ISL_19586912,2024-11-12,1.0
A/Minnesota/126/2024|EPI_ISL_19586912,2024-11-18,1.0
A/Minnesota/126/2024|EPI_ISL_19586912,2024-11-25,1.0
A/Minnesota/126/2024|EPI_ISL_19586912,2024-12-01,1.0
A/Minnesota/126/2024|EPI_ISL_19586912,2024-12-03,1.0
A/Minnesota/133/2024|EPI_ISL_19628109,2024-04-18,1.0
A/Minnesota/133/2024|EPI_ISL_19628109,2024-04-19,2.0
A/Minnesota/133/2024|EPI_ISL_19628109,2024-04-20,1.0
A/Minnesota/133/2024|EPI_ISL_19628109,2024-04-21,1.0
A/Minnesota/133/2024|EPI_ISL_19628109,2024-04-22,2.0
A/Minnesota/133/2024|EPI_ISL_19628109,2024-04-23,3.0
A/Minnesota/133/2024|EPI_ISL_19628109,2024-04-24,1.0
A/Minnesota/133/2024|EPI_ISL_19628109,2024-04-25,1.0
A/Minnesota/133/2024|EPI_ISL_19628109,2024-04-28,2.0
A/Minnesota/133/2024|EPI_ISL_19628109,2024-04-30,3.0
A/Minnesota/133/2024|EPI_ISL_19628109,2024-05-01,1.0
A/Minnesota/133/2024|EPI_ISL_19628109,2024-05-02,1.0
A/Minnesota/133/2024|EPI_ISL_19628109,2024-05-03,2.0
A/Minnesota/133/2024|EPI_ISL_19628109,2024-05-04,1.0
A/Minnesota/133/2024|EPI_ISL_19628109,2024-05-05,2.0
A/Minnesota/133/2024|EPI_ISL_19628109,2024-05-06,1.0
A/Minnesota/133/2024|EPI_ISL_19628109,2024-05-07,1.0
A/Minnesota/133/2024|EPI_ISL_19628109,2024-05-10,6.0
A/Minnesota/133/2024|EPI_ISL_19628109,2024-05-11,2.0
A/Minnesota/133/2024|EPI_ISL_19628109,2024-05-12,1.0
A/Minnesota/133/2024|EPI_ISL_19628109,2024-05-13,3.0
A/Minnesota/133/2024|EPI_ISL_19628109,2024-05-14,3.0
A/Minnesota/133/2024|EPI_ISL_19628109,2024-05-15,2.0
A/Minnesota/133/2024|EPI_ISL_19628109,2024-05-16,2.0
A/Minnesota/133/2024|EPI_ISL_19628109,2024-05-20,3.0
A/Minnesota/133/2024|EPI_ISL_19628109,2024-05-21,5.0
A/Minnesota/133/2024|EPI_ISL_19628109,2024-05-22,1.0
A/Minnesota/133/2024|EPI_ISL_19628109,2024-05-23,10.0
A/Minnesota/133/2024|EPI_ISL_19628109,2024-05-24,8.0
A/Minnesota/133/2024|EPI_ISL_19628109,2024-05-25,1.0
A/Minnesota/133/2024|EPI_ISL_19628109,2024-05-26,1.0
A/Minnesota/133/2024|EPI_ISL_19628109,2024-05-28,2.0
A/Minnesota/133/2024|EPI_ISL_19628109,2024-05-30,1.0
A/Minnesota/133/2024|EPI_ISL_19628109,2024-05-31,2.0
A/Minnesota/133/2024|EPI_ISL_19628109,2024-06-03,1.0
A/Minnesota/133/2024|EPI_ISL_19628109,2024-06-04,1.0
A/Minnesota/133/2024|EPI_ISL_19628109,2024-06-06,1.0
A/Minnesota/133/2024|EPI_ISL_19628109,2024-06-07,2.0
A/Minnesota/133/2024|EPI_ISL_19628109,2024-06-10,1.0
A/Minnesota/133/2024|EPI_ISL_19628109,2024-06-12,2.0
A/Minnesota/133/2024|EPI_ISL_19628109,2024-06-13,1.0
A/Minnesota/133/2024|EPI_ISL_19628109,2024-06-17,3.0
A/Minnesota/133/2024|EPI_ISL_19628109,2024-06-18,1.0
A/Minnesota/133/2024|EPI_ISL_19628109,2024-06-19,1.0
A/Minnesota/133/2024|EPI_ISL_19628109,2024-06-20,3.0
A/Minnesota/133/2024|EPI_ISL_19628109,2024-06-21,2.0
A/Minnesota/133/2024|EPI_ISL_19628109,2024-06-22,2.0
A/Minnesota/133/2024|EPI_ISL_19628109,2024-06-24,3.0
A/Minnesota/133/2024|EPI_ISL_19628109,2024-06-25,2.0
A/Minnesota/133/2024|EPI_ISL_19628109,2024-06-26,2.0
A/Minnesota/133/2024|EPI_ISL_19628109,2024-06-27,1.0
A/Minnesota/133/2024|EPI_ISL_19628109,2024-06-28,2.0
A/Minnesota/133/2024|EPI_ISL_19628109,2024-06-29,2.0
A/Minnesota/133/2024|EPI_ISL_19628109,2024-07-01,2.0
A/Minnesota/133/2024|EPI_ISL_19628109,2024-07-02,8.0
A/Minnesota/133/2024|EPI_ISL_19628109,2024-07-03,1.0
A/Minnesota/133/2024|EPI_ISL_19628109,2024-07-04,3.0
A/Minnesota/133/2024|EPI_ISL_19628109,2024-07-05,1.0
A/Minnesota/133/2024|EPI_ISL_19628109,2024-07-06,2.0
A/Minnesota/133/2024|EPI_ISL_19628109,2024-07-08,4.0
A/Minnesota/133/2024|EPI_ISL_19628109,2024-07-09,8.0
A/Minnesota/133/2024|EPI_ISL_19628109,2024-07-10,3.0
A/Minnesota/133/2024|EPI_ISL_19628109,2024-07-11,3.0
A/Minnesota/133/2024|EPI_ISL_19628109,2024-07-13,1.0
A/Minnesota/133/2024|EPI_ISL_19628109,2024-07-14,1.0
A/Minnesota/133/2024|EPI_ISL_19628109,2024-07-16,3.0
A/Minnesota/133/2024|EPI_ISL_19628109,2024-07-17,3.0
A/Minnesota/133/2024|EPI_ISL_19628109,2024-07-18,4.0
A/Minnesota/133/2024|EPI_ISL_19628109,2024-07-19,1.0
A/Minnesota/133/2024|EPI_ISL_19628109,2024-07-22,3.0
A/Minnesota/133/2024|EPI_ISL_19628109,2024-07-24,2.0
A/Minnesota/133/2024|EPI_ISL_19628109,2024-07-25,2.0
A/Minnesota/133/2024|EPI_ISL_19628109,2024-07-26,2.0
A/Minnesota/133/2024|EPI_ISL_19628109,2024-07-27,2.0
A/Minnesota/133/2024|EPI_ISL_19628109,2024-07-28,2.0
A/Minnesota/133/2024|EPI_ISL_19628109,2024-07-30,2.0
A/Minnesota/133/2024|EPI_ISL_19628109,2024-07-31,1.0
A/Minnesota/133/2024|EPI_ISL_19628109,2024-08-01,2.0
A/Minnesota/133/2024|EPI_ISL_19628109,2024-08-02,2.0
A/Minnesota/133/2024|EPI_ISL_19628109,2024-08-03,2.0
A/Minnesota/133/2024|EPI_ISL_19628109,2024-08-05,4.0
A/Minnesota/133/2024|EPI_ISL_19628109,2024-08-06,4.0
A/Minnesota/133/2024|EPI_ISL_19628109,2024-08-07,2.0
A/Minnesota/133/2024|EPI_ISL_19628109,2024-08-08,2.0
A/Minnesota/133/2024|EPI_ISL_19628109,2024-08-09,3.0
A/Minnesota/133/2024|EPI_ISL_19628109,2024-08-11,1.0
A/Minnesota/133/2024|EPI_ISL_19628109,2024-08-12,2.0
A/Minnesota/133/2024|EPI_ISL_19628109,2024-08-14,4.0
A/Minnesota/133/2024|EPI_ISL_19628109,2024-08-15,3.0
A/Minnesota/133/2024|EPI_ISL_19628109,2024-08-17,1.0
A/Minnesota/133/2024|EPI_ISL_19628109,2024-08-18,2.0
A/Minnesota/133/2024|EPI_ISL_19628109,2024-08-19,1.0
A/Minnesota/133/2024|EPI_ISL_19628109,2024-08-20,4.0
A/Minnesota/133/2024|EPI_ISL_19628109,2024-08-22,2.0
A/Minnesota/133/2024|EPI_ISL_19628109,2024-08-23,3.0
A/Minnesota/133/2024|EPI_ISL_19628109,2024-08-24,1.0
A/Minnesota/133/2024|EPI_ISL_19628109,2024-08-25,1.0
A/Minnesota/133/2024|EPI_ISL_19628109,2024-08-26,3.0
A/Minnesota/133/2024|EPI_ISL_19628109,2024-08-28,3.0
A/Minnesota/133/2024|EPI_ISL_19628109,2024-08-29,3.0
A/Minnesota/133/2024|EPI_ISL_19628109,2024-08-31,1.0
A/Minnesota/133/2024|EPI_ISL_19628109,2024-09-02,3.0
A/Minnesota/133/2024|EPI_ISL_19628109,2024-09-03,5.0
A/Minnesota/133/2024|EPI_ISL_19628109,2024-09-04,7.0
A/Minnesota/133/2024|EPI_ISL_19628109,2024-09-05,3.0
A/Minnesota/133/2024|EPI_ISL_19628109,2024-09-06,3.0
A/Minnesota/133/2024|EPI_ISL_19628109,2024-09-07,2.0
A/Minnesota/133/2024|EPI_ISL_19628109,2024-09-09,4.0
A/Minnesota/133/2024|EPI_ISL_19628109,2024-09-10,1.0
A/Minnesota/133/2024|EPI_ISL_19628109,2024-09-11,2.0
A/Minnesota/133/2024|EPI_ISL_19628109,2024-09-13,1.0
A/Minnesota/133/2024|EPI_ISL_19628109,2024-09-15,1.0
A/Minnesota/133/2024|EPI_ISL_19628109,2024-09-17,3.0
A/Minnesota/133/2024|EPI_ISL_19628109,2024-09-18,1.0
A/Minnesota/133/2024|EPI_ISL_19628109,2024-09-19,3.0
A/Minnesota/133/2024|EPI_ISL_19628109,2024-09-21,2.0
A/Minnesota/133/2024|EPI_ISL_19628109,2024-09-22,3.0
A/Minnesota/133/2024|EPI_ISL_19628109,2024-09-23,1.0
A/Minnesota/133/2024|EPI_ISL_19628109,2024-09-24,1.0
A/Minnesota/133/2024|EPI_ISL_19628109,2024-09-26,1.0
A/Minnesota/133/2024|EPI_ISL_19628109,2024-10-01,1.0
A/Minnesota/133/2024|EPI_ISL_19628109,2024-10-02,1.0
A/Minnesota/133/2024|EPI_ISL_19628109,2024-10-03,1.0
A/Minnesota/133/2024|EPI_ISL_19628109,2024-10-04,1.0
A/Minnesota/133/2024|EPI_ISL_19628109,2024-10-06,3.0
A/Minnesota/133/2024|EPI_ISL_19628109,2024-10-07,1.0
A/Minnesota/133/2024|EPI_ISL_19628109,2024-10-09,2.0
A/Minnesota/133/2024|EPI_ISL_19628109,2024-10-10,1.0
A/Minnesota/133/2024|EPI_ISL_19628109,2024-10-13,1.0
A/Minnesota/133/2024|EPI_ISL_19628109,2024-10-14,1.0
A/Minnesota/133/2024|EPI_ISL_19628109,2024-10-15,1.0
A/Minnesota/133/2024|EPI_ISL_19628109,2024-10-17,1.0
A/Minnesota/133/2024|EPI_ISL_19628109,2024-10-18,1.0
A/Minnesota/133/2024|EPI_ISL_19628109,2024-10-22,1.0
A/Minnesota/133/2024|EPI_ISL_19628109,2024-10-23,2.0
A/Minnesota/133/2024|EPI_ISL_19628109,2024-10-25,1.0
A/Minnesota/133/2024|EPI_ISL_19628109,2024-10-26,2.0
A/Minnesota/133/2024|EPI_ISL_19628109,2024-10-28,1.0
A/Minnesota/133/2024|EPI_ISL_19628109,2024-10-29,4.0
A/Minnesota/133/2024|EPI_ISL_19628109,2024-10-30,2.0
A/Minnesota/133/2024|EPI_ISL_19628109,2024-11-01,1.0
A/Minnesota/133/2024|EPI_ISL_19628109,2024-11-02,1.0
A/Minnesota/133/2024|EPI_ISL_19628109,2024-11-04,2.0
A/Minnesota/133/2024|EPI_ISL_19628109,2024-11-05,2.0
A/Minnesota/133/2024|EPI_ISL_19628109,2024-11-06,1.0
A/Minnesota/133/2024|EPI_ISL_19628109,2024-11-08,2.0
A/Minnesota/133/2024|EPI_ISL_19628109,2024-11-09,1.0
A/Minnesota/133/2024|EPI_ISL_19628109,2024-11-11,4.0
A/Minnesota/133/2024|EPI_ISL_19628109,2024-11-12,2.0
A/Minnesota/133/2024|EPI_ISL_19628109,2024-11-13,1.0
A/Minnesota/133/2024|EPI_ISL_19628109,2024-11-20,1.0
A/Minnesota/133/2024|EPI_ISL_19628109,2024-11-21,2.0
A/Minnesota/133/2024|EPI_ISL_19628109,2024-11-23,3.0
A/Minnesota/133/2024|EPI_ISL_19628109,2024-11-24,1.0
A/Minnesota/133/2024|EPI_ISL_19628109,2024-11-25,2.0
A/Minnesota/133/2024|EPI_ISL_19628109,2024-11-26,2.0
A/Minnesota/133/2024|EPI_ISL_19628109,2024-11-28,3.0
A/Minnesota/133/2024|EPI_ISL_19628109,2024-11-29,2.0
A/Minnesota/133/2024|EPI_ISL_19628109,2024-12-01,2.0
A/Minnesota/133/2024|EPI_ISL_19628109,2024-12-02,9.0
A/Minnesota/133/2024|EPI_ISL_19628109,2024-12-03,3.0
A/Minnesota/133/2024|EPI_ISL_19628109,2024-12-04,2.0
A/Minnesota/133/2024|EPI_ISL_19628109,2024-12-05,3.0
A/Minnesota/133/2024|EPI_ISL_19628109,2024-12-06,1.0
A/Minnesota/133/2024|EPI_ISL_19628109,2024-12-07,1.0
A/Minnesota/133/2024|EPI_ISL_19628109,2024-12-09,2.0
A/Minnesota/133/2024|EPI_ISL_19628109,2024-12-10,4.0
A/Minnesota/133/2024|EPI_ISL_19628109,2024-12-11,3.0
A/Minnesota/133/2024|EPI_ISL_19628109,2024-12-13,2.0
A/Minnesota/133/2024|EPI_ISL_19628109,2024-12-14,1.0
A/Minnesota/133/2024|EPI_ISL_19628109,2024-12-16,6.0
A/Minnesota/133/2024|EPI_ISL_19628109,2024-12-17,2.0
A/Minnesota/133/2024|EPI_ISL_19628109,2024-12-18,2.0
A/Minnesota/133/2024|EPI_ISL_19628109,2024-12-19,3.0
A/Minnesota/133/2024|EPI_ISL_19628109,2024-12-20,1.0
A/Minnesota/133/2024|EPI_ISL_19628109,2024-12-21,1.0
A/Minnesota/133/2024|EPI_ISL_19628109,2024-12-22,1.0
A/Minnesota/133/2024|EPI_ISL_19628109,2024-12-23,2.0
A/Minnesota/133/2024|EPI_ISL_19628109,2024-12-24,1.0
A/Minnesota/133/2024|EPI_ISL_19628109,2024-12-25,1.0
A/Minnesota/133/2024|EPI_ISL_19628109,2024-12-27,2.0
A/Minnesota/133/2024|EPI_ISL_19628109,2024-12-28,2.0
A/Minnesota/133/2024|EPI_ISL_19628109,2024-12-29,2.0
A/Minnesota/133/2024|EPI_ISL_19628109,2024-12-30,5.0
A/Minnesota/133/2024|EPI_ISL_19628109,2024-12-31,1.0
A/Minnesota/133/2024|EPI_ISL_19628109,2025-01-01,1.0
A/Minnesota/133/2024|EPI_ISL_19628109,2025-01-02,7.0
A/Minnesota/133/2024|EPI_ISL_19628109,2025-01-04,1.0
A/Minnesota/133/2024|EPI_ISL_19628109,2025-01-06,1.0
A/Minnesota/133/2024|EPI_ISL_19628109,2025-01-07,2.0
A/Minnesota/133/2024|EPI_ISL_19628109,2025-01-09,2.0
A/Minnesota/133/2024|EPI_ISL_19628109,2025-01-10,8.0
A/Minnesota/133/2024|EPI_ISL_19628109,2025-01-11,1.0
A/Minnesota/133/2024|EPI_ISL_19628109,2025-01-13,2.0
A/Minnesota/133/2024|EPI_ISL_19628109,2025-01-14,3.0
A/Minnesota/133/2024|EPI_ISL_19628109,2025-01-15,3.0
A/Minnesota/133/2024|EPI_ISL_19628109,2025-01-16,3.0
A/Minnesota/133/2024|EPI_ISL_19628109,2025-01-17,2.0
A/Minnesota/133/2024|EPI_ISL_19628109,2025-01-19,2.0
A/Minnesota/133/2024|EPI_ISL_19628109,2025-01-20,1.0
A/Minnesota/133/2024|EPI_ISL_19628109,2025-01-21,4.0
A/Minnesota/133/2024|EPI_ISL_19628109,2025-01-22,7.0
A/Minnesota/133/2024|EPI_ISL_19628109,2025-01-23,6.0
A/Minnesota/133/2024|EPI_ISL_19628109,2025-01-24,2.0
A/Minnesota/133/2024|EPI_ISL_19628109,2025-01-26,1.0
A/Minnesota/133/2024|EPI_ISL_19628109,2025-01-27,1.0
A/Minnesota/133/2024|EPI_ISL_19628109,2025-01-28,2.0
A/Minnesota/133/2024|EPI_ISL_19628109,2025-01-29,4.0
A/Minnesota/133/2024|EPI_ISL_19628109,2025-01-30,3.0
A/Minnesota/133/2024|EPI_ISL_19628109,2025-01-31,2.0
A/Minnesota/133/2024|EPI_ISL_19628109,2025-02-01,2.0
A/Minnesota/133/2024|EPI_ISL_19628109,2025-02-02,1.0
A/Minnesota/133/2024|EPI_ISL_19628109,2025-02-03,1.0
A/Minnesota/133/2024|EPI_ISL_19628109,2025-02-04,6.0
A/Minnesota/133/2024|EPI_ISL_19628109,2025-02-05,1.0
A/Minnesota/133/2024|EPI_ISL_19628109,2025-02-06,2.0
A/Minnesota/133/2024|EPI_ISL_19628109,2025-02-07,1.0
A/Minnesota/133/2024|EPI_ISL_19628109,2025-02-08,1.0
A/Minnesota/133/2024|EPI_ISL_19628109,2025-02-09,3.0
A/Minnesota/133/2024|EPI_ISL_19628109,2025-02-11,4.0
A/Minnesota/133/2024|EPI_ISL_19628109,2025-02-12,2.0
A/Minnesota/133/2024|EPI_ISL_19628109,2025-02-14,3.0
A/Minnesota/133/2024|EPI_ISL_19628109,2025-02-15,1.0
A/Minnesota/133/2024|EPI_ISL_19628109,2025-02-17,2.0
A/Minnesota/133/2024|EPI_ISL_19628109,2025-02-18,3.0
A/Minnesota/133/2024|EPI_ISL_19628109,2025-02-19,2.0
A/Minnesota/133/2024|EPI_ISL_19628109,2025-02-20,2.0
A/Minnesota/133/2024|EPI_ISL_19628109,2025-02-21,1.0
A/Minnesota/133/2024|EPI_ISL_19628109,2025-02-22,1.0
A/Minnesota/133/2024|EPI_ISL_19628109,2025-02-23,1.0
A/Minnesota/133/2024|EPI_ISL_19628109,2025-02-24,2.0
A/Minnesota/133/2024|EPI_ISL_19628109,2025-02-25,1.0
A/Minnesota/133/2024|EPI_ISL_19628109,2025-02-27,2.0
A/Minnesota/133/2024|EPI_ISL_19628109,2025-03-02,1.0
A/Minnesota/133/2024|EPI_ISL_19628109,2025-03-03,1.0
A/Minnesota/133/2024|EPI_ISL_19628109,2025-03-04,3.0
A/Minnesota/133/2024|EPI_ISL_19628109,2025-03-06,1.0
A/Minnesota/133/2024|EPI_ISL_19628109,2025-03-08,1.0
A/Minnesota/133/2024|EPI_ISL_19628109,2025-03-10,2.0
A/Minnesota/133/2024|EPI_ISL_19628109,2025-03-13,3.0
A/Minnesota/133/2024|EPI_ISL_19628109,2025-03-14,1.0
A/Minnesota/133/2024|EPI_ISL_19628109,2025-03-18,1.0
A/Minnesota/133/2024|EPI_ISL_19628109,2025-03-21,1.0
A/Minnesota/133/2024|EPI_ISL_19628109,2025-03-24,2.0
A/Minnesota/133/2024|EPI_ISL_19628109,2025-03-25,1.0
A/Minnesota/133/2024|EPI_ISL_19628109,2025-03-27,1.0
A/Minnesota/133/2024|EPI_ISL_19628109,2025-03-31,1.0
A/Minnesota/133/2024|EPI_ISL_19628109,2025-04-02,1.0
A/Minnesota/133/2024|EPI_ISL_19628109,2025-04-11,1.0
A/Minnesota/133/2024|EPI_ISL_19628109,2025-04-30,1.0
A/Minnesota/133/2024|EPI_ISL_19628109,2025-05-15,1.0
A/Minnesota/133/2024|EPI_ISL_19628109,2025-05-20,1.0
A/Minnesota/97/2024|EPI_ISL_19445320,2024-04-22,1.0
A/Minnesota/97/2024|EPI_ISL_19445320,2024-05-05,1.0
A/Minnesota/97/2024|EPI_ISL_19445320,2024-05-13,1.0
A/Minnesota/97/2024|EPI_ISL_19445320,2024-05-16,1.0
A/Minnesota/97/2024|EPI_ISL_19445320,2024-05-24,1.0
A/Minnesota/97/2024|EPI_ISL_19445320,2024-05-31,1.0
A/Minnesota/97/2024|EPI_ISL_19445320,2024-06-01,1.0
A/Minnesota/97/2024|EPI_ISL_19445320,2024-06-03,1.0
A/Minnesota/97/2024|EPI_ISL_19445320,2024-06-11,2.0
A/Minnesota/97/2024|EPI_ISL_19445320,2024-06-12,1.0
A/Minnesota/97/2024|EPI_ISL_19445320,2024-06-13,1.0
A/Minnesota/97/2024|EPI_ISL_19445320,2024-06-15,1.0
A/Minnesota/97/2024|EPI_ISL_19445320,2024-06-16,1.0
A/Minnesota/97/2024|EPI_ISL_19445320,2024-06-17,1.0
A/Minnesota/97/2024|EPI_ISL_19445320,2024-06-18,1.0
A/Minnesota/97/2024|EPI_ISL_19445320,2024-06-19,1.0
A/Minnesota/97/2024|EPI_ISL_19445320,2024-06-23,1.0
A/Minnesota/97/2024|EPI_ISL_19445320,2024-06-24,1.0
A/Minnesota/97/2024|EPI_ISL_19445320,2024-06-25,2.0
A/Minnesota/97/2024|EPI_ISL_19445320,2024-06-29,2.0
A/Minnesota/97/2024|EPI_ISL_19445320,2024-06-30,1.0
A/Minnesota/97/2024|EPI_ISL_19445320,2024-07-01,2.0
A/Minnesota/97/2024|EPI_ISL_19445320,2024-07-02,2.0
A/Minnesota/97/2024|EPI_ISL_19445320,2024-07-03,2.0
A/Minnesota/97/2024|EPI_ISL_19445320,2024-07-06,1.0
A/Minnesota/97/2024|EPI_ISL_19445320,2024-07-11,1.0
A/Minnesota/97/2024|EPI_ISL_19445320,2024-07-12,1.0
A/Minnesota/97/2024|EPI_ISL_19445320,2024-07-13,1.0
A/Minnesota/97/2024|EPI_ISL_19445320,2024-07-14,1.0
A/Minnesota/97/2024|EPI_ISL_19445320,2024-07-16,1.0
A/Minnesota/97/2024|EPI_ISL_19445320,2024-07-17,1.0
A/Minnesota/97/2024|EPI_ISL_19445320,2024-07-18,1.0
A/Minnesota/97/2024|EPI_ISL_19445320,2024-07-19,2.0
A/Minnesota/97/2024|EPI_ISL_19445320,2024-07-20,1.0
A/Minnesota/97/2024|EPI_ISL_19445320,2024-07-24,1.0
A/Minnesota/97/2024|EPI_ISL_19445320,2024-07-25,2.0
A/Minnesota/97/2024|EPI_ISL_19445320,2024-07-29,1.0
A/Minnesota/97/2024|EPI_ISL_19445320,2024-07-30,1.0
A/Minnesota/97/2024|EPI_ISL_19445320,2024-07-31,1.0
A/Minnesota/97/2024|EPI_ISL_19445320,2024-08-03,2.0
A/Minnesota/97/2024|EPI_ISL_19445320,2024-08-04,1.0
A/Minnesota/97/2024|EPI_ISL_19445320,2024-08-05,4.0
A/Minnesota/97/2024|EPI_ISL_19445320,2024-08-06,1.0
A/Minnesota/97/2024|EPI_ISL_19445320,2024-08-07,1.0
A/Minnesota/97/2024|EPI_ISL_19445320,2024-08-08,1.0
A/Minnesota/97/2024|EPI_ISL_19445320,2024-08-09,4.0
A/Minnesota/97/2024|EPI_ISL_19445320,2024-08-10,1.0
A/Minnesota/97/2024|EPI_ISL_19445320,2024-08-11,1.0
A/Minnesota/97/2024|EPI_ISL_19445320,2024-08-12,1.0
A/Minnesota/97/2024|EPI_ISL_19445320,2024-08-13,1.0
A/Minnesota/97/2024|EPI_ISL_19445320,2024-08-14,2.0
A/Minnesota/97/2024|EPI_ISL_19445320,2024-08-15,1.0
A/Minnesota/97/2024|EPI_ISL_19445320,2024-08-16,2.0
A/Minnesota/97/2024|EPI_ISL_19445320,2024-08-19,2.0
A/Minnesota/97/2024|EPI_ISL_19445320,2024-08-26,1.0
A/Minnesota/97/2024|EPI_ISL_19445320,2024-08-28,3.0
A/Minnesota/97/2024|EPI_ISL_19445320,2024-08-30,1.0
A/Minnesota/97/2024|EPI_ISL_19445320,2024-08-31,1.0
A/Minnesota/97/2024|EPI_ISL_19445320,2024-09-01,1.0
A/Minnesota/97/2024|EPI_ISL_19445320,2024-09-02,1.0
A/Minnesota/97/2024|EPI_ISL_19445320,2024-09-03,1.0
A/Minnesota/97/2024|EPI_ISL_19445320,2024-09-06,2.0
A/Minnesota/97/2024|EPI_ISL_19445320,2024-09-08,1.0
A/Minnesota/97/2024|EPI_ISL_19445320,2024-09-09,3.0
A/Minnesota/97/2024|EPI_ISL_19445320,2024-09-10,1.0
A/Minnesota/97/2024|EPI_ISL_19445320,2024-09-11,3.0
A/Minnesota/97/2024|EPI_ISL_19445320,2024-09-13,1.0
A/Minnesota/97/2024|EPI_ISL_19445320,2024-09-15,1.0
A/Minnesota/97/2024|EPI_ISL_19445320,2024-09-16,2.0
A/Minnesota/97/2024|EPI_ISL_19445320,2024-09-17,3.0
A/Minnesota/97/2024|EPI_ISL_19445320,2024-09-19,1.0
A/Minnesota/97/2024|EPI_ISL_19445320,2024-09-20,1.0
A/Minnesota/97/2024|EPI_ISL_19445320,2024-09-23,1.0
A/Minnesota/97/2024|EPI_ISL_19445320,2024-09-24,1.0
A/Minnesota/97/2024|EPI_ISL_19445320,2024-09-26,1.0
A/Minnesota/97/2024|EPI_ISL_19445320,2024-09-27,2.0
A/Minnesota/97/2024|EPI_ISL_19445320,2024-09-29,1.0
A/Minnesota/97/2024|EPI_ISL_19445320,2024-10-03,3.0
A/Minnesota/97/2024|EPI_ISL_19445320,2024-10-05,1.0
A/Minnesota/97/2024|EPI_ISL_19445320,2024-10-06,1.0
A/Minnesota/97/2024|EPI_ISL_19445320,2024-10-09,1.0
A/Minnesota/97/2024|EPI_ISL_19445320,2024-10-10,1.0
A/Minnesota/97/2024|EPI_ISL_19445320,2024-10-11,1.0
A/Minnesota/97/2024|EPI_ISL_19445320,2024-10-12,1.0
A/Minnesota/97/2024|EPI_ISL_19445320,2024-10-13,2.0
A/Minnesota/97/2024|EPI_ISL_19445320,2024-10-14,5.0
A/Minnesota/97/2024|EPI_ISL_19445320,2024-10-15,1.0
A/Minnesota/97/2024|EPI_ISL_19445320,2024-10-18,1.0
A/Minnesota/97/2024|EPI_ISL_19445320,2024-10-22,1.0
A/Minnesota/97/2024|EPI_ISL_19445320,2024-10-23,2.0
A/Minnesota/97/2024|EPI_ISL_19445320,2024-10-24,2.0
A/Minnesota/97/2024|EPI_ISL_19445320,2024-10-25,1.0
A/Minnesota/97/2024|EPI_ISL_19445320,2024-10-27,1.0
A/Minnesota/97/2024|EPI_ISL_19445320,2024-10-28,3.0
A/Minnesota/97/2024|EPI_ISL_19445320,2024-10-30,2.0
A/Minnesota/97/2024|EPI_ISL_19445320,2024-11-01,2.0
A/Minnesota/97/2024|EPI_ISL_19445320,2024-11-05,2.0
A/Minnesota/97/2024|EPI_ISL_19445320,2024-11-08,2.0
A/Minnesota/97/2024|EPI_ISL_19445320,2024-11-09,1.0
A/Minnesota/97/2024|EPI_ISL_19445320,2024-11-11,1.0
A/Minnesota/97/2024|EPI_ISL_19445320,2024-11-12,1.0
A/Minnesota/97/2024|EPI_ISL_19445320,2024-11-13,1.0
A/Minnesota/97/2024|EPI_ISL_19445320,2024-11-14,1.0
A/Minnesota/97/2024|EPI_ISL_19445320,2024-11-15,1.0
A/Minnesota/97/2024|EPI_ISL_19445320,2024-11-16,1.0
A/Minnesota/97/2024|EPI_ISL_19445320,2024-11-17,1.0
A/Minnesota/97/2024|EPI_ISL_19445320,2024-11-18,1.0
A/Minnesota/97/2024|EPI_ISL_19445320,2024-11-20,4.0
A/Minnesota/97/2024|EPI_ISL_19445320,2024-11-22,1.0
A/Minnesota/97/2024|EPI_ISL_19445320,2024-11-25,3.0
A/Minnesota/97/2024|EPI_ISL_19445320,2024-11-26,5.0
A/Minnesota/97/2024|EPI_ISL_19445320,2024-11-27,1.0
A/Minnesota/97/2024|EPI_ISL_19445320,2024-11-28,2.0
A/Minnesota/97/2024|EPI_ISL_19445320,2024-11-29,1.0
A/Minnesota/97/2024|EPI_ISL_19445320,2024-11-30,1.0
A/Minnesota/97/2024|EPI_ISL_19445320,2024-12-01,1.0
A/Minnesota/97/2024|EPI_ISL_19445320,2024-12-02,1.0
A/Minnesota/97/2024|EPI_ISL_19445320,2024-12-05,2.0
A/Minnesota/97/2024|EPI_ISL_19445320,2024-12-09,4.0
A/Minnesota/97/2024|EPI_ISL_19445320,2024-12-10,1.0
A/Minnesota/97/2024|EPI_ISL_19445320,2024-12-11,1.0
A/Minnesota/97/2024|EPI_ISL_19445320,2024-12-12,1.0
A/Minnesota/97/2024|EPI_ISL_19445320,2024-12-13,1.0
A/Minnesota/97/2024|EPI_ISL_19445320,2024-12-15,1.0
A/Minnesota/97/2024|EPI_ISL_19445320,2024-12-16,3.0
A/Minnesota/97/2024|EPI_ISL_19445320,2024-12-17,1.0
A/Minnesota/97/2024|EPI_ISL_19445320,2024-12-18,2.0
A/Minnesota/97/2024|EPI_ISL_19445320,2024-12-19,4.0
A/Minnesota/97/2024|EPI_ISL_19445320,2024-12-22,1.0
A/Minnesota/97/2024|EPI_ISL_19445320,2024-12-26,1.0
A/Minnesota/97/2024|EPI_ISL_19445320,2024-12-27,1.0
A/Minnesota/97/2024|EPI_ISL_19445320,2024-12-29,1.0
A/Minnesota/97/2024|EPI_ISL_19445320,2025-01-01,1.0
A/Minnesota/97/2024|EPI_ISL_19445320,2025-01-02,1.0
A/Minnesota/97/2024|EPI_ISL_19445320,2025-01-03,1.0
A/Minnesota/97/2024|EPI_ISL_19445320,2025-01-05,1.0
A/Minnesota/97/2024|EPI_ISL_19445320,2025-01-06,3.0
A/Minnesota/97/2024|EPI_ISL_19445320,2025-01-07,4.0
A/Minnesota/97/2024|EPI_ISL_19445320,2025-01-09,3.0
A/Minnesota/97/2024|EPI_ISL_19445320,2025-01-10,1.0
A/Minnesota/97/2024|EPI_ISL_19445320,2025-01-11,1.0
A/Minnesota/97/2024|EPI_ISL_19445320,2025-01-12,2.0
A/Minnesota/97/2024|EPI_ISL_19445320,2025-01-13,4.0
A/Minnesota/97/2024|EPI_ISL_19445320,2025-01-14,3.0
A/Minnesota/97/2024|EPI_ISL_19445320,2025-01-15,5.0
A/Minnesota/97/2024|EPI_ISL_19445320,2025-01-16,1.0
A/Minnesota/97/2024|EPI_ISL_19445320,2025-01-18,1.0
A/Minnesota/97/2024|EPI_ISL_19445320,2025-01-20,4.0
A/Minnesota/97/2024|EPI_ISL_19445320,2025-01-21,3.0
A/Minnesota/97/2024|EPI_ISL_19445320,2025-01-22,1.0
A/Minnesota/97/2024|EPI_ISL_19445320,2025-01-23,1.0
A/Minnesota/97/2024|EPI_ISL_19445320,2025-01-24,1.0
A/Minnesota/97/2024|EPI_ISL_19445320,2025-01-26,1.0
A/Minnesota/97/2024|EPI_ISL_19445320,2025-01-27,7.0
A/Minnesota/97/2024|EPI_ISL_19445320,2025-01-28,2.0
A/Minnesota/97/2024|EPI_ISL_19445320,2025-01-29,1.0
A/Minnesota/97/2024|EPI_ISL_19445320,2025-01-30,2.0
A/Minnesota/97/2024|EPI_ISL_19445320,2025-01-31,1.0
A/Minnesota/97/2024|EPI_ISL_19445320,2025-02-03,3.0
A/Minnesota/97/2024|EPI_ISL_19445320,2025-02-04,2.0
A/Minnesota/97/2024|EPI_ISL_19445320,2025-02-05,3.0
A/Minnesota/97/2024|EPI_ISL_19445320,2025-02-06,4.0
A/Minnesota/97/2024|EPI_ISL_19445320,2025-02-07,2.0
A/Minnesota/97/2024|EPI_ISL_19445320,2025-02-08,1.0
A/Minnesota/97/2024|EPI_ISL_19445320,2025-02-09,1.0
A/Minnesota/97/2024|EPI_ISL_19445320,2025-02-10,4.0
A/Minnesota/97/2024|EPI_ISL_19445320,2025-02-11,3.0
A/Minnesota/97/2024|EPI_ISL_19445320,2025-02-12,1.0
A/Minnesota/97/2024|EPI_ISL_19445320,2025-02-13,1.0
A/Minnesota/97/2024|EPI_ISL_19445320,2025-02-14,1.0
A/Minnesota/97/2024|EPI_ISL_19445320,2025-02-15,1.0
A/Minnesota/97/2024|EPI_ISL_19445320,2025-02-16,2.0
A/Minnesota/97/2024|EPI_ISL_19445320,2025-02-17,5.0
A/Minnesota/97/2024|EPI_ISL_19445320,2025-02-18,2.0
A/Minnesota/97/2024|EPI_ISL_19445320,2025-02-19,1.0
A/Minnesota/97/2024|EPI_ISL_19445320,2025-02-20,2.0
A/Minnesota/97/2024|EPI_ISL_19445320,2025-02-24,1.0
A/Minnesota/97/2024|EPI_ISL_19445320,2025-02-25,7.0
A/Minnesota/97/2024|EPI_ISL_19445320,2025-02-26,1.0
A/Minnesota/97/2024|EPI_ISL_19445320,2025-02-28,1.0
A/Minnesota/97/2024|EPI_ISL_19445320,2025-03-01,1.0
A/Minnesota/97/2024|EPI_ISL_19445320,2025-03-04,2.0
A/Minnesota/97/2024|EPI_ISL_19445320,2025-03-05,1.0
A/Minnesota/97/2024|EPI_ISL_19445320,2025-03-06,2.0
A/Minnesota/97/2024|EPI_ISL_19445320,2025-03-07,1.0
A/Minnesota/97/2024|EPI_ISL_19445320,2025-03-10,1.0
A/Minnesota/97/2024|EPI_ISL_19445320,2025-03-12,1.0
A/Minnesota/97/2024|EPI_ISL_19445320,2025-03-13,1.0
A/Minnesota/97/2024|EPI_ISL_19445320,2025-03-14,1.0
A/Minnesota/97/2024|EPI_ISL_19445320,2025-03-15,2.0
A/Minnesota/97/2024|EPI_ISL_19445320,2025-03-19,1.0
A/Minnesota/97/2024|EPI_ISL_19445320,2025-03-24,2.0
A/Minnesota/97/2024|EPI_ISL_19445320,2025-03-26,2.0
A/Minnesota/97/2024|EPI_ISL_19445320,2025-03-27,1.0
A/Minnesota/97/2024|EPI_ISL_19445320,2025-04-08,1.0
A/Minnesota/97/2024|EPI_ISL_19445320,2025-04-14,1.0
A/Minnesota/97/2024|EPI_ISL_19445320,2025-04-15,1.0
A/Minnesota/97/2024|EPI_ISL_19445320,2025-04-18,1.0
A/Minnesota/97/2024|EPI_ISL_19445320,2025-04-30,1.0
A/Minnesota/97/2024|EPI_ISL_19445320,2025-05-06,1.0
A/Minnesota/97/2024|EPI_ISL_19445320,2025-05-13,1.0
A/Minnesota/97/2024|EPI_ISL_19445320,2025-05-22,1.0
A/Minnesota/97/2024|EPI_ISL_19445320,2025-05-26,1.0
A/Minnesota/97/2024|EPI_ISL_19445320,2025-06-05,1.0
A/Minnesota/97/2024|EPI_ISL_19445320,2025-06-22,1.0
A/Netherlands/01502/2025|EPI_ISL_19786781,2024-11-14,1.0
A/Netherlands/01502/2025|EPI_ISL_19786781,2024-11-16,1.0
A/Netherlands/01502/2025|EPI_ISL_19786781,2024-11-25,3.0
A/Netherlands/01502/2025|EPI_ISL_19786781,2024-11-27,1.0
A/Netherlands/01502/2025|EPI_ISL_19786781,2024-12-02,1.0
A/Netherlands/01502/2025|EPI_ISL_19786781,2024-12-03,2.0
A/Netherlands/01502/2025|EPI_ISL_19786781,2024-12-04,1.0
A/Netherlands/01502/2025|EPI_ISL_19786781,2024-12-09,3.0
A/Netherlands/01502/2025|EPI_ISL_19786781,2024-12-10,1.0
A/Netherlands/01502/2025|EPI_ISL_19786781,2024-12-12,1.0
A/Netherlands/01502/2025|EPI_ISL_19786781,2024-12-13,4.0
A/Netherlands/01502/2025|EPI_ISL_19786781,2024-12-14,3.0
A/Netherlands/01502/2025|EPI_ISL_19786781,2024-12-15,4.0
A/Netherlands/01502/2025|EPI_ISL_19786781,2024-12-16,5.0
A/Netherlands/01502/2025|EPI_ISL_19786781,2024-12-18,3.0
A/Netherlands/01502/2025|EPI_ISL_19786781,2024-12-19,2.0
A/Netherlands/01502/2025|EPI_ISL_19786781,2024-12-20,1.0
A/Netherlands/01502/2025|EPI_ISL_19786781,2024-12-23,1.0
A/Netherlands/01502/2025|EPI_ISL_19786781,2024-12-24,1.0
A/Netherlands/01502/2025|EPI_ISL_19786781,2024-12-25,2.0
A/Netherlands/01502/2025|EPI_ISL_19786781,2024-12-26,2.0
A/Netherlands/01502/2025|EPI_ISL_19786781,2024-12-27,2.0
A/Netherlands/01502/2025|EPI_ISL_19786781,2024-12-28,4.0
A/Netherlands/01502/2025|EPI_ISL_19786781,2024-12-29,2.0
A/Netherlands/01502/2025|EPI_ISL_19786781,2024-12-30,7.0
A/Netherlands/01502/2025|EPI_ISL_19786781,2024-12-31,8.0
A/Netherlands/01502/2025|EPI_ISL_19786781,2025-01-01,2.0
A/Netherlands/01502/2025|EPI_ISL_19786781,2025-01-02,6.0
A/Netherlands/01502/2025|EPI_ISL_19786781,2025-01-03,5.0
A/Netherlands/01502/2025|EPI_ISL_19786781,2025-01-04,8.0
A/Netherlands/01502/2025|EPI_ISL_19786781,2025-01-05,2.0
A/Netherlands/01502/2025|EPI_ISL_19786781,2025-01-06,15.0
A/Netherlands/01502/2025|EPI_ISL_19786781,2025-01-07,10.0
A/Netherlands/01502/2025|EPI_ISL_19786781,2025-01-08,5.0
A/Netherlands/01502/2025|EPI_ISL_19786781,2025-01-09,7.0
A/Netherlands/01502/2025|EPI_ISL_19786781,2025-01-10,6.0
A/Netherlands/01502/2025|EPI_ISL_19786781,2025-01-11,3.0
A/Netherlands/01502/2025|EPI_ISL_19786781,2025-01-12,2.0
A/Netherlands/01502/2025|EPI_ISL_19786781,2025-01-13,13.0
A/Netherlands/01502/2025|EPI_ISL_19786781,2025-01-14,11.0
A/Netherlands/01502/2025|EPI_ISL_19786781,2025-01-15,8.0
A/Netherlands/01502/2025|EPI_ISL_19786781,2025-01-16,10.0
A/Netherlands/01502/2025|EPI_ISL_19786781,2025-01-17,10.0
A/Netherlands/01502/2025|EPI_ISL_19786781,2025-01-18,5.0
A/Netherlands/01502/2025|EPI_ISL_19786781,2025-01-19,5.0
A/Netherlands/01502/2025|EPI_ISL_19786781,2025-01-20,13.0
A/Netherlands/01502/2025|EPI_ISL_19786781,2025-01-21,5.0
A/Netherlands/01502/2025|EPI_ISL_19786781,2025-01-22,17.0
A/Netherlands/01502/2025|EPI_ISL_19786781,2025-01-23,11.0
A/Netherlands/01502/2025|EPI_ISL_19786781,2025-01-24,4.0
A/Netherlands/01502/2025|EPI_ISL_19786781,2025-01-25,4.0
A/Netherlands/01502/2025|EPI_ISL_19786781,2025-01-26,1.0
A/Netherlands/01502/2025|EPI_ISL_19786781,2025-01-27,16.0
A/Netherlands/01502/2025|EPI_ISL_19786781,2025-01-28,12.0
A/Netherlands/01502/2025|EPI_ISL_19786781,2025-01-29,6.0
A/Netherlands/01502/2025|EPI_ISL_19786781,2025-01-30,15.0
A/Netherlands/01502/2025|EPI_ISL_19786781,2025-01-31,12.0
A/Netherlands/01502/2025|EPI_ISL_19786781,2025-02-01,2.0
A/Netherlands/01502/2025|EPI_ISL_19786781,2025-02-02,3.0
A/Netherlands/01502/2025|EPI_ISL_19786781,2025-02-03,21.0
A/Netherlands/01502/2025|EPI_ISL_19786781,2025-02-04,9.0
A/Netherlands/01502/2025|EPI_ISL_19786781,2025-02-05,11.0
A/Netherlands/01502/2025|EPI_ISL_19786781,2025-02-06,15.0
A/Netherlands/01502/2025|EPI_ISL_19786781,2025-02-07,10.0
A/Netherlands/01502/2025|EPI_ISL_19786781,2025-02-08,6.0
A/Netherlands/01502/2025|EPI_ISL_19786781,2025-02-09,8.0
A/Netherlands/01502/2025|EPI_ISL_19786781,2025-02-10,21.0
A/Netherlands/01502/2025|EPI_ISL_19786781,2025-02-11,15.0
A/Netherlands/01502/2025|EPI_ISL_19786781,2025-02-12,9.0
A/Netherlands/01502/2025|EPI_ISL_19786781,2025-02-13,16.0
A/Netherlands/01502/2025|EPI_ISL_19786781,2025-02-14,11.0
A/Netherlands/01502/2025|EPI_ISL_19786781,2025-02-15,3.0
A/Netherlands/01502/2025|EPI_ISL_19786781,2025-02-16,7.0
A/Netherlands/01502/2025|EPI_ISL_19786781,2025-02-17,12.0
A/Netherlands/01502/2025|EPI_ISL_19786781,2025-02-18,19.0
A/Netherlands/01502/2025|EPI_ISL_19786781,2025-02-19,3.0
A/Netherlands/01502/2025|EPI_ISL_19786781,2025-02-20,8.0
A/Netherlands/01502/2025|EPI_ISL_19786781,2025-02-21,7.0
A/Netherlands/01502/2025|EPI_ISL_19786781,2025-02-22,6.0
A/Netherlands/01502/2025|EPI_ISL_19786781,2025-02-23,6.0
A/Netherlands/01502/2025|EPI_ISL_19786781,2025-02-24,17.0
A/Netherlands/01502/2025|EPI_ISL_19786781,2025-02-25,13.0
A/Netherlands/01502/2025|EPI_ISL_19786781,2025-02-26,15.0
A/Netherlands/01502/2025|EPI_ISL_19786781,2025-02-27,8.0
A/Netherlands/01502/2025|EPI_ISL_19786781,2025-02-28,2.0
A/Netherlands/01502/2025|EPI_ISL_19786781,2025-03-01,5.0
A/Netherlands/01502/2025|EPI_ISL_19786781,2025-03-02,1.0
A/Netherlands/01502/2025|EPI_ISL_19786781,2025-03-03,22.0
A/Netherlands/01502/2025|EPI_ISL_19786781,2025-03-04,15.0
A/Netherlands/01502/2025|EPI_ISL_19786781,2025-03-05,11.0
A/Netherlands/01502/2025|EPI_ISL_19786781,2025-03-06,6.0
A/Netherlands/01502/2025|EPI_ISL_19786781,2025-03-07,5.0
A/Netherlands/01502/2025|EPI_ISL_19786781,2025-03-08,4.0
A/Netherlands/01502/2025|EPI_ISL_19786781,2025-03-09,3.0
A/Netherlands/01502/2025|EPI_ISL_19786781,2025-03-10,5.0
A/Netherlands/01502/2025|EPI_ISL_19786781,2025-03-11,9.0
A/Netherlands/01502/2025|EPI_ISL_19786781,2025-03-12,6.0
A/Netherlands/01502/2025|EPI_ISL_19786781,2025-03-13,5.0
A/Netherlands/01502/2025|EPI_ISL_19786781,2025-03-14,2.0
A/Netherlands/01502/2025|EPI_ISL_19786781,2025-03-15,4.0
A/Netherlands/01502/2025|EPI_ISL_19786781,2025-03-16,1.0
A/Netherlands/01502/2025|EPI_ISL_19786781,2025-03-17,10.0
A/Netherlands/01502/2025|EPI_ISL_19786781,2025-03-18,6.0
A/Netherlands/01502/2025|EPI_ISL_19786781,2025-03-19,6.0
A/Netherlands/01502/2025|EPI_ISL_19786781,2025-03-20,5.0
A/Netherlands/01502/2025|EPI_ISL_19786781,2025-03-21,4.0
A/Netherlands/01502/2025|EPI_ISL_19786781,2025-03-22,2.0
A/Netherlands/01502/2025|EPI_ISL_19786781,2025-03-23,2.0
A/Netherlands/01502/2025|EPI_ISL_19786781,2025-03-24,6.0
A/Netherlands/01502/2025|EPI_ISL_19786781,2025-03-25,6.0
A/Netherlands/01502/2025|EPI_ISL_19786781,2025-03-26,5.0
A/Netherlands/01502/2025|EPI_ISL_19786781,2025-03-27,3.0
A/Netherlands/01502/2025|EPI_ISL_19786781,2025-03-28,3.0
A/Netherlands/01502/2025|EPI_ISL_19786781,2025-03-29,1.0
A/Netherlands/01502/2025|EPI_ISL_19786781,2025-03-31,3.0
A/Netherlands/01502/2025|EPI_ISL_19786781,2025-04-01,5.0
A/Netherlands/01502/2025|EPI_ISL_19786781,2025-04-02,2.0
A/Netherlands/01502/2025|EPI_ISL_19786781,2025-04-03,3.0
A/Netherlands/01502/2025|EPI_ISL_19786781,2025-04-04,1.0
A/Netherlands/01502/2025|EPI_ISL_19786781,2025-04-07,3.0
A/Netherlands/01502/2025|EPI_ISL_19786781,2025-04-08,2.0
A/Netherlands/01502/2025|EPI_ISL_19786781,2025-04-09,1.0
A/Netherlands/01502/2025|EPI_ISL_19786781,2025-04-10,2.0
A/Netherlands/01502/2025|EPI_ISL_19786781,2025-04-11,2.0
A/Netherlands/01502/2025|EPI_ISL_19786781,2025-04-14,1.0
A/Netherlands/01502/2025|EPI_ISL_19786781,2025-04-15,1.0
A/Netherlands/01502/2025|EPI_ISL_19786781,2025-04-16,1.0
A/Netherlands/01502/2025|EPI_ISL_19786781,2025-04-17,1.0
A/Netherlands/01502/2025|EPI_ISL_19786781,2025-04-18,1.0
A/Netherlands/01502/2025|EPI_ISL_19786781,2025-04-19,1.0
A/Netherlands/01502/2025|EPI_ISL_19786781,2025-04-20,4.0
A/Netherlands/01502/2025|EPI_ISL_19786781,2025-04-22,2.0
A/Netherlands/01502/2025|EPI_ISL_19786781,2025-04-23,1.0
A/Netherlands/01502/2025|EPI_ISL_19786781,2025-04-24,1.0
A/Netherlands/01502/2025|EPI_ISL_19786781,2025-04-26,2.0
A/Netherlands/01502/2025|EPI_ISL_19786781,2025-04-29,2.0
A/Netherlands/01502/2025|EPI_ISL_19786781,2025-05-01,1.0
A/Netherlands/01502/2025|EPI_ISL_19786781,2025-05-02,4.0
A/Netherlands/01502/2025|EPI_ISL_19786781,2025-05-03,2.0
A/Netherlands/01502/2025|EPI_ISL_19786781,2025-05-05,1.0
A/Netherlands/01502/2025|EPI_ISL_19786781,2025-05-06,2.0
A/Netherlands/01502/2025|EPI_ISL_19786781,2025-05-07,3.0
A/Netherlands/01502/2025|EPI_ISL_19786781,2025-05-08,1.0
A/Netherlands/01502/2025|EPI_ISL_19786781,2025-05-09,1.0
A/Netherlands/01502/2025|EPI_ISL_19786781,2025-05-11,1.0
A/Netherlands/01502/2025|EPI_ISL_19786781,2025-05-12,4.0
A/Netherlands/01502/2025|EPI_ISL_19786781,2025-05-13,2.0
A/Netherlands/01502/2025|EPI_ISL_19786781,2025-05-14,3.0
A/Netherlands/01502/2025|EPI_ISL_19786781,2025-05-15,2.0
A/Netherlands/01502/2025|EPI_ISL_19786781,2025-05-16,1.0
A/Netherlands/01502/2025|EPI_ISL_19786781,2025-05-17,3.0
A/Netherlands/01502/2025|EPI_ISL_19786781,2025-05-18,1.0
A/Netherlands/01502/2025|EPI_ISL_19786781,2025-05-19,2.0
A/Netherlands/01502/2025|EPI_ISL_19786781,2025-05-21,1.0
A/Netherlands/01502/2025|EPI_ISL_19786781,2025-05-22,1.0
A/Netherlands/01502/2025|EPI_ISL_19786781,2025-05-27,2.0
A/Netherlands/01502/2025|EPI_ISL_19786781,2025-05-30,1.0
A/Netherlands/01502/2025|EPI_ISL_19786781,2025-06-03,1.0
A/Netherlands/01502/2025|EPI_ISL_19786781,2025-06-06,4.0
A/Netherlands/01502/2025|EPI_ISL_19786781,2025-06-10,3.0
A/Netherlands/01502/2025|EPI_ISL_19786781,2025-06-12,3.0
A/Netherlands/01502/2025|EPI_ISL_19786781,2025-06-17,1.0
A/Netherlands/01502/2025|EPI_ISL_19786781,2025-06-19,2.0
A/Netherlands/01502/2025|EPI_ISL_19786781,2025-06-20,1.0
A/Netherlands/01502/2025|EPI_ISL_19786781,2025-06-21,1.0
A/Netherlands/01502/2025|EPI_ISL_19786781,2025-06-23,2.0
A/Netherlands/01502/2025|EPI_ISL_19786781,2025-06-24,1.0
A/Netherlands/01502/2025|EPI_ISL_19786781,2025-06-25,2.0
A/Netherlands/01502/2025|EPI_ISL_19786781,2025-06-28,1.0
A/Netherlands/01502/2025|EPI_ISL_19786781,2025-06-29,1.0
A/Netherlands/01502/2025|EPI_ISL_19786781,2025-07-04,1.0
A/Netherlands/01502/2025|EPI_ISL_19786781,2025-07-10,1.0
A/Netherlands/01502/2025|EPI_ISL_19786781,2025-07-22,1.0
A/Netherlands/01502/2025|EPI_ISL_19786781,2025-07-23,4.0
A/Nevada/216/2024|EPI_ISL_19628198,2024-08-04,1.0
A/Nevada/216/2024|EPI_ISL_19628198,2024-09-17,1.0
A/Nevada/216/2024|EPI_ISL_19628198,2024-09-18,1.0
A/Nevada/216/2024|EPI_ISL_19628198,2024-09-19,1.0
A/Nevada/216/2024|EPI_ISL_19628198,2024-10-07,2.0
A/Nevada/216/2024|EPI_ISL_19628198,2024-10-11,2.0
A/Nevada/216/2024|EPI_ISL_19628198,2024-10-16,2.0
A/Nevada/216/2024|EPI_ISL_19628198,2024-10-23,1.0
A/Nevada/216/2024|EPI_ISL_19628198,2024-10-24,1.0
A/Nevada/216/2024|EPI_ISL_19628198,2024-10-29,1.0
A/Nevada/216/2024|EPI_ISL_19628198,2024-10-31,1.0
A/Nevada/216/2024|EPI_ISL_19628198,2024-11-03,1.0
A/Nevada/216/2024|EPI_ISL_19628198,2024-11-04,1.0
A/Nevada/216/2024|EPI_ISL_19628198,2024-11-05,3.0
A/Nevada/216/2024|EPI_ISL_19628198,2024-11-06,1.0
A/Nevada/216/2024|EPI_ISL_19628198,2024-11-13,1.0
A/Nevada/216/2024|EPI_ISL_19628198,2024-11-14,1.0
A/Nevada/216/2024|EPI_ISL_19628198,2024-11-15,1.0
A/Nevada/216/2024|EPI_ISL_19628198,2024-11-23,1.0
A/Nevada/216/2024|EPI_ISL_19628198,2024-11-25,1.0
A/Nevada/216/2024|EPI_ISL_19628198,2024-11-29,2.0
A/Nevada/216/2024|EPI_ISL_19628198,2024-12-01,2.0
A/Nevada/216/2024|EPI_ISL_19628198,2024-12-05,1.0
A/Nevada/216/2024|EPI_ISL_19628198,2024-12-16,1.0
A/Nevada/216/2024|EPI_ISL_19628198,2024-12-19,1.0
A/Nevada/216/2024|EPI_ISL_19628198,2024-12-24,1.0
A/Nevada/216/2024|EPI_ISL_19628198,2024-12-30,1.0
A/Nevada/216/2024|EPI_ISL_19628198,2024-12-31,1.0
A/Nevada/216/2024|EPI_ISL_19628198,2025-01-08,2.0
A/Nevada/216/2024|EPI_ISL_19628198,2025-01-09,1.0
A/Nevada/216/2024|EPI_ISL_19628198,2025-01-13,3.0
A/Nevada/216/2024|EPI_ISL_19628198,2025-01-16,3.0
A/Nevada/216/2024|EPI_ISL_19628198,2025-01-18,2.0
A/Nevada/216/2024|EPI_ISL_19628198,2025-01-21,1.0
A/Nevada/216/2024|EPI_ISL_19628198,2025-01-25,1.0
A/Nevada/216/2024|EPI_ISL_19628198,2025-01-29,1.0
A/Nevada/216/2024|EPI_ISL_19628198,2025-01-31,2.0
A/Nevada/216/2024|EPI_ISL_19628198,2025-02-01,1.0
A/Nevada/216/2024|EPI_ISL_19628198,2025-02-02,2.0
A/Nevada/216/2024|EPI_ISL_19628198,2025-02-03,1.0
A/Nevada/216/2024|EPI_ISL_19628198,2025-02-04,1.0
A/Nevada/216/2024|EPI_ISL_19628198,2025-02-06,1.0
A/Nevada/216/2024|EPI_ISL_19628198,2025-02-19,1.0
A/Nevada/216/2024|EPI_ISL_19628198,2025-02-24,1.0
A/Nevada/216/2024|EPI_ISL_19628198,2025-02-25,2.0
A/Nevada/216/2024|EPI_ISL_19628198,2025-03-02,1.0
A/Nevada/216/2024|EPI_ISL_19628198,2025-03-04,2.0
A/Nevada/216/2024|EPI_ISL_19628198,2025-03-06,2.0
A/Nevada/216/2024|EPI_ISL_19628198,2025-03-07,1.0
A/Nevada/216/2024|EPI_ISL_19628198,2025-03-08,1.0
A/Nevada/216/2024|EPI_ISL_19628198,2025-03-10,2.0
A/Nevada/216/2024|EPI_ISL_19628198,2025-03-11,3.0
A/Nevada/216/2024|EPI_ISL_19628198,2025-03-14,3.0
A/Nevada/216/2024|EPI_ISL_19628198,2025-03-21,1.0
A/Nevada/216/2024|EPI_ISL_19628198,2025-04-08,2.0
A/Nevada/216/2024|EPI_ISL_19628198,2025-04-14,1.0
A/Nevada/216/2024|EPI_ISL_19628198,2025-04-16,1.0
A/Nevada/216/2024|EPI_ISL_19628198,2025-04-21,2.0
A/Nevada/216/2024|EPI_ISL_19628198,2025-05-02,1.0
A/New_York/191/2024|EPI_ISL_19586926,2024-04-19,1.0
A/New_York/191/2024|EPI_ISL_19586926,2024-04-20,1.0
A/New_York/191/2024|EPI_ISL_19586926,2024-04-21,1.0
A/New_York/191/2024|EPI_ISL_19586926,2024-04-22,2.0
A/New_York/191/2024|EPI_ISL_19586926,2024-04-23,1.0
A/New_York/191/2024|EPI_ISL_19586926,2024-04-24,4.0
A/New_York/191/2024|EPI_ISL_19586926,2024-04-25,1.0
A/New_York/191/2024|EPI_ISL_19586926,2024-04-29,2.0
A/New_York/191/2024|EPI_ISL_19586926,2024-05-03,4.0
A/New_York/191/2024|EPI_ISL_19586926,2024-05-05,1.0
A/New_York/191/2024|EPI_ISL_19586926,2024-05-10,1.0
A/New_York/191/2024|EPI_ISL_19586926,2024-05-13,3.0
A/New_York/191/2024|EPI_ISL_19586926,2024-05-14,2.0
A/New_York/191/2024|EPI_ISL_19586926,2024-05-15,3.0
A/New_York/191/2024|EPI_ISL_19586926,2024-05-16,2.0
A/New_York/191/2024|EPI_ISL_19586926,2024-05-17,1.0
A/New_York/191/2024|EPI_ISL_19586926,2024-05-19,2.0
A/New_York/191/2024|EPI_ISL_19586926,2024-05-21,2.0
A/New_York/191/2024|EPI_ISL_19586926,2024-05-23,3.0
A/New_York/191/2024|EPI_ISL_19586926,2024-05-25,1.0
A/New_York/191/2024|EPI_ISL_19586926,2024-05-26,2.0
A/New_York/191/2024|EPI_ISL_19586926,2024-05-28,1.0
A/New_York/191/2024|EPI_ISL_19586926,2024-05-29,3.0
A/New_York/191/2024|EPI_ISL_19586926,2024-05-30,1.0
A/New_York/191/2024|EPI_ISL_19586926,2024-05-31,4.0
A/New_York/191/2024|EPI_ISL_19586926,2024-06-03,1.0
A/New_York/191/2024|EPI_ISL_19586926,2024-06-04,1.0
A/New_York/191/2024|EPI_ISL_19586926,2024-06-05,1.0
A/New_York/191/2024|EPI_ISL_19586926,2024-06-09,1.0
A/New_York/191/2024|EPI_ISL_19586926,2024-06-12,3.0
A/New_York/191/2024|EPI_ISL_19586926,2024-06-13,1.0
A/New_York/191/2024|EPI_ISL_19586926,2024-06-30,1.0
A/New_York/191/2024|EPI_ISL_19586926,2024-07-01,1.0
A/New_York/191/2024|EPI_ISL_19586926,2024-07-08,2.0
A/New_York/191/2024|EPI_ISL_19586926,2024-07-17,1.0
A/New_York/191/2024|EPI_ISL_19586926,2024-07-23,1.0
A/New_York/191/2024|EPI_ISL_19586926,2024-07-26,1.0
A/New_York/191/2024|EPI_ISL_19586926,2024-07-29,1.0
A/New_York/191/2024|EPI_ISL_19586926,2024-08-06,1.0
A/New_York/191/2024|EPI_ISL_19586926,2024-08-07,1.0
A/New_York/191/2024|EPI_ISL_19586926,2024-08-08,1.0
A/New_York/191/2024|EPI_ISL_19586926,2024-08-14,2.0
A/New_York/191/2024|EPI_ISL_19586926,2024-08-22,1.0
A/New_York/191/2024|EPI_ISL_19586926,2024-08-28,1.0
A/New_York/191/2024|EPI_ISL_19586926,2024-09-01,1.0
A/New_York/191/2024|EPI_ISL_19586926,2024-09-05,1.0
A/New_York/191/2024|EPI_ISL_19586926,2024-09-11,1.0
A/New_York/191/2024|EPI_ISL_19586926,2024-09-24,2.0
A/New_York/191/2024|EPI_ISL_19586926,2024-10-03,1.0
A/New_York/191/2024|EPI_ISL_19586926,2024-10-11,1.0
A/New_York/191/2024|EPI_ISL_19586926,2024-10-27,1.0
A/New_York/191/2024|EPI_ISL_19586926,2024-10-29,1.0
A/New_York/191/2024|EPI_ISL_19586926,2024-10-30,1.0
A/New_York/191/2024|EPI_ISL_19586926,2024-10-31,1.0
A/New_York/191/2024|EPI_ISL_19586926,2024-11-01,2.0
A/New_York/191/2024|EPI_ISL_19586926,2024-11-04,1.0
A/New_York/191/2024|EPI_ISL_19586926,2024-11-06,1.0
A/New_York/191/2024|EPI_ISL_19586926,2024-11-08,1.0
A/New_York/191/2024|EPI_ISL_19586926,2024-11-13,1.0
A/New_York/191/2024|EPI_ISL_19586926,2024-11-21,2.0
A/New_York/191/2024|EPI_ISL_19586926,2024-11-23,2.0
A/New_York/191/2024|EPI_ISL_19586926,2024-12-16,2.0
A/New_York/191/2024|EPI_ISL_19586926,2024-12-19,1.0
A/New_York/191/2024|EPI_ISL_19586926,2024-12-23,1.0
A/New_York/191/2024|EPI_ISL_19586926,2025-01-02,1.0
A/New_York/191/2024|EPI_ISL_19586926,2025-01-05,1.0
A/New_York/191/2024|EPI_ISL_19586926,2025-01-10,1.0
A/New_York/191/2024|EPI_ISL_19586926,2025-01-18,3.0
A/New_York/191/2024|EPI_ISL_19586926,2025-01-19,2.0
A/New_York/191/2024|EPI_ISL_19586926,2025-01-21,2.0
A/New_York/191/2024|EPI_ISL_19586926,2025-01-22,3.0
A/New_York/191/2024|EPI_ISL_19586926,2025-01-24,1.0
A/New_York/191/2024|EPI_ISL_19586926,2025-01-25,2.0
A/New_York/191/2024|EPI_ISL_19586926,2025-01-26,1.0
A/New_York/191/2024|EPI_ISL_19586926,2025-01-29,2.0
A/New_York/191/2024|EPI_ISL_19586926,2025-01-30,2.0
A/New_York/191/2024|EPI_ISL_19586926,2025-02-02,2.0
A/New_York/191/2024|EPI_ISL_19586926,2025-02-04,2.0
A/New_York/191/2024|EPI_ISL_19586926,2025-02-05,1.0
A/New_York/191/2024|EPI_ISL_19586926,2025-02-14,2.0
A/New_York/191/2024|EPI_ISL_19586926,2025-02-24,1.0
A/New_York/191/2024|EPI_ISL_19586926,2025-03-02,1.0
A/New_York/191/2024|EPI_ISL_19586926,2025-03-03,1.0
A/New_York/191/2024|EPI_ISL_19586926,2025-03-04,1.0
A/New_York/39/2025|EPI_ISL_19789808|EPI4131294,2025-02-07,1.0
A/New_York/GKISBBBE61555/2025|EPI_ISL_19777744|EPI4101537,2024-12-05,1.0
A/New_York/GKISBBBE61555/2025|EPI_ISL_19777744|EPI4101537,2024-12-06,1.0
A/New_York/GKISBBBE61555/2025|EPI_ISL_19777744|EPI4101537,2024-12-17,1.0
A/New_York/GKISBBBE61555/2025|EPI_ISL_19777744|EPI4101537,2024-12-19,3.0
A/New_York/GKISBBBE61555/2025|EPI_ISL_19777744|EPI4101537,2025-01-05,1.0
A/New_York/GKISBBBE61555/2025|EPI_ISL_19777744|EPI4101537,2025-01-06,1.0
A/New_York/GKISBBBE61555/2025|EPI_ISL_19777744|EPI4101537,2025-01-08,1.0
A/New_York/GKISBBBE61555/2025|EPI_ISL_19777744|EPI4101537,2025-01-16,1.0
A/New_York/GKISBBBE61555/2025|EPI_ISL_19777744|EPI4101537,2025-01-21,1.0
A/New_York/GKISBBBE61555/2025|EPI_ISL_19777744|EPI4101537,2025-01-30,1.0
A/New_York/GKISBBBE61555/2025|EPI_ISL_19777744|EPI4101537,2025-02-03,1.0
A/New_York/GKISBBBE61555/2025|EPI_ISL_19777744|EPI4101537,2025-02-04,1.0
A/New_York/GKISBBBE61555/2025|EPI_ISL_19777744|EPI4101537,2025-02-05,1.0
A/New_York/GKISBBBE61555/2025|EPI_ISL_19777744|EPI4101537,2025-02-06,1.0
A/New_York/GKISBBBE61555/2025|EPI_ISL_19777744|EPI4101537,2025-02-10,1.0
A/New_York/GKISBBBE61555/2025|EPI_ISL_19777744|EPI4101537,2025-02-11,1.0
A/New_York/GKISBBBE61555/2025|EPI_ISL_19777744|EPI4101537,2025-02-13,2.0
A/New_York/GKISBBBE61555/2025|EPI_ISL_19777744|EPI4101537,2025-02-18,1.0
A/New_York/GKISBBBE61555/2025|EPI_ISL_19777744|EPI4101537,2025-02-19,2.0
A/New_York/GKISBBBE61555/2025|EPI_ISL_19777744|EPI4101537,2025-02-22,1.0
A/New_York/GKISBBBE61555/2025|EPI_ISL_19777744|EPI4101537,2025-02-24,4.0
A/New_York/GKISBBBE61555/2025|EPI_ISL_19777744|EPI4101537,2025-02-25,3.0
A/New_York/GKISBBBE61555/2025|EPI_ISL_19777744|EPI4101537,2025-03-03,1.0
A/New_York/GKISBBBE61555/2025|EPI_ISL_19777744|EPI4101537,2025-03-07,2.0
A/New_York/GKISBBBE61555/2025|EPI_ISL_19777744|EPI4101537,2025-03-10,1.0
A/New_York/GKISBBBE61555/2025|EPI_ISL_19777744|EPI4101537,2025-03-11,2.0
A/New_York/GKISBBBE61555/2025|EPI_ISL_19777744|EPI4101537,2025-03-13,1.0
A/New_York/GKISBBBE61555/2025|EPI_ISL_19777744|EPI4101537,2025-03-20,1.0
A/New_York/GKISBBBE61555/2025|EPI_ISL_19777744|EPI4101537,2025-03-21,1.0
A/New_York/GKISBBBE61555/2025|EPI_ISL_19777744|EPI4101537,2025-03-24,3.0
A/New_York/GKISBBBE61555/2025|EPI_ISL_19777744|EPI4101537,2025-03-25,1.0
A/New_York/GKISBBBE61555/2025|EPI_ISL_19777744|EPI4101537,2025-03-26,1.0
A/New_York/GKISBBBE61555/2025|EPI_ISL_19777744|EPI4101537,2025-04-10,1.0
A/New_York/GKISBBBE61555/2025|EPI_ISL_19777744|EPI4101537,2025-04-14,1.0
A/New_York/GKISBBBE61555/2025|EPI_ISL_19777744|EPI4101537,2025-04-15,2.0
A/New_York/GKISBBBE61555/2025|EPI_ISL_19777744|EPI4101537,2025-04-18,1.0
A/New_York/GKISBBBE61555/2025|EPI_ISL_19777744|EPI4101537,2025-05-08,1.0
A/New_York/GKISBBBE61555/2025|EPI_ISL_19777744|EPI4101537,2025-05-12,2.0
A/New_York/GKISBBBE61555/2025|EPI_ISL_19777744|EPI4101537,2025-05-13,1.0
A/New_York/GKISBBBE61555/2025|EPI_ISL_19777744|EPI4101537,2025-05-16,1.0
A/Oregon/265/2024|EPI_ISL_19628082,2024-07-03,1.0
A/Oregon/265/2024|EPI_ISL_19628082,2024-07-16,2.0
A/Oregon/265/2024|EPI_ISL_19628082,2024-10-27,1.0
A/Oregon/265/2024|EPI_ISL_19628082,2024-10-29,1.0
A/Oregon/265/2024|EPI_ISL_19628082,2024-10-30,1.0
A/Oregon/265/2024|EPI_ISL_19628082,2024-11-06,1.0
A/Oregon/265/2024|EPI_ISL_19628082,2024-11-13,3.0
A/Oregon/265/2024|EPI_ISL_19628082,2024-11-14,1.0
A/Oregon/265/2024|EPI_ISL_19628082,2024-11-16,1.0
A/Oregon/265/2024|EPI_ISL_19628082,2024-11-17,1.0
A/Oregon/265/2024|EPI_ISL_19628082,2024-11-18,2.0
A/Oregon/265/2024|EPI_ISL_19628082,2024-11-20,1.0
A/Oregon/265/2024|EPI_ISL_19628082,2024-11-22,1.0
A/Oregon/265/2024|EPI_ISL_19628082,2024-11-23,1.0
A/Oregon/265/2024|EPI_ISL_19628082,2024-11-25,1.0
A/Oregon/265/2024|EPI_ISL_19628082,2024-11-29,1.0
A/Oregon/265/2024|EPI_ISL_19628082,2024-12-02,1.0
A/Oregon/265/2024|EPI_ISL_19628082,2024-12-06,1.0
A/Oregon/265/2024|EPI_ISL_19628082,2024-12-07,1.0
A/Oregon/265/2024|EPI_ISL_19628082,2024-12-08,1.0
A/Oregon/265/2024|EPI_ISL_19628082,2024-12-09,2.0
A/Oregon/265/2024|EPI_ISL_19628082,2024-12-11,1.0
A/Oregon/265/2024|EPI_ISL_19628082,2024-12-15,1.0
A/Oregon/265/2024|EPI_ISL_19628082,2024-12-17,1.0
A/Oregon/265/2024|EPI_ISL_19628082,2024-12-19,1.0
A/Oregon/265/2024|EPI_ISL_19628082,2024-12-22,2.0
A/Oregon/265/2024|EPI_ISL_19628082,2024-12-25,1.0
A/Oregon/265/2024|EPI_ISL_19628082,2024-12-26,1.0
A/Oregon/265/2024|EPI_ISL_19628082,2024-12-27,1.0
A/Oregon/265/2024|EPI_ISL_19628082,2024-12-31,1.0
A/Oregon/265/2024|EPI_ISL_19628082,2025-01-05,1.0
A/Oregon/265/2024|EPI_ISL_19628082,2025-01-06,1.0
A/Oregon/265/2024|EPI_ISL_19628082,2025-01-07,1.0
A/Oregon/265/2024|EPI_ISL_19628082,2025-01-09,1.0
A/Oregon/265/2024|EPI_ISL_19628082,2025-01-10,1.0
A/Oregon/265/2024|EPI_ISL_19628082,2025-01-11,1.0
A/Oregon/265/2024|EPI_ISL_19628082,2025-01-13,1.0
A/Oregon/265/2024|EPI_ISL_19628082,2025-01-15,2.0
A/Oregon/265/2024|EPI_ISL_19628082,2025-01-16,1.0
A/Oregon/265/2024|EPI_ISL_19628082,2025-01-17,1.0
A/Oregon/265/2024|EPI_ISL_19628082,2025-01-20,1.0
A/Oregon/265/2024|EPI_ISL_19628082,2025-01-22,2.0
A/Oregon/265/2024|EPI_ISL_19628082,2025-01-23,1.0
A/Oregon/265/2024|EPI_ISL_19628082,2025-01-27,1.0
A/Oregon/265/2024|EPI_ISL_19628082,2025-01-30,1.0
A/Oregon/265/2024|EPI_ISL_19628082,2025-02-03,2.0
A/Oregon/265/2024|EPI_ISL_19628082,2025-02-06,1.0
A/Oregon/265/2024|EPI_ISL_19628082,2025-02-12,1.0
A/Oregon/265/2024|EPI_ISL_19628082,2025-02-19,1.0
A/Oregon/265/2024|EPI_ISL_19628082,2025-02-27,1.0
A/Oregon/265/2024|EPI_ISL_19628082,2025-03-24,1.0
A/Pennsylvania/288/2024|EPI_ISL_19646959,2024-07-30,1.0
A/Pennsylvania/288/2024|EPI_ISL_19646959,2024-08-01,1.0
A/Pennsylvania/288/2024|EPI_ISL_19646959,2024-08-04,1.0
A/Pennsylvania/288/2024|EPI_ISL_19646959,2024-08-27,1.0
A/Pennsylvania/288/2024|EPI_ISL_19646959,2024-08-29,1.0
A/Pennsylvania/288/2024|EPI_ISL_19646959,2024-09-02,1.0
A/Pennsylvania/288/2024|EPI_ISL_19646959,2024-10-02,3.0
A/Pennsylvania/288/2024|EPI_ISL_19646959,2024-10-23,1.0
A/Pennsylvania/288/2024|EPI_ISL_19646959,2024-10-26,1.0
A/Pennsylvania/288/2024|EPI_ISL_19646959,2024-10-30,1.0
A/Pennsylvania/288/2024|EPI_ISL_19646959,2024-11-01,1.0
A/Pennsylvania/288/2024|EPI_ISL_19646959,2024-11-04,2.0
A/Pennsylvania/288/2024|EPI_ISL_19646959,2024-11-05,1.0
A/Pennsylvania/288/2024|EPI_ISL_19646959,2024-11-07,1.0
A/Pennsylvania/288/2024|EPI_ISL_19646959,2024-11-14,1.0
A/Pennsylvania/288/2024|EPI_ISL_19646959,2024-11-15,1.0
A/Pennsylvania/288/2024|EPI_ISL_19646959,2024-11-17,1.0
A/Pennsylvania/288/2024|EPI_ISL_19646959,2024-11-28,1.0
A/Pennsylvania/288/2024|EPI_ISL_19646959,2024-12-14,1.0
A/Pennsylvania/288/2024|EPI_ISL_19646959,2025-01-05,2.0
A/Pennsylvania/288/2024|EPI_ISL_19646959,2025-01-06,1.0
A/Pennsylvania/288/2024|EPI_ISL_19646959,2025-01-07,1.0
A/Pennsylvania/288/2024|EPI_ISL_19646959,2025-01-14,1.0
A/Pennsylvania/288/2024|EPI_ISL_19646959,2025-01-15,1.0
A/Pennsylvania/288/2024|EPI_ISL_19646959,2025-01-16,1.0
A/Pennsylvania/288/2024|EPI_ISL_19646959,2025-01-17,1.0
A/Pennsylvania/288/2024|EPI_ISL_19646959,2025-01-20,1.0
A/Pennsylvania/288/2024|EPI_ISL_19646959,2025-01-22,1.0
A/Pennsylvania/288/2024|EPI_ISL_19646959,2025-01-24,1.0
A/Pennsylvania/288/2024|EPI_ISL_19646959,2025-01-27,1.0
A/Pennsylvania/288/2024|EPI_ISL_19646959,2025-02-04,1.0
A/Pennsylvania/288/2024|EPI_ISL_19646959,2025-02-08,1.0
A/Pennsylvania/288/2024|EPI_ISL_19646959,2025-02-13,1.0
A/Pennsylvania/288/2024|EPI_ISL_19646959,2025-02-17,1.0
A/Pennsylvania/288/2024|EPI_ISL_19646959,2025-02-18,1.0
A/Pennsylvania/288/2024|EPI_ISL_19646959,2025-02-19,1.0
A/Pennsylvania/288/2024|EPI_ISL_19646959,2025-03-02,1.0
A/Pennsylvania/288/2024|EPI_ISL_19646959,2025-04-06,1.0
A/Punta_Arenas/83659/2024|EPI_ISL_19652846,2024-10-18,1.0
A/Punta_Arenas/83659/2024|EPI_ISL_19652846,2024-10-22,1.0
A/Punta_Arenas/83659/2024|EPI_ISL_19652846,2024-10-26,1.0
A/Punta_Arenas/83659/2024|EPI_ISL_19652846,2024-12-11,1.0
A/Punta_Arenas/83659/2024|EPI_ISL_19652846,2024-12-14,1.0
A/Punta_Arenas/83659/2024|EPI_ISL_19652846,2024-12-15,1.0
A/Punta_Arenas/83659/2024|EPI_ISL_19652846,2024-12-16,1.0
A/Punta_Arenas/83659/2024|EPI_ISL_19652846,2024-12-19,2.0
A/Punta_Arenas/83659/2024|EPI_ISL_19652846,2024-12-27,2.0
A/Punta_Arenas/83659/2024|EPI_ISL_19652846,2024-12-30,1.0
A/Punta_Arenas/83659/2024|EPI_ISL_19652846,2025-01-06,2.0
A/Punta_Arenas/83659/2024|EPI_ISL_19652846,2025-01-07,2.0
A/Punta_Arenas/83659/2024|EPI_ISL_19652846,2025-01-08,1.0
A/Punta_Arenas/83659/2024|EPI_ISL_19652846,2025-01-15,4.0
A/Punta_Arenas/83659/2024|EPI_ISL_19652846,2025-01-20,1.0
A/Punta_Arenas/83659/2024|EPI_ISL_19652846,2025-01-23,1.0
A/Punta_Arenas/83659/2024|EPI_ISL_19652846,2025-01-24,1.0
A/Punta_Arenas/83659/2024|EPI_ISL_19652846,2025-01-28,4.0
A/Punta_Arenas/83659/2024|EPI_ISL_19652846,2025-01-29,1.0
A/Punta_Arenas/83659/2024|EPI_ISL_19652846,2025-01-30,1.0
A/Punta_Arenas/83659/2024|EPI_ISL_19652846,2025-02-03,2.0
A/Punta_Arenas/83659/2024|EPI_ISL_19652846,2025-02-04,1.0
A/Punta_Arenas/83659/2024|EPI_ISL_19652846,2025-02-05,2.0
A/Punta_Arenas/83659/2024|EPI_ISL_19652846,2025-02-06,4.0
A/Punta_Arenas/83659/2024|EPI_ISL_19652846,2025-02-07,1.0
A/Punta_Arenas/83659/2024|EPI_ISL_19652846,2025-02-11,2.0
A/Punta_Arenas/83659/2024|EPI_ISL_19652846,2025-02-12,4.0
A/Punta_Arenas/83659/2024|EPI_ISL_19652846,2025-02-13,1.0
A/Punta_Arenas/83659/2024|EPI_ISL_19652846,2025-02-14,1.0
A/Punta_Arenas/83659/2024|EPI_ISL_19652846,2025-02-17,1.0
A/Punta_Arenas/83659/2024|EPI_ISL_19652846,2025-02-20,1.0
A/Punta_Arenas/83659/2024|EPI_ISL_19652846,2025-02-23,2.0
A/Punta_Arenas/83659/2024|EPI_ISL_19652846,2025-02-24,1.0
A/Punta_Arenas/83659/2024|EPI_ISL_19652846,2025-02-26,1.0
A/Punta_Arenas/83659/2024|EPI_ISL_19652846,2025-02-27,2.0
A/Punta_Arenas/83659/2024|EPI_ISL_19652846,2025-02-28,1.0
A/Punta_Arenas/83659/2024|EPI_ISL_19652846,2025-03-01,1.0
A/Punta_Arenas/83659/2024|EPI_ISL_19652846,2025-03-04,2.0
A/Punta_Arenas/83659/2024|EPI_ISL_19652846,2025-03-05,1.0
A/Punta_Arenas/83659/2024|EPI_ISL_19652846,2025-03-06,2.0
A/Punta_Arenas/83659/2024|EPI_ISL_19652846,2025-03-07,1.0
A/Punta_Arenas/83659/2024|EPI_ISL_19652846,2025-03-10,1.0
A/Punta_Arenas/83659/2024|EPI_ISL_19652846,2025-03-23,1.0
A/Punta_Arenas/83659/2024|EPI_ISL_19652846,2025-03-26,1.0
A/Punta_Arenas/83659/2024|EPI_ISL_19652846,2025-04-03,1.0
A/Punta_Arenas/83659/2024|EPI_ISL_19652846,2025-04-16,1.0
A/Punta_Arenas/83659/2024|EPI_ISL_19652846,2025-04-22,1.0
A/Punta_Arenas/83659/2024|EPI_ISL_19652846,2025-04-23,1.0
A/Queensland/IN000692/2024|EPI_ISL_19664768,2024-04-18,1.0
A/Queensland/IN000692/2024|EPI_ISL_19664768,2024-04-19,1.0
A/Queensland/IN000692/2024|EPI_ISL_19664768,2024-04-20,3.0
A/Queensland/IN000692/2024|EPI_ISL_19664768,2024-04-23,2.0
A/Queensland/IN000692/2024|EPI_ISL_19664768,2024-04-26,1.0
A/Queensland/IN000692/2024|EPI_ISL_19664768,2024-04-29,2.0
A/Queensland/IN000692/2024|EPI_ISL_19664768,2024-04-30,1.0
A/Queensland/IN000692/2024|EPI_ISL_19664768,2024-05-02,3.0
A/Queensland/IN000692/2024|EPI_ISL_19664768,2024-05-03,2.0
A/Queensland/IN000692/2024|EPI_ISL_19664768,2024-05-05,1.0
A/Queensland/IN000692/2024|EPI_ISL_19664768,2024-05-07,5.0
A/Queensland/IN000692/2024|EPI_ISL_19664768,2024-05-08,4.0
A/Queensland/IN000692/2024|EPI_ISL_19664768,2024-05-09,3.0
A/Queensland/IN000692/2024|EPI_ISL_19664768,2024-05-11,2.0
A/Queensland/IN000692/2024|EPI_ISL_19664768,2024-05-12,1.0
A/Queensland/IN000692/2024|EPI_ISL_19664768,2024-05-13,3.0
A/Queensland/IN000692/2024|EPI_ISL_19664768,2024-05-14,2.0
A/Queensland/IN000692/2024|EPI_ISL_19664768,2024-05-15,2.0
A/Queensland/IN000692/2024|EPI_ISL_19664768,2024-05-16,1.0
A/Queensland/IN000692/2024|EPI_ISL_19664768,2024-05-17,1.0
A/Queensland/IN000692/2024|EPI_ISL_19664768,2024-05-18,6.0
A/Queensland/IN000692/2024|EPI_ISL_19664768,2024-05-19,1.0
A/Queensland/IN000692/2024|EPI_ISL_19664768,2024-05-20,1.0
A/Queensland/IN000692/2024|EPI_ISL_19664768,2024-05-21,5.0
A/Queensland/IN000692/2024|EPI_ISL_19664768,2024-05-22,8.0
A/Queensland/IN000692/2024|EPI_ISL_19664768,2024-05-23,2.0
A/Queensland/IN000692/2024|EPI_ISL_19664768,2024-05-24,6.0
A/Queensland/IN000692/2024|EPI_ISL_19664768,2024-05-25,2.0
A/Queensland/IN000692/2024|EPI_ISL_19664768,2024-05-26,3.0
A/Queensland/IN000692/2024|EPI_ISL_19664768,2024-05-28,4.0
A/Queensland/IN000692/2024|EPI_ISL_19664768,2024-05-29,3.0
A/Queensland/IN000692/2024|EPI_ISL_19664768,2024-05-30,3.0
A/Queensland/IN000692/2024|EPI_ISL_19664768,2024-05-31,1.0
A/Queensland/IN000692/2024|EPI_ISL_19664768,2024-06-01,1.0
A/Queensland/IN000692/2024|EPI_ISL_19664768,2024-06-02,2.0
A/Queensland/IN000692/2024|EPI_ISL_19664768,2024-06-03,4.0
A/Queensland/IN000692/2024|EPI_ISL_19664768,2024-06-04,4.0
A/Queensland/IN000692/2024|EPI_ISL_19664768,2024-06-05,6.0
A/Queensland/IN000692/2024|EPI_ISL_19664768,2024-06-06,1.0
A/Queensland/IN000692/2024|EPI_ISL_19664768,2024-06-07,2.0
A/Queensland/IN000692/2024|EPI_ISL_19664768,2024-06-08,3.0
A/Queensland/IN000692/2024|EPI_ISL_19664768,2024-06-09,1.0
A/Queensland/IN000692/2024|EPI_ISL_19664768,2024-06-10,4.0
A/Queensland/IN000692/2024|EPI_ISL_19664768,2024-06-11,5.0
A/Queensland/IN000692/2024|EPI_ISL_19664768,2024-06-12,2.0
A/Queensland/IN000692/2024|EPI_ISL_19664768,2024-06-13,5.0
A/Queensland/IN000692/2024|EPI_ISL_19664768,2024-06-14,9.0
A/Queensland/IN000692/2024|EPI_ISL_19664768,2024-06-15,7.0
A/Queensland/IN000692/2024|EPI_ISL_19664768,2024-06-16,6.0
A/Queensland/IN000692/2024|EPI_ISL_19664768,2024-06-17,7.0
A/Queensland/IN000692/2024|EPI_ISL_19664768,2024-06-18,4.0
A/Queensland/IN000692/2024|EPI_ISL_19664768,2024-06-19,5.0
A/Queensland/IN000692/2024|EPI_ISL_19664768,2024-06-20,3.0
A/Queensland/IN000692/2024|EPI_ISL_19664768,2024-06-21,6.0
A/Queensland/IN000692/2024|EPI_ISL_19664768,2024-06-22,4.0
A/Queensland/IN000692/2024|EPI_ISL_19664768,2024-06-23,3.0
A/Queensland/IN000692/2024|EPI_ISL_19664768,2024-06-24,8.0
A/Queensland/IN000692/2024|EPI_ISL_19664768,2024-06-25,9.0
A/Queensland/IN000692/2024|EPI_ISL_19664768,2024-06-26,8.0
A/Queensland/IN000692/2024|EPI_ISL_19664768,2024-06-27,2.0
A/Queensland/IN000692/2024|EPI_ISL_19664768,2024-06-28,5.0
A/Queensland/IN000692/2024|EPI_ISL_19664768,2024-06-29,5.0
A/Queensland/IN000692/2024|EPI_ISL_19664768,2024-06-30,1.0
A/Queensland/IN000692/2024|EPI_ISL_19664768,2024-07-01,12.0
A/Queensland/IN000692/2024|EPI_ISL_19664768,2024-07-02,15.0
A/Queensland/IN000692/2024|EPI_ISL_19664768,2024-07-03,7.0
A/Queensland/IN000692/2024|EPI_ISL_19664768,2024-07-04,7.0
A/Queensland/IN000692/2024|EPI_ISL_19664768,2024-07-05,7.0
A/Queensland/IN000692/2024|EPI_ISL_19664768,2024-07-06,8.0
A/Queensland/IN000692/2024|EPI_ISL_19664768,2024-07-07,3.0
A/Queensland/IN000692/2024|EPI_ISL_19664768,2024-07-08,5.0
A/Queensland/IN000692/2024|EPI_ISL_19664768,2024-07-09,9.0
A/Queensland/IN000692/2024|EPI_ISL_19664768,2024-07-10,5.0
A/Queensland/IN000692/2024|EPI_ISL_19664768,2024-07-11,2.0
A/Queensland/IN000692/2024|EPI_ISL_19664768,2024-07-12,5.0
A/Queensland/IN000692/2024|EPI_ISL_19664768,2024-07-13,2.0
A/Queensland/IN000692/2024|EPI_ISL_19664768,2024-07-14,2.0
A/Queensland/IN000692/2024|EPI_ISL_19664768,2024-07-15,6.0
A/Queensland/IN000692/2024|EPI_ISL_19664768,2024-07-16,6.0
A/Queensland/IN000692/2024|EPI_ISL_19664768,2024-07-17,3.0
A/Queensland/IN000692/2024|EPI_ISL_19664768,2024-07-18,7.0
A/Queensland/IN000692/2024|EPI_ISL_19664768,2024-07-19,3.0
A/Queensland/IN000692/2024|EPI_ISL_19664768,2024-07-20,2.0
A/Queensland/IN000692/2024|EPI_ISL_19664768,2024-07-21,3.0
A/Queensland/IN000692/2024|EPI_ISL_19664768,2024-07-22,9.0
A/Queensland/IN000692/2024|EPI_ISL_19664768,2024-07-23,4.0
A/Queensland/IN000692/2024|EPI_ISL_19664768,2024-07-24,6.0
A/Queensland/IN000692/2024|EPI_ISL_19664768,2024-07-25,4.0
A/Queensland/IN000692/2024|EPI_ISL_19664768,2024-07-26,8.0
A/Queensland/IN000692/2024|EPI_ISL_19664768,2024-07-27,2.0
A/Queensland/IN000692/2024|EPI_ISL_19664768,2024-07-28,3.0
A/Queensland/IN000692/2024|EPI_ISL_19664768,2024-07-29,5.0
A/Queensland/IN000692/2024|EPI_ISL_19664768,2024-07-30,8.0
A/Queensland/IN000692/2024|EPI_ISL_19664768,2024-07-31,5.0
A/Queensland/IN000692/2024|EPI_ISL_19664768,2024-08-01,13.0
A/Queensland/IN000692/2024|EPI_ISL_19664768,2024-08-02,5.0
A/Queensland/IN000692/2024|EPI_ISL_19664768,2024-08-03,4.0
A/Queensland/IN000692/2024|EPI_ISL_19664768,2024-08-04,1.0
A/Queensland/IN000692/2024|EPI_ISL_19664768,2024-08-05,4.0
A/Queensland/IN000692/2024|EPI_ISL_19664768,2024-08-06,4.0
A/Queensland/IN000692/2024|EPI_ISL_19664768,2024-08-07,2.0
A/Queensland/IN000692/2024|EPI_ISL_19664768,2024-08-08,1.0
A/Queensland/IN000692/2024|EPI_ISL_19664768,2024-08-09,2.0
A/Queensland/IN000692/2024|EPI_ISL_19664768,2024-08-10,3.0
A/Queensland/IN000692/2024|EPI_ISL_19664768,2024-08-11,4.0
A/Queensland/IN000692/2024|EPI_ISL_19664768,2024-08-12,4.0
A/Queensland/IN000692/2024|EPI_ISL_19664768,2024-08-13,3.0
A/Queensland/IN000692/2024|EPI_ISL_19664768,2024-08-14,5.0
A/Queensland/IN000692/2024|EPI_ISL_19664768,2024-08-15,4.0
A/Queensland/IN000692/2024|EPI_ISL_19664768,2024-08-16,2.0
A/Queensland/IN000692/2024|EPI_ISL_19664768,2024-08-18,1.0
A/Queensland/IN000692/2024|EPI_ISL_19664768,2024-08-19,2.0
A/Queensland/IN000692/2024|EPI_ISL_19664768,2024-08-20,4.0
A/Queensland/IN000692/2024|EPI_ISL_19664768,2024-08-21,2.0
A/Queensland/IN000692/2024|EPI_ISL_19664768,2024-08-22,4.0
A/Queensland/IN000692/2024|EPI_ISL_19664768,2024-08-24,3.0
A/Queensland/IN000692/2024|EPI_ISL_19664768,2024-08-26,3.0
A/Queensland/IN000692/2024|EPI_ISL_19664768,2024-08-27,2.0
A/Queensland/IN000692/2024|EPI_ISL_19664768,2024-08-28,1.0
A/Queensland/IN000692/2024|EPI_ISL_19664768,2024-08-29,5.0
A/Queensland/IN000692/2024|EPI_ISL_19664768,2024-08-30,2.0
A/Queensland/IN000692/2024|EPI_ISL_19664768,2024-08-31,3.0
A/Queensland/IN000692/2024|EPI_ISL_19664768,2024-09-01,3.0
A/Queensland/IN000692/2024|EPI_ISL_19664768,2024-09-02,6.0
A/Queensland/IN000692/2024|EPI_ISL_19664768,2024-09-03,6.0
A/Queensland/IN000692/2024|EPI_ISL_19664768,2024-09-04,4.0
A/Queensland/IN000692/2024|EPI_ISL_19664768,2024-09-05,2.0
A/Queensland/IN000692/2024|EPI_ISL_19664768,2024-09-06,6.0
A/Queensland/IN000692/2024|EPI_ISL_19664768,2024-09-07,1.0
A/Queensland/IN000692/2024|EPI_ISL_19664768,2024-09-08,4.0
A/Queensland/IN000692/2024|EPI_ISL_19664768,2024-09-09,5.0
A/Queensland/IN000692/2024|EPI_ISL_19664768,2024-09-10,7.0
A/Queensland/IN000692/2024|EPI_ISL_19664768,2024-09-11,8.0
A/Queensland/IN000692/2024|EPI_ISL_19664768,2024-09-12,4.0
A/Queensland/IN000692/2024|EPI_ISL_19664768,2024-09-13,2.0
A/Queensland/IN000692/2024|EPI_ISL_19664768,2024-09-15,1.0
A/Queensland/IN000692/2024|EPI_ISL_19664768,2024-09-16,3.0
A/Queensland/IN000692/2024|EPI_ISL_19664768,2024-09-17,4.0
A/Queensland/IN000692/2024|EPI_ISL_19664768,2024-09-18,2.0
A/Queensland/IN000692/2024|EPI_ISL_19664768,2024-09-19,4.0
A/Queensland/IN000692/2024|EPI_ISL_19664768,2024-09-20,2.0
A/Queensland/IN000692/2024|EPI_ISL_19664768,2024-09-21,2.0
A/Queensland/IN000692/2024|EPI_ISL_19664768,2024-09-22,1.0
A/Queensland/IN000692/2024|EPI_ISL_19664768,2024-09-23,2.0
A/Queensland/IN000692/2024|EPI_ISL_19664768,2024-09-24,3.0
A/Queensland/IN000692/2024|EPI_ISL_19664768,2024-09-25,2.0
A/Queensland/IN000692/2024|EPI_ISL_19664768,2024-09-26,1.0
A/Queensland/IN000692/2024|EPI_ISL_19664768,2024-09-27,3.0
A/Queensland/IN000692/2024|EPI_ISL_19664768,2024-09-29,3.0
A/Queensland/IN000692/2024|EPI_ISL_19664768,2024-09-30,1.0
A/Queensland/IN000692/2024|EPI_ISL_19664768,2024-10-02,2.0
A/Queensland/IN000692/2024|EPI_ISL_19664768,2024-10-03,3.0
A/Queensland/IN000692/2024|EPI_ISL_19664768,2024-10-04,1.0
A/Queensland/IN000692/2024|EPI_ISL_19664768,2024-10-05,3.0
A/Queensland/IN000692/2024|EPI_ISL_19664768,2024-10-07,1.0
A/Queensland/IN000692/2024|EPI_ISL_19664768,2024-10-10,1.0
A/Queensland/IN000692/2024|EPI_ISL_19664768,2024-10-13,1.0
A/Queensland/IN000692/2024|EPI_ISL_19664768,2024-10-14,4.0
A/Queensland/IN000692/2024|EPI_ISL_19664768,2024-10-15,2.0
A/Queensland/IN000692/2024|EPI_ISL_19664768,2024-10-16,4.0
A/Queensland/IN000692/2024|EPI_ISL_19664768,2024-10-17,1.0
A/Queensland/IN000692/2024|EPI_ISL_19664768,2024-10-20,3.0
A/Queensland/IN000692/2024|EPI_ISL_19664768,2024-10-21,2.0
A/Queensland/IN000692/2024|EPI_ISL_19664768,2024-10-23,1.0
A/Queensland/IN000692/2024|EPI_ISL_19664768,2024-10-24,4.0
A/Queensland/IN000692/2024|EPI_ISL_19664768,2024-10-25,2.0
A/Queensland/IN000692/2024|EPI_ISL_19664768,2024-10-26,2.0
A/Queensland/IN000692/2024|EPI_ISL_19664768,2024-10-27,1.0
A/Queensland/IN000692/2024|EPI_ISL_19664768,2024-10-28,3.0
A/Queensland/IN000692/2024|EPI_ISL_19664768,2024-10-29,1.0
A/Queensland/IN000692/2024|EPI_ISL_19664768,2024-10-30,1.0
A/Queensland/IN000692/2024|EPI_ISL_19664768,2024-10-31,2.0
A/Queensland/IN000692/2024|EPI_ISL_19664768,2024-11-01,3.0
A/Queensland/IN000692/2024|EPI_ISL_19664768,2024-11-02,3.0
A/Queensland/IN000692/2024|EPI_ISL_19664768,2024-11-04,2.0
A/Queensland/IN000692/2024|EPI_ISL_19664768,2024-11-05,2.0
A/Queensland/IN000692/2024|EPI_ISL_19664768,2024-11-06,2.0
A/Queensland/IN000692/2024|EPI_ISL_19664768,2024-11-07,4.0
A/Queensland/IN000692/2024|EPI_ISL_19664768,2024-11-08,1.0
A/Queensland/IN000692/2024|EPI_ISL_19664768,2024-11-10,2.0
A/Queensland/IN000692/2024|EPI_ISL_19664768,2024-11-11,2.0
A/Queensland/IN000692/2024|EPI_ISL_19664768,2024-11-17,1.0
A/Queensland/IN000692/2024|EPI_ISL_19664768,2024-11-18,1.0
A/Queensland/IN000692/2024|EPI_ISL_19664768,2024-11-22,1.0
A/Queensland/IN000692/2024|EPI_ISL_19664768,2024-11-23,3.0
A/Queensland/IN000692/2024|EPI_ISL_19664768,2024-11-24,1.0
A/Queensland/IN000692/2024|EPI_ISL_19664768,2024-11-25,5.0
A/Queensland/IN000692/2024|EPI_ISL_19664768,2024-11-28,2.0
A/Queensland/IN000692/2024|EPI_ISL_19664768,2024-11-29,2.0
A/Queensland/IN000692/2024|EPI_ISL_19664768,2024-12-02,1.0
A/Queensland/IN000692/2024|EPI_ISL_19664768,2024-12-03,3.0
A/Queensland/IN000692/2024|EPI_ISL_19664768,2024-12-04,1.0
A/Queensland/IN000692/2024|EPI_ISL_19664768,2024-12-07,2.0
A/Queensland/IN000692/2024|EPI_ISL_19664768,2024-12-08,1.0
A/Queensland/IN000692/2024|EPI_ISL_19664768,2024-12-09,3.0
A/Queensland/IN000692/2024|EPI_ISL_19664768,2024-12-10,7.0
A/Queensland/IN000692/2024|EPI_ISL_19664768,2024-12-11,4.0
A/Queensland/IN000692/2024|EPI_ISL_19664768,2024-12-13,4.0
A/Queensland/IN000692/2024|EPI_ISL_19664768,2024-12-14,1.0
A/Queensland/IN000692/2024|EPI_ISL_19664768,2024-12-15,1.0
A/Queensland/IN000692/2024|EPI_ISL_19664768,2024-12-16,3.0
A/Queensland/IN000692/2024|EPI_ISL_19664768,2024-12-17,5.0
A/Queensland/IN000692/2024|EPI_ISL_19664768,2024-12-18,3.0
A/Queensland/IN000692/2024|EPI_ISL_19664768,2024-12-19,5.0
A/Queensland/IN000692/2024|EPI_ISL_19664768,2024-12-20,4.0
A/Queensland/IN000692/2024|EPI_ISL_19664768,2024-12-21,2.0
A/Queensland/IN000692/2024|EPI_ISL_19664768,2024-12-22,1.0
A/Queensland/IN000692/2024|EPI_ISL_19664768,2024-12-23,1.0
A/Queensland/IN000692/2024|EPI_ISL_19664768,2024-12-24,1.0
A/Queensland/IN000692/2024|EPI_ISL_19664768,2024-12-25,2.0
A/Queensland/IN000692/2024|EPI_ISL_19664768,2024-12-26,4.0
A/Queensland/IN000692/2024|EPI_ISL_19664768,2024-12-27,3.0
A/Queensland/IN000692/2024|EPI_ISL_19664768,2024-12-28,1.0
A/Queensland/IN000692/2024|EPI_ISL_19664768,2024-12-30,1.0
A/Queensland/IN000692/2024|EPI_ISL_19664768,2024-12-31,2.0
A/Queensland/IN000692/2024|EPI_ISL_19664768,2025-01-01,4.0
A/Queensland/IN000692/2024|EPI_ISL_19664768,2025-01-02,4.0
A/Queensland/IN000692/2024|EPI_ISL_19664768,2025-01-03,10.0
A/Queensland/IN000692/2024|EPI_ISL_19664768,2025-01-04,4.0
A/Queensland/IN000692/2024|EPI_ISL_19664768,2025-01-05,4.0
A/Queensland/IN000692/2024|EPI_ISL_19664768,2025-01-06,8.0
A/Queensland/IN000692/2024|EPI_ISL_19664768,2025-01-07,4.0
A/Queensland/IN000692/2024|EPI_ISL_19664768,2025-01-08,9.0
A/Queensland/IN000692/2024|EPI_ISL_19664768,2025-01-09,5.0
A/Queensland/IN000692/2024|EPI_ISL_19664768,2025-01-10,4.0
A/Queensland/IN000692/2024|EPI_ISL_19664768,2025-01-11,1.0
A/Queensland/IN000692/2024|EPI_ISL_19664768,2025-01-12,2.0
A/Queensland/IN000692/2024|EPI_ISL_19664768,2025-01-13,9.0
A/Queensland/IN000692/2024|EPI_ISL_19664768,2025-01-14,8.0
A/Queensland/IN000692/2024|EPI_ISL_19664768,2025-01-15,10.0
A/Queensland/IN000692/2024|EPI_ISL_19664768,2025-01-16,7.0
A/Queensland/IN000692/2024|EPI_ISL_19664768,2025-01-17,7.0
A/Queensland/IN000692/2024|EPI_ISL_19664768,2025-01-18,2.0
A/Queensland/IN000692/2024|EPI_ISL_19664768,2025-01-19,3.0
A/Queensland/IN000692/2024|EPI_ISL_19664768,2025-01-20,13.0
A/Queensland/IN000692/2024|EPI_ISL_19664768,2025-01-21,11.0
A/Queensland/IN000692/2024|EPI_ISL_19664768,2025-01-22,9.0
A/Queensland/IN000692/2024|EPI_ISL_19664768,2025-01-23,7.0
A/Queensland/IN000692/2024|EPI_ISL_19664768,2025-01-24,6.0
A/Queensland/IN000692/2024|EPI_ISL_19664768,2025-01-25,2.0
A/Queensland/IN000692/2024|EPI_ISL_19664768,2025-01-26,6.0
A/Queensland/IN000692/2024|EPI_ISL_19664768,2025-01-27,12.0
A/Queensland/IN000692/2024|EPI_ISL_19664768,2025-01-28,8.0
A/Queensland/IN000692/2024|EPI_ISL_19664768,2025-01-29,7.0
A/Queensland/IN000692/2024|EPI_ISL_19664768,2025-01-30,6.0
A/Queensland/IN000692/2024|EPI_ISL_19664768,2025-01-31,15.0
A/Queensland/IN000692/2024|EPI_ISL_19664768,2025-02-01,4.0
A/Queensland/IN000692/2024|EPI_ISL_19664768,2025-02-02,4.0
A/Queensland/IN000692/2024|EPI_ISL_19664768,2025-02-03,14.0
A/Queensland/IN000692/2024|EPI_ISL_19664768,2025-02-04,7.0
A/Queensland/IN000692/2024|EPI_ISL_19664768,2025-02-05,5.0
A/Queensland/IN000692/2024|EPI_ISL_19664768,2025-02-06,6.0
A/Queensland/IN000692/2024|EPI_ISL_19664768,2025-02-07,4.0
A/Queensland/IN000692/2024|EPI_ISL_19664768,2025-02-08,4.0
A/Queensland/IN000692/2024|EPI_ISL_19664768,2025-02-09,3.0
A/Queensland/IN000692/2024|EPI_ISL_19664768,2025-02-10,17.0
A/Queensland/IN000692/2024|EPI_ISL_19664768,2025-02-11,10.0
A/Queensland/IN000692/2024|EPI_ISL_19664768,2025-02-12,7.0
A/Queensland/IN000692/2024|EPI_ISL_19664768,2025-02-13,8.0
A/Queensland/IN000692/2024|EPI_ISL_19664768,2025-02-14,7.0
A/Queensland/IN000692/2024|EPI_ISL_19664768,2025-02-15,2.0
A/Queensland/IN000692/2024|EPI_ISL_19664768,2025-02-16,3.0
A/Queensland/IN000692/2024|EPI_ISL_19664768,2025-02-17,11.0
A/Queensland/IN000692/2024|EPI_ISL_19664768,2025-02-18,14.0
A/Queensland/IN000692/2024|EPI_ISL_19664768,2025-02-19,8.0
A/Queensland/IN000692/2024|EPI_ISL_19664768,2025-02-20,11.0
A/Queensland/IN000692/2024|EPI_ISL_19664768,2025-02-21,13.0
A/Queensland/IN000692/2024|EPI_ISL_19664768,2025-02-22,3.0
A/Queensland/IN000692/2024|EPI_ISL_19664768,2025-02-23,3.0
A/Queensland/IN000692/2024|EPI_ISL_19664768,2025-02-24,13.0
A/Queensland/IN000692/2024|EPI_ISL_19664768,2025-02-25,11.0
A/Queensland/IN000692/2024|EPI_ISL_19664768,2025-02-26,7.0
A/Queensland/IN000692/2024|EPI_ISL_19664768,2025-02-27,5.0
A/Queensland/IN000692/2024|EPI_ISL_19664768,2025-02-28,1.0
A/Queensland/IN000692/2024|EPI_ISL_19664768,2025-03-01,6.0
A/Queensland/IN000692/2024|EPI_ISL_19664768,2025-03-02,6.0
A/Queensland/IN000692/2024|EPI_ISL_19664768,2025-03-03,15.0
A/Queensland/IN000692/2024|EPI_ISL_19664768,2025-03-04,6.0
A/Queensland/IN000692/2024|EPI_ISL_19664768,2025-03-05,8.0
A/Queensland/IN000692/2024|EPI_ISL_19664768,2025-03-06,9.0
A/Queensland/IN000692/2024|EPI_ISL_19664768,2025-03-07,2.0
A/Queensland/IN000692/2024|EPI_ISL_19664768,2025-03-08,3.0
A/Queensland/IN000692/2024|EPI_ISL_19664768,2025-03-09,6.0
A/Queensland/IN000692/2024|EPI_ISL_19664768,2025-03-10,14.0
A/Queensland/IN000692/2024|EPI_ISL_19664768,2025-03-11,12.0
A/Queensland/IN000692/2024|EPI_ISL_19664768,2025-03-12,9.0
A/Queensland/IN000692/2024|EPI_ISL_19664768,2025-03-13,11.0
A/Queensland/IN000692/2024|EPI_ISL_19664768,2025-03-14,9.0
A/Queensland/IN000692/2024|EPI_ISL_19664768,2025-03-15,3.0
A/Queensland/IN000692/2024|EPI_ISL_19664768,2025-03-16,3.0
A/Queensland/IN000692/2024|EPI_ISL_19664768,2025-03-17,8.0
A/Queensland/IN000692/2024|EPI_ISL_19664768,2025-03-18,12.0
A/Queensland/IN000692/2024|EPI_ISL_19664768,2025-03-19,5.0
A/Queensland/IN000692/2024|EPI_ISL_19664768,2025-03-20,3.0
A/Queensland/IN000692/2024|EPI_ISL_19664768,2025-03-21,4.0
A/Queensland/IN000692/2024|EPI_ISL_19664768,2025-03-22,7.0
A/Queensland/IN000692/2024|EPI_ISL_19664768,2025-03-23,3.0
A/Queensland/IN000692/2024|EPI_ISL_19664768,2025-03-24,6.0
A/Queensland/IN000692/2024|EPI_ISL_19664768,2025-03-25,7.0
A/Queensland/IN000692/2024|EPI_ISL_19664768,2025-03-26,6.0
A/Queensland/IN000692/2024|EPI_ISL_19664768,2025-03-27,8.0
A/Queensland/IN000692/2024|EPI_ISL_19664768,2025-03-28,2.0
A/Queensland/IN000692/2024|EPI_ISL_19664768,2025-03-29,1.0
A/Queensland/IN000692/2024|EPI_ISL_19664768,2025-03-30,3.0
A/Queensland/IN000692/2024|EPI_ISL_19664768,2025-03-31,10.0
A/Queensland/IN000692/2024|EPI_ISL_19664768,2025-04-01,9.0
A/Queensland/IN000692/2024|EPI_ISL_19664768,2025-04-02,7.0
A/Queensland/IN000692/2024|EPI_ISL_19664768,2025-04-03,9.0
A/Queensland/IN000692/2024|EPI_ISL_19664768,2025-04-04,9.0
A/Queensland/IN000692/2024|EPI_ISL_19664768,2025-04-05,3.0
A/Queensland/IN000692/2024|EPI_ISL_19664768,2025-04-07,7.0
A/Queensland/IN000692/2024|EPI_ISL_19664768,2025-04-08,12.0
A/Queensland/IN000692/2024|EPI_ISL_19664768,2025-04-09,3.0
A/Queensland/IN000692/2024|EPI_ISL_19664768,2025-04-10,10.0
A/Queensland/IN000692/2024|EPI_ISL_19664768,2025-04-11,5.0
A/Queensland/IN000692/2024|EPI_ISL_19664768,2025-04-12,1.0
A/Queensland/IN000692/2024|EPI_ISL_19664768,2025-04-13,2.0
A/Queensland/IN000692/2024|EPI_ISL_19664768,2025-04-14,9.0
A/Queensland/IN000692/2024|EPI_ISL_19664768,2025-04-15,8.0
A/Queensland/IN000692/2024|EPI_ISL_19664768,2025-04-16,8.0
A/Queensland/IN000692/2024|EPI_ISL_19664768,2025-04-17,7.0
A/Queensland/IN000692/2024|EPI_ISL_19664768,2025-04-18,1.0
A/Queensland/IN000692/2024|EPI_ISL_19664768,2025-04-19,6.0
A/Queensland/IN000692/2024|EPI_ISL_19664768,2025-04-20,2.0
A/Queensland/IN000692/2024|EPI_ISL_19664768,2025-04-21,12.0
A/Queensland/IN000692/2024|EPI_ISL_19664768,2025-04-22,6.0
A/Queensland/IN000692/2024|EPI_ISL_19664768,2025-04-23,6.0
A/Queensland/IN000692/2024|EPI_ISL_19664768,2025-04-24,3.0
A/Queensland/IN000692/2024|EPI_ISL_19664768,2025-04-25,3.0
A/Queensland/IN000692/2024|EPI_ISL_19664768,2025-04-26,1.0
A/Queensland/IN000692/2024|EPI_ISL_19664768,2025-04-28,6.0
A/Queensland/IN000692/2024|EPI_ISL_19664768,2025-04-29,4.0
A/Queensland/IN000692/2024|EPI_ISL_19664768,2025-04-30,5.0
A/Queensland/IN000692/2024|EPI_ISL_19664768,2025-05-01,3.0
A/Queensland/IN000692/2024|EPI_ISL_19664768,2025-05-02,4.0
A/Queensland/IN000692/2024|EPI_ISL_19664768,2025-05-03,5.0
A/Queensland/IN000692/2024|EPI_ISL_19664768,2025-05-04,2.0
A/Queensland/IN000692/2024|EPI_ISL_19664768,2025-05-05,4.0
A/Queensland/IN000692/2024|EPI_ISL_19664768,2025-05-06,5.0
A/Queensland/IN000692/2024|EPI_ISL_19664768,2025-05-07,9.0
A/Queensland/IN000692/2024|EPI_ISL_19664768,2025-05-08,5.0
A/Queensland/IN000692/2024|EPI_ISL_19664768,2025-05-09,2.0
A/Queensland/IN000692/2024|EPI_ISL_19664768,2025-05-10,1.0
A/Queensland/IN000692/2024|EPI_ISL_19664768,2025-05-11,1.0
A/Queensland/IN000692/2024|EPI_ISL_19664768,2025-05-12,7.0
A/Queensland/IN000692/2024|EPI_ISL_19664768,2025-05-13,5.0
A/Queensland/IN000692/2024|EPI_ISL_19664768,2025-05-14,4.0
A/Queensland/IN000692/2024|EPI_ISL_19664768,2025-05-15,1.0
A/Queensland/IN000692/2024|EPI_ISL_19664768,2025-05-16,3.0
A/Queensland/IN000692/2024|EPI_ISL_19664768,2025-05-17,3.0
A/Queensland/IN000692/2024|EPI_ISL_19664768,2025-05-18,7.0
A/Queensland/IN000692/2024|EPI_ISL_19664768,2025-05-19,6.0
A/Queensland/IN000692/2024|EPI_ISL_19664768,2025-05-20,2.0
A/Queensland/IN000692/2024|EPI_ISL_19664768,2025-05-21,6.0
A/Queensland/IN000692/2024|EPI_ISL_19664768,2025-05-22,2.0
A/Queensland/IN000692/2024|EPI_ISL_19664768,2025-05-23,1.0
A/Queensland/IN000692/2024|EPI_ISL_19664768,2025-05-24,2.0
A/Queensland/IN000692/2024|EPI_ISL_19664768,2025-05-26,4.0
A/Queensland/IN000692/2024|EPI_ISL_19664768,2025-05-27,2.0
A/Queensland/IN000692/2024|EPI_ISL_19664768,2025-05-28,3.0
A/Queensland/IN000692/2024|EPI_ISL_19664768,2025-05-29,6.0
A/Queensland/IN000692/2024|EPI_ISL_19664768,2025-05-30,3.0
A/Queensland/IN000692/2024|EPI_ISL_19664768,2025-05-31,1.0
A/Queensland/IN000692/2024|EPI_ISL_19664768,2025-06-02,3.0
A/Queensland/IN000692/2024|EPI_ISL_19664768,2025-06-03,3.0
A/Queensland/IN000692/2024|EPI_ISL_19664768,2025-06-04,5.0
A/Queensland/IN000692/2024|EPI_ISL_19664768,2025-06-05,1.0
A/Queensland/IN000692/2024|EPI_ISL_19664768,2025-06-06,2.0
A/Queensland/IN000692/2024|EPI_ISL_19664768,2025-06-07,1.0
A/Queensland/IN000692/2024|EPI_ISL_19664768,2025-06-09,1.0
A/Queensland/IN000692/2024|EPI_ISL_19664768,2025-06-10,1.0
A/Queensland/IN000692/2024|EPI_ISL_19664768,2025-06-11,2.0
A/Queensland/IN000692/2024|EPI_ISL_19664768,2025-06-13,1.0
A/Queensland/IN000692/2024|EPI_ISL_19664768,2025-06-15,1.0
A/Queensland/IN000692/2024|EPI_ISL_19664768,2025-06-18,2.0
A/Queensland/IN000692/2024|EPI_ISL_19664768,2025-06-23,1.0
A/Queensland/IN000692/2024|EPI_ISL_19664768,2025-06-24,2.0
A/Queensland/IN000692/2024|EPI_ISL_19664768,2025-06-25,1.0
A/Queensland/IN000692/2024|EPI_ISL_19664768,2025-06-30,1.0
A/Queensland/IN000692/2024|EPI_ISL_19664768,2025-07-01,3.0
A/Queensland/IN000692/2024|EPI_ISL_19664768,2025-07-04,2.0
A/Queensland/IN000692/2024|EPI_ISL_19664768,2025-07-06,1.0
A/Queensland/IN000692/2024|EPI_ISL_19664768,2025-07-07,3.0
A/Queensland/IN000692/2024|EPI_ISL_19664768,2025-07-17,1.0
A/Queensland/IN000692/2024|EPI_ISL_19664768,2025-07-21,1.0
A/Queensland/IN000803/2024|EPI_ISL_19664823,2024-10-19,1.0
A/Queensland/IN000803/2024|EPI_ISL_19664823,2024-10-29,1.0
A/Queensland/IN000803/2024|EPI_ISL_19664823,2024-11-04,1.0
A/Queensland/IN000803/2024|EPI_ISL_19664823,2024-11-14,1.0
A/Queensland/IN000803/2024|EPI_ISL_19664823,2024-11-17,1.0
A/Queensland/IN000803/2024|EPI_ISL_19664823,2024-11-18,1.0
A/Queensland/IN000803/2024|EPI_ISL_19664823,2024-11-19,1.0
A/Queensland/IN000803/2024|EPI_ISL_19664823,2024-11-21,1.0
A/Queensland/IN000803/2024|EPI_ISL_19664823,2024-11-22,1.0
A/Queensland/IN000803/2024|EPI_ISL_19664823,2024-11-28,1.0
A/Queensland/IN000803/2024|EPI_ISL_19664823,2024-12-02,1.0
A/Queensland/IN000803/2024|EPI_ISL_19664823,2024-12-09,1.0
A/Queensland/IN000803/2024|EPI_ISL_19664823,2024-12-11,2.0
A/Queensland/IN000803/2024|EPI_ISL_19664823,2024-12-12,1.0
A/Queensland/IN000803/2024|EPI_ISL_19664823,2024-12-13,2.0
A/Queensland/IN000803/2024|EPI_ISL_19664823,2024-12-14,2.0
A/Queensland/IN000803/2024|EPI_ISL_19664823,2024-12-15,2.0
A/Queensland/IN000803/2024|EPI_ISL_19664823,2024-12-16,5.0
A/Queensland/IN000803/2024|EPI_ISL_19664823,2024-12-19,2.0
A/Queensland/IN000803/2024|EPI_ISL_19664823,2024-12-22,1.0
A/Queensland/IN000803/2024|EPI_ISL_19664823,2024-12-23,4.0
A/Queensland/IN000803/2024|EPI_ISL_19664823,2024-12-24,4.0
A/Queensland/IN000803/2024|EPI_ISL_19664823,2024-12-25,3.0
A/Queensland/IN000803/2024|EPI_ISL_19664823,2024-12-26,6.0
A/Queensland/IN000803/2024|EPI_ISL_19664823,2024-12-27,4.0
A/Queensland/IN000803/2024|EPI_ISL_19664823,2024-12-28,1.0
A/Queensland/IN000803/2024|EPI_ISL_19664823,2024-12-29,5.0
A/Queensland/IN000803/2024|EPI_ISL_19664823,2024-12-30,1.0
A/Queensland/IN000803/2024|EPI_ISL_19664823,2024-12-31,3.0
A/Queensland/IN000803/2024|EPI_ISL_19664823,2025-01-02,2.0
A/Queensland/IN000803/2024|EPI_ISL_19664823,2025-01-03,1.0
A/Queensland/IN000803/2024|EPI_ISL_19664823,2025-01-04,1.0
A/Queensland/IN000803/2024|EPI_ISL_19664823,2025-01-06,1.0
A/Queensland/IN000803/2024|EPI_ISL_19664823,2025-01-07,6.0
A/Queensland/IN000803/2024|EPI_ISL_19664823,2025-01-08,2.0
A/Queensland/IN000803/2024|EPI_ISL_19664823,2025-01-09,1.0
A/Queensland/IN000803/2024|EPI_ISL_19664823,2025-01-10,2.0
A/Queensland/IN000803/2024|EPI_ISL_19664823,2025-01-11,3.0
A/Queensland/IN000803/2024|EPI_ISL_19664823,2025-01-12,2.0
A/Queensland/IN000803/2024|EPI_ISL_19664823,2025-01-14,1.0
A/Queensland/IN000803/2024|EPI_ISL_19664823,2025-01-15,2.0
A/Queensland/IN000803/2024|EPI_ISL_19664823,2025-01-16,1.0
A/Queensland/IN000803/2024|EPI_ISL_19664823,2025-01-18,3.0
A/Queensland/IN000803/2024|EPI_ISL_19664823,2025-01-19,4.0
A/Queensland/IN000803/2024|EPI_ISL_19664823,2025-01-20,3.0
A/Queensland/IN000803/2024|EPI_ISL_19664823,2025-01-21,2.0
A/Queensland/IN000803/2024|EPI_ISL_19664823,2025-01-23,3.0
A/Queensland/IN000803/2024|EPI_ISL_19664823,2025-01-24,3.0
A/Queensland/IN000803/2024|EPI_ISL_19664823,2025-01-26,3.0
A/Queensland/IN000803/2024|EPI_ISL_19664823,2025-01-27,3.0
A/Queensland/IN000803/2024|EPI_ISL_19664823,2025-01-28,1.0
A/Queensland/IN000803/2024|EPI_ISL_19664823,2025-01-29,3.0
A/Queensland/IN000803/2024|EPI_ISL_19664823,2025-01-30,2.0
A/Queensland/IN000803/2024|EPI_ISL_19664823,2025-01-31,1.0
A/Queensland/IN000803/2024|EPI_ISL_19664823,2025-02-02,3.0
A/Queensland/IN000803/2024|EPI_ISL_19664823,2025-02-03,1.0
A/Queensland/IN000803/2024|EPI_ISL_19664823,2025-02-04,3.0
A/Queensland/IN000803/2024|EPI_ISL_19664823,2025-02-05,2.0
A/Queensland/IN000803/2024|EPI_ISL_19664823,2025-02-07,1.0
A/Queensland/IN000803/2024|EPI_ISL_19664823,2025-02-08,1.0
A/Queensland/IN000803/2024|EPI_ISL_19664823,2025-02-09,1.0
A/Queensland/IN000803/2024|EPI_ISL_19664823,2025-02-11,2.0
A/Queensland/IN000803/2024|EPI_ISL_19664823,2025-02-12,1.0
A/Queensland/IN000803/2024|EPI_ISL_19664823,2025-02-14,2.0
A/Queensland/IN000803/2024|EPI_ISL_19664823,2025-02-16,2.0
A/Queensland/IN000803/2024|EPI_ISL_19664823,2025-02-18,1.0
A/Queensland/IN000803/2024|EPI_ISL_19664823,2025-02-19,2.0
A/Queensland/IN000803/2024|EPI_ISL_19664823,2025-02-21,1.0
A/Queensland/IN000803/2024|EPI_ISL_19664823,2025-02-23,1.0
A/Queensland/IN000803/2024|EPI_ISL_19664823,2025-02-25,1.0
A/Queensland/IN000803/2024|EPI_ISL_19664823,2025-03-03,1.0
A/Queensland/IN000803/2024|EPI_ISL_19664823,2025-03-04,1.0
A/Queensland/IN000803/2024|EPI_ISL_19664823,2025-03-05,1.0
A/Queensland/IN000803/2024|EPI_ISL_19664823,2025-03-06,1.0
A/Queensland/IN000803/2024|EPI_ISL_19664823,2025-03-09,1.0
A/Queensland/IN000803/2024|EPI_ISL_19664823,2025-03-10,1.0
A/Queensland/IN000803/2024|EPI_ISL_19664823,2025-03-11,2.0
A/Queensland/IN000803/2024|EPI_ISL_19664823,2025-03-13,1.0
A/Queensland/IN000803/2024|EPI_ISL_19664823,2025-04-01,1.0
A/Queensland/IN000803/2024|EPI_ISL_19664823,2025-04-03,1.0
A/Queensland/IN000803/2024|EPI_ISL_19664823,2025-04-05,1.0
A/Queensland/IN000803/2024|EPI_ISL_19664823,2025-04-08,1.0
A/Queensland/IN000803/2024|EPI_ISL_19664823,2025-04-10,1.0
A/Queensland/IN000803/2024|EPI_ISL_19664823,2025-04-14,1.0
A/Queensland/IN000803/2024|EPI_ISL_19664823,2025-04-22,1.0
A/Queensland/IN000803/2024|EPI_ISL_19664823,2025-04-24,1.0
A/Queensland/IN000803/2024|EPI_ISL_19664823,2025-04-28,1.0
A/Queensland/IN000803/2024|EPI_ISL_19664823,2025-05-11,1.0
A/Queensland/IN000803/2024|EPI_ISL_19664823,2025-05-19,2.0
A/Rhode_Island/15446/2025|EPI_ISL_19774046,2024-12-19,1.0
A/Rhode_Island/15446/2025|EPI_ISL_19774046,2024-12-23,1.0
A/Rhode_Island/15446/2025|EPI_ISL_19774046,2025-01-02,1.0
A/Rhode_Island/15446/2025|EPI_ISL_19774046,2025-01-08,1.0
A/Rhode_Island/15446/2025|EPI_ISL_19774046,2025-01-24,1.0
A/Rhode_Island/15446/2025|EPI_ISL_19774046,2025-01-27,2.0
A/Rhode_Island/15446/2025|EPI_ISL_19774046,2025-02-02,1.0
A/Rhode_Island/15446/2025|EPI_ISL_19774046,2025-02-12,1.0
A/Rhode_Island/15446/2025|EPI_ISL_19774046,2025-03-03,1.0
A/Rhode_Island/15446/2025|EPI_ISL_19774046,2025-05-21,1.0
A/Rhode_Island/66/2024|EPI_ISL_19667940,2024-11-26,1.0
A/Rhode_Island/66/2024|EPI_ISL_19667940,2025-01-03,1.0
A/Rhode_Island/66/2024|EPI_ISL_19667940,2025-01-22,1.0
A/Rhode_Island/66/2024|EPI_ISL_19667940,2025-01-24,2.0
A/Rhode_Island/66/2024|EPI_ISL_19667940,2025-01-27,1.0
A/Rhode_Island/66/2024|EPI_ISL_19667940,2025-01-28,1.0
A/Rhode_Island/66/2024|EPI_ISL_19667940,2025-02-05,1.0
A/Rhode_Island/66/2024|EPI_ISL_19667940,2025-02-07,1.0
A/Santa_Catarina/333/2025|EPI_ISL_19786875,2024-05-19,1.0
A/Santa_Catarina/333/2025|EPI_ISL_19786875,2024-05-23,1.0
A/Santa_Catarina/333/2025|EPI_ISL_19786875,2024-05-27,1.0
A/Santa_Catarina/333/2025|EPI_ISL_19786875,2024-06-01,1.0
A/Santa_Catarina/333/2025|EPI_ISL_19786875,2024-06-03,1.0
A/Santa_Catarina/333/2025|EPI_ISL_19786875,2024-06-09,1.0
A/Santa_Catarina/333/2025|EPI_ISL_19786875,2024-06-14,1.0
A/Santa_Catarina/333/2025|EPI_ISL_19786875,2024-06-19,1.0
A/Santa_Catarina/333/2025|EPI_ISL_19786875,2024-06-20,2.0
A/Santa_Catarina/333/2025|EPI_ISL_19786875,2024-07-02,1.0
A/Santa_Catarina/333/2025|EPI_ISL_19786875,2024-07-03,1.0
A/Santa_Catarina/333/2025|EPI_ISL_19786875,2024-07-09,1.0
A/Santa_Catarina/333/2025|EPI_ISL_19786875,2024-07-10,1.0
A/Santa_Catarina/333/2025|EPI_ISL_19786875,2024-07-12,1.0
A/Santa_Catarina/333/2025|EPI_ISL_19786875,2024-07-22,1.0
A/Santa_Catarina/333/2025|EPI_ISL_19786875,2024-08-01,1.0
A/Santa_Catarina/333/2025|EPI_ISL_19786875,2024-08-22,1.0
A/Santa_Catarina/333/2025|EPI_ISL_19786875,2024-08-25,2.0
A/Santa_Catarina/333/2025|EPI_ISL_19786875,2024-09-01,1.0
A/Santa_Catarina/333/2025|EPI_ISL_19786875,2024-09-12,1.0
A/Santa_Catarina/333/2025|EPI_ISL_19786875,2024-09-19,1.0
A/Santa_Catarina/333/2025|EPI_ISL_19786875,2024-09-22,1.0
A/Santa_Catarina/333/2025|EPI_ISL_19786875,2024-09-23,1.0
A/Santa_Catarina/333/2025|EPI_ISL_19786875,2024-09-24,2.0
A/Santa_Catarina/333/2025|EPI_ISL_19786875,2024-09-25,1.0
A/Santa_Catarina/333/2025|EPI_ISL_19786875,2024-10-07,2.0
A/Santa_Catarina/333/2025|EPI_ISL_19786875,2024-10-09,2.0
A/Santa_Catarina/333/2025|EPI_ISL_19786875,2024-10-11,1.0
A/Santa_Catarina/333/2025|EPI_ISL_19786875,2024-10-12,1.0
A/Santa_Catarina/333/2025|EPI_ISL_19786875,2024-10-13,1.0
A/Santa_Catarina/333/2025|EPI_ISL_19786875,2024-10-14,1.0
A/Santa_Catarina/333/2025|EPI_ISL_19786875,2024-10-23,1.0
A/Santa_Catarina/333/2025|EPI_ISL_19786875,2024-10-26,1.0
A/Santa_Catarina/333/2025|EPI_ISL_19786875,2024-11-05,1.0
A/Santa_Catarina/333/2025|EPI_ISL_19786875,2024-11-07,1.0
A/Santa_Catarina/333/2025|EPI_ISL_19786875,2024-11-11,2.0
A/Santa_Catarina/333/2025|EPI_ISL_19786875,2024-11-21,1.0
A/Santa_Catarina/333/2025|EPI_ISL_19786875,2024-12-01,1.0
A/Santa_Catarina/333/2025|EPI_ISL_19786875,2024-12-04,1.0
A/Santa_Catarina/333/2025|EPI_ISL_19786875,2024-12-09,2.0
A/Santa_Catarina/333/2025|EPI_ISL_19786875,2024-12-10,1.0
A/Santa_Catarina/333/2025|EPI_ISL_19786875,2024-12-12,1.0
A/Santa_Catarina/333/2025|EPI_ISL_19786875,2025-01-02,1.0
A/Santa_Catarina/333/2025|EPI_ISL_19786875,2025-01-05,1.0
A/Santa_Catarina/333/2025|EPI_ISL_19786875,2025-01-14,1.0
A/Santa_Catarina/333/2025|EPI_ISL_19786875,2025-02-03,1.0
A/Santa_Catarina/333/2025|EPI_ISL_19786875,2025-02-22,1.0
A/Santa_Catarina/333/2025|EPI_ISL_19786875,2025-02-26,1.0
A/Santa_Catarina/333/2025|EPI_ISL_19786875,2025-03-01,1.0
A/Santa_Catarina/333/2025|EPI_ISL_19786875,2025-03-11,1.0
A/Santa_Catarina/333/2025|EPI_ISL_19786875,2025-03-14,2.0
A/Santa_Catarina/333/2025|EPI_ISL_19786875,2025-03-17,2.0
A/Santa_Catarina/333/2025|EPI_ISL_19786875,2025-03-18,1.0
A/Santa_Catarina/333/2025|EPI_ISL_19786875,2025-03-24,1.0
A/Santa_Catarina/333/2025|EPI_ISL_19786875,2025-03-25,1.0
A/Santa_Catarina/333/2025|EPI_ISL_19786875,2025-04-06,1.0
A/Santa_Catarina/333/2025|EPI_ISL_19786875,2025-04-07,1.0
A/Santa_Catarina/333/2025|EPI_ISL_19786875,2025-04-10,1.0
A/Santa_Catarina/333/2025|EPI_ISL_19786875,2025-04-16,1.0
A/Santa_Catarina/333/2025|EPI_ISL_19786875,2025-04-24,2.0
A/Santa_Catarina/333/2025|EPI_ISL_19786875,2025-04-25,1.0
A/Sao_Paulo/358026766-IAL/2024|EPI_ISL_19647100,2024-11-11,1.0
A/Sao_Paulo/358026766-IAL/2024|EPI_ISL_19647100,2024-11-18,1.0
A/Sao_Paulo/358026766-IAL/2024|EPI_ISL_19647100,2025-01-09,1.0
A/Sao_Paulo/358026766-IAL/2024|EPI_ISL_19647100,2025-01-12,1.0
A/Sao_Paulo/358026766-IAL/2024|EPI_ISL_19647100,2025-02-28,1.0
A/Saskatchewan/RV04835/2024|EPI_ISL_19565825,2024-10-02,1.0
A/Saskatchewan/RV04835/2024|EPI_ISL_19565825,2024-10-03,2.0
A/Saskatchewan/RV04835/2024|EPI_ISL_19565825,2024-10-07,1.0
A/Saskatchewan/RV04835/2024|EPI_ISL_19565825,2024-10-23,1.0
A/Saskatchewan/RV04835/2024|EPI_ISL_19565825,2024-10-25,2.0
A/Slovenia/49/2024|EPI_ISL_19192381,2024-04-20,1.0
A/Slovenia/49/2024|EPI_ISL_19192381,2024-04-22,2.0
A/Slovenia/49/2024|EPI_ISL_19192381,2024-04-24,1.0
A/Slovenia/49/2024|EPI_ISL_19192381,2024-05-06,1.0
A/Slovenia/49/2024|EPI_ISL_19192381,2024-05-09,1.0
A/Slovenia/49/2024|EPI_ISL_19192381,2024-05-11,1.0
A/Slovenia/49/2024|EPI_ISL_19192381,2024-05-12,1.0
A/Slovenia/49/2024|EPI_ISL_19192381,2024-05-15,1.0
A/Slovenia/49/2024|EPI_ISL_19192381,2024-05-18,1.0
A/Slovenia/49/2024|EPI_ISL_19192381,2024-05-20,1.0
A/Slovenia/49/2024|EPI_ISL_19192381,2024-05-22,1.0
A/Slovenia/49/2024|EPI_ISL_19192381,2024-06-02,1.0
A/Slovenia/49/2024|EPI_ISL_19192381,2024-06-04,3.0
A/Slovenia/49/2024|EPI_ISL_19192381,2024-06-16,1.0
A/Slovenia/49/2024|EPI_ISL_19192381,2025-06-18,1.0
A/Slovenia/49/2024|EPI_ISL_19192381,2025-06-23,1.0
A/Switzerland/860423897313/2023|EPI_ISL_19654915,2024-11-20,1.0
A/Switzerland/860423897313/2023|EPI_ISL_19654915,2024-11-21,1.0
A/Switzerland/860423897313/2023|EPI_ISL_19654915,2024-11-28,1.0
A/Switzerland/860423897313/2023|EPI_ISL_19654915,2024-12-03,1.0
A/Switzerland/860423897313/2023|EPI_ISL_19654915,2024-12-04,2.0
A/Switzerland/860423897313/2023|EPI_ISL_19654915,2024-12-09,1.0
A/Switzerland/860423897313/2023|EPI_ISL_19654915,2024-12-13,1.0
A/Switzerland/860423897313/2023|EPI_ISL_19654915,2024-12-19,1.0
A/Switzerland/860423897313/2023|EPI_ISL_19654915,2024-12-23,1.0
A/Switzerland/860423897313/2023|EPI_ISL_19654915,2024-12-26,3.0
A/Switzerland/860423897313/2023|EPI_ISL_19654915,2024-12-27,1.0
A/Switzerland/860423897313/2023|EPI_ISL_19654915,2024-12-30,1.0
A/Switzerland/860423897313/2023|EPI_ISL_19654915,2024-12-31,5.0
A/Switzerland/860423897313/2023|EPI_ISL_19654915,2025-01-01,1.0
A/Switzerland/860423897313/2023|EPI_ISL_19654915,2025-01-02,2.0
A/Switzerland/860423897313/2023|EPI_ISL_19654915,2025-01-04,2.0
A/Switzerland/860423897313/2023|EPI_ISL_19654915,2025-01-05,2.0
A/Switzerland/860423897313/2023|EPI_ISL_19654915,2025-01-06,3.0
A/Switzerland/860423897313/2023|EPI_ISL_19654915,2025-01-07,2.0
A/Switzerland/860423897313/2023|EPI_ISL_19654915,2025-01-08,5.0
A/Switzerland/860423897313/2023|EPI_ISL_19654915,2025-01-09,1.0
A/Switzerland/860423897313/2023|EPI_ISL_19654915,2025-01-10,3.0
A/Switzerland/860423897313/2023|EPI_ISL_19654915,2025-01-11,2.0
A/Switzerland/860423897313/2023|EPI_ISL_19654915,2025-01-13,2.0
A/Switzerland/860423897313/2023|EPI_ISL_19654915,2025-01-14,5.0
A/Switzerland/860423897313/2023|EPI_ISL_19654915,2025-01-15,1.0
A/Switzerland/860423897313/2023|EPI_ISL_19654915,2025-01-16,8.0
A/Switzerland/860423897313/2023|EPI_ISL_19654915,2025-01-17,6.0
A/Switzerland/860423897313/2023|EPI_ISL_19654915,2025-01-18,3.0
A/Switzerland/860423897313/2023|EPI_ISL_19654915,2025-01-20,3.0
A/Switzerland/860423897313/2023|EPI_ISL_19654915,2025-01-21,5.0
A/Switzerland/860423897313/2023|EPI_ISL_19654915,2025-01-22,6.0
A/Switzerland/860423897313/2023|EPI_ISL_19654915,2025-01-23,2.0
A/Switzerland/860423897313/2023|EPI_ISL_19654915,2025-01-24,5.0
A/Switzerland/860423897313/2023|EPI_ISL_19654915,2025-01-25,1.0
A/Switzerland/860423897313/2023|EPI_ISL_19654915,2025-01-27,4.0
A/Switzerland/860423897313/2023|EPI_ISL_19654915,2025-01-28,16.0
A/Switzerland/860423897313/2023|EPI_ISL_19654915,2025-01-29,8.0
A/Switzerland/860423897313/2023|EPI_ISL_19654915,2025-01-30,6.0
A/Switzerland/860423897313/2023|EPI_ISL_19654915,2025-01-31,4.0
A/Switzerland/860423897313/2023|EPI_ISL_19654915,2025-02-01,7.0
A/Switzerland/860423897313/2023|EPI_ISL_19654915,2025-02-02,2.0
A/Switzerland/860423897313/2023|EPI_ISL_19654915,2025-02-03,9.0
A/Switzerland/860423897313/2023|EPI_ISL_19654915,2025-02-04,12.0
A/Switzerland/860423897313/2023|EPI_ISL_19654915,2025-02-05,6.0
A/Switzerland/860423897313/2023|EPI_ISL_19654915,2025-02-06,8.0
A/Switzerland/860423897313/2023|EPI_ISL_19654915,2025-02-07,7.0
A/Switzerland/860423897313/2023|EPI_ISL_19654915,2025-02-08,3.0
A/Switzerland/860423897313/2023|EPI_ISL_19654915,2025-02-09,5.0
A/Switzerland/860423897313/2023|EPI_ISL_19654915,2025-02-10,8.0
A/Switzerland/860423897313/2023|EPI_ISL_19654915,2025-02-11,6.0
A/Switzerland/860423897313/2023|EPI_ISL_19654915,2025-02-12,9.0
A/Switzerland/860423897313/2023|EPI_ISL_19654915,2025-02-13,16.0
A/Switzerland/860423897313/2023|EPI_ISL_19654915,2025-02-14,3.0
A/Switzerland/860423897313/2023|EPI_ISL_19654915,2025-02-15,2.0
A/Switzerland/860423897313/2023|EPI_ISL_19654915,2025-02-16,7.0
A/Switzerland/860423897313/2023|EPI_ISL_19654915,2025-02-17,10.0
A/Switzerland/860423897313/2023|EPI_ISL_19654915,2025-02-18,13.0
A/Switzerland/860423897313/2023|EPI_ISL_19654915,2025-02-19,9.0
A/Switzerland/860423897313/2023|EPI_ISL_19654915,2025-02-20,8.0
A/Switzerland/860423897313/2023|EPI_ISL_19654915,2025-02-21,10.0
A/Switzerland/860423897313/2023|EPI_ISL_19654915,2025-02-22,7.0
A/Switzerland/860423897313/2023|EPI_ISL_19654915,2025-02-23,2.0
A/Switzerland/860423897313/2023|EPI_ISL_19654915,2025-02-24,14.0
A/Switzerland/860423897313/2023|EPI_ISL_19654915,2025-02-25,9.0
A/Switzerland/860423897313/2023|EPI_ISL_19654915,2025-02-26,13.0
A/Switzerland/860423897313/2023|EPI_ISL_19654915,2025-02-27,10.0
A/Switzerland/860423897313/2023|EPI_ISL_19654915,2025-02-28,9.0
A/Switzerland/860423897313/2023|EPI_ISL_19654915,2025-03-01,6.0
A/Switzerland/860423897313/2023|EPI_ISL_19654915,2025-03-02,8.0
A/Switzerland/860423897313/2023|EPI_ISL_19654915,2025-03-03,9.0
A/Switzerland/860423897313/2023|EPI_ISL_19654915,2025-03-04,13.0
A/Switzerland/860423897313/2023|EPI_ISL_19654915,2025-03-05,8.0
A/Switzerland/860423897313/2023|EPI_ISL_19654915,2025-03-06,10.0
A/Switzerland/860423897313/2023|EPI_ISL_19654915,2025-03-07,7.0
A/Switzerland/860423897313/2023|EPI_ISL_19654915,2025-03-08,5.0
A/Switzerland/860423897313/2023|EPI_ISL_19654915,2025-03-09,10.0
A/Switzerland/860423897313/2023|EPI_ISL_19654915,2025-03-10,8.0
A/Switzerland/860423897313/2023|EPI_ISL_19654915,2025-03-11,6.0
A/Switzerland/860423897313/2023|EPI_ISL_19654915,2025-03-12,12.0
A/Switzerland/860423897313/2023|EPI_ISL_19654915,2025-03-13,8.0
A/Switzerland/860423897313/2023|EPI_ISL_19654915,2025-03-14,5.0
A/Switzerland/860423897313/2023|EPI_ISL_19654915,2025-03-15,4.0
A/Switzerland/860423897313/2023|EPI_ISL_19654915,2025-03-16,1.0
A/Switzerland/860423897313/2023|EPI_ISL_19654915,2025-03-17,5.0
A/Switzerland/860423897313/2023|EPI_ISL_19654915,2025-03-18,8.0
A/Switzerland/860423897313/2023|EPI_ISL_19654915,2025-03-19,9.0
A/Switzerland/860423897313/2023|EPI_ISL_19654915,2025-03-20,2.0
A/Switzerland/860423897313/2023|EPI_ISL_19654915,2025-03-21,3.0
A/Switzerland/860423897313/2023|EPI_ISL_19654915,2025-03-22,2.0
A/Switzerland/860423897313/2023|EPI_ISL_19654915,2025-03-23,3.0
A/Switzerland/860423897313/2023|EPI_ISL_19654915,2025-03-24,9.0
A/Switzerland/860423897313/2023|EPI_ISL_19654915,2025-03-25,8.0
A/Switzerland/860423897313/2023|EPI_ISL_19654915,2025-03-26,4.0
A/Switzerland/860423897313/2023|EPI_ISL_19654915,2025-03-27,4.0
A/Switzerland/860423897313/2023|EPI_ISL_19654915,2025-03-28,6.0
A/Switzerland/860423897313/2023|EPI_ISL_19654915,2025-03-29,2.0
A/Switzerland/860423897313/2023|EPI_ISL_19654915,2025-03-30,3.0
A/Switzerland/860423897313/2023|EPI_ISL_19654915,2025-03-31,12.0
A/Switzerland/860423897313/2023|EPI_ISL_19654915,2025-04-01,3.0
A/Switzerland/860423897313/2023|EPI_ISL_19654915,2025-04-02,7.0
A/Switzerland/860423897313/2023|EPI_ISL_19654915,2025-04-03,1.0
A/Switzerland/860423897313/2023|EPI_ISL_19654915,2025-04-04,2.0
A/Switzerland/860423897313/2023|EPI_ISL_19654915,2025-04-05,1.0
A/Switzerland/860423897313/2023|EPI_ISL_19654915,2025-04-07,6.0
A/Switzerland/860423897313/2023|EPI_ISL_19654915,2025-04-08,10.0
A/Switzerland/860423897313/2023|EPI_ISL_19654915,2025-04-09,8.0
A/Switzerland/860423897313/2023|EPI_ISL_19654915,2025-04-10,7.0
A/Switzerland/860423897313/2023|EPI_ISL_19654915,2025-04-11,10.0
A/Switzerland/860423897313/2023|EPI_ISL_19654915,2025-04-12,1.0
A/Switzerland/860423897313/2023|EPI_ISL_19654915,2025-04-13,2.0
A/Switzerland/860423897313/2023|EPI_ISL_19654915,2025-04-14,2.0
A/Switzerland/860423897313/2023|EPI_ISL_19654915,2025-04-16,3.0
A/Switzerland/860423897313/2023|EPI_ISL_19654915,2025-04-17,6.0
A/Switzerland/860423897313/2023|EPI_ISL_19654915,2025-04-19,1.0
A/Switzerland/860423897313/2023|EPI_ISL_19654915,2025-04-20,2.0
A/Switzerland/860423897313/2023|EPI_ISL_19654915,2025-04-21,2.0
A/Switzerland/860423897313/2023|EPI_ISL_19654915,2025-04-22,3.0
A/Switzerland/860423897313/2023|EPI_ISL_19654915,2025-04-23,4.0
A/Switzerland/860423897313/2023|EPI_ISL_19654915,2025-04-24,5.0
A/Switzerland/860423897313/2023|EPI_ISL_19654915,2025-04-25,2.0
A/Switzerland/860423897313/2023|EPI_ISL_19654915,2025-04-26,2.0
A/Switzerland/860423897313/2023|EPI_ISL_19654915,2025-04-27,2.0
A/Switzerland/860423897313/2023|EPI_ISL_19654915,2025-04-28,2.0
A/Switzerland/860423897313/2023|EPI_ISL_19654915,2025-04-29,1.0
A/Switzerland/860423897313/2023|EPI_ISL_19654915,2025-04-30,1.0
A/Switzerland/860423897313/2023|EPI_ISL_19654915,2025-05-02,2.0
A/Switzerland/860423897313/2023|EPI_ISL_19654915,2025-05-04,2.0
A/Switzerland/860423897313/2023|EPI_ISL_19654915,2025-05-05,2.0
A/Switzerland/860423897313/2023|EPI_ISL_19654915,2025-05-06,2.0
A/Switzerland/860423897313/2023|EPI_ISL_19654915,2025-05-07,2.0
A/Switzerland/860423897313/2023|EPI_ISL_19654915,2025-05-08,1.0
A/Switzerland/860423897313/2023|EPI_ISL_19654915,2025-05-09,1.0
A/Switzerland/860423897313/2023|EPI_ISL_19654915,2025-05-12,2.0
A/Switzerland/860423897313/2023|EPI_ISL_19654915,2025-05-13,1.0
A/Switzerland/860423897313/2023|EPI_ISL_19654915,2025-05-15,2.0
A/Switzerland/860423897313/2023|EPI_ISL_19654915,2025-05-17,2.0
A/Switzerland/860423897313/2023|EPI_ISL_19654915,2025-05-19,3.0
A/Switzerland/860423897313/2023|EPI_ISL_19654915,2025-05-20,1.0
A/Switzerland/860423897313/2023|EPI_ISL_19654915,2025-05-23,2.0
A/Switzerland/860423897313/2023|EPI_ISL_19654915,2025-05-25,1.0
A/Switzerland/860423897313/2023|EPI_ISL_19654915,2025-05-27,1.0
A/Switzerland/860423897313/2023|EPI_ISL_19654915,2025-05-28,1.0
A/Switzerland/860423897313/2023|EPI_ISL_19654915,2025-05-30,3.0
A/Switzerland/860423897313/2023|EPI_ISL_19654915,2025-06-02,1.0
A/Switzerland/860423897313/2023|EPI_ISL_19654915,2025-06-04,1.0
A/Switzerland/860423897313/2023|EPI_ISL_19654915,2025-06-05,1.0
A/Switzerland/860423897313/2023|EPI_ISL_19654915,2025-06-06,2.0
A/Switzerland/860423897313/2023|EPI_ISL_19654915,2025-06-09,2.0
A/Switzerland/860423897313/2023|EPI_ISL_19654915,2025-06-10,2.0
A/Switzerland/860423897313/2023|EPI_ISL_19654915,2025-06-11,1.0
A/Switzerland/860423897313/2023|EPI_ISL_19654915,2025-06-18,1.0
A/Switzerland/860423897313/2023|EPI_ISL_19654915,2025-06-20,1.0
A/Switzerland/860423897313/2023|EPI_ISL_19654915,2025-06-23,1.0
A/Switzerland/860423897313/2023|EPI_ISL_19654915,2025-07-01,2.0
A/Switzerland/860423897313/2023|EPI_ISL_19654915,2025-07-06,1.0
A/Switzerland/860423897313/2023|EPI_ISL_19654915,2025-07-17,1.0
A/Switzerland/860423897313/2023|EPI_ISL_19654915,2025-07-22,1.0
A/Switzerland/860423897313/2023|EPI_ISL_19654915,2025-07-23,1.0
A/Sydney/43/2025|EPI_ISL_19780873,2024-04-18,1.0
A/Sydney/43/2025|EPI_ISL_19780873,2024-04-27,2.0
A/Sydney/43/2025|EPI_ISL_19780873,2024-04-30,1.0
A/Sydney/43/2025|EPI_ISL_19780873,2024-05-04,1.0
A/Sydney/43/2025|EPI_ISL_19780873,2024-05-07,1.0
A/Sydney/43/2025|EPI_ISL_19780873,2024-05-10,1.0
A/Sydney/43/2025|EPI_ISL_19780873,2024-05-11,1.0
A/Sydney/43/2025|EPI_ISL_19780873,2024-05-12,1.0
A/Sydney/43/2025|EPI_ISL_19780873,2024-05-20,1.0
A/Sydney/43/2025|EPI_ISL_19780873,2024-05-21,1.0
A/Sydney/43/2025|EPI_ISL_19780873,2024-05-24,2.0
A/Sydney/43/2025|EPI_ISL_19780873,2024-05-25,1.0
A/Sydney/43/2025|EPI_ISL_19780873,2024-05-29,2.0
A/Sydney/43/2025|EPI_ISL_19780873,2024-05-30,2.0
A/Sydney/43/2025|EPI_ISL_19780873,2024-06-04,2.0
A/Sydney/43/2025|EPI_ISL_19780873,2024-06-06,2.0
A/Sydney/43/2025|EPI_ISL_19780873,2024-06-07,2.0
A/Sydney/43/2025|EPI_ISL_19780873,2024-06-10,4.0
A/Sydney/43/2025|EPI_ISL_19780873,2024-06-11,1.0
A/Sydney/43/2025|EPI_ISL_19780873,2024-06-14,1.0
A/Sydney/43/2025|EPI_ISL_19780873,2024-06-15,1.0
A/Sydney/43/2025|EPI_ISL_19780873,2024-06-17,2.0
A/Sydney/43/2025|EPI_ISL_19780873,2024-06-21,1.0
A/Sydney/43/2025|EPI_ISL_19780873,2024-06-22,2.0
A/Sydney/43/2025|EPI_ISL_19780873,2024-06-24,7.0
A/Sydney/43/2025|EPI_ISL_19780873,2024-06-25,1.0
A/Sydney/43/2025|EPI_ISL_19780873,2024-06-26,2.0
A/Sydney/43/2025|EPI_ISL_19780873,2024-06-27,4.0
A/Sydney/43/2025|EPI_ISL_19780873,2024-06-28,2.0
A/Sydney/43/2025|EPI_ISL_19780873,2024-07-01,2.0
A/Sydney/43/2025|EPI_ISL_19780873,2024-07-02,3.0
A/Sydney/43/2025|EPI_ISL_19780873,2024-07-03,1.0
A/Sydney/43/2025|EPI_ISL_19780873,2024-07-04,2.0
A/Sydney/43/2025|EPI_ISL_19780873,2024-07-05,5.0
A/Sydney/43/2025|EPI_ISL_19780873,2024-07-06,1.0
A/Sydney/43/2025|EPI_ISL_19780873,2024-07-09,2.0
A/Sydney/43/2025|EPI_ISL_19780873,2024-07-10,2.0
A/Sydney/43/2025|EPI_ISL_19780873,2024-07-11,1.0
A/Sydney/43/2025|EPI_ISL_19780873,2024-07-12,3.0
A/Sydney/43/2025|EPI_ISL_19780873,2024-07-15,2.0
A/Sydney/43/2025|EPI_ISL_19780873,2024-07-16,1.0
A/Sydney/43/2025|EPI_ISL_19780873,2024-07-17,2.0
A/Sydney/43/2025|EPI_ISL_19780873,2024-07-19,6.0
A/Sydney/43/2025|EPI_ISL_19780873,2024-07-23,1.0
A/Sydney/43/2025|EPI_ISL_19780873,2024-07-26,1.0
A/Sydney/43/2025|EPI_ISL_19780873,2024-07-27,2.0
A/Sydney/43/2025|EPI_ISL_19780873,2024-07-29,1.0
A/Sydney/43/2025|EPI_ISL_19780873,2024-08-01,1.0
A/Sydney/43/2025|EPI_ISL_19780873,2024-08-05,1.0
A/Sydney/43/2025|EPI_ISL_19780873,2024-08-07,1.0
A/Sydney/43/2025|EPI_ISL_19780873,2024-08-10,1.0
A/Sydney/43/2025|EPI_ISL_19780873,2024-08-11,1.0
A/Sydney/43/2025|EPI_ISL_19780873,2024-08-13,2.0
A/Sydney/43/2025|EPI_ISL_19780873,2024-08-19,1.0
A/Sydney/43/2025|EPI_ISL_19780873,2024-08-22,2.0
A/Sydney/43/2025|EPI_ISL_19780873,2024-08-23,1.0
A/Sydney/43/2025|EPI_ISL_19780873,2024-08-25,1.0
A/Sydney/43/2025|EPI_ISL_19780873,2024-08-27,2.0
A/Sydney/43/2025|EPI_ISL_19780873,2024-08-28,1.0
A/Sydney/43/2025|EPI_ISL_19780873,2024-08-31,1.0
A/Sydney/43/2025|EPI_ISL_19780873,2024-09-02,1.0
A/Sydney/43/2025|EPI_ISL_19780873,2024-09-04,1.0
A/Sydney/43/2025|EPI_ISL_19780873,2024-09-06,4.0
A/Sydney/43/2025|EPI_ISL_19780873,2024-09-08,1.0
A/Sydney/43/2025|EPI_ISL_19780873,2024-09-09,1.0
A/Sydney/43/2025|EPI_ISL_19780873,2024-09-13,1.0
A/Sydney/43/2025|EPI_ISL_19780873,2024-09-14,1.0
A/Sydney/43/2025|EPI_ISL_19780873,2024-09-16,1.0
A/Sydney/43/2025|EPI_ISL_19780873,2024-09-17,1.0
A/Sydney/43/2025|EPI_ISL_19780873,2024-09-18,3.0
A/Sydney/43/2025|EPI_ISL_19780873,2024-09-19,2.0
A/Sydney/43/2025|EPI_ISL_19780873,2024-09-20,1.0
A/Sydney/43/2025|EPI_ISL_19780873,2024-09-27,2.0
A/Sydney/43/2025|EPI_ISL_19780873,2024-09-28,1.0
A/Sydney/43/2025|EPI_ISL_19780873,2024-09-30,1.0
A/Sydney/43/2025|EPI_ISL_19780873,2024-10-01,3.0
A/Sydney/43/2025|EPI_ISL_19780873,2024-10-02,3.0
A/Sydney/43/2025|EPI_ISL_19780873,2024-10-03,1.0
A/Sydney/43/2025|EPI_ISL_19780873,2024-10-07,1.0
A/Sydney/43/2025|EPI_ISL_19780873,2024-10-08,1.0
A/Sydney/43/2025|EPI_ISL_19780873,2024-10-10,1.0
A/Sydney/43/2025|EPI_ISL_19780873,2024-10-12,2.0
A/Sydney/43/2025|EPI_ISL_19780873,2024-10-13,1.0
A/Sydney/43/2025|EPI_ISL_19780873,2024-10-19,2.0
A/Sydney/43/2025|EPI_ISL_19780873,2024-10-22,1.0
A/Sydney/43/2025|EPI_ISL_19780873,2024-10-23,1.0
A/Sydney/43/2025|EPI_ISL_19780873,2024-11-08,1.0
A/Sydney/43/2025|EPI_ISL_19780873,2024-11-19,1.0
A/Sydney/43/2025|EPI_ISL_19780873,2024-11-21,1.0
A/Sydney/43/2025|EPI_ISL_19780873,2024-11-23,1.0
A/Sydney/43/2025|EPI_ISL_19780873,2024-11-24,2.0
A/Sydney/43/2025|EPI_ISL_19780873,2024-11-26,1.0
A/Sydney/43/2025|EPI_ISL_19780873,2024-11-28,1.0
A/Sydney/43/2025|EPI_ISL_19780873,2024-11-30,1.0
A/Sydney/43/2025|EPI_ISL_19780873,2024-12-01,2.0
A/Sydney/43/2025|EPI_ISL_19780873,2024-12-03,1.0
A/Sydney/43/2025|EPI_ISL_19780873,2024-12-04,1.0
A/Sydney/43/2025|EPI_ISL_19780873,2024-12-05,1.0
A/Sydney/43/2025|EPI_ISL_19780873,2024-12-07,1.0
A/Sydney/43/2025|EPI_ISL_19780873,2024-12-09,1.0
A/Sydney/43/2025|EPI_ISL_19780873,2024-12-12,1.0
A/Sydney/43/2025|EPI_ISL_19780873,2024-12-17,1.0
A/Sydney/43/2025|EPI_ISL_19780873,2024-12-18,1.0
A/Sydney/43/2025|EPI_ISL_19780873,2024-12-24,1.0
A/Sydney/43/2025|EPI_ISL_19780873,2024-12-25,2.0
A/Sydney/43/2025|EPI_ISL_19780873,2024-12-27,1.0
A/Sydney/43/2025|EPI_ISL_19780873,2024-12-29,1.0
A/Sydney/43/2025|EPI_ISL_19780873,2024-12-30,1.0
A/Sydney/43/2025|EPI_ISL_19780873,2024-12-31,2.0
A/Sydney/43/2025|EPI_ISL_19780873,2025-01-01,2.0
A/Sydney/43/2025|EPI_ISL_19780873,2025-01-02,1.0
A/Sydney/43/2025|EPI_ISL_19780873,2025-01-03,2.0
A/Sydney/43/2025|EPI_ISL_19780873,2025-01-05,2.0
A/Sydney/43/2025|EPI_ISL_19780873,2025-01-07,1.0
A/Sydney/43/2025|EPI_ISL_19780873,2025-01-10,3.0
A/Sydney/43/2025|EPI_ISL_19780873,2025-01-11,1.0
A/Sydney/43/2025|EPI_ISL_19780873,2025-01-12,1.0
A/Sydney/43/2025|EPI_ISL_19780873,2025-01-13,1.0
A/Sydney/43/2025|EPI_ISL_19780873,2025-01-15,1.0
A/Sydney/43/2025|EPI_ISL_19780873,2025-01-16,1.0
A/Sydney/43/2025|EPI_ISL_19780873,2025-01-24,3.0
A/Sydney/43/2025|EPI_ISL_19780873,2025-01-26,3.0
A/Sydney/43/2025|EPI_ISL_19780873,2025-01-28,1.0
A/Sydney/43/2025|EPI_ISL_19780873,2025-01-29,2.0
A/Sydney/43/2025|EPI_ISL_19780873,2025-01-30,2.0
A/Sydney/43/2025|EPI_ISL_19780873,2025-01-31,1.0
A/Sydney/43/2025|EPI_ISL_19780873,2025-02-03,1.0
A/Sydney/43/2025|EPI_ISL_19780873,2025-02-04,1.0
A/Sydney/43/2025|EPI_ISL_19780873,2025-02-05,4.0
A/Sydney/43/2025|EPI_ISL_19780873,2025-02-07,2.0
A/Sydney/43/2025|EPI_ISL_19780873,2025-02-08,1.0
A/Sydney/43/2025|EPI_ISL_19780873,2025-02-09,2.0
A/Sydney/43/2025|EPI_ISL_19780873,2025-02-10,3.0
A/Sydney/43/2025|EPI_ISL_19780873,2025-02-11,1.0
A/Sydney/43/2025|EPI_ISL_19780873,2025-02-12,4.0
A/Sydney/43/2025|EPI_ISL_19780873,2025-02-13,3.0
A/Sydney/43/2025|EPI_ISL_19780873,2025-02-16,2.0
A/Sydney/43/2025|EPI_ISL_19780873,2025-02-17,3.0
A/Sydney/43/2025|EPI_ISL_19780873,2025-02-24,1.0
A/Sydney/43/2025|EPI_ISL_19780873,2025-02-26,2.0
A/Sydney/43/2025|EPI_ISL_19780873,2025-02-28,2.0
A/Sydney/43/2025|EPI_ISL_19780873,2025-03-01,2.0
A/Sydney/43/2025|EPI_ISL_19780873,2025-03-03,1.0
A/Sydney/43/2025|EPI_ISL_19780873,2025-03-04,1.0
A/Sydney/43/2025|EPI_ISL_19780873,2025-03-08,2.0
A/Sydney/43/2025|EPI_ISL_19780873,2025-03-10,1.0
A/Sydney/43/2025|EPI_ISL_19780873,2025-03-11,2.0
A/Sydney/43/2025|EPI_ISL_19780873,2025-03-18,1.0
A/Sydney/43/2025|EPI_ISL_19780873,2025-03-19,1.0
A/Sydney/43/2025|EPI_ISL_19780873,2025-03-20,1.0
A/Sydney/43/2025|EPI_ISL_19780873,2025-03-21,2.0
A/Sydney/43/2025|EPI_ISL_19780873,2025-03-27,1.0
A/Sydney/43/2025|EPI_ISL_19780873,2025-03-29,2.0
A/Sydney/43/2025|EPI_ISL_19780873,2025-03-31,1.0
A/Sydney/43/2025|EPI_ISL_19780873,2025-04-01,1.0
A/Sydney/43/2025|EPI_ISL_19780873,2025-04-03,1.0
A/Sydney/43/2025|EPI_ISL_19780873,2025-04-15,1.0
A/Sydney/43/2025|EPI_ISL_19780873,2025-04-17,1.0
A/Sydney/43/2025|EPI_ISL_19780873,2025-04-22,1.0
A/Sydney/43/2025|EPI_ISL_19780873,2025-05-01,1.0
A/Sydney/43/2025|EPI_ISL_19780873,2025-07-08,1.0
A/Tasmania/788/2024|EPI_ISL_19561198,2024-10-07,1.0
A/Tasmania/788/2024|EPI_ISL_19561198,2024-10-08,1.0
A/Tasmania/788/2024|EPI_ISL_19561198,2024-10-09,1.0
A/Tasmania/788/2024|EPI_ISL_19561198,2024-10-22,1.0
A/Tasmania/788/2024|EPI_ISL_19561198,2024-10-27,1.0
A/Tasmania/790/2024|EPI_ISL_19661471,2024-10-07,2.0
A/Tasmania/790/2024|EPI_ISL_19661471,2024-10-08,1.0
A/Tasmania/790/2024|EPI_ISL_19661471,2024-10-15,1.0
A/Tasmania/836/2024|EPI_ISL_19574653,2024-09-24,2.0
A/Tasmania/836/2024|EPI_ISL_19574653,2024-09-25,1.0
A/Tasmania/836/2024|EPI_ISL_19574653,2024-10-05,1.0
A/Tasmania/836/2024|EPI_ISL_19574653,2024-10-06,1.0
A/Tasmania/836/2024|EPI_ISL_19574653,2024-10-10,2.0
A/Tasmania/836/2024|EPI_ISL_19574653,2024-10-11,1.0
A/Tasmania/836/2024|EPI_ISL_19574653,2024-10-24,1.0
A/Tasmania/836/2024|EPI_ISL_19574653,2024-10-27,1.0
A/Tasmania/836/2024|EPI_ISL_19574653,2024-12-13,1.0
A/Tasmania/836/2024|EPI_ISL_19574653,2024-12-17,2.0
A/Tasmania/836/2024|EPI_ISL_19574653,2024-12-18,2.0
A/Tasmania/836/2024|EPI_ISL_19574653,2025-01-02,1.0
A/Tasmania/836/2024|EPI_ISL_19574653,2025-01-04,1.0
A/Tasmania/836/2024|EPI_ISL_19574653,2025-01-09,1.0
A/Tasmania/836/2024|EPI_ISL_19574653,2025-01-25,1.0
A/Tasmania/836/2024|EPI_ISL_19574653,2025-01-27,1.0
A/Tasmania/836/2024|EPI_ISL_19574653,2025-02-09,1.0
A/Tasmania/836/2024|EPI_ISL_19574653,2025-02-19,1.0
A/Tasmania/836/2024|EPI_ISL_19574653,2025-02-24,1.0
A/Tennessee/99/2024|EPI_ISL_19628042,2024-04-19,1.0
A/Tennessee/99/2024|EPI_ISL_19628042,2024-05-04,2.0
A/Tennessee/99/2024|EPI_ISL_19628042,2024-05-07,1.0
A/Tennessee/99/2024|EPI_ISL_19628042,2024-05-08,1.0
A/Tennessee/99/2024|EPI_ISL_19628042,2024-05-16,1.0
A/Tennessee/99/2024|EPI_ISL_19628042,2024-05-17,1.0
A/Tennessee/99/2024|EPI_ISL_19628042,2024-06-10,2.0
A/Tennessee/99/2024|EPI_ISL_19628042,2024-06-11,1.0
A/Tennessee/99/2024|EPI_ISL_19628042,2024-06-12,1.0
A/Tennessee/99/2024|EPI_ISL_19628042,2024-06-14,1.0
A/Tennessee/99/2024|EPI_ISL_19628042,2024-06-17,1.0
A/Tennessee/99/2024|EPI_ISL_19628042,2024-06-20,1.0
A/Tennessee/99/2024|EPI_ISL_19628042,2024-06-21,1.0
A/Tennessee/99/2024|EPI_ISL_19628042,2024-06-24,1.0
A/Tennessee/99/2024|EPI_ISL_19628042,2024-06-29,1.0
A/Tennessee/99/2024|EPI_ISL_19628042,2024-07-01,3.0
A/Tennessee/99/2024|EPI_ISL_19628042,2024-07-07,1.0
A/Tennessee/99/2024|EPI_ISL_19628042,2024-07-10,1.0
A/Tennessee/99/2024|EPI_ISL_19628042,2024-07-15,1.0
A/Tennessee/99/2024|EPI_ISL_19628042,2024-07-18,2.0
A/Tennessee/99/2024|EPI_ISL_19628042,2024-07-21,1.0
A/Tennessee/99/2024|EPI_ISL_19628042,2024-07-24,1.0
A/Tennessee/99/2024|EPI_ISL_19628042,2024-07-28,2.0
A/Tennessee/99/2024|EPI_ISL_19628042,2024-08-05,1.0
A/Tennessee/99/2024|EPI_ISL_19628042,2024-08-19,1.0
A/Tennessee/99/2024|EPI_ISL_19628042,2024-08-28,1.0
A/Tennessee/99/2024|EPI_ISL_19628042,2024-09-02,1.0
A/Tennessee/99/2024|EPI_ISL_19628042,2024-09-07,1.0
A/Tennessee/99/2024|EPI_ISL_19628042,2024-09-08,1.0
A/Tennessee/99/2024|EPI_ISL_19628042,2024-09-14,1.0
A/Tennessee/99/2024|EPI_ISL_19628042,2024-09-20,1.0
A/Tennessee/99/2024|EPI_ISL_19628042,2024-09-28,1.0
A/Tennessee/99/2024|EPI_ISL_19628042,2024-09-30,1.0
A/Tennessee/99/2024|EPI_ISL_19628042,2024-10-01,1.0
A/Tennessee/99/2024|EPI_ISL_19628042,2024-10-03,2.0
A/Tennessee/99/2024|EPI_ISL_19628042,2024-10-06,1.0
A/Tennessee/99/2024|EPI_ISL_19628042,2024-10-07,1.0
A/Tennessee/99/2024|EPI_ISL_19628042,2024-10-08,1.0
A/Tennessee/99/2024|EPI_ISL_19628042,2024-10-10,2.0
A/Tennessee/99/2024|EPI_ISL_19628042,2024-10-13,1.0
A/Tennessee/99/2024|EPI_ISL_19628042,2024-10-16,2.0
A/Tennessee/99/2024|EPI_ISL_19628042,2024-10-18,1.0
A/Tennessee/99/2024|EPI_ISL_19628042,2024-10-20,1.0
A/Tennessee/99/2024|EPI_ISL_19628042,2024-10-22,2.0
A/Tennessee/99/2024|EPI_ISL_19628042,2024-10-23,2.0
A/Tennessee/99/2024|EPI_ISL_19628042,2024-10-25,1.0
A/Tennessee/99/2024|EPI_ISL_19628042,2024-10-27,1.0
A/Tennessee/99/2024|EPI_ISL_19628042,2024-10-28,2.0
A/Tennessee/99/2024|EPI_ISL_19628042,2024-10-29,2.0
A/Tennessee/99/2024|EPI_ISL_19628042,2024-11-01,1.0
A/Tennessee/99/2024|EPI_ISL_19628042,2024-11-02,2.0
A/Tennessee/99/2024|EPI_ISL_19628042,2024-11-04,1.0
A/Tennessee/99/2024|EPI_ISL_19628042,2024-11-05,3.0
A/Tennessee/99/2024|EPI_ISL_19628042,2024-11-06,2.0
A/Tennessee/99/2024|EPI_ISL_19628042,2024-11-07,3.0
A/Tennessee/99/2024|EPI_ISL_19628042,2024-11-08,2.0
A/Tennessee/99/2024|EPI_ISL_19628042,2024-11-09,2.0
A/Tennessee/99/2024|EPI_ISL_19628042,2024-11-10,1.0
A/Tennessee/99/2024|EPI_ISL_19628042,2024-11-11,1.0
A/Tennessee/99/2024|EPI_ISL_19628042,2024-11-12,1.0
A/Tennessee/99/2024|EPI_ISL_19628042,2024-11-13,4.0
A/Tennessee/99/2024|EPI_ISL_19628042,2024-11-14,7.0
A/Tennessee/99/2024|EPI_ISL_19628042,2024-11-15,1.0
A/Tennessee/99/2024|EPI_ISL_19628042,2024-11-16,1.0
A/Tennessee/99/2024|EPI_ISL_19628042,2024-11-17,3.0
A/Tennessee/99/2024|EPI_ISL_19628042,2024-11-18,2.0
A/Tennessee/99/2024|EPI_ISL_19628042,2024-11-19,1.0
A/Tennessee/99/2024|EPI_ISL_19628042,2024-11-20,5.0
A/Tennessee/99/2024|EPI_ISL_19628042,2024-11-21,2.0
A/Tennessee/99/2024|EPI_ISL_19628042,2024-11-22,3.0
A/Tennessee/99/2024|EPI_ISL_19628042,2024-11-23,1.0
A/Tennessee/99/2024|EPI_ISL_19628042,2024-11-27,2.0
A/Tennessee/99/2024|EPI_ISL_19628042,2024-11-28,2.0
A/Tennessee/99/2024|EPI_ISL_19628042,2024-11-29,1.0
A/Tennessee/99/2024|EPI_ISL_19628042,2024-12-01,1.0
A/Tennessee/99/2024|EPI_ISL_19628042,2024-12-02,1.0
A/Tennessee/99/2024|EPI_ISL_19628042,2024-12-03,2.0
A/Tennessee/99/2024|EPI_ISL_19628042,2024-12-05,1.0
A/Tennessee/99/2024|EPI_ISL_19628042,2024-12-09,1.0
A/Tennessee/99/2024|EPI_ISL_19628042,2024-12-10,2.0
A/Tennessee/99/2024|EPI_ISL_19628042,2024-12-13,1.0
A/Tennessee/99/2024|EPI_ISL_19628042,2024-12-16,1.0
A/Tennessee/99/2024|EPI_ISL_19628042,2024-12-18,2.0
A/Tennessee/99/2024|EPI_ISL_19628042,2024-12-19,2.0
A/Tennessee/99/2024|EPI_ISL_19628042,2024-12-26,1.0
A/Tennessee/99/2024|EPI_ISL_19628042,2024-12-27,1.0
A/Tennessee/99/2024|EPI_ISL_19628042,2024-12-28,1.0
A/Tennessee/99/2024|EPI_ISL_19628042,2024-12-29,2.0
A/Tennessee/99/2024|EPI_ISL_19628042,2024-12-31,1.0
A/Tennessee/99/2024|EPI_ISL_19628042,2025-01-01,1.0
A/Tennessee/99/2024|EPI_ISL_19628042,2025-01-03,2.0
A/Tennessee/99/2024|EPI_ISL_19628042,2025-01-05,1.0
A/Tennessee/99/2024|EPI_ISL_19628042,2025-01-07,1.0
A/Tennessee/99/2024|EPI_ISL_19628042,2025-01-10,1.0
A/Tennessee/99/2024|EPI_ISL_19628042,2025-01-12,1.0
A/Tennessee/99/2024|EPI_ISL_19628042,2025-01-14,1.0
A/Tennessee/99/2024|EPI_ISL_19628042,2025-01-15,1.0
A/Tennessee/99/2024|EPI_ISL_19628042,2025-01-16,1.0
A/Tennessee/99/2024|EPI_ISL_19628042,2025-01-17,1.0
A/Tennessee/99/2024|EPI_ISL_19628042,2025-01-18,1.0
A/Tennessee/99/2024|EPI_ISL_19628042,2025-01-19,1.0
A/Tennessee/99/2024|EPI_ISL_19628042,2025-01-21,1.0
A/Tennessee/99/2024|EPI_ISL_19628042,2025-01-23,1.0
A/Tennessee/99/2024|EPI_ISL_19628042,2025-01-24,1.0
A/Tennessee/99/2024|EPI_ISL_19628042,2025-01-30,1.0
A/Tennessee/99/2024|EPI_ISL_19628042,2025-02-02,1.0
A/Tennessee/99/2024|EPI_ISL_19628042,2025-02-10,1.0
A/Tennessee/99/2024|EPI_ISL_19628042,2025-02-13,1.0
A/Tennessee/99/2024|EPI_ISL_19628042,2025-02-19,1.0
A/Tennessee/99/2024|EPI_ISL_19628042,2025-02-24,1.0
A/Tennessee/99/2024|EPI_ISL_19628042,2025-02-26,1.0
A/Tennessee/99/2024|EPI_ISL_19628042,2025-03-16,1.0
A/Texas/15550/2024|EPI_ISL_19776837,2024-10-04,1.0
A/Texas/15550/2024|EPI_ISL_19776837,2024-10-27,1.0
A/Texas/15550/2024|EPI_ISL_19776837,2024-10-29,1.0
A/Texas/15550/2024|EPI_ISL_19776837,2024-11-05,1.0
A/Texas/15550/2024|EPI_ISL_19776837,2024-11-06,1.0
A/Texas/15550/2024|EPI_ISL_19776837,2024-11-07,1.0
A/Texas/15550/2024|EPI_ISL_19776837,2024-11-09,1.0
A/Texas/15550/2024|EPI_ISL_19776837,2024-11-10,1.0
A/Texas/15550/2024|EPI_ISL_19776837,2024-11-22,1.0
A/Texas/15550/2024|EPI_ISL_19776837,2024-12-01,1.0
A/Texas/15550/2024|EPI_ISL_19776837,2024-12-05,2.0
A/Texas/15550/2024|EPI_ISL_19776837,2024-12-10,1.0
A/Texas/15550/2024|EPI_ISL_19776837,2024-12-11,1.0
A/Texas/15550/2024|EPI_ISL_19776837,2024-12-12,2.0
A/Texas/15550/2024|EPI_ISL_19776837,2024-12-17,1.0
A/Texas/15550/2024|EPI_ISL_19776837,2024-12-20,1.0
A/Texas/15550/2024|EPI_ISL_19776837,2025-01-01,2.0
A/Texas/15550/2024|EPI_ISL_19776837,2025-01-03,1.0
A/Texas/15550/2024|EPI_ISL_19776837,2025-01-06,1.0
A/Texas/15550/2024|EPI_ISL_19776837,2025-01-07,1.0
A/Texas/15550/2024|EPI_ISL_19776837,2025-01-15,1.0
A/Texas/15550/2024|EPI_ISL_19776837,2025-01-21,1.0
A/Texas/ISC-1148/2025|EPI_ISL_19759499,2024-04-18,3.0
A/Texas/ISC-1148/2025|EPI_ISL_19759499,2024-04-19,1.0
A/Texas/ISC-1148/2025|EPI_ISL_19759499,2024-04-22,3.0
A/Texas/ISC-1148/2025|EPI_ISL_19759499,2024-04-23,3.0
A/Texas/ISC-1148/2025|EPI_ISL_19759499,2024-04-24,2.0
A/Texas/ISC-1148/2025|EPI_ISL_19759499,2024-04-25,2.0
A/Texas/ISC-1148/2025|EPI_ISL_19759499,2024-04-26,1.0
A/Texas/ISC-1148/2025|EPI_ISL_19759499,2024-04-29,2.0
A/Texas/ISC-1148/2025|EPI_ISL_19759499,2024-05-01,1.0
A/Texas/ISC-1148/2025|EPI_ISL_19759499,2024-05-04,1.0
A/Texas/ISC-1148/2025|EPI_ISL_19759499,2024-05-06,4.0
A/Texas/ISC-1148/2025|EPI_ISL_19759499,2024-05-07,3.0
A/Texas/ISC-1148/2025|EPI_ISL_19759499,2024-05-13,2.0
A/Texas/ISC-1148/2025|EPI_ISL_19759499,2024-05-15,3.0
A/Texas/ISC-1148/2025|EPI_ISL_19759499,2024-05-17,2.0
A/Texas/ISC-1148/2025|EPI_ISL_19759499,2024-05-20,1.0
A/Texas/ISC-1148/2025|EPI_ISL_19759499,2024-05-21,2.0
A/Texas/ISC-1148/2025|EPI_ISL_19759499,2024-05-23,3.0
A/Texas/ISC-1148/2025|EPI_ISL_19759499,2024-05-24,3.0
A/Texas/ISC-1148/2025|EPI_ISL_19759499,2024-05-25,3.0
A/Texas/ISC-1148/2025|EPI_ISL_19759499,2024-05-26,1.0
A/Texas/ISC-1148/2025|EPI_ISL_19759499,2024-05-27,1.0
A/Texas/ISC-1148/2025|EPI_ISL_19759499,2024-05-28,3.0
A/Texas/ISC-1148/2025|EPI_ISL_19759499,2024-05-31,1.0
A/Texas/ISC-1148/2025|EPI_ISL_19759499,2024-06-05,1.0
A/Texas/ISC-1148/2025|EPI_ISL_19759499,2024-06-06,5.0
A/Texas/ISC-1148/2025|EPI_ISL_19759499,2024-06-07,1.0
A/Texas/ISC-1148/2025|EPI_ISL_19759499,2024-06-08,1.0
A/Texas/ISC-1148/2025|EPI_ISL_19759499,2024-06-09,1.0
A/Texas/ISC-1148/2025|EPI_ISL_19759499,2024-06-10,1.0
A/Texas/ISC-1148/2025|EPI_ISL_19759499,2024-06-11,2.0
A/Texas/ISC-1148/2025|EPI_ISL_19759499,2024-06-12,4.0
A/Texas/ISC-1148/2025|EPI_ISL_19759499,2024-06-16,1.0
A/Texas/ISC-1148/2025|EPI_ISL_19759499,2024-06-17,1.0
A/Texas/ISC-1148/2025|EPI_ISL_19759499,2024-06-18,2.0
A/Texas/ISC-1148/2025|EPI_ISL_19759499,2024-06-19,1.0
A/Texas/ISC-1148/2025|EPI_ISL_19759499,2024-06-21,1.0
A/Texas/ISC-1148/2025|EPI_ISL_19759499,2024-06-23,1.0
A/Texas/ISC-1148/2025|EPI_ISL_19759499,2024-06-24,4.0
A/Texas/ISC-1148/2025|EPI_ISL_19759499,2024-06-26,1.0
A/Texas/ISC-1148/2025|EPI_ISL_19759499,2024-06-27,2.0
A/Texas/ISC-1148/2025|EPI_ISL_19759499,2024-06-28,1.0
A/Texas/ISC-1148/2025|EPI_ISL_19759499,2024-07-02,1.0
A/Texas/ISC-1148/2025|EPI_ISL_19759499,2024-07-04,1.0
A/Texas/ISC-1148/2025|EPI_ISL_19759499,2024-07-11,1.0
A/Texas/ISC-1148/2025|EPI_ISL_19759499,2024-07-15,2.0
A/Texas/ISC-1148/2025|EPI_ISL_19759499,2024-07-18,1.0
A/Texas/ISC-1148/2025|EPI_ISL_19759499,2024-07-20,2.0
A/Texas/ISC-1148/2025|EPI_ISL_19759499,2024-07-23,1.0
A/Texas/ISC-1148/2025|EPI_ISL_19759499,2024-07-24,2.0
A/Texas/ISC-1148/2025|EPI_ISL_19759499,2024-07-27,1.0
A/Texas/ISC-1148/2025|EPI_ISL_19759499,2024-07-29,2.0
A/Texas/ISC-1148/2025|EPI_ISL_19759499,2024-07-31,1.0
A/Texas/ISC-1148/2025|EPI_ISL_19759499,2024-08-03,3.0
A/Texas/ISC-1148/2025|EPI_ISL_19759499,2024-08-24,1.0
A/Texas/ISC-1148/2025|EPI_ISL_19759499,2024-08-26,1.0
A/Texas/ISC-1148/2025|EPI_ISL_19759499,2024-08-27,2.0
A/Texas/ISC-1148/2025|EPI_ISL_19759499,2024-08-29,1.0
A/Texas/ISC-1148/2025|EPI_ISL_19759499,2024-09-01,1.0
A/Texas/ISC-1148/2025|EPI_ISL_19759499,2024-09-02,1.0
A/Texas/ISC-1148/2025|EPI_ISL_19759499,2024-09-03,2.0
A/Texas/ISC-1148/2025|EPI_ISL_19759499,2024-09-05,2.0
A/Texas/ISC-1148/2025|EPI_ISL_19759499,2024-09-06,1.0
A/Texas/ISC-1148/2025|EPI_ISL_19759499,2024-09-07,1.0
A/Texas/ISC-1148/2025|EPI_ISL_19759499,2024-09-08,1.0
A/Texas/ISC-1148/2025|EPI_ISL_19759499,2024-09-09,1.0
A/Texas/ISC-1148/2025|EPI_ISL_19759499,2024-09-11,1.0
A/Texas/ISC-1148/2025|EPI_ISL_19759499,2024-09-12,3.0
A/Texas/ISC-1148/2025|EPI_ISL_19759499,2024-09-13,1.0
A/Texas/ISC-1148/2025|EPI_ISL_19759499,2024-09-15,1.0
A/Texas/ISC-1148/2025|EPI_ISL_19759499,2024-09-18,2.0
A/Texas/ISC-1148/2025|EPI_ISL_19759499,2024-09-19,2.0
A/Texas/ISC-1148/2025|EPI_ISL_19759499,2024-09-22,1.0
A/Texas/ISC-1148/2025|EPI_ISL_19759499,2024-09-23,1.0
A/Texas/ISC-1148/2025|EPI_ISL_19759499,2024-09-29,1.0
A/Texas/ISC-1148/2025|EPI_ISL_19759499,2024-10-01,4.0
A/Texas/ISC-1148/2025|EPI_ISL_19759499,2024-10-02,1.0
A/Texas/ISC-1148/2025|EPI_ISL_19759499,2024-10-03,1.0
A/Texas/ISC-1148/2025|EPI_ISL_19759499,2024-10-07,1.0
A/Texas/ISC-1148/2025|EPI_ISL_19759499,2024-10-09,3.0
A/Texas/ISC-1148/2025|EPI_ISL_19759499,2024-10-11,1.0
A/Texas/ISC-1148/2025|EPI_ISL_19759499,2024-10-13,1.0
A/Texas/ISC-1148/2025|EPI_ISL_19759499,2024-10-15,5.0
A/Texas/ISC-1148/2025|EPI_ISL_19759499,2024-10-18,2.0
A/Texas/ISC-1148/2025|EPI_ISL_19759499,2024-10-20,1.0
A/Texas/ISC-1148/2025|EPI_ISL_19759499,2024-10-21,3.0
A/Texas/ISC-1148/2025|EPI_ISL_19759499,2024-10-23,1.0
A/Texas/ISC-1148/2025|EPI_ISL_19759499,2024-10-24,2.0
A/Texas/ISC-1148/2025|EPI_ISL_19759499,2024-10-25,2.0
A/Texas/ISC-1148/2025|EPI_ISL_19759499,2024-10-26,2.0
A/Texas/ISC-1148/2025|EPI_ISL_19759499,2024-10-27,2.0
A/Texas/ISC-1148/2025|EPI_ISL_19759499,2024-10-28,4.0
A/Texas/ISC-1148/2025|EPI_ISL_19759499,2024-10-29,3.0
A/Texas/ISC-1148/2025|EPI_ISL_19759499,2024-10-30,4.0
A/Texas/ISC-1148/2025|EPI_ISL_19759499,2024-10-31,2.0
A/Texas/ISC-1148/2025|EPI_ISL_19759499,2024-11-01,5.0
A/Texas/ISC-1148/2025|EPI_ISL_19759499,2024-11-02,2.0
A/Texas/ISC-1148/2025|EPI_ISL_19759499,2024-11-03,4.0
A/Texas/ISC-1148/2025|EPI_ISL_19759499,2024-11-04,12.0
A/Texas/ISC-1148/2025|EPI_ISL_19759499,2024-11-05,3.0
A/Texas/ISC-1148/2025|EPI_ISL_19759499,2024-11-06,5.0
A/Texas/ISC-1148/2025|EPI_ISL_19759499,2024-11-07,6.0
A/Texas/ISC-1148/2025|EPI_ISL_19759499,2024-11-08,5.0
A/Texas/ISC-1148/2025|EPI_ISL_19759499,2024-11-09,2.0
A/Texas/ISC-1148/2025|EPI_ISL_19759499,2024-11-10,3.0
A/Texas/ISC-1148/2025|EPI_ISL_19759499,2024-11-11,7.0
A/Texas/ISC-1148/2025|EPI_ISL_19759499,2024-11-12,3.0
A/Texas/ISC-1148/2025|EPI_ISL_19759499,2024-11-13,10.0
A/Texas/ISC-1148/2025|EPI_ISL_19759499,2024-11-14,9.0
A/Texas/ISC-1148/2025|EPI_ISL_19759499,2024-11-15,7.0
A/Texas/ISC-1148/2025|EPI_ISL_19759499,2024-11-16,6.0
A/Texas/ISC-1148/2025|EPI_ISL_19759499,2024-11-17,5.0
A/Texas/ISC-1148/2025|EPI_ISL_19759499,2024-11-18,8.0
A/Texas/ISC-1148/2025|EPI_ISL_19759499,2024-11-19,17.0
A/Texas/ISC-1148/2025|EPI_ISL_19759499,2024-11-20,12.0
A/Texas/ISC-1148/2025|EPI_ISL_19759499,2024-11-21,9.0
A/Texas/ISC-1148/2025|EPI_ISL_19759499,2024-11-22,14.0
A/Texas/ISC-1148/2025|EPI_ISL_19759499,2024-11-23,10.0
A/Texas/ISC-1148/2025|EPI_ISL_19759499,2024-11-24,18.0
A/Texas/ISC-1148/2025|EPI_ISL_19759499,2024-11-25,24.0
A/Texas/ISC-1148/2025|EPI_ISL_19759499,2024-11-26,14.0
A/Texas/ISC-1148/2025|EPI_ISL_19759499,2024-11-27,13.0
A/Texas/ISC-1148/2025|EPI_ISL_19759499,2024-11-28,8.0
A/Texas/ISC-1148/2025|EPI_ISL_19759499,2024-11-29,17.0
A/Texas/ISC-1148/2025|EPI_ISL_19759499,2024-11-30,12.0
A/Texas/ISC-1148/2025|EPI_ISL_19759499,2024-12-01,18.0
A/Texas/ISC-1148/2025|EPI_ISL_19759499,2024-12-02,22.0
A/Texas/ISC-1148/2025|EPI_ISL_19759499,2024-12-03,21.0
A/Texas/ISC-1148/2025|EPI_ISL_19759499,2024-12-04,17.0
A/Texas/ISC-1148/2025|EPI_ISL_19759499,2024-12-05,21.0
A/Texas/ISC-1148/2025|EPI_ISL_19759499,2024-12-06,10.0
A/Texas/ISC-1148/2025|EPI_ISL_19759499,2024-12-07,18.0
A/Texas/ISC-1148/2025|EPI_ISL_19759499,2024-12-08,16.0
A/Texas/ISC-1148/2025|EPI_ISL_19759499,2024-12-09,27.0
A/Texas/ISC-1148/2025|EPI_ISL_19759499,2024-12-10,28.0
A/Texas/ISC-1148/2025|EPI_ISL_19759499,2024-12-11,31.0
A/Texas/ISC-1148/2025|EPI_ISL_19759499,2024-12-12,14.0
A/Texas/ISC-1148/2025|EPI_ISL_19759499,2024-12-13,14.0
A/Texas/ISC-1148/2025|EPI_ISL_19759499,2024-12-14,13.0
A/Texas/ISC-1148/2025|EPI_ISL_19759499,2024-12-15,21.0
A/Texas/ISC-1148/2025|EPI_ISL_19759499,2024-12-16,39.0
A/Texas/ISC-1148/2025|EPI_ISL_19759499,2024-12-17,39.0
A/Texas/ISC-1148/2025|EPI_ISL_19759499,2024-12-18,43.0
A/Texas/ISC-1148/2025|EPI_ISL_19759499,2024-12-19,30.0
A/Texas/ISC-1148/2025|EPI_ISL_19759499,2024-12-20,32.0
A/Texas/ISC-1148/2025|EPI_ISL_19759499,2024-12-21,20.0
A/Texas/ISC-1148/2025|EPI_ISL_19759499,2024-12-22,27.0
A/Texas/ISC-1148/2025|EPI_ISL_19759499,2024-12-23,50.0
A/Texas/ISC-1148/2025|EPI_ISL_19759499,2024-12-24,29.0
A/Texas/ISC-1148/2025|EPI_ISL_19759499,2024-12-25,15.0
A/Texas/ISC-1148/2025|EPI_ISL_19759499,2024-12-26,34.0
A/Texas/ISC-1148/2025|EPI_ISL_19759499,2024-12-27,32.0
A/Texas/ISC-1148/2025|EPI_ISL_19759499,2024-12-28,33.0
A/Texas/ISC-1148/2025|EPI_ISL_19759499,2024-12-29,45.0
A/Texas/ISC-1148/2025|EPI_ISL_19759499,2024-12-30,31.0
A/Texas/ISC-1148/2025|EPI_ISL_19759499,2024-12-31,28.0
A/Texas/ISC-1148/2025|EPI_ISL_19759499,2025-01-01,17.0
A/Texas/ISC-1148/2025|EPI_ISL_19759499,2025-01-02,44.0
A/Texas/ISC-1148/2025|EPI_ISL_19759499,2025-01-03,24.0
A/Texas/ISC-1148/2025|EPI_ISL_19759499,2025-01-04,26.0
A/Texas/ISC-1148/2025|EPI_ISL_19759499,2025-01-05,24.0
A/Texas/ISC-1148/2025|EPI_ISL_19759499,2025-01-06,37.0
A/Texas/ISC-1148/2025|EPI_ISL_19759499,2025-01-07,32.0
A/Texas/ISC-1148/2025|EPI_ISL_19759499,2025-01-08,19.0
A/Texas/ISC-1148/2025|EPI_ISL_19759499,2025-01-09,27.0
A/Texas/ISC-1148/2025|EPI_ISL_19759499,2025-01-10,34.0
A/Texas/ISC-1148/2025|EPI_ISL_19759499,2025-01-11,14.0
A/Texas/ISC-1148/2025|EPI_ISL_19759499,2025-01-12,16.0
A/Texas/ISC-1148/2025|EPI_ISL_19759499,2025-01-13,44.0
A/Texas/ISC-1148/2025|EPI_ISL_19759499,2025-01-14,36.0
A/Texas/ISC-1148/2025|EPI_ISL_19759499,2025-01-15,32.0
A/Texas/ISC-1148/2025|EPI_ISL_19759499,2025-01-16,41.0
A/Texas/ISC-1148/2025|EPI_ISL_19759499,2025-01-17,32.0
A/Texas/ISC-1148/2025|EPI_ISL_19759499,2025-01-18,11.0
A/Texas/ISC-1148/2025|EPI_ISL_19759499,2025-01-19,23.0
A/Texas/ISC-1148/2025|EPI_ISL_19759499,2025-01-20,48.0
A/Texas/ISC-1148/2025|EPI_ISL_19759499,2025-01-21,39.0
A/Texas/ISC-1148/2025|EPI_ISL_19759499,2025-01-22,43.0
A/Texas/ISC-1148/2025|EPI_ISL_19759499,2025-01-23,31.0
A/Texas/ISC-1148/2025|EPI_ISL_19759499,2025-01-24,43.0
A/Texas/ISC-1148/2025|EPI_ISL_19759499,2025-01-25,20.0
A/Texas/ISC-1148/2025|EPI_ISL_19759499,2025-01-26,31.0
A/Texas/ISC-1148/2025|EPI_ISL_19759499,2025-01-27,39.0
A/Texas/ISC-1148/2025|EPI_ISL_19759499,2025-01-28,55.0
A/Texas/ISC-1148/2025|EPI_ISL_19759499,2025-01-29,54.0
A/Texas/ISC-1148/2025|EPI_ISL_19759499,2025-01-30,50.0
A/Texas/ISC-1148/2025|EPI_ISL_19759499,2025-01-31,37.0
A/Texas/ISC-1148/2025|EPI_ISL_19759499,2025-02-01,23.0
A/Texas/ISC-1148/2025|EPI_ISL_19759499,2025-02-02,18.0
A/Texas/ISC-1148/2025|EPI_ISL_19759499,2025-02-03,41.0
A/Texas/ISC-1148/2025|EPI_ISL_19759499,2025-02-04,36.0
A/Texas/ISC-1148/2025|EPI_ISL_19759499,2025-02-05,25.0
A/Texas/ISC-1148/2025|EPI_ISL_19759499,2025-02-06,27.0
A/Texas/ISC-1148/2025|EPI_ISL_19759499,2025-02-07,31.0
A/Texas/ISC-1148/2025|EPI_ISL_19759499,2025-02-08,11.0
A/Texas/ISC-1148/2025|EPI_ISL_19759499,2025-02-09,6.0
A/Texas/ISC-1148/2025|EPI_ISL_19759499,2025-02-10,35.0
A/Texas/ISC-1148/2025|EPI_ISL_19759499,2025-02-11,34.0
A/Texas/ISC-1148/2025|EPI_ISL_19759499,2025-02-12,22.0
A/Texas/ISC-1148/2025|EPI_ISL_19759499,2025-02-13,27.0
A/Texas/ISC-1148/2025|EPI_ISL_19759499,2025-02-14,25.0
A/Texas/ISC-1148/2025|EPI_ISL_19759499,2025-02-15,12.0
A/Texas/ISC-1148/2025|EPI_ISL_19759499,2025-02-16,4.0
A/Texas/ISC-1148/2025|EPI_ISL_19759499,2025-02-17,24.0
A/Texas/ISC-1148/2025|EPI_ISL_19759499,2025-02-18,19.0
A/Texas/ISC-1148/2025|EPI_ISL_19759499,2025-02-19,24.0
A/Texas/ISC-1148/2025|EPI_ISL_19759499,2025-02-20,20.0
A/Texas/ISC-1148/2025|EPI_ISL_19759499,2025-02-21,10.0
A/Texas/ISC-1148/2025|EPI_ISL_19759499,2025-02-22,8.0
A/Texas/ISC-1148/2025|EPI_ISL_19759499,2025-02-23,10.0
A/Texas/ISC-1148/2025|EPI_ISL_19759499,2025-02-24,23.0
A/Texas/ISC-1148/2025|EPI_ISL_19759499,2025-02-25,18.0
A/Texas/ISC-1148/2025|EPI_ISL_19759499,2025-02-26,15.0
A/Texas/ISC-1148/2025|EPI_ISL_19759499,2025-02-27,11.0
A/Texas/ISC-1148/2025|EPI_ISL_19759499,2025-02-28,7.0
A/Texas/ISC-1148/2025|EPI_ISL_19759499,2025-03-01,7.0
A/Texas/ISC-1148/2025|EPI_ISL_19759499,2025-03-02,7.0
A/Texas/ISC-1148/2025|EPI_ISL_19759499,2025-03-03,18.0
A/Texas/ISC-1148/2025|EPI_ISL_19759499,2025-03-04,20.0
A/Texas/ISC-1148/2025|EPI_ISL_19759499,2025-03-05,16.0
A/Texas/ISC-1148/2025|EPI_ISL_19759499,2025-03-06,12.0
A/Texas/ISC-1148/2025|EPI_ISL_19759499,2025-03-07,6.0
A/Texas/ISC-1148/2025|EPI_ISL_19759499,2025-03-08,3.0
A/Texas/ISC-1148/2025|EPI_ISL_19759499,2025-03-09,6.0
A/Texas/ISC-1148/2025|EPI_ISL_19759499,2025-03-10,13.0
A/Texas/ISC-1148/2025|EPI_ISL_19759499,2025-03-11,13.0
A/Texas/ISC-1148/2025|EPI_ISL_19759499,2025-03-12,7.0
A/Texas/ISC-1148/2025|EPI_ISL_19759499,2025-03-13,12.0
A/Texas/ISC-1148/2025|EPI_ISL_19759499,2025-03-14,4.0
A/Texas/ISC-1148/2025|EPI_ISL_19759499,2025-03-15,5.0
A/Texas/ISC-1148/2025|EPI_ISL_19759499,2025-03-16,4.0
A/Texas/ISC-1148/2025|EPI_ISL_19759499,2025-03-17,10.0
A/Texas/ISC-1148/2025|EPI_ISL_19759499,2025-03-18,2.0
A/Texas/ISC-1148/2025|EPI_ISL_19759499,2025-03-19,3.0
A/Texas/ISC-1148/2025|EPI_ISL_19759499,2025-03-20,4.0
A/Texas/ISC-1148/2025|EPI_ISL_19759499,2025-03-21,3.0
A/Texas/ISC-1148/2025|EPI_ISL_19759499,2025-03-22,2.0
A/Texas/ISC-1148/2025|EPI_ISL_19759499,2025-03-23,3.0
A/Texas/ISC-1148/2025|EPI_ISL_19759499,2025-03-24,3.0
A/Texas/ISC-1148/2025|EPI_ISL_19759499,2025-03-25,6.0
A/Texas/ISC-1148/2025|EPI_ISL_19759499,2025-03-27,5.0
A/Texas/ISC-1148/2025|EPI_ISL_19759499,2025-03-28,3.0
A/Texas/ISC-1148/2025|EPI_ISL_19759499,2025-03-29,1.0
A/Texas/ISC-1148/2025|EPI_ISL_19759499,2025-03-30,1.0
A/Texas/ISC-1148/2025|EPI_ISL_19759499,2025-03-31,1.0
A/Texas/ISC-1148/2025|EPI_ISL_19759499,2025-04-01,3.0
A/Texas/ISC-1148/2025|EPI_ISL_19759499,2025-04-02,2.0
A/Texas/ISC-1148/2025|EPI_ISL_19759499,2025-04-03,1.0
A/Texas/ISC-1148/2025|EPI_ISL_19759499,2025-04-04,1.0
A/Texas/ISC-1148/2025|EPI_ISL_19759499,2025-04-05,3.0
A/Texas/ISC-1148/2025|EPI_ISL_19759499,2025-04-06,2.0
A/Texas/ISC-1148/2025|EPI_ISL_19759499,2025-04-07,3.0
A/Texas/ISC-1148/2025|EPI_ISL_19759499,2025-04-08,3.0
A/Texas/ISC-1148/2025|EPI_ISL_19759499,2025-04-09,1.0
A/Texas/ISC-1148/2025|EPI_ISL_19759499,2025-04-10,1.0
A/Texas/ISC-1148/2025|EPI_ISL_19759499,2025-04-11,1.0
A/Texas/ISC-1148/2025|EPI_ISL_19759499,2025-04-13,1.0
A/Texas/ISC-1148/2025|EPI_ISL_19759499,2025-04-14,3.0
A/Texas/ISC-1148/2025|EPI_ISL_19759499,2025-04-19,2.0
A/Texas/ISC-1148/2025|EPI_ISL_19759499,2025-04-21,1.0
A/Texas/ISC-1148/2025|EPI_ISL_19759499,2025-04-23,1.0
A/Texas/ISC-1148/2025|EPI_ISL_19759499,2025-04-27,1.0
A/Texas/ISC-1148/2025|EPI_ISL_19759499,2025-04-29,1.0
A/Texas/ISC-1148/2025|EPI_ISL_19759499,2025-04-30,2.0
A/Texas/ISC-1148/2025|EPI_ISL_19759499,2025-05-12,1.0
A/Texas/ISC-1148/2025|EPI_ISL_19759499,2025-05-14,3.0
A/Texas/ISC-1148/2025|EPI_ISL_19759499,2025-05-19,1.0
A/Texas/ISC-1148/2025|EPI_ISL_19759499,2025-05-20,2.0
A/Texas/ISC-1148/2025|EPI_ISL_19759499,2025-06-09,1.0
A/Texas/ISC-1148/2025|EPI_ISL_19759499,2025-07-07,1.0
A/Texas/ISC-1148/2025|EPI_ISL_19759499,2025-07-21,1.0
A/Texas/ISC-1274/2025|EPI_ISL_19759743,2024-11-06,1.0
A/Texas/ISC-1274/2025|EPI_ISL_19759743,2024-11-13,1.0
A/Texas/ISC-1274/2025|EPI_ISL_19759743,2024-11-17,1.0
A/Texas/ISC-1274/2025|EPI_ISL_19759743,2024-11-22,1.0
A/Texas/ISC-1274/2025|EPI_ISL_19759743,2024-11-24,1.0
A/Texas/ISC-1274/2025|EPI_ISL_19759743,2024-11-27,2.0
A/Texas/ISC-1274/2025|EPI_ISL_19759743,2024-11-28,4.0
A/Texas/ISC-1274/2025|EPI_ISL_19759743,2024-12-01,1.0
A/Texas/ISC-1274/2025|EPI_ISL_19759743,2024-12-02,1.0
A/Texas/ISC-1274/2025|EPI_ISL_19759743,2024-12-03,2.0
A/Texas/ISC-1274/2025|EPI_ISL_19759743,2024-12-07,3.0
A/Texas/ISC-1274/2025|EPI_ISL_19759743,2024-12-09,1.0
A/Texas/ISC-1274/2025|EPI_ISL_19759743,2024-12-10,2.0
A/Texas/ISC-1274/2025|EPI_ISL_19759743,2024-12-11,1.0
A/Texas/ISC-1274/2025|EPI_ISL_19759743,2024-12-12,1.0
A/Texas/ISC-1274/2025|EPI_ISL_19759743,2024-12-16,2.0
A/Texas/ISC-1274/2025|EPI_ISL_19759743,2024-12-17,1.0
A/Texas/ISC-1274/2025|EPI_ISL_19759743,2024-12-18,2.0
A/Texas/ISC-1274/2025|EPI_ISL_19759743,2024-12-19,2.0
A/Texas/ISC-1274/2025|EPI_ISL_19759743,2024-12-20,2.0
A/Texas/ISC-1274/2025|EPI_ISL_19759743,2024-12-22,4.0
A/Texas/ISC-1274/2025|EPI_ISL_19759743,2024-12-25,1.0
A/Texas/ISC-1274/2025|EPI_ISL_19759743,2024-12-26,1.0
A/Texas/ISC-1274/2025|EPI_ISL_19759743,2024-12-27,3.0
A/Texas/ISC-1274/2025|EPI_ISL_19759743,2024-12-29,2.0
A/Texas/ISC-1274/2025|EPI_ISL_19759743,2024-12-30,2.0
A/Texas/ISC-1274/2025|EPI_ISL_19759743,2024-12-31,2.0
A/Texas/ISC-1274/2025|EPI_ISL_19759743,2025-01-01,1.0
A/Texas/ISC-1274/2025|EPI_ISL_19759743,2025-01-02,4.0
A/Texas/ISC-1274/2025|EPI_ISL_19759743,2025-01-03,1.0
A/Texas/ISC-1274/2025|EPI_ISL_19759743,2025-01-04,3.0
A/Texas/ISC-1274/2025|EPI_ISL_19759743,2025-01-05,2.0
A/Texas/ISC-1274/2025|EPI_ISL_19759743,2025-01-06,3.0
A/Texas/ISC-1274/2025|EPI_ISL_19759743,2025-01-07,1.0
A/Texas/ISC-1274/2025|EPI_ISL_19759743,2025-01-08,7.0
A/Texas/ISC-1274/2025|EPI_ISL_19759743,2025-01-10,2.0
A/Texas/ISC-1274/2025|EPI_ISL_19759743,2025-01-11,3.0
A/Texas/ISC-1274/2025|EPI_ISL_19759743,2025-01-12,1.0
A/Texas/ISC-1274/2025|EPI_ISL_19759743,2025-01-13,8.0
A/Texas/ISC-1274/2025|EPI_ISL_19759743,2025-01-15,1.0
A/Texas/ISC-1274/2025|EPI_ISL_19759743,2025-01-16,1.0
A/Texas/ISC-1274/2025|EPI_ISL_19759743,2025-01-18,2.0
A/Texas/ISC-1274/2025|EPI_ISL_19759743,2025-01-20,9.0
A/Texas/ISC-1274/2025|EPI_ISL_19759743,2025-01-21,1.0
A/Texas/ISC-1274/2025|EPI_ISL_19759743,2025-01-22,7.0
A/Texas/ISC-1274/2025|EPI_ISL_19759743,2025-01-23,3.0
A/Texas/ISC-1274/2025|EPI_ISL_19759743,2025-01-26,1.0
A/Texas/ISC-1274/2025|EPI_ISL_19759743,2025-01-27,1.0
A/Texas/ISC-1274/2025|EPI_ISL_19759743,2025-01-28,1.0
A/Texas/ISC-1274/2025|EPI_ISL_19759743,2025-01-29,1.0
A/Texas/ISC-1274/2025|EPI_ISL_19759743,2025-01-30,1.0
A/Texas/ISC-1274/2025|EPI_ISL_19759743,2025-01-31,1.0
A/Texas/ISC-1274/2025|EPI_ISL_19759743,2025-02-02,1.0
A/Texas/ISC-1274/2025|EPI_ISL_19759743,2025-02-03,5.0
A/Texas/ISC-1274/2025|EPI_ISL_19759743,2025-02-04,1.0
A/Texas/ISC-1274/2025|EPI_ISL_19759743,2025-02-06,2.0
A/Texas/ISC-1274/2025|EPI_ISL_19759743,2025-02-07,1.0
A/Texas/ISC-1274/2025|EPI_ISL_19759743,2025-02-08,1.0
A/Texas/ISC-1274/2025|EPI_ISL_19759743,2025-02-09,2.0
A/Texas/ISC-1274/2025|EPI_ISL_19759743,2025-02-10,3.0
A/Texas/ISC-1274/2025|EPI_ISL_19759743,2025-02-11,2.0
A/Texas/ISC-1274/2025|EPI_ISL_19759743,2025-02-12,4.0
A/Texas/ISC-1274/2025|EPI_ISL_19759743,2025-02-13,1.0
A/Texas/ISC-1274/2025|EPI_ISL_19759743,2025-02-14,2.0
A/Texas/ISC-1274/2025|EPI_ISL_19759743,2025-02-15,1.0
A/Texas/ISC-1274/2025|EPI_ISL_19759743,2025-02-17,3.0
A/Texas/ISC-1274/2025|EPI_ISL_19759743,2025-02-18,1.0
A/Texas/ISC-1274/2025|EPI_ISL_19759743,2025-02-19,1.0
A/Texas/ISC-1274/2025|EPI_ISL_19759743,2025-02-21,1.0
A/Texas/ISC-1274/2025|EPI_ISL_19759743,2025-02-24,2.0
A/Texas/ISC-1274/2025|EPI_ISL_19759743,2025-02-25,1.0
A/Texas/ISC-1274/2025|EPI_ISL_19759743,2025-02-26,1.0
A/Texas/ISC-1274/2025|EPI_ISL_19759743,2025-03-04,2.0
A/Texas/ISC-1274/2025|EPI_ISL_19759743,2025-03-06,1.0
A/Texas/ISC-1274/2025|EPI_ISL_19759743,2025-03-07,1.0
A/Texas/ISC-1274/2025|EPI_ISL_19759743,2025-03-08,3.0
A/Texas/ISC-1274/2025|EPI_ISL_19759743,2025-03-09,1.0
A/Texas/ISC-1274/2025|EPI_ISL_19759743,2025-03-10,1.0
A/Texas/ISC-1274/2025|EPI_ISL_19759743,2025-03-11,1.0
A/Texas/ISC-1274/2025|EPI_ISL_19759743,2025-03-12,1.0
A/Texas/ISC-1274/2025|EPI_ISL_19759743,2025-03-14,1.0
A/Texas/ISC-1274/2025|EPI_ISL_19759743,2025-03-15,1.0
A/Texas/ISC-1274/2025|EPI_ISL_19759743,2025-03-16,1.0
A/Texas/ISC-1274/2025|EPI_ISL_19759743,2025-03-18,1.0
A/Texas/ISC-1274/2025|EPI_ISL_19759743,2025-03-24,1.0
A/Texas/ISC-1274/2025|EPI_ISL_19759743,2025-03-26,3.0
A/Texas/ISC-1274/2025|EPI_ISL_19759743,2025-04-02,2.0
A/Texas/ISC-1274/2025|EPI_ISL_19759743,2025-04-07,1.0
A/Texas/ISC-1274/2025|EPI_ISL_19759743,2025-04-09,1.0
A/Texas/ISC-1274/2025|EPI_ISL_19759743,2025-04-14,1.0
A/Texas/ISC-1274/2025|EPI_ISL_19759743,2025-04-15,1.0
A/Texas/ISC-1274/2025|EPI_ISL_19759743,2025-04-16,7.0
A/Texas/ISC-1274/2025|EPI_ISL_19759743,2025-04-21,1.0
A/Texas/ISC-1274/2025|EPI_ISL_19759743,2025-04-29,1.0
A/Texas/ISC-1274/2025|EPI_ISL_19759743,2025-05-07,1.0
A/Texas/ISC-1274/2025|EPI_ISL_19759743,2025-05-20,2.0
A/Texas/ISC-1322/2025|EPI_ISL_19759740,2024-12-03,1.0
A/Texas/ISC-1322/2025|EPI_ISL_19759740,2024-12-18,1.0
A/Texas/ISC-1322/2025|EPI_ISL_19759740,2024-12-27,1.0
A/Texas/ISC-1322/2025|EPI_ISL_19759740,2024-12-28,1.0
A/Texas/ISC-1322/2025|EPI_ISL_19759740,2025-01-08,1.0
A/Texas/ISC-1322/2025|EPI_ISL_19759740,2025-01-09,2.0
A/Texas/ISC-1322/2025|EPI_ISL_19759740,2025-01-11,1.0
A/Texas/ISC-1322/2025|EPI_ISL_19759740,2025-01-13,1.0
A/Texas/ISC-1322/2025|EPI_ISL_19759740,2025-01-14,2.0
A/Texas/ISC-1322/2025|EPI_ISL_19759740,2025-01-15,1.0
A/Texas/ISC-1322/2025|EPI_ISL_19759740,2025-01-16,1.0
A/Texas/ISC-1322/2025|EPI_ISL_19759740,2025-01-18,2.0
A/Texas/ISC-1322/2025|EPI_ISL_19759740,2025-01-22,2.0
A/Texas/ISC-1322/2025|EPI_ISL_19759740,2025-01-24,1.0
A/Texas/ISC-1322/2025|EPI_ISL_19759740,2025-01-26,1.0
A/Texas/ISC-1322/2025|EPI_ISL_19759740,2025-01-28,1.0
A/Texas/ISC-1322/2025|EPI_ISL_19759740,2025-01-30,2.0
A/Texas/ISC-1322/2025|EPI_ISL_19759740,2025-01-31,2.0
A/Texas/ISC-1322/2025|EPI_ISL_19759740,2025-02-02,3.0
A/Texas/ISC-1322/2025|EPI_ISL_19759740,2025-02-04,1.0
A/Texas/ISC-1322/2025|EPI_ISL_19759740,2025-02-06,1.0
A/Texas/ISC-1322/2025|EPI_ISL_19759740,2025-02-07,1.0
A/Texas/ISC-1322/2025|EPI_ISL_19759740,2025-02-14,2.0
A/Texas/ISC-1322/2025|EPI_ISL_19759740,2025-02-15,1.0
A/Texas/ISC-1322/2025|EPI_ISL_19759740,2025-02-18,1.0
A/Texas/ISC-1322/2025|EPI_ISL_19759740,2025-02-19,2.0
A/Texas/ISC-1322/2025|EPI_ISL_19759740,2025-03-04,1.0
A/Texas/ISC-1322/2025|EPI_ISL_19759740,2025-03-05,1.0
A/Texas/ISC-1322/2025|EPI_ISL_19759740,2025-03-06,1.0
A/Texas/ISC-1322/2025|EPI_ISL_19759740,2025-03-13,1.0
A/Texas/ISC-1322/2025|EPI_ISL_19759740,2025-03-17,1.0
A/Texas/ISC-1322/2025|EPI_ISL_19759740,2025-03-27,1.0
A/Texas/ISC-1322/2025|EPI_ISL_19759740,2025-04-12,1.0
A/Texas/ISC-1322/2025|EPI_ISL_19759740,2025-04-28,1.0
A/Texas/ISC-1322/2025|EPI_ISL_19759740,2025-04-29,1.0
A/Texas/ISC-1342/2025|EPI_ISL_19759886,2024-12-17,1.0
A/Texas/ISC-1342/2025|EPI_ISL_19759886,2024-12-21,1.0
A/Texas/ISC-1342/2025|EPI_ISL_19759886,2024-12-24,1.0
A/Texas/ISC-1342/2025|EPI_ISL_19759886,2024-12-30,1.0
A/Texas/ISC-1342/2025|EPI_ISL_19759886,2024-12-31,1.0
A/Texas/ISC-1342/2025|EPI_ISL_19759886,2025-01-03,3.0
A/Texas/ISC-1342/2025|EPI_ISL_19759886,2025-01-04,1.0
A/Texas/ISC-1342/2025|EPI_ISL_19759886,2025-01-07,1.0
A/Texas/ISC-1342/2025|EPI_ISL_19759886,2025-01-08,1.0
A/Texas/ISC-1342/2025|EPI_ISL_19759886,2025-01-11,1.0
A/Texas/ISC-1342/2025|EPI_ISL_19759886,2025-01-15,2.0
A/Texas/ISC-1342/2025|EPI_ISL_19759886,2025-01-16,2.0
A/Texas/ISC-1342/2025|EPI_ISL_19759886,2025-01-17,2.0
A/Texas/ISC-1342/2025|EPI_ISL_19759886,2025-01-19,2.0
A/Texas/ISC-1342/2025|EPI_ISL_19759886,2025-01-20,2.0
A/Texas/ISC-1342/2025|EPI_ISL_19759886,2025-01-21,4.0
A/Texas/ISC-1342/2025|EPI_ISL_19759886,2025-01-22,7.0
A/Texas/ISC-1342/2025|EPI_ISL_19759886,2025-01-23,3.0
A/Texas/ISC-1342/2025|EPI_ISL_19759886,2025-01-24,4.0
A/Texas/ISC-1342/2025|EPI_ISL_19759886,2025-01-25,4.0
A/Texas/ISC-1342/2025|EPI_ISL_19759886,2025-01-26,2.0
A/Texas/ISC-1342/2025|EPI_ISL_19759886,2025-01-27,6.0
A/Texas/ISC-1342/2025|EPI_ISL_19759886,2025-01-28,4.0
A/Texas/ISC-1342/2025|EPI_ISL_19759886,2025-01-29,2.0
A/Texas/ISC-1342/2025|EPI_ISL_19759886,2025-01-30,5.0
A/Texas/ISC-1342/2025|EPI_ISL_19759886,2025-01-31,4.0
A/Texas/ISC-1342/2025|EPI_ISL_19759886,2025-02-01,2.0
A/Texas/ISC-1342/2025|EPI_ISL_19759886,2025-02-03,6.0
A/Texas/ISC-1342/2025|EPI_ISL_19759886,2025-02-04,3.0
A/Texas/ISC-1342/2025|EPI_ISL_19759886,2025-02-05,3.0
A/Texas/ISC-1342/2025|EPI_ISL_19759886,2025-02-06,8.0
A/Texas/ISC-1342/2025|EPI_ISL_19759886,2025-02-07,4.0
A/Texas/ISC-1342/2025|EPI_ISL_19759886,2025-02-08,3.0
A/Texas/ISC-1342/2025|EPI_ISL_19759886,2025-02-10,2.0
A/Texas/ISC-1342/2025|EPI_ISL_19759886,2025-02-11,4.0
A/Texas/ISC-1342/2025|EPI_ISL_19759886,2025-02-13,2.0
A/Texas/ISC-1342/2025|EPI_ISL_19759886,2025-02-15,1.0
A/Texas/ISC-1342/2025|EPI_ISL_19759886,2025-02-20,1.0
A/Texas/ISC-1342/2025|EPI_ISL_19759886,2025-02-23,2.0
A/Texas/ISC-1342/2025|EPI_ISL_19759886,2025-02-24,3.0
A/Texas/ISC-1342/2025|EPI_ISL_19759886,2025-02-25,1.0
A/Texas/ISC-1342/2025|EPI_ISL_19759886,2025-02-26,1.0
A/Texas/ISC-1342/2025|EPI_ISL_19759886,2025-02-28,1.0
A/Texas/ISC-1342/2025|EPI_ISL_19759886,2025-03-01,1.0
A/Texas/ISC-1342/2025|EPI_ISL_19759886,2025-03-09,1.0
A/Texas/ISC-1342/2025|EPI_ISL_19759886,2025-03-12,1.0
A/Texas/ISC-1342/2025|EPI_ISL_19759886,2025-03-15,1.0
A/Texas/ISC-1342/2025|EPI_ISL_19759886,2025-03-16,1.0
A/Texas/ISC-1342/2025|EPI_ISL_19759886,2025-03-20,1.0
A/Texas/ISC-1342/2025|EPI_ISL_19759886,2025-03-25,1.0
A/Texas/ISC-1342/2025|EPI_ISL_19759886,2025-03-31,1.0
A/Texas/ISC-1342/2025|EPI_ISL_19759886,2025-04-21,1.0
A/Utah/94/2024|EPI_ISL_19628194,2024-11-24,1.0
A/Utah/94/2024|EPI_ISL_19628194,2024-11-26,1.0
A/Utah/94/2024|EPI_ISL_19628194,2024-12-18,2.0
A/Utah/94/2024|EPI_ISL_19628194,2024-12-20,1.0
A/Utah/94/2024|EPI_ISL_19628194,2024-12-22,1.0
A/Utah/94/2024|EPI_ISL_19628194,2024-12-25,1.0
A/Utah/94/2024|EPI_ISL_19628194,2024-12-29,1.0
A/Utah/94/2024|EPI_ISL_19628194,2025-01-10,1.0
A/Utah/94/2024|EPI_ISL_19628194,2025-02-17,1.0
A/Utah/94/2024|EPI_ISL_19628194,2025-02-19,1.0
A/Vermont/13/2025|EPI_ISL_19759256,2024-12-22,1.0
A/Vermont/13/2025|EPI_ISL_19759256,2025-01-14,1.0
A/Vermont/13/2025|EPI_ISL_19759256,2025-02-08,2.0
A/Vermont/13/2025|EPI_ISL_19759256,2025-02-10,1.0
A/Vermont/13/2025|EPI_ISL_19759256,2025-02-17,1.0
A/Vermont/13/2025|EPI_ISL_19759256,2025-02-25,1.0
A/Vermont/13/2025|EPI_ISL_19759256,2025-03-19,1.0
A/Vermont/13/2025|EPI_ISL_19759256,2025-04-04,1.0
A/Victoria/3480/2024|EPI_ISL_19711514,2024-11-15,1.0
A/Victoria/3480/2024|EPI_ISL_19711514,2024-11-24,1.0
A/Victoria/3480/2024|EPI_ISL_19711514,2024-11-30,1.0
A/Victoria/3480/2024|EPI_ISL_19711514,2024-12-05,1.0
A/Victoria/3482/2024|EPI_ISL_19711513,2024-07-30,1.0
A/Victoria/3482/2024|EPI_ISL_19711513,2024-11-19,1.0
A/Victoria/3482/2024|EPI_ISL_19711513,2024-12-05,1.0
A/Victoria/3482/2024|EPI_ISL_19711513,2024-12-30,1.0
A/Victoria/3482/2024|EPI_ISL_19711513,2024-12-31,2.0
A/Victoria/3482/2024|EPI_ISL_19711513,2025-01-02,1.0
A/Victoria/3482/2024|EPI_ISL_19711513,2025-01-09,1.0
A/Victoria/3482/2024|EPI_ISL_19711513,2025-01-11,1.0
A/Victoria/3482/2024|EPI_ISL_19711513,2025-01-17,1.0
A/Victoria/3482/2024|EPI_ISL_19711513,2025-01-28,1.0
A/Victoria/3482/2024|EPI_ISL_19711513,2025-01-29,2.0
A/Victoria/3482/2024|EPI_ISL_19711513,2025-01-30,1.0
A/Victoria/3482/2024|EPI_ISL_19711513,2025-02-02,1.0
A/Victoria/3482/2024|EPI_ISL_19711513,2025-02-03,1.0
A/Victoria/3482/2024|EPI_ISL_19711513,2025-02-05,1.0
A/Victoria/3482/2024|EPI_ISL_19711513,2025-02-06,1.0
A/Victoria/3482/2024|EPI_ISL_19711513,2025-02-08,1.0
A/Victoria/3482/2024|EPI_ISL_19711513,2025-02-10,2.0
A/Victoria/3482/2024|EPI_ISL_19711513,2025-02-13,1.0
A/Victoria/3482/2024|EPI_ISL_19711513,2025-02-17,1.0
A/Victoria/3482/2024|EPI_ISL_19711513,2025-02-18,2.0
A/Victoria/3482/2024|EPI_ISL_19711513,2025-02-19,1.0
A/Victoria/3482/2024|EPI_ISL_19711513,2025-02-24,1.0
A/Victoria/3482/2024|EPI_ISL_19711513,2025-02-25,1.0
A/Victoria/3482/2024|EPI_ISL_19711513,2025-02-26,1.0
A/Victoria/3482/2024|EPI_ISL_19711513,2025-02-28,2.0
A/Victoria/3482/2024|EPI_ISL_19711513,2025-03-01,1.0
A/Victoria/3482/2024|EPI_ISL_19711513,2025-03-04,1.0
A/Victoria/3482/2024|EPI_ISL_19711513,2025-03-08,1.0
A/Victoria/3482/2024|EPI_ISL_19711513,2025-03-10,2.0
A/Victoria/3482/2024|EPI_ISL_19711513,2025-03-16,1.0
A/Victoria/3482/2024|EPI_ISL_19711513,2025-03-17,1.0
A/Victoria/3482/2024|EPI_ISL_19711513,2025-03-24,1.0
A/Victoria/3482/2024|EPI_ISL_19711513,2025-03-27,1.0
A/Victoria/3482/2024|EPI_ISL_19711513,2025-03-28,1.0
A/Victoria/3482/2024|EPI_ISL_19711513,2025-03-31,1.0
A/Victoria/3482/2024|EPI_ISL_19711513,2025-04-04,1.0
A/Victoria/3482/2024|EPI_ISL_19711513,2025-04-22,1.0
A/Victoria/46/2024|EPI_ISL_18876538,2024-04-18,3.0
A/Victoria/46/2024|EPI_ISL_18876538,2024-04-19,1.0
A/Victoria/46/2024|EPI_ISL_18876538,2024-04-20,3.0
A/Victoria/46/2024|EPI_ISL_18876538,2024-04-21,4.0
A/Victoria/46/2024|EPI_ISL_18876538,2024-04-22,5.0
A/Victoria/46/2024|EPI_ISL_18876538,2024-04-23,4.0
A/Victoria/46/2024|EPI_ISL_18876538,2024-04-24,3.0
A/Victoria/46/2024|EPI_ISL_18876538,2024-04-25,1.0
A/Victoria/46/2024|EPI_ISL_18876538,2024-04-26,4.0
A/Victoria/46/2024|EPI_ISL_18876538,2024-04-27,3.0
A/Victoria/46/2024|EPI_ISL_18876538,2024-04-28,1.0
A/Victoria/46/2024|EPI_ISL_18876538,2024-04-29,7.0
A/Victoria/46/2024|EPI_ISL_18876538,2024-04-30,3.0
A/Victoria/46/2024|EPI_ISL_18876538,2024-05-02,1.0
A/Victoria/46/2024|EPI_ISL_18876538,2024-05-03,3.0
A/Victoria/46/2024|EPI_ISL_18876538,2024-05-04,2.0
A/Victoria/46/2024|EPI_ISL_18876538,2024-05-05,5.0
A/Victoria/46/2024|EPI_ISL_18876538,2024-05-06,1.0
A/Victoria/46/2024|EPI_ISL_18876538,2024-05-07,2.0
A/Victoria/46/2024|EPI_ISL_18876538,2024-05-09,3.0
A/Victoria/46/2024|EPI_ISL_18876538,2024-05-10,2.0
A/Victoria/46/2024|EPI_ISL_18876538,2024-05-11,2.0
A/Victoria/46/2024|EPI_ISL_18876538,2024-05-12,2.0
A/Victoria/46/2024|EPI_ISL_18876538,2024-05-13,6.0
A/Victoria/46/2024|EPI_ISL_18876538,2024-05-14,4.0
A/Victoria/46/2024|EPI_ISL_18876538,2024-05-15,4.0
A/Victoria/46/2024|EPI_ISL_18876538,2024-05-17,4.0
A/Victoria/46/2024|EPI_ISL_18876538,2024-05-18,1.0
A/Victoria/46/2024|EPI_ISL_18876538,2024-05-20,4.0
A/Victoria/46/2024|EPI_ISL_18876538,2024-05-21,1.0
A/Victoria/46/2024|EPI_ISL_18876538,2024-05-22,7.0
A/Victoria/46/2024|EPI_ISL_18876538,2024-05-24,2.0
A/Victoria/46/2024|EPI_ISL_18876538,2024-05-25,3.0
A/Victoria/46/2024|EPI_ISL_18876538,2024-05-27,3.0
A/Victoria/46/2024|EPI_ISL_18876538,2024-05-28,5.0
A/Victoria/46/2024|EPI_ISL_18876538,2024-05-29,4.0
A/Victoria/46/2024|EPI_ISL_18876538,2024-05-30,6.0
A/Victoria/46/2024|EPI_ISL_18876538,2024-05-31,5.0
A/Victoria/46/2024|EPI_ISL_18876538,2024-06-01,1.0
A/Victoria/46/2024|EPI_ISL_18876538,2024-06-02,1.0
A/Victoria/46/2024|EPI_ISL_18876538,2024-06-03,4.0
A/Victoria/46/2024|EPI_ISL_18876538,2024-06-04,1.0
A/Victoria/46/2024|EPI_ISL_18876538,2024-06-05,1.0
A/Victoria/46/2024|EPI_ISL_18876538,2024-06-06,1.0
A/Victoria/46/2024|EPI_ISL_18876538,2024-06-08,1.0
A/Victoria/46/2024|EPI_ISL_18876538,2024-06-09,2.0
A/Victoria/46/2024|EPI_ISL_18876538,2024-06-10,6.0
A/Victoria/46/2024|EPI_ISL_18876538,2024-06-11,1.0
A/Victoria/46/2024|EPI_ISL_18876538,2024-06-12,3.0
A/Victoria/46/2024|EPI_ISL_18876538,2024-06-13,1.0
A/Victoria/46/2024|EPI_ISL_18876538,2024-06-15,2.0
A/Victoria/46/2024|EPI_ISL_18876538,2024-06-16,1.0
A/Victoria/46/2024|EPI_ISL_18876538,2024-06-17,2.0
A/Victoria/46/2024|EPI_ISL_18876538,2024-06-18,3.0
A/Victoria/46/2024|EPI_ISL_18876538,2024-06-19,1.0
A/Victoria/46/2024|EPI_ISL_18876538,2024-06-21,1.0
A/Victoria/46/2024|EPI_ISL_18876538,2024-06-24,6.0
A/Victoria/46/2024|EPI_ISL_18876538,2024-06-25,7.0
A/Victoria/46/2024|EPI_ISL_18876538,2024-06-26,1.0
A/Victoria/46/2024|EPI_ISL_18876538,2024-06-27,1.0
A/Victoria/46/2024|EPI_ISL_18876538,2024-06-28,2.0
A/Victoria/46/2024|EPI_ISL_18876538,2024-06-29,2.0
A/Victoria/46/2024|EPI_ISL_18876538,2024-06-30,2.0
A/Victoria/46/2024|EPI_ISL_18876538,2024-07-01,1.0
A/Victoria/46/2024|EPI_ISL_18876538,2024-07-02,1.0
A/Victoria/46/2024|EPI_ISL_18876538,2024-07-03,6.0
A/Victoria/46/2024|EPI_ISL_18876538,2024-07-04,1.0
A/Victoria/46/2024|EPI_ISL_18876538,2024-07-05,3.0
A/Victoria/46/2024|EPI_ISL_18876538,2024-07-08,3.0
A/Victoria/46/2024|EPI_ISL_18876538,2024-07-09,5.0
A/Victoria/46/2024|EPI_ISL_18876538,2024-07-12,1.0
A/Victoria/46/2024|EPI_ISL_18876538,2024-07-14,1.0
A/Victoria/46/2024|EPI_ISL_18876538,2024-07-15,2.0
A/Victoria/46/2024|EPI_ISL_18876538,2024-07-17,2.0
A/Victoria/46/2024|EPI_ISL_18876538,2024-07-18,3.0
A/Victoria/46/2024|EPI_ISL_18876538,2024-07-19,3.0
A/Victoria/46/2024|EPI_ISL_18876538,2024-07-22,2.0
A/Victoria/46/2024|EPI_ISL_18876538,2024-07-23,4.0
A/Victoria/46/2024|EPI_ISL_18876538,2024-07-26,1.0
A/Victoria/46/2024|EPI_ISL_18876538,2024-07-27,1.0
A/Victoria/46/2024|EPI_ISL_18876538,2024-07-28,3.0
A/Victoria/46/2024|EPI_ISL_18876538,2024-07-29,2.0
A/Victoria/46/2024|EPI_ISL_18876538,2024-08-01,4.0
A/Victoria/46/2024|EPI_ISL_18876538,2024-08-02,1.0
A/Victoria/46/2024|EPI_ISL_18876538,2024-08-04,2.0
A/Victoria/46/2024|EPI_ISL_18876538,2024-08-05,1.0
A/Victoria/46/2024|EPI_ISL_18876538,2024-08-08,2.0
A/Victoria/46/2024|EPI_ISL_18876538,2024-08-12,2.0
A/Victoria/46/2024|EPI_ISL_18876538,2024-08-13,1.0
A/Victoria/46/2024|EPI_ISL_18876538,2024-08-14,1.0
A/Victoria/46/2024|EPI_ISL_18876538,2024-08-15,1.0
A/Victoria/46/2024|EPI_ISL_18876538,2024-08-19,1.0
A/Victoria/46/2024|EPI_ISL_18876538,2024-08-20,1.0
A/Victoria/46/2024|EPI_ISL_18876538,2024-08-21,1.0
A/Victoria/46/2024|EPI_ISL_18876538,2024-08-24,2.0
A/Victoria/46/2024|EPI_ISL_18876538,2024-08-26,1.0
A/Victoria/46/2024|EPI_ISL_18876538,2024-08-28,1.0
A/Victoria/46/2024|EPI_ISL_18876538,2024-08-29,4.0
A/Victoria/46/2024|EPI_ISL_18876538,2024-08-30,2.0
A/Victoria/46/2024|EPI_ISL_18876538,2024-08-31,1.0
A/Victoria/46/2024|EPI_ISL_18876538,2024-09-02,1.0
A/Victoria/46/2024|EPI_ISL_18876538,2024-09-03,1.0
A/Victoria/46/2024|EPI_ISL_18876538,2024-09-04,1.0
A/Victoria/46/2024|EPI_ISL_18876538,2024-09-07,1.0
A/Victoria/46/2024|EPI_ISL_18876538,2024-09-09,1.0
A/Victoria/46/2024|EPI_ISL_18876538,2024-09-11,1.0
A/Victoria/46/2024|EPI_ISL_18876538,2024-09-14,1.0
A/Victoria/46/2024|EPI_ISL_18876538,2024-09-15,2.0
A/Victoria/46/2024|EPI_ISL_18876538,2024-09-16,1.0
A/Victoria/46/2024|EPI_ISL_18876538,2024-09-17,1.0
A/Victoria/46/2024|EPI_ISL_18876538,2024-09-20,3.0
A/Victoria/46/2024|EPI_ISL_18876538,2024-09-21,1.0
A/Victoria/46/2024|EPI_ISL_18876538,2024-09-22,2.0
A/Victoria/46/2024|EPI_ISL_18876538,2024-09-24,1.0
A/Victoria/46/2024|EPI_ISL_18876538,2024-09-27,1.0
A/Victoria/46/2024|EPI_ISL_18876538,2024-09-29,1.0
A/Victoria/46/2024|EPI_ISL_18876538,2024-10-01,2.0
A/Victoria/46/2024|EPI_ISL_18876538,2024-10-02,3.0
A/Victoria/46/2024|EPI_ISL_18876538,2024-10-03,2.0
A/Victoria/46/2024|EPI_ISL_18876538,2024-10-06,1.0
A/Victoria/46/2024|EPI_ISL_18876538,2024-10-07,2.0
A/Victoria/46/2024|EPI_ISL_18876538,2024-10-08,1.0
A/Victoria/46/2024|EPI_ISL_18876538,2024-10-09,5.0
A/Victoria/46/2024|EPI_ISL_18876538,2024-10-11,1.0
A/Victoria/46/2024|EPI_ISL_18876538,2024-10-16,2.0
A/Victoria/46/2024|EPI_ISL_18876538,2024-10-18,1.0
A/Victoria/46/2024|EPI_ISL_18876538,2024-10-19,1.0
A/Victoria/46/2024|EPI_ISL_18876538,2024-10-22,1.0
A/Victoria/46/2024|EPI_ISL_18876538,2024-10-26,1.0
A/Victoria/46/2024|EPI_ISL_18876538,2024-10-28,1.0
A/Victoria/46/2024|EPI_ISL_18876538,2024-10-29,3.0
A/Victoria/46/2024|EPI_ISL_18876538,2024-10-31,1.0
A/Victoria/46/2024|EPI_ISL_18876538,2024-11-01,1.0
A/Victoria/46/2024|EPI_ISL_18876538,2024-11-02,1.0
A/Victoria/46/2024|EPI_ISL_18876538,2024-11-04,1.0
A/Victoria/46/2024|EPI_ISL_18876538,2024-11-06,1.0
A/Victoria/46/2024|EPI_ISL_18876538,2024-11-07,1.0
A/Victoria/46/2024|EPI_ISL_18876538,2024-11-08,1.0
A/Victoria/46/2024|EPI_ISL_18876538,2024-11-09,1.0
A/Victoria/46/2024|EPI_ISL_18876538,2024-11-10,1.0
A/Victoria/46/2024|EPI_ISL_18876538,2024-11-11,2.0
A/Victoria/46/2024|EPI_ISL_18876538,2024-11-13,2.0
A/Victoria/46/2024|EPI_ISL_18876538,2024-11-14,3.0
A/Victoria/46/2024|EPI_ISL_18876538,2024-11-15,1.0
A/Victoria/46/2024|EPI_ISL_18876538,2024-11-16,3.0
A/Victoria/46/2024|EPI_ISL_18876538,2024-11-17,1.0
A/Victoria/46/2024|EPI_ISL_18876538,2024-11-18,1.0
A/Victoria/46/2024|EPI_ISL_18876538,2024-11-19,1.0
A/Victoria/46/2024|EPI_ISL_18876538,2024-11-20,3.0
A/Victoria/46/2024|EPI_ISL_18876538,2024-11-21,1.0
A/Victoria/46/2024|EPI_ISL_18876538,2024-11-22,1.0
A/Victoria/46/2024|EPI_ISL_18876538,2024-11-23,2.0
A/Victoria/46/2024|EPI_ISL_18876538,2024-11-24,1.0
A/Victoria/46/2024|EPI_ISL_18876538,2024-11-25,3.0
A/Victoria/46/2024|EPI_ISL_18876538,2024-11-27,2.0
A/Victoria/46/2024|EPI_ISL_18876538,2024-11-28,3.0
A/Victoria/46/2024|EPI_ISL_18876538,2024-11-29,2.0
A/Victoria/46/2024|EPI_ISL_18876538,2024-11-30,1.0
A/Victoria/46/2024|EPI_ISL_18876538,2024-12-01,3.0
A/Victoria/46/2024|EPI_ISL_18876538,2024-12-02,4.0
A/Victoria/46/2024|EPI_ISL_18876538,2024-12-03,2.0
A/Victoria/46/2024|EPI_ISL_18876538,2024-12-05,3.0
A/Victoria/46/2024|EPI_ISL_18876538,2024-12-06,2.0
A/Victoria/46/2024|EPI_ISL_18876538,2024-12-07,3.0
A/Victoria/46/2024|EPI_ISL_18876538,2024-12-08,1.0
A/Victoria/46/2024|EPI_ISL_18876538,2024-12-09,2.0
A/Victoria/46/2024|EPI_ISL_18876538,2024-12-10,1.0
A/Victoria/46/2024|EPI_ISL_18876538,2024-12-11,1.0
A/Victoria/46/2024|EPI_ISL_18876538,2024-12-12,3.0
A/Victoria/46/2024|EPI_ISL_18876538,2024-12-13,6.0
A/Victoria/46/2024|EPI_ISL_18876538,2024-12-14,1.0
A/Victoria/46/2024|EPI_ISL_18876538,2024-12-15,3.0
A/Victoria/46/2024|EPI_ISL_18876538,2024-12-16,3.0
A/Victoria/46/2024|EPI_ISL_18876538,2024-12-17,2.0
A/Victoria/46/2024|EPI_ISL_18876538,2024-12-20,3.0
A/Victoria/46/2024|EPI_ISL_18876538,2024-12-22,1.0
A/Victoria/46/2024|EPI_ISL_18876538,2024-12-23,2.0
A/Victoria/46/2024|EPI_ISL_18876538,2024-12-24,1.0
A/Victoria/46/2024|EPI_ISL_18876538,2024-12-25,4.0
A/Victoria/46/2024|EPI_ISL_18876538,2024-12-26,3.0
A/Victoria/46/2024|EPI_ISL_18876538,2024-12-27,4.0
A/Victoria/46/2024|EPI_ISL_18876538,2024-12-28,3.0
A/Victoria/46/2024|EPI_ISL_18876538,2024-12-29,1.0
A/Victoria/46/2024|EPI_ISL_18876538,2024-12-30,5.0
A/Victoria/46/2024|EPI_ISL_18876538,2025-01-01,1.0
A/Victoria/46/2024|EPI_ISL_18876538,2025-01-02,3.0
A/Victoria/46/2024|EPI_ISL_18876538,2025-01-03,8.0
A/Victoria/46/2024|EPI_ISL_18876538,2025-01-05,2.0
A/Victoria/46/2024|EPI_ISL_18876538,2025-01-06,7.0
A/Victoria/46/2024|EPI_ISL_18876538,2025-01-07,8.0
A/Victoria/46/2024|EPI_ISL_18876538,2025-01-08,4.0
A/Victoria/46/2024|EPI_ISL_18876538,2025-01-09,2.0
A/Victoria/46/2024|EPI_ISL_18876538,2025-01-10,2.0
A/Victoria/46/2024|EPI_ISL_18876538,2025-01-12,8.0
A/Victoria/46/2024|EPI_ISL_18876538,2025-01-13,6.0
A/Victoria/46/2024|EPI_ISL_18876538,2025-01-14,2.0
A/Victoria/46/2024|EPI_ISL_18876538,2025-01-15,5.0
A/Victoria/46/2024|EPI_ISL_18876538,2025-01-16,3.0
A/Victoria/46/2024|EPI_ISL_18876538,2025-01-17,3.0
A/Victoria/46/2024|EPI_ISL_18876538,2025-01-21,4.0
A/Victoria/46/2024|EPI_ISL_18876538,2025-01-22,4.0
A/Victoria/46/2024|EPI_ISL_18876538,2025-01-23,4.0
A/Victoria/46/2024|EPI_ISL_18876538,2025-01-24,2.0
A/Victoria/46/2024|EPI_ISL_18876538,2025-01-26,1.0
A/Victoria/46/2024|EPI_ISL_18876538,2025-01-27,9.0
A/Victoria/46/2024|EPI_ISL_18876538,2025-01-28,3.0
A/Victoria/46/2024|EPI_ISL_18876538,2025-01-29,3.0
A/Victoria/46/2024|EPI_ISL_18876538,2025-01-30,4.0
A/Victoria/46/2024|EPI_ISL_18876538,2025-01-31,4.0
A/Victoria/46/2024|EPI_ISL_18876538,2025-02-01,5.0
A/Victoria/46/2024|EPI_ISL_18876538,2025-02-02,2.0
A/Victoria/46/2024|EPI_ISL_18876538,2025-02-03,2.0
A/Victoria/46/2024|EPI_ISL_18876538,2025-02-04,1.0
A/Victoria/46/2024|EPI_ISL_18876538,2025-02-05,2.0
A/Victoria/46/2024|EPI_ISL_18876538,2025-02-06,3.0
A/Victoria/46/2024|EPI_ISL_18876538,2025-02-09,1.0
A/Victoria/46/2024|EPI_ISL_18876538,2025-02-10,2.0
A/Victoria/46/2024|EPI_ISL_18876538,2025-02-11,3.0
A/Victoria/46/2024|EPI_ISL_18876538,2025-02-12,1.0
A/Victoria/46/2024|EPI_ISL_18876538,2025-02-13,2.0
A/Victoria/46/2024|EPI_ISL_18876538,2025-02-14,6.0
A/Victoria/46/2024|EPI_ISL_18876538,2025-02-15,1.0
A/Victoria/46/2024|EPI_ISL_18876538,2025-02-18,2.0
A/Victoria/46/2024|EPI_ISL_18876538,2025-02-19,1.0
A/Victoria/46/2024|EPI_ISL_18876538,2025-02-20,2.0
A/Victoria/46/2024|EPI_ISL_18876538,2025-02-22,1.0
A/Victoria/46/2024|EPI_ISL_18876538,2025-02-23,2.0
A/Victoria/46/2024|EPI_ISL_18876538,2025-02-24,2.0
A/Victoria/46/2024|EPI_ISL_18876538,2025-02-25,1.0
A/Victoria/46/2024|EPI_ISL_18876538,2025-02-26,2.0
A/Victoria/46/2024|EPI_ISL_18876538,2025-02-27,3.0
A/Victoria/46/2024|EPI_ISL_18876538,2025-03-01,3.0
A/Victoria/46/2024|EPI_ISL_18876538,2025-03-05,2.0
A/Victoria/46/2024|EPI_ISL_18876538,2025-03-06,1.0
A/Victoria/46/2024|EPI_ISL_18876538,2025-03-07,1.0
A/Victoria/46/2024|EPI_ISL_18876538,2025-03-08,2.0
A/Victoria/46/2024|EPI_ISL_18876538,2025-03-09,3.0
A/Victoria/46/2024|EPI_ISL_18876538,2025-03-10,1.0
A/Victoria/46/2024|EPI_ISL_18876538,2025-03-17,1.0
A/Victoria/46/2024|EPI_ISL_18876538,2025-03-24,1.0
A/Victoria/46/2024|EPI_ISL_18876538,2025-03-26,2.0
A/Victoria/46/2024|EPI_ISL_18876538,2025-04-07,3.0
A/Victoria/46/2024|EPI_ISL_18876538,2025-04-11,1.0
A/Victoria/46/2024|EPI_ISL_18876538,2025-04-15,1.0
A/Victoria/46/2024|EPI_ISL_18876538,2025-04-28,1.0
A/Victoria/46/2024|EPI_ISL_18876538,2025-04-29,1.0
A/Victoria/46/2024|EPI_ISL_18876538,2025-05-08,1.0
A/Victoria/46/2024|EPI_ISL_18876538,2025-06-24,1.0
A/Victoria/46/2024|EPI_ISL_18876538,2025-06-28,1.0
A/Victoria/46/2024|EPI_ISL_18876538,2025-07-01,1.0
A/Victoria/46/2024|EPI_ISL_18876538,2025-07-02,2.0
A/Victoria/46/2024|EPI_ISL_18876538,2025-07-07,1.0
A/Victoria/46/2024|EPI_ISL_18876538,2025-07-10,1.0
A/Victoria/46/2024|EPI_ISL_18876538,2025-07-12,1.0
A/Victoria/46/2024|EPI_ISL_18876538,2025-07-14,2.0
A/Victoria/96/2025|EPI_ISL_19778249,2025-01-27,1.0
A/Victoria/96/2025|EPI_ISL_19778249,2025-02-02,1.0
A/Washington/15245/2025|EPI_ISL_19756265,2024-05-19,1.0
A/Washington/15245/2025|EPI_ISL_19756265,2024-05-20,1.0
A/Washington/15245/2025|EPI_ISL_19756265,2025-01-13,1.0
A/Washington/15245/2025|EPI_ISL_19756265,2025-01-17,1.0
A/Washington/15245/2025|EPI_ISL_19756265,2025-01-21,1.0
A/Washington/15245/2025|EPI_ISL_19756265,2025-01-22,2.0
A/Washington/15245/2025|EPI_ISL_19756265,2025-01-23,1.0
A/Washington/15245/2025|EPI_ISL_19756265,2025-01-30,1.0
A/Washington/15245/2025|EPI_ISL_19756265,2025-03-07,1.0
A/Washington/284/2024|EPI_ISL_19628073,2024-08-15,1.0
A/Washington/284/2024|EPI_ISL_19628073,2024-08-20,1.0
A/Washington/284/2024|EPI_ISL_19628073,2024-09-05,1.0
A/Washington/284/2024|EPI_ISL_19628073,2024-09-13,1.0
A/Washington/284/2024|EPI_ISL_19628073,2024-09-30,2.0
A/Washington/284/2024|EPI_ISL_19628073,2024-10-05,1.0
A/Washington/284/2024|EPI_ISL_19628073,2024-10-07,1.0
A/Washington/284/2024|EPI_ISL_19628073,2024-10-16,1.0
A/Washington/284/2024|EPI_ISL_19628073,2024-11-02,1.0
A/Washington/284/2024|EPI_ISL_19628073,2024-11-06,1.0
A/Washington/284/2024|EPI_ISL_19628073,2024-11-13,1.0
A/Washington/284/2024|EPI_ISL_19628073,2024-11-16,1.0
A/Washington/284/2024|EPI_ISL_19628073,2024-11-18,1.0
A/Washington/284/2024|EPI_ISL_19628073,2024-11-19,1.0
A/Washington/284/2024|EPI_ISL_19628073,2024-11-20,1.0
A/Washington/284/2024|EPI_ISL_19628073,2024-11-25,1.0
A/Washington/284/2024|EPI_ISL_19628073,2024-11-26,2.0
A/Washington/284/2024|EPI_ISL_19628073,2024-11-27,3.0
A/Washington/284/2024|EPI_ISL_19628073,2024-11-29,2.0
A/Washington/284/2024|EPI_ISL_19628073,2024-11-30,1.0
A/Washington/284/2024|EPI_ISL_19628073,2024-12-02,2.0
A/Washington/284/2024|EPI_ISL_19628073,2024-12-06,1.0
A/Washington/284/2024|EPI_ISL_19628073,2024-12-07,2.0
A/Washington/284/2024|EPI_ISL_19628073,2024-12-09,1.0
A/Washington/284/2024|EPI_ISL_19628073,2024-12-11,1.0
A/Washington/284/2024|EPI_ISL_19628073,2024-12-12,2.0
A/Washington/284/2024|EPI_ISL_19628073,2024-12-13,3.0
A/Washington/284/2024|EPI_ISL_19628073,2024-12-14,2.0
A/Washington/284/2024|EPI_ISL_19628073,2024-12-16,2.0
A/Washington/284/2024|EPI_ISL_19628073,2024-12-17,3.0
A/Washington/284/2024|EPI_ISL_19628073,2024-12-19,2.0
A/Washington/284/2024|EPI_ISL_19628073,2024-12-22,1.0
A/Washington/284/2024|EPI_ISL_19628073,2024-12-23,2.0
A/Washington/284/2024|EPI_ISL_19628073,2024-12-24,1.0
A/Washington/284/2024|EPI_ISL_19628073,2024-12-25,1.0
A/Washington/284/2024|EPI_ISL_19628073,2024-12-26,3.0
A/Washington/284/2024|EPI_ISL_19628073,2024-12-29,3.0
A/Washington/284/2024|EPI_ISL_19628073,2024-12-30,1.0
A/Washington/284/2024|EPI_ISL_19628073,2024-12-31,1.0
A/Washington/284/2024|EPI_ISL_19628073,2025-01-01,2.0
A/Washington/284/2024|EPI_ISL_19628073,2025-01-02,2.0
A/Washington/284/2024|EPI_ISL_19628073,2025-01-03,1.0
A/Washington/284/2024|EPI_ISL_19628073,2025-01-04,3.0
A/Washington/284/2024|EPI_ISL_19628073,2025-01-07,2.0
A/Washington/284/2024|EPI_ISL_19628073,2025-01-10,1.0
A/Washington/284/2024|EPI_ISL_19628073,2025-01-12,2.0
A/Washington/284/2024|EPI_ISL_19628073,2025-01-15,1.0
A/Washington/284/2024|EPI_ISL_19628073,2025-01-17,1.0
A/Washington/284/2024|EPI_ISL_19628073,2025-01-18,1.0
A/Washington/284/2024|EPI_ISL_19628073,2025-01-19,1.0
A/Washington/284/2024|EPI_ISL_19628073,2025-01-22,1.0
A/Washington/284/2024|EPI_ISL_19628073,2025-01-27,1.0
A/Washington/284/2024|EPI_ISL_19628073,2025-01-28,1.0
A/Washington/284/2024|EPI_ISL_19628073,2025-01-29,1.0
A/Washington/284/2024|EPI_ISL_19628073,2025-01-31,1.0
A/Washington/284/2024|EPI_ISL_19628073,2025-02-01,1.0
A/Washington/284/2024|EPI_ISL_19628073,2025-02-04,1.0
A/Washington/284/2024|EPI_ISL_19628073,2025-02-05,2.0
A/Washington/284/2024|EPI_ISL_19628073,2025-02-06,1.0
A/Washington/284/2024|EPI_ISL_19628073,2025-02-10,1.0
A/Washington/284/2024|EPI_ISL_19628073,2025-02-13,4.0
A/Washington/284/2024|EPI_ISL_19628073,2025-02-16,1.0
A/Washington/284/2024|EPI_ISL_19628073,2025-02-17,1.0
A/Washington/284/2024|EPI_ISL_19628073,2025-02-18,1.0
A/Washington/284/2024|EPI_ISL_19628073,2025-02-24,1.0
A/Washington/284/2024|EPI_ISL_19628073,2025-02-26,1.0
A/Washington/284/2024|EPI_ISL_19628073,2025-02-28,3.0
A/Washington/284/2024|EPI_ISL_19628073,2025-03-01,3.0
A/Washington/284/2024|EPI_ISL_19628073,2025-03-04,4.0
A/Washington/284/2024|EPI_ISL_19628073,2025-03-05,1.0
A/Washington/284/2024|EPI_ISL_19628073,2025-03-06,2.0
A/Washington/284/2024|EPI_ISL_19628073,2025-03-08,2.0
A/Washington/284/2024|EPI_ISL_19628073,2025-03-09,3.0
A/Washington/284/2024|EPI_ISL_19628073,2025-03-10,2.0
A/Washington/284/2024|EPI_ISL_19628073,2025-03-11,1.0
A/Washington/284/2024|EPI_ISL_19628073,2025-03-12,2.0
A/Washington/284/2024|EPI_ISL_19628073,2025-03-13,1.0
A/Washington/284/2024|EPI_ISL_19628073,2025-03-14,1.0
A/Washington/284/2024|EPI_ISL_19628073,2025-03-16,2.0
A/Washington/284/2024|EPI_ISL_19628073,2025-03-17,2.0
A/Washington/284/2024|EPI_ISL_19628073,2025-03-18,1.0
A/Washington/284/2024|EPI_ISL_19628073,2025-03-19,1.0
A/Washington/284/2024|EPI_ISL_19628073,2025-03-24,2.0
A/Washington/284/2024|EPI_ISL_19628073,2025-03-25,1.0
A/Washington/284/2024|EPI_ISL_19628073,2025-03-26,1.0
A/Washington/284/2024|EPI_ISL_19628073,2025-03-30,1.0
A/Washington/284/2024|EPI_ISL_19628073,2025-03-31,1.0
A/Washington/284/2024|EPI_ISL_19628073,2025-04-07,1.0
A/Washington/284/2024|EPI_ISL_19628073,2025-04-08,1.0
A/Washington/284/2024|EPI_ISL_19628073,2025-04-22,2.0
A/Washington/284/2024|EPI_ISL_19628073,2025-04-24,1.0
A/Washington/284/2024|EPI_ISL_19628073,2025-04-28,1.0
A/Washington/284/2024|EPI_ISL_19628073,2025-05-02,1.0
A/Washington/284/2024|EPI_ISL_19628073,2025-05-04,1.0
A/Washington/284/2024|EPI_ISL_19628073,2025-05-05,1.0
A/Washington/284/2024|EPI_ISL_19628073,2025-05-11,2.0
A/Washington/284/2024|EPI_ISL_19628073,2025-05-12,1.0
A/Washington/284/2024|EPI_ISL_19628073,2025-05-13,2.0
A/Washington/284/2024|EPI_ISL_19628073,2025-05-19,2.0
A/Washington/284/2024|EPI_ISL_19628073,2025-05-28,5.0
A/Washington/284/2024|EPI_ISL_19628073,2025-05-29,2.0
A/Washington/284/2024|EPI_ISL_19628073,2025-06-01,2.0
A/Washington/284/2024|EPI_ISL_19628073,2025-06-04,1.0
A/Washington/284/2024|EPI_ISL_19628073,2025-06-05,2.0
A/Washington/284/2024|EPI_ISL_19628073,2025-06-07,2.0
A/Washington/284/2024|EPI_ISL_19628073,2025-06-09,1.0
A/Washington/284/2024|EPI_ISL_19628073,2025-06-11,2.0
A/Washington/284/2024|EPI_ISL_19628073,2025-06-13,3.0
A/Washington/284/2024|EPI_ISL_19628073,2025-06-16,3.0
A/Washington/284/2024|EPI_ISL_19628073,2025-06-17,2.0
A/Washington/284/2024|EPI_ISL_19628073,2025-06-26,2.0
A/Washington/284/2024|EPI_ISL_19628073,2025-06-27,1.0
A/Washington/284/2024|EPI_ISL_19628073,2025-06-28,1.0
A/Washington/284/2024|EPI_ISL_19628073,2025-06-29,2.0
A/Washington/284/2024|EPI_ISL_19628073,2025-07-01,1.0
A/Washington/284/2024|EPI_ISL_19628073,2025-07-13,1.0
A/Washington/284/2024|EPI_ISL_19628073,2025-07-14,1.0
A/Washington/284/2024|EPI_ISL_19628073,2025-07-30,1.0
A/Wisconsin/172/2024|EPI_ISL_19628110,2024-04-20,1.0
A/Wisconsin/172/2024|EPI_ISL_19628110,2024-04-21,1.0
A/Wisconsin/172/2024|EPI_ISL_19628110,2024-04-23,1.0
A/Wisconsin/172/2024|EPI_ISL_19628110,2024-04-24,1.0
A/Wisconsin/172/2024|EPI_ISL_19628110,2024-04-29,3.0
A/Wisconsin/172/2024|EPI_ISL_19628110,2024-05-03,1.0
A/Wisconsin/172/2024|EPI_ISL_19628110,2024-05-08,1.0
A/Wisconsin/172/2024|EPI_ISL_19628110,2024-05-11,1.0
A/Wisconsin/172/2024|EPI_ISL_19628110,2024-05-12,1.0
A/Wisconsin/172/2024|EPI_ISL_19628110,2024-05-14,1.0
A/Wisconsin/172/2024|EPI_ISL_19628110,2024-05-19,1.0
A/Wisconsin/172/2024|EPI_ISL_19628110,2024-05-21,1.0
A/Wisconsin/172/2024|EPI_ISL_19628110,2024-05-28,2.0
A/Wisconsin/172/2024|EPI_ISL_19628110,2024-05-30,1.0
A/Wisconsin/172/2024|EPI_ISL_19628110,2024-06-01,1.0
A/Wisconsin/172/2024|EPI_ISL_19628110,2024-06-03,1.0
A/Wisconsin/172/2024|EPI_ISL_19628110,2024-06-07,2.0
A/Wisconsin/172/2024|EPI_ISL_19628110,2024-06-15,1.0
A/Wisconsin/172/2024|EPI_ISL_19628110,2024-06-17,2.0
A/Wisconsin/172/2024|EPI_ISL_19628110,2024-06-18,2.0
A/Wisconsin/172/2024|EPI_ISL_19628110,2024-06-21,1.0
A/Wisconsin/172/2024|EPI_ISL_19628110,2024-06-22,1.0
A/Wisconsin/172/2024|EPI_ISL_19628110,2024-06-27,3.0
A/Wisconsin/172/2024|EPI_ISL_19628110,2024-07-02,1.0
A/Wisconsin/172/2024|EPI_ISL_19628110,2024-07-06,1.0
A/Wisconsin/172/2024|EPI_ISL_19628110,2024-07-07,2.0
A/Wisconsin/172/2024|EPI_ISL_19628110,2024-07-08,1.0
A/Wisconsin/172/2024|EPI_ISL_19628110,2024-07-09,1.0
A/Wisconsin/172/2024|EPI_ISL_19628110,2024-07-13,1.0
A/Wisconsin/172/2024|EPI_ISL_19628110,2024-08-02,1.0
A/Wisconsin/172/2024|EPI_ISL_19628110,2024-08-07,1.0
A/Wisconsin/172/2024|EPI_ISL_19628110,2024-08-27,1.0
A/Wisconsin/172/2024|EPI_ISL_19628110,2024-09-10,1.0
A/Wisconsin/172/2024|EPI_ISL_19628110,2024-09-12,1.0
A/Wisconsin/172/2024|EPI_ISL_19628110,2024-09-13,1.0
A/Wisconsin/172/2024|EPI_ISL_19628110,2024-09-15,1.0
A/Wisconsin/172/2024|EPI_ISL_19628110,2024-09-18,1.0
A/Wisconsin/172/2024|EPI_ISL_19628110,2024-09-21,1.0
A/Wisconsin/172/2024|EPI_ISL_19628110,2024-09-23,1.0
A/Wisconsin/172/2024|EPI_ISL_19628110,2024-09-27,2.0
A/Wisconsin/172/2024|EPI_ISL_19628110,2024-09-29,1.0
A/Wisconsin/172/2024|EPI_ISL_19628110,2024-09-30,2.0
A/Wisconsin/172/2024|EPI_ISL_19628110,2024-10-02,1.0
A/Wisconsin/172/2024|EPI_ISL_19628110,2024-10-03,1.0
A/Wisconsin/172/2024|EPI_ISL_19628110,2024-10-04,2.0
A/Wisconsin/172/2024|EPI_ISL_19628110,2024-10-05,1.0
A/Wisconsin/172/2024|EPI_ISL_19628110,2024-10-08,1.0
A/Wisconsin/172/2024|EPI_ISL_19628110,2024-10-10,1.0
A/Wisconsin/172/2024|EPI_ISL_19628110,2024-10-13,1.0
A/Wisconsin/172/2024|EPI_ISL_19628110,2024-10-14,4.0
A/Wisconsin/172/2024|EPI_ISL_19628110,2024-10-15,2.0
A/Wisconsin/172/2024|EPI_ISL_19628110,2024-10-16,1.0
A/Wisconsin/172/2024|EPI_ISL_19628110,2024-10-17,4.0
A/Wisconsin/172/2024|EPI_ISL_19628110,2024-10-20,1.0
A/Wisconsin/172/2024|EPI_ISL_19628110,2024-10-22,3.0
A/Wisconsin/172/2024|EPI_ISL_19628110,2024-10-24,1.0
A/Wisconsin/172/2024|EPI_ISL_19628110,2024-10-28,1.0
A/Wisconsin/172/2024|EPI_ISL_19628110,2024-10-31,2.0
A/Wisconsin/172/2024|EPI_ISL_19628110,2024-11-01,2.0
A/Wisconsin/172/2024|EPI_ISL_19628110,2024-11-02,1.0
A/Wisconsin/172/2024|EPI_ISL_19628110,2024-11-03,2.0
A/Wisconsin/172/2024|EPI_ISL_19628110,2024-11-04,1.0
A/Wisconsin/172/2024|EPI_ISL_19628110,2024-11-06,2.0
A/Wisconsin/172/2024|EPI_ISL_19628110,2024-11-07,1.0
A/Wisconsin/172/2024|EPI_ISL_19628110,2024-11-08,2.0
A/Wisconsin/172/2024|EPI_ISL_19628110,2024-11-10,2.0
A/Wisconsin/172/2024|EPI_ISL_19628110,2024-11-12,3.0
A/Wisconsin/172/2024|EPI_ISL_19628110,2024-11-13,1.0
A/Wisconsin/172/2024|EPI_ISL_19628110,2024-11-15,3.0
A/Wisconsin/172/2024|EPI_ISL_19628110,2024-11-16,1.0
A/Wisconsin/172/2024|EPI_ISL_19628110,2024-11-17,2.0
A/Wisconsin/172/2024|EPI_ISL_19628110,2024-11-18,1.0
A/Wisconsin/172/2024|EPI_ISL_19628110,2024-11-20,2.0
A/Wisconsin/172/2024|EPI_ISL_19628110,2024-11-21,5.0
A/Wisconsin/172/2024|EPI_ISL_19628110,2024-11-22,2.0
A/Wisconsin/172/2024|EPI_ISL_19628110,2024-11-23,2.0
A/Wisconsin/172/2024|EPI_ISL_19628110,2024-11-24,1.0
A/Wisconsin/172/2024|EPI_ISL_19628110,2024-11-25,2.0
A/Wisconsin/172/2024|EPI_ISL_19628110,2024-11-26,3.0
A/Wisconsin/172/2024|EPI_ISL_19628110,2024-11-29,2.0
A/Wisconsin/172/2024|EPI_ISL_19628110,2024-11-30,4.0
A/Wisconsin/172/2024|EPI_ISL_19628110,2024-12-02,4.0
A/Wisconsin/172/2024|EPI_ISL_19628110,2024-12-03,1.0
A/Wisconsin/172/2024|EPI_ISL_19628110,2024-12-04,2.0
A/Wisconsin/172/2024|EPI_ISL_19628110,2024-12-06,1.0
A/Wisconsin/172/2024|EPI_ISL_19628110,2024-12-08,2.0
A/Wisconsin/172/2024|EPI_ISL_19628110,2024-12-09,4.0
A/Wisconsin/172/2024|EPI_ISL_19628110,2024-12-10,1.0
A/Wisconsin/172/2024|EPI_ISL_19628110,2024-12-11,7.0
A/Wisconsin/172/2024|EPI_ISL_19628110,2024-12-12,7.0
A/Wisconsin/172/2024|EPI_ISL_19628110,2024-12-13,4.0
A/Wisconsin/172/2024|EPI_ISL_19628110,2024-12-14,7.0
A/Wisconsin/172/2024|EPI_ISL_19628110,2024-12-15,4.0
A/Wisconsin/172/2024|EPI_ISL_19628110,2024-12-16,10.0
A/Wisconsin/172/2024|EPI_ISL_19628110,2024-12-17,2.0
A/Wisconsin/172/2024|EPI_ISL_19628110,2024-12-18,5.0
A/Wisconsin/172/2024|EPI_ISL_19628110,2024-12-19,7.0
A/Wisconsin/172/2024|EPI_ISL_19628110,2024-12-20,4.0
A/Wisconsin/172/2024|EPI_ISL_19628110,2024-12-21,5.0
A/Wisconsin/172/2024|EPI_ISL_19628110,2024-12-22,1.0
A/Wisconsin/172/2024|EPI_ISL_19628110,2024-12-23,4.0
A/Wisconsin/172/2024|EPI_ISL_19628110,2024-12-24,6.0
A/Wisconsin/172/2024|EPI_ISL_19628110,2024-12-25,7.0
A/Wisconsin/172/2024|EPI_ISL_19628110,2024-12-26,6.0
A/Wisconsin/172/2024|EPI_ISL_19628110,2024-12-27,2.0
A/Wisconsin/172/2024|EPI_ISL_19628110,2024-12-28,5.0
A/Wisconsin/172/2024|EPI_ISL_19628110,2024-12-29,3.0
A/Wisconsin/172/2024|EPI_ISL_19628110,2024-12-30,9.0
A/Wisconsin/172/2024|EPI_ISL_19628110,2024-12-31,6.0
A/Wisconsin/172/2024|EPI_ISL_19628110,2025-01-01,4.0
A/Wisconsin/172/2024|EPI_ISL_19628110,2025-01-02,10.0
A/Wisconsin/172/2024|EPI_ISL_19628110,2025-01-04,4.0
A/Wisconsin/172/2024|EPI_ISL_19628110,2025-01-05,4.0
A/Wisconsin/172/2024|EPI_ISL_19628110,2025-01-06,9.0
A/Wisconsin/172/2024|EPI_ISL_19628110,2025-01-07,5.0
A/Wisconsin/172/2024|EPI_ISL_19628110,2025-01-08,6.0
A/Wisconsin/172/2024|EPI_ISL_19628110,2025-01-09,2.0
A/Wisconsin/172/2024|EPI_ISL_19628110,2025-01-10,3.0
A/Wisconsin/172/2024|EPI_ISL_19628110,2025-01-11,2.0
A/Wisconsin/172/2024|EPI_ISL_19628110,2025-01-12,2.0
A/Wisconsin/172/2024|EPI_ISL_19628110,2025-01-13,4.0
A/Wisconsin/172/2024|EPI_ISL_19628110,2025-01-14,4.0
A/Wisconsin/172/2024|EPI_ISL_19628110,2025-01-15,5.0
A/Wisconsin/172/2024|EPI_ISL_19628110,2025-01-16,4.0
A/Wisconsin/172/2024|EPI_ISL_19628110,2025-01-17,2.0
A/Wisconsin/172/2024|EPI_ISL_19628110,2025-01-19,2.0
A/Wisconsin/172/2024|EPI_ISL_19628110,2025-01-20,3.0
A/Wisconsin/172/2024|EPI_ISL_19628110,2025-01-21,5.0
A/Wisconsin/172/2024|EPI_ISL_19628110,2025-01-22,1.0
A/Wisconsin/172/2024|EPI_ISL_19628110,2025-01-23,6.0
A/Wisconsin/172/2024|EPI_ISL_19628110,2025-01-24,1.0
A/Wisconsin/172/2024|EPI_ISL_19628110,2025-01-25,6.0
A/Wisconsin/172/2024|EPI_ISL_19628110,2025-01-26,4.0
A/Wisconsin/172/2024|EPI_ISL_19628110,2025-01-27,6.0
A/Wisconsin/172/2024|EPI_ISL_19628110,2025-01-28,6.0
A/Wisconsin/172/2024|EPI_ISL_19628110,2025-01-29,3.0
A/Wisconsin/172/2024|EPI_ISL_19628110,2025-01-30,5.0
A/Wisconsin/172/2024|EPI_ISL_19628110,2025-01-31,7.0
A/Wisconsin/172/2024|EPI_ISL_19628110,2025-02-01,3.0
A/Wisconsin/172/2024|EPI_ISL_19628110,2025-02-02,6.0
A/Wisconsin/172/2024|EPI_ISL_19628110,2025-02-03,9.0
A/Wisconsin/172/2024|EPI_ISL_19628110,2025-02-04,9.0
A/Wisconsin/172/2024|EPI_ISL_19628110,2025-02-05,13.0
A/Wisconsin/172/2024|EPI_ISL_19628110,2025-02-06,2.0
A/Wisconsin/172/2024|EPI_ISL_19628110,2025-02-07,7.0
A/Wisconsin/172/2024|EPI_ISL_19628110,2025-02-08,3.0
A/Wisconsin/172/2024|EPI_ISL_19628110,2025-02-09,3.0
A/Wisconsin/172/2024|EPI_ISL_19628110,2025-02-10,7.0
A/Wisconsin/172/2024|EPI_ISL_19628110,2025-02-11,8.0
A/Wisconsin/172/2024|EPI_ISL_19628110,2025-02-12,3.0
A/Wisconsin/172/2024|EPI_ISL_19628110,2025-02-13,2.0
A/Wisconsin/172/2024|EPI_ISL_19628110,2025-02-15,2.0
A/Wisconsin/172/2024|EPI_ISL_19628110,2025-02-16,3.0
A/Wisconsin/172/2024|EPI_ISL_19628110,2025-02-17,3.0
A/Wisconsin/172/2024|EPI_ISL_19628110,2025-02-18,3.0
A/Wisconsin/172/2024|EPI_ISL_19628110,2025-02-19,1.0
A/Wisconsin/172/2024|EPI_ISL_19628110,2025-02-20,3.0
A/Wisconsin/172/2024|EPI_ISL_19628110,2025-02-21,1.0
A/Wisconsin/172/2024|EPI_ISL_19628110,2025-02-22,1.0
A/Wisconsin/172/2024|EPI_ISL_19628110,2025-02-23,1.0
A/Wisconsin/172/2024|EPI_ISL_19628110,2025-02-24,1.0
A/Wisconsin/172/2024|EPI_ISL_19628110,2025-02-25,2.0
A/Wisconsin/172/2024|EPI_ISL_19628110,2025-02-26,3.0
A/Wisconsin/172/2024|EPI_ISL_19628110,2025-02-27,1.0
A/Wisconsin/172/2024|EPI_ISL_19628110,2025-03-02,2.0
A/Wisconsin/172/2024|EPI_ISL_19628110,2025-03-05,1.0
A/Wisconsin/172/2024|EPI_ISL_19628110,2025-03-07,1.0
A/Wisconsin/172/2024|EPI_ISL_19628110,2025-03-09,2.0
A/Wisconsin/172/2024|EPI_ISL_19628110,2025-03-11,3.0
A/Wisconsin/172/2024|EPI_ISL_19628110,2025-03-12,1.0
A/Wisconsin/172/2024|EPI_ISL_19628110,2025-03-13,2.0
A/Wisconsin/172/2024|EPI_ISL_19628110,2025-03-20,1.0
A/Wisconsin/172/2024|EPI_ISL_19628110,2025-03-23,1.0
A/Wisconsin/172/2024|EPI_ISL_19628110,2025-03-27,1.0
A/Wisconsin/172/2024|EPI_ISL_19628110,2025-04-11,1.0
A/Wisconsin/172/2024|EPI_ISL_19628110,2025-04-12,2.0
A/Wisconsin/172/2024|EPI_ISL_19628110,2025-04-13,1.0
A/Wisconsin/172/2024|EPI_ISL_19628110,2025-04-15,1.0
A/Wisconsin/172/2024|EPI_ISL_19628110,2025-04-16,1.0
A/Wisconsin/NIRC-IS-1016/2024|EPI_ISL_19628582,2024-08-01,1.0
A/Wisconsin/NIRC-IS-1016/2024|EPI_ISL_19628582,2024-08-09,1.0
A/Wisconsin/NIRC-IS-1016/2024|EPI_ISL_19628582,2024-08-10,1.0
A/Wisconsin/NIRC-IS-1016/2024|EPI_ISL_19628582,2024-08-14,1.0
A/Wisconsin/NIRC-IS-1016/2024|EPI_ISL_19628582,2024-08-19,1.0
A/Wisconsin/NIRC-IS-1016/2024|EPI_ISL_19628582,2024-09-06,2.0
A/Wisconsin/NIRC-IS-1016/2024|EPI_ISL_19628582,2024-09-09,1.0
A/Wisconsin/NIRC-IS-1016/2024|EPI_ISL_19628582,2024-09-12,1.0
A/Wisconsin/NIRC-IS-1016/2024|EPI_ISL_19628582,2024-09-14,1.0
A/Wisconsin/NIRC-IS-1016/2024|EPI_ISL_19628582,2024-09-18,1.0
A/Wisconsin/NIRC-IS-1016/2024|EPI_ISL_19628582,2024-09-20,1.0
A/Wisconsin/NIRC-IS-1016/2024|EPI_ISL_19628582,2024-09-26,1.0
A/Wisconsin/NIRC-IS-1016/2024|EPI_ISL_19628582,2024-09-28,2.0
A/Wisconsin/NIRC-IS-1016/2024|EPI_ISL_19628582,2024-09-30,1.0
A/Wisconsin/NIRC-IS-1016/2024|EPI_ISL_19628582,2024-10-01,1.0
A/Wisconsin/NIRC-IS-1016/2024|EPI_ISL_19628582,2024-10-02,1.0
A/Wisconsin/NIRC-IS-1016/2024|EPI_ISL_19628582,2024-10-07,1.0
A/Wisconsin/NIRC-IS-1016/2024|EPI_ISL_19628582,2024-10-08,1.0
A/Wisconsin/NIRC-IS-1016/2024|EPI_ISL_19628582,2024-10-10,1.0
A/Wisconsin/NIRC-IS-1016/2024|EPI_ISL_19628582,2024-10-16,1.0
A/Wisconsin/NIRC-IS-1016/2024|EPI_ISL_19628582,2024-10-17,1.0
A/Wisconsin/NIRC-IS-1016/2024|EPI_ISL_19628582,2024-10-21,1.0
A/Wisconsin/NIRC-IS-1016/2024|EPI_ISL_19628582,2024-10-22,1.0
A/Wisconsin/NIRC-IS-1016/2024|EPI_ISL_19628582,2024-10-24,1.0
A/Wisconsin/NIRC-IS-1016/2024|EPI_ISL_19628582,2024-10-25,1.0
A/Wisconsin/NIRC-IS-1016/2024|EPI_ISL_19628582,2024-10-31,1.0
A/Wisconsin/NIRC-IS-1016/2024|EPI_ISL_19628582,2024-11-03,1.0
A/Wisconsin/NIRC-IS-1016/2024|EPI_ISL_19628582,2024-11-08,1.0
A/Wisconsin/NIRC-IS-1016/2024|EPI_ISL_19628582,2024-11-13,3.0
A/Wisconsin/NIRC-IS-1016/2024|EPI_ISL_19628582,2024-11-22,1.0
A/Wisconsin/NIRC-IS-1016/2024|EPI_ISL_19628582,2024-11-25,2.0
A/Wisconsin/NIRC-IS-1016/2024|EPI_ISL_19628582,2024-11-26,2.0
A/Wisconsin/NIRC-IS-1016/2024|EPI_ISL_19628582,2024-11-28,1.0
A/Wisconsin/NIRC-IS-1016/2024|EPI_ISL_19628582,2024-11-29,1.0
A/Wisconsin/NIRC-IS-1016/2024|EPI_ISL_19628582,2024-12-03,3.0
A/Wisconsin/NIRC-IS-1016/2024|EPI_ISL_19628582,2024-12-09,1.0
A/Wisconsin/NIRC-IS-1016/2024|EPI_ISL_19628582,2024-12-12,1.0
A/Wisconsin/NIRC-IS-1016/2024|EPI_ISL_19628582,2024-12-18,1.0
A/Wisconsin/NIRC-IS-1016/2024|EPI_ISL_19628582,2024-12-22,2.0
A/Wisconsin/NIRC-IS-1016/2024|EPI_ISL_19628582,2024-12-27,1.0
A/Wisconsin/NIRC-IS-1016/2024|EPI_ISL_19628582,2024-12-29,1.0
A/Wisconsin/NIRC-IS-1016/2024|EPI_ISL_19628582,2025-01-02,3.0
A/Wisconsin/NIRC-IS-1016/2024|EPI_ISL_19628582,2025-01-04,1.0
A/Wisconsin/NIRC-IS-1016/2024|EPI_ISL_19628582,2025-01-25,1.0
A/Wisconsin/NIRC-IS-1016/2024|EPI_ISL_19628582,2025-01-28,1.0
A/Wisconsin/NIRC-IS-1016/2024|EPI_ISL_19628582,2025-01-30,1.0
A/Wisconsin/NIRC-IS-1016/2024|EPI_ISL_19628582,2025-02-11,1.0
A/Wisconsin/NIRC-IS-1028/2024|EPI_ISL_19628591,2024-11-12,1.0
A/Wisconsin/NIRC-IS-1028/2024|EPI_ISL_19628591,2024-11-18,1.0
A/Wisconsin/NIRC-IS-1028/2024|EPI_ISL_19628591,2024-11-28,1.0
A/Wisconsin/NIRC-IS-1028/2024|EPI_ISL_19628591,2024-12-02,1.0
A/Wisconsin/NIRC-IS-1028/2024|EPI_ISL_19628591,2024-12-13,1.0
A/Wisconsin/NIRC-IS-1028/2024|EPI_ISL_19628591,2024-12-20,1.0
A/Wisconsin/NIRC-IS-1028/2024|EPI_ISL_19628591,2024-12-22,1.0
A/Wisconsin/NIRC-IS-1028/2024|EPI_ISL_19628591,2024-12-31,1.0
A/Wisconsin/NIRC-IS-1028/2024|EPI_ISL_19628591,2025-01-29,1.0
other,2024-04-18,50.0
other,2024-04-19,42.0
other,2024-04-20,24.0
other,2024-04-21,30.0
other,2024-04-22,62.0
other,2024-04-23,55.0
other,2024-04-24,56.0
other,2024-04-25,51.0
other,2024-04-26,43.0
other,2024-04-27,21.0
other,2024-04-28,20.0
other,2024-04-29,49.0
other,2024-04-30,41.0
other,2024-05-01,20.0
other,2024-05-02,36.0
other,2024-05-03,54.0
other,2024-05-04,28.0
other,2024-05-05,21.0
other,2024-05-06,64.0
other,2024-05-07,46.0
other,2024-05-08,57.0
other,2024-05-09,35.0
other,2024-05-10,38.0
other,2024-05-11,25.0
other,2024-05-12,15.0
other,2024-05-13,69.0
other,2024-05-14,37.0
other,2024-05-15,39.0
other,2024-05-16,42.0
other,2024-05-17,35.0
other,2024-05-18,28.0
other,2024-05-19,20.0
other,2024-05-20,47.0
other,2024-05-21,52.0
other,2024-05-22,43.0
other,2024-05-23,34.0
other,2024-05-24,35.0
other,2024-05-25,23.0
other,2024-05-26,22.0
other,2024-05-27,47.0
other,2024-05-28,23.0
other,2024-05-29,37.0
other,2024-05-30,30.0
other,2024-05-31,31.0
other,2024-06-01,14.0
other,2024-06-02,31.0
other,2024-06-03,50.0
other,2024-06-04,38.0
other,2024-06-05,35.0
other,2024-06-06,29.0
other,2024-06-07,31.0
other,2024-06-08,21.0
other,2024-06-09,22.0
other,2024-06-10,30.0
other,2024-06-11,29.0
other,2024-06-12,29.0
other,2024-06-13,28.0
other,2024-06-14,23.0
other,2024-06-15,24.0
other,2024-06-16,17.0
other,2024-06-17,37.0
other,2024-06-18,45.0
other,2024-06-19,36.0
other,2024-06-20,34.0
other,2024-06-21,22.0
other,2024-06-22,17.0
other,2024-06-23,20.0
other,2024-06-24,48.0
other,2024-06-25,48.0
other,2024-06-26,38.0
other,2024-06-27,21.0
other,2024-06-28,24.0
other,2024-06-29,18.0
other,2024-06-30,16.0
other,2024-07-01,33.0
other,2024-07-02,37.0
other,2024-07-03,31.0
other,2024-07-04,28.0
other,2024-07-05,28.0
other,2024-07-06,21.0
other,2024-07-07,21.0
other,2024-07-08,29.0
other,2024-07-09,44.0
other,2024-07-10,35.0
other,2024-07-11,35.0
other,2024-07-12,26.0
other,2024-07-13,10.0
other,2024-07-14,16.0
other,2024-07-15,50.0
other,2024-07-16,46.0
other,2024-07-17,50.0
other,2024-07-18,33.0
other,2024-07-19,29.0
other,2024-07-20,19.0
other,2024-07-21,12.0
other,2024-07-22,42.0
other,2024-07-23,33.0
other,2024-07-24,25.0
other,2024-07-25,19.0
other,2024-07-26,22.0
other,2024-07-27,13.0
other,2024-07-28,13.0
other,2024-07-29,19.0
other,2024-07-30,30.0
other,2024-07-31,31.0
other,2024-08-01,33.0
other,2024-08-02,32.0
other,2024-08-03,18.0
other,2024-08-04,26.0
other,2024-08-05,48.0
other,2024-08-06,49.0
other,2024-08-07,41.0
other,2024-08-08,33.0
other,2024-08-09,21.0
other,2024-08-10,10.0
other,2024-08-11,12.0
other,2024-08-12,32.0
other,2024-08-13,26.0
other,2024-08-14,26.0
other,2024-08-15,18.0
other,2024-08-16,16.0
other,2024-08-17,12.0
other,2024-08-18,16.0
other,2024-08-19,21.0
other,2024-08-20,30.0
other,2024-08-21,22.0
other,2024-08-22,21.0
other,2024-08-23,21.0
other,2024-08-24,8.0
other,2024-08-25,15.0
other,2024-08-26,26.0
other,2024-08-27,26.0
other,2024-08-28,26.0
other,2024-08-29,20.0
other,2024-08-30,22.0
other,2024-08-31,9.0
other,2024-09-01,17.0
other,2024-09-02,27.0
other,2024-09-03,22.0
other,2024-09-04,29.0
other,2024-09-05,18.0
other,2024-09-06,27.0
other,2024-09-07,16.0
other,2024-09-08,17.0
other,2024-09-09,31.0
other,2024-09-10,26.0
other,2024-09-11,29.0
other,2024-09-12,19.0
other,2024-09-13,13.0
other,2024-09-14,19.0
other,2024-09-15,13.0
other,2024-09-16,30.0
other,2024-09-17,17.0
other,2024-09-18,17.0
other,2024-09-19,8.0
other,2024-09-20,32.0
other,2024-09-21,8.0
other,2024-09-22,15.0
other,2024-09-23,20.0
other,2024-09-24,17.0
other,2024-09-25,16.0
other,2024-09-26,21.0
other,2024-09-27,13.0
other,2024-09-28,10.0
other,2024-09-29,9.0
other,2024-09-30,12.0
other,2024-10-01,24.0
other,2024-10-02,21.0
other,2024-10-03,21.0
other,2024-10-04,24.0
other,2024-10-05,11.0
other,2024-10-06,9.0
other,2024-10-07,18.0
other,2024-10-08,20.0
other,2024-10-09,15.0
other,2024-10-10,24.0
other,2024-10-11,18.0
other,2024-10-12,6.0
other,2024-10-13,10.0
other,2024-10-14,19.0
other,2024-10-15,27.0
other,2024-10-16,16.0
other,2024-10-17,19.0
other,2024-10-18,12.0
other,2024-10-19,6.0
other,2024-10-20,12.0
other,2024-10-21,22.0
other,2024-10-22,14.0
other,2024-10-23,18.0
other,2024-10-24,21.0
other,2024-10-25,17.0
other,2024-10-26,9.0
other,2024-10-27,5.0
other,2024-10-28,25.0
other,2024-10-29,19.0
other,2024-10-30,15.0
other,2024-10-31,25.0
other,2024-11-01,23.0
other,2024-11-02,12.0
other,2024-11-03,9.0
other,2024-11-04,36.0
other,2024-11-05,33.0
other,2024-11-06,26.0
other,2024-11-07,18.0
other,2024-11-08,16.0
other,2024-11-09,18.0
other,2024-11-10,16.0
other,2024-11-11,40.0
other,2024-11-12,33.0
other,2024-11-13,35.0
other,2024-11-14,22.0
other,2024-11-15,19.0
other,2024-11-16,10.0
other,2024-11-17,17.0
other,2024-11-18,29.0
other,2024-11-19,34.0
other,2024-11-20,31.0
other,2024-11-21,24.0
other,2024-11-22,23.0
other,2024-11-23,15.0
other,2024-11-24,24.0
other,2024-11-25,40.0
other,2024-11-26,35.0
other,2024-11-27,24.0
other,2024-11-28,24.0
other,2024-11-29,41.0
other,2024-11-30,22.0
other,2024-12-01,33.0
other,2024-12-02,36.0
other,2024-12-03,36.0
other,2024-12-04,33.0
other,2024-12-05,24.0
other,2024-12-06,27.0
other,2024-12-07,16.0
other,2024-12-08,23.0
other,2024-12-09,34.0
other,2024-12-10,49.0
other,2024-12-11,42.0
other,2024-12-12,44.0
other,2024-12-13,41.0
other,2024-12-14,26.0
other,2024-12-15,18.0
other,2024-12-16,56.0
other,2024-12-17,56.0
other,2024-12-18,41.0
other,2024-12-19,55.0
other,2024-12-20,57.0
other,2024-12-21,18.0
other,2024-12-22,37.0
other,2024-12-23,68.0
other,2024-12-24,53.0
other,2024-12-25,35.0
other,2024-12-26,53.0
other,2024-12-27,68.0
other,2024-12-28,53.0
other,2024-12-29,37.0
other,2024-12-30,79.0
other,2024-12-31,59.0
other,2025-01-01,53.0
other,2025-01-02,106.0
other,2025-01-03,67.0
other,2025-01-04,28.0
other,2025-01-05,58.0
other,2025-01-06,96.0
other,2025-01-07,85.0
other,2025-01-08,99.0
other,2025-01-09,87.0
other,2025-01-10,68.0
other,2025-01-11,43.0
other,2025-01-12,29.0
other,2025-01-13,109.0
other,2025-01-14,99.0
other,2025-01-15,76.0
other,2025-01-16,89.0
other,2025-01-17,66.0
other,2025-01-18,37.0
other,2025-01-19,39.0
other,2025-01-20,133.0
other,2025-01-21,96.0
other,2025-01-22,120.0
other,2025-01-23,92.0
other,2025-01-24,66.0
other,2025-01-25,50.0
other,2025-01-26,62.0
other,2025-01-27,144.0
other,2025-01-28,123.0
other,2025-01-29,113.0
other,2025-01-30,129.0
other,2025-01-31,78.0
other,2025-02-01,43.0
other,2025-02-02,52.0
other,2025-02-03,127.0
other,2025-02-04,118.0
other,2025-02-05,100.0
other,2025-02-06,89.0
other,2025-02-07,89.0
other,2025-02-08,35.0
other,2025-02-09,49.0
other,2025-02-10,109.0
other,2025-02-11,115.0
other,2025-02-12,82.0
other,2025-02-13,96.0
other,2025-02-14,66.0
other,2025-02-15,47.0
other,2025-02-16,45.0
other,2025-02-17,105.0
other,2025-02-18,100.0
other,2025-02-19,87.0
other,2025-02-20,95.0
other,2025-02-21,50.0
other,2025-02-22,36.0
other,2025-02-23,32.0
other,2025-02-24,113.0
other,2025-02-25,74.0
other,2025-02-26,75.0
other,2025-02-27,57.0
other,2025-02-28,48.0
other,2025-03-01,30.0
other,2025-03-02,30.0
other,2025-03-03,84.0
other,2025-03-04,68.0
other,2025-03-05,70.0
other,2025-03-06,54.0
other,2025-03-07,53.0
other,2025-03-08,17.0
other,2025-03-09,17.0
other,2025-03-10,66.0
other,2025-03-11,62.0
other,2025-03-12,55.0
other,2025-03-13,51.0
other,2025-03-14,42.0
other,2025-03-15,21.0
other,2025-03-16,26.0
other,2025-03-17,55.0
other,2025-03-18,45.0
other,2025-03-19,32.0
other,2025-03-20,39.0
other,2025-03-21,35.0
other,2025-03-22,23.0
other,2025-03-23,21.0
other,2025-03-24,36.0
other,2025-03-25,45.0
other,2025-03-26,37.0
other,2025-03-27,39.0
other,2025-03-28,13.0
other,2025-03-29,8.0
other,2025-03-30,9.0
other,2025-03-31,30.0
other,2025-04-01,45.0
other,2025-04-02,27.0
other,2025-04-03,30.0
other,2025-04-04,24.0
other,2025-04-05,15.0
other,2025-04-06,14.0
other,2025-04-07,34.0
other,2025-04-08,32.0
other,2025-04-09,22.0
other,2025-04-10,19.0
other,2025-04-11,33.0
other,2025-04-12,8.0
other,2025-04-13,16.0
other,2025-04-14,21.0
other,2025-04-15,25.0
other,2025-04-16,24.0
other,2025-04-17,18.0
other,2025-04-18,9.0
other,2025-04-19,14.0
other,2025-04-20,15.0
other,2025-04-21,14.0
other,2025-04-22,24.0
other,2025-04-23,15.0
other,2025-04-24,18.0
other,2025-04-25,6.0
other,2025-04-26,3.0
other,2025-04-27,6.0
other,2025-04-28,11.0
other,2025-04-29,113.0
other,2025-04-30,12.0
other,2025-05-01,4.0
other,2025-05-02,15.0
other,2025-05-03,4.0
other,2025-05-04,10.0
other,2025-05-05,10.0
other,2025-05-06,21.0
other,2025-05-07,16.0
other,2025-05-08,23.0
other,2025-05-09,5.0
other,2025-05-10,4.0
other,2025-05-11,3.0
other,2025-05-12,22.0
other,2025-05-13,16.0
other,2025-05-14,8.0
other,2025-05-15,12.0
other,2025-05-16,11.0
other,2025-05-17,10.0
other,2025-05-18,9.0
other,2025-05-19,23.0
other,2025-05-20,10.0
other,2025-05-21,10.0
other,2025-05-22,9.0
other,2025-05-23,6.0
other,2025-05-24,1.0
other,2025-05-26,11.0
other,2025-05-27,4.0
other,2025-05-28,11.0
other,2025-05-29,9.0
other,2025-05-30,6.0
other,2025-05-31,4.0
other,2025-06-01,6.0
other,2025-06-02,20.0
other,2025-06-03,14.0
other,2025-06-04,8.0
other,2025-06-05,9.0
other,2025-06-06,10.0
other,2025-06-07,4.0
other,2025-06-08,5.0
other,2025-06-09,11.0
other,2025-06-10,7.0
other,2025-06-11,11.0
other,2025-06-12,3.0
other,2025-06-13,9.0
other,2025-06-14,1.0
other,2025-06-16,6.0
other,2025-06-18,2.0
other,2025-06-19,6.0
other,2025-06-20,8.0
other,2025-06-21,6.0
other,2025-06-22,1.0
other,2025-06-23,4.0
other,2025-06-24,4.0
other,2025-06-25,2.0
other,2025-06-26,6.0
other,2025-06-27,5.0
other,2025-06-30,6.0
other,2025-07-01,9.0
other,2025-07-03,2.0
other,2025-07-04,6.0
other,2025-07-05,2.0
other,2025-07-06,3.0
other,2025-07-07,2.0
other,2025-07-08,1.0
other,2025-07-16,1.0
other,2025-07-17,2.0
other,2025-07-18,6.0
other,2025-07-20,1.0
other,2025-07-21,3.0
other,2025-07-24,1.0
other,2025-07-29,1.0
other,2025-07-31,1.0
