variant,date,sequences
A/Bangkok/P176/2025_H1N1,2024-05-31,0.5
A/Bangkok/P176/2025_H1N1,2024-06-01,0.5
A/Bangkok/P176/2025_H1N1,2024-06-18,0.5
A/Bangkok/P176/2025_H1N1,2024-06-23,0.5
A/Bangkok/P176/2025_H1N1,2024-06-25,0.5
A/Bangkok/P176/2025_H1N1,2024-07-18,1.0
A/Bangkok/P176/2025_H1N1,2024-09-09,1.0
A/Bangkok/P176/2025_H1N1,2024-09-21,1.0
A/Bangkok/P176/2025_H1N1,2024-09-23,2.0
A/Bangkok/P176/2025_H1N1,2024-10-02,1.0
A/Bangkok/P176/2025_H1N1,2024-10-04,1.0
A/Bangkok/P176/2025_H1N1,2024-10-06,1.0
A/Bangkok/P176/2025_H1N1,2024-10-07,1.0
A/Bangkok/P176/2025_H1N1,2024-10-09,3.0
A/Bangkok/P176/2025_H1N1,2024-10-14,1.0
A/Bangkok/P176/2025_H1N1,2024-10-16,1.0
A/Bangkok/P176/2025_H1N1,2024-10-17,1.0
A/Bangkok/P176/2025_H1N1,2024-10-19,3.0
A/Bangkok/P176/2025_H1N1,2024-10-20,2.0
A/Bangkok/P176/2025_H1N1,2024-10-21,3.0
A/Bangkok/P176/2025_H1N1,2024-10-22,5.0
A/Bangkok/P176/2025_H1N1,2024-10-23,2.0
A/Bangkok/P176/2025_H1N1,2024-10-24,2.0
A/Bangkok/P176/2025_H1N1,2024-10-27,1.0
A/Bangkok/P176/2025_H1N1,2024-10-28,9.0
A/Bangkok/P176/2025_H1N1,2024-10-29,1.0
A/Bangkok/P176/2025_H1N1,2024-10-30,2.0
A/Bangkok/P176/2025_H1N1,2024-11-01,2.0
A/Bangkok/P176/2025_H1N1,2024-11-04,1.0
A/Bangkok/P176/2025_H1N1,2024-11-08,1.0
A/Bangkok/P176/2025_H1N1,2024-11-13,1.0
A/Bangkok/P176/2025_H1N1,2024-11-14,1.0
A/Bangkok/P176/2025_H1N1,2024-11-15,1.0
A/Bangkok/P176/2025_H1N1,2024-11-17,1.0
A/Bangkok/P176/2025_H1N1,2024-11-18,2.0
A/Bangkok/P176/2025_H1N1,2024-11-19,1.0
A/Bangkok/P176/2025_H1N1,2024-11-20,1.0
A/Bangkok/P176/2025_H1N1,2024-11-21,4.0
A/Bangkok/P176/2025_H1N1,2024-11-25,3.0
A/Bangkok/P176/2025_H1N1,2024-11-26,1.0
A/Bangkok/P176/2025_H1N1,2024-11-27,1.0
A/Bangkok/P176/2025_H1N1,2024-12-01,2.0
A/Bangkok/P176/2025_H1N1,2024-12-02,3.0
A/Bangkok/P176/2025_H1N1,2024-12-03,1.0
A/Bangkok/P176/2025_H1N1,2024-12-05,1.0
A/Bangkok/P176/2025_H1N1,2024-12-09,1.0
A/Bangkok/P176/2025_H1N1,2024-12-10,1.0
A/Bangkok/P176/2025_H1N1,2024-12-12,1.0
A/Bangkok/P176/2025_H1N1,2024-12-16,1.0
A/Bangkok/P176/2025_H1N1,2024-12-18,1.0
A/Bangkok/P176/2025_H1N1,2024-12-19,1.0
A/Bangkok/P176/2025_H1N1,2024-12-21,1.0
A/Bangkok/P176/2025_H1N1,2024-12-27,3.0
A/Bangkok/P176/2025_H1N1,2024-12-28,1.0
A/Bangkok/P176/2025_H1N1,2024-12-29,1.0
A/Bangkok/P176/2025_H1N1,2024-12-30,2.0
A/Bangkok/P176/2025_H1N1,2024-12-31,1.0
A/Bangkok/P176/2025_H1N1,2025-01-03,3.0
A/Bangkok/P176/2025_H1N1,2025-01-05,1.0
A/Bangkok/P176/2025_H1N1,2025-01-06,4.0
A/Bangkok/P176/2025_H1N1,2025-01-07,1.0
A/Bangkok/P176/2025_H1N1,2025-01-08,1.0
A/Bangkok/P176/2025_H1N1,2025-01-09,1.0
A/Bangkok/P176/2025_H1N1,2025-01-13,4.0
A/Bangkok/P176/2025_H1N1,2025-01-14,1.0
A/Bangkok/P176/2025_H1N1,2025-01-15,2.0
A/Bangkok/P176/2025_H1N1,2025-01-16,2.0
A/Bangkok/P176/2025_H1N1,2025-01-19,1.0
A/Bangkok/P176/2025_H1N1,2025-01-20,7.0
A/Bangkok/P176/2025_H1N1,2025-01-21,2.0
A/Bangkok/P176/2025_H1N1,2025-01-22,1.0
A/Bangkok/P176/2025_H1N1,2025-01-23,1.0
A/Bangkok/P176/2025_H1N1,2025-01-25,1.0
A/Bangkok/P176/2025_H1N1,2025-01-26,1.0
A/Bangkok/P176/2025_H1N1,2025-01-27,1.0
A/Bangkok/P176/2025_H1N1,2025-01-28,3.0
A/Bangkok/P176/2025_H1N1,2025-01-29,1.0
A/Bangkok/P176/2025_H1N1,2025-01-30,1.0
A/Bangkok/P176/2025_H1N1,2025-02-01,1.0
A/Bangkok/P176/2025_H1N1,2025-02-03,1.0
A/Bangkok/P176/2025_H1N1,2025-02-04,1.0
A/Bangkok/P176/2025_H1N1,2025-02-05,2.0
A/Bangkok/P176/2025_H1N1,2025-02-06,2.0
A/Bangkok/P176/2025_H1N1,2025-02-10,6.0
A/Bangkok/P176/2025_H1N1,2025-02-11,2.0
A/Bangkok/P176/2025_H1N1,2025-02-13,1.0
A/Bangkok/P176/2025_H1N1,2025-02-14,1.0
A/Bangkok/P176/2025_H1N1,2025-02-16,1.0
A/Bangkok/P176/2025_H1N1,2025-02-18,1.0
A/Bangkok/P176/2025_H1N1,2025-03-02,1.0
A/Bangkok/P176/2025_H1N1,2025-03-06,1.0
A/Bangkok/P176/2025_H1N1,2025-03-07,1.0
A/Bangkok/P176/2025_H1N1,2025-03-10,2.0
A/Bangkok/P176/2025_H1N1,2025-03-17,1.0
A/Bangkok/P176/2025_H1N1,2025-06-16,1.0
A/Bangkok/P176/2025_H1N1,2025-06-26,1.0
A/Busan/277/2025_H1N1,2024-06-19,0.5
A/Busan/277/2025_H1N1,2024-07-15,0.5
A/Busan/277/2025_H1N1,2024-11-23,1.0
A/Busan/277/2025_H1N1,2024-12-10,1.0
A/Busan/277/2025_H1N1,2024-12-14,1.0
A/Busan/277/2025_H1N1,2024-12-20,1.0
A/Busan/277/2025_H1N1,2024-12-23,1.0
A/Busan/277/2025_H1N1,2024-12-24,0.5
A/Busan/277/2025_H1N1,2024-12-28,1.0
A/Busan/277/2025_H1N1,2024-12-29,1.0
A/Busan/277/2025_H1N1,2024-12-30,1.5
A/Busan/277/2025_H1N1,2025-01-07,1.0
A/Busan/277/2025_H1N1,2025-01-13,3.0
A/Busan/277/2025_H1N1,2025-01-14,2.0
A/Busan/277/2025_H1N1,2025-01-15,1.0
A/Busan/277/2025_H1N1,2025-01-18,1.0
A/Busan/277/2025_H1N1,2025-01-20,1.0
A/Busan/277/2025_H1N1,2025-01-24,1.0
A/Busan/277/2025_H1N1,2025-02-04,1.0
A/Busan/277/2025_H1N1,2025-02-14,1.0
A/Busan/277/2025_H1N1,2025-02-17,2.0
A/Colorado/218/2024_H1N1,2024-05-02,2.0
A/Colorado/218/2024_H1N1,2024-05-05,1.0
A/Colorado/218/2024_H1N1,2024-05-06,1.0
A/Colorado/218/2024_H1N1,2024-05-07,2.0
A/Colorado/218/2024_H1N1,2024-05-14,3.0
A/Colorado/218/2024_H1N1,2024-05-15,1.0
A/Colorado/218/2024_H1N1,2024-05-16,2.0
A/Colorado/218/2024_H1N1,2024-05-17,1.0
A/Colorado/218/2024_H1N1,2024-05-18,4.0
A/Colorado/218/2024_H1N1,2024-05-20,3.0
A/Colorado/218/2024_H1N1,2024-05-21,1.0
A/Colorado/218/2024_H1N1,2024-05-23,1.0
A/Colorado/218/2024_H1N1,2024-05-24,1.0
A/Colorado/218/2024_H1N1,2024-05-27,1.0
A/Colorado/218/2024_H1N1,2024-05-28,1.0
A/Colorado/218/2024_H1N1,2024-06-03,1.0
A/Colorado/218/2024_H1N1,2024-06-07,1.0
A/Colorado/218/2024_H1N1,2024-06-08,1.0
A/Colorado/218/2024_H1N1,2024-06-18,1.0
A/Colorado/218/2024_H1N1,2024-07-03,1.0
A/Colorado/218/2024_H1N1,2024-07-09,1.0
A/Colorado/218/2024_H1N1,2024-07-23,1.0
A/Colorado/218/2024_H1N1,2024-07-25,1.0
A/Colorado/218/2024_H1N1,2024-08-05,1.0
A/Colorado/218/2024_H1N1,2024-08-08,1.0
A/Colorado/218/2024_H1N1,2024-09-02,1.0
A/Colorado/218/2024_H1N1,2024-09-11,2.0
A/Colorado/218/2024_H1N1,2024-09-18,1.0
A/Colorado/218/2024_H1N1,2024-09-19,1.0
A/Colorado/218/2024_H1N1,2024-09-22,1.0
A/Colorado/218/2024_H1N1,2024-09-23,1.0
A/Colorado/218/2024_H1N1,2024-10-11,2.0
A/Colorado/218/2024_H1N1,2024-10-15,1.0
A/Colorado/218/2024_H1N1,2024-10-17,1.0
A/Colorado/218/2024_H1N1,2024-10-21,1.0
A/Colorado/218/2024_H1N1,2024-10-22,2.0
A/Colorado/218/2024_H1N1,2024-10-23,1.0
A/Colorado/218/2024_H1N1,2024-10-24,1.0
A/Colorado/218/2024_H1N1,2024-10-27,1.0
A/Colorado/218/2024_H1N1,2024-10-28,1.0
A/Colorado/218/2024_H1N1,2024-10-30,2.0
A/Colorado/218/2024_H1N1,2024-10-31,1.0
A/Colorado/218/2024_H1N1,2024-11-01,1.0
A/Colorado/218/2024_H1N1,2024-11-04,2.0
A/Colorado/218/2024_H1N1,2024-11-07,1.0
A/Colorado/218/2024_H1N1,2024-11-08,2.0
A/Colorado/218/2024_H1N1,2024-11-09,1.0
A/Colorado/218/2024_H1N1,2024-11-10,2.0
A/Colorado/218/2024_H1N1,2024-11-12,1.0
A/Colorado/218/2024_H1N1,2024-11-13,1.0
A/Colorado/218/2024_H1N1,2024-11-15,1.0
A/Colorado/218/2024_H1N1,2024-11-18,2.0
A/Colorado/218/2024_H1N1,2024-11-19,1.0
A/Colorado/218/2024_H1N1,2024-11-20,2.0
A/Colorado/218/2024_H1N1,2024-11-21,1.0
A/Colorado/218/2024_H1N1,2024-11-22,5.0
A/Colorado/218/2024_H1N1,2024-11-23,1.0
A/Colorado/218/2024_H1N1,2024-11-25,2.0
A/Colorado/218/2024_H1N1,2024-11-26,2.0
A/Colorado/218/2024_H1N1,2024-11-28,2.0
A/Colorado/218/2024_H1N1,2024-11-30,1.0
A/Colorado/218/2024_H1N1,2024-12-02,3.0
A/Colorado/218/2024_H1N1,2024-12-03,2.0
A/Colorado/218/2024_H1N1,2024-12-04,2.0
A/Colorado/218/2024_H1N1,2024-12-05,1.0
A/Colorado/218/2024_H1N1,2024-12-06,2.0
A/Colorado/218/2024_H1N1,2024-12-07,1.0
A/Colorado/218/2024_H1N1,2024-12-08,2.0
A/Colorado/218/2024_H1N1,2024-12-09,1.0
A/Colorado/218/2024_H1N1,2024-12-10,5.0
A/Colorado/218/2024_H1N1,2024-12-11,3.0
A/Colorado/218/2024_H1N1,2024-12-12,2.0
A/Colorado/218/2024_H1N1,2024-12-13,2.0
A/Colorado/218/2024_H1N1,2024-12-14,1.0
A/Colorado/218/2024_H1N1,2024-12-15,2.0
A/Colorado/218/2024_H1N1,2024-12-16,5.0
A/Colorado/218/2024_H1N1,2024-12-17,11.0
A/Colorado/218/2024_H1N1,2024-12-18,14.0
A/Colorado/218/2024_H1N1,2024-12-19,5.0
A/Colorado/218/2024_H1N1,2024-12-20,2.0
A/Colorado/218/2024_H1N1,2024-12-21,3.0
A/Colorado/218/2024_H1N1,2024-12-22,4.0
A/Colorado/218/2024_H1N1,2024-12-23,8.0
A/Colorado/218/2024_H1N1,2024-12-24,4.0
A/Colorado/218/2024_H1N1,2024-12-26,3.0
A/Colorado/218/2024_H1N1,2024-12-27,6.0
A/Colorado/218/2024_H1N1,2024-12-28,12.0
A/Colorado/218/2024_H1N1,2024-12-29,5.0
A/Colorado/218/2024_H1N1,2024-12-30,9.0
A/Colorado/218/2024_H1N1,2024-12-31,10.0
A/Colorado/218/2024_H1N1,2025-01-01,4.0
A/Colorado/218/2024_H1N1,2025-01-02,10.0
A/Colorado/218/2024_H1N1,2025-01-03,4.0
A/Colorado/218/2024_H1N1,2025-01-04,8.0
A/Colorado/218/2024_H1N1,2025-01-05,3.0
A/Colorado/218/2024_H1N1,2025-01-06,5.0
A/Colorado/218/2024_H1N1,2025-01-07,18.0
A/Colorado/218/2024_H1N1,2025-01-08,16.0
A/Colorado/218/2024_H1N1,2025-01-09,13.0
A/Colorado/218/2024_H1N1,2025-01-10,14.0
A/Colorado/218/2024_H1N1,2025-01-11,5.0
A/Colorado/218/2024_H1N1,2025-01-12,4.0
A/Colorado/218/2024_H1N1,2025-01-13,16.0
A/Colorado/218/2024_H1N1,2025-01-14,10.0
A/Colorado/218/2024_H1N1,2025-01-15,9.0
A/Colorado/218/2024_H1N1,2025-01-16,11.0
A/Colorado/218/2024_H1N1,2025-01-17,11.0
A/Colorado/218/2024_H1N1,2025-01-18,7.0
A/Colorado/218/2024_H1N1,2025-01-19,11.0
A/Colorado/218/2024_H1N1,2025-01-20,14.0
A/Colorado/218/2024_H1N1,2025-01-21,25.0
A/Colorado/218/2024_H1N1,2025-01-22,12.0
A/Colorado/218/2024_H1N1,2025-01-23,21.0
A/Colorado/218/2024_H1N1,2025-01-24,21.0
A/Colorado/218/2024_H1N1,2025-01-25,9.0
A/Colorado/218/2024_H1N1,2025-01-26,24.0
A/Colorado/218/2024_H1N1,2025-01-27,26.0
A/Colorado/218/2024_H1N1,2025-01-28,16.0
A/Colorado/218/2024_H1N1,2025-01-29,13.0
A/Colorado/218/2024_H1N1,2025-01-30,23.5
A/Colorado/218/2024_H1N1,2025-01-31,17.0
A/Colorado/218/2024_H1N1,2025-02-01,14.0
A/Colorado/218/2024_H1N1,2025-02-02,15.0
A/Colorado/218/2024_H1N1,2025-02-03,31.0
A/Colorado/218/2024_H1N1,2025-02-04,31.0
A/Colorado/218/2024_H1N1,2025-02-05,22.0
A/Colorado/218/2024_H1N1,2025-02-06,20.0
A/Colorado/218/2024_H1N1,2025-02-07,20.0
A/Colorado/218/2024_H1N1,2025-02-08,13.0
A/Colorado/218/2024_H1N1,2025-02-09,19.5
A/Colorado/218/2024_H1N1,2025-02-10,31.0
A/Colorado/218/2024_H1N1,2025-02-11,31.0
A/Colorado/218/2024_H1N1,2025-02-12,17.0
A/Colorado/218/2024_H1N1,2025-02-13,19.0
A/Colorado/218/2024_H1N1,2025-02-14,19.0
A/Colorado/218/2024_H1N1,2025-02-15,10.0
A/Colorado/218/2024_H1N1,2025-02-16,15.0
A/Colorado/218/2024_H1N1,2025-02-17,30.0
A/Colorado/218/2024_H1N1,2025-02-18,40.0
A/Colorado/218/2024_H1N1,2025-02-19,12.0
A/Colorado/218/2024_H1N1,2025-02-20,20.0
A/Colorado/218/2024_H1N1,2025-02-21,10.0
A/Colorado/218/2024_H1N1,2025-02-22,3.0
A/Colorado/218/2024_H1N1,2025-02-23,15.0
A/Colorado/218/2024_H1N1,2025-02-24,25.0
A/Colorado/218/2024_H1N1,2025-02-25,23.0
A/Colorado/218/2024_H1N1,2025-02-26,20.5
A/Colorado/218/2024_H1N1,2025-02-27,10.0
A/Colorado/218/2024_H1N1,2025-02-28,12.0
A/Colorado/218/2024_H1N1,2025-03-01,3.0
A/Colorado/218/2024_H1N1,2025-03-02,11.0
A/Colorado/218/2024_H1N1,2025-03-03,18.0
A/Colorado/218/2024_H1N1,2025-03-04,5.0
A/Colorado/218/2024_H1N1,2025-03-05,11.0
A/Colorado/218/2024_H1N1,2025-03-06,9.0
A/Colorado/218/2024_H1N1,2025-03-07,12.0
A/Colorado/218/2024_H1N1,2025-03-08,9.0
A/Colorado/218/2024_H1N1,2025-03-09,7.0
A/Colorado/218/2024_H1N1,2025-03-10,18.0
A/Colorado/218/2024_H1N1,2025-03-11,11.0
A/Colorado/218/2024_H1N1,2025-03-12,12.0
A/Colorado/218/2024_H1N1,2025-03-13,5.0
A/Colorado/218/2024_H1N1,2025-03-14,6.0
A/Colorado/218/2024_H1N1,2025-03-15,9.0
A/Colorado/218/2024_H1N1,2025-03-16,7.0
A/Colorado/218/2024_H1N1,2025-03-17,9.0
A/Colorado/218/2024_H1N1,2025-03-18,10.0
A/Colorado/218/2024_H1N1,2025-03-19,13.0
A/Colorado/218/2024_H1N1,2025-03-20,7.0
A/Colorado/218/2024_H1N1,2025-03-21,11.0
A/Colorado/218/2024_H1N1,2025-03-22,5.0
A/Colorado/218/2024_H1N1,2025-03-23,7.0
A/Colorado/218/2024_H1N1,2025-03-24,9.0
A/Colorado/218/2024_H1N1,2025-03-25,13.5
A/Colorado/218/2024_H1N1,2025-03-26,4.0
A/Colorado/218/2024_H1N1,2025-03-27,11.0
A/Colorado/218/2024_H1N1,2025-03-28,7.0
A/Colorado/218/2024_H1N1,2025-03-29,5.0
A/Colorado/218/2024_H1N1,2025-03-30,6.0
A/Colorado/218/2024_H1N1,2025-03-31,9.0
A/Colorado/218/2024_H1N1,2025-04-01,6.0
A/Colorado/218/2024_H1N1,2025-04-02,12.0
A/Colorado/218/2024_H1N1,2025-04-03,6.0
A/Colorado/218/2024_H1N1,2025-04-04,6.0
A/Colorado/218/2024_H1N1,2025-04-05,2.0
A/Colorado/218/2024_H1N1,2025-04-06,3.0
A/Colorado/218/2024_H1N1,2025-04-07,8.0
A/Colorado/218/2024_H1N1,2025-04-08,8.0
A/Colorado/218/2024_H1N1,2025-04-09,5.0
A/Colorado/218/2024_H1N1,2025-04-10,5.0
A/Colorado/218/2024_H1N1,2025-04-11,6.0
A/Colorado/218/2024_H1N1,2025-04-12,1.0
A/Colorado/218/2024_H1N1,2025-04-13,3.0
A/Colorado/218/2024_H1N1,2025-04-14,5.0
A/Colorado/218/2024_H1N1,2025-04-15,3.0
A/Colorado/218/2024_H1N1,2025-04-16,2.0
A/Colorado/218/2024_H1N1,2025-04-17,3.0
A/Colorado/218/2024_H1N1,2025-04-18,2.0
A/Colorado/218/2024_H1N1,2025-04-19,2.0
A/Colorado/218/2024_H1N1,2025-04-20,1.0
A/Colorado/218/2024_H1N1,2025-04-21,6.0
A/Colorado/218/2024_H1N1,2025-04-22,3.0
A/Colorado/218/2024_H1N1,2025-04-23,1.0
A/Colorado/218/2024_H1N1,2025-04-24,7.0
A/Colorado/218/2024_H1N1,2025-04-25,3.0
A/Colorado/218/2024_H1N1,2025-04-26,2.0
A/Colorado/218/2024_H1N1,2025-04-27,4.0
A/Colorado/218/2024_H1N1,2025-04-28,4.0
A/Colorado/218/2024_H1N1,2025-04-29,4.0
A/Colorado/218/2024_H1N1,2025-04-30,4.0
A/Colorado/218/2024_H1N1,2025-05-01,3.0
A/Colorado/218/2024_H1N1,2025-05-02,4.0
A/Colorado/218/2024_H1N1,2025-05-03,3.0
A/Colorado/218/2024_H1N1,2025-05-04,3.0
A/Colorado/218/2024_H1N1,2025-05-05,1.0
A/Colorado/218/2024_H1N1,2025-05-06,4.0
A/Colorado/218/2024_H1N1,2025-05-07,3.5
A/Colorado/218/2024_H1N1,2025-05-08,1.0
A/Colorado/218/2024_H1N1,2025-05-10,1.0
A/Colorado/218/2024_H1N1,2025-05-12,6.0
A/Colorado/218/2024_H1N1,2025-05-13,3.0
A/Colorado/218/2024_H1N1,2025-05-14,2.0
A/Colorado/218/2024_H1N1,2025-05-15,3.0
A/Colorado/218/2024_H1N1,2025-05-16,1.0
A/Colorado/218/2024_H1N1,2025-05-18,3.0
A/Colorado/218/2024_H1N1,2025-05-19,1.0
A/Colorado/218/2024_H1N1,2025-05-20,3.0
A/Colorado/218/2024_H1N1,2025-05-23,1.0
A/Colorado/218/2024_H1N1,2025-05-25,2.0
A/Colorado/218/2024_H1N1,2025-05-26,2.0
A/Colorado/218/2024_H1N1,2025-05-27,2.0
A/Colorado/218/2024_H1N1,2025-05-28,0.5
A/Colorado/218/2024_H1N1,2025-05-29,3.5
A/Colorado/218/2024_H1N1,2025-05-30,1.0
A/Colorado/218/2024_H1N1,2025-05-31,1.0
A/Colorado/218/2024_H1N1,2025-06-02,2.0
A/Colorado/218/2024_H1N1,2025-06-03,2.0
A/Colorado/218/2024_H1N1,2025-06-04,0.5
A/Colorado/218/2024_H1N1,2025-06-05,2.0
A/Colorado/218/2024_H1N1,2025-06-06,3.0
A/Colorado/218/2024_H1N1,2025-06-08,1.0
A/Colorado/218/2024_H1N1,2025-06-09,1.0
A/Colorado/218/2024_H1N1,2025-06-11,2.0
A/Colorado/218/2024_H1N1,2025-06-12,1.0
A/Colorado/218/2024_H1N1,2025-06-13,1.0
A/Colorado/218/2024_H1N1,2025-06-15,1.0
A/Colorado/218/2024_H1N1,2025-06-16,2.5
A/Colorado/218/2024_H1N1,2025-06-17,1.0
A/Colorado/218/2024_H1N1,2025-06-20,1.0
A/Colorado/218/2024_H1N1,2025-06-23,2.0
A/Colorado/218/2024_H1N1,2025-06-26,1.0
A/Colorado/218/2024_H1N1,2025-06-28,1.0
A/Colorado/218/2024_H1N1,2025-07-01,1.0
A/Colorado/218/2024_H1N1,2025-07-09,1.0
A/Colorado/218/2024_H1N1,2025-07-10,1.0
A/Colorado/218/2024_H1N1,2025-07-13,1.0
A/Colorado/218/2024_H1N1,2025-07-29,1.0
A/Hawaii/ISC-1140/2025_H1N1,2024-05-10,0.5
A/Hawaii/ISC-1140/2025_H1N1,2024-05-12,0.5
A/Hawaii/ISC-1140/2025_H1N1,2024-05-15,0.5
A/Hawaii/ISC-1140/2025_H1N1,2024-05-16,0.5
A/Hawaii/ISC-1140/2025_H1N1,2024-05-20,0.5
A/Hawaii/ISC-1140/2025_H1N1,2024-05-28,1.0
A/Hawaii/ISC-1140/2025_H1N1,2024-08-11,1.0
A/Hawaii/ISC-1140/2025_H1N1,2025-01-13,0.5
A/Hawaii/ISC-1140/2025_H1N1,2025-01-30,0.5
A/Hawaii/ISC-1140/2025_H1N1,2025-01-31,1.0
A/Hawaii/ISC-1140/2025_H1N1,2025-02-01,1.0
A/Hawaii/ISC-1140/2025_H1N1,2025-02-09,1.5
A/Hawaii/ISC-1140/2025_H1N1,2025-02-16,1.0
A/Hawaii/ISC-1140/2025_H1N1,2025-02-17,1.0
A/Hawaii/ISC-1140/2025_H1N1,2025-02-18,1.0
A/Hawaii/ISC-1140/2025_H1N1,2025-02-23,1.0
A/Hawaii/ISC-1140/2025_H1N1,2025-02-25,1.0
A/Hawaii/ISC-1140/2025_H1N1,2025-02-26,1.5
A/Hawaii/ISC-1140/2025_H1N1,2025-03-01,1.0
A/Hawaii/ISC-1140/2025_H1N1,2025-03-02,1.0
A/Hawaii/ISC-1140/2025_H1N1,2025-03-04,3.0
A/Hawaii/ISC-1140/2025_H1N1,2025-03-05,3.0
A/Hawaii/ISC-1140/2025_H1N1,2025-03-08,1.0
A/Hawaii/ISC-1140/2025_H1N1,2025-03-09,1.0
A/Hawaii/ISC-1140/2025_H1N1,2025-03-11,3.0
A/Hawaii/ISC-1140/2025_H1N1,2025-03-13,3.0
A/Hawaii/ISC-1140/2025_H1N1,2025-03-14,1.0
A/Hawaii/ISC-1140/2025_H1N1,2025-03-17,1.0
A/Hawaii/ISC-1140/2025_H1N1,2025-03-18,2.0
A/Hawaii/ISC-1140/2025_H1N1,2025-03-20,1.0
A/Hawaii/ISC-1140/2025_H1N1,2025-03-21,1.0
A/Hawaii/ISC-1140/2025_H1N1,2025-03-22,1.0
A/Hawaii/ISC-1140/2025_H1N1,2025-03-27,2.0
A/Hawaii/ISC-1140/2025_H1N1,2025-03-28,1.0
A/Hawaii/ISC-1140/2025_H1N1,2025-03-30,1.0
A/Hawaii/ISC-1140/2025_H1N1,2025-03-31,1.0
A/Hawaii/ISC-1140/2025_H1N1,2025-04-01,1.0
A/Hawaii/ISC-1140/2025_H1N1,2025-04-04,2.0
A/Hawaii/ISC-1140/2025_H1N1,2025-04-05,1.0
A/Hawaii/ISC-1140/2025_H1N1,2025-04-09,1.0
A/Hawaii/ISC-1140/2025_H1N1,2025-04-11,1.0
A/Hawaii/ISC-1140/2025_H1N1,2025-04-12,1.0
A/Hawaii/ISC-1140/2025_H1N1,2025-04-14,1.0
A/Hawaii/ISC-1140/2025_H1N1,2025-04-16,1.0
A/Hawaii/ISC-1140/2025_H1N1,2025-04-20,2.0
A/Hawaii/ISC-1140/2025_H1N1,2025-04-22,1.0
A/Hawaii/ISC-1140/2025_H1N1,2025-04-23,2.0
A/Hawaii/ISC-1140/2025_H1N1,2025-04-27,1.0
A/Hawaii/ISC-1140/2025_H1N1,2025-04-28,3.0
A/Hawaii/ISC-1140/2025_H1N1,2025-04-29,1.0
A/Hawaii/ISC-1140/2025_H1N1,2025-04-30,1.0
A/Hawaii/ISC-1140/2025_H1N1,2025-05-04,1.0
A/Hawaii/ISC-1140/2025_H1N1,2025-05-05,1.0
A/Hawaii/ISC-1140/2025_H1N1,2025-05-06,1.0
A/Hawaii/ISC-1140/2025_H1N1,2025-05-07,0.5
A/Hawaii/ISC-1140/2025_H1N1,2025-05-08,1.0
A/Hawaii/ISC-1140/2025_H1N1,2025-05-10,1.0
A/Hawaii/ISC-1140/2025_H1N1,2025-05-12,1.0
A/Hawaii/ISC-1140/2025_H1N1,2025-05-14,1.0
A/Hawaii/ISC-1140/2025_H1N1,2025-05-15,1.5
A/Hawaii/ISC-1140/2025_H1N1,2025-05-19,1.0
A/Hawaii/ISC-1140/2025_H1N1,2025-05-21,1.0
A/Hawaii/ISC-1140/2025_H1N1,2025-05-24,2.0
A/Hawaii/ISC-1140/2025_H1N1,2025-05-25,1.0
A/Hawaii/ISC-1140/2025_H1N1,2025-05-26,5.0
A/Hawaii/ISC-1140/2025_H1N1,2025-05-28,3.5
A/Hawaii/ISC-1140/2025_H1N1,2025-05-29,2.5
A/Hawaii/ISC-1140/2025_H1N1,2025-05-30,2.0
A/Hawaii/ISC-1140/2025_H1N1,2025-06-01,1.0
A/Hawaii/ISC-1140/2025_H1N1,2025-06-02,2.0
A/Hawaii/ISC-1140/2025_H1N1,2025-06-03,3.0
A/Hawaii/ISC-1140/2025_H1N1,2025-06-04,0.5
A/Hawaii/ISC-1140/2025_H1N1,2025-06-05,2.0
A/Hawaii/ISC-1140/2025_H1N1,2025-06-06,2.0
A/Hawaii/ISC-1140/2025_H1N1,2025-06-07,1.0
A/Hawaii/ISC-1140/2025_H1N1,2025-06-09,1.0
A/Hawaii/ISC-1140/2025_H1N1,2025-06-10,3.0
A/Hawaii/ISC-1140/2025_H1N1,2025-06-12,1.0
A/Hawaii/ISC-1140/2025_H1N1,2025-06-13,3.0
A/Hawaii/ISC-1140/2025_H1N1,2025-06-14,2.0
A/Hawaii/ISC-1140/2025_H1N1,2025-06-15,1.0
A/Hawaii/ISC-1140/2025_H1N1,2025-06-16,2.5
A/Hawaii/ISC-1140/2025_H1N1,2025-06-17,1.0
A/Hawaii/ISC-1140/2025_H1N1,2025-06-18,1.0
A/Hawaii/ISC-1140/2025_H1N1,2025-06-19,2.0
A/Hawaii/ISC-1140/2025_H1N1,2025-06-20,10.0
A/Hawaii/ISC-1140/2025_H1N1,2025-06-22,1.0
A/Hawaii/ISC-1140/2025_H1N1,2025-06-23,7.0
A/Hawaii/ISC-1140/2025_H1N1,2025-06-25,4.0
A/Hawaii/ISC-1140/2025_H1N1,2025-06-26,4.0
A/Hawaii/ISC-1140/2025_H1N1,2025-06-27,5.0
A/Hawaii/ISC-1140/2025_H1N1,2025-06-28,1.0
A/Hawaii/ISC-1140/2025_H1N1,2025-06-30,2.0
A/Hawaii/ISC-1140/2025_H1N1,2025-07-01,3.0
A/Hawaii/ISC-1140/2025_H1N1,2025-07-05,0.5
A/Hawaii/ISC-1140/2025_H1N1,2025-07-07,1.0
A/Hawaii/ISC-1140/2025_H1N1,2025-07-08,1.0
A/Hawaii/ISC-1140/2025_H1N1,2025-07-10,1.0
A/Hawaii/ISC-1140/2025_H1N1,2025-07-15,1.0
A/Hawaii/ISC-1140/2025_H1N1,2025-07-26,1.0
A/Hawaii/ISC-1140/2025_H1N1,2025-07-29,1.0
A/Illinois/65/2024_H1N1,2024-05-02,0.5
A/Illinois/65/2024_H1N1,2024-05-04,0.5
A/Illinois/65/2024_H1N1,2024-05-13,0.5
A/Illinois/65/2024_H1N1,2024-05-27,0.5
A/Illinois/65/2024_H1N1,2024-06-11,0.5
A/Illinois/65/2024_H1N1,2024-06-16,0.5
A/Illinois/65/2024_H1N1,2024-06-26,1.0
A/Illinois/65/2024_H1N1,2024-06-28,1.0
A/Illinois/65/2024_H1N1,2024-06-30,1.0
A/Illinois/65/2024_H1N1,2024-07-01,1.0
A/Illinois/65/2024_H1N1,2024-08-06,1.0
A/Illinois/65/2024_H1N1,2024-08-12,1.0
A/Illinois/65/2024_H1N1,2024-08-13,1.0
A/Illinois/65/2024_H1N1,2024-08-14,0.5
A/Illinois/65/2024_H1N1,2024-08-15,1.0
A/Illinois/65/2024_H1N1,2024-08-26,1.0
A/Illinois/65/2024_H1N1,2024-08-27,1.0
A/Illinois/65/2024_H1N1,2024-09-10,1.0
A/Illinois/65/2024_H1N1,2024-09-19,0.5
A/Illinois/65/2024_H1N1,2024-09-25,1.0
A/Illinois/65/2024_H1N1,2024-10-01,0.5
A/Illinois/65/2024_H1N1,2024-10-05,1.0
A/Illinois/65/2024_H1N1,2024-10-07,1.0
A/Illinois/65/2024_H1N1,2024-10-09,1.0
A/Illinois/65/2024_H1N1,2024-10-16,2.0
A/Illinois/65/2024_H1N1,2024-10-22,1.0
A/Illinois/65/2024_H1N1,2024-10-23,1.0
A/Illinois/65/2024_H1N1,2024-10-29,3.0
A/Illinois/65/2024_H1N1,2024-11-04,1.0
A/Illinois/65/2024_H1N1,2024-11-10,1.0
A/Illinois/65/2024_H1N1,2024-11-11,1.0
A/Illinois/65/2024_H1N1,2024-11-14,3.0
A/Illinois/65/2024_H1N1,2024-11-16,1.0
A/Illinois/65/2024_H1N1,2024-11-18,1.0
A/Illinois/65/2024_H1N1,2024-11-20,1.0
A/Illinois/65/2024_H1N1,2024-11-21,1.0
A/Illinois/65/2024_H1N1,2024-11-23,1.0
A/Illinois/65/2024_H1N1,2024-11-25,1.0
A/Illinois/65/2024_H1N1,2024-11-28,0.5
A/Illinois/65/2024_H1N1,2024-12-02,1.0
A/Illinois/65/2024_H1N1,2024-12-04,1.0
A/Illinois/65/2024_H1N1,2024-12-06,1.0
A/Illinois/65/2024_H1N1,2024-12-08,1.0
A/Illinois/65/2024_H1N1,2024-12-09,1.5
A/Illinois/65/2024_H1N1,2024-12-13,1.0
A/Illinois/65/2024_H1N1,2024-12-16,1.0
A/Illinois/65/2024_H1N1,2024-12-18,1.0
A/Illinois/65/2024_H1N1,2024-12-19,1.0
A/Illinois/65/2024_H1N1,2024-12-20,2.0
A/Illinois/65/2024_H1N1,2024-12-25,0.5
A/Illinois/65/2024_H1N1,2024-12-29,0.5
A/Illinois/65/2024_H1N1,2024-12-31,1.0
A/Illinois/65/2024_H1N1,2025-01-01,1.0
A/Illinois/65/2024_H1N1,2025-01-02,1.0
A/Illinois/65/2024_H1N1,2025-01-03,2.0
A/Illinois/65/2024_H1N1,2025-01-04,2.0
A/Illinois/65/2024_H1N1,2025-01-06,2.0
A/Illinois/65/2024_H1N1,2025-01-07,1.0
A/Illinois/65/2024_H1N1,2025-01-08,1.5
A/Illinois/65/2024_H1N1,2025-01-10,1.0
A/Illinois/65/2024_H1N1,2025-01-12,2.0
A/Illinois/65/2024_H1N1,2025-01-14,2.0
A/Illinois/65/2024_H1N1,2025-01-17,1.0
A/Illinois/65/2024_H1N1,2025-01-18,1.0
A/Illinois/65/2024_H1N1,2025-01-23,3.0
A/Illinois/65/2024_H1N1,2025-01-25,1.0
A/Illinois/65/2024_H1N1,2025-01-27,1.0
A/Illinois/65/2024_H1N1,2025-01-31,2.0
A/Illinois/65/2024_H1N1,2025-02-03,2.0
A/Illinois/65/2024_H1N1,2025-02-05,3.0
A/Illinois/65/2024_H1N1,2025-02-06,1.0
A/Illinois/65/2024_H1N1,2025-02-07,1.5
A/Illinois/65/2024_H1N1,2025-02-10,1.0
A/Illinois/65/2024_H1N1,2025-02-11,3.0
A/Illinois/65/2024_H1N1,2025-02-14,1.0
A/Illinois/65/2024_H1N1,2025-02-18,1.0
A/Illinois/65/2024_H1N1,2025-02-19,1.0
A/Illinois/65/2024_H1N1,2025-02-23,1.0
A/Illinois/65/2024_H1N1,2025-02-24,2.0
A/Illinois/65/2024_H1N1,2025-02-28,1.0
A/Illinois/65/2024_H1N1,2025-03-06,1.0
A/Illinois/65/2024_H1N1,2025-03-11,1.0
A/Illinois/65/2024_H1N1,2025-03-19,2.0
A/Illinois/65/2024_H1N1,2025-03-26,1.0
A/Illinois/65/2024_H1N1,2025-03-31,1.0
A/Illinois/65/2024_H1N1,2025-04-29,1.0
A/Illinois/65/2024_H1N1,2025-05-20,1.0
A/Iowa/123/2024_H1N1,2024-05-29,1.0
A/Iowa/123/2024_H1N1,2024-06-12,1.0
A/Iowa/123/2024_H1N1,2024-07-04,1.0
A/Iowa/123/2024_H1N1,2024-07-10,0.5
A/Iowa/123/2024_H1N1,2024-07-11,3.0
A/Iowa/123/2024_H1N1,2024-07-18,1.0
A/Iowa/123/2024_H1N1,2024-07-25,0.5
A/Iowa/123/2024_H1N1,2024-08-01,0.5
A/Iowa/123/2024_H1N1,2024-08-03,1.0
A/Iowa/123/2024_H1N1,2024-08-05,1.0
A/Iowa/123/2024_H1N1,2024-08-06,1.5
A/Iowa/123/2024_H1N1,2024-08-07,2.0
A/Iowa/123/2024_H1N1,2024-08-10,1.0
A/Iowa/123/2024_H1N1,2024-08-11,2.0
A/Iowa/123/2024_H1N1,2024-08-12,1.5
A/Iowa/123/2024_H1N1,2024-08-13,1.0
A/Iowa/123/2024_H1N1,2024-08-15,1.0
A/Iowa/123/2024_H1N1,2024-08-16,0.5
A/Iowa/123/2024_H1N1,2024-08-24,1.0
A/Iowa/123/2024_H1N1,2024-08-27,3.5
A/Iowa/123/2024_H1N1,2024-08-28,1.0
A/Iowa/123/2024_H1N1,2024-08-31,0.5
A/Iowa/123/2024_H1N1,2024-09-02,3.0
A/Iowa/123/2024_H1N1,2024-09-04,1.5
A/Iowa/123/2024_H1N1,2024-09-06,1.0
A/Iowa/123/2024_H1N1,2024-09-08,1.0
A/Iowa/123/2024_H1N1,2024-09-09,1.0
A/Iowa/123/2024_H1N1,2024-09-10,2.0
A/Iowa/123/2024_H1N1,2024-09-11,3.0
A/Iowa/123/2024_H1N1,2024-09-12,1.0
A/Iowa/123/2024_H1N1,2024-09-16,0.5
A/Iowa/123/2024_H1N1,2024-09-17,3.0
A/Iowa/123/2024_H1N1,2024-09-18,2.5
A/Iowa/123/2024_H1N1,2024-09-19,2.5
A/Iowa/123/2024_H1N1,2024-09-22,1.0
A/Iowa/123/2024_H1N1,2024-09-25,0.5
A/Iowa/123/2024_H1N1,2024-09-26,1.0
A/Iowa/123/2024_H1N1,2024-09-27,2.0
A/Iowa/123/2024_H1N1,2024-10-02,0.5
A/Iowa/123/2024_H1N1,2024-10-04,2.0
A/Iowa/123/2024_H1N1,2024-10-10,1.0
A/Iowa/123/2024_H1N1,2024-10-11,1.0
A/Iowa/123/2024_H1N1,2024-10-13,2.0
A/Iowa/123/2024_H1N1,2024-10-14,2.0
A/Iowa/123/2024_H1N1,2024-10-15,1.0
A/Iowa/123/2024_H1N1,2024-10-17,3.0
A/Iowa/123/2024_H1N1,2024-10-18,1.0
A/Iowa/123/2024_H1N1,2024-10-19,1.0
A/Iowa/123/2024_H1N1,2024-10-20,1.0
A/Iowa/123/2024_H1N1,2024-10-21,2.5
A/Iowa/123/2024_H1N1,2024-10-22,2.0
A/Iowa/123/2024_H1N1,2024-10-24,1.0
A/Iowa/123/2024_H1N1,2024-10-26,1.0
A/Iowa/123/2024_H1N1,2024-10-27,1.0
A/Iowa/123/2024_H1N1,2024-10-28,1.0
A/Iowa/123/2024_H1N1,2024-10-29,3.0
A/Iowa/123/2024_H1N1,2024-10-30,1.0
A/Iowa/123/2024_H1N1,2024-11-01,0.5
A/Iowa/123/2024_H1N1,2024-11-03,1.0
A/Iowa/123/2024_H1N1,2024-11-05,2.5
A/Iowa/123/2024_H1N1,2024-11-06,2.0
A/Iowa/123/2024_H1N1,2024-11-07,3.0
A/Iowa/123/2024_H1N1,2024-11-11,3.0
A/Iowa/123/2024_H1N1,2024-11-12,2.0
A/Iowa/123/2024_H1N1,2024-11-14,1.0
A/Iowa/123/2024_H1N1,2024-11-18,3.0
A/Iowa/123/2024_H1N1,2024-11-21,1.0
A/Iowa/123/2024_H1N1,2024-11-23,2.0
A/Iowa/123/2024_H1N1,2024-11-25,1.0
A/Iowa/123/2024_H1N1,2024-11-26,2.0
A/Iowa/123/2024_H1N1,2024-11-27,3.0
A/Iowa/123/2024_H1N1,2024-11-29,1.0
A/Iowa/123/2024_H1N1,2024-12-01,1.0
A/Iowa/123/2024_H1N1,2024-12-02,0.5
A/Iowa/123/2024_H1N1,2024-12-03,2.5
A/Iowa/123/2024_H1N1,2024-12-04,2.0
A/Iowa/123/2024_H1N1,2024-12-06,2.0
A/Iowa/123/2024_H1N1,2024-12-07,1.0
A/Iowa/123/2024_H1N1,2024-12-10,2.0
A/Iowa/123/2024_H1N1,2024-12-11,1.0
A/Iowa/123/2024_H1N1,2024-12-12,1.0
A/Iowa/123/2024_H1N1,2024-12-13,1.0
A/Iowa/123/2024_H1N1,2024-12-16,5.0
A/Iowa/123/2024_H1N1,2024-12-17,4.0
A/Iowa/123/2024_H1N1,2024-12-18,1.0
A/Iowa/123/2024_H1N1,2024-12-19,1.0
A/Iowa/123/2024_H1N1,2024-12-23,2.0
A/Iowa/123/2024_H1N1,2024-12-25,1.0
A/Iowa/123/2024_H1N1,2024-12-26,1.0
A/Iowa/123/2024_H1N1,2024-12-27,1.0
A/Iowa/123/2024_H1N1,2024-12-28,4.0
A/Iowa/123/2024_H1N1,2024-12-30,2.0
A/Iowa/123/2024_H1N1,2024-12-31,2.0
A/Iowa/123/2024_H1N1,2025-01-02,6.0
A/Iowa/123/2024_H1N1,2025-01-03,3.0
A/Iowa/123/2024_H1N1,2025-01-04,1.0
A/Iowa/123/2024_H1N1,2025-01-05,2.0
A/Iowa/123/2024_H1N1,2025-01-06,6.5
A/Iowa/123/2024_H1N1,2025-01-07,4.0
A/Iowa/123/2024_H1N1,2025-01-08,7.0
A/Iowa/123/2024_H1N1,2025-01-09,3.0
A/Iowa/123/2024_H1N1,2025-01-10,4.0
A/Iowa/123/2024_H1N1,2025-01-11,1.0
A/Iowa/123/2024_H1N1,2025-01-12,1.0
A/Iowa/123/2024_H1N1,2025-01-13,1.0
A/Iowa/123/2024_H1N1,2025-01-14,8.0
A/Iowa/123/2024_H1N1,2025-01-15,7.0
A/Iowa/123/2024_H1N1,2025-01-16,1.5
A/Iowa/123/2024_H1N1,2025-01-17,2.0
A/Iowa/123/2024_H1N1,2025-01-18,2.0
A/Iowa/123/2024_H1N1,2025-01-20,2.0
A/Iowa/123/2024_H1N1,2025-01-21,3.0
A/Iowa/123/2024_H1N1,2025-01-22,3.5
A/Iowa/123/2024_H1N1,2025-01-23,2.0
A/Iowa/123/2024_H1N1,2025-01-26,1.0
A/Iowa/123/2024_H1N1,2025-01-28,1.0
A/Iowa/123/2024_H1N1,2025-01-30,3.0
A/Iowa/123/2024_H1N1,2025-01-31,1.0
A/Iowa/123/2024_H1N1,2025-02-01,1.0
A/Iowa/123/2024_H1N1,2025-02-03,1.0
A/Iowa/123/2024_H1N1,2025-02-05,1.0
A/Iowa/123/2024_H1N1,2025-02-06,1.0
A/Iowa/123/2024_H1N1,2025-02-09,1.0
A/Iowa/123/2024_H1N1,2025-02-10,3.0
A/Iowa/123/2024_H1N1,2025-02-12,1.5
A/Iowa/123/2024_H1N1,2025-02-13,1.0
A/Iowa/123/2024_H1N1,2025-02-18,2.5
A/Iowa/123/2024_H1N1,2025-02-19,2.5
A/Iowa/123/2024_H1N1,2025-02-21,1.0
A/Iowa/123/2024_H1N1,2025-02-25,0.5
A/Iowa/123/2024_H1N1,2025-02-26,2.0
A/Iowa/123/2024_H1N1,2025-02-28,1.0
A/Iowa/123/2024_H1N1,2025-03-04,1.0
A/Iowa/123/2024_H1N1,2025-03-05,1.0
A/Iowa/123/2024_H1N1,2025-03-13,1.0
A/Iowa/123/2024_H1N1,2025-03-14,3.0
A/Iowa/123/2024_H1N1,2025-03-24,1.0
A/Iowa/123/2024_H1N1,2025-03-26,2.0
A/Iowa/123/2024_H1N1,2025-04-08,1.0
A/Iowa/123/2024_H1N1,2025-04-21,2.0
A/Iowa/123/2024_H1N1,2025-04-23,1.0
A/Iowa/123/2024_H1N1,2025-05-20,1.0
A/KANAGAWA/AC2408/2025_H1N1,2024-08-30,2.0
A/KANAGAWA/AC2408/2025_H1N1,2024-09-16,1.0
A/KANAGAWA/AC2408/2025_H1N1,2024-09-25,1.0
A/KANAGAWA/AC2408/2025_H1N1,2024-11-04,1.0
A/KANAGAWA/AC2408/2025_H1N1,2024-11-10,1.0
A/KANAGAWA/AC2408/2025_H1N1,2024-11-14,1.0
A/KANAGAWA/AC2408/2025_H1N1,2024-11-26,1.0
A/KANAGAWA/AC2408/2025_H1N1,2024-12-18,2.0
A/KANAGAWA/AC2408/2025_H1N1,2024-12-21,1.0
A/KANAGAWA/AC2408/2025_H1N1,2024-12-23,1.0
A/KANAGAWA/AC2408/2025_H1N1,2025-01-06,2.0
A/KANAGAWA/AC2408/2025_H1N1,2025-01-16,1.0
A/KANAGAWA/AC2408/2025_H1N1,2025-01-17,2.0
A/KANAGAWA/AC2408/2025_H1N1,2025-01-18,2.0
A/KANAGAWA/AC2408/2025_H1N1,2025-02-21,2.0
A/Lisboa/188/2023_H1N1,2024-04-29,1.0
A/Lisboa/188/2023_H1N1,2024-04-30,1.0
A/Lisboa/188/2023_H1N1,2024-05-02,1.0
A/Lisboa/188/2023_H1N1,2024-05-08,1.0
A/Lisboa/188/2023_H1N1,2024-05-09,3.0
A/Lisboa/188/2023_H1N1,2024-05-10,1.0
A/Lisboa/188/2023_H1N1,2024-05-13,1.0
A/Lisboa/188/2023_H1N1,2024-05-14,1.0
A/Lisboa/188/2023_H1N1,2024-05-17,1.0
A/Lisboa/188/2023_H1N1,2024-05-18,1.0
A/Lisboa/188/2023_H1N1,2024-05-26,1.0
A/Lisboa/188/2023_H1N1,2024-05-29,1.0
A/Lisboa/188/2023_H1N1,2024-06-04,1.0
A/Lisboa/188/2023_H1N1,2024-06-08,1.0
A/Lisboa/188/2023_H1N1,2024-06-17,3.333333333333333
A/Lisboa/188/2023_H1N1,2024-06-18,2.0
A/Lisboa/188/2023_H1N1,2024-06-20,2.0
A/Lisboa/188/2023_H1N1,2024-06-27,1.0
A/Lisboa/188/2023_H1N1,2024-06-30,1.0
A/Lisboa/188/2023_H1N1,2024-07-02,1.0
A/Lisboa/188/2023_H1N1,2024-07-04,1.0
A/Lisboa/188/2023_H1N1,2024-07-05,0.3333333333333333
A/Lisboa/188/2023_H1N1,2024-07-07,1.0
A/Lisboa/188/2023_H1N1,2024-07-08,1.0
A/Lisboa/188/2023_H1N1,2024-07-09,1.0
A/Lisboa/188/2023_H1N1,2024-07-10,1.0
A/Lisboa/188/2023_H1N1,2024-07-11,1.0
A/Lisboa/188/2023_H1N1,2024-07-15,1.0
A/Lisboa/188/2023_H1N1,2024-07-17,1.0
A/Lisboa/188/2023_H1N1,2024-07-18,1.0
A/Lisboa/188/2023_H1N1,2024-07-21,1.0
A/Lisboa/188/2023_H1N1,2024-08-01,1.0
A/Lisboa/188/2023_H1N1,2024-08-14,1.0
A/Lisboa/188/2023_H1N1,2024-09-02,1.0
A/Lisboa/188/2023_H1N1,2024-09-04,1.0
A/Lisboa/188/2023_H1N1,2024-09-10,2.0
A/Lisboa/188/2023_H1N1,2024-09-16,0.3333333333333333
A/Lisboa/188/2023_H1N1,2024-09-17,1.0
A/Lisboa/188/2023_H1N1,2024-10-02,1.5
A/Lisboa/188/2023_H1N1,2024-10-07,1.0
A/Lisboa/188/2023_H1N1,2024-10-14,1.0
A/Lisboa/188/2023_H1N1,2024-10-20,1.0
A/Lisboa/188/2023_H1N1,2024-10-21,2.0
A/Lisboa/188/2023_H1N1,2024-11-02,1.5
A/Lisboa/188/2023_H1N1,2024-11-04,1.5
A/Lisboa/188/2023_H1N1,2024-11-05,0.5
A/Lisboa/188/2023_H1N1,2024-11-06,1.0
A/Lisboa/188/2023_H1N1,2024-11-09,1.0
A/Lisboa/188/2023_H1N1,2024-11-10,0.5
A/Lisboa/188/2023_H1N1,2024-11-13,2.0
A/Lisboa/188/2023_H1N1,2024-11-14,1.0
A/Lisboa/188/2023_H1N1,2024-11-15,2.0
A/Lisboa/188/2023_H1N1,2024-11-16,0.5
A/Lisboa/188/2023_H1N1,2024-11-18,2.5
A/Lisboa/188/2023_H1N1,2024-11-20,0.5
A/Lisboa/188/2023_H1N1,2024-11-21,0.5
A/Lisboa/188/2023_H1N1,2024-11-23,0.5
A/Lisboa/188/2023_H1N1,2024-11-24,1.5
A/Lisboa/188/2023_H1N1,2024-11-25,1.0
A/Lisboa/188/2023_H1N1,2024-11-26,0.5
A/Lisboa/188/2023_H1N1,2024-11-27,2.0
A/Lisboa/188/2023_H1N1,2024-11-28,0.5
A/Lisboa/188/2023_H1N1,2024-12-02,3.0
A/Lisboa/188/2023_H1N1,2024-12-03,1.5
A/Lisboa/188/2023_H1N1,2024-12-04,1.0
A/Lisboa/188/2023_H1N1,2024-12-06,1.5
A/Lisboa/188/2023_H1N1,2024-12-08,0.5
A/Lisboa/188/2023_H1N1,2024-12-09,6.0
A/Lisboa/188/2023_H1N1,2024-12-10,2.5
A/Lisboa/188/2023_H1N1,2024-12-11,0.5
A/Lisboa/188/2023_H1N1,2024-12-12,1.0
A/Lisboa/188/2023_H1N1,2024-12-13,0.5
A/Lisboa/188/2023_H1N1,2024-12-14,0.5
A/Lisboa/188/2023_H1N1,2024-12-15,0.5
A/Lisboa/188/2023_H1N1,2024-12-16,2.5
A/Lisboa/188/2023_H1N1,2024-12-17,1.0
A/Lisboa/188/2023_H1N1,2024-12-18,1.0
A/Lisboa/188/2023_H1N1,2024-12-20,0.8333333333333333
A/Lisboa/188/2023_H1N1,2024-12-21,0.5
A/Lisboa/188/2023_H1N1,2024-12-22,0.5
A/Lisboa/188/2023_H1N1,2024-12-24,0.5
A/Lisboa/188/2023_H1N1,2024-12-26,1.0
A/Lisboa/188/2023_H1N1,2024-12-27,1.5
A/Lisboa/188/2023_H1N1,2024-12-28,2.0
A/Lisboa/188/2023_H1N1,2024-12-29,1.5
A/Lisboa/188/2023_H1N1,2024-12-30,1.0
A/Lisboa/188/2023_H1N1,2024-12-31,1.5
A/Lisboa/188/2023_H1N1,2025-01-01,0.5
A/Lisboa/188/2023_H1N1,2025-01-02,2.5
A/Lisboa/188/2023_H1N1,2025-01-03,1.0
A/Lisboa/188/2023_H1N1,2025-01-04,1.0
A/Lisboa/188/2023_H1N1,2025-01-05,1.0
A/Lisboa/188/2023_H1N1,2025-01-06,1.0
A/Lisboa/188/2023_H1N1,2025-01-07,1.5
A/Lisboa/188/2023_H1N1,2025-01-08,1.5
A/Lisboa/188/2023_H1N1,2025-01-09,2.5
A/Lisboa/188/2023_H1N1,2025-01-11,0.5
A/Lisboa/188/2023_H1N1,2025-01-12,2.0
A/Lisboa/188/2023_H1N1,2025-01-13,1.0
A/Lisboa/188/2023_H1N1,2025-01-14,1.0
A/Lisboa/188/2023_H1N1,2025-01-15,1.0
A/Lisboa/188/2023_H1N1,2025-01-16,2.0
A/Lisboa/188/2023_H1N1,2025-01-17,0.5
A/Lisboa/188/2023_H1N1,2025-01-18,1.0
A/Lisboa/188/2023_H1N1,2025-01-19,0.5
A/Lisboa/188/2023_H1N1,2025-01-20,2.0
A/Lisboa/188/2023_H1N1,2025-01-21,2.0
A/Lisboa/188/2023_H1N1,2025-01-22,0.5
A/Lisboa/188/2023_H1N1,2025-01-23,3.5
A/Lisboa/188/2023_H1N1,2025-01-24,1.5
A/Lisboa/188/2023_H1N1,2025-01-27,1.0
A/Lisboa/188/2023_H1N1,2025-01-28,1.5
A/Lisboa/188/2023_H1N1,2025-01-29,2.0
A/Lisboa/188/2023_H1N1,2025-01-31,0.5
A/Lisboa/188/2023_H1N1,2025-02-02,0.5
A/Lisboa/188/2023_H1N1,2025-02-03,2.0
A/Lisboa/188/2023_H1N1,2025-02-05,2.0
A/Lisboa/188/2023_H1N1,2025-02-07,1.0
A/Lisboa/188/2023_H1N1,2025-02-08,0.5
A/Lisboa/188/2023_H1N1,2025-02-09,1.0
A/Lisboa/188/2023_H1N1,2025-02-10,1.0
A/Lisboa/188/2023_H1N1,2025-02-14,1.0
A/Lisboa/188/2023_H1N1,2025-02-19,1.5
A/Lisboa/188/2023_H1N1,2025-02-21,0.5
A/Lisboa/188/2023_H1N1,2025-02-23,0.5
A/Lisboa/188/2023_H1N1,2025-02-25,1.0
A/Lisboa/188/2023_H1N1,2025-03-03,1.0
A/Lisboa/188/2023_H1N1,2025-03-11,0.5
A/Lisboa/188/2023_H1N1,2025-05-04,0.5
A/Lisboa/188/2023_H1N1,2025-06-30,1.0
A/Madagascar/00003/2025_H1N1,2024-06-10,1.0
A/Madagascar/00003/2025_H1N1,2024-06-17,3.0
A/Madagascar/00003/2025_H1N1,2024-06-18,2.0
A/Madagascar/00003/2025_H1N1,2024-06-19,2.0
A/Madagascar/00003/2025_H1N1,2024-06-20,2.0
A/Madagascar/00003/2025_H1N1,2024-06-23,1.0
A/Madagascar/00003/2025_H1N1,2024-06-24,2.0
A/Madagascar/00003/2025_H1N1,2024-06-27,1.0
A/Madagascar/00003/2025_H1N1,2024-06-28,1.0
A/Madagascar/00003/2025_H1N1,2024-07-03,1.0
A/Madagascar/00003/2025_H1N1,2024-07-04,1.0
A/Madagascar/00003/2025_H1N1,2024-07-09,1.0
A/Madagascar/00003/2025_H1N1,2024-08-13,1.0
A/Madagascar/00003/2025_H1N1,2024-08-16,1.0
A/Madagascar/00003/2025_H1N1,2024-08-26,1.0
A/Madagascar/00003/2025_H1N1,2024-09-03,1.0
A/Madagascar/00003/2025_H1N1,2024-09-09,2.0
A/Madagascar/00003/2025_H1N1,2024-09-11,1.0
A/Madagascar/00003/2025_H1N1,2024-09-27,1.0
A/Madagascar/00003/2025_H1N1,2024-12-24,1.0
A/Maldives/2132/2024_H1N1,2024-08-19,0.3333333333333333
A/Maldives/2132/2024_H1N1,2024-09-04,0.3333333333333333
A/Maldives/2132/2024_H1N1,2024-09-07,0.3333333333333333
A/Maldives/2132/2024_H1N1,2024-09-23,0.3333333333333333
A/Maldives/2132/2024_H1N1,2024-10-03,0.3333333333333333
A/Maldives/2132/2024_H1N1,2024-10-08,0.6666666666666666
A/Maldives/2132/2024_H1N1,2024-10-14,2.0
A/Maldives/2132/2024_H1N1,2024-10-18,0.6666666666666666
A/Maldives/2132/2024_H1N1,2024-10-23,0.3333333333333333
A/Maldives/2132/2024_H1N1,2024-10-24,1.0
A/Maldives/2132/2024_H1N1,2024-10-30,0.3333333333333333
A/Maldives/2132/2024_H1N1,2024-11-03,0.3333333333333333
A/Maldives/2132/2024_H1N1,2024-11-06,0.3333333333333333
A/Maldives/2132/2024_H1N1,2024-11-07,1.0
A/Maldives/2132/2024_H1N1,2024-11-09,0.3333333333333333
A/Maldives/2132/2024_H1N1,2024-11-11,1.0
A/Maldives/2132/2024_H1N1,2024-11-13,2.333333333333333
A/Maldives/2132/2024_H1N1,2024-11-14,0.3333333333333333
A/Maldives/2132/2024_H1N1,2024-11-18,0.3333333333333333
A/Maldives/2132/2024_H1N1,2024-11-21,0.3333333333333333
A/Maldives/2132/2024_H1N1,2024-11-25,1.6666666666666665
A/Maldives/2132/2024_H1N1,2024-11-26,0.5
A/Maldives/2132/2024_H1N1,2024-11-27,2.3333333333333335
A/Maldives/2132/2024_H1N1,2024-11-28,1.3333333333333333
A/Maldives/2132/2024_H1N1,2024-11-29,1.3333333333333333
A/Maldives/2132/2024_H1N1,2024-11-30,1.6666666666666665
A/Maldives/2132/2024_H1N1,2024-12-01,1.0
A/Maldives/2132/2024_H1N1,2024-12-02,1.6666666666666665
A/Maldives/2132/2024_H1N1,2024-12-03,0.6666666666666666
A/Maldives/2132/2024_H1N1,2024-12-04,0.6666666666666666
A/Maldives/2132/2024_H1N1,2024-12-05,0.3333333333333333
A/Maldives/2132/2024_H1N1,2024-12-06,0.6666666666666666
A/Maldives/2132/2024_H1N1,2024-12-09,0.3333333333333333
A/Maldives/2132/2024_H1N1,2024-12-10,2.6666666666666665
A/Maldives/2132/2024_H1N1,2024-12-11,3.333333333333333
A/Maldives/2132/2024_H1N1,2024-12-12,2.0
A/Maldives/2132/2024_H1N1,2024-12-13,1.0
A/Maldives/2132/2024_H1N1,2024-12-15,0.3333333333333333
A/Maldives/2132/2024_H1N1,2024-12-16,1.3333333333333333
A/Maldives/2132/2024_H1N1,2024-12-17,4.0
A/Maldives/2132/2024_H1N1,2024-12-18,1.3333333333333333
A/Maldives/2132/2024_H1N1,2024-12-19,1.0
A/Maldives/2132/2024_H1N1,2024-12-20,0.3333333333333333
A/Maldives/2132/2024_H1N1,2024-12-21,0.3333333333333333
A/Maldives/2132/2024_H1N1,2024-12-22,0.3333333333333333
A/Maldives/2132/2024_H1N1,2024-12-23,3.0
A/Maldives/2132/2024_H1N1,2024-12-24,1.3333333333333333
A/Maldives/2132/2024_H1N1,2024-12-25,0.3333333333333333
A/Maldives/2132/2024_H1N1,2024-12-26,0.3333333333333333
A/Maldives/2132/2024_H1N1,2024-12-27,4.0
A/Maldives/2132/2024_H1N1,2024-12-28,0.3333333333333333
A/Maldives/2132/2024_H1N1,2024-12-30,1.6666666666666665
A/Maldives/2132/2024_H1N1,2024-12-31,1.0
A/Maldives/2132/2024_H1N1,2025-01-01,1.3333333333333333
A/Maldives/2132/2024_H1N1,2025-01-02,1.3333333333333333
A/Maldives/2132/2024_H1N1,2025-01-03,1.0
A/Maldives/2132/2024_H1N1,2025-01-04,1.0
A/Maldives/2132/2024_H1N1,2025-01-06,1.0
A/Maldives/2132/2024_H1N1,2025-01-07,1.0
A/Maldives/2132/2024_H1N1,2025-01-08,2.0
A/Maldives/2132/2024_H1N1,2025-01-09,0.6666666666666666
A/Maldives/2132/2024_H1N1,2025-01-10,2.333333333333333
A/Maldives/2132/2024_H1N1,2025-01-11,0.6666666666666666
A/Maldives/2132/2024_H1N1,2025-01-12,0.6666666666666666
A/Maldives/2132/2024_H1N1,2025-01-13,4.333333333333333
A/Maldives/2132/2024_H1N1,2025-01-14,1.3333333333333333
A/Maldives/2132/2024_H1N1,2025-01-15,2.6666666666666665
A/Maldives/2132/2024_H1N1,2025-01-16,2.0
A/Maldives/2132/2024_H1N1,2025-01-17,2.0
A/Maldives/2132/2024_H1N1,2025-01-18,0.6666666666666666
A/Maldives/2132/2024_H1N1,2025-01-19,0.3333333333333333
A/Maldives/2132/2024_H1N1,2025-01-20,2.333333333333333
A/Maldives/2132/2024_H1N1,2025-01-21,2.0
A/Maldives/2132/2024_H1N1,2025-01-22,1.3333333333333333
A/Maldives/2132/2024_H1N1,2025-01-23,0.6666666666666666
A/Maldives/2132/2024_H1N1,2025-01-24,3.0
A/Maldives/2132/2024_H1N1,2025-01-26,1.6666666666666665
A/Maldives/2132/2024_H1N1,2025-01-27,2.3333333333333335
A/Maldives/2132/2024_H1N1,2025-01-28,2.0
A/Maldives/2132/2024_H1N1,2025-01-29,3.0
A/Maldives/2132/2024_H1N1,2025-01-30,1.3333333333333333
A/Maldives/2132/2024_H1N1,2025-01-31,1.3333333333333333
A/Maldives/2132/2024_H1N1,2025-02-01,1.3333333333333333
A/Maldives/2132/2024_H1N1,2025-02-02,0.6666666666666666
A/Maldives/2132/2024_H1N1,2025-02-03,2.333333333333333
A/Maldives/2132/2024_H1N1,2025-02-04,1.0
A/Maldives/2132/2024_H1N1,2025-02-05,0.6666666666666666
A/Maldives/2132/2024_H1N1,2025-02-06,0.3333333333333333
A/Maldives/2132/2024_H1N1,2025-02-07,0.6666666666666666
A/Maldives/2132/2024_H1N1,2025-02-08,0.6666666666666666
A/Maldives/2132/2024_H1N1,2025-02-09,1.0
A/Maldives/2132/2024_H1N1,2025-02-10,3.6666666666666665
A/Maldives/2132/2024_H1N1,2025-02-11,3.0
A/Maldives/2132/2024_H1N1,2025-02-12,1.6666666666666665
A/Maldives/2132/2024_H1N1,2025-02-13,1.6666666666666665
A/Maldives/2132/2024_H1N1,2025-02-14,2.333333333333333
A/Maldives/2132/2024_H1N1,2025-02-15,2.6666666666666665
A/Maldives/2132/2024_H1N1,2025-02-16,0.3333333333333333
A/Maldives/2132/2024_H1N1,2025-02-17,1.6666666666666665
A/Maldives/2132/2024_H1N1,2025-02-18,3.333333333333333
A/Maldives/2132/2024_H1N1,2025-02-19,2.0
A/Maldives/2132/2024_H1N1,2025-02-20,2.333333333333333
A/Maldives/2132/2024_H1N1,2025-02-21,0.6666666666666666
A/Maldives/2132/2024_H1N1,2025-02-22,0.3333333333333333
A/Maldives/2132/2024_H1N1,2025-02-23,1.0
A/Maldives/2132/2024_H1N1,2025-02-24,0.3333333333333333
A/Maldives/2132/2024_H1N1,2025-02-25,1.5
A/Maldives/2132/2024_H1N1,2025-02-26,1.0
A/Maldives/2132/2024_H1N1,2025-02-27,0.3333333333333333
A/Maldives/2132/2024_H1N1,2025-02-28,1.3333333333333333
A/Maldives/2132/2024_H1N1,2025-03-02,0.5
A/Maldives/2132/2024_H1N1,2025-03-03,0.6666666666666666
A/Maldives/2132/2024_H1N1,2025-03-04,1.0
A/Maldives/2132/2024_H1N1,2025-03-05,1.0
A/Maldives/2132/2024_H1N1,2025-03-07,1.0
A/Maldives/2132/2024_H1N1,2025-03-08,0.6666666666666666
A/Maldives/2132/2024_H1N1,2025-03-09,0.3333333333333333
A/Maldives/2132/2024_H1N1,2025-03-10,1.0
A/Maldives/2132/2024_H1N1,2025-03-11,1.3333333333333333
A/Maldives/2132/2024_H1N1,2025-03-12,1.3333333333333333
A/Maldives/2132/2024_H1N1,2025-03-13,0.3333333333333333
A/Maldives/2132/2024_H1N1,2025-03-14,0.3333333333333333
A/Maldives/2132/2024_H1N1,2025-03-16,0.3333333333333333
A/Maldives/2132/2024_H1N1,2025-03-17,0.3333333333333333
A/Maldives/2132/2024_H1N1,2025-03-18,0.3333333333333333
A/Maldives/2132/2024_H1N1,2025-03-24,0.6666666666666666
A/Maldives/2132/2024_H1N1,2025-03-25,0.6666666666666666
A/Maldives/2132/2024_H1N1,2025-03-26,0.3333333333333333
A/Maldives/2132/2024_H1N1,2025-03-27,1.6666666666666665
A/Maldives/2132/2024_H1N1,2025-03-31,1.3333333333333333
A/Maldives/2132/2024_H1N1,2025-04-02,0.3333333333333333
A/Maldives/2132/2024_H1N1,2025-04-08,1.0
A/Maldives/2132/2024_H1N1,2025-04-09,0.6666666666666666
A/Maldives/2132/2024_H1N1,2025-04-10,0.3333333333333333
A/Maldives/2132/2024_H1N1,2025-04-12,0.3333333333333333
A/Maldives/2132/2024_H1N1,2025-04-14,0.6666666666666666
A/Maldives/2132/2024_H1N1,2025-04-18,0.6666666666666666
A/Maldives/2132/2024_H1N1,2025-04-19,0.6666666666666666
A/Maldives/2132/2024_H1N1,2025-04-20,0.3333333333333333
A/Maldives/2132/2024_H1N1,2025-04-21,0.3333333333333333
A/Maldives/2132/2024_H1N1,2025-04-22,0.3333333333333333
A/Maldives/2132/2024_H1N1,2025-04-23,0.3333333333333333
A/Maldives/2132/2024_H1N1,2025-04-24,0.3333333333333333
A/Maldives/2132/2024_H1N1,2025-04-25,0.3333333333333333
A/Maldives/2132/2024_H1N1,2025-04-26,0.3333333333333333
A/Maldives/2132/2024_H1N1,2025-04-27,0.3333333333333333
A/Maldives/2132/2024_H1N1,2025-04-30,0.3333333333333333
A/Maldives/2132/2024_H1N1,2025-05-03,0.3333333333333333
A/Maldives/2132/2024_H1N1,2025-05-05,0.6666666666666666
A/Maldives/2132/2024_H1N1,2025-05-09,0.3333333333333333
A/Maldives/2132/2024_H1N1,2025-05-11,1.3333333333333333
A/Maldives/2132/2024_H1N1,2025-05-12,0.3333333333333333
A/Maldives/2132/2024_H1N1,2025-05-15,0.3333333333333333
A/Maldives/2132/2024_H1N1,2025-05-16,0.3333333333333333
A/Maldives/2132/2024_H1N1,2025-05-23,0.6666666666666666
A/Maldives/2132/2024_H1N1,2025-05-30,0.3333333333333333
A/Maldives/2132/2024_H1N1,2025-06-03,0.3333333333333333
A/Maldives/2132/2024_H1N1,2025-06-17,0.3333333333333333
A/Maldives/2132/2024_H1N1,2025-06-18,0.6666666666666666
A/Maldives/2132/2024_H1N1,2025-06-23,0.3333333333333333
A/Maldives/2132/2024_H1N1,2025-06-27,0.3333333333333333
A/Maldives/2132/2024_H1N1,2025-07-01,0.3333333333333333
A/Maldives/2132/2024_H1N1,2025-07-11,0.3333333333333333
A/Maryland/64/2024_H1N1,2024-05-04,0.5
A/Maryland/64/2024_H1N1,2024-06-04,0.5
A/Maryland/64/2024_H1N1,2024-07-03,0.5
A/Maryland/64/2024_H1N1,2024-07-12,1.0
A/Maryland/64/2024_H1N1,2024-07-23,1.5
A/Maryland/64/2024_H1N1,2024-07-25,1.0
A/Maryland/64/2024_H1N1,2024-08-26,0.5
A/Maryland/64/2024_H1N1,2024-08-28,0.5
A/Maryland/64/2024_H1N1,2024-09-09,0.5
A/Maryland/64/2024_H1N1,2024-09-25,0.5
A/Maryland/64/2024_H1N1,2024-09-27,1.0
A/Maryland/64/2024_H1N1,2024-10-01,0.5
A/Maryland/64/2024_H1N1,2024-10-04,0.5
A/Maryland/64/2024_H1N1,2024-10-08,1.0
A/Maryland/64/2024_H1N1,2024-10-09,2.0
A/Maryland/64/2024_H1N1,2024-10-28,2.0
A/Maryland/64/2024_H1N1,2024-10-29,1.0
A/Maryland/64/2024_H1N1,2024-11-01,1.0
A/Maryland/64/2024_H1N1,2024-11-03,0.5
A/Maryland/64/2024_H1N1,2024-11-05,0.5
A/Maryland/64/2024_H1N1,2024-11-10,1.0
A/Maryland/64/2024_H1N1,2024-11-13,1.5
A/Maryland/64/2024_H1N1,2024-11-14,2.0
A/Maryland/64/2024_H1N1,2024-11-15,2.0
A/Maryland/64/2024_H1N1,2024-11-17,1.0
A/Maryland/64/2024_H1N1,2024-11-18,2.0
A/Maryland/64/2024_H1N1,2024-11-19,3.0
A/Maryland/64/2024_H1N1,2024-11-21,0.5
A/Maryland/64/2024_H1N1,2024-11-23,1.0
A/Maryland/64/2024_H1N1,2024-11-25,0.5
A/Maryland/64/2024_H1N1,2024-11-26,1.5
A/Maryland/64/2024_H1N1,2024-11-27,1.5
A/Maryland/64/2024_H1N1,2024-11-30,1.0
A/Maryland/64/2024_H1N1,2024-12-01,0.5
A/Maryland/64/2024_H1N1,2024-12-02,0.5
A/Maryland/64/2024_H1N1,2024-12-03,1.0
A/Maryland/64/2024_H1N1,2024-12-04,3.0
A/Maryland/64/2024_H1N1,2024-12-06,1.5
A/Maryland/64/2024_H1N1,2024-12-09,1.0
A/Maryland/64/2024_H1N1,2024-12-10,3.0
A/Maryland/64/2024_H1N1,2024-12-11,4.0
A/Maryland/64/2024_H1N1,2024-12-12,6.0
A/Maryland/64/2024_H1N1,2024-12-13,1.0
A/Maryland/64/2024_H1N1,2024-12-16,1.0
A/Maryland/64/2024_H1N1,2024-12-18,4.0
A/Maryland/64/2024_H1N1,2024-12-19,1.0
A/Maryland/64/2024_H1N1,2024-12-20,2.0
A/Maryland/64/2024_H1N1,2024-12-21,0.5
A/Maryland/64/2024_H1N1,2024-12-22,1.0
A/Maryland/64/2024_H1N1,2024-12-23,2.0
A/Maryland/64/2024_H1N1,2024-12-24,1.0
A/Maryland/64/2024_H1N1,2024-12-26,1.0
A/Maryland/64/2024_H1N1,2024-12-28,1.0
A/Maryland/64/2024_H1N1,2024-12-30,1.0
A/Maryland/64/2024_H1N1,2024-12-31,2.0
A/Maryland/64/2024_H1N1,2025-01-01,1.0
A/Maryland/64/2024_H1N1,2025-01-02,0.5
A/Maryland/64/2024_H1N1,2025-01-03,1.0
A/Maryland/64/2024_H1N1,2025-01-04,3.0
A/Maryland/64/2024_H1N1,2025-01-05,0.5
A/Maryland/64/2024_H1N1,2025-01-06,1.0
A/Maryland/64/2024_H1N1,2025-01-07,1.0
A/Maryland/64/2024_H1N1,2025-01-09,1.0
A/Maryland/64/2024_H1N1,2025-01-10,0.5
A/Maryland/64/2024_H1N1,2025-01-13,1.0
A/Maryland/64/2024_H1N1,2025-01-15,2.0
A/Maryland/64/2024_H1N1,2025-01-16,1.0
A/Maryland/64/2024_H1N1,2025-01-17,0.5
A/Maryland/64/2024_H1N1,2025-01-18,2.0
A/Maryland/64/2024_H1N1,2025-01-20,1.5
A/Maryland/64/2024_H1N1,2025-01-21,4.5
A/Maryland/64/2024_H1N1,2025-01-22,0.5
A/Maryland/64/2024_H1N1,2025-01-23,0.5
A/Maryland/64/2024_H1N1,2025-01-27,1.0
A/Maryland/64/2024_H1N1,2025-01-28,0.5
A/Maryland/64/2024_H1N1,2025-02-03,0.5
A/Maryland/64/2024_H1N1,2025-02-04,1.0
A/Maryland/64/2024_H1N1,2025-02-05,0.5
A/Maryland/64/2024_H1N1,2025-02-07,1.0
A/Maryland/64/2024_H1N1,2025-02-12,1.0
A/Maryland/64/2024_H1N1,2025-02-18,1.0
A/Maryland/64/2024_H1N1,2025-02-19,0.5
A/Maryland/64/2024_H1N1,2025-02-20,1.0
A/Maryland/64/2024_H1N1,2025-02-24,0.5
A/Maryland/64/2024_H1N1,2025-02-26,1.5
A/Maryland/64/2024_H1N1,2025-03-07,1.0
A/Maryland/64/2024_H1N1,2025-03-12,1.0
A/Maryland/64/2024_H1N1,2025-03-24,2.0
A/Massachusetts/ISC-1679/2025_H1N1,2025-02-11,1.0
A/Massachusetts/ISC-1679/2025_H1N1,2025-02-17,1.0
A/Massachusetts/ISC-1679/2025_H1N1,2025-02-19,1.0
A/Massachusetts/ISC-1679/2025_H1N1,2025-02-23,1.0
A/Massachusetts/ISC-1679/2025_H1N1,2025-02-28,1.0
A/Massachusetts/ISC-1679/2025_H1N1,2025-03-02,1.0
A/Massachusetts/ISC-1679/2025_H1N1,2025-03-03,1.0
A/Massachusetts/ISC-1679/2025_H1N1,2025-03-21,1.0
A/Massachusetts/ISC-1679/2025_H1N1,2025-03-24,1.0
A/Massachusetts/ISC-1679/2025_H1N1,2025-03-25,0.5
A/Massachusetts/ISC-1679/2025_H1N1,2025-04-02,1.5
A/Massachusetts/ISC-1679/2025_H1N1,2025-04-09,1.0
A/Massachusetts/ISC-1679/2025_H1N1,2025-04-24,1.0
A/Massachusetts/ISC-1679/2025_H1N1,2025-05-31,1.0
A/Massachusetts/ISC-1679/2025_H1N1,2025-06-02,1.0
A/Massachusetts/ISC-1679/2025_H1N1,2025-06-04,1.0
A/Massachusetts/ISC-1679/2025_H1N1,2025-06-15,1.0
A/Massachusetts/ISC-1679/2025_H1N1,2025-06-21,1.0
A/Minnesota/131/2024_H1N1,2024-10-11,1.0
A/Minnesota/131/2024_H1N1,2024-10-13,1.0
A/Minnesota/131/2024_H1N1,2024-10-19,1.0
A/Minnesota/131/2024_H1N1,2024-10-23,2.0
A/Minnesota/131/2024_H1N1,2024-10-24,3.0
A/Minnesota/131/2024_H1N1,2024-10-27,2.0
A/Minnesota/131/2024_H1N1,2024-10-28,3.0
A/Minnesota/131/2024_H1N1,2024-10-29,2.0
A/Minnesota/131/2024_H1N1,2024-10-30,3.0
A/Minnesota/131/2024_H1N1,2024-10-31,5.0
A/Minnesota/131/2024_H1N1,2024-11-03,3.0
A/Minnesota/131/2024_H1N1,2024-11-04,5.0
A/Minnesota/131/2024_H1N1,2024-11-05,1.0
A/Minnesota/131/2024_H1N1,2024-11-06,5.5
A/Minnesota/131/2024_H1N1,2024-11-07,1.0
A/Minnesota/131/2024_H1N1,2024-11-08,3.5
A/Minnesota/131/2024_H1N1,2024-11-09,2.0
A/Minnesota/131/2024_H1N1,2024-11-10,1.0
A/Minnesota/131/2024_H1N1,2024-11-11,2.0
A/Minnesota/131/2024_H1N1,2024-11-12,1.0
A/Minnesota/131/2024_H1N1,2024-11-14,2.0
A/Minnesota/131/2024_H1N1,2024-11-17,1.0
A/Minnesota/131/2024_H1N1,2024-11-18,2.0
A/Minnesota/131/2024_H1N1,2024-11-19,3.0
A/Minnesota/131/2024_H1N1,2024-11-20,4.0
A/Minnesota/131/2024_H1N1,2024-11-21,4.0
A/Minnesota/131/2024_H1N1,2024-11-22,4.0
A/Minnesota/131/2024_H1N1,2024-11-24,2.0
A/Minnesota/131/2024_H1N1,2024-11-25,9.0
A/Minnesota/131/2024_H1N1,2024-11-26,4.0
A/Minnesota/131/2024_H1N1,2024-11-27,6.0
A/Minnesota/131/2024_H1N1,2024-11-28,7.0
A/Minnesota/131/2024_H1N1,2024-11-29,2.0
A/Minnesota/131/2024_H1N1,2024-11-30,1.0
A/Minnesota/131/2024_H1N1,2024-12-01,4.0
A/Minnesota/131/2024_H1N1,2024-12-02,6.0
A/Minnesota/131/2024_H1N1,2024-12-03,5.0
A/Minnesota/131/2024_H1N1,2024-12-04,5.0
A/Minnesota/131/2024_H1N1,2024-12-05,2.0
A/Minnesota/131/2024_H1N1,2024-12-06,8.0
A/Minnesota/131/2024_H1N1,2024-12-07,5.0
A/Minnesota/131/2024_H1N1,2024-12-08,1.0
A/Minnesota/131/2024_H1N1,2024-12-09,9.0
A/Minnesota/131/2024_H1N1,2024-12-10,5.0
A/Minnesota/131/2024_H1N1,2024-12-11,8.0
A/Minnesota/131/2024_H1N1,2024-12-12,14.0
A/Minnesota/131/2024_H1N1,2024-12-13,7.0
A/Minnesota/131/2024_H1N1,2024-12-14,6.0
A/Minnesota/131/2024_H1N1,2024-12-15,6.0
A/Minnesota/131/2024_H1N1,2024-12-16,11.0
A/Minnesota/131/2024_H1N1,2024-12-17,10.5
A/Minnesota/131/2024_H1N1,2024-12-18,7.0
A/Minnesota/131/2024_H1N1,2024-12-19,7.0
A/Minnesota/131/2024_H1N1,2024-12-20,7.5
A/Minnesota/131/2024_H1N1,2024-12-21,2.0
A/Minnesota/131/2024_H1N1,2024-12-22,4.0
A/Minnesota/131/2024_H1N1,2024-12-23,12.0
A/Minnesota/131/2024_H1N1,2024-12-24,6.0
A/Minnesota/131/2024_H1N1,2024-12-25,5.0
A/Minnesota/131/2024_H1N1,2024-12-26,9.0
A/Minnesota/131/2024_H1N1,2024-12-27,11.0
A/Minnesota/131/2024_H1N1,2024-12-28,4.0
A/Minnesota/131/2024_H1N1,2024-12-29,4.0
A/Minnesota/131/2024_H1N1,2024-12-30,16.0
A/Minnesota/131/2024_H1N1,2024-12-31,18.0
A/Minnesota/131/2024_H1N1,2025-01-01,5.0
A/Minnesota/131/2024_H1N1,2025-01-02,11.5
A/Minnesota/131/2024_H1N1,2025-01-03,11.0
A/Minnesota/131/2024_H1N1,2025-01-04,9.0
A/Minnesota/131/2024_H1N1,2025-01-05,4.0
A/Minnesota/131/2024_H1N1,2025-01-06,12.0
A/Minnesota/131/2024_H1N1,2025-01-07,22.0
A/Minnesota/131/2024_H1N1,2025-01-08,16.0
A/Minnesota/131/2024_H1N1,2025-01-09,16.0
A/Minnesota/131/2024_H1N1,2025-01-10,8.0
A/Minnesota/131/2024_H1N1,2025-01-11,4.0
A/Minnesota/131/2024_H1N1,2025-01-12,4.0
A/Minnesota/131/2024_H1N1,2025-01-13,16.0
A/Minnesota/131/2024_H1N1,2025-01-14,15.0
A/Minnesota/131/2024_H1N1,2025-01-15,9.0
A/Minnesota/131/2024_H1N1,2025-01-16,9.0
A/Minnesota/131/2024_H1N1,2025-01-17,11.0
A/Minnesota/131/2024_H1N1,2025-01-18,6.0
A/Minnesota/131/2024_H1N1,2025-01-19,4.5
A/Minnesota/131/2024_H1N1,2025-01-20,18.0
A/Minnesota/131/2024_H1N1,2025-01-21,9.5
A/Minnesota/131/2024_H1N1,2025-01-22,12.0
A/Minnesota/131/2024_H1N1,2025-01-23,12.0
A/Minnesota/131/2024_H1N1,2025-01-24,12.5
A/Minnesota/131/2024_H1N1,2025-01-25,5.0
A/Minnesota/131/2024_H1N1,2025-01-26,8.0
A/Minnesota/131/2024_H1N1,2025-01-27,14.0
A/Minnesota/131/2024_H1N1,2025-01-28,15.0
A/Minnesota/131/2024_H1N1,2025-01-29,14.0
A/Minnesota/131/2024_H1N1,2025-01-30,10.0
A/Minnesota/131/2024_H1N1,2025-01-31,11.0
A/Minnesota/131/2024_H1N1,2025-02-01,2.0
A/Minnesota/131/2024_H1N1,2025-02-02,5.0
A/Minnesota/131/2024_H1N1,2025-02-03,11.0
A/Minnesota/131/2024_H1N1,2025-02-04,9.0
A/Minnesota/131/2024_H1N1,2025-02-05,20.0
A/Minnesota/131/2024_H1N1,2025-02-06,4.5
A/Minnesota/131/2024_H1N1,2025-02-07,8.0
A/Minnesota/131/2024_H1N1,2025-02-08,2.5
A/Minnesota/131/2024_H1N1,2025-02-09,5.0
A/Minnesota/131/2024_H1N1,2025-02-10,11.5
A/Minnesota/131/2024_H1N1,2025-02-11,11.0
A/Minnesota/131/2024_H1N1,2025-02-12,9.0
A/Minnesota/131/2024_H1N1,2025-02-13,4.5
A/Minnesota/131/2024_H1N1,2025-02-14,6.0
A/Minnesota/131/2024_H1N1,2025-02-15,1.0
A/Minnesota/131/2024_H1N1,2025-02-16,2.5
A/Minnesota/131/2024_H1N1,2025-02-17,6.0
A/Minnesota/131/2024_H1N1,2025-02-18,3.0
A/Minnesota/131/2024_H1N1,2025-02-19,11.5
A/Minnesota/131/2024_H1N1,2025-02-20,7.0
A/Minnesota/131/2024_H1N1,2025-02-21,4.0
A/Minnesota/131/2024_H1N1,2025-02-22,3.0
A/Minnesota/131/2024_H1N1,2025-02-23,2.0
A/Minnesota/131/2024_H1N1,2025-02-24,7.0
A/Minnesota/131/2024_H1N1,2025-02-25,7.0
A/Minnesota/131/2024_H1N1,2025-02-26,1.0
A/Minnesota/131/2024_H1N1,2025-02-27,1.0
A/Minnesota/131/2024_H1N1,2025-02-28,1.0
A/Minnesota/131/2024_H1N1,2025-03-01,1.0
A/Minnesota/131/2024_H1N1,2025-03-02,2.0
A/Minnesota/131/2024_H1N1,2025-03-03,2.5
A/Minnesota/131/2024_H1N1,2025-03-04,3.0
A/Minnesota/131/2024_H1N1,2025-03-05,3.0
A/Minnesota/131/2024_H1N1,2025-03-06,2.0
A/Minnesota/131/2024_H1N1,2025-03-07,1.0
A/Minnesota/131/2024_H1N1,2025-03-10,2.5
A/Minnesota/131/2024_H1N1,2025-03-12,1.0
A/Minnesota/131/2024_H1N1,2025-03-13,1.0
A/Minnesota/131/2024_H1N1,2025-03-14,2.0
A/Minnesota/131/2024_H1N1,2025-03-16,1.0
A/Minnesota/131/2024_H1N1,2025-03-17,2.0
A/Minnesota/131/2024_H1N1,2025-03-19,1.0
A/Minnesota/131/2024_H1N1,2025-03-20,2.0
A/Minnesota/131/2024_H1N1,2025-03-21,2.0
A/Minnesota/131/2024_H1N1,2025-03-25,1.0
A/Minnesota/131/2024_H1N1,2025-03-26,1.0
A/Minnesota/131/2024_H1N1,2025-03-27,3.0
A/Minnesota/131/2024_H1N1,2025-04-01,2.0
A/Minnesota/131/2024_H1N1,2025-04-07,2.0
A/Minnesota/131/2024_H1N1,2025-04-10,2.0
A/Minnesota/131/2024_H1N1,2025-04-24,0.5
A/Minnesota/131/2024_H1N1,2025-04-29,3.0
A/NovaScotia/ET1801CP00018S/2025_H1N1,2024-06-17,0.3333333333333333
A/NovaScotia/ET1801CP00018S/2025_H1N1,2024-07-05,0.3333333333333333
A/NovaScotia/ET1801CP00018S/2025_H1N1,2024-08-01,1.0
A/NovaScotia/ET1801CP00018S/2025_H1N1,2024-08-05,1.0
A/NovaScotia/ET1801CP00018S/2025_H1N1,2024-08-06,1.0
A/NovaScotia/ET1801CP00018S/2025_H1N1,2024-08-11,1.0
A/NovaScotia/ET1801CP00018S/2025_H1N1,2024-08-16,1.0
A/NovaScotia/ET1801CP00018S/2025_H1N1,2024-08-22,2.0
A/NovaScotia/ET1801CP00018S/2025_H1N1,2024-09-16,0.3333333333333333
A/NovaScotia/ET1801CP00018S/2025_H1N1,2024-10-17,1.0
A/NovaScotia/ET1801CP00018S/2025_H1N1,2024-10-18,1.0
A/NovaScotia/ET1801CP00018S/2025_H1N1,2024-10-24,2.0
A/NovaScotia/ET1801CP00018S/2025_H1N1,2024-10-29,1.0
A/NovaScotia/ET1801CP00018S/2025_H1N1,2024-10-31,1.0
A/NovaScotia/ET1801CP00018S/2025_H1N1,2024-11-01,2.0
A/NovaScotia/ET1801CP00018S/2025_H1N1,2024-11-03,1.0
A/NovaScotia/ET1801CP00018S/2025_H1N1,2024-11-04,1.0
A/NovaScotia/ET1801CP00018S/2025_H1N1,2024-11-05,2.0
A/NovaScotia/ET1801CP00018S/2025_H1N1,2024-11-07,1.0
A/NovaScotia/ET1801CP00018S/2025_H1N1,2024-11-12,2.0
A/NovaScotia/ET1801CP00018S/2025_H1N1,2024-11-18,2.0
A/NovaScotia/ET1801CP00018S/2025_H1N1,2024-11-19,1.0
A/NovaScotia/ET1801CP00018S/2025_H1N1,2024-11-21,1.0
A/NovaScotia/ET1801CP00018S/2025_H1N1,2024-11-22,2.0
A/NovaScotia/ET1801CP00018S/2025_H1N1,2024-11-25,1.0
A/NovaScotia/ET1801CP00018S/2025_H1N1,2024-11-27,3.0
A/NovaScotia/ET1801CP00018S/2025_H1N1,2024-11-29,3.0
A/NovaScotia/ET1801CP00018S/2025_H1N1,2024-12-02,3.0
A/NovaScotia/ET1801CP00018S/2025_H1N1,2024-12-03,2.0
A/NovaScotia/ET1801CP00018S/2025_H1N1,2024-12-04,1.0
A/NovaScotia/ET1801CP00018S/2025_H1N1,2024-12-05,2.0
A/NovaScotia/ET1801CP00018S/2025_H1N1,2024-12-06,5.0
A/NovaScotia/ET1801CP00018S/2025_H1N1,2024-12-08,2.0
A/NovaScotia/ET1801CP00018S/2025_H1N1,2024-12-09,5.0
A/NovaScotia/ET1801CP00018S/2025_H1N1,2024-12-10,3.0
A/NovaScotia/ET1801CP00018S/2025_H1N1,2024-12-11,1.0
A/NovaScotia/ET1801CP00018S/2025_H1N1,2024-12-12,3.0
A/NovaScotia/ET1801CP00018S/2025_H1N1,2024-12-13,1.0
A/NovaScotia/ET1801CP00018S/2025_H1N1,2024-12-14,2.0
A/NovaScotia/ET1801CP00018S/2025_H1N1,2024-12-16,8.0
A/NovaScotia/ET1801CP00018S/2025_H1N1,2024-12-17,5.0
A/NovaScotia/ET1801CP00018S/2025_H1N1,2024-12-18,6.0
A/NovaScotia/ET1801CP00018S/2025_H1N1,2024-12-19,3.0
A/NovaScotia/ET1801CP00018S/2025_H1N1,2024-12-20,5.333333333333333
A/NovaScotia/ET1801CP00018S/2025_H1N1,2024-12-21,3.0
A/NovaScotia/ET1801CP00018S/2025_H1N1,2024-12-22,1.5
A/NovaScotia/ET1801CP00018S/2025_H1N1,2024-12-23,2.0
A/NovaScotia/ET1801CP00018S/2025_H1N1,2024-12-24,2.0
A/NovaScotia/ET1801CP00018S/2025_H1N1,2024-12-25,6.0
A/NovaScotia/ET1801CP00018S/2025_H1N1,2024-12-26,7.0
A/NovaScotia/ET1801CP00018S/2025_H1N1,2024-12-27,4.0
A/NovaScotia/ET1801CP00018S/2025_H1N1,2024-12-28,2.0
A/NovaScotia/ET1801CP00018S/2025_H1N1,2024-12-29,2.0
A/NovaScotia/ET1801CP00018S/2025_H1N1,2024-12-30,8.0
A/NovaScotia/ET1801CP00018S/2025_H1N1,2024-12-31,3.0
A/NovaScotia/ET1801CP00018S/2025_H1N1,2025-01-01,1.0
A/NovaScotia/ET1801CP00018S/2025_H1N1,2025-01-02,7.0
A/NovaScotia/ET1801CP00018S/2025_H1N1,2025-01-03,4.0
A/NovaScotia/ET1801CP00018S/2025_H1N1,2025-01-04,3.0
A/NovaScotia/ET1801CP00018S/2025_H1N1,2025-01-05,1.0
A/NovaScotia/ET1801CP00018S/2025_H1N1,2025-01-06,5.0
A/NovaScotia/ET1801CP00018S/2025_H1N1,2025-01-07,5.0
A/NovaScotia/ET1801CP00018S/2025_H1N1,2025-01-08,12.0
A/NovaScotia/ET1801CP00018S/2025_H1N1,2025-01-09,3.0
A/NovaScotia/ET1801CP00018S/2025_H1N1,2025-01-10,8.0
A/NovaScotia/ET1801CP00018S/2025_H1N1,2025-01-11,3.0
A/NovaScotia/ET1801CP00018S/2025_H1N1,2025-01-12,5.0
A/NovaScotia/ET1801CP00018S/2025_H1N1,2025-01-13,8.0
A/NovaScotia/ET1801CP00018S/2025_H1N1,2025-01-14,13.5
A/NovaScotia/ET1801CP00018S/2025_H1N1,2025-01-15,7.0
A/NovaScotia/ET1801CP00018S/2025_H1N1,2025-01-16,14.0
A/NovaScotia/ET1801CP00018S/2025_H1N1,2025-01-17,11.0
A/NovaScotia/ET1801CP00018S/2025_H1N1,2025-01-18,3.5
A/NovaScotia/ET1801CP00018S/2025_H1N1,2025-01-19,3.0
A/NovaScotia/ET1801CP00018S/2025_H1N1,2025-01-20,20.0
A/NovaScotia/ET1801CP00018S/2025_H1N1,2025-01-21,10.0
A/NovaScotia/ET1801CP00018S/2025_H1N1,2025-01-22,14.0
A/NovaScotia/ET1801CP00018S/2025_H1N1,2025-01-23,11.0
A/NovaScotia/ET1801CP00018S/2025_H1N1,2025-01-24,10.0
A/NovaScotia/ET1801CP00018S/2025_H1N1,2025-01-25,9.0
A/NovaScotia/ET1801CP00018S/2025_H1N1,2025-01-26,1.0
A/NovaScotia/ET1801CP00018S/2025_H1N1,2025-01-27,9.0
A/NovaScotia/ET1801CP00018S/2025_H1N1,2025-01-28,8.0
A/NovaScotia/ET1801CP00018S/2025_H1N1,2025-01-29,12.0
A/NovaScotia/ET1801CP00018S/2025_H1N1,2025-01-30,8.0
A/NovaScotia/ET1801CP00018S/2025_H1N1,2025-01-31,5.0
A/NovaScotia/ET1801CP00018S/2025_H1N1,2025-02-01,3.0
A/NovaScotia/ET1801CP00018S/2025_H1N1,2025-02-02,1.0
A/NovaScotia/ET1801CP00018S/2025_H1N1,2025-02-03,8.0
A/NovaScotia/ET1801CP00018S/2025_H1N1,2025-02-04,9.5
A/NovaScotia/ET1801CP00018S/2025_H1N1,2025-02-05,3.0
A/NovaScotia/ET1801CP00018S/2025_H1N1,2025-02-06,10.5
A/NovaScotia/ET1801CP00018S/2025_H1N1,2025-02-07,11.0
A/NovaScotia/ET1801CP00018S/2025_H1N1,2025-02-08,1.0
A/NovaScotia/ET1801CP00018S/2025_H1N1,2025-02-09,2.0
A/NovaScotia/ET1801CP00018S/2025_H1N1,2025-02-10,8.0
A/NovaScotia/ET1801CP00018S/2025_H1N1,2025-02-11,10.0
A/NovaScotia/ET1801CP00018S/2025_H1N1,2025-02-12,10.0
A/NovaScotia/ET1801CP00018S/2025_H1N1,2025-02-13,6.0
A/NovaScotia/ET1801CP00018S/2025_H1N1,2025-02-14,7.0
A/NovaScotia/ET1801CP00018S/2025_H1N1,2025-02-15,2.0
A/NovaScotia/ET1801CP00018S/2025_H1N1,2025-02-16,5.0
A/NovaScotia/ET1801CP00018S/2025_H1N1,2025-02-17,8.0
A/NovaScotia/ET1801CP00018S/2025_H1N1,2025-02-18,4.0
A/NovaScotia/ET1801CP00018S/2025_H1N1,2025-02-19,9.0
A/NovaScotia/ET1801CP00018S/2025_H1N1,2025-02-20,8.0
A/NovaScotia/ET1801CP00018S/2025_H1N1,2025-02-21,6.0
A/NovaScotia/ET1801CP00018S/2025_H1N1,2025-02-22,2.0
A/NovaScotia/ET1801CP00018S/2025_H1N1,2025-02-23,1.0
A/NovaScotia/ET1801CP00018S/2025_H1N1,2025-02-24,11.0
A/NovaScotia/ET1801CP00018S/2025_H1N1,2025-02-25,3.0
A/NovaScotia/ET1801CP00018S/2025_H1N1,2025-02-26,4.0
A/NovaScotia/ET1801CP00018S/2025_H1N1,2025-02-27,5.0
A/NovaScotia/ET1801CP00018S/2025_H1N1,2025-02-28,2.0
A/NovaScotia/ET1801CP00018S/2025_H1N1,2025-03-01,1.0
A/NovaScotia/ET1801CP00018S/2025_H1N1,2025-03-02,1.0
A/NovaScotia/ET1801CP00018S/2025_H1N1,2025-03-03,3.0
A/NovaScotia/ET1801CP00018S/2025_H1N1,2025-03-04,3.0
A/NovaScotia/ET1801CP00018S/2025_H1N1,2025-03-05,5.0
A/NovaScotia/ET1801CP00018S/2025_H1N1,2025-03-06,2.0
A/NovaScotia/ET1801CP00018S/2025_H1N1,2025-03-07,3.0
A/NovaScotia/ET1801CP00018S/2025_H1N1,2025-03-08,1.0
A/NovaScotia/ET1801CP00018S/2025_H1N1,2025-03-09,2.0
A/NovaScotia/ET1801CP00018S/2025_H1N1,2025-03-10,6.0
A/NovaScotia/ET1801CP00018S/2025_H1N1,2025-03-11,1.0
A/NovaScotia/ET1801CP00018S/2025_H1N1,2025-03-12,3.0
A/NovaScotia/ET1801CP00018S/2025_H1N1,2025-03-13,3.0
A/NovaScotia/ET1801CP00018S/2025_H1N1,2025-03-14,1.0
A/NovaScotia/ET1801CP00018S/2025_H1N1,2025-03-15,1.0
A/NovaScotia/ET1801CP00018S/2025_H1N1,2025-03-17,6.0
A/NovaScotia/ET1801CP00018S/2025_H1N1,2025-03-18,3.0
A/NovaScotia/ET1801CP00018S/2025_H1N1,2025-03-19,4.0
A/NovaScotia/ET1801CP00018S/2025_H1N1,2025-03-20,1.0
A/NovaScotia/ET1801CP00018S/2025_H1N1,2025-03-23,1.0
A/NovaScotia/ET1801CP00018S/2025_H1N1,2025-03-24,3.0
A/NovaScotia/ET1801CP00018S/2025_H1N1,2025-03-26,1.0
A/NovaScotia/ET1801CP00018S/2025_H1N1,2025-03-28,1.0
A/NovaScotia/ET1801CP00018S/2025_H1N1,2025-04-01,2.0
A/NovaScotia/ET1801CP00018S/2025_H1N1,2025-04-03,2.0
A/NovaScotia/ET1801CP00018S/2025_H1N1,2025-04-08,1.0
A/NovaScotia/ET1801CP00018S/2025_H1N1,2025-04-10,1.5
A/NovaScotia/ET1801CP00018S/2025_H1N1,2025-04-12,1.0
A/NovaScotia/ET1801CP00018S/2025_H1N1,2025-04-15,1.0
A/NovaScotia/ET1801CP00018S/2025_H1N1,2025-04-17,1.0
A/NovaScotia/ET1801CP00018S/2025_H1N1,2025-04-18,1.0
A/NovaScotia/ET1801CP00018S/2025_H1N1,2025-04-20,1.0
A/NovaScotia/ET1801CP00018S/2025_H1N1,2025-04-23,2.0
A/NovaScotia/ET1801CP00018S/2025_H1N1,2025-04-24,2.0
A/NovaScotia/ET1801CP00018S/2025_H1N1,2025-05-11,1.0
A/NovaScotia/ET1801CP00018S/2025_H1N1,2025-05-16,1.0
A/NovaScotia/ET1801CP00018S/2025_H1N1,2025-05-17,1.0
A/NovaScotia/ET1801CP00018S/2025_H1N1,2025-05-20,1.0
A/NovaScotia/ET1801CP00018S/2025_H1N1,2025-05-21,1.0
A/NovaScotia/ET1801CP00018S/2025_H1N1,2025-05-22,1.0
A/NovaScotia/ET1801CP00018S/2025_H1N1,2025-05-23,1.0
A/NovaScotia/ET1801CP00018S/2025_H1N1,2025-05-26,1.0
A/NovaScotia/ET1801CP00018S/2025_H1N1,2025-05-29,1.0
A/NovaScotia/ET1801CP00018S/2025_H1N1,2025-06-04,1.0
A/NovaScotia/ET1801CP00018S/2025_H1N1,2025-06-18,1.0
A/NovaScotia/ET1801CP00018S/2025_H1N1,2025-06-29,1.0
A/NovaScotia/ET1801CP00018S/2025_H1N1,2025-07-04,1.0
A/NovaScotia/ET1801CP00018S/2025_H1N1,2025-07-07,1.0
A/NovaScotia/ET1801CP00018S/2025_H1N1,2025-07-14,1.0
A/NovaScotia/ET1801CP00018S/2025_H1N1,2025-07-15,1.0
A/NovaScotia/ET1801CP00018S/2025_H1N1,2025-07-21,1.0
A/Ohio/259/2024_H1N1,2024-04-28,0.5
A/Ohio/259/2024_H1N1,2024-05-03,0.5
A/Ohio/259/2024_H1N1,2024-05-28,0.5
A/Ohio/259/2024_H1N1,2024-07-23,0.5
A/Ohio/259/2024_H1N1,2024-07-29,0.5
A/Ohio/259/2024_H1N1,2024-07-30,0.5
A/Ohio/259/2024_H1N1,2024-08-18,0.5
A/Ohio/259/2024_H1N1,2024-08-25,0.5
A/Ohio/259/2024_H1N1,2024-09-14,1.0
A/Ohio/259/2024_H1N1,2024-09-24,0.5
A/Ohio/259/2024_H1N1,2024-10-03,1.5
A/Ohio/259/2024_H1N1,2024-10-05,1.0
A/Ohio/259/2024_H1N1,2024-10-12,1.0
A/Ohio/259/2024_H1N1,2024-10-13,1.0
A/Ohio/259/2024_H1N1,2024-10-16,2.5
A/Ohio/259/2024_H1N1,2024-10-17,1.0
A/Ohio/259/2024_H1N1,2024-10-18,0.5
A/Ohio/259/2024_H1N1,2024-10-20,1.0
A/Ohio/259/2024_H1N1,2024-10-27,1.0
A/Ohio/259/2024_H1N1,2024-10-30,1.0
A/Ohio/259/2024_H1N1,2024-10-31,1.0
A/Ohio/259/2024_H1N1,2024-11-04,0.5
A/Ohio/259/2024_H1N1,2024-11-06,1.0
A/Ohio/259/2024_H1N1,2024-11-07,1.0
A/Ohio/259/2024_H1N1,2024-12-01,1.0
A/Ohio/259/2024_H1N1,2024-12-13,1.0
A/Ohio/259/2024_H1N1,2025-01-04,1.0
A/Ohio/259/2024_H1N1,2025-01-16,0.5
A/Ohio/259/2024_H1N1,2025-01-23,0.5
A/Oregon/11/2025_H1N1,2024-04-29,1.0
A/Oregon/11/2025_H1N1,2024-08-19,0.3333333333333333
A/Oregon/11/2025_H1N1,2024-09-04,0.3333333333333333
A/Oregon/11/2025_H1N1,2024-09-07,0.3333333333333333
A/Oregon/11/2025_H1N1,2024-09-23,0.3333333333333333
A/Oregon/11/2025_H1N1,2024-10-03,0.3333333333333333
A/Oregon/11/2025_H1N1,2024-10-08,0.6666666666666666
A/Oregon/11/2025_H1N1,2024-10-18,0.6666666666666666
A/Oregon/11/2025_H1N1,2024-10-23,0.3333333333333333
A/Oregon/11/2025_H1N1,2024-10-30,0.3333333333333333
A/Oregon/11/2025_H1N1,2024-11-03,0.3333333333333333
A/Oregon/11/2025_H1N1,2024-11-05,1.0
A/Oregon/11/2025_H1N1,2024-11-06,1.3333333333333333
A/Oregon/11/2025_H1N1,2024-11-07,1.0
A/Oregon/11/2025_H1N1,2024-11-09,0.3333333333333333
A/Oregon/11/2025_H1N1,2024-11-11,1.0
A/Oregon/11/2025_H1N1,2024-11-12,1.0
A/Oregon/11/2025_H1N1,2024-11-13,0.3333333333333333
A/Oregon/11/2025_H1N1,2024-11-14,0.3333333333333333
A/Oregon/11/2025_H1N1,2024-11-18,1.3333333333333333
A/Oregon/11/2025_H1N1,2024-11-21,1.3333333333333333
A/Oregon/11/2025_H1N1,2024-11-25,0.6666666666666666
A/Oregon/11/2025_H1N1,2024-11-27,0.3333333333333333
A/Oregon/11/2025_H1N1,2024-11-28,0.3333333333333333
A/Oregon/11/2025_H1N1,2024-11-29,0.3333333333333333
A/Oregon/11/2025_H1N1,2024-11-30,0.6666666666666666
A/Oregon/11/2025_H1N1,2024-12-01,2.0
A/Oregon/11/2025_H1N1,2024-12-02,2.6666666666666665
A/Oregon/11/2025_H1N1,2024-12-03,2.6666666666666665
A/Oregon/11/2025_H1N1,2024-12-04,1.6666666666666665
A/Oregon/11/2025_H1N1,2024-12-05,0.3333333333333333
A/Oregon/11/2025_H1N1,2024-12-06,0.6666666666666666
A/Oregon/11/2025_H1N1,2024-12-08,1.0
A/Oregon/11/2025_H1N1,2024-12-09,0.3333333333333333
A/Oregon/11/2025_H1N1,2024-12-10,1.6666666666666665
A/Oregon/11/2025_H1N1,2024-12-11,2.333333333333333
A/Oregon/11/2025_H1N1,2024-12-12,1.0
A/Oregon/11/2025_H1N1,2024-12-13,1.0
A/Oregon/11/2025_H1N1,2024-12-14,1.0
A/Oregon/11/2025_H1N1,2024-12-15,1.3333333333333333
A/Oregon/11/2025_H1N1,2024-12-16,2.333333333333333
A/Oregon/11/2025_H1N1,2024-12-17,2.0
A/Oregon/11/2025_H1N1,2024-12-18,3.333333333333333
A/Oregon/11/2025_H1N1,2024-12-19,2.0
A/Oregon/11/2025_H1N1,2024-12-20,0.3333333333333333
A/Oregon/11/2025_H1N1,2024-12-21,0.3333333333333333
A/Oregon/11/2025_H1N1,2024-12-22,1.3333333333333333
A/Oregon/11/2025_H1N1,2024-12-23,4.0
A/Oregon/11/2025_H1N1,2024-12-24,5.333333333333333
A/Oregon/11/2025_H1N1,2024-12-25,1.3333333333333333
A/Oregon/11/2025_H1N1,2024-12-26,3.333333333333333
A/Oregon/11/2025_H1N1,2024-12-27,5.0
A/Oregon/11/2025_H1N1,2024-12-28,1.3333333333333333
A/Oregon/11/2025_H1N1,2024-12-29,4.0
A/Oregon/11/2025_H1N1,2024-12-30,3.6666666666666665
A/Oregon/11/2025_H1N1,2024-12-31,9.0
A/Oregon/11/2025_H1N1,2025-01-01,6.333333333333333
A/Oregon/11/2025_H1N1,2025-01-02,5.333333333333333
A/Oregon/11/2025_H1N1,2025-01-03,5.0
A/Oregon/11/2025_H1N1,2025-01-04,5.0
A/Oregon/11/2025_H1N1,2025-01-05,6.0
A/Oregon/11/2025_H1N1,2025-01-06,13.0
A/Oregon/11/2025_H1N1,2025-01-07,6.0
A/Oregon/11/2025_H1N1,2025-01-08,11.0
A/Oregon/11/2025_H1N1,2025-01-09,4.666666666666666
A/Oregon/11/2025_H1N1,2025-01-10,4.333333333333333
A/Oregon/11/2025_H1N1,2025-01-11,2.6666666666666665
A/Oregon/11/2025_H1N1,2025-01-12,1.6666666666666665
A/Oregon/11/2025_H1N1,2025-01-13,18.333333333333332
A/Oregon/11/2025_H1N1,2025-01-14,10.333333333333334
A/Oregon/11/2025_H1N1,2025-01-15,9.666666666666666
A/Oregon/11/2025_H1N1,2025-01-16,9.0
A/Oregon/11/2025_H1N1,2025-01-17,7.0
A/Oregon/11/2025_H1N1,2025-01-18,2.6666666666666665
A/Oregon/11/2025_H1N1,2025-01-19,5.333333333333333
A/Oregon/11/2025_H1N1,2025-01-20,17.333333333333332
A/Oregon/11/2025_H1N1,2025-01-21,13.5
A/Oregon/11/2025_H1N1,2025-01-22,5.333333333333333
A/Oregon/11/2025_H1N1,2025-01-23,2.6666666666666665
A/Oregon/11/2025_H1N1,2025-01-24,15.0
A/Oregon/11/2025_H1N1,2025-01-25,6.0
A/Oregon/11/2025_H1N1,2025-01-26,1.6666666666666665
A/Oregon/11/2025_H1N1,2025-01-27,12.333333333333332
A/Oregon/11/2025_H1N1,2025-01-28,14.0
A/Oregon/11/2025_H1N1,2025-01-29,11.0
A/Oregon/11/2025_H1N1,2025-01-30,6.333333333333333
A/Oregon/11/2025_H1N1,2025-01-31,4.333333333333333
A/Oregon/11/2025_H1N1,2025-02-01,3.333333333333333
A/Oregon/11/2025_H1N1,2025-02-02,8.666666666666666
A/Oregon/11/2025_H1N1,2025-02-03,11.333333333333334
A/Oregon/11/2025_H1N1,2025-02-04,10.0
A/Oregon/11/2025_H1N1,2025-02-05,4.666666666666666
A/Oregon/11/2025_H1N1,2025-02-06,8.333333333333334
A/Oregon/11/2025_H1N1,2025-02-07,6.666666666666667
A/Oregon/11/2025_H1N1,2025-02-08,0.6666666666666666
A/Oregon/11/2025_H1N1,2025-02-09,3.0
A/Oregon/11/2025_H1N1,2025-02-10,13.666666666666666
A/Oregon/11/2025_H1N1,2025-02-11,7.0
A/Oregon/11/2025_H1N1,2025-02-12,3.6666666666666665
A/Oregon/11/2025_H1N1,2025-02-13,5.666666666666666
A/Oregon/11/2025_H1N1,2025-02-14,7.333333333333333
A/Oregon/11/2025_H1N1,2025-02-15,1.6666666666666665
A/Oregon/11/2025_H1N1,2025-02-16,1.3333333333333333
A/Oregon/11/2025_H1N1,2025-02-17,6.666666666666666
A/Oregon/11/2025_H1N1,2025-02-18,7.333333333333333
A/Oregon/11/2025_H1N1,2025-02-19,10.0
A/Oregon/11/2025_H1N1,2025-02-20,8.333333333333334
A/Oregon/11/2025_H1N1,2025-02-21,4.666666666666666
A/Oregon/11/2025_H1N1,2025-02-22,2.3333333333333335
A/Oregon/11/2025_H1N1,2025-02-23,1.0
A/Oregon/11/2025_H1N1,2025-02-24,6.333333333333333
A/Oregon/11/2025_H1N1,2025-02-25,7.0
A/Oregon/11/2025_H1N1,2025-02-26,3.0
A/Oregon/11/2025_H1N1,2025-02-27,2.333333333333333
A/Oregon/11/2025_H1N1,2025-02-28,2.333333333333333
A/Oregon/11/2025_H1N1,2025-03-01,1.0
A/Oregon/11/2025_H1N1,2025-03-02,0.5
A/Oregon/11/2025_H1N1,2025-03-03,5.666666666666666
A/Oregon/11/2025_H1N1,2025-03-04,7.0
A/Oregon/11/2025_H1N1,2025-03-05,6.0
A/Oregon/11/2025_H1N1,2025-03-06,6.0
A/Oregon/11/2025_H1N1,2025-03-07,6.0
A/Oregon/11/2025_H1N1,2025-03-08,0.6666666666666666
A/Oregon/11/2025_H1N1,2025-03-09,4.333333333333333
A/Oregon/11/2025_H1N1,2025-03-10,2.0
A/Oregon/11/2025_H1N1,2025-03-11,8.333333333333332
A/Oregon/11/2025_H1N1,2025-03-12,5.333333333333333
A/Oregon/11/2025_H1N1,2025-03-13,5.333333333333333
A/Oregon/11/2025_H1N1,2025-03-14,4.333333333333333
A/Oregon/11/2025_H1N1,2025-03-15,2.0
A/Oregon/11/2025_H1N1,2025-03-16,0.3333333333333333
A/Oregon/11/2025_H1N1,2025-03-17,3.333333333333333
A/Oregon/11/2025_H1N1,2025-03-18,6.833333333333333
A/Oregon/11/2025_H1N1,2025-03-19,2.0
A/Oregon/11/2025_H1N1,2025-03-20,3.0
A/Oregon/11/2025_H1N1,2025-03-21,1.0
A/Oregon/11/2025_H1N1,2025-03-23,3.0
A/Oregon/11/2025_H1N1,2025-03-24,2.6666666666666665
A/Oregon/11/2025_H1N1,2025-03-25,3.6666666666666665
A/Oregon/11/2025_H1N1,2025-03-26,6.333333333333333
A/Oregon/11/2025_H1N1,2025-03-27,5.666666666666666
A/Oregon/11/2025_H1N1,2025-03-30,1.0
A/Oregon/11/2025_H1N1,2025-03-31,8.333333333333334
A/Oregon/11/2025_H1N1,2025-04-01,3.0
A/Oregon/11/2025_H1N1,2025-04-02,4.333333333333333
A/Oregon/11/2025_H1N1,2025-04-03,1.0
A/Oregon/11/2025_H1N1,2025-04-04,4.0
A/Oregon/11/2025_H1N1,2025-04-05,1.0
A/Oregon/11/2025_H1N1,2025-04-07,7.0
A/Oregon/11/2025_H1N1,2025-04-08,3.0
A/Oregon/11/2025_H1N1,2025-04-09,6.666666666666666
A/Oregon/11/2025_H1N1,2025-04-10,1.3333333333333333
A/Oregon/11/2025_H1N1,2025-04-11,1.0
A/Oregon/11/2025_H1N1,2025-04-12,4.333333333333333
A/Oregon/11/2025_H1N1,2025-04-14,2.6666666666666665
A/Oregon/11/2025_H1N1,2025-04-15,3.0
A/Oregon/11/2025_H1N1,2025-04-16,2.0
A/Oregon/11/2025_H1N1,2025-04-17,1.0
A/Oregon/11/2025_H1N1,2025-04-18,0.6666666666666666
A/Oregon/11/2025_H1N1,2025-04-19,0.6666666666666666
A/Oregon/11/2025_H1N1,2025-04-20,1.3333333333333333
A/Oregon/11/2025_H1N1,2025-04-21,4.333333333333333
A/Oregon/11/2025_H1N1,2025-04-22,2.3333333333333335
A/Oregon/11/2025_H1N1,2025-04-23,0.3333333333333333
A/Oregon/11/2025_H1N1,2025-04-24,0.3333333333333333
A/Oregon/11/2025_H1N1,2025-04-25,0.3333333333333333
A/Oregon/11/2025_H1N1,2025-04-26,0.3333333333333333
A/Oregon/11/2025_H1N1,2025-04-27,1.3333333333333333
A/Oregon/11/2025_H1N1,2025-04-28,1.0
A/Oregon/11/2025_H1N1,2025-04-30,2.333333333333333
A/Oregon/11/2025_H1N1,2025-05-03,0.3333333333333333
A/Oregon/11/2025_H1N1,2025-05-05,1.6666666666666665
A/Oregon/11/2025_H1N1,2025-05-07,5.0
A/Oregon/11/2025_H1N1,2025-05-09,2.333333333333333
A/Oregon/11/2025_H1N1,2025-05-11,1.3333333333333333
A/Oregon/11/2025_H1N1,2025-05-12,0.3333333333333333
A/Oregon/11/2025_H1N1,2025-05-13,1.0
A/Oregon/11/2025_H1N1,2025-05-14,1.0
A/Oregon/11/2025_H1N1,2025-05-15,0.3333333333333333
A/Oregon/11/2025_H1N1,2025-05-16,0.3333333333333333
A/Oregon/11/2025_H1N1,2025-05-23,1.6666666666666665
A/Oregon/11/2025_H1N1,2025-05-24,1.0
A/Oregon/11/2025_H1N1,2025-05-30,0.3333333333333333
A/Oregon/11/2025_H1N1,2025-06-03,1.3333333333333333
A/Oregon/11/2025_H1N1,2025-06-06,1.0
A/Oregon/11/2025_H1N1,2025-06-07,1.0
A/Oregon/11/2025_H1N1,2025-06-11,1.0
A/Oregon/11/2025_H1N1,2025-06-15,1.0
A/Oregon/11/2025_H1N1,2025-06-17,0.3333333333333333
A/Oregon/11/2025_H1N1,2025-06-18,0.6666666666666666
A/Oregon/11/2025_H1N1,2025-06-19,2.0
A/Oregon/11/2025_H1N1,2025-06-22,1.0
A/Oregon/11/2025_H1N1,2025-06-23,0.3333333333333333
A/Oregon/11/2025_H1N1,2025-06-24,1.0
A/Oregon/11/2025_H1N1,2025-06-27,0.3333333333333333
A/Oregon/11/2025_H1N1,2025-07-01,0.3333333333333333
A/Oregon/11/2025_H1N1,2025-07-11,0.3333333333333333
A/Oregon/261/2024_H1N1,2024-04-28,0.5
A/Oregon/261/2024_H1N1,2024-05-03,0.5
A/Oregon/261/2024_H1N1,2024-05-28,0.5
A/Oregon/261/2024_H1N1,2024-07-11,1.0
A/Oregon/261/2024_H1N1,2024-07-23,0.5
A/Oregon/261/2024_H1N1,2024-07-29,0.5
A/Oregon/261/2024_H1N1,2024-07-30,0.5
A/Oregon/261/2024_H1N1,2024-08-18,0.5
A/Oregon/261/2024_H1N1,2024-08-25,0.5
A/Oregon/261/2024_H1N1,2024-08-30,2.0
A/Oregon/261/2024_H1N1,2024-09-11,1.0
A/Oregon/261/2024_H1N1,2024-09-14,1.0
A/Oregon/261/2024_H1N1,2024-09-18,2.0
A/Oregon/261/2024_H1N1,2024-09-22,1.0
A/Oregon/261/2024_H1N1,2024-09-24,0.5
A/Oregon/261/2024_H1N1,2024-09-28,1.0
A/Oregon/261/2024_H1N1,2024-09-30,1.0
A/Oregon/261/2024_H1N1,2024-10-03,0.5
A/Oregon/261/2024_H1N1,2024-10-10,1.0
A/Oregon/261/2024_H1N1,2024-10-11,1.0
A/Oregon/261/2024_H1N1,2024-10-12,1.0
A/Oregon/261/2024_H1N1,2024-10-13,1.0
A/Oregon/261/2024_H1N1,2024-10-16,1.5
A/Oregon/261/2024_H1N1,2024-10-17,3.0
A/Oregon/261/2024_H1N1,2024-10-18,1.5
A/Oregon/261/2024_H1N1,2024-10-19,2.0
A/Oregon/261/2024_H1N1,2024-10-20,1.0
A/Oregon/261/2024_H1N1,2024-10-21,3.0
A/Oregon/261/2024_H1N1,2024-10-22,4.0
A/Oregon/261/2024_H1N1,2024-10-23,1.0
A/Oregon/261/2024_H1N1,2024-10-24,1.0
A/Oregon/261/2024_H1N1,2024-10-26,2.0
A/Oregon/261/2024_H1N1,2024-10-28,3.0
A/Oregon/261/2024_H1N1,2024-10-29,4.0
A/Oregon/261/2024_H1N1,2024-11-02,2.0
A/Oregon/261/2024_H1N1,2024-11-04,1.5
A/Oregon/261/2024_H1N1,2024-11-05,1.0
A/Oregon/261/2024_H1N1,2024-11-07,3.0
A/Oregon/261/2024_H1N1,2024-11-11,1.0
A/Oregon/261/2024_H1N1,2024-11-12,2.0
A/Oregon/261/2024_H1N1,2024-11-13,1.0
A/Oregon/261/2024_H1N1,2024-11-15,2.0
A/Oregon/261/2024_H1N1,2024-11-19,1.0
A/Oregon/261/2024_H1N1,2024-11-20,2.0
A/Oregon/261/2024_H1N1,2024-11-23,1.0
A/Oregon/261/2024_H1N1,2024-11-28,2.0
A/Oregon/261/2024_H1N1,2024-12-01,1.0
A/Oregon/261/2024_H1N1,2024-12-02,4.0
A/Oregon/261/2024_H1N1,2024-12-05,2.0
A/Oregon/261/2024_H1N1,2024-12-08,1.0
A/Oregon/261/2024_H1N1,2024-12-09,2.0
A/Oregon/261/2024_H1N1,2024-12-12,1.0
A/Oregon/261/2024_H1N1,2024-12-13,1.0
A/Oregon/261/2024_H1N1,2024-12-16,2.0
A/Oregon/261/2024_H1N1,2024-12-19,1.0
A/Oregon/261/2024_H1N1,2024-12-21,1.0
A/Oregon/261/2024_H1N1,2024-12-24,5.0
A/Oregon/261/2024_H1N1,2024-12-25,1.0
A/Oregon/261/2024_H1N1,2024-12-27,3.0
A/Oregon/261/2024_H1N1,2024-12-30,3.0
A/Oregon/261/2024_H1N1,2025-01-05,1.0
A/Oregon/261/2024_H1N1,2025-01-08,1.0
A/Oregon/261/2024_H1N1,2025-01-10,1.0
A/Oregon/261/2024_H1N1,2025-01-11,1.0
A/Oregon/261/2024_H1N1,2025-01-12,1.0
A/Oregon/261/2024_H1N1,2025-01-13,2.0
A/Oregon/261/2024_H1N1,2025-01-15,1.0
A/Oregon/261/2024_H1N1,2025-01-16,1.5
A/Oregon/261/2024_H1N1,2025-01-18,1.0
A/Oregon/261/2024_H1N1,2025-01-21,1.0
A/Oregon/261/2024_H1N1,2025-01-23,0.5
A/Oregon/261/2024_H1N1,2025-03-06,1.0
A/Oregon/261/2024_H1N1,2025-03-19,1.0
A/Pakistan/306/2024_H1N1,2024-04-30,0.5
A/Pakistan/306/2024_H1N1,2024-05-04,1.0
A/Pakistan/306/2024_H1N1,2024-05-05,1.0
A/Pakistan/306/2024_H1N1,2024-05-06,1.0
A/Pakistan/306/2024_H1N1,2024-05-07,1.0
A/Pakistan/306/2024_H1N1,2024-05-10,1.5
A/Pakistan/306/2024_H1N1,2024-05-14,0.5
A/Pakistan/306/2024_H1N1,2024-06-25,0.5
A/Pakistan/306/2024_H1N1,2024-08-28,1.0
A/Pakistan/306/2024_H1N1,2024-09-01,1.0
A/Pakistan/306/2024_H1N1,2024-09-02,1.0
A/Pakistan/306/2024_H1N1,2024-09-04,1.0
A/Pakistan/306/2024_H1N1,2024-09-07,1.0
A/Pakistan/306/2024_H1N1,2024-09-09,2.0
A/Pakistan/306/2024_H1N1,2024-09-10,3.0
A/Pakistan/306/2024_H1N1,2024-09-11,1.0
A/Pakistan/306/2024_H1N1,2024-09-13,1.0
A/Pakistan/306/2024_H1N1,2024-09-14,1.0
A/Pakistan/306/2024_H1N1,2024-09-18,3.0
A/Pakistan/306/2024_H1N1,2024-09-19,1.0
A/Pakistan/306/2024_H1N1,2024-09-20,1.0
A/Pakistan/306/2024_H1N1,2024-09-22,1.0
A/Pakistan/306/2024_H1N1,2024-09-23,3.0
A/Pakistan/306/2024_H1N1,2024-09-24,2.0
A/Pakistan/306/2024_H1N1,2024-09-25,4.0
A/Pakistan/306/2024_H1N1,2024-09-26,1.0
A/Pakistan/306/2024_H1N1,2024-10-02,1.0
A/Pakistan/306/2024_H1N1,2024-10-03,2.0
A/Pakistan/306/2024_H1N1,2024-10-05,1.0
A/Pakistan/306/2024_H1N1,2024-10-10,1.0
A/Pakistan/306/2024_H1N1,2024-10-12,1.0
A/Pakistan/306/2024_H1N1,2024-10-14,1.0
A/Pakistan/306/2024_H1N1,2024-10-15,1.0
A/Pakistan/306/2024_H1N1,2024-10-16,1.0
A/Pakistan/306/2024_H1N1,2024-10-18,2.0
A/Pakistan/306/2024_H1N1,2024-10-21,1.0
A/Pakistan/306/2024_H1N1,2024-10-22,3.0
A/Pakistan/306/2024_H1N1,2024-10-24,1.0
A/Pakistan/306/2024_H1N1,2024-10-26,1.0
A/Pakistan/306/2024_H1N1,2024-10-28,1.0
A/Pakistan/306/2024_H1N1,2024-10-31,1.0
A/Pakistan/306/2024_H1N1,2024-11-03,0.5
A/Pakistan/306/2024_H1N1,2024-11-12,1.0
A/Pakistan/306/2024_H1N1,2024-11-15,1.0
A/Pakistan/306/2024_H1N1,2024-11-16,1.0
A/Pakistan/306/2024_H1N1,2024-11-21,1.0
A/Pakistan/306/2024_H1N1,2024-11-22,1.0
A/Pakistan/306/2024_H1N1,2024-11-26,0.5
A/Pakistan/306/2024_H1N1,2024-11-27,1.0
A/Pakistan/306/2024_H1N1,2024-11-30,1.0
A/Pakistan/306/2024_H1N1,2024-12-01,2.0
A/Pakistan/306/2024_H1N1,2024-12-02,1.0
A/Pakistan/306/2024_H1N1,2024-12-05,2.0
A/Pakistan/306/2024_H1N1,2024-12-11,1.0
A/Pakistan/306/2024_H1N1,2024-12-12,1.0
A/Pakistan/306/2024_H1N1,2024-12-14,1.0
A/Pakistan/306/2024_H1N1,2024-12-18,1.0
A/Pakistan/306/2024_H1N1,2024-12-19,0.5
A/Pakistan/306/2024_H1N1,2024-12-20,2.0
A/Pakistan/306/2024_H1N1,2024-12-23,1.0
A/Pakistan/306/2024_H1N1,2024-12-24,1.0
A/Pakistan/306/2024_H1N1,2024-12-28,1.5
A/Pakistan/306/2024_H1N1,2024-12-29,2.0
A/Pakistan/306/2024_H1N1,2024-12-30,2.0
A/Pakistan/306/2024_H1N1,2024-12-31,3.0
A/Pakistan/306/2024_H1N1,2025-01-02,1.0
A/Pakistan/306/2024_H1N1,2025-01-06,1.0
A/Pakistan/306/2024_H1N1,2025-01-07,1.5
A/Pakistan/306/2024_H1N1,2025-01-08,1.0
A/Pakistan/306/2024_H1N1,2025-01-09,1.0
A/Pakistan/306/2024_H1N1,2025-01-12,3.0
A/Pakistan/306/2024_H1N1,2025-01-14,2.0
A/Pakistan/306/2024_H1N1,2025-01-15,2.0
A/Pakistan/306/2024_H1N1,2025-01-18,2.0
A/Pakistan/306/2024_H1N1,2025-01-19,1.0
A/Pakistan/306/2024_H1N1,2025-01-20,1.0
A/Pakistan/306/2024_H1N1,2025-01-21,1.0
A/Pakistan/306/2024_H1N1,2025-01-22,1.0
A/Pakistan/306/2024_H1N1,2025-01-23,1.0
A/Pakistan/306/2024_H1N1,2025-01-27,1.0
A/Pakistan/306/2024_H1N1,2025-01-30,2.0
A/Pakistan/306/2024_H1N1,2025-02-04,1.5
A/Pakistan/306/2024_H1N1,2025-02-05,0.5
A/Pakistan/306/2024_H1N1,2025-02-06,1.0
A/Pakistan/306/2024_H1N1,2025-02-14,1.0
A/Pakistan/306/2024_H1N1,2025-02-16,1.0
A/Pakistan/306/2024_H1N1,2025-03-04,1.0
A/Pakistan/306/2024_H1N1,2025-03-07,1.0
A/Qatar/83328/2024_H1N1,2024-05-15,1.0
A/Qatar/83328/2024_H1N1,2024-06-17,1.0
A/Qatar/83328/2024_H1N1,2024-06-18,1.0
A/Qatar/83328/2024_H1N1,2024-06-24,2.0
A/Qatar/83328/2024_H1N1,2024-06-26,1.0
A/Qatar/83328/2024_H1N1,2024-06-28,1.0
A/Qatar/83328/2024_H1N1,2024-07-02,1.0
A/Qatar/83328/2024_H1N1,2024-07-16,1.0
A/Qatar/83328/2024_H1N1,2024-07-17,1.0
A/Qatar/83328/2024_H1N1,2024-07-18,3.0
A/Qatar/83328/2024_H1N1,2024-07-20,1.0
A/Qatar/83328/2024_H1N1,2024-07-22,1.0
A/Qatar/83328/2024_H1N1,2024-07-23,4.0
A/Qatar/83328/2024_H1N1,2024-07-25,1.0
A/Qatar/83328/2024_H1N1,2024-07-26,1.5
A/Qatar/83328/2024_H1N1,2024-07-29,1.5
A/Qatar/83328/2024_H1N1,2024-07-31,1.0
A/Qatar/83328/2024_H1N1,2024-08-01,1.0
A/Qatar/83328/2024_H1N1,2024-08-05,1.0
A/Qatar/83328/2024_H1N1,2024-08-07,1.0
A/Qatar/83328/2024_H1N1,2024-08-08,3.0
A/Qatar/83328/2024_H1N1,2024-08-09,2.0
A/Qatar/83328/2024_H1N1,2024-08-10,1.0
A/Qatar/83328/2024_H1N1,2024-08-11,4.0
A/Qatar/83328/2024_H1N1,2024-08-12,1.0
A/Qatar/83328/2024_H1N1,2024-08-13,3.0
A/Qatar/83328/2024_H1N1,2024-08-14,1.0
A/Qatar/83328/2024_H1N1,2024-08-16,1.0
A/Qatar/83328/2024_H1N1,2024-08-17,2.0
A/Qatar/83328/2024_H1N1,2024-08-18,1.0
A/Qatar/83328/2024_H1N1,2024-08-19,3.3333333333333335
A/Qatar/83328/2024_H1N1,2024-08-21,1.0
A/Qatar/83328/2024_H1N1,2024-08-22,2.0
A/Qatar/83328/2024_H1N1,2024-08-23,4.0
A/Qatar/83328/2024_H1N1,2024-08-24,4.0
A/Qatar/83328/2024_H1N1,2024-08-27,2.0
A/Qatar/83328/2024_H1N1,2024-08-28,2.0
A/Qatar/83328/2024_H1N1,2024-08-29,1.0
A/Qatar/83328/2024_H1N1,2024-08-30,4.0
A/Qatar/83328/2024_H1N1,2024-08-31,1.0
A/Qatar/83328/2024_H1N1,2024-09-02,3.0
A/Qatar/83328/2024_H1N1,2024-09-03,2.0
A/Qatar/83328/2024_H1N1,2024-09-04,3.3333333333333335
A/Qatar/83328/2024_H1N1,2024-09-05,3.0
A/Qatar/83328/2024_H1N1,2024-09-06,3.0
A/Qatar/83328/2024_H1N1,2024-09-07,1.3333333333333333
A/Qatar/83328/2024_H1N1,2024-09-08,2.0
A/Qatar/83328/2024_H1N1,2024-09-09,3.0
A/Qatar/83328/2024_H1N1,2024-09-10,5.0
A/Qatar/83328/2024_H1N1,2024-09-11,5.0
A/Qatar/83328/2024_H1N1,2024-09-12,6.0
A/Qatar/83328/2024_H1N1,2024-09-13,5.5
A/Qatar/83328/2024_H1N1,2024-09-14,2.0
A/Qatar/83328/2024_H1N1,2024-09-15,1.0
A/Qatar/83328/2024_H1N1,2024-09-16,4.0
A/Qatar/83328/2024_H1N1,2024-09-17,2.0
A/Qatar/83328/2024_H1N1,2024-09-18,4.0
A/Qatar/83328/2024_H1N1,2024-09-19,7.5
A/Qatar/83328/2024_H1N1,2024-09-20,7.0
A/Qatar/83328/2024_H1N1,2024-09-22,1.0
A/Qatar/83328/2024_H1N1,2024-09-23,0.3333333333333333
A/Qatar/83328/2024_H1N1,2024-09-24,3.0
A/Qatar/83328/2024_H1N1,2024-09-25,5.0
A/Qatar/83328/2024_H1N1,2024-09-26,6.0
A/Qatar/83328/2024_H1N1,2024-09-27,1.0
A/Qatar/83328/2024_H1N1,2024-09-30,4.0
A/Qatar/83328/2024_H1N1,2024-10-01,3.0
A/Qatar/83328/2024_H1N1,2024-10-02,2.0
A/Qatar/83328/2024_H1N1,2024-10-03,1.3333333333333333
A/Qatar/83328/2024_H1N1,2024-10-05,1.0
A/Qatar/83328/2024_H1N1,2024-10-06,1.0
A/Qatar/83328/2024_H1N1,2024-10-07,3.5
A/Qatar/83328/2024_H1N1,2024-10-08,3.6666666666666665
A/Qatar/83328/2024_H1N1,2024-10-09,4.0
A/Qatar/83328/2024_H1N1,2024-10-10,2.0
A/Qatar/83328/2024_H1N1,2024-10-11,5.0
A/Qatar/83328/2024_H1N1,2024-10-12,3.0
A/Qatar/83328/2024_H1N1,2024-10-14,5.0
A/Qatar/83328/2024_H1N1,2024-10-15,5.0
A/Qatar/83328/2024_H1N1,2024-10-16,9.0
A/Qatar/83328/2024_H1N1,2024-10-17,2.0
A/Qatar/83328/2024_H1N1,2024-10-18,4.666666666666666
A/Qatar/83328/2024_H1N1,2024-10-19,7.0
A/Qatar/83328/2024_H1N1,2024-10-20,1.0
A/Qatar/83328/2024_H1N1,2024-10-21,6.0
A/Qatar/83328/2024_H1N1,2024-10-22,9.0
A/Qatar/83328/2024_H1N1,2024-10-23,13.333333333333334
A/Qatar/83328/2024_H1N1,2024-10-24,11.0
A/Qatar/83328/2024_H1N1,2024-10-25,12.0
A/Qatar/83328/2024_H1N1,2024-10-26,3.0
A/Qatar/83328/2024_H1N1,2024-10-27,2.0
A/Qatar/83328/2024_H1N1,2024-10-28,18.0
A/Qatar/83328/2024_H1N1,2024-10-29,6.0
A/Qatar/83328/2024_H1N1,2024-10-30,8.333333333333334
A/Qatar/83328/2024_H1N1,2024-10-31,7.0
A/Qatar/83328/2024_H1N1,2024-11-01,6.0
A/Qatar/83328/2024_H1N1,2024-11-02,3.0
A/Qatar/83328/2024_H1N1,2024-11-03,5.333333333333333
A/Qatar/83328/2024_H1N1,2024-11-04,5.0
A/Qatar/83328/2024_H1N1,2024-11-05,14.0
A/Qatar/83328/2024_H1N1,2024-11-06,13.333333333333334
A/Qatar/83328/2024_H1N1,2024-11-07,17.0
A/Qatar/83328/2024_H1N1,2024-11-08,3.5
A/Qatar/83328/2024_H1N1,2024-11-09,9.833333333333334
A/Qatar/83328/2024_H1N1,2024-11-10,6.0
A/Qatar/83328/2024_H1N1,2024-11-11,13.0
A/Qatar/83328/2024_H1N1,2024-11-12,14.0
A/Qatar/83328/2024_H1N1,2024-11-13,17.333333333333332
A/Qatar/83328/2024_H1N1,2024-11-14,17.333333333333332
A/Qatar/83328/2024_H1N1,2024-11-15,14.0
A/Qatar/83328/2024_H1N1,2024-11-16,9.0
A/Qatar/83328/2024_H1N1,2024-11-17,4.0
A/Qatar/83328/2024_H1N1,2024-11-18,17.833333333333332
A/Qatar/83328/2024_H1N1,2024-11-19,17.5
A/Qatar/83328/2024_H1N1,2024-11-20,15.0
A/Qatar/83328/2024_H1N1,2024-11-21,16.833333333333332
A/Qatar/83328/2024_H1N1,2024-11-22,13.0
A/Qatar/83328/2024_H1N1,2024-11-23,12.0
A/Qatar/83328/2024_H1N1,2024-11-24,17.0
A/Qatar/83328/2024_H1N1,2024-11-25,26.166666666666668
A/Qatar/83328/2024_H1N1,2024-11-26,26.5
A/Qatar/83328/2024_H1N1,2024-11-27,28.833333333333332
A/Qatar/83328/2024_H1N1,2024-11-28,18.833333333333332
A/Qatar/83328/2024_H1N1,2024-11-29,24.833333333333332
A/Qatar/83328/2024_H1N1,2024-11-30,4.666666666666666
A/Qatar/83328/2024_H1N1,2024-12-01,22.0
A/Qatar/83328/2024_H1N1,2024-12-02,28.666666666666668
A/Qatar/83328/2024_H1N1,2024-12-03,21.666666666666668
A/Qatar/83328/2024_H1N1,2024-12-04,26.166666666666668
A/Qatar/83328/2024_H1N1,2024-12-05,31.833333333333332
A/Qatar/83328/2024_H1N1,2024-12-06,23.166666666666668
A/Qatar/83328/2024_H1N1,2024-12-07,17.0
A/Qatar/83328/2024_H1N1,2024-12-08,10.0
A/Qatar/83328/2024_H1N1,2024-12-09,32.333333333333336
A/Qatar/83328/2024_H1N1,2024-12-10,49.166666666666664
A/Qatar/83328/2024_H1N1,2024-12-11,35.333333333333336
A/Qatar/83328/2024_H1N1,2024-12-12,35.0
A/Qatar/83328/2024_H1N1,2024-12-13,40.0
A/Qatar/83328/2024_H1N1,2024-12-14,21.0
A/Qatar/83328/2024_H1N1,2024-12-15,17.833333333333332
A/Qatar/83328/2024_H1N1,2024-12-16,53.333333333333336
A/Qatar/83328/2024_H1N1,2024-12-17,55.5
A/Qatar/83328/2024_H1N1,2024-12-18,32.833333333333336
A/Qatar/83328/2024_H1N1,2024-12-19,45.5
A/Qatar/83328/2024_H1N1,2024-12-20,41.333333333333336
A/Qatar/83328/2024_H1N1,2024-12-21,17.833333333333332
A/Qatar/83328/2024_H1N1,2024-12-22,27.833333333333332
A/Qatar/83328/2024_H1N1,2024-12-23,47.0
A/Qatar/83328/2024_H1N1,2024-12-24,32.333333333333336
A/Qatar/83328/2024_H1N1,2024-12-25,12.333333333333334
A/Qatar/83328/2024_H1N1,2024-12-26,30.333333333333332
A/Qatar/83328/2024_H1N1,2024-12-27,50.5
A/Qatar/83328/2024_H1N1,2024-12-28,15.833333333333334
A/Qatar/83328/2024_H1N1,2024-12-29,22.5
A/Qatar/83328/2024_H1N1,2024-12-30,54.166666666666664
A/Qatar/83328/2024_H1N1,2024-12-31,45.0
A/Qatar/83328/2024_H1N1,2025-01-01,21.333333333333332
A/Qatar/83328/2024_H1N1,2025-01-02,44.333333333333336
A/Qatar/83328/2024_H1N1,2025-01-03,48.0
A/Qatar/83328/2024_H1N1,2025-01-04,31.0
A/Qatar/83328/2024_H1N1,2025-01-05,29.5
A/Qatar/83328/2024_H1N1,2025-01-06,48.0
A/Qatar/83328/2024_H1N1,2025-01-07,49.5
A/Qatar/83328/2024_H1N1,2025-01-08,46.5
A/Qatar/83328/2024_H1N1,2025-01-09,64.66666666666667
A/Qatar/83328/2024_H1N1,2025-01-10,42.833333333333336
A/Qatar/83328/2024_H1N1,2025-01-11,25.666666666666668
A/Qatar/83328/2024_H1N1,2025-01-12,19.666666666666668
A/Qatar/83328/2024_H1N1,2025-01-13,66.83333333333333
A/Qatar/83328/2024_H1N1,2025-01-14,62.333333333333336
A/Qatar/83328/2024_H1N1,2025-01-15,71.16666666666667
A/Qatar/83328/2024_H1N1,2025-01-16,53.0
A/Qatar/83328/2024_H1N1,2025-01-17,46.0
A/Qatar/83328/2024_H1N1,2025-01-18,32.666666666666664
A/Qatar/83328/2024_H1N1,2025-01-19,26.333333333333332
A/Qatar/83328/2024_H1N1,2025-01-20,53.333333333333336
A/Qatar/83328/2024_H1N1,2025-01-21,56.5
A/Qatar/83328/2024_H1N1,2025-01-22,51.333333333333336
A/Qatar/83328/2024_H1N1,2025-01-23,57.166666666666664
A/Qatar/83328/2024_H1N1,2025-01-24,30.5
A/Qatar/83328/2024_H1N1,2025-01-25,25.0
A/Qatar/83328/2024_H1N1,2025-01-26,15.166666666666666
A/Qatar/83328/2024_H1N1,2025-01-27,53.833333333333336
A/Qatar/83328/2024_H1N1,2025-01-28,55.5
A/Qatar/83328/2024_H1N1,2025-01-29,36.0
A/Qatar/83328/2024_H1N1,2025-01-30,50.333333333333336
A/Qatar/83328/2024_H1N1,2025-01-31,28.333333333333332
A/Qatar/83328/2024_H1N1,2025-02-01,19.833333333333332
A/Qatar/83328/2024_H1N1,2025-02-02,23.666666666666668
A/Qatar/83328/2024_H1N1,2025-02-03,47.833333333333336
A/Qatar/83328/2024_H1N1,2025-02-04,52.5
A/Qatar/83328/2024_H1N1,2025-02-05,27.666666666666668
A/Qatar/83328/2024_H1N1,2025-02-06,32.833333333333336
A/Qatar/83328/2024_H1N1,2025-02-07,17.666666666666668
A/Qatar/83328/2024_H1N1,2025-02-08,10.666666666666666
A/Qatar/83328/2024_H1N1,2025-02-09,20.0
A/Qatar/83328/2024_H1N1,2025-02-10,33.666666666666664
A/Qatar/83328/2024_H1N1,2025-02-11,28.5
A/Qatar/83328/2024_H1N1,2025-02-12,30.666666666666668
A/Qatar/83328/2024_H1N1,2025-02-13,22.666666666666668
A/Qatar/83328/2024_H1N1,2025-02-14,28.333333333333332
A/Qatar/83328/2024_H1N1,2025-02-15,7.666666666666666
A/Qatar/83328/2024_H1N1,2025-02-16,9.333333333333334
A/Qatar/83328/2024_H1N1,2025-02-17,25.166666666666668
A/Qatar/83328/2024_H1N1,2025-02-18,22.333333333333332
A/Qatar/83328/2024_H1N1,2025-02-19,30.0
A/Qatar/83328/2024_H1N1,2025-02-20,23.833333333333332
A/Qatar/83328/2024_H1N1,2025-02-21,16.666666666666668
A/Qatar/83328/2024_H1N1,2025-02-22,4.833333333333333
A/Qatar/83328/2024_H1N1,2025-02-23,8.0
A/Qatar/83328/2024_H1N1,2025-02-24,20.833333333333332
A/Qatar/83328/2024_H1N1,2025-02-25,19.0
A/Qatar/83328/2024_H1N1,2025-02-26,14.5
A/Qatar/83328/2024_H1N1,2025-02-27,12.833333333333334
A/Qatar/83328/2024_H1N1,2025-02-28,9.333333333333334
A/Qatar/83328/2024_H1N1,2025-03-01,5.0
A/Qatar/83328/2024_H1N1,2025-03-02,5.0
A/Qatar/83328/2024_H1N1,2025-03-03,15.666666666666666
A/Qatar/83328/2024_H1N1,2025-03-04,9.0
A/Qatar/83328/2024_H1N1,2025-03-05,3.0
A/Qatar/83328/2024_H1N1,2025-03-06,17.0
A/Qatar/83328/2024_H1N1,2025-03-07,12.0
A/Qatar/83328/2024_H1N1,2025-03-08,7.666666666666667
A/Qatar/83328/2024_H1N1,2025-03-09,3.333333333333333
A/Qatar/83328/2024_H1N1,2025-03-10,15.0
A/Qatar/83328/2024_H1N1,2025-03-11,3.3333333333333335
A/Qatar/83328/2024_H1N1,2025-03-12,7.333333333333333
A/Qatar/83328/2024_H1N1,2025-03-13,5.333333333333333
A/Qatar/83328/2024_H1N1,2025-03-14,6.333333333333333
A/Qatar/83328/2024_H1N1,2025-03-15,1.0
A/Qatar/83328/2024_H1N1,2025-03-16,5.333333333333333
A/Qatar/83328/2024_H1N1,2025-03-17,6.833333333333333
A/Qatar/83328/2024_H1N1,2025-03-18,5.833333333333333
A/Qatar/83328/2024_H1N1,2025-03-19,2.5
A/Qatar/83328/2024_H1N1,2025-03-20,3.5
A/Qatar/83328/2024_H1N1,2025-03-21,4.0
A/Qatar/83328/2024_H1N1,2025-03-22,1.0
A/Qatar/83328/2024_H1N1,2025-03-23,1.0
A/Qatar/83328/2024_H1N1,2025-03-24,7.666666666666666
A/Qatar/83328/2024_H1N1,2025-03-25,1.6666666666666665
A/Qatar/83328/2024_H1N1,2025-03-26,2.3333333333333335
A/Qatar/83328/2024_H1N1,2025-03-27,4.666666666666666
A/Qatar/83328/2024_H1N1,2025-03-28,1.5
A/Qatar/83328/2024_H1N1,2025-03-29,2.0
A/Qatar/83328/2024_H1N1,2025-03-30,3.0
A/Qatar/83328/2024_H1N1,2025-03-31,7.333333333333333
A/Qatar/83328/2024_H1N1,2025-04-01,3.0
A/Qatar/83328/2024_H1N1,2025-04-02,4.333333333333333
A/Qatar/83328/2024_H1N1,2025-04-03,3.0
A/Qatar/83328/2024_H1N1,2025-04-04,3.0
A/Qatar/83328/2024_H1N1,2025-04-05,1.0
A/Qatar/83328/2024_H1N1,2025-04-06,1.0
A/Qatar/83328/2024_H1N1,2025-04-07,1.0
A/Qatar/83328/2024_H1N1,2025-04-08,3.0
A/Qatar/83328/2024_H1N1,2025-04-09,1.6666666666666665
A/Qatar/83328/2024_H1N1,2025-04-10,7.333333333333333
A/Qatar/83328/2024_H1N1,2025-04-11,5.0
A/Qatar/83328/2024_H1N1,2025-04-12,1.3333333333333333
A/Qatar/83328/2024_H1N1,2025-04-14,1.6666666666666665
A/Qatar/83328/2024_H1N1,2025-04-15,5.0
A/Qatar/83328/2024_H1N1,2025-04-16,3.0
A/Qatar/83328/2024_H1N1,2025-04-17,2.0
A/Qatar/83328/2024_H1N1,2025-04-18,1.6666666666666665
A/Qatar/83328/2024_H1N1,2025-04-19,4.666666666666667
A/Qatar/83328/2024_H1N1,2025-04-20,1.3333333333333333
A/Qatar/83328/2024_H1N1,2025-04-21,2.3333333333333335
A/Qatar/83328/2024_H1N1,2025-04-22,0.3333333333333333
A/Qatar/83328/2024_H1N1,2025-04-23,2.333333333333333
A/Qatar/83328/2024_H1N1,2025-04-24,1.3333333333333333
A/Qatar/83328/2024_H1N1,2025-04-25,0.3333333333333333
A/Qatar/83328/2024_H1N1,2025-04-26,3.333333333333333
A/Qatar/83328/2024_H1N1,2025-04-27,0.3333333333333333
A/Qatar/83328/2024_H1N1,2025-04-29,2.0
A/Qatar/83328/2024_H1N1,2025-04-30,0.3333333333333333
A/Qatar/83328/2024_H1N1,2025-05-01,1.0
A/Qatar/83328/2024_H1N1,2025-05-02,1.0
A/Qatar/83328/2024_H1N1,2025-05-03,1.3333333333333333
A/Qatar/83328/2024_H1N1,2025-05-05,1.6666666666666665
A/Qatar/83328/2024_H1N1,2025-05-09,1.3333333333333333
A/Qatar/83328/2024_H1N1,2025-05-11,0.3333333333333333
A/Qatar/83328/2024_H1N1,2025-05-12,0.3333333333333333
A/Qatar/83328/2024_H1N1,2025-05-13,1.0
A/Qatar/83328/2024_H1N1,2025-05-15,0.3333333333333333
A/Qatar/83328/2024_H1N1,2025-05-16,0.3333333333333333
A/Qatar/83328/2024_H1N1,2025-05-19,2.0
A/Qatar/83328/2024_H1N1,2025-05-20,1.0
A/Qatar/83328/2024_H1N1,2025-05-21,2.0
A/Qatar/83328/2024_H1N1,2025-05-23,0.6666666666666666
A/Qatar/83328/2024_H1N1,2025-05-29,1.0
A/Qatar/83328/2024_H1N1,2025-05-30,1.3333333333333333
A/Qatar/83328/2024_H1N1,2025-06-03,1.3333333333333333
A/Qatar/83328/2024_H1N1,2025-06-17,0.3333333333333333
A/Qatar/83328/2024_H1N1,2025-06-18,0.6666666666666666
A/Qatar/83328/2024_H1N1,2025-06-19,1.0
A/Qatar/83328/2024_H1N1,2025-06-20,1.0
A/Qatar/83328/2024_H1N1,2025-06-23,0.3333333333333333
A/Qatar/83328/2024_H1N1,2025-06-27,1.3333333333333333
A/Qatar/83328/2024_H1N1,2025-07-01,0.3333333333333333
A/Qatar/83328/2024_H1N1,2025-07-11,0.3333333333333333
A/Qinghai-Chengzhong/SWL1410/2024_H1N1,2024-05-31,1.0
A/Qinghai-Chengzhong/SWL1410/2024_H1N1,2024-06-05,1.0
A/Qinghai-Chengzhong/SWL1410/2024_H1N1,2024-06-06,1.0
A/Qinghai-Chengzhong/SWL1410/2024_H1N1,2024-06-13,2.0
A/Qinghai-Chengzhong/SWL1410/2024_H1N1,2024-07-02,1.0
A/Qinghai-Chengzhong/SWL1410/2024_H1N1,2024-07-09,1.5
A/Qinghai-Chengzhong/SWL1410/2024_H1N1,2024-07-20,1.0
A/Qinghai-Chengzhong/SWL1410/2024_H1N1,2024-07-21,1.0
A/Qinghai-Chengzhong/SWL1410/2024_H1N1,2024-07-30,1.0
A/Qinghai-Chengzhong/SWL1410/2024_H1N1,2024-07-31,1.0
A/Qinghai-Chengzhong/SWL1410/2024_H1N1,2024-08-01,1.0
A/Qinghai-Chengzhong/SWL1410/2024_H1N1,2024-08-07,2.0
A/Qinghai-Chengzhong/SWL1410/2024_H1N1,2024-08-23,1.0
A/Qinghai-Chengzhong/SWL1410/2024_H1N1,2024-09-05,1.0
A/Qinghai-Chengzhong/SWL1410/2024_H1N1,2024-10-03,1.0
A/Qinghai-Chengzhong/SWL1410/2024_H1N1,2024-10-05,1.0
A/Qinghai-Chengzhong/SWL1410/2024_H1N1,2024-10-20,1.0
A/Qinghai-Chengzhong/SWL1410/2024_H1N1,2024-10-22,1.0
A/Qinghai-Chengzhong/SWL1410/2024_H1N1,2024-10-25,2.0
A/Qinghai-Chengzhong/SWL1410/2024_H1N1,2024-11-02,1.0
A/Qinghai-Chengzhong/SWL1410/2024_H1N1,2024-11-03,0.5
A/Qinghai-Chengzhong/SWL1410/2024_H1N1,2024-11-12,1.0
A/Qinghai-Chengzhong/SWL1410/2024_H1N1,2024-11-19,1.0
A/Qinghai-Chengzhong/SWL1410/2024_H1N1,2024-11-26,1.5
A/Qinghai-Chengzhong/SWL1410/2024_H1N1,2024-12-26,0.5
A/Qinghai-Chengzhong/SWL1410/2024_H1N1,2024-12-31,1.0
A/Qinghai-Chengzhong/SWL1410/2024_H1N1,2025-01-02,2.5
A/Qinghai-Chengzhong/SWL1410/2024_H1N1,2025-01-03,1.0
A/Qinghai-Chengzhong/SWL1410/2024_H1N1,2025-01-05,2.0
A/Qinghai-Chengzhong/SWL1410/2024_H1N1,2025-01-07,0.5
A/Qinghai-Chengzhong/SWL1410/2024_H1N1,2025-01-08,0.5
A/Qinghai-Chengzhong/SWL1410/2024_H1N1,2025-01-10,1.0
A/Qinghai-Chengzhong/SWL1410/2024_H1N1,2025-01-13,2.0
A/Qinghai-Chengzhong/SWL1410/2024_H1N1,2025-01-14,4.0
A/Qinghai-Chengzhong/SWL1410/2024_H1N1,2025-01-16,1.0
A/Qinghai-Chengzhong/SWL1410/2024_H1N1,2025-01-17,1.0
A/Qinghai-Chengzhong/SWL1410/2024_H1N1,2025-01-18,1.5
A/Qinghai-Chengzhong/SWL1410/2024_H1N1,2025-01-20,2.5
A/Qinghai-Chengzhong/SWL1410/2024_H1N1,2025-01-21,2.5
A/Qinghai-Chengzhong/SWL1410/2024_H1N1,2025-01-22,1.0
A/Qinghai-Chengzhong/SWL1410/2024_H1N1,2025-01-23,3.0
A/Qinghai-Chengzhong/SWL1410/2024_H1N1,2025-01-24,1.0
A/Qinghai-Chengzhong/SWL1410/2024_H1N1,2025-01-27,5.0
A/Qinghai-Chengzhong/SWL1410/2024_H1N1,2025-01-29,1.0
A/Qinghai-Chengzhong/SWL1410/2024_H1N1,2025-01-31,1.0
A/Qinghai-Chengzhong/SWL1410/2024_H1N1,2025-02-01,2.0
A/Qinghai-Chengzhong/SWL1410/2024_H1N1,2025-02-02,5.0
A/Qinghai-Chengzhong/SWL1410/2024_H1N1,2025-02-03,8.0
A/Qinghai-Chengzhong/SWL1410/2024_H1N1,2025-02-04,2.0
A/Qinghai-Chengzhong/SWL1410/2024_H1N1,2025-02-05,1.0
A/Qinghai-Chengzhong/SWL1410/2024_H1N1,2025-02-06,1.0
A/Qinghai-Chengzhong/SWL1410/2024_H1N1,2025-02-07,2.0
A/Qinghai-Chengzhong/SWL1410/2024_H1N1,2025-02-08,3.0
A/Qinghai-Chengzhong/SWL1410/2024_H1N1,2025-02-09,3.0
A/Qinghai-Chengzhong/SWL1410/2024_H1N1,2025-02-10,6.0
A/Qinghai-Chengzhong/SWL1410/2024_H1N1,2025-02-11,4.0
A/Qinghai-Chengzhong/SWL1410/2024_H1N1,2025-02-12,2.0
A/Qinghai-Chengzhong/SWL1410/2024_H1N1,2025-02-13,2.0
A/Qinghai-Chengzhong/SWL1410/2024_H1N1,2025-02-14,2.0
A/Qinghai-Chengzhong/SWL1410/2024_H1N1,2025-02-15,4.0
A/Qinghai-Chengzhong/SWL1410/2024_H1N1,2025-02-16,2.0
A/Qinghai-Chengzhong/SWL1410/2024_H1N1,2025-02-17,2.0
A/Qinghai-Chengzhong/SWL1410/2024_H1N1,2025-02-18,3.0
A/Qinghai-Chengzhong/SWL1410/2024_H1N1,2025-02-19,1.0
A/Qinghai-Chengzhong/SWL1410/2024_H1N1,2025-02-20,1.0
A/Qinghai-Chengzhong/SWL1410/2024_H1N1,2025-02-23,1.0
A/Qinghai-Chengzhong/SWL1410/2024_H1N1,2025-02-24,1.0
A/Qinghai-Chengzhong/SWL1410/2024_H1N1,2025-02-25,1.5
A/Qinghai-Chengzhong/SWL1410/2024_H1N1,2025-03-05,2.0
A/Qinghai-Chengzhong/SWL1410/2024_H1N1,2025-03-06,1.0
A/Qinghai-Chengzhong/SWL1410/2024_H1N1,2025-03-07,1.0
A/Qinghai-Chengzhong/SWL1410/2024_H1N1,2025-03-08,2.0
A/Qinghai-Chengzhong/SWL1410/2024_H1N1,2025-03-09,1.0
A/Qinghai-Chengzhong/SWL1410/2024_H1N1,2025-03-10,2.0
A/Qinghai-Chengzhong/SWL1410/2024_H1N1,2025-03-11,1.0
A/Qinghai-Chengzhong/SWL1410/2024_H1N1,2025-03-12,1.0
A/Qinghai-Chengzhong/SWL1410/2024_H1N1,2025-03-17,1.0
A/Qinghai-Chengzhong/SWL1410/2024_H1N1,2025-03-27,1.0
A/Qinghai-Chengzhong/SWL1410/2024_H1N1,2025-04-10,0.5
A/Qinghai-Chengzhong/SWL1410/2024_H1N1,2025-04-16,0.5
A/Qinghai-Chengzhong/SWL1410/2024_H1N1,2025-04-20,1.0
A/Qinghai-Chengzhong/SWL1410/2024_H1N1,2025-04-30,1.0
A/Qinghai-Chengzhong/SWL1410/2024_H1N1,2025-05-07,0.5
A/Saint-Petersburg/RII-04/2025_H1N1,2024-04-28,5.0
A/Saint-Petersburg/RII-04/2025_H1N1,2024-04-29,28.0
A/Saint-Petersburg/RII-04/2025_H1N1,2024-04-30,15.5
A/Saint-Petersburg/RII-04/2025_H1N1,2024-05-01,12.5
A/Saint-Petersburg/RII-04/2025_H1N1,2024-05-02,23.5
A/Saint-Petersburg/RII-04/2025_H1N1,2024-05-03,20.0
A/Saint-Petersburg/RII-04/2025_H1N1,2024-05-04,12.0
A/Saint-Petersburg/RII-04/2025_H1N1,2024-05-05,4.0
A/Saint-Petersburg/RII-04/2025_H1N1,2024-05-06,33.0
A/Saint-Petersburg/RII-04/2025_H1N1,2024-05-07,27.0
A/Saint-Petersburg/RII-04/2025_H1N1,2024-05-08,31.0
A/Saint-Petersburg/RII-04/2025_H1N1,2024-05-09,21.0
A/Saint-Petersburg/RII-04/2025_H1N1,2024-05-10,31.5
A/Saint-Petersburg/RII-04/2025_H1N1,2024-05-11,7.0
A/Saint-Petersburg/RII-04/2025_H1N1,2024-05-12,11.0
A/Saint-Petersburg/RII-04/2025_H1N1,2024-05-13,42.5
A/Saint-Petersburg/RII-04/2025_H1N1,2024-05-14,29.5
A/Saint-Petersburg/RII-04/2025_H1N1,2024-05-15,22.0
A/Saint-Petersburg/RII-04/2025_H1N1,2024-05-16,26.0
A/Saint-Petersburg/RII-04/2025_H1N1,2024-05-17,23.0
A/Saint-Petersburg/RII-04/2025_H1N1,2024-05-18,14.0
A/Saint-Petersburg/RII-04/2025_H1N1,2024-05-19,5.0
A/Saint-Petersburg/RII-04/2025_H1N1,2024-05-20,38.0
A/Saint-Petersburg/RII-04/2025_H1N1,2024-05-21,44.0
A/Saint-Petersburg/RII-04/2025_H1N1,2024-05-22,36.0
A/Saint-Petersburg/RII-04/2025_H1N1,2024-05-23,26.0
A/Saint-Petersburg/RII-04/2025_H1N1,2024-05-24,33.0
A/Saint-Petersburg/RII-04/2025_H1N1,2024-05-25,12.0
A/Saint-Petersburg/RII-04/2025_H1N1,2024-05-26,8.0
A/Saint-Petersburg/RII-04/2025_H1N1,2024-05-27,26.5
A/Saint-Petersburg/RII-04/2025_H1N1,2024-05-28,18.0
A/Saint-Petersburg/RII-04/2025_H1N1,2024-05-29,24.5
A/Saint-Petersburg/RII-04/2025_H1N1,2024-05-30,20.0
A/Saint-Petersburg/RII-04/2025_H1N1,2024-05-31,27.5
A/Saint-Petersburg/RII-04/2025_H1N1,2024-06-01,5.0
A/Saint-Petersburg/RII-04/2025_H1N1,2024-06-02,14.0
A/Saint-Petersburg/RII-04/2025_H1N1,2024-06-03,25.0
A/Saint-Petersburg/RII-04/2025_H1N1,2024-06-04,36.0
A/Saint-Petersburg/RII-04/2025_H1N1,2024-06-05,36.5
A/Saint-Petersburg/RII-04/2025_H1N1,2024-06-06,15.0
A/Saint-Petersburg/RII-04/2025_H1N1,2024-06-07,14.0
A/Saint-Petersburg/RII-04/2025_H1N1,2024-06-08,9.5
A/Saint-Petersburg/RII-04/2025_H1N1,2024-06-09,8.5
A/Saint-Petersburg/RII-04/2025_H1N1,2024-06-10,24.0
A/Saint-Petersburg/RII-04/2025_H1N1,2024-06-11,20.5
A/Saint-Petersburg/RII-04/2025_H1N1,2024-06-12,26.0
A/Saint-Petersburg/RII-04/2025_H1N1,2024-06-13,14.0
A/Saint-Petersburg/RII-04/2025_H1N1,2024-06-14,24.0
A/Saint-Petersburg/RII-04/2025_H1N1,2024-06-15,17.0
A/Saint-Petersburg/RII-04/2025_H1N1,2024-06-16,9.5
A/Saint-Petersburg/RII-04/2025_H1N1,2024-06-17,32.833333333333336
A/Saint-Petersburg/RII-04/2025_H1N1,2024-06-18,29.0
A/Saint-Petersburg/RII-04/2025_H1N1,2024-06-19,27.5
A/Saint-Petersburg/RII-04/2025_H1N1,2024-06-20,22.0
A/Saint-Petersburg/RII-04/2025_H1N1,2024-06-21,25.0
A/Saint-Petersburg/RII-04/2025_H1N1,2024-06-22,9.0
A/Saint-Petersburg/RII-04/2025_H1N1,2024-06-23,8.0
A/Saint-Petersburg/RII-04/2025_H1N1,2024-06-24,30.0
A/Saint-Petersburg/RII-04/2025_H1N1,2024-06-25,24.5
A/Saint-Petersburg/RII-04/2025_H1N1,2024-06-26,23.0
A/Saint-Petersburg/RII-04/2025_H1N1,2024-06-27,18.0
A/Saint-Petersburg/RII-04/2025_H1N1,2024-06-28,12.0
A/Saint-Petersburg/RII-04/2025_H1N1,2024-06-29,8.0
A/Saint-Petersburg/RII-04/2025_H1N1,2024-06-30,20.0
A/Saint-Petersburg/RII-04/2025_H1N1,2024-07-01,32.0
A/Saint-Petersburg/RII-04/2025_H1N1,2024-07-02,32.0
A/Saint-Petersburg/RII-04/2025_H1N1,2024-07-03,17.0
A/Saint-Petersburg/RII-04/2025_H1N1,2024-07-04,13.0
A/Saint-Petersburg/RII-04/2025_H1N1,2024-07-05,19.333333333333332
A/Saint-Petersburg/RII-04/2025_H1N1,2024-07-06,11.0
A/Saint-Petersburg/RII-04/2025_H1N1,2024-07-07,13.0
A/Saint-Petersburg/RII-04/2025_H1N1,2024-07-08,32.0
A/Saint-Petersburg/RII-04/2025_H1N1,2024-07-09,29.0
A/Saint-Petersburg/RII-04/2025_H1N1,2024-07-10,27.5
A/Saint-Petersburg/RII-04/2025_H1N1,2024-07-11,21.0
A/Saint-Petersburg/RII-04/2025_H1N1,2024-07-12,23.5
A/Saint-Petersburg/RII-04/2025_H1N1,2024-07-13,10.0
A/Saint-Petersburg/RII-04/2025_H1N1,2024-07-14,6.0
A/Saint-Petersburg/RII-04/2025_H1N1,2024-07-15,31.5
A/Saint-Petersburg/RII-04/2025_H1N1,2024-07-16,24.5
A/Saint-Petersburg/RII-04/2025_H1N1,2024-07-17,16.0
A/Saint-Petersburg/RII-04/2025_H1N1,2024-07-18,23.0
A/Saint-Petersburg/RII-04/2025_H1N1,2024-07-19,12.0
A/Saint-Petersburg/RII-04/2025_H1N1,2024-07-20,6.0
A/Saint-Petersburg/RII-04/2025_H1N1,2024-07-21,7.0
A/Saint-Petersburg/RII-04/2025_H1N1,2024-07-22,19.0
A/Saint-Petersburg/RII-04/2025_H1N1,2024-07-23,17.5
A/Saint-Petersburg/RII-04/2025_H1N1,2024-07-24,17.0
A/Saint-Petersburg/RII-04/2025_H1N1,2024-07-25,20.0
A/Saint-Petersburg/RII-04/2025_H1N1,2024-07-26,18.5
A/Saint-Petersburg/RII-04/2025_H1N1,2024-07-27,6.0
A/Saint-Petersburg/RII-04/2025_H1N1,2024-07-28,12.5
A/Saint-Petersburg/RII-04/2025_H1N1,2024-07-29,22.5
A/Saint-Petersburg/RII-04/2025_H1N1,2024-07-30,13.5
A/Saint-Petersburg/RII-04/2025_H1N1,2024-07-31,12.0
A/Saint-Petersburg/RII-04/2025_H1N1,2024-08-01,14.0
A/Saint-Petersburg/RII-04/2025_H1N1,2024-08-02,16.0
A/Saint-Petersburg/RII-04/2025_H1N1,2024-08-03,4.5
A/Saint-Petersburg/RII-04/2025_H1N1,2024-08-04,5.0
A/Saint-Petersburg/RII-04/2025_H1N1,2024-08-05,20.0
A/Saint-Petersburg/RII-04/2025_H1N1,2024-08-06,15.5
A/Saint-Petersburg/RII-04/2025_H1N1,2024-08-07,11.0
A/Saint-Petersburg/RII-04/2025_H1N1,2024-08-08,22.5
A/Saint-Petersburg/RII-04/2025_H1N1,2024-08-09,16.0
A/Saint-Petersburg/RII-04/2025_H1N1,2024-08-10,5.0
A/Saint-Petersburg/RII-04/2025_H1N1,2024-08-11,3.0
A/Saint-Petersburg/RII-04/2025_H1N1,2024-08-12,17.5
A/Saint-Petersburg/RII-04/2025_H1N1,2024-08-13,13.5
A/Saint-Petersburg/RII-04/2025_H1N1,2024-08-14,10.5
A/Saint-Petersburg/RII-04/2025_H1N1,2024-08-15,13.0
A/Saint-Petersburg/RII-04/2025_H1N1,2024-08-16,5.5
A/Saint-Petersburg/RII-04/2025_H1N1,2024-08-17,2.0
A/Saint-Petersburg/RII-04/2025_H1N1,2024-08-18,4.0
A/Saint-Petersburg/RII-04/2025_H1N1,2024-08-19,20.0
A/Saint-Petersburg/RII-04/2025_H1N1,2024-08-20,9.0
A/Saint-Petersburg/RII-04/2025_H1N1,2024-08-21,8.5
A/Saint-Petersburg/RII-04/2025_H1N1,2024-08-22,9.0
A/Saint-Petersburg/RII-04/2025_H1N1,2024-08-23,5.0
A/Saint-Petersburg/RII-04/2025_H1N1,2024-08-24,6.0
A/Saint-Petersburg/RII-04/2025_H1N1,2024-08-25,7.0
A/Saint-Petersburg/RII-04/2025_H1N1,2024-08-26,6.5
A/Saint-Petersburg/RII-04/2025_H1N1,2024-08-27,14.5
A/Saint-Petersburg/RII-04/2025_H1N1,2024-08-28,6.5
A/Saint-Petersburg/RII-04/2025_H1N1,2024-08-29,7.0
A/Saint-Petersburg/RII-04/2025_H1N1,2024-08-30,14.0
A/Saint-Petersburg/RII-04/2025_H1N1,2024-08-31,4.5
A/Saint-Petersburg/RII-04/2025_H1N1,2024-09-01,8.0
A/Saint-Petersburg/RII-04/2025_H1N1,2024-09-02,16.0
A/Saint-Petersburg/RII-04/2025_H1N1,2024-09-03,12.0
A/Saint-Petersburg/RII-04/2025_H1N1,2024-09-04,5.5
A/Saint-Petersburg/RII-04/2025_H1N1,2024-09-05,12.5
A/Saint-Petersburg/RII-04/2025_H1N1,2024-09-06,11.5
A/Saint-Petersburg/RII-04/2025_H1N1,2024-09-07,3.0
A/Saint-Petersburg/RII-04/2025_H1N1,2024-09-08,3.0
A/Saint-Petersburg/RII-04/2025_H1N1,2024-09-09,14.5
A/Saint-Petersburg/RII-04/2025_H1N1,2024-09-10,9.0
A/Saint-Petersburg/RII-04/2025_H1N1,2024-09-11,4.0
A/Saint-Petersburg/RII-04/2025_H1N1,2024-09-12,7.5
A/Saint-Petersburg/RII-04/2025_H1N1,2024-09-13,5.0
A/Saint-Petersburg/RII-04/2025_H1N1,2024-09-14,5.0
A/Saint-Petersburg/RII-04/2025_H1N1,2024-09-15,5.0
A/Saint-Petersburg/RII-04/2025_H1N1,2024-09-16,5.833333333333333
A/Saint-Petersburg/RII-04/2025_H1N1,2024-09-17,7.0
A/Saint-Petersburg/RII-04/2025_H1N1,2024-09-18,12.5
A/Saint-Petersburg/RII-04/2025_H1N1,2024-09-19,16.5
A/Saint-Petersburg/RII-04/2025_H1N1,2024-09-20,9.0
A/Saint-Petersburg/RII-04/2025_H1N1,2024-09-21,3.0
A/Saint-Petersburg/RII-04/2025_H1N1,2024-09-22,5.0
A/Saint-Petersburg/RII-04/2025_H1N1,2024-09-23,9.0
A/Saint-Petersburg/RII-04/2025_H1N1,2024-09-24,6.0
A/Saint-Petersburg/RII-04/2025_H1N1,2024-09-25,9.0
A/Saint-Petersburg/RII-04/2025_H1N1,2024-09-26,5.0
A/Saint-Petersburg/RII-04/2025_H1N1,2024-09-27,4.0
A/Saint-Petersburg/RII-04/2025_H1N1,2024-09-28,8.0
A/Saint-Petersburg/RII-04/2025_H1N1,2024-09-29,3.0
A/Saint-Petersburg/RII-04/2025_H1N1,2024-09-30,12.0
A/Saint-Petersburg/RII-04/2025_H1N1,2024-10-01,10.0
A/Saint-Petersburg/RII-04/2025_H1N1,2024-10-02,9.5
A/Saint-Petersburg/RII-04/2025_H1N1,2024-10-03,4.5
A/Saint-Petersburg/RII-04/2025_H1N1,2024-10-04,4.5
A/Saint-Petersburg/RII-04/2025_H1N1,2024-10-05,1.0
A/Saint-Petersburg/RII-04/2025_H1N1,2024-10-06,1.0
A/Saint-Petersburg/RII-04/2025_H1N1,2024-10-07,11.0
A/Saint-Petersburg/RII-04/2025_H1N1,2024-10-08,13.0
A/Saint-Petersburg/RII-04/2025_H1N1,2024-10-09,10.0
A/Saint-Petersburg/RII-04/2025_H1N1,2024-10-10,5.0
A/Saint-Petersburg/RII-04/2025_H1N1,2024-10-11,5.0
A/Saint-Petersburg/RII-04/2025_H1N1,2024-10-12,2.0
A/Saint-Petersburg/RII-04/2025_H1N1,2024-10-13,2.0
A/Saint-Petersburg/RII-04/2025_H1N1,2024-10-14,10.0
A/Saint-Petersburg/RII-04/2025_H1N1,2024-10-15,2.5
A/Saint-Petersburg/RII-04/2025_H1N1,2024-10-16,9.0
A/Saint-Petersburg/RII-04/2025_H1N1,2024-10-17,4.0
A/Saint-Petersburg/RII-04/2025_H1N1,2024-10-18,6.0
A/Saint-Petersburg/RII-04/2025_H1N1,2024-10-19,2.0
A/Saint-Petersburg/RII-04/2025_H1N1,2024-10-20,3.0
A/Saint-Petersburg/RII-04/2025_H1N1,2024-10-21,9.0
A/Saint-Petersburg/RII-04/2025_H1N1,2024-10-22,4.0
A/Saint-Petersburg/RII-04/2025_H1N1,2024-10-23,4.0
A/Saint-Petersburg/RII-04/2025_H1N1,2024-10-24,4.0
A/Saint-Petersburg/RII-04/2025_H1N1,2024-10-25,4.0
A/Saint-Petersburg/RII-04/2025_H1N1,2024-10-26,6.0
A/Saint-Petersburg/RII-04/2025_H1N1,2024-10-27,1.5
A/Saint-Petersburg/RII-04/2025_H1N1,2024-10-28,15.0
A/Saint-Petersburg/RII-04/2025_H1N1,2024-10-29,6.5
A/Saint-Petersburg/RII-04/2025_H1N1,2024-10-30,4.0
A/Saint-Petersburg/RII-04/2025_H1N1,2024-10-31,4.0
A/Saint-Petersburg/RII-04/2025_H1N1,2024-11-01,5.5
A/Saint-Petersburg/RII-04/2025_H1N1,2024-11-02,5.0
A/Saint-Petersburg/RII-04/2025_H1N1,2024-11-03,2.0
A/Saint-Petersburg/RII-04/2025_H1N1,2024-11-04,11.0
A/Saint-Petersburg/RII-04/2025_H1N1,2024-11-05,10.0
A/Saint-Petersburg/RII-04/2025_H1N1,2024-11-06,7.0
A/Saint-Petersburg/RII-04/2025_H1N1,2024-11-07,11.0
A/Saint-Petersburg/RII-04/2025_H1N1,2024-11-08,5.5
A/Saint-Petersburg/RII-04/2025_H1N1,2024-11-09,5.0
A/Saint-Petersburg/RII-04/2025_H1N1,2024-11-10,3.0
A/Saint-Petersburg/RII-04/2025_H1N1,2024-11-11,16.0
A/Saint-Petersburg/RII-04/2025_H1N1,2024-11-12,19.0
A/Saint-Petersburg/RII-04/2025_H1N1,2024-11-13,10.0
A/Saint-Petersburg/RII-04/2025_H1N1,2024-11-14,6.0
A/Saint-Petersburg/RII-04/2025_H1N1,2024-11-15,8.5
A/Saint-Petersburg/RII-04/2025_H1N1,2024-11-16,6.0
A/Saint-Petersburg/RII-04/2025_H1N1,2024-11-17,7.0
A/Saint-Petersburg/RII-04/2025_H1N1,2024-11-18,23.0
A/Saint-Petersburg/RII-04/2025_H1N1,2024-11-19,11.0
A/Saint-Petersburg/RII-04/2025_H1N1,2024-11-20,6.5
A/Saint-Petersburg/RII-04/2025_H1N1,2024-11-21,10.5
A/Saint-Petersburg/RII-04/2025_H1N1,2024-11-22,4.0
A/Saint-Petersburg/RII-04/2025_H1N1,2024-11-23,6.0
A/Saint-Petersburg/RII-04/2025_H1N1,2024-11-24,5.0
A/Saint-Petersburg/RII-04/2025_H1N1,2024-11-25,8.5
A/Saint-Petersburg/RII-04/2025_H1N1,2024-11-26,15.0
A/Saint-Petersburg/RII-04/2025_H1N1,2024-11-27,5.5
A/Saint-Petersburg/RII-04/2025_H1N1,2024-11-28,9.5
A/Saint-Petersburg/RII-04/2025_H1N1,2024-11-29,7.0
A/Saint-Petersburg/RII-04/2025_H1N1,2024-11-30,3.0
A/Saint-Petersburg/RII-04/2025_H1N1,2024-12-01,4.5
A/Saint-Petersburg/RII-04/2025_H1N1,2024-12-02,17.0
A/Saint-Petersburg/RII-04/2025_H1N1,2024-12-03,7.0
A/Saint-Petersburg/RII-04/2025_H1N1,2024-12-04,12.0
A/Saint-Petersburg/RII-04/2025_H1N1,2024-12-05,8.0
A/Saint-Petersburg/RII-04/2025_H1N1,2024-12-06,6.0
A/Saint-Petersburg/RII-04/2025_H1N1,2024-12-07,1.0
A/Saint-Petersburg/RII-04/2025_H1N1,2024-12-08,5.0
A/Saint-Petersburg/RII-04/2025_H1N1,2024-12-09,11.5
A/Saint-Petersburg/RII-04/2025_H1N1,2024-12-10,11.0
A/Saint-Petersburg/RII-04/2025_H1N1,2024-12-11,9.0
A/Saint-Petersburg/RII-04/2025_H1N1,2024-12-12,9.5
A/Saint-Petersburg/RII-04/2025_H1N1,2024-12-13,10.0
A/Saint-Petersburg/RII-04/2025_H1N1,2024-12-14,6.0
A/Saint-Petersburg/RII-04/2025_H1N1,2024-12-15,8.0
A/Saint-Petersburg/RII-04/2025_H1N1,2024-12-16,8.0
A/Saint-Petersburg/RII-04/2025_H1N1,2024-12-17,10.5
A/Saint-Petersburg/RII-04/2025_H1N1,2024-12-18,8.0
A/Saint-Petersburg/RII-04/2025_H1N1,2024-12-19,5.5
A/Saint-Petersburg/RII-04/2025_H1N1,2024-12-20,8.833333333333334
A/Saint-Petersburg/RII-04/2025_H1N1,2024-12-21,3.0
A/Saint-Petersburg/RII-04/2025_H1N1,2024-12-22,7.5
A/Saint-Petersburg/RII-04/2025_H1N1,2024-12-23,9.0
A/Saint-Petersburg/RII-04/2025_H1N1,2024-12-24,10.0
A/Saint-Petersburg/RII-04/2025_H1N1,2024-12-25,1.0
A/Saint-Petersburg/RII-04/2025_H1N1,2024-12-26,5.0
A/Saint-Petersburg/RII-04/2025_H1N1,2024-12-27,5.0
A/Saint-Petersburg/RII-04/2025_H1N1,2024-12-28,2.0
A/Saint-Petersburg/RII-04/2025_H1N1,2024-12-29,9.0
A/Saint-Petersburg/RII-04/2025_H1N1,2024-12-30,14.0
A/Saint-Petersburg/RII-04/2025_H1N1,2024-12-31,5.0
A/Saint-Petersburg/RII-04/2025_H1N1,2025-01-01,6.0
A/Saint-Petersburg/RII-04/2025_H1N1,2025-01-02,11.0
A/Saint-Petersburg/RII-04/2025_H1N1,2025-01-03,6.0
A/Saint-Petersburg/RII-04/2025_H1N1,2025-01-04,6.0
A/Saint-Petersburg/RII-04/2025_H1N1,2025-01-05,9.0
A/Saint-Petersburg/RII-04/2025_H1N1,2025-01-06,13.5
A/Saint-Petersburg/RII-04/2025_H1N1,2025-01-07,10.0
A/Saint-Petersburg/RII-04/2025_H1N1,2025-01-08,12.0
A/Saint-Petersburg/RII-04/2025_H1N1,2025-01-09,10.0
A/Saint-Petersburg/RII-04/2025_H1N1,2025-01-10,8.0
A/Saint-Petersburg/RII-04/2025_H1N1,2025-01-11,1.5
A/Saint-Petersburg/RII-04/2025_H1N1,2025-01-12,1.0
A/Saint-Petersburg/RII-04/2025_H1N1,2025-01-13,13.5
A/Saint-Petersburg/RII-04/2025_H1N1,2025-01-14,4.0
A/Saint-Petersburg/RII-04/2025_H1N1,2025-01-15,7.5
A/Saint-Petersburg/RII-04/2025_H1N1,2025-01-16,4.0
A/Saint-Petersburg/RII-04/2025_H1N1,2025-01-17,9.0
A/Saint-Petersburg/RII-04/2025_H1N1,2025-01-18,2.0
A/Saint-Petersburg/RII-04/2025_H1N1,2025-01-20,16.0
A/Saint-Petersburg/RII-04/2025_H1N1,2025-01-21,7.0
A/Saint-Petersburg/RII-04/2025_H1N1,2025-01-22,2.0
A/Saint-Petersburg/RII-04/2025_H1N1,2025-01-23,7.5
A/Saint-Petersburg/RII-04/2025_H1N1,2025-01-24,3.5
A/Saint-Petersburg/RII-04/2025_H1N1,2025-01-25,1.0
A/Saint-Petersburg/RII-04/2025_H1N1,2025-01-26,3.5
A/Saint-Petersburg/RII-04/2025_H1N1,2025-01-27,5.0
A/Saint-Petersburg/RII-04/2025_H1N1,2025-01-28,6.0
A/Saint-Petersburg/RII-04/2025_H1N1,2025-01-29,3.0
A/Saint-Petersburg/RII-04/2025_H1N1,2025-01-30,8.0
A/Saint-Petersburg/RII-04/2025_H1N1,2025-01-31,3.0
A/Saint-Petersburg/RII-04/2025_H1N1,2025-02-01,6.0
A/Saint-Petersburg/RII-04/2025_H1N1,2025-02-02,0.5
A/Saint-Petersburg/RII-04/2025_H1N1,2025-02-03,6.5
A/Saint-Petersburg/RII-04/2025_H1N1,2025-02-04,8.0
A/Saint-Petersburg/RII-04/2025_H1N1,2025-02-05,9.0
A/Saint-Petersburg/RII-04/2025_H1N1,2025-02-06,4.0
A/Saint-Petersburg/RII-04/2025_H1N1,2025-02-07,2.0
A/Saint-Petersburg/RII-04/2025_H1N1,2025-02-08,1.0
A/Saint-Petersburg/RII-04/2025_H1N1,2025-02-09,3.0
A/Saint-Petersburg/RII-04/2025_H1N1,2025-02-10,8.0
A/Saint-Petersburg/RII-04/2025_H1N1,2025-02-11,5.0
A/Saint-Petersburg/RII-04/2025_H1N1,2025-02-12,3.0
A/Saint-Petersburg/RII-04/2025_H1N1,2025-02-13,2.0
A/Saint-Petersburg/RII-04/2025_H1N1,2025-02-14,3.0
A/Saint-Petersburg/RII-04/2025_H1N1,2025-02-16,3.0
A/Saint-Petersburg/RII-04/2025_H1N1,2025-02-17,5.0
A/Saint-Petersburg/RII-04/2025_H1N1,2025-02-19,2.5
A/Saint-Petersburg/RII-04/2025_H1N1,2025-02-20,2.0
A/Saint-Petersburg/RII-04/2025_H1N1,2025-02-21,1.0
A/Saint-Petersburg/RII-04/2025_H1N1,2025-02-22,1.5
A/Saint-Petersburg/RII-04/2025_H1N1,2025-02-23,2.0
A/Saint-Petersburg/RII-04/2025_H1N1,2025-02-24,5.0
A/Saint-Petersburg/RII-04/2025_H1N1,2025-02-25,1.0
A/Saint-Petersburg/RII-04/2025_H1N1,2025-02-26,4.5
A/Saint-Petersburg/RII-04/2025_H1N1,2025-02-27,2.0
A/Saint-Petersburg/RII-04/2025_H1N1,2025-03-03,4.0
A/Saint-Petersburg/RII-04/2025_H1N1,2025-03-04,4.0
A/Saint-Petersburg/RII-04/2025_H1N1,2025-03-05,1.0
A/Saint-Petersburg/RII-04/2025_H1N1,2025-03-06,3.0
A/Saint-Petersburg/RII-04/2025_H1N1,2025-03-07,1.0
A/Saint-Petersburg/RII-04/2025_H1N1,2025-03-08,2.0
A/Saint-Petersburg/RII-04/2025_H1N1,2025-03-09,2.0
A/Saint-Petersburg/RII-04/2025_H1N1,2025-03-10,3.0
A/Saint-Petersburg/RII-04/2025_H1N1,2025-03-11,1.0
A/Saint-Petersburg/RII-04/2025_H1N1,2025-03-13,3.0
A/Saint-Petersburg/RII-04/2025_H1N1,2025-03-14,2.0
A/Saint-Petersburg/RII-04/2025_H1N1,2025-03-17,2.0
A/Saint-Petersburg/RII-04/2025_H1N1,2025-03-18,2.0
A/Saint-Petersburg/RII-04/2025_H1N1,2025-03-20,1.0
A/Saint-Petersburg/RII-04/2025_H1N1,2025-03-21,1.5
A/Saint-Petersburg/RII-04/2025_H1N1,2025-03-23,2.0
A/Saint-Petersburg/RII-04/2025_H1N1,2025-03-24,1.0
A/Saint-Petersburg/RII-04/2025_H1N1,2025-03-25,0.5
A/Saint-Petersburg/RII-04/2025_H1N1,2025-03-26,1.0
A/Saint-Petersburg/RII-04/2025_H1N1,2025-03-27,0.5
A/Saint-Petersburg/RII-04/2025_H1N1,2025-04-01,2.0
A/Saint-Petersburg/RII-04/2025_H1N1,2025-04-02,1.0
A/Saint-Petersburg/RII-04/2025_H1N1,2025-04-03,0.5
A/Saint-Petersburg/RII-04/2025_H1N1,2025-04-05,2.0
A/Saint-Petersburg/RII-04/2025_H1N1,2025-04-06,2.0
A/Saint-Petersburg/RII-04/2025_H1N1,2025-04-08,1.0
A/Saint-Petersburg/RII-04/2025_H1N1,2025-04-09,1.0
A/Saint-Petersburg/RII-04/2025_H1N1,2025-04-13,1.0
A/Saint-Petersburg/RII-04/2025_H1N1,2025-04-14,1.0
A/Saint-Petersburg/RII-04/2025_H1N1,2025-04-16,1.0
A/Saint-Petersburg/RII-04/2025_H1N1,2025-04-21,1.0
A/Saint-Petersburg/RII-04/2025_H1N1,2025-04-23,1.0
A/Saint-Petersburg/RII-04/2025_H1N1,2025-05-05,1.0
A/Saint-Petersburg/RII-04/2025_H1N1,2025-05-14,1.0
A/Saint-Petersburg/RII-04/2025_H1N1,2025-05-21,1.0
A/Saint-Petersburg/RII-04/2025_H1N1,2025-07-03,1.0
A/Santiago/101713/2024_H1N1,2024-07-30,1.0
A/Santiago/101713/2024_H1N1,2024-08-05,1.0
A/Santiago/101713/2024_H1N1,2024-08-09,1.0
A/Santiago/101713/2024_H1N1,2024-08-12,2.0
A/Santiago/101713/2024_H1N1,2024-08-13,1.0
A/Santiago/101713/2024_H1N1,2024-08-24,1.0
A/Santiago/101713/2024_H1N1,2024-08-26,1.0
A/Santiago/101713/2024_H1N1,2024-08-31,1.0
A/Santiago/101713/2024_H1N1,2024-09-04,1.0
A/Santiago/101713/2024_H1N1,2024-09-24,1.0
A/Santiago/101713/2024_H1N1,2024-09-27,1.0
A/Santiago/101713/2024_H1N1,2024-09-30,2.0
A/Santiago/101713/2024_H1N1,2024-10-07,1.0
A/Santiago/101713/2024_H1N1,2024-10-08,1.0
A/Santiago/101713/2024_H1N1,2024-10-11,1.0
A/Santiago/101713/2024_H1N1,2024-10-16,1.0
A/Santiago/101713/2024_H1N1,2024-10-17,1.0
A/Santiago/101713/2024_H1N1,2024-10-20,1.0
A/Santiago/101713/2024_H1N1,2024-10-21,1.0
A/Santiago/101713/2024_H1N1,2024-10-22,1.0
A/Santiago/101713/2024_H1N1,2024-10-23,1.0
A/Santiago/101713/2024_H1N1,2024-10-25,1.0
A/Santiago/101713/2024_H1N1,2024-10-27,2.0
A/Santiago/101713/2024_H1N1,2024-10-28,1.0
A/Santiago/101713/2024_H1N1,2024-10-29,1.0
A/Santiago/101713/2024_H1N1,2024-10-31,1.0
A/Santiago/101713/2024_H1N1,2024-11-01,1.0
A/Santiago/101713/2024_H1N1,2024-11-02,1.0
A/Santiago/101713/2024_H1N1,2024-11-03,1.0
A/Santiago/101713/2024_H1N1,2024-11-04,1.0
A/Santiago/101713/2024_H1N1,2024-11-06,1.0
A/Santiago/101713/2024_H1N1,2024-11-09,2.0
A/Santiago/101713/2024_H1N1,2024-11-10,1.0
A/Santiago/101713/2024_H1N1,2024-11-12,1.0
A/Santiago/101713/2024_H1N1,2024-11-13,2.0
A/Santiago/101713/2024_H1N1,2024-11-14,1.0
A/Santiago/101713/2024_H1N1,2024-11-16,1.0
A/Santiago/101713/2024_H1N1,2024-11-18,1.0
A/Santiago/101713/2024_H1N1,2024-11-19,2.0
A/Santiago/101713/2024_H1N1,2024-11-20,1.0
A/Santiago/101713/2024_H1N1,2024-11-21,1.0
A/Santiago/101713/2024_H1N1,2024-11-22,1.0
A/Santiago/101713/2024_H1N1,2024-11-25,2.0
A/Santiago/101713/2024_H1N1,2024-11-28,1.0
A/Santiago/101713/2024_H1N1,2024-11-29,1.0
A/Santiago/101713/2024_H1N1,2024-11-30,1.0
A/Santiago/101713/2024_H1N1,2024-12-01,2.0
A/Santiago/101713/2024_H1N1,2024-12-03,1.0
A/Santiago/101713/2024_H1N1,2024-12-06,1.0
A/Santiago/101713/2024_H1N1,2024-12-07,3.0
A/Santiago/101713/2024_H1N1,2024-12-09,1.0
A/Santiago/101713/2024_H1N1,2024-12-10,2.0
A/Santiago/101713/2024_H1N1,2024-12-12,2.0
A/Santiago/101713/2024_H1N1,2024-12-14,1.0
A/Santiago/101713/2024_H1N1,2024-12-16,1.0
A/Santiago/101713/2024_H1N1,2024-12-18,1.0
A/Santiago/101713/2024_H1N1,2024-12-19,1.0
A/Santiago/101713/2024_H1N1,2024-12-20,2.0
A/Santiago/101713/2024_H1N1,2024-12-21,1.0
A/Santiago/101713/2024_H1N1,2024-12-22,1.0
A/Santiago/101713/2024_H1N1,2024-12-25,1.0
A/Santiago/101713/2024_H1N1,2024-12-26,1.0
A/Santiago/101713/2024_H1N1,2024-12-27,2.0
A/Santiago/101713/2024_H1N1,2024-12-28,1.0
A/Santiago/101713/2024_H1N1,2024-12-30,1.0
A/Santiago/101713/2024_H1N1,2024-12-31,1.0
A/Santiago/101713/2024_H1N1,2025-01-01,1.0
A/Santiago/101713/2024_H1N1,2025-01-02,2.0
A/Santiago/101713/2024_H1N1,2025-01-03,1.0
A/Santiago/101713/2024_H1N1,2025-01-04,2.0
A/Santiago/101713/2024_H1N1,2025-01-06,1.0
A/Santiago/101713/2024_H1N1,2025-01-07,3.0
A/Santiago/101713/2024_H1N1,2025-01-12,1.0
A/Santiago/101713/2024_H1N1,2025-01-13,1.0
A/Santiago/101713/2024_H1N1,2025-01-15,1.0
A/Santiago/101713/2024_H1N1,2025-01-16,1.0
A/Santiago/101713/2024_H1N1,2025-01-19,2.0
A/Santiago/101713/2024_H1N1,2025-01-23,1.0
A/Santiago/101713/2024_H1N1,2025-01-27,2.0
A/Santiago/101713/2024_H1N1,2025-01-30,1.0
A/Santiago/101713/2024_H1N1,2025-02-03,1.0
A/Santiago/101713/2024_H1N1,2025-02-06,2.0
A/Santiago/101713/2024_H1N1,2025-02-09,1.0
A/Santiago/101713/2024_H1N1,2025-02-10,3.0
A/Santiago/101713/2024_H1N1,2025-02-11,1.0
A/Santiago/101713/2024_H1N1,2025-02-12,1.0
A/Santiago/101713/2024_H1N1,2025-02-14,2.0
A/Santiago/101713/2024_H1N1,2025-02-16,1.0
A/Santiago/101713/2024_H1N1,2025-02-17,3.0
A/Santiago/101713/2024_H1N1,2025-02-20,1.0
A/Santiago/101713/2024_H1N1,2025-02-27,1.0
A/Santiago/101713/2024_H1N1,2025-03-01,1.0
A/Santiago/101713/2024_H1N1,2025-03-02,1.0
A/Santiago/101713/2024_H1N1,2025-03-03,1.0
A/Santiago/101713/2024_H1N1,2025-03-05,1.0
A/Santiago/101713/2024_H1N1,2025-03-07,1.0
A/Santiago/101713/2024_H1N1,2025-03-15,1.0
A/Santiago/101713/2024_H1N1,2025-03-17,1.0
A/Santiago/101713/2024_H1N1,2025-03-18,1.0
A/Santiago/101713/2024_H1N1,2025-03-19,1.0
A/Santiago/101713/2024_H1N1,2025-03-25,2.0
A/Santiago/101713/2024_H1N1,2025-03-27,1.0
A/Santiago/101713/2024_H1N1,2025-04-07,1.0
A/Santiago/101713/2024_H1N1,2025-04-23,1.0
A/Santiago/101713/2024_H1N1,2025-04-25,1.0
A/Santiago/101713/2024_H1N1,2025-05-02,1.0
A/Shanghai-Huangpu/SWL12109/2024_H1N1,2024-04-28,2.0
A/Shanghai-Huangpu/SWL12109/2024_H1N1,2024-05-02,1.0
A/Shanghai-Huangpu/SWL12109/2024_H1N1,2024-05-08,1.0
A/Shanghai-Huangpu/SWL12109/2024_H1N1,2024-05-13,2.0
A/Shanghai-Huangpu/SWL12109/2024_H1N1,2024-05-16,1.0
A/Shanghai-Huangpu/SWL12109/2024_H1N1,2024-05-19,1.0
A/Shanghai-Huangpu/SWL12109/2024_H1N1,2024-06-04,1.0
A/Shanghai-Huangpu/SWL12109/2024_H1N1,2024-06-07,1.0
A/Shanghai-Huangpu/SWL12109/2024_H1N1,2024-06-10,2.0
A/Shanghai-Huangpu/SWL12109/2024_H1N1,2024-06-21,1.0
A/Shanghai-Huangpu/SWL12109/2024_H1N1,2024-06-25,1.0
A/Shanghai-Huangpu/SWL12109/2024_H1N1,2024-06-28,1.0
A/Shanghai-Huangpu/SWL12109/2024_H1N1,2024-07-02,1.0
A/Shanghai-Huangpu/SWL12109/2024_H1N1,2024-07-11,1.0
A/Shanghai-Huangpu/SWL12109/2024_H1N1,2024-07-22,1.0
A/Shanghai-Huangpu/SWL12109/2024_H1N1,2024-08-06,1.0
A/Shanghai-Huangpu/SWL12109/2024_H1N1,2024-08-10,1.0
A/Shanghai-Huangpu/SWL12109/2024_H1N1,2024-08-13,1.0
A/Shanghai-Huangpu/SWL12109/2024_H1N1,2024-08-21,2.0
A/Shanghai-Huangpu/SWL12109/2024_H1N1,2024-09-03,1.0
A/Shanghai-Huangpu/SWL12109/2024_H1N1,2024-09-15,1.0
A/Shanghai-Huangpu/SWL12109/2024_H1N1,2024-10-03,1.0
A/Shanghai-Huangpu/SWL12109/2024_H1N1,2024-10-07,1.0
A/Shanghai-Huangpu/SWL12109/2024_H1N1,2024-10-08,1.0
A/Shanghai-Huangpu/SWL12109/2024_H1N1,2024-10-10,0.5
A/Shanghai-Huangpu/SWL12109/2024_H1N1,2024-11-07,1.0
A/Shanghai-Huangpu/SWL12109/2024_H1N1,2024-11-10,0.5
A/Shanghai-Huangpu/SWL12109/2024_H1N1,2024-12-02,0.5
A/Shanghai-Huangpu/SWL12109/2024_H1N1,2024-12-10,0.5
A/Shanghai-Huangpu/SWL12109/2024_H1N1,2024-12-13,0.5
A/Shanghai-Huangpu/SWL12109/2024_H1N1,2024-12-18,1.0
A/Shanghai-Huangpu/SWL12109/2024_H1N1,2024-12-20,0.5
A/Shanghai-Huangpu/SWL12109/2024_H1N1,2024-12-31,0.5
A/Shanghai-Huangpu/SWL12109/2024_H1N1,2025-01-02,1.0
A/Shanghai-Huangpu/SWL12109/2024_H1N1,2025-01-03,0.5
A/Shanghai-Huangpu/SWL12109/2024_H1N1,2025-01-07,1.5
A/Shanghai-Huangpu/SWL12109/2024_H1N1,2025-01-09,0.5
A/Shanghai-Huangpu/SWL12109/2024_H1N1,2025-01-10,3.0
A/Shanghai-Huangpu/SWL12109/2024_H1N1,2025-01-12,1.0
A/Shanghai-Huangpu/SWL12109/2024_H1N1,2025-01-13,2.0
A/Shanghai-Huangpu/SWL12109/2024_H1N1,2025-01-14,1.5
A/Shanghai-Huangpu/SWL12109/2024_H1N1,2025-01-15,0.5
A/Shanghai-Huangpu/SWL12109/2024_H1N1,2025-01-19,0.5
A/Shanghai-Huangpu/SWL12109/2024_H1N1,2025-01-20,1.5
A/Shanghai-Huangpu/SWL12109/2024_H1N1,2025-01-21,1.0
A/Shanghai-Huangpu/SWL12109/2024_H1N1,2025-01-23,0.5
A/Shanghai-Huangpu/SWL12109/2024_H1N1,2025-01-26,2.0
A/Shanghai-Huangpu/SWL12109/2024_H1N1,2025-01-27,2.5
A/Shanghai-Huangpu/SWL12109/2024_H1N1,2025-01-29,0.5
A/Shanghai-Huangpu/SWL12109/2024_H1N1,2025-02-02,1.0
A/Shanghai-Huangpu/SWL12109/2024_H1N1,2025-02-03,2.0
A/Shanghai-Huangpu/SWL12109/2024_H1N1,2025-02-04,1.5
A/Shanghai-Huangpu/SWL12109/2024_H1N1,2025-02-05,0.5
A/Shanghai-Huangpu/SWL12109/2024_H1N1,2025-02-06,0.5
A/Shanghai-Huangpu/SWL12109/2024_H1N1,2025-02-08,0.5
A/Shanghai-Huangpu/SWL12109/2024_H1N1,2025-02-09,0.5
A/Shanghai-Huangpu/SWL12109/2024_H1N1,2025-02-10,1.0
A/Shanghai-Huangpu/SWL12109/2024_H1N1,2025-02-11,0.5
A/Shanghai-Huangpu/SWL12109/2024_H1N1,2025-02-12,1.5
A/Shanghai-Huangpu/SWL12109/2024_H1N1,2025-02-13,0.5
A/Shanghai-Huangpu/SWL12109/2024_H1N1,2025-02-14,0.5
A/Shanghai-Huangpu/SWL12109/2024_H1N1,2025-02-16,0.5
A/Shanghai-Huangpu/SWL12109/2024_H1N1,2025-02-17,1.5
A/Shanghai-Huangpu/SWL12109/2024_H1N1,2025-02-18,0.5
A/Shanghai-Huangpu/SWL12109/2024_H1N1,2025-02-19,2.0
A/Shanghai-Huangpu/SWL12109/2024_H1N1,2025-02-20,1.5
A/Shanghai-Huangpu/SWL12109/2024_H1N1,2025-02-21,0.5
A/Shanghai-Huangpu/SWL12109/2024_H1N1,2025-02-22,0.5
A/Shanghai-Huangpu/SWL12109/2024_H1N1,2025-02-24,1.5
A/Shanghai-Huangpu/SWL12109/2024_H1N1,2025-02-25,1.5
A/Shanghai-Huangpu/SWL12109/2024_H1N1,2025-02-26,0.5
A/Shanghai-Huangpu/SWL12109/2024_H1N1,2025-03-02,1.0
A/Shanghai-Huangpu/SWL12109/2024_H1N1,2025-03-04,1.5
A/Shanghai-Huangpu/SWL12109/2024_H1N1,2025-03-05,1.5
A/Shanghai-Huangpu/SWL12109/2024_H1N1,2025-03-11,0.5
A/Shanghai-Huangpu/SWL12109/2024_H1N1,2025-03-13,0.5
A/Shanghai-Huangpu/SWL12109/2024_H1N1,2025-03-17,0.5
A/Shanghai-Huangpu/SWL12109/2024_H1N1,2025-03-21,0.5
A/Shanghai-Huangpu/SWL12109/2024_H1N1,2025-03-23,0.5
A/Shanghai-Huangpu/SWL12109/2024_H1N1,2025-03-25,0.5
A/Shanghai-Huangpu/SWL12109/2024_H1N1,2025-03-27,1.5
A/Shanghai-Huangpu/SWL12109/2024_H1N1,2025-03-28,0.5
A/Shanghai-Huangpu/SWL12109/2024_H1N1,2025-03-31,0.5
A/Shanghai-Huangpu/SWL12109/2024_H1N1,2025-04-01,0.5
A/Shanghai-Huangpu/SWL12109/2024_H1N1,2025-04-08,1.0
A/Shanghai-Huangpu/SWL12109/2024_H1N1,2025-04-18,0.5
A/Shanghai-Huangpu/SWL12109/2024_H1N1,2025-04-28,1.5
A/Shanghai-Huangpu/SWL12109/2024_H1N1,2025-04-29,0.5
A/Singapore/MOH0547/2024_H1N1,2024-04-29,1.0
A/Singapore/MOH0547/2024_H1N1,2024-05-14,1.0
A/Singapore/MOH0547/2024_H1N1,2024-06-10,1.0
A/Singapore/MOH0547/2024_H1N1,2024-07-15,1.0
A/Singapore/MOH0547/2024_H1N1,2024-07-25,1.0
A/Singapore/MOH0547/2024_H1N1,2024-07-31,1.0
A/Singapore/MOH0547/2024_H1N1,2024-08-01,2.0
A/Singapore/MOH0547/2024_H1N1,2024-08-02,1.0
A/Singapore/MOH0547/2024_H1N1,2024-08-03,3.0
A/Singapore/MOH0547/2024_H1N1,2024-08-10,2.0
A/Singapore/MOH0547/2024_H1N1,2024-08-13,1.0
A/Singapore/MOH0547/2024_H1N1,2024-08-21,2.0
A/Singapore/MOH0547/2024_H1N1,2024-08-22,1.0
A/Singapore/MOH0547/2024_H1N1,2024-08-30,1.0
A/Singapore/MOH0547/2024_H1N1,2024-09-03,1.0
A/Singapore/MOH0547/2024_H1N1,2024-09-22,1.0
A/Singapore/MOH0547/2024_H1N1,2024-09-25,1.0
A/Singapore/MOH0547/2024_H1N1,2024-10-01,1.0
A/Singapore/MOH0547/2024_H1N1,2024-10-02,2.0
A/Singapore/MOH0547/2024_H1N1,2024-10-04,1.0
A/Singapore/MOH0547/2024_H1N1,2024-10-21,1.0
A/Singapore/MOH0547/2024_H1N1,2024-10-24,1.0
A/Singapore/MOH0547/2024_H1N1,2024-10-25,1.0
A/Singapore/MOH0547/2024_H1N1,2024-10-31,1.0
A/Singapore/MOH0547/2024_H1N1,2024-11-04,1.0
A/Singapore/MOH0547/2024_H1N1,2024-11-05,1.0
A/Singapore/MOH0547/2024_H1N1,2024-11-12,2.0
A/Singapore/MOH0547/2024_H1N1,2024-11-25,1.0
A/Singapore/MOH0547/2024_H1N1,2024-11-29,1.0
A/Singapore/MOH0547/2024_H1N1,2024-12-04,1.0
A/Singapore/MOH0547/2024_H1N1,2024-12-05,1.0
A/Singapore/MOH0547/2024_H1N1,2024-12-10,12.0
A/Singapore/MOH0547/2024_H1N1,2024-12-16,1.0
A/Singapore/MOH0547/2024_H1N1,2024-12-28,2.0
A/Singapore/MOH0547/2024_H1N1,2025-01-06,1.0
A/TOKYO/EIS11-277/2024_H1N1,2024-04-28,2.0
A/TOKYO/EIS11-277/2024_H1N1,2024-04-29,1.0
A/TOKYO/EIS11-277/2024_H1N1,2024-04-30,3.0
A/TOKYO/EIS11-277/2024_H1N1,2024-05-01,2.0
A/TOKYO/EIS11-277/2024_H1N1,2024-05-05,1.0
A/TOKYO/EIS11-277/2024_H1N1,2024-05-06,2.0
A/TOKYO/EIS11-277/2024_H1N1,2024-05-07,1.0
A/TOKYO/EIS11-277/2024_H1N1,2024-05-08,1.0
A/TOKYO/EIS11-277/2024_H1N1,2024-05-09,1.0
A/TOKYO/EIS11-277/2024_H1N1,2024-05-11,1.0
A/TOKYO/EIS11-277/2024_H1N1,2024-05-13,1.0
A/TOKYO/EIS11-277/2024_H1N1,2024-05-14,3.0
A/TOKYO/EIS11-277/2024_H1N1,2024-05-15,2.0
A/TOKYO/EIS11-277/2024_H1N1,2024-05-16,2.0
A/TOKYO/EIS11-277/2024_H1N1,2024-05-17,3.0
A/TOKYO/EIS11-277/2024_H1N1,2024-05-18,2.0
A/TOKYO/EIS11-277/2024_H1N1,2024-05-20,3.0
A/TOKYO/EIS11-277/2024_H1N1,2024-05-21,2.0
A/TOKYO/EIS11-277/2024_H1N1,2024-05-22,1.0
A/TOKYO/EIS11-277/2024_H1N1,2024-05-23,3.0
A/TOKYO/EIS11-277/2024_H1N1,2024-05-24,6.0
A/TOKYO/EIS11-277/2024_H1N1,2024-05-25,1.0
A/TOKYO/EIS11-277/2024_H1N1,2024-05-26,2.0
A/TOKYO/EIS11-277/2024_H1N1,2024-05-27,5.0
A/TOKYO/EIS11-277/2024_H1N1,2024-05-28,4.0
A/TOKYO/EIS11-277/2024_H1N1,2024-05-29,5.0
A/TOKYO/EIS11-277/2024_H1N1,2024-05-30,3.0
A/TOKYO/EIS11-277/2024_H1N1,2024-05-31,5.5
A/TOKYO/EIS11-277/2024_H1N1,2024-06-01,3.0
A/TOKYO/EIS11-277/2024_H1N1,2024-06-02,4.0
A/TOKYO/EIS11-277/2024_H1N1,2024-06-03,6.0
A/TOKYO/EIS11-277/2024_H1N1,2024-06-04,4.0
A/TOKYO/EIS11-277/2024_H1N1,2024-06-05,10.0
A/TOKYO/EIS11-277/2024_H1N1,2024-06-06,1.0
A/TOKYO/EIS11-277/2024_H1N1,2024-06-07,6.0
A/TOKYO/EIS11-277/2024_H1N1,2024-06-08,1.0
A/TOKYO/EIS11-277/2024_H1N1,2024-06-09,2.0
A/TOKYO/EIS11-277/2024_H1N1,2024-06-10,4.0
A/TOKYO/EIS11-277/2024_H1N1,2024-06-11,8.0
A/TOKYO/EIS11-277/2024_H1N1,2024-06-12,5.0
A/TOKYO/EIS11-277/2024_H1N1,2024-06-13,4.0
A/TOKYO/EIS11-277/2024_H1N1,2024-06-14,5.0
A/TOKYO/EIS11-277/2024_H1N1,2024-06-15,3.0
A/TOKYO/EIS11-277/2024_H1N1,2024-06-16,2.0
A/TOKYO/EIS11-277/2024_H1N1,2024-06-17,8.0
A/TOKYO/EIS11-277/2024_H1N1,2024-06-18,5.0
A/TOKYO/EIS11-277/2024_H1N1,2024-06-19,7.0
A/TOKYO/EIS11-277/2024_H1N1,2024-06-20,5.0
A/TOKYO/EIS11-277/2024_H1N1,2024-06-21,4.0
A/TOKYO/EIS11-277/2024_H1N1,2024-06-22,4.0
A/TOKYO/EIS11-277/2024_H1N1,2024-06-23,8.0
A/TOKYO/EIS11-277/2024_H1N1,2024-06-24,7.0
A/TOKYO/EIS11-277/2024_H1N1,2024-06-25,5.0
A/TOKYO/EIS11-277/2024_H1N1,2024-06-26,9.0
A/TOKYO/EIS11-277/2024_H1N1,2024-06-27,7.0
A/TOKYO/EIS11-277/2024_H1N1,2024-06-28,4.0
A/TOKYO/EIS11-277/2024_H1N1,2024-06-29,2.0
A/TOKYO/EIS11-277/2024_H1N1,2024-06-30,4.0
A/TOKYO/EIS11-277/2024_H1N1,2024-07-01,7.0
A/TOKYO/EIS11-277/2024_H1N1,2024-07-02,3.0
A/TOKYO/EIS11-277/2024_H1N1,2024-07-03,8.0
A/TOKYO/EIS11-277/2024_H1N1,2024-07-04,6.0
A/TOKYO/EIS11-277/2024_H1N1,2024-07-05,5.0
A/TOKYO/EIS11-277/2024_H1N1,2024-07-06,11.0
A/TOKYO/EIS11-277/2024_H1N1,2024-07-07,12.0
A/TOKYO/EIS11-277/2024_H1N1,2024-07-08,7.0
A/TOKYO/EIS11-277/2024_H1N1,2024-07-09,13.5
A/TOKYO/EIS11-277/2024_H1N1,2024-07-10,6.0
A/TOKYO/EIS11-277/2024_H1N1,2024-07-11,7.0
A/TOKYO/EIS11-277/2024_H1N1,2024-07-12,2.0
A/TOKYO/EIS11-277/2024_H1N1,2024-07-13,5.0
A/TOKYO/EIS11-277/2024_H1N1,2024-07-14,5.0
A/TOKYO/EIS11-277/2024_H1N1,2024-07-15,10.0
A/TOKYO/EIS11-277/2024_H1N1,2024-07-16,4.0
A/TOKYO/EIS11-277/2024_H1N1,2024-07-17,3.0
A/TOKYO/EIS11-277/2024_H1N1,2024-07-18,8.0
A/TOKYO/EIS11-277/2024_H1N1,2024-07-19,3.0
A/TOKYO/EIS11-277/2024_H1N1,2024-07-20,5.0
A/TOKYO/EIS11-277/2024_H1N1,2024-07-21,3.0
A/TOKYO/EIS11-277/2024_H1N1,2024-07-22,10.0
A/TOKYO/EIS11-277/2024_H1N1,2024-07-23,6.0
A/TOKYO/EIS11-277/2024_H1N1,2024-07-24,4.0
A/TOKYO/EIS11-277/2024_H1N1,2024-07-25,5.0
A/TOKYO/EIS11-277/2024_H1N1,2024-07-26,2.0
A/TOKYO/EIS11-277/2024_H1N1,2024-07-27,1.0
A/TOKYO/EIS11-277/2024_H1N1,2024-07-28,5.0
A/TOKYO/EIS11-277/2024_H1N1,2024-07-29,5.0
A/TOKYO/EIS11-277/2024_H1N1,2024-07-30,6.0
A/TOKYO/EIS11-277/2024_H1N1,2024-07-31,6.0
A/TOKYO/EIS11-277/2024_H1N1,2024-08-01,1.0
A/TOKYO/EIS11-277/2024_H1N1,2024-08-02,1.0
A/TOKYO/EIS11-277/2024_H1N1,2024-08-03,9.0
A/TOKYO/EIS11-277/2024_H1N1,2024-08-04,4.0
A/TOKYO/EIS11-277/2024_H1N1,2024-08-05,13.0
A/TOKYO/EIS11-277/2024_H1N1,2024-08-06,7.0
A/TOKYO/EIS11-277/2024_H1N1,2024-08-07,3.0
A/TOKYO/EIS11-277/2024_H1N1,2024-08-08,5.0
A/TOKYO/EIS11-277/2024_H1N1,2024-08-09,6.0
A/TOKYO/EIS11-277/2024_H1N1,2024-08-10,2.0
A/TOKYO/EIS11-277/2024_H1N1,2024-08-11,5.0
A/TOKYO/EIS11-277/2024_H1N1,2024-08-12,5.0
A/TOKYO/EIS11-277/2024_H1N1,2024-08-13,3.0
A/TOKYO/EIS11-277/2024_H1N1,2024-08-14,1.0
A/TOKYO/EIS11-277/2024_H1N1,2024-08-15,4.0
A/TOKYO/EIS11-277/2024_H1N1,2024-08-16,2.0
A/TOKYO/EIS11-277/2024_H1N1,2024-08-17,2.0
A/TOKYO/EIS11-277/2024_H1N1,2024-08-19,2.0
A/TOKYO/EIS11-277/2024_H1N1,2024-08-20,2.0
A/TOKYO/EIS11-277/2024_H1N1,2024-08-21,3.0
A/TOKYO/EIS11-277/2024_H1N1,2024-08-22,2.0
A/TOKYO/EIS11-277/2024_H1N1,2024-08-23,1.0
A/TOKYO/EIS11-277/2024_H1N1,2024-08-24,1.0
A/TOKYO/EIS11-277/2024_H1N1,2024-08-26,1.5
A/TOKYO/EIS11-277/2024_H1N1,2024-08-27,3.0
A/TOKYO/EIS11-277/2024_H1N1,2024-08-28,3.0
A/TOKYO/EIS11-277/2024_H1N1,2024-08-29,5.0
A/TOKYO/EIS11-277/2024_H1N1,2024-08-30,1.0
A/TOKYO/EIS11-277/2024_H1N1,2024-08-31,3.0
A/TOKYO/EIS11-277/2024_H1N1,2024-09-01,6.0
A/TOKYO/EIS11-277/2024_H1N1,2024-09-02,3.0
A/TOKYO/EIS11-277/2024_H1N1,2024-09-03,10.5
A/TOKYO/EIS11-277/2024_H1N1,2024-09-04,3.0
A/TOKYO/EIS11-277/2024_H1N1,2024-09-05,4.0
A/TOKYO/EIS11-277/2024_H1N1,2024-09-06,4.5
A/TOKYO/EIS11-277/2024_H1N1,2024-09-07,6.0
A/TOKYO/EIS11-277/2024_H1N1,2024-09-08,1.0
A/TOKYO/EIS11-277/2024_H1N1,2024-09-09,6.0
A/TOKYO/EIS11-277/2024_H1N1,2024-09-10,3.0
A/TOKYO/EIS11-277/2024_H1N1,2024-09-11,5.0
A/TOKYO/EIS11-277/2024_H1N1,2024-09-12,4.0
A/TOKYO/EIS11-277/2024_H1N1,2024-09-13,2.0
A/TOKYO/EIS11-277/2024_H1N1,2024-09-14,3.0
A/TOKYO/EIS11-277/2024_H1N1,2024-09-15,4.0
A/TOKYO/EIS11-277/2024_H1N1,2024-09-16,4.0
A/TOKYO/EIS11-277/2024_H1N1,2024-09-17,3.0
A/TOKYO/EIS11-277/2024_H1N1,2024-09-18,3.0
A/TOKYO/EIS11-277/2024_H1N1,2024-09-19,6.0
A/TOKYO/EIS11-277/2024_H1N1,2024-09-20,5.0
A/TOKYO/EIS11-277/2024_H1N1,2024-09-21,2.0
A/TOKYO/EIS11-277/2024_H1N1,2024-09-22,6.0
A/TOKYO/EIS11-277/2024_H1N1,2024-09-23,6.0
A/TOKYO/EIS11-277/2024_H1N1,2024-09-24,5.0
A/TOKYO/EIS11-277/2024_H1N1,2024-09-25,1.0
A/TOKYO/EIS11-277/2024_H1N1,2024-09-26,5.0
A/TOKYO/EIS11-277/2024_H1N1,2024-09-27,2.0
A/TOKYO/EIS11-277/2024_H1N1,2024-09-28,2.0
A/TOKYO/EIS11-277/2024_H1N1,2024-09-29,1.0
A/TOKYO/EIS11-277/2024_H1N1,2024-09-30,5.0
A/TOKYO/EIS11-277/2024_H1N1,2024-10-01,4.0
A/TOKYO/EIS11-277/2024_H1N1,2024-10-02,7.0
A/TOKYO/EIS11-277/2024_H1N1,2024-10-03,3.0
A/TOKYO/EIS11-277/2024_H1N1,2024-10-04,9.0
A/TOKYO/EIS11-277/2024_H1N1,2024-10-05,7.0
A/TOKYO/EIS11-277/2024_H1N1,2024-10-06,2.0
A/TOKYO/EIS11-277/2024_H1N1,2024-10-07,4.0
A/TOKYO/EIS11-277/2024_H1N1,2024-10-08,8.0
A/TOKYO/EIS11-277/2024_H1N1,2024-10-09,7.0
A/TOKYO/EIS11-277/2024_H1N1,2024-10-10,7.0
A/TOKYO/EIS11-277/2024_H1N1,2024-10-11,3.0
A/TOKYO/EIS11-277/2024_H1N1,2024-10-12,1.0
A/TOKYO/EIS11-277/2024_H1N1,2024-10-13,1.0
A/TOKYO/EIS11-277/2024_H1N1,2024-10-14,7.0
A/TOKYO/EIS11-277/2024_H1N1,2024-10-15,5.0
A/TOKYO/EIS11-277/2024_H1N1,2024-10-16,4.0
A/TOKYO/EIS11-277/2024_H1N1,2024-10-17,6.0
A/TOKYO/EIS11-277/2024_H1N1,2024-10-18,2.0
A/TOKYO/EIS11-277/2024_H1N1,2024-10-19,4.0
A/TOKYO/EIS11-277/2024_H1N1,2024-10-20,4.0
A/TOKYO/EIS11-277/2024_H1N1,2024-10-21,6.0
A/TOKYO/EIS11-277/2024_H1N1,2024-10-22,5.0
A/TOKYO/EIS11-277/2024_H1N1,2024-10-23,2.0
A/TOKYO/EIS11-277/2024_H1N1,2024-10-24,4.0
A/TOKYO/EIS11-277/2024_H1N1,2024-10-25,1.0
A/TOKYO/EIS11-277/2024_H1N1,2024-10-26,1.0
A/TOKYO/EIS11-277/2024_H1N1,2024-10-27,1.0
A/TOKYO/EIS11-277/2024_H1N1,2024-10-28,4.0
A/TOKYO/EIS11-277/2024_H1N1,2024-10-29,2.0
A/TOKYO/EIS11-277/2024_H1N1,2024-10-31,0.5
A/TOKYO/EIS11-277/2024_H1N1,2024-11-01,4.0
A/TOKYO/EIS11-277/2024_H1N1,2024-11-02,3.0
A/TOKYO/EIS11-277/2024_H1N1,2024-11-03,1.0
A/TOKYO/EIS11-277/2024_H1N1,2024-11-04,4.5
A/TOKYO/EIS11-277/2024_H1N1,2024-11-05,3.0
A/TOKYO/EIS11-277/2024_H1N1,2024-11-06,2.0
A/TOKYO/EIS11-277/2024_H1N1,2024-11-07,2.0
A/TOKYO/EIS11-277/2024_H1N1,2024-11-08,2.0
A/TOKYO/EIS11-277/2024_H1N1,2024-11-09,1.0
A/TOKYO/EIS11-277/2024_H1N1,2024-11-10,1.0
A/TOKYO/EIS11-277/2024_H1N1,2024-11-11,7.0
A/TOKYO/EIS11-277/2024_H1N1,2024-11-12,5.0
A/TOKYO/EIS11-277/2024_H1N1,2024-11-13,5.5
A/TOKYO/EIS11-277/2024_H1N1,2024-11-14,3.0
A/TOKYO/EIS11-277/2024_H1N1,2024-11-15,1.5
A/TOKYO/EIS11-277/2024_H1N1,2024-11-16,2.0
A/TOKYO/EIS11-277/2024_H1N1,2024-11-17,4.0
A/TOKYO/EIS11-277/2024_H1N1,2024-11-18,11.5
A/TOKYO/EIS11-277/2024_H1N1,2024-11-19,5.5
A/TOKYO/EIS11-277/2024_H1N1,2024-11-20,6.0
A/TOKYO/EIS11-277/2024_H1N1,2024-11-21,4.0
A/TOKYO/EIS11-277/2024_H1N1,2024-11-22,1.5
A/TOKYO/EIS11-277/2024_H1N1,2024-11-23,4.0
A/TOKYO/EIS11-277/2024_H1N1,2024-11-24,6.0
A/TOKYO/EIS11-277/2024_H1N1,2024-11-25,8.0
A/TOKYO/EIS11-277/2024_H1N1,2024-11-26,9.0
A/TOKYO/EIS11-277/2024_H1N1,2024-11-27,6.0
A/TOKYO/EIS11-277/2024_H1N1,2024-11-28,2.5
A/TOKYO/EIS11-277/2024_H1N1,2024-11-29,10.5
A/TOKYO/EIS11-277/2024_H1N1,2024-12-01,5.0
A/TOKYO/EIS11-277/2024_H1N1,2024-12-02,12.5
A/TOKYO/EIS11-277/2024_H1N1,2024-12-03,5.5
A/TOKYO/EIS11-277/2024_H1N1,2024-12-04,9.0
A/TOKYO/EIS11-277/2024_H1N1,2024-12-05,9.0
A/TOKYO/EIS11-277/2024_H1N1,2024-12-06,8.0
A/TOKYO/EIS11-277/2024_H1N1,2024-12-07,5.0
A/TOKYO/EIS11-277/2024_H1N1,2024-12-08,10.5
A/TOKYO/EIS11-277/2024_H1N1,2024-12-09,20.5
A/TOKYO/EIS11-277/2024_H1N1,2024-12-10,6.0
A/TOKYO/EIS11-277/2024_H1N1,2024-12-11,10.0
A/TOKYO/EIS11-277/2024_H1N1,2024-12-12,11.5
A/TOKYO/EIS11-277/2024_H1N1,2024-12-13,12.0
A/TOKYO/EIS11-277/2024_H1N1,2024-12-14,1.0
A/TOKYO/EIS11-277/2024_H1N1,2024-12-15,7.0
A/TOKYO/EIS11-277/2024_H1N1,2024-12-16,23.5
A/TOKYO/EIS11-277/2024_H1N1,2024-12-17,14.5
A/TOKYO/EIS11-277/2024_H1N1,2024-12-18,12.0
A/TOKYO/EIS11-277/2024_H1N1,2024-12-19,8.5
A/TOKYO/EIS11-277/2024_H1N1,2024-12-20,8.5
A/TOKYO/EIS11-277/2024_H1N1,2024-12-21,2.0
A/TOKYO/EIS11-277/2024_H1N1,2024-12-22,6.0
A/TOKYO/EIS11-277/2024_H1N1,2024-12-23,9.5
A/TOKYO/EIS11-277/2024_H1N1,2024-12-24,8.0
A/TOKYO/EIS11-277/2024_H1N1,2024-12-25,8.5
A/TOKYO/EIS11-277/2024_H1N1,2024-12-26,5.0
A/TOKYO/EIS11-277/2024_H1N1,2024-12-27,17.5
A/TOKYO/EIS11-277/2024_H1N1,2024-12-28,7.5
A/TOKYO/EIS11-277/2024_H1N1,2024-12-29,5.0
A/TOKYO/EIS11-277/2024_H1N1,2024-12-30,20.0
A/TOKYO/EIS11-277/2024_H1N1,2024-12-31,12.0
A/TOKYO/EIS11-277/2024_H1N1,2025-01-01,5.0
A/TOKYO/EIS11-277/2024_H1N1,2025-01-02,23.5
A/TOKYO/EIS11-277/2024_H1N1,2025-01-03,19.0
A/TOKYO/EIS11-277/2024_H1N1,2025-01-04,16.5
A/TOKYO/EIS11-277/2024_H1N1,2025-01-05,11.5
A/TOKYO/EIS11-277/2024_H1N1,2025-01-06,21.5
A/TOKYO/EIS11-277/2024_H1N1,2025-01-07,26.5
A/TOKYO/EIS11-277/2024_H1N1,2025-01-08,13.0
A/TOKYO/EIS11-277/2024_H1N1,2025-01-09,14.5
A/TOKYO/EIS11-277/2024_H1N1,2025-01-10,8.0
A/TOKYO/EIS11-277/2024_H1N1,2025-01-11,5.5
A/TOKYO/EIS11-277/2024_H1N1,2025-01-12,7.5
A/TOKYO/EIS11-277/2024_H1N1,2025-01-13,15.5
A/TOKYO/EIS11-277/2024_H1N1,2025-01-14,23.5
A/TOKYO/EIS11-277/2024_H1N1,2025-01-15,17.0
A/TOKYO/EIS11-277/2024_H1N1,2025-01-16,12.0
A/TOKYO/EIS11-277/2024_H1N1,2025-01-17,17.0
A/TOKYO/EIS11-277/2024_H1N1,2025-01-18,10.0
A/TOKYO/EIS11-277/2024_H1N1,2025-01-19,7.0
A/TOKYO/EIS11-277/2024_H1N1,2025-01-20,25.0
A/TOKYO/EIS11-277/2024_H1N1,2025-01-21,17.5
A/TOKYO/EIS11-277/2024_H1N1,2025-01-22,15.5
A/TOKYO/EIS11-277/2024_H1N1,2025-01-23,10.0
A/TOKYO/EIS11-277/2024_H1N1,2025-01-24,13.5
A/TOKYO/EIS11-277/2024_H1N1,2025-01-25,5.5
A/TOKYO/EIS11-277/2024_H1N1,2025-01-26,10.5
A/TOKYO/EIS11-277/2024_H1N1,2025-01-27,14.5
A/TOKYO/EIS11-277/2024_H1N1,2025-01-28,15.0
A/TOKYO/EIS11-277/2024_H1N1,2025-01-29,15.0
A/TOKYO/EIS11-277/2024_H1N1,2025-01-30,17.0
A/TOKYO/EIS11-277/2024_H1N1,2025-01-31,14.5
A/TOKYO/EIS11-277/2024_H1N1,2025-02-01,8.0
A/TOKYO/EIS11-277/2024_H1N1,2025-02-02,11.5
A/TOKYO/EIS11-277/2024_H1N1,2025-02-03,18.5
A/TOKYO/EIS11-277/2024_H1N1,2025-02-04,18.0
A/TOKYO/EIS11-277/2024_H1N1,2025-02-05,9.0
A/TOKYO/EIS11-277/2024_H1N1,2025-02-06,11.0
A/TOKYO/EIS11-277/2024_H1N1,2025-02-07,6.0
A/TOKYO/EIS11-277/2024_H1N1,2025-02-08,6.0
A/TOKYO/EIS11-277/2024_H1N1,2025-02-09,7.0
A/TOKYO/EIS11-277/2024_H1N1,2025-02-10,19.5
A/TOKYO/EIS11-277/2024_H1N1,2025-02-11,14.0
A/TOKYO/EIS11-277/2024_H1N1,2025-02-12,8.5
A/TOKYO/EIS11-277/2024_H1N1,2025-02-13,11.0
A/TOKYO/EIS11-277/2024_H1N1,2025-02-14,6.0
A/TOKYO/EIS11-277/2024_H1N1,2025-02-15,4.0
A/TOKYO/EIS11-277/2024_H1N1,2025-02-16,2.0
A/TOKYO/EIS11-277/2024_H1N1,2025-02-17,4.5
A/TOKYO/EIS11-277/2024_H1N1,2025-02-18,14.5
A/TOKYO/EIS11-277/2024_H1N1,2025-02-19,8.5
A/TOKYO/EIS11-277/2024_H1N1,2025-02-20,5.0
A/TOKYO/EIS11-277/2024_H1N1,2025-02-21,6.0
A/TOKYO/EIS11-277/2024_H1N1,2025-02-22,4.5
A/TOKYO/EIS11-277/2024_H1N1,2025-02-23,2.5
A/TOKYO/EIS11-277/2024_H1N1,2025-02-24,6.5
A/TOKYO/EIS11-277/2024_H1N1,2025-02-25,4.5
A/TOKYO/EIS11-277/2024_H1N1,2025-02-26,3.0
A/TOKYO/EIS11-277/2024_H1N1,2025-02-27,8.5
A/TOKYO/EIS11-277/2024_H1N1,2025-02-28,5.5
A/TOKYO/EIS11-277/2024_H1N1,2025-03-03,4.0
A/TOKYO/EIS11-277/2024_H1N1,2025-03-04,6.5
A/TOKYO/EIS11-277/2024_H1N1,2025-03-05,3.0
A/TOKYO/EIS11-277/2024_H1N1,2025-03-06,6.0
A/TOKYO/EIS11-277/2024_H1N1,2025-03-07,6.0
A/TOKYO/EIS11-277/2024_H1N1,2025-03-09,1.0
A/TOKYO/EIS11-277/2024_H1N1,2025-03-10,8.0
A/TOKYO/EIS11-277/2024_H1N1,2025-03-11,2.5
A/TOKYO/EIS11-277/2024_H1N1,2025-03-12,2.0
A/TOKYO/EIS11-277/2024_H1N1,2025-03-13,3.0
A/TOKYO/EIS11-277/2024_H1N1,2025-03-14,6.0
A/TOKYO/EIS11-277/2024_H1N1,2025-03-15,1.0
A/TOKYO/EIS11-277/2024_H1N1,2025-03-16,0.5
A/TOKYO/EIS11-277/2024_H1N1,2025-03-17,5.5
A/TOKYO/EIS11-277/2024_H1N1,2025-03-18,3.0
A/TOKYO/EIS11-277/2024_H1N1,2025-03-19,3.0
A/TOKYO/EIS11-277/2024_H1N1,2025-03-20,2.0
A/TOKYO/EIS11-277/2024_H1N1,2025-03-21,3.0
A/TOKYO/EIS11-277/2024_H1N1,2025-03-22,1.5
A/TOKYO/EIS11-277/2024_H1N1,2025-03-23,0.5
A/TOKYO/EIS11-277/2024_H1N1,2025-03-24,4.0
A/TOKYO/EIS11-277/2024_H1N1,2025-03-25,4.0
A/TOKYO/EIS11-277/2024_H1N1,2025-03-26,1.5
A/TOKYO/EIS11-277/2024_H1N1,2025-03-27,3.0
A/TOKYO/EIS11-277/2024_H1N1,2025-03-28,1.5
A/TOKYO/EIS11-277/2024_H1N1,2025-03-29,2.0
A/TOKYO/EIS11-277/2024_H1N1,2025-03-30,2.0
A/TOKYO/EIS11-277/2024_H1N1,2025-03-31,1.0
A/TOKYO/EIS11-277/2024_H1N1,2025-04-01,6.0
A/TOKYO/EIS11-277/2024_H1N1,2025-04-02,2.0
A/TOKYO/EIS11-277/2024_H1N1,2025-04-03,2.5
A/TOKYO/EIS11-277/2024_H1N1,2025-04-04,1.5
A/TOKYO/EIS11-277/2024_H1N1,2025-04-05,0.5
A/TOKYO/EIS11-277/2024_H1N1,2025-04-07,0.5
A/TOKYO/EIS11-277/2024_H1N1,2025-04-08,2.5
A/TOKYO/EIS11-277/2024_H1N1,2025-04-09,4.5
A/TOKYO/EIS11-277/2024_H1N1,2025-04-12,0.5
A/TOKYO/EIS11-277/2024_H1N1,2025-04-13,1.5
A/TOKYO/EIS11-277/2024_H1N1,2025-04-14,1.5
A/TOKYO/EIS11-277/2024_H1N1,2025-04-16,1.0
A/TOKYO/EIS11-277/2024_H1N1,2025-04-17,0.5
A/TOKYO/EIS11-277/2024_H1N1,2025-04-18,1.0
A/TOKYO/EIS11-277/2024_H1N1,2025-04-21,1.0
A/TOKYO/EIS11-277/2024_H1N1,2025-04-22,0.5
A/TOKYO/EIS11-277/2024_H1N1,2025-04-24,1.0
A/TOKYO/EIS11-277/2024_H1N1,2025-04-25,1.0
A/TOKYO/EIS11-277/2024_H1N1,2025-04-29,3.0
A/TOKYO/EIS11-277/2024_H1N1,2025-05-01,0.5
A/TOKYO/EIS11-277/2024_H1N1,2025-05-04,1.0
A/TOKYO/EIS11-277/2024_H1N1,2025-05-05,3.0
A/TOKYO/EIS11-277/2024_H1N1,2025-05-06,1.0
A/TOKYO/EIS11-277/2024_H1N1,2025-05-07,0.5
A/TOKYO/EIS11-277/2024_H1N1,2025-05-09,1.0
A/TOKYO/EIS11-277/2024_H1N1,2025-05-13,1.0
A/TOKYO/EIS11-277/2024_H1N1,2025-06-01,1.0
A/TOKYO/EIS11-277/2024_H1N1,2025-06-11,1.0
A/TOKYO/EIS11-277/2024_H1N1,2025-06-12,1.0
A/TOKYO/EIS11-277/2024_H1N1,2025-06-13,1.0
A/TOKYO/EIS11-277/2024_H1N1,2025-06-20,1.0
A/TOKYO/EIS11-277/2024_H1N1,2025-06-23,1.5
A/TOKYO/EIS11-277/2024_H1N1,2025-06-27,1.0
A/Tambov/160-1V/2024_H1N1,2024-05-10,0.5
A/Tambov/160-1V/2024_H1N1,2024-09-13,0.5
A/Tambov/160-1V/2024_H1N1,2024-11-15,1.0
A/Tambov/160-1V/2024_H1N1,2024-12-17,2.0
A/Tambov/160-1V/2024_H1N1,2024-12-18,0.5
A/Tambov/160-1V/2024_H1N1,2024-12-19,1.0
A/Tambov/160-1V/2024_H1N1,2024-12-20,1.0
A/Tambov/160-1V/2024_H1N1,2024-12-23,4.0
A/Tambov/160-1V/2024_H1N1,2024-12-24,1.0
A/Tambov/160-1V/2024_H1N1,2024-12-26,1.0
A/Tambov/160-1V/2024_H1N1,2025-01-02,1.0
A/Tambov/160-1V/2024_H1N1,2025-01-06,1.5
A/Tambov/160-1V/2024_H1N1,2025-01-09,2.0
A/Tambov/160-1V/2024_H1N1,2025-01-10,0.5
A/Tambov/160-1V/2024_H1N1,2025-01-11,0.5
A/Tambov/160-1V/2024_H1N1,2025-01-13,1.5
A/Tambov/160-1V/2024_H1N1,2025-01-15,1.0
A/Tambov/160-1V/2024_H1N1,2025-02-03,0.5
A/Tambov/160-1V/2024_H1N1,2025-02-25,0.5
A/Tennessee/04/2025_H1N1,2024-09-19,0.5
A/Tennessee/04/2025_H1N1,2024-11-08,0.5
A/Tennessee/04/2025_H1N1,2024-11-09,0.5
A/Tennessee/04/2025_H1N1,2024-11-18,0.5
A/Tennessee/04/2025_H1N1,2024-11-19,0.5
A/Tennessee/04/2025_H1N1,2024-11-21,0.5
A/Tennessee/04/2025_H1N1,2024-11-25,0.5
A/Tennessee/04/2025_H1N1,2024-11-26,1.0
A/Tennessee/04/2025_H1N1,2024-11-27,0.5
A/Tennessee/04/2025_H1N1,2024-11-28,1.5
A/Tennessee/04/2025_H1N1,2024-11-29,1.0
A/Tennessee/04/2025_H1N1,2024-12-01,1.0
A/Tennessee/04/2025_H1N1,2024-12-02,0.5
A/Tennessee/04/2025_H1N1,2024-12-04,0.5
A/Tennessee/04/2025_H1N1,2024-12-05,0.5
A/Tennessee/04/2025_H1N1,2024-12-06,0.5
A/Tennessee/04/2025_H1N1,2024-12-10,0.5
A/Tennessee/04/2025_H1N1,2024-12-11,1.5
A/Tennessee/04/2025_H1N1,2024-12-12,2.0
A/Tennessee/04/2025_H1N1,2024-12-13,1.0
A/Tennessee/04/2025_H1N1,2024-12-14,1.0
A/Tennessee/04/2025_H1N1,2024-12-15,0.5
A/Tennessee/04/2025_H1N1,2024-12-16,1.0
A/Tennessee/04/2025_H1N1,2024-12-17,0.5
A/Tennessee/04/2025_H1N1,2024-12-18,0.5
A/Tennessee/04/2025_H1N1,2024-12-19,1.5
A/Tennessee/04/2025_H1N1,2024-12-20,1.5
A/Tennessee/04/2025_H1N1,2024-12-21,0.5
A/Tennessee/04/2025_H1N1,2024-12-22,0.5
A/Tennessee/04/2025_H1N1,2024-12-24,1.5
A/Tennessee/04/2025_H1N1,2024-12-26,1.5
A/Tennessee/04/2025_H1N1,2024-12-27,0.5
A/Tennessee/04/2025_H1N1,2024-12-28,0.5
A/Tennessee/04/2025_H1N1,2024-12-29,0.5
A/Tennessee/04/2025_H1N1,2024-12-30,1.5
A/Tennessee/04/2025_H1N1,2025-01-02,0.5
A/Tennessee/04/2025_H1N1,2025-01-03,1.0
A/Tennessee/04/2025_H1N1,2025-01-04,1.0
A/Tennessee/04/2025_H1N1,2025-01-05,1.0
A/Tennessee/04/2025_H1N1,2025-01-06,2.0
A/Tennessee/04/2025_H1N1,2025-01-07,1.0
A/Tennessee/04/2025_H1N1,2025-01-08,1.5
A/Tennessee/04/2025_H1N1,2025-01-09,1.0
A/Tennessee/04/2025_H1N1,2025-01-10,0.5
A/Tennessee/04/2025_H1N1,2025-01-13,2.0
A/Tennessee/04/2025_H1N1,2025-01-14,1.0
A/Tennessee/04/2025_H1N1,2025-01-15,3.0
A/Tennessee/04/2025_H1N1,2025-01-16,1.5
A/Tennessee/04/2025_H1N1,2025-01-20,1.0
A/Tennessee/04/2025_H1N1,2025-01-21,2.0
A/Tennessee/04/2025_H1N1,2025-01-22,1.0
A/Tennessee/04/2025_H1N1,2025-01-24,1.0
A/Tennessee/04/2025_H1N1,2025-01-26,0.5
A/Tennessee/04/2025_H1N1,2025-01-27,1.5
A/Tennessee/04/2025_H1N1,2025-01-28,1.0
A/Tennessee/04/2025_H1N1,2025-01-30,1.0
A/Tennessee/04/2025_H1N1,2025-02-02,1.5
A/Tennessee/04/2025_H1N1,2025-02-03,0.5
A/Tennessee/04/2025_H1N1,2025-02-04,0.5
A/Tennessee/04/2025_H1N1,2025-02-06,0.5
A/Tennessee/04/2025_H1N1,2025-02-07,1.0
A/Tennessee/04/2025_H1N1,2025-02-10,1.5
A/Tennessee/04/2025_H1N1,2025-02-11,1.5
A/Tennessee/04/2025_H1N1,2025-02-17,0.5
A/Tennessee/04/2025_H1N1,2025-02-18,1.0
A/Tennessee/04/2025_H1N1,2025-02-20,0.5
A/Tennessee/04/2025_H1N1,2025-02-24,1.5
A/Tennessee/04/2025_H1N1,2025-02-25,1.0
A/Tennessee/04/2025_H1N1,2025-02-27,1.5
A/Tennessee/04/2025_H1N1,2025-03-17,0.5
A/Tennessee/04/2025_H1N1,2025-03-19,0.5
A/Tennessee/04/2025_H1N1,2025-03-20,0.5
A/Tennessee/04/2025_H1N1,2025-03-28,0.5
A/Ufa/CRIE/47/2024_H1N1,2024-05-01,0.5
A/Ufa/CRIE/47/2024_H1N1,2024-05-29,0.5
A/Ufa/CRIE/47/2024_H1N1,2024-06-05,0.5
A/Ufa/CRIE/47/2024_H1N1,2024-06-08,0.5
A/Ufa/CRIE/47/2024_H1N1,2024-06-09,0.5
A/Ufa/CRIE/47/2024_H1N1,2024-06-17,0.5
A/Ufa/CRIE/47/2024_H1N1,2024-08-07,0.5
A/Ufa/CRIE/47/2024_H1N1,2024-08-08,0.5
A/Ufa/CRIE/47/2024_H1N1,2024-08-12,0.5
A/Ufa/CRIE/47/2024_H1N1,2024-08-29,1.0
A/Ufa/CRIE/47/2024_H1N1,2024-09-17,1.0
A/Ufa/CRIE/47/2024_H1N1,2024-11-04,1.0
A/Ufa/CRIE/47/2024_H1N1,2024-11-06,0.5
A/Ufa/CRIE/47/2024_H1N1,2024-11-07,1.0
A/Ufa/CRIE/47/2024_H1N1,2024-11-08,0.5
A/Ufa/CRIE/47/2024_H1N1,2024-11-18,2.0
A/Ufa/CRIE/47/2024_H1N1,2024-11-19,1.0
A/Ufa/CRIE/47/2024_H1N1,2024-11-20,0.5
A/Ufa/CRIE/47/2024_H1N1,2024-11-21,1.5
A/Ufa/CRIE/47/2024_H1N1,2024-11-22,1.0
A/Ufa/CRIE/47/2024_H1N1,2024-11-28,1.0
A/Ufa/CRIE/47/2024_H1N1,2024-11-29,1.5
A/Ufa/CRIE/47/2024_H1N1,2024-12-01,1.0
A/Ufa/CRIE/47/2024_H1N1,2024-12-02,1.0
A/Ufa/CRIE/47/2024_H1N1,2024-12-03,2.0
A/Ufa/CRIE/47/2024_H1N1,2024-12-04,2.0
A/Ufa/CRIE/47/2024_H1N1,2024-12-05,2.0
A/Ufa/CRIE/47/2024_H1N1,2024-12-06,5.0
A/Ufa/CRIE/47/2024_H1N1,2024-12-08,1.0
A/Ufa/CRIE/47/2024_H1N1,2024-12-09,5.0
A/Ufa/CRIE/47/2024_H1N1,2024-12-10,4.0
A/Ufa/CRIE/47/2024_H1N1,2024-12-11,2.5
A/Ufa/CRIE/47/2024_H1N1,2024-12-12,1.0
A/Ufa/CRIE/47/2024_H1N1,2024-12-13,2.0
A/Ufa/CRIE/47/2024_H1N1,2024-12-14,1.0
A/Ufa/CRIE/47/2024_H1N1,2024-12-15,2.0
A/Ufa/CRIE/47/2024_H1N1,2024-12-16,4.0
A/Ufa/CRIE/47/2024_H1N1,2024-12-17,4.0
A/Ufa/CRIE/47/2024_H1N1,2024-12-19,3.0
A/Ufa/CRIE/47/2024_H1N1,2024-12-20,2.0
A/Ufa/CRIE/47/2024_H1N1,2024-12-21,3.5
A/Ufa/CRIE/47/2024_H1N1,2024-12-22,1.5
A/Ufa/CRIE/47/2024_H1N1,2024-12-23,2.0
A/Ufa/CRIE/47/2024_H1N1,2024-12-24,6.0
A/Ufa/CRIE/47/2024_H1N1,2024-12-25,1.0
A/Ufa/CRIE/47/2024_H1N1,2024-12-26,4.0
A/Ufa/CRIE/47/2024_H1N1,2024-12-27,4.0
A/Ufa/CRIE/47/2024_H1N1,2024-12-28,2.0
A/Ufa/CRIE/47/2024_H1N1,2024-12-29,0.5
A/Ufa/CRIE/47/2024_H1N1,2024-12-30,5.0
A/Ufa/CRIE/47/2024_H1N1,2024-12-31,2.0
A/Ufa/CRIE/47/2024_H1N1,2025-01-01,1.0
A/Ufa/CRIE/47/2024_H1N1,2025-01-02,4.0
A/Ufa/CRIE/47/2024_H1N1,2025-01-03,7.0
A/Ufa/CRIE/47/2024_H1N1,2025-01-04,3.0
A/Ufa/CRIE/47/2024_H1N1,2025-01-06,2.0
A/Ufa/CRIE/47/2024_H1N1,2025-01-07,4.0
A/Ufa/CRIE/47/2024_H1N1,2025-01-08,4.5
A/Ufa/CRIE/47/2024_H1N1,2025-01-09,5.0
A/Ufa/CRIE/47/2024_H1N1,2025-01-10,3.0
A/Ufa/CRIE/47/2024_H1N1,2025-01-11,3.5
A/Ufa/CRIE/47/2024_H1N1,2025-01-12,1.0
A/Ufa/CRIE/47/2024_H1N1,2025-01-13,7.5
A/Ufa/CRIE/47/2024_H1N1,2025-01-14,9.0
A/Ufa/CRIE/47/2024_H1N1,2025-01-15,4.0
A/Ufa/CRIE/47/2024_H1N1,2025-01-16,6.0
A/Ufa/CRIE/47/2024_H1N1,2025-01-17,6.5
A/Ufa/CRIE/47/2024_H1N1,2025-01-18,3.0
A/Ufa/CRIE/47/2024_H1N1,2025-01-19,2.0
A/Ufa/CRIE/47/2024_H1N1,2025-01-20,6.0
A/Ufa/CRIE/47/2024_H1N1,2025-01-21,3.0
A/Ufa/CRIE/47/2024_H1N1,2025-01-22,2.0
A/Ufa/CRIE/47/2024_H1N1,2025-01-23,6.0
A/Ufa/CRIE/47/2024_H1N1,2025-01-24,3.0
A/Ufa/CRIE/47/2024_H1N1,2025-01-25,3.5
A/Ufa/CRIE/47/2024_H1N1,2025-01-26,1.0
A/Ufa/CRIE/47/2024_H1N1,2025-01-27,7.5
A/Ufa/CRIE/47/2024_H1N1,2025-01-28,3.0
A/Ufa/CRIE/47/2024_H1N1,2025-01-30,2.0
A/Ufa/CRIE/47/2024_H1N1,2025-01-31,1.0
A/Ufa/CRIE/47/2024_H1N1,2025-02-01,2.0
A/Ufa/CRIE/47/2024_H1N1,2025-02-03,1.0
A/Ufa/CRIE/47/2024_H1N1,2025-02-04,3.0
A/Ufa/CRIE/47/2024_H1N1,2025-02-05,2.0
A/Ufa/CRIE/47/2024_H1N1,2025-02-06,1.0
A/Ufa/CRIE/47/2024_H1N1,2025-02-07,2.5
A/Ufa/CRIE/47/2024_H1N1,2025-02-09,1.0
A/Ufa/CRIE/47/2024_H1N1,2025-02-10,3.5
A/Ufa/CRIE/47/2024_H1N1,2025-02-12,1.0
A/Ufa/CRIE/47/2024_H1N1,2025-02-13,2.0
A/Ufa/CRIE/47/2024_H1N1,2025-02-14,3.0
A/Ufa/CRIE/47/2024_H1N1,2025-02-15,1.0
A/Ufa/CRIE/47/2024_H1N1,2025-02-16,2.0
A/Ufa/CRIE/47/2024_H1N1,2025-02-17,2.5
A/Ufa/CRIE/47/2024_H1N1,2025-02-18,1.0
A/Ufa/CRIE/47/2024_H1N1,2025-02-19,1.0
A/Ufa/CRIE/47/2024_H1N1,2025-02-20,2.0
A/Ufa/CRIE/47/2024_H1N1,2025-02-21,3.0
A/Ufa/CRIE/47/2024_H1N1,2025-02-23,1.0
A/Ufa/CRIE/47/2024_H1N1,2025-02-24,1.0
A/Ufa/CRIE/47/2024_H1N1,2025-02-25,3.0
A/Ufa/CRIE/47/2024_H1N1,2025-02-26,2.0
A/Ufa/CRIE/47/2024_H1N1,2025-02-27,0.5
A/Ufa/CRIE/47/2024_H1N1,2025-03-03,3.0
A/Ufa/CRIE/47/2024_H1N1,2025-03-04,1.0
A/Ufa/CRIE/47/2024_H1N1,2025-03-05,1.0
A/Ufa/CRIE/47/2024_H1N1,2025-03-09,1.0
A/Ufa/CRIE/47/2024_H1N1,2025-03-10,1.0
A/Ufa/CRIE/47/2024_H1N1,2025-03-13,1.0
A/Ufa/CRIE/47/2024_H1N1,2025-03-17,2.0
A/Ufa/CRIE/47/2024_H1N1,2025-03-21,1.0
A/Ufa/CRIE/47/2024_H1N1,2025-03-27,2.0
A/Ufa/CRIE/47/2024_H1N1,2025-03-28,1.0
A/Ufa/CRIE/47/2024_H1N1,2025-04-01,1.0
A/Ufa/CRIE/47/2024_H1N1,2025-04-02,1.0
A/Ufa/CRIE/47/2024_H1N1,2025-04-03,1.0
A/Ufa/CRIE/47/2024_H1N1,2025-04-11,1.0
A/Ufa/CRIE/47/2024_H1N1,2025-04-14,2.0
A/Ufa/CRIE/47/2024_H1N1,2025-04-15,1.0
A/Ufa/CRIE/47/2024_H1N1,2025-07-14,1.0
A/Uganda/UVRI_KIS6850_2024_H1N1,2024-06-24,1.5
A/Uganda/UVRI_KIS6850_2024_H1N1,2024-07-03,0.5
A/Uganda/UVRI_KIS6850_2024_H1N1,2024-07-12,0.5
A/Uganda/UVRI_KIS6850_2024_H1N1,2024-07-16,0.5
A/Uganda/UVRI_KIS6850_2024_H1N1,2024-07-24,1.0
A/Uganda/UVRI_KIS6850_2024_H1N1,2024-07-25,0.5
A/Uganda/UVRI_KIS6850_2024_H1N1,2024-07-30,0.5
A/Uganda/UVRI_KIS6850_2024_H1N1,2024-08-01,0.5
A/Uganda/UVRI_KIS6850_2024_H1N1,2024-08-03,0.5
A/Uganda/UVRI_KIS6850_2024_H1N1,2024-08-05,0.5
A/Uganda/UVRI_KIS6850_2024_H1N1,2024-08-07,0.5
A/Uganda/UVRI_KIS6850_2024_H1N1,2024-08-08,1.0
A/Uganda/UVRI_KIS6850_2024_H1N1,2024-08-12,0.5
A/Uganda/UVRI_KIS6850_2024_H1N1,2024-08-13,0.5
A/Uganda/UVRI_KIS6850_2024_H1N1,2024-08-14,0.5
A/Uganda/UVRI_KIS6850_2024_H1N1,2024-08-15,1.0
A/Uganda/UVRI_KIS6850_2024_H1N1,2024-08-19,1.0
A/Uganda/UVRI_KIS6850_2024_H1N1,2024-08-21,0.5
A/Uganda/UVRI_KIS6850_2024_H1N1,2024-08-26,0.5
A/Uganda/UVRI_KIS6850_2024_H1N1,2024-09-03,0.5
A/Uganda/UVRI_KIS6850_2024_H1N1,2024-09-05,0.5
A/Uganda/UVRI_KIS6850_2024_H1N1,2024-09-12,0.5
A/Uganda/UVRI_KIS6850_2024_H1N1,2024-10-03,0.5
A/Uganda/UVRI_KIS6850_2024_H1N1,2024-10-15,0.5
A/Uganda/UVRI_KIS6850_2024_H1N1,2024-10-21,0.5
A/Uganda/UVRI_KIS6850_2024_H1N1,2024-10-27,0.5
A/Uganda/UVRI_KIS6850_2024_H1N1,2024-10-29,0.5
A/Uganda/UVRI_KIS6850_2024_H1N1,2024-11-06,0.5
A/Uganda/UVRI_KIS6850_2024_H1N1,2024-11-13,1.0
A/Ulsan/492/2025_H1N1,2024-06-24,0.5
A/Ulsan/492/2025_H1N1,2024-07-28,0.5
A/Ulsan/492/2025_H1N1,2024-10-07,0.5
A/Ulsan/492/2025_H1N1,2024-11-16,1.0
A/Ulsan/492/2025_H1N1,2024-11-28,1.0
A/Ulsan/492/2025_H1N1,2024-11-30,1.0
A/Ulsan/492/2025_H1N1,2024-12-02,1.5
A/Ulsan/492/2025_H1N1,2024-12-04,1.0
A/Ulsan/492/2025_H1N1,2024-12-08,1.0
A/Ulsan/492/2025_H1N1,2024-12-11,1.0
A/Ulsan/492/2025_H1N1,2024-12-17,1.0
A/Ulsan/492/2025_H1N1,2024-12-25,1.5
A/Ulsan/492/2025_H1N1,2024-12-31,2.0
A/Ulsan/492/2025_H1N1,2025-01-01,1.0
A/Ulsan/492/2025_H1N1,2025-01-07,2.0
A/Ulsan/492/2025_H1N1,2025-01-08,0.5
A/Ulsan/492/2025_H1N1,2025-01-13,2.0
A/Ulsan/492/2025_H1N1,2025-01-14,1.0
A/Ulsan/492/2025_H1N1,2025-01-19,1.0
A/Ulsan/492/2025_H1N1,2025-01-20,3.0
A/Ulsan/492/2025_H1N1,2025-01-23,1.0
A/Ulsan/492/2025_H1N1,2025-01-24,1.0
A/Ulsan/492/2025_H1N1,2025-01-25,1.5
A/Ulsan/492/2025_H1N1,2025-01-27,2.0
A/Ulsan/492/2025_H1N1,2025-01-31,0.5
A/Ulsan/492/2025_H1N1,2025-02-04,2.0
A/Ulsan/492/2025_H1N1,2025-02-09,0.5
A/Ulsan/492/2025_H1N1,2025-02-10,1.5
A/Ulsan/492/2025_H1N1,2025-02-14,1.0
A/Ulsan/492/2025_H1N1,2025-02-22,1.0
A/Ulsan/492/2025_H1N1,2025-02-24,1.0
A/Ulsan/492/2025_H1N1,2025-03-26,1.0
A/Ulsan/492/2025_H1N1,2025-04-29,1.0
A/Utah/39/2025_H1N1,2024-04-28,1.0
A/Utah/39/2025_H1N1,2024-04-29,3.0
A/Utah/39/2025_H1N1,2024-04-30,8.333333333333334
A/Utah/39/2025_H1N1,2024-05-01,1.6666666666666665
A/Utah/39/2025_H1N1,2024-05-03,1.0
A/Utah/39/2025_H1N1,2024-05-04,0.6666666666666666
A/Utah/39/2025_H1N1,2024-05-05,6.0
A/Utah/39/2025_H1N1,2024-05-06,1.3333333333333333
A/Utah/39/2025_H1N1,2024-05-07,0.6666666666666666
A/Utah/39/2025_H1N1,2024-05-08,1.0
A/Utah/39/2025_H1N1,2024-05-09,1.6666666666666665
A/Utah/39/2025_H1N1,2024-05-10,1.0
A/Utah/39/2025_H1N1,2024-05-11,1.6666666666666665
A/Utah/39/2025_H1N1,2024-05-12,0.3333333333333333
A/Utah/39/2025_H1N1,2024-05-13,2.333333333333333
A/Utah/39/2025_H1N1,2024-05-14,3.6666666666666665
A/Utah/39/2025_H1N1,2024-05-15,0.6666666666666666
A/Utah/39/2025_H1N1,2024-05-16,1.6666666666666665
A/Utah/39/2025_H1N1,2024-05-17,1.0
A/Utah/39/2025_H1N1,2024-05-18,1.3333333333333333
A/Utah/39/2025_H1N1,2024-05-19,1.3333333333333333
A/Utah/39/2025_H1N1,2024-05-20,3.6666666666666665
A/Utah/39/2025_H1N1,2024-05-21,1.3333333333333333
A/Utah/39/2025_H1N1,2024-05-22,2.6666666666666665
A/Utah/39/2025_H1N1,2024-05-23,0.6666666666666666
A/Utah/39/2025_H1N1,2024-05-24,0.6666666666666666
A/Utah/39/2025_H1N1,2024-05-25,1.0
A/Utah/39/2025_H1N1,2024-05-26,1.0
A/Utah/39/2025_H1N1,2024-05-27,0.3333333333333333
A/Utah/39/2025_H1N1,2024-05-28,1.0
A/Utah/39/2025_H1N1,2024-05-29,0.3333333333333333
A/Utah/39/2025_H1N1,2024-05-30,2.3333333333333335
A/Utah/39/2025_H1N1,2024-05-31,1.6666666666666665
A/Utah/39/2025_H1N1,2024-06-01,1.0
A/Utah/39/2025_H1N1,2024-06-02,1.3333333333333333
A/Utah/39/2025_H1N1,2024-06-03,0.6666666666666666
A/Utah/39/2025_H1N1,2024-06-04,1.3333333333333333
A/Utah/39/2025_H1N1,2024-06-05,1.3333333333333333
A/Utah/39/2025_H1N1,2024-06-06,2.6666666666666665
A/Utah/39/2025_H1N1,2024-06-08,1.3333333333333333
A/Utah/39/2025_H1N1,2024-06-09,0.3333333333333333
A/Utah/39/2025_H1N1,2024-06-10,1.0
A/Utah/39/2025_H1N1,2024-06-11,1.0
A/Utah/39/2025_H1N1,2024-06-12,1.0
A/Utah/39/2025_H1N1,2024-06-14,1.3333333333333333
A/Utah/39/2025_H1N1,2024-06-16,1.3333333333333333
A/Utah/39/2025_H1N1,2024-06-17,3.0
A/Utah/39/2025_H1N1,2024-06-18,1.0
A/Utah/39/2025_H1N1,2024-06-19,1.0
A/Utah/39/2025_H1N1,2024-06-20,1.0
A/Utah/39/2025_H1N1,2024-06-21,1.6666666666666665
A/Utah/39/2025_H1N1,2024-06-22,0.3333333333333333
A/Utah/39/2025_H1N1,2024-06-23,1.0
A/Utah/39/2025_H1N1,2024-06-24,1.6666666666666665
A/Utah/39/2025_H1N1,2024-06-26,2.0
A/Utah/39/2025_H1N1,2024-06-28,1.3333333333333333
A/Utah/39/2025_H1N1,2024-07-01,0.6666666666666666
A/Utah/39/2025_H1N1,2024-07-03,0.3333333333333333
A/Utah/39/2025_H1N1,2024-07-05,0.3333333333333333
A/Utah/39/2025_H1N1,2024-07-06,1.0
A/Utah/39/2025_H1N1,2024-07-07,0.3333333333333333
A/Utah/39/2025_H1N1,2024-07-08,1.6666666666666665
A/Utah/39/2025_H1N1,2024-07-11,0.3333333333333333
A/Utah/39/2025_H1N1,2024-07-12,1.3333333333333333
A/Utah/39/2025_H1N1,2024-07-14,1.3333333333333333
A/Utah/39/2025_H1N1,2024-07-15,0.6666666666666666
A/Utah/39/2025_H1N1,2024-07-18,3.0
A/Utah/39/2025_H1N1,2024-07-19,1.3333333333333333
A/Utah/39/2025_H1N1,2024-07-22,1.3333333333333333
A/Utah/39/2025_H1N1,2024-07-23,0.3333333333333333
A/Utah/39/2025_H1N1,2024-07-24,0.3333333333333333
A/Utah/39/2025_H1N1,2024-07-25,0.3333333333333333
A/Utah/39/2025_H1N1,2024-07-26,1.0
A/Utah/39/2025_H1N1,2024-07-27,0.6666666666666666
A/Utah/39/2025_H1N1,2024-07-28,1.0
A/Utah/39/2025_H1N1,2024-07-29,0.3333333333333333
A/Utah/39/2025_H1N1,2024-07-31,0.3333333333333333
A/Utah/39/2025_H1N1,2024-08-02,0.3333333333333333
A/Utah/39/2025_H1N1,2024-08-05,0.3333333333333333
A/Utah/39/2025_H1N1,2024-08-07,5.0
A/Utah/39/2025_H1N1,2024-08-08,0.3333333333333333
A/Utah/39/2025_H1N1,2024-08-09,1.0
A/Utah/39/2025_H1N1,2024-08-10,1.0
A/Utah/39/2025_H1N1,2024-08-13,0.3333333333333333
A/Utah/39/2025_H1N1,2024-08-15,2.0
A/Utah/39/2025_H1N1,2024-08-22,1.3333333333333333
A/Utah/39/2025_H1N1,2024-08-23,1.0
A/Utah/39/2025_H1N1,2024-08-28,0.3333333333333333
A/Utah/39/2025_H1N1,2024-08-31,0.3333333333333333
A/Utah/39/2025_H1N1,2024-09-01,0.3333333333333333
A/Utah/39/2025_H1N1,2024-09-02,3.0
A/Utah/39/2025_H1N1,2024-09-03,1.0
A/Utah/39/2025_H1N1,2024-09-04,0.3333333333333333
A/Utah/39/2025_H1N1,2024-09-06,1.0
A/Utah/39/2025_H1N1,2024-09-07,1.0
A/Utah/39/2025_H1N1,2024-09-08,2.0
A/Utah/39/2025_H1N1,2024-09-09,1.0
A/Utah/39/2025_H1N1,2024-09-10,1.0
A/Utah/39/2025_H1N1,2024-09-12,1.0
A/Utah/39/2025_H1N1,2024-09-13,0.3333333333333333
A/Utah/39/2025_H1N1,2024-09-17,2.0
A/Utah/39/2025_H1N1,2024-09-19,2.0
A/Utah/39/2025_H1N1,2024-09-22,1.0
A/Utah/39/2025_H1N1,2024-09-23,0.3333333333333333
A/Utah/39/2025_H1N1,2024-09-24,2.0
A/Utah/39/2025_H1N1,2024-09-25,2.6666666666666665
A/Utah/39/2025_H1N1,2024-09-26,1.0
A/Utah/39/2025_H1N1,2024-09-27,2.0
A/Utah/39/2025_H1N1,2024-09-28,1.0
A/Utah/39/2025_H1N1,2024-10-01,1.0
A/Utah/39/2025_H1N1,2024-10-03,1.0
A/Utah/39/2025_H1N1,2024-10-07,1.0
A/Utah/39/2025_H1N1,2024-10-12,1.0
A/Utah/39/2025_H1N1,2024-10-13,1.0
A/Utah/39/2025_H1N1,2024-10-14,1.0
A/Utah/39/2025_H1N1,2024-10-15,0.3333333333333333
A/Utah/39/2025_H1N1,2024-10-18,0.3333333333333333
A/Utah/39/2025_H1N1,2024-10-21,1.0
A/Utah/39/2025_H1N1,2024-10-23,1.3333333333333333
A/Utah/39/2025_H1N1,2024-10-24,1.3333333333333333
A/Utah/39/2025_H1N1,2024-10-25,0.3333333333333333
A/Utah/39/2025_H1N1,2024-10-27,0.3333333333333333
A/Utah/39/2025_H1N1,2024-10-28,1.0
A/Utah/39/2025_H1N1,2024-11-01,0.3333333333333333
A/Utah/39/2025_H1N1,2024-11-05,1.0
A/Utah/39/2025_H1N1,2024-11-06,0.3333333333333333
A/Utah/39/2025_H1N1,2024-11-08,2.0
A/Utah/39/2025_H1N1,2024-11-09,1.0
A/Utah/39/2025_H1N1,2024-11-10,1.0
A/Utah/39/2025_H1N1,2024-11-11,2.0
A/Utah/39/2025_H1N1,2024-11-12,1.3333333333333333
A/Utah/39/2025_H1N1,2024-11-13,1.0
A/Utah/39/2025_H1N1,2024-11-15,1.0
A/Utah/39/2025_H1N1,2024-11-18,1.0
A/Utah/39/2025_H1N1,2024-11-19,2.0
A/Utah/39/2025_H1N1,2024-11-20,4.0
A/Utah/39/2025_H1N1,2024-11-21,2.0
A/Utah/39/2025_H1N1,2024-11-22,2.333333333333333
A/Utah/39/2025_H1N1,2024-11-24,1.0
A/Utah/39/2025_H1N1,2024-11-25,4.0
A/Utah/39/2025_H1N1,2024-11-26,4.0
A/Utah/39/2025_H1N1,2024-11-28,1.0
A/Utah/39/2025_H1N1,2024-11-29,3.0
A/Utah/39/2025_H1N1,2024-12-01,2.0
A/Utah/39/2025_H1N1,2024-12-02,6.0
A/Utah/39/2025_H1N1,2024-12-03,3.0
A/Utah/39/2025_H1N1,2024-12-04,2.0
A/Utah/39/2025_H1N1,2024-12-05,4.0
A/Utah/39/2025_H1N1,2024-12-06,6.0
A/Utah/39/2025_H1N1,2024-12-07,3.0
A/Utah/39/2025_H1N1,2024-12-08,4.0
A/Utah/39/2025_H1N1,2024-12-09,9.333333333333334
A/Utah/39/2025_H1N1,2024-12-10,1.0
A/Utah/39/2025_H1N1,2024-12-11,4.333333333333333
A/Utah/39/2025_H1N1,2024-12-12,4.0
A/Utah/39/2025_H1N1,2024-12-14,2.0
A/Utah/39/2025_H1N1,2024-12-15,13.0
A/Utah/39/2025_H1N1,2024-12-16,16.333333333333332
A/Utah/39/2025_H1N1,2024-12-17,5.0
A/Utah/39/2025_H1N1,2024-12-18,6.0
A/Utah/39/2025_H1N1,2024-12-19,8.0
A/Utah/39/2025_H1N1,2024-12-20,3.333333333333333
A/Utah/39/2025_H1N1,2024-12-21,4.0
A/Utah/39/2025_H1N1,2024-12-22,4.0
A/Utah/39/2025_H1N1,2024-12-23,10.0
A/Utah/39/2025_H1N1,2024-12-24,8.0
A/Utah/39/2025_H1N1,2024-12-25,7.0
A/Utah/39/2025_H1N1,2024-12-26,6.0
A/Utah/39/2025_H1N1,2024-12-27,13.0
A/Utah/39/2025_H1N1,2024-12-28,9.0
A/Utah/39/2025_H1N1,2024-12-29,14.0
A/Utah/39/2025_H1N1,2024-12-30,18.0
A/Utah/39/2025_H1N1,2024-12-31,14.0
A/Utah/39/2025_H1N1,2025-01-01,11.0
A/Utah/39/2025_H1N1,2025-01-02,14.0
A/Utah/39/2025_H1N1,2025-01-03,23.0
A/Utah/39/2025_H1N1,2025-01-04,17.0
A/Utah/39/2025_H1N1,2025-01-05,10.0
A/Utah/39/2025_H1N1,2025-01-06,21.0
A/Utah/39/2025_H1N1,2025-01-07,10.0
A/Utah/39/2025_H1N1,2025-01-08,20.0
A/Utah/39/2025_H1N1,2025-01-09,17.0
A/Utah/39/2025_H1N1,2025-01-10,17.0
A/Utah/39/2025_H1N1,2025-01-11,12.0
A/Utah/39/2025_H1N1,2025-01-12,12.0
A/Utah/39/2025_H1N1,2025-01-13,31.5
A/Utah/39/2025_H1N1,2025-01-14,35.0
A/Utah/39/2025_H1N1,2025-01-15,20.0
A/Utah/39/2025_H1N1,2025-01-16,41.333333333333336
A/Utah/39/2025_H1N1,2025-01-17,24.333333333333332
A/Utah/39/2025_H1N1,2025-01-18,25.0
A/Utah/39/2025_H1N1,2025-01-19,34.0
A/Utah/39/2025_H1N1,2025-01-20,42.0
A/Utah/39/2025_H1N1,2025-01-21,36.0
A/Utah/39/2025_H1N1,2025-01-22,27.0
A/Utah/39/2025_H1N1,2025-01-23,43.0
A/Utah/39/2025_H1N1,2025-01-24,46.0
A/Utah/39/2025_H1N1,2025-01-25,19.333333333333332
A/Utah/39/2025_H1N1,2025-01-26,34.0
A/Utah/39/2025_H1N1,2025-01-27,51.0
A/Utah/39/2025_H1N1,2025-01-28,73.0
A/Utah/39/2025_H1N1,2025-01-29,58.0
A/Utah/39/2025_H1N1,2025-01-30,54.0
A/Utah/39/2025_H1N1,2025-01-31,39.0
A/Utah/39/2025_H1N1,2025-02-01,37.0
A/Utah/39/2025_H1N1,2025-02-02,45.333333333333336
A/Utah/39/2025_H1N1,2025-02-03,78.0
A/Utah/39/2025_H1N1,2025-02-04,73.0
A/Utah/39/2025_H1N1,2025-02-05,70.0
A/Utah/39/2025_H1N1,2025-02-06,58.0
A/Utah/39/2025_H1N1,2025-02-07,37.333333333333336
A/Utah/39/2025_H1N1,2025-02-08,47.0
A/Utah/39/2025_H1N1,2025-02-09,38.0
A/Utah/39/2025_H1N1,2025-02-10,96.0
A/Utah/39/2025_H1N1,2025-02-11,71.33333333333333
A/Utah/39/2025_H1N1,2025-02-12,70.5
A/Utah/39/2025_H1N1,2025-02-13,64.0
A/Utah/39/2025_H1N1,2025-02-14,54.0
A/Utah/39/2025_H1N1,2025-02-15,29.0
A/Utah/39/2025_H1N1,2025-02-16,45.333333333333336
A/Utah/39/2025_H1N1,2025-02-17,87.0
A/Utah/39/2025_H1N1,2025-02-18,64.5
A/Utah/39/2025_H1N1,2025-02-19,77.33333333333333
A/Utah/39/2025_H1N1,2025-02-20,85.0
A/Utah/39/2025_H1N1,2025-02-21,63.0
A/Utah/39/2025_H1N1,2025-02-22,43.5
A/Utah/39/2025_H1N1,2025-02-23,48.0
A/Utah/39/2025_H1N1,2025-02-24,93.0
A/Utah/39/2025_H1N1,2025-02-25,94.0
A/Utah/39/2025_H1N1,2025-02-26,87.0
A/Utah/39/2025_H1N1,2025-02-27,80.0
A/Utah/39/2025_H1N1,2025-02-28,58.0
A/Utah/39/2025_H1N1,2025-03-01,49.0
A/Utah/39/2025_H1N1,2025-03-02,43.0
A/Utah/39/2025_H1N1,2025-03-03,91.0
A/Utah/39/2025_H1N1,2025-03-04,78.0
A/Utah/39/2025_H1N1,2025-03-05,49.0
A/Utah/39/2025_H1N1,2025-03-06,67.0
A/Utah/39/2025_H1N1,2025-03-07,51.0
A/Utah/39/2025_H1N1,2025-03-08,30.0
A/Utah/39/2025_H1N1,2025-03-09,52.0
A/Utah/39/2025_H1N1,2025-03-10,82.0
A/Utah/39/2025_H1N1,2025-03-11,71.0
A/Utah/39/2025_H1N1,2025-03-12,81.0
A/Utah/39/2025_H1N1,2025-03-13,61.0
A/Utah/39/2025_H1N1,2025-03-14,61.5
A/Utah/39/2025_H1N1,2025-03-15,36.0
A/Utah/39/2025_H1N1,2025-03-16,40.5
A/Utah/39/2025_H1N1,2025-03-17,95.0
A/Utah/39/2025_H1N1,2025-03-18,80.0
A/Utah/39/2025_H1N1,2025-03-19,68.5
A/Utah/39/2025_H1N1,2025-03-20,68.0
A/Utah/39/2025_H1N1,2025-03-21,69.0
A/Utah/39/2025_H1N1,2025-03-22,43.0
A/Utah/39/2025_H1N1,2025-03-23,57.0
A/Utah/39/2025_H1N1,2025-03-24,80.0
A/Utah/39/2025_H1N1,2025-03-25,71.0
A/Utah/39/2025_H1N1,2025-03-26,69.0
A/Utah/39/2025_H1N1,2025-03-27,61.0
A/Utah/39/2025_H1N1,2025-03-28,57.0
A/Utah/39/2025_H1N1,2025-03-29,33.0
A/Utah/39/2025_H1N1,2025-03-30,37.0
A/Utah/39/2025_H1N1,2025-03-31,66.0
A/Utah/39/2025_H1N1,2025-04-01,69.0
A/Utah/39/2025_H1N1,2025-04-02,73.5
A/Utah/39/2025_H1N1,2025-04-03,68.0
A/Utah/39/2025_H1N1,2025-04-04,57.0
A/Utah/39/2025_H1N1,2025-04-05,37.0
A/Utah/39/2025_H1N1,2025-04-06,58.0
A/Utah/39/2025_H1N1,2025-04-07,80.0
A/Utah/39/2025_H1N1,2025-04-08,61.0
A/Utah/39/2025_H1N1,2025-04-09,78.0
A/Utah/39/2025_H1N1,2025-04-10,53.0
A/Utah/39/2025_H1N1,2025-04-11,65.0
A/Utah/39/2025_H1N1,2025-04-12,31.0
A/Utah/39/2025_H1N1,2025-04-13,55.0
A/Utah/39/2025_H1N1,2025-04-14,82.0
A/Utah/39/2025_H1N1,2025-04-15,71.0
A/Utah/39/2025_H1N1,2025-04-16,63.0
A/Utah/39/2025_H1N1,2025-04-17,54.0
A/Utah/39/2025_H1N1,2025-04-18,43.0
A/Utah/39/2025_H1N1,2025-04-19,36.0
A/Utah/39/2025_H1N1,2025-04-20,34.0
A/Utah/39/2025_H1N1,2025-04-21,75.0
A/Utah/39/2025_H1N1,2025-04-22,71.33333333333333
A/Utah/39/2025_H1N1,2025-04-23,57.0
A/Utah/39/2025_H1N1,2025-04-24,48.0
A/Utah/39/2025_H1N1,2025-04-25,42.0
A/Utah/39/2025_H1N1,2025-04-26,30.0
A/Utah/39/2025_H1N1,2025-04-27,23.0
A/Utah/39/2025_H1N1,2025-04-28,67.0
A/Utah/39/2025_H1N1,2025-04-29,63.0
A/Utah/39/2025_H1N1,2025-04-30,51.0
A/Utah/39/2025_H1N1,2025-05-01,46.0
A/Utah/39/2025_H1N1,2025-05-02,39.0
A/Utah/39/2025_H1N1,2025-05-03,30.0
A/Utah/39/2025_H1N1,2025-05-04,35.0
A/Utah/39/2025_H1N1,2025-05-05,57.0
A/Utah/39/2025_H1N1,2025-05-06,59.0
A/Utah/39/2025_H1N1,2025-05-07,52.0
A/Utah/39/2025_H1N1,2025-05-08,43.0
A/Utah/39/2025_H1N1,2025-05-09,33.0
A/Utah/39/2025_H1N1,2025-05-10,27.0
A/Utah/39/2025_H1N1,2025-05-11,40.0
A/Utah/39/2025_H1N1,2025-05-12,50.0
A/Utah/39/2025_H1N1,2025-05-13,51.0
A/Utah/39/2025_H1N1,2025-05-14,61.333333333333336
A/Utah/39/2025_H1N1,2025-05-15,45.5
A/Utah/39/2025_H1N1,2025-05-16,45.0
A/Utah/39/2025_H1N1,2025-05-17,32.0
A/Utah/39/2025_H1N1,2025-05-18,21.0
A/Utah/39/2025_H1N1,2025-05-19,67.0
A/Utah/39/2025_H1N1,2025-05-20,50.0
A/Utah/39/2025_H1N1,2025-05-21,44.0
A/Utah/39/2025_H1N1,2025-05-22,30.0
A/Utah/39/2025_H1N1,2025-05-23,35.0
A/Utah/39/2025_H1N1,2025-05-24,18.0
A/Utah/39/2025_H1N1,2025-05-25,21.0
A/Utah/39/2025_H1N1,2025-05-26,45.0
A/Utah/39/2025_H1N1,2025-05-27,29.0
A/Utah/39/2025_H1N1,2025-05-28,39.0
A/Utah/39/2025_H1N1,2025-05-29,25.0
A/Utah/39/2025_H1N1,2025-05-30,35.0
A/Utah/39/2025_H1N1,2025-05-31,33.0
A/Utah/39/2025_H1N1,2025-06-01,29.0
A/Utah/39/2025_H1N1,2025-06-02,35.5
A/Utah/39/2025_H1N1,2025-06-03,39.0
A/Utah/39/2025_H1N1,2025-06-04,26.0
A/Utah/39/2025_H1N1,2025-06-05,19.0
A/Utah/39/2025_H1N1,2025-06-06,29.0
A/Utah/39/2025_H1N1,2025-06-07,32.0
A/Utah/39/2025_H1N1,2025-06-08,29.0
A/Utah/39/2025_H1N1,2025-06-09,38.0
A/Utah/39/2025_H1N1,2025-06-10,43.0
A/Utah/39/2025_H1N1,2025-06-11,37.0
A/Utah/39/2025_H1N1,2025-06-12,31.0
A/Utah/39/2025_H1N1,2025-06-13,31.0
A/Utah/39/2025_H1N1,2025-06-14,20.0
A/Utah/39/2025_H1N1,2025-06-15,22.0
A/Utah/39/2025_H1N1,2025-06-16,42.0
A/Utah/39/2025_H1N1,2025-06-17,33.0
A/Utah/39/2025_H1N1,2025-06-18,22.0
A/Utah/39/2025_H1N1,2025-06-19,15.0
A/Utah/39/2025_H1N1,2025-06-20,38.0
A/Utah/39/2025_H1N1,2025-06-21,32.0
A/Utah/39/2025_H1N1,2025-06-22,20.0
A/Utah/39/2025_H1N1,2025-06-23,35.0
A/Utah/39/2025_H1N1,2025-06-24,19.0
A/Utah/39/2025_H1N1,2025-06-25,26.0
A/Utah/39/2025_H1N1,2025-06-26,25.0
A/Utah/39/2025_H1N1,2025-06-27,45.0
A/Utah/39/2025_H1N1,2025-06-28,25.0
A/Utah/39/2025_H1N1,2025-06-29,24.0
A/Utah/39/2025_H1N1,2025-06-30,28.0
A/Utah/39/2025_H1N1,2025-07-01,32.0
A/Utah/39/2025_H1N1,2025-07-02,26.0
A/Utah/39/2025_H1N1,2025-07-03,30.0
A/Utah/39/2025_H1N1,2025-07-04,17.0
A/Utah/39/2025_H1N1,2025-07-05,20.5
A/Utah/39/2025_H1N1,2025-07-06,18.0
A/Utah/39/2025_H1N1,2025-07-07,36.0
A/Utah/39/2025_H1N1,2025-07-08,36.0
A/Utah/39/2025_H1N1,2025-07-09,27.0
A/Utah/39/2025_H1N1,2025-07-10,21.0
A/Utah/39/2025_H1N1,2025-07-11,26.0
A/Utah/39/2025_H1N1,2025-07-12,14.0
A/Utah/39/2025_H1N1,2025-07-13,14.0
A/Utah/39/2025_H1N1,2025-07-14,15.0
A/Utah/39/2025_H1N1,2025-07-15,21.0
A/Utah/39/2025_H1N1,2025-07-16,21.0
A/Utah/39/2025_H1N1,2025-07-17,18.0
A/Utah/39/2025_H1N1,2025-07-18,16.0
A/Utah/39/2025_H1N1,2025-07-19,3.0
A/Utah/39/2025_H1N1,2025-07-20,7.0
A/Utah/39/2025_H1N1,2025-07-21,19.0
A/Utah/39/2025_H1N1,2025-07-22,20.0
A/Utah/39/2025_H1N1,2025-07-23,21.0
A/Utah/39/2025_H1N1,2025-07-24,15.0
A/Utah/39/2025_H1N1,2025-07-25,11.0
A/Utah/39/2025_H1N1,2025-07-26,12.0
A/Utah/39/2025_H1N1,2025-07-27,10.0
A/Utah/39/2025_H1N1,2025-07-28,6.0
A/Utah/39/2025_H1N1,2025-07-29,11.0
A/Utah/39/2025_H1N1,2025-07-30,6.0
A/Utah/39/2025_H1N1,2025-07-31,10.0
A/Utah/39/2025_H1N1,2025-08-01,5.0
A/Utah/39/2025_H1N1,2025-08-02,5.0
A/Utah/39/2025_H1N1,2025-08-03,4.0
A/Utah/39/2025_H1N1,2025-08-04,3.0
A/Utah/39/2025_H1N1,2025-08-05,8.0
A/Utah/39/2025_H1N1,2025-08-06,4.0
A/Utah/39/2025_H1N1,2025-08-07,14.0
A/Utah/39/2025_H1N1,2025-08-08,14.0
A/Utah/39/2025_H1N1,2025-08-09,10.0
A/Utah/39/2025_H1N1,2025-08-10,6.0
A/Utah/39/2025_H1N1,2025-08-11,7.0
A/Utah/39/2025_H1N1,2025-08-12,14.0
A/Utah/39/2025_H1N1,2025-08-13,11.0
A/Utah/39/2025_H1N1,2025-08-14,3.0
A/Utah/39/2025_H1N1,2025-08-15,1.0
A/Utah/39/2025_H1N1,2025-08-16,1.0
A/Utah/39/2025_H1N1,2025-08-18,1.0
A/Utah/39/2025_H1N1,2025-08-19,1.0
A/Vermont/05/2025_H1N1,2024-04-29,1.0
A/Vermont/05/2025_H1N1,2024-05-07,1.0
A/Vermont/05/2025_H1N1,2024-05-08,1.0
A/Vermont/05/2025_H1N1,2024-05-09,1.0
A/Vermont/05/2025_H1N1,2024-05-18,2.0
A/Vermont/05/2025_H1N1,2024-05-20,1.0
A/Vermont/05/2025_H1N1,2024-05-21,1.0
A/Vermont/05/2025_H1N1,2024-05-27,4.0
A/Vermont/05/2025_H1N1,2024-05-30,1.0
A/Vermont/05/2025_H1N1,2024-06-02,1.0
A/Vermont/05/2025_H1N1,2024-06-17,2.0
A/Vermont/05/2025_H1N1,2024-06-23,1.0
A/Vermont/05/2025_H1N1,2024-06-24,1.0
A/Vermont/05/2025_H1N1,2024-06-26,1.0
A/Vermont/05/2025_H1N1,2024-07-02,1.0
A/Vermont/05/2025_H1N1,2024-07-04,1.0
A/Vermont/05/2025_H1N1,2024-07-08,2.0
A/Vermont/05/2025_H1N1,2024-07-15,2.0
A/Vermont/05/2025_H1N1,2024-07-16,3.0
A/Vermont/05/2025_H1N1,2024-07-17,1.0
A/Vermont/05/2025_H1N1,2024-07-18,2.0
A/Vermont/05/2025_H1N1,2024-07-19,1.0
A/Vermont/05/2025_H1N1,2024-07-20,1.0
A/Vermont/05/2025_H1N1,2024-07-24,1.0
A/Vermont/05/2025_H1N1,2024-07-25,1.0
A/Vermont/05/2025_H1N1,2024-07-29,1.0
A/Vermont/05/2025_H1N1,2024-07-30,1.0
A/Vermont/05/2025_H1N1,2024-08-01,1.0
A/Vermont/05/2025_H1N1,2024-08-11,1.0
A/Vermont/05/2025_H1N1,2024-08-13,1.0
A/Vermont/05/2025_H1N1,2024-08-16,1.0
A/Vermont/05/2025_H1N1,2024-08-18,2.0
A/Vermont/05/2025_H1N1,2024-08-19,1.0
A/Vermont/05/2025_H1N1,2024-08-22,2.0
A/Vermont/05/2025_H1N1,2024-08-29,2.0
A/Vermont/05/2025_H1N1,2024-09-02,2.0
A/Vermont/05/2025_H1N1,2024-09-03,2.0
A/Vermont/05/2025_H1N1,2024-09-11,3.0
A/Vermont/05/2025_H1N1,2024-09-12,1.0
A/Vermont/05/2025_H1N1,2024-09-24,2.0
A/Vermont/05/2025_H1N1,2024-09-26,1.0
A/Vermont/05/2025_H1N1,2024-10-07,3.0
A/Vermont/05/2025_H1N1,2024-10-09,1.0
A/Vermont/05/2025_H1N1,2024-10-14,1.0
A/Vermont/05/2025_H1N1,2024-10-17,1.0
A/Vermont/05/2025_H1N1,2024-10-18,1.0
A/Vermont/05/2025_H1N1,2024-10-21,1.0
A/Vermont/05/2025_H1N1,2024-10-23,1.0
A/Vermont/05/2025_H1N1,2024-10-24,1.0
A/Vermont/05/2025_H1N1,2024-10-29,2.0
A/Vermont/05/2025_H1N1,2024-11-01,1.0
A/Vermont/05/2025_H1N1,2024-11-05,3.0
A/Vermont/05/2025_H1N1,2024-11-07,1.0
A/Vermont/05/2025_H1N1,2024-11-16,1.0
A/Vermont/05/2025_H1N1,2024-11-19,1.0
A/Vermont/05/2025_H1N1,2024-11-21,4.0
A/Vermont/05/2025_H1N1,2024-11-23,2.0
A/Vermont/05/2025_H1N1,2024-11-25,1.0
A/Vermont/05/2025_H1N1,2024-11-26,4.0
A/Vermont/05/2025_H1N1,2024-11-27,1.0
A/Vermont/05/2025_H1N1,2024-11-28,1.0
A/Vermont/05/2025_H1N1,2024-11-30,1.0
A/Vermont/05/2025_H1N1,2024-12-01,2.0
A/Vermont/05/2025_H1N1,2024-12-02,5.0
A/Vermont/05/2025_H1N1,2024-12-03,6.0
A/Vermont/05/2025_H1N1,2024-12-04,1.0
A/Vermont/05/2025_H1N1,2024-12-05,7.0
A/Vermont/05/2025_H1N1,2024-12-06,2.0
A/Vermont/05/2025_H1N1,2024-12-07,3.0
A/Vermont/05/2025_H1N1,2024-12-08,2.0
A/Vermont/05/2025_H1N1,2024-12-09,1.0
A/Vermont/05/2025_H1N1,2024-12-10,5.0
A/Vermont/05/2025_H1N1,2024-12-11,3.0
A/Vermont/05/2025_H1N1,2024-12-12,8.0
A/Vermont/05/2025_H1N1,2024-12-13,4.0
A/Vermont/05/2025_H1N1,2024-12-14,1.0
A/Vermont/05/2025_H1N1,2024-12-15,8.0
A/Vermont/05/2025_H1N1,2024-12-16,6.0
A/Vermont/05/2025_H1N1,2024-12-17,4.0
A/Vermont/05/2025_H1N1,2024-12-18,5.0
A/Vermont/05/2025_H1N1,2024-12-19,4.0
A/Vermont/05/2025_H1N1,2024-12-20,3.0
A/Vermont/05/2025_H1N1,2024-12-21,1.0
A/Vermont/05/2025_H1N1,2024-12-22,2.0
A/Vermont/05/2025_H1N1,2024-12-23,9.0
A/Vermont/05/2025_H1N1,2024-12-24,2.0
A/Vermont/05/2025_H1N1,2024-12-25,3.0
A/Vermont/05/2025_H1N1,2024-12-26,3.0
A/Vermont/05/2025_H1N1,2024-12-27,5.0
A/Vermont/05/2025_H1N1,2024-12-28,2.0
A/Vermont/05/2025_H1N1,2024-12-29,3.0
A/Vermont/05/2025_H1N1,2024-12-31,4.0
A/Vermont/05/2025_H1N1,2025-01-01,2.0
A/Vermont/05/2025_H1N1,2025-01-02,6.0
A/Vermont/05/2025_H1N1,2025-01-03,7.0
A/Vermont/05/2025_H1N1,2025-01-04,2.0
A/Vermont/05/2025_H1N1,2025-01-05,1.0
A/Vermont/05/2025_H1N1,2025-01-06,9.0
A/Vermont/05/2025_H1N1,2025-01-07,1.0
A/Vermont/05/2025_H1N1,2025-01-08,2.0
A/Vermont/05/2025_H1N1,2025-01-09,4.0
A/Vermont/05/2025_H1N1,2025-01-10,3.0
A/Vermont/05/2025_H1N1,2025-01-11,1.0
A/Vermont/05/2025_H1N1,2025-01-12,1.0
A/Vermont/05/2025_H1N1,2025-01-13,11.0
A/Vermont/05/2025_H1N1,2025-01-14,5.0
A/Vermont/05/2025_H1N1,2025-01-15,8.0
A/Vermont/05/2025_H1N1,2025-01-16,2.0
A/Vermont/05/2025_H1N1,2025-01-17,2.0
A/Vermont/05/2025_H1N1,2025-01-18,1.0
A/Vermont/05/2025_H1N1,2025-01-19,6.0
A/Vermont/05/2025_H1N1,2025-01-20,5.0
A/Vermont/05/2025_H1N1,2025-01-21,6.0
A/Vermont/05/2025_H1N1,2025-01-22,1.0
A/Vermont/05/2025_H1N1,2025-01-23,1.0
A/Vermont/05/2025_H1N1,2025-01-24,1.0
A/Vermont/05/2025_H1N1,2025-01-25,5.0
A/Vermont/05/2025_H1N1,2025-01-27,6.0
A/Vermont/05/2025_H1N1,2025-01-28,3.0
A/Vermont/05/2025_H1N1,2025-01-29,7.0
A/Vermont/05/2025_H1N1,2025-01-30,1.0
A/Vermont/05/2025_H1N1,2025-01-31,1.0
A/Vermont/05/2025_H1N1,2025-02-01,2.0
A/Vermont/05/2025_H1N1,2025-02-02,1.0
A/Vermont/05/2025_H1N1,2025-02-03,6.0
A/Vermont/05/2025_H1N1,2025-02-04,6.0
A/Vermont/05/2025_H1N1,2025-02-05,1.0
A/Vermont/05/2025_H1N1,2025-02-06,2.0
A/Vermont/05/2025_H1N1,2025-02-09,1.0
A/Vermont/05/2025_H1N1,2025-02-10,1.0
A/Vermont/05/2025_H1N1,2025-02-11,3.0
A/Vermont/05/2025_H1N1,2025-02-12,2.0
A/Vermont/05/2025_H1N1,2025-02-13,2.0
A/Vermont/05/2025_H1N1,2025-02-14,2.0
A/Vermont/05/2025_H1N1,2025-02-15,4.0
A/Vermont/05/2025_H1N1,2025-02-16,2.0
A/Vermont/05/2025_H1N1,2025-02-18,3.0
A/Vermont/05/2025_H1N1,2025-02-19,4.0
A/Vermont/05/2025_H1N1,2025-02-20,1.0
A/Vermont/05/2025_H1N1,2025-02-23,3.0
A/Vermont/05/2025_H1N1,2025-02-26,1.0
A/Vermont/05/2025_H1N1,2025-02-27,1.0
A/Vermont/05/2025_H1N1,2025-03-02,1.0
A/Vermont/05/2025_H1N1,2025-03-03,1.0
A/Vermont/05/2025_H1N1,2025-03-07,2.0
A/Vermont/05/2025_H1N1,2025-03-12,1.0
A/Vermont/05/2025_H1N1,2025-03-13,1.0
A/Vermont/05/2025_H1N1,2025-03-14,1.0
A/Vermont/05/2025_H1N1,2025-03-15,1.0
A/Vermont/05/2025_H1N1,2025-03-20,1.0
A/Vermont/05/2025_H1N1,2025-03-21,1.0
A/Vermont/05/2025_H1N1,2025-03-22,1.0
A/Vermont/05/2025_H1N1,2025-03-25,2.0
A/Vermont/05/2025_H1N1,2025-03-26,3.0
A/Vermont/05/2025_H1N1,2025-03-27,1.0
A/Vermont/05/2025_H1N1,2025-04-01,1.0
A/Vermont/05/2025_H1N1,2025-04-04,2.0
A/Vermont/05/2025_H1N1,2025-04-08,1.0
A/Vermont/05/2025_H1N1,2025-04-25,1.0
A/Vermont/05/2025_H1N1,2025-04-30,1.0
A/Vermont/10/2025_H1N1,2024-04-28,6.0
A/Vermont/10/2025_H1N1,2024-04-29,10.0
A/Vermont/10/2025_H1N1,2024-04-30,7.333333333333333
A/Vermont/10/2025_H1N1,2024-05-01,6.666666666666666
A/Vermont/10/2025_H1N1,2024-05-02,7.0
A/Vermont/10/2025_H1N1,2024-05-03,7.0
A/Vermont/10/2025_H1N1,2024-05-04,5.666666666666666
A/Vermont/10/2025_H1N1,2024-05-05,12.0
A/Vermont/10/2025_H1N1,2024-05-06,10.333333333333334
A/Vermont/10/2025_H1N1,2024-05-07,8.666666666666666
A/Vermont/10/2025_H1N1,2024-05-08,11.0
A/Vermont/10/2025_H1N1,2024-05-09,13.666666666666666
A/Vermont/10/2025_H1N1,2024-05-10,7.5
A/Vermont/10/2025_H1N1,2024-05-11,6.666666666666667
A/Vermont/10/2025_H1N1,2024-05-12,2.833333333333333
A/Vermont/10/2025_H1N1,2024-05-13,12.333333333333332
A/Vermont/10/2025_H1N1,2024-05-14,13.666666666666666
A/Vermont/10/2025_H1N1,2024-05-15,15.166666666666666
A/Vermont/10/2025_H1N1,2024-05-16,13.166666666666666
A/Vermont/10/2025_H1N1,2024-05-17,7.0
A/Vermont/10/2025_H1N1,2024-05-18,6.333333333333333
A/Vermont/10/2025_H1N1,2024-05-19,8.333333333333334
A/Vermont/10/2025_H1N1,2024-05-20,19.166666666666668
A/Vermont/10/2025_H1N1,2024-05-21,10.333333333333334
A/Vermont/10/2025_H1N1,2024-05-22,5.666666666666667
A/Vermont/10/2025_H1N1,2024-05-23,11.666666666666666
A/Vermont/10/2025_H1N1,2024-05-24,2.6666666666666665
A/Vermont/10/2025_H1N1,2024-05-25,5.0
A/Vermont/10/2025_H1N1,2024-05-26,5.0
A/Vermont/10/2025_H1N1,2024-05-27,10.333333333333334
A/Vermont/10/2025_H1N1,2024-05-28,9.0
A/Vermont/10/2025_H1N1,2024-05-29,12.333333333333334
A/Vermont/10/2025_H1N1,2024-05-30,6.333333333333333
A/Vermont/10/2025_H1N1,2024-05-31,9.166666666666666
A/Vermont/10/2025_H1N1,2024-06-01,8.5
A/Vermont/10/2025_H1N1,2024-06-02,5.333333333333333
A/Vermont/10/2025_H1N1,2024-06-03,12.666666666666666
A/Vermont/10/2025_H1N1,2024-06-04,10.333333333333334
A/Vermont/10/2025_H1N1,2024-06-05,9.333333333333334
A/Vermont/10/2025_H1N1,2024-06-06,7.666666666666666
A/Vermont/10/2025_H1N1,2024-06-07,3.0
A/Vermont/10/2025_H1N1,2024-06-08,5.333333333333333
A/Vermont/10/2025_H1N1,2024-06-09,4.333333333333333
A/Vermont/10/2025_H1N1,2024-06-10,5.0
A/Vermont/10/2025_H1N1,2024-06-11,6.0
A/Vermont/10/2025_H1N1,2024-06-12,11.0
A/Vermont/10/2025_H1N1,2024-06-13,5.0
A/Vermont/10/2025_H1N1,2024-06-14,4.333333333333333
A/Vermont/10/2025_H1N1,2024-06-15,7.0
A/Vermont/10/2025_H1N1,2024-06-16,7.333333333333333
A/Vermont/10/2025_H1N1,2024-06-17,11.0
A/Vermont/10/2025_H1N1,2024-06-18,9.5
A/Vermont/10/2025_H1N1,2024-06-19,12.0
A/Vermont/10/2025_H1N1,2024-06-20,11.0
A/Vermont/10/2025_H1N1,2024-06-21,8.666666666666666
A/Vermont/10/2025_H1N1,2024-06-22,6.333333333333333
A/Vermont/10/2025_H1N1,2024-06-23,11.5
A/Vermont/10/2025_H1N1,2024-06-24,10.666666666666666
A/Vermont/10/2025_H1N1,2024-06-25,8.5
A/Vermont/10/2025_H1N1,2024-06-26,10.0
A/Vermont/10/2025_H1N1,2024-06-27,9.0
A/Vermont/10/2025_H1N1,2024-06-28,7.333333333333333
A/Vermont/10/2025_H1N1,2024-06-29,4.0
A/Vermont/10/2025_H1N1,2024-06-30,5.0
A/Vermont/10/2025_H1N1,2024-07-01,5.666666666666667
A/Vermont/10/2025_H1N1,2024-07-02,7.0
A/Vermont/10/2025_H1N1,2024-07-03,8.333333333333334
A/Vermont/10/2025_H1N1,2024-07-04,5.0
A/Vermont/10/2025_H1N1,2024-07-05,5.333333333333333
A/Vermont/10/2025_H1N1,2024-07-06,10.0
A/Vermont/10/2025_H1N1,2024-07-07,8.333333333333334
A/Vermont/10/2025_H1N1,2024-07-08,10.666666666666666
A/Vermont/10/2025_H1N1,2024-07-09,13.0
A/Vermont/10/2025_H1N1,2024-07-10,5.0
A/Vermont/10/2025_H1N1,2024-07-11,7.333333333333333
A/Vermont/10/2025_H1N1,2024-07-12,4.333333333333333
A/Vermont/10/2025_H1N1,2024-07-13,4.0
A/Vermont/10/2025_H1N1,2024-07-14,2.3333333333333335
A/Vermont/10/2025_H1N1,2024-07-15,10.666666666666666
A/Vermont/10/2025_H1N1,2024-07-16,12.0
A/Vermont/10/2025_H1N1,2024-07-17,10.0
A/Vermont/10/2025_H1N1,2024-07-18,7.0
A/Vermont/10/2025_H1N1,2024-07-19,6.333333333333333
A/Vermont/10/2025_H1N1,2024-07-20,5.0
A/Vermont/10/2025_H1N1,2024-07-22,4.333333333333333
A/Vermont/10/2025_H1N1,2024-07-23,6.333333333333333
A/Vermont/10/2025_H1N1,2024-07-24,4.333333333333333
A/Vermont/10/2025_H1N1,2024-07-25,6.333333333333333
A/Vermont/10/2025_H1N1,2024-07-26,1.0
A/Vermont/10/2025_H1N1,2024-07-27,3.6666666666666665
A/Vermont/10/2025_H1N1,2024-07-28,7.0
A/Vermont/10/2025_H1N1,2024-07-29,7.333333333333333
A/Vermont/10/2025_H1N1,2024-07-30,6.0
A/Vermont/10/2025_H1N1,2024-07-31,2.3333333333333335
A/Vermont/10/2025_H1N1,2024-08-01,2.0
A/Vermont/10/2025_H1N1,2024-08-02,5.333333333333333
A/Vermont/10/2025_H1N1,2024-08-03,5.0
A/Vermont/10/2025_H1N1,2024-08-04,1.0
A/Vermont/10/2025_H1N1,2024-08-05,4.333333333333333
A/Vermont/10/2025_H1N1,2024-08-06,2.0
A/Vermont/10/2025_H1N1,2024-08-07,3.0
A/Vermont/10/2025_H1N1,2024-08-08,2.333333333333333
A/Vermont/10/2025_H1N1,2024-08-09,3.0
A/Vermont/10/2025_H1N1,2024-08-10,1.0
A/Vermont/10/2025_H1N1,2024-08-11,3.0
A/Vermont/10/2025_H1N1,2024-08-12,5.0
A/Vermont/10/2025_H1N1,2024-08-13,4.333333333333333
A/Vermont/10/2025_H1N1,2024-08-14,5.0
A/Vermont/10/2025_H1N1,2024-08-15,2.0
A/Vermont/10/2025_H1N1,2024-08-16,5.0
A/Vermont/10/2025_H1N1,2024-08-17,4.0
A/Vermont/10/2025_H1N1,2024-08-19,4.0
A/Vermont/10/2025_H1N1,2024-08-20,4.0
A/Vermont/10/2025_H1N1,2024-08-21,7.0
A/Vermont/10/2025_H1N1,2024-08-22,2.333333333333333
A/Vermont/10/2025_H1N1,2024-08-23,4.0
A/Vermont/10/2025_H1N1,2024-08-25,4.0
A/Vermont/10/2025_H1N1,2024-08-26,9.0
A/Vermont/10/2025_H1N1,2024-08-27,6.0
A/Vermont/10/2025_H1N1,2024-08-28,9.333333333333334
A/Vermont/10/2025_H1N1,2024-08-29,13.0
A/Vermont/10/2025_H1N1,2024-08-30,4.0
A/Vermont/10/2025_H1N1,2024-08-31,2.3333333333333335
A/Vermont/10/2025_H1N1,2024-09-01,4.333333333333333
A/Vermont/10/2025_H1N1,2024-09-02,1.0
A/Vermont/10/2025_H1N1,2024-09-03,1.0
A/Vermont/10/2025_H1N1,2024-09-04,6.333333333333333
A/Vermont/10/2025_H1N1,2024-09-05,7.0
A/Vermont/10/2025_H1N1,2024-09-06,5.0
A/Vermont/10/2025_H1N1,2024-09-07,4.0
A/Vermont/10/2025_H1N1,2024-09-08,3.0
A/Vermont/10/2025_H1N1,2024-09-09,8.0
A/Vermont/10/2025_H1N1,2024-09-10,7.0
A/Vermont/10/2025_H1N1,2024-09-11,7.0
A/Vermont/10/2025_H1N1,2024-09-12,5.0
A/Vermont/10/2025_H1N1,2024-09-13,4.333333333333333
A/Vermont/10/2025_H1N1,2024-09-14,1.0
A/Vermont/10/2025_H1N1,2024-09-15,4.0
A/Vermont/10/2025_H1N1,2024-09-16,8.0
A/Vermont/10/2025_H1N1,2024-09-17,8.0
A/Vermont/10/2025_H1N1,2024-09-18,5.0
A/Vermont/10/2025_H1N1,2024-09-19,5.0
A/Vermont/10/2025_H1N1,2024-09-20,10.0
A/Vermont/10/2025_H1N1,2024-09-21,4.0
A/Vermont/10/2025_H1N1,2024-09-22,3.0
A/Vermont/10/2025_H1N1,2024-09-23,9.333333333333334
A/Vermont/10/2025_H1N1,2024-09-24,9.0
A/Vermont/10/2025_H1N1,2024-09-25,5.666666666666666
A/Vermont/10/2025_H1N1,2024-09-26,4.0
A/Vermont/10/2025_H1N1,2024-09-27,6.0
A/Vermont/10/2025_H1N1,2024-09-28,2.0
A/Vermont/10/2025_H1N1,2024-09-29,3.0
A/Vermont/10/2025_H1N1,2024-09-30,7.0
A/Vermont/10/2025_H1N1,2024-10-01,4.0
A/Vermont/10/2025_H1N1,2024-10-02,9.0
A/Vermont/10/2025_H1N1,2024-10-03,4.0
A/Vermont/10/2025_H1N1,2024-10-04,4.0
A/Vermont/10/2025_H1N1,2024-10-05,3.0
A/Vermont/10/2025_H1N1,2024-10-06,3.0
A/Vermont/10/2025_H1N1,2024-10-07,5.0
A/Vermont/10/2025_H1N1,2024-10-08,5.0
A/Vermont/10/2025_H1N1,2024-10-09,10.0
A/Vermont/10/2025_H1N1,2024-10-10,4.0
A/Vermont/10/2025_H1N1,2024-10-11,6.0
A/Vermont/10/2025_H1N1,2024-10-12,6.0
A/Vermont/10/2025_H1N1,2024-10-13,7.0
A/Vermont/10/2025_H1N1,2024-10-14,9.0
A/Vermont/10/2025_H1N1,2024-10-15,9.333333333333334
A/Vermont/10/2025_H1N1,2024-10-16,6.0
A/Vermont/10/2025_H1N1,2024-10-17,7.0
A/Vermont/10/2025_H1N1,2024-10-18,10.333333333333334
A/Vermont/10/2025_H1N1,2024-10-19,2.0
A/Vermont/10/2025_H1N1,2024-10-20,2.0
A/Vermont/10/2025_H1N1,2024-10-21,8.0
A/Vermont/10/2025_H1N1,2024-10-22,14.0
A/Vermont/10/2025_H1N1,2024-10-23,8.333333333333334
A/Vermont/10/2025_H1N1,2024-10-24,8.333333333333334
A/Vermont/10/2025_H1N1,2024-10-25,10.333333333333334
A/Vermont/10/2025_H1N1,2024-10-26,13.0
A/Vermont/10/2025_H1N1,2024-10-27,6.333333333333333
A/Vermont/10/2025_H1N1,2024-10-28,15.0
A/Vermont/10/2025_H1N1,2024-10-29,8.0
A/Vermont/10/2025_H1N1,2024-10-30,10.0
A/Vermont/10/2025_H1N1,2024-10-31,4.0
A/Vermont/10/2025_H1N1,2024-11-01,6.333333333333333
A/Vermont/10/2025_H1N1,2024-11-02,1.0
A/Vermont/10/2025_H1N1,2024-11-03,5.0
A/Vermont/10/2025_H1N1,2024-11-04,3.0
A/Vermont/10/2025_H1N1,2024-11-05,10.0
A/Vermont/10/2025_H1N1,2024-11-06,6.333333333333333
A/Vermont/10/2025_H1N1,2024-11-07,10.0
A/Vermont/10/2025_H1N1,2024-11-08,6.0
A/Vermont/10/2025_H1N1,2024-11-09,7.0
A/Vermont/10/2025_H1N1,2024-11-10,12.0
A/Vermont/10/2025_H1N1,2024-11-11,8.0
A/Vermont/10/2025_H1N1,2024-11-12,10.333333333333334
A/Vermont/10/2025_H1N1,2024-11-13,9.0
A/Vermont/10/2025_H1N1,2024-11-14,6.0
A/Vermont/10/2025_H1N1,2024-11-15,9.0
A/Vermont/10/2025_H1N1,2024-11-16,7.0
A/Vermont/10/2025_H1N1,2024-11-17,6.0
A/Vermont/10/2025_H1N1,2024-11-18,12.0
A/Vermont/10/2025_H1N1,2024-11-19,10.0
A/Vermont/10/2025_H1N1,2024-11-20,11.0
A/Vermont/10/2025_H1N1,2024-11-21,3.0
A/Vermont/10/2025_H1N1,2024-11-22,7.333333333333333
A/Vermont/10/2025_H1N1,2024-11-23,4.0
A/Vermont/10/2025_H1N1,2024-11-24,5.0
A/Vermont/10/2025_H1N1,2024-11-25,14.0
A/Vermont/10/2025_H1N1,2024-11-26,7.0
A/Vermont/10/2025_H1N1,2024-11-27,5.0
A/Vermont/10/2025_H1N1,2024-11-28,10.0
A/Vermont/10/2025_H1N1,2024-11-29,4.0
A/Vermont/10/2025_H1N1,2024-11-30,8.0
A/Vermont/10/2025_H1N1,2024-12-01,11.0
A/Vermont/10/2025_H1N1,2024-12-02,14.0
A/Vermont/10/2025_H1N1,2024-12-03,8.0
A/Vermont/10/2025_H1N1,2024-12-04,9.0
A/Vermont/10/2025_H1N1,2024-12-05,7.0
A/Vermont/10/2025_H1N1,2024-12-06,3.0
A/Vermont/10/2025_H1N1,2024-12-07,4.0
A/Vermont/10/2025_H1N1,2024-12-08,4.0
A/Vermont/10/2025_H1N1,2024-12-09,10.333333333333334
A/Vermont/10/2025_H1N1,2024-12-10,8.0
A/Vermont/10/2025_H1N1,2024-12-11,11.333333333333334
A/Vermont/10/2025_H1N1,2024-12-12,6.0
A/Vermont/10/2025_H1N1,2024-12-13,7.0
A/Vermont/10/2025_H1N1,2024-12-14,8.0
A/Vermont/10/2025_H1N1,2024-12-15,3.0
A/Vermont/10/2025_H1N1,2024-12-16,9.333333333333334
A/Vermont/10/2025_H1N1,2024-12-17,8.0
A/Vermont/10/2025_H1N1,2024-12-18,10.0
A/Vermont/10/2025_H1N1,2024-12-19,9.0
A/Vermont/10/2025_H1N1,2024-12-20,4.333333333333333
A/Vermont/10/2025_H1N1,2024-12-21,4.0
A/Vermont/10/2025_H1N1,2024-12-22,6.0
A/Vermont/10/2025_H1N1,2024-12-23,5.0
A/Vermont/10/2025_H1N1,2024-12-24,2.0
A/Vermont/10/2025_H1N1,2024-12-25,3.0
A/Vermont/10/2025_H1N1,2024-12-26,6.0
A/Vermont/10/2025_H1N1,2024-12-27,11.0
A/Vermont/10/2025_H1N1,2024-12-28,3.0
A/Vermont/10/2025_H1N1,2024-12-29,5.0
A/Vermont/10/2025_H1N1,2024-12-30,11.0
A/Vermont/10/2025_H1N1,2024-12-31,3.0
A/Vermont/10/2025_H1N1,2025-01-01,9.0
A/Vermont/10/2025_H1N1,2025-01-02,10.0
A/Vermont/10/2025_H1N1,2025-01-03,3.0
A/Vermont/10/2025_H1N1,2025-01-04,4.0
A/Vermont/10/2025_H1N1,2025-01-05,6.0
A/Vermont/10/2025_H1N1,2025-01-06,8.0
A/Vermont/10/2025_H1N1,2025-01-07,2.0
A/Vermont/10/2025_H1N1,2025-01-08,4.0
A/Vermont/10/2025_H1N1,2025-01-09,8.0
A/Vermont/10/2025_H1N1,2025-01-10,1.0
A/Vermont/10/2025_H1N1,2025-01-11,3.0
A/Vermont/10/2025_H1N1,2025-01-12,2.0
A/Vermont/10/2025_H1N1,2025-01-13,5.0
A/Vermont/10/2025_H1N1,2025-01-14,5.0
A/Vermont/10/2025_H1N1,2025-01-15,10.0
A/Vermont/10/2025_H1N1,2025-01-16,5.333333333333333
A/Vermont/10/2025_H1N1,2025-01-17,9.333333333333334
A/Vermont/10/2025_H1N1,2025-01-18,9.0
A/Vermont/10/2025_H1N1,2025-01-19,3.0
A/Vermont/10/2025_H1N1,2025-01-20,4.0
A/Vermont/10/2025_H1N1,2025-01-21,6.0
A/Vermont/10/2025_H1N1,2025-01-22,5.0
A/Vermont/10/2025_H1N1,2025-01-23,2.0
A/Vermont/10/2025_H1N1,2025-01-24,7.0
A/Vermont/10/2025_H1N1,2025-01-25,7.333333333333333
A/Vermont/10/2025_H1N1,2025-01-26,1.0
A/Vermont/10/2025_H1N1,2025-01-27,7.0
A/Vermont/10/2025_H1N1,2025-01-28,12.0
A/Vermont/10/2025_H1N1,2025-01-29,7.0
A/Vermont/10/2025_H1N1,2025-01-30,9.0
A/Vermont/10/2025_H1N1,2025-01-31,2.0
A/Vermont/10/2025_H1N1,2025-02-01,3.0
A/Vermont/10/2025_H1N1,2025-02-02,1.3333333333333333
A/Vermont/10/2025_H1N1,2025-02-03,10.0
A/Vermont/10/2025_H1N1,2025-02-04,7.0
A/Vermont/10/2025_H1N1,2025-02-05,6.0
A/Vermont/10/2025_H1N1,2025-02-06,3.0
A/Vermont/10/2025_H1N1,2025-02-07,4.333333333333333
A/Vermont/10/2025_H1N1,2025-02-09,1.0
A/Vermont/10/2025_H1N1,2025-02-10,6.0
A/Vermont/10/2025_H1N1,2025-02-11,6.333333333333333
A/Vermont/10/2025_H1N1,2025-02-12,7.0
A/Vermont/10/2025_H1N1,2025-02-13,7.0
A/Vermont/10/2025_H1N1,2025-02-14,2.0
A/Vermont/10/2025_H1N1,2025-02-16,2.3333333333333335
A/Vermont/10/2025_H1N1,2025-02-17,6.0
A/Vermont/10/2025_H1N1,2025-02-18,2.0
A/Vermont/10/2025_H1N1,2025-02-19,2.3333333333333335
A/Vermont/10/2025_H1N1,2025-02-20,4.0
A/Vermont/10/2025_H1N1,2025-02-21,1.0
A/Vermont/10/2025_H1N1,2025-02-22,1.0
A/Vermont/10/2025_H1N1,2025-02-23,1.0
A/Vermont/10/2025_H1N1,2025-02-24,1.0
A/Vermont/10/2025_H1N1,2025-02-25,2.0
A/Vermont/10/2025_H1N1,2025-02-26,6.0
A/Vermont/10/2025_H1N1,2025-02-27,3.0
A/Vermont/10/2025_H1N1,2025-02-28,2.0
A/Vermont/10/2025_H1N1,2025-03-01,3.0
A/Vermont/10/2025_H1N1,2025-03-02,1.0
A/Vermont/10/2025_H1N1,2025-03-03,1.0
A/Vermont/10/2025_H1N1,2025-03-04,2.0
A/Vermont/10/2025_H1N1,2025-03-06,2.0
A/Vermont/10/2025_H1N1,2025-03-07,4.0
A/Vermont/10/2025_H1N1,2025-03-08,1.0
A/Vermont/10/2025_H1N1,2025-03-09,1.0
A/Vermont/10/2025_H1N1,2025-03-10,4.0
A/Vermont/10/2025_H1N1,2025-03-11,2.0
A/Vermont/10/2025_H1N1,2025-03-12,1.0
A/Vermont/10/2025_H1N1,2025-03-13,1.0
A/Vermont/10/2025_H1N1,2025-03-14,1.0
A/Vermont/10/2025_H1N1,2025-03-15,1.0
A/Vermont/10/2025_H1N1,2025-03-17,2.0
A/Vermont/10/2025_H1N1,2025-03-18,2.0
A/Vermont/10/2025_H1N1,2025-03-19,1.0
A/Vermont/10/2025_H1N1,2025-03-22,1.0
A/Vermont/10/2025_H1N1,2025-03-23,2.0
A/Vermont/10/2025_H1N1,2025-03-24,3.0
A/Vermont/10/2025_H1N1,2025-03-26,1.0
A/Vermont/10/2025_H1N1,2025-03-27,1.0
A/Vermont/10/2025_H1N1,2025-03-29,1.0
A/Vermont/10/2025_H1N1,2025-03-30,1.0
A/Vermont/10/2025_H1N1,2025-03-31,1.0
A/Vermont/10/2025_H1N1,2025-04-01,1.0
A/Vermont/10/2025_H1N1,2025-04-03,1.0
A/Vermont/10/2025_H1N1,2025-04-06,1.0
A/Vermont/10/2025_H1N1,2025-04-07,3.0
A/Vermont/10/2025_H1N1,2025-04-08,3.0
A/Vermont/10/2025_H1N1,2025-04-09,2.0
A/Vermont/10/2025_H1N1,2025-04-10,1.0
A/Vermont/10/2025_H1N1,2025-04-11,2.0
A/Vermont/10/2025_H1N1,2025-04-13,1.0
A/Vermont/10/2025_H1N1,2025-04-14,1.0
A/Vermont/10/2025_H1N1,2025-04-16,1.0
A/Vermont/10/2025_H1N1,2025-04-18,1.0
A/Vermont/10/2025_H1N1,2025-04-19,2.0
A/Vermont/10/2025_H1N1,2025-04-21,1.0
A/Vermont/10/2025_H1N1,2025-04-22,1.3333333333333333
A/Vermont/10/2025_H1N1,2025-04-24,1.0
A/Vermont/10/2025_H1N1,2025-04-28,1.0
A/Vermont/10/2025_H1N1,2025-04-29,1.0
A/Vermont/10/2025_H1N1,2025-05-04,1.0
A/Vermont/10/2025_H1N1,2025-05-05,3.0
A/Vermont/10/2025_H1N1,2025-05-11,1.0
A/Vermont/10/2025_H1N1,2025-05-14,0.3333333333333333
A/Vermont/10/2025_H1N1,2025-05-20,2.0
A/Vermont/10/2025_H1N1,2025-05-26,1.0
A/Vermont/10/2025_H1N1,2025-05-27,1.0
A/Vermont/10/2025_H1N1,2025-05-29,2.0
A/Vermont/10/2025_H1N1,2025-06-09,1.0
A/Victoria/3599/2024_H1N1,2024-05-10,0.5
A/Victoria/3599/2024_H1N1,2024-05-12,1.0
A/Victoria/3599/2024_H1N1,2024-05-16,1.0
A/Victoria/3599/2024_H1N1,2024-07-01,1.0
A/Victoria/3599/2024_H1N1,2024-07-30,1.0
A/Victoria/3599/2024_H1N1,2024-07-31,1.0
A/Victoria/3599/2024_H1N1,2024-08-02,1.0
A/Victoria/3599/2024_H1N1,2024-08-05,0.5
A/Victoria/3599/2024_H1N1,2024-09-09,2.0
A/Victoria/3599/2024_H1N1,2024-09-19,0.5
A/Victoria/3599/2024_H1N1,2024-09-25,1.0
A/Victoria/3599/2024_H1N1,2024-10-09,1.0
A/Victoria/3599/2024_H1N1,2024-10-10,1.0
A/Victoria/3599/2024_H1N1,2024-10-15,1.0
A/Victoria/3599/2024_H1N1,2024-10-30,1.0
A/Victoria/3599/2024_H1N1,2024-11-05,1.0
A/Victoria/3599/2024_H1N1,2024-11-06,2.0
A/Victoria/3599/2024_H1N1,2024-11-21,0.5
A/Victoria/3599/2024_H1N1,2024-12-10,1.0
A/Victoria/3599/2024_H1N1,2024-12-22,2.0
A/Victoria/3599/2024_H1N1,2024-12-25,1.0
A/Victoria/3599/2024_H1N1,2024-12-26,2.0
A/Victoria/3599/2024_H1N1,2024-12-28,2.0
A/Victoria/3599/2024_H1N1,2024-12-30,2.0
A/Victoria/3599/2024_H1N1,2024-12-31,1.5
A/Victoria/3599/2024_H1N1,2025-01-02,0.5
A/Victoria/3599/2024_H1N1,2025-01-07,1.0
A/Victoria/3599/2024_H1N1,2025-01-13,1.0
A/Victoria/3599/2024_H1N1,2025-01-16,1.0
A/Victoria/3599/2024_H1N1,2025-01-17,0.5
A/Victoria/3599/2024_H1N1,2025-01-24,1.0
A/Victoria/3599/2024_H1N1,2025-02-01,0.5
A/Victoria/3599/2024_H1N1,2025-02-06,0.5
A/Victoria/3599/2024_H1N1,2025-02-19,1.0
A/Victoria/3599/2024_H1N1,2025-02-24,1.0
A/Victoria/3599/2024_H1N1,2025-03-04,1.0
A/Victoria/3599/2024_H1N1,2025-03-10,1.0
A/Victoria/3599/2024_H1N1,2025-06-06,1.0
A/Vladimir/RII-MH223382S/2024_H1N1,2024-05-28,0.5
A/Vladimir/RII-MH223382S/2024_H1N1,2024-08-14,0.5
A/Vladimir/RII-MH223382S/2024_H1N1,2024-09-05,0.5
A/Vladimir/RII-MH223382S/2024_H1N1,2024-10-11,0.5
A/Vladimir/RII-MH223382S/2024_H1N1,2024-11-14,1.0
A/Vladimir/RII-MH223382S/2024_H1N1,2024-11-15,0.5
A/Vladimir/RII-MH223382S/2024_H1N1,2024-11-26,1.0
A/Vladimir/RII-MH223382S/2024_H1N1,2024-12-12,0.5
A/Vladimir/RII-MH223382S/2024_H1N1,2024-12-16,3.0
A/Vladimir/RII-MH223382S/2024_H1N1,2024-12-17,1.0
A/Vladimir/RII-MH223382S/2024_H1N1,2024-12-18,1.0
A/Vladimir/RII-MH223382S/2024_H1N1,2024-12-20,1.0
A/Vladimir/RII-MH223382S/2024_H1N1,2024-12-23,4.0
A/Vladimir/RII-MH223382S/2024_H1N1,2024-12-24,6.0
A/Vladimir/RII-MH223382S/2024_H1N1,2024-12-25,2.0
A/Vladimir/RII-MH223382S/2024_H1N1,2024-12-26,2.0
A/Vladimir/RII-MH223382S/2024_H1N1,2024-12-27,2.0
A/Vladimir/RII-MH223382S/2024_H1N1,2024-12-28,1.0
A/Vladimir/RII-MH223382S/2024_H1N1,2024-12-30,2.0
A/Vladimir/RII-MH223382S/2024_H1N1,2025-01-01,0.5
A/Vladimir/RII-MH223382S/2024_H1N1,2025-01-04,1.0
A/Vladimir/RII-MH223382S/2024_H1N1,2025-01-06,1.0
A/Vladimir/RII-MH223382S/2024_H1N1,2025-01-07,1.0
A/Vladimir/RII-MH223382S/2024_H1N1,2025-01-08,1.0
A/Vladimir/RII-MH223382S/2024_H1N1,2025-01-09,6.0
A/Vladimir/RII-MH223382S/2024_H1N1,2025-01-10,3.0
A/Vladimir/RII-MH223382S/2024_H1N1,2025-01-11,1.0
A/Vladimir/RII-MH223382S/2024_H1N1,2025-01-12,1.0
A/Vladimir/RII-MH223382S/2024_H1N1,2025-01-13,1.5
A/Vladimir/RII-MH223382S/2024_H1N1,2025-01-14,1.5
A/Vladimir/RII-MH223382S/2024_H1N1,2025-01-16,2.0
A/Vladimir/RII-MH223382S/2024_H1N1,2025-01-19,1.0
A/Vladimir/RII-MH223382S/2024_H1N1,2025-01-20,2.0
A/Vladimir/RII-MH223382S/2024_H1N1,2025-01-21,4.0
A/Vladimir/RII-MH223382S/2024_H1N1,2025-01-23,0.5
A/Vladimir/RII-MH223382S/2024_H1N1,2025-01-25,1.0
A/Vladimir/RII-MH223382S/2024_H1N1,2025-01-27,2.0
A/Vladimir/RII-MH223382S/2024_H1N1,2025-01-28,6.0
A/Vladimir/RII-MH223382S/2024_H1N1,2025-01-29,1.0
A/Vladimir/RII-MH223382S/2024_H1N1,2025-01-30,4.0
A/Vladimir/RII-MH223382S/2024_H1N1,2025-01-31,2.0
A/Vladimir/RII-MH223382S/2024_H1N1,2025-02-01,1.0
A/Vladimir/RII-MH223382S/2024_H1N1,2025-02-02,1.0
A/Vladimir/RII-MH223382S/2024_H1N1,2025-02-03,3.5
A/Vladimir/RII-MH223382S/2024_H1N1,2025-02-04,2.5
A/Vladimir/RII-MH223382S/2024_H1N1,2025-02-05,2.5
A/Vladimir/RII-MH223382S/2024_H1N1,2025-02-06,1.0
A/Vladimir/RII-MH223382S/2024_H1N1,2025-02-10,4.5
A/Vladimir/RII-MH223382S/2024_H1N1,2025-02-11,9.0
A/Vladimir/RII-MH223382S/2024_H1N1,2025-02-12,1.0
A/Vladimir/RII-MH223382S/2024_H1N1,2025-02-14,2.0
A/Vladimir/RII-MH223382S/2024_H1N1,2025-02-17,1.0
A/Vladimir/RII-MH223382S/2024_H1N1,2025-02-18,1.0
A/Vladimir/RII-MH223382S/2024_H1N1,2025-02-19,2.5
A/Vladimir/RII-MH223382S/2024_H1N1,2025-02-20,1.0
A/Vladimir/RII-MH223382S/2024_H1N1,2025-02-21,5.0
A/Vladimir/RII-MH223382S/2024_H1N1,2025-02-24,4.0
A/Vladimir/RII-MH223382S/2024_H1N1,2025-02-25,2.0
A/Vladimir/RII-MH223382S/2024_H1N1,2025-02-26,2.0
A/Vladimir/RII-MH223382S/2024_H1N1,2025-02-28,2.0
A/Vladimir/RII-MH223382S/2024_H1N1,2025-03-04,1.0
A/Vladimir/RII-MH223382S/2024_H1N1,2025-03-07,1.0
A/Vladimir/RII-MH223382S/2024_H1N1,2025-03-10,2.0
A/Vladimir/RII-MH223382S/2024_H1N1,2025-03-11,2.0
A/Vladimir/RII-MH223382S/2024_H1N1,2025-03-12,2.0
A/Vladimir/RII-MH223382S/2024_H1N1,2025-03-14,2.0
A/Vladimir/RII-MH223382S/2024_H1N1,2025-03-15,1.0
A/Vladimir/RII-MH223382S/2024_H1N1,2025-03-17,2.0
A/Vladimir/RII-MH223382S/2024_H1N1,2025-03-18,1.0
A/Vladimir/RII-MH223382S/2024_H1N1,2025-03-24,2.0
A/Vladimir/RII-MH223382S/2024_H1N1,2025-03-25,3.0
A/Vladimir/RII-MH223382S/2024_H1N1,2025-03-27,1.0
A/Vladimir/RII-MH223382S/2024_H1N1,2025-03-30,1.0
A/Vladimir/RII-MH223382S/2024_H1N1,2025-04-01,2.0
A/Vladimir/RII-MH223382S/2024_H1N1,2025-04-03,0.5
A/Vladimir/RII-MH223382S/2024_H1N1,2025-04-04,1.0
A/Vladimir/RII-MH223382S/2024_H1N1,2025-04-08,1.0
A/Vladimir/RII-MH223382S/2024_H1N1,2025-04-10,1.0
A/Vladimir/RII-MH223382S/2024_H1N1,2025-04-12,1.0
A/Vladimir/RII-MH223382S/2024_H1N1,2025-04-15,1.0
A/Vladimir/RII-MH223382S/2024_H1N1,2025-04-16,1.0
A/Vladimir/RII-MH223382S/2024_H1N1,2025-04-21,1.0
A/Vladimir/RII-MH223382S/2024_H1N1,2025-04-22,1.0
A/Vladimir/RII-MH223382S/2024_H1N1,2025-05-07,1.0
A/Vladimir/RII-MH223382S/2024_H1N1,2025-05-16,1.0
A/Wisconsin/30/2025_H1N1,2024-10-19,1.0
A/Wisconsin/30/2025_H1N1,2024-10-29,1.0
A/Wisconsin/30/2025_H1N1,2024-11-07,1.0
A/Wisconsin/30/2025_H1N1,2024-11-12,1.0
A/Wisconsin/30/2025_H1N1,2024-11-13,2.0
A/Wisconsin/30/2025_H1N1,2024-11-21,1.0
A/Wisconsin/30/2025_H1N1,2024-11-22,1.0
A/Wisconsin/30/2025_H1N1,2024-11-27,2.0
A/Wisconsin/30/2025_H1N1,2024-11-29,1.0
A/Wisconsin/30/2025_H1N1,2024-12-04,1.0
A/Wisconsin/30/2025_H1N1,2024-12-05,1.0
A/Wisconsin/30/2025_H1N1,2024-12-06,0.5
A/Wisconsin/30/2025_H1N1,2024-12-12,1.0
A/Wisconsin/30/2025_H1N1,2024-12-13,1.0
A/Wisconsin/30/2025_H1N1,2024-12-15,1.0
A/Wisconsin/30/2025_H1N1,2024-12-16,2.5
A/Wisconsin/30/2025_H1N1,2024-12-17,3.0
A/Wisconsin/30/2025_H1N1,2024-12-21,3.0
A/Wisconsin/30/2025_H1N1,2024-12-23,3.0
A/Wisconsin/30/2025_H1N1,2024-12-24,2.0
A/Wisconsin/30/2025_H1N1,2024-12-26,1.0
A/Wisconsin/30/2025_H1N1,2024-12-27,1.0
A/Wisconsin/30/2025_H1N1,2024-12-28,1.0
A/Wisconsin/30/2025_H1N1,2024-12-30,1.0
A/Wisconsin/30/2025_H1N1,2025-01-03,1.0
A/Wisconsin/30/2025_H1N1,2025-01-04,1.0
A/Wisconsin/30/2025_H1N1,2025-01-06,1.0
A/Wisconsin/30/2025_H1N1,2025-01-11,2.0
A/Wisconsin/30/2025_H1N1,2025-01-17,1.0
A/Wisconsin/30/2025_H1N1,2025-01-18,1.0
A/Wisconsin/30/2025_H1N1,2025-01-20,1.0
A/Wisconsin/30/2025_H1N1,2025-01-23,1.0
A/Wisconsin/30/2025_H1N1,2025-01-24,1.0
A/Wisconsin/30/2025_H1N1,2025-01-25,1.0
A/Wisconsin/30/2025_H1N1,2025-01-26,1.0
A/Wisconsin/30/2025_H1N1,2025-01-28,1.0
A/Wisconsin/30/2025_H1N1,2025-01-29,1.0
A/Wisconsin/30/2025_H1N1,2025-01-30,1.0
A/Wisconsin/30/2025_H1N1,2025-02-01,1.0
A/Wisconsin/30/2025_H1N1,2025-02-02,1.0
A/Wisconsin/30/2025_H1N1,2025-02-09,2.0
A/Wisconsin/30/2025_H1N1,2025-02-10,1.0
A/Wisconsin/30/2025_H1N1,2025-02-17,1.0
A/Wisconsin/30/2025_H1N1,2025-02-21,1.0
A/Wisconsin/30/2025_H1N1,2025-02-28,1.0
A/Wisconsin/30/2025_H1N1,2025-03-04,1.0
A/Wisconsin/30/2025_H1N1,2025-03-15,1.0
A/Wisconsin/30/2025_H1N1,2025-03-27,1.0
A/Wisconsin/67/2022_H1N1,2024-04-28,1.0
A/Wisconsin/67/2022_H1N1,2024-04-29,2.0
A/Wisconsin/67/2022_H1N1,2024-04-30,1.3333333333333333
A/Wisconsin/67/2022_H1N1,2024-05-01,1.6666666666666665
A/Wisconsin/67/2022_H1N1,2024-05-04,0.6666666666666666
A/Wisconsin/67/2022_H1N1,2024-05-05,2.0
A/Wisconsin/67/2022_H1N1,2024-05-06,1.3333333333333333
A/Wisconsin/67/2022_H1N1,2024-05-07,0.6666666666666666
A/Wisconsin/67/2022_H1N1,2024-05-08,4.0
A/Wisconsin/67/2022_H1N1,2024-05-09,0.6666666666666666
A/Wisconsin/67/2022_H1N1,2024-05-11,0.6666666666666666
A/Wisconsin/67/2022_H1N1,2024-05-12,0.3333333333333333
A/Wisconsin/67/2022_H1N1,2024-05-13,2.333333333333333
A/Wisconsin/67/2022_H1N1,2024-05-14,2.6666666666666665
A/Wisconsin/67/2022_H1N1,2024-05-15,0.6666666666666666
A/Wisconsin/67/2022_H1N1,2024-05-16,1.6666666666666665
A/Wisconsin/67/2022_H1N1,2024-05-17,1.0
A/Wisconsin/67/2022_H1N1,2024-05-18,1.3333333333333333
A/Wisconsin/67/2022_H1N1,2024-05-19,0.3333333333333333
A/Wisconsin/67/2022_H1N1,2024-05-20,2.6666666666666665
A/Wisconsin/67/2022_H1N1,2024-05-21,1.3333333333333333
A/Wisconsin/67/2022_H1N1,2024-05-22,0.6666666666666666
A/Wisconsin/67/2022_H1N1,2024-05-23,0.6666666666666666
A/Wisconsin/67/2022_H1N1,2024-05-24,0.6666666666666666
A/Wisconsin/67/2022_H1N1,2024-05-27,1.3333333333333333
A/Wisconsin/67/2022_H1N1,2024-05-28,1.0
A/Wisconsin/67/2022_H1N1,2024-05-29,0.3333333333333333
A/Wisconsin/67/2022_H1N1,2024-05-30,0.3333333333333333
A/Wisconsin/67/2022_H1N1,2024-05-31,0.6666666666666666
A/Wisconsin/67/2022_H1N1,2024-06-01,1.0
A/Wisconsin/67/2022_H1N1,2024-06-02,0.3333333333333333
A/Wisconsin/67/2022_H1N1,2024-06-03,2.6666666666666665
A/Wisconsin/67/2022_H1N1,2024-06-04,0.3333333333333333
A/Wisconsin/67/2022_H1N1,2024-06-05,1.3333333333333333
A/Wisconsin/67/2022_H1N1,2024-06-06,1.6666666666666665
A/Wisconsin/67/2022_H1N1,2024-06-07,1.0
A/Wisconsin/67/2022_H1N1,2024-06-08,0.3333333333333333
A/Wisconsin/67/2022_H1N1,2024-06-09,0.3333333333333333
A/Wisconsin/67/2022_H1N1,2024-06-11,2.0
A/Wisconsin/67/2022_H1N1,2024-06-14,0.3333333333333333
A/Wisconsin/67/2022_H1N1,2024-06-16,0.3333333333333333
A/Wisconsin/67/2022_H1N1,2024-06-17,1.0
A/Wisconsin/67/2022_H1N1,2024-06-18,1.0
A/Wisconsin/67/2022_H1N1,2024-06-19,1.0
A/Wisconsin/67/2022_H1N1,2024-06-21,1.6666666666666665
A/Wisconsin/67/2022_H1N1,2024-06-22,0.3333333333333333
A/Wisconsin/67/2022_H1N1,2024-06-23,1.0
A/Wisconsin/67/2022_H1N1,2024-06-24,0.6666666666666666
A/Wisconsin/67/2022_H1N1,2024-06-26,1.0
A/Wisconsin/67/2022_H1N1,2024-06-28,0.3333333333333333
A/Wisconsin/67/2022_H1N1,2024-07-01,0.6666666666666666
A/Wisconsin/67/2022_H1N1,2024-07-03,0.3333333333333333
A/Wisconsin/67/2022_H1N1,2024-07-05,0.3333333333333333
A/Wisconsin/67/2022_H1N1,2024-07-07,0.3333333333333333
A/Wisconsin/67/2022_H1N1,2024-07-08,1.6666666666666665
A/Wisconsin/67/2022_H1N1,2024-07-11,0.3333333333333333
A/Wisconsin/67/2022_H1N1,2024-07-12,0.3333333333333333
A/Wisconsin/67/2022_H1N1,2024-07-14,0.3333333333333333
A/Wisconsin/67/2022_H1N1,2024-07-15,1.6666666666666665
A/Wisconsin/67/2022_H1N1,2024-07-18,1.0
A/Wisconsin/67/2022_H1N1,2024-07-19,0.3333333333333333
A/Wisconsin/67/2022_H1N1,2024-07-22,0.3333333333333333
A/Wisconsin/67/2022_H1N1,2024-07-23,0.3333333333333333
A/Wisconsin/67/2022_H1N1,2024-07-24,0.3333333333333333
A/Wisconsin/67/2022_H1N1,2024-07-25,0.3333333333333333
A/Wisconsin/67/2022_H1N1,2024-07-27,0.6666666666666666
A/Wisconsin/67/2022_H1N1,2024-07-29,0.3333333333333333
A/Wisconsin/67/2022_H1N1,2024-07-31,0.3333333333333333
A/Wisconsin/67/2022_H1N1,2024-08-02,0.3333333333333333
A/Wisconsin/67/2022_H1N1,2024-08-05,0.3333333333333333
A/Wisconsin/67/2022_H1N1,2024-08-08,0.3333333333333333
A/Wisconsin/67/2022_H1N1,2024-08-13,0.3333333333333333
A/Wisconsin/67/2022_H1N1,2024-08-22,0.3333333333333333
A/Wisconsin/67/2022_H1N1,2024-08-28,0.3333333333333333
A/Wisconsin/67/2022_H1N1,2024-08-31,0.3333333333333333
A/Wisconsin/67/2022_H1N1,2024-09-01,0.3333333333333333
A/Wisconsin/67/2022_H1N1,2024-09-02,1.0
A/Wisconsin/67/2022_H1N1,2024-09-04,0.3333333333333333
A/Wisconsin/67/2022_H1N1,2024-09-13,0.3333333333333333
A/Wisconsin/67/2022_H1N1,2024-09-23,0.3333333333333333
A/Wisconsin/67/2022_H1N1,2024-09-24,1.0
A/Wisconsin/67/2022_H1N1,2024-09-25,0.6666666666666666
A/Wisconsin/67/2022_H1N1,2024-10-15,0.3333333333333333
A/Wisconsin/67/2022_H1N1,2024-10-18,0.3333333333333333
A/Wisconsin/67/2022_H1N1,2024-10-23,0.3333333333333333
A/Wisconsin/67/2022_H1N1,2024-10-24,0.3333333333333333
A/Wisconsin/67/2022_H1N1,2024-10-25,0.3333333333333333
A/Wisconsin/67/2022_H1N1,2024-10-27,0.3333333333333333
A/Wisconsin/67/2022_H1N1,2024-11-01,0.3333333333333333
A/Wisconsin/67/2022_H1N1,2024-11-06,0.3333333333333333
A/Wisconsin/67/2022_H1N1,2024-11-12,0.3333333333333333
A/Wisconsin/67/2022_H1N1,2024-11-22,0.3333333333333333
A/Wisconsin/67/2022_H1N1,2024-12-09,0.3333333333333333
A/Wisconsin/67/2022_H1N1,2024-12-11,0.3333333333333333
A/Wisconsin/67/2022_H1N1,2024-12-16,0.3333333333333333
A/Wisconsin/67/2022_H1N1,2024-12-20,0.3333333333333333
A/Wisconsin/67/2022_H1N1,2024-12-23,1.0
A/Wisconsin/67/2022_H1N1,2025-01-16,0.3333333333333333
A/Wisconsin/67/2022_H1N1,2025-01-17,0.3333333333333333
A/Wisconsin/67/2022_H1N1,2025-01-25,0.3333333333333333
A/Wisconsin/67/2022_H1N1,2025-02-02,0.3333333333333333
A/Wisconsin/67/2022_H1N1,2025-02-07,0.3333333333333333
A/Wisconsin/67/2022_H1N1,2025-02-11,0.3333333333333333
A/Wisconsin/67/2022_H1N1,2025-02-12,0.5
A/Wisconsin/67/2022_H1N1,2025-02-16,0.3333333333333333
A/Wisconsin/67/2022_H1N1,2025-02-18,0.5
A/Wisconsin/67/2022_H1N1,2025-02-19,0.3333333333333333
A/Wisconsin/67/2022_H1N1,2025-02-22,0.5
A/Wisconsin/67/2022_H1N1,2025-03-14,0.5
A/Wisconsin/67/2022_H1N1,2025-03-16,0.5
A/Wisconsin/67/2022_H1N1,2025-03-19,0.5
A/Wisconsin/67/2022_H1N1,2025-04-22,0.3333333333333333
A/Wisconsin/67/2022_H1N1,2025-05-14,0.3333333333333333
A/Wisconsin/67/2022_H1N1,2025-06-02,0.5
A/Wisconsin/NIRC-IS-1111/2025_H1N1,2024-06-04,0.5
A/Wisconsin/NIRC-IS-1111/2025_H1N1,2024-11-08,1.0
A/Wisconsin/NIRC-IS-1111/2025_H1N1,2024-11-13,1.0
A/Wisconsin/NIRC-IS-1111/2025_H1N1,2024-11-20,1.0
A/Wisconsin/NIRC-IS-1111/2025_H1N1,2024-12-02,2.0
A/Wisconsin/NIRC-IS-1111/2025_H1N1,2024-12-15,2.0
A/Wisconsin/NIRC-IS-1111/2025_H1N1,2024-12-30,1.0
A/Wisconsin/NIRC-IS-1111/2025_H1N1,2024-12-31,2.0
A/Wisconsin/NIRC-IS-1111/2025_H1N1,2025-01-03,1.0
A/Wisconsin/NIRC-IS-1111/2025_H1N1,2025-01-04,1.0
A/Wisconsin/NIRC-IS-1111/2025_H1N1,2025-01-08,1.0
A/Wisconsin/NIRC-IS-1111/2025_H1N1,2025-01-14,1.0
A/Wisconsin/NIRC-IS-1111/2025_H1N1,2025-02-02,1.0
A/Wisconsin/NIRC-IS-1111/2025_H1N1,2025-02-10,1.0
A/Wisconsin/NIRC-IS-1111/2025_H1N1,2025-02-13,1.0
A/Wisconsin/NIRC-IS-1111/2025_H1N1,2025-03-12,0.5
A/Zacapa/FLU-012/2025_H1N1,2024-04-30,2.0
A/Zacapa/FLU-012/2025_H1N1,2024-05-04,1.0
A/Zacapa/FLU-012/2025_H1N1,2024-05-16,1.0
A/Zacapa/FLU-012/2025_H1N1,2024-05-19,1.0
A/Zacapa/FLU-012/2025_H1N1,2024-05-20,2.0
A/Zacapa/FLU-012/2025_H1N1,2024-05-27,1.0
A/Zacapa/FLU-012/2025_H1N1,2024-05-28,0.5
A/Zacapa/FLU-012/2025_H1N1,2024-05-29,2.0
A/Zacapa/FLU-012/2025_H1N1,2024-05-30,1.0
A/Zacapa/FLU-012/2025_H1N1,2024-06-03,2.0
A/Zacapa/FLU-012/2025_H1N1,2024-06-08,1.0
A/Zacapa/FLU-012/2025_H1N1,2024-06-11,1.0
A/Zacapa/FLU-012/2025_H1N1,2024-06-12,1.0
A/Zacapa/FLU-012/2025_H1N1,2024-06-13,1.0
A/Zacapa/FLU-012/2025_H1N1,2024-06-15,1.0
A/Zacapa/FLU-012/2025_H1N1,2024-06-17,1.0
A/Zacapa/FLU-012/2025_H1N1,2024-06-19,1.0
A/Zacapa/FLU-012/2025_H1N1,2024-06-20,1.0
A/Zacapa/FLU-012/2025_H1N1,2024-06-21,2.0
A/Zacapa/FLU-012/2025_H1N1,2024-06-22,1.0
A/Zacapa/FLU-012/2025_H1N1,2024-06-27,1.0
A/Zacapa/FLU-012/2025_H1N1,2024-06-28,3.0
A/Zacapa/FLU-012/2025_H1N1,2024-07-01,2.0
A/Zacapa/FLU-012/2025_H1N1,2024-07-02,1.0
A/Zacapa/FLU-012/2025_H1N1,2024-07-03,3.0
A/Zacapa/FLU-012/2025_H1N1,2024-07-05,1.0
A/Zacapa/FLU-012/2025_H1N1,2024-07-07,2.0
A/Zacapa/FLU-012/2025_H1N1,2024-07-08,3.0
A/Zacapa/FLU-012/2025_H1N1,2024-07-09,1.0
A/Zacapa/FLU-012/2025_H1N1,2024-07-10,2.0
A/Zacapa/FLU-012/2025_H1N1,2024-07-11,3.0
A/Zacapa/FLU-012/2025_H1N1,2024-07-13,1.0
A/Zacapa/FLU-012/2025_H1N1,2024-07-15,1.0
A/Zacapa/FLU-012/2025_H1N1,2024-07-16,5.0
A/Zacapa/FLU-012/2025_H1N1,2024-07-17,6.0
A/Zacapa/FLU-012/2025_H1N1,2024-07-18,2.0
A/Zacapa/FLU-012/2025_H1N1,2024-07-19,1.0
A/Zacapa/FLU-012/2025_H1N1,2024-07-21,5.0
A/Zacapa/FLU-012/2025_H1N1,2024-07-22,1.0
A/Zacapa/FLU-012/2025_H1N1,2024-07-24,2.0
A/Zacapa/FLU-012/2025_H1N1,2024-07-25,1.0
A/Zacapa/FLU-012/2025_H1N1,2024-07-26,2.0
A/Zacapa/FLU-012/2025_H1N1,2024-07-27,2.0
A/Zacapa/FLU-012/2025_H1N1,2024-07-29,2.0
A/Zacapa/FLU-012/2025_H1N1,2024-07-30,2.0
A/Zacapa/FLU-012/2025_H1N1,2024-07-31,1.0
A/Zacapa/FLU-012/2025_H1N1,2024-08-01,2.0
A/Zacapa/FLU-012/2025_H1N1,2024-08-02,3.0
A/Zacapa/FLU-012/2025_H1N1,2024-08-03,1.0
A/Zacapa/FLU-012/2025_H1N1,2024-08-04,3.0
A/Zacapa/FLU-012/2025_H1N1,2024-08-05,5.0
A/Zacapa/FLU-012/2025_H1N1,2024-08-06,1.0
A/Zacapa/FLU-012/2025_H1N1,2024-08-07,1.0
A/Zacapa/FLU-012/2025_H1N1,2024-08-08,2.0
A/Zacapa/FLU-012/2025_H1N1,2024-08-09,2.0
A/Zacapa/FLU-012/2025_H1N1,2024-08-10,1.0
A/Zacapa/FLU-012/2025_H1N1,2024-08-11,1.0
A/Zacapa/FLU-012/2025_H1N1,2024-08-13,2.0
A/Zacapa/FLU-012/2025_H1N1,2024-08-15,2.0
A/Zacapa/FLU-012/2025_H1N1,2024-08-16,1.0
A/Zacapa/FLU-012/2025_H1N1,2024-08-17,1.0
A/Zacapa/FLU-012/2025_H1N1,2024-08-18,1.0
A/Zacapa/FLU-012/2025_H1N1,2024-08-21,2.0
A/Zacapa/FLU-012/2025_H1N1,2024-08-22,3.0
A/Zacapa/FLU-012/2025_H1N1,2024-08-23,1.0
A/Zacapa/FLU-012/2025_H1N1,2024-08-24,3.0
A/Zacapa/FLU-012/2025_H1N1,2024-08-25,1.0
A/Zacapa/FLU-012/2025_H1N1,2024-08-26,3.0
A/Zacapa/FLU-012/2025_H1N1,2024-08-27,2.0
A/Zacapa/FLU-012/2025_H1N1,2024-08-28,4.0
A/Zacapa/FLU-012/2025_H1N1,2024-08-30,1.0
A/Zacapa/FLU-012/2025_H1N1,2024-08-31,2.0
A/Zacapa/FLU-012/2025_H1N1,2024-09-01,1.0
A/Zacapa/FLU-012/2025_H1N1,2024-09-02,2.0
A/Zacapa/FLU-012/2025_H1N1,2024-09-04,3.0
A/Zacapa/FLU-012/2025_H1N1,2024-09-05,5.5
A/Zacapa/FLU-012/2025_H1N1,2024-09-06,3.0
A/Zacapa/FLU-012/2025_H1N1,2024-09-08,4.0
A/Zacapa/FLU-012/2025_H1N1,2024-09-09,5.0
A/Zacapa/FLU-012/2025_H1N1,2024-09-10,4.0
A/Zacapa/FLU-012/2025_H1N1,2024-09-11,2.0
A/Zacapa/FLU-012/2025_H1N1,2024-09-12,2.0
A/Zacapa/FLU-012/2025_H1N1,2024-09-13,6.0
A/Zacapa/FLU-012/2025_H1N1,2024-09-14,4.0
A/Zacapa/FLU-012/2025_H1N1,2024-09-15,1.0
A/Zacapa/FLU-012/2025_H1N1,2024-09-16,4.0
A/Zacapa/FLU-012/2025_H1N1,2024-09-17,3.0
A/Zacapa/FLU-012/2025_H1N1,2024-09-18,7.0
A/Zacapa/FLU-012/2025_H1N1,2024-09-19,1.0
A/Zacapa/FLU-012/2025_H1N1,2024-09-20,3.0
A/Zacapa/FLU-012/2025_H1N1,2024-09-22,4.0
A/Zacapa/FLU-012/2025_H1N1,2024-09-23,1.0
A/Zacapa/FLU-012/2025_H1N1,2024-09-24,1.0
A/Zacapa/FLU-012/2025_H1N1,2024-09-25,4.0
A/Zacapa/FLU-012/2025_H1N1,2024-09-26,4.0
A/Zacapa/FLU-012/2025_H1N1,2024-09-27,5.0
A/Zacapa/FLU-012/2025_H1N1,2024-09-28,1.0
A/Zacapa/FLU-012/2025_H1N1,2024-09-29,2.0
A/Zacapa/FLU-012/2025_H1N1,2024-09-30,2.0
A/Zacapa/FLU-012/2025_H1N1,2024-10-01,5.0
A/Zacapa/FLU-012/2025_H1N1,2024-10-02,4.5
A/Zacapa/FLU-012/2025_H1N1,2024-10-03,1.0
A/Zacapa/FLU-012/2025_H1N1,2024-10-04,8.0
A/Zacapa/FLU-012/2025_H1N1,2024-10-05,2.0
A/Zacapa/FLU-012/2025_H1N1,2024-10-06,2.0
A/Zacapa/FLU-012/2025_H1N1,2024-10-07,5.0
A/Zacapa/FLU-012/2025_H1N1,2024-10-08,10.0
A/Zacapa/FLU-012/2025_H1N1,2024-10-09,5.0
A/Zacapa/FLU-012/2025_H1N1,2024-10-10,6.5
A/Zacapa/FLU-012/2025_H1N1,2024-10-11,10.5
A/Zacapa/FLU-012/2025_H1N1,2024-10-12,4.0
A/Zacapa/FLU-012/2025_H1N1,2024-10-13,4.0
A/Zacapa/FLU-012/2025_H1N1,2024-10-14,10.0
A/Zacapa/FLU-012/2025_H1N1,2024-10-15,5.0
A/Zacapa/FLU-012/2025_H1N1,2024-10-16,6.0
A/Zacapa/FLU-012/2025_H1N1,2024-10-17,6.0
A/Zacapa/FLU-012/2025_H1N1,2024-10-18,7.0
A/Zacapa/FLU-012/2025_H1N1,2024-10-19,3.0
A/Zacapa/FLU-012/2025_H1N1,2024-10-20,4.0
A/Zacapa/FLU-012/2025_H1N1,2024-10-21,17.0
A/Zacapa/FLU-012/2025_H1N1,2024-10-22,8.0
A/Zacapa/FLU-012/2025_H1N1,2024-10-23,11.0
A/Zacapa/FLU-012/2025_H1N1,2024-10-24,13.0
A/Zacapa/FLU-012/2025_H1N1,2024-10-25,5.0
A/Zacapa/FLU-012/2025_H1N1,2024-10-26,10.0
A/Zacapa/FLU-012/2025_H1N1,2024-10-27,9.0
A/Zacapa/FLU-012/2025_H1N1,2024-10-28,20.0
A/Zacapa/FLU-012/2025_H1N1,2024-10-29,7.0
A/Zacapa/FLU-012/2025_H1N1,2024-10-30,13.0
A/Zacapa/FLU-012/2025_H1N1,2024-10-31,6.5
A/Zacapa/FLU-012/2025_H1N1,2024-11-01,10.0
A/Zacapa/FLU-012/2025_H1N1,2024-11-02,5.5
A/Zacapa/FLU-012/2025_H1N1,2024-11-03,6.5
A/Zacapa/FLU-012/2025_H1N1,2024-11-04,17.0
A/Zacapa/FLU-012/2025_H1N1,2024-11-05,19.5
A/Zacapa/FLU-012/2025_H1N1,2024-11-06,15.5
A/Zacapa/FLU-012/2025_H1N1,2024-11-07,13.0
A/Zacapa/FLU-012/2025_H1N1,2024-11-08,14.5
A/Zacapa/FLU-012/2025_H1N1,2024-11-09,10.0
A/Zacapa/FLU-012/2025_H1N1,2024-11-10,7.0
A/Zacapa/FLU-012/2025_H1N1,2024-11-11,17.0
A/Zacapa/FLU-012/2025_H1N1,2024-11-12,16.0
A/Zacapa/FLU-012/2025_H1N1,2024-11-13,20.0
A/Zacapa/FLU-012/2025_H1N1,2024-11-14,18.0
A/Zacapa/FLU-012/2025_H1N1,2024-11-15,11.5
A/Zacapa/FLU-012/2025_H1N1,2024-11-16,7.5
A/Zacapa/FLU-012/2025_H1N1,2024-11-17,10.0
A/Zacapa/FLU-012/2025_H1N1,2024-11-18,21.0
A/Zacapa/FLU-012/2025_H1N1,2024-11-19,28.5
A/Zacapa/FLU-012/2025_H1N1,2024-11-20,19.5
A/Zacapa/FLU-012/2025_H1N1,2024-11-21,14.5
A/Zacapa/FLU-012/2025_H1N1,2024-11-22,9.5
A/Zacapa/FLU-012/2025_H1N1,2024-11-23,13.5
A/Zacapa/FLU-012/2025_H1N1,2024-11-24,20.5
A/Zacapa/FLU-012/2025_H1N1,2024-11-25,39.0
A/Zacapa/FLU-012/2025_H1N1,2024-11-26,28.0
A/Zacapa/FLU-012/2025_H1N1,2024-11-27,37.0
A/Zacapa/FLU-012/2025_H1N1,2024-11-28,23.0
A/Zacapa/FLU-012/2025_H1N1,2024-11-29,30.5
A/Zacapa/FLU-012/2025_H1N1,2024-11-30,17.0
A/Zacapa/FLU-012/2025_H1N1,2024-12-01,20.0
A/Zacapa/FLU-012/2025_H1N1,2024-12-02,31.0
A/Zacapa/FLU-012/2025_H1N1,2024-12-03,44.5
A/Zacapa/FLU-012/2025_H1N1,2024-12-04,34.0
A/Zacapa/FLU-012/2025_H1N1,2024-12-05,34.0
A/Zacapa/FLU-012/2025_H1N1,2024-12-06,33.5
A/Zacapa/FLU-012/2025_H1N1,2024-12-07,18.0
A/Zacapa/FLU-012/2025_H1N1,2024-12-08,14.0
A/Zacapa/FLU-012/2025_H1N1,2024-12-09,52.5
A/Zacapa/FLU-012/2025_H1N1,2024-12-10,29.0
A/Zacapa/FLU-012/2025_H1N1,2024-12-11,62.5
A/Zacapa/FLU-012/2025_H1N1,2024-12-12,38.5
A/Zacapa/FLU-012/2025_H1N1,2024-12-13,30.0
A/Zacapa/FLU-012/2025_H1N1,2024-12-14,11.5
A/Zacapa/FLU-012/2025_H1N1,2024-12-15,18.5
A/Zacapa/FLU-012/2025_H1N1,2024-12-16,63.5
A/Zacapa/FLU-012/2025_H1N1,2024-12-17,57.5
A/Zacapa/FLU-012/2025_H1N1,2024-12-18,51.5
A/Zacapa/FLU-012/2025_H1N1,2024-12-19,41.5
A/Zacapa/FLU-012/2025_H1N1,2024-12-20,33.0
A/Zacapa/FLU-012/2025_H1N1,2024-12-21,20.5
A/Zacapa/FLU-012/2025_H1N1,2024-12-22,35.0
A/Zacapa/FLU-012/2025_H1N1,2024-12-23,50.5
A/Zacapa/FLU-012/2025_H1N1,2024-12-24,44.5
A/Zacapa/FLU-012/2025_H1N1,2024-12-25,23.5
A/Zacapa/FLU-012/2025_H1N1,2024-12-26,37.0
A/Zacapa/FLU-012/2025_H1N1,2024-12-27,73.0
A/Zacapa/FLU-012/2025_H1N1,2024-12-28,39.0
A/Zacapa/FLU-012/2025_H1N1,2024-12-29,44.5
A/Zacapa/FLU-012/2025_H1N1,2024-12-30,71.5
A/Zacapa/FLU-012/2025_H1N1,2024-12-31,46.5
A/Zacapa/FLU-012/2025_H1N1,2025-01-01,45.0
A/Zacapa/FLU-012/2025_H1N1,2025-01-02,79.5
A/Zacapa/FLU-012/2025_H1N1,2025-01-03,68.5
A/Zacapa/FLU-012/2025_H1N1,2025-01-04,34.5
A/Zacapa/FLU-012/2025_H1N1,2025-01-05,40.5
A/Zacapa/FLU-012/2025_H1N1,2025-01-06,77.0
A/Zacapa/FLU-012/2025_H1N1,2025-01-07,76.0
A/Zacapa/FLU-012/2025_H1N1,2025-01-08,90.5
A/Zacapa/FLU-012/2025_H1N1,2025-01-09,54.5
A/Zacapa/FLU-012/2025_H1N1,2025-01-10,63.0
A/Zacapa/FLU-012/2025_H1N1,2025-01-11,48.5
A/Zacapa/FLU-012/2025_H1N1,2025-01-12,25.5
A/Zacapa/FLU-012/2025_H1N1,2025-01-13,87.0
A/Zacapa/FLU-012/2025_H1N1,2025-01-14,106.0
A/Zacapa/FLU-012/2025_H1N1,2025-01-15,77.5
A/Zacapa/FLU-012/2025_H1N1,2025-01-16,82.0
A/Zacapa/FLU-012/2025_H1N1,2025-01-17,101.0
A/Zacapa/FLU-012/2025_H1N1,2025-01-18,36.0
A/Zacapa/FLU-012/2025_H1N1,2025-01-19,30.5
A/Zacapa/FLU-012/2025_H1N1,2025-01-20,128.5
A/Zacapa/FLU-012/2025_H1N1,2025-01-21,123.0
A/Zacapa/FLU-012/2025_H1N1,2025-01-22,93.0
A/Zacapa/FLU-012/2025_H1N1,2025-01-23,61.0
A/Zacapa/FLU-012/2025_H1N1,2025-01-24,63.5
A/Zacapa/FLU-012/2025_H1N1,2025-01-25,35.5
A/Zacapa/FLU-012/2025_H1N1,2025-01-26,31.0
A/Zacapa/FLU-012/2025_H1N1,2025-01-27,119.5
A/Zacapa/FLU-012/2025_H1N1,2025-01-28,107.5
A/Zacapa/FLU-012/2025_H1N1,2025-01-29,73.5
A/Zacapa/FLU-012/2025_H1N1,2025-01-30,58.0
A/Zacapa/FLU-012/2025_H1N1,2025-01-31,70.5
A/Zacapa/FLU-012/2025_H1N1,2025-02-01,34.0
A/Zacapa/FLU-012/2025_H1N1,2025-02-02,27.0
A/Zacapa/FLU-012/2025_H1N1,2025-02-03,94.5
A/Zacapa/FLU-012/2025_H1N1,2025-02-04,66.0
A/Zacapa/FLU-012/2025_H1N1,2025-02-05,48.0
A/Zacapa/FLU-012/2025_H1N1,2025-02-06,50.0
A/Zacapa/FLU-012/2025_H1N1,2025-02-07,39.0
A/Zacapa/FLU-012/2025_H1N1,2025-02-08,28.5
A/Zacapa/FLU-012/2025_H1N1,2025-02-09,21.0
A/Zacapa/FLU-012/2025_H1N1,2025-02-10,63.0
A/Zacapa/FLU-012/2025_H1N1,2025-02-11,38.5
A/Zacapa/FLU-012/2025_H1N1,2025-02-12,49.5
A/Zacapa/FLU-012/2025_H1N1,2025-02-13,35.0
A/Zacapa/FLU-012/2025_H1N1,2025-02-14,23.5
A/Zacapa/FLU-012/2025_H1N1,2025-02-15,15.0
A/Zacapa/FLU-012/2025_H1N1,2025-02-16,19.0
A/Zacapa/FLU-012/2025_H1N1,2025-02-17,51.5
A/Zacapa/FLU-012/2025_H1N1,2025-02-18,39.5
A/Zacapa/FLU-012/2025_H1N1,2025-02-19,44.5
A/Zacapa/FLU-012/2025_H1N1,2025-02-20,22.5
A/Zacapa/FLU-012/2025_H1N1,2025-02-21,25.0
A/Zacapa/FLU-012/2025_H1N1,2025-02-22,12.0
A/Zacapa/FLU-012/2025_H1N1,2025-02-23,9.0
A/Zacapa/FLU-012/2025_H1N1,2025-02-24,50.5
A/Zacapa/FLU-012/2025_H1N1,2025-02-25,28.0
A/Zacapa/FLU-012/2025_H1N1,2025-02-26,16.0
A/Zacapa/FLU-012/2025_H1N1,2025-02-27,19.0
A/Zacapa/FLU-012/2025_H1N1,2025-02-28,16.5
A/Zacapa/FLU-012/2025_H1N1,2025-03-01,9.0
A/Zacapa/FLU-012/2025_H1N1,2025-03-02,7.0
A/Zacapa/FLU-012/2025_H1N1,2025-03-03,29.5
A/Zacapa/FLU-012/2025_H1N1,2025-03-04,22.0
A/Zacapa/FLU-012/2025_H1N1,2025-03-05,16.5
A/Zacapa/FLU-012/2025_H1N1,2025-03-06,22.0
A/Zacapa/FLU-012/2025_H1N1,2025-03-07,17.0
A/Zacapa/FLU-012/2025_H1N1,2025-03-08,8.0
A/Zacapa/FLU-012/2025_H1N1,2025-03-09,4.0
A/Zacapa/FLU-012/2025_H1N1,2025-03-10,16.5
A/Zacapa/FLU-012/2025_H1N1,2025-03-11,10.5
A/Zacapa/FLU-012/2025_H1N1,2025-03-12,9.5
A/Zacapa/FLU-012/2025_H1N1,2025-03-13,7.5
A/Zacapa/FLU-012/2025_H1N1,2025-03-14,5.0
A/Zacapa/FLU-012/2025_H1N1,2025-03-15,4.0
A/Zacapa/FLU-012/2025_H1N1,2025-03-16,1.5
A/Zacapa/FLU-012/2025_H1N1,2025-03-17,13.0
A/Zacapa/FLU-012/2025_H1N1,2025-03-18,15.0
A/Zacapa/FLU-012/2025_H1N1,2025-03-19,9.0
A/Zacapa/FLU-012/2025_H1N1,2025-03-20,11.0
A/Zacapa/FLU-012/2025_H1N1,2025-03-21,11.0
A/Zacapa/FLU-012/2025_H1N1,2025-03-22,7.5
A/Zacapa/FLU-012/2025_H1N1,2025-03-23,4.0
A/Zacapa/FLU-012/2025_H1N1,2025-03-24,14.0
A/Zacapa/FLU-012/2025_H1N1,2025-03-25,8.0
A/Zacapa/FLU-012/2025_H1N1,2025-03-26,11.5
A/Zacapa/FLU-012/2025_H1N1,2025-03-27,9.0
A/Zacapa/FLU-012/2025_H1N1,2025-03-28,8.0
A/Zacapa/FLU-012/2025_H1N1,2025-03-29,5.0
A/Zacapa/FLU-012/2025_H1N1,2025-03-30,6.0
A/Zacapa/FLU-012/2025_H1N1,2025-03-31,8.5
A/Zacapa/FLU-012/2025_H1N1,2025-04-01,4.5
A/Zacapa/FLU-012/2025_H1N1,2025-04-02,10.0
A/Zacapa/FLU-012/2025_H1N1,2025-04-03,3.5
A/Zacapa/FLU-012/2025_H1N1,2025-04-04,9.5
A/Zacapa/FLU-012/2025_H1N1,2025-04-05,2.5
A/Zacapa/FLU-012/2025_H1N1,2025-04-06,3.0
A/Zacapa/FLU-012/2025_H1N1,2025-04-07,7.5
A/Zacapa/FLU-012/2025_H1N1,2025-04-08,3.5
A/Zacapa/FLU-012/2025_H1N1,2025-04-09,12.5
A/Zacapa/FLU-012/2025_H1N1,2025-04-10,7.0
A/Zacapa/FLU-012/2025_H1N1,2025-04-11,6.0
A/Zacapa/FLU-012/2025_H1N1,2025-04-12,0.5
A/Zacapa/FLU-012/2025_H1N1,2025-04-13,0.5
A/Zacapa/FLU-012/2025_H1N1,2025-04-14,3.5
A/Zacapa/FLU-012/2025_H1N1,2025-04-15,4.0
A/Zacapa/FLU-012/2025_H1N1,2025-04-16,3.5
A/Zacapa/FLU-012/2025_H1N1,2025-04-17,8.5
A/Zacapa/FLU-012/2025_H1N1,2025-04-18,4.5
A/Zacapa/FLU-012/2025_H1N1,2025-04-19,4.0
A/Zacapa/FLU-012/2025_H1N1,2025-04-21,5.0
A/Zacapa/FLU-012/2025_H1N1,2025-04-22,4.5
A/Zacapa/FLU-012/2025_H1N1,2025-04-23,5.0
A/Zacapa/FLU-012/2025_H1N1,2025-04-24,1.5
A/Zacapa/FLU-012/2025_H1N1,2025-04-25,1.0
A/Zacapa/FLU-012/2025_H1N1,2025-04-28,3.5
A/Zacapa/FLU-012/2025_H1N1,2025-04-29,10.5
A/Zacapa/FLU-012/2025_H1N1,2025-05-01,0.5
A/Zacapa/FLU-012/2025_H1N1,2025-05-02,1.0
A/Zacapa/FLU-012/2025_H1N1,2025-05-04,1.5
A/Zacapa/FLU-012/2025_H1N1,2025-05-06,2.0
A/Zacapa/FLU-012/2025_H1N1,2025-05-16,1.0
A/Zacapa/FLU-012/2025_H1N1,2025-05-17,1.0
A/Zacapa/FLU-012/2025_H1N1,2025-05-21,1.0
A/Zacapa/FLU-012/2025_H1N1,2025-05-22,1.0
A/Zacapa/FLU-012/2025_H1N1,2025-06-04,1.0
A/Zacapa/FLU-012/2025_H1N1,2025-06-09,1.0
A/Zacapa/FLU-012/2025_H1N1,2025-06-18,1.0
A/Zacapa/FLU-012/2025_H1N1,2025-06-23,1.5
A/Zacapa/FLU-012/2025_H1N1,2025-07-08,1.0
other,2024-04-28,10.0
other,2024-04-29,18.0
other,2024-04-30,15.0
other,2024-05-01,11.0
other,2024-05-02,15.0
other,2024-05-03,17.0
other,2024-05-04,5.0
other,2024-05-05,7.0
other,2024-05-06,13.0
other,2024-05-07,12.0
other,2024-05-08,9.0
other,2024-05-09,16.0
other,2024-05-10,7.0
other,2024-05-11,11.0
other,2024-05-12,9.0
other,2024-05-13,16.0
other,2024-05-14,14.0
other,2024-05-15,13.0
other,2024-05-16,15.0
other,2024-05-17,6.0
other,2024-05-18,8.0
other,2024-05-19,6.0
other,2024-05-20,18.0
other,2024-05-21,11.0
other,2024-05-22,10.0
other,2024-05-23,14.0
other,2024-05-24,11.0
other,2024-05-25,4.0
other,2024-05-26,8.0
other,2024-05-27,7.0
other,2024-05-28,8.0
other,2024-05-29,6.0
other,2024-05-30,10.0
other,2024-05-31,4.0
other,2024-06-01,6.0
other,2024-06-02,1.0
other,2024-06-03,7.0
other,2024-06-04,9.0
other,2024-06-05,8.0
other,2024-06-06,12.0
other,2024-06-07,6.0
other,2024-06-08,2.0
other,2024-06-09,5.0
other,2024-06-10,10.0
other,2024-06-11,6.0
other,2024-06-12,9.0
other,2024-06-13,9.0
other,2024-06-14,10.0
other,2024-06-15,6.0
other,2024-06-16,3.0
other,2024-06-17,14.0
other,2024-06-18,15.0
other,2024-06-19,7.0
other,2024-06-20,7.0
other,2024-06-21,11.0
other,2024-06-22,6.0
other,2024-06-23,2.0
other,2024-06-24,12.0
other,2024-06-25,4.0
other,2024-06-26,7.0
other,2024-06-27,5.0
other,2024-06-28,4.0
other,2024-06-29,3.0
other,2024-06-30,3.0
other,2024-07-01,9.0
other,2024-07-02,10.0
other,2024-07-03,11.0
other,2024-07-04,7.0
other,2024-07-05,9.0
other,2024-07-06,5.0
other,2024-07-07,2.0
other,2024-07-08,14.0
other,2024-07-09,8.0
other,2024-07-10,9.0
other,2024-07-11,10.0
other,2024-07-12,10.0
other,2024-07-13,1.0
other,2024-07-14,1.0
other,2024-07-15,7.0
other,2024-07-16,9.0
other,2024-07-17,4.0
other,2024-07-18,11.0
other,2024-07-19,4.0
other,2024-07-20,3.0
other,2024-07-21,6.0
other,2024-07-22,5.0
other,2024-07-23,14.0
other,2024-07-24,6.0
other,2024-07-25,5.0
other,2024-07-26,4.0
other,2024-07-27,3.0
other,2024-07-28,2.0
other,2024-07-29,7.0
other,2024-07-30,4.0
other,2024-07-31,2.0
other,2024-08-01,8.0
other,2024-08-02,4.0
other,2024-08-04,5.0
other,2024-08-05,7.0
other,2024-08-06,7.0
other,2024-08-07,6.0
other,2024-08-08,8.0
other,2024-08-09,6.0
other,2024-08-10,6.0
other,2024-08-11,3.0
other,2024-08-12,6.0
other,2024-08-13,10.0
other,2024-08-14,3.0
other,2024-08-15,5.0
other,2024-08-16,2.0
other,2024-08-17,3.0
other,2024-08-18,2.0
other,2024-08-19,3.0
other,2024-08-20,3.0
other,2024-08-21,6.0
other,2024-08-22,2.0
other,2024-08-23,1.0
other,2024-08-25,1.0
other,2024-08-26,2.0
other,2024-08-27,4.0
other,2024-08-28,3.0
other,2024-08-29,7.0
other,2024-08-30,1.0
other,2024-08-31,2.0
other,2024-09-01,1.0
other,2024-09-02,7.0
other,2024-09-03,4.0
other,2024-09-04,5.0
other,2024-09-05,4.0
other,2024-09-06,3.0
other,2024-09-08,7.0
other,2024-09-09,1.0
other,2024-09-10,4.0
other,2024-09-11,7.0
other,2024-09-13,4.0
other,2024-09-15,1.0
other,2024-09-16,5.0
other,2024-09-17,9.0
other,2024-09-18,3.0
other,2024-09-19,2.0
other,2024-09-20,3.0
other,2024-09-21,1.0
other,2024-09-23,5.0
other,2024-09-24,2.0
other,2024-09-25,9.0
other,2024-09-26,1.0
other,2024-09-27,2.0
other,2024-09-28,1.0
other,2024-09-29,2.0
other,2024-09-30,10.0
other,2024-10-01,7.0
other,2024-10-02,2.0
other,2024-10-03,5.0
other,2024-10-05,1.0
other,2024-10-06,1.0
other,2024-10-07,5.0
other,2024-10-08,1.0
other,2024-10-09,6.0
other,2024-10-10,8.0
other,2024-10-11,3.0
other,2024-10-12,1.0
other,2024-10-13,3.0
other,2024-10-14,5.0
other,2024-10-15,3.0
other,2024-10-16,6.0
other,2024-10-17,5.0
other,2024-10-18,4.0
other,2024-10-19,4.0
other,2024-10-20,5.0
other,2024-10-21,14.0
other,2024-10-22,6.0
other,2024-10-23,6.0
other,2024-10-24,3.0
other,2024-10-25,5.0
other,2024-10-26,3.0
other,2024-10-27,11.0
other,2024-10-28,7.0
other,2024-10-29,3.0
other,2024-10-30,10.0
other,2024-10-31,6.0
other,2024-11-01,5.0
other,2024-11-02,3.0
other,2024-11-04,9.0
other,2024-11-05,6.0
other,2024-11-06,6.0
other,2024-11-07,6.0
other,2024-11-08,6.0
other,2024-11-09,3.0
other,2024-11-10,7.0
other,2024-11-11,5.0
other,2024-11-12,9.0
other,2024-11-13,11.0
other,2024-11-14,3.0
other,2024-11-15,6.0
other,2024-11-16,1.0
other,2024-11-17,1.0
other,2024-11-18,7.0
other,2024-11-19,9.0
other,2024-11-20,3.0
other,2024-11-21,7.0
other,2024-11-22,5.0
other,2024-11-23,3.0
other,2024-11-24,4.0
other,2024-11-25,20.0
other,2024-11-26,6.0
other,2024-11-27,9.0
other,2024-11-28,7.0
other,2024-11-29,7.0
other,2024-11-30,6.0
other,2024-12-01,7.0
other,2024-12-02,24.0
other,2024-12-03,26.0
other,2024-12-04,14.0
other,2024-12-05,10.0
other,2024-12-06,6.0
other,2024-12-07,10.0
other,2024-12-08,5.0
other,2024-12-09,27.0
other,2024-12-10,17.0
other,2024-12-11,24.0
other,2024-12-12,9.0
other,2024-12-13,14.0
other,2024-12-14,7.0
other,2024-12-15,8.0
other,2024-12-16,34.0
other,2024-12-17,13.0
other,2024-12-18,27.0
other,2024-12-19,19.0
other,2024-12-20,18.0
other,2024-12-21,13.0
other,2024-12-22,6.0
other,2024-12-23,25.0
other,2024-12-24,20.0
other,2024-12-25,11.0
other,2024-12-26,17.0
other,2024-12-27,16.0
other,2024-12-28,12.0
other,2024-12-29,9.0
other,2024-12-30,14.0
other,2024-12-31,24.0
other,2025-01-01,15.0
other,2025-01-02,32.0
other,2025-01-03,24.0
other,2025-01-04,15.0
other,2025-01-05,14.0
other,2025-01-06,42.0
other,2025-01-07,30.0
other,2025-01-08,37.0
other,2025-01-09,35.0
other,2025-01-10,23.0
other,2025-01-11,16.0
other,2025-01-12,15.0
other,2025-01-13,44.0
other,2025-01-14,45.0
other,2025-01-15,45.0
other,2025-01-16,29.0
other,2025-01-17,30.0
other,2025-01-18,10.0
other,2025-01-19,12.0
other,2025-01-20,44.0
other,2025-01-21,38.0
other,2025-01-22,30.0
other,2025-01-23,19.0
other,2025-01-24,22.0
other,2025-01-25,12.0
other,2025-01-26,23.0
other,2025-01-27,34.0
other,2025-01-28,36.0
other,2025-01-29,32.0
other,2025-01-30,23.0
other,2025-01-31,26.0
other,2025-02-01,11.0
other,2025-02-02,23.0
other,2025-02-03,30.0
other,2025-02-04,42.0
other,2025-02-05,22.0
other,2025-02-06,26.0
other,2025-02-07,19.0
other,2025-02-08,7.0
other,2025-02-09,18.0
other,2025-02-10,30.0
other,2025-02-11,39.0
other,2025-02-12,29.0
other,2025-02-13,18.0
other,2025-02-14,25.0
other,2025-02-15,7.0
other,2025-02-16,12.0
other,2025-02-17,29.0
other,2025-02-18,30.0
other,2025-02-19,16.0
other,2025-02-20,17.0
other,2025-02-21,13.0
other,2025-02-22,8.0
other,2025-02-23,10.0
other,2025-02-24,25.0
other,2025-02-25,23.0
other,2025-02-26,23.0
other,2025-02-27,20.0
other,2025-02-28,13.0
other,2025-03-01,8.0
other,2025-03-02,6.0
other,2025-03-03,23.0
other,2025-03-04,18.0
other,2025-03-05,13.0
other,2025-03-06,10.0
other,2025-03-07,13.0
other,2025-03-08,10.0
other,2025-03-09,8.0
other,2025-03-10,24.0
other,2025-03-11,15.0
other,2025-03-12,19.0
other,2025-03-13,9.0
other,2025-03-14,15.0
other,2025-03-15,4.0
other,2025-03-16,5.0
other,2025-03-17,22.0
other,2025-03-18,16.0
other,2025-03-19,5.0
other,2025-03-20,9.0
other,2025-03-21,8.0
other,2025-03-22,6.0
other,2025-03-23,4.0
other,2025-03-24,18.0
other,2025-03-25,8.0
other,2025-03-26,9.0
other,2025-03-27,8.0
other,2025-03-28,8.0
other,2025-03-29,3.0
other,2025-03-30,7.0
other,2025-03-31,15.0
other,2025-04-01,13.0
other,2025-04-02,11.0
other,2025-04-03,13.0
other,2025-04-04,8.0
other,2025-04-05,6.0
other,2025-04-06,9.0
other,2025-04-07,10.0
other,2025-04-08,13.0
other,2025-04-09,11.0
other,2025-04-10,7.0
other,2025-04-11,5.0
other,2025-04-12,8.0
other,2025-04-13,5.0
other,2025-04-14,11.0
other,2025-04-15,7.0
other,2025-04-16,5.0
other,2025-04-17,4.0
other,2025-04-18,2.0
other,2025-04-19,6.0
other,2025-04-20,4.0
other,2025-04-21,7.0
other,2025-04-22,7.0
other,2025-04-23,12.0
other,2025-04-24,10.0
other,2025-04-25,11.0
other,2025-04-26,3.0
other,2025-04-27,6.0
other,2025-04-28,13.0
other,2025-04-29,48.0
other,2025-04-30,9.0
other,2025-05-01,5.0
other,2025-05-02,9.0
other,2025-05-03,5.0
other,2025-05-04,3.0
other,2025-05-05,9.0
other,2025-05-06,10.0
other,2025-05-07,15.0
other,2025-05-08,7.0
other,2025-05-09,7.0
other,2025-05-10,7.0
other,2025-05-11,8.0
other,2025-05-12,10.0
other,2025-05-13,5.0
other,2025-05-14,14.0
other,2025-05-15,10.0
other,2025-05-16,10.0
other,2025-05-17,10.0
other,2025-05-18,8.0
other,2025-05-19,18.0
other,2025-05-20,4.0
other,2025-05-21,9.0
other,2025-05-22,1.0
other,2025-05-23,5.0
other,2025-05-24,7.0
other,2025-05-25,4.0
other,2025-05-26,1.0
other,2025-05-27,6.0
other,2025-05-28,8.0
other,2025-05-29,8.0
other,2025-05-30,8.0
other,2025-05-31,4.0
other,2025-06-01,6.0
other,2025-06-02,4.0
other,2025-06-03,6.0
other,2025-06-04,5.0
other,2025-06-05,6.0
other,2025-06-06,7.0
other,2025-06-07,6.0
other,2025-06-08,8.0
other,2025-06-09,7.0
other,2025-06-10,6.0
other,2025-06-11,4.0
other,2025-06-12,11.0
other,2025-06-13,7.0
other,2025-06-14,6.0
other,2025-06-15,5.0
other,2025-06-16,6.0
other,2025-06-17,6.0
other,2025-06-18,5.0
other,2025-06-19,2.0
other,2025-06-20,4.0
other,2025-06-21,3.0
other,2025-06-22,4.0
other,2025-06-23,11.0
other,2025-06-24,2.0
other,2025-06-25,5.0
other,2025-06-26,7.0
other,2025-06-27,10.0
other,2025-06-28,4.0
other,2025-06-29,5.0
other,2025-06-30,4.0
other,2025-07-01,8.0
other,2025-07-02,4.0
other,2025-07-03,4.0
other,2025-07-04,10.0
other,2025-07-05,5.0
other,2025-07-06,4.0
other,2025-07-07,4.0
other,2025-07-08,9.0
other,2025-07-09,9.0
other,2025-07-10,3.0
other,2025-07-11,4.0
other,2025-07-12,1.0
other,2025-07-13,1.0
other,2025-07-14,4.0
other,2025-07-15,2.0
other,2025-07-16,3.0
other,2025-07-17,3.0
other,2025-07-18,4.0
other,2025-07-20,2.0
other,2025-07-21,5.0
other,2025-07-22,4.0
other,2025-07-23,1.0
other,2025-07-24,6.0
other,2025-07-25,1.0
other,2025-07-26,1.0
other,2025-07-27,10.0
other,2025-07-28,3.0
other,2025-07-29,3.0
other,2025-07-30,5.0
other,2025-07-31,4.0
other,2025-08-01,2.0
other,2025-08-03,2.0
other,2025-08-04,4.0
other,2025-08-05,4.0
other,2025-08-06,5.0
other,2025-08-07,2.0
other,2025-08-08,2.0
other,2025-08-09,2.0
other,2025-08-12,3.0
other,2025-08-14,1.0
other,2025-08-15,1.0
other,2025-08-17,1.0
other,2025-08-18,1.0
other,2025-08-19,1.0
other,2025-08-20,1.0
