variant,date,sequences
A/Amapa/021563-IEC/2024_H3N2,2024-05-06,1.0
A/Amapa/021563-IEC/2024_H3N2,2024-05-20,1.0
A/Amapa/021563-IEC/2024_H3N2,2024-05-31,0.25
A/Amapa/021563-IEC/2024_H3N2,2024-06-26,0.25
A/Amapa/021563-IEC/2024_H3N2,2024-12-06,0.5
A/Amapa/021563-IEC/2024_H3N2,2024-12-16,1.0
A/Amapa/021563-IEC/2024_H3N2,2024-12-23,2.0
A/Amapa/021563-IEC/2024_H3N2,2025-01-06,1.0
A/Amapa/021563-IEC/2024_H3N2,2025-01-08,1.0
A/Amapa/021563-IEC/2024_H3N2,2025-01-16,1.0
A/Amapa/021563-IEC/2024_H3N2,2025-01-29,1.0
A/Amapa/021563-IEC/2024_H3N2,2025-01-31,1.0
A/Amapa/021563-IEC/2024_H3N2,2025-02-02,0.5
A/Amapa/021563-IEC/2024_H3N2,2025-02-04,2.0
A/Amapa/021563-IEC/2024_H3N2,2025-02-11,1.0
A/Amapa/021563-IEC/2024_H3N2,2025-02-13,1.0
A/Amapa/021563-IEC/2024_H3N2,2025-02-14,1.0
A/Amapa/021563-IEC/2024_H3N2,2025-02-16,1.0
A/Amapa/021563-IEC/2024_H3N2,2025-02-18,1.0
A/Amapa/021563-IEC/2024_H3N2,2025-02-22,0.5
A/Amapa/021563-IEC/2024_H3N2,2025-02-24,2.0
A/Amapa/021563-IEC/2024_H3N2,2025-02-26,1.0
A/Amapa/021563-IEC/2024_H3N2,2025-03-06,1.0
A/Amapa/021563-IEC/2024_H3N2,2025-03-12,1.0
A/Amapa/021563-IEC/2024_H3N2,2025-03-18,1.0
A/Amapa/021563-IEC/2024_H3N2,2025-03-19,1.0
A/Amapa/021563-IEC/2024_H3N2,2025-04-19,0.5
A/Badajoz/18680568/2025_H3N2,2025-01-23,1.0
A/Badajoz/18680568/2025_H3N2,2025-01-28,1.0
A/Badajoz/18680568/2025_H3N2,2025-02-12,1.0
A/Badajoz/18680568/2025_H3N2,2025-02-19,1.0
A/Badajoz/18680568/2025_H3N2,2025-02-21,1.0
A/Badajoz/18680568/2025_H3N2,2025-02-27,3.0
A/Badajoz/18680568/2025_H3N2,2025-03-05,1.0
A/Badajoz/18680568/2025_H3N2,2025-03-11,1.0
A/Badajoz/18680568/2025_H3N2,2025-03-18,1.0
A/Badajoz/18680568/2025_H3N2,2025-03-19,1.0
A/Badajoz/18680568/2025_H3N2,2025-03-20,1.0
A/BurkinaFaso/3131/2023_H3N2,2024-04-29,1.0
A/BurkinaFaso/3131/2023_H3N2,2024-05-07,1.0
A/BurkinaFaso/3131/2023_H3N2,2024-05-08,1.0
A/BurkinaFaso/3131/2023_H3N2,2024-05-10,1.0
A/BurkinaFaso/3131/2023_H3N2,2024-05-12,1.0
A/BurkinaFaso/3131/2023_H3N2,2024-05-13,1.0
A/BurkinaFaso/3131/2023_H3N2,2024-06-19,1.0
A/BurkinaFaso/3131/2023_H3N2,2024-06-21,2.0
A/BurkinaFaso/3131/2023_H3N2,2024-06-25,1.0
A/BurkinaFaso/3131/2023_H3N2,2024-07-17,1.0
A/BurkinaFaso/3131/2023_H3N2,2024-07-28,1.0
A/BurkinaFaso/3131/2023_H3N2,2024-07-31,1.0
A/BurkinaFaso/3131/2023_H3N2,2024-08-07,1.0
A/BurkinaFaso/3131/2023_H3N2,2024-08-19,1.0
A/BurkinaFaso/3131/2023_H3N2,2024-08-23,1.0
A/BurkinaFaso/3131/2023_H3N2,2024-08-26,1.0
A/BurkinaFaso/3131/2023_H3N2,2024-08-27,1.0
A/BurkinaFaso/3131/2023_H3N2,2024-08-28,2.0
A/BurkinaFaso/3131/2023_H3N2,2024-08-29,1.0
A/BurkinaFaso/3131/2023_H3N2,2024-09-02,1.0
A/BurkinaFaso/3131/2023_H3N2,2024-09-04,1.0
A/BurkinaFaso/3131/2023_H3N2,2024-09-05,2.0
A/BurkinaFaso/3131/2023_H3N2,2024-09-17,1.0
A/BurkinaFaso/3131/2023_H3N2,2024-09-19,1.0
A/BurkinaFaso/3131/2023_H3N2,2024-10-02,1.0
A/BurkinaFaso/3131/2023_H3N2,2024-10-03,1.0
A/BurkinaFaso/3131/2023_H3N2,2024-10-07,1.0
A/BurkinaFaso/3131/2023_H3N2,2024-10-16,1.0
A/BurkinaFaso/3131/2023_H3N2,2024-10-17,1.0
A/BurkinaFaso/3131/2023_H3N2,2024-10-22,1.0
A/BurkinaFaso/3131/2023_H3N2,2024-10-24,1.0
A/Busan/461/2025_H3N2,2025-01-20,2.0
A/Canberra/613/2024_H3N2,2024-06-25,1.0
A/Canberra/613/2024_H3N2,2024-09-07,2.0
A/Canberra/613/2024_H3N2,2024-09-12,1.0
A/Canberra/613/2024_H3N2,2024-09-18,1.0
A/Canberra/613/2024_H3N2,2024-09-23,1.0
A/Canberra/613/2024_H3N2,2024-09-25,1.0
A/Canberra/613/2024_H3N2,2024-09-26,1.0
A/Canberra/613/2024_H3N2,2024-09-27,1.0
A/Canberra/613/2024_H3N2,2024-10-01,1.0
A/Canberra/613/2024_H3N2,2024-10-02,1.0
A/Canberra/613/2024_H3N2,2024-10-03,3.0
A/Canberra/613/2024_H3N2,2024-10-04,1.0
A/Canberra/613/2024_H3N2,2024-10-05,1.0
A/Canberra/613/2024_H3N2,2024-10-07,1.0
A/Canberra/613/2024_H3N2,2024-10-08,2.0
A/Canberra/613/2024_H3N2,2024-10-10,1.0
A/Canberra/613/2024_H3N2,2024-10-12,1.0
A/Canberra/613/2024_H3N2,2024-10-16,1.0
A/Canberra/613/2024_H3N2,2024-10-24,1.0
A/Canberra/613/2024_H3N2,2024-10-25,1.0
A/Canberra/613/2024_H3N2,2024-10-27,1.0
A/Canberra/613/2024_H3N2,2024-10-29,1.0
A/Canberra/613/2024_H3N2,2024-11-01,1.0
A/Canberra/613/2024_H3N2,2024-11-03,1.0
A/Canberra/613/2024_H3N2,2024-11-05,1.0
A/Canberra/613/2024_H3N2,2024-11-07,1.0
A/Canberra/613/2024_H3N2,2024-11-08,2.0
A/Canberra/613/2024_H3N2,2024-11-11,1.0
A/Canberra/613/2024_H3N2,2024-11-21,1.0
A/Canberra/613/2024_H3N2,2024-11-26,1.0
A/Canberra/613/2024_H3N2,2024-11-28,1.0
A/Canberra/613/2024_H3N2,2024-11-30,2.0
A/Canberra/613/2024_H3N2,2024-12-01,0.5
A/Canberra/613/2024_H3N2,2024-12-02,1.0
A/Canberra/613/2024_H3N2,2024-12-05,2.0
A/Canberra/613/2024_H3N2,2024-12-09,1.0
A/Canberra/613/2024_H3N2,2024-12-10,1.0
A/Canberra/613/2024_H3N2,2024-12-11,1.0
A/Canberra/613/2024_H3N2,2024-12-13,1.0
A/Canberra/613/2024_H3N2,2024-12-14,1.0
A/Canberra/613/2024_H3N2,2024-12-16,1.0
A/Canberra/613/2024_H3N2,2024-12-24,1.0
A/Canberra/613/2024_H3N2,2025-01-03,2.0
A/Canberra/613/2024_H3N2,2025-01-09,1.0
A/Canberra/613/2024_H3N2,2025-01-10,1.0
A/Canberra/613/2024_H3N2,2025-01-12,1.0
A/Canberra/613/2024_H3N2,2025-01-14,2.0
A/Canberra/613/2024_H3N2,2025-01-19,1.0
A/Canberra/613/2024_H3N2,2025-01-20,1.0
A/Canberra/613/2024_H3N2,2025-01-21,1.0
A/Canberra/613/2024_H3N2,2025-01-24,1.0
A/Canberra/613/2024_H3N2,2025-01-25,2.0
A/Canberra/613/2024_H3N2,2025-01-26,1.0
A/Canberra/613/2024_H3N2,2025-01-27,2.0
A/Canberra/613/2024_H3N2,2025-01-31,1.0
A/Canberra/613/2024_H3N2,2025-02-02,1.0
A/Canberra/613/2024_H3N2,2025-02-04,1.0
A/Canberra/613/2024_H3N2,2025-02-10,3.0
A/Canberra/613/2024_H3N2,2025-02-11,2.0
A/Canberra/613/2024_H3N2,2025-02-13,1.0
A/Canberra/613/2024_H3N2,2025-02-14,0.5
A/Canberra/613/2024_H3N2,2025-02-17,1.0
A/Canberra/613/2024_H3N2,2025-02-18,1.5
A/Canberra/613/2024_H3N2,2025-02-19,0.5
A/Canberra/613/2024_H3N2,2025-02-24,0.5
A/Canberra/613/2024_H3N2,2025-02-26,1.0
A/Canberra/613/2024_H3N2,2025-02-28,1.0
A/Canberra/613/2024_H3N2,2025-03-04,1.0
A/Canberra/613/2024_H3N2,2025-03-05,1.0
A/Canberra/613/2024_H3N2,2025-03-11,1.0
A/Canberra/613/2024_H3N2,2025-03-14,1.0
A/Canberra/613/2024_H3N2,2025-03-19,1.0
A/Canberra/613/2024_H3N2,2025-03-31,1.0
A/Canberra/613/2024_H3N2,2025-04-09,1.0
A/Canberra/613/2024_H3N2,2025-04-11,1.0
A/Canberra/613/2024_H3N2,2025-04-30,2.0
A/Canberra/613/2024_H3N2,2025-05-02,1.0
A/Canberra/613/2024_H3N2,2025-05-06,1.0
A/Canberra/613/2024_H3N2,2025-05-12,1.0
A/Canberra/613/2024_H3N2,2025-05-16,1.0
A/Canberra/613/2024_H3N2,2025-05-29,0.5
A/Canberra/613/2024_H3N2,2025-06-03,1.0
A/Canberra/613/2024_H3N2,2025-06-16,1.0
A/Canberra/613/2024_H3N2,2025-06-18,0.5
A/Canberra/613/2024_H3N2,2025-07-23,1.0
A/Colombia/1851/2024_H3N2,2024-11-19,1.0
A/Colombia/1851/2024_H3N2,2024-11-26,1.0
A/Colombia/1851/2024_H3N2,2024-12-12,1.0
A/Colombia/1851/2024_H3N2,2024-12-17,1.0
A/Colombia/1851/2024_H3N2,2024-12-23,1.0
A/Colombia/1851/2024_H3N2,2024-12-25,1.0
A/Colombia/1851/2024_H3N2,2024-12-27,1.0
A/Colombia/1851/2024_H3N2,2024-12-28,1.0
A/Colombia/1851/2024_H3N2,2024-12-30,1.0
A/Colombia/1851/2024_H3N2,2024-12-31,1.0
A/Colombia/1851/2024_H3N2,2025-01-03,1.0
A/Colombia/1851/2024_H3N2,2025-01-06,1.0
A/Colombia/1851/2024_H3N2,2025-01-07,1.0
A/Colombia/1851/2024_H3N2,2025-01-08,1.0
A/Colombia/1851/2024_H3N2,2025-01-09,2.0
A/Colombia/1851/2024_H3N2,2025-01-13,3.0
A/Colombia/1851/2024_H3N2,2025-01-14,1.0
A/Colombia/1851/2024_H3N2,2025-01-18,1.0
A/Colombia/1851/2024_H3N2,2025-01-20,2.0
A/Colombia/1851/2024_H3N2,2025-01-22,2.0
A/Colombia/1851/2024_H3N2,2025-01-23,2.0
A/Colombia/1851/2024_H3N2,2025-01-25,1.0
A/Colombia/1851/2024_H3N2,2025-01-26,1.0
A/Colombia/1851/2024_H3N2,2025-01-27,3.0
A/Colombia/1851/2024_H3N2,2025-01-28,2.0
A/Colombia/1851/2024_H3N2,2025-01-29,1.0
A/Colombia/1851/2024_H3N2,2025-01-31,3.0
A/Colombia/1851/2024_H3N2,2025-02-01,1.0
A/Colombia/1851/2024_H3N2,2025-02-02,1.0
A/Colombia/1851/2024_H3N2,2025-02-03,3.0
A/Colombia/1851/2024_H3N2,2025-02-04,3.0
A/Colombia/1851/2024_H3N2,2025-02-05,4.0
A/Colombia/1851/2024_H3N2,2025-02-06,3.0
A/Colombia/1851/2024_H3N2,2025-02-07,1.0
A/Colombia/1851/2024_H3N2,2025-02-08,1.0
A/Colombia/1851/2024_H3N2,2025-02-09,1.0
A/Colombia/1851/2024_H3N2,2025-02-10,3.0
A/Colombia/1851/2024_H3N2,2025-02-11,7.0
A/Colombia/1851/2024_H3N2,2025-02-12,4.0
A/Colombia/1851/2024_H3N2,2025-02-13,3.0
A/Colombia/1851/2024_H3N2,2025-02-14,4.0
A/Colombia/1851/2024_H3N2,2025-02-15,3.0
A/Colombia/1851/2024_H3N2,2025-02-16,2.0
A/Colombia/1851/2024_H3N2,2025-02-17,5.0
A/Colombia/1851/2024_H3N2,2025-02-18,2.0
A/Colombia/1851/2024_H3N2,2025-02-19,9.0
A/Colombia/1851/2024_H3N2,2025-02-20,3.0
A/Colombia/1851/2024_H3N2,2025-02-21,2.0
A/Colombia/1851/2024_H3N2,2025-02-24,7.0
A/Colombia/1851/2024_H3N2,2025-02-25,4.0
A/Colombia/1851/2024_H3N2,2025-02-26,4.0
A/Colombia/1851/2024_H3N2,2025-02-27,4.0
A/Colombia/1851/2024_H3N2,2025-02-28,6.0
A/Colombia/1851/2024_H3N2,2025-03-01,6.0
A/Colombia/1851/2024_H3N2,2025-03-02,4.0
A/Colombia/1851/2024_H3N2,2025-03-03,8.0
A/Colombia/1851/2024_H3N2,2025-03-04,10.0
A/Colombia/1851/2024_H3N2,2025-03-05,6.0
A/Colombia/1851/2024_H3N2,2025-03-06,3.0
A/Colombia/1851/2024_H3N2,2025-03-07,2.0
A/Colombia/1851/2024_H3N2,2025-03-08,5.0
A/Colombia/1851/2024_H3N2,2025-03-09,1.0
A/Colombia/1851/2024_H3N2,2025-03-10,4.0
A/Colombia/1851/2024_H3N2,2025-03-11,7.0
A/Colombia/1851/2024_H3N2,2025-03-12,2.0
A/Colombia/1851/2024_H3N2,2025-03-13,6.0
A/Colombia/1851/2024_H3N2,2025-03-14,3.0
A/Colombia/1851/2024_H3N2,2025-03-15,4.0
A/Colombia/1851/2024_H3N2,2025-03-16,5.0
A/Colombia/1851/2024_H3N2,2025-03-17,5.0
A/Colombia/1851/2024_H3N2,2025-03-18,6.0
A/Colombia/1851/2024_H3N2,2025-03-19,2.0
A/Colombia/1851/2024_H3N2,2025-03-20,3.0
A/Colombia/1851/2024_H3N2,2025-03-21,2.0
A/Colombia/1851/2024_H3N2,2025-03-22,2.0
A/Colombia/1851/2024_H3N2,2025-03-23,1.0
A/Colombia/1851/2024_H3N2,2025-03-24,3.0
A/Colombia/1851/2024_H3N2,2025-03-25,3.0
A/Colombia/1851/2024_H3N2,2025-03-26,4.0
A/Colombia/1851/2024_H3N2,2025-03-27,1.5
A/Colombia/1851/2024_H3N2,2025-03-28,1.0
A/Colombia/1851/2024_H3N2,2025-03-30,0.5
A/Colombia/1851/2024_H3N2,2025-03-31,4.0
A/Colombia/1851/2024_H3N2,2025-04-01,5.0
A/Colombia/1851/2024_H3N2,2025-04-02,2.0
A/Colombia/1851/2024_H3N2,2025-04-03,3.0
A/Colombia/1851/2024_H3N2,2025-04-04,1.0
A/Colombia/1851/2024_H3N2,2025-04-06,4.0
A/Colombia/1851/2024_H3N2,2025-04-07,3.0
A/Colombia/1851/2024_H3N2,2025-04-08,1.0
A/Colombia/1851/2024_H3N2,2025-04-09,1.0
A/Colombia/1851/2024_H3N2,2025-04-10,2.0
A/Colombia/1851/2024_H3N2,2025-04-14,5.0
A/Colombia/1851/2024_H3N2,2025-04-15,4.0
A/Colombia/1851/2024_H3N2,2025-04-18,1.0
A/Colombia/1851/2024_H3N2,2025-04-19,1.0
A/Colombia/1851/2024_H3N2,2025-04-20,2.0
A/Colombia/1851/2024_H3N2,2025-04-21,1.0
A/Colombia/1851/2024_H3N2,2025-04-22,3.0
A/Colombia/1851/2024_H3N2,2025-04-23,1.0
A/Colombia/1851/2024_H3N2,2025-04-24,2.0
A/Colombia/1851/2024_H3N2,2025-04-25,0.5
A/Colombia/1851/2024_H3N2,2025-04-28,3.5
A/Colombia/1851/2024_H3N2,2025-04-29,2.0
A/Colombia/1851/2024_H3N2,2025-04-30,1.0
A/Colombia/1851/2024_H3N2,2025-05-01,2.0
A/Colombia/1851/2024_H3N2,2025-05-05,3.0
A/Colombia/1851/2024_H3N2,2025-05-06,1.0
A/Colombia/1851/2024_H3N2,2025-05-07,1.0
A/Colombia/1851/2024_H3N2,2025-05-13,2.0
A/Colombia/1851/2024_H3N2,2025-05-18,2.0
A/Colombia/1851/2024_H3N2,2025-05-19,1.0
A/Colombia/1851/2024_H3N2,2025-05-20,1.0
A/Colombia/1851/2024_H3N2,2025-05-23,1.0
A/Colombia/1851/2024_H3N2,2025-05-27,1.0
A/Colombia/1851/2024_H3N2,2025-05-30,1.0
A/Colombia/1851/2024_H3N2,2025-06-02,4.0
A/Colombia/1851/2024_H3N2,2025-06-03,2.0
A/Colombia/1851/2024_H3N2,2025-06-08,1.0
A/Colombia/1851/2024_H3N2,2025-06-11,1.0
A/Colombia/1851/2024_H3N2,2025-06-18,1.0
A/Colombia/1851/2024_H3N2,2025-06-19,1.0
A/Colombia/1851/2024_H3N2,2025-06-28,1.0
A/Colombia/1851/2024_H3N2,2025-07-23,1.0
A/Colombia/7681/2024_H3N2,2024-04-28,4.318181818181818
A/Colombia/7681/2024_H3N2,2024-04-29,0.9090909090909092
A/Colombia/7681/2024_H3N2,2024-04-30,2.227272727272727
A/Colombia/7681/2024_H3N2,2024-05-01,1.1363636363636365
A/Colombia/7681/2024_H3N2,2024-05-02,0.4545454545454546
A/Colombia/7681/2024_H3N2,2024-05-03,1.3181818181818183
A/Colombia/7681/2024_H3N2,2024-05-04,2.227272727272727
A/Colombia/7681/2024_H3N2,2024-05-05,1.7272727272727275
A/Colombia/7681/2024_H3N2,2024-05-06,3.5454545454545454
A/Colombia/7681/2024_H3N2,2024-05-07,4.181818181818182
A/Colombia/7681/2024_H3N2,2024-05-08,4.909090909090909
A/Colombia/7681/2024_H3N2,2024-05-09,1.3636363636363635
A/Colombia/7681/2024_H3N2,2024-05-10,0.6363636363636364
A/Colombia/7681/2024_H3N2,2024-05-11,5.045454545454545
A/Colombia/7681/2024_H3N2,2024-05-12,2.2727272727272725
A/Colombia/7681/2024_H3N2,2024-05-13,5.409090909090909
A/Colombia/7681/2024_H3N2,2024-05-14,0.9090909090909092
A/Colombia/7681/2024_H3N2,2024-05-15,1.0909090909090908
A/Colombia/7681/2024_H3N2,2024-05-16,2.8181818181818183
A/Colombia/7681/2024_H3N2,2024-05-17,1.5454545454545454
A/Colombia/7681/2024_H3N2,2024-05-18,0.8181818181818182
A/Colombia/7681/2024_H3N2,2024-05-19,0.5454545454545454
A/Colombia/7681/2024_H3N2,2024-05-20,1.0909090909090908
A/Colombia/7681/2024_H3N2,2024-05-21,2.4545454545454546
A/Colombia/7681/2024_H3N2,2024-05-22,3.590909090909091
A/Colombia/7681/2024_H3N2,2024-05-23,3.090909090909091
A/Colombia/7681/2024_H3N2,2024-05-24,1.7272727272727273
A/Colombia/7681/2024_H3N2,2024-05-25,2.772727272727273
A/Colombia/7681/2024_H3N2,2024-05-26,3.1818181818181817
A/Colombia/7681/2024_H3N2,2024-05-27,0.9090909090909092
A/Colombia/7681/2024_H3N2,2024-05-28,0.2727272727272727
A/Colombia/7681/2024_H3N2,2024-05-29,2.5454545454545454
A/Colombia/7681/2024_H3N2,2024-05-30,0.2727272727272727
A/Colombia/7681/2024_H3N2,2024-05-31,0.4545454545454546
A/Colombia/7681/2024_H3N2,2024-06-01,0.18181818181818182
A/Colombia/7681/2024_H3N2,2024-06-02,0.36363636363636365
A/Colombia/7681/2024_H3N2,2024-06-03,1.0454545454545454
A/Colombia/7681/2024_H3N2,2024-06-04,0.4545454545454546
A/Colombia/7681/2024_H3N2,2024-06-05,0.6363636363636364
A/Colombia/7681/2024_H3N2,2024-06-06,0.09090909090909091
A/Colombia/7681/2024_H3N2,2024-06-08,0.18181818181818182
A/Colombia/7681/2024_H3N2,2024-06-09,2.1818181818181817
A/Colombia/7681/2024_H3N2,2024-06-10,1.4545454545454546
A/Colombia/7681/2024_H3N2,2024-06-11,2.4545454545454546
A/Colombia/7681/2024_H3N2,2024-06-12,0.8181818181818182
A/Colombia/7681/2024_H3N2,2024-06-13,1.5909090909090908
A/Colombia/7681/2024_H3N2,2024-06-14,0.36363636363636365
A/Colombia/7681/2024_H3N2,2024-06-15,0.18181818181818182
A/Colombia/7681/2024_H3N2,2024-06-16,0.2727272727272727
A/Colombia/7681/2024_H3N2,2024-06-17,1.0454545454545454
A/Colombia/7681/2024_H3N2,2024-06-18,1.8636363636363638
A/Colombia/7681/2024_H3N2,2024-06-19,2.9545454545454546
A/Colombia/7681/2024_H3N2,2024-06-20,0.36363636363636365
A/Colombia/7681/2024_H3N2,2024-06-21,1.0
A/Colombia/7681/2024_H3N2,2024-06-22,0.09090909090909091
A/Colombia/7681/2024_H3N2,2024-06-24,0.8181818181818182
A/Colombia/7681/2024_H3N2,2024-06-25,0.36363636363636365
A/Colombia/7681/2024_H3N2,2024-06-26,0.2727272727272727
A/Colombia/7681/2024_H3N2,2024-06-27,0.36363636363636365
A/Colombia/7681/2024_H3N2,2024-06-28,0.4545454545454546
A/Colombia/7681/2024_H3N2,2024-06-30,1.2727272727272727
A/Colombia/7681/2024_H3N2,2024-07-01,1.3636363636363638
A/Colombia/7681/2024_H3N2,2024-07-02,0.6818181818181819
A/Colombia/7681/2024_H3N2,2024-07-03,0.09090909090909091
A/Colombia/7681/2024_H3N2,2024-07-04,1.0
A/Colombia/7681/2024_H3N2,2024-07-05,0.2727272727272727
A/Colombia/7681/2024_H3N2,2024-07-07,1.0909090909090908
A/Colombia/7681/2024_H3N2,2024-07-08,0.09090909090909091
A/Colombia/7681/2024_H3N2,2024-07-09,0.36363636363636365
A/Colombia/7681/2024_H3N2,2024-07-10,2.272727272727273
A/Colombia/7681/2024_H3N2,2024-07-11,0.18181818181818182
A/Colombia/7681/2024_H3N2,2024-07-12,0.18181818181818182
A/Colombia/7681/2024_H3N2,2024-07-13,0.09090909090909091
A/Colombia/7681/2024_H3N2,2024-07-14,0.09090909090909091
A/Colombia/7681/2024_H3N2,2024-07-15,0.2727272727272727
A/Colombia/7681/2024_H3N2,2024-07-16,0.36363636363636365
A/Colombia/7681/2024_H3N2,2024-07-17,0.6363636363636364
A/Colombia/7681/2024_H3N2,2024-07-18,0.36363636363636365
A/Colombia/7681/2024_H3N2,2024-07-19,0.09090909090909091
A/Colombia/7681/2024_H3N2,2024-07-22,0.2727272727272727
A/Colombia/7681/2024_H3N2,2024-07-23,0.18181818181818182
A/Colombia/7681/2024_H3N2,2024-07-24,1.5
A/Colombia/7681/2024_H3N2,2024-07-26,0.18181818181818182
A/Colombia/7681/2024_H3N2,2024-07-28,0.09090909090909091
A/Colombia/7681/2024_H3N2,2024-07-29,0.5909090909090909
A/Colombia/7681/2024_H3N2,2024-07-30,0.5909090909090909
A/Colombia/7681/2024_H3N2,2024-07-31,0.18181818181818182
A/Colombia/7681/2024_H3N2,2024-08-01,1.0909090909090908
A/Colombia/7681/2024_H3N2,2024-08-02,0.2727272727272727
A/Colombia/7681/2024_H3N2,2024-08-03,0.18181818181818182
A/Colombia/7681/2024_H3N2,2024-08-05,0.2727272727272727
A/Colombia/7681/2024_H3N2,2024-08-06,0.18181818181818182
A/Colombia/7681/2024_H3N2,2024-08-07,0.18181818181818182
A/Colombia/7681/2024_H3N2,2024-08-10,0.18181818181818182
A/Colombia/7681/2024_H3N2,2024-08-11,0.09090909090909091
A/Colombia/7681/2024_H3N2,2024-08-12,0.18181818181818182
A/Colombia/7681/2024_H3N2,2024-08-16,0.09090909090909091
A/Colombia/7681/2024_H3N2,2024-08-17,1.0909090909090908
A/Colombia/7681/2024_H3N2,2024-08-20,0.09090909090909091
A/Colombia/7681/2024_H3N2,2024-08-21,0.2727272727272727
A/Colombia/7681/2024_H3N2,2024-08-22,0.18181818181818182
A/Colombia/7681/2024_H3N2,2024-08-23,0.09090909090909091
A/Colombia/7681/2024_H3N2,2024-08-25,0.09090909090909091
A/Colombia/7681/2024_H3N2,2024-08-26,0.09090909090909091
A/Colombia/7681/2024_H3N2,2024-08-27,0.09090909090909091
A/Colombia/7681/2024_H3N2,2024-08-29,0.09090909090909091
A/Colombia/7681/2024_H3N2,2024-08-31,0.09090909090909091
A/Colombia/7681/2024_H3N2,2024-09-04,0.18181818181818182
A/Colombia/7681/2024_H3N2,2024-09-09,0.36363636363636365
A/Colombia/7681/2024_H3N2,2024-09-12,0.09090909090909091
A/Colombia/7681/2024_H3N2,2024-09-16,0.18181818181818182
A/Colombia/7681/2024_H3N2,2024-09-17,1.0909090909090908
A/Colombia/7681/2024_H3N2,2024-09-21,0.09090909090909091
A/Colombia/7681/2024_H3N2,2024-09-23,0.18181818181818182
A/Colombia/7681/2024_H3N2,2024-09-26,0.2727272727272727
A/Colombia/7681/2024_H3N2,2024-09-27,0.18181818181818182
A/Colombia/7681/2024_H3N2,2024-09-28,0.09090909090909091
A/Colombia/7681/2024_H3N2,2024-09-29,0.09090909090909091
A/Colombia/7681/2024_H3N2,2024-09-30,0.18181818181818182
A/Colombia/7681/2024_H3N2,2024-10-03,1.0909090909090908
A/Colombia/7681/2024_H3N2,2024-10-04,1.2727272727272727
A/Colombia/7681/2024_H3N2,2024-10-07,0.18181818181818182
A/Colombia/7681/2024_H3N2,2024-10-09,1.0
A/Colombia/7681/2024_H3N2,2024-10-11,1.0
A/Colombia/7681/2024_H3N2,2024-10-14,0.18181818181818182
A/Colombia/7681/2024_H3N2,2024-10-15,1.0
A/Colombia/7681/2024_H3N2,2024-10-16,1.0
A/Colombia/7681/2024_H3N2,2024-10-17,0.09090909090909091
A/Colombia/7681/2024_H3N2,2024-10-18,0.09090909090909091
A/Colombia/7681/2024_H3N2,2024-10-19,0.09090909090909091
A/Colombia/7681/2024_H3N2,2024-10-21,2.0
A/Colombia/7681/2024_H3N2,2024-10-22,1.0909090909090908
A/Colombia/7681/2024_H3N2,2024-10-28,0.09090909090909091
A/Colombia/7681/2024_H3N2,2024-10-30,1.0
A/Colombia/7681/2024_H3N2,2024-10-31,0.09090909090909091
A/Colombia/7681/2024_H3N2,2024-11-01,1.0909090909090908
A/Colombia/7681/2024_H3N2,2024-11-02,0.18181818181818182
A/Colombia/7681/2024_H3N2,2024-11-03,0.09090909090909091
A/Colombia/7681/2024_H3N2,2024-11-04,1.0909090909090908
A/Colombia/7681/2024_H3N2,2024-11-05,1.0
A/Colombia/7681/2024_H3N2,2024-11-07,2.1818181818181817
A/Colombia/7681/2024_H3N2,2024-11-08,1.0
A/Colombia/7681/2024_H3N2,2024-11-09,0.09090909090909091
A/Colombia/7681/2024_H3N2,2024-11-11,1.0
A/Colombia/7681/2024_H3N2,2024-11-12,0.18181818181818182
A/Colombia/7681/2024_H3N2,2024-11-13,0.09090909090909091
A/Colombia/7681/2024_H3N2,2024-11-14,1.0
A/Colombia/7681/2024_H3N2,2024-11-16,0.09090909090909091
A/Colombia/7681/2024_H3N2,2024-11-17,2.090909090909091
A/Colombia/7681/2024_H3N2,2024-11-18,1.0
A/Colombia/7681/2024_H3N2,2024-11-19,1.0
A/Colombia/7681/2024_H3N2,2024-11-20,0.09090909090909091
A/Colombia/7681/2024_H3N2,2024-11-21,0.09090909090909091
A/Colombia/7681/2024_H3N2,2024-11-22,3.1818181818181817
A/Colombia/7681/2024_H3N2,2024-11-23,2.0
A/Colombia/7681/2024_H3N2,2024-11-24,2.0
A/Colombia/7681/2024_H3N2,2024-11-25,3.0
A/Colombia/7681/2024_H3N2,2024-11-27,1.0
A/Colombia/7681/2024_H3N2,2024-11-28,1.0
A/Colombia/7681/2024_H3N2,2024-11-29,1.0909090909090908
A/Colombia/7681/2024_H3N2,2024-12-03,0.09090909090909091
A/Colombia/7681/2024_H3N2,2024-12-04,2.0
A/Colombia/7681/2024_H3N2,2024-12-09,2.0
A/Colombia/7681/2024_H3N2,2024-12-10,1.0
A/Colombia/7681/2024_H3N2,2024-12-11,0.09090909090909091
A/Colombia/7681/2024_H3N2,2024-12-18,1.0
A/Colombia/7681/2024_H3N2,2024-12-20,2.090909090909091
A/Colombia/7681/2024_H3N2,2024-12-23,0.18181818181818182
A/Colombia/7681/2024_H3N2,2024-12-24,2.0
A/Colombia/7681/2024_H3N2,2025-01-01,0.5
A/Colombia/7681/2024_H3N2,2025-01-02,0.09090909090909091
A/Colombia/7681/2024_H3N2,2025-01-03,0.09090909090909091
A/Colombia/7681/2024_H3N2,2025-01-04,0.5
A/Colombia/7681/2024_H3N2,2025-01-08,0.09090909090909091
A/Colombia/7681/2024_H3N2,2025-01-09,1.0909090909090908
A/Colombia/7681/2024_H3N2,2025-01-14,0.09090909090909091
A/Colombia/7681/2024_H3N2,2025-01-15,0.09090909090909091
A/Colombia/7681/2024_H3N2,2025-01-17,0.09090909090909091
A/Colombia/7681/2024_H3N2,2025-01-20,0.18181818181818182
A/Colombia/7681/2024_H3N2,2025-01-24,1.0909090909090908
A/Colombia/7681/2024_H3N2,2025-01-25,0.09090909090909091
A/Colombia/7681/2024_H3N2,2025-01-29,0.5
A/Colombia/7681/2024_H3N2,2025-02-03,1.0909090909090908
A/Colombia/7681/2024_H3N2,2025-02-08,1.0
A/Colombia/7681/2024_H3N2,2025-02-10,0.18181818181818182
A/Colombia/7681/2024_H3N2,2025-02-11,1.0
A/Colombia/7681/2024_H3N2,2025-02-12,0.09090909090909091
A/Colombia/7681/2024_H3N2,2025-02-13,0.5
A/Colombia/7681/2024_H3N2,2025-02-19,1.0
A/Colombia/7681/2024_H3N2,2025-02-22,0.5
A/Colombia/7681/2024_H3N2,2025-03-04,0.09090909090909091
A/Colombia/7681/2024_H3N2,2025-03-06,0.09090909090909091
A/Colombia/7681/2024_H3N2,2025-03-07,0.5
A/Colombia/7681/2024_H3N2,2025-03-13,0.5
A/Colombia/7681/2024_H3N2,2025-03-29,0.09090909090909091
A/Colombia/7681/2024_H3N2,2025-04-03,0.5
A/Colombia/7681/2024_H3N2,2025-06-04,0.09090909090909091
A/Colorado/ISC-1416/2024_H3N2,2024-05-16,0.5
A/Colorado/ISC-1416/2024_H3N2,2024-06-25,1.0
A/Colorado/ISC-1416/2024_H3N2,2024-07-28,1.0
A/Colorado/ISC-1416/2024_H3N2,2024-08-07,0.5
A/Colorado/ISC-1416/2024_H3N2,2024-08-27,0.5
A/Colorado/ISC-1416/2024_H3N2,2024-09-14,1.0
A/Colorado/ISC-1416/2024_H3N2,2024-09-21,1.0
A/Colorado/ISC-1416/2024_H3N2,2024-09-30,1.0
A/Colorado/ISC-1416/2024_H3N2,2024-10-01,1.0
A/Colorado/ISC-1416/2024_H3N2,2024-10-02,4.0
A/Colorado/ISC-1416/2024_H3N2,2024-10-07,1.0
A/Colorado/ISC-1416/2024_H3N2,2024-10-08,1.0
A/Colorado/ISC-1416/2024_H3N2,2024-10-09,3.0
A/Colorado/ISC-1416/2024_H3N2,2024-10-10,1.0
A/Colorado/ISC-1416/2024_H3N2,2024-10-11,2.0
A/Colorado/ISC-1416/2024_H3N2,2024-10-13,1.0
A/Colorado/ISC-1416/2024_H3N2,2024-10-14,1.0
A/Colorado/ISC-1416/2024_H3N2,2024-10-15,1.0
A/Colorado/ISC-1416/2024_H3N2,2024-10-16,1.0
A/Colorado/ISC-1416/2024_H3N2,2024-10-17,2.0
A/Colorado/ISC-1416/2024_H3N2,2024-10-18,4.0
A/Colorado/ISC-1416/2024_H3N2,2024-10-19,2.0
A/Colorado/ISC-1416/2024_H3N2,2024-10-20,0.5
A/Colorado/ISC-1416/2024_H3N2,2024-10-21,3.0
A/Colorado/ISC-1416/2024_H3N2,2024-10-22,3.0
A/Colorado/ISC-1416/2024_H3N2,2024-10-23,7.0
A/Colorado/ISC-1416/2024_H3N2,2024-10-25,1.0
A/Colorado/ISC-1416/2024_H3N2,2024-10-26,3.0
A/Colorado/ISC-1416/2024_H3N2,2024-10-27,6.0
A/Colorado/ISC-1416/2024_H3N2,2024-10-28,3.0
A/Colorado/ISC-1416/2024_H3N2,2024-10-29,2.0
A/Colorado/ISC-1416/2024_H3N2,2024-10-30,2.0
A/Colorado/ISC-1416/2024_H3N2,2024-10-31,2.0
A/Colorado/ISC-1416/2024_H3N2,2024-11-01,1.0
A/Colorado/ISC-1416/2024_H3N2,2024-11-02,7.0
A/Colorado/ISC-1416/2024_H3N2,2024-11-03,2.0
A/Colorado/ISC-1416/2024_H3N2,2024-11-04,4.0
A/Colorado/ISC-1416/2024_H3N2,2024-11-05,5.0
A/Colorado/ISC-1416/2024_H3N2,2024-11-06,7.0
A/Colorado/ISC-1416/2024_H3N2,2024-11-07,2.0
A/Colorado/ISC-1416/2024_H3N2,2024-11-08,2.0
A/Colorado/ISC-1416/2024_H3N2,2024-11-09,1.0
A/Colorado/ISC-1416/2024_H3N2,2024-11-10,7.0
A/Colorado/ISC-1416/2024_H3N2,2024-11-11,6.0
A/Colorado/ISC-1416/2024_H3N2,2024-11-12,5.0
A/Colorado/ISC-1416/2024_H3N2,2024-11-13,4.0
A/Colorado/ISC-1416/2024_H3N2,2024-11-14,2.0
A/Colorado/ISC-1416/2024_H3N2,2024-11-15,4.0
A/Colorado/ISC-1416/2024_H3N2,2024-11-16,5.0
A/Colorado/ISC-1416/2024_H3N2,2024-11-18,7.0
A/Colorado/ISC-1416/2024_H3N2,2024-11-19,2.0
A/Colorado/ISC-1416/2024_H3N2,2024-11-20,4.0
A/Colorado/ISC-1416/2024_H3N2,2024-11-21,1.0
A/Colorado/ISC-1416/2024_H3N2,2024-11-22,6.0
A/Colorado/ISC-1416/2024_H3N2,2024-11-23,4.0
A/Colorado/ISC-1416/2024_H3N2,2024-11-24,6.0
A/Colorado/ISC-1416/2024_H3N2,2024-11-25,6.0
A/Colorado/ISC-1416/2024_H3N2,2024-11-26,1.0
A/Colorado/ISC-1416/2024_H3N2,2024-11-27,2.0
A/Colorado/ISC-1416/2024_H3N2,2024-11-28,3.0
A/Colorado/ISC-1416/2024_H3N2,2024-11-29,1.0
A/Colorado/ISC-1416/2024_H3N2,2024-12-01,5.0
A/Colorado/ISC-1416/2024_H3N2,2024-12-02,2.0
A/Colorado/ISC-1416/2024_H3N2,2024-12-03,4.0
A/Colorado/ISC-1416/2024_H3N2,2024-12-04,5.0
A/Colorado/ISC-1416/2024_H3N2,2024-12-05,4.0
A/Colorado/ISC-1416/2024_H3N2,2024-12-06,2.0
A/Colorado/ISC-1416/2024_H3N2,2024-12-07,3.0
A/Colorado/ISC-1416/2024_H3N2,2024-12-08,6.0
A/Colorado/ISC-1416/2024_H3N2,2024-12-09,5.0
A/Colorado/ISC-1416/2024_H3N2,2024-12-10,6.0
A/Colorado/ISC-1416/2024_H3N2,2024-12-12,3.0
A/Colorado/ISC-1416/2024_H3N2,2024-12-13,2.0
A/Colorado/ISC-1416/2024_H3N2,2024-12-14,4.0
A/Colorado/ISC-1416/2024_H3N2,2024-12-15,1.0
A/Colorado/ISC-1416/2024_H3N2,2024-12-16,9.0
A/Colorado/ISC-1416/2024_H3N2,2024-12-17,7.0
A/Colorado/ISC-1416/2024_H3N2,2024-12-18,6.0
A/Colorado/ISC-1416/2024_H3N2,2024-12-19,7.0
A/Colorado/ISC-1416/2024_H3N2,2024-12-20,3.0
A/Colorado/ISC-1416/2024_H3N2,2024-12-21,2.0
A/Colorado/ISC-1416/2024_H3N2,2024-12-22,2.0
A/Colorado/ISC-1416/2024_H3N2,2024-12-23,1.0
A/Colorado/ISC-1416/2024_H3N2,2024-12-24,1.0
A/Colorado/ISC-1416/2024_H3N2,2024-12-25,3.0
A/Colorado/ISC-1416/2024_H3N2,2024-12-26,3.0
A/Colorado/ISC-1416/2024_H3N2,2024-12-27,3.0
A/Colorado/ISC-1416/2024_H3N2,2024-12-29,1.0
A/Colorado/ISC-1416/2024_H3N2,2024-12-30,1.0
A/Colorado/ISC-1416/2024_H3N2,2025-01-01,2.0
A/Colorado/ISC-1416/2024_H3N2,2025-01-02,2.0
A/Colorado/ISC-1416/2024_H3N2,2025-01-03,2.0
A/Colorado/ISC-1416/2024_H3N2,2025-01-04,1.0
A/Colorado/ISC-1416/2024_H3N2,2025-01-05,1.0
A/Colorado/ISC-1416/2024_H3N2,2025-01-07,3.0
A/Colorado/ISC-1416/2024_H3N2,2025-01-08,3.0
A/Colorado/ISC-1416/2024_H3N2,2025-01-09,1.0
A/Colorado/ISC-1416/2024_H3N2,2025-01-10,1.0
A/Colorado/ISC-1416/2024_H3N2,2025-01-11,1.0
A/Colorado/ISC-1416/2024_H3N2,2025-01-12,2.0
A/Colorado/ISC-1416/2024_H3N2,2025-01-13,1.0
A/Colorado/ISC-1416/2024_H3N2,2025-01-14,1.0
A/Colorado/ISC-1416/2024_H3N2,2025-01-15,0.5
A/Colorado/ISC-1416/2024_H3N2,2025-01-17,2.0
A/Colorado/ISC-1416/2024_H3N2,2025-01-18,1.0
A/Colorado/ISC-1416/2024_H3N2,2025-01-20,4.0
A/Colorado/ISC-1416/2024_H3N2,2025-01-21,6.0
A/Colorado/ISC-1416/2024_H3N2,2025-01-22,2.0
A/Colorado/ISC-1416/2024_H3N2,2025-01-23,2.0
A/Colorado/ISC-1416/2024_H3N2,2025-01-25,1.0
A/Colorado/ISC-1416/2024_H3N2,2025-01-27,2.0
A/Colorado/ISC-1416/2024_H3N2,2025-01-28,1.5
A/Colorado/ISC-1416/2024_H3N2,2025-01-29,2.0
A/Colorado/ISC-1416/2024_H3N2,2025-01-30,1.0
A/Colorado/ISC-1416/2024_H3N2,2025-01-31,2.0
A/Colorado/ISC-1416/2024_H3N2,2025-02-01,4.0
A/Colorado/ISC-1416/2024_H3N2,2025-02-03,0.5
A/Colorado/ISC-1416/2024_H3N2,2025-02-04,3.0
A/Colorado/ISC-1416/2024_H3N2,2025-02-08,2.0
A/Colorado/ISC-1416/2024_H3N2,2025-02-09,1.0
A/Colorado/ISC-1416/2024_H3N2,2025-02-10,1.0
A/Colorado/ISC-1416/2024_H3N2,2025-02-11,2.0
A/Colorado/ISC-1416/2024_H3N2,2025-02-17,1.0
A/Colorado/ISC-1416/2024_H3N2,2025-02-18,1.0
A/Colorado/ISC-1416/2024_H3N2,2025-02-20,1.0
A/Colorado/ISC-1416/2024_H3N2,2025-03-12,2.0
A/Colorado/ISC-1416/2024_H3N2,2025-03-13,1.0
A/Colorado/ISC-1416/2024_H3N2,2025-03-27,1.0
A/Colorado/ISC-1416/2024_H3N2,2025-03-29,1.0
A/Colorado/ISC-1416/2024_H3N2,2025-04-01,1.0
A/Colorado/ISC-1416/2024_H3N2,2025-04-04,1.0
A/CoteD'Ivoire/4448/2024_H3N2,2024-05-15,0.5
A/CoteD'Ivoire/4448/2024_H3N2,2024-07-15,1.0
A/CoteD'Ivoire/4448/2024_H3N2,2024-09-30,1.0
A/CoteD'Ivoire/4448/2024_H3N2,2024-10-01,1.0
A/CoteD'Ivoire/4448/2024_H3N2,2024-10-03,1.0
A/CoteD'Ivoire/4448/2024_H3N2,2024-10-07,1.0
A/CoteD'Ivoire/4448/2024_H3N2,2024-10-10,1.0
A/CoteD'Ivoire/4448/2024_H3N2,2024-10-11,1.0
A/CoteD'Ivoire/4448/2024_H3N2,2024-10-14,3.0
A/CoteD'Ivoire/4448/2024_H3N2,2024-10-17,1.0
A/CoteD'Ivoire/4448/2024_H3N2,2024-10-20,1.0
A/CoteD'Ivoire/4448/2024_H3N2,2024-10-21,1.0
A/CoteD'Ivoire/4448/2024_H3N2,2024-10-22,4.0
A/CoteD'Ivoire/4448/2024_H3N2,2024-10-24,3.0
A/CoteD'Ivoire/4448/2024_H3N2,2024-10-28,2.0
A/CoteD'Ivoire/4448/2024_H3N2,2024-10-29,2.0
A/CoteD'Ivoire/4448/2024_H3N2,2024-10-30,1.0
A/CoteD'Ivoire/4448/2024_H3N2,2024-11-04,3.0
A/CoteD'Ivoire/4448/2024_H3N2,2024-11-11,1.0
A/CoteD'Ivoire/4448/2024_H3N2,2024-11-12,1.0
A/CoteD'Ivoire/4448/2024_H3N2,2024-11-14,1.0
A/CoteD'Ivoire/4448/2024_H3N2,2024-12-06,1.0
A/CoteD'Ivoire/4448/2024_H3N2,2024-12-23,1.0
A/CoteD'Ivoire/4448/2024_H3N2,2025-01-17,1.0
A/CoteD'Ivoire/4448/2024_H3N2,2025-01-20,1.0
A/CoteD'Ivoire/4448/2024_H3N2,2025-01-30,1.0
A/CoteD'Ivoire/4448/2024_H3N2,2025-02-07,0.5
A/CoteD'Ivoire/4448/2024_H3N2,2025-06-19,1.0
A/DE/DE-DHSS-901/2025_(H3N2)_H3N2,2024-11-13,1.0
A/DE/DE-DHSS-901/2025_(H3N2)_H3N2,2024-11-18,2.0
A/DE/DE-DHSS-901/2025_(H3N2)_H3N2,2024-12-06,1.0
A/DE/DE-DHSS-901/2025_(H3N2)_H3N2,2024-12-09,1.0
A/DE/DE-DHSS-901/2025_(H3N2)_H3N2,2024-12-12,1.0
A/DE/DE-DHSS-901/2025_(H3N2)_H3N2,2024-12-14,1.0
A/DE/DE-DHSS-901/2025_(H3N2)_H3N2,2024-12-15,1.0
A/DE/DE-DHSS-901/2025_(H3N2)_H3N2,2024-12-17,1.0
A/DE/DE-DHSS-901/2025_(H3N2)_H3N2,2024-12-20,2.0
A/DE/DE-DHSS-901/2025_(H3N2)_H3N2,2024-12-23,3.0
A/DE/DE-DHSS-901/2025_(H3N2)_H3N2,2024-12-26,2.0
A/DE/DE-DHSS-901/2025_(H3N2)_H3N2,2024-12-27,1.0
A/DE/DE-DHSS-901/2025_(H3N2)_H3N2,2024-12-29,1.0
A/DE/DE-DHSS-901/2025_(H3N2)_H3N2,2024-12-31,1.0
A/DE/DE-DHSS-901/2025_(H3N2)_H3N2,2025-01-01,1.0
A/DE/DE-DHSS-901/2025_(H3N2)_H3N2,2025-01-02,1.0
A/DE/DE-DHSS-901/2025_(H3N2)_H3N2,2025-01-03,1.0
A/DE/DE-DHSS-901/2025_(H3N2)_H3N2,2025-01-05,1.0
A/DE/DE-DHSS-901/2025_(H3N2)_H3N2,2025-01-06,1.0
A/DE/DE-DHSS-901/2025_(H3N2)_H3N2,2025-01-08,2.0
A/DE/DE-DHSS-901/2025_(H3N2)_H3N2,2025-01-12,1.0
A/DE/DE-DHSS-901/2025_(H3N2)_H3N2,2025-01-13,2.0
A/DE/DE-DHSS-901/2025_(H3N2)_H3N2,2025-01-14,1.0
A/DE/DE-DHSS-901/2025_(H3N2)_H3N2,2025-01-15,3.0
A/DE/DE-DHSS-901/2025_(H3N2)_H3N2,2025-01-17,1.0
A/DE/DE-DHSS-901/2025_(H3N2)_H3N2,2025-01-24,3.0
A/DE/DE-DHSS-901/2025_(H3N2)_H3N2,2025-01-25,2.0
A/DE/DE-DHSS-901/2025_(H3N2)_H3N2,2025-01-26,1.0
A/DE/DE-DHSS-901/2025_(H3N2)_H3N2,2025-01-27,2.0
A/DE/DE-DHSS-901/2025_(H3N2)_H3N2,2025-01-28,4.0
A/DE/DE-DHSS-901/2025_(H3N2)_H3N2,2025-01-29,3.0
A/DE/DE-DHSS-901/2025_(H3N2)_H3N2,2025-01-30,4.0
A/DE/DE-DHSS-901/2025_(H3N2)_H3N2,2025-02-02,1.0
A/DE/DE-DHSS-901/2025_(H3N2)_H3N2,2025-02-03,2.0
A/DE/DE-DHSS-901/2025_(H3N2)_H3N2,2025-02-04,1.0
A/DE/DE-DHSS-901/2025_(H3N2)_H3N2,2025-02-05,1.0
A/DE/DE-DHSS-901/2025_(H3N2)_H3N2,2025-02-06,2.0
A/DE/DE-DHSS-901/2025_(H3N2)_H3N2,2025-02-07,1.0
A/DE/DE-DHSS-901/2025_(H3N2)_H3N2,2025-02-09,2.0
A/DE/DE-DHSS-901/2025_(H3N2)_H3N2,2025-02-10,3.0
A/DE/DE-DHSS-901/2025_(H3N2)_H3N2,2025-02-11,1.0
A/DE/DE-DHSS-901/2025_(H3N2)_H3N2,2025-02-12,1.0
A/DE/DE-DHSS-901/2025_(H3N2)_H3N2,2025-02-13,3.0
A/DE/DE-DHSS-901/2025_(H3N2)_H3N2,2025-02-17,3.0
A/DE/DE-DHSS-901/2025_(H3N2)_H3N2,2025-02-18,2.0
A/DE/DE-DHSS-901/2025_(H3N2)_H3N2,2025-02-19,4.0
A/DE/DE-DHSS-901/2025_(H3N2)_H3N2,2025-02-20,1.0
A/DE/DE-DHSS-901/2025_(H3N2)_H3N2,2025-02-21,1.0
A/DE/DE-DHSS-901/2025_(H3N2)_H3N2,2025-02-23,2.0
A/DE/DE-DHSS-901/2025_(H3N2)_H3N2,2025-02-24,1.0
A/DE/DE-DHSS-901/2025_(H3N2)_H3N2,2025-02-25,3.0
A/DE/DE-DHSS-901/2025_(H3N2)_H3N2,2025-02-26,1.0
A/DE/DE-DHSS-901/2025_(H3N2)_H3N2,2025-02-27,3.0
A/DE/DE-DHSS-901/2025_(H3N2)_H3N2,2025-02-28,1.0
A/DE/DE-DHSS-901/2025_(H3N2)_H3N2,2025-03-01,1.0
A/DE/DE-DHSS-901/2025_(H3N2)_H3N2,2025-03-04,1.0
A/DE/DE-DHSS-901/2025_(H3N2)_H3N2,2025-03-05,2.0
A/DE/DE-DHSS-901/2025_(H3N2)_H3N2,2025-03-06,1.0
A/DE/DE-DHSS-901/2025_(H3N2)_H3N2,2025-03-07,1.0
A/DE/DE-DHSS-901/2025_(H3N2)_H3N2,2025-03-09,1.0
A/DE/DE-DHSS-901/2025_(H3N2)_H3N2,2025-03-11,1.0
A/DE/DE-DHSS-901/2025_(H3N2)_H3N2,2025-03-12,1.0
A/DE/DE-DHSS-901/2025_(H3N2)_H3N2,2025-03-16,1.0
A/DE/DE-DHSS-901/2025_(H3N2)_H3N2,2025-03-17,1.0
A/DE/DE-DHSS-901/2025_(H3N2)_H3N2,2025-03-18,1.0
A/DE/DE-DHSS-901/2025_(H3N2)_H3N2,2025-03-19,1.0
A/DE/DE-DHSS-901/2025_(H3N2)_H3N2,2025-03-20,2.0
A/DE/DE-DHSS-901/2025_(H3N2)_H3N2,2025-03-21,2.0
A/DE/DE-DHSS-901/2025_(H3N2)_H3N2,2025-03-23,1.0
A/DE/DE-DHSS-901/2025_(H3N2)_H3N2,2025-03-24,1.0
A/DE/DE-DHSS-901/2025_(H3N2)_H3N2,2025-03-25,1.0
A/DE/DE-DHSS-901/2025_(H3N2)_H3N2,2025-03-26,1.0
A/DE/DE-DHSS-901/2025_(H3N2)_H3N2,2025-03-28,1.0
A/DE/DE-DHSS-901/2025_(H3N2)_H3N2,2025-03-30,2.0
A/DE/DE-DHSS-901/2025_(H3N2)_H3N2,2025-03-31,1.0
A/DE/DE-DHSS-901/2025_(H3N2)_H3N2,2025-04-06,1.0
A/DE/DE-DHSS-901/2025_(H3N2)_H3N2,2025-04-15,1.0
A/DE/DE-DHSS-901/2025_(H3N2)_H3N2,2025-05-05,1.0
A/DistrictOfColumbia/27/2023_H3N2,2024-04-28,2.3181818181818183
A/DistrictOfColumbia/27/2023_H3N2,2024-04-29,5.409090909090909
A/DistrictOfColumbia/27/2023_H3N2,2024-04-30,3.0606060606060606
A/DistrictOfColumbia/27/2023_H3N2,2024-05-01,2.1363636363636362
A/DistrictOfColumbia/27/2023_H3N2,2024-05-02,1.4545454545454546
A/DistrictOfColumbia/27/2023_H3N2,2024-05-03,1.4848484848484849
A/DistrictOfColumbia/27/2023_H3N2,2024-05-04,1.2272727272727273
A/DistrictOfColumbia/27/2023_H3N2,2024-05-05,1.7272727272727273
A/DistrictOfColumbia/27/2023_H3N2,2024-05-06,2.378787878787879
A/DistrictOfColumbia/27/2023_H3N2,2024-05-07,1.6818181818181819
A/DistrictOfColumbia/27/2023_H3N2,2024-05-08,2.909090909090909
A/DistrictOfColumbia/27/2023_H3N2,2024-05-09,1.0303030303030303
A/DistrictOfColumbia/27/2023_H3N2,2024-05-10,0.6363636363636364
A/DistrictOfColumbia/27/2023_H3N2,2024-05-11,1.5454545454545454
A/DistrictOfColumbia/27/2023_H3N2,2024-05-12,0.7727272727272727
A/DistrictOfColumbia/27/2023_H3N2,2024-05-13,2.409090909090909
A/DistrictOfColumbia/27/2023_H3N2,2024-05-14,1.9090909090909092
A/DistrictOfColumbia/27/2023_H3N2,2024-05-15,1.7575757575757576
A/DistrictOfColumbia/27/2023_H3N2,2024-05-16,0.8181818181818182
A/DistrictOfColumbia/27/2023_H3N2,2024-05-17,0.5454545454545454
A/DistrictOfColumbia/27/2023_H3N2,2024-05-18,0.8181818181818182
A/DistrictOfColumbia/27/2023_H3N2,2024-05-19,1.5454545454545454
A/DistrictOfColumbia/27/2023_H3N2,2024-05-20,1.5909090909090908
A/DistrictOfColumbia/27/2023_H3N2,2024-05-21,1.9545454545454546
A/DistrictOfColumbia/27/2023_H3N2,2024-05-22,1.0909090909090908
A/DistrictOfColumbia/27/2023_H3N2,2024-05-23,1.2575757575757576
A/DistrictOfColumbia/27/2023_H3N2,2024-05-24,1.893939393939394
A/DistrictOfColumbia/27/2023_H3N2,2024-05-25,0.7727272727272727
A/DistrictOfColumbia/27/2023_H3N2,2024-05-26,0.6818181818181819
A/DistrictOfColumbia/27/2023_H3N2,2024-05-27,1.4090909090909092
A/DistrictOfColumbia/27/2023_H3N2,2024-05-28,1.2727272727272727
A/DistrictOfColumbia/27/2023_H3N2,2024-05-29,2.378787878787879
A/DistrictOfColumbia/27/2023_H3N2,2024-05-30,1.2727272727272727
A/DistrictOfColumbia/27/2023_H3N2,2024-05-31,1.0378787878787878
A/DistrictOfColumbia/27/2023_H3N2,2024-06-01,0.6818181818181819
A/DistrictOfColumbia/27/2023_H3N2,2024-06-02,1.696969696969697
A/DistrictOfColumbia/27/2023_H3N2,2024-06-03,1.7121212121212122
A/DistrictOfColumbia/27/2023_H3N2,2024-06-04,1.2878787878787878
A/DistrictOfColumbia/27/2023_H3N2,2024-06-05,1.1363636363636365
A/DistrictOfColumbia/27/2023_H3N2,2024-06-06,0.25757575757575757
A/DistrictOfColumbia/27/2023_H3N2,2024-06-07,2.8333333333333335
A/DistrictOfColumbia/27/2023_H3N2,2024-06-08,0.3484848484848485
A/DistrictOfColumbia/27/2023_H3N2,2024-06-09,0.6818181818181818
A/DistrictOfColumbia/27/2023_H3N2,2024-06-10,1.9545454545454546
A/DistrictOfColumbia/27/2023_H3N2,2024-06-11,1.6212121212121213
A/DistrictOfColumbia/27/2023_H3N2,2024-06-12,1.4848484848484849
A/DistrictOfColumbia/27/2023_H3N2,2024-06-13,1.0909090909090908
A/DistrictOfColumbia/27/2023_H3N2,2024-06-14,0.5303030303030303
A/DistrictOfColumbia/27/2023_H3N2,2024-06-15,1.0151515151515151
A/DistrictOfColumbia/27/2023_H3N2,2024-06-16,1.106060606060606
A/DistrictOfColumbia/27/2023_H3N2,2024-06-17,1.878787878787879
A/DistrictOfColumbia/27/2023_H3N2,2024-06-18,2.196969696969697
A/DistrictOfColumbia/27/2023_H3N2,2024-06-19,1.7878787878787878
A/DistrictOfColumbia/27/2023_H3N2,2024-06-20,3.3636363636363633
A/DistrictOfColumbia/27/2023_H3N2,2024-06-21,0.6666666666666666
A/DistrictOfColumbia/27/2023_H3N2,2024-06-22,0.9242424242424243
A/DistrictOfColumbia/27/2023_H3N2,2024-06-23,0.16666666666666666
A/DistrictOfColumbia/27/2023_H3N2,2024-06-24,4.818181818181818
A/DistrictOfColumbia/27/2023_H3N2,2024-06-25,0.5303030303030303
A/DistrictOfColumbia/27/2023_H3N2,2024-06-26,1.0227272727272727
A/DistrictOfColumbia/27/2023_H3N2,2024-06-27,1.8636363636363638
A/DistrictOfColumbia/27/2023_H3N2,2024-06-28,0.9545454545454546
A/DistrictOfColumbia/27/2023_H3N2,2024-06-29,0.3333333333333333
A/DistrictOfColumbia/27/2023_H3N2,2024-06-30,0.4393939393939394
A/DistrictOfColumbia/27/2023_H3N2,2024-07-01,1.3636363636363638
A/DistrictOfColumbia/27/2023_H3N2,2024-07-02,2.1818181818181817
A/DistrictOfColumbia/27/2023_H3N2,2024-07-03,0.09090909090909091
A/DistrictOfColumbia/27/2023_H3N2,2024-07-04,0.8333333333333333
A/DistrictOfColumbia/27/2023_H3N2,2024-07-05,1.4393939393939394
A/DistrictOfColumbia/27/2023_H3N2,2024-07-06,0.8333333333333333
A/DistrictOfColumbia/27/2023_H3N2,2024-07-07,1.5909090909090908
A/DistrictOfColumbia/27/2023_H3N2,2024-07-08,1.4242424242424243
A/DistrictOfColumbia/27/2023_H3N2,2024-07-09,2.946969696969697
A/DistrictOfColumbia/27/2023_H3N2,2024-07-10,0.9393939393939393
A/DistrictOfColumbia/27/2023_H3N2,2024-07-11,1.1818181818181819
A/DistrictOfColumbia/27/2023_H3N2,2024-07-12,0.5151515151515151
A/DistrictOfColumbia/27/2023_H3N2,2024-07-13,0.5909090909090909
A/DistrictOfColumbia/27/2023_H3N2,2024-07-14,0.9242424242424242
A/DistrictOfColumbia/27/2023_H3N2,2024-07-15,1.6060606060606062
A/DistrictOfColumbia/27/2023_H3N2,2024-07-16,1.3636363636363635
A/DistrictOfColumbia/27/2023_H3N2,2024-07-17,1.9696969696969697
A/DistrictOfColumbia/27/2023_H3N2,2024-07-18,1.5303030303030303
A/DistrictOfColumbia/27/2023_H3N2,2024-07-19,1.7575757575757576
A/DistrictOfColumbia/27/2023_H3N2,2024-07-20,0.6666666666666666
A/DistrictOfColumbia/27/2023_H3N2,2024-07-21,0.5833333333333333
A/DistrictOfColumbia/27/2023_H3N2,2024-07-22,0.7727272727272727
A/DistrictOfColumbia/27/2023_H3N2,2024-07-23,1.3484848484848484
A/DistrictOfColumbia/27/2023_H3N2,2024-07-24,0.5
A/DistrictOfColumbia/27/2023_H3N2,2024-07-26,0.3484848484848485
A/DistrictOfColumbia/27/2023_H3N2,2024-07-27,0.5
A/DistrictOfColumbia/27/2023_H3N2,2024-07-28,0.09090909090909091
A/DistrictOfColumbia/27/2023_H3N2,2024-07-29,0.25757575757575757
A/DistrictOfColumbia/27/2023_H3N2,2024-07-30,0.9242424242424242
A/DistrictOfColumbia/27/2023_H3N2,2024-07-31,0.3484848484848485
A/DistrictOfColumbia/27/2023_H3N2,2024-08-01,1.5909090909090908
A/DistrictOfColumbia/27/2023_H3N2,2024-08-02,1.106060606060606
A/DistrictOfColumbia/27/2023_H3N2,2024-08-03,0.8484848484848485
A/DistrictOfColumbia/27/2023_H3N2,2024-08-04,1.3333333333333333
A/DistrictOfColumbia/27/2023_H3N2,2024-08-05,1.9393939393939394
A/DistrictOfColumbia/27/2023_H3N2,2024-08-06,1.1818181818181817
A/DistrictOfColumbia/27/2023_H3N2,2024-08-07,1.8484848484848484
A/DistrictOfColumbia/27/2023_H3N2,2024-08-08,0.3333333333333333
A/DistrictOfColumbia/27/2023_H3N2,2024-08-09,0.16666666666666666
A/DistrictOfColumbia/27/2023_H3N2,2024-08-10,0.18181818181818182
A/DistrictOfColumbia/27/2023_H3N2,2024-08-11,0.25757575757575757
A/DistrictOfColumbia/27/2023_H3N2,2024-08-12,0.5151515151515151
A/DistrictOfColumbia/27/2023_H3N2,2024-08-13,1.0
A/DistrictOfColumbia/27/2023_H3N2,2024-08-14,0.3333333333333333
A/DistrictOfColumbia/27/2023_H3N2,2024-08-15,0.16666666666666666
A/DistrictOfColumbia/27/2023_H3N2,2024-08-16,0.09090909090909091
A/DistrictOfColumbia/27/2023_H3N2,2024-08-17,0.5909090909090909
A/DistrictOfColumbia/27/2023_H3N2,2024-08-18,0.16666666666666666
A/DistrictOfColumbia/27/2023_H3N2,2024-08-19,0.16666666666666666
A/DistrictOfColumbia/27/2023_H3N2,2024-08-20,0.5075757575757576
A/DistrictOfColumbia/27/2023_H3N2,2024-08-21,0.6060606060606061
A/DistrictOfColumbia/27/2023_H3N2,2024-08-22,0.18181818181818182
A/DistrictOfColumbia/27/2023_H3N2,2024-08-23,0.5909090909090909
A/DistrictOfColumbia/27/2023_H3N2,2024-08-24,1.0
A/DistrictOfColumbia/27/2023_H3N2,2024-08-25,0.09090909090909091
A/DistrictOfColumbia/27/2023_H3N2,2024-08-26,0.4242424242424242
A/DistrictOfColumbia/27/2023_H3N2,2024-08-27,0.5909090909090909
A/DistrictOfColumbia/27/2023_H3N2,2024-08-28,1.0
A/DistrictOfColumbia/27/2023_H3N2,2024-08-29,0.5909090909090909
A/DistrictOfColumbia/27/2023_H3N2,2024-08-31,0.09090909090909091
A/DistrictOfColumbia/27/2023_H3N2,2024-09-01,0.16666666666666666
A/DistrictOfColumbia/27/2023_H3N2,2024-09-03,0.8333333333333333
A/DistrictOfColumbia/27/2023_H3N2,2024-09-04,1.8484848484848484
A/DistrictOfColumbia/27/2023_H3N2,2024-09-06,0.5
A/DistrictOfColumbia/27/2023_H3N2,2024-09-07,0.5
A/DistrictOfColumbia/27/2023_H3N2,2024-09-08,0.3333333333333333
A/DistrictOfColumbia/27/2023_H3N2,2024-09-09,0.5303030303030303
A/DistrictOfColumbia/27/2023_H3N2,2024-09-10,0.6666666666666666
A/DistrictOfColumbia/27/2023_H3N2,2024-09-12,1.0909090909090908
A/DistrictOfColumbia/27/2023_H3N2,2024-09-13,1.1666666666666667
A/DistrictOfColumbia/27/2023_H3N2,2024-09-14,0.16666666666666666
A/DistrictOfColumbia/27/2023_H3N2,2024-09-15,0.5
A/DistrictOfColumbia/27/2023_H3N2,2024-09-16,0.4318181818181818
A/DistrictOfColumbia/27/2023_H3N2,2024-09-17,0.09090909090909091
A/DistrictOfColumbia/27/2023_H3N2,2024-09-18,0.5
A/DistrictOfColumbia/27/2023_H3N2,2024-09-20,0.8333333333333333
A/DistrictOfColumbia/27/2023_H3N2,2024-09-21,0.5909090909090909
A/DistrictOfColumbia/27/2023_H3N2,2024-09-22,0.8333333333333333
A/DistrictOfColumbia/27/2023_H3N2,2024-09-23,1.1818181818181819
A/DistrictOfColumbia/27/2023_H3N2,2024-09-26,0.2727272727272727
A/DistrictOfColumbia/27/2023_H3N2,2024-09-27,2.1818181818181817
A/DistrictOfColumbia/27/2023_H3N2,2024-09-28,0.09090909090909091
A/DistrictOfColumbia/27/2023_H3N2,2024-09-29,0.5909090909090909
A/DistrictOfColumbia/27/2023_H3N2,2024-09-30,1.3484848484848486
A/DistrictOfColumbia/27/2023_H3N2,2024-10-01,1.5
A/DistrictOfColumbia/27/2023_H3N2,2024-10-02,2.1666666666666665
A/DistrictOfColumbia/27/2023_H3N2,2024-10-03,0.5909090909090909
A/DistrictOfColumbia/27/2023_H3N2,2024-10-04,2.272727272727273
A/DistrictOfColumbia/27/2023_H3N2,2024-10-05,0.5
A/DistrictOfColumbia/27/2023_H3N2,2024-10-07,0.18181818181818182
A/DistrictOfColumbia/27/2023_H3N2,2024-10-08,1.0
A/DistrictOfColumbia/27/2023_H3N2,2024-10-10,2.0
A/DistrictOfColumbia/27/2023_H3N2,2024-10-11,0.16666666666666666
A/DistrictOfColumbia/27/2023_H3N2,2024-10-13,0.5
A/DistrictOfColumbia/27/2023_H3N2,2024-10-14,2.1818181818181817
A/DistrictOfColumbia/27/2023_H3N2,2024-10-15,1.8333333333333333
A/DistrictOfColumbia/27/2023_H3N2,2024-10-16,1.0
A/DistrictOfColumbia/27/2023_H3N2,2024-10-17,2.257575757575758
A/DistrictOfColumbia/27/2023_H3N2,2024-10-18,1.0909090909090908
A/DistrictOfColumbia/27/2023_H3N2,2024-10-19,0.09090909090909091
A/DistrictOfColumbia/27/2023_H3N2,2024-10-20,0.5
A/DistrictOfColumbia/27/2023_H3N2,2024-10-21,0.3333333333333333
A/DistrictOfColumbia/27/2023_H3N2,2024-10-22,2.090909090909091
A/DistrictOfColumbia/27/2023_H3N2,2024-10-24,0.8333333333333333
A/DistrictOfColumbia/27/2023_H3N2,2024-10-25,0.5
A/DistrictOfColumbia/27/2023_H3N2,2024-10-28,0.5909090909090909
A/DistrictOfColumbia/27/2023_H3N2,2024-10-29,0.16666666666666666
A/DistrictOfColumbia/27/2023_H3N2,2024-10-30,0.25
A/DistrictOfColumbia/27/2023_H3N2,2024-10-31,1.0909090909090908
A/DistrictOfColumbia/27/2023_H3N2,2024-11-01,1.5909090909090908
A/DistrictOfColumbia/27/2023_H3N2,2024-11-02,1.1818181818181819
A/DistrictOfColumbia/27/2023_H3N2,2024-11-03,1.0909090909090908
A/DistrictOfColumbia/27/2023_H3N2,2024-11-04,0.7575757575757576
A/DistrictOfColumbia/27/2023_H3N2,2024-11-05,0.16666666666666666
A/DistrictOfColumbia/27/2023_H3N2,2024-11-06,1.25
A/DistrictOfColumbia/27/2023_H3N2,2024-11-07,1.6818181818181819
A/DistrictOfColumbia/27/2023_H3N2,2024-11-08,2.4166666666666665
A/DistrictOfColumbia/27/2023_H3N2,2024-11-09,0.4242424242424242
A/DistrictOfColumbia/27/2023_H3N2,2024-11-10,2.0
A/DistrictOfColumbia/27/2023_H3N2,2024-11-11,0.75
A/DistrictOfColumbia/27/2023_H3N2,2024-11-12,3.6818181818181817
A/DistrictOfColumbia/27/2023_H3N2,2024-11-13,0.5909090909090909
A/DistrictOfColumbia/27/2023_H3N2,2024-11-14,0.3333333333333333
A/DistrictOfColumbia/27/2023_H3N2,2024-11-15,3.5
A/DistrictOfColumbia/27/2023_H3N2,2024-11-16,0.9242424242424242
A/DistrictOfColumbia/27/2023_H3N2,2024-11-17,1.2575757575757576
A/DistrictOfColumbia/27/2023_H3N2,2024-11-18,0.5
A/DistrictOfColumbia/27/2023_H3N2,2024-11-19,0.5
A/DistrictOfColumbia/27/2023_H3N2,2024-11-20,2.4242424242424243
A/DistrictOfColumbia/27/2023_H3N2,2024-11-21,3.757575757575758
A/DistrictOfColumbia/27/2023_H3N2,2024-11-22,1.6818181818181819
A/DistrictOfColumbia/27/2023_H3N2,2024-11-23,1.0
A/DistrictOfColumbia/27/2023_H3N2,2024-11-24,0.5
A/DistrictOfColumbia/27/2023_H3N2,2024-11-25,2.3333333333333335
A/DistrictOfColumbia/27/2023_H3N2,2024-11-26,3.3333333333333335
A/DistrictOfColumbia/27/2023_H3N2,2024-11-27,1.5
A/DistrictOfColumbia/27/2023_H3N2,2024-11-28,0.5
A/DistrictOfColumbia/27/2023_H3N2,2024-11-29,1.8409090909090908
A/DistrictOfColumbia/27/2023_H3N2,2024-11-30,3.333333333333333
A/DistrictOfColumbia/27/2023_H3N2,2024-12-01,2.5
A/DistrictOfColumbia/27/2023_H3N2,2024-12-02,2.0
A/DistrictOfColumbia/27/2023_H3N2,2024-12-03,1.7575757575757576
A/DistrictOfColumbia/27/2023_H3N2,2024-12-04,1.0
A/DistrictOfColumbia/27/2023_H3N2,2024-12-06,0.5
A/DistrictOfColumbia/27/2023_H3N2,2024-12-07,0.8333333333333333
A/DistrictOfColumbia/27/2023_H3N2,2024-12-08,2.0
A/DistrictOfColumbia/27/2023_H3N2,2024-12-09,3.833333333333333
A/DistrictOfColumbia/27/2023_H3N2,2024-12-10,1.0
A/DistrictOfColumbia/27/2023_H3N2,2024-12-11,5.257575757575758
A/DistrictOfColumbia/27/2023_H3N2,2024-12-12,5.0
A/DistrictOfColumbia/27/2023_H3N2,2024-12-13,2.0
A/DistrictOfColumbia/27/2023_H3N2,2024-12-14,3.5
A/DistrictOfColumbia/27/2023_H3N2,2024-12-15,2.0
A/DistrictOfColumbia/27/2023_H3N2,2024-12-16,6.583333333333333
A/DistrictOfColumbia/27/2023_H3N2,2024-12-17,2.6666666666666665
A/DistrictOfColumbia/27/2023_H3N2,2024-12-18,2.5
A/DistrictOfColumbia/27/2023_H3N2,2024-12-19,4.583333333333333
A/DistrictOfColumbia/27/2023_H3N2,2024-12-20,3.9242424242424243
A/DistrictOfColumbia/27/2023_H3N2,2024-12-21,2.5
A/DistrictOfColumbia/27/2023_H3N2,2024-12-22,2.0
A/DistrictOfColumbia/27/2023_H3N2,2024-12-23,2.9318181818181817
A/DistrictOfColumbia/27/2023_H3N2,2024-12-24,5.25
A/DistrictOfColumbia/27/2023_H3N2,2024-12-25,5.833333333333333
A/DistrictOfColumbia/27/2023_H3N2,2024-12-26,5.0
A/DistrictOfColumbia/27/2023_H3N2,2024-12-27,2.333333333333333
A/DistrictOfColumbia/27/2023_H3N2,2024-12-28,5.25
A/DistrictOfColumbia/27/2023_H3N2,2024-12-29,3.5
A/DistrictOfColumbia/27/2023_H3N2,2024-12-30,8.75
A/DistrictOfColumbia/27/2023_H3N2,2024-12-31,5.666666666666667
A/DistrictOfColumbia/27/2023_H3N2,2025-01-01,2.25
A/DistrictOfColumbia/27/2023_H3N2,2025-01-02,7.257575757575758
A/DistrictOfColumbia/27/2023_H3N2,2025-01-03,2.2575757575757573
A/DistrictOfColumbia/27/2023_H3N2,2025-01-04,2.5
A/DistrictOfColumbia/27/2023_H3N2,2025-01-05,3.25
A/DistrictOfColumbia/27/2023_H3N2,2025-01-06,8.0
A/DistrictOfColumbia/27/2023_H3N2,2025-01-07,3.5
A/DistrictOfColumbia/27/2023_H3N2,2025-01-08,4.840909090909091
A/DistrictOfColumbia/27/2023_H3N2,2025-01-09,3.507575757575758
A/DistrictOfColumbia/27/2023_H3N2,2025-01-10,4.916666666666667
A/DistrictOfColumbia/27/2023_H3N2,2025-01-11,2.5
A/DistrictOfColumbia/27/2023_H3N2,2025-01-12,2.0
A/DistrictOfColumbia/27/2023_H3N2,2025-01-13,6.416666666666667
A/DistrictOfColumbia/27/2023_H3N2,2025-01-14,6.840909090909091
A/DistrictOfColumbia/27/2023_H3N2,2025-01-15,4.590909090909091
A/DistrictOfColumbia/27/2023_H3N2,2025-01-16,4.5
A/DistrictOfColumbia/27/2023_H3N2,2025-01-17,3.340909090909091
A/DistrictOfColumbia/27/2023_H3N2,2025-01-18,1.25
A/DistrictOfColumbia/27/2023_H3N2,2025-01-19,2.5
A/DistrictOfColumbia/27/2023_H3N2,2025-01-20,6.515151515151516
A/DistrictOfColumbia/27/2023_H3N2,2025-01-21,4.416666666666666
A/DistrictOfColumbia/27/2023_H3N2,2025-01-22,4.416666666666667
A/DistrictOfColumbia/27/2023_H3N2,2025-01-23,5.25
A/DistrictOfColumbia/27/2023_H3N2,2025-01-24,3.4242424242424243
A/DistrictOfColumbia/27/2023_H3N2,2025-01-25,4.674242424242424
A/DistrictOfColumbia/27/2023_H3N2,2025-01-26,3.0
A/DistrictOfColumbia/27/2023_H3N2,2025-01-27,8.666666666666666
A/DistrictOfColumbia/27/2023_H3N2,2025-01-28,7.333333333333333
A/DistrictOfColumbia/27/2023_H3N2,2025-01-29,5.5
A/DistrictOfColumbia/27/2023_H3N2,2025-01-30,8.166666666666666
A/DistrictOfColumbia/27/2023_H3N2,2025-01-31,6.25
A/DistrictOfColumbia/27/2023_H3N2,2025-02-01,2.5
A/DistrictOfColumbia/27/2023_H3N2,2025-02-02,3.8333333333333335
A/DistrictOfColumbia/27/2023_H3N2,2025-02-03,9.257575757575758
A/DistrictOfColumbia/27/2023_H3N2,2025-02-04,7.416666666666667
A/DistrictOfColumbia/27/2023_H3N2,2025-02-05,9.5
A/DistrictOfColumbia/27/2023_H3N2,2025-02-06,5.0
A/DistrictOfColumbia/27/2023_H3N2,2025-02-07,6.333333333333333
A/DistrictOfColumbia/27/2023_H3N2,2025-02-08,3.0
A/DistrictOfColumbia/27/2023_H3N2,2025-02-09,2.75
A/DistrictOfColumbia/27/2023_H3N2,2025-02-10,6.931818181818182
A/DistrictOfColumbia/27/2023_H3N2,2025-02-11,10.5
A/DistrictOfColumbia/27/2023_H3N2,2025-02-12,4.174242424242424
A/DistrictOfColumbia/27/2023_H3N2,2025-02-13,5.25
A/DistrictOfColumbia/27/2023_H3N2,2025-02-14,1.8333333333333333
A/DistrictOfColumbia/27/2023_H3N2,2025-02-15,3.25
A/DistrictOfColumbia/27/2023_H3N2,2025-02-16,2.583333333333333
A/DistrictOfColumbia/27/2023_H3N2,2025-02-17,3.583333333333333
A/DistrictOfColumbia/27/2023_H3N2,2025-02-18,4.333333333333333
A/DistrictOfColumbia/27/2023_H3N2,2025-02-19,3.583333333333333
A/DistrictOfColumbia/27/2023_H3N2,2025-02-20,5.0
A/DistrictOfColumbia/27/2023_H3N2,2025-02-21,2.5
A/DistrictOfColumbia/27/2023_H3N2,2025-02-22,1.3333333333333333
A/DistrictOfColumbia/27/2023_H3N2,2025-02-23,0.8333333333333333
A/DistrictOfColumbia/27/2023_H3N2,2025-02-24,3.4166666666666665
A/DistrictOfColumbia/27/2023_H3N2,2025-02-25,3.0833333333333335
A/DistrictOfColumbia/27/2023_H3N2,2025-02-26,3.0
A/DistrictOfColumbia/27/2023_H3N2,2025-02-27,1.25
A/DistrictOfColumbia/27/2023_H3N2,2025-02-28,1.3333333333333333
A/DistrictOfColumbia/27/2023_H3N2,2025-03-01,0.75
A/DistrictOfColumbia/27/2023_H3N2,2025-03-02,1.6666666666666665
A/DistrictOfColumbia/27/2023_H3N2,2025-03-03,1.8333333333333333
A/DistrictOfColumbia/27/2023_H3N2,2025-03-04,1.5909090909090908
A/DistrictOfColumbia/27/2023_H3N2,2025-03-05,2.75
A/DistrictOfColumbia/27/2023_H3N2,2025-03-06,1.5909090909090908
A/DistrictOfColumbia/27/2023_H3N2,2025-03-07,2.5
A/DistrictOfColumbia/27/2023_H3N2,2025-03-08,0.25
A/DistrictOfColumbia/27/2023_H3N2,2025-03-09,1.75
A/DistrictOfColumbia/27/2023_H3N2,2025-03-10,1.5
A/DistrictOfColumbia/27/2023_H3N2,2025-03-11,2.5
A/DistrictOfColumbia/27/2023_H3N2,2025-03-12,2.333333333333333
A/DistrictOfColumbia/27/2023_H3N2,2025-03-13,1.5
A/DistrictOfColumbia/27/2023_H3N2,2025-03-14,1.75
A/DistrictOfColumbia/27/2023_H3N2,2025-03-16,0.75
A/DistrictOfColumbia/27/2023_H3N2,2025-03-17,1.5833333333333333
A/DistrictOfColumbia/27/2023_H3N2,2025-03-18,1.75
A/DistrictOfColumbia/27/2023_H3N2,2025-03-19,0.25
A/DistrictOfColumbia/27/2023_H3N2,2025-03-20,0.5
A/DistrictOfColumbia/27/2023_H3N2,2025-03-21,1.0
A/DistrictOfColumbia/27/2023_H3N2,2025-03-22,1.0
A/DistrictOfColumbia/27/2023_H3N2,2025-03-23,0.5
A/DistrictOfColumbia/27/2023_H3N2,2025-03-24,0.25
A/DistrictOfColumbia/27/2023_H3N2,2025-03-25,0.25
A/DistrictOfColumbia/27/2023_H3N2,2025-03-26,0.16666666666666666
A/DistrictOfColumbia/27/2023_H3N2,2025-03-27,1.5
A/DistrictOfColumbia/27/2023_H3N2,2025-03-29,1.1742424242424243
A/DistrictOfColumbia/27/2023_H3N2,2025-03-30,0.5
A/DistrictOfColumbia/27/2023_H3N2,2025-03-31,1.0
A/DistrictOfColumbia/27/2023_H3N2,2025-04-01,0.5833333333333333
A/DistrictOfColumbia/27/2023_H3N2,2025-04-03,0.25
A/DistrictOfColumbia/27/2023_H3N2,2025-04-04,0.5
A/DistrictOfColumbia/27/2023_H3N2,2025-04-06,0.5
A/DistrictOfColumbia/27/2023_H3N2,2025-04-07,0.3333333333333333
A/DistrictOfColumbia/27/2023_H3N2,2025-04-09,0.3333333333333333
A/DistrictOfColumbia/27/2023_H3N2,2025-04-11,0.5
A/DistrictOfColumbia/27/2023_H3N2,2025-04-12,1.0
A/DistrictOfColumbia/27/2023_H3N2,2025-04-13,0.5
A/DistrictOfColumbia/27/2023_H3N2,2025-04-15,0.5
A/DistrictOfColumbia/27/2023_H3N2,2025-04-16,1.0
A/DistrictOfColumbia/27/2023_H3N2,2025-04-18,0.25
A/DistrictOfColumbia/27/2023_H3N2,2025-04-21,0.3333333333333333
A/DistrictOfColumbia/27/2023_H3N2,2025-04-28,0.3333333333333333
A/DistrictOfColumbia/27/2023_H3N2,2025-04-29,0.3333333333333333
A/DistrictOfColumbia/27/2023_H3N2,2025-05-02,0.3333333333333333
A/DistrictOfColumbia/27/2023_H3N2,2025-05-04,0.3333333333333333
A/DistrictOfColumbia/27/2023_H3N2,2025-05-07,0.6666666666666666
A/DistrictOfColumbia/27/2023_H3N2,2025-05-09,0.3333333333333333
A/DistrictOfColumbia/27/2023_H3N2,2025-05-14,0.6666666666666666
A/DistrictOfColumbia/27/2023_H3N2,2025-05-17,0.3333333333333333
A/DistrictOfColumbia/27/2023_H3N2,2025-05-20,0.6666666666666666
A/DistrictOfColumbia/27/2023_H3N2,2025-05-21,0.3333333333333333
A/DistrictOfColumbia/27/2023_H3N2,2025-05-27,0.3333333333333333
A/DistrictOfColumbia/27/2023_H3N2,2025-06-04,0.4242424242424242
A/DistrictOfColumbia/27/2023_H3N2,2025-08-16,0.3333333333333333
A/Ecuador/1385/2024_H3N2,2024-05-15,0.3333333333333333
A/Ecuador/1385/2024_H3N2,2024-10-31,0.3333333333333333
A/Ecuador/1385/2024_H3N2,2024-11-23,0.3333333333333333
A/Ecuador/1385/2024_H3N2,2024-11-30,0.3333333333333333
A/Ecuador/1385/2024_H3N2,2024-12-03,1.0
A/Ecuador/1385/2024_H3N2,2024-12-31,0.3333333333333333
A/Ecuador/1385/2024_H3N2,2025-01-02,0.3333333333333333
A/Ecuador/1385/2024_H3N2,2025-01-06,0.3333333333333333
A/Ecuador/1385/2024_H3N2,2025-01-08,0.3333333333333333
A/Ecuador/1385/2024_H3N2,2025-01-13,0.3333333333333333
A/Ecuador/1385/2024_H3N2,2025-01-15,0.6666666666666666
A/Ecuador/1385/2024_H3N2,2025-01-16,0.3333333333333333
A/Ecuador/1385/2024_H3N2,2025-01-19,0.3333333333333333
A/Ecuador/1385/2024_H3N2,2025-01-23,0.3333333333333333
A/Ecuador/1385/2024_H3N2,2025-01-25,0.3333333333333333
A/Ecuador/1385/2024_H3N2,2025-01-27,0.3333333333333333
A/Ecuador/1385/2024_H3N2,2025-01-30,0.3333333333333333
A/Ecuador/1385/2024_H3N2,2025-02-05,0.3333333333333333
A/Ecuador/1385/2024_H3N2,2025-02-06,0.3333333333333333
A/Ecuador/1385/2024_H3N2,2025-02-07,0.3333333333333333
A/Ecuador/1385/2024_H3N2,2025-02-08,0.3333333333333333
A/Ecuador/1385/2024_H3N2,2025-02-09,0.3333333333333333
A/Ecuador/1385/2024_H3N2,2025-02-10,0.3333333333333333
A/Ecuador/1385/2024_H3N2,2025-02-12,0.6666666666666666
A/Ecuador/1385/2024_H3N2,2025-02-13,0.3333333333333333
A/Ecuador/1385/2024_H3N2,2025-02-18,0.6666666666666666
A/Ecuador/1385/2024_H3N2,2025-02-20,0.3333333333333333
A/Ecuador/1385/2024_H3N2,2025-02-24,0.6666666666666666
A/Ecuador/1385/2024_H3N2,2025-02-25,0.3333333333333333
A/Ecuador/1385/2024_H3N2,2025-02-28,0.3333333333333333
A/Ecuador/1385/2024_H3N2,2025-03-02,0.3333333333333333
A/Ecuador/1385/2024_H3N2,2025-03-07,0.3333333333333333
A/Ecuador/1385/2024_H3N2,2025-03-23,0.3333333333333333
A/Ecuador/1385/2024_H3N2,2025-04-03,0.3333333333333333
A/Ecuador/1385/2024_H3N2,2025-04-04,0.3333333333333333
A/Ecuador/1385/2024_H3N2,2025-04-05,0.3333333333333333
A/Ecuador/1385/2024_H3N2,2025-04-08,0.6666666666666666
A/Ecuador/1385/2024_H3N2,2025-04-11,0.3333333333333333
A/Ecuador/1385/2024_H3N2,2025-04-17,0.3333333333333333
A/Ecuador/1385/2024_H3N2,2025-05-19,0.3333333333333333
A/Florida/ISC-1241/2025_H3N2,2024-06-17,0.5
A/Florida/ISC-1241/2025_H3N2,2024-12-10,1.0
A/Florida/ISC-1241/2025_H3N2,2024-12-17,1.0
A/Florida/ISC-1241/2025_H3N2,2024-12-28,1.0
A/Florida/ISC-1241/2025_H3N2,2025-01-11,1.0
A/Florida/ISC-1241/2025_H3N2,2025-01-13,1.0
A/Florida/ISC-1241/2025_H3N2,2025-01-18,1.0
A/Florida/ISC-1241/2025_H3N2,2025-02-03,1.0
A/Florida/ISC-1241/2025_H3N2,2025-02-04,1.0
A/Florida/ISC-1241/2025_H3N2,2025-02-11,1.0
A/Florida/ISC-1241/2025_H3N2,2025-02-24,1.0
A/Florida/ISC-1241/2025_H3N2,2025-03-11,1.0
A/Florida/ISC-1241/2025_H3N2,2025-03-14,1.0
A/Florida/ISC-1241/2025_H3N2,2025-03-16,1.0
A/Florida/ISC-1241/2025_H3N2,2025-03-25,1.0
A/France/ARA-RELAB-HCL025017178801/2025_H3N2,2024-05-16,0.5
A/France/ARA-RELAB-HCL025017178801/2025_H3N2,2024-06-28,0.5
A/France/ARA-RELAB-HCL025017178801/2025_H3N2,2024-07-02,0.5
A/France/ARA-RELAB-HCL025017178801/2025_H3N2,2024-07-10,0.5
A/France/ARA-RELAB-HCL025017178801/2025_H3N2,2024-07-12,0.5
A/France/ARA-RELAB-HCL025017178801/2025_H3N2,2024-08-20,0.5
A/France/ARA-RELAB-HCL025017178801/2025_H3N2,2024-08-21,0.5
A/France/ARA-RELAB-HCL025017178801/2025_H3N2,2024-09-14,0.5
A/France/ARA-RELAB-HCL025017178801/2025_H3N2,2024-11-13,0.5
A/France/ARA-RELAB-HCL025017178801/2025_H3N2,2024-11-18,0.5
A/France/ARA-RELAB-HCL025017178801/2025_H3N2,2024-12-12,0.5
A/France/ARA-RELAB-HCL025017178801/2025_H3N2,2024-12-17,0.5
A/France/ARA-RELAB-HCL025017178801/2025_H3N2,2024-12-28,1.0
A/France/ARA-RELAB-HCL025017178801/2025_H3N2,2025-01-02,2.0
A/France/ARA-RELAB-HCL025017178801/2025_H3N2,2025-01-03,0.5
A/France/ARA-RELAB-HCL025017178801/2025_H3N2,2025-01-05,0.5
A/France/ARA-RELAB-HCL025017178801/2025_H3N2,2025-01-06,1.5
A/France/ARA-RELAB-HCL025017178801/2025_H3N2,2025-01-07,0.5
A/France/ARA-RELAB-HCL025017178801/2025_H3N2,2025-01-09,0.5
A/France/ARA-RELAB-HCL025017178801/2025_H3N2,2025-01-13,1.5
A/France/ARA-RELAB-HCL025017178801/2025_H3N2,2025-01-14,1.5
A/France/ARA-RELAB-HCL025017178801/2025_H3N2,2025-01-15,1.0
A/France/ARA-RELAB-HCL025017178801/2025_H3N2,2025-01-16,1.5
A/France/ARA-RELAB-HCL025017178801/2025_H3N2,2025-01-17,3.0
A/France/ARA-RELAB-HCL025017178801/2025_H3N2,2025-01-19,1.0
A/France/ARA-RELAB-HCL025017178801/2025_H3N2,2025-01-20,0.5
A/France/ARA-RELAB-HCL025017178801/2025_H3N2,2025-01-21,1.5
A/France/ARA-RELAB-HCL025017178801/2025_H3N2,2025-01-24,1.0
A/France/ARA-RELAB-HCL025017178801/2025_H3N2,2025-01-25,0.5
A/France/ARA-RELAB-HCL025017178801/2025_H3N2,2025-01-26,0.5
A/France/ARA-RELAB-HCL025017178801/2025_H3N2,2025-01-27,1.0
A/France/ARA-RELAB-HCL025017178801/2025_H3N2,2025-01-30,2.0
A/France/ARA-RELAB-HCL025017178801/2025_H3N2,2025-02-01,0.5
A/France/ARA-RELAB-HCL025017178801/2025_H3N2,2025-02-03,2.5
A/France/ARA-RELAB-HCL025017178801/2025_H3N2,2025-02-04,0.5
A/France/ARA-RELAB-HCL025017178801/2025_H3N2,2025-02-05,1.0
A/France/ARA-RELAB-HCL025017178801/2025_H3N2,2025-02-07,3.0
A/France/ARA-RELAB-HCL025017178801/2025_H3N2,2025-02-09,1.0
A/France/ARA-RELAB-HCL025017178801/2025_H3N2,2025-02-10,0.5
A/France/ARA-RELAB-HCL025017178801/2025_H3N2,2025-02-11,0.5
A/France/ARA-RELAB-HCL025017178801/2025_H3N2,2025-02-12,1.0
A/France/ARA-RELAB-HCL025017178801/2025_H3N2,2025-02-13,3.0
A/France/ARA-RELAB-HCL025017178801/2025_H3N2,2025-02-14,1.5
A/France/ARA-RELAB-HCL025017178801/2025_H3N2,2025-02-16,0.5
A/France/ARA-RELAB-HCL025017178801/2025_H3N2,2025-02-17,0.5
A/France/ARA-RELAB-HCL025017178801/2025_H3N2,2025-02-18,1.0
A/France/ARA-RELAB-HCL025017178801/2025_H3N2,2025-02-19,1.0
A/France/ARA-RELAB-HCL025017178801/2025_H3N2,2025-02-21,1.0
A/France/ARA-RELAB-HCL025017178801/2025_H3N2,2025-02-23,1.0
A/France/ARA-RELAB-HCL025017178801/2025_H3N2,2025-02-24,0.5
A/France/ARA-RELAB-HCL025017178801/2025_H3N2,2025-02-25,0.5
A/France/ARA-RELAB-HCL025017178801/2025_H3N2,2025-03-05,0.5
A/France/ARA-RELAB-HCL025017178801/2025_H3N2,2025-03-06,2.5
A/France/ARA-RELAB-HCL025017178801/2025_H3N2,2025-03-08,1.0
A/France/ARA-RELAB-HCL025017178801/2025_H3N2,2025-03-11,1.0
A/France/ARA-RELAB-HCL025017178801/2025_H3N2,2025-03-12,3.0
A/France/ARA-RELAB-HCL025017178801/2025_H3N2,2025-03-15,1.0
A/France/ARA-RELAB-HCL025017178801/2025_H3N2,2025-03-17,1.0
A/France/ARA-RELAB-HCL025017178801/2025_H3N2,2025-03-24,0.5
A/France/ARA-RELAB-HCL025017178801/2025_H3N2,2025-03-31,1.0
A/France/ARA-RELAB-HCL025017178801/2025_H3N2,2025-04-07,1.0
A/France/ARA-RELAB-HCL025017178801/2025_H3N2,2025-04-14,1.0
A/France/ARA-RELAB-HCL025017178801/2025_H3N2,2025-06-01,1.0
A/France/ARA-RELAB-HCL025017178801/2025_H3N2,2025-06-16,0.5
A/France/ARA-RELAB-HCL025017178801/2025_H3N2,2025-07-06,0.5
A/France/BRE-IPP01880/2025_H3N2,2024-05-17,0.5
A/France/BRE-IPP01880/2025_H3N2,2024-06-18,0.5
A/France/BRE-IPP01880/2025_H3N2,2025-01-06,1.0
A/France/BRE-IPP01880/2025_H3N2,2025-01-14,1.0
A/France/BRE-IPP01880/2025_H3N2,2025-01-15,1.0
A/France/BRE-IPP01880/2025_H3N2,2025-01-17,1.0
A/France/BRE-IPP01880/2025_H3N2,2025-01-20,1.0
A/France/BRE-IPP01880/2025_H3N2,2025-01-29,1.0
A/France/BRE-IPP01880/2025_H3N2,2025-02-01,1.0
A/France/BRE-IPP01880/2025_H3N2,2025-02-10,1.0
A/France/BRE-IPP01880/2025_H3N2,2025-02-18,1.0
A/France/BRE-IPP01880/2025_H3N2,2025-02-21,1.0
A/France/BRE-IPP01880/2025_H3N2,2025-02-26,1.0
A/France/BRE-IPP01880/2025_H3N2,2025-03-01,1.0
A/France/BRE-IPP01880/2025_H3N2,2025-03-02,1.0
A/France/BRE-IPP01880/2025_H3N2,2025-03-10,1.0
A/France/BRE-IPP01880/2025_H3N2,2025-03-17,1.0
A/France/BRE-IPP01880/2025_H3N2,2025-03-27,1.0
A/France/BRE-IPP01880/2025_H3N2,2025-03-29,1.0
A/France/BRE-IPP01880/2025_H3N2,2025-03-31,1.0
A/France/PAC-RELAB-HCL024172122101/2024_H3N2,2024-09-26,1.0
A/France/PAC-RELAB-HCL024172122101/2024_H3N2,2024-10-06,1.0
A/France/PAC-RELAB-HCL024172122101/2024_H3N2,2024-10-12,1.0
A/France/PAC-RELAB-HCL024172122101/2024_H3N2,2024-10-15,1.0
A/France/PAC-RELAB-HCL024172122101/2024_H3N2,2024-10-17,1.0
A/France/PAC-RELAB-HCL024172122101/2024_H3N2,2024-10-22,1.0
A/France/PAC-RELAB-HCL024172122101/2024_H3N2,2024-10-23,2.0
A/France/PAC-RELAB-HCL024172122101/2024_H3N2,2024-10-26,1.0
A/France/PAC-RELAB-HCL024172122101/2024_H3N2,2024-10-28,1.0
A/France/PAC-RELAB-HCL024172122101/2024_H3N2,2024-10-30,1.0
A/France/PAC-RELAB-HCL024172122101/2024_H3N2,2024-11-03,2.0
A/France/PAC-RELAB-HCL024172122101/2024_H3N2,2024-11-05,1.0
A/France/PAC-RELAB-HCL024172122101/2024_H3N2,2024-11-06,2.0
A/France/PAC-RELAB-HCL024172122101/2024_H3N2,2024-11-10,1.0
A/France/PAC-RELAB-HCL024172122101/2024_H3N2,2024-11-11,1.0
A/France/PAC-RELAB-HCL024172122101/2024_H3N2,2024-11-12,2.0
A/France/PAC-RELAB-HCL024172122101/2024_H3N2,2024-11-14,3.0
A/France/PAC-RELAB-HCL024172122101/2024_H3N2,2024-11-15,2.0
A/France/PAC-RELAB-HCL024172122101/2024_H3N2,2024-11-16,1.0
A/France/PAC-RELAB-HCL024172122101/2024_H3N2,2024-11-20,1.0
A/France/PAC-RELAB-HCL024172122101/2024_H3N2,2024-11-22,1.0
A/France/PAC-RELAB-HCL024172122101/2024_H3N2,2024-11-25,1.0
A/France/PAC-RELAB-HCL024172122101/2024_H3N2,2024-11-27,1.0
A/France/PAC-RELAB-HCL024172122101/2024_H3N2,2024-11-28,1.0
A/France/PAC-RELAB-HCL024172122101/2024_H3N2,2024-11-29,1.0
A/France/PAC-RELAB-HCL024172122101/2024_H3N2,2024-12-03,1.0
A/France/PAC-RELAB-HCL024172122101/2024_H3N2,2024-12-04,1.0
A/France/PAC-RELAB-HCL024172122101/2024_H3N2,2024-12-05,1.0
A/France/PAC-RELAB-HCL024172122101/2024_H3N2,2024-12-06,1.0
A/France/PAC-RELAB-HCL024172122101/2024_H3N2,2024-12-08,2.0
A/France/PAC-RELAB-HCL024172122101/2024_H3N2,2024-12-09,2.0
A/France/PAC-RELAB-HCL024172122101/2024_H3N2,2024-12-10,1.0
A/France/PAC-RELAB-HCL024172122101/2024_H3N2,2024-12-11,3.0
A/France/PAC-RELAB-HCL024172122101/2024_H3N2,2024-12-12,2.0
A/France/PAC-RELAB-HCL024172122101/2024_H3N2,2024-12-13,3.0
A/France/PAC-RELAB-HCL024172122101/2024_H3N2,2024-12-15,1.0
A/France/PAC-RELAB-HCL024172122101/2024_H3N2,2024-12-16,5.0
A/France/PAC-RELAB-HCL024172122101/2024_H3N2,2024-12-17,4.0
A/France/PAC-RELAB-HCL024172122101/2024_H3N2,2024-12-18,3.0
A/France/PAC-RELAB-HCL024172122101/2024_H3N2,2024-12-19,1.0
A/France/PAC-RELAB-HCL024172122101/2024_H3N2,2024-12-20,2.0
A/France/PAC-RELAB-HCL024172122101/2024_H3N2,2024-12-21,1.0
A/France/PAC-RELAB-HCL024172122101/2024_H3N2,2024-12-22,1.0
A/France/PAC-RELAB-HCL024172122101/2024_H3N2,2024-12-23,2.0
A/France/PAC-RELAB-HCL024172122101/2024_H3N2,2024-12-26,1.0
A/France/PAC-RELAB-HCL024172122101/2024_H3N2,2024-12-27,6.0
A/France/PAC-RELAB-HCL024172122101/2024_H3N2,2024-12-28,2.0
A/France/PAC-RELAB-HCL024172122101/2024_H3N2,2024-12-29,2.0
A/France/PAC-RELAB-HCL024172122101/2024_H3N2,2024-12-30,10.0
A/France/PAC-RELAB-HCL024172122101/2024_H3N2,2024-12-31,4.0
A/France/PAC-RELAB-HCL024172122101/2024_H3N2,2025-01-01,2.0
A/France/PAC-RELAB-HCL024172122101/2024_H3N2,2025-01-02,6.0
A/France/PAC-RELAB-HCL024172122101/2024_H3N2,2025-01-03,7.0
A/France/PAC-RELAB-HCL024172122101/2024_H3N2,2025-01-04,5.0
A/France/PAC-RELAB-HCL024172122101/2024_H3N2,2025-01-05,4.0
A/France/PAC-RELAB-HCL024172122101/2024_H3N2,2025-01-06,6.0
A/France/PAC-RELAB-HCL024172122101/2024_H3N2,2025-01-07,5.0
A/France/PAC-RELAB-HCL024172122101/2024_H3N2,2025-01-08,5.0
A/France/PAC-RELAB-HCL024172122101/2024_H3N2,2025-01-09,3.0
A/France/PAC-RELAB-HCL024172122101/2024_H3N2,2025-01-10,5.0
A/France/PAC-RELAB-HCL024172122101/2024_H3N2,2025-01-11,1.0
A/France/PAC-RELAB-HCL024172122101/2024_H3N2,2025-01-12,1.0
A/France/PAC-RELAB-HCL024172122101/2024_H3N2,2025-01-13,5.0
A/France/PAC-RELAB-HCL024172122101/2024_H3N2,2025-01-14,2.0
A/France/PAC-RELAB-HCL024172122101/2024_H3N2,2025-01-15,6.0
A/France/PAC-RELAB-HCL024172122101/2024_H3N2,2025-01-16,6.0
A/France/PAC-RELAB-HCL024172122101/2024_H3N2,2025-01-17,5.0
A/France/PAC-RELAB-HCL024172122101/2024_H3N2,2025-01-18,2.0
A/France/PAC-RELAB-HCL024172122101/2024_H3N2,2025-01-19,4.0
A/France/PAC-RELAB-HCL024172122101/2024_H3N2,2025-01-20,3.0
A/France/PAC-RELAB-HCL024172122101/2024_H3N2,2025-01-21,11.0
A/France/PAC-RELAB-HCL024172122101/2024_H3N2,2025-01-22,6.0
A/France/PAC-RELAB-HCL024172122101/2024_H3N2,2025-01-23,7.0
A/France/PAC-RELAB-HCL024172122101/2024_H3N2,2025-01-24,6.0
A/France/PAC-RELAB-HCL024172122101/2024_H3N2,2025-01-25,1.0
A/France/PAC-RELAB-HCL024172122101/2024_H3N2,2025-01-26,2.0
A/France/PAC-RELAB-HCL024172122101/2024_H3N2,2025-01-27,15.0
A/France/PAC-RELAB-HCL024172122101/2024_H3N2,2025-01-28,10.0
A/France/PAC-RELAB-HCL024172122101/2024_H3N2,2025-01-29,10.0
A/France/PAC-RELAB-HCL024172122101/2024_H3N2,2025-01-30,8.0
A/France/PAC-RELAB-HCL024172122101/2024_H3N2,2025-01-31,4.0
A/France/PAC-RELAB-HCL024172122101/2024_H3N2,2025-02-01,3.0
A/France/PAC-RELAB-HCL024172122101/2024_H3N2,2025-02-02,2.0
A/France/PAC-RELAB-HCL024172122101/2024_H3N2,2025-02-03,6.0
A/France/PAC-RELAB-HCL024172122101/2024_H3N2,2025-02-04,9.0
A/France/PAC-RELAB-HCL024172122101/2024_H3N2,2025-02-05,8.0
A/France/PAC-RELAB-HCL024172122101/2024_H3N2,2025-02-06,6.0
A/France/PAC-RELAB-HCL024172122101/2024_H3N2,2025-02-07,3.0
A/France/PAC-RELAB-HCL024172122101/2024_H3N2,2025-02-08,5.0
A/France/PAC-RELAB-HCL024172122101/2024_H3N2,2025-02-09,1.0
A/France/PAC-RELAB-HCL024172122101/2024_H3N2,2025-02-10,7.0
A/France/PAC-RELAB-HCL024172122101/2024_H3N2,2025-02-11,11.0
A/France/PAC-RELAB-HCL024172122101/2024_H3N2,2025-02-12,3.0
A/France/PAC-RELAB-HCL024172122101/2024_H3N2,2025-02-13,3.0
A/France/PAC-RELAB-HCL024172122101/2024_H3N2,2025-02-14,9.0
A/France/PAC-RELAB-HCL024172122101/2024_H3N2,2025-02-15,1.0
A/France/PAC-RELAB-HCL024172122101/2024_H3N2,2025-02-16,3.0
A/France/PAC-RELAB-HCL024172122101/2024_H3N2,2025-02-17,9.0
A/France/PAC-RELAB-HCL024172122101/2024_H3N2,2025-02-18,9.5
A/France/PAC-RELAB-HCL024172122101/2024_H3N2,2025-02-19,9.0
A/France/PAC-RELAB-HCL024172122101/2024_H3N2,2025-02-20,7.0
A/France/PAC-RELAB-HCL024172122101/2024_H3N2,2025-02-21,1.0
A/France/PAC-RELAB-HCL024172122101/2024_H3N2,2025-02-22,7.0
A/France/PAC-RELAB-HCL024172122101/2024_H3N2,2025-02-23,2.0
A/France/PAC-RELAB-HCL024172122101/2024_H3N2,2025-02-24,5.0
A/France/PAC-RELAB-HCL024172122101/2024_H3N2,2025-02-25,7.0
A/France/PAC-RELAB-HCL024172122101/2024_H3N2,2025-02-26,7.5
A/France/PAC-RELAB-HCL024172122101/2024_H3N2,2025-02-27,3.0
A/France/PAC-RELAB-HCL024172122101/2024_H3N2,2025-02-28,9.0
A/France/PAC-RELAB-HCL024172122101/2024_H3N2,2025-03-02,2.0
A/France/PAC-RELAB-HCL024172122101/2024_H3N2,2025-03-03,8.0
A/France/PAC-RELAB-HCL024172122101/2024_H3N2,2025-03-04,5.0
A/France/PAC-RELAB-HCL024172122101/2024_H3N2,2025-03-05,2.0
A/France/PAC-RELAB-HCL024172122101/2024_H3N2,2025-03-06,4.5
A/France/PAC-RELAB-HCL024172122101/2024_H3N2,2025-03-07,6.5
A/France/PAC-RELAB-HCL024172122101/2024_H3N2,2025-03-08,3.0
A/France/PAC-RELAB-HCL024172122101/2024_H3N2,2025-03-09,0.5
A/France/PAC-RELAB-HCL024172122101/2024_H3N2,2025-03-10,5.0
A/France/PAC-RELAB-HCL024172122101/2024_H3N2,2025-03-11,7.0
A/France/PAC-RELAB-HCL024172122101/2024_H3N2,2025-03-12,7.0
A/France/PAC-RELAB-HCL024172122101/2024_H3N2,2025-03-13,2.0
A/France/PAC-RELAB-HCL024172122101/2024_H3N2,2025-03-14,4.0
A/France/PAC-RELAB-HCL024172122101/2024_H3N2,2025-03-15,2.0
A/France/PAC-RELAB-HCL024172122101/2024_H3N2,2025-03-16,3.0
A/France/PAC-RELAB-HCL024172122101/2024_H3N2,2025-03-17,11.0
A/France/PAC-RELAB-HCL024172122101/2024_H3N2,2025-03-18,4.0
A/France/PAC-RELAB-HCL024172122101/2024_H3N2,2025-03-19,2.0
A/France/PAC-RELAB-HCL024172122101/2024_H3N2,2025-03-20,3.0
A/France/PAC-RELAB-HCL024172122101/2024_H3N2,2025-03-21,3.0
A/France/PAC-RELAB-HCL024172122101/2024_H3N2,2025-03-22,1.0
A/France/PAC-RELAB-HCL024172122101/2024_H3N2,2025-03-24,4.0
A/France/PAC-RELAB-HCL024172122101/2024_H3N2,2025-03-25,5.0
A/France/PAC-RELAB-HCL024172122101/2024_H3N2,2025-03-27,4.0
A/France/PAC-RELAB-HCL024172122101/2024_H3N2,2025-03-28,2.0
A/France/PAC-RELAB-HCL024172122101/2024_H3N2,2025-03-31,2.0
A/France/PAC-RELAB-HCL024172122101/2024_H3N2,2025-04-01,2.0
A/France/PAC-RELAB-HCL024172122101/2024_H3N2,2025-04-02,2.0
A/France/PAC-RELAB-HCL024172122101/2024_H3N2,2025-04-04,4.0
A/France/PAC-RELAB-HCL024172122101/2024_H3N2,2025-04-07,1.0
A/France/PAC-RELAB-HCL024172122101/2024_H3N2,2025-04-08,2.0
A/France/PAC-RELAB-HCL024172122101/2024_H3N2,2025-04-10,4.0
A/France/PAC-RELAB-HCL024172122101/2024_H3N2,2025-04-11,3.5
A/France/PAC-RELAB-HCL024172122101/2024_H3N2,2025-04-14,2.0
A/France/PAC-RELAB-HCL024172122101/2024_H3N2,2025-04-15,1.0
A/France/PAC-RELAB-HCL024172122101/2024_H3N2,2025-04-18,1.0
A/France/PAC-RELAB-HCL024172122101/2024_H3N2,2025-04-20,1.0
A/France/PAC-RELAB-HCL024172122101/2024_H3N2,2025-04-21,1.0
A/France/PAC-RELAB-HCL024172122101/2024_H3N2,2025-04-22,1.0
A/France/PAC-RELAB-HCL024172122101/2024_H3N2,2025-04-23,1.0
A/France/PAC-RELAB-HCL024172122101/2024_H3N2,2025-04-24,2.0
A/France/PAC-RELAB-HCL024172122101/2024_H3N2,2025-04-25,1.0
A/France/PAC-RELAB-HCL024172122101/2024_H3N2,2025-04-28,1.0
A/France/PAC-RELAB-HCL024172122101/2024_H3N2,2025-04-29,1.0
A/France/PAC-RELAB-HCL024172122101/2024_H3N2,2025-05-09,1.0
A/France/PAC-RELAB-HCL024172122101/2024_H3N2,2025-05-12,1.0
A/France/PAC-RELAB-HCL024172122101/2024_H3N2,2025-05-17,1.0
A/France/PAC-RELAB-HCL024172122101/2024_H3N2,2025-05-29,1.0
A/Ghana/FS-25-0256/2025_H3N2,2024-09-09,1.0
A/Ghana/FS-25-0256/2025_H3N2,2024-11-20,0.5
A/Ghana/FS-25-0256/2025_H3N2,2024-11-22,0.5
A/Ghana/FS-25-0256/2025_H3N2,2024-11-28,1.0
A/Ghana/FS-25-0256/2025_H3N2,2024-11-29,1.0
A/Ghana/FS-25-0256/2025_H3N2,2024-12-05,1.0
A/Ghana/FS-25-0256/2025_H3N2,2024-12-11,1.0
A/Ghana/FS-25-0256/2025_H3N2,2024-12-16,1.0
A/Ghana/FS-25-0256/2025_H3N2,2024-12-20,0.5
A/Ghana/FS-25-0256/2025_H3N2,2025-01-08,1.0
A/Ghana/FS-25-0256/2025_H3N2,2025-01-13,0.5
A/Ghana/FS-25-0256/2025_H3N2,2025-01-21,1.5
A/India/Pune-NIV24_3439/2024_H3N2,2024-06-25,0.3333333333333333
A/India/Pune-NIV24_3439/2024_H3N2,2024-07-26,0.3333333333333333
A/India/Pune-NIV24_3439/2024_H3N2,2024-08-01,0.3333333333333333
A/India/Pune-NIV24_3439/2024_H3N2,2024-08-14,0.3333333333333333
A/India/Pune-NIV24_3439/2024_H3N2,2024-08-15,0.3333333333333333
A/India/Pune-NIV24_3439/2024_H3N2,2024-08-17,0.3333333333333333
A/India/Pune-NIV24_3439/2024_H3N2,2024-08-19,0.3333333333333333
A/India/Pune-NIV24_3439/2024_H3N2,2024-08-29,0.3333333333333333
A/India/Pune-NIV24_3439/2024_H3N2,2024-09-02,0.6666666666666666
A/India/Pune-NIV24_3439/2024_H3N2,2024-09-04,0.3333333333333333
A/India/Pune-NIV24_3439/2024_H3N2,2024-09-12,0.3333333333333333
A/India/Pune-NIV24_3439/2024_H3N2,2024-09-14,0.6666666666666666
A/India/Pune-NIV24_3439/2024_H3N2,2024-09-15,0.3333333333333333
A/India/Pune-NIV24_3439/2024_H3N2,2024-09-17,0.3333333333333333
A/India/Pune-NIV24_3439/2024_H3N2,2024-09-18,1.3333333333333333
A/India/Pune-NIV24_3439/2024_H3N2,2024-09-20,1.0
A/India/Pune-NIV24_3439/2024_H3N2,2024-09-24,0.6666666666666666
A/India/Pune-NIV24_3439/2024_H3N2,2024-09-30,0.3333333333333333
A/India/Pune-NIV24_3439/2024_H3N2,2024-10-01,0.6666666666666666
A/India/Pune-NIV24_3439/2024_H3N2,2024-10-04,0.6666666666666666
A/India/Pune-NIV24_3439/2024_H3N2,2024-10-05,0.3333333333333333
A/India/Pune-NIV24_3439/2024_H3N2,2024-10-08,0.3333333333333333
A/India/Pune-NIV24_3439/2024_H3N2,2024-10-10,1.6666666666666665
A/India/Pune-NIV24_3439/2024_H3N2,2024-10-11,0.6666666666666666
A/India/Pune-NIV24_3439/2024_H3N2,2024-10-13,0.3333333333333333
A/India/Pune-NIV24_3439/2024_H3N2,2024-10-18,0.3333333333333333
A/India/Pune-NIV24_3439/2024_H3N2,2024-10-20,0.3333333333333333
A/India/Pune-NIV24_3439/2024_H3N2,2024-10-27,0.6666666666666666
A/India/Pune-NIV24_3439/2024_H3N2,2024-10-28,0.6666666666666666
A/India/Pune-NIV24_3439/2024_H3N2,2024-10-30,0.6666666666666666
A/India/Pune-NIV24_3439/2024_H3N2,2024-10-31,0.3333333333333333
A/India/Pune-NIV24_3439/2024_H3N2,2024-11-01,0.3333333333333333
A/India/Pune-NIV24_3439/2024_H3N2,2024-11-02,0.6666666666666666
A/India/Pune-NIV24_3439/2024_H3N2,2024-11-07,0.6666666666666666
A/India/Pune-NIV24_3439/2024_H3N2,2024-11-08,1.0
A/India/Pune-NIV24_3439/2024_H3N2,2024-11-12,0.3333333333333333
A/India/Pune-NIV24_3439/2024_H3N2,2024-11-18,0.6666666666666666
A/India/Pune-NIV24_3439/2024_H3N2,2024-11-20,0.6666666666666666
A/India/Pune-NIV24_3439/2024_H3N2,2024-11-21,0.3333333333333333
A/India/Pune-NIV24_3439/2024_H3N2,2024-11-25,1.6666666666666665
A/India/Pune-NIV24_3439/2024_H3N2,2024-11-26,0.3333333333333333
A/India/Pune-NIV24_3439/2024_H3N2,2024-11-28,1.0
A/India/Pune-NIV24_3439/2024_H3N2,2024-11-30,0.3333333333333333
A/India/Pune-NIV24_3439/2024_H3N2,2024-12-02,0.3333333333333333
A/India/Pune-NIV24_3439/2024_H3N2,2024-12-03,0.3333333333333333
A/India/Pune-NIV24_3439/2024_H3N2,2024-12-04,0.6666666666666666
A/India/Pune-NIV24_3439/2024_H3N2,2024-12-13,0.6666666666666666
A/India/Pune-NIV24_3439/2024_H3N2,2024-12-19,0.3333333333333333
A/India/Pune-NIV24_3439/2024_H3N2,2024-12-23,0.3333333333333333
A/India/Pune-NIV24_3439/2024_H3N2,2024-12-24,1.0
A/India/Pune-NIV24_3439/2024_H3N2,2025-01-01,0.3333333333333333
A/India/Pune-NIV24_3439/2024_H3N2,2025-01-04,0.3333333333333333
A/India/Pune-NIV24_3439/2024_H3N2,2025-01-07,0.3333333333333333
A/India/Pune-NIV24_3439/2024_H3N2,2025-01-08,0.6666666666666666
A/India/Pune-NIV24_3439/2024_H3N2,2025-01-09,0.3333333333333333
A/India/Pune-NIV24_3439/2024_H3N2,2025-01-10,0.3333333333333333
A/India/Pune-NIV24_3439/2024_H3N2,2025-01-14,0.3333333333333333
A/India/Pune-NIV24_3439/2024_H3N2,2025-01-27,0.3333333333333333
A/India/Pune-NIV24_3439/2024_H3N2,2025-01-28,0.3333333333333333
A/India/Pune-NIV24_3439/2024_H3N2,2025-02-02,0.3333333333333333
A/India/Pune-NIV24_3439/2024_H3N2,2025-02-03,0.3333333333333333
A/India/Pune-NIV24_3439/2024_H3N2,2025-02-04,0.6666666666666666
A/India/Pune-NIV24_3439/2024_H3N2,2025-02-06,0.3333333333333333
A/India/Pune-NIV24_3439/2024_H3N2,2025-02-10,0.3333333333333333
A/India/Pune-NIV24_3439/2024_H3N2,2025-02-13,0.6666666666666666
A/India/Pune-NIV24_3439/2024_H3N2,2025-02-14,0.3333333333333333
A/India/Pune-NIV24_3439/2024_H3N2,2025-02-17,0.3333333333333333
A/India/Pune-NIV24_3439/2024_H3N2,2025-03-03,0.3333333333333333
A/India/Pune-NIV24_3439/2024_H3N2,2025-03-06,0.3333333333333333
A/India/Pune-NIV24_3439/2024_H3N2,2025-03-10,0.3333333333333333
A/India/Pune-NIV24_3439/2024_H3N2,2025-03-11,0.3333333333333333
A/India/Pune-NIV24_3439/2024_H3N2,2025-03-27,0.3333333333333333
A/India/Pune-NIV24_3439/2024_H3N2,2025-04-18,0.3333333333333333
A/India/Pune-NIV24_3439/2024_H3N2,2025-05-12,0.3333333333333333
A/Indiana/46/2024_H3N2,2024-05-03,0.16666666666666666
A/Indiana/46/2024_H3N2,2024-05-08,0.5
A/Indiana/46/2024_H3N2,2024-05-09,0.16666666666666666
A/Indiana/46/2024_H3N2,2024-05-15,1.1666666666666667
A/Indiana/46/2024_H3N2,2024-05-23,0.16666666666666666
A/Indiana/46/2024_H3N2,2024-05-24,0.16666666666666666
A/Indiana/46/2024_H3N2,2024-05-27,1.0
A/Indiana/46/2024_H3N2,2024-05-28,1.0
A/Indiana/46/2024_H3N2,2024-05-29,1.0
A/Indiana/46/2024_H3N2,2024-06-02,0.3333333333333333
A/Indiana/46/2024_H3N2,2024-06-03,0.16666666666666666
A/Indiana/46/2024_H3N2,2024-06-04,0.3333333333333333
A/Indiana/46/2024_H3N2,2024-06-06,0.16666666666666666
A/Indiana/46/2024_H3N2,2024-06-07,0.3333333333333333
A/Indiana/46/2024_H3N2,2024-06-08,0.16666666666666666
A/Indiana/46/2024_H3N2,2024-06-09,0.5
A/Indiana/46/2024_H3N2,2024-06-10,0.5
A/Indiana/46/2024_H3N2,2024-06-11,0.3333333333333333
A/Indiana/46/2024_H3N2,2024-06-14,0.16666666666666666
A/Indiana/46/2024_H3N2,2024-06-15,0.3333333333333333
A/Indiana/46/2024_H3N2,2024-06-18,2.3333333333333335
A/Indiana/46/2024_H3N2,2024-06-20,0.16666666666666666
A/Indiana/46/2024_H3N2,2024-06-21,0.16666666666666666
A/Indiana/46/2024_H3N2,2024-06-22,0.3333333333333333
A/Indiana/46/2024_H3N2,2024-06-23,0.16666666666666666
A/Indiana/46/2024_H3N2,2024-06-24,0.6666666666666666
A/Indiana/46/2024_H3N2,2024-06-25,0.16666666666666666
A/Indiana/46/2024_H3N2,2024-06-26,1.0
A/Indiana/46/2024_H3N2,2024-06-28,0.16666666666666666
A/Indiana/46/2024_H3N2,2024-06-30,0.16666666666666666
A/Indiana/46/2024_H3N2,2024-07-01,1.0
A/Indiana/46/2024_H3N2,2024-07-02,0.5
A/Indiana/46/2024_H3N2,2024-07-03,2.0
A/Indiana/46/2024_H3N2,2024-07-04,0.3333333333333333
A/Indiana/46/2024_H3N2,2024-07-05,1.1666666666666667
A/Indiana/46/2024_H3N2,2024-07-06,2.3333333333333335
A/Indiana/46/2024_H3N2,2024-07-07,2.0
A/Indiana/46/2024_H3N2,2024-07-08,1.3333333333333333
A/Indiana/46/2024_H3N2,2024-07-09,2.3333333333333335
A/Indiana/46/2024_H3N2,2024-07-10,4.666666666666667
A/Indiana/46/2024_H3N2,2024-07-11,2.1666666666666665
A/Indiana/46/2024_H3N2,2024-07-12,1.3333333333333333
A/Indiana/46/2024_H3N2,2024-07-13,1.0
A/Indiana/46/2024_H3N2,2024-07-14,0.3333333333333333
A/Indiana/46/2024_H3N2,2024-07-15,11.166666666666666
A/Indiana/46/2024_H3N2,2024-07-16,2.5
A/Indiana/46/2024_H3N2,2024-07-17,7.333333333333333
A/Indiana/46/2024_H3N2,2024-07-18,3.6666666666666665
A/Indiana/46/2024_H3N2,2024-07-19,3.3333333333333335
A/Indiana/46/2024_H3N2,2024-07-20,1.1666666666666667
A/Indiana/46/2024_H3N2,2024-07-21,1.3333333333333333
A/Indiana/46/2024_H3N2,2024-07-22,2.5
A/Indiana/46/2024_H3N2,2024-07-23,1.1666666666666667
A/Indiana/46/2024_H3N2,2024-07-24,3.5
A/Indiana/46/2024_H3N2,2024-07-25,1.0
A/Indiana/46/2024_H3N2,2024-07-26,3.166666666666667
A/Indiana/46/2024_H3N2,2024-07-27,0.16666666666666666
A/Indiana/46/2024_H3N2,2024-07-28,3.0
A/Indiana/46/2024_H3N2,2024-07-29,2.166666666666667
A/Indiana/46/2024_H3N2,2024-07-30,3.333333333333333
A/Indiana/46/2024_H3N2,2024-07-31,1.1666666666666667
A/Indiana/46/2024_H3N2,2024-08-01,8.5
A/Indiana/46/2024_H3N2,2024-08-02,4.333333333333333
A/Indiana/46/2024_H3N2,2024-08-03,1.1666666666666667
A/Indiana/46/2024_H3N2,2024-08-04,1.3333333333333333
A/Indiana/46/2024_H3N2,2024-08-05,9.166666666666666
A/Indiana/46/2024_H3N2,2024-08-06,3.0
A/Indiana/46/2024_H3N2,2024-08-07,8.666666666666666
A/Indiana/46/2024_H3N2,2024-08-08,2.3333333333333335
A/Indiana/46/2024_H3N2,2024-08-09,3.166666666666667
A/Indiana/46/2024_H3N2,2024-08-11,4.166666666666667
A/Indiana/46/2024_H3N2,2024-08-12,15.333333333333334
A/Indiana/46/2024_H3N2,2024-08-13,3.0
A/Indiana/46/2024_H3N2,2024-08-14,5.0
A/Indiana/46/2024_H3N2,2024-08-15,2.1666666666666665
A/Indiana/46/2024_H3N2,2024-08-16,2.0
A/Indiana/46/2024_H3N2,2024-08-17,2.0
A/Indiana/46/2024_H3N2,2024-08-18,3.1666666666666665
A/Indiana/46/2024_H3N2,2024-08-19,8.166666666666666
A/Indiana/46/2024_H3N2,2024-08-20,3.1666666666666665
A/Indiana/46/2024_H3N2,2024-08-21,4.333333333333333
A/Indiana/46/2024_H3N2,2024-08-22,4.0
A/Indiana/46/2024_H3N2,2024-08-23,3.0
A/Indiana/46/2024_H3N2,2024-08-24,2.0
A/Indiana/46/2024_H3N2,2024-08-26,0.3333333333333333
A/Indiana/46/2024_H3N2,2024-08-27,2.0
A/Indiana/46/2024_H3N2,2024-08-29,5.0
A/Indiana/46/2024_H3N2,2024-08-30,2.0
A/Indiana/46/2024_H3N2,2024-08-31,1.0
A/Indiana/46/2024_H3N2,2024-09-01,2.1666666666666665
A/Indiana/46/2024_H3N2,2024-09-02,3.0
A/Indiana/46/2024_H3N2,2024-09-03,1.3333333333333335
A/Indiana/46/2024_H3N2,2024-09-04,4.833333333333333
A/Indiana/46/2024_H3N2,2024-09-05,3.0
A/Indiana/46/2024_H3N2,2024-09-06,1.0
A/Indiana/46/2024_H3N2,2024-09-07,3.0
A/Indiana/46/2024_H3N2,2024-09-08,2.3333333333333335
A/Indiana/46/2024_H3N2,2024-09-09,0.16666666666666666
A/Indiana/46/2024_H3N2,2024-09-10,1.1666666666666667
A/Indiana/46/2024_H3N2,2024-09-11,2.0
A/Indiana/46/2024_H3N2,2024-09-13,0.16666666666666666
A/Indiana/46/2024_H3N2,2024-09-14,0.16666666666666666
A/Indiana/46/2024_H3N2,2024-09-15,2.0
A/Indiana/46/2024_H3N2,2024-09-16,1.0
A/Indiana/46/2024_H3N2,2024-09-17,1.0
A/Indiana/46/2024_H3N2,2024-09-18,1.0
A/Indiana/46/2024_H3N2,2024-09-20,1.3333333333333333
A/Indiana/46/2024_H3N2,2024-09-21,1.0
A/Indiana/46/2024_H3N2,2024-09-22,0.3333333333333333
A/Indiana/46/2024_H3N2,2024-09-23,3.0
A/Indiana/46/2024_H3N2,2024-09-25,1.0
A/Indiana/46/2024_H3N2,2024-09-26,4.0
A/Indiana/46/2024_H3N2,2024-09-27,1.0
A/Indiana/46/2024_H3N2,2024-09-30,1.1666666666666667
A/Indiana/46/2024_H3N2,2024-10-01,2.0
A/Indiana/46/2024_H3N2,2024-10-02,0.16666666666666666
A/Indiana/46/2024_H3N2,2024-10-03,7.0
A/Indiana/46/2024_H3N2,2024-10-04,2.0
A/Indiana/46/2024_H3N2,2024-10-07,1.0
A/Indiana/46/2024_H3N2,2024-10-08,1.0
A/Indiana/46/2024_H3N2,2024-10-09,1.0
A/Indiana/46/2024_H3N2,2024-10-11,0.16666666666666666
A/Indiana/46/2024_H3N2,2024-10-14,3.0
A/Indiana/46/2024_H3N2,2024-10-17,0.16666666666666666
A/Indiana/46/2024_H3N2,2024-10-18,2.0
A/Indiana/46/2024_H3N2,2024-10-20,1.0
A/Indiana/46/2024_H3N2,2024-10-24,1.0
A/Indiana/46/2024_H3N2,2024-10-25,1.0
A/Indiana/46/2024_H3N2,2024-10-26,2.0
A/Indiana/46/2024_H3N2,2024-10-27,1.0
A/Indiana/46/2024_H3N2,2024-10-28,2.0
A/Indiana/46/2024_H3N2,2024-10-29,0.16666666666666666
A/Indiana/46/2024_H3N2,2024-10-30,3.0
A/Indiana/46/2024_H3N2,2024-10-31,2.0
A/Indiana/46/2024_H3N2,2024-11-01,1.0
A/Indiana/46/2024_H3N2,2024-11-03,2.0
A/Indiana/46/2024_H3N2,2024-11-04,3.1666666666666665
A/Indiana/46/2024_H3N2,2024-11-05,2.0
A/Indiana/46/2024_H3N2,2024-11-06,5.0
A/Indiana/46/2024_H3N2,2024-11-07,0.6666666666666666
A/Indiana/46/2024_H3N2,2024-11-08,0.16666666666666666
A/Indiana/46/2024_H3N2,2024-11-10,1.0
A/Indiana/46/2024_H3N2,2024-11-11,2.1666666666666665
A/Indiana/46/2024_H3N2,2024-11-12,2.1666666666666665
A/Indiana/46/2024_H3N2,2024-11-13,2.0
A/Indiana/46/2024_H3N2,2024-11-14,1.3333333333333333
A/Indiana/46/2024_H3N2,2024-11-15,0.16666666666666666
A/Indiana/46/2024_H3N2,2024-11-17,1.1666666666666667
A/Indiana/46/2024_H3N2,2024-11-18,1.0
A/Indiana/46/2024_H3N2,2024-11-19,2.1666666666666665
A/Indiana/46/2024_H3N2,2024-11-20,3.0
A/Indiana/46/2024_H3N2,2024-11-23,1.0
A/Indiana/46/2024_H3N2,2024-11-26,0.16666666666666666
A/Indiana/46/2024_H3N2,2024-11-29,1.1666666666666667
A/Indiana/46/2024_H3N2,2024-12-02,2.0
A/Indiana/46/2024_H3N2,2024-12-03,1.0
A/Indiana/46/2024_H3N2,2024-12-08,0.16666666666666666
A/Indiana/46/2024_H3N2,2024-12-17,1.0
A/Indiana/46/2024_H3N2,2024-12-18,3.0
A/Indiana/46/2024_H3N2,2024-12-19,2.0
A/Indiana/46/2024_H3N2,2024-12-20,4.0
A/Indiana/46/2024_H3N2,2024-12-25,0.16666666666666666
A/Indiana/46/2024_H3N2,2024-12-28,1.0
A/Indiana/46/2024_H3N2,2024-12-30,1.0
A/Indiana/46/2024_H3N2,2025-01-02,1.0
A/Indiana/46/2024_H3N2,2025-01-06,3.0
A/Indiana/46/2024_H3N2,2025-01-07,1.0
A/Indiana/46/2024_H3N2,2025-01-14,0.16666666666666666
A/Indiana/46/2024_H3N2,2025-01-15,0.3333333333333333
A/Indiana/46/2024_H3N2,2025-01-18,1.0
A/Indiana/46/2024_H3N2,2025-01-20,1.0
A/Indiana/46/2024_H3N2,2025-01-22,1.0
A/Indiana/46/2024_H3N2,2025-02-13,0.16666666666666666
A/Indiana/46/2024_H3N2,2025-02-20,0.16666666666666666
A/Indiana/46/2024_H3N2,2025-02-24,0.3333333333333333
A/Indiana/46/2024_H3N2,2025-03-04,0.16666666666666666
A/Kentucky/57/2024_H3N2,2024-04-29,0.5
A/Kentucky/57/2024_H3N2,2024-05-02,0.5
A/Kentucky/57/2024_H3N2,2024-05-03,0.5
A/Kentucky/57/2024_H3N2,2024-05-05,1.0
A/Kentucky/57/2024_H3N2,2024-05-08,0.5
A/Kentucky/57/2024_H3N2,2024-05-22,1.0
A/Kentucky/57/2024_H3N2,2024-05-24,0.5
A/Kentucky/57/2024_H3N2,2024-05-26,1.0
A/Kentucky/57/2024_H3N2,2024-05-27,0.5
A/Kentucky/57/2024_H3N2,2024-05-28,0.5
A/Kentucky/57/2024_H3N2,2024-05-29,0.5
A/Kentucky/57/2024_H3N2,2024-06-01,1.0
A/Kentucky/57/2024_H3N2,2024-06-02,0.5
A/Kentucky/57/2024_H3N2,2024-06-06,0.5
A/Kentucky/57/2024_H3N2,2024-06-12,0.6666666666666666
A/Kentucky/57/2024_H3N2,2024-06-16,0.5
A/Kentucky/57/2024_H3N2,2024-06-22,0.5
A/Kentucky/57/2024_H3N2,2024-07-03,1.0
A/Kentucky/57/2024_H3N2,2024-07-08,0.5
A/Kentucky/57/2024_H3N2,2024-07-18,0.5
A/Kentucky/57/2024_H3N2,2024-08-01,0.5
A/Kentucky/57/2024_H3N2,2024-08-20,0.5
A/Kentucky/57/2024_H3N2,2024-09-03,0.5
A/Kentucky/57/2024_H3N2,2024-09-05,0.5
A/Kentucky/57/2024_H3N2,2024-09-20,0.5
A/Kentucky/57/2024_H3N2,2024-09-24,0.5
A/Kentucky/57/2024_H3N2,2024-10-03,0.5
A/Kentucky/57/2024_H3N2,2024-10-11,0.5
A/Kentucky/57/2024_H3N2,2024-10-25,1.0
A/Kentucky/57/2024_H3N2,2024-10-28,0.5
A/Kentucky/57/2024_H3N2,2024-10-31,0.5
A/Kentucky/57/2024_H3N2,2024-11-01,0.5
A/Kentucky/57/2024_H3N2,2024-11-02,1.0
A/Kentucky/57/2024_H3N2,2024-11-04,1.0
A/Kentucky/57/2024_H3N2,2024-11-05,0.16666666666666666
A/Kentucky/57/2024_H3N2,2024-11-06,0.5
A/Kentucky/57/2024_H3N2,2024-11-08,0.5
A/Kentucky/57/2024_H3N2,2024-11-09,1.0
A/Kentucky/57/2024_H3N2,2024-11-10,2.5
A/Kentucky/57/2024_H3N2,2024-11-11,2.5
A/Kentucky/57/2024_H3N2,2024-11-12,1.5
A/Kentucky/57/2024_H3N2,2024-11-13,1.0
A/Kentucky/57/2024_H3N2,2024-11-14,1.0
A/Kentucky/57/2024_H3N2,2024-11-17,0.5
A/Kentucky/57/2024_H3N2,2024-11-20,0.5
A/Kentucky/57/2024_H3N2,2024-11-23,1.0
A/Kentucky/57/2024_H3N2,2024-11-24,1.0
A/Kentucky/57/2024_H3N2,2024-11-25,1.5
A/Kentucky/57/2024_H3N2,2024-11-26,1.0
A/Kentucky/57/2024_H3N2,2024-11-28,1.5
A/Kentucky/57/2024_H3N2,2024-11-29,3.0
A/Kentucky/57/2024_H3N2,2024-11-30,1.0
A/Kentucky/57/2024_H3N2,2024-12-01,4.5
A/Kentucky/57/2024_H3N2,2024-12-02,2.5
A/Kentucky/57/2024_H3N2,2024-12-03,0.5
A/Kentucky/57/2024_H3N2,2024-12-04,1.5
A/Kentucky/57/2024_H3N2,2024-12-05,1.5
A/Kentucky/57/2024_H3N2,2024-12-06,1.0
A/Kentucky/57/2024_H3N2,2024-12-07,0.5
A/Kentucky/57/2024_H3N2,2024-12-08,2.5
A/Kentucky/57/2024_H3N2,2024-12-09,2.0
A/Kentucky/57/2024_H3N2,2024-12-10,2.5
A/Kentucky/57/2024_H3N2,2024-12-11,2.0
A/Kentucky/57/2024_H3N2,2024-12-12,2.5
A/Kentucky/57/2024_H3N2,2024-12-13,3.0
A/Kentucky/57/2024_H3N2,2024-12-14,0.5
A/Kentucky/57/2024_H3N2,2024-12-15,2.5
A/Kentucky/57/2024_H3N2,2024-12-16,5.5
A/Kentucky/57/2024_H3N2,2024-12-17,3.5
A/Kentucky/57/2024_H3N2,2024-12-18,1.0
A/Kentucky/57/2024_H3N2,2024-12-19,1.0
A/Kentucky/57/2024_H3N2,2024-12-20,0.5
A/Kentucky/57/2024_H3N2,2024-12-21,1.0
A/Kentucky/57/2024_H3N2,2024-12-22,0.5
A/Kentucky/57/2024_H3N2,2024-12-23,3.5
A/Kentucky/57/2024_H3N2,2024-12-24,2.0
A/Kentucky/57/2024_H3N2,2024-12-25,1.0
A/Kentucky/57/2024_H3N2,2024-12-26,3.5
A/Kentucky/57/2024_H3N2,2024-12-27,4.0
A/Kentucky/57/2024_H3N2,2024-12-28,2.5
A/Kentucky/57/2024_H3N2,2024-12-29,2.6666666666666665
A/Kentucky/57/2024_H3N2,2024-12-30,4.0
A/Kentucky/57/2024_H3N2,2024-12-31,3.0
A/Kentucky/57/2024_H3N2,2025-01-01,2.0
A/Kentucky/57/2024_H3N2,2025-01-02,2.333333333333333
A/Kentucky/57/2024_H3N2,2025-01-03,2.5
A/Kentucky/57/2024_H3N2,2025-01-04,1.5
A/Kentucky/57/2024_H3N2,2025-01-05,3.5
A/Kentucky/57/2024_H3N2,2025-01-06,3.0
A/Kentucky/57/2024_H3N2,2025-01-07,2.5
A/Kentucky/57/2024_H3N2,2025-01-08,3.0
A/Kentucky/57/2024_H3N2,2025-01-09,3.0
A/Kentucky/57/2024_H3N2,2025-01-10,3.0
A/Kentucky/57/2024_H3N2,2025-01-11,2.0
A/Kentucky/57/2024_H3N2,2025-01-12,2.0
A/Kentucky/57/2024_H3N2,2025-01-13,3.0
A/Kentucky/57/2024_H3N2,2025-01-14,2.5
A/Kentucky/57/2024_H3N2,2025-01-15,4.166666666666667
A/Kentucky/57/2024_H3N2,2025-01-16,4.5
A/Kentucky/57/2024_H3N2,2025-01-17,1.5
A/Kentucky/57/2024_H3N2,2025-01-18,1.5
A/Kentucky/57/2024_H3N2,2025-01-19,2.5
A/Kentucky/57/2024_H3N2,2025-01-20,7.0
A/Kentucky/57/2024_H3N2,2025-01-21,6.0
A/Kentucky/57/2024_H3N2,2025-01-22,5.0
A/Kentucky/57/2024_H3N2,2025-01-23,5.0
A/Kentucky/57/2024_H3N2,2025-01-24,5.0
A/Kentucky/57/2024_H3N2,2025-01-25,1.5
A/Kentucky/57/2024_H3N2,2025-01-26,5.0
A/Kentucky/57/2024_H3N2,2025-01-27,6.5
A/Kentucky/57/2024_H3N2,2025-01-28,6.0
A/Kentucky/57/2024_H3N2,2025-01-29,7.0
A/Kentucky/57/2024_H3N2,2025-01-30,6.0
A/Kentucky/57/2024_H3N2,2025-01-31,5.0
A/Kentucky/57/2024_H3N2,2025-02-01,4.0
A/Kentucky/57/2024_H3N2,2025-02-02,4.0
A/Kentucky/57/2024_H3N2,2025-02-03,10.666666666666666
A/Kentucky/57/2024_H3N2,2025-02-04,5.0
A/Kentucky/57/2024_H3N2,2025-02-05,5.5
A/Kentucky/57/2024_H3N2,2025-02-06,5.0
A/Kentucky/57/2024_H3N2,2025-02-07,6.0
A/Kentucky/57/2024_H3N2,2025-02-08,6.5
A/Kentucky/57/2024_H3N2,2025-02-09,5.0
A/Kentucky/57/2024_H3N2,2025-02-10,5.5
A/Kentucky/57/2024_H3N2,2025-02-11,10.166666666666666
A/Kentucky/57/2024_H3N2,2025-02-12,2.0
A/Kentucky/57/2024_H3N2,2025-02-13,3.5
A/Kentucky/57/2024_H3N2,2025-02-14,4.0
A/Kentucky/57/2024_H3N2,2025-02-15,3.0
A/Kentucky/57/2024_H3N2,2025-02-16,8.0
A/Kentucky/57/2024_H3N2,2025-02-17,8.0
A/Kentucky/57/2024_H3N2,2025-02-18,8.5
A/Kentucky/57/2024_H3N2,2025-02-19,6.5
A/Kentucky/57/2024_H3N2,2025-02-20,3.0
A/Kentucky/57/2024_H3N2,2025-02-21,5.5
A/Kentucky/57/2024_H3N2,2025-02-22,0.5
A/Kentucky/57/2024_H3N2,2025-02-23,4.5
A/Kentucky/57/2024_H3N2,2025-02-24,8.0
A/Kentucky/57/2024_H3N2,2025-02-25,6.0
A/Kentucky/57/2024_H3N2,2025-02-26,4.5
A/Kentucky/57/2024_H3N2,2025-02-27,4.5
A/Kentucky/57/2024_H3N2,2025-02-28,2.5
A/Kentucky/57/2024_H3N2,2025-03-01,2.5
A/Kentucky/57/2024_H3N2,2025-03-02,4.5
A/Kentucky/57/2024_H3N2,2025-03-03,4.5
A/Kentucky/57/2024_H3N2,2025-03-04,4.5
A/Kentucky/57/2024_H3N2,2025-03-05,3.5
A/Kentucky/57/2024_H3N2,2025-03-06,7.0
A/Kentucky/57/2024_H3N2,2025-03-07,2.5
A/Kentucky/57/2024_H3N2,2025-03-08,3.5
A/Kentucky/57/2024_H3N2,2025-03-09,2.0
A/Kentucky/57/2024_H3N2,2025-03-10,7.5
A/Kentucky/57/2024_H3N2,2025-03-11,7.5
A/Kentucky/57/2024_H3N2,2025-03-12,3.5
A/Kentucky/57/2024_H3N2,2025-03-13,6.0
A/Kentucky/57/2024_H3N2,2025-03-14,3.0
A/Kentucky/57/2024_H3N2,2025-03-15,2.0
A/Kentucky/57/2024_H3N2,2025-03-16,4.0
A/Kentucky/57/2024_H3N2,2025-03-17,1.5
A/Kentucky/57/2024_H3N2,2025-03-18,4.5
A/Kentucky/57/2024_H3N2,2025-03-19,4.0
A/Kentucky/57/2024_H3N2,2025-03-20,2.5
A/Kentucky/57/2024_H3N2,2025-03-21,4.0
A/Kentucky/57/2024_H3N2,2025-03-22,1.0
A/Kentucky/57/2024_H3N2,2025-03-23,2.0
A/Kentucky/57/2024_H3N2,2025-03-24,1.0
A/Kentucky/57/2024_H3N2,2025-03-25,2.5
A/Kentucky/57/2024_H3N2,2025-03-26,3.1666666666666665
A/Kentucky/57/2024_H3N2,2025-03-27,1.0
A/Kentucky/57/2024_H3N2,2025-03-28,0.5
A/Kentucky/57/2024_H3N2,2025-03-29,1.0
A/Kentucky/57/2024_H3N2,2025-03-30,0.5
A/Kentucky/57/2024_H3N2,2025-03-31,1.5
A/Kentucky/57/2024_H3N2,2025-04-01,1.0
A/Kentucky/57/2024_H3N2,2025-04-02,2.0
A/Kentucky/57/2024_H3N2,2025-04-03,0.5
A/Kentucky/57/2024_H3N2,2025-04-04,1.0
A/Kentucky/57/2024_H3N2,2025-04-05,1.5
A/Kentucky/57/2024_H3N2,2025-04-06,2.0
A/Kentucky/57/2024_H3N2,2025-04-07,1.5
A/Kentucky/57/2024_H3N2,2025-04-08,1.0
A/Kentucky/57/2024_H3N2,2025-04-09,0.5
A/Kentucky/57/2024_H3N2,2025-04-10,0.5
A/Kentucky/57/2024_H3N2,2025-04-11,2.5
A/Kentucky/57/2024_H3N2,2025-04-12,1.0
A/Kentucky/57/2024_H3N2,2025-04-13,1.0
A/Kentucky/57/2024_H3N2,2025-04-14,0.5
A/Kentucky/57/2024_H3N2,2025-04-16,0.5
A/Kentucky/57/2024_H3N2,2025-04-17,1.0
A/Kentucky/57/2024_H3N2,2025-04-19,0.5
A/Kentucky/57/2024_H3N2,2025-04-20,0.5
A/Kentucky/57/2024_H3N2,2025-04-21,0.5
A/Kentucky/57/2024_H3N2,2025-04-22,0.5
A/Kentucky/57/2024_H3N2,2025-04-23,0.5
A/Kentucky/57/2024_H3N2,2025-04-25,0.5
A/Kentucky/57/2024_H3N2,2025-04-29,1.0
A/Kentucky/57/2024_H3N2,2025-04-30,2.0
A/Kentucky/57/2024_H3N2,2025-05-01,0.5
A/Kentucky/57/2024_H3N2,2025-05-02,2.0
A/Kentucky/57/2024_H3N2,2025-05-03,0.5
A/Kentucky/57/2024_H3N2,2025-05-07,0.5
A/Kentucky/57/2024_H3N2,2025-06-25,0.5
A/Lisboa/216/2023_H3N2,2024-04-28,0.8181818181818182
A/Lisboa/216/2023_H3N2,2024-04-29,0.9090909090909092
A/Lisboa/216/2023_H3N2,2024-04-30,1.7272727272727273
A/Lisboa/216/2023_H3N2,2024-05-01,0.6363636363636364
A/Lisboa/216/2023_H3N2,2024-05-02,0.4545454545454546
A/Lisboa/216/2023_H3N2,2024-05-03,1.9848484848484849
A/Lisboa/216/2023_H3N2,2024-05-04,0.7272727272727273
A/Lisboa/216/2023_H3N2,2024-05-05,0.7272727272727273
A/Lisboa/216/2023_H3N2,2024-05-06,1.5454545454545454
A/Lisboa/216/2023_H3N2,2024-05-07,2.181818181818182
A/Lisboa/216/2023_H3N2,2024-05-08,1.4090909090909092
A/Lisboa/216/2023_H3N2,2024-05-09,0.5303030303030303
A/Lisboa/216/2023_H3N2,2024-05-10,0.6363636363636364
A/Lisboa/216/2023_H3N2,2024-05-11,0.5454545454545454
A/Lisboa/216/2023_H3N2,2024-05-12,0.2727272727272727
A/Lisboa/216/2023_H3N2,2024-05-13,0.9090909090909092
A/Lisboa/216/2023_H3N2,2024-05-14,0.9090909090909092
A/Lisboa/216/2023_H3N2,2024-05-15,1.2575757575757576
A/Lisboa/216/2023_H3N2,2024-05-16,0.8181818181818182
A/Lisboa/216/2023_H3N2,2024-05-17,0.5454545454545454
A/Lisboa/216/2023_H3N2,2024-05-18,1.8181818181818181
A/Lisboa/216/2023_H3N2,2024-05-19,0.5454545454545454
A/Lisboa/216/2023_H3N2,2024-05-20,1.0909090909090908
A/Lisboa/216/2023_H3N2,2024-05-21,1.4545454545454546
A/Lisboa/216/2023_H3N2,2024-05-22,1.0909090909090908
A/Lisboa/216/2023_H3N2,2024-05-23,1.2575757575757576
A/Lisboa/216/2023_H3N2,2024-05-24,0.8939393939393939
A/Lisboa/216/2023_H3N2,2024-05-25,0.2727272727272727
A/Lisboa/216/2023_H3N2,2024-05-26,0.18181818181818182
A/Lisboa/216/2023_H3N2,2024-05-27,0.9090909090909092
A/Lisboa/216/2023_H3N2,2024-05-28,0.2727272727272727
A/Lisboa/216/2023_H3N2,2024-05-29,1.5454545454545454
A/Lisboa/216/2023_H3N2,2024-05-30,0.2727272727272727
A/Lisboa/216/2023_H3N2,2024-05-31,0.4545454545454546
A/Lisboa/216/2023_H3N2,2024-06-01,0.18181818181818182
A/Lisboa/216/2023_H3N2,2024-06-02,0.696969696969697
A/Lisboa/216/2023_H3N2,2024-06-03,1.7121212121212122
A/Lisboa/216/2023_H3N2,2024-06-04,0.7878787878787878
A/Lisboa/216/2023_H3N2,2024-06-05,0.6363636363636364
A/Lisboa/216/2023_H3N2,2024-06-06,0.25757575757575757
A/Lisboa/216/2023_H3N2,2024-06-07,1.3333333333333333
A/Lisboa/216/2023_H3N2,2024-06-08,0.3484848484848485
A/Lisboa/216/2023_H3N2,2024-06-09,0.6818181818181818
A/Lisboa/216/2023_H3N2,2024-06-10,0.9545454545454546
A/Lisboa/216/2023_H3N2,2024-06-11,0.7878787878787878
A/Lisboa/216/2023_H3N2,2024-06-12,0.8181818181818182
A/Lisboa/216/2023_H3N2,2024-06-13,0.5909090909090909
A/Lisboa/216/2023_H3N2,2024-06-14,2.5303030303030303
A/Lisboa/216/2023_H3N2,2024-06-15,0.5151515151515151
A/Lisboa/216/2023_H3N2,2024-06-16,0.2727272727272727
A/Lisboa/216/2023_H3N2,2024-06-17,0.5454545454545454
A/Lisboa/216/2023_H3N2,2024-06-18,0.696969696969697
A/Lisboa/216/2023_H3N2,2024-06-19,1.9545454545454546
A/Lisboa/216/2023_H3N2,2024-06-20,0.5303030303030303
A/Lisboa/216/2023_H3N2,2024-06-21,0.16666666666666666
A/Lisboa/216/2023_H3N2,2024-06-22,0.4242424242424242
A/Lisboa/216/2023_H3N2,2024-06-23,0.16666666666666666
A/Lisboa/216/2023_H3N2,2024-06-24,1.4848484848484849
A/Lisboa/216/2023_H3N2,2024-06-25,1.5303030303030303
A/Lisboa/216/2023_H3N2,2024-06-26,0.2727272727272727
A/Lisboa/216/2023_H3N2,2024-06-27,1.3636363636363638
A/Lisboa/216/2023_H3N2,2024-06-28,2.121212121212121
A/Lisboa/216/2023_H3N2,2024-06-30,0.4393939393939394
A/Lisboa/216/2023_H3N2,2024-07-01,0.36363636363636365
A/Lisboa/216/2023_H3N2,2024-07-02,0.6818181818181818
A/Lisboa/216/2023_H3N2,2024-07-03,1.0909090909090908
A/Lisboa/216/2023_H3N2,2024-07-04,0.3333333333333333
A/Lisboa/216/2023_H3N2,2024-07-05,0.4393939393939394
A/Lisboa/216/2023_H3N2,2024-07-06,0.3333333333333333
A/Lisboa/216/2023_H3N2,2024-07-07,0.09090909090909091
A/Lisboa/216/2023_H3N2,2024-07-08,0.4242424242424242
A/Lisboa/216/2023_H3N2,2024-07-09,0.696969696969697
A/Lisboa/216/2023_H3N2,2024-07-10,1.9393939393939394
A/Lisboa/216/2023_H3N2,2024-07-11,0.3484848484848485
A/Lisboa/216/2023_H3N2,2024-07-12,0.5151515151515151
A/Lisboa/216/2023_H3N2,2024-07-13,0.09090909090909091
A/Lisboa/216/2023_H3N2,2024-07-14,0.4242424242424242
A/Lisboa/216/2023_H3N2,2024-07-15,2.4393939393939394
A/Lisboa/216/2023_H3N2,2024-07-16,0.8636363636363636
A/Lisboa/216/2023_H3N2,2024-07-17,0.9696969696969697
A/Lisboa/216/2023_H3N2,2024-07-18,1.0303030303030303
A/Lisboa/216/2023_H3N2,2024-07-19,0.4242424242424242
A/Lisboa/216/2023_H3N2,2024-07-20,0.16666666666666666
A/Lisboa/216/2023_H3N2,2024-07-21,0.3333333333333333
A/Lisboa/216/2023_H3N2,2024-07-22,0.7727272727272727
A/Lisboa/216/2023_H3N2,2024-07-23,0.3484848484848485
A/Lisboa/216/2023_H3N2,2024-07-24,0.5
A/Lisboa/216/2023_H3N2,2024-07-26,0.3484848484848485
A/Lisboa/216/2023_H3N2,2024-07-27,0.16666666666666666
A/Lisboa/216/2023_H3N2,2024-07-28,0.09090909090909091
A/Lisboa/216/2023_H3N2,2024-07-29,0.25757575757575757
A/Lisboa/216/2023_H3N2,2024-07-30,0.4242424242424242
A/Lisboa/216/2023_H3N2,2024-07-31,0.3484848484848485
A/Lisboa/216/2023_H3N2,2024-08-01,0.5909090909090908
A/Lisboa/216/2023_H3N2,2024-08-02,0.6060606060606061
A/Lisboa/216/2023_H3N2,2024-08-03,0.3484848484848485
A/Lisboa/216/2023_H3N2,2024-08-04,1.3333333333333333
A/Lisboa/216/2023_H3N2,2024-08-05,0.4393939393939394
A/Lisboa/216/2023_H3N2,2024-08-06,1.1818181818181817
A/Lisboa/216/2023_H3N2,2024-08-07,0.8484848484848484
A/Lisboa/216/2023_H3N2,2024-08-08,0.3333333333333333
A/Lisboa/216/2023_H3N2,2024-08-09,0.16666666666666666
A/Lisboa/216/2023_H3N2,2024-08-10,0.18181818181818182
A/Lisboa/216/2023_H3N2,2024-08-11,0.25757575757575757
A/Lisboa/216/2023_H3N2,2024-08-12,0.5151515151515151
A/Lisboa/216/2023_H3N2,2024-08-15,0.16666666666666666
A/Lisboa/216/2023_H3N2,2024-08-16,0.09090909090909091
A/Lisboa/216/2023_H3N2,2024-08-17,0.09090909090909091
A/Lisboa/216/2023_H3N2,2024-08-18,0.16666666666666666
A/Lisboa/216/2023_H3N2,2024-08-19,0.16666666666666666
A/Lisboa/216/2023_H3N2,2024-08-20,0.25757575757575757
A/Lisboa/216/2023_H3N2,2024-08-21,0.6060606060606061
A/Lisboa/216/2023_H3N2,2024-08-22,0.18181818181818182
A/Lisboa/216/2023_H3N2,2024-08-23,0.09090909090909091
A/Lisboa/216/2023_H3N2,2024-08-25,0.09090909090909091
A/Lisboa/216/2023_H3N2,2024-08-26,0.4242424242424242
A/Lisboa/216/2023_H3N2,2024-08-27,0.5909090909090909
A/Lisboa/216/2023_H3N2,2024-08-29,0.09090909090909091
A/Lisboa/216/2023_H3N2,2024-08-31,0.09090909090909091
A/Lisboa/216/2023_H3N2,2024-09-01,0.16666666666666666
A/Lisboa/216/2023_H3N2,2024-09-03,0.3333333333333333
A/Lisboa/216/2023_H3N2,2024-09-04,1.0151515151515151
A/Lisboa/216/2023_H3N2,2024-09-08,0.3333333333333333
A/Lisboa/216/2023_H3N2,2024-09-09,0.5303030303030303
A/Lisboa/216/2023_H3N2,2024-09-10,0.16666666666666666
A/Lisboa/216/2023_H3N2,2024-09-12,0.09090909090909091
A/Lisboa/216/2023_H3N2,2024-09-13,0.16666666666666666
A/Lisboa/216/2023_H3N2,2024-09-14,0.16666666666666666
A/Lisboa/216/2023_H3N2,2024-09-16,0.18181818181818182
A/Lisboa/216/2023_H3N2,2024-09-17,0.09090909090909091
A/Lisboa/216/2023_H3N2,2024-09-20,0.3333333333333333
A/Lisboa/216/2023_H3N2,2024-09-21,0.09090909090909091
A/Lisboa/216/2023_H3N2,2024-09-22,0.3333333333333333
A/Lisboa/216/2023_H3N2,2024-09-23,0.18181818181818182
A/Lisboa/216/2023_H3N2,2024-09-26,0.2727272727272727
A/Lisboa/216/2023_H3N2,2024-09-27,0.18181818181818182
A/Lisboa/216/2023_H3N2,2024-09-28,0.09090909090909091
A/Lisboa/216/2023_H3N2,2024-09-29,0.09090909090909091
A/Lisboa/216/2023_H3N2,2024-09-30,0.3484848484848485
A/Lisboa/216/2023_H3N2,2024-10-02,0.16666666666666666
A/Lisboa/216/2023_H3N2,2024-10-03,0.09090909090909091
A/Lisboa/216/2023_H3N2,2024-10-04,0.2727272727272727
A/Lisboa/216/2023_H3N2,2024-10-07,0.18181818181818182
A/Lisboa/216/2023_H3N2,2024-10-11,0.16666666666666666
A/Lisboa/216/2023_H3N2,2024-10-14,0.18181818181818182
A/Lisboa/216/2023_H3N2,2024-10-17,0.25757575757575757
A/Lisboa/216/2023_H3N2,2024-10-18,0.09090909090909091
A/Lisboa/216/2023_H3N2,2024-10-19,0.5909090909090909
A/Lisboa/216/2023_H3N2,2024-10-22,0.09090909090909091
A/Lisboa/216/2023_H3N2,2024-10-28,0.09090909090909091
A/Lisboa/216/2023_H3N2,2024-10-29,0.16666666666666666
A/Lisboa/216/2023_H3N2,2024-10-31,0.09090909090909091
A/Lisboa/216/2023_H3N2,2024-11-01,0.09090909090909091
A/Lisboa/216/2023_H3N2,2024-11-02,0.18181818181818182
A/Lisboa/216/2023_H3N2,2024-11-03,0.09090909090909091
A/Lisboa/216/2023_H3N2,2024-11-04,0.25757575757575757
A/Lisboa/216/2023_H3N2,2024-11-07,0.8484848484848484
A/Lisboa/216/2023_H3N2,2024-11-08,0.16666666666666666
A/Lisboa/216/2023_H3N2,2024-11-09,0.09090909090909091
A/Lisboa/216/2023_H3N2,2024-11-11,0.16666666666666666
A/Lisboa/216/2023_H3N2,2024-11-12,0.3484848484848485
A/Lisboa/216/2023_H3N2,2024-11-13,0.09090909090909091
A/Lisboa/216/2023_H3N2,2024-11-15,0.16666666666666666
A/Lisboa/216/2023_H3N2,2024-11-16,0.09090909090909091
A/Lisboa/216/2023_H3N2,2024-11-17,0.25757575757575757
A/Lisboa/216/2023_H3N2,2024-11-19,0.16666666666666666
A/Lisboa/216/2023_H3N2,2024-11-20,0.5909090909090909
A/Lisboa/216/2023_H3N2,2024-11-21,0.09090909090909091
A/Lisboa/216/2023_H3N2,2024-11-22,0.18181818181818182
A/Lisboa/216/2023_H3N2,2024-11-26,0.16666666666666666
A/Lisboa/216/2023_H3N2,2024-11-29,0.25757575757575757
A/Lisboa/216/2023_H3N2,2024-12-02,1.0
A/Lisboa/216/2023_H3N2,2024-12-03,0.09090909090909091
A/Lisboa/216/2023_H3N2,2024-12-08,0.16666666666666666
A/Lisboa/216/2023_H3N2,2024-12-11,0.09090909090909091
A/Lisboa/216/2023_H3N2,2024-12-16,0.5
A/Lisboa/216/2023_H3N2,2024-12-19,1.0
A/Lisboa/216/2023_H3N2,2024-12-20,0.09090909090909091
A/Lisboa/216/2023_H3N2,2024-12-23,0.18181818181818182
A/Lisboa/216/2023_H3N2,2024-12-25,0.16666666666666666
A/Lisboa/216/2023_H3N2,2025-01-02,0.5909090909090909
A/Lisboa/216/2023_H3N2,2025-01-03,0.09090909090909091
A/Lisboa/216/2023_H3N2,2025-01-08,0.09090909090909091
A/Lisboa/216/2023_H3N2,2025-01-09,0.09090909090909091
A/Lisboa/216/2023_H3N2,2025-01-13,0.5
A/Lisboa/216/2023_H3N2,2025-01-14,0.25757575757575757
A/Lisboa/216/2023_H3N2,2025-01-15,0.09090909090909091
A/Lisboa/216/2023_H3N2,2025-01-17,0.09090909090909091
A/Lisboa/216/2023_H3N2,2025-01-20,0.18181818181818182
A/Lisboa/216/2023_H3N2,2025-01-22,1.0
A/Lisboa/216/2023_H3N2,2025-01-23,0.5
A/Lisboa/216/2023_H3N2,2025-01-24,0.09090909090909091
A/Lisboa/216/2023_H3N2,2025-01-25,0.09090909090909091
A/Lisboa/216/2023_H3N2,2025-02-03,0.09090909090909091
A/Lisboa/216/2023_H3N2,2025-02-10,0.18181818181818182
A/Lisboa/216/2023_H3N2,2025-02-12,0.09090909090909091
A/Lisboa/216/2023_H3N2,2025-02-13,0.16666666666666666
A/Lisboa/216/2023_H3N2,2025-02-20,0.16666666666666666
A/Lisboa/216/2023_H3N2,2025-02-23,0.5
A/Lisboa/216/2023_H3N2,2025-02-24,0.3333333333333333
A/Lisboa/216/2023_H3N2,2025-03-04,0.25757575757575757
A/Lisboa/216/2023_H3N2,2025-03-06,0.09090909090909091
A/Lisboa/216/2023_H3N2,2025-03-14,1.0
A/Lisboa/216/2023_H3N2,2025-03-21,0.5
A/Lisboa/216/2023_H3N2,2025-03-29,0.09090909090909091
A/Lisboa/216/2023_H3N2,2025-04-16,0.5
A/Lisboa/216/2023_H3N2,2025-06-04,0.09090909090909091
A/Maldives/2147/2024_H3N2,2024-04-29,4.0
A/Maldives/2147/2024_H3N2,2024-05-01,1.0
A/Maldives/2147/2024_H3N2,2024-05-03,2.0
A/Maldives/2147/2024_H3N2,2024-05-06,2.0
A/Maldives/2147/2024_H3N2,2024-05-08,4.0
A/Maldives/2147/2024_H3N2,2024-05-09,2.0
A/Maldives/2147/2024_H3N2,2024-05-10,2.0
A/Maldives/2147/2024_H3N2,2024-05-11,1.0
A/Maldives/2147/2024_H3N2,2024-05-12,1.0
A/Maldives/2147/2024_H3N2,2024-05-13,3.0
A/Maldives/2147/2024_H3N2,2024-05-14,1.0
A/Maldives/2147/2024_H3N2,2024-05-15,2.0
A/Maldives/2147/2024_H3N2,2024-05-16,1.0
A/Maldives/2147/2024_H3N2,2024-05-17,1.0
A/Maldives/2147/2024_H3N2,2024-05-19,1.0
A/Maldives/2147/2024_H3N2,2024-05-21,1.0
A/Maldives/2147/2024_H3N2,2024-05-22,2.0
A/Maldives/2147/2024_H3N2,2024-05-24,1.0
A/Maldives/2147/2024_H3N2,2024-05-25,2.0
A/Maldives/2147/2024_H3N2,2024-05-26,1.0
A/Maldives/2147/2024_H3N2,2024-05-27,1.0
A/Maldives/2147/2024_H3N2,2024-05-29,6.0
A/Maldives/2147/2024_H3N2,2024-05-30,1.0
A/Maldives/2147/2024_H3N2,2024-05-31,1.0
A/Maldives/2147/2024_H3N2,2024-06-01,1.0
A/Maldives/2147/2024_H3N2,2024-06-02,2.0
A/Maldives/2147/2024_H3N2,2024-06-03,3.5
A/Maldives/2147/2024_H3N2,2024-06-05,2.0
A/Maldives/2147/2024_H3N2,2024-06-06,3.0
A/Maldives/2147/2024_H3N2,2024-06-09,2.0
A/Maldives/2147/2024_H3N2,2024-06-10,1.0
A/Maldives/2147/2024_H3N2,2024-06-11,2.0
A/Maldives/2147/2024_H3N2,2024-06-12,1.0
A/Maldives/2147/2024_H3N2,2024-06-13,3.0
A/Maldives/2147/2024_H3N2,2024-06-14,2.0
A/Maldives/2147/2024_H3N2,2024-06-16,1.0
A/Maldives/2147/2024_H3N2,2024-06-17,1.0
A/Maldives/2147/2024_H3N2,2024-06-19,2.0
A/Maldives/2147/2024_H3N2,2024-06-20,1.0
A/Maldives/2147/2024_H3N2,2024-06-21,2.0
A/Maldives/2147/2024_H3N2,2024-06-22,2.0
A/Maldives/2147/2024_H3N2,2024-06-23,3.0
A/Maldives/2147/2024_H3N2,2024-06-24,7.0
A/Maldives/2147/2024_H3N2,2024-06-25,5.0
A/Maldives/2147/2024_H3N2,2024-06-26,5.0
A/Maldives/2147/2024_H3N2,2024-06-27,2.0
A/Maldives/2147/2024_H3N2,2024-06-28,2.0
A/Maldives/2147/2024_H3N2,2024-06-29,3.0
A/Maldives/2147/2024_H3N2,2024-06-30,3.0
A/Maldives/2147/2024_H3N2,2024-07-01,3.0
A/Maldives/2147/2024_H3N2,2024-07-02,1.5
A/Maldives/2147/2024_H3N2,2024-07-03,5.0
A/Maldives/2147/2024_H3N2,2024-07-04,1.0
A/Maldives/2147/2024_H3N2,2024-07-05,2.0
A/Maldives/2147/2024_H3N2,2024-07-06,3.0
A/Maldives/2147/2024_H3N2,2024-07-07,2.0
A/Maldives/2147/2024_H3N2,2024-07-08,2.0
A/Maldives/2147/2024_H3N2,2024-07-10,1.0
A/Maldives/2147/2024_H3N2,2024-07-11,2.0
A/Maldives/2147/2024_H3N2,2024-07-12,4.0
A/Maldives/2147/2024_H3N2,2024-07-13,4.0
A/Maldives/2147/2024_H3N2,2024-07-14,3.0
A/Maldives/2147/2024_H3N2,2024-07-15,4.0
A/Maldives/2147/2024_H3N2,2024-07-16,1.0
A/Maldives/2147/2024_H3N2,2024-07-17,2.0
A/Maldives/2147/2024_H3N2,2024-07-18,2.0
A/Maldives/2147/2024_H3N2,2024-07-19,1.0
A/Maldives/2147/2024_H3N2,2024-07-20,2.0
A/Maldives/2147/2024_H3N2,2024-07-21,1.0
A/Maldives/2147/2024_H3N2,2024-07-22,1.0
A/Maldives/2147/2024_H3N2,2024-07-23,1.0
A/Maldives/2147/2024_H3N2,2024-07-24,2.0
A/Maldives/2147/2024_H3N2,2024-07-26,2.0
A/Maldives/2147/2024_H3N2,2024-07-30,3.0
A/Maldives/2147/2024_H3N2,2024-07-31,12.0
A/Maldives/2147/2024_H3N2,2024-08-01,1.0
A/Maldives/2147/2024_H3N2,2024-08-04,1.0
A/Maldives/2147/2024_H3N2,2024-08-05,1.0
A/Maldives/2147/2024_H3N2,2024-08-06,2.0
A/Maldives/2147/2024_H3N2,2024-08-07,1.0
A/Maldives/2147/2024_H3N2,2024-08-08,3.0
A/Maldives/2147/2024_H3N2,2024-08-09,2.0
A/Maldives/2147/2024_H3N2,2024-08-11,1.0
A/Maldives/2147/2024_H3N2,2024-08-12,1.0
A/Maldives/2147/2024_H3N2,2024-08-13,1.0
A/Maldives/2147/2024_H3N2,2024-08-15,1.0
A/Maldives/2147/2024_H3N2,2024-08-19,0.5
A/Maldives/2147/2024_H3N2,2024-08-20,1.0
A/Maldives/2147/2024_H3N2,2024-08-22,1.0
A/Maldives/2147/2024_H3N2,2024-09-01,1.0
A/Maldives/2147/2024_H3N2,2024-09-02,1.0
A/Maldives/2147/2024_H3N2,2024-09-04,1.0
A/Maldives/2147/2024_H3N2,2024-09-08,1.0
A/Maldives/2147/2024_H3N2,2024-09-16,1.0
A/Maldives/2147/2024_H3N2,2024-09-17,1.0
A/Maldives/2147/2024_H3N2,2024-09-20,1.0
A/Maldives/2147/2024_H3N2,2024-10-02,1.0
A/Maldives/2147/2024_H3N2,2024-10-08,1.0
A/Maldives/2147/2024_H3N2,2024-10-09,1.0
A/Maldives/2147/2024_H3N2,2024-10-16,2.0
A/Maldives/2147/2024_H3N2,2024-10-17,1.0
A/Maldives/2147/2024_H3N2,2024-10-20,1.0
A/Maldives/2147/2024_H3N2,2024-10-25,1.0
A/Maldives/2147/2024_H3N2,2024-10-28,1.0
A/Maldives/2147/2024_H3N2,2024-10-30,1.0
A/Maldives/2147/2024_H3N2,2024-11-04,2.0
A/Maldives/2147/2024_H3N2,2024-11-05,1.0
A/Maldives/2147/2024_H3N2,2024-11-08,1.0
A/Maldives/2147/2024_H3N2,2024-11-17,1.0
A/Maldives/2147/2024_H3N2,2024-11-19,1.0
A/Maldives/2147/2024_H3N2,2024-11-22,1.0
A/Maldives/2147/2024_H3N2,2024-11-24,1.0
A/Maldives/2147/2024_H3N2,2024-11-27,2.0
A/Maldives/2147/2024_H3N2,2024-11-29,2.0
A/Maldives/2147/2024_H3N2,2024-11-30,1.0
A/Maldives/2147/2024_H3N2,2024-12-01,1.0
A/Maldives/2147/2024_H3N2,2024-12-02,1.0
A/Maldives/2147/2024_H3N2,2024-12-03,2.0
A/Maldives/2147/2024_H3N2,2024-12-17,1.0
A/Maldives/2147/2024_H3N2,2024-12-18,1.0
A/Maldives/2147/2024_H3N2,2024-12-19,3.0
A/Maldives/2147/2024_H3N2,2024-12-24,2.0
A/Maldives/2147/2024_H3N2,2024-12-26,1.0
A/Maldives/2147/2024_H3N2,2024-12-28,1.0
A/Maldives/2147/2024_H3N2,2024-12-29,1.0
A/Maldives/2147/2024_H3N2,2025-01-06,2.0
A/Maldives/2147/2024_H3N2,2025-01-10,2.0
A/Maldives/2147/2024_H3N2,2025-01-16,1.0
A/Maldives/2147/2024_H3N2,2025-01-17,1.0
A/Maldives/2147/2024_H3N2,2025-01-19,1.0
A/Maldives/2147/2024_H3N2,2025-01-23,1.0
A/Maldives/2147/2024_H3N2,2025-01-28,1.0
A/Maldives/2147/2024_H3N2,2025-01-29,1.5
A/Maldives/2147/2024_H3N2,2025-02-06,1.0
A/Maldives/2147/2024_H3N2,2025-02-18,0.5
A/Maldives/2147/2024_H3N2,2025-02-20,2.0
A/Maldives/2147/2024_H3N2,2025-02-22,1.0
A/Maldives/2147/2024_H3N2,2025-02-26,1.0
A/Maldives/2147/2024_H3N2,2025-03-14,1.0
A/Maldives/2147/2024_H3N2,2025-03-24,0.5
A/Maldives/2147/2024_H3N2,2025-04-01,1.0
A/Maldives/2147/2024_H3N2,2025-04-28,1.0
A/Maldives/2186/2024_H3N2,2024-06-02,1.0
A/Maldives/2186/2024_H3N2,2024-08-01,0.5
A/Maldives/2186/2024_H3N2,2024-08-14,0.5
A/Maldives/2186/2024_H3N2,2024-08-18,1.0
A/Maldives/2186/2024_H3N2,2024-08-23,1.0
A/Maldives/2186/2024_H3N2,2024-08-29,1.0
A/Maldives/2186/2024_H3N2,2024-09-02,1.0
A/Maldives/2186/2024_H3N2,2024-09-10,1.0
A/Maldives/2186/2024_H3N2,2024-09-28,1.0
A/Maldives/2186/2024_H3N2,2024-09-30,1.0
A/Maldives/2186/2024_H3N2,2024-10-02,2.0
A/Maldives/2186/2024_H3N2,2024-10-04,1.0
A/Maldives/2186/2024_H3N2,2024-10-05,3.0
A/Maldives/2186/2024_H3N2,2024-10-08,1.0
A/Maldives/2186/2024_H3N2,2024-10-11,1.0
A/Maldives/2186/2024_H3N2,2024-10-14,1.0
A/Maldives/2186/2024_H3N2,2024-10-16,1.0
A/Maldives/2186/2024_H3N2,2024-10-18,1.0
A/Maldives/2186/2024_H3N2,2024-10-19,1.0
A/Maldives/2186/2024_H3N2,2024-10-23,1.0
A/Maldives/2186/2024_H3N2,2024-10-28,1.0
A/Maldives/2186/2024_H3N2,2024-10-30,1.0
A/Maldives/2186/2024_H3N2,2024-11-09,1.0
A/Maldives/2186/2024_H3N2,2024-11-11,1.0
A/Maldives/2186/2024_H3N2,2024-11-13,1.0
A/Maldives/2186/2024_H3N2,2024-11-15,1.0
A/Maldives/2186/2024_H3N2,2024-11-18,1.0
A/Maldives/2186/2024_H3N2,2024-11-20,1.0
A/Maldives/2186/2024_H3N2,2024-11-21,1.0
A/Maldives/2186/2024_H3N2,2024-11-26,1.0
A/Maldives/2186/2024_H3N2,2024-12-22,1.0
A/Maldives/2186/2024_H3N2,2024-12-23,1.0
A/Maldives/2186/2024_H3N2,2024-12-27,1.0
A/Maldives/2186/2024_H3N2,2024-12-30,1.0
A/Maldives/2186/2024_H3N2,2025-01-12,0.5
A/Maldives/2186/2024_H3N2,2025-01-21,1.0
A/Maldives/2186/2024_H3N2,2025-01-22,0.5
A/Maldives/2186/2024_H3N2,2025-01-23,0.5
A/Maldives/2186/2024_H3N2,2025-01-27,2.0
A/Maldives/2186/2024_H3N2,2025-01-29,1.0
A/Maldives/2186/2024_H3N2,2025-02-13,0.5
A/Maldives/2186/2024_H3N2,2025-02-14,0.5
A/Maldives/2186/2024_H3N2,2025-02-24,0.5
A/Maldives/2186/2024_H3N2,2025-03-24,1.0
A/Maldives/2186/2024_H3N2,2025-04-03,0.5
A/Maldives/2186/2024_H3N2,2025-04-29,0.5
A/Manitoba/RV04865/2024_H3N2,2024-05-07,1.0
A/Manitoba/RV04865/2024_H3N2,2024-05-28,2.0
A/Manitoba/RV04865/2024_H3N2,2024-05-30,2.0
A/Manitoba/RV04865/2024_H3N2,2024-06-03,2.0
A/Manitoba/RV04865/2024_H3N2,2024-06-06,1.0
A/Manitoba/RV04865/2024_H3N2,2024-06-07,1.0
A/Manitoba/RV04865/2024_H3N2,2024-06-12,2.0
A/Manitoba/RV04865/2024_H3N2,2024-06-15,2.0
A/Manitoba/RV04865/2024_H3N2,2024-06-17,1.0
A/Manitoba/RV04865/2024_H3N2,2024-06-18,1.0
A/Manitoba/RV04865/2024_H3N2,2024-06-19,1.0
A/Manitoba/RV04865/2024_H3N2,2024-06-20,1.0
A/Manitoba/RV04865/2024_H3N2,2024-06-21,1.0
A/Manitoba/RV04865/2024_H3N2,2024-06-22,2.0
A/Manitoba/RV04865/2024_H3N2,2024-06-25,1.0
A/Manitoba/RV04865/2024_H3N2,2024-06-28,3.0
A/Manitoba/RV04865/2024_H3N2,2024-06-29,2.0
A/Manitoba/RV04865/2024_H3N2,2024-07-02,3.0
A/Manitoba/RV04865/2024_H3N2,2024-07-04,2.0
A/Manitoba/RV04865/2024_H3N2,2024-07-05,2.0
A/Manitoba/RV04865/2024_H3N2,2024-07-06,1.0
A/Manitoba/RV04865/2024_H3N2,2024-07-07,3.0
A/Manitoba/RV04865/2024_H3N2,2024-07-08,7.0
A/Manitoba/RV04865/2024_H3N2,2024-07-09,4.0
A/Manitoba/RV04865/2024_H3N2,2024-07-10,4.0
A/Manitoba/RV04865/2024_H3N2,2024-07-12,1.0
A/Manitoba/RV04865/2024_H3N2,2024-07-13,1.0
A/Manitoba/RV04865/2024_H3N2,2024-07-14,1.0
A/Manitoba/RV04865/2024_H3N2,2024-07-15,1.0
A/Manitoba/RV04865/2024_H3N2,2024-07-17,1.0
A/Manitoba/RV04865/2024_H3N2,2024-07-18,1.0
A/Manitoba/RV04865/2024_H3N2,2024-07-20,1.0
A/Manitoba/RV04865/2024_H3N2,2024-07-21,1.0
A/Manitoba/RV04865/2024_H3N2,2024-07-22,1.0
A/Manitoba/RV04865/2024_H3N2,2024-07-23,1.0
A/Manitoba/RV04865/2024_H3N2,2024-07-24,3.0
A/Manitoba/RV04865/2024_H3N2,2024-07-25,2.0
A/Manitoba/RV04865/2024_H3N2,2024-07-27,1.0
A/Manitoba/RV04865/2024_H3N2,2024-07-28,1.0
A/Manitoba/RV04865/2024_H3N2,2024-07-30,2.0
A/Manitoba/RV04865/2024_H3N2,2024-07-31,2.0
A/Manitoba/RV04865/2024_H3N2,2024-08-01,3.0
A/Manitoba/RV04865/2024_H3N2,2024-08-02,2.0
A/Manitoba/RV04865/2024_H3N2,2024-08-05,1.0
A/Manitoba/RV04865/2024_H3N2,2024-08-06,2.0
A/Manitoba/RV04865/2024_H3N2,2024-08-07,2.0
A/Manitoba/RV04865/2024_H3N2,2024-08-08,1.0
A/Manitoba/RV04865/2024_H3N2,2024-08-09,1.0
A/Manitoba/RV04865/2024_H3N2,2024-08-12,2.0
A/Manitoba/RV04865/2024_H3N2,2024-08-13,2.0
A/Manitoba/RV04865/2024_H3N2,2024-08-14,1.0
A/Manitoba/RV04865/2024_H3N2,2024-08-19,1.0
A/Manitoba/RV04865/2024_H3N2,2024-08-21,2.0
A/Manitoba/RV04865/2024_H3N2,2024-08-27,1.0
A/Manitoba/RV04865/2024_H3N2,2024-08-28,1.0
A/Manitoba/RV04865/2024_H3N2,2024-08-30,1.0
A/Manitoba/RV04865/2024_H3N2,2024-08-31,1.0
A/Manitoba/RV04865/2024_H3N2,2024-09-02,5.0
A/Manitoba/RV04865/2024_H3N2,2024-09-03,3.0
A/Manitoba/RV04865/2024_H3N2,2024-09-04,1.0
A/Manitoba/RV04865/2024_H3N2,2024-09-06,1.0
A/Manitoba/RV04865/2024_H3N2,2024-09-07,1.0
A/Manitoba/RV04865/2024_H3N2,2024-09-09,1.0
A/Manitoba/RV04865/2024_H3N2,2024-09-11,1.0
A/Manitoba/RV04865/2024_H3N2,2024-09-12,2.0
A/Manitoba/RV04865/2024_H3N2,2024-09-13,2.0
A/Manitoba/RV04865/2024_H3N2,2024-09-15,1.0
A/Manitoba/RV04865/2024_H3N2,2024-09-16,1.0
A/Manitoba/RV04865/2024_H3N2,2024-09-18,2.0
A/Manitoba/RV04865/2024_H3N2,2024-09-19,2.0
A/Manitoba/RV04865/2024_H3N2,2024-09-20,1.0
A/Manitoba/RV04865/2024_H3N2,2024-09-23,1.0
A/Manitoba/RV04865/2024_H3N2,2024-09-28,1.0
A/Manitoba/RV04865/2024_H3N2,2024-09-30,1.0
A/Manitoba/RV04865/2024_H3N2,2024-10-02,4.0
A/Manitoba/RV04865/2024_H3N2,2024-10-15,2.0
A/Manitoba/RV04865/2024_H3N2,2024-10-20,1.0
A/Manitoba/RV04865/2024_H3N2,2024-10-23,1.0
A/Manitoba/RV04865/2024_H3N2,2024-10-24,1.0
A/Manitoba/RV04865/2024_H3N2,2024-10-25,2.0
A/Manitoba/RV04865/2024_H3N2,2024-10-26,1.0
A/Manitoba/RV04865/2024_H3N2,2024-10-27,1.0
A/Manitoba/RV04865/2024_H3N2,2024-10-29,2.0
A/Manitoba/RV04865/2024_H3N2,2024-11-01,2.0
A/Manitoba/RV04865/2024_H3N2,2024-11-02,1.0
A/Manitoba/RV04865/2024_H3N2,2024-11-04,1.0
A/Manitoba/RV04865/2024_H3N2,2024-11-05,2.0
A/Manitoba/RV04865/2024_H3N2,2024-11-06,1.0
A/Manitoba/RV04865/2024_H3N2,2024-11-14,1.0
A/Manitoba/RV04865/2024_H3N2,2024-11-17,1.0
A/Manitoba/RV04865/2024_H3N2,2024-11-18,1.0
A/Manitoba/RV04865/2024_H3N2,2024-11-19,2.0
A/Manitoba/RV04865/2024_H3N2,2024-11-21,1.0
A/Manitoba/RV04865/2024_H3N2,2024-11-22,1.0
A/Manitoba/RV04865/2024_H3N2,2024-11-23,2.0
A/Manitoba/RV04865/2024_H3N2,2024-11-26,1.0
A/Manitoba/RV04865/2024_H3N2,2024-11-29,2.0
A/Manitoba/RV04865/2024_H3N2,2024-11-30,1.0
A/Manitoba/RV04865/2024_H3N2,2024-12-01,2.0
A/Manitoba/RV04865/2024_H3N2,2024-12-02,2.0
A/Manitoba/RV04865/2024_H3N2,2024-12-04,2.0
A/Manitoba/RV04865/2024_H3N2,2024-12-05,1.0
A/Manitoba/RV04865/2024_H3N2,2024-12-08,1.0
A/Manitoba/RV04865/2024_H3N2,2024-12-09,1.0
A/Manitoba/RV04865/2024_H3N2,2024-12-10,3.0
A/Manitoba/RV04865/2024_H3N2,2024-12-11,2.0
A/Manitoba/RV04865/2024_H3N2,2024-12-12,1.0
A/Manitoba/RV04865/2024_H3N2,2024-12-14,1.0
A/Manitoba/RV04865/2024_H3N2,2024-12-15,1.0
A/Manitoba/RV04865/2024_H3N2,2024-12-16,1.0
A/Manitoba/RV04865/2024_H3N2,2024-12-17,1.0
A/Manitoba/RV04865/2024_H3N2,2024-12-18,1.0
A/Manitoba/RV04865/2024_H3N2,2024-12-19,1.0
A/Manitoba/RV04865/2024_H3N2,2024-12-21,2.0
A/Manitoba/RV04865/2024_H3N2,2024-12-23,1.0
A/Manitoba/RV04865/2024_H3N2,2024-12-25,2.0
A/Manitoba/RV04865/2024_H3N2,2024-12-26,3.0
A/Manitoba/RV04865/2024_H3N2,2024-12-27,5.0
A/Manitoba/RV04865/2024_H3N2,2024-12-28,2.0
A/Manitoba/RV04865/2024_H3N2,2024-12-29,1.0
A/Manitoba/RV04865/2024_H3N2,2024-12-30,5.0
A/Manitoba/RV04865/2024_H3N2,2024-12-31,2.0
A/Manitoba/RV04865/2024_H3N2,2025-01-01,2.0
A/Manitoba/RV04865/2024_H3N2,2025-01-02,4.0
A/Manitoba/RV04865/2024_H3N2,2025-01-03,7.0
A/Manitoba/RV04865/2024_H3N2,2025-01-04,1.0
A/Manitoba/RV04865/2024_H3N2,2025-01-05,7.0
A/Manitoba/RV04865/2024_H3N2,2025-01-06,6.0
A/Manitoba/RV04865/2024_H3N2,2025-01-07,9.0
A/Manitoba/RV04865/2024_H3N2,2025-01-08,2.0
A/Manitoba/RV04865/2024_H3N2,2025-01-09,1.0
A/Manitoba/RV04865/2024_H3N2,2025-01-11,2.0
A/Manitoba/RV04865/2024_H3N2,2025-01-12,1.0
A/Manitoba/RV04865/2024_H3N2,2025-01-13,1.0
A/Manitoba/RV04865/2024_H3N2,2025-01-14,3.0
A/Manitoba/RV04865/2024_H3N2,2025-01-15,3.0
A/Manitoba/RV04865/2024_H3N2,2025-01-16,2.0
A/Manitoba/RV04865/2024_H3N2,2025-01-17,1.0
A/Manitoba/RV04865/2024_H3N2,2025-01-18,1.0
A/Manitoba/RV04865/2024_H3N2,2025-01-19,1.0
A/Manitoba/RV04865/2024_H3N2,2025-01-21,2.0
A/Manitoba/RV04865/2024_H3N2,2025-01-22,1.0
A/Manitoba/RV04865/2024_H3N2,2025-01-23,2.0
A/Manitoba/RV04865/2024_H3N2,2025-01-24,1.0
A/Manitoba/RV04865/2024_H3N2,2025-01-25,1.0
A/Manitoba/RV04865/2024_H3N2,2025-01-27,1.0
A/Manitoba/RV04865/2024_H3N2,2025-01-28,3.0
A/Manitoba/RV04865/2024_H3N2,2025-01-29,2.0
A/Manitoba/RV04865/2024_H3N2,2025-01-30,2.0
A/Manitoba/RV04865/2024_H3N2,2025-01-31,2.0
A/Manitoba/RV04865/2024_H3N2,2025-02-02,3.0
A/Manitoba/RV04865/2024_H3N2,2025-02-03,3.0
A/Manitoba/RV04865/2024_H3N2,2025-02-04,1.0
A/Manitoba/RV04865/2024_H3N2,2025-02-05,1.0
A/Manitoba/RV04865/2024_H3N2,2025-02-06,1.0
A/Manitoba/RV04865/2024_H3N2,2025-02-07,1.0
A/Manitoba/RV04865/2024_H3N2,2025-02-08,2.0
A/Manitoba/RV04865/2024_H3N2,2025-02-09,1.0
A/Manitoba/RV04865/2024_H3N2,2025-02-10,2.0
A/Manitoba/RV04865/2024_H3N2,2025-02-11,3.0
A/Manitoba/RV04865/2024_H3N2,2025-02-13,2.0
A/Manitoba/RV04865/2024_H3N2,2025-02-15,1.0
A/Manitoba/RV04865/2024_H3N2,2025-02-16,2.0
A/Manitoba/RV04865/2024_H3N2,2025-02-17,1.0
A/Manitoba/RV04865/2024_H3N2,2025-02-18,2.0
A/Manitoba/RV04865/2024_H3N2,2025-02-19,2.0
A/Manitoba/RV04865/2024_H3N2,2025-02-22,1.0
A/Manitoba/RV04865/2024_H3N2,2025-02-24,2.0
A/Manitoba/RV04865/2024_H3N2,2025-02-26,1.0
A/Manitoba/RV04865/2024_H3N2,2025-02-27,1.0
A/Manitoba/RV04865/2024_H3N2,2025-03-03,1.0
A/Manitoba/RV04865/2024_H3N2,2025-03-04,1.0
A/Manitoba/RV04865/2024_H3N2,2025-03-05,3.0
A/Manitoba/RV04865/2024_H3N2,2025-03-06,2.0
A/Manitoba/RV04865/2024_H3N2,2025-03-07,1.0
A/Manitoba/RV04865/2024_H3N2,2025-03-10,2.0
A/Manitoba/RV04865/2024_H3N2,2025-03-11,1.0
A/Manitoba/RV04865/2024_H3N2,2025-03-12,3.0
A/Manitoba/RV04865/2024_H3N2,2025-03-13,1.0
A/Manitoba/RV04865/2024_H3N2,2025-03-17,3.0
A/Manitoba/RV04865/2024_H3N2,2025-03-19,3.0
A/Manitoba/RV04865/2024_H3N2,2025-03-20,4.0
A/Manitoba/RV04865/2024_H3N2,2025-03-21,1.0
A/Manitoba/RV04865/2024_H3N2,2025-03-23,1.0
A/Manitoba/RV04865/2024_H3N2,2025-03-24,3.0
A/Manitoba/RV04865/2024_H3N2,2025-03-25,2.0
A/Manitoba/RV04865/2024_H3N2,2025-03-26,3.0
A/Manitoba/RV04865/2024_H3N2,2025-03-28,2.0
A/Manitoba/RV04865/2024_H3N2,2025-03-31,4.0
A/Manitoba/RV04865/2024_H3N2,2025-04-01,5.0
A/Manitoba/RV04865/2024_H3N2,2025-04-02,2.0
A/Manitoba/RV04865/2024_H3N2,2025-04-03,2.0
A/Manitoba/RV04865/2024_H3N2,2025-04-04,4.0
A/Manitoba/RV04865/2024_H3N2,2025-04-05,1.0
A/Manitoba/RV04865/2024_H3N2,2025-04-07,3.0
A/Manitoba/RV04865/2024_H3N2,2025-04-08,3.0
A/Manitoba/RV04865/2024_H3N2,2025-04-09,3.0
A/Manitoba/RV04865/2024_H3N2,2025-04-14,2.0
A/Manitoba/RV04865/2024_H3N2,2025-04-15,4.0
A/Manitoba/RV04865/2024_H3N2,2025-04-16,1.0
A/Manitoba/RV04865/2024_H3N2,2025-04-17,4.0
A/Manitoba/RV04865/2024_H3N2,2025-04-18,1.0
A/Manitoba/RV04865/2024_H3N2,2025-04-19,3.0
A/Manitoba/RV04865/2024_H3N2,2025-04-20,4.0
A/Manitoba/RV04865/2024_H3N2,2025-04-21,2.0
A/Manitoba/RV04865/2024_H3N2,2025-04-22,5.0
A/Manitoba/RV04865/2024_H3N2,2025-04-23,3.0
A/Manitoba/RV04865/2024_H3N2,2025-04-24,1.0
A/Manitoba/RV04865/2024_H3N2,2025-04-25,1.0
A/Manitoba/RV04865/2024_H3N2,2025-04-27,1.0
A/Manitoba/RV04865/2024_H3N2,2025-04-29,3.0
A/Manitoba/RV04865/2024_H3N2,2025-04-30,1.0
A/Manitoba/RV04865/2024_H3N2,2025-05-01,1.0
A/Manitoba/RV04865/2024_H3N2,2025-05-02,5.0
A/Manitoba/RV04865/2024_H3N2,2025-05-04,2.0
A/Manitoba/RV04865/2024_H3N2,2025-05-05,1.0
A/Manitoba/RV04865/2024_H3N2,2025-05-06,4.0
A/Manitoba/RV04865/2024_H3N2,2025-05-07,6.0
A/Manitoba/RV04865/2024_H3N2,2025-05-08,8.0
A/Manitoba/RV04865/2024_H3N2,2025-05-12,6.0
A/Manitoba/RV04865/2024_H3N2,2025-05-14,2.0
A/Manitoba/RV04865/2024_H3N2,2025-05-15,2.0
A/Manitoba/RV04865/2024_H3N2,2025-05-16,1.0
A/Manitoba/RV04865/2024_H3N2,2025-05-18,1.0
A/Manitoba/RV04865/2024_H3N2,2025-05-19,8.0
A/Manitoba/RV04865/2024_H3N2,2025-05-20,2.0
A/Manitoba/RV04865/2024_H3N2,2025-05-21,6.0
A/Manitoba/RV04865/2024_H3N2,2025-05-23,2.0
A/Manitoba/RV04865/2024_H3N2,2025-05-26,3.0
A/Manitoba/RV04865/2024_H3N2,2025-05-28,1.0
A/Manitoba/RV04865/2024_H3N2,2025-05-29,1.0
A/Manitoba/RV04865/2024_H3N2,2025-05-30,1.0
A/Manitoba/RV04865/2024_H3N2,2025-06-02,2.0
A/Manitoba/RV04865/2024_H3N2,2025-06-03,6.0
A/Manitoba/RV04865/2024_H3N2,2025-06-04,2.0
A/Manitoba/RV04865/2024_H3N2,2025-06-05,5.0
A/Manitoba/RV04865/2024_H3N2,2025-06-06,4.0
A/Manitoba/RV04865/2024_H3N2,2025-06-09,1.0
A/Manitoba/RV04865/2024_H3N2,2025-06-11,2.0
A/Manitoba/RV04865/2024_H3N2,2025-06-13,3.0
A/Manitoba/RV04865/2024_H3N2,2025-06-16,1.0
A/Manitoba/RV04865/2024_H3N2,2025-06-19,1.0
A/Manitoba/RV04865/2024_H3N2,2025-06-20,1.0
A/Manitoba/RV04865/2024_H3N2,2025-06-24,2.0
A/Manitoba/RV04865/2024_H3N2,2025-06-25,2.0
A/Manitoba/RV04865/2024_H3N2,2025-06-26,5.0
A/Manitoba/RV04865/2024_H3N2,2025-07-03,1.0
A/Manitoba/RV04865/2024_H3N2,2025-07-08,1.0
A/Manitoba/RV04865/2024_H3N2,2025-07-12,1.0
A/Manitoba/RV04865/2024_H3N2,2025-07-14,1.0
A/Manitoba/RV04865/2024_H3N2,2025-07-29,0.5
A/Massachusetts/18/2022_H3N2,2024-05-03,1.0
A/Massachusetts/18/2022_H3N2,2024-05-06,2.0
A/Massachusetts/18/2022_H3N2,2024-05-07,1.0
A/Massachusetts/18/2022_H3N2,2024-05-09,3.0
A/Massachusetts/18/2022_H3N2,2024-05-11,1.0
A/Massachusetts/18/2022_H3N2,2024-05-13,1.0
A/Massachusetts/18/2022_H3N2,2024-05-14,1.0
A/Massachusetts/18/2022_H3N2,2024-05-15,1.0
A/Massachusetts/18/2022_H3N2,2024-05-16,1.0
A/Massachusetts/18/2022_H3N2,2024-05-18,1.0
A/Massachusetts/18/2022_H3N2,2024-05-20,1.0
A/Massachusetts/18/2022_H3N2,2024-05-22,1.0
A/Massachusetts/18/2022_H3N2,2024-05-24,1.0
A/Massachusetts/18/2022_H3N2,2024-05-27,2.0
A/Massachusetts/18/2022_H3N2,2024-06-01,2.0
A/Massachusetts/18/2022_H3N2,2024-06-04,1.0
A/Massachusetts/18/2022_H3N2,2024-06-08,1.0
A/Massachusetts/18/2022_H3N2,2024-06-25,2.0
A/Massachusetts/18/2022_H3N2,2024-07-08,1.0
A/Massachusetts/18/2022_H3N2,2024-07-10,3.0
A/Massachusetts/18/2022_H3N2,2024-07-11,1.0
A/Massachusetts/18/2022_H3N2,2024-07-29,1.0
A/Massachusetts/18/2022_H3N2,2024-08-04,1.0
A/Massachusetts/18/2022_H3N2,2024-08-05,1.0
A/Massachusetts/18/2022_H3N2,2024-08-07,1.0
A/Massachusetts/18/2022_H3N2,2024-08-14,1.0
A/Massachusetts/18/2022_H3N2,2024-08-19,1.0
A/Massachusetts/18/2022_H3N2,2024-08-20,1.0
A/Massachusetts/18/2022_H3N2,2024-09-03,2.0
A/Massachusetts/18/2022_H3N2,2024-09-09,1.0
A/Massachusetts/18/2022_H3N2,2024-10-22,1.0
A/Massachusetts/18/2022_H3N2,2024-11-13,1.0
A/Massachusetts/18/2022_H3N2,2024-11-20,1.0
A/Massachusetts/18/2022_H3N2,2024-11-22,1.0
A/Massachusetts/18/2022_H3N2,2024-12-13,1.0
A/Massachusetts/18/2022_H3N2,2025-01-13,1.0
A/Massachusetts/93/2024_H3N2,2024-04-28,0.8181818181818182
A/Massachusetts/93/2024_H3N2,2024-04-29,1.9090909090909092
A/Massachusetts/93/2024_H3N2,2024-04-30,1.7272727272727273
A/Massachusetts/93/2024_H3N2,2024-05-01,1.6363636363636365
A/Massachusetts/93/2024_H3N2,2024-05-02,0.4545454545454546
A/Massachusetts/93/2024_H3N2,2024-05-03,1.8181818181818181
A/Massachusetts/93/2024_H3N2,2024-05-04,1.7272727272727273
A/Massachusetts/93/2024_H3N2,2024-05-05,1.7272727272727273
A/Massachusetts/93/2024_H3N2,2024-05-06,4.545454545454545
A/Massachusetts/93/2024_H3N2,2024-05-07,3.181818181818182
A/Massachusetts/93/2024_H3N2,2024-05-08,1.9090909090909092
A/Massachusetts/93/2024_H3N2,2024-05-09,3.3636363636363638
A/Massachusetts/93/2024_H3N2,2024-05-10,2.6363636363636362
A/Massachusetts/93/2024_H3N2,2024-05-11,0.5454545454545454
A/Massachusetts/93/2024_H3N2,2024-05-12,1.2727272727272727
A/Massachusetts/93/2024_H3N2,2024-05-13,6.909090909090909
A/Massachusetts/93/2024_H3N2,2024-05-14,1.9090909090909092
A/Massachusetts/93/2024_H3N2,2024-05-15,2.4242424242424243
A/Massachusetts/93/2024_H3N2,2024-05-16,1.8181818181818181
A/Massachusetts/93/2024_H3N2,2024-05-17,1.0454545454545454
A/Massachusetts/93/2024_H3N2,2024-05-18,0.8181818181818182
A/Massachusetts/93/2024_H3N2,2024-05-19,3.545454545454546
A/Massachusetts/93/2024_H3N2,2024-05-20,9.090909090909092
A/Massachusetts/93/2024_H3N2,2024-05-21,4.454545454545454
A/Massachusetts/93/2024_H3N2,2024-05-22,4.090909090909091
A/Massachusetts/93/2024_H3N2,2024-05-23,9.09090909090909
A/Massachusetts/93/2024_H3N2,2024-05-24,2.727272727272727
A/Massachusetts/93/2024_H3N2,2024-05-25,0.2727272727272727
A/Massachusetts/93/2024_H3N2,2024-05-26,3.1818181818181817
A/Massachusetts/93/2024_H3N2,2024-05-27,1.9090909090909092
A/Massachusetts/93/2024_H3N2,2024-05-28,3.272727272727273
A/Massachusetts/93/2024_H3N2,2024-05-29,4.545454545454545
A/Massachusetts/93/2024_H3N2,2024-05-30,1.2727272727272727
A/Massachusetts/93/2024_H3N2,2024-05-31,3.4545454545454546
A/Massachusetts/93/2024_H3N2,2024-06-01,1.1818181818181819
A/Massachusetts/93/2024_H3N2,2024-06-02,2.3636363636363638
A/Massachusetts/93/2024_H3N2,2024-06-03,1.5454545454545454
A/Massachusetts/93/2024_H3N2,2024-06-04,6.454545454545455
A/Massachusetts/93/2024_H3N2,2024-06-05,5.636363636363637
A/Massachusetts/93/2024_H3N2,2024-06-06,5.090909090909091
A/Massachusetts/93/2024_H3N2,2024-06-07,2.0
A/Massachusetts/93/2024_H3N2,2024-06-08,5.181818181818182
A/Massachusetts/93/2024_H3N2,2024-06-09,4.181818181818182
A/Massachusetts/93/2024_H3N2,2024-06-10,1.4545454545454546
A/Massachusetts/93/2024_H3N2,2024-06-11,8.454545454545455
A/Massachusetts/93/2024_H3N2,2024-06-12,6.818181818181818
A/Massachusetts/93/2024_H3N2,2024-06-13,4.090909090909091
A/Massachusetts/93/2024_H3N2,2024-06-14,3.3636363636363638
A/Massachusetts/93/2024_H3N2,2024-06-15,5.181818181818182
A/Massachusetts/93/2024_H3N2,2024-06-16,2.272727272727273
A/Massachusetts/93/2024_H3N2,2024-06-17,6.545454545454546
A/Massachusetts/93/2024_H3N2,2024-06-18,5.863636363636364
A/Massachusetts/93/2024_H3N2,2024-06-19,3.4545454545454546
A/Massachusetts/93/2024_H3N2,2024-06-20,8.363636363636363
A/Massachusetts/93/2024_H3N2,2024-06-21,5.0
A/Massachusetts/93/2024_H3N2,2024-06-22,6.090909090909091
A/Massachusetts/93/2024_H3N2,2024-06-23,5.0
A/Massachusetts/93/2024_H3N2,2024-06-24,1.8181818181818183
A/Massachusetts/93/2024_H3N2,2024-06-25,5.363636363636363
A/Massachusetts/93/2024_H3N2,2024-06-26,3.2727272727272725
A/Massachusetts/93/2024_H3N2,2024-06-27,1.3636363636363635
A/Massachusetts/93/2024_H3N2,2024-06-28,3.4545454545454546
A/Massachusetts/93/2024_H3N2,2024-06-29,2.0
A/Massachusetts/93/2024_H3N2,2024-06-30,2.272727272727273
A/Massachusetts/93/2024_H3N2,2024-07-01,5.363636363636363
A/Massachusetts/93/2024_H3N2,2024-07-02,3.1818181818181817
A/Massachusetts/93/2024_H3N2,2024-07-03,3.090909090909091
A/Massachusetts/93/2024_H3N2,2024-07-04,4.0
A/Massachusetts/93/2024_H3N2,2024-07-05,3.2727272727272725
A/Massachusetts/93/2024_H3N2,2024-07-06,2.0
A/Massachusetts/93/2024_H3N2,2024-07-07,5.090909090909091
A/Massachusetts/93/2024_H3N2,2024-07-08,3.090909090909091
A/Massachusetts/93/2024_H3N2,2024-07-09,2.6136363636363638
A/Massachusetts/93/2024_H3N2,2024-07-10,6.2727272727272725
A/Massachusetts/93/2024_H3N2,2024-07-11,6.181818181818182
A/Massachusetts/93/2024_H3N2,2024-07-12,2.1818181818181817
A/Massachusetts/93/2024_H3N2,2024-07-13,1.0909090909090908
A/Massachusetts/93/2024_H3N2,2024-07-14,2.090909090909091
A/Massachusetts/93/2024_H3N2,2024-07-15,5.272727272727273
A/Massachusetts/93/2024_H3N2,2024-07-16,6.363636363636363
A/Massachusetts/93/2024_H3N2,2024-07-17,0.6363636363636364
A/Massachusetts/93/2024_H3N2,2024-07-18,6.363636363636363
A/Massachusetts/93/2024_H3N2,2024-07-19,3.090909090909091
A/Massachusetts/93/2024_H3N2,2024-07-20,2.0
A/Massachusetts/93/2024_H3N2,2024-07-21,1.25
A/Massachusetts/93/2024_H3N2,2024-07-22,5.2727272727272725
A/Massachusetts/93/2024_H3N2,2024-07-23,4.181818181818182
A/Massachusetts/93/2024_H3N2,2024-07-24,2.0
A/Massachusetts/93/2024_H3N2,2024-07-25,4.0
A/Massachusetts/93/2024_H3N2,2024-07-26,7.181818181818182
A/Massachusetts/93/2024_H3N2,2024-07-28,4.090909090909091
A/Massachusetts/93/2024_H3N2,2024-07-29,2.090909090909091
A/Massachusetts/93/2024_H3N2,2024-07-30,4.090909090909091
A/Massachusetts/93/2024_H3N2,2024-07-31,4.181818181818182
A/Massachusetts/93/2024_H3N2,2024-08-01,7.090909090909091
A/Massachusetts/93/2024_H3N2,2024-08-02,3.272727272727273
A/Massachusetts/93/2024_H3N2,2024-08-03,1.1818181818181819
A/Massachusetts/93/2024_H3N2,2024-08-04,1.0
A/Massachusetts/93/2024_H3N2,2024-08-05,4.2727272727272725
A/Massachusetts/93/2024_H3N2,2024-08-06,2.1818181818181817
A/Massachusetts/93/2024_H3N2,2024-08-07,6.181818181818182
A/Massachusetts/93/2024_H3N2,2024-08-08,4.0
A/Massachusetts/93/2024_H3N2,2024-08-09,5.0
A/Massachusetts/93/2024_H3N2,2024-08-10,1.1818181818181819
A/Massachusetts/93/2024_H3N2,2024-08-11,0.09090909090909091
A/Massachusetts/93/2024_H3N2,2024-08-12,4.181818181818182
A/Massachusetts/93/2024_H3N2,2024-08-13,1.0
A/Massachusetts/93/2024_H3N2,2024-08-14,3.0
A/Massachusetts/93/2024_H3N2,2024-08-16,5.090909090909091
A/Massachusetts/93/2024_H3N2,2024-08-17,0.09090909090909091
A/Massachusetts/93/2024_H3N2,2024-08-18,1.0
A/Massachusetts/93/2024_H3N2,2024-08-19,4.0
A/Massachusetts/93/2024_H3N2,2024-08-20,4.340909090909091
A/Massachusetts/93/2024_H3N2,2024-08-21,1.2727272727272727
A/Massachusetts/93/2024_H3N2,2024-08-22,2.1818181818181817
A/Massachusetts/93/2024_H3N2,2024-08-23,5.090909090909091
A/Massachusetts/93/2024_H3N2,2024-08-24,1.0
A/Massachusetts/93/2024_H3N2,2024-08-25,6.090909090909091
A/Massachusetts/93/2024_H3N2,2024-08-26,4.090909090909091
A/Massachusetts/93/2024_H3N2,2024-08-27,3.090909090909091
A/Massachusetts/93/2024_H3N2,2024-08-28,2.0
A/Massachusetts/93/2024_H3N2,2024-08-29,2.090909090909091
A/Massachusetts/93/2024_H3N2,2024-08-30,3.0
A/Massachusetts/93/2024_H3N2,2024-08-31,0.09090909090909091
A/Massachusetts/93/2024_H3N2,2024-09-01,1.0
A/Massachusetts/93/2024_H3N2,2024-09-02,5.0
A/Massachusetts/93/2024_H3N2,2024-09-03,3.0
A/Massachusetts/93/2024_H3N2,2024-09-04,1.1818181818181819
A/Massachusetts/93/2024_H3N2,2024-09-05,2.0
A/Massachusetts/93/2024_H3N2,2024-09-06,1.0
A/Massachusetts/93/2024_H3N2,2024-09-07,2.0
A/Massachusetts/93/2024_H3N2,2024-09-08,1.0
A/Massachusetts/93/2024_H3N2,2024-09-09,6.363636363636363
A/Massachusetts/93/2024_H3N2,2024-09-10,5.0
A/Massachusetts/93/2024_H3N2,2024-09-11,4.0
A/Massachusetts/93/2024_H3N2,2024-09-12,8.09090909090909
A/Massachusetts/93/2024_H3N2,2024-09-13,3.0
A/Massachusetts/93/2024_H3N2,2024-09-15,2.0
A/Massachusetts/93/2024_H3N2,2024-09-16,3.4318181818181817
A/Massachusetts/93/2024_H3N2,2024-09-17,0.09090909090909091
A/Massachusetts/93/2024_H3N2,2024-09-18,4.0
A/Massachusetts/93/2024_H3N2,2024-09-19,2.0
A/Massachusetts/93/2024_H3N2,2024-09-20,5.0
A/Massachusetts/93/2024_H3N2,2024-09-21,2.090909090909091
A/Massachusetts/93/2024_H3N2,2024-09-22,4.0
A/Massachusetts/93/2024_H3N2,2024-09-23,5.181818181818182
A/Massachusetts/93/2024_H3N2,2024-09-24,2.0
A/Massachusetts/93/2024_H3N2,2024-09-25,1.0
A/Massachusetts/93/2024_H3N2,2024-09-26,2.272727272727273
A/Massachusetts/93/2024_H3N2,2024-09-27,0.18181818181818182
A/Massachusetts/93/2024_H3N2,2024-09-28,0.09090909090909091
A/Massachusetts/93/2024_H3N2,2024-09-29,0.09090909090909091
A/Massachusetts/93/2024_H3N2,2024-09-30,1.1818181818181819
A/Massachusetts/93/2024_H3N2,2024-10-01,2.0
A/Massachusetts/93/2024_H3N2,2024-10-02,5.0
A/Massachusetts/93/2024_H3N2,2024-10-03,4.090909090909091
A/Massachusetts/93/2024_H3N2,2024-10-04,2.272727272727273
A/Massachusetts/93/2024_H3N2,2024-10-05,2.0
A/Massachusetts/93/2024_H3N2,2024-10-06,2.0
A/Massachusetts/93/2024_H3N2,2024-10-07,5.181818181818182
A/Massachusetts/93/2024_H3N2,2024-10-08,2.0
A/Massachusetts/93/2024_H3N2,2024-10-09,4.0
A/Massachusetts/93/2024_H3N2,2024-10-10,2.0
A/Massachusetts/93/2024_H3N2,2024-10-11,2.0
A/Massachusetts/93/2024_H3N2,2024-10-12,1.0
A/Massachusetts/93/2024_H3N2,2024-10-13,2.0
A/Massachusetts/93/2024_H3N2,2024-10-14,1.1818181818181819
A/Massachusetts/93/2024_H3N2,2024-10-15,7.0
A/Massachusetts/93/2024_H3N2,2024-10-16,2.0
A/Massachusetts/93/2024_H3N2,2024-10-17,1.0909090909090908
A/Massachusetts/93/2024_H3N2,2024-10-18,8.09090909090909
A/Massachusetts/93/2024_H3N2,2024-10-19,1.0909090909090908
A/Massachusetts/93/2024_H3N2,2024-10-21,2.0
A/Massachusetts/93/2024_H3N2,2024-10-22,7.090909090909091
A/Massachusetts/93/2024_H3N2,2024-10-23,1.0
A/Massachusetts/93/2024_H3N2,2024-10-28,3.090909090909091
A/Massachusetts/93/2024_H3N2,2024-10-29,4.0
A/Massachusetts/93/2024_H3N2,2024-10-30,4.25
A/Massachusetts/93/2024_H3N2,2024-10-31,1.4242424242424243
A/Massachusetts/93/2024_H3N2,2024-11-01,4.090909090909091
A/Massachusetts/93/2024_H3N2,2024-11-02,3.1818181818181817
A/Massachusetts/93/2024_H3N2,2024-11-03,3.090909090909091
A/Massachusetts/93/2024_H3N2,2024-11-04,3.090909090909091
A/Massachusetts/93/2024_H3N2,2024-11-05,3.0
A/Massachusetts/93/2024_H3N2,2024-11-06,2.25
A/Massachusetts/93/2024_H3N2,2024-11-07,2.1818181818181817
A/Massachusetts/93/2024_H3N2,2024-11-08,3.25
A/Massachusetts/93/2024_H3N2,2024-11-09,3.090909090909091
A/Massachusetts/93/2024_H3N2,2024-11-10,1.0
A/Massachusetts/93/2024_H3N2,2024-11-11,2.25
A/Massachusetts/93/2024_H3N2,2024-11-12,2.1818181818181817
A/Massachusetts/93/2024_H3N2,2024-11-13,2.090909090909091
A/Massachusetts/93/2024_H3N2,2024-11-14,3.0
A/Massachusetts/93/2024_H3N2,2024-11-15,1.0
A/Massachusetts/93/2024_H3N2,2024-11-16,2.090909090909091
A/Massachusetts/93/2024_H3N2,2024-11-17,0.09090909090909091
A/Massachusetts/93/2024_H3N2,2024-11-18,6.0
A/Massachusetts/93/2024_H3N2,2024-11-19,7.0
A/Massachusetts/93/2024_H3N2,2024-11-20,4.090909090909091
A/Massachusetts/93/2024_H3N2,2024-11-21,4.090909090909091
A/Massachusetts/93/2024_H3N2,2024-11-22,1.1818181818181819
A/Massachusetts/93/2024_H3N2,2024-11-23,2.3333333333333335
A/Massachusetts/93/2024_H3N2,2024-11-24,2.0
A/Massachusetts/93/2024_H3N2,2024-11-25,8.0
A/Massachusetts/93/2024_H3N2,2024-11-26,3.0
A/Massachusetts/93/2024_H3N2,2024-11-27,4.0
A/Massachusetts/93/2024_H3N2,2024-11-28,2.0
A/Massachusetts/93/2024_H3N2,2024-11-29,3.340909090909091
A/Massachusetts/93/2024_H3N2,2024-11-30,4.333333333333333
A/Massachusetts/93/2024_H3N2,2024-12-01,4.5
A/Massachusetts/93/2024_H3N2,2024-12-02,9.0
A/Massachusetts/93/2024_H3N2,2024-12-03,12.090909090909092
A/Massachusetts/93/2024_H3N2,2024-12-04,12.0
A/Massachusetts/93/2024_H3N2,2024-12-05,8.0
A/Massachusetts/93/2024_H3N2,2024-12-06,5.0
A/Massachusetts/93/2024_H3N2,2024-12-07,1.0
A/Massachusetts/93/2024_H3N2,2024-12-08,4.0
A/Massachusetts/93/2024_H3N2,2024-12-09,8.0
A/Massachusetts/93/2024_H3N2,2024-12-10,13.0
A/Massachusetts/93/2024_H3N2,2024-12-11,18.09090909090909
A/Massachusetts/93/2024_H3N2,2024-12-12,12.5
A/Massachusetts/93/2024_H3N2,2024-12-13,9.0
A/Massachusetts/93/2024_H3N2,2024-12-14,5.0
A/Massachusetts/93/2024_H3N2,2024-12-15,9.5
A/Massachusetts/93/2024_H3N2,2024-12-16,13.25
A/Massachusetts/93/2024_H3N2,2024-12-17,11.0
A/Massachusetts/93/2024_H3N2,2024-12-18,13.0
A/Massachusetts/93/2024_H3N2,2024-12-19,14.25
A/Massachusetts/93/2024_H3N2,2024-12-20,8.09090909090909
A/Massachusetts/93/2024_H3N2,2024-12-21,6.0
A/Massachusetts/93/2024_H3N2,2024-12-22,6.0
A/Massachusetts/93/2024_H3N2,2024-12-23,21.431818181818183
A/Massachusetts/93/2024_H3N2,2024-12-24,14.75
A/Massachusetts/93/2024_H3N2,2024-12-25,11.0
A/Massachusetts/93/2024_H3N2,2024-12-26,16.0
A/Massachusetts/93/2024_H3N2,2024-12-27,18.0
A/Massachusetts/93/2024_H3N2,2024-12-28,13.25
A/Massachusetts/93/2024_H3N2,2024-12-29,5.5
A/Massachusetts/93/2024_H3N2,2024-12-30,26.75
A/Massachusetts/93/2024_H3N2,2024-12-31,15.333333333333334
A/Massachusetts/93/2024_H3N2,2025-01-01,20.25
A/Massachusetts/93/2024_H3N2,2025-01-02,28.424242424242426
A/Massachusetts/93/2024_H3N2,2025-01-03,21.757575757575758
A/Massachusetts/93/2024_H3N2,2025-01-04,17.0
A/Massachusetts/93/2024_H3N2,2025-01-05,17.25
A/Massachusetts/93/2024_H3N2,2025-01-06,36.333333333333336
A/Massachusetts/93/2024_H3N2,2025-01-07,39.333333333333336
A/Massachusetts/93/2024_H3N2,2025-01-08,35.00757575757576
A/Massachusetts/93/2024_H3N2,2025-01-09,24.34090909090909
A/Massachusetts/93/2024_H3N2,2025-01-10,29.583333333333332
A/Massachusetts/93/2024_H3N2,2025-01-11,16.0
A/Massachusetts/93/2024_H3N2,2025-01-12,5.5
A/Massachusetts/93/2024_H3N2,2025-01-13,34.083333333333336
A/Massachusetts/93/2024_H3N2,2025-01-14,33.34090909090909
A/Massachusetts/93/2024_H3N2,2025-01-15,30.757575757575758
A/Massachusetts/93/2024_H3N2,2025-01-16,34.333333333333336
A/Massachusetts/93/2024_H3N2,2025-01-17,32.67424242424242
A/Massachusetts/93/2024_H3N2,2025-01-18,16.25
A/Massachusetts/93/2024_H3N2,2025-01-19,17.333333333333332
A/Massachusetts/93/2024_H3N2,2025-01-20,49.68181818181818
A/Massachusetts/93/2024_H3N2,2025-01-21,50.25
A/Massachusetts/93/2024_H3N2,2025-01-22,35.75
A/Massachusetts/93/2024_H3N2,2025-01-23,34.583333333333336
A/Massachusetts/93/2024_H3N2,2025-01-24,29.09090909090909
A/Massachusetts/93/2024_H3N2,2025-01-25,28.674242424242426
A/Massachusetts/93/2024_H3N2,2025-01-26,19.5
A/Massachusetts/93/2024_H3N2,2025-01-27,41.833333333333336
A/Massachusetts/93/2024_H3N2,2025-01-28,45.0
A/Massachusetts/93/2024_H3N2,2025-01-29,32.0
A/Massachusetts/93/2024_H3N2,2025-01-30,42.333333333333336
A/Massachusetts/93/2024_H3N2,2025-01-31,21.25
A/Massachusetts/93/2024_H3N2,2025-02-01,14.0
A/Massachusetts/93/2024_H3N2,2025-02-02,12.0
A/Massachusetts/93/2024_H3N2,2025-02-03,38.59090909090909
A/Massachusetts/93/2024_H3N2,2025-02-04,33.416666666666664
A/Massachusetts/93/2024_H3N2,2025-02-05,34.833333333333336
A/Massachusetts/93/2024_H3N2,2025-02-06,28.833333333333332
A/Massachusetts/93/2024_H3N2,2025-02-07,24.333333333333332
A/Massachusetts/93/2024_H3N2,2025-02-08,11.333333333333334
A/Massachusetts/93/2024_H3N2,2025-02-09,13.083333333333334
A/Massachusetts/93/2024_H3N2,2025-02-10,38.265151515151516
A/Massachusetts/93/2024_H3N2,2025-02-11,38.0
A/Massachusetts/93/2024_H3N2,2025-02-12,33.67424242424242
A/Massachusetts/93/2024_H3N2,2025-02-13,29.583333333333332
A/Massachusetts/93/2024_H3N2,2025-02-14,23.5
A/Massachusetts/93/2024_H3N2,2025-02-15,12.25
A/Massachusetts/93/2024_H3N2,2025-02-16,11.75
A/Massachusetts/93/2024_H3N2,2025-02-17,22.583333333333332
A/Massachusetts/93/2024_H3N2,2025-02-18,29.333333333333332
A/Massachusetts/93/2024_H3N2,2025-02-19,27.25
A/Massachusetts/93/2024_H3N2,2025-02-20,23.833333333333332
A/Massachusetts/93/2024_H3N2,2025-02-21,16.0
A/Massachusetts/93/2024_H3N2,2025-02-22,7.5
A/Massachusetts/93/2024_H3N2,2025-02-23,7.0
A/Massachusetts/93/2024_H3N2,2025-02-24,23.75
A/Massachusetts/93/2024_H3N2,2025-02-25,20.916666666666668
A/Massachusetts/93/2024_H3N2,2025-02-26,20.333333333333332
A/Massachusetts/93/2024_H3N2,2025-02-27,13.25
A/Massachusetts/93/2024_H3N2,2025-02-28,15.833333333333334
A/Massachusetts/93/2024_H3N2,2025-03-01,5.25
A/Massachusetts/93/2024_H3N2,2025-03-02,7.833333333333333
A/Massachusetts/93/2024_H3N2,2025-03-03,15.5
A/Massachusetts/93/2024_H3N2,2025-03-04,7.090909090909091
A/Massachusetts/93/2024_H3N2,2025-03-05,10.25
A/Massachusetts/93/2024_H3N2,2025-03-06,16.09090909090909
A/Massachusetts/93/2024_H3N2,2025-03-07,13.833333333333334
A/Massachusetts/93/2024_H3N2,2025-03-08,6.25
A/Massachusetts/93/2024_H3N2,2025-03-09,4.75
A/Massachusetts/93/2024_H3N2,2025-03-10,6.833333333333333
A/Massachusetts/93/2024_H3N2,2025-03-11,12.5
A/Massachusetts/93/2024_H3N2,2025-03-12,11.5
A/Massachusetts/93/2024_H3N2,2025-03-13,5.0
A/Massachusetts/93/2024_H3N2,2025-03-14,3.25
A/Massachusetts/93/2024_H3N2,2025-03-15,3.0
A/Massachusetts/93/2024_H3N2,2025-03-16,6.25
A/Massachusetts/93/2024_H3N2,2025-03-17,14.75
A/Massachusetts/93/2024_H3N2,2025-03-18,12.75
A/Massachusetts/93/2024_H3N2,2025-03-19,9.25
A/Massachusetts/93/2024_H3N2,2025-03-20,5.666666666666667
A/Massachusetts/93/2024_H3N2,2025-03-21,6.5
A/Massachusetts/93/2024_H3N2,2025-03-22,4.0
A/Massachusetts/93/2024_H3N2,2025-03-23,2.3333333333333335
A/Massachusetts/93/2024_H3N2,2025-03-24,7.25
A/Massachusetts/93/2024_H3N2,2025-03-25,6.25
A/Massachusetts/93/2024_H3N2,2025-03-26,11.0
A/Massachusetts/93/2024_H3N2,2025-03-27,2.0
A/Massachusetts/93/2024_H3N2,2025-03-28,1.0
A/Massachusetts/93/2024_H3N2,2025-03-29,1.3409090909090908
A/Massachusetts/93/2024_H3N2,2025-03-30,3.0
A/Massachusetts/93/2024_H3N2,2025-03-31,7.0
A/Massachusetts/93/2024_H3N2,2025-04-01,7.25
A/Massachusetts/93/2024_H3N2,2025-04-02,3.0
A/Massachusetts/93/2024_H3N2,2025-04-03,3.583333333333333
A/Massachusetts/93/2024_H3N2,2025-04-04,3.3333333333333335
A/Massachusetts/93/2024_H3N2,2025-04-05,1.3333333333333333
A/Massachusetts/93/2024_H3N2,2025-04-07,2.0
A/Massachusetts/93/2024_H3N2,2025-04-08,2.6666666666666665
A/Massachusetts/93/2024_H3N2,2025-04-09,4.0
A/Massachusetts/93/2024_H3N2,2025-04-11,1.8333333333333333
A/Massachusetts/93/2024_H3N2,2025-04-12,1.0
A/Massachusetts/93/2024_H3N2,2025-04-13,1.0
A/Massachusetts/93/2024_H3N2,2025-04-14,1.0
A/Massachusetts/93/2024_H3N2,2025-04-16,4.5
A/Massachusetts/93/2024_H3N2,2025-04-17,0.3333333333333333
A/Massachusetts/93/2024_H3N2,2025-04-18,0.25
A/Massachusetts/93/2024_H3N2,2025-04-19,1.0
A/Massachusetts/93/2024_H3N2,2025-04-21,1.0
A/Massachusetts/93/2024_H3N2,2025-04-22,2.0
A/Massachusetts/93/2024_H3N2,2025-04-23,1.0
A/Massachusetts/93/2024_H3N2,2025-04-24,1.0
A/Massachusetts/93/2024_H3N2,2025-04-25,1.0
A/Massachusetts/93/2024_H3N2,2025-04-26,1.0
A/Massachusetts/93/2024_H3N2,2025-04-28,3.0
A/Massachusetts/93/2024_H3N2,2025-04-30,3.0
A/Massachusetts/93/2024_H3N2,2025-05-02,1.0
A/Massachusetts/93/2024_H3N2,2025-05-08,1.0
A/Massachusetts/93/2024_H3N2,2025-05-13,0.6666666666666666
A/Massachusetts/93/2024_H3N2,2025-05-16,0.3333333333333333
A/Massachusetts/93/2024_H3N2,2025-05-19,0.3333333333333333
A/Massachusetts/93/2024_H3N2,2025-06-04,0.09090909090909091
A/Massachusetts/BI_MGH-23147/2025_H3N2,2024-06-28,0.3333333333333333
A/Massachusetts/BI_MGH-23147/2025_H3N2,2024-10-15,0.3333333333333333
A/Massachusetts/BI_MGH-23147/2025_H3N2,2024-10-21,0.3333333333333333
A/Massachusetts/BI_MGH-23147/2025_H3N2,2024-11-07,0.3333333333333333
A/Massachusetts/BI_MGH-23147/2025_H3N2,2024-11-08,1.0
A/Massachusetts/BI_MGH-23147/2025_H3N2,2024-11-09,0.3333333333333333
A/Massachusetts/BI_MGH-23147/2025_H3N2,2024-11-11,0.3333333333333333
A/Massachusetts/BI_MGH-23147/2025_H3N2,2024-11-12,2.333333333333333
A/Massachusetts/BI_MGH-23147/2025_H3N2,2024-11-15,0.3333333333333333
A/Massachusetts/BI_MGH-23147/2025_H3N2,2024-11-16,0.3333333333333333
A/Massachusetts/BI_MGH-23147/2025_H3N2,2024-11-19,0.3333333333333333
A/Massachusetts/BI_MGH-23147/2025_H3N2,2024-11-20,0.3333333333333333
A/Massachusetts/BI_MGH-23147/2025_H3N2,2024-11-21,0.6666666666666666
A/Massachusetts/BI_MGH-23147/2025_H3N2,2024-11-26,0.6666666666666666
A/Massachusetts/BI_MGH-23147/2025_H3N2,2024-11-27,1.0
A/Massachusetts/BI_MGH-23147/2025_H3N2,2024-11-29,0.3333333333333333
A/Massachusetts/BI_MGH-23147/2025_H3N2,2024-11-30,0.3333333333333333
A/Massachusetts/BI_MGH-23147/2025_H3N2,2024-12-01,1.0
A/Massachusetts/BI_MGH-23147/2025_H3N2,2024-12-03,0.6666666666666666
A/Massachusetts/BI_MGH-23147/2025_H3N2,2024-12-07,0.3333333333333333
A/Massachusetts/BI_MGH-23147/2025_H3N2,2024-12-08,0.3333333333333333
A/Massachusetts/BI_MGH-23147/2025_H3N2,2024-12-09,0.3333333333333333
A/Massachusetts/BI_MGH-23147/2025_H3N2,2024-12-11,0.6666666666666666
A/Massachusetts/BI_MGH-23147/2025_H3N2,2024-12-16,0.3333333333333333
A/Massachusetts/BI_MGH-23147/2025_H3N2,2024-12-17,1.6666666666666665
A/Massachusetts/BI_MGH-23147/2025_H3N2,2024-12-19,0.3333333333333333
A/Massachusetts/BI_MGH-23147/2025_H3N2,2024-12-20,0.3333333333333333
A/Massachusetts/BI_MGH-23147/2025_H3N2,2024-12-25,0.6666666666666666
A/Massachusetts/BI_MGH-23147/2025_H3N2,2024-12-27,0.3333333333333333
A/Massachusetts/BI_MGH-23147/2025_H3N2,2024-12-29,0.3333333333333333
A/Massachusetts/BI_MGH-23147/2025_H3N2,2024-12-30,1.6666666666666665
A/Massachusetts/BI_MGH-23147/2025_H3N2,2024-12-31,1.6666666666666665
A/Massachusetts/BI_MGH-23147/2025_H3N2,2025-01-03,0.6666666666666666
A/Massachusetts/BI_MGH-23147/2025_H3N2,2025-01-06,4.0
A/Massachusetts/BI_MGH-23147/2025_H3N2,2025-01-07,1.0
A/Massachusetts/BI_MGH-23147/2025_H3N2,2025-01-09,0.6666666666666666
A/Massachusetts/BI_MGH-23147/2025_H3N2,2025-01-10,0.6666666666666666
A/Massachusetts/BI_MGH-23147/2025_H3N2,2025-01-12,1.0
A/Massachusetts/BI_MGH-23147/2025_H3N2,2025-01-13,1.3333333333333333
A/Massachusetts/BI_MGH-23147/2025_H3N2,2025-01-14,1.3333333333333333
A/Massachusetts/BI_MGH-23147/2025_H3N2,2025-01-17,1.0
A/Massachusetts/BI_MGH-23147/2025_H3N2,2025-01-20,0.3333333333333333
A/Massachusetts/BI_MGH-23147/2025_H3N2,2025-01-21,0.6666666666666666
A/Massachusetts/BI_MGH-23147/2025_H3N2,2025-01-22,0.6666666666666666
A/Massachusetts/BI_MGH-23147/2025_H3N2,2025-01-23,1.0
A/Massachusetts/BI_MGH-23147/2025_H3N2,2025-01-25,0.3333333333333333
A/Massachusetts/BI_MGH-23147/2025_H3N2,2025-01-27,1.3333333333333333
A/Massachusetts/BI_MGH-23147/2025_H3N2,2025-01-28,0.3333333333333333
A/Massachusetts/BI_MGH-23147/2025_H3N2,2025-01-30,1.6666666666666665
A/Massachusetts/BI_MGH-23147/2025_H3N2,2025-01-31,1.0
A/Massachusetts/BI_MGH-23147/2025_H3N2,2025-02-03,1.0
A/Massachusetts/BI_MGH-23147/2025_H3N2,2025-02-04,1.6666666666666665
A/Massachusetts/BI_MGH-23147/2025_H3N2,2025-02-05,1.0
A/Massachusetts/BI_MGH-23147/2025_H3N2,2025-02-06,1.0
A/Massachusetts/BI_MGH-23147/2025_H3N2,2025-02-08,1.0
A/Massachusetts/BI_MGH-23147/2025_H3N2,2025-02-10,1.0
A/Massachusetts/BI_MGH-23147/2025_H3N2,2025-02-11,0.3333333333333333
A/Massachusetts/BI_MGH-23147/2025_H3N2,2025-02-13,0.3333333333333333
A/Massachusetts/BI_MGH-23147/2025_H3N2,2025-02-14,0.3333333333333333
A/Massachusetts/BI_MGH-23147/2025_H3N2,2025-02-16,0.3333333333333333
A/Massachusetts/BI_MGH-23147/2025_H3N2,2025-02-17,0.3333333333333333
A/Massachusetts/BI_MGH-23147/2025_H3N2,2025-02-18,0.3333333333333333
A/Massachusetts/BI_MGH-23147/2025_H3N2,2025-02-19,0.3333333333333333
A/Massachusetts/BI_MGH-23147/2025_H3N2,2025-02-20,0.3333333333333333
A/Massachusetts/BI_MGH-23147/2025_H3N2,2025-02-21,1.0
A/Massachusetts/BI_MGH-23147/2025_H3N2,2025-02-22,0.3333333333333333
A/Massachusetts/BI_MGH-23147/2025_H3N2,2025-02-24,0.3333333333333333
A/Massachusetts/BI_MGH-23147/2025_H3N2,2025-02-25,0.3333333333333333
A/Massachusetts/BI_MGH-23147/2025_H3N2,2025-02-28,0.3333333333333333
A/Massachusetts/BI_MGH-23147/2025_H3N2,2025-03-03,0.3333333333333333
A/Massachusetts/BI_MGH-23147/2025_H3N2,2025-03-04,0.3333333333333333
A/Massachusetts/BI_MGH-23147/2025_H3N2,2025-03-12,0.3333333333333333
A/Massachusetts/BI_MGH-23147/2025_H3N2,2025-03-17,0.3333333333333333
A/Massachusetts/BI_MGH-23147/2025_H3N2,2025-03-27,1.0
A/Massachusetts/BI_MGH-23147/2025_H3N2,2025-03-29,0.3333333333333333
A/Massachusetts/BI_MGH-23147/2025_H3N2,2025-04-01,0.3333333333333333
A/Massachusetts/BI_MGH-23147/2025_H3N2,2025-04-07,0.3333333333333333
A/Massachusetts/BI_MGH-23147/2025_H3N2,2025-04-09,0.3333333333333333
A/Massachusetts/BI_MGH-23147/2025_H3N2,2025-04-21,0.3333333333333333
A/Massachusetts/BI_MGH-23147/2025_H3N2,2025-04-28,0.3333333333333333
A/Massachusetts/BI_MGH-23147/2025_H3N2,2025-04-29,0.3333333333333333
A/Massachusetts/BI_MGH-23147/2025_H3N2,2025-05-02,0.3333333333333333
A/Massachusetts/BI_MGH-23147/2025_H3N2,2025-05-04,0.3333333333333333
A/Massachusetts/BI_MGH-23147/2025_H3N2,2025-05-07,0.6666666666666666
A/Massachusetts/BI_MGH-23147/2025_H3N2,2025-05-09,0.3333333333333333
A/Massachusetts/BI_MGH-23147/2025_H3N2,2025-05-14,0.6666666666666666
A/Massachusetts/BI_MGH-23147/2025_H3N2,2025-05-17,0.3333333333333333
A/Massachusetts/BI_MGH-23147/2025_H3N2,2025-05-20,0.6666666666666666
A/Massachusetts/BI_MGH-23147/2025_H3N2,2025-05-27,0.3333333333333333
A/Massachusetts/BI_MGH-23147/2025_H3N2,2025-06-04,0.3333333333333333
A/Massachusetts/BI_MGH-23147/2025_H3N2,2025-08-16,0.3333333333333333
A/Massachusetts/ISC-1684/2025_H3N2,2024-04-29,0.5
A/Massachusetts/ISC-1684/2025_H3N2,2024-05-02,0.5
A/Massachusetts/ISC-1684/2025_H3N2,2024-05-03,0.5
A/Massachusetts/ISC-1684/2025_H3N2,2024-05-05,1.0
A/Massachusetts/ISC-1684/2025_H3N2,2024-05-08,0.5
A/Massachusetts/ISC-1684/2025_H3N2,2024-05-22,1.0
A/Massachusetts/ISC-1684/2025_H3N2,2024-05-24,0.5
A/Massachusetts/ISC-1684/2025_H3N2,2024-05-26,1.0
A/Massachusetts/ISC-1684/2025_H3N2,2024-05-27,0.5
A/Massachusetts/ISC-1684/2025_H3N2,2024-05-28,0.5
A/Massachusetts/ISC-1684/2025_H3N2,2024-05-29,0.5
A/Massachusetts/ISC-1684/2025_H3N2,2024-06-01,1.0
A/Massachusetts/ISC-1684/2025_H3N2,2024-06-02,0.5
A/Massachusetts/ISC-1684/2025_H3N2,2024-06-06,0.5
A/Massachusetts/ISC-1684/2025_H3N2,2024-06-12,0.6666666666666666
A/Massachusetts/ISC-1684/2025_H3N2,2024-06-16,0.5
A/Massachusetts/ISC-1684/2025_H3N2,2024-06-22,0.5
A/Massachusetts/ISC-1684/2025_H3N2,2024-07-03,1.0
A/Massachusetts/ISC-1684/2025_H3N2,2024-07-08,0.5
A/Massachusetts/ISC-1684/2025_H3N2,2024-07-18,0.5
A/Massachusetts/ISC-1684/2025_H3N2,2024-08-01,0.5
A/Massachusetts/ISC-1684/2025_H3N2,2024-08-20,0.5
A/Massachusetts/ISC-1684/2025_H3N2,2024-09-03,0.5
A/Massachusetts/ISC-1684/2025_H3N2,2024-09-05,0.5
A/Massachusetts/ISC-1684/2025_H3N2,2024-09-20,0.5
A/Massachusetts/ISC-1684/2025_H3N2,2024-09-24,0.5
A/Massachusetts/ISC-1684/2025_H3N2,2024-10-03,0.5
A/Massachusetts/ISC-1684/2025_H3N2,2024-10-11,0.5
A/Massachusetts/ISC-1684/2025_H3N2,2024-10-25,1.0
A/Massachusetts/ISC-1684/2025_H3N2,2024-10-28,0.5
A/Massachusetts/ISC-1684/2025_H3N2,2024-10-31,0.5
A/Massachusetts/ISC-1684/2025_H3N2,2024-11-01,0.5
A/Massachusetts/ISC-1684/2025_H3N2,2024-11-02,1.0
A/Massachusetts/ISC-1684/2025_H3N2,2024-11-04,1.0
A/Massachusetts/ISC-1684/2025_H3N2,2024-11-05,0.16666666666666666
A/Massachusetts/ISC-1684/2025_H3N2,2024-11-06,0.5
A/Massachusetts/ISC-1684/2025_H3N2,2024-11-08,0.5
A/Massachusetts/ISC-1684/2025_H3N2,2024-11-09,1.0
A/Massachusetts/ISC-1684/2025_H3N2,2024-11-10,2.5
A/Massachusetts/ISC-1684/2025_H3N2,2024-11-11,2.5
A/Massachusetts/ISC-1684/2025_H3N2,2024-11-12,1.5
A/Massachusetts/ISC-1684/2025_H3N2,2024-11-13,1.0
A/Massachusetts/ISC-1684/2025_H3N2,2024-11-14,1.0
A/Massachusetts/ISC-1684/2025_H3N2,2024-11-17,0.5
A/Massachusetts/ISC-1684/2025_H3N2,2024-11-20,0.5
A/Massachusetts/ISC-1684/2025_H3N2,2024-11-23,1.0
A/Massachusetts/ISC-1684/2025_H3N2,2024-11-24,1.0
A/Massachusetts/ISC-1684/2025_H3N2,2024-11-25,1.5
A/Massachusetts/ISC-1684/2025_H3N2,2024-11-26,1.0
A/Massachusetts/ISC-1684/2025_H3N2,2024-11-28,1.5
A/Massachusetts/ISC-1684/2025_H3N2,2024-11-29,3.0
A/Massachusetts/ISC-1684/2025_H3N2,2024-11-30,1.0
A/Massachusetts/ISC-1684/2025_H3N2,2024-12-01,4.5
A/Massachusetts/ISC-1684/2025_H3N2,2024-12-02,2.5
A/Massachusetts/ISC-1684/2025_H3N2,2024-12-03,0.5
A/Massachusetts/ISC-1684/2025_H3N2,2024-12-04,1.5
A/Massachusetts/ISC-1684/2025_H3N2,2024-12-05,1.5
A/Massachusetts/ISC-1684/2025_H3N2,2024-12-06,1.0
A/Massachusetts/ISC-1684/2025_H3N2,2024-12-07,0.5
A/Massachusetts/ISC-1684/2025_H3N2,2024-12-08,2.5
A/Massachusetts/ISC-1684/2025_H3N2,2024-12-09,2.0
A/Massachusetts/ISC-1684/2025_H3N2,2024-12-10,2.5
A/Massachusetts/ISC-1684/2025_H3N2,2024-12-11,2.0
A/Massachusetts/ISC-1684/2025_H3N2,2024-12-12,2.5
A/Massachusetts/ISC-1684/2025_H3N2,2024-12-13,3.0
A/Massachusetts/ISC-1684/2025_H3N2,2024-12-14,0.5
A/Massachusetts/ISC-1684/2025_H3N2,2024-12-15,2.5
A/Massachusetts/ISC-1684/2025_H3N2,2024-12-16,5.5
A/Massachusetts/ISC-1684/2025_H3N2,2024-12-17,3.5
A/Massachusetts/ISC-1684/2025_H3N2,2024-12-18,1.0
A/Massachusetts/ISC-1684/2025_H3N2,2024-12-19,1.0
A/Massachusetts/ISC-1684/2025_H3N2,2024-12-20,0.5
A/Massachusetts/ISC-1684/2025_H3N2,2024-12-21,1.0
A/Massachusetts/ISC-1684/2025_H3N2,2024-12-22,0.5
A/Massachusetts/ISC-1684/2025_H3N2,2024-12-23,3.5
A/Massachusetts/ISC-1684/2025_H3N2,2024-12-24,2.0
A/Massachusetts/ISC-1684/2025_H3N2,2024-12-25,1.0
A/Massachusetts/ISC-1684/2025_H3N2,2024-12-26,3.5
A/Massachusetts/ISC-1684/2025_H3N2,2024-12-27,4.0
A/Massachusetts/ISC-1684/2025_H3N2,2024-12-28,2.5
A/Massachusetts/ISC-1684/2025_H3N2,2024-12-29,2.6666666666666665
A/Massachusetts/ISC-1684/2025_H3N2,2024-12-30,4.0
A/Massachusetts/ISC-1684/2025_H3N2,2024-12-31,3.0
A/Massachusetts/ISC-1684/2025_H3N2,2025-01-01,2.0
A/Massachusetts/ISC-1684/2025_H3N2,2025-01-02,2.333333333333333
A/Massachusetts/ISC-1684/2025_H3N2,2025-01-03,2.5
A/Massachusetts/ISC-1684/2025_H3N2,2025-01-04,1.5
A/Massachusetts/ISC-1684/2025_H3N2,2025-01-05,3.5
A/Massachusetts/ISC-1684/2025_H3N2,2025-01-06,3.0
A/Massachusetts/ISC-1684/2025_H3N2,2025-01-07,2.5
A/Massachusetts/ISC-1684/2025_H3N2,2025-01-08,3.0
A/Massachusetts/ISC-1684/2025_H3N2,2025-01-09,3.0
A/Massachusetts/ISC-1684/2025_H3N2,2025-01-10,3.0
A/Massachusetts/ISC-1684/2025_H3N2,2025-01-11,2.0
A/Massachusetts/ISC-1684/2025_H3N2,2025-01-12,2.0
A/Massachusetts/ISC-1684/2025_H3N2,2025-01-13,3.0
A/Massachusetts/ISC-1684/2025_H3N2,2025-01-14,2.5
A/Massachusetts/ISC-1684/2025_H3N2,2025-01-15,4.166666666666667
A/Massachusetts/ISC-1684/2025_H3N2,2025-01-16,4.5
A/Massachusetts/ISC-1684/2025_H3N2,2025-01-17,1.5
A/Massachusetts/ISC-1684/2025_H3N2,2025-01-18,1.5
A/Massachusetts/ISC-1684/2025_H3N2,2025-01-19,2.5
A/Massachusetts/ISC-1684/2025_H3N2,2025-01-20,7.0
A/Massachusetts/ISC-1684/2025_H3N2,2025-01-21,6.0
A/Massachusetts/ISC-1684/2025_H3N2,2025-01-22,5.0
A/Massachusetts/ISC-1684/2025_H3N2,2025-01-23,5.0
A/Massachusetts/ISC-1684/2025_H3N2,2025-01-24,5.0
A/Massachusetts/ISC-1684/2025_H3N2,2025-01-25,1.5
A/Massachusetts/ISC-1684/2025_H3N2,2025-01-26,5.0
A/Massachusetts/ISC-1684/2025_H3N2,2025-01-27,6.5
A/Massachusetts/ISC-1684/2025_H3N2,2025-01-28,6.0
A/Massachusetts/ISC-1684/2025_H3N2,2025-01-29,7.0
A/Massachusetts/ISC-1684/2025_H3N2,2025-01-30,6.0
A/Massachusetts/ISC-1684/2025_H3N2,2025-01-31,5.0
A/Massachusetts/ISC-1684/2025_H3N2,2025-02-01,4.0
A/Massachusetts/ISC-1684/2025_H3N2,2025-02-02,4.0
A/Massachusetts/ISC-1684/2025_H3N2,2025-02-03,10.666666666666666
A/Massachusetts/ISC-1684/2025_H3N2,2025-02-04,5.0
A/Massachusetts/ISC-1684/2025_H3N2,2025-02-05,5.5
A/Massachusetts/ISC-1684/2025_H3N2,2025-02-06,5.0
A/Massachusetts/ISC-1684/2025_H3N2,2025-02-07,6.0
A/Massachusetts/ISC-1684/2025_H3N2,2025-02-08,6.5
A/Massachusetts/ISC-1684/2025_H3N2,2025-02-09,5.0
A/Massachusetts/ISC-1684/2025_H3N2,2025-02-10,5.5
A/Massachusetts/ISC-1684/2025_H3N2,2025-02-11,10.166666666666666
A/Massachusetts/ISC-1684/2025_H3N2,2025-02-12,2.0
A/Massachusetts/ISC-1684/2025_H3N2,2025-02-13,3.5
A/Massachusetts/ISC-1684/2025_H3N2,2025-02-14,4.0
A/Massachusetts/ISC-1684/2025_H3N2,2025-02-15,3.0
A/Massachusetts/ISC-1684/2025_H3N2,2025-02-16,8.0
A/Massachusetts/ISC-1684/2025_H3N2,2025-02-17,8.0
A/Massachusetts/ISC-1684/2025_H3N2,2025-02-18,8.5
A/Massachusetts/ISC-1684/2025_H3N2,2025-02-19,6.5
A/Massachusetts/ISC-1684/2025_H3N2,2025-02-20,3.0
A/Massachusetts/ISC-1684/2025_H3N2,2025-02-21,5.5
A/Massachusetts/ISC-1684/2025_H3N2,2025-02-22,0.5
A/Massachusetts/ISC-1684/2025_H3N2,2025-02-23,4.5
A/Massachusetts/ISC-1684/2025_H3N2,2025-02-24,8.0
A/Massachusetts/ISC-1684/2025_H3N2,2025-02-25,6.0
A/Massachusetts/ISC-1684/2025_H3N2,2025-02-26,4.5
A/Massachusetts/ISC-1684/2025_H3N2,2025-02-27,4.5
A/Massachusetts/ISC-1684/2025_H3N2,2025-02-28,2.5
A/Massachusetts/ISC-1684/2025_H3N2,2025-03-01,2.5
A/Massachusetts/ISC-1684/2025_H3N2,2025-03-02,4.5
A/Massachusetts/ISC-1684/2025_H3N2,2025-03-03,4.5
A/Massachusetts/ISC-1684/2025_H3N2,2025-03-04,4.5
A/Massachusetts/ISC-1684/2025_H3N2,2025-03-05,3.5
A/Massachusetts/ISC-1684/2025_H3N2,2025-03-06,7.0
A/Massachusetts/ISC-1684/2025_H3N2,2025-03-07,2.5
A/Massachusetts/ISC-1684/2025_H3N2,2025-03-08,3.5
A/Massachusetts/ISC-1684/2025_H3N2,2025-03-09,2.0
A/Massachusetts/ISC-1684/2025_H3N2,2025-03-10,7.5
A/Massachusetts/ISC-1684/2025_H3N2,2025-03-11,7.5
A/Massachusetts/ISC-1684/2025_H3N2,2025-03-12,3.5
A/Massachusetts/ISC-1684/2025_H3N2,2025-03-13,6.0
A/Massachusetts/ISC-1684/2025_H3N2,2025-03-14,3.0
A/Massachusetts/ISC-1684/2025_H3N2,2025-03-15,2.0
A/Massachusetts/ISC-1684/2025_H3N2,2025-03-16,4.0
A/Massachusetts/ISC-1684/2025_H3N2,2025-03-17,1.5
A/Massachusetts/ISC-1684/2025_H3N2,2025-03-18,4.5
A/Massachusetts/ISC-1684/2025_H3N2,2025-03-19,4.0
A/Massachusetts/ISC-1684/2025_H3N2,2025-03-20,2.5
A/Massachusetts/ISC-1684/2025_H3N2,2025-03-21,4.0
A/Massachusetts/ISC-1684/2025_H3N2,2025-03-22,1.0
A/Massachusetts/ISC-1684/2025_H3N2,2025-03-23,2.0
A/Massachusetts/ISC-1684/2025_H3N2,2025-03-24,1.0
A/Massachusetts/ISC-1684/2025_H3N2,2025-03-25,2.5
A/Massachusetts/ISC-1684/2025_H3N2,2025-03-26,3.1666666666666665
A/Massachusetts/ISC-1684/2025_H3N2,2025-03-27,1.0
A/Massachusetts/ISC-1684/2025_H3N2,2025-03-28,0.5
A/Massachusetts/ISC-1684/2025_H3N2,2025-03-29,1.0
A/Massachusetts/ISC-1684/2025_H3N2,2025-03-30,0.5
A/Massachusetts/ISC-1684/2025_H3N2,2025-03-31,1.5
A/Massachusetts/ISC-1684/2025_H3N2,2025-04-01,1.0
A/Massachusetts/ISC-1684/2025_H3N2,2025-04-02,2.0
A/Massachusetts/ISC-1684/2025_H3N2,2025-04-03,0.5
A/Massachusetts/ISC-1684/2025_H3N2,2025-04-04,1.0
A/Massachusetts/ISC-1684/2025_H3N2,2025-04-05,1.5
A/Massachusetts/ISC-1684/2025_H3N2,2025-04-06,2.0
A/Massachusetts/ISC-1684/2025_H3N2,2025-04-07,1.5
A/Massachusetts/ISC-1684/2025_H3N2,2025-04-08,1.0
A/Massachusetts/ISC-1684/2025_H3N2,2025-04-09,0.5
A/Massachusetts/ISC-1684/2025_H3N2,2025-04-10,0.5
A/Massachusetts/ISC-1684/2025_H3N2,2025-04-11,2.5
A/Massachusetts/ISC-1684/2025_H3N2,2025-04-12,1.0
A/Massachusetts/ISC-1684/2025_H3N2,2025-04-13,1.0
A/Massachusetts/ISC-1684/2025_H3N2,2025-04-14,0.5
A/Massachusetts/ISC-1684/2025_H3N2,2025-04-16,0.5
A/Massachusetts/ISC-1684/2025_H3N2,2025-04-17,1.0
A/Massachusetts/ISC-1684/2025_H3N2,2025-04-19,0.5
A/Massachusetts/ISC-1684/2025_H3N2,2025-04-20,0.5
A/Massachusetts/ISC-1684/2025_H3N2,2025-04-21,0.5
A/Massachusetts/ISC-1684/2025_H3N2,2025-04-22,0.5
A/Massachusetts/ISC-1684/2025_H3N2,2025-04-23,0.5
A/Massachusetts/ISC-1684/2025_H3N2,2025-04-25,0.5
A/Massachusetts/ISC-1684/2025_H3N2,2025-04-29,1.0
A/Massachusetts/ISC-1684/2025_H3N2,2025-04-30,2.0
A/Massachusetts/ISC-1684/2025_H3N2,2025-05-01,0.5
A/Massachusetts/ISC-1684/2025_H3N2,2025-05-02,2.0
A/Massachusetts/ISC-1684/2025_H3N2,2025-05-03,0.5
A/Massachusetts/ISC-1684/2025_H3N2,2025-05-07,0.5
A/Massachusetts/ISC-1684/2025_H3N2,2025-06-25,0.5
A/Mato_Grosso_do_Sul/518/2025_H3N2,2024-10-24,1.0
A/Mato_Grosso_do_Sul/518/2025_H3N2,2025-01-13,1.0
A/Mato_Grosso_do_Sul/518/2025_H3N2,2025-02-06,1.0
A/Mato_Grosso_do_Sul/518/2025_H3N2,2025-03-13,1.0
A/Michigan/120/2024_H3N2,2024-05-14,1.0
A/Michigan/120/2024_H3N2,2024-05-29,1.0
A/Michigan/120/2024_H3N2,2024-07-31,1.0
A/Michigan/120/2024_H3N2,2024-10-10,1.0
A/Michigan/120/2024_H3N2,2024-10-15,2.0
A/Michigan/120/2024_H3N2,2024-10-21,2.0
A/Michigan/120/2024_H3N2,2024-10-26,1.0
A/Michigan/120/2024_H3N2,2024-10-27,1.0
A/Michigan/120/2024_H3N2,2024-10-28,1.0
A/Michigan/120/2024_H3N2,2024-11-01,2.0
A/Michigan/120/2024_H3N2,2024-11-05,1.0
A/Michigan/120/2024_H3N2,2024-11-08,1.0
A/Michigan/120/2024_H3N2,2024-11-11,3.0
A/Michigan/120/2024_H3N2,2024-11-12,4.0
A/Michigan/120/2024_H3N2,2024-11-13,2.0
A/Michigan/120/2024_H3N2,2024-11-15,1.0
A/Michigan/120/2024_H3N2,2024-11-18,2.0
A/Michigan/120/2024_H3N2,2024-11-19,2.0
A/Michigan/120/2024_H3N2,2024-11-20,1.0
A/Michigan/120/2024_H3N2,2024-11-21,3.0
A/Michigan/120/2024_H3N2,2024-11-22,2.0
A/Michigan/120/2024_H3N2,2024-11-23,3.0
A/Michigan/120/2024_H3N2,2024-11-24,1.0
A/Michigan/120/2024_H3N2,2024-11-25,1.0
A/Michigan/120/2024_H3N2,2024-11-26,1.0
A/Michigan/120/2024_H3N2,2024-11-27,2.0
A/Michigan/120/2024_H3N2,2024-11-28,2.0
A/Michigan/120/2024_H3N2,2024-11-30,1.0
A/Michigan/120/2024_H3N2,2024-12-02,2.0
A/Michigan/120/2024_H3N2,2024-12-03,1.0
A/Michigan/120/2024_H3N2,2024-12-04,2.0
A/Michigan/120/2024_H3N2,2024-12-05,4.0
A/Michigan/120/2024_H3N2,2024-12-06,7.0
A/Michigan/120/2024_H3N2,2024-12-08,4.0
A/Michigan/120/2024_H3N2,2024-12-09,8.0
A/Michigan/120/2024_H3N2,2024-12-10,9.0
A/Michigan/120/2024_H3N2,2024-12-11,5.0
A/Michigan/120/2024_H3N2,2024-12-12,4.0
A/Michigan/120/2024_H3N2,2024-12-15,3.0
A/Michigan/120/2024_H3N2,2024-12-16,4.0
A/Michigan/120/2024_H3N2,2024-12-17,3.0
A/Michigan/120/2024_H3N2,2024-12-18,2.0
A/Michigan/120/2024_H3N2,2024-12-19,5.0
A/Michigan/120/2024_H3N2,2024-12-20,4.0
A/Michigan/120/2024_H3N2,2024-12-21,1.0
A/Michigan/120/2024_H3N2,2024-12-22,5.0
A/Michigan/120/2024_H3N2,2024-12-23,5.0
A/Michigan/120/2024_H3N2,2024-12-24,2.0
A/Michigan/120/2024_H3N2,2024-12-25,3.0
A/Michigan/120/2024_H3N2,2024-12-26,3.0
A/Michigan/120/2024_H3N2,2024-12-27,4.0
A/Michigan/120/2024_H3N2,2024-12-28,1.0
A/Michigan/120/2024_H3N2,2024-12-29,1.0
A/Michigan/120/2024_H3N2,2024-12-30,3.0
A/Michigan/120/2024_H3N2,2024-12-31,4.0
A/Michigan/120/2024_H3N2,2025-01-01,1.0
A/Michigan/120/2024_H3N2,2025-01-02,1.0
A/Michigan/120/2024_H3N2,2025-01-03,3.0
A/Michigan/120/2024_H3N2,2025-01-05,1.0
A/Michigan/120/2024_H3N2,2025-01-06,3.0
A/Michigan/120/2024_H3N2,2025-01-07,4.0
A/Michigan/120/2024_H3N2,2025-01-08,2.0
A/Michigan/120/2024_H3N2,2025-01-09,2.0
A/Michigan/120/2024_H3N2,2025-01-12,3.0
A/Michigan/120/2024_H3N2,2025-01-13,3.0
A/Michigan/120/2024_H3N2,2025-01-16,6.0
A/Michigan/120/2024_H3N2,2025-01-17,2.0
A/Michigan/120/2024_H3N2,2025-01-18,2.0
A/Michigan/120/2024_H3N2,2025-01-20,3.0
A/Michigan/120/2024_H3N2,2025-01-21,4.0
A/Michigan/120/2024_H3N2,2025-01-23,1.0
A/Michigan/120/2024_H3N2,2025-01-24,2.0
A/Michigan/120/2024_H3N2,2025-01-25,3.0
A/Michigan/120/2024_H3N2,2025-01-26,4.0
A/Michigan/120/2024_H3N2,2025-01-27,2.0
A/Michigan/120/2024_H3N2,2025-01-28,2.0
A/Michigan/120/2024_H3N2,2025-01-29,5.0
A/Michigan/120/2024_H3N2,2025-01-30,2.0
A/Michigan/120/2024_H3N2,2025-01-31,1.0
A/Michigan/120/2024_H3N2,2025-02-02,1.0
A/Michigan/120/2024_H3N2,2025-02-03,3.0
A/Michigan/120/2024_H3N2,2025-02-04,2.0
A/Michigan/120/2024_H3N2,2025-02-05,2.0
A/Michigan/120/2024_H3N2,2025-02-06,4.0
A/Michigan/120/2024_H3N2,2025-02-07,7.0
A/Michigan/120/2024_H3N2,2025-02-08,2.0
A/Michigan/120/2024_H3N2,2025-02-10,2.0
A/Michigan/120/2024_H3N2,2025-02-11,1.0
A/Michigan/120/2024_H3N2,2025-02-12,4.0
A/Michigan/120/2024_H3N2,2025-02-13,1.0
A/Michigan/120/2024_H3N2,2025-02-14,4.0
A/Michigan/120/2024_H3N2,2025-02-15,1.0
A/Michigan/120/2024_H3N2,2025-02-17,1.0
A/Michigan/120/2024_H3N2,2025-02-19,1.0
A/Michigan/120/2024_H3N2,2025-02-22,1.0
A/Michigan/120/2024_H3N2,2025-02-24,1.0
A/Michigan/120/2024_H3N2,2025-02-26,1.0
A/Michigan/120/2024_H3N2,2025-02-28,1.0
A/Michigan/120/2024_H3N2,2025-03-01,1.0
A/Michigan/120/2024_H3N2,2025-03-04,1.0
A/Michigan/120/2024_H3N2,2025-03-06,1.0
A/Michigan/120/2024_H3N2,2025-03-07,1.0
A/Michigan/120/2024_H3N2,2025-03-10,1.0
A/Michigan/120/2024_H3N2,2025-03-11,1.0
A/Michigan/120/2024_H3N2,2025-03-13,1.0
A/Michigan/120/2024_H3N2,2025-03-23,1.0
A/Michigan/120/2024_H3N2,2025-03-24,1.0
A/Michigan/120/2024_H3N2,2025-04-01,1.0
A/Michigan/120/2024_H3N2,2025-04-06,1.0
A/Michigan/120/2024_H3N2,2025-04-07,1.0
A/Michigan/UM-10062069629/2025_H3N2,2024-07-01,1.0
A/Michigan/UM-10062069629/2025_H3N2,2025-01-25,1.0
A/Michigan/UM-10062069629/2025_H3N2,2025-01-29,1.0
A/Michigan/UM-10062069629/2025_H3N2,2025-02-03,1.0
A/Michigan/UM-10062069629/2025_H3N2,2025-02-04,1.0
A/Michigan/UM-10062069629/2025_H3N2,2025-02-07,1.0
A/Michigan/UM-10062069629/2025_H3N2,2025-02-11,1.0
A/Michigan/UM-10062069629/2025_H3N2,2025-02-20,1.0
A/Michigan/UM-10062069629/2025_H3N2,2025-03-27,0.5
A/Michigan/UM-10062069629/2025_H3N2,2025-03-30,0.5
A/Michigan/UM-10062069629/2025_H3N2,2025-04-16,1.0
A/Michigan/UM-10062069629/2025_H3N2,2025-04-25,0.5
A/Michigan/UM-10062069629/2025_H3N2,2025-04-28,0.5
A/Michigan/UM-10062100736/2025_H3N2,2024-05-06,1.0
A/Michigan/UM-10062100736/2025_H3N2,2024-05-12,1.0
A/Michigan/UM-10062100736/2025_H3N2,2024-05-20,1.0
A/Michigan/UM-10062100736/2025_H3N2,2024-12-04,1.0
A/Michigan/UM-10062100736/2025_H3N2,2024-12-10,1.0
A/Michigan/UM-10062100736/2025_H3N2,2024-12-16,2.0
A/Michigan/UM-10062100736/2025_H3N2,2024-12-18,1.0
A/Michigan/UM-10062100736/2025_H3N2,2024-12-23,1.0
A/Michigan/UM-10062100736/2025_H3N2,2024-12-24,1.0
A/Michigan/UM-10062100736/2025_H3N2,2024-12-25,1.0
A/Michigan/UM-10062100736/2025_H3N2,2024-12-28,1.0
A/Michigan/UM-10062100736/2025_H3N2,2025-01-02,1.0
A/Michigan/UM-10062100736/2025_H3N2,2025-01-03,1.0
A/Michigan/UM-10062100736/2025_H3N2,2025-01-06,1.0
A/Michigan/UM-10062100736/2025_H3N2,2025-01-08,1.0
A/Michigan/UM-10062100736/2025_H3N2,2025-01-17,1.0
A/Michigan/UM-10062100736/2025_H3N2,2025-01-18,1.0
A/Michigan/UM-10062100736/2025_H3N2,2025-01-22,5.0
A/Michigan/UM-10062100736/2025_H3N2,2025-01-23,1.0
A/Michigan/UM-10062100736/2025_H3N2,2025-01-26,1.0
A/Michigan/UM-10062100736/2025_H3N2,2025-01-30,1.0
A/Michigan/UM-10062100736/2025_H3N2,2025-02-03,1.0
A/Michigan/UM-10062100736/2025_H3N2,2025-02-06,2.0
A/Michigan/UM-10062100736/2025_H3N2,2025-02-10,3.0
A/Michigan/UM-10062100736/2025_H3N2,2025-02-17,1.0
A/Michigan/UM-10062100736/2025_H3N2,2025-02-24,2.0
A/Michigan/UM-10062100736/2025_H3N2,2025-03-14,1.0
A/Michigan/UM-10062100736/2025_H3N2,2025-03-17,1.0
A/Minnesota/126/2024_H3N2,2024-06-25,0.5
A/Minnesota/126/2024_H3N2,2024-07-01,0.5
A/Minnesota/126/2024_H3N2,2024-09-21,1.0
A/Minnesota/126/2024_H3N2,2024-10-04,1.0
A/Minnesota/126/2024_H3N2,2024-10-06,1.0
A/Minnesota/126/2024_H3N2,2024-10-14,1.5
A/Minnesota/126/2024_H3N2,2024-10-21,1.5
A/Minnesota/126/2024_H3N2,2024-10-22,1.0
A/Minnesota/126/2024_H3N2,2024-11-12,1.0
A/Minnesota/126/2024_H3N2,2024-11-18,1.0
A/Minnesota/126/2024_H3N2,2024-11-24,0.5
A/Minnesota/126/2024_H3N2,2024-11-25,1.0
A/Minnesota/126/2024_H3N2,2024-12-01,1.0
A/Minnesota/126/2024_H3N2,2024-12-03,1.0
A/Minnesota/133/2024_H3N2,2024-04-28,2.0
A/Minnesota/133/2024_H3N2,2024-04-29,2.0
A/Minnesota/133/2024_H3N2,2024-04-30,7.0
A/Minnesota/133/2024_H3N2,2024-05-01,2.0
A/Minnesota/133/2024_H3N2,2024-05-02,3.0
A/Minnesota/133/2024_H3N2,2024-05-03,6.0
A/Minnesota/133/2024_H3N2,2024-05-04,1.0
A/Minnesota/133/2024_H3N2,2024-05-05,2.0
A/Minnesota/133/2024_H3N2,2024-05-06,5.0
A/Minnesota/133/2024_H3N2,2024-05-07,6.0
A/Minnesota/133/2024_H3N2,2024-05-10,6.0
A/Minnesota/133/2024_H3N2,2024-05-11,3.0
A/Minnesota/133/2024_H3N2,2024-05-12,3.0
A/Minnesota/133/2024_H3N2,2024-05-13,6.0
A/Minnesota/133/2024_H3N2,2024-05-14,6.0
A/Minnesota/133/2024_H3N2,2024-05-15,3.5
A/Minnesota/133/2024_H3N2,2024-05-16,2.0
A/Minnesota/133/2024_H3N2,2024-05-17,1.0
A/Minnesota/133/2024_H3N2,2024-05-20,6.0
A/Minnesota/133/2024_H3N2,2024-05-21,6.0
A/Minnesota/133/2024_H3N2,2024-05-22,2.0
A/Minnesota/133/2024_H3N2,2024-05-23,12.0
A/Minnesota/133/2024_H3N2,2024-05-24,8.0
A/Minnesota/133/2024_H3N2,2024-05-25,2.0
A/Minnesota/133/2024_H3N2,2024-05-26,1.0
A/Minnesota/133/2024_H3N2,2024-05-27,1.0
A/Minnesota/133/2024_H3N2,2024-05-28,4.0
A/Minnesota/133/2024_H3N2,2024-05-30,1.0
A/Minnesota/133/2024_H3N2,2024-05-31,3.0
A/Minnesota/133/2024_H3N2,2024-06-01,1.0
A/Minnesota/133/2024_H3N2,2024-06-02,1.0
A/Minnesota/133/2024_H3N2,2024-06-03,1.0
A/Minnesota/133/2024_H3N2,2024-06-04,2.0
A/Minnesota/133/2024_H3N2,2024-06-05,1.0
A/Minnesota/133/2024_H3N2,2024-06-06,3.0
A/Minnesota/133/2024_H3N2,2024-06-07,2.0
A/Minnesota/133/2024_H3N2,2024-06-08,1.0
A/Minnesota/133/2024_H3N2,2024-06-10,3.0
A/Minnesota/133/2024_H3N2,2024-06-11,3.0
A/Minnesota/133/2024_H3N2,2024-06-12,2.0
A/Minnesota/133/2024_H3N2,2024-06-13,1.0
A/Minnesota/133/2024_H3N2,2024-06-15,1.0
A/Minnesota/133/2024_H3N2,2024-06-16,1.0
A/Minnesota/133/2024_H3N2,2024-06-17,4.0
A/Minnesota/133/2024_H3N2,2024-06-18,5.0
A/Minnesota/133/2024_H3N2,2024-06-19,1.0
A/Minnesota/133/2024_H3N2,2024-06-20,5.5
A/Minnesota/133/2024_H3N2,2024-06-21,3.0
A/Minnesota/133/2024_H3N2,2024-06-22,2.0
A/Minnesota/133/2024_H3N2,2024-06-24,4.0
A/Minnesota/133/2024_H3N2,2024-06-25,5.0
A/Minnesota/133/2024_H3N2,2024-06-26,4.0
A/Minnesota/133/2024_H3N2,2024-06-27,2.0
A/Minnesota/133/2024_H3N2,2024-06-28,3.0
A/Minnesota/133/2024_H3N2,2024-06-29,2.0
A/Minnesota/133/2024_H3N2,2024-07-01,3.0
A/Minnesota/133/2024_H3N2,2024-07-02,9.0
A/Minnesota/133/2024_H3N2,2024-07-03,3.0
A/Minnesota/133/2024_H3N2,2024-07-04,5.0
A/Minnesota/133/2024_H3N2,2024-07-05,1.0
A/Minnesota/133/2024_H3N2,2024-07-06,2.0
A/Minnesota/133/2024_H3N2,2024-07-08,6.0
A/Minnesota/133/2024_H3N2,2024-07-09,10.0
A/Minnesota/133/2024_H3N2,2024-07-10,7.0
A/Minnesota/133/2024_H3N2,2024-07-11,3.0
A/Minnesota/133/2024_H3N2,2024-07-12,1.0
A/Minnesota/133/2024_H3N2,2024-07-13,1.0
A/Minnesota/133/2024_H3N2,2024-07-14,1.0
A/Minnesota/133/2024_H3N2,2024-07-15,5.0
A/Minnesota/133/2024_H3N2,2024-07-16,4.5
A/Minnesota/133/2024_H3N2,2024-07-17,6.0
A/Minnesota/133/2024_H3N2,2024-07-18,4.0
A/Minnesota/133/2024_H3N2,2024-07-19,2.0
A/Minnesota/133/2024_H3N2,2024-07-20,2.0
A/Minnesota/133/2024_H3N2,2024-07-21,1.0
A/Minnesota/133/2024_H3N2,2024-07-22,5.0
A/Minnesota/133/2024_H3N2,2024-07-23,3.0
A/Minnesota/133/2024_H3N2,2024-07-24,4.0
A/Minnesota/133/2024_H3N2,2024-07-25,5.0
A/Minnesota/133/2024_H3N2,2024-07-26,2.0
A/Minnesota/133/2024_H3N2,2024-07-27,2.0
A/Minnesota/133/2024_H3N2,2024-07-28,3.0
A/Minnesota/133/2024_H3N2,2024-07-29,2.0
A/Minnesota/133/2024_H3N2,2024-07-30,5.0
A/Minnesota/133/2024_H3N2,2024-07-31,2.0
A/Minnesota/133/2024_H3N2,2024-08-01,4.0
A/Minnesota/133/2024_H3N2,2024-08-02,3.0
A/Minnesota/133/2024_H3N2,2024-08-03,2.0
A/Minnesota/133/2024_H3N2,2024-08-04,1.0
A/Minnesota/133/2024_H3N2,2024-08-05,6.0
A/Minnesota/133/2024_H3N2,2024-08-06,6.5
A/Minnesota/133/2024_H3N2,2024-08-07,4.0
A/Minnesota/133/2024_H3N2,2024-08-08,5.0
A/Minnesota/133/2024_H3N2,2024-08-09,5.0
A/Minnesota/133/2024_H3N2,2024-08-11,1.0
A/Minnesota/133/2024_H3N2,2024-08-12,4.0
A/Minnesota/133/2024_H3N2,2024-08-13,1.0
A/Minnesota/133/2024_H3N2,2024-08-14,5.0
A/Minnesota/133/2024_H3N2,2024-08-15,6.0
A/Minnesota/133/2024_H3N2,2024-08-16,3.0
A/Minnesota/133/2024_H3N2,2024-08-17,1.0
A/Minnesota/133/2024_H3N2,2024-08-18,2.0
A/Minnesota/133/2024_H3N2,2024-08-19,2.0
A/Minnesota/133/2024_H3N2,2024-08-20,7.0
A/Minnesota/133/2024_H3N2,2024-08-21,2.0
A/Minnesota/133/2024_H3N2,2024-08-22,4.0
A/Minnesota/133/2024_H3N2,2024-08-23,5.0
A/Minnesota/133/2024_H3N2,2024-08-24,1.0
A/Minnesota/133/2024_H3N2,2024-08-25,2.0
A/Minnesota/133/2024_H3N2,2024-08-26,6.0
A/Minnesota/133/2024_H3N2,2024-08-27,2.0
A/Minnesota/133/2024_H3N2,2024-08-28,3.0
A/Minnesota/133/2024_H3N2,2024-08-29,3.0
A/Minnesota/133/2024_H3N2,2024-08-31,2.0
A/Minnesota/133/2024_H3N2,2024-09-02,5.0
A/Minnesota/133/2024_H3N2,2024-09-03,8.0
A/Minnesota/133/2024_H3N2,2024-09-04,11.0
A/Minnesota/133/2024_H3N2,2024-09-05,3.0
A/Minnesota/133/2024_H3N2,2024-09-06,6.0
A/Minnesota/133/2024_H3N2,2024-09-07,2.0
A/Minnesota/133/2024_H3N2,2024-09-08,1.0
A/Minnesota/133/2024_H3N2,2024-09-09,6.0
A/Minnesota/133/2024_H3N2,2024-09-10,5.0
A/Minnesota/133/2024_H3N2,2024-09-11,5.0
A/Minnesota/133/2024_H3N2,2024-09-12,1.0
A/Minnesota/133/2024_H3N2,2024-09-13,1.0
A/Minnesota/133/2024_H3N2,2024-09-15,2.0
A/Minnesota/133/2024_H3N2,2024-09-16,3.0
A/Minnesota/133/2024_H3N2,2024-09-17,5.0
A/Minnesota/133/2024_H3N2,2024-09-18,1.0
A/Minnesota/133/2024_H3N2,2024-09-19,3.0
A/Minnesota/133/2024_H3N2,2024-09-20,2.0
A/Minnesota/133/2024_H3N2,2024-09-21,2.0
A/Minnesota/133/2024_H3N2,2024-09-22,7.0
A/Minnesota/133/2024_H3N2,2024-09-23,5.0
A/Minnesota/133/2024_H3N2,2024-09-24,4.0
A/Minnesota/133/2024_H3N2,2024-09-25,2.0
A/Minnesota/133/2024_H3N2,2024-09-26,3.0
A/Minnesota/133/2024_H3N2,2024-09-29,1.0
A/Minnesota/133/2024_H3N2,2024-09-30,1.0
A/Minnesota/133/2024_H3N2,2024-10-01,2.0
A/Minnesota/133/2024_H3N2,2024-10-02,2.0
A/Minnesota/133/2024_H3N2,2024-10-03,2.0
A/Minnesota/133/2024_H3N2,2024-10-04,4.0
A/Minnesota/133/2024_H3N2,2024-10-05,1.0
A/Minnesota/133/2024_H3N2,2024-10-06,4.0
A/Minnesota/133/2024_H3N2,2024-10-07,5.0
A/Minnesota/133/2024_H3N2,2024-10-08,3.0
A/Minnesota/133/2024_H3N2,2024-10-09,4.0
A/Minnesota/133/2024_H3N2,2024-10-10,2.0
A/Minnesota/133/2024_H3N2,2024-10-13,2.0
A/Minnesota/133/2024_H3N2,2024-10-14,1.0
A/Minnesota/133/2024_H3N2,2024-10-15,5.0
A/Minnesota/133/2024_H3N2,2024-10-16,2.0
A/Minnesota/133/2024_H3N2,2024-10-17,4.0
A/Minnesota/133/2024_H3N2,2024-10-18,3.0
A/Minnesota/133/2024_H3N2,2024-10-19,1.0
A/Minnesota/133/2024_H3N2,2024-10-22,1.0
A/Minnesota/133/2024_H3N2,2024-10-23,6.0
A/Minnesota/133/2024_H3N2,2024-10-24,2.0
A/Minnesota/133/2024_H3N2,2024-10-25,1.0
A/Minnesota/133/2024_H3N2,2024-10-26,4.0
A/Minnesota/133/2024_H3N2,2024-10-28,1.0
A/Minnesota/133/2024_H3N2,2024-10-29,5.0
A/Minnesota/133/2024_H3N2,2024-10-30,3.0
A/Minnesota/133/2024_H3N2,2024-11-01,1.0
A/Minnesota/133/2024_H3N2,2024-11-02,1.0
A/Minnesota/133/2024_H3N2,2024-11-04,2.0
A/Minnesota/133/2024_H3N2,2024-11-05,2.0
A/Minnesota/133/2024_H3N2,2024-11-06,4.0
A/Minnesota/133/2024_H3N2,2024-11-07,1.0
A/Minnesota/133/2024_H3N2,2024-11-08,3.0
A/Minnesota/133/2024_H3N2,2024-11-09,2.0
A/Minnesota/133/2024_H3N2,2024-11-11,6.0
A/Minnesota/133/2024_H3N2,2024-11-12,2.0
A/Minnesota/133/2024_H3N2,2024-11-13,1.0
A/Minnesota/133/2024_H3N2,2024-11-14,2.0
A/Minnesota/133/2024_H3N2,2024-11-15,1.0
A/Minnesota/133/2024_H3N2,2024-11-18,1.0
A/Minnesota/133/2024_H3N2,2024-11-19,3.0
A/Minnesota/133/2024_H3N2,2024-11-20,2.0
A/Minnesota/133/2024_H3N2,2024-11-21,2.0
A/Minnesota/133/2024_H3N2,2024-11-22,1.0
A/Minnesota/133/2024_H3N2,2024-11-23,3.0
A/Minnesota/133/2024_H3N2,2024-11-24,1.0
A/Minnesota/133/2024_H3N2,2024-11-25,6.0
A/Minnesota/133/2024_H3N2,2024-11-26,5.0
A/Minnesota/133/2024_H3N2,2024-11-27,1.0
A/Minnesota/133/2024_H3N2,2024-11-28,4.0
A/Minnesota/133/2024_H3N2,2024-11-29,3.0
A/Minnesota/133/2024_H3N2,2024-11-30,1.0
A/Minnesota/133/2024_H3N2,2024-12-01,2.0
A/Minnesota/133/2024_H3N2,2024-12-02,12.0
A/Minnesota/133/2024_H3N2,2024-12-03,8.0
A/Minnesota/133/2024_H3N2,2024-12-04,2.0
A/Minnesota/133/2024_H3N2,2024-12-05,5.0
A/Minnesota/133/2024_H3N2,2024-12-06,4.0
A/Minnesota/133/2024_H3N2,2024-12-07,2.0
A/Minnesota/133/2024_H3N2,2024-12-09,4.0
A/Minnesota/133/2024_H3N2,2024-12-10,8.0
A/Minnesota/133/2024_H3N2,2024-12-11,3.0
A/Minnesota/133/2024_H3N2,2024-12-13,3.0
A/Minnesota/133/2024_H3N2,2024-12-14,3.0
A/Minnesota/133/2024_H3N2,2024-12-16,13.0
A/Minnesota/133/2024_H3N2,2024-12-17,4.0
A/Minnesota/133/2024_H3N2,2024-12-18,2.0
A/Minnesota/133/2024_H3N2,2024-12-19,4.0
A/Minnesota/133/2024_H3N2,2024-12-20,2.0
A/Minnesota/133/2024_H3N2,2024-12-21,1.0
A/Minnesota/133/2024_H3N2,2024-12-22,1.0
A/Minnesota/133/2024_H3N2,2024-12-23,3.0
A/Minnesota/133/2024_H3N2,2024-12-24,5.0
A/Minnesota/133/2024_H3N2,2024-12-25,2.0
A/Minnesota/133/2024_H3N2,2024-12-26,1.0
A/Minnesota/133/2024_H3N2,2024-12-27,3.0
A/Minnesota/133/2024_H3N2,2024-12-28,5.0
A/Minnesota/133/2024_H3N2,2024-12-29,2.0
A/Minnesota/133/2024_H3N2,2024-12-30,7.0
A/Minnesota/133/2024_H3N2,2024-12-31,2.0
A/Minnesota/133/2024_H3N2,2025-01-01,5.0
A/Minnesota/133/2024_H3N2,2025-01-02,14.0
A/Minnesota/133/2024_H3N2,2025-01-03,2.0
A/Minnesota/133/2024_H3N2,2025-01-04,1.0
A/Minnesota/133/2024_H3N2,2025-01-05,2.0
A/Minnesota/133/2024_H3N2,2025-01-06,5.0
A/Minnesota/133/2024_H3N2,2025-01-07,4.0
A/Minnesota/133/2024_H3N2,2025-01-08,6.0
A/Minnesota/133/2024_H3N2,2025-01-09,3.0
A/Minnesota/133/2024_H3N2,2025-01-10,9.0
A/Minnesota/133/2024_H3N2,2025-01-11,2.0
A/Minnesota/133/2024_H3N2,2025-01-12,1.0
A/Minnesota/133/2024_H3N2,2025-01-13,4.0
A/Minnesota/133/2024_H3N2,2025-01-14,5.0
A/Minnesota/133/2024_H3N2,2025-01-15,4.0
A/Minnesota/133/2024_H3N2,2025-01-16,3.0
A/Minnesota/133/2024_H3N2,2025-01-17,3.0
A/Minnesota/133/2024_H3N2,2025-01-19,3.0
A/Minnesota/133/2024_H3N2,2025-01-20,4.5
A/Minnesota/133/2024_H3N2,2025-01-21,6.0
A/Minnesota/133/2024_H3N2,2025-01-22,11.0
A/Minnesota/133/2024_H3N2,2025-01-23,9.0
A/Minnesota/133/2024_H3N2,2025-01-24,4.0
A/Minnesota/133/2024_H3N2,2025-01-25,1.0
A/Minnesota/133/2024_H3N2,2025-01-26,2.0
A/Minnesota/133/2024_H3N2,2025-01-27,5.0
A/Minnesota/133/2024_H3N2,2025-01-28,3.0
A/Minnesota/133/2024_H3N2,2025-01-29,7.0
A/Minnesota/133/2024_H3N2,2025-01-30,10.0
A/Minnesota/133/2024_H3N2,2025-01-31,4.0
A/Minnesota/133/2024_H3N2,2025-02-01,7.0
A/Minnesota/133/2024_H3N2,2025-02-02,3.0
A/Minnesota/133/2024_H3N2,2025-02-03,4.0
A/Minnesota/133/2024_H3N2,2025-02-04,10.0
A/Minnesota/133/2024_H3N2,2025-02-05,3.0
A/Minnesota/133/2024_H3N2,2025-02-06,4.0
A/Minnesota/133/2024_H3N2,2025-02-07,4.5
A/Minnesota/133/2024_H3N2,2025-02-08,1.0
A/Minnesota/133/2024_H3N2,2025-02-09,3.0
A/Minnesota/133/2024_H3N2,2025-02-10,1.0
A/Minnesota/133/2024_H3N2,2025-02-11,5.0
A/Minnesota/133/2024_H3N2,2025-02-12,2.0
A/Minnesota/133/2024_H3N2,2025-02-14,3.0
A/Minnesota/133/2024_H3N2,2025-02-15,1.0
A/Minnesota/133/2024_H3N2,2025-02-16,1.0
A/Minnesota/133/2024_H3N2,2025-02-17,4.0
A/Minnesota/133/2024_H3N2,2025-02-18,6.0
A/Minnesota/133/2024_H3N2,2025-02-19,4.0
A/Minnesota/133/2024_H3N2,2025-02-20,4.0
A/Minnesota/133/2024_H3N2,2025-02-21,4.0
A/Minnesota/133/2024_H3N2,2025-02-22,1.0
A/Minnesota/133/2024_H3N2,2025-02-23,2.0
A/Minnesota/133/2024_H3N2,2025-02-24,7.0
A/Minnesota/133/2024_H3N2,2025-02-25,3.0
A/Minnesota/133/2024_H3N2,2025-02-26,1.0
A/Minnesota/133/2024_H3N2,2025-02-27,2.0
A/Minnesota/133/2024_H3N2,2025-03-02,2.0
A/Minnesota/133/2024_H3N2,2025-03-03,4.0
A/Minnesota/133/2024_H3N2,2025-03-04,3.0
A/Minnesota/133/2024_H3N2,2025-03-05,1.0
A/Minnesota/133/2024_H3N2,2025-03-06,1.0
A/Minnesota/133/2024_H3N2,2025-03-07,1.0
A/Minnesota/133/2024_H3N2,2025-03-08,1.0
A/Minnesota/133/2024_H3N2,2025-03-10,3.0
A/Minnesota/133/2024_H3N2,2025-03-12,2.0
A/Minnesota/133/2024_H3N2,2025-03-13,3.0
A/Minnesota/133/2024_H3N2,2025-03-14,1.0
A/Minnesota/133/2024_H3N2,2025-03-16,1.0
A/Minnesota/133/2024_H3N2,2025-03-17,1.0
A/Minnesota/133/2024_H3N2,2025-03-18,1.0
A/Minnesota/133/2024_H3N2,2025-03-21,2.0
A/Minnesota/133/2024_H3N2,2025-03-24,3.0
A/Minnesota/133/2024_H3N2,2025-03-25,2.0
A/Minnesota/133/2024_H3N2,2025-03-27,2.0
A/Minnesota/133/2024_H3N2,2025-03-29,1.0
A/Minnesota/133/2024_H3N2,2025-03-31,3.0
A/Minnesota/133/2024_H3N2,2025-04-01,1.0
A/Minnesota/133/2024_H3N2,2025-04-02,1.0
A/Minnesota/133/2024_H3N2,2025-04-03,1.0
A/Minnesota/133/2024_H3N2,2025-04-04,1.0
A/Minnesota/133/2024_H3N2,2025-04-11,2.0
A/Minnesota/133/2024_H3N2,2025-04-14,1.0
A/Minnesota/133/2024_H3N2,2025-04-15,1.0
A/Minnesota/133/2024_H3N2,2025-04-16,1.0
A/Minnesota/133/2024_H3N2,2025-04-22,2.0
A/Minnesota/133/2024_H3N2,2025-04-28,1.0
A/Minnesota/133/2024_H3N2,2025-04-29,1.0
A/Minnesota/133/2024_H3N2,2025-04-30,1.0
A/Minnesota/133/2024_H3N2,2025-05-15,1.0
A/Minnesota/133/2024_H3N2,2025-05-20,1.0
A/Minnesota/133/2024_H3N2,2025-06-02,1.0
A/Minnesota/133/2024_H3N2,2025-06-19,1.0
A/Minnesota/97/2024_H3N2,2024-04-29,1.0
A/Minnesota/97/2024_H3N2,2024-05-03,0.16666666666666666
A/Minnesota/97/2024_H3N2,2024-05-05,1.0
A/Minnesota/97/2024_H3N2,2024-05-08,0.5
A/Minnesota/97/2024_H3N2,2024-05-09,0.16666666666666666
A/Minnesota/97/2024_H3N2,2024-05-13,1.0
A/Minnesota/97/2024_H3N2,2024-05-15,0.16666666666666666
A/Minnesota/97/2024_H3N2,2024-05-16,1.0
A/Minnesota/97/2024_H3N2,2024-05-23,1.1666666666666667
A/Minnesota/97/2024_H3N2,2024-05-24,1.1666666666666667
A/Minnesota/97/2024_H3N2,2024-05-27,1.0
A/Minnesota/97/2024_H3N2,2024-05-30,1.0
A/Minnesota/97/2024_H3N2,2024-05-31,1.0
A/Minnesota/97/2024_H3N2,2024-06-01,1.0
A/Minnesota/97/2024_H3N2,2024-06-02,0.3333333333333333
A/Minnesota/97/2024_H3N2,2024-06-03,1.1666666666666667
A/Minnesota/97/2024_H3N2,2024-06-04,0.3333333333333333
A/Minnesota/97/2024_H3N2,2024-06-06,2.1666666666666665
A/Minnesota/97/2024_H3N2,2024-06-07,0.3333333333333333
A/Minnesota/97/2024_H3N2,2024-06-08,0.16666666666666666
A/Minnesota/97/2024_H3N2,2024-06-09,0.5
A/Minnesota/97/2024_H3N2,2024-06-10,0.5
A/Minnesota/97/2024_H3N2,2024-06-11,2.3333333333333335
A/Minnesota/97/2024_H3N2,2024-06-12,1.0
A/Minnesota/97/2024_H3N2,2024-06-13,1.0
A/Minnesota/97/2024_H3N2,2024-06-14,0.16666666666666666
A/Minnesota/97/2024_H3N2,2024-06-15,1.3333333333333333
A/Minnesota/97/2024_H3N2,2024-06-16,1.0
A/Minnesota/97/2024_H3N2,2024-06-17,1.0
A/Minnesota/97/2024_H3N2,2024-06-18,1.3333333333333333
A/Minnesota/97/2024_H3N2,2024-06-19,1.0
A/Minnesota/97/2024_H3N2,2024-06-20,0.16666666666666666
A/Minnesota/97/2024_H3N2,2024-06-21,0.16666666666666666
A/Minnesota/97/2024_H3N2,2024-06-22,0.3333333333333333
A/Minnesota/97/2024_H3N2,2024-06-23,1.1666666666666667
A/Minnesota/97/2024_H3N2,2024-06-24,2.6666666666666665
A/Minnesota/97/2024_H3N2,2024-06-25,3.166666666666667
A/Minnesota/97/2024_H3N2,2024-06-28,0.16666666666666666
A/Minnesota/97/2024_H3N2,2024-06-29,2.0
A/Minnesota/97/2024_H3N2,2024-06-30,2.1666666666666665
A/Minnesota/97/2024_H3N2,2024-07-01,3.0
A/Minnesota/97/2024_H3N2,2024-07-02,2.5
A/Minnesota/97/2024_H3N2,2024-07-03,2.0
A/Minnesota/97/2024_H3N2,2024-07-04,0.3333333333333333
A/Minnesota/97/2024_H3N2,2024-07-05,0.16666666666666666
A/Minnesota/97/2024_H3N2,2024-07-06,1.3333333333333333
A/Minnesota/97/2024_H3N2,2024-07-08,0.3333333333333333
A/Minnesota/97/2024_H3N2,2024-07-09,0.3333333333333333
A/Minnesota/97/2024_H3N2,2024-07-10,0.6666666666666666
A/Minnesota/97/2024_H3N2,2024-07-11,1.1666666666666667
A/Minnesota/97/2024_H3N2,2024-07-12,1.3333333333333333
A/Minnesota/97/2024_H3N2,2024-07-13,2.0
A/Minnesota/97/2024_H3N2,2024-07-14,1.3333333333333335
A/Minnesota/97/2024_H3N2,2024-07-15,0.16666666666666666
A/Minnesota/97/2024_H3N2,2024-07-16,1.5
A/Minnesota/97/2024_H3N2,2024-07-17,1.3333333333333335
A/Minnesota/97/2024_H3N2,2024-07-18,3.6666666666666665
A/Minnesota/97/2024_H3N2,2024-07-19,2.3333333333333335
A/Minnesota/97/2024_H3N2,2024-07-20,2.166666666666667
A/Minnesota/97/2024_H3N2,2024-07-21,0.3333333333333333
A/Minnesota/97/2024_H3N2,2024-07-22,0.5
A/Minnesota/97/2024_H3N2,2024-07-23,0.16666666666666666
A/Minnesota/97/2024_H3N2,2024-07-24,1.5
A/Minnesota/97/2024_H3N2,2024-07-25,3.0
A/Minnesota/97/2024_H3N2,2024-07-26,0.16666666666666666
A/Minnesota/97/2024_H3N2,2024-07-27,0.16666666666666666
A/Minnesota/97/2024_H3N2,2024-07-29,1.1666666666666667
A/Minnesota/97/2024_H3N2,2024-07-30,1.3333333333333333
A/Minnesota/97/2024_H3N2,2024-07-31,1.1666666666666667
A/Minnesota/97/2024_H3N2,2024-08-01,0.5
A/Minnesota/97/2024_H3N2,2024-08-02,0.8333333333333333
A/Minnesota/97/2024_H3N2,2024-08-03,3.166666666666667
A/Minnesota/97/2024_H3N2,2024-08-04,1.3333333333333333
A/Minnesota/97/2024_H3N2,2024-08-05,5.166666666666667
A/Minnesota/97/2024_H3N2,2024-08-06,2.0
A/Minnesota/97/2024_H3N2,2024-08-07,2.6666666666666665
A/Minnesota/97/2024_H3N2,2024-08-08,1.3333333333333335
A/Minnesota/97/2024_H3N2,2024-08-09,4.166666666666667
A/Minnesota/97/2024_H3N2,2024-08-10,1.0
A/Minnesota/97/2024_H3N2,2024-08-11,2.166666666666667
A/Minnesota/97/2024_H3N2,2024-08-12,1.3333333333333335
A/Minnesota/97/2024_H3N2,2024-08-13,2.0
A/Minnesota/97/2024_H3N2,2024-08-14,2.0
A/Minnesota/97/2024_H3N2,2024-08-15,1.1666666666666667
A/Minnesota/97/2024_H3N2,2024-08-16,3.0
A/Minnesota/97/2024_H3N2,2024-08-18,0.16666666666666666
A/Minnesota/97/2024_H3N2,2024-08-19,2.166666666666667
A/Minnesota/97/2024_H3N2,2024-08-20,1.1666666666666667
A/Minnesota/97/2024_H3N2,2024-08-21,0.3333333333333333
A/Minnesota/97/2024_H3N2,2024-08-22,2.0
A/Minnesota/97/2024_H3N2,2024-08-25,2.0
A/Minnesota/97/2024_H3N2,2024-08-26,1.3333333333333333
A/Minnesota/97/2024_H3N2,2024-08-27,2.0
A/Minnesota/97/2024_H3N2,2024-08-28,3.0
A/Minnesota/97/2024_H3N2,2024-08-29,1.0
A/Minnesota/97/2024_H3N2,2024-08-30,1.0
A/Minnesota/97/2024_H3N2,2024-08-31,2.0
A/Minnesota/97/2024_H3N2,2024-09-01,1.1666666666666667
A/Minnesota/97/2024_H3N2,2024-09-02,3.0
A/Minnesota/97/2024_H3N2,2024-09-03,1.3333333333333335
A/Minnesota/97/2024_H3N2,2024-09-04,1.8333333333333333
A/Minnesota/97/2024_H3N2,2024-09-05,1.5
A/Minnesota/97/2024_H3N2,2024-09-06,2.0
A/Minnesota/97/2024_H3N2,2024-09-07,1.0
A/Minnesota/97/2024_H3N2,2024-09-08,2.3333333333333335
A/Minnesota/97/2024_H3N2,2024-09-09,3.166666666666667
A/Minnesota/97/2024_H3N2,2024-09-10,2.1666666666666665
A/Minnesota/97/2024_H3N2,2024-09-11,3.0
A/Minnesota/97/2024_H3N2,2024-09-13,1.1666666666666667
A/Minnesota/97/2024_H3N2,2024-09-14,1.1666666666666667
A/Minnesota/97/2024_H3N2,2024-09-15,3.0
A/Minnesota/97/2024_H3N2,2024-09-16,3.0
A/Minnesota/97/2024_H3N2,2024-09-17,5.0
A/Minnesota/97/2024_H3N2,2024-09-19,1.0
A/Minnesota/97/2024_H3N2,2024-09-20,2.3333333333333335
A/Minnesota/97/2024_H3N2,2024-09-22,0.3333333333333333
A/Minnesota/97/2024_H3N2,2024-09-23,1.0
A/Minnesota/97/2024_H3N2,2024-09-24,1.0
A/Minnesota/97/2024_H3N2,2024-09-25,1.0
A/Minnesota/97/2024_H3N2,2024-09-26,2.0
A/Minnesota/97/2024_H3N2,2024-09-27,2.0
A/Minnesota/97/2024_H3N2,2024-09-29,1.0
A/Minnesota/97/2024_H3N2,2024-09-30,0.16666666666666666
A/Minnesota/97/2024_H3N2,2024-10-01,1.0
A/Minnesota/97/2024_H3N2,2024-10-02,1.1666666666666667
A/Minnesota/97/2024_H3N2,2024-10-03,4.0
A/Minnesota/97/2024_H3N2,2024-10-04,1.0
A/Minnesota/97/2024_H3N2,2024-10-05,1.0
A/Minnesota/97/2024_H3N2,2024-10-06,1.0
A/Minnesota/97/2024_H3N2,2024-10-07,1.0
A/Minnesota/97/2024_H3N2,2024-10-08,1.0
A/Minnesota/97/2024_H3N2,2024-10-09,1.0
A/Minnesota/97/2024_H3N2,2024-10-10,1.0
A/Minnesota/97/2024_H3N2,2024-10-11,1.1666666666666667
A/Minnesota/97/2024_H3N2,2024-10-12,1.0
A/Minnesota/97/2024_H3N2,2024-10-13,2.0
A/Minnesota/97/2024_H3N2,2024-10-14,5.0
A/Minnesota/97/2024_H3N2,2024-10-15,2.0
A/Minnesota/97/2024_H3N2,2024-10-16,1.0
A/Minnesota/97/2024_H3N2,2024-10-17,0.16666666666666666
A/Minnesota/97/2024_H3N2,2024-10-18,1.0
A/Minnesota/97/2024_H3N2,2024-10-22,4.0
A/Minnesota/97/2024_H3N2,2024-10-23,2.0
A/Minnesota/97/2024_H3N2,2024-10-24,2.0
A/Minnesota/97/2024_H3N2,2024-10-25,1.0
A/Minnesota/97/2024_H3N2,2024-10-27,1.0
A/Minnesota/97/2024_H3N2,2024-10-28,3.0
A/Minnesota/97/2024_H3N2,2024-10-29,0.16666666666666666
A/Minnesota/97/2024_H3N2,2024-10-30,2.0
A/Minnesota/97/2024_H3N2,2024-11-01,2.0
A/Minnesota/97/2024_H3N2,2024-11-04,0.16666666666666666
A/Minnesota/97/2024_H3N2,2024-11-05,3.0
A/Minnesota/97/2024_H3N2,2024-11-07,0.6666666666666666
A/Minnesota/97/2024_H3N2,2024-11-08,2.1666666666666665
A/Minnesota/97/2024_H3N2,2024-11-09,1.0
A/Minnesota/97/2024_H3N2,2024-11-11,2.1666666666666665
A/Minnesota/97/2024_H3N2,2024-11-12,1.1666666666666667
A/Minnesota/97/2024_H3N2,2024-11-13,3.0
A/Minnesota/97/2024_H3N2,2024-11-14,1.0
A/Minnesota/97/2024_H3N2,2024-11-15,2.1666666666666665
A/Minnesota/97/2024_H3N2,2024-11-16,1.5
A/Minnesota/97/2024_H3N2,2024-11-17,1.1666666666666667
A/Minnesota/97/2024_H3N2,2024-11-18,2.0
A/Minnesota/97/2024_H3N2,2024-11-19,0.16666666666666666
A/Minnesota/97/2024_H3N2,2024-11-20,4.0
A/Minnesota/97/2024_H3N2,2024-11-22,1.0
A/Minnesota/97/2024_H3N2,2024-11-23,2.0
A/Minnesota/97/2024_H3N2,2024-11-25,3.0
A/Minnesota/97/2024_H3N2,2024-11-26,5.166666666666667
A/Minnesota/97/2024_H3N2,2024-11-27,2.0
A/Minnesota/97/2024_H3N2,2024-11-28,2.0
A/Minnesota/97/2024_H3N2,2024-11-29,1.1666666666666667
A/Minnesota/97/2024_H3N2,2024-11-30,1.0
A/Minnesota/97/2024_H3N2,2024-12-01,1.0
A/Minnesota/97/2024_H3N2,2024-12-02,1.0
A/Minnesota/97/2024_H3N2,2024-12-05,2.0
A/Minnesota/97/2024_H3N2,2024-12-08,0.16666666666666666
A/Minnesota/97/2024_H3N2,2024-12-09,4.0
A/Minnesota/97/2024_H3N2,2024-12-10,2.0
A/Minnesota/97/2024_H3N2,2024-12-11,2.0
A/Minnesota/97/2024_H3N2,2024-12-12,3.0
A/Minnesota/97/2024_H3N2,2024-12-13,1.0
A/Minnesota/97/2024_H3N2,2024-12-15,1.0
A/Minnesota/97/2024_H3N2,2024-12-16,3.0
A/Minnesota/97/2024_H3N2,2024-12-17,1.0
A/Minnesota/97/2024_H3N2,2024-12-18,3.0
A/Minnesota/97/2024_H3N2,2024-12-19,5.0
A/Minnesota/97/2024_H3N2,2024-12-20,2.0
A/Minnesota/97/2024_H3N2,2024-12-22,1.0
A/Minnesota/97/2024_H3N2,2024-12-23,2.0
A/Minnesota/97/2024_H3N2,2024-12-25,0.16666666666666666
A/Minnesota/97/2024_H3N2,2024-12-26,1.0
A/Minnesota/97/2024_H3N2,2024-12-27,3.0
A/Minnesota/97/2024_H3N2,2024-12-29,2.0
A/Minnesota/97/2024_H3N2,2024-12-30,1.0
A/Minnesota/97/2024_H3N2,2025-01-01,1.0
A/Minnesota/97/2024_H3N2,2025-01-02,3.0
A/Minnesota/97/2024_H3N2,2025-01-03,2.0
A/Minnesota/97/2024_H3N2,2025-01-05,1.0
A/Minnesota/97/2024_H3N2,2025-01-06,3.0
A/Minnesota/97/2024_H3N2,2025-01-07,4.0
A/Minnesota/97/2024_H3N2,2025-01-09,3.0
A/Minnesota/97/2024_H3N2,2025-01-10,1.0
A/Minnesota/97/2024_H3N2,2025-01-11,2.0
A/Minnesota/97/2024_H3N2,2025-01-12,2.0
A/Minnesota/97/2024_H3N2,2025-01-13,9.0
A/Minnesota/97/2024_H3N2,2025-01-14,4.166666666666666
A/Minnesota/97/2024_H3N2,2025-01-15,8.0
A/Minnesota/97/2024_H3N2,2025-01-16,1.0
A/Minnesota/97/2024_H3N2,2025-01-17,1.0
A/Minnesota/97/2024_H3N2,2025-01-18,2.0
A/Minnesota/97/2024_H3N2,2025-01-20,5.0
A/Minnesota/97/2024_H3N2,2025-01-21,4.0
A/Minnesota/97/2024_H3N2,2025-01-22,2.0
A/Minnesota/97/2024_H3N2,2025-01-23,2.0
A/Minnesota/97/2024_H3N2,2025-01-24,1.0
A/Minnesota/97/2024_H3N2,2025-01-26,1.0
A/Minnesota/97/2024_H3N2,2025-01-27,13.0
A/Minnesota/97/2024_H3N2,2025-01-28,4.0
A/Minnesota/97/2024_H3N2,2025-01-29,3.0
A/Minnesota/97/2024_H3N2,2025-01-30,2.0
A/Minnesota/97/2024_H3N2,2025-01-31,2.0
A/Minnesota/97/2024_H3N2,2025-02-02,1.0
A/Minnesota/97/2024_H3N2,2025-02-03,6.0
A/Minnesota/97/2024_H3N2,2025-02-04,4.0
A/Minnesota/97/2024_H3N2,2025-02-05,6.0
A/Minnesota/97/2024_H3N2,2025-02-06,4.0
A/Minnesota/97/2024_H3N2,2025-02-07,2.0
A/Minnesota/97/2024_H3N2,2025-02-08,3.0
A/Minnesota/97/2024_H3N2,2025-02-09,2.0
A/Minnesota/97/2024_H3N2,2025-02-10,4.0
A/Minnesota/97/2024_H3N2,2025-02-11,4.0
A/Minnesota/97/2024_H3N2,2025-02-12,2.0
A/Minnesota/97/2024_H3N2,2025-02-13,1.1666666666666667
A/Minnesota/97/2024_H3N2,2025-02-14,1.0
A/Minnesota/97/2024_H3N2,2025-02-15,3.0
A/Minnesota/97/2024_H3N2,2025-02-16,4.0
A/Minnesota/97/2024_H3N2,2025-02-17,5.0
A/Minnesota/97/2024_H3N2,2025-02-18,2.0
A/Minnesota/97/2024_H3N2,2025-02-19,1.0
A/Minnesota/97/2024_H3N2,2025-02-20,3.1666666666666665
A/Minnesota/97/2024_H3N2,2025-02-21,2.0
A/Minnesota/97/2024_H3N2,2025-02-22,1.0
A/Minnesota/97/2024_H3N2,2025-02-24,3.333333333333333
A/Minnesota/97/2024_H3N2,2025-02-25,7.0
A/Minnesota/97/2024_H3N2,2025-02-26,2.0
A/Minnesota/97/2024_H3N2,2025-02-27,1.0
A/Minnesota/97/2024_H3N2,2025-02-28,2.0
A/Minnesota/97/2024_H3N2,2025-03-01,1.0
A/Minnesota/97/2024_H3N2,2025-03-03,1.0
A/Minnesota/97/2024_H3N2,2025-03-04,3.1666666666666665
A/Minnesota/97/2024_H3N2,2025-03-05,2.0
A/Minnesota/97/2024_H3N2,2025-03-06,2.0
A/Minnesota/97/2024_H3N2,2025-03-07,2.0
A/Minnesota/97/2024_H3N2,2025-03-10,2.0
A/Minnesota/97/2024_H3N2,2025-03-11,1.0
A/Minnesota/97/2024_H3N2,2025-03-12,1.0
A/Minnesota/97/2024_H3N2,2025-03-13,1.0
A/Minnesota/97/2024_H3N2,2025-03-14,1.0
A/Minnesota/97/2024_H3N2,2025-03-15,2.0
A/Minnesota/97/2024_H3N2,2025-03-17,1.0
A/Minnesota/97/2024_H3N2,2025-03-19,2.0
A/Minnesota/97/2024_H3N2,2025-03-21,2.0
A/Minnesota/97/2024_H3N2,2025-03-23,1.0
A/Minnesota/97/2024_H3N2,2025-03-24,4.0
A/Minnesota/97/2024_H3N2,2025-03-25,2.0
A/Minnesota/97/2024_H3N2,2025-03-26,3.0
A/Minnesota/97/2024_H3N2,2025-03-27,1.0
A/Minnesota/97/2024_H3N2,2025-03-28,1.0
A/Minnesota/97/2024_H3N2,2025-03-29,1.0
A/Minnesota/97/2024_H3N2,2025-04-01,1.0
A/Minnesota/97/2024_H3N2,2025-04-03,1.0
A/Minnesota/97/2024_H3N2,2025-04-07,1.0
A/Minnesota/97/2024_H3N2,2025-04-08,2.0
A/Minnesota/97/2024_H3N2,2025-04-14,1.0
A/Minnesota/97/2024_H3N2,2025-04-15,2.0
A/Minnesota/97/2024_H3N2,2025-04-16,1.0
A/Minnesota/97/2024_H3N2,2025-04-17,1.0
A/Minnesota/97/2024_H3N2,2025-04-18,1.0
A/Minnesota/97/2024_H3N2,2025-04-24,1.0
A/Minnesota/97/2024_H3N2,2025-04-30,1.0
A/Minnesota/97/2024_H3N2,2025-05-06,2.0
A/Minnesota/97/2024_H3N2,2025-05-07,1.0
A/Minnesota/97/2024_H3N2,2025-05-19,1.0
A/Minnesota/97/2024_H3N2,2025-05-22,2.0
A/Minnesota/97/2024_H3N2,2025-05-26,1.0
A/Minnesota/97/2024_H3N2,2025-06-02,1.0
A/Minnesota/97/2024_H3N2,2025-06-05,1.0
A/Minnesota/97/2024_H3N2,2025-06-07,1.0
A/Minnesota/97/2024_H3N2,2025-06-11,1.0
A/Minnesota/97/2024_H3N2,2025-06-20,2.0
A/Minnesota/97/2024_H3N2,2025-06-22,1.0
A/Minnesota/97/2024_H3N2,2025-07-22,1.0
A/Minnesota/97/2024_H3N2,2025-07-24,1.0
A/Netherlands/01502/2025_H3N2,2024-05-31,0.25
A/Netherlands/01502/2025_H3N2,2024-06-26,0.25
A/Netherlands/01502/2025_H3N2,2024-09-11,0.5
A/Netherlands/01502/2025_H3N2,2024-09-27,1.0
A/Netherlands/01502/2025_H3N2,2024-10-24,1.0
A/Netherlands/01502/2025_H3N2,2024-10-31,1.0
A/Netherlands/01502/2025_H3N2,2024-11-01,1.0
A/Netherlands/01502/2025_H3N2,2024-11-14,1.0
A/Netherlands/01502/2025_H3N2,2024-11-16,1.0
A/Netherlands/01502/2025_H3N2,2024-11-25,3.0
A/Netherlands/01502/2025_H3N2,2024-11-27,1.0
A/Netherlands/01502/2025_H3N2,2024-11-28,1.0
A/Netherlands/01502/2025_H3N2,2024-12-02,1.0
A/Netherlands/01502/2025_H3N2,2024-12-03,2.0
A/Netherlands/01502/2025_H3N2,2024-12-04,1.0
A/Netherlands/01502/2025_H3N2,2024-12-09,3.0
A/Netherlands/01502/2025_H3N2,2024-12-10,1.0
A/Netherlands/01502/2025_H3N2,2024-12-12,2.0
A/Netherlands/01502/2025_H3N2,2024-12-13,4.0
A/Netherlands/01502/2025_H3N2,2024-12-14,4.0
A/Netherlands/01502/2025_H3N2,2024-12-15,4.0
A/Netherlands/01502/2025_H3N2,2024-12-16,6.0
A/Netherlands/01502/2025_H3N2,2024-12-18,3.0
A/Netherlands/01502/2025_H3N2,2024-12-19,2.0
A/Netherlands/01502/2025_H3N2,2024-12-20,1.0
A/Netherlands/01502/2025_H3N2,2024-12-23,2.0
A/Netherlands/01502/2025_H3N2,2024-12-24,1.0
A/Netherlands/01502/2025_H3N2,2024-12-25,2.0
A/Netherlands/01502/2025_H3N2,2024-12-26,2.0
A/Netherlands/01502/2025_H3N2,2024-12-27,2.0
A/Netherlands/01502/2025_H3N2,2024-12-28,5.0
A/Netherlands/01502/2025_H3N2,2024-12-29,2.0
A/Netherlands/01502/2025_H3N2,2024-12-30,8.0
A/Netherlands/01502/2025_H3N2,2024-12-31,8.0
A/Netherlands/01502/2025_H3N2,2025-01-01,4.0
A/Netherlands/01502/2025_H3N2,2025-01-02,6.0
A/Netherlands/01502/2025_H3N2,2025-01-03,6.0
A/Netherlands/01502/2025_H3N2,2025-01-04,8.0
A/Netherlands/01502/2025_H3N2,2025-01-05,3.0
A/Netherlands/01502/2025_H3N2,2025-01-06,16.0
A/Netherlands/01502/2025_H3N2,2025-01-07,13.0
A/Netherlands/01502/2025_H3N2,2025-01-08,9.0
A/Netherlands/01502/2025_H3N2,2025-01-09,11.0
A/Netherlands/01502/2025_H3N2,2025-01-10,8.0
A/Netherlands/01502/2025_H3N2,2025-01-11,6.0
A/Netherlands/01502/2025_H3N2,2025-01-12,2.0
A/Netherlands/01502/2025_H3N2,2025-01-13,14.0
A/Netherlands/01502/2025_H3N2,2025-01-14,13.0
A/Netherlands/01502/2025_H3N2,2025-01-15,10.0
A/Netherlands/01502/2025_H3N2,2025-01-16,14.0
A/Netherlands/01502/2025_H3N2,2025-01-17,15.0
A/Netherlands/01502/2025_H3N2,2025-01-18,7.0
A/Netherlands/01502/2025_H3N2,2025-01-19,5.0
A/Netherlands/01502/2025_H3N2,2025-01-20,18.0
A/Netherlands/01502/2025_H3N2,2025-01-21,9.0
A/Netherlands/01502/2025_H3N2,2025-01-22,19.0
A/Netherlands/01502/2025_H3N2,2025-01-23,14.0
A/Netherlands/01502/2025_H3N2,2025-01-24,6.0
A/Netherlands/01502/2025_H3N2,2025-01-25,5.0
A/Netherlands/01502/2025_H3N2,2025-01-26,3.0
A/Netherlands/01502/2025_H3N2,2025-01-27,27.0
A/Netherlands/01502/2025_H3N2,2025-01-28,17.0
A/Netherlands/01502/2025_H3N2,2025-01-29,9.0
A/Netherlands/01502/2025_H3N2,2025-01-30,19.0
A/Netherlands/01502/2025_H3N2,2025-01-31,13.0
A/Netherlands/01502/2025_H3N2,2025-02-01,5.0
A/Netherlands/01502/2025_H3N2,2025-02-02,3.0
A/Netherlands/01502/2025_H3N2,2025-02-03,24.0
A/Netherlands/01502/2025_H3N2,2025-02-04,13.0
A/Netherlands/01502/2025_H3N2,2025-02-05,19.0
A/Netherlands/01502/2025_H3N2,2025-02-06,19.0
A/Netherlands/01502/2025_H3N2,2025-02-07,16.0
A/Netherlands/01502/2025_H3N2,2025-02-08,7.0
A/Netherlands/01502/2025_H3N2,2025-02-09,11.0
A/Netherlands/01502/2025_H3N2,2025-02-10,27.0
A/Netherlands/01502/2025_H3N2,2025-02-11,22.0
A/Netherlands/01502/2025_H3N2,2025-02-12,13.0
A/Netherlands/01502/2025_H3N2,2025-02-13,20.0
A/Netherlands/01502/2025_H3N2,2025-02-14,16.0
A/Netherlands/01502/2025_H3N2,2025-02-15,9.0
A/Netherlands/01502/2025_H3N2,2025-02-16,9.0
A/Netherlands/01502/2025_H3N2,2025-02-17,19.0
A/Netherlands/01502/2025_H3N2,2025-02-18,22.0
A/Netherlands/01502/2025_H3N2,2025-02-19,8.0
A/Netherlands/01502/2025_H3N2,2025-02-20,11.0
A/Netherlands/01502/2025_H3N2,2025-02-21,8.0
A/Netherlands/01502/2025_H3N2,2025-02-22,8.0
A/Netherlands/01502/2025_H3N2,2025-02-23,7.0
A/Netherlands/01502/2025_H3N2,2025-02-24,21.0
A/Netherlands/01502/2025_H3N2,2025-02-25,17.0
A/Netherlands/01502/2025_H3N2,2025-02-26,21.0
A/Netherlands/01502/2025_H3N2,2025-02-27,10.0
A/Netherlands/01502/2025_H3N2,2025-02-28,6.0
A/Netherlands/01502/2025_H3N2,2025-03-01,7.0
A/Netherlands/01502/2025_H3N2,2025-03-02,2.333333333333333
A/Netherlands/01502/2025_H3N2,2025-03-03,30.0
A/Netherlands/01502/2025_H3N2,2025-03-04,20.0
A/Netherlands/01502/2025_H3N2,2025-03-05,12.0
A/Netherlands/01502/2025_H3N2,2025-03-06,10.0
A/Netherlands/01502/2025_H3N2,2025-03-07,7.0
A/Netherlands/01502/2025_H3N2,2025-03-08,5.0
A/Netherlands/01502/2025_H3N2,2025-03-09,5.0
A/Netherlands/01502/2025_H3N2,2025-03-10,10.0
A/Netherlands/01502/2025_H3N2,2025-03-11,13.0
A/Netherlands/01502/2025_H3N2,2025-03-12,9.0
A/Netherlands/01502/2025_H3N2,2025-03-13,7.0
A/Netherlands/01502/2025_H3N2,2025-03-14,6.0
A/Netherlands/01502/2025_H3N2,2025-03-15,6.0
A/Netherlands/01502/2025_H3N2,2025-03-16,3.0
A/Netherlands/01502/2025_H3N2,2025-03-17,15.0
A/Netherlands/01502/2025_H3N2,2025-03-18,7.0
A/Netherlands/01502/2025_H3N2,2025-03-19,15.0
A/Netherlands/01502/2025_H3N2,2025-03-20,13.0
A/Netherlands/01502/2025_H3N2,2025-03-21,8.0
A/Netherlands/01502/2025_H3N2,2025-03-22,4.0
A/Netherlands/01502/2025_H3N2,2025-03-23,4.0
A/Netherlands/01502/2025_H3N2,2025-03-24,8.0
A/Netherlands/01502/2025_H3N2,2025-03-25,6.0
A/Netherlands/01502/2025_H3N2,2025-03-26,7.0
A/Netherlands/01502/2025_H3N2,2025-03-27,6.0
A/Netherlands/01502/2025_H3N2,2025-03-28,4.0
A/Netherlands/01502/2025_H3N2,2025-03-29,1.0
A/Netherlands/01502/2025_H3N2,2025-03-31,4.0
A/Netherlands/01502/2025_H3N2,2025-04-01,6.0
A/Netherlands/01502/2025_H3N2,2025-04-02,3.0
A/Netherlands/01502/2025_H3N2,2025-04-03,4.0
A/Netherlands/01502/2025_H3N2,2025-04-04,2.0
A/Netherlands/01502/2025_H3N2,2025-04-06,1.0
A/Netherlands/01502/2025_H3N2,2025-04-07,4.0
A/Netherlands/01502/2025_H3N2,2025-04-08,3.0
A/Netherlands/01502/2025_H3N2,2025-04-09,1.0
A/Netherlands/01502/2025_H3N2,2025-04-10,2.0
A/Netherlands/01502/2025_H3N2,2025-04-11,5.0
A/Netherlands/01502/2025_H3N2,2025-04-14,1.0
A/Netherlands/01502/2025_H3N2,2025-04-15,1.0
A/Netherlands/01502/2025_H3N2,2025-04-16,1.0
A/Netherlands/01502/2025_H3N2,2025-04-17,1.0
A/Netherlands/01502/2025_H3N2,2025-04-18,1.0
A/Netherlands/01502/2025_H3N2,2025-04-19,1.0
A/Netherlands/01502/2025_H3N2,2025-04-20,4.0
A/Netherlands/01502/2025_H3N2,2025-04-22,3.0
A/Netherlands/01502/2025_H3N2,2025-04-23,1.0
A/Netherlands/01502/2025_H3N2,2025-04-24,3.0
A/Netherlands/01502/2025_H3N2,2025-04-26,2.0
A/Netherlands/01502/2025_H3N2,2025-04-28,1.0
A/Netherlands/01502/2025_H3N2,2025-04-29,1.0
A/Netherlands/01502/2025_H3N2,2025-05-01,1.0
A/Netherlands/01502/2025_H3N2,2025-05-02,4.0
A/Netherlands/01502/2025_H3N2,2025-05-03,3.0
A/Netherlands/01502/2025_H3N2,2025-05-05,1.0
A/Netherlands/01502/2025_H3N2,2025-05-06,2.0
A/Netherlands/01502/2025_H3N2,2025-05-07,5.0
A/Netherlands/01502/2025_H3N2,2025-05-08,1.0
A/Netherlands/01502/2025_H3N2,2025-05-09,1.0
A/Netherlands/01502/2025_H3N2,2025-05-11,1.0
A/Netherlands/01502/2025_H3N2,2025-05-12,5.0
A/Netherlands/01502/2025_H3N2,2025-05-13,4.0
A/Netherlands/01502/2025_H3N2,2025-05-14,3.0
A/Netherlands/01502/2025_H3N2,2025-05-15,4.0
A/Netherlands/01502/2025_H3N2,2025-05-16,1.0
A/Netherlands/01502/2025_H3N2,2025-05-17,3.0
A/Netherlands/01502/2025_H3N2,2025-05-18,1.0
A/Netherlands/01502/2025_H3N2,2025-05-19,2.0
A/Netherlands/01502/2025_H3N2,2025-05-21,1.0
A/Netherlands/01502/2025_H3N2,2025-05-22,2.0
A/Netherlands/01502/2025_H3N2,2025-05-27,3.0
A/Netherlands/01502/2025_H3N2,2025-05-28,1.0
A/Netherlands/01502/2025_H3N2,2025-05-30,1.0
A/Netherlands/01502/2025_H3N2,2025-06-03,2.0
A/Netherlands/01502/2025_H3N2,2025-06-06,4.0
A/Netherlands/01502/2025_H3N2,2025-06-10,3.0
A/Netherlands/01502/2025_H3N2,2025-06-12,3.0
A/Netherlands/01502/2025_H3N2,2025-06-17,2.0
A/Netherlands/01502/2025_H3N2,2025-06-18,2.0
A/Netherlands/01502/2025_H3N2,2025-06-19,2.0
A/Netherlands/01502/2025_H3N2,2025-06-20,1.0
A/Netherlands/01502/2025_H3N2,2025-06-21,2.0
A/Netherlands/01502/2025_H3N2,2025-06-23,2.0
A/Netherlands/01502/2025_H3N2,2025-06-24,1.0
A/Netherlands/01502/2025_H3N2,2025-06-25,2.0
A/Netherlands/01502/2025_H3N2,2025-06-26,2.0
A/Netherlands/01502/2025_H3N2,2025-06-27,1.0
A/Netherlands/01502/2025_H3N2,2025-06-28,1.0
A/Netherlands/01502/2025_H3N2,2025-06-29,1.0
A/Netherlands/01502/2025_H3N2,2025-06-30,1.0
A/Netherlands/01502/2025_H3N2,2025-07-04,2.0
A/Netherlands/01502/2025_H3N2,2025-07-10,1.0
A/Netherlands/01502/2025_H3N2,2025-07-12,1.0
A/Netherlands/01502/2025_H3N2,2025-07-19,1.0
A/Netherlands/01502/2025_H3N2,2025-07-20,1.0
A/Netherlands/01502/2025_H3N2,2025-07-22,1.0
A/Netherlands/01502/2025_H3N2,2025-07-23,4.0
A/Netherlands/01502/2025_H3N2,2025-07-24,1.0
A/Netherlands/01502/2025_H3N2,2025-07-25,1.0
A/Netherlands/01502/2025_H3N2,2025-08-07,1.0
A/Netherlands/01502/2025_H3N2,2025-08-08,1.0
A/Netherlands/01502/2025_H3N2,2025-08-11,1.0
A/Netherlands/10563/2023_H3N2,2024-05-10,1.0
A/Netherlands/10563/2023_H3N2,2024-06-03,1.0
A/Netherlands/10563/2023_H3N2,2024-07-23,1.0
A/Nevada/216/2024_H3N2,2024-05-15,1.0
A/Nevada/216/2024_H3N2,2024-05-26,2.0
A/Nevada/216/2024_H3N2,2024-06-13,1.0
A/Nevada/216/2024_H3N2,2024-06-23,1.0
A/Nevada/216/2024_H3N2,2024-07-03,1.0
A/Nevada/216/2024_H3N2,2024-07-18,1.0
A/Nevada/216/2024_H3N2,2024-08-04,1.0
A/Nevada/216/2024_H3N2,2024-09-08,1.0
A/Nevada/216/2024_H3N2,2024-09-12,2.0
A/Nevada/216/2024_H3N2,2024-09-17,1.0
A/Nevada/216/2024_H3N2,2024-09-18,1.0
A/Nevada/216/2024_H3N2,2024-09-19,1.0
A/Nevada/216/2024_H3N2,2024-09-24,1.0
A/Nevada/216/2024_H3N2,2024-10-02,2.0
A/Nevada/216/2024_H3N2,2024-10-06,1.0
A/Nevada/216/2024_H3N2,2024-10-07,2.0
A/Nevada/216/2024_H3N2,2024-10-11,2.0
A/Nevada/216/2024_H3N2,2024-10-16,2.0
A/Nevada/216/2024_H3N2,2024-10-23,1.0
A/Nevada/216/2024_H3N2,2024-10-24,1.0
A/Nevada/216/2024_H3N2,2024-10-29,1.0
A/Nevada/216/2024_H3N2,2024-10-31,1.0
A/Nevada/216/2024_H3N2,2024-11-03,1.0
A/Nevada/216/2024_H3N2,2024-11-04,2.0
A/Nevada/216/2024_H3N2,2024-11-05,3.0
A/Nevada/216/2024_H3N2,2024-11-06,1.0
A/Nevada/216/2024_H3N2,2024-11-09,1.0
A/Nevada/216/2024_H3N2,2024-11-11,1.0
A/Nevada/216/2024_H3N2,2024-11-13,1.0
A/Nevada/216/2024_H3N2,2024-11-14,1.0
A/Nevada/216/2024_H3N2,2024-11-15,1.0
A/Nevada/216/2024_H3N2,2024-11-17,1.0
A/Nevada/216/2024_H3N2,2024-11-20,1.0
A/Nevada/216/2024_H3N2,2024-11-23,1.0
A/Nevada/216/2024_H3N2,2024-11-25,1.0
A/Nevada/216/2024_H3N2,2024-11-26,2.0
A/Nevada/216/2024_H3N2,2024-11-28,1.0
A/Nevada/216/2024_H3N2,2024-11-29,2.0
A/Nevada/216/2024_H3N2,2024-12-01,2.0
A/Nevada/216/2024_H3N2,2024-12-02,1.0
A/Nevada/216/2024_H3N2,2024-12-05,1.0
A/Nevada/216/2024_H3N2,2024-12-13,1.0
A/Nevada/216/2024_H3N2,2024-12-16,1.0
A/Nevada/216/2024_H3N2,2024-12-17,1.0
A/Nevada/216/2024_H3N2,2024-12-19,1.0
A/Nevada/216/2024_H3N2,2024-12-24,1.0
A/Nevada/216/2024_H3N2,2024-12-26,2.0
A/Nevada/216/2024_H3N2,2024-12-30,1.0
A/Nevada/216/2024_H3N2,2024-12-31,2.0
A/Nevada/216/2024_H3N2,2025-01-08,2.0
A/Nevada/216/2024_H3N2,2025-01-09,1.0
A/Nevada/216/2024_H3N2,2025-01-13,3.0
A/Nevada/216/2024_H3N2,2025-01-14,1.0
A/Nevada/216/2024_H3N2,2025-01-15,1.0
A/Nevada/216/2024_H3N2,2025-01-16,4.0
A/Nevada/216/2024_H3N2,2025-01-18,2.0
A/Nevada/216/2024_H3N2,2025-01-21,1.0
A/Nevada/216/2024_H3N2,2025-01-22,1.0
A/Nevada/216/2024_H3N2,2025-01-23,3.0
A/Nevada/216/2024_H3N2,2025-01-25,2.0
A/Nevada/216/2024_H3N2,2025-01-28,1.0
A/Nevada/216/2024_H3N2,2025-01-29,1.0
A/Nevada/216/2024_H3N2,2025-01-31,3.0
A/Nevada/216/2024_H3N2,2025-02-01,1.0
A/Nevada/216/2024_H3N2,2025-02-02,2.0
A/Nevada/216/2024_H3N2,2025-02-03,3.0
A/Nevada/216/2024_H3N2,2025-02-04,1.0
A/Nevada/216/2024_H3N2,2025-02-06,2.0
A/Nevada/216/2024_H3N2,2025-02-07,1.0
A/Nevada/216/2024_H3N2,2025-02-10,2.0
A/Nevada/216/2024_H3N2,2025-02-14,1.0
A/Nevada/216/2024_H3N2,2025-02-15,1.0
A/Nevada/216/2024_H3N2,2025-02-16,1.0
A/Nevada/216/2024_H3N2,2025-02-17,1.0
A/Nevada/216/2024_H3N2,2025-02-19,1.0
A/Nevada/216/2024_H3N2,2025-02-20,1.0
A/Nevada/216/2024_H3N2,2025-02-21,1.0
A/Nevada/216/2024_H3N2,2025-02-22,1.0
A/Nevada/216/2024_H3N2,2025-02-23,1.0
A/Nevada/216/2024_H3N2,2025-02-24,1.0
A/Nevada/216/2024_H3N2,2025-02-25,4.0
A/Nevada/216/2024_H3N2,2025-03-02,1.0
A/Nevada/216/2024_H3N2,2025-03-03,1.0
A/Nevada/216/2024_H3N2,2025-03-04,3.0
A/Nevada/216/2024_H3N2,2025-03-06,2.0
A/Nevada/216/2024_H3N2,2025-03-07,2.0
A/Nevada/216/2024_H3N2,2025-03-08,1.0
A/Nevada/216/2024_H3N2,2025-03-10,2.0
A/Nevada/216/2024_H3N2,2025-03-11,5.0
A/Nevada/216/2024_H3N2,2025-03-13,1.0
A/Nevada/216/2024_H3N2,2025-03-14,3.0
A/Nevada/216/2024_H3N2,2025-03-15,1.0
A/Nevada/216/2024_H3N2,2025-03-18,1.0
A/Nevada/216/2024_H3N2,2025-03-19,1.0
A/Nevada/216/2024_H3N2,2025-03-21,1.0
A/Nevada/216/2024_H3N2,2025-03-27,2.0
A/Nevada/216/2024_H3N2,2025-04-04,1.0
A/Nevada/216/2024_H3N2,2025-04-08,5.0
A/Nevada/216/2024_H3N2,2025-04-12,1.0
A/Nevada/216/2024_H3N2,2025-04-14,1.0
A/Nevada/216/2024_H3N2,2025-04-16,1.0
A/Nevada/216/2024_H3N2,2025-04-19,0.5
A/Nevada/216/2024_H3N2,2025-04-21,2.0
A/Nevada/216/2024_H3N2,2025-04-24,1.0
A/Nevada/216/2024_H3N2,2025-05-02,1.0
A/Nevada/216/2024_H3N2,2025-05-12,1.0
A/Nevada/216/2024_H3N2,2025-05-15,1.0
A/Nevada/216/2024_H3N2,2025-06-28,1.0
A/Nevada/216/2024_H3N2,2025-06-30,1.0
A/Nevada/216/2024_H3N2,2025-07-01,1.0
A/Nevada/216/2024_H3N2,2025-07-04,1.0
A/Nevada/216/2024_H3N2,2025-07-07,1.0
A/Nevada/216/2024_H3N2,2025-07-17,2.0
A/Nevada/216/2024_H3N2,2025-07-18,3.0
A/Nevada/216/2024_H3N2,2025-07-21,1.0
A/Nevada/216/2024_H3N2,2025-07-24,2.0
A/Nevada/216/2024_H3N2,2025-07-29,2.0
A/Nevada/216/2024_H3N2,2025-07-30,1.0
A/Nevada/216/2024_H3N2,2025-07-31,4.0
A/Nevada/216/2024_H3N2,2025-08-04,2.0
A/Nevada/216/2024_H3N2,2025-08-05,4.0
A/Nevada/216/2024_H3N2,2025-08-07,2.0
A/Nevada/216/2024_H3N2,2025-08-08,1.0
A/Nevada/216/2024_H3N2,2025-08-09,1.0
A/Nevada/216/2024_H3N2,2025-08-11,1.0
A/Nevada/216/2024_H3N2,2025-08-14,2.0
A/Nevada/216/2024_H3N2,2025-08-15,1.0
A/Nevada/216/2024_H3N2,2025-08-16,1.0
A/Nevada/216/2024_H3N2,2025-08-18,1.0
A/New_York/191/2024_H3N2,2024-04-28,0.8181818181818182
A/New_York/191/2024_H3N2,2024-04-29,2.909090909090909
A/New_York/191/2024_H3N2,2024-04-30,1.0606060606060606
A/New_York/191/2024_H3N2,2024-05-01,0.6363636363636364
A/New_York/191/2024_H3N2,2024-05-02,3.9545454545454546
A/New_York/191/2024_H3N2,2024-05-03,4.818181818181818
A/New_York/191/2024_H3N2,2024-05-04,1.7272727272727275
A/New_York/191/2024_H3N2,2024-05-05,1.7272727272727273
A/New_York/191/2024_H3N2,2024-05-06,2.378787878787879
A/New_York/191/2024_H3N2,2024-05-07,2.1818181818181817
A/New_York/191/2024_H3N2,2024-05-08,1.9090909090909092
A/New_York/191/2024_H3N2,2024-05-09,1.3636363636363638
A/New_York/191/2024_H3N2,2024-05-10,1.6363636363636362
A/New_York/191/2024_H3N2,2024-05-11,0.5454545454545454
A/New_York/191/2024_H3N2,2024-05-12,0.2727272727272727
A/New_York/191/2024_H3N2,2024-05-13,3.909090909090909
A/New_York/191/2024_H3N2,2024-05-14,2.909090909090909
A/New_York/191/2024_H3N2,2024-05-15,4.090909090909091
A/New_York/191/2024_H3N2,2024-05-16,2.8181818181818183
A/New_York/191/2024_H3N2,2024-05-17,2.5454545454545454
A/New_York/191/2024_H3N2,2024-05-18,2.8181818181818183
A/New_York/191/2024_H3N2,2024-05-19,2.5454545454545454
A/New_York/191/2024_H3N2,2024-05-20,2.090909090909091
A/New_York/191/2024_H3N2,2024-05-21,4.454545454545455
A/New_York/191/2024_H3N2,2024-05-22,2.090909090909091
A/New_York/191/2024_H3N2,2024-05-23,4.090909090909091
A/New_York/191/2024_H3N2,2024-05-24,0.7272727272727273
A/New_York/191/2024_H3N2,2024-05-25,1.7727272727272727
A/New_York/191/2024_H3N2,2024-05-26,2.1818181818181817
A/New_York/191/2024_H3N2,2024-05-27,0.9090909090909092
A/New_York/191/2024_H3N2,2024-05-28,2.2727272727272725
A/New_York/191/2024_H3N2,2024-05-29,3.878787878787879
A/New_York/191/2024_H3N2,2024-05-30,1.2727272727272727
A/New_York/191/2024_H3N2,2024-05-31,4.787878787878788
A/New_York/191/2024_H3N2,2024-06-01,0.18181818181818182
A/New_York/191/2024_H3N2,2024-06-02,1.3636363636363635
A/New_York/191/2024_H3N2,2024-06-03,1.5454545454545454
A/New_York/191/2024_H3N2,2024-06-04,1.4545454545454546
A/New_York/191/2024_H3N2,2024-06-05,2.6363636363636367
A/New_York/191/2024_H3N2,2024-06-06,0.09090909090909091
A/New_York/191/2024_H3N2,2024-06-08,0.18181818181818182
A/New_York/191/2024_H3N2,2024-06-09,1.1818181818181819
A/New_York/191/2024_H3N2,2024-06-10,1.4545454545454546
A/New_York/191/2024_H3N2,2024-06-11,0.7878787878787878
A/New_York/191/2024_H3N2,2024-06-12,4.818181818181818
A/New_York/191/2024_H3N2,2024-06-13,2.090909090909091
A/New_York/191/2024_H3N2,2024-06-14,0.36363636363636365
A/New_York/191/2024_H3N2,2024-06-15,0.18181818181818182
A/New_York/191/2024_H3N2,2024-06-16,0.2727272727272727
A/New_York/191/2024_H3N2,2024-06-17,4.378787878787879
A/New_York/191/2024_H3N2,2024-06-18,1.8636363636363638
A/New_York/191/2024_H3N2,2024-06-19,1.7878787878787878
A/New_York/191/2024_H3N2,2024-06-20,0.36363636363636365
A/New_York/191/2024_H3N2,2024-06-22,0.09090909090909091
A/New_York/191/2024_H3N2,2024-06-24,1.8181818181818181
A/New_York/191/2024_H3N2,2024-06-25,1.3636363636363635
A/New_York/191/2024_H3N2,2024-06-26,1.2727272727272727
A/New_York/191/2024_H3N2,2024-06-27,0.36363636363636365
A/New_York/191/2024_H3N2,2024-06-28,0.4545454545454546
A/New_York/191/2024_H3N2,2024-06-30,1.2727272727272727
A/New_York/191/2024_H3N2,2024-07-01,1.3636363636363635
A/New_York/191/2024_H3N2,2024-07-02,1.1818181818181819
A/New_York/191/2024_H3N2,2024-07-03,0.09090909090909091
A/New_York/191/2024_H3N2,2024-07-04,1.0
A/New_York/191/2024_H3N2,2024-07-05,0.2727272727272727
A/New_York/191/2024_H3N2,2024-07-07,1.0909090909090908
A/New_York/191/2024_H3N2,2024-07-08,2.090909090909091
A/New_York/191/2024_H3N2,2024-07-09,0.36363636363636365
A/New_York/191/2024_H3N2,2024-07-10,0.2727272727272727
A/New_York/191/2024_H3N2,2024-07-11,1.1818181818181819
A/New_York/191/2024_H3N2,2024-07-12,0.18181818181818182
A/New_York/191/2024_H3N2,2024-07-13,0.09090909090909091
A/New_York/191/2024_H3N2,2024-07-14,0.09090909090909091
A/New_York/191/2024_H3N2,2024-07-15,0.2727272727272727
A/New_York/191/2024_H3N2,2024-07-16,0.36363636363636365
A/New_York/191/2024_H3N2,2024-07-17,2.6363636363636362
A/New_York/191/2024_H3N2,2024-07-18,0.36363636363636365
A/New_York/191/2024_H3N2,2024-07-19,0.4242424242424242
A/New_York/191/2024_H3N2,2024-07-22,1.2727272727272727
A/New_York/191/2024_H3N2,2024-07-23,2.1818181818181817
A/New_York/191/2024_H3N2,2024-07-26,2.1818181818181817
A/New_York/191/2024_H3N2,2024-07-27,0.3333333333333333
A/New_York/191/2024_H3N2,2024-07-28,0.09090909090909091
A/New_York/191/2024_H3N2,2024-07-29,1.0909090909090908
A/New_York/191/2024_H3N2,2024-07-30,0.09090909090909091
A/New_York/191/2024_H3N2,2024-07-31,0.18181818181818182
A/New_York/191/2024_H3N2,2024-08-01,0.09090909090909091
A/New_York/191/2024_H3N2,2024-08-02,0.2727272727272727
A/New_York/191/2024_H3N2,2024-08-03,0.18181818181818182
A/New_York/191/2024_H3N2,2024-08-05,0.2727272727272727
A/New_York/191/2024_H3N2,2024-08-06,1.1818181818181819
A/New_York/191/2024_H3N2,2024-08-07,2.1818181818181817
A/New_York/191/2024_H3N2,2024-08-08,2.5
A/New_York/191/2024_H3N2,2024-08-10,0.18181818181818182
A/New_York/191/2024_H3N2,2024-08-11,0.09090909090909091
A/New_York/191/2024_H3N2,2024-08-12,0.18181818181818182
A/New_York/191/2024_H3N2,2024-08-14,2.0
A/New_York/191/2024_H3N2,2024-08-16,0.09090909090909091
A/New_York/191/2024_H3N2,2024-08-17,0.09090909090909091
A/New_York/191/2024_H3N2,2024-08-20,1.0909090909090908
A/New_York/191/2024_H3N2,2024-08-21,0.2727272727272727
A/New_York/191/2024_H3N2,2024-08-22,1.1818181818181819
A/New_York/191/2024_H3N2,2024-08-23,0.09090909090909091
A/New_York/191/2024_H3N2,2024-08-25,0.09090909090909091
A/New_York/191/2024_H3N2,2024-08-26,0.09090909090909091
A/New_York/191/2024_H3N2,2024-08-27,0.09090909090909091
A/New_York/191/2024_H3N2,2024-08-28,1.0
A/New_York/191/2024_H3N2,2024-08-29,0.09090909090909091
A/New_York/191/2024_H3N2,2024-08-31,0.09090909090909091
A/New_York/191/2024_H3N2,2024-09-01,1.0
A/New_York/191/2024_H3N2,2024-09-04,0.18181818181818182
A/New_York/191/2024_H3N2,2024-09-05,1.0
A/New_York/191/2024_H3N2,2024-09-09,0.36363636363636365
A/New_York/191/2024_H3N2,2024-09-11,1.0
A/New_York/191/2024_H3N2,2024-09-12,0.09090909090909091
A/New_York/191/2024_H3N2,2024-09-16,0.18181818181818182
A/New_York/191/2024_H3N2,2024-09-17,0.09090909090909091
A/New_York/191/2024_H3N2,2024-09-21,0.09090909090909091
A/New_York/191/2024_H3N2,2024-09-23,0.18181818181818182
A/New_York/191/2024_H3N2,2024-09-24,2.0
A/New_York/191/2024_H3N2,2024-09-26,0.2727272727272727
A/New_York/191/2024_H3N2,2024-09-27,0.18181818181818182
A/New_York/191/2024_H3N2,2024-09-28,0.09090909090909091
A/New_York/191/2024_H3N2,2024-09-29,0.09090909090909091
A/New_York/191/2024_H3N2,2024-09-30,0.18181818181818182
A/New_York/191/2024_H3N2,2024-10-03,1.0909090909090908
A/New_York/191/2024_H3N2,2024-10-04,1.2727272727272727
A/New_York/191/2024_H3N2,2024-10-07,0.18181818181818182
A/New_York/191/2024_H3N2,2024-10-11,1.0
A/New_York/191/2024_H3N2,2024-10-14,0.18181818181818182
A/New_York/191/2024_H3N2,2024-10-17,0.09090909090909091
A/New_York/191/2024_H3N2,2024-10-18,0.09090909090909091
A/New_York/191/2024_H3N2,2024-10-19,0.09090909090909091
A/New_York/191/2024_H3N2,2024-10-22,0.09090909090909091
A/New_York/191/2024_H3N2,2024-10-27,1.0
A/New_York/191/2024_H3N2,2024-10-28,0.09090909090909091
A/New_York/191/2024_H3N2,2024-10-29,1.0
A/New_York/191/2024_H3N2,2024-10-30,1.0
A/New_York/191/2024_H3N2,2024-10-31,1.0909090909090908
A/New_York/191/2024_H3N2,2024-11-01,2.090909090909091
A/New_York/191/2024_H3N2,2024-11-02,0.18181818181818182
A/New_York/191/2024_H3N2,2024-11-03,0.09090909090909091
A/New_York/191/2024_H3N2,2024-11-04,1.0909090909090908
A/New_York/191/2024_H3N2,2024-11-05,0.5
A/New_York/191/2024_H3N2,2024-11-06,1.0
A/New_York/191/2024_H3N2,2024-11-07,0.18181818181818182
A/New_York/191/2024_H3N2,2024-11-08,1.0
A/New_York/191/2024_H3N2,2024-11-09,0.09090909090909091
A/New_York/191/2024_H3N2,2024-11-12,0.18181818181818182
A/New_York/191/2024_H3N2,2024-11-13,1.0909090909090908
A/New_York/191/2024_H3N2,2024-11-16,0.09090909090909091
A/New_York/191/2024_H3N2,2024-11-17,0.09090909090909091
A/New_York/191/2024_H3N2,2024-11-20,0.5909090909090909
A/New_York/191/2024_H3N2,2024-11-21,2.090909090909091
A/New_York/191/2024_H3N2,2024-11-22,0.18181818181818182
A/New_York/191/2024_H3N2,2024-11-23,2.0
A/New_York/191/2024_H3N2,2024-11-26,1.0
A/New_York/191/2024_H3N2,2024-11-29,0.09090909090909091
A/New_York/191/2024_H3N2,2024-12-03,0.09090909090909091
A/New_York/191/2024_H3N2,2024-12-11,0.09090909090909091
A/New_York/191/2024_H3N2,2024-12-16,2.0
A/New_York/191/2024_H3N2,2024-12-19,1.0
A/New_York/191/2024_H3N2,2024-12-20,0.09090909090909091
A/New_York/191/2024_H3N2,2024-12-23,1.1818181818181819
A/New_York/191/2024_H3N2,2025-01-02,1.0909090909090908
A/New_York/191/2024_H3N2,2025-01-03,0.09090909090909091
A/New_York/191/2024_H3N2,2025-01-05,1.0
A/New_York/191/2024_H3N2,2025-01-08,0.09090909090909091
A/New_York/191/2024_H3N2,2025-01-09,0.09090909090909091
A/New_York/191/2024_H3N2,2025-01-10,2.0
A/New_York/191/2024_H3N2,2025-01-14,0.09090909090909091
A/New_York/191/2024_H3N2,2025-01-15,0.09090909090909091
A/New_York/191/2024_H3N2,2025-01-17,0.09090909090909091
A/New_York/191/2024_H3N2,2025-01-18,3.0
A/New_York/191/2024_H3N2,2025-01-19,2.0
A/New_York/191/2024_H3N2,2025-01-20,0.18181818181818182
A/New_York/191/2024_H3N2,2025-01-21,2.0
A/New_York/191/2024_H3N2,2025-01-22,4.0
A/New_York/191/2024_H3N2,2025-01-24,1.4242424242424243
A/New_York/191/2024_H3N2,2025-01-25,2.090909090909091
A/New_York/191/2024_H3N2,2025-01-26,1.0
A/New_York/191/2024_H3N2,2025-01-29,2.0
A/New_York/191/2024_H3N2,2025-01-30,2.0
A/New_York/191/2024_H3N2,2025-02-02,2.3333333333333335
A/New_York/191/2024_H3N2,2025-02-03,0.09090909090909091
A/New_York/191/2024_H3N2,2025-02-04,2.0
A/New_York/191/2024_H3N2,2025-02-05,1.0
A/New_York/191/2024_H3N2,2025-02-10,0.18181818181818182
A/New_York/191/2024_H3N2,2025-02-12,0.09090909090909091
A/New_York/191/2024_H3N2,2025-02-14,2.0
A/New_York/191/2024_H3N2,2025-02-23,0.3333333333333333
A/New_York/191/2024_H3N2,2025-02-24,1.0
A/New_York/191/2024_H3N2,2025-02-26,1.0
A/New_York/191/2024_H3N2,2025-03-02,1.0
A/New_York/191/2024_H3N2,2025-03-03,1.0
A/New_York/191/2024_H3N2,2025-03-04,1.0909090909090908
A/New_York/191/2024_H3N2,2025-03-06,0.09090909090909091
A/New_York/191/2024_H3N2,2025-03-29,0.09090909090909091
A/New_York/191/2024_H3N2,2025-06-04,0.09090909090909091
A/New_York/39/2025_H3N2,2024-06-12,0.16666666666666666
A/New_York/39/2025_H3N2,2024-11-05,0.16666666666666666
A/New_York/39/2025_H3N2,2024-12-29,0.16666666666666666
A/New_York/39/2025_H3N2,2025-01-02,0.3333333333333333
A/New_York/39/2025_H3N2,2025-01-15,0.16666666666666666
A/New_York/39/2025_H3N2,2025-02-03,0.16666666666666666
A/New_York/39/2025_H3N2,2025-02-07,1.0
A/New_York/39/2025_H3N2,2025-02-11,0.16666666666666666
A/New_York/39/2025_H3N2,2025-03-02,0.16666666666666666
A/New_York/39/2025_H3N2,2025-03-26,0.16666666666666666
A/New_York/GKISBBBE61555/2025_H3N2,2024-12-05,1.0
A/New_York/GKISBBBE61555/2025_H3N2,2024-12-06,1.0
A/New_York/GKISBBBE61555/2025_H3N2,2024-12-17,1.0
A/New_York/GKISBBBE61555/2025_H3N2,2024-12-19,3.0
A/New_York/GKISBBBE61555/2025_H3N2,2025-01-05,1.0
A/New_York/GKISBBBE61555/2025_H3N2,2025-01-06,1.0
A/New_York/GKISBBBE61555/2025_H3N2,2025-01-08,3.0
A/New_York/GKISBBBE61555/2025_H3N2,2025-01-16,1.0
A/New_York/GKISBBBE61555/2025_H3N2,2025-01-17,1.0
A/New_York/GKISBBBE61555/2025_H3N2,2025-01-21,1.0
A/New_York/GKISBBBE61555/2025_H3N2,2025-01-22,1.0
A/New_York/GKISBBBE61555/2025_H3N2,2025-01-30,1.0
A/New_York/GKISBBBE61555/2025_H3N2,2025-02-03,1.0
A/New_York/GKISBBBE61555/2025_H3N2,2025-02-04,1.0
A/New_York/GKISBBBE61555/2025_H3N2,2025-02-05,1.0
A/New_York/GKISBBBE61555/2025_H3N2,2025-02-06,2.0
A/New_York/GKISBBBE61555/2025_H3N2,2025-02-10,1.0
A/New_York/GKISBBBE61555/2025_H3N2,2025-02-11,1.0
A/New_York/GKISBBBE61555/2025_H3N2,2025-02-13,2.0
A/New_York/GKISBBBE61555/2025_H3N2,2025-02-18,1.0
A/New_York/GKISBBBE61555/2025_H3N2,2025-02-19,2.0
A/New_York/GKISBBBE61555/2025_H3N2,2025-02-20,2.0
A/New_York/GKISBBBE61555/2025_H3N2,2025-02-22,1.0
A/New_York/GKISBBBE61555/2025_H3N2,2025-02-23,1.0
A/New_York/GKISBBBE61555/2025_H3N2,2025-02-24,5.0
A/New_York/GKISBBBE61555/2025_H3N2,2025-02-25,3.0
A/New_York/GKISBBBE61555/2025_H3N2,2025-02-27,1.0
A/New_York/GKISBBBE61555/2025_H3N2,2025-03-03,3.0
A/New_York/GKISBBBE61555/2025_H3N2,2025-03-06,1.0
A/New_York/GKISBBBE61555/2025_H3N2,2025-03-07,2.0
A/New_York/GKISBBBE61555/2025_H3N2,2025-03-10,1.0
A/New_York/GKISBBBE61555/2025_H3N2,2025-03-11,2.0
A/New_York/GKISBBBE61555/2025_H3N2,2025-03-12,1.0
A/New_York/GKISBBBE61555/2025_H3N2,2025-03-13,1.0
A/New_York/GKISBBBE61555/2025_H3N2,2025-03-14,1.0
A/New_York/GKISBBBE61555/2025_H3N2,2025-03-20,1.0
A/New_York/GKISBBBE61555/2025_H3N2,2025-03-21,1.0
A/New_York/GKISBBBE61555/2025_H3N2,2025-03-24,4.0
A/New_York/GKISBBBE61555/2025_H3N2,2025-03-25,2.0
A/New_York/GKISBBBE61555/2025_H3N2,2025-03-26,2.0
A/New_York/GKISBBBE61555/2025_H3N2,2025-03-31,1.0
A/New_York/GKISBBBE61555/2025_H3N2,2025-04-10,2.0
A/New_York/GKISBBBE61555/2025_H3N2,2025-04-14,1.0
A/New_York/GKISBBBE61555/2025_H3N2,2025-04-15,2.0
A/New_York/GKISBBBE61555/2025_H3N2,2025-04-18,1.0
A/New_York/GKISBBBE61555/2025_H3N2,2025-05-02,1.0
A/New_York/GKISBBBE61555/2025_H3N2,2025-05-08,1.0
A/New_York/GKISBBBE61555/2025_H3N2,2025-05-12,2.0
A/New_York/GKISBBBE61555/2025_H3N2,2025-05-13,1.0
A/New_York/GKISBBBE61555/2025_H3N2,2025-05-16,1.0
A/Oregon/265/2024_H3N2,2024-05-12,1.0
A/Oregon/265/2024_H3N2,2024-05-20,1.0
A/Oregon/265/2024_H3N2,2024-05-21,1.0
A/Oregon/265/2024_H3N2,2024-05-27,1.0
A/Oregon/265/2024_H3N2,2024-05-28,1.0
A/Oregon/265/2024_H3N2,2024-06-03,1.0
A/Oregon/265/2024_H3N2,2024-06-05,1.0
A/Oregon/265/2024_H3N2,2024-06-08,1.0
A/Oregon/265/2024_H3N2,2024-06-13,1.0
A/Oregon/265/2024_H3N2,2024-07-03,1.0
A/Oregon/265/2024_H3N2,2024-07-16,2.0
A/Oregon/265/2024_H3N2,2024-07-18,0.5
A/Oregon/265/2024_H3N2,2024-07-27,0.5
A/Oregon/265/2024_H3N2,2024-10-27,1.0
A/Oregon/265/2024_H3N2,2024-10-29,1.5
A/Oregon/265/2024_H3N2,2024-10-30,1.0
A/Oregon/265/2024_H3N2,2024-11-06,1.0
A/Oregon/265/2024_H3N2,2024-11-13,3.0
A/Oregon/265/2024_H3N2,2024-11-14,1.0
A/Oregon/265/2024_H3N2,2024-11-16,1.0
A/Oregon/265/2024_H3N2,2024-11-17,1.0
A/Oregon/265/2024_H3N2,2024-11-18,2.0
A/Oregon/265/2024_H3N2,2024-11-20,1.0
A/Oregon/265/2024_H3N2,2024-11-22,1.0
A/Oregon/265/2024_H3N2,2024-11-23,1.0
A/Oregon/265/2024_H3N2,2024-11-24,1.0
A/Oregon/265/2024_H3N2,2024-11-25,1.0
A/Oregon/265/2024_H3N2,2024-11-29,1.0
A/Oregon/265/2024_H3N2,2024-11-30,1.0
A/Oregon/265/2024_H3N2,2024-12-02,2.0
A/Oregon/265/2024_H3N2,2024-12-06,1.0
A/Oregon/265/2024_H3N2,2024-12-07,2.0
A/Oregon/265/2024_H3N2,2024-12-08,2.0
A/Oregon/265/2024_H3N2,2024-12-09,2.0
A/Oregon/265/2024_H3N2,2024-12-11,1.0
A/Oregon/265/2024_H3N2,2024-12-15,2.0
A/Oregon/265/2024_H3N2,2024-12-17,1.0
A/Oregon/265/2024_H3N2,2024-12-19,1.0
A/Oregon/265/2024_H3N2,2024-12-20,2.0
A/Oregon/265/2024_H3N2,2024-12-22,2.0
A/Oregon/265/2024_H3N2,2024-12-25,1.0
A/Oregon/265/2024_H3N2,2024-12-26,1.0
A/Oregon/265/2024_H3N2,2024-12-27,1.0
A/Oregon/265/2024_H3N2,2024-12-31,2.0
A/Oregon/265/2024_H3N2,2025-01-02,1.0
A/Oregon/265/2024_H3N2,2025-01-03,1.0
A/Oregon/265/2024_H3N2,2025-01-05,4.0
A/Oregon/265/2024_H3N2,2025-01-06,2.0
A/Oregon/265/2024_H3N2,2025-01-07,1.0
A/Oregon/265/2024_H3N2,2025-01-09,1.0
A/Oregon/265/2024_H3N2,2025-01-10,1.0
A/Oregon/265/2024_H3N2,2025-01-11,1.0
A/Oregon/265/2024_H3N2,2025-01-13,1.0
A/Oregon/265/2024_H3N2,2025-01-14,1.0
A/Oregon/265/2024_H3N2,2025-01-15,2.0
A/Oregon/265/2024_H3N2,2025-01-16,1.0
A/Oregon/265/2024_H3N2,2025-01-17,1.0
A/Oregon/265/2024_H3N2,2025-01-19,1.0
A/Oregon/265/2024_H3N2,2025-01-20,2.0
A/Oregon/265/2024_H3N2,2025-01-21,1.0
A/Oregon/265/2024_H3N2,2025-01-22,2.0
A/Oregon/265/2024_H3N2,2025-01-23,1.0
A/Oregon/265/2024_H3N2,2025-01-24,1.0
A/Oregon/265/2024_H3N2,2025-01-26,1.0
A/Oregon/265/2024_H3N2,2025-01-27,1.0
A/Oregon/265/2024_H3N2,2025-01-29,1.0
A/Oregon/265/2024_H3N2,2025-01-30,1.0
A/Oregon/265/2024_H3N2,2025-02-03,3.0
A/Oregon/265/2024_H3N2,2025-02-06,1.0
A/Oregon/265/2024_H3N2,2025-02-09,1.0
A/Oregon/265/2024_H3N2,2025-02-10,1.0
A/Oregon/265/2024_H3N2,2025-02-12,1.0
A/Oregon/265/2024_H3N2,2025-02-14,1.0
A/Oregon/265/2024_H3N2,2025-02-16,1.0
A/Oregon/265/2024_H3N2,2025-02-19,1.0
A/Oregon/265/2024_H3N2,2025-02-27,1.0
A/Oregon/265/2024_H3N2,2025-03-24,1.0
A/Pennsylvania/288/2024_H3N2,2024-07-30,1.0
A/Pennsylvania/288/2024_H3N2,2024-08-01,1.0
A/Pennsylvania/288/2024_H3N2,2024-08-04,1.0
A/Pennsylvania/288/2024_H3N2,2024-08-27,1.0
A/Pennsylvania/288/2024_H3N2,2024-08-29,1.0
A/Pennsylvania/288/2024_H3N2,2024-09-02,1.0
A/Pennsylvania/288/2024_H3N2,2024-10-02,3.0
A/Pennsylvania/288/2024_H3N2,2024-10-11,1.0
A/Pennsylvania/288/2024_H3N2,2024-10-14,1.0
A/Pennsylvania/288/2024_H3N2,2024-10-23,1.0
A/Pennsylvania/288/2024_H3N2,2024-10-26,1.0
A/Pennsylvania/288/2024_H3N2,2024-10-30,1.0
A/Pennsylvania/288/2024_H3N2,2024-11-01,1.0
A/Pennsylvania/288/2024_H3N2,2024-11-04,2.0
A/Pennsylvania/288/2024_H3N2,2024-11-05,1.0
A/Pennsylvania/288/2024_H3N2,2024-11-07,1.0
A/Pennsylvania/288/2024_H3N2,2024-11-14,1.0
A/Pennsylvania/288/2024_H3N2,2024-11-15,1.0
A/Pennsylvania/288/2024_H3N2,2024-11-17,1.0
A/Pennsylvania/288/2024_H3N2,2024-11-28,2.0
A/Pennsylvania/288/2024_H3N2,2024-12-06,1.0
A/Pennsylvania/288/2024_H3N2,2024-12-14,1.0
A/Pennsylvania/288/2024_H3N2,2024-12-17,1.0
A/Pennsylvania/288/2024_H3N2,2025-01-05,2.0
A/Pennsylvania/288/2024_H3N2,2025-01-06,1.0
A/Pennsylvania/288/2024_H3N2,2025-01-07,1.0
A/Pennsylvania/288/2024_H3N2,2025-01-14,1.0
A/Pennsylvania/288/2024_H3N2,2025-01-15,2.0
A/Pennsylvania/288/2024_H3N2,2025-01-16,1.0
A/Pennsylvania/288/2024_H3N2,2025-01-17,1.0
A/Pennsylvania/288/2024_H3N2,2025-01-20,1.0
A/Pennsylvania/288/2024_H3N2,2025-01-22,1.0
A/Pennsylvania/288/2024_H3N2,2025-01-24,2.0
A/Pennsylvania/288/2024_H3N2,2025-01-26,1.0
A/Pennsylvania/288/2024_H3N2,2025-01-27,1.0
A/Pennsylvania/288/2024_H3N2,2025-02-04,1.0
A/Pennsylvania/288/2024_H3N2,2025-02-08,1.0
A/Pennsylvania/288/2024_H3N2,2025-02-13,1.0
A/Pennsylvania/288/2024_H3N2,2025-02-17,1.0
A/Pennsylvania/288/2024_H3N2,2025-02-18,1.0
A/Pennsylvania/288/2024_H3N2,2025-02-19,1.0
A/Pennsylvania/288/2024_H3N2,2025-03-02,1.0
A/Pennsylvania/288/2024_H3N2,2025-04-06,1.0
A/Punta_Arenas/83659/2024_H3N2,2024-10-18,1.0
A/Punta_Arenas/83659/2024_H3N2,2024-10-22,1.0
A/Punta_Arenas/83659/2024_H3N2,2024-10-26,1.0
A/Punta_Arenas/83659/2024_H3N2,2024-12-08,1.0
A/Punta_Arenas/83659/2024_H3N2,2024-12-11,1.0
A/Punta_Arenas/83659/2024_H3N2,2024-12-14,1.0
A/Punta_Arenas/83659/2024_H3N2,2024-12-15,1.0
A/Punta_Arenas/83659/2024_H3N2,2024-12-16,1.0
A/Punta_Arenas/83659/2024_H3N2,2024-12-19,2.0
A/Punta_Arenas/83659/2024_H3N2,2024-12-27,2.0
A/Punta_Arenas/83659/2024_H3N2,2024-12-30,1.0
A/Punta_Arenas/83659/2024_H3N2,2025-01-03,0.6666666666666666
A/Punta_Arenas/83659/2024_H3N2,2025-01-06,2.0
A/Punta_Arenas/83659/2024_H3N2,2025-01-07,3.3333333333333335
A/Punta_Arenas/83659/2024_H3N2,2025-01-08,1.3333333333333333
A/Punta_Arenas/83659/2024_H3N2,2025-01-09,2.0
A/Punta_Arenas/83659/2024_H3N2,2025-01-10,2.3333333333333335
A/Punta_Arenas/83659/2024_H3N2,2025-01-12,1.0
A/Punta_Arenas/83659/2024_H3N2,2025-01-15,4.0
A/Punta_Arenas/83659/2024_H3N2,2025-01-17,0.3333333333333333
A/Punta_Arenas/83659/2024_H3N2,2025-01-20,1.0
A/Punta_Arenas/83659/2024_H3N2,2025-01-23,1.0
A/Punta_Arenas/83659/2024_H3N2,2025-01-24,1.0
A/Punta_Arenas/83659/2024_H3N2,2025-01-28,4.0
A/Punta_Arenas/83659/2024_H3N2,2025-01-29,1.0
A/Punta_Arenas/83659/2024_H3N2,2025-01-30,1.0
A/Punta_Arenas/83659/2024_H3N2,2025-02-03,2.0
A/Punta_Arenas/83659/2024_H3N2,2025-02-04,1.6666666666666665
A/Punta_Arenas/83659/2024_H3N2,2025-02-05,3.0
A/Punta_Arenas/83659/2024_H3N2,2025-02-06,4.0
A/Punta_Arenas/83659/2024_H3N2,2025-02-07,1.0
A/Punta_Arenas/83659/2024_H3N2,2025-02-08,1.0
A/Punta_Arenas/83659/2024_H3N2,2025-02-11,2.0
A/Punta_Arenas/83659/2024_H3N2,2025-02-12,4.666666666666666
A/Punta_Arenas/83659/2024_H3N2,2025-02-13,3.0
A/Punta_Arenas/83659/2024_H3N2,2025-02-14,1.0
A/Punta_Arenas/83659/2024_H3N2,2025-02-17,1.3333333333333333
A/Punta_Arenas/83659/2024_H3N2,2025-02-18,0.6666666666666666
A/Punta_Arenas/83659/2024_H3N2,2025-02-20,2.0
A/Punta_Arenas/83659/2024_H3N2,2025-02-21,1.0
A/Punta_Arenas/83659/2024_H3N2,2025-02-23,2.0
A/Punta_Arenas/83659/2024_H3N2,2025-02-24,1.3333333333333333
A/Punta_Arenas/83659/2024_H3N2,2025-02-25,1.3333333333333333
A/Punta_Arenas/83659/2024_H3N2,2025-02-26,2.333333333333333
A/Punta_Arenas/83659/2024_H3N2,2025-02-27,3.0
A/Punta_Arenas/83659/2024_H3N2,2025-02-28,1.0
A/Punta_Arenas/83659/2024_H3N2,2025-03-01,1.0
A/Punta_Arenas/83659/2024_H3N2,2025-03-04,2.0
A/Punta_Arenas/83659/2024_H3N2,2025-03-05,1.0
A/Punta_Arenas/83659/2024_H3N2,2025-03-06,2.0
A/Punta_Arenas/83659/2024_H3N2,2025-03-07,2.0
A/Punta_Arenas/83659/2024_H3N2,2025-03-10,1.3333333333333333
A/Punta_Arenas/83659/2024_H3N2,2025-03-11,1.0
A/Punta_Arenas/83659/2024_H3N2,2025-03-20,0.6666666666666666
A/Punta_Arenas/83659/2024_H3N2,2025-03-23,1.0
A/Punta_Arenas/83659/2024_H3N2,2025-03-25,1.0
A/Punta_Arenas/83659/2024_H3N2,2025-03-26,2.0
A/Punta_Arenas/83659/2024_H3N2,2025-03-31,1.0
A/Punta_Arenas/83659/2024_H3N2,2025-04-01,1.0
A/Punta_Arenas/83659/2024_H3N2,2025-04-02,1.0
A/Punta_Arenas/83659/2024_H3N2,2025-04-03,1.0
A/Punta_Arenas/83659/2024_H3N2,2025-04-05,1.0
A/Punta_Arenas/83659/2024_H3N2,2025-04-07,1.0
A/Punta_Arenas/83659/2024_H3N2,2025-04-08,1.0
A/Punta_Arenas/83659/2024_H3N2,2025-04-09,1.0
A/Punta_Arenas/83659/2024_H3N2,2025-04-14,2.0
A/Punta_Arenas/83659/2024_H3N2,2025-04-16,3.0
A/Punta_Arenas/83659/2024_H3N2,2025-04-22,1.0
A/Punta_Arenas/83659/2024_H3N2,2025-04-23,1.0
A/Punta_Arenas/83659/2024_H3N2,2025-05-13,0.6666666666666666
A/Punta_Arenas/83659/2024_H3N2,2025-05-16,0.3333333333333333
A/Punta_Arenas/83659/2024_H3N2,2025-05-21,1.0
A/Queensland/IN000692/2024_H3N2,2024-04-29,4.0
A/Queensland/IN000692/2024_H3N2,2024-04-30,1.0
A/Queensland/IN000692/2024_H3N2,2024-05-02,3.0
A/Queensland/IN000692/2024_H3N2,2024-05-03,3.0
A/Queensland/IN000692/2024_H3N2,2024-05-05,1.0
A/Queensland/IN000692/2024_H3N2,2024-05-07,6.0
A/Queensland/IN000692/2024_H3N2,2024-05-08,5.0
A/Queensland/IN000692/2024_H3N2,2024-05-09,4.0
A/Queensland/IN000692/2024_H3N2,2024-05-11,2.0
A/Queensland/IN000692/2024_H3N2,2024-05-12,2.0
A/Queensland/IN000692/2024_H3N2,2024-05-13,4.0
A/Queensland/IN000692/2024_H3N2,2024-05-14,2.0
A/Queensland/IN000692/2024_H3N2,2024-05-15,5.0
A/Queensland/IN000692/2024_H3N2,2024-05-16,1.5
A/Queensland/IN000692/2024_H3N2,2024-05-17,3.0
A/Queensland/IN000692/2024_H3N2,2024-05-18,8.0
A/Queensland/IN000692/2024_H3N2,2024-05-19,2.0
A/Queensland/IN000692/2024_H3N2,2024-05-20,1.0
A/Queensland/IN000692/2024_H3N2,2024-05-21,9.0
A/Queensland/IN000692/2024_H3N2,2024-05-22,10.0
A/Queensland/IN000692/2024_H3N2,2024-05-23,3.0
A/Queensland/IN000692/2024_H3N2,2024-05-24,6.0
A/Queensland/IN000692/2024_H3N2,2024-05-25,3.0
A/Queensland/IN000692/2024_H3N2,2024-05-26,4.0
A/Queensland/IN000692/2024_H3N2,2024-05-27,2.0
A/Queensland/IN000692/2024_H3N2,2024-05-28,6.5
A/Queensland/IN000692/2024_H3N2,2024-05-29,3.0
A/Queensland/IN000692/2024_H3N2,2024-05-30,5.0
A/Queensland/IN000692/2024_H3N2,2024-05-31,2.0
A/Queensland/IN000692/2024_H3N2,2024-06-01,2.0
A/Queensland/IN000692/2024_H3N2,2024-06-02,4.0
A/Queensland/IN000692/2024_H3N2,2024-06-03,9.0
A/Queensland/IN000692/2024_H3N2,2024-06-04,5.0
A/Queensland/IN000692/2024_H3N2,2024-06-05,8.0
A/Queensland/IN000692/2024_H3N2,2024-06-06,2.0
A/Queensland/IN000692/2024_H3N2,2024-06-07,3.0
A/Queensland/IN000692/2024_H3N2,2024-06-08,5.0
A/Queensland/IN000692/2024_H3N2,2024-06-09,2.0
A/Queensland/IN000692/2024_H3N2,2024-06-10,6.0
A/Queensland/IN000692/2024_H3N2,2024-06-11,9.0
A/Queensland/IN000692/2024_H3N2,2024-06-12,3.0
A/Queensland/IN000692/2024_H3N2,2024-06-13,5.0
A/Queensland/IN000692/2024_H3N2,2024-06-14,12.0
A/Queensland/IN000692/2024_H3N2,2024-06-15,11.0
A/Queensland/IN000692/2024_H3N2,2024-06-16,8.0
A/Queensland/IN000692/2024_H3N2,2024-06-17,8.0
A/Queensland/IN000692/2024_H3N2,2024-06-18,7.0
A/Queensland/IN000692/2024_H3N2,2024-06-19,7.0
A/Queensland/IN000692/2024_H3N2,2024-06-20,4.0
A/Queensland/IN000692/2024_H3N2,2024-06-21,12.0
A/Queensland/IN000692/2024_H3N2,2024-06-22,4.0
A/Queensland/IN000692/2024_H3N2,2024-06-23,6.0
A/Queensland/IN000692/2024_H3N2,2024-06-24,8.0
A/Queensland/IN000692/2024_H3N2,2024-06-25,17.5
A/Queensland/IN000692/2024_H3N2,2024-06-26,11.0
A/Queensland/IN000692/2024_H3N2,2024-06-27,4.0
A/Queensland/IN000692/2024_H3N2,2024-06-28,9.5
A/Queensland/IN000692/2024_H3N2,2024-06-29,6.0
A/Queensland/IN000692/2024_H3N2,2024-06-30,4.0
A/Queensland/IN000692/2024_H3N2,2024-07-01,19.5
A/Queensland/IN000692/2024_H3N2,2024-07-02,20.5
A/Queensland/IN000692/2024_H3N2,2024-07-03,10.0
A/Queensland/IN000692/2024_H3N2,2024-07-04,13.0
A/Queensland/IN000692/2024_H3N2,2024-07-05,11.0
A/Queensland/IN000692/2024_H3N2,2024-07-06,12.0
A/Queensland/IN000692/2024_H3N2,2024-07-07,7.0
A/Queensland/IN000692/2024_H3N2,2024-07-08,8.0
A/Queensland/IN000692/2024_H3N2,2024-07-09,20.0
A/Queensland/IN000692/2024_H3N2,2024-07-10,10.5
A/Queensland/IN000692/2024_H3N2,2024-07-11,9.0
A/Queensland/IN000692/2024_H3N2,2024-07-12,8.5
A/Queensland/IN000692/2024_H3N2,2024-07-13,2.0
A/Queensland/IN000692/2024_H3N2,2024-07-14,5.0
A/Queensland/IN000692/2024_H3N2,2024-07-15,11.0
A/Queensland/IN000692/2024_H3N2,2024-07-16,12.0
A/Queensland/IN000692/2024_H3N2,2024-07-17,9.0
A/Queensland/IN000692/2024_H3N2,2024-07-18,8.0
A/Queensland/IN000692/2024_H3N2,2024-07-19,10.0
A/Queensland/IN000692/2024_H3N2,2024-07-20,5.0
A/Queensland/IN000692/2024_H3N2,2024-07-21,5.0
A/Queensland/IN000692/2024_H3N2,2024-07-22,13.0
A/Queensland/IN000692/2024_H3N2,2024-07-23,8.0
A/Queensland/IN000692/2024_H3N2,2024-07-24,9.0
A/Queensland/IN000692/2024_H3N2,2024-07-25,8.0
A/Queensland/IN000692/2024_H3N2,2024-07-26,8.0
A/Queensland/IN000692/2024_H3N2,2024-07-27,5.0
A/Queensland/IN000692/2024_H3N2,2024-07-28,4.0
A/Queensland/IN000692/2024_H3N2,2024-07-29,9.0
A/Queensland/IN000692/2024_H3N2,2024-07-30,14.0
A/Queensland/IN000692/2024_H3N2,2024-07-31,5.0
A/Queensland/IN000692/2024_H3N2,2024-08-01,15.0
A/Queensland/IN000692/2024_H3N2,2024-08-02,11.0
A/Queensland/IN000692/2024_H3N2,2024-08-03,4.0
A/Queensland/IN000692/2024_H3N2,2024-08-04,2.0
A/Queensland/IN000692/2024_H3N2,2024-08-05,9.0
A/Queensland/IN000692/2024_H3N2,2024-08-06,10.0
A/Queensland/IN000692/2024_H3N2,2024-08-07,4.0
A/Queensland/IN000692/2024_H3N2,2024-08-08,5.0
A/Queensland/IN000692/2024_H3N2,2024-08-09,5.0
A/Queensland/IN000692/2024_H3N2,2024-08-10,4.0
A/Queensland/IN000692/2024_H3N2,2024-08-11,5.0
A/Queensland/IN000692/2024_H3N2,2024-08-12,5.0
A/Queensland/IN000692/2024_H3N2,2024-08-13,8.0
A/Queensland/IN000692/2024_H3N2,2024-08-14,8.0
A/Queensland/IN000692/2024_H3N2,2024-08-15,5.0
A/Queensland/IN000692/2024_H3N2,2024-08-16,4.0
A/Queensland/IN000692/2024_H3N2,2024-08-17,1.0
A/Queensland/IN000692/2024_H3N2,2024-08-18,4.0
A/Queensland/IN000692/2024_H3N2,2024-08-19,3.0
A/Queensland/IN000692/2024_H3N2,2024-08-20,6.5
A/Queensland/IN000692/2024_H3N2,2024-08-21,5.5
A/Queensland/IN000692/2024_H3N2,2024-08-22,5.0
A/Queensland/IN000692/2024_H3N2,2024-08-23,2.0
A/Queensland/IN000692/2024_H3N2,2024-08-24,3.0
A/Queensland/IN000692/2024_H3N2,2024-08-25,2.0
A/Queensland/IN000692/2024_H3N2,2024-08-26,6.0
A/Queensland/IN000692/2024_H3N2,2024-08-27,5.0
A/Queensland/IN000692/2024_H3N2,2024-08-28,2.0
A/Queensland/IN000692/2024_H3N2,2024-08-29,9.0
A/Queensland/IN000692/2024_H3N2,2024-08-30,4.0
A/Queensland/IN000692/2024_H3N2,2024-08-31,4.0
A/Queensland/IN000692/2024_H3N2,2024-09-01,6.0
A/Queensland/IN000692/2024_H3N2,2024-09-02,10.0
A/Queensland/IN000692/2024_H3N2,2024-09-03,8.0
A/Queensland/IN000692/2024_H3N2,2024-09-04,6.0
A/Queensland/IN000692/2024_H3N2,2024-09-05,8.5
A/Queensland/IN000692/2024_H3N2,2024-09-06,15.0
A/Queensland/IN000692/2024_H3N2,2024-09-07,5.0
A/Queensland/IN000692/2024_H3N2,2024-09-08,7.0
A/Queensland/IN000692/2024_H3N2,2024-09-09,11.0
A/Queensland/IN000692/2024_H3N2,2024-09-10,8.0
A/Queensland/IN000692/2024_H3N2,2024-09-11,12.0
A/Queensland/IN000692/2024_H3N2,2024-09-12,7.0
A/Queensland/IN000692/2024_H3N2,2024-09-13,3.0
A/Queensland/IN000692/2024_H3N2,2024-09-14,3.5
A/Queensland/IN000692/2024_H3N2,2024-09-15,2.0
A/Queensland/IN000692/2024_H3N2,2024-09-16,7.0
A/Queensland/IN000692/2024_H3N2,2024-09-17,5.0
A/Queensland/IN000692/2024_H3N2,2024-09-18,4.0
A/Queensland/IN000692/2024_H3N2,2024-09-19,5.0
A/Queensland/IN000692/2024_H3N2,2024-09-20,3.0
A/Queensland/IN000692/2024_H3N2,2024-09-21,2.0
A/Queensland/IN000692/2024_H3N2,2024-09-22,2.0
A/Queensland/IN000692/2024_H3N2,2024-09-23,3.0
A/Queensland/IN000692/2024_H3N2,2024-09-24,6.0
A/Queensland/IN000692/2024_H3N2,2024-09-25,5.0
A/Queensland/IN000692/2024_H3N2,2024-09-26,5.0
A/Queensland/IN000692/2024_H3N2,2024-09-27,3.0
A/Queensland/IN000692/2024_H3N2,2024-09-29,3.0
A/Queensland/IN000692/2024_H3N2,2024-09-30,1.0
A/Queensland/IN000692/2024_H3N2,2024-10-01,3.0
A/Queensland/IN000692/2024_H3N2,2024-10-02,2.0
A/Queensland/IN000692/2024_H3N2,2024-10-03,4.0
A/Queensland/IN000692/2024_H3N2,2024-10-04,2.0
A/Queensland/IN000692/2024_H3N2,2024-10-05,3.0
A/Queensland/IN000692/2024_H3N2,2024-10-07,1.0
A/Queensland/IN000692/2024_H3N2,2024-10-08,2.0
A/Queensland/IN000692/2024_H3N2,2024-10-09,1.0
A/Queensland/IN000692/2024_H3N2,2024-10-10,2.0
A/Queensland/IN000692/2024_H3N2,2024-10-11,1.0
A/Queensland/IN000692/2024_H3N2,2024-10-12,1.0
A/Queensland/IN000692/2024_H3N2,2024-10-13,1.0
A/Queensland/IN000692/2024_H3N2,2024-10-14,6.5
A/Queensland/IN000692/2024_H3N2,2024-10-15,4.0
A/Queensland/IN000692/2024_H3N2,2024-10-16,8.0
A/Queensland/IN000692/2024_H3N2,2024-10-17,2.0
A/Queensland/IN000692/2024_H3N2,2024-10-18,1.0
A/Queensland/IN000692/2024_H3N2,2024-10-19,2.0
A/Queensland/IN000692/2024_H3N2,2024-10-20,4.0
A/Queensland/IN000692/2024_H3N2,2024-10-21,5.5
A/Queensland/IN000692/2024_H3N2,2024-10-22,1.0
A/Queensland/IN000692/2024_H3N2,2024-10-23,4.0
A/Queensland/IN000692/2024_H3N2,2024-10-24,5.0
A/Queensland/IN000692/2024_H3N2,2024-10-25,2.0
A/Queensland/IN000692/2024_H3N2,2024-10-26,2.0
A/Queensland/IN000692/2024_H3N2,2024-10-27,1.0
A/Queensland/IN000692/2024_H3N2,2024-10-28,3.0
A/Queensland/IN000692/2024_H3N2,2024-10-29,1.0
A/Queensland/IN000692/2024_H3N2,2024-10-30,2.0
A/Queensland/IN000692/2024_H3N2,2024-10-31,4.0
A/Queensland/IN000692/2024_H3N2,2024-11-01,6.0
A/Queensland/IN000692/2024_H3N2,2024-11-02,3.0
A/Queensland/IN000692/2024_H3N2,2024-11-04,2.0
A/Queensland/IN000692/2024_H3N2,2024-11-05,4.0
A/Queensland/IN000692/2024_H3N2,2024-11-06,4.0
A/Queensland/IN000692/2024_H3N2,2024-11-07,4.0
A/Queensland/IN000692/2024_H3N2,2024-11-08,1.0
A/Queensland/IN000692/2024_H3N2,2024-11-09,1.0
A/Queensland/IN000692/2024_H3N2,2024-11-10,3.0
A/Queensland/IN000692/2024_H3N2,2024-11-11,2.0
A/Queensland/IN000692/2024_H3N2,2024-11-12,2.0
A/Queensland/IN000692/2024_H3N2,2024-11-13,1.5
A/Queensland/IN000692/2024_H3N2,2024-11-16,0.5
A/Queensland/IN000692/2024_H3N2,2024-11-17,1.0
A/Queensland/IN000692/2024_H3N2,2024-11-18,3.5
A/Queensland/IN000692/2024_H3N2,2024-11-19,1.0
A/Queensland/IN000692/2024_H3N2,2024-11-20,1.0
A/Queensland/IN000692/2024_H3N2,2024-11-22,1.0
A/Queensland/IN000692/2024_H3N2,2024-11-23,3.0
A/Queensland/IN000692/2024_H3N2,2024-11-24,5.5
A/Queensland/IN000692/2024_H3N2,2024-11-25,6.0
A/Queensland/IN000692/2024_H3N2,2024-11-26,4.0
A/Queensland/IN000692/2024_H3N2,2024-11-28,3.0
A/Queensland/IN000692/2024_H3N2,2024-11-29,3.0
A/Queensland/IN000692/2024_H3N2,2024-11-30,2.0
A/Queensland/IN000692/2024_H3N2,2024-12-01,4.5
A/Queensland/IN000692/2024_H3N2,2024-12-02,2.0
A/Queensland/IN000692/2024_H3N2,2024-12-03,7.0
A/Queensland/IN000692/2024_H3N2,2024-12-04,5.0
A/Queensland/IN000692/2024_H3N2,2024-12-05,1.0
A/Queensland/IN000692/2024_H3N2,2024-12-06,4.0
A/Queensland/IN000692/2024_H3N2,2024-12-07,3.0
A/Queensland/IN000692/2024_H3N2,2024-12-08,2.0
A/Queensland/IN000692/2024_H3N2,2024-12-09,10.0
A/Queensland/IN000692/2024_H3N2,2024-12-10,12.0
A/Queensland/IN000692/2024_H3N2,2024-12-11,9.0
A/Queensland/IN000692/2024_H3N2,2024-12-12,5.5
A/Queensland/IN000692/2024_H3N2,2024-12-13,7.0
A/Queensland/IN000692/2024_H3N2,2024-12-14,2.0
A/Queensland/IN000692/2024_H3N2,2024-12-15,4.0
A/Queensland/IN000692/2024_H3N2,2024-12-16,10.0
A/Queensland/IN000692/2024_H3N2,2024-12-17,11.5
A/Queensland/IN000692/2024_H3N2,2024-12-18,10.0
A/Queensland/IN000692/2024_H3N2,2024-12-19,13.0
A/Queensland/IN000692/2024_H3N2,2024-12-20,10.0
A/Queensland/IN000692/2024_H3N2,2024-12-21,3.0
A/Queensland/IN000692/2024_H3N2,2024-12-22,3.0
A/Queensland/IN000692/2024_H3N2,2024-12-23,9.0
A/Queensland/IN000692/2024_H3N2,2024-12-24,5.0
A/Queensland/IN000692/2024_H3N2,2024-12-25,6.0
A/Queensland/IN000692/2024_H3N2,2024-12-26,8.0
A/Queensland/IN000692/2024_H3N2,2024-12-27,11.0
A/Queensland/IN000692/2024_H3N2,2024-12-28,8.0
A/Queensland/IN000692/2024_H3N2,2024-12-29,2.0
A/Queensland/IN000692/2024_H3N2,2024-12-30,10.0
A/Queensland/IN000692/2024_H3N2,2024-12-31,5.0
A/Queensland/IN000692/2024_H3N2,2025-01-01,8.0
A/Queensland/IN000692/2024_H3N2,2025-01-02,12.0
A/Queensland/IN000692/2024_H3N2,2025-01-03,19.5
A/Queensland/IN000692/2024_H3N2,2025-01-04,6.0
A/Queensland/IN000692/2024_H3N2,2025-01-05,5.5
A/Queensland/IN000692/2024_H3N2,2025-01-06,14.5
A/Queensland/IN000692/2024_H3N2,2025-01-07,9.5
A/Queensland/IN000692/2024_H3N2,2025-01-08,15.0
A/Queensland/IN000692/2024_H3N2,2025-01-09,11.5
A/Queensland/IN000692/2024_H3N2,2025-01-10,8.0
A/Queensland/IN000692/2024_H3N2,2025-01-11,7.0
A/Queensland/IN000692/2024_H3N2,2025-01-12,3.0
A/Queensland/IN000692/2024_H3N2,2025-01-13,19.5
A/Queensland/IN000692/2024_H3N2,2025-01-14,13.5
A/Queensland/IN000692/2024_H3N2,2025-01-15,14.0
A/Queensland/IN000692/2024_H3N2,2025-01-16,9.5
A/Queensland/IN000692/2024_H3N2,2025-01-17,10.0
A/Queensland/IN000692/2024_H3N2,2025-01-18,6.0
A/Queensland/IN000692/2024_H3N2,2025-01-19,4.0
A/Queensland/IN000692/2024_H3N2,2025-01-20,17.5
A/Queensland/IN000692/2024_H3N2,2025-01-21,19.5
A/Queensland/IN000692/2024_H3N2,2025-01-22,14.0
A/Queensland/IN000692/2024_H3N2,2025-01-23,9.0
A/Queensland/IN000692/2024_H3N2,2025-01-24,8.0
A/Queensland/IN000692/2024_H3N2,2025-01-25,7.5
A/Queensland/IN000692/2024_H3N2,2025-01-26,10.5
A/Queensland/IN000692/2024_H3N2,2025-01-27,20.0
A/Queensland/IN000692/2024_H3N2,2025-01-28,15.0
A/Queensland/IN000692/2024_H3N2,2025-01-29,16.0
A/Queensland/IN000692/2024_H3N2,2025-01-30,10.0
A/Queensland/IN000692/2024_H3N2,2025-01-31,18.0
A/Queensland/IN000692/2024_H3N2,2025-02-01,4.5
A/Queensland/IN000692/2024_H3N2,2025-02-02,8.0
A/Queensland/IN000692/2024_H3N2,2025-02-03,23.5
A/Queensland/IN000692/2024_H3N2,2025-02-04,14.5
A/Queensland/IN000692/2024_H3N2,2025-02-05,10.0
A/Queensland/IN000692/2024_H3N2,2025-02-06,10.0
A/Queensland/IN000692/2024_H3N2,2025-02-07,9.0
A/Queensland/IN000692/2024_H3N2,2025-02-08,7.0
A/Queensland/IN000692/2024_H3N2,2025-02-09,4.0
A/Queensland/IN000692/2024_H3N2,2025-02-10,19.5
A/Queensland/IN000692/2024_H3N2,2025-02-11,14.5
A/Queensland/IN000692/2024_H3N2,2025-02-12,8.0
A/Queensland/IN000692/2024_H3N2,2025-02-13,12.0
A/Queensland/IN000692/2024_H3N2,2025-02-14,12.0
A/Queensland/IN000692/2024_H3N2,2025-02-15,8.0
A/Queensland/IN000692/2024_H3N2,2025-02-16,5.5
A/Queensland/IN000692/2024_H3N2,2025-02-17,21.5
A/Queensland/IN000692/2024_H3N2,2025-02-18,19.5
A/Queensland/IN000692/2024_H3N2,2025-02-19,11.5
A/Queensland/IN000692/2024_H3N2,2025-02-20,17.0
A/Queensland/IN000692/2024_H3N2,2025-02-21,15.0
A/Queensland/IN000692/2024_H3N2,2025-02-22,3.0
A/Queensland/IN000692/2024_H3N2,2025-02-23,5.0
A/Queensland/IN000692/2024_H3N2,2025-02-24,17.0
A/Queensland/IN000692/2024_H3N2,2025-02-25,15.5
A/Queensland/IN000692/2024_H3N2,2025-02-26,10.0
A/Queensland/IN000692/2024_H3N2,2025-02-27,5.0
A/Queensland/IN000692/2024_H3N2,2025-02-28,1.0
A/Queensland/IN000692/2024_H3N2,2025-03-01,9.0
A/Queensland/IN000692/2024_H3N2,2025-03-02,8.0
A/Queensland/IN000692/2024_H3N2,2025-03-03,17.0
A/Queensland/IN000692/2024_H3N2,2025-03-04,7.0
A/Queensland/IN000692/2024_H3N2,2025-03-05,15.5
A/Queensland/IN000692/2024_H3N2,2025-03-06,17.5
A/Queensland/IN000692/2024_H3N2,2025-03-07,6.0
A/Queensland/IN000692/2024_H3N2,2025-03-08,4.0
A/Queensland/IN000692/2024_H3N2,2025-03-09,7.0
A/Queensland/IN000692/2024_H3N2,2025-03-10,17.5
A/Queensland/IN000692/2024_H3N2,2025-03-11,13.0
A/Queensland/IN000692/2024_H3N2,2025-03-12,10.0
A/Queensland/IN000692/2024_H3N2,2025-03-13,19.0
A/Queensland/IN000692/2024_H3N2,2025-03-14,10.0
A/Queensland/IN000692/2024_H3N2,2025-03-15,3.0
A/Queensland/IN000692/2024_H3N2,2025-03-16,4.0
A/Queensland/IN000692/2024_H3N2,2025-03-17,12.0
A/Queensland/IN000692/2024_H3N2,2025-03-18,15.0
A/Queensland/IN000692/2024_H3N2,2025-03-19,8.0
A/Queensland/IN000692/2024_H3N2,2025-03-20,5.0
A/Queensland/IN000692/2024_H3N2,2025-03-21,5.0
A/Queensland/IN000692/2024_H3N2,2025-03-22,9.0
A/Queensland/IN000692/2024_H3N2,2025-03-23,4.0
A/Queensland/IN000692/2024_H3N2,2025-03-24,7.0
A/Queensland/IN000692/2024_H3N2,2025-03-25,13.0
A/Queensland/IN000692/2024_H3N2,2025-03-26,11.0
A/Queensland/IN000692/2024_H3N2,2025-03-27,12.0
A/Queensland/IN000692/2024_H3N2,2025-03-28,2.0
A/Queensland/IN000692/2024_H3N2,2025-03-29,1.0
A/Queensland/IN000692/2024_H3N2,2025-03-30,4.0
A/Queensland/IN000692/2024_H3N2,2025-03-31,10.0
A/Queensland/IN000692/2024_H3N2,2025-04-01,12.0
A/Queensland/IN000692/2024_H3N2,2025-04-02,13.0
A/Queensland/IN000692/2024_H3N2,2025-04-03,11.0
A/Queensland/IN000692/2024_H3N2,2025-04-04,10.0
A/Queensland/IN000692/2024_H3N2,2025-04-05,3.0
A/Queensland/IN000692/2024_H3N2,2025-04-06,3.0
A/Queensland/IN000692/2024_H3N2,2025-04-07,14.0
A/Queensland/IN000692/2024_H3N2,2025-04-08,14.0
A/Queensland/IN000692/2024_H3N2,2025-04-09,6.0
A/Queensland/IN000692/2024_H3N2,2025-04-10,12.0
A/Queensland/IN000692/2024_H3N2,2025-04-11,9.0
A/Queensland/IN000692/2024_H3N2,2025-04-12,1.0
A/Queensland/IN000692/2024_H3N2,2025-04-13,2.0
A/Queensland/IN000692/2024_H3N2,2025-04-14,11.0
A/Queensland/IN000692/2024_H3N2,2025-04-15,10.0
A/Queensland/IN000692/2024_H3N2,2025-04-16,9.0
A/Queensland/IN000692/2024_H3N2,2025-04-17,11.0
A/Queensland/IN000692/2024_H3N2,2025-04-18,2.0
A/Queensland/IN000692/2024_H3N2,2025-04-19,8.0
A/Queensland/IN000692/2024_H3N2,2025-04-20,3.0
A/Queensland/IN000692/2024_H3N2,2025-04-21,17.0
A/Queensland/IN000692/2024_H3N2,2025-04-22,10.0
A/Queensland/IN000692/2024_H3N2,2025-04-23,6.0
A/Queensland/IN000692/2024_H3N2,2025-04-24,6.0
A/Queensland/IN000692/2024_H3N2,2025-04-25,3.0
A/Queensland/IN000692/2024_H3N2,2025-04-26,1.0
A/Queensland/IN000692/2024_H3N2,2025-04-27,2.0
A/Queensland/IN000692/2024_H3N2,2025-04-28,7.0
A/Queensland/IN000692/2024_H3N2,2025-04-29,9.0
A/Queensland/IN000692/2024_H3N2,2025-04-30,6.0
A/Queensland/IN000692/2024_H3N2,2025-05-01,6.0
A/Queensland/IN000692/2024_H3N2,2025-05-02,4.0
A/Queensland/IN000692/2024_H3N2,2025-05-03,7.0
A/Queensland/IN000692/2024_H3N2,2025-05-04,2.0
A/Queensland/IN000692/2024_H3N2,2025-05-05,4.0
A/Queensland/IN000692/2024_H3N2,2025-05-06,7.0
A/Queensland/IN000692/2024_H3N2,2025-05-07,15.0
A/Queensland/IN000692/2024_H3N2,2025-05-08,11.0
A/Queensland/IN000692/2024_H3N2,2025-05-09,2.0
A/Queensland/IN000692/2024_H3N2,2025-05-10,1.0
A/Queensland/IN000692/2024_H3N2,2025-05-11,1.0
A/Queensland/IN000692/2024_H3N2,2025-05-12,15.0
A/Queensland/IN000692/2024_H3N2,2025-05-13,7.0
A/Queensland/IN000692/2024_H3N2,2025-05-14,4.0
A/Queensland/IN000692/2024_H3N2,2025-05-15,4.0
A/Queensland/IN000692/2024_H3N2,2025-05-16,8.0
A/Queensland/IN000692/2024_H3N2,2025-05-17,5.0
A/Queensland/IN000692/2024_H3N2,2025-05-18,10.0
A/Queensland/IN000692/2024_H3N2,2025-05-19,11.0
A/Queensland/IN000692/2024_H3N2,2025-05-20,6.0
A/Queensland/IN000692/2024_H3N2,2025-05-21,8.0
A/Queensland/IN000692/2024_H3N2,2025-05-22,5.0
A/Queensland/IN000692/2024_H3N2,2025-05-23,3.0
A/Queensland/IN000692/2024_H3N2,2025-05-24,4.0
A/Queensland/IN000692/2024_H3N2,2025-05-26,7.0
A/Queensland/IN000692/2024_H3N2,2025-05-27,3.0
A/Queensland/IN000692/2024_H3N2,2025-05-28,8.0
A/Queensland/IN000692/2024_H3N2,2025-05-29,6.5
A/Queensland/IN000692/2024_H3N2,2025-05-30,4.0
A/Queensland/IN000692/2024_H3N2,2025-05-31,3.0
A/Queensland/IN000692/2024_H3N2,2025-06-01,3.0
A/Queensland/IN000692/2024_H3N2,2025-06-02,6.0
A/Queensland/IN000692/2024_H3N2,2025-06-03,6.5
A/Queensland/IN000692/2024_H3N2,2025-06-04,6.0
A/Queensland/IN000692/2024_H3N2,2025-06-05,1.0
A/Queensland/IN000692/2024_H3N2,2025-06-06,4.0
A/Queensland/IN000692/2024_H3N2,2025-06-07,1.0
A/Queensland/IN000692/2024_H3N2,2025-06-08,1.0
A/Queensland/IN000692/2024_H3N2,2025-06-09,3.0
A/Queensland/IN000692/2024_H3N2,2025-06-10,1.0
A/Queensland/IN000692/2024_H3N2,2025-06-11,2.0
A/Queensland/IN000692/2024_H3N2,2025-06-12,1.0
A/Queensland/IN000692/2024_H3N2,2025-06-13,1.0
A/Queensland/IN000692/2024_H3N2,2025-06-14,1.0
A/Queensland/IN000692/2024_H3N2,2025-06-15,1.0
A/Queensland/IN000692/2024_H3N2,2025-06-16,0.5
A/Queensland/IN000692/2024_H3N2,2025-06-17,1.0
A/Queensland/IN000692/2024_H3N2,2025-06-18,3.5
A/Queensland/IN000692/2024_H3N2,2025-06-19,1.0
A/Queensland/IN000692/2024_H3N2,2025-06-21,1.0
A/Queensland/IN000692/2024_H3N2,2025-06-23,3.0
A/Queensland/IN000692/2024_H3N2,2025-06-24,3.0
A/Queensland/IN000692/2024_H3N2,2025-06-25,3.0
A/Queensland/IN000692/2024_H3N2,2025-06-26,1.0
A/Queensland/IN000692/2024_H3N2,2025-06-27,1.0
A/Queensland/IN000692/2024_H3N2,2025-06-28,1.0
A/Queensland/IN000692/2024_H3N2,2025-06-30,4.0
A/Queensland/IN000692/2024_H3N2,2025-07-01,6.0
A/Queensland/IN000692/2024_H3N2,2025-07-02,1.0
A/Queensland/IN000692/2024_H3N2,2025-07-04,2.0
A/Queensland/IN000692/2024_H3N2,2025-07-05,2.0
A/Queensland/IN000692/2024_H3N2,2025-07-06,1.5
A/Queensland/IN000692/2024_H3N2,2025-07-07,4.0
A/Queensland/IN000692/2024_H3N2,2025-07-08,1.0
A/Queensland/IN000692/2024_H3N2,2025-07-12,3.0
A/Queensland/IN000692/2024_H3N2,2025-07-14,1.0
A/Queensland/IN000692/2024_H3N2,2025-07-16,1.0
A/Queensland/IN000692/2024_H3N2,2025-07-17,2.0
A/Queensland/IN000692/2024_H3N2,2025-07-18,2.0
A/Queensland/IN000692/2024_H3N2,2025-07-21,2.0
A/Queensland/IN000692/2024_H3N2,2025-07-23,1.0
A/Queensland/IN000692/2024_H3N2,2025-07-24,1.0
A/Queensland/IN000692/2024_H3N2,2025-07-25,1.0
A/Queensland/IN000692/2024_H3N2,2025-07-27,1.0
A/Queensland/IN000692/2024_H3N2,2025-07-28,1.0
A/Queensland/IN000692/2024_H3N2,2025-07-31,1.0
A/Queensland/IN000692/2024_H3N2,2025-08-04,1.0
A/Queensland/IN000692/2024_H3N2,2025-08-05,2.0
A/Queensland/IN000692/2024_H3N2,2025-08-06,2.0
A/Queensland/IN000692/2024_H3N2,2025-08-07,2.0
A/Queensland/IN000692/2024_H3N2,2025-08-12,2.0
A/Queensland/IN000692/2024_H3N2,2025-08-13,1.0
A/Queensland/IN000692/2024_H3N2,2025-08-15,1.0
A/Queensland/IN000803/2024_H3N2,2024-08-01,0.5
A/Queensland/IN000803/2024_H3N2,2024-08-14,0.5
A/Queensland/IN000803/2024_H3N2,2024-10-19,1.0
A/Queensland/IN000803/2024_H3N2,2024-10-29,1.0
A/Queensland/IN000803/2024_H3N2,2024-11-04,1.0
A/Queensland/IN000803/2024_H3N2,2024-11-14,1.0
A/Queensland/IN000803/2024_H3N2,2024-11-17,1.0
A/Queensland/IN000803/2024_H3N2,2024-11-18,1.0
A/Queensland/IN000803/2024_H3N2,2024-11-19,1.0
A/Queensland/IN000803/2024_H3N2,2024-11-21,1.0
A/Queensland/IN000803/2024_H3N2,2024-11-22,1.0
A/Queensland/IN000803/2024_H3N2,2024-11-28,1.0
A/Queensland/IN000803/2024_H3N2,2024-12-02,1.0
A/Queensland/IN000803/2024_H3N2,2024-12-09,1.0
A/Queensland/IN000803/2024_H3N2,2024-12-11,2.0
A/Queensland/IN000803/2024_H3N2,2024-12-12,1.0
A/Queensland/IN000803/2024_H3N2,2024-12-13,3.0
A/Queensland/IN000803/2024_H3N2,2024-12-14,2.0
A/Queensland/IN000803/2024_H3N2,2024-12-15,2.0
A/Queensland/IN000803/2024_H3N2,2024-12-16,5.0
A/Queensland/IN000803/2024_H3N2,2024-12-19,2.0
A/Queensland/IN000803/2024_H3N2,2024-12-20,1.0
A/Queensland/IN000803/2024_H3N2,2024-12-22,1.0
A/Queensland/IN000803/2024_H3N2,2024-12-23,5.0
A/Queensland/IN000803/2024_H3N2,2024-12-24,4.0
A/Queensland/IN000803/2024_H3N2,2024-12-25,3.0
A/Queensland/IN000803/2024_H3N2,2024-12-26,6.0
A/Queensland/IN000803/2024_H3N2,2024-12-27,5.0
A/Queensland/IN000803/2024_H3N2,2024-12-28,1.0
A/Queensland/IN000803/2024_H3N2,2024-12-29,5.0
A/Queensland/IN000803/2024_H3N2,2024-12-30,1.0
A/Queensland/IN000803/2024_H3N2,2024-12-31,3.0
A/Queensland/IN000803/2024_H3N2,2025-01-01,1.0
A/Queensland/IN000803/2024_H3N2,2025-01-02,4.0
A/Queensland/IN000803/2024_H3N2,2025-01-03,1.0
A/Queensland/IN000803/2024_H3N2,2025-01-04,1.0
A/Queensland/IN000803/2024_H3N2,2025-01-05,1.0
A/Queensland/IN000803/2024_H3N2,2025-01-06,2.0
A/Queensland/IN000803/2024_H3N2,2025-01-07,6.0
A/Queensland/IN000803/2024_H3N2,2025-01-08,3.0
A/Queensland/IN000803/2024_H3N2,2025-01-09,1.0
A/Queensland/IN000803/2024_H3N2,2025-01-10,5.0
A/Queensland/IN000803/2024_H3N2,2025-01-11,3.0
A/Queensland/IN000803/2024_H3N2,2025-01-12,2.5
A/Queensland/IN000803/2024_H3N2,2025-01-13,1.0
A/Queensland/IN000803/2024_H3N2,2025-01-14,1.0
A/Queensland/IN000803/2024_H3N2,2025-01-15,2.0
A/Queensland/IN000803/2024_H3N2,2025-01-16,1.0
A/Queensland/IN000803/2024_H3N2,2025-01-18,3.0
A/Queensland/IN000803/2024_H3N2,2025-01-19,4.0
A/Queensland/IN000803/2024_H3N2,2025-01-20,4.0
A/Queensland/IN000803/2024_H3N2,2025-01-21,2.0
A/Queensland/IN000803/2024_H3N2,2025-01-22,0.5
A/Queensland/IN000803/2024_H3N2,2025-01-23,5.5
A/Queensland/IN000803/2024_H3N2,2025-01-24,3.0
A/Queensland/IN000803/2024_H3N2,2025-01-26,3.0
A/Queensland/IN000803/2024_H3N2,2025-01-27,4.0
A/Queensland/IN000803/2024_H3N2,2025-01-28,2.0
A/Queensland/IN000803/2024_H3N2,2025-01-29,4.0
A/Queensland/IN000803/2024_H3N2,2025-01-30,3.0
A/Queensland/IN000803/2024_H3N2,2025-01-31,1.0
A/Queensland/IN000803/2024_H3N2,2025-02-02,4.0
A/Queensland/IN000803/2024_H3N2,2025-02-03,1.0
A/Queensland/IN000803/2024_H3N2,2025-02-04,3.0
A/Queensland/IN000803/2024_H3N2,2025-02-05,3.0
A/Queensland/IN000803/2024_H3N2,2025-02-07,1.0
A/Queensland/IN000803/2024_H3N2,2025-02-08,2.0
A/Queensland/IN000803/2024_H3N2,2025-02-09,1.0
A/Queensland/IN000803/2024_H3N2,2025-02-11,3.0
A/Queensland/IN000803/2024_H3N2,2025-02-12,1.0
A/Queensland/IN000803/2024_H3N2,2025-02-13,1.5
A/Queensland/IN000803/2024_H3N2,2025-02-14,2.5
A/Queensland/IN000803/2024_H3N2,2025-02-16,2.0
A/Queensland/IN000803/2024_H3N2,2025-02-18,2.0
A/Queensland/IN000803/2024_H3N2,2025-02-19,2.0
A/Queensland/IN000803/2024_H3N2,2025-02-20,1.0
A/Queensland/IN000803/2024_H3N2,2025-02-21,1.0
A/Queensland/IN000803/2024_H3N2,2025-02-22,1.0
A/Queensland/IN000803/2024_H3N2,2025-02-23,1.0
A/Queensland/IN000803/2024_H3N2,2025-02-24,0.5
A/Queensland/IN000803/2024_H3N2,2025-02-25,2.0
A/Queensland/IN000803/2024_H3N2,2025-02-26,1.0
A/Queensland/IN000803/2024_H3N2,2025-03-03,1.0
A/Queensland/IN000803/2024_H3N2,2025-03-04,2.0
A/Queensland/IN000803/2024_H3N2,2025-03-05,2.0
A/Queensland/IN000803/2024_H3N2,2025-03-06,1.0
A/Queensland/IN000803/2024_H3N2,2025-03-09,1.0
A/Queensland/IN000803/2024_H3N2,2025-03-10,1.0
A/Queensland/IN000803/2024_H3N2,2025-03-11,2.0
A/Queensland/IN000803/2024_H3N2,2025-03-12,1.0
A/Queensland/IN000803/2024_H3N2,2025-03-13,1.0
A/Queensland/IN000803/2024_H3N2,2025-04-01,1.0
A/Queensland/IN000803/2024_H3N2,2025-04-03,1.5
A/Queensland/IN000803/2024_H3N2,2025-04-05,1.0
A/Queensland/IN000803/2024_H3N2,2025-04-08,1.0
A/Queensland/IN000803/2024_H3N2,2025-04-10,1.0
A/Queensland/IN000803/2024_H3N2,2025-04-14,1.0
A/Queensland/IN000803/2024_H3N2,2025-04-22,1.0
A/Queensland/IN000803/2024_H3N2,2025-04-24,1.0
A/Queensland/IN000803/2024_H3N2,2025-04-28,1.0
A/Queensland/IN000803/2024_H3N2,2025-04-29,0.5
A/Queensland/IN000803/2024_H3N2,2025-05-11,1.0
A/Queensland/IN000803/2024_H3N2,2025-05-12,1.0
A/Queensland/IN000803/2024_H3N2,2025-05-19,2.0
A/Rhode_Island/15446/2025_H3N2,2024-04-28,0.5
A/Rhode_Island/15446/2025_H3N2,2024-05-07,0.5
A/Rhode_Island/15446/2025_H3N2,2024-05-22,0.5
A/Rhode_Island/15446/2025_H3N2,2024-05-24,0.5
A/Rhode_Island/15446/2025_H3N2,2024-05-29,1.0
A/Rhode_Island/15446/2025_H3N2,2024-06-01,0.5
A/Rhode_Island/15446/2025_H3N2,2024-06-02,0.5
A/Rhode_Island/15446/2025_H3N2,2024-06-03,0.5
A/Rhode_Island/15446/2025_H3N2,2024-06-05,0.5
A/Rhode_Island/15446/2025_H3N2,2024-06-08,1.0
A/Rhode_Island/15446/2025_H3N2,2024-06-09,0.5
A/Rhode_Island/15446/2025_H3N2,2024-06-14,0.5
A/Rhode_Island/15446/2025_H3N2,2024-06-17,0.5
A/Rhode_Island/15446/2025_H3N2,2024-06-19,0.5
A/Rhode_Island/15446/2025_H3N2,2024-06-22,0.5
A/Rhode_Island/15446/2025_H3N2,2024-06-29,0.5
A/Rhode_Island/15446/2025_H3N2,2024-07-18,1.0
A/Rhode_Island/15446/2025_H3N2,2024-07-21,0.5
A/Rhode_Island/15446/2025_H3N2,2024-07-30,0.8333333333333333
A/Rhode_Island/15446/2025_H3N2,2024-08-03,0.5
A/Rhode_Island/15446/2025_H3N2,2024-08-06,0.5
A/Rhode_Island/15446/2025_H3N2,2024-08-12,2.0
A/Rhode_Island/15446/2025_H3N2,2024-08-14,0.5
A/Rhode_Island/15446/2025_H3N2,2024-08-15,0.5
A/Rhode_Island/15446/2025_H3N2,2024-08-17,0.5
A/Rhode_Island/15446/2025_H3N2,2024-08-19,0.5
A/Rhode_Island/15446/2025_H3N2,2024-08-27,0.5
A/Rhode_Island/15446/2025_H3N2,2024-09-04,0.5
A/Rhode_Island/15446/2025_H3N2,2024-09-09,0.5
A/Rhode_Island/15446/2025_H3N2,2024-10-09,0.5
A/Rhode_Island/15446/2025_H3N2,2024-10-11,0.5
A/Rhode_Island/15446/2025_H3N2,2024-10-13,0.3333333333333333
A/Rhode_Island/15446/2025_H3N2,2024-12-10,0.5
A/Rhode_Island/15446/2025_H3N2,2024-12-13,0.5
A/Rhode_Island/15446/2025_H3N2,2024-12-19,1.0
A/Rhode_Island/15446/2025_H3N2,2024-12-23,1.0
A/Rhode_Island/15446/2025_H3N2,2025-01-02,1.0
A/Rhode_Island/15446/2025_H3N2,2025-01-08,1.0
A/Rhode_Island/15446/2025_H3N2,2025-01-13,2.0
A/Rhode_Island/15446/2025_H3N2,2025-01-24,1.0
A/Rhode_Island/15446/2025_H3N2,2025-01-27,2.0
A/Rhode_Island/15446/2025_H3N2,2025-01-29,0.3333333333333333
A/Rhode_Island/15446/2025_H3N2,2025-02-02,1.0
A/Rhode_Island/15446/2025_H3N2,2025-02-03,0.3333333333333333
A/Rhode_Island/15446/2025_H3N2,2025-02-12,1.0
A/Rhode_Island/15446/2025_H3N2,2025-03-01,1.0
A/Rhode_Island/15446/2025_H3N2,2025-03-03,1.0
A/Rhode_Island/15446/2025_H3N2,2025-03-05,0.5
A/Rhode_Island/15446/2025_H3N2,2025-03-11,0.5
A/Rhode_Island/15446/2025_H3N2,2025-03-18,1.0
A/Rhode_Island/15446/2025_H3N2,2025-05-21,1.0
A/Rhode_Island/15446/2025_H3N2,2025-06-11,1.0
A/Rhode_Island/66/2024_H3N2,2024-11-26,1.0
A/Rhode_Island/66/2024_H3N2,2025-01-03,1.0
A/Rhode_Island/66/2024_H3N2,2025-01-22,1.0
A/Rhode_Island/66/2024_H3N2,2025-01-24,2.0
A/Rhode_Island/66/2024_H3N2,2025-01-27,1.0
A/Rhode_Island/66/2024_H3N2,2025-01-28,1.0
A/Rhode_Island/66/2024_H3N2,2025-02-05,1.0
A/Rhode_Island/66/2024_H3N2,2025-02-07,1.0
A/Rhode_Island/66/2024_H3N2,2025-02-17,1.0
A/Rhode_Island/66/2024_H3N2,2025-03-12,0.5
A/Rhode_Island/66/2024_H3N2,2025-03-25,1.0
A/Santa_Catarina/333/2025_H3N2,2024-04-28,0.8181818181818182
A/Santa_Catarina/333/2025_H3N2,2024-04-29,0.9090909090909092
A/Santa_Catarina/333/2025_H3N2,2024-04-30,0.7272727272727273
A/Santa_Catarina/333/2025_H3N2,2024-05-01,0.6363636363636364
A/Santa_Catarina/333/2025_H3N2,2024-05-02,0.4545454545454546
A/Santa_Catarina/333/2025_H3N2,2024-05-03,0.8181818181818182
A/Santa_Catarina/333/2025_H3N2,2024-05-04,0.7272727272727273
A/Santa_Catarina/333/2025_H3N2,2024-05-05,0.7272727272727273
A/Santa_Catarina/333/2025_H3N2,2024-05-06,1.5454545454545454
A/Santa_Catarina/333/2025_H3N2,2024-05-07,1.1818181818181819
A/Santa_Catarina/333/2025_H3N2,2024-05-08,0.9090909090909092
A/Santa_Catarina/333/2025_H3N2,2024-05-09,0.36363636363636365
A/Santa_Catarina/333/2025_H3N2,2024-05-10,0.6363636363636364
A/Santa_Catarina/333/2025_H3N2,2024-05-11,0.5454545454545454
A/Santa_Catarina/333/2025_H3N2,2024-05-12,0.2727272727272727
A/Santa_Catarina/333/2025_H3N2,2024-05-13,0.9090909090909092
A/Santa_Catarina/333/2025_H3N2,2024-05-14,0.9090909090909092
A/Santa_Catarina/333/2025_H3N2,2024-05-15,1.0909090909090908
A/Santa_Catarina/333/2025_H3N2,2024-05-16,0.8181818181818182
A/Santa_Catarina/333/2025_H3N2,2024-05-17,0.5454545454545454
A/Santa_Catarina/333/2025_H3N2,2024-05-18,0.8181818181818182
A/Santa_Catarina/333/2025_H3N2,2024-05-19,1.5454545454545456
A/Santa_Catarina/333/2025_H3N2,2024-05-20,1.0909090909090908
A/Santa_Catarina/333/2025_H3N2,2024-05-21,1.4545454545454546
A/Santa_Catarina/333/2025_H3N2,2024-05-22,1.0909090909090908
A/Santa_Catarina/333/2025_H3N2,2024-05-23,2.0909090909090913
A/Santa_Catarina/333/2025_H3N2,2024-05-24,0.7272727272727273
A/Santa_Catarina/333/2025_H3N2,2024-05-25,0.2727272727272727
A/Santa_Catarina/333/2025_H3N2,2024-05-26,0.18181818181818182
A/Santa_Catarina/333/2025_H3N2,2024-05-27,1.9090909090909092
A/Santa_Catarina/333/2025_H3N2,2024-05-28,0.2727272727272727
A/Santa_Catarina/333/2025_H3N2,2024-05-29,0.5454545454545454
A/Santa_Catarina/333/2025_H3N2,2024-05-30,0.2727272727272727
A/Santa_Catarina/333/2025_H3N2,2024-05-31,0.4545454545454546
A/Santa_Catarina/333/2025_H3N2,2024-06-01,1.1818181818181819
A/Santa_Catarina/333/2025_H3N2,2024-06-02,0.36363636363636365
A/Santa_Catarina/333/2025_H3N2,2024-06-03,1.5454545454545454
A/Santa_Catarina/333/2025_H3N2,2024-06-04,0.4545454545454546
A/Santa_Catarina/333/2025_H3N2,2024-06-05,0.6363636363636364
A/Santa_Catarina/333/2025_H3N2,2024-06-06,0.09090909090909091
A/Santa_Catarina/333/2025_H3N2,2024-06-07,0.5
A/Santa_Catarina/333/2025_H3N2,2024-06-08,0.18181818181818182
A/Santa_Catarina/333/2025_H3N2,2024-06-09,1.1818181818181819
A/Santa_Catarina/333/2025_H3N2,2024-06-10,1.4545454545454546
A/Santa_Catarina/333/2025_H3N2,2024-06-11,0.4545454545454546
A/Santa_Catarina/333/2025_H3N2,2024-06-12,0.8181818181818182
A/Santa_Catarina/333/2025_H3N2,2024-06-13,0.09090909090909091
A/Santa_Catarina/333/2025_H3N2,2024-06-14,1.3636363636363638
A/Santa_Catarina/333/2025_H3N2,2024-06-15,0.18181818181818182
A/Santa_Catarina/333/2025_H3N2,2024-06-16,0.2727272727272727
A/Santa_Catarina/333/2025_H3N2,2024-06-17,0.5454545454545454
A/Santa_Catarina/333/2025_H3N2,2024-06-18,0.36363636363636365
A/Santa_Catarina/333/2025_H3N2,2024-06-19,1.4545454545454546
A/Santa_Catarina/333/2025_H3N2,2024-06-20,2.3636363636363638
A/Santa_Catarina/333/2025_H3N2,2024-06-22,0.09090909090909091
A/Santa_Catarina/333/2025_H3N2,2024-06-24,0.8181818181818182
A/Santa_Catarina/333/2025_H3N2,2024-06-25,0.36363636363636365
A/Santa_Catarina/333/2025_H3N2,2024-06-26,0.2727272727272727
A/Santa_Catarina/333/2025_H3N2,2024-06-27,0.36363636363636365
A/Santa_Catarina/333/2025_H3N2,2024-06-28,0.4545454545454546
A/Santa_Catarina/333/2025_H3N2,2024-06-30,0.2727272727272727
A/Santa_Catarina/333/2025_H3N2,2024-07-01,0.36363636363636365
A/Santa_Catarina/333/2025_H3N2,2024-07-02,1.1818181818181819
A/Santa_Catarina/333/2025_H3N2,2024-07-03,1.0909090909090908
A/Santa_Catarina/333/2025_H3N2,2024-07-05,0.2727272727272727
A/Santa_Catarina/333/2025_H3N2,2024-07-07,0.09090909090909091
A/Santa_Catarina/333/2025_H3N2,2024-07-08,0.09090909090909091
A/Santa_Catarina/333/2025_H3N2,2024-07-09,1.3636363636363638
A/Santa_Catarina/333/2025_H3N2,2024-07-10,1.2727272727272727
A/Santa_Catarina/333/2025_H3N2,2024-07-11,0.18181818181818182
A/Santa_Catarina/333/2025_H3N2,2024-07-12,1.1818181818181819
A/Santa_Catarina/333/2025_H3N2,2024-07-13,0.09090909090909091
A/Santa_Catarina/333/2025_H3N2,2024-07-14,0.09090909090909091
A/Santa_Catarina/333/2025_H3N2,2024-07-15,0.2727272727272727
A/Santa_Catarina/333/2025_H3N2,2024-07-16,0.36363636363636365
A/Santa_Catarina/333/2025_H3N2,2024-07-17,0.6363636363636364
A/Santa_Catarina/333/2025_H3N2,2024-07-18,0.36363636363636365
A/Santa_Catarina/333/2025_H3N2,2024-07-19,0.09090909090909091
A/Santa_Catarina/333/2025_H3N2,2024-07-22,1.2727272727272727
A/Santa_Catarina/333/2025_H3N2,2024-07-23,1.1818181818181819
A/Santa_Catarina/333/2025_H3N2,2024-07-26,0.18181818181818182
A/Santa_Catarina/333/2025_H3N2,2024-07-28,0.09090909090909091
A/Santa_Catarina/333/2025_H3N2,2024-07-29,0.09090909090909091
A/Santa_Catarina/333/2025_H3N2,2024-07-30,0.4242424242424242
A/Santa_Catarina/333/2025_H3N2,2024-07-31,0.18181818181818182
A/Santa_Catarina/333/2025_H3N2,2024-08-01,1.0909090909090908
A/Santa_Catarina/333/2025_H3N2,2024-08-02,0.2727272727272727
A/Santa_Catarina/333/2025_H3N2,2024-08-03,0.18181818181818182
A/Santa_Catarina/333/2025_H3N2,2024-08-05,0.2727272727272727
A/Santa_Catarina/333/2025_H3N2,2024-08-06,0.18181818181818182
A/Santa_Catarina/333/2025_H3N2,2024-08-07,0.18181818181818182
A/Santa_Catarina/333/2025_H3N2,2024-08-10,0.18181818181818182
A/Santa_Catarina/333/2025_H3N2,2024-08-11,0.09090909090909091
A/Santa_Catarina/333/2025_H3N2,2024-08-12,0.18181818181818182
A/Santa_Catarina/333/2025_H3N2,2024-08-16,0.09090909090909091
A/Santa_Catarina/333/2025_H3N2,2024-08-17,0.09090909090909091
A/Santa_Catarina/333/2025_H3N2,2024-08-20,0.09090909090909091
A/Santa_Catarina/333/2025_H3N2,2024-08-21,0.2727272727272727
A/Santa_Catarina/333/2025_H3N2,2024-08-22,1.1818181818181819
A/Santa_Catarina/333/2025_H3N2,2024-08-23,0.09090909090909091
A/Santa_Catarina/333/2025_H3N2,2024-08-25,2.090909090909091
A/Santa_Catarina/333/2025_H3N2,2024-08-26,0.09090909090909091
A/Santa_Catarina/333/2025_H3N2,2024-08-27,0.09090909090909091
A/Santa_Catarina/333/2025_H3N2,2024-08-29,0.09090909090909091
A/Santa_Catarina/333/2025_H3N2,2024-08-31,0.09090909090909091
A/Santa_Catarina/333/2025_H3N2,2024-09-01,1.0
A/Santa_Catarina/333/2025_H3N2,2024-09-04,0.18181818181818182
A/Santa_Catarina/333/2025_H3N2,2024-09-09,1.3636363636363638
A/Santa_Catarina/333/2025_H3N2,2024-09-12,1.0909090909090908
A/Santa_Catarina/333/2025_H3N2,2024-09-16,0.18181818181818182
A/Santa_Catarina/333/2025_H3N2,2024-09-17,0.09090909090909091
A/Santa_Catarina/333/2025_H3N2,2024-09-18,1.0
A/Santa_Catarina/333/2025_H3N2,2024-09-19,1.0
A/Santa_Catarina/333/2025_H3N2,2024-09-21,0.09090909090909091
A/Santa_Catarina/333/2025_H3N2,2024-09-22,1.0
A/Santa_Catarina/333/2025_H3N2,2024-09-23,1.1818181818181819
A/Santa_Catarina/333/2025_H3N2,2024-09-24,2.0
A/Santa_Catarina/333/2025_H3N2,2024-09-25,1.0
A/Santa_Catarina/333/2025_H3N2,2024-09-26,0.2727272727272727
A/Santa_Catarina/333/2025_H3N2,2024-09-27,0.18181818181818182
A/Santa_Catarina/333/2025_H3N2,2024-09-28,0.09090909090909091
A/Santa_Catarina/333/2025_H3N2,2024-09-29,0.09090909090909091
A/Santa_Catarina/333/2025_H3N2,2024-09-30,0.18181818181818182
A/Santa_Catarina/333/2025_H3N2,2024-10-03,0.09090909090909091
A/Santa_Catarina/333/2025_H3N2,2024-10-04,0.2727272727272727
A/Santa_Catarina/333/2025_H3N2,2024-10-06,1.0
A/Santa_Catarina/333/2025_H3N2,2024-10-07,2.1818181818181817
A/Santa_Catarina/333/2025_H3N2,2024-10-09,2.0
A/Santa_Catarina/333/2025_H3N2,2024-10-11,1.0
A/Santa_Catarina/333/2025_H3N2,2024-10-12,1.0
A/Santa_Catarina/333/2025_H3N2,2024-10-13,1.3333333333333333
A/Santa_Catarina/333/2025_H3N2,2024-10-14,1.1818181818181819
A/Santa_Catarina/333/2025_H3N2,2024-10-17,1.0909090909090908
A/Santa_Catarina/333/2025_H3N2,2024-10-18,0.09090909090909091
A/Santa_Catarina/333/2025_H3N2,2024-10-19,0.09090909090909091
A/Santa_Catarina/333/2025_H3N2,2024-10-20,1.0
A/Santa_Catarina/333/2025_H3N2,2024-10-21,2.0
A/Santa_Catarina/333/2025_H3N2,2024-10-22,0.09090909090909091
A/Santa_Catarina/333/2025_H3N2,2024-10-23,1.0
A/Santa_Catarina/333/2025_H3N2,2024-10-26,1.0
A/Santa_Catarina/333/2025_H3N2,2024-10-28,0.09090909090909091
A/Santa_Catarina/333/2025_H3N2,2024-10-31,0.09090909090909091
A/Santa_Catarina/333/2025_H3N2,2024-11-01,0.09090909090909091
A/Santa_Catarina/333/2025_H3N2,2024-11-02,0.18181818181818182
A/Santa_Catarina/333/2025_H3N2,2024-11-03,0.09090909090909091
A/Santa_Catarina/333/2025_H3N2,2024-11-04,0.09090909090909091
A/Santa_Catarina/333/2025_H3N2,2024-11-05,1.0
A/Santa_Catarina/333/2025_H3N2,2024-11-06,1.0
A/Santa_Catarina/333/2025_H3N2,2024-11-07,2.1818181818181817
A/Santa_Catarina/333/2025_H3N2,2024-11-09,0.09090909090909091
A/Santa_Catarina/333/2025_H3N2,2024-11-11,2.0
A/Santa_Catarina/333/2025_H3N2,2024-11-12,0.18181818181818182
A/Santa_Catarina/333/2025_H3N2,2024-11-13,0.09090909090909091
A/Santa_Catarina/333/2025_H3N2,2024-11-16,0.09090909090909091
A/Santa_Catarina/333/2025_H3N2,2024-11-17,0.09090909090909091
A/Santa_Catarina/333/2025_H3N2,2024-11-20,1.5909090909090908
A/Santa_Catarina/333/2025_H3N2,2024-11-21,1.0909090909090908
A/Santa_Catarina/333/2025_H3N2,2024-11-22,0.6818181818181819
A/Santa_Catarina/333/2025_H3N2,2024-11-29,0.09090909090909091
A/Santa_Catarina/333/2025_H3N2,2024-12-01,1.0
A/Santa_Catarina/333/2025_H3N2,2024-12-02,1.0
A/Santa_Catarina/333/2025_H3N2,2024-12-03,0.09090909090909091
A/Santa_Catarina/333/2025_H3N2,2024-12-04,2.0
A/Santa_Catarina/333/2025_H3N2,2024-12-09,2.0
A/Santa_Catarina/333/2025_H3N2,2024-12-10,1.0
A/Santa_Catarina/333/2025_H3N2,2024-12-11,0.09090909090909091
A/Santa_Catarina/333/2025_H3N2,2024-12-12,1.0
A/Santa_Catarina/333/2025_H3N2,2024-12-17,2.5
A/Santa_Catarina/333/2025_H3N2,2024-12-20,0.5909090909090909
A/Santa_Catarina/333/2025_H3N2,2024-12-23,0.18181818181818182
A/Santa_Catarina/333/2025_H3N2,2024-12-30,0.3333333333333333
A/Santa_Catarina/333/2025_H3N2,2025-01-02,1.0909090909090908
A/Santa_Catarina/333/2025_H3N2,2025-01-03,0.09090909090909091
A/Santa_Catarina/333/2025_H3N2,2025-01-05,2.0
A/Santa_Catarina/333/2025_H3N2,2025-01-06,1.0
A/Santa_Catarina/333/2025_H3N2,2025-01-08,0.09090909090909091
A/Santa_Catarina/333/2025_H3N2,2025-01-09,0.09090909090909091
A/Santa_Catarina/333/2025_H3N2,2025-01-10,1.0
A/Santa_Catarina/333/2025_H3N2,2025-01-13,0.5
A/Santa_Catarina/333/2025_H3N2,2025-01-14,1.0909090909090908
A/Santa_Catarina/333/2025_H3N2,2025-01-15,0.09090909090909091
A/Santa_Catarina/333/2025_H3N2,2025-01-17,0.09090909090909091
A/Santa_Catarina/333/2025_H3N2,2025-01-20,0.18181818181818182
A/Santa_Catarina/333/2025_H3N2,2025-01-21,0.5
A/Santa_Catarina/333/2025_H3N2,2025-01-24,0.09090909090909091
A/Santa_Catarina/333/2025_H3N2,2025-01-25,0.09090909090909091
A/Santa_Catarina/333/2025_H3N2,2025-01-27,1.0
A/Santa_Catarina/333/2025_H3N2,2025-01-28,1.0
A/Santa_Catarina/333/2025_H3N2,2025-01-29,1.3333333333333333
A/Santa_Catarina/333/2025_H3N2,2025-01-30,1.0
A/Santa_Catarina/333/2025_H3N2,2025-02-03,1.4242424242424243
A/Santa_Catarina/333/2025_H3N2,2025-02-06,1.0
A/Santa_Catarina/333/2025_H3N2,2025-02-09,1.0
A/Santa_Catarina/333/2025_H3N2,2025-02-10,0.18181818181818182
A/Santa_Catarina/333/2025_H3N2,2025-02-12,1.0909090909090908
A/Santa_Catarina/333/2025_H3N2,2025-02-22,1.0
A/Santa_Catarina/333/2025_H3N2,2025-02-24,1.0
A/Santa_Catarina/333/2025_H3N2,2025-02-26,1.0
A/Santa_Catarina/333/2025_H3N2,2025-03-01,1.0
A/Santa_Catarina/333/2025_H3N2,2025-03-03,1.0
A/Santa_Catarina/333/2025_H3N2,2025-03-04,0.09090909090909091
A/Santa_Catarina/333/2025_H3N2,2025-03-06,0.09090909090909091
A/Santa_Catarina/333/2025_H3N2,2025-03-11,1.5
A/Santa_Catarina/333/2025_H3N2,2025-03-14,2.0
A/Santa_Catarina/333/2025_H3N2,2025-03-17,2.0
A/Santa_Catarina/333/2025_H3N2,2025-03-18,1.0
A/Santa_Catarina/333/2025_H3N2,2025-03-24,1.0
A/Santa_Catarina/333/2025_H3N2,2025-03-25,1.0
A/Santa_Catarina/333/2025_H3N2,2025-03-29,0.09090909090909091
A/Santa_Catarina/333/2025_H3N2,2025-04-06,2.0
A/Santa_Catarina/333/2025_H3N2,2025-04-07,1.0
A/Santa_Catarina/333/2025_H3N2,2025-04-08,1.0
A/Santa_Catarina/333/2025_H3N2,2025-04-10,1.0
A/Santa_Catarina/333/2025_H3N2,2025-04-13,1.0
A/Santa_Catarina/333/2025_H3N2,2025-04-14,1.0
A/Santa_Catarina/333/2025_H3N2,2025-04-16,1.0
A/Santa_Catarina/333/2025_H3N2,2025-04-17,1.0
A/Santa_Catarina/333/2025_H3N2,2025-04-20,1.0
A/Santa_Catarina/333/2025_H3N2,2025-04-24,2.0
A/Santa_Catarina/333/2025_H3N2,2025-04-25,1.0
A/Santa_Catarina/333/2025_H3N2,2025-04-29,1.0
A/Santa_Catarina/333/2025_H3N2,2025-05-06,3.0
A/Santa_Catarina/333/2025_H3N2,2025-05-08,1.0
A/Santa_Catarina/333/2025_H3N2,2025-05-09,1.0
A/Santa_Catarina/333/2025_H3N2,2025-05-17,2.0
A/Santa_Catarina/333/2025_H3N2,2025-05-18,1.0
A/Santa_Catarina/333/2025_H3N2,2025-05-21,0.3333333333333333
A/Santa_Catarina/333/2025_H3N2,2025-05-31,1.0
A/Santa_Catarina/333/2025_H3N2,2025-06-01,1.0
A/Santa_Catarina/333/2025_H3N2,2025-06-04,0.09090909090909091
A/Santa_Catarina/333/2025_H3N2,2025-08-07,0.5
A/Sao_Paulo/358026766-IAL/2024_H3N2,2024-05-30,1.0
A/Sao_Paulo/358026766-IAL/2024_H3N2,2024-06-11,1.0
A/Sao_Paulo/358026766-IAL/2024_H3N2,2024-06-18,1.0
A/Sao_Paulo/358026766-IAL/2024_H3N2,2024-06-28,1.0
A/Sao_Paulo/358026766-IAL/2024_H3N2,2024-07-02,1.0
A/Sao_Paulo/358026766-IAL/2024_H3N2,2024-07-03,1.0
A/Sao_Paulo/358026766-IAL/2024_H3N2,2024-07-12,1.0
A/Sao_Paulo/358026766-IAL/2024_H3N2,2024-07-22,1.0
A/Sao_Paulo/358026766-IAL/2024_H3N2,2024-07-24,1.0
A/Sao_Paulo/358026766-IAL/2024_H3N2,2024-08-13,1.0
A/Sao_Paulo/358026766-IAL/2024_H3N2,2024-11-05,1.0
A/Sao_Paulo/358026766-IAL/2024_H3N2,2024-11-09,1.0
A/Sao_Paulo/358026766-IAL/2024_H3N2,2024-11-11,1.0
A/Sao_Paulo/358026766-IAL/2024_H3N2,2024-11-12,1.0
A/Sao_Paulo/358026766-IAL/2024_H3N2,2024-11-18,1.0
A/Sao_Paulo/358026766-IAL/2024_H3N2,2024-11-30,0.5
A/Sao_Paulo/358026766-IAL/2024_H3N2,2024-12-06,1.0
A/Sao_Paulo/358026766-IAL/2024_H3N2,2024-12-09,1.0
A/Sao_Paulo/358026766-IAL/2024_H3N2,2024-12-17,1.0
A/Sao_Paulo/358026766-IAL/2024_H3N2,2025-01-09,1.0
A/Sao_Paulo/358026766-IAL/2024_H3N2,2025-01-12,1.0
A/Sao_Paulo/358026766-IAL/2024_H3N2,2025-02-13,1.0
A/Sao_Paulo/358026766-IAL/2024_H3N2,2025-02-28,1.0
A/Sao_Paulo/358026766-IAL/2024_H3N2,2025-04-20,1.0
A/Sao_Paulo/358026766-IAL/2024_H3N2,2025-04-29,1.0
A/Sao_Paulo/358026766-IAL/2024_H3N2,2025-05-20,1.0
A/Sao_Paulo/358026766-IAL/2024_H3N2,2025-06-02,1.0
A/Sao_Paulo/358026766-IAL/2024_H3N2,2025-06-04,1.0
A/Sao_Paulo/358026766-IAL/2024_H3N2,2025-06-07,1.0
A/Sao_Paulo/358026766-IAL/2024_H3N2,2025-06-08,1.0
A/Sao_Paulo/358026766-IAL/2024_H3N2,2025-06-16,1.0
A/Saskatchewan/RV04835/2024_H3N2,2024-05-22,1.0
A/Saskatchewan/RV04835/2024_H3N2,2024-06-17,1.0
A/Saskatchewan/RV04835/2024_H3N2,2024-07-10,2.0
A/Saskatchewan/RV04835/2024_H3N2,2024-07-15,1.0
A/Saskatchewan/RV04835/2024_H3N2,2024-07-17,1.0
A/Saskatchewan/RV04835/2024_H3N2,2024-07-23,1.0
A/Saskatchewan/RV04835/2024_H3N2,2024-07-24,1.0
A/Saskatchewan/RV04835/2024_H3N2,2024-07-30,2.0
A/Saskatchewan/RV04835/2024_H3N2,2024-08-01,1.0
A/Saskatchewan/RV04835/2024_H3N2,2024-08-02,1.0
A/Saskatchewan/RV04835/2024_H3N2,2024-08-03,1.0
A/Saskatchewan/RV04835/2024_H3N2,2024-08-04,1.0
A/Saskatchewan/RV04835/2024_H3N2,2024-08-05,2.0
A/Saskatchewan/RV04835/2024_H3N2,2024-08-06,1.0
A/Saskatchewan/RV04835/2024_H3N2,2024-08-07,1.0
A/Saskatchewan/RV04835/2024_H3N2,2024-08-09,2.0
A/Saskatchewan/RV04835/2024_H3N2,2024-08-12,1.0
A/Saskatchewan/RV04835/2024_H3N2,2024-08-13,1.0
A/Saskatchewan/RV04835/2024_H3N2,2024-08-14,1.0
A/Saskatchewan/RV04835/2024_H3N2,2024-08-15,2.0
A/Saskatchewan/RV04835/2024_H3N2,2024-08-19,1.0
A/Saskatchewan/RV04835/2024_H3N2,2024-08-20,1.0
A/Saskatchewan/RV04835/2024_H3N2,2024-08-23,1.0
A/Saskatchewan/RV04835/2024_H3N2,2024-08-24,1.0
A/Saskatchewan/RV04835/2024_H3N2,2024-08-25,3.0
A/Saskatchewan/RV04835/2024_H3N2,2024-08-26,1.0
A/Saskatchewan/RV04835/2024_H3N2,2024-08-28,2.0
A/Saskatchewan/RV04835/2024_H3N2,2024-08-29,1.0
A/Saskatchewan/RV04835/2024_H3N2,2024-08-30,2.0
A/Saskatchewan/RV04835/2024_H3N2,2024-09-03,1.0
A/Saskatchewan/RV04835/2024_H3N2,2024-09-04,2.0
A/Saskatchewan/RV04835/2024_H3N2,2024-09-10,2.0
A/Saskatchewan/RV04835/2024_H3N2,2024-09-11,2.0
A/Saskatchewan/RV04835/2024_H3N2,2024-09-12,2.0
A/Saskatchewan/RV04835/2024_H3N2,2024-09-14,1.0
A/Saskatchewan/RV04835/2024_H3N2,2024-09-15,1.0
A/Saskatchewan/RV04835/2024_H3N2,2024-09-20,1.0
A/Saskatchewan/RV04835/2024_H3N2,2024-09-22,1.0
A/Saskatchewan/RV04835/2024_H3N2,2024-09-24,1.0
A/Saskatchewan/RV04835/2024_H3N2,2024-09-29,1.0
A/Saskatchewan/RV04835/2024_H3N2,2024-10-02,1.0
A/Saskatchewan/RV04835/2024_H3N2,2024-10-03,2.0
A/Saskatchewan/RV04835/2024_H3N2,2024-10-07,1.0
A/Saskatchewan/RV04835/2024_H3N2,2024-10-09,1.0
A/Saskatchewan/RV04835/2024_H3N2,2024-10-14,2.0
A/Saskatchewan/RV04835/2024_H3N2,2024-10-18,1.0
A/Saskatchewan/RV04835/2024_H3N2,2024-10-23,1.0
A/Saskatchewan/RV04835/2024_H3N2,2024-10-24,1.0
A/Saskatchewan/RV04835/2024_H3N2,2024-10-25,2.0
A/Saskatchewan/RV04835/2024_H3N2,2024-10-28,1.0
A/Saskatchewan/RV04835/2024_H3N2,2024-10-30,1.0
A/Saskatchewan/RV04835/2024_H3N2,2024-11-04,1.0
A/Saskatchewan/RV04835/2024_H3N2,2024-11-11,1.0
A/Saskatchewan/RV04835/2024_H3N2,2024-11-15,1.0
A/Saskatchewan/RV04835/2024_H3N2,2024-12-02,1.0
A/Saskatchewan/RV04835/2024_H3N2,2024-12-30,1.0
A/Saskatchewan/RV04835/2024_H3N2,2025-01-31,1.0
A/Slovenia/49/2024_H3N2,2024-04-28,0.8181818181818182
A/Slovenia/49/2024_H3N2,2024-04-29,0.9090909090909092
A/Slovenia/49/2024_H3N2,2024-04-30,0.7272727272727273
A/Slovenia/49/2024_H3N2,2024-05-01,1.6363636363636365
A/Slovenia/49/2024_H3N2,2024-05-02,0.4545454545454546
A/Slovenia/49/2024_H3N2,2024-05-03,0.8181818181818182
A/Slovenia/49/2024_H3N2,2024-05-04,0.7272727272727273
A/Slovenia/49/2024_H3N2,2024-05-05,0.7272727272727273
A/Slovenia/49/2024_H3N2,2024-05-06,3.5454545454545454
A/Slovenia/49/2024_H3N2,2024-05-07,1.1818181818181819
A/Slovenia/49/2024_H3N2,2024-05-08,0.9090909090909092
A/Slovenia/49/2024_H3N2,2024-05-09,2.3636363636363633
A/Slovenia/49/2024_H3N2,2024-05-10,0.6363636363636364
A/Slovenia/49/2024_H3N2,2024-05-11,1.5454545454545454
A/Slovenia/49/2024_H3N2,2024-05-12,1.2727272727272727
A/Slovenia/49/2024_H3N2,2024-05-13,0.9090909090909092
A/Slovenia/49/2024_H3N2,2024-05-14,0.9090909090909092
A/Slovenia/49/2024_H3N2,2024-05-15,3.090909090909091
A/Slovenia/49/2024_H3N2,2024-05-16,0.8181818181818182
A/Slovenia/49/2024_H3N2,2024-05-17,0.5454545454545454
A/Slovenia/49/2024_H3N2,2024-05-18,1.8181818181818181
A/Slovenia/49/2024_H3N2,2024-05-19,1.5454545454545454
A/Slovenia/49/2024_H3N2,2024-05-20,2.590909090909091
A/Slovenia/49/2024_H3N2,2024-05-21,1.4545454545454546
A/Slovenia/49/2024_H3N2,2024-05-22,2.090909090909091
A/Slovenia/49/2024_H3N2,2024-05-23,1.0909090909090908
A/Slovenia/49/2024_H3N2,2024-05-24,0.7272727272727273
A/Slovenia/49/2024_H3N2,2024-05-25,0.2727272727272727
A/Slovenia/49/2024_H3N2,2024-05-26,0.18181818181818182
A/Slovenia/49/2024_H3N2,2024-05-27,0.9090909090909092
A/Slovenia/49/2024_H3N2,2024-05-28,0.2727272727272727
A/Slovenia/49/2024_H3N2,2024-05-29,0.5454545454545454
A/Slovenia/49/2024_H3N2,2024-05-30,0.2727272727272727
A/Slovenia/49/2024_H3N2,2024-05-31,0.4545454545454546
A/Slovenia/49/2024_H3N2,2024-06-01,0.18181818181818182
A/Slovenia/49/2024_H3N2,2024-06-02,1.3636363636363638
A/Slovenia/49/2024_H3N2,2024-06-03,0.5454545454545454
A/Slovenia/49/2024_H3N2,2024-06-04,5.454545454545455
A/Slovenia/49/2024_H3N2,2024-06-05,0.6363636363636364
A/Slovenia/49/2024_H3N2,2024-06-06,0.09090909090909091
A/Slovenia/49/2024_H3N2,2024-06-08,0.18181818181818182
A/Slovenia/49/2024_H3N2,2024-06-09,0.18181818181818182
A/Slovenia/49/2024_H3N2,2024-06-10,0.4545454545454546
A/Slovenia/49/2024_H3N2,2024-06-11,0.4545454545454546
A/Slovenia/49/2024_H3N2,2024-06-12,0.9848484848484849
A/Slovenia/49/2024_H3N2,2024-06-13,0.09090909090909091
A/Slovenia/49/2024_H3N2,2024-06-14,0.36363636363636365
A/Slovenia/49/2024_H3N2,2024-06-15,0.18181818181818182
A/Slovenia/49/2024_H3N2,2024-06-16,1.2727272727272727
A/Slovenia/49/2024_H3N2,2024-06-17,0.5454545454545454
A/Slovenia/49/2024_H3N2,2024-06-18,0.36363636363636365
A/Slovenia/49/2024_H3N2,2024-06-19,1.4545454545454546
A/Slovenia/49/2024_H3N2,2024-06-20,0.36363636363636365
A/Slovenia/49/2024_H3N2,2024-06-22,0.09090909090909091
A/Slovenia/49/2024_H3N2,2024-06-24,0.8181818181818182
A/Slovenia/49/2024_H3N2,2024-06-25,0.36363636363636365
A/Slovenia/49/2024_H3N2,2024-06-26,0.2727272727272727
A/Slovenia/49/2024_H3N2,2024-06-27,1.3636363636363635
A/Slovenia/49/2024_H3N2,2024-06-28,0.4545454545454546
A/Slovenia/49/2024_H3N2,2024-06-29,1.0
A/Slovenia/49/2024_H3N2,2024-06-30,0.2727272727272727
A/Slovenia/49/2024_H3N2,2024-07-01,0.36363636363636365
A/Slovenia/49/2024_H3N2,2024-07-02,0.18181818181818182
A/Slovenia/49/2024_H3N2,2024-07-03,2.090909090909091
A/Slovenia/49/2024_H3N2,2024-07-05,0.2727272727272727
A/Slovenia/49/2024_H3N2,2024-07-06,1.0
A/Slovenia/49/2024_H3N2,2024-07-07,0.09090909090909091
A/Slovenia/49/2024_H3N2,2024-07-08,0.09090909090909091
A/Slovenia/49/2024_H3N2,2024-07-09,0.36363636363636365
A/Slovenia/49/2024_H3N2,2024-07-10,0.2727272727272727
A/Slovenia/49/2024_H3N2,2024-07-11,0.18181818181818182
A/Slovenia/49/2024_H3N2,2024-07-12,0.18181818181818182
A/Slovenia/49/2024_H3N2,2024-07-13,0.09090909090909091
A/Slovenia/49/2024_H3N2,2024-07-14,1.0909090909090908
A/Slovenia/49/2024_H3N2,2024-07-15,0.2727272727272727
A/Slovenia/49/2024_H3N2,2024-07-16,0.36363636363636365
A/Slovenia/49/2024_H3N2,2024-07-17,0.6363636363636364
A/Slovenia/49/2024_H3N2,2024-07-18,0.36363636363636365
A/Slovenia/49/2024_H3N2,2024-07-19,0.09090909090909091
A/Slovenia/49/2024_H3N2,2024-07-22,0.2727272727272727
A/Slovenia/49/2024_H3N2,2024-07-23,0.18181818181818182
A/Slovenia/49/2024_H3N2,2024-07-26,0.18181818181818182
A/Slovenia/49/2024_H3N2,2024-07-28,0.09090909090909091
A/Slovenia/49/2024_H3N2,2024-07-29,0.09090909090909091
A/Slovenia/49/2024_H3N2,2024-07-30,0.09090909090909091
A/Slovenia/49/2024_H3N2,2024-07-31,0.18181818181818182
A/Slovenia/49/2024_H3N2,2024-08-01,0.09090909090909091
A/Slovenia/49/2024_H3N2,2024-08-02,0.2727272727272727
A/Slovenia/49/2024_H3N2,2024-08-03,0.18181818181818182
A/Slovenia/49/2024_H3N2,2024-08-05,0.2727272727272727
A/Slovenia/49/2024_H3N2,2024-08-06,0.18181818181818182
A/Slovenia/49/2024_H3N2,2024-08-07,0.18181818181818182
A/Slovenia/49/2024_H3N2,2024-08-10,0.18181818181818182
A/Slovenia/49/2024_H3N2,2024-08-11,0.09090909090909091
A/Slovenia/49/2024_H3N2,2024-08-12,0.18181818181818182
A/Slovenia/49/2024_H3N2,2024-08-15,1.0
A/Slovenia/49/2024_H3N2,2024-08-16,0.09090909090909091
A/Slovenia/49/2024_H3N2,2024-08-17,0.09090909090909091
A/Slovenia/49/2024_H3N2,2024-08-20,0.09090909090909091
A/Slovenia/49/2024_H3N2,2024-08-21,0.2727272727272727
A/Slovenia/49/2024_H3N2,2024-08-22,0.18181818181818182
A/Slovenia/49/2024_H3N2,2024-08-23,0.09090909090909091
A/Slovenia/49/2024_H3N2,2024-08-25,0.09090909090909091
A/Slovenia/49/2024_H3N2,2024-08-26,0.09090909090909091
A/Slovenia/49/2024_H3N2,2024-08-27,0.09090909090909091
A/Slovenia/49/2024_H3N2,2024-08-29,1.0909090909090908
A/Slovenia/49/2024_H3N2,2024-08-31,1.0909090909090908
A/Slovenia/49/2024_H3N2,2024-09-04,0.18181818181818182
A/Slovenia/49/2024_H3N2,2024-09-09,0.36363636363636365
A/Slovenia/49/2024_H3N2,2024-09-12,0.09090909090909091
A/Slovenia/49/2024_H3N2,2024-09-16,0.18181818181818182
A/Slovenia/49/2024_H3N2,2024-09-17,0.09090909090909091
A/Slovenia/49/2024_H3N2,2024-09-21,0.09090909090909091
A/Slovenia/49/2024_H3N2,2024-09-23,0.18181818181818182
A/Slovenia/49/2024_H3N2,2024-09-26,0.2727272727272727
A/Slovenia/49/2024_H3N2,2024-09-27,0.18181818181818182
A/Slovenia/49/2024_H3N2,2024-09-28,0.09090909090909091
A/Slovenia/49/2024_H3N2,2024-09-29,0.09090909090909091
A/Slovenia/49/2024_H3N2,2024-09-30,0.18181818181818182
A/Slovenia/49/2024_H3N2,2024-10-03,0.09090909090909091
A/Slovenia/49/2024_H3N2,2024-10-04,0.2727272727272727
A/Slovenia/49/2024_H3N2,2024-10-07,0.18181818181818182
A/Slovenia/49/2024_H3N2,2024-10-14,0.18181818181818182
A/Slovenia/49/2024_H3N2,2024-10-17,0.09090909090909091
A/Slovenia/49/2024_H3N2,2024-10-18,0.09090909090909091
A/Slovenia/49/2024_H3N2,2024-10-19,0.09090909090909091
A/Slovenia/49/2024_H3N2,2024-10-22,0.09090909090909091
A/Slovenia/49/2024_H3N2,2024-10-28,0.09090909090909091
A/Slovenia/49/2024_H3N2,2024-10-31,0.09090909090909091
A/Slovenia/49/2024_H3N2,2024-11-01,0.09090909090909091
A/Slovenia/49/2024_H3N2,2024-11-02,0.18181818181818182
A/Slovenia/49/2024_H3N2,2024-11-03,0.09090909090909091
A/Slovenia/49/2024_H3N2,2024-11-04,0.09090909090909091
A/Slovenia/49/2024_H3N2,2024-11-05,0.16666666666666666
A/Slovenia/49/2024_H3N2,2024-11-07,0.18181818181818182
A/Slovenia/49/2024_H3N2,2024-11-09,0.09090909090909091
A/Slovenia/49/2024_H3N2,2024-11-12,0.18181818181818182
A/Slovenia/49/2024_H3N2,2024-11-13,0.09090909090909091
A/Slovenia/49/2024_H3N2,2024-11-16,0.09090909090909091
A/Slovenia/49/2024_H3N2,2024-11-17,0.09090909090909091
A/Slovenia/49/2024_H3N2,2024-11-20,0.09090909090909091
A/Slovenia/49/2024_H3N2,2024-11-21,0.09090909090909091
A/Slovenia/49/2024_H3N2,2024-11-22,0.18181818181818182
A/Slovenia/49/2024_H3N2,2024-11-29,0.09090909090909091
A/Slovenia/49/2024_H3N2,2024-12-03,0.09090909090909091
A/Slovenia/49/2024_H3N2,2024-12-11,0.09090909090909091
A/Slovenia/49/2024_H3N2,2024-12-20,0.09090909090909091
A/Slovenia/49/2024_H3N2,2024-12-21,0.5
A/Slovenia/49/2024_H3N2,2024-12-23,0.18181818181818182
A/Slovenia/49/2024_H3N2,2024-12-26,0.5
A/Slovenia/49/2024_H3N2,2024-12-29,0.16666666666666666
A/Slovenia/49/2024_H3N2,2025-01-02,0.4242424242424242
A/Slovenia/49/2024_H3N2,2025-01-03,0.09090909090909091
A/Slovenia/49/2024_H3N2,2025-01-08,0.09090909090909091
A/Slovenia/49/2024_H3N2,2025-01-09,0.09090909090909091
A/Slovenia/49/2024_H3N2,2025-01-14,0.09090909090909091
A/Slovenia/49/2024_H3N2,2025-01-15,0.25757575757575757
A/Slovenia/49/2024_H3N2,2025-01-17,0.09090909090909091
A/Slovenia/49/2024_H3N2,2025-01-20,0.18181818181818182
A/Slovenia/49/2024_H3N2,2025-01-24,0.09090909090909091
A/Slovenia/49/2024_H3N2,2025-01-25,0.09090909090909091
A/Slovenia/49/2024_H3N2,2025-02-03,0.25757575757575757
A/Slovenia/49/2024_H3N2,2025-02-10,0.18181818181818182
A/Slovenia/49/2024_H3N2,2025-02-11,0.16666666666666666
A/Slovenia/49/2024_H3N2,2025-02-12,0.09090909090909091
A/Slovenia/49/2024_H3N2,2025-02-20,0.5
A/Slovenia/49/2024_H3N2,2025-03-02,0.16666666666666666
A/Slovenia/49/2024_H3N2,2025-03-04,0.09090909090909091
A/Slovenia/49/2024_H3N2,2025-03-06,0.09090909090909091
A/Slovenia/49/2024_H3N2,2025-03-26,0.16666666666666666
A/Slovenia/49/2024_H3N2,2025-03-29,0.09090909090909091
A/Slovenia/49/2024_H3N2,2025-06-04,0.09090909090909091
A/Slovenia/49/2024_H3N2,2025-06-18,1.0
A/Slovenia/49/2024_H3N2,2025-06-23,1.0
A/Switzerland/860423897313/2023_H3N2,2024-11-20,1.0
A/Switzerland/860423897313/2023_H3N2,2024-11-21,1.0
A/Switzerland/860423897313/2023_H3N2,2024-11-28,1.0
A/Switzerland/860423897313/2023_H3N2,2024-12-03,1.0
A/Switzerland/860423897313/2023_H3N2,2024-12-04,2.0
A/Switzerland/860423897313/2023_H3N2,2024-12-09,1.0
A/Switzerland/860423897313/2023_H3N2,2024-12-13,1.0
A/Switzerland/860423897313/2023_H3N2,2024-12-19,1.0
A/Switzerland/860423897313/2023_H3N2,2024-12-23,2.0
A/Switzerland/860423897313/2023_H3N2,2024-12-26,3.0
A/Switzerland/860423897313/2023_H3N2,2024-12-27,1.0
A/Switzerland/860423897313/2023_H3N2,2024-12-30,2.0
A/Switzerland/860423897313/2023_H3N2,2024-12-31,5.0
A/Switzerland/860423897313/2023_H3N2,2025-01-01,1.0
A/Switzerland/860423897313/2023_H3N2,2025-01-02,4.0
A/Switzerland/860423897313/2023_H3N2,2025-01-03,1.0
A/Switzerland/860423897313/2023_H3N2,2025-01-04,2.0
A/Switzerland/860423897313/2023_H3N2,2025-01-05,2.0
A/Switzerland/860423897313/2023_H3N2,2025-01-06,3.0
A/Switzerland/860423897313/2023_H3N2,2025-01-07,3.0
A/Switzerland/860423897313/2023_H3N2,2025-01-08,5.0
A/Switzerland/860423897313/2023_H3N2,2025-01-09,1.0
A/Switzerland/860423897313/2023_H3N2,2025-01-10,4.0
A/Switzerland/860423897313/2023_H3N2,2025-01-11,2.0
A/Switzerland/860423897313/2023_H3N2,2025-01-12,1.0
A/Switzerland/860423897313/2023_H3N2,2025-01-13,2.0
A/Switzerland/860423897313/2023_H3N2,2025-01-14,5.0
A/Switzerland/860423897313/2023_H3N2,2025-01-15,2.0
A/Switzerland/860423897313/2023_H3N2,2025-01-16,9.0
A/Switzerland/860423897313/2023_H3N2,2025-01-17,6.0
A/Switzerland/860423897313/2023_H3N2,2025-01-18,3.0
A/Switzerland/860423897313/2023_H3N2,2025-01-19,1.0
A/Switzerland/860423897313/2023_H3N2,2025-01-20,6.0
A/Switzerland/860423897313/2023_H3N2,2025-01-21,7.0
A/Switzerland/860423897313/2023_H3N2,2025-01-22,7.0
A/Switzerland/860423897313/2023_H3N2,2025-01-23,3.0
A/Switzerland/860423897313/2023_H3N2,2025-01-24,5.0
A/Switzerland/860423897313/2023_H3N2,2025-01-25,1.0
A/Switzerland/860423897313/2023_H3N2,2025-01-26,1.0
A/Switzerland/860423897313/2023_H3N2,2025-01-27,5.0
A/Switzerland/860423897313/2023_H3N2,2025-01-28,16.0
A/Switzerland/860423897313/2023_H3N2,2025-01-29,10.0
A/Switzerland/860423897313/2023_H3N2,2025-01-30,8.0
A/Switzerland/860423897313/2023_H3N2,2025-01-31,4.0
A/Switzerland/860423897313/2023_H3N2,2025-02-01,7.0
A/Switzerland/860423897313/2023_H3N2,2025-02-02,2.0
A/Switzerland/860423897313/2023_H3N2,2025-02-03,12.0
A/Switzerland/860423897313/2023_H3N2,2025-02-04,14.0
A/Switzerland/860423897313/2023_H3N2,2025-02-05,10.0
A/Switzerland/860423897313/2023_H3N2,2025-02-06,10.0
A/Switzerland/860423897313/2023_H3N2,2025-02-07,11.0
A/Switzerland/860423897313/2023_H3N2,2025-02-08,3.0
A/Switzerland/860423897313/2023_H3N2,2025-02-09,7.0
A/Switzerland/860423897313/2023_H3N2,2025-02-10,11.0
A/Switzerland/860423897313/2023_H3N2,2025-02-11,6.0
A/Switzerland/860423897313/2023_H3N2,2025-02-12,12.0
A/Switzerland/860423897313/2023_H3N2,2025-02-13,17.0
A/Switzerland/860423897313/2023_H3N2,2025-02-14,3.0
A/Switzerland/860423897313/2023_H3N2,2025-02-15,2.0
A/Switzerland/860423897313/2023_H3N2,2025-02-16,8.0
A/Switzerland/860423897313/2023_H3N2,2025-02-17,15.0
A/Switzerland/860423897313/2023_H3N2,2025-02-18,16.5
A/Switzerland/860423897313/2023_H3N2,2025-02-19,10.0
A/Switzerland/860423897313/2023_H3N2,2025-02-20,10.0
A/Switzerland/860423897313/2023_H3N2,2025-02-21,13.0
A/Switzerland/860423897313/2023_H3N2,2025-02-22,8.0
A/Switzerland/860423897313/2023_H3N2,2025-02-23,2.0
A/Switzerland/860423897313/2023_H3N2,2025-02-24,16.0
A/Switzerland/860423897313/2023_H3N2,2025-02-25,11.0
A/Switzerland/860423897313/2023_H3N2,2025-02-26,16.5
A/Switzerland/860423897313/2023_H3N2,2025-02-27,13.0
A/Switzerland/860423897313/2023_H3N2,2025-02-28,11.0
A/Switzerland/860423897313/2023_H3N2,2025-03-01,7.0
A/Switzerland/860423897313/2023_H3N2,2025-03-02,8.0
A/Switzerland/860423897313/2023_H3N2,2025-03-03,10.0
A/Switzerland/860423897313/2023_H3N2,2025-03-04,18.0
A/Switzerland/860423897313/2023_H3N2,2025-03-05,13.0
A/Switzerland/860423897313/2023_H3N2,2025-03-06,11.5
A/Switzerland/860423897313/2023_H3N2,2025-03-07,9.0
A/Switzerland/860423897313/2023_H3N2,2025-03-08,5.0
A/Switzerland/860423897313/2023_H3N2,2025-03-09,10.0
A/Switzerland/860423897313/2023_H3N2,2025-03-10,11.0
A/Switzerland/860423897313/2023_H3N2,2025-03-11,9.0
A/Switzerland/860423897313/2023_H3N2,2025-03-12,13.0
A/Switzerland/860423897313/2023_H3N2,2025-03-13,10.0
A/Switzerland/860423897313/2023_H3N2,2025-03-14,7.0
A/Switzerland/860423897313/2023_H3N2,2025-03-15,6.0
A/Switzerland/860423897313/2023_H3N2,2025-03-16,1.0
A/Switzerland/860423897313/2023_H3N2,2025-03-17,7.0
A/Switzerland/860423897313/2023_H3N2,2025-03-18,12.0
A/Switzerland/860423897313/2023_H3N2,2025-03-19,11.0
A/Switzerland/860423897313/2023_H3N2,2025-03-20,4.0
A/Switzerland/860423897313/2023_H3N2,2025-03-21,4.0
A/Switzerland/860423897313/2023_H3N2,2025-03-22,5.0
A/Switzerland/860423897313/2023_H3N2,2025-03-23,3.0
A/Switzerland/860423897313/2023_H3N2,2025-03-24,12.0
A/Switzerland/860423897313/2023_H3N2,2025-03-25,12.0
A/Switzerland/860423897313/2023_H3N2,2025-03-26,6.0
A/Switzerland/860423897313/2023_H3N2,2025-03-27,6.0
A/Switzerland/860423897313/2023_H3N2,2025-03-28,6.0
A/Switzerland/860423897313/2023_H3N2,2025-03-29,3.0
A/Switzerland/860423897313/2023_H3N2,2025-03-30,4.0
A/Switzerland/860423897313/2023_H3N2,2025-03-31,15.0
A/Switzerland/860423897313/2023_H3N2,2025-04-01,7.0
A/Switzerland/860423897313/2023_H3N2,2025-04-02,9.0
A/Switzerland/860423897313/2023_H3N2,2025-04-03,5.0
A/Switzerland/860423897313/2023_H3N2,2025-04-04,6.0
A/Switzerland/860423897313/2023_H3N2,2025-04-05,2.0
A/Switzerland/860423897313/2023_H3N2,2025-04-06,1.0
A/Switzerland/860423897313/2023_H3N2,2025-04-07,8.0
A/Switzerland/860423897313/2023_H3N2,2025-04-08,13.0
A/Switzerland/860423897313/2023_H3N2,2025-04-09,10.0
A/Switzerland/860423897313/2023_H3N2,2025-04-10,11.0
A/Switzerland/860423897313/2023_H3N2,2025-04-11,14.0
A/Switzerland/860423897313/2023_H3N2,2025-04-12,3.0
A/Switzerland/860423897313/2023_H3N2,2025-04-13,4.0
A/Switzerland/860423897313/2023_H3N2,2025-04-14,5.0
A/Switzerland/860423897313/2023_H3N2,2025-04-15,2.0
A/Switzerland/860423897313/2023_H3N2,2025-04-16,4.0
A/Switzerland/860423897313/2023_H3N2,2025-04-17,9.0
A/Switzerland/860423897313/2023_H3N2,2025-04-18,1.0
A/Switzerland/860423897313/2023_H3N2,2025-04-19,2.0
A/Switzerland/860423897313/2023_H3N2,2025-04-20,3.0
A/Switzerland/860423897313/2023_H3N2,2025-04-21,2.0
A/Switzerland/860423897313/2023_H3N2,2025-04-22,3.0
A/Switzerland/860423897313/2023_H3N2,2025-04-23,6.0
A/Switzerland/860423897313/2023_H3N2,2025-04-24,6.0
A/Switzerland/860423897313/2023_H3N2,2025-04-25,4.0
A/Switzerland/860423897313/2023_H3N2,2025-04-26,3.0
A/Switzerland/860423897313/2023_H3N2,2025-04-27,3.0
A/Switzerland/860423897313/2023_H3N2,2025-04-28,2.0
A/Switzerland/860423897313/2023_H3N2,2025-04-29,2.0
A/Switzerland/860423897313/2023_H3N2,2025-04-30,2.0
A/Switzerland/860423897313/2023_H3N2,2025-05-02,2.0
A/Switzerland/860423897313/2023_H3N2,2025-05-04,2.0
A/Switzerland/860423897313/2023_H3N2,2025-05-05,3.0
A/Switzerland/860423897313/2023_H3N2,2025-05-06,3.0
A/Switzerland/860423897313/2023_H3N2,2025-05-07,2.0
A/Switzerland/860423897313/2023_H3N2,2025-05-08,1.0
A/Switzerland/860423897313/2023_H3N2,2025-05-09,1.0
A/Switzerland/860423897313/2023_H3N2,2025-05-10,1.0
A/Switzerland/860423897313/2023_H3N2,2025-05-12,4.0
A/Switzerland/860423897313/2023_H3N2,2025-05-13,1.0
A/Switzerland/860423897313/2023_H3N2,2025-05-15,3.0
A/Switzerland/860423897313/2023_H3N2,2025-05-17,2.0
A/Switzerland/860423897313/2023_H3N2,2025-05-19,3.0
A/Switzerland/860423897313/2023_H3N2,2025-05-20,1.0
A/Switzerland/860423897313/2023_H3N2,2025-05-23,2.0
A/Switzerland/860423897313/2023_H3N2,2025-05-25,1.0
A/Switzerland/860423897313/2023_H3N2,2025-05-27,1.0
A/Switzerland/860423897313/2023_H3N2,2025-05-28,1.0
A/Switzerland/860423897313/2023_H3N2,2025-05-30,3.0
A/Switzerland/860423897313/2023_H3N2,2025-06-02,1.0
A/Switzerland/860423897313/2023_H3N2,2025-06-04,1.0
A/Switzerland/860423897313/2023_H3N2,2025-06-05,1.0
A/Switzerland/860423897313/2023_H3N2,2025-06-06,2.0
A/Switzerland/860423897313/2023_H3N2,2025-06-09,4.0
A/Switzerland/860423897313/2023_H3N2,2025-06-10,2.0
A/Switzerland/860423897313/2023_H3N2,2025-06-11,3.0
A/Switzerland/860423897313/2023_H3N2,2025-06-18,2.0
A/Switzerland/860423897313/2023_H3N2,2025-06-20,1.0
A/Switzerland/860423897313/2023_H3N2,2025-06-23,1.0
A/Switzerland/860423897313/2023_H3N2,2025-07-01,2.0
A/Switzerland/860423897313/2023_H3N2,2025-07-06,1.0
A/Switzerland/860423897313/2023_H3N2,2025-07-17,1.0
A/Switzerland/860423897313/2023_H3N2,2025-07-18,1.0
A/Switzerland/860423897313/2023_H3N2,2025-07-22,1.0
A/Switzerland/860423897313/2023_H3N2,2025-07-23,1.0
A/Switzerland/860423897313/2023_H3N2,2025-07-29,1.0
A/Switzerland/860423897313/2023_H3N2,2025-07-30,1.0
A/Switzerland/860423897313/2023_H3N2,2025-08-08,1.0
A/Sydney/43/2025_H3N2,2024-04-30,1.0
A/Sydney/43/2025_H3N2,2024-05-04,1.0
A/Sydney/43/2025_H3N2,2024-05-07,1.0
A/Sydney/43/2025_H3N2,2024-05-08,1.0
A/Sydney/43/2025_H3N2,2024-05-10,3.0
A/Sydney/43/2025_H3N2,2024-05-11,2.0
A/Sydney/43/2025_H3N2,2024-05-12,1.0
A/Sydney/43/2025_H3N2,2024-05-13,1.0
A/Sydney/43/2025_H3N2,2024-05-17,2.0
A/Sydney/43/2025_H3N2,2024-05-19,2.0
A/Sydney/43/2025_H3N2,2024-05-20,1.0
A/Sydney/43/2025_H3N2,2024-05-21,1.0
A/Sydney/43/2025_H3N2,2024-05-22,1.0
A/Sydney/43/2025_H3N2,2024-05-24,2.0
A/Sydney/43/2025_H3N2,2024-05-25,1.0
A/Sydney/43/2025_H3N2,2024-05-27,2.0
A/Sydney/43/2025_H3N2,2024-05-29,3.0
A/Sydney/43/2025_H3N2,2024-05-30,2.0
A/Sydney/43/2025_H3N2,2024-06-02,2.0
A/Sydney/43/2025_H3N2,2024-06-04,4.0
A/Sydney/43/2025_H3N2,2024-06-06,3.0
A/Sydney/43/2025_H3N2,2024-06-07,3.0
A/Sydney/43/2025_H3N2,2024-06-10,5.0
A/Sydney/43/2025_H3N2,2024-06-11,2.0
A/Sydney/43/2025_H3N2,2024-06-13,1.0
A/Sydney/43/2025_H3N2,2024-06-14,2.0
A/Sydney/43/2025_H3N2,2024-06-15,1.0
A/Sydney/43/2025_H3N2,2024-06-17,3.0
A/Sydney/43/2025_H3N2,2024-06-20,2.0
A/Sydney/43/2025_H3N2,2024-06-21,1.0
A/Sydney/43/2025_H3N2,2024-06-22,3.0
A/Sydney/43/2025_H3N2,2024-06-24,7.0
A/Sydney/43/2025_H3N2,2024-06-25,1.0
A/Sydney/43/2025_H3N2,2024-06-26,2.0
A/Sydney/43/2025_H3N2,2024-06-27,4.0
A/Sydney/43/2025_H3N2,2024-06-28,3.0
A/Sydney/43/2025_H3N2,2024-06-29,1.0
A/Sydney/43/2025_H3N2,2024-06-30,1.0
A/Sydney/43/2025_H3N2,2024-07-01,3.0
A/Sydney/43/2025_H3N2,2024-07-02,6.0
A/Sydney/43/2025_H3N2,2024-07-03,2.0
A/Sydney/43/2025_H3N2,2024-07-04,2.0
A/Sydney/43/2025_H3N2,2024-07-05,6.0
A/Sydney/43/2025_H3N2,2024-07-06,1.0
A/Sydney/43/2025_H3N2,2024-07-08,2.0
A/Sydney/43/2025_H3N2,2024-07-09,3.0
A/Sydney/43/2025_H3N2,2024-07-10,2.0
A/Sydney/43/2025_H3N2,2024-07-11,3.0
A/Sydney/43/2025_H3N2,2024-07-12,4.0
A/Sydney/43/2025_H3N2,2024-07-15,2.0
A/Sydney/43/2025_H3N2,2024-07-16,3.0
A/Sydney/43/2025_H3N2,2024-07-17,2.0
A/Sydney/43/2025_H3N2,2024-07-19,6.0
A/Sydney/43/2025_H3N2,2024-07-22,1.0
A/Sydney/43/2025_H3N2,2024-07-23,3.0
A/Sydney/43/2025_H3N2,2024-07-26,1.0
A/Sydney/43/2025_H3N2,2024-07-27,3.0
A/Sydney/43/2025_H3N2,2024-07-29,1.0
A/Sydney/43/2025_H3N2,2024-08-01,1.0
A/Sydney/43/2025_H3N2,2024-08-05,1.0
A/Sydney/43/2025_H3N2,2024-08-07,1.0
A/Sydney/43/2025_H3N2,2024-08-10,1.0
A/Sydney/43/2025_H3N2,2024-08-11,1.0
A/Sydney/43/2025_H3N2,2024-08-13,3.0
A/Sydney/43/2025_H3N2,2024-08-19,1.0
A/Sydney/43/2025_H3N2,2024-08-22,2.0
A/Sydney/43/2025_H3N2,2024-08-23,1.0
A/Sydney/43/2025_H3N2,2024-08-25,1.0
A/Sydney/43/2025_H3N2,2024-08-27,2.0
A/Sydney/43/2025_H3N2,2024-08-28,1.0
A/Sydney/43/2025_H3N2,2024-08-31,1.0
A/Sydney/43/2025_H3N2,2024-09-02,1.0
A/Sydney/43/2025_H3N2,2024-09-04,1.0
A/Sydney/43/2025_H3N2,2024-09-06,4.0
A/Sydney/43/2025_H3N2,2024-09-08,1.0
A/Sydney/43/2025_H3N2,2024-09-09,1.0
A/Sydney/43/2025_H3N2,2024-09-11,1.5
A/Sydney/43/2025_H3N2,2024-09-13,1.0
A/Sydney/43/2025_H3N2,2024-09-14,1.0
A/Sydney/43/2025_H3N2,2024-09-16,1.0
A/Sydney/43/2025_H3N2,2024-09-17,1.0
A/Sydney/43/2025_H3N2,2024-09-18,3.0
A/Sydney/43/2025_H3N2,2024-09-19,2.0
A/Sydney/43/2025_H3N2,2024-09-20,1.0
A/Sydney/43/2025_H3N2,2024-09-23,1.0
A/Sydney/43/2025_H3N2,2024-09-27,2.0
A/Sydney/43/2025_H3N2,2024-09-28,1.0
A/Sydney/43/2025_H3N2,2024-09-30,1.0
A/Sydney/43/2025_H3N2,2024-10-01,4.0
A/Sydney/43/2025_H3N2,2024-10-02,3.0
A/Sydney/43/2025_H3N2,2024-10-03,1.0
A/Sydney/43/2025_H3N2,2024-10-06,1.0
A/Sydney/43/2025_H3N2,2024-10-07,1.0
A/Sydney/43/2025_H3N2,2024-10-08,1.0
A/Sydney/43/2025_H3N2,2024-10-10,1.0
A/Sydney/43/2025_H3N2,2024-10-11,3.0
A/Sydney/43/2025_H3N2,2024-10-12,2.0
A/Sydney/43/2025_H3N2,2024-10-13,1.0
A/Sydney/43/2025_H3N2,2024-10-15,1.0
A/Sydney/43/2025_H3N2,2024-10-19,2.0
A/Sydney/43/2025_H3N2,2024-10-21,1.0
A/Sydney/43/2025_H3N2,2024-10-22,1.0
A/Sydney/43/2025_H3N2,2024-10-23,1.0
A/Sydney/43/2025_H3N2,2024-11-05,1.0
A/Sydney/43/2025_H3N2,2024-11-08,1.0
A/Sydney/43/2025_H3N2,2024-11-11,1.0
A/Sydney/43/2025_H3N2,2024-11-19,1.0
A/Sydney/43/2025_H3N2,2024-11-21,2.0
A/Sydney/43/2025_H3N2,2024-11-23,1.0
A/Sydney/43/2025_H3N2,2024-11-24,2.0
A/Sydney/43/2025_H3N2,2024-11-26,1.0
A/Sydney/43/2025_H3N2,2024-11-28,1.0
A/Sydney/43/2025_H3N2,2024-11-30,1.0
A/Sydney/43/2025_H3N2,2024-12-01,2.0
A/Sydney/43/2025_H3N2,2024-12-02,1.0
A/Sydney/43/2025_H3N2,2024-12-03,2.0
A/Sydney/43/2025_H3N2,2024-12-04,1.0
A/Sydney/43/2025_H3N2,2024-12-05,2.0
A/Sydney/43/2025_H3N2,2024-12-07,2.0
A/Sydney/43/2025_H3N2,2024-12-09,1.0
A/Sydney/43/2025_H3N2,2024-12-12,1.0
A/Sydney/43/2025_H3N2,2024-12-16,1.0
A/Sydney/43/2025_H3N2,2024-12-17,1.0
A/Sydney/43/2025_H3N2,2024-12-18,1.0
A/Sydney/43/2025_H3N2,2024-12-22,1.0
A/Sydney/43/2025_H3N2,2024-12-23,3.0
A/Sydney/43/2025_H3N2,2024-12-24,3.0
A/Sydney/43/2025_H3N2,2024-12-25,3.0
A/Sydney/43/2025_H3N2,2024-12-26,2.0
A/Sydney/43/2025_H3N2,2024-12-27,2.0
A/Sydney/43/2025_H3N2,2024-12-29,2.0
A/Sydney/43/2025_H3N2,2024-12-30,3.0
A/Sydney/43/2025_H3N2,2024-12-31,4.0
A/Sydney/43/2025_H3N2,2025-01-01,2.0
A/Sydney/43/2025_H3N2,2025-01-02,2.0
A/Sydney/43/2025_H3N2,2025-01-03,3.0
A/Sydney/43/2025_H3N2,2025-01-05,4.0
A/Sydney/43/2025_H3N2,2025-01-06,2.0
A/Sydney/43/2025_H3N2,2025-01-07,3.0
A/Sydney/43/2025_H3N2,2025-01-09,2.0
A/Sydney/43/2025_H3N2,2025-01-10,4.0
A/Sydney/43/2025_H3N2,2025-01-11,1.0
A/Sydney/43/2025_H3N2,2025-01-12,3.0
A/Sydney/43/2025_H3N2,2025-01-13,2.0
A/Sydney/43/2025_H3N2,2025-01-14,1.0
A/Sydney/43/2025_H3N2,2025-01-15,2.0
A/Sydney/43/2025_H3N2,2025-01-16,3.0
A/Sydney/43/2025_H3N2,2025-01-17,2.0
A/Sydney/43/2025_H3N2,2025-01-20,2.0
A/Sydney/43/2025_H3N2,2025-01-21,2.0
A/Sydney/43/2025_H3N2,2025-01-22,2.0
A/Sydney/43/2025_H3N2,2025-01-23,4.0
A/Sydney/43/2025_H3N2,2025-01-24,3.0
A/Sydney/43/2025_H3N2,2025-01-26,3.0
A/Sydney/43/2025_H3N2,2025-01-27,2.0
A/Sydney/43/2025_H3N2,2025-01-28,2.0
A/Sydney/43/2025_H3N2,2025-01-29,5.0
A/Sydney/43/2025_H3N2,2025-01-30,4.0
A/Sydney/43/2025_H3N2,2025-01-31,1.0
A/Sydney/43/2025_H3N2,2025-02-02,2.0
A/Sydney/43/2025_H3N2,2025-02-03,4.0
A/Sydney/43/2025_H3N2,2025-02-04,4.0
A/Sydney/43/2025_H3N2,2025-02-05,5.0
A/Sydney/43/2025_H3N2,2025-02-06,2.0
A/Sydney/43/2025_H3N2,2025-02-07,3.0
A/Sydney/43/2025_H3N2,2025-02-08,1.0
A/Sydney/43/2025_H3N2,2025-02-09,2.0
A/Sydney/43/2025_H3N2,2025-02-10,4.0
A/Sydney/43/2025_H3N2,2025-02-11,4.0
A/Sydney/43/2025_H3N2,2025-02-12,4.0
A/Sydney/43/2025_H3N2,2025-02-13,5.0
A/Sydney/43/2025_H3N2,2025-02-15,2.0
A/Sydney/43/2025_H3N2,2025-02-16,2.0
A/Sydney/43/2025_H3N2,2025-02-17,4.0
A/Sydney/43/2025_H3N2,2025-02-18,2.0
A/Sydney/43/2025_H3N2,2025-02-19,4.0
A/Sydney/43/2025_H3N2,2025-02-20,3.0
A/Sydney/43/2025_H3N2,2025-02-21,1.0
A/Sydney/43/2025_H3N2,2025-02-22,1.0
A/Sydney/43/2025_H3N2,2025-02-24,3.0
A/Sydney/43/2025_H3N2,2025-02-25,3.0
A/Sydney/43/2025_H3N2,2025-02-26,3.0
A/Sydney/43/2025_H3N2,2025-02-28,3.0
A/Sydney/43/2025_H3N2,2025-03-01,2.0
A/Sydney/43/2025_H3N2,2025-03-03,3.0
A/Sydney/43/2025_H3N2,2025-03-04,3.0
A/Sydney/43/2025_H3N2,2025-03-05,1.0
A/Sydney/43/2025_H3N2,2025-03-06,3.0
A/Sydney/43/2025_H3N2,2025-03-07,1.0
A/Sydney/43/2025_H3N2,2025-03-08,3.0
A/Sydney/43/2025_H3N2,2025-03-09,1.0
A/Sydney/43/2025_H3N2,2025-03-10,2.0
A/Sydney/43/2025_H3N2,2025-03-11,2.0
A/Sydney/43/2025_H3N2,2025-03-14,1.0
A/Sydney/43/2025_H3N2,2025-03-17,2.0
A/Sydney/43/2025_H3N2,2025-03-18,1.0
A/Sydney/43/2025_H3N2,2025-03-19,3.0
A/Sydney/43/2025_H3N2,2025-03-20,2.0
A/Sydney/43/2025_H3N2,2025-03-21,3.0
A/Sydney/43/2025_H3N2,2025-03-24,1.0
A/Sydney/43/2025_H3N2,2025-03-27,1.0
A/Sydney/43/2025_H3N2,2025-03-29,2.0
A/Sydney/43/2025_H3N2,2025-03-31,1.0
A/Sydney/43/2025_H3N2,2025-04-01,2.0
A/Sydney/43/2025_H3N2,2025-04-03,2.0
A/Sydney/43/2025_H3N2,2025-04-09,1.0
A/Sydney/43/2025_H3N2,2025-04-15,1.0
A/Sydney/43/2025_H3N2,2025-04-17,1.0
A/Sydney/43/2025_H3N2,2025-04-22,1.0
A/Sydney/43/2025_H3N2,2025-05-01,1.0
A/Sydney/43/2025_H3N2,2025-05-05,1.0
A/Sydney/43/2025_H3N2,2025-05-09,1.0
A/Sydney/43/2025_H3N2,2025-06-10,1.0
A/Sydney/43/2025_H3N2,2025-06-18,1.0
A/Sydney/43/2025_H3N2,2025-06-19,1.0
A/Sydney/43/2025_H3N2,2025-06-23,1.0
A/Sydney/43/2025_H3N2,2025-06-24,1.0
A/Sydney/43/2025_H3N2,2025-07-08,1.0
A/Sydney/43/2025_H3N2,2025-07-14,2.0
A/Sydney/43/2025_H3N2,2025-07-16,1.0
A/Tasmania/788/2024_H3N2,2024-10-07,1.0
A/Tasmania/788/2024_H3N2,2024-10-08,1.0
A/Tasmania/788/2024_H3N2,2024-10-09,1.0
A/Tasmania/788/2024_H3N2,2024-10-22,1.0
A/Tasmania/788/2024_H3N2,2024-10-27,1.0
A/Tasmania/788/2024_H3N2,2025-06-03,0.5
A/Tasmania/790/2024_H3N2,2024-05-28,0.5
A/Tasmania/790/2024_H3N2,2024-10-07,3.0
A/Tasmania/790/2024_H3N2,2024-10-08,1.0
A/Tasmania/790/2024_H3N2,2024-10-15,1.0
A/Tasmania/790/2024_H3N2,2025-03-10,0.5
A/Tasmania/790/2024_H3N2,2025-03-24,0.5
A/Tasmania/836/2024_H3N2,2024-08-02,0.5
A/Tasmania/836/2024_H3N2,2024-09-24,2.0
A/Tasmania/836/2024_H3N2,2024-09-25,1.0
A/Tasmania/836/2024_H3N2,2024-10-05,1.0
A/Tasmania/836/2024_H3N2,2024-10-06,1.0
A/Tasmania/836/2024_H3N2,2024-10-10,2.0
A/Tasmania/836/2024_H3N2,2024-10-11,1.0
A/Tasmania/836/2024_H3N2,2024-10-24,1.0
A/Tasmania/836/2024_H3N2,2024-10-27,1.0
A/Tasmania/836/2024_H3N2,2024-12-13,1.0
A/Tasmania/836/2024_H3N2,2024-12-17,2.0
A/Tasmania/836/2024_H3N2,2024-12-18,2.0
A/Tasmania/836/2024_H3N2,2024-12-20,1.0
A/Tasmania/836/2024_H3N2,2025-01-02,1.0
A/Tasmania/836/2024_H3N2,2025-01-04,1.0
A/Tasmania/836/2024_H3N2,2025-01-09,1.0
A/Tasmania/836/2024_H3N2,2025-01-25,1.0
A/Tasmania/836/2024_H3N2,2025-01-27,1.0
A/Tasmania/836/2024_H3N2,2025-02-09,1.0
A/Tasmania/836/2024_H3N2,2025-02-19,1.0
A/Tasmania/836/2024_H3N2,2025-02-24,1.0
A/Tennessee/99/2024_H3N2,2024-04-28,0.8181818181818182
A/Tennessee/99/2024_H3N2,2024-04-29,0.9090909090909092
A/Tennessee/99/2024_H3N2,2024-04-30,1.7272727272727273
A/Tennessee/99/2024_H3N2,2024-05-01,0.6363636363636364
A/Tennessee/99/2024_H3N2,2024-05-02,0.4545454545454546
A/Tennessee/99/2024_H3N2,2024-05-03,0.8181818181818182
A/Tennessee/99/2024_H3N2,2024-05-04,2.7272727272727275
A/Tennessee/99/2024_H3N2,2024-05-05,0.7272727272727273
A/Tennessee/99/2024_H3N2,2024-05-06,1.5454545454545454
A/Tennessee/99/2024_H3N2,2024-05-07,2.1818181818181817
A/Tennessee/99/2024_H3N2,2024-05-08,1.9090909090909092
A/Tennessee/99/2024_H3N2,2024-05-09,1.3636363636363638
A/Tennessee/99/2024_H3N2,2024-05-10,0.6363636363636364
A/Tennessee/99/2024_H3N2,2024-05-11,0.5454545454545454
A/Tennessee/99/2024_H3N2,2024-05-12,0.2727272727272727
A/Tennessee/99/2024_H3N2,2024-05-13,0.9090909090909092
A/Tennessee/99/2024_H3N2,2024-05-14,0.9090909090909092
A/Tennessee/99/2024_H3N2,2024-05-15,1.0909090909090908
A/Tennessee/99/2024_H3N2,2024-05-16,1.8181818181818181
A/Tennessee/99/2024_H3N2,2024-05-17,2.5454545454545454
A/Tennessee/99/2024_H3N2,2024-05-18,2.818181818181818
A/Tennessee/99/2024_H3N2,2024-05-19,0.5454545454545454
A/Tennessee/99/2024_H3N2,2024-05-20,2.590909090909091
A/Tennessee/99/2024_H3N2,2024-05-21,1.4545454545454546
A/Tennessee/99/2024_H3N2,2024-05-22,1.0909090909090908
A/Tennessee/99/2024_H3N2,2024-05-23,1.0909090909090908
A/Tennessee/99/2024_H3N2,2024-05-24,0.7272727272727273
A/Tennessee/99/2024_H3N2,2024-05-25,0.2727272727272727
A/Tennessee/99/2024_H3N2,2024-05-26,0.18181818181818182
A/Tennessee/99/2024_H3N2,2024-05-27,0.9090909090909092
A/Tennessee/99/2024_H3N2,2024-05-28,0.2727272727272727
A/Tennessee/99/2024_H3N2,2024-05-29,0.5454545454545454
A/Tennessee/99/2024_H3N2,2024-05-30,0.2727272727272727
A/Tennessee/99/2024_H3N2,2024-05-31,0.4545454545454546
A/Tennessee/99/2024_H3N2,2024-06-01,1.1818181818181819
A/Tennessee/99/2024_H3N2,2024-06-02,0.36363636363636365
A/Tennessee/99/2024_H3N2,2024-06-03,0.5454545454545454
A/Tennessee/99/2024_H3N2,2024-06-04,0.4545454545454546
A/Tennessee/99/2024_H3N2,2024-06-05,0.6363636363636364
A/Tennessee/99/2024_H3N2,2024-06-06,0.09090909090909091
A/Tennessee/99/2024_H3N2,2024-06-08,0.18181818181818182
A/Tennessee/99/2024_H3N2,2024-06-09,1.1818181818181819
A/Tennessee/99/2024_H3N2,2024-06-10,2.4545454545454546
A/Tennessee/99/2024_H3N2,2024-06-11,2.4545454545454546
A/Tennessee/99/2024_H3N2,2024-06-12,1.8181818181818183
A/Tennessee/99/2024_H3N2,2024-06-13,0.09090909090909091
A/Tennessee/99/2024_H3N2,2024-06-14,1.3636363636363638
A/Tennessee/99/2024_H3N2,2024-06-15,0.18181818181818182
A/Tennessee/99/2024_H3N2,2024-06-16,0.2727272727272727
A/Tennessee/99/2024_H3N2,2024-06-17,1.5454545454545454
A/Tennessee/99/2024_H3N2,2024-06-18,0.36363636363636365
A/Tennessee/99/2024_H3N2,2024-06-19,0.4545454545454546
A/Tennessee/99/2024_H3N2,2024-06-20,1.3636363636363638
A/Tennessee/99/2024_H3N2,2024-06-21,1.0
A/Tennessee/99/2024_H3N2,2024-06-22,0.09090909090909091
A/Tennessee/99/2024_H3N2,2024-06-24,1.8181818181818183
A/Tennessee/99/2024_H3N2,2024-06-25,0.36363636363636365
A/Tennessee/99/2024_H3N2,2024-06-26,0.2727272727272727
A/Tennessee/99/2024_H3N2,2024-06-27,0.36363636363636365
A/Tennessee/99/2024_H3N2,2024-06-28,0.4545454545454546
A/Tennessee/99/2024_H3N2,2024-06-29,1.0
A/Tennessee/99/2024_H3N2,2024-06-30,0.2727272727272727
A/Tennessee/99/2024_H3N2,2024-07-01,3.3636363636363638
A/Tennessee/99/2024_H3N2,2024-07-02,0.18181818181818182
A/Tennessee/99/2024_H3N2,2024-07-03,0.09090909090909091
A/Tennessee/99/2024_H3N2,2024-07-05,0.2727272727272727
A/Tennessee/99/2024_H3N2,2024-07-07,1.0909090909090908
A/Tennessee/99/2024_H3N2,2024-07-08,0.09090909090909091
A/Tennessee/99/2024_H3N2,2024-07-09,0.36363636363636365
A/Tennessee/99/2024_H3N2,2024-07-10,1.2727272727272727
A/Tennessee/99/2024_H3N2,2024-07-11,0.18181818181818182
A/Tennessee/99/2024_H3N2,2024-07-12,0.18181818181818182
A/Tennessee/99/2024_H3N2,2024-07-13,1.0909090909090908
A/Tennessee/99/2024_H3N2,2024-07-14,0.09090909090909091
A/Tennessee/99/2024_H3N2,2024-07-15,2.2727272727272725
A/Tennessee/99/2024_H3N2,2024-07-16,0.36363636363636365
A/Tennessee/99/2024_H3N2,2024-07-17,0.6363636363636364
A/Tennessee/99/2024_H3N2,2024-07-18,2.3636363636363638
A/Tennessee/99/2024_H3N2,2024-07-19,0.09090909090909091
A/Tennessee/99/2024_H3N2,2024-07-21,1.0
A/Tennessee/99/2024_H3N2,2024-07-22,0.2727272727272727
A/Tennessee/99/2024_H3N2,2024-07-23,0.18181818181818182
A/Tennessee/99/2024_H3N2,2024-07-24,1.0
A/Tennessee/99/2024_H3N2,2024-07-25,1.0
A/Tennessee/99/2024_H3N2,2024-07-26,0.18181818181818182
A/Tennessee/99/2024_H3N2,2024-07-28,2.090909090909091
A/Tennessee/99/2024_H3N2,2024-07-29,0.09090909090909091
A/Tennessee/99/2024_H3N2,2024-07-30,0.09090909090909091
A/Tennessee/99/2024_H3N2,2024-07-31,0.18181818181818182
A/Tennessee/99/2024_H3N2,2024-08-01,0.09090909090909091
A/Tennessee/99/2024_H3N2,2024-08-02,0.2727272727272727
A/Tennessee/99/2024_H3N2,2024-08-03,0.18181818181818182
A/Tennessee/99/2024_H3N2,2024-08-05,1.2727272727272727
A/Tennessee/99/2024_H3N2,2024-08-06,0.18181818181818182
A/Tennessee/99/2024_H3N2,2024-08-07,0.18181818181818182
A/Tennessee/99/2024_H3N2,2024-08-10,0.18181818181818182
A/Tennessee/99/2024_H3N2,2024-08-11,0.09090909090909091
A/Tennessee/99/2024_H3N2,2024-08-12,0.18181818181818182
A/Tennessee/99/2024_H3N2,2024-08-16,0.09090909090909091
A/Tennessee/99/2024_H3N2,2024-08-17,0.09090909090909091
A/Tennessee/99/2024_H3N2,2024-08-19,1.0
A/Tennessee/99/2024_H3N2,2024-08-20,0.09090909090909091
A/Tennessee/99/2024_H3N2,2024-08-21,0.2727272727272727
A/Tennessee/99/2024_H3N2,2024-08-22,0.18181818181818182
A/Tennessee/99/2024_H3N2,2024-08-23,0.09090909090909091
A/Tennessee/99/2024_H3N2,2024-08-25,0.09090909090909091
A/Tennessee/99/2024_H3N2,2024-08-26,0.09090909090909091
A/Tennessee/99/2024_H3N2,2024-08-27,0.09090909090909091
A/Tennessee/99/2024_H3N2,2024-08-28,1.0
A/Tennessee/99/2024_H3N2,2024-08-29,0.09090909090909091
A/Tennessee/99/2024_H3N2,2024-08-31,0.09090909090909091
A/Tennessee/99/2024_H3N2,2024-09-02,1.0
A/Tennessee/99/2024_H3N2,2024-09-04,0.18181818181818182
A/Tennessee/99/2024_H3N2,2024-09-07,1.0
A/Tennessee/99/2024_H3N2,2024-09-08,1.0
A/Tennessee/99/2024_H3N2,2024-09-09,0.36363636363636365
A/Tennessee/99/2024_H3N2,2024-09-12,1.0909090909090908
A/Tennessee/99/2024_H3N2,2024-09-14,2.0
A/Tennessee/99/2024_H3N2,2024-09-15,1.0
A/Tennessee/99/2024_H3N2,2024-09-16,1.1818181818181819
A/Tennessee/99/2024_H3N2,2024-09-17,0.09090909090909091
A/Tennessee/99/2024_H3N2,2024-09-20,1.0
A/Tennessee/99/2024_H3N2,2024-09-21,0.09090909090909091
A/Tennessee/99/2024_H3N2,2024-09-23,0.18181818181818182
A/Tennessee/99/2024_H3N2,2024-09-24,1.0
A/Tennessee/99/2024_H3N2,2024-09-26,1.2727272727272727
A/Tennessee/99/2024_H3N2,2024-09-27,1.1818181818181819
A/Tennessee/99/2024_H3N2,2024-09-28,1.0909090909090908
A/Tennessee/99/2024_H3N2,2024-09-29,0.09090909090909091
A/Tennessee/99/2024_H3N2,2024-09-30,1.1818181818181819
A/Tennessee/99/2024_H3N2,2024-10-01,1.0
A/Tennessee/99/2024_H3N2,2024-10-03,2.090909090909091
A/Tennessee/99/2024_H3N2,2024-10-04,0.2727272727272727
A/Tennessee/99/2024_H3N2,2024-10-06,1.0
A/Tennessee/99/2024_H3N2,2024-10-07,1.1818181818181819
A/Tennessee/99/2024_H3N2,2024-10-08,1.0
A/Tennessee/99/2024_H3N2,2024-10-10,3.0
A/Tennessee/99/2024_H3N2,2024-10-11,1.0
A/Tennessee/99/2024_H3N2,2024-10-13,1.0
A/Tennessee/99/2024_H3N2,2024-10-14,0.18181818181818182
A/Tennessee/99/2024_H3N2,2024-10-15,2.0
A/Tennessee/99/2024_H3N2,2024-10-16,5.0
A/Tennessee/99/2024_H3N2,2024-10-17,1.0909090909090908
A/Tennessee/99/2024_H3N2,2024-10-18,1.0909090909090908
A/Tennessee/99/2024_H3N2,2024-10-19,0.5909090909090909
A/Tennessee/99/2024_H3N2,2024-10-20,1.0
A/Tennessee/99/2024_H3N2,2024-10-22,2.090909090909091
A/Tennessee/99/2024_H3N2,2024-10-23,2.0
A/Tennessee/99/2024_H3N2,2024-10-25,2.0
A/Tennessee/99/2024_H3N2,2024-10-27,1.0
A/Tennessee/99/2024_H3N2,2024-10-28,2.090909090909091
A/Tennessee/99/2024_H3N2,2024-10-29,2.0
A/Tennessee/99/2024_H3N2,2024-10-31,0.09090909090909091
A/Tennessee/99/2024_H3N2,2024-11-01,1.0909090909090908
A/Tennessee/99/2024_H3N2,2024-11-02,2.1818181818181817
A/Tennessee/99/2024_H3N2,2024-11-03,0.09090909090909091
A/Tennessee/99/2024_H3N2,2024-11-04,2.090909090909091
A/Tennessee/99/2024_H3N2,2024-11-05,4.0
A/Tennessee/99/2024_H3N2,2024-11-06,4.0
A/Tennessee/99/2024_H3N2,2024-11-07,3.1818181818181817
A/Tennessee/99/2024_H3N2,2024-11-08,2.0
A/Tennessee/99/2024_H3N2,2024-11-09,2.090909090909091
A/Tennessee/99/2024_H3N2,2024-11-10,1.0
A/Tennessee/99/2024_H3N2,2024-11-11,1.0
A/Tennessee/99/2024_H3N2,2024-11-12,1.1818181818181819
A/Tennessee/99/2024_H3N2,2024-11-13,4.090909090909091
A/Tennessee/99/2024_H3N2,2024-11-14,8.0
A/Tennessee/99/2024_H3N2,2024-11-15,1.0
A/Tennessee/99/2024_H3N2,2024-11-16,1.0909090909090908
A/Tennessee/99/2024_H3N2,2024-11-17,3.090909090909091
A/Tennessee/99/2024_H3N2,2024-11-18,2.0
A/Tennessee/99/2024_H3N2,2024-11-19,3.0
A/Tennessee/99/2024_H3N2,2024-11-20,5.090909090909091
A/Tennessee/99/2024_H3N2,2024-11-21,2.090909090909091
A/Tennessee/99/2024_H3N2,2024-11-22,3.1818181818181817
A/Tennessee/99/2024_H3N2,2024-11-23,2.0
A/Tennessee/99/2024_H3N2,2024-11-24,1.0
A/Tennessee/99/2024_H3N2,2024-11-25,1.0
A/Tennessee/99/2024_H3N2,2024-11-27,2.0
A/Tennessee/99/2024_H3N2,2024-11-28,2.0
A/Tennessee/99/2024_H3N2,2024-11-29,1.0909090909090908
A/Tennessee/99/2024_H3N2,2024-12-01,1.0
A/Tennessee/99/2024_H3N2,2024-12-02,1.0
A/Tennessee/99/2024_H3N2,2024-12-03,2.090909090909091
A/Tennessee/99/2024_H3N2,2024-12-04,1.0
A/Tennessee/99/2024_H3N2,2024-12-05,1.0
A/Tennessee/99/2024_H3N2,2024-12-09,1.0
A/Tennessee/99/2024_H3N2,2024-12-10,2.0
A/Tennessee/99/2024_H3N2,2024-12-11,0.09090909090909091
A/Tennessee/99/2024_H3N2,2024-12-12,1.0
A/Tennessee/99/2024_H3N2,2024-12-13,2.0
A/Tennessee/99/2024_H3N2,2024-12-14,1.0
A/Tennessee/99/2024_H3N2,2024-12-16,1.0
A/Tennessee/99/2024_H3N2,2024-12-17,1.0
A/Tennessee/99/2024_H3N2,2024-12-18,2.0
A/Tennessee/99/2024_H3N2,2024-12-19,2.0
A/Tennessee/99/2024_H3N2,2024-12-20,0.09090909090909091
A/Tennessee/99/2024_H3N2,2024-12-22,1.0
A/Tennessee/99/2024_H3N2,2024-12-23,0.18181818181818182
A/Tennessee/99/2024_H3N2,2024-12-26,2.0
A/Tennessee/99/2024_H3N2,2024-12-27,2.0
A/Tennessee/99/2024_H3N2,2024-12-28,3.0
A/Tennessee/99/2024_H3N2,2024-12-29,3.0
A/Tennessee/99/2024_H3N2,2024-12-31,1.0
A/Tennessee/99/2024_H3N2,2025-01-01,1.0
A/Tennessee/99/2024_H3N2,2025-01-02,1.0909090909090908
A/Tennessee/99/2024_H3N2,2025-01-03,3.757575757575758
A/Tennessee/99/2024_H3N2,2025-01-05,4.0
A/Tennessee/99/2024_H3N2,2025-01-06,2.0
A/Tennessee/99/2024_H3N2,2025-01-07,2.3333333333333335
A/Tennessee/99/2024_H3N2,2025-01-08,0.4242424242424242
A/Tennessee/99/2024_H3N2,2025-01-09,1.5909090909090908
A/Tennessee/99/2024_H3N2,2025-01-10,1.3333333333333333
A/Tennessee/99/2024_H3N2,2025-01-11,1.0
A/Tennessee/99/2024_H3N2,2025-01-12,1.0
A/Tennessee/99/2024_H3N2,2025-01-14,1.0909090909090908
A/Tennessee/99/2024_H3N2,2025-01-15,1.0909090909090908
A/Tennessee/99/2024_H3N2,2025-01-16,2.0
A/Tennessee/99/2024_H3N2,2025-01-17,1.4242424242424243
A/Tennessee/99/2024_H3N2,2025-01-18,2.0
A/Tennessee/99/2024_H3N2,2025-01-19,1.0
A/Tennessee/99/2024_H3N2,2025-01-20,0.6818181818181819
A/Tennessee/99/2024_H3N2,2025-01-21,2.0
A/Tennessee/99/2024_H3N2,2025-01-23,1.0
A/Tennessee/99/2024_H3N2,2025-01-24,1.0909090909090908
A/Tennessee/99/2024_H3N2,2025-01-25,0.09090909090909091
A/Tennessee/99/2024_H3N2,2025-01-30,1.0
A/Tennessee/99/2024_H3N2,2025-02-02,1.0
A/Tennessee/99/2024_H3N2,2025-02-03,0.09090909090909091
A/Tennessee/99/2024_H3N2,2025-02-04,1.6666666666666665
A/Tennessee/99/2024_H3N2,2025-02-09,1.0
A/Tennessee/99/2024_H3N2,2025-02-10,1.1818181818181819
A/Tennessee/99/2024_H3N2,2025-02-12,0.7575757575757576
A/Tennessee/99/2024_H3N2,2025-02-13,1.0
A/Tennessee/99/2024_H3N2,2025-02-16,2.0
A/Tennessee/99/2024_H3N2,2025-02-17,0.3333333333333333
A/Tennessee/99/2024_H3N2,2025-02-18,0.6666666666666666
A/Tennessee/99/2024_H3N2,2025-02-19,1.0
A/Tennessee/99/2024_H3N2,2025-02-20,1.0
A/Tennessee/99/2024_H3N2,2025-02-24,1.3333333333333333
A/Tennessee/99/2024_H3N2,2025-02-25,0.3333333333333333
A/Tennessee/99/2024_H3N2,2025-02-26,1.3333333333333333
A/Tennessee/99/2024_H3N2,2025-03-02,1.0
A/Tennessee/99/2024_H3N2,2025-03-04,0.09090909090909091
A/Tennessee/99/2024_H3N2,2025-03-06,0.09090909090909091
A/Tennessee/99/2024_H3N2,2025-03-10,0.3333333333333333
A/Tennessee/99/2024_H3N2,2025-03-12,1.0
A/Tennessee/99/2024_H3N2,2025-03-16,1.0
A/Tennessee/99/2024_H3N2,2025-03-20,0.6666666666666666
A/Tennessee/99/2024_H3N2,2025-03-28,0.5
A/Tennessee/99/2024_H3N2,2025-03-29,0.09090909090909091
A/Tennessee/99/2024_H3N2,2025-04-11,1.0
A/Tennessee/99/2024_H3N2,2025-05-09,1.0
A/Tennessee/99/2024_H3N2,2025-05-13,0.6666666666666666
A/Tennessee/99/2024_H3N2,2025-05-16,0.3333333333333333
A/Tennessee/99/2024_H3N2,2025-05-27,1.0
A/Tennessee/99/2024_H3N2,2025-05-29,1.0
A/Tennessee/99/2024_H3N2,2025-05-30,1.0
A/Tennessee/99/2024_H3N2,2025-05-31,1.0
A/Tennessee/99/2024_H3N2,2025-06-03,1.0
A/Tennessee/99/2024_H3N2,2025-06-04,1.0909090909090908
A/Tennessee/99/2024_H3N2,2025-06-10,1.0
A/Tennessee/99/2024_H3N2,2025-06-13,1.0
A/Texas/15550/2024_H3N2,2024-06-26,1.0
A/Texas/15550/2024_H3N2,2024-10-04,1.0
A/Texas/15550/2024_H3N2,2024-10-24,1.0
A/Texas/15550/2024_H3N2,2024-10-25,2.0
A/Texas/15550/2024_H3N2,2024-10-27,1.0
A/Texas/15550/2024_H3N2,2024-10-29,1.0
A/Texas/15550/2024_H3N2,2024-11-05,1.0
A/Texas/15550/2024_H3N2,2024-11-06,1.0
A/Texas/15550/2024_H3N2,2024-11-07,1.0
A/Texas/15550/2024_H3N2,2024-11-09,1.0
A/Texas/15550/2024_H3N2,2024-11-10,1.0
A/Texas/15550/2024_H3N2,2024-11-22,1.0
A/Texas/15550/2024_H3N2,2024-12-01,1.0
A/Texas/15550/2024_H3N2,2024-12-05,2.0
A/Texas/15550/2024_H3N2,2024-12-10,1.0
A/Texas/15550/2024_H3N2,2024-12-11,1.0
A/Texas/15550/2024_H3N2,2024-12-12,2.0
A/Texas/15550/2024_H3N2,2024-12-17,1.0
A/Texas/15550/2024_H3N2,2024-12-20,1.0
A/Texas/15550/2024_H3N2,2024-12-30,1.0
A/Texas/15550/2024_H3N2,2025-01-01,2.0
A/Texas/15550/2024_H3N2,2025-01-03,1.0
A/Texas/15550/2024_H3N2,2025-01-06,2.0
A/Texas/15550/2024_H3N2,2025-01-07,1.0
A/Texas/15550/2024_H3N2,2025-01-15,1.0
A/Texas/15550/2024_H3N2,2025-01-20,2.0
A/Texas/15550/2024_H3N2,2025-01-21,1.0
A/Texas/15550/2024_H3N2,2025-02-14,1.0
A/Texas/15550/2024_H3N2,2025-02-15,1.0
A/Texas/ISC-1148/2025_H3N2,2024-04-28,0.8181818181818182
A/Texas/ISC-1148/2025_H3N2,2024-04-29,3.909090909090909
A/Texas/ISC-1148/2025_H3N2,2024-04-30,0.7272727272727273
A/Texas/ISC-1148/2025_H3N2,2024-05-01,1.6363636363636365
A/Texas/ISC-1148/2025_H3N2,2024-05-02,0.9545454545454546
A/Texas/ISC-1148/2025_H3N2,2024-05-03,0.8181818181818182
A/Texas/ISC-1148/2025_H3N2,2024-05-04,1.7272727272727273
A/Texas/ISC-1148/2025_H3N2,2024-05-05,2.7272727272727275
A/Texas/ISC-1148/2025_H3N2,2024-05-06,6.045454545454546
A/Texas/ISC-1148/2025_H3N2,2024-05-07,4.181818181818182
A/Texas/ISC-1148/2025_H3N2,2024-05-08,0.9090909090909092
A/Texas/ISC-1148/2025_H3N2,2024-05-09,0.36363636363636365
A/Texas/ISC-1148/2025_H3N2,2024-05-10,0.6363636363636364
A/Texas/ISC-1148/2025_H3N2,2024-05-11,0.5454545454545454
A/Texas/ISC-1148/2025_H3N2,2024-05-12,0.2727272727272727
A/Texas/ISC-1148/2025_H3N2,2024-05-13,2.909090909090909
A/Texas/ISC-1148/2025_H3N2,2024-05-14,0.9090909090909092
A/Texas/ISC-1148/2025_H3N2,2024-05-15,5.090909090909091
A/Texas/ISC-1148/2025_H3N2,2024-05-16,0.8181818181818182
A/Texas/ISC-1148/2025_H3N2,2024-05-17,3.5454545454545454
A/Texas/ISC-1148/2025_H3N2,2024-05-18,0.8181818181818182
A/Texas/ISC-1148/2025_H3N2,2024-05-19,0.5454545454545454
A/Texas/ISC-1148/2025_H3N2,2024-05-20,4.090909090909091
A/Texas/ISC-1148/2025_H3N2,2024-05-21,3.4545454545454546
A/Texas/ISC-1148/2025_H3N2,2024-05-22,1.0909090909090908
A/Texas/ISC-1148/2025_H3N2,2024-05-23,4.090909090909091
A/Texas/ISC-1148/2025_H3N2,2024-05-24,4.7272727272727275
A/Texas/ISC-1148/2025_H3N2,2024-05-25,3.272727272727273
A/Texas/ISC-1148/2025_H3N2,2024-05-26,1.1818181818181819
A/Texas/ISC-1148/2025_H3N2,2024-05-27,1.9090909090909092
A/Texas/ISC-1148/2025_H3N2,2024-05-28,4.2727272727272725
A/Texas/ISC-1148/2025_H3N2,2024-05-29,0.5454545454545454
A/Texas/ISC-1148/2025_H3N2,2024-05-30,0.2727272727272727
A/Texas/ISC-1148/2025_H3N2,2024-05-31,1.4545454545454546
A/Texas/ISC-1148/2025_H3N2,2024-06-01,0.18181818181818182
A/Texas/ISC-1148/2025_H3N2,2024-06-02,0.36363636363636365
A/Texas/ISC-1148/2025_H3N2,2024-06-03,0.5454545454545454
A/Texas/ISC-1148/2025_H3N2,2024-06-04,1.4545454545454546
A/Texas/ISC-1148/2025_H3N2,2024-06-05,1.6363636363636365
A/Texas/ISC-1148/2025_H3N2,2024-06-06,6.090909090909091
A/Texas/ISC-1148/2025_H3N2,2024-06-07,1.0
A/Texas/ISC-1148/2025_H3N2,2024-06-08,2.1818181818181817
A/Texas/ISC-1148/2025_H3N2,2024-06-09,1.1818181818181819
A/Texas/ISC-1148/2025_H3N2,2024-06-10,2.4545454545454546
A/Texas/ISC-1148/2025_H3N2,2024-06-11,2.4545454545454546
A/Texas/ISC-1148/2025_H3N2,2024-06-12,4.818181818181818
A/Texas/ISC-1148/2025_H3N2,2024-06-13,0.09090909090909091
A/Texas/ISC-1148/2025_H3N2,2024-06-14,0.36363636363636365
A/Texas/ISC-1148/2025_H3N2,2024-06-15,1.1818181818181819
A/Texas/ISC-1148/2025_H3N2,2024-06-16,1.2727272727272727
A/Texas/ISC-1148/2025_H3N2,2024-06-17,1.5454545454545454
A/Texas/ISC-1148/2025_H3N2,2024-06-18,2.3636363636363638
A/Texas/ISC-1148/2025_H3N2,2024-06-19,1.4545454545454546
A/Texas/ISC-1148/2025_H3N2,2024-06-20,0.36363636363636365
A/Texas/ISC-1148/2025_H3N2,2024-06-21,2.0
A/Texas/ISC-1148/2025_H3N2,2024-06-22,0.09090909090909091
A/Texas/ISC-1148/2025_H3N2,2024-06-23,1.0
A/Texas/ISC-1148/2025_H3N2,2024-06-24,4.818181818181818
A/Texas/ISC-1148/2025_H3N2,2024-06-25,0.36363636363636365
A/Texas/ISC-1148/2025_H3N2,2024-06-26,1.2727272727272727
A/Texas/ISC-1148/2025_H3N2,2024-06-27,2.3636363636363638
A/Texas/ISC-1148/2025_H3N2,2024-06-28,1.4545454545454546
A/Texas/ISC-1148/2025_H3N2,2024-06-30,1.2727272727272727
A/Texas/ISC-1148/2025_H3N2,2024-07-01,0.36363636363636365
A/Texas/ISC-1148/2025_H3N2,2024-07-02,2.1818181818181817
A/Texas/ISC-1148/2025_H3N2,2024-07-03,0.09090909090909091
A/Texas/ISC-1148/2025_H3N2,2024-07-04,1.0
A/Texas/ISC-1148/2025_H3N2,2024-07-05,0.2727272727272727
A/Texas/ISC-1148/2025_H3N2,2024-07-07,0.09090909090909091
A/Texas/ISC-1148/2025_H3N2,2024-07-08,0.09090909090909091
A/Texas/ISC-1148/2025_H3N2,2024-07-09,0.36363636363636365
A/Texas/ISC-1148/2025_H3N2,2024-07-10,2.272727272727273
A/Texas/ISC-1148/2025_H3N2,2024-07-11,1.1818181818181819
A/Texas/ISC-1148/2025_H3N2,2024-07-12,0.18181818181818182
A/Texas/ISC-1148/2025_H3N2,2024-07-13,0.09090909090909091
A/Texas/ISC-1148/2025_H3N2,2024-07-14,0.09090909090909091
A/Texas/ISC-1148/2025_H3N2,2024-07-15,2.2727272727272725
A/Texas/ISC-1148/2025_H3N2,2024-07-16,0.36363636363636365
A/Texas/ISC-1148/2025_H3N2,2024-07-17,0.6363636363636364
A/Texas/ISC-1148/2025_H3N2,2024-07-18,1.3636363636363638
A/Texas/ISC-1148/2025_H3N2,2024-07-19,0.09090909090909091
A/Texas/ISC-1148/2025_H3N2,2024-07-20,2.0
A/Texas/ISC-1148/2025_H3N2,2024-07-22,0.2727272727272727
A/Texas/ISC-1148/2025_H3N2,2024-07-23,1.1818181818181819
A/Texas/ISC-1148/2025_H3N2,2024-07-24,2.0
A/Texas/ISC-1148/2025_H3N2,2024-07-26,0.18181818181818182
A/Texas/ISC-1148/2025_H3N2,2024-07-27,1.0
A/Texas/ISC-1148/2025_H3N2,2024-07-28,0.09090909090909091
A/Texas/ISC-1148/2025_H3N2,2024-07-29,2.090909090909091
A/Texas/ISC-1148/2025_H3N2,2024-07-30,1.0909090909090908
A/Texas/ISC-1148/2025_H3N2,2024-07-31,1.1818181818181819
A/Texas/ISC-1148/2025_H3N2,2024-08-01,0.09090909090909091
A/Texas/ISC-1148/2025_H3N2,2024-08-02,0.2727272727272727
A/Texas/ISC-1148/2025_H3N2,2024-08-03,3.1818181818181817
A/Texas/ISC-1148/2025_H3N2,2024-08-05,0.2727272727272727
A/Texas/ISC-1148/2025_H3N2,2024-08-06,0.18181818181818182
A/Texas/ISC-1148/2025_H3N2,2024-08-07,0.18181818181818182
A/Texas/ISC-1148/2025_H3N2,2024-08-10,0.18181818181818182
A/Texas/ISC-1148/2025_H3N2,2024-08-11,0.5909090909090909
A/Texas/ISC-1148/2025_H3N2,2024-08-12,0.18181818181818182
A/Texas/ISC-1148/2025_H3N2,2024-08-16,0.09090909090909091
A/Texas/ISC-1148/2025_H3N2,2024-08-17,0.09090909090909091
A/Texas/ISC-1148/2025_H3N2,2024-08-20,0.09090909090909091
A/Texas/ISC-1148/2025_H3N2,2024-08-21,0.2727272727272727
A/Texas/ISC-1148/2025_H3N2,2024-08-22,0.18181818181818182
A/Texas/ISC-1148/2025_H3N2,2024-08-23,0.09090909090909091
A/Texas/ISC-1148/2025_H3N2,2024-08-24,1.0
A/Texas/ISC-1148/2025_H3N2,2024-08-25,1.0909090909090908
A/Texas/ISC-1148/2025_H3N2,2024-08-26,1.0909090909090908
A/Texas/ISC-1148/2025_H3N2,2024-08-27,2.090909090909091
A/Texas/ISC-1148/2025_H3N2,2024-08-29,2.090909090909091
A/Texas/ISC-1148/2025_H3N2,2024-08-30,0.5
A/Texas/ISC-1148/2025_H3N2,2024-08-31,0.09090909090909091
A/Texas/ISC-1148/2025_H3N2,2024-09-01,1.0
A/Texas/ISC-1148/2025_H3N2,2024-09-02,1.0
A/Texas/ISC-1148/2025_H3N2,2024-09-03,3.0
A/Texas/ISC-1148/2025_H3N2,2024-09-04,0.18181818181818182
A/Texas/ISC-1148/2025_H3N2,2024-09-05,2.0
A/Texas/ISC-1148/2025_H3N2,2024-09-06,1.0
A/Texas/ISC-1148/2025_H3N2,2024-09-07,1.0
A/Texas/ISC-1148/2025_H3N2,2024-09-08,1.0
A/Texas/ISC-1148/2025_H3N2,2024-09-09,1.3636363636363638
A/Texas/ISC-1148/2025_H3N2,2024-09-11,2.0
A/Texas/ISC-1148/2025_H3N2,2024-09-12,3.090909090909091
A/Texas/ISC-1148/2025_H3N2,2024-09-13,1.0
A/Texas/ISC-1148/2025_H3N2,2024-09-15,1.0
A/Texas/ISC-1148/2025_H3N2,2024-09-16,0.18181818181818182
A/Texas/ISC-1148/2025_H3N2,2024-09-17,0.09090909090909091
A/Texas/ISC-1148/2025_H3N2,2024-09-18,2.0
A/Texas/ISC-1148/2025_H3N2,2024-09-19,2.0
A/Texas/ISC-1148/2025_H3N2,2024-09-21,0.09090909090909091
A/Texas/ISC-1148/2025_H3N2,2024-09-22,2.0
A/Texas/ISC-1148/2025_H3N2,2024-09-23,1.1818181818181819
A/Texas/ISC-1148/2025_H3N2,2024-09-26,0.2727272727272727
A/Texas/ISC-1148/2025_H3N2,2024-09-27,0.18181818181818182
A/Texas/ISC-1148/2025_H3N2,2024-09-28,0.09090909090909091
A/Texas/ISC-1148/2025_H3N2,2024-09-29,2.090909090909091
A/Texas/ISC-1148/2025_H3N2,2024-09-30,0.18181818181818182
A/Texas/ISC-1148/2025_H3N2,2024-10-01,5.0
A/Texas/ISC-1148/2025_H3N2,2024-10-02,3.0
A/Texas/ISC-1148/2025_H3N2,2024-10-03,1.0909090909090908
A/Texas/ISC-1148/2025_H3N2,2024-10-04,0.2727272727272727
A/Texas/ISC-1148/2025_H3N2,2024-10-07,1.1818181818181819
A/Texas/ISC-1148/2025_H3N2,2024-10-09,3.0
A/Texas/ISC-1148/2025_H3N2,2024-10-11,1.0
A/Texas/ISC-1148/2025_H3N2,2024-10-13,2.0
A/Texas/ISC-1148/2025_H3N2,2024-10-14,0.18181818181818182
A/Texas/ISC-1148/2025_H3N2,2024-10-15,5.0
A/Texas/ISC-1148/2025_H3N2,2024-10-17,0.09090909090909091
A/Texas/ISC-1148/2025_H3N2,2024-10-18,2.090909090909091
A/Texas/ISC-1148/2025_H3N2,2024-10-19,0.09090909090909091
A/Texas/ISC-1148/2025_H3N2,2024-10-20,1.0
A/Texas/ISC-1148/2025_H3N2,2024-10-21,3.0
A/Texas/ISC-1148/2025_H3N2,2024-10-22,1.0909090909090908
A/Texas/ISC-1148/2025_H3N2,2024-10-23,1.0
A/Texas/ISC-1148/2025_H3N2,2024-10-24,2.0
A/Texas/ISC-1148/2025_H3N2,2024-10-25,2.0
A/Texas/ISC-1148/2025_H3N2,2024-10-26,2.0
A/Texas/ISC-1148/2025_H3N2,2024-10-27,2.0
A/Texas/ISC-1148/2025_H3N2,2024-10-28,4.090909090909091
A/Texas/ISC-1148/2025_H3N2,2024-10-29,3.0
A/Texas/ISC-1148/2025_H3N2,2024-10-30,4.0
A/Texas/ISC-1148/2025_H3N2,2024-10-31,2.090909090909091
A/Texas/ISC-1148/2025_H3N2,2024-11-01,5.090909090909091
A/Texas/ISC-1148/2025_H3N2,2024-11-02,2.1818181818181817
A/Texas/ISC-1148/2025_H3N2,2024-11-03,4.090909090909091
A/Texas/ISC-1148/2025_H3N2,2024-11-04,12.09090909090909
A/Texas/ISC-1148/2025_H3N2,2024-11-05,3.0
A/Texas/ISC-1148/2025_H3N2,2024-11-06,5.0
A/Texas/ISC-1148/2025_H3N2,2024-11-07,6.181818181818182
A/Texas/ISC-1148/2025_H3N2,2024-11-08,5.0
A/Texas/ISC-1148/2025_H3N2,2024-11-09,4.590909090909091
A/Texas/ISC-1148/2025_H3N2,2024-11-10,4.0
A/Texas/ISC-1148/2025_H3N2,2024-11-11,7.0
A/Texas/ISC-1148/2025_H3N2,2024-11-12,3.6818181818181817
A/Texas/ISC-1148/2025_H3N2,2024-11-13,13.09090909090909
A/Texas/ISC-1148/2025_H3N2,2024-11-14,10.0
A/Texas/ISC-1148/2025_H3N2,2024-11-15,7.0
A/Texas/ISC-1148/2025_H3N2,2024-11-16,7.090909090909091
A/Texas/ISC-1148/2025_H3N2,2024-11-17,6.090909090909091
A/Texas/ISC-1148/2025_H3N2,2024-11-18,10.0
A/Texas/ISC-1148/2025_H3N2,2024-11-19,20.0
A/Texas/ISC-1148/2025_H3N2,2024-11-20,14.59090909090909
A/Texas/ISC-1148/2025_H3N2,2024-11-21,12.09090909090909
A/Texas/ISC-1148/2025_H3N2,2024-11-22,15.681818181818182
A/Texas/ISC-1148/2025_H3N2,2024-11-23,10.0
A/Texas/ISC-1148/2025_H3N2,2024-11-24,19.0
A/Texas/ISC-1148/2025_H3N2,2024-11-25,27.5
A/Texas/ISC-1148/2025_H3N2,2024-11-26,16.5
A/Texas/ISC-1148/2025_H3N2,2024-11-27,15.0
A/Texas/ISC-1148/2025_H3N2,2024-11-28,9.5
A/Texas/ISC-1148/2025_H3N2,2024-11-29,22.59090909090909
A/Texas/ISC-1148/2025_H3N2,2024-11-30,14.5
A/Texas/ISC-1148/2025_H3N2,2024-12-01,19.0
A/Texas/ISC-1148/2025_H3N2,2024-12-02,22.0
A/Texas/ISC-1148/2025_H3N2,2024-12-03,23.09090909090909
A/Texas/ISC-1148/2025_H3N2,2024-12-04,20.0
A/Texas/ISC-1148/2025_H3N2,2024-12-05,24.0
A/Texas/ISC-1148/2025_H3N2,2024-12-06,15.0
A/Texas/ISC-1148/2025_H3N2,2024-12-07,19.0
A/Texas/ISC-1148/2025_H3N2,2024-12-08,18.0
A/Texas/ISC-1148/2025_H3N2,2024-12-09,30.0
A/Texas/ISC-1148/2025_H3N2,2024-12-10,33.0
A/Texas/ISC-1148/2025_H3N2,2024-12-11,34.09090909090909
A/Texas/ISC-1148/2025_H3N2,2024-12-12,17.0
A/Texas/ISC-1148/2025_H3N2,2024-12-13,18.5
A/Texas/ISC-1148/2025_H3N2,2024-12-14,15.0
A/Texas/ISC-1148/2025_H3N2,2024-12-15,23.0
A/Texas/ISC-1148/2025_H3N2,2024-12-16,42.5
A/Texas/ISC-1148/2025_H3N2,2024-12-17,43.0
A/Texas/ISC-1148/2025_H3N2,2024-12-18,48.0
A/Texas/ISC-1148/2025_H3N2,2024-12-19,35.0
A/Texas/ISC-1148/2025_H3N2,2024-12-20,35.09090909090909
A/Texas/ISC-1148/2025_H3N2,2024-12-21,25.5
A/Texas/ISC-1148/2025_H3N2,2024-12-22,31.0
A/Texas/ISC-1148/2025_H3N2,2024-12-23,55.68181818181818
A/Texas/ISC-1148/2025_H3N2,2024-12-24,32.0
A/Texas/ISC-1148/2025_H3N2,2024-12-25,21.0
A/Texas/ISC-1148/2025_H3N2,2024-12-26,43.5
A/Texas/ISC-1148/2025_H3N2,2024-12-27,43.0
A/Texas/ISC-1148/2025_H3N2,2024-12-28,42.0
A/Texas/ISC-1148/2025_H3N2,2024-12-29,51.0
A/Texas/ISC-1148/2025_H3N2,2024-12-30,42.0
A/Texas/ISC-1148/2025_H3N2,2024-12-31,37.5
A/Texas/ISC-1148/2025_H3N2,2025-01-01,26.5
A/Texas/ISC-1148/2025_H3N2,2025-01-02,55.59090909090909
A/Texas/ISC-1148/2025_H3N2,2025-01-03,27.59090909090909
A/Texas/ISC-1148/2025_H3N2,2025-01-04,29.5
A/Texas/ISC-1148/2025_H3N2,2025-01-05,32.0
A/Texas/ISC-1148/2025_H3N2,2025-01-06,50.5
A/Texas/ISC-1148/2025_H3N2,2025-01-07,37.0
A/Texas/ISC-1148/2025_H3N2,2025-01-08,25.59090909090909
A/Texas/ISC-1148/2025_H3N2,2025-01-09,33.09090909090909
A/Texas/ISC-1148/2025_H3N2,2025-01-10,42.5
A/Texas/ISC-1148/2025_H3N2,2025-01-11,21.5
A/Texas/ISC-1148/2025_H3N2,2025-01-12,21.0
A/Texas/ISC-1148/2025_H3N2,2025-01-13,52.5
A/Texas/ISC-1148/2025_H3N2,2025-01-14,47.09090909090909
A/Texas/ISC-1148/2025_H3N2,2025-01-15,40.09090909090909
A/Texas/ISC-1148/2025_H3N2,2025-01-16,48.0
A/Texas/ISC-1148/2025_H3N2,2025-01-17,39.09090909090909
A/Texas/ISC-1148/2025_H3N2,2025-01-18,17.0
A/Texas/ISC-1148/2025_H3N2,2025-01-19,26.0
A/Texas/ISC-1148/2025_H3N2,2025-01-20,64.18181818181819
A/Texas/ISC-1148/2025_H3N2,2025-01-21,50.0
A/Texas/ISC-1148/2025_H3N2,2025-01-22,56.0
A/Texas/ISC-1148/2025_H3N2,2025-01-23,41.0
A/Texas/ISC-1148/2025_H3N2,2025-01-24,56.59090909090909
A/Texas/ISC-1148/2025_H3N2,2025-01-25,30.09090909090909
A/Texas/ISC-1148/2025_H3N2,2025-01-26,35.5
A/Texas/ISC-1148/2025_H3N2,2025-01-27,49.0
A/Texas/ISC-1148/2025_H3N2,2025-01-28,75.5
A/Texas/ISC-1148/2025_H3N2,2025-01-29,68.0
A/Texas/ISC-1148/2025_H3N2,2025-01-30,68.5
A/Texas/ISC-1148/2025_H3N2,2025-01-31,47.0
A/Texas/ISC-1148/2025_H3N2,2025-02-01,26.0
A/Texas/ISC-1148/2025_H3N2,2025-02-02,23.5
A/Texas/ISC-1148/2025_H3N2,2025-02-03,53.59090909090909
A/Texas/ISC-1148/2025_H3N2,2025-02-04,55.5
A/Texas/ISC-1148/2025_H3N2,2025-02-05,36.0
A/Texas/ISC-1148/2025_H3N2,2025-02-06,34.0
A/Texas/ISC-1148/2025_H3N2,2025-02-07,39.5
A/Texas/ISC-1148/2025_H3N2,2025-02-08,12.5
A/Texas/ISC-1148/2025_H3N2,2025-02-09,11.0
A/Texas/ISC-1148/2025_H3N2,2025-02-10,44.68181818181818
A/Texas/ISC-1148/2025_H3N2,2025-02-11,46.5
A/Texas/ISC-1148/2025_H3N2,2025-02-12,28.59090909090909
A/Texas/ISC-1148/2025_H3N2,2025-02-13,36.0
A/Texas/ISC-1148/2025_H3N2,2025-02-14,33.5
A/Texas/ISC-1148/2025_H3N2,2025-02-15,13.0
A/Texas/ISC-1148/2025_H3N2,2025-02-16,9.0
A/Texas/ISC-1148/2025_H3N2,2025-02-17,29.5
A/Texas/ISC-1148/2025_H3N2,2025-02-18,30.0
A/Texas/ISC-1148/2025_H3N2,2025-02-19,31.0
A/Texas/ISC-1148/2025_H3N2,2025-02-20,26.5
A/Texas/ISC-1148/2025_H3N2,2025-02-21,14.0
A/Texas/ISC-1148/2025_H3N2,2025-02-22,11.0
A/Texas/ISC-1148/2025_H3N2,2025-02-23,14.5
A/Texas/ISC-1148/2025_H3N2,2025-02-24,32.5
A/Texas/ISC-1148/2025_H3N2,2025-02-25,21.0
A/Texas/ISC-1148/2025_H3N2,2025-02-26,17.0
A/Texas/ISC-1148/2025_H3N2,2025-02-27,16.5
A/Texas/ISC-1148/2025_H3N2,2025-02-28,11.0
A/Texas/ISC-1148/2025_H3N2,2025-03-01,11.0
A/Texas/ISC-1148/2025_H3N2,2025-03-02,12.5
A/Texas/ISC-1148/2025_H3N2,2025-03-03,24.5
A/Texas/ISC-1148/2025_H3N2,2025-03-04,27.09090909090909
A/Texas/ISC-1148/2025_H3N2,2025-03-05,25.0
A/Texas/ISC-1148/2025_H3N2,2025-03-06,16.09090909090909
A/Texas/ISC-1148/2025_H3N2,2025-03-07,10.5
A/Texas/ISC-1148/2025_H3N2,2025-03-08,4.0
A/Texas/ISC-1148/2025_H3N2,2025-03-09,8.0
A/Texas/ISC-1148/2025_H3N2,2025-03-10,15.5
A/Texas/ISC-1148/2025_H3N2,2025-03-11,15.0
A/Texas/ISC-1148/2025_H3N2,2025-03-12,11.0
A/Texas/ISC-1148/2025_H3N2,2025-03-13,12.5
A/Texas/ISC-1148/2025_H3N2,2025-03-14,4.0
A/Texas/ISC-1148/2025_H3N2,2025-03-15,7.0
A/Texas/ISC-1148/2025_H3N2,2025-03-16,4.0
A/Texas/ISC-1148/2025_H3N2,2025-03-17,15.5
A/Texas/ISC-1148/2025_H3N2,2025-03-18,10.0
A/Texas/ISC-1148/2025_H3N2,2025-03-19,5.0
A/Texas/ISC-1148/2025_H3N2,2025-03-20,9.0
A/Texas/ISC-1148/2025_H3N2,2025-03-21,5.5
A/Texas/ISC-1148/2025_H3N2,2025-03-22,4.0
A/Texas/ISC-1148/2025_H3N2,2025-03-23,5.0
A/Texas/ISC-1148/2025_H3N2,2025-03-24,4.0
A/Texas/ISC-1148/2025_H3N2,2025-03-25,8.5
A/Texas/ISC-1148/2025_H3N2,2025-03-27,8.0
A/Texas/ISC-1148/2025_H3N2,2025-03-28,4.5
A/Texas/ISC-1148/2025_H3N2,2025-03-29,1.0909090909090908
A/Texas/ISC-1148/2025_H3N2,2025-03-30,1.0
A/Texas/ISC-1148/2025_H3N2,2025-03-31,5.5
A/Texas/ISC-1148/2025_H3N2,2025-04-01,3.5
A/Texas/ISC-1148/2025_H3N2,2025-04-02,5.0
A/Texas/ISC-1148/2025_H3N2,2025-04-03,5.5
A/Texas/ISC-1148/2025_H3N2,2025-04-04,2.0
A/Texas/ISC-1148/2025_H3N2,2025-04-05,5.0
A/Texas/ISC-1148/2025_H3N2,2025-04-06,3.0
A/Texas/ISC-1148/2025_H3N2,2025-04-07,3.5
A/Texas/ISC-1148/2025_H3N2,2025-04-08,4.5
A/Texas/ISC-1148/2025_H3N2,2025-04-09,1.0
A/Texas/ISC-1148/2025_H3N2,2025-04-10,3.5
A/Texas/ISC-1148/2025_H3N2,2025-04-11,2.0
A/Texas/ISC-1148/2025_H3N2,2025-04-13,1.5
A/Texas/ISC-1148/2025_H3N2,2025-04-14,4.0
A/Texas/ISC-1148/2025_H3N2,2025-04-16,1.0
A/Texas/ISC-1148/2025_H3N2,2025-04-19,2.0
A/Texas/ISC-1148/2025_H3N2,2025-04-20,1.0
A/Texas/ISC-1148/2025_H3N2,2025-04-21,2.0
A/Texas/ISC-1148/2025_H3N2,2025-04-23,1.0
A/Texas/ISC-1148/2025_H3N2,2025-04-24,0.5
A/Texas/ISC-1148/2025_H3N2,2025-04-25,1.0
A/Texas/ISC-1148/2025_H3N2,2025-04-27,1.0
A/Texas/ISC-1148/2025_H3N2,2025-04-29,1.0
A/Texas/ISC-1148/2025_H3N2,2025-04-30,2.0
A/Texas/ISC-1148/2025_H3N2,2025-05-01,1.0
A/Texas/ISC-1148/2025_H3N2,2025-05-04,1.0
A/Texas/ISC-1148/2025_H3N2,2025-05-06,2.0
A/Texas/ISC-1148/2025_H3N2,2025-05-07,1.0
A/Texas/ISC-1148/2025_H3N2,2025-05-11,1.0
A/Texas/ISC-1148/2025_H3N2,2025-05-12,2.0
A/Texas/ISC-1148/2025_H3N2,2025-05-13,2.0
A/Texas/ISC-1148/2025_H3N2,2025-05-14,3.5
A/Texas/ISC-1148/2025_H3N2,2025-05-15,2.0
A/Texas/ISC-1148/2025_H3N2,2025-05-16,3.0
A/Texas/ISC-1148/2025_H3N2,2025-05-17,3.0
A/Texas/ISC-1148/2025_H3N2,2025-05-18,2.0
A/Texas/ISC-1148/2025_H3N2,2025-05-19,1.0
A/Texas/ISC-1148/2025_H3N2,2025-05-20,2.0
A/Texas/ISC-1148/2025_H3N2,2025-05-21,1.0
A/Texas/ISC-1148/2025_H3N2,2025-05-23,1.0
A/Texas/ISC-1148/2025_H3N2,2025-05-29,1.0
A/Texas/ISC-1148/2025_H3N2,2025-06-02,1.0
A/Texas/ISC-1148/2025_H3N2,2025-06-04,0.09090909090909091
A/Texas/ISC-1148/2025_H3N2,2025-06-07,1.0
A/Texas/ISC-1148/2025_H3N2,2025-06-09,2.0
A/Texas/ISC-1148/2025_H3N2,2025-06-11,1.0
A/Texas/ISC-1148/2025_H3N2,2025-06-20,1.0
A/Texas/ISC-1148/2025_H3N2,2025-07-07,1.0
A/Texas/ISC-1148/2025_H3N2,2025-07-21,1.0
A/Texas/ISC-1148/2025_H3N2,2025-08-06,1.0
A/Texas/ISC-1274/2025_H3N2,2024-09-16,2.0
A/Texas/ISC-1274/2025_H3N2,2024-10-21,1.0
A/Texas/ISC-1274/2025_H3N2,2024-10-24,4.0
A/Texas/ISC-1274/2025_H3N2,2024-10-28,1.0
A/Texas/ISC-1274/2025_H3N2,2024-10-31,1.0
A/Texas/ISC-1274/2025_H3N2,2024-11-04,1.0
A/Texas/ISC-1274/2025_H3N2,2024-11-05,2.0
A/Texas/ISC-1274/2025_H3N2,2024-11-06,1.0
A/Texas/ISC-1274/2025_H3N2,2024-11-07,1.0
A/Texas/ISC-1274/2025_H3N2,2024-11-09,1.0
A/Texas/ISC-1274/2025_H3N2,2024-11-10,1.0
A/Texas/ISC-1274/2025_H3N2,2024-11-11,1.0
A/Texas/ISC-1274/2025_H3N2,2024-11-13,2.0
A/Texas/ISC-1274/2025_H3N2,2024-11-14,1.0
A/Texas/ISC-1274/2025_H3N2,2024-11-16,2.0
A/Texas/ISC-1274/2025_H3N2,2024-11-17,3.0
A/Texas/ISC-1274/2025_H3N2,2024-11-18,2.0
A/Texas/ISC-1274/2025_H3N2,2024-11-19,2.0
A/Texas/ISC-1274/2025_H3N2,2024-11-20,1.0
A/Texas/ISC-1274/2025_H3N2,2024-11-21,3.0
A/Texas/ISC-1274/2025_H3N2,2024-11-22,1.0
A/Texas/ISC-1274/2025_H3N2,2024-11-23,1.0
A/Texas/ISC-1274/2025_H3N2,2024-11-24,1.0
A/Texas/ISC-1274/2025_H3N2,2024-11-25,1.0
A/Texas/ISC-1274/2025_H3N2,2024-11-26,2.0
A/Texas/ISC-1274/2025_H3N2,2024-11-27,5.0
A/Texas/ISC-1274/2025_H3N2,2024-11-28,4.0
A/Texas/ISC-1274/2025_H3N2,2024-11-29,1.0
A/Texas/ISC-1274/2025_H3N2,2024-11-30,1.0
A/Texas/ISC-1274/2025_H3N2,2024-12-01,2.0
A/Texas/ISC-1274/2025_H3N2,2024-12-02,4.0
A/Texas/ISC-1274/2025_H3N2,2024-12-03,3.0
A/Texas/ISC-1274/2025_H3N2,2024-12-07,5.0
A/Texas/ISC-1274/2025_H3N2,2024-12-08,1.0
A/Texas/ISC-1274/2025_H3N2,2024-12-09,4.0
A/Texas/ISC-1274/2025_H3N2,2024-12-10,2.0
A/Texas/ISC-1274/2025_H3N2,2024-12-11,3.0
A/Texas/ISC-1274/2025_H3N2,2024-12-12,1.0
A/Texas/ISC-1274/2025_H3N2,2024-12-13,1.0
A/Texas/ISC-1274/2025_H3N2,2024-12-15,1.0
A/Texas/ISC-1274/2025_H3N2,2024-12-16,4.0
A/Texas/ISC-1274/2025_H3N2,2024-12-17,2.0
A/Texas/ISC-1274/2025_H3N2,2024-12-18,3.0
A/Texas/ISC-1274/2025_H3N2,2024-12-19,2.0
A/Texas/ISC-1274/2025_H3N2,2024-12-20,4.0
A/Texas/ISC-1274/2025_H3N2,2024-12-21,1.0
A/Texas/ISC-1274/2025_H3N2,2024-12-22,5.0
A/Texas/ISC-1274/2025_H3N2,2024-12-23,2.0
A/Texas/ISC-1274/2025_H3N2,2024-12-24,4.0
A/Texas/ISC-1274/2025_H3N2,2024-12-25,3.0
A/Texas/ISC-1274/2025_H3N2,2024-12-26,2.0
A/Texas/ISC-1274/2025_H3N2,2024-12-27,6.0
A/Texas/ISC-1274/2025_H3N2,2024-12-28,1.0
A/Texas/ISC-1274/2025_H3N2,2024-12-29,3.0
A/Texas/ISC-1274/2025_H3N2,2024-12-30,3.0
A/Texas/ISC-1274/2025_H3N2,2024-12-31,3.0
A/Texas/ISC-1274/2025_H3N2,2025-01-01,2.0
A/Texas/ISC-1274/2025_H3N2,2025-01-02,7.0
A/Texas/ISC-1274/2025_H3N2,2025-01-03,4.0
A/Texas/ISC-1274/2025_H3N2,2025-01-04,3.0
A/Texas/ISC-1274/2025_H3N2,2025-01-05,2.0
A/Texas/ISC-1274/2025_H3N2,2025-01-06,4.0
A/Texas/ISC-1274/2025_H3N2,2025-01-07,3.0
A/Texas/ISC-1274/2025_H3N2,2025-01-08,14.0
A/Texas/ISC-1274/2025_H3N2,2025-01-09,1.0
A/Texas/ISC-1274/2025_H3N2,2025-01-10,8.0
A/Texas/ISC-1274/2025_H3N2,2025-01-11,3.0
A/Texas/ISC-1274/2025_H3N2,2025-01-12,3.0
A/Texas/ISC-1274/2025_H3N2,2025-01-13,14.0
A/Texas/ISC-1274/2025_H3N2,2025-01-14,5.0
A/Texas/ISC-1274/2025_H3N2,2025-01-15,2.0
A/Texas/ISC-1274/2025_H3N2,2025-01-16,3.0
A/Texas/ISC-1274/2025_H3N2,2025-01-18,6.0
A/Texas/ISC-1274/2025_H3N2,2025-01-20,19.0
A/Texas/ISC-1274/2025_H3N2,2025-01-21,4.0
A/Texas/ISC-1274/2025_H3N2,2025-01-22,12.0
A/Texas/ISC-1274/2025_H3N2,2025-01-23,4.0
A/Texas/ISC-1274/2025_H3N2,2025-01-24,1.0
A/Texas/ISC-1274/2025_H3N2,2025-01-26,2.0
A/Texas/ISC-1274/2025_H3N2,2025-01-27,3.0
A/Texas/ISC-1274/2025_H3N2,2025-01-28,3.0
A/Texas/ISC-1274/2025_H3N2,2025-01-29,1.0
A/Texas/ISC-1274/2025_H3N2,2025-01-30,3.0
A/Texas/ISC-1274/2025_H3N2,2025-01-31,3.0
A/Texas/ISC-1274/2025_H3N2,2025-02-02,1.0
A/Texas/ISC-1274/2025_H3N2,2025-02-03,7.0
A/Texas/ISC-1274/2025_H3N2,2025-02-04,1.0
A/Texas/ISC-1274/2025_H3N2,2025-02-05,3.0
A/Texas/ISC-1274/2025_H3N2,2025-02-06,4.0
A/Texas/ISC-1274/2025_H3N2,2025-02-07,1.0
A/Texas/ISC-1274/2025_H3N2,2025-02-08,2.0
A/Texas/ISC-1274/2025_H3N2,2025-02-09,3.0
A/Texas/ISC-1274/2025_H3N2,2025-02-10,4.0
A/Texas/ISC-1274/2025_H3N2,2025-02-11,4.0
A/Texas/ISC-1274/2025_H3N2,2025-02-12,5.0
A/Texas/ISC-1274/2025_H3N2,2025-02-13,3.0
A/Texas/ISC-1274/2025_H3N2,2025-02-14,2.0
A/Texas/ISC-1274/2025_H3N2,2025-02-15,4.0
A/Texas/ISC-1274/2025_H3N2,2025-02-17,5.0
A/Texas/ISC-1274/2025_H3N2,2025-02-18,5.0
A/Texas/ISC-1274/2025_H3N2,2025-02-19,2.0
A/Texas/ISC-1274/2025_H3N2,2025-02-20,1.0
A/Texas/ISC-1274/2025_H3N2,2025-02-21,1.0
A/Texas/ISC-1274/2025_H3N2,2025-02-24,4.0
A/Texas/ISC-1274/2025_H3N2,2025-02-25,2.0
A/Texas/ISC-1274/2025_H3N2,2025-02-26,1.0
A/Texas/ISC-1274/2025_H3N2,2025-02-28,3.0
A/Texas/ISC-1274/2025_H3N2,2025-03-03,2.0
A/Texas/ISC-1274/2025_H3N2,2025-03-04,4.0
A/Texas/ISC-1274/2025_H3N2,2025-03-05,1.0
A/Texas/ISC-1274/2025_H3N2,2025-03-06,2.0
A/Texas/ISC-1274/2025_H3N2,2025-03-07,1.0
A/Texas/ISC-1274/2025_H3N2,2025-03-08,3.0
A/Texas/ISC-1274/2025_H3N2,2025-03-09,1.0
A/Texas/ISC-1274/2025_H3N2,2025-03-10,2.0
A/Texas/ISC-1274/2025_H3N2,2025-03-11,2.0
A/Texas/ISC-1274/2025_H3N2,2025-03-12,2.0
A/Texas/ISC-1274/2025_H3N2,2025-03-14,2.0
A/Texas/ISC-1274/2025_H3N2,2025-03-15,1.0
A/Texas/ISC-1274/2025_H3N2,2025-03-16,1.0
A/Texas/ISC-1274/2025_H3N2,2025-03-18,1.0
A/Texas/ISC-1274/2025_H3N2,2025-03-19,1.0
A/Texas/ISC-1274/2025_H3N2,2025-03-20,1.0
A/Texas/ISC-1274/2025_H3N2,2025-03-21,1.0
A/Texas/ISC-1274/2025_H3N2,2025-03-24,1.0
A/Texas/ISC-1274/2025_H3N2,2025-03-26,10.0
A/Texas/ISC-1274/2025_H3N2,2025-03-28,2.0
A/Texas/ISC-1274/2025_H3N2,2025-03-31,2.0
A/Texas/ISC-1274/2025_H3N2,2025-04-02,3.0
A/Texas/ISC-1274/2025_H3N2,2025-04-06,1.0
A/Texas/ISC-1274/2025_H3N2,2025-04-07,2.0
A/Texas/ISC-1274/2025_H3N2,2025-04-09,1.0
A/Texas/ISC-1274/2025_H3N2,2025-04-14,1.0
A/Texas/ISC-1274/2025_H3N2,2025-04-15,1.0
A/Texas/ISC-1274/2025_H3N2,2025-04-16,7.0
A/Texas/ISC-1274/2025_H3N2,2025-04-21,1.0
A/Texas/ISC-1274/2025_H3N2,2025-04-22,1.0
A/Texas/ISC-1274/2025_H3N2,2025-04-27,1.0
A/Texas/ISC-1274/2025_H3N2,2025-04-29,1.0
A/Texas/ISC-1274/2025_H3N2,2025-05-07,1.0
A/Texas/ISC-1274/2025_H3N2,2025-05-20,2.0
A/Texas/ISC-1274/2025_H3N2,2025-06-03,1.0
A/Texas/ISC-1274/2025_H3N2,2025-06-09,1.0
A/Texas/ISC-1322/2025_H3N2,2024-04-29,1.0
A/Texas/ISC-1322/2025_H3N2,2024-05-03,1.0
A/Texas/ISC-1322/2025_H3N2,2024-11-29,1.0
A/Texas/ISC-1322/2025_H3N2,2024-12-03,1.0
A/Texas/ISC-1322/2025_H3N2,2024-12-14,1.0
A/Texas/ISC-1322/2025_H3N2,2024-12-18,1.0
A/Texas/ISC-1322/2025_H3N2,2024-12-27,1.0
A/Texas/ISC-1322/2025_H3N2,2024-12-28,1.0
A/Texas/ISC-1322/2025_H3N2,2025-01-04,1.0
A/Texas/ISC-1322/2025_H3N2,2025-01-07,2.0
A/Texas/ISC-1322/2025_H3N2,2025-01-08,2.0
A/Texas/ISC-1322/2025_H3N2,2025-01-09,2.0
A/Texas/ISC-1322/2025_H3N2,2025-01-10,1.0
A/Texas/ISC-1322/2025_H3N2,2025-01-11,1.0
A/Texas/ISC-1322/2025_H3N2,2025-01-13,2.0
A/Texas/ISC-1322/2025_H3N2,2025-01-14,2.0
A/Texas/ISC-1322/2025_H3N2,2025-01-15,1.0
A/Texas/ISC-1322/2025_H3N2,2025-01-16,2.0
A/Texas/ISC-1322/2025_H3N2,2025-01-17,1.0
A/Texas/ISC-1322/2025_H3N2,2025-01-18,2.0
A/Texas/ISC-1322/2025_H3N2,2025-01-20,1.0
A/Texas/ISC-1322/2025_H3N2,2025-01-22,4.0
A/Texas/ISC-1322/2025_H3N2,2025-01-24,2.0
A/Texas/ISC-1322/2025_H3N2,2025-01-26,1.0
A/Texas/ISC-1322/2025_H3N2,2025-01-27,2.0
A/Texas/ISC-1322/2025_H3N2,2025-01-28,2.0
A/Texas/ISC-1322/2025_H3N2,2025-01-30,4.0
A/Texas/ISC-1322/2025_H3N2,2025-01-31,4.0
A/Texas/ISC-1322/2025_H3N2,2025-02-02,5.0
A/Texas/ISC-1322/2025_H3N2,2025-02-04,3.0
A/Texas/ISC-1322/2025_H3N2,2025-02-05,1.0
A/Texas/ISC-1322/2025_H3N2,2025-02-06,2.0
A/Texas/ISC-1322/2025_H3N2,2025-02-07,4.0
A/Texas/ISC-1322/2025_H3N2,2025-02-09,1.0
A/Texas/ISC-1322/2025_H3N2,2025-02-10,2.0
A/Texas/ISC-1322/2025_H3N2,2025-02-11,1.0
A/Texas/ISC-1322/2025_H3N2,2025-02-12,1.0
A/Texas/ISC-1322/2025_H3N2,2025-02-13,1.0
A/Texas/ISC-1322/2025_H3N2,2025-02-14,3.5
A/Texas/ISC-1322/2025_H3N2,2025-02-15,1.0
A/Texas/ISC-1322/2025_H3N2,2025-02-18,2.0
A/Texas/ISC-1322/2025_H3N2,2025-02-19,3.0
A/Texas/ISC-1322/2025_H3N2,2025-02-20,2.0
A/Texas/ISC-1322/2025_H3N2,2025-02-21,1.0
A/Texas/ISC-1322/2025_H3N2,2025-02-25,1.0
A/Texas/ISC-1322/2025_H3N2,2025-02-28,2.0
A/Texas/ISC-1322/2025_H3N2,2025-03-04,2.0
A/Texas/ISC-1322/2025_H3N2,2025-03-05,1.0
A/Texas/ISC-1322/2025_H3N2,2025-03-06,1.0
A/Texas/ISC-1322/2025_H3N2,2025-03-10,1.0
A/Texas/ISC-1322/2025_H3N2,2025-03-12,1.0
A/Texas/ISC-1322/2025_H3N2,2025-03-13,1.0
A/Texas/ISC-1322/2025_H3N2,2025-03-17,4.0
A/Texas/ISC-1322/2025_H3N2,2025-03-22,1.0
A/Texas/ISC-1322/2025_H3N2,2025-03-25,1.0
A/Texas/ISC-1322/2025_H3N2,2025-03-27,1.0
A/Texas/ISC-1322/2025_H3N2,2025-03-28,1.0
A/Texas/ISC-1322/2025_H3N2,2025-03-30,2.0
A/Texas/ISC-1322/2025_H3N2,2025-03-31,2.0
A/Texas/ISC-1322/2025_H3N2,2025-04-08,2.0
A/Texas/ISC-1322/2025_H3N2,2025-04-12,1.0
A/Texas/ISC-1322/2025_H3N2,2025-04-13,2.0
A/Texas/ISC-1322/2025_H3N2,2025-04-21,2.0
A/Texas/ISC-1322/2025_H3N2,2025-04-23,1.0
A/Texas/ISC-1322/2025_H3N2,2025-04-28,1.0
A/Texas/ISC-1322/2025_H3N2,2025-04-29,1.0
A/Texas/ISC-1322/2025_H3N2,2025-05-02,1.0
A/Texas/ISC-1322/2025_H3N2,2025-05-04,1.0
A/Texas/ISC-1322/2025_H3N2,2025-05-06,1.0
A/Texas/ISC-1322/2025_H3N2,2025-05-08,1.0
A/Texas/ISC-1322/2025_H3N2,2025-05-17,1.0
A/Texas/ISC-1322/2025_H3N2,2025-05-18,1.0
A/Texas/ISC-1322/2025_H3N2,2025-05-19,4.0
A/Texas/ISC-1322/2025_H3N2,2025-05-20,1.0
A/Texas/ISC-1322/2025_H3N2,2025-05-22,1.0
A/Texas/ISC-1322/2025_H3N2,2025-05-28,1.0
A/Texas/ISC-1322/2025_H3N2,2025-06-06,2.0
A/Texas/ISC-1322/2025_H3N2,2025-06-16,1.0
A/Texas/ISC-1322/2025_H3N2,2025-06-19,1.0
A/Texas/ISC-1322/2025_H3N2,2025-07-07,1.0
A/Texas/ISC-1322/2025_H3N2,2025-07-08,1.0
A/Texas/ISC-1342/2025_H3N2,2024-10-29,1.0
A/Texas/ISC-1342/2025_H3N2,2024-11-09,1.0
A/Texas/ISC-1342/2025_H3N2,2024-11-11,1.0
A/Texas/ISC-1342/2025_H3N2,2024-11-29,1.0
A/Texas/ISC-1342/2025_H3N2,2024-12-17,3.0
A/Texas/ISC-1342/2025_H3N2,2024-12-19,1.0
A/Texas/ISC-1342/2025_H3N2,2024-12-20,1.0
A/Texas/ISC-1342/2025_H3N2,2024-12-21,1.0
A/Texas/ISC-1342/2025_H3N2,2024-12-24,1.0
A/Texas/ISC-1342/2025_H3N2,2024-12-26,1.0
A/Texas/ISC-1342/2025_H3N2,2024-12-27,1.0
A/Texas/ISC-1342/2025_H3N2,2024-12-30,2.0
A/Texas/ISC-1342/2025_H3N2,2024-12-31,2.0
A/Texas/ISC-1342/2025_H3N2,2025-01-01,1.0
A/Texas/ISC-1342/2025_H3N2,2025-01-03,4.0
A/Texas/ISC-1342/2025_H3N2,2025-01-04,1.0
A/Texas/ISC-1342/2025_H3N2,2025-01-07,1.0
A/Texas/ISC-1342/2025_H3N2,2025-01-08,4.0
A/Texas/ISC-1342/2025_H3N2,2025-01-11,2.0
A/Texas/ISC-1342/2025_H3N2,2025-01-13,1.0
A/Texas/ISC-1342/2025_H3N2,2025-01-14,3.0
A/Texas/ISC-1342/2025_H3N2,2025-01-15,3.0
A/Texas/ISC-1342/2025_H3N2,2025-01-16,5.0
A/Texas/ISC-1342/2025_H3N2,2025-01-17,6.0
A/Texas/ISC-1342/2025_H3N2,2025-01-19,2.0
A/Texas/ISC-1342/2025_H3N2,2025-01-20,4.0
A/Texas/ISC-1342/2025_H3N2,2025-01-21,4.0
A/Texas/ISC-1342/2025_H3N2,2025-01-22,9.0
A/Texas/ISC-1342/2025_H3N2,2025-01-23,4.0
A/Texas/ISC-1342/2025_H3N2,2025-01-24,6.0
A/Texas/ISC-1342/2025_H3N2,2025-01-25,4.0
A/Texas/ISC-1342/2025_H3N2,2025-01-26,3.0
A/Texas/ISC-1342/2025_H3N2,2025-01-27,6.0
A/Texas/ISC-1342/2025_H3N2,2025-01-28,6.0
A/Texas/ISC-1342/2025_H3N2,2025-01-29,6.0
A/Texas/ISC-1342/2025_H3N2,2025-01-30,6.0
A/Texas/ISC-1342/2025_H3N2,2025-01-31,6.0
A/Texas/ISC-1342/2025_H3N2,2025-02-01,3.0
A/Texas/ISC-1342/2025_H3N2,2025-02-03,7.0
A/Texas/ISC-1342/2025_H3N2,2025-02-04,5.0
A/Texas/ISC-1342/2025_H3N2,2025-02-05,4.0
A/Texas/ISC-1342/2025_H3N2,2025-02-06,11.0
A/Texas/ISC-1342/2025_H3N2,2025-02-07,6.0
A/Texas/ISC-1342/2025_H3N2,2025-02-08,3.0
A/Texas/ISC-1342/2025_H3N2,2025-02-10,3.0
A/Texas/ISC-1342/2025_H3N2,2025-02-11,5.0
A/Texas/ISC-1342/2025_H3N2,2025-02-12,1.0
A/Texas/ISC-1342/2025_H3N2,2025-02-13,2.0
A/Texas/ISC-1342/2025_H3N2,2025-02-15,1.0
A/Texas/ISC-1342/2025_H3N2,2025-02-16,1.0
A/Texas/ISC-1342/2025_H3N2,2025-02-17,2.0
A/Texas/ISC-1342/2025_H3N2,2025-02-19,2.0
A/Texas/ISC-1342/2025_H3N2,2025-02-20,1.0
A/Texas/ISC-1342/2025_H3N2,2025-02-22,1.0
A/Texas/ISC-1342/2025_H3N2,2025-02-23,2.0
A/Texas/ISC-1342/2025_H3N2,2025-02-24,4.0
A/Texas/ISC-1342/2025_H3N2,2025-02-25,1.0
A/Texas/ISC-1342/2025_H3N2,2025-02-26,1.0
A/Texas/ISC-1342/2025_H3N2,2025-02-27,2.0
A/Texas/ISC-1342/2025_H3N2,2025-02-28,1.0
A/Texas/ISC-1342/2025_H3N2,2025-03-01,1.0
A/Texas/ISC-1342/2025_H3N2,2025-03-04,1.0
A/Texas/ISC-1342/2025_H3N2,2025-03-06,2.0
A/Texas/ISC-1342/2025_H3N2,2025-03-07,1.0
A/Texas/ISC-1342/2025_H3N2,2025-03-09,1.0
A/Texas/ISC-1342/2025_H3N2,2025-03-12,1.0
A/Texas/ISC-1342/2025_H3N2,2025-03-13,1.0
A/Texas/ISC-1342/2025_H3N2,2025-03-15,1.0
A/Texas/ISC-1342/2025_H3N2,2025-03-16,1.0
A/Texas/ISC-1342/2025_H3N2,2025-03-17,1.0
A/Texas/ISC-1342/2025_H3N2,2025-03-20,1.0
A/Texas/ISC-1342/2025_H3N2,2025-03-22,1.0
A/Texas/ISC-1342/2025_H3N2,2025-03-23,1.0
A/Texas/ISC-1342/2025_H3N2,2025-03-25,1.0
A/Texas/ISC-1342/2025_H3N2,2025-03-31,1.0
A/Texas/ISC-1342/2025_H3N2,2025-04-06,1.0
A/Texas/ISC-1342/2025_H3N2,2025-04-07,1.0
A/Texas/ISC-1342/2025_H3N2,2025-04-12,1.0
A/Texas/ISC-1342/2025_H3N2,2025-04-21,1.0
A/Texas/ISC-1342/2025_H3N2,2025-05-02,1.0
A/Texas/ISC-1342/2025_H3N2,2025-05-13,1.0
A/Texas/ISC-1342/2025_H3N2,2025-07-29,0.5
A/Thailand/8/2022_H3N2,2024-10-10,1.0
A/Thailand/8/2022_H3N2,2024-10-25,1.0
A/Thailand/8/2022_H3N2,2024-10-28,1.0
A/Thailand/8/2022_H3N2,2024-10-30,1.0
A/Thailand/8/2022_H3N2,2024-11-01,1.0
A/Thailand/8/2022_H3N2,2024-11-22,1.0
A/Thailand/8/2022_H3N2,2024-12-31,1.0
A/Utah/87/2024_H3N2,2024-06-25,0.3333333333333333
A/Utah/87/2024_H3N2,2024-07-26,0.3333333333333333
A/Utah/87/2024_H3N2,2024-08-01,0.3333333333333333
A/Utah/87/2024_H3N2,2024-08-14,0.3333333333333333
A/Utah/87/2024_H3N2,2024-08-15,0.3333333333333333
A/Utah/87/2024_H3N2,2024-08-17,0.3333333333333333
A/Utah/87/2024_H3N2,2024-08-19,0.3333333333333333
A/Utah/87/2024_H3N2,2024-08-29,0.3333333333333333
A/Utah/87/2024_H3N2,2024-09-02,0.6666666666666666
A/Utah/87/2024_H3N2,2024-09-04,0.3333333333333333
A/Utah/87/2024_H3N2,2024-09-12,0.3333333333333333
A/Utah/87/2024_H3N2,2024-09-14,0.6666666666666666
A/Utah/87/2024_H3N2,2024-09-15,0.3333333333333333
A/Utah/87/2024_H3N2,2024-09-17,0.3333333333333333
A/Utah/87/2024_H3N2,2024-09-18,1.3333333333333333
A/Utah/87/2024_H3N2,2024-09-20,1.0
A/Utah/87/2024_H3N2,2024-09-24,0.6666666666666666
A/Utah/87/2024_H3N2,2024-09-30,0.3333333333333333
A/Utah/87/2024_H3N2,2024-10-01,0.6666666666666666
A/Utah/87/2024_H3N2,2024-10-04,0.6666666666666666
A/Utah/87/2024_H3N2,2024-10-05,0.3333333333333333
A/Utah/87/2024_H3N2,2024-10-08,0.3333333333333333
A/Utah/87/2024_H3N2,2024-10-10,1.6666666666666665
A/Utah/87/2024_H3N2,2024-10-11,0.6666666666666666
A/Utah/87/2024_H3N2,2024-10-13,0.3333333333333333
A/Utah/87/2024_H3N2,2024-10-18,0.3333333333333333
A/Utah/87/2024_H3N2,2024-10-20,0.3333333333333333
A/Utah/87/2024_H3N2,2024-10-27,0.6666666666666666
A/Utah/87/2024_H3N2,2024-10-28,0.6666666666666666
A/Utah/87/2024_H3N2,2024-10-30,0.6666666666666666
A/Utah/87/2024_H3N2,2024-10-31,0.3333333333333333
A/Utah/87/2024_H3N2,2024-11-01,0.3333333333333333
A/Utah/87/2024_H3N2,2024-11-02,0.6666666666666666
A/Utah/87/2024_H3N2,2024-11-07,0.6666666666666666
A/Utah/87/2024_H3N2,2024-11-08,1.0
A/Utah/87/2024_H3N2,2024-11-12,0.3333333333333333
A/Utah/87/2024_H3N2,2024-11-17,1.0
A/Utah/87/2024_H3N2,2024-11-18,0.6666666666666666
A/Utah/87/2024_H3N2,2024-11-20,0.6666666666666666
A/Utah/87/2024_H3N2,2024-11-21,0.3333333333333333
A/Utah/87/2024_H3N2,2024-11-25,1.6666666666666665
A/Utah/87/2024_H3N2,2024-11-26,0.3333333333333333
A/Utah/87/2024_H3N2,2024-11-28,1.0
A/Utah/87/2024_H3N2,2024-11-30,0.3333333333333333
A/Utah/87/2024_H3N2,2024-12-02,0.3333333333333333
A/Utah/87/2024_H3N2,2024-12-03,0.3333333333333333
A/Utah/87/2024_H3N2,2024-12-04,0.6666666666666666
A/Utah/87/2024_H3N2,2024-12-13,0.6666666666666666
A/Utah/87/2024_H3N2,2024-12-19,0.3333333333333333
A/Utah/87/2024_H3N2,2024-12-23,0.3333333333333333
A/Utah/87/2024_H3N2,2025-01-01,0.3333333333333333
A/Utah/87/2024_H3N2,2025-01-04,0.3333333333333333
A/Utah/87/2024_H3N2,2025-01-07,0.3333333333333333
A/Utah/87/2024_H3N2,2025-01-08,0.6666666666666666
A/Utah/87/2024_H3N2,2025-01-09,0.3333333333333333
A/Utah/87/2024_H3N2,2025-01-10,0.3333333333333333
A/Utah/87/2024_H3N2,2025-01-14,0.3333333333333333
A/Utah/87/2024_H3N2,2025-01-27,0.3333333333333333
A/Utah/87/2024_H3N2,2025-01-28,0.3333333333333333
A/Utah/87/2024_H3N2,2025-02-02,0.3333333333333333
A/Utah/87/2024_H3N2,2025-02-03,0.3333333333333333
A/Utah/87/2024_H3N2,2025-02-04,0.6666666666666666
A/Utah/87/2024_H3N2,2025-02-06,0.3333333333333333
A/Utah/87/2024_H3N2,2025-02-10,0.8333333333333333
A/Utah/87/2024_H3N2,2025-02-13,0.6666666666666666
A/Utah/87/2024_H3N2,2025-02-14,0.3333333333333333
A/Utah/87/2024_H3N2,2025-02-17,0.3333333333333333
A/Utah/87/2024_H3N2,2025-03-03,0.3333333333333333
A/Utah/87/2024_H3N2,2025-03-06,0.3333333333333333
A/Utah/87/2024_H3N2,2025-03-10,0.3333333333333333
A/Utah/87/2024_H3N2,2025-03-11,0.3333333333333333
A/Utah/87/2024_H3N2,2025-03-27,0.3333333333333333
A/Utah/87/2024_H3N2,2025-04-18,0.3333333333333333
A/Utah/87/2024_H3N2,2025-05-12,0.3333333333333333
A/Utah/94/2024_H3N2,2024-11-07,1.0
A/Utah/94/2024_H3N2,2024-11-24,1.0
A/Utah/94/2024_H3N2,2024-11-26,1.0
A/Utah/94/2024_H3N2,2024-12-15,1.0
A/Utah/94/2024_H3N2,2024-12-16,1.0
A/Utah/94/2024_H3N2,2024-12-18,2.0
A/Utah/94/2024_H3N2,2024-12-19,1.0
A/Utah/94/2024_H3N2,2024-12-20,1.0
A/Utah/94/2024_H3N2,2024-12-22,1.0
A/Utah/94/2024_H3N2,2024-12-25,1.0
A/Utah/94/2024_H3N2,2024-12-29,1.0
A/Utah/94/2024_H3N2,2025-01-02,1.0
A/Utah/94/2024_H3N2,2025-01-10,1.0
A/Utah/94/2024_H3N2,2025-01-11,1.0
A/Utah/94/2024_H3N2,2025-01-13,1.0
A/Utah/94/2024_H3N2,2025-01-15,0.5
A/Utah/94/2024_H3N2,2025-01-16,1.0
A/Utah/94/2024_H3N2,2025-02-17,1.0
A/Utah/94/2024_H3N2,2025-02-19,1.0
A/Vermont/13/2025_H3N2,2024-07-09,0.25
A/Vermont/13/2025_H3N2,2024-07-21,0.25
A/Vermont/13/2025_H3N2,2024-08-20,0.25
A/Vermont/13/2025_H3N2,2024-09-16,0.25
A/Vermont/13/2025_H3N2,2024-10-30,0.25
A/Vermont/13/2025_H3N2,2024-11-06,0.25
A/Vermont/13/2025_H3N2,2024-11-08,0.25
A/Vermont/13/2025_H3N2,2024-11-11,0.25
A/Vermont/13/2025_H3N2,2024-11-20,1.0
A/Vermont/13/2025_H3N2,2024-11-29,0.25
A/Vermont/13/2025_H3N2,2024-12-01,0.5
A/Vermont/13/2025_H3N2,2024-12-12,0.5
A/Vermont/13/2025_H3N2,2024-12-16,0.25
A/Vermont/13/2025_H3N2,2024-12-19,0.25
A/Vermont/13/2025_H3N2,2024-12-20,1.0
A/Vermont/13/2025_H3N2,2024-12-22,1.0
A/Vermont/13/2025_H3N2,2024-12-23,0.25
A/Vermont/13/2025_H3N2,2024-12-24,0.75
A/Vermont/13/2025_H3N2,2024-12-28,0.25
A/Vermont/13/2025_H3N2,2024-12-29,0.5
A/Vermont/13/2025_H3N2,2024-12-30,0.75
A/Vermont/13/2025_H3N2,2025-01-01,0.25
A/Vermont/13/2025_H3N2,2025-01-05,0.25
A/Vermont/13/2025_H3N2,2025-01-08,0.25
A/Vermont/13/2025_H3N2,2025-01-09,0.25
A/Vermont/13/2025_H3N2,2025-01-10,0.25
A/Vermont/13/2025_H3N2,2025-01-12,0.5
A/Vermont/13/2025_H3N2,2025-01-13,0.25
A/Vermont/13/2025_H3N2,2025-01-14,1.25
A/Vermont/13/2025_H3N2,2025-01-17,0.25
A/Vermont/13/2025_H3N2,2025-01-18,0.25
A/Vermont/13/2025_H3N2,2025-01-20,0.5
A/Vermont/13/2025_H3N2,2025-01-21,0.25
A/Vermont/13/2025_H3N2,2025-01-22,0.75
A/Vermont/13/2025_H3N2,2025-01-23,0.25
A/Vermont/13/2025_H3N2,2025-01-25,0.25
A/Vermont/13/2025_H3N2,2025-01-26,0.5
A/Vermont/13/2025_H3N2,2025-01-27,0.5
A/Vermont/13/2025_H3N2,2025-01-30,1.0
A/Vermont/13/2025_H3N2,2025-01-31,0.25
A/Vermont/13/2025_H3N2,2025-02-03,1.5
A/Vermont/13/2025_H3N2,2025-02-04,0.75
A/Vermont/13/2025_H3N2,2025-02-05,0.5
A/Vermont/13/2025_H3N2,2025-02-06,0.5
A/Vermont/13/2025_H3N2,2025-02-07,0.5
A/Vermont/13/2025_H3N2,2025-02-08,2.0
A/Vermont/13/2025_H3N2,2025-02-09,0.75
A/Vermont/13/2025_H3N2,2025-02-10,2.75
A/Vermont/13/2025_H3N2,2025-02-11,1.5
A/Vermont/13/2025_H3N2,2025-02-12,5.75
A/Vermont/13/2025_H3N2,2025-02-13,0.75
A/Vermont/13/2025_H3N2,2025-02-14,1.0
A/Vermont/13/2025_H3N2,2025-02-15,0.25
A/Vermont/13/2025_H3N2,2025-02-16,0.25
A/Vermont/13/2025_H3N2,2025-02-17,1.75
A/Vermont/13/2025_H3N2,2025-02-19,0.25
A/Vermont/13/2025_H3N2,2025-02-20,1.0
A/Vermont/13/2025_H3N2,2025-02-24,0.25
A/Vermont/13/2025_H3N2,2025-02-25,1.75
A/Vermont/13/2025_H3N2,2025-02-26,2.5
A/Vermont/13/2025_H3N2,2025-02-27,1.25
A/Vermont/13/2025_H3N2,2025-02-28,0.5
A/Vermont/13/2025_H3N2,2025-03-01,0.25
A/Vermont/13/2025_H3N2,2025-03-03,0.5
A/Vermont/13/2025_H3N2,2025-03-05,0.25
A/Vermont/13/2025_H3N2,2025-03-08,0.25
A/Vermont/13/2025_H3N2,2025-03-09,0.25
A/Vermont/13/2025_H3N2,2025-03-10,0.5
A/Vermont/13/2025_H3N2,2025-03-11,0.5
A/Vermont/13/2025_H3N2,2025-03-12,0.5
A/Vermont/13/2025_H3N2,2025-03-14,0.25
A/Vermont/13/2025_H3N2,2025-03-16,0.25
A/Vermont/13/2025_H3N2,2025-03-17,0.75
A/Vermont/13/2025_H3N2,2025-03-18,0.75
A/Vermont/13/2025_H3N2,2025-03-19,2.25
A/Vermont/13/2025_H3N2,2025-03-21,0.5
A/Vermont/13/2025_H3N2,2025-03-22,1.0
A/Vermont/13/2025_H3N2,2025-03-24,0.25
A/Vermont/13/2025_H3N2,2025-03-25,0.25
A/Vermont/13/2025_H3N2,2025-03-26,1.0
A/Vermont/13/2025_H3N2,2025-03-29,0.25
A/Vermont/13/2025_H3N2,2025-04-01,0.25
A/Vermont/13/2025_H3N2,2025-04-03,0.25
A/Vermont/13/2025_H3N2,2025-04-04,1.0
A/Vermont/13/2025_H3N2,2025-04-18,0.25
A/Victoria/3480/2024_H3N2,2024-05-03,0.16666666666666666
A/Victoria/3480/2024_H3N2,2024-05-08,0.5
A/Victoria/3480/2024_H3N2,2024-05-09,0.16666666666666666
A/Victoria/3480/2024_H3N2,2024-05-15,0.16666666666666666
A/Victoria/3480/2024_H3N2,2024-05-23,0.16666666666666666
A/Victoria/3480/2024_H3N2,2024-05-24,0.16666666666666666
A/Victoria/3480/2024_H3N2,2024-06-02,0.3333333333333333
A/Victoria/3480/2024_H3N2,2024-06-03,0.16666666666666666
A/Victoria/3480/2024_H3N2,2024-06-04,0.3333333333333333
A/Victoria/3480/2024_H3N2,2024-06-06,0.16666666666666666
A/Victoria/3480/2024_H3N2,2024-06-07,0.3333333333333333
A/Victoria/3480/2024_H3N2,2024-06-08,0.16666666666666666
A/Victoria/3480/2024_H3N2,2024-06-09,0.5
A/Victoria/3480/2024_H3N2,2024-06-10,0.5
A/Victoria/3480/2024_H3N2,2024-06-11,0.3333333333333333
A/Victoria/3480/2024_H3N2,2024-06-14,0.16666666666666666
A/Victoria/3480/2024_H3N2,2024-06-15,0.3333333333333333
A/Victoria/3480/2024_H3N2,2024-06-18,0.3333333333333333
A/Victoria/3480/2024_H3N2,2024-06-20,0.16666666666666666
A/Victoria/3480/2024_H3N2,2024-06-21,0.16666666666666666
A/Victoria/3480/2024_H3N2,2024-06-22,0.3333333333333333
A/Victoria/3480/2024_H3N2,2024-06-23,0.16666666666666666
A/Victoria/3480/2024_H3N2,2024-06-24,0.6666666666666666
A/Victoria/3480/2024_H3N2,2024-06-25,0.16666666666666666
A/Victoria/3480/2024_H3N2,2024-06-28,0.16666666666666666
A/Victoria/3480/2024_H3N2,2024-06-30,0.16666666666666666
A/Victoria/3480/2024_H3N2,2024-07-02,0.5
A/Victoria/3480/2024_H3N2,2024-07-04,0.3333333333333333
A/Victoria/3480/2024_H3N2,2024-07-05,0.16666666666666666
A/Victoria/3480/2024_H3N2,2024-07-06,0.3333333333333333
A/Victoria/3480/2024_H3N2,2024-07-08,0.3333333333333333
A/Victoria/3480/2024_H3N2,2024-07-09,0.3333333333333333
A/Victoria/3480/2024_H3N2,2024-07-10,0.6666666666666666
A/Victoria/3480/2024_H3N2,2024-07-11,0.16666666666666666
A/Victoria/3480/2024_H3N2,2024-07-12,0.3333333333333333
A/Victoria/3480/2024_H3N2,2024-07-14,0.3333333333333333
A/Victoria/3480/2024_H3N2,2024-07-15,0.16666666666666666
A/Victoria/3480/2024_H3N2,2024-07-16,0.5
A/Victoria/3480/2024_H3N2,2024-07-17,0.3333333333333333
A/Victoria/3480/2024_H3N2,2024-07-18,0.6666666666666666
A/Victoria/3480/2024_H3N2,2024-07-19,0.3333333333333333
A/Victoria/3480/2024_H3N2,2024-07-20,0.16666666666666666
A/Victoria/3480/2024_H3N2,2024-07-21,0.3333333333333333
A/Victoria/3480/2024_H3N2,2024-07-22,0.5
A/Victoria/3480/2024_H3N2,2024-07-23,0.16666666666666666
A/Victoria/3480/2024_H3N2,2024-07-24,0.5
A/Victoria/3480/2024_H3N2,2024-07-26,0.16666666666666666
A/Victoria/3480/2024_H3N2,2024-07-27,0.16666666666666666
A/Victoria/3480/2024_H3N2,2024-07-29,0.16666666666666666
A/Victoria/3480/2024_H3N2,2024-07-30,0.3333333333333333
A/Victoria/3480/2024_H3N2,2024-07-31,0.16666666666666666
A/Victoria/3480/2024_H3N2,2024-08-01,0.5
A/Victoria/3480/2024_H3N2,2024-08-02,0.3333333333333333
A/Victoria/3480/2024_H3N2,2024-08-03,0.16666666666666666
A/Victoria/3480/2024_H3N2,2024-08-04,0.3333333333333333
A/Victoria/3480/2024_H3N2,2024-08-05,0.16666666666666666
A/Victoria/3480/2024_H3N2,2024-08-06,1.0
A/Victoria/3480/2024_H3N2,2024-08-07,0.6666666666666666
A/Victoria/3480/2024_H3N2,2024-08-08,0.3333333333333333
A/Victoria/3480/2024_H3N2,2024-08-09,0.16666666666666666
A/Victoria/3480/2024_H3N2,2024-08-11,0.16666666666666666
A/Victoria/3480/2024_H3N2,2024-08-12,0.3333333333333333
A/Victoria/3480/2024_H3N2,2024-08-15,0.16666666666666666
A/Victoria/3480/2024_H3N2,2024-08-18,0.16666666666666666
A/Victoria/3480/2024_H3N2,2024-08-19,0.16666666666666666
A/Victoria/3480/2024_H3N2,2024-08-20,0.16666666666666666
A/Victoria/3480/2024_H3N2,2024-08-21,0.3333333333333333
A/Victoria/3480/2024_H3N2,2024-08-26,0.3333333333333333
A/Victoria/3480/2024_H3N2,2024-09-01,0.16666666666666666
A/Victoria/3480/2024_H3N2,2024-09-03,0.3333333333333333
A/Victoria/3480/2024_H3N2,2024-09-04,0.8333333333333333
A/Victoria/3480/2024_H3N2,2024-09-08,0.3333333333333333
A/Victoria/3480/2024_H3N2,2024-09-09,0.16666666666666666
A/Victoria/3480/2024_H3N2,2024-09-10,0.16666666666666666
A/Victoria/3480/2024_H3N2,2024-09-13,0.16666666666666666
A/Victoria/3480/2024_H3N2,2024-09-14,0.16666666666666666
A/Victoria/3480/2024_H3N2,2024-09-20,0.3333333333333333
A/Victoria/3480/2024_H3N2,2024-09-22,0.3333333333333333
A/Victoria/3480/2024_H3N2,2024-09-30,0.16666666666666666
A/Victoria/3480/2024_H3N2,2024-10-02,0.16666666666666666
A/Victoria/3480/2024_H3N2,2024-10-11,0.16666666666666666
A/Victoria/3480/2024_H3N2,2024-10-17,0.16666666666666666
A/Victoria/3480/2024_H3N2,2024-10-29,0.16666666666666666
A/Victoria/3480/2024_H3N2,2024-11-04,0.16666666666666666
A/Victoria/3480/2024_H3N2,2024-11-07,0.6666666666666666
A/Victoria/3480/2024_H3N2,2024-11-08,0.16666666666666666
A/Victoria/3480/2024_H3N2,2024-11-11,0.16666666666666666
A/Victoria/3480/2024_H3N2,2024-11-12,0.16666666666666666
A/Victoria/3480/2024_H3N2,2024-11-15,1.1666666666666667
A/Victoria/3480/2024_H3N2,2024-11-17,0.16666666666666666
A/Victoria/3480/2024_H3N2,2024-11-19,0.16666666666666666
A/Victoria/3480/2024_H3N2,2024-11-24,1.0
A/Victoria/3480/2024_H3N2,2024-11-26,0.16666666666666666
A/Victoria/3480/2024_H3N2,2024-11-29,0.16666666666666666
A/Victoria/3480/2024_H3N2,2024-11-30,1.0
A/Victoria/3480/2024_H3N2,2024-12-05,1.0
A/Victoria/3480/2024_H3N2,2024-12-08,0.16666666666666666
A/Victoria/3480/2024_H3N2,2024-12-25,0.16666666666666666
A/Victoria/3480/2024_H3N2,2025-01-14,0.16666666666666666
A/Victoria/3480/2024_H3N2,2025-02-13,0.16666666666666666
A/Victoria/3480/2024_H3N2,2025-02-20,0.16666666666666666
A/Victoria/3480/2024_H3N2,2025-02-24,0.3333333333333333
A/Victoria/3480/2024_H3N2,2025-03-04,0.16666666666666666
A/Victoria/3482/2024_H3N2,2024-06-03,0.5
A/Victoria/3482/2024_H3N2,2024-07-02,0.5
A/Victoria/3482/2024_H3N2,2024-07-30,1.0
A/Victoria/3482/2024_H3N2,2024-08-19,0.5
A/Victoria/3482/2024_H3N2,2024-11-19,1.0
A/Victoria/3482/2024_H3N2,2024-12-05,1.0
A/Victoria/3482/2024_H3N2,2024-12-10,1.0
A/Victoria/3482/2024_H3N2,2024-12-30,1.0
A/Victoria/3482/2024_H3N2,2024-12-31,2.0
A/Victoria/3482/2024_H3N2,2025-01-02,1.0
A/Victoria/3482/2024_H3N2,2025-01-09,2.0
A/Victoria/3482/2024_H3N2,2025-01-11,1.0
A/Victoria/3482/2024_H3N2,2025-01-15,1.0
A/Victoria/3482/2024_H3N2,2025-01-17,1.0
A/Victoria/3482/2024_H3N2,2025-01-23,1.0
A/Victoria/3482/2024_H3N2,2025-01-26,1.0
A/Victoria/3482/2024_H3N2,2025-01-27,1.0
A/Victoria/3482/2024_H3N2,2025-01-28,1.0
A/Victoria/3482/2024_H3N2,2025-01-29,2.5
A/Victoria/3482/2024_H3N2,2025-01-30,2.0
A/Victoria/3482/2024_H3N2,2025-02-02,1.0
A/Victoria/3482/2024_H3N2,2025-02-03,2.0
A/Victoria/3482/2024_H3N2,2025-02-05,1.0
A/Victoria/3482/2024_H3N2,2025-02-06,1.0
A/Victoria/3482/2024_H3N2,2025-02-07,2.0
A/Victoria/3482/2024_H3N2,2025-02-08,1.0
A/Victoria/3482/2024_H3N2,2025-02-10,3.0
A/Victoria/3482/2024_H3N2,2025-02-13,1.0
A/Victoria/3482/2024_H3N2,2025-02-17,1.0
A/Victoria/3482/2024_H3N2,2025-02-18,2.5
A/Victoria/3482/2024_H3N2,2025-02-19,1.0
A/Victoria/3482/2024_H3N2,2025-02-20,2.0
A/Victoria/3482/2024_H3N2,2025-02-24,1.0
A/Victoria/3482/2024_H3N2,2025-02-25,1.0
A/Victoria/3482/2024_H3N2,2025-02-26,1.0
A/Victoria/3482/2024_H3N2,2025-02-28,2.0
A/Victoria/3482/2024_H3N2,2025-03-01,1.0
A/Victoria/3482/2024_H3N2,2025-03-04,2.0
A/Victoria/3482/2024_H3N2,2025-03-05,1.0
A/Victoria/3482/2024_H3N2,2025-03-07,1.0
A/Victoria/3482/2024_H3N2,2025-03-08,1.0
A/Victoria/3482/2024_H3N2,2025-03-10,2.0
A/Victoria/3482/2024_H3N2,2025-03-11,1.0
A/Victoria/3482/2024_H3N2,2025-03-16,1.0
A/Victoria/3482/2024_H3N2,2025-03-17,1.0
A/Victoria/3482/2024_H3N2,2025-03-24,1.5
A/Victoria/3482/2024_H3N2,2025-03-27,1.0
A/Victoria/3482/2024_H3N2,2025-03-28,1.0
A/Victoria/3482/2024_H3N2,2025-03-31,1.0
A/Victoria/3482/2024_H3N2,2025-04-04,1.0
A/Victoria/3482/2024_H3N2,2025-04-18,2.0
A/Victoria/3482/2024_H3N2,2025-04-22,1.0
A/Victoria/46/2024_H3N2,2024-04-28,2.8181818181818183
A/Victoria/46/2024_H3N2,2024-04-29,10.90909090909091
A/Victoria/46/2024_H3N2,2024-04-30,4.2272727272727275
A/Victoria/46/2024_H3N2,2024-05-01,3.1363636363636362
A/Victoria/46/2024_H3N2,2024-05-02,2.4545454545454546
A/Victoria/46/2024_H3N2,2024-05-03,4.318181818181818
A/Victoria/46/2024_H3N2,2024-05-04,4.2272727272727275
A/Victoria/46/2024_H3N2,2024-05-05,5.7272727272727275
A/Victoria/46/2024_H3N2,2024-05-06,3.5454545454545454
A/Victoria/46/2024_H3N2,2024-05-07,4.681818181818182
A/Victoria/46/2024_H3N2,2024-05-08,2.909090909090909
A/Victoria/46/2024_H3N2,2024-05-09,3.3636363636363638
A/Victoria/46/2024_H3N2,2024-05-10,3.6363636363636362
A/Victoria/46/2024_H3N2,2024-05-11,4.045454545454545
A/Victoria/46/2024_H3N2,2024-05-12,2.272727272727273
A/Victoria/46/2024_H3N2,2024-05-13,8.40909090909091
A/Victoria/46/2024_H3N2,2024-05-14,4.909090909090909
A/Victoria/46/2024_H3N2,2024-05-15,6.424242424242424
A/Victoria/46/2024_H3N2,2024-05-16,3.3181818181818183
A/Victoria/46/2024_H3N2,2024-05-17,4.545454545454545
A/Victoria/46/2024_H3N2,2024-05-18,1.8181818181818181
A/Victoria/46/2024_H3N2,2024-05-19,2.5454545454545454
A/Victoria/46/2024_H3N2,2024-05-20,5.090909090909091
A/Victoria/46/2024_H3N2,2024-05-21,3.4545454545454546
A/Victoria/46/2024_H3N2,2024-05-22,9.090909090909092
A/Victoria/46/2024_H3N2,2024-05-23,4.090909090909091
A/Victoria/46/2024_H3N2,2024-05-24,4.2272727272727275
A/Victoria/46/2024_H3N2,2024-05-25,5.2727272727272725
A/Victoria/46/2024_H3N2,2024-05-26,1.1818181818181819
A/Victoria/46/2024_H3N2,2024-05-27,3.909090909090909
A/Victoria/46/2024_H3N2,2024-05-28,5.2727272727272725
A/Victoria/46/2024_H3N2,2024-05-29,5.545454545454545
A/Victoria/46/2024_H3N2,2024-05-30,8.272727272727273
A/Victoria/46/2024_H3N2,2024-05-31,7.454545454545454
A/Victoria/46/2024_H3N2,2024-06-01,1.6818181818181819
A/Victoria/46/2024_H3N2,2024-06-02,1.8636363636363638
A/Victoria/46/2024_H3N2,2024-06-03,7.545454545454546
A/Victoria/46/2024_H3N2,2024-06-04,2.4545454545454546
A/Victoria/46/2024_H3N2,2024-06-05,3.1363636363636362
A/Victoria/46/2024_H3N2,2024-06-06,4.090909090909091
A/Victoria/46/2024_H3N2,2024-06-07,2.0
A/Victoria/46/2024_H3N2,2024-06-08,2.1818181818181817
A/Victoria/46/2024_H3N2,2024-06-09,3.6818181818181817
A/Victoria/46/2024_H3N2,2024-06-10,7.454545454545454
A/Victoria/46/2024_H3N2,2024-06-11,2.4545454545454546
A/Victoria/46/2024_H3N2,2024-06-12,3.818181818181818
A/Victoria/46/2024_H3N2,2024-06-13,1.0909090909090908
A/Victoria/46/2024_H3N2,2024-06-14,0.8636363636363638
A/Victoria/46/2024_H3N2,2024-06-15,2.1818181818181817
A/Victoria/46/2024_H3N2,2024-06-16,1.606060606060606
A/Victoria/46/2024_H3N2,2024-06-17,3.5454545454545454
A/Victoria/46/2024_H3N2,2024-06-18,4.363636363636363
A/Victoria/46/2024_H3N2,2024-06-19,2.9545454545454546
A/Victoria/46/2024_H3N2,2024-06-20,1.696969696969697
A/Victoria/46/2024_H3N2,2024-06-21,3.0
A/Victoria/46/2024_H3N2,2024-06-22,1.5909090909090908
A/Victoria/46/2024_H3N2,2024-06-24,8.15151515151515
A/Victoria/46/2024_H3N2,2024-06-25,9.696969696969697
A/Victoria/46/2024_H3N2,2024-06-26,1.2727272727272727
A/Victoria/46/2024_H3N2,2024-06-27,2.3636363636363638
A/Victoria/46/2024_H3N2,2024-06-28,2.9545454545454546
A/Victoria/46/2024_H3N2,2024-06-29,4.833333333333333
A/Victoria/46/2024_H3N2,2024-06-30,2.272727272727273
A/Victoria/46/2024_H3N2,2024-07-01,2.3636363636363638
A/Victoria/46/2024_H3N2,2024-07-02,1.6818181818181819
A/Victoria/46/2024_H3N2,2024-07-03,8.09090909090909
A/Victoria/46/2024_H3N2,2024-07-04,1.0
A/Victoria/46/2024_H3N2,2024-07-05,4.2727272727272725
A/Victoria/46/2024_H3N2,2024-07-07,1.0909090909090908
A/Victoria/46/2024_H3N2,2024-07-08,3.090909090909091
A/Victoria/46/2024_H3N2,2024-07-09,6.363636363636363
A/Victoria/46/2024_H3N2,2024-07-10,0.2727272727272727
A/Victoria/46/2024_H3N2,2024-07-11,0.5151515151515151
A/Victoria/46/2024_H3N2,2024-07-12,2.1818181818181817
A/Victoria/46/2024_H3N2,2024-07-13,0.09090909090909091
A/Victoria/46/2024_H3N2,2024-07-14,2.090909090909091
A/Victoria/46/2024_H3N2,2024-07-15,3.9393939393939394
A/Victoria/46/2024_H3N2,2024-07-16,1.3636363636363638
A/Victoria/46/2024_H3N2,2024-07-17,4.636363636363637
A/Victoria/46/2024_H3N2,2024-07-18,4.363636363636363
A/Victoria/46/2024_H3N2,2024-07-19,6.090909090909091
A/Victoria/46/2024_H3N2,2024-07-21,0.5
A/Victoria/46/2024_H3N2,2024-07-22,4.2727272727272725
A/Victoria/46/2024_H3N2,2024-07-23,8.181818181818182
A/Victoria/46/2024_H3N2,2024-07-24,1.5
A/Victoria/46/2024_H3N2,2024-07-26,1.5151515151515151
A/Victoria/46/2024_H3N2,2024-07-27,2.0
A/Victoria/46/2024_H3N2,2024-07-28,4.090909090909091
A/Victoria/46/2024_H3N2,2024-07-29,3.590909090909091
A/Victoria/46/2024_H3N2,2024-07-30,1.4242424242424243
A/Victoria/46/2024_H3N2,2024-07-31,2.1818181818181817
A/Victoria/46/2024_H3N2,2024-08-01,4.424242424242424
A/Victoria/46/2024_H3N2,2024-08-02,1.2727272727272727
A/Victoria/46/2024_H3N2,2024-08-03,0.6818181818181819
A/Victoria/46/2024_H3N2,2024-08-04,2.0
A/Victoria/46/2024_H3N2,2024-08-05,5.2727272727272725
A/Victoria/46/2024_H3N2,2024-08-06,0.6818181818181819
A/Victoria/46/2024_H3N2,2024-08-07,0.6818181818181819
A/Victoria/46/2024_H3N2,2024-08-08,4.5
A/Victoria/46/2024_H3N2,2024-08-09,2.0
A/Victoria/46/2024_H3N2,2024-08-10,0.18181818181818182
A/Victoria/46/2024_H3N2,2024-08-11,0.5909090909090909
A/Victoria/46/2024_H3N2,2024-08-12,5.181818181818182
A/Victoria/46/2024_H3N2,2024-08-13,3.0
A/Victoria/46/2024_H3N2,2024-08-14,2.1666666666666665
A/Victoria/46/2024_H3N2,2024-08-15,2.833333333333333
A/Victoria/46/2024_H3N2,2024-08-16,2.090909090909091
A/Victoria/46/2024_H3N2,2024-08-17,1.9242424242424243
A/Victoria/46/2024_H3N2,2024-08-18,2.0
A/Victoria/46/2024_H3N2,2024-08-19,1.8333333333333333
A/Victoria/46/2024_H3N2,2024-08-20,3.090909090909091
A/Victoria/46/2024_H3N2,2024-08-21,1.2727272727272727
A/Victoria/46/2024_H3N2,2024-08-22,0.18181818181818182
A/Victoria/46/2024_H3N2,2024-08-23,1.0909090909090908
A/Victoria/46/2024_H3N2,2024-08-24,2.0
A/Victoria/46/2024_H3N2,2024-08-25,1.0909090909090908
A/Victoria/46/2024_H3N2,2024-08-26,3.090909090909091
A/Victoria/46/2024_H3N2,2024-08-27,3.590909090909091
A/Victoria/46/2024_H3N2,2024-08-28,3.0
A/Victoria/46/2024_H3N2,2024-08-29,8.424242424242424
A/Victoria/46/2024_H3N2,2024-08-30,2.5
A/Victoria/46/2024_H3N2,2024-08-31,1.0909090909090908
A/Victoria/46/2024_H3N2,2024-09-01,2.0
A/Victoria/46/2024_H3N2,2024-09-02,3.6666666666666665
A/Victoria/46/2024_H3N2,2024-09-03,2.0
A/Victoria/46/2024_H3N2,2024-09-04,2.3484848484848486
A/Victoria/46/2024_H3N2,2024-09-07,1.0
A/Victoria/46/2024_H3N2,2024-09-09,3.8636363636363638
A/Victoria/46/2024_H3N2,2024-09-11,1.0
A/Victoria/46/2024_H3N2,2024-09-12,0.4242424242424242
A/Victoria/46/2024_H3N2,2024-09-14,1.6666666666666665
A/Victoria/46/2024_H3N2,2024-09-15,2.3333333333333335
A/Victoria/46/2024_H3N2,2024-09-16,4.181818181818182
A/Victoria/46/2024_H3N2,2024-09-17,2.4242424242424243
A/Victoria/46/2024_H3N2,2024-09-18,2.333333333333333
A/Victoria/46/2024_H3N2,2024-09-20,5.0
A/Victoria/46/2024_H3N2,2024-09-21,1.0909090909090908
A/Victoria/46/2024_H3N2,2024-09-22,2.0
A/Victoria/46/2024_H3N2,2024-09-23,0.18181818181818182
A/Victoria/46/2024_H3N2,2024-09-24,1.6666666666666665
A/Victoria/46/2024_H3N2,2024-09-26,0.2727272727272727
A/Victoria/46/2024_H3N2,2024-09-27,1.1818181818181819
A/Victoria/46/2024_H3N2,2024-09-28,1.0909090909090908
A/Victoria/46/2024_H3N2,2024-09-29,1.0909090909090908
A/Victoria/46/2024_H3N2,2024-09-30,0.5151515151515151
A/Victoria/46/2024_H3N2,2024-10-01,3.6666666666666665
A/Victoria/46/2024_H3N2,2024-10-02,3.0
A/Victoria/46/2024_H3N2,2024-10-03,4.090909090909091
A/Victoria/46/2024_H3N2,2024-10-04,0.9393939393939393
A/Victoria/46/2024_H3N2,2024-10-05,0.3333333333333333
A/Victoria/46/2024_H3N2,2024-10-06,1.0
A/Victoria/46/2024_H3N2,2024-10-07,3.1818181818181817
A/Victoria/46/2024_H3N2,2024-10-08,1.3333333333333333
A/Victoria/46/2024_H3N2,2024-10-09,5.5
A/Victoria/46/2024_H3N2,2024-10-10,2.6666666666666665
A/Victoria/46/2024_H3N2,2024-10-11,2.1666666666666665
A/Victoria/46/2024_H3N2,2024-10-12,2.0
A/Victoria/46/2024_H3N2,2024-10-13,1.6666666666666665
A/Victoria/46/2024_H3N2,2024-10-14,0.18181818181818182
A/Victoria/46/2024_H3N2,2024-10-16,3.0
A/Victoria/46/2024_H3N2,2024-10-17,5.090909090909091
A/Victoria/46/2024_H3N2,2024-10-18,3.4242424242424243
A/Victoria/46/2024_H3N2,2024-10-19,1.0909090909090908
A/Victoria/46/2024_H3N2,2024-10-20,1.8333333333333333
A/Victoria/46/2024_H3N2,2024-10-21,2.0
A/Victoria/46/2024_H3N2,2024-10-22,1.0909090909090908
A/Victoria/46/2024_H3N2,2024-10-24,2.3333333333333335
A/Victoria/46/2024_H3N2,2024-10-25,3.0
A/Victoria/46/2024_H3N2,2024-10-26,1.0
A/Victoria/46/2024_H3N2,2024-10-27,0.6666666666666666
A/Victoria/46/2024_H3N2,2024-10-28,4.757575757575758
A/Victoria/46/2024_H3N2,2024-10-29,6.0
A/Victoria/46/2024_H3N2,2024-10-30,2.6666666666666665
A/Victoria/46/2024_H3N2,2024-10-31,3.757575757575758
A/Victoria/46/2024_H3N2,2024-11-01,4.424242424242424
A/Victoria/46/2024_H3N2,2024-11-02,1.8484848484848486
A/Victoria/46/2024_H3N2,2024-11-03,1.0909090909090908
A/Victoria/46/2024_H3N2,2024-11-04,4.090909090909091
A/Victoria/46/2024_H3N2,2024-11-05,4.5
A/Victoria/46/2024_H3N2,2024-11-06,3.0
A/Victoria/46/2024_H3N2,2024-11-07,3.8484848484848486
A/Victoria/46/2024_H3N2,2024-11-08,2.0
A/Victoria/46/2024_H3N2,2024-11-09,1.5909090909090908
A/Victoria/46/2024_H3N2,2024-11-10,3.0
A/Victoria/46/2024_H3N2,2024-11-11,4.0
A/Victoria/46/2024_H3N2,2024-11-12,2.015151515151515
A/Victoria/46/2024_H3N2,2024-11-13,4.090909090909091
A/Victoria/46/2024_H3N2,2024-11-14,4.0
A/Victoria/46/2024_H3N2,2024-11-15,3.0
A/Victoria/46/2024_H3N2,2024-11-16,3.090909090909091
A/Victoria/46/2024_H3N2,2024-11-17,5.090909090909091
A/Victoria/46/2024_H3N2,2024-11-18,4.666666666666666
A/Victoria/46/2024_H3N2,2024-11-19,8.0
A/Victoria/46/2024_H3N2,2024-11-20,9.257575757575758
A/Victoria/46/2024_H3N2,2024-11-21,3.4242424242424243
A/Victoria/46/2024_H3N2,2024-11-22,4.681818181818182
A/Victoria/46/2024_H3N2,2024-11-23,2.3333333333333335
A/Victoria/46/2024_H3N2,2024-11-24,3.0
A/Victoria/46/2024_H3N2,2024-11-25,9.5
A/Victoria/46/2024_H3N2,2024-11-26,3.833333333333333
A/Victoria/46/2024_H3N2,2024-11-27,5.0
A/Victoria/46/2024_H3N2,2024-11-28,5.5
A/Victoria/46/2024_H3N2,2024-11-29,4.590909090909091
A/Victoria/46/2024_H3N2,2024-11-30,4.166666666666667
A/Victoria/46/2024_H3N2,2024-12-01,4.0
A/Victoria/46/2024_H3N2,2024-12-02,7.333333333333333
A/Victoria/46/2024_H3N2,2024-12-03,5.424242424242424
A/Victoria/46/2024_H3N2,2024-12-04,2.6666666666666665
A/Victoria/46/2024_H3N2,2024-12-05,6.0
A/Victoria/46/2024_H3N2,2024-12-06,7.5
A/Victoria/46/2024_H3N2,2024-12-07,5.0
A/Victoria/46/2024_H3N2,2024-12-08,2.0
A/Victoria/46/2024_H3N2,2024-12-09,4.0
A/Victoria/46/2024_H3N2,2024-12-10,5.5
A/Victoria/46/2024_H3N2,2024-12-11,3.090909090909091
A/Victoria/46/2024_H3N2,2024-12-12,5.0
A/Victoria/46/2024_H3N2,2024-12-13,8.666666666666666
A/Victoria/46/2024_H3N2,2024-12-14,3.0
A/Victoria/46/2024_H3N2,2024-12-15,4.0
A/Victoria/46/2024_H3N2,2024-12-16,5.0
A/Victoria/46/2024_H3N2,2024-12-17,4.0
A/Victoria/46/2024_H3N2,2024-12-18,3.0
A/Victoria/46/2024_H3N2,2024-12-19,3.3333333333333335
A/Victoria/46/2024_H3N2,2024-12-20,5.090909090909091
A/Victoria/46/2024_H3N2,2024-12-22,3.0
A/Victoria/46/2024_H3N2,2024-12-23,8.015151515151516
A/Victoria/46/2024_H3N2,2024-12-24,4.0
A/Victoria/46/2024_H3N2,2024-12-25,4.0
A/Victoria/46/2024_H3N2,2024-12-26,9.0
A/Victoria/46/2024_H3N2,2024-12-27,5.0
A/Victoria/46/2024_H3N2,2024-12-28,5.0
A/Victoria/46/2024_H3N2,2024-12-29,5.0
A/Victoria/46/2024_H3N2,2024-12-30,7.0
A/Victoria/46/2024_H3N2,2024-12-31,3.8333333333333335
A/Victoria/46/2024_H3N2,2025-01-01,5.333333333333333
A/Victoria/46/2024_H3N2,2025-01-02,8.757575757575758
A/Victoria/46/2024_H3N2,2025-01-03,11.59090909090909
A/Victoria/46/2024_H3N2,2025-01-04,2.333333333333333
A/Victoria/46/2024_H3N2,2025-01-05,3.0
A/Victoria/46/2024_H3N2,2025-01-06,9.833333333333334
A/Victoria/46/2024_H3N2,2025-01-07,11.333333333333334
A/Victoria/46/2024_H3N2,2025-01-08,6.590909090909091
A/Victoria/46/2024_H3N2,2025-01-09,4.424242424242424
A/Victoria/46/2024_H3N2,2025-01-10,3.833333333333333
A/Victoria/46/2024_H3N2,2025-01-11,2.5
A/Victoria/46/2024_H3N2,2025-01-12,8.0
A/Victoria/46/2024_H3N2,2025-01-13,9.166666666666666
A/Victoria/46/2024_H3N2,2025-01-14,5.424242424242424
A/Victoria/46/2024_H3N2,2025-01-15,9.757575757575758
A/Victoria/46/2024_H3N2,2025-01-16,3.333333333333333
A/Victoria/46/2024_H3N2,2025-01-17,5.090909090909091
A/Victoria/46/2024_H3N2,2025-01-19,3.3333333333333335
A/Victoria/46/2024_H3N2,2025-01-20,3.6818181818181817
A/Victoria/46/2024_H3N2,2025-01-21,6.0
A/Victoria/46/2024_H3N2,2025-01-22,9.0
A/Victoria/46/2024_H3N2,2025-01-23,5.833333333333333
A/Victoria/46/2024_H3N2,2025-01-24,5.590909090909091
A/Victoria/46/2024_H3N2,2025-01-25,0.4242424242424242
A/Victoria/46/2024_H3N2,2025-01-26,1.5
A/Victoria/46/2024_H3N2,2025-01-27,17.0
A/Victoria/46/2024_H3N2,2025-01-28,10.833333333333334
A/Victoria/46/2024_H3N2,2025-01-29,6.833333333333333
A/Victoria/46/2024_H3N2,2025-01-30,5.833333333333333
A/Victoria/46/2024_H3N2,2025-01-31,5.0
A/Victoria/46/2024_H3N2,2025-02-01,7.0
A/Victoria/46/2024_H3N2,2025-02-02,3.333333333333333
A/Victoria/46/2024_H3N2,2025-02-03,4.757575757575758
A/Victoria/46/2024_H3N2,2025-02-04,4.166666666666666
A/Victoria/46/2024_H3N2,2025-02-05,2.333333333333333
A/Victoria/46/2024_H3N2,2025-02-06,4.666666666666666
A/Victoria/46/2024_H3N2,2025-02-07,4.166666666666666
A/Victoria/46/2024_H3N2,2025-02-08,0.8333333333333333
A/Victoria/46/2024_H3N2,2025-02-09,1.3333333333333333
A/Victoria/46/2024_H3N2,2025-02-10,4.848484848484849
A/Victoria/46/2024_H3N2,2025-02-11,6.0
A/Victoria/46/2024_H3N2,2025-02-12,4.090909090909091
A/Victoria/46/2024_H3N2,2025-02-13,7.5
A/Victoria/46/2024_H3N2,2025-02-14,9.333333333333334
A/Victoria/46/2024_H3N2,2025-02-15,1.0
A/Victoria/46/2024_H3N2,2025-02-16,0.5
A/Victoria/46/2024_H3N2,2025-02-17,2.833333333333333
A/Victoria/46/2024_H3N2,2025-02-18,5.666666666666666
A/Victoria/46/2024_H3N2,2025-02-19,3.0
A/Victoria/46/2024_H3N2,2025-02-20,4.833333333333333
A/Victoria/46/2024_H3N2,2025-02-21,3.0
A/Victoria/46/2024_H3N2,2025-02-22,2.0
A/Victoria/46/2024_H3N2,2025-02-23,4.0
A/Victoria/46/2024_H3N2,2025-02-24,5.166666666666666
A/Victoria/46/2024_H3N2,2025-02-25,6.833333333333333
A/Victoria/46/2024_H3N2,2025-02-26,2.0
A/Victoria/46/2024_H3N2,2025-02-27,4.5
A/Victoria/46/2024_H3N2,2025-02-28,2.333333333333333
A/Victoria/46/2024_H3N2,2025-03-01,4.0
A/Victoria/46/2024_H3N2,2025-03-02,0.3333333333333333
A/Victoria/46/2024_H3N2,2025-03-03,2.8333333333333335
A/Victoria/46/2024_H3N2,2025-03-04,4.090909090909091
A/Victoria/46/2024_H3N2,2025-03-05,4.5
A/Victoria/46/2024_H3N2,2025-03-06,2.4242424242424243
A/Victoria/46/2024_H3N2,2025-03-07,2.333333333333333
A/Victoria/46/2024_H3N2,2025-03-08,4.0
A/Victoria/46/2024_H3N2,2025-03-09,4.0
A/Victoria/46/2024_H3N2,2025-03-10,2.833333333333333
A/Victoria/46/2024_H3N2,2025-03-11,2.333333333333333
A/Victoria/46/2024_H3N2,2025-03-12,1.5
A/Victoria/46/2024_H3N2,2025-03-17,1.5
A/Victoria/46/2024_H3N2,2025-03-18,1.0
A/Victoria/46/2024_H3N2,2025-03-19,2.0
A/Victoria/46/2024_H3N2,2025-03-23,1.3333333333333333
A/Victoria/46/2024_H3N2,2025-03-24,2.0
A/Victoria/46/2024_H3N2,2025-03-25,0.5
A/Victoria/46/2024_H3N2,2025-03-26,3.0
A/Victoria/46/2024_H3N2,2025-03-27,0.3333333333333333
A/Victoria/46/2024_H3N2,2025-03-28,1.0
A/Victoria/46/2024_H3N2,2025-03-29,0.09090909090909091
A/Victoria/46/2024_H3N2,2025-03-31,1.5
A/Victoria/46/2024_H3N2,2025-04-01,0.5
A/Victoria/46/2024_H3N2,2025-04-02,2.0
A/Victoria/46/2024_H3N2,2025-04-03,0.3333333333333333
A/Victoria/46/2024_H3N2,2025-04-04,1.3333333333333333
A/Victoria/46/2024_H3N2,2025-04-05,0.3333333333333333
A/Victoria/46/2024_H3N2,2025-04-07,4.5
A/Victoria/46/2024_H3N2,2025-04-08,1.1666666666666665
A/Victoria/46/2024_H3N2,2025-04-10,0.5
A/Victoria/46/2024_H3N2,2025-04-11,1.3333333333333333
A/Victoria/46/2024_H3N2,2025-04-13,0.5
A/Victoria/46/2024_H3N2,2025-04-15,1.0
A/Victoria/46/2024_H3N2,2025-04-17,0.3333333333333333
A/Victoria/46/2024_H3N2,2025-04-18,0.3333333333333333
A/Victoria/46/2024_H3N2,2025-04-24,0.5
A/Victoria/46/2024_H3N2,2025-04-28,1.0
A/Victoria/46/2024_H3N2,2025-04-29,1.0
A/Victoria/46/2024_H3N2,2025-05-08,1.0
A/Victoria/46/2024_H3N2,2025-05-10,1.0
A/Victoria/46/2024_H3N2,2025-05-12,0.3333333333333333
A/Victoria/46/2024_H3N2,2025-05-14,0.5
A/Victoria/46/2024_H3N2,2025-05-19,0.3333333333333333
A/Victoria/46/2024_H3N2,2025-06-04,0.09090909090909091
A/Victoria/46/2024_H3N2,2025-06-11,1.0
A/Victoria/46/2024_H3N2,2025-06-20,1.0
A/Victoria/46/2024_H3N2,2025-06-24,1.0
A/Victoria/46/2024_H3N2,2025-06-26,1.0
A/Victoria/46/2024_H3N2,2025-06-28,1.0
A/Victoria/46/2024_H3N2,2025-07-01,1.0
A/Victoria/46/2024_H3N2,2025-07-02,2.0
A/Victoria/46/2024_H3N2,2025-07-07,1.0
A/Victoria/46/2024_H3N2,2025-07-10,1.0
A/Victoria/46/2024_H3N2,2025-07-12,1.0
A/Victoria/46/2024_H3N2,2025-07-14,2.0
A/Victoria/96/2025_H3N2,2024-07-18,0.5
A/Victoria/96/2025_H3N2,2024-07-27,0.5
A/Victoria/96/2025_H3N2,2024-10-29,0.5
A/Victoria/96/2025_H3N2,2025-01-27,1.0
A/Victoria/96/2025_H3N2,2025-02-02,1.0
A/Washington/15245/2025_H3N2,2024-05-19,1.0
A/Washington/15245/2025_H3N2,2024-05-20,1.0
A/Washington/15245/2025_H3N2,2024-06-04,1.0
A/Washington/15245/2025_H3N2,2025-01-06,1.0
A/Washington/15245/2025_H3N2,2025-01-09,0.5
A/Washington/15245/2025_H3N2,2025-01-10,1.0
A/Washington/15245/2025_H3N2,2025-01-13,1.0
A/Washington/15245/2025_H3N2,2025-01-17,1.0
A/Washington/15245/2025_H3N2,2025-01-21,1.0
A/Washington/15245/2025_H3N2,2025-01-22,2.0
A/Washington/15245/2025_H3N2,2025-01-23,1.0
A/Washington/15245/2025_H3N2,2025-01-30,1.0
A/Washington/15245/2025_H3N2,2025-02-24,0.5
A/Washington/15245/2025_H3N2,2025-03-01,1.0
A/Washington/15245/2025_H3N2,2025-03-07,1.0
A/Washington/284/2024_H3N2,2024-06-07,0.5
A/Washington/284/2024_H3N2,2024-08-15,1.0
A/Washington/284/2024_H3N2,2024-08-20,1.0
A/Washington/284/2024_H3N2,2024-09-05,1.0
A/Washington/284/2024_H3N2,2024-09-13,1.0
A/Washington/284/2024_H3N2,2024-09-22,1.0
A/Washington/284/2024_H3N2,2024-09-30,2.0
A/Washington/284/2024_H3N2,2024-10-05,1.0
A/Washington/284/2024_H3N2,2024-10-07,1.0
A/Washington/284/2024_H3N2,2024-10-16,1.0
A/Washington/284/2024_H3N2,2024-11-01,2.0
A/Washington/284/2024_H3N2,2024-11-02,1.0
A/Washington/284/2024_H3N2,2024-11-06,1.0
A/Washington/284/2024_H3N2,2024-11-13,1.0
A/Washington/284/2024_H3N2,2024-11-16,1.0
A/Washington/284/2024_H3N2,2024-11-18,1.0
A/Washington/284/2024_H3N2,2024-11-19,1.0
A/Washington/284/2024_H3N2,2024-11-20,1.0
A/Washington/284/2024_H3N2,2024-11-21,1.0
A/Washington/284/2024_H3N2,2024-11-25,1.0
A/Washington/284/2024_H3N2,2024-11-26,2.0
A/Washington/284/2024_H3N2,2024-11-27,3.0
A/Washington/284/2024_H3N2,2024-11-29,2.0
A/Washington/284/2024_H3N2,2024-11-30,1.0
A/Washington/284/2024_H3N2,2024-12-02,2.0
A/Washington/284/2024_H3N2,2024-12-04,2.0
A/Washington/284/2024_H3N2,2024-12-06,1.0
A/Washington/284/2024_H3N2,2024-12-07,2.0
A/Washington/284/2024_H3N2,2024-12-09,1.0
A/Washington/284/2024_H3N2,2024-12-11,1.0
A/Washington/284/2024_H3N2,2024-12-12,2.0
A/Washington/284/2024_H3N2,2024-12-13,3.0
A/Washington/284/2024_H3N2,2024-12-14,2.0
A/Washington/284/2024_H3N2,2024-12-16,3.0
A/Washington/284/2024_H3N2,2024-12-17,3.5
A/Washington/284/2024_H3N2,2024-12-19,2.0
A/Washington/284/2024_H3N2,2024-12-22,1.0
A/Washington/284/2024_H3N2,2024-12-23,2.0
A/Washington/284/2024_H3N2,2024-12-24,2.0
A/Washington/284/2024_H3N2,2024-12-25,1.0
A/Washington/284/2024_H3N2,2024-12-26,3.0
A/Washington/284/2024_H3N2,2024-12-29,3.0
A/Washington/284/2024_H3N2,2024-12-30,1.0
A/Washington/284/2024_H3N2,2024-12-31,1.0
A/Washington/284/2024_H3N2,2025-01-01,3.0
A/Washington/284/2024_H3N2,2025-01-02,3.0
A/Washington/284/2024_H3N2,2025-01-03,1.0
A/Washington/284/2024_H3N2,2025-01-04,3.0
A/Washington/284/2024_H3N2,2025-01-07,2.0
A/Washington/284/2024_H3N2,2025-01-10,1.0
A/Washington/284/2024_H3N2,2025-01-12,2.0
A/Washington/284/2024_H3N2,2025-01-14,2.0
A/Washington/284/2024_H3N2,2025-01-15,1.0
A/Washington/284/2024_H3N2,2025-01-17,1.0
A/Washington/284/2024_H3N2,2025-01-18,1.0
A/Washington/284/2024_H3N2,2025-01-19,1.0
A/Washington/284/2024_H3N2,2025-01-22,2.0
A/Washington/284/2024_H3N2,2025-01-25,1.0
A/Washington/284/2024_H3N2,2025-01-27,2.0
A/Washington/284/2024_H3N2,2025-01-28,1.5
A/Washington/284/2024_H3N2,2025-01-29,1.0
A/Washington/284/2024_H3N2,2025-01-31,1.0
A/Washington/284/2024_H3N2,2025-02-01,1.0
A/Washington/284/2024_H3N2,2025-02-04,1.0
A/Washington/284/2024_H3N2,2025-02-05,2.0
A/Washington/284/2024_H3N2,2025-02-06,1.0
A/Washington/284/2024_H3N2,2025-02-10,2.0
A/Washington/284/2024_H3N2,2025-02-11,1.0
A/Washington/284/2024_H3N2,2025-02-13,4.0
A/Washington/284/2024_H3N2,2025-02-14,0.5
A/Washington/284/2024_H3N2,2025-02-16,1.0
A/Washington/284/2024_H3N2,2025-02-17,1.0
A/Washington/284/2024_H3N2,2025-02-18,1.0
A/Washington/284/2024_H3N2,2025-02-21,1.0
A/Washington/284/2024_H3N2,2025-02-22,0.5
A/Washington/284/2024_H3N2,2025-02-24,1.0
A/Washington/284/2024_H3N2,2025-02-25,1.0
A/Washington/284/2024_H3N2,2025-02-26,1.0
A/Washington/284/2024_H3N2,2025-02-27,2.0
A/Washington/284/2024_H3N2,2025-02-28,3.0
A/Washington/284/2024_H3N2,2025-03-01,3.0
A/Washington/284/2024_H3N2,2025-03-03,2.0
A/Washington/284/2024_H3N2,2025-03-04,5.0
A/Washington/284/2024_H3N2,2025-03-05,1.0
A/Washington/284/2024_H3N2,2025-03-06,2.0
A/Washington/284/2024_H3N2,2025-03-08,2.0
A/Washington/284/2024_H3N2,2025-03-09,3.0
A/Washington/284/2024_H3N2,2025-03-10,4.0
A/Washington/284/2024_H3N2,2025-03-11,1.0
A/Washington/284/2024_H3N2,2025-03-12,2.0
A/Washington/284/2024_H3N2,2025-03-13,1.0
A/Washington/284/2024_H3N2,2025-03-14,1.0
A/Washington/284/2024_H3N2,2025-03-16,2.0
A/Washington/284/2024_H3N2,2025-03-17,2.0
A/Washington/284/2024_H3N2,2025-03-18,1.0
A/Washington/284/2024_H3N2,2025-03-19,1.0
A/Washington/284/2024_H3N2,2025-03-24,2.0
A/Washington/284/2024_H3N2,2025-03-25,1.0
A/Washington/284/2024_H3N2,2025-03-26,1.0
A/Washington/284/2024_H3N2,2025-03-27,1.0
A/Washington/284/2024_H3N2,2025-03-30,1.0
A/Washington/284/2024_H3N2,2025-03-31,1.0
A/Washington/284/2024_H3N2,2025-04-07,1.0
A/Washington/284/2024_H3N2,2025-04-08,1.0
A/Washington/284/2024_H3N2,2025-04-13,1.0
A/Washington/284/2024_H3N2,2025-04-14,1.0
A/Washington/284/2024_H3N2,2025-04-15,2.0
A/Washington/284/2024_H3N2,2025-04-22,2.0
A/Washington/284/2024_H3N2,2025-04-23,1.0
A/Washington/284/2024_H3N2,2025-04-24,1.0
A/Washington/284/2024_H3N2,2025-04-28,2.0
A/Washington/284/2024_H3N2,2025-04-29,1.0
A/Washington/284/2024_H3N2,2025-05-02,2.0
A/Washington/284/2024_H3N2,2025-05-04,1.0
A/Washington/284/2024_H3N2,2025-05-05,1.0
A/Washington/284/2024_H3N2,2025-05-11,2.0
A/Washington/284/2024_H3N2,2025-05-12,1.0
A/Washington/284/2024_H3N2,2025-05-13,3.0
A/Washington/284/2024_H3N2,2025-05-19,2.0
A/Washington/284/2024_H3N2,2025-05-20,1.0
A/Washington/284/2024_H3N2,2025-05-21,1.0
A/Washington/284/2024_H3N2,2025-05-28,5.0
A/Washington/284/2024_H3N2,2025-05-29,2.0
A/Washington/284/2024_H3N2,2025-06-01,2.0
A/Washington/284/2024_H3N2,2025-06-02,1.0
A/Washington/284/2024_H3N2,2025-06-03,1.0
A/Washington/284/2024_H3N2,2025-06-04,1.0
A/Washington/284/2024_H3N2,2025-06-05,3.0
A/Washington/284/2024_H3N2,2025-06-06,1.0
A/Washington/284/2024_H3N2,2025-06-07,4.0
A/Washington/284/2024_H3N2,2025-06-09,2.0
A/Washington/284/2024_H3N2,2025-06-11,2.0
A/Washington/284/2024_H3N2,2025-06-13,4.0
A/Washington/284/2024_H3N2,2025-06-16,4.0
A/Washington/284/2024_H3N2,2025-06-17,2.0
A/Washington/284/2024_H3N2,2025-06-18,1.0
A/Washington/284/2024_H3N2,2025-06-21,1.0
A/Washington/284/2024_H3N2,2025-06-24,1.0
A/Washington/284/2024_H3N2,2025-06-26,2.0
A/Washington/284/2024_H3N2,2025-06-27,1.0
A/Washington/284/2024_H3N2,2025-06-28,1.0
A/Washington/284/2024_H3N2,2025-06-29,2.0
A/Washington/284/2024_H3N2,2025-07-01,1.0
A/Washington/284/2024_H3N2,2025-07-04,2.0
A/Washington/284/2024_H3N2,2025-07-06,1.0
A/Washington/284/2024_H3N2,2025-07-07,1.0
A/Washington/284/2024_H3N2,2025-07-09,1.0
A/Washington/284/2024_H3N2,2025-07-13,1.0
A/Washington/284/2024_H3N2,2025-07-14,2.0
A/Washington/284/2024_H3N2,2025-07-28,1.0
A/Washington/284/2024_H3N2,2025-07-30,2.0
A/Washington/284/2024_H3N2,2025-08-05,1.0
A/Washington/284/2024_H3N2,2025-08-07,0.5
A/Washington/284/2024_H3N2,2025-08-08,1.0
A/Washington/284/2024_H3N2,2025-08-12,1.0
A/Washington/284/2024_H3N2,2025-08-14,1.0
A/Washington/UW-25728/2024_H3N2,2024-08-01,1.0
A/Washington/UW-25728/2024_H3N2,2024-08-09,1.0
A/Washington/UW-25728/2024_H3N2,2024-08-10,1.0
A/Washington/UW-25728/2024_H3N2,2024-08-14,1.0
A/Washington/UW-25728/2024_H3N2,2024-08-19,1.0
A/Washington/UW-25728/2024_H3N2,2024-08-22,1.0
A/Washington/UW-25728/2024_H3N2,2024-08-26,1.0
A/Washington/UW-25728/2024_H3N2,2024-09-06,2.0
A/Washington/UW-25728/2024_H3N2,2024-09-09,2.0
A/Washington/UW-25728/2024_H3N2,2024-09-12,1.0
A/Washington/UW-25728/2024_H3N2,2024-09-14,1.0
A/Washington/UW-25728/2024_H3N2,2024-09-18,1.0
A/Washington/UW-25728/2024_H3N2,2024-09-20,1.0
A/Washington/UW-25728/2024_H3N2,2024-09-26,1.0
A/Washington/UW-25728/2024_H3N2,2024-09-28,2.0
A/Washington/UW-25728/2024_H3N2,2024-09-30,1.0
A/Washington/UW-25728/2024_H3N2,2024-10-01,1.0
A/Washington/UW-25728/2024_H3N2,2024-10-02,1.0
A/Washington/UW-25728/2024_H3N2,2024-10-06,1.0
A/Washington/UW-25728/2024_H3N2,2024-10-07,1.0
A/Washington/UW-25728/2024_H3N2,2024-10-08,1.0
A/Washington/UW-25728/2024_H3N2,2024-10-10,1.0
A/Washington/UW-25728/2024_H3N2,2024-10-16,2.0
A/Washington/UW-25728/2024_H3N2,2024-10-17,1.0
A/Washington/UW-25728/2024_H3N2,2024-10-18,1.0
A/Washington/UW-25728/2024_H3N2,2024-10-21,1.0
A/Washington/UW-25728/2024_H3N2,2024-10-22,1.0
A/Washington/UW-25728/2024_H3N2,2024-10-24,1.0
A/Washington/UW-25728/2024_H3N2,2024-10-25,2.0
A/Washington/UW-25728/2024_H3N2,2024-10-28,1.0
A/Washington/UW-25728/2024_H3N2,2024-10-31,1.0
A/Washington/UW-25728/2024_H3N2,2024-11-03,1.0
A/Washington/UW-25728/2024_H3N2,2024-11-04,1.0
A/Washington/UW-25728/2024_H3N2,2024-11-07,1.0
A/Washington/UW-25728/2024_H3N2,2024-11-08,1.0
A/Washington/UW-25728/2024_H3N2,2024-11-11,1.0
A/Washington/UW-25728/2024_H3N2,2024-11-13,4.0
A/Washington/UW-25728/2024_H3N2,2024-11-22,1.0
A/Washington/UW-25728/2024_H3N2,2024-11-24,1.0
A/Washington/UW-25728/2024_H3N2,2024-11-25,3.0
A/Washington/UW-25728/2024_H3N2,2024-11-26,2.0
A/Washington/UW-25728/2024_H3N2,2024-11-28,1.0
A/Washington/UW-25728/2024_H3N2,2024-11-29,1.0
A/Washington/UW-25728/2024_H3N2,2024-12-03,3.0
A/Washington/UW-25728/2024_H3N2,2024-12-09,1.0
A/Washington/UW-25728/2024_H3N2,2024-12-11,1.0
A/Washington/UW-25728/2024_H3N2,2024-12-12,1.0
A/Washington/UW-25728/2024_H3N2,2024-12-15,0.5
A/Washington/UW-25728/2024_H3N2,2024-12-18,1.0
A/Washington/UW-25728/2024_H3N2,2024-12-22,2.0
A/Washington/UW-25728/2024_H3N2,2024-12-27,2.0
A/Washington/UW-25728/2024_H3N2,2024-12-29,1.0
A/Washington/UW-25728/2024_H3N2,2025-01-01,1.0
A/Washington/UW-25728/2024_H3N2,2025-01-02,3.0
A/Washington/UW-25728/2024_H3N2,2025-01-04,1.0
A/Washington/UW-25728/2024_H3N2,2025-01-07,1.0
A/Washington/UW-25728/2024_H3N2,2025-01-09,1.0
A/Washington/UW-25728/2024_H3N2,2025-01-20,1.0
A/Washington/UW-25728/2024_H3N2,2025-01-21,2.0
A/Washington/UW-25728/2024_H3N2,2025-01-22,2.0
A/Washington/UW-25728/2024_H3N2,2025-01-25,1.0
A/Washington/UW-25728/2024_H3N2,2025-01-26,2.0
A/Washington/UW-25728/2024_H3N2,2025-01-28,2.0
A/Washington/UW-25728/2024_H3N2,2025-01-30,2.0
A/Washington/UW-25728/2024_H3N2,2025-02-02,3.0
A/Washington/UW-25728/2024_H3N2,2025-02-04,2.0
A/Washington/UW-25728/2024_H3N2,2025-02-05,1.0
A/Washington/UW-25728/2024_H3N2,2025-02-06,1.0
A/Washington/UW-25728/2024_H3N2,2025-02-07,1.5
A/Washington/UW-25728/2024_H3N2,2025-02-09,2.0
A/Washington/UW-25728/2024_H3N2,2025-02-10,1.0
A/Washington/UW-25728/2024_H3N2,2025-02-11,3.0
A/Washington/UW-25728/2024_H3N2,2025-02-13,0.5
A/Washington/UW-25728/2024_H3N2,2025-02-16,1.0
A/Washington/UW-25728/2024_H3N2,2025-02-17,0.5
A/Washington/UW-25728/2024_H3N2,2025-02-22,1.0
A/Washington/UW-25728/2024_H3N2,2025-02-24,3.0
A/Washington/UW-25728/2024_H3N2,2025-02-26,1.5
A/Washington/UW-25728/2024_H3N2,2025-03-03,1.0
A/Washington/UW-25728/2024_H3N2,2025-03-04,1.0
A/Washington/UW-25728/2024_H3N2,2025-03-06,2.0
A/Washington/UW-25728/2024_H3N2,2025-03-07,1.0
A/Washington/UW-25728/2024_H3N2,2025-03-11,1.0
A/Washington/UW-25728/2024_H3N2,2025-03-17,1.0
A/Washington/UW-25728/2024_H3N2,2025-03-25,1.0
A/Washington/UW-25728/2024_H3N2,2025-03-26,1.0
A/Washington/UW-25728/2024_H3N2,2025-04-04,1.0
A/Washington/UW-25728/2024_H3N2,2025-04-09,1.0
A/Washington/UW-25728/2024_H3N2,2025-04-16,1.0
A/Washington/UW-25728/2024_H3N2,2025-05-15,1.0
A/Wisconsin/172/2024_H3N2,2024-04-28,2.3181818181818183
A/Wisconsin/172/2024_H3N2,2024-04-29,5.409090909090909
A/Wisconsin/172/2024_H3N2,2024-04-30,3.0606060606060606
A/Wisconsin/172/2024_H3N2,2024-05-01,2.1363636363636362
A/Wisconsin/172/2024_H3N2,2024-05-02,1.4545454545454546
A/Wisconsin/172/2024_H3N2,2024-05-03,1.4848484848484849
A/Wisconsin/172/2024_H3N2,2024-05-04,1.2272727272727273
A/Wisconsin/172/2024_H3N2,2024-05-05,1.7272727272727273
A/Wisconsin/172/2024_H3N2,2024-05-06,2.378787878787879
A/Wisconsin/172/2024_H3N2,2024-05-07,1.6818181818181819
A/Wisconsin/172/2024_H3N2,2024-05-08,2.909090909090909
A/Wisconsin/172/2024_H3N2,2024-05-09,1.0303030303030303
A/Wisconsin/172/2024_H3N2,2024-05-10,0.6363636363636364
A/Wisconsin/172/2024_H3N2,2024-05-11,1.5454545454545454
A/Wisconsin/172/2024_H3N2,2024-05-12,0.7727272727272727
A/Wisconsin/172/2024_H3N2,2024-05-13,2.409090909090909
A/Wisconsin/172/2024_H3N2,2024-05-14,1.9090909090909092
A/Wisconsin/172/2024_H3N2,2024-05-15,1.7575757575757576
A/Wisconsin/172/2024_H3N2,2024-05-16,0.8181818181818182
A/Wisconsin/172/2024_H3N2,2024-05-17,0.5454545454545454
A/Wisconsin/172/2024_H3N2,2024-05-18,0.8181818181818182
A/Wisconsin/172/2024_H3N2,2024-05-19,1.5454545454545454
A/Wisconsin/172/2024_H3N2,2024-05-20,1.5909090909090908
A/Wisconsin/172/2024_H3N2,2024-05-21,1.9545454545454546
A/Wisconsin/172/2024_H3N2,2024-05-22,1.0909090909090908
A/Wisconsin/172/2024_H3N2,2024-05-23,1.2575757575757576
A/Wisconsin/172/2024_H3N2,2024-05-24,1.893939393939394
A/Wisconsin/172/2024_H3N2,2024-05-25,0.7727272727272727
A/Wisconsin/172/2024_H3N2,2024-05-26,0.6818181818181819
A/Wisconsin/172/2024_H3N2,2024-05-27,1.4090909090909092
A/Wisconsin/172/2024_H3N2,2024-05-28,1.2727272727272727
A/Wisconsin/172/2024_H3N2,2024-05-29,2.378787878787879
A/Wisconsin/172/2024_H3N2,2024-05-30,1.2727272727272727
A/Wisconsin/172/2024_H3N2,2024-05-31,1.0378787878787878
A/Wisconsin/172/2024_H3N2,2024-06-01,0.6818181818181819
A/Wisconsin/172/2024_H3N2,2024-06-02,1.696969696969697
A/Wisconsin/172/2024_H3N2,2024-06-03,1.7121212121212122
A/Wisconsin/172/2024_H3N2,2024-06-04,1.2878787878787878
A/Wisconsin/172/2024_H3N2,2024-06-05,1.1363636363636365
A/Wisconsin/172/2024_H3N2,2024-06-06,0.25757575757575757
A/Wisconsin/172/2024_H3N2,2024-06-07,2.8333333333333335
A/Wisconsin/172/2024_H3N2,2024-06-08,0.3484848484848485
A/Wisconsin/172/2024_H3N2,2024-06-09,0.6818181818181818
A/Wisconsin/172/2024_H3N2,2024-06-10,1.9545454545454546
A/Wisconsin/172/2024_H3N2,2024-06-11,1.6212121212121213
A/Wisconsin/172/2024_H3N2,2024-06-12,1.4848484848484849
A/Wisconsin/172/2024_H3N2,2024-06-13,1.0909090909090908
A/Wisconsin/172/2024_H3N2,2024-06-14,0.5303030303030303
A/Wisconsin/172/2024_H3N2,2024-06-15,1.0151515151515151
A/Wisconsin/172/2024_H3N2,2024-06-16,1.106060606060606
A/Wisconsin/172/2024_H3N2,2024-06-17,1.878787878787879
A/Wisconsin/172/2024_H3N2,2024-06-18,2.196969696969697
A/Wisconsin/172/2024_H3N2,2024-06-19,1.7878787878787878
A/Wisconsin/172/2024_H3N2,2024-06-20,3.3636363636363633
A/Wisconsin/172/2024_H3N2,2024-06-21,0.6666666666666666
A/Wisconsin/172/2024_H3N2,2024-06-22,0.9242424242424243
A/Wisconsin/172/2024_H3N2,2024-06-23,0.16666666666666666
A/Wisconsin/172/2024_H3N2,2024-06-24,4.818181818181818
A/Wisconsin/172/2024_H3N2,2024-06-25,0.5303030303030303
A/Wisconsin/172/2024_H3N2,2024-06-26,1.0227272727272727
A/Wisconsin/172/2024_H3N2,2024-06-27,1.8636363636363638
A/Wisconsin/172/2024_H3N2,2024-06-28,0.9545454545454546
A/Wisconsin/172/2024_H3N2,2024-06-29,0.3333333333333333
A/Wisconsin/172/2024_H3N2,2024-06-30,0.4393939393939394
A/Wisconsin/172/2024_H3N2,2024-07-01,1.3636363636363638
A/Wisconsin/172/2024_H3N2,2024-07-02,2.1818181818181817
A/Wisconsin/172/2024_H3N2,2024-07-03,0.09090909090909091
A/Wisconsin/172/2024_H3N2,2024-07-04,0.8333333333333333
A/Wisconsin/172/2024_H3N2,2024-07-05,1.4393939393939394
A/Wisconsin/172/2024_H3N2,2024-07-06,0.8333333333333333
A/Wisconsin/172/2024_H3N2,2024-07-07,1.5909090909090908
A/Wisconsin/172/2024_H3N2,2024-07-08,1.4242424242424243
A/Wisconsin/172/2024_H3N2,2024-07-09,2.946969696969697
A/Wisconsin/172/2024_H3N2,2024-07-10,0.9393939393939393
A/Wisconsin/172/2024_H3N2,2024-07-11,1.1818181818181819
A/Wisconsin/172/2024_H3N2,2024-07-12,0.5151515151515151
A/Wisconsin/172/2024_H3N2,2024-07-13,0.5909090909090909
A/Wisconsin/172/2024_H3N2,2024-07-14,0.9242424242424242
A/Wisconsin/172/2024_H3N2,2024-07-15,1.6060606060606062
A/Wisconsin/172/2024_H3N2,2024-07-16,1.3636363636363635
A/Wisconsin/172/2024_H3N2,2024-07-17,1.9696969696969697
A/Wisconsin/172/2024_H3N2,2024-07-18,1.5303030303030303
A/Wisconsin/172/2024_H3N2,2024-07-19,1.7575757575757576
A/Wisconsin/172/2024_H3N2,2024-07-20,0.6666666666666666
A/Wisconsin/172/2024_H3N2,2024-07-21,0.5833333333333333
A/Wisconsin/172/2024_H3N2,2024-07-22,0.7727272727272727
A/Wisconsin/172/2024_H3N2,2024-07-23,1.3484848484848484
A/Wisconsin/172/2024_H3N2,2024-07-24,0.5
A/Wisconsin/172/2024_H3N2,2024-07-26,0.3484848484848485
A/Wisconsin/172/2024_H3N2,2024-07-27,0.5
A/Wisconsin/172/2024_H3N2,2024-07-28,0.09090909090909091
A/Wisconsin/172/2024_H3N2,2024-07-29,0.25757575757575757
A/Wisconsin/172/2024_H3N2,2024-07-30,0.9242424242424242
A/Wisconsin/172/2024_H3N2,2024-07-31,0.3484848484848485
A/Wisconsin/172/2024_H3N2,2024-08-01,1.5909090909090908
A/Wisconsin/172/2024_H3N2,2024-08-02,1.106060606060606
A/Wisconsin/172/2024_H3N2,2024-08-03,0.8484848484848485
A/Wisconsin/172/2024_H3N2,2024-08-04,1.3333333333333333
A/Wisconsin/172/2024_H3N2,2024-08-05,1.9393939393939394
A/Wisconsin/172/2024_H3N2,2024-08-06,1.1818181818181817
A/Wisconsin/172/2024_H3N2,2024-08-07,1.8484848484848484
A/Wisconsin/172/2024_H3N2,2024-08-08,0.3333333333333333
A/Wisconsin/172/2024_H3N2,2024-08-09,0.16666666666666666
A/Wisconsin/172/2024_H3N2,2024-08-10,0.18181818181818182
A/Wisconsin/172/2024_H3N2,2024-08-11,0.25757575757575757
A/Wisconsin/172/2024_H3N2,2024-08-12,0.5151515151515151
A/Wisconsin/172/2024_H3N2,2024-08-13,1.0
A/Wisconsin/172/2024_H3N2,2024-08-14,0.3333333333333333
A/Wisconsin/172/2024_H3N2,2024-08-15,0.16666666666666666
A/Wisconsin/172/2024_H3N2,2024-08-16,0.09090909090909091
A/Wisconsin/172/2024_H3N2,2024-08-17,0.5909090909090909
A/Wisconsin/172/2024_H3N2,2024-08-18,0.16666666666666666
A/Wisconsin/172/2024_H3N2,2024-08-19,0.16666666666666666
A/Wisconsin/172/2024_H3N2,2024-08-20,0.5075757575757576
A/Wisconsin/172/2024_H3N2,2024-08-21,0.6060606060606061
A/Wisconsin/172/2024_H3N2,2024-08-22,0.18181818181818182
A/Wisconsin/172/2024_H3N2,2024-08-23,0.5909090909090909
A/Wisconsin/172/2024_H3N2,2024-08-24,1.0
A/Wisconsin/172/2024_H3N2,2024-08-25,0.09090909090909091
A/Wisconsin/172/2024_H3N2,2024-08-26,0.4242424242424242
A/Wisconsin/172/2024_H3N2,2024-08-27,0.5909090909090909
A/Wisconsin/172/2024_H3N2,2024-08-28,1.0
A/Wisconsin/172/2024_H3N2,2024-08-29,0.5909090909090909
A/Wisconsin/172/2024_H3N2,2024-08-31,0.09090909090909091
A/Wisconsin/172/2024_H3N2,2024-09-01,0.16666666666666666
A/Wisconsin/172/2024_H3N2,2024-09-03,0.8333333333333333
A/Wisconsin/172/2024_H3N2,2024-09-04,1.8484848484848484
A/Wisconsin/172/2024_H3N2,2024-09-06,0.5
A/Wisconsin/172/2024_H3N2,2024-09-07,0.5
A/Wisconsin/172/2024_H3N2,2024-09-08,0.3333333333333333
A/Wisconsin/172/2024_H3N2,2024-09-09,0.5303030303030303
A/Wisconsin/172/2024_H3N2,2024-09-10,0.6666666666666666
A/Wisconsin/172/2024_H3N2,2024-09-12,1.0909090909090908
A/Wisconsin/172/2024_H3N2,2024-09-13,1.1666666666666667
A/Wisconsin/172/2024_H3N2,2024-09-14,0.16666666666666666
A/Wisconsin/172/2024_H3N2,2024-09-15,0.5
A/Wisconsin/172/2024_H3N2,2024-09-16,0.4318181818181818
A/Wisconsin/172/2024_H3N2,2024-09-17,0.09090909090909091
A/Wisconsin/172/2024_H3N2,2024-09-18,0.5
A/Wisconsin/172/2024_H3N2,2024-09-20,0.8333333333333333
A/Wisconsin/172/2024_H3N2,2024-09-21,0.5909090909090909
A/Wisconsin/172/2024_H3N2,2024-09-22,0.8333333333333333
A/Wisconsin/172/2024_H3N2,2024-09-23,1.1818181818181819
A/Wisconsin/172/2024_H3N2,2024-09-26,0.2727272727272727
A/Wisconsin/172/2024_H3N2,2024-09-27,2.1818181818181817
A/Wisconsin/172/2024_H3N2,2024-09-28,0.09090909090909091
A/Wisconsin/172/2024_H3N2,2024-09-29,0.5909090909090909
A/Wisconsin/172/2024_H3N2,2024-09-30,1.3484848484848486
A/Wisconsin/172/2024_H3N2,2024-10-01,1.5
A/Wisconsin/172/2024_H3N2,2024-10-02,2.1666666666666665
A/Wisconsin/172/2024_H3N2,2024-10-03,0.5909090909090909
A/Wisconsin/172/2024_H3N2,2024-10-04,2.272727272727273
A/Wisconsin/172/2024_H3N2,2024-10-05,0.5
A/Wisconsin/172/2024_H3N2,2024-10-07,0.18181818181818182
A/Wisconsin/172/2024_H3N2,2024-10-08,1.0
A/Wisconsin/172/2024_H3N2,2024-10-10,2.0
A/Wisconsin/172/2024_H3N2,2024-10-11,0.16666666666666666
A/Wisconsin/172/2024_H3N2,2024-10-13,0.5
A/Wisconsin/172/2024_H3N2,2024-10-14,2.1818181818181817
A/Wisconsin/172/2024_H3N2,2024-10-15,1.8333333333333333
A/Wisconsin/172/2024_H3N2,2024-10-16,1.0
A/Wisconsin/172/2024_H3N2,2024-10-17,2.257575757575758
A/Wisconsin/172/2024_H3N2,2024-10-18,1.0909090909090908
A/Wisconsin/172/2024_H3N2,2024-10-19,0.09090909090909091
A/Wisconsin/172/2024_H3N2,2024-10-20,0.5
A/Wisconsin/172/2024_H3N2,2024-10-21,0.3333333333333333
A/Wisconsin/172/2024_H3N2,2024-10-22,2.090909090909091
A/Wisconsin/172/2024_H3N2,2024-10-24,0.8333333333333333
A/Wisconsin/172/2024_H3N2,2024-10-25,0.5
A/Wisconsin/172/2024_H3N2,2024-10-28,0.5909090909090909
A/Wisconsin/172/2024_H3N2,2024-10-29,0.16666666666666666
A/Wisconsin/172/2024_H3N2,2024-10-30,0.25
A/Wisconsin/172/2024_H3N2,2024-10-31,1.0909090909090908
A/Wisconsin/172/2024_H3N2,2024-11-01,1.5909090909090908
A/Wisconsin/172/2024_H3N2,2024-11-02,1.1818181818181819
A/Wisconsin/172/2024_H3N2,2024-11-03,1.0909090909090908
A/Wisconsin/172/2024_H3N2,2024-11-04,0.7575757575757576
A/Wisconsin/172/2024_H3N2,2024-11-05,0.16666666666666666
A/Wisconsin/172/2024_H3N2,2024-11-06,1.25
A/Wisconsin/172/2024_H3N2,2024-11-07,1.6818181818181819
A/Wisconsin/172/2024_H3N2,2024-11-08,2.4166666666666665
A/Wisconsin/172/2024_H3N2,2024-11-09,0.4242424242424242
A/Wisconsin/172/2024_H3N2,2024-11-10,2.0
A/Wisconsin/172/2024_H3N2,2024-11-11,0.75
A/Wisconsin/172/2024_H3N2,2024-11-12,3.6818181818181817
A/Wisconsin/172/2024_H3N2,2024-11-13,0.5909090909090909
A/Wisconsin/172/2024_H3N2,2024-11-14,0.3333333333333333
A/Wisconsin/172/2024_H3N2,2024-11-15,3.5
A/Wisconsin/172/2024_H3N2,2024-11-16,0.9242424242424242
A/Wisconsin/172/2024_H3N2,2024-11-17,1.2575757575757576
A/Wisconsin/172/2024_H3N2,2024-11-18,0.5
A/Wisconsin/172/2024_H3N2,2024-11-19,0.5
A/Wisconsin/172/2024_H3N2,2024-11-20,2.4242424242424243
A/Wisconsin/172/2024_H3N2,2024-11-21,3.757575757575758
A/Wisconsin/172/2024_H3N2,2024-11-22,1.6818181818181819
A/Wisconsin/172/2024_H3N2,2024-11-23,1.0
A/Wisconsin/172/2024_H3N2,2024-11-24,0.5
A/Wisconsin/172/2024_H3N2,2024-11-25,2.3333333333333335
A/Wisconsin/172/2024_H3N2,2024-11-26,3.3333333333333335
A/Wisconsin/172/2024_H3N2,2024-11-27,1.5
A/Wisconsin/172/2024_H3N2,2024-11-28,0.5
A/Wisconsin/172/2024_H3N2,2024-11-29,1.8409090909090908
A/Wisconsin/172/2024_H3N2,2024-11-30,3.333333333333333
A/Wisconsin/172/2024_H3N2,2024-12-01,2.5
A/Wisconsin/172/2024_H3N2,2024-12-02,2.0
A/Wisconsin/172/2024_H3N2,2024-12-03,1.7575757575757576
A/Wisconsin/172/2024_H3N2,2024-12-04,1.0
A/Wisconsin/172/2024_H3N2,2024-12-06,0.5
A/Wisconsin/172/2024_H3N2,2024-12-07,0.8333333333333333
A/Wisconsin/172/2024_H3N2,2024-12-08,2.0
A/Wisconsin/172/2024_H3N2,2024-12-09,3.833333333333333
A/Wisconsin/172/2024_H3N2,2024-12-10,1.0
A/Wisconsin/172/2024_H3N2,2024-12-11,5.257575757575758
A/Wisconsin/172/2024_H3N2,2024-12-12,5.0
A/Wisconsin/172/2024_H3N2,2024-12-13,2.0
A/Wisconsin/172/2024_H3N2,2024-12-14,3.5
A/Wisconsin/172/2024_H3N2,2024-12-15,2.0
A/Wisconsin/172/2024_H3N2,2024-12-16,6.583333333333333
A/Wisconsin/172/2024_H3N2,2024-12-17,2.6666666666666665
A/Wisconsin/172/2024_H3N2,2024-12-18,2.5
A/Wisconsin/172/2024_H3N2,2024-12-19,4.583333333333333
A/Wisconsin/172/2024_H3N2,2024-12-20,3.9242424242424243
A/Wisconsin/172/2024_H3N2,2024-12-21,2.5
A/Wisconsin/172/2024_H3N2,2024-12-22,2.0
A/Wisconsin/172/2024_H3N2,2024-12-23,2.9318181818181817
A/Wisconsin/172/2024_H3N2,2024-12-24,5.25
A/Wisconsin/172/2024_H3N2,2024-12-25,5.833333333333333
A/Wisconsin/172/2024_H3N2,2024-12-26,5.0
A/Wisconsin/172/2024_H3N2,2024-12-27,2.333333333333333
A/Wisconsin/172/2024_H3N2,2024-12-28,5.25
A/Wisconsin/172/2024_H3N2,2024-12-29,3.5
A/Wisconsin/172/2024_H3N2,2024-12-30,8.75
A/Wisconsin/172/2024_H3N2,2024-12-31,5.666666666666667
A/Wisconsin/172/2024_H3N2,2025-01-01,2.25
A/Wisconsin/172/2024_H3N2,2025-01-02,7.257575757575758
A/Wisconsin/172/2024_H3N2,2025-01-03,2.2575757575757573
A/Wisconsin/172/2024_H3N2,2025-01-04,2.5
A/Wisconsin/172/2024_H3N2,2025-01-05,3.25
A/Wisconsin/172/2024_H3N2,2025-01-06,8.0
A/Wisconsin/172/2024_H3N2,2025-01-07,3.5
A/Wisconsin/172/2024_H3N2,2025-01-08,4.840909090909091
A/Wisconsin/172/2024_H3N2,2025-01-09,3.507575757575758
A/Wisconsin/172/2024_H3N2,2025-01-10,4.916666666666667
A/Wisconsin/172/2024_H3N2,2025-01-11,2.5
A/Wisconsin/172/2024_H3N2,2025-01-12,2.0
A/Wisconsin/172/2024_H3N2,2025-01-13,6.416666666666667
A/Wisconsin/172/2024_H3N2,2025-01-14,6.840909090909091
A/Wisconsin/172/2024_H3N2,2025-01-15,4.590909090909091
A/Wisconsin/172/2024_H3N2,2025-01-16,4.5
A/Wisconsin/172/2024_H3N2,2025-01-17,3.340909090909091
A/Wisconsin/172/2024_H3N2,2025-01-18,1.25
A/Wisconsin/172/2024_H3N2,2025-01-19,2.5
A/Wisconsin/172/2024_H3N2,2025-01-20,6.515151515151516
A/Wisconsin/172/2024_H3N2,2025-01-21,4.416666666666666
A/Wisconsin/172/2024_H3N2,2025-01-22,4.416666666666667
A/Wisconsin/172/2024_H3N2,2025-01-23,5.25
A/Wisconsin/172/2024_H3N2,2025-01-24,3.4242424242424243
A/Wisconsin/172/2024_H3N2,2025-01-25,4.674242424242424
A/Wisconsin/172/2024_H3N2,2025-01-26,3.0
A/Wisconsin/172/2024_H3N2,2025-01-27,8.666666666666666
A/Wisconsin/172/2024_H3N2,2025-01-28,7.333333333333333
A/Wisconsin/172/2024_H3N2,2025-01-29,5.5
A/Wisconsin/172/2024_H3N2,2025-01-30,8.166666666666666
A/Wisconsin/172/2024_H3N2,2025-01-31,6.25
A/Wisconsin/172/2024_H3N2,2025-02-01,2.5
A/Wisconsin/172/2024_H3N2,2025-02-02,3.8333333333333335
A/Wisconsin/172/2024_H3N2,2025-02-03,9.257575757575758
A/Wisconsin/172/2024_H3N2,2025-02-04,7.416666666666667
A/Wisconsin/172/2024_H3N2,2025-02-05,9.5
A/Wisconsin/172/2024_H3N2,2025-02-06,5.0
A/Wisconsin/172/2024_H3N2,2025-02-07,6.333333333333333
A/Wisconsin/172/2024_H3N2,2025-02-08,3.0
A/Wisconsin/172/2024_H3N2,2025-02-09,2.75
A/Wisconsin/172/2024_H3N2,2025-02-10,6.931818181818182
A/Wisconsin/172/2024_H3N2,2025-02-11,10.5
A/Wisconsin/172/2024_H3N2,2025-02-12,4.174242424242424
A/Wisconsin/172/2024_H3N2,2025-02-13,5.25
A/Wisconsin/172/2024_H3N2,2025-02-14,1.8333333333333333
A/Wisconsin/172/2024_H3N2,2025-02-15,3.25
A/Wisconsin/172/2024_H3N2,2025-02-16,2.583333333333333
A/Wisconsin/172/2024_H3N2,2025-02-17,3.583333333333333
A/Wisconsin/172/2024_H3N2,2025-02-18,4.333333333333333
A/Wisconsin/172/2024_H3N2,2025-02-19,3.583333333333333
A/Wisconsin/172/2024_H3N2,2025-02-20,5.0
A/Wisconsin/172/2024_H3N2,2025-02-21,2.5
A/Wisconsin/172/2024_H3N2,2025-02-22,1.3333333333333333
A/Wisconsin/172/2024_H3N2,2025-02-23,0.8333333333333333
A/Wisconsin/172/2024_H3N2,2025-02-24,3.4166666666666665
A/Wisconsin/172/2024_H3N2,2025-02-25,3.0833333333333335
A/Wisconsin/172/2024_H3N2,2025-02-26,3.0
A/Wisconsin/172/2024_H3N2,2025-02-27,1.25
A/Wisconsin/172/2024_H3N2,2025-02-28,1.3333333333333333
A/Wisconsin/172/2024_H3N2,2025-03-01,0.75
A/Wisconsin/172/2024_H3N2,2025-03-02,1.6666666666666665
A/Wisconsin/172/2024_H3N2,2025-03-03,1.8333333333333333
A/Wisconsin/172/2024_H3N2,2025-03-04,1.5909090909090908
A/Wisconsin/172/2024_H3N2,2025-03-05,2.75
A/Wisconsin/172/2024_H3N2,2025-03-06,1.5909090909090908
A/Wisconsin/172/2024_H3N2,2025-03-07,2.5
A/Wisconsin/172/2024_H3N2,2025-03-08,0.25
A/Wisconsin/172/2024_H3N2,2025-03-09,1.75
A/Wisconsin/172/2024_H3N2,2025-03-10,1.5
A/Wisconsin/172/2024_H3N2,2025-03-11,2.5
A/Wisconsin/172/2024_H3N2,2025-03-12,2.333333333333333
A/Wisconsin/172/2024_H3N2,2025-03-13,1.5
A/Wisconsin/172/2024_H3N2,2025-03-14,1.75
A/Wisconsin/172/2024_H3N2,2025-03-16,0.75
A/Wisconsin/172/2024_H3N2,2025-03-17,1.5833333333333333
A/Wisconsin/172/2024_H3N2,2025-03-18,1.75
A/Wisconsin/172/2024_H3N2,2025-03-19,0.25
A/Wisconsin/172/2024_H3N2,2025-03-20,0.5
A/Wisconsin/172/2024_H3N2,2025-03-21,1.0
A/Wisconsin/172/2024_H3N2,2025-03-22,1.0
A/Wisconsin/172/2024_H3N2,2025-03-23,0.5
A/Wisconsin/172/2024_H3N2,2025-03-24,0.25
A/Wisconsin/172/2024_H3N2,2025-03-25,0.25
A/Wisconsin/172/2024_H3N2,2025-03-26,0.16666666666666666
A/Wisconsin/172/2024_H3N2,2025-03-27,1.5
A/Wisconsin/172/2024_H3N2,2025-03-29,1.1742424242424243
A/Wisconsin/172/2024_H3N2,2025-03-30,0.5
A/Wisconsin/172/2024_H3N2,2025-03-31,1.0
A/Wisconsin/172/2024_H3N2,2025-04-01,0.5833333333333333
A/Wisconsin/172/2024_H3N2,2025-04-03,0.25
A/Wisconsin/172/2024_H3N2,2025-04-04,0.5
A/Wisconsin/172/2024_H3N2,2025-04-06,0.5
A/Wisconsin/172/2024_H3N2,2025-04-07,0.3333333333333333
A/Wisconsin/172/2024_H3N2,2025-04-09,0.3333333333333333
A/Wisconsin/172/2024_H3N2,2025-04-11,0.5
A/Wisconsin/172/2024_H3N2,2025-04-12,1.0
A/Wisconsin/172/2024_H3N2,2025-04-13,0.5
A/Wisconsin/172/2024_H3N2,2025-04-15,0.5
A/Wisconsin/172/2024_H3N2,2025-04-16,1.0
A/Wisconsin/172/2024_H3N2,2025-04-18,0.25
A/Wisconsin/172/2024_H3N2,2025-04-21,0.3333333333333333
A/Wisconsin/172/2024_H3N2,2025-04-28,0.3333333333333333
A/Wisconsin/172/2024_H3N2,2025-04-29,0.3333333333333333
A/Wisconsin/172/2024_H3N2,2025-05-02,0.3333333333333333
A/Wisconsin/172/2024_H3N2,2025-05-04,0.3333333333333333
A/Wisconsin/172/2024_H3N2,2025-05-07,0.6666666666666666
A/Wisconsin/172/2024_H3N2,2025-05-09,0.3333333333333333
A/Wisconsin/172/2024_H3N2,2025-05-14,0.6666666666666666
A/Wisconsin/172/2024_H3N2,2025-05-17,0.3333333333333333
A/Wisconsin/172/2024_H3N2,2025-05-20,0.6666666666666666
A/Wisconsin/172/2024_H3N2,2025-05-21,0.3333333333333333
A/Wisconsin/172/2024_H3N2,2025-05-27,0.3333333333333333
A/Wisconsin/172/2024_H3N2,2025-06-04,0.4242424242424242
A/Wisconsin/172/2024_H3N2,2025-08-16,0.3333333333333333
A/Wisconsin/NIRC-IS-1028/2024_H3N2,2024-06-20,0.5
A/Wisconsin/NIRC-IS-1028/2024_H3N2,2024-07-16,0.5
A/Wisconsin/NIRC-IS-1028/2024_H3N2,2024-08-06,0.5
A/Wisconsin/NIRC-IS-1028/2024_H3N2,2024-11-12,1.0
A/Wisconsin/NIRC-IS-1028/2024_H3N2,2024-11-18,1.0
A/Wisconsin/NIRC-IS-1028/2024_H3N2,2024-11-28,1.0
A/Wisconsin/NIRC-IS-1028/2024_H3N2,2024-11-30,0.5
A/Wisconsin/NIRC-IS-1028/2024_H3N2,2024-12-02,1.0
A/Wisconsin/NIRC-IS-1028/2024_H3N2,2024-12-13,1.0
A/Wisconsin/NIRC-IS-1028/2024_H3N2,2024-12-20,1.0
A/Wisconsin/NIRC-IS-1028/2024_H3N2,2024-12-22,1.0
A/Wisconsin/NIRC-IS-1028/2024_H3N2,2024-12-31,1.0
A/Wisconsin/NIRC-IS-1028/2024_H3N2,2025-01-20,0.5
A/Wisconsin/NIRC-IS-1028/2024_H3N2,2025-01-29,1.0
other,2024-04-28,6.0
other,2024-04-29,22.0
other,2024-04-30,21.0
other,2024-05-01,4.0
other,2024-05-02,22.0
other,2024-05-03,33.0
other,2024-05-04,15.0
other,2024-05-05,7.0
other,2024-05-06,31.0
other,2024-05-07,19.0
other,2024-05-08,34.0
other,2024-05-09,21.0
other,2024-05-10,26.0
other,2024-05-11,12.0
other,2024-05-12,5.0
other,2024-05-13,45.0
other,2024-05-14,20.0
other,2024-05-15,12.0
other,2024-05-16,26.0
other,2024-05-17,20.0
other,2024-05-18,11.0
other,2024-05-19,6.0
other,2024-05-20,19.0
other,2024-05-21,25.0
other,2024-05-22,19.0
other,2024-05-23,12.0
other,2024-05-24,19.0
other,2024-05-25,13.0
other,2024-05-26,11.0
other,2024-05-27,25.0
other,2024-05-28,12.0
other,2024-05-29,15.0
other,2024-05-30,19.0
other,2024-05-31,19.0
other,2024-06-01,6.0
other,2024-06-02,14.0
other,2024-06-03,27.0
other,2024-06-04,20.0
other,2024-06-05,17.0
other,2024-06-06,15.0
other,2024-06-07,21.0
other,2024-06-08,9.0
other,2024-06-09,12.0
other,2024-06-10,11.0
other,2024-06-11,7.0
other,2024-06-12,15.0
other,2024-06-13,16.0
other,2024-06-14,11.0
other,2024-06-15,12.0
other,2024-06-16,7.0
other,2024-06-17,18.0
other,2024-06-18,24.0
other,2024-06-19,18.0
other,2024-06-20,13.0
other,2024-06-21,10.0
other,2024-06-22,6.0
other,2024-06-23,10.0
other,2024-06-24,19.0
other,2024-06-25,16.0
other,2024-06-26,21.0
other,2024-06-27,11.0
other,2024-06-28,7.0
other,2024-06-29,8.0
other,2024-06-30,5.0
other,2024-07-01,13.0
other,2024-07-02,12.0
other,2024-07-03,12.0
other,2024-07-04,13.0
other,2024-07-05,15.0
other,2024-07-06,8.0
other,2024-07-07,9.0
other,2024-07-08,14.0
other,2024-07-09,16.0
other,2024-07-10,9.0
other,2024-07-11,14.0
other,2024-07-12,12.0
other,2024-07-13,4.0
other,2024-07-14,5.0
other,2024-07-15,19.0
other,2024-07-16,24.0
other,2024-07-17,20.0
other,2024-07-18,12.0
other,2024-07-19,12.0
other,2024-07-20,8.0
other,2024-07-21,4.0
other,2024-07-22,21.0
other,2024-07-23,10.0
other,2024-07-24,9.0
other,2024-07-25,9.0
other,2024-07-26,14.0
other,2024-07-27,5.0
other,2024-07-28,9.0
other,2024-07-29,7.0
other,2024-07-30,10.0
other,2024-07-31,13.0
other,2024-08-01,16.0
other,2024-08-02,16.0
other,2024-08-03,11.0
other,2024-08-04,17.0
other,2024-08-05,22.0
other,2024-08-06,26.0
other,2024-08-07,20.0
other,2024-08-08,17.0
other,2024-08-09,10.0
other,2024-08-10,7.0
other,2024-08-11,6.0
other,2024-08-12,14.0
other,2024-08-13,12.0
other,2024-08-14,14.0
other,2024-08-15,7.0
other,2024-08-16,5.0
other,2024-08-17,3.0
other,2024-08-18,7.0
other,2024-08-19,9.0
other,2024-08-20,14.0
other,2024-08-21,11.0
other,2024-08-22,11.0
other,2024-08-23,9.0
other,2024-08-24,3.0
other,2024-08-25,4.0
other,2024-08-26,12.0
other,2024-08-27,12.0
other,2024-08-28,18.0
other,2024-08-29,4.0
other,2024-08-30,14.0
other,2024-08-31,4.0
other,2024-09-01,9.0
other,2024-09-02,10.0
other,2024-09-03,8.0
other,2024-09-04,6.0
other,2024-09-05,9.0
other,2024-09-06,14.0
other,2024-09-07,9.0
other,2024-09-08,8.0
other,2024-09-09,9.0
other,2024-09-10,13.0
other,2024-09-11,15.0
other,2024-09-12,5.0
other,2024-09-13,9.0
other,2024-09-14,9.0
other,2024-09-15,5.0
other,2024-09-16,12.0
other,2024-09-17,8.0
other,2024-09-18,6.0
other,2024-09-19,7.0
other,2024-09-20,17.0
other,2024-09-21,5.0
other,2024-09-22,3.0
other,2024-09-23,6.0
other,2024-09-24,4.0
other,2024-09-25,10.0
other,2024-09-26,7.0
other,2024-09-27,7.0
other,2024-09-28,7.0
other,2024-09-29,5.0
other,2024-09-30,6.0
other,2024-10-01,10.0
other,2024-10-02,5.0
other,2024-10-03,7.0
other,2024-10-04,10.0
other,2024-10-05,8.0
other,2024-10-06,3.0
other,2024-10-07,8.0
other,2024-10-08,9.0
other,2024-10-09,8.0
other,2024-10-10,11.0
other,2024-10-11,6.0
other,2024-10-12,2.0
other,2024-10-13,4.0
other,2024-10-14,8.0
other,2024-10-15,9.0
other,2024-10-16,1.0
other,2024-10-17,5.0
other,2024-10-20,6.0
other,2024-10-21,7.0
other,2024-10-22,4.0
other,2024-10-23,8.0
other,2024-10-24,5.0
other,2024-10-25,5.0
other,2024-10-26,4.0
other,2024-10-27,3.0
other,2024-10-28,12.0
other,2024-10-29,11.0
other,2024-10-30,2.0
other,2024-10-31,14.0
other,2024-11-01,8.0
other,2024-11-02,5.0
other,2024-11-03,4.0
other,2024-11-04,19.0
other,2024-11-05,13.0
other,2024-11-06,9.0
other,2024-11-07,1.0
other,2024-11-08,7.0
other,2024-11-09,5.0
other,2024-11-10,6.0
other,2024-11-11,19.0
other,2024-11-12,15.0
other,2024-11-13,17.0
other,2024-11-14,11.0
other,2024-11-15,8.0
other,2024-11-16,4.0
other,2024-11-17,5.0
other,2024-11-18,11.0
other,2024-11-19,9.0
other,2024-11-20,7.0
other,2024-11-21,7.0
other,2024-11-22,7.0
other,2024-11-23,10.0
other,2024-11-24,9.0
other,2024-11-25,12.0
other,2024-11-26,10.0
other,2024-11-27,6.0
other,2024-11-28,11.0
other,2024-11-29,17.0
other,2024-11-30,4.0
other,2024-12-01,13.0
other,2024-12-02,16.0
other,2024-12-03,10.0
other,2024-12-04,14.0
other,2024-12-05,10.0
other,2024-12-06,4.0
other,2024-12-07,4.0
other,2024-12-08,7.0
other,2024-12-09,8.0
other,2024-12-10,18.0
other,2024-12-11,19.0
other,2024-12-12,18.0
other,2024-12-13,18.0
other,2024-12-14,14.0
other,2024-12-15,3.0
other,2024-12-16,15.0
other,2024-12-17,21.0
other,2024-12-18,18.0
other,2024-12-19,22.0
other,2024-12-20,20.0
other,2024-12-21,8.0
other,2024-12-22,16.0
other,2024-12-23,17.0
other,2024-12-24,19.0
other,2024-12-25,9.0
other,2024-12-26,10.0
other,2024-12-27,18.0
other,2024-12-28,13.0
other,2024-12-29,11.0
other,2024-12-30,20.0
other,2024-12-31,20.0
other,2025-01-01,19.0
other,2025-01-02,41.0
other,2025-01-03,17.0
other,2025-01-04,10.0
other,2025-01-05,24.0
other,2025-01-06,32.0
other,2025-01-07,38.0
other,2025-01-08,35.0
other,2025-01-09,37.0
other,2025-01-10,18.0
other,2025-01-11,9.0
other,2025-01-12,10.0
other,2025-01-13,39.0
other,2025-01-14,34.0
other,2025-01-15,27.0
other,2025-01-16,39.0
other,2025-01-17,17.0
other,2025-01-18,10.0
other,2025-01-19,18.0
other,2025-01-20,41.0
other,2025-01-21,22.0
other,2025-01-22,46.0
other,2025-01-23,29.0
other,2025-01-24,16.0
other,2025-01-25,13.0
other,2025-01-26,22.0
other,2025-01-27,42.0
other,2025-01-28,36.0
other,2025-01-29,37.0
other,2025-01-30,41.0
other,2025-01-31,31.0
other,2025-02-01,18.0
other,2025-02-02,18.0
other,2025-02-03,39.0
other,2025-02-04,35.0
other,2025-02-05,33.0
other,2025-02-06,25.0
other,2025-02-07,25.0
other,2025-02-08,7.0
other,2025-02-09,14.0
other,2025-02-10,34.0
other,2025-02-11,28.0
other,2025-02-12,29.0
other,2025-02-13,32.0
other,2025-02-14,19.0
other,2025-02-15,14.0
other,2025-02-16,9.0
other,2025-02-17,44.0
other,2025-02-18,37.0
other,2025-02-19,28.0
other,2025-02-20,30.0
other,2025-02-21,15.0
other,2025-02-22,14.0
other,2025-02-23,9.0
other,2025-02-24,44.0
other,2025-02-25,27.0
other,2025-02-26,25.0
other,2025-02-27,21.0
other,2025-02-28,16.0
other,2025-03-01,9.0
other,2025-03-02,8.0
other,2025-03-03,32.0
other,2025-03-04,19.0
other,2025-03-05,29.0
other,2025-03-06,18.0
other,2025-03-07,21.0
other,2025-03-08,2.0
other,2025-03-09,6.0
other,2025-03-10,29.0
other,2025-03-11,30.0
other,2025-03-12,22.0
other,2025-03-13,28.0
other,2025-03-14,20.0
other,2025-03-15,7.0
other,2025-03-16,12.0
other,2025-03-17,17.0
other,2025-03-18,16.0
other,2025-03-19,12.0
other,2025-03-20,15.0
other,2025-03-21,11.0
other,2025-03-22,3.0
other,2025-03-23,7.0
other,2025-03-24,15.0
other,2025-03-25,18.0
other,2025-03-26,7.0
other,2025-03-27,13.0
other,2025-03-28,6.0
other,2025-03-30,1.0
other,2025-03-31,6.0
other,2025-04-01,18.0
other,2025-04-02,8.0
other,2025-04-03,7.0
other,2025-04-04,6.0
other,2025-04-05,7.0
other,2025-04-06,2.0
other,2025-04-07,12.0
other,2025-04-08,9.0
other,2025-04-09,9.0
other,2025-04-10,13.0
other,2025-04-11,13.0
other,2025-04-12,4.0
other,2025-04-13,8.0
other,2025-04-14,8.0
other,2025-04-15,12.0
other,2025-04-16,12.0
other,2025-04-17,5.0
other,2025-04-18,4.0
other,2025-04-19,7.0
other,2025-04-20,5.0
other,2025-04-21,3.0
other,2025-04-22,14.0
other,2025-04-23,5.0
other,2025-04-24,8.0
other,2025-04-25,1.0
other,2025-04-26,2.0
other,2025-04-27,2.0
other,2025-04-28,5.0
other,2025-04-29,98.0
other,2025-04-30,6.0
other,2025-05-02,3.0
other,2025-05-03,1.0
other,2025-05-04,5.0
other,2025-05-05,8.0
other,2025-05-06,6.0
other,2025-05-07,3.0
other,2025-05-08,9.0
other,2025-05-09,3.0
other,2025-05-10,3.0
other,2025-05-11,2.0
other,2025-05-12,7.0
other,2025-05-13,6.0
other,2025-05-14,5.0
other,2025-05-15,2.0
other,2025-05-16,4.0
other,2025-05-17,1.0
other,2025-05-18,1.0
other,2025-05-19,14.0
other,2025-05-20,4.0
other,2025-05-21,5.0
other,2025-05-22,5.0
other,2025-05-23,2.0
other,2025-05-26,8.0
other,2025-05-27,4.0
other,2025-05-28,4.0
other,2025-05-29,6.0
other,2025-05-30,4.0
other,2025-05-31,1.0
other,2025-06-01,1.0
other,2025-06-02,9.0
other,2025-06-03,7.0
other,2025-06-04,2.0
other,2025-06-05,4.0
other,2025-06-06,4.0
other,2025-06-07,1.0
other,2025-06-08,3.0
other,2025-06-09,6.0
other,2025-06-10,6.0
other,2025-06-11,6.0
other,2025-06-12,3.0
other,2025-06-13,7.0
other,2025-06-14,1.0
other,2025-06-16,3.0
other,2025-06-17,2.0
other,2025-06-19,3.0
other,2025-06-20,4.0
other,2025-06-21,3.0
other,2025-06-22,1.0
other,2025-06-23,5.0
other,2025-06-24,4.0
other,2025-06-25,1.0
other,2025-06-26,5.0
other,2025-06-27,6.0
other,2025-06-30,5.0
other,2025-07-01,6.0
other,2025-07-03,3.0
other,2025-07-04,3.0
other,2025-07-05,2.0
other,2025-07-06,1.0
other,2025-07-07,2.0
other,2025-07-08,3.0
other,2025-07-10,1.0
other,2025-07-11,1.0
other,2025-07-14,1.0
other,2025-07-15,2.0
other,2025-07-16,1.0
other,2025-07-17,1.0
other,2025-07-18,1.0
other,2025-07-20,1.0
other,2025-07-21,1.0
other,2025-07-22,7.0
other,2025-07-24,8.0
other,2025-07-26,1.0
other,2025-07-28,1.0
other,2025-07-29,1.0
other,2025-07-30,1.0
other,2025-07-31,2.0
other,2025-08-01,1.0
other,2025-08-05,1.0
other,2025-08-06,3.0
other,2025-08-08,1.0
other,2025-08-09,1.0
other,2025-08-10,1.0
other,2025-08-11,1.0
other,2025-08-12,1.0
other,2025-08-13,2.0
other,2025-08-14,2.0
other,2025-08-15,3.0
other,2025-08-18,1.0
