barcode,count
GGTCCATCTCAGATCG,21105
ACCGGAAGTTGCCAAG,3549
CTTAGGTATTACATGC,1383
CAGATAATATAGAGAC,1343
GTCAAATTACGGATGG,993
ACCAGCAGTGAGTTGT,451
CAGATAATGTAGAGAC,434
TCGTTGCACTACTGCT,405
TGCTATTCCGGAGCGG,125
TAACGTAATTTCTCGA,124
AGAAAATCCCAGATAC,123
TTGTATAAGTCGCGCC,98
CTATATCGCCCGGAAG,96
ACGTGTCTCTGAGCAA,93
AAGCACAGCGGGTGAT,84
GTACAAACCTACAAAT,70
GTAGAACTGCGGTCCC,69
TTGGGCACTAAATCAA,67
TGCAGTTGTATACATA,63
TTGGGGAACGGGAAGT,41
GCCACTGCGGCGTGTG,39
CGTATACCCTTCAGCA,38
AAATCCATAAGACCCC,36
AACCACCGAGTGACTG,34
CGTGTACCATTCAGCA,34
GCCAGCTCGTATCCCC,33
ACCAACAATGAGTTGT,32
CTATATTGCTCGGAAG,32
GTAAAAACCTGCAAAT,32
AGTGTACCCTTCAGCA,31
AGCATCTAACGGATAG,30
GAAGTGTGTATTGAGT,29
TGGACCCTAGATGGTA,29
ACAAGATTCGGGGGAT,28
ACTACAAGGCTACGTA,28
GAAAAATTTATGACAA,28
GTACCCAGTTCCTGTG,28
GAATTAGAAATACATA,27
AATGCAAGCATGTCAA,25
CCGGATAAATCAAAAC,25
GAGGGGCAGAGATACG,25
TCTTATTAGGCGACAT,25
TTATATCAGTCGCGCC,24
TTGTATCAGTAGCGCC,24
CCCTGCGTGGCTCGGG,23
GTACAAACCTGAAAAT,23
CATGTACCCTTCAGCA,22
TTGGGGAACGGGAAGA,22
AACCACCGAGTGACCA,21
GAGGGGTAGAGAGACG,21
GCCAGCTCATATCCCT,21
AATTCATGAGTACTAG,20
AGCATCTAACAGGTAG,20
CCCTGTGCGGCTCGGG,20
CGTGTACCCTTCAGTA,20
CTTCGGCTCTTTATTA,20
GTAGAACTGCGGCCCA,20
TTACAAACCTGCAAAT,20
ATACAAACCTGCAAAT,19
CAATTATAAATACATA,19
TTTCAGCGCTGTTTTG,19
ACTATCTAGAAATTTT,18
ATACAAAAAACTTAGT,18
CGTGTACCCTTCATCA,18
GAGGGGGAGAGATACG,18
GATCGCTGGCACCCGT,18
AAAATGCTGCATTAGG,17
AGAATAGGGATATGTG,17
CCTTGATGCATTCCCA,17
GATATTGGGGAGAGTC,17
TTATATGTAGAGCGCT,17
CCTTGATGTATTCCCG,16
GAGGGGTAGAGATAAG,16
ACCTGCGCGGCTCGGG,15
ATTTAAACTCGAGGAC,15
CCCTACGCGGCTCGGG,15
CCCTGCGGGGCTCGGG,15
CTCAAATAATTGACGC,15
GAGGGGTAGAGATATG,15
GAGGGGTGGAGATACG,15
GGCATCTAACAGATAG,15
GTACAAACCTGTAAAT,15
GTACAAACCTTCAAAT,15
GTACAACCCTGCAAAT,15
TATACAGAGTTTGTTG,15
TTGGGGAAAGGGAAGC,15
AACGACAAACAGGAAG,14
CACCTAGGATCACACT,14
CCCTGCGCGGCTAGGG,14
CGGACCCTAGATGGGA,14
CTTAGGTATTATATGT,14
GGCATAGGGATATGTG,14
TCGGGGAACGGGAAGC,14
TCTTATTAGGCGGTAT,14
TGTGTACCCTTCAGCA,14
TTATCTGTAGAGCTCT,14
ACACGGGTTGACTGTA,13
ACGGGGGTTGGCTGTT,13
ATTACGAATGGGGTAG,13
ATTCCGAATGGGATAG,13
CAGGCTCTAGAGCTAT,13
CAGTCCTCAGTTTGAG,13
CGCGACACACTTCCGG,13
CGGGAAGTGTAAATGA,13
CGTGTACCCTTCAGAA,13
CGTTTACCCTTCAGCA,13
CTTGTACCCTTCAGCA,13
GGTCCATCTTAGATCG,13
GTACAAACATGCAAAT,13
GTACAAACCTGCAGAT,13
GTGCCCAGTTCCTGCG,13
GTGGTATCAAACCGGG,13
TATGTCGTAGCCACAG,13
TGTCCATCTCAGATCG,13
TTGGGGAACGGGAATC,13
TTGGGGAACGGGAGGC,13
AAATTAGAAATACATA,12
AACCACCGAGTGACAG,12
AAGAGCTGCAGAAGCG,12
ACCAGAAATGAGTTGT,12
ACCATCAATGAGTTGT,12
AGCAGAAGTCCATGTA,12
AGCATATGGATATGTG,12
AGTGTTGAATAGGTGA,12
AGTGTTGTCTTGGTTA,12
ATTAGGTATTATATGC,12
ATTGGGGCTACGTGAG,12
CAATTAGGAATACATA,12
CATTGATGCATTCCCG,12
CGGACCCTAGATGGCA,12
CGGAGACAAGATTGTA,12
CGTGTACCCTTAAGCA,12
CTTTTCTAGCACGCTT,12
GACAAAGGGGACATAT,12
GACCACCGAGTGACCG,12
GCATTCTCAACTCCTA,12
GTACAAACCCGCAAAT,12
GTACCCAGTTCCTGAG,12
GTCAGCTCGTATCCCT,12
TACCCTGCAATCCACT,12
TATATTAATAACATAA,12
TTCTGTCCAGACTCAT,12
AAAAAATTTATGAAAA,11
AACGACAAACATTAAG,11
ACCGAATGAATAATCC,11
AGCATAGGGATAGGTG,11
AGGACTATAGTTGGTA,11
ATTCCGAATGGGGGAG,11
CAATTAGAGATACATA,11
CACGGCTGGCGAACTC,11
CCATGCGCGGCTCGGG,11
CGTGTACCCCTCAGCA,11
CGTGTACCCTCCAGCA,11
CTGAACTTATATGTGG,11
GACGACAAACAGTAAG,11
GAGGGGTAGAGATGCG,11
GATCACCATCGACTTC,11
GTACCAAGTTCCTGCG,11
GTACGCAAAGTTGACC,11
TACCCTGTAAGCCACT,11
TATTAAGAGAAGTGTG,11
TCTTATTAGGAGGCAT,11
TTGGGGAACTGGAAGC,11
AAAAGAAGTCCATGTA,10
AACCACCTAGTGACCG,10
ACAAGATTCGGGGGGC,10
ACCAGCTCGTATCCCT,10
AGCATAGGGATATGGG,10
AGCATAGGGATGTGTG,10
AGTGTTGAAGAGGCGA,10
AGTGTTGAATAGGAGA,10
CAAATGCTGAATTAGG,10
CAATTAGAAATAAATA,10
CACGGCCGGCGAAATC,10
CCCTGCGCGGCTCAGG,10
CCCTGCGCGGCTCTGG,10
CCCTGCGCGTCTCGGG,10
CCTGGGTTAAGTGGTG,10
CCTTGATGCACTCCCG,10
CCTTGATGCATTCCAG,10
CGGACTATAGTTGGCA,10
CGTGTAACCTTCAGCA,10
CGTGTACCCTTCAACA,10
CGTGTACCCTTCGGCA,10
CGTTCAGCGATGACGG,10
GAGAGCTACAGAAGCG,10
GCAGCGTGTCGGTCAT,10
GCAGTGTGCCGGTCAT,10
GCCAGCTCGTATCACT,10
GCGAAGTTTCATAGCA,10
GGGAGTATGAAGAGCG,10
GGGGGGTAGAGATACG,10
GGTCCATCTCAGAGTG,10
GTACGAACCTGCAAAT,10
TAATGGGTGTACGAGA,10
TACCCTGCAAGCCACA,10
TCCAGCGAGGTAAGAG,10
TCCAGCGCGGAAAGAG,10
TTGGGCACCAAATTAA,10
TTGGGGAATGGGAAGC,10
TTGTATCAGTCGTGCC,10
AAACCCATAAGACCCA,9
AAACCCATAATACCCC,9
AAAGGTTCCGACTAAG,9
AACTGTTCCGACTAAG,9
AACTTCCCTGACTGCC,9
ACAAGATTCGGGGAAC,9
ACATCCTCAACTCCTA,9
ACCAGCAATAAGTTGT,9
AGGAAATCTCAGATAC,9
AGGTCGGGACTCATCT,9
AGTGTTTAATAGGCGA,9
ATCAGGATTATCGCGC,9
ATGGGGAACGGGAAGC,9
ATGTCCATTAAGATCA,9
CAAATGATGCATTAGG,9
CAAATGCTGCATTGGG,9
CAATTAAAAATACATA,9
CAGGCTCCAGAGCTCT,9
CAGGCTCTAGGGCTCT,9
CATGGGAATTGTCACT,9
CCCTGCGCGGCTCGTG,9
CCGAACTTATCTGTGG,9
CCGGATAAATAAGAAC,9
CCTTGATGCATTCCCT,9
CGACTCCATGGACGCC,9
CGGACACTAGATGGTA,9
CGGACCCGAGATGGTA,9
CTAGCACAGAGTAGGC,9
CTAGCACAGCGTAGGA,9
CTAGCACAGCGTAGGT,9
CTTAGGTATTATGTGC,9
CTTTAAATTATAGTCG,9
GAGAGGTAGAGATACG,9
GATCACGCAGAAAAGG,9
GATCTTGGGGAGAGTA,9
GCATGGAAATAACTCC,9
GCGTGTCTCCGAGCAA,9
GTACCCAGTTCCCGCG,9
GTAGAACTGCTGCCCC,9
GTAGAACTGTGGCCCC,9
GTCACATCCTGGAATG,9
GTGTACTATCGCAGAC,9
GTTTAAATTATAGTCT,9
TCCTGCGCGGCTCGGG,9
TCGAGTTAATATACGC,9
TCTTATTGGGCGGCAT,9
TTATCTGTAGAGCGCC,9
TTATCTGTAGGGCGCT,9
TTCTGTCCATACTCGT,9
TTTATATACAACACCA,9
TTTATATTCAACACCA,9
TTTGGGAACGGGAAGC,9
AAAGAATTTATGACAA,8
AACAACCGAGTGACCG,8
AACCACCGAGTGAACG,8
AACCTACGGGACGTAA,8
AACGGTTCAGACTAAG,8
AAGAACCTCGTTGTCT,8
ACAAGCAATGAGTTGT,8
ACCAGCAATGAGTTGC,8
AGCATAGGGATATGTA,8
AGCATCTAAAAGATAG,8
AGGAGTATGAAGAGAG,8
AGTAGTTTAGATAGTT,8
AGTGTTGAATGGGCGA,8
ATACGATTAGTCGACA,8
ATAGCACAGCGTAGGC,8
ATGGGATTGGAGAAAT,8
ATGGGGTTGGAGAAAC,8
ATTTGAATTCGAGGAC,8
CATGGGAATTGACACT,8
CCAAGCTTGGTGCATC,8
CCCTGCGCGACTCGGG,8
CCGGGTAAATCAGAAC,8
CGGACCATAGATGGTA,8
CTGACCCTAGATGGTA,8
CTGAGCTACCAATAAG,8
CTGGGGAACGGGAAGC,8
CTTAGGTATTATATTC,8
GAAGCGTGCCGGTCAT,8
GAAGCTCTTTTCGTTC,8
GAGGGGATACGCCACC,8
GAGGGGTAGAGATACT,8
GATCTCCATCGACTTC,8
GCACAAACCTGCAAAT,8
GCCAACTCGTATCCCT,8
GGGAAAGAAACTGGAG,8
GGTGTTGGCTTGGTTA,8
GTACCCAGTTCCTACG,8
GTACCCAGTTCCTGCT,8
GTAGAACTGCGGGCCC,8
GTAGATACTAGGGCCA,8
GTAGCGTGCCGGTCAT,8
GTCAAGTTACGGGTGG,8
GTGGTATCAAGCCTGG,8
GTTATTATGACTCCAT,8
TACGGCCGGCGAACTC,8
TACTGATAACCCTGTG,8
TATGTCGTATACACAG,8
TCATGGGTGTAAGAGA,8
TCTAACTCTCGCGACA,8
TCTTAGAGTGAACGGT,8
TGGGAACATACATAAC,8
TGGGGACAAGATTGTA,8
TGTTGAGCCAGTCTGG,8
TTATGTCCAGACTCGT,8
TTCCACAGAACCTATC,8
TTCTGTCCAGACCCGT,8
TTGGGGAACGGGGAGC,8
TTGTATCAGTCGCACC,8
TTGTATCAGTCGCGCA,8
TTGTATCAGTCGCGCT,8
TTGTGGAACGGGAAGC,8
AAAAAATTTATGACAG,7
AAAAAATTTATTACAA,7
AACCACCGAGTGACCT,7
AACGGTTACGACTAAG,7
AATTCGCGAGTACTAG,7
ACAAGCCCAACACAGA,7
ACCGAATGAATCACCC,7
ACGCATGATTTTCGAG,7
AGAATCTAACAGATAG,7
AGATCCGCCCTATAGT,7
AGCATCTAACAGAGAG,7
AGCATGGGGATATGTG,7
AGGAAAGAAACCGGAG,7
AGGAGTATGAAGAGTG,7
AGGCACGTAAGGACTA,7
AGGCCAGGGAATCAAA,7
AGGTTCGGACTCTTGC,7
AGTGTTGGATTGGTTA,7
AGTTGTGGTCTCCCTT,7
ATGAGGGATTCAACTC,7
ATGTACCTGCAGTTGA,7
ATTCCGGATGGGGTAG,7
ATTCCTAATGGGGTAG,7
CAAATGCTACATTAGG,7
CAAATGCTGCATGAGG,7
CACTATGAAATAAGCT,7
CACTGCGCGGCTCGGG,7
CATACAGAGTTTATTG,7
CATGTGGATCCCAACA,7
CCAAGCTTGGCGCATT,7
CCATATGAAATAAGCT,7
CCCTGCGAGGCTCGGG,7
CCCTGCGCGGCTCGGT,7
CCTTGATGCATTCCTG,7
CGCGACACCCTTCCAG,7
CGCGACACCCTTCCGT,7
CGGACAGGGAATCAAA,7
CGGCTCCACGGACGCC,7
CGTGTACCCTTCAGCG,7
CGTTCATCGATAACGG,7
CTAGCACAGCGTAGAC,7
CTATCACAGCGTAGGC,7
CTATCTTAATATACAG,7
CTATCTTAATCGACAG,7
CTGAGCTGCCAAGAAG,7
CTGAGCTGCCCATAAG,7
CTGGAGGCCTGGCCCA,7
CTTAGCTGCCAATAAG,7
CTTCGGCTCTTGACTA,7
GAATGATAGAACAGAG,7
GAATGGAACTAACTCC,7
GACGGTTCCGACTAAG,7
GATGGGTAGAGATACG,7
GATTGCCATCGACTTC,7
GCAGAGTGCCGGTCAT,7
GCATGGAACTAACTCA,7
GCCAGCTCGTATCCCG,7
GCCTATGAAATAAGCT,7
GGGGAAATGTAAATGA,7
GGTATTTGCGCTTCAA,7
GGTTTTTATAACTTGC,7
GTAAGCAAAGTTGAAC,7
GTAAGCAAAGTTTACC,7
GTACAAACCGGCAAAT,7
GTACCCAGTTCCTTCG,7
GTACGATTGTCCGGAA,7
GTAGAACTGCGGACCC,7
GTAGAACTGCGGCCAC,7
GTCAAATAATTGGCGC,7
GTGGGATTGGAGAAAC,7
GTGGTATCAAGACGGG,7
GTTGCTCCGACACACC,7
GTTGCTCCGACACTCC,7
TAAATGCTGCATTAGG,7
TACCCTGAAAGCCACT,7
TACCCTGCAAGACACT,7
TACCCTGCAAGCCACC,7
TAGAACCTCGTTGTCT,7
TAGAATTGTCGGAAAG,7
TATGCCGTATCCACAG,7
TATGTAGTATCCACAG,7
TATTAAGAGAAGTGAG,7
TATTATTAGGCGGCAT,7
TCATGGATGTACGAGA,7
TCCAGCGTGGTAAGAG,7
TCCGGCGCGGTAAGAG,7
TCCTATGAAATAAGCT,7
TCGATTGCTAGCCGGA,7
TCTAACCCTCGCGGCA,7
TCTTATTAGGCGTCAT,7
TGGTCCGCTTCATGCC,7
TTACCCAGTTCCTGCG,7
TTATAAACCGTTTGTA,7
TTATCTGTGGAGCGCT,7
TTCTGCCCAGACTCGT,7
TTGCTCCCGAGTAGTA,7
TTTATATCCAACACCG,7
TTTATATCGAGATTCG,7
AAAAAATTTATGGCAA,6
AAACACCGAGTGACCG,6
AAACGGGTTGGCTGTA,6
AAAGAATATCGTGCAC,6
AACACGTAGAACCACC,6
AACAGAGGTCCATGTA,6
AACATCTAACAGATAG,6
AACCACCGAGTGGCCG,6
AACGGTTCCGAATAAG,6
AACTTCCCTGGCTGCT,6
AATCGCTGGCACCCGC,6
AATCGCTGTCACCCGT,6
AATCTTGGGGAGAGTC,6
ACAAAGTCGCGAGAAG,6
ACAAGATTAGGGGGAC,6
ACAAGATTCGGGGGAA,6
ACAATCCCAGCCTTTA,6
ACAATCTGGACCATAC,6
ACACGGGTTGGCAGTA,6
ACAGTCCACCGTTGAG,6
ACCCCAGGAGCTTGGC,6
ACCCCCGGAGCTTGGT,6
ACCGAATGAATCATCA,6
ACCTATGAAATAAGCT,6
ACGTGTCTCCGAGAAA,6
ACTGTCCAGAAATTTT,6
ACTTGATGCATTCCCG,6
ACTTTCTAGAAATTTT,6
AGCTCCTGTGGTATCA,6
AGGTTCAGACTCTTGT,6
AGTCCATCTCAGATCG,6
AGTGTTGAATAGTCGA,6
AGTGTTGAGTAGGCGA,6
AGTGTTTGCTTGGTTA,6
ATAACGTTTGTGTAAA,6
ATAAGGATAATCGCGC,6
ATACACGCATGTTCCA,6
ATCCGATTTAAAGGAA,6
ATGGCCCACGGACATA,6
ATGGGATTGGAGAAAA,6
ATGGGATTGGAGAACC,6
ATGGGATTGGATAAAC,6
ATTCCGAATGGGGTGG,6
ATTCCGAATGTGGTAG,6
ATTGGATTGGAGAAAC,6
CAGATGCTGCATTAGG,6
CATAAAGAGTTTGTTG,6
CATACAGGGTTTGTTG,6
CATACAGTGTAATCGA,6
CATGTGGAGCCCAGCA,6
CATTCAGCGATAACGG,6
CATTGAGGCGCGCAAG,6
CCCAGCGCGGTAAGAG,6
CCCTATGAAATAAGTT,6
CCCTGCGCGGATCGGG,6
CCCTGCGCTGCTCGGG,6
CCCTGCTCGGCTCGGG,6
CCTTGATACATTCCCG,6
CCTTGATTCATTCCCG,6
CGCGACACCCTTCCTG,6
CGCGTACCCTTCAGCA,6
CGGACCCTAGATGTTA,6
CGGACCCTATATGGTA,6
CGGGGACAAGATGGTA,6
CGTACCCTAGATGGTA,6
CGTGTACACTTCAGCA,6
CGTGTACCCTTCACCA,6
CGTGTACCCTTCAGCT,6
CGTTCAGCAATAACGG,6
CGTTCAGTGATAACGG,6
CTAGTACAGCGTAGGC,6
CTATACCTGCAGTTGA,6
CTATATTGCCAGGAAG,6
CTATATTTCCCGGAAG,6
CTATTTAACAGACGGA,6
CTCGACACCCTTCCGG,6
CTGGAGGACTGGCCCC,6
CTGTACCTGCAGTTGG,6
CTTAGGCTCTTGATTA,6
GAAGAAAATATAACCA,6
GAATAATAGAACAGGG,6
GAGAAGTTTCATAGCG,6
GAGAGCTGCAGAAGTG,6
GAGATTGATTGAAGTT,6
GATACAGAGTTTGTTG,6
GCAAGCTCGTATCCCT,6
GCAATCTGAACCATAC,6
GCATGGAACTAACTAC,6
GGTGTTGAATAGGCGA,6
GTAGAACTGCGTCCCC,6
GTATAAACCTGCAAAT,6
GTATATTGCCCGGAAG,6
GTATTTAACAGACGTA,6
GTGCGATTTTCCGGAA,6
GTGGTATCAAGTCGGG,6
GTTATTATGAATTCAT,6
GTTCCATCTCAGATCG,6
TAATAAGTCAGCAAGA,6
TACATACCGACGCAGA,6
TACCCAAGGGACGGAC,6
TACGACAAACAGTAAG,6
TACTAATGCAGTTGTC,6
TACTGATAACCCCGCG,6
TACTGATAACCCTTCG,6
TAGAACGAAGTAGGAG,6
TCAAGCGCGGTAAGAG,6
TCATGGGTGTATGAGA,6
TCCAGTGCGGTAAGAG,6
TCGCCCGTTGGGAACT,6
TCGTCGCACCACTGCT,6
TCGTCGCACTACTGCC,6
TCTAACTCTCGCGTCA,6
TCTGGGTTAAGTTGTG,6
TGAAGTGGTATACATA,6
TGATCTTTTACATTCA,6
TGCTATTACGGCGCGG,6
TGCTATTCCGGCGCGT,6
TTAAGAATTTGATTCC,6
TTACGAATTTGATTAC,6
TTATCTGTAGAGCGCA,6
TTCATCAAGTTGGTGT,6
TTCTGTCAAGACTCGT,6
TTCTTTCCAGACTCGT,6
TTGAGGAACGGGAAGC,6
TTGGAGAACGGGAAGC,6
TTGGGGAACAGGAAGC,6
TTGGGGAACGGGAAAC,6
TTGGTGAACGGGAAGC,6
TTGTATCAGTCGCGAC,6
TTGTATCAGTCGCTCC,6
TTGTATCAGTCTCGCC,6
TTTATATCAAACACCA,6
TTTATATCCAAAACCA,6
TTTATATCCAACACCT,6
TTTCAGAGTTGTTTTG,6
TTTCGGCTCTTGATTA,6
AAAAAATTGATGACAA,5
AAAGCTCTTTTAGTTC,5
AAAGGTGCGCCTTCAA,5
AACAGAAGTCAATGTA,5
AACAGAAGTCCATGGA,5
AACAGAAGTCCATGTG,5
AACAGTTCCGACTAAG,5
AACATAAGTCCATGTA,5
AACCAACGAGTGACCG,5
AACCACCGAGTTACCG,5
AACCTACGAGACGGAA,5
AACGAAACAATCGAAC,5
AACGACAAACAGTATG,5
AACGACGAACAGTAAG,5
AACTTCACTGACTGCT,5
AACTTCCCTGACTACT,5
AACTTCCCTGACTGAT,5
AAGGCTCTAGAGCTCT,5
AAGGGGACTCATAATG,5
AAGGGGTAGAGATACG,5
AATCACTGGCACCCGT,5
AATCGCTGGCACACGT,5
AATCGCTGGCACCCAT,5
AATGAAACAATCTAAC,5
AATGGAACAATCGAAC,5
AATGTCTAGAAATTTT,5
AATTTCTGATGAATTG,5
ACAAACAGTGTAGTTG,5
ACAAAGTCTAGAGAAG,5
ACAAGCTTGGCGCATC,5
ACAATCTGAACCATAT,5
ACCCCCGGAGATTGGC,5
ACCCCCGGAGCTTGGA,5
ACCCCCGTAGCTTGGC,5
ACGGGGATTGGCTGTG,5
ACGTATGATTTTCGGG,5
ACGTCCATTAAGATCG,5
ACGTGTCTCCGAGTAA,5
AGAAAATCTCATATAC,5
AGCAGCAATGAGTTGT,5
AGCATAGGGGTATGTG,5
AGCATCTAACAGATAA,5
AGCATCTAATAGATAG,5
AGCTGAATTAAGGATG,5
AGGACCCTAGATGGTA,5
AGGACTATAGTTGACA,5
AGGAGTATGAAGAGCA,5
AGGTTAAGAGAAAGTT,5
AGTCGCTGGCACCCGT,5
AGTGTCGAATAGGCGA,5
AGTGTTGAATAGGCGT,5
AGTGTTGAATATGCGA,5
AGTGTTGGCTTGTTTA,5
AGTTGGGGTCTCCCTC,5
ATCAGGATAATCGCGA,5
ATCAGGATAATCTCGC,5
ATCCCGAATGGGGTAG,5
ATGGGATGGGAGAAAC,5
ATGGGATTGGAGAAGC,5
ATGGGATTGGGGAAAC,5
ATTAGGGCTACGGGAG,5
ATTCCGAATTGGGTAG,5
ATTGGATTATAACGTA,5
ATTTAAATTCTAGGAC,5
CAAAACCTCGTTGTCT,5
CAAAATCCACGGCGAC,5
CAAACACAAAAAATTA,5
CAAATGCTGCATTAGT,5
CAATTAGAAATACAGA,5
CAATTAGAAATACATG,5
CAGAACCTCGTTGTCC,5
CAGGATCTAGAGCTCT,5
CATACAGAGTTTTTTG,5
CATGGGAATTACCACT,5
CATGGGAATTGCCACC,5
CATGGGTTAAGTTGTG,5
CATGTGGGGCCCAACA,5
CATTGAGAAGCGCAAG,5
CCAACACAAAAAAGTA,5
CCAAGCTTGGCGCATA,5
CCCCGCGCGGCTCGGG,5
CCCTGATGCATTCCCG,5
CCCTGCGCGGCTTGGG,5
CCCTTCGCGGCTCGGG,5
CCTCGGCTCTTGATTA,5
CCTTGACGCATTCCCG,5
CCTTGATGAATTCCCG,5
CCTTGATGCATTCACG,5
CGCACTTTATGAGACA,5
CGGACCCCAGATGGTA,5
CGGACTCTAGATGGTA,5
CGGGAAATGTAAATGG,5
CGGGAACATACAGAAC,5
CGGGGACGAGATTGTA,5
CGTGCACCCTTCAGCA,5
CGTGGGAATTGCCACT,5
CGTGTGGAGCCCAACA,5
CGTGTTGAATAGGCGA,5
CGTTAAGCGATAACGG,5
CGTTCAGCGATAAAGG,5
CGTTCAGCGATAACGT,5
CGTTCGGCGATAACGG,5
CTAGAACAGCGTAGGC,5
CTAGCAAAGCGTAGGC,5
CTAGCACATCGTAGGC,5
CTAGCACGGCGTAGGC,5
CTATATTACCCGGAAG,5
CTCAAATAATTGGCGA,5
CTCTAAATTATAGTCT,5
CTCTGTCCAGACTCGT,5
CTGAACTTATCTGTTG,5
CTGCCAGGGAATCAAA,5
CTGTACCCGCAGTTGA,5
CTGTACCTTCAGTTGA,5
CTTACAGAATACGAGA,5
CTTAGGTATTATATAC,5
CTTAGGTATTATATGA,5
CTTCGACTCTTGATTA,5
CTTGAGGCCTGGCCCC,5
GAAGAAACTATAGCCA,5
GAAGTGAGTATTGAGT,5
GACAAGAGGGACATAT,5
GACCCTGCAAGCCACT,5
GACGGGATGGGCACGC,5
GAGAGATGCAGAAGCG,5
GAGAGCTGAAGAAGCG,5
GAGAGCTGCAGAAGAG,5
GAGGGGTAGAGATACA,5
GAGGGGTAGGGATACG,5
GATCGCCATCGGCTTC,5
GATTAAGATGCCCACC,5
GCAAAAAGTGTAGTTG,5
GCAGCGTGCAGGTCAT,5
GCATCATCAACTCCTA,5
GCATCCTCAACTCATA,5
GCATCCTCAACTCCCA,5
GCATGGGACTAACTCC,5
GCCAGATCGTATCCCT,5
GCCAGCTCGTATCCAT,5
GCCAGCTCGTATCCCA,5
GCCATTTCCTGAAGGG,5
GCGAAGTTTCATGGCG,5
GCGTCCTCAACTCCTA,5
GGATCCACCCTATAGT,5
GGGACTATAGTTGGCA,5
GGGTGGACGGGCATGG,5
GGTACATCTCAGATCG,5
GGTCAATCTCAGATCG,5
GGTCCATCCCAGATCG,5
GGTCCATCTCAGATCA,5
GTAACCAGTTCCTGCG,5
GTAAGCAAAGTTGATC,5
GTAAGCAAATTTGACC,5
GTACAAACCTGCGAAT,5
GTACAAATCTGCAAAT,5
GTACCTAGTTCCTGCG,5
GTAGAACTGCGGCCCT,5
GTCGAGTTACGGATGG,5
GTGCGATTGTCCGAAA,5
GTGGTATCAAGCCGTG,5
GTTGCTCCGACACGCA,5
GTTGCTCTGACACGCC,5
TAACGTGATTTCCCGA,5
TACCAATGTCATTTGG,5
TACCATGCAAGCCACT,5
TACCCTGCAAGCAACT,5
TACTAATGCCGTTGTT,5
TACTCTGCAAGCCACT,5
TAGCATCGTCGGAAAG,5
TAGGCTCTAGAGCTCT,5
TATCGCCATCGACTTC,5
TATGTCGTATCCACAA,5
TATGTCGTATCCACGG,5
TATGTCTTATCCACAG,5
TCATAGGTGTACGAGA,5
TCATGGGTGTGCGAGA,5
TCCAGCGCGGCTCGGG,5
TCCAGCGCGGTAAGGG,5
TCCATCGCGGTAAGAG,5
TCGATTACTAGCCTGA,5
TCGTACGTTGGGAACT,5
TCGTCCGTTGGGAACC,5
TCTAACTCTCTCGGCA,5
TCTAGCTCTCGCGGCA,5
TCTATTACTAGCCGGA,5
TCTTGACATAGAGATG,5
TCTTGACATGGCGATG,5
TCTTGATGCATTCCCG,5
TCTTTACCACTACATC,5
TGAAAACAATACAAAT,5
TGCAGTGGTATAAATA,5
TGGGGGAACGGGAAGC,5
TGGTCCTCTTCATGCT,5
TGTTGAGCAAGTCTGA,5
TTACGAATTTGATTCA,5
TTACTAATTTGATTCC,5
TTATCCGTAGAGCGCT,5
TTATCTGTAGAGAGCT,5
TTATCTGTAGAGCGAT,5
TTCTGTCCAGACTCTT,5
TTCTGTCCGGACTCGT,5
TTGCTCCTTAGTAGTA,5
TTGGGAAACGGGAAGC,5
TTGTACCTGCAGTTGA,5
TTGTATCAGTCACGCC,5
TTGTATCAGTCGAGCC,5
TTTATATCGAGAGTCA,5
TTTCACAGAACCGATC,5
TTTCTCCTGAGTAGTA,5
AAAAAAGTTATGACAA,4
AAAAAATTTGTGACAA,4
AAAGATCTTTTCGTTC,4
AAAGCTCTTTCCGTTC,4
AAAGCTCTTTTCGTTA,4
AAAGTCCACCATTGAG,4
AACACGTAGAACCGAC,4
AACACGTAGAACCGCT,4
AACAGAAGTACATGTA,4
AACAGAAGTCCACGTA,4
AACAGAAGTCCAGGTA,4
AACAGCAATGAGTTGT,4
AACAGCCATCTAATCG,4
AACCTACTAGACGTAA,4
AACGAATGAATCATCC,4
AACGACAAACAGTAAT,4
AACGACAAACAGTGAG,4
AACGACAAGCAGTAAG,4
AACGGTGCCGACTAAG,4
AACGGTTCCGACGAAG,4
AACGGTTCCGACTGAG,4
AACGGTTCCTACTAAG,4
AACTACAAACAGTAAG,4
AAGACTATAGTTGGCA,4
AAGAGGTGATGTGATT,4
AAGCGGTGATGTGAGT,4
AAGTGTCTCCGAGCAA,4
AATGAAAAAATCGAAC,4
AATGAAGCAATCGAAC,4
AATGCGAGCATGGCAA,4
AATGCGAGTATGTCAA,4
AATGGGAATTGCCACT,4
AATTAAACAATCGAAC,4
AATTGAGACGCGCAAG,4
ACACGGGTTGGCTATA,4
ACACGGGTTGTCTGTA,4
ACAGAATGAATCATCC,4
ACAGGAAGTTGCCAAG,4
ACAGTAAGATCTACGC,4
ACAGTACGATATACGC,4
ACAGTACGATCTATGC,4
ACAGTCAACCATTGAG,4
ACAGTCCACCATTGGG,4
ACATGGGTTGGCTGTA,4
ACATTTTCCAATGGGT,4
ACCCCCGGATCTTGGC,4
ACCGAATGAATCATAC,4
ACCGAGTGAATCATCC,4
ACCGGCAATGAGTTGT,4
ACGCGTCTCCGAGCAA,4
ACGGATAAATCAGAAC,4
ACGGGGATTGGCTATT,4
ACGTACATTAAGATCA,4
ACGTATGATTTTCGAT,4
ACGTCCGTTGGGAACT,4
ACTACGAGGCTACGCA,4
ACTCCCGGAGCTTGGC,4
ACTCTGGCTCTCTAAT,4
ACTGTCTAGAAGTTTT,4
ACTTATGATTTTCGAG,4
AGATTCAGACTCTTGC,4
AGCATAGGGATATATG,4
AGCATAGGGATATGTT,4
AGCATAGTGATATGTG,4
AGCATCCAACAGATAG,4
AGCGTTGAATAGGCGA,4
AGCTCCTGGGGTATCG,4
AGCTCCTGGGGTATCT,4
AGCTCCTTGGGTATCA,4
AGGCCCGTAAGTACTA,4
AGGGAAATGTAAATGA,4
AGGGGTATGAAGAGCG,4
AGTATTGGCTTGGTTA,4
AGTCGTTTAGATAGTG,4
AGTGACCCCCTCCAAC,4
AGTGGTGAATAGGCGA,4
AGTGTTGAATAGGCAA,4
AGTGTTGCCTTGGTTA,4
AGTGTTGGCTTTGTTA,4
AGTTGGAGTCTCCCTT,4
AGTTGGGGTCTACCTT,4
AGTTGGGGTCTCCATT,4
AGTTGGGTTCTCCCTT,4
ATACACGCATGTGCCC,4
ATACACGCATGTGTCA,4
ATACATGCATGTGCCA,4
ATATATTGCCCGGAAG,4
ATATTTAACAGACGTA,4
ATCAGGATAATAGCGC,4
ATCATAGGGATATGTG,4
ATCTCCTGGGGTATCA,4
ATGGAGGCCTGGCCCC,4
ATGGTATTGGAGAAAC,4
ATGTGTCTCCGAGCAA,4
ATTAGATTATAACGGA,4
ATTAGGGCTACGTGAT,4
ATTATCATATATAATA,4
ATTATGGCTACGTGAG,4
ATTCAGAATGGGGTAG,4
ATTCCAAATGGGGTAG,4
ATTCCGAATGGGGCAG,4
ATTCCGAATGGGGTAT,4
ATTCCGAATGGTGTAG,4
ATTCCGAGTGGGGTAG,4
ATTCGGCTCTTGATTA,4
ATTCTGAATGGGGTAG,4
CAAAATCTAAGGCGAC,4
CAAATGCTGCATTAGA,4
CAATTAGAAGTACATA,4
CACACAGAGTTTGTTG,4
CACCCAGGATCGCACT,4
CACCTAGTATCGCACT,4
CAGAACCTCGTTGTCA,4
CAGTCGGGACTCATCT,4
CAGTCTCTAGAGCTCT,4
CATACAGAGTTTGTGG,4
CATCGAGACGCGCAAG,4
CATGGGAATTTCCACT,4
CATGTGGAGACCAACA,4
CATGTGGAGTCCAACA,4
CATTGAGACTCGCAAG,4
CCAACACAGAAAATTA,4
CCAAGCTTGGAGCATC,4
CCAGATAAATCAGAAC,4
CCCCATGAAATAAGCT,4
CCCCTCCTCGAAAGTT,4
CCCTACGAAATAAGCT,4
CCCTATGAAATAAGCG,4
CCCTATGAAATAATCT,4
CCCTATGAAATAGGCT,4
CCCTATTAAATAAGCT,4
CCCTGAGCGGCTCGGG,4
CCCTGCGCGGCTCGGC,4
CCCTTTATGGATCTCT,4
CCGCATTAGAGGGAGG,4
CCGCATTAGCAGGAGG,4
CCTTGATGCATCCCCG,4
CCTTGATGCATTCCCC,4
CCTTTATGCATTCCCG,4
CGAACCACAGACACGT,4
CGACTCCACGGACTCC,4
CGACTCCGCGGACGCC,4
CGATTAGAAATACATA,4
CGCACTTTACTAGACA,4
CGCGACACCATTCCGG,4
CGCGACACCCTCCCGG,4
CGCGACACCCTTCCGA,4
CGGACCCTAGATGGTT,4
CGGACCCTAGATTGTA,4
CGGGAAATGGAAATGA,4
CGGGAACATACATAAT,4
CGGTTTTGGTTCGAGG,4
CGTACATTGTAATCGA,4
CGTGGACCCTTCAGCA,4
CGTGGCCCCCTCCAAC,4
CGTGTGCCCTTCAGCA,4
CTAATTTAAGTATAAA,4
CTAGCACAACGTAGGC,4
CTAGCACAGCGTATGC,4
CTATAAACCATTTGTA,4
CTATATTGCACGGAAG,4
CTATATTGCCCAGAAG,4
CTATCTTAATCTACAT,4
CTATTTAAAAGACGTA,4
CTATTTAACAGAAGTA,4
CTATTTAACGGACGTA,4
CTCAAATAATTGGAGC,4
CTCCGGCTCTTGATTA,4
CTGAACTTATCCGTGG,4
CTGAACTTGTCTGTGG,4
CTGCACCTGCAGTTGA,4
CTGGAAGCCTGGCCCC,4
CTGGACTTATCTGTGG,4
CTGGAGGCCTGTCCCC,4
CTGTACCTACAGTTGA,4
CTGTACCTGCAGTTGT,4
CTTAACTTATCTGTGG,4
CTTACGGAATACTAGA,4
CTTAGTTATTATATGC,4
CTTCGGATCTTGATTA,4
CTTCGGCTCGTGATTA,4
CTTCGTCTCTTGATTA,4
CTTGGGTATTATATGC,4
CTTTACCTGCAGTTGA,4
CTTTTCTAGTATGCTT,4
GAAAGTCCCTATGGTG,4
GAAGAATAGAACAGAG,4
GAAGTACGATGAATGA,4
GAAGTACGCTTAATGA,4
GAAGTACGTATTGAGT,4
GAAGTGCGTATTGAGG,4
GAATAATAGAAAAGAG,4
GACAAAAGGGAAATAT,4
GACAAAAGGGACATAC,4
GACAGCTCGTATCCCT,4
GACATTTACTGAAGGG,4
GACGGGATGGTCACGT,4
GACTAAAGGATCATGA,4
GAGATCTGCAGAAGCG,4
GAGGGGATGGGCACGT,4
GAGGGGTAGATATACG,4
GAGTGGTAGAGATACG,4
GATAGCCATCGACTTC,4
GATCCTGGGGAGAGTC,4
GATCGCAATCGACTTC,4
GATCGCCATAGACTTC,4
GATCGCCATCGACTCC,4
GATCTGGGGGAGAGTC,4
GATCTTGGGAAGAGTC,4
GATCTTGGGGAGGGTC,4
GATCTTGGGGGGAGTC,4
GATCTTGTGGAGAGTC,4
GATTCGGATGCCCACC,4
GCAGAACTGCGGCCCC,4
GCAGCGTGCCGGTCAC,4
GCAGCGTGCTGGTCAT,4
GCAGTCCACCATTGAG,4
GCATAGAACTAACTCC,4
GCATCCCCAACTCCTA,4
GCATGGAACTAAATCC,4
GCATTTGCGCGCAGTC,4
GCCAGCTCGCATCCCT,4
GCCATTTACGGAAGGG,4
GCCGAATGAATCATCC,4
GCCTGCGCGGCTCGGG,4
GCGGGGATTGGCTGTT,4
GCTGTCTAGAAATTTT,4
GGCAGCTCGTATCCCT,4
GGCTCCTGGGGTATCA,4
GGTCCATCTAAGATCG,4
GTACAAACCTGCAAAC,4
GTACACAGTTCCTGCG,4
GTACATCCTAGTGACG,4
GTACCCAGTTCATGCG,4
GTACCCATTTCCTGCG,4
GTACGAATTTGATTCC,4
GTAGGACTGCGGCCCC,4
GTCGCATCATGGAATG,4
GTCGCATCCGGGAATG,4
GTGAGCAAAGTTGACC,4
GTGCAATTGTCCGGAA,4
GTGCGATTGTCAGGAA,4
GTGCGATTGTCCGGAG,4
GTGGAACTGCGGCCCC,4
GTGGGGTAGAGATACG,4
GTGGTATAAAGCCGGG,4
GTGTTATCAAGCCGGG,4
GTTACTCCGACACGCC,4
GTTGTATCAAGCCGGG,4
TAAAAATCCTCCATGA,4
TAACGTTATTTCTCGA,4
TAATAAGCCAGTAAGA,4
TAATAAGCCATCAAGA,4
TAATAATGCCGTTGTC,4
TAATGATAACCCTGCG,4
TAATTAGAAATACATA,4
TACACTGCAAGCCACT,4
TACATACCGACGCATT,4
TACCAATGTCATCTGA,4
TACCCTGCAGGCCACT,4
TACCTGCTGAGGAACG,4
TACGTCGTATCCACAG,4
TACTAATGCCGTTGTA,4
TAGCATTGTCGGGAAG,4
TAGCATTTTCGGAAAG,4
TAGTCCGTTGGGAACT,4
TATAACTCTCGCGGCA,4
TATCTTGGGGAGAGTC,4
TATGTCGTATCAACAG,4
TATGTCGTATCCAAAG,4
TATGTCGTATCCACAT,4
TCATGGAACTAACTCC,4
TCATGGGTATACGAGA,4
TCATGGGTGTACGAGG,4
TCATGGGTGTACGGGA,4
TCATGTGTGTACGAGA,4
TCCAACTCTCGCGGCA,4
TCCAGAGCGGTAAGAG,4
TCCAGCGCAGTAAGAG,4
TCCAGCGCTGTAAGAG,4
TCCAGCTCGTATCCCT,4
TCCCCGCTGTTTAAAA,4
TCGAGTTAATATGCGT,4
TCGTAGCACTACTGCT,4
TCGTCCGTGGGGAACT,4
TCGTCCGTTGGGAACG,4
TCGTCGCACTACTGTT,4
TCGTCGCACTACTTCT,4
TCGTCTCACTACTGCT,4
TCTAACTCTCGCGGAA,4
TCTTAGTCCCCGTATG,4
TCTTATTAGGCAGCAT,4
TCTTATTAGGCTGCAT,4
TCTTATTAGTCGGCAT,4
TGAACCGCAGACACGT,4
TGACAACAATACAGAT,4
TGCCTGCTGCGGAACG,4
TGCGGTGGTCAATCCG,4
TGCTATTCCGGCGCTG,4
TGCTATTCCGTCGCGG,4
TGGAATCGTCAACGAT,4
TGGTCCACTTCATGCT,4
TGGTCGGGACTCATCT,4
TGTAATAGGCATCACA,4
TGTTGAGCCAGTATGA,4
TGTTGAGCCGGTCTGA,4
TGTTGAGTCAGTCTGA,4
TGTTGATCCAGTCTGA,4
TTAAGCAAAGTTGACC,4
TTACGAATTTTATTCC,4
TTATCTGTAGAGCGCG,4
TTCTATTCCGGCGCGG,4
TTCTGTCCAGACTAGT,4
TTCTGTCCAGACTCGC,4
TTGAAAAAATCATAGA,4
TTGATCCTGAGTAGTA,4
TTGCGAATTTGATTCC,4
TTGCTCCTGAGTATTA,4
TTGGAGGCCTGGCCCC,4
TTGGGGAACGGTAAGC,4
TTGGGGAGCGGGAAGC,4
TTGGGGGACGGGAAGC,4
TTGGGTAACGGGAAGC,4
TTGGTATCAAGCCGGG,4
TTGTATCATTCGCGCC,4
TTTACAGAATACTAGA,4
TTTACATCCAACACCA,4
TTTAGTGATACTCACA,4
TTTATATCCAACACTA,4
TTTCACAGAACCCATC,4
TTTCACGGAACCTATC,4
AAAAAGTCTCGAGAAG,3
AAACCCAGAAGACCCC,3
AAACCCATAAGACCAC,3
AAACCCATAAGACCTC,3
AAAGACAAACAGTAAG,3
AAAGCTCCTTTCGTTC,3
AAAGCTCTTTTCATTC,3
AAAGCTCTTTTCGCTC,3
AAAGGCGCGCATTCAA,3
AAAGTACGATCTACGC,3
AAATTCCCTGACTGCT,3
AACACGTAGAAACGCC,3
AACAGAATTCCATGTA,3
AACCAATGTCATTTGA,3
AACCACAAACAGTAAG,3
AACCACCGAGTGATCG,3
AACCACCGATTGACCG,3
AACCACCGGGTGACCG,3
AACCACTGAGTGACCG,3
AACCATCAGCACCTAG,3
AACCTAAGAGACGTAA,3
AACCTACGAGACTTAA,3
AACCTCCCTGACTGCT,3
AACGAAAAACAGTAAG,3
AACGACAAAAAGTAAG,3
AACGATTCACGAATAA,3
AACGATTCCGACTAAG,3
AACGGTTCCGACTAAT,3
AACTAGATGTACAGTC,3
AACTTCCCTGACTGCA,3
AACTTTCCTGACTGCT,3
AAGAAGATATAGAAGT,3
AAGAATACTTTGTGAT,3
AAGAATCTATAGAAGT,3
AAGAGAAGTCCATGTA,3
AAGATTGAGTGAAGTT,3
AAGCCCGTAAGGACTA,3
AAGGGGCATCATAATG,3
AAGGGGCCTCATAAGG,3
AAGGGGCCTCATAATT,3
AAGTTAAGAGAAAGTG,3
AAGTTAGTAGACCAAC,3
AAGTTAGTAGACCCGC,3
AATCGATGGCACCCGT,3
AATCGCTTGCACCCGT,3
AATCGGTGATGTGATT,3
AATCTCTGGCACCCGT,3
AATGAAACAATAACCA,3
AATGAAACAATAGAAC,3
AATGCGAACATGTCAA,3
AATGCGAGAATGTCAA,3
AATGCGAGCATTTCAA,3
AATGTCGTATCCACAG,3
AATGTGAGCATGTCAA,3
AATGTGGAGCCCAACA,3
AATTCGTGAGTACGAG,3
ACAATCCGAACCATAC,3
ACAATCTGAAACATAC,3
ACAATCTGAACCATAA,3
ACAATCTTAACCATAC,3
ACACGGGTTGGTTGTA,3
ACAGCCCACCATTGAG,3
ACAGCGTGCCGGTCAT,3
ACAGTACGATCTACTC,3
ACAGTCCACCATGGAG,3
ACATGGGTGTACGAGA,3
ACCACCGGAGCTTGGC,3
ACCATTTACTGAAGGG,3
ACCGAAGGAATCATCC,3
ACCGATTCACGAATAG,3
ACCTAATGAATCATCC,3
ACCTATTCACGAATAA,3
ACGAACGAAGTAGGAG,3
ACGTATGATTTTCTAG,3
ACGTATGATTTTTGAG,3
ACGTATGGTTTTCGAG,3
ACGTATTATTTTCGAG,3
ACGTCCATTAAGATAA,3
ACGTGTCTCAGAGCAA,3
ACGTGTCTCCGATCAA,3
ACGTGTCTCCTAGCAA,3
ACGTTTCTCCGAGCAA,3
ACTAAGAGGCTACGTA,3
ACTACGAGGCTAAGTA,3
ACTACGAGGCTACATA,3
ACTACGAGGCTACGTG,3
ACTACGAGGCTATGTA,3
ACTACTAGGCTACGTA,3
ACTATGAGGCTACGTA,3
ACTCTGACTCGCTAAT,3
ACTGTATAGAAATTTT,3
ACTGTCTAGAAATGTT,3
ACTGTCTAGAAATTTA,3
ACTTGTCTCCGAGCAA,3
AGAAAATCTAAGATAC,3
AGAAAATCTCAGAGAC,3
AGAAAATCTCAGATAA,3
AGAAAATCTCGGATAC,3
AGAAAATTTATGACAA,3
AGACAACAATACAAAT,3
AGATCCCAGGTCCTTA,3
AGATCCCAGGTCCTTC,3
AGATCCCAGTTCCTTT,3
AGATCCCATGTCCTTT,3
AGATGGACGGGCATGG,3
AGCATAAGGATATGTG,3
AGCATAGGGATACGTG,3
AGCATAGGGATATGCG,3
AGCATAGGGATATTTG,3
AGCATCTAACAGATGG,3
AGCATCTGACAGATAG,3
AGCCGAATTAAGTATG,3
AGCGACACCCTTCCGG,3
AGCGGTTCCGACTAAG,3
AGCTCATGGGGTATCA,3
AGCTCCTGGGGTATTA,3
AGCTCCTGGTGTATCA,3
AGCTGAAGTAAGTATG,3
AGCTGAATGAAGTATG,3
AGCTTCCCTGACTGCT,3
AGGACTATAGTCGGCA,3
AGGAGTAGGAAGAGCG,3
AGGAGTATGAGGAGCG,3
AGGAGTATGGAGAGCG,3
AGGAGTGTGAAGAGCG,3
AGGATCTAACAGATAG,3
AGGATTGATTGAAGTT,3
AGGTCCAGACTCTTGC,3
AGGTTAAGACTCTTGC,3
AGGTTCAGACTCTTTC,3
AGTATAGGGATATGTG,3
AGTATTTGCACTTCAA,3
AGTCGTTTAGATAGTA,3
AGTGCTGAATAGGCGA,3
AGTGTCTAGAAATTTT,3
AGTGTTGAATAGGCGG,3
AGTGTTGGATAGGCGA,3
AGTGTTGGCTTGATTA,3
AGTGTTGGCTTGGGTA,3
AGTTGGGGCCTCCCTT,3
AGTTGGGGTATCCCTT,3
AGTTGGGGTCTCACTT,3
AGTTGGTGTCTCCCTT,3
AGTTTTGGCTTGGTTA,3
AGTTTTTATAAATTGC,3
AGTTTTTATAACTTGT,3
AGTTTTTATAACTTTC,3
ATAAACGAGGTTGTGA,3
ATAAACGCATGTGCCA,3
ATAACTTTTGTGCAAA,3
ATAAGCAAAGTTGACC,3
ATAATCTGAACCATAC,3
ATAATTTAAGTATCAA,3
ATACACGCATGTACCA,3
ATACACGCATGTGCCT,3
ATACCCAGTTCCTGCG,3
ATACGCGCATGTGCCA,3
ATAGAATCACAAATTA,3
ATAGGATATATGGATG,3
ATAGGATATATGGTTG,3
ATAGGATTGGAGAAAC,3
ATATAAAAAACTTATT,3
ATCAGGTGATCATAAA,3
ATCAGTATAATCGCGC,3
ATCATCTAACAGATAG,3
ATCGGGATAATCGCGC,3
ATGAGATTGGAGAAAC,3
ATGAGGGCTACGTGAG,3
ATGCACGCATGTGCCA,3
ATGGCCCACGTGCATA,3
ATGGGAGTGGAGAAAC,3
ATGGGATAGGAGAAAC,3
ATGGGATTGGAGAGAC,3
ATGGGATTTGAGAAAC,3
ATGTTCAGACTCTTGC,3
ATTACAGAATACTAGA,3
ATTAGGGATACGTGAG,3
ATTAGGGCTACGTGGG,3
ATTAGGTATTACATGC,3
ATTAGGTCTACGTGAG,3
ATTCCGAATGGAGTAG,3
ATTCCGAATGGGTTAG,3
ATTCGTGATACTCACA,3
ATTGCGAATGGGGTAG,3
ATTGTTGAATAGGCGA,3
ATTTAAATTAGAGGAC,3
ATTTAAATTCGAGGAA,3
ATTTAAATTCGAGGGC,3
CAAAAGCAGAACGATA,3
CAAATACTGCATTAGG,3
CAAATGCTGCATCAGG,3
CAAATGCTTCATTAGG,3
CAACTAGGATCGCACT,3
CAAGTGCTGCATTAGG,3
CAATTCGCCGTTCCCA,3
CAATTGGAAATACATA,3
CACACTTTACGAGACA,3
CACCATAAGCACCTAG,3
CACCATCAGAACCTAG,3
CACCATCAGCAACTAG,3
CACCATCAGCACATAG,3
CACCATCATCACCTAG,3
CACCTAGGATCGAACT,3
CACCTAGGATCGCACA,3
CACCTAGGATCGCGCT,3
CACGGCAGGCGAACTC,3
CACTAGATGTAAAGTC,3
CACTAGATGTACAGTA,3
CAGAAACTCGTTGTCT,3
CAGAACCTCGTTGTCG,3
CAGAACCTCGTTTTCT,3
CAGACCCTAGATGGTA,3
CAGCATTGTCGGAAAG,3
CAGGATAAATCAGAAC,3
CAGGCTATAGAGCTCT,3
CAGGCTCGAGAGCTCT,3
CAGGCTCTAGAGATCT,3
CAGGCTCTAGAGCGCT,3
CAGTTAGAAATACATA,3
CATACAGATTTTGTTG,3
CATGCTCTAGAGCTCT,3
CATGGGAATTGCAACT,3
CATGGGAATTGCCACG,3
CATGGGAATTGCTACT,3
CATGGGGATTGCCACT,3
CATGGTAATTGCCACT,3
CATGTGCAGCCCAACA,3
CATGTTGAGCCCAACA,3
CATTGAGACGCGAAAG,3
CATTGAGACGCGCAAT,3
CATTGAGATGCGCAAG,3
CATTGGGACGCGCAAG,3
CATTTCTGATGAATTT,3
CATTTCTTATGAATTG,3
CCAACACAAAAAATGA,3
CCCCTCCTATAAAGTT,3
CCCCTCCTCCAAAGTT,3
CCCCTCCTCTAAAGGT,3
CCCCTCCTCTAAATTT,3
CCCTATGAAATAAGCA,3
CCCTATGGAATAAGCT,3
CCCTGCGCGGCTCCGG,3
CCCTGCGCGGCTCGGA,3
CCCTGTGAAATAAGCT,3
CCCTTTACGGATATCT,3
CCGAACTTGTCGATAT,3
CCGACACAAAAAATTA,3
CCGAGCTGCCAATAAG,3
CCGCATTAGCGTGAGG,3
CCGCGAACGTTTAGAG,3
CCGGATAAATCAGAGC,3
CCTCGATGCATTCCCG,3
CCTGGGTGAAGTTGTG,3
CCTGGGTTAAGTTGCG,3
CCTGGGTTAAGTTGGG,3
CCTGTACCCTTCAGCA,3
CCTTGACATAGCGATG,3
CCTTGATGCGTTCCCG,3
CGAGACACCCTTCCGG,3
CGATCGGGACTCATCT,3
CGCACTTTAAGAGACA,3
CGCACTTTACGAGAAA,3
CGCGAAACCCTTCCGG,3
CGCGACACCCCTCCGG,3
CGCGACACCCTTACGG,3
CGCGACACCCTTCAGG,3
CGGACCCTAGACGGTA,3
CGGACCCTAGATGATA,3
CGGCCAGGGAATCGAA,3
CGGGAAATGTGAATGA,3
CGGGAACAGACATAAC,3
CGGGAACATGCATAAC,3
CGGGGACAAGAGGGTA,3
CGGTAGGGACTCATCT,3
CGGTCGGGACTCATCA,3
CGTACAGGGTAATCGA,3
CGTACAGTGTAATAGA,3
CGTACAGTGTAATCGG,3
CGTGATCCCCTCCAAC,3
CGTGGACAAGATTGTA,3
CGTGGGTTAAGTTGTG,3
CGTGTACCCATCAGCA,3
CGTGTACCCTTTAGCA,3
CGTGTATCCTTCAGCA,3
CGTTCAGCGATAACTG,3
CGTTCAGCTATAACGG,3
CGTTGAGACGCGCAAG,3
CGTTTAGCGATAACGG,3
CTAACACAGCGTAGGC,3
CTAATTTAAGTAGCAA,3
CTAATTTAAGTATCAG,3
CTAATTTAATTATCAA,3
CTACAAACCGTTTGTA,3
CTAGCACAGCTTAGGC,3
CTATATTGACCGGAAG,3
CTATATTGCCTGGAAG,3
CTATATTGTCCGGAAG,3
CTATCGTAATCTACAG,3
CTATCTTAAGCTACAG,3
CTATCTTAATCCACAG,3
CTATTTAACAGACGTG,3
CTCACTTTACGAGACA,3
CTGAAATTATCTGTGG,3
CTGAACTTACCTGTGG,3
CTGAACTTATCTGCGG,3
CTGAACTTATCTTTGG,3
CTGAGCTGCCAATAGG,3
CTGAGCTGCTAATAAG,3
CTGAGTTGCCAATAAG,3
CTGGAGGCCTGACCCC,3
CTGGAGGCCTGGTCCC,3
CTGGAGTCCTGGCCCC,3
CTGGGGGATTCAACTC,3
CTGTAACTGCAGTTGA,3
CTGTACCTGAAGTTGA,3
CTGTACCTGCATTTGA,3
CTGTACCTGCGGTTGA,3
CTTACTGCGCGAGAGG,3
CTTAGGTACTATATGC,3
CTTAGGTATTATATGG,3
CTTCGGCCCTTGATTA,3
CTTCGGCTATTGATTA,3
CTTCGGCTCCTGATTA,3
CTTCGGCTCTCGATTA,3
CTTCGGCTCTTGAGTA,3
CTTCGGCTCTTGATCA,3
CTTCTGCTCTTGATTA,3
CTTTAAATTATATTCT,3
CTTTCAGCGATAACGG,3
CTTTGGCTCTTGATTA,3
GAAAACAGTGTAGTTG,3
GAAAGCCACGTGCAAT,3
GAAAGTCCCTATGATA,3
GAAATGCTGCATTAGG,3
GAAGAAACCATAACCA,3
GAAGAAACGATAACCA,3
GAAGAAACTATAACCG,3
GAAGGGATGGGCACGT,3
GAAGTACGCTGAATGG,3
GAAGTACTCTGAATGA,3
GAAGTATGCTGAATGA,3
GAAGTGCATATTGAGT,3
GAAGTGCGTATTGGGT,3
GAAGTGCTGATGAAGT,3
GAATAAGAGAACAGAG,3
GAATAATGGAACAGAG,3
GAATTGCGTATTGAGT,3
GACACGTAGAACCGCC,3
GACCCCTTGTAAGAGG,3
GACGCTGCGGCGTGTG,3
GAGAGCCGCAGAAGCG,3
GAGAGCTGCCAATAAG,3
GAGGGGAACGGGAAGC,3
GAGGGGTAGAGATAGG,3
GAGGGGTAGAGGTACG,3
GAGGGTTAGAGATACG,3
GATCACACAGAAAAAG,3
GATCACCACTGATAAG,3
GATCACGCAGAAAAAA,3
GATCGCCATCGACTTT,3
GATCGCCATCTACTTC,3
GATCTTGGGGAGAGTT,3
GATGAAACAATCGAAC,3
GATTCATATGCCCACC,3
GCAAACAGTGTGGTTG,3
GCAACGAGGTTTAACC,3
GCAGCGTACCGGTCAT,3
GCAGCGTGCCGGGCAT,3
GCAGCGTGCCGTTCAT,3
GCAGCGTTCCGGTCAT,3
GCATAAAGGATCATGA,3
GCATCCTCAACTCCTT,3
GCATCCTCAGCTCCTA,3
GCATGTAACTAACTCC,3
GCCAGCCCGTATCCCT,3
GCCAGCTCGTATCCGT,3
GCCGATTCACGAATAA,3
GCCTTTGAGCGCAGTC,3
GCCTTTGCGCGCAGTA,3
GCGAAGTTTCATATCG,3
GCGTCCATTAAGATCA,3
GCTTAGAGTGAACGAT,3
GGAGAAACTATAACCA,3
GGAGCGTGCCGGTCAT,3
GGAGTACGCTGAATGA,3
GGGGAACATACATAAC,3
GGTCCATCTCATATCG,3
GGTCCATCTCGGATCG,3
GTAAACAGTGTAGTTG,3
GTAACGAGGTGTAACC,3
GTAAGAAAAGTTGACC,3
GTAAGCAAAGCTGACC,3
GTAATCAAAGTTGACC,3
GTAATTCGCATGCGTA,3
GTAATTTAAGTATCAA,3
GTACAAACCTGCATAT,3
GTACAAGCCTGCAAAT,3
GTACACGAGGTTGTGA,3
GTACAGACCTGCAAAT,3
GTACCCAGCTCCTGCG,3
GTACCCAGTTACTGCG,3
GTAGAATCGCAAATTA,3
GTAGCATCCTGGAATG,3
GTAGCCAGTTCCTGCG,3
GTAGGATATATGGCTG,3
GTATATACTAGGACCA,3
GTATGGAACTAACTCC,3
GTCAAGTTAAGGATGG,3
GTCAAGTTACTGATGG,3
GTCAATTTACGGATGG,3
GTCGCATCCTGGAAGG,3
GTCGCATCCTGGAATT,3
GTCGCATCCTGGGATG,3
GTCGCATCCTTGAATG,3
GTGAGCGAGAAAAGAA,3
GTGAGTGAGAAAAGCA,3
GTGCAAACCTGCAAAT,3
GTGCGATTATCCGGAA,3
GTGCTATTGTCCGGAA,3
GTGGAGGCCTGGCCCC,3
GTGGCATCAAGCCGGG,3
GTGGGGAACGGGAAGC,3
GTGTACCTGCAGTTGA,3
GTTAGGGCTACGTGAG,3
GTTATCATGACTTCAT,3
GTTATTATGACTGCAT,3
GTTATTGTGACTTCAT,3
GTTGCTCCGAAACGCC,3
TAAAAAGACTCCATGA,3
TAAAAAGCCTACATGA,3
TAACGTGATTTCTAGA,3
TAACGTGATTTCTCCA,3
TAACGTGATTTCTCGG,3
TAAGGTGATTTCTCGA,3
TAATGAGCCAGCAAGA,3
TACAGCGCGGTAAGAG,3
TACAGTGGTATACATA,3
TACCAATGTCATTTTA,3
TACCACCGAGTGACCG,3
TACCATCAGCACCTAG,3
TACCCCGCAAGCCACT,3
TACCCCTTGTAAGATG,3
TACCCTGCAAACCACT,3
TACCCTGCAAGCCACG,3
TACCCTGCGAGCCACT,3
TACCTACTGCGGAACG,3
TACCTGATGCGGAACG,3
TACCTGCCGCGGAACG,3
TACCTGCTGCGGAACT,3
TACCTGCTGCTGAACG,3
TACCTTCTGCGGAACG,3
TACTAATAACCCTGCG,3
TACTAATGACGTTGTC,3
TACTAATGCCGTTGCC,3
TACTGATAACCCTGCT,3
TACTGGTAACCCTGCG,3
TACTTATAACCCTGCG,3
TAGCATTGGCGGAAAG,3
TAGCATTGTAGGAAAG,3
TAGCATTGTCGGAAAA,3
TAGCCTGCAAGCCACT,3
TATGTCATATCCACAG,3
TATGTCCTATCCACAG,3
TATGTGGAGCCCAACA,3
TATGTTGTATCCACAG,3
TATTAAAAGAAGTGCG,3
TATTAAGAGAAGTGCA,3
TATTAGTCCTCGTATG,3
TATTGACATAGCGATG,3
TATTGAGAGAAGTGCG,3
TCAACACAAAAAATTA,3
TCAATCGGGGGATAAA,3
TCAATCGGTGGCTAAA,3
TCAATTACTAGCCGGA,3
TCACGACTCGACTAAA,3
TCACGGGTGTACGAGA,3
TCAGCGTGCCGGTCAT,3
TCATCCGTTGGGAACT,3
TCATGGGCGTACGAGA,3
TCATGGGTGCACGAGA,3
TCATGGGTGTACTAGA,3
TCATTGGTGTACGAGA,3
TCCAGCGCGATAAGAG,3
TCCAGCGCGGTAATAG,3
TCCTAAAGGATCATGA,3
TCGAGTTAATATGCAC,3
TCGAGTTAATATGCGA,3
TCGATTACTAGACGGA,3
TCGATTACTAGTCGGA,3
TCGTCCGTTGGGGACT,3
TCGTCCTTTGGGAACT,3
TCGTCGCACTACTACT,3
TCGTCGCACTACTGAT,3
TCGTGGGTGTACGAGA,3
TCTAACTCACGCGGCA,3
TCTAACTCTCGAGGCA,3
TCTAACTCTCGCTGCA,3
TCTAACTCTCGTGGCA,3
TCTCAGCGTTGTTTTG,3
TCTCAGCTCTTAGCCA,3
TCTCAGTCCTCGTATG,3
TCTGGAGACGATCCCC,3
TCTTAGAGTGAAAGAT,3
TCTTAGAGTGAATGAT,3
TCTTAGTCCTCTTATG,3
TCTTATTAGGCGGCAC,3
TCTTATTAGGTGGCAT,3
TCTTATTATGCGGCAT,3
TCTTCGCACTACTGCT,3
TCTTGACATAGCAATG,3
TCTTGACATAGCGAGG,3
TCTTTACATAGCGATG,3
TCTTTACCACCGCATC,3
TCTTTACCACTGAATC,3
TCTTTACCGCTGCATC,3
TGACTCCACGGACGCC,3
TGAGGTGGTCGATCCG,3
TGATATTCCGGCGCGG,3
TGATATTTTACATTTA,3
TGATCTGTAGAGCGCT,3
TGATCTTTCACATTTA,3
TGATCTTTTACATTTG,3
TGCGACACCCTTCCGG,3
TGCGGTGGTCGAGCCG,3
TGCGGTGGTCGATCCA,3
TGCGGTGGTCGATCCC,3
TGCTAATGCCGTTGTC,3
TGCTATTCCGGCGCAG,3
TGCTATTCCGGCGCGC,3
TGCTATTCCTGCGCGG,3
TGGAATCGTCACCAAT,3
TGGCATTGTCGGAAAG,3
TGGTACGCTTCATGCT,3
TGGTCTGCTTCATGCT,3
TGTAATAGGAGTCACA,3
TGTAATAGTCGTCACA,3
TGTAATTGGCGTCACA,3
TGTACAGTGTAATCGA,3
TGTGGAGCGCCCTTAA,3
TGTGTCGTATCCACAG,3
TGTTCCGCTTCATGCT,3
TGTTGAGCCAGTCTTA,3
TGTTTAGCCAGTCTGA,3
TTACGAATTTGAGTCC,3
TTACGAATTTGATCCC,3
TTACGGATTTGATTCC,3
TTAGAACTGCGGCCCC,3
TTATCTGTAGAGCACT,3
TTATCTGTGACATTGC,3
TTATCTTAATCTACAG,3
TTCATCAAGTTGGTGA,3
TTCCGTCCAGACTCGT,3
TTCGCATCCTGGAATG,3
TTGAAAAAATCAGAAA,3
TTGACTCACCGAAGAA,3
TTGATATCCAACACCA,3
TTGCTCATGAGTAGTA,3
TTGCTCCTGAGTAGCA,3
TTGCTCCTGAGTAGTG,3
TTGGGCACTAAAGTAA,3
TTGGGCACTAAATGAA,3
TTGTATCGGTCGCGCC,3
TTGTATTAGTCGCGCC,3
TTGTGTCAGTCGCGCC,3
TTTAACAGAACCTATC,3
TTTAAGCGTTGTTTTG,3
TTTATACCCAACACCA,3
TTTATAGCCAACACCA,3
TTTATATCCAACAACA,3
TTTATATCCAACACAA,3
TTTATATCCAACACCC,3
TTTATATCCAGCACCA,3
TTTATATCCGACACCA,3
TTTCAATTGAAACATA,3
TTTCACAGAACATATC,3
TTTCACAGAACCTATA,3
TTTCACAGAGCCTATC,3
TTTCAGCGTGGTTTTG,3
TTTCGGCGTTGTTTTG,3
AAAAAAATTATGACAA,2
AAAAAATCTATGACAA,2
AAAAAATCTCAGATAC,2
AAAAAATTTAGGACAA,2
AAAAAATTTATGACAT,2
AAAAAATTTATGACGA,2
AAAAAATTTATGTCAA,2
AAAAATCTACGGCGAC,2
AAAACGTAGAACCGCC,2
AAAACTCTTTTCGTTC,2
AAAAGCGCGCCTTCAA,2
AAACACATAAGACCCC,2
AAACCAATAAGACCCC,2
AAACCCATAAGACACC,2
AAACCCATGAGACCCC,2
AAAGAAACTATAACCA,2
AAAGGCGCGCCCTCAA,2
AAAGGCGCGCCTCCAA,2
AAAGGCGCGCCTTAAA,2
AAAGGCGCGCCTTCGA,2
AAATGCGCGCCTTCAA,2
AAATGCGTTCATCGAT,2
AAATTCGCAATATCCA,2
AACAAAAGTCCATGTA,2
AACAAGTAGAACCGCC,2
AACACGTAGAACCGCA,2
AACACGTAGAACCTCC,2
AACAGAAATCCATGTA,2
AACAGAAGTCCATATA,2
AACAGAAGTCCATGTT,2
AACAGAAGTCCGTGTA,2
AACATAGGGATATGTG,2
AACCAATCTTCGAACT,2
AACCACAGAGTGACCG,2
AACCACCAAGTGACCG,2
AACCACCGAGGGACCG,2
AACCGATTTAAAGGCA,2
AACCGCCGAGTGACCG,2
AACCGTACCGCGTTCA,2
AACCGTTCCGACTAAG,2
AACCTACGAGACATAA,2
AACCTACGAGACGCAA,2
AACCTACGAGACGTAG,2
AACGACAAACGGTAAG,2
AACGACCGAGTGACCG,2
AACGGAAGTCCATGTA,2
AACGGGATGGGCACGT,2
AACGGGCTAATGTCTC,2
AACGGTTCCGACCAAG,2
AACGGTTCCGACTAAC,2
AACGGTTCCGACTAGG,2
AACGGTTCTGACTAAG,2
AACGTTGTACACACCA,2
AACTGCGTTCATCGAC,2
AACTGCGTTCATCGGT,2
AACTTCCCTAACTGCT,2
AACTTCCCTGACTGCG,2
AACTTCCCTTACTGCT,2
AAGAAATTTATGACAA,2
AAGAAGACTTTGTTAT,2
AAGAAGACTTTTTGAT,2
AAGAAGCTAGAGAAGT,2
AAGAAGCTATAGAGGT,2
AAGAAGCTATAGGAGT,2
AAGAGTATGAAGAGCG,2
AAGAGTGATTGAAGTT,2
AAGATGGATTGAAGTG,2
AAGATTGATTAAAGTT,2
AAGCAGTGATGTGATT,2
AAGCCCATAAGACCCC,2
AAGCGGTCATGTGATT,2
AAGCGGTGATGTGAAT,2
AAGCGGTGATGTTATT,2
AAGCGTTGATGTGATT,2
AAGGCGAGCATGTCAA,2
AAGGGGTCTCATAATG,2
AAGGGTCCTCATAATG,2
AAGGTAAGAGAAAGTT,2
AAGTATGATTTTCGAG,2
AAGTCCATTAAGATCA,2
AAGTTAAAAGAAAGTT,2
AAGTTAAGAAAAAGTT,2
AAGTTAAGAGAAGGTT,2
AAGTTAGTAGAACCAC,2
AAGTTAGTAGACACAC,2
AAGTTAGTAGACCCAT,2
AAGTTAGTAGACCTAC,2
AAGTTAGTGGACCCAC,2
AAGTTCCCTATGTAAT,2
AATCCCAGCGGGTGAT,2
AATCCGAATGGGGTAG,2
AATCGCCGGCACCCGT,2
AATCGCTGGCACCAGT,2
AATCGCTGGCACCCGG,2
AATCGCTGGCACCCTT,2
AATCGCTGGCACGCGT,2
AATCGCTGGTACCCGT,2
AATGAAACAAGCGAAC,2
AATGAAACAATCGAAA,2
AATGAAACAATCGGAC,2
AATGAGAGCATGTCAA,2
AATGTCCCTATGTAAT,2
AATGTTGAATAGGCGA,2
AATTCGTGAGTAATAG,2
AATTCGTGAGTACTGG,2
AATTGGGGTCTCCCTT,2
AATTTAGTAGACCCAC,2
AATTTCCCTGACTGCT,2
ACAAAATCTCGAGAAG,2
ACAAAGTCTCTAGAAG,2
ACAAATTCTCGAGAAG,2
ACAACACAAAAAATTA,2
ACAAGATTCGAGGGAC,2
ACAATCTCAACCATAC,2
ACAATCTGAACAATAC,2
ACAATCTGAACCACAC,2
ACAATCTGAACCAGAC,2
ACAATCTGAACTATAC,2
ACACCCGGAGCTTGGC,2
ACACGGGTTGGATGTA,2
ACACGGGTTGGCCGTA,2
ACACGGGTTGGCTGCA,2
ACACGGGTTGGCTGGA,2
ACACGGGTTGGCTGTG,2
ACACTCCACCATTGAG,2
ACAGAGTCTCGAGAAG,2
ACAGTACGATCTACGT,2
ACAGTACTATCTACGC,2
ACAGTCCAACATTGAG,2
ACAGTCCACAATTGAG,2
ACAGTCCACCATTTAG,2
ACATATGATTTTCGAG,2
ACATGGAACTAACTCC,2
ACATTACGATCTACGC,2
ACATTCCACCATTGAG,2
ACCAAATGAATCATCC,2
ACCAGCAAGGAGTTGT,2
ACCAGCAATGAGGTGT,2
ACCAGCAATGAGTCGT,2
ACCAGCAATGAGTGGT,2
ACCAGCAATGAGTTAT,2
ACCAGCAATGGGTTGT,2
ACCAGCAATTAGTTGT,2
ACCAGCGCGGTAAGAG,2
ACCAGGATAATCGCGC,2
ACCCCCAGAGCTTGGC,2
ACCCCCCGAGCTTGGC,2
ACCCCCGGACCTTGGC,2
ACCCCCGGAGCCTGGC,2
ACCCCCGGAGCTCGGC,2
ACCCCCGGAGCTGGGC,2
ACCCCCGGAGCTTGAC,2
ACCCCCGGGGCTTGGC,2
ACCCCCTGAGCTTGGC,2
ACCCCGGGAGCTTGGC,2
ACCCCTGGAGCTTGGC,2
ACCGAATAAATCATCC,2
ACCGAATGAACCATCC,2
ACCGAATGAATCAACC,2
ACCGAATGAATCAGCC,2
ACCGAATGAATGATCC,2
ACCGAATGAATTATCC,2
ACCGAATTAATCATCC,2
ACCGATTAACGAATAA,2
ACCGATTCACAAATAA,2
ACCGGAAGTGGCCAAG,2
ACCGGATGAATCATCC,2
ACCGTCGTACACACCA,2
ACCGTTGTACACATCA,2
ACCTGAAGTTGCCAAG,2
ACCTTTACGGATCTCT,2
ACGAAGTTTCATAGCG,2
ACGACGAGGCTACGTA,2
ACGAGCAATGAGTTGT,2
ACGCAAATAGAACGAA,2
ACGGGATTGGAGAAAC,2
ACGGGGATCGGCTGTT,2
ACGGGGATTGGATGTT,2
ACGGGGATTGGCTGTA,2
ACGGGGATTGGCTGTC,2
ACGTATCTCCGAGCAA,2
ACGTATGAGTTTCGAG,2
ACGTATGATTGTCGAG,2
ACGTATGATTTTAGAG,2
ACGTCCACTAAGATCA,2
ACGTCCATCAAGATCA,2
ACGTCCATGAAGATCA,2
ACGTCCATTAATATCA,2
ACGTCCATTAGGATCA,2
ACGTCGCACTACTGCT,2
ACGTGTCCCCGAGCAA,2
ACGTGTCTACGAGCAA,2
ACGTGTCTCCAAGCAA,2
ACGTGTCTCCGAACAA,2
ACGTGTCTCCGAGCAG,2
ACGTGTCTCCGAGCAT,2
ACGTGTCTCCGGGCAA,2
ACGTGTCTCGGAGCAA,2
ACGTGTGATTTTCGAG,2
ACTACGAGACTACGTA,2
ACTACGAGGCTACTTA,2
ACTACGAGGTTACGTA,2
ACTAGCAATGAGTTGT,2
ACTCTCTAGAAATTTT,2
ACTCTGGCTCGCAAAT,2
ACTCTGTCTCGCTAAT,2
ACTCTTGCTCGCTAAT,2
ACTGTCTAGAAACTTT,2
ACTGTCTAGGAATTTT,2
ACTGTCTATAAATTTT,2
ACTTCCATTAAGATCA,2
AGAAAATATCAGATAC,2
AGAAAGTCTCAGATAC,2
AGAAAGTCTCGAGAAG,2
AGACCACCAGTTTCGT,2
AGACCATCACACCCAA,2
AGACCATGCTGGGGAT,2
AGACCCATAAGACCCC,2
AGATACACCCTATAGT,2
AGATACCAGGTCCTTT,2
AGATCCAAGGTCCTTT,2
AGATCCCAGGTCCCTT,2
AGATCCCAGGTCCGTT,2
AGATCCCAGGTCCTGT,2
AGATCCCAGGTCCTTG,2
AGATCCCGGGTCCTTT,2
AGATCCTAGGTCCTTT,2
AGATGAATTAAGTATG,2
AGATTCACAATATCCA,2
AGCAAACATGCATTGG,2
AGCACAGGGATATGTG,2
AGCAGAGGGATATGTG,2
AGCATAGGTATATGTG,2
AGCATCTAACATATAG,2
AGCCACCGAGTGACCG,2
AGCGACAAACAGTAAG,2
AGCGCCTGGGGTATCA,2
AGCGTAGGGATATGTG,2
AGCTCCCGGGGTATCA,2
AGCTGAATTAAGTGTG,2
AGCTGGATTAAGTATG,2
AGGAAACATGCATTGG,2
AGGAAAGAAAATGGAG,2
AGGAAAGAAACGGGAG,2
AGGAATATAGTTGGCA,2
AGGAATCGTCACCGAT,2
AGGACTAGAGTTGGCA,2
AGGACTATAGTTCGCA,2
AGGACTATAGTTGGAA,2
AGGACTATATTTGGCA,2
AGGACTGTAGTTGGCA,2
AGGAGAGAAACTGGAG,2
AGGAGGACGGGCATGG,2
AGGAGTACGAAGAGCG,2
AGGCCCGTAAGGACAA,2
AGGCCCGTAGGGACTA,2
AGGCGGTGATGTGATT,2
AGGGAACATACATAAC,2
AGGGGATTGGAGAAAC,2
AGGGGGCCTCATAATG,2
AGGTGGACGGGAATGG,2
AGGTTAGTAGACCCAC,2
AGGTTCAGACTCTAGC,2
AGGTTCATACTCTTGC,2
AGTACAGTGTAATCGA,2
AGTATTGAATAGGCGA,2
AGTATTTGCGATTCAA,2
AGTATTTGTGCTTCAA,2
AGTCCCGTAAGGACTA,2
AGTCGTGTAGATAGTT,2
AGTCGTTTAGATATTT,2
AGTCGTTTGGATAGTT,2
AGTGTGGAGCCCAACA,2
AGTGTTGAATAGCCGA,2
AGTGTTGAATAGGCTA,2
AGTGTTGACTTGGTTA,2
AGTGTTGGCGTGGTTA,2
AGTGTTGGCTGGGTTA,2
AGTGTTGGCTTGGTCA,2
AGTGTTGGCTTGGTTG,2
AGTGTTGGTTTGGTTA,2
AGTGTTTGCGCTTCAA,2
AGTTAGGGTCTCCCTT,2
AGTTCCATAGGCATGA,2
AGTTGGGGTCTCCCGT,2
ATAAAATCTCAGATAC,2
ATAACGTTTGTACAAA,2
ATAACGTTTGTGCATA,2
ATAATTCGCATGCGGA,2
ATACACACATGTGCCA,2
ATACACGAGGTTGGGA,2
ATACACGAGGTTGTGG,2
ATACACGAGGTTTTGA,2
ATACACGATGTTGTGA,2
ATACACGCAGGTGCCA,2
ATACACGCATGTGACA,2
ATACACGCATGTGCTA,2
ATACACGTATGTGCCA,2
ATACGATTTAAAGGCA,2
ATAGAACTGCGGCCCC,2
ATAGGAGATATGGCTG,2
ATAGGATATATGGCTT,2
ATAGGATATGTGGCTG,2
ATAGGATGTATGGCTG,2
ATATAAAAAAATTAGT,2
ATATAGAAAACTTAGT,2
ATCAAATAATTGGCGC,2
ATCAAGTTACGGATGG,2
ATCAGGATAATCACGC,2
ATCAGGATAATCGAGC,2
ATCAGGATAATCGCGT,2
ATCAGGATAATCGCTC,2
ATCAGGATAATGGCGC,2
ATCAGGATAGTCGCGC,2
ATCAGGATGATCGCGC,2
ATCGAATGAATCATCC,2
ATCGCATCCTGGAATG,2
ATGACTATAGTTGGCA,2
ATGACTCACCGAATAA,2
ATGAGCTGCCAATAAG,2
ATGCCCGTAAGGACTA,2
ATGCCGAATGGGGTAG,2
ATGGCCCACGGCCATA,2
ATGGCCCACGGGCAGA,2
ATGGCCCACGGGCATG,2
ATGGGATTAGAGAAAC,2
ATGGGATTGGAGAAAG,2
ATGGGATTGTAGAAAC,2
ATGGGGATTGGCTGTT,2
ATGGTATCAAGCCGGG,2
ATGTATGATTTTCGAG,2
ATTAGATCATAACGTA,2
ATTAGATTATAGCGTA,2
ATTAGGGCGACGGGAG,2
ATTAGGGCTAAGTGAG,2
ATTAGGGCTACGCGAG,2
ATTAGGGCTATGTGAG,2
ATTAGTGCTACGTGAG,2
ATTATATCCAACACCA,2
ATTATCATATCTAATC,2
ATTATCATATCTAATG,2
ATTATCATGTCTAATA,2
ATTCAGCGTTGTTTTG,2
ATTCCGAAGGGGGTAG,2
ATTCCGAATGGGGAAG,2
ATTGTCTAGAAATTTT,2
ATTGTTGGCTTGGTTA,2
ATTGTTTTACGTCCAT,2
ATTTAAATTCGAGAAC,2
ATTTAAATTCGAGGAT,2
ATTTAAATTCGGGGAC,2
ATTTCTCTATGGCTAC,2
ATTTGGGGTCTCCCTT,2
ATTTTCTAGTACGCTT,2
ATTTTTCCATGGCTAC,2
ATTTTTTATAACTTGC,2
CAAAAGCAGCACTATA,2
CAAAATCTATGGCGAC,2
CAAAGCTTGGCGCATC,2
CAAATGCCGCATTAGG,2
CAAATGCGGCATTAGG,2
CAAATGCTCCATTAGG,2
CAAATGCTGCACTAGG,2
CAAATGCTGCATTAGC,2
CAAATGCTGCATTATG,2
CAAATTCTGCATTAGG,2
CAACTAGAAATACATA,2
CAAGCACAGCGTAGGC,2
CAATCAGAAATACATA,2
CAATGAGAAATACATA,2
CAATTAGAAATTCATA,2
CAATTAGCCGTTCCCC,2
CAATTCTCCGTTCCCC,2
CACAAATCTTCGAACT,2
CACAATCAGCACCTAG,2
CACATAGGATCGCACT,2
CACCAATCTGCGAACT,2
CACCAATCTTCGGACT,2
CACCATCAGCACCTAC,2
CACCATCGGCACCTAG,2
CACCGAGCCGAGCACC,2
CACCGCGCCGAGCACT,2
CACCGCTCCGAGCACC,2
CACCTAGGATCCCACT,2
CACCTAGGATCGCAAT,2
CACCTAGGATCGCTCT,2
CACGGCCGGAGAACTC,2
CACGGCCGGCGAACCC,2
CACGGCCGGCGAACTA,2
CACGGCCGGTGAACTC,2
CACGGGAATTGCCACT,2
CACGGGCCAATGTCTC,2
CACTAGATGTACAATC,2
CAGAACATCGTTGTCT,2
CAGAACCTCATTGTCT,2
CAGAACCTCGTTGGCT,2
CAGAACCTCGTTGTAT,2
CAGAACCTCTTTGTCT,2
CAGAATCTCGTTGTCT,2
CAGAGAATATAGAGAC,2
CAGGAAATGTAAATGA,2
CAGGCTCTAGAGCTCC,2
CAGGCTCTAGATCTCT,2
CAGGCTCTGGAGCTCT,2
CAGTGAGACGCGCAAG,2
CATAAAAGACTGTTTA,2
CATAAAATACTGTATA,2
CATAACCTCGTTGTCT,2
CATACAGAGTTTGGTG,2
CATACAGAGTTTGTCG,2
CATAGGAATTGCCACT,2
CATCATCAGCACCTAG,2
CATGGGAATTGCCGCT,2
CATGGGAATTGGCACT,2
CATGGGCTAATGTCTC,2
CATGTAGAGCCCAACA,2
CATGTCGTATCCACAG,2
CATGTGAATTGCCACT,2
CATGTGAATTTGCCCA,2
CATGTGGACCCCAACA,2
CATGTGGAGCACAACA,2
CATGTGGAGCCCAAAA,2
CATGTGGAGCCCAACG,2
CATTGAAACGCGCAAG,2
CATTGAGACGAGCAAG,2
CATTGAGACGCACAAG,2
CATTGAGACGCGCGAG,2
CATTGAGACGCGCTAG,2
CATTGGAATTGCCACT,2
CATTTATGATGAATTG,2
CATTTCTGATGAATGG,2
CATTTCTGATTAATTG,2
CCAACAAAAAAAATTA,2
CCAACACAAAAAATTG,2
CCAACACAAAGAATTA,2
CCAACATTTAAGGGCG,2
CCAACGCAAAAAATTA,2
CCAAGCCTGGCGCATC,2
CCAAGCTTGGCACATC,2
CCAAGCTTTGCGCATC,2
CCAATCCCAGCCCTTA,2
CCAATCCCGGCCTTTA,2
CCAATCTTGGCGCATC,2
CCAGCACAAAAAATTA,2
CCATATTGCCCGGAAG,2
CCATCTTAATCTACAG,2
CCCAGCGCGGCTCGGG,2
CCCCACCTCTAAAGTT,2
CCCCCGCGGTTTAAAA,2
CCCCCGCTGTTTGAAA,2
CCCCTCCCCTAAAGTT,2
CCCCTCCTCTAGAGTT,2
CCCGTTACGGATCTCT,2
CCCTATGAAATAAGAT,2
CCCTATGAAGTAAGCT,2
CCCTGCGCGGCTCGAG,2
CCCTGCGCGGCTGGGG,2
CCCTTTACGGATCGCT,2
CCCTTTACGGATCTAT,2
CCCTTTACGGATCTCC,2
CCGGATAAATCAGAAA,2
CCGTACCTGCAGTTGA,2
CCTAACTCTCGCGGCA,2
CCTGGGGTAAGTTGTG,2
CCTGGGTTAAGTTGTA,2
CCTGGGTTGAGTTGTG,2
CCTGGTTTAAGTTGTG,2
CCTGTGTTAAGTTGTG,2
CCTTAAATTATAGTCT,2
CCTTAGTCCTCGTATG,2
CCTTGATCCATTCCCG,2
CCTTGATGCATACCCG,2
CCTTGATGCATTACCG,2
CCTTGGTGCATTCCCG,2
CCTTGGTTAAGTTGTG,2
CCTTTCTCAAAACATG,2
CCTTTCTCAATACATA,2
CGAAAACAGTACAAAT,2
CGAAACACGTCCAAGT,2
CGAACCCTAGATGGTA,2
CGAACCGCAGACAAGT,2
CGAACCTCAGACACGT,2
CGACTACACGGACGCC,2
CGACTCCACGGACACC,2
CGAGAACATACATAAC,2
CGCAACACCCTTCCGG,2
CGCACTTTACGGGACA,2
CGCGACACCCGTCCGG,2
CGCGACACCCTTTCGG,2
CGCGGCACCCTTCCGG,2
CGGACCCTAGAGGGTA,2
CGGACCCTGGATGGTA,2
CGGACCCTTGATGGTA,2
CGGCCAGGGAATAAAA,2
CGGCCAGGGGATCAAA,2
CGGCCCCTAGATGGTA,2
CGGGAAATGCAAATGA,2
CGGGAACACACATAAC,2
CGGGAACATAAATAAC,2
CGGGAACATACATAGC,2
CGGGACCCCCTCCAAC,2
CGGGCTCTAGAGCTCT,2
CGGGGACAAGATTGGA,2
CGGGGACAAGATTGTG,2
CGGGGACAGGATTGTA,2
CGGGGGCAAGATTGTA,2
CGGTCGGGACGCATCT,2
CGGTCGGGACTCATAT,2
CGGTCGTGACTCATCT,2
CGTAAAGTGTAATCGA,2
CGTACAGTATAATCGA,2
CGTACAGTGTAAGCGA,2
CGTACAGTGTAGTCGA,2
CGTATAGTGTAATCGA,2
CGTGAACATACATAAC,2
CGTGAACCCCTCCAAC,2
CGTGACACCCTTCCGG,2
CGTGACCCCCTCCAAT,2
CGTGTACCCGTCAGCA,2
CGTGTACCGTTCAGCA,2
CGTGTACTCTTCAGCA,2
CGTGTTCCCTTCAGCA,2
CGTGTTGGCTTGGTTA,2
CGTTAACGGCCGATCC,2
CGTTCAGAGATAACGG,2
CGTTCAGCGAGAACGG,2
CGTTCAGCGATAACAG,2
CGTTCAGCGATAACGA,2
CGTTTTTGGTTCGAGA,2
CTAACCGCAGACACGT,2
CTAAGCAAAGTTGACC,2
CTAATTTAAGTACCAA,2
CTAATTTAAGTATCGA,2
CTAATTTAAGTGTCAA,2
CTAATTTGAGTATCAA,2
CTACAAACCTGCAAAT,2
CTACCACAGCGTAGGC,2
CTACCTTAATCTACAG,2
CTAGCACAGCGTAGCC,2
CTAGCACAGCGTAGGG,2
CTAGCACAGCGTAGTC,2
CTAGCACAGCGTTGGC,2
CTAGCACAGGGTAGGC,2
CTAGCATAGCGTAGGC,2
CTAGCGCAGCGTAGGC,2
CTATATTAATCTACAG,2
CTATATTGCCCGAAAG,2
CTATATTGCCCGTAAG,2
CTATCCTAATCTACAG,2
CTATCTTAATCTAAAG,2
CTATCTTAATCTACAA,2
CTATTCAACAGACGTA,2
CTATTGAACAGACGTA,2
CTATTTAACAGGCGTA,2
CTATTTAATAGACGTA,2
CTCAAATAATTGGCAC,2
CTCAAATAATTTGCGC,2
CTCAATGTAGTAGGAT,2
CTCAATGTCGTGGGAT,2
CTCAGCATTGGTCGCC,2
CTCCTAGGGGGCGATT,2
CTCCTCCTCTAAAGTT,2
CTCGAATAATTGGCGC,2
CTCTATGAAATAAGCT,2
CTGAACCTCGTTGTCT,2
CTGAACTGATCTGTGG,2
CTGAACTTATCTATGG,2
CTGAACTTATCTGTGA,2
CTGAACTTATTTGTGG,2
CTGAACTTGTAGATAT,2
CTGAAGGATTCAACTC,2
CTGAGATGCCAATAAG,2
CTGAGCGGCCAATAAG,2
CTGAGCTGCCAACAAG,2
CTGAGCTGCCATTAAG,2
CTGAGCTGTCAATAAG,2
CTGAGCTTCCAATAAG,2
CTGAGGGATCCAACTC,2
CTGATGGATTCAACTC,2
CTGGAGGCATGGCCCC,2
CTGGAGGCCTAGCCCC,2
CTGGAGGCCTGGACCC,2
CTGGAGGCCTGGCTCC,2
CTGGCACAGCGTAGGC,2
CTGGGCTGCCAATAAG,2
CTGGGGGCCTGGCCCC,2
CTGGTTTTACGTCCAT,2
CTGTACCTGCAGGTGA,2
CTGTACCTGCAGTCGA,2
CTGTACCTGCAGTTTA,2
CTGTACCTGTAGTTGA,2
CTGTATTGCCCGGAAG,2
CTGTCTTAATCTACAG,2
CTTAAGTATTATATGC,2
CTTACAGAATACCAGA,2
CTTACAGAATACTAGG,2
CTTACAGAATACTGGA,2
CTTACAGAATACTTGA,2
CTTAGGGATTCAACTC,2
CTTAGGGCTACGTGAG,2
CTTAGGTATCATATGC,2
CTTATGTATTATATGC,2
CTTCCGAATGGGGTAG,2
CTTCGGCTCTTGATGA,2
CTTCGGCTCTTGATTG,2
CTTCGGCTCTTGGTTA,2
CTTTAAATTGTAGTCT,2
CTTTCCTAGTACGCTT,2
CTTTTCTAGGACGCTT,2
GAAAGCACCGTGCAAT,2
GAAAGCCCAGTGCAAT,2
GAAAGCCCCGTGCAAG,2
GAAAGTCCCCATGATG,2
GAAAGTCCCTATGACG,2
GAAAGTCCCTATGAGG,2
GAAAGTCCCTATTATG,2
GAAAGTTCCTATGATG,2
GAAATACCCAAATAAC,2
GAAATCCACAAATAAC,2
GAAATCCCCAAACAAC,2
GAAATCCCCGAATAAC,2
GAAATTCCCTATGATG,2
GAACCCATAAGACCCC,2
GAACTTGGGGAGAGTC,2
GAAGAAACTATAACAA,2
GAAGAAACTATAACCT,2
GAAGAAGCTATAACCA,2
GAAGAGACTATAACCA,2
GAAGGCGCGCCTTCAA,2
GAAGTAAGCTGAATGA,2
GAAGTACGCTGAACGA,2
GAAGTACGCTGAAGGA,2
GAAGTACGCTGAGTGA,2
GAAGTGATGCTGAAGT,2
GAAGTGCCGCTGAAGT,2
GAAGTGCGGATTGAGT,2
GAAGTGCGTAGTGAGT,2
GAAGTGCGTATTGAGC,2
GAAGTGCGTATTGTGT,2
GAAGTGCGTATTTAGT,2
GAAGTGTTGCTGAAGT,2
GAATAATAGGACAGAG,2
GAATAGTAGAACAGAG,2
GAATCCTCAACTCCTA,2
GAATTACGCTGAATGA,2
GACAGAAGTCCATGTA,2
GACCACTTGTAAGATG,2
GACCCCTTGGAAGATG,2
GAGAGCTGCAGAAGCT,2
GAGAGCTGCAGGAGCG,2
GAGAGCTGCATAAGCG,2
GAGAGCTGCGGAAGCG,2
GAGAGCTTCAGAAGCG,2
GAGAGTTGCAGAAGCG,2
GAGCGCCATCGACTTC,2
GAGCGGTGATGTGATT,2
GAGCTTGCTATGGATA,2
GAGGCTCTAGAGCTCT,2
GAGGGCTGCAGAAGCG,2
GAGGGGATACGTAACC,2
GAGGGGATACTTCACC,2
GAGGGGGAGAGAGACG,2
GAGGGGTAGAGACACG,2
GAGGTGTAGAGATACG,2
GAGTTAGTAGACCCAC,2
GATCACGCAGAAAAAT,2
GATCACGCAGAAAGAG,2
GATCACGCAGAAGAAG,2
GATCACGCGGAAAAAG,2
GATCGCCATCGACCTC,2
GATCGCCATCGACGTC,2
GATCGGCATCGACTTC,2
GATCTCCACTGATAAG,2
GATCTTGGGGAGAGCC,2
GATCTTGGGGAGAGGC,2
GATCTTGGGTAGAGTC,2
GATCTTGGTGAGAGTC,2
GATTAACTTTGGAAGC,2
GATTCAGATACCCACC,2
GATTCAGATGCCAACC,2
GATTCAGATGCGCACC,2
GCAAACAGTATAGTTG,2
GCAAACAGTGTAATTG,2
GCAAACAGTGTAGTCG,2
GCAAACAGTGTAGTTT,2
GCAACGAGGTGTAACA,2
GCAAGATTCGGGGGAC,2
GCAAGCAAAGTTGACC,2
GCACCCAGTTCCTGCG,2
GCACGGAACTAACTCC,2
GCAGACAGTGTAGTTG,2
GCAGCATGCCGGTCAT,2
GCAGCGTGACGGTCAT,2
GCAGCGTGCCGGCCAT,2
GCAGCGTGCCTGTCAT,2
GCAGCGTGCGGGTCAT,2
GCAGCTGCGGCGTGTG,2
GCATGGAACCAACTCC,2
GCATGGAACGAACTCC,2
GCATGGAACTAACCCC,2
GCATGGAACTAACGCC,2
GCCAGCAATGAGTTGT,2
GCCAGCGCGGTAAGAG,2
GCCAGCTCGTATACCT,2
GCCATCTCGTATCCCT,2
GCCATTTAATGAAGGG,2
GCCCCCGGAGCTTGGC,2
GCCGGCGTCAGTGTCA,2
GCCGGCGTTAGTGTCG,2
GCCTAAAGGATAATGA,2
GCCTAAAGGATCATGG,2
GCCTAAAGGATCGTGA,2
GCCTAAAGTATCATGA,2
GCCTAGAGGATCATGA,2
GCCTTTGTGCGCAGTC,2
GCGAAGTCTCATAGCG,2
GCGAAGTTTCGTAGCG,2
GCGGAGTTTCATAGCG,2
GCGGCGTGCCGGTCAT,2
GCGTGGAACTAACTCC,2
GCTAGCTCGTATCCCT,2
GCTTGATGCATTCCCG,2
GGAAACAGTGTAGTTG,2
GGAAGCCCCGTGCAAT,2
GGAAGCTTCATGGAGT,2
GGAGAACTGCGGCCCC,2
GGAGTGCGTATTGAGT,2
GGCACTTTACGAGACA,2
GGCCCATGCTGGGGAT,2
GGCTGAATTAAGTATG,2
GGGAAGTTTCATAGCG,2
GGGAATCGTCACCGAT,2
GGGAGCTGCAGAAGCG,2
GGGGTATCAAGCCGGG,2
GGGTTCAGACTCTTGC,2
GGTCCACCTCAGATCG,2
GGTCCATATCAGATCG,2
GGTCCATCGCAGATCG,2
GGTCCATCTCAGACCG,2
GGTCCATCTCAGATAG,2
GGTCCATCTCAGGTCG,2
GGTGTACCCTTCAGCA,2
GGTTGGGGTCTCCCTT,2
GTAAGATTCATGGAGT,2
GTAAGCAAAGTCGACC,2
GTAAGCAAAGTTGACT,2
GTAAGCAGAGTTGACC,2
GTAAGCGAAGTTGACC,2
GTAAGCTCCATGGAGT,2
GTAAGCTTGGCGCATC,2
GTAAGTAAAGTTGACC,2
GTACAAAACTGCAAAT,2
GTACAAACCAGCAAAT,2
GTACAAACTTGCAAAT,2
GTACCAACCTGCAAAT,2
GTACCCAGTCCCTGCG,2
GTACCCAGTTCCGGCG,2
GTACCCAGTTCCTGCA,2
GTACCCAGTTTCTGCG,2
GTACCCGGTTCCTGCG,2
GTACGCAGTTCCTGCG,2
GTAGAAATGCGGCCCC,2
GTAGAACTGCAGCCCC,2
GTAGAACTGCGACCCC,2
GTAGAACTGCGGCACC,2
GTAGAGCTGCGGCCCC,2
GTAGATACTATGACCA,2
GTAGGCAAAGTTGACC,2
GTATAACTGCGGCCCC,2
GTATAAGCAGGTAAGG,2
GTATCCTCAACTCCTA,2
GTCAAGTTACGGAGGG,2
GTCAAGTTACGGATGC,2
GTCAAGTTACGGATTG,2
GTCAAGTTATGGATGG,2
GTCAGGTTACGGATGG,2
GTCATTTACTGAAGGG,2
GTCGAATCCTGGAATG,2
GTCGCATACTGGAATG,2
GTCGCATCCCGGAATG,2
GTCGCATCCTGGAACG,2
GTCGCATCCTGGAACT,2
GTCGCCGCTAATCAGA,2
GTCGCTGCGGCGTGTG,2
GTCTTTGCGCGCAGTC,2
GTGAGCGAGAGAAGCA,2
GTGAGCTGCAGAAGCG,2
GTGATCGAGAAAAGCA,2
GTGCGATTGCCCGGAA,2
GTGCGATTGGCCGGAA,2
GTGCGATTGTCCGGTA,2
GTGCGATTGTCCGTAA,2
GTGCGATTGTCCTGAA,2
GTGGATACTAGGACCA,2
GTGGCCCACGGGCATA,2
GTGGTACCAAGCCGGG,2
GTGGTATCAAGCCAGG,2
GTGGTATCAAGCCGAG,2
GTGGTATCAAGCCGGA,2
GTGGTATCAAGCCGGT,2
GTGGTATCGAGCCGGG,2
GTGGTATGAAGCCGGG,2
GTGGTGTCAAGCCGGG,2
GTGTGATTGTCCGGAA,2
GTTAGATTATAACGTA,2
GTTATATCCAACACCA,2
GTTATTATGACTTCAA,2
GTTATTATGACTTCAC,2
GTTCCGAATGGGGTAG,2
GTTCGATTGTCCGGAA,2
GTTGCTACGACACGCC,2
GTTGCTCCGACACGCT,2
GTTGCTCCTACACGCC,2
GTTTAACTTTGGAAGC,2
GTTTCTCCGACACGCC,2
TAAAGTCCCTATGATG,2
TAAAGTGATTTCTCGA,2
TAAATCGGGGGCTAAA,2
TAACAACAATACAAAT,2
TAACGTGACTTCTCGA,2
TAACGTGATTCCTCGA,2
TAACGTGATTTCTCAA,2
TAACGTGATTTCTCTA,2
TAACGTGATTTCTTGA,2
TAACTGCTGCGGAACG,2
TAAGTGCTGCTGAAGT,2
TAATAAGCAAGCAAGA,2
TAATAAGCCAGCAAGC,2
TAATAAGCCAGCAAGG,2
TAATAAGCCAGCGAGA,2
TAATAAGCCGGCAAGA,2
TAATAATCCAGCAAGA,2
TAATTCGCCGTTCCCC,2
TACATACAGACGCAGT,2
TACATACCGACACAGT,2
TACATACCGACGCAGG,2
TACATACCGGCGCAGT,2
TACCAATGTAATTTGA,2
TACCCTGCAAGCCAAT,2
TACCGATAACCCTGCG,2
TACCGATGTCATTTGA,2
TACCTGCTGTGGAACG,2
TACGAATGTCATTTGA,2
TACGTACCGACGCAGT,2
TACTAAGGCCGTTGTC,2
TACTAATGCCGTGGTC,2
TACTAATGCCTTTGTC,2
TACTAATGTCATTTGA,2
TACTAATGTCGTTGTC,2
TACTAGCAAGAAAATC,2
TACTATTCCGGCGCGG,2
TACTGATAAACCTGCG,2
TACTGATAACCATGCG,2
TACTGATAACCCAGCG,2
TACTGATAACCCGGCG,2
TACTGATAACCCTGAG,2
TACTGATGCCGTTGTC,2
TAGAGCTGCAGAAGCG,2
TAGAGTTAATATGCGC,2
TAGATGATAGTAACTC,2
TAGCATTGTCGGAAAT,2
TAGCATTGTCGGAACT,2
TAGCATTGTCGGAAGG,2
TAGCATTGTCGGAGAG,2
TAGCATTGTCTGAAAG,2
TAGCATTGTTGGAAAG,2
TAGCGTTGTCGGAAAG,2
TAGCTGATAGTAAATC,2
TAGCTGATAGTAACTA,2
TAGGGGAACGGGAAGC,2
TATAATAGGCGTCACA,2
TATACTCAAGGAGGAT,2
TATACTCACGGAGGAC,2
TATACTCACGGATGAT,2
TATACTCACGGGGGAT,2
TATACTCACTGAGGAT,2
TATATTAGCAACATAA,2
TATATTAGTAACGTAA,2
TATCACGCAGAAAAAG,2
TATCATTGTCGGAAAG,2
TATCCAAGGGAAGGAC,2
TATCCAAGGGACGTAC,2
TATCCTGCAAGCCACT,2
TATGTCGCATCCACAG,2
TATGTCGGATCCACAG,2
TATGTCGTACCCACAG,2
TATGTCGTATCCAGAG,2
TATGTCGTATTCACAG,2
TATTAAGAGAAGTACG,2
TATTAAGGGAAGTGCG,2
TATTCCTAACTAGTGA,2
TCAAACAGTGTAGTTG,2
TCAAGCTTGGCGCATC,2
TCAATCGGGGACTAAA,2
TCAATCGGGGGCGAAA,2
TCAATCGGGGGCTAAT,2
TCAATCGTGGGCTAAA,2
TCACGAATTTGATTCC,2
TCATGGGGGGACGAGA,2
TCATGGGTGGACGAGA,2
TCATGGGTGTACGAGT,2
TCCACAACCCTAGCTA,2
TCCAGCGCGGGAAGAG,2
TCCAGCGCGGTAAGAT,2
TCCAGCGCGGTGAGAG,2
TCCAGCTCGGTAAGAG,2
TCCATACCCCTAGCTA,2
TCCATTTACTGAAGGG,2
TCCCTCCTCTAAAGTT,2
TCCGCTGCGGCGTGTG,2
TCCTAGTCCTCGTATG,2
TCCTATTAGGCGGCAT,2
TCGAACGAAGCAGGAG,2
TCGAACGAAGGAGGAG,2
TCGAACGAAGTAGAAG,2
TCGAACGAAGTGGGAG,2
TCGAATGAAGTAGGAG,2
TCGACTACTAGCCGGA,2
TCGAGCGAAGTAGGAG,2
TCGATGACTAGCCGGA,2
TCGATTACTAGCAGGA,2
TCGATTACTAGCCAGA,2
TCGATTACTAGCCGGG,2
TCGATTACTAGCTGGA,2
TCGATTACTATCCGGA,2
TCGCCGCACTACTGCT,2
TCGCTCCTGAGTAGTA,2
TCGGATAAATCAGAAC,2
TCGTCCGTTGGGAAAT,2
TCGTCCGTTGGGAGCT,2
TCGTCCGTTGGTAACT,2
TCGTCCGTTTGGAACT,2
TCGTCGCAATACTGCT,2
TCGTCGCACTGCTGCT,2
TCGTGTCTCCGAGCAA,2
TCTAAATCTCGCGGCA,2
TCTAACTCTGGCGGCA,2
TCTAACTCTTGCGGCA,2
TCTCACAGAACCTATC,2
TCTTAGAGTGATCGAT,2
TCTTAGTCCTCGCATG,2
TCTTAGTCCTCGGATG,2
TCTTATGAGGCGGCAT,2
TCTTATTAGGCGGAAT,2
TCTTATTAGGCGGCGT,2
TCTTCCGTTGGGAACT,2
TCTTGAAACGATCCCC,2
TCTTGACAGAGCGATG,2
TCTTGACATAGCGATT,2
TCTTGACGTAGCGATG,2
TCTTGGAGTGAACGAT,2
TCTTGGTCCTCGTATG,2
TCTTGTTAGGCGGCAT,2
TCTTTAACACTGCATC,2
TCTTTACCAATGCATC,2
TCTTTACCACGGCATC,2
TCTTTACCACTGTATC,2
TGACAACAAGACAAAT,2
TGACAACAATAAAAAT,2
TGACAACAATACAAGT,2
TGACAATAATACAAAT,2
TGACGACAATACAAAT,2
TGATAAGCCAGCAAGA,2
TGATATGTGACATTGC,2
TGATCTCTTACATTTA,2
TGATCTGTGAAATTGC,2
TGATCTGTGACATTTC,2
TGATCTTTTACATTTT,2
TGATCTTTTGCATTTA,2
TGCAGTGATATACATA,2
TGCAGTGCTATACATA,2
TGCAGTGGGATACATA,2
TGCAGTGGTAGACATA,2
TGCAGTGGTATACACA,2
TGCAGTGGTATACAGA,2
TGCAGTGGTATACATC,2
TGCAGTGGTATATATA,2
TGCAGTGGTGTACATA,2
TGCAGTGTTATACATA,2
TGCATCTAACAGATAG,2
TGCGGTGGTATACATA,2
TGCGGTGGTTGATCCG,2
TGCTACTCCGGCGCGG,2
TGCTATTCCAGCGCGG,2
TGCTATTCCGGCGAGG,2
TGCTATTCCGGCGTGG,2
TGCTATTCCGGCTCGG,2
TGCTATTGCGGCGCGG,2
TGGAATAGGCGTCACA,2
TGGAATAGTCACCGAT,2
TGGAATCGTCACAGAT,2
TGGAATCGTCACCGGT,2
TGGACTATAGTTGGCA,2
TGGAGTATGAAGAGCG,2
TGGAGTCGTCACCGAT,2
TGGCAACAATACAAAT,2
TGGGAAATGTAAATGA,2
TGGTCCGATTCATGCT,2
TGGTCCGCTTCATGCG,2
TGGTCCGCTTCATGTT,2
TGTAAGAGGCGTCACA,2
TGTAATAGGCGTAACA,2
TGTAATAGGCGTCACG,2
TGTAATAGGCGTCACT,2
TGTAATAGGGGTCACA,2
TGTAATATGCGTCACA,2
TGTATTTGCGCTTCAA,2
TGTGACCCCCTCCAAC,2
TGTGATAGGCGTCACA,2
TGTGGAGCACCCTTAC,2
TGTGGAGCGCACTTAC,2
TGTGGAGCGCCATTAC,2
TGTGGAGCGCCCGTAC,2
TGTGGAGCGCCCTTGC,2
TGTGGGGCGCCCTTAC,2
TGTTAAGAGAAGTGCG,2
TGTTGAGACAGTCTGA,2
TGTTGAGCCAGTCCGA,2
TGTTGAGCCAGTCGGA,2
TGTTGAGCCAGTCTGC,2
TGTTGTAATCTGAGTA,2
TTAATTCGCATGCGGA,2
TTACGAATTTGATTCT,2
TTACGAATTTGGTTCC,2
TTACGACTCGACTAAC,2
TTACTCCTGAGTAGTA,2
TTAGCACAGCGTAGGC,2
TTATCTGTAGAGCGTT,2
TTATCTGTAGAGTGCT,2
TTATGGGTGTACGAGA,2
TTCACCAAGTTGGTGC,2
TTCATAAAGTTGGTGC,2
TTCATCAAGTTGGCGC,2
TTCATCAAGTTGGTGG,2
TTCATCGAGTTGGTGC,2
TTCGCCGCTAATCCGA,2
TTCTGTACAGACTCGT,2
TTCTGTCCAGAATCGT,2
TTCTGTCCAGACTCCT,2
TTCTGTCCAGACTCGA,2
TTCTGTCCAGACTCGG,2
TTCTGTCCAGACTTGT,2
TTCTGTCCAGGCTCGT,2
TTCTGTCGAGACTCGT,2
TTGAAAAAATAATAAA,2
TTGAAATTGAAACATA,2
TTGAACGAAGTAGGAG,2
TTGAACTTATCTGTGG,2
TTGACTCACAGAATAA,2
TTGAGCGAGAAAAGCA,2
TTGAGGGATTCAACTC,2
TTGAGTTAATATGCGC,2
TTGCAATTGAAGCATA,2
TTGCATCAGTCGCGCC,2
TTGCTACTGAGTAGTA,2
TTGCTCCGGAGTAGTA,2
TTGCTCCTGAGTAGGA,2
TTGGACACTAAATTAA,2
TTGGGATTGGAGAAAC,2
TTGGGCAACGGGAAGC,2
TTGGGGAACGGGAAGG,2
TTGGGGAACGTGAAGC,2
TTGTATCAGGCGCGCC,2
TTGTATCAGTCGCGCG,2
TTGTATCAGTCGCGTC,2
TTGTCCGCTTCATGCT,2
TTGTGTCCAGACTCGT,2
TTTAGGGCTACGTGAG,2
TTTAGGTATTATATGC,2
TTTATATCCAACATCA,2
TTTATATCCAACGCCA,2
TTTATATCGAGATGCA,2
TTTATCAAGTTGGTGC,2
TTTCACACAACCTATC,2
TTTCACAGAAACTATC,2
TTTCACAGAACCTGTC,2
TTTCACAGGACCTATC,2
TTTCAGCGTCGTTTTG,2
TTTCAGCGTTGCTTTG,2
TTTCAGCGTTGTTTTA,2
TTTCAGCGTTTTTTTG,2
TTTCGCGATACTCACA,2
TTTCGTCATACTCACA,2
TTTCGTGAGACTCACA,2
TTTCGTGATACTAACA,2
TTTCGTGATACTCGCA,2
TTTCGTTATACTCACA,2
TTTCTTGATACTCACA,2
TTTTATCAGTCGCGCC,2
TTTTGTCCAGACTCGT,2
AAAAAATGGATGACAA,1
AAAAAATGTATGACAA,1
AAAAAATTTACGACAA,1
AAAAAATTTATAACAA,1
AAAAAATTTATGACCA,1
AAAAAATTTATGAGAA,1
AAAAAATTTATGATAA,1
AAAAAGCTATAGAAGT,1
AAAAGATTCGGGGGAC,1
AAAAGATTTATGACAA,1
AAAATCTGAACCATAC,1
AAACCCAGCGGGTGAT,1
AAACCCAGTTCCTGCG,1
AAACCCATAAGAACCC,1
AAACCCATAAGACCCT,1
AAACCCATAAGACGCC,1
AAACCCATAAGAGCCC,1
AAACCCATAAGATCCC,1
AAACCCATAAGGCCCC,1
AAACCCATACGACCCC,1
AAACCCATGATACCCC,1
AAACCCGTAAGACCCC,1
AAACCGAATGGGGTAG,1
AAACCTATAAGACCCC,1
AAACGCTGGCACCCGT,1
AAACGTGATTTCTCGA,1
AAACTACGAGACGTAA,1
AAAGAACTTTAACTCT,1
AAAGCCCTTTTCGTTC,1
AAAGCTATTTCCGTTC,1
AAAGCTATTTTCGTTC,1
AAAGCTCGTTTCGTTC,1
AAAGCTCTCTTCGTTC,1
AAAGCTCTTCTCGTTC,1
AAAGCTCTTTTCGTTG,1
AAAGCTCTTTTCGTTT,1
AAAGCTCTTTTTGTTC,1
AAAGCTTTTTTCGTTC,1
AAAGGAGCGCCTTCAA,1
AAAGGCGAGCCTTCAA,1
AAAGGCGCGCCTGCAA,1
AAAGGCGCGCCTTCAG,1
AAAGGCGCGCCTTCAT,1
AAAGGCGCGCCTTGAA,1
AAAGGTTCCGACGAAG,1
AAAGTAGCAGAGGAGT,1
AAAGTCGCGCCTTCAA,1
AAAGTGCGTATTGAGT,1
AAAGTGCTGCTGAAGT,1
AAAGTGGCAGAGGATT,1
AAATACCTTTAACTCT,1
AAATCTCTTTTCGTTC,1
AAATGTTTAATAGACT,1
AAATGTTTAATAGATG,1
AAATGTTTAATGGACG,1
AAATTAAGAGAAAGTT,1
AAATTAGTAGACCCAC,1
AAATTCACAATAACCA,1
AAATTCACAATGTCCA,1
AAATTCACAGTATCCA,1
AAATTTTCCAATAGGT,1
AACACGGAGAACCGCC,1
AACACGTAGAACCCCC,1
AACACGTAGAACTGCC,1
AACACGTAGAATCGCC,1
AACACGTAGAGCCGCC,1
AACACGTGGAACCGCC,1
AACACTTAGAACCGCC,1
AACAGAAGTCCATGCA,1
AACAGAAGTTCATGTA,1
AACAGCAATAAGTTGT,1
AACAGGAGTCCATGTA,1
AACAGGATAATCGCGC,1
AACAGTACCGCGTTTA,1
AACATACCGACGCAGT,1
AACATACGAGACGTAA,1
AACATGTAGAACCGCC,1
AACCACAAAGTGACCG,1
AACCACCCCAGAGAGG,1
AACCACCGAATGACCG,1
AACCACCGAGTGACAA,1
AACCACCGAGTGAGCG,1
AACCACCTAGTGACCA,1
AACCAGCGAGTGACCG,1
AACCATCGAGTGACCG,1
AACCCACGAGACGTAA,1
AACCCCGGAGCTTGGC,1
AACCCTGCAAGCCACT,1
AACCGAAGTCCATGTA,1
AACCGCACCGCGTTTA,1
AACCGTACAGCGTTTA,1
AACCGTACCGCATTTA,1
AACCGTACCGCGTTTG,1
AACCGTACCTCGTTTA,1
AACCGTGCCGCGTTTA,1
AACCTACGAAACGTAA,1
AACCTACGAGAAGTAA,1
AACCTACGAGACGTAT,1
AACCTACGAGATGTAA,1
AACCTACGATACGTAA,1
AACCTAGGATCGCACT,1
AACCTGCGAGACGTAA,1
AACCTGCTGCGGAACG,1
AACCTTATCGCGTTTA,1
AACGACAAACAATAAG,1
AACGACAAACAGCAAG,1
AACGACAAACAGTAGG,1
AACGACAAACAGTTAG,1
AACGACAAAGAGTAAG,1
AACGACAGACAGTAAG,1
AACGATAAACAGTAAG,1
AACGGAAGTTGCCAAG,1
AACGGCAAACAGTAAG,1
AACGGCCGGCGAACTC,1
AACGGCTCCGACTAAG,1
AACGGGTCCGACGAAG,1
AACGGGTCCGACTAAG,1
AACGGTCCCGACTAAG,1
AACGGTGCCGACGAAG,1
AACGGTTCCAACTAAG,1
AACGGTTCCGACAAAT,1
AACGGTTCCGACTAAA,1
AACGGTTGCGACTAAG,1
AACGTTTCCGACTAAG,1
AACTAAAGGATCATGA,1
AACTACCGAGTGACCG,1
AACTCCCCTGACTGCT,1
AACTCCTGGGGTATCA,1
AACTCGTGATTACTAG,1
AACTGAATTAAGTATG,1
AACTGCCCTGACTGCT,1
AACTGCGTTCATCAAT,1
AACTGCGTTCATCGAG,1
AACTGCGTTCATGGAT,1
AACTGTGTTCATCGAT,1
AACTTACCTGACTGCT,1
AACTTCCATGACTGCT,1
AACTTCCCAGACTGCT,1
AACTTCCCCGACTGCT,1
AACTTCCCGGACTGCT,1
AACTTCCCTGACCGCT,1
AACTTCCCTGACGGCT,1
AACTTCCCTGACTAAT,1
AACTTCCCTGACTGGT,1
AACTTCCCTGACTGTT,1
AACTTCCCTGACTTCT,1
AACTTCCGGCGCCTGA,1
AACTTCCGTAGCCTGA,1
AACTTCCGTCGCCTGT,1
AACTTCCGTCGCCTTA,1
AAGAAACTATAGAAGT,1
AAGAAAGAAACTGGAG,1
AAGAAGACGTTGGGAT,1
AAGAAGACTTTGGGAT,1
AAGAAGCGATAGAAGT,1
AAGAAGCTATAAAAGT,1
AAGAAGCTATAGAAGG,1
AAGAAGCTATAGAATT,1
AAGAAGCTATAGTAGT,1
AAGAAGCTATATAAGT,1
AAGAAGCTATGGAAGT,1
AAGAAGCTCGTTGTCT,1
AAGACCAGCGGGTGAT,1
AAGACTGATTGAAGTT,1
AAGAGGACTTTGTGAT,1
AAGAGGCTATAGAAGT,1
AAGATCGATTGAAGTT,1
AAGATTGAGGGAAGTT,1
AAGATTGATGGAAGTT,1
AAGATTGATTGAAGGT,1
AAGATTGATTGAAGTC,1
AAGATTGATTGAATTT,1
AAGATTGATTGAGGTT,1
AAGATTGATTGGAGTT,1
AAGATTGATTTAAGTT,1
AAGATTGATTTAATTT,1
AAGCACCGAGTGACCG,1
AAGCATTGCTACACAT,1
AAGCATTGTCGGAAAG,1
AAGCCAAGCGGGTGAT,1
AAGCCCAGAGGGTGAT,1
AAGCCCAGCGGGGGAT,1
AAGCCCAGCGGGTGAG,1
AAGCCCAGCGGGTTAT,1
AAGCCCAGCGGTTGAT,1
AAGCCCATCGGGTGAT,1
AAGCGATGATGTGATT,1
AAGCGATTGTCCGGAA,1
AAGCGGGGAGGTGATT,1
AAGCGGGGATGTGATT,1
AAGCGGTGATATGATT,1
AAGCGGTGATGTGATC,1
AAGCGGTGATGTGATG,1
AAGCGGTGGTGTGATT,1
AAGCGGTTATGTGATT,1
AAGCTGTGATGTGATT,1
AAGGAAACAATCGAAC,1
AAGGACAAACAGTAAG,1
AAGGATAAATCAGAAC,1
AAGGGACCTCATAATG,1
AAGGGATTGGAGAAAC,1
AAGGGGAACGGGAAGC,1
AAGGGGATTGGCTGTT,1
AAGGGGCCCCATAATG,1
AAGGGGCCTAATAATG,1
AAGGGGCCTCACAATG,1
AAGGGGCCTCATAGTG,1
AAGGGGCCTCATGATG,1
AAGGGGCCTTATAATG,1
AAGGTAGGAGAAAGGT,1
AAGGTAGTAGACCCAC,1
AAGGTCACTATGTAAT,1
AAGGTCCATATGTAAT,1
AAGGTCCCTATGTAAA,1
AAGGTCCCTGACTGCT,1
AAGGTTTTACGTCCAT,1
AAGTAGACTTTGTGAT,1
AAGTATCAGTCGCGCC,1
AAGTATGGCTACACAT,1
AAGTATTACTACACAT,1
AAGTATTGCCACACAT,1
AAGTATTGCTACACAA,1
AAGTATTGCTACACGT,1
AAGTATTGCTACGCAT,1
AAGTATTTCTACACAT,1
AAGTGCGTTCATCGAT,1
AAGTGGCCTCATAATG,1
AAGTGGTGATGTGATT,1
AAGTTAAGAGAAAGCT,1
AAGTTAAGAGAAAGGT,1
AAGTTAAGAGAAAGTC,1
AAGTTAAGAGAAATTT,1
AAGTTAAGATAAAGTT,1
AAGTTAAGGGAAAGTT,1
AAGTTAATAGAAAGTT,1
AAGTTACTAGACCCAC,1
AAGTTAGAAGACCCAC,1
AAGTTAGGAGACCCAC,1
AAGTTAGTAGACCCAA,1
AAGTTAGTAGACCCCC,1
AAGTTAGTAGACTCAC,1
AAGTTAGTATACCCAC,1
AAGTTATGAGAAAGTT,1
AAGTTCCCTGACTGCT,1
AAGTTCCGTCGCCTGA,1
AAGTTGAGAGAAAGTT,1
AAGTTGGTAGACCCAC,1
AAGTTTAGAGAAAGTT,1
AAGTTTGTAGACCCAC,1
AATAAAACAATCGAAC,1
AATAAACATGCATTGG,1
AATACGAGCATGTCAA,1
AATACGAGGCTACGTA,1
AATACGTGAGTACTAG,1
AATAGAAGTCCATGTA,1
AATAGCTGGCACCCGT,1
AATAGGAATTGCCACT,1
AATATTGATTGAAGTT,1
AATCGCTGACACCCGT,1
AATCGCTGGCAACCGT,1
AATCGCTGGCACCCCT,1
AATCGCTGGCACCCGA,1
AATCGCTGGCACCGGT,1
AATCGCTGGCACCTGT,1
AATCGCTGGCACTCGT,1
AATCGCTGGCAGCCGT,1
AATCGTTTAGATAGTT,1
AATGAAACAAACGAAC,1
AATGAAACAACCGAAC,1
AATGAAACAGTCGAAC,1
AATGAAATAATCGAAC,1
AATGACAAACAGTAAG,1
AATGAGACAATCGAAC,1
AATGCGAGCATGTCAT,1
AATGCGAGGATGTCAA,1
AATGCGATCATGTCAA,1
AATGCGGGCATGTCAA,1
AATGGGCCTCATAATG,1
AATGGTTCCGACTAAG,1
AATGTACCCTTCAGCA,1
AATGTGAATTCGCCCA,1
AATGTTGGCTTGGTTA,1
AATTAGTGAGTACTAG,1
AATTCCTGAGTACTAG,1
AATTCGAGCATGTCAA,1
AATTCGGGAGTACTAG,1
AATTCGTGAGAACTAG,1
AATTCGTGAGGACTAG,1
AATTCGTGAGTACTAT,1
AATTCGTGAGTGCTAG,1
AATTCGTTAGTACTAG,1
AATTCTTGAGTACTAG,1
AATTGAACGGCATACC,1
AATTGAACGTCAGACC,1
AATTGAACTTCATACC,1
AATTGAGCGTCATACC,1
AATTGGTGAGTACTAG,1
AATTTAAGAGAAAGTT,1
AATTTGTGAGTACTAG,1
AATTTTTATAACTTGC,1
ACAAAGTATCGAGAAG,1
ACAAAGTCACGAGAAG,1
ACAAAGTCTCGAGAAT,1
ACAAAGTCTCGAGAGG,1
ACAAAGTCTCGAGGAG,1
ACAAAGTCTCGGGAAG,1
ACAAAGTCTCGTGAAG,1
ACAAGATTAAGGGGAC,1
ACAAGATTCGGAGGAC,1
ACAAGATTCGGGAGAC,1
ACAAGATTCGGGGCAC,1
ACAAGATTCGGGGGAG,1
ACAAGATTCGGGGTAC,1
ACAAGATTCGGGTGAC,1
ACAAGATTGGGGGGAC,1
ACAAGGGTTGGCTGTA,1
ACAAGGTCTCGAGAAG,1
ACAATATGAACCATAC,1
ACAATATTCGGGGGAC,1
ACAATCCACCATTGAG,1
ACAATCGGGGGCTAAA,1
ACAATCTGAACCATGC,1
ACAATCTGAACCGTAC,1
ACAATCTGAAGCATAC,1
ACAATCTGAGCCATAC,1
ACAATTTCCAATAGGT,1
ACACAGGTTGGCTGTA,1
ACACCGCCAGTTTCGT,1
ACACGGATTGGCTGTT,1
ACACGGCTTGGCTGTA,1
ACACGGGGTGGCTGTA,1
ACACGGGTCGGCTGTA,1
ACACGGGTTGGCTCTA,1
ACACGGGTTGGCTGTT,1
ACACGGGTTGGCTTTA,1
ACACTGGTTGGCTGTA,1
ACAGACCACCATTGAG,1
ACAGGATATATGGCTG,1
ACAGTACAATCTACGC,1
ACAGTACGATCCACGC,1
ACAGTACGATCTACCC,1
ACAGTACGATCTTCGC,1
ACAGTACGGTCTACGC,1
ACAGTATGATCTACGC,1
ACAGTCCACCATTGAA,1
ACAGTCCACCATTGAT,1
ACAGTCCGCCATTGAG,1
ACAGTCTACCATTGAG,1
ACAGTGCGATCTACGC,1
ACAGTTGTACACACCA,1
ACATGTCTCCGAGCAA,1
ACATTTAACAGACGTA,1
ACATTTCCCAATAGGT,1
ACATTTTCCAAGAGGT,1
ACATTTTCCAATAGGA,1
ACATTTTCCAATAGGG,1
ACATTTTCCAATAGTT,1
ACATTTTCCAATATGT,1
ACATTTTCCGATAGGT,1
ACATTTTCCTATAGGT,1
ACCAATTCACGAATAA,1
ACCAGAAGTGAGTTGT,1
ACCAGAAGTTGCCAAG,1
ACCAGCAATGAATTGT,1
ACCAGCAATGACTTGT,1
ACCAGCAATGAGCTCT,1
ACCAGCAATGAGCTGT,1
ACCAGCAATGAGTTGA,1
ACCAGCAATGAGTTGG,1
ACCAGCAATGAGTTTT,1
ACCAGCAATGATTTGT,1
ACCAGCGATGAGTTGT,1
ACCAGTAATGAGTTGT,1
ACCCAATGAATCATCC,1
ACCCACCGAGTGACCG,1
ACCCACGGAGCTTGGC,1
ACCCCCGAAGCTTGGC,1
ACCCCCGGAACTTGGC,1
ACCCCCGGAGCTTGTC,1
ACCCCCGGAGCTTTGC,1
ACCCGATTTAAAGGCA,1
ACCGAACGAATCATCC,1
ACCGAATGAAACATCC,1
ACCGAATGAATCATCG,1
ACCGAATGAATCATCT,1
ACCGAATGAATCATTC,1
ACCGAATGAATCGTCC,1
ACCGAATGAGTCATCC,1
ACCGAATGGATCATCC,1
ACCGACAAACAGTAAG,1
ACCGATTCACGAAAAA,1
ACCGATTCACGAAGAA,1
ACCGATTCACGAATGA,1
ACCGATTCACGGATAA,1
ACCGATTCATGAATAA,1
ACCGATTCGCGAATAA,1
ACCGATTGAATCATCC,1
ACCGCTGCGGCGTGTG,1
ACCGGAAGGTGCCAAG,1
ACCGGAAGTTGACAAG,1
ACCGGAAGTTGCAAAG,1
ACCGGAAGTTGCCAAT,1
ACCGGAAGTTGCCAGG,1
ACCGGAAGTTGTCAAG,1
ACCGGAAGTTTCCAAG,1
ACCGGCGTTAGTGTCA,1
ACCGGGATTGGCTGTT,1
ACCGTATGAATCATCC,1
ACCGTTGAATAGGCGA,1
ACCGTTGCACACACCA,1
ACCGTTGGACACACCA,1
ACCGTTGTACAAACCA,1
ACCGTTGTACACAACA,1
ACCGTTGTACACACCG,1
ACCGTTGTACACGCCA,1
ACCGTTGTACATACCA,1
ACCGTTGTGCACACCA,1
ACCGTTGTTCACACCA,1
ACCTAAAGGATCATGA,1
ACCTTTGTACACACCA,1
ACGAGATTCGGGGGAC,1
ACGATTACTAGCCGGA,1
ACGCATTAGCGGGAGG,1
ACGCCCATTAAGATCA,1
ACGGAGGATTTTCGAG,1
ACGGGCATTGGCTGTT,1
ACGGGGAACGGGAAGC,1
ACGGGGAGTGGCTGTT,1
ACGGGGATAGGCTGTT,1
ACGGGGATTAGCTGTT,1
ACGGGGATTGGCCGTT,1
ACGGGGATTGGCGGGT,1
ACGGGGATTGGCTCTT,1
ACGGGGATTGGGTGTT,1
ACGGGGATTGTCTGTT,1
ACGGTCCACCATTGAG,1
ACGGTTGTACACACCA,1
ACGTATGATGTTCGAG,1
ACGTATGATTCTCGAG,1
ACGTATGATTTCCGAG,1
ACGTATGATTTGCGAG,1
ACGTATGATTTTCAAG,1
ACGTATGATTTTCGAA,1
ACGTATGATTTTCGTG,1
ACGTCAATTAAGATCA,1
ACGTCCATTAAGAGCA,1
ACGTCCATTAAGATCT,1
ACGTCCATTAAGATTA,1
ACGTCCTTTAAGATCA,1
ACGTGCCTCCGAGCAA,1
ACGTGGATTGGCTGTT,1
ACGTGGCTCCGAGCAA,1
ACGTGTATCCGAGCAA,1
ACTAACTCTCGCGGCA,1
ACTACAAGGCTACGTG,1
ACTACGAGCCTACGTA,1
ACTACGAGGATACGTA,1
ACTACGAGGCCACGTA,1
ACTACGAGGCGACGTA,1
ACTACGAGGCTGCGTA,1
ACTACGAGTCTACGTA,1
ACTACGGGGCTACGTA,1
ACTAGATTATAACGTA,1
ACTATCATATCTAATA,1
ACTATGGCTCGCTAAT,1
ACTCCGAATGGGGTAG,1
ACTCGGGCTCGCTAAT,1
ACTCGTTTAGATAGTT,1
ACTCTGGCTCGATAAT,1
ACTCTGGCTCGCCAAT,1
ACTCTGGCTCGCTAAC,1
ACTCTGGCTCGCTAGT,1
ACTCTGGCTCGCTATT,1
ACTCTGGCTCGCTGAT,1
ACTGAATGAATCATCC,1
ACTGCGAGGCTACGTA,1
ACTGGCTAGAAATTTT,1
ACTGGGTTAAGTTGTG,1
ACTGTACCCTTCAGCA,1
ACTGTCAAGAAATTTT,1
ACTGTCGAGAAATGTT,1
ACTGTCTAGAAATATT,1
ACTGTCTAGAAATTGT,1
ACTGTCTAGAAATTTC,1
ACTGTCTAGAAATTTG,1
ACTGTCTGAACCATAC,1
ACTGTCTGGAAATTTT,1
ACTGTCTTGAAATTTT,1
ACTGTTGTACACACCA,1
ACTTATTAGGCGGCAT,1
ACTTCCATAGGCATGG,1
AGAAAATCTCAGATCG,1
AGAAAATCTCAGATGC,1
AGAAAATCTCAGGTAC,1
AGAAAATCTTAGATAC,1
AGAAAATTTCAGATAC,1
AGAACTATAGTTGGCA,1
AGAACTGAGGGCATTG,1
AGAAGTATGAAGAGCG,1
AGAATCTGAACCATAC,1
AGACACGTAGGGGCCA,1
AGACAGCCAGTTTCGT,1
AGACCATCGAACCCAA,1
AGACCATCGCACCAAA,1
AGACCATCGCACCTAA,1
AGACCATCGCACTCAA,1
AGACCATCTCACCCAA,1
AGACCGCCAGTCTCGT,1
AGACCGCCAGTTCCGT,1
AGACCGCCAGTTTCGC,1
AGACCGCCATTTTCGT,1
AGACTCCACGGACGCC,1
AGAGAATCTCAGATAC,1
AGAGCTAAAGAGAGGA,1
AGAGTACGATCTACGC,1
AGATCACAGGTCCTTT,1
AGATCCACACTATAGT,1
AGATCCACCCTAGAGT,1
AGATCCCAGCTCCTTT,1
AGATCCCAGGTCATTT,1
AGATCCCAGGTCCATT,1
AGATCCCTGGTCCTTT,1
AGATCCGAGGTCCTTT,1
AGATCCTGGGGTATCA,1
AGATCGACCCTATAGT,1
AGATCGCCAGTTTCGT,1
AGATCTCAGGTCCTTT,1
AGATCTTTACGAAAAA,1
AGATGCACCCTATAGT,1
AGCACATGCTGGGGAT,1
AGCACCTAACAGATAG,1
AGCACTTTACGAGACA,1
AGCAGCATTGGTCGCC,1
AGCAGCGAACAGATAG,1
AGCAGTGGTATACATA,1
AGCATACGGATATGTG,1
AGCATAGCGATATGTG,1
AGCATAGGGACATGTG,1
AGCATAGGGAGAGGTG,1
AGCATAGGGAGATGTG,1
AGCATAGGGATAGGGG,1
AGCATAGGGATATGTC,1
AGCATAGGGATATTTT,1
AGCATATAACAGATAG,1
AGCATCGAACAGAGAG,1
AGCATCGAACAGATAG,1
AGCATCTAACAGACAG,1
AGCATCTAACAGATAC,1
AGCATCTAACAGATAT,1
AGCATCTAACAGTAAG,1
AGCATCTAGCAGATAG,1
AGCATGGGGATATGGG,1
AGCATGTAACAGATAG,1
AGCCCAGGCTGGGGAT,1
AGCCCATACTGGGGAT,1
AGCCCATGATGGGGAT,1
AGCCCATGCTGGGGAG,1
AGCCCATGCTGGTGAT,1
AGCCGTACCGCGTTTA,1
AGCCTACGAGACGTAA,1
AGCCTATGCTGGGGAT,1
AGCGAATGAATCATCC,1
AGCGACATAGCCCTTT,1
AGCGACATCGCCCGTT,1
AGCGACATCGCCCTCT,1
AGCGACATCGCCCTGT,1
AGCGGAATTAAGTATG,1
AGCTAAATTAAGTATG,1
AGCTACTGGGGTATCA,1
AGCTATTCCGGCGCGG,1
AGCTCATGCTGGGGAT,1
AGCTCCGGGGGGATCA,1
AGCTCCTAGGGTATCA,1
AGCTCCTGAGGTATCA,1
AGCTCCTGGAGTATCA,1
AGCTCCTGGGATATCA,1
AGCTCCTGGGGGATCA,1
AGCTCCTGGGGTACCA,1
AGCTCCTGGGGTAGCA,1
AGCTCCTGGGGTATAA,1
AGCTCCTGGGGTATCC,1
AGCTCCTGGGGTATGA,1
AGCTCCTGGGGTGTCA,1
AGCTCGTGGGGTATCA,1
AGCTGAACTAAGTATG,1
AGCTGAATGAAGGATG,1
AGCTGAATTAAGCATG,1
AGCTGAATTAAGTAGG,1
AGCTGAATTAATTATG,1
AGCTGAATTAGGTATG,1
AGCTGAATTATGTATG,1
AGCTGCGTTCATCGAT,1
AGCTGGGGTCTCCCTT,1
AGCTTCTGGGGTATCA,1
AGGAAAGAAACTGAAG,1
AGGAAAGAAACTGGAA,1
AGGAAAGAAACTGGGG,1
AGGAAAGAAACTTGAG,1
AGGAAAGAAAGTGGAG,1
AGGAAAGAAGCTGGAG,1
AGGAAAGGAACTGGAG,1
AGGAAGACTTTGTGAT,1
AGGAAGCTATAGAAGT,1
AGGAAGGAAACTGGAG,1
AGGACCATAGTTGGCA,1
AGGACGATAGTTGGCA,1
AGGACTATAATTGGCA,1
AGGACTATAGATGGCA,1
AGGACTATAGGTGGCA,1
AGGACTATAGTTAGCA,1
AGGACTATAGTTGGCC,1
AGGACTATAGTTGGCG,1
AGGACTATAGTTGGGA,1
AGGACTATAGTTGTCA,1
AGGACTATAGTTTGCA,1
AGGAGCATGAAGAGCG,1
AGGAGGATGAAGAGCG,1
AGGAGTACGGAGAGCG,1
AGGAGTATGAAGAGCC,1
AGGAGTATGAAGAGCT,1
AGGAGTATGAAGAGTT,1
AGGAGTATGAAGGGCG,1
AGGAGTATGCAGAGCG,1
AGGAGTATTAAGAGCG,1
AGGAGTGGTATACATA,1
AGGATTATAGTTGGCA,1
AGGATTTGCGCTTCAA,1
AGGCACGTAAGGACCA,1
AGGCCCATAAGGACTA,1
AGGCCCGCAAGGACTA,1
AGGCCCGTAAGAACTA,1
AGGCCCGTAAGGAATA,1
AGGCCCGTAAGGACGA,1
AGGCCCGTAAGGACTG,1
AGGCCCGTGAGGACTA,1
AGGCCCTTAAGGACTA,1
AGGCGTGTAGGGAGTT,1
AGGCTCAGACTCTTGC,1
AGGGAATCTCCCATAC,1
AGGGCTATAGTTGGCA,1
AGGGGACAAGATTGTA,1
AGGGGGATTGGCTGTT,1
AGGGGTATGAGGAGCG,1
AGGGTGGGAGTGGGTA,1
AGGGTTGAATAGGCGA,1
AGGTCCGTAAGGACTA,1
AGGTGAATTAAGTATG,1
AGGTGGACGGGCATAG,1
AGGTGGACGGGCATTG,1
AGGTGGACGGTCATGG,1
AGGTGGGGTCTCCCTT,1
AGGTGTCTCCGAGCAA,1
AGGTTCAAACTCTTGC,1
AGGTTCAGAATCTTGC,1
AGGTTCAGACCCTTGC,1
AGGTTCAGACTCTCGC,1
AGGTTCAGACTCTTAC,1
AGGTTCAGACTCTTGA,1
AGGTTCAGGCTCTTGC,1
AGTAAAAATGCATTGG,1
AGTAAACATGCAGTGG,1
AGTAAACATGCATTGA,1
AGTAAACATGCGTTGG,1
AGTAAACATGGATTGG,1
AGTAAACATGTATTGG,1
AGTAAACATTCATTGG,1
AGTAATAGGCGTCACA,1
AGTAGACATGCATTGG,1
AGTATCTGCGCTTCAA,1
AGTATTTGAGCTTCAA,1
AGTATTTGCAATTCAA,1
AGTATTTGCACTTCAT,1
AGTATTTGCCCTTCAA,1
AGTATTTGCGCTCCAA,1
AGTATTTGCGCTGCAA,1
AGTATTTGCGCTTAAA,1
AGTATTTGCGCTTCAG,1
AGTATTTGCGCTTCGA,1
AGTATTTGCGCTTGAA,1
AGTCCATGCTGGGGAT,1
AGTCCTATCCTCAGAT,1
AGTCCTTTAGATAGTT,1
AGTCGTTGAGAGAGTT,1
AGTCGTTGAGATAGGT,1
AGTCGTTGAGATAGTT,1
AGTCGTTTAAATAGTT,1
AGTCGTTTAGACAGTT,1
AGTCGTTTAGAGAGTT,1
AGTCGTTTAGATAGGT,1
AGTCGTTTAGATGGTT,1
AGTCGTTTATATAGTT,1
AGTGAAACAATCGAAC,1
AGTGAACATGCATTGG,1
AGTGATGGCTTGGTTA,1
AGTGCGAGCATGTCAA,1
AGTGCTGGCTTGGTTA,1
AGTGGTGGCTTGGTTA,1
AGTGTCGTATCCACAG,1
AGTGTGGGCTTGGTTA,1
AGTGTTAAATAGGCGA,1
AGTGTTAGCTTGGTTA,1
AGTGTTCAATAGGCGA,1
AGTGTTGAACAGGCGA,1
AGTGTTGAATAAGCGA,1
AGTGTTGAATAGACGA,1
AGTGTTGAATAGGGGA,1
AGTGTTGATTGAAGTT,1
AGTGTTGGCCTGGTTA,1
AGTGTTGGCGTGGGTA,1
AGTGTTGGCTCGGTTA,1
AGTGTTGGCTGGGGTA,1
AGTGTTGGCTTAGTTA,1
AGTGTTGGCTTGGCTA,1
AGTGTTGGCTTGGTGA,1
AGTGTTGGCTTGGTTT,1
AGTTATTATAACTTGC,1
AGTTCAGCGATAACGG,1
AGTTCCATAGCCATGG,1
AGTTCCATAGGAATGG,1
AGTTCCATAGGCATGT,1
AGTTCCATAGGCATTG,1
AGTTCCATGGGCATGG,1
AGTTCGTGAGTACTAG,1
AGTTCTTATAACTTGC,1
AGTTGAATTAAGTATG,1
AGTTGAGGTCTCCCTT,1
AGTTGGGATCTCCCTT,1
AGTTGGGGGCTCCCTT,1
AGTTGGGGTCCCCCTT,1
AGTTGGGGTCTCCCAT,1
AGTTGGGGTCTCCCCT,1
AGTTGGGGTCTCTCTT,1
AGTTGGGGTTTCCCTT,1
AGTTTCATAGGCATGG,1
AGTTTGGGTCTCCCTT,1
AGTTTTGAATAGGCGA,1
AGTTTTTATAACTTAC,1
AGTTTTTATATCTTGC,1
ATAAAATCGCAAATTA,1
ATAACACAAAAAATTA,1
ATAACATTTGTGCAAA,1
ATAACGCTTGTGCAAA,1
ATAACGTTTATGCAAA,1
ATAACGTTTGTGAAAA,1
ATAACGTTTGTGCAAG,1
ATAACGTTTGTGCGAA,1
ATAACGTTTGTGGAAA,1
ATAACGTTTGTTCAAA,1
ATAACTGAGGGAATTG,1
ATAACTGAGGGCAGTG,1
ATAACTGAGGGCATTT,1
ATAACTGAGGGCGTTG,1
ATAACTGAGTGCATTG,1
ATAACTGGGGGCATTG,1
ATAACTGTGGGCATTG,1
ATAAGGGCTACGTGAG,1
ATAATGTTTGTGCAAA,1
ATACAAGAGGTTGTGA,1
ATACAAGCATGTGCCA,1
ATACACAAGGTTGTGA,1
ATACACGAATGTGCCA,1
ATACACGCATATGCCA,1
ATACACGCATGAGCCA,1
ATACACGCATGTGCAA,1
ATACACGCATTTGTCA,1
ATACACGCGTGTGCCA,1
ATACACTCATGTGCCA,1
ATACCGAATGGGGTAG,1
ATACGAATTTGATTCC,1
ATACGCGAGGTTGTGA,1
ATACGGGTTGGCTGTA,1
ATAGAAAAAACTTAGT,1
ATAGAAAATTACCCGC,1
ATAGAATCGAAAATTA,1
ATAGAATCGCAAATTG,1
ATAGAATCTCAAATTA,1
ATAGACGCATGTGCCA,1
ATAGGATAGAGGGCTG,1
ATAGGATATAGGGCTG,1
ATAGGATATATGGCCG,1
ATAGGATATATGGCGG,1
ATAGGATATATTGCTG,1
ATAGTCCACCATTGAG,1
ATATAAAAAACGGAGT,1
ATATAAAAAACTGAGT,1
ATATAAAAAACTTAGA,1
ATATAAAAAACTTAGG,1
ATATAAAAAACTTGGT,1
ATATAAAAAGCTTAGT,1
ATATAAAAGACTTAGT,1
ATATAAATTCGAGGAC,1
ATATAAGAAACTTAGT,1
ATATACGCATGTGCCA,1
ATATCCACCCTATAGT,1
ATATCTTAATCTACAG,1
ATATGAAAAACTTAGT,1
ATCAATGTCGTAGGAT,1
ATCAGATTATAACGTA,1
ATCAGCAATGAGTTGT,1
ATCAGGATAAGCGCGC,1
ATCAGGATAATCGCAC,1
ATCAGGATAATCGCGG,1
ATCAGGATAATCGTGC,1
ATCAGGATAATTGCGC,1
ATCAGGGCTACGTGAG,1
ATCAGGGTAATCGCGC,1
ATCATGATAATCGCGC,1
ATCCCATGCTGGGGAT,1
ATCCGAGTTAAAGGCA,1
ATCCGATTTAAAGACA,1
ATCCGATTTAAAGGTA,1
ATCGATTCACGAATAA,1
ATCTGATTTAAAGGCA,1
ATGAACTTATCTGTGG,1
ATGAACTTGTCGATAT,1
ATGACGTTTGTGCAAA,1
ATGAGTATGAAGAGCG,1
ATGCACGAGGTTGTGA,1
ATGCCGAAGGGGGTAG,1
ATGCCGAATGGGGGAG,1
ATGCGATTGGAGAAAC,1
ATGGACCACGGGCATA,1
ATGGCACACGGGCATA,1
ATGGCCAACGGGCATA,1
ATGGCCCACGGACGCC,1
ATGGCCCACGGGAATA,1
ATGGGATCGGAGAAAC,1
ATGGGATTCGAGAAAC,1
ATGGGATTGAAGAAAC,1
ATGGGATTGCAGAAAC,1
ATGGGATTGGACAAAC,1
ATGGGATTGGAGGAAC,1
ATGGGATTGGCGCATC,1
ATGGTCCACGGGCATA,1
ATGGTTTTACGCCCAT,1
ATGGTTTTACGTCCAC,1
ATGGTTTTACGTCCAG,1
ATGGTTTTACGTCTAT,1
ATGGTTTTACGTGCAT,1
ATGGTTTTATGTCCAT,1
ATGTCCCACGGGCATA,1
ATTAAAATTCGAGGAC,1
ATTAAACATGCATTGG,1
ATTAAGGCTACGTGAG,1
ATTACGAGGCTACGTA,1
ATTACGGCTACGTGAG,1
ATTACTGCGCGAGAGT,1
ATTAGATGATAACGTA,1
ATTAGATTAGAACGTA,1
ATTAGATTATAACATA,1
ATTAGATTATAACGAA,1
ATTAGATTATAACTTA,1
ATTAGATTATAAGGTA,1
ATTAGGCCTACGTGAG,1
ATTAGGGATTCAACTC,1
ATTAGGGCGACGTGAG,1
ATTAGGGCTACATGAG,1
ATTAGGGCTACGTAAG,1
ATTAGGGCTACGTGAA,1
ATTAGGGCTACGTGTG,1
ATTAGGGCTACGTTAG,1
ATTATAATATCTAATA,1
ATTATATTATAACGTA,1
ATTATCATACCTAATA,1
ATTATCATATCCAATA,1
ATTATCATATCTAAAA,1
ATTATCATATCTAAGA,1
ATTATCATATCTAGTA,1
ATTATCATATCTATTA,1
ATTATCATATCTGATA,1
ATTATCATATCTTATA,1
ATTATTATATCTAATA,1
ATTATTATGACTTCAT,1
ATTATTTGCGCTTCAA,1
ATTCAAATTCGAGGAC,1
ATTCCATGCTGGGGAT,1
ATTCCGAATAGGGTAG,1
ATTCCGAATGAGTTGT,1
ATTCCGAATGGGGTAA,1
ATTCGCTGGCACCCGT,1
ATTCGGAATGGGGTAG,1
ATTCGTTTAGATAGTT,1
ATTGCCCACGGGCATA,1
ATTGTCATATCTAATA,1
ATTTAAAAAACTTAGT,1
ATTTAAATGCGAGGAC,1
ATTTAAATTATAGTCT,1
ATTTAAATTCAAGGAC,1
ATTTAAATTCGAAGAC,1
ATTTAAATTCGAGCAC,1
ATTTAAATTCGAGGAG,1
ATTTAAGTTCGAGGAC,1
ATTTACTCATTATGCG,1
ATTTAGATTCGAGGAC,1
ATTTCGAATGGGGTAG,1
ATTTTTCTATGCCTAC,1
ATTTTTCTATGGCCCC,1
ATTTTTCTATGGCTAT,1
ATTTTTCTATGGTTAC,1
ATTTTTCTGTGGCTAC,1
ATTTTTGTATGGCTAC,1
CAAAACACGTCCCAGT,1
CAAAAGCAGCACGAGA,1
CAAAAGCAGGACGATA,1
CAAAAGCAGTACGATA,1
CAAAAGCATCACGATA,1
CAAAATATACGGCGAC,1
CAAAATCTACGGCAAC,1
CAAAATCTACGGCGAA,1
CAAAATCTACGGCGAT,1
CAAAATCTACGGCTAC,1
CAAAATCTACGGTGAC,1
CAAAATCTACGTCGAC,1
CAAACCGCAGACACGT,1
CAAAGGCTGCATTAGG,1
CAAATGCAGCATTAGG,1
CAAATGCGGCATGAGG,1
CAAATGCTGCAGTTGA,1
CAAATGCTGCGTTAGG,1
CAAATGCTGGATTAGG,1
CAAATGCTGTATTAGG,1
CAAATGTTGCATTAGG,1
CAACATCAGCACCTAG,1
CAAGGCCGGCGAACTC,1
CAAGTAGAAATACAGA,1
CAAGTAGAAATACATA,1
CAAGTGCTGCTGAAGT,1
CAATAAGCCAGCAAGA,1
CAATATTGCCCGGAAG,1
CAATTACAAATACATA,1
CAATTAGAAAGACATA,1
CAATTAGAAATACACA,1
CAATTAGAAATACATC,1
CAATTAGAAATACGTA,1
CAATTAGAAATACTTA,1
CAATTAGAAATAGATA,1
CAATTAGAAATATATA,1
CAATTAGAAATGCATA,1
CAATTAGAATTACATA,1
CAATTCGCCGTTCCAC,1
CAATTCGCCGTTCCCT,1
CAATTCGCCTTTCCCC,1
CAATTCGCTGTTCCCC,1
CACAGCATTGGTCGCC,1
CACCAATATTCGAACT,1
CACCAATCTTCGAACC,1
CACCAATCTTCTAACT,1
CACCAATGTCATTTGA,1
CACCATCAACACCTAG,1
CACCATCAGCACCAAG,1
CACCATCAGCACCCGT,1
CACCATCAGCACCGAG,1
CACCATCAGCACCTAT,1
CACCATCAGCACCTTG,1
CACCATCAGCACTTAG,1
CACCATCAGTACCTAG,1
CACCCTGCAAGCCACT,1
CACCGAGGATCGCACT,1
CACCGCACCGAGCACC,1
CACCGCGACGAGCACC,1
CACCGCGCCCAGCACC,1
CACCGCGCCGAACACC,1
CACCGCGCCGAGAACC,1
CACCGCGCCTAGCACC,1
CACCGCGTCGAGCACC,1
CACCGTCAGCACCTAG,1
CACCTAGGACCGCACT,1
CACCTAGGATAGAACT,1
CACCTAGGATAGCACT,1
CACCTAGGATCGCACG,1
CACCTAGGATCGCAGT,1
CACCTAGGATCGTACT,1
CACCTAGGATTGCACT,1
CACCTATGATCGCACT,1
CACGACACCCTTCCGG,1
CACGAGATGTACAGTC,1
CACGATCAGCACCTAG,1
CACGGACGGCGAACTC,1
CACGGCCGACGAACTC,1
CACGGCCGCCGAACTC,1
CACGGCCGGCGAACAC,1
CACGGCCGGCGAACGC,1
CACGGCCGGCGAGCTC,1
CACGGCCGTCGAACTC,1
CACGGCCTAATGTCTC,1
CACGGCCTGCGAACTC,1
CACGGCGGGCGAACTC,1
CACGGGATAATGTCTC,1
CACGGGATGGGCACGT,1
CACGGGCGAATGTCTC,1
CACGGGCGGCGAACTC,1
CACGGGCTAATGGCTC,1
CACGGGCTAATGTCCC,1
CACGGGTTAATGTCTC,1
CACGGTCGGCGAACTC,1
CACGTCCGGCGAACTC,1
CACGTGCTAATGTCTC,1
CACTAATGCCGTTGTC,1
CACTAGACGTACAGTC,1
CACTAGAGGTACAGTC,1
CACTAGATGTACAGCC,1
CACTAGATGTACATTC,1
CACTAGATGTGCAGTC,1
CACTGATAACCCTGCG,1
CACTGCCGGCGAACTC,1
CACTGGATGTACAGTC,1
CACTGGCTAATGTCTC,1
CAGAAAAGACTGTATA,1
CAGAACCCCGTTGTCT,1
CAGAACCTAGTTGTCT,1
CAGAACCTCCTTGTCT,1
CAGAACCTCGCTGTCT,1
CAGAACCTCGTCGTCT,1
CAGAACCTCGTTCTCT,1
CAGAACCTCGTTGCCT,1
CAGAACCTCGTTGTTT,1
CAGAACTTATCTGTGG,1
CAGACAGAGTTTGTTG,1
CAGAGCCTCGTTGTCT,1
CAGAGCTGCCAATAAG,1
CAGATAAGATAGAGAC,1
CAGATAATATAGAGAA,1
CAGATAATATAGAGGC,1
CAGATAATGTAGAGAA,1
CAGATAGTATAGAGAC,1
CAGATAGTGATGAACG,1
CAGATGGTGATGAACA,1
CAGCATTAGCGGGAGG,1
CAGGCTCAAGAGCTCT,1
CAGGCTCTAGACCTCT,1
CAGGCTCTAGAGCTCA,1
CAGGCTCTAGAGCTCG,1
CAGGCTCTAGAGCTTT,1
CAGGGCCGGCGAACTC,1
CAGGGGAATTGCCACT,1
CAGGGGCCTCATAATG,1
CAGGTAATATAGAGAC,1
CAGGTAATGTAGAGAC,1
CAGTAGTGGTCATGGG,1
CATAAAAGAATGTATA,1
CATAAAAGACTATATA,1
CATAAAAGACTGGATA,1
CATAAAAGACTGTATG,1
CATAATCTATTGAAGC,1
CATACAGAATTTGTTG,1
CATACAGAGCTTGTTG,1
CATACAGAGGTTGTTG,1
CATACAGAGTGTGTTG,1
CATACAGAGTTCGTTC,1
CATACAGAGTTGGTTG,1
CATACAGAGTTTGCTG,1
CATACAGAGTTTGTAG,1
CATACAGAGTTTGTTA,1
CATACAGAGTTTGTTT,1
CATACGGAGTTTGTTG,1
CATACTGAGTTTGTTG,1
CATAGAGAGTTTGTTG,1
CATATAGAGTTTGTTG,1
CATATATTGATGAACA,1
CATCTAGGATCGCACT,1
CATGACCCCCTCCAAC,1
CATGAGAATTGCCACT,1
CATGGAAACGATCCCC,1
CATGGGAAATGCCACT,1
CATGGGAAGTGCCACT,1
CATGGGAATCGCCACT,1
CATGGGAATGAGTTGT,1
CATGGGAATGGCCACT,1
CATGGGAATTGCAAAT,1
CATGGGAATTGCCAAT,1
CATGGGAATTGCCACA,1
CATGGGAATTGCCTCT,1
CATGGGAGTTGCCACT,1
CATGGGGATTGTCACT,1
CATGTCTGATGAATGG,1
CATGTGAATTCGCACA,1
CATGTGAATTCGCCCG,1
CATGTGGAACCCAACA,1
CATGTGGAGCCAAACA,1
CATGTGGAGCCCAAGA,1
CATGTGGAGCCCACAG,1
CATGTGGAGCCCACCA,1
CATGTGGAGCCCGACA,1
CATTAAATTATAGTCT,1
CATTCAGACGCGCAAG,1
CATTGAGACACGCAAG,1
CATTGAGACGCGCAAA,1
CATTGAGACGCTCAAG,1
CATTTACCCTTCAGCA,1
CATTTCTGACGAATTG,1
CATTTCTGAGGAATTG,1
CATTTCTGATGAATAG,1
CATTTCTGATGAATCG,1
CATTTCTGATGAATTA,1
CATTTCTGATGAGTTG,1
CATTTCTGATGGATTG,1
CATTTTTGATGAATTG,1
CCAAAGTCTCGAGAAG,1
CCAACACAAAAAACTA,1
CCAACACAAAAATTTA,1
CCAACACAAAAGATTA,1
CCAACACGAAAAATTA,1
CCAAGACAAAAAATTA,1
CCAAGATTGGCGCATC,1
CCAAGCTCGGCGCATC,1
CCAAGCTTGGCCCATC,1
CCAAGCTTGGCGCAGC,1
CCAAGCTTGGCGCGTC,1
CCAAGCTTTGCGCGTC,1
CCAAGTTTGGCGCATC,1
CCAATCCCAGCATTTA,1
CCAATCCCAGCCGTTA,1
CCAATCCCAGCCTTCA,1
CCAATCCCAGCCTTTT,1
CCAATTTAAGTATCAA,1
CCACATTAGCGGGAGG,1
CCACCGCTGTTTAAAA,1
CCACGCACGTTTAGAG,1
CCACGGGTTGGCTGTA,1
CCAGGCTTGGCGCATC,1
CCAGGGTTAAGTTGTG,1
CCAGTCCCAGCCTTTA,1
CCATAAACCGTTTGTA,1
CCATGAGCGGCTCGGG,1
CCATGGGTGTACGAGA,1
CCATTTAACAGACGTA,1
CCCAAATAATTGGCGC,1
CCCAATGTCGTAGGAT,1
CCCAGCTCGTATCCCT,1
CCCATCCTCTAAAGTT,1
CCCCCACTGTTTAAAA,1
CCCCCCCTCTAAAGTT,1
CCCCCGCTGTTTAAAC,1
CCCCCGCTGTTTTAAA,1
CCCCTCATCTAAAGTT,1
CCCCTCCTCTAAAGTC,1
CCCGAATGAATCATCC,1
CCCGGCGCGGCTCGGG,1
CCCGTCCTCTAAAGTT,1
CCCTATAAAATAAGCT,1
CCCTATCAAATAAGCT,1
CCCTATGAAAGAAGCT,1
CCCTATGAAATAAACT,1
CCCTATGAAATAAGCC,1
CCCTATGAAATACGCT,1
CCCTATGAAATGAGCT,1
CCCTCCGCGGCTCGGG,1
CCCTGCACGGCTCGGG,1
CCCTGCCCGGCTCGGG,1
CCCTGCGCAGCTCGGG,1
CCCTGCGCGCCTCGGG,1
CCCTGCGCGGCTCGCG,1
CCCTGCGCGGGTCGGG,1
CCCTGCGCGGTTCGGG,1
CCCTGCGTTGCTCGGG,1
CCCTTCACGGATCTCT,1
CCCTTCGCGGCTCGTG,1
CCCTTTACGGAGCTCT,1
CCCTTTACGGATCTCA,1
CCCTTTACGTATCTCT,1
CCCTTTACTGATCTCT,1
CCGAATAAATCAGAAC,1
CCGAGGGATTCAACTC,1
CCGATTACTAGCCGGA,1
CCGCATTAGCGGTAGG,1
CCGCATTAGCTGGAGG,1
CCGCGCACGTTTAGCG,1
CCGCTCACGTTTAGAG,1
CCGGAGGCCTGGCCCC,1
CCGGATAAAGCAGAAC,1
CCGGATAAATCAGAAT,1
CCGGATAAATCATAAC,1
CCGGATAAATCGGAAC,1
CCGGATAAGTCAGAAC,1
CCGGATTAGCGGGAGG,1
CCGTATAAATCAGAAC,1
CCGTATGAAATAAGCT,1
CCGTCCATTAAGATCA,1
CCTACAGAATACTAGA,1
CCTACAGAGTTTGTTG,1
CCTAGATGCATTCCCG,1
CCTAGGTATTACATGC,1
CCTAGGTATTATATGC,1
CCTCATTAGCGGGAGG,1
CCTCGGTTAAGTTGTG,1
CCTGGAAACGATCCCC,1
CCTGGATTAAGTTGTG,1
CCTGGGCTAAGTTGTG,1
CCTGGGGGAAGTTGTA,1
CCTGGGTTAAATTGTG,1
CCTGGGTTAAGTCGTG,1
CCTGGGTTAAGTTGTT,1
CCTGGGTTAATTTGTG,1
CCTGGGTTACGTTGTG,1
CCTGGGTTAGGTTGTG,1
CCTTAATGCATTCCCG,1
CCTTATTAGGCGGCAT,1
CCTTCAGCGATAACGG,1
CCTTCATGCATTCCCG,1
CCTTGAGACGCGCAAG,1
CCTTGATGCAATCCCG,1
CCTTGATGCATGCCCG,1
CCTTGATGCATTCCAC,1
CCTTGATGCATTCTCG,1
CCTTGATGCATTGCCG,1
CCTTGGGTGTACGAGA,1
CCTTTATCAAAACATA,1
CCTTTCCCAAAACATA,1
CCTTTCTAGTACGCTT,1
CCTTTCTCAAAACAGA,1
CCTTTCTCGAAACATA,1
CCTTTTACGGATCTCT,1
CGAAAAACGTCCCAGT,1
CGAAAACATTAAAAAT,1
CGAAAACATTACAGAT,1
CGAAAACATTGCAAAT,1
CGAAACAAGTCCCAGT,1
CGAAACACATCCCAGT,1
CGAAACACCCTTCCGG,1
CGAAACACGTACCAGT,1
CGAAACACGTCCCATT,1
CGAAACATGTCCCAGT,1
CGAACCGCAAACACGT,1
CGAACCGCAGACACAT,1
CGAACCGCAGACACCT,1
CGAACCGCAGACACGG,1
CGAACCGCATACACGT,1
CGAACCGCGGACACGT,1
CGAACTGCAGACACGT,1
CGAACTTTACGAGACA,1
CGAAGCTTGGCGCATC,1
CGAATCCACGGACGCC,1
CGAATTTAAGTATCAA,1
CGACAACAATACAAAT,1
CGACCCCACGGACGCC,1
CGACTCCAAGGACGCC,1
CGACTCCACGGAAGCC,1
CGACTCCACGGACGAC,1
CGACTCCACGGACGCT,1
CGACTCCACGGACGTC,1
CGACTCCACGTACGCC,1
CGACTCCCCGGACGCC,1
CGAGAACATTACAAAT,1
CGAGAATCTCCCATAC,1
CGAGCACAGCGTAGGC,1
CGATCTGTACGAAAAA,1
CGATCTTCACGAAAAA,1
CGATCTTGACGAAAAA,1
CGATCTTTAAGAAAAA,1
CGATCTTTACGAGAAA,1
CGATCTTTATGAAAAA,1
CGATCTTTTACATTTA,1
CGCACAGTGTAATCGA,1
CGCACGTTACGAGACA,1
CGCACTTGACGAGACA,1
CGCACTTTACGAGATA,1
CGCACTTTACGATACA,1
CGCACTTTGCGAGACA,1
CGCAGCATTAGTCGCC,1
CGCAGCATTCGTCGCC,1
CGCAGCATTGGTCACC,1
CGCAGCATTTGTCGCC,1
CGCATAGGGATATGTG,1
CGCATCTAACAGATAG,1
CGCGAACATACATAAC,1
CGCGACAACCTTCCGG,1
CGCGACACCCTTCCGC,1
CGCGACATCCTTCCGG,1
CGCGACGCCCTTCCGG,1
CGCGAGACCCTTCCGG,1
CGCGGGCTAATGTCTC,1
CGCTACACCCTTCCGG,1
CGCTGAATTAAGTATG,1
CGGAAAATGTAAATGA,1
CGGAACACGTCCCAGT,1
CGGAACCTAGATGGTA,1
CGGAACCTAGGTGGTA,1
CGGAACCTCGTTGTCT,1
CGGACAGTGTAATCGA,1
CGGACCCAAGATGGTA,1
CGGACCCGAGAGGGGA,1
CGGACCCTACATGGTA,1
CGGACCCTAGATAGTT,1
CGGACCCTAGATCGTA,1
CGGACCCTAGATGGAA,1
CGGACCCTAGATGGTG,1
CGGACCCTAGGTGGTA,1
CGGACCCTCGTTGTCT,1
CGGACCTTAGATGGTA,1
CGGACCTTATATGGTA,1
CGGAGGGATTCAACTC,1
CGGATCCTAGATGGTA,1
CGGCAAGGGAATCAAA,1
CGGCCAGGGAAGCAAA,1
CGGCCAGGGAATCAAT,1
CGGCCAGGGAGTCAAA,1
CGGCCAGGTAATCAAA,1
CGGCCATGGAATCAAA,1
CGGCGAGGGAATCAAA,1
CGGCGCACGTTTAGAG,1
CGGCTAGGGAATCAAA,1
CGGGAAACGTAAATGA,1
CGGGAAAGGTAAATGA,1
CGGGAAATGTAAAGGA,1
CGGGAAATTTAAATGA,1
CGGGAACAGACAGAAC,1
CGGGAACATACATGAC,1
CGGGAACATACGTAAC,1
CGGGAACGTACATAAC,1
CGGGAATCTCACATAC,1
CGGGACACCCTTCCGG,1
CGGGAGCATACATAAC,1
CGGGAGGCCTGGCCCC,1
CGGGCCCTAGATGGTA,1
CGGGGAAAAGATTGTA,1
CGGGGAATGTAAATGA,1
CGGGGACAACATTGTA,1
CGGGGACAAGATCGTA,1
CGGGGACAAGATGGGA,1
CGGGGACAAGATGGTG,1
CGGGGACAAGATTGCA,1
CGGGGACAAGATTGTT,1
CGGGGACAAGATTTTA,1
CGGGGACAATATTGTA,1
CGGGGACATACATAAC,1
CGGGGATCTCCCATAC,1
CGGGTACAAGATTGTA,1
CGGTAACATACATAAC,1
CGGTCAGGACTCATCT,1
CGGTCAGGGAATCAAA,1
CGGTCGGAACTCATCT,1
CGGTCGGGACTCAACT,1
CGGTCGGGACTCAGCT,1
CGGTCGGGACTCATAC,1
CGGTCGGGACTCATCC,1
CGGTCGGGACTCATCG,1
CGGTCGGGGCTCATCT,1
CGGTGGGGACTCATCT,1
CGTAAAAGACTGTATA,1
CGTACAGAGTTTGTTG,1
CGTACAGCGTAATCGA,1
CGTACAGTGCAATCGA,1
CGTACAGTGGAATCGA,1
CGTACAGTGTAATCAA,1
CGTACAGTGTAATCGT,1
CGTACAGTGTAATTGA,1
CGTACAGTGTGATCGA,1
CGTACAGTTTAATCGA,1
CGTACCACAGACACGT,1
CGTACGGTGTAATCGA,1
CGTACGTATGTCCTAG,1
CGTACTTTACGAGACA,1
CGTAGAGTGTAATCGA,1
CGTAGGTATTACATGC,1
CGTCGGCTCTTGATTA,1
CGTGAAATGTAAATGA,1
CGTGAACCCTTCAGCA,1
CGTGACCACCTCCAAC,1
CGTGACCCCCACCAAC,1
CGTGACCCCCCCCAAC,1
CGTGACCCCCTCCAAA,1
CGTGGAGCGCCCTTAC,1
CGTGTAAACTTCAGCA,1
CGTGTACCCCTCCAAC,1
CGTGTACCCGGCAGCA,1
CGTGTACCCTGCAGCA,1
CGTGTACCCTTCAGGA,1
CGTGTACCCTTCATCC,1
CGTGTACCCTTCTGCA,1
CGTGTACCTTTCAGCA,1
CGTGTACGCTTCAGCA,1
CGTGTGAATTCGCCCA,1
CGTTAACGGACTATCC,1
CGTTAACGGCCTATCT,1
CGTTACCCCCTCCAAC,1
CGTTCAGCGACAACGG,1
CGTTCAGCGATAAAGA,1
CGTTCAGCGATAATGG,1
CGTTCAGCGGTAACGG,1
CGTTGTAATCTGAATA,1
CGTTTGTGGTTCGAGG,1
CGTTTTGGGTTCGAGG,1
CGTTTTTTGTTCGAGG,1
CTAAAATAATTGGCGC,1
CTAAACTTATCTGTGG,1
CTAACACAAAAAATTA,1
CTAAGCTGCCAATAAG,1
CTAAGCTTCATGGAGT,1
CTAATCTAAGTATCAA,1
CTAATGTAAGGAGTGA,1
CTAATTCAAGTATCAA,1
CTAATTTAAATATCAA,1
CTAATTTAAGCATCAA,1
CTAATTTAAGTATCAT,1
CTAATTTAAGTATCTA,1
CTAATTTAGGTATCAA,1
CTACCCAGTTCCTGCG,1
CTACGGCTCTTGATTA,1
CTACTTAACAGACGTA,1
CTAGAAACCGTTTGTA,1
CTAGAACTGCGGCCCC,1
CTAGAATCGCAAATTA,1
CTAGAGGCCTGGCCCC,1
CTAGCACAGCATAGGC,1
CTAGCACAGCGCAGGC,1
CTAGCACAGCGGAGGC,1
CTAGCACAGCGTGGGC,1
CTAGCACAGTGTAGGC,1
CTAGGACAGCGTAGGC,1
CTAGGATATATGGCTG,1
CTATAAAAAACTTAGT,1
CTATAAACCCTTTGTA,1
CTATAAACCGTTTATA,1
CTATAAACCGTTTGCA,1
CTATAAACCGTTTGTG,1
CTATAAACCGTTTTTA,1
CTATATCGCCCGGAAT,1
CTATATCGCCCTGAAG,1
CTATATGGCCCGGAAG,1
CTATATTGCCCCGAAG,1
CTATATTGCCCGGAAA,1
CTATATTGCCCGGAAT,1
CTATATTGCCCGGAGG,1
CTATATTGCCCGGATG,1
CTATATTGCCCGGGAG,1
CTATATTGCCCTGAAG,1
CTATATTGCGCGGAAG,1
CTATCTAACAGACGTA,1
CTATCTTAATCCACCG,1
CTATCTTAATCTACCG,1
CTATCTTAATCTATAG,1
CTATCTTAATCTGCAG,1
CTATTAGAAATACATA,1
CTATTCGCCGTTCCCC,1
CTATTTAACAGACATA,1
CTATTTAACAGACCTA,1
CTATTTAACAGACGCA,1
CTATTTAACAGACGTT,1
CTATTTAACAGAGGTA,1
CTATTTAGCAGACGTA,1
CTATTTTAATCTACAG,1
CTATTTTGCCCGGAAG,1
CTCAAACAATTGGCGC,1
CTCAAATAAGTGGCGC,1
CTCAAATAATTGGCGT,1
CTCAAATAATTGGCTC,1
CTCAAATAATTGGTGC,1
CTCAAATAATTGTCGC,1
CTCAATGTCATAGGAT,1
CTCAATGTCGTAGGAA,1
CTCAATGTCGTAGGGT,1
CTCAATGTCGTAGGTT,1
CTCAGGTATTATATGC,1
CTCCTAGGGGAAGATT,1
CTCCTAGGGGATGATT,1
CTCGAGGCCTGGCCCC,1
CTCTGCGCGGCTCGGG,1
CTCTTACGATCCTACG,1
CTCTTACGCTCCTAAG,1
CTCTTATGCTCCTACG,1
CTCTTCTAGTACGCTT,1
CTGAAATTGTCGATAT,1
CTGAACCTATCTGTGG,1
CTGAACCTGTCGATAT,1
CTGAACTCATCTGTGG,1
CTGAACTCGTCGATAT,1
CTGAACTTATCTGGGG,1
CTGAACTTATCTGTAG,1
CTGAACTTATCTGTGC,1
CTGAACTTATCTGTGT,1
CTGAACTTATGTGTGG,1
CTGAACTTGGCGATAT,1
CTGAACTTGTCAATAT,1
CTGAACTTGTTGATAT,1
CTGAACTTTTCGATAT,1
CTGAAGTTGTCGATAT,1
CTGAATTTGTCGATAT,1
CTGACAGAATACTAGA,1
CTGAGAGATTCAACTC,1
CTGAGCTGCAAATAAG,1
CTGAGCTGCCAATGAG,1
CTGAGCTGCCAGTAAG,1
CTGAGCTTATCTGTGG,1
CTGAGGAATTCAACTC,1
CTGAGGGAGTCAACTC,1
CTGAGGGATACAACTC,1
CTGAGGGATTAAACTC,1
CTGAGGGATTCAAATC,1
CTGAGGGATTCAACGC,1
CTGAGGGATTCAACTA,1
CTGAGGGATTCAGCTC,1
CTGAGGGTTTCAACTC,1
CTGAGGTATTATATGC,1
CTGAGGTATTCAACTC,1
CTGATTTAAGTATCAA,1
CTGCAATTGAAACATA,1
CTGCGCACGTTTAGAG,1
CTGCTCCACGGACGCC,1
CTGGACCTGCAGTTGA,1
CTGGAGGCCCGGCCCC,1
CTGGAGGCCTGGCCAC,1
CTGGAGGCCTGGCCCT,1
CTGGAGGCCTGGCGCC,1
CTGGAGGCCTTGCCCC,1
CTGGAGGCTTGGCCCC,1
CTGGAGGTCTGGCCCC,1
CTGGCCCACGGGCATA,1
CTGGCTCTAGAGCTCT,1
CTGGTATCAAGCCGGG,1
CTGTACCTGCACTTGA,1
CTGTACCTGCAGCTGA,1
CTGTACCTGCAGTTCA,1
CTGTACCTGGAGTTGA,1
CTGTACTTATCTGTGG,1
CTGTAGCTGCAGTTGA,1
CTGTATCTGCAGTTGA,1
CTGTCGGGACTCATCT,1
CTGTCGTAATCTACAG,1
CTGTTTAACAGACGTA,1
CTTAAAGAATACTAGA,1
CTTAACTTGTCGATAT,1
CTTAATGTCGTAGGAT,1
CTTACAAAATACTAGA,1
CTTACAGAACACTAGA,1
CTTACAGAAGACGAGA,1
CTTACAGAATAATAGA,1
CTTACAGAATACTAAA,1
CTTACAGAATACTAGT,1
CTTACAGAATATTAGA,1
CTTACAGTGTAATCGA,1
CTTACATAATACTAGA,1
CTTACGTATTATATGC,1
CTTACTGCGAGAGAGT,1
CTTACTGCGCGAGAAT,1
CTTACTGCTCGAGAGT,1
CTTACTGTGCGAGAGT,1
CTTAGAGAATACTAGA,1
CTTAGATATTATATGC,1
CTTAGCTATTATATGC,1
CTTAGGTATGACATGC,1
CTTAGGTATGATATGC,1
CTTAGGTATTACATTC,1
CTTAGGTATTAGATGC,1
CTTAGGTATTATACGC,1
CTTAGGTATTATAGCG,1
CTTAGGTGTTACATGC,1
CTTAGGTGTTATATGC,1
CTTATAGAATACTAGA,1
CTTATATCGAGATTCA,1
CTTCAGCGTTGTTTTG,1
CTTCAGCTCTTGATTA,1
CTTCGGCTCTTAATTA,1
CTTCGGCTTTTGATTA,1
CTTCGGGTCTTGATTA,1
CTTCGGTTCTTGATTA,1
CTTCGTGATACTCACA,1
CTTGGGCTCTTGATTA,1
CTTTAAAATATAGTCT,1
CTTTAAATCATAGTCT,1
CTTTAAATTAGAGTCT,1
CTTTAAATTATAGTAT,1
CTTTAAGTTATAGTCT,1
CTTTGCTAGTACGCTT,1
CTTTTCAAGTACGCTT,1
CTTTTCTAATACGCTT,1
CTTTTCTAGTAAGCTT,1
CTTTTCTAGTACGATT,1
CTTTTCTAGTACGCGT,1
CTTTTCTAGTACGCTC,1
CTTTTCTAGTGCGCTT,1
GAAAAAAGGGACATAT,1
GAAAAAGCCTCCATGA,1
GAAACGAGGTGTAACC,1
GAAAGACCCGTGCAAT,1
GAAAGCCCCATGCAAT,1
GAAAGCCCCGCGCAAT,1
GAAAGCCCCGGGCAAT,1
GAAAGCCCCGTGCGAT,1
GAAAGCCCTGTGCAAT,1
GAAAGCTGCAGAAGCG,1
GAAAGTCACTATGATG,1
GAAAGTCCCTAAGATG,1
GAAAGTCCCTATGATT,1
GAAATCCCAAAATAAC,1
GAAATCCCCAAATAGC,1
GAAATCCCCGTGCAAT,1
GAAATGCTGCTGAAGT,1
GAACAAACCTGCAAAT,1
GAACAATAGAACAGAG,1
GAACCCTTGTAAGATG,1
GAACGCCATCGACTTC,1
GAAGAAACTACAACCA,1
GAAGAAACTAGAACCA,1
GAAGAAACTATGACCA,1
GAAGAAACTGTAACCA,1
GAAGAACTGCGGCCCC,1
GAAGATACTAGGACCA,1
GAAGCACGCTGAATGA,1
GAAGCGCGTATTGAGT,1
GAAGGGATACGTCACC,1
GAAGGGTAGAGATACG,1
GAAGGTCCCTATGATG,1
GAAGTACGATCTACGC,1
GAAGTACGCCGAATGA,1
GAAGTACGCGGAATGA,1
GAAGTACGCTGAATTA,1
GAAGTACGCTGGATGA,1
GAAGTACGTTGAATGA,1
GAAGTACTGCTGAAGT,1
GAAGTCCGTATTGAGT,1
GAAGTGCGCATTGAGT,1
GAAGTGCGTATCGAGT,1
GAAGTGCGTATTGAAT,1
GAAGTGCGTATTGATT,1
GAAGTGCTACTGAAGT,1
GAAGTGCTGCATTAGG,1
GAAGTGCTGCCGAAGT,1
GAAGTGCTGCTGAGGT,1
GAAGTGCTGCTTAAGT,1
GAAGTGCTGGTGAAGT,1
GAAGTGCTTATTGAGT,1
GAAGTGTGTAGTGAGT,1
GAATAAACTATAACCA,1
GAATAAGCCAGCAAGA,1
GAATAATAGAACAAAG,1
GAATAATAGAACAGAA,1
GAATAATAGAACAGAT,1
GAATAATAGAACAGCG,1
GAATAATAGAACCGAG,1
GAATAATAGAAGAGAG,1
GAATAATAGAGCAGAG,1
GAATAATAGATCAGAG,1
GAATAATAGGCGGCAT,1
GAATGAGGAAGATGCG,1
GAATGTTTAATAGACG,1
GAATTGCTGCTGAAGT,1
GACAAAAGAGACATAT,1
GACAAAAGGAACATAT,1
GACAAAAGGGACAGAT,1
GACAAAAGGGACATGT,1
GACAAAAGGGACGTAT,1
GACAAAAGGGATATAT,1
GACAAAAGGGGCATAT,1
GACAAAAGGTACATAT,1
GACAAGAGAGGGGTCC,1
GACCCATTGTAAGATG,1
GACCCCCTGTAAGATG,1
GACCCCTTGTAAAATG,1
GACCCCTTGTGAGATG,1
GACCGCCATCGACTTC,1
GACCTTGGGGAGAGTC,1
GACGAAAGGGACATAT,1
GACGGAATGGGCACGT,1
GACGGGAGGGGCACGG,1
GACGGGAGGGGCACGT,1
GACGGGATGAGCACGT,1
GACGGGATGGGCAAGT,1
GACGGGATGGGCACAT,1
GACGGGATGGGCACGG,1
GACGGGATGGGTACGT,1
GACGGGATTGGCACGT,1
GACGGGGTGGGCACGT,1
GACGTGATGGGCACGT,1
GACTAATGCCGTTGGC,1
GACTAGATGTACAGTC,1
GACTGGATGGGCACGT,1
GACTTTGCGCGCAGTC,1
GAGAACCTCGTTGTCT,1
GAGAAGACTTTGTGAT,1
GAGAGCGAGAAAAGCA,1
GAGAGCTCGTATCCCT,1
GAGAGCTGCAGAAGCA,1
GAGAGCTGCAGAAGGG,1
GAGAGCTGCAGAATCG,1
GAGAGCTGCAGAGGCG,1
GAGAGCTGGAGAAGCG,1
GAGAGCTGTAGAAGCG,1
GAGAGGGATTCAACTC,1
GAGAGGTGCAGAAGCG,1
GAGAGTCCCTATGATG,1
GAGCACGCAGAAAAAG,1
GAGCATGGGCGGAAAG,1
GAGCCCAGCGGGTGAT,1
GAGCCCTTGTAAGATG,1
GAGCGGATACGTCACC,1
GAGCGGTAGAGATACG,1
GAGCTGATAGTAACTC,1
GAGCTTGCCATGGATC,1
GAGCTTGCTATGAATC,1
GAGCTTGCTATGGACC,1
GAGCTTGCTATGTATC,1
GAGCTTGGGGAGAGTC,1
GAGGAAACTATAACCA,1
GAGGAGTAGAGATACG,1
GAGGGATAGAGATACG,1
GAGGGATTGGAGAAAC,1
GAGGGCTAGAGATACG,1
GAGGGGAGACGGCACC,1
GAGGGGATAAGTCACC,1
GAGGGGATACATCACC,1
GAGGGGATACGGCACC,1
GAGGGGATACGTCGCC,1
GAGGGGCAGAGGTACG,1
GAGGGGCCTCATAATG,1
GAGGGGCTACGTCACC,1
GAGGGGGAGGGATACG,1
GAGGGGTAAAGATACG,1
GAGGGGTAGAAATACG,1
GAGGGGTAGAGATACC,1
GAGGGGTAGTGATACG,1
GAGGGGTATAGATACG,1
GAGGGGTGCGGTGATG,1
GAGGGGTTAAGTTGTG,1
GAGGGTATACGTCACC,1
GAGGGTGGGTTTAGAG,1
GAGGTGATACGTCACC,1
GAGGTGCGTATTGAGT,1
GAGTAATAGAACAGAG,1
GAGTATTGCTACACAT,1
GATAAAAGGGACATAT,1
GATAGCCACTGATAAG,1
GATCAAGCAGAAAAAG,1
GATCACGAAGAAAAAG,1
GATCACGCAAAAAAAG,1
GATCACGCAGAAAAAC,1
GATCACGCAGAAAACG,1
GATCACGTAGAAAAAG,1
GATCACTCAGAAAAAG,1
GATCAGGCAGAAAAAG,1
GATCATGCAGAAAAAG,1
GATCCAGATGCCCACC,1
GATCCATCTCAGATCG,1
GATCCCCATCGACTTC,1
GATCGACATCGACTTC,1
GATCGCCACTGAGAAG,1
GATCGCCACTGATAGG,1
GATCGCCACTTATAAG,1
GATCGCCAGCGACTTC,1
GATCGCCATCAACTTC,1
GATCGCCATCGACCCC,1
GATCGCCATCGACTGC,1
GATCGCCATTGACTTC,1
GATCGCCGTCGACTTC,1
GATCGCCTTCGACTTC,1
GATCGTCATCGACTTC,1
GATCGTGGGGAGAGTC,1
GATCTAGGGGAGAGTC,1
GATCTCGCAGAAAAAG,1
GATCTCGGGGAGAGTC,1
GATCTTGAGGAGAGTC,1
GATCTTGGCGAGAGTC,1
GATCTTGGGGAGATTC,1
GATCTTGGGGAGTGTC,1
GATCTTGGGGATAGTC,1
GATCTTTGGGAGAGTC,1
GATGAAGAGGAGTGCG,1
GATGACGCAGAAAAAG,1
GATGGGAATTGCCACT,1
GATGGGATACGTCACC,1
GATTACGCAGAAAAAG,1
GATTCAGATGACCACC,1
GATTCAGATGCACACC,1
GATTCAGATGCCCAAC,1
GATTCAGATGCCCACT,1
GATTCAGATGCCGACC,1
GATTCAGATTCCCACC,1
GATTCGTGAGTACTAG,1
GATTTTGGGGAGAGTC,1
GCAAACACTGTAGTTG,1
GCAAACAGTGTAGTTA,1
GCAAACAGTGTATTTG,1
GCAAACAGTTTAGTTG,1
GCAAACATTGTAGTTG,1
GCAAACGGTGTAGTTG,1
GCAAAGAGGTGTAACC,1
GCAAAGTCTCGAGAAG,1
GCAAAGTTTCATAGCG,1
GCAACACAAAAAATTA,1
GCAACAGTCCAAGCAA,1
GCAACGAAGTGTAACC,1
GCAACGAGGTATAACC,1
GCAACTAGGTGTAACC,1
GCAAGCAGTGTAGTTG,1
GCAATTCGCATGCGGA,1
GCACCCTCAACTCCTA,1
GCACGACTCGACTAAC,1
GCAGACAGTAAATTTT,1
GCAGCGTGCCAGTCAT,1
GCAGCGTGCCGGGCAG,1
GCAGCGTGCCGGTAAT,1
GCAGCGTGCCGGTCAA,1
GCAGCGTGCCGGTCAG,1
GCAGCGTGCCGGTCGT,1
GCAGCGTGCCGGTCTT,1
GCAGCGTGCCGGTTAT,1
GCAGGCGTTAGTGTCA,1
GCAGGGAACTAACTCC,1
GCAGTACGATCTACGC,1
GCATCAGTCCTAGCAA,1
GCATCCGCAACTCCTA,1
GCATCCTCAACTCCGA,1
GCATCCTCAACTCCTG,1
GCATCCTCAATTCCTA,1
GCATCCTCGACTCCTA,1
GCATCCTTAACTCCTA,1
GCATCTTCAACTCCTA,1
GCATGCGCGGCTCGGG,1
GCATGGAACTAACACC,1
GCATGGAACTAACTCG,1
GCATGGAACTAACTCT,1
GCATGGAACTAACTTC,1
GCATGGAACTAAGTCC,1
GCATGGAACTAGCTCC,1
GCATGGAACTGACTCC,1
GCATGGAATTAACTCC,1
GCATGGAGCTAACTCC,1
GCATTGAACTAACTCC,1
GCATTTTCCAATAGGT,1
GCCACACCCCTAGCTA,1
GCCAGCGCGGCTCGGG,1
GCCAGCTAGTATCCCT,1
GCCAGCTCCTATCCCT,1
GCCAGCTCGGATCCCT,1
GCCAGCTCGTATCCTT,1
GCCAGCTCGTATCTCT,1
GCCAGCTCTTATCCCT,1
GCCAGCTGCAGAAGCG,1
GCCAGCTTGTATCCCT,1
GCCAGGTCGTATCCCT,1
GCCAGTTCGTATCCCT,1
GCCATTGCGCGCAGTC,1
GCCATTTACTGAAGGA,1
GCCATTTACTGAAGGT,1
GCCATTTACTGAGGGG,1
GCCATTTACTGGAGGG,1
GCCATTTAGTGAAGGG,1
GCCCCGCTGTTTAAAA,1
GCCGCTGCGGAGTGTG,1
GCCGCTGCGGCGTGGG,1
GCCGCTGCGGTGTGTG,1
GCCGGAGTTAGTGTCA,1
GCCGGCGTGAGTGTCA,1
GCCGGCGTTAGTGCCA,1
GCCGGCGTTAGTGTCT,1
GCCGGTGTGAGTGTCA,1
GCCGTTGTACACACCA,1
GCCTAAACGATCATGA,1
GCCTAAAGGATCAGGA,1
GCCTAAAGGGTCATGA,1
GCCTCTGCGGCGTGTG,1
GCCTGCGTTAGTGTCA,1
GCCTTTGCGAGCAGTC,1
GCCTTTGCGCGCAATC,1
GCCTTTGCGCGCAGGC,1
GCCTTTGCGCGTAGTC,1
GCGAACGAAGGAGGAG,1
GCGAAGCTTCATAGCG,1
GCGAAGTGTCATAGCG,1
GCGAAGTTGCATAGCG,1
GCGAAGTTTAATAGCG,1
GCGAAGTTTCATAGAG,1
GCGAAGTTTCATAGCT,1
GCGAAGTTTCATAGTG,1
GCGAAGTTTCATAGTT,1
GCGAAGTTTTATAGCG,1
GCGAATTTTCATAGCG,1
GCGAGCGAGAAAAGCA,1
GCGCATCCTAGTGACG,1
GCGCGATTGTCCGGAA,1
GCGGATAAATCAGAAC,1
GCGGCTGCGGCGTGTG,1
GCGGGGTAGAGATACG,1
GCTACGAGGCTACGTA,1
GCTACGAGGTGTAACC,1
GCTATTTACTGAAGGG,1
GCTCTGGCTCGCTAAT,1
GCTGGCGTTAGTGTCA,1
GGAAAATCTCAGATAC,1
GGAAGTCCCTATGATG,1
GGACAAACCTGCAAAT,1
GGACCCAGTTCCTGCG,1
GGAGAAACTGGAAAAG,1
GGAGCTAAAAAGAGGA,1
GGATAATAGAACAGAG,1
GGATCCCAGGTCCTTT,1
GGATCTTTGACATTTA,1
GGCAGGGGTATACATA,1
GGCAGGGGTATACGGA,1
GGCCCATCTCAGATCG,1
GGCGACATCGCCCTTT,1
GGCGCAAATTAATGCA,1
GGCGCTGCGGCGTGTG,1
GGCTAAAGGATCATGA,1
GGGACCCTAGATGGTG,1
GGGCAGAGGGGGTTTG,1
GGGCCAGGGAATCAAA,1
GGGCCATCTCAGATCG,1
GGGCCCGTAAGGAATA,1
GGGCCGGAGAAAGTAG,1
GGGGAATCTCCCATAC,1
GGGGGGAACGGGAAGC,1
GGGGGGGAGAGATACG,1
GGGGGGGCACTGCATC,1
GGTACAGTGTAATCGA,1
GGTAGATGGAACACGG,1
GGTATTGTAGGTAATG,1
GGTCCAGCTCAGATCG,1
GGTCCATCCTGGAATG,1
GGTCCATCTCAAATCG,1
GGTCCATCTCAGAGCG,1
GGTCCATCTCAGATAC,1
GGTCCATCTCAGATCC,1
GGTCCATCTCAGATCT,1
GGTCCATCTGAGATCG,1
GGTCGCCATCGACTTC,1
GGTCGTTTAGATAGTT,1
GGTGTGGAAGAGGCGA,1
GGTTAACTGTGGAAGC,1
GGTTAACTTTGGAAGA,1
GGTTAACTTTGGAATC,1
GGTTAACTTTGGATGC,1
GGTTAATTTTGGAGGG,1
GGTTCAGATGCCCACC,1
GGTTCCATAGGCATGG,1
GTAAAACTGCGGCCCC,1
GTAAAATTACGGATGG,1
GTAAACAAAGTTGACC,1
GTAAAGTTACGGATGG,1
GTAACCAAAGTTGACC,1
GTAACTGAGGGCATTG,1
GTAAGCAAAATTGACC,1
GTAAGCAAAGTGGACC,1
GTAAGCAAAGTTCACC,1
GTAAGCAAAGTTGACA,1
GTAAGCAAAGTTGAGC,1
GTAAGCAAAGTTGGCC,1
GTAAGCAAGGTTGACC,1
GTAAGCTGCAGAAGCG,1
GTAAGCTTCATCGAGT,1
GTAAGCTTCATGGAGC,1
GTAAGCTTCATGGATT,1
GTAAGCTTCATTGAGT,1
GTAAGGAAAGTTGACC,1
GTAAGTCGCATGCGGA,1
GTAAGTTTCATGGAGT,1
GTAATTCGCATGAGGA,1
GTAATTCGCATGTGGA,1
GTACAAACATACAAAT,1
GTACAAACATGAAAAT,1
GTACAAACCTGCAAAA,1
GTACAAACCTGCAAAG,1
GTACACAGAACCTATC,1
GTACACGCATGTGCCA,1
GTACCAATCTGCAAAT,1
GTACCCAGTTCCTTCT,1
GTACCCAGTTCGTGCG,1
GTACCCAGTTCTTGCG,1
GTACCCAGTTGCTGCG,1
GTACCGAGTTCCTGCG,1
GTAGAAACTATAACCA,1
GTAGAACGGCGGCCCC,1
GTAGAACTGAGGCCCC,1
GTAGAACTGCAGTTGA,1
GTAGAACTGCGGCCCG,1
GTAGAACTGCGGCCTC,1
GTAGAACTGCGTCCTC,1
GTAGAACTGGGGCCCC,1
GTAGATAATAGGACCA,1
GTAGATACAAGGACCA,1
GTAGATACAGGGACCA,1
GTAGATACTAGGAACA,1
GTAGATACTAGGACCG,1
GTAGATACTAGGAGCA,1
GTAGATACTGGGACCA,1
GTAGTTCGCATGAGGA,1
GTAGTTCGCATGCGGA,1
GTATAAAAAACTTAGT,1
GTATAAAAAGGTGAGT,1
GTATCCAGTTCCTGCG,1
GTATCTTAATCTACAG,1
GTCAAATTACGGATGA,1
GTCAAATTATGGATGG,1
GTCAAATTGCGGATGG,1
GTCAAGCTACGGATGG,1
GTCAAGTCACGGATGG,1
GTCAAGTGACGGATGG,1
GTCAAGTTACAGATGG,1
GTCAAGTTACGGATCG,1
GTCAAGTTACGGATGA,1
GTCAAGTTACGGATGT,1
GTCAAGTTACGTATGG,1
GTCAAGTTAGGGATGG,1
GTCAATGTCGTAGGAT,1
GTCACCGCTAATCCGA,1
GTCATGTTACGGATGG,1
GTCATTATGACTTCAT,1
GTCCGTAAGCATAAAC,1
GTCGCACCCTGGAATG,1
GTCGCATCATGGAAGG,1
GTCGCATCCTAGAATG,1
GTCGCATCCTCGAATG,1
GTCGCATCTTGGAATG,1
GTCGCCGCCAATCCGA,1
GTCGCCGCTAATACGA,1
GTCGCCGCTAATCCAA,1
GTCGCCGCTGATCCGA,1
GTCGCGTCCTGGAATG,1
GTCGGCGTTAGTGTCA,1
GTCGGGATGGGCACGT,1
GTCGTATCAAGCCGGG,1
GTCTCATCCTGGAATG,1
GTGAACGAGAAAAGCA,1
GTGAACTTATCTGTGG,1
GTGAAGTTACGGATGG,1
GTGAATCCTAGTGACG,1
GTGAGAGAGAAAAGCA,1
GTGAGATTGTCCGGAA,1
GTGAGCGAGAAAAACA,1
GTGAGCGAGAAAAGCG,1
GTGAGCGAGAAAGGCA,1
GTGAGCGCGGTAAGAG,1
GTGAGCGGGAAAAGCA,1
GTGAGCTAGAAAAGCA,1
GTGAGGGAGAAAAGCA,1
GTGAGGGATTCAACTC,1
GTGCACCCTAGTGACG,1
GTGCATCCTAGTGACT,1
GTGCATCCTATTGACG,1
GTGCATCCTGGTGACG,1
GTGCGATCGTCCGGAA,1
GTGCGATTGTACGGAA,1
GTGCGATTGTCCTAAA,1
GTGCGATTGTCGGGAA,1
GTGCGATTGTGCGGAA,1
GTGCGATTGTTCGGAA,1
GTGCGGTTGTCCGGAA,1
GTGGCATCCTGGAATG,1
GTGGGATTGTCCGGAA,1
GTGGGCGAGAAAAGCA,1
GTGGTATCAAGCAGGA,1
GTGGTATCAAGCAGGG,1
GTGGTATCAAGCCACT,1
GTGGTATCAAGCCGAT,1
GTGGTATCAAGCCGCG,1
GTGGTATCAAGCCGGC,1
GTGGTATCAATCCGGG,1
GTGGTATCAGGCCGGG,1
GTGTATCAGTCGCGCC,1
GTGTATCCTAGTGACG,1
GTGTATTAGGCGCGTA,1
GTTAGATCGGATACCG,1
GTTAGCAAAGTTGACC,1
GTTAGCGAGAAAAGCA,1
GTTAGGAGGTGTGGTG,1
GTTATTACGACTTCAT,1
GTTATTAGGACTTCAG,1
GTTATTATGAATTAAT,1
GTTATTATGACCTCAT,1
GTTATTATGACGTCAT,1
GTTATTATGAGTTCAT,1
GTTATTATGATTTCAT,1
GTTATTCGCATGCGGA,1
GTTCAGCGTTGTTTTG,1
GTTGAACTGCGGCCCC,1
GTTGATCCGACACGCC,1
GTTGCCGCTAATCCGA,1
GTTGCTCCAACACGCC,1
GTTGCTCCGACAAGCC,1
GTTGCTCCGACACGAC,1
GTTGCTCCGACACGGC,1
GTTGCTCCGACACGTC,1
GTTGCTCCGACAGGCC,1
GTTGCTCCGACATGCC,1
GTTGCTCCGATACGCC,1
GTTGCTGCGCGAGAGT,1
GTTGTTATGACTTCAT,1
GTTTAAATTCGAGGAC,1
GTTTACTCATTATACG,1
TAAAAAGCCAGCAAGA,1
TAAAAAGCCCCCATGA,1
TAAAAAGCCTCAATGA,1
TAAAAAGCCTCCACGA,1
TAAAAAGCCTCCATGG,1
TAAAAAGCCTCCATTA,1
TAAAAAGCCTCCGTGA,1
TAAAAAGCCTCCTTGA,1
TAAAAAGCGTCCATGA,1
TAAAAAGTCTCCATGA,1
TAAAAGAGAGGGGTCC,1
TAAAAGCAGCACGATA,1
TAAAAGGCCTCCATGA,1
TAACAATGTCATTTGA,1
TAACCTGCAAGCCACT,1
TAACGAATTTGATTCC,1
TAACGACTCGACTAAC,1
TAACGTCATTTCTCGA,1
TAACGTGATACTCACA,1
TAACGTGATCTCTCGA,1
TAACGTGATTTATCGA,1
TAACGTGATTTCTCGT,1
TAACGTGATTTGTCGA,1
TAACGTGATTTTTCGA,1
TAACGTGGTTTCTCGA,1
TAACTTCAACTAAAAA,1
TAACTTGATTTCTCGA,1
TAAGAAACTATAACCA,1
TAAGAAGCCAGCAAGA,1
TAAGTACGCTGAATGA,1
TAATAAGAGAAGTGCG,1
TAATAAGCCAACAAGA,1
TAATAAGCCACCAAGA,1
TAATAAGCCAGAAAGA,1
TAATAAGCCAGCAAGT,1
TAATAAGCCAGCAATA,1
TAATAATAGAACAGAG,1
TAATGTGATTTCTCGA,1
TACAAATGTCATTTGA,1
TACAAGAGAGGGGTAC,1
TACAAGAGATGGGTCC,1
TACAAGAGGGGGGTCC,1
TACAGAAGTCCATGTA,1
TACAGACAATAAAAAA,1
TACATAACGACGCAGT,1
TACATACCAACGCAGT,1
TACATACCGAAGCAGT,1
TACATACCGACGAAGT,1
TACATACCGACGCAGC,1
TACATACCGAGGCAGT,1
TACATCAAGTTGGTGC,1
TACATGCTGCGGAACG,1
TACCAACGTCATTTGA,1
TACCAATCTCATTTGA,1
TACCAATGCCATTTGA,1
TACCAATGTCATTCGA,1
TACCAATGTCATTGGA,1
TACCAATGTCGTTTGA,1
TACCACCCCAGAGATG,1
TACCCAGCAAGCCACT,1
TACCCTGCAAGACCCC,1
TACCCTGCAAGCCATT,1
TACCCTGCAAGCTACT,1
TACCCTGCAAGTCACT,1
TACCCTTCAAGCCACT,1
TACCGCGCCGAGCACC,1
TACCGTGCAAGCCACT,1
TACCTAGGATCGCACT,1
TACCTGCTGCAGAACG,1
TACCTGCTGCGAAACG,1
TACCTGCTGCGGAAAG,1
TACCTGCTGCGGAACA,1
TACCTGCTGCGTAACG,1
TACCTGTTGCGGAACG,1
TACGCCGCAAGCCACT,1
TACGGGCTAATGTCTC,1
TACGGTGGTCGATCCG,1
TACGGTTCCGACTAAG,1
TACTAATACCGTTGTC,1
TACTAATGCCGCTGTC,1
TACTAATGCCGTAGGC,1
TACTAATGCCGTCGTC,1
TACTAATGCCGTGGGC,1
TACTAATGCCGTTCTC,1
TACTAATGCCGTTGGC,1
TACTAATTCCGTTGTC,1
TACTAGCAATGAAATC,1
TACTGATAACAATGCG,1
TACTGATAACCCTACG,1
TACTGATAACGCTGCG,1
TACTGATAAGCCTGCG,1
TACTGATGACCCTGCG,1
TACTGCGCGGCTCGGG,1
TACTGCGTTCATCGAT,1
TACTTGCTGCGGAACG,1
TAGAAAGCCTCCATGA,1
TAGACTCACCGAATAA,1
TAGATTACTAGCCGGA,1
TAGATTGATTGAAGTT,1
TAGCATCAGCACCTAG,1
TAGCATGGGCGGAAAG,1
TAGCATTATCGGAAAG,1
TAGCATTGCCGGAAAG,1
TAGCATTGTCCGAAAG,1
TAGCATTGTCGGAACG,1
TAGCATTGTCGGCAAG,1
TAGCATTGTCGTAAAG,1
TAGCTGAGAGTAACTC,1
TAGCTGATACTAACTC,1
TAGCTGATAGGAACTC,1
TAGCTGATAGTAACCC,1
TAGCTGATAGTAACTT,1
TAGCTGATAGTGACTC,1
TAGCTGATGGTAACTC,1
TAGCTTATAGTAACTC,1
TAGCTTGCTATGGATC,1
TAGGGGTAGAGATACG,1
TAGGTCGTATCCACAG,1
TAGTATCAGTCGCGCC,1
TAGTATTGCTACACAT,1
TAGTATTGTCGGAAAG,1
TAGTCGCACTACTGCT,1
TATAAATCTCGCGGCA,1
TATAATCACGGAGGAT,1
TATACAAGGGACGGAC,1
TATACTAACGGAGGAT,1
TATACTCACAGAGGAT,1
TATACTCACGAAGGAT,1
TATACTCACGGAGAAT,1
TATACTCACGGAGCAT,1
TATACTCACGGAGGAG,1
TATACTCACGGAGGGT,1
TATACTCACGGAGGTT,1
TATACTCACGGAGTAT,1
TATACTCACGGTGGAT,1
TATACTCACGTAGGAT,1
TATATCGTATCCACAG,1
TATATTAGTGACATAA,1
TATATTCACGGAGGAT,1
TATCAAGAGAAGTGCG,1
TATCCAAGGGACAGAC,1
TATCCAAGGGACGGAA,1
TATCCAAGGGACGGAT,1
TATCCAAGGGACGGGC,1
TATCGCCACTGATAAG,1
TATGAAGAGAAGTGCG,1
TATGCCTAACTAGCGA,1
TATGGAAACGATCCCC,1
TATGGCGTATCCACAG,1
TATGGGAATTGCCACT,1
TATGTCGTATCGACAG,1
TATGTCGTATCTACAG,1
TATGTCGTATGCACAG,1
TATGTCGTGTCCACAG,1
TATGTTAGTAACATAA,1
TATTAAGACGCGCAAG,1
TATTAAGAGAAGAGCG,1
TATTAAGAGAAGGGCG,1
TATTAAGAGAAGTGCT,1
TATTAAGAGAAGTGGG,1
TATTAAGAGAATTGCG,1
TATTAAGCCAGCAAGA,1
TATTAATGCCGTTGTC,1
TATTACTCCTCGTATG,1
TATTAGAGTGAACGAT,1
TATTAGGAGAAGTGCG,1
TATTCAGATGCCCACC,1
TATTCCTAACTAGCAA,1
TATTCCTAACTAGGGA,1
TATTGAGACGCGCAAG,1
TATTGAGCCAGTCTGA,1
TATTGATAACCCTGCG,1
TATTTACCACTGCATC,1
TATTTCGTATCCACAG,1
TCAACACCCCTAGCTA,1
TCAAGCGGGGGCTAAA,1
TCAATCGGGGGCTAGA,1
TCAATCGGGGGCTGAA,1
TCAATCGGGGTCTAAA,1
TCAATCGGGTGCTAAA,1
TCACGACGCGACTAAC,1
TCACGACTAGACTAAC,1
TCACGACTCGACGAAC,1
TCACGACTCGACTAAT,1
TCACGACTCGACTAGC,1
TCACGGCTCGACTAAC,1
TCACGGGTTGGCTGTA,1
TCACTTCAACTAAAAA,1
TCAGGGGTGGACGAGA,1
TCATCTGTGACATTGC,1
TCATGACTCGACTAAC,1
TCATGGCTGTACGAGA,1
TCATGGGGGTACGAGA,1
TCATGGGTCTACGAGA,1
TCATGGGTGTACCAGA,1
TCATGGGTGTACGACA,1
TCATGGGTGTACGCGA,1
TCATGGGTGTACGTGA,1
TCATGGGTTTACGAGA,1
TCATGGTTGTACGAGA,1
TCATTTTCCAATAGGT,1
TCCAAACCCCTAGCTA,1
TCCAGCAATGAGTTGT,1
TCCAGCACGGTAAGAG,1
TCCAGCCCGGTAAGAG,1
TCCAGCGCCGTAAGAG,1
TCCAGCGCGGTAAGCT,1
TCCAGCGCGGTAGGAG,1
TCCCCCGGAGCTTGGC,1
TCCGAATGAATCATCC,1
TCCGTGACGGGGGTTG,1
TCCTCGCACTACTGCT,1
TCCTGACATAGCGATG,1
TCCTGCGCGGTAAGAG,1
TCCTGGGTGTACGAGA,1
TCCTGTCCAGACTCGT,1
TCCTTTACGGATCTCT,1
TCGAAAAAATCATAAA,1
TCGAACAAAGTAGGAG,1
TCGAACGAAGTAGGAA,1
TCGAACGAAGTAGGGG,1
TCGAACGAAGTAGTAG,1
TCGAACTAAGTAGGAG,1
TCGAAGTTTCATAGCG,1
TCGACTCACCGAATAA,1
TCGAGCGCGGTAAGAG,1
TCGAGTTAATATGAGC,1
TCGAGTTAATATGCCC,1
TCGAGTTAATATGCGG,1
TCGAGTTAATATTCGC,1
TCGAGTTAATGTGCGC,1
TCGAGTTAGTATGCGC,1
TCGAGTTGATATGCGC,1
TCGATTAATAGCCGGA,1
TCGATTACTAGCCGAA,1
TCGATTACTAGCCGCA,1
TCGATTACTAGCCGGT,1
TCGATTACTAGCCGTA,1
TCGATTACTAGCGGGA,1
TCGATTACTGGCCGGA,1
TCGCAATTGAAACATA,1
TCGCATTAGCGGGAGG,1
TCGCCTCAACTAAAAA,1
TCGCTGCAACTAAAAA,1
TCGCTTCAACGAAAAA,1
TCGCTTCAACTAAAAG,1
TCGCTTCAACTAGAAA,1
TCGCTTCACCTAAAAA,1
TCGCTTCGACTAAAAA,1
TCGCTTTAACTAAAAA,1
TCGGACGAAGTAGGAG,1
TCGGGCACTAAATTAA,1
TCGGTTACTAGCCGGA,1
TCGTATCAGTCGCGCC,1
TCGTATGATTTTCGAG,1
TCGTCCATTGGGAACT,1
TCGTCCGCTGGGAACT,1
TCGTCCGCTTCATGCT,1
TCGTCCGTTGCGAACT,1
TCGTCCGTTGGGAACA,1
TCGTCCGTTGGGAAGC,1
TCGTCCGTTGGGAATT,1
TCGTCCGTTGTGAACT,1
TCGTCGAACTACTGCT,1
TCGTCGCACTACCGCT,1
TCGTCGCACTACGGCT,1
TCGTCGCACTACTCCT,1
TCGTCGCGCTACTGCT,1
TCGTCGTACTACTGCT,1
TCTAACGAAGTAGGAG,1
TCTAACTCCCGCGGCA,1
TCTAACTCTCACGGCA,1
TCTAACTCTCCCGGCA,1
TCTAACTCTCGCAGCA,1
TCTAACTCTCGCGGCG,1
TCTAACTCTCGCGGCT,1
TCTAACTCTCGCGGTA,1
TCTAAGAGTGAACGAT,1
TCTACACCCCTAGCTA,1
TCTACGAGGCTACGTA,1
TCTAGTTAATATGCGC,1
TCTATATCCAACACCA,1
TCTCAACTCTTAGCCG,1
TCTCAGCTCGTAGCCG,1
TCTCAGCTCTTAGTCG,1
TCTCGTGATACTCACA,1
TCTCTACCACTGCATC,1
TCTGGAAAAGATCCCC,1
TCTGGAAACAATCCCC,1
TCTGGAAACGATCACC,1
TCTGGAAACGATCCAC,1
TCTGGAAACGATCCCA,1
TCTGGAAACGATCTCC,1
TCTGGAAACGGTCCCC,1
TCTGGAAACTATCCCC,1
TCTGGAAGCGATCCCC,1
TCTGGGAACGATCCCC,1
TCTGTACCACTGCATC,1
TCTGTCTAGAAATTTT,1
TCTTACTCCTCGTATG,1
TCTTAGAGGGAACGAT,1
TCTTAGAGTGAACAAT,1
TCTTAGAGTGAACGAC,1
TCTTAGAGTGAGCGAT,1
TCTTAGTCATCGTATG,1
TCTTAGTCCGCGTATG,1
TCTTAGTCCTCATATG,1
TCTTAGTCCTCGTAAG,1
TCTTAGTCCTCGTAGG,1
TCTTAGTCCTGGTATG,1
TCTTATTAGACGGCAT,1
TCTTATTAGGCGGCAG,1
TCTTATTAGGCGGTAG,1
TCTTATTAGGGGGCAT,1
TCTTATTCCTCGTATG,1
TCTTATTTGGCGGCAT,1
TCTTCACCACTGCATC,1
TCTTGAAATAGCGATG,1
TCTTGACATAGCGACG,1
TCTTGACATAGCGGTG,1
TCTTGACATAGCTATG,1
TCTTGACATATCGATG,1
TCTTGATATAGCGATG,1
TCTTGGCATAGCGATG,1
TCTTTACATATCGATG,1
TCTTTACCACTCCATC,1
TCTTTACCACTGCAAC,1
TCTTTACCACTGCATA,1
TCTTTACCACTGCATT,1
TCTTTACCACTGCGTC,1
TCTTTACCACTGGATC,1
TCTTTACCACTTCATC,1
TCTTTATCACTGCATC,1
TCTTTGCCACTGCATC,1
TGAACCTCAGACACGT,1
TGAATCGGGGGCTAAA,1
TGACAAAAATGCAAAT,1
TGACAACAACACAAAT,1
TGACAACAATACAAAG,1
TGACAACAATATAAAT,1
TGACAAGAATACAAAT,1
TGACAGCAATACAAAT,1
TGACCTGTGACATTGC,1
TGACCTTTTACATTTA,1
TGACGAAGTTGATTCC,1
TGACGTGATTTCTCGA,1
TGAGCTTTTACATTTA,1
TGAGTTCATAGCTCCG,1
TGAGTTCATAGCTCCT,1
TGAGTTCATAGTTCCA,1
TGATCCTTTACATTTA,1
TGATCGTTGACATGTA,1
TGATCTGTGACACTGC,1
TGATCTGTGACATTAC,1
TGATCTGTGACATTGA,1
TGATCTGTGACATTGT,1
TGATCTGTGGCATTGC,1
TGATCTGTTACATTTA,1
TGATCTTCTACATTTA,1
TGATCTTTACGAAAAA,1
TGATCTTTGACATTGC,1
TGATCTTTGACATTTA,1
TGATCTTTTAAATTTA,1
TGATCTTTTACATTAA,1
TGATCTTTTATATTTA,1
TGATGAGCCAGTCTGA,1
TGCAATGGTATACATA,1
TGCAGCATTGGTCGCC,1
TGCAGCGCGGTAAGAG,1
TGCAGTAGTATACATA,1
TGCAGTGGTATACATG,1
TGCAGTGGTATACGTA,1
TGCAGTGGTATAGATA,1
TGCATAGGGATATGTG,1
TGCATTGGTATACATA,1
TGCCAATGTCATTTGA,1
TGCCATTCCGGCGCGG,1
TGCCCTGCAAGCCACT,1
TGCCGTGGTCGATCCG,1
TGCGGCGTTAGTGTCA,1
TGCGGGGGGCGATCCG,1
TGCGGTGGTCCATCCG,1
TGCGGTGGTCGATACG,1
TGCGGTGGTCGATCCT,1
TGCGGTGGTCGATCTG,1
TGCGGTTGTCGATCCG,1
TGCTATTAGGCGGCAT,1
TGCTATTCCGACGCGG,1
TGCTATTCCGGAGCAA,1
TGCTATTCCGGATCGG,1
TGCTATTCCGGCACGG,1
TGCTATTCCGGCGCCG,1
TGCTATTCCGGCGCGA,1
TGCTATTCTGGCGCGG,1
TGCTATTTCGGCGCGG,1
TGCTCCTGGGGTATCA,1
TGCTGATAACCCTGCG,1
TGCTGTGGTCGATCCG,1
TGCTGTTCCGGCGCGG,1
TGGAAGAGGCGTCACA,1
TGGAATCGGCACCGAT,1
TGGAATCGTAACCGAT,1
TGGAATCGTCACCGAC,1
TGGAATCGTCACCGTT,1
TGGAATCGTCACCTAT,1
TGGAATCGTCACTGAT,1
TGGAATCGTCATCGAT,1
TGGAATCTTCACCGAT,1
TGGAATGGTCACCGAT,1
TGGAATTGTCACCGAT,1
TGGACTCACCGAATAA,1
TGGAGGTTAAGGAGAA,1
TGGAGTGGTATACATA,1
TGGATTACTAGCCGGA,1
TGGCAATTGAAACATA,1
TGGCCCGCTTCATGCT,1
TGGCCCGTAAGGACTA,1
TGGCCGGATAAAGTAG,1
TGGCTCCTGAGTAGGA,1
TGGTATTCCGGCGCGG,1
TGGTCCGCTGCATGCT,1
TGGTCCGCTTAATGCT,1
TGGTCCGCTTCAGGCT,1
TGGTCCGCTTCATGAT,1
TGGTCCGCTTCATGCA,1
TGGTCCGCTTCATTCT,1
TGGTCCGCTTCGTGCT,1
TGGTCCGGTTCATGCT,1
TGGTCGCACTACTGCT,1
TGGTCTGTGACATTGC,1
TGGTTCAGACTCTTGC,1
TGGTTCGCTTCATGCT,1
TGTAAACATGCATTGG,1
TGTAATAGGCGGCACA,1
TGTAATAGGCGTCAAA,1
TGTAATAGGCGTCATA,1
TGTAATAGGTGTCACA,1
TGTAATGGGCGTCACA,1
TGTACGGATAAAGTAG,1
TGTACGTATGTCCCAG,1
TGTAGGTAGAACATAG,1
TGTAGTAGGCGTCACA,1
TGTAGTGGTATACATA,1
TGTATATCCAACACCA,1
TGTATATCGAGATTCA,1
TGTATGTACGGAGGAG,1
TGTATTAGTAACATAA,1
TGTCACAGAACCTATC,1
TGTCCGGAGAAAGGAG,1
TGTCCGGGTAAAGTAG,1
TGTCGAGCCAGTCTGA,1
TGTGGAGCTCCCTTAC,1
TGTGGATCGCCCTTAC,1
TGTGGGAATCTGAATA,1
TGTGGGTTAAGTTGTG,1
TGTGGTGGTCGATCCG,1
TGTGTTGAATAGGCGA,1
TGTGTTGGCTTGGTTA,1
TGTTATTAGGCGGCAT,1
TGTTCAGCGATAACGG,1
TGTTCCATAGGCATGG,1
TGTTGAACCAGTCTGA,1
TGTTGAGCCAGACTGA,1
TGTTGAGCCAGCCTGA,1
TGTTGAGCCATTCTGA,1
TGTTGAGCTAGTCTGA,1
TGTTGATGCATTCCCG,1
TGTTGGGCCAGTCTGA,1
TGTTGTAATATGAATA,1
TGTTGTAATCTGAAGA,1
TGTTGTAATCTGGATA,1
TGTTGTGATCTGAATA,1
TGTTGTGCCAGTCTGA,1
TGTTTTTGGTTCGAGG,1
TTAATCAAGTTGGTGC,1
TTAATGTAGCCGCTAC,1
TTAATTTAAGTATCAA,1
TTACAAATTTGATTCC,1
TTACAACAATACAAAT,1
TTACACAGAACCTATC,1
TTACCTGTAGAGCGCT,1
TTACGTGATACTCACA,1
TTACGTGATTTCTCGA,1
TTAGATACTAGGACCA,1
TTATCACAGCGTAGGC,1
TTATCGGTAGAGCGCT,1
TTATCTATAGAGCGCT,1
TTATCTGCAGAGCGCT,1
TTATCTGTAGAACGCT,1
TTATCTGTAGAGCCCT,1
TTATCTGTAGAGGGCT,1
TTATCTGTAGATCGCT,1
TTATCTGTATAGCGCT,1
TTATCTGTATGGCGCT,1
TTATCTGTTGAGCGCT,1
TTATCTTTAGAGCGCT,1
TTATCTTTTACATTTA,1
TTATGTGTAGAGCGCT,1
TTATTTAACAGACGTA,1
TTATTTGTAGAGCGCT,1
TTCAAAAAATCATAAA,1
TTCAAGTTACGGATGG,1
TTCATATCCAACACCA,1
TTCATCAAGGTGGTGC,1
TTCATCAAGTGGGTGC,1
TTCATCAAGTTAGTGC,1
TTCATCAAGTTGGAGC,1
TTCATCAAGTTGGTAC,1
TTCATCAAGTTGGTTC,1
TTCATCAAGTTGTTGC,1
TTCATCAGGTTGGTGC,1
TTCCGTGATACTCACA,1
TTCCTAGGGGACGATT,1
TTCGGGAACGGGAAGC,1
TTCGGTGGTCGATCCG,1
TTCGTCAAGTTGGTGC,1
TTCTAATGCCGTTGTC,1
TTCTATCAGTCGCGCC,1
TTCTGTCCAGACCCAC,1
TTCTGTCCAGACGCGT,1
TTCTGTCCAGATTCGT,1
TTCTGTCTAGACTCGT,1
TTCTGTTCAGACTCGT,1
TTGAAAAAGTCATAAA,1
TTGAACTTGTCGATAT,1
TTGAAGAAATCATAAA,1
TTGAATCGTCACCGAT,1
TTGACTAACCGAATAA,1
TTGACTCACCTAATAA,1
TTGACTCACTGAATAA,1
TTGACTCGCCGAATAA,1
TTGAGCTGCCAATAAG,1
TTGAGTCACCGAATAA,1
TTGATGTAGCCGCTCC,1
TTGCAATTGAAACAGA,1
TTGCAATTGAAACGTA,1
TTGCACAGAACCTATC,1
TTGCATCCTAGTGACG,1
TTGCGATTGAAACATA,1
TTGCGATTGTCCGGAA,1
TTGCGGAACGGGAAGC,1
TTGCTCCTGAATAGTA,1
TTGCTCCTGACTAGTA,1
TTGCTCCTGAGCAGTA,1
TTGCTCCTGAGGAGTA,1
TTGCTCCTGAGTAATA,1
TTGCTCCTGAGTACTA,1
TTGCTCCTGAGTAGTC,1
TTGCTCCTGAGTGGTA,1
TTGCTCCTGATTAGTA,1
TTGCTCCTGGGTAGTA,1
TTGCTCTTGAGTAGTA,1
TTGGATCAGTCGCGCC,1
TTGGGAACTAAATTAA,1
TTGGGCACGAAATGAA,1
TTGGGCACTAAACTAA,1
TTGGGCACTAAATAAA,1
TTGGGCACTAAATTAG,1
TTGGGCACTAAATTGA,1
TTGGGCACTAGATTAA,1
TTGGGCACTGAATTAA,1
TTGGGGAAAGAGAAGC,1
TTGGGGAACGAGAAGC,1
TTGGGGAACGCGAAGC,1
TTGGGGAACGGAAAGC,1
TTGGGGAACGGCAAGC,1
TTGGGGAACGGGAACT,1
TTGGGGAACGGGATGC,1
TTGGGGAATGGGAGGC,1
TTGGGGACTAAATTAA,1
TTGGGGGGCGGGAAGC,1
TTGGTTTTACGTCCAT,1
TTGTAATTGAAACATA,1
TTGTACCAGTCGCGCC,1
TTGTATAAGTCGCGCT,1
TTGTATCAGCCGCGCC,1
TTGTATCAGTCGCCCC,1
TTGTATCAGTCGCGGC,1
TTGTATCAGTGGCGCC,1
TTGTATCAGTTGCGCC,1
TTGTATCGTCACCGAT,1
TTGTATGAGTCGCGCC,1
TTGTCTGTAGAGCGCT,1
TTGTTCCTGAGTAGTA,1
TTTACTCACCGAATAA,1
TTTAGATCCAACACCA,1
TTTAGGTATTACATGC,1
TTTATAGCGAGATTCA,1
TTTATATAGAGATTCA,1
TTTATATCAAGATTCA,1
TTTATATCCAACACGA,1
TTTATATCCTACACCA,1
TTTATATCGAACACCA,1
TTTATATCGAGATTCT,1
TTTATATCGGGATTCA,1
TTTATATCTAACACCA,1
TTTATATCTAGATTCA,1
TTTATATTGAGATTCA,1
TTTATCATATCTAATA,1
TTTATGTCCAACACCA,1
TTTATGTCGAGATTCA,1
TTTATTATGACTTCAT,1
TTTCAAAGAACCTATC,1
TTTCAACGTTGTTTTG,1
TTTCACAGAACCAATC,1
TTTCACAGAACCTAAC,1
TTTCACAGAACCTAGC,1
TTTCACATAACCTATC,1
TTTCAGCATTGTTTTG,1
TTTCAGCGTTGTCTTG,1
TTTCAGCGTTGTGTTG,1
TTTCAGCGTTGTTCTG,1
TTTCAGCGTTGTTGTG,1
TTTCAGCGTTGTTTGG,1
TTTCAGCGTTGTTTTC,1
TTTCAGCGTTGTTTTT,1
TTTCAGCTTTGTTTTG,1
TTTCAGTGTTGTTTTG,1
TTTCATAGAACCTATC,1
TTTCATCGTTGTTTTG,1
TTTCATGATACTCACA,1
TTTCCGAATGGGGTAG,1
TTTCCTGATACTCACA,1
TTTCGCAGAACCTATC,1
TTTCGTAATACTCACA,1
TTTCGTGATAATCACA,1
TTTCGTGATACCCACA,1
TTTCGTGATACTCAAA,1
TTTCGTGATACTCACC,1
TTTCGTGATACTCACT,1
TTTCGTGATACTCATA,1
TTTCGTGATATTCACA,1
TTTCGTGATGCTCACA,1
TTTCGTGGTACTCACA,1
TTTGCTCCGACACGCC,1
TTTGTATCCAACACCA,1
TTTTAAATTATAGTCT,1
TTTTGACATAGCGATG,1
TTTTGAGCCAGTCTGA,1
TTTTGGGGTATGGGCG,1
TTTTGTGATACTCACA,1
