barcode,count
GGTCCATCTCAGATCG,14961
CTTAGGTATTACATGC,1771
CAGATAATATAGAGAC,1497
ACCGGAAGTTGCCAAG,1257
TCGTTGCACTACTGCT,826
TTGTATCAGTCGCGTC,759
TAAATGCTGCATTAGG,525
AGCCTATGCTGGGGAT,423
TTGTATCAGTAGCGCC,404
GAAGTGTGTATTGAGT,289
TTGTATAAGTCGCGCC,188
GTGGTATCAAACCGGG,180
CCCTGCGGGGCTCGGG,139
TCCAGCGCGATAAGAG,105
GTAGAACTGCGCCCCC,88
AAGCGGTGGTGTGATT,71
AGGCCCGAAAGGACTA,67
TAGAATTGTCGGAAAG,65
AGTGTTGAATAAGCGA,46
CTATGTTGCCCGGAAG,40
TTGGGGAACGGGAAGT,37
CGATTCGCCGTTCCCC,36
TGGACCCTAGATGGTA,35
TCCAGCACGGTAAGAG,34
GTAGAACTGCGGCCCA,29
GACCACCGAGTGACCG,26
TTGGGGGACGGGAAGC,24
ACCGAATGAATAATCC,23
CGTGTGCCCTTCAGCA,23
GCCACTGCGGCGTGTG,23
ACGTGTTTCCGAGCAA,22
AACGACAAACAGGAAG,21
AGTGTACCCTTCAGCA,21
CCCTGCGCGACTCGGG,21
GAGGGGTAGAGAGACG,21
GCACAAACCTGCAAAT,21
GGGGGGTAGAGATACG,21
TTCTGTCCAGACTCAT,21
CAATTAGAAATACATG,20
CTGAACTTATCTGTAG,20
GTACAAACCTACAAAT,20
ATAAGCTTCATGGAGT,19
CGTGTACCCTTCATCA,19
TTGGGGAACGGGAAGA,19
CTGGAGGCCTGGCCCA,18
GAGGGGTAGAGGTACG,18
GGCATCTAACAGATAG,18
GTGGGATTGGAGAAAC,18
AATTCGTGAGCACTAG,17
CATGGGAATTGTCACT,17
CCCTGCGCGGCTCTGG,17
TCGTCCATTGGGAACT,17
TGATCTGTAACATTGC,17
TGCGGTGGTATACATA,17
TTATATTGCCCGGAAG,17
AATGGGAATTGCCACT,16
ACCGAATGAATCATCA,16
AGATCCCAGATCCTTT,16
CCCTGCGAGGCTCGGG,16
CCCTGCGCGGCTCGGT,16
CTGAGGGACTCAACTC,16
GTACAAACCTTCAAAT,16
GTACCCAGTCCCTGCG,16
AACCACCGAGTGACTG,15
AACCACCTAGTGACCG,15
ACCTAATGAATCATCC,15
ATGAGGGCTACGTGAG,15
ATGGGGAACGGGAAGC,15
CAATTAGAAATACAAA,15
CCCTGCGCGGCTAGGG,15
GACAAAGGGGACATAT,15
GGGGAACATACATAAC,15
GTACCCAGTTCCTGAG,15
TCCAGCGTGGTAAGAG,15
TTGGGGAAAGGGAAGC,15
AACGGTTCCGACGAAG,14
AATCGCTGACACCCGT,14
ACCTGCGCGGCTCGGG,14
ATACAAACCTGCAAAT,14
CCCTGTGCGGCTCGGG,14
CGTGTACCCTTCAACA,14
CTGACCCTAGATGGTA,14
CTGGAGGCCTAGCCCC,14
GGAATCCCCAAATAAC,14
GGTCCATCTCGGATCG,14
GTAAAAACCTGCAAAT,14
GTACAAACCGGCAAAT,14
GTACGAACCTGCAAAT,14
GTGGGGAACGGGAAGC,14
GTTCCATCTCAGATCG,14
TTTATATCGAGATTCG,14
AGAAAATCTCGGATAC,13
AGTGTTGAACAGGCGA,13
CCCTGCGTGGCTCGGG,13
CGAAACACATCCCAGT,13
CGTGTACCCTTCAGTA,13
CTGAGCTACCAATAAG,13
CTGGAGGCCCGGCCCC,13
GAAAGTCCCCATGATG,13
GACGGTTCCGACTAAG,13
GCCAGCTCGTATCCCC,13
GCGGGGATTGGCTGTT,13
GTACAAACCTGAAAAT,13
GTACAAACCTGTAAAT,13
GTACAACCCTGCAAAT,13
GTACCCAGCTCCTGCG,13
GTTCCGAATGGGGTAG,13
TGTGTACCCTTCAGCA,13
ACCATCAATGAGTTGT,12
ACGTATCTCCGAGCAA,12
CCCTGCGCGGATCGGG,12
CCCTGCGCGGCTCGTG,12
CCCTTCGCGGCTCGGG,12
CCGGATAAATAAGAAC,12
CCTGGGTTAAGTGGTG,12
CGGACCCTAGATGGGA,12
CGTGTACCCTCCAGCA,12
CGTGTACCCTTCAGCG,12
CGTGTACCCTTCAGCT,12
CGTTTACCCTTCAGCA,12
CTATTTAACAGACGTG,12
GACAGCTCGTATCCCT,12
GAGGAGTAGAGATACG,12
GAGGGGTAGAGATATG,12
GATCACGCAGAAAAGG,12
GATCACGTAGAAAAAG,12
GGTCAATCTCAGATCG,12
GGTCCATCTCATATCG,12
GGTGTTGAATAGGCGA,12
GTGCAGCCTAGTGACG,12
TACTAATGTCGTTGTC,12
TAGAACCTCGTTGTCT,12
TCTTATTAGGCGACAT,12
TGCTATTCAGGCGCGG,12
TTGGGGAACGGGAAAC,12
TTGGGGAATGGGAAGC,12
AAACCCATAAGACCAC,11
AACAGCAATGAGTTGT,11
AACCACAGAGTGACCG,11
AACCACCGAGTGAACG,11
AGGACCCTAGATGGTA,11
AGGTTCGGACTCTTGC,11
ATTAGATTAGAACGTA,11
ATTCTGAATGGGGTAG,11
CAATTAGAAATACAGA,11
CCATGCGCGGCTCGGG,11
CCCTGCGCGTCTCGGG,11
CCTTGATGTATTCCCG,11
CGACTCCACGGGCGCC,11
CGCGACACCCTTCCGT,11
CGGGAGCATACATAAC,11
CGTGTACACTTCAGCA,11
CGTGTACCCCTCAGCA,11
CGTGTACCCTTCAGAA,11
CTATATTGCCCTGAAG,11
CTTAACTTATCTGTGG,11
GAATTAGAAATACATA,11
GAGTATTGCTACACAT,11
GGGCCCGTAAGGACTA,11
GTACCCAGTTCCTGTG,11
GTGGTATCAAGCCAGG,11
TACCCTGTAAGCCACT,11
TCATGGGTGTAAGAGA,11
TCCTGCGCGGCTCGGG,11
TCGTCGCACTGCTGCT,11
TGCGACACCCTTCCGG,11
TTACGAATTTGATTCT,11
TTCTATTCCGGCGCGG,11
AAAAAATTTACGACAA,10
AAACCCATAAGACCCA,10
AACCGCCGAGTGACCG,10
AACGAATGAATCATCC,10
AATGAAACAATAGAAC,10
ACGTGTCTCCTAGCAA,10
ACTACGAGGCCACGTA,10
AGAAAATCTCAGATAA,10
AGGACTATAGTTGGTA,10
AGGGAACATACATAAC,10
ATTACGAATGGGGTAG,10
CAAATGCTTCATTAGG,10
CACCATCAGCACCGAG,10
CAGACCCTAGATGGTA,10
CATGGGAATGGCCACT,10
CATGGGAATTGCAACT,10
CATGTGGAGTCCAACA,10
CCATATGAAATAAGCT,10
CCCTGCGCGGCTCAGG,10
CCTTGGTTAAGTTGTG,10
CGTACCCTAGATGGTA,10
CGTGTACCCTTAAGCA,10
CTGGAGGCCTGGTCCC,10
CTGGGGAACGGGAAGC,10
CTTAGGTATTATATGT,10
CTTAGGTATTATGTGC,10
GAGGGGGAGAGATACG,10
GCAATCTGAACCATAC,10
GCGTCCATTAAGATCA,10
GGAAAATCTCAGATAC,10
GTACCCAGTTCCTGCT,10
GTAGGACTGCGGCCCC,10
TACCGTGATTTCTCGA,10
TTGCTCCTTAGTAGTA,10
TTGGAGGCCTGGCCCC,10
AAAAAATTTAAGACAA,9
AACCACCGAGTGACCA,9
AATGAGACAATCGAAC,9
ACCGAGTGAATCATCC,9
ACTGTCTAGAAATTGT,9
AGAAAATCTCATATAC,9
AGCATAGAGATATGTG,9
AGCATAGGGATATGCG,9
AGTGTTGAATAGGAGA,9
AGTTGGGGTCTCCCCT,9
ATACACGAGATTGTGA,9
ATAGGATATGTGGCTG,9
ATGGAGGCCTGGCCCC,9
ATGGGAGTGGAGAAAC,9
ATGGGATTGGGGAAAC,9
ATTAGGGCTACGGGAG,9
CAAATGCTGCATTGGG,9
CAGGCTCTAGAGCTCC,9
CATGGGAATTGACACT,9
CATGGGAATTGCCGCT,9
CATGGGGATTGCCACT,9
CATGTACCCTTCAGCA,9
CCAAGCTTGGTGCATC,9
CCCTGCGCGGCCCGGG,9
CGGACCCTAGATGGCA,9
CGGGAAATGGAAATGA,9
CGGGCTCTAGAGCTCT,9
CTATATTGCCAGGAAG,9
CTGGAGGCCTGGCCAC,9
CTGTACCCGCAGTTGA,9
CTGTAGGCCTGGCCCC,9
CTTACAGAATGCTAGA,9
CTTGAGGCCTGGCCCC,9
GAGAGCTACAGAAGCG,9
GCAACAAGGTGTAACC,9
GCAGAACTGCGGCCCC,9
GCCTAAAGAATCATGA,9
GGCATAGGGATATGTG,9
GTAAGCAAAGTTGGCC,9
GTACAAACCCGCAAAT,9
GTACAAACCTGCAGAT,9
GTCAAGTTAAGGATGG,9
GTGCGATTGTCCTGAA,9
GTGGTATCAATCCGGG,9
TCATGGGTGGACGAGA,9
TCTAACTCTCGCGGCG,9
TCTTGACATGGCGATG,9
TGACAACAAGACAAAT,9
TTACAAACCTGCAAAT,9
TTCATCAAGTTGGTGT,9
TTGGGGAACGGGGAGC,9
TTTCAGTGTTGTTTTG,9
AAAGGTTCCGACTAAG,8
AACAGAAGTCCAGGTA,8
AACGGTGCCGACTAAG,8
AACGGTTCCTACTAAG,8
AAGAACCTCGTTGTCT,8
AAGTGGTGATGTGATT,8
AATGAAACAATCGAGC,8
AATGAAGCAATCGAAC,8
ACCAAATGAATCATCC,8
ACCAGCAATGAGCTGT,8
ACCAGCAATGAGTTGC,8
ACCAGCAGTGAGTTGT,8
ACCAGCTCGTATCCCT,8
ACCTATGAAATAAGCT,8
ACGTCCATTAAGATCG,8
AGAAAATCTAAGATAC,8
AGAAAATTTATGACAA,8
AGGAAATCTCAGATAC,8
AGGTTAAGACTCTTGC,8
AGTATTTGTGCTTCAA,8
AGTGTTGAAGAGGCGA,8
ATGGCCCACGGGTATA,8
CAAATGCTGCATGAGG,8
CACAGACAAGAAAAAA,8
CACAGACAATGAAAAA,8
CAGAACCTCGTTGTCC,8
CATGGGAATTTCCACT,8
CATGGGTTAAGTTGTG,8
CCATTAGAAATACATA,8
CCATTTAACAGACGTA,8
CCCCGCGCGGCTCGGG,8
CCCTGAGCGGCTCGGG,8
CCGTATAAATCAGAAC,8
CGCGACACCCTTCCTG,8
CGGACACTAGATGGTA,8
CGGACCCGAGATGGTA,8
CGTATACCCTTCAGCA,8
CGTGCACCCTTCAGCA,8
CGTGTACCATTCAGCA,8
CGTTCAGTGATAACGG,8
CTAGAACAGCGTAGGC,8
CTAGCACAGCGTAGGT,8
CTGAACTTATCTGTGT,8
CTGGACTTATCTGTGG,8
CTGGAGGCCTGACCCC,8
CTTTAAATTATAGTCA,8
GAACAAACCTGCAAAT,8
GAAGAAACTATAACTA,8
GAATAATGGAACAGAG,8
GATCTTGGGGAGAGTA,8
GCCATTTACGGAAGGG,8
GGTATTTGCGCTTCAA,8
GGTCCATCTCAGATCA,8
GTAAATACTAGGACCA,8
GTCGCATCCTGGACTG,8
GTGGGGTAGAGATACG,8
GTGTGATTGTCCGGAA,8
TAACGTTATTTCTCGA,8
TAATGGGTGTACGAGA,8
TACCAATCTTCGAACT,8
TACTAATTCCGTTGTC,8
TACTGATAACCCTGTG,8
TATGTCGTAGCCACAG,8
TATTAAGAGAAGGGCG,8
TCATGGATGTACGAGA,8
TCGATTACTAGACGGA,8
TCTAACTCTCGCGTCA,8
TGCCCTGCAAGCCACT,8
TGGGAAATGTAAATGA,8
TGGGAACATACATAAC,8
TGGTCGGGACTCATCT,8
TTGTATCAGTCGCGCA,8
AAACCCAGAAGACCCC,7
AACAGAGGTCCATGTA,7
AACGGTTCCAACTAAG,7
AACGGTTCTGACTAAG,7
AACTTCCCTGACTACT,7
AATGAAACAATCTAAC,7
ACAAGATTTGGGGGAC,7
ACACGGGTTGGCTGCA,7
ACAGAATGAATCATCC,7
ACAGTCTGAACCATAC,7
AGCATATAACAGATAG,7
AGCGACACCCTTCCGG,7
AGCGGTTCCGACTAAG,7
AGCTGAATTAAGCATG,7
AGGAGTATGGAGAGCG,7
AGGGAAATGTAAATGA,7
AGTGTTGAATAGGTGA,7
AGTGTTGAATGGGCGA,7
ATAAAATCTCAGATAC,7
ATAGCACAGCGTAGGC,7
ATAGGATATATGGATG,7
ATCAGGATAATAGCGC,7
ATCATCTAACAGATAG,7
ATGGCCCACGGTCATA,7
ATGGGATCGGAGAAAC,7
ATGGGATGGGAGAAAC,7
ATGGGATTGGAGAAAT,7
ATGGGATTGGAGAAGC,7
ATTAGATTATAAAGTA,7
ATTCCGAATGGGGGAG,7
ATTCCGGATGGGGTAG,7
ATTCCTAATGGGGTAG,7
CAATGAGAAATACATA,7
CAATTCGCCGTTCCCA,7
CACCATCATCACCTAG,7
CAGCATTGTCGGAAAG,7
CAGGCTCTAGATCTCT,7
CATTGAGAAGCGCAAG,7
CATTGAGACGCACAAG,7
CCCTACGCGGCTCGGG,7
CCCTATGAAATAATCT,7
CCCTGCTCGGCTCGGG,7
CCTTAGTCCTCGTATG,7
CCTTGATACATTCCCG,7
CCTTGATGCATTCCCA,7
CGCGACACACTTCCGG,7
CGGAACCTAGATGGTA,7
CGGGAACATACAGAAC,7
CTAATTTAAGTATCAG,7
CTATATTGACCGGAAG,7
CTATATTTCCCGGAAG,7
CTCAATGTCGTAGGGT,7
CTGAGCTGCAAATAAG,7
CTGAGCTGCCAAGAAG,7
CTGAGGGATCCAACTC,7
CTGGAGGACTGGCCCC,7
CTGGAGGCCTGTCCCC,7
CTGTGCCTGCAGTTGA,7
CTTAAAATTATAGTCT,7
CTTCCGCTCTTGATTA,7
GAAAGCCCCGTGAAAT,7
GAAATCCCCAAAGAAC,7
GACTAAAGGATCATGA,7
GAGGGGTAGAGATACA,7
GAGGGGTAGGGATACG,7
GAGGGGTGGAGATACG,7
GATCTAGGGGAGAGTC,7
GCAAACAGTATAGTTG,7
GCAAACAGTGTAGTCG,7
GCAGTCCACCATTGAG,7
GCATGGAACTAACTCA,7
GCTAACTCTCGCGGCA,7
GGGAGCTGCAGAAGCG,7
GGGTTCAGACTCTTGC,7
GGTCCATCTCAGATAG,7
GTAAGCAAAGTTGACT,7
GTACAAACATGCAAAT,7
GTACAAACCTGCAAAA,7
GTACCAAGTTCCTGCG,7
GTACCCAGTTCCTACG,7
GTAGAACTGCGTCCCC,7
GTAGAACTGCTGCCCC,7
GTGAGAGAGAAAAGCA,7
GTTTAAATTATAGTCT,7
TAAAGTGATTTCTCGA,7
TACCCTGCAAGTCACT,7
TACCCTGCAATCCACT,7
TACTTATAACCCTGCG,7
TAGGGGTAGAGATACG,7
TCACGAATTTGATTCC,7
TCATCCGTTGGGAACT,7
TCATGGAACTAACTCC,7
TCCCCACCACTGCATC,7
TCGGATAAATCAGAAC,7
TCGTCACACTACTGCT,7
TCTAACGAAGTAGGAG,7
TCTGGGTTAAGTTGTG,7
TCTTTACCACTACATC,7
TCTTTACCACTTCATC,7
TGATCTGTGACAATGC,7
TGCTATTCCGGAGCGG,7
TGCTATTCCGGCGAGG,7
TGTGACCCCCTCCAAC,7
TTCTGTCCAGACTCTT,7
TTGCATCAGTCGCGCC,7
TTGGGGAACGGTAAGC,7
TTGGGGAGCGGGAAGC,7
TTTATATCCAACACCT,7
AAACCCATAATACCCC,6
AACAACCGAGTGACCG,6
AACAGAAGTCCATGTG,6
AACCAAACCTGCAAAT,6
AACCACCGAGTGACAG,6
AACCCTGCAAGCCACT,6
AACGGTTCAGACTAAG,6
AACGGTTCCGATTAAG,6
AACGTTTCCGACTAAG,6
AACTGCGTTCATCGAC,6
AACTTCCCTGACTGCC,6
AAGCGGTGATGTGAGT,6
AAGTGTCTCCGAGCAA,6
AATCGCTGGCAACCGT,6
AATCGCTGGCACCAGT,6
AATGAAACAATCGAAA,6
AATGGTTCCGACTAAG,6
ACAAGATTCGGGGGGC,6
ACAAGCAATGAGTTGT,6
ACAATATGAACCATAC,6
ACAGTCCACCATTGGG,6
ACCATTTACTGAAGGG,6
ACCGAATGAATCATAC,6
ACCGAATGAATCATCT,6
ACCGAATGGATCATCC,6
ACGTATGATTTTCGGG,6
ACGTGTCTCCGATCAA,6
ACTGTCTAGAAATTTC,6
ACTGTCTAGAGATTTT,6
AGCTGAATTAAGGATG,6
AGGCCCGTAAGTACTA,6
AGTTGGTGTCTCCCTT,6
AGTTTCAGACTCTTGC,6
ATATAAAAAACTTGGT,6
ATATAAAAAGCTTAGT,6
ATCGGGATAATCGCGC,6
ATCTCCTGGGGTATCA,6
ATGAACTTATCTGTGG,6
ATGGCCCACGGGCATG,6
ATGGCCCACTGGCATA,6
ATGGGATTGGAGAAAA,6
ATTAGGGCGACGTGAG,6
ATTCAGAATGGGGTAG,6
ATTCCGAATGGGTTAG,6
CAAAGCTTGGCGCATC,6
CAAATGCTGAATTAGG,6
CAATTAGAAACACATA,6
CAATTAGAAATAAATA,6
CACCATAAGCACCTAG,6
CACTATGAAATAAGCT,6
CAGAACCTCGTTGTAT,6
CATACAGAGTTTTTTG,6
CCCTGCGCGGTTCGGG,6
CCGAGCTGCCAATAAG,6
CCGGAGGCCTGGCCCC,6
CCTGATAAATCAGAAC,6
CCTGGGTGAAGTTGTG,6
CCTTGATGCATTACCG,6
CCTTGATGCATTCCAG,6
CCTTGATGCATTCCCT,6
CGACTCCATGGACGCC,6
CGCGGCACCCTTCCGG,6
CGGACCCCAGATGGTA,6
CGGACCCTAGATGGTT,6
CGGACCCTAGATGTTA,6
CGGACCCTGGATGGTA,6
CGGACTCTAGATGGTA,6
CGGGAAATGTAAGTGA,6
CGGGAACATGCATAAC,6
CGTGTACCCGTCAGCA,6
CTAGCACAGCGTAGGA,6
CTAGTACAGCGTAGGC,6
CTATATTACCCGGAAG,6
CTATATTGCCCGTAAG,6
CTGAACTCATCTGTGG,6
CTGGAGGCCTGGCCCT,6
CTGGAGTCCTGGCCCC,6
CTTAGGCTCTTGATTA,6
CTTCGGCTATTGATTA,6
CTTCGTCTCTTGATTA,6
CTTCTGCTCTTGATTA,6
CTTGTACCCTTCAGCA,6
GACCGTACCGCGTTTA,6
GAGAACCTCGTTGTCT,6
GAGAGCTGCAGAAGCA,6
GAGAGCTGCATAAGCG,6
GAGGGGTAGAGATAAG,6
GAGGGGTAGAGATGCG,6
GAGGGTTAGAGATACG,6
GAGGTCCCTATGTAAT,6
GATCTTGGGGGGAGTC,6
GATGAAACAATCGAAC,6
GCAAGATTCGGGGGAC,6
GCAGCGTACCGGTCAT,6
GCCAGCTCATATCCCT,6
GCCGAATGAATCATCC,6
GCGAAGTTTCATAGAG,6
GCGAAGTTTCATGGCG,6
GGATCCCAGGTCCTTT,6
GGCTGAATTAAGTATG,6
GGGACTATAGTTGGCA,6
GTAACCAGTTCCTGCG,6
GTAAGCAAAGTTGAAC,6
GTAAGCAAAGTTGATC,6
GTAAGCAAAGTTGCCC,6
GTAATCAAAGTTGACC,6
GTACAAACCTGCAAGT,6
GTACACAGTTCCTGCG,6
GTACAGACCTGCAAAT,6
GTAGAACTGAGGCCCC,6
GTAGAACTGTGGCCCC,6
GTCAGGATAATCGCGC,6
GTCGCATCCCGGAATG,6
GTGAGCTGCCAATAAG,6
GTGAGTGAGAAAAGCA,6
GTGGTATAAAGCCGGG,6
GTGGTATCAAGCCTGG,6
GTGGTATCGAGCCGGG,6
TAACATGATTTCTCGA,6
TACTAATGCCGTTGTA,6
TAGCATTGTCAGAAAG,6
TAGCATTGTTGGAAAG,6
TAGCTGATAGCAACTC,6
TAGGCTCTAGAGCTCT,6
TAGTCCGTTGGGAACT,6
TATCCTGCAAGCCACT,6
TATGTCGTATCAACAG,6
TATTCCTAATTAGCGA,6
TCAAACGAAGTAGGAG,6
TCAACACAAAAAATTA,6
TCATGGGTGTGCGAGA,6
TCCAGAGCGGTAAGAG,6
TCCAGCGGGGTAAGAG,6
TCCTAAAGGATCATGA,6
TCGAACGGAGTAGGAG,6
TCGGACGAAGTAGGAG,6
TCTTAGTCCCCGTATG,6
TCTTAGTCCGCGTATG,6
TCTTGACATAGTGATG,6
TGACGACAATACAAAT,6
TGACGTGATTTCTCGA,6
TGACTCCACGGACGCC,6
TGGGGACAAGATTGTA,6
TTATCTGTAGAGCACT,6
TTGCGAATTTGATTCC,6
TTGGGAAACGGGAAGC,6
TTGGGGAACTGGAAGC,6
TTGGTATCAAGCCGGG,6
TTGTATCGGTCGCGCC,6
TTTATATCGAGATTAA,6
TTTCAGAGTTGTTTTG,6
AAAAAATTTATGACGA,5
AAAAAATTTATGGCAA,5
AAACCCATAAGAACCC,5
AACACGTAGAACCACC,5
AACACGTAGAACTGCC,5
AACACTTAGAACCGCC,5
AACAGAAGCCCATGTA,5
AACAGAAGTACATGTA,5
AACCACCGAGTGACCT,5
AACCATACCGCGTTTA,5
AACCGTACCGCGGTTA,5
AACGACAAACAGTAGG,5
AACGACAAACAGTATG,5
AACGGTTACGACTAAG,5
AACTTCCCTTACTGCT,5
AAGAAGCTATGGAAGT,5
AAGGGGACTCATAATG,5
AAGGGGCATCATAATG,5
AATCGATGGCACCCGT,5
AATCGCTGGCACCCAT,5
AATCGCTTGCACCCGT,5
AATGTCTAGAAATTTT,5
AATTAAACAATCGAAC,5
ACAACACAAAAAATTA,5
ACAATCTTAACCATAC,5
ACACGGGTTGACTGTA,5
ACACGGGTTGGCTGTG,5
ACACGGGTTGGTTGTA,5
ACAGTACGATCTACGA,5
ACATTCCACCATTGAG,5
ACCGAATTAATCATCC,5
ACGCAAATAGACAGAA,5
ACGGATAAATCAGAAC,5
ACGTATGATTTTCTAG,5
ACGTGTCTCCGAGAAA,5
ACGTGTCTCCGAGCAG,5
ACGTGTCTCTGAGCAA,5
ACTGTCTATAAATTTT,5
AGAAAATCTCAGAGAC,5
AGAATAGGGATATGTG,5
AGATCCCAGGTCCCTT,5
AGATCCTGGGGTATCA,5
AGCATAGGGGTATGTG,5
AGCATCCAACAGATAG,5
AGCATCTAAAAGATAG,5
AGCATCTAACAGAGAG,5
AGGAGTATGAAGAGTG,5
AGGTTCAGACTCTTAC,5
AGGTTCAGACTCTTGT,5
AGTAGTTTAGATAGTT,5
AGTATCTAACAGATAG,5
AGTCCATCTCAGATCG,5
AGTTTGGGTCTCCCTT,5
ATAACGTTTGTGAAAA,5
ATAAGGATAATCGCGC,5
ATGAGCTGCCAATAAG,5
ATGGACCACGGGCATA,5
ATGGGATTGGAGAGAC,5
ATGGTCCACGGGCATA,5
ATGTACCTGCAGTTGA,5
ATGTGATTGGAGAAAC,5
ATTACAGAATACTAGA,5
ATTAGGTATTATATGC,5
ATTGCCCACGGGCATA,5
ATTGTTGAATAGGCGA,5
ATTTAAATTCGAGGAA,5
CAAATGATGCATTAGG,5
CAAATGCTGCATTAGT,5
CAAATGCTGCATTATG,5
CAATTAGAAATACACA,5
CACCATCAGCAACTAG,5
CACTGCGCGGCTCGGG,5
CAGAACCTCGTTTTCT,5
CAGAACCTCTTTGTCT,5
CAGACTCTAGAGCTCT,5
CAGGATAAATCAGAAC,5
CATGGGAATTGCCAAT,5
CATTGAGACGCGCAGG,5
CATTGAGACTCGCAAG,5
CCAACACAAAAAAGTA,5
CCAGGCTTGGCGCATC,5
CCCTATGAAATAAGAT,5
CCCTATGGAATAAGCT,5
CCCTATTAAATAAGCT,5
CCCTGCGCGGCTCGCG,5
CCGAACTTATCTGTGG,5
CCGGATAAATCAGAGC,5
CCTGGGTTAAGTTGGG,5
CCTGGGTTGAGTTGTG,5
CCTGTACCCTTCAGCA,5
CCTTGATGCATTCCTG,5
CCTTGATTCATTCCCG,5
CGAAAACATGACAAAT,5
CGAACACATTACAAAT,5
CGCAACACCCTTCCGG,5
CGCACTTTATGAGACA,5
CGCGAAACCCTTCCGG,5
CGCGACACCCTTCAGG,5
CGCGACACCCTTCCAG,5
CGGACAGGGAATCAAA,5
CGGACCCTAGATGGTG,5
CGGACCCTATATGGTA,5
CGGATCCTAGATGGTA,5
CGGCCAGGGAATCAAG,5
CGGCCAGGGAATCAAT,5
CGTGTACCCTTCGGCA,5
CGTGTACCCTTTAGCA,5
CGTTCAGCGACAACGG,5
CTAACACAGCGTAGGC,5
CTAGCACAGAGTAGGC,5
CTAGCACAGCGTAGTC,5
CTATATTGTCCGGAAG,5
CTCACAGAATACTAGA,5
CTGGAAATGTAAATGA,5
CTGGAGGCATGGCCCC,5
CTGGAGGCCTGGACCC,5
CTGTACCTGCAGGTGA,5
CTTACAGAAGACTAGA,5
CTTAGGGATTCAACTC,5
CTTAGGTATTATATTC,5
CTTAGGTATTGTATGC,5
CTTCGGCTCGTGATTA,5
CTTCGGCTCTTGATTG,5
CTTCGTGATACTCACA,5
CTTTACCTGCAGTTGA,5
GAAATCCCCGTGCAAT,5
GAACCCATAAGACCCC,5
GAAGAAACTATAAACA,5
GAAGAAACTATAACCT,5
GAAGCGTGCCGGTCAT,5
GAATAAGAGAACAGAG,5
GAATGGAACTAACTCC,5
GACATTTACTGAAGGG,5
GACGACAAACAGTAAG,5
GAGAGATGCAGAAGCG,5
GAGAGCTGTAGAAGCG,5
GAGGAAACTATAACCA,5
GAGGGCTGCAGAAGCG,5
GAGGTGTAGAGATACG,5
GATATTGGGGAGAGTC,5
GATCGCTGGCACCCGT,5
GATCTTGGTGAGAGTC,5
GCAAGCTCGTATCCCT,5
GCACGGGTTGGCTGTA,5
GCATCCCCAACTCCTA,5
GCATGGAAATAACTCC,5
GCATGGAACGAACTCC,5
GCATGTAACTAACTCC,5
GCCAGCTCGGATCCCT,5
GCCATCTCGTATCCCT,5
GCCGATTCACGAATAA,5
GCCTAAAGTATCATGA,5
GCGTGTCTCCGAGCAA,5
GCTACGAGGCTACGTA,5
GGTGTACCCTTCAGCA,5
GTAAACAAAGTTGACC,5
GTAACGTTTGTGCAAA,5
GTAAGAAAAGTTGACC,5
GTAAGCAAAGTTGACA,5
GTACAAACCAGCAAAT,5
GTACAAACCTGCAAAG,5
GTACCCAGTTACTGCG,5
GTACCCAGTTCCCGCG,5
GTACCCAGTTCCTTCG,5
GTACCCATTTCCTGCG,5
GTACGATTGTCCGGAA,5
GTACTTTACGAAATAG,5
GTAGAACTGCGGACCC,5
GTATGGAACTAACTCC,5
GTCGCATCCTTGAATG,5
GTCGCCGCTAATCCAA,5
GTGAGCGAGAAAGGCA,5
GTGCGATTGCCCGGAA,5
GTGCGATTGTCAGGAA,5
GTGCGATTGTCTGGAA,5
GTGGAACTGCGGCCCC,5
GTGGAGGCCTGGCCCC,5
GTGGTATCAAGACGGG,5
GTGGTATCAAGTCGGG,5
GTTATTGTGACTTCAT,5
TAACGTGATTTCTCTA,5
TACCCCTTGTAAGATG,5
TACCCTGCAAGCAACT,5
TACGACAAACAGTAAG,5
TACTAATGACGTTGTC,5
TACTAATGCCGTCGTC,5
TATCATTGTCGGAAAG,5
TATGTCGTGTCCACAG,5
TATTAAGAGAAGTGAG,5
TCATGGGTATACGAGA,5
TCATGGGTGTACGAGG,5
TCATGGGTGTACGGGA,5
TCATGGGTGTACTAGA,5
TCCAGCGAGGTAAGAG,5
TCCAGCGCGGCAAGAG,5
TCCAGCGCGGGAAGAG,5
TCCAGCGCGGTATGAG,5
TCCAGCGCGTTAAGAG,5
TCCAGCTCGGTAAGAG,5
TCGAACGAAGTGGGAG,5
TCGAGTTAATATGCGA,5
TCTAACTCTCGCGACA,5
TCTAACTCTCGCGGTA,5
TCTCGACATAGCGATG,5
TCTGGAAACGATCCCA,5
TCTTATTAGGCGGAAT,5
TCTTATTAGGCGGTAT,5
TCTTATTAGGTGGCAT,5
TCTTGACATAGAGATG,5
TCTTGACATATCGATG,5
TCTTTACCACTGCATA,5
TGACCTGTGACATTGC,5
TGATATTCCGGCGCGG,5
TGCGGTGGTCGATCCA,5
TGCTATTACGGCGCGG,5
TGCTATTCCGGCGCAG,5
TGCTATTCCGGCGTGG,5
TGGCCAGGGAATCAAA,5
TGGGGGAACGGGAAGC,5
TGGTCCGCTTCATGCC,5
TGTAATAGGCGTCAAA,5
TGTAATAGGCGTCACG,5
TGTTGGGCCAGTCTGA,5
TTACGAATTTTATTCC,5
TTACTCCTGAGTAGTA,5
TTATCTGTAGAGCGCA,5
TTCATCAAGTTGGTAC,5
TTGAACTTATCTGTGG,5
TTGCTCCCGAGTAGTA,5
TTGGGATTGGAGAAAC,5
TTGGGGAACGGGAATC,5
TTGTATCAGTCGCACC,5
TTTATATCCGACACCA,5
TTTCGTGATACTCACG,5
AAAAAATTTAGGACAA,4
AAAAGAAGTCCATGTA,4
AAACACCGAGTGACCG,4
AAACCCATGAGACCCC,4
AAACCCGTAAGACCCC,4
AAACGGGTTGGCTGTA,4
AAAGCTCTTTTCGCTC,4
AAAGCTCTTTTCTTTC,4
AAAGTCCACCATTGAG,4
AAATTAGAAATACATA,4
AACACGTAGAAACGCC,4
AACACGTAGAACCGAC,4
AACACGTAGAACCGCA,4
AACACGTAGAACCTCC,4
AACACGTGGAACCGCC,4
AACAGAAGTCAATGTA,4
AACATAAGTCCATGTA,4
AACCACCGAGGGACCG,4
AACCACCGATTGACCG,4
AACCGTACAGCGTTTA,4
AACCTACGAGACGGAA,4
AACCTACGAGACTTAA,4
AACCTTACCGCGTTTA,4
AACGGTTCACGAATAA,4
AACGGTTCCGAATAAG,4
AACGGTTCCGACCAAG,4
AACTTCCCTGACTTCT,4
AAGAGGTGATGTGATT,4
AAGATAGTGATGAACA,4
AAGGGGTCTCATAATG,4
AAGTATTGATACACAT,4
AAGTCCATTAAGATCA,4
AATAGCTGGCACCCGT,4
AATCGCCATCGACTTC,4
AATCGCTGGCACCCGC,4
ACAAACAGTGTAGTTG,4
ACAAGATTCGGTGGAC,4
ACAAGCTTGGCGCATC,4
ACAATACGATCTACGC,4
ACACGGGTTGGCCGTA,4
ACAGTATGATCTACGC,4
ACAGTCCACCATGGAG,4
ACAGTTGTACACACCA,4
ACATCCATTAAGATCA,4
ACATCCTCAACTCCTA,4
ACATGTCTCCGAGCAA,4
ACATTTCCCAATAGGT,4
ACCAGAAATGAGTTGT,4
ACCAGCAATGAGTTAT,4
ACCCCCGGAGCTTGGA,4
ACCCCCGGAGCTTGGT,4
ACCCCCGTAGCTTGGC,4
ACCGAATCAATCATCC,4
ACCGAATGAATCACCC,4
ACCGGATGAATCATCC,4
ACGAACGAAGTAGGAG,4
ACGCAAATATACCGAA,4
ACGTGCCTCCGAGCAA,4
ACTAGCAATGAGTTGT,4
ACTATGAGGCTACGTA,4
ACTCTGGCTCGCGAAT,4
ACTTCCATTAAGATCA,4
ACTTGATGCATTCCCG,4
AGAAAATCTCAGATAT,4
AGAATCTAACAGATAG,4
AGAGCTCTTTTCGTTC,4
AGATACCAGGTCCTTT,4
AGCACTTTACGAGACA,4
AGCATAGGGATATGTA,4
AGCATCTAACAGATAT,4
AGCATCTAGCAGATAG,4
AGCTCCTGGGGTATAA,4
AGCTCCTGGGGTATCT,4
AGCTGAATTAAGTATA,4
AGGAAAGAAACTGGGG,4
AGGAGTATGAAGAGAG,4
AGGCCCTTAAGGACTA,4
AGGTGGACGGACATGG,4
AGGTTAGTAGACCCAC,4
AGGTTCAGACCCTTGC,4
AGTATTTGAGCTTCAA,4
AGTATTTGCTCTTCAA,4
AGTGTTGGATAGGCGA,4
AGTTGGGATCTCCCTT,4
AGTTGGGGCCTCCCTT,4
AGTTGGGGTTTCCCTT,4
AGTTGTGGTCTCCCTT,4
ATAAATGAGGGCATTG,4
ATAACGTTTGTACAAA,4
ATAACGTTTGTGTAAA,4
ATAGATACTAGGACCA,4
ATAGGATATATGGCGG,4
ATGGGATATATGGCTG,4
ATGGGATTGGAGGAAC,4
ATGTCCATTAAGATCA,4
ATTAGATTATAACGGA,4
ATTAGGGATACGTGAG,4
ATTATATTATAACGTA,4
ATTCCGAATGCGGTAG,4
ATTCCGAATGGGGTGG,4
ATTCCGAGTGGGGTAG,4
ATTGGATTATAACGTA,4
ATTGGATTGGAGAAAC,4
ATTGGGGCTACGTGAG,4
CAAAAAGCCTCCATGA,4
CAAAAGCAGCACGATG,4
CAACATCAGCACCTAG,4
CAAGGCCGGCGAACTC,4
CAATTAGAAATGCATA,4
CACCATCAGCACATAG,4
CACCATCGGCACCTAG,4
CACGGCCGACGAACTC,4
CACTAGACGTACAGTC,4
CACTAGATGGACAGTC,4
CACTAGATGTAAAGTC,4
CAGAACATCGTTGTCT,4
CAGAACCTCGTTGTCA,4
CAGGCTCGAGAGCTCT,4
CAGGCTCTATAGCTCT,4
CATGGGAATTGCCACC,4
CATGGGAATTGCCATT,4
CATGGGAATTGCTACT,4
CATGTGGAGACCAACA,4
CATGTGGAGCCCAACG,4
CATGTGGATCCCAACA,4
CATGTGGGGCCCAACA,4
CATTGAGACGCGCAAT,4
CATTGAGGCGCGCAAG,4
CATTGATGCATTCCCG,4
CATTGGAATTGCCACT,4
CCAAGATTGGCGCATC,4
CCAAGCTTCGCGCATC,4
CCAGATAAATCAGAAC,4
CCCAGCGCGGTAAGAG,4
CCCTACGAAATAAGCT,4
CCCTATGAAATAAGCA,4
CCCTATGAAATAGGCT,4
CCCTGCCCGGCTCGGG,4
CCCTGCGCGGCTCGAG,4
CCCTGCGCGGCTCGGC,4
CCCTGTGAAATAAGCT,4
CCGGATAAAGCAGAAC,4
CCGGGTAAATCAGAAC,4
CCTGGGTTAAGTTGTA,4
CCTGGGTTAATTTGTG,4
CCTTATTAGGCGGCAT,4
CCTTGATGAATTCCCG,4
CGAACCACAGACACGT,4
CGACCAGGGAATCAAA,4
CGACTCCACTGACGCC,4
CGAGACACCCTTCCGG,4
CGCGACAACCTTCCGG,4
CGCTACACCCTTCCGG,4
CGGGAGATGTAAATGA,4
CGTATAGTGTAATCGA,4
CGTGACACCCTTCCGG,4
CGTGGCCCCCTCCAAC,4
CGTGTAACCTTCAGCA,4
CGTGTATCCTTCAGCA,4
CTAATTTAATTATCAA,4
CTACAAACCGTTTGTA,4
CTAGCAAAGCGTAGGC,4
CTATATTGCACGGAAG,4
CTATATTGCCCGGAAT,4
CTATATTGCCCGGAGG,4
CTATCTTTACGAAAAA,4
CTATTTAACAGACGGA,4
CTCACTTTACGAGACA,4
CTGAACTTACCTGTGG,4
CTGAACTTATCTGTTG,4
CTGAGATGCCAATAAG,4
CTGAGCTGCCAATAAT,4
CTGAGCTTCCAATAAG,4
CTGAGGGACCCAACTC,4
CTGAGGTATTCAACTC,4
CTGGAGGCCGGGCCCC,4
CTGGAGGCCTGGCACC,4
CTGGAGGCCTTGCCCC,4
CTGGAGGTCTGGCCCC,4
CTGGATGCCTGGCCCC,4
CTGTAACTGCAGTTGA,4
CTGTACCTGCAGTTGG,4
CTGTACCTTCAGTTGA,4
CTTAAAGAATACTAGA,4
CTTACATAATACTAGA,4
CTTACGGAATACTAGA,4
CTTAGCTGCCAATAAG,4
CTTAGGTATTATATAC,4
CTTCGGCCCTTGATTA,4
CTTCGGCTCTCGATTA,4
CTTGGGTATTATATGC,4
CTTTCTTAATCTACAG,4
CTTTTCTATTACGCTT,4
GAAAACAGTGTAGTTG,4
GAAAGCCCCTTGCAAT,4
GAAAGCTGCAGAAGCG,4
GAAAGTACCTATGATG,4
GAAATCCCCAAACAAC,4
GAAATCCCCAAGTAAC,4
GAAGAAACTACAACCA,4
GAAGAGACTATAACCA,4
GAAGTACGCTTAATGA,4
GAATAATAGAAAAGAG,4
GAATAATAGAACAGGG,4
GAATAATAGGACAGAG,4
GACAAAAGGGAAATAT,4
GAGAAGTTTCATAGCG,4
GAGAGCTGAAGAAGCG,4
GAGCGGTGATGTGATT,4
GAGCTTGTTATGGATC,4
GAGGGATAGAGATACG,4
GAGGGGAACGGGAAGC,4
GAGGGGCAGAGATACG,4
GAGTGGTAGAGATACG,4
GATCGCCATCGACCTC,4
GATCTCCATCGACTTC,4
GATCTTGGGGATAGTC,4
GCAAACAGTGTAATTG,4
GCAAGCAGTGTAGTTG,4
GCACGGAACTAACTCC,4
GCAGAGTGCCGGTCAT,4
GCAGCGTGCCGGGCAT,4
GCATCCTCAACTCATA,4
GCATGGAACCAACTCC,4
GCATGGAACTAAATCC,4
GCATGGAGCTAACTCC,4
GCCAACTCGTATCCCT,4
GCCAGCTCGTATCACT,4
GCCAGCTCGTATCCCA,4
GCCTAAGGGATCATGA,4
GCCTAGAGGATCATGA,4
GCCTTTGTGCGCAGTC,4
GCGAAGTTTAATAGCG,4
GCGAAGTTTCATAGTG,4
GCGAAGTTTCATATCG,4
GCTGGGTTAAGTTGTG,4
GGACAAACCTGCAAAT,4
GGACCATCGCACCCAA,4
GGAGAAACTATAACCA,4
GGGACCCTAGATGGTA,4
GGGAGTATGAAGAGCG,4
GGTACATCTCAGATCG,4
GGTCCATCTAAGATCG,4
GGTCGTTTAGATAGTT,4
GGTTAACTTTGGAAGT,4
GTAAAGTTACGGATGG,4
GTAAGCAAGGTTGACC,4
GTAGAACTTCGGCCCC,4
GTAGAGCTGCGGCCCC,4
GTAGCACAGCGTAGGC,4
GTATCCAGTTCCTGCG,4
GTCGCATCCTGTAATG,4
GTGAGCGAGAAAAGAA,4
GTGCAATTGTCCGGAA,4
GTGCGATTGTACGGAA,4
GTGCGATTGTCCGGAG,4
GTGGCCCACGGGCATA,4
GTGGGCGAGAAAAGCA,4
GTGGTATCAAGCCGGT,4
GTGGTATCAAGCCGTG,4
GTGTTATCAAGCCGGG,4
GTTCGATTGTCCGGAA,4
GTTGCTCCGACATGCC,4
TACAGCGCGGTAAGAG,4
TACCATCAGCACCTAG,4
TACCCTGAAAGCCACT,4
TACTAATGCCTTTGTC,4
TAGAACGAAGTAGGAG,4
TAGCATTGGCGGAAAG,4
TAGCATTGTAGGAAAG,4
TAGCATTGTCGGAAAT,4
TAGCGTTGTCGGAAAG,4
TATGTCATATCCACAG,4
TATGTCGTATCCAAAG,4
TATGTGGAGCCCAACA,4
TATTAAGAGAAGTGTG,4
TATTTACCACTGCATC,4
TCAAACAGTGTAGTTG,4
TCAATCGGTGGCTAAA,4
TCAATTACTAGCCGGA,4
TCATAGGTGTACGAGA,4
TCATGGGGGTACGAGA,4
TCATGGGTGCACGAGA,4
TCATGGTTGTACGAGA,4
TCCAACTCTCGCGGCA,4
TCCACACCCTTAGCTA,4
TCCAGCGCAGTAAGAG,4
TCCAGCGCGGTAGGAG,4
TCCAGCTCGTATCCCT,4
TCCAGTGCGGTAAGAG,4
TCCATTTACTGAAGGG,4
TCGAGCGAAGTAGGAG,4
TCGGGGAACGGGAAGC,4
TCGTCCGTGGGGAACT,4
TCGTCCGTTGGGAAAT,4
TCGTCGCACTACTACT,4
TCTAGCTCTCGCGGCA,4
TCTCAGCTCTTAGCCT,4
TCTCTACCACTGCATC,4
TCTTAGTAGGCGGCAT,4
TCTTAGTCCTAGTATG,4
TCTTAGTCCTTGTATG,4
TCTTATTAGGCGTCAT,4
TCTTATTGGGCGGCAT,4
TCTTGAAACGATCCCC,4
TCTTTACATAGCGATG,4
TCTTTACCACTGCATT,4
TGACAACAATACAGAT,4
TGATCTGTGACATTAC,4
TGCTATTCCGGCGCGT,4
TGGGAATCTCCCATAC,4
TGTAATAGGCGTCACT,4
TGTAATAGGCGTTACA,4
TGTTGAGACAGTCTGA,4
TGTTGTAATCCGAATA,4
TTAAGCAAAGTTGACC,4
TTACGAATCTGATTCC,4
TTACGAATTTGACTCC,4
TTACGAATTTGAGTCC,4
TTACGAATTTGATCCC,4
TTACGAATTTGATTAC,4
TTACGAATTTGATTCA,4
TTATATGTAGAGCGCT,4
TTATCTGTAGAGCCCT,4
TTATCTGTAGAGCGCC,4
TTCAGCGCGGTAAGAG,4
TTCATAAAGTTGGTGC,4
TTCATCAAGGTGGTGC,4
TTCATCAAGTTGGTGA,4
TTGCAATTGAAAAATA,4
TTGCTCCTGAGTAGCA,4
TTGGGGAACGGGAGGC,4
TTGGGGAACGTGAAGC,4
TTGGGTAACGGGAAGC,4
TTGGTGAACGGGAAGC,4
TTGTACCTGCAGTTGA,4
TTTAAGCGTTGTTTTG,4
TTTATACCCAACACCA,4
TTTATATACAACACCA,4
TTTATATCGAGAGTCA,4
TTTATGTCGAGATTCA,4
TTTCAGCGTTGTGTTG,4
TTTGCTCCGACACGCC,4
AAAAAATTTATGACAG,3
AAAAAATTTATTACAA,3
AAAAATCTACGGCGAC,3
AAACCCATAAGACCTC,3
AAACCCTTAAGACCCC,3
AAAGGCGCGCCTTAAA,3
AACAAAAGGGACATAT,3
AACACGTAAAACCGCC,3
AACAGAAGTCCATGGA,3
AACAGAAGTCCGTGTA,3
AACAGAATTCCATGTA,3
AACAGTACCGCGTTTA,3
AACATACCGACGCAGT,3
AACCACTGAGTGACCG,3
AACCATCAGCACCTAG,3
AACCGCACCGCGTTTA,3
AACCGTACCGCGTGTA,3
AACCTGCTGCGGAACG,3
AACGACAAAAAGTAAG,3
AACGACAAACGGTAAG,3
AACGATTCCGACTAAG,3
AACGGCTCCGACTAAG,3
AACGGGCTAATGTCTC,3
AACGGTCCCGACTAAG,3
AACGGTTCCGACTAAT,3
AACGGTTTCGACTAAG,3
AACTGTTCCGACTAAG,3
AACTTACCTGACTGCT,3
AACTTCCCTGACTGCA,3
AACTTCCCTGACTGTT,3
AAGAAGACTTTGTGGT,3
AAGAGCTGCAGAAGCG,3
AAGCGGTGAGGTGATT,3
AAGCGGTGATTTGATT,3
AAGCTGTGATGTGATT,3
AAGGAAACAATCGAAC,3
AAGGCTCTAGAGCTCT,3
AAGGGGCCTCATAAGG,3
AAGGGGTAGAGATACG,3
AAGGTCCCTATGGAAT,3
AAGTGGCCTCATAATG,3
AAGTTAGTAGACACAC,3
AATCACCGAGTGACCG,3
AATCGCTGGAACCCGT,3
AATCGCTGGCACCCTT,3
AATGAAACAATTGAAC,3
AATGAGAGCATGTCAA,3
AATGCGAGCATGGCAA,3
AATGTTGAATAGGCGA,3
AATTCGTGAGTAATAG,3
AATTCGTGAGTACTGG,3
AATTTCTGATGAATTG,3
ACAAGATTCGGCGGAC,3
ACAAGATTCGGGAGAC,3
ACAAGATTCGGGGGAA,3
ACAATCCACCATTGAG,3
ACAATCTGAAACATAC,3
ACAATCTGAACCACAC,3
ACACGGGTTGGATGTA,3
ACACGGGTTGGCTTTA,3
ACACGGGTTGTCTGTA,3
ACACGGTTTGGCTGTA,3
ACACGTGTTGGCTGTA,3
ACAGTACGATCTACTC,3
ACCAACAATGAGTTGT,3
ACCAGCAACGAGTTGT,3
ACCAGCAATAAGTTGT,3
ACCAGCAATGAGTGGT,3
ACCAGCAATTAGTTGT,3
ACCAGCGATGAGTTGT,3
ACCCACGGAGCTTGGC,3
ACCCCCGGAGCTCGGC,3
ACCCCCGGAGCTTGTC,3
ACCCCGGGAGCTTGGC,3
ACCGAACGAATCATCC,3
ACCGAATGAGTCATCC,3
ACCGATTCACGAACAA,3
ACCGATTCACGAATAC,3
ACCGATTCATGAATAA,3
ACCGGCAATGAGTTGT,3
ACCGTTGTACACAACA,3
ACCGTTGTACATACCA,3
ACGAAAATAGACCGAA,3
ACGAGCAATGAGTTGT,3
ACGCAAATAGAACGAA,3
ACGCAAATAGACCTAA,3
ACGGGGATTGGCGGTT,3
ACGTACGATTTTCGAG,3
ACGTATGATGTTCGAG,3
ACGTCCATTAAGATAA,3
ACGTCCATTAGGATCA,3
ACGTCCATTGAGATCA,3
ACGTCCGTTGGGAACT,3
ACGTGTCCCCGAGCAA,3
ACGTGTCTACGAGCAA,3
ACGTGTCTCAGAGCAA,3
ACGTGTCTCCGAGCAT,3
ACGTGTCTCCGAGTAA,3
ACTACGAGGCTACATA,3
ACTATGGCTCGCTAAT,3
ACTCAAATAGACCGAA,3
ACTCCGAATGGGGTAG,3
ACTGAATGAATCATCC,3
ACTGATTCACGAATAA,3
ACTGCCTAGAAATTTT,3
ACTGGGTTAAGTTGTG,3
ACTGTCCAGAAATTTT,3
ACTTGTCTCCGAGCAA,3
ACTTTCTAGAAATTTT,3
AGAAAATCGCAGATAC,3
AGACCACCGCACCCAA,3
AGACCATGCTGGGGAT,3
AGATCCAAGGTCCTTT,3
AGATCCCAGGTCATTT,3
AGATCCCAGTTCCTTT,3
AGATCCCGGGTCCTTT,3
AGCATAGGGATAGGTG,3
AGCATAGGGATATGTT,3
AGCATAGGTATATGTG,3
AGCATCGAACAGATAG,3
AGCATCTAACAGGTAG,3
AGCATCTAACATATAG,3
AGCATCTAAGAGATAG,3
AGCGAATGAATCATCC,3
AGCTACTGGGGTATCA,3
AGCTCCGGGGGTATCA,3
AGCTCCTGGAGTATCA,3
AGCTCCTGGGGTATCG,3
AGCTCCTTGGGTATCA,3
AGCTGAATTAAGTGTG,3
AGGAAAGAAACTTGAG,3
AGGACTATAGTTGGCG,3
AGGAGTATGAAGAGCT,3
AGGCACGTAAGGACTA,3
AGGCCAGTAAGGACTA,3
AGGCCCGTAAGGACAA,3
AGGCCCGTAATGACTA,3
AGGGCCGTAAGGACTA,3
AGGGGTATGAAGAGCG,3
AGGTACAGACTCTTGC,3
AGGTGGACGGGAATGG,3
AGGTTCAGACTCTCGC,3
AGGTTCATACTCTTGC,3
AGTACTATAGTTGGCA,3
AGTATTTGCGTTTCAA,3
AGTATTTTCGCTTCAA,3
AGTGTCGAATAGGCGA,3
AGTGTCTAGAAATTTT,3
AGTGTTGAATAGGCAA,3
AGTGTTGAATAGGCGG,3
AGTGTTGAATAGGCTA,3
AGTTGAGCCAGTCTGA,3
AGTTGGGGTCTACCTT,3
AGTTGGGGTCTCCATT,3
AGTTGGGGTCTCCCGT,3
AGTTGGGGTCTCCCTC,3
AGTTGGGTTCTCCCTT,3
ATAAACGAGGTTGTGA,3
ATAAAGTTTGTGCAAA,3
ATAACGTTTGTGCAAG,3
ATAACGTTTGTGCAGA,3
ATAACGTTTGTTCAAA,3
ATAACTGAGGTCATTG,3
ATAACTTTTGTGCAAA,3
ATACATGCATGTGCCA,3
ATACGAATTTGATTCC,3
ATAGGATTGGAGAAAC,3
ATATAAACCGTTTGTA,3
ATATATTGCCCGGAAG,3
ATATCCCAGGTCCTTT,3
ATCAGGATAATCGCGA,3
ATCAGGATGATCGCGC,3
ATCATCATATCTAATA,3
ATCGCATCCTGGAATG,3
ATCGGATTGGAGAAAC,3
ATGACGTTTGTGCAAA,3
ATGGCACACGGGCATA,3
ATGGCCCACGTGCATA,3
ATGGGATTAGAGAAAC,3
ATGGGATTGGATAAAC,3
ATGGGATTGTAGAAAC,3
ATGGGGTTGGAGAAAC,3
ATGGTATCAAGCCGGG,3
ATGGTATTGGAGAAAC,3
ATGGTTTTATGTCCAT,3
ATGTAAATTCGAGGAC,3
ATGTATCAGTCGCGCC,3
ATTAGATTATAATGTA,3
ATTAGGATAATCGCGC,3
ATTAGGGCCACGTGAG,3
ATTAGGGCTACATGAG,3
ATTAGGTCTACGTGAG,3
ATTATTTGCGCTTCAA,3
ATTCACTCATTATACG,3
ATTCCGAATGGAGTAG,3
ATTCCGAATGGGGCAG,3
ATTCCGAATTGGGTAG,3
ATTCGCTGGCACCCGT,3
ATTCGGCTCTTGATTA,3
ATTCGTTTAGATAGTT,3
ATTTAAATTCAAGGAC,3
ATTTAAATTCGAGTAC,3
CAAATGCCGCATTAGG,3
CAAATGCTGCATCAGG,3
CAAATGCTGGATTAGG,3
CAAATTCTGCATTAGG,3
CAATTAGGAATACATA,3
CAATTATAAATACATA,3
CAATTCGCCATTCCCC,3
CAATTCGTCGTTCCCC,3
CAATTCTCCGTTCCCC,3
CACAATCAGCACCTAG,3
CACAGACAGTAAAAAA,3
CACCATCAGAACCTAG,3
CACGACACCCTTCCGG,3
CACGGCCGGCGAACGC,3
CACGGCCTGCGAACTC,3
CACGGGAATTGCCACT,3
CAGAACCTAGTTGTCT,3
CAGAATCTCGTTGTCT,3
CAGATGCTGCATTAGG,3
CAGGACCTCGTTGTCT,3
CAGGCTCCAGAGCTCT,3
CATACTCACGGAGGAT,3
CATGACCCCCTCCAAC,3
CATGGAAATTGCCACT,3
CATGTGAATTGCCACT,3
CATGTGGAGCCAAACA,3
CATGTGGAGCCCAGCA,3
CATGTGTAGCCCAACA,3
CATTGAGACGCGAAAG,3
CATTGAGACGCTCAAG,3
CATTGATACGCGCAAG,3
CCAACACAAAAAATGA,3
CCAAGCTTGGAGCATC,3
CCAAGCTTGGCGAATC,3
CCAAGCTTGTCGCATC,3
CCAATCTTGGCGCATC,3
CCAATTTAAGTATCAA,3
CCCAAATAATTGGCGC,3
CCCTATGAAATAAGCG,3
CCCTATGAAATAAGTT,3
CCCTATGAAATGAGCT,3
CCCTATGAGATAAGCT,3
CCCTGCGCGGCGCGGG,3
CCCTGCGCGGCTCGGA,3
CCCTGCGCGGCTTGGG,3
CCCTTTACGTATCTCT,3
CCGGATAAATCATAAC,3
CCGGATAGATCAGAAC,3
CCGTACCTGCAGTTGA,3
CCTGGGTTAAGGTGTG,3
CCTGGGTTAAGTTATG,3
CCTGGGTTAAGTTGCG,3
CCTTGAGGCATTCCCG,3
CCTTGATGCATTCCCC,3
CCTTGATGCATTTCCG,3
CGAAAACATTAAAAAT,3
CGAACCCTAGATGGTA,3
CGAACCGCAGACACTT,3
CGAACTTTACGAGACA,3
CGAATGCTGCATTAGG,3
CGAATTTAAGTATCAA,3
CGACTACACGGACGCC,3
CGCACTTTAAGAGACA,3
CGCACTTTACAAGACA,3
CGCGACACCATTCCGG,3
CGCGACACCCTTCCGA,3
CGCGATACCCTTCCGG,3
CGGAACCTCGTTGTCT,3
CGGACCCTAAATGGTA,3
CGGACCCTAGATTGTA,3
CGGACCCTAGGTGGTA,3
CGGGAACATAAATAAC,3
CGGGAACATACATAAT,3
CGGGAACATACATGAC,3
CGGGGAATGTAAATGA,3
CGGTAGGGACTCATCT,3
CGTACAGTGTAAGCGA,3
CGTACGTATGTCCCGG,3
CGTGAAATGTAAATGA,3
CGTGAACATACATAAC,3
CGTGTACCCATCAGCA,3
CGTTAATGGCCTATCC,3
CGTTACCCCCTCCAAC,3
CGTTCAGAGATAACGG,3
CTAATTTAAGTAGCAA,3
CTAATTTAAGTATAAA,3
CTACTAGGGGACGATT,3
CTACTTAACAGACGTA,3
CTAGCACAGCGTATGC,3
CTAGCACAGCGTGGGC,3
CTAGCACATCGTAGGC,3
CTATATTGCCCAGAAG,3
CTATCTTAATATACAG,3
CTATTTAAAAGACGTA,3
CTCAAATAATTGGCAC,3
CTCAAATAATTGGCGA,3
CTCCTAAGGGACGATT,3
CTCGACACCCTTCCGG,3
CTGAAATTATCTGTGG,3
CTGAACTCGTCGATAT,3
CTGAACTTATCCGTGG,3
CTGAACTTATCTGGGG,3
CTGAACTTATCTTTGG,3
CTGAGCTGCCAATAGG,3
CTGAGCTGCTAATAAG,3
CTGAGCTGTCAATAAG,3
CTGAGGGATTCAACTA,3
CTGAGTTGCCAATAAG,3
CTGCCAGGGAATCAAA,3
CTGGAATCTCCCATAC,3
CTGGGGGCCTGGCCCC,3
CTGTACCTGCATTTGA,3
CTGTATCAGTCGCGCC,3
CTTACAGAATACGAGA,3
CTTAGTTATTATATGC,3
CTTATAGAATACTAGA,3
CTTTAAATTATAGTCC,3
CTTTAAATTATATTCT,3
CTTTCAGCGATAACGG,3
CTTTTCTAGTACGCCT,3
CTTTTCTAGTACTCTT,3
GAAAGTCCATATGATG,3
GAAAGTCCCTATTATG,3
GAAATCACCAAATAAC,3
GAAATCCCCAAATAAA,3
GAAATCTCCAAATAAC,3
GAAATGCTGCATTAGG,3
GAAATTCCCTATGATG,3
GAAGAAACCATAACCA,3
GAAGAAACTATGACCA,3
GAAGGCGCGCCTTCAA,3
GAAGTAAGCTGAATGA,3
GAAGTGCGTATTGGGT,3
GAAGTGCTTCTGAAGT,3
GAAGTGGAGCCCAACA,3
GAATAATAGAACGGAG,3
GACAAAAGGGACATAC,3
GACAAAAGGGACGTAT,3
GACAAAAGGGGCATAT,3
GACAAAATGGACATAT,3
GACCCCTTGGAAGATG,3
GACCCCTTGTAAGAGG,3
GAGAGGTAGAGATACG,3
GAGCTTGATATGGATC,3
GAGCTTGCTATGGAGC,3
GAGCTTGCTATTGATC,3
GAGGGTATACGTCACC,3
GATCACCATCGACTTC,3
GATCGCCATCGACTCC,3
GATCGCCATCTACTTC,3
GATCGTGGGGAGAGTC,3
GATCTTGGGGAGAGCC,3
GATCTTGGGGAGAGGC,3
GATCTTGGGGAGAGTT,3
GCAAACAGCGTAGTTG,3
GCAAACATTGTAGTTG,3
GCAAAGAGGTGTAACC,3
GCAGCGTGCCGGCCAT,3
GCAGCTGCGGCGTGTG,3
GCATAAAGGATCATGA,3
GCATCATCAACTCCTA,3
GCATGGAACTAACTAC,3
GCATGGGTGTACGAGA,3
GCCAGATCGTATCCCT,3
GCCAGCAATGAGTTGT,3
GCCAGCGCGGTAAGAG,3
GCCAGCTCGCATCCCT,3
GCCAGCTCGTATACCT,3
GCCATTTAATGAAGGG,3
GCCATTTACCGAAGGG,3
GCCATTTACTAAAGGG,3
GCCATTTACTGAATGG,3
GCCTAAAGGATCATTA,3
GCGAACGAAGTAGGAG,3
GCGAAGTTTCGTAGCG,3
GCGCGATTGTCCGGAA,3
GCTGTCTAGAAATTTT,3
GGAGTGCGTATTGAGT,3
GGATAATAGAACAGAG,3
GGATGGAACTAACTCC,3
GGCAGCATTGGTCGCC,3
GGCCCATCTCAGATCG,3
GGCTCCTGGGGTATCA,3
GGGAAAGAAACTGGAG,3
GGGCTTGCTATGGATC,3
GGGGAAATGTAAATGA,3
GGGGGGATACGTCACC,3
GGGTGGACGGGCATGG,3
GGTCCATCCCAGATCG,3
GGTTAACTTTGGAAGA,3
GGTTAACTTTGGGAGC,3
GGTTGGGGTCTCCCTT,3
GTAAGATTCATGGAGT,3
GTAAGCAAAGCTGACC,3
GTAAGCAAAGTTAACC,3
GTAAGGGATTCAACTC,3
GTAATTCGCATGCGGG,3
GTACAAAACTGCAAAT,3
GTACCCAGTTCATGCG,3
GTACCCAGTTCCTGCA,3
GTACGAATTTGATTCC,3
GTAGAACTGCGGCCAC,3
GTAGAACTGCGGCCCT,3
GTAGAACTGCGGTCCC,3
GTAGATACTAGGAACA,3
GTAGCGTGCCGGTCAT,3
GTATAACTGCGGCCCC,3
GTCAAGTTACTGATGG,3
GTCAAGTTATGGATGG,3
GTCAATTTACGGATGG,3
GTCACATCCTGGAATG,3
GTCGCATACTGGAATG,3
GTCGCATCCGGGAATG,3
GTCGGCGTTAGTGTCA,3
GTCTCCGCTAATCCGA,3
GTGAGATTGTCCGGAA,3
GTGAGCGAGAAAAGTA,3
GTGCGATTGTCCGGGA,3
GTGGATACTAGGACCA,3
GTGGCATCAAGCCGGG,3
GTGTACCTGCAGTTGA,3
GTTAGGGCTACGTGAG,3
GTTATTATGACTCCAT,3
GTTGCTCCGATACGCC,3
GTTGCTCCTACACGCC,3
TAAAAAGCCTCCATTA,3
TAAAAATCCTCCATGA,3
TAACCTGCAAGCCACT,3
TAACGCGATTTCTCGA,3
TAACGTGACTTCTCGA,3
TAACGTGATTTCTCAA,3
TAATGATAACCCTGCG,3
TAATTCGCCGTTCCCC,3
TACAAAAGGGACATAT,3
TACCAATGTCATGTGA,3
TACCACCGAGTGACCG,3
TACCCTGCAAGACACT,3
TACCCTGCAAGCCACA,3
TACCCTGCAAGCCACC,3
TACCGATAACCCTGCG,3
TACCGCGCCGAGCACC,3
TACCTGCTGCGTAACG,3
TACCTGCTGTGGAACG,3
TACGGCCGGCGAACTC,3
TACTAAGGCCGTTGTC,3
TACTAATAACCCTGCG,3
TACTAATGCAGTTGTC,3
TACTGATAACCCCGCG,3
TACTGATAACCCTACG,3
TACTGATAACCCTGAG,3
TAGATGATAGTAACTC,3
TAGCATTGCCGGAAAG,3
TAGCATTGTCGGAGAG,3
TAGCATTGTCGGGAAG,3
TAGCTGATATTAACTC,3
TAGCTTCAACTAAAAA,3
TAGTCGCACTACTGCT,3
TATATCGTATCCACAG,3
TATCGCCATCGACTTC,3
TATGTAGTATCCACAG,3
TATGTCGTACCCACAG,3
TATGTCGTATCCACAA,3
TATGTCTTATCCACAG,3
TATTAGGAGAAGTGCG,3
TATTATTAGGCGGCAT,3
TATTGACATAGCGATG,3
TATTGAGAGAAGTGCG,3
TATTTCGTATCCACAG,3
TCAAGCGCGGTAAGAG,3
TCAAGTTAATATGCGC,3
TCAATCGTGGGCTAAA,3
TCATCGCACTACTGCT,3
TCATGGGTGTACGATA,3
TCCAGCGCGGTAAGGG,3
TCCAGCGCTGTAAGAG,3
TCCGGCGCGGTAAGAG,3
TCCTATGAAATAAGCT,3
TCCTTTGCGCGCAGTC,3
TCGAACGAAGTAGGGG,3
TCGATTGCTAGCCGGA,3
TCGTCCGTTGGGAACC,3
TCGTCGCACTAATGCT,3
TCGTCGCACTACTGAT,3
TCGTGGGTGTACGAGA,3
TCTAACTCTCGCGGAA,3
TCTGACTCTCGCGGCA,3
TCTGGAAAAGATCCCC,3
TCTTAGTCATCGTATG,3
TCTTAGTCCTCATATG,3
TCTTAGTCCTCGGATG,3
TCTTATTAGGAGGCAT,3
TCTTATTAGGGGGCAT,3
TCTTGACATAGCGAGG,3
TCTTGACATAGCTATG,3
TCTTTACCGCTGCATC,3
TGATCTGTGACATTGT,3
TGCAGTGGTATAAATA,3
TGCAGTGGTATACACA,3
TGCAGTGTTATACATA,3
TGCATTGGTATACATA,3
TGCCATTCCGGCGCGG,3
TGCGGTGGTCAATCCG,3
TGCTATCCCGGCGCGG,3
TGCTATTCCTGCGCGG,3
TGCTATTCTGGCGCGG,3
TGCTGATAACCCTGCG,3
TGCTGTGGTCGATCCG,3
TGGTCCACTTCATGCT,3
TGGTCCGCTTCATTCT,3
TGTAATAGTCGTCACA,3
TGTCTGGATAAAGTAG,3
TGTGGAGAGCCCTTAC,3
TGTGGAGCGCCCCTAC,3
TGTGGAGCGCCCTCAC,3
TGTGGAGCGCCCTTAT,3
TGTTAACTTTGGAAGC,3
TGTTGAGCCAGTATGA,3
TGTTGAGCCAGTCTGG,3
TGTTGAGCCGGTCTGA,3
TTACAAATTTGATTCC,3
TTACCCAGTTCCTGCG,3
TTACGGATTTGATTCC,3
TTAGGGAACGGGAAGC,3
TTATCGGTAGAGCGCT,3
TTATCTGTAGAGCGAT,3
TTATCTGTAGAGCTCT,3
TTCGCATCCTGGAATG,3
TTCTGTCCAGACTCGC,3
TTGCATCCTAGTGACG,3
TTGCTCCTGAGTAGTG,3
TTGCTCCTGAGTGGTA,3
TTGGAGAACGGGAAGC,3
TTGGGGAACAGGAAGC,3
TTGGGGAACGGAAAGC,3
TTGTATCAGTCGCGAC,3
TTGTATCAGTCGCGCT,3
TTGTATCAGTCTCGCC,3
TTTATAGCCAACACCA,3
TTTATATCCAAAACCA,3
TTTATATCCAACAACA,3
TTTATATCCAGCACCA,3
TTTATATCGAGACTCA,3
TTTATATCGAGATTTA,3
TTTCAGCATTGTTTTG,3
TTTCATCGTTGTTTTG,3
TTTCGGCGTTGTTTTG,3
TTTCGTGATACTCACT,3
TTTCGTGATACTCGCA,3
TTTCTCCTGAGTAGTA,3
TTTTATCAGTCGCGCC,3
AAAAAATGTATGACAA,2
AAAAAATTCATGACAA,2
AAAAAATTGATGACAA,2
AAAACCATAAGACCCC,2
AAAACGTAGAACCGCC,2
AAAATGCTGCATTAGG,2
AAACACATAAGACCCC,2
AAACCCATAAGACCCT,2
AAACGGTGATGTGATT,2
AAACGTACCGCGTTTA,2
AAAGACAAACAGTAAG,2
AAAGCTCTTCTCGTTC,2
AAAGGCGCGCCTCCAA,2
AAAGGCGCGCCTGCAA,2
AAAGGCGCGCCTTCAG,2
AAAGTGCGTATTGAGT,2
AAATCCCAGGTCCTTT,2
AACACGGAGAACCGCC,2
AACACGTAGAGCCGCC,2
AACAGAAGGCCATGTA,2
AACAGAAGTCCATCTA,2
AACAGAAGTCCATTTA,2
AACAGAAGTTCATGTA,2
AACAGGAGTCCATGTA,2
AACATACGAGACGTAA,2
AACATAGGGATATGTG,2
AACATCTAACAGATAG,2
AACCACCAAGTGACCG,2
AACCACCGAGTGACGG,2
AACCACCGAGTGATCG,2
AACCACCGAGTGGCCG,2
AACCACCGAGTTACCG,2
AACCCATGCTGGGGAT,2
AACCGTAACGCGTTTA,2
AACCGTACCGAGTTTA,2
AACCGTACCGCGTTTG,2
AACCGTACTGCGTTTA,2
AACCGTAGCGCGTTTA,2
AACCTACGAGAAGTAA,2
AACCTATGAGACGTAA,2
AACGACAAACAGTAAT,2
AACGACAAACAGTGAG,2
AACGACAAACATTAAG,2
AACGACAGACAGTAAG,2
AACGACCGAGTGACCG,2
AACGACGAACAGTAAG,2
AACGGAAGTCCATGTA,2
AACGGAAGTTGCCAAG,2
AACGGCCGGCGAACTC,2
AACGGTTCCGACTGAG,2
AACTACAAACAGTAAG,2
AACTCCCCTGACTGCT,2
AACTGAATTAAGTATG,2
AACTGTACCGCGTTTA,2
AACTTCCCGGACTGCT,2
AACTTCCCTGAATGCT,2
AACTTCCCTGACTGAT,2
AAGAAACTATAGAAGT,2
AAGAAGCTAGAGAAGT,2
AAGAAGGCTTTGTGAT,2
AAGACCAGCGGGTGAT,2
AAGAGTATGAAGAGCG,2
AAGATTAATTGAAGTT,2
AAGATTGATCGAAGTT,2
AAGATTGATTGAAGGT,2
AAGATTGATTGAGGTT,2
AAGATTGATTGGAGTT,2
AAGCAAATAGACCGAA,2
AAGCACAGCGGGTGAT,2
AAGCATTGTCGGAAAG,2
AAGCGATGATGTGATT,2
AAGCGGTGATGCGATT,2
AAGCGGTGATGTGATG,2
AAGCGGTGATGTTATT,2
AAGCGGTTATGTGATT,2
AAGGCTCTTTTCGTTC,2
AAGGGGAACGGGAAGC,2
AAGGGGCCTCATGATG,2
AAGGGGCCTCTTAATG,2
AAGGGGCTTCATAATG,2
AAGGGTCCTCATAATG,2
AAGGTACCTATGTAAT,2
AAGGTCCCTTTGTAAT,2
AAGGTGCCTCATAATG,2
AAGTACTGCTACACAT,2
AAGTATTGCGACACAT,2
AAGTATTGCTAAACAT,2
AAGTTAAGAGAAAGTC,2
AAGTTAGTAGACCCAT,2
AAGTTAGTAGACCCCC,2
AAGTTCCCTATGTAAT,2
AATATTTGCGCTTCAA,2
AATCACTGGCACCCGT,2
AATCGCCGGCACCCGT,2
AATCGCTGGTACCCGT,2
AATCGGTGATGTGATT,2
AATCGTTTAGATAGTT,2
AATGAAACAATCAAAC,2
AATGAAACAATCGAAT,2
AATGCGAGCATGCCAA,2
AATGCGAGTATGTCAA,2
AATGGCTGGCACCCGT,2
AATGTCCCTATGTAAT,2
AATGTCGTATCCACAG,2
AATGTGAGCATGTCAA,2
AATTAGTGAGTACTAG,2
AATTATTGCTACACAT,2
AATTCGCGAGTACTAG,2
AATTCGTGATTACTAG,2
AATTGAGACGCGCAAG,2
ACAAGATTAGGGGGAC,2
ACAAGATTCGGGGGAT,2
ACAAGATTCGGGGTAC,2
ACAAGATTCGGGTGAC,2
ACAAGATTCGTGGGAC,2
ACAATCCCAGCCTTTA,2
ACAATCTGAACCAGAC,2
ACAATCTGAACCATAT,2
ACAATCTGAACCGTAC,2
ACACAAATAGACCGAA,2
ACACCCGGAGCTTGGC,2
ACACGGGTTGGCGGTA,2
ACACGGGTTGGCTGGA,2
ACACGGGTTGGCTGTT,2
ACACGGGTTTGCTGTA,2
ACAGATTCACGAATAA,2
ACAGCGTGCCGGTCAT,2
ACAGGATTCGGGGGAC,2
ACAGTACGACCTACGC,2
ACAGTCAACCATTGAG,2
ACAGTCCACAATTGAG,2
ACAGTCCACCATTTAG,2
ACAGTCTAGAAATTTT,2
ACATATGATTTTCGAG,2
ACATGGAACTAACTCC,2
ACATGGGTTGGCTGTA,2
ACATTTTACAATAGGT,2
ACATTTTCAAATAGGT,2
ACATTTTCCAATAGGC,2
ACATTTTCCAATGGGT,2
ACCACCGGAGCTTGGC,2
ACCAGCAAGGAGGTGT,2
ACCAGCAAGGAGTTGT,2
ACCAGCAATGAATTGT,2
ACCAGCAATGAGGTGT,2
ACCAGCGCGGTAAGAG,2
ACCCCAGGAGCTTGGC,2
ACCCCCGGAGCCTGGC,2
ACCCGCGGAGCTTGGC,2
ACCGAAGGAATCATCC,2
ACCGAATGAACCATCC,2
ACCGAATGAATCAGCC,2
ACCGAATGAATCATTC,2
ACCGAATGAATCGTCC,2
ACCGAATGAATGATCC,2
ACCGATTCACGAAGAA,2
ACCGCTGCGGCGTGTG,2
ACCGGAAGTGGCCAAG,2
ACCGGCGTTAGTGTCA,2
ACCGGGATTGGCTGTT,2
ACCGTTGCACACACCA,2
ACCGTTGTACACACAA,2
ACCGTTGTACACACCT,2
ACCTGTCTCCGAGCAA,2
ACGAAGTTTCATAGCG,2
ACGACGAGGCTACGTA,2
ACGATTACTAGCCGGA,2
ACGCAAAGAGACCGAA,2
ACGCAAATAGACCAAA,2
ACGCAAATAGACCGAT,2
ACGCATGATTTTCGAG,2
ACGCGTCTCCGAGCAA,2
ACGTATAATTTTCGAG,2
ACGTATGAAATAAGCT,2
ACGTATGATTTCCGAG,2
ACGTATGATTTTAGAG,2
ACGTATGATTTTTGAG,2
ACGTATGGTTTTCGAG,2
ACGTCAATTAAGATCA,2
ACGTCCAGTAAGATCA,2
ACGTCCATTAAGAGCA,2
ACGTCCTTTAAGATCA,2
ACGTCGCACTACTGCT,2
ACGTGTATCCGAGCAA,2
ACGTGTCTCCGAACAA,2
ACGTTTCTCCGAGCAA,2
ACGTTTTCCAATAGGT,2
ACTACGAGGCTGCGTA,2
ACTATCATATCTAATA,2
ACTCCGGCTCGCTAAT,2
ACTCTGGATCGCTAAT,2
ACTCTGGCTCTCTAAT,2
ACTCTGGTTCGCTAAT,2
ACTCTGTCTCGCTAAT,2
ACTGTCTAGAAAGTTT,2
ACTGTCTAGAAATTTG,2
ACTGTCTAGGAATTTT,2
ACTTATGATTTTCGAG,2
AGAAAATCCCAGATAC,2
AGAAAATCTCAGAAAC,2
AGAAAATCTCAGATAG,2
AGAAAATCTCAGATGC,2
AGAAAATCTCAGGTAC,2
AGAAAATCTCCGATAC,2
AGAAAATCTGAGATAC,2
AGAAGATCTCAGATAC,2
AGACCCATAAGACCCC,2
AGACGGGTTGGCTGTA,2
AGAGAATCTCAGATAC,2
AGATCCCAGCTCCTTT,2
AGATCCCAGGCCCTTT,2
AGATCCCATGTCCTTT,2
AGATGAATTAAGTATG,2
AGCACCTAACAGATAG,2
AGCACGTAGAACCGCC,2
AGCAGAAGTCCATGTA,2
AGCAGAGGGATAGGTG,2
AGCAGCAATGAGTTGT,2
AGCATAGGGATAAGTG,2
AGCATAGGGATATGGG,2
AGCATAGGGATATTTG,2
AGCATATGGATATGTG,2
AGCATCTAACAGACAG,2
AGCATCTAACAGATAC,2
AGCATCTAACAGATGG,2
AGCATCTAACGGATAG,2
AGCATCTAATAGATAG,2
AGCATCTGACAGATAG,2
AGCATGGGGATATGTG,2
AGCATGTAACAGATAG,2
AGCATTTGCGCTTCAA,2
AGCCACCGAGTGACCG,2
AGCCCATGCTGGGTAT,2
AGCCGAATTAAGTATG,2
AGCGCCTGGGGTATCA,2
AGCGGAGGGAAGGGGG,2
AGCGTAGGGATATGTG,2
AGCGTCTAACAGATAG,2
AGCTATTCCGGCGCGG,2
AGCTCCCGGGGTATCA,2
AGCTCCTGGGGCGTCA,2
AGCTCCTGGGGTATTA,2
AGCTCCTGGGGTGTCA,2
AGCTCCTGTGGTATCA,2
AGCTGAATGAAGTATG,2
AGCTGAATTGAGTATG,2
AGCTTCTGGGGTATCA,2
AGGAAAAAAACTGGAG,2
AGGAAAGAAAATGGAG,2
AGGAAAGAAACGGGAG,2
AGGAAAGAGACTGGAG,2
AGGAAATAAACTGGAG,2
AGGAAGCTATAGAAGT,2
AGGAAGGAAACTGGAG,2
AGGAATATAGTTGGCA,2
AGGACCATAGTTGGCA,2
AGGACTATAGTTGACA,2
AGGACTATATTTGGCA,2
AGGAGAGAAACTGGAG,2
AGGCCCATAAGGACTA,2
AGGCCCGTAAGGAATA,2
AGGCGGTGATGTGATT,2
AGGGGACAAGATTGTA,2
AGGGTCCCTATGTAAT,2
AGGTATTGCTACACAT,2
AGGTCCAGACTCTTGC,2
AGGTGGGGTCTCCCTT,2
AGGTTCAGACTCGTGC,2
AGGTTCAGACTCTTTC,2
AGTATTTGCACTTCAA,2
AGTATTTGCGATTCAA,2
AGTATTTGCGCCTCAA,2
AGTATTTGCGCGTCAA,2
AGTATTTGCGCTGCAA,2
AGTATTTGCGCTTCAT,2
AGTATTTGCGCTTCGA,2
AGTCGCTGGCACCCGT,2
AGTCGTTTAGATAGGT,2
AGTCGTTTAGATAGTC,2
AGTCGTTTAGATAGTG,2
AGTCGTTTAGATATTT,2
AGTCTTTTAGATAGTT,2
AGTGACCCCCTCCAAC,2
AGTGGAGCGCCCTTAC,2
AGTGTAGGCTTGGTTA,2
AGTGTTGAATAGGCGT,2
AGTGTTGAATAGTCGA,2
AGTGTTGAGTAGGCGA,2
AGTGTTGGATTGGTTA,2
AGTGTTGGCTTTGTTA,2
AGTGTTGTCTTGGTTA,2
AGTTCAGCGATAACGG,2
AGTTCCATAGGAATGG,2
AGTTCCATAGTCATGG,2
AGTTCCATATGCATGG,2
AGTTGAATTAAGTATG,2
AGTTGGGCTCTCCCTT,2
AGTTGGGGTATCCCTT,2
AGTTGGGGTCTCCTTT,2
AGTTGGGGTCTGCCTT,2
AGTTTTGGCTTGGTTA,2
AGTTTTTATAACTTGT,2
ATAACATTTGTGCAAA,2
ATAACGTTTGTGCAAT,2
ATAACGTTTGTGCATA,2
ATAACGTTTTTGCAAA,2
ATAACTGAGGGCATCG,2
ATAACTGGGGGCATTG,2
ATAAGGGCTACGTGAG,2
ATACACGAATGTGCCA,2
ATACACGCATGTTCCA,2
ATACGCGCATGTGCCA,2
ATAGAACTGCGGCCCC,2
ATAGATCTGCTTCCTG,2
ATAGGATACATGGCTG,2
ATAGGATATATGACTG,2
ATAGGGTATATGGCTG,2
ATAGTATATATGGCTG,2
ATAGTCCACCATTGAG,2
ATATAAAAAACTGAGT,2
ATATAAAAAACTTATT,2
ATATCTTAATCTACAG,2
ATATGAAAAACTTAGT,2
ATATGATATATGGCTG,2
ATCAAATAATTGGCGC,2
ATCAGCAATGAGTTGT,2
ATCAGGATAATCACGC,2
ATCAGGATAATCGAGC,2
ATCAGGATAATCGCTC,2
ATCAGGATAATCTCGC,2
ATCATAGGGATATGTG,2
ATCCCGAATGGGGTAG,2
ATCGATTCACGAATAA,2
ATGAGATTATAACGTA,2
ATGAGGGATTCAACTC,2
ATGCCCGTAAGGACTA,2
ATGCGATTGTCCGGAA,2
ATGCGGTGATGTGATT,2
ATGGAATTGGAGAAAC,2
ATGGCCAACGGGCATA,2
ATGGCCCATGGGCATA,2
ATGGGATTTGAGAAAC,2
ATGGGGATTGGCTGTT,2
ATGTTCAGACTCTTGC,2
ATTAGATTATAACGTT,2
ATTAGATTATAACTTA,2
ATTAGGGCTAAGTGAG,2
ATTAGGGCTACGCGAG,2
ATTAGGGCTACGTGGG,2
ATTAGGGCTACGTTAG,2
ATTAGGGGTACGTGAG,2
ATTATAATATCTAATA,2
ATTATATCCAACACCA,2
ATTATCAGATCTAATA,2
ATTATCATATCTAAGA,2
ATTATCGTATCTAATA,2
ATTCCGAACGGGGTAG,2
ATTCCGAATGGGGTAT,2
ATTCCGAATGGTGTAG,2
ATTCCGAATGTGGTAG,2
ATTGCGAATGGGGTAG,2
ATTGTCATATCTAATA,2
ATTGTCTAGAAATTTT,2
ATTTAAATGCGAGGAC,2
ATTTAAATTAGAGGAC,2
ATTTAAATTATAGTCT,2
ATTTAAATTCGAGGAT,2
ATTTAAATTCTAGGAC,2
ATTTAAATTTGAGGAC,2
ATTTACCCATTATACG,2
ATTTAGATTCGAGGAC,2
ATTTGAATTCGAGGAC,2
ATTTTTCCATGGCTAC,2
ATTTTTCTATGGCTAT,2
ATTTTTCTATGTCTAC,2
CAAAAACATTACAAAT,2
CAAAACCTCGTTGTCT,2
CAAAATCAGCACGATA,2
CAAAATCTAAGGCGAC,2
CAAAATCTACGGAGAC,2
CAAAATCTACTGCGAC,2
CAAAATCTATGGCGAC,2
CAAACGCTGCATTAGG,2
CAAATGCTACATTAGG,2
CAAATGCTGCAGGAGG,2
CAAATGCTGCAGTAGG,2
CAAATGTTGCATTAGG,2
CAAGGGCTAATGTCTC,2
CAAGTAGAAATACATA,2
CAAGTGCTGCATTAGG,2
CAATATTGCCCGGAAG,2
CAATTAGAAATACATC,2
CAATTAGAAATACGTA,2
CAATTAGAAGTACATA,2
CAATTAGAGATACATA,2
CAATTCGCAGTTCCCC,2
CAATTCGCCGTCCCCC,2
CAATTCGCCGTTCACC,2
CAATTCGCCGTTCTCC,2
CAATTCGCCGTTTCCC,2
CAATTCGCCTTTCCCC,2
CAATTGGAAATACATA,2
CACACTTTACGAGACA,2
CACAGAAGTCCATGTA,2
CACAGACAACAAAAAA,2
CACAGACAATAAAGAA,2
CACAGACGATAAAAAA,2
CACAGATAATAAAAAA,2
CACCAATCTTCGAAAT,2
CACCATCAGCACAGAG,2
CACCATCAGCACCCAG,2
CACCATCAGCACCTAC,2
CACCATCAGCACCTTG,2
CACCATCAGTACCTAG,2
CACCATGAGCACCTAG,2
CACCGCGCCGAACACC,2
CACCGCTCCGAGCACC,2
CACCGTCAGCACCTAG,2
CACGACCGGCGAACTC,2
CACGGCCGGAGAACTC,2
CACGGCCGGCAAACTC,2
CACGGCCGGCGAAATC,2
CACGGCCGGCGAGCTC,2
CACGGCCGGTGAACTC,2
CACGGCTGGCGAACTC,2
CACGGGATAATGTCTC,2
CACGGGATGGGCACGT,2
CACGGGCTAAGGTCTC,2
CACGGGCTAATGGCTC,2
CACGGGCTAATTTCTC,2
CACGGTCGGCGAACTC,2
CACGGTTCCGACTAAG,2
CACTAGAGGTACAGTC,2
CACTAGATGTACAATC,2
CACTAGATGTACAGTA,2
CACTAGATGTACATTC,2
CACTAGATGTATAGTC,2
CACTATATGTACAGTC,2
CACTGGATGTACAGTC,2
CACTTCTGATGAATTG,2
CAGAAACTCGTTGTCT,2
CAGAACCTAGATGGTA,2
CAGAACCTGCAGTTGA,2
CAGAACTTATCTGTGG,2
CAGATAGTGATGAACT,2
CAGATAGTGATGTACA,2
CAGCCAGGGAATCAAA,2
CAGGAGGCCTGGCCCC,2
CAGGCTATAGAGCTCT,2
CAGGCTCTACAGCTCT,2
CAGGCTCTAGAGCGCT,2
CAGGCTCTAGGGCTCT,2
CAGGCTCTGGAGCTCT,2
CAGGGGAATTGCCACT,2
CAGGGGTAGAGATACG,2
CATAAAGAGTTTGTTG,2
CATAACCTCGTTGTCT,2
CATACAGAGGTTGTTG,2
CATACAGAGTGTGTTG,2
CATACAGAGTTTGTCG,2
CATACAGAGTTTGTGG,2
CATACAGAGTTTGTTT,2
CATACAGATTTTGTTG,2
CATACAGTGTAATCGA,2
CATACATAGTTTGTTG,2
CATCGGCTCTTGATTA,2
CATGGGAATTACCACT,2
CATGGGAATTGCGACT,2
CATGGTAATTGCCACT,2
CATGTGGAACCCAACA,2
CATGTGGAGCCCAACT,2
CATGTGGAGCCCAATA,2
CATGTGGAGCGCAACA,2
CATGTTGAGCCCAACA,2
CATTAAGACGCGCAAG,2
CATTGAGACACGCAAG,2
CATTGAGACGAGCAAG,2
CATTGAGACGTGCAAG,2
CATTGAGATGCGCAAG,2
CCAACACAAAAAATTG,2
CCAACACAGAAAATTA,2
CCAAGCGTGGCGCATC,2
CCAAGCTTGGCGCATA,2
CCAAGCTTGGCTCATC,2
CCAATCCCATCCTTTA,2
CCATAAACCGTTTGTA,2
CCATATTGCCCGGAAG,2
CCATGATGCATTCCCG,2
CCATGGGTGTACGAGA,2
CCATTTACGGATCTCT,2
CCCACGCTGTTTAAAA,2
CCCCATGAAATAAGCT,2
CCCCCGCTGGTTAAAA,2
CCCCTCCCCTAAAGTT,2
CCCCTCCTCGAAAGTT,2
CCCCTCCTCTAAAGTC,2
CCCGAATGAATCATCC,2
CCCTATGAAAGAAGCT,2
CCCTATGAAATAAACT,2
CCCTATGAAATAAGCC,2
CCCTGCGCTGCTCGGG,2
CCCTTTACGGATCTCC,2
CCGAACGAAGTAGGAG,2
CCGAACTTGTCGATAT,2
CCGAGGGATTCAACTC,2
CCGCATGAGCGGGAGG,2
CCGGATAAACCAGAAC,2
CCGGATAAATCAGAAA,2
CCGGATAAGTCAGAAC,2
CCGGGGTTAAGTTGTG,2
CCGTCCGTTGGGAACT,2
CCTAACTCTCGCGGCA,2
CCTACAGAATACTAGA,2
CCTCGGCTCTTGATTA,2
CCTGGGCTAAGTTGTG,2
CCTGGGTCAAGTTGTG,2
CCTGGGTTAAGTCGTG,2
CCTGGTTTAAGTTGTG,2
CCTGTGTTAAGTTGTG,2
CCTTGACATAGCGATG,2
CCTTGATGCGTTCCCG,2
CCTTTTACGGATCTCT,2
CGAACCGCAGACACGG,2
CGAATCCACGGACGCC,2
CGACTCCAAGGACGCC,2
CGACTCCACGGACCCC,2
CGACTCCACGGACGCT,2
CGAGAAATGTAAATGA,2
CGATCTTTACGAAAAG,2
CGATCTTTACTAAAAA,2
CGCAACATTGGTCGCC,2
CGCACGTTACGAGACA,2
CGCACTTTACGAGAAA,2
CGCACTTTACTAGACA,2
CGCAGCATTGGTCACC,2
CGCAGCATTGGTCGCT,2
CGCGACACCCCTCCGG,2
CGCGACACCCTCCCGG,2
CGCGACACCCTGCCGG,2
CGCGACACCCTTCCCG,2
CGCGACACCCTTCCGC,2
CGCGACACCCTTCTGG,2
CGCGACACTCTTCCGG,2
CGCGACATCCTTCCGG,2
CGCGTACCCTTCAGCA,2
CGGACCCTAGAGGGTA,2
CGGACGGGACTCATCT,2
CGGCAAGGGAATCAAA,2
CGGCCAGGGAATAAAA,2
CGGCCAGGGAATCATA,2
CGGCCAGGGAATCGAA,2
CGGGAAAATACATAAC,2
CGGGAAATGTAAATGG,2
CGGGAAATGTAGATGA,2
CGGGAAATGTGAATGA,2
CGGGAAGTGTAAATGA,2
CGGGAATCTCCCGTAC,2
CGGGAATTTCCCATAC,2
CGGGGACAAGATTATA,2
CGGGGACAAGATTGGA,2
CGGTCGGAACTCATCT,2
CGGTCGGGAATCATCT,2
CGGTCGGGACTCATTT,2
CGTAAAGTGTAATCGA,2
CGTACAGAGTTTGTTG,2
CGTACAGTGGAAGCGA,2
CGTACAGTGTAATCAA,2
CGTACAGTGTAATCTA,2
CGTACAGTGTAGTCGA,2
CGTACGTATGTCCCAC,2
CGTACGTATGTCCCTG,2
CGTCCAGGGAATCAAA,2
CGTCTACCCTTCAGCA,2
CGTGAATCTCCCATAC,2
CGTGACCCCCCCCAAC,2
CGTGACCCCCGCCAAC,2
CGTGGGAATTGCCACT,2
CGTGGGTTAAGTTGTG,2
CGTGTACCCTGCAGCA,2
CGTGTACCCTTCACCA,2
CGTGTACCTTTCAGCA,2
CGTTCAGCGATAAAGG,2
CGTTCAGCGATAACTG,2
CGTTCATCGATAACGG,2
CTAAAATAATTGGCGC,2
CTAAACTTATCTGTGG,2
CTAAGCTTGGCGCATC,2
CTAATTGAAGTATCAA,2
CTAATTTAAGGATCAA,2
CTAATTTAAGTATCGA,2
CTAATTTAATCTACAG,2
CTAATTTAGGTATCAA,2
CTAGAGGCCTGGCCCC,2
CTAGCACAGCATAGGC,2
CTAGCACAGCGCAGGC,2
CTAGCACAGCGGAGGC,2
CTAGCACAGCGTAGCC,2
CTAGCACAGTGTAGGC,2
CTAGCAGAGCGTAGGC,2
CTAGCATAGCGTAGGC,2
CTATAAACCGTTTGTG,2
CTATATGGCCCGGAAG,2
CTATATTGCCCGGGAG,2
CTATATTGCCCGGTAG,2
CTATCACAGCGTAGGC,2
CTATCTAACAGACGTA,2
CTATCTTAATCTAAAG,2
CTATCTTAATCTACAT,2
CTATCTTAATCTACGC,2
CTATCTTAATCTACTG,2
CTATCTTAATCTATAG,2
CTATTAGAAATACATA,2
CTATTTAACAGAAGTA,2
CTATTTAACAGATGTA,2
CTATTTGACAGACGTA,2
CTCAAATAATTGGCTC,2
CTCAAATAATTGGGGC,2
CTCAACTTATCTGTGG,2
CTCCGGCTCTTGATTA,2
CTCCTAGGGGAAGATT,2
CTCCTAGGGGACGATG,2
CTGAAATTGTCGATAT,2
CTGAACCTCGTTGTCT,2
CTGAACTTATCTATGG,2
CTGAACTTATCTGCGG,2
CTGAACTTATTTGTGG,2
CTGAACTTGTCTATAT,2
CTGAACTTGTTGATAT,2
CTGAGCGAGAAAAGCA,2
CTGAGCTGACAATAAG,2
CTGAGCTGCCAATAAC,2
CTGAGCTGCCAATGAG,2
CTGAGCTGCCGATAAG,2
CTGAGCTTATCTGTGG,2
CTGAGGGATTCAGCTC,2
CTGGAACATACATAAC,2
CTGGAGACCTGGCCCC,2
CTGGAGGCCTCGCCCC,2
CTGGAGGCCTGGCGCC,2
CTGGATAAATCAGAAC,2
CTGGCACAGCGTAGGC,2
CTGGGGGATTCAACTC,2
CTGTACCGGCAGTTGA,2
CTGTACCTACAGTTGA,2
CTGTACCTGAAGTTGA,2
CTGTACCTGCAGTTGT,2
CTGTACCTGTAGTTGA,2
CTGTATTGCCCGGAAG,2
CTGTCGGGACTCATCT,2
CTTACAGAATACCAGA,2
CTTACAGAATAGTAGA,2
CTTACAGAATATTAGA,2
CTTACAGGATACTAGA,2
CTTACAGTGTAATCGA,2
CTTACTGAGCGAGAGT,2
CTTAGATATTATATGC,2
CTTAGGTAGTATATGC,2
CTTAGGTATTAGATGC,2
CTTAGGTATTATATGG,2
CTTAGGTGTTATATGC,2
CTTCAGCTCTTGATTA,2
CTTCGACTCTTGATTA,2
CTTCGGATCTTGATTA,2
CTTCGGCTCTTGAGTA,2
CTTCGGCTCTTGATGA,2
CTTCGGCTCTTGGTTA,2
CTTCGGTTCTTGATTA,2
CTTCTCTAGTACGCTT,2
CTTTGAATTATAGTCT,2
GAAAAATTTATGACAA,2
GAAAGCCACGTGCAAT,2
GAAAGCCCCGTGCAAG,2
GAAAGCCCCGTGTAAT,2
GAAAGCCCCGTTCAAT,2
GAAAGCCCCTATGATG,2
GAAAGTCCCTATGACG,2
GAAAGTCCCTATGATA,2
GAAATACCCAAATAAC,2
GAAATCCACAAATAAC,2
GAAGAAAATATAACCA,2
GAAGAAACGATAACCA,2
GAAGAAACTAGAACCA,2
GAAGAAACTATAACAA,2
GAAGAAACTATAATCA,2
GAAGAATAGAACAGAG,2
GAAGCTCTTTTCGTTC,2
GAAGTACGCCGAATGA,2
GAAGTACGCGGAATGA,2
GAAGTACGCTGAATGG,2
GAAGTACGCTGGATGA,2
GAAGTACTCTGAATGA,2
GAAGTATGCTGAATGA,2
GAAGTGCCGCTGAAGT,2
GAAGTGCGTATTGAGG,2
GAAGTGCGTATTGATT,2
GAAGTGCTGATGAAGT,2
GAAGTGCTGCTGAAAT,2
GAAGTGCTGCTGAGGT,2
GAAGTTCGTATTGAGT,2
GAAGTTCTGCTGAAGT,2
GAATAATAGAACAGAA,2
GAATAATAGAAGAGAG,2
GAATAATAGAGCAGAG,2
GAATCCTCAACTCCTA,2
GAATTGCTGCTGAAGT,2
GACAAAAAGGACATAT,2
GACAAAAGGGACAAAT,2
GACCCCCTGTAAGATG,2
GACGGCGTTAGTGTCA,2
GACGGGATGGGCACGC,2
GACGGGATGTGCACGT,2
GACTGGATGGGCACGT,2
GACTTCCCTGACTGCT,2
GACTTTGCGCGCAGTC,2
GAGAGCCCCGTGCAAT,2
GAGAGCTGCAGAAGAG,2
GAGAGCTGCAGAAGCT,2
GAGAGCTGCGGAAGCG,2
GAGAGCTTCAGAAGCG,2
GAGAGGATACGTCACC,2
GAGAGTCCCTATGATG,2
GAGATAATATAGAGAC,2
GAGATAGTGATGAACA,2
GAGATCTGCAGAAGCG,2
GAGATTGCTATGGATC,2
GAGCTTGCTATGGATA,2
GAGCTTTCTATGGATC,2
GAGGAGATACGTCACC,2
GAGGGGATACGTCACT,2
GAGGGGATACGTCATC,2
GAGGGGATACTTCACC,2
GAGGGGCCTCATAATG,2
GAGGGGGAGAGAGACG,2
GAGGGGTAGAGACACG,2
GAGGGGTAGAGATACT,2
GAGGGGTAGAGATAGG,2
GAGGTGATACGTCACC,2
GAGTGGATACGTCACC,2
GATAACGCAGAAAAAG,2
GATAGCCATCGACTTC,2
GATAGCTGCAGAAGCG,2
GATCAAGCAGAAAAAG,2
GATCACACAGAAAAAG,2
GATCGCAATCGACTTC,2
GATCGCCATCGACGTC,2
GATCTGGGGGAGAGTC,2
GATCTTGGGGAGGGTC,2
GATCTTGTGGAGAGTC,2
GATCTTTGGGAGAGTC,2
GATGGGATACGTCACC,2
GATTCAGATGACCACC,2
GCAAACAGTGTAGTGG,2
GCAACGAAGTGTAACC,2
GCACCCAGTTCCTGCG,2
GCACCCTCAACTCCTA,2
GCAGCGTGACGGTCAT,2
GCAGCGTGCCGGTCGT,2
GCAGCGTGCCTGTCAT,2
GCATCCTCAACTCCCA,2
GCATCCTCAACTCCGA,2
GCATCCTCAACTTCTA,2
GCATGGAACTAACTCT,2
GCATGGAACTAAGTCC,2
GCATTGAACTAACTCC,2
GCATTTGCGCGCAGTC,2
GCCAAGTTACGGATGG,2
GCCAGCTAGTATCCCT,2
GCCAGCTCGTATCCAT,2
GCCAGCTCGTATCCCG,2
GCCAGCTCTTATCCCT,2
GCCATTTACTGAAGAG,2
GCCATTTACTGAAGGT,2
GCCATTTACTGAGGGG,2
GCCATTTGCTGAAGGG,2
GCCGCTGTGGCGTGTG,2
GCCGGAGTTAGTGTCA,2
GCCGGCGTTAGTGTAA,2
GCCGGCGTTAGTGTCG,2
GCCGGCTCGTATCCCT,2
GCCTAAAGGATCATAA,2
GCCTATGAAATAAGCT,2
GCCTGCGCGGCTCGGG,2
GCCTTTGAAATAAGCT,2
GCCTTTGCGAGCAGTC,2
GCCTTTGCGCACAGTC,2
GCCTTTGCGCGCAGCC,2
GCCTTTGCGTGCAGTC,2
GCCTTTTCGCGCAGTC,2
GCGAAGTCTCATAGCG,2
GCGAAGTTTCATAGCT,2
GCGATTACTAGCCGGA,2
GCGCAAATAGACCGAA,2
GCGGAGTTTCATAGCG,2
GCGGTATCAAGCCGGG,2
GCTTAACTTTGGAAGC,2
GGAAACAATGTAGTTG,2
GGCTAACTTTGGAAGC,2
GGGGTATCAAGCCGGG,2
GGTCACGCAGAAAAAG,2
GGTCCAGAGTTTGTTG,2
GGTCCATCTCAGATCT,2
GGTCTATCTCAGATCG,2
GGTGTTGGCTTGGTTA,2
GGTTAACTTTGGAAAC,2
GGTTAACTTTGGAATC,2
GGTTAACTTTTGAAGC,2
GTAAGCAAAGTGGACC,2
GTAAGCAAAGTTCACC,2
GTAAGCAAAGTTTACC,2
GTAAGCGAAGTTGACC,2
GTAAGCGAGAAAAGCA,2
GTAAGCTCCATGGAGT,2
GTAAGCTTCATGTAGT,2
GTAAGTAAAGTTGACC,2
GTAATTCGCATGCTGA,2
GTAATTCGCATGTGGA,2
GTACAAACTTGCAAAT,2
GTACCCAGTTCCTGCC,2
GTACCCAGTTTCTGCG,2
GTAGAACTGCGGCACC,2
GTAGAACTGCGGCCTC,2
GTAGATAATAGGACCA,2
GTAGATACTAGGACAA,2
GTAGATGCTAGGACCA,2
GTAGCATCCTGGAATG,2
GTAGCCGCTAATCCGA,2
GTATATACTAGGACCA,2
GTATCCTCAACTCCTA,2
GTCAAGTGACGGATGG,2
GTCAAGTTACGGGTGG,2
GTCAAGTTACGTATGG,2
GTCATTTACTGAAGGG,2
GTCGCATCATGGAATG,2
GTCGCATCCTGGAAGG,2
GTCGCATCCTGGAGTG,2
GTCGCATCCTGGGATG,2
GTCGCCACTAATCCGA,2
GTCGCCGCCAATCCGA,2
GTCGCCGCTAATCCGT,2
GTGAACTTATCTGTGG,2
GTGAGCAAGAAAAGCA,2
GTGAGCGGGAAAAGCA,2
GTGAGCTGCAGAAGCG,2
GTGCCATTGTCCGGAA,2
GTGCCCAGTTCCTGCG,2
GTGCGATCGTCCGGAA,2
GTGCGATGGTCCGGAA,2
GTGCGATTATCCGGAA,2
GTGCGATTGGCCGGAA,2
GTGCGATTGTCCGGAT,2
GTGCGATTGTCCGGCA,2
GTGCGATTGTCCGTAA,2
GTGCGATTTTCCGGAA,2
GTGCTATTGTCCGGAA,2
GTGGGATCAAGCCGGG,2
GTGGTACCAAGCCGGG,2
GTGGTATCAACCCGGG,2
GTGGTATCAAGCAGGG,2
GTGGTATCAAGCCGGA,2
GTGGTATCAAGCTGGG,2
GTGGTATCAAGGCGGG,2
GTTATTATGACTTCGT,2
GTTATTATTACTTCAT,2
GTTGATCCGACACGCC,2
GTTGCTCCGACAAGCC,2
GTTGCTCCGACACGCA,2
GTTGCTCCGACACTCC,2
GTTGTTATGACTTCAT,2
GTTTCTCCGACACGCC,2
TAAAAAGACTCCATGA,2
TAAAAAGCCGCCATGA,2
TAAAGTCCCTATGATG,2
TAACAACAATACAAAT,2
TAACCCATAAGACCCC,2
TAACGTCATTTCTCGA,2
TAACGTGATTTATCGA,2
TAACGTGATTTCTAGA,2
TAACTGCTGCGGAACG,2
TAACTTGATTTCTCGA,2
TAAGTGCTGCTGAAGT,2
TAATAAGTCAGCAAGA,2
TAATAATGCCGTTGTC,2
TACATACCGACGAAGT,2
TACATACCGACGCAAT,2
TACATACCTACGCAGT,2
TACCAATGCCATTTGA,2
TACCATGCAAGCCACT,2
TACCCCGCAAGCCACT,2
TACGGTTCCGACTAAG,2
TACTAATCCCGTTGTC,2
TACTAATGCCGTTGTT,2
TACTAATGCCGTTTTC,2
TACTAATGCGGTTGTC,2
TACTAATGGCGTTGTC,2
TACTAGCAAGAAAATC,2
TACTAGCAATAAAATA,2
TACTAGTGCCGTTGTC,2
TACTGACAACCCTGCG,2
TACTGATAAACCTGCG,2
TACTGATAACCATGCG,2
TACTGATAACCCGGCG,2
TACTGATAACCCTTCG,2
TACTGATGACCCTGCG,2
TACTGATGCCGTTGTC,2
TACTGGTAACCCTGCG,2
TAGAGCTGCAGAAGCG,2
TAGCATGGGCGGAAAG,2
TAGCATTGTCGAAAAG,2
TAGCATTGTCGGAAGG,2
TAGCATTGTCTGAAAG,2
TAGCGTGATTTCTCGA,2
TAGCTCCTGAGTAGTA,2
TAGCTGATAATAACTC,2
TAGCTGATAGTAAATC,2
TAGCTGGTAGTAACTC,2
TAGGATTGTCGGAAAG,2
TAGGGGATACGTCACC,2
TAGGTCCCTATGTAAT,2
TATAATAGGCGTCACA,2
TATAATCACGGAGGAT,2
TATACTCAAGGAGGAT,2
TATACTCACGGAGGAG,2
TATACTCACTGAGGAT,2
TATCAAGAGAAGTGCG,2
TATCACGCAGAAAAAG,2
TATCCAAGGGACGGAA,2
TATCCAAGGGACGTAC,2
TATCGCCACTGATAAG,2
TATCTGATAGTAACTC,2
TATGCCGTATCCACAG,2
TATGGGAATTGCCACT,2
TATGTCCTATCCACAG,2
TATGTCGTATACACAG,2
TATGTCGTATCCATAG,2
TATGTCGTATCCGCAG,2
TATTAAGAGAAATGCG,2
TATTAAGAGAAGTACG,2
TATTAAGAGAAGTGCT,2
TATTAAGAGAAGTTCG,2
TCAATCGGGGGATAAA,2
TCACTTCAACTAAAAA,2
TCAGCGTGCCGGTCAT,2
TCATCTGTAGAGCGCT,2
TCATTGGTGTACGAGA,2
TCCACACCCCCAGCTA,2
TCCAGCGCCGTAAGAG,2
TCCAGCGCGGCTCGGG,2
TCCAGCGCGGTAATAG,2
TCCAGCGCGGTGAGAG,2
TCCATCGCGGTAAGAG,2
TCCCCGTGGTTTGACG,2
TCCCCGTGGTTTGTCA,2
TCCGGAAACGATCCCC,2
TCCGGCGTTAGTGTCA,2
TCCTAGTCCTCGTATG,2
TCCTATTAGGCGGCAT,2
TCGAAAGAAGTAGGAG,2
TCGAACGAAGGAGGAG,2
TCGAACGAAGTAGGTG,2
TCGAACGAAGTAGTAG,2
TCGAACGAATTAGGAG,2
TCGAGCGCGGTAAGAG,2
TCGAGTTAATATTCGC,2
TCGATTAATAGCCGGA,2
TCGATTACTAGCCGAA,2
TCGATTACTAGCCTGA,2
TCGATTACTATCCGGA,2
TCGATTACTGGCCGGA,2
TCGATTCAACTAAAAA,2
TCGCTTAAACTAAAAA,2
TCGCTTCAAATAAAAA,2
TCGCTTCAACCAAAAA,2
TCGGGGATTGGCTGTT,2
TCGTACGTTGGGAACT,2
TCGTAGCACTACTGCT,2
TCGTCCGTTGGGAACA,2
TCGTCCGTTGGGAGCT,2
TCGTCCTTTGGGAACT,2
TCGTCGCACTACCGCT,2
TCGTCGCACTACTGCA,2
TCGTCGCACTACTTCT,2
TCGTCTCACTACTGCT,2
TCGTCTGTTGGGAACT,2
TCGTTGTACTACTGCT,2
TCTAACTCTCGAGGCA,2
TCTAACTCTCGCAGCA,2
TCTAACTCTCGTGGCA,2
TCTAACTCTCTCGGCA,2
TCTAGCGCGGTAAGAG,2
TCTATATCCAACACCA,2
TCTCAGCGTTGTTTTG,2
TCTCAGCTCTTAGCCA,2
TCTCAGCTCTTAGCTG,2
TCTCAGCTCTTAGTCG,2
TCTGGAAACTATCCCC,2
TCTTAGGCCTCGTATG,2
TCTTAGTACTCGTATG,2
TCTTAGTCCTCGCATG,2
TCTTAGTCCTCGTAAG,2
TCTTAGTCCTCGTGTG,2
TCTTAGTCTTCGTATG,2
TCTTATTAGGCGCCAT,2
TCTTATTAGGCGGCGT,2
TCTTATTAGTCGGCAT,2
TCTTGACGTAGCGATG,2
TCTTGATGCATTCCCG,2
TCTTGGTCCTCGTATG,2
TCTTTAACACTGCATC,2
TCTTTACAACTGCATC,2
TCTTTACCAATGCATC,2
TCTTTACCACTGAATC,2
TCTTTACCACTGCATG,2
TGAAAACATTACAAAT,2
TGACAAAAATACAAAT,2
TGACAACAATAAAAAT,2
TGACAACAATATAAAT,2
TGACAACAATGCAAAT,2
TGACGAATTTGATTCC,2
TGAGGTGGTCGATCCG,2
TGAGTTCATAGCGCCA,2
TGAGTTCATAGCTTCA,2
TGATATGTGACATTGC,2
TGATCCCAGGTCCTTT,2
TGATCCGTGACATTGC,2
TGATCTGTGACATTTC,2
TGATCTTTTAAATTTA,2
TGATCTTTTGCATTTA,2
TGATTTGTGACATTGC,2
TGCAGCGCGGTAAGAG,2
TGCAGGGGTATACATA,2
TGCAGTGGTATACAGA,2
TGCAGTGGTATACATG,2
TGCAGTGGTATACGTA,2
TGCATAGGGATATGTG,2
TGCCCATGCTGGGGAT,2
TGCGGTGGTAGATCCG,2
TGCGGTGGTCGAGCCG,2
TGCGGTGGTCTATCCG,2
TGCGGTTGTCGATCCG,2
TGCTAATGCCGTTGTC,2
TGCTACTCCGGCGCGG,2
TGCTATTCCAGCGCGG,2
TGCTATTCCGGCGCGA,2
TGCTATTCCGGCGCGC,2
TGCTATTCCGGCGCTG,2
TGCTATTCCGTCGCGG,2
TGCTCCTGGGGTATCA,2
TGCTGTTCCGGCGCGG,2
TGGACTATAGTTGGCA,2
TGGCAACAATACAAAT,2
TGGCATTGTCGGAAAG,2
TGGTACGCTTCATGCT,2
TGGTATTCCGGCGCGG,2
TGGTCCGCTTCATGCG,2
TGGTCTTTTACATTTA,2
TGTAATAGGCATCACA,2
TGTAATAGGTGTCACA,2
TGTACGGATAAAGTAG,2
TGTAGTAGGCGTCACA,2
TGTCAGGATAAAGTAG,2
TGTCCATCTCAGATCG,2
TGTCCGGACAAAGTAG,2
TGTCGAGCCAGTCTGA,2
TGTGAAGCGCCCTTAC,2
TGTGGAGCACCCTTAC,2
TGTGGAGCGCCCTGAC,2
TGTTGAACCAGTCTGA,2
TGTTGAGCCAGTCCGA,2
TGTTGAGCTAGTCTGA,2
TGTTGAGTCAGTCTGA,2
TGTTGATCCAGTCTGA,2
TGTTGTAATCTGAATG,2
TGTTTAGCCAGTCTGA,2
TTAATGTAGCCGCTCA,2
TTAATGTATCCGCTCC,2
TTACGAATTTGATTTC,2
TTATCTATAGAGCGCT,2
TTATCTGTAGAACGCT,2
TTATCTGTAGATCGCT,2
TTATCTGTAGGGCGCT,2
TTATCTGTATAGCGCT,2
TTATCTGTGGAGCGCT,2
TTATGAATTTGATTCC,2
TTCAAGTTACGGATGG,2
TTCATCAAGTTGATGC,2
TTCTGCCCAGACTCGT,2
TTCTGTACAGACTCGT,2
TTCTGTCCAAACTCGT,2
TTCTGTCCAGACCCGT,2
TTGAACGAAGTAGGAG,2
TTGACTCACCGAAGAA,2
TTGAGCTGCCAATAAG,2
TTGATCCTGAGTAGTA,2
TTGCAAGTGAAACATA,2
TTGCGATTGTCCGGAA,2
TTGCTACTGAGTAGTA,2
TTGCTCCTGAGTATTA,2
TTGCTCCTGATTAGTA,2
TTGGGGAACGAGAAGC,2
TTGGGGAAGGGGAAGC,2
TTGGGGGATTCAACTC,2
TTGGGGTAGAGATACG,2
TTGTACCAGTCGCGCC,2
TTGTATCAATCGCGCC,2
TTGTATCAGTCACGCC,2
TTGTATCAGTCGCCCC,2
TTGTATCAGTCGCTCC,2
TTGTATCAGTCGTGCC,2
TTGTGGAACGGGAAGC,2
TTGTGTCAGTCGCGCC,2
TTTACAGAATACTAGA,2
TTTACATCCAACACCA,2
TTTACTCACCGAATAA,2
TTTAGGTATTATATGC,2
TTTAGTGATACTCACA,2
TTTATATAGAGATTCA,2
TTTATATCAAACACCA,2
TTTATATCCAACACAA,2
TTTATATCCAACACCG,2
TTTATATCGATATTCA,2
TTTATATCTAGATTCA,2
TTTATATTCAACACCA,2
TTTATATTGAGATTCA,2
TTTATCAAGTTGGTGC,2
TTTCACAGAAACTATC,2
TTTCACAGAACCCATC,2
TTTCACAGAACCTATA,2
TTTCACGGAACCTATC,2
TTTCAGCGTGGTTTTG,2
TTTCAGCGTTGTTTCG,2
TTTCAGCGTTGTTTTT,2
TTTCGTAATACTCACA,2
TTTCGTGATACGCACA,2
TTTCGTGATACTAACA,2
TTTCGTGATACTCATA,2
TTTGGGAACGGGAAGC,2
TTTTAGTCCTCGTATG,2
TTTTGAGCCAGTCTGA,2
AAAAAAATTATGACAA,1
AAAAAAGTTATGACAA,1
AAAAAATCTCAGATAC,1
AAAAAATGGAGGATGA,1
AAAAAATTTATAACAA,1
AAAAAATTTATGAAAA,1
AAAAAATTTATGATAA,1
AAAAAATTTGTGACAA,1
AAAAAGCAGCACGATA,1
AAAAGATTCGGGGGAC,1
AAAAGATTTATGACAA,1
AAAAGATTTGGGAGGG,1
AAAAGTCCCTATGATG,1
AAAATCTGAACCATAC,1
AAACCAATAAGACCCC,1
AAACCCACAAGACCCC,1
AAACCCAGTTCCTGCG,1
AAACCCATAAAACCCC,1
AAACCCATAAGACACC,1
AAACCCATAAGACCCG,1
AAACCCATAAGACGCC,1
AAACCCATAAGACTCC,1
AAACCCATAAGGCCCC,1
AAACCCATAGGACCCC,1
AAACCCATATGACCCC,1
AAACCGATAAGACCCC,1
AAACGCTGGCACCCGT,1
AAACTACGAGACGTAA,1
AAAGAATCGCAAATTA,1
AAAGAATTTATGACAA,1
AAAGACCGTTAACTCT,1
AAAGACCTTGAACTCT,1
AAAGACCTTTAAATCT,1
AAAGACCTTTAACTAT,1
AAAGACGTTTAACTCT,1
AAAGATCTTTTCGTTC,1
AAAGCCCTTTTCGTTC,1
AAAGCTCTCTTCGTTC,1
AAAGCTCTTTCCGTTC,1
AAAGCTCTTTTAGTTC,1
AAAGCTCTTTTCATTC,1
AAAGCTCTTTTCGTCA,1
AAAGGCGAGCCTTCAA,1
AAAGGCGCGCCTTCTA,1
AAAGGCGTGCCTTCAA,1
AAAGTACGATCTACGC,1
AAAGTAGCATAGGATT,1
AAAGTCGCGCCTTCAA,1
AAAGTGCTGCTGAAGT,1
AAATAATAGAACAGAG,1
AAATCCATAAGACCCC,1
AAATGCGTTCATCGAT,1
AAATGTTTAATAGAAG,1
AAATGTTTAATAGACT,1
AAATGTTTAGTAGACG,1
AAATTCACAATAGCCA,1
AAATTCATAATATCCA,1
AAATTCCCTGACTGCT,1
AAATTCGCAATATCCA,1
AAATTCGCCGTTCCCC,1
AAATTTGTAAGGAGGT,1
AACAAGTAGAACCGCC,1
AACACGTAGAACCGCT,1
AACACGTAGAACGGCC,1
AACACGTATAACCGCC,1
AACAGAAGGCCAGGTA,1
AACAGAAGTCCACGTA,1
AACAGAAGTCCATGCA,1
AACAGAAGTCCATGTC,1
AACAGAAGTCCATGTT,1
AACAGAAGTCTATGTA,1
AACAGACAATAAAAAA,1
AACATGTAGAACCGCC,1
AACCAACGAGACGTAA,1
AACCAATCTTCGAACT,1
AACCAATGTCATTTGA,1
AACCACCCCAGAAATG,1
AACCACCCCAGAGACG,1
AACCACCCCAGATATG,1
AACCACCCCAGGGATG,1
AACCACCGAGTAACCG,1
AACCACCGGGTGACCG,1
AACCATCGAGTGACCG,1
AACCGATTTAAAGGCA,1
AACCGCTGGCACCCGT,1
AACCGTACCGCGGTGA,1
AACCGTACCGCGTTGA,1
AACCGTACCGCGTTTT,1
AACCGTACCTCGTTTA,1
AACCGTATCGCGTTTA,1
AACCGTGCCGCGTTTA,1
AACCTAAGAGACGTAA,1
AACCTACGAGACGCAA,1
AACCTACGAGAGGTAA,1
AACCTACGGGACGTAA,1
AACCTACTAGACGTAA,1
AACCTAGGATCGCACT,1
AACCTCCCTGACTGCT,1
AACCTGCGAGACGTAA,1
AACGAAAAACAGTAAG,1
AACGACAAACACTAAG,1
AACGACAAACAGTAAA,1
AACGACAAACAGTACG,1
AACGACAAACCGTAAG,1
AACGACAACCAGTAAG,1
AACGATTCACGAATAA,1
AACGATTCCGACTAAC,1
AACGCGTAGAACCGCC,1
AACGCTTCCGACTAAG,1
AACGGCAAACAGTAAG,1
AACGGGATGGGCACGT,1
AACGGGTCCGACGAAG,1
AACGGTACCGACTAAG,1
AACGGTCGGCGAACTC,1
AACGGTTCAGATTAAG,1
AACGGTTCCCACTAAG,1
AACGGTTCCGACAAAT,1
AACGGTTCCGACTACG,1
AACGGTTCCGACTAGG,1
AACGGTTCCGACTATG,1
AACGGTTCCGAGTAAG,1
AACGGTTCCGGCTAAG,1
AACTAATGCCGTTGTC,1
AACTACCGAGTGACCG,1
AACTAGATGTACAGTC,1
AACTCCTGGGGTATCA,1
AACTGAGACGCGCAAG,1
AACTGAGTTCATCGAT,1
AACTGATAACCCTGCG,1
AACTGCGCGGCTCGGG,1
AACTGCGTTCATAGAT,1
AACTGCGTTCATCGCT,1
AACTGCGTTCATCTAT,1
AACTGCTTTCATCGAT,1
AACTTACGTCGCCTGA,1
AACTTCCATGACTGCT,1
AACTTCCCCGACTGCT,1
AACTTCCCTAACTGCT,1
AACTTCCCTGACCGCT,1
AACTTCCCTGACGGCT,1
AACTTCCCTGATTGCT,1
AACTTCCGTCGCCCGA,1
AACTTCGTTCATCGAT,1
AACTTCTCTGACTGCT,1
AAGAAAGAAACTGGAG,1
AAGAAATTTATGACAA,1
AAGAACACTTTGTGAT,1
AAGAACCTATAGAAGT,1
AAGAAGAATTTGTGAT,1
AAGAAGACTCTGTGAT,1
AAGAAGACTGTGTGAT,1
AAGAAGACTTTCTGAT,1
AAGAAGACTTTGCGAT,1
AAGAAGACTTTGTGAC,1
AAGAAGACTTTGTGAG,1
AAGAAGACTTTGTTAT,1
AAGAAGACTTTTTGAT,1
AAGAAGATATAGAAGT,1
AAGAAGCTATAGAAGC,1
AAGAAGCTATAGAAGG,1
AAGAAGCTATAGAGGT,1
AAGAAGCTATATAAGT,1
AAGAAGTTATAGAAGT,1
AAGAATCTATAGAAGT,1
AAGAGTGATTGAAGGT,1
AAGATCGATTGAAGTT,1
AAGATTGAGGGAAGTT,1
AAGATTGATGGAAGTT,1
AAGATTGATTGAACTC,1
AAGATTGATTTAAGTT,1
AAGATTGGTTGAAGTT,1
AAGCACCGAGTGACCG,1
AAGCAGTGATGTGATT,1
AAGCCAAGCGGGTGAT,1
AAGCCCAGAGGGTGAT,1
AAGCCCAGCAGGTGAT,1
AAGCCCAGCGGGGGAT,1
AAGCCCAGCGGGTGAG,1
AAGCCCAGCGGGTGGT,1
AAGCCCAGCGGTTGAT,1
AAGCCCAGCTGGTGAT,1
AAGCCCAGTGGGTGAT,1
AAGCCCATAAGACCCC,1
AAGCCCGGCGGGTGAT,1
AAGCGCTGGCACCCGT,1
AAGCGGTGAGGGGATT,1
AAGCGGTGAGGTGATG,1
AAGCGGTGATGTGGTT,1
AAGCGGTGTTGTGATT,1
AAGCGTACCGCGTTTA,1
AAGCTACGAGACGTAA,1
AAGCTGATAGTAACTC,1
AAGCTTGCTATGGATC,1
AAGGAGCCTCATAATG,1
AAGGAGCTATAGAAGT,1
AAGGGATGGATGGGAT,1
AAGGGATTGGAGAAAC,1
AAGGGGCCTCATAAAC,1
AAGGGGCCTCATAATA,1
AAGGGGCCTCATAGTG,1
AAGGGGCTGCATGATG,1
AAGGGGGCTCATAATG,1
AAGGTAAGAGAAAGTT,1
AAGGTCACTATGTAAT,1
AAGGTCCATATGTAAT,1
AAGGTCCCCATGTAAT,1
AAGGTCCCTAGGTAAT,1
AAGGTCCCTATTTAAT,1
AAGGTCCCTGTGTAAT,1
AAGGTCCTTATGTAAT,1
AAGGTCTCTATGTAAT,1
AAGGTGCCTTATAATG,1
AAGGTTGTGAGGGAAG,1
AAGTATGATTTTCGAG,1
AAGTATTACTACACAT,1
AAGTATTGCTAAAAAT,1
AAGTATTGCTACAAAT,1
AAGTATTGCTACACAC,1
AAGTATTGCTACATAT,1
AAGTATTGCTACGCAT,1
AAGTCGGGACTCATCT,1
AAGTGAAGAGAAAGGT,1
AAGTGAGTAGACCCAC,1
AAGTGCGTTCATCGAT,1
AAGTGTTGCTACACAT,1
AAGTTAAGAAAAAGTT,1
AAGTTAAGAGAAAGTG,1
AAGTTAAGAGAGAGTT,1
AAGTTAAGATAAAGTT,1
AAGTTAGGAGAAAGTT,1
AAGTTAGTAGACCCGC,1
AAGTTAGTAGACCGAC,1
AAGTTAGTAGACCTAC,1
AAGTTAGTAGAGCCAC,1
AAGTTAGTATACCCAC,1
AAGTTAGTGGACCCAC,1
AAGTTCAGACTCTTGC,1
AAGTTGGTAGACCCAC,1
AATAAAACAATCGAAC,1
AATAAGACTTTGTGAT,1
AATACGAGGCTACGTA,1
AATAGCTGGCACACGT,1
AATCACGCAGAAAAAG,1
AATCCCAGCGGGTGAT,1
AATCCGTGAGTACTAG,1
AATCGCGGGCACCCGT,1
AATCGCTAGCACCCGT,1
AATCGCTCGCACCCGT,1
AATCGCTGCCACCCGT,1
AATCGCTGGCACACGT,1
AATCGCTGGCACCCCT,1
AATCGCTGGCACCCGG,1
AATCGCTGGCACCGGT,1
AATCGCTGGCGCCCGT,1
AATCGCTGTCACCCGT,1
AATCGTACCGCGTTTA,1
AATCGTGATACTCACA,1
AATCTACGAGACGTAA,1
AATCTTGGGGAGAGTC,1
AATGAAAAAATCGAAC,1
AATGAAACAAGCGAAC,1
AATGAAACAATCATCC,1
AATGAAACAATCGACC,1
AATGAAACAATCGATC,1
AATGAAACAATCGGAC,1
AATGAAACAATGGAAC,1
AATGAAACAGTCGAAC,1
AATGAAACGATCGAAC,1
AATGCGAACATGTCAA,1
AATGCGAATGGGGTAG,1
AATGCGAGAATGTCAA,1
AATGCGAGCACGTCAA,1
AATGCGAGCAGGTCAA,1
AATGCGAGCATGTAAA,1
AATGCGAGCATGTTAA,1
AATGCGTGAGTACTAG,1
AATGGAACAATCGAAC,1
AATGTGGAGCCCAACA,1
AATGTTGGCTTGGTTA,1
AATTAAGAGAAGTGCG,1
AATTCATGAGTACTAG,1
AATTCCATAGGCATGG,1
AATTCCTAACTAGCGA,1
AATTCGTGAGGACTAG,1
AATTCGTGAGTACAAG,1
AATTCGTGAGTACTTG,1
AATTCGTGAGTATTAG,1
AATTCGTTAGTACTAG,1
AATTGAACGCCATACC,1
AATTGAACGTAATACC,1
AATTGAACGTCATACA,1
AATTTAGTAGACCCAC,1
AATTTCCCTGACTGCT,1
ACAAAATTCGGGGGAC,1
ACAAATTCTCGAGAAG,1
ACAAGATTCCGGGGAC,1
ACAAGATTCGGAGGAC,1
ACAAGATTCGGGGAAC,1
ACAAGATTCGGGGGAG,1
ACAAGATTCGGGGGTC,1
ACAAGATTCTGGGGAC,1
ACAAGATTGGGGGGAC,1
ACAAGGGTTGGCTGTA,1
ACAAGGTTCGGGGGAC,1
ACAATATTCGGGGGAC,1
ACAATCCGAACCATAC,1
ACAATCGGAACCATAC,1
ACAATCGGGGGCTAAA,1
ACAATCTGAACCATAA,1
ACAATCTGAACCATCC,1
ACAATCTGAACCATGC,1
ACAATCTGAACCATTC,1
ACAATCTGAACTATAC,1
ACAATCTGAAGCATAC,1
ACAATCTGAATCATAC,1
ACAATCTGAGCCATAC,1
ACAATCTGGACCATAC,1
ACAATCTGTACCATAC,1
ACACACGAGGTTGTGA,1
ACACAGGTTGGCTGTA,1
ACACGCGTTGGCTGTA,1
ACACGGATTGGCTGTT,1
ACACGGGCTGGCTGTA,1
ACACGGGGTGGCTGTA,1
ACACGGGTTAGCTGTA,1
ACACGGGTTGGCTGCT,1
ACACTGGTTGGCTGTA,1
ACAGGCAACCATTGAG,1
ACAGGGATTGGCTGTT,1
ACAGTAAGATCTACGC,1
ACAGTACAATCTACGC,1
ACAGTACGATCCACGC,1
ACAGTACGATCTAAGC,1
ACAGTACGATCTACAC,1
ACAGTACGATCTACCC,1
ACAGTACGATCTACGT,1
ACAGTCCAACATTGAG,1
ACAGTCCACCAGTGAG,1
ACAGTCCACCATTGAC,1
ACAGTCCACCATTGTG,1
ACAGTCCATCATTGAG,1
ACAGTCCGCCATTGAG,1
ACAGTTCACCATTGAG,1
ACATACATTAAGATCA,1
ACATCTTCCAATAGGT,1
ACATGATTCGGGGGAC,1
ACATGGGTGTACGAGA,1
ACATTCTCCAATAGGT,1
ACATTGTCCAATAGGT,1
ACATTTTCCAACAGGT,1
ACATTTTCCAATAAGT,1
ACATTTTCCAATAGCT,1
ACATTTTCCAATATGT,1
ACATTTTCCAGTAGGT,1
ACATTTTCGAATAGGT,1
ACATTTTCTAATAGGT,1
ACCAATTCACGAATAA,1
ACCACGAGGCTACGTA,1
ACCACGTAGAACCGCC,1
ACCAGCAATGAGTCGT,1
ACCAGCAATGAGTTGA,1
ACCAGCAATGAGTTGG,1
ACCAGCAATGAGTTTT,1
ACCAGCGCGGCTCGGG,1
ACCAGGAATGAGTTGT,1
ACCATTGTACACACCA,1
ACCCAATGAATCATCC,1
ACCCCCAGAGCTTGGC,1
ACCCCCGGAGATTGGC,1
ACCCCCGGAGCTAGGC,1
ACCCCCGGAGCTTAGC,1
ACCCCCGGAGCTTCGC,1
ACCCCCGGAGCTTGGG,1
ACCCCCGGAGCTTTGC,1
ACCCCCGGATCTTGGC,1
ACCCCCGTATCTTGGC,1
ACCCCCTGAGCTTGGC,1
ACCCTCCTCTAAAGTT,1
ACCCTCGGAGCTTGGC,1
ACCGAAGGAATCAGCC,1
ACCGAATAAATCATCC,1
ACCGAATGAAACATCC,1
ACCGAATGAAGCATCC,1
ACCGAATGAATCTTCC,1
ACCGAATGACTCATCC,1
ACCGAGGCACGAAGAA,1
ACCGATCCACGAATAA,1
ACCGATTCAAGAATAA,1
ACCGATTCACAAATAA,1
ACCGATTCACCAATAA,1
ACCGATTGAATCATCC,1
ACCGCTGTACACACCA,1
ACCGGAAGTTGCCAAT,1
ACCGGTTCACGAATAA,1
ACCGTCTAGAAATTTT,1
ACCGTTGTACAAACCA,1
ACCGTTGTACACACGA,1
ACCGTTGTACACACTA,1
ACCGTTGTACAGACCA,1
ACCGTTGTACGCACCA,1
ACCTAAAGGATCATGA,1
ACCTATGATTTTCGAG,1
ACCTCCATTAAGATCA,1
ACCTCCGGAGCTTGGC,1
ACGCAAATAAACCGAA,1
ACGCAAATAGACCGAG,1
ACGCAAATAGACCGTA,1
ACGCAAATAGACTGAA,1
ACGCAAATAGGCCGAA,1
ACGCAAATGGACCGAA,1
ACGCAGATAGACCGAA,1
ACGCCAATAGACCGAA,1
ACGCGGGTTGGCTGTA,1
ACGCGGTGATGTGATT,1
ACGCTTCAACTAAAAA,1
ACGGCCATTAAGATCA,1
ACGGCCCACGGGCATA,1
ACGGGATTGGAGAAAC,1
ACGGGCTAGAAATTTT,1
ACGGGGAGTGGCTGTT,1
ACGGGGATTGGCGGGT,1
ACGGGGATTGGCTGGT,1
ACGGGGATTGGCTGTA,1
ACGGGGATTGGCTTTT,1
ACGGGGATTGTCTGTT,1
ACGGTCCACCATTGAG,1
ACGGTCTAGAAAGTTG,1
ACGGTTGTACACACCA,1
ACGGTTTTACGTCCAT,1
ACGTACATTAAGATCA,1
ACGTAGGATGTTCGAG,1
ACGTAGGATTTTCGAG,1
ACGTATCATTTTCGAG,1
ACGTATCTCCGAGCAG,1
ACGTATGAGTGTCGAG,1
ACGTATGAGTTTCGAG,1
ACGTATGATCTTCGAG,1
ACGTATGATTCTCGAG,1
ACGTATGATTGTCGAG,1
ACGTATGATTTGCGAG,1
ACGTATGATTTTCGAC,1
ACGTCCACTAAGATCA,1
ACGTCCATGAAGATCA,1
ACGTCCATTAAAATCA,1
ACGTCCATTAAGATTA,1
ACGTCCATTAATATCA,1
ACGTCTATTAAGATCA,1
ACGTGGATTGGCTGTT,1
ACGTGTATCAGAGCAA,1
ACGTGTCGCCGAGCAA,1
ACGTGTCTCCGAGCGA,1
ACGTGTCTCCGAGGAA,1
ACGTGTCTCCGGGCAA,1
ACGTGTGATTTTCGAG,1
ACTACGAAGCTACGTA,1
ACTACGAGACTACGTA,1
ACTACGAGGATACGTA,1
ACTACGAGGCTAAGTA,1
ACTACGAGGCTACGGA,1
ACTACGAGGTTACGTA,1
ACTACGAGTCTACGTA,1
ACTACGGGGCTACGTA,1
ACTAGGAGGCTACGTA,1
ACTAGGGCTACGTGAG,1
ACTATCTAGAAATTTT,1
ACTCCCGGAGCTTGGC,1
ACTCTCTAGAAATTTT,1
ACTCTGACTCGCTAAT,1
ACTCTGGCTAGCTAAT,1
ACTCTGGCTCACTAAT,1
ACTCTGGCTCGCCAAT,1
ACTCTGGCTCGCTTAT,1
ACTCTGGCTCGTTAAT,1
ACTCTGGGTCGCTAAT,1
ACTCTTGCTCGCTAAT,1
ACTGGAAGTTGCCAAG,1
ACTGTACGATCTACGC,1
ACTGTATAGAAATTTT,1
ACTGTCGAGAAATTTT,1
ACTGTCTAAAAATTTT,1
ACTGTCTAGAAATGTT,1
ACTGTCTAGAAATTCT,1
ACTGTCTAGAAATTGG,1
ACTGTCTAGAAATTTA,1
AGAAAACATTACAAAT,1
AGAAAACCTCAGATAC,1
AGAAAATATCAGATAC,1
AGAAAATCTCAGACAC,1
AGAAAATCTCAGATTC,1
AGAAAATCTCCCATAC,1
AGAAAATCTTAGATAC,1
AGAAAATTTCAGATAC,1
AGAAACACGTCCCAGT,1
AGAAAGTCTCAGATAC,1
AGAACTGAGGGCATTG,1
AGACACGAGGTGGTGA,1
AGACCATCTCACCCAA,1
AGACCGCCAGTGTCGT,1
AGACCGCCAGTTGCGT,1
AGACCGCCAGTTTAGT,1
AGACCGCCAGTTTCGC,1
AGACCGTCAGTTTCGT,1
AGACGTTTAGATAGTT,1
AGAGCTAAAAAGATGA,1
AGAGCTAAAGAGAGGA,1
AGAGGATAGATGGCTG,1
AGAGGATATATGGCGG,1
AGAGGATATATGGCTG,1
AGAGGCGCGCCTTCAA,1
AGAGTAGCAGAGGATT,1
AGAGTTCATAGCTCCA,1
AGATAAAAAACTTAGT,1
AGATCAACCCTATAGT,1
AGATCAAGGGTCCTTT,1
AGATCACAGGTCCTTT,1
AGATCCACCCGATAGT,1
AGATCCACCCTAGAGT,1
AGATCCACCCTATATT,1
AGATCCCAAGTCCTTT,1
AGATCCCACGTCCTTT,1
AGATCCCAGGTCCTGT,1
AGATCCCAGGTCCTTA,1
AGATCCCAGGTCCTTC,1
AGATCCCAGGTCCTTG,1
AGATCCGCCCTATAGT,1
AGATCCTAGGTCCTTT,1
AGATGCCAGGTCCTTT,1
AGATTCTGGGGGAGCA,1
AGCACAGGGATATGTG,1
AGCAGAGGGATATGTG,1
AGCAGCTAACAGATAG,1
AGCAGGATAATCGCGC,1
AGCAGTGGTATACATA,1
AGCATAGGATCGCACT,1
AGCATAGGGAGAGGGG,1
AGCATAGGGAGATGTG,1
AGCATAGGGATACGTG,1
AGCATAGGGATATGAG,1
AGCATAGGGATATGCT,1
AGCATAGGGATATGTC,1
AGCATAGGGATGTGTG,1
AGCATAGTGATATGTG,1
AGCATCTAACAGATAA,1
AGCATCTAACATATAC,1
AGCATCTACCAGATAG,1
AGCATTTAACAGATAG,1
AGCCCAGGCTGGGGAT,1
AGCCCATGCGGGGGAT,1
AGCCCATGCTAGGGAT,1
AGCCCATGCTGAGGAT,1
AGCCCATGCTGTGGAT,1
AGCCCATGCTTGGGAT,1
AGCCCATGTTGGGGAT,1
AGCCCCTGGGGTATCA,1
AGCCCGTGCTGGGGAT,1
AGCCTACGAGACGTAA,1
AGCCTATGCCGGGGAT,1
AGCCTATGCTGGCGAT,1
AGCCTATGCTGGGCAT,1
AGCGACATCTCCCTTT,1
AGCGGAAGTAAGTATG,1
AGCGTTGAATAGGCGA,1
AGCGTTGTACACACCA,1
AGCTCATGGGGTATCA,1
AGCTCCATAGGCATGG,1
AGCTCCGGGGGTAGCA,1
AGCTCCTGGCGTATCA,1
AGCTCCTGGGATATCA,1
AGCTCCTGGGCTATCA,1
AGCTCCTGGGGCATCA,1
AGCTCCTGGGGGATCA,1
AGCTCCTGGGGTACCA,1
AGCTCCTGGGGTATCC,1
AGCTCCTGGGTTATCA,1
AGCTCCTGGTGTATCA,1
AGCTCGTGGGGTATCA,1
AGCTGAAATAAGTATG,1
AGCTGAATTAAGGAGG,1
AGCTGAATTAAGTATT,1
AGCTGAATTAATTATG,1
AGCTGAATTCGAGGAC,1
AGCTGAATTGAGGATG,1
AGCTGAATTTAGTATG,1
AGCTGAGACGCGCAAG,1
AGCTGAGTTAAGTATG,1
AGCTTCAGACTCTTGC,1
AGCTTCCCTGACTGCT,1
AGCTTTTATAACTTGC,1
AGGAAAGAAACCGGAG,1
AGGAAAGAAACTGAAG,1
AGGAAAGAAACTGGAT,1
AGGAAGACTTTGTGAT,1
AGGAAGAGAGAGGAGT,1
AGGAATATGAAGAGCG,1
AGGACTATAGGTGGCA,1
AGGACTATAGTCGGCA,1
AGGACTATAGTGGGCA,1
AGGACTATAGTTGGAA,1
AGGACTATAGTTGGCT,1
AGGACTATAGTTGTCA,1
AGGACTATAGTTTGCA,1
AGGACTATGGTTGGCA,1
AGGAGATTATAACGTA,1
AGGAGGATGAAGAGCG,1
AGGAGTACGAAGAGCG,1
AGGAGTAGGAAGAGCG,1
AGGAGTATAAAGAGCG,1
AGGAGTATAGTTGGCA,1
AGGAGTATGAAGAACG,1
AGGAGTATGAAGAGCC,1
AGGAGTATGAAGATCG,1
AGGAGTATGAAGGGCG,1
AGGAGTATGAATAGCG,1
AGGAGTATGAGGAGCG,1
AGGAGTATGATGAGCG,1
AGGAGTATGGAGATCG,1
AGGAGTATTAAGAGCG,1
AGGATCATAGGGAATA,1
AGGATTGATTGAAGTT,1
AGGATTTGCGCTTCAA,1
AGGCCAGGGAACCAAA,1
AGGCCATCGCACCCAA,1
AGGCCCGGAAGGACTA,1
AGGCCCGTAAAGACTA,1
AGGCCCGTAAGGACCA,1
AGGCCCGTAAGGACGA,1
AGGCCCGTAGGGACTA,1
AGGCTCAGACTCTTGC,1
AGGGAAGAAACTGGAG,1
AGGGAATCTCCCATAC,1
AGGGGATTGGAGAAAC,1
AGGGGGACGGGAATGG,1
AGGGGGATGAAGAGCG,1
AGGGGGATTGGCTGTT,1
AGGGGGCCTCATAATG,1
AGGGTTGAAGAGGCGA,1
AGGTAGACGGGCATGG,1
AGGTATGATTTTCGAG,1
AGGTCCACCCTATAGT,1
AGGTCCCAGGTCCTTT,1
AGGTGGACAGGCATGG,1
AGGTGGACGCGCATGG,1
AGGTGGACGGGCAGGG,1
AGGTGGACGGGCATGA,1
AGGTGGACGGGCATGT,1
AGGTGGACGGGCATTG,1
AGGTGGATGGGCATGG,1
AGGTGTCTCCGAGCAA,1
AGGTTCAGACTATTGC,1
AGGTTCAGACTCCTGC,1
AGGTTCAGACTCTAGC,1
AGGTTCAGACTCTTGA,1
AGGTTCAGACTCTTGG,1
AGGTTCAGGCTCTTGC,1
AGGTTCTGACTCTTGC,1
AGTAAAAATGCATTGG,1
AGTACAGTGTAATCGA,1
AGTACGAGGCTACGTA,1
AGTAGGTGAGAGAGGG,1
AGTATAGGGATATGTG,1
AGTATTCGCGCTTCAA,1
AGTATTTAGGCGGCAT,1
AGTATTTGCGCTCCAA,1
AGTATTTGCGCTTGAA,1
AGTCATTTAGATAGTT,1
AGTCCATGCTGGGGAT,1
AGTCCCGAAAGGACTA,1
AGTCCCGTAAGGACTA,1
AGTCCTAGCCTCAAAT,1
AGTCCTATCCACAAAT,1
AGTCCTATCCTCAAGT,1
AGTCCTATCCTCAGAT,1
AGTCGGGGTCTCCCTT,1
AGTCGGTTAGATAGTT,1
AGTCGTCTAGATAGTT,1
AGTCGTGTAGATAGTG,1
AGTCGTTCAGATAGTT,1
AGTCGTTGGGATAGTG,1
AGTCGTTTAGACAGTT,1
AGTCGTTTAGAGAGTT,1
AGTCGTTTAGATGGTT,1
AGTCGTTTATATAGTT,1
AGTCTTTATAACTTGC,1
AGTGCGAGCATGTCAA,1
AGTGGTGAATAGGCGA,1
AGTGTGGAATAGGCGA,1
AGTGTGGAGCCCAACA,1
AGTGTTGAAAAGGCGA,1
AGTGTTGAATAATCGA,1
AGTGTTGAATAGACGA,1
AGTGTTGAATAGGGGA,1
AGTGTTGAATTGGCGA,1
AGTGTTGACTTGGTTA,1
AGTGTTGGCGTGGTGA,1
AGTGTTGGCGTGGTTA,1
AGTGTTGGCTCGGTTA,1
AGTGTTGGCTTGGGTA,1
AGTGTTGGCTTGGTAA,1
AGTGTTGGCTTGGTGA,1
AGTGTTGGCTTGGTTG,1
AGTGTTTAATAGGCGA,1
AGTGTTTGCGCTTCAA,1
AGTTAACTTTGGAAGC,1
AGTTAGGGTCTCCCTT,1
AGTTCAATAGGCATGG,1
AGTTCCATAGGCACGG,1
AGTTCCATAGGCATAG,1
AGTTCCATAGGCATGT,1
AGTTCCATGGGCATGG,1
AGTTCCCAGGTCCTTT,1
AGTTGGGGGCTCCCTT,1
AGTTGGGGTCCCCCTT,1
AGTTGGGGTCTCACTT,1
AGTTGGGGTCTCCCAC,1
AGTTGGGGTCTCCCTG,1
AGTTGTAATCTGAATA,1
AGTTGTTTAGATAGTT,1
AGTTTTGAATAGGCGA,1
AGTTTTTATAACCTGC,1
AGTTTTTATAACTTAC,1
AGTTTTTATAACTTGA,1
ATAAACGCATGTGCCA,1
ATAACGCTTGTGCAAA,1
ATAACGGTTGTGCAAA,1
ATAACGTGTGTGCAAA,1
ATAACGTTACGGATGG,1
ATAACGTTGGTGCAAA,1
ATAACGTTTGTCCAAA,1
ATAACGTTTGTGCAAC,1
ATAACTAAGGGCATTG,1
ATAACTGAGGACATTG,1
ATAACTGAGGGCACTG,1
ATAACTGAGGGCAGTG,1
ATAACTGAGGGCATCC,1
ATAACTGAGGGCATGG,1
ATAACTGAGGGCATTA,1
ATAACTGAGGGCATTT,1
ATAATCTGAACCATAC,1
ATAATTTAAGTATCAA,1
ATACACGAGGTTATGA,1
ATACACGAGGTTGGGA,1
ATACACGAGGTTGTAA,1
ATACACGAGGTTGTGC,1
ATACACGAGGTTGTGG,1
ATACACGAGGTTGTTA,1
ATACACGAGGTTTTGA,1
ATACACGAGTTTTTGA,1
ATACACGCAGGTGCCA,1
ATACACGCATATGCCA,1
ATACACGCATGTGACA,1
ATACACGCATGTGCCG,1
ATACACGCATGTGTCA,1
ATACACGCATTTGCCA,1
ATACACGGGGTTGTGA,1
ATACACGTATGTGCCA,1
ATACACTAGGTTGTGA,1
ATACACTCATGTGCCA,1
ATACATGAGGTTGTGA,1
ATACCCAGTTCCTGCG,1
ATACGGGTTGGCTGTA,1
ATACTCGCATGTGCCA,1
ATAGAAAATTATCCGA,1
ATAGAAAATTATCCGT,1
ATAGACGCATGTGCCA,1
ATAGCTGAGGGCATTG,1
ATAGGATATATGGCAT,1
ATAGGATATATGGCCG,1
ATAGGATATATGGCTA,1
ATAGGATATATGGCTT,1
ATAGGATATATGGTTG,1
ATAGGATATATTGCTG,1
ATATAAAAAACGTAGT,1
ATATACGCATGTGCCA,1
ATATCCACCCTATAGT,1
ATATTTAACAGACGTA,1
ATATTTTCCAATAGGT,1
ATCAGGATAAACGCGC,1
ATCAGGATAATCGAAC,1
ATCAGGATAATCGCAC,1
ATCAGGATAATCGTGC,1
ATCATGATAATCGCGC,1
ATCCGATTTAAAGACA,1
ATCGAATGAATCATCC,1
ATCGTTGTACACACCA,1
ATCTGAATTAAGTATG,1
ATGAAAGAAACTGGAG,1
ATGACCCACGGGCATA,1
ATGACTCACCGAATAA,1
ATGAGATTGGAGAAAC,1
ATGAGCGAGAAAAGCA,1
ATGAGGATAATCGCGC,1
ATGAGGGCTACGGGAG,1
ATGAGTATGAAGAGCG,1
ATGATTTTACGTCCAT,1
ATGCAATTGAAACATA,1
ATGCCCCACGGGCATA,1
ATGCCGAATGGGGGAG,1
ATGCGATTGGAGAAAC,1
ATGCTCCTGAGTAGTA,1
ATGGAAAATTATCCGC,1
ATGGAATCGCAAATTA,1
ATGGAGGACTGGCCCC,1
ATGGCCCACCGGCATA,1
ATGGCCCACGGACATA,1
ATGGCCCACGGGAATA,1
ATGGCCCACGGGCACA,1
ATGGCCCACGGGCAGA,1
ATGGCCTACGGGCATA,1
ATGGGATAGGAGAAAC,1
ATGGGATTATAACGTA,1
ATGGGATTGAAGAAAC,1
ATGGGATTGCAGAAAC,1
ATGGGATTGGAAAAAC,1
ATGGGATTGGTGAAAC,1
ATGGGCACTAAATTAA,1
ATGGGCCACGGGCATA,1
ATGGGGTAGAGATACG,1
ATGGTTTCACGTCCAT,1
ATGGTTTTAAGTCCAT,1
ATGGTTTTACCTCCAT,1
ATGGTTTTACGCCCAT,1
ATGGTTTTACGTACAT,1
ATGGTTTTACGTCAAT,1
ATGGTTTTACGTCCAC,1
ATGGTTTTACGTTCAT,1
ATGGTTTTACTTCCAT,1
ATGTATGATTTTCGAG,1
ATGTCCCACGGGCATA,1
ATGTGGACGGGCATGG,1
ATGTTTTTACGTCCAT,1
ATTAAGGCTACGTGAG,1
ATTACCATATCTAATA,1
ATTAGACTATAACGTA,1
ATTAGAGCTACGTGAG,1
ATTAGAGTATAACGTA,1
ATTAGATGATAACGTA,1
ATTAGATTATAACGCA,1
ATTAGATTATAACGTG,1
ATTAGATTATAAGGTA,1
ATTAGATTATAGCGTA,1
ATTAGCATATCTAATA,1
ATTAGGACTACGTGAG,1
ATTAGGGCTACGTCAG,1
ATTAGGGCTACGTGAT,1
ATTAGGGCTACTTGAG,1
ATTAGGGCTATGTGAG,1
ATTAGTGCTACGTGAG,1
ATTATCACATCTAATA,1
ATTATCATACCTAATA,1
ATTATCATAGCTAATA,1
ATTATCATATATAATA,1
ATTATCATATCTAACA,1
ATTATCATATCTAATG,1
ATTATCATATCTAGTA,1
ATTATCCTATCTAATA,1
ATTATGGCTACGTGAG,1
ATTCAAATTCGAGGAC,1
ATTCACAGAACCTATC,1
ATTCAGCGTTGTTTTG,1
ATTCCAAATGGGGTAG,1
ATTCCGAAGGGGGTAG,1
ATTCCGAATAGGGTAG,1
ATTCCGAATGAGGTAG,1
ATTCCGAATGGCGTAG,1
ATTCCGAATGGGATAG,1
ATTCCGAATGGGGAAG,1
ATTCCGAATGGGGTAA,1
ATTCCGAATGGGGTAC,1
ATTCCGAATGGGGTTG,1
ATTCCGTATGGGGTAG,1
ATTCGTGATACTCACA,1
ATTGAAATTCGAGGAC,1
ATTGCTCCGACACGCC,1
ATTGTTGGCTTGGTTA,1
ATTTAAAGTCGAGGAC,1
ATTTAAATTCGAGAAC,1
ATTTAAATTCGAGCAC,1
ATTTAAATTCGATGAC,1
ATTTAAATTCGCGGAC,1
ATTTAAGTTCGAGGAC,1
ATTTACTCATTAGACG,1
ATTTACTCATTATGCG,1
ATTTACTCGTTATACG,1
ATTTCGAATGGGGTAG,1
ATTTCTCTATGGCTAC,1
ATTTGGGGTCTCCCTT,1
ATTTTCTAGTACGCTT,1
ATTTTTCTATGGATAC,1
ATTTTTCTGTGGCTAC,1
CAAAACACGTCCCAGT,1
CAAAACCTACGGCGAC,1
CAAAAGCAGCACGAGA,1
CAAAAGCAGCAGGATA,1
CAAAATATACGGCGAC,1
CAAAATCTACGGCGAA,1
CAAAATCTACGGCGAT,1
CAAAATCTACGGCGGC,1
CAAAATCTACGGCTAC,1
CAAAATCTGCGGCGAC,1
CAAAATGTACGGCGAC,1
CAAACACAAAAAATTA,1
CAAAGATTGGCGCATC,1
CAAATAGAAATACATA,1
CAAATCCTGCATTAGG,1
CAAATGCTCCATTAGG,1
CAAATGCTGCATTAAG,1
CAAATGCTGCATTAGC,1
CAAATGCTGCATTCGG,1
CAAATGCTGCATTGAG,1
CAAATGCTGCATTTGA,1
CAAATGCTGTATTAGG,1
CAACGTGATTTCTCGA,1
CAACTAGAAATACATA,1
CAAGAAACTATAACCA,1
CAAGCTCTAGAGCTCT,1
CAAGGCTTGGCGCATC,1
CAAGTGCGTATTGAGT,1
CAATAGATGTACAGTC,1
CAATCAGAAATACATA,1
CAATGAGACGCGCAAG,1
CAATGCGCCGTTCCCC,1
CAATTAAAAATACATA,1
CAATTAACCGTTCCCC,1
CAATTAGAAATACGAA,1
CAATTAGAAATAGATA,1
CAATTAGAAATATATA,1
CAATTAGCCGTTCCCC,1
CAATTAGTAGACCCAC,1
CAATTCCCCGTTCCCC,1
CAATTCGAAATACATA,1
CAATTCGCCGTTCCAC,1
CAATTCGCCGTTCCCT,1
CAATTCGCCGTTCCTC,1
CAATTCGGCGTTCCCC,1
CAATTGGCCGTTCCCC,1
CAATTTGCCGTTCCCC,1
CACAACCTCGTTGTCT,1
CACAGACAATAAAAAG,1
CACAGACAATAAGAAA,1
CACAGCATTGGTCGCC,1
CACAGGCTAATGTCTC,1
CACATAGGATCGCACT,1
CACCAATCTTAGAACT,1
CACCAATCTTCGGACT,1
CACCAATCTTGGAACT,1
CACCAATGTCATTTGA,1
CACCAATTTTCGAACT,1
CACCACCAGCACCTAG,1
CACCACGCCGAGCACC,1
CACCAGATGTACAGTC,1
CACCAGCAGCACCTAG,1
CACCATCAGAAACTAG,1
CACCATCAGCACCTAA,1
CACCATCAGCACCTAT,1
CACCATCAGCACCTGG,1
CACCCTGCAAGCCACT,1
CACCGCCGGCGAACTC,1
CACCGCGCAGAGCACC,1
CACCGCGCCGAGCACA,1
CACCGCGCCGATCACC,1
CACCGCGTCGAGCACC,1
CACCTAGGGGACGATT,1
CACCTGGGATCGCACT,1
CACGAGATGTACAGTC,1
CACGGACAATAAAAAA,1
CACGGACGGCGAACTC,1
CACGGCAGGCGAACTC,1
CACGGCCGGCGAACCC,1
CACGGCCGGCTAACTC,1
CACGGGCGAATGTCTC,1
CACGGGCTAATGTATC,1
CACTAAATGTACAGTC,1
CACTACATGTACAGTC,1
CACTAGATGAACAGTC,1
CACTAGATGCACAGTC,1
CACTAGATGTACAGCC,1
CACTAGATGTACAGGC,1
CACTAGATGTACAGTT,1
CACTAGATGTACGGTC,1
CACTAGATGTGCAGTC,1
CACTATCAGCACCTAG,1
CACTGCCGGCGAACTC,1
CAGAAAAGACTGTATA,1
CAGAACACGTCCCAGT,1
CAGAACCACGTTGTCT,1
CAGAACCCCGTTGTCT,1
CAGAACCTCATTGTCT,1
CAGAACCTCGTTATCT,1
CAGAACCTCGTTGCCT,1
CAGAACCTCGTTGGCG,1
CAGAACCTCGTTGGCT,1
CAGAACCTCGTTGTCG,1
CAGAACCTTGTTGTCT,1
CAGACAGAGTTTGTTG,1
CAGACAGTGATGAACA,1
CAGAGAGGGATGAGCA,1
CAGAGAGTGATGAACA,1
CAGAGCCTCGTTGTCT,1
CAGAGCTGCAGAAGCG,1
CAGAGCTGCCAATAAG,1
CAGATAATAGAGAGAC,1
CAGATAATATAGATAC,1
CAGATAGGGATGAACA,1
CAGATAGTGATAAACA,1
CAGATAGTGATGAACG,1
CAGATAGTTATGAACA,1
CAGCTGATAGTAACTC,1
CAGGAAATGTAAATGA,1
CAGGAATCTCCCATAC,1
CAGGCTCTAAAGCTCT,1
CAGGCTCTAGAACTCT,1
CAGGCTCTAGAGATCT,1
CAGGCTCTAGAGCCCT,1
CAGGCTCTAGAGCTAT,1
CAGGCTCTAGAGCTCA,1
CAGGCTCTAGAGCTTT,1
CAGGCTCTAGAGGTCT,1
CAGGCTCTCGAGCTCT,1
CAGGGGAATTGCCACG,1
CAGGTTCTAGAGCTCT,1
CAGTACCTCGTTGTCT,1
CAGTCGGGACTCATCT,1
CAGTCTCTAGAGCTCT,1
CATAAAAGACTGGATA,1
CATACAGAATACTAGA,1
CATACAGACTTTGTTG,1
CATACAGAGCTTGTTG,1
CATACAGAGTTTATTG,1
CATACAGAGTTTGGTG,1
CATACAGAGTTTGTCT,1
CATACAGAGTTTGTTA,1
CATACAGGGTTTGTTG,1
CATACGAGGCTACGTA,1
CATACGGAGTTTGTTG,1
CATATGGAGCCCAACA,1
CATATTAGTAACATAA,1
CATCTCTGATGAATTG,1
CATGAGAATTCGCCCA,1
CATGCTCTAGAGCTCC,1
CATGCTCTAGAGCTCT,1
CATGGCCGGCGAACTC,1
CATGGGAACTGCCACT,1
CATGGGAATCGCCACT,1
CATGGGAATTCCCACT,1
CATGGGAATTCGCCCA,1
CATGGGAATTGCCAAC,1
CATGGGAATTGCCACA,1
CATGGGAATTGCCTCT,1
CATGGGGAGCCCAACA,1
CATGTGGAGCCCCACA,1
CATGTGGAGCCGAACA,1
CATGTGGAGCCTAACA,1
CATGTGGAGGCCAACA,1
CATGTTGAATAGGCGA,1
CATTGACATAGCGATG,1
CATTGAGACGCGCAAA,1
CATTGAGACGCGCGAG,1
CATTGAGACGCGTAAG,1
CATTGAGACGGGCAAG,1
CATTGCTGATGAAGTG,1
CATTTAGACGCGCAAG,1
CATTTATGATGAATTG,1
CATTTCGGATGAATTG,1
CATTTCTGATGAATCG,1
CATTTCTGATGAATTT,1
CATTTCTGATTAATTG,1
CATTTCTGTTGAATTG,1
CATTTCTTATGAATTG,1
CATTTGGAGCCCAACA,1
CCAACAAAAAAAATTA,1
CCAACACAAAAAACTA,1
CCAACACAAAAAATAA,1
CCAACACAAAAAATTT,1
CCAACACAAAAAGTTA,1
CCAACACAAAAGATTA,1
CCAACACAAAGAATTA,1
CCAACACAATAAATTA,1
CCAAGCTTGGCACATC,1
CCAAGCTTGGCGCACT,1
CCAAGCTTGGCGCAGC,1
CCAAGCTTGGCGCATT,1
CCAATACAAAAAATTA,1
CCAATCACAGCCTTTA,1
CCAATCCAAGCCTTTA,1
CCAATCCCAACCTTTA,1
CCAATCCCAGACTTTA,1
CCAATCCCATCTTTTA,1
CCAATCCCTGCCTTTA,1
CCAATCCTAGCCTTTA,1
CCAATCGGGGGCTAAA,1
CCAGCACAGCGTAGGC,1
CCATCCTCAACTCCTA,1
CCATCTTAATCTACAG,1
CCCCCGATGTTTAAAA,1
CCCCCGCTGTTTGAAA,1
CCCCCTCTGTTTAAAA,1
CCCCTCCGCTAAAGTG,1
CCCCTCCTATAAAGTT,1
CCCCTCCTCTAAAATT,1
CCCCTCCTCTAAAGGT,1
CCCCTCCTCTAAAGTG,1
CCCCTCCTCTAAATTT,1
CCCCTCCTCTAAGGTT,1
CCCCTCCTCTGAAGTT,1
CCCGATGAAATAAGCT,1
CCCGGCGCGGCTCGGG,1
CCCGGGTTAAGTTGTG,1
CCCGGTACCAAAACTG,1
CCCTATGAAACAAGCT,1
CCCTATGAAATAAGGT,1
CCCTATGAAATACGCT,1
CCCTATGAAGTAAGCT,1
CCCTATGTAATAAGCT,1
CCCTCTACGGATCTCT,1
CCCTGCGAAGCTCGGG,1
CCCTGCGCAGCTCGGG,1
CCCTGCGCGCCTCGGG,1
CCCTGCGCGGCTCCGG,1
CCCTGCGCGGCTGGGG,1
CCCTGGGCGGCTCGGG,1
CCCTTTAAGGATCTCT,1
CCCTTTACGAATCTCT,1
CCCTTTACGGAGCTCT,1
CCCTTTACGGATATCT,1
CCCTTTACGGATCGCT,1
CCCTTTACGGGTCTCT,1
CCCTTTACTGATCTCT,1
CCCTTTATGGATCTCT,1
CCCTTTGCGGATCTCT,1
CCGACACAAAAAATTA,1
CCGACCCTAGATGGTA,1
CCGATCCCAGCCTTTA,1
CCGCATTAGCGCGAGG,1
CCGCATTAGCGGGATG,1
CCGCATTAGCTGGAGG,1
CCGCATTAGTGGGAGG,1
CCGCATTATCTGGAGG,1
CCGCCAGGGAATCAAA,1
CCGCGCAAGTTTAGAG,1
CCGCGCACGTTTGGAG,1
CCGCGTTAGCGGGGGG,1
CCGCTTCAACTAAAAA,1
CCGGAGAAAGCAGAAC,1
CCGGAGAAATCAGAAC,1
CCGGATAAATCAGATC,1
CCGGATAAATCGGAAC,1
CCGGATAAATCTGAAC,1
CCGGATAAATTAGAAC,1
CCGGGGGTAAGTGGGG,1
CCGGGGTGAAGGTGGG,1
CCGGGGTGAAGTGGGG,1
CCGGGGTGAAGTTGGG,1
CCGGGTAAATCAGAGC,1
CCGTCCTCAAGGGTAA,1
CCTACAGTGTAATCGA,1
CCTAGGTATTATATGC,1
CCTCGATGCATTCCCG,1
CCTCGGTTAAGTTGTG,1
CCTGGAAACGATCCCC,1
CCTGGATTAAGTTGTG,1
CCTGGCTTAAGTTGTG,1
CCTGGGAATTGCCACT,1
CCTGGGGGAAGGGGTG,1
CCTGGGGTAAGGTGTG,1
CCTGGGGTAAGTTGTG,1
CCTGGGTTAAGCTGTG,1
CCTGGGTTAAGTTGTC,1
CCTGGGTTAATTTGTT,1
CCTGGGTTAGGTTGTG,1
CCTGGGTTTAGTTGTG,1
CCTTAGAGTGAACGAT,1
CCTTATGAAATAAGCT,1
CCTTGACGCATTCCCG,1
CCTTGAGACGCGCAAG,1
CCTTGATGCACTCCCG,1
CCTTGATGCATGCCCG,1
CCTTGATGCATTCACG,1
CCTTGATGCATTCCGG,1
CCTTGATGCATTCTCG,1
CCTTGATGGATTCCCG,1
CCTTGTTGCATTCCCG,1
CCTTTATGCATTCCCG,1
CCTTTCTCAAAACATG,1
CGAAAAACGTCCCAGT,1
CGAAAACAGTACAAAT,1
CGAAAACATTACAAAG,1
CGAAAACATTACGAAT,1
CGAAAACATTGCAAAT,1
CGAAAAGATTACAAAT,1
CGAAAATATTACAAAT,1
CGAAACAAGTCCCAGT,1
CGAAACACGGCCCAGT,1
CGAAACACGTCCCACT,1
CGAAACACGTCCCAGC,1
CGAAACACGTCCCAGG,1
CGAAACACGTCCCATT,1
CGAAACACGTCCCTGT,1
CGAAACACTTCCCAGT,1
CGAAACATGTCCCAGT,1
CGAAACGCGTCCCAGT,1
CGAAAGCATTACAAAT,1
CGAACAGCAGACACGT,1
CGAACCGCAGACACGC,1
CGAACCGCAGAGACGT,1
CGAACCGCGGACACGT,1
CGAACCGCTGACACGT,1
CGAACCTCAGACACGT,1
CGAAGCATTGGTCGCC,1
CGAAGCTTGGCGCATC,1
CGACCATCGCACCCAA,1
CGACCTTTACGAAAAA,1
CGACTCCACAGACGCC,1
CGACTCCACGAACGCC,1
CGACTCCACGGACGAC,1
CGACTCCACGGACGCA,1
CGACTCCACGGACTCC,1
CGACTCCACGTACGCC,1
CGACTTCACGGACGCC,1
CGAGAACATACATAAC,1
CGAGAACATTACAAAT,1
CGATCTTGACGAAAAA,1
CGATCTTTACGAAAGA,1
CGATCTTTACGGAAAA,1
CGATCTTTATGAAAAA,1
CGATTAGAAATACATA,1
CGATTCCACGGACGCC,1
CGCAACACCCTGCCGG,1
CGCACAGTGTAATCGA,1
CGCACTTCACGAGACA,1
CGCACTTGACGAGACA,1
CGCACTTTACCAGACA,1
CGCACTTTACGACACA,1
CGCACTTTACGAGAGA,1
CGCACTTTACGAGATA,1
CGCACTTTACGATACA,1
CGCAGACAATAAAAAA,1
CGCAGCAGTGGTCGCC,1
CGCAGCATTAAGATCA,1
CGCAGCATTCGTCGCC,1
CGCAGCATTGGTCTCC,1
CGCAGCGCGGTAAGAG,1
CGCATTTTACGAGACA,1
CGCCTAGGGGACGATT,1
CGCGACACCCATCCGG,1
CGCGACACCCGTCCGG,1
CGCGACACCCTTACGG,1
CGCGACACCTTTCCGG,1
CGCGACAGCCTTCCGG,1
CGCGACGCCCTTCCGG,1
CGCGACTCCCTTCCGG,1
CGCGGCCGGCGAACTC,1
CGCGGGCTAATGTCTC,1
CGCTAGATGTACAGTC,1
CGCTATGAAATAAGCT,1
CGCTCAGCGATAACGG,1
CGCTGAATTAAGTATG,1
CGGAAACATACATAAC,1
CGGAACACGTCCCAGT,1
CGGAACTTATCTGTGG,1
CGGACAGTGTAATCGA,1
CGGACCATAGATGGTA,1
CGGACCCGAGATGGGA,1
CGGACCCTAGACGGTA,1
CGGACCCTAGAGGGGA,1
CGGACCCTAGATAGTA,1
CGGACCCTAGATCGTA,1
CGGACCCTAGATGATA,1
CGGACCCTAGATGGAA,1
CGGACCGCAGACACGT,1
CGGACCTTAGATGGTA,1
CGGACTATAGTTGGCA,1
CGGAGTATGAAGAGCG,1
CGGATAGTGATGAACA,1
CGGCCAGGCAATCAAA,1
CGGCCAGGGAAGCAAA,1
CGGCCAGGGAATGAAA,1
CGGCCAGGGGATCAAA,1
CGGCCAGTGAATCAAA,1
CGGCCATGGAATCAAA,1
CGGCCGGGACTCATCT,1
CGGCGAGGGAATCAAA,1
CGGGAAAGGGAAGGGA,1
CGGGAAAGGTAAATGA,1
CGGGAAATGTAAACGA,1
CGGGAAATGTAAAGGA,1
CGGGAAATGTAAAGGG,1
CGGGAAATGTAAATAA,1
CGGGAAATGTAAATGT,1
CGGGAAATGTAAATTA,1
CGGGAAATTTAAATGA,1
CGGGAACACACATAAC,1
CGGGAACAGACATAAC,1
CGGGAACATACACAAC,1
CGGGAACATACATAGC,1
CGGGAACATATATAAC,1
CGGGAACCTCCCATAC,1
CGGGAACGTACATAAC,1
CGGGAAGCTCCCATAC,1
CGGGAATATACATAAC,1
CGGGAATATCCCATAC,1
CGGGAATCTACCATAC,1
CGGGAATCTCACATAC,1
CGGGAATCTCCAATAC,1
CGGGAATCTCCCATAA,1
CGGGAATCTCCCATGC,1
CGGGAATCTCCCTTAC,1
CGGGAATCTTCCATAC,1
CGGGACACCCTTCCGG,1
CGGGAGGCCTGGCCCC,1
CGGGAGTCTCCCATAC,1
CGGGCAGGGAATCAAA,1
CGGGGAAAAGATTGTA,1
CGGGGACAAAATTGTA,1
CGGGGACAAGACTGTA,1
CGGGGACAAGAGTGTA,1
CGGGGACAAGATGGGA,1
CGGGGACAAGATGGTA,1
CGGGGACAAGATTGTG,1
CGGGGACAAGGTTGTA,1
CGGGGACAATATTGTA,1
CGGGGACAGGATTGTA,1
CGGGGACATACATAAC,1
CGGGGACGAGATTGTA,1
CGGGGATAAGATTGTA,1
CGGGGTCAAGATTGTA,1
CGGGTACCCGTCAGCA,1
CGGTAACATACATAAC,1
CGGTAATCTCCCATAC,1
CGGTCAGCGATAACGG,1
CGGTCAGGACTCATCT,1
CGGTCGGGACCCATCT,1
CGGTCGGGACGCATCT,1
CGGTCGGGACTCACCT,1
CGGTCGGGACTCATCA,1
CGGTCGGGACTCATCC,1
CGGTCGGGACTCATCG,1
CGGTCGTGACTCATCT,1
CGGTCTGGACTCATCT,1
CGGTGGACGGGCATGG,1
CGGTTGGGACTCATCT,1
CGTACAGAAGACTAGA,1
CGTACAGTGTAATAGA,1
CGTACAGTGTAATTGA,1
CGTACAGTTTAATCGA,1
CGTACATTGTAATCGA,1
CGTACGTATGGCCCAG,1
CGTACGTATGTACCAG,1
CGTAGGTATTATATGC,1
CGTATGTATGTCCCAG,1
CGTCCATCTCAGATCG,1
CGTGAACCCCTCCAAC,1
CGTGAACCCTTCAGCA,1
CGTGACACCCTCCAAC,1
CGTGACCCACTCCAAC,1
CGTGACCCCATCCAAC,1
CGTGACCCCCTACAAC,1
CGTGACCCCCTCAAAC,1
CGTGACCCCCTCCAAA,1
CGTGACCCCCTCCAAT,1
CGTGACCCCCTCCAGC,1
CGTGACCCGCTCCAAC,1
CGTGCGTATGTCCCAG,1
CGTGGACAAGATTGTA,1
CGTGGACCCTTCAGCA,1
CGTGTACCCTTCAGGA,1
CGTGTACCCTTCATCC,1
CGTGTACCCTTGAGCA,1
CGTGTACGCTTCAGCA,1
CGTGTACTCTTCAGCA,1
CGTGTAGCCTTCAGCA,1
CGTGTGAATTCGCCCA,1
CGTGTTGAATAGGCGA,1
CGTGTTGGCTTGGTTA,1
CGTTAAAGGCCTATCC,1
CGTTAACGACCTATCC,1
CGTTAACGGCCTATAC,1
CGTTAACGGCCTATCA,1
CGTTAACTTTGGAAGC,1
CGTTAAGCGATAACGG,1
CGTTCAGCGAGAACGG,1
CGTTCAGCGATAACCA,1
CGTTCAGCGATGACGG,1
CGTTCAGCTATAACGG,1
CGTTCCATAGGCATGG,1
CGTTCGGCGATAACGG,1
CGTTCGGGACTCATCT,1
CGTTGACGGCCTATCC,1
CGTTTCTGATGAATTG,1
CGTTTGTGGTTCGAGG,1
CGTTTTTGGTTAGAGG,1
CGTTTTTGGTTCTAGG,1
CGTTTTTTGTTCGAGG,1
CTAAATGTCGTAGGAT,1
CTAACAGAATACTAGA,1
CTAAGGGATTCAACTC,1
CTAAGGTATTATATGC,1
CTAATTAACAGACGTA,1
CTAATTTAAGGAGCAA,1
CTAATTTAAGTACCAA,1
CTAATTTAAGTATGAA,1
CTAATTTAAGTATTAA,1
CTACACGAGGTTGTGA,1
CTACCCAGTTCCTGCG,1
CTACCTTAATCTACAG,1
CTACTCCACGGACGCC,1
CTAGATTGCCCGGAAG,1
CTAGCACAACGTAGGC,1
CTAGCACACCGTAGGC,1
CTAGCACAGCCTAGGC,1
CTAGCACAGCGTAAGC,1
CTAGCACAGCTTAGGC,1
CTAGCACAGGGTAGGC,1
CTAGGACAGCGTAGGC,1
CTATAAACAGTTTGTA,1
CTATAAACCATTTGTA,1
CTATAAACCGCTTGTA,1
CTATAAACCGTTGGTA,1
CTATAAACCGTTTGTT,1
CTATAAACCTTTTGTA,1
CTATAAATCGTTTGTA,1
CTATAATGCCCGGAAG,1
CTATACCTGCAGTTGA,1
CTATATCGCCCGGAAG,1
CTATATTAATCTACAG,1
CTATATTCCCCGGAAG,1
CTATATTGCCCCGAAG,1
CTATATTGCCCGCAAG,1
CTATATTGCCCGGAAA,1
CTATATTGCCCGGAAC,1
CTATATTGCCCGGATG,1
CTATATTGCCTGGAAG,1
CTATATTGCGCGGAAG,1
CTATATTGCTCGGAAG,1
CTATCCTAATCTACAG,1
CTATCGTAAGCTACAG,1
CTATCTCAATCTACAG,1
CTATCTGAATCTACAG,1
CTATCTTAATCCACAG,1
CTATCTTAATCTACAA,1
CTATCTTAATCTAGAG,1
CTATCTTAATCTGCAG,1
CTATTCGCCGTTCCCC,1
CTATTTAACAGACATA,1
CTATTTAACAGACGCA,1
CTATTTAACAGACTTA,1
CTATTTAACGGACGTA,1
CTATTTAAGAGACGTA,1
CTATTTAGCAGACGTA,1
CTCAAATAAGTGGCGC,1
CTCAAATAATCGGCGC,1
CTCAAATAATTGGAGC,1
CTCAAATAATTGGCGT,1
CTCAAATAATTGGTGC,1
CTCAAATAATTGTCGC,1
CTCAAATAATTTGCGC,1
CTCAAATAGTTGGCGC,1
CTCAAATGATTGGCGC,1
CTCAACGTCGTAGGAT,1
CTCAAGTAATTGGCGC,1
CTCAATGTCGTATGAT,1
CTCAATGTCTTAGGAT,1
CTCAATTTCGTAGGAT,1
CTCATAGGGGACGATT,1
CTCCTAGAGGACGATT,1
CTCCTAGGGGACAATT,1
CTCCTAGGGGACGATA,1
CTCCTAGGGGACGATC,1
CTCCTAGGGGGCGATT,1
CTCCTAGTGGACGATT,1
CTCCTATGGGACGATT,1
CTCGAATAATTGGCGC,1
CTCGAGGCCTGGCCCC,1
CTCGGGACCAAAACTG,1
CTCTAAATTATAGTCT,1
CTCTACCTGCAGTTGA,1
CTCTATGAAATAAGCT,1
CTCTGCGCGGCTCGGG,1
CTCTGTCCAGACTCGT,1
CTCTTAAGCTCCTACG,1
CTCTTCTAGTACGCTT,1
CTCTTGCGCTCCTACG,1
CTCTTTACGGATCTCT,1
CTGAACCTATCTGTGG,1
CTGAACGTATCGGTGG,1
CTGAACTGCCAATAAG,1
CTGAACTTAGCTGGGG,1
CTGAACTTAGCTGTGG,1
CTGAACTTATCGGTGG,1
CTGAACTTATCTGTCG,1
CTGAACTTATCTGTGA,1
CTGAACTTATCTGTGC,1
CTGAACTTGTAGATAT,1
CTGAACTTGTCGACAT,1
CTGAACTTGTCGATAC,1
CTGAACTTGTCGGTAT,1
CTGAACTTGTCTGTGG,1
CTGAAGTTATCTGTGG,1
CTGACAGAATACTAGA,1
CTGACCCTAGATGGTG,1
CTGACTGCGCGAGAGT,1
CTGAGCCGCCAATAAG,1
CTGAGCGGCCAAGAAG,1
CTGAGCGGCCAATAAG,1
CTGAGCTGCCAAAAAG,1
CTGAGCTGCCAATAAA,1
CTGAGCTGCCAATACG,1
CTGAGCTGCCAATATG,1
CTGAGCTGCCAGTAAG,1
CTGAGCTGGCAATAAG,1
CTGAGGGATTAAACTC,1
CTGAGGGATTCAAATC,1
CTGAGGGATTCGACTC,1
CTGAGGGATTGAACTC,1
CTGAGTGATTCAACTC,1
CTGATAATATAGAGAC,1
CTGATAGTGATGAACA,1
CTGATCTGCCAATAAG,1
CTGCAATTGAAACATA,1
CTGGAAAGGAGAGTTG,1
CTGGACCTGCAGTTGA,1
CTGGACTTAGCGGTGG,1
CTGGAGGCCCGGCCCA,1
CTGGAGGCCTGGCCGC,1
CTGGAGGCCTGGCCTC,1
CTGGAGGGCTGGCCCC,1
CTGGCCCACGGGCATA,1
CTGGGACAAGATTGTA,1
CTGGGATTGGAGAAAC,1
CTGGGCTGCCAATAAG,1
CTGTAAACCGTTTGTA,1
CTGTACCTCCAGTTGA,1
CTGTACCTGCAGCTGA,1
CTGTACCTGCAGTCGA,1
CTGTACCTGCAGTGGA,1
CTGTACCTGCAGTTAA,1
CTGTACCTGCAGTTCA,1
CTGTACCTGCAGTTGC,1
CTGTACGTGCAGTTGA,1
CTGTAGCTGCAGTTGA,1
CTTAAATAATTGGCGC,1
CTTAAGTATTATATGC,1
CTTACACAATACTAGA,1
CTTACAGAACACTAGA,1
CTTACAGAATAATAGA,1
CTTACAGAATACTAAA,1
CTTACAGAATACTAGT,1
CTTACAGAATACTGGA,1
CTTACAGAGTACTAGA,1
CTTACGTATGTCCCAG,1
CTTACTGCGAGAGAGT,1
CTTACTGCGCGAAAGT,1
CTTACTGCGCGAGAGA,1
CTTACTGCGCGAGAGC,1
CTTACTGCTCGAGAGT,1
CTTACTGTGCGAGAGT,1
CTTACTTCGCGAGAGT,1
CTTAGATATTACATGC,1
CTTAGATTATAACGTA,1
CTTAGGCATTATATGC,1
CTTAGGGCTACGTGAG,1
CTTAGGTATCATATGC,1
CTTAGGTATTAAATGC,1
CTTAGGTATTACATAC,1
CTTAGGTATTACATGA,1
CTTAGGTATTACATTC,1
CTTAGGTATTATAGGC,1
CTTAGGTATTATATGA,1
CTTAGGTATTGCATGC,1
CTTATGTATTACATGC,1
CTTATGTATTATATGC,1
CTTCAAATTATAGTCT,1
CTTCAGCGTTGTTTTG,1
CTTCGGCGCTTGATTA,1
CTTCGGCTCCTGATTA,1
CTTCGGCTCTGGATTA,1
CTTCGGCTCTTCATTA,1
CTTCGGCTCTTGACTA,1
CTTGACCCCCTCCAAC,1
CTTGATGCCTGGCCCC,1
CTTGCACAGCGTAGGC,1
CTTGCAGAATACTAGA,1
CTTGGGCTCTTGATTA,1
CTTTAAAATATAGTCT,1
CTTTAAATTAGAGTCT,1
CTTTAAATTATAACCA,1
CTTTAAATTATACTCT,1
CTTTAACGGCCTATCC,1
CTTTGGCTCTTGATTA,1
CTTTGGTATTATATGC,1
CTTTTATAGTACGCTT,1
CTTTTCTAATACGCTT,1
CTTTTCTAGCACGCTT,1
CTTTTCTAGGACGCTT,1
CTTTTCTAGTACACTT,1
CTTTTCTAGTACGATT,1
CTTTTCTAGTACGCGT,1
CTTTTCTAGTACGCTC,1
CTTTTCTAGTACGCTG,1
CTTTTCTAGTATGCTT,1
CTTTTCTGGTACGCTT,1
GAAAAAGCCGCCATGA,1
GAAAAAGCCTCCATGA,1
GAAAAATAGAACAGAG,1
GAAAATCCCTATGATG,1
GAAAGCAAAGTTGACC,1
GAAAGCCCAGTGCAAT,1
GAAAGCCCCAAATAAC,1
GAAAGCCCCATGCAAT,1
GAAAGCCCCCTGCAAT,1
GAAAGCCCCGGGCAAT,1
GAAAGCCCCGTACAAT,1
GAAAGCCCCGTGCAAC,1
GAAAGCCCCGTGCGAT,1
GAAAGCCCTGTGCAAT,1
GAAAGCTTCATGGAGT,1
GAAAGTCACTATGATG,1
GAAAGTCCCGAGGATG,1
GAAAGTCCCGATGATG,1
GAAAGTCCCGTGCAAT,1
GAAAGTCCCTATGATT,1
GAAATACGCTGAATGA,1
GAAATATAGAACAGAG,1
GAAATCCCCAAATAGC,1
GAAATCCCGAAATAAC,1
GAAATCGCCAAATAAC,1
GAAATGCTGCTGAAGT,1
GAACCCTTGTAAGATG,1
GAACGTGATTTCTCGA,1
GAAGAAACTATAACCG,1
GAAGAAACTATAACGA,1
GAAGAAACTATAGCCA,1
GAAGAAACTGTAACCA,1
GAAGAAAGTATAACCA,1
GAAGAAGCTATAACCA,1
GAAGAATGGAGGAGAG,1
GAAGGAACTATAACCA,1
GAAGGAAGTGGAATGA,1
GAAGGACGCTGAAGGA,1
GAAGGACGCTGAATGA,1
GAAGGCCCCGTGCAAT,1
GAAGGGATGGGCACGT,1
GAAGGGCTGCTGAAGT,1
GAAGGTCCCTATGATG,1
GAAGTACACTGAATGA,1
GAAGTACGATGAATGA,1
GAAGTACGCTGAGTGA,1
GAAGTACGTATTGAGT,1
GAAGTAGGCTGAATGA,1
GAAGTGAGTATTGAGT,1
GAAGTGATGCTGAAGT,1
GAAGTGCGGATTGAGT,1
GAAGTGCGTATCGAGT,1
GAAGTGCGTATTAAGT,1
GAAGTGCGTATTGAAT,1
GAAGTGCGTATTGAGC,1
GAAGTGCTACTGAAGT,1
GAAGTGCTGCCGAAGT,1
GAAGTGCTGCGGAAGT,1
GAAGTGCTGCTGAATT,1
GAAGTGCTGCTGACGT,1
GAAGTGCTGCTGGAGT,1
GAAGTGCTGCTTAAGT,1
GAATAATAAAACAGAG,1
GAATAATACAACAGAG,1
GAATAATAGAAAAGGG,1
GAATAATAGAACAGAC,1
GAATAATAGAACAGAT,1
GAATAATAGAACATAG,1
GAATAATATAACAGAG,1
GAATAGTAGAACAGAG,1
GAATGATAGAACAGAG,1
GAATTACGCTGAATGA,1
GAATTCGCCGTTCCCC,1
GACAAAAGCGACATAT,1
GACAAAAGGAACATAT,1
GACAAAAGGGACAGAT,1
GACAAAAGGGACATAG,1
GACAAAAGGGACATCT,1
GACAAAAGGGACATGT,1
GACAAAAGGGAGATAT,1
GACAAAAGGGATATAT,1
GACAAAAGTGACATAT,1
GACAAAATGTACATAT,1
GACAAACGGGACATAT,1
GACAAGAGAGGGGTCC,1
GACAAGAGGGACATAT,1
GACACCTTGTAAGATG,1
GACAGAAGGGACATAT,1
GACAGAAGTCCATGTA,1
GACAGACAATAAAAAA,1
GACCACTTGTAAGATG,1
GACCATCAGCACCTAG,1
GACCCATTGTAAGATG,1
GACCCCTTGCAAGATG,1
GACCCCTTGTAAGACG,1
GACCCCTTGTAAGATA,1
GACCCCTTGTAAGATT,1
GACCCCTTGTAGGATG,1
GACCCTGCAAGCCACT,1
GACCGCCATCGACTTC,1
GACCGGATGGGCACGT,1
GACGAGATGGGCACGT,1
GACGCATCCTGGAATG,1
GACGCTGCGGCGTGTG,1
GACGGGATGGGAACGT,1
GACGGGATGGGCAAGT,1
GACGGGATGGGCACGA,1
GACGGGATGGGCACTT,1
GACGGGATGGGTACGT,1
GACGGGGTGGGCACGT,1
GACGTGATGGGCACGT,1
GAGAACTGCAGAAGCG,1
GAGAAGACTTTGTGAT,1
GAGAAGCTATAGAAGT,1
GAGAGCGAGAAAAGCA,1
GAGAGCTCCAGAAGCG,1
GAGAGCTGCAAAAGCG,1
GAGAGCTGCACAAGCG,1
GAGAGCTGCAGAAACG,1
GAGAGCTGCAGAAGGG,1
GAGAGCTGCAGAAGTG,1
GAGAGCTGCAGAATCG,1
GAGAGCTGGAGAAGCG,1
GAGCACGCAGAAAAAG,1
GAGCATTGTCGGAAAG,1
GAGCCCAGCGGGTGAT,1
GAGCGTTGTCGGAAAG,1
GAGCTTGCTACGGATC,1
GAGCTTGCTATGTATC,1
GAGCTTGCTGTGGATC,1
GAGGCGATACGTCACC,1
GAGGCTCTAGAGCTCT,1
GAGGGCTAGAGATACG,1
GAGGGGATACGTCAAC,1
GAGGGGATACGTCACA,1
GAGGGGATACGTCGCC,1
GAGGGGATAGGTCACC,1
GAGGGGATATGTCACC,1
GAGGGGATTGGCTGTT,1
GAGGGGGTACGTCACC,1
GAGGGGTAGAAATACG,1
GAGGGGTAGAGATACC,1
GAGGGGTAGAGATCCG,1
GAGGGGTAGAGTTACG,1
GAGGGGTATAGATACG,1
GAGGGGTCGAGATACG,1
GAGGGGTTGAGATACG,1
GAGGTCCCTATGTAGC,1
GAGGTCGTAGGAACAG,1
GAGGTTGCTATGGATC,1
GAGTAATAGAACAGAG,1
GAGTTAAGAGAAAGTT,1
GAGTTAGTAGGGCAGC,1
GATAGCCACTGATAAG,1
GATCAAGAAGAAAAAG,1
GATCACCACTGATAAG,1
GATCACGAAGAAAAAG,1
GATCACGCAGAAAAAT,1
GATCACGCAGAAAACG,1
GATCACGCAGAAGAAG,1
GATCACGCAGAGAAAG,1
GATCACGCAGGAAAAG,1
GATCACGCATAAAAAG,1
GATCATGCAGAAAAAG,1
GATCCAGATGCCCACC,1
GATCCATCTCAGATCG,1
GATCCCTTGTAAGATG,1
GATCCTGGGGAGAGTC,1
GATCGCCAATGATAAG,1
GATCGCCACGGATAAG,1
GATCGCCACTGATGAG,1
GATCGCCATAGACTTC,1
GATCGCCATCGAATTC,1
GATCGCCATCGACTTA,1
GATCGCCATCGGCTTC,1
GATCGCCATGGACTTC,1
GATCGCCTTCGACTTC,1
GATCGCGCAGAAAAAG,1
GATCGCTATCGACTTC,1
GATCTCGGGGAGAGTC,1
GATCTTAGGGAGAGTC,1
GATCTTGAGGAGAGTC,1
GATCTTGGAGAGAGTC,1
GATCTTGGGGAAAGTC,1
GATGGGAATTGCCACT,1
GATGGGTAGAGATACG,1
GATTAACTTTGGAAGC,1
GATTAAGAGAAGGGCG,1
GATTAAGATGCCCACC,1
GATTCAAATGCCCACC,1
GATTCAGATACCCACC,1
GATTCAGATCCCCACC,1
GATTCAGATGCCAACC,1
GATTCAGATGCTCACC,1
GATTCAGATGGCCACC,1
GATTCAGATTCCCACC,1
GATTCAGGTGCCCACC,1
GATTCATATGCCCACC,1
GATTCGGATGCCCACC,1
GATTGAGACGCGCAAG,1
GATTTCTGATGAATTG,1
GATTTTGGGGAGAGTC,1
GATTTTGGGGAGGGGC,1
GCAAAAAGTGTAGTTG,1
GCAAAAGTCCTAGCAA,1
GCAAACACTGTAGTTG,1
GCAAACAGGGGAGTTG,1
GCAAACAGTGAAGTTG,1
GCAAACAGTGGAGTTG,1
GCAAACAGTGTACTTG,1
GCAAACAGTGTAGATG,1
GCAAACAGTGTAGTTT,1
GCAAACAGTGTATTTG,1
GCAAACAGTGTGGTTG,1
GCAAACAGTTTAGTTG,1
GCAAAGTCTCGAGAAG,1
GCAAAGTTTCATAGCG,1
GCAACGAGATGTAACC,1
GCAACGAGGTGTAACA,1
GCAACGATGTGTAACC,1
GCAAGCAAAGTTGACC,1
GCAAGCTTGGCGCATC,1
GCAAGGAGGTGTAACC,1
GCAGCCTGCCGGTCAT,1
GCAGCGGGCCGGTCAT,1
GCAGCGTGCAGGTCAT,1
GCAGCGTGCCAGTCAT,1
GCAGCGTGCCGATCAT,1
GCAGCGTGCCGGTCAC,1
GCAGCGTGCCGGTGAT,1
GCAGCGTGCCGGTTAT,1
GCAGCGTGCTGGTCAT,1
GCAGCGTGTCGGTCAT,1
GCAGCGTTCCGGTCAT,1
GCAGGCGTTAGTGTCA,1
GCAGGGAACGAACTCC,1
GCAGTACGATCTACGC,1
GCATACTCAACTCCTA,1
GCATAGAACTAACTCC,1
GCATCCTCAACCCCTA,1
GCATCCTCAACGCCTA,1
GCATCCTCAACTACTA,1
GCATCCTCAGCTCCTA,1
GCATCCTCGACTCCTA,1
GCATCGTGCCGGTCAT,1
GCATGAAACTAACTCC,1
GCATGGAACTAACGCC,1
GCATGGAACTAACTTC,1
GCATGGAACTAATTCC,1
GCATGGAATTAACTCC,1
GCATGGGAAGAGCTTA,1
GCATGGGACTAACTCC,1
GCATGGGTTGGCTGTA,1
GCCACACCCCTAGCTA,1
GCCACCTCGTATCCCT,1
GCCAGAAGTCCATGTA,1
GCCAGCGCGGCTCGGG,1
GCCAGCGTTAGTGTCA,1
GCCAGCTCGAATCCCT,1
GCCAGCTCGTACCCCT,1
GCCAGCTCGTAGCCCT,1
GCCAGCTCGTATCTCT,1
GCCAGCTCGTATTCCT,1
GCCAGCTCGTGTCCCT,1
GCCATTGTACACACCA,1
GCCATTTACTGAAGTG,1
GCCATTTACTTAAGGG,1
GCCCAAAGGATCATGA,1
GCCCTTGCGCGCAGTC,1
GCCGAAAGGATCATGA,1
GCCGATGCGGCGTGTG,1
GCCGCATCCTGGAATG,1
GCCGCCGCGGCGTGTG,1
GCCGCCGCTAATCCGA,1
GCCGCTGCGGAGTGTG,1
GCCGCTGCGGCGCATC,1
GCCGCTGCGGCGCGTG,1
GCCGCTGCGGCGGGGG,1
GCCGCTGCGGCGGGTG,1
GCCGCTGCGGCGTGCG,1
GCCGGCGTTAGTGGCA,1
GCCGGCGTTAGTGTCT,1
GCCGGCGTTGGTGTCA,1
GCCGGCTTTAGTGTCA,1
GCCGTCGTTAGTGTCA,1
GCCGTTGTACACACCA,1
GCCGTTTACTGAAGGG,1
GCCTAAAGGACCATGA,1
GCCTAAAGGATAATGA,1
GCCTAAAGGATCACGA,1
GCCTAAAGGATCAGGA,1
GCCTAAAGGATCATGT,1
GCCTAAAGGATCGTGA,1
GCCTAAGCGTGGGAGG,1
GCCTGAAGGACCATGA,1
GCCTTAAGGATCATGA,1
GCCTTTACGCGCAGTC,1
GCCTTTGAGAGCAGTC,1
GCCTTTGAGCGCAGTC,1
GCCTTTGCACGCAGTC,1
GCCTTTGCGCGAAGTC,1
GCCTTTGCGCGCACTC,1
GCCTTTGCGCGCAGGC,1
GCCTTTGCGCGGAGTC,1
GCCTTTGCTCGCAGTC,1
GCGAACAGTGTAGTTG,1
GCGAAGCTTCATAGCG,1
GCGAAGTTCCATAGCG,1
GCGAAGTTTCACAGCG,1
GCGAAGTTTCATAACG,1
GCGAAGTTTCATAGCA,1
GCGAAGTTTTATAGCG,1
GCGAGCTCGTATCCCT,1
GCGAGGTTTCATAGCG,1
GCGGATAAATCAGAAC,1
GCGGCGTGCCGGTCAT,1
GCGTAAAGGATCATGA,1
GCGTATGATTTTCGAG,1
GCGTCCGTTGGGAACT,1
GCGTCCTCAACTCCTA,1
GCGTGGAACTAACTCC,1
GCGTTTGCGCGCAGTC,1
GCTAAGTTTCATAGCG,1
GCTAGCTCGTATCCCT,1
GCTCTGGCTCGCTAAT,1
GCTTGGAACTAACTCC,1
GCTTTACCACTGCATC,1
GCTTTCTCAAAACATA,1
GGAAAACATTACAAAT,1
GGAACCGCAGACACGT,1
GGAAGCCCCGTGCAAT,1
GGAAGTCCCTATGATG,1
GGAATTCGCATGCGGA,1
GGACGAATGGGATTCC,1
GGACTCCACGGACGCC,1
GGAGAACTGCGGCCCC,1
GGAGATACTAGGACCA,1
GGAGCGTGCCGGTCAT,1
GGATAAGAGGACAGAG,1
GGATCCACCCTATAGT,1
GGCAAAAGGGACATAT,1
GGCGACACCCTTCCGG,1
GGCGGTGGGCGAGCCG,1
GGCTATTCCGGCGCGG,1
GGGAGTTGAGGGAGTG,1
GGGCCATCTCAGATCG,1
GGGCGCCGGAGGAGTA,1
GGGGAATCTCCCATAC,1
GGGGGGTGCGACACAG,1
GGGGTGGCAAGCCGGG,1
GGGTAACTTTGGAAGC,1
GGGTCGGGACTCATCT,1
GGTACAGTGTAATCGA,1
GGTCAACTTTGGAAGC,1
GGTCCATCTCAGAACG,1
GGTCCATCTCAGACCG,1
GGTCCATCTCAGGTCG,1
GGTCCATCTCTGATCG,1
GGTCCATGTCAGATCG,1
GGTCGCCATCGACTTC,1
GGTCTTGGGGAGAGTC,1
GGTTAAATTTGGAAGC,1
GGTTAACCTTGGAAGC,1
GGTTAACGTTGGAAGC,1
GGTTAACTTCGGAAGC,1
GGTTAACTTGGGAAGC,1
GGTTAACTTTCGAAGC,1
GGTTAACTTTGGAACT,1
GGTTAACTTTGGAAGG,1
GGTTAGCTTTGGAAGC,1
GGTTCAGCGATAACGG,1
GGTTCCATAGGCATGG,1
GGTTGACTTTGGAAGC,1
GGTTTTTATAACTTGC,1
GTAACGAGGTGTAACC,1
GTAAGCAAAATTGACC,1
GTAAGCAAAGTTGACG,1
GTAAGCAAATTTGACC,1
GTAAGCAGAGTTGACC,1
GTAAGCTGCCAATAAG,1
GTAAGCTTCATGGAGG,1
GTAAGCTTCATGGATT,1
GTAAGCTTCATGGGGT,1
GTAAGCTTCATTGAGT,1
GTAAGCTTGGCGCATC,1
GTAAGGAACTAACTCC,1
GTAATCCGCATGCGGA,1
GTAATTATGACTTCAT,1
GTAATTCGCATGAGGA,1
GTAATTCGCATGCAGA,1
GTAATTCGCATTCGGA,1
GTAATTCTCATGCGGA,1
GTACAAACCTGCAAAC,1
GTACAAACCTGCATAT,1
GTACAAACCTGCGAAT,1
GTACAAACCTGGAAAT,1
GTACAAGCCTGCAAAT,1
GTACAATCCTGCAAAT,1
GTACACGAGGTTGTGA,1
GTACACGCATGTGCCA,1
GTACATACTAGGACCA,1
GTACATCCTAGTGACG,1
GTACCCACTTCCTGCG,1
GTACCCAGTTCCAGCG,1
GTACCCAGTTCCGGCG,1
GTACCCAGTTCCTCCG,1
GTACGCAGTTCCTGCG,1
GTACGGGTTGGCTGTA,1
GTACTAACCTGCAAAT,1
GTACTCAGTTCCTGCG,1
GTAGAAACTATAACCA,1
GTAGAAATGCGGCCCC,1
GTAGAACTACGGCCCC,1
GTAGAACTGCGACCCC,1
GTAGAACTGCGGAACC,1
GTAGAACTGCGGCCCG,1
GTAGAACTGCGGGCCC,1
GTAGAACTGCGTAGGC,1
GTAGAATCGCAAATTA,1
GTAGAATTGCGGCCCC,1
GTAGAGACTAGGACCA,1
GTAGATACTAGGACCT,1
GTAGATACTAGGACTA,1
GTAGATACTATGACCA,1
GTAGATACTGGGACCA,1
GTAGATATTAGGACCA,1
GTAGCCAGTTCCTGCG,1
GTAGGCTTCATGGAGT,1
GTAGGTACTAGGACCA,1
GTAGTATCAAGCCGGG,1
GTATAAAAAACTTAGT,1
GTATAAACCGTTTGTA,1
GTATAAACCTGCAAAT,1
GTCAAGCTACGGATGG,1
GTCAAGTCACGGATGG,1
GTCAAGTTACGGACGG,1
GTCAAGTTACGGAGGG,1
GTCAAGTTACGGATGA,1
GTCAAGTTGCGGATGG,1
GTCAAGTTTCGGATGG,1
GTCAATGTCGTAGGAT,1
GTCAGCTCGTATCCCT,1
GTCATCAAGTTGGTGC,1
GTCCATCAGCATAAAC,1
GTCCCATCCTGGAATG,1
GTCCGATTGTCCGGAA,1
GTCCGTCAGAATAAAC,1
GTCCGTCGGCATAAAC,1
GTCGAATCCTGGAATG,1
GTCGAGTTACGGATGG,1
GTCGCATCCTCGTATG,1
GTCGCATCCTGGAACG,1
GTCGCATCCTGGAATA,1
GTCGCATCCTGGAATC,1
GTCGCATCCTGGAATT,1
GTCGCCGCTAAGCCGA,1
GTCGCCGCTAATACGA,1
GTCGCCGCTAATCCGC,1
GTCGCCGCTAATCTGA,1
GTCGCCGCTAATTCGA,1
GTCGCCTCTAATCCGA,1
GTCGCGTCCTGGAATG,1
GTCGGGATGGGCACGT,1
GTCGGGTGAGGCGTGT,1
GTCTAAAGGATCATGA,1
GTCTCATCCTGGAATG,1
GTGAACTTGTCGATAT,1
GTGAAGTTTCATAGCG,1
GTGACTCACCGAATAA,1
GTGAGCAAAGTTGACC,1
GTGAGCGAGAAAAGCG,1
GTGAGCGAGAAAAGCT,1
GTGAGCGAGGAAAGCA,1
GTGAGCGATAAAAGCA,1
GTGAGCTAGAAAAGCA,1
GTGAGGGATTCAACTC,1
GTGAGTGGTATGGAGG,1
GTGCAAACCTGCAAAT,1
GTGCATACTAGTGACG,1
GTGCATCATAGTGACG,1
GTGCATCCGAGTGACG,1
GTGCATCCTAGTCACG,1
GTGCATCCTAGTGACA,1
GTGCATCCTAGTGACC,1
GTGCATCCTAGTGATG,1
GTGCATCCTAGTGGCG,1
GTGCGACTGTCCGGAA,1
GTGCGAGTGGCCGGAA,1
GTGCGATGGGCCGGAA,1
GTGCGATTGAAACATA,1
GTGCGATTGTCCAGAA,1
GTGCGATTGTCCGAAA,1
GTGCGATTGTCGGGAA,1
GTGCGATTGTTCGGAA,1
GTGCGCGAGAAAAGCA,1
GTGCGGTTGTCCGGAA,1
GTGCTCCTGAGTAGTA,1
GTGGCTCCGACACGCC,1
GTGGGATTGTCCGGAA,1
GTGGGCGAGAAAAGTA,1
GTGGGGAACGGGAAGT,1
GTGGGGATACGTCACC,1
GTGGGGATGGTTTGGG,1
GTGGTATCAAACAGGG,1
GTGGTATCAAGCCGAG,1
GTGGTATCAAGCCGCG,1
GTGGTATCAAGCCGGC,1
GTGGTATCAGGCCGGG,1
GTGGTATCATGCCGGG,1
GTGGTGTCAAGCCGGG,1
GTGGTTTTACGTCCAT,1
GTGTAGGCCTGGGAGG,1
GTTAAGTTACGGATGG,1
GTTACTCCGACACGCC,1
GTTAGATCGAGAGTCA,1
GTTATGGTGAATGCAG,1
GTTATTATGAATTCAT,1
GTTATTATGACCTCAT,1
GTTATTATGACTTCAA,1
GTTCCATCTTAGATCG,1
GTTCCCAGTTCCTGCG,1
GTTCCTCCGACACGCC,1
GTTCGCCACTGATAAG,1
GTTGATACTAGGACCA,1
GTTGCATCCTGGAATG,1
GTTGCCCCGACACGCC,1
GTTGCTCAGACACGCC,1
GTTGCTCCGAAACGCC,1
GTTGCTCCGACACACC,1
GTTGCTCCGACACGAC,1
GTTGCTCTGACACGCC,1
GTTGGTCCGACACGCC,1
GTTGTATCAAGCCGGG,1
GTTTAAATTCGAGGAC,1
GTTTAACTTTGGAAGC,1
GTTTTTCTATGGCTAC,1
TAAAAAGCATCCATGA,1
TAAAAAGCCTACATGA,1
TAAAAAGCCTCCACGA,1
TAAAAAGCCTCCAGGA,1
TAAAAAGCCTCCATCA,1
TAAAAAGCCTCCGTGA,1
TAAAAAGCCTCGATGA,1
TAAAAAGCTTCCATGA,1
TAAAAAGTCTCCATGA,1
TAAAAATCTTCCATGA,1
TAAAAATGTCATTTGA,1
TAAAGCCCCGTGCAAT,1
TAAATCGGGGGCTAAA,1
TAAATGATGCATTAGG,1
TAAATGCTGCATCAGG,1
TAAATTCCCTATGATG,1
TAACAATGTCATTTGA,1
TAACATTGTCGGAAAG,1
TAACGACTCGACTAAC,1
TAACGTGAGGGCTAGG,1
TAACGTGATACTCACA,1
TAACGTGATCTCTCGA,1
TAACGTGATGTCTCGA,1
TAACGTGATTTCTCGG,1
TAACGTGATTTCTTGA,1
TAACTGATAGTAACTC,1
TAAGAAACTATAACCA,1
TAAGAAGCCTCCATGA,1
TAAGGTGATTTCTCGA,1
TAAGTACGCTGAATGA,1
TAAGTAGCAGAGGATT,1
TAATAAGCCAGCAAGG,1
TAATAAGCCAGCCACT,1
TAATAAGCCAGTAAGA,1
TAATAAGCCATCAAGA,1
TAATAATAGAACAGAG,1
TAATACGCCAGCAAGA,1
TAATAGCAATAAAATC,1
TAATGTGATTTCTCGA,1
TAATTAGAAATACATA,1
TACAAATGTCATTTGA,1
TACAAGAGAGGAGTCC,1
TACAAGAGAGGGGTCA,1
TACACGTAGAACCGCC,1
TACACTGCAAGCCACT,1
TACAGAAGTCCATGTA,1
TACAGACAATAAAAAA,1
TACATACCAACGCAGT,1
TACATACCGACGCAGA,1
TACATACCGACGCAGC,1
TACATACCGACGCAGG,1
TACATGCTGCGGAACG,1
TACCAATATCATTTGA,1
TACCAATGCCGTTGTC,1
TACCAATGTAATTTGA,1
TACCAATGTCATTCGA,1
TACCAATGTCATTGGA,1
TACCAATGTCATTTGG,1
TACCAATGTCGTTTGA,1
TACCAATGTTATTTGA,1
TACCAATTTCATTTGA,1
TACCAGCAATAAAATC,1
TACCAGTGTCATTTGA,1
TACCCTACAAGCCACA,1
TACCCTGCAAACCACT,1
TACCCTGCAAGCCAAT,1
TACCCTGCAAGCCACG,1
TACCCTGCAAGCCAGT,1
TACCCTGCAAGCCATT,1
TACCCTGCAAGCCTCT,1
TACCCTGCAAGCTACT,1
TACCCTGCCAGCCACT,1
TACCCTGCGAGCCACT,1
TACCCTTCAAGCCACT,1
TACCGGCTGCGGAACG,1
TACCGTGCAAGCCACT,1
TACCTAATGCGGAACG,1
TACCTGATGCGGAAAG,1
TACCTGCCGCGGAACG,1
TACCTGCGGCGGAACG,1
TACCTGCTACGGAACG,1
TACCTGCTGCAGAACG,1
TACCTGCTGCGGAAAG,1
TACCTGCTGCGGAATG,1
TACCTGCTGCGGGACG,1
TACCTGCTTCGGAACG,1
TACGGGCTAATGTCTC,1
TACTAAAGGATCATGA,1
TACTAACAATAAAATC,1
TACTAAGAGAAGTGCG,1
TACTAATGCCATTGTC,1
TACTAATGCCGCTGTC,1
TACTAATGCCGTTGAC,1
TACTAATGCCGTTGCC,1
TACTAATGCCGTTGTG,1
TACTAATGCTGTTGTC,1
TACTAGCAGTAAAATC,1
TACTGACAATAAAAAA,1
TACTGATAACACTGCG,1
TACTGATAACCCTGCT,1
TACTGATAACCGTGCG,1
TACTGATAGCCCTGCG,1
TACTGTTAACCCTGCG,1
TAGAAAGCCTCCATGA,1
TAGATAATATAGAGAC,1
TAGATTACTAGCCGGA,1
TAGCATCGTCGGAAAG,1
TAGCATTATCGGAAAG,1
TAGCATTCTCGGAAAG,1
TAGCATTGTCGGAAAA,1
TAGCATTGTCGGAAGC,1
TAGCATTGTCGTAAAG,1
TAGCCGATAGTAACTC,1
TAGCCTGTAAGCCACT,1
TAGCGGATAGTAACTC,1
TAGCGGTGATGTGATT,1
TAGCGTTGGCGGAAAG,1
TAGCTGATAGTAACTA,1
TAGCTGATAGTGACTC,1
TAGCTGCTGCGGAACG,1
TAGCTTGCTATGGATC,1
TAGTAAGAGAAGTGCG,1
TAGTCCGCTTCATGCT,1
TATAAAGAGAAGTGCG,1
TATAACTCTCGCGGCA,1
TATACAGAGTTTGTTG,1
TATACAGTGTAATCGA,1
TATACTAACGGAGGAT,1
TATACTCACGAAGGAT,1
TATACTCACGGAGGAA,1
TATACTCACGGAGTAT,1
TATACTCACGGGAAGC,1
TATACTCACGGGGGAT,1
TATACTCGCGGAGGAT,1
TATACTGACGGAGGAT,1
TATAGTCACGGAGGAT,1
TATATCATATCTAATA,1
TATCCAAGGCACGGAC,1
TATCCAAGGGACGGAT,1
TATCCGGATAAAGTAG,1
TATCGCTGGCACCCGT,1
TATCTTGGGGAGAGTC,1
TATGAAGAGAAGTGCG,1
TATGGAAACGATCCCC,1
TATGGAGCGCCCTTAC,1
TATGTACCCTTCAGCA,1
TATGTCGCATCCACAG,1
TATGTCGGATCCACAG,1
TATGTCGTATCCACAC,1
TATGTCGTATCCACAT,1
TATGTCGTATCCACCG,1
TATGTCGTATCCACGG,1
TATGTCGTATCTACAG,1
TATGTTAGTAACATAA,1
TATGTTGTATCCACAG,1
TATTAAGAGAAAAGCA,1
TATTAAGAGAATTGCG,1
TATTAAGAGGAGTGCG,1
TATTAAGGGAAGTGCG,1
TATTAATAGAACAGAG,1
TATTAGTCCTCGTATG,1
TATTGAGCCAGTCTGA,1
TATTGATAACCCTGCG,1
TATTTCTGATGAATTG,1
TCAAACAGTTTAGTTG,1
TCAAGATTCGGGGGAC,1
TCAAGCGGGGGCTAAA,1
TCAAGTTAATATGTGC,1
TCAATAGGGGGCTAAA,1
TCAATCGGGGACTAAA,1
TCAATCGGGGGCCAAA,1
TCAATCGGGGGCGAAA,1
TCAATCGGGGGCTAAG,1
TCAATCGGGGGCTAAT,1
TCAATCGGGGGCTAGA,1
TCAATCGGGGGCTATA,1
TCAATCGGGGGCTGAA,1
TCAATCGGGGGGTAAA,1
TCAATCGGGGGTTAAA,1
TCAATCGGGTGCTAAA,1
TCAATCTGAACCATAC,1
TCACGACTCAACTAAC,1
TCACGGGTTGGCTGTA,1
TCACTACTCGACTAAC,1
TCAGGGGTGTACGAGA,1
TCAGTCGGGGGCTAAA,1
TCAGTTCATAGCTCCA,1
TCATCCTCAACTCCTA,1
TCATCCTTTGGGAACT,1
TCATGGCTGTACGAGA,1
TCATGGGCGTACGAGA,1
TCATGGGTCTACGAGA,1
TCATGGGTGGAAGAGA,1
TCATGGGTGTACAAGA,1
TCATGGGTGTACCAGA,1
TCATGGGTGTACGACA,1
TCATGGGTGTACGAGT,1
TCATGGGTGTACGTAA,1
TCATGGGTGTACGTGA,1
TCATGGGTGTATGAGA,1
TCATGGGTTTACGAGA,1
TCATGTGTGTACGAGA,1
TCCAACGCGGTAAGAG,1
TCCACACCCCTATCTA,1
TCCACATCCCTAGCTA,1
TCCAGAAGTCCATGTA,1
TCCAGAGAGGTAAGAG,1
TCCAGCCCGGTAAGAG,1
TCCAGCGCGCTAAGAG,1
TCCAGCGCGGTAAGAC,1
TCCAGCGCGGTAAGCG,1
TCCCAGTGGTTTGACA,1
TCCCCGTGGTGTGACA,1
TCCCCTGCAAGCCACT,1
TCCCCTTGGTTTGACA,1
TCCCTCCTCTAAAGTT,1
TCCGCTGCGGCGTGTG,1
TCCTATTCCGGCGCGG,1
TCCTCGTGGTTTGACA,1
TCCTGACATAGCGATG,1
TCCTGTCCAGACTCGT,1
TCGAACAAAGTAGGAG,1
TCGAACGAACTAGGAG,1
TCGAACGAAGAAGGAG,1
TCGAACGAAGCAGGAG,1
TCGAACGAAGTAGCAG,1
TCGAACGAAGTAGGAC,1
TCGAACGAAGTATGAG,1
TCGAACGACGTAGGAG,1
TCGAACTAAGTAGGAG,1
TCGAACTTATCTGTGG,1
TCGACTACTAGCCGGA,1
TCGACTCACCGAATAA,1
TCGAGTACTAGCCGGA,1
TCGAGTTAATATGAGC,1
TCGAGTTAATATGGGC,1
TCGAGTTAGTATGCGC,1
TCGATTACCAGCCGGA,1
TCGATTACTAGCAGGA,1
TCGATTACTAGCCGGG,1
TCGATTACTAGCCGTA,1
TCGATTAGTAGCCGGA,1
TCGCAATTGAAACATA,1
TCGCATTGTCGGAAAG,1
TCGCCCGTTGGGAACT,1
TCGCCGCACTACTGCT,1
TCGCCTCAACTAAAAA,1
TCGCTGCAACTAAAAA,1
TCGCTTCAACTAAAAG,1
TCGCTTCAAGTAAAAA,1
TCGGGACATAGCGATG,1
TCGTAGTCCTCGTATG,1
TCGTATCAGTCGCGCC,1
TCGTCAGTTGGGAACT,1
TCGTCCGGTGGGAACT,1
TCGTCCGTTCGGAACT,1
TCGTCCGTTGAGAACT,1
TCGTCCGTTGGAAACT,1
TCGTCCGTTGGGAATT,1
TCGTCCGTTGGGGACT,1
TCGTCCGTTGGGTACT,1
TCGTCCGTTTGGAACT,1
TCGTCGCACGACTGCT,1
TCGTCGCACTACGGCT,1
TCGTCGCACTACTCCT,1
TCGTCGCACTACTGCC,1
TCGTCGCACTAGTGCT,1
TCGTCGCACTATTGCT,1
TCGTCGCATTACTGCT,1
TCGTCGGACTACTGCT,1
TCGTCTTACTACTGCT,1
TCGTGACATAGCGATG,1
TCGTTCGTTGGGAACT,1
TCGTTGCACTGCTGCT,1
TCTAACTCTAGCGGCA,1
TCTAACTCTCACGGCA,1
TCTAACTCTCGCGCCA,1
TCTAACTCTCGCGGCT,1
TCTAACTCTTGCGGCA,1
TCTAAGCTCTTAGCCG,1
TCTATTACTAGCCGGA,1
TCTCAGCTCCTAGCCG,1
TCTCAGCTCTTGGCCG,1
TCTCAGCTTTTAGCCG,1
TCTCAGTCCTCGTATG,1
TCTCAGTTCTTAGCCG,1
TCTCATCTCTTAGCCG,1
TCTCATTAGGCGGCAT,1
TCTCGAAACGATCCCC,1
TCTCTTCAACTAAAAA,1
TCTGAGTCCTCGGAGG,1
TCTGAGTCCTCGTATG,1
TCTGGAAACGACCCCC,1
TCTGGAAACGATGCCC,1
TCTGGAAATGATCCCC,1
TCTGGAGACGATCCCC,1
TCTTAAAGTGAACGAT,1
TCTTAACATAGCGATG,1
TCTTAATAGGCGGCAT,1
TCTTACTAGGCGGCAT,1
TCTTAGAGTGAAAGAT,1
TCTTAGAGTGAACAAT,1
TCTTAGAGTGAACGGT,1
TCTTAGTCCACGTATG,1
TCTTAGTCCTCGTAGG,1
TCTTAGTCCTCGTTTA,1
TCTTAGTCCTCTTATG,1
TCTTAGTCCTGGTATG,1
TCTTATCAGGCGGCAT,1
TCTTATGAGGCGGCAT,1
TCTTATTAGACGGCAT,1
TCTTATTAGGAAGCAT,1
TCTTATTAGGCGGCAC,1
TCTTATTAGGCGGCAG,1
TCTTATTAGGCTGCAT,1
TCTTATTATGCGGCAT,1
TCTTCACCACTGCATC,1
TCTTCCGTTGGGAACT,1
TCTTGACAGAGCGATG,1
TCTTGACATAGCGACG,1
TCTTGACATAGCGATA,1
TCTTGACATAGCGATT,1
TCTTGACATATCTATG,1
TCTTGGAGTGAACGAT,1
TCTTGGCATAGCGATG,1
TCTTGGGTGTACGAGA,1
TCTTTACCACAGCATC,1
TCTTTACCACTCCATC,1
TCTTTACCACTGCACC,1
TCTTTACCACTGCAGC,1
TCTTTACCACTGCGAC,1
TCTTTACCACTGGATC,1
TCTTTACCACTGTATC,1
TCTTTACCAGTGCATC,1
TCTTTCTGATGAATTG,1
TGAAAACAATACAAAT,1
TGAAAAGCCTCCATGA,1
TGAACCGCAGACACGT,1
TGAAGTGGTATACATA,1
TGAATGTAGCCGCTCC,1
TGACAACAATACATAT,1
TGACAACATTACAAAT,1
TGACAACGATACAAAT,1
TGACAGCAATACAAAT,1
TGACCTTTTACATTTA,1
TGACGGGTGGGATGCT,1
TGACTCCACGGACTCC,1
TGAGCTCATAGCTCCA,1
TGAGGTGGTATACATA,1
TGAGTTAATAGCTCCA,1
TGAGTTCATAACTCCA,1
TGAGTTCATAGCTCCG,1
TGAGTTCATAGCTCCT,1
TGAGTTCATAGTTCCA,1
TGAGTTCATATCTCCA,1
TGAGTTCATGGCTCCA,1
TGATAGTCAAAGGATT,1
TGATCTGGGACATTGC,1
TGATCTGTGAAATTGC,1
TGATCTGTGACATGTA,1
TGATCTGTGACATTGA,1
TGATCTGTGACATTGG,1
TGATCTGTGGCATTGC,1
TGATCTTAATCTACAG,1
TGATCTTTGACAGTTA,1
TGATCTTTGACATTTA,1
TGATCTTTTACACTTA,1
TGATCTTTTACAGTTA,1
TGATCTTTTACATTTG,1
TGATCTTTTAGATTTA,1
TGATGGGTGTACGAGA,1
TGATTTCATAGCTCCA,1
TGCAATGGTATACATA,1
TGCACACCCCTAGCTA,1
TGCACTTTACGAGACA,1
TGCAGCGCGATAAGAG,1
TGCAGTGATATACATA,1
TGCAGTGCTATACATA,1
TGCAGTGGGATACATA,1
TGCAGTGGTAGACATA,1
TGCAGTGGTAGATCCG,1
TGCAGTGGTATACATT,1
TGCAGTGGTATATATA,1
TGCAGTGGTCGATCCG,1
TGCAGTGGTGTACATA,1
TGCAGTTGTATACATA,1
TGCATCTAACAGATAG,1
TGCGGAGCGCCCTTAC,1
TGCGGTGGCCGATCCG,1
TGCGGTGGGCGATCCG,1
TGCGGTGGTCGATCCC,1
TGCGGTGGTCGATGCG,1
TGCGGTGGTCGGTCCG,1
TGCGGTGTTCGATCCG,1
TGCGTTGGTCGATCCG,1
TGCGTTTGTCGATCCG,1
TGCTATTACGGAGCGG,1
TGCTATTCCGACGCGG,1
TGCTATTCCGGCACGG,1
TGCTATTCCGGCACGT,1
TGCTATTCCGGCCCGG,1
TGCTATTCCGGCGGGG,1
TGCTATTGCGGCGCGG,1
TGCTATTTCGGCGCGG,1
TGCTGAGCCAGTCTGA,1
TGGAATAGGCGTCACA,1
TGGAATCATCACCGAT,1
TGGAGTATGAAGAGCG,1
TGGAGTTAATATGCGC,1
TGGCAATTGAAACATA,1
TGGCTGATAGTAACTC,1
TGGCTTCAACTAAAAA,1
TGGGAACATGCATAAC,1
TGGTCCGATTCATGCT,1
TGGTCCGCCTCATGCT,1
TGGTCCGCTCCATGCT,1
TGGTCCGCTGCATGCT,1
TGGTCCGCTTCATGAT,1
TGGTCCGCTTCATGCA,1
TGGTCCGCTTCATGTT,1
TGGTCCTCTTCATGCT,1
TGGTGCGCTTCATGCT,1
TGGTGGACGGGCATGG,1
TGTAAAAGGCGTCACA,1
TGTAATAAGCGTCACA,1
TGTAATACGCGTCACA,1
TGTAATAGGAGTCACA,1
TGTAATAGGCGGCACA,1
TGTAATAGGCGTCATA,1
TGTAATAGGCGTCGCA,1
TGTAATGGGCGTCACA,1
TGTACAGTGTAATCGA,1
TGTACTCACGGAGGAT,1
TGTAGAGCGCCCTTAC,1
TGTATGGCAAGCAACG,1
TGTCACAGAACCTATC,1
TGTCAGCGTTGTTTTG,1
TGTCCAGATAAAGTAG,1
TGTCCGGAGAAAGGAG,1
TGTCCGGATAAAGTAA,1
TGTCCGGATGAAGTAG,1
TGTCCGGGTAAAGTAG,1
TGTCGTGAGACTCACA,1
TGTGGAGCCCCCTTAC,1
TGTGGAGCGACCTTAC,1
TGTGGAGCGCACTTAC,1
TGTGGAGCGCCCGTAC,1
TGTGGAGCGCCCTTGC,1
TGTGGAGCGTCCTTAC,1
TGTGGAGCTCCCTTAC,1
TGTGGAGTGCCCTTAC,1
TGTGGATCGCCCTTAC,1
TGTGGTAATCTGAATA,1
TGTGGTGGTCGATCCG,1
TGTGTAGCGCCCTTAC,1
TGTGTTGAATAGGCGA,1
TGTTCAGCCAGTCTGA,1
TGTTCCATAGGCATGG,1
TGTTCCTAACTAGCGA,1
TGTTCGGATAAAGTAG,1
TGTTGAGCAAGTCTGA,1
TGTTGAGCCAATCTGA,1
TGTTGAGCCAGCCTGA,1
TGTTGAGCCAGTCTGT,1
TGTTGAGCCAGTTTGA,1
TGTTGAGCCATTCTGA,1
TGTTGATGCATTCCCG,1
TGTTGGAATCTGAATA,1
TGTTGGGGTCTCCCTT,1
TGTTGTAATCTGAAGA,1
TGTTGTAATCTGAGTA,1
TGTTGTAATCTGCATA,1
TGTTGTAATCTGGATA,1
TTAAGAATTTGATTCC,1
TTAATCAAGTTGGTGC,1
TTAATGTAGACGCTCC,1
TTAATGTAGCCACTCC,1
TTAATGTAGCCGCTAC,1
TTAATGTAGCCGTTCC,1
TTAATGTAGCCTCTCC,1
TTAATGTGGCCGCTCC,1
TTAATTTAAGTATCAA,1
TTACAACAATACAAAT,1
TTACAATTGAAACATA,1
TTACACGAGGTTGTGA,1
TTACGAATTCGATTCC,1
TTACGAATTGGATTCC,1
TTACGAATTTGATTCG,1
TTACGAATTTGGTTCC,1
TTACGACTCGACTAAC,1
TTACGAGTTGGATTCC,1
TTACGTGATTTCTCGA,1
TTACTAATTTGATTCC,1
TTAGAACTGCGGCCCC,1
TTAGATACTAGGACCA,1
TTAGCACAGCGTAGGC,1
TTATATCAGTCGCGCC,1
TTATCTGCAGAGCGCT,1
TTATCTGGAGAGCGCT,1
TTATCTGTAGAGCGCG,1
TTATCTGTAGAGTGCT,1
TTATCTGTTGAGCGCT,1
TTATCTTTTACATTTA,1
TTATGGGTGTACGAGA,1
TTATGTCCAGACTCGT,1
TTATTTAACAGACGTA,1
TTATTTGTAGAGCGCT,1
TTCACCAAGTTGGTGC,1
TTCATACCGACGCAGT,1
TTCATATCCAACACCA,1
TTCATCAACTTGGTGC,1
TTCATCAAGCTGGTGC,1
TTCATCAAGTCGGTGC,1
TTCATCAAGTTGGCGC,1
TTCATCAAGTTGGTCC,1
TTCATCAAGTTGGTTC,1
TTCATCAAGTTGTTGC,1
TTCATCAAGTTTGTGC,1
TTCATCAATTTGGTGC,1
TTCATCGAGTTGGTGC,1
TTCCAGCGTTGTTTTG,1
TTCCGTCCAGACTCGT,1
TTCGCCGCTAATCCGA,1
TTCGGGAACGGGAAGC,1
TTCGGTGGTCGATCCG,1
TTCTAGCAATAAAATC,1
TTCTATCCAGACTCGT,1
TTCTGTCAAGACTCGT,1
TTCTGTCCAGAATCGT,1
TTCTGTCCAGACTAGT,1
TTCTGTCCAGACTTGT,1
TTCTGTCCAGATTCGT,1
TTCTGTCCATACTCGT,1
TTCTGTCCCGACTCGT,1
TTCTGTCCGGACTCGT,1
TTCTGTCTAGACTCGT,1
TTCTGTTCAGACTCGT,1
TTCTTTCCAGACTCGT,1
TTGAAAAAATAATAAA,1
TTGAACTTGTCGATAT,1
TTGACTCACCGAACAA,1
TTGACTCACCGAATGA,1
TTGACTCATCGAATAA,1
TTGACTTACCGAATAA,1
TTGAGGAACGGGAAGC,1
TTGAGGGATTCAACTC,1
TTGAGTTAATATGCGC,1
TTGATATCGAGAGTCA,1
TTGATTACTAGCCGGA,1
TTGCAAGGGAAACATA,1
TTGCAATTAAAACATA,1
TTGCAATTGAAACATG,1
TTGCAATTGAAACATT,1
TTGCAATTGAGACATA,1
TTGCAATTGGAACATA,1
TTGCATTGTCGGAAAG,1
TTGCGGAACGGGAAGC,1
TTGCTCCTGAATAGTA,1
TTGCTCCTGAGGAGGA,1
TTGCTCCTGAGTAGGA,1
TTGCTCCTGAGTAGTC,1
TTGCTCCTGAGTAGTT,1
TTGCTCTTGAGGAGTA,1
TTGCTGATAGTAACTC,1
TTGCTTCTGAGTAGTA,1
TTGGAATTGAAACATA,1
TTGGGCAACGGGAAGC,1
TTGGGCACTAAATGAA,1
TTGGGGAACCGGAAGC,1
TTGGGGAACGGGAACT,1
TTGGGGAACGGGAAGG,1
TTGGGGAACGGGGTAG,1
TTGGGGACCAAAACTG,1
TTGGGGAGAGGGAAGC,1
TTGGGGGGCGGGAAGC,1
TTGGTATCAAACCGGG,1
TTGGTTTTACGTCCAT,1
TTGTATAAGCCGCGCC,1
TTGTATAAGTCGCACC,1
TTGTATAAGTCGTGCC,1
TTGTATCAGGCGCGCC,1
TTGTATCAGTCAAGCC,1
TTGTATCAGTCCCGCC,1
TTGTATCAGTCGAGCC,1
TTGTATCAGTCGCGCG,1
TTGTATCATTCGCGCC,1
TTGTATCGGTAGCGCC,1
TTGTATTAGTCGCGCC,1
TTGTCCGCTTCATGCT,1
TTGTCCGTTGGGAACT,1
TTTAACAGAACCTATC,1
TTTAGGTATTACATGC,1
TTTATATCCAACACGA,1
TTTATATCCAACATCA,1
TTTATATCCAACGCCA,1
TTTATATCGAGATACG,1
TTTATATCGAGATCCA,1
TTTATATCGAGATGCA,1
TTTATATCGAGATTGA,1
TTTATATCGAGGTTCA,1
TTTATATCGGGATTCA,1
TTTATGTCCAACACCA,1
TTTCAACGTTGTTTTG,1
TTTCACAGAACCTATT,1
TTTCACAGAACCTGTC,1
TTTCAGCGGTGTTTTG,1
TTTCAGCGTTATTTTG,1
TTTCAGCGTTGCTTTG,1
TTTCAGCGTTGTTCTG,1
TTTCAGCGTTGTTTGG,1
TTTCAGCGTTGTTTTA,1
TTTCAGGGTTGTTTTG,1
TTTCATAGAACCTATC,1
TTTCCGAATGGGGTAG,1
TTTCGTGATACTCAGA,1
TTTGTATCCAACACCA,1
TTTTGACATAGCGATG,1
TTTTTATCCAACACCA,1
TTTTTCTAGTACGCTT,1
