barcode,count
GGTCCATCTCAGATCG,38013
CTTAGGTATTACATGC,6882
CAGATAATATAGAGAC,699
ACCGGAAGTTGCCAAG,606
AACAGAAGTCCATGCA,445
CTATATTGCACGGAAG,369
TCGTCGCACTACTACT,289
AACCTACTAGACGTAA,168
CATTGAGACGCACAAG,134
TTGTATCAGTAGCGCC,91
CTCCTAGTGGACGATT,81
TCCAGCGCGGTAATAG,77
TCATGGGTGTACTAGA,75
AACCACCGAGTGACCA,72
AATCGCTGGCACTCGT,60
TCGTTGCACTACTGCT,57
GTACAAACCTGTAAAT,52
GTACAAACCTACAAAT,48
GTACAAACCTGCAAAC,45
TACCCTGTAAGCCACT,45
ATACACGCATGTGCTA,42
CTGATAATATAGAGAC,41
GTACAAACCCGCAAAT,41
ATACAAACCTGCAAAT,38
AACGACAAACAGGAAG,36
AACCACCGAGTGACTG,33
GTAAAAACCTGCAAAT,33
GAAAGTCCCTATGATA,32
GACCACCGAGTGACCG,32
GCGGGGATTGGCTGTT,32
GCCAGCTCGTATCCCC,31
GAATTAGAAATACATA,30
GGCCCATCTCAGATCG,30
GTAGAACTGCGGCCCA,30
AAATTAGAAATACATA,29
AACCACCGAGTGACAG,29
GACAAAATGGACATAT,29
AACAACCGAGTGACCG,28
GCATCCTCAACTCCCA,28
GTACAAACCTTCAAAT,28
TACCCCGCAAGCCACT,28
CAATTAGAAATACACA,27
GCAACTAGGTGTAACC,27
GGTCCATCTCAGATCA,27
TAATTAGAAATACATA,27
TACCCTGCAAGCCACC,26
AGTCGTTTAGATAATT,25
CAATTAGAAACACATA,25
CATTTAGACGCGCAAG,25
CGTGTACCCTTCATCA,25
GTACAAACCGGCAAAT,25
TTGGGGAACGGGAAGT,25
CCCTGCGCGGTTCGGG,24
CGGGAAAAGTAAATGA,24
CTACAAACCGTTTGTA,24
GTACAAACCTGCAGAT,24
TGCGGTGGTTGATCCG,24
TTGACAAAATCATAAA,24
GCACAAACCTGCAAAT,23
GTTTAAATTCGAGGAC,23
TTTCAGCGTTGTTTCG,23
GACGGTTCCGACTAAG,22
GAGGGTTAGAGATACG,22
CCCTGCGAGGCTCGGG,21
CGGACCCTAGATGGCA,21
CGTGTGCCCTTCAGCA,21
GAAAAATTTATGACAA,21
GATCACGCAGAAAAGG,21
GTACAAACCTGAAAAT,21
GTACCCAGTTCCTGTG,21
AAAAAAATTATGACAA,20
AACCACCCCATAGATG,20
ACACGTATAATTGTCT,20
GGTCCACCTCAGATCG,20
GTACAAAACTGCAAAT,20
TGCTGAGCCAGTCTGA,20
AACCACCCAGTGACCG,19
ATGGGATTGTAGAAAC,19
CCCGGGTGGCATGATG,19
CTTAGGTATTATATAC,19
GCCATTTACTGGAGGG,19
GGTCCATCTCAGATTG,19
AACCACCGAGTGAACG,18
CAATTAGAAATGCATA,18
CGCGACACCCTTCCGT,18
GGCAAAAGGGACATAT,18
GTACAAACCAGCAAAT,18
GTAGAACTGTGGCCCC,18
GTTCCGAATGGGGTAG,18
TACCCTGAAAGCCACT,18
TTATCTGTAGAGCGCC,18
AATCGCTGACACCCGT,17
ATAACGTTTGTGTAAA,17
CAGAACCTCGTTGTCC,17
CCAAGAGTTTAGAAGC,17
GCATTGAACTAACTCC,17
GGCATAGGGATATGTG,17
GTACAAACATGCAAAT,17
GTACAACCCTGCAAAT,17
GTATAAACCTGCAAAT,17
TAACGTGATGTCTCGA,17
TACCCTGCATGCCACT,17
AACCACAGAGTGACCG,16
AATCGCTGGCACCCAT,16
ACCTCCGGAGCTTGGC,16
AGTGTTGAATATGCGA,16
ATAGGAAAACATATTG,16
CAATTAGAAATACAAA,16
CAATTAGAAATACATG,16
GGGTTCAGACTCTTGC,16
GGTCCATCTCAGATAG,16
TTATCTGTAGAGCGAT,16
TTGGGGAACGGGAAAC,16
TTGGGGAGCGGGAAGC,16
AACGACAAACAGTAAA,15
AACGACAAACAGTAGG,15
AGACCCCAGGTCCTTT,15
CAATTAGGAATACATA,15
CGTGTACCCTTAAGCA,15
CTATATTTCCCGGAAG,15
GGCATCTAACAGATAG,15
GTACCCAGTTCCCGCG,15
TAACGTGATTTCTCAA,15
TCCAGCGCGGTAAGAA,15
TCCTAAAGGATCATGA,15
TGGACCCTAGATGGTA,15
ATATATTGCCCGGAAG,14
CCCTGCGTGGCTCGGG,14
CGTACAGTGTAATCAA,14
CGTGTACACTTCAGCA,14
GATCACCATCGACTTC,14
GATCGCCATCGACTCC,14
GATCTTGGGGAGAGCC,14
GCCAGCTCATATCCCT,14
GCCTTTGCGCACAGTC,14
GTACCCAGTTCCTGCA,14
TCATGGAACTAACTCC,14
TGCAGTGGTATACACA,14
TTACAAACCTGCAAAT,14
AACCACCGAGTGACCT,13
AAGTGGTGATGTGATT,13
AGGACCCTAGATGGTA,13
ATTATCATATCCAATA,13
CCATCATAAAAACTGA,13
CCGGATAAATCAGAGC,13
CTCTTACGCTCCTGCG,13
GACAAAGGGGACATAT,13
GAGTTAAGAGAAAGTT,13
GCCAGCTCGTATCCAT,13
GGTTCCATAGGCATGG,13
GTCACATCCTGGAATG,13
TATCCTGCAAGCCACT,13
TATGTTGTATCCACAG,13
TCGATTACTAGACGGA,13
TGATCCCAGGTCCTTT,13
TTTCTTGATACTCACA,13
AAAGTCCACCATTGAG,12
AACACGTGGAACCGCC,12
AACACTTAGAACCGCC,12
AACCACCGAGAGACCG,12
AACCACCGAGTGGCCG,12
AACCATCGAGTGACCG,12
AATCGCTGGTACCCGT,12
ACCAGCTCGTATCCCT,12
ACTGTCTAGAGATTTT,12
AGCTCCTGGGGTATCT,12
AGTGTACCCTTCAGCA,12
ATTACGAATGGGGTAG,12
CAGGCTCTAGAGCTCC,12
CGGGAAATGTAAACGA,12
CGTGTACCCTTCAGAA,12
GCATGGAAATAACTCC,12
GCATGGAACTAAATCC,12
GCATGGGACTAACTCC,12
GGTCCATCGCAGATCG,12
GTAAGTAAAGTTGACC,12
GTACAAACCTGCGAAT,12
GTAGAACTGAGGCCCC,12
GTGGTATCAAGTCGGG,12
TACCCAGCAAGCCACT,12
TACCCTGCAAGACACT,12
TACCCTGCAATCCACT,12
TCGGATAAATCAGAAC,12
TTAGGGAACGGGAAGC,12
TTATCTGTAGAGCGCA,12
TTATCTGTAGAGCTCT,12
TTATCTGTATAGCGCT,12
TTCTGTCCAGACTCAC,12
TTTCACGGAACCTATC,12
AAAAAATTTATGTCAA,11
AACAGAAGTCAATGTA,11
AACCACTGAGTGACCG,11
AACGAAAAACAGTAAG,11
ACACGGGTTGGCTGCA,11
ACGGGGGTTGGCTGTT,11
AGAAAATCTCGGATAC,11
AGGTGGACGGGCATAG,11
AGTGTTGGCCTGGTTA,11
ATGCGATTGTCCGGAA,11
CAATTAGAAATAAATA,11
CAATTGGAAATACATA,11
CCCTATGAAATAAGCC,11
CGCGACACCCTTCCTG,11
CGTGTACCCTTCAGTA,11
CGTGTACCCTTTAGCA,11
GCATGGAACTAGCTCC,11
GTAAGCAAAGTTGACA,11
GTAGAACTGCTGCCCC,11
TACCAATGTCCTTTGA,11
TGTTGAGCCAGTCCGA,11
TTATCTGTAGAGCACT,11
TTATCTTTAGAGCGCT,11
TTTATATCCAACACCT,11
AAAAAATTTATGGCAA,10
AAAGACAAACAGTAAG,10
AACAGAAGTTCATGTA,10
AACGGTTCCGACGAAG,10
AAGCGGTGATGTGGTT,10
ACAAGATTCGGGGGGC,10
AGCATATGGATATGTG,10
AGCCACCGAGTGACCG,10
AGGCCCAGCGGGTGAT,10
AGTATTTGCGCTTCGA,10
AGTGACCCCCTCCAAC,10
AGTGTTGAAGAGGCGA,10
ATAGGATATATGGCCG,10
ATCGACAAACAGTAAG,10
ATGGGATTGGGGAAAC,10
ATTATCATATCTAACA,10
CAATTATAAATACATA,10
CATGTACCCTTCAGCA,10
CCCTGCGCGGCTCGAG,10
CCCTGCGCGGCTCGTG,10
CCCTGCGCGGCTCTGG,10
CCCTGTGCGGCTCGGG,10
CGGACACTAGATGGTA,10
CGTGTACCCCTCAGCA,10
CGTGTACCCTTCAGCG,10
CTATATTGCCCGGAAA,10
CTATATTGCCCGGAGG,10
CTGAGCTGCCAAGAAG,10
GAATGGAACTAACTCC,10
GAGAGATGCAGAAGCG,10
GAGAGCTACAGAAGCG,10
GAGAGCTGCAGAAGCA,10
GAGGGGTAGAGAGACG,10
GGGAGCTGCAGAAGCG,10
GTACCCATTTCCTGCG,10
GTCGCCGCTAGTCCGA,10
GTGGTATCAAGCTGGG,10
TAGGGGTAGAGATACG,10
TCCACACCCCTATCTA,10
TCTTATTAGGCGACAT,10
TGGAATCGTCACCGAC,10
TTAATGTAGACGCTCC,10
AAAAAATTTATGAAAA,9
AAAAAATTTGTGACAA,9
AAACACCGAGTGACCG,9
AACCACCGAGTGATCG,9
AACCACCGATTGACCG,9
AACCACCTAGTGACCG,9
AAGTACTGCTACACAT,9
AATCGCTGGCACCCTT,9
ACAATCTTAACCATAC,9
ACAGTACGATCTACAC,9
ACCAGCAATGAGTTAC,9
ACCCCCGGAGCTTGGT,9
ACGTCCATTAAGATCG,9
AGAAAATTTATGACAA,9
AGCATAGGGATATGCG,9
AGGTTCAGACTCTTGT,9
ATAACGTTTGTACAAA,9
ATCAGGATAATCGCAC,9
ATGGGATTGGAGAAAA,9
ATTCTGAATGGGGTAG,9
CAATTAGAAATACGTA,9
CAATTAGAGATACATA,9
CACGGCCGGTGAACTC,9
CATGGGAATTGTCACT,9
CCAAGCTTGGTGCATC,9
CCCTATGAAATAAGTT,9
CCCTATTAAATAAGCT,9
CCCTGCGGGGCTCGGG,9
CCTGGGTTAAGTTGCG,9
CGCACTTTACTAGACA,9
CGCGACAACCTTCCGG,9
CGCTACACCCTTCCGG,9
CGTGTACCCTTCAGCT,9
CGTTTACCCTTCAGCA,9
CTATCTTAATCCACAG,9
CTATTTAACAGACGTG,9
CTTAGGTATTACATAC,9
GACGACAAACAGTAAG,9
GAGGGGTAGAGATACA,9
GAGGGGTGGAGATACG,9
GCATGGAACTAACCCC,9
GGGGGGTAGAGATACG,9
GTAAGAAAAGTTGACC,9
GTAAGCAAAGTTGATC,9
GTAAGCAAAGTTGGCC,9
GTACAGACCTGCAAAT,9
GTACCCAGTTCCTACG,9
GTAGGACTGCGGCCCC,9
GTATCTTAATCTACAG,9
TACCCTGCAGGCCACT,9
TACGGCCGGCGAACTC,9
TAGAACCTCGTTGTCT,9
TCCAGCGAGGTAAGAG,9
TCCAGTGCGGTAAGAG,9
TCGCATTAGCGGGAGG,9
TCTTTACCACCGCATC,9
TCTTTACCACTGCACC,9
TGAAAATCTCAGATAC,9
TGTGACCCCCTCCAAC,9
TTAGAACTGCGGCCCC,9
TTATCTGTAGAGTGCT,9
TTCTGTCCAGACTCTT,9
TTGCTCCTGAGTAGCA,9
TTGGGGAAAGGGAAGC,9
AAAATGCTGCATTAGG,8
AACAAAAGGGACATAT,8
AACTACAAACAGTAAG,8
AATCACTGGCACCCGT,8
AATCGCTTGCACCCGT,8
ACACGGGTTGGCTATA,8
ACATGGAACTAACTCC,8
ACCGAATGAATAATCC,8
ACCTAATGAATCATCC,8
ACGAACGAAGTAGGAG,8
AGAAAATCTAAGATAC,8
AGATCACAGGTCCTTT,8
AGATCCCAGGTCCTTC,8
AGCGACACCCTTCCGG,8
AGTAAACATGTATTGG,8
AGTCCATCTCAGATCG,8
AGTGTTGAATAGGCAA,8
AGTTCCTGGGGTATCA,8
CCAAGCTTGGCGCATA,8
CGCGACACCCTCCCGG,8
CGCGACACCCTTCCGA,8
CGGTAATCTCCCATAC,8
CGTACCCTAGATGGTA,8
CGTATACCCTTCAGCA,8
CGTGACCCCCCCCAAC,8
CGTGTACCCTTCAACA,8
CGTGTACCCTTCACCA,8
CTGGAGGCCTGGCCCA,8
CTGTACCCGCAGTTGA,8
CTTCGTGATACTCACA,8
GACGGGATGGGCACAT,8
GAGGGGTAAAGATACG,8
GATCACACAGAAAAAG,8
GCATGGAACCAACTCC,8
GCATGGAACTAACTCA,8
GCCACTGCGGCGTGTG,8
GCCTTTGCGCGCAGCC,8
GGTCCATCTCATATCG,8
GTAAGCAAAGTTGAAC,8
GTACAAACCTGCAAGT,8
GTACCAAGTTCCTGCG,8
GTATGGAACTAACTCC,8
GTGAGATTGTCCGGAA,8
GTGAGTGAGAAAAGCA,8
TAAAAAGCCTCCATAA,8
TACCCTGCAAGCCACA,8
TACTATTCCGGCGCGG,8
TACTGATGACCCTGCG,8
TAGATTACTAGCCGGA,8
TAGCTGATAGTAACCC,8
TCTAACTCTCGCGACA,8
TCTGGGTTAAGTTGTG,8
TCTTAGTCCTCGTACG,8
TCTTATTAGGTGGCAT,8
TGGGAACATACATAAC,8
TGGTCTTTTACATTTA,8
TTCTGTCCAGACTCAT,8
TTCTGTCCAGACTCGC,8
TTGGGGAACGGGAATC,8
TTGTATCAGTCGCACC,8
TTTCGTGGTACTCACA,8
AAAAAATTTATTACAA,7
AACACGTAGAACCGCA,7
AACAGCAATGAGTTGT,7
AACCCTGCAAGCCACT,7
AAGAACCTCGTTGTCT,7
AATCGCTGGCACCCGC,7
AATGTGAGCATGTCAA,7
ACAAACAGTGTAGTTG,7
ACAAGCAATGAGTTGT,7
ACAATCTAAACCATAC,7
ACACGGGTTGACTGTA,7
ACATCCTCAACTCCTA,7
ACATTTTCCAATAGGC,7
ACCCCCGGAGCTTGAC,7
ACCGAATGAATCATCA,7
ACGGATAAATCAGAAC,7
ACGTGTCTCCTAGCAA,7
AGATCCCGGGTCCTTT,7
AGATCCTGGGGTATCA,7
AGCTCCCGGGGTATCA,7
AGCTCCTGGGTTATCA,7
AGCTCCTTGGGTATCA,7
AGGACTATAGTTGGAA,7
AGGTTCGGACTCTTGC,7
AGTCATTTAGATAGTT,7
AGTCGTTTAGATAGCT,7
AGTGTTGAATAGGTGA,7
AGTTGGGGTCTCCCCT,7
ATAGCACAGCGTAGGC,7
ATATCCCAGGTCCTTT,7
ATTCAGAATGGGGTAG,7
ATTCCAAATGGGGTAG,7
ATTCCGAATGGGGTAA,7
CAAATGATGCATTAGG,7
CACGGCCGGCGAACCC,7
CATACAGTGTAATCGA,7
CCCTGCGCGGATCGGG,7
CCGTGCAGTAAGAAGC,7
CCTTGATGCATTCCAG,7
CGAGACACCCTTCCGG,7
CGCGACACACTTCCGG,7
CGGGAATATCCCATAC,7
CGGGAATCTCACATAC,7
CGGTAACATACATAAC,7
CGTAAAGTGTAATCGA,7
CGTGTACCCTTCGGCA,7
CTAGCACAGCGTAGAC,7
CTAGTACAGCGTAGGC,7
CTATATTGCCCTGAAG,7
CTATATTGCCTGGAAG,7
CTATTTAACAGACGCA,7
CTGAACTTATATGTGG,7
CTGAGCTGCCAATAAA,7
CTTACAGAATACTAAA,7
CTTACAGAATACTGGA,7
CTTAGGTATTACATGT,7
CTTTTCTAGTACGCCT,7
GAAGTACGCTGAATGG,7
GAGAGCTGCGGAAGCG,7
GAGGGGTAGAGATATG,7
GATCTTGGGGAGAGTA,7
GATTGCCATCGACTTC,7
GCATGGAACTAACTCT,7
GCATGTAACTAACTCC,7
GCCTTTGCTCGCAGTC,7
GGGACTATAGTTGGCA,7
GGTACATCTCAGATCG,7
GGTCAATCTCAGATCG,7
GGTCCATCCCAGATCG,7
GGTCCTATCCTCAAAT,7
GTAAGCAAAGTTTACC,7
GTACCCAATTCCTGCG,7
GTACCCAGTTCCTGCT,7
GTACGAACCTGCAAAT,7
GTAGATACTGGGACCA,7
GTCAGCTCGTATCCCT,7
GTCGCATCCCGGAATG,7
GTCGCATCCTGGAACA,7
TACCAATGTCATTTAA,7
TACCCGGCAAGCCACT,7
TACCCTGCAAGCAACT,7
TACCCTTCAAGCCACT,7
TATGTCGTATCCACGG,7
TCATGGGTATACGAGA,7
TCGTCCGTTGGGAACC,7
TCTAACTCTCGCGTCA,7
TCTAACTCTCGCTGCA,7
TCTTAGTACTCGTATG,7
TGAAGTGGTATACATA,7
TGCAGTGGTATACATG,7
TGCTATTCCAGCGCGG,7
TGGAATCGTCACCTAT,7
TGGGGACAAGATTGTA,7
TTATCTGTAGAGAGCT,7
TTATCTGTGGAGCGCT,7
TTCTATTCCGGCGCGG,7
TTTATATACAACACCA,7
TTTATATCCAACACCG,7
TTTCACAGAACCTACC,7
TTTCAGAGTTGTTTTG,7
AAAAAATTTATGACGA,6
AAAAAATTTATGACTA,6
AAAACGTAGAACCGCC,6
AAACCCATGAGACCCC,6
AACAGGAGTCCATGTA,6
AACCAACGAGTGACCG,6
AACCACCGAGTGACCC,6
AACGACAAACAATAAG,6
AACGACAAACATTAAG,6
AACGACAGACAGTAAG,6
AACGTTTCCGACTAAG,6
AACTTCCCTGCCTGCT,6
AAGGTCCCTATGTAAC,6
AAGTATTGCTACAAAT,6
AAGTATTGCTACACAC,6
AATCGCCATCGACTTC,6
AATCGCTGGAACCCGT,6
AATCGCTGTCACCCGT,6
AATGAAAAAATCGAAC,6
AATGAAACAATCGAAT,6
AATGACAAACAGTAAG,6
ACAAGATTCGGTGGAC,6
ACAATATGAACCATAC,6
ACAATCTGAACCATAT,6
ACAGTCCACCCTTGAG,6
ACATTCCACCATTGAG,6
ACCAGCAATGAGTTGC,6
ACCATCAATGAGTTGT,6
ACCGAATGAATCATAC,6
ACGTATGATTTTCGAA,6
ACGTATGATTTTCTAG,6
ACGTGTCTCCGATCAA,6
AGACCATGCTGGGGAT,6
AGATCCCAGGTCCTCT,6
AGCTACTGGGGTATCA,6
AGCTCCTGGAGTATCA,6
AGGAGTATGAAGAGAG,6
AGGAGTATGGAGAGCG,6
AGGGAAATGTAAATGA,6
AGGGAATCTCCCATAC,6
AGGGGGCCTCATAATG,6
AGTACAGTGTAATCGA,6
AGTATTTGTGCTTCAA,6
AGTGTTGGATTGGTTA,6
ATAACGTTTGTGAAAA,6
ATAAGCAAAGTTGACC,6
ATACACGCATGTACCA,6
ATACCCAGTTCCTGCG,6
ATCCCATGCTGGGGAT,6
ATCTCCTGGGGTATCA,6
ATTTTTCCATGGCTAC,6
CACCTAGGATCACACT,6
CACGGACGGCGAACTC,6
CACGGCCGGCAAACTC,6
CAGTTAGAAATACATA,6
CATAAAGAGTTTGTTG,6
CATACAGAGTTTGTCA,6
CATACAGAGTTTGTCG,6
CATTGAGACTCGCAAG,6
CCAACACAAAAAATCA,6
CCAAGATTGGCGCATC,6
CCAAGCTTGGAGCATC,6
CCAAGCTTGGCGCACC,6
CCCCGCGCGGCTCGGG,6
CCCTATGAAATAGGCT,6
CCCTGCGCGGCTCAGG,6
CCCTTCGCGGCTCGGG,6
CCTTGATGCATTCCCA,6
CGCGACACCCTTCCAG,6
CGGGAAATGTAAATAA,6
CGGGAATCTCCCATAT,6
CGTACAGTGTAAGCGA,6
CGTGACACCCTTCCGG,6
CTATATTGCCAGGAAG,6
CTATATTGCCCGAAAG,6
CTGAGCTTCCAATAAG,6
CTGGGGGCCTGGCCCC,6
CTGTACCTGCAGTTAA,6
CTTACGGAATACTAGA,6
CTTAGGTATTATATGT,6
GAAGAAACTATAACCT,6
GACTAAAGGATCATGA,6
GAGAGCTGCAGAAGTG,6
GAGAGCTTCAGAAGCG,6
GAGAGGATACGTCACC,6
GAGGGGATACGTCACA,6
GAGGGGATACGTCACT,6
GAGGGGTAGAGATAAG,6
GAGTGGATACGTCACC,6
GATCACGCAGAAAAAA,6
GATCACTCAGAAAAAG,6
GATCCATCTCAGATCG,6
GCATCCTCAACTCCAA,6
GCCAACTCGTATCCCT,6
GCCAGCTCTTATCCCT,6
GCCTAAAGGATAATGA,6
GCCTTTGTGCGCAGTC,6
GCGAAGTTTCATAGCA,6
GGGCCCGTAAGGACTA,6
GGGGAATCTCCCATAC,6
GGTAAACATGCATTGG,6
GTAAGCAAAGTTGACT,6
GTACACGAGGTTGTGA,6
GTACACGCATGTGCCA,6
GTACCCAGTTCCTTCG,6
GTAGAACTGCGTCCCC,6
GTAGGCAAAGTTGACC,6
GTCGCATCCTGGGATG,6
GTGCGATTGTCAGGAA,6
GTGGAACTGCGGCCCC,6
GTGTATCAGTCGCGCC,6
TAAAGTGATTTCTCGA,6
TAACGTGATTCCTCGA,6
TACCCCTTGTAAGATG,6
TACCCTGCAAGCCAAT,6
TACCGATAACCCTGCG,6
TACTGATAACCCCGCG,6
TACTGATAACCCTGCA,6
TAGCATTGTTGGAAAG,6
TATTAAGAGAAGTGTG,6
TATTAGAGTGAACGAT,6
TCATGGGTGCACGAGA,6
TCATGGGTGTACGAAA,6
TCATGGGTGTATGAGA,6
TCCAACTCTCGCGGCA,6
TCCAGCGTGGTAAGAG,6
TCCAGCTCGTATCCCT,6
TCGTCACACTACTGCT,6
TCGTCGCACTACTTCT,6
TCTAACTCTAGCGGCA,6
TCTGGAAACGATCCCT,6
TCTTATTAGGCGGCAC,6
TCTTTACATAGCGATG,6
TCTTTACCACTGAATC,6
TGATCTGTGGCATTGC,6
TGCTATTCAGGCGCGG,6
TGCTATTCCGGAGCGG,6
TGCTATTCCGTCGCGG,6
TGGAATCGTCACCAAT,6
TGTCCATCTCAGATCG,6
TGTGTACCCTTCAGCA,6
TGTTGAGCCAGTCTAA,6
TTAAGCAAAGTTGACC,6
TTATCCGTAGAGCGCT,6
TTATGTCCAGACTCGT,6
TTCATCAAGTTGGTAC,6
TTCTGTCCGGACTCGT,6
TTCTTTCCAGACTCGT,6
TTGGGGAACGGGAAGA,6
TTGTATAAGTCGCGCC,6
TTTATACCCAACACCA,6
TTTATATCCAAAACCA,6
TTTATATCCAACAACA,6
AAAAGAAGTCCATGTA,5
AAACCCATAAGACCCA,5
AAAGGTTCCGACTAAG,5
AACACGCAGAACCGCC,5
AACACGTAGAACCACC,5
AACACGTAGAACCCCC,5
AACAGAAGTCCATGTG,5
AACGACAAAAAGTAAG,5
AACGACAAACAGTAAT,5
AACGGCAAACAGTAAG,5
AACTGTGTTCATCGAT,5
AACTTCCCTGACTGCC,5
AAGAGGTGATGTGATT,5
AAGGGGCCTCATAACA,5
AAGTTAGTAGACACAC,5
AAGTTAGTAGACCAAC,5
AATCGCTGGCACCCAC,5
AATCGGTGATGTGATT,5
AATGAAACAATCGAAA,5
AATGAAACAATCTAAC,5
AATGCGGGCATGTCAA,5
AATGGGAATTGCCACT,5
AATTAAACAATCGAAC,5
AATTGCTGGCACCCGT,5
ACAAGATTAGGGGGAC,5
ACAAGATTCGGGGGAA,5
ACAAGCTTGGCGCATC,5
ACAATCTGAACAATAC,5
ACACGGGTTGGTTGTA,5
ACAGAATGAATCATCC,5
ACCAAATGAATCATCC,5
ACCGTTATACACACCA,5
ACCTGCGCGGCTCGGG,5
ACGTATTATTTTCGAG,5
ACGTCCATTAAGGTCA,5
ACTGTCTAGAAATTCT,5
ACTTCCATTAAGATCA,5
AGATACCAGGTCCTTT,5
AGCATAGGGATGTGTG,5
AGCATCTAACAGATAA,5
AGCCCATGCTGGGGAC,5
AGCCCATGCTGTGGAT,5
AGCCCCTGGGGTATCA,5
AGCGACAAACAGTAAG,5
AGCTCCTGGGGTATCG,5
AGCTCCTGTGGTATCA,5
AGGACCATAGTTGGCA,5
AGGACTATAGTTGACA,5
AGGACTATAGTTGGTA,5
AGGGTCCCTATGTAAT,5
AGGTTCAGACTCTTGA,5
AGTAAACATGCATTGT,5
AGTCGTTTAGGTAGTT,5
AGTCGTTTATATAGTT,5
ATAAAATCTCAGATAC,5
ATAACGTTTGTTCAAA,5
ATAGAAAATTATCCAC,5
ATCAGGATAATAGCGC,5
ATCAGGATAATCGCGT,5
ATCAGGATAATCGCTC,5
ATCATGATAATCGCGC,5
ATGGGATTGGATAAAC,5
ATGTACCTGCAGTTGA,5
ATGTGATTGGAGAAAC,5
ATTAGATTATAACGCA,5
ATTAGGGCTACGGGAG,5
ATTCCGAATGGGGTGG,5
ATTCCTAATGGGGTAG,5
ATTGGATTGGAGAAAC,5
ATTTTTCTATGGCCAC,5
CAAAACACGTCCCAGT,5
CAAGTAGAAATACATA,5
CACCATCAGAACCTAG,5
CACCATCAGCACCGAG,5
CACCATCAGCACCTAA,5
CAGAACCTCATTGTCT,5
CAGACCCTAGATGGTA,5
CAGGCTCTAGATCTCT,5
CATACAGAGTTTTTTG,5
CATGGGAATTGCCACC,5
CCAGATAAATCAGAAC,5
CCCAGCGCGGTAAGAG,5
CCCCATGAAATAAGCT,5
CCCTATGAAATAAGAT,5
CCCTATGAAATAAGCA,5
CCCTGCGCGGCTAGGG,5
CCCTGCGCGGCTCGCG,5
CCCTGCGCGGCTCGGT,5
CCCTGCGCGGCTTGGG,5
CCGCATTAGCGGTAGG,5
CCGGAGGCCTGGCCCC,5
CCTGGGTTAAGTTGTT,5
CCTGGGTTAATTTGTG,5
CCTGGGTTAGGTTGTG,5
CCTGGTTTAAGTTGTG,5
CCTGTACCCTTCAGCA,5
CCTTGATGAATTCCCG,5
CCTTGGTTAAGTTGTG,5
CGAAAAACGTCCCAGT,5
CGAAACACGCCCCAGT,5
CGAAACACGTCCCAAT,5
CGACTCCACGGACACC,5
CGACTCCACGGACTCC,5
CGCGACACCCCTCCGG,5
CGGACCCGAGATGGTA,5
CGGACCCTAGGTGGTA,5
CGGACCCTGGATGGTA,5
CGGGAACATACAGAAC,5
CGGGAACATACATAAA,5
CGGGGACAAGATTGCA,5
CGGGGACGAGATTGTA,5
CGTACAGTGCAATCGA,5
CGTACAGTGTAATCGT,5
CGTGAACCCCTCCAAC,5
CGTGAATCTCCCATAC,5
CGTGTAACCTTCAGCA,5
CTAGCACAGCGTAGGA,5
CTATATTGTCCGGAAG,5
CTATTTAACAGACTTA,5
CTCTGTCCAGACTCGT,5
CTGAGCTACCAATAAG,5
CTGAGGGATTCAACCC,5
CTGAGTTGCCAATAAG,5
CTGATCTGCCAATAAG,5
CTGGAGGCCAGGCCCC,5
CTGGAGGCCTGTCCCC,5
CTTAAAGAATACTAGA,5
CTTAGGGATTCAACTC,5
CTTCGGCCCTTGATTA,5
CTTCTCTAGTACGCTT,5
GAAACGAGGTGTAACC,5
GAAATCCCCAAAGAAC,5
GAAGAAAATATAACCA,5
GAAGTGCGTATTGAAC,5
GAAGTGCTGCCGAAGT,5
GAAGTGTGTATTGAGT,5
GAATCCTCAACTCCTA,5
GACAAAAGGGAAATAT,5
GACAAAAGGGACATAC,5
GACAGCTCGTATCCCT,5
GACGGGATGGGCACGC,5
GACGGGATGGTCACGT,5
GAGAGCTGCAGAATCG,5
GAGAGCTGTAGAAGCG,5
GAGGGGATACATCACC,5
GATAACGCAGAAAAAG,5
GATAGCCATCGACTTC,5
GATATTGGGGAGAGTC,5
GATCGCCATCGACTTT,5
GATCTCCATCGACTTC,5
GATCTTGTGGAGAGTC,5
GCAAGCTCGTATCCCT,5
GCAGTCCACCATTGAG,5
GCATGGAACTAACTAC,5
GCATGGAACTGACTCC,5
GCCAGCTCGTATCCCA,5
GCCAGCTCGTATCCCG,5
GCCTTTGCGCGAAGTC,5
GCCTTTGCGCGCAGTT,5
GCCTTTGCGCGTAGTC,5
GCCTTTGCGCTCAGTC,5
GCGAAGTTTCATAGAG,5
GGACAAACCTGCAAAT,5
GGAGAAACTATAACCA,5
GGCGGGATGGGCACGT,5
GGTCCATCTCAGACCG,5
GGTCCATCTCGGATCG,5
GGTTAACTTTGGAAGT,5
GGTTCATCTCAGATCG,5
GTAACCAGTTCCTGCG,5
GTAAGCAAAGTCGACC,5
GTACAAACCTGCATAT,5
GTACAAATCTGCAAAT,5
GTACCCAGTTACTGCG,5
GTAGAAATGCGGCCCC,5
GTAGAACTGCAGCCCC,5
GTAGAACTGCGACCCC,5
GTAGAACTGCGGCACC,5
GTAGAACTTCGGCCCC,5
GTAGATACTAGGACCT,5
GTATCCTCAACTCCTA,5
GTGAACTTATCTGTGG,5
GTGCAAACCTGCAAAT,5
GTGCCCAGTTCCTGCG,5
GTGCGATTGTCTGGAA,5
GTGGAGGCCTGGCCCC,5
GTGTGATTGTCCGGAA,5
GTTACTCCGACACGCC,5
GTTGCTCCGACACGCA,5
TAAGAAACTATAACCA,5
TAATAAGTCAGCAAGA,5
TAATGAGCCAGCAAGA,5
TAATGATAACCCTGCG,5
TAATGGGTGTACGAGA,5
TACAGCGCGGTAAGAG,5
TACCATGCAAGCCACT,5
TACCCTGCAAGCCTCT,5
TACCCTGCGAGCCACT,5
TATGTAGTATCCACAG,5
TATGTCGTATCCACAA,5
TATGTGGAGCCCAACA,5
TCCAGCGCGGTAAGGG,5
TCCATCGCGGTAAGAG,5
TCGATTCAACTAAAAA,5
TCGGGGAACGGGAAGC,5
TCGTACGTTGGGAACT,5
TCGTCTGTTGGGAACT,5
TCTAACTCTCGCGGTA,5
TCTTAGAGTGAACGAC,5
TCTTAGAGTGAATGAT,5
TCTTAGTCCTCGTACA,5
TCTTATTAGGCTGCAT,5
TCTTATTCCTCGTATG,5
TCTTTACCACTGCATA,5
TGAACCGCAGACACGT,5
TGATATTCCGGCGCGG,5
TGATCTTTTACATTCA,5
TGCATTGGTATACATA,5
TGCGGTGGTCGATCCA,5
TGGCCAGGGAATCAAA,5
TGGCCCGTAAGGACTA,5
TGGGAAATGTAAATGA,5
TGGGAATCTCCCATAC,5
TGGTCCGCTTCATGCC,5
TGGTCCTCTTCATGCT,5
TGTGGAGTGCCCTTAC,5
TTCAGTGGTATACATA,5
TTCGGAGCTAAATAAG,5
TTGGGGAACGGGGAGC,5
TTGTATCAGTCGAGCC,5
TTGTCCGCTTCATGCT,5
TTTATATCAAACACCA,5
TTTATATCCAACACAA,5
TTTATATCGAGATTCG,5
AAAAAAGTTATGACAA,4
AAAAGATTTATGACAA,4
AAAATCCCCAAATAAC,4
AAACACATAAGACCCC,4
AAAGATCTTTTCGTTC,4
AAAGCTCTTTCCGTTC,4
AAAGCTCTTTTCGTCC,4
AACAACAAACAGTAAG,4
AACAAGTAGAACCGCC,4
AACACGTAGAACCGAC,4
AACACGTATAACCGCC,4
AACAGAAGTCCAGGTA,4
AACAGAGGTCCATGTA,4
AACCACCAAGTGACCG,4
AACCTACGAGACATAA,4
AACCTCCCTGACTGCT,4
AACGACAAACGGTAAG,4
AACGGAAGTCCATGTA,4
AACGGTTCCAACTAAG,4
AACTCCTGGGGTATCA,4
AACTGATAACCCTGCG,4
AACTTCCCTGACTACT,4
AACTTCCCTGACTGCG,4
AACTTCCCTGACTGTT,4
AAGAAATTTATGACAA,4
AAGAATACTTTGTGAT,4
AAGATTGATTGAAGCC,4
AAGCGATGATGTGATT,4
AAGCGGTGATGTGACC,4
AAGCGGTGATGTGATG,4
AAGCGTTGATGTGATT,4
AAGGGATTGGAGAAAC,4
AAGGGGACTCATAATG,4
AAGGGGCATCATAATG,4
AAGGGGCCTAATAATG,4
AAGGTCCCTATGGAAT,4
AAGGTCCCTATTTAAT,4
AAGTATTGCTACACGT,4
AAGTTAAGAGAAAGTC,4
AAGTTAGTGGACCCAC,4
AATCGATGGCACCCGT,4
AATCGCTGGCACACGT,4
AATCGCTGGCACCCGA,4
AATGAAACAATCGAGC,4
AATGCGAGCATGGCAA,4
AATGGAACAATCGAAC,4
AATTCGTGAGTACCAG,4
AATTCGTGAGTACTGG,4
ACAAAGTATCGAGAAG,4
ACAATATTCGGGGGAC,4
ACAATCTGAAACATAC,4
ACAATCTGAACCATAA,4
ACAATCTGAACCATGC,4
ACAATCTGAGCCATAC,4
ACACGGGTTGGCCGTA,4
ACAGTACGATCTACGA,4
ACCAGAAATGAGTTGT,4
ACCAGCAACGAGTTGT,4
ACCAGCAATGAATTGT,4
ACCATTTACTGAAGGG,4
ACCCCCGGAGCTTGGA,4
ACCCCCTGAGCTTGGC,4
ACCGTCTAGAAATTTT,4
ACGGGGATTGGCTGTA,4
ACGTACGATTTTCGAG,4
ACGTGTATCCGAGCAA,4
ACGTGTCTCCCAGCAA,4
ACGTTTCTCCGAGCAA,4
ACTCCGAATGGGGTAG,4
ACTGCCTAGAAATTTT,4
ACTGGGTTAAGTTGTG,4
ACTGTCAAGAAATTTT,4
ACTGTCTAGAAAGTTT,4
AGAAAATATCAGATAC,4
AGAAAATCTCAGATAA,4
AGAAACACGTCCCAGT,4
AGAGCTAAAAAGAGAA,4
AGATCCACCCTATAGC,4
AGATCCCAGGTCATTT,4
AGATGAATTAAGTATG,4
AGCATAGGGATATGCA,4
AGCATCTAACCGATAG,4
AGCCCCGTAAGGACTA,4
AGCGACATCGCCCCTT,4
AGCGGTTCCGACTAAG,4
AGCTCCTGGGGTATAA,4
AGGAAAGAAACTGGAA,4
AGGACTATAGTTGGCG,4
AGGAGTATGAAGAGCT,4
AGGAGTATGAAGATCG,4
AGGCGGTGATGTGATT,4
AGGTTCAGACTCTTAC,4
AGTGTTAAATAGGCGA,4
AGTGTTGAATAGGAGA,4
AGTGTTGAATGGGCGA,4
AGTTGGGGTCCCCCTT,4
AGTTGGGGTCTCCCCC,4
AGTTGGGGTCTCCCTC,4
ATAACGTTTTTGCAAA,4
ATACACGAGGTTGTGG,4
ATAGAATCGCAAATCA,4
ATAGGATATATGGTTG,4
ATAGGATATGTGGCTG,4
ATATCCACCCTATAGT,4
ATCATAGGGATATGTG,4
ATCCGATTTAAAGGTA,4
ATCTAAATTCGAGGAC,4
ATGGTATCAAGCCGGG,4
ATGGTTTTACGTCCAC,4
ATGTATGATTTTCGAG,4
ATTACAGAATACTAGA,4
ATTAGGGCTAAGTGAG,4
ATTAGGTATTATATGC,4
ATTCCGAATTGGGTAG,4
ATTCCGAGTGGGGTAG,4
ATTCGTTTAGATAGTT,4
ATTTAAATTCGATGAC,4
CAAAATCTATGGCGAC,4
CAAATGCTGAATTAGG,4
CAAATGCTGCATGAGG,4
CAAATGCTGCATTAAG,4
CAAATGCTGCATTGGG,4
CACAATCAGCACCTAG,4
CACCAATCTTCGAAAT,4
CACCAATCTTCGAACC,4
CACCATCAGCACCTAT,4
CACCATCGGCACCTAG,4
CACCCTGCAAGCCACT,4
CACTAGATGTAAAGTC,4
CACTAGATGTACAGCC,4
CACTATGAAATAAGCT,4
CAGAACATCGTTGTCT,4
CAGGCTCTAGAGATCT,4
CAGGCTCTAGAGCTAT,4
CAGGCTCTGGAGCTCT,4
CATAAAAGACTGTACA,4
CATAAAAGACTGTGTA,4
CATACAGAGGTTGTTG,4
CATGGGAATTGCCACA,4
CATGTGGAGCCCAAAA,4
CATTGAGACGCGAAAG,4
CCAACACAAAAAATTG,4
CCAAGCTTGGCGAATC,4
CCAAGCTTGTCGCATC,4
CCATGGGTGTACGAGA,4
CCCCTCCTCTAAAGCT,4
CCCTATGAAATAATCT,4
CCCTGCGCGACTCGGG,4
CCCTGCGCGGCTCGGA,4
CCCTTTAAGGATCTCT,4
CCGCATTAGTGGGAGG,4
CCGGATAAATAAGAAC,4
CCGTCCGTTGGGAACT,4
CCTAACTCTCGCGGCA,4
CCTCGGCTCTTGATTA,4
CCTGGGTTAAGTTGCA,4
CCTGGGTTGAGTTGTG,4
CGACTCCACGGAAGCC,4
CGCAACACCCTTCCGG,4
CGCACAGTGTAATCGA,4
CGCGAAACCCTTCCGG,4
CGCGACACCCTTCTGG,4
CGGAACCTAGATGGTA,4
CGGACCATAGATGGTA,4
CGGACCCTAGATGGGA,4
CGGCCAGGGAATAAAA,4
CGGGAAAATACATAAC,4
CGGGAAATGTAAATGG,4
CGGGAAATGTAGATGA,4
CGGGAATCCCCCATAC,4
CGGGAATTTCCCATAC,4
CGGGGACAAGATGGTA,4
CGGTCGTGACTCATCT,4
CGTAAAAGACTGTATA,4
CGTAACCCCCTCCAAC,4
CGTACAGTGTAATCTA,4
CGTACATTGTAATCGA,4
CGTGACCCCCTCAAAC,4
CGTTCAGCGATAAGGG,4
CTAATGTAGCCGCTCC,4
CTAATTTAAGTATAAA,4
CTAATTTAAGTATCGA,4
CTAGCACAGCGTAGGT,4
CTATATTACCCGGAAG,4
CTATATTGACCGGAAG,4
CTATATTGCCCAGAAG,4
CTATATTGCCCGGGAG,4
CTATATTGCCCGTAAG,4
CTATCACAGCGTAGGC,4
CTATTTAACAGAAGTA,4
CTCAAAGAGCAACAAG,4
CTCAAATAATTGGCAC,4
CTGAACTTGTCGATAC,4
CTGAGGGATTCAAATC,4
CTGGAATCTCCCATAC,4
CTGGACTTATCTGTGG,4
CTGGAGGACTGGCCCC,4
CTGGAGGCCTGGCCTC,4
CTGTAACTGCAGTTGA,4
CTGTACCTACAGTTGA,4
CTGTACCTGAAGTTGA,4
CTGTACCTGCAGGTGA,4
CTGTACCTGCAGTTGT,4
CTTACAGAATACTATA,4
CTTAGGTATTACATGG,4
CTTAGGTATTATACGC,4
CTTAGGTATTGCATGC,4
CTTGTACCCTTCAGCA,4
CTTTAGATTATAGTCT,4
CTTTTCTAGTAAGCTT,4
GAAAGCCCCATGCAAT,4
GAAAGTCCATATGATG,4
GAAAGTCCCCATGATG,4
GAAAGTCCCGTGCAAT,4
GAAGGAACTATAACCA,4
GAAGTACGCTTAATGA,4
GAATAAGAGAACAGAG,4
GAATAATAGAACATAG,4
GACCCATTGTAAGATG,4
GACGGGATGGGAACGT,4
GACTTTGCGCGCAGTC,4
GAGAGCTGAAGAAGCG,4
GAGCGGTGATGTGATT,4
GAGGGGGAGAGATACG,4
GAGGGGTAGAGGTACG,4
GAGGTACGCTGAATGA,4
GATAGCTGCAGAAGCG,4
GATCACGCGGAAAAAG,4
GATCACGTAGAAAAAG,4
GATCGCCATAGACTTC,4
GATCGCCATCTACTTC,4
GATCTTGGGGGGAGTC,4
GATGAAACAATCGAAC,4
GCAACGAGGTGTATCC,4
GCAAGCAAAGTTGACC,4
GCAATCTGAACCATAC,4
GCACGGAACTAACTCC,4
GCATCATCAACTCCTA,4
GCATGGAACGAACTCC,4
GCATGGAACTAACTTC,4
GCATGGAGCTAACTCC,4
GCCAGCAATGAGTTGT,4
GCCAGCCCGTATCCCT,4
GCCATTTAATGAAGGG,4
GCCATTTACGGAAGGG,4
GCCCAAAGGATCATGA,4
GCCCTTGCGCGCAGTC,4
GCCTAAAGGATCATAA,4
GCGAATTTTCATAGCG,4
GGCTCCTGGGGTATCA,4
GGTCCATCTCACATCG,4
GGTCCATCTCAGAGCG,4
GGTCCATCTCAGATCC,4
GGTCCATCTCAGATGG,4
GGTTAACTTTGGAAAC,4
GTAAACAAAGTTGACC,4
GTAATCAAAGTTGACC,4
GTAATTTAAGTATCAA,4
GTACAAACCGTTTGTA,4
GTACAAACCTCCAAAT,4
GTACAAACCTGCAAAA,4
GTACAAACCTGGAAAT,4
GTACCCAGCTCCTGCG,4
GTACCCAGTTCATGCG,4
GTACCCAGTTCCGGCG,4
GTACCCAGTTCCTGAG,4
GTAGAACTGCGGACCC,4
GTAGAACTGCGGCCAC,4
GTAGAACTGCGGCCCT,4
GTATATACTAGGACCA,4
GTCAAGTTAAGGATGG,4
GTCGCCGCTAATCCAA,4
GTGAGCGAGAAAAGTA,4
GTGCGATTGTCCGAAA,4
GTGCGATTGTCCTGAA,4
GTGCGATTTTCCGGAA,4
GTGGTATCAAGACGGG,4
GTGGTATCAAGCCGTG,4
GTGGTATCAAGCCTGG,4
GTGTTATCAAGCCGGG,4
GTTCCATCTCAGATCG,4
GTTGCTCCGACACGCT,4
TAAAAAGCCTCCATGT,4
TAAAAAGTCTCCATGA,4
TAACCTGCAAGCCACT,4
TAACGTGATTTATCGA,4
TAACGTGATTTCCCGA,4
TAACGTTATTTCTCGA,4
TACACTGCAAGCCACT,4
TACCAATGTCATGTGA,4
TACCCTGCAAGCCATT,4
TACCCTGCAAGCCGCT,4
TACCCTGCAAGTCACT,4
TACCTGCTGCGGAAAG,4
TACTGATAACCCTGCT,4
TACTGATAACCCTGTG,4
TAGAGCTGCAGAAGCG,4
TAGCATTGTAGGAAAG,4
TAGCATTGTCAGAAAG,4
TAGGCTCTAGAGCTCT,4
TAGGGGATACGTCACC,4
TATATTATTAACATAA,4
TATCGCCATCGACTTC,4
TATGTCATATCCACAG,4
TATTAAGAGAAGTGAG,4
TATTTACCACTGCATC,4
TCAAGCTTGGCGCATC,4
TCAATCGGGGGATAAA,4
TCAATCTGGGGCTAAA,4
TCATGGGTGTACGAGT,4
TCATGTGTGTACGAGA,4
TCCACACCCCTAGCCA,4
TCCAGCGCGATAAGAG,4
TCCAGCGCGGGAAGAG,4
TCCAGCGCTGTAAGAG,4
TCCGATTCACGAATAA,4
TCCGGCGCGGTAAGAG,4
TCCGGCGTTAGTGTCA,4
TCCTGCGCGGCTCGGG,4
TCGAACGAAGTAGGAA,4
TCGAACGAAGTAGGAT,4
TCGAGCGAAGTAGGAG,4
TCGAGTTAATATGAGC,4
TCGATTACTAGCCGAA,4
TCGATTACTAGCCGGG,4
TCGTCCTTTGGGAACT,4
TCGTCGCACTACTGAT,4
TCGTCGCACTACTGCC,4
TCTAACTCTCACGGCA,4
TCTAACTCTCGAGGCA,4
TCTAACTCTCGCGGCT,4
TCTAACTCTTGCGGCA,4
TCTATTACTAGCCGGA,4
TCTTAGAGTTAACGAT,4
TCTTAGTCCTCATATG,4
TCTTAGTCCTCGTATC,4
TCTTGACATAGCGACG,4
TCTTGACATATCGATG,4
TCTTTACCAATGCATC,4
TCTTTACCACTTCATC,4
TGATCTGTGACATTAC,4
TGCGACACCCTTCCGG,4
TGCGGTGGTCGATCAG,4
TGCGGTGGTCGATCCT,4
TGCTATTACGGCGCGG,4
TGCTATTCCGGCGCAG,4
TGGAATAGTCACCGAT,4
TGGTCCGCTTCATGAT,4
TGTAATAGGCATCACA,4
TGTAATAGGCGTCACG,4
TGTAATCGTCACCGAT,4
TGTTGAGCAAGTCTGA,4
TTATTAGAAATACATA,4
TTCTGTCAAGACTCGT,4
TTCTGTCCAGACTCGA,4
TTCTGTCCAGGCTCGT,4
TTGAAAAAATCAGAAA,4
TTGAAAAAATCATAAG,4
TTGCAATTGAAACACA,4
TTGGAGGCCTGGCCCC,4
TTGGGCACTAAATTGA,4
TTGGGGAACAGGAAGC,4
TTGGGGAACGTGAAGC,4
TTGGGTAACGGGAAGC,4
TTGTATCAGTCACGCC,4
TTGTATCAGTCGCGCA,4
TTGTATCAGTCGCTCC,4
TTTATATCGAGAGTCA,4
TTTATATTCAACACCA,4
TTTCAGCGTTTTTTTG,4
TTTCGCAGAACCTATC,4
TTTCTCCTGAGTAGTA,4
TTTGGGAACGGGAAGC,4
AAAAAATGTATGACAA,3
AAAAAATTCATGACAA,3
AAAAAATTTATGACAT,3
AAAAAATTTATGAGAA,3
AAAACCATAAGACCCC,3
AAACCCATAAGACCAC,3
AAACGGGTTGGCTGTA,3
AAAGAATTTATGACAA,3
AAAGACCTTTAACTCC,3
AAAGCTCTTTTCTTTC,3
AAATGCGTTCATCGAT,3
AAATTCCCTGACTGCT,3
AACACATAGAACCGCC,3
AACACGTAGAACAGCC,3
AACACGTAGAACCCAC,3
AACACGTAGAACCTCC,3
AACAGAAGCCCATGTA,3
AACAGAAGTCCACGTA,3
AACATACCGACGCAGT,3
AACCACCGAGCGACCG,3
AACCACCGAGTAACCG,3
AACCACCGGGTGACCG,3
AACCATCAGCACCTAG,3
AACCCCCGAGTGACCG,3
AACGACAAACAGTGAG,3
AACGATAAACAGTAAG,3
AACGATTCCGACTAAG,3
AACGGCCGGCGAACTC,3
AACGGCTCCGACTAAG,3
AACGGTTACGACTAAG,3
AACGGTTCCGACTAAA,3
AACTCCCCTGACTGCT,3
AACTGCGTTCATCAAT,3
AACTTCCATGACTGCT,3
AACTTCCCTGACGGCT,3
AACTTCCCTGACTGAT,3
AACTTCCCTTACTGCT,3
AACTTCCGTAGCCTGA,3
AAGAAGACTTTGCGAT,3
AAGCACCGAGTGACCG,3
AAGCCCAGTGGGTGAT,3
AAGCGGTGATGTAATT,3
AAGCGGTGATGTGAGT,3
AAGCGGTGATGTTATT,3
AAGGCTCTAGAGCTCT,3
AAGGGGATTGGCTGTT,3
AAGGGGCCTCATAACG,3
AAGGGGTAGAGATACG,3
AAGGTCCATATGTAAT,3
AAGGTCCCCATGTAAT,3
AAGGTCCCTATGCAAT,3
AAGTGTCTCCGAGCAA,3
AAGTTAAGAGAAAGCT,3
AAGTTAAGGGAAAGTT,3
AAGTTAGTAGAACCAC,3
AATACAGAGTTTGTTG,3
AATCGCCGGCACCCGT,3
AATCGCTGGCAACCGT,3
AATCGCTGGCACCAGT,3
AATCTCTGGCACCCGT,3
AATGAAACAATTGAAC,3
AATGCGAGAATGTCAA,3
AATGGGCCTCATAATG,3
AATGTCTAGAAATTTT,3
AATTCGTGAGTACGAG,3
AATTCGTGAGTACTAA,3
ACAAGATTCAGGGGAC,3
ACAAGATTCGGGTGAC,3
ACAATGTCTCGAGAAG,3
ACACGGGTCGGCTGTA,3
ACACTGGTTGGCTGTA,3
ACAGATTCACGAATAA,3
ACAGCCCACCATTGAG,3
ACAGTCCACCATCGAG,3
ACATGGGTGTACGAGA,3
ACATGTCTCCGAGCAA,3
ACATTTTCCAGTAGGT,3
ACCAACAATGAGTTGT,3
ACCACCGGAGCTTGGC,3
ACCAGCAATGAGTTAT,3
ACCAGCAATTAGTTGT,3
ACCAGCAGTGAGTTGT,3
ACCAGCGCGGTAAGAG,3
ACCCCAGGAGCTTGGC,3
ACCCCCGGAGCTCGGC,3
ACCCCCGGAGCTTGTC,3
ACCCCCGGGGCTTGGC,3
ACCCCCGGTGCTTGGC,3
ACCCCTGGAGCTTGGC,3
ACCGAACGAATCATCC,3
ACCGAATGGATCATCC,3
ACCGAATTAATCATCC,3
ACCGAGTGAATCATCC,3
ACCGATTCATGAATAA,3
ACCGTTGTACACACAA,3
ACCTATGAAATAAGCT,3
ACCTTTGTACACACCA,3
ACGCATGATTTTCGAG,3
ACGGGGATTGGCTGAT,3
ACGGGGATTGGCTGCT,3
ACGGGGATTGGTTGTT,3
ACGTATGATTTTAGAG,3
ACGTATGATTTTCGGG,3
ACGTATGATTTTTGAG,3
ACGTATGGTTTTCGAG,3
ACGTCAATTAAGATCA,3
ACGTCCATTAAGATCT,3
ACGTGTCTCCGAACAA,3
ACGTGTCTCCGAGCAT,3
ACGTGTCTCCGAGTAA,3
ACGTGTCTCTGAGCAA,3
ACTACGAGGCCACGTA,3
ACTACGAGGCTACGCA,3
ACTACGGGGCTACGTA,3
ACTAGCAATGAGTTGT,3
ACTATCATATCTAATA,3
AGAATAGGGATATGTG,3
AGACCCATAAGACCCC,3
AGACCCGTAAGGACTA,3
AGATCCCACGTCCTTT,3
AGATCCCAGGTCCCTT,3
AGATCCCAGGTCCTGT,3
AGATCCCATGTCCTTT,3
AGCAGCATTGGTCGCC,3
AGCATAGGGATAGGTG,3
AGCATAGGGATATATG,3
AGCATCTAACAGTAAG,3
AGCATCTAAGAGATAG,3
AGCCCATTCTGGGGAT,3
AGCGAATGAATCATCC,3
AGCGACATTGCCCTTT,3
AGCTCATGGGGTATCA,3
AGCTCCTGGGATATCA,3
AGCTCCTGGGGCATCA,3
AGCTCCTGGGGTATCC,3
AGCTGAATGAAGTATG,3
AGCTGAATTAATTATG,3
AGCTTAATTAAGTATG,3
AGGAAAGAAAATGGAG,3
AGGAATATAGTTGGCA,3
AGGACTATGGTTGGCA,3
AGGAGTATGAAGAGCA,3
AGGAGTATGAAGAGCC,3
AGGAGTATGAAGATCA,3
AGGAGTATTAAGAGCG,3
AGGGGACAAGATTGTA,3
AGGTTCAGACTATTGC,3
AGTAAACATACATTGG,3
AGTAGTTTAGATAGTT,3
AGTATAGGGATATGTG,3
AGTATTTGCGCTTCAG,3
AGTATTTTCGCTTCAA,3
AGTCGCTTAGATAGTT,3
AGTCGTCTAGATAGTT,3
AGTCGTTTAGACAGTT,3
AGTCGTTTAGATAGCC,3
AGTGTTGAATAAGCGA,3
AGTGTTGAGTAGGCGA,3
AGTGTTGGCTTGGTCA,3
AGTTCCATAGGAATGG,3
AGTTCCGTAGGCATGG,3
AGTTGAGCCAGTCTGA,3
AGTTTTGAATAGGCGA,3
ATAAAGTTTGTGCAAA,3
ATAACGTTTGTGCAAT,3
ATAACTGAGGGCATTA,3
ATAACTGAGGGCATTT,3
ATAACTGAGGTCATTG,3
ATAAGGGCTACGTGAG,3
ATACACACATGTGCCA,3
ATACACGAGGTTGCGA,3
ATACACGAGGTTTTGA,3
ATACACGCATGTGTCA,3
ATACGCGAGGTTGTGA,3
ATAGAATCACAAATTA,3
ATAGACGAGGTTGTGA,3
ATAGGATATATGGATG,3
ATAGGATATATGGCCA,3
ATATAAAAAACTTAAC,3
ATCAGGATAATCGTGC,3
ATCAGGATGATCGCGC,3
ATCATCTAACAGATAG,3
ATCGGGATAATCGCGC,3
ATGAACTTATCTGTGG,3
ATGAACTTGTCGATAT,3
ATGGGATCGGAGAAAC,3
ATGGGATGGGAGAAAC,3
ATGGGATTGAAGAAAC,3
ATGGGATTGGAGAAAT,3
ATGGGATTGGAGAAGC,3
ATGGGATTGGAGGAAC,3
ATGGGATTGGTGAAAC,3
ATGGGCACTAAATTAA,3
ATGGGGATTGGCTGTT,3
ATGGTCCACGGGCATA,3
ATGGTTTTACGTCCGT,3
ATGTGTCTCCGAGCAA,3
ATTAGATTATAACGTG,3
ATTAGGGCTACGTGAA,3
ATTATCATATATAATA,3
ATTATGGCTACGTGAG,3
ATTCCGAATGGGGTAT,3
ATTCCGAATGGGTTAG,3
ATTCCGAATGGTGTAG,3
ATTGCGAATGGGGTAG,3
ATTTAAACTCGAGGAC,3
ATTTAAATTCGAGGAA,3
ATTTAAATTCGGGGAC,3
ATTTTTCTATGGCCCC,3
ATTTTTCTATGTCTAC,3
CAAAAACATTACAAAT,3
CAAATGCTGCATTAAA,3
CAAATGCTGCATTAGT,3
CAAATGCTGCATTATG,3
CAAATGTTGCATTAGG,3
CAATAAGCCAGCAAGA,3
CAATCAGAAATACATA,3
CAATGAGAAATACATA,3
CAATTCGCCGTTCCAC,3
CACAGCATTGGTCGCC,3
CACCATCAGCACCCAG,3
CACCATCAGTACCTAG,3
CACCCAGGATCGCACT,3
CACCTAGGATCGCGCT,3
CACCTAGTATCGCACT,3
CACGACACCCTTCCGG,3
CACGGCCGACGAACTC,3
CACTAGATGTACAGTT,3
CACTAGATGTACGGTC,3
CACTAGATTTACAGTC,3
CAGAACCTCGTTGTCA,3
CAGAACCTCTTTGTCT,3
CAGACTCTAGAGCTCT,3
CAGAGCCTCGTTGTCT,3
CAGCATTGTCGGAAAG,3
CAGGAACATACATAAC,3
CAGGATAAATCAGAAC,3
CAGGCTATAGAGCTCT,3
CAGGCTCTATAGCTCT,3
CATACAGAATTTGTTG,3
CATACGGAGTTTGTTG,3
CATGGGAATTGCCAAT,3
CATGGGAATTTCCACT,3
CATGGGTTAAGTTGTG,3
CATGTGGAGACCAACA,3
CATGTGGAGCACAACA,3
CATGTGGAGCCCAACT,3
CATGTGGGGCCCAACA,3
CATTTCTGATGAATTT,3
CCAAGCTTGGCGCATT,3
CCATATGAAATAAGCT,3
CCCACCTCAAGGGTAA,3
CCCCTCCTCTAAAGCC,3
CCCGGGTTAAGTTGTG,3
CCCTATGAAATGAGCT,3
CCCTGATGCATTCCCG,3
CCCTGCGCGGCTCCGG,3
CCCTGCGCGGCTCGGC,3
CCCTGCGCGTCTCGGG,3
CCCTGCTCGGCTCGGG,3
CCCTTTACGGATATCT,3
CCCTTTACGGATCCCT,3
CCCTTTACGGATCTCC,3
CCCTTTACGTATCTCT,3
CCGAGGGATTCAACTC,3
CCGGATAAATCAGGAC,3
CCGGATAAATCATAAC,3
CCGTATAAATCAGAAC,3
CCTGGGTGAAGTTGTG,3
CCTGGGTTAAGTTGTA,3
CCTGGGTTAAGTTTTG,3
CCTTATGAAATAAGCT,3
CCTTCCTCAAAACATA,3
CCTTGACATAGCGATG,3
CCTTGATGCATTCCCT,3
CCTTGATGCATTCCTG,3
CGAAACACGTCACAGT,3
CGAACCACAGACACGT,3
CGAACCGCAGACATGT,3
CGACTCCACGGACGAC,3
CGACTCCACTGACGCC,3
CGCGACACCCTTCAGG,3
CGCGACACCCTTCCAA,3
CGCGACACCTTTCCGG,3
CGCTATTCCGGCGCGG,3
CGGAACCTCGTTGTCT,3
CGGAATCGTCACCGAT,3
CGGACAGGGAATCAAA,3
CGGACCCCAGATGGTA,3
CGGACCCTAGATGATA,3
CGGACCCTAGATGGTG,3
CGGACCCTAGATGGTT,3
CGGACCCTATATGGTA,3
CGGACTCTAGATGGTA,3
CGGCCAGGGAATCGAA,3
CGGCCAGGTAATCAAA,3
CGGGAAATGTAAATTA,3
CGGGAACATACACAAC,3
CGGGAATCTACCATAC,3
CGGGAATCTCCAATAC,3
CGGGAATCTCCCACAC,3
CGGGAATGTCCCATAC,3
CGGGGAAAAGATTGTA,3
CGGTAGGGACTCATCT,3
CGGTCGGGAATCATCT,3
CGGTCGGGACTCATAT,3
CGGTCTGGACTCATCT,3
CGTACAGAGTTTGTTG,3
CGTACAGTGTGATCGA,3
CGTGACACCCTCCAAC,3
CGTGACCCCCTACAAC,3
CGTGACCCCCTCCAAA,3
CGTGACCCCCTCCAAT,3
CGTGGCCCCCTCCAAC,3
CGTGGGAATTGCCACT,3
CGTGTACCCGTCAGCA,3
CGTGTACCCTCCAGCA,3
CGTGTACCTTTCAGCA,3
CGTGTGGAGCCCAACA,3
CGTTCAGAGATAACGG,3
CTAAAATAATTGGCGC,3
CTAATTTAAGCATCAA,3
CTAATTTAAGTATCAT,3
CTACTTAACAGACGTA,3
CTAGAGGCCTGGCCCC,3
CTAGCACAGCGTAGTC,3
CTAGCGCAGCGTAGGC,3
CTATTTAACAGACGTT,3
CTCAAATAATTGGCGT,3
CTCAAATAATTGGTGC,3
CTCAATGTAGTAGGAT,3
CTCCTAGGGGGCGATT,3
CTCTTACGCTCCCACG,3
CTGAAATTATCTGTGG,3
CTGAACCTCGTTGTCT,3
CTGAAGGATTCAACTC,3
CTGAGCGAGAAAAGCA,3
CTGAGCTTATCTGTGG,3
CTGAGGGATTCGACTC,3
CTGAGGTATTCAACTC,3
CTGATTTAAGTATCAA,3
CTGGAGGCATGGCCCC,3
CTGGAGGCCTGGCCAC,3
CTGGAGGCCTTGCCCC,3
CTGGAGTCCTGGCCCC,3
CTGGATGCCTGGCCCC,3
CTGGGACAAGATTGTA,3
CTGGGCTGCCAATAAG,3
CTGTACCTGTAGTTGA,3
CTTACATAATACTAGA,3
CTTACTACGCGAGAGT,3
CTTACTGCGCGAGAAT,3
CTTACTGCGCGAGATT,3
CTTACTGTGCGAGAGT,3
CTTAGGCTCTTGATTA,3
CTTAGGTACTACATGC,3
CTTAGGTATTACATGA,3
CTTCGGATCTTGATTA,3
CTTCGGCTCTTGATCA,3
CTTCGGCTCTTTATTA,3
CTTCTGCTCTTGATTA,3
CTTGACCCCCTCCAAC,3
CTTTACCTGCAGTTGA,3
CTTTTCTAGGACGCTT,3
CTTTTCTAGTACGATT,3
CTTTTCTAGTACGCCC,3
CTTTTCTATTACGCTT,3
GAAAAAAGGGACATAT,3
GAAAACAGTGTAGTTG,3
GAAATCCACAAATAAC,3
GAAGAACTGCGGCCCC,3
GAAGAAGCTATAACCA,3
GAAGGGATGGGCACGT,3
GAAGGGTAGAGATACG,3
GAAGTACGCTGAATAA,3
GAAGTGAGTATTGAGT,3
GAAGTGCGTATTGAGC,3
GAAGTGCGTATTGATT,3
GAATAATAGAAAAGAG,3
GAATAATAGAACGGAG,3
GACACGTAGAACCGCC,3
GACCCCCTGTAAGATG,3
GACCCCTTGGAAGATG,3
GACCCCTTGTAAGATT,3
GACCCCTTGTAATATG,3
GACCCCTTGTAGGATG,3
GACCCCTTGTGAGATG,3
GACCCCTTTTAAGATG,3
GACCCTGCAAGCCACT,3
GACGGCGTTAGTGTCA,3
GACGGGATGGGCAAGT,3
GACTCCTTGTAAGATG,3
GACTTCCCTGACTGCT,3
GAGAACCTCGTTGTCT,3
GAGAAGCTATAGAAGT,3
GAGAGCCGCAGAAGCG,3
GAGAGCTGCAGAAGAG,3
GAGAGCTGCAGAAGCT,3
GAGCCCAGCGGGTGAT,3
GAGCTTGCTGTGGATC,3
GAGGGGATACTTCACC,3
GAGGGGTAGGGATACG,3
GAGGTATCAAGCCGGG,3
GATCACGCAGAAAAAT,3
GATCCCTTGTAAGATG,3
GATCGCCATCGGCTTC,3
GATCGCGCAGAAAAAG,3
GATCGCTGGCACCCGT,3
GATCTTGGGGATAGTC,3
GATCTTGGTGAGAGTC,3
GATTCAGATTCCCACC,3
GCAAAGTCTCGAGAAG,3
GCAACGAGGTATAACC,3
GCAACGAGGTGTAAAC,3
GCAACGAGGTGTAACA,3
GCAACGATGTGTAACC,3
GCAAGATTCGGGGGAC,3
GCAGCGTGCCAGTCAT,3
GCAGTACGATCTACGC,3
GCATAGAACTAACTCC,3
GCATCCTCAACTCCTT,3
GCATGGAACTAACGCC,3
GCATGGGTGTACGAGA,3
GCCAGCTCGCATCCCT,3
GCCAGCTCGTATCACT,3
GCCAGTTCGTATCCCT,3
GCCATTTACTGAAGTG,3
GCCGCATCCTGGAATG,3
GCCTAAAGTATCATGA,3
GCCTGCGCGGCTCGGG,3
GCCTTTGAGCGCAGTC,3
GCCTTTGCGAGCAGTC,3
GCCTTTGCGTGCAGTC,3
GCCTTTTCGCGCAGTC,3
GCGAAGTTTCATGGCG,3
GCGAGCGAGAAAAGCA,3
GCGGATAAATCAGAAC,3
GCTGGGGCCGTGTAAG,3
GCTGGGTTAAGTTGTG,3
GGAATCCCCAAATAAC,3
GGATCCCAGGTCCTTT,3
GGATGGAACTAACTCC,3
GGGGAAATGTAAATGA,3
GGGGAACATACATAAC,3
GGGGGGATACGTCACC,3
GGTCACGCAGAAAAAG,3
GGTCCATCTAAGATCG,3
GGTCCATCTCAGATAC,3
GGTCCATCTCAGATCT,3
GGTCCATCTCAGGTCG,3
GGTCGTTTAGATAGTT,3
GTAAAACTGCGGCCCC,3
GTAAGCAAACTTGACC,3
GTAAGCAAATTTGACC,3
GTAAGCAAGGTTGACC,3
GTAAGGAAAGTTGACC,3
GTACAAACCTGCAAAG,3
GTACACAGTTCCTGCG,3
GTACCCAGTTTCTGCG,3
GTACCGAGTTCCTGCG,3
GTAGAAACTATAACCA,3
GTAGAACCGCGGCCCC,3
GTAGAACTACGGCCCC,3
GTAGAACTGCGGCCTC,3
GTAGAACTGCGGTCCC,3
GTAGAACTGGGGCCCC,3
GTAGATAATAGGACCA,3
GTAGGCTTCATGGAGT,3
GTCAAGTTACGGATAA,3
GTCAAGTTACGGATAG,3
GTCAAGTTACTGATGG,3
GTCGAATCCTGGAATG,3
GTCGAGTTACGGATGG,3
GTCGCATCCTGGAACT,3
GTCGCATCCTGGAAGG,3
GTGAGCAAAGTTGACC,3
GTGAGCGAGAAAAGAA,3
GTGAGCTGCCAATAAG,3
GTGCATCCTAGTGACA,3
GTGCGATTGTCCAGAA,3
GTGCTATTGTCCGGAA,3
GTGGATACTAGGACCA,3
GTGGGATTGGAGAAAC,3
GTGGGGTAGAGATACG,3
GTGGTATAAAGCCGGG,3
GTGGTATCAAGCAGGG,3
GTGGTATCAAGCCAGG,3
GTGGTATCAAGCCGAG,3
GTGGTGTCAAGCCGGG,3
GTTATTATGACTTCAC,3
GTTCATCCTAGTGACG,3
TAAAGTCCCTATGATG,3
TAAATCCCCAAATAAC,3
TAACGTGATTTCTAGA,3
TAACGTGATTTCTCGT,3
TAATAAGCCAGCAAAA,3
TACAAGAGAGGGGTCT,3
TACAGAAGTCCATGTA,3
TACCACCGAGTGACCG,3
TACCGCGCCGAGCACC,3
TACCGTGCAAGCCACT,3
TACCTGCTGCGGAACA,3
TACCTGCTGCGGAACT,3
TACCTGCTGCGGAGCG,3
TACCTGCTGTGGAACG,3
TACTAATGCCGTTGCC,3
TACTGATAACCATGCG,3
TACTGATAACCCTGAG,3
TACTGATAGCCCTGCG,3
TAGCATTGTCGGGAAG,3
TATAACTCTCGCGGCA,3
TATCATTGTCGGAAAG,3
TATCCAATGGACGGAC,3
TATGTCTTATCCACAG,3
TATTAAGAGAAGTGCA,3
TATTAAGAGAAGTGCT,3
TATTAAGAGAAGTTCG,3
TATTAGTCCTCGTATG,3
TATTCCTAACTAGCGT,3
TCAAACAGTGTAGTTG,3
TCAATCGGAGGCTAAA,3
TCAATCGGGGGCTGAA,3
TCAATCGTGGGCTAAA,3
TCACTTCAACTAAAAA,3
TCATCCTCAACTCCTA,3
TCATGGATGTACGAGA,3
TCATGGGTGGACGAGA,3
TCATGGGTGTAAGAGA,3
TCATGGGTGTACGATA,3
TCATGGGTGTGCGAGA,3
TCCAGCGCAGTAAGAG,3
TCCATTTACTGAAGGG,3
TCGAAAGAAGTAGGAG,3
TCGAACGAAGTAGTAG,3
TCGAGTTAATATGCAC,3
TCGAGTTAATATGCTC,3
TCGATTACTATCCGGA,3
TCGATTACTGGCCGGA,3
TCGCTTCAACTAAGAA,3
TCGTCCGTTGGGAAAT,3
TCGTCCGTTTGGAACT,3
TCGTCGTACTACTGCT,3
TCTAACGAAGTAGGAG,3
TCTAACTCTCGCGGAA,3
TCTCGTGATACTCACA,3
TCTGGGAACGATCCCC,3
TCTTAGTCCGCGTATG,3
TCTTAGTCCTCGGATG,3
TCTTAGTCCTCTTATG,3
TCTTATTATGCGGCAT,3
TCTTGAAATAGCGATG,3
TCTTGACATAGAGATG,3
TCTTGACGTAGCGATG,3
TCTTGATGCATTCCCG,3
TCTTGGAGTGAACGAT,3
TCTTGGTCCTCGTATG,3
TCTTTACAACTGCATC,3
TCTTTACCACTACATC,3
TCTTTACCACTGCATT,3
TGATATTTTACATTTA,3
TGATCTGTGACACTGC,3
TGATCTTTCACATTTA,3
TGCAGTGGTATGCATA,3
TGCAGTGGTCGATCCG,3
TGCAGTGTTATACATA,3
TGCTATTCCGGCGAGG,3
TGCTATTCCGGCGCAA,3
TGCTATTCCGGCGCGT,3
TGCTATTCCGGCGTGG,3
TGCTATTCCGGCTCGG,3
TGCTATTCTGGCGCGG,3
TGCTCCTGGGGTATCA,3
TGGAACGAAGTAGGAG,3
TGGAATCGTCACCGTT,3
TGGTCCACTTCATGCT,3
TGGTCCGCTTAATGCT,3
TGGTCCGCTTCATGCA,3
TGGTCCGCTTCATTCT,3
TGTCCGGATAAAGTAA,3
TGTGGAGAGCCCTTAC,3
TGTTGAGCCAGTCTGG,3
TTACGAATTTGACTCC,3
TTACGAATTTGATTCA,3
TTATCTGTAGATCGCT,3
TTCAGCGCGGTAAGAG,3
TTCATCAAGTTGGTTC,3
TTCTGCCCAGACTCGT,3
TTCTGTACAGACTCGT,3
TTCTGTCCAGACTAGT,3
TTGAAATTGAAACATA,3
TTGAACTTGTCGATAT,3
TTGAGCTGCCAATAAG,3
TTGAGTTAATATGCGC,3
TTGCTCCTGATTAGTA,3
TTGCTCCTTAGTAGTA,3
TTGGGCACCAAATTAA,3
TTGGGCACTAAAGTAA,3
TTGGGGAACGGAAAGC,3
TTGGGGAACGGGAGGC,3
TTGGGGAATGGGAAGC,3
TTGGTATCAAGCCGGG,3
TTGTATCAGTCGCGAC,3
TTGTATCAGTGGCGCC,3
TTGTGTCAGTCGCGCC,3
TTTATATCCAACATCA,3
TTTATATCCGACACCA,3
TTTATATCTAACACCA,3
TTTATGTCCAACACCA,3
TTTCAAAGAACCTATC,3
TTTCAGCGTTGTTTTT,3
TTTCAGCTTTGTTTTG,3
TTTCATCGTTGTTTTG,3
TTTCGTGATACCCACA,3
TTTGTATCCAACACCA,3
TTTTATCAGTCGCGCC,3
AAAAAATCTATGACAA,2
AAAAAATCTCAGATAC,2
AAAAAATTTATGACAG,2
AAAAAATTTATGATAA,2
AAAAGATTCGGGGGAC,2
AAAATCTGAACCATAC,2
AAACCAATAAGACCCC,2
AAACCCATAAGACCTC,2
AAACCCATAATACCCC,2
AAAGAAACAATCGAAC,2
AAAGAAACTATAACCA,2
AAAGACCCTTAACTCT,2
AAAGCTCTTCTCGTTC,2
AAAGCTCTTTTCGCTC,2
AAAGGCACGCCTTCAA,2
AAAGGCGCACCTTCAA,2
AAAGGCGCGCCATCAA,2
AAAGGCGCTCCTTCAA,2
AAAGGCTCGCCTTCAA,2
AAATAAGCCAGCAAGA,2
AAATGTTTAATGGACG,2
AAATTCACAATATCCT,2
AAATTCACAATATCGA,2
AAATTCATAATATCCA,2
AACAAAAGTCCATGTA,2
AACACGTAGAAACGCC,2
AACACGTAGAACCGAT,2
AACACGTAGAACGGCC,2
AACACGTAGAACTGCC,2
AACACGTAGAGCCGCC,2
AACAGAAGTCCATCTA,2
AACAGAAGTCCATGGA,2
AACAGAAGTCCATTTA,2
AACAGAAGTCCGTGTA,2
AACAGAAGTGCATGTA,2
AACAGAATTCCATGTA,2
AACAGTTCCGACTAAG,2
AACATAAGTCCATGTA,2
AACATCTAACAGATAG,2
AACCACCCAAGAGATG,2
AACCACCGAGTGACGG,2
AACCACCGAGTGAGCG,2
AACCACCGAGTTACCG,2
AACCACGGAGTGACCG,2
AACCAGCGAGTGACCG,2
AACCCCTTGTAAGATG,2
AACCGCCGAGTGACCG,2
AACCTAAGAGACGTAA,2
AACCTAGGATCGCACT,2
AACGACAAACAGATAG,2
AACGACAAAGAGTAAG,2
AACGACAAATAGTAAG,2
AACGACAAGCAGTAAG,2
AACGACACCCTTCCGG,2
AACGACGAACAGTAAG,2
AACGGGATGGGCACGT,2
AACGGTTCAGACTAAG,2
AACGGTTCCGACTAAT,2
AACGGTTCCGACTGAG,2
AACGGTTCCTACTAAG,2
AACGGTTCTGACTAAG,2
AACTAATGCCGTTGTC,2
AACTACCGAGTGACCG,2
AACTGAGTTCATCGAT,2
AAGAAGACCTTGTGAT,2
AAGAAGATATAGAAGT,2
AAGAAGCTATAGAATT,2
AAGAATCTATAGAAGT,2
AAGAGCTGCAGAAGCG,2
AAGATTGATTGAAGTG,2
AAGATTGATTGGAGTT,2
AAGCCCAGCTGGTGAT,2
AAGCCCATAAGACCCC,2
AAGCGGTGACGTGATT,2
AAGCGGTGAGGTGATT,2
AAGCGGTGATGTCATT,2
AAGCGGTGATTTGATT,2
AAGCTAGTAGACCCAC,2
AAGGAAACAATCGAAC,2
AAGGGGCCCCATAATG,2
AAGGGGTCTCATAATG,2
AAGGGGTGATGTGATT,2
AAGTATGATTTTCGAG,2
AAGTATTGCGACACAT,2
AAGTATTGCTAAACAT,2
AAGTATTGCTACATAT,2
AAGTATTGTTACACAT,2
AAGTCCATTAAGATCA,2
AAGTTAAGAGGAAGTT,2
AAGTTAGTAGACCCCC,2
AAGTTAGTAGACCCTC,2
AATAGAAGTCCATGTA,2
AATAGCTGGCACCCGT,2
AATATTTGCGCTTCAA,2
AATCAAACAATCGAAC,2
AATCACCTATATGTAA,2
AATCACGCAGAAAAAG,2
AATCGCAGGCACCCGT,2
AATCGCTAGCACCCGT,2
AATCGCTGGCACCCGG,2
AATCGCTGGCGCCCGT,2
AATCGTTGGCACCCGT,2
AATGAAACAATAGAAC,2
AATGAAACAATCAAAC,2
AATGAAACAATCCAAC,2
AATGAAATAATCGAAC,2
AATGGTTCCGACTAAG,2
AATGTGGAGCCCAACA,2
AATTCGTGAGTACTAT,2
AATTCGTTAGTACTAG,2
AATTGAGACGCGCAAG,2
AATTTGTGAGTACTAG,2
ACAAAATTCGGGGGAC,2
ACAAAGTCTCGAGGAG,2
ACAACCTGAACCATAC,2
ACAAGACTCGGGGGAC,2
ACAAGATTCGGGAGAC,2
ACAAGATTCGGGGTAC,2
ACAAGATTCGTGGGAC,2
ACAAGATTCTGGGGAC,2
ACAAGGTCTCGAGAAG,2
ACAATCTGAACCACAC,2
ACAATCTGAACCTTAC,2
ACAATCTGAATCATAC,2
ACACGGGTTGGATGTA,2
ACACGGGTTGGCGGTA,2
ACACGGGTTGGCTGTT,2
ACACGGGTTGGCTTTA,2
ACACGGGTTGTCTGTA,2
ACACGTGTTGGCTGTA,2
ACAGCGTGCCGGTCAT,2
ACAGGGATTGGCTGTT,2
ACAGTACGATATACGC,2
ACAGTACGATCTATGC,2
ACAGTCCACAATTGAG,2
ACAGTCCACCATGGAG,2
ACAGTCCACCATTAAG,2
ACAGTCCACCATTGAA,2
ACAGTCTACCATTGAG,2
ACAGTCTAGAAATTTT,2
ACATCATAAAAACTGA,2
ACATCCATTAAGATCA,2
ACATGGGTTGGCTGTA,2
ACATTACGATCTACGC,2
ACATTTGCCAATAGGT,2
ACATTTTCCAAAAGGT,2
ACATTTTCCAATATGT,2
ACATTTTCCAATGGGT,2
ACCAGCAAGGAGGTGT,2
ACCAGCAATCAGTTGT,2
ACCAGCAATGAGCTGT,2
ACCAGCAATGAGTCGT,2
ACCAGCAATGAGTGGT,2
ACCAGCAATGATTTGT,2
ACCAGCAATGGGTTGT,2
ACCCCCGGAGATTGGC,2
ACCCCCGGATCTTGGC,2
ACCCCCGTAGCTTGGC,2
ACCCGCGGAGCTTGGC,2
ACCCTGGCTCGCTAAT,2
ACCGAATGAAGCATCC,2
ACCGAATGAATCACCC,2
ACCGAATGAATCATCT,2
ACCGATTAACGAATAA,2
ACCGATTCAAGAATAA,2
ACCGATTCACTAATAA,2
ACCGGCAATGAGTTGT,2
ACCGTTGTACACACCT,2
ACCGTTTTACACACCA,2
ACCTAAAGGATCATGA,2
ACCTTTGCGCGCAGTC,2
ACGACGAGGCTACGTA,2
ACGATTACTAGCCGGA,2
ACGCATTAGCGGGAGG,2
ACGCGTCTCCGAGCAA,2
ACGGGGATTGGATGTT,2
ACGGGGATTGGCGGGT,2
ACGGGGATTGGCTATT,2
ACGGGGATTGGCTGGT,2
ACGGGGATTGGCTTTT,2
ACGGGGATTTGCTGTT,2
ACGTACATTAAGATCA,2
ACGTATGATTTTCGAT,2
ACGTCCATTAATATCA,2
ACGTCCGTTAAGATCA,2
ACGTCGCACTACTGCT,2
ACGTCTATTAAGATCA,2
ACGTGCCTCCGAGCAA,2
ACGTGTCTACGAGCAA,2
ACGTGTCTCAGAGCAA,2
ACGTGTCTCCGAGAAA,2
ACGTGTCTCCGGGCAA,2
ACTACGAGGCTAAGTA,2
ACTACGAGGCTACATA,2
ACTACGAGTCTACGTA,2
ACTACTAGGCTACGTA,2
ACTAGGGCTACGTGAG,2
ACTATGAGGCTACGTA,2
ACTCCCGGAGCTTGGC,2
ACTGAATGAATCATCC,2
ACTGGGATTGGCTGTT,2
ACTGTCCACCATTGAG,2
ACTGTCCAGAAATTTT,2
ACTGTCTAGAAATGTT,2
ACTGTCTAGAAATTCC,2
ACTGTCTAGAAATTGT,2
ACTGTCTGGAAATTTT,2
ACTTGACATAGCGATG,2
ACTTTCTAGAAATTTT,2
AGAAAATCTCAGAAAC,2
AGAAAATCTCAGAGAC,2
AGAAAATCTCAGATAT,2
AGAAAATCTCAGATGC,2
AGAAAATCTCAGGTAC,2
AGAACCGCAGACACGT,2
AGAAGATTCGGGGGAC,2
AGACCATCGTACCCAA,2
AGACCGACAGTTTCGT,2
AGAGCTCTTTTCGTTC,2
AGATACACCCTATAGT,2
AGATCCAACCTATAGT,2
AGATCCAAGGTCCTTT,2
AGATCCACCCTAGAGT,2
AGATCCACCCTATAAC,2
AGATCCCAGGTCCATT,2
AGATCCCAGGTCCGTT,2
AGATCCCAGGTCCTCC,2
AGATCCCAGGTCCTTA,2
AGATCCCAGGTCGTTT,2
AGATCCCAGTTCCTTT,2
AGATCCTAGGTCCTTT,2
AGATCTGTGACATTGC,2
AGCATAGGGATATGTA,2
AGCATAGGGATATGTT,2
AGCATAGTGATATGTG,2
AGCATCCAACAGATAG,2
AGCATCTAAAAGATAG,2
AGCATCTAACAGAGAG,2
AGCATCTAACAGATGG,2
AGCATCTAACGGATAG,2
AGCATCTAATAGATAG,2
AGCATCTGACAGATAG,2
AGCATGGGGATATGTG,2
AGCCAATGCTGGGGAT,2
AGCCCATGATGGGGAT,2
AGCCCCGGAGCTTGGC,2
AGCCGAATTAAGTATG,2
AGCTCCAGGGGTATCA,2
AGCTCCGGGGGTATCA,2
AGCTCCTCGGGTATCA,2
AGCTCCTGAGGTATCA,2
AGCTCCTGGGGTATTA,2
AGCTGAATCAAGTATG,2
AGCTGAATTAAGTACA,2
AGCTGAATTAAGTACG,2
AGCTGAGTTAAGTATG,2
AGCTGGATTAAGTATG,2
AGGAAAGAAACTGGTG,2
AGGAAATCTCAGATAC,2
AGGACTATAGTGGGCA,2
AGGACTATAGTTGACC,2
AGGACTATAGTTGGCT,2
AGGAGTATGAAGAGTG,2
AGGAGTATGCAGAGCG,2
AGGAGTGTGAAGAGCG,2
AGGCCAGGGAATCAAA,2
AGGCCAGTAAGGACTA,2
AGGCCCATAAGGACTA,2
AGGCCCGTAAGGACTG,2
AGGCTCGTAAGGACTA,2
AGGGAACATACATAAC,2
AGGGGGATTGGCTGTT,2
AGGTATTGCTACACAT,2
AGGTCGGGACTCATCT,2
AGGTTCAGAATCTTGC,2
AGGTTCAGACTCCTGC,2
AGGTTCATACTCTTGC,2
AGTAAACATGAATTGG,2
AGTAATAGGCGTCACA,2
AGTATCTAACAGATAG,2
AGTATTTGAGCTTCAA,2
AGTATTTGCGCTCCAA,2
AGTATTTGCGCTGCAA,2
AGTATTTGCGCTTCAT,2
AGTCATATCCTCAAAT,2
AGTCGTTTAGAGAGTT,2
AGTCGTTTAGATATTT,2
AGTCGTTTAGATGGTT,2
AGTCTTTTAGATAGTT,2
AGTGAAACAATCGAAC,2
AGTGCGAGCATGTCAA,2
AGTGCTGAATAGGCGA,2
AGTGGTTTAGATAGTT,2
AGTGTCTAGAAATTTT,2
AGTGTTGACTTGGTTA,2
AGTGTTGGCATGGTTA,2
AGTTCAATAGGCATGG,2
AGTTCCATAGGCACGG,2
AGTTCCATAGGCATAA,2
AGTTCCATAGGCATAG,2
AGTTGGAGTCTCCCTT,2
AGTTGGGGTATCCCTT,2
AGTTGGGGTCTCCCTA,2
AGTTGTGGTCTCCCTT,2
AGTTTGGGTCTCCCTT,2
AGTTTTTATAACTTGA,2
ATAAACGCATGTGCCA,2
ATAACGTTTGTGCAAC,2
ATAACTGAGGGCATCA,2
ATAACTGAGGGTATTG,2
ATAACTTAGGGCATTG,2
ATAACTTTTGTGCAAA,2
ATAAGATTCGGGGGAC,2
ATAAGGATAATCGCGC,2
ATAATTTAAGTATCAA,2
ATACACGAATGTGCCA,2
ATACACGAGGTTATGA,2
ATACACGAGGTTGTAA,2
ATACACGCATGCGCCA,2
ATACACGCATGTGACA,2
ATACACGCATGTGCCT,2
ATACACGCGTGTGCCA,2
ATACGCGCATGTGCCA,2
ATAGAAAATTATCAGC,2
ATAGAATCGAAAATTA,2
ATAGAATTGCAAATTA,2
ATAGGATATATGGGTG,2
ATAGGATATATTGCTG,2
ATAGTCCACCATTGAG,2
ATATAAAAAAATTAGT,2
ATATAAAAAACTGAGT,2
ATATAAAAAACTTGGT,2
ATATACGAGGTTGTGA,2
ATATGATATATGGCTG,2
ATATTTAACAGACGTA,2
ATCAAGTTACGGATGG,2
ATCAATGTCGTAGGAT,2
ATCAGAATAATCGCGC,2
ATCAGCAATGAGTTGT,2
ATCAGGATAATCGCCC,2
ATCAGGATAATCGCGA,2
ATCAGGATAATCGGGC,2
ATCAGGATAATCTCGC,2
ATCAGGGTAATCGCGC,2
ATCAGGTTAATCGCGC,2
ATCATCAAGTTGGTGC,2
ATCCGATTGAAAGGCA,2
ATCCGATTTAAAGACA,2
ATCGCCGCTAATCCGA,2
ATCTGAATTAAGTATG,2
ATGAGGGATTCAACTC,2
ATGGAGGCCTGGCCCC,2
ATGGCCCACGGACATA,2
ATGGCCCACGGGAATA,2
ATGGCCCACGGGCACA,2
ATGGCCCATGGGCATA,2
ATGGGATATATGGCTG,2
ATGGGATTTGAGAAAC,2
ATGGGGAACGGGAAGC,2
ATGGGGCCTCATAATG,2
ATGGTTTTATGTCCAT,2
ATGTCCATTAAGATCA,2
ATTACCATATCTAATA,2
ATTAGATTATAAAGTA,2
ATTAGGCCTACGTGAG,2
ATTAGGGCTACGTAAG,2
ATTAGGTCTACGTGAG,2
ATTAGTGCTACGTGAG,2
ATTATATCCAACACCA,2
ATTATCATATCTAATG,2
ATTATCATATCTAGTA,2
ATTATCGTATCTAATA,2
ATTCCGAATGGCGTAG,2
ATTCCGAATGGGGCAG,2
ATTCCGGATGGGGTAG,2
ATTCGGCTCTTGATTA,2
ATTCTTCTATGGCTAC,2
ATTGGGGCTACGTGAG,2
ATTGTCATATCTAATA,2
ATTGTTGAATAGGCGA,2
ATTTAAATTCTAGGAC,2
ATTTAATCATTATACG,2
ATTTACCCATTATACG,2
ATTTCGAATGGGGTAG,2
ATTTTTCTATGGATAC,2
CAAAAGCAGCACGATG,2
CAAAAGCGGCACGATA,2
CAAAATCTACGGAGAC,2
CAAAATCTACGGCGAA,2
CAAAATCTACGGCGAT,2
CAAAATCTACGGTGAC,2
CAAAGCTTGGCGCATC,2
CAAATAGTGATGAACA,2
CAAATGCGGCATTAGG,2
CAAATGCTACATTAGG,2
CAAATGCTGCATTAGA,2
CAACATCAGCACCTAG,2
CAATTAGAAATACATC,2
CAATTAGAAATATATA,2
CAATTAGAAGTACATA,2
CAATTAGCACTCCCTA,2
CAATTCGCCGTCCCCC,2
CAATTCGCCTTTCCCC,2
CACAGGCTAATGTCTC,2
CACCAATCCTCGAACT,2
CACCAATCTTCGAATT,2
CACCACCAGCACCTAG,2
CACCATAAGCACCTAG,2
CACCATCAGCAACTAG,2
CACCATCAGCACCTGG,2
CACCATCAGCGCCTAG,2
CACCATCATCACCTAG,2
CACCATTAGCACCTAG,2
CACCGCGCCAAGCACC,2
CACCGCGCCGAGTACC,2
CACCTAGCATCGCACT,2
CACCTAGGATCGCACC,2
CACCTAGGATCTCACT,2
CACCTATGATCGCACT,2
CACGGCCAGCGAACTC,2
CACGGCCGGAGAACTC,2
CACGGCCGGCTAACTC,2
CACGGCCTGCGAACTC,2
CACGGGAATTGCCACT,2
CACGGGCTAATGCCTC,2
CACGGGCTAATGTCCC,2
CACGTGGAGCCCAACA,2
CACTAGATGCACAGTC,2
CACTAGATGTACACTC,2
CACTAGGTGTACAGTC,2
CACTATCAGCACCTAG,2
CACTGCGCGGCTCGGG,2
CAGAAACTCGTTGTCT,2
CAGAACCTAGTTGTCT,2
CAGAACCTCGTTGCCT,2
CAGAACCTCGTTGTAT,2
CAGAACCTCGTTGTGT,2
CAGAACCTCGTTTTCT,2
CAGATAGTTATGAACA,2
CAGATGCTGCATTAGG,2
CAGGAATCTCCCATAC,2
CAGGACCTCGTTGTCT,2
CAGGATCTAGAGCTCT,2
CAGGCCCTAGAGCTCT,2
CAGGCTCCAGAGCTCT,2
CAGGCTCTAGAGCGCT,2
CAGGCTCTAGAGCTCA,2
CAGGCTCTAGGGCTCT,2
CAGGGACAAGATTGTA,2
CATAAAAGAATGTATA,2
CATAACCTCGTTGTCT,2
CATACAGAGTTCGTTG,2
CATACAGAGTTTGATG,2
CATACAGAGTTTGCTG,2
CATACAGAGTTTGGTG,2
CATACATAGTTTGTTG,2
CATATAGAGTTTGTTG,2
CATGACCCCCTCCAAC,2
CATGCGAATTGCCACT,2
CATGGGAATGGCCACT,2
CATGGGAATTGACACT,2
CATGGTAATTGCCACT,2
CATGTAGAGCCCAACA,2
CATGTGGAGCCCAACG,2
CATGTGGAGCCCAGCA,2
CATGTGGAGCCGAACA,2
CATGTGGAGTCCAACA,2
CATTAAGAGAAGTGCG,2
CATTGAGACACGCAAG,2
CATTGAGACGAGCAAG,2
CATTGAGACGCGCGAG,2
CATTGATGCATTCCCG,2
CATTTAGACGCACAAG,2
CATTTCTTATGAATTG,2
CCAAAACAAAAAATTA,2
CCAAGCTTGGCACATC,2
CCAAGCTTGGCCCATC,2
CCAATCGGGGGCTAAA,2
CCAATCTTGGCGCATC,2
CCAATTTAAGTATCAA,2
CCACATTAGCGGGAGG,2
CCAGCACAGCGTAGGC,2
CCAGGCTTGGCGCATC,2
CCATATTGCCCGGAAG,2
CCATGGAACTAACTCC,2
CCCAATGTCGTAGGAT,2
CCCCTCATCTAAAGTT,2
CCCTACGAAATAAGCT,2
CCCTACGCGGCTCGGG,2
CCCTATGAAATAAACT,2
CCCTATGAAATAAGCG,2
CCCTATGAGATAAGCT,2
CCCTGAGCGGCTCGGG,2
CCCTGCACGGCTCGGG,2
CCCTGCGCGCCTCGGG,2
CCCTGCGCGGCTCAGT,2
CCCTGTGCGGCTCGTG,2
CCGAACGAAGTAGGAG,2
CCGAACTTGTCGATAT,2
CCGCTTCAACTAAAAA,2
CCGGATAAATCAGAAA,2
CCGGATAAATGAGAAC,2
CCTAGGTATTACATGC,2
CCTCGGTTAAGTTGTG,2
CCTGATAAATCAGAAC,2
CCTGCGTTAAGTTGTG,2
CCTGGAAACGATCCCC,2
CCTGGGCTAAGTTGTG,2
CCTGGGGGAAGTTGTG,2
CCTGGGGTAAGTTGTG,2
CCTGGGTTAAGCTGTG,2
CCTGGGTTAAGGTGTG,2
CCTGGGTTAAGTGGTG,2
CCTTAATGCATTCCCG,2
CCTTAGTCCTCGTATG,2
CCTTGATGCATTCCCC,2
CCTTGATGCATTTCCG,2
CCTTGATGCGTTCCCG,2
CCTTGATGTATTCCCG,2
CCTTGATTCATTCCCG,2
CCTTTCTCGAAACATA,2
CGAAAACATTACGAAT,2
CGAAACACGTCCCAGC,2
CGAAACACGTCCCGGT,2
CGAACCGCAGACAAGT,2
CGAACCGCAGACACAT,2
CGAAGCTTGGCGCATC,2
CGACCCCACGGACGCC,2
CGACTCAACGGACGCC,2
CGACTCCACGGACGCA,2
CGACTCCATGGACGCC,2
CGAGAATCTCCCATAC,2
CGAGACACGTCCCAGT,2
CGCACTTTAAGAGACA,2
CGCACTTTACGGGACA,2
CGCAGCATTGGTCGCT,2
CGCCACACCCTTCCGG,2
CGCGACACCATTCCGG,2
CGCGACACCCTTACGG,2
CGGACAGTGTAATCGA,2
CGGACCTTAGATGGTA,2
CGGACTATAGTTGGCA,2
CGGCAAGGGAATCAAA,2
CGGCCAGGGAACCAAA,2
CGGGAACCTCCCATAC,2
CGGGAATCTCCCATAA,2
CGGGACCCCCTCCAAC,2
CGGGAGTCTCCCATAC,2
CGGGCCCTAGATGGTA,2
CGGGGACAAGACTGTA,2
CGGGGACAAGATCGTA,2
CGGGGACAAGATTGGA,2
CGGGGACAAGATTGTG,2
CGGTCGGGACTCATCG,2
CGGTCGGGACTCGTCT,2
CGGTCGGTACTCATCT,2
CGTAATAGGCGTCACA,2
CGTACAGTGGAATCGA,2
CGTACAGTGTAATAGA,2
CGTACAGTGTAATGGA,2
CGTACAGTGTAATTGA,2
CGTACAGTGTAGTCGA,2
CGTAGGTATTATATGC,2
CGTGACCCCCTCCACC,2
CGTGACCCCCTCCAGC,2
CGTGACCCCCTCTAAC,2
CGTGACCCCCTTCCGG,2
CGTGACCCTCTCCAAC,2
CGTGCACCCTTCAGCA,2
CGTGGACAAGATTGTA,2
CGTGGACCCTTCAGCA,2
CGTGTACCATTCAGCA,2
CGTGTACCCATCAGCA,2
CGTGTACGCTTCAGCA,2
CGTGTAGCCTTCAGCA,2
CGTTAAGCGATAACGG,2
CGTTCAGCGATAACTG,2
CGTTCAGCGATAATGG,2
CGTTCAGTGATAACGG,2
CGTTGAGCGATAACGG,2
CTAAACTTATCTGTGG,2
CTAATTTAAGTATCAG,2
CTAATTTAAGTATTAA,2
CTAATTTAGGTATCAA,2
CTAATTTTAGTATCAA,2
CTACGAATTTGATTCC,2
CTAGAACAGCGTAGGC,2
CTAGCACAGCATAGGC,2
CTATAAACCGTTTTTA,2
CTATAAATTATAGTCT,2
CTATACCTGCAGTTGA,2
CTATATTAATCCACAG,2
CTATATTGCCCCGAAG,2
CTATATTGCCCGGAAC,2
CTATATTGCCCGGATG,2
CTATATTGCGCGGAAG,2
CTATCTCAATCTACAG,2
CTATCTTAATCTACAA,2
CTATCTTAATCTACGG,2
CTATCTTAATCTACTG,2
CTATCTTAATCTATAG,2
CTATTAGAAATACATA,2
CTATTTAACAAACGTA,2
CTATTTAACAGAGGTA,2
CTATTTAACGGACGTA,2
CTATTTAGCAGACGTA,2
CTCAAATAATTGGCGA,2
CTCAAATAATTGGGGC,2
CTCAATGTCGTTGGAT,2
CTCAGCATTGGTCGCC,2
CTCCTAGGGGAAGATT,2
CTCCTAGGGGACGACT,2
CTCCTAGGGGACTATT,2
CTCCTCCTCTAAAGTT,2
CTCGACACCCTTCCGG,2
CTCTGCGCGGCTCGGG,2
CTGAACCTATCTGTGG,2
CTGAACTTATCCGTGG,2
CTGAACTTATCTATGG,2
CTGAACTTATCTGCGG,2
CTGAACTTATCTGTAG,2
CTGAACTTATCTGTTG,2
CTGAACTTATCTTTGG,2
CTGAACTTGTCTATAT,2
CTGAATGTCGTAGGAT,2
CTGAGATGCCAATAAG,2
CTGAGCTGCAAATAAG,2
CTGAGCTGCCAATAAT,2
CTGAGCTGCCAATGAG,2
CTGAGCTGCCAGTAAG,2
CTGAGCTGTCAATAAG,2
CTGAGGGATTAAACTC,2
CTGAGTGATTCAACTC,2
CTGATGGATTCAACTC,2
CTGCATCCTAGTGACG,2
CTGGACCTGCAGTTGA,2
CTGGAGGCCCGGCCCC,2
CTGGAGGCCTGGACCC,2
CTGGAGGCCTGGTCCC,2
CTGGATAAATCAGAAC,2
CTGGGATTGGAGAAAC,2
CTGGTATCAAGCCGGG,2
CTGTACCTCCAGTTGA,2
CTGTAGGCCTGGCCCC,2
CTGTATTGCCCGGAAG,2
CTGTCGGGACTCATCT,2
CTGTGCCTGCAGTTGA,2
CTGTTTAACAGACGTA,2
CTTACAGAATAATAGA,2
CTTACAGAATACGAGA,2
CTTACAGTGTAATCGA,2
CTTACTGCTCGAGAGT,2
CTTAGGTATTATATGA,2
CTTAGGTATTATATGG,2
CTTATATCCAACACCA,2
CTTATGTATTATATGC,2
CTTCAGCGTTGTTTTG,2
CTTCGACTCTTGATTA,2
CTTCGGCTATTGATTA,2
CTTCGGCTCGTGATTA,2
CTTCGGCTCTCGATTA,2
CTTCGTCTCTTGATTA,2
CTTGAGGCCTGGCCCC,2
CTTGGGTTAAGTTGTG,2
CTTTAAATTATAGGCT,2
CTTTAAATTATAGTCA,2
CTTTAAATTATGGTCT,2
CTTTAAATTGTAGTCT,2
CTTTTATAGTACGCTT,2
CTTTTCTAGTACGCTC,2
GAAAGCCCTGTGCAAT,2
GAAAGTCCCTATGACA,2
GAAATCCCCAAATAAT,2
GAACCCTTGTAAGATG,2
GAAGAAACGATAACCA,2
GAAGAAACTATAAACA,2
GAAGAAACTATAACAA,2
GAAGAAACTATAGCCA,2
GAAGAAACTGTAACCA,2
GAAGCGCGTATTGAGT,2
GAAGGCCCCGTGCAAT,2
GAAGTACACTGAATGA,2
GAAGTACGCTAAATGA,2
GAAGTACGCTGAATGT,2
GAAGTACGTATTGAGT,2
GAAGTGCGTATTGAAT,2
GAAGTGCGTATTGAGG,2
GAAGTGCTGATGAAGT,2
GAAGTGCTGCTTAAGT,2
GAAGTGCTTATTGAGT,2
GAAGTGTTGCTGAAGT,2
GAAGTTCGTATTGAGT,2
GAATAAACTATAACCA,2
GAATAATAGAACAGAA,2
GAATAATGGAACAGAG,2
GAATTACGCTGAATGA,2
GAATTGCGTATTGAGT,2
GACAAAAAGGACATAT,2
GACAAAAGGGGCATAT,2
GACAGGATGGGCACGT,2
GACCACGCAGAAAAAG,2
GACCCCTTGTAAGATA,2
GACCCCTTGTAAGGTG,2
GACGAGATGGGCACGT,2
GACGGGATGTGCACGT,2
GACTGATAACCCTGCG,2
GAGAAGTTTCATAGCG,2
GAGAGCGGCAGAAGCG,2
GAGAGCTGCAAAAGCG,2
GAGAGCTGCAGAAGCC,2
GAGAGCTGCAGAGGCG,2
GAGAGCTGCATAAGCG,2
GAGAGGTAGAGATACG,2
GAGAGTTGCAGAAGCG,2
GAGCTTGCTATGGACC,2
GAGCTTGCTATGGATA,2
GAGCTTGCTATGTATC,2
GAGGAAACTATAACCA,2
GAGGAGATACGTCACC,2
GAGGCTCTAGAGCTCT,2
GAGGGATAGAGATACG,2
GAGGGCTGCAGAAGCG,2
GAGGGGAACGGGAAGC,2
GAGGGGACACGTCACC,2
GAGGGGATACGCCACC,2
GAGGGGATATGTCACC,2
GAGGGGCCTCATAATG,2
GAGGGGTAGAGATACT,2
GAGGGGTATAGATACG,2
GAGGTGATACGTCACC,2
GAGTAATAGAACAGAG,2
GAGTATTGCTACACAT,2
GAGTGGTAGAGATACG,2
GATCACGAAGAAAAAG,2
GATCACGCAGAAAGAG,2
GATCACGCATAAAAAG,2
GATCATGCAGAAAAAG,2
GATCGCCATCGACCCC,2
GATCGCCATCGACTTA,2
GATCGCCATTGACTTC,2
GATCGCTATCGACTTC,2
GATCGTCATCGACTTC,2
GATCGTGGGGAGAGTC,2
GATGCGAGCATGTCAA,2
GATGGCCATCGACTTC,2
GATGGGATACGTCACC,2
GATGGGTAGAGATACG,2
GATTCAGATACCCACC,2
GATTCAGATGACCACC,2
GATTCAGATGCACACC,2
GATTCAGATGCCCACT,2
GATTCATATGCCCACC,2
GCAAACAGTGTAGTCA,2
GCAAACAGTGTAGTCG,2
GCAAACAGTGTAGTTA,2
GCAAACAGTGTATTTG,2
GCAAACGGTGTAGTTG,2
GCAAAGAGGTGTAACC,2
GCAACGAGGTGTAGCC,2
GCAAGCAGTGTAGTTG,2
GCAAGCTTGGCGCATC,2
GCAGCGAGGTGTAACC,2
GCAGCGTGCCGATCAT,2
GCAGCGTGCCGGCCAT,2
GCAGCGTGCCGGTCAA,2
GCATAAAGGATCATGA,2
GCATACTCAACTCCTA,2
GCATGAAACTAACTCC,2
GCATGCAACTAACTCC,2
GCATGGAACTAACACC,2
GCATGGAAGTAACTCC,2
GCATTTGCGCGCAGTC,2
GCCAGCTCGTACCCCT,2
GCCAGCTCGTATCTCT,2
GCCATTCACTGAAGGG,2
GCCATTTACTGAAGAA,2
GCCATTTACTGAAGAG,2
GCCGAATGAATCATCC,2
GCCGGCGTTAGTATCA,2
GCCTAAAGGATCATGG,2
GCCTAAGGGATCATGA,2
GCCTATGAAATAAGCT,2
GCCTTGGCGCGCAGTC,2
GCCTTTGCACGCAGTC,2
GCCTTTGCGCGCAATC,2
GCCTTTGCGCGCAGTA,2
GCCTTTGCGCGCATTC,2
GCGAAGCTTCATAGCG,2
GCGAAGTTTCATAGCT,2
GCGAAGTTTCGTAGCG,2
GCGAGGTTTCATAGCG,2
GCGCGATTGTCCGGAA,2
GCGTCCATTAAGATCA,2
GCGTGGAACTAACTCC,2
GCGTGTCTCCGAGCAA,2
GCTAGCTCGTATCCCT,2
GCTGGCGTTAGTGTCA,2
GGCCCATGCTGGGGAT,2
GGCGACACCCTTCCGG,2
GGCTGAATTAAGTATG,2
GGGGGACAAGATTGTA,2
GGTCCATATCAGATCG,2
GGTCCGTCTCAGATCG,2
GGTCGCCACTGATAAG,2
GGTCGCCATCGACTTC,2
GGTCTATCTCAGATCG,2
GGTGTTGAATAGGCGA,2
GGTTAACTTTGGAAGA,2
GGTTAACTTTGTAAGC,2
GTAAGCAAAGCTGACC,2
GTAAGCAAAGGTGACC,2
GTAAGCAAAGTGGACC,2
GTAAGCAAAGTTGACG,2
GTAAGCAAAGTTGAGC,2
GTAAGCATAGTTGACC,2
GTAAGCCCCGTGCAAT,2
GTAAGCTTCATGAAGT,2
GTAAGCTTCATGGAAC,2
GTAAGCTTCATGGAAT,2
GTAAGCTTCATGGGGT,2
GTAATTCGCATGCTGA,2
GTAATTTGCATGCGGA,2
GTACAAACCTGCAATT,2
GTACAAAGCTGCAAAT,2
GTACAAGCCTGCAAAT,2
GTACCCACTTCCTGCG,2
GTACCCAGTCCCTGCG,2
GTACCCAGTTCCTGCC,2
GTACCCAGTTCGTGCG,2
GTACCCGGTTCCTGCG,2
GTACGAATTTGATTCC,2
GTACTCAGTTCCTGCG,2
GTAGAAACCTGCAAAT,2
GTAGAACTGCCGCCCC,2
GTAGAACTGCGGCTCC,2
GTAGAACTGCGTAGGC,2
GTAGATACCAGGACCA,2
GTAGATACTAGGAACA,2
GTAGATACTAGGACAA,2
GTAGATACTAGGACCC,2
GTAGGATATATGGCTG,2
GTATAACTGCGGCCCC,2
GTATATTGCCCGGAAG,2
GTCAAGTTACGGATGC,2
GTCAAGTTATGGATGG,2
GTCAATTTACGGATGG,2
GTCATTTACTGAAGGG,2
GTCGCATCCTGAAATG,2
GTCGCATCCTGGAGTG,2
GTCGCATCCTTGAATG,2
GTCGCCGCTAATCCGT,2
GTCGCGTCCTGGAATG,2
GTCGCTGCGGCGTGTG,2
GTCTCATCCTGGAATG,2
GTCTTTGCGCGCAGTC,2
GTGAATCCTAGTGACG,2
GTGAGCGAGAAAAGCG,2
GTGAGCGAGAAAGGCA,2
GTGAGCGCGGTAAGAG,2
GTGCATCCTAGTGAAG,2
GTGCATCCTAGTGACT,2
GTGCATCCTAGTTACG,2
GTGCGATTGTCCGGAT,2
GTGCGGTTGTCCGGAA,2
GTGGGGAACGGGAAGC,2
GTGGGGATACGTCACC,2
GTGGTACCAAGCCGGG,2
GTGGTATCAAGCCACT,2
GTGGTATCAAGCCGGT,2
GTGGTATCAATCCGGG,2
GTGTACCTGCAGTTGA,2
GTTAGATTATAACGTA,2
GTTATTATGACCTCAT,2
GTTCAAACCTGCAAAT,2
GTTCGATTGTCCGGAA,2
GTTGCATCCTGGAATG,2
GTTGCCGCTAATCCGA,2
GTTGCTCCAACACGCC,2
GTTGCTCCGACACACC,2
GTTGCTCCGACGCGCC,2
TAAAAAGCCCCCATGA,2
TAAAAAGCCTACATGA,2
TAAAAAGCCTCAATGA,2
TAAAAAGCCTCCATAC,2
TAAAAAGCCTCCATTA,2
TAAAAGCAGCACGATA,2
TAAATCGGGGGCTAAA,2
TAACGTGACTTCTCGA,2
TAACGTGATCTCTCGA,2
TAACGTGATTTCTCTA,2
TAACGTGATTTCTTGA,2
TAACGTGGTTTCTCGA,2
TAACTGCTGCGGAACG,2
TAATAAGACAGCAAGA,2
TAATCTTTTACATTTA,2
TACAAAAGGGACATAT,2
TACAGTGGTATACATA,2
TACATACCGACGCACT,2
TACATACTGACGCAGT,2
TACATGCTGCGGAACG,2
TACCTGCTGCGGACCA,2
TACTAACAATAAAATC,2
TACTAATCCCGTTGTC,2
TACTAGCAATAAAACC,2
TACTAGCAATAAAATA,2
TACTAGCAATAGAATC,2
TACTGATAAACCTGCG,2
TACTGATAACCCGGCG,2
TACTGATAATCCTGCG,2
TACTGGCAATAAAATC,2
TACTTATAACCCTGCG,2
TAGCAGTGTCGGAAAG,2
TAGCATCGTCGGAAAG,2
TAGCATTGTCGCAAAG,2
TAGCGTTGTCGGAAAG,2
TAGCTCCTGAGTAGTA,2
TAGCTGGTAGTAACTC,2
TAGCTTGCTATGGATC,2
TAGGGCACTAAATTAA,2
TAGTCCGTTGGGAACT,2
TAGTCGCACTACTGCT,2
TATATTAGTAAAATAA,2
TATCAAGAGAAGTGCG,2
TATCACGCAGAAAAAG,2
TATCCAAGGGAAGGAC,2
TATCTTGGGGAGAGTC,2
TATGGGAATTGCCACT,2
TATGTCGTATACACAG,2
TATGTCGTATCCAAAG,2
TATGTCGTATCCACAT,2
TATGTCGTATCCATAG,2
TATGTCGTGTCCACAG,2
TATTAAGAAAAGTGCG,2
TATTAAGAGAAGGGCG,2
TATTAAGAGAAGTGGG,2
TATTAAGAGGAGTGCG,2
TATTGAGAGAAGTGCG,2
TATTGAGCCAGTCTGA,2
TCAAACGAAGTAGGAG,2
TCAACACAAAAAATTA,2
TCAACGAGGTGTAACC,2
TCAATAGGGGGCTAAA,2
TCAATCGGGGGCTAAT,2
TCAATCGGGGGCTATA,2
TCAATTACTAGCCGGA,2
TCAGCGTGCCGGTCAT,2
TCATGGGTGTACGAGG,2
TCATGGTTGTACGAGA,2
TCCAACGCGGTAAGAG,2
TCCAGCCCGGTAAGAG,2
TCCAGCGCGGTGAGAG,2
TCCAGCGCGTTAAGAG,2
TCCATCAAGTTGGTGC,2
TCCCCCGGAGCTTGGC,2
TCCCCGTGGTTTTACA,2
TCCCCTTGGTTTGACA,2
TCCCTCCTCTAAAGTT,2
TCGAACAAAGTAGGAG,2
TCGAACGAAGTAGGAC,2
TCGAAGTTTCATAGCG,2
TCGAGTTAATGTGCGC,2
TCGATTACTAGCCAGA,2
TCGATTACTAGCCGGT,2
TCGATTACTAGCCGTA,2
TCGATTACTAGCCTGA,2
TCGATTACTAGCTGGA,2
TCGCAAATAGACCGAA,2
TCGCCCGTTGGGAACT,2
TCGCCTCAACTAAAAA,2
TCGCTTCAAATAAAAA,2
TCGCTTCAGCTAAAAA,2
TCGGGCACTAAATTAA,2
TCGGGGATTGGCTGTT,2
TCGTAGCACTACTGCT,2
TCGTCCATTGGGAACT,2
TCGTCCGTTGGGAACA,2
TCGTCCGTTGGGAAGT,2
TCGTCCGTTGGTAACT,2
TCGTCGCACCACTGCT,2
TCGTCGCACTACTCCT,2
TCGTTGCACCACTGCT,2
TCTAACCCTCGCGGCA,2
TCTAACTCCCGCGGCA,2
TCTAACTCTCGCGGGA,2
TCTAACTCTCTCGGCA,2
TCTAAGTCCTCGTATG,2
TCTAGCGCGGTAAGAG,2
TCTAGCTCTCGCGGCA,2
TCTAGTTAATATGCGC,2
TCTATATCCAACACCA,2
TCTCAGCGTTGTTTTG,2
TCTCTTCAACTAAAAA,2
TCTGAGAGTGAACGAT,2
TCTGGAAACGATCCAC,2
TCTGGAAACTATCCCC,2
TCTGTAAACGATCCCC,2
TCTGTCTAGAAATTTT,2
TCTTAGAGTGAACTAT,2
TCTTAGAGTGAGCGAT,2
TCTTAGTCCTCGTATT,2
TCTTAGTCTTCGTATG,2
TCTTATAGTGAACGAT,2
TCTTATTAAGCGGCAT,2
TCTTATTAGGAGGCAT,2
TCTTATTAGGCAGCAT,2
TCTTATTAGGCGGTAT,2
TCTTATTGGGCGGCAT,2
TCTTCACCACTGCATC,2
TCTTGACAGAGCGATG,2
TCTTGACATAGCGACA,2
TCTTGACATAGCGATA,2
TCTTGACATAGCTATG,2
TCTTGACATAGGGATG,2
TCTTTACCACTGCGTC,2
TGACAACAATAAAAAT,2
TGAGGTGGTCGATCCG,2
TGAGTTCATAGCGCCA,2
TGAGTTCATAGCTCCG,2
TGATCTGTGACATTGT,2
TGATCTTCTACATTTA,2
TGATCTTTTAAATTTA,2
TGATCTTTTACATCTA,2
TGATCTTTTACATTTT,2
TGATCTTTTACGTTTA,2
TGCAATAGGCGTCACA,2
TGCACTTTACGAGACA,2
TGCAGGGGTATACATA,2
TGCAGTGGTATAAATA,2
TGCAGTTGTATACATA,2
TGCATAGGGATATGTG,2
TGCCATTCCGGCGCGG,2
TGCCCTGCAAGCCACT,2
TGCGGTGGTCAATCCG,2
TGCGGTGTTCGATCCG,2
TGCTACTCCGGCGCGG,2
TGCTATCCCGGCGCGG,2
TGCTATTCCGGTGCGG,2
TGCTATTTCGGCGCGG,2
TGCTGTTCCGGCGCGG,2
TGGAATCATCACCGAT,2
TGGAATCGTCACCGAG,2
TGGAATCGTCACTGAT,2
TGGAGTGGTATACATA,2
TGGCATTGTCGGAAAG,2
TGGGATCGTCACCGAT,2
TGGTCGGGACTCATCT,2
TGTAATAAGCGTCACA,2
TGTAATAGGCGTCACT,2
TGTAATAGGCTTCACA,2
TGTAATATGCGTCACA,2
TGTACAGTGTAATCGA,2
TGTCAGGATAAAGTAG,2
TGTCCGGATAAAGGAG,2
TGTGGAGCGCCCCTAC,2
TGTGGAGCGCCCTCAC,2
TGTGTCGTATCCACAG,2
TGTTATTCCGGCGCGG,2
TGTTGAGCCAATCTGA,2
TGTTGAGCCAGTCTGT,2
TGTTGAGCCAGTCTTA,2
TGTTGAGTCAGTCTGA,2
TGTTGGGCCAGTCTGA,2
TGTTGGGGTCTCCCTT,2
TGTTGTAATCTAAATA,2
TGTTGTAATCTGAACA,2
TTAAAAAAATCATAAA,2
TTAATGTAGCCGCTCA,2
TTAATGTATCCGCTCC,2
TTACCCAGTTCCTGCG,2
TTACCTGTAGAGCGCT,2
TTACGAATTCGATTCC,2
TTACGAATTTGATTAC,2
TTACGAATTTGATTTC,2
TTACGAATTTTATTCC,2
TTACTCCTGAGTAGTA,2
TTAGTTCATAGCTCCA,2
TTATATGTAGAGCGCT,2
TTATATTGCCCGGAAG,2
TTATCTGCAGAGCGCT,2
TTATCTGTAAAGCGCT,2
TTATCTTTTACATTTA,2
TTATGGGTGTACGAGA,2
TTCACCAAGTTGGTGC,2
TTCATCAAGTCGGTGC,2
TTCTATCCAGACTCGT,2
TTCTGTCAAGACTAGT,2
TTGAACGAAGTAGGAG,2
TTGAGGGATTCAACTC,2
TTGCAATTGAAATATA,2
TTGCAATTGGAACATA,2
TTGCGATTGTCCGGAA,2
TTGCTCCCGAGTAGTA,2
TTGGCGAACGGGAAGC,2
TTGGGCAATAAATTAA,2
TTGGGCACTAAGTTAA,2
TTGGGCACTAGATTAA,2
TTGGGCATTAAATTAA,2
TTGGGGAACGCGAAGC,2
TTGGGGAACGGTAAGC,2
TTGGGGAACTGGAAGC,2
TTGGGGAAGGGGAAGC,2
TTGGGGGACGGGAAGC,2
TTGGTCACTAAATTAA,2
TTGTACCAGTCGCGCC,2
TTGTACCTGCAGTTGA,2
TTGTATCACTCGCGCC,2
TTGTATCAGTCTCGCC,2
TTTAAGCGTTGTTTTG,2
TTTAGGGCTACGTGAG,2
TTTAGGTATTATATGC,2
TTTATATCCAACACTA,2
TTTATATCCAACGCCA,2
TTTCACACAACCTATC,2
TTTCACAGAACCCATC,2
TTTCACAGAACCGATC,2
TTTCACAGAGCCTATC,2
TTTCACATAACCTATC,2
TTTCAGCGTGGTTTTG,2
TTTCAGCGTTGCTTTG,2
TTTCAGCGTTGTGTTG,2
TTTCAGCGTTGTTTCA,2
TTTCAGTGTTGTTTTG,2
TTTGGAAACGATCCCC,2
TTTTGAGCCAGTCTGA,2
AAAAAAGGGAGGAAAA,1
AAAAAATTAATGACAA,1
AAAAAATTGAGGACAA,1
AAAAAATTGATGACAA,1
AAAAAATTTAGGACAA,1
AAAAAATTTATAACAA,1
AAAAAATTTATCACAA,1
AAAAACCGAGTGACCG,1
AAAAAGACTTTGTGAT,1
AAAAATCTACGGCGAC,1
AAACCCATAAGACACC,1
AAACCCATAAGACTCC,1
AAACCCATAAGAGCCC,1
AAACCCATAGGACCCC,1
AAACGGTGATGTGATT,1
AAACTACGAGACGTAA,1
AAAGACCGTTAACTCT,1
AAAGACCTTTAACCCT,1
AAAGACCTTTAACTAT,1
AAAGCCCTTTTCGTTC,1
AAAGCGCTTTTCGTTC,1
AAAGCTAAAAAGAGGA,1
AAAGCTCCTTTCGTTC,1
AAAGCTCTTTTAGTTC,1
AAAGCTCTTTTCATTC,1
AAAGCTCTTTTCGTTA,1
AAAGCTCTTTTCGTTG,1
AAAGCTCTTTTCGTTT,1
AAAGCTCTTTTTGTTC,1
AAAGCTTTTTTCGTTC,1
AAAGGCCTTTAACTCT,1
AAAGGCGCGCCCTCAA,1
AAAGGCGCGCCTGCAA,1
AAAGGCGCGCCTTCGA,1
AAAGGGCTAATGTCTC,1
AAAGTAGAAGAGGATT,1
AAAGTAGCAGAGGGTT,1
AAAGTGCGTATTGAGT,1
AAAGTGCTGCTGAAGT,1
AAAGTTGTACACACCA,1
AAATAATAGAACAGAG,1
AAATATTTCTACACAT,1
AAATCCTGGGGTATCA,1
AAATCTCTTTTCGTTC,1
AAATGCGCGCCTTCAA,1
AAATTCAAAATATCCA,1
AAATTCACAACATCCA,1
AAATTCACAATACCCA,1
AAATTCACAATAGCCA,1
AAATTCACAATATCGT,1
AAATTCACAATATCTA,1
AAATTCACAATGTCCA,1
AAATTCACAGTATCCA,1
AAATTCACGATATCCA,1
AACAAGAGAGGGGTCC,1
AACACAGAACCCATGC,1
AACACGGAGAACCGCC,1
AACACGTAGAACCGGC,1
AACACGTAGAACCGTC,1
AACACGTAGAAGCGCC,1
AACACGTAGAATCGCC,1
AACACGTAGGACCGCC,1
AACAGAAGACCATGTA,1
AACAGAAGGCCATGTA,1
AACAGAAGGGACATAT,1
AACAGAAGTACATGTA,1
AACAGAAGTCCTTGTA,1
AACAGAAGTCTATGTA,1
AACAGTAATGAGTTGT,1
AACATAGGGATATGTG,1
AACATGTAGAACCGCC,1
AACCACACCAGAGATG,1
AACCACCCCAGAGGTG,1
AACCACCGAGGGACCG,1
AACCACCGAGTGACAA,1
AACCACGCAGAAAAAG,1
AACCACTCCAGAGATG,1
AACCCACGAGACGTAA,1
AACCGTACCGCGTCTA,1
AACCGTACCGCGTTCA,1
AACCGTACCGCGTTTT,1
AACCGTACCTCGTTTA,1
AACCTACGAGACTTAA,1
AACCTCCGTCGCCTGA,1
AACCTTACCGCGTTTA,1
AACGAATGAATCATCC,1
AACGACAAACACTAAG,1
AACGACAAACAGCAAG,1
AACGACAAACAGTACG,1
AACGACAATCAGTAAG,1
AACGATTCACGAATAA,1
AACGGGTCCGACGAAG,1
AACGGTCCCGACTAAG,1
AACGGTTCCGAATAAG,1
AACGGTTCCGACAAAT,1
AACGGTTCCGACTAGG,1
AACGGTTCCGACTATG,1
AACTACGTTCATCGAT,1
AACTAGATGTACAGTC,1
AACTCGTGAGTACTAG,1
AACTGCGCTCATCGAT,1
AACTGCGTTAATCGAT,1
AACTGCGTTCACCGAT,1
AACTGCGTTCATCGTT,1
AACTGCGTTCATCTAT,1
AACTGCGTTTATCGAT,1
AACTGTTCCGACTAAG,1
AACTTCCCAGACTGCT,1
AACTTCCCTGGCTGCT,1
AACTTCCGTCCCCTGA,1
AACTTCCGTCGCCTGT,1
AACTTCTCTGACTGCT,1
AAGAAGACTTTGGGAT,1
AAGAAGACTTTGTGAG,1
AAGAAGACTTTGTGGT,1
AAGAAGACTTTGTTAT,1
AAGAAGACTTTTTGAT,1
AAGAAGCGATAGAAGT,1
AAGAAGCTACAGAAGT,1
AAGAAGCTATAGAAAT,1
AAGAAGCTATAGAAGG,1
AAGAAGGCTTTGTGAT,1
AAGAATTAGCGGGAGG,1
AAGAGAAGTCCATGTA,1
AAGAGGACTTTGTGAT,1
AAGATCCCTATGTAAT,1
AAGATCGATTGAAGTT,1
AAGATGACTTTGTGAT,1
AAGATTAATTGAAGTT,1
AAGATTGATGGAAGTT,1
AAGATTGATTGAAGCT,1
AAGATTGATTGAAGTC,1
AAGATTGTTTGAAGTT,1
AAGCAGTGATGTGATT,1
AAGCATTGCTACACAT,1
AAGCATTGTCGGAAAG,1
AAGCCCAGCGGGCGAC,1
AAGCCCAGCGGGGGAT,1
AAGCCCAGCGGGTGAC,1
AAGCCCAGCGGTTGAT,1
AAGCCCAGGGGGTGAT,1
AAGCCCATCGGGTGAT,1
AAGCCCATCGGGTTAT,1
AAGCCCATCTGGTGAT,1
AAGCCCGTAAGGACTA,1
AAGCGCTGGCACCCGT,1
AAGCGGCGATGTGATT,1
AAGCGGGGAGGGGATT,1
AAGCGGGGATGTGATT,1
AAGCGGTGATATGATT,1
AAGCGGTGATGCGATT,1
AAGCGGTGATGTGACT,1
AAGCGGTGATGTGATA,1
AAGCGGTGATGTGATC,1
AAGCTAAGAGAAAGTT,1
AAGGACCCTATGTAAT,1
AAGGAGACTTTGTGAT,1
AAGGAGTGAGTACTAG,1
AAGGATGATTTTCGAG,1
AAGGATTGCTACACAT,1
AAGGGATGCATTCCCG,1
AAGGGGAACGGGAAGC,1
AAGGGGCCACATAATG,1
AAGGGGCCTCAGAATG,1
AAGGGGCCTCATAAAG,1
AAGGGGCCTCATAAGG,1
AAGGGGCCTCATAATA,1
AAGGGGCTTCATAATG,1
AAGGGTCCTCATAATG,1
AAGGGTTCCGACTAAG,1
AAGGTAAGAGAAAGTG,1
AAGGTACCTATGTAAT,1
AAGGTAGTAGACCCAC,1
AAGGTCCCGATGTAAT,1
AAGGTCCCTACGTAAT,1
AAGGTGCCTCATAATG,1
AAGGTTGATTGAAGTT,1
AAGGTTGTGAGGGAAG,1
AAGTATCGCTACACAT,1
AAGTATTACTACACAT,1
AAGTATTTCTACACAT,1
AAGTCAGTAGACCCAC,1
AAGTGGCCTCATAATG,1
AAGTTAAGAGAAAATT,1
AAGTTAAGAGAAGGTT,1
AAGTTAAGAGAGAGTT,1
AAGTTAAGAGATAGTT,1
AAGTTAGGAGACCCAC,1
AAGTTAGTAAACCCAC,1
AAGTTAGTAGACCCAT,1
AAGTTAGTAGACCCGC,1
AAGTTAGTAGACCGAC,1
AAGTTAGTAGACCTAC,1
AAGTTAGTAGATCCAC,1
AAGTTAGTATACCCAC,1
AAGTTATTAGACCCAC,1
AAGTTGGTAGACCCAC,1
AATCACCGAGTGACCG,1
AATCCGAAATTTATTA,1
AATCCGAATGGGGTAG,1
AATCCGTGAGTACTAG,1
AATCGCGGGCACCCGT,1
AATCGCTGCCACCCGT,1
AATCGCTGGCAATCGT,1
AATCGCTGGCACCGGT,1
AATCGTTTAGATAGTT,1
AATCTCTGTCACCCGT,1
AATCTGGCTCGCTAAT,1
AATGAAACAATCGGAC,1
AATGAAACAGTCGAAC,1
AATGAAACGATCGAAC,1
AATGAAAGAATCGAAC,1
AATGAAGCAATCGAAC,1
AATGAATCAATCGAAC,1
AATGAGAGCATGTCAA,1
AATGCCAGCATGTCAA,1
AATGCGAGCACGTCAA,1
AATGCGAGCATATCAA,1
AATGCGAGCATGCCAA,1
AATGCGAGCATGTGAA,1
AATGCGAGCGTGTCAA,1
AATGCGATCATGTCAA,1
AATGCGTGAGGACTAG,1
AATGCGTGAGTACTAG,1
AATGGGAGCATGTCAA,1
AATGTAGAGGGTGGTG,1
AATGTCCCTATGTAAT,1
AATGTCGTATCCACAG,1
AATGTTGGCTTGGTTA,1
AATTAAACACTCGCAC,1
AATTAAGAGAAGTGCG,1
AATTAGTGAGTACTAG,1
AATTCATGAGTACTAG,1
AATTCGAGCATGTCAA,1
AATTCGTGACTACTAG,1
AATTCGTGAGCACTAG,1
AATTCGTGAGTAATAG,1
AATTCGTGAGTACTAC,1
AATTCGTGAGTACTCC,1
AATTCGTGGGTACTAG,1
AATTCTTGAGTACTAG,1
AATTGGGGTCTCCCTT,1
AATTGGTGAGTACTAG,1
AATTTCTGATGAATTG,1
ACAAACTCTCGAGAAG,1
ACAAAGCCTCGAGAAG,1
ACAAAGGCTCGAGAAG,1
ACAAAGTCCCGAGAAG,1
ACAAAGTCGCGAGAAG,1
ACAAAGTCTAGAGAAG,1
ACAAAGTCTCCAGAAG,1
ACAAAGTCTCGACAAG,1
ACAAAGTCTCGAGAGG,1
ACAAAGTCTCGGGAAG,1
ACAAAGTCTCTAGAAG,1
ACAAATTCTCGAGAAG,1
ACAACAGTCCTAGCAA,1
ACAACGAGGTGTAACC,1
ACAAGATCCGGGGGAC,1
ACAAGATTCGGGCGAC,1
ACAAGATTCGGGGAAC,1
ACAAGATTCGGGGGAT,1
ACAAGGGTTGGCTGTA,1
ACAATCCACCATTGAG,1
ACAATCTCAACCATAC,1
ACAATCTGAACCAGAC,1
ACAATCTGAACCATCC,1
ACAATCTGAACCGTAC,1
ACAATCTGAACGATAC,1
ACAATCTGATCCATAC,1
ACAATCTGGACCATAC,1
ACACACGCATGTGCCA,1
ACACAGGTTGGCTGTA,1
ACACCCGGAGCTTGGC,1
ACACGGGGTGGCTGTA,1
ACACGGGTGTACGAGA,1
ACACGGGTTAGCTGTA,1
ACACGGGTTGCCTGTA,1
ACACGGGTTGGCTGTC,1
ACACGGGTTTGCTGTA,1
ACACGGTTTGGCTGTA,1
ACAGACCACCATTGAG,1
ACAGCACGATCTACGC,1
ACAGGATATATGGCTG,1
ACAGGATTCGGGGGAC,1
ACAGGCCACCATTGAG,1
ACAGTAAGATCTACGC,1
ACAGTACAATCTACGC,1
ACAGTACACCATTGAG,1
ACAGTACGACCTACGC,1
ACAGTACGATCCACGC,1
ACAGTACGATCTACTT,1
ACAGTCAACCATTGAG,1
ACAGTCCACCATTCAG,1
ACAGTCCACCATTGAT,1
ACAGTCCACCATTGGG,1
ACAGTCCACCATTTAG,1
ACAGTCCATCATTGAG,1
ACAGTCCGCCATTGAG,1
ACAGTGCACCATTGAG,1
ACAGTTGTACACACCA,1
ACATCCCAGGTCCTTT,1
ACATGATTCGGGGGAC,1
ACATTCTCCAATAGGT,1
ACATTTTCCGATAGGT,1
ACATTTTTCAATAGGT,1
ACCAGCAAGGAGTTGT,1
ACCAGCAATGAGGTGT,1
ACCAGCGATGAGTTGT,1
ACCAGGAATGAGTTGT,1
ACCAGTAATGAGTTGT,1
ACCCCCCGAGCTTGGC,1
ACCCCCGCAGCTTGGC,1
ACCCCCGGAACTTGGC,1
ACCCCCGGACCTTGGC,1
ACCCCCGGAGCTTGGG,1
ACCCCGGGAGCTTGGC,1
ACCCGATTTAAAGGCA,1
ACCCTCCTCTAAAGTT,1
ACCGAAGGAATCATCC,1
ACCGAATAAATCATCC,1
ACCGAATGAACCATCC,1
ACCGAATGAATCATCG,1
ACCGAATGAATCATGC,1
ACCGAATGAATCATTC,1
ACCGAATGAATCGTCC,1
ACCGAATGACTCATCC,1
ACCGAATGAGTCATCC,1
ACCGACTCACGAATAA,1
ACCGATTCACAAATAA,1
ACCGATTCACGAACAA,1
ACCGATTCACGAAGAA,1
ACCGATTCACGAGTAA,1
ACCGATTCACGGATAA,1
ACCGATTCGCGAATAA,1
ACCGGAAGTTTCCAAG,1
ACCGGATGAATCATCC,1
ACCGGCGTTAGTGTCA,1
ACCGGTAATGAGTTGT,1
ACCGGTTCACGAATAA,1
ACCGTTGTACACACCG,1
ACCGTTGTACACGCCA,1
ACCGTTGTACAGACCA,1
ACCTCCGGAGATTGGC,1
ACCTCCTGGGGTATCA,1
ACGAAGTCTCGAGAAG,1
ACGAAGTTTCATAGCG,1
ACGAGCAATGAGTTGT,1
ACGAGTTAATATGCGC,1
ACGATCTGAACCATAC,1
ACGCAAATAGAACGAA,1
ACGCAAATAGACAGAA,1
ACGCAAATAGACCAAA,1
ACGCAAATAGACCGAG,1
ACGCAAATAGACCGGA,1
ACGCCCGGAGCTTGGC,1
ACGCGGGTTGGCTGTA,1
ACGGCCATTAAGATCA,1
ACGGGATTGGAGAAAC,1
ACGGGCATTGGCTGTT,1
ACGGGGAACGGGAAGC,1
ACGGGGAATGGCTGTT,1
ACGGGGAGTGGCTGTT,1
ACGGGGATCGGCTGTT,1
ACGGGGATTAGCTGTT,1
ACGGGGATTGGCGGTT,1
ACGGGGATTGGCTGCC,1
ACGGGGATTGGCTGTG,1
ACGGGGATTGTCTGTT,1
ACGGGGCCTCATAATG,1
ACGGTACGATCTACGC,1
ACGGTCCACCATTGAG,1
ACGGTCCCTATGTAAT,1
ACGTAAGATTTTCGAG,1
ACGTATGAATTTCGAG,1
ACGTATGACTTTCGAG,1
ACGTATGATCTTCGAG,1
ACGTATGATTATCGAG,1
ACGTATGATTCTCGAG,1
ACGTATGATTTGCGAG,1
ACGTATGATTTTCAAG,1
ACGTATGATTTTCGTG,1
ACGTCCATTAAAATCA,1
ACGTCCATTAAGATAA,1
ACGTCCATTAAGATGA,1
ACGTCCATTAAGATTA,1
ACGTCCATTAGGATCA,1
ACGTCCATTGAGATCA,1
ACGTCCTTTAAGATCA,1
ACGTGGATTGGCTGTT,1
ACGTGTCTCCAAGCAA,1
ACGTGTCTCCGAGCAG,1
ACGTGTCTCCGAGCCG,1
ACGTGTCTCCGAGCGA,1
ACGTGTCTCGGAGCAA,1
ACGTTCATTAAGATCA,1
ACGTTTTCCAATAGGT,1
ACTAAGAGGCTACGTA,1
ACTACGAGGATACGTA,1
ACTACGAGGCTACGTG,1
ACTACGAGGTTACGTA,1
ACTACGTGGCTACGTA,1
ACTAGATTATAACGTA,1
ACTCAAATAGACCGAA,1
ACTCGTTTAGATAGTT,1
ACTCTGGCTCACTAAT,1
ACTCTGGCTCTCTAAT,1
ACTCTGGTTCGCTAAT,1
ACTCTGTCTCGCTAAT,1
ACTGGCTAGAAATTTT,1
ACTGTATAGAAATTTT,1
ACTTATGATTTTCGAG,1
ACTTCGAGGCTACGTA,1
ACTTGATGCATTCCCG,1
ACTTTTCTATGGCTAC,1
AGAAAACATTACAAAT,1
AGAAAATCCCAGATAC,1
AGAAAATCTCACATAC,1
AGAAAATCTCAGACAC,1
AGAAAATCTCATATAC,1
AGAAAATCTGAGATAC,1
AGAAAATCTTAGATAC,1
AGAACGTTTGTGCAAA,1
AGAAGATCTCAGATAC,1
AGAAGGATAATCGCGC,1
AGACCATCACACCCAA,1
AGACCCACCCTATAGT,1
AGACCGCTAGTTTCGT,1
AGACCGTCAGTTTCGT,1
AGACCTCCAGTTTCGT,1
AGAGAATCGCAAATTA,1
AGAGACATCGCCCTTT,1
AGAGATAAAAAGAGGA,1
AGAGCCCAGGTCCTTT,1
AGAGCTAAAAAGATGA,1
AGAGCTAAACAGAGGA,1
AGAGCTGAAAAGAGGA,1
AGAGTAGCAGAGGATT,1
AGAGTTAAAAAGAGGA,1
AGATCCACCCTATAAT,1
AGATCCACCCTATATT,1
AGATCCACCCTATTGT,1
AGATCCACCCTGTAGT,1
AGATCCCAGATCCTTT,1
AGATCCCAGGCCCTTT,1
AGATCCCAGGGCCTTT,1
AGATCCGCCCTATAGT,1
AGATCTACCCTATAGT,1
AGATCTCAGGTCCTTT,1
AGATCTGTAGAGCGCT,1
AGATCTTTACGAAAAA,1
AGCAAAGGGATATGTG,1
AGCACGTAGAACCGCC,1
AGCAGAAGTCCATGTA,1
AGCAGAGGGATATGTG,1
AGCATAAGGATATGTG,1
AGCATAGGGACATGTG,1
AGCATAGGGATAAGTG,1
AGCATAGGGATACGTG,1
AGCATAGGGATATGAG,1
AGCATAGGGATATGGG,1
AGCATAGGGATATGTC,1
AGCATAGGGATATTTG,1
AGCATAGGGGTATGTG,1
AGCATCAAGTTGGTGC,1
AGCATCTAACAGATAC,1
AGCATCTAACAGCTAG,1
AGCATCTAACAGGTAG,1
AGCCACCCCAGAGATG,1
AGCCCATCCTGGGGAT,1
AGCCCATGCTGAGGAT,1
AGCCCATGCTGGTGAT,1
AGCCCATGCTTGGGAT,1
AGCCCATGCTTGGTAT,1
AGCCCGTGCTGGGGAT,1
AGCGAAATCGCCCTTT,1
AGCGACATCGACCTTT,1
AGCGACATCGCCCGTT,1
AGCGACATCGCCCTCC,1
AGCGACATCTCCCTTT,1
AGCGATATCGCCCTTT,1
AGCGCATGCTGGGGAT,1
AGCTAAATTAAGTATG,1
AGCTATTCCGGCGCGG,1
AGCTCCTGGGCTATCA,1
AGCTCCTGGGGGATCA,1
AGCTCCTGGGGTACCA,1
AGCTCCTGGGGTAGCA,1
AGCTCCTGGGGTATGA,1
AGCTCCTGGGGTGTCA,1
AGCTCCTGGTGTATCA,1
AGCTCTTGGGGTATCA,1
AGCTGAACTAAGTATG,1
AGCTGAATTAAATATG,1
AGCTGAATTAAGTAAG,1
AGCTGAATTAAGTATT,1
AGCTGAATTAAGTGTG,1
AGCTGAATTGAGTATG,1
AGCTGGGGTCTCCCTT,1
AGCTGTATTAAGTATG,1
AGGAAAGAAAAGGGAG,1
AGGAAAGAAACTCGAG,1
AGGAAAGAAACTGGGG,1
AGGAAAGAAACTGTAG,1
AGGAAAGAAACTTGAG,1
AGGAAAGAAGCTGGAG,1
AGGAAAGAGACTGGAG,1
AGGAAGACTTTGTGAT,1
AGGACTATAGCTGGCA,1
AGGACTATAGGGGGCA,1
AGGACTATAGTTAGCA,1
AGGACTATAGTTCGCA,1
AGGACTATATTTGGCA,1
AGGACTTTAGTTGGCA,1
AGGAGTATAAAGAGCG,1
AGGAGTATGAGGAGCG,1
AGGAGTATGTAGAGCG,1
AGGAGTTGCGCTTCAA,1
AGGATAGGGATATGTG,1
AGGATTATAGTTGGCA,1
AGGCACGTAAGGACTA,1
AGGCCCGCAAGGACTA,1
AGGCCCGGAAGGACTA,1
AGGCCCGTAAGGACAA,1
AGGCCCGTAAGGACCA,1
AGGCCCGTAAGGACGA,1
AGGCCCGTAAGGGCTA,1
AGGCCCGTAAGTACTA,1
AGGCCCGTAATGACTA,1
AGGCCTATCCTCAAAT,1
AGGCGCGTAAGGACTA,1
AGGCTCAGACTCTTGC,1
AGGCTGAATGGGGGAG,1
AGGGAAATTCGAGGAC,1
AGGGAAGAAACTGGAG,1
AGGGCTATAGTTGGCA,1
AGGGCTCTAGAGCTCT,1
AGGGGATTGGAGAAAC,1
AGGGGTATGAAGAGCG,1
AGGGTTGAATAGGCGA,1
AGGTATGATTTTCGAG,1
AGGTCCGCTTCATGCT,1
AGGTCCTGGGGTATCA,1
AGGTGGGGTCTCCCTT,1
AGGTTAAGACTCTTGC,1
AGGTTAAGAGAAAGTT,1
AGGTTCAGACTCTCGC,1
AGGTTCAGACTCTGGC,1
AGGTTCAGACTCTTGG,1
AGGTTCAGACTCTTTC,1
AGGTTCAGACTTTTGC,1
AGGTTTAGACTCTTGC,1
AGTAAAAATGCATTGG,1
AGTAAACATGCACTGG,1
AGTAAACATGCAGTGG,1
AGTAAACATGCATTAG,1
AGTAAACATGCGTTGG,1
AGTAAACATTCATTGG,1
AGTAAGCATGCATTGG,1
AGTACTATAGTTGGCA,1
AGTAGACATGCATTGG,1
AGTAGTATGAAGAGCG,1
AGTAGTTGCGCTGCAA,1
AGTATCTGCGCTTCAA,1
AGTATTGAATAGGCGA,1
AGTATTTGCCCTTCAA,1
AGTATTTGCGCCTCAA,1
AGTATTTGCTCTTCAA,1
AGTATTTTCTCTTCAA,1
AGTCCCATAGGCATGG,1
AGTCCCGTAAGGACTA,1
AGTCCTACCCTCAAAT,1
AGTCGCTGGCACCCGT,1
AGTCGTGTAGATAGTT,1
AGTCGTTCAGATAGTT,1
AGTCGTTTAGAAAGTT,1
AGTCGTTTAGATACTT,1
AGTCGTTTAGATAGAT,1
AGTCGTTTAGATAGTA,1
AGTCGTTTAGATAGTC,1
AGTCGTTTGGATAGTT,1
AGTCGTTTTGATAGTT,1
AGTCTTGGCTTGGTTA,1
AGTGACCGAGTGAAAG,1
AGTGGTGAATAGGCGA,1
AGTGTCGAATAGGCGA,1
AGTGTGGAAGAGGCGA,1
AGTGTGGAATAGGCGA,1
AGTGTTGAACAGGCGA,1
AGTGTTGAATAAGAGA,1
AGTGTTGAATAGGCGT,1
AGTGTTGAATAGGGGA,1
AGTGTTGAATAGTCGA,1
AGTGTTGAATATGCGC,1
AGTGTTGGATAGGCGA,1
AGTGTTGGCTTGATTA,1
AGTGTTGGCTTGGGTA,1
AGTGTTGGCTTGGTTG,1
AGTGTTGGGTTGGTTA,1
AGTGTTGGTTTGGTTA,1
AGTGTTGTACACACCA,1
AGTGTTGTCTTGGTTA,1
AGTGTTTAATAGGCGA,1
AGTGTTTGCTTGGTTA,1
AGTTAAATTCGAGGAC,1
AGTTCAGCGATAACGG,1
AGTTCCAGAGGCATGG,1
AGTTCCATAGGCAGGG,1
AGTTCCATAGGCATGA,1
AGTTCCATAGGTATGG,1
AGTTCCATAGTCATGG,1
AGTTCCATATGCATGG,1
AGTTCGTGAGTACTAG,1
AGTTGCGGTCTCCCTT,1
AGTTGGGCTCTCCCTT,1
AGTTGGGGCCTCCCTT,1
AGTTGGGGTCTACCTT,1
AGTTGGGGTCTCCCAT,1
AGTTGGGGTCTCCCGT,1
AGTTGGGGTCTCCCTG,1
AGTTGGGTTCTCCCTT,1
AGTTGTTTAGATAGTT,1
AGTTTTTATAACTTAC,1
AGTTTTTGGTTCGAGG,1
ATAAACGAGGTTGTGA,1
ATAACATTTGTGCAAA,1
ATAACCGAGGGCATTG,1
ATAACGCTTGTGCAAA,1
ATAACGGAGGGCATTG,1
ATAACGGGTGTGCAAA,1
ATAACGTCTGTGCAAA,1
ATAACGTTCGTGCAAA,1
ATAACGTTTATGCAAA,1
ATAACGTTTCTGCAAA,1
ATAACGTTTGCGCAAA,1
ATAACGTTTGTAAAAA,1
ATAACGTTTGTCCAAA,1
ATAACGTTTGTGCAAG,1
ATAACGTTTGTGCATA,1
ATAACTGAGGGAATTG,1
ATAACTGAGGGCACTG,1
ATAACTGAGGGCAGTG,1
ATAACTGAGGGCATCG,1
ATAACTGAGTGCATTG,1
ATAAGGTTTGTGCAAA,1
ATAATTCGCATGCGGA,1
ATACAAAAAACTTAGT,1
ATACAAGAGGTTGTGA,1
ATACAAGCATGTGCCA,1
ATACACGAGGCTGTGA,1
ATACACGAGGTTGGGA,1
ATACACGAGGTTGTCA,1
ATACACGAGGTTGTCT,1
ATACACGATGTTGTGA,1
ATACACGCAGGTGCCA,1
ATACACGCATGTGCAA,1
ATACACGCATGTGCCC,1
ATACACGCATGTTCCA,1
ATACACGCTTGTGCTA,1
ATACACGGGGTTGTGA,1
ATACACGTATGTGCCA,1
ATACACTAGGTTGTGA,1
ATACAGGCATGTGCCA,1
ATACCGAATGGGGTAG,1
ATACGAATTTGATTCC,1
ATACGGGTTGGCTGTA,1
ATAGAATAGAAAATTA,1
ATAGAATAGCAAATTA,1
ATAGAATCCCAAATTA,1
ATAGAATCGCAAAGTA,1
ATAGAATCGCAAATGA,1
ATAGAATCGCAAGTTA,1
ATAGAATCTCAAATTA,1
ATAGAATGAATCATCC,1
ATAGGACATATGGCTG,1
ATAGGATATACGGCTG,1
ATAGGATATATGCCTG,1
ATAGGATATATGGCTT,1
ATAGGATATATGTCTG,1
ATAGGATCGCAAATTA,1
ATAGGATTGGAGAAAC,1
ATAGGGTATATGGCTG,1
ATATAAAAAACCTAGT,1
ATATAAAAAACGGAGT,1
ATATAAAAAACTTAAT,1
ATATAAAAAACTTATT,1
ATATACGCATGTGCCA,1
ATATAGAAAACTTAGT,1
ATATCTGTAGAGCGCT,1
ATATCTTAATCTACAG,1
ATATGAAAAACTTAGT,1
ATATTTCTATGGCTAC,1
ATCAAATAATTGGCGC,1
ATCAAGATAATCGCGC,1
ATCAGATTATAACGTA,1
ATCAGGACAATCGCGC,1
ATCAGGATAACCGCGC,1
ATCAGGATAATCACGT,1
ATCAGGATAATCCCGC,1
ATCAGGATAATGGCGC,1
ATCAGGATAATTGCGC,1
ATCATCATATCTAATA,1
ATCCCCGGAGCTTGGC,1
ATCCCGAATGGGGTAG,1
ATCCGATTTAAAGGCG,1
ATCCGATTTAGAGGCA,1
ATCCGATTTGAAGGCA,1
ATCCTAGGGGACGATT,1
ATCGCATCCTGGAATG,1
ATCGGATTGGAGAAAC,1
ATCTGGATAATCGCGC,1
ATGAAGACTTTGTGAT,1
ATGACGTTTGTGCAAA,1
ATGAGATTGGAGAAAC,1
ATGAGCTGCCAATAAG,1
ATGAGGATAATCGCGC,1
ATGAGGGCTACGTGAG,1
ATGAGTATGAAGAGCG,1
ATGATTGATTGAAGTT,1
ATGCCCCACGGGCATA,1
ATGCCCGTAAGGACTA,1
ATGCTCCTGAGTAGTA,1
ATGGAATCGCAAATTA,1
ATGGACCACGGGCATA,1
ATGGCCCAAGGGCATA,1
ATGGCCCACGGGCATG,1
ATGGCCCACGGTCATA,1
ATGGCCCACGTGCATA,1
ATGGCCCACTGGCATA,1
ATGGCCTACGGGCATA,1
ATGGCTTTACGTCCAT,1
ATGGGAGGGGAGAAAC,1
ATGGGATTAGAGAAAC,1
ATGGGATTCGAGAAAC,1
ATGGGATTGCAGAAAC,1
ATGGGATTGGAGAGAC,1
ATGGGATTGTCCGGAA,1
ATGGGGTTGGAGAAAC,1
ATGGTATTGTAGAAAC,1
ATGGTTTTAAGTCCAT,1
ATGGTTTTACATCCAT,1
ATGGTTTTACGTCCAA,1
ATGGTTTTACTTCCAT,1
ATGTAAAAAACTTAGT,1
ATGTAAATTCGAGGAC,1
ATGTTAGTCAGGTAAT,1
ATGTTCAGACTCTTGC,1
ATGTTTCTATGGCTAC,1
ATTAAGGCTACGTGAG,1
ATTAGATTATACCGTA,1
ATTAGATTATAGCGTA,1
ATTAGGGCCACGTGAG,1
ATTAGGGCTACCTGAG,1
ATTAGGGCTACGCGAG,1
ATTAGGGCTACGTTAG,1
ATTAGGGCTATGTGAG,1
ATTAGGGGTACGTGAG,1
ATTAGGGTTACGTGAG,1
ATTAGGTTATAACGTA,1
ATTAGTTTATAACGTA,1
ATTATAATATCTAATA,1
ATTATATTATAACGTA,1
ATTATCATACCTAATA,1
ATTATCATGTCTAATA,1
ATTATGATATCTAATA,1
ATTATTATGACTTCAT,1
ATTATTTGCGCTTCAA,1
ATTCCGAACGGGGTAG,1
ATTCCGAAGGGGGTAG,1
ATTCCGAATGGAGTAG,1
ATTCCGAATGTGGTAG,1
ATTGCTCCGACACGCC,1
ATTGTCTAGAAATTTT,1
ATTGTTGGCTTGGTTA,1
ATTTAAATTAGAGGAC,1
ATTTAAATTCGAGAAC,1
ATTTAAATTCGAGGTC,1
ATTTAATTTCGAGGAC,1
ATTTACTAATTATACG,1
ATTTACTCACTATACG,1
ATTTACTCATTAAACG,1
ATTTACTCATTATACC,1
ATTTACTCATTATAGG,1
ATTTCCATAGGCATGG,1
ATTTCTCTATGGCTAC,1
ATTTGATTGGAGAAAC,1
ATTTGCTCATTATACG,1
ATTTTCTAGTACGCTT,1
ATTTTTCTACGGCTAC,1
ATTTTTCTATGGCGAC,1
ATTTTTCTATGGCTAA,1
ATTTTTCTATGGCTAG,1
ATTTTTCTATGGCTAT,1
ATTTTTCTATGGTTAC,1
ATTTTTCTGTGGCTAC,1
ATTTTTTTATGGCTAC,1
CAAAAAGCCTCCATGA,1
CAAAAGCAGCACGACA,1
CAAAAGCAGCACGAGA,1
CAAAAGCAGCACTATA,1
CAAAAGCAGCGCGATA,1
CAAAAGCAGTACGATA,1
CAAAAGCTACGGCGAC,1
CAAAATCAGCACGATA,1
CAAAATCTAAGGCGAC,1
CAAAATCTACGGCAAC,1
CAAAATCTACGGCTAC,1
CAAAATCTACTGCGAC,1
CAAAATCTAGGGCGAC,1
CAAAATCTGCGGCGAC,1
CAAACACAAAAAATTA,1
CAAATAGAAATACATA,1
CAAATCCCCAAATAAC,1
CAAATGCTGCACTAGG,1
CAAATGCTGCATTAGC,1
CAAATGCTGCATTCGG,1
CAAATGCTGCGTTAGG,1
CAAATGCTTCATTAGG,1
CAACGTGATTTCTCGA,1
CAACTAGGATCGCACT,1
CAAGGAGAAATACATA,1
CAATAAACCGTTTGTA,1
CAATAAGAAATACATA,1
CAATAATAGAACAGAG,1
CAATATTGCCCGGAAG,1
CAATTAGAAATACAGA,1
CAATTAGAAATAGATA,1
CAATTAGAATTACATA,1
CAATTAGCCGTTCCCC,1
CAATTCACCGTTCCCC,1
CAATTCCCCGTTCCCC,1
CAATTCGCCGCTCCCC,1
CAATTCGCCGTTCCGC,1
CAATTCGTCGTTCCCC,1
CACACTTTACGAGACA,1
CACAGACGATAAAAAA,1
CACAGACTATAAAAAA,1
CACCAATCTTAGAACT,1
CACCAATCTTCGAACG,1
CACCAATCTTCGAGCT,1
CACCAATCTTTGAACT,1
CACCAATGTCATTTGA,1
CACCACCCCAGAGATG,1
CACCACGCCGAGCACC,1
CACCAGATGTACAGTC,1
CACCATCAACACCTAG,1
CACCATCACCACCTAG,1
CACCATGAGCACCTAG,1
CACCGCGCCGATCACC,1
CACCGCTCCGAGCACC,1
CACCTAGGACCGCACT,1
CACCTAGGATCGCAAT,1
CACCTAGGATCGCACA,1
CACCTAGGATCGCACG,1
CACCTAGGATCGCTCT,1
CACCTAGGATCGGACT,1
CACCTAGGATCGTACT,1
CACCTAGGGTCGCACT,1
CACCTCCTCTAAAGTT,1
CACCTGGGATCGCACT,1
CACGCCCGGCGAACTC,1
CACGGCAAACAGTAAG,1
CACGGCAGGCGAACTC,1
CACGGCCGGCGAACGC,1
CACGGCCGGCGAACTG,1
CACGGCCGGCGAACTT,1
CACGGCCGGCGAGCTC,1
CACGGCTGGCGAACTC,1
CACGGGATAATGTCTC,1
CACGGGCTAATGTCGC,1
CACGGGCTAATGTCTT,1
CACGGGCTAGTGTCTC,1
CACGGTCGGCGAACTC,1
CACGTAGGATCGCACT,1
CACGTCCGGCGAACTC,1
CACTAGATGTACAATC,1
CACTAGATGTACAGTA,1
CACTAGATGTGCAGTC,1
CACTATATGTACAGTC,1
CACTGATAACCCTGCG,1
CACTGCGCGGTTCGGG,1
CACTGGATGTACAGTC,1
CACTTTACGGATCTCT,1
CAGAACCCCGTTGTCT,1
CAGAACCGCGTTGTCT,1
CAGAACCTCCTTGTCT,1
CAGAACCTCGCTGTCT,1
CAGAACCTCGGTGTCT,1
CAGAACCTCGTCGTCT,1
CAGAACCTCGTTGGCT,1
CAGAACCTGCAGTTGA,1
CAGAAGCTCGTTGTCT,1
CAGAATCTACGGCGAC,1
CAGAGGGATTCAACTC,1
CAGATAGTGATAAACA,1
CAGATAGTGATGAAGA,1
CAGATAGTGATGAGCA,1
CAGCATTAGCGGGAGG,1
CAGGCTCTAGAACTCT,1
CAGGCTGTAGAGCTCT,1
CAGGGGAATTGCCACT,1
CAGTCGGGACTCATCT,1
CAGTCTCTAGAGCTCT,1
CATAAAAGACTGGATA,1
CATAAAAGACTTTATA,1
CATACAAAGTTTGTTG,1
CATACACAGTTTGTTG,1
CATACAGAATACTAGA,1
CATACAGACTTTGTTG,1
CATACAGAGCTTGTTG,1
CATACAGAGTATGTTG,1
CATACAGAGTTTGTTA,1
CATACAGAGTTTGTTC,1
CATACAGAGTTTGTTT,1
CATACAGATTTTGTTG,1
CATACAGGGTTTGTTG,1
CATACCGAGTTTGTTG,1
CATAGAGAGTTTGTTG,1
CATCGAGACGCGCAAG,1
CATGGCCGGCGAACTC,1
CATGGGAAGGGCCACT,1
CATGGGAATTCCCACT,1
CATGGGAGTTGCCACT,1
CATGGGCTAATGTCTC,1
CATGTCGTATCCACAG,1
CATGTGAATTCTCCCA,1
CATGTGAATTGCCACT,1
CATGTGGAGCCAAACA,1
CATGTGGAGCCCAATA,1
CATGTGGAGCCCACCA,1
CATGTGGAGCCCGACA,1
CATGTGGAGCTCAACA,1
CATGTGGAGGCCAACA,1
CATGTGGATCCCAACA,1
CATGTGTAGCCCAACA,1
CATGTGTATCCCAACA,1
CATGTTGAGCCCAACA,1
CATTGAGAAGCGCAAG,1
CATTGAGACGCCCAAG,1
CATTGAGACGCGCAAA,1
CATTGAGACGCGCAAC,1
CATTGAGACGCTCAAG,1
CATTGAGATGCGCAAG,1
CATTGAGGCGCGCAAG,1
CATTGATACGCGCAAG,1
CATTGGAATTGCCACT,1
CATTGGGACGCGCAAG,1
CATTTATGATGAATTG,1
CATTTCTGAGGAATTG,1
CATTTCTGATGAATCA,1
CATTTCTGATGAATCG,1
CATTTCTGATGAATTA,1
CATTTCTGATTAATTG,1
CATTTGGAGCCCAACA,1
CCAAACTTGGCGCATC,1
CCAACACAAAAAATGA,1
CCAACACAAAAGATTA,1
CCAACACAAAGAATTA,1
CCAACACAAGAAATTA,1
CCAACACAGAAAATTA,1
CCAAGCTTAGCGCATC,1
CCAAGCTTGCCGCATC,1
CCAAGCTTGGCGCAAC,1
CCAAGCTTGGCGCATG,1
CCAAGCTTGGCGTATC,1
CCAAGGTTGGCGCATC,1
CCAATACAAAAAATTA,1
CCAATCTGAACCATAC,1
CCAATGCTGCATTAGG,1
CCATGCGCGGCTCGGG,1
CCATTTAACAGACGTA,1
CCCAAATAATTGGCGC,1
CCCAGCATTGGTCGCC,1
CCCAGCTCGTATCCCT,1
CCCAGCTCTTATCCCT,1
CCCCACCTCTAAAGTT,1
CCCCCCCTCTAAAGTT,1
CCCCCCCTGTTTAAAA,1
CCCCTCCTATAAAGTT,1
CCCCTCCTCCAAAGTT,1
CCCCTCCTCGAAAGTT,1
CCCCTCCTCTAAAATT,1
CCCCTCCTCTAAAGTA,1
CCCCTCCTCTAAGGTT,1
CCCCTCCTCTAGAGTT,1
CCCCTCCTCTGAAGTT,1
CCCCTCCTTTAAAGTT,1
CCCCTCTTCTAAAGTT,1
CCCGACACCCTTCCGG,1
CCCGATAAATCAGAAC,1
CCCTATGAAATAACCT,1
CCCTATGAAATATGCT,1
CCCTCGCTGTTTAAAA,1
CCCTGCAAGGCTCGGG,1
CCCTGCCCGGCTCGGG,1
CCCTGCGCAGCTCGGG,1
CCCTGCGCGGCCCGGG,1
CCCTGCGCGGCTCGAA,1
CCCTGCGCGGCTGGGG,1
CCCTGTGAAATAAGCT,1
CCCTTTACGGACCTCT,1
CCCTTTACGGATCTCA,1
CCCTTTACGGGTCTCT,1
CCCTTTATGGATCTCT,1
CCGAACTTATCTGTGG,1
CCGAATAAATCAGAAC,1
CCGAGCTGCCAATAAG,1
CCGAGCTTGGCGCATC,1
CCGCATTACCGGGAGG,1
CCGCATTAGCGGGAAG,1
CCGCATTAGCGGGAGT,1
CCGCATTAGCGTGAGG,1
CCGCATTAGGGGGAGG,1
CCGCATTATCGGGAGG,1
CCGCCCACGTTTAGAG,1
CCGGATAAACCAGAAC,1
CCGGATAAAGCAGAAC,1
CCGGATAAATCACAAC,1
CCGGATAAATCAGAAG,1
CCGGATAAATCAGAAT,1
CCGGATAAATCGGAAC,1
CCGGATAGATCAGAAC,1
CCGGATTAGCGGGAGG,1
CCGGGGATTGGCTGTT,1
CCGGGGTTAAGTTGTG,1
CCGTATGAAATAAGCT,1
CCTCGATGCATTCCCG,1
CCTGACCCCCTCCAAC,1
CCTGAGTTAAGTTGTG,1
CCTGGGTTAAGTCGTG,1
CCTGGGTTAAGTGGGG,1
CCTGGGTTAAGTTATG,1
CCTGTGTTAAGTTGTG,1
CCTTGACGCATTCCCG,1
CCTTGATGCATCCCCG,1
CCTTGATGCATTACCG,1
CCTTGATGCATTCCAA,1
CCTTGATGCATTCCGG,1
CCTTTCTAGTACGCTT,1
CCTTTCTCAAAAAATA,1
CCTTTCTCAAAACACA,1
CGAAAACACTACAAAT,1
CGAAAACATGACAAAT,1
CGAAAACATTACAAAA,1
CGAAAACATTACAAAC,1
CGAAAACATTACAAGT,1
CGAAAACATTACATAT,1
CGAAAACATTGCAAAT,1
CGAAACAAGTCCCAGT,1
CGAAACACATCCCAGT,1
CGAAACACCTCCCAGT,1
CGAAACACGTACCAGT,1
CGAAACACGTCCAAGT,1
CGAAACACGTCCCATT,1
CGAAACACGTCCGAGT,1
CGAAACACGTCCTAGT,1
CGAAACACGTTCCAGT,1
CGAAACACTTCCCAGT,1
CGAAACATGTCCCAGT,1
CGAACAGCAGACACGT,1
CGAACCGCAGACACAC,1
CGAACCGCAGACACGC,1
CGAACCGCAGACACTT,1
CGAACCGCAGACGCGT,1
CGAACCGCAGGCACGT,1
CGAACCGCATACACGT,1
CGAACCGCGGACACGT,1
CGAACCGCTGACACGT,1
CGAACCTCAGACACGT,1
CGAATCCACGGACGCC,1
CGAATGCTGCATTAGG,1
CGACAACATTACAAAT,1
CGACTCCACGAACGCC,1
CGACTCCACGGACCCC,1
CGACTCCACGGACGTC,1
CGAGAAATGTAAATGA,1
CGATATTGCCCGGAAG,1
CGATCTTTTACATTTA,1
CGCACTTTACGAGAAA,1
CGCACTTTACGAGTCA,1
CGCACTTTATGAGACA,1
CGCAGCATTGGTCGGC,1
CGCAGCATTGGTCGTC,1
CGCAGCATTGGTCTCC,1
CGCAGCGTTGGTCGCC,1
CGCAGTGGTATACATA,1
CGCATAGGGATATGTG,1
CGCCTCCTCTAAAGTT,1
CGCGAAAACCTTCCGG,1
CGCGAACATACATAAC,1
CGCGACACCCTACCGG,1
CGCGACACCCTTCCCG,1
CGCGACACTCTTCCGG,1
CGCGACGCCCTTCCGG,1
CGCGGCACCCTTCCGG,1
CGCGTACCCTTCAGCA,1
CGGAAATCTCCCATAC,1
CGGACCCTAAATGGTA,1
CGGACCCTACATGGTA,1
CGGACCCTAGACGGTA,1
CGGACCCTAGAGGGTA,1
CGGACCCTAGATAGTA,1
CGGACCCTAGATGTTA,1
CGGACCCTAGATTGTA,1
CGGACCCTTGATGGTA,1
CGGAGACAAGATTGTA,1
CGGAGCCTAGATGGTA,1
CGGAGGGATTCAACTC,1
CGGAGTATGAAGAGCG,1
CGGATAGTGATGAACA,1
CGGATCCTAGATGGTA,1
CGGCAAATGTAAATGA,1
CGGCCAAGGAATCAAA,1
CGGCCAGAGAATCAAA,1
CGGCCAGGCAATCAAA,1
CGGCCAGGGAATCAAT,1
CGGCCAGGGAATCAGA,1
CGGCCAGGGAATGAAA,1
CGGCCAGGGAGTCAAA,1
CGGCCAGGGGATCAAA,1
CGGCTCCACGGACGCC,1
CGGGAAACGTAAATGA,1
CGGGAAATGGAAATGA,1
CGGGAAATGTAAAGGA,1
CGGGAAATGTAAGTGA,1
CGGGAAATTTAAATGA,1
CGGGAACACACATAAC,1
CGGGAACATATATAAC,1
CGGGAACATGCATAAC,1
CGGGAAGTGTAAATGA,1
CGGGAATCTCCCATCC,1
CGGGAATCTCCCATGC,1
CGGGAATCTCCCTTAC,1
CGGGAATCTCTCATAC,1
CGGGACACCCTTCCGG,1
CGGGATAAATCAGAAC,1
CGGGGACAAGATTCTA,1
CGGGGACAGGATTGTA,1
CGGGGAGAAGATTGTA,1
CGGGGATCTCCCATAC,1
CGGGGGAACGGGAAGC,1
CGGGTAATGTAAATGA,1
CGGTCGGGACTCATCC,1
CGGTCGGGGCTCATCT,1
CGGTTCAGACTCTTGC,1
CGGTTGGGACTCATCT,1
CGTAACACGTCCCAGT,1
CGTACAATGTAATCGA,1
CGTACAGAATACTAGA,1
CGTACAGCGTAATCGA,1
CGTACAGTGTAATCGG,1
CGTACAGTTTAATCGA,1
CGTACGGTGTAATCGA,1
CGTACGTATCTCCCAG,1
CGTACGTATGTCTCAG,1
CGTAGAGTGTAATCGA,1
CGTATACCCTTAAGCA,1
CGTATGTATGTCCCAG,1
CGTCAACGGCCTATCC,1
CGTCTACCCTTCAGCA,1
CGTGACCCACTCCAAC,1
CGTGACCCCATCCAAC,1
CGTGACCCCCTCCGAC,1
CGTGACCCCCTCGAAC,1
CGTGACCCCCTTCAAC,1
CGTGACCCCTTCCAAC,1
CGTGACCTCCTCCAAC,1
CGTGCAGTGTAATCGA,1
CGTGGGTTAAGTTGTG,1
CGTGTACCCTACAGCA,1
CGTGTACCCTTCAGGA,1
CGTGTACCCTTCATTA,1
CGTGTACCCTTCTGCA,1
CGTGTACCCTTGAGCA,1
CGTGTATCCTTCAGCA,1
CGTGTTGAATAGGCGA,1
CGTTAACGTCCTATCC,1
CGTTACCCCCTCCAAC,1
CGTTCAGCGACAACGG,1
CGTTCAGCGATAACAA,1
CGTTCAGCGATAACAG,1
CGTTCAGCGATAACGA,1
CGTTCAGCGATAACGT,1
CGTTCAGCGATGACGG,1
CGTTCAGCGTTAACGG,1
CGTTCAGTGTAATCGA,1
CGTTCGGCGATAACGG,1
CGTTTTGGGTTCGAGG,1
CGTTTTTCGTTCGAGG,1
CGTTTTTGGTTCGAAA,1
CGTTTTTGGTTCTAGG,1
CTAAACACGTCCCAGT,1
CTAAATGTCGTAGGAT,1
CTAACACAAAAAATTA,1
CTAACACAGCGTAGGC,1
CTAACTTAAGTATCAA,1
CTAAGCAAAGTTGACC,1
CTAAGCTGCCAATAAG,1
CTAAGCTTGGCGCATC,1
CTAAGGCTCTTGATTA,1
CTAAGGGATTCAACTC,1
CTAAGTTAAGTATCAA,1
CTAATCTAAGTATCAA,1
CTAATGTAAGGAGTGA,1
CTAATGTAAGTATCAA,1
CTAATTCAAGTATCAA,1
CTAATTGAAGTATCAA,1
CTAATTTAAATATCAA,1
CTAATTTAAGTACCAA,1
CTAATTTAAGTAGCAA,1
CTAATTTAAGTGTCAA,1
CTAATTTAATTATCAA,1
CTAATTTACGTATCAA,1
CTAATTTGAGTATCAA,1
CTACAAACCTGCAAAT,1
CTACATTGCCCGGAAG,1
CTACCCAGTTCCTGCG,1
CTACTCCACGGACGCC,1
CTAGCACAGAGTAGGC,1
CTAGCACAGCGTAGCC,1
CTAGCACAGCGTGGGC,1
CTAGCACAGTGTAGGC,1
CTAGCACGGCGTAGGC,1
CTAGGACAGCGTAGGC,1
CTAGTTTAAGTATCAA,1
CTATAAACCATTTGTA,1
CTATAAACCGTATGTA,1
CTATAAACCGTTGGTA,1
CTATAAACCGTTTGCA,1
CTATAAATCGTTTGTA,1
CTATAAGCCGTTTGTA,1
CTATATAACAGACGTA,1
CTATATGGCCCGGAAG,1
CTATATTCCACGGAAG,1
CTATATTGCCCGGAAT,1
CTATATTGCCCGGTAG,1
CTATATTGCCCTGCAG,1
CTATATTGGCCGGAAG,1
CTATATTGTACGGAAG,1
CTATCCTAATCTACAG,1
CTATCTAACAGACGTA,1
CTATCTGAATCTACAG,1
CTATCTTAACCTACAG,1
CTATCTTAATATACAG,1
CTATCTTAATCTAAAG,1
CTATCTTAATCTACAT,1
CTATCTTAATCTGCAG,1
CTATCTTAATTTACAG,1
CTATTCAACAGACGTA,1
CTATTGAACAGACGTA,1
CTATTTAACAGACATA,1
CTATTTAACAGATGTA,1
CTATTTAACATACGTA,1
CTATTTAATAGACGTA,1
CTATTTGACAGACGTA,1
CTCAAATAACTGGCGC,1
CTCAAATAATTGACGC,1
CTCAAATAATTGGAGC,1
CTCAAATAATTGGCTC,1
CTCAAATAATTTGCGC,1
CTCAACGTCGTAGGAT,1
CTCAAGTAATTGGCGC,1
CTCAATGGAGTAGGAT,1
CTCAATGGCGTAGGAT,1
CTCAATGTCATAGGAT,1
CTCAATGTCGTAGAAT,1
CTCAATGTCGTAGGAA,1
CTCAATGTCGTAGGAC,1
CTCAATGTCGTAGGGT,1
CTCAATGTCGTAGTAT,1
CTCAATGTCGTGGGAT,1
CTCAATGTCTTAGGAT,1
CTCAATTTCGTAGGAT,1
CTCACAGAATACTAGA,1
CTCAGGTATTATATGC,1
CTCATCAAGTTGGTGC,1
CTCCTAAGGGACGATT,1
CTCCTAGGATCGCACT,1
CTCCTAGGGGATGATT,1
CTCCTAGGGTACGCTT,1
CTCGAGGCCTGGCCCC,1
CTCGGGCTAATGTCTC,1
CTCTAAATTATAGTCT,1
CTCTCACGCTCCTACG,1
CTCTTACCCTCCTACG,1
CTCTTACGCTCCTACA,1
CTCTTACGCTCCTAGG,1
CTCTTCTAGTACGCTT,1
CTGAAATGCCAATAAG,1
CTGAACCTGTCGATAT,1
CTGAACTCATCTGTGG,1
CTGAACTCGTCGATAT,1
CTGAACTGATCTGTGG,1
CTGAACTTACCTGTGG,1
CTGAACTTATCGGTGG,1
CTGAACTTATCTGAGG,1
CTGAACTTATCTGTAA,1
CTGAACTTATGTGTGG,1
CTGAACTTGGCGATAT,1
CTGAACTTGTAGATAT,1
CTGAACTTGTCAATAT,1
CTGAACTTGTCCATAT,1
CTGAACTTGTCGACAT,1
CTGAACTTGTCGATGT,1
CTGAACTTGTCGTTAT,1
CTGAACTTGTTGATAT,1
CTGAATTTATCTGTGG,1
CTGAATTTGTCGATAT,1
CTGACAGAATACTAGA,1
CTGAGCCGCCAATAAG,1
CTGAGCGATTCAACTC,1
CTGAGCGGCCAATAAG,1
CTGAGCTCCCAATAAG,1
CTGAGCTGACAATAAG,1
CTGAGCTGCCAACAAG,1
CTGAGCTGCCAATATG,1
CTGAGCTGCCCATAAG,1
CTGAGCTGCCGATAAG,1
CTGAGCTGCCTATAAG,1
CTGAGGGACTCAACTC,1
CTGAGGGAGTCAACTC,1
CTGAGGGATCCAACTC,1
CTGAGGGATGCAACTC,1
CTGAGGGATTCAACTT,1
CTGAGGGATTCAATTC,1
CTGAGGGATTTAACTC,1
CTGAGGTGCCAATAAG,1
CTGCCAGGGAATCAAA,1
CTGCTAGGGGACGATT,1
CTGCTCCTGAGTAGTA,1
CTGGAAATGTAAATGA,1
CTGGACTTGTCGATAT,1
CTGGAGGCCGGGAACC,1
CTGGAGGCCTAGCCCC,1
CTGGAGGCCTGACCCC,1
CTGGAGGCCTGGCCCG,1
CTGGAGGCCTGGCCCT,1
CTGGAGGCCTGGCTCC,1
CTGGAGGCCTGGGCCC,1
CTGGAGGTCTGGCCCC,1
CTGGCTCTAGAGCTCT,1
CTGTACATGCAGTTGA,1
CTGTACCGGCAGTTGA,1
CTGTACCTGCAATTGA,1
CTGTACCTTCAGTTGA,1
CTTAAATAATTGGCGC,1
CTTAACTTGTCGATAT,1
CTTAAGTATTATATGC,1
CTTAATGCGCGAGAGT,1
CTTACACAATACTAGA,1
CTTACAGAATACCAGA,1
CTTACAGAATACTAGT,1
CTTACAGAATAGTAGA,1
CTTACAGAGTACTAGA,1
CTTACCGAATACTAGA,1
CTTACCGCGCGAGAGT,1
CTTACTGAACGAGAGT,1
CTTACTGAGCGAGAGT,1
CTTACTGCACGAGAGT,1
CTTACTGCGCGGGAGT,1
CTTACTGCGTGAGAGT,1
CTTACTTCGCGAGAGT,1
CTTAGAGAATACTAGA,1
CTTAGCTATTATATGC,1
CTTAGCTGCCAATAAG,1
CTTAGGCATTATATGC,1
CTTAGGGATTACATGC,1
CTTAGGTATGACATGC,1
CTTAGGTATTAAATGC,1
CTTAGGTATTACACGC,1
CTTAGGTATTACATCC,1
CTTAGGTATTACATTC,1
CTTAGGTATTACCTGC,1
CTTAGGTATTAGATGC,1
CTTAGGTATTATATAA,1
CTTAGGTATTATATTC,1
CTTAGGTATTATTTGC,1
CTTAGGTGTTATATGC,1
CTTAGTTATTACATGC,1
CTTAGTTATTATATGC,1
CTTATAATATAGAGAC,1
CTTATATCGAGATTCA,1
CTTCGGCTCCTGATTA,1
CTTCGGCTCTTGAGTA,1
CTTCGGCTCTTGATGA,1
CTTCGGCTCTTGGTTA,1
CTTGGGTATTATATGC,1
CTTGTCTAGTACGCTT,1
CTTTAAACTATAGTCT,1
CTTTAAAGGATAGTCT,1
CTTTAAATTACAGTCT,1
CTTTAAATTATAGCCT,1
CTTTAAATTATAGTCC,1
CTTTAAATTATATTCT,1
CTTTATTGCCCGGAAG,1
CTTTCCTAGTACGCTT,1
CTTTGGCTCTTGATTA,1
CTTTTCCAGTACGCTT,1
CTTTTCTAGCACGCTT,1
CTTTTCTAGTACACTT,1
CTTTTCTAGTACCCTT,1
CTTTTCTAGTACGCAT,1
CTTTTCTAGTACGCGT,1
CTTTTCTAGTACGGTT,1
CTTTTCTAGTACTCTT,1
CTTTTCTAGTGCGCTT,1
CTTTTTAACAGACGTA,1
GAAAAGAGGTGTAACC,1
GAAACCCCCAAATAAC,1
GAAAGACCCGTGCAAT,1
GAAAGCCCCGTGAAAT,1
GAAAGCCCCGTGCAAC,1
GAAAGCCCCGTGCAGT,1
GAAAGCCCCGTGCATC,1
GAAAGCCCCGTGTAAT,1
GAAAGTACCTATGATG,1
GAAAGTCCCTATAATG,1
GAAAGTCCCTATGAGG,1
GAAAGTCCCTATGATT,1
GAAAGTCCCTATGGTG,1
GAAATCACCAAATAAC,1
GAAATCCCAAAATAAC,1
GAAATCCCCAAATAAA,1
GAAATCCCCAAATAGC,1
GAAATCCCCAAATAGT,1
GAAATCCCCGTGCAAT,1
GAAATCTCCAAATAAC,1
GAAATGCGTATTGAGT,1
GAAATGCTGCTGAAGT,1
GAAATTCCCTATGATG,1
GAAATTCGCATGCGGA,1
GAACAAACCTGCAAAT,1
GAACAAACTATAACCA,1
GAACACGCAGAAAAAG,1
GAACGCCATCGACTTC,1
GAACGTGATTTCTCGA,1
GAACTGCTGCTGAAGT,1
GAAGAAACCATAACCA,1
GAAGAAACTACAACCA,1
GAAGAAACTATAACTA,1
GAAGAAACTATAATCA,1
GAAGAAACTATGACCA,1
GAAGAAACTTTAACCA,1
GAAGAAATTATAACCA,1
GAAGAAGCCAGCAAGA,1
GAAGAATAGAACAGAG,1
GAAGAGACTATAACCA,1
GAAGATACTAGGACCA,1
GAAGCGCTGCTGAAGT,1
GAAGCTCTTTTCGTTC,1
GAAGGACGCTGAATGA,1
GAAGGCGCGCCTTCAA,1
GAAGGGCGTATTGAGT,1
GAAGGGCTGCTGAAGT,1
GAAGGTCCCTATGATG,1
GAAGTAAGCTGAATGA,1
GAAGTACGCCGAATGA,1
GAAGTACGCGGAATGA,1
GAAGTACGCTCAATGA,1
GAAGTACGCTGAATTA,1
GAAGTGCGCATTGAGT,1
GAAGTGCGTATCGAGT,1
GAAGTGCTCCTGAAGT,1
GAAGTGCTGCTGAAGC,1
GAAGTGCTGCTGAGGT,1
GAATAATAGAACAAAG,1
GAATAATAGAGCAGAG,1
GAATTAGGAGCGCATG,1
GAATTCACAATATCCA,1
GACAAAAGGAACATAT,1
GACAAAAGGATCATGA,1
GACAAAAGGGACAAAT,1
GACAAAAGGGACAGAT,1
GACAAAAGGGACATAA,1
GACAAAAGGGAGATAT,1
GACAAAAGGGCCATAT,1
GACAAAAGGGTCATAT,1
GACAAGAGGGACATAT,1
GACACAGGACCCATGC,1
GACACCTTGTAAGATG,1
GACAGAAGTCCATGTA,1
GACCAATGTCATGTGA,1
GACCAATGTCATTTGA,1
GACCACCCCAGAGATG,1
GACCATCAGCACCTAG,1
GACCCCTGGTAAGATG,1
GACCCCTTATAAGATG,1
GACCCCTTGTAAGACA,1
GACCCCTTGTAAGAGG,1
GACCCTTTGTAAGATG,1
GACCGTACCGCGTTTA,1
GACCTACGAGACGTAA,1
GACCTAGGATCGCACT,1
GACCTTGGGGAGAGTC,1
GACGAAAGGGACATAT,1
GACGCATCCTGGAATG,1
GACGGCCGGCGAACTC,1
GACGGGATACGTCACC,1
GACGGGATAGGCACGT,1
GACGGGATGGACACGT,1
GACGGGATGGCCACGT,1
GACGGGATGGGCACAC,1
GACGGGATGGGCACCT,1
GACGGGATGGGCACGA,1
GACGGGATGGGCACTT,1
GACGGGATGGGCAGGT,1
GACGGGATGGGGACGT,1
GACGGGATGGGTACGT,1
GACGGGATTGGCACGT,1
GACGGGGTGGGCACGT,1
GACGGGTAGAGATACG,1
GACTAGATGTACAGTC,1
GACTCAGATGCCCACC,1
GACTCCTTGGAAGATG,1
GAGACAGAACCCATGC,1
GAGAGCCCCGTGCAAT,1
GAGAGCTGCAGAAGTT,1
GAGAGCTGCAGACCCA,1
GAGAGCTGCAGGAGCG,1
GAGAGCTGCAGTAGCG,1
GAGAGCTGCCAATAAG,1
GAGAGTCCCTATGATG,1
GAGCCTGCTATGGATC,1
GAGCTTACTATGGATC,1
GAGCTTGCTATGAATC,1
GAGCTTGCTATGGGTC,1
GAGCTTGCTATTGATC,1
GAGCTTTCTATGGATC,1
GAGGAGTAGAGATACG,1
GAGGCGATACGTCACC,1
GAGGGGATAAGTCACC,1
GAGGGGATACCTCACC,1
GAGGGGATACGTCAAC,1
GAGGGGATACGTCGCC,1
GAGGGGATACGTTACC,1
GAGGGGATACTTCCCC,1
GAGGGGATAGGTCACC,1
GAGGGGATGGGCACGT,1
GAGGGGCAGAGATACG,1
GAGGGGTACAGATACG,1
GAGGGGTAGACATACG,1
GAGGGGTAGAGATAGG,1
GAGGGGTAGAGATGCG,1
GAGGGGTAGAGATTCC,1
GAGGGTTATAGATACG,1
GAGGTCCCTATGTAAT,1
GAGGTGCGTATTGAGT,1
GAGGTGTAGAGATACG,1
GAGTGTATACGTCACC,1
GAGTTAGTAGACCCAC,1
GATAAAAGGGACATAT,1
GATCAAGCAGAAAAAG,1
GATCACGCAAAAAAAG,1
GATCACGCAGAAAAAC,1
GATCACGCAGAAAACG,1
GATCACGCAGAAGAAG,1
GATCACGCCGAGCACC,1
GATCGACATCGACTTC,1
GATCGCCACCGACTTC,1
GATCGCCACTGAGAAG,1
GATCGCCACTTATAAG,1
GATCGCCATCAACTTC,1
GATCGCCATCGACATC,1
GATCGCCATCGACCTC,1
GATCGCCATCGACTAC,1
GATCGCCATCGAGTTC,1
GATCGCCATCGATTTC,1
GATCGCGATCGACTTC,1
GATCTCGGGGAGAGTC,1
GATCTTAGGGAGAGTC,1
GATCTTGGAGAGAGTC,1
GATCTTGGCGAGAGTC,1
GATCTTGGGGAGAGGC,1
GATCTTGGGGAGAGTG,1
GATCTTGGGGAGATTC,1
GATCTTGGGTAGAGTC,1
GATCTTTGGGAGAGTC,1
GATGGGATGGGCACGT,1
GATGTGGAGCCCAACA,1
GATTAACTTTGGAAGC,1
GATTCAAATGCCCACC,1
GATTCAGATGAACACC,1
GATTCAGATGCCCACA,1
GATTCAGATGCCCGCC,1
GATTCAGATGCCGACC,1
GATTCAGATGCCTACC,1
GATTGAGACGCGCAAG,1
GCAAAAAGTGTAGTTG,1
GCAAAAGTCCTAGCAA,1
GCAAACAGCGTAGTTG,1
GCAAACAGTATAGTTG,1
GCAAACAGTGAAGTTG,1
GCAAACAGTGCAGTTG,1
GCAAACAGTGTAGTAG,1
GCAAACAGTTTAGTTG,1
GCAAAGTTTCATAGCG,1
GCAACAGTCCTATCAA,1
GCAACCTCAACTCCTA,1
GCAACGAGGCGTAACC,1
GCAACGAGGGGTAACC,1
GCAACGAGGTGGAACC,1
GCAACGAGGTGTAACT,1
GCAACGAGGTGTAAGC,1
GCAACGGGGTGTAACC,1
GCAACGGTCCTAGCAA,1
GCAAGGAGGTGTAACC,1
GCACCCAGTTCCTGCG,1
GCACCCTCAACTCCTA,1
GCACGGGTTGGCTGTA,1
GCAGAACTGCGGCCCC,1
GCAGATACTAGGACCA,1
GCAGCCTCAACTCCTA,1
GCAGCGTACCGGTCAT,1
GCAGCGTGCCGGTAAT,1
GCAGCGTGCCGGTCAC,1
GCAGCGTGCCTGTCAT,1
GCAGGCGTTAGTGTCA,1
GCATAATAGAACAGAG,1
GCATCCCCAACTCCTA,1
GCATCCTAAACTCCTA,1
GCATCCTCAACCCCTA,1
GCATCCTCAACTCCGA,1
GCATCCTCAACTCCTG,1
GCATCCTCAAGTCCTA,1
GCATCCTCAGCTCCTA,1
GCATCCTCTACTCCTA,1
GCATCGTCAACTCCTA,1
GCATGCGCGGCTCGGG,1
GCATGGAACCAACGCC,1
GCATGGAACTAACTGC,1
GCATGGAACTAATTCC,1
GCATGGTACTAACTCC,1
GCATGTAACTGACTCC,1
GCCACACCCCTAGCTA,1
GCCAGCGCGGCTCGGG,1
GCCAGCTCCTATCCCT,1
GCCAGCTCGGATCCCT,1
GCCAGCTCGTATCCTT,1
GCCAGCTCGTATGCCT,1
GCCATCTACTGAAGGG,1
GCCATCTCGTATCCCT,1
GCCATTTACTGAAGGA,1
GCCATTTACTGAATGG,1
GCCATTTACTTAAGGG,1
GCCATTTGCTGAAGGG,1
GCCCCCGGAGCTTGGC,1
GCCGATTCACGAATAA,1
GCCGCTGCGGCGCGTG,1
GCCGCTGCGGCGTGTA,1
GCCGCTGCGGCGTGTT,1
GCCGCTGTGGCGTGTG,1
GCCGGAAGTTGCCAAG,1
GCCGGCGGTAGTGTCA,1
GCCGGCGTTAATGTCA,1
GCCGGCGTTAGTGCCA,1
GCCGGCGTTAGTGTCG,1
GCCGGCGTTAGTGTCT,1
GCCGGCGTTAGTTTCA,1
GCCTAAAAGATCATGA,1
GCCTAAAGAATCATGA,1
GCCTAAAGCATCATGA,1
GCCTAAAGGATCAGGA,1
GCCTAAATGATCATGA,1
GCCTAAGCGTGGGCAG,1
GCCTAATGGATCATGA,1
GCCTAGAGGATCATGA,1
GCCTCTGCGCGCAGTC,1
GCCTCTGCGGCGTGTG,1
GCCTGCGTTAGTGTCA,1
GCCTTTGCGCCCAGTC,1
GCCTTTGCGCGCACTC,1
GCCTTTTACTGAAGGG,1
GCGAAGTTCCATAGCG,1
GCGAAGTTTAATAGCG,1
GCGAAGTTTCATACCG,1
GCGAAGTTTCATATCG,1
GCGAAGTTTTATAGCG,1
GCGAGCTCGTATCCCT,1
GCGGAGTTTCATAGCG,1
GCGGCGTGCCGGTCAT,1
GCGGGTATTGGCTGTT,1
GCGGTATCAAGCCGGG,1
GCGTCCTCAACTCCTA,1
GCTAAGTTTCATAGCG,1
GCTATTATGACTTCAT,1
GCTCCATCTCAGATCG,1
GCTGTCTAGAAATTTT,1
GCTTAAAGGATCATGA,1
GCTTTTGCGCGCAGTC,1
GGAACCGCAGACACGT,1
GGAACGAGGTGTAACC,1
GGAAGCAAAGTTGACC,1
GGAAGTCCCTATGATG,1
GGACCATCGCACCCAA,1
GGAGGGATGGGCACGT,1
GGAGTGCGTATTGAGT,1
GGAGTGCTGCTGAAGT,1
GGATCTTTTACATTTA,1
GGCAAAATGGACATAT,1
GGCACTTTACGAGACA,1
GGCAGTGGTATACATA,1
GGCCCCTTGTAAGATG,1
GGGAAAGAAACTGGAG,1
GGGAAGAGTCACCGAT,1
GGGAAGTTTCATAGCG,1
GGGACCCTAGATGGTA,1
GGGAGTATGAAGAGCG,1
GGGCCATCTCAGATCG,1
GGGCGCCGGAGGAGTA,1
GGGCTTGCTATGGATC,1
GGGGACTCAATTCAGA,1
GGGTGAGCCAGTCTGA,1
GGGTGGAATTGGAGTA,1
GGTCCATCTCAAATCG,1
GGTCCATCTCAGTTCG,1
GGTCCATCTGAGATCG,1
GGTCCATCTTAGATCG,1
GGTCCGAATGGGGTAG,1
GGTCCGGAGAAAGTAG,1
GGTCGTGATACTCACA,1
GGTGCATCTCAGATCG,1
GGTGCTCCGACACGCC,1
GGTGGAGCGCCCTTAC,1
GGTGTACCCTTCAGCA,1
GGTGTTGGCTTGGTTA,1
GGTTAAATTTGGAAGC,1
GGTTAACCTTGGAAGC,1
GGTTAACTTCGGAAGC,1
GGTTAACTTTTGAAGC,1
GGTTAGCTTTGGAAGC,1
GTAAACAGTGTAGTTG,1
GTAAAGTTACGGATGG,1
GTAACCAAAGTTGACC,1
GTAACGAGGTGTAACC,1
GTAACGTTTGTGCAAA,1
GTAAGATTCATGGAGT,1
GTAAGCAAAGGGGACC,1
GTAAGCAAAGTTAACC,1
GTAAGCAAAGTTCACC,1
GTAAGCAACGTTGACC,1
GTAAGCAGAGTTGACC,1
GTAAGCGAAGTTGACC,1
GTAAGCGAGAAAAGCA,1
GTAAGCTTAATGGAGT,1
GTAAGCTTCATGGAGC,1
GTAAGCTTCATGGATT,1
GTAAGCTTCATGTAGT,1
GTAAGCTTGGCGCATC,1
GTAAGGGATTCAACTC,1
GTAATCTTCATGGAGT,1
GTAATTAGCATGCGGA,1
GTAATTCGCATGAGGA,1
GTAATTCGCATGCGAA,1
GTAATTCGCATGTGGA,1
GTACAAACCTGCCAAT,1
GTACAAACCTGCCCAT,1
GTACAAACCTGCTAAT,1
GTACAAACCTTTAAAT,1
GTACAAACGTGCAAAT,1
GTACAAACTTGCAAAT,1
GTACAAACTTTCAAAT,1
GTACATCCTAGTGACG,1
GTACCAACCTGCAAAT,1
GTACCCAGTTCCTAAG,1
GTACCCAGTTCCTGGG,1
GTACCCAGTTTCTTCG,1
GTACGATTGTCCGGAA,1
GTACGGCTCTTGATTA,1
GTACTAACCTGCAAAT,1
GTAGAACTGCGCCCCC,1
GTAGAACTGCGGCCCG,1
GTAGAGACTAGGACCA,1
GTAGAGCTGCGGCCCC,1
GTAGATACGAGGACCA,1
GTAGATACTAGGACCG,1
GTAGATACTAGGACGA,1
GTAGATACTAGGAGCA,1
GTAGATACTAGGATCA,1
GTAGATACTAGGGCCA,1
GTAGATACTATGACCA,1
GTAGATAGTAGGACCA,1
GTAGATATTAGGACCA,1
GTAGATGCTAGGACCA,1
GTAGATGCTATGACCA,1
GTAGCGTGCCGGTCAT,1
GTAGGTACTAGGACCA,1
GTATAAGCAGGTAAGG,1
GTATCTGTAGAGCGCT,1
GTATTTAACAGACGTA,1
GTCAAGTCACGGATGG,1
GTCAAGTGACGGATGG,1
GTCAAGTTACAGATGG,1
GTCAAGTTACGAATGG,1
GTCAAGTTACGGCTGG,1
GTCAAGTTGCGGATGG,1
GTCAGGATAATCGCGC,1
GTCCATCTCAGATTCA,1
GTCCGTCAGCATAAAA,1
GTCCGTCAGCATAAAT,1
GTCGATACTAGGACCA,1
GTCGCATCATGGAATG,1
GTCGCATCCTCGAATG,1
GTCGCATCCTGCAAAT,1
GTCGCATCCTGGAACG,1
GTCGCATCCTGGAAGC,1
GTCGCATCCTGGAATA,1
GTCGCATCCTGTAATG,1
GTCGCCACCAATCCGA,1
GTCGCCACTAATCCGA,1
GTCGCCGCTAACCCGA,1
GTCGCCGCTAATCCCT,1
GTCGCCGCTAATCCGG,1
GTCGCCGCTGATCCGA,1
GTCGGCGTTAGTGTCA,1
GTCGTATCAAGCCGGG,1
GTCGTATCCTGGAATG,1
GTGAACGAGAAAAGCA,1
GTGAACTTGTCGATAT,1
GTGAAGTTTCATAGCG,1
GTGAGAGAGAAAAGCA,1
GTGAGCAAGAAAAGCA,1
GTGAGCGAGAAAATCA,1
GTGAGCGAGAACAGCA,1
GTGAGCGATAAAAGCA,1
GTGAGCTAGAAAAGCA,1
GTGAGCTTCATGGAGT,1
GTGAGTGAGGAAAGCA,1
GTGCAATTGAAACATA,1
GTGCAATTGTCCGGAA,1
GTGCACCCTAGTGACG,1
GTGCAGCCTAGTGACG,1
GTGCATCCAAGTGACG,1
GTGCATCCCAGTGACG,1
GTGCATCCTAGCGACG,1
GTGCATCCTAGTGAGG,1
GTGCATCCTAGTGATG,1
GTGCATCCTATTGACG,1
GTGCATTCTAGTGACG,1
GTGCGACTGTCCGGAA,1
GTGCGATTGCCCGGAA,1
GTGCGATTGGCCGGAA,1
GTGCGATTGTACGGAA,1
GTGCGATTGTCCGGAC,1
GTGCGATTGTCCGGAG,1
GTGCGATTGTCCGGGA,1
GTGCGATTGTCCGGTA,1
GTGCGATTGTTCGGAA,1
GTGCGTCCTAGTGACG,1
GTGGCCCACGGGCATA,1
GTGGGACAAGATTGTA,1
GTGGGAGAAAGCCGGG,1
GTGGGATCAAGCCGGG,1
GTGGGATTGTCCGGAA,1
GTGGGCGAGAAAAGCA,1
GTGGTATCAAACCGGG,1
GTGGTATCAAGCCGAA,1
GTGGTATCAAGCCGCG,1
GTGGTATCAAGCCGTT,1
GTGGTATCGAGCCGGG,1
GTGTATCCTAGTGACG,1
GTTACAGAATACTAGA,1
GTTAGCAAAGTTGACC,1
GTTAGCGAGAAAAGCA,1
GTTATCATATCTAATA,1
GTTATCATGACTTCAT,1
GTTATTACGACTTCAT,1
GTTATTATGAATTCAT,1
GTTATTATGACTCCAT,1
GTTATTATGACTTCAA,1
GTTATTATGACTTCGT,1
GTTATTATGGCTTCAT,1
GTTGATACTAGGACCA,1
GTTGATCCGACACGCC,1
GTTGCTCCGACACGAC,1
GTTGCTCCGACACGTC,1
GTTGCTCCGACACTCC,1
GTTGCTCCTACACGCC,1
GTTGCTCGGACACGCC,1
GTTGCTCTGACACGCC,1
GTTGCTGCGACACGCC,1
GTTGTATCAAGCCGGG,1
GTTGTTATGACTTCAT,1
GTTTCAGATGCCCACC,1
TAAAAAACCTCCATGA,1
TAAAAAGACTCCATGA,1
TAAAAAGCCTCCACGA,1
TAAAAAGCCTCCAGGA,1
TAAAAAGCCTCCGTGA,1
TAAAAAGCCTCTATGA,1
TAAAAAGCTTCCATGA,1
TAAAAATCCTCCATGA,1
TAAAATCTACGGCGAC,1
TAAAGCGCGGTAAGAG,1
TAAATGCTGCATTAGG,1
TAACAATGTCATTTGA,1
TAACATGATTTCTCGA,1
TAACGACTCGACTAAC,1
TAACGTGATTACTCGA,1
TAACTGATAGTAACTC,1
TAACTTGATTTCTCGA,1
TAAGAAGCCAGCAAGA,1
TAAGCTCTTTTCGTTC,1
TAAGGATATATGGCTG,1
TAAGGCGCGCCTTCAA,1
TAAGGTGATTTCTCGA,1
TAAGTACGCTGAATGA,1
TAATAAGCCAACAAGA,1
TAATAAGCCAGAAAGA,1
TAATAAGCCAGCAAGC,1
TAATAATCCAGCAAGA,1
TAATAATGCCGTTGTC,1
TAATAGCAATAAAATC,1
TAATATTCCGGCGCGG,1
TACAAGAGAGGGGCCC,1
TACAAGAGATGGGTCC,1
TACAAGATAGGGGTCC,1
TACAAGGGAGGGGTCC,1
TACACACCCCTAGCTA,1
TACACGTAGAACCGCC,1
TACATAACGACGCAGT,1
TACATACCGACGCAAT,1
TACATACCGACGCGGT,1
TACATCAAGTTGGTGC,1
TACCAATATCATTTGA,1
TACCAATCTCATTTGA,1
TACCAATCTTCGAACT,1
TACCAATGCCGTTGTC,1
TACCAATGTCACTTGA,1
TACCAATGTCAGTTGA,1
TACCAATGTCATTCGA,1
TACCAATGTCATTTGG,1
TACCAATGTCATTTGT,1
TACCAATGTCTTTTGA,1
TACCAATTTCATTTAA,1
TACCACCCCAGAGATG,1
TACCAGCAATAAAATC,1
TACCAGTGTCATTTGA,1
TACCATTGTCGGAAAG,1
TACCCAAGGGACGGAC,1
TACCCCGTAAGCCACT,1
TACCCTGCAAGCCACG,1
TACCCTGCAAGCCAGT,1
TACCCTGCAAGCTACT,1
TACCCTGCAAGGCACT,1
TACCCTGCAATCCCCT,1
TACCTCCTCTAAAGTT,1
TACCTGATGCGGAACG,1
TACCTGCCGCGGAACG,1
TACCTGCTGAGGAACG,1
TACCTGCTGCGGAACC,1
TACCTGCTGGGGAACG,1
TACCTTCTGCGGAACG,1
TACGAGCAATAAAATC,1
TACGGTGGTCGATCCG,1
TACGGTTCCGACTAAG,1
TACGTCGTATCCACAG,1
TACTAACGCCGTTGTC,1
TACTAATAACCCTGCG,1
TACTAATGCCGGGGGC,1
TACTAATGCCGGTGTC,1
TACTAATGCCGTTTTC,1
TACTAATGCGGTTGTC,1
TACTAATGTCATTTGA,1
TACTAATGTCGTTGTC,1
TACTAGCAAGAAAATC,1
TACTAGCAATAAGATC,1
TACTAGCAATGAAATC,1
TACTATCAATAAAATC,1
TACTCTGCAAGCCACT,1
TACTGATAACACTGCG,1
TACTGATAACCCAGCG,1
TACTGATAACCCTGTA,1
TACTGATAACCCTTCG,1
TACTGATAACCGTGCG,1
TACTGATCACCCTTCG,1
TACTGTTAACCCTGCG,1
TACTTGCTGCGGAACG,1
TAGAACGAAGTAGGAG,1
TAGACTCTAGAGCTCT,1
TAGAGTTAATATGCGC,1
TAGATGATAGTAACTC,1
TAGCACTGTCGGAAAG,1
TAGCATTGCCGGAAAG,1
TAGCATTGGCGGAAAG,1
TAGCATTGTCGGAAAA,1
TAGCATTGTCGGAAAT,1
TAGCATTGTCGGAAGG,1
TAGCATTGTCGGAATG,1
TAGCATTGTCGGAGAG,1
TAGCATTGTCGTAAAG,1
TAGCCGATAGTAACTC,1
TAGCGGATAGTAACTC,1
TAGCTAATAGTAACTC,1
TAGCTGACAGTAACTC,1
TAGCTGATAGTAAATC,1
TAGCTGATAGTGACTC,1
TAGCTGATGGTAACTC,1
TAGCTTCAACTAAAAA,1
TAGGGGAACGGGAAGC,1
TAGGTCCCTATGTAAT,1
TAGTAATGCCGTTGTC,1
TAGTTGATAGTAACTC,1
TATAAAGAGAAGTGCG,1
TATACAGAGTTTGTTG,1
TATACTCAAGGAGGAT,1
TATACTCACGGAGGAC,1
TATACTCACGGGGGAT,1
TATATACCGACGCAGT,1
TATATCGTATCCACAG,1
TATATTAGTAACATAT,1
TATATTAGTAACATGA,1
TATCCAAGAGACGGAC,1
TATCCAAGGGACGGAA,1
TATCCAAGGGACGTAC,1
TATCCGGATAAAGTAG,1
TATCGTGATTTCTCGA,1
TATGAAGAGAAGTGCG,1
TATGGAAACGATCCCC,1
TATGGAGCGCCCTTAC,1
TATGTCCTATCCACAG,1
TATTAAGAGAAGCGCG,1
TATTAAGAGAGGTGCG,1
TATTAATACCCGGGAA,1
TATTACTAACTAGCGA,1
TATTAGGAGAAGTGCG,1
TATTATTAGGCGGCAT,1
TATTCCTAACCAGCGA,1
TATTCCTAACTAGCAA,1
TATTGACATAGCGATG,1
TATTGAGACGCGCAAG,1
TATTTCGTATCCACAG,1
TATTTCTGATGAATTG,1
TCAAGCGCGGTAAGAG,1
TCAATCGAGGGCTAAA,1
TCAATCGGGGGCCAAA,1
TCAATCGGGGGCGAAA,1
TCAATCGGGGGCTAAC,1
TCAATCGGGGGCTAAG,1
TCAATCGGGGGGTAAA,1
TCAATTGGGGGCTAAA,1
TCACGACTCGACTAAG,1
TCACGACTCGACTAAT,1
TCACGACTCGACTATC,1
TCACGGCTCGACTAAC,1
TCAGGAAACGATCCCC,1
TCAGTACGATCTACGC,1
TCAGTCGGGGGCTAAA,1
TCATAGTCCTCGTATG,1
TCATCGCACTACTGCT,1
TCATCTGTAGAGCGCT,1
TCATGAGTGTACGAGA,1
TCATGGGGGTACGAGA,1
TCATGGGTGTACAAGA,1
TCATGGGTGTACGACA,1
TCATGGGTGTACGGGA,1
TCATGGGTGTAGGAGA,1
TCATGGGTTTACGAGA,1
TCATTGGTGTACGAGA,1
TCCAAACCCCTAGCTA,1
TCCAAGAGAGGGGTCC,1
TCCACACCCATAGCTA,1
TCCACACCCCCAGCTA,1
TCCACCGCGGTAAGAG,1
TCCAGCAATGAGTTGT,1
TCCAGCACGGTAAGAG,1
TCCAGCGCCGTAAGAG,1
TCCAGCGCGGCAAGAG,1
TCCAGCGCGGCTCGGG,1
TCCAGCGCGGTAAAAG,1
TCCAGCGCGGTAAGCG,1
TCCAGCGCGGTAGGAG,1
TCCAGCGCGTTAATAG,1
TCCAGGGCGGTAAGAG,1
TCCAGTGGTATACATA,1
TCCCCATGGTTTGACA,1
TCCCCGCGGTTTGACA,1
TCCCCGTGGTTTGACG,1
TCCCTTCAACTAAAAA,1
TCCGGAAACGATCCCC,1
TCCTAGTCCTCGTATG,1
TCCTATGAAATAAGCT,1
TCCTATTAGGCGGCAT,1
TCCTATTCCGGCGCGG,1
TCCTCCGTTGGGAACT,1
TCCTTACCACTGCATC,1
TCCTTTGCGCGCAGTC,1
TCGAAAAAATCATAAA,1
TCGAAAGAAGGAGGAG,1
TCGAACGAAGCAGGAG,1
TCGAACGAAGGAGGAG,1
TCGAACGAAGTAAGAG,1
TCGAACGAAGTAGCAG,1
TCGAACGAAGTAGGGG,1
TCGAACGAAGTAGGTG,1
TCGAACGAAGTATGAG,1
TCGAACGAAGTGGGAG,1
TCGAACGAGGTAGGAG,1
TCGAACGGAGTAGGAG,1
TCGAACGTAGTAGGAG,1
TCGAACTAAGTAGGAG,1
TCGAATCGTCACCGAT,1
TCGAATGAAGTAGGAG,1
TCGACACCCCTAGCTA,1
TCGACTACTAGCCGGA,1
TCGAGGTAATATGCGC,1
TCGAGTGAATAGGCGC,1
TCGAGTTAATATGCGT,1
TCGAGTTAATATGTGC,1
TCGAGTTAATATTCGC,1
TCGAGTTATTATGCGC,1
TCGATGACTAGCCGGA,1
TCGATTAATAGCCGGA,1
TCGATTACTAGCAGGA,1
TCGATTACTAGCCCGA,1
TCGATTACTAGCCGCA,1
TCGATTACTCGCCTGA,1
TCGATTGCTAGCCGGA,1
TCGCAATTGAAACATA,1
TCGCCGCACTACTGCT,1
TCGCTCCAACTAAAAA,1
TCGCTGATAGTAACTC,1
TCGCTTCAACTAAAAT,1
TCGCTTCATCTAAAAA,1
TCGCTTCGACTAAAAA,1
TCGCTTTAACTAAAAA,1
TCGTATTAGGCGGCAT,1
TCGTCAGTTGGGAACT,1
TCGTCCGTCGGGAACT,1
TCGTCCGTTGAGAACT,1
TCGTCCGTTGGGAATT,1
TCGTCCGTTGGGGACT,1
TCGTCCGTTGGGTACT,1
TCGTCCGTTGTGAACT,1
TCGTCGCACTAATGCT,1
TCGTCGCACTACTGCA,1
TCGTCGCACTACTGTT,1
TCGTCGCACTATTGCT,1
TCGTCTCACTACTGCT,1
TCGTGACATAGCGATG,1
TCGTGTCTCCGAGCAA,1
TCGTTTCAACTAAAAA,1
TCTAAATCTCGCGGCA,1
TCTAACTCTCGCAGCA,1
TCTAACTCTCGTGGCA,1
TCTAACTGTCGCGGCA,1
TCTACGAGGCTACGTA,1
TCTATATCGAGATTCA,1
TCTCACAGAACCTATC,1
TCTCAGCTCTTAGCCA,1
TCTCAGTCCTCGTATG,1
TCTCATTAGGCGGCAT,1
TCTCTACCACTGCATC,1
TCTGACTCTCGCGGCA,1
TCTGGAAACGACCCCC,1
TCTGGAAACGATACCC,1
TCTGGAAACGATCCCA,1
TCTGGAAGCGATCCCC,1
TCTGGAGACGATCCCC,1
TCTTAAAGTGAACGAT,1
TCTTACTCCTCGTATG,1
TCTTAGACTGAACGAT,1
TCTTAGAGTGAAAGAT,1
TCTTAGAGTGAACGAA,1
TCTTAGAGTGGACGAT,1
TCTTAGTCATCGTATG,1
TCTTAGTCCCCGTATG,1
TCTTAGTCCTAGTATG,1
TCTTAGTCCTCGTGTG,1
TCTTAGTGCTCGTATG,1
TCTTAGTTCTCGTATG,1
TCTTATCAGGCGGCAT,1
TCTTATTAGGAGGAAT,1
TCTTATTAGGCGGAAT,1
TCTTATTAGGCGGCGT,1
TCTTATTAGGCGTCAT,1
TCTTCACATAGCGATG,1
TCTTCCGTTGGGAACT,1
TCTTGACATAACGATG,1
TCTTGACATACCGATG,1
TCTTGACATAGCGAAG,1
TCTTGACATAGCGTTG,1
TCTTGACATAGTGATG,1
TCTTGACATGGCGATG,1
TCTTGGCATAGCGATG,1
TCTTTAACACTGCATC,1
TCTTTACCACTGCAGC,1
TCTTTACCACTGCCTC,1
TCTTTACCACTGTATC,1
TCTTTACCGCTGCATC,1
TCTTTCTCAAAACATA,1
TCTTTGCCACTGCATC,1
TGAAAACATTACAAAT,1
TGAAAAGCCTCCATGA,1
TGACAAAAATACAAAT,1
TGACAACAATACAACT,1
TGACAACAGTACAAAT,1
TGACAGCAATACAAAT,1
TGACCTTTTACATTTA,1
TGACGAATTTGATTCC,1
TGACGTGATTTCTCGA,1
TGACTCCACGGACGCC,1
TGAGTTCATAGCTCCC,1
TGAGTTCATAGCTCCT,1
TGATAACAATACAAAT,1
TGATAAGCCAGCAAGA,1
TGATCCGCTTCATGCT,1
TGATCCTTTACATTTA,1
TGATCGGGGACATTGC,1
TGATCGTTTACATTTA,1
TGATCTATGACATTGC,1
TGATCTCTTACATTTA,1
TGATCTGTAGAGCGCT,1
TGATCTGTGAGATTGC,1
TGATCTGTTACATTGC,1
TGATCTGTTACATTTA,1
TGATCTTTGACATTGC,1
TGATCTTTGACATTTA,1
TGATCTTTTACACTTA,1
TGATCTTTTAGATTTA,1
TGATCTTTTGCATTTA,1
TGATGAGCCAGTCCGA,1
TGATGTGTGACATTGC,1
TGCAAGAGAGGGGTCC,1
TGCAGCGGTATACATA,1
TGCAGTAGTATACATA,1
TGCAGTGCTATACATA,1
TGCAGTGGGATACATA,1
TGCAGTGGTAGACATA,1
TGCAGTGGTGTACATA,1
TGCAGTGGTTTACATA,1
TGCATACCGACGCAGT,1
TGCATCTAACAGATAG,1
TGCCCGGATAAAGTAG,1
TGCGATGGTCGATCCG,1
TGCGATTCCGGCGCGG,1
TGCGGTAGTCGATCCG,1
TGCGGTGGTAGATCCG,1
TGCGGTGGTATACATA,1
TGCGGTGGTCGATACG,1
TGCGGTGGTCGATCTG,1
TGCGGTGGTCTATCCG,1
TGCTAATGCCGTTGTC,1
TGCTAGCAATAAAATC,1
TGCTATTCCGGCACGG,1
TGCTATTCCGGCACGT,1
TGCTATTCCGGCGCCG,1
TGCTATTCCGGCGCGA,1
TGCTATTCCGGCGCTG,1
TGCTATTCCTGCGCGG,1
TGCTATTGCGGCGCGG,1
TGCTGATAACCCTGCG,1
TGGAACCGTCACCGAT,1
TGGAATAGGCGTCACA,1
TGGAATCGCCACCGAT,1
TGGAATCGTAACCGAT,1
TGGAATCGTCAACGAT,1
TGGAATCGTCACAGAT,1
TGGAATCGTCACCGGT,1
TGGAATCGTCAGCGAT,1
TGGAATCTTCACCGAT,1
TGGACTCGTCACCGAT,1
TGGAGTATGAAGAGCG,1
TGGCATCGTCACCGAT,1
TGGCCCGCTTCATGCT,1
TGGCTCCTGAGTAGTA,1
TGGGGAGCGCCCTTAC,1
TGGGGGAACGGGAAGC,1
TGGTCCCCTTCATGCT,1
TGGTCCGCCTCATGCT,1
TGGTCCGCTCCATGCT,1
TGGTCCGCTTCATACT,1
TGGTCCGTTGGGAACT,1
TGGTGGACGGGCATGG,1
TGTAACAGGCGTCACA,1
TGTAACTCTCGCGGCA,1
TGTAAGAGGCGTCACA,1
TGTAATAGCCGTCACA,1
TGTAATAGGAGTCACA,1
TGTAATAGGCGTCCCA,1
TGTAATAGGCGTTACA,1
TGTAATAGGGGTCACA,1
TGTAGTGGTATACATA,1
TGTATATCCAACACCA,1
TGTATTTGCGCTTCAA,1
TGTCCGGATAAAGCAG,1
TGTCCGGATAAAGTGG,1
TGTCCGGATAAATTAG,1
TGTCCGGATAAGGTAG,1
TGTCCGGGTAAAGTAG,1
TGTCGTAATCTGAATA,1
TGTCTGGATAAAGTAG,1
TGTGCAGCGCCCTTAC,1
TGTGGAGCACCCTTAC,1
TGTGGAGCGCACTTAC,1
TGTGGAGCGCCCTTGC,1
TGTGGAGCGTCCTTAC,1
TGTGGAGCTCCCTTAC,1
TGTGTTGAATAGGCGA,1
TGTTAACTTTGGAAGC,1
TGTTAAGAGAAGTGCG,1
TGTTCAGCGATAACGG,1
TGTTCCGCTTCATGCT,1
TGTTCTAATCTGAATA,1
TGTTGACATAGCGATG,1
TGTTGACCCAGTCTGA,1
TGTTGAGCCACTCTGA,1
TGTTGAGCCAGTATGA,1
TGTTGAGCCAGTCGGA,1
TGTTGAGCCAGTCTCA,1
TGTTGAGCCAGTGTGA,1
TGTTGAGCCAGTTTGA,1
TGTTGAGCCATTCTGA,1
TGTTGTAATATGAATA,1
TGTTGTAATCCGAATA,1
TGTTGTAATCTGAAGA,1
TGTTGTAATCTGTATA,1
TGTTTAGCCAGTCTGA,1
TTAAAAGCCTCCATGA,1
TTAACTGTAGAGCGCT,1
TTAAGAATTTGATTCC,1
TTAATGTAGCAGCTCC,1
TTAATGTAGCCGCCCC,1
TTAATGTAGCCGCTGC,1
TTAATGTAGCCTCTCC,1
TTAATGTAGTCGCTCC,1
TTAATGTGGCCGCTCC,1
TTAATTTAAGTATCAA,1
TTACAACAATACAAAT,1
TTACAATTGAAACATA,1
TTACACGAGGTTGTGA,1
TTACGAACTTGATTCC,1
TTACGAATCTGATTCC,1
TTACGAATGTGATTCC,1
TTACGAATTTAATTCC,1
TTACGAATTTGAGTCC,1
TTACGAATTTGATGCC,1
TTACGAATTTGATTCT,1
TTACGAATTTGGTTCC,1
TTACGAGTTTGATTCC,1
TTACTAATTTGATTCC,1
TTAGATACTAGGACCA,1
TTAGCACAGCGTAGGC,1
TTAGGCACTAAATTAA,1
TTATATGTAGAGAGCT,1
TTATCGGGAGAGCGCT,1
TTATCTATAGAGCGCT,1
TTATCTGGAGAGCGCT,1
TTATCTGTAGAGCCCT,1
TTATCTGTAGAGCGGT,1
TTATCTGTAGAGGGCT,1
TTATCTGTAGGGCGCT,1
TTATCTGTTGAGCGCT,1
TTATGAATTTGATTCC,1
TTATTTGTAGAGCGCT,1
TTCAAAAAATCATAAA,1
TTCAATGTCGTAGGAT,1
TTCAGGATAATCGCGC,1
TTCATATCCAACACCA,1
TTCATATCGAGATTCA,1
TTCATCAAGGTGGTGC,1
TTCATCAAGTTAGTGC,1
TTCATCAAGTTGGCGC,1
TTCATCAAGTTGGTGA,1
TTCATCAAGTTGGTGT,1
TTCATCAAGTTGTTGC,1
TTCATCGAGTTGGTGC,1
TTCATGAAGTTGGTGC,1
TTCCGTGATACTCACA,1
TTCGCATCCTGGAATG,1
TTCTAATGCCGTTGTC,1
TTCTGGCTAGACTCGT,1
TTCTGTCCAAACTCGT,1
TTCTGTCCACACTCGT,1
TTCTGTCCAGAATCGT,1
TTCTGTCCAGACCCGT,1
TTCTGTCCAGACTTGT,1
TTCTGTCCAGAGTCGT,1
TTCTGTCCAGATTCGT,1
TTCTGTCCATACTCGT,1
TTCTGTCGAGACTCGT,1
TTCTGTGGTATACATA,1
TTCTGTTCAGACTCGT,1
TTCTTACGATCCTACG,1
TTCTTACGCTCCTACG,1
TTGAAAAAAGCATAAA,1
TTGAAAAAATAATAAA,1
TTGAAAAAATCATAGA,1
TTGAAAAAATCATGAA,1
TTGAAAAAATCGTAAA,1
TTGAAAAAGTCATAAA,1
TTGAAAAGATCATAAA,1
TTGAACTTATCTGTGG,1
TTGAATCGTCACCGAT,1
TTGACTCACTGAATAA,1
TTGAGGAACGGGAAGC,1
TTGATATCCAACACCA,1
TTGATCCTGAGTAGTA,1
TTGATGTAGCCGCTCC,1
TTGCAAGTGAAACATA,1
TTGCAATCGAAACATA,1
TTGCAATGGAAACATA,1
TTGCAATTGAAACGTA,1
TTGCAATTGAAGCATA,1
TTGCAGTTGAAACATA,1
TTGCCCCTGAGTAGTA,1
TTGCTCATGAGTAGTA,1
TTGCTCCTGAGTAATA,1
TTGCTCCTGAGTAGGA,1
TTGCTCCTGAGTAGTT,1
TTGCTCCTGAGTATTA,1
TTGCTCCTGAGTTGTA,1
TTGCTCCTGCGTATTA,1
TTGGATCAGTCGCGCC,1
TTGGGAACTAAATTAA,1
TTGGGCACTAAAGGAA,1
TTGGGCACTAAATGAA,1
TTGGGCACTAAATTAG,1
TTGGGCACTAAATTAT,1
TTGGGGAAAAGGAAGC,1
TTGGGGAACGAGAAGC,1
TTGGGGAACGGGAAGG,1
TTGGTCCTGAGTAGTA,1
TTGGTGAACGGGAAGC,1
TTGTAATTGAAACATA,1
TTGTATCAGTAACGCC,1
TTGTATCAGTAGCGCA,1
TTGTATCAGTCCCGCC,1
TTGTATCAGTCGCCCC,1
TTGTATCAGTCGCGGC,1
TTGTATCAGTCGCGTC,1
TTGTATCAGTCGTGCC,1
TTGTATCATTCGCGCC,1
TTGTGCACTAAATTAA,1
TTGTTCCTGAGTAGTA,1
TTGTTTCAGTCGCGCC,1
TTTAAAAAATCATAAA,1
TTTAACAGAACCTATC,1
TTTACATCCAACACCA,1
TTTAGATCCAACACCA,1
TTTAGGTATTACATGC,1
TTTATAGCCAACACCA,1
TTTATATAGAGATTCA,1
TTTATATCAAGATTCA,1
TTTATATCCAACACGA,1
TTTATATCCAACAGCA,1
TTTATATCCAAGACCA,1
TTTATATCCAGCACCA,1
TTTATATCGAACACCA,1
TTTATATCGAGACTCA,1
TTTATATCGATATTCA,1
TTTATATCGTGATTCA,1
TTTATATGCAACACCA,1
TTTATATTGAGATTCA,1
TTTATGTAGCCGCTCC,1
TTTATGTCGAGATTCA,1
TTTCAACGTTGTTTTG,1
TTTCACAGAAACTATC,1
TTTCACAGAACATATC,1
TTTCACAGAACCAATC,1
TTTCACAGAACCTAAC,1
TTTCACAGAACCTAGC,1
TTTCACAGAACCTATA,1
TTTCACAGAACCTATT,1
TTTCACAGAACCTGTC,1
TTTCACAGAATCTATC,1
TTTCAGAGAACCTATC,1
TTTCAGCGTTATTTTG,1
TTTCAGCGTTGGTTTG,1
TTTCAGCGTTGTTGTG,1
TTTCAGGGTTGTTTTG,1
TTTCATGATACTCACA,1
TTTCCATCTCAGATCG,1
TTTCGGCGTTGTTTTG,1
TTTCGGCTCTTGATTA,1
TTTCGTGACACTCACA,1
TTTCGTGATACTAACA,1
TTTCGTGATACTCACT,1
TTTCGTTATACTCACA,1
TTTGGAGCGCCCTTAC,1
TTTGTATCGAGATTCA,1
TTTTACAGAACCTATC,1
TTTTAGAGTGAACGAT,1
TTTTGTAATCTGAATA,1
