barcode,count
GGTCCATCTCAGATCG,142610
ACCGGAAGTTGCCAAG,10135
CTTAGGTATTACATGC,9956
CAGATAATATAGAGAC,5659
TCGTTGCACTACTGCT,3502
TTGTATCAGTAGCGCC,2993
ATGGAATCGCAAATTA,1503
TCTTAGAGTGGACGAT,486
ACAGTCTGAACCATAC,407
ACGGGAATTGGCTGTT,396
CTATATTGCCCTGAAG,324
TTGTATAAGTCGCGCC,319
ACGTATGACTTTCGAG,303
TGCAGTGGTATACAGA,291
CACCAATCTTCGAATT,267
CTATATTGCCCAGAAG,263
ACTACGAGGATACGTA,256
CTAATTTAAATATCAA,230
GAGGGGTAGAGAGACG,222
TCAAACGAAGTAGGAG,213
GAGGGGTAGAGATACA,204
TCCAACGCGGTAAGAG,190
AGATCCCAAGTCCTTT,186
TGTTGAGCGCCCTTAC,184
CCCTTCGCGGCTCGGG,182
AACCACCGAGTGACAG,151
AGTGTTGAATAGGCAA,150
TTGGGGAACGGGAAGT,139
GACAAAGGGGACATAT,138
TGCTATTCCGGTGCGG,135
GTAGAACTGCGGCCCA,131
AACCACTGAGTGACCG,122
ATTGTCATATCTAATA,122
CCCTGCGTGGCTCGGG,119
ATTATCATACCTAATA,117
AACGACAAACAGGAAG,115
GTAAAAACCTGCAAAT,111
TTACGAATTTGACTCC,111
AAGAAGACTTTGTAAT,109
GGCATAGGGATATGTG,109
CTTAGGTATTATATGT,106
GACGACAAACAGTAAG,106
AATCGCTGACACCCGT,104
GTACCCAGTTCCTGTG,104
AACCACCGAGTGACTG,101
CGTGTACCCTTCATCA,100
AGTGTACCCTTCAGCA,97
TTGAAAAAGTCATAAA,96
GAGGGGGAGAGATACG,93
GTACAAACCTACAAAT,93
TACCACCGAGTGACCG,92
TCTTAGTCCTCGTGTG,92
GACGGGATGGGCTCGT,91
GAGGGGTAGAGATAAG,91
ATTACGAATGGGGTAG,90
TTGATTACTAGCCGGA,90
TCTAACTCTCGCGACA,88
CCCTGCGGGGCTCGGG,87
CGCGACACCCTTCCGA,87
GCCACTGCGGCGTGTG,87
TACCCCGCAAGCCACT,87
TACCCTGTAAGCCACT,85
TCTTATTAGGCGACAT,85
CTATATTGCCAGGAAG,84
CCCTATGAAACAAGCT,83
AGTTTTGAATAGGCGA,82
GAGGGGTAGGGATACG,81
AAGCGGTGGTGTGATT,80
TCCAGCGCGGTCAGAG,80
CAAATGCTGCATGAGG,79
GAGGGGTGGAGATACG,79
GGGGGGTAGAGATACG,79
AAAAAATTTATGGCAA,78
AACGGTTCCGACGAAG,78
ATGGGATTAGAGAAAC,78
GGTCCATCTCAGATAG,77
GTACAAACCCGCAAAT,77
TTCTGTCAAGACTCGT,77
CCTTGATGCATTCCCA,76
AACCACAGAGTGACCG,75
ACACGGGTTAGCTGTA,75
CCCGGGACCAAAACCG,75
ATACAAACCTGCAAAT,74
TTGGGGAACGAGAAGC,74
TTGGGGAACGGGAAGA,74
ACATCCTCAACTCCTA,73
CCCTGTGCGGCTCGGG,73
TGGACCCTAGATGGTA,73
CAATTAAAAATACATA,72
TGTGTACCCTTCAGCA,72
CCTTGATGCATTCCCT,71
CGTGTACCCTTCAACA,70
GTGCGATTGTCAGGAA,70
AACCACCTAGTGACCG,69
CCCTGCGCGGCTCTGG,69
GAGGGGGTACGTCACC,69
AGTCGTTTGGATAGTT,68
CATACAGAGTTTTTTG,68
CCGGATAAATAAGAAC,68
CGGACCCTAGATGGGA,68
AACAGAAGTCCAGGTA,67
AGTGTTGAATAAGCGA,67
CCCTGCGCGACTCGGG,67
CGTGTACCCCTCAGCA,67
CTGAGCTGCCAAGAAG,67
GATCTTGGGGGGAGTC,67
GTACAAACCTGAAAAT,67
GTTTAAATTCGAGGAC,67
AATCGCTGGCACCCAT,66
GATCGCTGGCACCCGT,66
TAATGGGTGTACGAGA,66
CCATGCGCGGCTCGGG,65
CGTGTACCCTTCAGTA,65
CTATTTAACAGACATA,65
TCTTTACCACTGCAAC,65
CCTGGGTTAAGTGGTG,64
CGTTTACCCTTCAGCA,64
TCTTATTAGGAGGCAT,64
TTGTATCAGTCGCGTC,64
AGTATTTGCTCTTCAA,63
TCCCCGTGGTTTGGCA,63
TTATCTTTAGAGCGCT,63
AACCACCGAGTGACCA,62
CATGTACCCTTCAGCA,62
CCCTGCGCGGATCGGG,62
CGTGTACCCTTCAGAA,62
TACCCTGCAATCCACT,62
ACCGAATGAATAATCC,61
CCCTGCGAGGCTCGGG,61
CTGGACTTATCTGTGG,61
CTGGAGGCCTGGCCCA,61
GTACCCAGTTCCCGCG,61
ATTCCGAATGTGGTAG,60
GTACAAACCTTCAAAT,60
GTGTGATTGTCCGGAA,60
TTACGAATTTGATTCT,60
AGTATTTGCGCTTCAG,59
CAAATGCTGTATTAGG,59
AAATTAGAAATACATA,58
CAATTAGAAATACATG,58
GTACAAACCTGCAAAG,58
GTACCCAGTTCCTGAG,58
GTGAGATTGTCCGGAA,58
GTGCAAACCTGCAAAT,58
TCGATTACTAGCCTGA,58
ACAAGCAATGAGTTGT,57
ACCTAATGAATCATCC,57
ACCTGCGCGGCTCGGG,57
ATGAGCGAGAAAAGCA,57
CACCAGATGTACAGTC,57
CGGGGAATGTAAATGA,57
GTGGTATCAAGACGGG,57
CCTTGATGCATTCCTG,56
TAATTAGAAATACATA,56
GAGGGGTAGAGATACT,55
TCCAGCGAGGTAAGAG,55
ACAGTCCACCATGGAG,54
AGGAGCATGAAGAGCG,54
CCCCGCGCGGCTCGGG,54
CCTTGATGTATTCCCG,54
GACAGAAGTCCATGTA,54
GACCACCGAGTGACCG,54
GAGGGGTAGAGATATG,54
GCCAGCTCGTATCCCC,54
TGATAAGCCAGCAAGA,54
TTGGGGAAAGGGAAGC,54
TTGTATCAGTCGCACC,54
AAAAAATTTATGAAAA,53
AATCGCTGGCACCAGT,53
CCAAGCTTGGTGCATC,53
CCCTGCGCGGCTCGGT,53
CCCTGCGCGGCTCGTG,53
CGTGTACCCTTAAGCA,53
GGTTGGGGTCTCCCTT,53
GTACCAAGTTCCTGCG,53
TCATGGGTGTAAGAGA,53
TTATCTGTAGAGCGCC,53
AGTGTTGCATAGGCGA,52
GAATGGAACTAACTCC,52
GTACCCAGCTCCTGCG,52
GTAGAACTGTGGCCCC,52
GTGGGATTGGAGAAAC,52
TCCAGAGCGGTAAGAG,52
TTGGGGAACGGGAATC,52
ACCGAATGGATCATCC,51
AGAAAATCTCGGATAC,51
ATTAGGGCTACGGGAG,51
CATGTGGAGTTCAACA,51
CCCTGCGCGGCTCAGG,51
CGAGACACCCTTCCGG,51
GCCGAATGAATCATCC,51
GTGGTATCGAGCCGGG,51
AACACGTAGAACCACC,50
AATAGCTGGCACCCGT,50
GATCACCATCGACTTC,50
TTATCTGTAGAGAGCT,50
AATCGCTGGCACCCGC,49
ACAAGATTCGGGGGGC,49
AGGAGTAGGAAGAGCG,49
AGTGTTGAATAGGAGA,49
ATTAGGTATTATATGC,49
CGTGTACACTTCAGCA,49
GAGGGGCAGAGATACG,49
GATCTTGGGGAGAGTA,49
GTAACCAGTTCCTGCG,49
TACCATGCAAGCCACT,49
TCATGGGTATACGAGA,49
TCATGGGTGGACGAGA,49
AGAAAATCCCAGATAC,48
AGGACCCTAGATGGTA,48
ATGGGATGGGAGAAAC,48
CCCTGCGCGGCTAGGG,48
CGCGACACCCTTCCGT,48
CGTGTACCCTTCAGCT,48
CTAGCACAGCGTAGGT,48
TGCTATTCCGGCGAGG,48
ACCAGCAGTGAGTTGT,47
CATTGAGGCGCGCAAG,47
CTTAGGTATTATGTGC,47
AAAAAATTTAGGACAA,46
AATCGCTGGCACCCTT,46
ACTGTCTGGAAATTTT,46
AGAATAGGGATATGTG,46
CCCTGCGCGTCTCGGG,46
GAATAAGAGAACAGAG,46
GTAGAACTGCTGCCCC,46
AACCACCGAGTGACCT,45
AATACAGAGTTTGTTG,45
AGTGTTGAAGAGGCGA,45
CAATTAGAAATAAATA,45
CCCTGCTCGGCTCGGG,45
CTTAGGTATCATATGC,45
GAGAGCTACAGAAGCG,45
GGTAAACATGCATTGG,45
GTACAAACCTGCAAAC,45
TTATCTGTAGAGTGCT,45
AAGGTCCCTATATAAT,44
ATCGGGATAATCGCGC,44
CGTGTACCATTCAGCA,44
TAGATTACTAGCCGGA,44
TATCCAAGGGACAGAC,44
AATCGCTGGAACCCGT,43
CGCGACACACTTCCGG,43
GAAATGCGTATTGAGT,43
GTACCCAGTTCCTTCG,43
TTTATATCGAGAGTCA,43
AAGGGGCCTCTTAATG,42
AGGTTCAGACTCTTGT,42
CGTGTAACCTTCAGCA,42
CGTTCGGCGATAACGG,42
CTTAGGTATTATATGA,42
GAGAGCTGCGGAAGCG,42
GGTCCATCTCGGATCG,42
GTAGAACTGCGTCCCC,42
GTGGTATCAAGCCTGG,42
TCTTATTAGGCGGTAT,42
TTGTATCAGTCGCGCA,42
AACTTCCCTGACTGCC,41
AATCGCTGGTACCCGT,41
ACCATCAATGAGTTGT,41
ACCGAATGAGTCATCC,41
AGTCGCTGGCACCCGT,41
ATTTAAATTATAGTCT,41
CAAATGCTGCATTGGG,41
CCGAATAAATCAGAAC,41
CCTTGATGCACTCCCG,41
CGTGTACCCTTCGGCA,41
CTATATTTCCCGGAAG,41
CTCAAATAATTGGCAC,41
CTTAACTTATCTGTGG,41
GAGGGGTAGAGATGCG,41
GTAGAAATGCGGCCCC,41
GTAGAACTGCGACCCC,41
GTAGAACTGCGGCCAC,41
TACCCGGCAAGCCACT,41
TCAAGCGCGGTAAGAG,41
TCCAGCGCAGTAAGAG,41
TCCAGCGCGGGAAGAG,41
TCGATTACTAGCCGGG,41
TCTAACTCTCGAGGCA,41
TTACAAACCTGCAAAT,41
AAAGGCGCTCCTTCAA,40
ACCAGCAATGGGTTGT,40
AGTGTTGAATGGGCGA,40
ATACACGAGTTTGTGA,40
CACTAGATGCACAGTC,40
GCCAGCTCGTATTCCT,40
GTACCCAGTTCCTACG,40
GTGATATCAAGCCGGG,40
GTGCGATTGCCCGGAA,40
GTGGTATAAAGCCGGG,40
TCGATTACTAGCAGGA,40
TCTTTACCACCGCATC,40
AAAAGAAGTCCATGTA,39
AACGGTTCCGACCAAG,39
AATGAAACAATCGAGC,39
ATTCAGAATGGGGTAG,39
CAATTATAAATACATA,39
CAATTGGAAATACATA,39
CCTTTATGCATTCCCG,39
CGGGAAATGGAAATGA,39
GTACAAACCGGCAAAT,39
GTCAAGTTGCGGATGG,39
TACCCTGCAAGCCACC,39
TCCAGCGCGGCAAGAG,39
TCCGGCGCGGTAAGAG,39
TGTCCATCTCAGATCG,39
TTGCTCCTGGGTAGTA,39
TTTATATCCAACACCG,39
TTTATATCCAACACCT,39
AAAAAATTTGTGACAA,38
AAAATGCTGCATTAGG,38
AAGCGGTGATGTGAGT,38
AATGTGGAGCCCAACA,38
ACCAGAAATGAGTTGT,38
ACCAGCAATAAGTTGT,38
ACCGATTCACTAATAA,38
ACGTGTCTCTGAGCAA,38
AGGTCGGGACTCATCT,38
CCCTGAGCGGCTCGGG,38
CGGGAACATACAGAAC,38
CTTACTACGCGAGAGT,38
CTTAGGTATTATATAC,38
GAAGAAACTACAACCA,38
GTACAACCCTGCAAAT,38
GTACCCAGTTCCTGCT,38
GTAGAACTGCGGACCC,38
TGCGGTGGTCGATCTG,38
AACAGCAATGAGTTGT,37
AACGAATGAATCATCC,37
AACGACAAACAGTGAG,37
ACACGGGTTGGCGGTA,37
ATCCGATTTAAGGGCA,37
ATGGGATTGGAGAAAA,37
CCTTGATGAATTCCCG,37
CGGGGACAAGATGGTA,37
CGTGTACCCTTCAGCG,37
CTGGGGAACGGGAAGC,37
CTTGTACCCTTCAGCA,37
GAAATCCCCAAAGAAC,37
GTACAAACCTGTAAAT,37
GTCGCCGCTAATCCTA,37
GTGCGATTGTCCGGGA,37
TCATTGGTGTACGAGA,37
TCTATTACTAGCCGGA,37
TGCTATTCCTGCGCGG,37
TTATCTGCAGAGCGCT,37
TTCATCAAGTTGGTGT,37
TTCTATTCCGGCGCGG,37
AACCACCGAGTTACCG,36
AACTTCCCTGACTACT,36
ACGTGTCTCCGGGCAA,36
ATATATTGCCCGGAAG,36
ATTCCGAATGGGGGAG,36
ATTCCTAATGGGGTAG,36
ATTTAAATTCGGGGAC,36
CGTGTACCCTCCAGCA,36
CTATATTGGCCGGAAG,36
CTGAACTTATATGTGG,36
CTGGGGGCCTGGCCCC,36
CTTAGGCTCTTGATTA,36
GATCACGCAGAAAAGG,36
GCATCCTCGACTCCTA,36
GTACAAACCTGCAGAT,36
TCGAACGAAGTAGGGG,36
TCGATTACTATCCGGA,36
TCTTATTGGGCGGCAT,36
AAACCCAGAAGACCCC,35
AACAGAGGTCCATGTA,35
AATCGATGGCACCCGT,35
ACGGATAAATCAGAAC,35
AGAAAATCTAAGATAC,35
AGGAGTATGAAGAGTG,35
ATCCACGAAGTTGTGA,35
CGCGACACCCTTCCTG,35
CGTATACCCTTCAGCA,35
CTAGCACAGCGTAGGA,35
CTATATTGCACGGAAG,35
CTATATTGTCCGGAAG,35
GAAAACAGTGTAGTTG,35
GCATGGAAATAACTCC,35
GGTCCATCTCAGATTG,35
GTGCGATTGTACGGAA,35
TACTGATAACCCTGTG,35
TATTAAGAGAAGGGCG,35
TCATGGGGGTACGAGA,35
TCATGGGTGTATGAGA,35
TCCATCGCGGTAAGAG,35
TCGATTACTAACCGGA,35
TCGATTACTGGCCGGA,35
TCGTCCGTTGGGAGCT,35
TGCGGTGGTCGATCCA,35
TTGGGGAATGGGAAGC,35
TTTATATACAACACCA,35
AAAGGTTCCGACTAAG,34
AAAGTAGCAAAGGATT,34
AACGGTTCCTACTAAG,34
AAGGGGTAGAGATACG,34
AATCGCCGGCACCCGT,34
ACCGGATGAATCATCC,34
ACTGTCCAGAAATTTT,34
AGCCACCGAGTGACCG,34
ATTCCGAATGGGGTGG,34
CCGTATAAATCAGAAC,34
CCTTGATTCATTCCCG,34
CGTGTGCCCTTCAGCA,34
CTGAACTTATCTTTGG,34
CTGAGGGGTTCAACTC,34
CTTAGGTATTATATTC,34
GAATAATGGAACAGAG,34
GAGGGGTAGATATACG,34
GATCTCCATCGACTTC,34
GGTCCATCTAAGATCG,34
GTAGAACTGAGGCCCC,34
GTGCTATTGTCCGGAA,34
GTTGCTCCGACACGCA,34
TAACGTTATTTCTCGA,34
TAGCATTGTAGGAAAG,34
TCATGGTTGTACGAGA,34
TCCAGTGCGGTAAGAG,34
TCGCTTCAACTAAAGA,34
TCGGATAAATCAGAAC,34
TCGTACGTTGGGAACT,34
TCTTATTAGGCGTCAT,34
TGCTATTCCGGAGCGG,34
TTATATGTAGAGCGCT,34
TTGAAAAAATCAGAAA,34
AAACCCATAAGACCCA,33
ACAAGATTAGGGGGAC,33
ACAAGATTCTGGGGAC,33
ACGTGTCTCCTAGCAA,33
AGCATAGGGATAGGTG,33
AGCGACACCCTTCCGG,33
AGGACTATAGTTGGTA,33
ATAACGTTTGTGCGAA,33
ATGAACTTATCTGTGG,33
CAAATGCTTCATTAGG,33
CAATTAGAGATACATA,33
CACTGCGCGGCTCGGG,33
CAGGCTCTAGAGCTCC,33
CCTTGATGCATTCCCC,33
CGCGACACCCTCCCGG,33
GCGCGATTGTCCGGAA,33
GGCCCATCTCAGATCG,33
GGTCCATCTCATATCG,33
GTACACAGTTCCTGCG,33
TCCAGCGCGGTAAGGG,33
TCCAGCGCGGTAGGAG,33
TGAAGTGGTATACATA,33
TGCGACACCCTTCCGG,33
TGCTATTCTGGCGCGG,33
TTGGGGAACGGGGAGC,33
AAGAACCTCGTTGTCT,32
AATGCGAGCATGGCAA,32
ACACGGGTTGGATGTA,32
ACCCCCGGAGCTTGGT,32
ACGGGGATTGGCTGTC,32
AGGACTATAGTTAGCA,32
AGTATTTGTGCTTCAA,32
AGTTGGGGTCTCCCCT,32
ATGGCCCACGGGCGTA,32
CAAATGATGCATTAGG,32
CAAATGCTGAATTAGG,32
CAAATGCTGCATTATG,32
CAGAACCTCGTTGTCC,32
CATTGATGCATTCCCG,32
CCTTGATGCGTTCCCG,32
CGTACCCTAGATGGTA,32
CTGGATAAATCAGAAC,32
CTTACAGAATACGAGA,32
GACGGTTCCGACTAAG,32
GAGAGCTGCAGAAGAG,32
GTACAAAACTGCAAAT,32
GTACCCAGTTCCGGCG,32
GTATGGAACTAACTCC,32
GTGAGAGAGAAAAGCA,32
GTGAGTGAGAAAAGCA,32
GTGCGATTTTCCGGAA,32
GTTGCTCCGACACACC,32
TACCCTGCAAGACACT,32
TCATGGGTGTACTAGA,32
ACAGAATGAATCATCC,31
ACGTATGATTTTCGGG,31
AGCATAGGGATATGGG,31
AGGCGGTGATGTGATT,31
ATAGAACTGCGGCCCC,31
CCATATGAAATAAGCT,31
CGCACTTTATGAGACA,31
CGTGTACCCGTCAGCA,31
CTAATTTAAGTATAAA,31
CTATATTGACCGGAAG,31
CTTCGGCTCTTGATTG,31
GAGAGCTGAAGAAGCG,31
GAGGGGTAGAGGTACG,31
GATGGGATGGGCACGT,31
GGAAAATCTCAGATAC,31
GGTCCATCCCAGATCG,31
GGTCCATCTCAGATCA,31
GTACCCAATTCCTGCG,31
GTACGAACCTGCAAAT,31
GTCAAGTTATGGATGG,31
GTGGTATCAATCCGGG,31
TACCCTGAAAGCCACT,31
TATTAAGAGAAGTGAG,31
TCTAACTCTCTCGGCA,31
TCTTGATGCATTCCCG,31
TTCTGTCCAGACTCAT,31
TTGGGGAACAGGAAGC,31
TTGGGGAACGGGAGGC,31
TTGGGGGACGGGAAGC,31
TTTATGTCCAACACCA,31
AACAACCGAGTGACCG,30
ACATGGAACTAACTCC,30
ACTTGATGCATTCCCG,30
CCCTGCGCGGCTCGAG,30
CCTTGATGCATTCCAG,30
CGGACCCTAGATTGTA,30
CGGTCGGGACTCACCT,30
CGTTCAGTGATAACGG,30
CTATATTGCCCGTAAG,30
CTATTTAACAGATGTA,30
CTGGAGGCCTTGCCCC,30
CTTAGGTATTGTATGC,30
GAGAGATGCAGAAGCG,30
GATCGTCATCGACTTC,30
GCAATCTGAACCATAC,30
GTAGAACTGCGGCACC,30
GTCGCCTCTAATCCGA,30
GTGCGATTGTCCTGAA,30
GTTCCGAATGGGGTAG,30
TAACGTGATTTCTAGA,30
TCCTAAAGGATCATGA,30
TCGTCCGTTGAGAACT,30
TCTTGACATAGAGATG,30
TTGGGGAACGGGAAAC,30
TTGGGGAGCGGGAAGC,30
AAAAAATCTATGACAA,29
AAAAAATTTATTACAA,29
ACAATCTGAACCACAC,29
ACCGAATTAATCATCC,29
AGCTCCTGGGGTATAA,29
AGCTCCTTGGGTATCA,29
AGTATCTAACAGATAG,29
ATTCCGGATGGGGTAG,29
CAATTAGAAGTACATA,29
CCTGGGTTAAGTTGGG,29
CGGACCCGAGATGGTA,29
CGTGCCCCCCTCCAAC,29
GAAGTGCGTATTGAAT,29
GACAGCTCGTATCCCT,29
GACCTACGAGACGTAA,29
GACTAAAGGATCATGA,29
GAGGGCTGCAGAAGCG,29
GCAAACAGTATAGTTG,29
GCACGGGTTGGCTGTA,29
GCCAGCAATGAGTTGT,29
GCCTAAAGGGTCATGA,29
GTCAGGTTACGGATGG,29
GTTGCTCCGACACTCC,29
TAAAGTGATTTCTCGA,29
TACTGATAACCATGCG,29
TCTTATTAGGCAGCAT,29
TCTTGACATAGTGATG,29
TCTTTACCACTGCATA,29
TGCCATTCCGGCGCGG,29
TTATCTGTAGAGCACT,29
AAACACCGAGTGACCG,28
AACCACCGAGTGGCCG,28
AACGACAAAAAGTAAG,28
AACTGTTCCGACTAAG,28
AAGTATGATTTTCGAG,28
AATCGCTTGCACCCGT,28
ACAAGGGTTGGCTGTA,28
ACAATCTTAACCATAC,28
ACACGGGTTGGCCGTA,28
ACCGAATGAATCATAC,28
ACCGAATGAATCATCA,28
AGAATCTAACAGATAG,28
AGGGAAATGTAAATGA,28
AGTGTTGAATAGGTGA,28
ATTCCGAATGGTGTAG,28
CCCTGCGCGGCTCGCG,28
CCTGGGTTAGGTTGTG,28
CGAACCGCAGACGCGT,28
CGTGCACCCTTCAGCA,28
CTATATTGCCCGGGAG,28
CTATTTAACGGACGTA,28
CTGGAGGCCCGGCCCC,28
GAGGGTTAGAGATACG,28
GCACAAACCTGCAAAT,28
GCCAGCTCATATCCCT,28
GGCATCTAACAGATAG,28
GGTCGTTTAGATAGTT,28
GTATAAACCTGCAAAT,28
GTCGCCGCTGATCCGA,28
GTGCGATTGTCCGTAA,28
TAAATCTTTGCTTAAC,28
TACGGCCGGCGAACTC,28
TATGTCGTAGCCACAG,28
TCATGACTCGACTAAC,28
TCCAGCGCGGTGAGAG,28
TCCAGCGTGGTAAGAG,28
TCTTTACCACTTCATC,28
TGCTATTCAGGCGCGG,28
TGCTATTCCAGCGCGG,28
TGGGAAATGTAAATGA,28
TGTTGAGTCAGTCTGA,28
TTATCTGTAGATCGCT,28
TTGGTATCAAGCCGGG,28
TTTATATCCAAAACCA,28
AACGGTTACGACTAAG,27
AAGAGGTGATGTGATT,27
AATGAAACAATCTAAC,27
ACAAACAGTGTAGTTG,27
ACACGGGTTGGCTATA,27
AGATCCTGGGGTATCA,27
AGCATAGGGATATGTA,27
AGCATATGGATATGTG,27
AGGATTGATTGAAGTT,27
ATAAACGAGGTTGTGA,27
ATCATCTAACAGATAG,27
ATGGAGGCCTGGCCCC,27
ATGGGATTGGGGAAAC,27
CAATTAGAAATACAGA,27
CAGGATAAATCAGAAC,27
CATTGAGACGCACAAG,27
CCTGATAAATCAGAAC,27
CTCGACACCCTTCCGG,27
CTGAAATTATCTGTGG,27
CTGGAGGACTGGCCCC,27
CTGGAGGTCTGGCCCC,27
CTTCTGCTCTTGATTA,27
GAAAAAACTATAACCA,27
GAAGTGTGTATTGAGT,27
GATAAAAGGGACATAT,27
GATAGCCATCGACTTC,27
GTCAAGTGACGGATGG,27
GTGCGATTGTTCGGAA,27
GTGGTATCAAGTCGGG,27
GTGTTATCAAGCCGGG,27
TACAGCGCGGTAAGAG,27
TAGAACGAAGTAGGAG,27
TCATGGGTGTACGGGA,27
TCCTGCGCGGCTCGGG,27
TCGTCCGTTGGGAACC,27
TCTAACTCTCGCGTCA,27
TCTTTACCACTACATC,27
TGAGGTGGTCGATCCG,27
TTATCTGTAGAGCTCT,27
TTTATATCCGACACCA,27
TTTCGTGATACTCACG,27
AAACGGGTTGGCTGTA,26
AATCGCTGGCAACCGT,26
AATCGGTGATGTGATT,26
ACACGGGTTGGCTGCA,26
ACACTGGTTGGCTGTA,26
ACGTATGATTTTAGAG,26
ACGTTTGATTTTCGAG,26
ACTGGGTTAAGTTGTG,26
AGGAGTATGGAGAGCG,26
ATTCGGCTCTTGATTA,26
CAATCAGAAATACATA,26
CCAATCTTGGCGCATC,26
CCATGGGTGTACGAGA,26
CCCAGCGCGGTAAGAG,26
CCCTGCGCGGCTCGGC,26
CCCTGCGCTGCTCGGG,26
CGACTCCATGGACGCC,26
CGGGGGCAAGATTGTA,26
CGTGTATCCTTCAGCA,26
CTGACCCTAGATGGTA,26
CTGGAGGCATGGCCCC,26
CTGGAGTCCTGGCCCC,26
CTGTACCCGCAGTTGA,26
CTTAGGGATTCAACTC,26
GAATTAGAAATACATA,26
GATCGACATCGACTTC,26
GCATCATCAACTCCTA,26
GCATGTAACTAACTCC,26
GCGAAGTTTCATAGCA,26
GTAAGCAAAGTTGGCC,26
GTAGAACTGCGGCCCT,26
GTAGAACTTCGGCCCC,26
GTCGCATCCCGGAATG,26
GTGGCATCAAGCCGGG,26
TAAATGCTGCATTAGG,26
TACCCTTCAAGCCACT,26
TATACAGAGTTTGTTG,26
TATGTCGTATCCACGG,26
TATGTCTTATCCACAG,26
TATTCCCAACTAGCGA,26
TCAATTACTAGCCGGA,26
TCACGACTCGAATAAC,26
TCATGGGTGCACGAGA,26
TCGATTAATAGCCGGA,26
TCGATTACTAGCCGTA,26
TCGTCCGTTGGGAAAT,26
TCGTCGCACTACTTCT,26
TCTTGGCATAGCGATG,26
TTACGAATTTGATTAC,26
TTCTGTCCGGACTCGT,26
TTCTTTCCAGACTCGT,26
TTGTATCAGTCGCTCC,26
TTTATATCCAACACAA,26
AACACGTAGAACCTCC,25
AATTCGCGAGTACTAG,25
ACATTCCACCATTGAG,25
ACCGTTGTACACACCT,25
AGAAAATCTCATATAC,25
AGCTCCTGGGGTATCG,25
AGTATTTGCGCTGCAA,25
ATATAAAAAACTGAGT,25
CAAATGCTACATTAGG,25
CACCATCATCACCTAG,25
CATGTGGAGTCCAACA,25
CATTGAGACGTGCAAG,25
CCCTGCGCGGCTTGGG,25
CCCTTCACGGATCTCT,25
CCGAACTTATCTGTGG,25
CGGAACCTAGATGGTA,25
CTATTTAACAGACGGA,25
CTTATATCCAACACCA,25
CTTCGGCTCTTTATTA,25
CTTCGGTTCTTGATTA,25
CTTCGTCTCTTGATTA,25
CTTTTTTAGTACGCTT,25
GAAGGGATGGGCACGT,25
GAAGTACGTATTGAGT,25
GGGAAAGAAACTGGAG,25
GGTGTTGGCTTGGTTA,25
GTAAGCTTCATGGGGT,25
GTCACATCCTGGAATG,25
GTGGTATCAAGCAGGG,25
TACCCTGCAAGCAACT,25
TACTAGATGTACAGTC,25
TCATCCGTTGGGAACT,25
TCATGGGTGTGCGAGA,25
TCCAGCGCGATAAGAG,25
TCTTATTCCTCGTATG,25
TGCATACGATCAGCTA,25
TGCTATTCCGTCGCGG,25
TGGGAACATACATAAC,25
TGGGGACAAGATTGTA,25
TGGTCGGGACTCATCT,25
TGTGACCCCCTCCAAC,25
TTACCCAGTTCCTGCG,25
TTATGTCCAGACTCGT,25
TTCATCAAGTTGGTAC,25
TTCTGTCCAGACTCTT,25
TTCTGTCCATACTCGT,25
TTGGAGAACGGGAAGC,25
TTGTATCAGTCTCGCC,25
AACACGTAGGACCGCC,24
AACCAACGAGTGACCG,24
AACCACCGGGTGACCG,24
AATCGCCATCGACTTC,24
AATCGCTGGCACCCGG,24
AATCGCTGTCACCCGT,24
AATCTCTGGCACCCGT,24
ACCAGCAATGAGTTTT,24
ACCTATGAAATAAGCT,24
ACGTATGATCTTCGAG,24
ACGTATGATTTTCGAT,24
ACTACGGGGCTACGTA,24
ACTGTATAGAAATTTT,24
ACTTTCTAGAAATTTT,24
AGAAAATCTCAGATAA,24
AGCTCCTGTGGTATCA,24
AGTGTTGGATTGGTTA,24
AGTTGGGGCCTCCCTT,24
ATCATAGGGATATGTG,24
ATTTGAATTCGAGGAC,24
CAATTAGAAATACCTA,24
CAATTAGGAATACATA,24
CACCTAGGGTCGCACT,24
CATAATCTACGGCGAC,24
CATGTGGAGACCAACA,24
CCGGATAAATCATAAC,24
CCTTGATGCATTACCG,24
CGCGACACCCTTCCAG,24
CGGACCCTAGATGGCA,24
CGGACCCTATATGGTA,24
CTAATTTAAGTGTCAA,24
CTGAGCTACCAATAAG,24
CTGGAGGCCTGGCCAC,24
CTGGAGGCCTGGCCCT,24
CTTACAGAATATTAGA,24
GAATAATAGAACGGAG,24
GAGCTTGCTATGGATG,24
GCAACGATGTGTAACC,24
GCAGTCCACCATTGAG,24
GCATCCTCAACTCCCA,24
GCCAGCTCTTATCCCT,24
GCCGGCGTTAGTTTCA,24
GCCGTTGTACACACCA,24
GGTCCATCTCAGATCT,24
GTACAAATCTGCAAAT,24
GTGCAATTGTCCGGAA,24
GTGGAATCGCAAATTA,24
GTTCCATCTCAGATCG,24
TAACGTGATTTCTCTA,24
TACCCTGCAGGCCACT,24
TACTATTCCGGCGCGG,24
TACTGATAACCCGGCG,24
TATGTCGTATCCAAAG,24
TATTCAAGGGACGGAC,24
TCATGGAACTAACTCC,24
TCCAGCTCGTATCCCT,24
TCGATTACTAGACGGA,24
TCGTCCATTGGGAACT,24
TCTAACTCTCGCGGAA,24
TCTAACTCTCGTGGCA,24
TCTTAGTCCCCGTATG,24
TCTTAGTCCTCGGATG,24
TCTTTACCACTGAATC,24
TGCGGTGGTAGATCCG,24
TGCTATTACGGCGCGG,24
TTACGAATTTGAGTCC,24
TTCTGTCCAGACTCGC,24
TTTATATCAAACACCA,24
TTTGGGAACGGGAAGC,24
AACCACCGAGTGAACG,23
AATGAGAGCATGTCAA,23
ACACGGGTTGGCTTTA,23
ACAGTCCACCATTGGG,23
ACCAGCTCGTATCCCT,23
AGCATCTAACAGACAG,23
AGCATCTAACGGATAG,23
AGCTCCTGGGGTATCT,23
AGGGAACATACATAAC,23
AGGTTCGGACTCTTGC,23
AGTAAACATGCAGTGG,23
AGTTGGGGTATCCCTT,23
ATACACGCATGTTCCA,23
ATAGCACAGCGTAGGC,23
ATTAGGGATACGTGAG,23
ATTATTATGACTTCAT,23
CACCTAGGATCACACT,23
CAGTCGGGACTCATCT,23
CCCTACGCGGCTCGGG,23
CCCTGATGCATTCCCG,23
CGAACCACAGACACGT,23
CGCTACACCCTTCCGG,23
CGGACACTAGATGGTA,23
CGGACCCTGGATGGTA,23
CTATATTGCCTGGAAG,23
CTATCACAGCGTAGGC,23
CTATTTAAAAGACGTA,23
CTGGGGGATTCAACTC,23
CTTATGTATTATATGC,23
CTTGAGGCCTGGCCCC,23
CTTTAAATAATAGTCT,23
GAATAATAGAAAAGAG,23
GAGAGCTGCAGAAGCT,23
GAGATTGATTGAAGTT,23
GAGGAGTAGAGATACG,23
GAGGGGATGCGTCACC,23
GAGGTGTAGAGATACG,23
GATCGCCATCTACTTC,23
GATCTTGGTGAGAGTC,23
GGCAAAAGGGACATAT,23
GTAAGCAAAGTTGAAC,23
GTAGCCGCTAATCCGA,23
GTCGCCACTAATCCGA,23
GTCTCCGCTAATCCGA,23
GTGCATCATAGTGACG,23
GTGCGATTGGCCGGAA,23
GTGCGATTGTCCAGAA,23
TAATAAGTCAGCAAGA,23
TATTAAGAGAAGTGTG,23
TATTAGTCCTCGTATG,23
TCGATTACTAGCCAGA,23
TCTAACTCTCGCGGCT,23
TCTTAATCCTCGTATG,23
TCTTAGTCCGCGTATG,23
TGATCTGTAGAGCGCT,23
TTATCTGTGGAGCGCT,23
TTTGTATCCAACACCA,23
AACAGAAGTCCATTTA,22
AACATAAGTCCATGTA,22
AACCACCGAATGACCG,22
AACGGTTCCGACTAAT,22
AACTACAAACAGTAAG,22
AACTTCCCTGACGGCT,22
AATGAAACAATCGAAA,22
AATTGAGACGCGCAAG,22
ACAAGATTCGGGGGAA,22
ACCAGCAATGAGGTGT,22
ACCAGCAATTAGTTGT,22
ACCCCCTGAGCTTGGC,22
ACGTCCATTAAGATCG,22
ACGTGTCTCCGAGAAA,22
ACTACGAGGCTACATA,22
AGAGCTAAAAAGAGTA,22
AGCATCCAACAGATAG,22
AGCATCTAAAAGATAG,22
AGCTCCCGGGGTATCA,22
AGCTGAATTAAGGATG,22
AGGACTATAGTTGACA,22
AGTGTTGAAAAGGCGA,22
ATTAGGTCTACGTGAG,22
ATTCCGAATGGGTTAG,22
CACGACAAACAGTAAG,22
CAGAACCTCATTGTCT,22
CATGGGAATTTCCACT,22
CATTGAGACGAGCAAG,22
CCCTGCGCGGCTCGGA,22
CGCGAAACCCTTCCGG,22
CGCGGCACCCTTCCGG,22
CGGTTGGGACTCATCT,22
CTACTAAGACTAACAT,22
CTTCGGCTCGTGATTA,22
GAAAAATTTATGACAA,22
GAAAACCCCGTGCAAT,22
GAATAATAGAGCAGAG,22
GAGGGGTAGAGACACG,22
GAGTGGTAGAGATACG,22
GCAAACAGTGTAGTGG,22
GCAGCGTGCCGGGCAT,22
GCATCCCCAACTCCTA,22
GCATGGAACTAACTCA,22
GCATTCTCAACTCCTA,22
GCCTAAAGGATAATGA,22
GTAACGTTTGTGCAAA,22
GTAAGCAAGGTTGACC,22
GTCAAGTTACTGATGG,22
GTCCGATTTAAAGGCA,22
TAATCTTTTACATTTA,22
TACCATCAGCACCTAG,22
TATCGCCATCGACTTC,22
TATGTCATATCCACAG,22
TATGTGGAGCCCAACA,22
TCGATTACTAGTCGGA,22
TCTTATTAGGCGGAAT,22
TGACTCCACGGACGCC,22
TGCGGTGGTCTATCCG,22
TGTTGAGCCAGTCCGA,22
TTATCGGTAGAGCGCT,22
TTGTATCAGTCGCGAC,22
TTGTATCAGTCGCGCT,22
TTGTGGAACGGGAAGC,22
AACACGTATAACCGCC,21
AACCTACGAGACGTAC,21
AACGTTTCCGACTAAG,21
AACTTCCCTTACTGCT,21
AATAACGGAGAGCGAT,21
ACAATATGAACCATAC,21
ACACGGGTTGGCTGTG,21
ACAGTCAACCATTGAG,21
ACATGGGTTGGCTGTA,21
ACCGAATGAATCACCC,21
ACGTATGATTTTCTAG,21
ACGTATGGTTTTCGAG,21
ACGTGTCTCAGAGCAA,21
ACTGTCTAGAAAGTTT,21
AGCATCTAACAGATAT,21
AGGAAAGAAACTGGGG,21
AGTCGTTTAGATAGTG,21
AGTGTTGGCCTGGTTA,21
AGTTGTGGTCTCCCTT,21
ATAGGATATATGGATG,21
ATGAGGGCTACGTGAG,21
ATGGGATTGGAGAGAC,21
ATGGGATTTGAGAAAC,21
ATGGGGAACGGGAAGC,21
ATTCCGAATGGGGCAG,21
ATTGGGGCTACGTGAG,21
CAGAACCTAGTTGTCT,21
CATTGAGACGCGCAAT,21
CCAAGCTTGGAGCATC,21
CCAAGCTTGGCGAATC,21
CCAAGCTTGGCTCATC,21
CCAAGCTTTGCGCATC,21
CCCACTGCGCGAGAGT,21
CGAATGCTGCATTAGG,21
CGACTCCACGGATGCC,21
CGGACCATAGATGGTA,21
CGGACCCTAGATGTTA,21
CGTTAAGCGATAACGG,21
CGTTCAGAGATAACGG,21
CGTTCAGCGATAAAGG,21
CGTTCATCGATAACGG,21
CTATTTAACAGAAGTA,21
CTATTTAACAGACGTG,21
GAAGAAAATATAACCA,21
GAAGAATAGAACAGAG,21
GAAGTGCTGCTGAAGG,21
GCCCAAAGGATCATGA,21
GCGAAGTTTCATAGAG,21
GCGGTATCAAGCCGGG,21
GGGAGTATGAAGAGCG,21
GGTATTTGCGCTTCAA,21
GGTCAATCTCAGATCG,21
GGTGTTGAATAGGCGA,21
GTACAAACCTGCGAAT,21
GTACCCATTTCCTGCG,21
GTCAAGTTAAGGATGG,21
GTGGTATCAAGCCGTG,21
GTTTAAATTATAGTCT,21
TACACTGCAAGCCACT,21
TACCAATGTCAGTTGA,21
TAGAATTGTCGGAAAG,21
TAGCATTGTTGGAAAG,21
TCCAGCACGGTAAGAG,21
TCCAGCTCGGTAAGAG,21
TCGTCCGTTGGGAACG,21
TCTCAGTCCTCGTATG,21
TGACAACAAGACAAAT,21
TGCTATTCCGGCGCGT,21
TGGAATCGTCACCTAT,21
TGGGGGAACGGGAAGC,21
TGTGGAGTGCCCTTAC,21
TGTGGTGGTCGATCCG,21
TTACGAATTTGATTCA,21
TTCATATCCAACACCA,21
TTGTATCATTCGCGCC,21
TTTCTCCTGAGTAGTA,21
AAAAAATTCATGACAA,20
AAAAAATTTATGACGA,20
AAACCCATGAGACCCC,20
AAAGCTCTTTTCTTTC,20
AACACGCAGAACCGCC,20
AACACGTAGAACCGAC,20
AACAGAAGTACATGTA,20
AACAGCGTTCATCGAT,20
AACCACCGAGTGATCG,20
AACCACCGATTGACCG,20
AAGTGGTGATGTGATT,20
AATCACTGGCACCCGT,20
AATGGGAATTGCCACT,20
ACCAAATGAATCATCC,20
ACCAGCAATGAGTTGC,20
ACCAGGATAATCGCGC,20
ACCGAGTGAATCATCC,20
ACGGGGATTGGATGTT,20
AGCATCTAACAGATGG,20
AGCATGGGGATATGTG,20
AGGAAAGAAAATGGAG,20
AGGGGACAAGATTGTA,20
ATAAAATCTCAGATAC,20
ATCTCCTGGGGTATCA,20
ATTCTGAATGGGGTAG,20
CAAAAGCAGCGCGATA,20
CATCGGCTCTTGATTA,20
CCAAGCTTGTCGCATC,20
CCCCATGAAATAAGCT,20
CCCCCGCCGTTTAAAA,20
CGAACCGCGGACACGT,20
CGCAACACCCTTCCGG,20
CGCGACACCCCTCCGG,20
CGCGACACCCTTACGG,20
CGTGACCCCCTCCAAT,20
CTATATTGCCCGGAGG,20
CTGAGGGACTCAACTC,20
CTTTTCTAGTGCGCTT,20
GAAAGTCCCTATGGTG,20
GAAGGGTAGAGATACG,20
GAAGTACTGCTGAAGT,20
GAAGTATGCTGAATGA,20
GAAGTGCGTATTGAGG,20
GAGAGCTGCAGAAGTG,20
GCAAGCTCGTATCCCT,20
GCCAGCTCGTATCCAT,20
GCGAAGTTTCATAGTG,20
GGTCCATCTCAGACCG,20
GTAAGCAAAGTTGATC,20
GTACCCAGTTCATGCG,20
GTCAATTTACGGATGG,20
GTCGCATCCTGGAAGG,20
GTGCGATTGTCTGGAA,20
GTGGTATCAAGCCGGA,20
GTTATCATATCTAATA,20
TAACGTGATTTCCCGA,20
TAACTTGATTTCTCGA,20
TACATACCAACGCAGT,20
TACCCAGCAAGCCACT,20
TACCCTGCAAGCCAAT,20
TACCCTGCAAGCCACA,20
TACTGATACCCCTGCG,20
TATGTCGTATACACAG,20
TATGTCGTATCCACAT,20
TATTTCGTATCCACAG,20
TCAATCGGGGGCGAAA,20
TCATGGGTGTACGAGT,20
TCCAGCGCTGTAAGAG,20
TCGTTGCACTACTACT,20
TCTATATCCAACACCA,20
TCTTAGCCCTCGTATG,20
TCTTGACATAGCGAGG,20
TGTCCGGATAAGGTAG,20
TGTTGAGCCAGTCTGG,20
TTATCTGTAGAGCGCA,20
TTGGGGAACTGGAAGC,20
TTGTATCAGTCGAGCC,20
AACACTTAGAACCGCC,19
AACAGAAGTCCATGGA,19
AACGATTCACGAATAA,19
AACGGAAGTCCATGTA,19
AACGGTTCCAACTAAG,19
AACTTCCCTGACTGAT,19
AACTTTCCTGACTGCT,19
AATGTCTAGAAATTTT,19
ACAAGCTTGGCGCATC,19
ACCCCCGGAGATTGGC,19
ACGAGATTCGGGGGAC,19
AGCATAGGGATGTGTG,19
AGCATAGGTATATGTG,19
AGGTTAAGACTCTTGC,19
AGTTGGGGTCTCCATT,19
ATACACGCATGTACCA,19
ATAGAATCACAAATTA,19
ATATGAAAAACTTAGT,19
ATGCGATTGTCCGGAA,19
ATTAGGGCTAAGTGAG,19
ATTCCGAGTGGGGTAG,19
ATTGGATTGGAGAAAC,19
ATTTAAATCCGAGGAC,19
CAATTAGAAATACGTA,19
CAGAACCTCGCTGTCT,19
CATCATCAGCACCTAG,19
CATGTGGAGCCAAACA,19
CATGTGGGGCCCAACA,19
CATTGAGACGCGAAAG,19
CCAAGCTTGGCGCATA,19
CCCTATGAAATAAGAT,19
CCCTGCGCGGCCCGGG,19
CCGGATAAAGCAGAAC,19
CCTTGACATAGCGATG,19
CCTTGGTGCATTCCCG,19
CGATTAGAAATACATA,19
CGCGACAACCTTCCGG,19
CGCGACACCATTCCGG,19
CGGTAGGGACTCATCT,19
CGGTCGGGACTCATCC,19
CGTGTACCCTTCACCA,19
CTAGCACGGCGTAGGC,19
CTATATTGCTCGGAAG,19
CTTCGGATCTTGATTA,19
GACACGTAGAACCGCC,19
GACGGGATGGGAACGT,19
GCATGGAACTAAATCC,19
GCATGGAACTAACCCC,19
GCATGGAGCTAACTCC,19
GGTCCACCTCAGATCG,19
GGTCCATATCAGATCG,19
GGTCCATCTCAGGTCG,19
GTAAGAAAAGTTGACC,19
GTACAAACATGCAAAT,19
GTCGCCGCTAATCCGG,19
GTGAGCGAGAAAGGCA,19
GTGGGGAACGGGAAGC,19
TAATCTGTAGAGCGCT,19
TACTAATGCCGTTGTT,19
TACTGATAACCCTGAG,19
TACTGATAACCCTGCT,19
TAGGCTCTAGAGCTCT,19
TAGGGGTAGAGATACG,19
TCACGGGTGTACGAGA,19
TCATCCTCAACTCCTA,19
TCATGGGCGTACGAGA,19
TCCAACTCTCGCGGCA,19
TCTAACTCTCGCTGCA,19
TCTAACTCTCGGGGCA,19
TCTTATTAGGCGGCAC,19
TGAACCGCAGACACGT,19
TGCGGTGGTTGATCCG,19
TGCTATTCCGGCTCGG,19
TGGAATCTTCACCGAT,19
TGTGGAGAGCCCTTAC,19
TGTGGAGCGCCCGTAC,19
TTATCTGTAGGGCGCT,19
TTGTATCGGTCGCGCC,19
AAACCCATAAGACCAC,18
AAACCCATAAGGCCCC,18
AACACGTAGAACCGCT,18
AAGAAGACTTTGTGAG,18
AATGAAACAATAGAAC,18
AATTAGTGAGTACTAG,18
ACACGGGTTGGCTGGA,18
ACCAGCAATGAGTTGG,18
ACCCCCGGAGCTGGGC,18
ACCCCCGTAGCTTGGC,18
ACCGAATGAATCGTCC,18
ACCGATTCGCGAATAA,18
ACGCATGATTTTCGAG,18
ACGGGGATTGGCTTTT,18
AGAAAATCTCAGATAT,18
AGATCCCAGGTCCTTC,18
AGATCCCAGTTCCTTT,18
AGCAGAAGTCCATGTA,18
AGCATCTAACATATAG,18
AGGAGTATGAAGAGAG,18
AGTCCATCTCAGATCG,18
AGTGTCGAATAGGCGA,18
ATACAAAAAACTTAGT,18
ATAGGATATATGGCTT,18
ATCAGGATAATCGCGT,18
ATTCCGAATGGGGTAT,18
ATTTAAATTCGAGGAA,18
CAAATGTTGCATTAGG,18
CACGGACGGCGAACTC,18
CACTAGATGTAAAGTC,18
CAGAAACTCGTTGTCT,18
CATGGGTTAAGTTGTG,18
CATGTGGAGCACAACA,18
CATTCAGCGATAACGG,18
CATTGAGACTCGCAAG,18
CCAACACAAAAAATGA,18
CCCTATGAAATAATCT,18
CCGGATAAATCAGGAC,18
CCTTGATACATTCCCG,18
CCTTGGTTAAGTTGTG,18
CGGAACCTCGTTGTCT,18
CGGGCTCTAGAGCTCT,18
CGGGGACAAGATTGGA,18
CTAGCACAGAGTAGGC,18
CTAGCACAGCGTAGTC,18
CTAGTACAGCGTAGGC,18
CTATATTACCCGGAAG,18
CTATATTGCCCGGAAT,18
CTGAACTTATCTGCGG,18
CTGAGCTTATCTGTGG,18
CTGAGGTATTCAACTC,18
GAAGTGCGTATTGGGT,18
GAAGTGCTTCTGAAGT,18
GACGGGAGGGGCACGT,18
GACGGGATGGGCACGG,18
GACTAGATGTACAGTC,18
GAGAAGTTTCATAGCG,18
GAGGAAACTATAACCA,18
GAGGGGGAGAGAGACG,18
GAGGGGTATAGATACG,18
GATATTGGGGAGAGTC,18
GATCGCCATCGACTTA,18
GCATGGGACTAACTCC,18
GCGTCCATTAAGATCA,18
GCGTGTCTCCGAGCAA,18
GGGGAACATACATAAC,18
GGTCCAGCTCAGATCG,18
GGTCCATCTCAGAACG,18
GGTTAACTTTGGAAGA,18
GTCGCCGCTAATCAGA,18
GTGAGCGAGAAAAGAA,18
GTGAGCGAGGAAAGCA,18
GTGGAACTGCGGCCCC,18
GTGGTTTTACGTCCAT,18
GTTGCTCCGACACGCT,18
TACCCTGCAAGCCACG,18
TACTTATAACCCTGCG,18
TAGAACCTCGTTGTCT,18
TATCCAAGGGAAGGAC,18
TATGTCGTATCAACAG,18
TCAATCGGGGGATAAA,18
TCACTTCAACTAAAAA,18
TCATGGGTGTACGAGG,18
TCGGGGAACGGGAAGC,18
TCGTCCGTGGGGAACT,18
TCTGAGTCCTCGTATG,18
TCTTAACATAGCGATG,18
TGAACCAATAACGGAG,18
TGACAGCAATACAAAT,18
TGCCCTGCAAGCCACT,18
TGCGGTGGTCGAGCCG,18
TGTGGATCGCCCTTAC,18
TTAGGGAACGGGAAGC,18
TTCCGTCCAGACTCGT,18
TTCTGTCCAGAATCGT,18
TTGGAGGCCTGGCCCC,18
TTTATATCGAGATTCG,18
TTTCACGGAACCTATC,18
TTTCGGCGTTGTTTTG,18
AAAAAATGTATGACAA,17
AAACCCATAATACCCC,17
AAAGACAAACAGTAAG,17
AACAGAATTCCATGTA,17
AACCCTGCAAGCCACT,17
AACCGCCGAGTGACCG,17
AACGGTGCCGACTAAG,17
ACAAGATTCGGGGGAT,17
ACAATCTGAAACATAC,17
ACACGGGTTGGTTGTA,17
ACAGATTCACGAATAA,17
ACCAGCGATGAGTTGT,17
ACCAGCGCGGTAAGAG,17
ACCCACGGAGCTTGGC,17
ACCTATTCACGAATAA,17
ACGATTACTAGCCGGA,17
ACGCATTAGCGGGAGG,17
ACGTATTATTTTCGAG,17
ACTAGCAATGAGTTGT,17
AGAAAGTCTCAGATAC,17
AGAACTGAGGGCATTG,17
AGATACCAGGTCCTTT,17
AGCATATAACAGATAG,17
AGCGTAGGGATATGTG,17
AGTGACCCCCTCCAAC,17
AGTGTTGGATAGGCGA,17
AGTTGGGGTCTACCTT,17
AGTTGGGTTCTCCCTT,17
AGTTGGTGTCTCCCTT,17
ATAACTGAGGACATTG,17
ATCAGGATAATAGCGC,17
ATCAGGATAATCGCAC,17
ATGGGGTTGGAGAAAC,17
ATTAGGGCTGCGTGAG,17
CAAATGCTGCATTAGT,17
CACACTTTACGAGACA,17
CACCATCAGCACCCAG,17
CACCGCGCCGAGTACC,17
CACGGCTGGCGAACTC,17
CACTATGAAATAAGCT,17
CAGAACCCCGTTGTCT,17
CAGAACCTCTTTGTCT,17
CATAACCTCGTTGTCT,17
CATGGGAATTGTCACT,17
CATGTGGATCCCAACA,17
CATTGGGACGCGCAAG,17
CATTTCTTATGAATTG,17
CCCTATTAAATAAGCT,17
CCTCGGCTCTTGATTA,17
CGCGACACCCTTCAGG,17
CTAATTTAATTATCAA,17
CTCAAATAATTGGCGA,17
CTGAGGGATCCAACTC,17
CTGAGGGATTAAACTC,17
CTTACAGTATGAAGAA,17
CTTCGGCTATTGATTA,17
CTTTTCTATTACGCTT,17
GAAACGAGGTGTAACC,17
GAAAGTCCCCATGATG,17
GAAAGTCCCTATGAGG,17
GAAGAAACTATAAACA,17
GAAGTACGCTGAATGG,17
GAATAATAGAACATAG,17
GACAAAAGGGACAGAT,17
GACCCCTTGGAAGATG,17
GATCACACAGAAAAAG,17
GATCGCCATAGACTTC,17
GATCTTGGGGAGAGTT,17
GCAACGAGGTGTAAAC,17
GCAGAACTGCGGCCCC,17
GCGAAGTTTCATGGCG,17
GCGGGGATTGGCTGTT,17
GGCTGAATTAAGTATG,17
GTATAACTGCGGCCCC,17
GTCGACGCTAATCCGA,17
GTCGCCGCTAATCCGT,17
GTGGTACCAAGCCGGG,17
TACCTAGGATCGCACT,17
TACTGATAACCCCGCG,17
TAGCATTGTCGGGAAG,17
TATAACTCTCGCGGCA,17
TCATAGGTGTACGAGA,17
TCATGGGTGTACAAGA,17
TCATGTGTGTACGAGA,17
TCCAGCGCGGTAAGAT,17
TCGTCAGTTGGGAACT,17
TCGTCGCACTACGGCT,17
TCTAACTATCGCGGCA,17
TCTGGAAACAATCCCC,17
TCTTAGTCCTAGTATG,17
TCTTAGTCCTCGTATT,17
TCTTAGTCCTCTTATG,17
TCTTGACATAGCTATG,17
TGAATATCTAAAACAA,17
TGCGGTGTTCGATCCG,17
TGCTATTCCGGCGCTG,17
TGCTGTAATCTGAATA,17
TGGAATCGTAACCGAT,17
TTCATCAAGTTGGTTC,17
TTGCTCCTTAGTAGTA,17
TTTATATAGAGATTCA,17
TTTATATCCAACAACA,17
TTTCGTTATACTCACA,17
AAAAAAGTTATGACAA,16
AAAAAATTTAAGACAA,16
AAAAAATTTACGACAA,16
AAACCCATAAGAACCC,16
AAAGGCGCGCCTGCAA,16
AAAGTCCACCATTGAG,16
AACACGTAGAAACGCC,16
AACGACAAACAGTAGG,16
AACGGTTCAGACTAAG,16
AAGCGGTGAGGTGATT,16
AAGGGGATTGGCTGTT,16
AAGTTTACTAGAGCAT,16
AATCGCTGGCACACGT,16
AATCGCTGGCTCCCGT,16
AATGCGAGTATGTCAA,16
AATTTCTGATGAATTG,16
ACAATCTGAACAATAC,16
ACAATCTGAACCATAT,16
ACACGGGTTGACTGTA,16
ACAGTCCACCATTTAG,16
ACAGTCTACCATTGAG,16
ACCGAATGAATCATCT,16
ACGGGGATTGGCGGTT,16
ACGGGGGTTGGCTGTT,16
ACGTGCCTCCGAGCAA,16
ACTGTCCACCATTGAG,16
ACTGTCTATAAATTTT,16
AGAAAATATCAGATAC,16
AGAAAATTTATGACAA,16
AGATCCCGGGTCCTTT,16
AGCATCTAGCAGATAG,16
AGCGACAAACAGTAAG,16
AGCGGTTCCGACTAAG,16
AGGAAATCTCAGATAC,16
AGGACTATAGTTGGAA,16
AGGGGATTGGAGAAAC,16
AGTAGTTTAGATAGTT,16
AGTGTTGAATATGCGA,16
AGTTTGGGTCTCCCTT,16
ATAACGTTTGTGTAAA,16
ATAACTGATGGCATTG,16
ATAAGGATAATCGCGC,16
ATACACGGGGTTGTGA,16
ATACACGTGGTTGTGA,16
ATGCCGAATGGGGTAG,16
ATGGGATTGTAGAAAC,16
ATTCCAAATGGGGTAG,16
ATTTAAATTAGAGGAC,16
CACCTAGGATCTCACT,16
CATGGGAATTGACACT,16
CCCTTTACGTATCTCT,16
CCGGATCAATCAGAAC,16
CCTAACTCTCGCGGCA,16
CGAACCACGTCCCAGT,16
CGCGTACCCTTCAGCA,16
CGGACCCTAGAGGGTA,16
CGGTCGGGAATCATCT,16
CGGTCGGGACTCATAT,16
CGTGAATCTCCCATAC,16
CGTTCAGCGATAACTG,16
CGTTCAGCGATAATGG,16
CTAATTTAAGTAGCAA,16
CTAATTTAAGTATCGA,16
CTAGAACAGCGTAGGC,16
CTAGCACAGCGTATGC,16
CTAGCACAGCGTGGGC,16
CTATTTAACATACGTA,16
CTGAACTGATCTGTGG,16
CTGATCTGCCAATAAG,16
CTGGAGGCCTGGACCC,16
CTGTACCTGAAGTTGA,16
CTGTACCTTCAGTTGA,16
CTTACAGAATACTGGA,16
CTTACAGAATGCTAGA,16
CTTGGGTATTATATGC,16
GAAGTGAGTATTGAGT,16
GAAGTGTTGCTGAAGT,16
GACCCATTGTAAGATG,16
GAGAGCTTCAGAAGCG,16
GATCGCCATCGACTCC,16
GATCGCCATCGACTTT,16
GATCTTGGGGAGAGGC,16
GATGGGTAGAGATACG,16
GCAAAAAGTGTAGTTG,16
GCAGCGTGTCGGTCAT,16
GCATGGAACTGACTCC,16
GCATGGGTGTACGAGA,16
GCATTGAACTAACTCC,16
GCCAGCTCGTATCCCG,16
GGGACTATAGTTGGCA,16
GGTGTACCCTTCAGCA,16
GGTTCATCTCAGATCG,16
GTAAGCAAAGTTGACA,16
GTACCCAGTTACTGCG,16
GTCGCATCATGGAATG,16
GTCGCATCCTTGAATG,16
GTGGGGTAGAGATACG,16
GTGGTATCAAGCCGGT,16
TACCAAGAGAAGTGCG,16
TAGCTTCAACTAAAAA,16
TATCTTGGGGAGAGTC,16
TCATGGGTTTACGAGA,16
TCGAACGAAGTAGTAG,16
TCGATTACTAGCTGGA,16
TCGTCCGTTTGGAACT,16
TCTAACTCTCGCGGTA,16
TCTAGCTCTCGCGGCA,16
TCTTTAACACTGCATC,16
TCTTTACCACTGCACC,16
TGAGTTCATAGCTCCG,16
TGCACTTTACGAGACA,16
TGCGGTGGTCGATACG,16
TGGAATAGTCACCGAT,16
TGTAGTGGTATACATA,16
TGTTGAGCCATTCTGA,16
TTACGAATTTTATTCC,16
TTACTAATTTGATTCC,16
TTATCTGTAGAGCGAT,16
TTCATCAAGTTGGTGA,16
TTCTGTACAGACTCGT,16
TTTATACCCAACACCA,16
TTTATATCCAGCACCA,16
TTTCAGCGTTGTTTTT,16
TTTCGTGATACTAACA,16
AACACGTAGAACAGCC,15
AACACGTGGAACCGCC,15
AACAGAAGTCAATGTA,15
AACGACAAGCAGTAAG,15
AACGGTTCCGACTAGG,15
AACTTCCCTGACTTCT,15
AAGGCTCTAGAGCTCT,15
AATGAAACAATTGAAC,15
AATGGTTCCGACTAAG,15
AATTCGTGAGGACTAG,15
ACAAGATTCGTGGGAC,15
ACACGGGTTGCCTGTA,15
ACATTTTCCAATCGGT,15
ACCCCAGGAGCTTGGC,15
ACCCCCGGAGCTTGGA,15
ACCGATTCATGAATAA,15
ACGTGTCTCCGATCAA,15
ACTCCGAATGGGGTAG,15
AGACCGCCAGTTTCTT,15
AGATCCCAGGTCCTCT,15
AGATCCCATGTCCTTT,15
AGCATAGGGATATGCG,15
AGCATAGGGATATGTT,15
AGCATAGGGATATTTG,15
AGCTACTGGGGTATCA,15
AGCTCATGGGGTATCA,15
AGGCCCGTAAGTACTA,15
AGTATAGGGATATGTG,15
AGTATTTGCGCTTCAT,15
AGTGGTGAATAGGCGA,15
AGTGTTAGCTTGGTTA,15
AGTTGGGGTCTCACTT,15
AGTTGGGGTCTCCCTC,15
AGTTTCAGACTCTTGC,15
ATAACGTTTGTACAAA,15
ATACACGAATGTGCCA,15
ATATTTAACAGACGTA,15
ATCATGATAATCGCGC,15
ATGACCCACGGGCATA,15
ATGGGATTGGAGGAAC,15
ATTCCGAATTGGGTAG,15
CAAATGCGGCATTAGG,15
CAAATTCTGCATTAGG,15
CAAGTAGAAATACATA,15
CACCATCAGAACCTAG,15
CACCATCGGCACCTAG,15
CACCTAGGATAGCACT,15
CACGGCAGGCGAACTC,15
CAGAACCTCGTTGTCA,15
CAGAACCTCGTTTTCT,15
CAGGCTCCAGAGCTCT,15
CATAAAGAGTTTGTTG,15
CATGTGGAGCCCAGCA,15
CATGTTGAGCCCAACA,15
CATTGAGACGCTCAAG,15
CCAAGATTGGCGCATC,15
CCATATTGCCCGGAAG,15
CCATCACAAAAAATTA,15
CCCTATGAAATAAGTT,15
CCCTATGAAATAGGCT,15
CCTGGGTTAATTTGTG,15
CCTGTACCCTTCAGCA,15
CCTTGAGGCATTCCCG,15
CGGCCAGGGAATAAAA,15
CGGGGACAAGATTGTG,15
CGTACAGTGTAAGCGA,15
CGTGACACCCTTCCGG,15
CGTGGACCCTTCAGCA,15
CGTGGCCCCCTCCAAC,15
CGTTCAGCTATAACGG,15
CTAATTTAGGTATCAA,15
CTATATGGCCCGGAAG,15
CTGAACTTATCTGTTG,15
CTGGAGGCCCGCTGCA,15
CTGTACCTGCAGGTGA,15
CTTAGTTATTATATGC,15
CTTCGACTCTTGATTA,15
CTTCGGCTCCTGATTA,15
GAAAAAAGGGACATAT,15
GAAGAAACCATAACCA,15
GAAGCGCTGCTGAAGT,15
GAAGCGTGCCGGTCAT,15
GAAGTACTCTGAATGA,15
GAAGTGATGCTGAAGT,15
GAATCCTCAACTCCTA,15
GACAAAAGGTACATAT,15
GACGGGATGGGCACTT,15
GAGAGCTGCAGAAGCA,15
GAGAGCTGTAGAAGCG,15
GAGAGGTAGAGATACG,15
GAGGGGATACGTCACT,15
GAGGGGTAGAGATAGG,15
GATCTTGGGGAGAGCC,15
GATCTTGGGGAGGGTC,15
GCAACGAGGTGTAACA,15
GCGAAGTTTCATATCG,15
GGACAAACCTGCAAAT,15
GGACTCCACGGACGCC,15
GGTACATCTCAGATCG,15
GTAGAACTGCGGTCCC,15
GTAGCGTGCCGGTCAT,15
GTCGCCGCTAATCCAA,15
GTGGTATCAAGCCAGG,15
TACCCCTTGTAAGATG,15
TACCTGCTGCGGAACT,15
TACCTGCTGTGGAACG,15
TATGGGAATTGCCACT,15
TATTATTAGGCGGCAT,15
TATTGAGAGAAGTGCG,15
TCCAGCGCGGTAATAG,15
TCCAGCGCGTTAAGAG,15
TCGAACGAAGTGGGAG,15
TCGATTGCTAGCCGGA,15
TCGGACGAAGTAGGAG,15
TCGTCCGTTGGGGACT,15
TCGTCCTTTGGGAACT,15
TCGTCTCACTACTGCT,15
TCTAACTCTCGCGGCG,15
TCTTATCAGGCGGCAT,15
TCTTATTAGGTGGCAT,15
TCTTATTAGTCGGCAT,15
TCTTGAAATAGCGATG,15
TCTTTACCGCTGCATC,15
TGCAGTGGTATAAATA,15
TGCAGTGGTGTACATA,15
TGGGAATCTCCCATAC,15
TGTAATAGGCGTCACG,15
TGTTGAGACAGTCTGA,15
TTATCCGTAGAGCGCT,15
TTATCTGTAGAGGGCT,15
TTATCTTTTACATTTA,15
TTATGGGTGTACGAGA,15
TTGCTCCCGAGTAGTA,15
TTGGGCACTAAAGTAA,15
TTGGGGAACGGTAAGC,15
TTGGGTAACGGGAAGC,15
TTTAAGCGTTGTTTTG,15
TTTAGTGATACTCACA,15
TTTCACAGAACCGATC,15
TTTCAGCGTTGTGTTG,15
TTTCAGTGTTGTTTTG,15
AAACCCGTAAGACCCC,14
AACAGAAGTCCATGTG,14
AACGGCAAACAGTAAG,14
AACTTCCCTGACTCCT,14
AAGAAGACTTTGGGAT,14
AAGAAGCGATAGAAGT,14
AAGAGCTGCAGAAGCG,14
AAGATAGTGATGAACA,14
AAGATTGATTGAAGGT,14
AAGCTGTGATGTGATT,14
AAGTATTTCTACACAT,14
AAGTGTCTCCGAGCAA,14
AATGTGAGCATGTCAA,14
AATTCGTTAGTACTAG,14
ACAATCTGGACCATAC,14
ACAGTATGATCTACGC,14
ACAGTCCACAATTGAG,14
ACCAGTAATGAGTTGT,14
ACCGGCAATGAGTTGT,14
ACCGTTGTGCACACCA,14
ACGTACATTAAGATCA,14
ACTGAATGAATCATCC,14
AGAAGTATGAAGAGCG,14
AGACCATGCTGGGGAT,14
AGATCCAAGGTCCTTT,14
AGATCCACCCTAGAGT,14
AGCACTTTACGAGACA,14
AGCATCTAACAGGTAG,14
AGCTTAATTAAGTATG,14
AGGAAAGAAACTTGAG,14
AGGTGGGGTCTCCCTT,14
AGTACAGTGTAATCGA,14
AGTATTTGCGCTTAAA,14
AGTGTTGAATAGGCGG,14
AGTGTTGAATAGTCGA,14
ATAGAAAATTATCCAC,14
ATAGGATATATGGCGG,14
ATAGGATATATGGTTG,14
ATCAGGATAATCGCTC,14
ATTAGGGCTACGTGGG,14
ATTATGGCTACGTGAG,14
CAAAATCTAAGGCGAC,14
CAAAATCTACGGAGAC,14
CAAAGCTTGGCGCATC,14
CAATTCGTCGTTCCCC,14
CACCATCAGCACCTAT,14
CACGACACCCTTCCGG,14
CACGGCCGGTGAACTC,14
CACGGGATAATGTCTC,14
CACTAGATGGACAGTC,14
CACTAGATGTACAGCC,14
CACTAGATGTATAGTC,14
CACTATATGTACAGTC,14
CAGAACCTCGTTATCT,14
CAGAACCTCGTTGTAT,14
CAGATGCTGCATTAGG,14
CATACAGAGTTTGCTG,14
CATACAGAGTTTGTGG,14
CATGGGAATGGCCACT,14
CCAACACAAAAAAGTA,14
CCAGCACAAAAAATTA,14
CCTTAGTCCTCGTATG,14
CCTTGATGCATTCACG,14
CGCGACACCCTTCTGG,14
CGCTATTCCGGCGCGG,14
CGGACCCTAGGTGGTA,14
CGGGAAAATACATAAC,14
CGGGAATCTCACATAC,14
CGGTCGTGACTCATCT,14
CTAGCACAGCTTAGGC,14
CTATCTTAATCTACGG,14
CTATTTAACAGACTTA,14
CTCTGTCCAGACTCGT,14
CTGGAGGCCTGGTCCC,14
CTTCGGCCCTTGATTA,14
CTTCGGCTCTCGATTA,14
CTTTTCTAGTACGATT,14
CTTTTCTGGTACGCTT,14
GAAAGTCACTATGATG,14
GAAGAGACTATAACCA,14
GAAGTACGCTTAATGA,14
GAAGTGCTGATGAAGT,14
GACAAAAGGGAAATAT,14
GACCCCTTGTAAGAGG,14
GACGGGATGGGTACGT,14
GAGAGCCGCAGAAGCG,14
GATACAGAGTTTGTTG,14
GATCTTGTGGAGAGTC,14
GCAAGATTCGGGGGAC,14
GCATCTTCAACTCCTA,14
GCATGGAACGAACTCC,14
GCATGGAACTAACTCT,14
GCCAGATCGTATCCCT,14
GCCATCTCGTATCCCT,14
GCCATTTACGGAAGGG,14
GCCATTTACTGACGGG,14
GGATCCCAGGTCCTTT,14
GGTTAACTTTGGAAGT,14
GTAAAGTTACGGATGG,14
GTAAGCAAAGTTTACC,14
GTAAGCAGAGTTGACC,14
GTACCCAGTCCCTGCG,14
GTAGAACCGCGGCCCC,14
GTCGCAGCTAATCCGA,14
GTCGCATCCGGGAATG,14
GTCTCATCCTGGAATG,14
GTGCGATGGTCCGGAA,14
GTGCGATTGTCCGGAG,14
GTGGTATCAAGCTGGG,14
GTTATTATGACTCCAT,14
TACCCTGCGAGCCACT,14
TAGCATTGTCGGAAAT,14
TATCATTGTCGGAAAG,14
TATGTCGTATCCACAA,14
TCATGGGTGTACGATA,14
TCCTAGTCCTCGTATG,14
TCGAAAGAAGTAGGAG,14
TCGTCCGGTGGGAACT,14
TCGTCGCACTACTACT,14
TCGTGGGTGTACGAGA,14
TCTGGGTTAAGTTGTG,14
TCTTAGTCCTCATATG,14
TCTTAGTCCTCGCATG,14
TCTTATTATGCGGCAT,14
TCTTTACAACTGCATC,14
TGACAACAATAAAAAT,14
TGACGTGATTTCTCGA,14
TGCGGTGGTCAATCCG,14
TTAAGAATTTGATTCC,14
TTATCTGTAGAGCGCG,14
TTGCATCAGTCGCGCC,14
TTGCTCATGAGTAGTA,14
TTTATATCCAATACCA,14
TTTATATCGATATTCA,14
TTTCGTGATACTCACT,14
TTTTATCAGTCGCGCC,14
AAAAAATTTATGACAG,13
AAAATCTGAACCATAC,13
AAACACATAAGACCCC,13
AAAGCTCTTTTCGTTA,13
AAAGTACGATCTACGC,13
AACCATCAGCACCTAG,13
AACCTACGAGACGGAA,13
AACGGTTCCGAATAAG,13
AACGGTTCTGACTAAG,13
AAGAAGCTAGAGAAGT,13
AAGCGGTGATTTGATT,13
AAGGCTCTTTTCGTTC,13
AATCGCTGGCACCTGT,13
AATGAGACAATCGAAC,13
AATTAAACAATCGAAC,13
AATTCGTGAGTACGAG,13
ACAAGATTCGGTGGAC,13
ACAATCTGAACCATAA,13
ACACCCGGAGCTTGGC,13
ACCAGCAATGAGTCGT,13
ACCGATTCACGAAGAA,13
ACGTATGATTTTTGAG,13
ACGTGTATCCGAGCAA,13
ACGTGTCTACGAGCAA,13
ACTCTGGCTCGCGAAT,13
ACTTATGATTTTCGAG,13
AGCATCTAACAGAGAG,13
AGCATCTGACAGATAG,13
AGCTCCTGGGGCATCA,13
AGGAAAGAAACGGGAG,13
AGGAGTATAAAGAGCG,13
AGGAGTATGAAGAGCT,13
AGGCACGTAAGGACTA,13
AGGCCCTTAAGGACTA,13
AGTGTTGAGTAGGCGA,13
AGTTGGGGTCTCCCGT,13
ATAATTTAAGTATCAA,13
ATACACGAGGTTGTGG,13
ATACACGCATGTGCCT,13
ATATAAAAAAATTAGT,13
ATCAGCAATGAGTTGT,13
ATCCCGAATGGGGTAG,13
ATGGGATATATGGCTG,13
ATGGGATTGGAGAAGC,13
ATGGTATCAAGCCGGG,13
ATGTGATTGGAGAAAC,13
ATGTGTCTCCGAGCAA,13
ATTTAAATTCGATGAC,13
ATTTAAATTCTAGGAC,13
CAACTAGAAATACATA,13
CACCATCAACACCTAG,13
CACGGACTAATGTCTC,13
CACGGCCGGCGAACGC,13
CACGGGCTAATGGCTC,13
CACTGCCGGCGAACTC,13
CATGGGAATTGCCAAT,13
CATGTGGAGCCCAATA,13
CATGTGTAGCCCAACA,13
CATTGAGACGCGCGAG,13
CCGGATAAATCAGAAA,13
CCTGGGTCAAGTTGTG,13
CCTGGGTGAAGTTGTG,13
CCTGGGTTAAGTCGTG,13
CCTGGTTTAAGTTGTG,13
CCTGTGTTAAGTTGTG,13
CCTTGATGCATCCCCG,13
CGACTCCACGGACGCA,13
CGCACTTTACGAGAAA,13
CGCGATACCCTTCCGG,13
CGGGGAAAAGATTGTA,13
CGGGGACAAGGTTGTA,13
CGGGGATAAGATTGTA,13
CGTGTGGAGCCCAACA,13
CGTTACCCCCTCCAAC,13
CTAAAATAATTGGCGC,13
CTAGCACATCGTAGGC,13
CTGAGCTTCCAATAAG,13
CTGGAGGCCTGTCCCC,13
CTGTCGGGACTCATCT,13
CTTAAAGAATACTAGA,13
CTTACAGAATACCAGA,13
CTTAGCTGCCAATAAG,13
CTTTTCTAGTAAGCTT,13
CTTTTCTAGTACGCCT,13
CTTTTCTAGTACGCTC,13
GAAAGACCCGTGCAAT,13
GAAATTCCCTATGATG,13
GAAGAAACGATAACCA,13
GACCCCCTGTAAGATG,13
GACCCTGCAAGCCACT,13
GACGGGATGGGCACGC,13
GAGAGTTGCAGAAGCG,13
GAGGGGATACGTCACA,13
GATCACTCAGAAAAAG,13
GCATGGAACTAACTAC,13
GCCAGCTCGTATCCCA,13
GCGAATTTTCATAGCG,13
GGGAGCTGCAGAAGCG,13
GGGCCATCTCAGATCG,13
GGGCCCGTAAGGACTA,13
GTAATCAAAGTTGACC,13
GTACAAGCCTGCAAAT,13
GTACCCAGTTCCTGCA,13
GTACCCGGTTCCTGCG,13
GTCGCCGATAATCCGA,13
GTCGCCGCTAATACGA,13
GTGAGCGAGAGAAGCA,13
GTGCCCAGTTCCTGCG,13
GTGGGATTGTCCGGAA,13
GTTATTGTGACTTCAT,13
GTTCGATTGTCCGGAA,13
GTTTCTCCGACACGCC,13
TAACCTGCAAGCCACT,13
TAACGTGATTTATCGA,13
TAACGTGATTTCTCGT,13
TAATAAGACAGCAAGA,13
TAATGATAACCCTGCG,13
TACATACCGACGCAGC,13
TACATATCGACGCAGT,13
TACTAATGCCGTTGCC,13
TACTGATAACCCTACG,13
TACTGATGACCCTGCG,13
TAGCATTGTCTGAAAG,13
TAGTCCGTTGGGAACT,13
TATGGAAACGATCCCC,13
TATGTCGTATCTACAG,13
TATTGAGACGCGCAAG,13
TCGTCCGTTGTGAACT,13
TCTAACCCTCGCGGCA,13
TCTAACGAAGTAGGAG,13
TCTAACTCTAGCGGCA,13
TCTTGACATGGCGATG,13
TCTTGGTCCTCGTATG,13
TCTTTACATAGCGATG,13
TGCTGTGGTCGATCCG,13
TGTGGAGCGACCTTAC,13
TGTGGAGCTCCCTTAC,13
TTACAACAATACAAAT,13
TTACGAATTTGGTTCC,13
TTACGGATTTGATTCC,13
TTAGCACAGCGTAGGC,13
TTCAGTGGTATACATA,13
TTCGGTGGTCGATCCG,13
TTCTGCCCAGACTCGT,13
TTGCTCCTGAGTAGTG,13
TTGGGAAACGGGAAGC,13
TTGGGGAACGTGAAGC,13
TTTCAGAGTTGTTTTG,13
AAAAAATTGATGACAA,12
AAACCAATAAGACCCC,12
AAACCCATAAGACACC,12
AAAGATCTTTTCGTTC,12
AAATCTCTTTTCGTTC,12
AACAGTTCCGACTAAG,12
AACCCCGGAGCTTGGC,12
AAGCCCAGCGGGGGAT,12
AAGCGGTGATGTTATT,12
AAGGTCCCTATTTAAT,12
AAGTATTGCTATACAT,12
AATGAAACAATCGAAT,12
AATTCGTGAGTACTGG,12
AATTCGTGGGTACTAG,12
AATTCTTGAGTACTAG,12
ACAACACAAAAAATTA,12
ACAACGTTTGTGCAAA,12
ACAGTACGATCTACGT,12
ACAGTCCACCGTTGAG,12
ACCGAAGGAATCATCC,12
ACCGTTTTACACACCA,12
ACGGGGAGTGGCTGTT,12
ACGGGGATTGGCTGTA,12
ACGGGGATTGTCTGTT,12
ACGTCCATTAAGATAA,12
ACGTGTCGCCGAGCAA,12
ACGTGTTTCCGAGCAA,12
AGAAAATCTCAGATGC,12
AGAAACACGTCCCAGT,12
AGATCAACCCTATAGT,12
AGATCACAGGTCCTTT,12
AGATCCACCCCATAGT,12
AGATCCCAGGTCCTTG,12
AGATGAATTAAGTATG,12
AGCATAGGGGTATGTG,12
AGCTCCTGGTGTATCA,12
AGCTGAAGTAAGTATG,12
AGGAATATAGTTGGCA,12
AGGACCGTAAGGACTA,12
AGGAGAGAAACTGGAG,12
AGGTTCAGACTCTTTC,12
AGTAAAAATGCATTGG,12
AGTAAACATGAATTGG,12
AGTATTTGAGCTTCAA,12
AGTGAAACAATCGAAC,12
AGTGTTGGCTTGGGTA,12
AGTGTTTAATAGGCGA,12
ATAAACGCATGTGCCA,12
ATAGGATATGTGGCTG,12
ATCTGAATTAAGTATG,12
ATGGGATTGGAGAAAT,12
ATGTACCTGCAGTTGA,12
ATTAAACATGCATTGG,12
ATTAGGGCTACTTGAG,12
ATTTCCATAGGCATGG,12
ATTTTTCTATGGATAC,12
CAAAAGCAGTACGATA,12
CAAATGCTGCAGTAGG,12
CAATAAGCCAGCAAGA,12
CAATAGATGTACAGTC,12
CACGGCCGGCTAACTC,12
CACTGGATGTACAGTC,12
CATGGGAATTGCCACG,12
CATGGGGAGCCCAACA,12
CATGTGGAGCCCGACA,12
CATTGAGAAGCGCAAG,12
CATTGAGACGCGCAGG,12
CCAAGCTTGGCGCACC,12
CCCTGCGCGGCTCCGG,12
CCCTTTACAGATCTCT,12
CCCTTTATGGATCTCT,12
CCTAGGTATTATATGC,12
CCTGGGTTAAGTTATG,12
CCTGGGTTAAGTTGTA,12
CCTTGACGCATTCCCG,12
CGAACCTCAGACACGT,12
CGAACTTTACGAGACA,12
CGCACTTTAAGAGACA,12
CGCGACGCCCTTCCGG,12
CGGACCCCAGATGGTA,12
CGGGAATATCCCATAC,12
CGGGCCCTAGATGGTA,12
CGGTCGGGACTCATCG,12
CGTGTACCTTTCAGCA,12
CTAGCACAGCGTAGAC,12
CTATATTGCCCGGTAG,12
CTATCTTAATCTAAAG,12
CTCACTTTACGAGACA,12
CTCAGGTATTATATGC,12
CTGAACCTATCTGTGG,12
CTGAACTTGTCTGTGG,12
CTGAGCTGCAAATAAG,12
CTGAGCTGCCAGTAAG,12
CTGATGGATTCAACTC,12
CTGGAGGCCTAGCCCC,12
CTGGAGGCCTGACCCC,12
CTGTAGGCCTGGCCCC,12
CTTACAGAAGACTAGA,12
CTTAGGTGTTATATGC,12
CTTTTCTAGTACTCTT,12
GAAAGCCCCGTTCAAT,12
GAAAGCCCCTTGCAAT,12
GAAAGTCCCTATTATG,12
GAAGTGCGTATTGATT,12
GACAAAAGGGGCATAT,12
GACGCTGCGGCGTGTG,12
GAGAGCTGCAGAATCG,12
GAGAGCTGCAGAGGCG,12
GAGGAGATACGTCACC,12
GAGGTGCGTATTGAGT,12
GATCTTGGGGAGATTC,12
GCAAACAGTGCAGTTG,12
GCAGAGTGCCGGTCAT,12
GCAGCGTGCCTGTCAT,12
GCATGGAACCAACTCC,12
GCCAGCTAGTATCCCT,12
GCCATTTACTGAAGGA,12
GCCTTTGTGCGCAGTC,12
GCGAAGTTTCGTAGCG,12
GCTGTCTAGAAATTTT,12
GGAGAACTGCGGCCCC,12
GGCTCCTGGGGTATCA,12
GGGGTATCAAGCCGGG,12
GGTATATCTCAGATCG,12
GGTTAACTTTTGAAGC,12
GTACAGACCTGCAAAT,12
GTAGAACTGCGGCCTC,12
GTCACCGCTAATCCGA,12
GTCGCATACTGGAATG,12
GTGCGAGTGTCCGGAA,12
GTGGTATCAAGCCACT,12
GTGGTGTCAAGCCGGG,12
GTTACTCCGACACGCC,12
GTTGTATCAAGCCGGG,12
TAAATCCCCAAATAAC,12
TAACGTGATTTCTCAA,12
TAACGTGATTTCTCGG,12
TAATAATCCAGCAAGA,12
TAATGAGCCAGCAAGA,12
TACTGATAACCCTTCG,12
TAGATAGTGATGAACA,12
TAGCATTGGCGGAAAG,12
TAGCATTTTCGGAAAG,12
TAGCTTATAGTAACTC,12
TATCCAGGGGACGGAC,12
TATCCTGCAAGCCACT,12
TATGTAGTATCCACAG,12
TATGTCGTGTCCACAG,12
TATGTTGTATCCACAG,12
TATTAAGAGAAGTTCG,12
TCAACGAGGTGTAACC,12
TCTCGACATAGCGATG,12
TCTGGAAACGATCCCA,12
TCTTAGTACTCGTATG,12
TCTTCCGTTGGGAACT,12
TCTTGACATAGCGATT,12
TGATCTGTGACGTTGC,12
TGCAGTGTTATACATA,12
TGCTATTCCGGCACGG,12
TGCTATTCCGGCGCGA,12
TGTCTGGATAAAGTAG,12
TGTGGAGCGCCCCTAC,12
TGTTGAGCCAGTCTGT,12
TGTTGATCCAGTCTGA,12
TTACGAAGTTGATTCC,12
TTAGAACTGCGGCCCC,12
TTCTATCCAGACTCGT,12
TTCTGTCCAGACGCGT,12
TTGATCCTGAGTAGTA,12
TTGCGATTGTCCGGAA,12
TTGGGGAACGGAAAGC,12
TTGGTGAACGGGAAGC,12
TTTCACATAACCTATC,12
TTTCGCAGAACCTATC,12
AAAAATCTACGGCGAC,11
AAATTCACAACATCCA,11
AACAAGTAGAACCGCC,11
AACAGAAGTCCACGTA,11
AACAGAAGTCCGTGTA,11
AACGAAAAACAGTAAG,11
AACGACAAACAGTAAT,11
AACGACGAACAGTAAG,11
AACTTCCATGACTGCT,11
AACTTCCCTGACTGCA,11
AACTTCCCTGACTGTT,11
AAGGTCCCTGTGTAAT,11
AATACGAGGCTACGTA,11
AATGAAAAAATCGAAC,11
ACAGGATTCGGGGGAC,11
ACAGTCCACCATTGAT,11
ACATGGGTGTACGAGA,11
ACCAACAATGAGTTGT,11
ACCAGCAATGATTTGT,11
ACCCCCGGAGCTTGAC,11
ACCCCCGGAGCTTGTC,11
ACCCCGGGAGCTTGGC,11
ACGGGGATTGACTGTT,11
ACGGGGATTGGCTGTG,11
ACGGGGATTTGCTGTT,11
ACGTGTCTCCGAGTAA,11
ACTGTCTAGAAATTTG,11
ACTTGTCTCCGAGCAA,11
AGAAAACATTACAAAT,11
AGAAAAGCTCAGATAC,11
AGAAAATCTCAGGTAC,11
AGAACCGCAGACACGT,11
AGAAGATCTCAGATAC,11
AGATCCCAGGTACTTT,11
AGCACATGCTGGGGAT,11
AGCATAGGGATACGTG,11
AGCCTACGAGACGTAA,11
AGCGAATGAATCATCC,11
AGCTCCTGGGGGATCA,11
AGGCCCGTAAGGAATA,11
AGGTTCAGACTCTCGC,11
AGTGTTGAATAGGCTA,11
AGTGTTGTCTTGGTTA,11
ATAACGTTTGTGCAAT,11
ATAACTGAGGGTATTG,11
ATACACTCATGTGCCA,11
ATACCCAGTTCCTGCG,11
ATAGGATATATGTCTG,11
ATCAGAATAATCGCGC,11
ATCGAATGAATCATCC,11
ATGAGCTGCCAATAAG,11
ATGGGAGTGGAGAAAC,11
ATGGGATTGGATAAAC,11
ATGGGGATTGGCTGTT,11
ATGGTATTGGAGAAAC,11
ATGTAAAAAACTTAGT,11
ATGTCCCACGGGCATA,11
ATTACAGAATACTAGA,11
ATTCCGAAGGGGGTAG,11
ATTTTCTAGTACGCTT,11
ATTTTTCTATGTCTAC,11
ATTTTTCTATTGCTAC,11
CAAATGCCGCATTAGG,11
CAAATGCTGCGTTAGG,11
CAACTAGGATCGCACT,11
CAATGAGAAATACATA,11
CACCATCAGCAACTAG,11
CACGTCCGGCGAACTC,11
CACTGAGACGCGCAAG,11
CAGAACCGCGTTGTCT,11
CAGAACCTCGTTGTCG,11
CAGATAGGGATGAACA,11
CAGATAGTGATGAAAA,11
CAGGCTCTAGAGCGCT,11
CAGGCTCTGGAGCTCT,11
CAGTCTCTAGAGCTCT,11
CAGTTAGAAATACATA,11
CATACTGAGTTTGTTG,11
CATCGAGACGCGCAAG,11
CATGGGAATTGCCGCT,11
CATGTGGAGCCCAAAA,11
CATTGAGACGCGCAAA,11
CATTTCTGATTAATTG,11
CCAAGCGTGGCGCATC,11
CCCGGGTTAAGTTGTG,11
CCCTATGAAATAAGCA,11
CCCTGCGCGGTTCGGG,11
CCGGAGAAATCAGAAC,11
CCGGAGGCCTGGCCCC,11
CCGGATAAATCAGAGC,11
CCTTATTAGGCGGCAT,11
CGAACAGCAGACACGT,11
CGACTCCACGTACGCC,11
CGCACTTGACGAGACA,11
CGCACTTTACGAGACG,11
CGCACTTTACTAGACA,11
CGCGACACTCTTCCGG,11
CGGGAAAGGTAAATGA,11
CGGGAAATGTAAATTA,11
CGGGAACATAAATAAC,11
CGGGAATCCCCCATAC,11
CGGGAATCTCCCATAA,11
CGTGTACCCTTTAGCA,11
CTAATTTGAGTATCAA,11
CTACATTGCCCGGAAG,11
CTCAAATAATTGGTGC,11
CTGAGGGATTCAACTA,11
CTGGATGCCTGGCCCC,11
CTGTACCTACAGTTGA,11
CTGTACCTGCATTTGA,11
CTGTGCCTGCAGTTGA,11
CTTAACTTGTCGATAT,11
CTTACAGGATACTAGA,11
CTTACGGAATACTAGA,11
CTTCGGCTCTTGATGA,11
CTTCGGCTCTTGGTTA,11
CTTTAGATTATAGTCT,11
CTTTTCTAGGACGCTT,11
GAAAGCCCCGTGTAAT,11
GAAATCCCCGTGCAAT,11
GAAGAAACTATAGCCA,11
GAAGTGCTGCTGAGGT,11
GAAGTGCTGCTTAAGT,11
GAATAATATAACAGAG,11
GAATAGTAGAACAGAG,11
GACAAAAGTGACATAT,11
GACACCTTGTAAGATG,11
GACGGGATGGGCAAGT,11
GACGGGATGGGCATGT,11
GACGGGATTGGCACGT,11
GACTAAAGGGACATAT,11
GAGAACCTCGTTGTCT,11
GAGGGATAGAGATACG,11
GAGGTGCTGCTGAAGT,11
GATCCATCTCAGATCG,11
GATCGCCACTGAGAAG,11
GATCGCCATCGAATTC,11
GATCGCCATCGACTGC,11
GATCGCCGTCGACTTC,11
GCAAACAGTGTAGTTT,11
GCAAAGAGGTGTAACC,11
GCAATGAGGTGTAACC,11
GCACGGAACTAACTCC,11
GCAGCGTGCAGGTCAT,11
GCAGCGTGCCGGTCAC,11
GCCAGCCCGTATCCCT,11
GCCAGCTCGTATCACT,11
GCCATTTACTGAGGGG,11
GCCGATTCACGAATAA,11
GCCTGCGCGGCTCGGG,11
GCTTAGTCCTCGTATG,11
GGGTTCAGACTCTTGC,11
GTAACGAGGTGTAACC,11
GTAAGCAAAGGTGACC,11
GTACACGCATGTGCCA,11
GTAGAACGGCGGCCCC,11
GTAGGACTGCGGCCCC,11
GTATAAAAAACTTAGT,11
GTCAAGTTACGTATGG,11
GTCGCATCTTGGAATG,11
GTCGCTGCTAATCCGA,11
GTGAGCGAGAAAAGCG,11
GTGAGCGAGAAAAGTA,11
GTGGTATCAGGCCGGG,11
GTTGCTCCGACAAGCC,11
TAATAAGCCAGCGAGA,11
TACTCTGCAAGCCACT,11
TAGATGATAGTAACTC,11
TATCCAAGGGGCGGAC,11
TATGTCGGATCCACAG,11
TATGTCGTATCCATAG,11
TATTAAGAGAAGTGCT,11
TATTTACCACTGCATC,11
TCAAACAGTGTAGTTG,11
TCAGGGGTGTACGAGA,11
TCGAAGTTTCATAGCG,11
TCGACTACTAGCCGGA,11
TCGATCACTAGCCGGA,11
TCGTCCGTTGGGAACA,11
TCTCTTCAACTAAAAA,11
TCTTAGTCTTCGTATG,11
TCTTGACATAACGATG,11
TCTTGACATAGCGATA,11
TCTTGACATATCGATG,11
TCTTTACCAATGCATC,11
TGATATTCCGGCGCGG,11
TGCAGTGGTATACATG,11
TGCGGTGGTATACATA,11
TGCGGTGGTCGATCCT,11
TGGCATTGTCGGAAAG,11
TGGTACGCTTCATGCT,11
TGTAATCGTCACCGAT,11
TGTGGGGCGCCCTTAC,11
TGTTCAGCGATAACGG,11
TTAATGTAGCCGCCCC,11
TTCAAGTTACGGATGG,11
TTCATAAAGTTGGTGC,11
TTCTGTCCAGACACGT,11
TTCTGTCCAGACCCGT,11
TTCTGTCCAGACTAGT,11
TTCTGTCCAGACTTGT,11
TTCTGTCCAGGCTCGT,11
TTGCTCCGGAGTAGTA,11
TTGTATCAGTCGTGCC,11
TTTATATTGAGATTCA,11
TTTCACAGAAACTATC,11
TTTCAGCTTTGTTTTG,11
TTTCGAGATACTCACA,11
TTTCGTGATACTCATA,11
TTTGCTCCGACACGCC,11
AAAAAAATTATGACAA,10
AAAAAACTTATGACAA,10
AAAAATTTATGACAAA,10
AAAAGATTTATGACAA,10
AAACCCATAAGACCCT,10
AAATGCGCGCCTTCAA,10
AACACGTAGAACCGCA,10
AACATAGGGATATGTG,10
AACCACAAACAGTAAG,10
AACTTCCCTGACTGCG,10
AAGAAGACTTTGTGGT,10
AAGAGGCTATAGAAGT,10
AAGCGGTGATGTGATG,10
AATGAAACAATCAAAC,10
AATGCGAGAATGTCAA,10
AATGCTAGCATGTCAA,10
ACAAGATGCGGGGGAC,10
ACAAGATTCGGGGTAC,10
ACAATCCGAACCATAC,10
ACACGGGTTGGCTGTT,10
ACACGGGTTTGCTGTA,10
ACACGTGTTGGCTGTA,10
ACATTTTCCAATAGTT,10
ACCAGCAATGAGCTGT,10
ACCATTGTACACACCA,10
ACCCCCGGAGCTCGGC,10
ACCGAGTCACGAATAA,10
ACCGTTGTACAAACCA,10
ACCTAAAGGATCATGA,10
ACGCAAATGGACCGAA,10
ACGGGGATTGGTTGTT,10
ACGGGTATTGGCTGTT,10
ACGGTCCACCATTGAG,10
ACGTATCTCCGAGCAA,10
ACGTCCATTAATATCA,10
ACGTGTCTCCGAGCAT,10
ACGTGTGATTTTCGAG,10
ACTATGAGGCTACGTA,10
ACTCTGTCTCGCTAAT,10
ACTGCCTAGAAATTTT,10
AGAAAATCTCAGAGAC,10
AGAAAATCTTAGATAC,10
AGACCCATAAGACCCC,10
AGATCCACCATATAGT,10
AGATCCCAGGTCCCTT,10
AGATCCCAGGTCCTGT,10
AGCAGAGGGATATGTG,10
AGCATAGGGATATATG,10
AGCTCCTGGGGTACCA,10
AGGACTATAGTTGGCG,10
AGGAGTGTGAAGAGCG,10
AGGCCCATAAGGACTA,10
AGGGGTATGAAGAGCG,10
AGGTTCAGACTCTTAC,10
AGTATTTGCGATTCAA,10
AGTCCCGTAAGGACTA,10
AGTCGTTTAGATAGGT,10
AGTCTTTTAGATAGTT,10
AGTTCAGCGATAACGG,10
AGTTGGGGTCCCCCTT,10
ATAACGTTTGTGAAAA,10
ATAACGTTTTTGCAAA,10
ATAGGATATATGACTG,10
ATAGGATATATGGCTA,10
ATAGTATATATGGCTG,10
ATATGATATATGGCTG,10
ATCAGGATAATCTCGC,10
ATTAGGATAATCGCGC,10
ATTATCGTATCTAATA,10
ATTATTTGCGCTTCAA,10
ATTCCGAATGGGATAG,10
ATTCGGGCTACGTGAG,10
ATTGGATTATAACGTA,10
ATTTAAATTCGAGTAC,10
CAATTAGAAATGCATA,10
CACCATCAGCACCGAG,10
CACCTCGCCGAGCACC,10
CACTAGATGTACAGGC,10
CACTAGATGTACGGTC,10
CACTAGATGTGCAGTC,10
CAGAGCCTCGTTGTCT,10
CAGGAAATGTAAATGA,10
CAGGCTCTAGGGCTCT,10
CATAAAAGACTGGATA,10
CATACAGAGGTTGTTG,10
CATACAGTGTTTGTTG,10
CATATGGAGCCCAACA,10
CATGTCGTATCCACAG,10
CATTGGAATTGCCACT,10
CATTTAGACGCGCAAG,10
CATTTATGATGAATTG,10
CATTTCTCAAAACATA,10
CCAACACAAAAAATTG,10
CCAGGCTTGGCGCATC,10
CCCTGCGCAGCTCGGG,10
CCGCATTAGGGGGAGG,10
CCTACAGAATACTAGA,10
CCTCGATGCATTCCCG,10
CGAAACACTTCCCAGT,10
CGAACCGCAGACACGG,10
CGCGACACCCTTCCGC,10
CGGAATCGTCACCGAT,10
CGGATAGTGATGAACA,10
CGGGAATCTCCCATAT,10
CGGGGACGAGATTGTA,10
CGGTCGGTACTCATCT,10
CGTTCAGCGATAACAG,10
CTAATTTAAGTATCAG,10
CTACTCCACGGACGCC,10
CTAGCAAAGCGTAGGC,10
CTATGATTGGATGCAC,10
CTATTTGACAGACGTA,10
CTCAAATAATTGGAGC,10
CTCCTAGTGGACGATT,10
CTGAACTTATCCGTGG,10
CTGAACTTGTAGATAT,10
CTGAACTTGTCGATAC,10
CTGAGCGGCCAATAAG,10
CTGGAGGCCTGGCACC,10
CTTACAGAATAATAGA,10
CTTACATAATACTAGA,10
CTTAGGTATTATATGG,10
GAAAGCCCCGTACAAT,10
GAAAGTCCATATGATG,10
GAAATCACCAAATAAC,10
GAAGAAACTAGAACCA,10
GAAGAAGCTATAACCA,10
GAAGCTCTTTTCGTTC,10
GAAGTACACTGAATGA,10
GAAGTACGCTGGATGA,10
GAAGTGCGTATTTAGT,10
GAAGTGCTGCTGAAGC,10
GAAGTTCTGCTGAAGT,10
GAATAAACTATAACCA,10
GACAAAAGGGACATAG,10
GACAAAATGGACATAT,10
GACACAGGACCCATGC,10
GACGGGATGGGCACAT,10
GACTGGATGGGCACGT,10
GATCACGAAGAAAAAG,10
GATCGCCATTGACTTC,10
GATGAAACAATCGAAC,10
GCAACGAGGTGTAACT,10
GCAACGAGTTGTAACC,10
GCAGGCGTTAGTGTCA,10
GCATAAAGGATCATGA,10
GCATCCTCAAATCCTA,10
GCATCCTCAACTCCGA,10
GCATGGAACTAGCTCC,10
GCCGGAGTTAGTGTCA,10
GCCTTTGCGCGAAGTC,10
GCGAAGTGTCATAGCG,10
GCGAAGTTTAATAGCG,10
GGAAGCAAAGTTGACC,10
GGAAGTCCCTATGATG,10
GGAGAAACTATAACCA,10
GGATCCACCCTATAGT,10
GGTCCGTCTCAGATCG,10
GGTCGCCATCGACTTC,10
GTAAGCAAAGTCGACC,10
GTAAGCAAAGTTGACT,10
GTAAGCAAATTTGACC,10
GTACAAACCTGGAAAT,10
GTACCCAGTTTCTGCG,10
GTAGAACTGCGGCTCC,10
GTAGATACTAGGACAA,10
GTAGGATATATGGCTG,10
GTATCCTCAACTCCTA,10
GTCGAATCCTGGAATG,10
GTCGCCGCCAATCCGA,10
GTCGGCGTTAGTGTCA,10
GTGAGCGAGAAAATCA,10
GTGCGATTGTCCGGAT,10
GTGGCCCACGGGCATA,10
GTTAGCGAGAAAAGCA,10
GTTGCTCCAACACGCC,10
GTTGCTCTGACACGCC,10
TAACGTGATTCCTCGA,10
TAACGTGATTTCGCGA,10
TAACGTGATTTCTTGA,10
TAATAAGCCAGAAAGA,10
TAATAAGCCATCAAGA,10
TAATAATGCCGTTGTC,10
TACCGATAACCCTGCG,10
TACTAATGACGTTGTC,10
TAGCATTGTCGGAAGG,10
TAGCATTGTCGGAGAG,10
TAGCTGATAGTAAATC,10
TAGCTGATAGTAACCC,10
TAGTATTGTCGGAAAG,10
TATGTCGCATCCACAG,10
TATGTTAGTAACATAA,10
TCACGACTCAACTAAC,10
TCATGGATGTACGAGA,10
TCCACACCCCTATCTA,10
TCCATTTACTGAAGGG,10
TCCGGCGTTAGTGTCA,10
TCCTATGAAATAAGCT,10
TCGATTACTAGCCGGT,10
TCGATTCAACTAAAAA,10
TCGCCCGTTGGGAACT,10
TCGTCCGTCGGGAACT,10
TCGTCGAACTACTGCT,10
TCGTCGCACTACTGTT,10
TCTCATTAGGCGGCAT,10
TCTGGAAAAGATCCCC,10
TGATATTTTACATTTA,10
TGCTACTCCGGCGCGG,10
TGCTATCCCGGCGCGG,10
TGCTATTCCGGCGCAG,10
TGCTATTCCGGCGCGC,10
TGGAATCATCACCGAT,10
TGGTCCGCTTCATGCC,10
TGTGGAGCGCCCTCAC,10
TGTTCCGCTTCATGCT,10
TGTTGAGCCAGTCTTA,10
TTACGAATTTGATCCC,10
TTATATTGCCCGGAAG,10
TTATCTATAGAGCGCT,10
TTATCTGGAGAGCGCT,10
TTATGAATTTGATTCC,10
TTCGCCGCTAATCCGA,10
TTGCTCCTGAGTAGGA,10
TTGTATCAGTCACGCC,10
TTTACATCCAACACCA,10
TTTATATCCAACACTA,10
TTTATATCCAACGCCA,10
TTTATATCGAGATTAA,10
TTTCACAGAACCCATC,10
TTTCGTGATAATCACA,10
TTTCGTGATACTCAAA,10
TTTCTTGATACTCACA,10
AAAACGTAGAACCGCC,9
AAAGCTATTTTCGTTC,9
AAATTCACAATATCCT,9
AAATTCCCTGACTGCT,9
AAATTTACAATATCCA,9
AACCACCGAGGGACCG,9
AACCATCGAGTGACCG,9
AACCCACGAGACGTAA,9
AACCTACTAGACGTAA,9
AACGAAACAATCGAAC,9
AACGACAAACGGTAAG,9
AACTAGATGTACAGTC,9
AACTCCCCTGACTGCT,9
AAGATTGATTGAAGTG,9
AAGCGGTGATGTGGTT,9
AAGGTCCCCATGTAAT,9
AAGGTCCCTATGGAAT,9
AAGTATTACTACACAT,9
AAGTCCATTAAGATCA,9
AATAAACATGCATTGG,9
AATGAAACAATCGGAC,9
AATGAAACAGTCGAAC,9
AATGGAACAATCGAAC,9
ACAAAGTCTAGAGAAG,9
ACAACGAGGTGTAACC,9
ACAAGATTTGGGGGAC,9
ACAATATTCGGGGGAC,9
ACAATCTGAACCATGC,9
ACAATCTGAGCCATAC,9
ACAGCCCACCATTGAG,9
ACAGTCCATCATTGAG,9
ACCAATTCACGAATAA,9
ACCACCGGAGCTTGGC,9
ACCGAATGAATTATCC,9
ACCGTTGTACACACAA,9
ACGAAAATAGACCGAA,9
ACGTAAGATTTTCGAG,9
ACGTATGATGTTCGAG,9
ACGTATGATTCTCGAG,9
ACGTATGATTTACGAG,9
ACGTATGATTTTCAAG,9
ACGTCCATTGAGATCA,9
ACGTGTCTCCGAACAA,9
ACTACGATGCTACGTA,9
ACTCTGACTCGCTAAT,9
ACTGGGATTGGCTGTT,9
AGACCATCACACCCAA,9
AGACTCCACGGACGCC,9
AGAGAATCTCAGATAC,9
AGAGCGAAAAAGAGGA,9
AGATCCCAGGGCCTTT,9
AGATCCCAGGTCCTTA,9
AGCATAGTGATATGTG,9
AGCATCTAACAGATAA,9
AGCATCTAACAGATAC,9
AGCCCATGCTGGGGAG,9
AGCCCATGCTGGGTAT,9
AGCGTTGAATAGGCGA,9
AGCTCCTGGGGTATTA,9
AGGGGGCCTCATAATG,9
AGTAAACATGCATTGT,9
AGTAAACATGTATTGG,9
AGTCGTGTAGATAGTT,9
AGTCGTTTAGATGGTT,9
AGTGTTGAACAGGCGA,9
AGTGTTGAATAGGCGT,9
AGTGTTGAATAGGGGA,9
AGTTCCATAGTCATGG,9
ATAACTTAGGGCATTG,9
ATAAGCAAAGTTGACC,9
ATACAAGAGGTTGTGA,9
ATACACGAGGTTATGA,9
ATACACGCATGTGACA,9
ATAGAATAGCAAATTA,9
ATAGGATATATGGCCG,9
ATAGGATATATTGCTG,9
ATAGGATTGGAGAAAC,9
ATCAGGATAATCGCGA,9
ATCCGATTTAAAGTCA,9
ATGGAATTGGAGAAAC,9
ATGGCCCACGGACATA,9
ATGGCCCACGGGAATA,9
ATGGTCCACGGGCATA,9
ATGGTTTTACGTCCAC,9
ATTAGATTAGAACGTA,9
ATTAGGGCGACGTGAG,9
ATTATATCCAACACCA,9
ATTATCATATATAATA,9
ATTATCATATCCAATA,9
ATTCCGAATAGGGTAG,9
ATTCTTCTATGGCTAC,9
ATTGTTGAATAGGCGA,9
ATTTCGAATGGGGTAG,9
CAAAATATACGGCGAC,9
CAAAATCTACGGCGAA,9
CAAATGCTCCATTAGG,9
CAAGTGCTGCATTAGG,9
CAATTAGAAATACACA,9
CACCATAAGCACCTAG,9
CACCTAGGATCGAACT,9
CACGGCCTGCGAACTC,9
CAGAGAGTGATGAACA,9
CAGGATCTAGAGCTCT,9
CAGGCTCTAGATCTCT,9
CAGGCTCTATAGCTCT,9
CATACAGAGTTTGTTT,9
CATACAGATTTTGTTG,9
CATGGGAATTGCAACT,9
CATGGGAATTGCCACC,9
CATGTGGAGCCCAACG,9
CATTGAGATGCGCAAG,9
CCAAGCTTGGCACATC,9
CCAGCACAGCGTAGGC,9
CCCTATGAAATAAGCG,9
CCCTGCACGGCTCGGG,9
CCGAGCTTGGCGCATC,9
CCGAGGGATTCAACTC,9
CCGGATAAATCGGAAC,9
CCGTACCTGCAGTTGA,9
CCTGGGGTAAGTTGTG,9
CCTGGGTTAAGTTGTT,9
CCTGGGTTGAGTTGTG,9
CGAAAACATTAAAAAT,9
CGAACCGAAGACACGT,9
CGAACCGCAGACACGC,9
CGCGGCCGGCGAACTC,9
CGGACAGGGAATCAAA,9
CGGCTCCACGGACGCC,9
CGGGAAATTTAAATGA,9
CGGGAACAGACATAAC,9
CGGGAACATACATAAA,9
CGGTCGGGACTAATCT,9
CGGTCGGGGCTCATCT,9
CGTACGTATGTCCCAT,9
CGTCTACCCTTCAGCA,9
CGTGACCCCCCCCAAC,9
CGTGACCCCCTCCGAC,9
CGTGTACTCTTCAGCA,9
CGTGTTGAATAGGCGA,9
CGTTCAGCGATAGCGG,9
CTAACACAGCGTAGGC,9
CTACGAATTTGATTCC,9
CTAGCACAGTGTAGGC,9
CTAGTTTAAGTATCAA,9
CTATATTGCCCCGAAG,9
CTATATTGCCCGGAAA,9
CTATATTGCCCGGAAC,9
CTATTTAACAGGCGTA,9
CTATTTAGCAGACGTA,9
CTGAAGGCCTGGCCCC,9
CTGACAGAATACTAGA,9
CTGAGCTGCCAATAGG,9
CTGAGGGATTCGACTC,9
CTGGAGGCCTGCCCCC,9
CTGTACCTGCAGTCGA,9
CTGTACCTGCGGTTGA,9
CTGTATTGCCCGGAAG,9
CTTTAAATTATATTCT,9
CTTTACCTGCAGTTGA,9
CTTTTATAGTACGCTT,9
GAAAGTCCCTATGATT,9
GAAGAAACTATAACAA,9
GAAGAAACTGTAACCA,9
GAAGTGCATATTGAGT,9
GAAGTGCTACTGAAGT,9
GAAGTGCTGCTGGAGT,9
GAAGTTCGTATTGAGT,9
GACCCCTTGTAAGATT,9
GACGGGATGGTCACGT,9
GAGATCTGCAGAAGCG,9
GAGCTTGATATGGATC,9
GAGGGGATAAGTCACC,9
GAGGGGTAGAAATACG,9
GATAACGCAGAAAAAG,9
GATCGCAATCGACTTC,9
GATCTCGGGGAGAGTC,9
GATTCAGATGCCAACC,9
GATTCGGATGCCCACC,9
GCAACAGTCATAGCAA,9
GCAACGAGGGGTAACC,9
GCAACGAGGTGTGACC,9
GCAGCGTGCCGGCCAT,9
GCAGCGTGCCGTTCAT,9
GCAGTACGATCTACGC,9
GCATCCTAAACTCCTA,9
GCATGGAACTAACGCC,9
GCATTTTCCAATAGGT,9
GCCATTTACTGGAGGG,9
GCCTCTGCGCGCAGTC,9
GGAAGCCCCGTGCAAT,9
GGGGGGATACGTCACC,9
GTAAACAAAGTTGACC,9
GTACAAACCTGCAAGT,9
GTACACGAGGTTGTGA,9
GTAGAACTACGGCCCC,9
GTAGAACTGGGGCCCC,9
GTGAGCAAGAAAAGCA,9
GTGCGATTGTCCGGTA,9
GTGGTATCAAGCCGAG,9
GTTGCTACGACACGCC,9
TAAAGTCCCTATGATG,9
TAACGTGACTTCTCGA,9
TACAGTGGTATACATA,9
TACATACCTACGCAGT,9
TACCCTGCAAGTCACT,9
TACGACAAACAGTAAG,9
TACTAATGCAGTTGTC,9
TACTAATGCCTTTGTC,9
TACTAATGTCGTTGTC,9
TAGCATTGTCGTAAAG,9
TAGCGTGATTTCTCGA,9
TAGCTGATAGTAACTA,9
TAGTAAGAGAAGTGCG,9
TATCACGCAGAAAAAG,9
TATGTCGTATTCACAG,9
TATTAAGAGGAGTGCG,9
TCAAGCTTGGCGCATC,9
TCACGAATTTGATTCC,9
TCATGAGTGTACGAGA,9
TCCTGTCCAGACTCGT,9
TCCTTTGCGCGCAGTC,9
TCGAACGAAGGAGGAG,9
TCGCTTCAACCAAAAA,9
TCGTAGCACTACTGCT,9
TCGTCACACTACTGCT,9
TCGTCGCACTAATGCT,9
TCGTCGCACTACTGAT,9
TCGTCGCACTACTGCC,9
TCGTGTCTCCGAGCAA,9
TCTAACTCTCGCAGCA,9
TCTTAGTCATCGTATG,9
TCTTAGTCCTCGTAAG,9
TCTTAGTCCTCGTAGG,9
TCTTAGTCCTCGTATA,9
TCTTATTAGGCGGCGT,9
TCTTCGCACTACTGCT,9
TGACGACAATACAAAT,9
TGCAGCGCGGTAAGAG,9
TGCAGGGGTATACATA,9
TGCAGTGGGATACATA,9
TGCGGTTGTCGATCCG,9
TGCGTTGGTCGATCCG,9
TGCTGTTCCGGCGCGG,9
TGGAATCGTCACAGAT,9
TGGAATCGTCACTGAT,9
TGGAATCGTTACCGAT,9
TGGAGTGGTATACATA,9
TGGCCCGTAAGGACTA,9
TGGTCCGCTTCATTCT,9
TGGTCCTCTTCATGCT,9
TGTAATAGGCGTCACT,9
TGTATATCCAACACCA,9
TGTCCGGAGAAAGGAG,9
TGTGGAGCACCCTTAC,9
TGTGTCGTATCCACAG,9
TGTTGAGCCAGTATGA,9
TGTTGAGCCAGTCGGA,9
TTAATCAAGTTGGTGC,9
TTCATCAAGTTGTTGC,9
TTCTGTCTAGACTCGT,9
TTGAACTTATCTGTGG,9
TTGGGAACTAAATTAA,9
TTTAGGTATTATATGC,9
TTTCACAGAGCCTATC,9
AAAAAATTTATGATAA,8
AAAAAGTCTCGAGAAG,8
AAAAAGTTTATGACAA,8
AAAGCCCTTTTCGTTC,8
AAAGCTCTTTTCGCTC,8
AAAGGCGCGCCCTCAA,8
AACACATAGAACCGCC,8
AACCTATGAGACGTAA,8
AACCTCCCTGACTGCT,8
AACGACAAACATTAAG,8
AACGGGCTAATGTCTC,8
AACTACCGAGTGACCG,8
AACTGCGTTCATTGAT,8
AACTTCACTGACTGCT,8
AACTTCCCTAACTGCT,8
AACTTCCCTGAATGCT,8
AAGATGGATTGAAGTG,8
AAGCGGGGAGGGGATT,8
AAGCGGTGATGTGATC,8
AAGGGGACTCATAATG,8
AAGGGGCCTCATGATG,8
AAGTATTGCTACAAAT,8
AAGTTAAGAGAAAGTG,8
AATATTGATTGAAGTT,8
AATCGCTGGCACCCCT,8
AATGACAAACAGTAAG,8
AATTCGTGAGTAATAG,8
AATTCGTGATTACTAG,8
ACAAAGTCTCTAGAAG,8
ACAACCTGAACCATAC,8
ACAAGATTCGGGTGAC,8
ACAATCTGAACCAGAC,8
ACACGGTTTGGCTGTA,8
ACAGCGTGCCGGTCAT,8
ACAGTACGATCCACGC,8
ACAGTACGATCTACTC,8
ACAGTCCAACATTGAG,8
ACATTTTCAAATAGGT,8
ACATTTTCCAATAGGC,8
ACATTTTCCAATATGT,8
ACATTTTCCAATGGGT,8
ACCGAACGAATCATCC,8
ACCGAATGAATGATCC,8
ACCGATTCAAGAATAA,8
ACCGATTCACAAATAA,8
ACCGATTCACGAATAG,8
ACCGATTCACGAATGA,8
ACCGATTCACGAGTAA,8
ACCGATTTACGAATAA,8
ACGACGAGGCTACGTA,8
ACGCCCATTAAGATCA,8
ACGGGATTGGAGAAAC,8
ACGTCAATTAAGATCA,8
ACGTGGATTGGCTGTT,8
ACGTGTCCCCGAGCAA,8
ACTACGAGGCTACTTA,8
ACTCTGGATCGCTAAT,8
ACTCTGGCTCGCCAAT,8
ACTCTGGCTCTCTAAT,8
ACTGTCTAGAAACTTT,8
ACTGTCTAGAAATGTT,8
ACTGTCTAGGAATTTT,8
AGAAAATCGCAGATAC,8
AGAAAATCTCAGATAG,8
AGCACCTAACAGATAG,8
AGCAGCAATGAGTTGT,8
AGCCCCTGGGGTATCA,8
AGCTGAACTAAGTATG,8
AGGAAATAAACTGGAG,8
AGGCCCGGAAGGACTA,8
AGGCCCGTAAGGACGA,8
AGGCTCAGACTCTTGC,8
AGGTATTGCTACACAT,8
AGTATTTGCGCTTCGA,8
AGTGTTGGCTTGGTGA,8
AGTGTTGGCTTGGTTG,8
AGTTCAATAGGCATGG,8
AGTTCCGTAGGCATGG,8
AGTTTTTATAACTTTC,8
ATAACGTTTGTTCAAA,8
ATACACGAGGCTGTGA,8
ATACACGAGGTTGCGA,8
ATACACGCATGTGTCA,8
ATACATGAGGTTGTGA,8
ATACGCGAGGTTGTGA,8
ATACTCGAGGTTGTGA,8
ATAGAATCGAAAATTA,8
ATAGAATCGCAAATGA,8
ATAGAATCTCAAATTA,8
ATAGACGAGGTTGTGA,8
ATATCCCAGGTCCTTT,8
ATATCTTAATCTACAG,8
ATCAGGATAATTGCGC,8
ATGGGATTGGAAAAAC,8
ATGGTTTTAAGTCCAT,8
ATTCCGAATGGCGTAG,8
ATTGCCCACGGGCATA,8
ATTGCTCCGACACGCC,8
ATTGTCTAGAAATTTT,8
ATTTTTCTATGGCTAT,8
CAAACGCTGCATTAGG,8
CAAATGCTGCATTAGC,8
CAACATCAGCACCTAG,8
CAACGTGATTTCTCGA,8
CAAGGCCGGCGAACTC,8
CAATTAGAAACACATA,8
CACACAGAGTTTGTTG,8
CACCATCAGTACCTAG,8
CACCCTGCAAGCCACT,8
CACCGCGCCTAGCACC,8
CACCGTCAGCACCTAG,8
CACCTAGGATCGCAAT,8
CACGGCCGACGAACTC,8
CACGGCCGGAGAACTC,8
CACGTGGAGCCCAACA,8
CACTAGAGGTACAGTC,8
CAGAACCTCGTTGCCT,8
CAGAACCTCGTTGGCT,8
CAGGCTCTAGAGATCT,8
CATACAGAGTTTGGTG,8
CATACAGTGTAATCGA,8
CATACATAGTTTGTTG,8
CATACGGAGTTTGTTG,8
CATGCAGAGTTTGTTG,8
CATGGCCGGCGAACTC,8
CATGGGAATTACCACT,8
CATGTGGAGCCTAACA,8
CATTTCTGATGAATGG,8
CATTTGGAGCCCAACA,8
CCAACAAAAAAAATTA,8
CCAAGCTTGGCGCAGC,8
CCAAGCTTGGCGCATT,8
CCAATTTAAGTATCAA,8
CCAGATAAATCAGAAC,8
CCCCCACTGTTTAAAA,8
CCCCTCCTCTAAATTT,8
CCCTATGAAGTAAGCT,8
CCCTTTAAGGATCTCT,8
CCGCATTAGCGTGAGG,8
CCGGATAAATCAGAAT,8
CCGGGGTTAAGTTGTG,8
CCTTGATGCATGCCCG,8
CCTTGATGCATTCTCG,8
CCTTGCGCGGCTCGGG,8
CGAAAACATTACAGAT,8
CGAAAACATTGCAAAT,8
CGAACCCTAGATGGTA,8
CGACTCCACGGACTCC,8
CGCAACATTGGTCGCC,8
CGCACTTTACGATACA,8
CGCATCTAACAGATAG,8
CGCTAGATGTACAGTC,8
CGGACCCTAGATAGTA,8
CGGACCCTAGATGGTG,8
CGGCCAGGTAATCAAA,8
CGGGAAATGTAAAGGA,8
CGGGAAATGTAAGTGA,8
CGGGAACATACATGAC,8
CGGGAATCTCCAATAC,8
CGGGAATCTCCCAGAC,8
CGGGTACCCTTCAGCA,8
CGGTAAATGTAAATGA,8
CGGTAATCTCCCATAC,8
CGGTCGGGACTCATCA,8
CGGTCGGGACTCGTCT,8
CGTAAAGTGTAATCGA,8
CGTACAGTGTAATAGA,8
CGTACATTGTAATCGA,8
CGTACGTATGTCCAAG,8
CGTGGACAAGATTGTA,8
CGTGTACCCTTGAGCA,8
CGTTCAGCGATGACGG,8
CTAAACTTATCTGTGG,8
CTAAGCTTGGCGCATC,8
CTACTTAACAGACGTA,8
CTAGCGCAGCGTAGGC,8
CTATAAACAGTTTGTA,8
CTATAAACCGTTGGTA,8
CTATAAACCGTTTGTG,8
CTATATTAATCTACAG,8
CTATATTGCCCGAAAG,8
CTATGTTGCCCGGAAG,8
CTATTTAACAGACGCA,8
CTCAATGTAGTAGGAT,8
CTGAACTTACCTGTGG,8
CTGAACTTATCTGTAG,8
CTGAACTTATCTGTGT,8
CTGAGATGCCAATAAG,8
CTGAGCTGACAATAAG,8
CTGAGCTGCCAATAAT,8
CTGAGTTGCCAATAAG,8
CTGGAAATGTAAATGA,8
CTGGAACATACATAAC,8
CTGGAATCTCCCATAC,8
CTGTACCTGCAGTTGG,8
CTGTCTTAATCTACAG,8
CTTACAGAATACTAGG,8
CTTACTGAGCGAGAGT,8
CTTACTGTGCGAGAGT,8
CTTAGATATTATATGC,8
CTTAGGTATTATACGC,8
CTTCGGCTCTTGATCA,8
CTTTAAATTATAGTAT,8
CTTTCAGCGATAACGG,8
GAAAGCCCCGGGCAAT,8
GAAGAAACTATAACCG,8
GAAGTAAGCTGAATGA,8
GAAGTACGATGAATGA,8
GAAGTACGCCGAATGA,8
GAAGTGCGTGTTGAGT,8
GAATAATAGAACAGAT,8
GAATTGCGTATTGAGT,8
GACGGGATGGGGACGT,8
GAGAGCGGCAGAAGCG,8
GAGAGCTGCATAAGCG,8
GAGATTGCTATGGATC,8
GAGCGGTGATGTGATT,8
GAGGGGCCTCATAATG,8
GAGGTACGCTGAATGA,8
GAGGTATCAAGCCGGG,8
GATCACGCATAAAAAG,8
GATCACGTAGAAAAAG,8
GATCTTGGGGAGAGTG,8
GCAGCGTGACGGTCAT,8
GCAGCGTGCCGGTAAT,8
GCAGTGTGCCGGTCAT,8
GCCAACTCGTATCCCT,8
GCCAGCTCGCATCCCT,8
GCCTAAAGGATCGTGA,8
GCCTAAAGTATCATGA,8
GCCTATGAAATAAGCT,8
GCCTTTGCGCACAGTC,8
GCTCCATCTCAGATCG,8
GGCGGGATGGGCACGT,8
GGGGAAATGTAAATGA,8
GGGTAACTTTGGAAGC,8
GGTCCATCGCAGATCG,8
GGTCCATCTTAGATCG,8
GGTTAAATTTGGAAGC,8
GGTTAACTTTGGAATC,8
GTAATTCGCATGTGGA,8
GTAATTCGTATGCGGA,8
GTACAAACCTGCAAAA,8
GTACAAACCTGCATAT,8
GTACCTAGTTCCTGCG,8
GTACGATTGTCCGGAA,8
GTAGAGACTAGGACCA,8
GTAGATAATAGGACCA,8
GTAGATACTAGGACCG,8
GTATCCAGTTCCTGCG,8
GTCAAGTCACGGATGG,8
GTCAGCTCGTATCCCT,8
GTCAGGATAATCGCGC,8
GTCGAGTTACGGATGG,8
GTCGTCGCTAATCCGA,8
GTGAGCGAGAAGAGCA,8
GTGATCGAGAAAAGCA,8
GTGCGACTGTCCGGAA,8
GTGGGATCAAGCCGGG,8
GTGGTATCAAGCCGCG,8
GTGGTATCAAGCCGGC,8
GTTATTATTACTTCAT,8
GTTGCTCCGAAACGCC,8
GTTGCTCCGACACGAC,8
GTTGCTCCGACATGCC,8
TAAGTGCTGCTGAAGT,8
TAATAAGCAAGCAAGA,8
TACATACCGACGAAGT,8
TACATGCTGCGGAACG,8
TACCAATGTCATTTGG,8
TACCCTGCAAGCCATT,8
TACCCTGCAAGCCTCT,8
TACCTGCTGCGGAAAG,8
TACTAATGCCATTGTC,8
TACTAATGCCGTTGTA,8
TACTATCAATAAAATC,8
TACTGATAAACCTGCG,8
TAGCAGTGTCGGAAAG,8
TAGCATCGTCGGAAAG,8
TAGCTGATAGTGACTC,8
TAGGGGATACGTCACC,8
TAGTCGCACTACTGCT,8
TATAATCACGGAGGAT,8
TATCCAAGGGACGGAA,8
TATGCCGTATCCACAG,8
TATGTCGTACCCACAG,8
TATTAAGAGAAGTGCA,8
TATTAAGGGAAGTGCG,8
TATTGACATAGCGATG,8
TCAACACAAAAAATTA,8
TCAATCGGTGGCTAAA,8
TCACGACTCGACGAAC,8
TCATGGGTGTACGAAA,8
TCCAGCGCGGTAAAAG,8
TCCATAGCGTTTTATG,8
TCGAACGAAGTATGAG,8
TCGAGCGAAGTAGGAG,8
TCGAGTTAATATGCGA,8
TCGATTATTAGCCGGA,8
TCGTCCGTTGGTAACT,8
TCTCAGCTCTTAGCCA,8
TCTTCACCACTGCATC,8
TCTTTGCCACTGCATC,8
TGATCTGTGACATTGT,8
TGATCTTTTAAATTTA,8
TGATCTTTTACATTTG,8
TGCAATAGGCGTCACA,8
TGCGGTGGTCGATCCC,8
TGGAATCGGCACCGAT,8
TGGAATCGTCAACGAT,8
TGGAATCGTCACCGAG,8
TGGCAACAATACAAAT,8
TGGTCCGCTTCATGTT,8
TGTAATAGGCGTAACA,8
TGTAATAGGTGTCACA,8
TGTGATAGGCGTCACA,8
TGTGGAGCGCACTTAC,8
TGTTAACTTTGGAAGC,8
TGTTTAGCCAGTCTGA,8
TTCGCATCCTGGAATG,8
TTGAGGAACGGGAAGC,8
TTGATATCCAACACCA,8
TTGCTCCTGAGTAGCA,8
TTGCTCCTGAGTATTA,8
TTGGGATTGGAGAAAC,8
TTTATATTCAACACCA,8
TTTCATCGTTGTTTTG,8
TTTCGTAATACTCACA,8
TTTCGTGATACTCGCA,8
TTTCGTGATGCTCACA,8
TTTCGTGGTACTCACA,8
TTTTGTGATACTCACA,8
AAAAAATCTCAGATAC,7
AAAAAATTTATAACAA,7
AAAAGATTCGGGGGAC,7
AAACTACGAGACGTAA,7
AAAGCTCTTTTAGTTC,7
AAAGCTCTTTTCGTGC,7
AAAGGCGCGCCTTAAA,7
AAAGTAGCAGAGGATG,7
AAATTTTCCAATAGGT,7
AACACGTAGAATCGCC,7
AACAGAAGTCCATGTT,7
AACATCTAACAGATAG,7
AACCACCGAGCGACCG,7
AACCACCGAGTGACCC,7
AACCACCGAGTGAGCG,7
AACCTAAGAGACGTAA,7
AACCTACGAGAAGTAA,7
AACGGCTCCGACTAAG,7
AACGGTTCCGACTGAG,7
AACTGCGTTCATCAAT,7
AACTTCCCTCACTGCT,7
AAGAAATTTATGACAA,7
AAGAAGATATAGAAGT,7
AAGATTGATTGGAGTT,7
AAGCAGTGATGTGATT,7
AAGCCCATAAGACCCC,7
AAGCGGGGATGTGATT,7
AAGCGGTTATGTGATT,7
AAGGTCCATATGTAAT,7
AAGTATTGCGACACAT,7
AAGTTAAGAGAGAGTT,7
AAGTTAGTAGACCAAC,7
AAGTTAGTAGACCCAA,7
AATAGAAGTCCATGTA,7
AATCGCTGGCACCCGA,7
AATCGCTGGGACCCGT,7
AATGAAGCAATCGAAC,7
AATGCGAGCATGTAAA,7
AATGCGGGCATGTCAA,7
AATGCGTGAGTACTAG,7
AATTATTGCTACACAT,7
AATTCGTGAGTACCAG,7
AATTGCTGGCACCCGT,7
ACAAGATTCGGGAGAC,7
ACACGAGTTGGCTGTA,7
ACACGGGGTGGCTGTA,7
ACACGGGTTGTCTGTA,7
ACATATGATTTTCGAG,7
ACATTTTCCAATAGAT,7
ACATTTTCCAATAGGG,7
ACCATTTACTGAAGGG,7
ACCCCCGGAGCTTTGC,7
ACCCCCGGATCTTGGC,7
ACCGAATGAACCATCC,7
ACCGAATGAAGCATCC,7
ACCGAATGAATCATTC,7
ACCGATGCACGAATAA,7
ACCGCTGTACACACCA,7
ACCGTCTAGAAATTTT,7
ACGCAAATAGACCTAA,7
ACGGGGATTGGCTGCT,7
ACGGGGATTGGCTGGT,7
ACGTATGATTGTCGAG,7
ACGTCCAGTAAGATCA,7
ACGTCCGTTAAGATCA,7
ACGTTTCTCCGAGCAA,7
ACTACGAGGCTACGCA,7
ACTACGAGGCTACGTG,7
ACTACGAGTCTACGTA,7
ACTGATTCACGAATAA,7
ACTGTCTAGAAATTCT,7
ACTGTCTAGAAATTGT,7
ACTGTCTAGAAGTTTT,7
ACTGTCTAGAGATTTT,7
AGAGCTCTTTTCGTTC,7
AGAGTCCACCATTGAG,7
AGATCCACCCTACAGT,7
AGATCCACCCTATAGC,7
AGATCCCAGGTCATTT,7
AGCATCTAACAAATAG,7
AGCGCCTGGGGTATCA,7
AGCTCCGGGGGTATCA,7
AGCTCCTGGGGTGTCA,7
AGCTCCTGGGTTATCA,7
AGCTGGGGTCTCCCTT,7
AGGAAACATGCATTGG,7
AGGAAAGAAACCGGAG,7
AGGACTATAGTTGTCA,7
AGGACTATGGTTGGCA,7
AGGAGTATGAAGAGCA,7
AGGCCCGTAGGGACTA,7
AGGTTTTATAACTTGC,7
AGTAGACATGCATTGG,7
AGTATTGGCTTGGTTA,7
AGTATTTGCACTTCAA,7
AGTATTTGCGCCTCAA,7
AGTATTTTCGCTTCAA,7
AGTCGTTTAGATAGTA,7
AGTGCTGAATAGGCGA,7
AGTGTCTAGAAATTTT,7
AGTGTGGAATAGGCGA,7
AGTTGGGGTCTCCTTT,7
AGTTTTTATAACTTAC,7
ATAAAGTTTGTGCAAA,7
ATAACTGAGGGAATTG,7
ATAACTGAGGGCATCG,7
ATACAAGCATGTGCCA,7
ATACACACATGTGCCA,7
ATACACGCATGTGCAA,7
ATAGGATATACGGCTG,7
ATAGGATCGCAAATTA,7
ATATAAAAAACCTAGT,7
ATATAAAAAACTTGGT,7
ATATAGAAAACTTAGT,7
ATCAGGATAATCGAGC,7
ATGAGATTATAACGTA,7
ATGGACCACGGGCATA,7
ATGGCCCATGGGCATA,7
ATGGGATCGGAGAAAC,7
ATGGTTTTACTTCCAT,7
ATGTAAATTCGAGGAC,7
ATTACGAGGCTACGTA,7
ATTAGATTATAACGGA,7
ATTATAATATCTAATA,7
ATTTAAATTCGAGGAT,7
ATTTGGGGTCTCCCTT,7
CAAAAGCAGCACGATG,7
CAAAAGTAGCACGATA,7
CAAAATCTATGGCGAC,7
CAAACACAAAAAATTA,7
CAAATGCTGGATTAGG,7
CAAGGGCTAATGTCTC,7
CAATTAGAAAGACATA,7
CACAATCAGCACCTAG,7
CACCATCAGCACATAG,7
CACCATTAGCACCTAG,7
CACCGCGCCAAGCACC,7
CACCGCTCCGAGCACC,7
CACCTAGTATCGCACT,7
CACGGCCAGCGAACTC,7
CACGGCCGGCGAACTA,7
CACGGGCTAATGTATC,7
CACGGGCTAATGTCTA,7
CACTAGATGTACATTC,7
CACTAGATTTACAGTC,7
CACTGGCTAATGTCTC,7
CAGAAAAGACTGTATA,7
CAGAACCTCGTCGTCT,7
CAGACTCTAGAGCTCT,7
CAGATAGTGATGAGCA,7
CAGGCTATAGAGCTCT,7
CAGGCTCTAGAGCTAT,7
CATGCTCTAGAGCTCT,7
CATGGGAATTGCCACA,7
CATGTGGAGCCCAACT,7
CATTGAGACACGCAAG,7
CATTTAGAAATACATA,7
CATTTCCGATGAATTG,7
CATTTCTGACGAATTG,7
CATTTCTGAGGAATTG,7
CATTTCTGATGAAGTG,7
CATTTCTGATGAATTT,7
CCAAGCTCGGCGCATC,7
CCATCTTAATCTACAG,7
CCCCTCCTATAAAGTT,7
CCCTCCGCGGCTCGGG,7
CCCTGGGCGGCTCGGG,7
CCCTTTACGGATATCT,7
CCGGGTAAATCAGAAC,7
CCTCGGCTCTTGATCA,7
CCTGGATGCATTCCCG,7
CCTGGGTTAAGTTGCG,7
CCTTGATGCAGTCCCG,7
CGAAAACATTACGAAT,7
CGAACCCCAGACACGT,7
CGAACCGCAGACAAGT,7
CGAACCGCAGACACAT,7
CGACTACACGGACGCC,7
CGACTCCAAGGACGCC,7
CGACTCCACGGACACC,7
CGCACGTATGTCCCAG,7
CGCAGCATTGGTCTCC,7
CGCGACACCCTGCCGG,7
CGCTGCGCGGCTCGGG,7
CGGCCATGGAATCAAA,7
CGGGAAATGTGAATGA,7
CGGGAACATACATAAT,7
CGGGAATCTCCCACAC,7
CGGGGACATACATAAC,7
CGGTCAGGACTCATCT,7
CGGTCGGGATTCATCT,7
CGGTCTGGACTCATCT,7
CGTACGTATGTCCCGG,7
CGTGAAATGTAAATGA,7
CGTGAACATACATAAC,7
CGTGACCCCATCCAAC,7
CGTGGGAATTGCCACT,7
CGTGTACCCATCAGCA,7
CGTTCAGCGATAACGT,7
CTAACCGCAGACACGT,7
CTAATTGAAGTATCAA,7
CTACAAACCTGCAAAT,7
CTAGAGGCCTGGCCCC,7
CTATATTGCCCGGATG,7
CTATCTTAATATACAG,7
CTATCTTGATCTACAG,7
CTATTCAACAGACGTA,7
CTATTTAATAGACGTA,7
CTCAAATAATTGGCTC,7
CTCAATGTCGTGGGAT,7
CTCCTAGGGGGCGATT,7
CTCCTAGGTGACGATT,7
CTCTTCTAGTACGCTT,7
CTGAACTCATCTGTGG,7
CTGAACTTATCTATGG,7
CTGAACTTATCTGTGA,7
CTGAACTTGGCGATAT,7
CTGAACTTGTCGGTAT,7
CTGAACTTGTTGATAT,7
CTGAGGGATTCAACCC,7
CTGAGGTATTATATGC,7
CTGATTTAAGTATCAA,7
CTGTACCTGCAGTTTA,7
CTGTATCTGCAGTTGA,7
CTTACTGCGAGAGAGT,7
CTTACTGCGCGAGAGG,7
CTTAGGTATGATATGC,7
CTTGCAGAATACTAGA,7
CTTTCCTAGTACGCTT,7
CTTTTCTAGCACGCTT,7
CTTTTCTAGTACGCGT,7
GAAAGCCACGTGCAAT,7
GAAAGCCCAGTGCAAT,7
GAAAGTCCCTATAATG,7
GAAATCCACAAATAAC,7
GAAATCCCCAAATAAA,7
GAAGAACTGCGGCCCC,7
GAAGGAACTATAACCA,7
GAAGTACGCTGAATAA,7
GAAGTGCTGCCGAAGT,7
GAAGTGCTGCTGAATT,7
GAATGATAGAACAGAG,7
GACAAAAGGGACGTAT,7
GACATTTACTGAAGGG,7
GACCCCGTGTAAGATG,7
GACCCCTTGTAAGACG,7
GACTTCCCTGACTGCT,7
GAGCTTGCTATGGATA,7
GAGGGGATACATCACC,7
GATCACGCAGAAGAAG,7
GATCCTGGGGAGAGTC,7
GATCTTGCTATGGATC,7
GATCTTTGGGAGAGTC,7
GATGGGATACGTCACC,7
GATTCGTGAGTACTAG,7
GCAAACAGTGTAGTCG,7
GCAAACAGTGTATTTG,7
GCAAACAGTTTAGTTG,7
GCAACGAGGCGTAACC,7
GCAACGAGGTGCAACC,7
GCATCCTCAACCCCTA,7
GCATCCTCAACTCCTT,7
GCATCCTCCACTCCTA,7
GCATGGAACTAACTTC,7
GCATGGAATTAACTCC,7
GCCAGCTCGTATACCT,7
GCCGAAAGGATCATGA,7
GCCTAAAGGACCATGA,7
GCCTTTGCGAGCAGTC,7
GCCTTTGCTCGCAGTC,7
GCGAACGAAGTAGGAG,7
GCGAAGTTTCATAGCT,7
GCGAGGTTTCATAGCG,7
GGAGTGCTGCTGAAGT,7
GGATGGAACTAACTCC,7
GGTCCATCTCAGATAC,7
GGTTAACGTTGGAAGC,7
GGTTAACTTGGGAAGC,7
GGTTAACTTTGGAAAC,7
GGTTAACTTTGGGAGC,7
GGTTGACTTTGGAAGC,7
GTAATTCGCATGCGGG,7
GTACCCAGTTCCAGCG,7
GTAGAAACCTGCAAAT,7
GTAGAATTGCGGCCCC,7
GTAGAGCTGCGGCCCC,7
GTAGATACTAGGACCT,7
GTCGCATCCTGGAAAG,7
GTCGCATCCTGTAATG,7
GTCGCCGCTAACCCGA,7
GTGAACTTATCTGTGG,7
GTGAAGTTTCATAGCG,7
GTGCATCCTAGTGAAG,7
GTGGATACTAGGACCA,7
GTGGGCGAGAAAAGCA,7
GTTATTATGAATTCAT,7
GTTATTATGACTGCAT,7
GTTATTATGACTTCGT,7
GTTGATCCGACACGCC,7
GTTGCTCAGACACGCC,7
GTTGCTCCTACACGCC,7
TAAAAAGCATCCATGA,7
TAAATACCGACGCAGT,7
TAACGTGGTTTCTCGA,7
TAATAAGCCAGCAAAA,7
TAATAAGCCAGCAAGG,7
TACAAAAGGGACATAT,7
TACCAATGCCATTTGA,7
TACCCTGCAAGCCGCT,7
TACCTGATGCGGAACG,7
TACCTGCTGCGGAACA,7
TACGGGATGGGCACGT,7
TACTAATTCCGTTGTC,7
TACTAGCAATAAAATT,7
TACTGATAACCCTGCA,7
TAGAATCGTCACCGAT,7
TAGCCGATAGTAACTC,7
TAGCTTGCTATGGATC,7
TAGTAAGCCAGCAAGA,7
TATCTGATAGTAACTC,7
TATGAAGAGAAGTGCG,7
TATGTCGTATCCGCAG,7
TATGTCGTATGCACAG,7
TATTAAGAGAGGTGCG,7
TATTAGGAGAAGTGCG,7
TATTTCTGATGAATTG,7
TCAATCGGGGGCTAAG,7
TCAATCTGGGGCTAAA,7
TCATCTGTAGAGCGCT,7
TCCATTACTAGCCGGA,7
TCCTATTAGGCGGCAT,7
TCCTTACCACTGCATC,7
TCGAACAAAGTAGGAG,7
TCGAACTAAGTAGGAG,7
TCGAGCGCGGTAAGAG,7
TCGAGTTAATATGAGC,7
TCGCTTCAAATAAAAA,7
TCGCTTCAACGAAAAA,7
TCGTCCCTTGGGAACT,7
TCGTCGCAATACTGCT,7
TCGTCGCACTACCGCT,7
TCTAAATCTCGCGGCA,7
TCTAACTCTCACGGCA,7
TCTAACTCTTGCGGCA,7
TCTAGCGCGGTAAGAG,7
TCTCAGCGTTGTTTTG,7
TCTGGAAACTATCCCC,7
TCTTAGGCCTCGTATG,7
TCTTATGAGGCGGCAT,7
TCTTGACAGAGCGATG,7
TCTTGTTAGGCGGCAT,7
TCTTTACCACTGCGTC,7
TCTTTACCACTGTATC,7
TCTTTACTACTGCATC,7
TCTTTATCACTGCATC,7
TGACAACAATACAAAC,7
TGACAACAATACAGAT,7
TGAGTTCATATCTCCA,7
TGATCTTCTACATTTA,7
TGCAGTGGTATGCATA,7
TGCATTGGTATACATA,7
TGGAATCGTCACCAAT,7
TGGTATTCCGGCGCGG,7
TGGTCCACTTCATGCT,7
TGGTCCGCTTCATACT,7
TGTAATAGGCGTCATA,7
TGTAGTAGGCGTCACA,7
TGTGGAGCGCCCTTGC,7
TGTTAAGAGAAGTGCG,7
TGTTGAGCCGGTCTGA,7
TGTTGGGCCAGTCTGA,7
TTATCTGTAGAGCCCT,7
TTATCTGTAGAGCGTT,7
TTCATCAATTTGGTGC,7
TTCATCGAGTTGGTGC,7
TTCTGTTCAGACTCGT,7
TTGAAAAAAGCATAAA,7
TTGAAAAAATAATAAA,7
TTGAAATTGAAACATA,7
TTGAATCGTCACCGAT,7
TTGACTCACCTAATAA,7
TTGAGCGAGAAAAGCA,7
TTGCCCCTGAGTAGTA,7
TTGCGAATTTGATTCC,7
TTTATATCGAGGTTCA,7
TTTCAAAGAACCTATC,7
TTTCACAGAACATATC,7
TTTCAGCGTTGTTGTG,7
TTTCAGCGTTGTTTGG,7
AAAACCATAAGACCCC,6
AAAAGTCCCTATGATG,6
AAAGACCTTTAACTCC,6
AAAGCTCCTTTCGTTC,6
AAAGGCTCGCCTTCAA,6
AACAAAAGGGACATAT,6
AACACGGAGAACCGCC,6
AACAGAAGTCCATATA,6
AACAGAAGTCGATGTA,6
AACAGGAGTCCATGTA,6
AACATGTAGAACCGCC,6
AACCACCGAGTAACCG,6
AACCGACGAGACGTAA,6
AACCTACGAGACGCAA,6
AACCTACGAGACGTAG,6
AACCTACGAGACGTGA,6
AACCTACGAGGCGTAA,6
AACCTAGGATCGCACT,6
AACCTGCTGCGGAACG,6
AACGATAAACAGTAAG,6
AACGGAAGTTGCCAAG,6
AACGGTTTCGACTAAG,6
AACGTTGTACACACCA,6
AACTCCTGGGGTATCA,6
AAGAAGACTTTGTGAC,6
AAGAAGACTTTGTTAT,6
AAGAAGCTATAGGAGT,6
AAGATTTATTGAAGTT,6
AAGCACCGAGTGACCG,6
AAGGGGCCTAATAATG,6
AAGGGTCCTCATAATG,6
AAGGTACCTATGTAAT,6
AAGGTGCCTCATAATG,6
AAGTATTGATACACAT,6
AAGTATTGCTAAACAT,6
AAGTTAGGAGACCCAC,6
AAGTTATTAGACCCAC,6
AATGAAACGATCGAAC,6
AATGCGAGCGTGTCAA,6
AATGGGCCTCATAATG,6
AATTCGTGAGTACTAA,6
AATTCGTGAGTATTAG,6
ACAAAGTATCGAGAAG,6
ACAAAGTCTCGAGGAG,6
ACAAATTCTCGAGAAG,6
ACAAGAGTCGGGGGAC,6
ACAAGATTCGGAGGAC,6
ACAAGATTGGGGGGAC,6
ACAATCTGAACTATAC,6
ACACGGGCTGGCTGTA,6
ACACGGGTTGGGTGTA,6
ACAGGGATTGGCTGTT,6
ACAGTTGTACACACCA,6
ACATCTTCCAATAGGT,6
ACATTACGATCTACGC,6
ACATTTTACAATAGGT,6
ACATTTTCCGATAGGT,6
ACCCCTGGAGCTTGGC,6
ACCGATCCACGAATAA,6
ACCGATTAACGAATAA,6
ACCGATTCAGGAATAA,6
ACCGGTTCACGAATAA,6
ACCTATGATTTTCGAG,6
ACGAACGAAGTAGGAG,6
ACGCAAATAGAACGAA,6
ACGCGAATAGACCGAA,6
ACGCGGGTTGGCTGTA,6
ACGCTTCAACTAAAAA,6
ACGGGGATTGGCCGTT,6
ACGTCCACTAAGATCA,6
ACGTCCATTAAGAGCA,6
ACGTCCATTAAGGTCA,6
ACGTTTTCCAATAGGT,6
ACTAAGAGGCTACGTA,6
ACTACGAGGCTAAGTA,6
ACTACGAGGCTGCGTA,6
ACTAGGGCTACGTGAG,6
ACTATCTAGAAATTTT,6
ACTCTGGCTAGCTAAT,6
ACTCTGGTTCGCTAAT,6
ACTCTTGCTCGCTAAT,6
AGACCCACCCTATAGT,6
AGAGGATATATGGCTG,6
AGATACACCCTATAGT,6
AGATCCACCCTATAGG,6
AGCAGTGGTATACATA,6
AGCATAGAGATATGTG,6
AGCATAGGAATATGTG,6
AGCATAGGGAGATGTG,6
AGCATCTAATAGATAG,6
AGCCCATGCGGGGGAT,6
AGCCCATGCTGGGGAC,6
AGCCCATGCTTGGGAT,6
AGCTCCTGGGATATCA,6
AGCTGAATGAAGTATG,6
AGCTGAATTAATTATG,6
AGCTTCCCTGACTGCT,6
AGGAAAGAAACTGGAT,6
AGGAAGACTTTGTGAT,6
AGGACCATAGTTGGCA,6
AGGATAGGGATATGTG,6
AGGCCCGTAAGGACCA,6
AGGTTCAGACTCGTGC,6
AGGTTCAGACTCTTGA,6
AGTAAACATACATTGG,6
AGTAAACATTCATTGG,6
AGTACTATAGTTGGCA,6
AGTATTCGCGCTTCAA,6
AGTATTGAATAGGCGA,6
AGTATTTGCGCTCCAA,6
AGTCGTTTAGATATTT,6
AGTCGTTTAGGTAGTT,6
AGTCGTTTATATAGTT,6
AGTGTTGACTTGGTTA,6
AGTGTTGGCGTGGTTA,6
AGTGTTGGCTCGGTTA,6
AGTGTTGGTTTGGTTA,6
AGTTCCATAGGAATGG,6
AGTTCGTGAGTACTAG,6
AGTTGAATTAAGTATG,6
AGTTGTTTAGATAGTT,6
AGTTTTTATAACTTGT,6
ATAACTTTTGTGCAAA,6
ATACACGCATGTGCCG,6
ATACACGCATGTGCTA,6
ATACACTAGGTTGTGA,6
ATACGGGTTGGCTGTA,6
ATAGAAAATTATCCGA,6
ATAGCGTTTGTGCAAA,6
ATAGGATACATGGCTG,6
ATATAAAAAACTTAGC,6
ATATAAACCGTTTGTA,6
ATATACGAGGTTGTGA,6
ATATCCACCCTATAGT,6
ATCAGGATAATCACGC,6
ATCAGGATGATCGCGC,6
ATCAGGGTAATCGCGC,6
ATGAAAGAAACTGGAG,6
ATGAACTTGTCGATAT,6
ATGCACGAGGTTGTGA,6
ATGGCCCACGGGCATG,6
ATGGCCCACGGTCATA,6
ATGGGACTGGAGAAAC,6
ATGGGATTGGAGATAC,6
ATGTTCAGACTCTTGC,6
ATTAGATTATAACATA,6
ATTAGGGCCACGTGAG,6
ATTAGGGCTACGTTAG,6
ATTATATTATAACGTA,6
ATTATCATATCTAATG,6
ATTCCGAACGGGGTAG,6
ATTCCGAATGAGGTAG,6
ATTCGTTTAGATAGTT,6
ATTGCGAATGGGGTAG,6
ATTGTTGGCTTGGTTA,6
ATTTAAACTCGAGGAC,6
ATTTAAAGTCGAGGAC,6
ATTTACTCATTATAAG,6
ATTTAGATTCGAGGAC,6
CAAAAGCAGCACGAGA,6
CAAAATCCACGGCGAC,6
CAAAATCGACGGCGAC,6
CAAAATCTACGGCGAT,6
CAAAATCTACGGTGAC,6
CAAAATCTACGTCGAC,6
CAAACCGCAGACACGT,6
CAAATACTGCATTAGG,6
CAATTAGAAATACAAA,6
CAATTAGAAATATATA,6
CACATAGGATCGCACT,6
CACCTAGGATCGCACC,6
CACCTAGGATCGCACG,6
CACCTATGATCGCACT,6
CACCTCCTCTAAAGTT,6
CACGGCCGGCGAACCC,6
CACGGGCTAATTTCTC,6
CACTAGATGTACACTC,6
CACTAGATGTACAGTT,6
CACTTTACGGATCTCT,6
CAGAACATCGTTGTCT,6
CAGACCCTAGATGGTA,6
CAGATAGTGGTGAACA,6
CAGGACCTCGTTGTCT,6
CAGGCTCTAGAGCTCG,6
CAGGCTCTAGAGTTCT,6
CATACAGAGTTCGTTG,6
CATGACCCCCTCCAAC,6
CATGCGGAGCCCAACA,6
CATGGGAATTCCCACT,6
CATGGTAATTGCCACT,6
CATTTCTAATGAATTG,6
CATTTCTGGTGAATTG,6
CCAACACAGAAAATTA,6
CCAAGCTGGGCGCATC,6
CCATGATGCATTCCCG,6
CCATTTAACAGACGTA,6
CCCTACGAAATAAGCT,6
CCCTATGAAATAAGCC,6
CCCTGCCCGGCTCGGG,6
CCCTGTGAAATAAGCT,6
CCCTTTACGGATCTCC,6
CCGAACGAAGTAGGAG,6
CCGGATGAATCAGAAC,6
CCTAGATGCATTCCCG,6
CCTTGATCCATTCCCG,6
CGAAAAAATTACAAAT,6
CGAAAACATCACAAAT,6
CGAAAACATGACAAAT,6
CGAACCGCATACACGT,6
CGACTCCACGGACGCT,6
CGACTCCACGGACGTC,6
CGACTCCACTGACGCC,6
CGCAGCATTGGTCACC,6
CGCAGCATTGGTCGCA,6
CGCTCAGCGATAACGG,6
CGGATCCTAGATGGTA,6
CGGCCAGGGAATCGAA,6
CGGGAAATGTAAATGG,6
CGGGAAATGTAGATGA,6
CGGGAACATACGTAAC,6
CGGGAATCTACCATAC,6
CGGGACACCCTTCCGG,6
CGGGAGATGTAAATGA,6
CGGGAGCATACATAAC,6
CGGGATAAATCAGAAC,6
CGGGGACAAGATCGTA,6
CGGGGACAAGATTGCA,6
CGGTAACATACATAAC,6
CGGTCGGGACGCATCT,6
CGTAAGTATGTCCCAG,6
CGTACAGTGTAATTGA,6
CGTACGTATGTCACAG,6
CGTACTTTACGAGACA,6
CGTGACCCACTCCAAC,6
CGTGACCCTCTCCAAC,6
CGTTCAGCGAGAACGG,6
CGTTCGGGACTCATCT,6
CTAACTTAAGTATCAA,6
CTAATCTAAGTATCAA,6
CTAATTTAAGTACCAA,6
CTAGCACAACGTAGGC,6
CTAGCACAGCATAGGC,6
CTAGCACAGCCTAGGC,6
CTAGCACAGCGCAGGC,6
CTAGTTAACAGACGTA,6
CTATAAACCGTTTTTA,6
CTATAAACCTTTTGTA,6
CTATATTGCCCGCAAG,6
CTATCTTAATCTACAT,6
CTATTAGAAATACATA,6
CTCATCAAGTTGGTGC,6
CTCCGGCTCTTGATTA,6
CTCCTATGGGACGATT,6
CTGAACTTAGCTGTGG,6
CTGAGCTGCCAATAAC,6
CTGAGCTGCCAATGAG,6
CTGAGGGATTCAAATC,6
CTGGCACAGCGTAGGC,6
CTGGGACAAGATTGTA,6
CTGTACATGCAGTTGA,6
CTGTTTAACAGACGTA,6
CTTACAGAGTACTAGA,6
CTTAGGTACTATATGC,6
CTTAGGTATTACATGT,6
CTTAGGTATTATATCC,6
CTTCGGCTCTGGATTA,6
CTTCGGCTCTTGACTA,6
CTTCGGCTCTTGAGTA,6
CTTTGATGCATTCCCG,6
CTTTTCCAGTACGCTT,6
CTTTTCTAGTATGCTT,6
GAAAGCACCGTGCAAT,6
GAAAGCCCCATGCAAT,6
GAAAGCTGCAGAAGCG,6
GAAAGTCCCTATGACG,6
GAAGAAACTATAACCT,6
GAAGTGCGGATTGAGT,6
GAAGTGCGTATTGAGC,6
GAAGTGCTTATTGAGT,6
GAATAATAGGACAGAG,6
GAATTACGCTGAATGA,6
GACCCCTTGTAAGGTG,6
GACCCCTTGTAGGATG,6
GACCCCTTGTGAGATG,6
GACCCCTTTTAAGATG,6
GACGGCGTTAGTGTCA,6
GACGGGATGAGCACGT,6
GACGGGATGGACACGT,6
GACGGGATGGGCGCGT,6
GACGGGATGTGCACGT,6
GACGGGGTGGGCACGT,6
GACGTGATGGGCACGT,6
GACTTCCGTCGCCTGA,6
GAGAGCTGGAGAAGCG,6
GAGCTTTCTATGGATC,6
GAGGGGTAAAGATACG,6
GAGTAATAGAACAGAG,6
GATAGCTGCAGAAGCG,6
GATCAAGCAGAAAAAG,6
GATCACGCAGAAAGAG,6
GATCACGCGGAAAAAG,6
GATCGCCATCAACTTC,6
GATCTTGAGGAGAGTC,6
GATCTTGGAGAGAGTC,6
GATCTTGGGTAGAGTC,6
GCAAACAGGGTAGTTG,6
GCAACTAGGTGTAACC,6
GCAAGCAAAGTTGACC,6
GCACCCAGTTCCTGCG,6
GCAGACAGTGTAGTTG,6
GCAGCGTACCGGTCAT,6
GCAGCGTGCTGGTCAT,6
GCATACTCAACTCCTA,6
GCATCGTGCCGGTCAT,6
GCATTTGCGCGCAGTC,6
GCCAAGTTACGGATGG,6
GCCAGCGCGGTAAGAG,6
GCCCTTGCGCGCAGTC,6
GCCGCTGCGGCGTGGG,6
GCCGGCGTTAGTGTAA,6
GCCGGCGTTAGTGTCG,6
GCCGGCTCGTATCCCT,6
GCCTAAAGGATCACGA,6
GCCTAAAGGATCATGG,6
GCCTAGAGGATCATGA,6
GCCTTTGAGCGCAGTC,6
GCCTTTGCGCGCAGTA,6
GCGAGCGAGAAAAGCA,6
GCGGATAAATCAGAAC,6
GCGTATGATTTTCGAG,6
GCTGCTCCGACACGCC,6
GCTTGATGCATTCCCG,6
GGAGTGCGTATTGAGT,6
GGCAAGTTACGGATGG,6
GGCAGCTCGTATCCCT,6
GGGACCCTAGATGGTA,6
GGTCCATCTCAGATCC,6
GGTCTATCTCAGATCG,6
GTAAGCAAAGTTGAGC,6
GTAAGCGAAGTTGACC,6
GTAAGCTTAATGGAGT,6
GTAATTCTCATGCGGA,6
GTACCCAGTTCCTGGG,6
GTACCGAGTTCCTGCG,6
GTACGAATTTGATTCC,6
GTAGCCAGTTCCTGCG,6
GTCAAGTTACGGAGGG,6
GTCAAGTTACGGATGT,6
GTCGCCCCTAATCCGA,6
GTCGCCGTTAATCCGA,6
GTCGCTGCGGCGTGTG,6
GTGAATCCTAGTGACG,6
GTGAGCGAGAAAAACA,6
GTGAGCGATAAAAGCA,6
GTGAGCTGCCAATAAG,6
GTGCGATTATCCGGAA,6
GTGCGGTTGTCCGGAA,6
GTGGTATCAAGCCCGG,6
GTTAGGGCTACGTGAG,6
GTTATATCCAACACCA,6
GTTTAACTTTGGAAGC,6
TAACGCGATTTCTCGA,6
TAATAGGCCAGCAAGA,6
TAATGTGATTTCTCGA,6
TACATACCGACGCATT,6
TACCAATGTAATTTGA,6
TACCGCGCCGAGCACC,6
TACCTACTGCGGAACG,6
TACCTGCTGAGGAACG,6
TACCTTCTGCGGAACG,6
TACTAATGCCGTGGTC,6
TACTGGTAACCCTGCG,6
TAGAGCTGCAGAAGCG,6
TAGCATGGTCGGAAAG,6
TAGCATTATCGGAAAG,6
TAGCATTGTCAGAAAG,6
TAGCTGATAGGAACTC,6
TAGCTGATGGTAACTC,6
TAGCTGGTAGTAACTC,6
TAGGATTGTCGGAAAG,6
TAGGGGAACGGGAAGC,6
TATACTCATGGAGGAT,6
TATCCAAGGGACTGAC,6
TATCCAAGGGATGGAC,6
TATTCCTGACTAGCGA,6
TCAATAGGGGGCTAAA,6
TCACCGTGGTTTGACA,6
TCATGGGTGTAGGAGA,6
TCCACGCCCCTAGCTA,6
TCCAGCGGGGTAAGAG,6
TCCGCTGCGGCGTGTG,6
TCGAGTTAATATGCGT,6
TCGAGTTAATATGCTC,6
TCGAGTTAATGTGCGC,6
TCGATTACTAGCCGCA,6
TCGCTTCGACTAAAAA,6
TCGTATCAGTCGCGCC,6
TCGTATGATTTTCGAG,6
TCGTCTGTTGGGAACT,6
TCTATATCGAGATTCA,6
TCTGGAAACGATACCC,6
TCTTACTAGGCGGCAT,6
TCTTAGTCCTCGTACG,6
TCTTAGTCCTTGTATG,6
TCTTATTAGGCTGCAT,6
TCTTATTAGGGGGCAT,6
TCTTGACGTAGCGATG,6
TCTTGATATAGCGATG,6
TGAAAACAATACAAAT,6
TGACAAAAATACAAAT,6
TGAGTTAATAGCTCCA,6
TGAGTTCATAGATCCA,6
TGAGTTCATAGCGCCA,6
TGAGTTCATAGCTCCT,6
TGATCCCAGGTCCTTT,6
TGATCTTTTGCATTTA,6
TGCAGCGGTATACATA,6
TGCAGTGGCATACATA,6
TGCAGTGGTATACACA,6
TGCAGTGGTATACATT,6
TGCAGTGGTATACGTA,6
TGCAGTTGTATACATA,6
TGCATCTAACAGATAG,6
TGCGGTGGTCGATCAG,6
TGCGGTGGTGGATCCG,6
TGCTATTCCGGCCCGG,6
TGCTATTTCGGCGCGG,6
TGCTGATAACCCTGCG,6
TGGAAAGAAACTGGAG,6
TGGAATCGTCACCGTT,6
TGGGATCGTCACCGAT,6
TGGTCCGCTTCATGCA,6
TGGTCCGCTTCATGCG,6
TGGTCTTTTACATTTA,6
TGTAATAGGAGTCACA,6
TGTAATAGGCGTCAAA,6
TGTAATAGGCTTCACA,6
TGTGGAGCGCCATTAC,6
TGTGGAGCGCCCTGAC,6
TGTTATTCCGGCGCGG,6
TGTTGGGGTCTCCCTT,6
TTAATGTAGCCGCTCA,6
TTAATGTAGCCTCTCC,6
TTACGAATTCGATTCC,6
TTACGAGTTTGATTCC,6
TTACTCCTGAGTAGTA,6
TTATCTGTAAAGCGCT,6
TTATCTGTATAGCGCT,6
TTATCTTAATCTACAG,6
TTCATCAAGGTGGTGC,6
TTCATCAAGTTTGTGC,6
TTCTGTCCAGACTCGA,6
TTGAACGAAGTAGGAG,6
TTGAGCTGCCAATAAG,6
TTGCAATTGAAAAATA,6
TTGCAATTGAAACAGA,6
TTGCTCCTGAGTAGTT,6
TTGCTCCTGAGTGGTA,6
TTGTAATTGAAACATA,6
TTGTATCAGTTGCGCC,6
TTTAACAGAACCTATC,6
TTTAGGGCTACGTGAG,6
TTTATATCTAACACCA,6
TTTATATCTAGATTCA,6
TTTCATAGAACCTATC,6
TTTCGCGATACTCACA,6
AAACCCATAAGACCTC,5
AAACCCATAAGACTCC,5
AAAGAATTTATGACAA,5
AAAGCTCTTTCCGTTC,5
AAAGGCGCGCCTTCAT,5
AAATTCACAATAGCCA,5
AACAACAAACAGTAAG,5
AACACGTACAACCGCC,5
AACACGTAGAACCGTC,5
AACAGAAGCCCATGTA,5
AACAGAAGGCCAGGTA,5
AACAGAAGGCCATGTA,5
AACAGAAGTTCATGTA,5
AACCACCAAGTGACCG,5
AACCCCTTGTAAGATG,5
AACGACAGACAGTAAG,5
AACGGCCGGCGAACTC,5
AACGGGATGGGCACGT,5
AACGGTCCCGACTAAG,5
AACGGTTCCGACTAAA,5
AACTGCGTTCATAGAT,5
AACTGCGTTCATCTAT,5
AACTTCCGTGACTGCT,5
AACTTCGTTCATCGAT,5
AACTTCTCTGACTGCT,5
AAGAAGACTTTGCGAT,5
AAGAAGCTATGGAAGT,5
AAGAATCTATAGAAGT,5
AAGACCAGCGGGTGAT,5
AAGAGAAGTCCATGTA,5
AAGAGGACTTTGTGAT,5
AAGATTGATGGAAGTT,5
AAGATTGATTGAGGTT,5
AAGCATTGTCGGAAAG,5
AAGCGGTGATGCGATT,5
AAGCGGTGATGTAATT,5
AAGCGTTGATGTGATT,5
AAGGAAACAATCGAAC,5
AAGGGATTGGAGAAAC,5
AAGGGGCCTCAGAATG,5
AAGGGGTCTCATAATG,5
AAGGTCACTATGTAAT,5
AAGGTTTTACGTCCAT,5
AAGTATTCCTACACAT,5
AAGTATTGCTACACGT,5
AAGTATTGCTACATAT,5
AAGTATTGCTGCACAT,5
AAGTCGTGAGTACTAG,5
AAGTGTTGCTACACAT,5
AAGTTAAGAGAAAGGT,5
AAGTTAGTAGACACAC,5
AAGTTAGTATACCCAC,5
AAGTTAGTGGACCCAC,5
AAGTTCCCTATGTAAT,5
AATAAGACTTTGTGAT,5
AATCACCTATATGTAA,5
AATCCCTGGCACCCGT,5
AATCCGAATGGGGTAG,5
AATCGCTAGCACCCGT,5
AATCGTTTAGATAGTT,5
AATCTTGGGGAGAGTC,5
AATGAAACAATGGAAC,5
AATGCGAGCATGTCAG,5
AATGCGAGCATGTCAT,5
AATGTTGAATAGGCGA,5
AATTCGTGAGTACTAT,5
AATTGGGGTCTCCCTT,5
ACAAAGTCGCGAGAAG,5
ACAAAGTCTCGATAAG,5
ACAAGATTCGGGGAAC,5
ACAATCTGAACCGTAC,5
ACACGGATTGGCTGTA,5
ACACTCCACCATTGAG,5
ACAGTACACCATTGAG,5
ACAGTACGATCTACAC,5
ACAGTCCACCATCGAG,5
ACAGTCCACCATTAAG,5
ACAGTCCACGATTGAG,5
ACATGTCTCCGAGCAA,5
ACATTTTCCAGTAGGT,5
ACATTTTCTAATAGGT,5
ACCAGCAACGAGTTGT,5
ACCAGCAATGAATTGT,5
ACCAGCAATGAGTGGT,5
ACCAGCAATGAGTTAT,5
ACCAGCAATGAGTTGA,5
ACCCCCGGAGCGTGGC,5
ACCGAATAAATCATCC,5
ACCGAATCAATCATCC,5
ACCGATTCACGGATAA,5
ACCGGAAGTGGCCAAG,5
ACCGGCGTTAGTGTCA,5
ACCGTTGGACACACCA,5
ACCGTTGTAAACACCA,5
ACCGTTGTACACACCG,5
ACCGTTGTATACACCA,5
ACCTGAAGTTGCCAAG,5
ACGAAGTCTCGAGAAG,5
ACGAAGTTTCATAGCG,5
ACGCAAATAGACCGTA,5
ACGGGGATTGGCTATT,5
ACGTCCGTTGGGAACT,5
ACTACGAGGCTACGGA,5
ACTACTAGGCTACGTA,5
ACTCAAATAGACCGAA,5
ACTCTGGCTCACTAAT,5
ACTTCCATTAAGATCA,5
AGAATCTGAACCATAC,5
AGACACGAGGTTGTGA,5
AGACCACCAGTTTCGT,5
AGACCATCGCAACCAA,5
AGACCATCTCACCCAA,5
AGACCCCAGGTCCTTT,5
AGAGACATCGCCCTTT,5
AGATCCACCCTATATT,5
AGATCCCAGATCCTTT,5
AGATCCCAGGTCCATT,5
AGATTCCAGGTCCTTT,5
AGCACGTAGAACCGCC,5
AGCATCGAACAGAGAG,5
AGCATCTAAGAGATAG,5
AGCCACCCCAGAGATG,5
AGCCCTATCCTCAAAT,5
AGCGTTGGCTTGGTTA,5
AGCTGAATTGAGTATG,5
AGCTTCTGGGGTATCA,5
AGGAAAGAAGCTGGAG,5
AGGAAAGAGACTGGAG,5
AGGAAAGGAACTGGAG,5
AGGAAGCTATAGAAGT,5
AGGAATCGTCACCGAT,5
AGGACGATAGTTGGCA,5
AGGACTATAGTCGGCA,5
AGGAGGATGAAGAGCG,5
AGGAGTATGAATAGCG,5
AGGAGTATGAGGAGCG,5
AGGATTATGAAGAGCG,5
AGGGCTATAGTTGGCA,5
AGGGGATGGGAGAAAC,5
AGGTGGACGGGAATGG,5
AGGTTAAGAGAAAGTT,5
AGGTTCAGACCCTTGC,5
AGGTTCAGACTATTGC,5
AGTAAGCATGCATTGG,5
AGTAGGGCTACGTGAG,5
AGTCATATCCTCAAAT,5
AGTCCTACCCTCAAAT,5
AGTCGTCTAGATAGTT,5
AGTCGTTCAGATAGTT,5
AGTCGTTGAGATAGTT,5
AGTCGTTTAGACAGTT,5
AGTCGTTTAGATAGTC,5
AGTGAACATGCATTGG,5
AGTGCGAGCATGTCAA,5
AGTGTTGAATAGCCGA,5
AGTTAACGGCCTATCC,5
AGTTACATAGGCATGG,5
AGTTAGGGTCTCCCTT,5
AGTTCCAGAGGCATGG,5
AGTTCCATAGGCATGT,5
ATAAATGAGGGCATTG,5
ATAACGTGTGTGCAAA,5
ATAACGTTTGTGCAAG,5
ATAACGTTTGTGCAGA,5
ATAACTGTGGGCATTG,5
ATAAGATATATGGCTG,5
ATACACGAGGTGGTGA,5
ATACACGAGGTTGTTA,5
ATAGAAAATTATCAGC,5
ATAGAAAATTATCCTC,5
ATAGAATCGCAAATTG,5
ATAGAATCGCAAGTTA,5
ATAGAATCGCGAATTA,5
ATATAAAAAACTTAGG,5
ATATAAAAAACTTATT,5
ATCAGGGCTACGTGAG,5
ATCCCATGCTGGGGAT,5
ATCCGATTTAAAGGAA,5
ATCCGATTTAAATGCA,5
ATCGCATCCTGGAATG,5
ATCTAAATTCGAGGAC,5
ATGAGGGATTCAACTC,5
ATGGCCCACGGGCACA,5
ATGGCCCACTGGCATA,5
ATGGGATGGGAGAGAC,5
ATGGGATTGGTGAAAC,5
ATGTATCAGTCGCGCC,5
ATGTTTTTACGTCCAT,5
ATTAGATTACAACGTA,5
ATTAGATTATAACGTG,5
ATTAGATTATAACTTA,5
ATTAGGACTACGTGAG,5
ATTAGGGCTACATGAG,5
ATTAGGGCTACGTGAT,5
ATTCCGAATGGAGTAG,5
ATTCCGAATGGGGTAA,5
ATTTACTCATTATACT,5
ATTTTTCTGTGGCTAC,5
CAAAACCTCGTTGTCT,5
CAAAAGAAGCACGATA,5
CAAAAGCATCACGATA,5
CAAAATCAGCACGATA,5
CAAAATCTACTGCGAC,5
CAAATGCTGCACTAGG,5
CAAATGCTGCATTAAG,5
CAAATGCTGCATTAGA,5
CAATTAGAAATACATT,5
CAATTCGCCGTTCCCA,5
CAATTCGCCTTTCCCC,5
CACAGACAAGAAAAAA,5
CACCAATCTTCTAACT,5
CACGGCCGGCGAAATC,5
CACGGGCGAATGTCTC,5
CACTGCGCCGAGCACC,5
CAGCTGATAGTAACTC,5
CAGTGAGACGCGCAAG,5
CATACAGAGCTTGTTG,5
CATACAGGGTTTGTTG,5
CATAGGAATTGCCACT,5
CATCTCTGATGAATTG,5
CATGTGAAGCCCAACA,5
CATTGAGACGCGTAAG,5
CATTGAGACGGGCAAG,5
CATTTCTGATGAATCG,5
CCAACGCAAAAAATTA,5
CCAAGCTTAGCGCATC,5
CCACATTAGCGGGAGG,5
CCACGCACGTTTAGAG,5
CCCAAATAATTGGCGC,5
CCCAGCGCGGCTCGGG,5
CCCCCCCTCTAAAGTT,5
CCCCTCCCCTAAAGTT,5
CCCCTCCTCGAAAGTT,5
CCCCTCCTCTAGAGTT,5
CCCTATGAAAGAAGCT,5
CCCTATGAAATGAGCT,5
CCCTGCGCGCCTCGGG,5
CCCTGCGCGGCTGGGG,5
CCCTTTACGGATCTAT,5
CCCTTTACGGATCTCA,5
CCGATTACTAGCCGGA,5
CCGGATAAATTAGAAC,5
CCGGATAGATCAGAAC,5
CCGTGATGCATTCCCG,5
CCTCATTAGCGGGAGG,5
CCTCGGTTAAGTTGTG,5
CCTGGATTAAGTTGTG,5
CCTTCATGCATTCCCG,5
CCTTGATGGATTCCCG,5
CGAAAACATTACAAAC,5
CGAAAACATTACAAGT,5
CGAAACACGTACCAGT,5
CGAAAGCAGCACGATA,5
CGAACCGCAGACACTT,5
CGAACCGCAGACATGT,5
CGACTCAACGGACGCC,5
CGACTCCGCGGACGCC,5
CGAGAAATGTAAATGA,5
CGAGAATCTCCCATAC,5
CGATATTGCCCGGAAG,5
CGATTTAACAGACGTA,5
CGCAATTTACGAGACA,5
CGCACTTCACGAGACA,5
CGCACTTTACGAGGCA,5
CGCACTTTACGGGACA,5
CGCAGCATTGTTCGCC,5
CGCCATCAGCACCTAG,5
CGCGAGACCCTTCCGG,5
CGCGCTTTACGAGACA,5
CGGAAATCTCCCATAC,5
CGGACCCTAAATGGTA,5
CGGCCAGAGAATCAAA,5
CGGGAAATGTAAACGA,5
CGGGAAATGTAAATAA,5
CGGGAACACACATAAC,5
CGGGGACAAGAGGGTA,5
CGGTGACAAGATTGTA,5
CGGTTTTGGTTCGAGG,5
CGTACAGTGGAATCGA,5
CGTACAGTGTAATCAA,5
CGTACAGTGTAATCGT,5
CGTACAGTGTAATCTA,5
CGTGACACCCTCCAAC,5
CGTGACCCCCTCCAAA,5
CGTGGGTTAAGTTGTG,5
CGTGTACCCTTCAGGA,5
CGTGTACCGTTCAGCA,5
CGTGTACGCTTCAGCA,5
CGTTAACGGCCTATCA,5
CTAAATGTCGTAGGAT,5
CTAATTTAAGCATCAA,5
CTAATTTAAGTATCAT,5
CTATAAACCGTTTGGA,5
CTATACTGCCCGGAAG,5
CTATCCTAATCTACAG,5
CTATCTGAATCTACAG,5
CTATCTGTAGAGCGCT,5
CTATCTTAATCCACAG,5
CTATCTTAATCTATAG,5
CTATCTTAATCTGCAG,5
CTATTGAACAGACGTA,5
CTATTTAACAGACGTT,5
CTCAAATAATTGTCGC,5
CTCATAGGGGACGATT,5
CTCCTAGGGGAAGATT,5
CTCTTACGCTCCTACA,5
CTGAACGTATCTGTGG,5
CTGAACTGGTCGATAT,5
CTGAACTTATCTGGGG,5
CTGAACTTATGTGTGG,5
CTGAACTTGTCGACAT,5
CTGAGCTGCCAACAAG,5
CTGAGCTGCCGATAAG,5
CTGAGCTGCTAATAAG,5
CTGAGGGATTCAACGC,5
CTGAGGGATTCAACTT,5
CTGAGGGATTCAGCTC,5
CTGGGATTGGAGAAAC,5
CTGTACCTGCAGTTAA,5
CTGTACCTGTAGTTGA,5
CTTACAGAATACTATA,5
CTTACTGCGCTAGAGT,5
CTTACTTCGCGAGAGT,5
CTTAGGCATTATATGC,5
CTTAGGTAGTATATGC,5
CTTAGGTATTACATGA,5
CTTAGGTATTAGATGC,5
CTTCGGCGCTTGATTA,5
CTTCGTGATACTCACA,5
CTTGGGTTAAGTTGTG,5
CTTTAAATTATGGTCT,5
GAAAGCCCCAAATAAC,5
GAAAGCCCCGTGCAAC,5
GAAAGCCCCGTGCAAG,5
GAAATCCCAAAATAAC,5
GAAATCCCCAAATAGC,5
GAAATCCCCGAATAAC,5
GAAATGCTGCATTAGG,5
GAACCCATAAGACCCC,5
GAACCCTTGTAAGATG,5
GAAGAAACTATGACCA,5
GAAGCGCGTATTGAGT,5
GAAGTACGCGGAATGA,5
GAAGTACGCTGAAGGA,5
GAAGTCCCCAAATAAC,5
GAAGTGCGCATTGAGT,5
GAAGTGCGTAGTGAGT,5
GAAGTGCGTATCGAGT,5
GAATAATAGAACAGAA,5
GAATAATAGAACAGGG,5
GACAAAAGGGATATAT,5
GACCACTTGTAAGATG,5
GACCCCTGGTAAGATG,5
GACCCCTTGTAATATG,5
GACCTTGGGGAGAGTC,5
GACTTTGCGCGCAGTC,5
GAGAACTGCAGAAGCG,5
GAGAAGCTATAGAAGT,5
GAGAGTCCCTATGATG,5
GAGCGGTAGAGATACG,5
GAGCTTGCTATGTATC,5
GAGGGGATACGTCGCC,5
GAGGGGATACTTCACC,5
GAGGGGATATGTCACC,5
GAGGGGATGGGCACGT,5
GAGGGGGAGGGATACG,5
GAGGGGTAGAGATACC,5
GAGGGGTCGAGATACG,5
GAGTATTGCTACACAT,5
GATCACGCAAAAAAAG,5
GATCGCCATCGACCTC,5
GATCGCCATCGACGTC,5
GATCGTGGGGAGAGTC,5
GATCTTGGGGAGAATC,5
GATCTTGGGGATAGTC,5
GATGTGGAGCCCAACA,5
GATTAACTTTGGAAGC,5
GATTCAGATGTCCACC,5
GATTCATATGCCCACC,5
GATTGCCATCGACTTC,5
GCAAACAGTGTAGGTG,5
GCAAACAGTGTGGTTG,5
GCAAACATTGTAGTTG,5
GCAACGAGGTATAACC,5
GCAACGAGGTGTAGCC,5
GCAACGAGGTTTAACC,5
GCAACGGGGTGTAACC,5
GCAATTCGCATGCGGA,5
GCAGATACTAGGACCA,5
GCAGCGTGCCAGTCAT,5
GCAGCGTGCCGATCAT,5
GCAGCGTGCCGGTTAT,5
GCATAGAACTAACTCC,5
GCATCCTCAACTCATA,5
GCATCCTCAACTCCTG,5
GCATGAAACTAACTCC,5
GCATGGAACTAAGTCC,5
GCCAGCTCGGATCCCT,5
GCCAGCTCGTGTCCCT,5
GCCATTTACTGAATGG,5
GCCGCTGCGGCGTGCG,5
GCCGGAAGTTGCCAAG,5
GCCGGTGTTAGTGTCA,5
GCCGTCGTTAGTGTCA,5
GCCTAAAGGATCATTA,5
GCGAACAGTGTAGTTG,5
GCGGAGTTTCATAGCG,5
GCTAAGTTTCATAGCG,5
GGATAATAGAACAGAG,5
GGCGACACCCTTCCGG,5
GGCTAAAGGATCATGA,5
GGTCAACTTTGGAAGC,5
GGTCACGCAGAAAAAG,5
GGTCCATCTCAGAGCG,5
GGTCCATCTCTGATCG,5
GGTCCATCTGAGATCG,5
GGTCTTGGGGAGAGTC,5
GGTGAACTTTGGAAGC,5
GGTTAACTTTGGAGGC,5
GGTTAACTTTGTAAGC,5
GGTTCCATAGGCATGG,5
GTAAGCAAAATTGACC,5
GTAAGCAAAGTGGACC,5
GTAAGCTTCATTGAGT,5
GTAATTCGAATGCGGA,5
GTAATTCGCACGCGGA,5
GTAATTCGCATGAGGA,5
GTACATCCTAGTGACG,5
GTACCCAGTTCCTGCC,5
GTACCCAGTTCTTGCG,5
GTAGAACTGCAGCCCC,5
GTAGATACTGGGACCA,5
GTAGGCAAAGTTGACC,5
GTCAAGGTACGGATGG,5
GTCGCATCCTGGAATT,5
GTCGCATCCTGGGATG,5
GTCGCATTCTGGAATG,5
GTCGCCGCGAATCCGA,5
GTCGCCGCTAAGCCGA,5
GTCGCCGCTAATCCCA,5
GTCGCCGCTAATCTGA,5
GTGCCATTGTCCGGAA,5
GTGCGATTCTCCGGAA,5
GTGGAGGCCTGGCCCC,5
GTGGTATCAAGCGGGG,5
GTGTAGGCCTGGGAGG,5
GTGTATCCTAGTGACG,5
GTTAGATTATAACGTA,5
GTTATCATGACTTCAT,5
GTTATTATGACTTAAT,5
GTTATTATGGCTTCAT,5
GTTGCATCCTGGAATG,5
GTTGCCGCTAATCCGA,5
GTTGCTCCGACACGTC,5
TAAAAAGCCTACATGA,5
TAAAAAGCCTCCATGG,5
TAAAAATCCTCCATGA,5
TAAACAGCCTCCATGA,5
TAACATGATTTCTCGA,5
TAACATTGTCGGAAAG,5
TAACGAATTTGATTCC,5
TAACTGATAGTAACTC,5
TAAGAAACTATAACCA,5
TAAGTACGCTGAATGA,5
TAATAAGCCAGCAATA,5
TAATAAGCCAGTAAGA,5
TACAAATGTCATTTGA,5
TACCAATGTCATGTGA,5
TACCCTGCAAACCACT,5
TACCTGCTTCGGAACG,5
TACGGATAACCCTGCG,5
TACGGGCTAATGTCTC,5
TACGTCGTATCCACAG,5
TACTAATAACCCTGCG,5
TACTAATGCCGTTTTC,5
TACTAGAAATAAAATC,5
TACTCATAACCCTGCG,5
TACTGACAACCCTGCG,5
TACTGATAACACTGCG,5
TAGCATTGTCGAAAAG,5
TAGCATTGTCGGAAAC,5
TAGCCAAGGGACGGAC,5
TAGCCTGCAAGCCACT,5
TAGCGTTGTCGGAAAG,5
TAGCTGATATTAACTC,5
TATATCGTATCCACAG,5
TATCAAAGGGACGGAC,5
TATCCAAGGGACGGAT,5
TATCCAAGGGACGGGC,5
TATCCGAGGGACGGAC,5
TATGGAGCGCCCTTAC,5
TATGGCGTATCCACAG,5
TATTAAGAGAAGTACG,5
TCAATCGGGGACTAAA,5
TCCACACACCTAGCTA,5
TCCACACCCCTAGCGA,5
TCCAGCCCGGTAAGAG,5
TCCAGCGCGGTAAGAA,5
TCCAGGGCGGTAAGAG,5
TCCCCGTGGTTTGACG,5
TCCGCACCCCTAGCTA,5
TCCTCCGTTGGGAACT,5
TCGAAAAAATCATAAA,5
TCGAACGAAGCAGGAG,5
TCGAACGAATTAGGAG,5
TCGAACGAGGTAGGAG,5
TCGAATGAAGTAGGAG,5
TCGAGTTAATATGTGC,5
TCGAGTTAATATTCGC,5
TCGATTACTAGGCGGA,5
TCGCATTAGCGGGAGG,5
TCGCCGCACTACTGCT,5
TCGCCTCAACTAAAAA,5
TCGCTTAAACTAAAAA,5
TCGCTTCAGCTAAAAA,5
TCGTCCGCTGGGAACT,5
TCGTCGCGCTACTGCT,5
TCGTCGTACTACTGCT,5
TCGTGACATAGCGATG,5
TCTCAGCTCTTAGACG,5
TCTGACTCTCGCGGCA,5
TCTGGAAACGATCCAC,5
TCTTATTAGGCGGCAA,5
TCTTGACATAGCGACG,5
TCTTGACATAGCGGTG,5
TCTTGGGTGTACGAGA,5
TCTTTACCACGGCATC,5
TGACAACAATACAAAG,5
TGAGTTCATAGCCCCA,5
TGATCTGTGACATCGC,5
TGATCTTTTACACTTA,5
TGATCTTTTACATTTT,5
TGATGGGTGTACGAGA,5
TGCAGCATTGGTCGCC,5
TGCAGTGGTCGATCCG,5
TGCATACCGACGCAGT,5
TGCTATTCCGGCGTGG,5
TGGAATCCTCACCGAT,5
TGGAATCGTCACCGAA,5
TGGAATCGTCACCGGT,5
TGGAATCGTCATCGAT,5
TGGAATTGTCACCGAT,5
TGGAGTATGAAGAGCG,5
TGGAGTCGTCACCGAT,5
TGGCCAGGGAATCAAA,5
TGGTCCGCTCCATGCT,5
TGTAACTCTCGCGGCA,5
TGTAAGAGGCGTCACA,5
TGTAATAGGCATCACA,5
TGTAATAGGCGCCACA,5
TGTAATAGTCGTCACA,5
TGTAATGGGCGTCACA,5
TGTACGGATAAAGTAG,5
TGTCAGGATAAAGTAG,5
TGTCCGGATAAAGGAG,5
TGTGGAGCCAGTCTGA,5
TGTGGAGCGCCCTTAT,5
TGTGGAGCGTCCTTAC,5
TGTTGAGCCAGTCTCA,5
TGTTGTAATCTGAAGA,5
TTACGAATTGGATTCC,5
TTACGAATTTGATTTC,5
TTAGTTCATAGCTCCA,5
TTCAGCGCGGTAAGAG,5
TTCATCAAGTTGGCGC,5
TTCCAGCGTTGTTTTG,5
TTCCTAGGGGACGATT,5
TTCGGGAACGGGAAGC,5
TTCTCTCCAGACTCGT,5
TTCTGTCCAGACTCGG,5
TTGCAATGGAAACATA,5
TTGCAATTGAGACATA,5
TTGCTCCTGAGGAGTA,5
TTGCTTCTGAGTAGTA,5
TTGGGGAACGGGAACC,5
TTGGGGAAGGGGAAGC,5
TTGTACCAGTCGCGCC,5
TTGTATCAATCGCGCC,5
TTGTCTGTAGAGCGCT,5
TTTATAGCCAACACCA,5
TTTATATCCAACAGCA,5
TTTATATCGAGACTCA,5
TTTATATCGAGATCCA,5
TTTATATCGAGATGCA,5
TTTCAATTGAAACATA,5
TTTCACAGGACCTATC,5
TTTCAGCGTTGTTTCG,5
TTTCAGCGTTGTTTTA,5
TTTCATGATACTCACA,5
TTTCGTGATACCCACA,5
TTTCGTGATATTCACA,5
TTTGGCACTAAATTAA,5
TTTTGACATAGCGATG,5
AAAAAATTTATGAGAA,4
AAACCCATAAGACCGC,4
AAACGTGATTTCTCGA,4
AAACTCATAAGACCCC,4
AAAGCTCTCTTCGTTC,4
AAAGCTCTTCTCGTTC,4
AAAGCTCTTTTCGTCC,4
AAAGGCGCGCATTCAA,4
AAAGGCGTGCCTTCAA,4
AAAGTAGCGGAGGATT,4
AAATAATAGAACAGAG,4
AAATCCACCCTATAGT,4
AAATCCATAAGACCCC,4
AAATGTTGAATAGACG,4
AAATTAACAATATCCA,4
AAATTCATAATATCCA,4
AACACGTAGAACCCCC,4
AACACGTAGAACTGCC,4
AACAGAAGTCTATGTA,4
AACAGGATAATCGCGC,4
AACCACCCCAGAGAGG,4
AACCACCGAGTGACGG,4
AACCGCGCCGAGCACC,4
AACCTACGAGACATAA,4
AACGACAAACAGCAAG,4
AACGACAAATAGTAAG,4
AACGGGTCCGACTAAG,4
AACGGTTCCGACTAAC,4
AACGGTTCCGATTAAG,4
AACTGAGTTCATCGAT,4
AACTGATAACCCTGCG,4
AACTGCATTCATCGAT,4
AACTGCGCTCATCGAT,4
AACTGCGTGCATCGAT,4
AACTGCGTTCATCGAC,4
AACTTACCTGACTGCT,4
AACTTCCCCGACTGCT,4
AAGAAGCTATAGAAGG,4
AAGAAGCTATATAAGT,4
AAGAAGCTGTAGAAGT,4
AAGAAGGCTTTGTGAT,4
AAGATAATATAGAGAC,4
AAGCCCAGAGGGTGAT,4
AAGCCCAGCGGGTTAT,4
AAGCCGTGATGTGATT,4
AAGCGGCGATGTGATT,4
AAGCGGTGACGTGATT,4
AAGCGGTGATATGATT,4
AAGGGGATACGTCACC,4
AAGGGGCATCATAATG,4
AAGGGGCCTCATAGTG,4
AAGGTCCCTATGTGAT,4
AAGTATTGCTACACAC,4
AAGTTAAGAGAAAGCT,4
AAGTTAAGAGAAGGTT,4
AAGTTAAGATAAAGTT,4
AAGTTAATAGAAAGTT,4
AAGTTCAGACTCTTGC,4
AATAAAACAATCGAAC,4
AATCAAACAATCGAAC,4
AATCACCGAGTGACCG,4
AATCGCGGGCACCCGT,4
AATCGCTGGCATCCGT,4
AATCGCTGGCGCCCGT,4
AATGAAACAAGCGAAC,4
AATGAAACAATCCAAC,4
AATGAAACAATCGAAG,4
AATGCGACCATGTCAA,4
AATGCGATCATGTCAA,4
AATGTCCCTATGTAAT,4
AATTCGAGCATGTCAA,4
AATTCGGGAGTACTAG,4
AATTCGTGAGCACTAG,4
AATTCGTGAGTACTAC,4
AATTTAGTAGACCCAC,4
ACAAAGTCTCGAGAAT,4
ACAAGATTCGAGGGAC,4
ACAATCCACCATTGAG,4
ACACGGGTTGGCGGGA,4
ACAGAGTCTCGAGAAG,4
ACAGCACGATCTACGC,4
ACAGGAAGTTGCCAAG,4
ACAGGGGTTGGCTGTA,4
ACAGTACGATCTAAGC,4
ACAGTACGATCTACGA,4
ACAGTCCACCACTGAG,4
ACAGTCCACCATTGTG,4
ACATCCATTAAGATCA,4
ACATTTTTCAATAGGT,4
ACCCCCAGAGCTTGGC,4
ACCCCCGGAACTTGGC,4
ACCCCCGGAGCTTCGC,4
ACCCTCGGAGCTTGGC,4
ACCGAATGAATCATGC,4
ACCGATTCACGAATTA,4
ACCGCTGCGGCGTGTG,4
ACCGGAGGTTGCCAAG,4
ACCGTAAGTTGCCAAG,4
ACCGTCGTACACACCA,4
ACCGTTGCACACACCA,4
ACCTTTGTACACACCA,4
ACGCAAAGAGACCGAA,4
ACGCAAATAAACCGAA,4
ACGCAAATAGACAGAA,4
ACGCAAATAGGCCGAA,4
ACGGATGATTTTCGAG,4
ACGGCGATTGGCTGTT,4
ACGGGGACTGGCTGTT,4
ACGGGGATCGGCTGTT,4
ACGGTTTTACGTCCAT,4
ACGTACGATTTTCGAG,4
ACGTATAATTTTCGAG,4
ACGTATGATTTGCGAG,4
ACGTATGATTTTCCAG,4
ACGTATGATTTTCGAA,4
ACGTGTCTCCGAGCAG,4
ACTACGAGGCCACGTA,4
ACTACGAGGCTATGTA,4
ACTATGGCTCGCTAAT,4
ACTCTGGCTCGATAAT,4
ACTCTGGCTCGCTAAC,4
ACTGCGAGGCTACGTA,4
ACTGTCTAGAAATTTC,4
AGAAAACCTCAGATAC,4
AGAAAATCTCAGACAC,4
AGACCGCCATTTTCGT,4
AGATCCACACTATAGT,4
AGATCCACCCTGTAGT,4
AGATCCCAGGCCCTTT,4
AGATCCGCCCTATAGT,4
AGATCTTTACGAAAAA,4
AGATGCCAGGTCCTTT,4
AGATTCACAATATCCA,4
AGATTCAGACTCTTGC,4
AGCAGAGGGATAGGTG,4
AGCAGCTAACAGATAG,4
AGCATAGGGACATGTG,4
AGCATAGGGATAAGTG,4
AGCATCGAACAGATAG,4
AGCATCTAACAGATCG,4
AGCATTGGGATATGTG,4
AGCATTTAACAGATAG,4
AGCCCATGCTGGGGGT,4
AGCCCATGTTGGGGAT,4
AGCCCATTCTGGGGAT,4
AGCGACATCGCCCTCT,4
AGCGGTGGTCGATCCG,4
AGCGTCTAACAGATAG,4
AGCTATTCCGGCGCGG,4
AGCTCCTCGGGTATCA,4
AGCTCCTGCGGTATCA,4
AGCTGAATTAAGGAGG,4
AGCTGAATTAAGTATT,4
AGCTGAGTTAAGTATG,4
AGCTGCGTTCATCGAT,4
AGCTGGATTAAGTATG,4
AGGACTATAGGTGGCA,4
AGGACTATAGTGGGCA,4
AGGACTATAGTTTGCA,4
AGGACTATATTTGGCA,4
AGGACTGTAGTTGGCA,4
AGGAGTATGAAGATCG,4
AGGAGTATTAAGAGCG,4
AGGCCAGTAAGGACTA,4
AGGCCCGTGAGGACTA,4
AGGGAATCTCCCATAC,4
AGGGTCCCTATGTAAT,4
AGGGTTGAAGAGGCGA,4
AGGGTTGAATAGGCGA,4
AGGGTTTTACGTCCAT,4
AGGTGGAAGGGCATGG,4
AGGTGGACGGGTATGG,4
AGGTTAGTAGACCCAC,4
AGGTTCATACTCTTGC,4
AGTAAACATGCATTTG,4
AGTAAACATGCGTTGG,4
AGTAAACGTGCATTGG,4
AGTAAAGAAACTGGAG,4
AGTAAATATGCATTGG,4
AGTATTTGCGCGTCAA,4
AGTCATTTAGATAGTT,4
AGTCCCATCCTCAAAT,4
AGTCCTATCCTCGAAT,4
AGTCGTTTAGAGAGTT,4
AGTGTGGGCTTGGTTA,4
AGTGTTAAATAGGCGA,4
AGTGTTGAATAGACGA,4
AGTGTTGGCTTTGTTA,4
AGTGTTTGCTTGGTTA,4
AGTTCCATAGACATGG,4
AGTTCCATGGGCATGG,4
AGTTGAGCCAGTCTGA,4
AGTTGGGCTCTCCCTT,4
AGTTGGGGTCTCCCAT,4
AGTTGGGGTCTCCCTA,4
AGTTGGGGTCTCTCTT,4
AGTTGGGGTCTTCCTT,4
AGTTTTGGCTTGGTTA,4
ATAACGGAGGGCATTG,4
ATAACTGAGGGCATTT,4
ATAACTGAGTGCATTG,4
ATAACTGGGGGCATTG,4
ATAAGATTCGGGGGAC,4
ATAATCTGAACCATAC,4
ATAATTGAGGGCATTG,4
ATACACGAGATTGTGA,4
ATACACGAGGTTGTGT,4
ATACACGAGGTTTTGA,4
ATACACGCATTTGCCA,4
ATACATGCATGTGCCA,4
ATACCGAATGGGGTAG,4
ATAGAAAAAACTTAGT,4
ATAGAATCGCAGATTA,4
ATAGAATTGCAAATTA,4
ATAGCCCACGGGCATA,4
ATAGGATGTATGGCTG,4
ATAGTCCACCATTGAG,4
ATATAAAAAACTCAGT,4
ATATCTGTAGAGCGCT,4
ATCAATGTCGTAGGAT,4
ATCAGGATAGTCGCGC,4
ATCGATTCACGAATAA,4
ATGACGTTTGTGCAAA,4
ATGATCATATCTAATA,4
ATGCCCGTAAGGACTA,4
ATGGAATCACAAATTA,4
ATGGGATTGAAGAAAC,4
ATGGTTTTGCGTCCAT,4
ATTAAGGCTACGTGAG,4
ATTAGATTGTAACGTA,4
ATTAGGGCTACGCGAG,4
ATTAGGGCTATGTGAG,4
ATTAGGGTTACGTGAG,4
ATTAGTGCTACGTGAG,4
ATTATCACATCTAATA,4
ATTATCATATCTAACA,4
ATTATCATATCTAAGA,4
ATTATCATGTCTAATA,4
ATTCAAATTCGAGGAC,4
ATTCCGAATGCGGTAG,4
ATTCCGAATGGGCTAG,4
ATTCCGAATGGGGAAG,4
ATTCCGAATGGGGTAC,4
ATTGTTTTACGTCCAT,4
ATTTAAATTCAAGGAC,4
ATTTAAATTCGAGGAG,4
ATTTACTAATTATACG,4
ATTTTTATATGGCTAC,4
ATTTTTCTATAGCTAC,4
ATTTTTCTATGGCCAC,4
ATTTTTCTATGGCTAA,4
CAAAAGCAGCACGACA,4
CAAAGACCTTTTTAAC,4
CAAAGGCTGCATTAGG,4
CAAATAGAAATACATA,4
CAAATGCTGCATTTGG,4
CAAGATCTACGGCGAC,4
CAATGAGACGCGCAAG,4
CACAGCATTGGTCGCC,4
CACAGCGCCGAGCACC,4
CACCAATCTTAGAACT,4
CACCGAGCCGAGCACC,4
CACCGAGGATCGCACT,4
CACCGCGCCGAGCAAC,4
CACCGCGCCGAGCACA,4
CACGACCGGCGAACTC,4
CACGGCCGGCGAGCTC,4
CACGGGAATTGCCACT,4
CACGGGCCAATGTCTC,4
CACGGGCTAATGTCCC,4
CACGGGCTAATGTCGC,4
CACTAGACGTACAGTC,4
CACTAGGTGTACAGTC,4
CACTATCAGCACCTAG,4
CAGAACCTCGGTGTCT,4
CAGACAGTGATGAACA,4
CAGATAGCGATGAACA,4
CAGATAGTGATGAACG,4
CAGATAGTGATGAATA,4
CAGATAGTGATTAACA,4
CAGATAGTTATGAACA,4
CAGCATTAGCGGGAGG,4
CAGCATTGTCGGAAAG,4
CAGGAATCTCCCATAC,4
CATAAAAGAATGTATA,4
CATAAAAGACTGCATA,4
CATACAGAGTTTGTAG,4
CATACGTATGTCCCAG,4
CATATAGAGTTTGTTG,4
CATATAGTGATGAACA,4
CATGTAGAGCCCAACA,4
CATTGATACGCGCAAG,4
CATTTCTGATGAACTG,4
CATTTCTGATGAGTTG,4
CATTTCTGATGGATTG,4
CCAAAACAAAAAATTA,4
CCAACACAAAAAACTA,4
CCAACACGAAAAATTA,4
CCAAGCTTGGCCCATC,4
CCAAGCTTGGGGCATC,4
CCAAGTTTGGCGCATC,4
CCATAAACCGTTTGTA,4
CCCCCGCTTTTTAAAA,4
CCCCCTCTGTTTAAAA,4
CCCCTCCTCTAAAGGT,4
CCCCTCCTCTAAAGTG,4
CCCCTCCTTTAAAGTT,4
CCCGACACCCTTCCGG,4
CCCGGCGCGGCTCGGG,4
CCCTATGAAATAAACT,4
CCCTATGAGATAAGCT,4
CCCTTTACGGATCCCT,4
CCGACACAAAAAATTA,4
CCGCATTAGTGGGAGG,4
CCGCATTATCGGGAGG,4
CCGGAAATGTAAATGA,4
CCGGATAAACCAGAAC,4
CCGGATAAATGAGAAC,4
CCGTCCGTTGGGAACT,4
CCTGAGTTAAGTTGTG,4
CCTGGCTTAAGTTGTG,4
CCTGGGCTAAGTTGTG,4
CCTGGGTTAAGCTGTG,4
CCTGGGTTAAGTTTTG,4
CCTTAATGCATTCCCG,4
CCTTGATGCAATCCCG,4
CCTTGATGCATTCCGG,4
CCTTTCTCAATACATA,4
CGAAAAACGTCCCAGT,4
CGAAACACGTCCAAGT,4
CGAAACACGTCCCAGC,4
CGAAACACGTCCCATT,4
CGAAACACGTCCCGGT,4
CGAAACGCAGACACGT,4
CGAACCGCAGGCACGT,4
CGAAGACATTACAAAT,4
CGAAGCTTGGCGCATC,4
CGAATCCACGGACGCC,4
CGACTCCACGGAAGCC,4
CGACTCCACGGAGGCC,4
CGATAAACCGTTTGTA,4
CGATCTTTGCGAAAAA,4
CGCAGCATTGGTAGCC,4
CGCCTAGGATCGCACT,4
CGCGACACCCGTCCGG,4
CGCGACCCCCTCCAAC,4
CGGAAAATGTAAATGA,4
CGGACAGTGTAATCGA,4
CGGACCCTAGATGATA,4
CGGACCTTAGATGGTA,4
CGGAGCCTAGATGGTA,4
CGGCAAGGGAATCAAA,4
CGGGAAAGGGAAATGA,4
CGGGAACATATATAAC,4
CGGGAACGTACATAAC,4
CGGGAATCTCCCATCC,4
CGGGAATCTCCTATAC,4
CGGGAATCTTCCATAC,4
CGGGGACAAGATGGGA,4
CGGGGACAAGATTATA,4
CGGGGACAAGATTGTT,4
CGGGGACAAGATTTTA,4
CGGGGACAATATTGTA,4
CGGGTACAAGATTGTA,4
CGGTAACGGCCTATCC,4
CGGTCGGAACTCATCT,4
CGGTCGGGACTCAGCT,4
CGGTCGGGACTCATTT,4
CGTACAGGGTAATCGA,4
CGTACAGTGCAATCGA,4
CGTACAGTTTAATCGA,4
CGTACGTATGGCCCAG,4
CGTACGTATTTCCCAG,4
CGTACGTGTGTCCCAG,4
CGTAGGTATTATATGC,4
CGTATAGTGTAATCGA,4
CGTCCAGGGAATCAAA,4
CGTGACCCCCTCCAGC,4
CGTGTACCCTGCAGCA,4
CGTGTACCCTTCTGCA,4
CGTTAACGGACTATCC,4
CGTTAACGTCCTATCC,4
CGTTAGCGGCCTATCC,4
CTAATTTACGTATCAA,4
CTAGAACTGCGGCCCC,4
CTAGCACAGCGTAAGC,4
CTATAAAACGTTTGTA,4
CTATAGACCGTTTGTA,4
CTATATTCCCCGGAAG,4
CTATATTGCGCGGAAG,4
CTATCTTAACCTACAG,4
CTATCTTAGTCTACAG,4
CTATGAACCGTTTGTA,4
CTATTTAACAAACGTA,4
CTCAAATAATTTGCGC,4
CTCAATGTCGTAGGGT,4
CTCAATGTCGTAGTAT,4
CTCACAGAATACTAGA,4
CTCAGATAATTGGCGC,4
CTCCTAGGGGATGATT,4
CTCCTAGGGTACGATT,4
CTCGATGTCGTAGGAT,4
CTCTTACGCTCCTACT,4
CTCTTACTCTCCTACG,4
CTGAAATTGTCGATAT,4
CTGAACTGCCAATAAG,4
CTGAACTTATCTGTGC,4
CTGAACTTGTCGAGAT,4
CTGAACTTTTCGATAT,4
CTGAATTTATCTGTGG,4
CTGCTCCTGAGTAGTA,4
CTGGAAGCCTGGCCCC,4
CTGGAGGCCGGGCCCC,4
CTGGAGGCCTGGCTCC,4
CTGGAGGGCTGGCCCC,4
CTGGGCTGCCAATAAG,4
CTGGTGGCCTGGCCCC,4
CTGTACCGGCAGTTGA,4
CTTACAGAAGACGAGA,4
CTTACAGAATACTAAA,4
CTTACAGAATACTAGT,4
CTTATAGAATACTAGA,4
CTTCCGCTCTTGATTA,4
CTTCGGCTCTTCATTA,4
CTTCTCTAGTACGCTT,4
CTTGACCCCCTCCAAC,4
CTTGGGCTCTTGATTA,4
CTTTGGCTCTTGATTA,4
CTTTTCTAGTACGTTT,4
GAAAATCCCTATGATG,4
GAAAGTACCTATGATG,4
GAAAGTCCCGTGCAAT,4
GAAAGTCCCTGTGATG,4
GAAATACCCAAATAAC,4
GAACAAACCTGCAAAT,4
GAACCCAGTTCCTGCG,4
GAAGTACGCTGAATTA,4
GAAGTGCGGCTGAAGT,4
GAAGTGCGTATGGAGT,4
GAAGTGCTGCTAAAGT,4
GAAGTGCTGTTGAAGT,4
GAATAAGCCAGCAAGA,4
GAATTGCTGCTGAAGT,4
GACAAAAGGGACACAT,4
GACAAAAGGGACATAC,4
GACAAAAGGGACATGT,4
GACAAGAGGGACATAT,4
GACCACGCAGAAAAAG,4
GACCGCCATCGACTTC,4
GACGGGACGGGCACGT,4
GACTCCTTGTAAGATG,4
GAGAAGACTTTGTGAT,4
GAGAGCTCCAGAAGCG,4
GAGAGCTGCAAAAGCG,4
GAGAGCTGCTGAAGCG,4
GAGCCCTTGTAAGATG,4
GAGCTTGGGGAGAGTC,4
GAGGGCTAGAGATACG,4
GAGGGGATACGTCAAC,4
GAGGGGATACGTCATC,4
GAGGGGTAGACATACG,4
GAGTTAAGAGAAAGTT,4
GATCACGCAGAGAAAG,4
GATCATGCAGAAAAAG,4
GATCGCCACTGATAAT,4
GATCGCCACTTATAAG,4
GATCGCCATCCACTTC,4
GATCGCCATCGACTTG,4
GATCGCCATCGGCTTC,4
GATCGCGATCGACTTC,4
GATCTGGGGGAGAGTC,4
GATCTTCGGGAGAGTC,4
GATCTTGGGGAAAGTC,4
GATCTTGGGGAGACTC,4
GATGCGAGCATGTCAA,4
GATTAAGAGAAGTGCG,4
GATTAAGATGCCCACC,4
GATTACGCAGAAAAAG,4
GATTGAGACGCGCAAG,4
GCAAACAGCGTAGTTG,4
GCAAACAGTGTAGTAG,4
GCAAACGGTGTAGTTG,4
GCAACGAGGGGGAACC,4
GCACCCTCAACTCCTA,4
GCAGCATGCCGGTCAT,4
GCAGCGTGCCGGTCAG,4
GCAGCGTTCCGGTCAT,4
GCATCCTCAACTACTA,4
GCATCCTCAACTCCAA,4
GCATCCTCAACTCTTA,4
GCATCCTCAGCTCCTA,4
GCATGGAAGTAACTCC,4
GCCAGCGCGTATCCCT,4
GCCAGCTCGTACCCCT,4
GCCAGCTCGTATCCTT,4
GCCAGCTCGTATCTCT,4
GCCGCATCCTGGAATG,4
GCCGCTGCGGCGGGTG,4
GCCGGCGTTAGTGTCT,4
GCCTAAGGGATCATGA,4
GCCTGCGTTAGTGTCA,4
GCCTTTGCGCGCAGTT,4
GCCTTTGCGCGCATTC,4
GCCTTTGCGCTCAGTC,4
GCCTTTGCGTGCAGTC,4
GCGAAGCTTCATAGCG,4
GCGAAGTTCCATAGCG,4
GCGAAGTTGCATAGCG,4
GCGATTACTAGCCGGA,4
GCGCATCCTAGTGACG,4
GCGTGGAACTAACTCC,4
GCTACGAGGCTACGTA,4
GCTATTATGACTTCAT,4
GCTATTTACTGAAGGG,4
GCTGGGTTAAGTTGTG,4
GGACCCAGTTCCTGCG,4
GGATAGGTTGGAGGGG,4
GGATCCTCAACTCCTA,4
GGCAAGTGACGGATGG,4
GGCCCATGCTGGGGAT,4
GGCTAACTTTGGAAGC,4
GGGAATCGTCACCGAT,4
GGGGAATCTCCCATAC,4
GGGTGGACGGGCATGG,4
GGTTAACTTCGGAAGC,4
GGTTAATTTTGGAAGC,4
GTAAGATTCATGGAGT,4
GTAAGCAAAGCTGACC,4
GTAAGCCCCGTGCAAT,4
GTAAGCCTCATGGAGT,4
GTAAGCTTCACGGAGT,4
GTAAGCTTCATGTAGT,4
GTAATCTTCATGGAGT,4
GTAATTAGCATGCGGA,4
GTAATTTAAGTATCAA,4
GTACAAACCAGCAAAT,4
GTACAAACTTGCAAAT,4
GTACAAAGCTGCAAAT,4
GTAGAACTGCGGCCGC,4
GTAGAACTGCGGGCCC,4
GTAGAAGTGCGGCCCC,4
GTAGAATCGCAAATTA,4
GTAGATACCAGGACCA,4
GTAGATACTATGACCA,4
GTAGTATCAAGCCGGG,4
GTATAAGCAGGTAAGG,4
GTATTTAACAGACGTA,4
GTCAAGCTACGGATGG,4
GTCAAGTTACAGATGG,4
GTCAAGTTACGGATAG,4
GTCATTTACTGAAGGG,4
GTCGCATCCTCGAATG,4
GTCGCATCCTGGAATA,4
GTCGCCGCTAGTCCGA,4
GTCGCTCCGACACGCC,4
GTCTAAAGGATCATGA,4
GTGAACGAGAAAAGCA,4
GTGAGCAAAGTTGACC,4
GTGAGCTAGAAAAGCA,4
GTGAGCTTCATGGAGT,4
GTGCATCCCAGTGACG,4
GTGCATCCTAGTGACT,4
GTGCATCCTAGTGATG,4
GTGCATCCTATTGACG,4
GTGCGATCGTCCGGAA,4
GTGCGATTGTCCGGAC,4
GTGGTATCAAACCGGG,4
GTGGTATCAAGGCGGG,4
GTTATTATGACCTCAT,4
GTTATTATGACTTCAA,4
GTTGCCCCGACACGCC,4
TAAAAAGACTCCATGA,4
TAAAAAGCCTCCACGA,4
TAAAAAGTCTCCATGA,4
TAAATCGGGGGCTAAA,4
TAACAATGTCATTTGA,4
TAACGACTCGACTAAC,4
TAAGAAGCCAGCAAGA,4
TAATAAGCCGGCAAGA,4
TAATAAGCGAGCAAGA,4
TAATAATAGAACAGAG,4
TACATACAGACGCAGT,4
TACATACCGACACAGT,4
TACATACCGACGCAAT,4
TACATACCGACTCAGT,4
TACATACCGATGCAGT,4
TACCAATGTCATTTGT,4
TACCCAAGGGACGGAC,4
TACCCTGGAAGCCACT,4
TACCTGCCGCGGAACG,4
TACGAATGCCGTTGTC,4
TACGCTGCAAGCCACT,4
TACGGTTCCGACTAAG,4
TACTAATGCCGTCGTC,4
TACTAGCAAGAAAATC,4
TACTGATAACCCTGGG,4
TACTGATAGCCCTGCG,4
TAGCACTGTCGGAAAG,4
TAGTTGATAGTAACTC,4
TATACAAGGGACGGAC,4
TATACTCACGGGGGAT,4
TATATATCCAACACCA,4
TATATTAGTAAAATAA,4
TATCAAGAGAAGTGCG,4
TATCCAAGGGACGAAC,4
TATGTCGTATCCACAC,4
TATTAAGAAAAGTGCG,4
TATTAAGAGAAATGCG,4
TATTAGAGTGAACGAT,4
TATTCCTAACTATCGA,4
TATTGAGCCAGTCTGA,4
TCAACACCCCTAGCTA,4
TCAATCAGGGGCTAAA,4
TCAATCGGGGGCTAAT,4
TCAATCGTGGGCTAAA,4
TCACGAATCGACTAAC,4
TCAGCGTGCCGGTCAT,4
TCAGTCCACCATTGAG,4
TCATGCGTGTACGAGA,4
TCATGGCTGTACGAGA,4
TCATGGGGGGACGAGA,4
TCCACAACCCTAGCTA,4
TCCACACCCCTAACTA,4
TCCACACCCCTAGCTG,4
TCCAGCAATGAGTTGT,4
TCCAGCGCGGTAAGCG,4
TCCAGCGCGGTAAGTG,4
TCCATCAAGTTGGTGC,4
TCCGAATGAATCATCC,4
TCCTGACATAGCGATG,4
TCGAACGAAGTAGAAG,4
TCGAACTCTCGCGGCA,4
TCGACTCACCGAATAA,4
TCGATGACTAGCCGGA,4
TCGATTACCAGCCGGA,4
TCGATTACGAGCCGGA,4
TCGATTACTAGCCGAA,4
TCGATTACTAGCCGGC,4
TCGATTACTAGCGGGA,4
TCGCTCCAACTAAAAA,4
TCGCTTCAACTAAAAG,4
TCGGTTACTAGCCGGA,4
TCGTAGTCCTCGTATG,4
TCGTCCGTTAGGAACT,4
TCGTCGCACTACTGCG,4
TCTAACTCCCGCGGCA,4
TCTACACCCCTAGCTA,4
TCTAGTTAATATGCGC,4
TCTCGTGATACTCACA,4
TCTTAGAGTGAACGAG,4
TCTTAGAGTGAATGAT,4
TCTTAGAGTGAGCGAT,4
TCTTAGTCCACGTATG,4
TCTTATTAGGCGCCAT,4
TCTTGACATAGCCATG,4
TCTTGACATAGCGATC,4
TCTTGACATAGGGATG,4
TCTTTACCACTCCATC,4
TCTTTAGCACTGCATC,4
TGACAACAACACAAAT,4
TGACAACAGTACAAAT,4
TGAGTTCATAGCTACA,4
TGAGTTCATGGCTCCA,4
TGATCCACCCTATAGT,4
TGATCCGTGACATTGC,4
TGATCCTTTACATTTA,4
TGATCTGTGACATTAC,4
TGATCTGTGACATTGA,4
TGATCTTTTACATGTA,4
TGATCTTTTACGTTTA,4
TGCAGTGGTACACATA,4
TGCAGTGGTAGACATA,4
TGCAGTGGTATACATC,4
TGCATAGGGATATGTG,4
TGCGGTGGGCGATCCG,4
TGCGGTGGTCGATTCG,4
TGCTATTCCGGGGCGG,4
TGCTATTCGGGCGCGG,4
TGCTGAGCCAGTCTGA,4
TGGAACGAAGTAGGAG,4
TGGATTACTAGCCGGA,4
TGGCCGGATAAAGTAG,4
TGGTCCGATTCATGCT,4
TGGTCCGCCTCATGCT,4
TGGTCCGCTGCATGCT,4
TGGTCCGCTTCAGGCT,4
TGGTGAGCCAGTCTGA,4
TGTACAGTGTAATCGA,4
TGTCCGGATAAATTAG,4
TGTCCTGATAAAGTAG,4
TGTGGAGCGCCCTTAA,4
TGTGTATCCGGCAGCA,4
TGTGTTGAATAGGCGA,4
TGTTGAGCAAGTCTGA,4
TGTTGTAATCTGAATG,4
TGTTGTAATCTGGATA,4
TGTTGTAATCTTAATA,4
TGTTGTGATCTGAATA,4
TTAATGTATCCGCTCC,4
TTAATTCGCATGCGGA,4
TTACAATTGAAACATA,4
TTACGAACTTGATTCC,4
TTACGAATCTGATTCC,4
TTATATCAGTCGCGCC,4
TTCGTCAAGTTGGTGC,4
TTCTGTCCAGATTCGT,4
TTGAAAAGATCATAAA,4
TTGACTAACCGAATAA,4
TTGAGGGATTCAACTC,4
TTGCAAGTGAAACATA,4
TTGCAATTGAAACATG,4
TTGCATCCTAGTGACG,4
TTGCTCTTGAGTAGTA,4
TTGCTTCAACTAAAAA,4
TTGGGCATTAAATTAA,4
TTGGGGAACGGGAACT,4
TTGGTCACTAAATTAA,4
TTGTACCTGCAGTTGA,4
TTGTATGAGTCGCGCC,4
TTGTGTCAGTCGCGCC,4
TTTACAGAATACTAGA,4
TTTACATCGAGATTCA,4
TTTAGATCCAACACCA,4
TTTATAGCGAGATTCA,4
TTTATATCGAAATTCA,4
TTTATATCGGGATTCA,4
TTTATATGCAACACCA,4
TTTATGTCGAGATTCA,4
TTTCACAGAACCTACC,4
TTTCAGCGTTGCTTTG,4
TTTCCGGATAAAGTAG,4
TTTCGTGACACTCACA,4
TTTCGTGATACTTACA,4
TTTGACAGAACCTATC,4
TTTGAGCGTTGTTTTG,4
TTTTAGCGTTGTTTTG,4
TTTTAGTCCTCGTATG,4
TTTTGAGCCAGTCTGA,4
TTTTGTCCAGACTCGT,4
TTTTTACCACTGCATC,4
TTTTTATCCAACACCA,4
AAAAAGCAGCACGATA,3
AAAATCCCCAAATAAC,3
AAACCCAGCGGGTGAT,3
AAACCCATAAAACCCC,3
AAACCCATAGGACCCC,3
AAACGGTGATGTGATT,3
AAAGAAACTATAACCA,3
AAAGACCTTTAAATCT,3
AAAGACCTTTAACTAT,3
AAAGCCATAAGACCCC,3
AAAGCTCTTTTCATTC,3
AAAGCTCTTTTTGTTC,3
AAAGGAGCGCCTTCAA,3
AAAGGATATATGGCTG,3
AAAGGCGCGCCTTCGA,3
AAAGTACGCTGAATGA,3
AAAGTCGCGCCTTCAA,3
AAAGTGCTGCTGAAGT,3
AAATACCTTTAACTCT,3
AAATGCGTTCATCGAT,3
AAATTCACAATATACA,3
AAATTCACAATATCAA,3
AAATTCACGATATCCA,3
AACAAAAGTCCATGTA,3
AACACAAGTCCATGTA,3
AACACGTAAAACCGCC,3
AACACGTAGAGCCGCC,3
AACAGGTAGAACCGCC,3
AACCAATCTTCGAACT,3
AACCACACCAGAGATG,3
AACCACCCCAGAGATT,3
AACCACGGAGTGACCG,3
AACCAGCGAGTGACCG,3
AACCGTACAGCGTTTA,3
AACCGTACCGCGGTTA,3
AACCGTACCGCGTTTG,3
AACCTACGAGACTTAA,3
AACCTACGAGATGTAA,3
AACCTGCGAGACGTAA,3
AACGACAAACAATAAG,3
AACGACAAACAGTAAA,3
AACGATTCCGACTAAG,3
AACGCGTAGAACCGCC,3
AACGGTTCCGGCTAAG,3
AACTGCGTTAATCGAT,3
AACTGCGTTCATCGTT,3
AACTGCTTTCATCGAT,3
AACTTCCCTGACCGCT,3
AACTTCCCTGAGTGCT,3
AACTTCCCTGGCTGCT,3
AACTTCCGTCACCTGA,3
AACTTCCGTCGCATGA,3
AACTTCCGTCGCCCGA,3
AACTTCCGTCGCCGGA,3
AAGAAGACTTCGTGAT,3
AAGAAGACTTGGTGAT,3
AAGAAGACTTTTTGAT,3
AAGAAGCTATAGAAGC,3
AAGACGACTTTGTGAT,3
AAGATTGAGGGAAGTT,3
AAGATTGATCGAAGTT,3
AAGATTGATTGAAGCT,3
AAGATTGATTGAAGTC,3
AAGATTGATTGAATTT,3
AAGCCCAGCGGTTGAT,3
AAGCCCAGTGGGTGAT,3
AAGCCCGTAAGGACTA,3
AAGCGATGATGTGATT,3
AAGCGCTGGCACCCGT,3
AAGCGGGGAGGTGATT,3
AAGCGGGGATGTGAGT,3
AAGCGGTGATCTGATT,3
AAGCGGTGATGTGATA,3
AAGGAGACTTTGTGAT,3
AAGGAGCCTCATAATG,3
AAGGAGCTATAGAAGT,3
AAGGGCGCGCCTTCAA,3
AAGGGGCCCCATAATG,3
AAGGGGCCTCATAAAG,3
AAGGGGCCTCATAAGG,3
AAGGGGCCTCATAATA,3
AAGGGGCCTCATAATT,3
AAGGGGCCTTATAATG,3
AAGGTAAGAGAAAGTT,3
AAGGTAGCAGAGGATT,3
AAGGTCCCTACGTAAT,3
AAGGTCCCTATGTAAA,3
AAGGTCCCTATGTAAC,3
AAGGTTGTGAGGGAAG,3
AAGTATTGCTACACAG,3
AAGTGAAGAGAAAGTT,3
AAGTGGCCTCATAATG,3
AAGTTAAGAGAAAGTC,3
AAGTTAGTAGAACCAC,3
AAGTTAGTAGACCCGC,3
AAGTTAGTAGACTCAC,3
AATAAGCTATAGAAGT,3
AATAGGGCTACGTGAG,3
AATCACGCAGAAAAAG,3
AATCGCAGGCACCCGT,3
AATCGCTCGCACCCGT,3
AATCGCTGCCACCCGT,3
AATCGCTGGCACGCGT,3
AATCGTTGGCACCCGT,3
AATCTACGAGACGTAA,3
AATGAAAGAATCGAAC,3
AATGCGAGCATATCAA,3
AATGCGAGCATGCCAA,3
AATGCGAGCATGTCGA,3
AATGCGAGCATGTTAA,3
AATGCGAGCATTTCAA,3
AATGTCGTATCCACAG,3
AATTCCATAGGCATGG,3
AATTCGTCAGTACTAG,3
AATTCGTGAGTGCTAG,3
AATTGGTGAGTACTAG,3
AATTTAAGAGAAAGTT,3
ACAAAGCCTCGAGAAG,3
ACAAAGTCTCGAAAAG,3
ACAAAGTCTCGGGAAG,3
ACAAGATACGGGGGAC,3
ACAAGCTGAACCATAC,3
ACAAGGTTCGGGGGAC,3
ACAATCTCAACCATAC,3
ACAATCTGAACCATAG,3
ACAATCTGAAGCATAC,3
ACAATCTGAATCATAC,3
ACACACGCATGTGCCA,3
ACACAGGTTGGCTGTA,3
ACACGGGGTGGCGGTA,3
ACACGGGTCGGCTGTA,3
ACACGGGTGGGCTGTA,3
ACACGGGTTGGCTCTA,3
ACACTTTCCAATAGGT,3
ACAGTACGATATACGC,3
ACAGTCCGAACCATAC,3
ACAGTCCGCCATTGAG,3
ACCAGCAATCAGTTGT,3
ACCAGGAATGAGTTGT,3
ACCATCTAACAGATAG,3
ACCCCCGGACCTTGGC,3
ACCCCCGGAGCTTAGC,3
ACCCCCGGAGTTTGGC,3
ACCCCCGGGGCTTGGC,3
ACCCCGCTGTTTAAAA,3
ACCCTGGCTCGCTAAT,3
ACCGAATGAATCAGCC,3
ACCGAATGAATCATCG,3
ACCGGAAGTTACCAAG,3
ACCGGAAGTTGACAAG,3
ACCGGAATTTGCCAAG,3
ACCGTTGTACACAACA,3
ACCGTTGTACACATCA,3
ACCTCCGGAGCTTGGC,3
ACCTTTACGGATCTCT,3
ACGATCTGAACCATAC,3
ACGGAGATTGGCTGTT,3
ACGGATTCACGAATAA,3
ACGGCCATTAAGATCA,3
ACGGGGATTGGCTCTT,3
ACGGTGATTGGCTGTT,3
ACGTATGAGTTTCGAG,3
ACGTATGATTTCCGAG,3
ACGTCCATGAAGATCA,3
ACGTCCATTAAGACCA,3
ACGTCCATTAAGATCT,3
ACGTCCATTAAGATGA,3
ACGTCCATTAGGATCA,3
ACGTGTCTCCAAGCAA,3
ACTACGAGACTACGTA,3
ACTACGAGGCTACGTT,3
ACTACGAGGTTACGTA,3
ACTATCATATCTAATA,3
ACTCTGGCTCGCTAAA,3
ACTGGAAGTTGCCAAG,3
ACTTGACATAGCGATG,3
ACTTTTCTATGGCTAC,3
AGAAAATCTCACATAC,3
AGAAAATCTCAGAAAC,3
AGAAAATCTCAGATCG,3
AGAAGATTCGGGGGAC,3
AGACCATAGCACCCAA,3
AGACCATCGAACCCAA,3
AGACCATCGCACCAAA,3
AGACCATCGCACCCAT,3
AGACCGCCAGTTTCAT,3
AGACCGCTAGTTTCGT,3
AGACGGGTTGGCTGTA,3
AGAGCCAAAAAGAGGA,3
AGAGCTAAAAGGAGGA,3
AGAGCTAAAGAGAGGA,3
AGAGCTAAGAAGAGGA,3
AGAGGCGCGCCTTCAA,3
AGATAAAAAACTTAGT,3
AGATCCAACCTATAGT,3
AGATCCACCCGATAGT,3
AGATCCCACGTCCTTT,3
AGATCCCAGGTGCTTT,3
AGATCTAAAAAGAGGA,3
AGCACAGGGATATGTG,3
AGCAGCGAACAGATAG,3
AGCAGGATAATCGCGC,3
AGCATAAGGATATGTG,3
AGCATAGGGATAGGGG,3
AGCATCTTACAGATAG,3
AGCCAATGCTGGGGAT,3
AGCCCATACTGGGGAT,3
AGCCCATGATGGGGAT,3
AGCCCATGCTGGTGAT,3
AGCCCATGCTGTGGAT,3
AGCCCCGGAGCTTGGC,3
AGCGACATCACCCTTT,3
AGCTCCTAGGGTATCA,3
AGCTGAATTAAGTAGG,3
AGCTGAATTAGGTATG,3
AGGAAAGAAACAGGAG,3
AGGAAAGAAACTAGAG,3
AGGAAAGAAACTCGAG,3
AGGAAAGAAACTGTAG,3
AGGAAGGAAACTGGAG,3
AGGACTAGAGTTGGCA,3
AGGAGTAAGAAGAGCG,3
AGGAGTACGAAGAGCG,3
AGGAGTATGAAGAACG,3
AGGCCAGGGAATCAAA,3
AGGCCCGTAAGGACTC,3
AGGCCTGTAAGGACTA,3
AGGGAAGAAACTGGAG,3
AGGGGAGTGGAGAAAC,3
AGGGGGATTGGCTGTT,3
AGGGGTGAATAGGCGA,3
AGGTCCAGACTCTTGC,3
AGGTCCGCTTCATGCT,3
AGGTGGACGGGCACGG,3
AGGTGGACGGGCATTG,3
AGGTGGATGGGCATGG,3
AGGTGTCTCCGAGCAA,3
AGGTTCAGACTCCTGC,3
AGGTTCTGACTCTTGC,3
AGTAAACATGCACTGG,3
AGTAAACATGCATGGG,3
AGTACGAGGCTACGTA,3
AGTACGTATGTCCCAG,3
AGTAGATTATAACGTA,3
AGTATCTGCGCTTCAA,3
AGTATTTGCGCTTCTA,3
AGTATTTGGGCTTCAA,3
AGTCCATGCTGGGGAT,3
AGTCCTATCCCCAAAT,3
AGTCCTATCCTCAAAC,3
AGTCCTGTCCTCAAAT,3
AGTCGGTTAGATAGTT,3
AGTCGTTTAGATAATT,3
AGTGAGAATGGGGGAG,3
AGTGCCATAGGCATGG,3
AGTGGTGGCTTGGGGA,3
AGTGTGGAAGAGGCGA,3
AGTGTTGGCTGGGTTA,3
AGTGTTGGCTTGGCTA,3
AGTGTTGGCTTGGTCA,3
AGTTAACTTTGGAAGC,3
AGTTCCATAGGCAGGG,3
AGTTCCATATGCATGG,3
AGTTGGAGTCTCCCTT,3
AGTTTTTATAAATTGC,3
AGTTTTTATAACTTGA,3
ATAAAATCGCAAATTA,3
ATAACCGAGGGCATTG,3
ATAACGGTTGTGCAAA,3
ATAACGTCTGTGCAAA,3
ATAACGTTTGTGGAAA,3
ATAACTGAGGGCATGG,3
ATAACTGAGGGCATTA,3
ATAACTGAGGTCATTG,3
ATAAGGTTTGTGCAAA,3
ATACAAAAAACCTAGT,3
ATACACGAGGTCGTGA,3
ATACACGCATGCGCCA,3
ATACACGTATGTGCCA,3
ATACCATCGCACCCAA,3
ATACGATTTAAAGGCA,3
ATAGAAAATTATACGC,3
ATAGAAAATTATTCGC,3
ATAGAAAATTGTCCGC,3
ATAGAACCGCAAATTA,3
ATAGAATCGGAAATTA,3
ATAGAGTCGCAAATTA,3
ATAGCTAAAAAGAGGA,3
ATAGCTGAGGGCATTG,3
ATAGGACATATGGCTG,3
ATAGGAGATATGGCTG,3
ATAGGATATAAGGCTG,3
ATAGGATATATAGCTG,3
ATAGGATATATGGCTC,3
ATAGGGTATATGGCTG,3
ATATAAGAAACTTAGT,3
ATATACGCATGTGCCA,3
ATCAAGTTACGGATGG,3
ATCAGGATAACCGCGC,3
ATCAGGATAATCGCCC,3
ATCAGGATAATCGCGG,3
ATCTTTCTATGGCTAC,3
ATGACTGAGGGCATTG,3
ATGAGGATAATCGCGC,3
ATGAGGGGGACGGGAG,3
ATGAGTATGAAGAGCG,3
ATGCTCCTGAGTAGTA,3
ATGGCACACGGGCATA,3
ATGGCCAACGGGCATA,3
ATGGCCCAAGGGCATA,3
ATGGCCCACAGGCATA,3
ATGGGCACTAAATTAA,3
ATGGTTCTACGTCCAT,3
ATGGTTTTACGTACAT,3
ATGGTTTTATGTCCAT,3
ATGTATGATTTTCGAG,3
ATTACATTATAACGTA,3
ATTACTGCGCGAGAGT,3
ATTAGATGATAACGTA,3
ATTAGATTATAAAGTA,3
ATTAGATTATAACGCA,3
ATTAGATTATAGCGTA,3
ATTAGCATATCTAATA,3
ATTAGGGCTACGTAAG,3
ATTAGGGCTACGTCAG,3
ATTAGGGCTAGGTGAG,3
ATTATCATATCTTATA,3
ATTCCGAAGGGGGGAG,3
ATTCCGAATGGGGTTG,3
ATTCGTGATACTCACA,3
ATTCTGGCTCGCTAAT,3
ATTGAAATTCGAGGAC,3
ATTTAAATTCGAGCAC,3
ATTTAAATTCGAGGGC,3
ATTTAAATTGGAGGAC,3
ATTTAAGTTCGAGGAC,3
ATTTAATCATTATACG,3
ATTTACTCATCATACG,3
ATTTACTCATTAGACG,3
ATTTACTCATTATATG,3
ATTTACTCATTGTACG,3
ATTTTCCTATGGCTAC,3
ATTTTTCCATGGCTAC,3
ATTTTTCTATGACTAC,3
CAAAAGCAGCACTATA,3
CAAAAGCAGCATGATA,3
CAAAATCTACGGCGGC,3
CAAAATCTACGGGGAC,3
CAAAGCCCCGTGCAAT,3
CAAATGCTGCATCAGG,3
CAAATGCTGCATTACG,3
CAACTCCACGGACGCC,3
CAATATTGCCCGGAAG,3
CAATTAGAAATACATC,3
CAATTCGCCATTCCCC,3
CAATTCGCTGTTCCCC,3
CAATTCTCCGTTCCCC,3
CAATTTAACAGACGTA,3
CACAAATCTTCGAACT,3
CACAACCTCGTTGTCT,3
CACCAATCTCCGAACT,3
CACCAATCTTCGAAAT,3
CACCATCAGCACTTAG,3
CACCATCAGCGCCTAG,3
CACCGCACCGAGCACC,3
CACCGCCCCGAGCACC,3
CACCGCGACGAGCACC,3
CACCGCGCCGAACACC,3
CACCGCGCCGATCACC,3
CACCTAGGATCGCACA,3
CACCTAGGATCGCGCC,3
CACCTAGGATTGCACT,3
CACCTGCTGCGGAACG,3
CACCTGGGATCGCACT,3
CACGGCCGCCGAACTC,3
CACGGGCTAACGTCTC,3
CACTAGATATACAGTC,3
CACTAGATCTACAGTC,3
CACTAGATGTACAGTA,3
CACTAGATGTAGAGTC,3
CACTGATAACCCTGCG,3
CACTTCTGATGAATTG,3
CAGAACTTATCTGTGG,3
CAGAATCTACGGCGAC,3
CAGAATCTCGTTGTCT,3
CAGACAGAGTTTGTTG,3
CAGATAAGATAGAGAC,3
CAGATAGTGAGGAACA,3
CAGATAGTGATGGACA,3
CAGATATTGATGAACA,3
CAGATGGTGATGAACA,3
CAGCCAGGGAATCAAA,3
CAGGAACATACATAAC,3
CAGGCCCTAGAGCTCT,3
CAGGCTAGAGAGCTCT,3
CAGGCTCTAGAGCCCT,3
CAGGGACAAGATTGTA,3
CAGGGGAATTGCCACT,3
CAGGGGATACGTCACC,3
CAGGTAGTGATGAACA,3
CAGGTGGAGCCCAACA,3
CATAAAAGACTTTATA,3
CATACAGAGTCTGTTG,3
CATACAGAGTTTGATG,3
CATACAGAGTTTGTCG,3
CATACTCACGGAGGAT,3
CATGGAGACGCGCAAG,3
CATGGGAATCGCCACT,3
CATGGGAATTGCTACT,3
CATGGGAGTTGCCACT,3
CATGGGCTAATGTCTC,3
CATGTGAATTGCCACT,3
CATGTGGAACCCAACA,3
CATGTGGAGCCCAACC,3
CATGTGGAGCCCATCA,3
CATGTGGAGCCGAACA,3
CATGTGGAGCTCAACA,3
CATTAAGAGAAGTGCG,3
CATTAGATGTACAGTC,3
CATTCCTAACTAGCGA,3
CATTCCTGATGAATTG,3
CATTGAGACCCGCAAG,3
CATTGAGACGCGCAAC,3
CATTGAGAGGCGCAAG,3
CATTTCTGATGAATTA,3
CCAAACTTGGCGCATC,3
CCAACACAAGAAATTA,3
CCAACCCCAGCCTTTA,3
CCAAGCCTGGCGCATC,3
CCAGGGACCAAAACTG,3
CCCAATGTCGTAGGAT,3
CCCCCGTGGTTTGACA,3
CCCCTCATCTAAAGTT,3
CCCCTCCGCTAAAGTT,3
CCCCTTACGGATCTCT,3
CCCGATAAATCAGAAC,3
CCCTATAAAATAAGCT,3
CCCTCTACGGATCTCT,3
CCCTGCGCGGCACGGG,3
CCCTGCGCGGCGCGGG,3
CCCTTCCTCTAAAGTT,3
CCCTTTACGGATCGCT,3
CCCTTTACGGGTCTCT,3
CCGAACTTGTCGATAT,3
CCGAGCTGCCAATAAG,3
CCGCATTAGCAGGAGG,3
CCGCATTAGCGGGGGG,3
CCGGACAAATCAGAAC,3
CCGGATAAATCAAAAC,3
CCGGGACAAGATTGTA,3
CCGTATGAAATAAGCT,3
CCGTGCGCGGCTCGGG,3
CCTACTGCGCGAGAGT,3
CCTAGGTTAAGTTGTG,3
CCTGGGGGAAGGGGTG,3
CCTTAGAGTGAACGAT,3
CCTTATGAAATAAGCT,3
CCTTTATCAAAACATA,3
CCTTTCTCAAAACAGA,3
CGAAACACGTCACAGT,3
CGAAACATGTCCCAGT,3
CGAACCGGAGACACGT,3
CGAACGGCAGACACGT,3
CGAACTGCAGACACGT,3
CGAAGCACGTCCCAGT,3
CGAAGCATTGGTCGCC,3
CGAATCGCAGACACGT,3
CGACCCCACGGACGCC,3
CGACTCCACAGACGCC,3
CGACTCCACGGACGAC,3
CGAGAACATACATAAC,3
CGAGCACAGCGTAGGC,3
CGAGGACAAGATTGTA,3
CGATCGGGACTCATCT,3
CGATCTTTAAGAAAAA,3
CGATCTTTATGAAAAA,3
CGATTCCACGGACGCC,3
CGCACAGTGTAATCGA,3
CGCACGTTACGAGACA,3
CGCACTTTACAAGACA,3
CGCACTTTACGAGACT,3
CGCACTTTACGAGATA,3
CGCACTTTGCGAGACA,3
CGCCAATCTTCGAACT,3
CGCGACACCCTTTCGG,3
CGCGACATCCTTCCGG,3
CGCGGTGGTCGATCCG,3
CGCTATGAAATAAGCT,3
CGGAAACATACATAAC,3
CGGACCCGAGAGGGTA,3
CGGACCCGAGATGGGA,3
CGGACCCTACATGGTA,3
CGGACCCTAGATGCTA,3
CGGACCCTTGATGGTA,3
CGGACCGCAGACACGT,3
CGGACGTATGTCCCAG,3
CGGAGCTGCCAATAAG,3
CGGCCAGGAAATCAAA,3
CGGCCAGGGAAGCAAA,3
CGGCCAGGGAATCAGA,3
CGGCCAGGGGATCAAA,3
CGGCTAGGGAATCAAA,3
CGGGAAATATAAATGA,3
CGGGAAATGCAAATGA,3
CGGGAACAAGATTGTA,3
CGGGAACATACATAGC,3
CGGGAACATGCATAAC,3
CGGGAAGCTCCCATAC,3
CGGGAAGTGTAAATGA,3
CGGGAATTTCCCATAC,3
CGGGACCCCCTCCAAC,3
CGGGAGTCTCCCATAC,3
CGGGCGGGACTCATCT,3
CGGGGACAAGAGTGTA,3
CGGGGACAGGATTGTA,3
CGGGGATCTCCCATAC,3
CGGTCGAGACTCATCT,3
CGGTCGGGACCCATCT,3
CGTACAGAATACTAGA,3
CGTACGTATGTCCCAC,3
CGTGACCACCTCCAAC,3
CGTGACCCCCTCCATC,3
CGTGCAGCGATAACGG,3
CGTGCGTATGTCCCAG,3
CGTGTAGCCTTCAGCA,3
CGTTAAAGGCCTATCC,3
CGTTAACGACCTATCC,3
CGTTCAGCGACAACGG,3
CGTTGAGACGCGCAAG,3
CGTTTAGCGATAACGG,3
CTAATTTAAGTATGAA,3
CTACCCAGTTCCTGCG,3
CTACTAGGGGACGATT,3
CTAGATACTAGGACCA,3
CTAGCACAGCGTAGGG,3
CTAGCATAGCGTAGGC,3
CTATAAACCATTTGTA,3
CTATAAATCGTTTGTA,3
CTATAAGCCGTTTGTA,3
CTATAGTGCCCGGAAG,3
CTATATCGCCCGGAAG,3
CTATATTGCCGGGAAG,3
CTATCTAAATCTACAG,3
CTATCTAACAGACGTA,3
CTATGTAACAGACGTA,3
CTATTTAACAGACCTA,3
CTATTTAAGAGACGTA,3
CTCAAATAAGTGGCGC,3
CTCAAATAGTTGGCGC,3
CTCAACTTATCTGTGG,3
CTCAATGTCGTAAGAT,3
CTCAATTTCGTAGGAT,3
CTCAGCATTGGTCGCC,3
CTCCCAGGGGACGATT,3
CTCCTAGGGGACAATT,3
CTCCTAGGGGACGATG,3
CTCGAATAATTGGCGC,3
CTCGAGGCCTGGCCCC,3
CTCTAAATTATAGTCT,3
CTCTATGAAATAAGCT,3
CTCTGCGCGGCTCGGG,3
CTCTTACGCTCCCACG,3
CTCTTTACGGATCTCT,3
CTGAACCTCGTTGTCT,3
CTGAACGTGTCGATAT,3
CTGAACTCGTCGATAT,3
CTGAACTTATCGGTGG,3
CTGAACTTATTTGTGG,3
CTGAGCGAGAAAAGCA,3
CTGAGCGGCCAAGAAG,3
CTGAGCTGTCAATAAG,3
CTGAGCTTGTCGATAT,3
CTGAGGAATTCAACTC,3
CTGAGGGATTCAATTC,3
CTGCAGGCCTGGCCCC,3
CTGGACTTGTCGATAT,3
CTGGAGACCTGGCCCC,3
CTGGAGGCCTGGCCTC,3
CTGTAAACCGTTTGTA,3
CTGTAACTGCAGTTGA,3
CTGTATCAGTCGCGCC,3
CTGTGGGATTCAACTC,3
CTTAAGTATTATATGC,3
CTTAATGCGCGAGAGT,3
CTTACAAAATACTAGA,3
CTTACAGAACACTAGA,3
CTTACAGAATACTTGA,3
CTTACAGTGTAATCGA,3
CTTACGTATGTCCCAG,3
CTTACTGCTCGAGAGT,3
CTTAGGGATTATATGC,3
CTTAGGTATTACACGC,3
CTTAGGTATTACGTGC,3
CTTATATCGAGATTCA,3
CTTCAAATTATAGTCT,3
CTTCACAGAACCTATC,3
CTTCAGCGTTGTTTTG,3
CTTCGGCTCATGATTA,3
CTTCGGCTCTTGATTT,3
CTTTAAATTATAGTCC,3
CTTTAAATTATAGTCG,3
CTTTAACGGCCTATCC,3
CTTTTCTAGTACACTT,3
CTTTTTAACAGACGTA,3
GAAAGCCCCGCGCAAT,3
GAAAGCCCCGTGAAAT,3
GAAAGCCCCGTGCAAA,3
GAAAGCCCCGTGCGAT,3
GAAAGTCCCGATGATG,3
GAAATCCCCAGATAAC,3
GAAGGCGCGCCTTCAA,3
GAAGGGATACGTCACC,3
GAAGGGCGTATTGAGT,3
GAAGTACGCTGAATGT,3
GAAGTACGCTGAGTGA,3
GAAGTACGTTGAATGA,3
GAAGTCCTGCTGAAGT,3
GAAGTGCGCTGAATGA,3
GAAGTGCGTACTGAGT,3
GAATGTTTAATAGACG,3
GACAAAAGAGACATAT,3
GACAAAAGGAACATAT,3
GACAAAAGGGAGATAT,3
GACAGAAGGGACATAT,3
GACAGGATGGGCACGT,3
GACCCCTCGTAAGATG,3
GACCCCTTATAAGATG,3
GACTGATAACCCTGCG,3
GAGAAAAGGGACATAT,3
GAGAGCCCCGTGCAAT,3
GAGAGCTGCAGAAACG,3
GAGAGCTGCAGGAGCG,3
GAGAGGTGCAGAAGCG,3
GAGATCCCCAAATAAC,3
GAGCATTGTCGGAAAG,3
GAGCGCCATCGACTTC,3
GAGCTTGCTATTGATC,3
GAGGCGATACGTCACC,3
GAGGGGAACGGGAAGC,3
GAGGGGATAAGGCACC,3
GAGGGGATACGCCACC,3
GAGGGGATACGTTACC,3
GAGGGGTAGAGATTCA,3
GAGGGGTTGAGATACG,3
GAGGTGATACGTCACC,3
GAGTTAGTAGACCCAC,3
GATCACGCAGAAAAAT,3
GATCCCCATCGACTTC,3
GATCCCTTGTAAGATG,3
GATCGCCACCGACTTC,3
GATCGCCACGGATAAG,3
GATCGCCAGCGACTTC,3
GATCGCGCAGAAAAAG,3
GATCGGCATCGACTTC,3
GATCTTGGGAAGAGTC,3
GATTAAGAGAAGGGCG,3
GATTCAGATGACCACC,3
GATTCAGATGCCCACT,3
GATTCAGATGCCCGCC,3
GATTTTGGGGAGAGTC,3
GCAAACAGTGAAGTTG,3
GCAAACAGTGTAGCTG,3
GCAAAGTTTCATAGCG,3
GCAAATAGTGTAGTTG,3
GCAACAAGGTGTAACC,3
GCAACGAGGTCTAACC,3
GCAAGCAGTGTAGTTG,3
GCAAGGAGGTGTAACC,3
GCAATTTACTGAAGGG,3
GCAGCGCGCCGGTCAT,3
GCAGCTGCGGCGTGTG,3
GCAGGGAACTAACTCC,3
GCATCCTTAACTCCTA,3
GCATGCAACTAACTCC,3
GCATGGAACTAATTCC,3
GCCACTTACTGAAGGG,3
GCCAGCTCGTAGCCCT,3
GCCATTTAATGAAGGG,3
GCCATTTACTGAAGAG,3
GCCATTTACTGAAGTG,3
GCCCCCGGAGCTTGGC,3
GCCGCCGCGGCGTGTG,3
GCCGCTGCGGAGTGTG,3
GCCGCTGCGGCGTATG,3
GCCGGCGTTAGTATCA,3
GCCGGCGTTAGTGCCA,3
GCCGGCGTTATTGTCA,3
GCCTAAAGGATCAGGA,3
GCCTAAAGGATCATAA,3
GCCTAAAGGATCATGT,3
GCCTCTGCGGCGTGTG,3
GCCTTTGCACGCAGTC,3
GCCTTTGCGCGTAGTC,3
GCCTTTTCGCGCAGTC,3
GCGAAGTCTCATAGCG,3
GCGAAGTTTCAGAGCG,3
GCGAAGTTTTATAGCG,3
GCGACGAGGTGTAACC,3
GCGGCGTGCCGGTCAT,3
GCGGGGTGAGCGGGGG,3
GCGTCGCACTACTGCT,3
GCTTAACTTTGGAAGC,3
GGAAAACATTACAAAT,3
GGAAACAGTGTAGTTG,3
GGAACGAGGTGTAACC,3
GGACAACAATACAAAT,3
GGACCATCGCACCCAA,3
GGACGAATGGGATTCC,3
GGAGTACGCTGAATGA,3
GGAGTTCATAGCTCCA,3
GGCCCCTTGTAAGATG,3
GGCGCATCCTGGAATG,3
GGGAAGTTTCATAGCG,3
GGGAGCGAGAAAAGCA,3
GGGCTTGCTATGGATC,3
GGGGGACAAGATTGTA,3
GGGTCGGGACTCATCT,3
GGTAATAGGCGTCACA,3
GGTAGATGGAACACGG,3
GGTATATCCAACACCA,3
GGTCGATCTCAGATCG,3
GGTGCATCTCAGATCG,3
GGTTAACTTTGAAAGC,3
GTAAACAGTGTAGTTG,3
GTAAGCGAGAAAAGCA,3
GTAAGCTCCATGGAGT,3
GTAAGCTGCATGGAGT,3
GTAAGGAAAGTTGACC,3
GTAATTCGCATGCAGA,3
GTAATTCGCATTCGGA,3
GTACAAACCTCCAAAT,3
GTACAAACCTGCTAAT,3
GTACCCAGTTCCTCCG,3
GTACCCCGTTCCTGCG,3
GTACGCAGTTCCTGCG,3
GTACTCAGTTCCTGCG,3
GTAGATACGAGGACCA,3
GTAGATACTAGGAACA,3
GTAGATACTAGGGCCA,3
GTAGATATTAGGACCA,3
GTAGCACAGCGTAGGC,3
GTAGCATCCTGGAATG,3
GTATAAAGGGGCAGGG,3
GTCAAGTTACGGATCG,3
GTCAAGTTACGGATTG,3
GTCAAGTTACGGGTGG,3
GTCAAGTTAGGGATGG,3
GTCATTATGACTTCAT,3
GTCCGTCAGAATAAAC,3
GTCCGTCAGCATAAAA,3
GTCCGTCAGCATAGAC,3
GTCCGTCAGCGTAAAC,3
GTCGCATCCTGGAGTG,3
GTCGCCGGTAATCCGA,3
GTCTTTGCGCGCAGTC,3
GTGAACTTGTCGATAT,3
GTGAAGTTACGGATGG,3
GTGAGCGAGAAAAGCT,3
GTGAGCGAGAAAAGGA,3
GTGAGCTGCAGAAGCG,3
GTGAGGGATTCAACTC,3
GTGCATCCTAGTGACA,3
GTGCGATGGGCCGGAA,3
GTGCGATTGTCCGGCA,3
GTGCGTTTGTCCGGAA,3
GTGCTATCAAGCCGGG,3
GTGCTCCTGAGTAGTA,3
GTGGTATCACGCCGGG,3
GTGGTATCATGCCGGG,3
GTTAAGTTACGGATGG,3
GTTATTATGACTTTAT,3
GTTGCTCCCACACGCC,3
GTTGCTCCGACACCCC,3
GTTGCTCCGACGCGCC,3
GTTGCTCCGGCACGCC,3
GTTGCTTCGACACGCC,3
GTTGTTATGACTTCAT,3
GTTGTTCCGACACGCC,3
TAAAAAGCCTCAATGA,3
TAAAAAGCCTCCATTA,3
TAAAAAGCCTCCGTGA,3
TAAAAGGCCTCCATGA,3
TAAAATCTACGGCGAC,3
TAACGTCATTTCTCGA,3
TAACGTGATCTCTCGA,3
TAACGTGATTTTTCGA,3
TAAGTGCGTATTGAGT,3
TAATAAACCAGCAAGA,3
TAATAAGCCAGCAGGA,3
TACAAGAGAGGAGTCC,3
TACACACCCCTAGCTA,3
TACACACCGACGCAGT,3
TACATACCGACGCGGT,3
TACATGCCGACGCAGT,3
TACCAACGTCATTTGA,3
TACCAATGCCGTTGTC,3
TACCAATTTCATTTGA,3
TACCCGTGGTTTGACA,3
TACCCTGCAACCCACT,3
TACCCTGCAAGCTACT,3
TACCCTGCAAGGCACT,3
TACCGTGCAAGCCACT,3
TACCTGCGGCGGAACG,3
TACCTGCTGCGGAATG,3
TACGAGCAATAAAATC,3
TACTAATGCCGTTATC,3
TACTAGCAATAAAAGC,3
TACTAGCAATAAAATA,3
TACTAGTGCCGTTGTC,3
TACTGAGAACCCTGCG,3
TACTGATAACCCAGCG,3
TAGAAAGCCTCCATGA,3
TAGAGTTAATATGCGC,3
TAGCATTGCCGGAAAG,3
TAGCATTGTCGGAAAA,3
TAGCTGATAGTAACAC,3
TATACTCAAGGAGGAT,3
TATATTAGTAACATAG,3
TATATTATTAACATAA,3
TATATTCACGGAGGAT,3
TATCCAAGGGACGTAC,3
TATCCGGATAAAGTAG,3
TATGTCGTATCCACCG,3
TATTAAGAGAAGCGCG,3
TATTAAGAGAATTGCG,3
TATTAAGATAAGTGCG,3
TATTCAGATGCCCACC,3
TATTCCTAACTAGCTA,3
TCAATCGGGGGCCAAA,3
TCAATCGGGGGCTATA,3
TCAATCGGGTGCTAAA,3
TCAATTGGGGGCTAAA,3
TCATATTAGGCGGCAT,3
TCATCGGTGTACGAGA,3
TCATGGGTGTACGACA,3
TCATGGGTGTACGATT,3
TCATGGGTGTACGTGA,3
TCCAACGAAGTAGGAG,3
TCCACACCCCTAGATA,3
TCCACACCCCTAGCCA,3
TCCACACCCCTGGCTA,3
TCCACACCTCTAGCTA,3
TCCAGCGCGCTAAGAG,3
TCCAGCGCGGCTCGGG,3
TCCAGCGCGGTAACAG,3
TCCAGTGGTATACATA,3
TCCATACCCCTAGCTA,3
TCCCCGTGGGTTGACA,3
TCCCCTTGGTTTGACA,3
TCCCTCCTCTAAAGTT,3
TCCGATTCACGAATAA,3
TCGAACGAAATAGGAG,3
TCGAACGAAGTAGGAA,3
TCGAACGAAGTAGGAT,3
TCGAATACTAGCCGGA,3
TCGAGTTAATATGCAC,3
TCGAGTTAGTATGCGC,3
TCGATCGGGGGCTAAA,3
TCGATTTAATATGCGC,3
TCGCTCCTGAGTAGTA,3
TCGCTGCAACTAAAAA,3
TCGCTTCAACTAAAAT,3
TCGCTTCAACTAAGAA,3
TCGCTTTAACTAAAAA,3
TCGTCCGTTGCGAACT,3
TCGTCCGTTGGGAAGT,3
TCGTCGCACCACTGCT,3
TCGTCGCACTACTGCA,3
TCGTCGCACTGCTGCT,3
TCTAACTCTCGCGCCA,3
TCTAACTCTGGCGGCA,3
TCTCAGCTCTTAGTCG,3
TCTCATCTCTTAGCCG,3
TCTCGGCTCTTAGCCG,3
TCTCTACCACTGCATC,3
TCTGGAAACGATCCCT,3
TCTTAGAGGGAACGAT,3
TCTTAGAGTAAACGAT,3
TCTTAGAGTGAAAGAT,3
TCTTAGAGTGAACGAA,3
TCTTAGAGTGAACTAT,3
TCTTAGGGTGAACGAT,3
TCTTAGTTCTCGTATG,3
TCTTATTAAGCGGCAT,3
TCTTATTAGGCGGCTT,3
TCTTGACATAGCGTTG,3
TCTTTACCACTGCAGC,3
TCTTTACCACTGCATT,3
TGAAACACGTCCCAGT,3
TGACAACAATACAAGT,3
TGACAACAATACATAT,3
TGACAACAATACGAAT,3
TGACAACAATATAAAT,3
TGACAACATTACAAAT,3
TGACGAATTTGATTCC,3
TGAGTTCGTAGCTCCA,3
TGAGTTTATAGCTCCA,3
TGATCGTTTACATTTA,3
TGATCTGTGACATTTC,3
TGATCTTGTACATTTA,3
TGATCTTTACGAAAAA,3
TGATCTTTTACAGTTA,3
TGATCTTTTACATCTA,3
TGCAGTAGTATACATA,3
TGCCCGGATAAAGTAG,3
TGCGATGGTCGATCCG,3
TGCGGTGATCGATCCG,3
TGCGGTGCTCGATCCG,3
TGCGGTGGCCGATCCG,3
TGCGGTGGGCGAGCCG,3
TGCTAATGCCGTTGTC,3
TGCTATGCCGGCGCGG,3
TGCTATTCCGGCGGGG,3
TGGAATCGTCACCGAC,3
TGGAATCGTCGCCGAT,3
TGGACTATAGTTGGCA,3
TGGCTGATAGTAACTC,3
TGGGGAGCGCCCTTAC,3
TGGGGTGGTCGATCCG,3
TGGTCCGCTTAATGCT,3
TGGTCCGCTTCACGCT,3
TGGTCCGCTTCATCCT,3
TGGTCCGCTTCATGAT,3
TGGTCCGTTGGGAACT,3
TGGTCGCACTACTGCT,3
TGTAATAGGCCTCACA,3
TGTAATAGGCGTCACC,3
TGTAATATGCGTCACA,3
TGTACTCACGGAGGAT,3
TGTCAGCGTTGTTTTG,3
TGTCCGGAGAAAGTAG,3
TGTCCGGATGAAGTAG,3
TGTCGAGCCAGTCTGA,3
TGTGGAGCGCCTTTAC,3
TGTGTAGCGCCCTTAC,3
TGTTGAGCTAGTCTGA,3
TGTTGTAATCTGAGTA,3
TGTTTTAATCTGAATA,3
TTAAGCAAAGTTGACC,3
TTAATGTAGACGCTCC,3
TTAATGTGGCCGCTCC,3
TTACCTGTAGAGCGCT,3
TTACGAATTTGATACC,3
TTACGAATTTGATGCC,3
TTACGAATTTGATTCG,3
TTACGTGATTTCTCGA,3
TTAGGAATTTGATTCC,3
TTATCTGTAGAACGCT,3
TTATCTGTGACATTGC,3
TTATTTAACAGACGTA,3
TTATTTGTAGAGCGCT,3
TTCAGCAAGTTGGTGC,3
TTCCACAGAACCTATC,3
TTCTGTCCAGAGTCGT,3
TTGAAAAAATCATGAA,3
TTGAAAAAATCGTAAA,3
TTGACTCACAGAATAA,3
TTGACTCACCGAAGAA,3
TTGAGAAAATCATAAA,3
TTGAGTTAATATGCGC,3
TTGCAATCGAAACATA,3
TTGCAATTGAAGCATA,3
TTGCAATTTAAACATA,3
TTGCAGTTGAAACATA,3
TTGCTCCGGAGGAGTA,3
TTGCTCCTGAGCAGTA,3
TTGCTCCTGAGTAATA,3
TTGGATCAGTCGCGCC,3
TTGGGCACCAAATTAA,3
TTGGGCACTAAATTAG,3
TTGGGGAACGCGAAGC,3
TTGGGGAACGGGAAGG,3
TTGGGGAACGGGATGC,3
TTGGGGAACGGGTAGC,3
TTGGGGACTAAATTAA,3
TTGTATTAGTCGCGCC,3
TTGTCCGCTTCATGCT,3
TTGTGTCCAGACTCGT,3
TTTAAATCCAACACCA,3
TTTACTCACCGAATAA,3
TTTAGGTATGATATGA,3
TTTATATCAAGATTCA,3
TTTATATCCAACACGA,3
TTTATATCCAACATCA,3
TTTATATCCAAGACCA,3
TTTATATCGAACACCA,3
TTTATATCGAGATTCC,3
TTTATATCGAGATTCT,3
TTTATTATGACTTCAT,3
TTTCACAGAACCTAGC,3
TTTCACAGAACCTATA,3
TTTCACAGAACCTGTC,3
TTTCAGCGCTGTTTTG,3
TTTCAGCGTGGTTTTG,3
TTTCAGCGTTGTCTTG,3
TTTCAGCGTTGTTCTG,3
TTTCGGCTCTTGATTA,3
TTTGGAGCGCCCTTAC,3
TTTGGGTCAGACGCGG,3
AAAAAATTGAGGACAA,2
AAAAGCGCGCCTTCAA,2
AAACCCACAAGACCCC,2
AAACCCAGTTCCTGCG,2
AAACCCATAAGACCCG,2
AAACCCATAAGAGCCC,2
AAACCCATACGACCCC,2
AAACCGCCAGTTTCGT,2
AAACCTATAAGACCCC,2
AAAGACCTTTAACCCT,2
AAAGACCTTTAACTCA,2
AAAGACCTTTAGCTCT,2
AAAGCTCGTTTCGTTC,2
AAAGCTCTTGTCGTTC,2
AAAGCTCTTTTCCTTC,2
AAAGCTCTTTTCGTTG,2
AAAGGCACGCCTTCAA,2
AAAGGCGAGCCTTCAA,2
AAAGGCGCACCTTCAA,2
AAAGGCGCCCCTTCAA,2
AAAGGCGCGACTTCAA,2
AAAGGCGCGCCTCCAA,2
AAAGGCGCGCCTTCAG,2
AAAGGTGCGCCTTCAA,2
AAAGTAGCAGAGGAGT,2
AAAGTAGCAGAGGATC,2
AAAGTAGCAGGGGATT,2
AAAGTCCCTATGTAAT,2
AAAGTTCTTTTCGTTC,2
AAATCCACAATATCCA,2
AAATCCCAGGTCCTTT,2
AAATGGTTAATAGACG,2
AAATGTTTAATAGACT,2
AAATTAGCAGAGGATT,2
AAATTCACAATATCTA,2
AAATTGACAATATCCA,2
AACACGTAGAAGCGCC,2
AACACGTTGAACCGCC,2
AACAGAACTCCATGTA,2
AACAGAAGTCCAGGGA,2
AACAGAAGTCCTTGTA,2
AACAGAAGTGCATGTA,2
AACAGACAATAAAAAA,2
AACAGTACCGCGTTTA,2
AACATACGAGACGTAA,2
AACCAACGAGACGTAA,2
AACCACCACAGAGATG,2
AACCACCCAGTGACCG,2
AACCACCCCAGAGACG,2
AACCACCCCGGAGATG,2
AACCACCGACTGACCG,2
AACCACCGAGTGACAA,2
AACCGCGTTCATCGAT,2
AACCGCTGGCACCCGT,2
AACCGTAACGCGTTTA,2
AACCGTACCGCGTTCA,2
AACCGTACCGCGTTGA,2
AACCGTGCCGCGTTTA,2
AACCTACGAGAGGTAA,2
AACCTACGATACGTAA,2
AACCTACGGGACGTAA,2
AACCTTACCGCGTTTA,2
AACGACAAACACTAAG,2
AACGAGAAACAGTAAG,2
AACGCTTCCGACTAAG,2
AACGGTTCCCACTAAG,2
AACGGTTCCGACAAAT,2
AACGGTTCCGACTATG,2
AACGGTTCCGACTTAG,2
AACGGTTCGGACTAAG,2
AACTACGTTCATCGAT,2
AACTATGAAATAAGCT,2
AACTGAATTAAGTATG,2
AACTGCCTTCATCGAT,2
AACTGTGTTCATCGAT,2
AACTTACGAGACGTAA,2
AACTTCAGTCGCCTGA,2
AACTTCCGTCGCCTAA,2
AACTTCCGTCGCCTGG,2
AACTTCCGTCGCCTGT,2
AACTTCCGTCGCCTTA,2
AACTTCCGTCGCTTGA,2
AAGAAGAATTTGTGAT,2
AAGAAGACTCTGTGAT,2
AAGAAGACTGTGTGAT,2
AAGAAGATTTTGTGAT,2
AAGAAGCCATAGAAGT,2
AAGAAGCGAGAGAGGG,2
AAGAAGCTATAGAATT,2
AAGAATACTTTGTGAT,2
AAGACGTAGAACCGCC,2
AAGATCCCTATGTAAT,2
AAGATGGATTGAAGTT,2
AAGATTGACTGAAGTT,2
AAGATTGAGTGAAGGT,2
AAGATTGATTGAAATT,2
AAGATTGATTTAAGTT,2
AAGATTGGTTGAAGTT,2
AAGCAAATAGACCGAA,2
AAGCACAGCGGGTGAT,2
AAGCCCAGCGGGTGAC,2
AAGCCCAGCGGGTGTT,2
AAGCCCAGCTGGTGAT,2
AAGCCCGGCGGGTGAT,2
AAGCGGTGATGGGATT,2
AAGCGGTGATGTGAAT,2
AAGCGGTGATGTGACT,2
AAGCGGTGATGTGTTT,2
AAGCTGATAGTAACTC,2
AAGCTTGCTATGGATC,2
AAGGACAAACAGTAAG,2
AAGGCCCACGGGCATA,2
AAGGCCCCTATGTAAT,2
AAGGCGAGCATGTCAA,2
AAGGGGCCGCATAATG,2
AAGGGGGCTCATAATG,2
AAGGGGTGATGTGATT,2
AAGGTAAGAGAAAGTG,2
AAGGTCCCGATGTAAT,2
AAGGTCCCTAGGTAAT,2
AAGGTCCCTATGTAGT,2
AAGGTTCCTATGTAAT,2
AAGGTTGATTGAAGTT,2
AAGTATGGCTACACAT,2
AAGTATTGCCACACAT,2
AAGTATTGCTACGCAT,2
AAGTCAAGAGAAAGTT,2
AAGTCCAGCGGGTGAT,2
AAGTGAGTAGACCCAC,2
AAGTTAAGAGGAAGTT,2
AAGTTAAGGGAAAGTT,2
AAGTTAGGAGAAAGTT,2
AAGTTAGTAGACCCAT,2
AAGTTAGTAGACCCCC,2
AAGTTAGTAGACCTAC,2
AAGTTCACAATATCCA,2
AAGTTGAGAGAAAGTT,2
AATCAGAAATTTATTC,2
AATCCGTGAGTACTAG,2
AATCGCTGGCACTCGT,2
AATCGCTGGCAGCCGT,2
AATCTCTGGCACCCAT,2
AATCTGGCTCGCTAAT,2
AATGAAACAACCGAAC,2
AATGAAATAATCGAAC,2
AATGCGAGCACGTCAA,2
AATGCGAGCATGACAA,2
AATGGCTGGCACCCGT,2
AATTCATGAGTACTAG,2
AATTCGTGAATACTAG,2
AATTCGTGAGTACTTG,2
AATTCGTGAGTAGTAG,2
AATTGAAAGTCATACC,2
AATTGAACGTCAGACC,2
AATTGAGCGTCATACC,2
AATTTATACGAGAGCG,2
AATTTCCCTGACTGCT,2
AATTTGTGAGTACTAG,2
ACAAAATTCGGGGGAC,2
ACAAAGGCTCGAGAAG,2
ACAAAGTCTCAAGAAG,2
ACAAAGTCTTGAGAAG,2
ACAAGAGGCGGGGGAC,2
ACAAGATTCAGGGGAC,2
ACAAGATTCGGGCGAC,2
ACAAGATTCGGGGGAG,2
ACAAGGTCTCGAGAAG,2
ACAATACGATCTACGC,2
ACAATCTAAACCATAC,2
ACAATCTGAATCATCC,2
ACACACGAGGTTGTGA,2
ACACGGGGTGGCTGGA,2
ACACGGGTGGGCGGTA,2
ACACGGGTGTACGAGA,2
ACACGGGTTGGCAGTA,2
ACAGAATCGCAAATTA,2
ACAGGATATATGGCTG,2
ACAGGCCACCAGTGAG,2
ACAGTACCATCTACGC,2
ACAGTACGACCTACGC,2
ACAGTACGATCTATGC,2
ACAGTACGATCTGCGC,2
ACAGTACGATGTACGC,2
ACAGTCCACCATTGAA,2
ACAGTCCCAGCCTTTA,2
ACAGTCTAGAAATTTT,2
ACAGTGCACCATTGAG,2
ACAGTGCGATCTACGC,2
ACATGATTCGGGGGAC,2
ACATGTTCCAATAGGT,2
ACATTGTCCAATAGGT,2
ACATTTACCAATAGGT,2
ACATTTCCCAATAGGT,2
ACATTTGCCAATAGGT,2
ACATTTGCGCGCAGTC,2
ACATTTTCCAAGAGGT,2
ACCAGAAGTTGCCAAG,2
ACCAGCAAGGAGTGGT,2
ACCAGCAATGAGGTGG,2
ACCAGCAATGAGTTCT,2
ACCAGCAATGTGTTGT,2
ACCAGCGCGGCTCGGG,2
ACCCAATGAATCATCC,2
ACCCATTCACGAATAA,2
ACCCCCCGAGCTTGGC,2
ACCCCCGGAGCTTGGG,2
ACCCGCAATGAGTTGT,2
ACCCGCGGAGCTTGGC,2
ACCGAATGAAACATCC,2
ACCGACTCACGAATAA,2
ACCGATTCACGAATAT,2
ACCGGAAGGTGCCAAG,2
ACCGGAAGTTGCCAAT,2
ACCGGAAGTTGTCAAG,2
ACCGTTCTACACACCA,2
ACCGTTGTACACACTA,2
ACCGTTGTACAGACCA,2
ACCGTTGTACATACCA,2
ACCTCCTCAAGGGTAA,2
ACCTCCTGGGGTATCA,2
ACCTGTCTCCGAGCAA,2
ACGAGCAATGAGTTGT,2
ACGAGGATTGGCTGTT,2
ACGCAAATAGACCAAA,2
ACGCAAATAGACCGAG,2
ACGCAAATAGACTGAA,2
ACGCAAATATACCGAA,2
ACGCGTCTCCGAGCAA,2
ACGGGGATTGGCGGTG,2
ACGGGGATTGGCTGAT,2
ACGGGTCTCCGAGCAA,2
ACGTAGGATGTTCGAG,2
ACGTAGGATTTTCGAG,2
ACGTATGAGGTTCGAG,2
ACGTATGATTTTCGAC,2
ACGTATGATTTTCGTG,2
ACGTATTGCTACACAT,2
ACGTCCATCAAGATCA,2
ACGTCCATGAAGAGCA,2
ACGTCCATTAAGATTA,2
ACGTGTCTCCGAGCGA,2
ACGTGTCTTCGAGCAA,2
ACGTTCATTAAGATCA,2
ACTAGGAGGCTACGTA,2
ACTCCCGGAGCTTGGC,2
ACTCTCTAGAAATTTT,2
ACTCTGGCCCGCTAAT,2
ACTCTGGCGCGCTAAT,2
ACTCTGGCTCGCAAAT,2
ACTCTGGCTCGCTAAG,2
ACTCTGGCTCGCTATT,2
ACTCTGGCTCGCTGAT,2
ACTCTGGCTTGCTAAT,2
ACTGGAAACGATCCCC,2
ACTGTCGAGAAATTTT,2
ACTGTCTAAAAATTTT,2
ACTGTCTAGAAATCTT,2
ACTGTCTAGAAATGTG,2
ACTGTCTTGAAATTTT,2
ACTGTTGAATAGGCGA,2
ACTTAAATTCGAGGAC,2
ACTTTACCACTGCATC,2
ACTTTCTCAAAACATA,2
AGAAAATCTCAAATAC,2
AGAACATCGCACCCAA,2
AGAACGCCAGTTTCGT,2
AGACAATCGCACCCAA,2
AGACACGCATGTGCCA,2
AGACCATAGAACCCAA,2
AGACCATCGCACCCCA,2
AGACCATCGCACCTAA,2
AGACCATTGCACCCAA,2
AGACCCGTAAGGACTA,2
AGACCGCCAGTTGCGT,2
AGAGAAAATTATCCGC,2
AGAGAATCGCAAATTA,2
AGAGATAAAAAGAGGA,2
AGAGCTAAAAAGGGGA,2
AGAGCTAGAAAGAGGA,2
AGAGTTAAAAAGAGGA,2
AGATCCACCCTAAAGT,2
AGATCCACCCTATACT,2
AGATCCCAGCTCCTTT,2
AGATCCCAGGTCTTTT,2
AGATCCCAGGTTCTTT,2
AGATCTCAGGTCCTTT,2
AGATCTTTTACATTTA,2
AGATGGGGTCTCCCTT,2
AGATGTTTAATAGACG,2
AGCAACATCGCCCTTT,2
AGCAGAGGGATAGGGG,2
AGCAGCATTGGTCGCC,2
AGCATACGGATATGTG,2
AGCATAGCGATATGTG,2
AGCATAGGCATATGTG,2
AGCATAGGGAGAGGTG,2
AGCATAGGGATATCTG,2
AGCATAGGGATATGAG,2
AGCATCTAACAGAAAG,2
AGCATCTAACAGGGAG,2
AGCCCAGGCTGGGGAT,2
AGCCCATGCTAGGGAT,2
AGCCCATGCTGGGGAA,2
AGCCGAATTAAGTATG,2
AGCCGATGCTGGGGAT,2
AGCGACACCGCCCTTT,2
AGCGACATCGACCTTT,2
AGCGACATCGCCCTTA,2
AGCGACATCGCCCTTC,2
AGCGACATCTCCCTTT,2
AGCGATTCACGAATAA,2
AGCGGAGGGAAGGGGG,2
AGCTACATCGCCCTTT,2
AGCTCCATAGGCATGG,2
AGCTCCGGGGGGATCA,2
AGCTCCTGGCGTATCA,2
AGCTCCTGGGCTATCA,2
AGCTCCTGGGGTAGCA,2
AGCTCCTGGGGTATCC,2
AGCTGAATCAAGTATG,2
AGCTGAATTAACTATG,2
AGCTGAATTAAGTATA,2
AGCTGAATTAAGTGTG,2
AGCTGATAACCCTGCG,2
AGCTGCTGGGGTATCA,2
AGGAAAGAAACTGGAA,2
AGGAAAGAAACTGGAC,2
AGGAATATGAAGAGCG,2
AGGACTACAGTTGGCA,2
AGGACTATAATTGGCA,2
AGGACTATAGTTGGGA,2
AGGACTATGAAGAGCG,2
AGGAGTATGAAGGGCG,2
AGGAGTATGTAGAGCG,2
AGGAGTGGGAAGAGCG,2
AGGATTTGCGCTTCAA,2
AGGCCCGCAAGGACTA,2
AGGCCCGTAAGGACAA,2
AGGCCCGTAAGGACTT,2
AGGCCCGTAAGGAGTA,2
AGGCCCGTAAGGATTA,2
AGGCCCGTAAGGGCTA,2
AGGCCCGTAATGACTA,2
AGGCCCGTTAGGACTA,2
AGGCGTTTAGATAGTT,2
AGGGACCAGGTCCGGT,2
AGGGCCCACGGGCATA,2
AGGGTGGGAGGAGGGG,2
AGGTATGATTTTCGAG,2
AGGTCCACCCTATAGT,2
AGGTCCATTAAGATCA,2
AGGTCCCAGGTCCTTT,2
AGGTGAATTAAGTATG,2
AGGTGGACGGGCATCG,2
AGGTGGACGGGCATGC,2
AGGTGGACGGTCATGG,2
AGGTTCAAACTCTTGC,2
AGGTTCAGACTCTGGC,2
AGGTTCAGGCTCTTGC,2
AGGTTTAGACTCTTGC,2
AGTAAACACGCATTGG,2
AGTAAACAGGCATTGG,2
AGTAAACATGCAGGGG,2
AGTAAACATGCATTGA,2
AGTAAATCTCAGATAC,2
AGTAATAGGCGTCACA,2
AGTAGGGCTACGGGAG,2
AGTAGTATGAAGAGCG,2
AGTATTTGCCCTTCAA,2
AGTATTTGCGTTTCAA,2
AGTCCGAATGGGGTAG,2
AGTCCTATCATCAAAT,2
AGTCCTATCCTAAAAT,2
AGTCCTATCCTCATAT,2
AGTCGGGGTCTCCCTT,2
AGTCGGTTAGATAGTG,2
AGTCGTTTAGAAAGTT,2
AGTCGTTTAGAGAGGT,2
AGTCGTTTAGATAGAT,2
AGTCGTTTAGATAGCT,2
AGTGCTGGCTTGGTTA,2
AGTGGAGCGCCCTTAC,2
AGTGGCTAACGGAGAG,2
AGTGGGGGTCTCCCTT,2
AGTGTGGAGCCCAACA,2
AGTGTTGAATAGGCGC,2
AGTGTTGAATCGGCGA,2
AGTGTTGCCTTGGTTA,2
AGTTAAATTCGAGGAC,2
AGTTCCATAGGCACGG,2
AGTTCCATAGGCATGA,2
AGTTCCATAGGCATTG,2
AGTTCCTGGGGTATCA,2
AGTTCGGGTCTCCCTT,2
AGTTCTTATAACTTGC,2
AGTTGAGGTCTCCCTT,2
AGTTGATGCATTCCCG,2
AGTTGCATAGGCATGG,2
AGTTGGGATCTCCCTT,2
AGTTGGGGGCGCCCTT,2
AGTTGGGGGCTCCCTT,2
AGTTGGGGTCTCCCTG,2
AGTTGGGGTCTCCGTT,2
AGTTGGGGTGTCCCTT,2
ATAACGTTGGTGCAAA,2
ATAACGTTTGCGCAAA,2
ATAACGTTTGTGCTAA,2
ATAACTAAGGGCATTG,2
ATAACTGAAGGCATTG,2
ATAACTGAGGCCATTG,2
ATAACTGAGGGCACTG,2
ATAACTGAGGGCAGTG,2
ATAAGATTATAACGTA,2
ATAAGCTTCATGGAGT,2
ATAAGTGAGGGCATTG,2
ATAATTCGCATGCGGA,2
ATACACAAGGTTGTGA,2
ATACACCAGGTTGTGA,2
ATACACCCATGTGCCA,2
ATACACGAGGGTGTGA,2
ATACACGAGGTTGGGA,2
ATACACGAGGTTGTAA,2
ATACACGATGTTGTGA,2
ATACACGCAGGTGCCA,2
ATACACGCATATGCCA,2
ATACACGCATGTGCCC,2
ATACACGCGTGTGCCA,2
ATACCGCCAGTTTCGT,2
ATAGAAAATTATCCGT,2
ATAGAAGCGCAAATTA,2
ATAGAATCGCAAATAA,2
ATAGAATCGCAAATCA,2
ATAGACGCATGTGCCA,2
ATAGAGAATTATCCGC,2
ATAGATACTAGGACCA,2
ATAGGAAATTATCCGC,2
ATAGTACGATCTACGC,2
ATAGTTTTACGTCCAT,2
ATATAAAAAAGTTAGT,2
ATATAAAAAGCTTAGT,2
ATATAAAAGACTTAGT,2
ATATTTTCCAATAGGT,2
ATCAAATAATTGGCGC,2
ATCAGGAGAATCGCGC,2
ATCAGTATAATCGCGC,2
ATCATCAAGTTGGTGC,2
ATCATCATATCTAATA,2
ATCCAATTTAAAGGCA,2
ATCCGATGTAAAGGCA,2
ATCCGATTTAAAGGTA,2
ATCCGATTTGAAGGCA,2
ATCCTAGGGGACGATT,2
ATCCTATTTAAAGGCA,2
ATCGCCGCTAATCCGA,2
ATGAAAAAATCATAAA,2
ATGACTATAGTTGGCA,2
ATGAGATTGGAGAAAC,2
ATGATTTTACGTCCAT,2
ATGCAAATAGACCGAA,2
ATGCACGCATGTGCCA,2
ATGCCCCACGGGCATA,2
ATGCCGAAGGGGGTAG,2
ATGCCGAATGGGGGAG,2
ATGGAAAATTATCCGC,2
ATGGCATTGGAGAAAC,2
ATGGCCCACGGCCATA,2
ATGGCCCACGGGCATC,2
ATGGGAGGGGAGAAAC,2
ATGGGCCACGGGCATA,2
ATGGTTTTACGTCAAT,2
ATTAGACTATAACGTA,2
ATTAGATTATGACGTA,2
ATTAGATTCGGGGGAC,2
ATTAGGGCGACGGGAG,2
ATTAGGGCTACGTGAC,2
ATTAGGGCTACGTGTG,2
ATTAGGGGTACGTGAG,2
ATTAGGTATTACATGC,2
ATTAGGTTATAACGTA,2
ATTATATCGAGATTCA,2
ATTATCAGATCGAATA,2
ATTATCAGATCTAATA,2
ATTATCATATCTAGTA,2
ATTATCATATCTATTA,2
ATTATCATATCTGATA,2
ATTCACAGAACCTATC,2
ATTCACTCATTATACG,2
ATTCCGAATCGGGTAG,2
ATTCCTATCCTCAAAT,2
ATTCGCTGGCACCCGT,2
ATTTAAATTCGAGAAC,2
ATTTAAATTTGAGGAC,2
ATTTACTCAGTATACG,2
ATTTACTCATTATACA,2
ATTTACTCGTTATACG,2
ATTTCTCTATGGCTAC,2
ATTTTTATATGACTAC,2
ATTTTTCTACGGCTAC,2
ATTTTTCTAGGGCTAC,2
ATTTTTCTATGGCTAG,2
ATTTTTCTATGGCTGC,2
ATTTTTCTATGGCTTC,2
ATTTTTCTATGGTTAC,2
ATTTTTTATAACTTGC,2
CAAAAAGCCTCCATGA,2
CAAAACACGTCCCAGT,2
CAAAACCTACGGCGAC,2
CAAAAGCAGCAAGATA,2
CAAAAGCAGCACGGTA,2
CAAAAGCGGCACGATA,2
CAAAATCTACAGCGAC,2
CAAAATCTACGGCAAC,2
CAAAATCTACGGCCAC,2
CAAAATCTACGGCTAC,2
CAAAGACAATAAAAAA,2
CAAATGCGGCATGAGG,2
CAAATGCTGCTGAAGT,2
CAACGCGCCGAGCACC,2
CAAGTAGAAATACAGA,2
CAATAAGAAATACATA,2
CAATCCGCCGTTCCCC,2
CAATTAGCCGTTCCCC,2
CAATTCGCAGTTCCCC,2
CAATTCGCCGTCCCCC,2
CAATTCGCCGTTCCAC,2
CAATTCGCCGTTCCCT,2
CACACGTAGAACCGCC,2
CACAGAAAATAAAAAA,2
CACAGACAATAAAAGA,2
CACAGACAATAAAGAA,2
CACATACAATAAAAAA,2
CACATACCGACGCAGT,2
CACCAACAGCACCTAG,2
CACCAAGGATCGCACT,2
CACCAATCTGCGAACT,2
CACCAATCTTCGAACC,2
CACCACCAGCACCTAG,2
CACCACGCCGAGCACC,2
CACCATCACCACCTAG,2
CACCATCAGCACCTAA,2
CACCATCAGCACCTGG,2
CACCATCAGCACCTTG,2
CACCCAGGATCGCACT,2
CACCCGCTGTTTAAAA,2
CACCGCGCCGAGAACC,2
CACCGCGCCGAGCACT,2
CACCGCGCCGAGCATC,2
CACCGCGCTGAGCACC,2
CACCGCGTCGAGCACC,2
CACCTAGGACCGCACT,2
CACCTAGGAGCGCACT,2
CACCTAGGATCGCATT,2
CACCTAGGATCGCTCT,2
CACGAGATGTACAGTC,2
CACGGCCGGCGAACAC,2
CACGGCCGGCGAATTC,2
CACGGGCTAATATCTC,2
CACGGGCTAATCTCTC,2
CACGGGCTAATGCCTC,2
CACGGGCTGATGTCTC,2
CACGGGTTAATGTCTC,2
CACGTAGGATCGCACT,2
CACGTGCTAATGTCTC,2
CACTAATGCCGTTGTC,2
CACTAGCAATAAAATC,2
CACTTAGGATCGCACT,2
CAGAACCACGTTGTCT,2
CAGAACCTCGTTCTCT,2
CAGAACTTCGTTGTCT,2
CAGAGCTGCAGAAGCG,2
CAGATAGTGACGAACA,2
CAGATAGTGATAAACA,2
CAGATAGTGATGAACT,2
CAGATAGTGATGAAGA,2
CAGATAGTGATGTACA,2
CAGCATCAGCACCTAG,2
CAGCGCGCCGAGCACC,2
CAGGCTCGAGAGCTCT,2
CAGGCTCTAGAGCTCA,2
CAGGTTCTAGAGCTCT,2
CAGTAGATGTACAGTC,2
CAGTATTTGTCATGGG,2
CAGTTCGCCGTTCCCC,2
CATAAAAGACTGTATG,2
CATACAGAATACTAGA,2
CATACAGAGTGTGTTG,2
CATACAGAGTTGGTTG,2
CATACAGAGTTTGTTC,2
CATAGAGACGCGCAAG,2
CATAGAGAGTTTGTTG,2
CATAGGTATTATATGC,2
CATCGCGCCGAGCACC,2
CATGCGAATTGCCACT,2
CATGGAAATTGCCACT,2
CATGGGAATTGCCAGT,2
CATGGGAATTGCCATT,2
CATGGGAATTGCGACT,2
CATGGGAATTGGCACT,2
CATGGGGATTGCCACT,2
CATGTACCATTCAGCA,2
CATGTCGAGCCCAACA,2
CATGTGAATTCTCCCA,2
CATGTGGAGCCCACCA,2
CATGTGGAGGCCAACA,2
CATTAAGACGCGCAAG,2
CATTAGTTGTCATGGG,2
CATTCAGACGCGCAAG,2
CATTGAGACGCGCACG,2
CATTGAGACGCGCATG,2
CATTGAGACGCGGAAG,2
CATTTCTGATGAAATG,2
CATTTCTGATGAATAG,2
CCAACACAAAAAATCA,2
CCAACACAAAAGATTA,2
CCAACGAGGTGTAACC,2
CCAAGCTTCGCGCATC,2
CCAAGCTTGACGCATC,2
CCAAGCTTGGCGCAAC,2
CCAAGCTTGGCGCTTC,2
CCAAGCTTGGCGTATC,2
CCAAGCTTGTCTCATC,2
CCAATACAAAAAATTA,2
CCACCGCTGTTTAAAA,2
CCACGACTCGACTAAC,2
CCATTTACGGATCTCT,2
CCCACGCTGTTTAAAA,2
CCCACTTTACGAGACA,2
CCCAGCTTGGCGCATC,2
CCCATCCTCTAAAGTT,2
CCCCAGCTGTTTAAAA,2
CCCCCGCGGTTTAAAA,2
CCCCCGCTGTTCAAAA,2
CCCCTCCTCTAAAGTC,2
CCCCTCTTCTAAAGTT,2
CCCGATGAAATAAGCT,2
CCCGCTGCGGCGTGTG,2
CCCGTTACGGATCTCT,2
CCCTATGAAATAAGGT,2
CCCTATGAATTAAGCT,2
CCCTATGGAATAAGCT,2
CCCTCCTCAAGGGGAA,2
CCCTCCTCAAGGTTAA,2
CCCTGCGCGGCCCGGA,2
CCCTGCGCGGGTCGGG,2
CCCTGCGCGGTAAGAG,2
CCCTTACGCTCCTACG,2
CCCTTCTCAAAACATA,2
CCCTTTACGAATCTCT,2
CCCTTTACGGATCTCG,2
CCCTTTACTGATCTCT,2
CCGAATTAGCGGGAGG,2
CCGCATTAGAGGGAGG,2
CCGCATTAGCGGGAGT,2
CCGCATTAGCGGTAGG,2
CCGCATTAGCTGGAGG,2
CCGCGCACGTCTAGAG,2
CCGCTCACGTTTAGAG,2
CCGGAACATACATAAC,2
CCGGAATCTCCCATAC,2
CCGGAGAAAGCAGAAC,2
CCGGATAAGTCAGAAC,2
CCGGGGTGAAGGGGTG,2
CCGGGGTGAAGTGGGG,2
CCGGGGTGAAGTTGGG,2
CCGTATTAGCGGGAGG,2
CCGTGTCTCCGAGCAA,2
CCTACACAAAAAATTA,2
CCTCAGCTCTTAGCCG,2
CCTGACCCCCTCCAAC,2
CCTGGAAACGATCCCC,2
CCTGGGTGAAGGTGTG,2
CCTGGGTGAAGTTGGG,2
CCTGGGTTAAGGTGTG,2
CCTTAAATTATAGTCT,2
CCTTCAGCGATAACGG,2
CCTTCCTCAAAACATA,2
CCTTGATGCATACCCG,2
CCTTGATGCATTCGCG,2
CCTTGATGCATTGCCG,2
CCTTGATGCATTTCCG,2
CCTTGTTGCATTCCCG,2
CCTTTACCACTGCATC,2
CGAAAACATTACAAAA,2
CGAAACAAGTCCCAGT,2
CGAAACACATCCCAGT,2
CGAAACACGCCCCAGT,2
CGAAACACGTCCCACT,2
CGAAACAGGTCCCAGT,2
CGAAACGCGTCCCAGT,2
CGAAATCTACGGCGAC,2
CGAACCGCAAACACGT,2
CGAACCGCAGAAACGT,2
CGAACCGCAGACTCGT,2
CGAATTTAAGTATCAA,2
CGACAACAATACAAAT,2
CGACCAGGGAATCAAA,2
CGACTCCACGCACGCC,2
CGACTCCAGGGACGCC,2
CGACTCTACGGACGCC,2
CGAGAACATTACAAAT,2
CGAGCCGCAGACACGT,2
CGAGTTCATAGCTCCA,2
CGATATTTACGAAAAA,2
CGATCCCAGGTCCTTT,2
CGATCCTTACGAAAAA,2
CGATCTTCACGAAAAA,2
CGATCTTGACGAAAAA,2
CGATCTTTTACATTTA,2
CGCACCCTAGATGGTA,2
CGCACCTTACGAGACA,2
CGCACTTTACGAAACA,2
CGCACTTTAGGAGACA,2
CGCAGAATTGGTCGCC,2
CGCAGCATTGGTCGAC,2
CGCAGCATTGGTCGCT,2
CGCAGCATTGGTCGTC,2
CGCAGCATTTGTCGCC,2
CGCATCATTGGTCGCC,2
CGCATTTTACGAGACA,2
CGCGACACCCTACCGG,2
CGCGACACCCTTTCGT,2
CGGAAAGAAACTGGAG,2
CGGAACACGTCCCAGT,2
CGGACCCTAGACGGTA,2
CGGACCCTAGAGGGGA,2
CGGACCCTAGATCGTA,2
CGGACCCTAGATGGAA,2
CGGACCCTAGATGGTT,2
CGGACCGTAGATGGTA,2
CGGACGCTAGATGGTA,2
CGGAGACAAGATTGTA,2
CGGAGGGATTCAACTC,2
CGGCCAAGGAATCAAA,2
CGGCCAGGGAACCAAA,2
CGGCCAGGGAGTCAAA,2
CGGCCCGTAAGGACTA,2
CGGGAACATTCATAAC,2
CGGGAACCTCCCATAC,2
CGGGAATATACAGGAC,2
CGGGAATATACATAAC,2
CGGGAATCTCCCTTAC,2
CGGGAATCTCCGATAC,2
CGGGAGGCCTGGCCCC,2
CGGGCAGGGAATCAAA,2
CGGGGACAAGGTGGTA,2
CGGGGACAAGTTTGTA,2
CGGTCAGCGATAACGG,2
CGGTCCGCTTCATGCT,2
CGGTCGGGACTTATCT,2
CGGTCGGGAGTCATCT,2
CGGTGAGGGATAGGTG,2
CGTAACCCCCTCCAAC,2
CGTAATAGGCGTCACA,2
CGTACAATGTAATCGA,2
CGTACAGAGTTTGTTG,2
CGTACAGCGATAACGG,2
CGTACAGTATAATCGA,2
CGTACAGTGTAATCGG,2
CGTACGTATATCCCAG,2
CGTACGTATGCCCCAG,2
CGTACGTATGTCCCAA,2
CGTACGTATGTCCGAG,2
CGTACGTATGTCTCAG,2
CGTCACCCCCTCCAAC,2
CGTCGGCTCTTGATTA,2
CGTCGTTTAGATAGTT,2
CGTCTTTGGTTCGAGG,2
CGTGACCCCCTACAAC,2
CGTGACCCCCTCAAAC,2
CGTGACCCCCTCTAAC,2
CGTGACTCCCTCCAAC,2
CGTGTACCCTACAGCA,2
CGTGTATCCGTCAGCA,2
CGTTAACGCCCTATCC,2
CGTTAACGGCATATCC,2
CGTTAACGGCCCATCC,2
CGTTAACTGCCTATCC,2
CGTTCAACGATAACGG,2
CGTTCAGCGATAACGA,2
CGTTCAGCGATAACGC,2
CGTTCAGCGGTAACGG,2
CGTTCAGGGATAACGG,2
CGTTGATGCATTCCCG,2
CGTTTTTGGGTCGAGG,2
CGTTTTTGGTGCGAGG,2
CGTTTTTGGTTAGAGG,2
CGTTTTTGGTTCGATG,2
CGTTTTTTGTTCGAGG,2
CTAAACACGTCCCAGT,2
CTAACACAAAAAATTA,2
CTAACTGCGCGAGAGT,2
CTAAGTTAAGTATCAA,2
CTAATGTAAGGAGCAA,2
CTAATGTAAGTATCAA,2
CTAATTTAAGGATCAA,2
CTACCACAGCGTAGGC,2
CTAGATTGCCCGGAAG,2
CTAGCACAGCGGAGGC,2
CTAGCACAGCGTAACC,2
CTAGCACAGCGTAGCC,2
CTAGCAGAGCGTAGGC,2
CTAGGACAGCGTAGGC,2
CTATAAACCCTTTGTA,2
CTATAAACCGTGTGTA,2
CTATAAACCGTTCGTA,2
CTATAAACCGTTTATA,2
CTATAAACCGTTTGTT,2
CTATATAACAGACGTA,2
CTATATTGCCAAGAAG,2
CTATCTCAATCTACAG,2
CTATCTTAAGCTACAG,2
CTATCTTAATCTACAA,2
CTATGTAACAGACGGA,2
CTATTACGCTCCTACG,2
CTATTTAACAGAGGTA,2
CTCAAATAACTGGCGC,2
CTCAAATAATCGGCGC,2
CTCAAATAATTGGGGC,2
CTCAACTTGTCGATAT,2
CTCAATGTCATAGGAT,2
CTCAATGTCGCAGGAT,2
CTCAATGTCGTAGAAT,2
CTCAATGTCGTAGGAA,2
CTCAATGTCGTAGGAG,2
CTCAATGTCTTAGGAT,2
CTCAGGGATTCAACTC,2
CTCAGGTATTACATGC,2
CTCCTAGGGGACGGTT,2
CTCCTAGGGGACTATT,2
CTCCTAGGGGAGGATT,2
CTCGCCGCTAATCCGA,2
CTCTACACCCTTCCGG,2
CTCTTACGCTCCTATG,2
CTCTTATGCTCCTACG,2
CTGAAAAAATCATAAA,2
CTGAAATAATTGGCGC,2
CTGAACCTGCAGTTGA,2
CTGAACCTGTCGATAT,2
CTGAACTTATCAGTGG,2
CTGAACTTATCGATAT,2
CTGAACTTATCTCTGG,2
CTGAACTTGTCGATAG,2
CTGAACTTGTCGATGT,2
CTGAACTTGTCTATAT,2
CTGACAGAAGACTAGA,2
CTGACAGAATACGAGA,2
CTGAGCTCCCAATAAG,2
CTGAGCTGCCAAAAAG,2
CTGAGCTGCCAATAAA,2
CTGCAATTGAAACATA,2
CTGCCAGGGAATCAAA,2
CTGCGATTGTCCGGAA,2
CTGCGGCTCTTGATTA,2
CTGGAGGCCTGGCCCG,2
CTGGAGGCCTGGGCCC,2
CTGGCCCACGGGCATA,2
CTGGTATCAAGCCGGG,2
CTGTAAATTATAGGCT,2
CTGTAAATTATAGTCT,2
CTGTACCAGCAGTTGA,2
CTGTACCTGCAGCTGA,2
CTGTACCTGCAGTGGA,2
CTGTACCTGCAGTTGT,2
CTGTACCTGGAGTTGA,2
CTGTACTTGCAGTTGA,2
CTGTTCTAGTACGCTT,2
CTTAAATAATTGGCGC,2
CTTAATGTCGTAGGAT,2
CTTACACAATACTAGA,2
CTTACAGAATACTAGC,2
CTTACTGCACGAGAGT,2
CTTACTGCGTGAGAGT,2
CTTAGAGAATACTAGA,2
CTTAGGTAATATATGC,2
CTTAGGTATTACATTC,2
CTTAGGTATTATAGGC,2
CTTATGTATTACATGC,2
CTTCGCCTCTTGATTA,2
CTTCGGCTCTTAATTA,2
CTTCGGCTTTTGATTA,2
CTTCGGTATTATATGC,2
CTTGCACAGCGTAGGC,2
CTTGTGGAGCCCAACA,2
CTTTAAATTAAAGTCT,2
CTTTAAATTAGAGTCT,2
CTTTAAATTATAATCT,2
CTTTAAATTATAGTCA,2
CTTTAAATTATAGTGT,2
CTTTAAATTGTAGTCT,2
CTTTAAGTTATAGTCT,2
CTTTATTGCCCGGAAG,2
CTTTGAATTATAGTCT,2
CTTTTCGAGTACGCTT,2
CTTTTCTAGTACGCTA,2
CTTTTCTAGTACGGTT,2
CTTTTCTGATGAATTG,2
GAAAAAGCCTCCATGA,2
GAAAATCTACGGCGAC,2
GAAACCCCCAAATAAC,2
GAAAGCCCCCTGCAAT,2
GAAAGCCCCGTCCAAT,2
GAAAGCCCCGTGCATT,2
GAAAGCCTCGTGCAAT,2
GAAAGTCCCTAAGATG,2
GAAAGTCCCTACGATG,2
GAAAGTCTCTATGATG,2
GAAATCCCCAAATAAT,2
GAAATCCCCAAATGAC,2
GAAATGCTGCTGAAGT,2
GAACAATAGAACAGAG,2
GAACGCCATCGACTTC,2
GAAGAAACTATAACGA,2
GAAGAAACTATAAGCA,2
GAAGAAATTATAACCA,2
GAAGAAGAGAACAGAG,2
GAAGAAGTTATGACAA,2
GAAGCACGCTGAATGA,2
GAAGGGCTGCTGAAGT,2
GAAGGTCCCTATGATG,2
GAAGTACGCAGAATGA,2
GAAGTAGCAGAGGATT,2
GAAGTAGGCTGAATGA,2
GAAGTGCGGATTGAGG,2
GAAGTGCGTATTAAGT,2
GAAGTGCGTTTTGAGT,2
GAAGTGCTGCGGAAGT,2
GAAGTGCTGCTGAACT,2
GAAGTGCTGCTGACGT,2
GAAGTGCTGGTGAAGT,2
GAAGTGGGTATTGAGT,2
GAAGTGTGGATTGAGG,2
GAATAACAGAACAGAG,2
GAATAATAAAACAGAG,2
GAATAATAGAACAGAC,2
GAATAATAGAAGAGAG,2
GAATAATAGAATAGAG,2
GAATTCGCCGTTCCCC,2
GACAAAAGGCACATAT,2
GACAAAAGGGACAAAT,2
GACAAAAGGGACTTAT,2
GACAAACGGGACATAT,2
GACACAGAACCAATGC,2
GACACAGAACCCATTC,2
GACACATAACCCATGC,2
GACCACCCCAGAGATG,2
GACCATCAGCACCTAG,2
GACCCCTGGTAAGAGG,2
GACCCCTTCTAAGATG,2
GACCCCTTGTAAGATA,2
GACCCCTTGTAAGTTG,2
GACCCTTTGTAAGATG,2
GACGAAAGGGACATAT,2
GACGCGATGGGCACGT,2
GACGGAATGGGCACGT,2
GACGGCCGGCGAACTC,2
GACGGGATGGGCACCT,2
GACGGGATGGGCACGA,2
GACGGGATGGGCAGGT,2
GACGGTATGGGCACGT,2
GAGCATTGGCGGAAAG,2
GAGCCCAGCGGGTGAT,2
GAGCCTGCTATGGATC,2
GAGCTTCCTATGGATC,2
GAGCTTGCCATGGATC,2
GAGCTTGCGATGGATC,2
GAGCTTGCTATCGATC,2
GAGCTTGCTATGAATC,2
GAGCTTGCTATGGACC,2
GAGCTTGCTATGGAGC,2
GAGCTTGCTGTGGATC,2
GAGCTTGTTATGGATC,2
GAGGCGTAGAGATACG,2
GAGGGATTGGAGAAAC,2
GAGGGGACACGTCACC,2
GAGGGGAGACGTCACC,2
GAGGGGATACCTCACC,2
GAGGGGATACGGCACC,2
GAGGGGATACGTAACC,2
GAGGGGGGGAGATACG,2
GAGGGGTAGAGATTCG,2
GAGGGGTAGGGAGACG,2
GAGGGGTAGTGATACG,2
GAGGGGTGATGTGATT,2
GAGGTCCCTATGTAAT,2
GAGGTCGTAGGAACAG,2
GAGTCAGATGCCCACC,2
GAGTGGATACGTCACC,2
GAGTTTGCTATGGATC,2
GATCACCACTGATAAG,2
GATCACGCAGAAAAAA,2
GATCATGGGGAGAGTC,2
GATCGCCACCGATAAG,2
GATCGCCACTGATACG,2
GATCGCCACTGATGAG,2
GATCGCCATCGACTAC,2
GATCGCCATGGACTTC,2
GATCGCCATTGATAAG,2
GATCTAGGGGAGAGTC,2
GATCTTGGCGAGAGTC,2
GATGACGCAGAAAAAG,2
GATGGCCATCGACTTC,2
GATGTCGTATCCACAG,2
GATTCAGAGGCCCACC,2
GATTCAGATACCCACC,2
GATTCAGATGCCCAAC,2
GATTCAGATTCCCACC,2
GATTTAGATGCCCACC,2
GCAAACAATGTAGTTG,2
GCAAACAGTGTAGTTA,2
GCAAAGTCTCGAGAAG,2
GCAACAGTCCTACCAA,2
GCAACGAAGTGTAACC,2
GCAACGAGCTGTAACC,2
GCAACGAGGTGGAACC,2
GCAAGCTTCATGGAGT,2
GCAAGGAACTAACTCC,2
GCAGCAGTCCTAGCAA,2
GCAGCCTCAACTCCTA,2
GCAGCGGGCCGGTCAT,2
GCAGCGTGCCGGTCAA,2
GCAGCGTGCCGGTCTT,2
GCAGCTTGCCGGTCAT,2
GCAGGGGTGTATGAGG,2
GCAGGGTGCCGGTCAT,2
GCATCCGCAACTCCTA,2
GCATCCTCAATTCCTA,2
GCATCGAACTAACTCC,2
GCATGATGCATTCCCG,2
GCATGGAACTAACTGC,2
GCATGGATCTAACTCC,2
GCATGGGGGTAAGGGA,2
GCCACCTCGTATCCCT,2
GCCACTGCGGCGTGGG,2
GCCAGCGCGGGGAGAG,2
GCCAGCTCCTATCCCT,2
GCCAGCTCGTATCCGT,2
GCCAGCTCGTATGCCT,2
GCCAGTTCGTATCCCT,2
GCCATTGACTGAAGGG,2
GCCATTTACTGAAGCG,2
GCCATTTACTGAAGGT,2
GCCATTTACTGAAGTT,2
GCCCTCCTCTAAAGTT,2
GCCGCCGCTAATCCGA,2
GCCGCTACGGCGTGTG,2
GCCGCTGCGGCCTGTG,2
GCCGCTGCGGCGTGTA,2
GCCGCTGCGGTGTGTG,2
GCCGCTGCGTCGTGTG,2
GCCGGCGGTAGTGTCA,2
GCCGGCGTTAGTGGCA,2
GCCGGCGTTAGTGTCC,2
GCCGGCGTTAGTGTGA,2
GCCGGCGTTAGTGTTA,2
GCCGGCGTTGGTGTCA,2
GCCGGCTTTAGTGTCA,2
GCCTAAAAGATCATGA,2
GCCTAAAGGATTATGA,2
GCCTAAATGATCATGA,2
GCCTGAAGGATCATGA,2
GCCTTTGCGCGCAGCC,2
GCCTTTGCGCGCGGTC,2
GCGAACTTTCATAGCG,2
GCGAAGTTTCACAGCG,2
GCGACGTTTCATAGCG,2
GCGAGCTCGTATCCCT,2
GCGCATTAGCGGGAGG,2
GCGGGGTAGAGATACG,2
GCGTCCGTTGGGAACT,2
GCTAGCTCGTATCCCT,2
GCTCTGGCTCGCTAAT,2
GGAAGCTTCATGGAGT,2
GGAATCCCCAAATAAC,2
GGACAAACCGGCAAAT,2
GGACCATCTCAGATCG,2
GGACCCAGGGGATGCG,2
GGAGATACTAGGACCA,2
GGAGCGTGCCGGTCAT,2
GGAGCTAAAAAGAGGA,2
GGATAAGAGGGCAGAG,2
GGCAAGGTACGGATGG,2
GGCAAGTTACGGAGGG,2
GGCGCCGCTAATCCGA,2
GGGCGAGTGGGAGGAA,2
GGGCGATTGTCCGGAA,2
GGTCCATCTCAAATCG,2
GGTCCATCTCAGATGG,2
GGTCCATGTCAGATCG,2
GGTCCATTTCAGATCG,2
GGTGGAGTTAATAGAG,2
GGTGGGGGTCGCGGTG,2
GGTGTATAACGGAGGG,2
GGTTAACCTTGGAAGC,2
GGTTAACTCTGGAAGC,2
GGTTAACTGGGGAAGC,2
GGTTAACTTTAGAAGC,2
GGTTAACTTTCGAAGC,2
GGTTCAGCGATAACGG,2
GTAAGCAAAGTTAACC,2
GTAAGCAAAGTTCACC,2
GTAAGCGTCATGGAGT,2
GTAAGCTTCATGGAGG,2
GTAAGTAAAGTTGACC,2
GTAATACGCATGCGGA,2
GTAATCCCCAAATAAC,2
GTAATTCGCATACGTA,2
GTAATTCGCATGCGCT,2
GTAATTCGCATGCGGT,2
GTAATTCGCATGCTGA,2
GTAATTCGCATGGGGA,2
GTAATTCGCGTGCGGA,2
GTACAAACGTGCAAAT,2
GTACGTCAGCATAAAC,2
GTAGAACTCCGGCCCC,2
GTAGAACTGAGGCCCA,2
GTAGAACTGCCGCCCC,2
GTAGAACTGCGCCCCC,2
GTAGACACTAGGACCA,2
GTAGGCTTCATGGAGT,2
GTAGGTACTAGGACCA,2
GTAGTGCTGCTGAAGT,2
GTATATTGCCCGGAAG,2
GTATGAGTGGGGTTTA,2
GTCAAGGGACGGATGG,2
GTCAAGTTACGGATGC,2
GTCCATCAGCATAAAC,2
GTCCCCGCTAATCCGA,2
GTCCGTAAGCATAAAC,2
GTCGCACCCTGGAATG,2
GTCGCATCCTGAAATG,2
GTCGCATCCTGGAACG,2
GTGAGCGAAAAAAGCA,2
GTGAGCGTGAAAAGCA,2
GTGAGGGAGAAAAGCA,2
GTGCATCCTAGTTACG,2
GTGCATTCTAGTGACG,2
GTGCGATTGTCCGAAA,2
GTGCGATTGTCGGGAA,2
GTGGCTCCGACACGCC,2
GTGGGCACTAAATTAA,2
GTGGGGATACGTCACC,2
GTGGTAGCAAGCCGGG,2
GTGGTATCTAGCCGGG,2
GTGGTATGAAGCCGGG,2
GTGGTGTCCAATAGGG,2
GTGTACCTGCAGTTGA,2
GTGTATCAGTCGCGCC,2
GTTAGATCGGATACCG,2
GTTAGGTATTATATGC,2
GTTAGTATGACTTCAT,2
GTTATTAGGACTTCAT,2
GTTATTATAACTTCAT,2
GTTATTATGACGTCAT,2
GTTATTATGACTTCAC,2
GTTATTATGACTTCAG,2
GTTCAAACCTGCAAAT,2
GTTCATCCTAGTGACG,2
GTTGCTCCGATACGCC,2
GTTTTTCTATGGCTAC,2
TAAAAAGCCGCCATGA,2
TAAAAAGCCTCCAGGA,2
TAAAAGCAGCACGATA,2
TAAAGCCCCGTGCAAT,2
TAACGTAATTTCTCGA,2
TAACGTGATTTCTCCA,2
TAACGTGATTTGTCGA,2
TAACTGCTGCGGAACG,2
TAAGAAGCCTCCATGA,2
TAAGGTGATTTCTCGA,2
TAATAAGCCAACAAGA,2
TAATAAGCCAGCAAGC,2
TAATACGCCAGCAAGA,2
TACAAGAGAGGGGTCA,2
TACAAGAGAGGGTTCC,2
TACAGAAGTCCATGTA,2
TACATACCGAAGCAGT,2
TACATACCGAGGCAGT,2
TACATACTGACGCAGT,2
TACCAATGTCATTCGA,2
TACCAATGTCATTTAA,2
TACCAATGTCATTTTA,2
TACCAATGTCGTTTGA,2
TACCAATGTGATTTGA,2
TACCAATGTTATTTGA,2
TACCATTGTCGGAAAG,2
TACCCTGAAAGCAACT,2
TACCCTGCAAGCCAGT,2
TACCCTGCAAGCGACT,2
TACCCTGCTAGCCACT,2
TACCTGCTACGGAACG,2
TACCTGCTGCAGAACG,2
TACCTGCTGCGGAGCG,2
TACCTGCTGCGGGACG,2
TACCTGTTGCGGAACG,2
TACCTTGCAAGCCACT,2
TACGTACCGACGCAGT,2
TACTAAGAGAAGTGCG,2
TACTAATGCCGTTGGC,2
TACTAGCAATAAAGTC,2
TACTAGCAGTAAAATC,2
TACTAGTAATAAAATC,2
TACTGATAACCATGAG,2
TACTGATAACCCTGCC,2
TACTGATAATCCTGCG,2
TAGCATTGTCGGAAGC,2
TAGCGGTGATGTGATT,2
TAGCTAATAGTAACTC,2
TAGCTCCTGAGTAGTA,2
TAGCTGATAATAACTC,2
TAGCTGATAGCAACTC,2
TAGCTGATAGTAACGC,2
TAGCTGATAGTAGCTC,2
TAGGTCGTATCCACAG,2
TAGTCCGCTTCATGCT,2
TAGTTGCACTACTGCT,2
TATAATAGGCGTCACA,2
TATACTCACAGAGGAT,2
TATACTCACGGATGAT,2
TATATGAGTAACATAA,2
TATATTAGTAACATGA,2
TATATTGGTAACATAA,2
TATCCAAGGAACGGAC,2
TATCCAAGGGAGGGAC,2
TATCCAATGGACGGAC,2
TATCCATGGGACGGAC,2
TATCCCTAACTAGCGA,2
TATCGCCACTGATAAG,2
TATGAAGAGAAGGGCG,2
TATGCAAGGGACGGAC,2
TATGTCGTATCCACTG,2
TATGTCGTATCCAGAG,2
TATGTCGTATCGACAG,2
TATGTGGTATCCACAG,2
TATTAAAAGAAGTGCG,2
TATTAAGAGAAGTGCC,2
TATTAAGAGTAGTGCG,2
TATTCCTAACTAGAGA,2
TATTCCTAACTAGCGT,2
TATTCCTAGCTAGCGA,2
TATTGATAACCCTGCG,2
TCAAGGGTGTACGAGA,2
TCAATCCCAGCCTTTA,2
TCAATCGAGGGCTAAA,2
TCAATCGGGGGCTAGA,2
TCAATCGGGGGTTAAA,2
TCAATCGGGGTCTAAA,2
TCACAACAATACAAAT,2
TCACGACGCGACTAAC,2
TCACGACTAGACTAAC,2
TCACGACTCGACTAAA,2
TCACGACTCGACTAAG,2
TCACTACTCGACTAAC,2
TCAGTTCATAGCTCCA,2
TCATCGCACTACTGCT,2
TCATCTTTTACATTTA,2
TCATGGGTGTACCAGA,2
TCCACACCACTAGCTA,2
TCCACACCGCTAGCTA,2
TCCACCGCGGTAAGAG,2
TCCAGCGCGGTAAGAC,2
TCCCCGCGGTTTGACA,2
TCCCCGCTGTTTAAAA,2
TCCCCGTGGTTTTACA,2
TCCCCGTGTTTTGACA,2
TCCGGAAACGATCCCC,2
TCCTCGCACTACTGCT,2
TCCTTTACGGATCTCT,2
TCGAACCAAGTAGGAG,2
TCGAACGAAGTAAGAG,2
TCGAACGAAGTAGGAC,2
TCGAACGGAGTAGGAG,2
TCGAGTCAATATGCGC,2
TCGAGTGAATATGCGC,2
TCGAGTTAATATACGC,2
TCGAGTTAATATGCCC,2
TCGAGTTAATATGGGC,2
TCGATTACTAGACGTA,2
TCGATTACTAGCCCGA,2
TCGCGACTCGACTAAC,2
TCGGCCGTTGGGAACG,2
TCGGGAAACGATCCCC,2
TCGGGTTAATATGCGC,2
TCGTAGAGTGAACGAT,2
TCGTCCATTAAGATCA,2
TCGTCCGTTCGGAACT,2
TCGTCCGTTGGGAATT,2
TCGTCCGTTGGGTACT,2
TCGTCGCACGACTGCT,2
TCGTCGCACTACTCCT,2
TCGTTACACTACTGCT,2
TCGTTCGTTGGGAACT,2
TCGTTGCACTACGGCT,2
TCGTTGCACTACTGTT,2
TCTAACACTCGCGGCA,2
TCTAACTCTCCCGGCA,2
TCTAACTCTCGCGTTA,2
TCTAACTTTCGCGGCA,2
TCTAAGTCCTCGTATG,2
TCTAATTCTCGCGGCA,2
TCTCACAGAACCTATC,2
TCTCAGCTCTTAGCAG,2
TCTCAGCTCTTAGCCT,2
TCTCAGCTCTTAGCTG,2
TCTCAGCTCTTATCCG,2
TCTGAGAGTGAACGAT,2
TCTGGAAACGATCACC,2
TCTGGAAACGATTCCC,2
TCTGGAAACGGTCCCC,2
TCTGGAAATGATCCCC,2
TCTGGAAGCGATCCCC,2
TCTGGAGACGATCCCC,2
TCTGGAGCGCCCTTAC,2
TCTTAAGAGAAGTGCG,2
TCTTACTCCTCGTATG,2
TCTTAGAATGAACGAT,2
TCTTAGACTGAACGAT,2
TCTTAGAGCGAACGAT,2
TCTTAGAGTGAACGAC,2
TCTTAGAGTTAACGAT,2
TCTTAGATTGAACGAT,2
TCTTAGTAGGCGGCAT,2
TCTTAGTCCTCCTATG,2
TCTTAGTCCTCGGAGG,2
TCTTAGTCCTGGTATG,2
TCTTAGTGCTCGTATG,2
TCTTATTAGACGGCAT,2
TCTTATTAGCCGGCAT,2
TCTTATTAGGCGGCAG,2
TCTTATTAGGCGGGAT,2
TCTTATTCGGCGGCAT,2
TCTTGACATAGCAATG,2
TCTTGGAGTGAACGAT,2
TCTTTACCACTGGATC,2
TCTTTACGACTGCATC,2
TCTTTGTCCTCGTATG,2
TGACAACAATACAACT,2
TGACAACAATAGAAAT,2
TGACAAGAATACAAAT,2
TGACCCAGTTCCTGCG,2
TGAGTTCAGAGCTCCA,2
TGAGTTCATAGCACCA,2
TGAGTTCATAGCTCAA,2
TGAGTTCATAGCTTCA,2
TGATCTGTGAAATTGC,2
TGATCTGTGGCATTGC,2
TGATCTGTTACATTGC,2
TGATCTTTGACATTTA,2
TGATCTTTTACATTAA,2
TGATTTCATAGCTCCA,2
TGATTTTTTACATTTA,2
TGCAATGGTATACATA,2
TGCAGGGGTATACAGA,2
TGCAGTCGTATACATA,2
TGCAGTGGTATACAAA,2
TGCAGTGGTATAGATA,2
TGCCGTGGTCGATCCG,2
TGCCTGCTGCGGAACG,2
TGCGATTCCGGCGCGG,2
TGCGGAGCGCCCTTAC,2
TGCGGCGGTCGATCCG,2
TGCGGGGGTCGATCCG,2
TGCGGTGGTCGAACCG,2
TGCGGTGGTCGGTCCG,2
TGCTAGTCCGGCGCGG,2
TGCTATTCAGGAGCGG,2
TGCTATTCCGCCGCGG,2
TGCTATTCCGGAACGG,2
TGCTGAATTAAGTATG,2
TGGAATCGTCACGGAT,2
TGGAATCGTCAGCGAT,2
TGGAATCGTGACCGAT,2
TGGAGATAAGACAAAG,2
TGGCAATTGAAACATA,2
TGGCCCGCTTCATGCT,2
TGGGGAGCGCCCGTAC,2
TGGGGAGTGGAAATGA,2
TGGGTAGAAAGAAATA,2
TGGTATCAGTCGCGCC,2
TGGTCCGCTTCATGGT,2
TGGTCCGCTTCATTCC,2
TGGTCCGCTTCGTGCT,2
TGGTGCGCTTCATGCT,2
TGTAATAGGCGACACA,2
TGTAATAGGCGTCAGA,2
TGTAATAGGCGTCGCA,2
TGTAATAGGCGTTACA,2
TGTAATAGGTGTAACC,2
TGTAGAGCCAGTCTGA,2
TGTATTAGTAACATAA,2
TGTATTTGCGCTTCAA,2
TGTCCAAGGGACGGAC,2
TGTCCGGATAAAGTAT,2
TGTCCGTATAAAGTAG,2
TGTCGTAATCTGAATA,2
TGTCGTGAGACTCACA,2
TGTCGTGATACTCACA,2
TGTGGAAACGATCCCC,2
TGTGGAACGCCCTTAC,2
TGTGGAGCCAGTATGA,2
TGTGGAGCGCTCTTAC,2
TGTGGTGCGCCCTTAC,2
TGTGTTGGCTTGGTTA,2
TGTTAAGCCAGTCTGA,2
TGTTATTAGGCGGCAT,2
TGTTGAACCAGTCTGA,2
TGTTGAGCCAATCTGA,2
TGTTGAGCCAGCCTGA,2
TGTTGAGCGAGTCTGA,2
TGTTGCAATCTGAATA,2
TGTTGGAAGCTGAATA,2
TGTTGTAATATGAATA,2
TGTTGTAATCCGAATA,2
TGTTTACCACTGCATC,2
TTAAGCTTCATGGAGT,2
TTAATGTAGCCGCTCT,2
TTACACGCATGTGCCA,2
TTACGAATGGGATTCC,2
TTACGAATTTAATTCC,2
TTACGACTCGACTAAC,2
TTAGATACTAGGACCA,2
TTAGGATATATGGCTG,2
TTATAAACCGTTTGTA,2
TTATCTGTAGAGCGGT,2
TTATGTGTAGAGCGCT,2
TTCAAATAATTGGCGC,2
TTCAACAAGTTGGTGC,2
TTCACCAAGTTGGTGC,2
TTCATATCGAGATTCA,2
TTCATCAAATTGGTGC,2
TTCATCAAGTTGCTGC,2
TTCATCAAGTTGGTGG,2
TTCATCAGGTTGGTGC,2
TTCATTAAGTTGGTGC,2
TTCCAATTGAAACATA,2
TTCCCGTGGTTTGACA,2
TTCCGTGATACTCACA,2
TTCGGCACTAAATTAA,2
TTCTGATAACCCTGCG,2
TTCTGTCCACACTCGT,2
TTCTGTCCAGACTCCT,2
TTCTGTCGAGACTCGT,2
TTCTGTGGTATACATA,2
TTGAAAAAATCACAAA,2
TTGAAAAAATCATAAG,2
TTGAAAAAATCATAGA,2
TTGAAGAAATCATAAA,2
TTGACCCACCGAATAA,2
TTGACGCACCGAATAA,2
TTGACTCACCGAATAG,2
TTGACTCACCGAATAT,2
TTGACTCATCGAATAA,2
TTGATATCGAGATTCA,2
TTGCAATTGAAACATT,2
TTGCAATTGGAACATA,2
TTGCGATTGAAACATA,2
TTGCGTGATACTCACA,2
TTGCTACTGAGTAGTA,2
TTGCTCCTAAGTAGTA,2
TTGCTCCTGAATAGTA,2
TTGCTCCTGAGTAGTC,2
TTGCTCCTGATTAGTA,2
TTGCTCCTGTGTAGTA,2
TTGGACACTAAATTAA,2
TTGGGAGCTAAAGTAA,2
TTGGGCAACGGGAAGC,2
TTGGGCACTAAATGAA,2
TTGGGCACTAAATTAC,2
TTGGGCACTAGATTAA,2
TTGGTGGACAGAAGTA,2
TTGGTTTTACGTCCAT,2
TTGTATCAGCCGCGCC,2
TTGTATCAGTCCCGCC,2
TTGTATCAGTCGCCCC,2
TTGTATCAGTCGCGCG,2
TTGTATCAGTCGGGCC,2
TTTAAAAAATCATAAA,2
TTTAACTCTCGCGGCA,2
TTTAATAGGCGTCACA,2
TTTACGTATGTCCCAG,2
TTTATACCGAGATTCA,2
TTTATAGAAGACGAGA,2
TTTATATCGAGATTTA,2
TTTATATGGAGATTCA,2
TTTCAACGTTGTTTTG,2
TTTCACAGAACCTATT,2
TTTCAGAGGGGTTGTG,2
TTTCAGCGTCGTTTTG,2
TTTCAGCGTTGGTTTG,2
TTTCAGCGTTTTTTTG,2
TTTCCGAATGGGGTAG,2
TTTCGTGATAGTCACA,2
TTTGGAAACGATCCCC,2
TTTGTATCGAGATTCA,2
TTTTAAATTATAGTCT,2
TTTTATTAGGCGGCAT,2
TTTTTCTAGTACGCTT,2
AAAAAACCTATGACAA,1
AAAAAAGCCTCCATGA,1
AAAAAAGTGATGACAA,1
AAAAAAGTTAGGACAA,1
AAAAAATTAATGACAA,1
AAAAAATTTATCACAA,1
AAAAAATTTATGACTA,1
AAAAAATTTATGTCAA,1
AAAAAATTTGGGACAA,1
AAAAAATTTTTGACAA,1
AAAAAGCTATAGAAGT,1
AAAACTCTTTTCGTTC,1
AAAAGATTTGGGAGGG,1
AAAATTGATTGAAGTT,1
AAACACGAGGTTGTGA,1
AAACACGCATGTGCCA,1
AAACCCATAAGACCAA,1
AAACCCATAAGACGCC,1
AAACCCATAAGATCCC,1
AAACCGAATGGGGTAG,1
AAACGCATAAGACCCC,1
AAACGCTGGCACCCGT,1
AAACTCACAATATCCA,1
AAAGAACTTTAACTCT,1
AAAGACATTTAACTCT,1
AAAGACCACCATTGAG,1
AAAGACCGTTAACTCT,1
AAAGACCTATAACTCT,1
AAAGACCTCTAACTCT,1
AAAGACCTGTAACTCT,1
AAAGACCTTGAACTCT,1
AAAGACCTTTAACACT,1
AAAGACCTTTGACTCT,1
AAAGAGCTTTAACTCT,1
AAAGATCTTTAACTCT,1
AAAGCGAGCATGTCAA,1
AAAGCTAAAAAGAGGA,1
AAAGCTCGTTGCGTGC,1
AAAGCTCTTTGCGTTC,1
AAAGCTCTTTTCGGTC,1
AAAGCTCTTTTCGTAC,1
AAAGCTCTTTTCGTTT,1
AAAGCTGTTTTCGTTC,1
AAAGGCGCGCCGTCAA,1
AAAGGCGCGCCTACAA,1
AAAGGCGCGCCTTCTA,1
AAAGGCGCGCCTTGAA,1
AAAGGCGCGTCTTCAA,1
AAAGGGGCGCCTTCAA,1
AAAGGTCTTTTCGTTC,1
AAAGGTTTAATAGACG,1
AAAGTAACAGAGGATT,1
AAAGTAGAAGAGGATT,1
AAAGTAGCAGAGGGGT,1
AAAGTAGCATAGGATT,1
AAAGTCACAATATCCA,1
AAAGTCTGAACCATAC,1
AAAGTCTGGGACGGAT,1
AAAGTGCGTATTGAGT,1
AAAGTTGTACACACCA,1
AAATAAGCCAGCAAGA,1
AAATAATTTATGACAA,1
AAATACACAATATCCA,1
AAATACGCATGTGCCA,1
AAATAGATGTACAGTC,1
AAATATTGCCCGGAAG,1
AAATATTGCTACACAT,1
AAATCGTGAGTACTAG,1
AAATGCTTAATAGACG,1
AAATGTCTAATAGACG,1
AAATGTTCAATAGACG,1
AAATGTTGAGGGAGGG,1
AAATGTTTAAGAGACG,1
AAATGTTTAATAAACG,1
AAATGTTTAATAGAAG,1
AAATGTTTAATAGATG,1
AAATGTTTAATATACG,1
AAATGTTTGATAGACG,1
AAATTAAGAGAAAGTT,1
AAATTAGTAGACCCAC,1
AAATTCACAATATCCG,1
AAATTCACAATATTCA,1
AAATTCACAATGTCCA,1
AAATTCACAGTATCCA,1
AAATTCAGAATATCCA,1
AAATTCATGGGATGCT,1
AAATTCCGTCGCCTGA,1
AACAACCCCAGAGATG,1
AACAAGAGAGGGGTCC,1
AACACCTAGAACCGCC,1
AACACGTAGAACCGGC,1
AACACGTAGAACCTTC,1
AACACGTATGTCCCAG,1
AACAGAAATCCATGTA,1
AACAGAAGTCCAAGTA,1
AACAGAAGTCCATCTA,1
AACAGAAGTCCATGCA,1
AACAGACGTCCATGTA,1
AACAGCGCGGTAAGAG,1
AACAGTAGTCCATGTA,1
AACCAACAAGTGACCG,1
AACCAACCCAGAGATG,1
AACCACCAAGTGAACG,1
AACCACCAGGTGACCG,1
AACCACCCAAGAGATG,1
AACCACCCCAGACATG,1
AACCACCCCAGATATG,1
AACCACCCCCGAGATG,1
AACCACCGAGTCACCG,1
AACCACCGGGGGACCG,1
AACCACCGTGTGACCG,1
AACCACTCCAGAGATG,1
AACCCATGCTGGGGAT,1
AACCCTACCGCGTTTA,1
AACCGACGAGACGTAG,1
AACCGCCCCAGAGATG,1
AACCGTACCCCGTTTA,1
AACCGTACCGAGTTTA,1
AACCGTACCGCGTTTT,1
AACCGTACCGCTTTTA,1
AACCGTACCGTGTTTA,1
AACCGTACCTCGTTTA,1
AACCGTTCCGACTAAG,1
AACCTACAAGACGTAA,1
AACCTACGAGAAGTGA,1
AACCTACGAGACGTAT,1
AACCTACGAGACGTTA,1
AACCTACGAGTGACCG,1
AACCTACTAGACGAAA,1
AACCTAGGAGACGTAA,1
AACCTAGGATCGAACT,1
AACGACAAACAGTAAC,1
AACGACAAACAGTTAG,1
AACGACAAAGAGTAAG,1
AACGACAAATAGGAAG,1
AACGACACCCTTCCGG,1
AACGACCGAGTGACCG,1
AACGAGGGGGACAGTC,1
AACGCGAGCATGTCAA,1
AACGGACGGCGAACTC,1
AACGGGTGAGGCGGAG,1
AACGGTAAACAGTAAG,1
AACGGTGCCGACGAAG,1
AACGGTTCACGAATAA,1
AACGGTTCCGACAAAG,1
AACGGTTCCGACTACG,1
AACGGTTCCGAGTAAG,1
AACGGTTCTCACTAAG,1
AACGTCCCTATGTAAT,1
AACGTCCCTGACTGCT,1
AACTAAAGGATCATGA,1
AACTACCCCAGAGATG,1
AACTACCCTGACTGCT,1
AACTATTGCTACACAT,1
AACTGCGCGGCTCGGG,1
AACTGCGGTCATCGAT,1
AACTGCGTTCATCGAG,1
AACTGCGTTCATCGCT,1
AACTGCGTTCATCGGT,1
AACTGCGTTCGTCGAT,1
AACTGCGTTCTTCGAT,1
AACTGCGTTTATCGAT,1
AACTTACGTCGCCTGA,1
AACTTCCCGGACTGCT,1
AACTTCCCTGACAGCT,1
AACTTCCCTGACGGCG,1
AACTTCCCTGACTGGT,1
AACTTCCCTGATTGCT,1
AACTTCCGAGTGACCG,1
AACTTCCGTCGACTGA,1
AACTTCCGTCGTCTGA,1
AACTTCCGTCTCCTGA,1
AACTTCCGTTGCCTGA,1
AACTTCCTTGACTGCT,1
AACTTCGCTGACTGCT,1
AAGAAACTATAGAAGT,1
AAGAAAGAAACTGGAG,1
AAGAACACTTTGTGAT,1
AAGAAGACCTTGTGAT,1
AAGAAGACGTTGTGAT,1
AAGAAGACTATGTGAT,1
AAGAAGACTTTCTGAT,1
AAGAAGACTTTGAGAT,1
AAGAAGACTTTGTCAT,1
AAGAAGACTTTGTGTT,1
AAGAAGCGATAGAAGG,1
AAGAAGCTAAAGAAGT,1
AAGAAGCTACAGAAGT,1
AAGAAGCTAGAGAAGG,1
AAGAAGCTATAGAAAT,1
AAGAAGCTATAGAACT,1
AAGAAGCTATAGACGT,1
AAGAAGCTATAGAGGT,1
AAGAAGCTATAGATGT,1
AAGAAGCTTTAGAAGT,1
AAGAAGGTATAGAAGT,1
AAGAAGGTTGTGGGAG,1
AAGAAGTTATAGAAGT,1
AAGACAGGGGGGGTTG,1
AAGACCCTAGATGGTA,1
AAGACTATAGTTGGCA,1
AAGACTGATTGAAGTT,1
AAGAGGCCTCATAATG,1
AAGAGGCTATAGAAGG,1
AAGAGGCTGTAGGAGG,1
AAGAGGGGGGTGGGAT,1
AAGAGTATGAAGAGCG,1
AAGAGTGAGTGAAGGG,1
AAGAGTGATTGAAGGT,1
AAGAGTGATTGAAGTT,1
AAGATAGTAGACCCAC,1
AAGATGGATGGAAGTG,1
AAGATTGATTAAAGTT,1
AAGATTGATTGAAGGG,1
AAGATTGATTGAAGTA,1
AAGATTGATTGATGTT,1
AAGCACCCCAGAGATG,1
AAGCATTGCTACACAT,1
AAGCCCAACGGGTGAT,1
AAGCCCAGCGTGTGAT,1
AAGCCCATCGGGTGAT,1
AAGCCGAGCGGGTGAT,1
AAGCCTAGCGGGTGAT,1
AAGCGCAGCGGGTGAT,1
AAGCGCTGATGTGATT,1
AAGCGCTGGCACCCGG,1
AAGCGGGGATGGGATT,1
AAGCGGTAATGTGATT,1
AAGCGGTGAGGGGATG,1
AAGCGGTGAGGTGGGG,1
AAGCGGTGATGAGATT,1
AAGCGGTGATGTCATT,1
AAGCGGTGGCACCCGT,1
AAGCGGTGGTGTGAGT,1
AAGCGGTGTTGTGATT,1
AAGCTACGAGACGTAA,1
AAGGAAACAAGCGAAC,1
AAGGACCTTTAACTCT,1
AAGGAGATGGTCGGGC,1
AAGGATTGCTACACAT,1
AAGGCCAGCGGGTGAT,1
AAGGCGAGCATGGCAA,1
AAGGGAAGAGAAAGTT,1
AAGGGCCCTCATAATG,1
AAGGGGATGAGGAATG,1
AAGGGGCCTCATAACG,1
AAGGGGCCTCGTAATG,1
AAGGGGCTGCATGAGG,1
AAGGGGCTTCATAATG,1
AAGGGTTCCGACTAAG,1
AAGGTAGGAGACCCAC,1
AAGGTCCCTATCTAAT,1
AAGGTCCCTATGCAAT,1
AAGGTCCCTATGGAAG,1
AAGGTCCCTATGTAAG,1
AAGGTCCCTATGTATT,1
AAGGTCCCTATGTTAT,1
AAGGTCGCTATGTAAT,1
AAGGTCTGGATGGGAT,1
AAGTAGGATTTGAGAG,1
AAGTATGAGTGTCGAG,1
AAGTATTGCTACACAA,1
AAGTATTGCTACACTT,1
AAGTATTGCTACAGAT,1
AAGTATTGCTACTCAT,1
AAGTATTGCTAGACAT,1
AAGTCGTGAGGACTAG,1
AAGTCGTGAGTACGAG,1
AAGTGAAGAGAAAGGT,1
AAGTGGTGAGGTGAGG,1
AAGTGTCTCTGAGCAA,1
AAGTTAAGAGAAAGAT,1
AAGTTAAGAGAAATTT,1
AAGTTACTAGACCCAC,1
AAGTTAGCAGACCCAC,1
AAGTTAGGAGAAAGTG,1
AAGTTAGTAAACCCAC,1
AAGTTAGTAGACCCTC,1
AAGTTAGTAGAGCCAC,1
AAGTTAGTAGATCCAC,1
AAGTTAGTAGGCCCAC,1
AAGTTAGTAGTCCCAC,1
AAGTTATCCGAGAGCG,1
AATAAAAGACTGTATA,1
AATAACTGGCACCCGT,1
AATAGAAGTCCAGGTA,1
AATAGATTATAACGTA,1
AATATTAGTAACATAA,1
AATATTGGGGAGAGTC,1
AATATTTGCGCTTCAA,1
AATCACCCCAGAGATG,1
AATCACTGGCACCCGC,1
AATCCCAGCGGGTGAT,1
AATCCTATCCTCAAAT,1
AATCGCCACTGATAAG,1
AATCGCTGGCACAAGT,1
AATCGCTGGCACCCAA,1
AATCGCTGGCACCGGT,1
AATCGCTGGTACCAGT,1
AATCGCTTGTACCCGT,1
AATCGTACCGCGTTTA,1
AATGAAACAAACGAAC,1
AATGAAACAATCGACC,1
AATGAAACAATCGATC,1
AATGAAACAATCGTAC,1
AATGAAACTATAACCA,1
AATGAATCAATCGAAC,1
AATGCGAACATGTCAA,1
AATGCGTGAGGACTAG,1
AATGCTAGCATGGCAA,1
AATGCTCTTTTCGTTC,1
AATGGGAGCATGTCAA,1
AATGTGAGCGGGGGGG,1
AATGTGGAGGACGGCG,1
AATGTTGAATAGGAGA,1
AATGTTGGCTTGGTTA,1
AATTACTGATGAATTG,1
AATTAGGGAGGACGAG,1
AATTCAGCGATAACGG,1
AATTCGCGGGTACTAG,1
AATTCGTGGGTACTGG,1
AATTGAACGTAATACC,1
AATTGAACGTCATACA,1
AATTGAACGTCATTCC,1
AATTGAACTTCATACC,1
AATTGTTCCGACTAAG,1
AATTTATCCGAGAGAG,1
AATTTATCCGAGAGTC,1
AATTTATCCGGGAGCG,1
AATTTATCCTAGAGCG,1
AATTTATCTGAGAGCG,1
ACAAAACAAAAAATTA,1
ACAAAATCTCAGATAC,1
ACAAAATGAATCATCC,1
ACAAAATTTATGACAA,1
ACAAACTGAACCATAC,1
ACAAAGGCTCGAGATG,1
ACAAAGTCCCGAGAAG,1
ACAAAGTCTCGAGAGG,1
ACAAAGTCTCGAGATG,1
ACAAAGTCTCGCGGCA,1
ACAAAGTGTCGAGAAG,1
ACAACAGTCCTAGCAA,1
ACAACTGAGGGCATTG,1
ACAAGAAATGAGTTGT,1
ACAAGAATCGGGGGAC,1
ACAAGACTCGGGGGAC,1
ACAAGATCCGGGGGAC,1
ACAAGATTCCGGGGAC,1
ACAAGATTCGACTAAC,1
ACAAGATTCGCGGGAC,1
ACAAGATTCGGGGAAA,1
ACAAGATTCGGGGCAC,1
ACAAGATTCGGGGGTC,1
ACAAGATTCGGTGTAC,1
ACAAGGGTGTACGAGA,1
ACAATCGGAACCAGAC,1
ACAATCGGAACCATAC,1
ACAATCTGAACCAAAC,1
ACAATCTGAACCTTAC,1
ACAATCTGATGAATTG,1
ACAATTTGAACCATAC,1
ACACAAATAGACCGAA,1
ACACCGGTTGGCTGTA,1
ACACGATTCGGGGGAC,1
ACACGGATTGGCTGTT,1
ACACGGCTTGGCTGTA,1
ACACGGGGGGGCGGGA,1
ACACGGGTGGGCTGGA,1
ACACGGGTTAGCTTTA,1
ACACGGGTTCGCTGTA,1
ACACGGGTTGGCCGGA,1
ACAGGACGATCTACGC,1
ACAGGCCACCATGGAG,1
ACAGGCCACCATTGAG,1
ACAGGGGTGGGAGGGA,1
ACAGTACGAGCTACGC,1
ACAGTACGATCGACGC,1
ACAGTACGATCTACGG,1
ACAGTACGATTTACGC,1
ACAGTAGGATCTACGC,1
ACAGTCCACCAATAAG,1
ACAGTCCACCAGTGAG,1
ACAGTCCAGCATTGAG,1
ACAGTCGACCATTGAG,1
ACAGTTCACCATTGAG,1
ACAGTTTCCAATAGGT,1
ACATAAAAAACTTAGT,1
ACATGGGCCAATAGGT,1
ACATGGTCCAATAGGT,1
ACATTCTCCAATAGGT,1
ACATTTAACAGACGTA,1
ACATTTTCCAAAAGGT,1
ACATTTTCCAACAGGT,1
ACATTTTCCAATAAGT,1
ACATTTTCCAATACGT,1
ACATTTTCCAATAGCT,1
ACATTTTCCAATATGC,1
ACATTTTTCGAGAGGT,1
ACCACACCCCTAGCTA,1
ACCACCAATGAGTTGT,1
ACCAGCAAAGAGTTGT,1
ACCAGCAAGGAGGGGG,1
ACCAGCAAGGAGTTGT,1
ACCAGCAATGAGATGT,1
ACCAGCAGTGAGGTGT,1
ACCAGCCATGAGTTGT,1
ACCATAGGGATATGTG,1
ACCCAAATAGACCGAA,1
ACCCCCGAAGCTTGGC,1
ACCCCCGCAGCTTGGC,1
ACCCCCGGAGCCTGGC,1
ACCCCCGGAGCTTGCC,1
ACCCCCGGAGGTTGGC,1
ACCCCCGGATCTTGTC,1
ACCCCGTGGTTTGACA,1
ACCCGAAGTTGCCAAG,1
ACCGAAGGAATCGTCC,1
ACCGAATGAATCAACC,1
ACCGAATGAATCTTCC,1
ACCGAATGGATCATAC,1
ACCGAATGTATCATCC,1
ACCGAGGCACGAAGAA,1
ACCGAGTCACGAACAA,1
ACCGAGTCACGAAGAA,1
ACCGAGTCGCGAATAA,1
ACCGAGTGAAGAATAA,1
ACCGATACACGAATAA,1
ACCGATTCACGAAATA,1
ACCGATTCACGAACAA,1
ACCGATTCACGAATAC,1
ACCGATTCACGATTAA,1
ACCGCAAGTTGCCAAG,1
ACCGCCGGAGCTTGGC,1
ACCGGAAGTCGCCAAG,1
ACCGGAAGTTGCAAAG,1
ACCGGAAGTTGCCACT,1
ACCGGAAGTTGCCAGG,1
ACCGGAAGTTGCCATG,1
ACCGGAAGTTGCCGAG,1
ACCGGAAGTTGCTAAG,1
ACCGGAAGTTGGCAAG,1
ACCGGCAATGAGTTTT,1
ACCGGGAGTTGCCAAG,1
ACCGGGATTGGCTGTT,1
ACCGGTGTACACACCA,1
ACCGGTGTACGAATAA,1
ACCGTCCACCATTGAG,1
ACCGTGGTACACACCA,1
ACCGTTATACACACCA,1
ACCGTTGTAGACACCA,1
ACCGTTGTTCACACCA,1
ACCTCCATTAAGATCA,1
ACCTGCGTGGCTCGGG,1
ACCTTCGCGGCTCGGG,1
ACCTTTGCGCGCAGTC,1
ACGACGAGGCTACGGA,1
ACGACTATAGTTGGCA,1
ACGAGTTAATATGCGC,1
ACGCAAAAAGACCGAA,1
ACGCAAATAGACCGAT,1
ACGCAAATAGACGGAA,1
ACGCAGATAGACCGAA,1
ACGCCCGGAGCTTGGC,1
ACGCTGGCTCGCTAAT,1
ACGGAAATAGACCGAA,1
ACGGCCCACGGGCATA,1
ACGGGAATTGACTGTT,1
ACGGGCATTGGCTGTT,1
ACGGGGAGGGGCTGTT,1
ACGGGGATAGGCTGTT,1
ACGGGGATGGGCGGTT,1
ACGGGGATGGGCTGTT,1
ACGGGGATTAGCTGTT,1
ACGGGGATTCGCTGTT,1
ACGGGGATTGGCGGGT,1
ACGGGGATTGGGTGTT,1
ACGGGGGGGGGCGGGT,1
ACGGGGGGTGGCTGTT,1
ACGGGGTAGAGATACG,1
ACGGTACGATCTACGC,1
ACGGTCTAGAAAGTTT,1
ACGGTCTAGAAATTTT,1
ACGGTTTAGAAGGTTT,1
ACGTAAATAGACCGAA,1
ACGTAGGATTGTCGAG,1
ACGTATAACTTTCGAG,1
ACGTATCATTTTCGAG,1
ACGTATGACTTTAGAG,1
ACGTATGACTTTCGAA,1
ACGTATGAGTGTCGAG,1
ACGTATGATATTCGAG,1
ACGTATGATTGAAGTT,1
ACGTATGATTTTCGCG,1
ACGTATGATTTTGGAG,1
ACGTATGGCTTTCGAG,1
ACGTATGTTTTTCGAG,1
ACGTCCATTACGATCA,1
ACGTCCTTTAAGATCA,1
ACGTCGATTAAGATCA,1
ACGTCGCACTACTGCT,1
ACGTCGGGACTCATCT,1
ACGTCTATTAAGATCA,1
ACGTCTCTCCGAGCAA,1
ACGTGACTCCGAGCAA,1
ACGTGCGCGGCTCGGG,1
ACGTGGCTCCGAGCAA,1
ACGTGGGATGTGCGAG,1
ACGTGGGTGTACGAGA,1
ACGTGTCACCGAGCAA,1
ACGTGTCTCCGACCAA,1
ACGTGTCTCGGAGCAA,1
ACGTGTCTGCGAGCAA,1
ACGTTAGTAGACCCAC,1
ACTAAACATGCATTGG,1
ACTAACTCTCGCGGCA,1
ACTACGAAGCTACGTA,1
ACTACGAATGGGGTAG,1
ACTACGAGGATACATA,1
ACTACGAGGCGACGTA,1
ACTACGAGGCTAGGTA,1
ACTACGAGGCTTCGTA,1
ACTACGAGGGTACGTA,1
ACTACGCGGCTACGTA,1
ACTACGTGGCTACGTA,1
ACTAGATTAGGGGGAC,1
ACTAGATTATAACGTA,1
ACTCCGGCTCGCTAAT,1
ACTCCTATCCTCAAAT,1
ACTCGTTTAGATAGTT,1
ACTCTGCCTCGCTAAT,1
ACTCTGGCTCCCTAAT,1
ACTGACTAGAAATTTT,1
ACTGGCGAGAAATGGT,1
ACTGGCGAGAAATTTT,1
ACTGTCGAGAAATGTT,1
ACTGTCGAGAAATTGT,1
ACTGTCTACAAATTTT,1
ACTGTCTAGAAAATTT,1
ACTGTCTAGAAAGTGT,1
ACTGTGGCTCGCTAAT,1
ACTTACTCATTATACG,1
ACTTAGTCCTCGTATG,1
ACTTATTAGGCGGCAT,1
ACTTCCATAGGCATGG,1
ACTTTGGCTCGCTAAT,1
AGAAAAGAAACTGGAG,1
AGAAAAGCTCAGAGAC,1
AGAAAATCGCAAATTA,1
AGAAAATCTCAGATTC,1
AGAAAATCTCCGATAC,1
AGAAAATCTCGAGAAG,1
AGAAAATCTCGCGGCA,1
AGAAAATCTCTGATAC,1
AGAAAATCTGAGATAC,1
AGAAAATGTCAGATAC,1
AGAAAATTTCAGATAC,1
AGAAAGGGGGGGATGG,1
AGAAAGTCTCGAGAAG,1
AGAAATATAGTTGGCA,1
AGAACGTTTGTGCAAA,1
AGAACTAAAAAGAGGA,1
AGAACTGAGGGCAGTG,1
AGAAGATAGCAGATAG,1
AGAATAGGGAGATGGG,1
AGAATCTGAAAGATAG,1
AGACACGTAGGGGCCA,1
AGACAGCCAGTTTCGT,1
AGACCATCGCACACAA,1
AGACCATCGCACCCGA,1
AGACCATCGCACCCGT,1
AGACCATCGCACCCTA,1
AGACCATCGCACTCAA,1
AGACCATCGTACCCAA,1
AGACCCAGTTCCTGCG,1
AGACCGCCAGGTTCGT,1
AGACCGCCAGTTTCGG,1
AGACCGTCGCACCCAA,1
AGACCTAAAAAGAGGA,1
AGACCTCCAGTTTCGT,1
AGACTATCGCACCCAA,1
AGAGAAAATGATCCGC,1
AGAGACCTTTAACTCT,1
AGAGCCCAGGTCCTTT,1
AGAGCTAAAAAGAGGG,1
AGAGCTAAAAAGAGGT,1
AGAGCTAAAAAGATGA,1
AGAGCTAAAAAGATTA,1
AGAGCTGAAAAGAGGA,1
AGAGCTTAAAAGAGGA,1
AGAGGAGATATGGCTG,1
AGAGGAGGGATGGCTG,1
AGAGGAGGGTGCCAAG,1
AGAGGAGTTAAGGGGG,1
AGAGGATAGATGGCTG,1
AGAGGATATAGGGCTG,1
AGAGGATGTATGGCGG,1
AGAGTATAGCATTGAG,1
AGAGTTCATAGCTCCA,1
AGAGTTTAGGTATTGG,1
AGATAAAAAACGTAGT,1
AGATAATCTCAGATAC,1
AGATATGGAAGGGAAG,1
AGATCAGCGATAACGG,1
AGATCCACCCTATAAT,1
AGATCCACCCTATAGA,1
AGATCCACCCTATGGT,1
AGATCCACCGTATAGT,1
AGATCCACGCTATAGT,1
AGATCCATCCTATAGT,1
AGATCCCAGATCATTT,1
AGATCCCAGGTCCGTT,1
AGATCCCAGGTCCTAT,1
AGATCCCTGGTCCTTT,1
AGATCCGAGGTCCTTT,1
AGATCCTAGGTCCTTT,1
AGATCGACCCTATAGT,1
AGATCGCAGGTCCTTT,1
AGATCGCCAGTTTCGT,1
AGATGAGAAGGGGATA,1
AGATGCACCCTATAGT,1
AGATGGACGGGCATGG,1
AGATTCACCCTATAGT,1
AGCAAACATGCATTGG,1
AGCAAAGAAACTGGAG,1
AGCACCTGGGGTATCA,1
AGCACTATAGTTGGCA,1
AGCAGAGGGAGATGTG,1
AGCAGAGGGATGTGTG,1
AGCAGCGAACAGAGAG,1
AGCAGCGAACAGGGAG,1
AGCATAGGGATATGTC,1
AGCATAGGGGGAGGGG,1
AGCATCGAACAGGTAG,1
AGCATCTAACAGTAAG,1
AGCATCTAACAGTTAG,1
AGCATCTAACCGATAG,1
AGCATGGGGAGATGTG,1
AGCATGGGGATATGGG,1
AGCATTTACTGAAGGG,1
AGCATTTGCGCTTCAA,1
AGCCCACGCTGGGGAT,1
AGCCCATGCCGGGGAT,1
AGCCCATGCTCGGGAT,1
AGCCCATGCTGGCGAT,1
AGCCCATGCTGGGGTT,1
AGCCCATGGTGGGGAT,1
AGCCCCGTAAGGACTA,1
AGCCGTTTAGATAGTT,1
AGCCTATGCTGGGGAT,1
AGCGAAATCGCCCTTT,1
AGCGACATCGCCCCTT,1
AGCGACATCGCCCTGT,1
AGCGACATCGGCCTTT,1
AGCGACATCGTCCTTT,1
AGCGACATTGCCCTTT,1
AGCGATATCGCCCTTT,1
AGCGCATGCTGGGGAT,1
AGCGCATGGGGTATCA,1
AGCGCCGGGGGTAGCA,1
AGCGGAAGTTGCCAAG,1
AGCGGAGGGATAGGTG,1
AGCGGCGAACAGGGAG,1
AGCGGGGGGGGATGGG,1
AGCGTCTAACAGATGG,1
AGCTAAATTAAGTATG,1
AGCTCAATTAAGTATG,1
AGCTCATGCTGGGGAT,1
AGCTCATGGGGTATAA,1
AGCTCCAGGGGTATCA,1
AGCTCCGGAGCTTGGC,1
AGCTCCTGGAGTATCA,1
AGCTCCTGGGGGAGCA,1
AGCTCCTGGGGTATGA,1
AGCTCTGGGGGTATCA,1
AGCTCTTGGGGTATCA,1
AGCTGAAGGAAGTATG,1
AGCTGAATGAAGGATG,1
AGCTGAATTAAAGGCA,1
AGCTGAATTAAATATG,1
AGCTGAATTAAGAATG,1
AGCTGAATTAAGTAAG,1
AGCTGAATTAAGTACG,1
AGCTGAATTAAGTTTG,1
AGCTGCATTAAGTATG,1
AGCTGCGCGGCTCGGG,1
AGCTGGAGGAAGTGGG,1
AGCTGGATGAAGTATG,1
AGCTTCAGACTCTTGC,1
AGGAAAAAAACTGGAG,1
AGGAAAGAAAGTGGAG,1
AGGAAAGAAATACATA,1
AGGAAAGAAATTGGAG,1
AGGAAGACTTGGGGAT,1
AGGAAGAGTGGGGTAG,1
AGGACGAGAAGAAGGG,1
AGGACTAAAGTTGGCA,1
AGGACTAGAGTGGGCA,1
AGGACTATACTTGGCA,1
AGGACTATAGTTCGCA,1
AGGACTATAGTTGACC,1
AGGACTATAGTTGCCA,1
AGGACTATAGTTGGCT,1
AGGACTATATTTGTCA,1
AGGACTTTACGAGACA,1
AGGAGAGAAACGGGAG,1
AGGAGAGTAGAACGTA,1
AGGAGATGATAACGTA,1
AGGAGGAGGAAGAGCG,1
AGGAGGGCTAAGGGAG,1
AGGAGGGCTACGTGAG,1
AGGAGTATGAAGAGGG,1
AGGAGTATGAAGTGCG,1
AGGAGTATGCAGAGCG,1
AGGAGTATGGAGAGAG,1
AGGAGTGGGAAGAGGG,1
AGGAGTTGAGATAGGT,1
AGGATCATAGGGAATA,1
AGGATCTAACAGATAG,1
AGGCAAATAGACCGAA,1
AGGCCATCGCACCCAA,1
AGGCCCAGCGGGTGAT,1
AGGCCCCTAAGGACTA,1
AGGCCCGGAGCTTGGC,1
AGGCCCGTAAAGACTA,1
AGGCCCGTAAGAACTA,1
AGGCCCGTATGGACTA,1
AGGCCGAATGGGGGAG,1
AGGCCGGTAAGGACTA,1
AGGCGCGTAAGGACTA,1
AGGCGGACGGGCATGG,1
AGGCGGGGATGTGAGT,1
AGGCGGGTAGATAGGT,1
AGGCGGTGAGATAGGT,1
AGGCGTGTAGAGAGTT,1
AGGCGTGTAGATAGTT,1
AGGCGTTTAGATAGGG,1
AGGCGTTTAGATAGGT,1
AGGCGTTTAGATAGTG,1
AGGGAACCTCCCATAC,1
AGGGAATCTCAGATAC,1
AGGGAATCTCGGAGAC,1
AGGGACGTAAGGAAGA,1
AGGGCTAAAAAGAGGA,1
AGGGCTATTTTCGGGT,1
AGGGGAGGGATGGAGG,1
AGGGGAGGTCCAGGGA,1
AGGGGATTGGAGAGAC,1
AGGGGCATGAAGAGCG,1
AGGGGGGATGAAGGTT,1
AGGGGGGGCTGGGTGA,1
AGGGGGGTGGAGAAAC,1
AGGGTAACCTTAGGGG,1
AGGGTACGATTTAGGA,1
AGGGTCAGACTCTTGC,1
AGGGTGGAAGAGGCGA,1
AGGGTGGGCTTGGGTA,1
AGGGTTGAGTGGAGGG,1
AGGGTTGGAGAGGCGA,1
AGGGTTGGAGGGGTTA,1
AGGGTTGGCTTGGTTA,1
AGGTAAAGGCTGGGGT,1
AGGTCCATAGGAATGG,1
AGGTCCATAGGCATGG,1
AGGTCCGTAAGGACTA,1
AGGTCCTGGGGTATCA,1
AGGTGAAGGATAGTGC,1
AGGTGCAGACTCTTGC,1
AGGTGGACGCGCATGG,1
AGGTGGACGGACATGG,1
AGGTGGACGGGCAGGG,1
AGGTGGACGGGCATAG,1
AGGTGGACGGGCGTGG,1
AGGTGGACTGGCATGG,1
AGGTGGGCGGGCATGG,1
AGGTGGGGGCGCCCGG,1
AGGTGGGGGCTCCCTG,1
AGGTGTATGAAGAGCG,1
AGGTTCAGAATCTTGC,1
AGGTTCAGACGCTTGC,1
AGGTTCAGACTCATGC,1
AGGTTCAGAGTCTTGC,1
AGGTTCATATTCTTGC,1
AGGTTGGAGGGGGGGG,1
AGTAAACATGCATTAG,1
AGTAAACATGGATTGG,1
AGTAAACTTGCATTGG,1
AGTAAAGATGCATTGG,1
AGTACACATGCATTGG,1
AGTACTATCCTCAAAT,1
AGTACTTGCGCTTCAA,1
AGTAGAGGGATATGGG,1
AGTAGCAATGAGTTGT,1
AGTAGGGCGACGGGAG,1
AGTAGGGCGACGTGAG,1
AGTAGTGGCGCTTCAA,1
AGTATAGGGAGATGTG,1
AGTATATCTCAGATCG,1
AGTATCATAGCGAATA,1
AGTATCATATCTAATA,1
AGTATGTGCGCTTCAA,1
AGTATTAGCGCTTCAA,1
AGTATTGGCGCTGCAA,1
AGTATTTAAGCTTCAA,1
AGTATTTCCGCTTCAA,1
AGTATTTGCGCTTCCA,1
AGTATTTGCGCTTTAA,1
AGTATTTGCGGTTCAA,1
AGTATTTGTGCTGCAA,1
AGTCCCATAGGCATGG,1
AGTCCCTTAAGGACTA,1
AGTCCGAAGGGGGGAG,1
AGTCCGAGGGGGGTAG,1
AGTCCTATCCTCAAAG,1
AGTCCTATCCTCAACT,1
AGTCCTATCCTCAAGT,1
AGTCCTATCCTCAGAT,1
AGTCCTATCCTTAAAT,1
AGTCGCTGGCACCCGG,1
AGTCGGGTTGGCTGTA,1
AGTCGTATAGATAGTT,1
AGTCGTGTAGATAGGT,1
AGTCGTTGAGAGAGTT,1
AGTCGTTGAGATAGGT,1
AGTCGTTTAAATAGTT,1
AGTCGTTTACATAGTT,1
AGTCGTTTAGATTGTT,1
AGTCGTTTAGGGAGTT,1
AGTCGTTTATATATTT,1
AGTCGTTTTGATAGTT,1
AGTCTGGCTCGCTAAT,1
AGTCTTATCCTCAAAT,1
AGTCTTGAATAGGCGA,1
AGTCTTGGCTTGGTTA,1
AGTGAACATGCAGTGG,1
AGTGACATCGCCCTTT,1
AGTGGACATGTAGGGG,1
AGTGGATGAGTCAGCA,1
AGTGGCAATGGGTGGT,1
AGTGGGGAAGAGGCGA,1
AGTGGGGAATAGGCGA,1
AGTGGGGGGAGCCGTT,1
AGTGGGGGGATCGAGT,1
AGTGGGGGTCTCCCGT,1
AGTGGTGGCCTGGGGA,1
AGTGGTTTAGATAGTT,1
AGTGTAGAATAGGCGA,1
AGTGTGGGCGTGGTTA,1
AGTGTTGAATAGGCAT,1
AGTGTTGAATAGGCCA,1
AGTGTTGAATATGCGC,1
AGTGTTGAATTGGTTA,1
AGTGTTGAGGAGGCGA,1
AGTGTTGGAGGGGGTA,1
AGTGTTGGCGTGGTGA,1
AGTGTTGGCTTAGTTA,1
AGTGTTGGCTTGATTA,1
AGTGTTGGCTTGGTTT,1
AGTGTTGGCTTGTTTA,1
AGTGTTGGGAGAGGGT,1
AGTGTTGGGTTGGTTA,1
AGTGTTGTACACACCA,1
AGTGTTGTATAGGCGA,1
AGTTAAATAGGCATGG,1
AGTTACTCAGGATACG,1
AGTTCCACCCTATAGT,1
AGTTCCATAAGCATGG,1
AGTTCCATAGGCGTGG,1
AGTTCCATAGGGATGG,1
AGTTCCATCGGCATGG,1
AGTTCCATTGGCATGG,1
AGTTCCTTAGGCATGG,1
AGTTCGATAGGCATGG,1
AGTTCTATAGGCATGG,1
AGTTGACATAGCGATG,1
AGTTGAGTGAAGGATG,1
AGTTGGATTAGGGAGG,1
AGTTGGCGTCTCCCTT,1
AGTTGGGGGCTCCCTG,1
AGTTGGGGGGGCCCTT,1
AGTTGGGGTCTCCACT,1
AGTTGGGGTCTCCCCA,1
AGTTGGGGTCTGCCTT,1
AGTTGGGGTGGGCATT,1
AGTTGTTTGGATGGTT,1
AGTTTCATAGGCATGG,1
AGTTTTCATAACTTGC,1
AGTTTTTATAACCTGC,1
AGTTTTTATAACTTGG,1
AGTTTTTATAATTTGC,1
AGTTTTTATAGCTTGC,1
AGTTTTTATGACTTGC,1
AGTTTTTGGTTCGAGG,1
AGTTTTTGTAACTTGC,1
ATAAAAACCTGCAAAT,1
ATAAAAGCATGTGCCA,1
ATAAAATTTATGACAA,1
ATAACGAGGTGTAACC,1
ATAACGCTTGTGCAAA,1
ATAACGGAGGGCAGTG,1
ATAACGTTCGTGCAAA,1
ATAACGTTTATGCAAA,1
ATAACGTTTGTGCAAC,1
ATAACGTTTGTGCATA,1
ATAACTGACGGCATTG,1
ATAACTGAGAGCATTG,1
ATAACTGAGGGCATAG,1
ATAACTGAGGGGATTG,1
ATAAGGGCTACGTGAG,1
ATACAATCGCAAATTA,1
ATACACGAAGTTGTGA,1
ATACACGACGTTGTGA,1
ATACACGAGGTTGTGC,1
ATACACGCACGTGCCA,1
ATACACGCATCTGCCA,1
ATACACGCATGTCCCA,1
ATACACGCTTGTGCCA,1
ATACAGGAGGTTGTGA,1
ATACAGGCATGTGCCA,1
ATACCCATAAGACCCC,1
ATACGAATTTGATTCC,1
ATACGCGCATGTGCCA,1
ATAGAAAATAATCCGC,1
ATAGAAAATCATCCGC,1
ATAGAAAATTACCCGC,1
ATAGAATCGCAAACTA,1
ATAGAATCGCAAAGGA,1
ATAGAATCGCAAAGTA,1
ATAGAATCGCAAATTT,1
ATAGAATCGTAAATTA,1
ATAGAGTCGCAAATGA,1
ATAGCACATCGTAGGC,1
ATAGCATATATGGCTG,1
ATAGGATAGATGGCTG,1
ATAGGATATATCGCTG,1
ATAGGATATATGGGTG,1
ATAGGGGCTACGTGAG,1
ATAGTATGAGCCGGAG,1
ATATAAAAAACGGAGT,1
ATATAAAAAACTAAGT,1
ATATAAAAAACTTTGT,1
ATATAAAAAATTTAGT,1
ATATAAAATTATCCGC,1
ATATAAACCTGCAAAT,1
ATATAAAGAACTTAGT,1
ATATAAATTCGAGGAC,1
ATATAATCGCAAATTA,1
ATCACGATAATCGCGC,1
ATCAGAATAATCTCGC,1
ATCAGGACAATCGCGC,1
ATCAGGATAATCCCGC,1
ATCAGGATAATCGTGC,1
ATCAGGATTATCGCGC,1
ATCCACCGAGTGACCG,1
ATCCCCGGAGCTTGGC,1
ATCCGAGTTAAAGGCA,1
ATCCGATTAAAAGGCA,1
ATCCGATTGAAAGGCA,1
ATCCGATTTAGAGGCA,1
ATCCGGTTTAAAGGCA,1
ATCGAGTGAATCATCC,1
ATCGGTTCCGACTAAG,1
ATCTACATCGCCCTTT,1
ATCTACTCATTATACG,1
ATCTGATTTAAAGGCA,1
ATCTGGATAATCGCGC,1
ATCTGTCCAGACTCGT,1
ATCTTACGCTCCTACG,1
ATGAAGGGGGGGGTGG,1
ATGACGGAGGGCGGTG,1
ATGAGATTAGAACGTA,1
ATGAGATTATAACGGA,1
ATGAGGGCGACGTGAG,1
ATGCAATCGCAAATTA,1
ATGCAATTGAAACATA,1
ATGCCCGTAATGACTA,1
ATGCCGAGTGGGGTAG,1
ATGCGATTGGAGAAAC,1
ATGCTTTTACGTCCAT,1
ATGGAATCAAGCCGGG,1
ATGGAATCCCAAATTA,1
ATGGAATCGCAAAGTA,1
ATGGAATTGCAAATTA,1
ATGGATAAATCAGAAC,1
ATGGCCCACGAGCATA,1
ATGGCCCACGGGCAGA,1
ATGGCCCACGGGGATA,1
ATGGCCCACGTGCATA,1
ATGGCCTACGGGCATA,1
ATGGCTCACGGGCATA,1
ATGGCTTTACGTCCAT,1
ATGGGATAGGAGAAAC,1
ATGGGATCGCAAATTA,1
ATGGGATTATAACGTA,1
ATGGGATTCGAGAAAC,1
ATGGGATTGCAGAAAC,1
ATGGGATTGGACAAAC,1
ATGGGATTGGAGAAAG,1
ATGGGATTGGAGAACC,1
ATGGGATTGGAGAATC,1
ATGGGATTGTCCGGAA,1
ATGGGATTGTTGAAAC,1
ATGGGGGGGGAGAAAC,1
ATGGGGTTGGGGAAAC,1
ATGGGTTTACGTCCAT,1
ATGGTCTTACGTCCAT,1
ATGGTTTCACGTCCAT,1
ATGGTTTTACCTCCAT,1
ATGGTTTTACGCCCAT,1
ATGGTTTTACGTCCAA,1
ATGGTTTTACGTCCAG,1
ATGGTTTTACGTCCCT,1
ATGGTTTTACGTCCGT,1
ATGGTTTTACGTCCTT,1
ATGGTTTTACGTGCAT,1
ATGGTTTTGCATCCAT,1
ATGTAAATGCGAGGAC,1
ATGTATCAGTCGCGAC,1
ATGTCCATTAAGATCA,1
ATGTGTTGATGGGGAG,1
ATTAAAATTCGAGGAC,1
ATTAAATTATAACGTA,1
ATTACCATATCTAATA,1
ATTAGAATATAACGTA,1
ATTAGATGAGAACGTA,1
ATTAGATTATAACGTC,1
ATTAGATTATAAGGTA,1
ATTAGATTATAATGTA,1
ATTAGATTGTCCGGAA,1
ATTAGGCCTACGTGAG,1
ATTAGGGATTCAACTC,1
ATTAGGGCTACGTGAA,1
ATTAGGGCTACGTGCG,1
ATTAGGGCTACGTGTA,1
ATTAGTGTTACGTGAG,1
ATTAGTTCTACGTGAG,1
ATTATCAGATCTAAGA,1
ATTATCATAACTAATA,1
ATTATCATATCAAATA,1
ATTATCATATCGAATA,1
ATTATCATATCTAAAA,1
ATTATTGTATCTAATA,1
ATTCAGAATGGGGTAA,1
ATTCAGCGTTGTTTTG,1
ATTCCCAATGGGGTAG,1
ATTCCGAATGGGGTCG,1
ATTCCGAATTTGGTAG,1
ATTCGGAATGGGGTAG,1
ATTGACTCATGATACG,1
ATTGGATATATGGCTG,1
ATTTAAATGCGAGGAC,1
ATTTAAATTCCAGGAC,1
ATTTAAATTCGAAGAC,1
ATTTACTCAGTAGACG,1
ATTTACTCATTACACG,1
ATTTACTCATTATGCG,1
ATTTACTTATTATACG,1
ATTTATTCATTATACG,1
ATTTGCTCATTATACG,1
ATTTGGGCTACGTGAG,1
ATTTTTAACAGACGTA,1
ATTTTTCGATGGCTAC,1
ATTTTTCTAAGGCTAC,1
ATTTTTCTATGCCTAC,1
ATTTTTCTATGGCTCC,1
ATTTTTCTATGGGTAC,1
ATTTTTTGGTGGGTGT,1
ATTTTTTTATGGCTAC,1
CAAAAAAGACTGTATA,1
CAAAAGCACCACGATA,1
CAAAAGCAGAACGATA,1
CAAAAGCAGCACAATA,1
CAAAAGCAGCACCATA,1
CAAAAGCAGCTCGATA,1
CAAAAGCAGGACGATA,1
CAAAAGCGACGGCGAC,1
CAAAAGCTACGGCGAC,1
CAAAATCTACCGCGAC,1
CAAAATCTACGACGAC,1
CAAAATCTACGGCCCC,1
CAAAATCTACGGCGTC,1
CAAAATCTAGGGCGAC,1
CAAAATCTGCGGCGAC,1
CAAAATGTACGGCGAC,1
CAAAATTTACGGCGAC,1
CAAACAGAGTTTGTTG,1
CAAAGGCAGCACGATA,1
CAAAGGCGGCATTAGG,1
CAAAGTCCCTATGATG,1
CAAAGTCTACGGCGAC,1
CAAATCCTGCATTAGG,1
CAAATGATGAATTAGG,1
CAAATGCTGCAGGAGG,1
CAAATGCTGCATAAGG,1
CAAATGGTGCATTAGG,1
CAACATCTACGGCGAC,1
CAACTCGCCGTTCCCC,1
CAAGAAACTATAACCA,1
CAAGCACAGCGTAGGC,1
CAAGCTCTAGAGCTCT,1
CAAGGAGAAATACAGA,1
CAAGGAGAAATACATA,1
CAAGTACGCTGAATGA,1
CAAGTAGAAAGACAGA,1
CAAGTGCTGTATTAGG,1
CAATAAACCGTTTGTA,1
CAATAATAGAACAGAG,1
CAATCAGGAATACATA,1
CAATCTTAATCTACAG,1
CAATTAGAAATAGATA,1
CAATTAGAACTACATA,1
CAATTAGAAGGACATA,1
CAATTAGCAATACATA,1
CAATTAGGATCGCACT,1
CAATTAGTAATACATA,1
CAATTCACCGTTCCCC,1
CAATTCCCCGTTCCCC,1
CAATTCGCCGCTCCCC,1
CAATTCGCCGTTACCC,1
CAATTCGCCGTTCACC,1
CAATTCGCCGTTCCTC,1
CAATTCTGATGAATTG,1
CAATTTGCCGTTCCCC,1
CACAAACAATAAAAAA,1
CACAAGAGAGGGGTCC,1
CACAGACAAAAAAAAA,1
CACAGACAATAAAAAG,1
CACAGACAATAGAAAA,1
CACAGACAATGAAAAA,1
CACAGACAGTAAAAAA,1
CACAGACGATAAAAAA,1
CACAGATAATAAAAAA,1
CACAGCCGGCGAACTC,1
CACAGGCAATAAAAAA,1
CACCAATCTTCAAACT,1
CACCAATCTTCGAACA,1
CACCAATCTTCGAACG,1
CACCAATCTTCGGACT,1
CACCAATCTTCGGATT,1
CACCAATGTCATTTGA,1
CACCACCGAGTGACCG,1
CACCAGCAGCACCTAG,1
CACCAGTCTTCGAACT,1
CACCATCAGCACAGAG,1
CACCATCAGCACCAAG,1
CACCATCAGCACCTAC,1
CACCATCAGCAGCTAG,1
CACCATCAGCATCTAG,1
CACCATCAGCTCCTAG,1
CACCATGAGCACCTAG,1
CACCCCTTGTAAGATG,1
CACCGCGACGAACACC,1
CACCGCGCAGAGCACC,1
CACCGCGCCGAGCAGC,1
CACCGCGCCGGGCACC,1
CACCGTGAGGAGCGAG,1
CACCGTGCCGAGCACC,1
CACCTAGGATCCCACT,1
CACCTAGGATCGCAGT,1
CACCTAGGATCGCATC,1
CACCTAGGATCGCGCT,1
CACCTAGGATCGGACT,1
CACCTAGGATGGCACT,1
CACCTAGGATTTCACT,1
CACCTCGCCTAGCACC,1
CACGAGCTAATGTCTC,1
CACGATCAGCACCTAG,1
CACGCCCGGCGAACTC,1
CACGCTCTAGAGCTCT,1
CACGGACAATAAAAAA,1
CACGGCCGGCAAACTC,1
CACGGCCGGCGAACTT,1
CACGGCCGGCGAAGTC,1
CACGGCCGGCGACTTC,1
CACGGCCGGCGTACTC,1
CACGGCCGGGGAACTC,1
CACGGCCGTCGAACTC,1
CACGGGCTAATCGCGC,1
CACGGGCTAATGTATA,1
CACGGGCTAATGTCTT,1
CACGGGCTTATGTCTC,1
CACGGTCGGCGAACTC,1
CACGGTCTAATGTCTC,1
CACGGTTCCGACTAAG,1
CACGTGAATTCGCCCA,1
CACTAAATGTACAGTC,1
CACTACATGTACAGTC,1
CACTAGATGAACAGTC,1
CACTAGATGTACAATC,1
CACTAGATGTTCAGTC,1
CACTAGGTGTACACTC,1
CACTGCGCGGAGCGGG,1
CACTGGATGTGCAGTC,1
CACTTCCCTGACTGCC,1
CAGAAAAGACTGGATA,1
CAGAACCGCGGTGTCT,1
CAGAACCTAGATGGTA,1
CAGAACCTCCTTGTCT,1
CAGAACCTCGTGGTCT,1
CAGAACCTCGTTGGCG,1
CAGAACCTCGTTGTTT,1
CAGAACCTTGTTGTCT,1
CAGAAGCAGCACGATA,1
CAGAAGCTCGTTGTCT,1
CAGACAATATAGAGAC,1
CAGACAGAGGTTGTGG,1
CAGACAGAGTTTGTGG,1
CAGACTCTAGAGATCT,1
CAGAGAAGATAGAGAC,1
CAGAGAGGGATGAACA,1
CAGAGCTGCCAATAAG,1
CAGAGGGATTCAACTC,1
CAGATAATATAGAGAA,1
CAGATAATATATAGAC,1
CAGATAATGATGAACA,1
CAGATAGAGATGAACA,1
CAGATAGTAATGAACA,1
CAGATAGTATAGAGAC,1
CAGATAGTGATCAACA,1
CAGATAGTGATGATCA,1
CAGATAGTGTTGAACA,1
CAGATGATATAGAGAC,1
CAGATGCGGCATTAGG,1
CAGCGCACGTTTAGAG,1
CAGCTTGCTATGGATC,1
CAGGACCTCGCTGTCT,1
CAGGATATAGAGCTCT,1
CAGGCTCAAGAGCTCT,1
CAGGCTCTAGACCTCT,1
CAGGCTCTAGAGCTTT,1
CAGGCTGTAGAGCTCT,1
CAGGCTTTAGAGCTCT,1
CAGGGAGACGCGCAAG,1
CAGGGCCGGCGAACTC,1
CAGGGGGAGCCCAACA,1
CAGGGGGTGTACAGTC,1
CAGGGGTAGAGATACG,1
CAGGGTCTAGAGCTCT,1
CAGGTCTGAGGAGTTG,1
CAGTACCTGCAGTTGA,1
CAGTAGTGGTCATGGG,1
CAGTAGTTGCCATGGG,1
CAGTAGTTGTCACGGG,1
CAGTAGTTGTCATGAG,1
CAGTAGTTGTCATTGG,1
CATAAAAGACCGTATA,1
CATAAAAGACTCTATA,1
CATAAAAGACTGTGTA,1
CATAAAGGACTGTATA,1
CATAACAGACTGTATA,1
CATAAGAGACTGTATA,1
CATACAAAGTTTGTTG,1
CATACACAGTTTGTTG,1
CATACAGACTTTGTTG,1
CATACAGAGATTGTTG,1
CATACAGAGTATGTTG,1
CATACAGAGTTAGTTG,1
CATACAGAGTTGGGTG,1
CATACAGAGTTTATTG,1
CATACAGAGTTTCTTG,1
CATACAGAGTTTGTTA,1
CATATGCTGCATTAGG,1
CATCCAAGGGACGGAC,1
CATCCAGAGTTTGTTG,1
CATCTAGGATCGCACT,1
CATCTTGGGGAGAGTC,1
CATGGGAAGGGCCACT,1
CATGGGAAGTGCCACT,1
CATGGGAATGGCCACG,1
CATGGGAATTAGCACT,1
CATGGGAATTGCCAAC,1
CATGGGAATTGCCATC,1
CATGGGAATTGCCTCT,1
CATGGGGATGGCCACG,1
CATGTGAATGCGCCCA,1
CATGTGAATTCACCCA,1
CATGTGAATTCGCCCC,1
CATGTGAATTCGCCCT,1
CATGTGAATTCGCCTA,1
CATGTGAATTCGCTCA,1
CATGTGGACCCCAACA,1
CATGTGGAGCCCAAAT,1
CATGTGGAGCGCAACA,1
CATGTGGATTCGCCCA,1
CATGTGGTGCCCAACA,1
CATGTGTATCCCAACA,1
CATGTTGATCCCAACA,1
CATTAACGGCCTATCC,1
CATTGAAACGCGCAAG,1
CATTGAGACACGCGAG,1
CATTGAGACACGTAAG,1
CATTGAGACGAACAAG,1
CATTGAGACGCCCAAG,1
CATTGAGACGCGCATC,1
CATTGCGACGCGCAAG,1
CATTGCTGATGAATTG,1
CATTGTGACGCGCAAG,1
CATTTCGGATGAATTG,1
CATTTCTCATGAATTG,1
CATTTCTGAGGAAGTG,1
CATTTCTGATAAATTG,1
CATTTCTGATGAAGGG,1
CATTTCTGATGACTTG,1
CATTTCTGGGGAATTG,1
CATTTGTGATGAATTG,1
CATTTTTGGTTCGAGG,1
CCAACACAAAAAAATA,1
CCAACACAAAAAAGGA,1
CCAACACAAAAAATTT,1
CCAACACAAAAAGTTA,1
CCAACACAAAGAATTA,1
CCAACCGCAGACACGT,1
CCAACCTTGGCGCATC,1
CCAAGACAAAAAATTA,1
CCAAGATTCGGGGGAC,1
CCAAGCTTGCCGCATC,1
CCAAGCTTGGCGCAGA,1
CCAAGCTTGGCGCGTC,1
CCAAGGTTGGCGCATC,1
CCAATCACAGCCTTTA,1
CCAATCCCAGCCTGTA,1
CCAATCCCAGCCTTGA,1
CCAATCCCAGCCTTTG,1
CCAATCCCAGGCTTTA,1
CCAATCCCATCCTTTA,1
CCAATCCCGGCCTTTA,1
CCAATCGGGGGCTAAA,1
CCACTCCTCTAAAGTT,1
CCAGGGTTAAGTTGTG,1
CCAGTCCACCATTGAG,1
CCATACGCGGCTCGGG,1
CCATATTAAATAAGCT,1
CCATCACAAAAAACTA,1
CCATCCTCAACTCCTA,1
CCCAGCATTGGTCGCC,1
CCCATACTCTAAAGTT,1
CCCATTTACTGAAGGG,1
CCCCCCCTGTTTAAAA,1
CCCCCGATGTTTAAAA,1
CCCCCGCTCTTTAAAA,1
CCCCCGCTGGTTAAAA,1
CCCCCGCTGTCTAAAA,1
CCCCCGCTGTGTAAAA,1
CCCCCGCTGTTTAAAC,1
CCCCCGCTGTTTAAAG,1
CCCCCGCTGTTTAAAT,1
CCCCCGCTGTTTAGAA,1
CCCCCGCTGTTTTAAA,1
CCCCCGTTGTTTAAAA,1
CCCCGCCGCTAAAGTT,1
CCCCGGCTGTTTAAAA,1
CCCCTCCTCAAAAGTT,1
CCCCTCCTCCAAAGTT,1
CCCCTCCTCGAAAGTG,1
CCCCTCCTCTAAAGCT,1
CCCCTCCTCTAAGGTT,1
CCCCTCGCGGCTCGGG,1
CCCCTTCTCTAAAGTT,1
CCCGATTCACGAATAA,1
CCCGGCCGGCGAACTC,1
CCCGGGAACAAAACTG,1
CCCGGGACCAAAACTT,1
CCCGGGACTAAAACTG,1
CCCGTGACCAAAACTG,1
CCCTAAAGGATCATGA,1
CCCTAGGAAATAAGCG,1
CCCTATACGGATCTCT,1
CCCTATCAAATAAGCT,1
CCCTATGAAATACATA,1
CCCTATGAAATATGCT,1
CCCTATGATATAAGCT,1
CCCTCCTCAAGGATAA,1
CCCTCCTCAAGGGTAG,1
CCCTCCTCAAGTGTAA,1
CCCTCCTCTAGGGTAA,1
CCCTCGCTGTTTAAAA,1
CCCTGAGAGGCTCGGG,1
CCCTGCGCCGCTCGGG,1
CCCTGCGCGAATCGGG,1
CCCTGCGCGGATAGGG,1
CCCTGCGCGGCGTGTG,1
CCCTGCGCGGCTCCGA,1
CCCTGCGCGGCTCGAT,1
CCCTGCGTGGCTAGGG,1
CCCTGCGTGGCTCGTG,1
CCCTTCGCGGCTCTGG,1
CCCTTTACGGACCTCT,1
CCCTTTACGGAGCTCT,1
CCCTTTACGGATCACT,1
CCCTTTACGGATCTGT,1
CCCTTTACGGATCTTT,1
CCGAACCTCGTTGTCT,1
CCGACCCTAGATGGTA,1
CCGAGTTAATATGCGC,1
CCGCAAATAGACCGAA,1
CCGCATAAATCAGAAC,1
CCGCATGAGCGGGAGG,1
CCGCATTAACGGGAGG,1
CCGCATTAGCGGAAGG,1
CCGCATTAGCGGGAAG,1
CCGCATTAGCGGGAGA,1
CCGCCGCTGTTTAAAA,1
CCGCGCACGTTCAGAG,1
CCGCGCACGTTTAGAT,1
CCGCGCACGTTTAGGG,1
CCGGAGAAATCAGGAC,1
CCGGATAAAACAGAAC,1
CCGGATAAATCACAAC,1
CCGGGATGCATTCCCG,1
CCGGGGTTAAGTGGGG,1
CCGTCGGGACTCATCT,1
CCGTTTACGGATCTCT,1
CCTACAGTGTAATCGA,1
CCTACGTATGTCCCAG,1
CCTAGGTATTACATGC,1
CCTAGGTTAAGTTGTA,1
CCTCGCACGTTTAGAG,1
CCTGCGTTAAGTTGTG,1
CCTGGGACCAAAACTG,1
CCTGGGGGAAGTTGGG,1
CCTGGGGTAAGGGGTG,1
CCTGGGGTAAGGTGTG,1
CCTGGGGTAAGTTGGG,1
CCTGGGTGAAGGGGTG,1
CCTGGGTGAAGTGGTG,1
CCTGGGTGAAGTTTTG,1
CCTGGGTTAAATTGTG,1
CCTGGGTTAACTTGTG,1
CCTGGGTTAAGGGGTG,1
CCTGGGTTAAGTGGGG,1
CCTGGGTTAAGTTCTG,1
CCTGGGTTAAGTTGAG,1
CCTGGGTTAAGTTGTC,1
CCTGGGTTAGGGGGTG,1
CCTGGGTTAGGTTGGG,1
CCTGTCTAGAAATTTT,1
CCTGTCTCAAAACATA,1
CCTTAGAGTGGACGAT,1
CCTTGAGACGCGCAAG,1
CCTTGAGGCAGTCCCG,1
CCTTGATGCATTCCTT,1
CCTTGATGCGTTCCTG,1
CCTTGGGTGTACGAGA,1
CCTTTCGCAAAACATA,1
CCTTTCTAAAAACATA,1
CCTTTCTAGTACGCTT,1
CCTTTCTCAAAAAATA,1
CCTTTCTCAAAACATG,1
CCTTTCTCAAAATATA,1
CCTTTCTCAAAGCATA,1
CCTTTCTCGAAACATA,1
CGAAAACAGGAAAGGG,1
CGAAAACAGTACAAAT,1
CGAAAACATTACAAAG,1
CGAAAACGTTACAAAT,1
CGAAAATATTACAAAT,1
CGAAACACCCTTCCGG,1
CGAAACACGTCCCAGG,1
CGAAACACGTCCCCGT,1
CGAAACACGTCCGAGT,1
CGAAACACGTCCTAGT,1
CGAAACACGTCGCAGT,1
CGAAACACGTCTCAGT,1
CGAACAGTGTAATCGA,1
CGAACCATAGATGGTA,1
CGAACCGCACACACGT,1
CGAACCGCAGACACGA,1
CGAACCGCAGATACGT,1
CGAACCGCCGACACGT,1
CGAACCGCTGACACGT,1
CGAACCGTAGACACGT,1
CGAAGCGCAGACACGT,1
CGAAGTTAAGTAGCAA,1
CGAATGTAAGTAGCAA,1
CGACGCCACGGACGCC,1
CGACTCCACCGACGCC,1
CGACTCCACGGACCCC,1
CGACTCCACGGACGGC,1
CGACTCCACGGGCGCC,1
CGACTCCTCGGACGCC,1
CGAGACACGTCCCAGT,1
CGAGCTAAAAAGAGGA,1
CGAGTTGAAGTATCAA,1
CGATATGGCCCGGAAG,1
CGATCTTAAGCTACAG,1
CGATCTTAATCTACAG,1
CGATCTTTACAAAAAA,1
CGATCTTTACGAAAAC,1
CGATCTTTACGAAAAT,1
CGATCTTTACGAAAGA,1
CGATCTTTACGAAGAA,1
CGATCTTTACGAGAAA,1
CGATCTTTACTAAAAA,1
CGATGGTGCCCGGAAG,1
CGATTGAACAGACGTA,1
CGCAAATAATTGGCGC,1
CGCAATGTCGTAGGAT,1
CGCACTCTACGAGACA,1
CGCACTGTACGAGACA,1
CGCACTTAACGAGACA,1
CGCACTTTACGAGTCA,1
CGCACTTTACGGATGG,1
CGCAGACAATAAAAAA,1
CGCAGCATCGGTCGCC,1
CGCAGCATGGGTCGCC,1
CGCAGCATTAGTCGCC,1
CGCAGCATTGCTCGCC,1
CGCAGCATTGGTCCCC,1
CGCAGCGCGGCTCGGG,1
CGCAGTATTGGTCGCC,1
CGCAGTGGTATACATA,1
CGCAGTGTCGTAGGAT,1
CGCCACACCCTTCCGG,1
CGCCGCGCCGAGCACC,1
CGCCGGTGGGACGGGT,1
CGCCTCCTCTAAAGTT,1
CGCGAAATGTAAATGA,1
CGCGAACATACATAAC,1
CGCGAATCTCCCATAC,1
CGCGACAACATTCCGG,1
CGCGACACCATTCCCG,1
CGCGACACCCATCCGG,1
CGCGACACCCTTCCCG,1
CGCGACACCCTTCGGG,1
CGCGACACCCTTGCGG,1
CGCGACACCGTTCCGG,1
CGCGACACCTTTCCGG,1
CGCGACACGCTTCCGG,1
CGCGACAGCCTTCCGG,1
CGCGGACAAGATTGTA,1
CGCGGCATTGGTCGCC,1
CGCGGGCTAATGTCTC,1
CGCGTCACCCTTCCGG,1
CGCTACACCCTTCCGA,1
CGGAAACATTACAAAT,1
CGGAAAGGGGAGAGAG,1
CGGAACGTATCTGTGG,1
CGGAACTTATCTGTGG,1
CGGAACTTGTCGATAT,1
CGGACAGGGGAAGCGA,1
CGGACAGTGGAATCGA,1
CGGACCCGAGAGGGGA,1
CGGACCCTAGATAGTT,1
CGGACCCTAGATTGGA,1
CGGACCCTAGTTGGTA,1
CGGACCCTCGATGGTA,1
CGGACTATAGTTGGCA,1
CGGACTCTAGATGGTA,1
CGGAGCATTGGTCGCC,1
CGGAGGGATCCAACTC,1
CGGAGGTGTGGTGTGT,1
CGGAGTATGAAGAGCG,1
CGGATAATATAGAGAC,1
CGGCAAATGTAAATGA,1
CGGCAATCTCCCATAC,1
CGGCCACGGAATCAAA,1
CGGCCAGGGAAGCGAA,1
CGGCCAGGGAATCAAG,1
CGGCCAGGGAATCAAT,1
CGGCCAGGGAATCACA,1
CGGCCAGGGAATCATA,1
CGGCCGGGACTCATCT,1
CGGCCGGGGAATCAAA,1
CGGCCTGGGAATCAAA,1
CGGGAAACGTAAATGA,1
CGGGAAAGGTAAAGGA,1
CGGGAAATCTAAATGA,1
CGGGAAATGGAAAGGA,1
CGGGAAATGTAAATGT,1
CGGGAACAAAGAAGGA,1
CGGGAACAGACAGAAC,1
CGGGAACATACACAAC,1
CGGGAACATACATAAG,1
CGGGAACATACATTCC,1
CGGGAACATACTTAAC,1
CGGGAAGATACATAAC,1
CGGGAAGGGAGTCAAA,1
CGGGAATATCACATAC,1
CGGGAATCACCCATAC,1
CGGGAATCTCCCATGC,1
CGGGAATCTCCCGTAC,1
CGGGAATCTCGCATAC,1
CGGGAATCTCTCAGAC,1
CGGGAATCTGCCATAC,1
CGGGAGATGTAAAGGA,1
CGGGATATGTAAATGA,1
CGGGGACAACATTGTA,1
CGGGGACAAGAGTGGA,1
CGGGGACAAGATAGTT,1
CGGGGACAAGATGGGG,1
CGGGGACAGGAGTGGA,1
CGGGGACATGATTGTA,1
CGGGGACGAGATGGTA,1
CGGGGACGAGATTGGA,1
CGGGGACGTGAAGGGT,1
CGGGGAGAAGATTGTA,1
CGGGGGGACGGACGCC,1
CGGTACCGGCAGTTGA,1
CGGTACCTGCAGTTGA,1
CGGTCAGCGAGAACGG,1
CGGTCCCTAGATGGTA,1
CGGTCGGCACTCATCT,1
CGGTCGGGACGCAGCT,1
CGGTCGGGTCTCATCT,1
CGGTGGGGACTCATCT,1
CGGTTCAGACTCTTGC,1
CGTACACTGTAATCGA,1
CGTACAGCGTAATCGA,1
CGTACAGGGTAAGCGA,1
CGTACAGTCTAATCGA,1
CGTACAGTGGAAGCGA,1
CGTACAGTGTAACCGA,1
CGTACAGTGTAATCCA,1
CGTACAGTGTAGTCGA,1
CGTACAGTGTGATCGA,1
CGTACATATGTCCCAG,1
CGTACGCATGTCCCAG,1
CGTACGGATGTCCCAG,1
CGTACGTAGGTCCCAG,1
CGTACGTATCTCCCAG,1
CGTACGTATGACCCAG,1
CGTACGTATGTACCAG,1
CGTACGTATGTCCTAG,1
CGTACGTATGTGCCAG,1
CGTACTTATGTCCCAG,1
CGTAGCATTGGTCGCC,1
CGTAGGTATTACATGC,1
CGTCCAGCGATAACGG,1
CGTCCAGTGTAATCGA,1
CGTCCATCTCAGATCG,1
CGTCCGGATAAAGTAG,1
CGTGAACCCCTCCAAC,1
CGTGAACCCTTCAGCA,1
CGTGAACGGCCTATCC,1
CGTGAAGCGATAACGG,1
CGTGACCCCCACCAAC,1
CGTGACCCCCTCCTAC,1
CGTGACCCCCTGCAAC,1
CGTGACCCCCTTCAAC,1
CGTGACCTCCTCCAAC,1
CGTGACGCCCTCCAAC,1
CGTGAGCCCCTCCAAC,1
CGTGATCCCCTCCAAC,1
CGTGGAACCTTTAGGG,1
CGTGGAGGCATTCCGG,1
CGTGTACCCCTCATCA,1
CGTGTACCCGGCAGCA,1
CGTGTACCCTTCATCC,1
CGTGTCCCCCTCCAAC,1
CGTGTGGGCTTCAGCA,1
CGTGTTGGCTTGGTTA,1
CGTGTTTGGTTCGAGG,1
CGTTAAATTATAGTCT,1
CGTTAACGGCCGATCC,1
CGTTAACGGCCTATAC,1
CGTTAACGGTCTATCC,1
CGTTAACTTTGGAAGC,1
CGTTAATGGCCTATCC,1
CGTTCAGAGTTTGTTG,1
CGTTCAGCAATAACGG,1
CGTTCAGCCATAACGG,1
CGTTCAGCGAAAACGG,1
CGTTCAGCGATAACCG,1
CGTTCAGCGATAACTC,1
CGTTCAGCGATAAGGG,1
CGTTCAGCGATATCGG,1
CGTTCAGCGTTAACGG,1
CGTTCATCTATAACGG,1
CGTTCGGCTATAACGG,1
CGTTGAGCCAGTCTGA,1
CGTTGAGCGATAACGG,1
CGTTGTTGGTTCGAGG,1
CGTTTAGCTATAACGG,1
CGTTTCTCAAAACATA,1
CGTTTTTATAACTTGC,1
CGTTTTTGCTTCGAGG,1
CGTTTTTGGTTCGAGT,1
CTAAAACATTACAAAT,1
CTAAACTTGTCGATAT,1
CTAAATCTACGGCGAC,1
CTAAGCTGCCAATAAG,1
CTAAGGGATTCAACTC,1
CTAAGGTAAGTATCAA,1
CTAAGGTATTATATGC,1
CTAATGCTGCATTAGG,1
CTAATGTAAGTATCGA,1
CTAATTAAAGTATCAA,1
CTAATTCAAGTATCAA,1
CTAATTTAAATACCAA,1
CTAATTTAAGGAGCAA,1
CTAATTTAAGTATCCA,1
CTAATTTAAGTATCTA,1
CTAATTTAAGTATTAA,1
CTAATTTAAGTTTCAA,1
CTAATTTATGTATCAA,1
CTAATTTTAGTATCAA,1
CTAGAAAAGCGTAGGC,1
CTAGAAACCGTTTGTA,1
CTAGATGGCCCGGAAG,1
CTAGCACACCGTAGGC,1
CTAGCACAGCGTACGC,1
CTAGCACAGCGTTGGC,1
CTAGCACCGCGTAGGC,1
CTAGCTTAAGCGACAG,1
CTAGTTAACAGACGGA,1
CTATAAAAAACTTAGT,1
CTATAAACCGCTTGTA,1
CTATAAACCGGTTGTA,1
CTATAAACCGTATGTA,1
CTATAAACCGTCTGTA,1
CTATAAACCGTTAGTA,1
CTATAAACCGTTTCTA,1
CTATAAACCGTTTGCA,1
CTATAAACGGTTTGTA,1
CTATACCTGCAGTTGA,1
CTATAGGGCCCGGAAG,1
CTATATGAAATAAGCT,1
CTATATTGCCCGGCAT,1
CTATATTGCCCGTAAT,1
CTATCGTAATCTACAG,1
CTATCTTAATCGACAG,1
CTATCTTAATCTACAC,1
CTATCTTAATCTACCG,1
CTATCTTAATCTAGAG,1
CTATCTTAATTTACAG,1
CTATCTTATTCTACAG,1
CTATCTTTACGAAAAA,1
CTATGGAACAGACGTA,1
CTATGTTAATCTACAG,1
CTATTAAACAGACGTA,1
CTATTTAACACACGTA,1
CTATTTAACCGACGTA,1
CTATTTAACTGACGTA,1
CTATTTAATAGACTTA,1
CTATTTGACAGGCGTA,1
CTATTTTAAGTATCAA,1
CTATTTTACAGACGTA,1
CTCAAACAATTGGCGC,1
CTCAAATAATAGGCGC,1
CTCAAATAATTGACGC,1
CTCAAATAATTGGAGA,1
CTCAAATAATTGGCAT,1
CTCAAATAATTGGCGG,1
CTCAAATGATTGGCGC,1
CTCAACGTCGTAGGAT,1
CTCAAGTAATTGGCGC,1
CTCAAGTTACGGATGG,1
CTCAATCTCGTAGGAT,1
CTCAATGCCGTAGGAT,1
CTCAATGGCGTAGGAT,1
CTCAATGTCCTAGGAT,1
CTCAATGTCGTAGGAC,1
CTCAATGTCGTATGAT,1
CTCACTGCGCGAGAGT,1
CTCAGCTGCCAATAAG,1
CTCAGGGTCGTAGGGT,1
CTCAGTTATTATATGC,1
CTCATCAAGTTGTTGC,1
CTCCAAGGGGACGATT,1
CTCCGAGGGGACGATT,1
CTCCTAAGGGACGATT,1
CTCCTACGCTCCTACG,1
CTCCTAGGATCGCACT,1
CTCCTAGGGAACGATT,1
CTCCTAGGGGACGACT,1
CTCCTAGGGGACGAGT,1
CTCCTAGGGGACGATA,1
CTCCTAGGGGACGATC,1
CTCCTCCTCTAAAGTT,1
CTCCTGGGGGACGATT,1
CTCTAACGCTCCTACG,1
CTCTACCTGCAGTTGA,1
CTCTCACGCTCCTACG,1
CTCTGACGCTCCTACG,1
CTCTTACACTCCTACG,1
CTCTTACCCTCCTACG,1
CTCTTACGCCCCTACG,1
CTCTTACGCTCATACG,1
CTCTTACGCTCCTAAG,1
CTCTTACGCTCCTACC,1
CTCTTACGCTCCTAGG,1
CTCTTACGCTCCTGCG,1
CTCTTAGGCTCCTACG,1
CTCTTGCGCTCCTACG,1
CTGAACGGATCTGTGG,1
CTGAACGTGTCGAGAT,1
CTGAACTGATCGGTGG,1
CTGAACTGGTCGAGAT,1
CTGAACTTAACTGTGG,1
CTGAACTTATCTGAGG,1
CTGAACTTGTCAATAT,1
CTGAACTTGTCGATAA,1
CTGAACTTGTCGTTAT,1
CTGAAGGATTCAACTC,1
CTGAAGTTATCTGTGG,1
CTGAAGTTGTCGATAT,1
CTGAATGTCGTAGGAT,1
CTGACCTGCCAATAAG,1
CTGACTCACCGAATAA,1
CTGAGAGATTCAACTC,1
CTGAGCCGCCAATAAG,1
CTGAGCTGCCAAGAGG,1
CTGAGCTGCCAATACG,1
CTGAGCTGCCAATATG,1
CTGAGCTGGCAATAAG,1
CTGAGGCATTCAACTC,1
CTGAGGCGAGGGATTA,1
CTGAGGGACCCAACTC,1
CTGAGGGATACAACTC,1
CTGAGGGATGCAACTC,1
CTGAGGGATTAAATGC,1
CTGAGGGATTACATGC,1
CTGAGGGATTAGATGC,1
CTGAGGGATTATATGC,1
CTGAGGGATTCAACTG,1
CTGAGGGATTGAACTC,1
CTGAGGGATTTAACTC,1
CTGAGGTATTAGATGC,1
CTGAGGTGCCAATAAG,1
CTGAGGTGTGATAGGC,1
CTGATAGTGATGAACA,1
CTGCACCTGCAGTTGA,1
CTGCTAGGGGACGATT,1
CTGGAAAGGAGAGTTG,1
CTGGACCTGCAGTTGA,1
CTGGACTTATCTGCGG,1
CTGGAGGCCAGGCCCC,1
CTGGAGGCCCTGCCCC,1
CTGGAGGCCTGGCCGC,1
CTGGAGGCTTGGCCCC,1
CTGGAGGTCTGGACCC,1
CTGGATTGATCTGTGG,1
CTGGGCTGCCAAGAAG,1
CTGGTCTAGGACGCTG,1
CTGTACATGCAGGTGA,1
CTGTACCGGCAGGTGA,1
CTGTACCTCCAGTTGA,1
CTGTACCTGCAGATGA,1
CTGTACCTGCAGTTCA,1
CTGTACCTGCAGTTGC,1
CTGTACCTGCCGTTGA,1
CTGTACTTATCTGTGG,1
CTGTAGCTGCAGTTGA,1
CTTAAAATTATAGTCT,1
CTTAACTTATCTGCGG,1
CTTACACAAAAAATTA,1
CTTACAGAATACAAGA,1
CTTACAGAATACTACA,1
CTTACAGAATAGTAGA,1
CTTACAGAATCCTAGA,1
CTTACATTATGAAGAA,1
CTTACCGCGCGAGAGT,1
CTTACGGCGCGAGAGT,1
CTTACTAAGCGAGAGT,1
CTTACTGAATACTAGA,1
CTTACTGCCCGAGAGT,1
CTTACTGCGCGAGAAT,1
CTTACTGCGCGAGAGC,1
CTTACTGCGCGAGATT,1
CTTACTGCGCGATAGT,1
CTTACTGGGCGAGAGT,1
CTTAGCTATTATATGC,1
CTTAGGGATTAGATGC,1
CTTAGGGATTATAGGC,1
CTTAGGTACTACATGC,1
CTTAGGTAGGATATGC,1
CTTAGGTATCACATGC,1
CTTAGGTATCATATGT,1
CTTAGGTATGACATGC,1
CTTAGGTATTAAATGC,1
CTTAGGTATTACATAC,1
CTTAGGTATTACATCC,1
CTTAGGTATTATAAGC,1
CTTAGGTATTATCCGC,1
CTTAGGTATTATCTGC,1
CTTAGGTATTGCATGC,1
CTTAGGTATTTTATGC,1
CTTAGGTTTTATATGC,1
CTTAGTGCGCGAGAGT,1
CTTAGTTATTACATGC,1
CTTATTATGACTTCAT,1
CTTCAGCTCTTGATTA,1
CTTCGGCACTTGATTA,1
CTTCGGCTCTTGATAA,1
CTTCGGCTCTTGTTTA,1
CTTCGGGTCTTGATTA,1
CTTCTAGGGGACGATT,1
CTTCTGCTCTTAATTA,1
CTTCTTCTCTTGATTA,1
CTTGAAATTATAGTCT,1
CTTGCTGCGCGAGAGT,1
CTTGGGTATTACATGC,1
CTTGTCTAGGACGCTG,1
CTTGTCTAGGACGCTT,1
CTTGTCTAGTACGCTT,1
CTTTAAAGTATAGTCT,1
CTTTAAATCATAGTCT,1
CTTTAAATTACAGTCT,1
CTTTAAATTAGAGTCG,1
CTTTAAATTATAGCCT,1
CTTTAAATTATAGTTT,1
CTTTACATTATAGTCT,1
CTTTGAGACGCGCAAG,1
CTTTGAGTGAGAGGTG,1
CTTTTAATTATAGTCT,1
CTTTTACGCTCCTACG,1
CTTTTCAAGTACGCTT,1
CTTTTCTACTACGCTT,1
CTTTTCTAGTACCCTT,1
CTTTTCTAGTACGCAT,1
CTTTTCTAGTACGCTG,1
CTTTTCTAGTAGGCTT,1
CTTTTCTCAAAACATA,1
GAAAAATAGAACAGAG,1
GAAAACCCCAAATAAC,1
GAAAAGCAGCACGATA,1
GAAAAGGTGAGGAAAG,1
GAAACAGAACCCATGC,1
GAAAGACCCTATGATG,1
GAAAGCCCCGTGCATC,1
GAAAGCCCCTATGATG,1
GAAAGCCCGGTGCAAT,1
GAAAGCCCTGTGCAAT,1
GAAAGCTCGTATCCCT,1
GAAAGCTTGGCGCATC,1
GAAAGGCAGGGGGAGG,1
GAAAGGCCCGATGATG,1
GAAAGGCCCGTGCAAT,1
GAAAGGCCCTATGATG,1
GAAAGGGGTGTGGCGA,1
GAAAGTACCGTGTGGG,1
GAAAGTCCCGAGGAGG,1
GAAAGTCCCTAGGATG,1
GAAAGTCCCTATCATG,1
GAAAGTCCCTATGATA,1
GAAAGTCCGTATGATG,1
GAAAGTCCTTATGATG,1
GAAAGTCGCTATGATG,1
GAAAGTGAGTGTTCGG,1
GAAAGTGCCTATGATG,1
GAAATCCCCAAACAAC,1
GAAATCCCCAAGTAAC,1
GAAATCCCCTAATAAC,1
GAAATCCCGAAATAAC,1
GAAATCCTCAAATAAC,1
GAAATCCTCGAAGGGT,1
GAAATCTCCAAATAAC,1
GAAATCTGAAAAGGAC,1
GAAATTCCCAAATAAC,1
GAACACGCAGAAAAAG,1
GAACGTCCCTATGATG,1
GAACGTGATTGCTCGA,1
GAACGTGATTTCTCGA,1
GAACTGCGTATTGAGT,1
GAACTTGCTATGGATC,1
GAACTTGGGGAGAGTC,1
GAAGAAAATATAGCCA,1
GAAGAAACAATAACCA,1
GAAGAAACCTGCAAAT,1
GAAGAAACTATAACGG,1
GAAGAAACTATAACTA,1
GAAGAAACTATACCCA,1
GAAGAAAGTATAACCA,1
GAAGAAGCGATAACTA,1
GAAGAAGGGATAATCA,1
GAAGAAGTGATGACGA,1
GAAGACCTTTAACTCT,1
GAAGATACTAGGACCA,1
GAAGATACTATAACCA,1
GAAGGAACGATAGCCA,1
GAAGGACGCTGAATGA,1
GAAGGATAGAACAGAG,1
GAAGGATGAGGAATGA,1
GAAGGCGTTAGTGTCA,1
GAAGGGCGTATGGAGT,1
GAAGGGCGTATTGAGG,1
GAAGTACCCTGAATGA,1
GAAGTACGCTAAATGA,1
GAAGTACGCTCAATGA,1
GAAGTACGCTGAATCA,1
GAAGTACGCTGCATGA,1
GAAGTACGCTGTATGA,1
GAAGTACGGTGAATGA,1
GAAGTCCGTATTGAGT,1
GAAGTGAGGATGGAGG,1
GAAGTGCCGCTGAAGT,1
GAAGTGCCTATTGAGT,1
GAAGTGCGTAGGGAGT,1
GAAGTGCGTATAGAGT,1
GAAGTGCGTATTGACC,1
GAAGTGCGTATTGAGA,1
GAAGTGCTGCATTAGG,1
GAAGTGCTGCTCAAGT,1
GAAGTGCTGCTGAAAC,1
GAAGTGCTGCTGAAAT,1
GAAGTGGAGCCCAACA,1
GAAGTGGGGAGTGAGT,1
GAAGTGGTGCTGAAGT,1
GAAGTGTTGATTGAGG,1
GAAGTTCTTCTGAAGT,1
GAATAATACAACAGAG,1
GAATAATAGAACAGTG,1
GAATAATAGAACCGAG,1
GAATAATGTAACAGAG,1
GAATATTGCCCGGAAG,1
GAATGCCCCGTGCAAT,1
GAATGGGACTAACTCC,1
GAATTCACAATATCCA,1
GACAAAAAGGACATAT,1
GACAAAACGGACATAT,1
GACAAAAGCGACATAT,1
GACAAAAGGAAAATAT,1
GACAAAAGGGACAGAG,1
GACAAAAGGGACATAA,1
GACAAAAGGGTCATAT,1
GACAAAAGTCCATGTA,1
GACAAAGAACCCATGC,1
GACAAATGGGACATAT,1
GACACAGAACACATGC,1
GACACAGAACCCATAC,1
GACACAGAACCCATGA,1
GACACAGAGCCCATGC,1
GACACCGAACCCATGC,1
GACACGGAACCCATGC,1
GACACGTAGAGAGGTA,1
GACAGAGAAGAGAGGC,1
GACATACCGACGCAGT,1
GACCAATGGCATTTGA,1
GACCAATGTCATTTGA,1
GACCCCGTGTAAGAGG,1
GACCCCTTGCAAGATG,1
GACCCCTTGTAAAATG,1
GACCCCTTGTAACATG,1
GACCCGGCAAGCCACT,1
GACCGCGCCGAGCACC,1
GACCGCTTGTAAGATG,1
GACCGGATGGGCACGT,1
GACCTAGGATCGCACT,1
GACGAAACTATAACCA,1
GACGAATGAATCATCC,1
GACGATGCAAGAAGAG,1
GACGCCCGGCGAACTC,1
GACGCCGCTAATCCGA,1
GACGGGAATTGCCACT,1
GACGGGATAGGCACGT,1
GACGGGATCGGCACGT,1
GACGGGATGGGCGCGG,1
GACGGGATTGGCTGTT,1
GACGGGCTAATGTCTC,1
GACGGGTAGAGATACG,1
GACGTACCTGGAGGTG,1
GACTAAGCGTGGGCGG,1
GACTAGCAATAAAATC,1
GACTGATAACCCGGCG,1
GACTGCGTTCATCGAT,1
GAGAAAAGGTACATAT,1
GAGAACGTGAGAGGCA,1
GAGAAGGTGAGGAGCG,1
GAGACAGAACCCATGC,1
GAGACCTGCAGAAGCG,1
GAGAGCGAGAAAAGCA,1
GAGAGCTACAGAAGAG,1
GAGAGCTGCAGAAGCC,1
GAGAGCTGCAGATACG,1
GAGAGCTGCCAATAAG,1
GAGAGGCCTCATAATG,1
GAGAGGGATTCAACTC,1
GAGAGTCATTGGGGTG,1
GAGAGTGGAAGAAGCG,1
GAGAGTGGAGGGGCGC,1
GAGATTGAGGGAAGTT,1
GAGCACGCAGAAAAAG,1
GAGCAGTGTCGGAGAG,1
GAGCATGCTATGGATC,1
GAGCGATTGTCCGGAA,1
GAGCGCCACTGATAAG,1
GAGCGGATACGTCACC,1
GAGCGGGGAGGTGATT,1
GAGCTCGCTATGGATC,1
GAGCTGATAGTAACTC,1
GAGCTGGCTATGGATC,1
GAGCTTACTATGGATC,1
GAGCTTGCAAGCCACT,1
GAGCTTGCTACGGATC,1
GAGCTTGCTAGGGATC,1
GAGCTTGCTATGGATT,1
GAGCTTGGTATGGATC,1
GAGGAAGAGAAGGGCG,1
GAGGAAGGGAGGGGGG,1
GAGGAGAGACGGCACC,1
GAGGAGGCCTGGCCCC,1
GAGGCTCTAGAGCTCT,1
GAGGGAATACGTCACC,1
GAGGGCACTAAATTAA,1
GAGGGCATACGTCACC,1
GAGGGGAAACGTCACC,1
GAGGGGATACGTCTCC,1
GAGGGGATAGGTCACC,1
GAGGGGATGGGCGGGT,1
GAGGGGATGGGTCACC,1
GAGGGGATTGGCTGTT,1
GAGGGGCTAATGTCTC,1
GAGGGGGACGAGGAGG,1
GAGGGGGAGAGATAGG,1
GAGGGGTAGAGAAACG,1
GAGGGGTAGAGATCCG,1
GAGGGGTAGAGATGCA,1
GAGGGGTAGCGATACG,1
GAGGGGTGGAGAGACG,1
GAGGGGTGGAGATGCG,1
GAGGGTATACGTCACC,1
GAGGGTGGGTTTAGAG,1
GAGGTCGGAGCCATAG,1
GAGGTGCTGTTGGGTC,1
GAGGTTGGGAATATGA,1
GAGTGAGGAGACTGAG,1
GAGTGAGGAGGTTGGC,1
GAGTGCGGTGGGAGTT,1
GAGTGCTGCAGAAGCG,1
GAGTGGAATTGACTTC,1
GAGTGGGCAGTGTATG,1
GAGTGGTAGAGACACG,1
GAGTTAGAGGTACATA,1
GAGTTGAAAGGATGCG,1
GATACTCACGGAGGAT,1
GATAGCCACTGATAAG,1
GATAGCCCCGTGCAAT,1
GATAGCTAGTGGCTTT,1
GATAGTCCCTATGATG,1
GATCACACAGAGAAAG,1
GATCACGCAGAAAAAC,1
GATCACGCAGAAAACG,1
GATCACGCAGGAAAAG,1
GATCACGGAGAAAAAG,1
GATCCAAGGGACGGAC,1
GATCCAGATGCCCACC,1
GATCGACACTGATAAG,1
GATCGCCACTGACAAG,1
GATCGCCACTGATAGG,1
GATCGCCAGCGACGTC,1
GATCGCCATAAACTTC,1
GATCGCCATCGAGTTC,1
GATCGCCATCGATTTC,1
GATCGCCATCGTCTTC,1
GATCGCCTCTGATAAG,1
GATCGCCTTCGACTTC,1
GATCGCTACTGATAAG,1
GATCGCTATCGACTTC,1
GATCGGGGGGAGAGGC,1
GATCTCCACTGATAAG,1
GATCTTAGGGAGAGTC,1
GATCTTGCGGAGAGTC,1
GATCTTGGGCAGAGTC,1
GATCTTGGGGACAGTC,1
GATCTTGGGGAGAAAC,1
GATCTTGGGGAGATGC,1
GATCTTGGGGAGTGTC,1
GATCTTGGGGTGAGTC,1
GATGAAGAGAAGTGCG,1
GATGCTCCGACACGCC,1
GATGGAACAATGGAGC,1
GATGGCCACTGATAAG,1
GATGGCGGATCCACAG,1
GATGGCGGGTGAATGG,1
GATGGGAGGGGCACGT,1
GATGTTGGGGAGAGTC,1
GATTCAGACGCCCACC,1
GATTCAGATGCACACC,1
GATTCAGATGCCCACA,1
GATTCAGATGCCTACC,1
GATTCAGGTGCCCACC,1
GATTCTGATGCCCACC,1
GATTGAGATGGCGATG,1
GATTGGGGGGAGAGTC,1
GCAAAAGTCCTAGCAA,1
GCAAACAGGGTAGTGG,1
GCAAACAGTGGAGGGG,1
GCAAACAGTGGAGTTG,1
GCAAACAGTGTAATTG,1
GCAAACAGTGTAGATG,1
GCAAACAGTGTAGGGG,1
GCAAAGAGTGTAGTTG,1
GCAACACAAAAAATTA,1
GCAACAGGCCTAGCAA,1
GCAACAGTCCCAGCAA,1
GCAACAGTCCTAACAA,1
GCAACAGTCCTAGAAA,1
GCAACAGTCCTAGCAG,1
GCAACAGTCTTAGCAA,1
GCAACATTCCTAGCAA,1
GCAACCAGTGTAGTTG,1
GCAACCTCAACTCCTA,1
GCAACGACGTGTAACC,1
GCAACGAGATGTAACC,1
GCAACGAGGTGTAACG,1
GCAACGTGCCGGTCAT,1
GCAACGTGGTGTAACC,1
GCAAGCTTGGCGCATC,1
GCACGGGTTGGCTGGA,1
GCAGCCTGCCGGTCAT,1
GCAGCGTGCCGGTCGT,1
GCAGCGTGCCGGTCTC,1
GCAGCGTGTCGGGCAT,1
GCAGCGTGTCTGTCAT,1
GCAGCTCTTTTCGTTC,1
GCAGTTTACGGGAGGG,1
GCATCCTCAACGCCTA,1
GCATCCTCAACTCCTC,1
GCATCCTCAACTCGTA,1
GCATCCTCAACTGCTA,1
GCATCCTCAAGTCCTA,1
GCATCCTCACCTCCTA,1
GCATCCTGAACTCCTA,1
GCATCGTCAACTCCTA,1
GCATGCTCAACTCCTA,1
GCATGGAACTAACACC,1
GCATGGAACTAACTCG,1
GCATGGAACTTACTCC,1
GCATGGGGGTACGAGA,1
GCATGGGTGGACGAGA,1
GCCAAAAGGGACATAT,1
GCCACTGCGGCGGGTG,1
GCCAGCGCGGGAAGAG,1
GCCAGCGTTAGTGTCA,1
GCCAGCTCGCATCACT,1
GCCAGCTCGCATCCCC,1
GCCAGCTCGTATCACG,1
GCCAGCTGGTATCCCT,1
GCCAGCTTGTATCCCT,1
GCCAGGTCGTATCCCT,1
GCCAGTTACTGAAGGG,1
GCCATGTACTGAAGGG,1
GCCATTAACTGAAGGG,1
GCCATTCACTGAAGGG,1
GCCATTTACCGAAGGG,1
GCCATTTACTAAAGGG,1
GCCATTTACTCAAGGG,1
GCCATTTACTGAAAGG,1
GCCATTTACTGCAGGG,1
GCCATTTACTTAAGGG,1
GCCATTTAGTGAAGGG,1
GCCCGTCAGCATAAAC,1
GCCGACGTTAGTGTCA,1
GCCGATGCGGCGTGTG,1
GCCGCTGCGGCATGTG,1
GCCGCTGCGGCTTGTG,1
GCCGCTGCTGCGTGTG,1
GCCGCTGTGGCGTGTG,1
GCCGGCCTTAGTGTCA,1
GCCGGCGCTAGTGTCA,1
GCCGGCGTCAGTGTCA,1
GCCGGCGTTAGCGTCA,1
GCCGGCGTTAGGGTCA,1
GCCGGCGTTAGTGACA,1
GCCGGCTCGTGTCCCT,1
GCCGGGGTTAGTGTCA,1
GCCGTTGCGCGCAGTC,1
GCCGTTGCGGCGTGTG,1
GCCGTTTACTGAAGGG,1
GCCTAAAGGATCAAGA,1
GCCTAAAGGATGAGGA,1
GCCTAAAGGATGATGA,1
GCCTAAAGGTTCATGA,1
GCCTAAATTATCATGA,1
GCCTAACGGATCATGA,1
GCCTAAGCGCGGGCGG,1
GCCTAATCGTGGGCGG,1
GCCTAATGCCGTTGTC,1
GCCTAATGGATCATGA,1
GCCTCCTCAAGGGTAA,1
GCCTGAAGGACCATGA,1
GCCTTTGCCCGCAGTC,1
GCCTTTGCGCGCACTC,1
GCCTTTGCGCGGAGTC,1
GCCTTTGCGCTTAGTC,1
GCCTTTGCTTGCAGTC,1
GCGAAATTTCATAGCG,1
GCGAACGAAGGAGGAG,1
GCGAAGGTTCATAGCG,1
GCGAAGTGTCAGAGCG,1
GCGAAGTTTCATAACG,1
GCGAAGTTTCATACCG,1
GCGAAGTTTCATAGGG,1
GCGAAGTTTCATAGTT,1
GCGAAGTTTCATTGCG,1
GCGAAGTTTCGTAGTG,1
GCGAGCTGCAGAAGCG,1
GCGCAAATAGACCGAA,1
GCGCGTCAACGAAAAA,1
GCGGACTCGAGTGGTA,1
GCGGAGAGTGAACGAG,1
GCGGCTGCGGCGTGTG,1
GCGGGCGTTAGTGTCA,1
GCGTAGTCAGCGTATG,1
GCGTATTAGGCGGCGG,1
GCGTCCGTTGGGAGCG,1
GCTAACTCTCGCGGCA,1
GCTACGAGGTGTAACC,1
GCTGAGGCGGCGTGTG,1
GCTGGCGTTAGTGTCA,1
GCTTAAAGGATCATGA,1
GCTTATTAGGCGGCAT,1
GCTTGACAGAGCGAGG,1
GCTTGGAACTAACTCC,1
GCTTTACCACTGCATC,1
GCTTTCTCAAAACATA,1
GCTTTTGCGCGCAGTC,1
GGAAACACGTCCCAGT,1
GGAACCGCAGACACGT,1
GGAACTGAGGGCAGTG,1
GGAAGCAAAGGTGACC,1
GGAAGCGTCATGGAGT,1
GGAAGCGTTGGGGAGT,1
GGAAGGGGGAGACAGA,1
GGAATTCGCATGCGGA,1
GGACAAACCTGCAAAG,1
GGACCCAGGTCCGGCG,1
GGACCCAGTTCCGGCG,1
GGAGAAACTAGAACCA,1
GGAGAACGGCGGCCCC,1
GGAGAACTGAGGCCCC,1
GGAGAATAGGATAAGG,1
GGAGAGACTAGGACCA,1
GGAGAGCGGCGGCTAG,1
GGAGCCGTGAGGCCGA,1
GGAGGAACCTGCAAAG,1
GGAGGCAAAGTGGAGT,1
GGAGGGACGGGAGCGG,1
GGAGTTAGGAGATCCA,1
GGAGTTCGTGGGTGGG,1
GGATAAGAGGACAGAG,1
GGATAGCTAATAATTG,1
GGATCTGTAGAGCGCT,1
GGATCTTTACGAAAAA,1
GGATCTTTGACAGTTA,1
GGATGAAAAGGAGAAG,1
GGCAAGGTAAGGAGGG,1
GGCAGGGGTATATGTA,1
GGCAGTGGTATACATA,1
GGCATGGGGATATGTG,1
GGCATTTACTGAAGGG,1
GGCCGTCAGCATAAAC,1
GGCGACATCGCCCTTT,1
GGCGCTGCGGCGTGTG,1
GGCGGTGGGGGGTGGG,1
GGCGTCGCTGATTGGG,1
GGCTAAGCGTGGGCGG,1
GGCTTAATTAAGTATG,1
GGGAAAGAAACTGGAA,1
GGGAAGAGTGGGGGAG,1
GGGAAGCGTCACAGAT,1
GGGAAGTGTGGGGTGG,1
GGGACAGAATACTAGA,1
GGGACTTTACGAGACA,1
GGGAGATGCAGAAGCG,1
GGGAGCGAGAGAAGCA,1
GGGAGCGGCGGAAGCG,1
GGGATGCTGCATTAGG,1
GGGCATCCTAGTGACG,1
GGGCGCCACTGAGAAG,1
GGGCGCGGGTACTGGG,1
GGGCGGGGAGGTGATT,1
GGGGAAACCTGCAAAT,1
GGGGATAGGCGGTAGG,1
GGGGATTGGAATCGGG,1
GGGGGAGGAGAGGATT,1
GGGGGAGGGGTGGCGG,1
GGGGGATCAAGCCGGG,1
GGGGGATCGCGGAGGC,1
GGGGGATGGGAGAAAC,1
GGGGGGAACGGGAAGC,1
GGGGGGATGGGCACGT,1
GGGGGGCGTCGCCTGA,1
GGGGGGGAGAGGAGGG,1
GGGGGGGAGTGCAAAG,1
GGGGGGGGCATGCGGA,1
GGGGGGGTTGGCTGTA,1
GGGGGGTAGAGAGACG,1
GGGGGGTAGAGATAAG,1
GGGGGGTGCGACACAG,1
GGGGTAGCCAGAGAGG,1
GGGGTAGTAAGACGGG,1
GGGGTATAGGGCATTG,1
GGGGTATCTAGGGAAG,1
GGGGTTGTGGCGGGTA,1
GGGTAAATGGGGAAGC,1
GGGTAACGTTGGAAGC,1
GGGTAACTGGGGAAGC,1
GGGTAACTTGGGAAGC,1
GGGTGAGACGGGAAAG,1
GGTAAACATGCAGTGG,1
GGTAATAGGCGGCACA,1
GGTACAGTGTAATCGA,1
GGTATATATAGAATTA,1
GGTATATGCGGGGGAG,1
GGTATTATGACTTCAT,1
GGTATTGTAGGTAATG,1
GGTCAAGGGAAGGGTG,1
GGTCCAACTCAGATCG,1
GGTCCATCTCAGCTCT,1
GGTCCATCTCCGATCG,1
GGTCCGAATGGGGTAG,1
GGTCCGGATAAAGTAG,1
GGTCCTATCCTCAAAT,1
GGTCCTGCAAGCCACT,1
GGTCCTTCTCAGATCG,1
GGTGAACATGCATTGG,1
GGTGGTGGGGGGAGGC,1
GGTGTAGCTGGTAGGA,1
GGTGTGGGCGGGGTTA,1
GGTGTGTATAACGTGA,1
GGTTAACTGTGGAAGC,1
GGTTAACTTAGGAAGC,1
GGTTAACTTTGCAAGC,1
GGTTAACTTTGGAACC,1
GGTTAACTTTGGAAGG,1
GGTTAACTTTGGAATG,1
GGTTAACTTTGGTAGC,1
GGTTAGCTTTGGAAGC,1
GGTTAGTCCTCGTATG,1
GGTTCAGATGCCCACC,1
GGTTGACTGTGGAAGC,1
GGTTGAGGAGGGATGG,1
GGTTGTAATCTGAATA,1
GGTTTTTATAACTTGC,1
GGTTTTTGGTTCGAGG,1
GTAAAAACCGGCAAAT,1
GTAAAACTGCGGCCCC,1
GTAAACTTCATGGAGT,1
GTAAAGTCTCGAGAAG,1
GTAACCAAAGTTGACC,1
GTAACTCGCATGCGGA,1
GTAAGAGGAGGCAGAT,1
GTAAGAGGGGGAGTAC,1
GTAAGCAAAGATGACC,1
GTAAGCAAAGTAGGAG,1
GTAAGCAAAGTTGACG,1
GTAAGCAAAGTTGTCC,1
GTAAGCAAAGTTGTCT,1
GTAAGCAACGTTGACC,1
GTAAGCAATGTTGACC,1
GTAAGCTCGTATCCCT,1
GTAAGCTTCAGGGAGT,1
GTAAGCTTCATAGAGT,1
GTAAGCTTCATGAAGT,1
GTAAGCTTCATGCAGT,1
GTAAGCTTCATGGAAT,1
GTAAGCTTCATGGAGC,1
GTAAGCTTCATGGATC,1
GTAAGCTTCATTGATT,1
GTAAGCTTCGTGGAGT,1
GTAAGCTTGGCGCATC,1
GTAAGTCCCTATGATG,1
GTAATCAAAGGTGACC,1
GTAATCCGCATGCGGA,1
GTAATGCTGCATTAGG,1
GTAATTCACATGCGGA,1
GTAATTCGCATGCCGA,1
GTAATTCGCATGCGAA,1
GTAATTTGCATGCGGA,1
GTACAAACCGTTTGTA,1
GTACAAACCTACAAGT,1
GTACAAACCTGCAACT,1
GTACAAACCTGCAATT,1
GTACAACTGCGGCCCC,1
GTACACAGTTCCGGCG,1
GTACACAGTTCCTGAG,1
GTACATACTAGGACCA,1
GTACCAAGTTCCTGTG,1
GTACCCACTTCCTGCG,1
GTACCCAGGTCCTGCG,1
GTACCCAGTGTAGTTG,1
GTACCCAGTTACTGAG,1
GTACCCAGTTCATGCT,1
GTACCCAGTTCCGGTG,1
GTACCCAGTTCCTGAA,1
GTACCCAGTTCCTTCT,1
GTACCCAGTTCGTGCG,1
GTACCCAGTTGCTGCG,1
GTACCCATAAGACCCC,1
GTACCGAATGGGGTAG,1
GTACGAACATGCAAAT,1
GTAGAAACTATAACCA,1
GTAGAAAGGTGGCCGC,1
GTAGAAATGCGGACCC,1
GTAGAAATGCGGCCAC,1
GTAGAACAGCGTAGGC,1
GTAGAACTGCGGGGCC,1
GTAGAACTTCAGCCCC,1
GTAGAACTTTGGCCCC,1
GTAGAAGGAGGCAGAT,1
GTAGAGGCCTGGCCCC,1
GTAGATAATAGGACCT,1
GTAGATACTAGCACCA,1
GTAGATACTAGGACGA,1
GTAGATACTAGGAGCA,1
GTAGATACTAGTACCA,1
GTAGATACTTGGACCA,1
GTAGATGCGAGGACCA,1
GTAGCACTGCGGCCCC,1
GTAGGATGTATGGCTG,1
GTAGGGAACGAACTCC,1
GTAGGTGAGGGGCGTG,1
GTAGTGCGTATTGAGT,1
GTATAAACCGTTTGTA,1
GTATAATAGAACAGAG,1
GTATATACTAGGACCA,1
GTATCTGTAGAGCGCT,1
GTATCTTAATCTACAG,1
GTATTCAGTTCCTGCG,1
GTATTTCGCATGCGGA,1
GTCAAAAGGGACATAT,1
GTCAAATTACGGATGG,1
GTCAACTTACGGATGG,1
GTCAAGTAACGGATGG,1
GTCAAGTTAAAGATGG,1
GTCAAGTTACGGAAGC,1
GTCAAGTTACGGATGA,1
GTCAAGTTATGTATGG,1
GTCAAGTTGGGGATGG,1
GTCACGTTACGGATGG,1
GTCAGCGAGAAAAGCA,1
GTCAGCGAGTGGGTGT,1
GTCAGTCAGCATAAAC,1
GTCATGTTACGGATGG,1
GTCCAAACCTGCAAAT,1
GTCCATCCTAGTGACG,1
GTCCCATCCTGGAATG,1
GTCCGATTGTCCGGAA,1
GTCCGCCAGCATAAAC,1
GTCCGGCAGCATAAAC,1
GTCCGTCAGCACCTAG,1
GTCCGTCAGCATAAAT,1
GTCCGTCAGCATAACC,1
GTCGCAACCTGGAATG,1
GTCGCAGATAATCCGA,1
GTCGCAGCCTGGAAGG,1
GTCGCATCCTGGAACT,1
GTCGCATCCTGGAAGC,1
GTCGCATCCTGGAATC,1
GTCGCATCCTGGATTG,1
GTCGCATCCTGGCATT,1
GTCGCATCGTGGAATG,1
GTCGCCGCGAATCCGG,1
GTCGCCGCTAAACCGA,1
GTCGCCGCTAATCCCT,1
GTCGCCGCTAATGCGA,1
GTCGCCGCTAATTCGA,1
GTCGCGGCTAATCCGA,1
GTCGGATCCTGGAATG,1
GTCGGGTGAGGCGTGT,1
GTCGTATCCTGGAATG,1
GTCTGTCCAGACTCGT,1
GTGACCGAGAAAAGCA,1
GTGAGCGACAAAAGCA,1
GTGAGCGAGAAAACCA,1
GTGAGCGAGGAGAGCG,1
GTGAGCGGGAAAAGCA,1
GTGATATCAAGACGGG,1
GTGATATCCAACACCA,1
GTGATGAGGAAGGTGG,1
GTGATTATGACTTCAT,1
GTGCAATTGAAACATA,1
GTGCACCCTAGTGACG,1
GTGCAGCCTAGTGACG,1
GTGCAGCGGGGTTTTG,1
GTGCATAATAGTGACG,1
GTGCATACTAGTGACG,1
GTGCATCCTAATGACG,1
GTGCATCCTAGTGAGG,1
GTGCATCCTAGTGGCG,1
GTGCATCCTGGTGACG,1
GTGCGAGGGTCCGGAA,1
GTGCGAGTGTCTGGAA,1
GTGCGATGGTCCGGAG,1
GTGCGATTATCCGTAA,1
GTGCGATTGAAACATA,1
GTGCGATTGACCGGAA,1
GTGCGATTGTACGCAA,1
GTGCGATTGTCCGCAA,1
GTGCGATTGTGCGGAA,1
GTGCGTCCTAGTGACG,1
GTGCTCCTGAGGAGTA,1
GTGGAACTGCGGACCC,1
GTGGAATCAAGCCGGG,1
GTGGAATGGAGAAGTA,1
GTGGAGGCCCGCTGCA,1
GTGGATCAGTCGCGCC,1
GTGGCATCCTGGAATG,1
GTGGCCGCTAATCCGA,1
GTGGCCGGTGGGAATG,1
GTGGGAGGGGAGAAAC,1
GTGGGAGGGGATGGAA,1
GTGGGAGGGGGGGGAG,1
GTGGGCGGGAAAGTAA,1
GTGGGGAACGGGAGGC,1
GTGGGGGGATAGGTGG,1
GTGGGGGGATGGTAAG,1
GTGGGGTAGAGATACA,1
GTGGTAACAAGCCGGG,1
GTGGTAGGGAGCCGGG,1
GTGGTATCAAATACTA,1
GTGGTATCAAGACGTA,1
GTGGTATCAAGGGGGG,1
GTGGTATCCAACACCA,1
GTGGTATTAAGCCGGG,1
GTGGTGGATGATTGGG,1
GTGGTTTCAAGCCGGG,1
GTGTAAGTGATGGTTG,1
GTGTACTATCGCAGAC,1
GTGTAGGAAGCGTAGG,1
GTGTGAACATGGAAGT,1
GTGTGATTGGCTGGGA,1
GTGTGATTGTCCGGGA,1
GTGTGCGAGAAAAGCA,1
GTTACTATGACTTCAT,1
GTTAGAGATGAGGTGG,1
GTTAGATCCAACACCA,1
GTTAGTGAGGATCACG,1
GTTATGATGACTTCAT,1
GTTATTAAGACTTCAT,1
GTTATTACGACTTCAT,1
GTTATTATGACATCAT,1
GTTATTATGACTTCTT,1
GTTATTATGACTTGAT,1
GTTATTATGAGTTCAT,1
GTTATTATGGCTGAGG,1
GTTATTATGTCTTCAT,1
GTTCCTCCGACACGCC,1
GTTCGGCTCTTGATTA,1
GTTCGTGAGACTCACA,1
GTTCTATTGTCCGGAA,1
GTTGAACTGCGGCCCC,1
GTTGAGTGGGGTGTTG,1
GTTGATGGAAGAGGGA,1
GTTGCGCCGACACGCC,1
GTTGCTCCGACACGCG,1
GTTGCTCCGAGACGCC,1
GTTGCTCCGTCACGCC,1
GTTGCTCGGACACGCC,1
GTTGCTTTGACACGCC,1
GTTGGTCCGACACGCC,1
GTTTAAATTCGAGGGC,1
GTTTACTCATTATACG,1
TAAAAAACCTCCATGA,1
TAAAAACCCTCCATGA,1
TAAAAAGCCAGCAAGA,1
TAAAAAGCCTCCATAA,1
TAAAAAGCCTCTATGA,1
TAAAAAGCCTTCATGA,1
TAAAAATTTATGACAA,1
TAAAAGAGAGGGGTCC,1
TAAAATTGTCGGAAAG,1
TAAAGAGCCTCCATGA,1
TAAATGCTGCGGAACG,1
TAACAAGCCAGCAAGA,1
TAACCCATAAGACCCC,1
TAACGGGATGTCTCGA,1
TAACGTGAGGTCTCGA,1
TAACGTGAGTTCTCGA,1
TAACGTGATATCTCGA,1
TAACGTGATGTCTCGA,1
TAACGTGATTTCTCGC,1
TAAGCTCTTTTCGTTC,1
TAAGTCGTATCCACAG,1
TAAGTTCATAGCTCCA,1
TAATAAGCCAGCACGA,1
TAATAAGCCAGCTAGA,1
TAATAAGCCAGGAAGA,1
TAATAAGCCTGCAAGA,1
TAATAAGCTAGCAAGA,1
TAATAGCAATAAAATC,1
TAATATGCCAGCAAGA,1
TAATGTGAGGTAGGGG,1
TAATGTTTTACATTTA,1
TAATTCGCCGTTCCCC,1
TAATTGGAAAGACATG,1
TACAAATGCCGTTGTC,1
TACAAGAGAGAGGTCC,1
TACAAGAGAGGGATCC,1
TACAAGAGAGGGGTAC,1
TACAAGAGAGTGGTCC,1
TACAAGAGATGGGTCC,1
TACAAGAGGGGGGTCC,1
TACACAGAACCCATGC,1
TACACTCACGGAGGAT,1
TACATAACGACGCAGT,1
TACATACCGACCCAGT,1
TACATACCGACGCACT,1
TACATACCGACGCAGA,1
TACATACCGACGCAGG,1
TACATACCGGCGCAGT,1
TACCAATATCATTTGA,1
TACCAATCTCATTTGA,1
TACCAATGTCAATTGA,1
TACCAATGTCACTTGA,1
TACCAATGTCATTAGA,1
TACCAATGTCATTGGA,1
TACCAATGTCATTTCA,1
TACCAGGCGGGGAACT,1
TACCCGCTGCGGAACG,1
TACCCGCTGTTTAAAA,1
TACCCGGTAAGCCACT,1
TACCCTACAAGCCACT,1
TACCCTCCAAGCCACT,1
TACCCTGCAAACAACT,1
TACCCTGCAAGCCCCT,1
TACCCTGCATGCCACT,1
TACCCTGTAAGCCACC,1
TACCCTGTAGAGCGCT,1
TACCCTTTAAGCCACT,1
TACCGCTCCGAGCACC,1
TACCTACGAGACGTAA,1
TACCTCCTGCGGAACG,1
TACCTGCTGCATTAGG,1
TACCTGCTGCGAAACG,1
TACCTGCTGCGGATCG,1
TACCTGCTGCGGATGG,1
TACCTGCTGCGTAACG,1
TACCTGCTGCTGAACG,1
TACGAATGTCATTTGA,1
TACGCTTCAAGCCACT,1
TACGGTGGTCGATCCG,1
TACTAACAATAAAATC,1
TACTAATGCCCTTGTC,1
TACTAATGCCGCTGTC,1
TACTAATGCCGGTGTC,1
TACTAATGCCGTTCTC,1
TACTAATGCGGTTGTC,1
TACTAATGGGGGTGTC,1
TACTAATGTCATTTGA,1
TACTAATTCCGTTGTT,1
TACTAGAGAGGGGTCC,1
TACTAGCAAAAAAATC,1
TACTAGCAATAAAACC,1
TACTAGCAATAAGATC,1
TACTAGCAATAGAATC,1
TACTAGCGATAAAATC,1
TACTCCTAACTAGCGA,1
TACTCCTTGTAAGATG,1
TACTGAGACGCGCAAG,1
TACTGATAACCTTGCG,1
TACTGATAACCTTTCG,1
TACTGATAACGCTGCG,1
TACTGATAACTCTGCG,1
TACTGATATCCCTGCG,1
TACTGCGTTCATCGAT,1
TACTGGCAATAAAATC,1
TACTGTTAACCCTGCG,1
TACTTCCCTGACTGCT,1
TACTTCCGTCGCCTGA,1
TACTTGCAATAAAATC,1
TACTTGCTGCGGAACG,1
TAGAAAGTCGTTGTGG,1
TAGAACGAAGTGGGAG,1
TAGACTCACCGAATAA,1
TAGACTCACGGAGGAT,1
TAGATAATATAGAGAC,1
TAGATGGTGAGGAACG,1
TAGATTCAACTAAAAA,1
TAGCATGGGAGGAAAG,1
TAGCATTCTCGGAAAG,1
TAGCATTGTCGCAAAG,1
TAGCATTGTCGGAACT,1
TAGCATTGTGGGAAAG,1
TAGCTCATAGTAACTC,1
TAGCTGACAGTAACTC,1
TAGCTGAGAGTAACGC,1
TAGCTGAGAGTAACTC,1
TAGCTGATAGAAACTC,1
TAGCTGATAGTAAATA,1
TAGCTGATAGTAACTG,1
TAGCTGATAGTAACTT,1
TAGCTGATAGTAAGTC,1
TAGCTGCTAGTAACTC,1
TAGGAAGAGAAGGGCG,1
TAGGCGCGAGAGTGCT,1
TAGGGGTGGGAGGAGG,1
TAGGTCGTGGGGAAAG,1
TAGGTGATAGTAACTC,1
TAGTAATGCCGTTGTC,1
TAGTATTGCTACACAT,1
TAGTTAGTAGACCCAC,1
TATAAAGAGAAGTGCG,1
TATAACCCTCGCGGCA,1
TATACAAGGGATGGAC,1
TATACCCACGGAGGAT,1
TATACGCACGGAGGAT,1
TATACTAACGGAGGAT,1
TATACTAGTAACATAA,1
TATACTCACGGAGGAA,1
TATACTCACGGAGGAG,1
TATACTCACGGAGGTT,1
TATACTCACGGAGTAT,1
TATACTCGCGGAGGAT,1
TATACTGACGGAGGAT,1
TATAGTCACGGAGGAT,1
TATATACCGACGCAGT,1
TATATTAGCAACATAA,1
TATATTAGTAACAGAA,1
TATATTAGTAACATAC,1
TATATTAGTAACGTAA,1
TATATTAGTAATATAA,1
TATATTAGTAGCATAA,1
TATATTAGTGACATAA,1
TATCAATGTCATTTGA,1
TATCAGCGTTGTTTTG,1
TATCCAAAGGACGGAC,1
TATCCAAGGGAAAGAC,1
TATCCAAGGTACGGAC,1
TATCCAAGTTACGGAC,1
TATCCACGGGACGGAC,1
TATCCTAGGGACGGAC,1
TATCGAAGGGACGGAC,1
TATCGCTGGCACCCGT,1
TATCGTGATACTCACA,1
TATCTCGTATCCACAG,1
TATCTTTGGGAGAGTC,1
TATGACGTATCCACAG,1
TATGGGAATTGAGATG,1
TATGGGTAGCCCGGCG,1
TATGTCCTATCCACAG,1
TATGTCGTATAAACAG,1
TATGTCGTATCCTCAG,1
TATGTCGTATGCACAT,1
TATGTTGAATAGGCGA,1
TATTAACACCTGGGAA,1
TATTAAGACAAGTGCG,1
TATTAAGAGAACTGCG,1
TATTAAGAGAAGCGCT,1
TATTAAGAGAGGGGCG,1
TATTAATACCTGGGGA,1
TATTAATACCTGGTAA,1
TATTAATAGAAGTGCG,1
TATTACTAACTAGCGA,1
TATTAGCAATAAAATC,1
TATTATGAGAAGTGCG,1
TATTCATAACTAGCGA,1
TATTCCTAACAAGCGA,1
TATTCCTAACTAACGA,1
TATTCCTAACTAGCAA,1
TATTCCTAACTGGCGA,1
TATTCCTAACTTGCGA,1
TATTGGGGAAGTCACG,1
TCAAGACTCGACTAAC,1
TCAAGCGGGGGCGAAA,1
TCAAGTTAATATGCGC,1
TCAATAGGGGGCTAGA,1
TCAATCCGGGGCTAAA,1
TCAATCGGCGGCTAAA,1
TCAATCGGGAGCTAAA,1
TCAATCGGGCGCTAAA,1
TCAATCGGGGGCTAAC,1
TCAATCGGGGGCTGAA,1
TCAATCGGGGGCTTAA,1
TCAATCGTTGGCTAAA,1
TCAATCTGAACCATAC,1
TCAATGGGGGGCTAAA,1
TCACAACTCGACTAAC,1
TCACGACCCGACTAAC,1
TCACGACGCGACGAAC,1
TCACGACTCGACTAAT,1
TCACGACTCGACTATC,1
TCACGACTCGACTGAC,1
TCACGACTCGATTAAC,1
TCACGACTCGGCTAAC,1
TCAGGGGTGGACGAGA,1
TCAGGGGTGTACGAGG,1
TCAGTACGATCTACGC,1
TCAGTCGGGGGATAAA,1
TCATAGTCCTCGTATG,1
TCATCGCACCACTGCT,1
TCATGACATAGCGATG,1
TCATGATGCATTCCCG,1
TCATGGGAGTACGAGA,1
TCATGGGTCTACGAGA,1
TCATGGGTGGACGAGG,1
TCATGGGTGTACGAGC,1
TCATGGGTGTACGCGA,1
TCATGGGTGTACGCTT,1
TCATGGGTGTCCGAGA,1
TCATTACCACTGCATC,1
TCATTCGGGGGCTAAA,1
TCCAAACCCCTAGCTA,1
TCCAACGAGGTAAGAG,1
TCCAACGCGGTAGGAG,1
TCCACACCCATAGCTA,1
TCCACACCCCCAGCTA,1
TCCACACCCCTACCTA,1
TCCACACCCCTAGCTT,1
TCCACACCCCTAGGTA,1
TCCACACCCGTAGCTA,1
TCCACACGCCTAGCTA,1
TCCACACTCCTAGCTA,1
TCCACATCCCTAGCTA,1
TCCACGTGGTTTGACA,1
TCCAGAGCGGTAAGAT,1
TCCAGCGAGGTAGGAG,1
TCCAGCGCCGTAAGAG,1
TCCAGCGCGGTAAGCT,1
TCCAGCGCGGTAGGGG,1
TCCAGCGCGGTATGAG,1
TCCAGCGCGTTAATAG,1
TCCAGCTCTGTAAGAG,1
TCCATCGCGGTAATAG,1
TCCCAGCTCTTAGCCG,1
TCCCAGTGGTTTGACA,1
TCCCCCTGGTTTGACA,1
TCCCCGTCGTTTGACA,1
TCCCCGTGGCTTGACA,1
TCCCCGTGGTTTAACA,1
TCCCCGTGGTTTGATA,1
TCCCGCGCGGTAAGAG,1
TCCCTGTGGTTTGACA,1
TCCCTTCAACTAAAAA,1
TCCGGTGGTCGATCCG,1
TCCTAAAGTATCATGA,1
TCCTAGAGTGAACGAT,1
TCCTATTCCGGCGCGG,1
TCGAACCTCGTTGTCT,1
TCGAACGAAGAAGGAG,1
TCGAACGAAGTACTAG,1
TCGAACGAAGTAGTAT,1
TCGAACGAAGTATGAT,1
TCGAACGAATTAGGGG,1
TCGAAGGAAGTAGGAG,1
TCGAATCATCACCGAT,1
TCGAATTAATATGCGC,1
TCGACCGAAGTAGGAG,1
TCGAGCGAAGGAGGAG,1
TCGAGCTAATATGCGC,1
TCGAGCTGCAGAAGCG,1
TCGAGGTAATATGCGC,1
TCGAGTTAACATGCGC,1
TCGAGTTAATACGCGC,1
TCGAGTTAATAGGCGC,1
TCGAGTTGATATGCGC,1
TCGAGTTTATATGCGC,1
TCGATAACTAGCCGGA,1
TCGATTACGAGCCGGG,1
TCGATTTCTAGCCGGA,1
TCGCCGTGGTTTGACA,1
TCGCGTCAACTAAAAA,1
TCGCTTCAACTAAAAC,1
TCGCTTCAACTAGAAA,1
TCGCTTCAATTAAAAA,1
TCGCTTCATCTAAAAA,1
TCGCTTCTACTAAAAA,1
TCGCTTGAACTAAAAA,1
TCGGAGAGTGAACGAT,1
TCGGCCGTTGGGAACT,1
TCGGCGCACGACGGCG,1
TCGGGGATTGGCTGTT,1
TCGTATCAGTAGCGCC,1
TCGTATTAGGCGGCAT,1
TCGTATTAGGCGGCGG,1
TCGTCCCACTACTGCT,1
TCGTCCGCTTCATGCT,1
TCGTCCGGTGGGAACG,1
TCGTCCGTTGGAAACT,1
TCGTCCGTTGGCAACT,1
TCGTCCGTTTGTAACT,1
TCGTCGCACTACCGCA,1
TCGTCGCACTACTGGT,1
TCGTCGCACTAGTGCT,1
TCGTCGCACTTCTGCT,1
TCGTCTGTGGGGAACT,1
TCGTGACATAGCGAGG,1
TCGTGACGTGGCGAGG,1
TCGTGCGTTGGGAACT,1
TCGTTACCACTGCATC,1
TCGTTGCACGACTGCT,1
TCGTTGCACTAATGCT,1
TCGTTGCACTACTCCT,1
TCGTTGCACTACTGCG,1
TCGTTGTACTACTGCT,1
TCGTTTACTAGCCGGA,1
TCTAACAAAACGACAC,1
TCTAACGCTCGCGGCA,1
TCTAACTCTCAAGGCA,1
TCTAACTCTCGAGACA,1
TCTAACTCTCGAGGAA,1
TCTAACTCTCGCCGCA,1
TCTAACTCTCGCGGCC,1
TCTAAGCTCTTAGCCG,1
TCTAAGTCTCGCGGCA,1
TCTACGAGGCTACGTA,1
TCTAGACATAGCGATG,1
TCTAGCGCGGTAGGAG,1
TCTCAACTCTTAGCCG,1
TCTCAGAGTGAACGAT,1
TCTCAGCCCTTAGCCG,1
TCTCAGCTCCTAGCCG,1
TCTCAGCTCGTAGCCG,1
TCTCAGCTCTGAGCCG,1
TCTCAGCTCTTGGCCG,1
TCTCATTAGGCAGCAT,1
TCTCTGGCTCGCTAAT,1
TCTGAGTCCTCGTAGG,1
TCTGGAAACAATCCTC,1
TCTGGAAACGAGCCCC,1
TCTGGAAACGATCCCG,1
TCTGGAAACGATGCCC,1
TCTGGAATCGATCCCC,1
TCTGGACATAGCGATG,1
TCTGGGAACGATCCCC,1
TCTGTAAACGATCCCC,1
TCTGTACCACTGCATC,1
TCTTAAAGTGAACGAT,1
TCTTAACCACTGCATC,1
TCTTACAGTGAACGAT,1
TCTTACTCTCGCGGCA,1
TCTTAGAGTGAACGGT,1
TCTTAGAGTGAACGTT,1
TCTTAGGCCTCGGATG,1
TCTTAGTCCTCGTATC,1
TCTTAGTCCTGGAATG,1
TCTTATAGTGAACGAT,1
TCTTATGAAATAAGCT,1
TCTTATTACGCGGCAT,1
TCTTATTAGGAGGCGT,1
TCTTATTAGGCCGCAT,1
TCTTATTGGGCGGTAT,1
TCTTGAAACGATCCCC,1
TCTTGAAAGAGCGATG,1
TCTTGACACAGCGATG,1
TCTTGACATAAAGATG,1
TCTTGACATACCGATG,1
TCTTGACATAGCGAAG,1
TCTTGACATCGCGATG,1
TCTTGACCACTGCATC,1
TCTTGTCATAGCGATG,1
TCTTTACATAGCGATT,1
TCTTTACCACAGCATC,1
TCTTTACCAGTGCATC,1
TCTTTCTCAAAACATA,1
TCTTTGCACTACTGCT,1
TGAAAAGCCTCCATGA,1
TGAAATAGGCGTCACA,1
TGAAATCGTCACCGAT,1
TGAACTTTTACATTTA,1
TGAATCGGGGGCTAAA,1
TGAATGTAGCCGCTCC,1
TGAATTCATAGCTCCA,1
TGACAACAAAACAAAT,1
TGACAACAAGACAAAG,1
TGACAACAATACAAAA,1
TGACAACAATGCAAAT,1
TGACAACGATACAAAT,1
TGACAATAATACAAAT,1
TGACCATCGCACCCAA,1
TGACCGCCAGTTTCGT,1
TGACCTGTGACATTGC,1
TGACCTTTTACATTTA,1
TGACGAATGTGATTCC,1
TGACGACTCGACTAAC,1
TGACGAGTGGGATTCC,1
TGACGGGTGGGATGCT,1
TGACTCCACGGATGCC,1
TGACTTCATAGCTCCA,1
TGAGATGGTCGATCCG,1
TGAGCTTTTACATTTA,1
TGAGGAGCGCCCTTAC,1
TGAGGGGGGGGAGAGA,1
TGAGGGTGGACGGAGG,1
TGAGGTCATAGCTCCA,1
TGAGTCCATAGCTCCA,1
TGAGTGCATAGCTCCA,1
TGAGTTCAAAGCTCCA,1
TGAGTTCACAGCTCCA,1
TGAGTTCATAACTCCA,1
TGAGTTCATAGATCCG,1
TGAGTTCATAGCTCCC,1
TGAGTTCATAGCTCTA,1
TGAGTTCATAGGTCCA,1
TGATAACAATACAAAT,1
TGATAAGCCGGCAAGG,1
TGATAGTGGGAAGGGG,1
TGATCAGTGACATTGC,1
TGATCCACCCTGTAGT,1
TGATCCGCTTCATGCT,1
TGATCGTGTACATTTA,1
TGATCTATGACATTGC,1
TGATCTGTGACATTGG,1
TGATCTGTTACATTTA,1
TGATCTTTAACATTTA,1
TGATCTTTCACATTTA,1
TGATCTTTGACATTGC,1
TGATCTTTTACATATA,1
TGATCTTTTACATTCA,1
TGATCTTTTACATTGA,1
TGATCTTTTATATTTA,1
TGATGTTTTACATTTA,1
TGATTGGGAGGGCGTG,1
TGATTGGGGATATGTA,1
TGCAAGAGAGGGGTCC,1
TGCAGGGGGATACATA,1
TGCAGTGATATACATA,1
TGCAGTGCTATACATA,1
TGCAGTGGTAAACATA,1
TGCAGTGGTATATATA,1
TGCCAATGTCATTTGA,1
TGCCGTGGTATACATA,1
TGCGACAGCCTTCCGG,1
TGCGATGCCGGCGCGG,1
TGCGGGATGGGCACGT,1
TGCGGTAGTCGATCCG,1
TGCGGTGGTAGATTCG,1
TGCGGTGGTCGACCCG,1
TGCGGTGGTCGATCAA,1
TGCGGTGGTCGATTCA,1
TGCTAGCAATAAAATC,1
TGCTATGAAATAAGCT,1
TGCTATTACGGTGCGG,1
TGCTATTAGGGCGCGG,1
TGCTATTCCGACGCGG,1
TGCTATTCCGGAGAGG,1
TGCTATTCCGGCACGT,1
TGCTATTCCGGCGCCG,1
TGCTATTCTGGTGCGG,1
TGCTATTGCGGCGCGG,1
TGCTCCGCTTCATGCT,1
TGCTCCTGGGGTATCA,1
TGCTGATAACCATGCG,1
TGCTGATAACCCCGCG,1
TGCTGTCCAGACTCGT,1
TGCTGTGGTATACATA,1
TGGAAAAAATCATAAA,1
TGGAAAAAGTAAGAAG,1
TGGAAATTGGGGGGTG,1
TGGAACCGTCACCGAT,1
TGGAAGAGGCGGCACA,1
TGGAAGAGGCGTCACA,1
TGGAAGCAGCACGATA,1
TGGAAGCGTCACCGAT,1
TGGAATCGCCACCGAT,1
TGGAATCGTAAACGAT,1
TGGAATCGTCACCGCT,1
TGGAATCGTCACCGTA,1
TGGAATCGTCGGAAAG,1
TGGAATCTACGGCGAC,1
TGGACCCGAGATGGTA,1
TGGACCGCTTCATGCT,1
TGGAGAGCGGACAAGG,1
TGGAGGTAGTATAGGT,1
TGGAGGTTAAGGAGAA,1
TGGAGTGGTGTTGGCG,1
TGGATAGCAGACACGG,1
TGGATATCCAACACCA,1
TGGATATCGAGATTCA,1
TGGCAATTGAAACAGA,1
TGGCCAAGGGACGGAC,1
TGGCGGAGGGGGGTTG,1
TGGCTCCGGAGTAGTA,1
TGGCTCCTGAGTAGTA,1
TGGGAGGCGAGCAGAT,1
TGGGATTTTATATGGA,1
TGGGGCACGAAATGAA,1
TGGGGGCAGTTGAGCA,1
TGGGGGGATTGCCACT,1
TGGGTGCAGAGGTATA,1
TGGTAAGAGGAGGGCG,1
TGGTATAAGTCGCGCC,1
TGGTATCAGTAGCGCC,1
TGGTATCGTCACCGAT,1
TGGTCAGCTTCATGCT,1
TGGTCCGCGTCATGCT,1
TGGTCCGCTACATGCT,1
TGGTCCGTTTCATGCT,1
TGGTCTGCTTCATGCT,1
TGGTCTGTGACATTGC,1
TGGTGAGCCAGGCGGA,1
TGGTGAGCCAGGCTGA,1
TGGTGAGCCAGTCGGA,1
TGGTGAGTTGGGTTGA,1
TGGTGGAATCTGAATA,1
TGGTGGGGGGGGTGTG,1
TGGTGTAATCTGAATA,1
TGTAAACATGCATTGG,1
TGTAATAAGAGTCACA,1
TGTAATAAGCGTCACA,1
TGTAATAGACGTCACA,1
TGTAATAGCCGTCACA,1
TGTAATAGGCGGCACA,1
TGTAATAGGCGTGACA,1
TGTAATAGGGGTCACA,1
TGTACCCTAGATGGTA,1
TGTAGAGCCAACACCA,1
TGTAGAGCGCCCTTAC,1
TGTAGATCCAACACCA,1
TGTAGTGGTATGCATA,1
TGTATATCGAGAGTCA,1
TGTATATCGAGATGCA,1
TGTATGGCAAGCAACG,1
TGTATGGCGAGATGCA,1
TGTATGGCGAGATGCG,1
TGTATGGGTAACATAA,1
TGTATGTTGAGAGGCA,1
TGTATTAGGCGTCACA,1
TGTATTATGACTTCAT,1
TGTCACAGAACCTATC,1
TGTCAGCGGTGTTTTG,1
TGTCCAGATAAAGTAG,1
TGTCCGGATAAAGAAG,1
TGTCCGGATAAAGTAA,1
TGTCCGGATAAAGTGG,1
TGTCCGGATAAAGTTG,1
TGTCCGGATAGAGTAG,1
TGTCCGGGTAAAGTAG,1
TGTCGAGCGCCCTTAC,1
TGTGAAGCGCCCTTAC,1
TGTGAGATCTTGGCGG,1
TGTGAGGATAGAGGAG,1
TGTGGAGCCAGGCTGA,1
TGTGGAGCGCACTTAA,1
TGTGGAGCGCCCATAC,1
TGTGGAGCGCCGTTAC,1
TGTGGAGCGGCCTTAC,1
TGTGGAGCTTCCTTAC,1
TGTGGAGGGCCCTTAC,1
TGTGGGGTGGACAGTA,1
TGTGGTAATCTGAATA,1
TGTGGTGGTATACATA,1
TGTGTACCCTTAAGCA,1
TGTGTGGCAGGCAGCG,1
TGTTAACGGCCTATCC,1
TGTTCAGCCAGTCTGA,1
TGTTCCATAGGCATGG,1
TGTTGACCCAGTCTGA,1
TGTTGAGCAAATCTGA,1
TGTTGAGCCAGTATAA,1
TGTTGAGCCAGTCTAA,1
TGTTGAGCCAGTTTGA,1
TGTTGAGCCTGTCTGA,1
TGTTGAGCTCCCTTAC,1
TGTTGATCCATTCTGA,1
TGTTGGAATCTGAAGA,1
TGTTGGGCAAGTCGGG,1
TGTTGTAAGCTGAATA,1
TGTTGTAATCGGAAGA,1
TGTTGTAATCGGAATA,1
TGTTGTAATCTGATTA,1
TGTTGTAATGTGAATA,1
TGTTGTAGTCTGAATA,1
TGTTGTGCCAGTCTGA,1
TGTTGTTATCTGAATA,1
TTAAAAAAATCATAAA,1
TTAACTCACCGAATAA,1
TTAACTGAGGGCATTG,1
TTAAGGTAGCCGCTCC,1
TTAATCTAGCCGCTCC,1
TTAATGTACCCGCTCC,1
TTAATGTAGCAGCTCC,1
TTAATGTAGCCGATCC,1
TTAATGTAGTCGCTCC,1
TTAATTTAAGTATCAA,1
TTAATTTAGCCGCTCC,1
TTACAAATTTGATTCC,1
TTACGAAGTTGAGTCC,1
TTACGAATGTGATTCC,1
TTACGAATTAGATTCC,1
TTACGAATTTGAATCC,1
TTACGAATTTGAGGCC,1
TTACGAATTTGGGGCC,1
TTACGAGTTTGAGTCC,1
TTACGTGATACTCACA,1
TTAGGCACTAAATTAA,1
TTAGTGAACAGAGGTA,1
TTAGTGTAGCCGCTCC,1
TTATATGTAGAGCGAT,1
TTATCAGTAGAGCGCT,1
TTATCTGTAGACCGCT,1
TTATCTGTAGAGAGAT,1
TTATCTGTAGAGCGAG,1
TTATCTGTAGCGCGCT,1
TTATCTGTCGAGCGCT,1
TTATCTTTAGAGCACT,1
TTATGAATTGGATTCC,1
TTATGGGGGTGGGTAG,1
TTATGGGTGTACGAGG,1
TTCAAAAAATCATAAA,1
TTCACACCCCTAGCTA,1
TTCAGGATAATCGCGC,1
TTCAGTCCAGACTCGT,1
TTCAGTGTTATACATA,1
TTCATCAACTTGGTGC,1
TTCATCAAGCTGGTGC,1
TTCATCAAGTAGGTGC,1
TTCATCAAGTCGGTGC,1
TTCATCAAGTTAGTGC,1
TTCATCAAGTTGATGC,1
TTCATCAAGTTGGAGC,1
TTCATCAAGTTGGGGC,1
TTCATCAATTTGTTGC,1
TTCATCACGTTGGTGC,1
TTCATTGAGTTGGTGC,1
TTCCAATGTCATTTGA,1
TTCCGTCAGCATAAAC,1
TTCCTCCTGAGTAGTA,1
TTCTAATGCCGTTGTC,1
TTCTATCAGTCGCGCC,1
TTCTGCGCGGCTCGGG,1
TTCTGTCCAAACTCGT,1
TTCTGTCCAGACTGGT,1
TTCTGTGCAGACTCGT,1
TTCTTACGCTCCTACG,1
TTGAAAAAACCATAAA,1
TTGAAAAAAGCAGAAA,1
TTGAAAAAATCATATA,1
TTGAAAAAATCATTAA,1
TTGAAAGAATCATAAA,1
TTGAACTTGTCGATAT,1
TTGACTCAACGAATAA,1
TTGACTCACCGAATAC,1
TTGACTCACCGAATGA,1
TTGACTCACCGAGTAA,1
TTGACTCACCGGATAA,1
TTGACTCACTGAATAA,1
TTGACTCTCCGAATAA,1
TTGAGCACTAAATTAA,1
TTGAGGAAATCATAAA,1
TTGAGGGGTTGGGTGC,1
TTGAGTGAGGATGAGA,1
TTGATCAAGTTGGTGC,1
TTGATGGCTAGCAGGA,1
TTGATGTACAGAATAA,1
TTGCAAATGAAACATA,1
TTGCAACTGAAACATA,1
TTGCAATTAAAACATA,1
TTGCAATTGAAACACA,1
TTGCAATTGAAACGTA,1
TTGCAATTGAATCATA,1
TTGCAATTGTAACATA,1
TTGCAATTGTCCGGAA,1
TTGCAGCGTTGTGGGG,1
TTGCATTGTCGGAAAG,1
TTGCGCCGGAGTAGTA,1
TTGCGCCTGAGTAGTA,1
TTGCGGAACGGGAAGC,1
TTGCTCCGGAGTAGGA,1
TTGCTCCTCAGTAGTA,1
TTGCTCCTGAGTTGTA,1
TTGCTCCTTATTAGTA,1
TTGCTGCTGAGTAGTA,1
TTGGAAAAATCATAAA,1
TTGGACTTATCTGTGG,1
TTGGCCACTAAATTAA,1
TTGGCCCACGGGCATA,1
TTGGCGAACGGGAAGC,1
TTGGCTCACCGAATAA,1
TTGGGCAATAAATTAA,1
TTGGGCACGAAATGAA,1
TTGGGCACGAAATTAA,1
TTGGGCACGGAATTGA,1
TTGGGCACTAAAATAA,1
TTGGGCACTAAACTAA,1
TTGGGCACTAAATCAA,1
TTGGGCACTAAATTGA,1
TTGGGCACTAAATTTA,1
TTGGGCACTAAGTTAA,1
TTGGGCACTAATTTAA,1
TTGGGCACTGAATTAA,1
TTGGGCGCTAAAGTAA,1
TTGGGCGCTAAATTAA,1
TTGGGCGGTAAATGAG,1
TTGGGGAACCGGAAGC,1
TTGGGGAACGGCAAGC,1
TTGGGGAACGGGAATT,1
TTGGGGAACGGGACGC,1
TTGGGGAGCGGGAAGA,1
TTGGGGATTGGCTGTT,1
TTGGGGGACGGGGAGC,1
TTGGGGGCCGGGACCA,1
TTGGGTACTAAATTAA,1
TTGGGTGATAGAGGTA,1
TTGGTGTACGACGGCG,1
TTGTATAAGTCTCGCC,1
TTGTATCAGTAGAGCC,1
TTGTATCAGTAGCGCA,1
TTGTATCAGTAGCGCT,1
TTGTATCAGTCGAACC,1
TTGTATCAGTCGCGGC,1
TTGTATCAGTGGCGCC,1
TTGTATCGGTAGCGCC,1
TTGTATCTGTAGCGCC,1
TTGTATTGCCCGGGAG,1
TTGTCCGTTGGGAACT,1
TTGTGTAAGTCGCGCC,1
TTGTGTGAGGGGGGGG,1
TTGTTCCTGAGTAGTA,1
TTTAAATCGAGATTCA,1
TTTAGAGGAAACGATA,1
TTTAGATCGAGATTCA,1
TTTAGATTATAACGTA,1
TTTATATAAAGATTCA,1
TTTATATAGAGAGTCA,1
TTTATATCCAAAACAA,1
TTTATATCCAACACCC,1
TTTATATCCACCACCA,1
TTTATATCCTACACCA,1
TTTATATCGTGATTCA,1
TTTATCAAGTTGGTGC,1
TTTATGTTGGGTAAAA,1
TTTATTTCCAACACCA,1
TTTCACAAAACCTATC,1
TTTCACACAACCTATC,1
TTTCACAGAACCAATC,1
TTTCACAGAACCTATG,1
TTTCACAGAACGTATC,1
TTTCACAGAAGCTATC,1
TTTCACAGAATCTATC,1
TTTCACCGTTGTTTTG,1
TTTCACTGAACCTATC,1
TTTCAGCGGTGTTTTG,1
TTTCAGCGTTATTTTG,1
TTTCAGCGTTCTTTTG,1
TTTCAGCGTTGTGGGG,1
TTTCAGCGTTGTGTGG,1
TTTCAGGGTTGTTTTG,1
TTTCGGGATACTCACA,1
TTTCGTGAGACTCACA,1
TTTCGTGATACGCACA,1
TTTCGTGATACTCACC,1
TTTCGTGATACTCTCA,1
TTTCTTTATACTCACA,1
TTTGGATGCAGTACCG,1
TTTGGGAACGGGGAGC,1
TTTGGGAGCGGGAAGC,1
TTTGGTGATACTCACA,1
TTTGTATCAAGCCGGG,1
TTTGTATCAAGGAATA,1
TTTGTCGTATCCACAG,1
TTTGTGGCGGATATCG,1
TTTTAAATTCGAGGAC,1
TTTTACAGAACCTATC,1
TTTTAGAGTGAACGAT,1
TTTTATCAGTAGCGCC,1
TTTTATGAAATAAGCT,1
TTTTGAGCCAGTCCGA,1
TTTTGGAACGGGAAGC,1
TTTTGTAGGGATTGTT,1
