barcode,count
GGTCCATCTCAGATCG,37442
TTGTATCAGTAGCGCC,1699
AGGAGTATGGAGAGCG,1682
CTTAGGTATTACATGC,1556
TCGTTGCACTACTGCT,825
ACCGGAAGTTGCCAAG,604
GACAAAAGGGACATGT,453
TCGTCCATTGGGAACT,451
CAGATAATATAGAGAC,444
TCCTTACCACTGCATC,428
ACCGTCGTACACACCA,382
ACGTATGATTTTCGAA,193
GTACATCCTAGTGACG,176
GCAAACAATGTAGTTG,140
ACAGTCCACCATTGAA,121
GTACCAAGTTCCTGCG,87
CCCCATGAAACAAGCC,76
GACCACCGAGTGACCG,60
TCTTGACATAGCAATG,54
AGTCGTTTAGATAATT,50
GTGGGATTGGAGAAAC,47
AACGACAAACAGGAAG,45
TTTTAGTCCTCGTATG,42
AACCACCGAGTGACTG,41
TCTTTGCCACTGCATC,41
AACCACCTAGTGACCG,39
TTGTATAAGTCGCGCC,39
TTACAAACCTGCAAAT,38
ATAACTGAGGGCATTA,37
AACACGTAGAACCTCC,36
CTGAACCTCGTTGTCT,36
GACAAAGGGGACATAT,36
AACCACTGAGTGACCG,35
AACCACCGAGTGACAG,34
AGCATCCAACAGATAG,34
ATGGAGGCCTGGCCCC,33
GTACAAACCTGAAAAT,33
TTACTCCTGAGTAGTA,33
GCCACTGCGGCGTGTG,32
AACCACCGAGTGACCA,31
ATACAAACCTGCAAAT,30
GCGTCCATTAAGATCA,30
GTACAAACCTTCAAAT,30
AAAGCTCTTCTCGTTC,29
ATACACGAGATTGTGA,29
TGGACCCTAGATGGTA,29
TTGGGGAACGGGAAGT,29
ACACCCATAAGACCCC,28
GGCATAGGGATATGTG,28
GTAAAAACCTGCAAAT,28
GTACAAACCCGCAAAT,28
TCCAGCGCGGTAAAAG,28
TCTTAGTCCTCGTGTG,28
GGCCCATCTCAGATCG,27
AGGAAAGAAACGGGAG,25
GAAAAATTTATGACAA,25
GCACAAACCTGCAAAT,25
AATCGCTGACACCCGT,24
GGTCCATCTCAGATAG,24
GTACAAACCTACAAAT,24
ACTGTCTAGAAATATT,23
GATCACGCAGAAAAGG,22
GTACCCAGTTCCTGTG,22
TCCAGCGCGATAAGAG,22
AACGACAAACAGCAAG,21
CAATTGGAAATACATA,21
CTTAGGTATTATATGT,21
GGTCCATCCCAGATCG,21
AGTGTACCCTTCAGCA,20
AGTGTTGAATATGCGA,20
CGTGACCCCCTCCCAC,20
CTGGAGGCCTGGCCCA,20
GTACGAACCTGCAAAT,20
GTAGAACTGCGGCCCA,20
CAATTAGAAATGCATA,19
CGCGACACACTTCCGG,19
CGTGTACCCTTCAGTA,19
GTAGTATCAAGCCGGG,19
TACCCCGCAAGCCACT,19
TCCATTTACTGAAGGG,19
TTGGGGAACGGGAAGA,19
AAATTAGAAATACATA,18
AACGGTTCCGACGAAG,18
GACAGAAGTCCATGTA,18
GAGGGGTAGAGAGACG,18
GTAGAACTGCGTCCCC,18
TCTTGATGCATTCCCG,18
AACGACAGACAGTAAG,17
AATACAGAGTTTGTTG,17
CAAAATCTACGGTGAC,17
GAATGGAACTAACTCC,17
GAGGGGGAGAGATACG,17
GTACAAACCGGCAAAT,17
TACCCAGCAAGCCACT,17
TATTAAGGGAAGTGCG,17
AACCACCGAGTGGCCG,16
AGGACTATAGTTGGTA,16
CCCTGCGCGGCTAGGG,16
CCCTGCGCGGCTCGTG,16
CGTGTACCCTTCATCA,16
CTGAGGGACTCAACTC,16
GAAAACCCCGTGCAAT,16
GGGTTCAGACTCTTGC,16
GTACAAACTTGCAAAT,16
GTAGGCAAAGTTGACC,16
GTGGTATCAAGCCTGG,16
AACCACAGAGTGACCG,15
CAATTAAAAATACATA,15
CCCTGCGGGGCTCGGG,15
CTGAGCTGCCAAGAAG,15
GCATAGAACTAACTCC,15
GGTCCATCTCGGATCG,15
GTGAGCTTCATGGAGT,15
GTGGTATCAAACCGGG,15
TATCCTGCAAGCCACT,15
TCTTATTAGGCGACAT,15
AAACCCATAAGACCCA,14
AACAACCGAGTGACCG,14
AGGTCCCAGGTCCTTT,14
ATGGGATGGGAGAAAC,14
CAAATGATGCATTAGG,14
CCCTGCGTGGCTCGGG,14
CCCTTCGCGGCTCGGG,14
CCGGATAAATAAGAAC,14
CGCGACACCCTTCCGT,14
CGGACCCTAGATGGTG,14
GAATAATAGAACAGGG,14
GACGGTTCCGACTAAG,14
GGTCCATCTCATATCG,14
GGTGTTGAATAGGCGA,14
GTACAAAACTGCAAAT,14
GTAGAACTGCTGCCCC,14
GTTTAAATTATAGTCT,14
TGCTATTCAGGCGCGG,14
AAAATGCTGCATTAGG,13
AAATCTGCTGATCCAT,13
AACCACCGAGTGACCT,13
AACGACAAACAGTGAG,13
AATCGCTGGCACCCAT,13
AGAAAATCTAAGATAC,13
AGCCCATGCTGGGAAT,13
AGTTGGGGTCTCCCCT,13
ATTACGAATGGGGTAG,13
CAAATTTCTTAAAGAG,13
CAATTAGAAATAAATA,13
CAATTAGAAATACAGA,13
CACAGCATTGGTCGCC,13
CCCTGCGCGACTCGGG,13
CGGACCCTAGATGGGA,13
CTCAATGTCGTAGAAT,13
GACACGTAGAACCGCC,13
GCCAGCTCGTATCCCC,13
GCTGTCTAGAAATTTT,13
GGAGAAACTATAACCA,13
GGCATCTAACAGATAG,13
GGTTTTTATAACTTGC,13
GTACAAACCTGCAAAC,13
GTGCGATTGTCAGGAA,13
TAGAACCTCGTTGTCT,13
TATTAAGAGAAGTGAG,13
TCCTGCGCGGCTCGGG,13
TCTTGACATAGCGAGG,13
TTATCTGTAGAGCACT,13
AAAAAATTTATGACAG,12
AAAAAATTTATGGCAA,12
AACGACAAAAAGTAAG,12
AGTCCATCTCAGATCG,12
CAATTAGAAATACATG,12
CAGGCTCTAGGGCTCT,12
CCCTGCGCGGCTCTGG,12
CCCTGCTCGGCTCGGG,12
CCCTGTGCGGCTCGGG,12
CCTGGGTTAAGTTGGG,12
CCTTGGTTAAGTTGTG,12
CGTGCAGTGTAATCGA,12
CGTGTATCCTTCAGCA,12
CTGAAATTATCTGTGG,12
GACGACAAACAGTAAG,12
GATACAGAGTTTGTTG,12
GCAAGATTCGGGGGAC,12
GCATCCTCAACTCCCA,12
GTACAAACCTGCGAAT,12
GTAGAACTGTGGCCCC,12
GTGGTATCAATCCGGG,12
TAATCTTTTACATTTA,12
TACCCTGCAAGCCACC,12
TAGCATTGTCGGAGAG,12
TCTAACTCTCGCGTCA,12
TCTTATTAGGCGGCAC,12
TGTGTACCCTTCAGCA,12
TTGGGGAACGGGAATC,12
TTGGGGAACTGGAAGC,12
AAAAAATTGATGACAA,11
AGAAAATCTCAGATAA,11
AGAAAATCTCAGATGC,11
AGAATAGGGATATGTG,11
AGCGACAAACAGTAAG,11
AGGTTCAGACTCTTGT,11
ATTTCGAATGGGGTAG,11
CAAATGCTGAATTAGG,11
CAAATGCTGCATGAGG,11
CAATTAGAGATACATA,11
CAATTATAAATACATA,11
CACTATGAAATAAGCT,11
CACTGCGCGGCTCGGG,11
CAGAACCTAGTTGTCT,11
CATTTCTGATGAACTG,11
CCAAGCTTGGTGCATC,11
CCCCGCGCGGCTCGGG,11
CCTGGGTTAAGTGGTG,11
CGTGTACCCCTCAGCA,11
CGTGTACCCTTCAGAA,11
CGTTCAGCGATAAAGG,11
CGTTCAGCGATAACAG,11
CGTTCAGCGATAATGG,11
CTGAGGGATCCAACTC,11
CTTACAGAATACGAGA,11
CTTAGGTATTATATTC,11
GAGGGGTAGAGATAAG,11
GCAGAACTGCGGCCCC,11
GCAGTCCACCATTGAG,11
GGTACATCTCAGATCG,11
GGTCCATCTAAGATCG,11
GGTTGGGGTCTCCCTT,11
GTACAAACATGCAAAT,11
GTACAAACCTGCAGAT,11
GTACAACCCTGCAAAT,11
GTACACAGTTCCTGCG,11
GTACCCAGTTCCTTCG,11
GTGGGGAACGGGAAGC,11
TAAAGTGATTTCTCGA,11
TACCATGCAAGCCACT,11
TACCCTGCAAGCCGCT,11
TACCCTGCAATCCACT,11
TCGTCGCACTACTACT,11
TGAAGTGGTATACATA,11
TGTAATGGGCGTCACA,11
TTACGAATTTGATTCA,11
TTATCTGTAGAGAGCT,11
TTATCTGTAGAGCGAT,11
TTGAAATTGAAACATA,11
AAAAAAATTATGACAA,10
AAAAGAAGTCCATGTA,10
AACACGTAGAACCACC,10
AACCACCGAGTGATCG,10
AACGGTTCCGACTAGG,10
AAGGCTCTAGAGCTCT,10
ACAGTCCACCATGGAG,10
ACCGAATGAATAATCC,10
AGAAAATCTCGGATAC,10
AGTGTTGAATAGGAGA,10
ATAGAACTGCGGCCCC,10
CAGGATAAATCAGAAC,10
CCAAGATTGGCGCATC,10
CCCTACGCGGCTCGGG,10
CCCTGCGAGGCTCGGG,10
CCTTGATGCATTCCCT,10
CGCGACACCCTTCCTG,10
CGTGCACCCTTCAGCA,10
CGTTTACCCTTCAGCA,10
GAAGAAAATATAACCA,10
GAAGTGCTGCTGAAGC,10
GAATTAGAAATACATA,10
GACCCCTTGTAAGAGG,10
GGGCCCGTAAGGACTA,10
GGGGGGTAGAGATACG,10
GGTCCACCTCAGATCG,10
GGTCCATCTCAGATTG,10
GGTCCATCTCTGATCG,10
GTACCAAGTTCCTGTG,10
GTACCCAGTTCCCGCG,10
GTACCCAGTTCCTGAG,10
GTAGAACTGCGGACCC,10
GTAGATATTAGGACCA,10
GTGCAAACCTGCAAAT,10
GTGGCATCAAGCCGGG,10
GTGGTATCAAGCCGTG,10
TACTGATAACCCGGCG,10
TAGCATTGTTGGAAAG,10
TATGTAGTATCCACAG,10
TATTTCGTATCCACAG,10
TCCAGCGAGGTAAGAG,10
TCCGGCGCGGTAAGAG,10
TCGTGGGTGTACGAGA,10
TCTAACTCTCTCGGCA,10
TCTCAGCGTTGTTTTG,10
TCTTATTAGGCGGTAT,10
TGCTCAAAAAAGACAT,10
TTGGGGAACGGGAGGC,10
TTGGGGGACGGGAAGC,10
TTGGTATCAAGCCGGG,10
TTGTGTCAGTCGCGCC,10
TTTATATCGAGATTCG,10
AAAAAACTTATGACAA,9
AAAAAATTTAGGACAA,9
AAAAAATTTATGAAAA,9
AAAAAATTTGTGACAA,9
AAAACGTAGAACCGCC,9
AAACACCGAGTGACCG,9
AACCACCGAGTGAACG,9
AACCACCGAGTTACCG,9
AACGACAACCAGTAAG,9
AACGACGAACAGTAAG,9
AATCGCTGTCACCCGT,9
AATTGAGACGCGCAAG,9
ACATTTTCCAATGGGT,9
ACGGATAAATCAGAAC,9
ACGTATGATTTTCGAT,9
ACGTCCATTAAGATAA,9
AGCATATGGATATGTG,9
AGGAAAGAAGCTGGAG,9
ATCAGGATAATCGCTC,9
ATCATCTAACAGATAG,9
ATGAACTTATCTGTGG,9
ATGGTTTTATGTCCAT,9
ATTAGGGCTACGGGAG,9
ATTCCTAATGGGGTAG,9
CAAATACTGCATTAGG,9
CAATTAGAAACACATA,9
CAGAACCTCGTTGTCA,9
CAGAACCTCGTTGTCC,9
CAGGCTCTAGAGCTCC,9
CAGTCTCTAGAGCTCT,9
CATGTGGGGCCCAACA,9
CATTGAGACGCACAAG,9
CATTGAGACGCTCAAG,9
CCCTATGAAATAAGAT,9
CCTTGATGCATTCCCA,9
CGCGACACCCTTCCGA,9
CGGGCTCTAGAGCTCT,9
CGTGTACCCTTAAGCA,9
CTATATTGTCCGGAAG,9
CTATATTTCCCGGAAG,9
CTCAAATAATTGGCGG,9
CTGGAGGCCTGGCCAC,9
CTGGGGGCCTGGCCCC,9
CTTAGGTATTATATAC,9
CTTCGTCTCTTGATTA,9
GAAGGAACTATAACCA,9
GAATAAGAGAACAGAG,9
GATCTTGGGGAGAGGC,9
GCATGGAACTAACTCA,9
GCGTGTCTCCGAGCAA,9
GGTCCATATCAGATCG,9
GGTCCATCTCAGATCA,9
GTACCCAGTTCCTGCA,9
GTAGAACTGAGGCCCC,9
GTAGAACTGCGGCCCT,9
GTAGAACTTCGGCCCC,9
GTATAAAAAACTTAGT,9
GTGCGATTGTCCTGAA,9
GTTCCATCTCAGATCG,9
TAACGTGATTTCTAGA,9
TACACTGCAAGCCACT,9
TACCCTGCAAGACACT,9
TACCCTGCAAGCCAAT,9
TACCCTGCGAGCCACT,9
TACTAATGCCGTTGCC,9
TCCAGCGCGGGAAGAG,9
TCGGATAAATCAGAAC,9
TCTAACTCTCGCGGAA,9
TCTTATTAGGAGGCAT,9
TCTTTACCACTACATC,9
TGCTATTCCGGAGCGG,9
TGCTATTCCGGCGAGG,9
TGTAATAGGCGTCACG,9
TTCTATTCCGGCGCGG,9
TTCTGTCCAGACTCAT,9
TTTATATCGAGAGTCA,9
AAAAAATTTATTACAA,8
AACCACCGATTGACCG,8
AACCACCGGGTGACCG,8
AACCCTGCAAGCCACT,8
AATAGCTGGCACCCGT,8
AATGCGAGCATGGCAA,8
ACACGGGTTGGCTATA,8
ACGCGGGTTGGCTGTA,8
ACGTCCATTAAGATCG,8
AGAAAATCTCATATAC,8
AGATCCCAGTTCCTTT,8
AGCCACCGAGTGACCG,8
AGGGTCCCTATGTAAT,8
ATAGAATCGCAAATGA,8
ATTCCGAATTGGGTAG,8
ATTTAAATTCGAGGAA,8
ATTTTTCCATGGCTAC,8
CAAATGCTGCATTGGG,8
CAATTAGAAATACAAA,8
CAATTAGAAGTACATA,8
CAATTAGGAATACATA,8
CACCATCATCACCTAG,8
CAGAGTGAACTGAAGA,8
CATACAGAGTTCGTTG,8
CATGTACCCTTCAGCA,8
CCATGCGCGGCTCGGG,8
CCCTGAGCGGCTCGGG,8
CCCTGCGCGGATCGGG,8
CGCTCCTGGGGTATCA,8
CGGACCCTAGATGGCA,8
CGTGTACCCTTCAACA,8
CGTTCAGTGATAACGG,8
CTATATTGCCAGGAAG,8
CTCACATAATTGGCGC,8
CTCGACACCCTTCCGG,8
CTGAGCTACCAATAAG,8
CTGGAGGCCTGTCCCC,8
CTTAGGTATTATGTGC,8
GAAAACAGTGTAGTTG,8
GACCCCCTGTAAGATG,8
GACCCTGCAAGCCACT,8
GAGAGCTACAGAAGCG,8
GCATGGAAATAACTCC,8
GGGACTATAGTTGGCA,8
GGTCCAACTCAGATCG,8
GGTCGTTTAGATAGTT,8
GTACCCGGTTCCTGCG,8
GTAGAAATGCGGCCCC,8
GTCAAATTACGGATGG,8
GTCAAGTTACGGGTGG,8
GTCATTTACTGAAGGG,8
GTGGTATCAAGACGGG,8
GTGGTATCAAGCAGGG,8
GTGGTATCGAGCCGGG,8
GTGTGATTGTCCGGAA,8
GTTCGGCTCTTGATTA,8
TACCACCGAGTGACCG,8
TACTGATAACCCTGTG,8
TAGCATTGTAGGAAAG,8
TATACAGAGTTTGTTG,8
TATGTCGTATCCACAT,8
TATGTGGAGCCCAACA,8
TATTAAGAGAAGGGCG,8
TATTAAGAGAAGTGTG,8
TCTAACTCTCGAGGCA,8
TCTAACTCTCGCGACA,8
TCTTGACATAGAGATG,8
TGTCCATCTCAGATCG,8
TGTGACCCCCTCCAAC,8
TGTTGAGTCAGTCTGA,8
TTATCTGTAGAGCTCT,8
TTCTGTCTAGACTCGT,8
TTCTTTCCAGACTCGT,8
TTGAGGGATTCAACTC,8
TTGGAGAACGGGAAGC,8
TTTATATCCAACACCG,8
AAAAAAGTTATGACAA,7
AACACGTATAACCGCC,7
AACAGAAGTCCATGGA,7
AACAGAAGTCCATTTA,7
AACAGCAATGAGTTGT,7
AACCACCGAGAGACCG,7
AACCTGCGAGACGTAA,7
AAGAACCTCGTTGTCT,7
AAGCGGTGATGTGAGT,7
AAGGGGCCTCATAACG,7
AATCGCTGGTACCCGT,7
AATGCGAGTATGTCAA,7
AATTAGTGAGTACTAG,7
AATTCGTGAGTACTGG,7
ACAAGCAATGAGTTGT,7
ACCAGCTCGTATCCCT,7
ACCGGTTCACGAATAA,7
ACCTAATGAATCATCC,7
ACCTATGAAATAAGCT,7
ACGTCCATTAAGGTCA,7
ACTGTCTAGAAATTGT,7
AGAAAATCGCAGATAC,7
AGAATCTAACAGATAG,7
AGCATAGGGATAGGTG,7
AGCATAGGGATATGCG,7
AGCATAGGGATATGTA,7
AGGGGGCCTCATAATG,7
AGGTTCGGACTCTTGC,7
AGTAGTTTAGATAGTT,7
AGTCGTTTGGATAGTT,7
AGTGTTGAATGGGCGA,7
ATAAACGAGGTTGTGA,7
ATAGAATCACAAATTA,7
ATATCTGTAGAGCGCT,7
ATCAGGATAATCTCGC,7
ATCATAGGGATATGTG,7
ATGGGATTGGAGAAAT,7
ATGGGGAACGGGAAGC,7
ATTCCGAATGTGGTAG,7
ATTTAAATTAGAGGAC,7
CAATCAGAAATACATA,7
CAATTAGAAATTCATA,7
CAGGCTCTGGAGCTCT,7
CATAACCTCGTTGTCT,7
CATACAGAGTTGGTTG,7
CATGTGGAGTCCAACA,7
CCCTGCGCGGCTCGAG,7
CCGAACTTATCTGTGG,7
CCTGATAAATCAGAAC,7
CCTTGATGTATTCCCG,7
CGCAACACCCTTCCGG,7
CGCTACACCCTTCCGG,7
CGGACCATAGATGGTA,7
CTAGCACAGCGTAGAC,7
CTATATTGCCCTGAAG,7
CTATTAGAAATACATA,7
CTATTTAACAGACGTG,7
CTGAACTTATCTGTGT,7
CTGGACTTATCTGTGG,7
CTGGAGGACTGGCCCC,7
CTTACAGAATACTAGG,7
CTTAGGTATTATATGA,7
CTTGGGTATTATATGC,7
GAAGAAACTATAAACA,7
GAAGTGTGTATTGAGT,7
GAGAGATGCAGAAGCG,7
GAGGAAACTATAACCA,7
GAGGGGTAGAGATGCG,7
GAGGGGTAGGGATACG,7
GATCACCATCGACTTC,7
GATTACGCAGAAAAAG,7
GCAGCGTGTCGGTCAT,7
GCATTTTCCAATAGGT,7
GCCATTTACTGGAGGG,7
GCGTATGATTTTCGAG,7
GGAAAATCTCAGATAC,7
GGCCCATGCTGGGGAT,7
GGTCGCCACTGATAAG,7
GTAACCAGTTCCTGCG,7
GTAAGCAAAGTTGATC,7
GTACAAATCTGCAAAT,7
GTACACGAGGTTGTGA,7
GTACCCAGTTCCTACG,7
GTACCCATTTCCTGCG,7
GTAGAACTGCGGCCTC,7
GTAGCGTGCCGGTCAT,7
GTGAGATTGTCCGGAA,7
GTGGTATAAAGCCGGG,7
GTGGTATCAAGTCGGG,7
GTGTTATCAAGCCGGG,7
TAAATGCTGCATTAGG,7
TAGGCTCTAGAGCTCT,7
TATGTCGTAGCCACAG,7
TATGTCGTATCCACGG,7
TCCAGCGCGGCTCGGG,7
TCCAGCTCGTATCCCT,7
TCGTCCGTTGGGAACC,7
TCTTGACAGAGCGATG,7
TCTTGACATAGTGATG,7
TGCACTTTACGAGACA,7
TGCAGTGGTACACATA,7
TGCGACACCCTTCCGG,7
TGCTATTACGGCGCGG,7
TGCTGATAACCCTGCG,7
TGTTGAGCCAGTCTGG,7
TTACCCAGTTCCTGCG,7
TTATACCTTATGTTCT,7
TTCTGTCCAGACTAGT,7
TTCTGTCCGGACTCGT,7
TTGGGGAACAGGAAGC,7
TTTATATACAACACCA,7
TTTCAGTGTTGTTTTG,7
AAAAAATTTAAGACAA,6
AAACCCATGAGACCCC,6
AAAGTCCACCATTGAG,6
AACACGTAGAACAGCC,6
AACACGTAGAACCGCT,6
AACACGTAGAGCCGCC,6
AACAGAAGTCCATGTG,6
AACATCTAACAGATAG,6
AACGACAAACGGTAAG,6
AACGGTTCCGAATAAG,6
AACTTCCCTGACTGCC,6
AACTTCCCTGACTGCG,6
AAGAAGCTAGAGAAGT,6
AAGGGGCTTCATAATG,6
AAGGTACCTATGTAAT,6
AATGAAACAATCTAAC,6
AATGTGGAGCCCAACA,6
ACAAGGGTTGGCTGTA,6
ACACGGGTTGGCCGTA,6
ACACGGGTTGGCTTTA,6
ACATTCCACCATTGAG,6
ACCATCAATGAGTTGT,6
ACCTGCGCGGCTCGGG,6
ACGTATGATTTTAGAG,6
ACGTGTCTCCGAGCAT,6
ACGTGTCTCCTAGCAA,6
ACTAGCAATGAGTTGT,6
ACTGTATAGAAATTTT,6
AGAAAATATCAGATAC,6
AGAAAATTTATGACAA,6
AGAGAATCTCAGATAC,6
AGCATAGGGATATGGG,6
AGCATCTAACAGATGG,6
AGCATCTAAGATATGG,6
AGCATGGGGATATGTG,6
AGCGACACCCTTCCGG,6
AGGACCCTAGATGGTA,6
AGGAGTATGAAGAGTG,6
AGTGTTGAATAGGTGA,6
AGTGTTGAGTAGGCGA,6
AGTTTTTATAACTTGT,6
ATATCCCAGGTCCTTT,6
ATCAGGATAATAGCGC,6
ATCAGGATAATCGCAC,6
ATGGGATTGGAGAGAC,6
ATGGGGTTGGAGAAAC,6
ATTAGGTATTATATGC,6
ATTTAAATTCGGGGAC,6
CAAATGCCGCATTAGG,6
CACGGCCGACGAACTC,6
CAGAACCTCTTTGTCT,6
CAGGATCTAGAGCTCT,6
CAGGCTCTAGAGTTCT,6
CATACAGAGGTTGTTG,6
CATACAGAGTTTGTGG,6
CATACAGAGTTTTTTG,6
CATGGGAATTTCCACT,6
CATGTGGAGCCAAACA,6
CATGTGGATCCCAACA,6
CATTGAGACACGCAAG,6
CATTGAGACGCGAAAG,6
CATTGAGACGCGCGAG,6
CATTGAGACTCGCAAG,6
CATTGATACGCGCAAG,6
CATTGATGCATTCCCG,6
CCAACACAAAAAATGA,6
CCAAGCTTGTCGCATC,6
CCAGATAAATCAGAAC,6
CCATATGAAATAAGCT,6
CCCAGCGCGGTAAGAG,6
CCCCTCCTCGAAAGTT,6
CCCTATGAAATAATCT,6
CCCTGCGCGGCTCAGG,6
CCCTGCGCGGCTTGGG,6
CCCTGCGCGTCTCGGG,6
CCGAATAAATCAGAAC,6
CCGGATAAATCATAAC,6
CCTTGATGCATTCCCC,6
CGCGACACCATTCCGG,6
CGCGACACCCCTCCGG,6
CGCGACACCCTTCCAG,6
CGGACCCTATATGGTA,6
CGTGTAACCTTCAGCA,6
CGTGTACACTTCAGCA,6
CGTGTACCCTTCGGCA,6
CGTTAAGCGATAACGG,6
CTAGAACAGCGTAGGC,6
CTATATTGCCCGTAAG,6
CTATTTAACAGACGGA,6
CTGAACTTATATGTGG,6
CTGGAGGCATGGCCCC,6
CTGGAGGCCCGGCCCC,6
CTGGAGGCCTGGCCCT,6
CTGGGGAACGGGAAGC,6
CTTACAGAATACTGGA,6
CTTAGGGATTCAACTC,6
CTTCGGCTATTGATTA,6
CTTTTCTAGTAAGCTT,6
CTTTTCTAGTACGATT,6
GAAAGTCCCTATGAGG,6
GAAGAAACCATAACCA,6
GAAGAAACTATAACAA,6
GAAGTGAGTATTGAGT,6
GAAGTGCATATTGAGT,6
GACATTTACTGAAGGG,6
GACGGGACGGGCACGT,6
GAGGGGTAGAAATACG,6
GAGGGGTAGAGATACT,6
GAGGGGTAGAGATATG,6
GAGGGGTGGAGATACG,6
GATATTGGGGAGAGTC,6
GATCACACAGAAAAAG,6
GATCCATCTCAGATCG,6
GATCGCCATCTACTTC,6
GATCTCGGGGAGAGTC,6
GATCTTGGGGAGAGTA,6
GCAAACAGTGTAGTGG,6
GCACGGAACTAACTCC,6
GCCATTTACTTAAGGG,6
GCCTTTTACTGAAGGG,6
GCGTGGAACTAACTCC,6
GCTACGAGGCTACGTA,6
GGAGAACTGCGGCCCC,6
GTAAGAAAAGTTGACC,6
GTACAAACCTGCAAAG,6
GTACAAACCTGTAAAT,6
GTAGAACTGCAGCCCC,6
GTTGCTCCGACACACC,6
TAACGTGATTTCTCTA,6
TAATGGGTGTACGAGA,6
TACAAGAGAGGGGCCC,6
TACAGAAGTCCATGTA,6
TACCATCAGCACCTAG,6
TACCCTGAAAGCCACT,6
TACCCTGCAAGCAACT,6
TAGCATTGGCGGAAAG,6
TATGAAGAGAAGTGCG,6
TATGTCGTATACACAG,6
TATGTCGTATCCATAG,6
TATGTCGTGTCCACAG,6
TATGTCTTATCCACAG,6
TATTAAGAGAAGTGCT,6
TATTATTAGGCGGCAT,6
TATTGAGACGCGCAAG,6
TATTTACCACTGCATC,6
TCAAGTTAATATGCGC,6
TCATGGGTGTAAGAGA,6
TCATGGGTGTGCGAGA,6
TCATTGGTGTACGAGA,6
TCCAGCTCGGTAAGAG,6
TCGGGGAACGGGAAGC,6
TCGTCCGTTGGGAAAT,6
TCTTAGTCCTCGTATT,6
TCTTATTGGGCGGCAT,6
TCTTTACCACTGCAGC,6
TCTTTACCACTGCATA,6
TCTTTACCACTTCATC,6
TGACAACAAGACAAAT,6
TGATCTGTAGAGCGCT,6
TGCCCTGCAAGCCACT,6
TGCGGTGGTCGATCCT,6
TGCGGTTGTCGATCCG,6
TGTATTAGTAACATAA,6
TGTGGAGCGCCCTCAC,6
TGTTGAGACAGTCTGA,6
TGTTGAGCCAGTCCGA,6
TTACTAATTTGATTCC,6
TTATATGTAGAGCGCT,6
TTATCTGTAGAGCGTT,6
TTATGTCCAGACTCGT,6
TTGGGGAACGTGAAGC,6
TTGGGGAATGGGAAGC,6
TTGGGGAGCGGGAAGC,6
TTGTATCAGTCGCACC,6
TTGTGGAACGGGAAGC,6
TTTAAGCGTTGTTTTG,6
TTTATATCCAACACAA,6
TTTATATCCAACACCT,6
TTTATATCCAACATCA,6
TTTATGTCCAACACCA,6
AAATGCGTTCATCGAT,5
AACACGTAGAACCGCA,5
AACAGAAGTCCAGGTA,5
AACATAAGTCCATGTA,5
AACCTACTAGACGTAA,5
AACGGCCGGCGAACTC,5
AACGGTTCCAACTAAG,5
AACGGTTCCTACTAAG,5
AACTTCCCTTACTGCT,5
AAGAAATTTATGACAA,5
AAGAGGTGATGTGATT,5
AAGGTCCCTATGGAAT,5
AAGTGTCTCCGAGCAA,5
AATCGCTGGAACCCGT,5
AATCGCTGGCACCAGT,5
AATGTCCCTATGTAAT,5
AATGTCTAGAAATTTT,5
AATGTGAGCATGTCAA,5
ACAAGATGCGGGGGAC,5
ACAAGATTCGGGGGGC,5
ACACGGGTTGGCGGTA,5
ACACGGGTTGGCTGTG,5
ACAGAATGAATCATCC,5
ACAGTACGACCTACGC,5
ACAGTCAACCATTGAG,5
ACAGTCCACCATTGAT,5
ACAGTCCACCATTGGG,5
ACATCCTCAACTCCTA,5
ACATTTCCCAATAGGT,5
ACCCCCGGAGATTGGC,5
ACCCCCGGAGCTTGGA,5
ACCGATTCGCGAATAA,5
ACCGTTGTACACACAA,5
ACGACGAGGCTACGTA,5
ACGCCCATTAAGATCA,5
ACGTCAATTAAGATCA,5
ACGTGTCCCCGAGCAA,5
ACGTGTCTCCGAGCAG,5
ACGTGTCTCCGAGTAA,5
ACGTGTCTCCGGGCAA,5
ACTACGAGGCTACGTG,5
ACTCTGGCTCTCTAAT,5
ACTGTCTAGAAAGTTT,5
ACTGTCTATAAATTTT,5
ACTTGTCTCCGAGCAA,5
AGAAAATCTCAGAGAC,5
AGATACCAGGTCCTTT,5
AGATCCCAGGTCCTGT,5
AGCAGAAGTCCATGTA,5
AGCATAGGGATATTTG,5
AGCATAGGGGTATGTG,5
AGCATAGGTATATGTG,5
AGCATAGTGATATGTG,5
AGCATCTAACAGATAT,5
AGCATCTAACGGATAG,5
AGCGTAGGGATATGTG,5
AGCTACTGGGGTATCA,5
AGCTCCTGGGGTATAA,5
AGCTCCTGGTGTATCA,5
AGCTCCTGTGGTATCA,5
AGGTTCATACTCTTGC,5
AGTATAGGGATATGTG,5
AGTCATTTAGATAGTT,5
AGTCGTTTAGATAGTC,5
AGTGTTGTCTTGGTTA,5
AGTTGGGGACTCCCTT,5
AGTTGGGGTATCCCTT,5
AGTTGGGGTCTCCCGT,5
AGTTGGTGTCTCCCTT,5
AGTTGTGGTCTCCCTT,5
ATAACTGAGGGAATTG,5
ATAAGGATAATCGCGC,5
ATACACGAGGTGGTGA,5
ATACACGAGGTTGTGG,5
ATATAAAAAACTGAGT,5
ATATAAAAAACTTGGT,5
ATATATTGCCCGGAAG,5
ATTACAGAATACTAGA,5
ATTAGGGATACGTGAG,5
ATTAGGGTTACGTGAG,5
ATTCAGAATGGGGTAG,5
ATTTAAATTATAGTCT,5
ATTTAAATTCTAGGAC,5
CAAATGCTGCAGTAGG,5
CAAATGCTGCATTAGT,5
CAATGAGAAATACATA,5
CACACTTTACGAGACA,5
CACTAGATGTAAAGTC,5
CAGAAACTCGTTGTCT,5
CAGAACCTCATTGTCT,5
CAGATGCTGCATTAGG,5
CAGGCTCTAGATCTCT,5
CAGTAGTTGTCATGAG,5
CATAAAGAGTTTGTTG,5
CATGGGTTAAGTTGTG,5
CATGTGGAGACCAACA,5
CATTGAGAAGCGCAAG,5
CATTGAGACGAGCAAG,5
CCAAGCTTGGAGCATC,5
CCAAGCTTGGCTCATC,5
CCCCATGAAATAAGCT,5
CCCTGCGCGGCCCGGG,5
CCCTGCGCGGCTCGGT,5
CCCTGCGCTGCTCGGG,5
CCGGATAAAGCAGAAC,5
CCGTATAAATCAGAAC,5
CCTAACTCTCGCGGCA,5
CCTGGGTTAAGTTGTT,5
CCTTGATGCATTCCAG,5
CGACTCCGCGGACGCC,5
CGAGACACCCTTCCGG,5
CGATTAGAAATACATA,5
CGCGAAACCCTTCCGG,5
CGCGACACCCTTACGG,5
CGGAACCTCGTTGTCT,5
CGGCCCGTAAGGACTA,5
CGGGAAAATACATAAC,5
CGGTAGGGACTCATCT,5
CGTGTACCCTTCAGCT,5
CGTTCAGCGATAACGT,5
CGTTCGGCGATAACGG,5
CTAATTTAAGTAGCAA,5
CTAATTTAAGTATAAA,5
CTAATTTAATTATCAA,5
CTAGCACAGCGTAGGA,5
CTAGCACAGCGTAGTC,5
CTAGCACATCGTAGGC,5
CTCTAAATTATAGTCT,5
CTGAACTTATCTATGG,5
CTGAACTTATCTGTTG,5
CTGACCCTAGATGGTA,5
CTGAGCTGACAATAAG,5
CTGGAGGCCTTGCCCC,5
CTGGATGCCTGGCCCC,5
CTGTAGGCCTGGCCCC,5
CTTAAAATTATAGTCT,5
CTTACATAATACTAGA,5
CTTAGGCTCTTGATTA,5
CTTATATCCAACACCA,5
CTTCGGCTCGTGATTA,5
CTTTCAGCGATAACGG,5
CTTTTCTAGGACGCTT,5
GAAGAAACTATAACCG,5
GACCCCTTGTAGGATG,5
GAGAGCTGAAGAAGCG,5
GATCGCCACTGGTAAG,5
GATCGCCATCGACTCC,5
GATCTCCATCGACTTC,5
GATCTTGGGGAGAGCC,5
GATCTTGGGGGGAGTC,5
GATGAAACAATCGAAC,5
GCAAGCTCGTATCCCT,5
GCAGCGTACCGGTCAT,5
GCAGCGTGCCGGGCAT,5
GCATGGAACCAACTCC,5
GCATGGAACGAACTCC,5
GCATGGAACTAAATCC,5
GCATTGAACTAACTCC,5
GCCATTTACCGAAGGG,5
GCCTATGAAATAAGCT,5
GGACAAACCTGCAAAT,5
GGGAGTATGGAGAGCG,5
GGGGAACATACATAAC,5
GGTCCATCTCAGGTCG,5
GGTCCGTCTCAGATCG,5
GTAAAGTTACGGATGG,5
GTAAGCAAAGTTGAAC,5
GTAAGCAAAGTTGGCC,5
GTACAAACCTGCAAGT,5
GTACCCAGTCCCTGCG,5
GTACCCAGTTACTGCG,5
GTACCCAGTTCCGGCG,5
GTACCCAGTTCCTGCT,5
GTAGAAACTATAACCA,5
GTAGAACTGCGGCCAC,5
GTCAATTTACGGATGG,5
GTGAGTGAGAAAAGCA,5
GTGCAATTGTCCGGAA,5
GTGCGATTGTCCGGAG,5
GTGGAACTGCGGCCCC,5
GTGGGGTAGAGATACG,5
GTTTCTCCGACACGCC,5
TAACGTGATTCCTCGA,5
TAACGTGATTTCTTGA,5
TAACGTGATTTTTCGA,5
TAAGAAACTATAACCA,5
TAATGTGATTTCTCGA,5
TAATTAGAAATACATA,5
TACATACCGACGCAGC,5
TACATTAACCATAGAT,5
TACCCTGCAAACCACT,5
TACCCTGCAAGCCATT,5
TACCCTGCAGGCCACT,5
TACCCTGTAAGCCACT,5
TACGGGCTAATGTCTC,5
TACTGATAACCCCGCG,5
TAGCAGTGTCGGAAAG,5
TAGCATTGTCGGAAAT,5
TAGCATTGTCGGGAAG,5
TATAACTCTCGCGGCA,5
TATTAAGAGAAGTTCG,5
TCAAGCGCGGTAAGAG,5
TCATGGAACTAACTCC,5
TCATGGGTGGACGAGA,5
TCCAACTCTCGCGGCA,5
TCCAGCGCGGTAAGAT,5
TCCTATGAAATAAGCT,5
TCGAACGAAGTAGGGG,5
TCGAACGAAGTGGGAG,5
TCGTCGCACTACTGAT,5
TCGTGACATAGCGATG,5
TCTAACTCTCGTGGCA,5
TCTGACTCTCGCGGCA,5
TCTGGGTTAAGTTGTG,5
TCTTGACATAGCGACG,5
TGATCTGTGACATTGT,5
TGATCTGTGGCATTGC,5
TGCAGTGGTATACAGA,5
TGCAGTGGTATACATG,5
TGCAGTGTTATACATA,5
TGCAGTTGTATACATA,5
TGCATAGGGATATGTG,5
TGCGGTGGTATACATA,5
TGCGGTGGTCGATACG,5
TGCTATTCCGGCTCGG,5
TGCTATTCCGGGGCGG,5
TGCTATTCCGTCGCGG,5
TGGTCGGGACTCATCT,5
TGTAATAGGCTTCACA,5
TGTTGAGCCAGTATGA,5
TGTTGATCCAGTCTGA,5
TGTTGGGGTCTCCCTT,5
TTACGAATTTGAGTCC,5
TTACGAATTTGATTCT,5
TTATCTGTAGAGCGCC,5
TTATCTGTATAGCGCT,5
TTATCTGTGGAGCGCT,5
TTGAACTTATCTGTGG,5
TTGGAGGCCTGGCCCC,5
TTGGGGAAAGGGAAGC,5
TTGGGGAACGGGGAGC,5
TTGTATCAGTCTCGCC,5
TTGTATTAGTCGCGCC,5
TTTATATAGAGATTCA,5
TTTATATCGAGATTAA,5
TTTCACAGAACCGATC,5
TTTCACAGCACCTATC,5
TTTCACGGAACCTATC,5
TTTCAGAGTTGTTTTG,5
TTTCAGCGTTGTTTGG,5
TTTCAGCGTTGTTTTT,5
TTTCAGCTTTGTTTTG,5
TTTCGGCGTTGTTTTG,5
TTTGGGAACGGGAAGC,5
AAAAAATTTATAACAA,4
AAAAAATTTATGAGAA,4
AAAAAGTCTCGAGAAG,4
AAACCCATAAGACCTC,4
AAAGCTCTTTTAGTTC,4
AAAGCTCTTTTCGTTA,4
AAAGCTCTTTTCTTTC,4
AAAGGTTCCGACTAAG,4
AACACGCAGAACCGCC,4
AACACGTAGAAACGCC,4
AACACGTAGAACTGCC,4
AACACGTAGGACCGCC,4
AACAGAAGTCAATGTA,4
AACAGAATTCCATGTA,4
AACATAGGGATATGTG,4
AACCACCGAGTAACCG,4
AACGAATGAATCATCC,4
AACGACAAACAGTAGG,4
AACGACAAACATTAAG,4
AACGGCAAACAGTAAG,4
AACGGTCCCGACTAAG,4
AACTGCTTTCATCGAT,4
AACTGTTCCGACTAAG,4
AACTTCCCTGACTGAT,4
AAGAGCTGCAGAAGCG,4
AAGGGGACTCATAATG,4
AAGGGGCCTCGTAATG,4
AAGTATGATTTTCGAG,4
AAGTCCATTAAGATCA,4
AAGTTCCCTATGTAAT,4
AATACGAGGCTACGTA,4
AATCACTGGCACCCGT,4
AATCGCTGGCACCCTT,4
AATCGCTTGCACCCGT,4
AATGAAAAAATCGAAC,4
AATGAGAGCATGTCAA,4
AATGTCGTATCCACAG,4
AATTCGTGAGTAATAG,4
AATTCGTGATTACTAG,4
AATTCGTTAGTACTAG,4
ACAAACAGTGTAGTTG,4
ACAACACAAAAAATTA,4
ACAAGATCCGGGGGAC,4
ACAAGATTCGGGGGAA,4
ACAAGATTCGTGGGAC,4
ACAAGCTTGGCGCATC,4
ACAATCTGAAACATAC,4
ACAATCTGAACCATAA,4
ACAATCTGAACCATGC,4
ACAATCTTAACCATAC,4
ACACGGGTTGTCTGTA,4
ACACTGGTTGGCTGTA,4
ACAGTACGATCTACAC,4
ACAGTCCACCAGTGAG,4
ACAGTTGTACACACCA,4
ACCAGCAATGATTTGT,4
ACCATTTACTGAAGGG,4
ACCCCCGTAGCTTGGC,4
ACCCCCTGAGCTTGGC,4
ACCGAAGGAATCATCC,4
ACCGAATGAATCATCA,4
ACCGAATGAGTCATCC,4
ACCGAATGGATCATCC,4
ACCGAGTGAATCATCC,4
ACCGGATGAATCATCC,4
ACGAACGAAGTAGGAG,4
ACGTATGATTCTCGAG,4
ACGTCCATTAATATCA,4
ACGTCCGTTGGGAACT,4
ACGTGTATCCGAGCAA,4
ACGTGTCTACGAGCAA,4
ACGTGTCTCCGAGAAA,4
ACTCTGACTCGCTAAT,4
ACTCTGGCTCGCGAAT,4
ACTGTCTAGAAATTTC,4
AGAAAATCTCAGGTAC,4
AGAGCTCTTTTCGTTC,4
AGCACTTTACGAGACA,4
AGCAGAGGGATATGTG,4
AGCATAGGGATATGTT,4
AGCATAGGGATGTGTG,4
AGCATCTAGCAGATAG,4
AGCCCATGCTGGTGAT,4
AGCGGTTCCGACTAAG,4
AGCTCCTGGGGTATCG,4
AGCTCCTTGGGTATCA,4
AGGAAAGAAACTGTAG,4
AGGAGTATGAAGAGAG,4
AGGAGTATGAAGAGCA,4
AGGGAACATACATAAC,4
AGGGGATTGGAGAAAC,4
AGGTCGGGACTCATCT,4
AGGTTCAGAATCTTGC,4
AGTAAAAATGCATTGG,4
AGTAAACATGAATTGG,4
AGTAAACATGCATTGT,4
AGTCGTTTAGAGAGTT,4
AGTCTTTTAGATAGTT,4
AGTGGTGAATAGGCGA,4
AGTGTTGAAGAGGCGA,4
AGTGTTGGCTTGGGTA,4
AGTGTTTAATAGGCGA,4
AGTTCAGCGATAACGG,4
AGTTTTGGCTTGGTTA,4
ATAAAATCTCAGATAC,4
ATAAACGCATGTGCCA,4
ATACACGAGTTTGTGA,4
ATACACGCATGTACCA,4
ATAGGATCGCAAATTA,4
ATATTTTCCAATAGGT,4
ATCAGGATAATCGAGC,4
ATCGGGATAATCGCGC,4
ATCTCCTGGGGTATCA,4
ATGAGGGATTCAACTC,4
ATGGGAGTGGAGAAAC,4
ATGGGATTGGGGAAAC,4
ATGGTATCAAGCCGGG,4
ATGTTCAGACTCTTGC,4
ATTAAACATGCATTGG,4
ATTACCATATCTAATA,4
ATTAGGGCTACGTTAG,4
ATTAGGTCTACGTGAG,4
ATTATATCCAACACCA,4
ATTATCATATCTAATG,4
ATTCCGAATGGGGGAG,4
ATTCCGAGTGGGGTAG,4
ATTCGGCTCTTGATTA,4
ATTCGTTTAGATAGTT,4
ATTCTGAATGGGGTAG,4
ATTGGGGCTACGTGAG,4
ATTTAAATTCGAGGAT,4
ATTTTCTAGTACGCTT,4
CAAAGCTTGGCGCATC,4
CAAATGCTACATTAGG,4
CAAATGCTGCATTATG,4
CAAATGCTGCGTTAGG,4
CACCATCGGCACCTAG,4
CACGGCTGGCGAACTC,4
CACTAGATGTACATTC,4
CAGAACATCGTTGTCT,4
CAGGCTCTAGAGCTCA,4
CAGTTAGAAATACATA,4
CATACAGTGTAATCGA,4
CATACATAGTTTGTTG,4
CATGGGAATTGCAACT,4
CATGTGGAGCCCAACG,4
CATTGAGACGCGCAAT,4
CATTGAGACGCGCAGG,4
CCAAGCTTGGCACATC,4
CCAAGCTTGGCGCAGC,4
CCAGCACAAAAAATTA,4
CCCAAATAATTGGCGC,4
CCCTACGAAATAAGCT,4
CCCTATGAAATAGGCT,4
CCCTATGAAGTAAGCT,4
CCCTGATGCATTCCCG,4
CCCTGCGCGGCGCGGG,4
CCCTGCGCGGCTCGGC,4
CCGGATAAATCAGAAA,4
CCTCGGCTCTTGATTA,4
CCTGGGGTAAGTTGTG,4
CCTGGGTTAAGTTGTA,4
CCTTGATTCATTCCCG,4
CGAACTTTACGAGACA,4
CGACTCCACGGACTCC,4
CGACTCCATGGACGCC,4
CGCAACATTGGTCGCC,4
CGCACTTTAAGAGACA,4
CGGACCCGAGATGGTA,4
CGGACCCTAGAGGGTA,4
CGGACCCTAGATGATA,4
CGGACCCTGGATGGTA,4
CGGGAACATACAGAAC,4
CGTAAAGTGTAATCGA,4
CGTGTACCATTCAGCA,4
CTAACACAGCGTAGGC,4
CTAGAGGCCTGGCCCC,4
CTAGCACAGAGTAGGC,4
CTAGCACAGCGTGGGC,4
CTATATTGCCCGGGAG,4
CTATCTTAACCTACAG,4
CTATTTAACAGAAGTA,4
CTCAAATAATTGGAGC,4
CTCAAATAATTGGTGC,4
CTCACTTTACGAGACA,4
CTGAACTTGTTGATAT,4
CTGACAGAATACTAGA,4
CTGAGATGCCAATAAG,4
CTGAGGGACCCAACTC,4
CTGAGGTATTATATGC,4
CTGATGGATTCAACTC,4
CTGGAGGCCTGGTCCC,4
CTGGAGGTCTGGCCCC,4
CTTAACTTATCTGTGG,4
CTTACAGAATACTAGT,4
CTTACGGAATACTAGA,4
CTTATAGAATACTAGA,4
CTTATGTATTATATGC,4
CTTCGGCTCTTGATGA,4
CTTCGGCTCTTTATTA,4
CTTGTACCCTTCAGCA,4
CTTTAAATTATAGTAT,4
CTTTAAATTATGGTCT,4
CTTTTCTAGTACTCTT,4
GAAATCCCCAAATAAA,4
GAACCCTTGTAAGATG,4
GAAGAAACTATAACCT,4
GAAGAAACTATGACCA,4
GAAGAACTGCGGCCCC,4
GAAGAATAGAACAGAG,4
GAAGGGATGGGCACGT,4
GAAGTGCGCATTGAGT,4
GAATAAACTATAACCA,4
GAATAATAGAAAAGAG,4
GACAAAAGGGACAGAT,4
GACAAAAGGTACATAT,4
GACAGCTCGTATCCCT,4
GACCCCGTGTAAGATG,4
GACCCCTTTTAAGATG,4
GAGAGCTGCAGAAGTG,4
GAGGGGACACGTCACC,4
GAGGGGGAGGGATACG,4
GATAACGCAGAAAAAG,4
GATCACCACTGATAAG,4
GATCACTCAGAAAAAG,4
GATCGCCACTGATGAG,4
GATCGCCATAGACTTC,4
GATCTTGGGGAGATTC,4
GCATGGAACTGACTCC,4
GCATGGAGCTAACTCC,4
GCATGGGACTAACTCC,4
GCATGTAACTAACTCC,4
GCCAGATCGTATCCCT,4
GCCAGCTCGTATCCAT,4
GCCAGCTCGTATCCCG,4
GCCATTTACTGAGGGG,4
GCCGAATGAATCATCC,4
GCCGGCTTTAGTGTCA,4
GCGAAGTTTCATAGAG,4
GCGAATTTTCATAGCG,4
GCGCGATTGTCCGGAA,4
GGGAAAGAAACTGGAG,4
GGGAGCTGCAGAAGCG,4
GGTCAATCTCAGATCG,4
GTAAGCAAAGTTGACA,4
GTAAGCAAAGTTGAGC,4
GTACAAACCAGCAAAT,4
GTACAGACCTGCAAAT,4
GTACCCAATTCCTGCG,4
GTACCCAGTTCCAGCG,4
GTAGAACTGCGGTCCC,4
GTAGATGCTAGGACCA,4
GTATAACTGCGGCCCC,4
GTCAAGTTGCGGATGG,4
GTCACATCCTGGAATG,4
GTGAGAGAGAAAAGCA,4
GTGCGATTTTCCGGAA,4
GTGGTATCAAGCCAGG,4
GTGGTGTCAAGCCGGG,4
GTTGCTCCGACACTCC,4
TAACCTGCAAGCCACT,4
TAACGTGATCTCTCGA,4
TAACGTGATTTATCGA,4
TACAGCGCGGTAAGAG,4
TACATACCTACGCAGT,4
TACCCGGCAAGCCACT,4
TACCCTGCAAGTCACT,4
TACTAATGCCATTGTC,4
TACTGATAAACCTGCG,4
TACTGATAACACTGCG,4
TACTGATAACCATGCG,4
TACTTATAACCCTGCG,4
TAGCATTGTCTGAAAG,4
TAGCTTATAGTAACTC,4
TAGCTTCAACTAAAAA,4
TAGGGGTAGAGATACG,4
TATCATTGTCGGAAAG,4
TATGTCATATCCACAG,4
TATGTCGTATCCGCAG,4
TATTAAGAGAAGTGCA,4
TATTAGTCCTCGTATG,4
TATTGACATAGCGATG,4
TCATGGGTGTACTAGA,4
TCCAGCGCTGTAAGAG,4
TCCAGTGCGGTAAGAG,4
TCCTAGTCCTCGTATG,4
TCGAAAGAAGTAGGAG,4
TCGCTTCAACGAAAAA,4
TCGTACGTTGGGAACT,4
TCGTCCGTTTGGAACT,4
TCGTCGCACTACTGCC,4
TCGTCGCACTACTTCT,4
TCTAACTCTCGCAGCA,4
TCTAACTCTCGCGGCT,4
TCTCATTAGGCGGCAT,4
TCTTATTATGCGGCAT,4
TCTTGACATAGCGGTG,4
TCTTTACAACTGCATC,4
TCTTTACCACTGAATC,4
TGATATTCCGGCGCGG,4
TGCGGTGGTCGATCAG,4
TGCGGTGGTCGATCCA,4
TGGAATCGTCACCTAT,4
TGGGGACAAGATTGTA,4
TGGGGGAACGGGAAGC,4
TGTAATAGGCGTCGCA,4
TGTGATAGGCGTCACA,4
TGTGGAGTGCCCTTAC,4
TGTGGTGGTCGATCCG,4
TGTTGAGCCAGTCTTA,4
TTAAGAATTTGATTCC,4
TTACGAATTTTATTCC,4
TTCTGTCCATACTCGT,4
TTGAGCTGCCAATAAG,4
TTGGGATTGGAGAAAC,4
TTGGGGAACGGTAAGC,4
TTGTATCAGTCACGCC,4
TTGTATCAGTCGAGCC,4
TTGTATCAGTCGCGAC,4
TTGTATCAGTCGCGCA,4
TTGTATCAGTCGCTCC,4
TTTATATCAAACACCA,4
TTTATATCCGACACCA,4
TTTATATCGAACACCA,4
TTTATATTGAGATTCA,4
TTTCAGCGTTGCTTTG,4
TTTCATCGTTGTTTTG,4
TTTGTATCCAACACCA,4
AAAAAATTCATGACAA,3
AAAAAATTTATGACGA,3
AAAAAGCTATAGAAGT,3
AAAAAGTTTATGACAA,3
AAAAGATTCGGGGGAC,3
AAAATTGATTGAAGTT,3
AAACCAATAAGACCCC,3
AAACCCAGAAGACCCC,3
AAACGGGTTGGCTGTA,3
AAAGACAAACAGTAAG,3
AAAGCTCTCTTCGTTC,3
AAAGGCTCGCCTTCAA,3
AAATACTTGAGTACTC,3
AAATCTCTTTTCGTTC,3
AACAACAAACAGTAAG,3
AACACGTAGAACCGAC,3
AACACGTAGAACGGCC,3
AACACGTGGAACCGCC,3
AACAGAAGCCCATGTA,3
AACAGGTAGAACCGCC,3
AACCACCGAGGGACCG,3
AACCGACGAGACGTAA,3
AACCTACGAGACATAA,3
AACGAAAAACAGTAAG,3
AACGACAAACAGTAAA,3
AACGACAAGCAGTAAG,3
AACGATTCACGAATAA,3
AACGGTTCAGACTAAG,3
AACGGTTCTGACTAAG,3
AACTACAAACAGTAAG,3
AACTACCGAGTGACCG,3
AACTTACCTGACTGCT,3
AACTTCCCTGAATGCT,3
AACTTCCCTGACGGCT,3
AACTTCCCTGACTGTT,3
AACTTCCCTGACTTCT,3
AAGAAGATATAGAAGT,3
AAGAAGTTATAGAAGT,3
AAGGCCCCTATGTAAT,3
AAGGGGATTGGCTGTT,3
AAGGGGCCCCATAATG,3
AAGGGGTAGAGATACG,3
AAGGTCCCTGTGTAAT,3
AATAGAAGTCCATGTA,3
AATCGCTGGCACCCGC,3
AATCGCTGGCACCCGG,3
AATCGCTGGCACCTGT,3
AATCGCTGGCACTCGT,3
AATCTCTGGCACCCGT,3
AATGACAAACAGTAAG,3
AATGCGAGCATGTAAA,3
AATTAAACAATCGAAC,3
AATTAAGAGAAGTGCG,3
AATTCGAGCATGTCAA,3
AATTCGTGAGGACTAG,3
AATTCGTGAGTACGAG,3
ACAAGATTAGGGGGAC,3
ACAAGATTCGAGGGAC,3
ACAAGATTCGGGGGAT,3
ACACGGGTTGGATGTA,3
ACACGGGTTGGCTGGA,3
ACACGGGTTGGTTGTA,3
ACACGGGTTTGCTGTA,3
ACACGGTTTGGCTGTA,3
ACAGTCCACCATTTAG,3
ACAGTCTACCATTGAG,3
ACATCCATTAAGATCA,3
ACATGGGTGTACGAGA,3
ACATGTCTCCGAGCAA,3
ACATTTTCCAATAGTT,3
ACCAACAATGAGTTGT,3
ACCAGAAATGAGTTGT,3
ACCAGCAATTAGTTGT,3
ACCAGCACTGAGTTGT,3
ACCCCCGGAGCTTGGT,3
ACCCCCGGGGCTTGGC,3
ACCCCGGGAGCTTGGC,3
ACCGAATGAATCATAC,3
ACCGAATGAATCGTCC,3
ACCGAATTAATCATCC,3
ACCGATTAACGAATAA,3
ACCGATTCACGAAGAA,3
ACGTACATTAAGATCA,3
ACGTATGATTTTCGGG,3
ACGTATGATTTTCTAG,3
ACGTATGATTTTTGAG,3
ACGTCCATTAAGAGCA,3
ACGTCCATTAGGATCA,3
ACGTGTCTCAGAGCAA,3
ACGTGTCTCTGAGCAA,3
ACGTGTCTTCGAGCAA,3
ACTAACTCTCGCGGCA,3
ACTAAGAGGCTACGTA,3
ACTACGAGGCTACATA,3
ACTACGAGGCTACTTA,3
ACTACGAGTCTACGTA,3
ACTACTAGGCTACGTA,3
ACTATGAGGCTACGTA,3
ACTCTGGCTAGCTAAT,3
ACTCTGGCTCGCCAAT,3
ACTGTCTAGAAATGTT,3
ACTTGATGCATTCCCG,3
ACTTTCTAGAAATTTT,3
AGAAAATCTTAGATAC,3
AGATCCCAGGTACTTT,3
AGATCCCAGGTCCCTT,3
AGATCCCATGTCCTTT,3
AGCACAGGGATATGTG,3
AGCACATGCTGGGGAT,3
AGCAGCATTGGTCGCC,3
AGCATAGAGATATGTG,3
AGCATAGGAATATGTG,3
AGCATCTAACAGATAA,3
AGCATCTAACATATAG,3
AGCGACATCACCCTTT,3
AGCTCATGGGGTATCA,3
AGCTCCTGGGGCATCA,3
AGCTCCTGGGGTATCT,3
AGGAAATCTCAGATAC,3
AGGACTATAGTTAGCA,3
AGGACTATAGTTGACA,3
AGGAGAGAAACTGGAG,3
AGGAGTAGGAAGAGCG,3
AGGAGTATGAGGAGCG,3
AGGCCCATAAGGACTA,3
AGGCCCGTAAGTACTA,3
AGGGTTGAATAGGCGA,3
AGGTGGGGTCTCCCTT,3
AGGTTCAGACTCTTAC,3
AGGTTCAGACTCTTTC,3
AGGTTTAGACTCTTGC,3
AGTAAACATGCAGTGG,3
AGTAGTATGAAGAGCG,3
AGTATCTAACAGATAG,3
AGTATTTGCACTTCAA,3
AGTATTTGCGCTGCAA,3
AGTATTTGCGCTTCGA,3
AGTCGCTGGCACCCGT,3
AGTCGTGTAGATAGTT,3
AGTCGTTTAGATAGGT,3
AGTCGTTTAGATAGTG,3
AGTCGTTTAGATATTT,3
AGTGACCCCCTCCAAC,3
AGTGTCGAATAGGCGA,3
AGTGTGGAATAGGCGA,3
AGTGTTGAATAGACGA,3
AGTGTTGAATAGGCTA,3
AGTGTTGAATAGTCGA,3
AGTTCCTGGGGTATCA,3
AGTTGGGGCCTCCCTT,3
AGTTGGGGTCCCCCTT,3
AGTTGGGGTCTCCCTC,3
AGTTTTTATAACTTGA,3
AGTTTTTGTAACTTGC,3
ATAACTGAGGGCATCG,3
ATAACTGGGGGCATTG,3
ATAAGCAAAGTTGACC,3
ATAATTTAAGTATCAA,3
ATACACGAGGTTGCGA,3
ATACACGCACGTGCCA,3
ATACACGCATGTGTCA,3
ATACGCGAGGTTGTGA,3
ATAGCACAGCGTAGGC,3
ATATAAAGAACTTAGT,3
ATCAGGATAATCGCGA,3
ATCAGGGTAATCGCGC,3
ATCATGATAATCGCGC,3
ATCGAATGAATCATCC,3
ATGAACTTGTCGATAT,3
ATGAGCTGCCAATAAG,3
ATGCCGAATGGGGTAG,3
ATGCGATTGTCCGGAA,3
ATGGCCCACGGACATA,3
ATGGCCCACGGGAATA,3
ATGGGATTGGAGAAAA,3
ATGGGATTGGAGAACC,3
ATGGGATTTGAGAAAC,3
ATGTCCATTAAGATCA,3
ATGTGATTGGAGAAAC,3
ATTAGATTATAAAGTA,3
ATTAGATTATAACGGA,3
ATTAGGGCTACGTGGG,3
ATTATAATATCTAATA,3
ATTATCATATCTAAGA,3
ATTATGGCTACGTGAG,3
ATTCCGAATGGGTTAG,3
ATTGGATTGGAGAAAC,3
ATTTAAAGTCGAGGAC,3
ATTTAAATCCGAGGAC,3
ATTTAGATTCGAGGAC,3
CAAAATCTACGGCGAA,3
CAAAATCTACTGCGAC,3
CAAACACAAAAAATTA,3
CAACGTGATTTCTCGA,3
CAAGTAGAAATACATA,3
CAATTAGAAATACACA,3
CAATTAGAAATACGTA,3
CAATTAGAAATATATA,3
CACCATCAGCACCGAG,3
CACGGCCGGTGAACTC,3
CACGGGATAATGTCTC,3
CACTAGATGGACAGTC,3
CACTAGATGTATAGTC,3
CAGAACCTCGCTGTCT,3
CAGAACCTCGTTGGCT,3
CAGAACCTCGTTGTAT,3
CAGGCCCTAGAGCTCT,3
CAGGCTCTAGAGCTAT,3
CAGGCTCTAGAGCTCG,3
CATACAGAGTTTGTCG,3
CATGTCGCATCCACAG,3
CATGTGGAACCCAACA,3
CATGTGGAGCACAACA,3
CATGTGGAGCCCAGCA,3
CATTAAGAGAAGTGCG,3
CATTGAGACGCGCAAA,3
CATTGAGACGCGTAAG,3
CATTGAGATGCGCAAG,3
CATTGGGACGCGCAAG,3
CCAAGCTTGGCGCATT,3
CCAAGCTTGGCGCGTC,3
CCAATCTTGGCGCATC,3
CCATGGGTGTACGAGA,3
CCCCCACTGTTTAAAA,3
CCCCCGCTTTTTAAAA,3
CCCTATGAAATAAGCC,3
CCCTATGAAATAAGTT,3
CCCTGCACGGCTCGGG,3
CCCTGTGAAATAAGCT,3
CCGAACTTGTCGATAT,3
CCGGAGAAATCAGAAC,3
CCGGAGGCCTGGCCCC,3
CCGGATAAATCAGAAT,3
CCGGATAAGTCAGAAC,3
CCTGGGCTAAGTTGTG,3
CCTGGGTTAAGTTTTG,3
CCTGTGTTAAGTTGTG,3
CCTTATTAGGCGGCAT,3
CCTTGACATAGCGATG,3
CCTTGACGCATTCCCG,3
CCTTGAGGCATTCCCG,3
CCTTGATGAATTCCCG,3
CCTTGATGCGTTCCCG,3
CGAACCACAGACACGT,3
CGCACTTTACGAGAAA,3
CGCAGCATTGGTCTCC,3
CGCGACACCCTTCTGG,3
CGGACACTAGATGGTA,3
CGGACCCGAGATGGGA,3
CGGACCCTAGATGTTA,3
CGGACCCTAGATTGTA,3
CGGACCCTAGGTGGTA,3
CGGACTTTACGAGACA,3
CGGGCCCTAGATGGTA,3
CGTACAGTGTAATAGA,3
CGTACAGTGTAATCGG,3
CGTACCCTAGATGGTA,3
CGTATACCCTTCAGCA,3
CGTCTACCCTTCAGCA,3
CGTGACCCACTCCAAC,3
CGTGGCCCCCTCCAAC,3
CGTGGGAATTGCCACT,3
CGTGTACCCATCAGCA,3
CGTGTACCCGTCAGCA,3
CGTGTACCCTTTAGCA,3
CGTGTGCCCTTCAGCA,3
CGTGTGGAGCCCAACA,3
CGTTCAGCGAGAACGG,3
CGTTCATCGATAACGG,3
CGTTCGGGACTCATCT,3
CTAAGCTTGGCGCATC,3
CTAATTTAAGTATCGA,3
CTACAAACCTGCAAAT,3
CTAGCAAAGCGTAGGC,3
CTAGCACAGCTTAGGC,3
CTAGCACGGCGTAGGC,3
CTAGTACAGCGTAGGC,3
CTATATTACCCGGAAG,3
CTATATTGACCGGAAG,3
CTATATTGCCCGGAAA,3
CTATATTGCCTGGAAG,3
CTATCTTAATATACAG,3
CTATCTTAATCTACAT,3
CTATTTAACAGACTTA,3
CTGAACTTATCCGTGG,3
CTGAACTTATCTTTGG,3
CTGAGCGGCCAATAAG,3
CTGAGCTGCCAATAGG,3
CTGAGCTGCCGATAAG,3
CTGAGCTTCCAATAAG,3
CTGAGGTATTCAACTC,3
CTGATCTGCCAATAAG,3
CTGGAGGCCTGGACCC,3
CTGGAGGCCTGGCACC,3
CTGGAGGCCTGGCTCC,3
CTGGGGGATTCAACTC,3
CTGTACCCGCAGTTGA,3
CTGTCGGGACTCATCT,3
CTTAAAGAATACTAGA,3
CTTAGGTATTATATGG,3
CTTAGGTGTTATATGC,3
CTTCGGCTCTCGATTA,3
CTTTAAATTATAATCT,3
CTTTAAATTATAGTCC,3
CTTTGGCTCTTGATTA,3
CTTTTCTAGTACGCTC,3
GAAAGCCCCGTACAAT,3
GAAAGTCCCCATGATG,3
GAAAGTCCCTATTATG,3
GAAATTCCCTATGATG,3
GAAGAAACTGTAACCA,3
GAAGAGACTATAACCA,3
GAAGCGTGCCGGTCAT,3
GAAGTACGCTCAATGA,3
GAAGTACGCTGAGTGA,3
GAAGTACGCTTAATGA,3
GAAGTACGTATTGAGT,3
GAAGTGCGTATTGGGT,3
GAAGTGCTTATTGAGT,3
GAATAATAGAGCAGAG,3
GAATAGTAGAACAGAG,3
GACACCTTGTAAGATG,3
GACCCCTCGTAAGATG,3
GACCCCTTGGAAGATG,3
GACGGCGTTAGTGTCA,3
GACGGGATTGGCACGT,3
GACTAAAGGATCATGA,3
GAGAAGTTTCATAGCG,3
GAGAGCTGCAGAAGCT,3
GAGATCTGCAGAAGCG,3
GAGCTTGATATGGATC,3
GAGGGGATACGTCACA,3
GAGGGGTAGAGATACA,3
GAGGGGTATAGATACG,3
GATCACGCAGAAAGAG,3
GATCACGCATAAAAAG,3
GATCATGCAGAAAAAG,3
GATCGCCATCGACTGC,3
GATCGCCATCGACTTA,3
GATCGCGCAGAAAAAG,3
GATCTCCACTGATAAG,3
GATCTTGTGGAGAGTC,3
GATCTTTGGGAGAGTC,3
GATTCGGATGCCCACC,3
GCAAACGGTGTAGTTG,3
GCAATTTACTGAAGGG,3
GCACCCAGTTCCTGCG,3
GCACGGGTTGGCTGTA,3
GCAGCGTGCAGGTCAT,3
GCAGCGTGCCTGTCAT,3
GCAGTGTGCCGGTCAT,3
GCATCATCAACTCCTA,3
GCATCCTCAACTCCGA,3
GCATGGAACTAACGCC,3
GCATGGAACTAACTAC,3
GCATGGAACTAATTCC,3
GCATGGGTGTACGAGA,3
GCCAGCCCGTATCCCT,3
GCCAGCTCGGATCCCT,3
GCCATCTACTGAAGGG,3
GCCATTCACTGAAGGG,3
GCCATTTACTGAAAGG,3
GCCGATTCACGAATAA,3
GCCGCTGCGGCGTGGG,3
GCCGGAGTTAGTGTCA,3
GCCGGTGTTAGTGTCA,3
GCCTAAAGTATCATGA,3
GCGAACAGTGTAGTTG,3
GCGAAGTTTCATAGCA,3
GCGAAGTTTCGTAGCG,3
GCTATTTACTGAAGGG,3
GGAAGCTTCATGGAGT,3
GGAAGTCCCTATGATG,3
GGAGTGCGTATTGAGT,3
GGATCCCAGGTCCTTT,3
GGGCCATCTCAGATCG,3
GGGGGGATACGTCACC,3
GGTCCATCTCAGATCT,3
GTAAGCAAAGTTTACC,3
GTAAGCAAATTTGACC,3
GTAAGCTTCGTGGAGT,3
GTAAGTAAAGTTGACC,3
GTAATCTTCATGGAGT,3
GTACAAACCTCCAAAT,3
GTACACGCATGTGCCA,3
GTAGAAACCTGCAAAT,3
GTAGAACCGCGGCCCC,3
GTAGAAGTGCGGCCCC,3
GTAGAATTGCGGCCCC,3
GTAGATACTAGGACAA,3
GTAGCACAGCGTAGGC,3
GTAGGACTGCGGCCCC,3
GTATAAACCTGCAAAT,3
GTCAAGTGACGGATGG,3
GTCAAGTTAAGGATGG,3
GTCAAGTTACGGATGT,3
GTCAAGTTACGTATGG,3
GTCAGCTCGTATCCCT,3
GTCGCATCCTGGAAGG,3
GTGAACTTATCTGTGG,3
GTGAAGTTTCATAGCG,3
GTGAGCGAGAAAAGTA,3
GTGAGCTGCAGAAGCG,3
GTGCCCAGTTCCTGCG,3
GTGCGATTGTCCGAAA,3
GTGCGATTGTCCGGAC,3
GTGCGATTGTCTGGAA,3
GTGGAGGCCTGGCCCC,3
GTGGCCCACGGGCATA,3
GTGGTACCAAGCCGGG,3
GTGGTATCAAGCCGGT,3
GTGGTATCAGGCCGGG,3
GTGTACCTGCAGTTGA,3
GTGTATCAGTCGCGCC,3
GTTATTATGACGTCAT,3
GTTATTATGACTTCAA,3
GTTCGATTGTCCGGAA,3
GTTGCTCAGACACGCC,3
GTTGCTCCTACACGCC,3
TAACTTGATTTCTCGA,3
TAATAAGCCAGAAAGA,3
TAATGATAACCCTGCG,3
TACCCTGCAAGCCACG,3
TACCCTGCAAGCCTCT,3
TACCCTGCAAGCTACT,3
TACCTGCTGCGGAAAG,3
TACCTGCTGCGGAACT,3
TACCTGCTGTGGAACG,3
TACGACAAACAGTAAG,3
TACGCTGCAAGCCACT,3
TACGGTTCCGACTAAG,3
TACTAATGACGTTGTC,3
TACTAATGCAGTTGTC,3
TACTAATGCCGTTGTA,3
TACTAATGCCGTTTTC,3
TACTAGCAAGAAAATC,3
TACTATTCCGGCGCGG,3
TACTGATAACCCTGCA,3
TACTGTCCAGACTCGT,3
TAGCATTGTCGGAAGG,3
TAGCTGATGGTAACTC,3
TAGTAAGAGAAGTGCG,3
TATGGAAACGATCCCC,3
TATGTCGTATCCACAA,3
TATGTCGTATGCACAG,3
TATTAAGAAAAGTGCG,3
TATTAGGAGAAGTGCG,3
TATTGAGAGAAGTGCG,3
TCAACACAAAAAATTA,3
TCAAGCTTGGCGCATC,3
TCAATAGGGGGCTAAA,3
TCACTTCAACTAAAAA,3
TCATCTGTAGAGCGCT,3
TCATGGGTATACGAGA,3
TCATGGGTGTACGATA,3
TCATGGGTGTATGAGA,3
TCATGTGTGTACGAGA,3
TCCAGAGCGGTAAGAG,3
TCCAGCACGGTAAGAG,3
TCCAGCGCAGTAAGAG,3
TCCAGCGTGGTAAGAG,3
TCGAACGAAGGAGGAG,3
TCGAGTTAATATGCGA,3
TCGTAGCACTACTGCT,3
TCGTCCGGTGGGAACT,3
TCGTCCGTTGTGAACT,3
TCGTCGCACGACTGCT,3
TCGTCGCACTACCGCT,3
TCTAACTCGCGCGGCA,3
TCTAACTCTCGCGGTA,3
TCTATATCCAACACCA,3
TCTCGACATAGCGATG,3
TCTCTTCAACTAAAAA,3
TCTGGAAACGATCCCA,3
TCTGGAAGCGATCCCC,3
TCTTACTAGGCGGCAT,3
TCTTAGTCCGCGTATG,3
TCTTAGTCCTAGTATG,3
TCTTAGTCCTCGTACG,3
TCTTATGAGGCGGCAT,3
TCTTATTAGGCGGAAT,3
TCTTATTAGGCGGCAA,3
TCTTCCGTTGGGAACT,3
TCTTGACATAGCGATA,3
TCTTGACATAGCGATT,3
TCTTGACATAGCTATG,3
TCTTGACATGGCGATG,3
TCTTGGTCCTCGTATG,3
TCTTTACCAATGCATC,3
TCTTTACCACTGCATT,3
TGACGAATTTGATTCC,3
TGACGTGATTTCTCGA,3
TGACTCCACGGACGCC,3
TGAGGTGGTCGATCCG,3
TGATCTTTTACATTTG,3
TGCAGGGGTATACATA,3
TGCAGTGGGATACATA,3
TGCAGTGGTATAAATA,3
TGCAGTGGTATACACA,3
TGCAGTGGTATATATA,3
TGCGGTGGGCGATCCG,3
TGCGGTGGTTGATCCG,3
TGCTATCCCGGCGCGG,3
TGCTATTCCGGCACGG,3
TGCTATTCCGGCGCGA,3
TGCTATTCCGGCGCTG,3
TGCTATTCCTGCGCGG,3
TGCTGTTCCGGCGCGG,3
TGGAATAGGCGTCACA,3
TGGAATAGTCACCGAT,3
TGGAATCGTCACAGAT,3
TGGAATCTTCACCGAT,3
TGGCCCGTAAGGACTA,3
TGGGAACATACATAAC,3
TGTAAGAGGCGTCACA,3
TGTAATAGGAGTCACA,3
TGTAATAGGCGTCAAA,3
TGTAATAGGCGTTACA,3
TGTAGTGGTATACATA,3
TGTGGAGCGCCCGTAC,3
TGTGGAGCTCCCTTAC,3
TGTGTCGTATCCACAG,3
TGTTGAGCAAGTCTGA,3
TGTTGAGCCAGTCGGA,3
TTACGAATTCGATTCC,3
TTACGAATTTGATTAC,3
TTAGAACTGCGGCCCC,3
TTATCTGTAAAGCGCT,3
TTATCTGTAGAGCGCG,3
TTATCTGTAGATCGCT,3
TTCAGTGGTATACATA,3
TTCTGTCCAGACTCGC,3
TTGAAAAAATCAGAAA,3
TTGAACGAAGTAGGAG,3
TTGAGTTAATATGCGC,3
TTGCATCAGTCGCGCC,3
TTGCGAATTTGATTCC,3
TTTAACAGAACCTATC,3
TTTAACTCTCGCGGCA,3
TTTATACCCAACACCA,3
TTTATATCCAGCACCA,3
TTTATGTCGAGATTCA,3
TTTCACAGAACCCATC,3
TTTCAGAGGGGTTGTG,3
TTTCAGCATTGTTTTG,3
TTTCAGCGTTGTCTTG,3
TTTCAGCGTTGTGTTG,3
TTTCAGCGTTGTTTCG,3
TTTCGTGATACTCACG,3
AAAAAATCTCAGATAC,2
AAAAAATTTACGACAA,2
AAACCCATAAGACCCG,2
AAACCCATAAGAGCCC,2
AAACCCATAATACCCC,2
AAACCCGTAAGACCCC,2
AAACGCATAAGACCCC,2
AAACTACGAGACGTAA,2
AAAGAATTTATGACAA,2
AAAGCCCTTTTCGTTC,2
AAAGCTATTTTCGTTC,2
AAAGCTCTTTTCGTCC,2
AAAGCTCTTTTCGTGC,2
AAAGCTCTTTTCGTTG,2
AAAGCTCTTTTCGTTT,2
AAAGGCGAGCCTTCAA,2
AAATCCCAGGTCCTTT,2
AAATGCGCGCCTTCAA,2
AACACGGAGAACCGCC,2
AACACTTAGAACCGCC,2
AACAGAAATCCATGTA,2
AACAGAAGGCCATGTA,2
AACAGAAGTACATGTA,2
AACAGAAGTCCATCTA,2
AACAGAAGTCCGTGTA,2
AACAGAGGTCCATGTA,2
AACAGCGCGGTAAGAG,2
AACAGGAGTCCATGTA,2
AACAGGATAATCGCGC,2
AACAGTTCCGACTAAG,2
AACCAACGAGTGACCG,2
AACCACCAAGTGACCG,2
AACCACCGAGTGACCC,2
AACCACCGAGTGACGG,2
AACCCCTTGTAAGATG,2
AACCTACGAGACGGAA,2
AACCTACGAGACTTAA,2
AACCTACGAGATGTAA,2
AACGACAAACAGTAAT,2
AACGACAAATAGTAAG,2
AACGGGCTAATGTCTC,2
AACGGTTACGACTAAG,2
AACGGTTCCGACTGAG,2
AACGTTTCCGACTAAG,2
AACTAGATGTACAGTC,2
AACTCCTGGGGTATCA,2
AACTGCGTTCATCTAT,2
AACTTCCCTGACTACT,2
AACTTCCCTGACTGCA,2
AACTTCGTTCATCGAT,2
AACTTCTCTGACTGCT,2
AAGAAGCTATAGAAGC,2
AAGAAGCTATAGAAGG,2
AAGACTATAGTTGGCA,2
AAGAGAAGTCCATGTA,2
AAGATCCCTATGTAAT,2
AAGCATTGTCGGAAAG,2
AAGCCCATAAGACCCC,2
AAGCCCGTAAGGACTA,2
AAGGACAAACAGTAAG,2
AAGGAGACTTTGTGAT,2
AAGGAGCTATAGAAGT,2
AAGGCTCTTTTCGTTC,2
AAGGGATTGGAGAAAC,2
AAGGGGCATCATAATG,2
AAGGGGCCTAATAATG,2
AAGGGGCCTCAGAATG,2
AAGGGGCCTCATAATT,2
AAGGGGGCTCATAATG,2
AAGGTCACTATGTAAT,2
AAGGTCCATATGTAAT,2
AAGGTCCCCATGTAAT,2
AAGGTCCCGATGTAAT,2
AAGGTCCCTACGTAAT,2
AAGGTCCCTAGGTAAT,2
AAGGTCCCTATGTAAG,2
AAGGTCCCTATGTAGT,2
AAGTATTGATACACAT,2
AAGTGTTGCTACACAT,2
AAGTTAGTAGACCGAC,2
AAGTTAGTGGACCCAC,2
AATAAGACTTTGTGAT,2
AATACGTAGAACCGCC,2
AATATTGATTGAAGTT,2
AATCACCGAGTGACCG,2
AATCGATGGCACCCGT,2
AATCGCCATCGACTTC,2
AATCGCTAGCACCCGT,2
AATCGCTGGCACACGT,2
AATCGTTGGCACCCGT,2
AATCGTTTAGATAGTT,2
AATGAAACAACCGAAC,2
AATGAAACAATCGAAA,2
AATGAAACAATCGAGC,2
AATGAAATAATCGAAC,2
AATGCGAGAATGTCAA,2
AATGGAACAATCGAAC,2
AATGGCGCGCCTTCAA,2
AATGGGAATTGCCACT,2
AATGGGAGCATGTCAA,2
AATGTTGAATAGGCGA,2
AATTCATGAGTACTAG,2
AATTCGGGAGTACTAG,2
AATTCGTAAGTACTAG,2
AATTCGTGAATACTAG,2
AATTCGTGAGTACTAT,2
AATTCGTGAGTGCTAG,2
AATTCGTGGGTACTAG,2
AATTTCTGATGAATTG,2
ACAAAATTCGGGGGAC,2
ACAAGACTCGGGGGAC,2
ACAAGATTCGGGGAAC,2
ACAAGATTTGGGGGAC,2
ACAATACGATCTACGC,2
ACAATCTGAACAATAC,2
ACAATCTGAAGCATAC,2
ACAATCTGAATCATAC,2
ACACCCGGAGCTTGGC,2
ACACGGGTTGACTGTA,2
ACACGGGTTGGCTGCA,2
ACACGTGTTGGCTGTA,2
ACAGATTCACGAATAA,2
ACAGCCCACCATTGAG,2
ACAGGATTCGGGGGAC,2
ACAGTACTATCTACGC,2
ACAGTCCAACATTGAG,2
ACAGTCCACCGTTGAG,2
ACAGTCTGAACCATAC,2
ACATATGATTTTCGAG,2
ACATTCTCCAATAGGT,2
ACATTTTCCAAGAGGT,2
ACCAAATGAATCATCC,2
ACCAATTCACGAATAA,2
ACCAGCAATGAGCTGT,2
ACCAGCAATGAGGTGT,2
ACCAGCAATGAGTTTT,2
ACCAGCAATGGGTTGT,2
ACCAGCGCGGTAAGAG,2
ACCCACGGAGCTTGGC,2
ACCCCAGGAGCTTGGC,2
ACCCCCGGAGCTCGGC,2
ACCCCCGGAGCTGGGC,2
ACCCCCGGAGCTTGAC,2
ACCCCCGGATCTTGGC,2
ACCGAATCAATCATCC,2
ACCGAATGAATCATTC,2
ACCGAGTCACGAATAA,2
ACCGATTCACTAATAA,2
ACCGATTCATGAATAA,2
ACCGGCGTTAGTGTCA,2
ACCGTTGTAAACACCA,2
ACCGTTGTACAAACCA,2
ACCGTTGTATACACCA,2
ACCTCCATTAAGATCA,2
ACCTCCGGAGCTTGGC,2
ACCTTTGTACACACCA,2
ACGAAGTCTCGAGAAG,2
ACGAGCAATGAGTTGT,2
ACGGGGAGTGGCTGTT,2
ACGGGGATTGGCTTTT,2
ACGTATAATTTTCGAG,2
ACGTATGATCCTCGAG,2
ACGTATGATTTCCGAG,2
ACGTATGATTTTCAAG,2
ACGTCCACTAAGATCA,2
ACGTCCATGAAGATCA,2
ACGTCCATTAAGATCT,2
ACGTCCATTTAGATCA,2
ACGTCCGTTAAGATCA,2
ACGTCTATTAAGATCA,2
ACGTGTCGCCGAGCAA,2
ACGTGTCTCCAAGCAA,2
ACGTGTCTCCGAACAA,2
ACGTGTCTGCGAGCAA,2
ACGTTTCTCCGAGCAA,2
ACTACGAGGATACGTA,2
ACTACGAGGCTAAGTA,2
ACTACGGGGCTACGTA,2
ACTAGATTATAACGTA,2
ACTCTGGATCGCTAAT,2
ACTCTGGCTCACTAAT,2
ACTCTGTCTCGCTAAT,2
ACTGAATGAATCATCC,2
ACTGCCTAGAAATTTT,2
ACTGCGAGGCTACGTA,2
ACTGGGTTAAGTTGTG,2
ACTGTCCACCATTGAG,2
ACTGTCCAGAAATTTT,2
ACTGTCGAGAAATTGT,2
ACTGTCGAGAAATTTT,2
ACTGTCTAGAAGTTTT,2
ACTGTCTAGAGATTTT,2
ACTGTCTGGAAATTTT,2
ACTTATTAGGCGGCAT,2
ACTTCCATTAAGATCA,2
ACTTGACATAGCGATG,2
AGAAAACCTCAGATAC,2
AGAAAATCCCAGATAC,2
AGAAAATCTCTGATAC,2
AGAAAGTCTCAGATAC,2
AGAAGATCTCAGATAC,2
AGAATCTGAACCATAC,2
AGACACGAGGTTGTGA,2
AGACCACCAGTTTCGT,2
AGACCCATAAGACCCC,2
AGACCGCCAGTGTCGT,2
AGATACACCCTATAGT,2
AGATCCAAGGTCCTTT,2
AGATCCACCCTAGAGT,2
AGATCCCAGGGCCTTT,2
AGATCCCAGGTCATTT,2
AGATCCCAGGTCCTTA,2
AGATCCCAGGTCTTTT,2
AGATCCCAGGTTCTTT,2
AGATCCCGGGTCCTTT,2
AGATCCCTGGTCCTTT,2
AGATCCGCCCTATAGT,2
AGCAAACATGCATTGG,2
AGCAGCGAACAGATAG,2
AGCATAAGGATATGTG,2
AGCATAGGGAGATGTG,2
AGCATCGAACAGATAG,2
AGCATCTAAAAGATAG,2
AGCATCTAACAGAGAG,2
AGCATCTAACAGATCG,2
AGCATCTAACAGTAAG,2
AGCATCTAAGAGATAG,2
AGCATCTGACAGATAG,2
AGCCAATGCTGGGGAT,2
AGCCCAGGCTGGGGAT,2
AGCCCATGCGGGGGAT,2
AGCCCATGCTGGGGGT,2
AGCCCATTCTGGGGAT,2
AGCCGTTTAGATAGTT,2
AGCGACGTCGCCCTTT,2
AGCGATTCACGAATAA,2
AGCGTTGTACACACCA,2
AGCTCCGGGGGTATCA,2
AGCTCCTGCGGTATCA,2
AGCTCCTGGAGTATCA,2
AGCTCCTGGGATATCA,2
AGCTCCTGGGGGATCA,2
AGCTGCTGGGGTATCA,2
AGGAAAGAAAATGGAG,2
AGGAAAGAGACTGGAG,2
AGGAAGACTTTGTGAT,2
AGGAAGCTATAGAAGT,2
AGGACTATAGTTGGCG,2
AGGACTATGGTTGGCA,2
AGGAGCATGAAGAGCG,2
AGGAGTATGAAGAGCT,2
AGGAGTATGGAGAGTG,2
AGGAGTATTAAGAGCG,2
AGGAGTGTGGAGAGCG,2
AGGATTATGAAGAGCG,2
AGGCACGTAAGGACTA,2
AGGCCAGTAAGGACTA,2
AGGCCCGTAAAGACTA,2
AGGCCCGTAAGGACAA,2
AGGCCCGTAAGGACGA,2
AGGGCCGTAAGGACTA,2
AGGGGACAAGATTGTA,2
AGGGTGGAATAGGCGA,2
AGGTTAAGACTCTTGC,2
AGGTTCAGACTCTTGA,2
AGTAAACATGCATTGA,2
AGTAAACATGCATTTG,2
AGTAAACATTCATTGG,2
AGTAAGCATGCATTGG,2
AGTACTATAGTTGGCA,2
AGTATTTGCGATTCAA,2
AGTATTTGCGTTTCAA,2
AGTATTTGCTCTTCAA,2
AGTCCGAAGGGGGGAG,2
AGTCGGTTAGATAGTT,2
AGTCGTCTAGATAGTT,2
AGTCGTTCAGATAGTT,2
AGTCGTTTAGATAGCT,2
AGTCGTTTAGATAGTA,2
AGTCGTTTTGATAGTT,2
AGTGAAACAATCGAAC,2
AGTGCTGGCTTGGTTA,2
AGTGTAGGCTTGGTTA,2
AGTGTCTAGAAATTTT,2
AGTGTTGAATAGGCAA,2
AGTGTTGGATTGGTTA,2
AGTGTTGGCTTGGTCA,2
AGTGTTGGCTTGTTTA,2
AGTGTTGGCTTTGTTA,2
AGTGTTTGCTTGGTTA,2
AGTTCGTGAGTACTAG,2
AGTTGAGCCAGTCTGA,2
AGTTGGGGTCTCCCTA,2
AGTTGGGGTCTCCTTT,2
AGTTGGGGTCTTCCTT,2
AGTTGGGTTCTCCCTT,2
AGTTTCAGACTCTTGC,2
AGTTTGGGTCTCCCTT,2
AGTTTTCATAACTTGC,2
AGTTTTTATAACTCGC,2
AGTTTTTATAACTTAC,2
ATAACCGAGGGCATTG,2
ATAACTGAGGGCAATG,2
ATAACTGAGGGCATTT,2
ATAACTGAGGGTATTG,2
ATACAAGAGGTTGTGA,2
ATACAAGCATGTGCCA,2
ATACACAAGGTTGTGA,2
ATACACGAGGGTGTGA,2
ATACACGAGGTTGTTA,2
ATACACGATGTTGTGA,2
ATACACGCATGCGCCA,2
ATACACGCATGTTCCA,2
ATACACTAGGTTGTGA,2
ATACATGCATGTGCCA,2
ATACGAATTTGATTCC,2
ATAGAATCGAAAATTA,2
ATAGAATCGCAAATTG,2
ATAGGATATATTGCTG,2
ATAGGATTGGAGAAAC,2
ATATAAAAAACTTATT,2
ATATAAAAGACTTAGT,2
ATATACGAGGTTGTGA,2
ATCAAGTTACGGATGG,2
ATCAGGATAACCGCGC,2
ATCAGGATAATCGGGC,2
ATCAGGATAATCGTGC,2
ATCAGGATAGTCGCGC,2
ATCAGGATGATCGCGC,2
ATCAGGGCTACGTGAG,2
ATCCCGAATGGGGTAG,2
ATCCTATTTAAAGGCA,2
ATCGCATCCTGGAATG,2
ATGAAAGAAACTGGAG,2
ATGAGTATGAAGAGCG,2
ATGCCGAAGGGGGTAG,2
ATGGACCACGGGCATA,2
ATGGCACACGGGCATA,2
ATGGCCAACGGGCATA,2
ATGGCCCACGTGCATA,2
ATGGGATTAGAGAAAC,2
ATGGGATTGGAAAAAC,2
ATGGGATTGGAGAAGC,2
ATGGGGCCTCATAATG,2
ATGGTATTGGAGAAAC,2
ATGGTTCTACGTCCAT,2
ATGTATGATTTTCGAG,2
ATGTCCCACGGGCATA,2
ATTAGGATAATCGCGC,2
ATTAGGGCGACGGGAG,2
ATTAGGGCTACATGAG,2
ATTAGGGCTACTTGAG,2
ATTAGGTTATAACGTA,2
ATTAGTGCTACGTGAG,2
ATTATATCGAGATTCA,2
ATTATCATATCTAGTA,2
ATTATCATGTCTAATA,2
ATTATTATATCTAATA,2
ATTCACAGAACCTATC,2
ATTCCGAATGGGATAG,2
ATTCCGTATGGGGTAG,2
ATTCGCTGGCACCCGT,2
ATTGCCCACGGGCATA,2
ATTGGATTATAACGTA,2
ATTGTCATATCTAATA,2
ATTTAAATGCGAGGAC,2
ATTTAAATTCGAGTAC,2
ATTTAAATTGGAGGAC,2
ATTTGAATTCGAGGAC,2
ATTTTTCTATGTCTAC,2
CAAAATCTACGGCAAC,2
CAAAATCTACGGCTAC,2
CAAATGCTCCATTAGG,2
CAAATGCTGCATCAGG,2
CAAATGCTGCATTAGA,2
CAAATGCTTCATTAGG,2
CAACATCAGCACCTAG,2
CAACTAGAAATACATA,2
CAAGGCCGGCGAACTC,2
CAAGTAGAAATACAGA,2
CAATTCGCAGTTCCCC,2
CACCAATCTTCGAAAT,2
CACCATCAGAACCTAG,2
CACCATCAGCAACTAG,2
CACCATCAGCACATAG,2
CACCATCAGCACCCAG,2
CACCATCAGCACCTAT,2
CACCATCAGCACCTGG,2
CACCATCAGCACCTTG,2
CACCATCAGCATCTAG,2
CACCATCAGCGCCTAG,2
CACGACACCCTTCCGG,2
CACGGACGGCGAACTC,2
CACGGCCGGCAAACTC,2
CACGGCCGGCGAACTA,2
CACGGGCTAATGGCTC,2
CACTAATGCCGTTGTC,2
CACTAGATGTACAGCC,2
CACTAGATGTACAGGC,2
CACTGCCGGCGAACTC,2
CACTGGATGTACAGTC,2
CACTTTACGGATCTCT,2
CAGAACCCCGTTGTCT,2
CAGAACCTCGTTGTGT,2
CAGACCCTAGATGGTA,2
CAGCATTGTCGGAAAG,2
CAGGAACATACATAAC,2
CAGGACCTCGTTGTCT,2
CAGGCTCCAGAGCTCT,2
CAGGCTCTAGAGATCT,2
CAGGCTCTAGAGCCCT,2
CAGGCTCTAGAGCGCT,2
CAGGCTCTATAGCTCT,2
CAGGTTCTAGAGCTCT,2
CATACAGAGTGTGTTG,2
CATACAGAGTTTATTG,2
CATACAGAGTTTGTTT,2
CATACAGATTTTGTTG,2
CATACGGAGTTTGTTG,2
CATCGAGACGCGCAAG,2
CATGGAGACGCGCAAG,2
CATGGGAATCGCCACT,2
CATGGGAATGGCCACT,2
CATGGGAATTGTCACT,2
CATGGGGAGCCCAACA,2
CATGGGGATTGCCACT,2
CATGTCGTATCCACAG,2
CATGTGGAGCCCAACT,2
CATGTGGAGGCCAACA,2
CATGTGTAGCCCAACA,2
CATGTTGAGCCCAACA,2
CATTGAGACGCGCAAC,2
CATTGAGACGCGCATG,2
CATTTAGACGCGCAAG,2
CATTTGGAGCCCAACA,2
CCAACACAAAAAACTA,2
CCAACACGAAAAATTA,2
CCAAGCGTGGCGCATC,2
CCAAGCTCGGCGCATC,2
CCAAGCTGGGCGCATC,2
CCAAGCTTGACGCATC,2
CCAAGCTTGGCCCATC,2
CCAAGCTTGGCGAATC,2
CCAAGCTTGGCGCATA,2
CCAAGCTTTGCGCATC,2
CCAGGCTTGGCGCATC,2
CCATATTGCCCGGAAG,2
CCATGATGCATTCCCG,2
CCATTTAACAGACGTA,2
CCCAATGAAATAAGCT,2
CCCCCGCTGTTCAAAA,2
CCCCTCCTCTAAAGGT,2
CCCGACACCCTTCCGG,2
CCCGGGTTAAGTTGTG,2
CCCTATGAAATATGCT,2
CCCTATGAAATGAGCT,2
CCCTATGAAATTAGCT,2
CCCTATGAGATAAGCT,2
CCCTATTAAATAAGCT,2
CCCTCTACGGATCTCT,2
CCCTGCGCAGCTCGGG,2
CCCTGCGCGGCTCGCG,2
CCCTGCGCGGCTCGGA,2
CCCTGCGCGGCTGGGG,2
CCCTGGGCGGCTCGGG,2
CCGGATAAACCAGAAC,2
CCGGATAAATCGGAAC,2
CCGGATAAATTAGAAC,2
CCGGATGAATCAGAAC,2
CCGTACCTGCAGTTGA,2
CCGTGCGCGGCTCGGG,2
CCTACAGAATACTAGA,2
CCTCGATGCATTCCCG,2
CCTCGGTTAAGTTGTG,2
CCTGGATTAAGTTGTG,2
CCTGGGTGAAGTTGTG,2
CCTGGGTTAAGGTGTG,2
CCTGGGTTAAGTTATG,2
CCTGGGTTAGGTTGTG,2
CCTTAGTCCTCGTATG,2
CCTTCATGCATTCCCG,2
CCTTGATACATTCCCG,2
CCTTGATCCATTCCCG,2
CCTTGATGCATTACCG,2
CCTTGATGCATTCCTG,2
CCTTTTACGGATCTCT,2
CGAAAAACGTCCCAGT,2
CGAACAGCAGACACGT,2
CGAACCGAAGACACGT,2
CGAATGCTGCATTAGG,2
CGAATTTAAGTATCAA,2
CGACTCCACGGACACC,2
CGACTCCACGGACGAC,2
CGACTCCACGGACGCA,2
CGACTCCACGGACGCT,2
CGATCTTTTACATTTA,2
CGCACTCTACGAGACA,2
CGCACTTGACGAGACA,2
CGCACTTTACGAGACG,2
CGCACTTTACGAGAGA,2
CGCACTTTACGGGACA,2
CGCACTTTACTAGACA,2
CGCACTTTATGAGACA,2
CGCAGCACTGGTCGCC,2
CGCATCTAACAGATAG,2
CGCGACACCCTACCGG,2
CGCGACACCCTCCAAC,2
CGCGACACCCTCCCGG,2
CGCGACACCCTTCAGG,2
CGCGACACCCTTTCGG,2
CGCGACATCCTTCCGG,2
CGCGACGCCCTTCCGG,2
CGCGATACCCTTCCGG,2
CGCGGCACCCTTCCGG,2
CGCTATTCCGGCGCGG,2
CGGAACCTAGATGGTA,2
CGGAACTTATCTGTGG,2
CGGACAGTGTAATCGA,2
CGGACCCCAGATGGTA,2
CGGACCCTAGATCGTA,2
CGGGAACATACATAAT,2
CGGGAACATACGTAAC,2
CGGGGACAAGATGGTA,2
CGGTCGGGAATCATCT,2
CGGTCGGGACGCATCT,2
CGGTCGGGACTCAGCT,2
CGGTCGGGACTCGTCT,2
CGGTCTGGACTCATCT,2
CGTACAGTGGAATCGA,2
CGTACAGTGTAATCAA,2
CGTACAGTTTAATCGA,2
CGTCCATCTCAGATCG,2
CGTCCGGATAAAGTAG,2
CGTGAACCCCTCCAAC,2
CGTGGACCCTTCAGCA,2
CGTGTACCCTCCAGCA,2
CGTTCAGAGATAACGG,2
CGTTCAGCGATAACTG,2
CGTTCAGCGATAGCGG,2
CGTTCAGCGATGACGG,2
CGTTCAGCTATAACGG,2
CGTTGAGACGCGCAAG,2
CGTTTTGGGTTCGAGG,2
CGTTTTTGGTTCGGGG,2
CTAAAATAATTGGCGC,2
CTAAACTTGTCGATAT,2
CTAACACAAAAAATTA,2
CTAACTTAAGTATCAA,2
CTAAGCTGCCAATAAG,2
CTAATGTAGCCGCTCC,2
CTAATTGAAGTATCAA,2
CTAATTTAAGCATCAA,2
CTAATTTAAGTGTCAA,2
CTACATTGCCCGGAAG,2
CTACGAATTTGATTCC,2
CTACTCCACGGACGCC,2
CTAGCACAACGTAGGC,2
CTAGCACAGCGCAGGC,2
CTAGCACAGCGTAGGT,2
CTAGCGCAGCGTAGGC,2
CTATAAACCGTTTGGA,2
CTATACTGCCCGGAAG,2
CTATATGGCCCGGAAG,2
CTATATTGCCCGGAGG,2
CTATATTGCCCGGATG,2
CTATATTGCTCGGAAG,2
CTATCACAGCGTAGGC,2
CTATTTAACATACGTA,2
CTCAAAGAATTGGCGC,2
CTCAAATAAGTGGCGC,2
CTCAAATAATTGGCGT,2
CTCAAATAATTGGCTC,2
CTCAAATAATTTGCGC,2
CTCAAATAGTTGGCGC,2
CTCAATGTCTTAGGAT,2
CTCAGCATTGGTCGCC,2
CTCCTAGGGGAAGATT,2
CTCCTAGTGGACGATT,2
CTCCTATGGGACGATT,2
CTGAAATTGTCGATAT,2
CTGAACCTGCAGTTGA,2
CTGAACTCATCTGTGG,2
CTGAACTGCCAATAAG,2
CTGAACTTATCGATAT,2
CTGAACTTATCGGTGG,2
CTGAACTTATCTGAGG,2
CTGAACTTATCTGCGG,2
CTGAACTTGTCAATAT,2
CTGAACTTGTCTATAT,2
CTGAGCTGCAAATAAG,2
CTGAGGGATACAACTC,2
CTGAGGGATTAAACTC,2
CTGATTTAAGTATCAA,2
CTGGAGGCCAGGCCCC,2
CTGGAGGCCTAGCCCC,2
CTGGAGGCCTCGCCCC,2
CTGGAGGGCTGGCCCC,2
CTGGATAAATCAGAAC,2
CTGGCACAGCGTAGGC,2
CTGGGATTGGAGAAAC,2
CTGGGCTGCCAATAAG,2
CTGGTATCAAGCCGGG,2
CTGTACATGCAGTTGA,2
CTGTACCTGAAGTTGA,2
CTGTACCTTCAGTTGA,2
CTGTGGGATTCAACTC,2
CTTAACTTGTCGATAT,2
CTTAAGTATTATATGC,2
CTTACAAAATACTAGA,2
CTTACAGAAGACGAGA,2
CTTACAGAAGACTAGA,2
CTTACAGAATAATAGA,2
CTTACAGAATACCAGA,2
CTTACAGAATACTATA,2
CTTACAGAGTACTAGA,2
CTTACAGAGTTTGTTG,2
CTTACAGGATACTAGA,2
CTTACTGAGCGAGAGT,2
CTTACTGCGAGAGAGT,2
CTTACTGCGCGAGATT,2
CTTAGATATTATATGC,2
CTTAGGTATCATATGC,2
CTTAGTTATTATATGC,2
CTTCGACTCTTGATTA,2
CTTCGGATCTTGATTA,2
CTTCGGCTCCTGATTA,2
CTTCGGCTCTTGATTG,2
CTTCGGCTCTTGGTTA,2
CTTCGGCTTTTGATTA,2
CTTCTGCTCTTGATTA,2
CTTGAGGCCTGGCCCC,2
CTTGGGTATTACATGC,2
CTTTAAATTAGAGTCT,2
CTTTAAATTATAGTCA,2
CTTTTATAGTACGCTT,2
CTTTTCTAGTACACTT,2
CTTTTCTAGTACGCGT,2
CTTTTCTAGTATGCTT,2
CTTTTCTATTACGCTT,2
CTTTTTTAGTACGCTT,2
GAAAAAAGGGACATAT,2
GAAAGCCCCGTGTAAT,2
GAAAGCCCCGTTCAAT,2
GAAAGCTGCAGAAGCG,2
GAAAGTACCTATGATG,2
GAAAGTCACTATGATG,2
GAAAGTCCATATGATG,2
GAAAGTCCCTACGATG,2
GAAAGTCCCTATGATT,2
GAAAGTCCCTATGGTG,2
GAAAGTCTCTATGATG,2
GAAATACCCAAATAAC,2
GAAATCCCAAAATAAC,2
GAAATCCCCAAAGAAC,2
GAACAATAGAACAGAG,2
GAACTGCGTATTGAGT,2
GAAGAAACGATAACCA,2
GAAGAAACTATAGCCA,2
GAAGGACGCTGAATGA,2
GAAGGGTAGAGATACG,2
GAAGGTCCCTATGATG,2
GAAGTGCGTATGGAGT,2
GAAGTGCGTATTGAAT,2
GAAGTGCGTATTGAGG,2
GAAGTGCTACTGAAGT,2
GAAGTGCTTCTGAAGT,2
GAAGTTCGTATTGAGT,2
GAATAATGGAACAGAG,2
GACAAAAGGGATATAT,2
GACCACTTGTAAGATG,2
GACCCCTGGTAAGATG,2
GACCCCTTGTAAAATG,2
GACCCCTTGTAAGAAG,2
GACCCCTTGTAAGATA,2
GACCCCTTGTAAGATT,2
GACCCCTTGTAATATG,2
GACCTTGGGGAGAGTC,2
GACGGGAGGGGCACGT,2
GACGGGATGGACACGT,2
GACGGGATGGGCACAT,2
GACGGGATGGGCACGG,2
GAGAGCCCCGTGCAAT,2
GAGAGCTGCAGAAGAG,2
GAGAGCTGCAGAATCG,2
GAGAGCTGCATAAGCG,2
GAGAGCTGCCAATAAG,2
GAGAGCTGTAGAAGCG,2
GAGAGTCCCTATGATG,2
GAGATTGCTATGGATC,2
GAGCGGTGATGTGATT,2
GAGGGATAGAGATACG,2
GAGGGCTGCAGAAGCG,2
GAGGGGATACGTCACT,2
GAGGGGATACTTCACC,2
GAGGGGATATGTCACC,2
GAGGGGCAGAGATACG,2
GAGGGGTAAAGATACG,2
GAGGGGTAGAGACACG,2
GAGGGGTAGTGATACG,2
GAGGGTTAGAGATACG,2
GAGGTCCCTATGTAAT,2
GAGGTGATACGTCACC,2
GAGTAATAGAACAGAG,2
GAGTGGTAGAGATACG,2
GATCACGAAGAAAAAG,2
GATCACGCAGAAAAAA,2
GATCACGCAGAAGAAG,2
GATCACGCAGAGAAAG,2
GATCGACACTGATAAG,2
GATCGCAACTGATAAG,2
GATCGCAATCGACTTC,2
GATCGCCAATGATAAG,2
GATCGCCACGGATAAG,2
GATCGCCACTTATAAG,2
GATCGCCATCGACTTG,2
GATCGCCATTGACTTC,2
GATCGCCGTCGACTTC,2
GATCTTGCTATGGATC,2
GATCTTGGGTAGAGTC,2
GATCTTGGTGAGAGTC,2
GATGCGAGCATGTCAA,2
GATGGGTAGAGATACG,2
GATTCAGATGCCAACC,2
GCAAAAAGTGTAGTTG,2
GCAAACAGCGTAGTTG,2
GCAAACAGTGAAGTTG,2
GCAAACAGTGTAGTTT,2
GCAAACAGTTTAGTTG,2
GCAACGAGTTGTAACC,2
GCAAGCAAAGTTGACC,2
GCAGAGTGCCGGTCAT,2
GCAGCGTGACGGTCAT,2
GCAGCGTGCCGATCAT,2
GCAGCGTGCCGTTCAT,2
GCAGCTGCGGCGTGTG,2
GCAGGGAACTAACTCC,2
GCAGTACGATCTACGC,2
GCATCCCCAACTCCTA,2
GCATCCTCAACTCCTG,2
GCATCCTCAACTCTTA,2
GCATCCTTAACTCCTA,2
GCATCGTGCCGGTCAT,2
GCATCTTCAACTCCTA,2
GCATGGAACTAGCTCC,2
GCCAACTCGTATCCCT,2
GCCAGCGCGGTAAGAG,2
GCCAGCTAGTATCCCT,2
GCCAGCTCATATCCCT,2
GCCAGCTCGCATCCCT,2
GCCAGCTCGTATCCCA,2
GCCAGCTCTTATCCCT,2
GCCATTGACTGAAGGG,2
GCCATTTACGGAAGGG,2
GCCATTTACTGAAGGA,2
GCCATTTACTGAAGTG,2
GCCATTTACTGAATGG,2
GCCCCCGGAGCTTGGC,2
GCCGGCGCTAGTGTCA,2
GCCGGCGTTAGCGTCA,2
GCCGGCGTTAGGGTCA,2
GCCGGCGTTAGTGCCA,2
GCCGTCGTTAGTGTCA,2
GCCGTTGTACACACCA,2
GCCTAAAGGATCATGG,2
GCCTTTGCGCACAGTC,2
GCGAAGTTTCATAGCT,2
GCGAAGTTTCATAGTG,2
GCGAAGTTTCATATCG,2
GCTCCATCTCAGATCG,2
GGAAGCAAAGTTGACC,2
GGACCCAGTTCCTGCG,2
GGATGGAACTAACTCC,2
GGCAAGTTACGGATGG,2
GGCATTTACTGAAGGG,2
GGCTCCTGGGGTATCA,2
GGGACCCTAGATGGTA,2
GGGGTATCAAGCCGGG,2
GGTATTTGCGCTTCAA,2
GGTCCATCTCAAATCG,2
GGTCCATCTCAGATAC,2
GGTCCATCTTAGATCG,2
GGTCTATCTCAGATCG,2
GGTGTACCCTTCAGCA,2
GGTTCATCTCAGATCG,2
GTAAGCAAAGGTGACC,2
GTAAGCAAAGTTGACT,2
GTAAGCCTCATGGAGT,2
GTAAGCGTCATGGAGT,2
GTAAGCTTCATGGGGT,2
GTAAGCTTGGCGCATC,2
GTAATCAAAGTTGACC,2
GTACAAACCTGCAAAA,2
GTACAAACCTGCATAT,2
GTACAAACCTGGAAAT,2
GTACAAGCCTGCAAAT,2
GTACCCAGCTCCTGCG,2
GTACCCAGTTCATGCG,2
GTACCCAGTTCCTGGG,2
GTACCTAGTTCCTGCG,2
GTACGAATTTGATTCC,2
GTACGATTGTCCGGAA,2
GTACTAACCTGCAAAT,2
GTAGAACTGCGCCCCC,2
GTAGAACTGCGGCACC,2
GTAGAGCTGCGGCCCC,2
GTAGATACTAGGAACA,2
GTAGATACTAGGACCT,2
GTAGATACTAGGGCCA,2
GTAGATACTGGGACCA,2
GTATATTGCCCGGAAG,2
GTATCCAGTTCCTGCG,2
GTCAAAAGGGACATAT,2
GTCAAGTTACAGATGG,2
GTCAAGTTACGGATTG,2
GTCAAGTTATGGATGG,2
GTCAGGATAATCGCGC,2
GTCGAGTTACGGATGG,2
GTCGCATCCCGGAATG,2
GTCGCCACTAATCCGA,2
GTCGCTGCGGCGTGTG,2
GTCGGCGTTAGTGTCA,2
GTGAGCAAAGTTGACC,2
GTGAGCGAGAAAAGAA,2
GTGAGCGAGAAAAGCG,2
GTGAGCGAGAAAATCA,2
GTGAGCGAGAAAGGCA,2
GTGAGCGATAAAAGCA,2
GTGAGCTGCCAATAAG,2
GTGCGAGTGTCCGGAA,2
GTGCGATTGCCCGGAA,2
GTGCGATTGTACGGAA,2
GTGCGATTGTCCAGAA,2
GTGCGATTGTCCGGAT,2
GTGCGATTGTCCGGGA,2
GTGCGATTGTCCGGTA,2
GTGCGATTGTCCGTAA,2
GTGCGGTTGTCCGGAA,2
GTGGGATCAAGCCGGG,2
GTGGGATTGTCCGGAA,2
GTGGGCGAGAAAAGCA,2
GTGGTAGCAAGCCGGG,2
GTGGTATCAACCCGGG,2
GTGGTATCAAGCCACT,2
GTGGTATCAAGCCGAG,2
GTGGTATCAAGCCGCG,2
GTGGTATCAAGCCGGA,2
GTGGTATCAAGGCGGG,2
GTGGTATTAAGCCGGG,2
GTTACAGAATACTAGA,2
GTTATTACGACTTCAT,2
GTTATTATGACCTCAT,2
GTTATTATGACTGCAT,2
GTTATTATGACTTCGT,2
GTTCATCCTAGTGACG,2
GTTGCTCCGAAACGCC,2
GTTGCTCCGACACCCC,2
GTTGCTCCGACACGCA,2
GTTGCTCCGACACGCT,2
GTTGCTCCGACACGTC,2
TAAAAAGCCTCTATGA,2
TAAAAATCCTCCATGA,2
TAACATGATTTCTCGA,2
TAACGAATTTGATTCC,2
TAACGTGATGTCGCGA,2
TAACGTGATTTCCCGA,2
TAACGTGATTTCGCGA,2
TAACGTTATTTCTCGA,2
TAAGAAGCCAGCAAGA,2
TAAGTGCGTATTGAGT,2
TAATAAGCCAGCAATA,2
TAATAAGCCAGCGAGA,2
TAATAAGTCAGCAAGA,2
TACAAGAGAGGGGTCT,2
TACATACAGACGCAGT,2
TACATACCAACGCAGT,2
TACATACCGACGAAGT,2
TACATACCGACGCAAT,2
TACATATCGACGCAGT,2
TACCAATGCCGTTGTC,2
TACCAATGTCATTTGG,2
TACCCCTTGTAAGATG,2
TACCCTGCAAGCCACA,2
TACCCTTCAAGCCACT,2
TACCTGCTGAGGAACG,2
TACCTTCTGCGGAACG,2
TACGGCCGGCGAACTC,2
TACGGGATGGGCACGT,2
TACTAATAACCCTGCG,2
TACTAATGCCTTTGTC,2
TACTAATGTCGTTGTC,2
TACTAATTCCGTTGTC,2
TACTAGCAATAAAGTC,2
TACTGAGAACCCTGCG,2
TACTGATAACCCTGGG,2
TACTGATAGCCCTGCG,2
TACTGATGCCGTTGTC,2
TAGAACGAAGTAGGAG,2
TAGAATCGTCACCGAT,2
TAGCCGATAGTAACTC,2
TAGCCTGCAAGCCACT,2
TAGCGTGATTTCTCGA,2
TAGCTGATAGTAACTA,2
TAGGGGAACGGGAAGC,2
TAGTAGTTGTCATGGG,2
TAGTATTGTCGGAAAG,2
TAGTCCGTTGGGAACT,2
TATCCAAGGGACGGGC,2
TATCCAGGGGACGGAC,2
TATCTTGGGGAGAGTC,2
TATGCCGTATCCACAG,2
TATGCGAGCATGTCAA,2
TATGTCGGATCCACAG,2
TATGTCGTACCCACAG,2
TATGTCGTATCAACAG,2
TATGTCGTATCCAAAG,2
TATGTCGTATCCACAC,2
TATGTCGTATCCACCG,2
TATGTTGTATCCACAG,2
TATTAAGAGAAATGCG,2
TATTAAGAGAAGCGCG,2
TATTAAGAGAATTGCG,2
TATTAAGAGGAGTGCG,2
TATTAGAGTGAACGAT,2
TATTCATAACTAGCGA,2
TATTCCTAAATAGCGA,2
TATTCCTAACTAGTGA,2
TCAAGCGGGGGCTAAA,2
TCACGAATTTGATTCC,2
TCACGACTCGACGAAC,2
TCAGCGTGCCGGTCAT,2
TCATAGGTGTACGAGA,2
TCATATTAGGCGGCAT,2
TCATCCGTTGGGAACT,2
TCATCTTTTACATTTA,2
TCATGGATGTACGAGA,2
TCATGGGGGTACGAGA,2
TCATGGGTGTACAAGA,2
TCATGGGTTTACGAGA,2
TCATGGTTGTACGAGA,2
TCATTACCACTGCATC,2
TCCAACGCGGTAAGAG,2
TCCAGCAATGAGTTGT,2
TCCAGCGCGGTAATAG,2
TCCATCGCGGTAAGAG,2
TCCGCTGCGGCGTGTG,2
TCCGGAAACGATCCCC,2
TCCGGCGTTAGTGTCA,2
TCCTATTAGGCGGCAT,2
TCGAACGAAGTATGAG,2
TCGAATGAAGTAGGAG,2
TCGACTCACCGAATAA,2
TCGAGCGAAGTAGGAG,2
TCGAGCGCGGTAAGAG,2
TCGAGTTAATATGAGC,2
TCGAGTTAATATGCGT,2
TCGATTCAACTAAAAA,2
TCGCTTCAACTAAAAC,2
TCGCTTCAACTAAAGA,2
TCGCTTCGACTAAAAA,2
TCGGACGAAGTAGGAG,2
TCGTCCGCTGGGAACT,2
TCGTCCGTGGGGAACT,2
TCGTCCGTTAGGAACT,2
TCGTCCGTTGGGAACG,2
TCGTCCGTTGGGAATT,2
TCGTCGAACTACTGCT,2
TCGTCTGTTGGGAACT,2
TCGTGTCTCCGAGCAA,2
TCGTTCGTTGGGAACT,2
TCGTTTCAACTAAAAA,2
TCTAAATCTCGCGGCA,2
TCTAACGAAGTAGGAG,2
TCTAACTCTCAGATAC,2
TCTAACTCTTGCGGCA,2
TCTAAGTCCTCGTATG,2
TCTAATTCTCGCGGCA,2
TCTAGCTCTCGCGGCA,2
TCTCAGCTCCTAGCCG,2
TCTCATCTCTTAGCCG,2
TCTGGAAACGATACCC,2
TCTGGAAACGATCCCT,2
TCTGGAAACGATCTCC,2
TCTGGAAACTATCCCC,2
TCTGTAAACGATCCCC,2
TCTTAACATAGCGATG,2
TCTTAATCCTCGTATG,2
TCTTAGAGTGAACAAT,2
TCTTAGAGTGAACTAT,2
TCTTAGTCCTCGCATG,2
TCTTAGTCCTCGGATG,2
TCTTAGTCCTCGTAGG,2
TCTTAGTCCTCTTATG,2
TCTTATTAGGCGCCAT,2
TCTTATTAGGCGTCAT,2
TCTTATTAGGTGGCAT,2
TCTTATTAGTCGGCAT,2
TCTTCGCACTACTGCT,2
TCTTGTTAGGCGGCAT,2
TCTTTACCACAGCATC,2
TCTTTACCACGGCATC,2
TCTTTACCACTGCACC,2
TCTTTACCACTGCGTC,2
TGAACCGCAGACACGT,2
TGACCGCCAGTTTCGT,2
TGATCCCAGGTCCTTT,2
TGATCCTTTACATTTA,2
TGATCTGTGACATTTC,2
TGATCTTTGACATTGC,2
TGATCTTTTAAATTTA,2
TGATCTTTTACATTCA,2
TGCAGCGCGGTAAGAG,2
TGCAGCGGTATACATA,2
TGCAGTGGTAGACATA,2
TGCAGTGGTATACATT,2
TGCATTGGTATACATA,2
TGCCATTCCGGCGCGG,2
TGCGGAGCGCCCTTAC,2
TGCGGTGGTAGATCCG,2
TGCGGTGGTCCATCCG,2
TGCGGTGGTCGAGCCG,2
TGCGGTGGTCGATCCC,2
TGCGGTGGTCGATCTG,2
TGCGGTGGTCTATCCG,2
TGCGTTGGTCGATCCG,2
TGCTAATGCCGTTGTC,2
TGCTATTCCAGCGCGG,2
TGCTATTCCGGAGAGG,2
TGCTATTCCGGCGCAG,2
TGCTATTCCGGCGCGT,2
TGCTATTCCGGCGTGG,2
TGCTATTCTGGCGCGG,2
TGCTCCTGGGGTATCA,2
TGCTGAGCCAGTCTGA,2
TGGAACGAAGTAGGAG,2
TGGAATCATCACCGAT,2
TGGAATCGTCGCCGAT,2
TGGAATTGTCACCGAT,2
TGGACTATAGTTGGCA,2
TGGCCGGATAAAGTAG,2
TGGTGAGCCAGTCTGA,2
TGTAACTCTCGCGGCA,2
TGTAATAGGCATCACA,2
TGTAATAGGCGGCACA,2
TGTAATAGGCGTCACT,2
TGTAATAGGCGTCATA,2
TGTAATAGTCGTCACA,2
TGTAATATGCGTCACA,2
TGTAATCGTCACCGAT,2
TGTACGGATAAAGTAG,2
TGTAGAGCGCCCTTAC,2
TGTCCGGATAAAGGAG,2
TGTCCTGATAAAGTAG,2
TGTCGAGCCAGTCTGA,2
TGTCTGGATAAAGTAG,2
TGTGGAGCCAGTCTGA,2
TGTGGAGCGACCTTAC,2
TGTGGAGCGCCCTTAA,2
TGTGGAGCGCCCTTGC,2
TGTGGAGGGCCCTTAC,2
TGTTAAGAGAAGTGCG,2
TGTTCAGCGATAACGG,2
TGTTGACATAGCGATG,2
TGTTGAGCCAGTCTAA,2
TGTTTAGCCAGTCTGA,2
TTAAGCAAAGTTGACC,2
TTAATGTAGCCGCTCA,2
TTAATGTAGCCGCTCT,2
TTAATGTAGCCTCTCC,2
TTACACGCATGTGCCA,2
TTACCTGTAGAGCGCT,2
TTACGAATTGGATTCC,2
TTACGAATTTGATTTC,2
TTACGAATTTGGTTCC,2
TTACGACTCGACTAAC,2
TTAGCACAGCGTAGGC,2
TTATATTGCCCGGAAG,2
TTATCCGTAGAGCGCT,2
TTATCGGTAGAGCGCT,2
TTATCTGCAGAGCGCT,2
TTATCTGGAGAGCGCT,2
TTATCTGTAGAGTGCT,2
TTATCTTTAGAGCGCT,2
TTATGAATTTGATTCC,2
TTCATATCGAGATTCA,2
TTCCGTCCAGACTCGT,2
TTCTGCCCAGACTCGT,2
TTCTGTACAGACTCGT,2
TTCTGTCCAGAATCGT,2
TTCTGTCCAGACGCGT,2
TTCTGTCCAGAGTCGT,2
TTGAGGAACGGGAAGC,2
TTGCAATTGAGACATA,2
TTGCTCCCGAGTAGTA,2
TTGCTCCTGAGTACTA,2
TTGCTCCTGAGTAGCA,2
TTGCTCCTGAGTAGTG,2
TTGCTCCTGAGTATTA,2
TTGGGAAACGGGAAGC,2
TTGGGAACTAAATTAA,2
TTGGGGAACGAGAAGC,2
TTGGGGAACGGGAAAC,2
TTGGGGATACGTCACC,2
TTGGGGGATTCAACTC,2
TTGGGGGCCTGGCCCC,2
TTGGTCACTAAATTAA,2
TTGGTGAACGGGAAGC,2
TTGTATCAGTAGAGCC,2
TTGTATCAGTCGCGCT,2
TTGTATCAGTGGCGCC,2
TTGTATCGGTCGCGCC,2
TTGTCTGTAGAGCGCT,2
TTTAGATCCAACACCA,2
TTTAGGTATTATATGC,2
TTTATAGCCAACACCA,2
TTTATATCCAAAACCA,2
TTTATATCCAACAACA,2
TTTATATCGAGACTCA,2
TTTATATCGAGATGCA,2
TTTATATCTAACACCA,2
TTTCAACGTTGTTTTG,2
TTTCACAGAAACTATC,2
TTTCACAGAGCCTATC,2
TTTCAGCGTTGTTATG,2
TTTCAGCGTTTTTTTG,2
TTTCGCAGAACCTATC,2
TTTCGTTATACTCACA,2
TTTCTTGATACTCACA,2
TTTGAGCGTTGTTTTG,2
TTTGTATCGAGATTCA,2
TTTTAGCGTTGTTTTG,2
TTTTGAGCCAGTCTGA,2
AAAAAAAGGGACATAT,1
AAAAAAGCCTCCATGA,1
AAAAAATATATGACAA,1
AAAAAATCTATGACAA,1
AAAAAATGTAGGACAA,1
AAAAAATGTATGACAA,1
AAAAAATTAATGACAA,1
AAAAAATTGAGGACAA,1
AAAAAATTTATGACAT,1
AAAAAATTTATGACCA,1
AAAAAATTTATGACTA,1
AAAAAATTTATGATAA,1
AAAAAATTTTTGACAA,1
AAAACCATAAGACCCC,1
AAAATCTGAACCATAC,1
AAACACATAAGACCCC,1
AAACCCACAAGACCCC,1
AAACCCAGTTCCTGCG,1
AAACCCATAAAACCCC,1
AAACCCATAAGAACCC,1
AAACCCATAAGACACC,1
AAACCCATAAGACCAC,1
AAACCCATAAGACTCC,1
AAACCCATAAGGCCCC,1
AAACCCATAGGACCCC,1
AAACCGATAAGACCCC,1
AAACCTATAAGACCCC,1
AAACCTCTTTTCGTTC,1
AAACGGTGATGTGATT,1
AAACTCATAAGACCCC,1
AAAGAAACTATAACCA,1
AAAGACCTTTAGCTCT,1
AAAGCGAGCATGTCAA,1
AAAGCTCCTTTCGTTC,1
AAAGCTCTTTTCCTTC,1
AAAGCTCTTTTCGGTC,1
AAAGGAGCGCCTTCAA,1
AAAGGCACGCCTTCAA,1
AAAGGCGCACCTTCAA,1
AAAGGCGCCCCTTCAA,1
AAAGGCGCGACTTCAA,1
AAAGGCGCGCCCTCAA,1
AAAGGCGCGCCTTAAA,1
AAAGGCGCGCCTTCGA,1
AAAGGGCCTCATAATG,1
AAAGGGGCGCCTTCAA,1
AAAGTACGATCTACGC,1
AAAGTACGCTGAATGA,1
AAAGTGCGTATTGAGT,1
AAATGCTTAATAGACG,1
AAATGTCTAATAGACG,1
AAATGTTGAATAGACG,1
AAATGTTTAATAGAAG,1
AAATGTTTAATAGACA,1
AAATGTTTAATAGACC,1
AAATGTTTAATAGACT,1
AAATGTTTAATATACG,1
AAATTCACAAGAGCCA,1
AACAAGTAGAACCGCC,1
AACACCTAGAACCGCC,1
AACACGTAGAACCCCC,1
AACACGTAGAACCGTC,1
AACAGAAATCCAGGTA,1
AACAGAACTCCATGTA,1
AACAGAAGGCCAGGTA,1
AACAGAAGTCCAGGGA,1
AACAGAAGTCGATGTA,1
AACAGAAGTCTATGTA,1
AACAGAAGTTCATGTA,1
AACAGCCGGCGAACTC,1
AACCAATCTTCGAACT,1
AACCACCCAGTGACCG,1
AACCACCGAATGACCG,1
AACCACCGAGCGACCG,1
AACCACCGAGTGACAA,1
AACCACCGAGTGAGCG,1
AACCACGCAGAAAAAG,1
AACCAGCGAGTGACCG,1
AACCATCAGCACCTAG,1
AACCATCGAGTGACCG,1
AACCCACGAGACGTAA,1
AACCCATGCTGGGGAT,1
AACCGATTTAAAGGCA,1
AACCGCCGAGTGACCG,1
AACCGCGTTCATCGAT,1
AACCGCTGGCACCCGT,1
AACCTAAGAGACGTAA,1
AACCTACGACACGTAA,1
AACCTACGAGAAGTAA,1
AACCTACGAGACGCAA,1
AACCTACGAGACGTAG,1
AACCTACGAGACGTGA,1
AACCTATGAGACGTAA,1
AACCTCCCTGACTGCT,1
AACCTCCGAGTGACCG,1
AACCTCCGTCGCCTGA,1
AACCTGCGAGACGGAA,1
AACCTGCTGCGGAACG,1
AACGAATGGGTGAGCT,1
AACGACAAACAATAAG,1
AACGACAAACACTAAG,1
AACGACAAACAGATAG,1
AACGACAAACTGTAAG,1
AACGACATACAGTAAG,1
AACGACCGAGTGACCG,1
AACGCGTAGAACCGCC,1
AACGCGTAGAACCTCC,1
AACGGAAGTCCATGTA,1
AACGGCTCCGACTAAG,1
AACGGGATGGGCACGT,1
AACGGTGCCGACTAAG,1
AACGGTTCACGAATAA,1
AACGGTTCCGACCAAG,1
AACGGTTCCGACTTAG,1
AACGGTTCCGAGTAAG,1
AACGGTTCCGATTAAG,1
AACGTTGTACACACCA,1
AACTCCCCTGACTGCT,1
AACTCGTGAGTACTAG,1
AACTGAATTAAGTATG,1
AACTGAGTTCATCGAT,1
AACTGATAACCCTGCG,1
AACTGCATTCATCGAT,1
AACTGCCTTCATCGAT,1
AACTGCGGTCATCGAT,1
AACTGCGTTAATCGAT,1
AACTGCGTTCATCAAT,1
AACTGCGTTCATCGAC,1
AACTGCGTTCATCGCT,1
AACTGCGTTCATTGAT,1
AACTGCGTTCGTCGAT,1
AACTGCGTTTATCGAT,1
AACTGTGTTCATCGAT,1
AACTTACGAGACGTAA,1
AACTTCCCCGACTGCT,1
AACTTCCCGGACTGCT,1
AACTTCCGTCGCATGA,1
AAGAAAGAAACTGGAG,1
AAGAAGACTGTGTGAT,1
AAGAAGACTTGGGGAT,1
AAGAAGACTTTGGGAT,1
AAGAAGACTTTGTGAC,1
AAGAAGACTTTGTGGT,1
AAGAAGACTTTTTGAT,1
AAGAAGCGATAGAAGT,1
AAGAAGCTACAGAAGT,1
AAGAAGCTATAGAAAT,1
AAGAAGCTATAGGAGT,1
AAGAAGCTATGGAAGT,1
AAGAAGCTATTGAAGT,1
AAGAAGCTGTAGAAGT,1
AAGAAGTGATAGAAGT,1
AAGAATCTATAGAAGT,1
AAGACTGATTGAAGTT,1
AAGAGGCCTCATAATG,1
AAGATTAATTGAAGTT,1
AAGATTGAATAGGCGA,1
AAGATTGATGGAAGTT,1
AAGATTGATTGAAGGT,1
AAGATTGATTGAAGTC,1
AAGATTGGTTGAAGTT,1
AAGATTTATTGAAGTT,1
AAGCCCAGAGGGTGAT,1
AAGCCCAGCGGGGGAT,1
AAGCCCAGCGGGTTAT,1
AAGCCCGGCGGGTGAT,1
AAGCGGCGATGTGATT,1
AAGCGGGGAGGGGATT,1
AAGCGGTAATGTGATT,1
AAGCGGTGATATGATT,1
AAGCGGTGATGTAATT,1
AAGCGGTGATGTGATA,1
AAGCGGTGATGTGGTT,1
AAGCGGTGATGTTATT,1
AAGCGGTGATTTGATT,1
AAGCGGTGGCACCCGT,1
AAGCGGTGGTGTGATT,1
AAGCGGTTATGTGATT,1
AAGCGTTGATGTGATT,1
AAGCTCCCTATGTAAT,1
AAGGGCGCGCCTTCAA,1
AAGGGGATACGTCACC,1
AAGGGGCCGCATAATG,1
AAGGGGCCTATGTAAT,1
AAGGGGCCTCACAATG,1
AAGGGGCCTCATAAGG,1
AAGGGGCCTCATAATC,1
AAGGGGCCTCATAGTG,1
AAGGGGCCTCATATTG,1
AAGGGGTCTCATAATG,1
AAGGGTCCTCATAATG,1
AAGGGTTCCGACTAAG,1
AAGGTAGTAGACCCAC,1
AAGGTCCCGATGGAAT,1
AAGGTCCCTAGGGAAT,1
AAGGTCCCTATGTAAC,1
AAGGTCCCTATTTAAT,1
AAGGTCCCTCTGTAAT,1
AAGGTCTGGATGGGAT,1
AAGGTGCCTCATAATG,1
AAGTATGGCTACACAT,1
AAGTATTGCTACACAA,1
AAGTATTTCTACACAT,1
AAGTCGTGAGGACGAG,1
AAGTGCGTTCATCGAT,1
AAGTGGCCTCATAATG,1
AAGTGGTGATGTGATT,1
AAGTTACTAGACCCAC,1
AAGTTAGGAGACCCAC,1
AAGTTAGTACACCCAC,1
AAGTTAGTAGAACCAC,1
AAGTTAGTAGACACAC,1
AAGTTAGTAGACCCAG,1
AAGTTAGTAGACCCAT,1
AAGTTAGTAGACCCGC,1
AAGTTAGTAGGCCCAC,1
AAGTTAGTATACCCAC,1
AAGTTCAGACTCTTGC,1
AAGTTGTGATGTGATT,1
AATAAAACAATCGAAC,1
AATAAGCTATAGAAGT,1
AATATTTGCGCTTCAA,1
AATCAAACAATCGAAC,1
AATCACCTATATGTAA,1
AATCCCTGGCACCCGT,1
AATCCGAATGGGGTAG,1
AATCCGTGAGTACTAG,1
AATCGCCACTGATAAG,1
AATCGCTCGCACCCGT,1
AATCGCTGCCACCCGT,1
AATCGCTGGCAACCGT,1
AATCGCTGGCACGCGT,1
AATCGCTGGCATCCGT,1
AATCGCTGGCGCCCGT,1
AATCGCTGGGACCCGT,1
AATCTGGCTCGCTAAT,1
AATGAAACAATAGAAC,1
AATGAAACAATCCAAC,1
AATGAAACAATTGAAC,1
AATGAAACGATCGAAC,1
AATGAAGCAATCGAAC,1
AATGAGACAATCGAAC,1
AATGCAAGCATGTCAA,1
AATGCGAGCACGTCAA,1
AATGCGAGCATATCAA,1
AATGCGAGCATGACAA,1
AATGCGAGCATGCCAA,1
AATGCGAGCATGTCAG,1
AATGCGAGCATGTCAT,1
AATGCGAGCATGTCGA,1
AATGCGAGCATGTTAA,1
AATGCGTGAGGACTAG,1
AATGCTAGCATGTCAA,1
AATGGCTGGCACCCGT,1
AATGGGCCTCATAATG,1
AATGGTTCCGACTAAG,1
AATGTTGGCTTGGTTA,1
AATTCGCGAGTACTAG,1
AATTCGGGAGTACGAG,1
AATTCGTGAGCACTAG,1
AATTCGTGAGTACTAA,1
AATTCTTGAGTACTAG,1
AATTGAACGTCAGACC,1
AATTGGGGTCTCCCTT,1
AATTTAGTAGACCCAC,1
AATTTGTGAGTACTAG,1
AATTTTTATAACTTGC,1
ACAAAGTCTCGAGAGG,1
ACAAAGTCTCGAGGAG,1
ACAAAGTTTCGAGAAG,1
ACAACCTGAACCATAC,1
ACAACGAGGTGTAACC,1
ACAAGATGAGGGGGAC,1
ACAAGATTCAGGGGAC,1
ACAAGATTCGGAGGAC,1
ACAAGATTCGGGAGAC,1
ACAAGATTCGGGGGAG,1
ACAAGATTCGGGGTAC,1
ACAAGATTCGGGTGAC,1
ACAAGATTCGGTGGAC,1
ACAAGATTGGCGCATC,1
ACAAGATTGGGGGGAC,1
ACAAGCGGAACCATAC,1
ACAAGGAACTAACTCC,1
ACAAGGTTCGGGGGAC,1
ACAATATTCGGGGGAC,1
ACAATCCACCATTGAG,1
ACAATCGGAACCATAC,1
ACAATCTGAACCATCC,1
ACAATCTGAACCGTAC,1
ACAATCTGAACCTATC,1
ACAATCTGAACCTTAC,1
ACAATCTGAACTATAC,1
ACAATGTGAACCATAC,1
ACACAGGTTGGCTGTA,1
ACACGAGTTGGCTGTA,1
ACACGGCTTGGCTGTA,1
ACACGGGCTGGCTGTA,1
ACACGGGGTGGCTGTA,1
ACACGGGTTGGCAGTA,1
ACACGGGTTGGCTGTT,1
ACACGGGTTGGGTGTA,1
ACACTACGATCTACGC,1
ACACTTTCCAATAGGT,1
ACAGCACGATCTACGC,1
ACAGCGTGCCGGTCAT,1
ACAGGGGTTGGCTGTA,1
ACAGTACGATCTACGA,1
ACAGTACGATCTACGT,1
ACAGTCCACAATTGAG,1
ACAGTCCACCACTGAG,1
ACAGTCCACCAGGGAG,1
ACAGTCCACCATTGTG,1
ACAGTCCATCATTGAG,1
ACAGTCCGCCATTGAG,1
ACAGTCGACCATTGAG,1
ACAGTTCACCATTGAG,1
ACATAATTCGGGGGAC,1
ACATTTGCCAATAGGT,1
ACATTTTACAATAGGT,1
ACATTTTCAAATAGGT,1
ACATTTTCCAATATGT,1
ACATTTTGCAATAGGT,1
ACCACGAGGCTACGTA,1
ACCAGAAGTTGCCAAG,1
ACCAGCAAGGAGGTGT,1
ACCAGCAAGGAGTTGT,1
ACCAGCAATGACTTGT,1
ACCAGCAATGAGGTGG,1
ACCAGCAATGAGTCGT,1
ACCAGCAATGAGTGGT,1
ACCAGCAATGAGTTAT,1
ACCAGCAATGAGTTCT,1
ACCAGCAATGAGTTGG,1
ACCAGCAGTGAGTTGT,1
ACCAGCATTGGTCGCC,1
ACCAGCGATGAGTTGT,1
ACCAGTAATGAGTTGT,1
ACCATTGTACACACCA,1
ACCCACCGAGTGACCG,1
ACCCCCGGAGCCTGGC,1
ACCCCCGGAGCTTTGC,1
ACCCCGCTGTTTAAAA,1
ACCGAACGAATCATCC,1
ACCGAATGAAACATCC,1
ACCGAATGAACCATCC,1
ACCGAATGAATCAACC,1
ACCGAATGAATCACCC,1
ACCGAATGAATCATGC,1
ACCGAATGAATCTTCC,1
ACCGAATGAATGATCC,1
ACCGAATGTATCATCC,1
ACCGACAAACAGTAAG,1
ACCGACACCCTTCCGG,1
ACCGATTCAAGAATAA,1
ACCGATTCACCAATAA,1
ACCGATTCACGAACAA,1
ACCGATTCACGAGTAA,1
ACCGCCGGAGCTTGGC,1
ACCGGAAGTTGACAAG,1
ACCGGCAATGAGTTGT,1
ACCGTCTAGAAATTTT,1
ACCGTGGTACACACCA,1
ACCGTTGTACACAACA,1
ACCGTTGTACACACCG,1
ACCGTTGTACACACCT,1
ACCGTTGTACGCACCA,1
ACCGTTGTGCACACCA,1
ACCGTTTTACACACCA,1
ACCTATTCACGAATAA,1
ACCTCCTGGGGTATCA,1
ACCTTTACGGATCTCT,1
ACGAAGTTTCATAGCG,1
ACGAGGATTGGCTGTT,1
ACGATCTGAACCATAC,1
ACGCATGATTTTCGAG,1
ACGCCCGGAGCTTGGC,1
ACGCGTCTCCGAGCAA,1
ACGCTTCAACTAAAAA,1
ACGGCCCACGGGCATA,1
ACGGGCATTGGCTGTT,1
ACGGGGACTGGCTGTT,1
ACGGGGATTGGCCGTT,1
ACGGGGATTGGCGGGT,1
ACGGGGATTGGCGGTT,1
ACGGGGATTGGCTCTT,1
ACGGGGATTGGCTGTG,1
ACGGGGATTGGTTGTT,1
ACGGGGCCTCATAATG,1
ACGGGGGTTAAGATCA,1
ACGGGGGTTGGCTGTT,1
ACGGGTATTGGCTGTT,1
ACGGTCCACCATTGAG,1
ACGGTCTAGAAAGTGT,1
ACGGTGATTGGCTGTT,1
ACGTACGATTTTCGAG,1
ACGTAGGATGTTCGAG,1
ACGTATCTCCGAGCAA,1
ACGTATGAAATAAGCT,1
ACGTATGATGTTCGAG,1
ACGTATGATTGTCGAG,1
ACGTATGATTTCTCGA,1
ACGTATGATTTTCTAA,1
ACGTATGATTTTGGAG,1
ACGTATGGTTTTCGAG,1
ACGTATTATTTTCGAA,1
ACGTATTATTTTCGAG,1
ACGTCCAGTAAGATCA,1
ACGTCCATAAAGATCA,1
ACGTCCATTAAGACCA,1
ACGTCCATTAAGATTA,1
ACGTCCATTGAGATCA,1
ACGTGCCTCCGAGCAA,1
ACGTGCGCGGCTCGGG,1
ACGTGTCTCCCAGCAA,1
ACGTGTCTCCGAGCGA,1
ACGTGTCTCCGATCAA,1
ACGTGTCTCGGAGCAA,1
ACGTGTGATTTTCGAG,1
ACGTTAGTAGACCCAC,1
ACGTTCATTAAGATCA,1
ACTAAACATGCATTGG,1
ACTACAGAATACTAGA,1
ACTACGAGACTACGTA,1
ACTACGAGGCCACGTA,1
ACTACGAGGCTACGCA,1
ACTACGAGGCTACGGA,1
ACTACGAGGCTATGTA,1
ACTACGAGGCTGCGTA,1
ACTACGAGGTTACGTA,1
ACTAGGGCTACGTGAG,1
ACTATCTAGAAATTTT,1
ACTCCGAATGGGGTAG,1
ACTCCGGCTCGCTAAT,1
ACTCTGGCCCGCTAAT,1
ACTCTGGCGCGCGAAT,1
ACTCTGGCGCGCTAAT,1
ACTCTGGCTCGATAAT,1
ACTCTGGCTCGCAAAT,1
ACTCTGGCTCGCTAAC,1
ACTCTGGCTCGCTAGT,1
ACTCTGGCTCGCTATT,1
ACTCTGGCTCGCTGAT,1
ACTCTGGCTGGCTAAT,1
ACTCTGGCTTGCTAAT,1
ACTGGCGAGAAATGGT,1
ACTGTCAAGAAATTTT,1
ACTGTCTAGAAAGTTG,1
ACTGTCTAGAAATTAT,1
ACTGTCTAGAAATTTA,1
ACTGTCTAGAAATTTG,1
ACTGTCTCTAAATTTT,1
ACTGTCTGAACCATAC,1
ACTTGGGGTCTCCCTT,1
ACTTTACCACTGCATC,1
AGAAAACATGCATTGG,1
AGAAAAGCTCAGAGAC,1
AGAAAATCTCACATAC,1
AGAAAATCTCAGACAC,1
AGAAAATCTCAGATAG,1
AGAAAATCTCAGATAT,1
AGAAAATCTCAGATCG,1
AGAAAATCTGAGATAC,1
AGAACTGAGGGCAGTG,1
AGAAGATTCGGGGGAC,1
AGAAGTATGAAGAGCG,1
AGACGGGTTGGCTGTA,1
AGACGTTTAGATAGTT,1
AGACTCCACGGACGCC,1
AGAGCCCAGGTCCTGT,1
AGAGTCCACCATTGAG,1
AGATAAAAAACGTAGG,1
AGATAAAAAACTTAGT,1
AGATCACAGGTCCTTT,1
AGATCCAACCTATAGT,1
AGATCCACCCTATAAT,1
AGATCCACCCTATAGC,1
AGATCCACCCTTTAGT,1
AGATCCACCGTATAGT,1
AGATCCACTCTATAGT,1
AGATCCATCCTATAGT,1
AGATCCCAAGTCCTTT,1
AGATCCCAGATCCTTT,1
AGATCCCAGGCCCTTT,1
AGATCCCAGGTCCATT,1
AGATCCCAGGTCCTCT,1
AGATCCCAGGTCCTTC,1
AGATCCCAGGTCCTTG,1
AGATCCTAGGTCCTTT,1
AGATCCTGGGGTATCA,1
AGATCGCCAGTTTCGT,1
AGATCTCAGGTCCTTT,1
AGCAACATCGCCCTTT,1
AGCACCTAACAGATAG,1
AGCACGTAGAACCGCC,1
AGCACTATAGTTGGCA,1
AGCAGAGGGATAGGGG,1
AGCAGCAATGAGTTGT,1
AGCAGCGAACAGGGAG,1
AGCAGCTAACAGATAG,1
AGCAGTATGAAGAGCG,1
AGCATACGGATATGTG,1
AGCATAGGGACATGTG,1
AGCATAGGGATATACG,1
AGCATAGGGATATATG,1
AGCATAGGGATGTGAG,1
AGCATAGGGATTTGTG,1
AGCATCATATCTAATA,1
AGCATCGAACAGGGAG,1
AGCATCTAACAAATAG,1
AGCATCTAACAGACAG,1
AGCATCTAACAGATAC,1
AGCATCTAACAGGTAG,1
AGCATTTAACAGATAG,1
AGCCACCGAGTGACAG,1
AGCCACCGAGTGACTG,1
AGCCCATACTGGGGAT,1
AGCCCATGCAGGGGAT,1
AGCCCATGCTAGGGAT,1
AGCCCATGCTGGAGAT,1
AGCCCATGCTGGGGAA,1
AGCCCATGCTGGGGAC,1
AGCCCATGCTGGGGAG,1
AGCCCATGCTGGGTAT,1
AGCCTACGAGACGTAA,1
AGCCTATGCTGGGGAT,1
AGCGACATCGCCCTCT,1
AGCGACATCTCCCTTT,1
AGCGACATTGCCCTTT,1
AGCGCCTGGGGTATCA,1
AGCGGAAGTTGCCAAG,1
AGCGGCGAACAGGGAG,1
AGCGTCTAACAGATAG,1
AGCTACATCGCCCTTT,1
AGCTCCGGGGGGATCA,1
AGCTCCGGGGGTAGCA,1
AGCTCCTCGGGTATCA,1
AGCTCCTGGGGCGTCA,1
AGCTCCTGGGGTACCA,1
AGCTCCTGGGGTATCC,1
AGCTCCTGGGGTATGA,1
AGCTCCTGGGTTATCA,1
AGCTCCTGTGGTATCT,1
AGCTGAATTAAGGATG,1
AGCTGGGGTCTCCCTT,1
AGCTTCTGGGGTATCA,1
AGGAAAAAAACTGGAG,1
AGGAAACATGCATTGG,1
AGGAAAGAAACCGGAG,1
AGGAAAGAAACTGAAG,1
AGGAAAGAAACTGCAG,1
AGGAAAGAAACTGGAA,1
AGGAAAGAAACTTGAG,1
AGGAAAGAAATACATA,1
AGGAAATAAACTGGAG,1
AGGAACGTAAGGACTA,1
AGGAATATAGTTGGCA,1
AGGAATCGTCACCGAT,1
AGGACCATAGTTGGCA,1
AGGACCGTAAGGACTA,1
AGGACTAGAGTTGGCA,1
AGGACTATAGGTGGCA,1
AGGACTATAGTAGGCA,1
AGGACTATAGTCGGCA,1
AGGACTATAGTGGGCA,1
AGGACTATAGTTGGAA,1
AGGACTATAGTTGTCA,1
AGGACTATATTTGGCA,1
AGGACTGTAGTTGGCA,1
AGGAGCATGGAGAGCG,1
AGGAGGATGAAGAGCG,1
AGGAGGATGAAGGGGG,1
AGGAGTACGAAGAGCG,1
AGGAGTAGGGAGAGCG,1
AGGAGTATAGTTGGCA,1
AGGAGTATGAAGAACG,1
AGGAGTATGAAGATCG,1
AGGAGTATGAATAGCG,1
AGGAGTATGGAGAACG,1
AGGAGTATGGAGATCG,1
AGGAGTGTGAAGAGCG,1
AGGATCTAACAGATAG,1
AGGATTGATTGAAGTT,1
AGGATTTGCGCTTCAA,1
AGGCCCAGCGGGTGAT,1
AGGCCCGGAAGGACTA,1
AGGCCCGGAGCTTGGC,1
AGGCCCGTAAGAACTA,1
AGGCCCGTAAGGACCA,1
AGGCCCGTAAGGAGTA,1
AGGCCCGTAAGGGCTA,1
AGGCCCGTAATGACTA,1
AGGCCCGTACGGACTA,1
AGGCGGGTAGATAGGT,1
AGGCGGTGATGTGATT,1
AGGCGTGTAGATAGTT,1
AGGCTCAGACTCTTGC,1
AGGGAAGAAACTGGAG,1
AGGGCCCAGGTCCTGT,1
AGGGGAGTGGAGAAAC,1
AGGGGATGGGAGAAAC,1
AGGGGTGGCTTGGTGA,1
AGGGTTGAAGAGGCGA,1
AGGTACAGACTCTTGC,1
AGGTATGATTTTCGAG,1
AGGTCCACCCTATAGT,1
AGGTCCAGACTCTTGC,1
AGGTCCATTAAGATCA,1
AGGTGAATTAAGTATG,1
AGGTGCAGACTCTTGC,1
AGGTGGAAGGGCATGG,1
AGGTGGACGGGCAGGG,1
AGGTGTCTCCGAGCAA,1
AGGTTAGTAGACCCAC,1
AGGTTCACACTCTTGC,1
AGGTTCAGACCCTTGC,1
AGGTTCAGACTCCTGC,1
AGGTTCAGACTCGTGC,1
AGGTTCAGACTTTTGC,1
AGTAAACAGGCAGTGG,1
AGTAAACAGGCATGGG,1
AGTAAACATGCAATGG,1
AGTAAACATGCACTGG,1
AGTAAACATGCATCGG,1
AGTAAACATGCATGGG,1
AGTAAACATGCGTTGG,1
AGTAAACATGTATTGG,1
AGTAAACATTCATGGG,1
AGTAAAGAAACTGGAG,1
AGTAGTATGGAGAGCG,1
AGTATTGAATAGGCGA,1
AGTATTGGCTTGGTTA,1
AGTATTTGCGCTCCAA,1
AGTATTTGCGCTTAAA,1
AGTATTTGCGCTTCAG,1
AGTATTTGCGCTTCAT,1
AGTATTTTCGCTTCAA,1
AGTCACCGAGTGACCG,1
AGTCCCGTAAGGACTA,1
AGTCCGAAGGGGGTAG,1
AGTCCGGATAAAGTAG,1
AGTCCTATCCGCAAAT,1
AGTCCTATCCTAAAAT,1
AGTCGGTTAGATAGTG,1
AGTCGTTTAGATGGTT,1
AGTCGTTTAGGTAGTT,1
AGTGAACATGCATTGG,1
AGTGCGAGCATGTCAA,1
AGTGCTGAATAGGCGA,1
AGTGGGGGGGAGGCGA,1
AGTGGTGGCTTGGGGA,1
AGTGTCGGCTTGGTTA,1
AGTGTGGAAGAGGCGA,1
AGTGTTGAACAGGCGA,1
AGTGTTGAATAGGCGT,1
AGTGTTGAATAGGGGA,1
AGTGTTGAATCGGCGA,1
AGTGTTGACTTGGTTA,1
AGTGTTGGATAGGCGA,1
AGTGTTGGCGTGGTTA,1
AGTGTTGGCTAGGTTA,1
AGTGTTGGCTCGGTTA,1
AGTGTTGGCTTGATTA,1
AGTGTTGGCTTGGTTG,1
AGTGTTGGCTTGGTTT,1
AGTGTTGGTTTGGTTA,1
AGTGTTTGCGCTTCAA,1
AGTTAAATTCGAGGAC,1
AGTTGAATTAAGTATG,1
AGTTGACATAGCGATG,1
AGTTGATGCATTCCCG,1
AGTTGGACGGGCATGG,1
AGTTGGAGTCTCCCTT,1
AGTTGGGGGCTCCCTT,1
AGTTGGGGTCTACCTT,1
AGTTGGGGTCTCACTT,1
AGTTGGGTACTCCCTT,1
AGTTTTGAATAGGCGA,1
AGTTTTTATAACCTGC,1
AGTTTTTATAACTTTC,1
AGTTTTTATGACTTGC,1
AGTTTTTGGTTCGAGG,1
ATAAAATCGCAAATTA,1
ATAAATGAGGGCATTG,1
ATAACACAAAAAATTA,1
ATAACAGAATACTAGA,1
ATAACGGAGGGCAGGG,1
ATAACTGAGAGCATTG,1
ATAACTGAGGCCATTG,1
ATAACTGAGGGCAGTG,1
ATAACTGAGGGCATGG,1
ATAACTGAGGGCATTC,1
ATAACTGAGGGGATTG,1
ATAACTGAGGTCATTG,1
ATAACTGAGTGCATTG,1
ATAACTGATGGCATTG,1
ATAAGCTTCATGGAGT,1
ATAATCATATCTAATA,1
ATACAAAAAACTTAGT,1
ATACAAACCTGCGAAT,1
ATACACACATGTGCCA,1
ATACACGAATGTGCCA,1
ATACACGAGAGTGTGA,1
ATACACGAGGTCGTGA,1
ATACACGAGGTTGTCA,1
ATACACGAGGTTTTGA,1
ATACACGCATGGGCCA,1
ATACACGCATGTGACA,1
ATACACGCATGTGCCG,1
ATACACGCATGTGCCT,1
ATACACGCATTTGCCA,1
ATACACGGATGTGCCA,1
ATACACTCATGTGCCA,1
ATACAGGCATGTGCCA,1
ATACATGAGGTTGTGA,1
ATACGGGTTGGCTGTA,1
ATAGAAAAAACGGAGG,1
ATAGAAAAAACTTAGT,1
ATAGAAAATTATCCTC,1
ATAGAACCGCAAATTA,1
ATAGAAGCGCAAATTA,1
ATAGAATAGCAAATTA,1
ATAGAATCCCAAATTA,1
ATAGAATCGCAAGTTA,1
ATAGAATCGCATATTA,1
ATAGAATCGCGAATTA,1
ATAGAATCGTAAATTA,1
ATAGACGCATGTGCCA,1
ATAGAGTCGCAAATTA,1
ATAGCCCACGGGCATA,1
ATAGGATATATGGCGG,1
ATAGTCCACCATTGAG,1
ATATAAAAAAATTAGT,1
ATATAAAAAACGTAGT,1
ATATAAAAAACTTACT,1
ATATAAAAAACTTAGA,1
ATATAAAAAACTTAGC,1
ATATAAAAAACTTAGG,1
ATATAAAAAGCTTAGT,1
ATATAAGAAACTTAGT,1
ATATAGAAAACTTAGT,1
ATATCCACCCTATAGT,1
ATCAATGTCGTAGGAT,1
ATCACGATAATCGCGC,1
ATCAGATTATAACGTA,1
ATCAGATTTAAAGGCA,1
ATCAGGATAATCACGC,1
ATCAGGATAATCGCCC,1
ATCAGTATAATCGCGC,1
ATCATCATATCTAATA,1
ATCCCATGCTGGGGAT,1
ATCCCCGGAGCTTGGC,1
ATCGATTCACGAATAA,1
ATCTGAATTAAGTATG,1
ATGACTATAGTTGGCA,1
ATGAGGGCTACGTGAG,1
ATGAGGTCTACGTGAG,1
ATGATCATATCTAATA,1
ATGATGGAGGGCATTG,1
ATGCAATTGAAACATA,1
ATGCACGAGGTTGTGA,1
ATGCCCCACGGGCATA,1
ATGGAAAATTATCCGC,1
ATGGAATTGGAGAAAC,1
ATGGCCCAAGGGCATA,1
ATGGCCCACGGCCATA,1
ATGGCCCACGGGCATG,1
ATGGCCCACGGGGATA,1
ATGGCCCACGGTCATA,1
ATGGCCCAGGGGCATA,1
ATGGCCTACGGGCATA,1
ATGGCTTTACGTCCAT,1
ATGGGACTGGAGAAAC,1
ATGGGAGGGGAGAAAC,1
ATGGGATATATGGCTG,1
ATGGGATCGGAGAAAC,1
ATGGGATGGGAGAGAC,1
ATGGGATTGGAGAAAG,1
ATGGGATTGGAGAGCG,1
ATGGGATTGGAGATAC,1
ATGGGATTGGAGGAAC,1
ATGGGATTGTAGAAAC,1
ATGGGATTGTCCGGAA,1
ATGGGGATTGGCTGTT,1
ATGGGGTAGAGATACG,1
ATGGGGTTGGAGAGAC,1
ATGGGTTTGGAGAAAC,1
ATGGTCCACGGGCATA,1
ATGGTTTTACGCCCAT,1
ATGGTTTTACGTCAAT,1
ATGGTTTTACGTCCGT,1
ATGGTTTTACGTTCAT,1
ATGGTTTTGCGTCCAT,1
ATGTATCAGTCGCGCC,1
ATGTGTCTCCGAGCAA,1
ATTAAAATTCGAGGAC,1
ATTACCATTTCTAATA,1
ATTAGATTAGAACGTA,1
ATTAGATTATAACGCA,1
ATTAGATTATAACTTA,1
ATTAGATTATAGCGTA,1
ATTAGGGCCACGTGAG,1
ATTAGGGCTACGTGAT,1
ATTAGGGCTACGTGCG,1
ATTAGGGCTACGTGTG,1
ATTAGGGCTATGTGAG,1
ATTAGGGCTGCGTGAG,1
ATTAGGGGTACGTGAG,1
ATTATCAGATCTAATA,1
ATTATCATAACTAATA,1
ATTATCATATCCAATA,1
ATTATCATATCTAACA,1
ATTATCATATCTGATA,1
ATTATCATATCTGTGG,1
ATTATTTGCGCTTCAA,1
ATTCAGCGTTGTTTTG,1
ATTCCAAATGGGGTAG,1
ATTCCGAACGGGGTAG,1
ATTCCGAAGGGGGTAG,1
ATTCCGAATGAGGTAG,1
ATTCCGAATGCGGTAG,1
ATTCCGAATGGAGTAG,1
ATTCCGAATGGCGTAG,1
ATTCCGAATGGGCTAG,1
ATTCCGAATGGGGTAA,1
ATTCCGAATGGGGTAT,1
ATTCCGAATGGGGTGG,1
ATTCCGAATGGGGTTG,1
ATTCCGAATGGTGTAG,1
ATTCCGGATGGGGGAG,1
ATTCGGAATGGGGTAG,1
ATTCGTGATACTCACA,1
ATTCTGGCTCGCTAAT,1
ATTGAAATTCGAGGAC,1
ATTGCGAATGGGGTAG,1
ATTGTCTAGAAATTTT,1
ATTTAAACTCGAGGAC,1
ATTTAAATTCGAAGAC,1
ATTTAAATTCGTGGAC,1
ATTTAAATTTGAGGAC,1
ATTTGGGGTCTCCCTT,1
ATTTTTAACAGACGTA,1
ATTTTTCTATGGCCCC,1
ATTTTTTATAACTTGC,1
CAAAAAGCCTCCATGA,1
CAAAAATTTATGACAA,1
CAAAAGCAGTACGATA,1
CAAAATATACGGCGAC,1
CAAAATCTAAGGCGAC,1
CAAAATCTACGGAGAC,1
CAAAATCTACGGCGGC,1
CAAAATCTACGTCGAC,1
CAAAATCTATGGTGAC,1
CAAATAAAAAATTGTT,1
CAAATGCTGCACTAGG,1
CAAATGCTGCATTACG,1
CAAATGCTGCATTAGC,1
CAAATGCTGCGGAACG,1
CAAATGCTGTATTAGG,1
CAAATGTTGCATTAGG,1
CAAATTCTGCATTAGG,1
CAACAATCTTCGAACT,1
CAACTCCACGGACGCC,1
CAAGATCTACGGCGAC,1
CAAGGGAATTGCCACT,1
CAAGGGCTAATGTCTC,1
CAAGTGCTGCATTAGG,1
CAATAAACCGTTTGTA,1
CAATTAGAAAAACATA,1
CAATTAGAAAGACATA,1
CAATTAGAAATACATT,1
CAATTGGAAATACATG,1
CAATTGGAGGGGCGTG,1
CAATTTAACAGACGTA,1
CACAAATCTTCGAACT,1
CACAAGAGAGGGGTCC,1
CACAAGATGTACAGTC,1
CACAATCAGCACCTAG,1
CACAGCGCCGAGCACC,1
CACCAAGCTTCGAACT,1
CACCAATATTCGAACT,1
CACCAATCCTCGAACT,1
CACCAATCTGCGAACT,1
CACCAATCTTAGAACT,1
CACCAATCTTCGAACA,1
CACCAATCTTCGAACC,1
CACCAATTTTCGAACT,1
CACCACCAGCACCTAG,1
CACCACCGAGTGACCG,1
CACCAGCAGCACCTAG,1
CACCAGTCTTCGAACT,1
CACCATCAACACCTAG,1
CACCATCAGCACCTAC,1
CACCATCAGGACCTAG,1
CACCATTAGCACCTAG,1
CACCCAGGATCGCACT,1
CACCCCTTGTAAGATG,1
CACCCGCTGTTTAAAA,1
CACCCTGCAAGCCACT,1
CACCGAGGATCGCACT,1
CACCGCACCGAGCACC,1
CACCGCGCCGAACACC,1
CACCGTCAGCACCTAG,1
CACCTAGAATCGCACT,1
CACCTAGGATAGCACT,1
CACCTAGGATCGCACA,1
CACCTAGGATCGCGCT,1
CACCTAGGATCGTACT,1
CACCTAGGATCTCACT,1
CACCTCCTCTAAAGTT,1
CACGACAAACAGTAAG,1
CACGGCCAGCGAACTC,1
CACGGCCGCCGAACTC,1
CACGGCCGGCGAAATC,1
CACGGCCGGCGAACTT,1
CACGGCCGGCTAACTC,1
CACGGCCTGCGAACTC,1
CACGGGATGGGCACGT,1
CACGGGCCAATGTCTC,1
CACGGGCGAATGGCTC,1
CACGGGCGAATGTCTC,1
CACGGGCTAATGTCTG,1
CACGGGCTAGTGTCTC,1
CACGGGCTGATGTCTC,1
CACGGTCGGCGAACTC,1
CACGGTCTAATGTCTC,1
CACTAGATATACAGTC,1
CACTAGATGTACGGTC,1
CACTAGATGTGCAGTC,1
CACTAGATGTGGGGGC,1
CACTGATAACCCTGCG,1
CACTTCTGATGAATTG,1
CAGAACCGCGTTGTCT,1
CAGAACCTCGGTGTCT,1
CAGAACCTCGTCGTCT,1
CAGAACCTCGTGGGCT,1
CAGAACCTCGTTCTCT,1
CAGAACCTCGTTGCCT,1
CAGAACCTCGTTGTGA,1
CAGAACCTCGTTGTTT,1
CAGAACCTCGTTTTCT,1
CAGAACCTGGTTGTCT,1
CAGAACCTTGTTGTCT,1
CAGAACTTATCTGTGG,1
CAGAACTTCGTTGTCT,1
CAGAACTTGTCGATAT,1
CAGAATCTCGTTGTCT,1
CAGACAGAGTTTGTTG,1
CAGACTCTAGAGCTCT,1
CAGAGCCTCGTTGTCT,1
CAGATAATATAGAAAC,1
CAGATAATATATAGAC,1
CAGCATCAGCACCTAG,1
CAGGCTATAGAGCTCT,1
CAGGCTCGAGAGCTCT,1
CAGGCTCTACAGCTCT,1
CAGGCTCTAGAGGTCT,1
CAGGCTGTAGAGCTCT,1
CAGGCTTTAGAGCGCT,1
CAGGGACAAGATTGTA,1
CAGGGGCCTCATAATG,1
CAGTACTTGTCATGGG,1
CAGTAGTTGTAATGGG,1
CAGTAGTTGTCAGGGG,1
CAGTAGTTGTCATAGG,1
CAGTAGTTGTCATGTG,1
CAGTAGTTGTCATTGG,1
CAGTGAGACGCGCAAG,1
CATAAAAGACTGGATA,1
CATAAAAGACTGTAGA,1
CATAAAGAGTGTGTTG,1
CATACAAAGTTTGTTG,1
CATACAGAATACTAGA,1
CATACAGAGCTTGTTG,1
CATACAGAGTCTGTTG,1
CATACAGAGTTTGCTG,1
CATACAGAGTTTGTCT,1
CATAGAAGACTGTATA,1
CATAGGAATTGCCACT,1
CATATAATATAGAGAC,1
CATATAGAGTTTGTTG,1
CATCATCAGCACCTAG,1
CATCGCCATCGACTTC,1
CATCTAGGATCGCACT,1
CATCTTGGGGAGAGTC,1
CATGCAGAGTTTGTTG,1
CATGCTCTAGAGCTCT,1
CATGGAGCGCCCTTAC,1
CATGGCCGGCGAACTC,1
CATGGGAATTACCACT,1
CATGGGAATTGACACT,1
CATGGGAATTGCCAAT,1
CATGGGAATTGCCACC,1
CATGGGAATTGCGACT,1
CATGGGCTAATGTCTC,1
CATGGTAATTGCCACT,1
CATGTAACCTTCAGCA,1
CATGTAGAGCCCAACA,1
CATGTGGAGCCCAAAA,1
CATGTGGAGCTCAACA,1
CATTCAGCGATAACGG,1
CATTGAGACGCCCAAG,1
CATTGAGACGCGCACG,1
CATTGAGACGGGCAAG,1
CATTGAGACGTGCAAG,1
CATTGAGACTCGCAAT,1
CATTGAGAGAAGTGCG,1
CATTGAGGCGCGCAAG,1
CATTGGAATTGCCACT,1
CATTTCCGATGAATTG,1
CATTTCTGATGAATTA,1
CATTTCTGATGTATTG,1
CATTTCTGATTAATTG,1
CCAAAACAAAAAATTA,1
CCAAAGTCTCGAGAAG,1
CCAACAACGGGTCTAA,1
CCAACACAAAAAAGTA,1
CCAACACAAAAAATTG,1
CCAACACAAAAAATTT,1
CCAACACAAAAAGTTA,1
CCAACACAAAAGATTA,1
CCAACACAAAGAATTA,1
CCAAGATTCGGGGGAC,1
CCAAGCCTGGCGCATC,1
CCAAGCTAGGCGCATC,1
CCAAGCTTGCCGCATC,1
CCAAGCTTGGCGCACC,1
CCAAGCTTGGGGCATC,1
CCAATCGGGGGCTAAA,1
CCAATTTAAGTATCAA,1
CCATGGAACTAACTCC,1
CCATTTACGGATCTCT,1
CCCAATGTCGTAGGAT,1
CCCACACCCCTAGCTA,1
CCCACGCTGTTTAAAA,1
CCCAGCATTGGTCGCC,1
CCCAGCTCGTATCCCT,1
CCCATTTACTGAAGGG,1
CCCCAGCTGTTTAAAA,1
CCCCATGAAACAAGAC,1
CCCCATGAGACAAGCC,1
CCCCCCCTCTAAAGTT,1
CCCCCCCTGTTTAAAA,1
CCCCCGCGGTTTAAAA,1
CCCCCGCTGGTTAAAA,1
CCCCCGCTGTGTAAAA,1
CCCCCGCTGTTGAAAA,1
CCCCCGCTGTTTAAAT,1
CCCCCGCTGTTTAAGA,1
CCCCCTCTGTTTAAAA,1
CCCCTCATCTAAAGTT,1
CCCCTCCCCTAAAGTT,1
CCCCTCCTCTAAAGTG,1
CCCCTCCTCTAAATTT,1
CCCCTCCTCTAAGGTT,1
CCCGATGAAATAAGCT,1
CCCGGGACCAAAACGG,1
CCCTAGGAAAGAAGCT,1
CCCTAGGAAATAAGCT,1
CCCTATAAAATAAGCT,1
CCCTATGAAAGAAGCT,1
CCCTATGAAATAACCA,1
CCCTATGAAATAAGCA,1
CCCTATGAAATAAGCG,1
CCCTATGAAATACATA,1
CCCTATGAAATACGCT,1
CCCTATGGAATAAGCT,1
CCCTCCGCGGCTCGGG,1
CCCTGCGCGGATAGGG,1
CCCTGCGCGGCTCCGG,1
CCCTGCGCGGCTCGAT,1
CCCTGCGCGGTTCGGG,1
CCCTTCTCGGCTCGGG,1
CCCTTGACGGATCTCT,1
CCCTTTAAGGATCTCT,1
CCCTTTACAGATCTCT,1
CCCTTTACGGATATCT,1
CCCTTTACGGATCCCT,1
CCCTTTACTGATCTCT,1
CCCTTTATGGATCTCT,1
CCGAACCTCGTTGTCT,1
CCGAACGAAGTAGGAG,1
CCGACACAAAAAATTA,1
CCGAGCTGCCAATAAG,1
CCGAGCTTGGCGCATC,1
CCGAGGGATTCAACTC,1
CCGAGTTAATATGCGC,1
CCGCACACGTTTAGAG,1
CCGCATTAGCGGGAGT,1
CCGCATTAGCGGGGGG,1
CCGCGCACGCTTAGAG,1
CCGCGCACGTTTAGGG,1
CCGCGCACTTTTAGAG,1
CCGGACAAATCAGAAC,1
CCGGATAAATCAGGAC,1
CCGGATAGATCAGAAC,1
CCGGCTCTAGAGCTCT,1
CCGGGTAAATCAGAAC,1
CCGTATGAAATAAGCT,1
CCGTCCGTTGGGAACT,1
CCTAGGTATTATATGC,1
CCTAGGTTAAGTTGTG,1
CCTCAGCTCTTAGCCG,1
CCTGACCCCCTCCAAC,1
CCTGAGTTAAGTTGTG,1
CCTGGGAATTGCCACT,1
CCTGGGTGAAGGTGTG,1
CCTGGGTTAAATTGTG,1
CCTGGGTTAAGTCGTG,1
CCTGGGTTAAGTTGCG,1
CCTGGGTTAATGTCTC,1
CCTGGGTTAATTTGTG,1
CCTGGGTTACGTTGTG,1
CCTGGGTTGAGTTGTG,1
CCTGGTTTAAGTTGTG,1
CCTGTACCCTTCAGCA,1
CCTTAAATTATAGTCT,1
CCTTCAGCGATAACGG,1
CCTTGAGACGCGCAAG,1
CCTTGATGCATTCACG,1
CCTTGATGCATTCTCG,1
CCTTGATGCATTTCCG,1
CCTTGATGGATTCCCG,1
CCTTGGTGCATTCCCG,1
CCTTTACCACTGCATC,1
CCTTTATGCATTCCCG,1
CGAAAACATGACAAAT,1
CGAAACACGTCACAGT,1
CGAAACACGTCCCAAC,1
CGAAACACGTCCCAGC,1
CGAAACACGTCCCCGT,1
CGAAACACGTCGCAGT,1
CGAAACACGTTCCAGT,1
CGAAACACTTCCCAGT,1
CGAAACAGGTCCCAGT,1
CGAAACGCGTCCCAGT,1
CGAACCCTAGATGGTA,1
CGAACCGCAGACAAGT,1
CGAACCGCAGACACCT,1
CGAACCGCAGACATGT,1
CGAACCGCAGGCACGT,1
CGAAGCATTGGTCGCC,1
CGAAGTTAAGTAGCAA,1
CGAATCGCAGACACGT,1
CGACCAGGGAATCAAA,1
CGACTACACGGACGCC,1
CGACTCCAAGGACGCC,1
CGACTCCACGGAAGCC,1
CGACTCCACGGACGTC,1
CGACTCCACGGATGCC,1
CGACTCCATGGACGTC,1
CGAGAACATACATAAC,1
CGAGCACAGCGTAGGC,1
CGCAAATAAGTGGCGC,1
CGCACCCTAGATGGTA,1
CGCACCGCAGACACGT,1
CGCACGTTACGAGACA,1
CGCACTTCACGAGACA,1
CGCACTTTACAAGACA,1
CGCACTTTACGAAACA,1
CGCACTTTACGAGACC,1
CGCACTTTACGAGATA,1
CGCACTTTACGTGACA,1
CGCACTTTGCGAGACA,1
CGCAGCAGTGGTCGCC,1
CGCAGCATTGGTCACC,1
CGCAGCATTGGTCGCA,1
CGCAGCATTGGTCGCT,1
CGCAGCATTTGTCGCC,1
CGCCTAGGGGACGATT,1
CGCGACAACCTTCCGG,1
CGCGACACCATTACGG,1
CGCGACACCATTCCCG,1
CGCGACACCCATCCGG,1
CGCGACACCCTGCCGG,1
CGCGACACCCTTAAGG,1
CGCGAGACCCTTCCGG,1
CGCGCTTTACGAGACA,1
CGCGGTGGTCGATCCG,1
CGCTATGAAATAAGCT,1
CGCTCAGCGATAACGG,1
CGGAAACATTACAAAT,1
CGGAAAGAAACTGGAG,1
CGGACAGGGAATCAAA,1
CGGACAGGGGAAGCGA,1
CGGACCCTAGACGGTA,1
CGGACCCTAGATAGTA,1
CGGACCCTAGATAGTT,1
CGGACCCTAGATGGTT,1
CGGACCGCAGACACGT,1
CGGACGCTAGATGGTA,1
CGGATCCTAGATGGTA,1
CGGCAACATACATAAC,1
CGGCAAGGGAATCAAA,1
CGGCCAAGGAATCAAA,1
CGGCCAGAGAATCAAA,1
CGGCCAGGGAAGCAAA,1
CGGCCAGGGAATAAAA,1
CGGCCAGGGAATCATA,1
CGGCCAGGGAATCGAA,1
CGGCCATGGAATCAAA,1
CGGGAACATAAATAAC,1
CGGGAACATACATATC,1
CGGGAACATACATGAC,1
CGGGAACATGCATAAC,1
CGGGAAGATACATAAC,1
CGGGAGCATACATAAC,1
CGGGGAAAAGATTGTA,1
CGGGGACAAGAGGGGA,1
CGGGGACAAGAGGGTA,1
CGGGGACAAGAGTGGA,1
CGGGGACAAGATTGGA,1
CGGGTACCCTTCAGCA,1
CGGTCAGCGAGAACGG,1
CGGTCGGAACTCATCT,1
CGGTCGGGACCCATCT,1
CGGTCGGGACTAATCT,1
CGGTCGGGACTCATCA,1
CGGTCGGGATTCATCT,1
CGGTCGGGTCTCATCT,1
CGGTCGTGACTCATCT,1
CGTACAGCGATAACGG,1
CGTACAGTGCAATCGA,1
CGTACAGTGTAACCGA,1
CGTACAGTGTAAGCGA,1
CGTACAGTGTAATCGT,1
CGTACAGTGTAATCTA,1
CGTACAGTGTAATGGA,1
CGTACAGTGTAATTGA,1
CGTACAGTGTAGTCGA,1
CGTACAGTGTGATCGA,1
CGTACAGTGTTTGTTG,1
CGTACGTATGTCCCGG,1
CGTAGCATTGGTCGCC,1
CGTAGGTATTATATGC,1
CGTATAGTGTAATCGA,1
CGTATTTGCGCTTCAA,1
CGTGAACATACATAAC,1
CGTGACCCCCCCCAAC,1
CGTGACCCCCTCAAAC,1
CGTGACCCCCTCCAAA,1
CGTGACCCCCTCCAAT,1
CGTGACCCCCTCCAGC,1
CGTGACCCCCTCCATC,1
CGTGACCCCCTTCAAC,1
CGTGACCCCTTCCAAC,1
CGTGATCCCCTCCAAC,1
CGTGTACACTTAAGCA,1
CGTGTACCCTGCAGCA,1
CGTGTACCCTTCACCA,1
CGTGTACCCTTCAGCC,1
CGTGTACCCTTCAGCG,1
CGTGTACCCTTCAGGA,1
CGTGTACCCTTGAGCA,1
CGTGTAGCCTTCAGCA,1
CGTGTTTGGTGCGAGG,1
CGTTACCCCCTCCAAC,1
CGTTCAGCAATAACGG,1
CGTTCAGCGATAACGA,1
CGTTCATCTATAACGG,1
CGTTGAGCCAGTCTGA,1
CGTTGAGCGATAACGG,1
CGTTTAGCGATAACGG,1
CGTTTCTGATGAATTG,1
CGTTTTCGGTTCGAGG,1
CGTTTTGGGGTCGAGG,1
CGTTTTTGATTCGAGG,1
CGTTTTTGGGTCGAGG,1
CGTTTTTGGTTAGAGG,1
CGTTTTTGGTTCGATG,1
CTAAAAACCGTTTGTA,1
CTAATGTAAGGAGCAA,1
CTAATTTAAGGATCAA,1
CTAATTTAAGTATCAG,1
CTAATTTAAGTATCAT,1
CTAATTTACGTATCAA,1
CTAATTTAGGTATCAA,1
CTAATTTGAGTATCAA,1
CTAATTTTAGTATCAA,1
CTACTAGGGGACGATT,1
CTAGAAACCGTTTGTA,1
CTAGAACTGCGGCCCC,1
CTAGCACAAAAAATTA,1
CTAGCACAGCGAACTC,1
CTAGCACAGCGGAGGC,1
CTAGCACAGCGTAAGC,1
CTAGCACAGCGTAGGG,1
CTAGCACAGCGTATGC,1
CTAGCACTGCGTAGGC,1
CTAGGACAGCGTAGGC,1
CTATAAACCGCTTGTA,1
CTATAAACCGTCTGTA,1
CTATAAACCGTTTTTA,1
CTATAAAGCGTTTGTA,1
CTATATCGCCCGGAAG,1
CTATATTGCACGGAAG,1
CTATATTGCCCCGAAG,1
CTATATTGCCCGAAAG,1
CTATATTGCCCGCAAG,1
CTATATTGCCCGGAAT,1
CTATCTAAATCTACAG,1
CTATCTAACAGACGTA,1
CTATCTGTAGAGCGCT,1
CTATCTTAAGCTACAG,1
CTATCTTAATTTACAG,1
CTATCTTAGTCTACAG,1
CTATCTTGATCTACAG,1
CTATGGAACAGACGTA,1
CTATGTTGCCCGGAAG,1
CTATTACGCTCCTACG,1
CTATTCAACAGACGTA,1
CTATTGAACAGACGTA,1
CTATTTAAAAGACGTA,1
CTATTTAACAAACGTA,1
CTATTTAACAGACATA,1
CTATTTAACGGACGTA,1
CTATTTAATAGACGTA,1
CTATTTGACAGACGTA,1
CTATTTTAATCTACAG,1
CTCAAATAATCGGCGC,1
CTCAAATAATTGGCAC,1
CTCAAATAATTGGCGA,1
CTCAAATAATTGGGGC,1
CTCAAATAATTGTCGC,1
CTCAAATATTTGGCGC,1
CTCAACTTGTCGATAT,1
CTCAAGGTCGTAGGAT,1
CTCAATGTCCTAGGAT,1
CTCAATGTCGTGGGAT,1
CTCAATTTCGTAGGAT,1
CTCACTGCGCGAGAGT,1
CTCAGTGTCGTAGGAT,1
CTCATAGGGGACGATT,1
CTCCCGCTGTTTAAAA,1
CTCCGGCTCTTGATTA,1
CTCCTAGGGGACGGTT,1
CTCCTAGGGGACTATT,1
CTCGAGGCCTGGCCCC,1
CTCGATGTCGTAGGAT,1
CTCTAATAATTGGCGC,1
CTCTATGAAATAAGCT,1
CTCTGCGCGGCTCGGG,1
CTCTGTCCAGACTCGT,1
CTCTTCTAGTACGCTT,1
CTGAACCTATCTGTGG,1
CTGAACCTGTCGATAT,1
CTGAACGTATCTGGGG,1
CTGAACGTATCTGTGG,1
CTGAACGTGTCGATAT,1
CTGAACTGATCTGTGG,1
CTGAACTGGTCGATAT,1
CTGAACTTAACTGTGG,1
CTGAACTTATCTAATA,1
CTGAACTTATCTGGGG,1
CTGAACTTATCTGTAG,1
CTGAACTTATCTGTGA,1
CTGAACTTATGTGTGG,1
CTGAACTTATTTGTGG,1
CTGAACTTGACGATAT,1
CTGAACTTGGCGATAT,1
CTGAACTTGTAGATAT,1
CTGAACTTGTCGACAT,1
CTGAACTTGTCGATGT,1
CTGAAGGCCTGGCCCC,1
CTGAAGTTATCTGTGG,1
CTGAATTTATCTGTGG,1
CTGACAGAATACGAGA,1
CTGACCTGCCAATAAG,1
CTGAGCGAGAAAAGCA,1
CTGAGCGGCCAAGAAG,1
CTGAGCTGCCAAAAAG,1
CTGAGCTGCCAACAAG,1
CTGAGCTGCCAATAAA,1
CTGAGCTGCCAATATG,1
CTGAGCTGCCAATGAG,1
CTGAGCTGCCAGTAAG,1
CTGAGCTGCCTATAAG,1
CTGAGCTGCGAATAAG,1
CTGAGCTGTCAATAAG,1
CTGAGCTTATCTGTGG,1
CTGAGGCATTCAACTC,1
CTGAGGGATTCAAATC,1
CTGAGGGATTCAACGC,1
CTGAGGGATTCAACTA,1
CTGAGGGGTTCAACTC,1
CTGAGGGTTTCAACTC,1
CTGAGTTGCCAATAAG,1
CTGCTAGGGGACGATT,1
CTGGAACATACATAAC,1
CTGGAAGCCTGGCCCC,1
CTGGACTTGTCGATAT,1
CTGGAGGCCGGGCCCC,1
CTGGAGGCCTAGACCC,1
CTGGAGGCCTGACCCC,1
CTGGAGGCCTGCCCCC,1
CTGGAGGCCTGGACAC,1
CTGGAGGCCTGGGCCC,1
CTGGAGTCCTGGCCCC,1
CTGGAGTCCTTGCCCC,1
CTGGCTCTAGAGCTCT,1
CTGGGACAAGATTGTA,1
CTGTAAACCGTTTGTA,1
CTGTAACTGCAGTTGA,1
CTGTACCGGCAGTTGA,1
CTGTACCTGCAGGTGA,1
CTGTACCTGCAGTTAA,1
CTGTACCTGCAGTTGC,1
CTGTACCTGCAGTTGG,1
CTGTACCTGCAGTTTA,1
CTGTACCTGCATTTGA,1
CTGTACCTGCGGTTGA,1
CTGTACCTGTAGTTGA,1
CTGTACTTATCTGTGG,1
CTGTATTGCCCGGAAG,1
CTGTTCTAGTACGCTT,1
CTGTTTAACAGACGTA,1
CTTAAATAATTGGCGC,1
CTTAATGCGCGAGAGT,1
CTTACAGAACACTAGA,1
CTTACAGAATACTAAA,1
CTTACAGAATATTAGA,1
CTTACAGAATGCTAGA,1
CTTACAGTGTAATCGA,1
CTTACTGCGCCAGAGT,1
CTTACTGCGCGAAAGT,1
CTTACTGCGCGAGGGT,1
CTTACTGCGGGAGAGT,1
CTTACTGCGTGAGAGT,1
CTTACTGCTCGAGAGT,1
CTTAGCTGCCAATAAG,1
CTTAGGCATTATATGC,1
CTTAGGGATTAGATGC,1
CTTAGGTACTATATGC,1
CTTAGGTATTACAAGC,1
CTTAGGTATTACATGA,1
CTTAGGTATTACATGT,1
CTTAGGTATTACGTGC,1
CTTAGGTATTATACGC,1
CTTAGGTATTATAGGC,1
CTTAGGTATTGTATGC,1
CTTATATCGAGATTCA,1
CTTCAAATTATAGTCT,1
CTTCAGCGTTGTTTTG,1
CTTCCGCTCTTGATTA,1
CTTCGGCCCTTGATTA,1
CTTCGGCGCTTGATTA,1
CTTCGGCTCTTGAGTA,1
CTTCGGCTCTTGATCA,1
CTTCGTCTCTCGATTA,1
CTTCGTGATACTCACA,1
CTTGACCCCCTCCAAC,1
CTTGCACAGCGTAGGC,1
CTTGCAGAATACTAGA,1
CTTGGGAATTGCCACT,1
CTTGGGTTAAGTTGTG,1
CTTGTCTAGGACGCTT,1
CTTTAAAGTATAGTCT,1
CTTTAAATTACAGTCT,1
CTTTAAATTAGAGGCT,1
CTTTAAATTATAGCCT,1
CTTTAAATTATAGGCT,1
CTTTAAATTATAGTCG,1
CTTTAAATTATAGTGT,1
CTTTAAATTATTGTCT,1
CTTTAGATTATAGTCT,1
CTTTGAATGATAGGCT,1
CTTTGAGACGCGCAAG,1
CTTTGATGCATTCCCG,1
CTTTTCCAGTACGCTT,1
CTTTTCGAGTACGCTT,1
CTTTTCTAATACGCTT,1
CTTTTCTAGTACGCAT,1
CTTTTCTAGTACGCCT,1
CTTTTCTAGTACGCTA,1
CTTTTCTAGTACGTTT,1
CTTTTCTCGTACGCTT,1
CTTTTCTGATGAATTG,1
CTTTTTTGGTTCGAGG,1
GAAAAAACTATAACCA,1
GAAAAAAGGGACATGT,1
GAAACGAGGTGTAACC,1
GAAAGCCACGTGCAAT,1
GAAAGCCCCATGCAAT,1
GAAAGCCCCCTGCAAT,1
GAAAGCCCCGTGCACT,1
GAAAGCCCCTTGCAAT,1
GAAAGCCTCGTGCAAT,1
GAAAGGGGTGTGGCGA,1
GAAAGTCCCGATGATG,1
GAAAGTCCCTATGTTG,1
GAAAGTCCCTGTGATG,1
GAAATACGCTGAATGA,1
GAAATCACCAAATAAC,1
GAAATCCCCAAATAAT,1
GAAATCCCCAGATAAC,1
GAAATGCGTATTGAGT,1
GAAATGCTGCATTAGG,1
GAACCCATAAGACCCC,1
GAAGAAACTACAACCA,1
GAAGAAACTAGAACCA,1
GAAGAAACTATAACGA,1
GAAGAAACTATAACTA,1
GAAGAAACTCTAACCA,1
GAAGAAAGTATAACCA,1
GAAGAAGCGATGACTA,1
GAAGAAGCTATAACCA,1
GAAGCTCTTTTCGTTC,1
GAAGGAAGTGGAATGA,1
GAAGGGATACGTCACC,1
GAAGGGCGTATTGAGT,1
GAAGTAAGCTGAATGA,1
GAAGTACGATGAATGA,1
GAAGTACGCCGAATGA,1
GAAGTACGCTGAATGC,1
GAAGTACGCTGAATGG,1
GAAGTACGCTGGATGA,1
GAAGTACGTTGAATGA,1
GAAGTACTGCTGAAGT,1
GAAGTAGCAGAGGATT,1
GAAGTGCCGCTGAAGT,1
GAAGTGCGCTGAATGA,1
GAAGTGCGGAGTGAGT,1
GAAGTGCGGCTGAAGT,1
GAAGTGCGTATTAAGT,1
GAAGTGCGTATTGAGC,1
GAAGTGCGTATTTAGT,1
GAAGTGCTCCTGAAGT,1
GAAGTGCTGCTGAGGT,1
GAAGTGGGTATTGAGT,1
GAAGTGTTGCTGAAGT,1
GAATAATACAACAGAG,1
GAATAATAGAACAAAG,1
GAATAATAGAACACAG,1
GAATAATAGAACAGAA,1
GAATAATAGAACAGAT,1
GAATAATAGAACATAG,1
GAATAATAGAACCGAG,1
GAATAATAGAACGGAG,1
GAATAATATAACAGAG,1
GAATCCTCAACTCCTA,1
GAATGCCCCGTGCAAT,1
GAATTGCGTATTGAGT,1
GACAAAAGAGACATAT,1
GACAAAAGGGAAATAT,1
GACAAAAGGGACATGA,1
GACAAAAGGGACGTAT,1
GACAAAAGGGGCATAT,1
GACAAAGGGGACATGT,1
GACAAATGGGACATAT,1
GACAAGAGGGACATAT,1
GACAGAAGGGACATAT,1
GACCCATTGTAAGATG,1
GACCCCGGGTAAGAGG,1
GACCCCGGGTAAGATG,1
GACCCCTGGGAAGATG,1
GACCCCTTATAAGATG,1
GACCCCTTGCAAGATG,1
GACCCCTTGTAAGGTG,1
GACCCGGCAAGCCACT,1
GACCCTGCATGCCACT,1
GACCTCTTGTAAGATG,1
GACGAGGGAAGCAGCT,1
GACGCATCCTGGAATG,1
GACGCTGCGGCGTGTG,1
GACGGGATACGTCACC,1
GACGGGATGGGAACGT,1
GACGGGATGGGCAAGT,1
GACGGGATGTGCACGT,1
GACTGCGTTCATCGAT,1
GACTTCCCTGACTGCT,1
GAGAACCTCGTTGTCT,1
GAGAAGACTTTGTGAT,1
GAGAAGCTATAGAAGT,1
GAGAGCCGCAGAAGCG,1
GAGAGCTCCAGAAGCG,1
GAGAGCTGCAGAACCG,1
GAGAGCTGCAGAAGCA,1
GAGAGCTGCGGAAGCG,1
GAGAGCTGCGTAAGCG,1
GAGAGCTTCAGAAGCG,1
GAGAGGATACGTCACC,1
GAGAGGGATTCAACTC,1
GAGAGTTGCAGAAGCG,1
GAGATCCCCAAATAAC,1
GAGATTGATTGAAGTT,1
GAGCACGCAGAAAAAG,1
GAGCCCAGCGGGTGAT,1
GAGCCCTTGTAAGATG,1
GAGCCTGCTATGGATC,1
GAGCTTGCCATGGATC,1
GAGCTTGCTATGGAGC,1
GAGCTTGCTATGGATA,1
GAGCTTGCTATGTATC,1
GAGCTTGCTGTGGATC,1
GAGCTTTCTATGGATC,1
GAGGAGTAGAGATACG,1
GAGGCGTAGAGATACG,1
GAGGGGATACATCACC,1
GAGGGGATACGGCACC,1
GAGGGGATACGTAACC,1
GAGGGGATACGTCGCC,1
GAGGGGATACGTTACC,1
GAGGGGCCTCATAATG,1
GAGGGGGAGAGAGACG,1
GAGGGGGAGAGAGGGG,1
GAGGGGGAGGAATGCG,1
GAGGGGGTACGTCACC,1
GAGGGGTAGAGGTACG,1
GAGGGGTTAAGTTGTG,1
GAGGGTATACGTCACC,1
GAGGTACGCTGAATGA,1
GAGGTCGTAGGAACAG,1
GAGGTGCGTATTGAGT,1
GAGGTGTAGAGATACG,1
GAGTAAGGGAGGTGCG,1
GAGTATTGCTACACAT,1
GAGTGCTGCAGAAGCG,1
GAGTGGATACGTCACC,1
GATAGCCACTGATAAG,1
GATAGCCATCGACTTC,1
GATATCTGCAGAAGCG,1
GATCAAGCAGAAAAAG,1
GATCACGCAGAAAAAT,1
GATCACGCAGAAAACG,1
GATCACGCAGGAAAAG,1
GATCACGCATGTGCCA,1
GATCACGCGGAAAAAG,1
GATCACGTAGAAAAAG,1
GATCCCTTGTAAGATG,1
GATCCTGGGGAGAGTC,1
GATCGACATCGACTTC,1
GATCGCCACCGACTTC,1
GATCGCCACCGATAAG,1
GATCGCCACTGACAAG,1
GATCGCCACTGAGAAG,1
GATCGCCACTGATAAC,1
GATCGCCACTGATAAT,1
GATCGCCACTGATAGG,1
GATCGCCACTGTTAAG,1
GATCGCCATCAACTTC,1
GATCGCCATCGACATC,1
GATCGCCATCGACCTC,1
GATCGCCATCGACGCC,1
GATCGCCATCGACGTC,1
GATCGCCATCGATTTC,1
GATCGCCATCGGCTTC,1
GATCGCCATGGACTTC,1
GATCGCCATTGATGGG,1
GATCGCTGGCACCCGT,1
GATCTGGGGGAGAGTC,1
GATCTTAGGGAGAGTC,1
GATCTTGGGAAGAGTC,1
GATCTTGGGGAGAATC,1
GATCTTGGGGAGACTC,1
GATCTTGGGGAGAGTT,1
GATCTTGGGGAGGGTC,1
GATCTTGGGGATAGTC,1
GATGCAGATGCCCACC,1
GATGGGATACGTCACC,1
GATGTCGTATCCACAG,1
GATTAAGAGAAGTGCG,1
GATTAAGATGCCCACC,1
GATTCACATGCCCACC,1
GATTCAGATGCACACC,1
GATTCAGATGCCCAAC,1
GATTCGTGAGTACTAG,1
GATTGAGACGCGCAAG,1
GATTGCCATCGACTTC,1
GATTTAGATGCCCACC,1
GCAAACAATGTAGTGG,1
GCAAACAGGGTAGTTG,1
GCAAACAGTGGAGTTG,1
GCAAACAGTGTAATTG,1
GCAAACAGTGTAGGAT,1
GCAAACAGTGTAGGGG,1
GCAAACAGTGTAGGTG,1
GCAAACAGTGTAGTTA,1
GCAAACAGTGTATTTG,1
GCAAACATTGTAGTTG,1
GCAAAGAGGTGTAACC,1
GCAAATAGTGTAGTTG,1
GCAACAAGGTGTAACC,1
GCAACACAAAAAATTA,1
GCAACAGTACTAGCAA,1
GCAACGAGGTGCAACC,1
GCAAGGAGGTGTAACC,1
GCAATAGTCCTAGCAA,1
GCAATGAGGTGTAACC,1
GCACATCCTAGTGACG,1
GCACCCTCAACTCCTA,1
GCAGACAGTGTAGTTG,1
GCAGCAGTCCTAGCAA,1
GCAGCCTCAACTCCTA,1
GCAGCGGGCCGGTCAT,1
GCAGCGTGCCAGTCAT,1
GCAGCGTGCCGGCCAT,1
GCAGCGTGCCGGTAAT,1
GCAGCGTGCCGGTCAA,1
GCAGCGTGCCGGTCGT,1
GCAGCGTTCCGGTCAT,1
GCATAAAGGATCATGA,1
GCATCCACAACTCCTA,1
GCATCCTAAACTCCTA,1
GCATCCTCAAATCCTA,1
GCATCCTCAACCCCTA,1
GCATCCTCAACTACTA,1
GCATCCTCAACTCACA,1
GCATCCTCAACTCCAA,1
GCATCCTCAACTCCTT,1
GCATCCTCAGCTCCTA,1
GCATGAAACTAACTCC,1
GCATGGAACTAACCCC,1
GCATGGAACTAAGTCC,1
GCATGGAACTACTGCT,1
GCATGGAACTTACTCC,1
GCATGGAATTAACTCC,1
GCATGGATCTAACTCC,1
GCCAAGTTACGGATGG,1
GCCAAGTTTCATAGCG,1
GCCACTGCGGCGGGGG,1
GCCACTGCGGCGTGGG,1
GCCAGCAATGAGTTGT,1
GCCAGCTCGTACCCCT,1
GCCAGCTCGTATCACT,1
GCCAGCTCGTATTCCT,1
GCCAGCTCGTTTCCCT,1
GCCATCTCGTATCCCT,1
GCCATGTACTGAAGGG,1
GCCATTTAATGAAGGG,1
GCCATTTACTGAAGAG,1
GCCATTTACTGAAGCG,1
GCCATTTACTGAAGGT,1
GCCATTTACTGAAGTT,1
GCCATTTACTGAATGA,1
GCCATTTACTGATGGG,1
GCCATTTGCGGAAGGG,1
GCCATTTGCTGAAGGG,1
GCCCTCCTCTAAAGTT,1
GCCGCGGCGGCGTGTG,1
GCCGCTGCGGAGTGTG,1
GCCGCTGCGGCGCGTG,1
GCCGCTGCGGCTTGTG,1
GCCGCTGTGGCGTGTG,1
GCCGGCGTTAGTATCA,1
GCCGGCGTTAGTGGCA,1
GCCGGCGTTAGTGTAA,1
GCCGGTGACGGAAGGG,1
GCCGTTGCGGCGTGTG,1
GCCTAAAGAATCATGA,1
GCCTAAAGGATCAGGA,1
GCCTAAAGGATCATAA,1
GCCTAAAGGATCGTGA,1
GCCTAAAGGATTATGA,1
GCCTCTGCGGCGTGTG,1
GCCTGCGCGGCTCGGG,1
GCCTGCGTTAGTGTCA,1
GCCTTCGCGCGCAGTC,1
GCCTTTGAGCGCAGTC,1
GCCTTTGCACGCAGTC,1
GCCTTTGCGAGCAGTC,1
GCCTTTGCGCGCAGCC,1
GCCTTTGCGCGCGGTC,1
GCCTTTGCGCTCAGTC,1
GCCTTTGCGTGCAGTC,1
GCGAAATTTCATAGCG,1
GCGAACGAAGGAGGAG,1
GCGAACGAAGTAGGAG,1
GCGAAGTCTCATAGCG,1
GCGAAGTTTCAAAGCG,1
GCGAAGTTTCACAGCG,1
GCGAAGTTTCATGGCG,1
GCGACAGTCCTAGCAA,1
GCGAGCGAGAAAAGCA,1
GCGAGGTTTCATAGCG,1
GCGCATCCTAGTGACG,1
GCGGAGTTTCATAGCG,1
GCGGATAAATCAGAAC,1
GCGGGGATACGTCACC,1
GCGGGGATTGGCTGTT,1
GCGGTATCAAGCCGGG,1
GCGTCCTCAACTCCTA,1
GCGTCGCACTACTGCT,1
GCTAGCTCGTATCCCT,1
GCTGGAAATGAGTTGT,1
GCTTGACATAGCGATG,1
GGAAACAGTGTAGTTG,1
GGAAGGGGGAGACAGA,1
GGACAAACAGGCAAAT,1
GGACAGACAGGCAAAT,1
GGACGAATGGGATTCC,1
GGAGATACGAGGACCA,1
GGAGCGTGCCGGTCAT,1
GGAGTGCTGCTGAAGT,1
GGAGTTTGGACAGTGA,1
GGATAAGAGGGCAGAG,1
GGATGGAACTAGCTCC,1
GGCAAGTTACGGGGGG,1
GGCAGCTCGTATCCCT,1
GGCCCCTTGTAAGATG,1
GGCGGCGTTAGTGTCA,1
GGCGGGATGGGCACGT,1
GGCTATTCCGGCGCGG,1
GGCTGAATTAAGTATG,1
GGGAGTATGAAGAGCG,1
GGGCGATGGTCCGGAA,1
GGGCGCCGGAGGAGTA,1
GGGGAAACTATAACCA,1
GGGGGAGCCAGTCTGA,1
GGGGGGAACGGGAAGC,1
GGGGGGGCCTGCAAAT,1
GGGGGGGGGAAGGGCG,1
GGGGGGTAGAGGGGGG,1
GGTAAACATGCATTGG,1
GGTAGATGGAACACGG,1
GGTCAAGGGAAGGGTG,1
GGTCCATCGCAGATCG,1
GGTCCATCTCAGAACG,1
GGTCCATCTCAGAGCG,1
GGTCCATCTCAGATCC,1
GGTCCATTTCAGATCG,1
GGTCGATCTCAGATCG,1
GGTCGCCATCGACTTC,1
GGTGCTCCGACACGCC,1
GGTGGAGCGCCCTTAC,1
GGTGGCCATCGACGGC,1
GGTGTTGGAGGGGGTG,1
GGTTGAGCCAGTCTGA,1
GTAAACAAAGTTGACC,1
GTAACAAGTTCCTGCG,1
GTAACAGTCCTAGCAA,1
GTAACGAGGTGTAACC,1
GTAACTGAGGGCATTG,1
GTAAGAGGAGGCAGAT,1
GTAAGCAAAGCTGACC,1
GTAAGCAAAGTCGACC,1
GTAAGCAAAGTGGACC,1
GTAAGCAAAGTTGTCC,1
GTAAGCTCCATGGAGT,1
GTAAGCTTAATGGAGT,1
GTAAGCTTCATGGAGC,1
GTAAGCTTCATGGTGT,1
GTAAGGAAAGTTGACC,1
GTAATTCGCATGAGGA,1
GTACAAACCGGCAAAG,1
GTACAAACCTGCAATT,1
GTACAAACGTGCAAAT,1
GTACACACCTGCAAAT,1
GTACATCCTAGTGAAG,1
GTACCCAGTTCATGAG,1
GTACCCAGTTCCTCCG,1
GTACCCAGTTCCTGCC,1
GTACCCAGTTCCTTCT,1
GTACCCAGTTCTTGCG,1
GTACCCAGTTTCTGCG,1
GTACCGAGTTCCTGCG,1
GTACCTAGTTCCTGTG,1
GTACTCAGTTCCTGCG,1
GTAGAAACTAGGACCA,1
GTAGAACGGCGGCCCC,1
GTAGAACTACGGCCCC,1
GTAGAACTGCCGCCCC,1
GTAGAACTGCGACCCC,1
GTAGAACTGCGGCCCG,1
GTAGAACTGCGTCTCC,1
GTAGAACTGCTGAAGT,1
GTAGAATCGCAAATTA,1
GTAGATACCAGGACCA,1
GTAGATACCTGCAAAT,1
GTAGATACTAGAACCA,1
GTAGATACTAGGACCG,1
GTAGATACTAGTACCA,1
GTAGATACTATGACCA,1
GTAGCCAGTTCCTGCG,1
GTAGCCGCTAATCCGA,1
GTAGGACTGCGGCTCC,1
GTAGTACGCTGAATGA,1
GTATAACTGGGGCCCC,1
GTATAAGCAGGTAAGG,1
GTATCTGTAGAGCGCT,1
GTATGAAGGGGGTGGT,1
GTATGGAACTAACTCC,1
GTCAACTTACGGATGG,1
GTCAAGTTACGAATGG,1
GTCAAGTTACGGAAGG,1
GTCAAGTTACGGACGG,1
GTCAAGTTACGGAGGG,1
GTCAAGTTACGGATAG,1
GTCAAGTTACGGATCG,1
GTCAAGTTACTGATGG,1
GTCAAGTTAGGGATGG,1
GTCAGGTTACGGATGG,1
GTCCCATCCTGGAATG,1
GTCCGTCAGAATAAAC,1
GTCCGTCAGCATAAAT,1
GTCCTTCAGCATAAAC,1
GTCGCATACTGGAATG,1
GTCGCATCATGGAATG,1
GTCGCATCCGGGAATG,1
GTCGCATCCTGGAATA,1
GTCGCATCCTGGAGTG,1
GTCGCATCCTGGGATG,1
GTCGCCGCTAAGCCGA,1
GTCGCCTCTAATCCGA,1
GTCGGGATGGGCACGT,1
GTCGTATCAAGCCGGG,1
GTCGTATCCTGGAATG,1
GTGAAAAAATCAGAAA,1
GTGAACTTGTCGATAT,1
GTGAATCCTAGTGACG,1
GTGAGAATGTGGGGTA,1
GTGAGCAAGAAAAGCA,1
GTGAGCGAGAAAAGCT,1
GTGAGCGAGAAGAGCA,1
GTGAGCGGGAAAAGCA,1
GTGAGCTAGAAAAGCA,1
GTGAGGGATTCAACTC,1
GTGATCGAGAAAAGCA,1
GTGCATACTAGTGACG,1
GTGCATCCTAATGACG,1
GTGCATCCTAGTGAAG,1
GTGCATCCTAGTGACA,1
GTGCATCGTAGTGACG,1
GTGCCATTGTCCGGAA,1
GTGCGATCGTCCGGAA,1
GTGCGATGGGCCGGAA,1
GTGCGATTATCCGGAA,1
GTGCGATTGGCCGGAA,1
GTGCGATTGTAAGATG,1
GTGCGATTGTCCCGAA,1
GTGCGATTGTCCGCAA,1
GTGCGATTGTGCGGAA,1
GTGCTATTGTCCGGAA,1
GTGGCATCCTGGAATG,1
GTGGCTCCGACACGCC,1
GTGGGAGTGGAGAAAC,1
GTGGGGATACGTCACC,1
GTGGTATCAAGCCCGG,1
GTGGTATCATGCCGGG,1
GTTAAGTTACGGATGG,1
GTTAGGTATTATATGC,1
GTTATATCCAACACCA,1
GTTATCATGACTTCAT,1
GTTATTACTAGCCGGA,1
GTTATTATAACTTCAT,1
GTTATTATGACTCCAT,1
GTTATTATGACTTTAT,1
GTTATTATGAGTTCAT,1
GTTATTATTACTTCAT,1
GTTATTGTGACTTCAT,1
GTTCAAACCTGCAAAT,1
GTTCCGAATGGGGTAG,1
GTTGAACTGCGGCCCC,1
GTTGATCCGACACGCC,1
GTTGCCGCTAATCCGA,1
GTTGCGCCGACACGCC,1
GTTGCTACGACACGCC,1
GTTGCTCCAACACGCC,1
GTTGCTCCCACACGCC,1
GTTGCTCCGACACGAC,1
GTTGCTCCGACATGCC,1
GTTGCTCTGACACGCC,1
GTTGTATCAAGCCGGG,1
TAAAAAGCATCCATGA,1
TAAAAAGCCTCCACGA,1
TAAAAAGCCTCCAGGA,1
TAAAAAGCCTCCATGG,1
TAAAAAGCTTCCATGA,1
TAAAAAGTCTCCATGA,1
TAAAGAGCCTCCATGA,1
TAAAGCCCCGTGCAAT,1
TAAATACCGACGCAGT,1
TAACAAGCCAGCAAGA,1
TAACGCGATTTCTCGA,1
TAACGGGATTTCGCGA,1
TAACGTAATTTCTCGA,1
TAACGTGAATTCTCGA,1
TAACGTGGTTTCTCGA,1
TAAGAAGCCTCCATGA,1
TAAGCTCTTTTCGTTC,1
TAAGGCGCGCCTTCAA,1
TAAGGTGATTTCTCGA,1
TAAGTACGCTGAATGA,1
TAAGTGCTGCTGAAGT,1
TAATAAGACAGCAAGA,1
TAATAAGAGAAGTGCG,1
TAATAAGCAAGCAAGA,1
TAATAAGCCAGCAAGC,1
TAATAAGCCATCAAGA,1
TAATAAGCCGGCAAGA,1
TAATAAGCGAGCAAGA,1
TAATAATAGAACAGAG,1
TAATAGCAATAAAATC,1
TAATGAGCCAGCAAGA,1
TACAAAAGGGACATAT,1
TACAAGAGAGTGGTCC,1
TACAGTGGTATACATA,1
TACATAACGACGCAGT,1
TACATACCGAAGCAGT,1
TACATACCGACACAGT,1
TACATACCGACGCAGA,1
TACATACCGACGCAGG,1
TACATACCGACGGAGT,1
TACATACCGACTCAGT,1
TACATACCGATGCAGT,1
TACATACTGACGCAGT,1
TACCAATCTTCGAACT,1
TACCAGCAATAAAATC,1
TACCATTGTCGGAAAG,1
TACCCGCTGCGGAACG,1
TACCCTACAAGCCACT,1
TACCCTCCAAGCCACT,1
TACCCTGCAAACCACC,1
TACCCTGCAACCCACT,1
TACCCTGCAAGAAACT,1
TACCCTGCAAGCCAGT,1
TACCCTGCAAGCCCCT,1
TACCCTGCAAGGCACT,1
TACCCTGCAATCCATT,1
TACCCTGCTAGCCACT,1
TACCGTGCAAGCCACT,1
TACCTACGGGACGTAA,1
TACCTGATGCGGAACG,1
TACCTGCTGCGAAACG,1
TACCTGCTGCGGAACA,1
TACCTGCTGCGGAAGG,1
TACCTGCTGCGGAATG,1
TACCTGCTGCGGAGCG,1
TACCTGCTTCGGAACG,1
TACGGATAACCCTGCG,1
TACGGTGGTCGATCCG,1
TACGTACCGACGCAGT,1
TACTAACGCCGTTGTC,1
TACTAAGAGAAGTGCG,1
TACTAAGGCCGTGGGC,1
TACTAAGGCCGTTGTC,1
TACTAATACCGTTGTC,1
TACTAATGCCGCTGTC,1
TACTAATGCCGTCGTC,1
TACTAATGCCGTTATC,1
TACTAATGCCGTTGTT,1
TACTAATGCGGTTGTC,1
TACTAATGCTGTTGTC,1
TACTAGCAATAAAATA,1
TACTAGCAATGAAATC,1
TACTATCAATAAAATC,1
TACTCATAACCCTGCG,1
TACTCCTAACTAGCGA,1
TACTCTGCAAGCCACT,1
TACTGACAACCCTGCG,1
TACTGATAACACTGCT,1
TACTGATAACCCTACG,1
TACTGATAACCCTCCG,1
TACTGATAACCCTGCC,1
TACTGATAACCCTGCT,1
TACTGATAACCCTTCG,1
TACTGCGCGGCTCGGG,1
TACTGGCAATAAAATC,1
TACTGGTAACCCTGCG,1
TAGAAAGCCTCCATGA,1
TAGAATTGTCGGAAAG,1
TAGAGCTGCAGAAGCG,1
TAGAGTTAATATGCGC,1
TAGATACCGACGCAGT,1
TAGATTACTAGCCGGA,1
TAGATTGATTGAAGTT,1
TAGCACTGTCGGAAAG,1
TAGCAGTGGCGGAAAG,1
TAGCATCAGCACCTAG,1
TAGCATGGGCGGAAAG,1
TAGCATGGTTGGAAAG,1
TAGCATTGTCCGAAAG,1
TAGCATTGTCGCAAAT,1
TAGCATTGTCGGAACT,1
TAGCATTGTCGGTAAG,1
TAGCATTGTCGTAAAG,1
TAGCATTTTCGGAAAG,1
TAGCGGATAGTAACTC,1
TAGCGTTGTCGGAAAG,1
TAGCTAATAGTAACTC,1
TAGCTCCTGAGTAGTA,1
TAGCTGAGAGTAACTC,1
TAGCTGATAGTAAATC,1
TAGCTGATAGTAACCC,1
TAGCTGATAGTAACGC,1
TAGCTGATAGTAGCTC,1
TAGGGGATACGTCACC,1
TAGTAAGAGGAGGGCG,1
TAGTAATGCCGTTGTC,1
TAGTTGATAGTAACTC,1
TATAATAGGCGTCACA,1
TATACTAGTAACATAA,1
TATACTCACGGGGGAT,1
TATACTCACTGAGGAT,1
TATATACCGACGCAGT,1
TATATCGTATCCACAG,1
TATATGAGTAACATAA,1
TATATTAGGAACAGAA,1
TATATTAGTAACATGA,1
TATCAAGAGAAGTGCG,1
TATCACGCAGAAAAAG,1
TATCCAAGGAACGGAC,1
TATCCAAGGGATGGAC,1
TATCGCCACTGATAAG,1
TATCGCTGGCACCCGT,1
TATCTCGTATCCACAG,1
TATGCAGAGTTGGTTG,1
TATGGCGTATCCACAG,1
TATGGGAAGGGCCACT,1
TATGTCGTATCCACTG,1
TATGTCGTATCTACAG,1
TATGTCGTGGCCACAG,1
TATTAACAGAAGTGCG,1
TATTAAGACGCGCAAG,1
TATTAAGAGAAGTACG,1
TATTAAGAGAAGTGCC,1
TATTAAGAGAAGTGGG,1
TATTAAGAGAGGTGCG,1
TATTAAGATAAGTGCG,1
TATTAATAGAAGTGCG,1
TATTAATGCCGTTGTC,1
TATTACTAACTAGCGA,1
TATTCCTAACTAACGA,1
TATTCCTAACTGGCGA,1
TATTCCTTACTAGCGA,1
TATTGAGCCAGTCTGA,1
TCAAACAGTGTAGTTG,1
TCAATCAGGGGCTAAA,1
TCAATCGGGGACTAAA,1
TCAATCGGGGCCTAAA,1
TCAATCGGGGGATAAA,1
TCAATCGGGGGCGAAA,1
TCAATCGGGGGCTAAT,1
TCAATCGGGGGCTATA,1
TCAATCGGGGTCTAAA,1
TCAATCGGGTGCTAAA,1
TCAATGTAGCCGCTCC,1
TCAATTGGGGGCTAAA,1
TCACGACCCGACTAAC,1
TCACGACTCGACTAAT,1
TCACGACTCGACTGAC,1
TCACGGGTGTACGAGA,1
TCAGGGGTGTACGAGA,1
TCATCCTCAACTCCTA,1
TCATGACTCGACTAAC,1
TCATGGGTCTACGAGA,1
TCATGGGTGTACGAGG,1
TCATGGGTGTACGAGT,1
TCATGGGTGTACGGGA,1
TCATGGGTGTAGGAGA,1
TCCAAACCCCTAGCTA,1
TCCACACGCCTAGCTA,1
TCCACCGCGGTAAGAG,1
TCCAGCGCGGCAAGAG,1
TCCAGCGCGGTAAGAC,1
TCCAGCGCGGTAAGGG,1
TCCAGCGCGGTAAGTG,1
TCCAGCGCGGTAGGAG,1
TCCAGCGCGGTGAGAG,1
TCCAGCGGGGTAAGAG,1
TCCAGCTCTGTAAGAG,1
TCCAGTGCGGTAAAAG,1
TCCCCGCTGTTTAAAA,1
TCCCTCCTCTAAAGTT,1
TCCCTTCAACTAAAAA,1
TCCGGCGCGGGAAGAG,1
TCCGTCGTACACACCA,1
TCCTAAAGGATCATGA,1
TCCTAGAGTGAACGAT,1
TCCTCCGTTGGGAACT,1
TCCTTACCACTCCATC,1
TCCTTTACGGATCTCT,1
TCCTTTGCGCGCAGTC,1
TCGAACGAACTAGGAG,1
TCGAACGAAGCAGGAG,1
TCGAACGAAGTAAGAG,1
TCGAACGAAGTACTAG,1
TCGAACGAAGTAGGAA,1
TCGAACGAAGTAGGAC,1
TCGAACGAGGTAGGAG,1
TCGAACGATGTAGGAG,1
TCGAACGGAGTAGGAG,1
TCGAACTAAGTAGGAG,1
TCGAGTTAATATGCAC,1
TCGAGTTAATATGTGC,1
TCGAGTTAATATTCGC,1
TCGAGTTGATATGCGC,1
TCGATTACTAGCAGGA,1
TCGATTACTAGCTGGA,1
TCGATTACTGGCCGGA,1
TCGATTTAATATGCGC,1
TCGCCCGTTGGGAACT,1
TCGCGACTCGACTAAC,1
TCGCTCCAACTAAAAA,1
TCGCTTAAACTAAAAA,1
TCGCTTCAAATAAAAA,1
TCGCTTCAACTAAAAT,1
TCGCTTCAACTAAGAA,1
TCGCTTCAATTAAAAA,1
TCGGCCGTTGGGAACT,1
TCGGGCACTAAATTAA,1
TCGTAGTCCTCGTATG,1
TCGTATCAGTCGCGCC,1
TCGTCAGTTGGGAACT,1
TCGTCCATTAAGATCA,1
TCGTCCCTTGGGAACT,1
TCGTCCGTCGGGAACT,1
TCGTCCGTTGCGAACT,1
TCGTCCGTTGGAAACT,1
TCGTCCGTTGGGAACA,1
TCGTCCGTTGGGAAGC,1
TCGTCGCACTACTCCT,1
TCGTCGCACTACTGCA,1
TCGTCGCACTACTGCG,1
TCGTCGCACTACTGTT,1
TCGTCGCACTGCTGCT,1
TCGTCGCATTACTGCT,1
TCGTCGCTCTACTGCT,1
TCGTCGTACTACTGCT,1
TCGTCTCACTACTGCT,1
TCGTGCGTTGGGAACT,1
TCGTTGCACTACGGCT,1
TCGTTGCACTACTGCC,1
TCGTTGCGCTACTGCT,1
TCTAACAGTGTAGTTG,1
TCTAACTATCGCGGCA,1
TCTAACTCCCGCGGCA,1
TCTAACTCTAGCGGCA,1
TCTAACTCTCCCGGCA,1
TCTAACTCTCGCGGCG,1
TCTAACTCTCGCGGGA,1
TCTAACTCTGGCGGCA,1
TCTAGCGCGGTAAGAG,1
TCTAGTTAATATGCGC,1
TCTCACAGAACCTATC,1
TCTCAGAGTGAACGAT,1
TCTCAGCGCTTAGCCG,1
TCTCAGCTCTTAGCCT,1
TCTCAGCTCTTATCCG,1
TCTCAGGTCTTAGCCG,1
TCTCAGTCCTCGTATG,1
TCTCCGGATAAAGTAG,1
TCTCGTGATACTCACA,1
TCTCTACCACTGCATC,1
TCTGAGTCCTCGTATG,1
TCTGGAAAAGATCCCC,1
TCTGGACATAGCGATG,1
TCTGGAGACGATCCCC,1
TCTGTCTAGAAATTTT,1
TCTTAGAGGGAACGAT,1
TCTTAGAGTAAACGAT,1
TCTTAGAGTGAAAGAT,1
TCTTAGAGTTAACGAT,1
TCTTAGCCCTCGTATG,1
TCTTAGGCCTCGTATG,1
TCTTAGTCATCGTATG,1
TCTTAGTCCTCATATG,1
TCTTAGTCCTCCTATG,1
TCTTAGTCCTCGTAAT,1
TCTTAGTCCTTGTATG,1
TCTTATAGTGAACGAT,1
TCTTATCAGGCGGCAT,1
TCTTATGATTTTCGAG,1
TCTTATTACGCGGCAT,1
TCTTATTAGGCCGCAT,1
TCTTATTAGGCGGCAG,1
TCTTATTAGGCGGCGT,1
TCTTATTAGGCGGGAT,1
TCTTATTAGGCTGCAT,1
TCTTCACCACTGCATC,1
TCTTGAAATAGCGATG,1
TCTTGACATAACGATG,1
TCTTGACATACCGATG,1
TCTTGACATAGCCATG,1
TCTTGACATAGCGAAG,1
TCTTGACATAGCGTTG,1
TCTTGACATAGGGATG,1
TCTTGACATATCGATG,1
TCTTGATATAGCGATG,1
TCTTTACATAGCGATG,1
TCTTTACCACCGCATC,1
TCTTTACCACTGCAAC,1
TCTTTACCACTGCATG,1
TCTTTACCACTGCTTC,1
TCTTTACCAGTGCATC,1
TCTTTACCATTGCATC,1
TCTTTACCGCTGCATC,1
TCTTTACGACTGCATC,1
TCTTTATCACTGCATC,1
TGAAAACAATACAAAT,1
TGAAAAGCCTCCATGA,1
TGAAACACGTCCCAGT,1
TGAAGTGGTATAAATA,1
TGACAACAACACAAAT,1
TGACAACAATAAAAAT,1
TGACAACAATACATAT,1
TGACAACAATACGAAT,1
TGAGCGGTGACATTGC,1
TGATAACAATACAAAT,1
TGATAAGCCAGCAAGA,1
TGATAGTGGGAAGGGG,1
TGATATGTGACATTGC,1
TGATCCGTGACATTGC,1
TGATCGGTGACATTGC,1
TGATCGTGGACATGTA,1
TGATCTATGACATTGC,1
TGATCTCTTACATTTA,1
TGATCTGTAGGGCGCT,1
TGATCTGTCACATTGC,1
TGATCTGTGACACTGC,1
TGATCTGTGACATGGC,1
TGATCTGTGACATTAC,1
TGATCTGTGACATTCC,1
TGATCTGTGACATTGG,1
TGATCTGTGACGTTGC,1
TGATCTTATACATTTA,1
TGATCTTCTACATTTA,1
TGATCTTTTACATCTA,1
TGATCTTTTACATTTT,1
TGATCTTTTACGTTTA,1
TGATCTTTTGCATTTA,1
TGCAATAGGCGTCACA,1
TGCAGCATTGGTCGCC,1
TGCAGGATAATCGCGC,1
TGCAGTAGTATACATA,1
TGCAGTGATATACATA,1
TGCAGTGGCATACATA,1
TGCAGTGGTATACGTA,1
TGCAGTGGTATATGTG,1
TGCAGTGGTATGCATA,1
TGCAGTGGTCGATCCG,1
TGCAGTGGTGTACATA,1
TGCATACCGACGCAGT,1
TGCCGTGGTCGATCCG,1
TGCGGGGGGCGATCCG,1
TGCGGTAGTCGATCCG,1
TGCGGTGGCCGATCCG,1
TGCGGTGGTCAATCCG,1
TGCGGTGGTCGAACCG,1
TGCGGTGGTCGACCCG,1
TGCGGTGTTCGATCCG,1
TGCTACTCCGGCGCGG,1
TGCTATTACGACGCGG,1
TGCTATTCCAGAGCGG,1
TGCTATTCCGGCCCGG,1
TGCTATTCCGGCGGGG,1
TGCTATTCCGGTGCGG,1
TGCTATTGCGGCGCGG,1
TGCTGTGGTCGATCCG,1
TGGAACCGTCACCGAT,1
TGGAAGAGGCGTCACA,1
TGGAATCGCCACCGAT,1
TGGAATCGTCAACGAT,1
TGGAATCGTCACCAAT,1
TGGAATCGTCACCGAA,1
TGGAATCGTCACCGAG,1
TGGAATCGTCACCGGT,1
TGGAATCGTCACGGAT,1
TGGAGTATGAAGAGCG,1
TGGAGTATGGAGAGCG,1
TGGAGTCGTCACCGAT,1
TGGAGTGGTATACATA,1
TGGATTCGAGGGGGGA,1
TGGCAACAATACAAAT,1
TGGCAGCGTGGGTTTG,1
TGGGAAATGTAAATGA,1
TGGGAATCTCCCATAC,1
TGGGGCACTAAATTAA,1
TGGGTTCATAGCTCCA,1
TGGTACGCTTCATGCT,1
TGGTATCAGTAGCGCC,1
TGGTATCAGTCGCGCC,1
TGGTCCGATTCATGCT,1
TGGTCCGCCTCATGCT,1
TGGTCCGCTTCATGAT,1
TGGTCCGCTTCATGCC,1
TGGTCCGCTTCATGTT,1
TGGTCCGCTTCGTGCT,1
TGGTCGCACTACTGCT,1
TGGTCTGTGACATTGC,1
TGGTCTTTTACATTTA,1
TGGTTCAGACTCTTGC,1
TGGTTGGAGAGAGGGG,1
TGTAATAGCCGTCACA,1
TGTAATAGGCCTCACA,1
TGTAATAGGCGCCACA,1
TGTAATAGGCGTCACC,1
TGTAATAGGGACATAT,1
TGTAATAGGTGTCACA,1
TGTAATTGGCGTCACA,1
TGTACAGTGTAATCGA,1
TGTAGGGGTAGAAATA,1
TGTATATCCAACACCA,1
TGTATGGCGAGATGCG,1
TGTCACAGAACCTATC,1
TGTCAGGATAAAGTAG,1
TGTCCAGATAAAGTAG,1
TGTCCGGAGAAAGTAG,1
TGTCCGGATAAAGTGG,1
TGTGCGGATAAAGTAG,1
TGTGGAGAGCCCTTAC,1
TGTGGAGCACCCTTAC,1
TGTGGAGCGCCATTAC,1
TGTGGAGCGCCCCTAC,1
TGTGGAGCGCCCTTAG,1
TGTGGAGCGCTCTTAC,1
TGTGGATCGCCCTTAC,1
TGTGGGGCGAGCTGAT,1
TGTGTATCCGGCAGCA,1
TGTGTTGGCTTGGTTA,1
TGTTAACTTTGGAAGC,1
TGTTAGAGTGAACGAT,1
TGTTATTCCGGCGCGG,1
TGTTGAACCAGTCTGA,1
TGTTGAGCCAGCCTGA,1
TGTTGAGCCAGGCTGA,1
TGTTGAGCCAGTCACA,1
TGTTGAGCCAGTCTGT,1
TGTTGAGCCAGTGTGA,1
TGTTGAGCCGCGCAAG,1
TGTTGAGCCGGTCTGA,1
TGTTGAGCGCCCTTAC,1
TGTTGGGCAAGTCGGG,1
TGTTGGGCCAGTCTGA,1
TGTTGTGCCAGTCTGA,1
TTAACTGTAGAGCGCT,1
TTAATATAGCCGCTCC,1
TTAATCGGGGGCTAAA,1
TTAATGCTGCATTAGG,1
TTAATGTAGACGCTCC,1
TTAATGTAGCCGCCCC,1
TTAATGTAGCCGCTAC,1
TTAATGTAGCCGGTCC,1
TTAATGTATCCGCTCC,1
TTAATGTGGCCGCTCC,1
TTAATTTAGCCGCTCC,1
TTACGAATGTGATTCC,1
TTACGAATTTGACTCC,1
TTACGAATTTGAGGCC,1
TTACGAATTTGATCCC,1
TTACGAATTTGATTCG,1
TTACGAATTTGATTGC,1
TTACGGATTTGATTCC,1
TTACGTGATACTCACA,1
TTAGAATCGCAAATTA,1
TTAGCTGTAGAGCGCT,1
TTAGGGAACGGGAAGC,1
TTAGTTCATAGCTCCA,1
TTATATCAGTAGCGCC,1
TTATCTCTAGAGCGCT,1
TTATCTGTAGAACGCT,1
TTATCTGTAGAGCCCT,1
TTATCTGTAGAGCGCA,1
TTATCTGTAGAGTTCT,1
TTATCTGTAGGGCGCT,1
TTATCTGTGACATTGC,1
TTATCTTTTACATTTA,1
TTATGGGTGTACGAGA,1
TTATGTGTAGAGCGCT,1
TTCAAATAATTGGCGC,1
TTCAGCGCGGTAAGAG,1
TTCATCAAGTTAGTGC,1
TTCCAGCGTTGTTTTG,1
TTCCTCCTGAGTAGTA,1
TTCGCATCCTGGAATG,1
TTCGGTGGTCGATCCG,1
TTCTCTCCAGACTCGT,1
TTCTGATAACCCTGCG,1
TTCTGTCAAGACTCGT,1
TTCTGTCCAGACCCGT,1
TTCTGTCCAGACTCTT,1
TTCTGTCCAGGCTCGT,1
TTCTGTCCTGACTCGT,1
TTCTGTCGAGACGCGT,1
TTCTGTCGAGACTCGT,1
TTCTGTTCAGACTCGT,1
TTGAAAAAATCATAGA,1
TTGAAAAAGTCATAAA,1
TTGAAGAAATCATAAA,1
TTGAATCGTCACCGAT,1
TTGACCCTAGATGGTA,1
TTGACGCACTACTGCT,1
TTGACTAACCGAATAA,1
TTGACTCACCGAAGAA,1
TTGACTCACCGAATAG,1
TTGACTCACCTAATAA,1
TTGACTTACCGAATAA,1
TTGCAATGGAAACATA,1
TTGCAATTGAAACAGA,1
TTGCAATTGAAACATG,1
TTGCAATTGAAGCATA,1
TTGCAGCGTTGTGTTG,1
TTGCAGTTGAAACATA,1
TTGCATCCTAGTGACG,1
TTGCGGAACGGGAAGC,1
TTGCTACTGAGTAGTA,1
TTGCTCCGGAGGAGTA,1
TTGCTCCGGAGTAGTA,1
TTGCTCCTCAGTAGTA,1
TTGCTCCTGAGTAATA,1
TTGCTCCTGAGTAGTT,1
TTGCTCCTGATTAGTA,1
TTGCTCCTGTGTAGTA,1
TTGCTCCTTAGTAGTA,1
TTGCTCTTGAGTAGTA,1
TTGGAAAAATCATAAA,1
TTGGACACTAAATTAA,1
TTGGCCCACGGGCATA,1
TTGGCTCTAGAGCTCT,1
TTGGGCACTAAATTAG,1
TTGGGCACTGAATTAA,1
TTGGGGAACGGAAAGC,1
TTGGGGAACGGCAAGC,1
TTGGGGAACGGGAAAA,1
TTGGGGAACGGGAACT,1
TTGGGGAACGGGAAGG,1
TTGGGGAACGGGAATA,1
TTGGGGAACGGGATGC,1
TTGGGTAACGGGAAGC,1
TTGTAATTGAAACATA,1
TTGTACCAGTAGCGCC,1
TTGTACCAGTCGCGCC,1
TTGTACCTGCAGTTGA,1
TTGTAGCAGTCGCGCC,1
TTGTAGTTGTCATGGG,1
TTGTATAAGTAGCGCC,1
TTGTATCAGTAGCACC,1
TTGTATCAGTAGCGTC,1
TTGTATCAGTAGTGCC,1
TTGTATCAGTCCCGCC,1
TTGTATCAGTCGCGTC,1
TTGTATCAGTTGCGCC,1
TTGTATCATTCGCGCC,1
TTGTCCGTTGGGAACT,1
TTGTCGCACTACTGCT,1
TTTAATAGGCGTCACA,1
TTTACAGAATACTAGA,1
TTTACTGCGCGAGAGT,1
TTTAGAGCCAACACCA,1
TTTAGATTATAACGTA,1
TTTAGTGATACTCACA,1
TTTATAACCAACACCA,1
TTTATAGCGAGAGTCA,1
TTTATATCCAACACCC,1
TTTATATCCAACACGA,1
TTTATATCCAACTCCA,1
TTTATATCCAAGACCA,1
TTTATATCCAATACCA,1
TTTATATCGAGATTCC,1
TTTATATCGAGATTCT,1
TTTATATCGAGGTTCA,1
TTTATATCGATATTCA,1
TTTATATCTAGATTCA,1
TTTATATTCAACACCA,1
TTTATCAAGTTGGTGC,1
TTTATTATGACTTCAT,1
TTTCACAGAACATATC,1
TTTCACAGAACCTAAC,1
TTTCACAGAACCTAGC,1
TTTCACAGAACCTATA,1
TTTCACAGAACCTGTC,1
TTTCACATAACCTATC,1
TTTCAGAGAACCTATC,1
TTTCAGCGCTGTTTTG,1
TTTCAGCGTCGTTTTG,1
TTTCAGCGTTGTTCTG,1
TTTCAGCGTTGTTTTA,1
TTTCATAGAACCTATC,1
TTTCCGGATAAAGTAG,1
TTTCGGCTCTTGATTA,1
TTTCGTGATACCCACA,1
TTTCGTGATACTCACT,1
TTTCGTGATACTCTCA,1
TTTCGTGATATTCACA,1
TTTGGGTCAGACGCGG,1
TTTGTCGTATCCACAG,1
TTTGTGAACGGGAAGC,1
TTTTAAATTATAGTCT,1
TTTTACAGAACCTATC,1
TTTTATCAGTCGCGCC,1
TTTTATTAGGCGGCAT,1
TTTTGACATAGCGATG,1
TTTTGGTGTGGTTTTG,1
TTTTGTCCAGACTCGT,1
TTTTTACCACTGCATC,1
