barcode,count
GGTCCATCTCAGATCG,24990
CGGTCGAGACTCATCT,2256
ACCGGAAGTTGCCAAG,1622
CTTAGGTATTACATGC,1255
TTGTATCAGTAGCGCC,841
CAGATAATATAGAGAC,760
ACCGAATAAATCATCC,494
TCGTTGCACTACTGCT,257
TTGTATAAGTCGCGCC,126
TATCTGATAGTAACTC,85
AGTCGTTTAAATAGTT,82
CGCGGCACCCTTCCGG,77
TTGTATCAGTCGCGTC,75
GTTACTATGACTTCAT,74
CATACGTATGTCCCAG,68
GTAGGCAAAGTTGACC,58
AGCATCTAACAGGTAG,51
GAAGTGTGTATTGAGT,49
AACAGGAGTCCATGTA,48
GTACAAACCTACAAAT,48
GTGCGATGGTCCGGAA,47
CGCAACACCCTTCCGG,46
TGCCATTCCGGCGCGG,46
CCCTGCGCGGCTCAGG,45
TTGGGGAACGGGAGGC,39
CCCTGCGGGGCTCGGG,37
CGTGTACCCTTCAGAA,37
TTTATATCCAACATCA,37
GACAAAGGGGACATAT,34
GTGGTATCGAGCCGGG,33
GCCACTGCGGCGTGTG,31
AGTGTACCCTTCAGCA,30
ATACAAACCTGCAAAT,29
TGACAACAATACAAGT,29
AAAAGCGCGCCTTCAA,28
CGTGTACCCCTCAGCA,27
GACCACCGAGTGACCG,27
GCATAGAACTAACTCC,27
AGGTCCCAGGTCCTTT,26
TTGGGGAACGGGAAGT,26
AGTGTTGAATAGGTGA,25
CGTGTACCCTTCATCA,25
TATACTCACAGAGGAT,25
CGGTCGGGCCTCATCT,24
CTTGCAGAATACTAGA,24
GTAGAACTGCGGTCCC,24
TGGACCCTAGATGGTA,24
TTACGAATTTGATTCT,24
AACGACAAACAGGAAG,23
CGTACAATGTAATCGA,23
GTACCCAGTTCCTGTG,23
GTAGAACTGCGGCCCA,23
AGTGTTGAATAGGAGA,22
ATACGGGTTGGCTGTA,22
CTTAGGTATTATATGT,22
TACCACCGAGTGACCG,22
CGTGTAACCTTCAGCA,20
GTAAAAACCTGCAAAT,20
TAATTAGAAATACATA,20
TACCCTGTAAGCCACT,20
TCGTCCATTGGGAACT,20
CCTTAATGCATTCCCG,19
CGTGTACCCTTCAGTA,19
TCATCCGTTGGGAACT,19
TGTGTACCCTTCAGCA,19
TGTTATTCCGGCGCGG,19
AACCACCGAGTGACCA,18
AACCACCGAGTGACTG,18
CGCGACACCCTTCCGT,18
AGAATAGGGATATGTG,17
CGTGTACCCTTAAGCA,17
CTTCGGCTCTTTATTA,17
GACGGTTCCGACTAAG,17
TTACAAACCTGCAAAT,17
AAGAAGACTTTGTAAT,16
CATGTACCCTTCAGCA,16
CTTACAGAATACTAAA,16
TTATCTGTAGAGCTCT,16
AAGGTCCGTATGTAAT,15
ATGGGATGGGAGAAAC,15
CAATTAAAAATACATA,15
GAGGGTTAGAGATACG,15
GGTGTTGAATAGGCGA,15
TAACGTGATTTCTCAA,15
TGCGACACCCTTCCGG,15
TGTTTTTATAACTTGC,15
TTTATATCCAACACCT,15
AACGGTTACGACTAAG,14
AAGAAGGCTTTGTGAT,14
AATTCGTAAGTACTAG,14
ACAGTCTAGAAATTTT,14
CCTTGATGCATTCCCA,14
CGAGACACCCTTCCGG,14
CGTGCACCCTTCAGCA,14
CTAGCACAGCGTAGGT,14
CTGAGGGACTCAACTC,14
GCACAAACCTGCAAAT,14
TCCAGCGAGGTAAGAG,14
TGGGAAATGTAAATGA,14
TTTATATCGAGAGTCA,14
TTTCATCGTTGTTTTG,14
AAATTAGAAATACATA,13
AACGGTTCCGACTGAG,13
AATCGCTGGCACCCAT,13
AATCGCTGGTACCCGT,13
AATGAAACAATCTAAC,13
AGCGACATCGCCCTTG,13
AGTCCATCTCAGATCG,13
ATAACGTTTGTGTAAA,13
ATGGAATTGGAGAAAC,13
CAATTAGAAATACATG,13
CCCTGCGCGGATCGGG,13
CCCTGTGCGGCTCGGG,13
CCGGATAAATAAGAAC,13
CGTGTACCATTCAGCA,13
CTATATTGCCAGGAAG,13
GAATTAGAAATACATA,13
GTACAAACCTTCAAAT,13
GTGGTATCAAACCGGG,13
TACTGATAACCCTGTG,13
TCCAGCGCGATAAGAG,13
TCGTCCATTAAGATCA,13
TCTTTACCACTACATC,13
AACCACCGAGTGACAG,12
AACCACCGAGTTACCG,12
AACGACAAACAGTAGG,12
ACCGAGTGAATCATCC,12
AGAAAATCTAAGATAC,12
AGTTGTGGTCTCCCTT,12
CATGGGAATTTCCACT,12
CCAAGCTTGGTGCATC,12
CCCTGCGCGACTCGGG,12
CCCTGCGTGGCTCGGG,12
CTATATTTCCCGGAAG,12
CTGGAGGCCTGGCCCA,12
GCCAGCTCGTATCCCC,12
GTACAAACCTGAAAAT,12
GTGGTATCAATCCGGG,12
GTTTAAATTATAGTCT,12
TGCTATTCCGGCGAGG,12
TGGCAACAATACAAAT,12
TGTGACCCCCTCCAAC,12
TTAAGAATTTGATTCC,12
TTATCTGTAGGGCGCT,12
AAAAAATTTATGAAAA,11
AACCACCGAATGACCG,11
AACCACCGGGTGACCG,11
CCATGCGCGGCTCGGG,11
CCCTGCGCGGCTAGGG,11
CTGAGGGATCCAACTC,11
CTTGTACCCTTCAGCA,11
GACGACAAACAGTAAG,11
GAGGGGTAGGGATACG,11
GGTCCATCTCAGATCA,11
GTACAAACCCGCAAAT,11
GTACCCAGTTCCCGCG,11
GTAGATAATAGGACCA,11
GTCAAGTTGCGGATGG,11
GTTCCATCTCAGATCG,11
TATCCTGCAAGCCACT,11
TATGCTCACGGAGGAT,11
TCCAGAGCGGTAAGAG,11
TCTTAGTCCCCGTATG,11
TGCAGTGGTATGCATA,11
TTGGGGAGCGGGAAGC,11
TTTATATCCAAAACCA,11
AACCACCGAGTGACCT,10
AAGAACCTCGTTGTCT,10
AAGCGGTGATATGATT,10
AAGTATGATTTTCGAG,10
AATGGGAATTGCCACT,10
AGGTTCGGACTCTTGC,10
CAAATGTTGCATTAGG,10
CAGAACCTCGTTATCT,10
CATTAAGAGAAGTGCG,10
CCCTATGAAATAGGCT,10
CCCTGCGAGGCTCGGG,10
CCCTGCGCGGCTCTGG,10
CCCTGCGCGTCTCGGG,10
CTATATTGTCCGGAAG,10
CTGGACTTATCTGTGG,10
GAAGTACGCTGAATGG,10
GAAGTGCGTATTGGGT,10
GAATAAGAGAACAGAG,10
GATCACACAGAAAAAG,10
GATTCGTGAGTACTAG,10
GTAAAACTGCGGCCCC,10
GTACAAACCTGTAAAT,10
GTACCAAGTTCCTGCG,10
GTACCCAGTTCCGGCG,10
GTAGAAATGCGGCCCC,10
GTCACATCCTGGAATG,10
GTGGTATCAAGCCTGG,10
GTGTGATTGTCCGGAA,10
GTTGCTCCGACACGCA,10
TACCCTGCAAGCCACC,10
TATACTCAAGGAGGAT,10
TATGTCGTATCCACGG,10
TCCAGCGCGGGAAGAG,10
TCCTATGAAATAAGCT,10
TCCTGCGCGGCTCGGG,10
TCTTAGTCCTCATATG,10
TGTGGAGCGCCCTCAC,10
TTACGAATTTGAGTCC,10
TTCATCAAGTTGGTGT,10
TTGGGGAACGGGAAGA,10
TTTAAGCGTTGTTTTG,10
AACCACAGAGTGACCG,9
AACCACCGAGTGAACG,9
AACCACCTAGTGACCG,9
AACGGTTCCGACGAAG,9
AATCGCTGTCACCCGT,9
ACAAGGGTTGGCTGTA,9
ACAATCTAAACCATAC,9
ACATGGAACTAACTCC,9
ACCAGAAATGAGTTGT,9
ACCTAATGAATCATCC,9
ACCTGCGCGGCTCGGG,9
ACGTGTCTCCGAGTAA,9
AGCATGGGGATATGTG,9
AGCCACCGAGTGACCG,9
AGGCCCGTAAGGAATA,9
ATAACGTTTGTACAAA,9
CAAATAGAAATACATA,9
CAAATGCTGCATTGGG,9
CAATTAGAAATAAATA,9
CAATTAGAAGTACATA,9
CACGACACCCTTCCGG,9
CATGTGAAGCCCAACA,9
CCCTGCGCGGCTCGTG,9
CCTTTCTAGTACGCTT,9
CGCGACACACTTCCGG,9
CGGACCCGAGATGGTA,9
CGTTTACCCTTCAGCA,9
CTATATTGCCCGTAAG,9
CTCAAATAGTTGGCGC,9
GAGGGGTAGAGAGACG,9
GAGGGGTGGAGATACG,9
GGTCGTTTAGATAGTT,9
GTAATTCGCGTGCGGA,9
GTACAACCCTGCAAAT,9
GTAGAACTGAGGCCCC,9
GTAGAACTGCGTCCCC,9
GTAGAACTGTGGCCCC,9
TACGGCCGGCGAACTC,9
TAGGCTCTAGAGCTCT,9
TATACAGAGTTTGTTG,9
TATACTCACGGAGGAC,9
TATGTAGTATCCACAG,9
TATTTCGTATCCACAG,9
TCCACATCAGAAGTAC,9
TCGAAAGAAGTAGGAG,9
TTATCTATAGAGCGCT,9
TTGGGGAACAGGAAGC,9
AACACGTAGAACCACC,8
AACAGAAGTCCAGGTA,8
AACCTACGAGAAGTAA,8
AACTGCGTTCATAGAT,8
AAGAAATTTATGACAA,8
AATCGCTGACACCCGT,8
AATCGCTGGCACCAGT,8
AATCGCTGGCACCCTT,8
AATCTCTGGCACCCGT,8
ACACGGGTTGGCTATA,8
ACCGAATGAATAATCC,8
ACGAAGTTTCATAGCG,8
ACGTGTCTCCTAGCAA,8
AGGAGTACGAAGAGCG,8
AGGGGATTGGAGAAAC,8
AGGTCGGGACTCATCT,8
ATAAAGTTTGTGCAAA,8
ATGGGATTGGGGAAAC,8
CAATTAGAAATGCATA,8
CAATTAGAACTACATA,8
CATGGGAATTGACACT,8
CATGGGAATTGTCACT,8
CATGGGTTAAGTTGTG,8
CCATATGAAATAAGCT,8
CCCTGCGCGGCTCGAG,8
CCCTTCGCGGCTCGGG,8
CGCTACACCCTTCCGG,8
CGGACCCTAGATGATA,8
CGTGTACCCTTCGGCA,8
CGTGTGCCCTTCAGCA,8
CTAGCACAGCGTAGGA,8
CTATTACGCTCCTACG,8
CTATTTAACAGAAGTA,8
CTCAATATCGTAGGAT,8
CTGAACTTATATGTGG,8
CTGGAGGCCTGTCCCC,8
CTTAGGTATTATATGA,8
GATCGCTGGCACCCGT,8
GCATCCTCAACTCCCA,8
GCATCCTCAACTCTTA,8
GCATGGAACTAACTCA,8
GCGTGTCTCCGAGCAA,8
GGGACTATAGTTGGCA,8
GGTCAATCTCAGATCG,8
GGTCCATCTCAGATCT,8
GGTCCATCTCGGATCG,8
GTACAAACCGGCAAAT,8
GTACAAACCTGCAAAC,8
GTACAAACCTGCAAAG,8
GTACAAACCTGCAGAT,8
GTGCAAACCTGCAAAT,8
GTGTTATCAAGCCGGG,8
TAAAGTGATTTCTCGA,8
TAATGGGTGTACGAGA,8
TACCCCGCAAGCCACT,8
TACCCTGAAAGCCACT,8
TATACTCATGGAGGAT,8
TATGTCGTAGCCACAG,8
TCAAGCGCGGTAAGAG,8
TCCATCGCGGTAAGAG,8
TCTAACGAAGTAGGAG,8
TCTCATTAGGCGGCAT,8
TCTTAGCCCTCGTATG,8
TCTTATTAGGTGGCAT,8
TCTTATTAGTCGGCAT,8
TGCGGTGGTAGATCCG,8
TGTCCGGATAAATTAG,8
TTATCTGTAGAGAGCT,8
TTTATATCCAACACCG,8
TTTATATCGAGATTCG,8
TTTTAAATTATAGTCT,8
AAAAAATTTATGACGA,7
AAACCCAGAAGACCCC,7
AAACCCATAAGACCCA,7
AACACGTAAAACCGCC,7
AACACGTAGAACCTCC,7
AACCAACGAGTGACCG,7
AACGGTGCCGACTAAG,7
AACGTTTCCGACTAAG,7
AAGGCTCTAGAGCTCT,7
AATCCCAGCGGGTGAT,7
AATCGCTTGCACCCGT,7
ACAAGATTCGGGGGGC,7
ACAAGCAATGAGTTGT,7
ACAGTATGATCTACGC,7
ACCAAATGAATCATCC,7
ACCAGCAATGAGTTGC,7
ACCGAATGAATCATCA,7
ACGGATAAATCAGAAC,7
ACGTCCATAAAGATCA,7
ACTCTGGTTCGCTAAT,7
ACTGGGTTAAGTTGTG,7
AGAAAATCTCGGATAC,7
AGCTCCTGGGGTATCG,7
AGGAAAGAAACTGGGG,7
AGTATTTGCTCTTCAA,7
AGTATTTGTGCTTCAA,7
AGTGTTGAATGGGCGA,7
AGTTGGGGTCTACCTT,7
AGTTTCAGACTCTTGC,7
ATAAACGAGGTTGTGA,7
ATAACGCTTGTGCAAA,7
ATCATAGGGATATGTG,7
ATCGCATCCTGGAATG,7
ATGGGATTGGAGAAAA,7
ATTAGGTATTATATGC,7
ATTCAGAATGGGGTAG,7
ATTCCGAATGTGGTAG,7
ATTCCTAATGGGGTAG,7
CAAATGCTACATTAGG,7
CAAATGCTGTATTAGG,7
CAGAACCTCGTTGTCA,7
CAGGATCTAGAGCTCT,7
CAGGCTCCAGAGCTCT,7
CATGGGAATTGCAACT,7
CCAACACAAAAAATGA,7
CCCTACGCGGCTCGGG,7
CCCTGCGCGGCTCGGT,7
CCGAACTTATCTGTGG,7
CCTGATAAATCAGAAC,7
CCTTGATGCATTCCCT,7
CCTTGATTCATTCCCG,7
CGAACCACAGACACGT,7
CGACTCCATGGACGCC,7
CGCGACAACCTTCCGG,7
CGCGACACCCTTCAGG,7
CGCGACACCCTTCCAG,7
CGCGACACCCTTCCTG,7
CGCGTACCCTTCAGCA,7
CGGACCCTAGATGGCA,7
CGGGCTCTAGAGCTCT,7
CGTATACCCTTCAGCA,7
CGTGCAGTGTAATCGA,7
CGTGTACCCTTCAACA,7
CGTGTACCCTTCAGCT,7
CGTGTATCCTTCAGCA,7
CTATATTACCCGGAAG,7
CTATATTGACCGGAAG,7
CTATATTGCCCTGAAG,7
CTATATTGCCTGGAAG,7
CTGTACCCGCAGTTGA,7
CTGTATTGCCCGGAAG,7
CTTAACTTATCTGTGG,7
CTTACAGAAGACTAGA,7
GAAAAATTTATGACAA,7
GAAAGCCCCGTTCAAT,7
GAAAGTCCATATGATG,7
GACTTTGCGCGCAGTC,7
GAGAGCTGAAGAAGCG,7
GAGGGGCAGAGATACG,7
GCATGGAACTAACCCC,7
GGTACATCTCAGATCG,7
GGTCCATCTAAGATCG,7
GTACAAAACTGCAAAT,7
GTAGAACTTCGGCCCC,7
GTGAGAGAGAAAAGCA,7
GTGCGATTGTCAGGAA,7
GTGGCATCAAGCCGGG,7
GTGGTATAAAGCCGGG,7
TAACGTGATTTCTCTA,7
TACCCTGCAATCCACT,7
TAGAACGAAGTAGGAG,7
TATGTCGTATCCAAAG,7
TCATCCTCAACTCCTA,7
TCCAGCGCGTTAAGAG,7
TCCAGCTCGTATCCCT,7
TCCGGCGCGGTAAGAG,7
TCGAACGAAGTGGGAG,7
TCGTCGCACTACTTCT,7
TCTAACTCTCGAGGCA,7
TCTAACTCTCGCGTCA,7
TCTAACTCTCGCTGCA,7
TCTTATTAGGAGGCAT,7
TCTTGACATAGTGATG,7
TCTTGACATGGCGATG,7
TCTTTACCACTTCATC,7
TGAACCGCAGACACGT,7
TGACTCCACGGACGCC,7
TGATCTGTGACATTAC,7
TGCGGTGGTTGATCCG,7
TTACGAATTTTATTCC,7
TTATCTGTAGAGCGCC,7
TTGAAAAAATCATAAG,7
TTGTATCAGTCGCTCC,7
TTTATATCCAACACAA,7
TTTATATCCAATACCA,7
TTTCAGAGTTGTTTTG,7
AAAAAATTTATGACAG,6
AAAAGAAGTCCATGTA,6
AAAGTCCACCATTGAG,6
AAATTCACGATATCCA,6
AACACGGAGAACCGCC,6
AACACGTGGAACCGCC,6
AACCACCGAGTGACTT,6
AACGAATGAATCATCC,6
AACTACAAACAGTAAG,6
AACTCCTGGGGTATCA,6
AATGAAACAATAGAAC,6
AATTAAACAATCGAAC,6
AATTAGTGAGTACTAG,6
AATTCATGAGTACTAG,6
ACAATCTGAACCATGC,6
ACAATCTTAACCATAC,6
ACACGGGTTGGATGTA,6
ACACGGTTTGGCTGTA,6
ACCAGCAATTAGTTGT,6
ACCAGCGCGGTAAGAG,6
ACCGAATGAACCATCC,6
ACGAACGAAGTAGGAG,6
ACGTATGATTTTAGAG,6
ACGTATGATTTTCGAT,6
ACGTATGATTTTCGGG,6
ACGTGTATCCGAGCAA,6
ACGTGTCTCCGATCAA,6
ACTGTCTAGGAATTTT,6
AGAAACACGTCCCAGT,6
AGCATAGGGATATGTT,6
AGCATCTAAAAGATAG,6
AGCATCTAACAGAGAG,6
AGCATCTAACAGATGG,6
AGCTCCGGGGGTATCA,6
AGCTCCTGGGGTATCT,6
AGCTCCTTGGGTATCA,6
AGGACTATAGTTGGTA,6
AGGAGTATGAAGAGTG,6
AGGTTCAGACTATTGC,6
AGGTTCAGACTCTTGT,6
ATAACGTTTGTGAAAA,6
ATAAGATTCGGGGGAC,6
ATAGCACAGCGTAGGC,6
ATAGGATATGTGGCTG,6
ATCTCCTGGGGTATCA,6
ATGGAGGCCTGGCCCC,6
ATTACGAATGGGGTAG,6
ATTCTGAATGGGGTAG,6
ATTGGATTGGAGAAAC,6
ATTGGGGCTACGTGAG,6
CAATTAGAAATACAGA,6
CACAGCCGGCGAACTC,6
CACCGCGCAGAGCACC,6
CAGATGCTGCATTAGG,6
CATGGGAATTGCCACG,6
CCAAGCTTGGAGCATC,6
CCAAGCTTGGCACATC,6
CCCCGCGCGGCTCGGG,6
CCCTATGAAATAATCT,6
CCCTGAGCGGCTCGGG,6
CCTGGGTTAAGTGGTG,6
CGCGACACCCTTACGG,6
CGGACCATAGATGGTA,6
CGGACCCTAGATGGGA,6
CGGGAACATACAGAAC,6
CGGGGACAATATTGTA,6
CGTGACACCCTTCCGG,6
CGTTCAGCGATAAAGG,6
CTCAATGTAGTAGGAT,6
CTGGGGGCCTGGCCCC,6
CTTACAGAATAATAGA,6
CTTCTGCTCTTGATTA,6
CTTGAGGCCTGGCCCC,6
GAAAGTCCCTATTATG,6
GACAAAATGGACATAT,6
GACCACGCAGAAAAAG,6
GAGAGATGCAGAAGCG,6
GAGAGCTGCAGAAGTG,6
GAGGGGTAGAGATAAG,6
GAGGGGTAGAGATATG,6
GATACAGAGTTTGTTG,6
GATCACCATCGACTTC,6
GCAAACAGTGTATTTG,6
GCAAGCTCGTATCCCT,6
GCCAACTCGTATCCCT,6
GCCGATTCACGAATAA,6
GCGAAGTTTCGTAGCG,6
GCGTCCATTAAGATCA,6
GGAAAATCTCAGATAC,6
GGAGCTAAAAAGAGGA,6
GGATCCCAGGTCCTTT,6
GGCCCATCTCAGATCG,6
GGGAGCTGCAGAAGCG,6
GGTCCACCTCAGATCG,6
GGTCCATTTCAGATCG,6
GGTCGCCATCGACTTC,6
GGTCTTGGGGAGAGTC,6
GTACAAACCAGCAAAT,6
GTACCCATTTCCTGCG,6
GTAGAACTGCTGCCCC,6
GTAGGATATATGGCTG,6
GTATGGAACTAACTCC,6
GTCGGCGTTAGTGTCA,6
GTGAGATTGTCCGGAA,6
GTGAGCGAGGAAAGCA,6
GTGCGATTGTCTGGAA,6
GTGCGATTTTCCGGAA,6
GTGGAACTGCGGCCCC,6
GTGGGCGAGAAAAGCA,6
GTGGGGAACGGGAAGC,6
TAACGTTATTTCTCGA,6
TAATAAGTCAGCAAGA,6
TACCATCAGCACCTAG,6
TACCCTGCAAGACACT,6
TACTGATAACCCTTCG,6
TATACCCACGGAGGAT,6
TATACTAACGGAGGAT,6
TATACTCACGGGGGAT,6
TATACTCACGTAGGAT,6
TATACTCGCGGAGGAT,6
TATCCAAGGGAAGGAC,6
TATGGGAATTGCCACT,6
TCATGGGGGTACGAGA,6
TCATGGGTGTAAGAGA,6
TCATGGGTGTGCGAGA,6
TCCAGCGCGGTAGGAG,6
TCCAGCTCGGTAAGAG,6
TCCTAGTCCTCGTATG,6
TCGAACGAAGGAGGAG,6
TCGGATAAATCAGAAC,6
TCTTAGTACTCGTATG,6
TCTTAGTCCTCGTAGG,6
TCTTATTAGGCGGTAT,6
TCTTATTGGGCGGCAT,6
TCTTGACATAGAGATG,6
TCTTGACATAGCTATG,6
TGAAGTGGTATACATA,6
TGCGGTGGTCGATCCA,6
TGCTAATGCCGTTGTC,6
TGTAATAGGAGTCACA,6
TGTCCATCTCAGATCG,6
TGTGGAGCGCCCCTAC,6
TGTTGAGCCAGTCTTA,6
TGTTGATCCAGTCTGA,6
TTACGAATTTGATTAC,6
TTATATGTAGAGCGCT,6
TTCTGTCCAGACTCGC,6
TTGCTCCCGAGTAGTA,6
TTGCTCCTGAGTAGCA,6
TTTATACCCAACACCA,6
TTTATATACAACACCA,6
TTTATATCAAACACCA,6
TTTATGTCCAACACCA,6
TTTCGGCGTTGTTTTG,6
AAAAAATTTATGGCAA,5
AAAAAATTTATTACAA,5
AAAAATTTTATGACAA,5
AAAATGCTGCATTAGG,5
AACAGAAGTCCATGGA,5
AACAGAAGTCTATGTA,5
AACAGCAATGAGTTGT,5
AACATAGGGATATGTG,5
AACGGCTCCGACTAAG,5
AACTGCATTCATCGAT,5
AACTTCCCTGACTACT,5
AAGAGGTGATGTGATT,5
AAGCACGAATGAATAA,5
AAGCGGTGATGTGAGT,5
AAGTATTGCTGCACAT,5
AATAGCTGGCACCCGT,5
AATCGATGGCACCCGT,5
AATCGCCACTGATAAG,5
AATCGCTGGCACACGT,5
AATCGCTGGCACCCGG,5
AATGAAAAAATCGAAC,5
AATGAAACAATCGAAA,5
AATTCGTGAATACTAG,5
AATTCGTGAGTACGAG,5
ACAAACAGTGTAGTTG,5
ACAGTCCAACATTGAG,5
ACCATCAATGAGTTGT,5
ACCATTTACTGAAGGG,5
ACCCCCGGAGCTTGGT,5
ACGTGTCTCAGAGCAA,5
ACTCCGAATGGGGTAG,5
ACTTTCTAGAAATTTT,5
AGAAAATCTCATATAC,5
AGAAAGTCTCAGATAC,5
AGATCCCATGTCCTTT,5
AGCATAGGGATACGTG,5
AGCGACACCCTTCCGG,5
AGCTACTGGGGTATCA,5
AGCTCCTGGGTTATCA,5
AGCTGGGGTCTCCCTT,5
AGGACCCTAGATGGTA,5
AGGAGTATGGAGAGCG,5
AGTAGTTTAGATAGTT,5
AGTATTTGCGCTTCAG,5
AGTGTTGAATAGTCGA,5
AGTGTTGGTTTGGTTA,5
AGTTGGGGTCCCCCTT,5
AGTTTGGGTCTCCCTT,5
ATACACACATGTGCCA,5
ATACACGCATGTACCA,5
ATAGGATATATGGCGG,5
ATCATCTAACAGATAG,5
ATGAACTTATCTGTGG,5
ATGGGAGTGGAGAAAC,5
ATGGGATTGGAGAGAC,5
ATGGGATTGGAGGAAC,5
ATGGTATTGGAGAAAC,5
ATTAGGGATACGTGAG,5
ATTAGGGCTACGTGAT,5
ATTCCGAATGGGGTGG,5
ATTTAAATTAGAGGAC,5
CAAAATATACGGCGAC,5
CAAAATCTTCGGCGAC,5
CAAATGATGCATTAGG,5
CAAATGCTGCATGAGG,5
CAATTATAAATACATA,5
CACTAGATGTAAAGTC,5
CAGGATAAATCAGAAC,5
CATGGGCTAATGTCTC,5
CATTGAGAAGCGCAAG,5
CATTGGGACGCGCAAG,5
CCAAGCTTGGCGCACC,5
CCCGGGTTAAGTTGTG,5
CCCTATGAAATAAGCG,5
CCCTGCTCGGCTCGGG,5
CCTTGATGCATTCCCC,5
CCTTGATGTATTCCCG,5
CCTTGGTTAAGTTGTG,5
CGACTCCACTGACGCC,5
CGCGACGCCCTTCCGG,5
CGGACCCTAGATGGTG,5
CGGACCCTAGGTGGTA,5
CGGGAAAATACATAAC,5
CGGGGACAAGAGTGTA,5
CGTGACCCCCTCCAAT,5
CGTGACCCCTTCCAAC,5
CGTGTACACTTCAGCA,5
CGTGTACCCTTCAGCG,5
CGTTCAGTGATAACGG,5
CTAGCACAGCGTAGAC,5
CTAGCACAGCGTATGC,5
CTATATTGCCCAGAAG,5
CTATATTGCCCGGGAG,5
CTATTTAACAGACGGA,5
CTGAAATTATCTGTGG,5
CTGAACTTATCTGCGG,5
CTGAGCTACCAATAAG,5
CTGCGATTGTCCGGAA,5
CTGGAGGCCCGGCCCC,5
CTGGAGGCCTGGTCCC,5
CTGTACCTTCAGTTGA,5
CTTACATAATACTAGA,5
CTTAGGCTCTTGATTA,5
CTTAGGGATTCAACTC,5
CTTAGGTATTTTATGC,5
CTTCGGCTATTGATTA,5
GAAAACAGTGTAGTTG,5
GAAGAAAATATAACCA,5
GAAGTGCGTAGTGAGT,5
GAATGGAACTAACTCC,5
GACCCCTTGTAAGATA,5
GACGGGATGGGCACTT,5
GAGAGCTACAGAAGCG,5
GAGAGCTGCAGAAGCA,5
GAGAGCTGCATAAGCG,5
GAGATTGCTATGGATC,5
GATCACGCAGAAAAGG,5
GATCTTGGGGAGAGTA,5
GCAATCTGAACCATAC,5
GCCAGCAATGAGTTGT,5
GCCCGTCAGCATAAAC,5
GCCGGCGTTAGTATCA,5
GCCTGCGCGGCTCGGG,5
GCCTTTGTGCGCAGTC,5
GCGAAGTTTCATAGAG,5
GCGAAGTTTCATAGCA,5
GCTAAGTTTCATAGCG,5
GGCATCTAACAGATAG,5
GGGCCATCTCAGATCG,5
GGTCCATATCAGATCG,5
GGTCCATCTCATATCG,5
GTAAGCAAAGTTGAAC,5
GTAAGCAAAGTTGACA,5
GTACAAACATGCAAAT,5
GTACAAACCTGCGAAT,5
GTACAGACCTGCAAAT,5
GTACATACCTGCAAAT,5
GTACCCAGTTCCTGAG,5
GTACGAACCTGCAAAT,5
GTAGAACTGCGGACCC,5
GTAGAACTGCGGCCAC,5
GTAGAGCTGCGGCCCC,5
GTAGGACTGCGGCCCC,5
GTCAAGTTACGGATGC,5
GTGCTATTGTCCGGAA,5
GTGGGATTGGAGAAAC,5
GTGGTATCAAGACGGG,5
GTGGTATCAAGCCAGG,5
GTTGCTCCGACACTCC,5
TAAAAAGCATCCATGA,5
TAATAGGCCAGCAAGA,5
TACAGCGCGGTAAGAG,5
TACCTGCTGCGGAAAG,5
TACTAATGCCGTTGTA,5
TACTGATAACCATGCG,5
TACTGATAACCCTGCT,5
TACTTATAACCCTGCG,5
TAGAACCTCGTTGTCT,5
TAGCATTGTCGGAGAG,5
TAGCGTGATTTCTCGA,5
TAGCTAATAGTAACTC,5
TATAACTCTCGCGGCA,5
TATACTCACGGAGGAG,5
TATACTCACGGAGTAT,5
TATACTCACGGATGAT,5
TATACTCACTGAGGAT,5
TATGTCATATCCACAG,5
TATGTCGTATCCACAA,5
TATGTCGTATCCACAT,5
TATGTCGTATCCATAG,5
TATGTCTTATCCACAG,5
TATTAGTCCTCGTATG,5
TCATGGGTGTACGAGG,5
TCCATTTACTGAAGGG,5
TCCGGAAACGATCCCC,5
TCGAACGAAGTAGGGG,5
TCGAACGGAGTAGGAG,5
TCGAGCGAAGTAGGAG,5
TCGTACGTTGGGAACT,5
TCGTCGCACTACTGCA,5
TCTAACTCTCGTGGCA,5
TCTAACTCTCTCGGCA,5
TCTATATCCAACACCA,5
TCTCGACATAGCGATG,5
TCTGACTCTCGCGGCA,5
TCTTAGTCATCGTATG,5
TCTTAGTCCTCGTATT,5
TCTTATTAGGCGACAT,5
TGAGGTGGTCGATCCG,5
TGCGGTGGTCTATCCG,5
TGCTATTACGGCGCGG,5
TGCTATTCAGGCGCGG,5
TGCTATTCCGGCGCGA,5
TGCTATTCCGGCGCTG,5
TGGAATCGTCACCTAT,5
TGTGGTGGTCGATCCG,5
TTACGAATTTGACTCC,5
TTATATTGCCCGGAAG,5
TTATCTGTAGAGCACT,5
TTATGTCCAGACTCGT,5
TTCAGTGGTATACATA,5
TTCATATCCAACACCA,5
TTCTGTCCAGACTCAT,5
TTCTGTCCAGACTCTT,5
TTCTGTCCAGGCTCGT,5
TTGCTCCTTAGTAGTA,5
TTGGAGGCCTGGCCCC,5
TTGGGGAAAGGGAAGC,5
TTGGGGAACTGGAAGC,5
TTGGGGAATGGGAAGC,5
TTGGTATCAAGCCGGG,5
TTTAGGTATTATATGC,5
TTTATATCCAACGCCA,5
TTTATATCCGACACCA,5
TTTCACGGAACCTATC,5
TTTCAGCGTTGTTTTT,5
TTTGTATCCAACACCA,5
AAAAAATTCATGACAA,4
AAAAGATTCGGGGGAC,4
AAACACCGAGTGACCG,4
AAACCCATGAGACCCC,4
AAAGAAACTATAACCA,4
AAAGCTCTTTTCGCTC,4
AACACGTATAACCGCC,4
AACAGAAGCCCATGTA,4
AACAGAAGTCCACGTA,4
AACAGAAGTCCATGTG,4
AACATACGAGACGTAA,4
AACCACCGATTGACCG,4
AACCTAAGAGACGTAA,4
AACCTACGAGACTTAA,4
AACGATTCACGAATAA,4
AACGGTTCCGACTAGG,4
AACTGCGTTCATCTAT,4
AACTTCACTGACTGCT,4
AACTTCCCTGACCGCT,4
AACTTCCCTGACGGCT,4
AACTTCCCTGACTGTT,4
AACTTCCCTGACTTCT,4
AAGATTGATTGAAGGT,4
AAGATTGATTGGAGTT,4
AAGTGAAGAGAAAGTT,4
AAGTGTCTCCGAGCAA,4
AATACAGAGTTTGTTG,4
AATCGCTGGCACCCGC,4
AATCGCTGGCACTCGT,4
AATCGTTTAGATAGTT,4
AATGAGAGCATGTCAA,4
AATGCGAGTATGTCAA,4
AATTGCTGGCACCCGT,4
AATTGGGGTCTCCCTT,4
ACAAGATCCGGGGGAC,4
ACAAGATTAGGGGGAC,4
ACAAGATTCGGGGGAT,4
ACAATCTGAACCATAA,4
ACACGGATTGGCTGTA,4
ACACGGGTTGACTGTA,4
ACACGGGTTGGCCGTA,4
ACACGGGTTGGCGGTA,4
ACACGGGTTGGCTGTG,4
ACACGGGTTGGCTTTA,4
ACACTGGTTGGCTGTA,4
ACAGAATGAATCATCC,4
ACATCCATTAAGATCA,4
ACCAACAATGAGTTGT,4
ACCCCCGGAGCTTGGA,4
ACCCCCGGAGCTTGTC,4
ACCTATGAAATAAGCT,4
ACGAAGACTTTGTGAT,4
ACGTACATTAAGATCA,4
ACGTATGATTTCCGAG,4
ACGTATGATTTTCTAG,4
ACGTCCATTAAGATAA,4
ACGTCCATTAATATCA,4
ACGTGTCTCCGAGAAA,4
ACGTTTCTCCGAGCAA,4
ACTACGAGGATACGTA,4
ACTACGAGGCTATGTA,4
ACTCTGGCTCGCCAAT,4
ACTCTGTCTCGCTAAT,4
ACTTGATGCATTCCCG,4
AGAAAATATCAGATAC,4
AGACCATGCTGGGGAT,4
AGAGACATCGCCCTTT,4
AGATCCTGGGGTATCA,4
AGCATATGGATATGTG,4
AGCATCCAACAGATAG,4
AGCATCTAACAGATAT,4
AGCGACATAGCCCTTT,4
AGCGACATCACCCTTT,4
AGCGACATCTCCCTTT,4
AGCGGTTCCGACTAAG,4
AGCTCCTGGGGTATAA,4
AGCTCCTGGTGTATCA,4
AGCTCCTGTGGTATCA,4
AGGAAAGAAAATGGAG,4
AGGAAAGAAACGGGAG,4
AGGACTATAGTTGACA,4
AGGGAAATGTAAATGA,4
AGTATTTGCGCCTCAA,4
AGTCGTTTAGATAGTG,4
AGTGACCCCCTCCAAC,4
AGTGTTGACTTGGTTA,4
AGTGTTGGCTTGGGTA,4
AGTTGGGGTATCCCTT,4
AGTTGGGGTCTCACTT,4
AGTTGGGGTCTCCATT,4
AGTTGGGGTCTCCCCT,4
AGTTGGGGTCTCCCTC,4
AGTTGGGTTCTCCCTT,4
AGTTGGTGTCTCCCTT,4
ATAACGTTTGTGCAAT,4
ATAACGTTTGTGCATA,4
ATAACGTTTTTGCAAA,4
ATACAAGAGGTTGTGA,4
ATACACGCATGTGCCG,4
ATCAGGATAATAGCGC,4
ATGACCCACGGGCATA,4
ATGAGGGCTACGTGAG,4
ATGGCCCAAGGGCATA,4
ATGTGTCTCCGAGCAA,4
ATTACAGAATACTAGA,4
ATTAGATTAGAACGTA,4
ATTAGATTATAACGGA,4
ATTAGGGCTAAGTGAG,4
ATTAGGGCTACGTGGG,4
ATTATATCCAACACCA,4
ATTATCATATATAATA,4
ATTATGGCTACGTGAG,4
ATTCGGCTCTTGATTA,4
ATTCGTTTAGATAGTT,4
ATTTAAATTATAGTCT,4
ATTTAAATTCTAGGAC,4
ATTTAGATTCGAGGAC,4
CAAAAGCAGTACGATA,4
CAAAGCTTGGCGCATC,4
CAAATGCTGAATTAGG,4
CAATGAGAAATACATA,4
CAATTAGAGATACATA,4
CAATTAGCAATACATA,4
CAATTCGCCATTCCCC,4
CAATTGGAAATACATA,4
CACACTTTACGAGACA,4
CACCATCAGCAACTAG,4
CACCATCAGCACCGAG,4
CACGGCCGACGAACTC,4
CACGGCCGGCGAACCC,4
CACTATATGTACAGTC,4
CACTGCGCGGCTCGGG,4
CAGAACCTCGTTGCCT,4
CAGAACCTCGTTGTCC,4
CAGAACCTCGTTGTTT,4
CAGGGACAAGATTGTA,4
CAGTCTCTAGAGCTCT,4
CATGGGAATTGCCACC,4
CATGGGGATTGCCACT,4
CATTGAGACGCACAAG,4
CATTGAGACGCGCGAG,4
CATTGAGACGTGCAAG,4
CATTGGAATTGCCACT,4
CCAACACGAAAAATTA,4
CCAAGCGTGGCGCATC,4
CCAAGCTTGGCGCATT,4
CCAATCTTGGCGCATC,4
CCCCATGAAATAAGCT,4
CCCTATGAAATAAGTT,4
CCCTGCGCGGCTCGGA,4
CCCTGCGCGGCTCGGC,4
CCCTGCGCGGCTTGGG,4
CCCTGCGCTGCTCGGG,4
CCCTTTACGTATCTCT,4
CCGGATAAAGCAGAAC,4
CCGTACCTGCAGTTGA,4
CCTGGGTTAAGTTGTA,4
CCTGGGTTGAGTTGTG,4
CCTGGTTTAAGTTGTG,4
CCTTAGTCCTCGTATG,4
CCTTGATGCATTACCG,4
CGAATGCTGCATTAGG,4
CGCAGCATTGGTCTCC,4
CGCGACACCATTCCGG,4
CGCGACACCCTTCCGA,4
CGCGACACCCTTCTGG,4
CGGACCCCAGATGGTA,4
CGGACCCTAGATGTTA,4
CGGACCGCAGACACGT,4
CGTACAGTGCAATCGA,4
CGTGGACCCTTCAGCA,4
CGTGGGAATTGCCACT,4
CGTTAAGCGATAACGG,4
CGTTGAGACGCGCAAG,4
CTAATTTAAGTATCAT,4
CTAGCACAGCGTGGGC,4
CTATATTGCCCGGAGG,4
CTCAATGTCGTGGGAT,4
CTCGACACCCTTCCGG,4
CTGAACTTATCTGTAG,4
CTGAACTTATCTGTGT,4
CTGAACTTATCTTTGG,4
CTGAGGTATTCAACTC,4
CTGGAGGCCTGGCCAC,4
CTGGAGGCCTTGCCCC,4
CTGGGGGATTCAACTC,4
CTGTACCTGCAGTTGG,4
CTTACAGAATACTGGA,4
CTTACAGGATACTAGA,4
CTTACGGAATACTAGA,4
CTTACTGCGAGAGAGT,4
CTTACTGCGCGAGATT,4
CTTAGGTATCATATGC,4
CTTAGGTATTATATTC,4
CTTATGTATTATATGC,4
CTTCGGCTCGTGATTA,4
CTTCGGCTCTTAATTA,4
CTTCGGCTCTTGATGA,4
CTTCGTCTCTTGATTA,4
CTTTGGCTCTTGATTA,4
GAAAGTCCCTATGATT,4
GAAATTCCCTATGATG,4
GAAGTACACTGAATGA,4
GAAGTGCGTATCGAGT,4
GAAGTGCTGCCGAAGT,4
GAAGTGCTTCTGAAGT,4
GAAGTTCGTATTGAGT,4
GAATAATAGAAAAGAG,4
GACAAAAGGGACAGAT,4
GACAGAAGGGACATAT,4
GACGGCCGGCGAACTC,4
GACGGCGTTAGTGTCA,4
GAGAGCTGCAGAATCG,4
GAGAGCTGCGGAAGCG,4
GAGAGCTGTAGAAGCG,4
GAGCTTGCCATGGATC,4
GAGCTTGCTATGGAGC,4
GAGGGGTAGAGATACT,4
GAGGGGTAGAGATGCG,4
GAGTGGTAGAGATACG,4
GATAGCCATCGACTTC,4
GATCTCCATCGACTTC,4
GATCTCGGGGAGAGTC,4
GATTGCCATCGACTTC,4
GCAAAAAGTGTAGTTG,4
GCACCCAGTTCCTGCG,4
GCAGCGTGCCGGTCAC,4
GCAGTCCACCATTGAG,4
GCATCCTCAAATCCTA,4
GCATGGAAATAACTCC,4
GCATGGAACTAACTTC,4
GCATGGGACTAACTCC,4
GCCAGATCGTATCCCT,4
GCCAGCTCGTATCCCG,4
GCCAGCTCTTATCCCT,4
GCCATTTACTGAAGAG,4
GCCTAAAGGATAATGA,4
GCGAAGTTTCATAGTG,4
GCGGGGATTGGCTGTT,4
GCGTGGAACTAACTCC,4
GCTACGAGGCTACGTA,4
GGCGACACCCTTCCGG,4
GGGGAACATACATAAC,4
GTAACCAGTTCCTGCG,4
GTACACGAGGTTGTGA,4
GTACCCAATTCCTGCG,4
GTACCCAGTTCCTGCA,4
GTACCCAGTTCCTGCT,4
GTACCCAGTTCCTTCG,4
GTACCCAGTTTCTGCG,4
GTAGATACTAGAACCA,4
GTAGATACTAGGACCG,4
GTAGCCGCTAATCCGA,4
GTAGTGCTGCTGAAGT,4
GTATAAACCTGCAAAT,4
GTCAAGTGACGGATGG,4
GTCAAGTTAAGGATGG,4
GTCAAGTTACGTATGG,4
GTCAAGTTACTGATGG,4
GTCACCGCTAATCCGA,4
GTCAGGTTACGGATGG,4
GTCGCATACTGGAATG,4
GTCGCATCCTGTAATG,4
GTCGCCGATAATCCGA,4
GTCGCCTCTAATCCGA,4
GTCTCCGCTAATCCGA,4
GTGAGCGAGAAAAGAA,4
GTGCGATTGTACGGAA,4
GTGCGATTGTTCGGAA,4
GTGGTATCAAGCCCGG,4
GTGGTATCAAGCCGTG,4
GTGGTATCAAGTCGGG,4
GTGGTGTCAAGCCGGG,4
GTTATTATGACTTAAT,4
GTTCGATTGTCCGGAA,4
TAAAAAGCCTCCGTGA,4
TAAAAAGCCTCTATGA,4
TAAATGCTGCATTAGG,4
TAACGTGATTTATCGA,4
TAACGTGATTTCTCGT,4
TAACGTGATTTCTTGA,4
TAACTTGATTTCTCGA,4
TACCCTGCAAGCCAAT,4
TACCTGCTGTGGAACG,4
TACTAATGCCGTTGCC,4
TACTGATAACCCTGAG,4
TAGACTCACGGAGGAT,4
TAGCATTGTTGGAAAG,4
TAGCTGATAGTGACTC,4
TAGCTTATAGTAACTC,4
TAGTTGATAGTAACTC,4
TATCACGCAGAAAAAG,4
TATCTCGTATCCACAG,4
TATGTCGTATCAACAG,4
TATGTGGAGCCCAACA,4
TATTAAGAGAAGGGCG,4
TATTAAGAGAAGTGCT,4
TATTAAGAGGAGTGCG,4
TATTATTAGGCGGCAT,4
TATTGAGACGCGCAAG,4
TATTTACCACTGCATC,4
TCAACACAAAAAATTA,4
TCAATCGGGGGCGAAA,4
TCATGGAACTAACTCC,4
TCATGGGTATACGAGA,4
TCCAGCGCGGTAAGGG,4
TCCAGCGCGGTGAGAG,4
TCGAACGAAGTATGAG,4
TCGAGTCAATATGCGC,4
TCGATTACTAGACGGA,4
TCGTCCTTTGGGAACT,4
TCGTCGCACTAATGCT,4
TCGTCGCACTACTACT,4
TCTAACTCTAGCGGCA,4
TCTAACTCTCGCGGAA,4
TCTTAGTCCGCGTATG,4
TCTTATTAGACGGCAT,4
TCTTGACATATCGATG,4
TCTTGATGCATTCCCG,4
TCTTGGTCCTCGTATG,4
TCTTTAACACTGCATC,4
TCTTTACCACCGCATC,4
TCTTTACCACTGTATC,4
TGACAACAAGACAAAT,4
TGATATTCCGGCGCGG,4
TGCCCTGCAAGCCACT,4
TGCTATTCCGGCGTGG,4
TGCTATTCCTGCGCGG,4
TGGTCCGCTTCATGAT,4
TGGTCCGCTTCATGCC,4
TGTAATAGGCGTCACT,4
TGTGGAGCGCCATTAC,4
TGTGGAGTGCCCTTAC,4
TGTTGAGCCAGTCCGA,4
TTACCCAGTTCCTGCG,4
TTACGAATTCGATTCC,4
TTACGAATTTGATTCA,4
TTATCTGTAGAGCGCG,4
TTCTTTCCAGACTCGT,4
TTGCAATTGAAACAGA,4
TTGCGATTGTCCGGAA,4
TTGGGGAACGGGAAAC,4
TTGGGGAACGGGAATC,4
TTGTATCAGTCGCACC,4
TTGTATCAGTCGCGCA,4
TTGTATCAGTCGTGCC,4
TTTACATCCAACACCA,4
TTTATATCTAACACCA,4
TTTCAGCATTGTTTTG,4
TTTCAGCGTTGTTTCG,4
TTTCAGCGTTGTTTGG,4
TTTCAGCTTTGTTTTG,4
AAAAAATCTATGACAA,3
AAAAAATGTATGACAA,3
AAAAAATTTATGACAT,3
AAAAAATTTGTGACAA,3
AAAAATCTACGGCGAC,3
AAAACCATAAGACCCC,3
AAAATCTGAACCATAC,3
AAACCCATAAGACCAC,3
AAACCCATAAGACCCT,3
AAACCCATAATACCCC,3
AAAGACAAACAGTAAG,3
AAAGCTCTTTTCTTTC,3
AAAGGCGTGCCTTCAA,3
AAAGGTTCCGACTAAG,3
AAATTCACAATAACCA,3
AAATTCACAATATACA,3
AACAACCGAGTGACCG,3
AACAGAAGTACATGTA,3
AACAGAAGTCCATTTA,3
AACAGAGGTCCATGTA,3
AACATAAGTCCATGTA,3
AACCACTGAGTGACCG,3
AACCATCAGCACCTAG,3
AACCGCCGAGTGACCG,3
AACCGTACCGAGTTTA,3
AACCTACGAGACGGAA,3
AACCTACGAGACGTAG,3
AACGAAAAACAGTAAG,3
AACGAAACAATCGAAC,3
AACGACAAAAAGTAAG,3
AACGACAAACAGTAAT,3
AACGACGAACAGTAAG,3
AACGGAAGTCCATGTA,3
AACGGCCGGCGAACTC,3
AACGGTTCCAACTAAG,3
AACGGTTCCTACTAAG,3
AACGGTTCTGACTAAG,3
AACTGCGTTAATCGAT,3
AACTGCGTTCATCGGT,3
AACTTACCTGACTGCT,3
AACTTCCCTGACTGAT,3
AACTTCCCTGACTGGT,3
AAGCACCGAGTGACCG,3
AAGCGGTGAGGTGATT,3
AAGCGGTGATGTTATT,3
AAGGGGTAGAGATACG,3
AAGGGTCCTCATAATG,3
AAGTTAAGATAAAGTT,3
AAGTTAGTAGACCAAC,3
AATCGCCATCGACTTC,3
AATCGCCGGCACCCGT,3
AATCGCTGGAACCCGT,3
AATCGCTGGCACCCGA,3
AATGCGAGAATGTCAA,3
AATGCGAGCATGTAAA,3
AATTCGTGAGTAATAG,3
AATTCGTGAGTACTGG,3
AATTCGTTAGTACTAG,3
AATTGAGACGCGCAAG,3
ACAAGATTCGGGGGAA,3
ACAAGATTCTGGGGAC,3
ACACGGGTTGGCGGGA,3
ACAGCGTGCCGGTCAT,3
ACAGTACGATCTACTC,3
ACAGTCCACCATTGGG,3
ACATCCTCAACTCCTA,3
ACATTTTCCAATAGTT,3
ACCAATTCACGAATAA,3
ACCAGCAATGAGTGGT,3
ACCAGCAATGAGTTTT,3
ACCAGCAGTGAGTTGT,3
ACCAGCTCGTATCCCT,3
ACCCCAGGAGCTTGGC,3
ACCCCCGTAGCTTGGC,3
ACCGAATGAATCATAC,3
ACCGAATGAATCATCT,3
ACCGAATGAATCATTC,3
ACCGATTCACGAATGA,3
ACCGTTGTACACACCG,3
ACCTAAAGGATCATGA,3
ACCTATTCACGAATAA,3
ACGGGGATTGGCTTTT,3
ACGGGGATTGGTTGTT,3
ACGGGGATTGTCTGTT,3
ACGTATAATTTTCGAG,3
ACGTATGATTTTTGAG,3
ACGTCCATTGAGATCA,3
ACGTGTCCCCGAGCAA,3
ACGTGTCTCCGAGCAT,3
ACTACGAGGCTACATA,3
ACTATGAGGCTACGTA,3
ACTCTGGATCGCTAAT,3
ACTCTTGCTCGCTAAT,3
ACTGCCTAGAAATTTT,3
ACTGTCTAGAAATTTC,3
ACTGTCTAGAGATTTT,3
AGAAAATCTCAGATAA,3
AGAAAATCTCAGGTAC,3
AGAAAATGTCAGATAC,3
AGAAAATTTATGACAA,3
AGAGAATCTCAGATAC,3
AGATCAACCCTATAGT,3
AGATCCCAGGTCCCTT,3
AGATCCCAGGTCTTTT,3
AGATCCCGGGTCCTTT,3
AGATCCTAGGTCCTTT,3
AGATGAATTAAGTATG,3
AGCAGAAGTCCATGTA,3
AGCATAGGGATATTTG,3
AGCATAGGGATGTGTG,3
AGCATATAACAGATAG,3
AGCATCTAACATATAG,3
AGCCGTTTAGATAGTT,3
AGCGAATGAATCATCC,3
AGCTCCCGGGGTATCA,3
AGCTCCTGGGGTGTCA,3
AGGAAAGAAACTTGAG,3
AGGAAATCTCAGATAC,3
AGGAAGACTTTGTGAT,3
AGGAAGGAAACTGGAG,3
AGGACTATAGTTGGAA,3
AGGAGTAGGAAGAGCG,3
AGGAGTATGAAGAGAG,3
AGGAGTATGAAGAGCT,3
AGGAGTGTGAAGAGCG,3
AGGATTTGCGCTTCAA,3
AGGCACGTAAGGACTA,3
AGGGAACATACATAAC,3
AGGGGGATTGGCTGTT,3
AGGGGTATGAAGAGCG,3
AGGTCCAGACTCTTGC,3
AGGTTAAGACTCTTGC,3
AGGTTCAGACTCTTAC,3
AGGTTCCGACTCTTGC,3
AGTATTTGCGATTCAA,3
AGTATTTTCGCTTCAA,3
AGTCCCGTAAGGACTA,3
AGTCGTTCAGATAGTT,3
AGTCGTTTAGACAGTT,3
AGTCGTTTAGATAGGT,3
AGTCGTTTAGATAGTC,3
AGTCGTTTAGATATTT,3
AGTCGTTTAGATGGTT,3
AGTCTTTTAGATAGTT,3
AGTGAAACAATCGAAC,3
AGTGTTGAAGAGGCGA,3
AGTGTTGCCTTGGTTA,3
AGTGTTGGCTTAGTTA,3
AGTGTTGGCTTGTTTA,3
AGTTGGGATCTCCCTT,3
AGTTGGGGTCTCCCAT,3
AGTTGGGGTCTCCCGT,3
ATAAACGCATGTGCCA,3
ATAACGTTTGTGCAAG,3
ATACACGAATGTGCCA,3
ATACACGCATATGCCA,3
ATAGAACTGCGGCCCC,3
ATAGGATATATGGATG,3
ATAGGATATATGGCCG,3
ATATAAAAAAATTAGT,3
ATATATTGCCCGGAAG,3
ATATCCCAGGTCCTTT,3
ATATGAAAAACTTAGT,3
ATCGGGATAATCGCGC,3
ATGAACTTGTCGATAT,3
ATGCAATTGAAACATA,3
ATGGGAGGGGAGAAAC,3
ATGGGATCGGAGAAAC,3
ATGGGATTGGAGAAGC,3
ATGGGATTTGAGAAAC,3
ATGGGGTTGGAGAAAC,3
ATGTCCCACGGGCATA,3
ATTACCATATCTAATA,3
ATTAGATTATAAAGTA,3
ATTAGGGCTACGGGAG,3
ATTAGGGCTACGTTAG,3
ATTATCATATCCAATA,3
ATTATCATATCTGATA,3
ATTATCGTATCTAATA,3
ATTCCGAAGGGGGTAG,3
ATTCCGAATTGGGTAG,3
ATTGCCCACGGGCATA,3
ATTGCGAATGGGGTAG,3
ATTGTTGAATAGGCGA,3
ATTTAAATTCGAGGAA,3
ATTTAAATTCGGGGAC,3
ATTTTTCTATGGCCAC,3
ATTTTTCTATGGCTAA,3
CAAAACACGTCCCAGT,3
CAAAATCTACGGCTAC,3
CAAACACAAAAAATTA,3
CAAATGCCGCATTAGG,3
CAAATGCTGCATCAGG,3
CAAATGCTGCATTAGC,3
CAAATGCTGCATTAGT,3
CAAATGCTTCATTAGG,3
CAAATTCTGCATTAGG,3
CAACATCAGCACCTAG,3
CAAGGGCTAATGTCTC,3
CAAGTAGAAATACATA,3
CAATAGATGTACAGTC,3
CAATTAGAAAGACATA,3
CAATTAGAAATACGTA,3
CAATTAGAAATATATA,3
CAATTAGGAATACATA,3
CACAAATCTTCGAACT,3
CACACAGAGTTTGTTG,3
CACAGCATTGGTCGCC,3
CACCACCAGCACCTAG,3
CACCATAAGCACCTAG,3
CACCATCATCACCTAG,3
CACCGCGCCGAGCACT,3
CACGGCAGGCGAACTC,3
CACGGCCGGAGAACTC,3
CACGGCCGGTGAACTC,3
CACGGCCGTCGAACTC,3
CAGAAAAGACTGTATA,3
CAGAACCCCGTTGTCT,3
CAGAACCTAGTTGTCT,3
CAGAACCTCGTTGGCT,3
CAGAACCTCGTTTTCT,3
CAGAACCTCTTTGTCT,3
CAGGCTCTAGAGATCT,3
CAGGCTCTAGAGCTCA,3
CAGGCTCTAGAGCTCC,3
CAGGCTCTAGATCTCT,3
CAGGCTCTAGGGCTCT,3
CAGTTAGAAATACATA,3
CAGTTCGCCGTTCCCC,3
CATACTCACGGAGGAT,3
CATGGCCGGCGAACTC,3
CATGGGAATTACCACT,3
CATGGGAATTGCCAAT,3
CATGTGAATTGCCACT,3
CATGTGGAGACCAACA,3
CATGTGGAGCACAACA,3
CATGTGGAGCCAAACA,3
CATGTGGAGCCCAAAA,3
CATGTGGAGCCCAACG,3
CATGTGGAGCCCAGCA,3
CATGTGGAGCCTAACA,3
CATGTGGAGTCCAACA,3
CATGTGGATCCCAACA,3
CATGTGGGGCCCAACA,3
CATGTTGAGCCCAACA,3
CATTGATACGCGCAAG,3
CATTGATGCATTCCCG,3
CATTTGGAGCCCAACA,3
CCAACACAAGAAATTA,3
CCAACATAAAAAATTA,3
CCAAGATTGGCGCATC,3
CCAAGCTTGGCGCATA,3
CCATATTGCCCGGAAG,3
CCCCTCCCCTAAAGTT,3
CCCCTCCTCTAAAGGT,3
CCCTATGAAATAAACT,3
CCCTATGAAATAAGCA,3
CCCTATGAAGTAAGCT,3
CCCTGCGCAGCTCGGG,3
CCCTGCGCGGCTCCGG,3
CCCTGCGCGGTAAGAG,3
CCCTGTGAAATAAGCT,3
CCGTGCGCGGCTCGGG,3
CCTGGGTTAAGTTTTG,3
CCTGTACCCTTCAGCA,3
CCTTATTAGGCGGCAT,3
CCTTGAGGCATTCCCG,3
CCTTGATACATTCCCG,3
CCTTGATGAATTCCCG,3
CCTTGATGCATGCCCG,3
CCTTGATGCATTCCAG,3
CGAAACACGTCCAAGT,3
CGAAACACGTCCCAGC,3
CGAAACGCAGACACGT,3
CGAACCGCAGACACAT,3
CGAACCGCGGACACGT,3
CGACCAGGGAATCAAA,3
CGACTCCAAGGACGCC,3
CGACTCCACGGACGCT,3
CGCAATTTACGAGACA,3
CGCACTTTATGAGACA,3
CGGACAGGGAATCAAA,3
CGGACCCTAGATGGTT,3
CGGGAAAGGTAAATGA,3
CGGGAAATGCAAATGA,3
CGGGAGCATACATAAC,3
CGGGTACAAGATTGTA,3
CGGTCGGGAATCATCT,3
CGGTCGGGACTCATCC,3
CGGTCGGGATTCATCT,3
CGGTCGGGGCTCATCT,3
CGTACAGTGGAATCGA,3
CGTACCCTAGATGGTA,3
CGTACGTATGCCCCAG,3
CGTCCATCTCAGATCG,3
CGTCTACCCTTCAGCA,3
CGTGACCCCCCCCAAC,3
CGTGACCCCCTCCAAA,3
CGTGGCCCCCTCCAAC,3
CGTGTACCCGTCAGCA,3
CGTGTACCCTCCAGCA,3
CGTGTACCCTTCACCA,3
CGTGTACCTTTCAGCA,3
CGTGTAGCCTTCAGCA,3
CTAATGCTGCATTAGG,3
CTAATTGAAGTATCAA,3
CTAATTTAAGTAGCAA,3
CTAATTTAAGTATAAA,3
CTACATTGCCCGGAAG,3
CTAGCACAGCATAGGC,3
CTATAAAACGTTTGTA,3
CTATATGGCCCGGAAG,3
CTATATTGCACGGAAG,3
CTATATTGCCCGGAAA,3
CTATATTGCCCGGAAT,3
CTATATTGCCCGGATG,3
CTATCTTAGTCTACAG,3
CTATGTTGCCCGGAAG,3
CTATTTAAAAGACGTA,3
CTCAAATAATTGGCAC,3
CTCAAATAATTGGCGT,3
CTCAAATAATTGTCGC,3
CTCAATGTCGTAGTAT,3
CTCAATGTCGTATGAT,3
CTCACTTTACGAGACA,3
CTCTGTCCAGACTCGT,3
CTGAAATTGTCGATAT,3
CTGAACTTATCCGTGG,3
CTGAACTTGTCTATAT,3
CTGAGATGCCAATAAG,3
CTGAGCTGCCAACAAG,3
CTGAGCTGCCAAGAAG,3
CTGAGCTGCCAATAGG,3
CTGAGCTTCCAATAAG,3
CTGAGGGGTTCAACTC,3
CTGAGTTGCCAATAAG,3
CTGATCTGCCAATAAG,3
CTGGAGGACTGGCCCC,3
CTGGAGGCCTAGCCCC,3
CTGGAGGCCTGACCCC,3
CTGGAGGTCTGGCCCC,3
CTGGAGTCCTGGCCCC,3
CTGGGCTGCCAATAAG,3
CTGGGGAACGGGAAGC,3
CTGTACCTACAGTTGA,3
CTGTACCTGCATTTGA,3
CTGTATCTGCAGTTGA,3
CTTACAGAATACGAGA,3
CTTACTGCGCGAGGGT,3
CTTAGCTGCCAATAAG,3
CTTAGGTATTATAAGC,3
CTTAGGTATTATATAC,3
CTTCCCCGGGAGACAA,3
CTTCGGCTCTTGGTTA,3
GAAAAAGCCTCCATGA,3
GAAACGAGGTGTAACC,3
GAAAGCCCCATGCAAT,3
GAAAGCCCCGTGTAAT,3
GAAAGGCCCTATGATG,3
GAAAGTCACTATGATG,3
GAAAGTCCCGATGATG,3
GAAAGTCCCTATGAGG,3
GAAAGTCCCTATGGTG,3
GAAATCCCCAAAGAAC,3
GAAATCCCCGTGCAAT,3
GAAGAAACTAGAACCA,3
GAAGAAACTATAAACA,3
GAAGAATAGAACAGAG,3
GAAGGGATGGGCACGT,3
GAAGGGTAGAGATACG,3
GAAGTACGATGAATGA,3
GAAGTACGCCGAATGA,3
GAAGTGCGTATTGAGG,3
GAAGTGCGTATTTAGT,3
GAAGTGCTGCTGAATT,3
GAAGTGCTGCTTAAGT,3
GAAGTGCTTATTGAGT,3
GAATAATAGAACGGAG,3
GACACGTAGAACCGCC,3
GACAGAAGTCCATGTA,3
GACCCCTCGTAAGATG,3
GACCCCTTGGAAGATG,3
GACCCTGCAAGCCACT,3
GACGGGATGGGAACGT,3
GACTAAAGGATCATGA,3
GAGAAGTTTCATAGCG,3
GAGAGCTGCAAAAGCG,3
GAGAGCTGCAGAAGCT,3
GAGAGCTTCAGAAGCG,3
GAGCGGTGATGTGATT,3
GAGGAGTAGAGATACG,3
GAGGGAATACGTCACC,3
GAGGGGCCTCATAATG,3
GAGGGGTAGAGACACG,3
GAGGGGTAGAGATACA,3
GAGGTCCCTATGTAAT,3
GAGGTGCGTATTGAGT,3
GAGTATTGCTACACAT,3
GATCACGCAGAGAAAG,3
GATCACGCGGAAAAAG,3
GATCGCCATAGACTTC,3
GATCGCCATCGACGTC,3
GATCGCCATCGACTTA,3
GATCGCCATCGACTTT,3
GATCGCCATCTACTTC,3
GATCTTGCTATGGATC,3
GATCTTGGGGAGAGTT,3
GATCTTGGGGAGATTC,3
GATCTTGGGGAGGGTC,3
GATCTTGGGGGGAGTC,3
GCAACGAGGTGTAACA,3
GCACCCTCAACTCCTA,3
GCAGAACTGCGGCCCC,3
GCAGCGTGTCGGTCAT,3
GCAGTGTGCCGGTCAT,3
GCATAAAGGATCATGA,3
GCATCATCAACTCCTA,3
GCATCCGCAACTCCTA,3
GCATGGAACTAACGCC,3
GCATTGAACTAACTCC,3
GCATTTTCCAATAGGT,3
GCCAGCGCGGTAAGAG,3
GCCAGCTCGTATACCT,3
GCCAGCTCGTATCCAT,3
GCCATTTACTTAAGGG,3
GCGAAGTTTCATGGCG,3
GCTGTCTAGAAATTTT,3
GGAAGTCCCTATGATG,3
GGAGTGCTGCTGAAGT,3
GGGCCCGTAAGGACTA,3
GGGGGGTAGAGATACG,3
GGGTTCAGACTCTTGC,3
GGTCCAAGGGACGGAC,3
GGTCCATCGCAGATCG,3
GGTCCATCTCAGAGCG,3
GGTCCATCTCAGATTG,3
GGTCCGTCTCAGATCG,3
GTAACGAGGTGTAACC,3
GTAAGAAAAGTTGACC,3
GTAAGCAAAGTTGACT,3
GTAAGCAAAGTTTACC,3
GTAAGTCCCTATGATG,3
GTAATTAGCATGCGGA,3
GTACAAACCTGCAAGT,3
GTACAAGCCTGCAAAT,3
GTACCAACCTGCAAAT,3
GTACCCAGTCCCTGCG,3
GTACCCAGTTCATGCG,3
GTACCCAGTTCCTACG,3
GTAGAACTGCGGCACC,3
GTAGAACTGCGGCCCT,3
GTAGAACTGCGGCTCC,3
GTCAAATTACGGATGG,3
GTCAAGTTACGGATTG,3
GTCAGCTCGTATCCCT,3
GTCGCATCCCGGAATG,3
GTCGCATCCTTGAATG,3
GTCGCATCTGGGAATG,3
GTCGCCACTAATCCGA,3
GTCGCCGCTAATCCAA,3
GTCGCCGCTAATCCGT,3
GTCGCCGCTAATCCTA,3
GTCTAGTTACGGATGG,3
GTGAGCGAGAAAGGCA,3
GTGAGCGAGAAGAGCA,3
GTGCGATTGTCCGGTA,3
GTGGTAGCAAGCCGGG,3
GTGGTATCAAGCAGGG,3
GTGGTATCAAGCCACT,3
GTTAGGTATTATATGC,3
GTTATCATATCTAATA,3
GTTATTATGACTGCAT,3
GTTATTATTACTTCAT,3
GTTGCTACGACACGCC,3
GTTGCTCCGACACGCT,3
GTTGTATCAAGCCGGG,3
GTTGTTCCGACACGCC,3
TAACCTGCAAGCCACT,3
TAACGTAATTTCTCGA,3
TAACGTGATTTCTAGA,3
TAACGTGGTTTCTCGA,3
TAAGAAACTATAACCA,3
TAAGAAGCCAGCAAGA,3
TAATAAGCAAGCAAGA,3
TAATAAGCCAGCAATA,3
TAATAAGCCATCAAGA,3
TAATAATCCAGCAAGA,3
TAATGAGCCAGCAAGA,3
TACAAAAGGGACATAT,3
TACACTGCAAGCCACT,3
TACATACCGACTCAGT,3
TACATACCTACGCAGT,3
TACCAATGTCATTCGA,3
TACCCGCTGCGGAACG,3
TACCGCGCCGAGCACC,3
TACCTGATGCGGAACG,3
TACCTGCTGCGGAACA,3
TACGGTTCCGACTAAG,3
TACTAATAACCCTGCG,3
TACTAATGCCGTCGTC,3
TACTAATGTCGTTGTC,3
TACTAATTCCGTTGTC,3
TACTGATAACCCCGCG,3
TACTGATAACCCTGCA,3
TACTGATGACCCTGCG,3
TAGAGCTGCAGAAGCG,3
TAGATTACTAGCCGGA,3
TAGCTGATAGCAACTC,3
TAGCTGATAGTAACCC,3
TAGCTTGCTATGGATC,3
TAGGGGTAGAGATACG,3
TATACTCACGAAGGAT,3
TATACTCACGGAGAAT,3
TATGCCGTATCCACAG,3
TATGGCGTATCCACAG,3
TATGTCGCATCCACAG,3
TATGTCGTGTCCACAG,3
TATTAAGAGAAGTGAG,3
TATTAAGAGAAGTGTG,3
TCAACGAGGTGTAACC,3
TCAATAGGGGGCTAAA,3
TCAATCGAGGGCTAAA,3
TCAATCGGGGGCTAAG,3
TCAATCGGGGGCTAAT,3
TCAGCGTGCCGGTCAT,3
TCATGGGTGCACGAGA,3
TCATGGGTGGACGAGA,3
TCATGGGTGTACAAGA,3
TCATGGGTGTACGAGT,3
TCATGGGTGTACGGGA,3
TCATGGGTGTACTAGA,3
TCATGGGTTTACGAGA,3
TCATTGGTGTACGAGA,3
TCCAGCGCGGTAATAG,3
TCCAGTGCGGTAAGAG,3
TCCCCGTGATTTGACA,3
TCCGAATGAATCATCC,3
TCCGCTGCGGCGTGTG,3
TCGATTACTAACCGGA,3
TCGATTACTAGCCAGA,3
TCGATTACTAGCCTGA,3
TCGCCTCAACTAAAAA,3
TCGGGGAACGGGAAGC,3
TCGTATCAGTCGCGCC,3
TCGTCCGTTGGGAAAT,3
TCGTCCGTTGGGGACT,3
TCGTCGAACTACTGCT,3
TCGTCGCGCTACTGCT,3
TCGTCTCACTACTGCT,3
TCTAACTCTCGCGACA,3
TCTAACTCTCGCGGCT,3
TCTAACTCTCGGGGCA,3
TCTTACTCCTCGTATG,3
TCTTAGTCCTCGTAAG,3
TCTTAGTCCTCGTACG,3
TCTTAGTCCTCGTATA,3
TCTTAGTCCTCGTGTG,3
TCTTAGTCCTCTTATG,3
TCTTATTAGGCGGAAT,3
TCTTCCGTTGGGAACT,3
TCTTGAAATAGCGATG,3
TCTTGACATAGCGAGG,3
TCTTGACATAGCGATA,3
TCTTGACGTAGCGATG,3
TCTTGGCATAGCGATG,3
TCTTGGGTGTACGAGA,3
TCTTTACCACTGCATA,3
TGAAAAGCCTCCATGA,3
TGACAACAATACAGAT,3
TGACAGCAATACAAAT,3
TGACGTGATTTCTCGA,3
TGATCTGTGACATTGT,3
TGCAGTGGTCGATCCG,3
TGCAGTGTTATACATA,3
TGCGGAGCGCCCTTAC,3
TGCGGTGGGCGATCCG,3
TGCGGTGGTATACATA,3
TGCGGTGGTCGAGCCG,3
TGCGGTGGTCGATACG,3
TGCGGTGGTCGATCCT,3
TGCTACTCCGGCGCGG,3
TGCTATTCCGGAGCGG,3
TGCTATTCCGGCGCAG,3
TGCTATTCCGGCTCGG,3
TGCTGATAACCCTGCG,3
TGGAATAGTCACCGAT,3
TGGAATCTTCACCGAT,3
TGGCATTGTCGGAAAG,3
TGGGAACATACATAAC,3
TGGGGACAAGATTGTA,3
TGGGGGAACGGGAAGC,3
TGTAATAGACGTCACA,3
TGTATATCCAACACCA,3
TGTCCGGATAAAGGAG,3
TGTGTAGCGCCCTTAC,3
TGTTGAGCCAGTATGA,3
TGTTGAGCCAGTCTGG,3
TGTTTAGCCAGTCTGA,3
TTAAGCAAAGTTGACC,3
TTACGAATTGGATTCC,3
TTACTAATTTGATTCC,3
TTACTCCTGAGTAGTA,3
TTAGAACTGCGGCCCC,3
TTATAAGCCAGCAAGA,3
TTATCTGTAGAGCGAT,3
TTATCTGTATAGCGCT,3
TTCAATGTCGTAGGAT,3
TTCCGTCCAGACTCGT,3
TTCTATTCCGGCGCGG,3
TTCTGTCCAGAATCGT,3
TTCTGTCCGGACTCGT,3
TTGAATCGTCACCGAT,3
TTGCAGCGTTGTTTTG,3
TTGCCCCTGAGTAGTA,3
TTGCTCCTGAGTAGGA,3
TTGCTCCTGGGTAGTA,3
TTGCTTCTGAGTAGTA,3
TTGGGCAATAAATTAA,3
TTGGGGGACGGGAAGC,3
TTGGTGAACGGGAAGC,3
TTGTCCGCTTCATGCT,3
TTTATATCCAGCACCA,3
TTTCACAGAACCGATC,3
TTTCACATAACCTATC,3
TTTCAGCGATGTTTTG,3
TTTCGTGATACTCAAA,3
TTTCGTGATACTCGCA,3
TTTCGTTATACTCACA,3
TTTGAGCGTTGTTTTG,3
TTTTATCAGTCGCGCC,3
AAAAAAGTTATGACAA,2
AAAAAATTTAAGACAA,2
AAAAAATTTATAACAA,2
AAAAGATTTATGACAA,2
AAACCAATAAGACCCC,2
AAAGACCTTTAAATCT,2
AAAGCTCTTTTCGTTG,2
AAAGGCGCACCTTCAA,2
AAATTCACAGTATCCA,2
AAATTCCCTGACTGCT,2
AAATTCGCAATATCCA,2
AACAAAAGGGACATAT,2
AACAAAAGTCCATGTA,2
AACAACAAACAGTAAG,2
AACAAGTAGAACCGCC,2
AACACATAGAACCGCC,2
AACACGTAGAAACGCC,2
AACACTTAGAACCGCC,2
AACAGAAGTCAATGTA,2
AACAGAAGTCCATGCA,2
AACAGTTCCGACTAAG,2
AACATCTAACAGATAG,2
AACATGTAGAACCGCC,2
AACCAATGTCATTTGA,2
AACCACCCAAGAGATG,2
AACCACCCCAGGGATG,2
AACCACCGAGTGGCCG,2
AACCCTGCAAGCCACT,2
AACCGTAACGCGTTTA,2
AACCTACGAGACATAA,2
AACCTACGAGACGAAA,2
AACCTACGATACGTAA,2
AACCTACTAGACGTAA,2
AACGACATACAGTAAG,2
AACGGGATGGGCACGT,2
AACGGTTCAGACTAAG,2
AACGGTTCCGAATAAG,2
AACGGTTCCGACCAAG,2
AACGGTTCCGACTAAC,2
AACGGTTCCGACTAAT,2
AACTAGATGTACAGTC,2
AACTCCCCTGACTGCT,2
AACTGTGTTCATCGAT,2
AACTTCCCTGAATGCT,2
AACTTCCCTGACTGCC,2
AACTTCCCTGACTGCG,2
AACTTCCCTTACTGCT,2
AAGAAAACTTTGTGAT,2
AAGAAGAATTTGTGAT,2
AAGAAGACTTGGTGAT,2
AAGAAGACTTTGTGAG,2
AAGAAGACTTTGTGGT,2
AAGAAGACTTTGTTAT,2
AAGAAGCTATGGAAGT,2
AAGAATACTTTGTGAT,2
AAGAGAAGTCCATGTA,2
AAGAGGACTTTGTGAT,2
AAGATAGTGATGAACA,2
AAGATCCCTATGTAAT,2
AAGATTGATTGAAGTC,2
AAGATTGATTGAAGTG,2
AAGATTTATTGAAGTT,2
AAGCATTGTCGGAAAG,2
AAGCCCAGTGGGTGAT,2
AAGCGGGGAGGGGATT,2
AAGCGGGGATGTGATT,2
AAGCGGTGATGTGGTT,2
AAGCGGTTATGTGATT,2
AAGGCTCTTTTCGTTC,2
AAGGGGACTCATAATG,2
AAGGGGCCTAATAATG,2
AAGGGGCCTCATAAGG,2
AAGGGGCCTCATAATT,2
AAGGGGTCTCATAATG,2
AAGGGTTCCGACTAAG,2
AAGTGGCCTCATAATG,2
AAGTGGTGATGTGATT,2
AAGTTAAGAGAAAGGT,2
AAGTTAGTAGACACAC,2
AAGTTAGTAGACCCCC,2
AATAAGACTTTGTGAT,2
AATAGGGCTACGTGAG,2
AATCGCTGGCAACCGT,2
AATGCGAGCATATCAA,2
AATGCGAGCATGGCAA,2
AATGGAACAATCGAAC,2
AATGGCTGGCACCCGT,2
AATGTCTAGAAATTTT,2
AATGTGGAGCCCAACA,2
AATGTTGAATAGGCGA,2
AATTATTGCTACACAT,2
AATTCGCGAGTACTAG,2
AATTCGTGAGGACTAG,2
AATTGAACATCATACC,2
AATTGAACGGCATACC,2
AATTGAACGTCAGACC,2
AATTGAACGTCATGCC,2
AATTTAACGTCATACC,2
AATTTATACGAGAGCG,2
AATTTCTGATGAATTG,2
ACAACACAAAAAATTA,2
ACAAGATTCGTGGGAC,2
ACAAGCTTGGCGCATC,2
ACAAGGTTCGGGGGAC,2
ACAATATGAACCATAC,2
ACAATCCGAACCATAC,2
ACAATCGGGGGCTAAA,2
ACAATCTGAACAATAC,2
ACAATCTGAACCATAT,2
ACAATCTGGACCATAC,2
ACACGGGTTAGCTGTA,2
ACACGGGTTGGCTGCA,2
ACACGGGTTGGCTGGA,2
ACACGGGTTGTCTGTA,2
ACACGGGTTTGCTGTA,2
ACACGTGTTGGCTGTA,2
ACAGATTCACGAATAA,2
ACAGTACGATCTACAC,2
ACAGTACGATCTGCGC,2
ACAGTACGGTCTACGC,2
ACAGTCCACCATCGAG,2
ACAGTCCACCATGGAG,2
ACAGTCCACCATTGAT,2
ACAGTCCACCGTTGAG,2
ACAGTCTGAACCATAC,2
ACAGTTCACCATTGAG,2
ACAGTTGTACACACCA,2
ACATGTCTCCGAGCAA,2
ACATTTTCCAATAGGC,2
ACATTTTCCAATGGGT,2
ACATTTTCCGATAGGT,2
ACCACCGGAGCTTGGC,2
ACCAGCAATGAGCTGT,2
ACCAGCAATGAGTCGT,2
ACCAGCAATGAGTTGG,2
ACCAGCAATGATTTGT,2
ACCAGCGATGAGTTGT,2
ACCCCCGGAACTTGGC,2
ACCCCCGGAGATTGGC,2
ACCCCCGGAGCTTTGC,2
ACCCCCTGAGCTTGGC,2
ACCGAATCAATCATCC,2
ACCGAATGGATCATCC,2
ACCGAATTAATCATCC,2
ACCGATTCACCAATAA,2
ACCGGAAGTTGCAAAG,2
ACCGTCGTACACACCA,2
ACCGTTGTACACACAA,2
ACCGTTGTATACACCA,2
ACGAGGATTGGCTGTT,2
ACGGGATTGGAGAAAC,2
ACGGGGATTGACTGTT,2
ACGGGGATTGGATGTT,2
ACGGGGATTGGCTGGT,2
ACGGGGATTGGCTGTG,2
ACGTACGATTTTCGAG,2
ACGTATGAAATAAGCT,2
ACGTATGACTTTCGAG,2
ACGTATGATTTGCGAG,2
ACGTATGGTTTTCGAG,2
ACGTCCATTAAGGTCA,2
ACGTCCGTTAAGATCA,2
ACGTGGATTGGCTGTT,2
ACGTGTCTCCGACCAA,2
ACGTGTCTCCGAGCGA,2
ACGTGTCTCTGAGCAA,2
ACTAACTCTCGCGGCA,2
ACTACGAAGCTACGTA,2
ACTCTGGCCCGCTAAT,2
ACTCTGGCTAGCTAAT,2
ACTCTGGCTCGCGAAT,2
ACTGTATAGAAATTTT,2
ACTGTCCAGAAATTTT,2
ACTGTCTAGAAATGTT,2
ACTGTCTAGAAATTTG,2
ACTGTCTATAAATTTT,2
ACTGTCTGGAAATTTT,2
ACTTATGATTTTCGAG,2
ACTTATTAGGCGGCAT,2
ACTTGTCTCCGAGCAA,2
AGAAAAGCTCAGATAC,2
AGAAAATCTCAGATGC,2
AGAAGATCTCAGATAC,2
AGAATCTAACAGATAG,2
AGACCCATAAGACCCC,2
AGACCTCCAGTTTCGT,2
AGAGCTAAAAAGAGGG,2
AGATACCAGGTCCTTT,2
AGATCACAGGTCCTTT,2
AGATCCACCCTATAGG,2
AGATCCCAGGTCCATT,2
AGATCCCAGGTCCTCT,2
AGATCCCAGGTTCTTT,2
AGATCCCAGTTCCTTT,2
AGCAACATCGCCCTTT,2
AGCACAGGGATATGTG,2
AGCACTTTACGAGACA,2
AGCAGCAATGAGTTGT,2
AGCATAGGGATAAGTG,2
AGCATAGGGATAGGTG,2
AGCATAGGGATATGCG,2
AGCATAGGGATATGTA,2
AGCATCTAACAGATCG,2
AGCATCTAACGGATAG,2
AGCATCTAATAGATAG,2
AGCATCTGACAGATAG,2
AGCCCATGATGGGGAT,2
AGCCCATGCTGGGGAC,2
AGCGACAAACAGTAAG,2
AGCGACATCGCCCTCT,2
AGCGTTGAATAGGCGA,2
AGCTCCTCGGGTATCA,2
AGCTCCTGGGATATCA,2
AGCTCCTGGGGCATCA,2
AGCTCCTGGGGGATCA,2
AGCTGAATTAAGGATG,2
AGCTTAATTAAGTATG,2
AGGAAAGAAACTGGAT,2
AGGAAATAAACTGGAG,2
AGGAAGCTATAGAAGT,2
AGGACCGTAAGGACTA,2
AGGACTATAGGTGGCA,2
AGGAGTATAAAGAGCG,2
AGGAGTATGAAGAACG,2
AGGAGTATGAGGAGCG,2
AGGAGTATTAAGAGCG,2
AGGCCCATAAGGACTA,2
AGGCCCGTACGGACTA,2
AGGCCCTTAAGGACTA,2
AGGCTCAGACTCTTGC,2
AGGGGATGGGAGAAAC,2
AGGTCGAGACTCATCT,2
AGGTTAGTAGACCCAC,2
AGGTTCAGACTCTTGA,2
AGGTTCAGACTCTTTC,2
AGGTTCAGGCTCTTGC,2
AGTAAACATGCATGGG,2
AGTATCTAACAGATAG,2
AGTATTTGAGCTTCAA,2
AGTATTTGCGCTTAAA,2
AGTCATTTAGATAGTT,2
AGTCGTTGAGATAGTT,2
AGTCGTTTATATAGTT,2
AGTCGTTTGGATAGTT,2
AGTCGTTTTGATAGTT,2
AGTGACATCGCCCTTT,2
AGTGTCGAATAGGCGA,2
AGTGTCTAGAAATTTT,2
AGTGTGGAATAGGCGA,2
AGTGTTAAATAGGCGA,2
AGTGTTGAATACGCGA,2
AGTGTTGAATAGGCGT,2
AGTGTTGAATAGGCTA,2
AGTGTTGAATATGCGA,2
AGTGTTGGATTGGTTA,2
AGTGTTGGCGTGGTTA,2
AGTGTTGGCTTGGTTG,2
AGTTAGGGTCTCCCTT,2
AGTTCCATAGGCAGGG,2
AGTTCCTGGGGTATCA,2
AGTTCGGGTCTCCCTT,2
AGTTGAACGTCATACC,2
AGTTGAGCCAGTCTGA,2
AGTTGGGGTCTCCCTG,2
AGTTGGGGTCTCTCTT,2
AGTTTTTATAACTTGT,2
ATAACGGTTGTGCAAA,2
ATAACGTCTGTGCAAA,2
ATAACGTTTGTGGAAA,2
ATAACTGAGGGAATTG,2
ATAACTGAGGGCATTT,2
ATAACTTTTGTGCAAA,2
ATACACGAGGTTGTTA,2
ATACACGCATGTGCTA,2
ATACACGCATGTTCCA,2
ATACACTAGGTTGTGA,2
ATACATGAGGTTGTGA,2
ATAGAATCGCAAATCA,2
ATAGAATCGCAAATGA,2
ATAGAATCTCAAATTA,2
ATAGGAAATTATCCGC,2
ATAGGATATATGGCTA,2
ATAGGATATATGGTTG,2
ATATAAAAAACTTAGG,2
ATATAAAAAACTTGGT,2
ATATAGAAAACTTAGT,2
ATATCTGTAGAGCGCT,2
ATATCTTAATCTACAG,2
ATATGATATATGGCTG,2
ATCAAATAATTGGCGC,2
ATCAATGTCGTAGGAT,2
ATCAGGATAATCACGC,2
ATCAGGATAATCGTGC,2
ATCAGGATAATCTCGC,2
ATCAGTATAATCGCGC,2
ATCATGATAATCGCGC,2
ATCCCGAATGGGGTAG,2
ATCCGATTTAAAGGCG,2
ATCCGATTTAAGGGCA,2
ATCGACATCGCCCTTT,2
ATGACTATAGTTGGCA,2
ATGAGGGATTCAACTC,2
ATGAGTATGAAGAGCG,2
ATGCCGAATGGGGTAG,2
ATGCGATTGTCCGGAA,2
ATGGCCCACGGGAATA,2
ATGGCCCACGGGCAGA,2
ATGGCCCACGGGCATC,2
ATGGCCCACGGGCATG,2
ATGGCCCGCGGGCATA,2
ATGGGATTGGAGAAAT,2
ATGGGATTGGATAAAC,2
ATGGGGATTGGCTGTT,2
ATGGTATCAAGCCGGG,2
ATGGTTTTACGTACAT,2
ATGTATCAGTCGCGCC,2
ATGTTTTTACGTCCAT,2
ATTAGATTATAACGCA,2
ATTAGATTGTAACGTA,2
ATTAGGATAATCGCGC,2
ATTAGGGCCACGTGAG,2
ATTAGGGCTACATGAG,2
ATTAGGGCTCCGTGAG,2
ATTAGGGCTGCGTGAG,2
ATTAGGTCTACGTGAG,2
ATTAGGTTATAACGTA,2
ATTATATTATAACGTA,2
ATTATCATATCTAATG,2
ATTCACAGAACCTATC,2
ATTCAGCGTTGTTTTG,2
ATTCCGAAAGGGGTAG,2
ATTCCGAATGAGGTAG,2
ATTCCGAATGGAGTAG,2
ATTCCGAATGGGGCAG,2
ATTCCGAATGGGTTAG,2
ATTCCGAATGGTGTAG,2
ATTCCGAGTGGGGTAG,2
ATTTAAATTCGAGGAT,2
ATTTAAATTCGAGTAC,2
ATTTTCCTATGGCTAC,2
CAAAATCGACGGCGAC,2
CAAAATCTAAGGCGAC,2
CAAAATCTACGGCGAT,2
CAAAGACAATAAAAAA,2
CAAATGCTGCACTAGG,2
CAAATGCTGCATTAGA,2
CAAATGCTGCATTATG,2
CAAATGCTGCGTTAGG,2
CAACAATCTTCGAACT,2
CAACTAGAAATACATA,2
CAAGAGCAGCACGATA,2
CAAGTGCTGCATTAGG,2
CAATCAGAAATACATA,2
CAATTAGAAATACAAA,2
CAATTAGAAATACACA,2
CACAATCAGCACCTAG,2
CACCAATCCTCGAACT,2
CACCATCAACACCTAG,2
CACCATCAGCACCCGT,2
CACCATCAGCACCTAA,2
CACCATCGGCACCTAG,2
CACCTAGGATCACACT,2
CACCTAGGATCGCAAT,2
CACGACCGGCGAACTC,2
CACGGACGGCGAACTC,2
CACGGCGGGCGAACTC,2
CACGGGATAATGTCTC,2
CACGGGCTAATGTCTA,2
CACGTCCGGCGAACTC,2
CACTAGATGGACAGTC,2
CACTAGATGTACGGTC,2
CACTAGATGTGCAGTC,2
CACTATGAAATAAGCT,2
CACTCGATGTACAGTC,2
CACTGCCGGCGAACTC,2
CACTGGATGTACAGTC,2
CAGAACCTCGCTGTCT,2
CAGAACCTCGTCGTCT,2
CAGAACCTCGTTGTCG,2
CAGACCCTAGATGGTA,2
CAGAGCCTCGTTGTCT,2
CAGGCTCTAGAGCCCT,2
CAGGCTCTAGAGCGCT,2
CAGGCTCTAGAGCTTT,2
CAGGGGAATTGCCACT,2
CATAAAGAGTTTGTTG,2
CATAAAGGACTGTATA,2
CATAACCTCGTTGTCT,2
CATAAGAGACTGTATA,2
CATACAGAGTTTGTGG,2
CATACAGATTTTGTTG,2
CATATAGAGTTTGTTG,2
CATCTCTGATGAATTG,2
CATGGGAATTGCGACT,2
CATGGGGAGCCCAACA,2
CATGTCGTATCCACAG,2
CATGTGGAGCCCGACA,2
CATGTGGAGCCGAACA,2
CATTGAGACGAGCAAG,2
CATTGAGACGCGCAGG,2
CATTGAGATGCGCAAG,2
CATTGAGGCGCGCAAG,2
CATTTAGACGCGCAAG,2
CATTTCTAATGAATTG,2
CATTTCTGATGATTTG,2
CCAAAACAAAAAATTA,2
CCAAACTTGGCGCATC,2
CCAACACAAAAAAGTA,2
CCAACACAAAGAATTA,2
CCAAGCTGGGCGCATC,2
CCAAGCTTAGCGCATC,2
CCAAGCTTGGCGAATC,2
CCAAGCTTGGCGTATC,2
CCAAGCTTGGCTCATC,2
CCAAGCTTTGCGCATC,2
CCAATCCAAGCCTTTA,2
CCACTCAGCTCAAAAA,2
CCATCTTAATCTACAG,2
CCCAATGTCGTAGGAT,2
CCCAGCGCGGTAAGAG,2
CCCCCCCTCTAAAGTT,2
CCCCCGCTGTTTAATA,2
CCCCTCCTCTAAAGTG,2
CCCCTCCTCTAGAGTT,2
CCCGGGACCAAAACTT,2
CCCTATGAAACAAGCT,2
CCCTATGAAATAAGCC,2
CCCTATGAGATAAGCT,2
CCCTATTAAATAAGCT,2
CCCTGCGCGGCGCGGG,2
CCCTGCGCGGTTCGGG,2
CCCTGGGCGGCTCGGG,2
CCCTTTAAGGATCTCT,2
CCCTTTACGGATCTAT,2
CCCTTTACGGATCTCC,2
CCCTTTACGGATCTCG,2
CCCTTTATGGATCTCT,2
CCGAACTTGTCGATAT,2
CCGGAGAAATCAGAAC,2
CCGGAGGCCTGGCCCC,2
CCGGATAAACCAGAAC,2
CCGGATAAATCAGAAA,2
CCGGATAAATCAGAGC,2
CCGGATAGATCAGAAC,2
CCGGATGAATCAGAAC,2
CCGGGTAAATCAGAAC,2
CCGTATAAATCAGAAC,2
CCTAGGTATTATATGC,2
CCTCGGCTCTTGATTA,2
CCTGGATTAAGTTGTG,2
CCTGGGCTAAGTTGTG,2
CCTGGGTGAAGGTGTG,2
CCTGGGTGAAGTTGGG,2
CCTGGGTTAAGTCGTG,2
CCTGGGTTAAGTTGCG,2
CCTGGGTTAATTTGTG,2
CCTGGGTTAGGTTGTG,2
CCTTATGAAATAAGCT,2
CCTTGACATAGCGATG,2
CCTTGACGCATTCCCG,2
CCTTGATGCATTCACG,2
CCTTGATGCATTCCTG,2
CCTTGCGCGGCTCGGG,2
CGAAAAAATTACAAAT,2
CGAAACACGTACCAGT,2
CGAAACACGTCCCAAC,2
CGAAACACGTCCCAAT,2
CGAACCGCAGACAAGT,2
CGAACCGCAGACACGC,2
CGAACCGCAGACGCGT,2
CGAACCGCATACACGT,2
CGACTCCACGGATGCC,2
CGACTCCGCGGACGCC,2
CGATATTGCCCGGAAG,2
CGCACTTTACGAGAAA,2
CGCAGCATCGGTCGCC,2
CGCAGCATTGGTCACC,2
CGCAGCATTGGTCGTC,2
CGCGACACCCCTCCGG,2
CGCGACACCCTTCCCG,2
CGCGACACCCTTCCGC,2
CGCGACATCCTTCCGG,2
CGCGACCCCCTCCAAC,2
CGCGGCCGGCGAACTC,2
CGCGGGCTAATGTCTC,2
CGGAACCTCGTTGTCT,2
CGGAACTTATCTGTGG,2
CGGACCCGAGATGGGA,2
CGGACCCTAAATGGTA,2
CGGACCCTAGAGGGTA,2
CGGACCCTAGATAGTT,2
CGGAGACAAGATTGTA,2
CGGCCAGGGAATAAAA,2
CGGGAAATGGAAATGA,2
CGGGAAATTTAAATGA,2
CGGGAACAGACAGAAC,2
CGGGAACATAAATAAC,2
CGGGAACATACATAAA,2
CGGGAACATACATGAC,2
CGGGAACATGCATAAC,2
CGGGCCCTAGATGGTA,2
CGGGGAATGTAAATGA,2
CGGGGACAAGATGGTA,2
CGGGGACAAGATTTTA,2
CGGGGACATACATAAC,2
CGGGTACCCTTCAGCA,2
CGGTAGAGACTCATCT,2
CGGTCGGGACTCAGCT,2
CGGTCGGGACTCATCA,2
CGGTCGGGACTCGTCT,2
CGGTCGGTACTCATCT,2
CGGTCGTGACTCATCT,2
CGGTCTGGACTCATCT,2
CGGTTGGGACTCATCT,2
CGTAAAGTGTAATCGA,2
CGTACAGTGTAAGCGA,2
CGTACAGTGTAATAGA,2
CGTACAGTGTAATCGC,2
CGTACAGTGTACTCGA,2
CGTACATTGTAATCGA,2
CGTACGTATGTACCAG,2
CGTACGTATGTCCAAG,2
CGTGAAATGTAAATGA,2
CGTGACCCCATCCAAC,2
CGTGACCCCCTACAAC,2
CGTGTACCCTACAGCA,2
CGTGTACCCTGCAGCA,2
CGTGTACCCTTTAGCA,2
CGTGTACTCTTCAGCA,2
CGTGTGGAGCCCAACA,2
CGTTAACGGCCTATCA,2
CGTTAACTGCCTATCC,2
CGTTAATGGCCTATCC,2
CGTTCAAAGATAACGG,2
CGTTCAGCGATAACGA,2
CGTTCAGCGATAACTG,2
CGTTCAGCTATAACGG,2
CGTTGAGCGATAACGG,2
CTAAAACATTACAAAT,2
CTAAACTTATCTGTGG,2
CTAAACTTGTCGATAT,2
CTAAATGTCGTAGGAT,2
CTAACACAAAAAATTA,2
CTAACACAGCGTAGGC,2
CTAAGCTTGGCGCATC,2
CTAAGTTAAGTATCAA,2
CTAATTTAAGTATCGA,2
CTAATTTAATTATCAA,2
CTAATTTAGGTATCAA,2
CTAATTTCAGTATCAA,2
CTAATTTGAGTATCAA,2
CTAATTTTAGTATCAA,2
CTAGCAAAGCGTAGGC,2
CTAGCACAGAGTAGGC,2
CTAGCACAGCGTAGTC,2
CTAGTTTAAGTATCAA,2
CTATAAACCGTTTATA,2
CTATACCTGCAGTTGA,2
CTATACTGCCCGGAAG,2
CTATAGTGCCCGGAAG,2
CTATATTGCCCGGAAC,2
CTATATTGCGCGGAAG,2
CTATCTTAATATACAG,2
CTATCTTAATCCACAG,2
CTATCTTAATCTATAG,2
CTATTTAACAGACATA,2
CTATTTAACAGACGTG,2
CTATTTAACGGACGTA,2
CTATTTGACAGACGTA,2
CTCAAACAATTGGCGC,2
CTCAAATAATTGGCTC,2
CTCAATGGCGTAGGAT,2
CTCAATGTCTTAGGAT,2
CTCAATTTCGTAGGAT,2
CTCCTAGGGGAAGATT,2
CTCCTAGGGGACGATG,2
CTCCTAGGTGACGATT,2
CTCTTACGCTCCGACG,2
CTCTTCTAGTACGCTT,2
CTGAACCTATCTGTGG,2
CTGAACTCATCTGTGG,2
CTGAACTTACCTGTGG,2
CTGAACTTATCAGTGG,2
CTGAACTTATCTGGGG,2
CTGAATTTATCTGTGG,2
CTGACCCTAGATGGTA,2
CTGAGCGGCCAAGAAG,2
CTGAGCGGCCAATAAG,2
CTGAGCTGCAAATAAG,2
CTGAGCTGCCAATACG,2
CTGAGCTGCCGATAAG,2
CTGAGGAATTCAACTC,2
CTGAGGGATTAAACTC,2
CTGAGGGATTCAACTT,2
CTGAGTGATTCAACTC,2
CTGATGGATTCAACTC,2
CTGCACCTGCAGTTGA,2
CTGCCAGGGAATCAAA,2
CTGCTCCTGAGTAGTA,2
CTGGAACATACATAAC,2
CTGGAATCTCCCATAC,2
CTGGAGGCATGGCCCC,2
CTGGAGGCCTGGACCC,2
CTGGAGGCCTGGCACC,2
CTGGCTCTAGAGCTCT,2
CTGGGATTGGAGAAAC,2
CTGTACCTGAAGTTGA,2
CTGTACCTGCAGCTGA,2
CTGTACCTGCAGTCGA,2
CTGTACCTGCAGTGGA,2
CTGTACCTGCAGTTGT,2
CTGTACCTGCAGTTTA,2
CTGTAGGCCTGGCCCC,2
CTTAAAGAATACTAGA,2
CTTACAGAATACTAGG,2
CTTACAGAATACTAGT,2
CTTACAGAGTACTAGA,2
CTTACAGTGTAATCGA,2
CTTAGATATTATATGC,2
CTTAGGGATTATATGC,2
CTTAGGTACTATATGC,2
CTTAGGTATTATATGG,2
CTTAGGTGTTATATGC,2
CTTAGTTATTATATGC,2
CTTATATCCAACACCA,2
CTTCAGCGTTGTTTTG,2
CTTCGGCTCCTGATTA,2
CTTCGGCTCTTCATTA,2
CTTCGGCTCTTGAGTA,2
CTTGACCCCCTCCAAC,2
CTTGGGTATTATATGC,2
CTTGGGTTAAGTTGTG,2
CTTTAAATTATAGTCA,2
CTTTAAATTATAGTCC,2
CTTTACCTGCAGTTGA,2
CTTTGAATTATAGTCT,2
CTTTTCTAGGACGCTT,2
CTTTTCTAGTAAGCTT,2
GAAAAAAGGGACATAT,2
GAAAATCCCTATGATG,2
GAAAATCTACGGCGAC,2
GAAAGCCCCGTGAAAT,2
GAAAGCCCCTTGCAAT,2
GAAAGCCCTGTGCAAT,2
GAAAGTACCTATGATG,2
GAAAGTCCCTAAGATG,2
GAAATACGCTGAATGA,2
GAAATCCACAAATAAC,2
GAACCCTTGTAAGATG,2
GAAGAAACTATAACCG,2
GAAGAAACTATAGCCA,2
GAAGAAGCTATAACCA,2
GAAGAGACTATAACCA,2
GAAGCGCGTATTGAGT,2
GAAGCTCTTTTCGTTC,2
GAAGGCCCCGTGCAAT,2
GAAGTACGCTGAAGGA,2
GAAGTACGCTGAATTA,2
GAAGTACGCTGAGTGA,2
GAAGTACGCTTAATGA,2
GAAGTACTGCTGAAGT,2
GAAGTGAGTATTGAGT,2
GAAGTGCATATTGAGT,2
GAAGTGCGTATTGACT,2
GAAGTGCTACTGAAGT,2
GAAGTGCTGATGAAGT,2
GAAGTGCTGCTGAAGG,2
GAAGTTCTGCTGAAGT,2
GAATAATAGAACAGAT,2
GAATAATAGAACATAG,2
GAATTGCTGCTGAAGT,2
GACAAAAGGGAAATAT,2
GACAAAAGGGACATAG,2
GACAAAAGGGACGTAT,2
GACAAAAGGGAGATAT,2
GACAAGAGGGACATAT,2
GACCCCCTGTAAGATG,2
GACCCCTTGTAAGAGG,2
GACCCCTTGTAGGATG,2
GACCTTGGGGAGAGTC,2
GACGGGATGGGCAAGT,2
GACGGGATGGGCACAT,2
GACGGGATGTGCACGT,2
GACTGATAACCCTGCG,2
GAGAAGCTATAGAAGT,2
GAGAGCTGCAGAAGAG,2
GAGAGCTGGAGAAGCG,2
GAGATCCCCAAATAAC,2
GAGCTTGCGATGGATC,2
GAGCTTGCTATAGATC,2
GAGCTTGCTATGGATA,2
GAGGAAACTATAACCA,2
GAGGGGATACGTCAAC,2
GAGGGGATACGTCACA,2
GAGGGGTAGAGATTCA,2
GAGGGGTAGAGGTACG,2
GAGGTGTAGAGATACG,2
GAGTGGATACGTCACC,2
GAGTTAGTAGACCCAC,2
GAGTTTGCTATGGATC,2
GATATTATGACTTCAT,2
GATATTGGGGAGAGTC,2
GATCACGCAGAAAAAC,2
GATCACGCAGAAAGAG,2
GATCACGCATAAAAAG,2
GATCACTCAGAAAAAG,2
GATCATGCAGAAAAAG,2
GATCGACATCGACTTC,2
GATCGCCACTGAGAAG,2
GATCGCCACTGATAAA,2
GATCGCCATCGACTCC,2
GATCGCGCAGAAAAAG,2
GATCTTGTGGAGAGTC,2
GATGTGGAGCCCAACA,2
GATTAAGATGCCCACC,2
GCAAACAGTGTAGTTA,2
GCAAACGGTGTAGTTG,2
GCAAAGTTTCATAGCG,2
GCAACACAAAAAATTA,2
GCAACAGTCCTGGCAA,2
GCAACGAGGGGTAACC,2
GCAAGATTCGGGGGAC,2
GCAATTTACTGAAGGG,2
GCAGCATGCCGGTCAT,2
GCAGCGTACCGGTCAT,2
GCAGCGTGCCGTTCAT,2
GCAGCTGCGGCGTGTG,2
GCAGCTTGCCGGTCAT,2
GCAGGCGTTAGTGTCA,2
GCATCCTCAACTCCTG,2
GCATCCTCAACTGCTA,2
GCATGGAACTAACTAC,2
GCATGGAACTAACTCT,2
GCATGGAATTAACTCC,2
GCATGGAGCTAACTCC,2
GCATGGGTGTACGAGA,2
GCCAGCTAGTATCCCT,2
GCCAGCTCATATCCCT,2
GCCAGCTTGTATCCCT,2
GCCATCTCGTATCCCT,2
GCCATTTAATGAAGGG,2
GCCATTTACTGAATGG,2
GCCATTTACTGAGGGG,2
GCCATTTACTGGAGGG,2
GCCCCCGGAGCTTGGC,2
GCCCTTGCGCGCAGTC,2
GCCGAAAGGATCATGA,2
GCCGAATGAATCATCC,2
GCCGCTGCGGCGGGTG,2
GCCGCTGCGGTGTGTG,2
GCCGCTGTGGCGTGTG,2
GCCGGAGTTAGTGTCA,2
GCCTAAAGGATCGTGA,2
GCCTAAGGGATCATGA,2
GCCTATGAAATAAGCT,2
GCCTTTACGCGCAGTC,2
GCCTTTGCGCGAAGTC,2
GCCTTTGCGCGCACTC,2
GCCTTTGCGCGCAGTA,2
GCCTTTGCGCGCTGTC,2
GCGAAGTCTCATAGCG,2
GCGAAGTTTAATAGCG,2
GCGAAGTTTCATATCG,2
GCGAGGTTTCATAGCG,2
GCGCAAATAGACCGAA,2
GCGGTATCAAGCCGGG,2
GCGTAAAGGATCATGA,2
GCGTCCTCAACTCCTA,2
GCTTATTTGGATTAAA,2
GGAACCGCAGACACGT,2
GGACAAACCTGCAAAT,2
GGAGAAACTATAACCA,2
GGAGAACTGCGGCCCC,2
GGATCCACCCTATAGT,2
GGCAAGTTACGGATGG,2
GGCATAGGGATATGTG,2
GGCCCATGCTGGGGAT,2
GGCTCCTGGGGTATCA,2
GGGAAAGAAACTGGAG,2
GGGAGTATGAAGAGCG,2
GGGCATCCGAGTGACG,2
GGGCGCCGGAGGAGTA,2
GGTATTTGCGCTTCAA,2
GGTCCATCCCAGATCG,2
GGTCCATCTCAGATAC,2
GGTCCATCTCAGATAG,2
GGTGTACCCTTCAGCA,2
GGTTAACTTTGGAAGT,2
GTAAGCAAAGTGGACC,2
GTAAGCAAAGTTGATC,2
GTAAGCAAATTTGACC,2
GTAAGCGAGAAAAGCA,2
GTAAGCTTAATGGAGT,2
GTAAGCTTCATGTAGT,2
GTAATCAAAGTTGACC,2
GTAATTCGCATGTGGA,2
GTACAAACCTGCAAAA,2
GTACAAACCTGGAAAT,2
GTACAAAGCTGCAAAT,2
GTACAAATCTGCAAAT,2
GTACCCAGCTCCTGCG,2
GTACCCAGTTACTGCG,2
GTACCCGGTTCCTGCG,2
GTACTAACCTGCAAAT,2
GTAGAACTGCGACCCC,2
GTAGAATCGCAAATTA,2
GTAGATACTAGGAACA,2
GTAGATACTAGGACCT,2
GTAGTATCAAGCCGGG,2
GTATAACTGCGGCCCC,2
GTATCCTCAACTCCTA,2
GTCAAGGTACGGATGG,2
GTCAAGTTACAGATGG,2
GTCAAGTTACGGAGGG,2
GTCCGATTGTCCGGAA,2
GTCGAATCCTGGAATG,2
GTCGCAGCTAATCCGA,2
GTCGCATCATGGAATG,2
GTCGCATCCGGGAATG,2
GTCGCATCCTGGAACG,2
GTCGCATCCTGGAATT,2
GTCGCATCCTGGGATG,2
GTCGCCGCTAATCCGG,2
GTCGCTCCGACACGCC,2
GTCGCTGCGGCGTGTG,2
GTCTAAAGGATCATGA,2
GTCTCATCCTGGAATG,2
GTGAACTTGTCGATAT,2
GTGAGCAAAGTTGACC,2
GTGAGCGAGAAAAACA,2
GTGAGCGAGAAAAGTA,2
GTGAGCGAGAGAAGCA,2
GTGAGTGAGAAAAGCA,2
GTGATCGAGAAAAGCA,2
GTGCATCCTAGTGACA,2
GTGCGATTATCCGGAA,2
GTGCGATTGTCCAGAA,2
GTGCGATTGTCCGAAA,2
GTGCGATTGTCCGCAA,2
GTGCGATTGTCCGTAA,2
GTGCGATTGTCCTGAA,2
GTGCTCCTGAGTAGTA,2
GTGGAGGCCTGGCCCC,2
GTGGGATTGTCCGGAA,2
GTGGGGTAGAGATACG,2
GTGGTATCAAGCCGGA,2
GTGGTATCAAGCGGGG,2
GTGGTATTAAGCCGGG,2
GTTAGATTATAACGTA,2
GTTAGGGCTACGTGAG,2
GTTATTATAACTTCAT,2
GTTCCGAATGGGGTAG,2
GTTGATCCGACACGCC,2
GTTGCTCCAACACGCC,2
GTTGCTCCGAAACGCC,2
GTTGCTCCGACACGAC,2
GTTTAAATTCGAGGAC,2
GTTTCTCCGACACGCC,2
TAAAAAGCCAGCAAGA,2
TAAAAAGCCTACATGA,2
TAAAAAGCCTCCACGA,2
TAAAAAGCCTCCAGGA,2
TAAAAAGCCTCCATCA,2
TAAAAAGCCTCCATTA,2
TAAAAATCCTCCATGA,2
TAAAGTCCCTATGATG,2
TAAATCCCCAAATAAC,2
TAAATCGGGGGCTAAA,2
TAACATGATTTCTCGA,2
TAACGCGATTTCTCGA,2
TAACGTGATTCCTCGA,2
TAACGTGATTTCTCGG,2
TAACGTGATTTTTCGA,2
TAAGAAGCCTCCATGA,2
TAATAAACCAGCAAGA,2
TAATAAGACAGCAAGA,2
TAATAAGCCAGAAAGA,2
TAATAAGCCAGCAGGA,2
TAATAAGCCGGCAAGA,2
TAATAATAGAACAGAG,2
TAATAATGCCGTTGTC,2
TACACGTAGAACCGCC,2
TACAGTGGTATACATA,2
TACATACCGAAGCAGT,2
TACATACCGACGCAGC,2
TACCAATGCCATTTGA,2
TACCAATGTAATTTGA,2
TACCAATGTCATTTGG,2
TACCCCTTGTAAGATG,2
TACCCGGCAAGCCACT,2
TACCCTGCAAGCAACT,2
TACCCTGCAAGCCACA,2
TACCCTGCAAGCCACG,2
TACCCTGCAAGCCGCT,2
TACCCTGCAGGCCACT,2
TACCGTGCAAGCCACT,2
TACCTACGAGACGTAA,2
TACCTGCTGCGGAACT,2
TACGGGCTAATGTCTC,2
TACTAAGAGAAGTGCG,2
TACTAATGCCATTGTC,2
TACTAATGCCGTGGTC,2
TACTAATGCCGTTGGC,2
TACTAATGCCGTTTTC,2
TACTAATGCCTTTGTC,2
TACTAATGCTGTTGTC,2
TACTAGAAATAAAATC,2
TACTAGCAATAAAATA,2
TACTATTCCGGCGCGG,2
TACTCTGCAAGCCACT,2
TACTGATAGCCCTGCG,2
TACTGGCAATAAAATC,2
TACTGGTAACCCTGCG,2
TAGAATCGTCACCGAT,2
TAGAATTGTCGGAAAG,2
TAGATGATAGTAACTC,2
TAGCATTGTAGGAAAG,2
TAGCATTGTCGGAAAC,2
TAGCATTGTCGGAAAT,2
TAGCATTGTCGGAACT,2
TAGCATTGTCGGGAAG,2
TAGCTGATAGTAACGC,2
TAGCTGATAGTAACTA,2
TAGCTGATGGTAACTC,2
TAGGGGAACGGGAAGC,2
TATAATCACGGAGGAT,2
TATACTCACGCAGGAT,2
TATACTCACGGAAGAT,2
TATACTCACGGAGGGT,2
TATATCGTATCCACAG,2
TATCAAAGGGACGGAC,2
TATCATTGTCGGAAAG,2
TATCCAAGGAACGGAC,2
TATCCAAGGGACGGAA,2
TATCCAAGGGACGTAC,2
TATCCAAGGGACTGAC,2
TATCCAATGGACGGAC,2
TATCGCCATCGACTTC,2
TATCGCTGGCACCCGT,2
TATGTCGTACCCACAG,2
TATGTCGTATACACAG,2
TATGTCGTATCCGCAG,2
TATGTCGTATGCACAG,2
TATGTTGTATCCACAG,2
TATTAAGAGAAGTGCA,2
TATTAAGAGAGGTGCG,2
TATTACTAACTAGCGA,2
TATTAGAGTGAACGAT,2
TATTAGGAGAAGTGCG,2
TATTGAGCCAGTCTGA,2
TATTTCTGATGAATTG,2
TCAAACGAAGTAGGAG,2
TCAATCGGGGGATAAA,2
TCAATCGGTGGCTAAA,2
TCAATCGTGGGCTAAA,2
TCACGAATTTGATTCC,2
TCACGACTCGACGAAC,2
TCACGGGTGTACGAGA,2
TCATCTGTAGAGCGCT,2
TCATGGGTGTACGACA,2
TCATGTGTGTACGAGA,2
TCCACATCCCTAGCTA,2
TCCAGCACGGTAAGAG,2
TCCAGCGCGGCAAGAG,2
TCCAGCGCGGCTCGGG,2
TCCAGCGCGGTAAGAA,2
TCCAGCGTGGTAAGAG,2
TCCCCGTGGTTTGACC,2
TCCCCGTGGTTTGGCA,2
TCCGGCGTTAGTGTCA,2
TCCTGTCCAGACTCGT,2
TCGAACAAAGTAGGAG,2
TCGAACGAAGTAAGAG,2
TCGAACGAAGTAGGTG,2
TCGAGTTAATATGTGC,2
TCGATTACTAGCAGGA,2
TCGATTACTATCCGGA,2
TCGATTTAATATGCGC,2
TCGCCCGTTGGGAACT,2
TCGCTCCTGAGTAGTA,2
TCGCTTCAACCAAAAA,2
TCGCTTCAACTAAGAA,2
TCGTAGCACTACTGCT,2
TCGTCAGTTGGGAACT,2
TCGTCCGGTGGGAACT,2
TCGTCCGTGGGGAACT,2
TCGTCCGTTGGGAACG,2
TCGTCCGTTGGTAACT,2
TCGTCCGTTGTGAACT,2
TCGTCCGTTTGGAACT,2
TCGTCGCAATACTGCT,2
TCGTCGCACTACGGCT,2
TCGTCGCACTACTGAT,2
TCGTCGCACTACTGCC,2
TCGTCGCACTGCTGCT,2
TCGTCGCACTTCTGCT,2
TCGTTCGTTGGGAACT,2
TCTAACTCTCACGGCA,2
TCTAACTCTCGCAGCA,2
TCTATATCGAGATTCA,2
TCTATTACTAGCCGGA,2
TCTCAGCGTTGTTTTG,2
TCTGAGTCCTCGTATG,2
TCTGGAAACGATCCCA,2
TCTGGAAACTATCCCC,2
TCTGGAAGCGATCCCC,2
TCTGGGTTAAGTTGTG,2
TCTTACTAGGCGGCAT,2
TCTTAGCTCTTAGCCG,2
TCTTAGTCCTCGCATG,2
TCTTAGTCTTCGTATG,2
TCTTATAGTGAACGAT,2
TCTTATGAGGCGGCAT,2
TCTTATTAGGCGGGAT,2
TCTTATTAGGCGTCAT,2
TCTTATTCCTCGTATG,2
TCTTCGCACTACTGCT,2
TCTTGACATAGCGATT,2
TCTTGACATAGCGGTG,2
TCTTTACATAGCGATG,2
TCTTTACCACTGCACC,2
TCTTTACCACTGCATG,2
TCTTTATCACTGCATC,2
TCTTTGCCACTGCATC,2
TGACAACAATACAAAC,2
TGACAATAATACAAAT,2
TGATATTTTACATTTA,2
TGATCTTTCACATTTA,2
TGATCTTTTAAATTTA,2
TGATCTTTTACAGTTA,2
TGATCTTTTACATTTG,2
TGCAATAGGCGTCACA,2
TGCAGTGGGATACATA,2
TGCAGTGGTATACACA,2
TGCAGTGGTATACGTA,2
TGCAGTGGTGTACATA,2
TGCATAGGGATATGTG,2
TGCATCTAACAGATAG,2
TGCATTGGTATACATA,2
TGCGATGGTCGATCCG,2
TGCGGAGGTCGATCCG,2
TGCGGCGGTCGATCCG,2
TGCGGTAGTCGATCCG,2
TGCGGTGATCGATCCG,2
TGCGGTGGCCGATCCG,2
TGCGGTGGTCAATCCG,2
TGCGGTGGTCGATCAG,2
TGCGGTGGTCGATCGG,2
TGCGGTGGTCGATCTG,2
TGCGGTGTTCGATCCG,2
TGCTATCCCGGCGCGG,2
TGCTATTCCAGCGCGG,2
TGCTATTCCGGCACGG,2
TGCTATTCCGGCGCGT,2
TGCTATTCCGTCGCGG,2
TGCTATTTCGGCGCGG,2
TGGAATAGGCGTCACA,2
TGGAATCATCACCGAT,2
TGGAATCGTAACCGAT,2
TGGAATCGTCACCAAT,2
TGGAATCGTCACCGTT,2
TGGAGTCGTCACCGAT,2
TGGCCAGGGAATCAAA,2
TGGCCCGTAAGGACTA,2
TGGTCCGCCTCATGCT,2
TGGTCCGCTTCATACT,2
TGGTCGGGACTCATCT,2
TGGTCTTTTACATTTA,2
TGTAATAGGCATCACA,2
TGTAATAGGCGTAACA,2
TGTAATAGGCGTCATA,2
TGTAATCGTCACCGAT,2
TGTACGGATAAAGTAG,2
TGTGGAAACGATCCCC,2
TGTGGAGAGCCCTTAC,2
TGTGGAGCACCCTTAC,2
TGTGGAGCGCCCTTAA,2
TGTGGAGCTCCCTTAC,2
TGTTCAGCGATAACGG,2
TGTTGAGACAGTCTGA,2
TGTTGAGCAAGTCTGA,2
TGTTGAGCCAGTCGGA,2
TGTTGAGTCAGTCTGA,2
TGTTGGGCCAGTCTGA,2
TTAATGTAGCCGATCC,2
TTACAACAATACAAAT,2
TTACAATTGAAACATA,2
TTACGAATTTGATCCC,2
TTACGAATTTGATGCC,2
TTACGAATTTGGTTCC,2
TTACGAGTTTGATTCC,2
TTAGCACAGCGTAGGC,2
TTATCTGTAGAACGCT,2
TTATCTGTAGAGCGCA,2
TTATCTGTAGAGCGTT,2
TTATCTGTAGAGGGCT,2
TTATCTGTAGAGTGCT,2
TTATCTGTAGATCGCT,2
TTATCTGTGGAGCGCT,2
TTATCTTTAGAGCGCT,2
TTATCTTTTACATTTA,2
TTATGAATTTGATTCC,2
TTCATCAAGTTGGTTC,2
TTCATCAAGTTGTTGC,2
TTCCAGCGTTGTTTTG,2
TTCCGTCAGCATAAAC,2
TTCGGTGGTCGATCCG,2
TTCTGCCCAGACTCGT,2
TTCTGTCCATACTCGT,2
TTGAAAAAATAATAAA,2
TTGAAAAAATCATGAA,2
TTGAACGAAGTAGGAG,2
TTGACTAACCGAATAA,2
TTGACTCACCAAATAA,2
TTGACTCACCTAATAA,2
TTGAGCTGCCAATAAG,2
TTGAGTTAATATGCGC,2
TTGATCCTGAGTAGTA,2
TTGATTACTAGCCGGA,2
TTGCAATTGAAAAATA,2
TTGCAATTTAAACATA,2
TTGCTCCTGAGTAGTT,2
TTGGGATTGGAGAAAC,2
TTGGGCACTAAAGTAA,2
TTGGGGAACGAGAAGC,2
TTGGGGAACGCGAAGC,2
TTGGGGAACGGGGAGC,2
TTGTATCAGTCGCGAC,2
TTGTATCAGTCGCGCT,2
TTGTATCGGTCGCGCC,2
TTGTATGAGTCGCGCC,2
TTGTCTGTAGAGCGCT,2
TTGTGGAACGGGAAGC,2
TTTACAGAATACTAGA,2
TTTATATAGAGATTCA,2
TTTATATCAAGATTCA,2
TTTATATCCAACAACA,2
TTTATATCGAGACTCA,2
TTTATATCTAGATTCA,2
TTTATATTCAACACCA,2
TTTCACAGAACCCATC,2
TTTCAGCGTTGTCTTG,2
TTTCAGCGTTGTGTTG,2
TTTCAGCGTTGTTCTG,2
TTTCAGCGTTTTTTTG,2
TTTCAGTGTTGTTTTG,2
TTTCCGAATGGGGTAG,2
TTTCGGCTCTTGATTA,2
TTTCGTGATACTAACA,2
TTTCGTGATACTCACG,2
TTTCGTGATGCTCACA,2
TTTCTTGATACTCACA,2
TTTGCTCCGACACGCC,2
TTTGGCACTAAATTAA,2
TTTGGGAACGGGAAGC,2
TTTTGACATAGCGATG,2
AAAAAAATTATGACAA,1
AAAAAACTTATGACAA,1
AAAAAAGCCTCCATGA,1
AAAAAATATATGACAA,1
AAAAAATCTCAGATAC,1
AAAAAATTTACGACAA,1
AAAAAATTTAGGACAA,1
AAAAAATTTATGAGAA,1
AAAAAGACTTTGTGAT,1
AAAAAGCAGCACGATA,1
AAAAAGTTTATGACAA,1
AAAACGTAGAACCGCC,1
AAAAGATTTGGGAGGG,1
AAAAGTCCCTATGATG,1
AAAATCCCCAAATAAC,1
AAACACATAAGACCCC,1
AAACACGAGGTTGTGA,1
AAACCATCGCACCCAA,1
AAACCCAAAAGACCCC,1
AAACCCATAAAACCCC,1
AAACCCATAAGACCCG,1
AAACCCATAAGACCTC,1
AAACCCATAAGATCCC,1
AAACCCATAAGGCCCC,1
AAACCCGTAAGACCCC,1
AAACGGGTTGGCTGTA,1
AAACTACGAGACGTAA,1
AAAGAATTTATGACAA,1
AAAGACCTTTAACTCC,1
AAAGATCTTTTCGTTC,1
AAAGCCCTTTTCGTTC,1
AAAGCTCCTTTCGTTC,1
AAAGCTCGTTTCGTTC,1
AAAGCTCTCTTCGTTC,1
AAAGCTCTTGTCGTTC,1
AAAGCTCTTTCCGTTC,1
AAAGCTCTTTTCATTC,1
AAAGCTCTTTTCGGTC,1
AAAGCTCTTTTCGTAC,1
AAAGCTCTTTTCGTCC,1
AAAGCTCTTTTCGTTA,1
AAAGCTCTTTTCGTTT,1
AAAGCTCTTTTTGTTC,1
AAAGCTTTTTTCGTTC,1
AAAGGAGCGCCTTCAA,1
AAAGGCGAGCCTTCAA,1
AAAGGCGCGCCGTCAA,1
AAAGGCGCGCCTCCAA,1
AAAGGCGCGCCTGCAA,1
AAAGGCGCGCCTTTAA,1
AAAGGCGCTCCTTCAA,1
AAAGGCTCGCCTTCAA,1
AAAGGGCCTCATAATG,1
AAAGGGCTAATGTCTC,1
AAAGGGGCGCCTTCAA,1
AAAGGTTTAATAGACG,1
AAAGTACGATCTACGC,1
AAAGTACGCTGAATGA,1
AAAGTATCAGAGGATT,1
AAATATTGCTACACAT,1
AAATCCACAATATCCA,1
AAATCTCTTTTCGTTC,1
AAATGCGTTCATCGAT,1
AAATGTTGAATAGACG,1
AAATGTTTAAGAGACG,1
AAATGTTTAATATACG,1
AAATGTTTAATGGACG,1
AAATTAACAATATCCA,1
AAATTAAGAGAAAGTT,1
AAATTAGTAGACCCAC,1
AAATTCACAATAGCCA,1
AAATTCACAATATCAA,1
AAATTCACAATATCCT,1
AAATTCACAATGTCCA,1
AAATTCGCCGTTCCCC,1
AAATTTTCCAATAGGT,1
AACAACCCCAGAGATG,1
AACACGTAGAACCGCA,1
AACACGTAGAACCGCT,1
AACACGTAGAACCGTC,1
AACACGTAGAACGGCC,1
AACACGTAGAACTGCC,1
AACACGTAGAAGCGCC,1
AACACGTAGAATCGCC,1
AACACGTTGAACCGCC,1
AACAGAAGGCCATGTA,1
AACAGAAGTCCATCTA,1
AACAGAAGTCCGTGTA,1
AACAGAAGTGCATGTA,1
AACAGAAGTTGCCAAG,1
AACAGAATTCCATGTA,1
AACAGACAATAAAAAA,1
AACAGACGTCCATGTA,1
AACAGGATAATCGCGC,1
AACAGTACCGCGTTTA,1
AACCACAAACAGTAAG,1
AACCACCCAGTGACCG,1
AACCACCGAGCGACCG,1
AACCACCGAGTGAGCG,1
AACCACCGAGTGATCG,1
AACCACGGAGTGACCG,1
AACCCATGCTGGGGAT,1
AACCCCGGAGCTTGGC,1
AACCGAAGTCCATGTA,1
AACCGCTGGCACCCGT,1
AACCGTACCGCGTGTA,1
AACCTACGAAACGTAA,1
AACCTACGAGACGTAT,1
AACCTACGAGACGTGA,1
AACCTACGAGACGTTA,1
AACCTACGAGAGGTAA,1
AACCTACGGGACGTAA,1
AACCTAGGATCGCACT,1
AACCTCCCTGACTGCT,1
AACGAATGAATCATCA,1
AACGACAAACAGTAAA,1
AACGACAAACAGTGAG,1
AACGACAAACATTAAG,1
AACGACAAAGAGTAAG,1
AACGACAAATAGGAAG,1
AACGACAAATAGTAAG,1
AACGACAGACAGTAAG,1
AACGCGTAGAACCGCC,1
AACGGGCTAATGTCTC,1
AACGGTTCCGACTACG,1
AACGGTTCCGATTAAG,1
AACGGTTCCGTCTAAG,1
AACGGTTCGGACTAAG,1
AACGGTTTCGACTAAG,1
AACGTCAAACAGTAAG,1
AACTACCCTGACTGCT,1
AACTCGTGAGTACTAG,1
AACTGAGTTCATCGAT,1
AACTGATAACCCTGCG,1
AACTGCCGGCGAACTC,1
AACTGCGCTCATCGAT,1
AACTGCGTCCATCGAT,1
AACTGCGTTCATCAAT,1
AACTGCGTTCATCGAC,1
AACTGCGTTCATTGAT,1
AACTGCGTTTATCGAT,1
AACTGTTCCGACTAAG,1
AACTTCCCTAACTGCT,1
AACTTCCCTGACTGCA,1
AACTTCCCTGATTGCT,1
AACTTCCGTCGCCCGA,1
AACTTCCTTCGCCTGA,1
AACTTCTCTGACTGCT,1
AAGAAAGAAACTGGAG,1
AAGAAGACTCTGTGAT,1
AAGAAGACTGTGTGAT,1
AAGAAGACTTTGAGAT,1
AAGAAGACTTTGATAT,1
AAGAAGACTTTGGGAT,1
AAGAAGACTTTTTGAT,1
AAGAAGCTAGAGAAGT,1
AAGAAGCTATAGAAGA,1
AAGAAGCTATAGAATT,1
AAGAAGCTATAGAGGT,1
AAGAAGCTATAGGAGT,1
AAGAAGCTATTGAAGT,1
AAGAAGCTGTAGAAGT,1
AAGACTGATTGAAGTT,1
AAGAGCTGCAGAAGCG,1
AAGAGTATGAAGAGCG,1
AAGATAATATAGAGAC,1
AAGATGGAGGGAAGTG,1
AAGATGGATTGAAGTG,1
AAGATTGAGGGAAGGT,1
AAGATTGAGGGAAGTT,1
AAGATTGATGGAAGTT,1
AAGATTGATTGAGGTT,1
AAGATTGATTGATGTT,1
AAGATTGATTTAAGTT,1
AAGCCCAGCGGGGGAT,1
AAGCCCAGCGGGTGAA,1
AAGCCCAGCGGGTGAG,1
AAGCCCAGCGGGTTAT,1
AAGCCCAGCGGTTGAT,1
AAGCCCAGGGGGTGAT,1
AAGCCCATAAGACCCC,1
AAGCCCATCGGGTGAT,1
AAGCGCTGGCACCCGT,1
AAGCGGGGATGTGAGT,1
AAGCGGTGACGTGATT,1
AAGCGGTGATGCGATT,1
AAGCGGTGATGTGACT,1
AAGCGGTGATGTGATA,1
AAGCGGTGATTTGATT,1
AAGCGGTGGTGTGATT,1
AAGCGTTGATGTGATT,1
AAGCTACGAGACGTAA,1
AAGCTAGTAGACCCAC,1
AAGGAAACAATCGAAC,1
AAGGAGACTTTGTGAT,1
AAGGCCCACGGGCATA,1
AAGGCTCTAGAACTCT,1
AAGGGGAGTTGCGGTT,1
AAGGGGATTGGCTGTT,1
AAGGGGCCCCATAATG,1
AAGGGGCCTCATAATA,1
AAGGGGCCTCATGATG,1
AAGGGGCCTCCTAATG,1
AAGGTAAGAGAAAGGT,1
AAGGTAAGAGAAAGTT,1
AAGGTCACTATGTAAT,1
AAGGTCCATATGTAAT,1
AAGGTCCCCATGTAAT,1
AAGGTCCCTATGCAAT,1
AAGGTCCCTATGGAAT,1
AAGGTCCCTATGTAAC,1
AAGGTCCCTATGTAAG,1
AAGGTCCCTATGTAGT,1
AAGGTCCCTATGTGAT,1
AAGGTCCCTATTTAAT,1
AAGGTGCCTCATAATG,1
AAGGTTGATTGAAGTT,1
AAGTAGTGCTACACAT,1
AAGTATGGCTACACAT,1
AAGTATTGCTAAACAT,1
AAGTATTGCTACACAC,1
AAGTGAACGTCATACC,1
AAGTGAGTAGACCCAC,1
AAGTTAAGAGAAACTT,1
AAGTTAAGAGAAAGCT,1
AAGTTAAGAGAAAGTG,1
AAGTTAAGAGAAATTT,1
AAGTTAAGAGAAGGTT,1
AAGTTAAGAGGAAGTG,1
AAGTTAGCAGACCCAC,1
AAGTTAGGAGACCCAC,1
AAGTTAGTAGACCCAA,1
AAGTTAGTAGGCCCAC,1
AAGTTAGTGGACCCAC,1
AAGTTAGTTGACCCAC,1
AAGTTCCCTATGTAAT,1
AATACGAGGCTACGTA,1
AATACGTAGAACCGCC,1
AATACTCACGGAGGAT,1
AATAGAAGTCCATGTA,1
AATATTGATTGAAGTT,1
AATCACCGAGTGACCG,1
AATCACTGGCACCCGT,1
AATCCCATAAGACCCC,1
AATCCGAATGGGGTAG,1
AATCGCTAGCACCCGT,1
AATCGCTCGCACCCGT,1
AATCGCTGCCACCCGT,1
AATCGCTGGCACCCCT,1
AATCGCTGGCACCGGT,1
AATCGCTGGCACCTGT,1
AATCGCTGGCATCCGT,1
AATCGCTGGCGCCCGT,1
AATCGGTGATGTGATT,1
AATGAAACAATCGAAT,1
AATGAAACAATCGAGC,1
AATGAAACAATCGTAC,1
AATGAAACAATGGAAC,1
AATGAAACAATTGAAC,1
AATGAAATAATCGAAC,1
AATGACAAACAGTAAG,1
AATGAGACAATCGAAC,1
AATGCAAGCATGTCAA,1
AATGCGAGCACGTCAA,1
AATGCGAGCATGTCAG,1
AATGCGAGCATGTCAT,1
AATGCGAGCATTTCAA,1
AATGCGGGCATGTCAA,1
AATGGGTTAAGTTGTG,1
AATGGTTCCGACTAAG,1
AATGTATCCGAGAGCG,1
AATGTCCCTATGTAAT,1
AATGTGAGCATGTCAA,1
AATTAAATTCGAGGAC,1
AATTACTCATTATACG,1
AATTCGTGAGCACTAG,1
AATTCGTGAGTACCAG,1
AATTCGTGAGTACTAA,1
AATTCGTGAGTACTAC,1
AATTCGTGAGTACTAT,1
AATTCGTGAGTATTAG,1
AATTCGTGAGTGCTAG,1
AATTCGTGGGTACTAG,1
AATTCTTGAGTACTAG,1
AATTGAAAGTCATACC,1
AATTGAACGTAATACC,1
AATTGAACGTCATAAC,1
AATTGAACGTCATACT,1
AATTGAACGTGATACC,1
AATTGAAGTCCATGTA,1
AATTGAGCGTCATACC,1
AATTGGACGTCATACC,1
AATTTAGTAGACCCAC,1
ACAAAGCCTCGAGAAG,1
ACAAAGTCTCGAGAAA,1
ACAAAGTCTCGAGAGG,1
ACAAAGTCTCGAGGAG,1
ACAAAGTCTCGAGTAG,1
ACAAAGTCTCTAGAAG,1
ACAAATTCTCGAGAAG,1
ACAAGATGCGGGGGAC,1
ACAAGATTCAGGGGAC,1
ACAAGATTCGGGAGAC,1
ACAAGATTCGGGTGAC,1
ACAAGCTGAACCATAC,1
ACAATACGATCTACGC,1
ACAATATTCGGGGGAC,1
ACAATCGGAACCATAC,1
ACAATCTCAACCATAC,1
ACAATCTGAACCAAAC,1
ACAATCTGAACCAGAC,1
ACAATCTGAACCATCC,1
ACAATCTGAGCCATAC,1
ACACAGGTTGGCTGTA,1
ACACGACTCGACTAAC,1
ACACGAGTTGGCTGTA,1
ACACGGGCTGGCTGTA,1
ACACGGGTCGGCTGTA,1
ACACGGGTTCGCTGTA,1
ACACGGGTTGGCAGTA,1
ACACGGGTTGGCTCCA,1
ACACGGGTTGGCTCTA,1
ACACGGGTTGGGTGTA,1
ACACGGGTTGGTTGTA,1
ACAGACCACCATTGAG,1
ACAGCTCTTTTCGTTC,1
ACAGGATATATGGCTG,1
ACAGGCCACCATTGAG,1
ACAGGGATTGGCTGTT,1
ACAGGGGTTGGCTGTA,1
ACAGTAAGATCTACGC,1
ACAGTACGATATACGC,1
ACAGTACGATCTACGT,1
ACAGTACGATCTATGC,1
ACAGTACTATCTACGC,1
ACAGTCAACCATTGAG,1
ACAGTCCACCACTGAG,1
ACAGTCCACCAGTGAG,1
ACAGTCCACCATTCAG,1
ACAGTCCACCATTGAA,1
ACAGTCCACCATTTAG,1
ACAGTCCTCCATTGAG,1
ACAGTCTACCATTGAG,1
ACATAAAAAACTTAGT,1
ACATATGATTTTCGAG,1
ACATGGGTGTACGAGA,1
ACATGGGTTGGCTGTA,1
ACATTACGATCTACGC,1
ACATTCCACCATTGAG,1
ACATTTGCCAAGAGGT,1
ACATTTTACAATAGGT,1
ACATTTTCAAATAGGT,1
ACATTTTCCAATAGGG,1
ACATTTTCCAATATGT,1
ACATTTTGCAATAGGT,1
ACCACGTAGAACCGCC,1
ACCAGCAATCAGTTGT,1
ACCAGCAATGAGGTGT,1
ACCAGCAATGAGTTAT,1
ACCAGCGCGGCTCGGG,1
ACCAGGAATGAGTTGT,1
ACCAGTAATGAGTTGT,1
ACCATTGTACACACCA,1
ACCCAATGAATCATCC,1
ACCCATTCACGAATAA,1
ACCCCCGGAGCTCGGC,1
ACCCCCGGAGCTTAGC,1
ACCCCCGGAGCTTGAC,1
ACCCCCGGAGTTTGGC,1
ACCCCCGGGGCTTGGC,1
ACCCCGGGAGCTTGGC,1
ACCCCTGGAGCTTGGC,1
ACCCGAAGTTGCCAAG,1
ACCCTCCTCTAAAGTT,1
ACCGAAGGAATCATCC,1
ACCGAATGAAACATCC,1
ACCGAATGAATCACCC,1
ACCGAATGAATCATCG,1
ACCGAATGAATCGTCC,1
ACCGAATGAATGATCC,1
ACCGAATGAGTCATCC,1
ACCGAGTCACGAATAA,1
ACCGATTCAAGAATAA,1
ACCGATTCACGAATAG,1
ACCGATTGACGAATAA,1
ACCGATTTACGAATAA,1
ACCGCCGGAGCTTGGC,1
ACCGCTGCGGCGTGTG,1
ACCGGAAATTGCCAAG,1
ACCGGAAGTTGCCAAC,1
ACCGGAAGTTGCCAAT,1
ACCGGAAGTTGCCGAG,1
ACCGGAAGTTGCCTAG,1
ACCGGAAGTTGTCAAG,1
ACCGGATGAATCATCC,1
ACCGGCAATGAGTTGT,1
ACCGGCGTTAGTGTCA,1
ACCGGTTCACGAATAA,1
ACCGTCCACCATTGAG,1
ACCGTGGTACACACCA,1
ACCGTTGTAAACACCA,1
ACCGTTGTACACACCC,1
ACCGTTGTACACACCT,1
ACCTAATCACGAATAA,1
ACCTGAAGTTGCCAAG,1
ACCTTTGCGCGCAGTC,1
ACGACGAGGCTACGTA,1
ACGATTACTAGCCGGA,1
ACGCAAAGAGACCGAA,1
ACGCAAATAGACTGAA,1
ACGCGTCTCCGAGCAA,1
ACGCTTCAACTAAAAA,1
ACGGCCCACGGGCATA,1
ACGGGCATTGGCTGTT,1
ACGGGGACTGGCTGTT,1
ACGGGGATCGGCTGTT,1
ACGGGGATTGCCTGTT,1
ACGGGGATTGGCCGTT,1
ACGGGGATTGGCGGTT,1
ACGGGGATTGGCTATT,1
ACGGGGATTGGCTGCT,1
ACGGGGATTGGCTGTA,1
ACGGGGATTGGCTGTC,1
ACGGGTCTCCGAGCAA,1
ACGGTCTAGAAATTGT,1
ACGGTCTAGAAATTTG,1
ACGGTTGTACACACCA,1
ACGTATCTCCGAGCAA,1
ACGTATGAGTTTCGAG,1
ACGTATGATATTCGAG,1
ACGTATGATCTTCGAG,1
ACGTATGATGTTCGAG,1
ACGTATGATTCTCGAG,1
ACGTATGATTGTCGAG,1
ACGTATGATTTTCAAG,1
ACGTATGATTTTCGAA,1
ACGTATGATTTTCGTG,1
ACGTATTATTTTCGAG,1
ACGTCAATTAAGATCA,1
ACGTCCACTAAGATCA,1
ACGTCCAGTAAGATCA,1
ACGTCCATCAAGATCA,1
ACGTCCATGAAGAGCA,1
ACGTCCATTAAGAACA,1
ACGTCCATTAAGACCA,1
ACGTCCATTAAGAGCA,1
ACGTCCATTAAGATCG,1
ACGTCCATTAAGATCT,1
ACGTCCATTAAGATTA,1
ACGTGCCTCCGAGCAA,1
ACGTGCGCGGCTCGGG,1
ACGTGGGTGTACGAGA,1
ACGTGTCTACGAGCAA,1
ACGTGTCTCCGAATAA,1
ACGTGTCTCCGAGCAG,1
ACGTGTCTCCGGGCAA,1
ACGTGTGATTTTCGAG,1
ACGTGTTTCCGAGCAA,1
ACGTTTTCCAATAGGT,1
ACTAAGAGGCTACGTA,1
ACTACAAGGCTACGTA,1
ACTACGAGGCAACGTA,1
ACTACGAGGCTAAGTA,1
ACTACGAGGCTACGTG,1
ACTACGAGGCTACGTT,1
ACTACGATGCTACGTA,1
ACTACGGGGCTACGTA,1
ACTCAGCTCTTAGCCG,1
ACTCAGGCTCGCTAAT,1
ACTCCCGGAGCTTGGC,1
ACTCTCTAGAAATTTT,1
ACTCTGACTCGCTAAT,1
ACTCTGCCTCGCTAAT,1
ACTCTGGCTCACTAAT,1
ACTCTGGCTCGATAAT,1
ACTCTGGCTCGCCACT,1
ACTCTGGCTCGCTAAG,1
ACTGATTCACGAATAA,1
ACTGGCTAGAAATTTT,1
ACTGGGATTGGCTGTT,1
ACTGTCCACCATTGAG,1
ACTGTCTAGAAACTTT,1
ACTGTCTAGAAAGTTT,1
ACTGTCTAGAATTTTT,1
ACTGTCTCTAAATTTT,1
ACTGTGTAGAAATTTT,1
ACTGTTGGCTTGGTTA,1
ACTTAAATTCGAGGAC,1
ACTTAGTCCTCGTATG,1
ACTTCCATTAAGATCA,1
ACTTTTCTATGGCTAC,1
AGAAAAGAAACTGGAG,1
AGAAAATCGCAGATAC,1
AGAAAATCTCAGAGAC,1
AGAAAATCTCAGATAT,1
AGAAAATCTCAGATCG,1
AGAAAATTTCAGATAC,1
AGAACATCGCACCCAA,1
AGAACCGCAGACACGT,1
AGAACGTTTGTGCAAA,1
AGAACTATAGTTGGCA,1
AGACAACAATACAAAT,1
AGACAATCGCACCCAA,1
AGACACGTAGGGGCCA,1
AGACCATAGCACCCAT,1
AGACCATCGCGCCCAA,1
AGACCGACAGTTTCGT,1
AGACCGCAAGTTTCGT,1
AGACCGCCAGTGTCGT,1
AGACCGCCAGTTCCGT,1
AGACGGGTTGGCTGTA,1
AGACGTTTAGATAGTT,1
AGACTCCACGGACGCC,1
AGACTGCCAGTTTCGT,1
AGAGAAAAAACTTAGT,1
AGAGCCAAAAAGAGGA,1
AGAGCGAAAAAGAGGA,1
AGAGCTAAAAAGATGA,1
AGAGCTCTTTTCGTTC,1
AGAGCTGAAAAGAGGA,1
AGAGGAGGGATGGCTG,1
AGAGGATATATGGCTG,1
AGAGGATGTATGGCGG,1
AGAGTACGATCTACGC,1
AGAGTAGCAGAGGATT,1
AGAGTCCAGGTCCTTT,1
AGATACACCCTATAGT,1
AGATCCAACCTATAGT,1
AGATCCAAGGTCCTTT,1
AGATCCACCCTATAGC,1
AGATCCACCCTGTAGT,1
AGATCCACCGTATAGT,1
AGATCCCAGCTCCTTT,1
AGATCCCAGGGCCTTT,1
AGATCCCAGGTCATTT,1
AGATCCCAGGTCCGTT,1
AGATCCCAGGTCCTAT,1
AGATCCCAGGTCCTGT,1
AGATCCCAGGTCCTTA,1
AGATCCCAGGTCGTTT,1
AGATCCCCGGTCCTTT,1
AGATCCGGGGGGATCA,1
AGATCTCAGGTCCTTT,1
AGATCTGTGACATTGC,1
AGATCTTTTACATTTA,1
AGATTAAGAGGATACG,1
AGATTCACAATATCCA,1
AGATTCACGATATCCA,1
AGCAAACATGCATTGG,1
AGCACATGCTGGGGAT,1
AGCACTATAGTTGGCA,1
AGCAGAGGGATAGGTG,1
AGCAGAGGGATATGGG,1
AGCAGAGGGATATGTG,1
AGCAGGATAATCGCGC,1
AGCAGTGGTATACATA,1
AGCATAAGGATATGTG,1
AGCATAGGAATATGTG,1
AGCATAGGGATATGAG,1
AGCATAGGGATATGGG,1
AGCATAGGGGTATGTG,1
AGCATAGTGATATGTG,1
AGCATCGAACAGATAG,1
AGCATCTAACAGAAAC,1
AGCATCTAACAGAAAG,1
AGCATCTAACAGATAA,1
AGCATCTAGCAGATAG,1
AGCATGTAACAGATAG,1
AGCCACATCGCCCTTT,1
AGCCCATACTGGGGAT,1
AGCCCATCCTGGGGAT,1
AGCCCATGCCGGGGAT,1
AGCCCATGCGGGGGAG,1
AGCCCATGCTGAGGAT,1
AGCCCATGCTGGGGAA,1
AGCCCATGCTGGGGAG,1
AGCCCATGCTGGGGGT,1
AGCCCATGCTGGGTAT,1
AGCCCATTCTGGGGAT,1
AGCCCCGGAGCTTGGC,1
AGCCCCTGGGGTATCA,1
AGCGAAATCGCCCTTT,1
AGCGACAGCGCCCTTT,1
AGCGACATCGACCTTT,1
AGCGACATCGCCCCTT,1
AGCGACATCGCCCGTT,1
AGCGACATCGCCCTTA,1
AGCGACATTGCCCTTT,1
AGCGACGTCGCCCTTT,1
AGCGATATCGCCCTTT,1
AGCGGAATTAAGTATG,1
AGCGTCTAACAGATAG,1
AGCTACATCGCCCTTT,1
AGCTATTCCGGCGCGG,1
AGCTCATGGGGTATCA,1
AGCTCCTGGAGTATCA,1
AGCTCCTGGGCTATCA,1
AGCTCCTGGGGTACCA,1
AGCTCCTGGGGTAGCA,1
AGCTCTTGGGGTATCA,1
AGCTGAAGGAAGTATG,1
AGCTGAATTAAGGAGG,1
AGCTGAATTAAGTAGG,1
AGCTGAATTAGGTATG,1
AGCTGAATTGAGTATG,1
AGCTGCGTTCATCGAT,1
AGCTTCCCTGACTGCT,1
AGGAAAGAAACTCGAG,1
AGGAAAGAAACTGGAA,1
AGGAAAGAAACTGGTG,1
AGGAAAGAAATACATA,1
AGGAAAGAACCTGGAG,1
AGGAAAGAAGCTGGAG,1
AGGAATATAGTTGGCA,1
AGGAATCGTCACCGAT,1
AGGACCGTAAGGAATA,1
AGGACTATAGTCGGCA,1
AGGACTATAGTTGGCG,1
AGGACTATAGTTTGCA,1
AGGACTATATTTGGCA,1
AGGACTATGGTTGGCA,1
AGGAGAGAAACTGGAG,1
AGGAGGAGGAAGAGCG,1
AGGAGGTGCGCTGCAA,1
AGGAGTATGAAAAGCG,1
AGGAGTATGAAGAGCC,1
AGGAGTATGAAGAGGG,1
AGGAGTATGAAGATCG,1
AGGAGTATGAAGGGCG,1
AGGAGTATGAATAGCG,1
AGGAGTTTGAAGAGCG,1
AGGATAGGGATATGTG,1
AGGCCAGGGAATCAAA,1
AGGCCATCGCACCCAA,1
AGGCCATGCTGGGGAT,1
AGGCCCGGAAGGACTA,1
AGGCCCGTAAGCACTA,1
AGGCCCGTAAGGACGA,1
AGGCCCGTAAGTACTA,1
AGGCGCGTAAGGACTA,1
AGGCGGGTAGATAGGT,1
AGGCGTGGAGAGAGTG,1
AGGCGTTGAGATAGTT,1
AGGGAAGCGAGGGGAC,1
AGGGCCGTAAGGACTA,1
AGGGGACAAGATTGTA,1
AGGGGAGTGGAGAAAC,1
AGGGGATTGGAGAGAC,1
AGGGGGCCTCATAATG,1
AGGGGGGGTCGGATGT,1
AGGGGGGGTTGCAAGT,1
AGGGGGTAGAGATACG,1
AGGGGTATGAAGGGCG,1
AGGGTCCCTATGTAAT,1
AGGTACAGACTCTTGC,1
AGGTATTGCTACACAT,1
AGGTGGGGGCGCCCGG,1
AGGTGGGGTCTCCCTT,1
AGGTTCAAACTCTTGC,1
AGGTTCAGAATCTTGC,1
AGGTTCAGACCCTTGC,1
AGGTTCAGACTCTAGC,1
AGGTTCAGACTCTCGC,1
AGGTTCATACTCTTGC,1
AGGTTTAGACTCTTGC,1
AGTAAACATACATTGG,1
AGTAAACATGCAGGGG,1
AGTAAACATGCAGTGG,1
AGTAAACATGCATTTG,1
AGTAAACATTCATTGG,1
AGTAATAGGCGTCACA,1
AGTACAGTGTAATCGA,1
AGTACTATAGTTGGCA,1
AGTACTTGCGCTTCAA,1
AGTAGACATGCATTGG,1
AGTAGATTAGAACGTA,1
AGTAGATTATAACGTA,1
AGTAGGGCGACGTGAG,1
AGTAGGGCTACGTGAG,1
AGTATAGGGATATGTG,1
AGTATCTGCGCTTCAA,1
AGTATTGGACGGAGAG,1
AGTATTGGCGCTTCAA,1
AGTATTTACGCTTCAA,1
AGTATTTGCGCGTCAA,1
AGTATTTGCGCTGCAA,1
AGTATTTGCGCTTCGA,1
AGTATTTGCGCTTTAA,1
AGTCCGAAGGGGGTAG,1
AGTCCTATCCTAAAAT,1
AGTCCTTTAGATAGTT,1
AGTCGCTTAGATAGTT,1
AGTCGTTTAGATAATT,1
AGTCGTTTAGATACTT,1
AGTCGTTTAGATAGCT,1
AGTCGTTTAGATAGTA,1
AGTCGTTTAGGTAGTT,1
AGTGACATCGTCCGGT,1
AGTGCTGAATAGGCGA,1
AGTGGCTAACGGAGAG,1
AGTGGGGGGAGCCGTT,1
AGTGGGGGTCTCCCTT,1
AGTGGTGAATAGGCGA,1
AGTGGTGGCTTGGTTA,1
AGTGTGGGCTTGGGTA,1
AGTGTTAGCTTGGTTA,1
AGTGTTGAAAAGGCGA,1
AGTGTTGAATAAGCGA,1
AGTGTTGAATAGGCAA,1
AGTGTTGAGTAGGCGA,1
AGTGTTGGATAGGCGA,1
AGTGTTGGCTCGGTTA,1
AGTGTTGGCTGGGTTA,1
AGTGTTGGCTTGCTTA,1
AGTGTTGGCTTGGTCA,1
AGTGTTGGCTTGGTGA,1
AGTGTTGGCTTTGTTA,1
AGTGTTGGGGAGAGTC,1
AGTGTTTGCGCTTCAA,1
AGTTAACGGCCTATCC,1
AGTTACATAGGCATGG,1
AGTTCAGCGATAACGG,1
AGTTCCATAGTCATGG,1
AGTTCCATGGGCATGG,1
AGTTCGTGAGTACTAG,1
AGTTGAGGTCTCCCTT,1
AGTTGCGGTCTCCCTT,1
AGTTGGGGTCACCCTT,1
AGTTGGGGTCGCCCTT,1
AGTTGGGGTCTCCCTA,1
AGTTGGGGTCTGCCTT,1
AGTTGGGGTGTCCCTT,1
AGTTGGGGTTTCCCTT,1
AGTTTTGAATAGGCGA,1
AGTTTTTATAACTTGA,1
AGTTTTTATAACTTTC,1
AGTTTTTGGTTCGAGG,1
ATAAATGAGGGCATTG,1
ATAACGTGTGTGCAAA,1
ATAACGTTACGGATGG,1
ATAACGTTGGTGCAAA,1
ATAACGTTTATGCAAA,1
ATAACGTTTGCGCAAA,1
ATAACGTTTGGGCAAA,1
ATAACGTTTGTCCAAA,1
ATAACGTTTGTGCAAC,1
ATAACGTTTGTGCGAA,1
ATAACGTTTGTTCAAA,1
ATAACTGAAGGCATTG,1
ATAACTGAGAGCATTG,1
ATAACTGAGGGCATAG,1
ATAACTGAGGGCATCG,1
ATAACTGAGGGCATGG,1
ATAACTGAGGGCGTTG,1
ATAACTGAGGGTATTG,1
ATAACTGAGGTCATTG,1
ATAACTGATGGCATTG,1
ATAACTTAGGGCATTG,1
ATAAGCAAAGTTGACC,1
ATAAGGATAATCGCGC,1
ATAATGTTTGTGCAAA,1
ATACAAAAAACTTAGT,1
ATACACAAGGTTGTGA,1
ATACACGAGGTCGTGA,1
ATACACGAGGTTATGA,1
ATACACGAGGTTGGGA,1
ATACACGAGGTTGTAA,1
ATACACGAGGTTGTGG,1
ATACACGAGGTTGTGT,1
ATACACGAGGTTTTGA,1
ATACACGCAGGTGCCA,1
ATACACGCATGTGACA,1
ATACACGCATGTGCCT,1
ATACACGCATTTGCCA,1
ATACACGGGGTTGTGA,1
ATACACGTATGTGCCA,1
ATACATGCATGTGCCA,1
ATACCCAGTTCCTGCG,1
ATACGCGCATGTGCCA,1
ATAGAAAATTATCCTC,1
ATAGAATATATGGCTG,1
ATAGAATCGAAAATTA,1
ATAGAATCGCAAAGTA,1
ATAGAATCGCAGATTA,1
ATAGAATCGCGAATTA,1
ATAGAATTGCAAATTA,1
ATAGACGAGGTTGTGA,1
ATAGATACTAGGACCA,1
ATAGCGTTGGTGCAGA,1
ATAGCGTTTGTGCAAA,1
ATAGGACATATGGCTG,1
ATAGGATATATGACTG,1
ATAGGATATATGGCTC,1
ATAGGATATATGGGTG,1
ATAGGATATATGTCTG,1
ATAGGATATATTGCTG,1
ATAGGGTATATGGCTG,1
ATAGTAAATTATCCGC,1
ATATAAAAAACGGAGT,1
ATATAAAAAACTGAGT,1
ATATAAAAAACTTATT,1
ATATAAAATTATCCGC,1
ATATCCACCCTATAGT,1
ATATTTAACAGACGTA,1
ATATTTTCCAATAGGT,1
ATCAGAATAATCGCGC,1
ATCAGATTATAACGTA,1
ATCAGCAATGAGTTGT,1
ATCAGGAGAATCGCGC,1
ATCAGGATAATCGAGC,1
ATCAGGATAATCGCGA,1
ATCCCCGGAGCTTGGC,1
ATCCGATTTAAAGCCA,1
ATCCGATTTAAAGTCA,1
ATCCTAGGGGACGATT,1
ATCGAATGAATCATCC,1
ATCGGATATATGGCTG,1
ATCGTTGTACACACCA,1
ATCTAAATTCGAGGAC,1
ATCTGAATTAAGTATG,1
ATCTGATTTAAAGGCA,1
ATCTGGATAATCGCGC,1
ATCTGTCCAGACTCGT,1
ATGACGTTTGTGCAAA,1
ATGAGATTATAACGTA,1
ATGAGATTGGAGAAAC,1
ATGAGCGAGAAAAGCA,1
ATGAGCTGCCAATAAG,1
ATGCGATTGGAGAAAC,1
ATGCTCCTGAGTAGTA,1
ATGGCACACGGGCATA,1
ATGGCATTGGAGAAAC,1
ATGGCCCACAGGCATA,1
ATGGCCCACGGGCACT,1
ATGGCCCACGGTCATA,1
ATGGCCCACGTGCATA,1
ATGGCCCACTGGCATA,1
ATGGCCCATGGGCATA,1
ATGGCGCACGGGCATA,1
ATGGGACTGGAGAAAC,1
ATGGGATTGGAGAACC,1
ATGGGATTGGAGAGTC,1
ATGGGATTGGAGATAC,1
ATGGGATTGGTGAAAC,1
ATGGGATTGTAGAAAC,1
ATGGGCACTAAATTAA,1
ATGGGGAACGGGAAGC,1
ATGGGGCCTCATAATG,1
ATGGTTGTACGTACAG,1
ATGGTTTGACGTCCAT,1
ATGGTTTTAAGTCCAT,1
ATGGTTTTACATCCAT,1
ATGGTTTTACGTCAAT,1
ATGGTTTTACGTCCAC,1
ATGGTTTTACGTCCGT,1
ATGGTTTTACGTCTAT,1
ATGTACCTGCAGTTGA,1
ATGTATGATTTTCGAG,1
ATGTCCATTAAGATCA,1
ATGTGATTGGAGAAAC,1
ATTAAGGCTACGTGAG,1
ATTACTGCGCGAGAGT,1
ATTAGACTATAACGTA,1
ATTAGATGATAACGTA,1
ATTAGATTATAACTTA,1
ATTAGATTATAGCGTA,1
ATTAGATTATGACGTA,1
ATTAGGACTACGTGAG,1
ATTAGGGCGACGTGAG,1
ATTAGGGCTACGTAAG,1
ATTAGGGCTACGTAAT,1
ATTAGGGCTACGTGCG,1
ATTAGGGCTACTTGAG,1
ATTAGGTGTACGTGAG,1
ATTATAATATCTAATA,1
ATTATATCGAGATTCA,1
ATTATCACATCTAATA,1
ATTATCAGATCTAATA,1
ATTATCATACCTAATA,1
ATTATCATATCGAATA,1
ATTATCATATCTAAAA,1
ATTATCATATCTAAGA,1
ATTATCATATCTAGTA,1
ATTATCATGTCTAATA,1
ATTATTATATCTAATA,1
ATTATTTGCGCTTCAA,1
ATTCCGAACGGGGTAG,1
ATTCCGAATAGGGTAG,1
ATTCCGAATGCGGTAG,1
ATTCCGAATGGGATAG,1
ATTCCGAATGGGCTAG,1
ATTCCGAATGGGGAAG,1
ATTCCGAATGGGGGAG,1
ATTCCGAATGGGGTAT,1
ATTCCGAATGGGTTAT,1
ATTCCGGATGGGGTAG,1
ATTCCTAATGGTGTAG,1
ATTCGCTGGCACCCGT,1
ATTCGTGATACTCACA,1
ATTCTGAATGGTGTAG,1
ATTGCTCCGACACGCC,1
ATTGGATTATAACGTA,1
ATTGTCATATCTAATA,1
ATTGTCTAGAAATTTT,1
ATTTAAATTCAAGGAC,1
ATTTAAATTCCAGGAC,1
ATTTAAATTCGACGAC,1
ATTTAAATTCGAGGGC,1
ATTTAAATTCGATGAC,1
ATTTAAGTTCGAGGAC,1
ATTTCCATAGGCATGG,1
ATTTCGAATGGGGTAG,1
ATTTGAACGTCATACC,1
ATTTGAATTCGAGGAC,1
ATTTTTCCATGGCTAC,1
ATTTTTCTAGGGCTAC,1
ATTTTTCTATAGCTAC,1
ATTTTTCTATGACTAC,1
ATTTTTCTATGGATAC,1
ATTTTTCTATGGCTAT,1
ATTTTTCTATGGCTGC,1
ATTTTTCTATGGTTAC,1
ATTTTTCTATGTCTAC,1
CAAAAACATTACAAAT,1
CAAAACCTACGGCGAC,1
CAAAACCTCGTTGTCT,1
CAAAAGCAGAACGATA,1
CAAAAGCAGCAAGATA,1
CAAAAGCAGCACGAGA,1
CAAAAGCAGCACGATT,1
CAAAAGCAGCACGGTA,1
CAAAAGCATCACGATA,1
CAAAAGTAGCACGATA,1
CAAAATCAGCACGATA,1
CAAAATCCACGGCGAC,1
CAAAATCTACGGAGAC,1
CAAAATCTACGGCAAC,1
CAAAATCTACGGCGAA,1
CAAAATCTACGGGGAC,1
CAAAATCTACTGCGAC,1
CAAAATCTATGGCGAC,1
CAAATACTGCATTAGG,1
CAAATCCTGCATTAGG,1
CAAATGCAGCATTAGG,1
CAAATGCGGCATTAGG,1
CAAATGCTCCATTAGG,1
CAAATGCTGCATAAGG,1
CAAATGCTGCATTAAG,1
CAAATGCTGCATTACG,1
CAACTCCACGGACGCC,1
CAAGATCTACGGCGAC,1
CAAGCTCTAGAGCTCT,1
CAAGGAGAAATACATA,1
CAAGGCCGGCGAACTC,1
CAAGGCGCGCCTTCAA,1
CAAGTAGAAAGACATA,1
CAAGTGCTGCTGAAGT,1
CAAGTGGAGCCCAACA,1
CAATGAGAGGTGCGGG,1
CAATTAGAAAGACAGA,1
CAATTAGAAATACATT,1
CAATTAGAAATAGATA,1
CAATTAGAAATGAATA,1
CAATTAGCCGTTCCCC,1
CAATTCGCCGTTCCCA,1
CAATTCGCCGTTCCCG,1
CAATTCGCCGTTCCCT,1
CAATTCGCCTTTCCCC,1
CAATTCTGATGAATTG,1
CAATTTAACAGACGTA,1
CAATTTGCCGTTCCCC,1
CACAAAAGACTGTATA,1
CACAATGTCGTAGGAT,1
CACATACCGACGCAGT,1
CACCAACCTTCGAACT,1
CACCAAGAGAAGTGCG,1
CACCAATATTCGAACT,1
CACCAATCTGCGAACT,1
CACCAATCTTCGAAAT,1
CACCAATGTCATTTGA,1
CACCATCAGAACCTAG,1
CACCATCAGCACATAG,1
CACCATCAGCACCCAG,1
CACCATCAGCACCGAT,1
CACCATCAGCACCTAC,1
CACCATCAGCACCTAT,1
CACCATCAGCACCTGG,1
CACCATTAGCACCTAG,1
CACCCAGGATCGCACT,1
CACCGAGCCGAGCACC,1
CACCGCGACGAGCACC,1
CACCGCGCCGAACAAC,1
CACCGCGCGGAGCACC,1
CACCGTCAGCACCTAG,1
CACCTAGAATCGCACT,1
CACCTAGCATCGCACT,1
CACCTAGGAGCGCACT,1
CACCTAGGATAGCACT,1
CACCTAGGATCGCACC,1
CACCTAGGATCTCACT,1
CACCTCCTCTAAAGTT,1
CACCTGCTGCGGAACG,1
CACCTGGGATCGCACT,1
CACGAGATGTACAGTC,1
CACGGACTAATGTCTC,1
CACGGCCGGCAAACTC,1
CACGGCCGGCGAAATC,1
CACGGCCGGCGAACGC,1
CACGGCCGGCGAACTT,1
CACGGCCGGCGAAGTC,1
CACGGCCGGCTAACTC,1
CACGGCCGGGGAACTC,1
CACGGCCTGCGAACTC,1
CACGGCTGGCGAACTC,1
CACGGGAATTGCCACT,1
CACGGGCCAATGTCTC,1
CACGGGCGAATGGCTC,1
CACGGGCGAATGTCTC,1
CACGGGCTAACGTCTC,1
CACGGGCTAATGCCTC,1
CACGGGCTAATGGCTC,1
CACGGGCTAATGTTTC,1
CACGGGCTAATTTCTC,1
CACGGTGGTCGATCCG,1
CACGGTTCCGACTAAG,1
CACGTGGAGCCCAACA,1
CACTAGACGTACAGTC,1
CACTAGATGTACAATC,1
CACTAGATGTACAGCC,1
CACTAGATGTACAGGC,1
CACTAGATGTACAGTG,1
CACTAGGTGTACAGTC,1
CACTAGTTGTACAGTC,1
CACTATCAGCACCTAG,1
CACTGCGCCGAGCACC,1
CAGAACATAGTTGTCT,1
CAGAACATCGTTGTCT,1
CAGAACCTCATTGTCT,1
CAGAACCTCGTGGTCT,1
CAGAACCTCGTTGTAT,1
CAGAACCTTGTTGTCT,1
CAGAAGCAGCACGATA,1
CAGAATCTACGGCGAC,1
CAGAATCTCGTTGTCT,1
CAGACTCTAGAGCTCT,1
CAGATAATAGAGAGAC,1
CAGATATTATAGAGAC,1
CAGATCCTCGTTGTCT,1
CAGCATCAGCACCTAG,1
CAGGAAATGTAAATGA,1
CAGGACCTCGTTGTCT,1
CAGGCCCTAGAGCTCT,1
CAGGCTATAGAGCTCT,1
CAGGCTCGAGAGCTCT,1
CAGGCTCTACAGCTCT,1
CAGGCTCTAGAACTCT,1
CAGGCTCTAGAGCTCG,1
CAGGCTCTGGAGCTCT,1
CAGGCTCTTGAGCTCT,1
CAGGCTTTAGAGCTCT,1
CAGGGAGGCGTGGGAG,1
CAGGGCCGGCGAACTC,1
CAGGGGCTAATGTCTC,1
CAGGTGGAGCCCAACA,1
CAGTAGTCGTCATGGG,1
CAGTCGGGACTCATCT,1
CAGTGAGACGCGCAAG,1
CATAAAAGACTTTATA,1
CATAAAAGGCTGTATA,1
CATACAGAATACTAGA,1
CATACAGAATTTGTTG,1
CATACAGAGCTTGTTG,1
CATACAGAGGTTGTTG,1
CATACAGAGTTTGCTG,1
CATACAGAGTTTGTTA,1
CATACAGAGTTTGTTT,1
CATACAGTGTAATCGA,1
CATACATAGTTTGTTG,1
CATACGGAGTTTGTTG,1
CATAGAAGACTGTATA,1
CATAGGAATTGCCACT,1
CATCGCCATCGACTTC,1
CATCTTGGGGAGAGTC,1
CATGAGAATTGCCACT,1
CATGCAGAGTTTGTTG,1
CATGCTCTAGAGCTCT,1
CATGGAGACGCGCAAG,1
CATGGGAATCGCCACT,1
CATGGGAATGGCCACT,1
CATGGGAATTGCCACA,1
CATGGGAATTGCCGCT,1
CATGGGAATTGGCACT,1
CATGGTAATTGCCACT,1
CATGTCTGATGAATGG,1
CATGTGGAAACCAACA,1
CATGTGGAACCCAACA,1
CATGTGGACCCCAACA,1
CATGTGGAGCCCAATA,1
CATGTGTAGCCCAACA,1
CATGTTAATTGCCACT,1
CATTAACGGCCTATCC,1
CATTAGATGTACAGTC,1
CATTCAGCGATAACGG,1
CATTCCTAACTAGCGA,1
CATTGAGACACGCAAG,1
CATTGAGACGCCCAAG,1
CATTGAGACGCGCAAA,1
CATTGAGACGCGCAAT,1
CATTGAGACGCGCTAG,1
CATTGAGACGCTCAAG,1
CATTGAGAGGCGCAAG,1
CATTTATGATGAATTG,1
CATTTCTGAGGAATGG,1
CATTTCTGATAAATTG,1
CATTTCTGATGAAGTG,1
CATTTCTGATGAATAA,1
CATTTCTGATGAATGG,1
CATTTCTGATGAATTT,1
CATTTCTGATGGATTG,1
CATTTCTGATTAATTG,1
CATTTCTGGTGAATTG,1
CATTTCTTATGAATTG,1
CCAAACACGTCCCAGT,1
CCAAACAGTGTAGTTG,1
CCAACAAAAAAAATTA,1
CCAACACAAAAAATTG,1
CCAACACAAAAAGTTA,1
CCAACAGTCCTAGCAA,1
CCAACGCAAAAAATTA,1
CCAAGCCTGGCGCATC,1
CCAAGCTTGGCCCATC,1
CCAAGCTTGGCGCATG,1
CCAAGCTTGGCGGATC,1
CCAAGCTTGGGGCATC,1
CCAAGCTTGTCGCATC,1
CCACATTAGCGGGAGG,1
CCACCGCTGTTTAAAA,1
CCAGATAAATCAGAAC,1
CCAGCACAAAAAATTA,1
CCAGCACAGCGTAGGC,1
CCAGGCTTGGCGCATC,1
CCATCACAAAAAATTA,1
CCATCCTCAACTCCTA,1
CCATCCTCAAGGGTAA,1
CCATGGGTGTACGAGA,1
CCCAAATAATTGGCGC,1
CCCACACAAAAAATTA,1
CCCATCCTCTAAAGTT,1
CCCCCACTGTTTAAAA,1
CCCCCGCGGTTTAAAA,1
CCCCCGCTCTTTAAAA,1
CCCCCGCTGTTCAAAA,1
CCCCCGCTGTTTGAAA,1
CCCCCTCTGTTTAAAA,1
CCCCTACTCTAAAGTT,1
CCCCTCCGCTAAAGTT,1
CCCCTCCTATAAAGTT,1
CCCCTCCTCGAAAGTT,1
CCCCTCCTCTAAAGTC,1
CCCCTCCTCTAAGGTT,1
CCCCTCCTCTTAAGTT,1
CCCCTCCTTTAAAGTT,1
CCCGACACCCTTCCGG,1
CCCGGAAGTTGCCAAG,1
CCCTACGAAATAAGCT,1
CCCTATCAAATAAGCT,1
CCCTATGAAAGAAGCT,1
CCCTATGAAATAACCT,1
CCCTATGAAATAAGAT,1
CCCTATGAAATAAGGT,1
CCCTATGAAATGAGCT,1
CCCTATGAAGTAGGAG,1
CCCTCCTCAAGAGTAA,1
CCCTCCTCAAGTGTAA,1
CCCTCGCTGTTTAAAA,1
CCCTGATGCATTCCCG,1
CCCTGCCCGGCTCGGG,1
CCCTGCGCGCCTCGGG,1
CCCTGCGCGGATAGGG,1
CCCTGCGCGGCTCGAT,1
CCCTGCGCGGCTCGCG,1
CCCTGCGGGTCTCGGG,1
CCCTTACGCTCCTACG,1
CCCTTTACGGAACTCT,1
CCCTTTACGGAGCTCT,1
CCCTTTACGGATATCT,1
CCCTTTACGGATCGCT,1
CCCTTTGCGCGCAGTC,1
CCGAGGGATTCAACTC,1
CCGAGTTAATATGCGC,1
CCGCCAGGGAATCAAA,1
CCGCGCACGGTTAGAG,1
CCGCGCACGTTTTGAG,1
CCGGACAAATCAGAAC,1
CCGGATAAATCAAAAC,1
CCGGATAAATCACAAC,1
CCGGATAAATCAGGAC,1
CCGGATAAATCATAAC,1
CCGGATAAATCGGAAC,1
CCGGATAAGTCAGAAC,1
CCGGCTCTAGAGCTCT,1
CCGGGACAAGATTGTA,1
CCGGGGTTAAGTTGTG,1
CCGTCGCACTACTGCT,1
CCGTGTCTCCGAGCAA,1
CCTACTGCGCGAGAGT,1
CCTCATTAGCGGGAGG,1
CCTCGATGCATTCCCG,1
CCTCGGTTAAGTTGTG,1
CCTGAGTTAAGTTGTG,1
CCTGGGACCAAAACTG,1
CCTGGGGTGAGTTGTG,1
CCTGGGTTAAATTGTG,1
CCTGGGTTAAGGTGTG,1
CCTGGGTTAAGTTATG,1
CCTGGGTTAAGTTGAG,1
CCTGGGTTAAGTTGGG,1
CCTGGGTTAAGTTGTT,1
CCTTAGAGTGAACGAT,1
CCTTCATGCATTCCCG,1
CCTTGATGCACTCCCG,1
CCTTGATGCAGTCCCG,1
CCTTGATGCATTCCGG,1
CCTTGATGCATTCTCG,1
CCTTGATGCATTGCCG,1
CCTTGATGCATTTCCG,1
CCTTGGTGCATTCCCG,1
CCTTTACCACTGCATC,1
CCTTTCTCAAAAAATA,1
CGAAAAACGTCCCAGT,1
CGAAAACAGTACAAAT,1
CGAAAACATGACAAAT,1
CGAAAACATTACAAAC,1
CGAAAACATTACAGAT,1
CGAAAACATTACGAAT,1
CGAAAACATTGCAAAT,1
CGAAAACGTTACAAAT,1
CGAAACAAGTCCCAGT,1
CGAAACACCCTTCCGG,1
CGAAACACGTCCCACT,1
CGAAACACGTCCCAGA,1
CGAAACACGTCCCGGT,1
CGAAACACGTCGCAGT,1
CGAAACACTTCCCAGT,1
CGAAACATGTCCCAGT,1
CGAAAGACGTCCCAGT,1
CGAACAGCAGACACGT,1
CGAACCGAAGACACGT,1
CGAACCGCAGAAACGT,1
CGAACCGCAGACACGG,1
CGAACCGCAGACATGT,1
CGAACCGTAGACACGT,1
CGAACCTCAGACACGT,1
CGAACGTATGTCCCAG,1
CGAACTTTACGAGACA,1
CGAAGCACGTCCCAGT,1
CGAAGCATTGGTCGCC,1
CGAAGGTAAGTAGCAA,1
CGAATACATTACAAAT,1
CGACAACAATACAAAT,1
CGACGCCACGGACGCC,1
CGACTACACGGACGCC,1
CGACTCCACGGACACC,1
CGACTCCACGGACCCC,1
CGACTCCACGGACGCA,1
CGACTCCACGGACGTC,1
CGACTCCACGGACTCC,1
CGACTCCACGTACGCC,1
CGAGAAATGTAAATGA,1
CGAGACACGTCCCAGT,1
CGAGCTAAAAAGAGGA,1
CGAGGACAAGATTGTA,1
CGAGTACCCTTCAGCA,1
CGAGTCCACGGACGCC,1
CGATAAACCGTTTGTA,1
CGATCGGGACTCATCT,1
CGATCTTTACGAGACA,1
CGATCTTTACTAAAAA,1
CGATTAGAAATACATA,1
CGATTTAACAGACGTA,1
CGCAACATTGGTCGCC,1
CGCAATGTCGTAGGAT,1
CGCACCTTACGAGACA,1
CGCACTTGACGAGACA,1
CGCACTTTACAAGACA,1
CGCACTTTACGAGACG,1
CGCACTTTACGAGTCA,1
CGCACTTTACGGGACA,1
CGCACTTTGCGAGACA,1
CGCAGCATTGATCGCC,1
CGCAGCATTGGCCGCC,1
CGCAGCATTGGTAGCC,1
CGCAGCATTGGTCGCT,1
CGCAGCGCGGTAAGAG,1
CGCCAATCTTCGAACT,1
CGCCATCAGCACCTAG,1
CGCGAAACCCTTCCGG,1
CGCGAACATACATAAC,1
CGCGACACCCATCCGA,1
CGCGACACCCATCCGG,1
CGCGACACCCTCCCGG,1
CGCGACACCCTTGCGG,1
CGCGACAGCCTTCCGG,1
CGCGAGACCCTTCCGG,1
CGCGATACCCTTCCGG,1
CGCGGTGGTCGATCCG,1
CGCTATGAAATAAGCT,1
CGGAACACGTCCCAGT,1
CGGAATCGTCACCGAT,1
CGGACACTAGATGGTA,1
CGGACAGTGTAATCGA,1
CGGACCCAAGATGGTA,1
CGGACCCGAGAGGGTA,1
CGGACCCTAGAAGGTA,1
CGGACCCTAGACGGTA,1
CGGACCCTAGAGGGGA,1
CGGACCCTAGATTGTA,1
CGGACCCTAGTTGGCA,1
CGGACCCTATATGGTA,1
CGGACCCTGGATGGTA,1
CGGACCCTTGATGGTA,1
CGGACCTTAGATGGTA,1
CGGAGCTGCCAATAAG,1
CGGAGGGATTCAACTC,1
CGGATCCTAGATGGTA,1
CGGCAAGGGAATCAAA,1
CGGCCAGGGAAGCAAA,1
CGGCCAGGGAATCATA,1
CGGCCAGGGGATCAAA,1
CGGCCATGGAATCAAA,1
CGGCTCCACGGACGCC,1
CGGGAAAAGTAAATGA,1
CGGGAAATATAAATGA,1
CGGGAAATGTAAACGA,1
CGGGAAATGTAAAGGA,1
CGGGAAATGTAAGTGA,1
CGGGAACACACATAAC,1
CGGGAACAGACATAAC,1
CGGGAACATACATAGC,1
CGGGAACATACGTAAC,1
CGGGAAGATACATAAC,1
CGGGAAGTGTAAATGA,1
CGGGAATCTCCAATAC,1
CGGGAATCTCCCAGAC,1
CGGGAGGCCTGGCCCC,1
CGGGCGGGATTCAGCG,1
CGGGGAAAAGATTGGA,1
CGGGGAAAAGATTGTA,1
CGGGGACAAGACTGTA,1
CGGGGACAAGAGGGTA,1
CGGGGACAAGATTATA,1
CGGGGACAAGATTCTA,1
CGGGGACAAGATTGGA,1
CGGGGATCTCCCATAC,1
CGGTAACATACATAAC,1
CGGTAGGGACTCATCT,1
CGGTCCCTAGATGGTA,1
CGGTCGAGACTCAGCT,1
CGGTCGGGACTAATCT,1
CGGTCGGGACTCACCT,1
CGGTCGGGACTCAGCG,1
CGGTCGGGACTCATAT,1
CGGTCGGGACTGATCT,1
CGGTCGGGACTTATCT,1
CGGTCGGGAGTCATCT,1
CGGTCGGGTCTCATCT,1
CGGTGACAAGATTGTA,1
CGGTTTTGGTTCGAGG,1
CGTAAAAGACTGTATA,1
CGTAACCCCCTCCAAC,1
CGTAATAGGCGTCACA,1
CGTACAGAAGACTAGA,1
CGTACAGGGTAATCGA,1
CGTACAGTATAATCGA,1
CGTACAGTGGAAGCGA,1
CGTACAGTGTAATCTA,1
CGTACAGTGTAATGGA,1
CGTACAGTGTAATTGA,1
CGTACAGTGTAGTCGA,1
CGTACATATGTCCCAG,1
CGTACGGATGTCCCAG,1
CGTACGGTGTAATCGA,1
CGTACGTATGTCCCAC,1
CGTACGTATGTCGCAG,1
CGTACGTATTTCCCAG,1
CGTATAGTGTAATCGA,1
CGTCCAGGGAATCAAA,1
CGTGAACCCCTCCAAC,1
CGTGAATCTCCCATAC,1
CGTGACCCACTCCAAC,1
CGTGACCCCCCTCAAC,1
CGTGACCCCCTCCAAG,1
CGTGATCCCCTCCAAC,1
CGTGGACAAGATTGTA,1
CGTGGAGCGCCCTTAC,1
CGTGTACACTTAAGCA,1
CGTGTACCCCGCAGCA,1
CGTGTACCCTTCAGGA,1
CGTGTACCCTTGAGCA,1
CGTGTACGCTTCAGCA,1
CGTTAACGACCTATCC,1
CGTTAACGTCCTATCC,1
CGTTACCCCCTCCAAC,1
CGTTCAGAGATAACGG,1
CGTTCAGCGAGAACGG,1
CGTTCAGCGATAACAG,1
CGTTCAGCGATAACCG,1
CGTTCAGCGATAACGC,1
CGTTCAGCGATAATGG,1
CGTTCAGCGATAGCGG,1
CGTTCAGCGATGACGG,1
CGTTCATCGATAACGG,1
CGTTCGGCGATAACGG,1
CGTTCGGGACTCATCT,1
CGTTTCCGATGAATTG,1
CGTTTGTGGTTCGAGG,1
CGTTTTGGGTTCGAGG,1
CGTTTTTGGCTCGAGG,1
CTAAAATAATTGGCGC,1
CTAACAGAATACTAGA,1
CTAACTTAAGTATCAA,1
CTAAGCTGCCAATAAG,1
CTAAGGGATTCAACTC,1
CTAATCTAAGTATCAA,1
CTAATGTAAGTATCAA,1
CTAATTTAAATATCAA,1
CTAATTTAAGGATCAA,1
CTAATTTAAGTACCAA,1
CTAATTTAAGTATGAA,1
CTAATTTAAGTGTCAA,1
CTACAAACCTGCAAAT,1
CTACGAATTTGATTCC,1
CTAGAAACCGTTTGTA,1
CTAGAACAGCGTAGGC,1
CTAGAGGCCTGGCCCC,1
CTAGAGTGCCCGGAAG,1
CTAGATTGCCCGGAAG,1
CTAGCACAACGTAGGC,1
CTAGCACAGCGCAGTC,1
CTAGCACAGCGTAGCC,1
CTAGCACAGCGTTGGC,1
CTAGCACTGCGTAGGC,1
CTATAAACCATTTGTA,1
CTATAAACCGGTGGGG,1
CTATAAACCGTTCGTA,1
CTATAAACCGTTTGTG,1
CTATAAACCTGCAAAT,1
CTATAAACCTTTTGTA,1
CTATAAACTGTTTGTA,1
CTATAAATCGTTTGTA,1
CTATAATGCCCGGAAG,1
CTATAGACCGTTTGTA,1
CTATATCGCCCGGAAG,1
CTATATTAATCTACAG,1
CTATATTGCCCCGAAG,1
CTATATTGCCCGCAAG,1
CTATATTGCCCGGCAT,1
CTATATTGCCCGGTAG,1
CTATATTGCCGGGAAG,1
CTATCACAGCGTAGGC,1
CTATCTCAATCTACAG,1
CTATCTGAATCTACAG,1
CTATCTTAACCTACAG,1
CTATCTTAATATAAAG,1
CTATCTTAATCTAAAG,1
CTATCTTAATCTACAC,1
CTATCTTAATCTACAT,1
CTATCTTAATCTACGG,1
CTATCTTAATCTAGAG,1
CTATGAACCGTTTGTA,1
CTATGTTAATCTACAG,1
CTATTGAACAGACGTA,1
CTATTTAACAGACGCA,1
CTATTTAACAGACGTT,1
CTATTTAACAGGCGTA,1
CTATTTAACATACGTA,1
CTATTTTAATCTACAG,1
CTCAAATAAGTGGCGC,1
CTCAAATAATCGGCGC,1
CTCAAATAATTAGCGC,1
CTCAAATAATTGGAGC,1
CTCAAATAATTGGCGA,1
CTCAAATAATTGGTGC,1
CTCAAATAGTTTGCGC,1
CTCAAATGATTGGCGC,1
CTCAACTTGTCGATAT,1
CTCAAGTAATTGGCGC,1
CTCAATGCCGTAGGAT,1
CTCAATGTCATAGGAT,1
CTCAATGTCGTAGGAA,1
CTCAATGTCGTAGGAC,1
CTCAATGTCGTAGGAG,1
CTCAATGTTGTAGGAT,1
CTCACAGAATACTAGA,1
CTCAGCATTGGTCGCC,1
CTCAGCTGCCAATAAG,1
CTCAGGGATTCAACTC,1
CTCAGGTATTATATGC,1
CTCAGTGTCGTAGGAT,1
CTCATCAAGTTGGTGC,1
CTCCTAGGGGACGGTT,1
CTCCTAGGGGACTATT,1
CTCCTAGTGGACGATT,1
CTCCTCCTCTAAAGTT,1
CTCCTGGGGGACGATT,1
CTCGAATAATTGGCGC,1
CTCGACACCCTTCCGT,1
CTCGCCGCTAATCCGA,1
CTCTACCTGCAGTTGA,1
CTCTGACGCTCCTACG,1
CTCTTACGCTTCTACG,1
CTCTTACTCTCCTACG,1
CTCTTAGGGGACGATT,1
CTGAACATATCTGTGG,1
CTGAACCTGCAGTTGA,1
CTGAACGTATCTGGGG,1
CTGAACGTATCTGTGG,1
CTGAACTCGTCGATAT,1
CTGAACTGATCTGTGG,1
CTGAACTGGTCGATAT,1
CTGAACTTAACTGTGG,1
CTGAACTTAGCTGTGG,1
CTGAACTTATCGGTGG,1
CTGAACTTATCTATGG,1
CTGAACTTATCTGTGA,1
CTGAACTTATCTGTTG,1
CTGAACTTATGTGTGG,1
CTGAACTTGTGGATAT,1
CTGAACTTTTCGATAT,1
CTGAAGGATTCAACTC,1
CTGAATTTGTCGATAT,1
CTGACGGATTCAACTC,1
CTGACTCACCGAATAA,1
CTGAGAGATTCAACTC,1
CTGAGCCGCCAATAAG,1
CTGAGCTCCCAATAAG,1
CTGAGCTGCCAAAAAG,1
CTGAGCTGCCAATAAA,1
CTGAGCTGCCAATAAC,1
CTGAGCTGCCAATGAG,1
CTGAGCTTATCTGTGG,1
CTGAGCTTGTCGATAT,1
CTGAGGGACCCAACTC,1
CTGAGGGATTAAAATC,1
CTGAGGGATTCAACTA,1
CTGAGGGATTCAGCTC,1
CTGAGGGATTCGACTC,1
CTGAGGTATTATATGC,1
CTGCAATTGAAACATA,1
CTGCTAGGGGACGATT,1
CTGGAAATGTAAATGA,1
CTGGAAGCCTGGCCCC,1
CTGGAGACCTGGCCCC,1
CTGGAGGCCGGGCCCC,1
CTGGAGGCCTGGCCCG,1
CTGGAGGCCTGGCCCT,1
CTGGAGGCCTGGCCTC,1
CTGGAGGCCTGGCGCC,1
CTGGATAAATCAGAAC,1
CTGGATGCCTGGCCCC,1
CTGGGACAAGATTGTA,1
CTGGTATCAAGCCGGG,1
CTGTACCGGCAGTTGA,1
CTGTACCTCCAGTTGA,1
CTGTACCTGCGGTTGA,1
CTGTACCTGTAGTTGA,1
CTGTCGGGACTCATCT,1
CTTAACTTGTCGATAT,1
CTTAATGCGCGAGAGT,1
CTTAATGTCGTAGGAT,1
CTTACAGAATAGTAGA,1
CTTACCGCGCGAGAGT,1
CTTACTACGCGAGAGT,1
CTTACTGCGCGATAGT,1
CTTAGGCATTATATGC,1
CTTAGGGATTAGATGC,1
CTTAGGTATTAGATGC,1
CTTAGGTATTATACGC,1
CTTAGGTATTATAGGC,1
CTTAGGTATTGTATGC,1
CTTATATCGAGATTCA,1
CTTCAGCTCTTGATTA,1
CTTCGACTCTTGATTA,1
CTTCGGATCTTGATTA,1
CTTCGGCCCTTGATTA,1
CTTCGGCTCTCGATTA,1
CTTCGGCTCTGGATTA,1
CTTCGGCTCTTGACTA,1
CTTCGGCTCTTGAGGA,1
CTTCGGCTCTTGATCA,1
CTTCGGCTCTTGATCG,1
CTTCGGCTCTTGATTG,1
CTTCGGCTCTTGATTT,1
CTTCTCTAGTACGCTT,1
CTTGCTGCGCGAGAGT,1
CTTTAAATCATAGTCT,1
CTTTAAATTACAGTCT,1
CTTTAAATTATAGACT,1
CTTTAAATTATAGCCT,1
CTTTAAATTATAGTTT,1
CTTTAAATTATGGTCT,1
CTTTAATTTATAGTCT,1
CTTTAGATTATAGTCT,1
CTTTTCTAATACGCTT,1
CTTTTCTAGCACGCTT,1
CTTTTCTAGTACACTT,1
CTTTTCTAGTACGCAT,1
CTTTTCTAGTACGCGT,1
CTTTTCTAGTACTCTT,1
CTTTTCTATTACGCTT,1
CTTTTCTGGTACGCTT,1
CTTTTTAACAGACGTA,1
GAAAACCCCGTGCAAT,1
GAAAGACCCGTGCAAT,1
GAAAGCAAAGTTGACC,1
GAAAGCACCGTGCAAT,1
GAAAGCCACGTGCAAT,1
GAAAGCCCAGTGCAAT,1
GAAAGCCCCGTACAAT,1
GAAAGCCCCGTGCAAA,1
GAAAGCCCCGTGCAAC,1
GAAAGCCCCGTGCAAG,1
GAAAGGGAGGGCTGGA,1
GAAAGTCCCAATGATG,1
GAAAGTCCCTATGATA,1
GAAATACCCAAATAAC,1
GAAATCAACAAATAAC,1
GAAATCCCAAAATAAC,1
GAAATCCCCAAACAAC,1
GAAATCCCCAAATAGC,1
GAAATCCCCAAGTAAC,1
GAAATGCGTATTGAGT,1
GAAATGCTGCATTAGG,1
GAACTTGCTATGGATC,1
GAAGAAACCATAACCA,1
GAAGAAACGATAACCA,1
GAAGAAACTATAACAA,1
GAAGAAACTATAACTA,1
GAAGAAACTATAAGCA,1
GAAGAAGAGAACGGAG,1
GAAGAAGAGAGCAGAG,1
GAAGAAGGGATAATCA,1
GAAGAAGGGGACAGAG,1
GAAGCGCTGCTGAAGT,1
GAAGCGTGCCGGTCAT,1
GAAGGAACTATAACCA,1
GAAGGGATACGTCACC,1
GAAGGGCGTATTGAGT,1
GAAGTACGCTCAATGA,1
GAAGTACGCTGAACGA,1
GAAGTACGCTGAATAA,1
GAAGTACGCTGACTGA,1
GAAGTACGCTGGATGA,1
GAAGTACTCTGAATGA,1
GAAGTATGCTGAATGA,1
GAAGTGATGCTGAAGT,1
GAAGTGCCTATTGAGT,1
GAAGTGCGCATTGAGG,1
GAAGTGCGCATTGAGT,1
GAAGTGCGGCTGAAGT,1
GAAGTGCGTATGGAGT,1
GAAGTGCGTATTAAGT,1
GAAGTGCGTATTGAAT,1
GAAGTGCGTATTGAGC,1
GAAGTGCGTATTGATT,1
GAAGTGCGTATTGTGT,1
GAAGTGCGTGTTGAGT,1
GAAGTGCTGCGGAAGT,1
GAAGTGCTGCTAAAGT,1
GAAGTGCTGCTCAAGT,1
GAAGTGCTGCTGAAGC,1
GAAGTGCTGTTGAAGT,1
GAAGTGGGTATTGAGT,1
GAAGTGGTGCTGAAGT,1
GAAGTGTTGCTGAAGT,1
GAATAAACTATAACCA,1
GAATAACAGAACAGAG,1
GAATAATAGAACAGGG,1
GAATAATAGAAGAGAG,1
GAATAATAGACCAGAG,1
GAATAATAGAGCAGAG,1
GAATAATATAACAGAG,1
GAATAATGGAACAGAG,1
GAATGATAGAACAGAG,1
GAATTACGCTGAATGA,1
GACAAAAGAGACATAT,1
GACAAAAGCGACATAT,1
GACAAAAGGGACACAT,1
GACAAAAGGGACATAA,1
GACAAAAGGGACATAC,1
GACAAAAGGGACATGT,1
GACAAAAGGGGCATAT,1
GACAAAAGGTACATAT,1
GACAAAAGTGACATAT,1
GACAAACGGGACATAT,1
GACAAGAGAGGGGTCC,1
GACAAGTTACGGATGG,1
GACACCTTGTAAGATG,1
GACAGCTCGTATCCCT,1
GACATACCGACGCAGT,1
GACCAATGTCATTTGA,1
GACCACTTGTAAGATG,1
GACCCCTTATAAGATG,1
GACCCCTTGTAAGATT,1
GACCCCTTGTAAGGTG,1
GACCCCTTGTAAGTTG,1
GACCCCTTGTAATATG,1
GACCCCTTGTATGATG,1
GACCCCTTGTGAGATG,1
GACCCCTTTTAAGATG,1
GACCCTTTGTAAGATG,1
GACCTAGGATCGCACT,1
GACCTGCTGCGGAACG,1
GACGAGATGGGCACGT,1
GACGGGATGGACACGT,1
GACGGGATGGGCACGG,1
GACGGGATGGGCAGGT,1
GACGGGATGGGCATGT,1
GACGGGATGGGCGCGT,1
GACGGGATGGGCTCGT,1
GACGGGATGGGCTGTT,1
GACGGGATGGGTACGT,1
GACGGGCTAATGTCTC,1
GACTAATGCCGTTGTC,1
GACTAGATGTACAGTC,1
GACTTCCGTCGCCTGA,1
GAGAAAAGGGACATAT,1
GAGAACCTCGTTGTCT,1
GAGAACTGCAGAAGCG,1
GAGAAGACTTTGTGAT,1
GAGAGCAGCAGAAGCG,1
GAGAGCCCCGTGCAAT,1
GAGAGCGAGAAAAGCA,1
GAGAGCTGCCAATAAG,1
GAGAGCTTGGCGCATC,1
GAGAGTCCCTATGATG,1
GAGATCTGCAGAAGCG,1
GAGCCCAGCGGGTGAT,1
GAGCCCTTGTAAGATG,1
GAGCGGTAGAGATACG,1
GAGCTTGATATGGATC,1
GAGCTTGCTATGAATC,1
GAGCTTGCTATGGATT,1
GAGCTTGCTATGGGTC,1
GAGCTTGCTATGTATC,1
GAGCTTGCTATTGATC,1
GAGCTTGCTGTGGATC,1
GAGCTTGGGGAGAGGC,1
GAGGCGATACGTCACC,1
GAGGGACATAGGGAGG,1
GAGGGATAGAGATACG,1
GAGGGATTGGAGAAAC,1
GAGGGCTGCAGAAGCG,1
GAGGGGACACGTCACC,1
GAGGGGATAAGTCACC,1
GAGGGGATACATCACC,1
GAGGGGATACGTAACC,1
GAGGGGATACGTCACT,1
GAGGGGATACGTTACC,1
GAGGGGATACTTCACC,1
GAGGGGATATGTCACC,1
GAGGGGGAGAGAGACG,1
GAGGGGGAGAGATACG,1
GAGGGGTAGAAATACG,1
GAGGGGTAGAGAAACG,1
GAGGGGTATAGATACG,1
GAGGTACGCTGAATGA,1
GAGGTATCAAGCCGGG,1
GAGGTCGTAGGAACAG,1
GATAACGCAGAAAAAG,1
GATACTCACGGAGGAT,1
GATAGCCACTGATAAG,1
GATAGCTGCAGAAGCG,1
GATCACGAAGAAAAAG,1
GATCACGCAGAAAAAT,1
GATCACGCAGAAGAAG,1
GATCACGCTGAAAAAG,1
GATCACGGAGAAAAAG,1
GATCACGTAGAAAAAG,1
GATCCCTTGTAAGATG,1
GATCGACACTGATAAG,1
GATCGCCACTGATAGG,1
GATCGCCACTGATTAG,1
GATCGCCACTGTTAAG,1
GATCGCCACTTATAAG,1
GATCGCCATCAACTTC,1
GATCGCCATCGACCTC,1
GATCGCCATCGACTGC,1
GATCGCCATCGACTTG,1
GATCGCCATCGATTTC,1
GATCGCCGCTGATAAG,1
GATCGGCATCGACTTC,1
GATCTCCACTGATAAG,1
GATCTGGGGGAGAGTC,1
GATCTTAGGGAGAGTC,1
GATCTTGGCGAGAGTC,1
GATCTTGGGGAGACTC,1
GATCTTGGGGAGAGGC,1
GATCTTGGGGTGAGTC,1
GATCTTGGGTAGAGTC,1
GATCTTGGTGAGAGTC,1
GATCTTTGGGAGAGTC,1
GATGAAACAATCGAAC,1
GATGCGAGCATGTCAA,1
GATGGCCATCGACTTC,1
GATGGGATGGGCACGT,1
GATGGGTAGAGATACG,1
GATGTACGCTGAATGA,1
GATTCAGATACCCACC,1
GATTCAGATGCACACC,1
GATTCAGATGCCCATC,1
GATTCAGATTCCCACC,1
GATTCGGATGCCCACC,1
GATTCTGATGCCCACC,1
GATTGAGACGCGCAAG,1
GCAAACAGTCTAGTTG,1
GCAAACAGTGCAGTTG,1
GCAAACAGTGTAGGAG,1
GCAAACAGTGTAGGTG,1
GCAAACAGTGTAGTCG,1
GCAAACAGTGTAGTGG,1
GCAAAGAGGTGTAACC,1
GCAAAGAGTGTAGTTG,1
GCAAATAGTGTAGTTG,1
GCAACAGTCCTATCAA,1
GCAACGAGCTGTAACC,1
GCAACGAGGTGGAACC,1
GCAACGGTCCTAGCAA,1
GCAACTAGGTGTAACC,1
GCAAGCAGTGTAGTTG,1
GCAAGCTTCATGGAGT,1
GCAATCGGGGGCTAAA,1
GCACGGAACTAACTCC,1
GCAGCGAGGTGTAACC,1
GCAGCGTGACGGTCAT,1
GCAGCGTGCCAGTCAT,1
GCAGCGTGCCGGCCAT,1
GCAGCGTGCCGGGCAT,1
GCAGCGTGCCGGTCAA,1
GCAGCGTGCTGGTCAT,1
GCAGGGAACTAACTCC,1
GCAGTACACCGGGGGG,1
GCATACTCAACTCCTA,1
GCATCCACAACTCCTA,1
GCATCCCCAACTCCTA,1
GCATCCTAAAATCCTA,1
GCATCCTAAACTCCTA,1
GCATCCTCAACTCATA,1
GCATCCTCAACTCCAA,1
GCATCCTCAACTCCTT,1
GCATCCTTAACTCCTA,1
GCATCGTGCCGGTCAT,1
GCATGCAACTAACTCC,1
GCATGGAACCAACTCC,1
GCATGGAACGAACTCC,1
GCATGGAACTAAATCC,1
GCATGGAACTGACTCC,1
GCATGGAACTTACTCC,1
GCATGGGTGGACGAGA,1
GCATGTAACTAACTCC,1
GCATTCTCAACTCCTA,1
GCCAAAAGGATCATGA,1
GCCACTGCGGCGTGGG,1
GCCAGCCCGTATCCCT,1
GCCAGCGCGGGGAGAG,1
GCCAGCGTTAGTGTCA,1
GCCAGCTCCTATCCCT,1
GCCAGCTCGCATCCCT,1
GCCAGCTCGTATCACT,1
GCCAGCTCGTATCCCA,1
GCCAGCTCGTATCCTT,1
GCCAGCTCGTATGCCT,1
GCCATTTACCGAAGGG,1
GCCATTTACGGAAGGG,1
GCCATTTACTGAAGGA,1
GCCATTTACTGAAGGT,1
GCCATTTACTGAAGTG,1
GCCATTTACTGAAGTT,1
GCCCAAAGGATCATGA,1
GCCCCTGCGGCGTGTG,1
GCCGCGGCGGCGTGTG,1
GCCGCTGAGGCGTGTG,1
GCCGCTGCGGCGTGGG,1
GCCGGAAGTTGCCAAG,1
GCCGGCGTCAGTGTCA,1
GCCGGCGTTAGTGCCA,1
GCCGGCGTTAGTGTAA,1
GCCGGCGTTAGTGTCG,1
GCCGGCGTTAGTGTCT,1
GCCGGCGTTAGTTTCA,1
GCCGGCGTTATTGTCA,1
GCCGGTGTTAGTGTCA,1
GCCGTCGTTAGTGTCA,1
GCCGTTGCGGCGTGTG,1
GCCGTTGTACACACCA,1
GCCTAAAGGACCATGA,1
GCCTAAAGGATCACGA,1
GCCTAAAGGATCATGC,1
GCCTAAAGGATCATGG,1
GCCTCTGCGCGCAGTC,1
GCCTGCGTTAGTGTCA,1
GCCTTTGAGCGCAGTC,1
GCCTTTGCACGCAGTC,1
GCCTTTGCCCGCAGTC,1
GCCTTTGCGAGCAGTC,1
GCCTTTGCGCACAGTC,1
GCCTTTGCGCGCAATC,1
GCCTTTGCGCGCAGCC,1
GCCTTTGCGTGCAGTC,1
GCCTTTGCTCGCAGTC,1
GCCTTTTCGCGCAGTC,1
GCGAAATTTCATAGCG,1
GCGAACAGTGTAGTTG,1
GCGAACGAAGTAGGAG,1
GCGAAGCTTCATAGCG,1
GCGAAGGTTCATAGCG,1
GCGAAGTTCCATAGCG,1
GCGAAGTTTCACAGCG,1
GCGAAGTTTCAGAGCG,1
GCGAAGTTTCATAGCT,1
GCGAAGTTTCATAGGG,1
GCGAAGTTTTATAGCG,1
GCGAGCTCGTATCCCT,1
GCGATTACTAGCCGGA,1
GCGGAGTTTCATAGCG,1
GCGGATAAATCAGAAC,1
GCGTATGATTTTCGAG,1
GCTCCATCTCAGATCG,1
GCTCTGGCTCGCTAAT,1
GCTGCTCCGACACGCC,1
GCTGGATGAATGAGTC,1
GGAAACACGTCCCAGT,1
GGAAACAGTGTAGTTG,1
GGAAGCAAAGTTGACC,1
GGACCATCTCAGATCG,1
GGAGGGGAGAGGGATG,1
GGAGTACGCTGAATGA,1
GGAGTGCGTATTGAGT,1
GGATAAGAGGGCAGAG,1
GGATCTTTGACGTTTA,1
GGATGGGTGTACGAGA,1
GGCAAAAGGGACATAT,1
GGCAAGGTACGGAGGG,1
GGCACTTTACGAGACA,1
GGCAGCTCGTATCCCT,1
GGCCCCTTGTAAGATG,1
GGCGACATCGCCCTTT,1
GGCGACGCCCTTCCGG,1
GGCGCCGCGAATCCGA,1
GGCTAAAGGATCATGA,1
GGCTGTCGAGGGGCGG,1
GGGAAGTTTCATAGCG,1
GGGACCCTAGATGGTA,1
GGGAGATTTAGGACAA,1
GGGAGGTGCGGGAGTG,1
GGGCAGAGGGGGTTTG,1
GGGCCAGGGAATCAAA,1
GGGCGATTGTCCGGAA,1
GGGCTTGCTATGGATC,1
GGGGAATCTCCCATAC,1
GGTAAACATGCATTGG,1
GGTAATAGGCGTCACA,1
GGTCACGCAGAAAAAG,1
GGTCCAACTCAGATCG,1
GGTCCAGCTCAGATCG,1
GGTCCATCTCAAATCG,1
GGTCCATCTCACATCG,1
GGTCCATCTCAGACCG,1
GGTCCATCTCAGATCC,1
GGTCCATCTCAGGTCG,1
GGTCCATCTGAGATCG,1
GGTCCATCTTAGATCG,1
GGTCGCCACTGATAAG,1
GGTGACCCCCTCCAAC,1
GGTGTATCTGACGGCG,1
GGTGTGGGCGTGGTTA,1
GGTGTTGAATAGGTGA,1
GGTGTTGGCTTGGTTA,1
GGTTAAATTTGGAAGC,1
GGTTAACGTTGGAAGC,1
GGTTAACTTGGGAAGC,1
GGTTAACTTTGGAGGC,1
GGTTAACTTTGGGAGC,1
GGTTAGCTTTGGAAGC,1
GGTTCATCTCAGATCG,1
GGTTGAGCCAGTCTGA,1
GGTTGGTCGGAGGTGG,1
GTAAAAAACTGCAAAT,1
GTAAACAGTGTAGTTG,1
GTAAACTTCATGGAGT,1
GTAAAGTTACGGATGG,1
GTAAATACTAGGACCA,1
GTAACGTTTGTGCAAA,1
GTAACTGAGGGCATTG,1
GTAAGATTCATGGAGT,1
GTAAGCAAAATTGACC,1
GTAAGCAAAGGTGACC,1
GTAAGCAAAGTCGACC,1
GTAAGCAAAGTTGAGC,1
GTAAGCAAAGTTGGCC,1
GTAAGCAAGGTTGACC,1
GTAAGCAATGTTGACC,1
GTAAGCAGAGTTGACC,1
GTAAGCTGCATGGAGT,1
GTAAGCTTCATGGAGG,1
GTAAGCTTCATTGAGT,1
GTAAGTAAAGTTGACC,1
GTAATCTTCATGGAGT,1
GTAATTCCCATGCGGA,1
GTAATTCGAATGCGGA,1
GTAATTCGCACGCGGA,1
GTAATTCTCATGCGGA,1
GTACAAACCGGCAAAG,1
GTACAAACCTGCAACT,1
GTACAAACCTGCCACT,1
GTACACAGTTCCTGCG,1
GTACACGCATGTGCCA,1
GTACCCACTTCCTGCG,1
GTACCCAGTACCTGCG,1
GTACCCAGTTCCTGGG,1
GTACCTAGTTCCTGCG,1
GTAGAACCGCGGCCCC,1
GTAGAACGGCGGCCCC,1
GTAGAACTACGGCCCC,1
GTAGAACTGCAGCCCC,1
GTAGAACTGCGTAGGC,1
GTAGAAGTGCGGCCCC,1
GTAGAATTGCGGCCCC,1
GTAGACACTAGGACCA,1
GTAGATACTAAATTAA,1
GTAGATACTAGGACAA,1
GTAGATACTAGTACCA,1
GTAGCACAGCGTAGGC,1
GTAGCATCCTGGAATG,1
GTAGCCAGTTCCTGCG,1
GTAGCGTGCCGGTCAT,1
GTAGGACGGCGGCCCC,1
GTAGTGCGTATTGAGT,1
GTATAAAAAACTTAGT,1
GTATAAACCGTTTGTA,1
GTATCCAGTTCCTGCG,1
GTATCTGTAGAGCGCT,1
GTATGCAAAGTTGACC,1
GTCAAGTCACGGATGG,1
GTCAAGTGACGGAGGG,1
GTCAAGTTACGGATAG,1
GTCAAGTTACGGATGT,1
GTCAAGTTACGGGTGG,1
GTCAAGTTAGGGATGG,1
GTCAAGTTATGGATGG,1
GTCAATGTCGTAGGAT,1
GTCAATTTACGGATGG,1
GTCCCCGCTAATCCGA,1
GTCCGTCGGCATAAAC,1
GTCGACGCTAATCCGA,1
GTCGAGTTACGGATGG,1
GTCGCATCCTGCAATG,1
GTCGCATCCTGGAAGG,1
GTCGCATCCTGGAGTG,1
GTCGCATCTTGGAATG,1
GTCGCCGCTAATCAAA,1
GTCGCCGCTAATCAGA,1
GTCGCCGCTAATCGGA,1
GTCGCCGCTAATCTGA,1
GTCGCCGGTAATCCGA,1
GTCGTATCCTGGAATG,1
GTGAACGAAGTAGGAG,1
GTGAACTTATCTGTGG,1
GTGAAGTTACGGATGG,1
GTGAATCCTAGTGACG,1
GTGACCGAGAAAAGCA,1
GTGAGCGAAAAAAGCA,1
GTGAGCGAGAAAATCA,1
GTGAGCGATAAAAGCA,1
GTGAGCGGGAAAAGCA,1
GTGAGCTAGAAAAGCA,1
GTGAGCTGCAGAAGCG,1
GTGAGGGAGAAAAGCA,1
GTGAGGGATTCAACTC,1
GTGATATCAAGCCGGG,1
GTGCAGCGTTGTTTTG,1
GTGCATACTAGTGACG,1
GTGCATCCTAGTGACC,1
GTGCATCCTAGTGACT,1
GTGCGATAGTCCGGAA,1
GTGCGATCGTCCGGAA,1
GTGCGATTATAACGTA,1
GTGCGATTCTCCGGAA,1
GTGCGATTGCCCGGAA,1
GTGCGATTGGCCGGAA,1
GTGCGATTGTCCGGAG,1
GTGGAACTGCGGCCAC,1
GTGGATACTAGGACCA,1
GTGGATCCTAGTGACG,1
GTGGGATCAAGCCGGG,1
GTGGGCACTAAATTAA,1
GTGGGCGAGAAATTGG,1
GTGGGGATACGTCACC,1
GTGGGGGTAGGTGGGG,1
GTGGTACCAAGCCGGG,1
GTGGTATCAAGCCGAG,1
GTGGTATCAAGCCGGT,1
GTGGTATCAAGCCTGT,1
GTGGTATCAAGGCGGG,1
GTGGTATCAGGCCGGG,1
GTGGTATCATGCCGGG,1
GTGGTATCCTGGAATG,1
GTGGTTTCAAGCCGGG,1
GTGGTTTTACGTCCAT,1
GTGTACCTGCAGTTGA,1
GTGTATCAGTAGCGCC,1
GTTACTGCGCGAGAGT,1
GTTAGCGAGAAAAGCA,1
GTTAGTATGACTTCAT,1
GTTATAGTGGGGGGTA,1
GTTATATCCAACACCA,1
GTTATCATGACTTCAT,1
GTTATTACGACTTCAT,1
GTTATTAGGACTTCAT,1
GTTATTATGACCTCAT,1
GTTATTATGACTCCAT,1
GTTATTATGACTTCAA,1
GTTATTATGACTTCAG,1
GTTATTGTGACTTCAT,1
GTTCAAACCTGCAAAT,1
GTTCAGCGGTGTTTTG,1
GTTCAGCGTTGTTTTG,1
GTTCCATTTCAGATCG,1
GTTCTATCTCAGATCG,1
GTTGCCCCGACACGCC,1
GTTGCCGCTAATCCGA,1
GTTGCGCCGACACGCC,1
GTTGCTCAGACACGCC,1
GTTGCTCCCACACGCC,1
GTTGCTCCGACAAGCC,1
GTTGCTCCGACACGTC,1
GTTGCTCCGACGCGCC,1
GTTGCTCCGATACGCC,1
GTTGCTCCGTCACGCC,1
GTTGTTATGACTTCAT,1
GTTTAGGAGGGGGTAG,1
GTTTTTCTATGGCTAC,1
TAAAAAACCTCCATGA,1
TAAAAACCCTCCATGA,1
TAAAAAGACTCCATGA,1
TAAAAAGCCCCCATGA,1
TAAAAAGCCTCAATGA,1
TAAAAAGCCTCCATAA,1
TAAAAAGCCTCCATGC,1
TAAAAAGCCTCCATGG,1
TAAAAAGCCTTCATGA,1
TAAAAAGTCTCCATGA,1
TAAAGAGCCTCCATGA,1
TAAAGCCCCGTGCAAT,1
TAACATTGTCGGAAAG,1
TAACCCATAAGACCCC,1
TAACGACTCGACTAAC,1
TAACGGGATGTCTCGA,1
TAACGTGATCTCTCGA,1
TAACGTGATTGAAGTT,1
TAACGTGATTTCCCGA,1
TAACGTGATTTCTCCA,1
TAACGTGATTTGTCGA,1
TAACTGCTGCGGAACG,1
TAAGCTCTTTTCGTTC,1
TAAGGTGATTTCTCGA,1
TAAGTGCGTATTGAGT,1
TAAGTGCTGCTGAAGT,1
TAAGTTCATAGCTCCA,1
TAATAAGCCAGCAAAA,1
TAATAAGCCAGCAAGG,1
TAATAAGCCAGCGAGA,1
TAATAAGCCTCCATGA,1
TAATAAGCCTGCAAAT,1
TAATAAGCGAGCAAGA,1
TAATCTGTGACATTGC,1
TAATGATAACCCTGCG,1
TAATTCGCCGTTCCCC,1
TACAAATGTCATTTGA,1
TACAAGAGAGGGGCCC,1
TACACACCCCTAGCTA,1
TACAGAAGTCCATGTA,1
TACATAACGACGCAGT,1
TACATACAGACGCAGT,1
TACATACCCACGCAGT,1
TACATACCCCTAGCTA,1
TACATACCGACACAGT,1
TACATACCGACGCACT,1
TACATACCGACGCGGT,1
TACATACGAGACGTAA,1
TACATCAAGTTGGTGC,1
TACATGCCGACGCAGT,1
TACCAATATCATTTGA,1
TACCAATGTCAGTTGA,1
TACCAATGTCATGTGA,1
TACCAATGTCATTTGT,1
TACCAATGTCGTTTGA,1
TACCAATTTCATTTGA,1
TACCAGCAATAAAATC,1
TACCATGCAAGCCACT,1
TACCCTGCAAGCCAAC,1
TACCCTGCAAGCCAGT,1
TACCCTGCAAGCCATT,1
TACCCTGCAAGCCGGG,1
TACCCTGCAAGCCTCT,1
TACCCTGCAAGCTACT,1
TACCCTGCAAGTCACT,1
TACCCTGCATGCCACT,1
TACCCTGCTAGCCACT,1
TACCTACTGCGGAACG,1
TACCTGATAGTAACTC,1
TACCTGCTGCATTAGG,1
TACCTGCTGCGAAACG,1
TACGACAAACAGTAAG,1
TACGCTGCAAGCCACT,1
TACGGTGGTCGATCCG,1
TACGTCGTATCCACAG,1
TACTAAAGCCGTTGTC,1
TACTAAGGCCGTTGTC,1
TACTAATCCCGTTGTC,1
TACTAATGCAGTTGTC,1
TACTAATGCCGTTATC,1
TACTAATGCCGTTGTT,1
TACTAATGGCGTTGTC,1
TACTAGATGTACAGTC,1
TACTAGCAAGAAAATC,1
TACTAGCAATAAGATC,1
TACTAGCGATAAAATC,1
TACTATCAATAAAATC,1
TACTCATAACCCTGCG,1
TACTGACAACCCTGCG,1
TACTGAGAACCCTGCG,1
TACTGATAAACCTGCG,1
TACTGATAACACTGCG,1
TACTGATAACCCAGCG,1
TACTGATAACCCTACG,1
TACTGATAACCCTGCC,1
TACTGATAACCCTGGG,1
TACTGATAAGCCTGCG,1
TACTGCGTTCATCGAT,1
TACTTGCTGCGGAACG,1
TAGAAAGCCTCCATGA,1
TAGACTCACGGAGGAG,1
TAGAGTTAATATGCGC,1
TAGATAATATAGAGAC,1
TAGATAGTGATGAACA,1
TAGCAATGTCATTTGA,1
TAGCAATTGAAACATA,1
TAGCAGTGTCGGAAAG,1
TAGCATCGTCGGAAAG,1
TAGCATGGTCGGAAAG,1
TAGCATTGGCGGAAAG,1
TAGCATTGTCGGAAGG,1
TAGCGGATAGTAACTC,1
TAGCGGTGATGTGATT,1
TAGCGTTGTCGGAAAG,1
TAGCTGAGAGTAACTC,1
TAGCTGATAGGAACTC,1
TAGCTGATAGTAAATC,1
TAGCTGATAGTAACTT,1
TAGGGGATACGTCACC,1
TAGGTCGTATCCACAG,1
TAGTCCGCTTCATGCT,1
TAGTCCGTTGGGAACT,1
TATAATAGGCGTCACA,1
TATAATCACTGAGGAT,1
TATACCCGCGGAGGAT,1
TATACGCACGGAGGAT,1
TATACTCACCGAGGAT,1
TATACTCACGGACGAT,1
TATACTCACGGTGGAT,1
TATACTCTCGGAGGAT,1
TATATACCGACGCAGT,1
TATATATCCAACACCA,1
TATATTAGTAACACAA,1
TATATTAGTAACGTAA,1
TATATTATTAACATAA,1
TATCAGCGTTGTTTTG,1
TATCCAAGGGACGAAC,1
TATCCAAGGGACGGGC,1
TATCCAAGGGATGGAC,1
TATCCAAGGGGCGGAC,1
TATCCAAGTGACGGAC,1
TATCGCCACTGATAAG,1
TATCGTGATACTCACA,1
TATCTGATAGTAAATC,1
TATCTTGGGGAGAGTC,1
TATGAAGAGAAGTGCG,1
TATGACGTATCCACAG,1
TATGGAGCGCCCTTAC,1
TATGTCGGATCCACAG,1
TATGTCGTATCCACTG,1
TATGTCGTATCCAGAG,1
TATGTCGTATCGACAG,1
TATGTCGTATCTACAG,1
TATGTCGTTTCCACAG,1
TATTAAGAAAAGTGCG,1
TATTAAGAGAAGTACG,1
TATTAAGAGAAGTGCC,1
TATTAAGAGAAGTGGG,1
TATTAAGAGAAGTTCG,1
TATTAAGAGAATTGCG,1
TATTAATGCCGTTGTC,1
TATTAGCAATAAAATC,1
TATTCAGATGCCCACC,1
TATTCCCAACTAGCGA,1
TATTCCTAACTAGAGA,1
TATTCCTAACTAGCGG,1
TATTCCTAACTAGCGT,1
TATTCCTAACTAGCTA,1
TATTCCTAACTAGTGA,1
TATTCCTAACTATCGA,1
TATTCCTGACTAGCGA,1
TATTCTCACGGAGGAT,1
TATTGACATAGCGATG,1
TATTGAGAGAAGTGCG,1
TCAAACAGTGTAGTTG,1
TCAAGCGGGGGCTAAA,1
TCAAGGGTGTACGAGA,1
TCAATCAGGGGCTAAA,1
TCAATCGGCGGCTAAA,1
TCAATCGGGAGCTAAA,1
TCAATCGGGGGCCAAA,1
TCAATCGGGGGCTAGA,1
TCAATCTGGGGCTAAA,1
TCAATTACTAGCCGGA,1
TCAATTGGGGGCTAAA,1
TCACGACTCGGCTAAC,1
TCAGAACTGCGGCCCC,1
TCAGTCGGGGGCTAAA,1
TCATATTAGGCGGCAT,1
TCATCGCACTACTGCT,1
TCATCGGTGTACGAGA,1
TCATGACATAGCGATG,1
TCATGACTCGACTAAC,1
TCATGAGTGTACGAGA,1
TCATGGCTGTACGAGA,1
TCATGGGTCTACGAGA,1
TCATGGGTGGACGAGG,1
TCATGGGTGTACGATA,1
TCATGGTTGTACGAGA,1
TCCAACGAAGTAGGAG,1
TCCAACGCGGTAAGAG,1
TCCACAACCCTAGCTA,1
TCCACACCCATAGCTA,1
TCCACACCCCTAACTA,1
TCCACACCCCTAGCGA,1
TCCACACCCCTTGCTA,1
TCCACACCGCTAGCTA,1
TCCACGTGGTTTGACA,1
TCCAGAGAGGTAAGAG,1
TCCAGCGCAGTAAGAG,1
TCCAGCGCCGTAAGAG,1
TCCAGCGCGGTAAAAG,1
TCCAGCGCGGTAACAG,1
TCCAGCGCGGTAGGAT,1
TCCAGCGCGGTTAGAG,1
TCCAGGGCGGTAAGAG,1
TCCATCGCGTTAAGAG,1
TCCCAGTGGTTTGACA,1
TCCCCGTGGGTTGACA,1
TCCCCGTGGTCTGACA,1
TCCCCGTGGTTTGACG,1
TCCCCGTGGTTTTACA,1
TCCCCTTGGTTTGACA,1
TCCTAAAGGATCATGA,1
TCCTATTAGGCGGCAT,1
TCCTATTCCGGCGCGG,1
TCCTCACCCCTAGCTA,1
TCCTCCGTTGGGAACT,1
TCCTCCTCAAGGGTAA,1
TCCTGTGCGGTAAGAG,1
TCCTTACCACTGCATC,1
TCCTTTACGGATCTCT,1
TCCTTTGCGCGCAGTC,1
TCGAAAAAATCATAAA,1
TCGAACGAAGAAGGAG,1
TCGAACGAAGTAGGAT,1
TCGAACGAAGTAGGCG,1
TCGAACGAATTAGGAG,1
TCGAACGAGGTAGGAG,1
TCGAACTAAGTAGGAG,1
TCGAAGTTTCATAGCG,1
TCGAATGAAGTAGGAG,1
TCGACACCCCTAGCTA,1
TCGACTACTAGCCGGA,1
TCGAGTTAATATGCAC,1
TCGAGTTAATATGCGA,1
TCGAGTTAATATGCTC,1
TCGAGTTAATATTCGC,1
TCGATGACTAGCCGGA,1
TCGATTAATAGCCGGA,1
TCGATTACTAGCCACT,1
TCGATTACTAGCCGAA,1
TCGATTACTAGCCGCA,1
TCGATTACTAGCCGGG,1
TCGATTACTAGCCGTA,1
TCGATTACTAGCTGGA,1
TCGATTACTAGGCGGA,1
TCGATTACTAGTCGGA,1
TCGATTACTGGCCGGA,1
TCGATTGCTAGCCGGA,1
TCGCATTGTCGGAAAG,1
TCGCTCCAACTAAAAA,1
TCGCTTCAAATAAAAA,1
TCGCTTCAACTAAAGA,1
TCGCTTCAAGTAAAAA,1
TCGCTTCAGCTAAAAA,1
TCGCTTCGACTAAAAA,1
TCGGGCACTAAATTAA,1
TCGGGGATTGGCTGTT,1
TCGGTTCAACTAAAAA,1
TCGTAGTCCTCGTATG,1
TCGTCACACTACTGCT,1
TCGTCCCACTACTGCT,1
TCGTCCGTCGGGAACT,1
TCGTCCGTTAGGAACT,1
TCGTCCGTTGGGAACA,1
TCGTCCGTTTTGAACT,1
TCGTCGCACCACTGCT,1
TCGTCGCACGACTGCT,1
TCGTCGCACTATTGCT,1
TCGTCGCATTACTGCT,1
TCGTCGTACTACTGCT,1
TCGTCTGTTGGGAACT,1
TCGTGACATAGCGATG,1
TCGTGGGTGTACGAGA,1
TCGTGTCTCCGAGCAA,1
TCGTTACCACTGCATC,1
TCGTTGCACTACCGCT,1
TCTAAATCTCGCGGCA,1
TCTAACCCTCGCGGCA,1
TCTAACTATCGCGGCA,1
TCTAACTCCCGCGGCA,1
TCTAACTCTCGCGGCG,1
TCTAACTCTCGCGGTA,1
TCTAATTAGGCGGCAT,1
TCTAGCGCGGTAAGAG,1
TCTAGCTCTCGCGGCA,1
TCTAGTTAATATGCGC,1
TCTCACAGAACCTATC,1
TCTCAGCTCGTAGCCG,1
TCTCAGCTCTTAACCG,1
TCTCAGCTCTTAGCCC,1
TCTCAGCTCTTAGCCT,1
TCTCAGCTCTTAGCTG,1
TCTCAGTCCTCGTATG,1
TCTCGGCTCTTAGCCG,1
TCTCTTCAACTAAAAA,1
TCTGGAAAAGATCCCC,1
TCTGGAAACGATACCC,1
TCTGGAAACGATCCAC,1
TCTGGAAACGATCCCT,1
TCTGGACATAGCGATG,1
TCTGTCTAGAAATTTT,1
TCTTAATCCTCGTATG,1
TCTTAGAGGGAACGAT,1
TCTTAGAGTGAAAGAT,1
TCTTAGAGTGAACTAT,1
TCTTAGAGTGAATGAT,1
TCTTAGAGTGAGCGAT,1
TCTTAGAGTGGACGAT,1
TCTTAGTCCTAGTATG,1
TCTTAGTCCTCCTATG,1
TCTTAGTCCTCGGATG,1
TCTTAGTCCTTGTATG,1
TCTTAGTTCTCGTATG,1
TCTTATTAGGCGGCAG,1
TCTTATTAGGCGGCGT,1
TCTTATTAGGGGGCAT,1
TCTTATTATGCGGCAT,1
TCTTCACATAGCGATG,1
TCTTGAAACGATCCCC,1
TCTTGACAGAGCGATG,1
TCTTGACATAACGATG,1
TCTTGACATAGCGACG,1
TCTTGACATAGGGATG,1
TCTTGACGTAGCGAAG,1
TCTTGAGATAGCGATG,1
TCTTGAGCCAGTCTGA,1
TCTTGATATAGCGATG,1
TCTTGCGCGGCTCGGG,1
TCTTGGAGTGAACGAT,1
TCTTGTTAGGCGGCAT,1
TCTTTACAACTGCATC,1
TCTTTACCAATGCATC,1
TCTTTACCACGGCATC,1
TCTTTACCACTCCATC,1
TCTTTACCACTGCTTC,1
TCTTTACCACTGGATC,1
TCTTTACCGCTGCATC,1
TGAAAACAATACAAAT,1
TGAAAACATTACAAAT,1
TGAAACACGTCCCAGT,1
TGAACCAATAACGGAG,1
TGAATCGGGGGCTAAA,1
TGACAAAAATACAAAT,1
TGACAACAATAAAAAT,1
TGACAACAATACACAT,1
TGACAACAATACGAAT,1
TGACAACAATGCAAAT,1
TGACCTGTGACATTGC,1
TGACGAAGTGGATGCC,1
TGACGAATTTGATTCC,1
TGAGGAGCGCCCTTAC,1
TGAGTTAATAGCTCCA,1
TGAGTTCATAGATCCA,1
TGAGTTCATAGCTAAA,1
TGAGTTCATAGCTTCA,1
TGAGTTCGTAGCTCCA,1
TGATAGTGGGAAGGGG,1
TGATCCGTGACATTGC,1
TGATCTATGACATTGC,1
TGATCTGTAGAGCGCT,1
TGATCTGTCACATTGC,1
TGATCTGTGAAATTGC,1
TGATCTGTGACATTGG,1
TGATCTGTGACATTTC,1
TGATCTGTGGCATTGC,1
TGATCTTCTACATTTA,1
TGATCTTTGACATGTA,1
TGATCTTTGACATTTA,1
TGATCTTTTACATGTA,1
TGATCTTTTACATTCA,1
TGATCTTTTACATTTT,1
TGATCTTTTACGTTTA,1
TGATCTTTTGCATTTA,1
TGATGGGTGTACGAGA,1
TGCAATCGTCACCGAT,1
TGCACTTTACGAGACA,1
TGCAGCGCGGTAAGAG,1
TGCAGGGGTATACATA,1
TGCAGTGGGAGACATA,1
TGCAGTGGTACACATA,1
TGCAGTGGTATAAATA,1
TGCAGTGGTATACAGA,1
TGCAGTGGTATACATC,1
TGCAGTGGTATACATG,1
TGCAGTGGTATACATT,1
TGCAGTGGTATATATA,1
TGCAGTTGTATACATA,1
TGCATCAAGTTGGTGC,1
TGCCCATGCTGGGGAT,1
TGCCGTGGTCGATCCG,1
TGCGGTGGTCGATTCG,1
TGCGGTGGTCGGTCCG,1
TGCGGTGGTGGATCCG,1
TGCTATTCCGACGCGG,1
TGCTATTCCGGCACGT,1
TGCTATTCCGGGGCGG,1
TGCTATTCCGTCTCGG,1
TGCTATTCTGGCGCGG,1
TGCTGAGCCAGTCTGA,1
TGCTGTGGTATACATA,1
TGCTGTGGTCGATCCG,1
TGCTGTTCCGGCGCGG,1
TGGAACGAAGTAGGAG,1
TGGAATAGGTGTCAGG,1
TGGAATCGCCACCGAT,1
TGGAATCGTCACAGAT,1
TGGAATCGTCACCGAC,1
TGGAATCGTCATCGAT,1
TGGAGAGCGGACAAGG,1
TGGAGTGGTATACATA,1
TGGCCCGCTTCATGCT,1
TGGGAATCTCCCATAC,1
TGGGAGAGGCGGCACA,1
TGGGATCGTCACCGAT,1
TGGGGTGGTCGATCCG,1
TGGTACGCTTCATGCT,1
TGGTCCACTTCATGCT,1
TGGTCCCCTTCATGCT,1
TGGTCCGATTCATGCT,1
TGGTCCGCTTAATGCT,1
TGGTCCGCTTCATGCA,1
TGGTCCGCTTCGTGCT,1
TGGTCCTCTTCATGCT,1
TGTAACAGGCGTCACA,1
TGTAATAGGCATAACA,1
TGTAATAGGCGCCACA,1
TGTAATAGGCGTCAAA,1
TGTAATAGGCGTCACC,1
TGTAATATGCGTCACA,1
TGTAATGGGCGTCACA,1
TGTACTCACGGAGGAT,1
TGTAGAGCGCCCTTAC,1
TGTATTAGGCGTCACA,1
TGTATTAGTAACATAA,1
TGTCCAAGGGACGGAC,1
TGTCCGAATAAAGTAG,1
TGTCCGGATAAAATAG,1
TGTCCGGATAAGGTAG,1
TGTCCGGATATAGTAG,1
TGTCCGTATAAAGTAG,1
TGTCTGGATAAAGTAG,1
TGTGACCCCCCCCAAC,1
TGTGACCCCCTCCGAC,1
TGTGATAGGCGTCACA,1
TGTGCAGCGCCCTTAC,1
TGTGGAGCCCCCTTAC,1
TGTGGAGCGACCTTAC,1
TGTGGAGCGCCCGTAC,1
TGTGGAGCGCCCTGAC,1
TGTGGAGCGCCCTTAT,1
TGTGGAGCGCCCTTGC,1
TGTGGAGCGCCTTTAC,1
TGTGGAGCGCTCTGAC,1
TGTGGAGCGCTCTTAC,1
TGTGGAGCGTCCTTAC,1
TGTGGGAATTGCCACT,1
TGTGGGGCGCCCTTAC,1
TGTGTACACTTCAGCA,1
TGTGTCGTATCCACAG,1
TGTGTTGAATAGGCGA,1
TGTTAACGGCCTATCC,1
TGTTAAGACAGTCTGA,1
TGTTAAGAGAAGTGCG,1
TGTTAGAGTGAACGAT,1
TGTTCAGCCAGTCTGA,1
TGTTGACATAGCGATG,1
TGTTGAGCCAGCCTGA,1
TGTTGAGCCAGGCTGA,1
TGTTGAGCCAGTCCGG,1
TGTTGAGCCAGTCTCA,1
TGTTGAGCCAGTCTGT,1
TGTTGAGCCATTCTGA,1
TGTTGAGCGCCCTTAC,1
TGTTGTAATCTGAGTA,1
TGTTGTGCCAGTCTGA,1
TTAAAAAAATCATAAA,1
TTAACTGAGGGCATTG,1
TTAAGCTTCATGGAGT,1
TTAATCAAGTTGGTGC,1
TTAATCTAGCCGCTCC,1
TTAATGCAGCCGCTCC,1
TTAATGTAGACGCTCC,1
TTAATGTAGCCGCTCA,1
TTAATGTAGCCGCTCT,1
TTAATGTAGCCTCTCC,1
TTAATGTAGCTGCTCC,1
TTAATGTAGTCGCTCC,1
TTAATGTATCCGCTCC,1
TTAATTTAAGTATCAA,1
TTACACGCATGTGCCA,1
TTACAGCGTTGTTTTG,1
TTACCTGTAGAGCGCT,1
TTACGAATATGATTCC,1
TTACGAATCTGATTCC,1
TTACGAATTTGAGGCC,1
TTACGAATTTGATTGC,1
TTAGATACTAGGACCA,1
TTAGGAATTTGATTCC,1
TTAGGGAACGGGAAGC,1
TTAGGGGGGTAGGGGA,1
TTATAAAAAACTTAGT,1
TTATCAGTAGAGCGCT,1
TTATCCGTAGAGCGCT,1
TTATCTATAGATCGCT,1
TTATCTGTAGAGAGAT,1
TTATGGGTGTACGAGA,1
TTATGTGTAGAGCGCT,1
TTATTTGTAGAGCGCT,1
TTCAGCGCGGTAAGAG,1
TTCAGTCCAGACTCGT,1
TTCATAAAGTTGGTGC,1
TTCATATCGAGATTCA,1
TTCATCAAGGTGGTGC,1
TTCATCAAGTTGATGC,1
TTCATCAATTTGGTGC,1
TTCATGAAGTTGGTGC,1
TTCCACAGAACCTATC,1
TTCCTAGGGGACGATT,1
TTCGTTGGTCGATCCG,1
TTCTATCCAGACTCGT,1
TTCTCTCCAGACTCGT,1
TTCTGATAACCCTGCG,1
TTCTGTCAAGACTCGT,1
TTCTGTCCAGACCCGT,1
TTCTGTCCAGACTAGT,1
TTCTGTCCAGACTCGG,1
TTCTGTCCAGTTTCGT,1
TTCTGTCCCGACTCGT,1
TTCTGTCTAGACTCGT,1
TTGAAAAAATCAGAAA,1
TTGAAAAAATCAGAAC,1
TTGAAAAAATCATACA,1
TTGAAAAAGTCATAAA,1
TTGAAATTGAAACATA,1
TTGAACTTATCTGTGG,1
TTGAACTTGTCGATAT,1
TTGAAGAAATCATAAA,1
TTGAATCACCGAATAA,1
TTGAATCAGTCGCGCC,1
TTGACTCACAGAATAA,1
TTGACTCACCGAATAG,1
TTGACTCACTGAATAA,1
TTGACTCGCCGAATAA,1
TTGACTTACCGAATAA,1
TTGAGAAAATCATAAA,1
TTGAGCGAGAAAAGCA,1
TTGAGGGATTCAACTC,1
TTGCAACTGAAACATA,1
TTGCAAGTGAAACATA,1
TTGCAATGGAAACATA,1
TTGCAATTCAAACATA,1
TTGCAATTGAAACATG,1
TTGCAATTGAAACATT,1
TTGCATCAGTAGCGCC,1
TTGCATTGTCGGAAAG,1
TTGCGTGATACTCACA,1
TTGCTACTGAGTAGTA,1
TTGCTCCGGAGTAGGA,1
TTGCTCCGGAGTAGTA,1
TTGCTCCTGAGCAGTA,1
TTGCTCCTGAGTAATA,1
TTGCTCCTGAGTAGAA,1
TTGCTCCTGAGTAGTG,1
TTGCTCCTGAGTATTA,1
TTGCTCCTGATTAGTA,1
TTGCTCTTGAGTAGTA,1
TTGCTGATAGTAACTC,1
TTGGAAAAATCATAAA,1
TTGGAATTGAAACATA,1
TTGGAGAACGGGAAGC,1
TTGGCCCACGGGCATA,1
TTGGGAAACGGGAAGC,1
TTGGGGAACGGTAAGC,1
TTGGGGAACGTGAAGC,1
TTGGGGAAGGGGAAGC,1
TTGGGGATTGGCTGTT,1
TTGGGGGATTCAACTC,1
TTGGTTTTACGTCCAT,1
TTGTAATTGAAACATA,1
TTGTACCTGCAGTTGA,1
TTGTAGAAGTCGCGCC,1
TTGTATCAATCGCGCC,1
TTGTATCAGTAGAGCC,1
TTGTATCAGTCACGCC,1
TTGTATCAGTGGCGCC,1
TTGTATCAGTTGCGCC,1
TTGTATCTGTCGCGCC,1
TTGTCCGCTTCATGCA,1
TTGTGTCAGTAGCGCC,1
TTGTGTCAGTCGCGCC,1
TTTAACAGAACCTATC,1
TTTAACTCTCGCGGCA,1
TTTACTCACGGAGGAT,1
TTTATACCGAGATTCA,1
TTTATAGCCAACACCA,1
TTTATATCCAACACCC,1
TTTATATCCAACACTA,1
TTTATATCCAACAGCA,1
TTTATATCGAGATCCA,1
TTTATATCGAGATTAA,1
TTTATATCGAGATTCT,1
TTTATATCGAGATTTA,1
TTTATATCGAGGTTCA,1
TTTATATCGATATTCA,1
TTTATATCGGGATTCA,1
TTTATATTGAGATTCA,1
TTTATCATATCTAATA,1
TTTATGGCGAGAGAGG,1
TTTATGTCGAGATTCA,1
TTTATTAGTAACATAA,1
TTTCAAAGAACCTATC,1
TTTCAATTGAAACATA,1
TTTCACAAAACCTATC,1
TTTCACAGAAACTATC,1
TTTCACAGAACCTAGC,1
TTTCACAGAACCTATG,1
TTTCACAGAACCTATT,1
TTTCACAGAGCCTATC,1
TTTCAGAGGGGTTGTG,1
TTTCAGCCTTGTTTTG,1
TTTCAGCGTAGTTTTG,1
TTTCAGCGTCGTTTTG,1
TTTCAGCGTGGTTTTG,1
TTTCAGCGTTATTTTG,1
TTTCAGCGTTCTTTTG,1
TTTCAGCGTTGGTTTG,1
TTTCAGCGTTGTTGTG,1
TTTCAGCGTTGTTTTC,1
TTTCAGCTCTTAGCCG,1
TTTCAGCTTTTTTTTG,1
TTTCAGGGTTGTTTTG,1
TTTCATAGAACCTATC,1
TTTCATGATACTCACA,1
TTTCGCAGAACCTATC,1
TTTCGCGATACTCACA,1
TTTCGGGATACTCACA,1
TTTCGGTGTGGTGTTG,1
TTTCGTGATAATCACA,1
TTTCGTGATACACACA,1
TTTCGTGATACCCACA,1
TTTCGTGATACTTACA,1
TTTCTCCTGAGTAGTA,1
TTTGGAAACGATCCCC,1
TTTGGAGCGCCCTTAC,1
TTTGTATCGAGATTCA,1
TTTTACAGAACCTATC,1
TTTTCTGTAGAGCGCT,1
TTTTGAGCCAGTCTGA,1
TTTTGTCCAGACTCGT,1
TTTTTCTAGTACGCTT,1
