barcode,count
GGTCCATCTCAGATCG,36694
CTTAGGTATTACATGC,1937
TTAGGGAACGGGAAGC,1041
CAGATAATATAGAGAC,516
GACCTTGGGGAGAGTC,427
TCGTTGCACTACTGCT,278
GTCAAGTTACGGATGA,269
AACCCCATAAGACCCC,258
AACAGAGGTCCATGTA,224
CTACATTGCCCGGAAG,202
CTGGACTTATCTGTGG,164
TACTGATAACCCTGCA,155
ACCGGAAGTTGCCAAG,151
TTGTATCAGTAGCGCC,132
CTATATTGCCCTGAAG,100
ACCAGTAATGAGTTGT,82
CGTGTACCATTCAGCA,81
TGCGGTGGCCGATCCG,79
TACAGTGGTATACATA,77
TAGAGTTAATATGCGC,75
GAATTAGAAATACATA,69
GAGGGGTAGAGAGACG,68
GCATGGAACTGACTCC,65
TCATAGGTGTACGAGA,58
CGGGGAATGTAAATGA,57
AACGACAAACAGGAAG,55
ACCGTTGGACACACCA,54
TGTCCGGATAAAGTAA,54
GTACAAACCTACAAAT,52
GAGGGGGAGAGATACG,51
GCAGCGTGCTGGTCAT,51
CCAAGCTTGGCACATC,48
CCCTGCGCGGCTCGGA,48
GACCACCGAGTGACCG,48
TTATTTAACAGACGTA,47
TTGTATAAGTCGCGCC,46
ACCGTTGTTCACACCA,44
GGGGGGTAGAGATACG,43
GATCCTGGGGAGAGTC,42
TGTCCATCTCAGATCG,42
AACCACCGAGTGACTG,41
CAATTAGAGATACATA,41
AGGTTCAGACTCTTTC,40
TTTATATCGAAATTCA,40
TTTCACAGGACCTATC,40
CCCTGCGCGGCCCGGG,39
GCACAAACCTGCAAAT,38
TATTGAGACGCGCAAG,37
ACGATTACTAGCCGGA,36
TACCCGGCAAGCCACT,36
TCGAACGACGTAGGAG,36
GCATAGAACTAACTCC,35
ACATCCATTAAGATCA,34
GTTAGATTATAACGTA,34
GTACAAACCTTCAAAT,33
AACCACAGAGTGACCG,32
CGATTAGAAATACATA,32
TGGACCCTAGATGGTA,32
CCTGGGTTAAGTGGTG,31
CGTATACCCTTCAGCA,31
GTACAGACCTGCAAAT,31
TACGACAAACAGTAAG,31
TCGTCGCACTACTACT,31
TTATCTGTGGAGCGCT,31
TTGGGGAACGGGAAGT,30
GAGGGGTGGAGATACG,29
TTTCAGTGTTGTTTTG,29
CAATCAGAAATACATA,27
CGGGAAATGCAAATGA,27
TTTCGGCTCTTGATTA,27
CAATTAGAAGTACATA,26
CCCTGTGCGGCTCGGG,26
GTACAAACCCGCAAAT,26
GTAGAACTGCGGCCCA,26
GTACAAACCGGCAAAT,25
TACCACCGAGTGACCG,25
TACCCTGCAAGCCACG,25
TCGGACGAAGTAGGAG,25
TGCTATTCGGGCGCGG,25
AACAACCGAGTGACCG,24
AACCACCGAGTGACAG,24
ATACAAACCTGCAAAT,24
GAAATCCCCAAACAAC,24
GATCACGCAGAAAAGG,24
GTGTGATTGTCCGGAA,24
TCCAGCACGGTAAGAG,24
AATATTCTAGTACCCT,23
CAGTGAGTGTAAATAA,23
GATGAAACAATCGAAC,23
GTATAAACCTGCAAAT,23
TACCCTGCATGCCACT,23
TCCTTTACGGATCTCT,23
ATAGGATATGTGGCTG,22
CATGCAGAGTTTGTTG,22
CGGAATACACAATGGT,22
GAAGTGCGTATTGAAT,22
GACAAAAGGGACTTAT,22
GACAAAGGGGACATAT,22
GTACAAACCAGCAAAT,22
GTACCCAGTTCCTGTG,22
GTGGTATCAAGACGGG,22
TAATTAGAAATACATA,22
TTACAAACCTGCAAAT,22
TTATCTGTAGAGCTCT,22
ACAATCTGAACCACAC,21
AGCATGGGGATATGTG,21
CAATAAGAAATACATA,21
CGGACACTAGATGGTA,21
GTAACGTTTGTGCAAA,21
GTACAAACCTGAAAAT,21
GTGGTATCAAGCAGGG,21
AAATTAGAAATACATA,20
AACCACCGAGTGACCA,20
ACCAGCAATGGGTTGT,20
AGCTGAATTGAGTATG,20
AGTAAACATGCATGGG,20
CAATTAGAAATACAAA,20
CGGAAAATGTAAATGA,20
GACGGTTCCGACTAAG,20
GTGGTATCAAGCCTGG,20
TAAATAACAGAGGGGA,20
AACCACCGAGTGAACG,19
AACCACTGAGTGACCG,19
ATAACTGAGGACATTG,19
ATGGGATTGGAAAAAC,19
CATGGGTTAAGTTGTG,19
CCCTGCGCGGCTCTGG,19
CTTACAGAATACTGGA,19
GAGGGGTAGAGATAAG,19
GTAAAAACCTGCAAAT,19
AGCAAACATGCATTGG,18
ATTCCGAATGGGGTGG,18
CATAAAGAGTTTGTTG,18
GCGTATGATTTTCGAG,18
GTCAGGATAATCGCGC,18
TCAATCGGGGGCCAAA,18
TGCCCTGCAAGCCACT,18
TGTGTACCCTTCAGCA,18
AACCACCGAGTGGCCG,17
AACGACAAACAGTAGG,17
ATTTAAATTCGAGGGC,17
CCCAGCGCGGTAAGAG,17
CCCTGCGTGGCTCGGG,17
CCGGATAAATAAGAAC,17
CGCGACACCCTTCCGT,17
CGCGACACCCTTCCTG,17
CGGACCCTAGATGGGA,17
CTTTAAATTAAAGTCT,17
GAGGGGTAGAGATATG,17
GGTCCATCTCGGATCG,17
AACAGAAGTCCAGGTA,16
AACGACAAAAAGTAAG,16
ACAGCCCACCATTGAG,16
ACAGTCCACCATGGAG,16
ACAGTCCACCGTTGAG,16
ACTCTGGCTCGCCAAT,16
AGGAGTATGGAGAGCG,16
ATACGCGAGGTTGTGA,16
ATGGGATTGGGGAAAC,16
CAATTAGAAACACATA,16
CGCGACACACTTCCGG,16
CGTTTACCCTTCAGCA,16
CTTCGGCTCTCGATTA,16
GGTCCATCTCAGATAG,16
GTACAAACCTGTAAAT,16
GTATAAAATATTGAAA,16
TACCCTGCAAGTCACT,16
TAGTTGATAGTAACTC,16
AACCACCTAGTGACCG,15
AACCCTGCAAGCCACT,15
AACGGTTCCGACGAAG,15
CAAATGCTGTATTAGG,15
CAATTAAAAATACATA,15
CACCCTGCAAGCCACT,15
CCATATGAAATAAGCT,15
CCCTGCGGGGCTCGGG,15
GTACCCAGTTCCTACG,15
TCCAGCGAGGTAAGAG,15
TTGGGGAACGGGAAGA,15
AAAAAATTTATGAAAA,14
AACAGAAGTCCGTGTA,14
AGGACCCTAGATGGTA,14
ATTACGAATGGGGTAG,14
CAATTAGAAATAAATA,14
CCCTGCGCGGCTAGGG,14
CGGGAAATGGAAATGA,14
CGTGTACCCTTCATCA,14
CTGAGCTGCCAAGAAG,14
GCAGTACGATCTACGC,14
GGCTCCTGGGGTATCA,14
GTACAAAACTGCAAAT,14
TACCCCGCAAGCCACT,14
TACCCTGTAAGCCACT,14
TCTAACTCTCGCGACA,14
TCTTATTAGGAGGCAT,14
TGCGACACCCTTCCGG,14
TGGCATTGTCGGAAAG,14
TTGGGGAAAGGGAAGC,14
AAAATGCTGCATTAGG,13
AACCACCGAGTGACCT,13
AAGGGACCTCATAATG,13
ACGTCCATTAAAATCA,13
AGGGAAATGTAAATGA,13
ATCGACAAACAGTAAG,13
CAATTAGAAATACATG,13
CAATTATAAATACATA,13
CCCTATGAAATAAGAT,13
CGCGACAACCTTCCGG,13
CGGAACCTAGATGGTA,13
CGTGTACCCTTAAGCA,13
CTACTCCGACCGATTA,13
GAGGGGTAGAGATACT,13
GAGGGGTAGAGATGCG,13
GTGCAAACCTGCAAAT,13
TAGAACCTCGTTGTCT,13
TGCAGTGATATACATA,13
TGGAATTGTCACCGAT,13
TGTTGAGTCAGTCTGA,13
AATCGCTGGCACCCAT,12
ACAGTCCACCATTGAT,12
ACCTAATGAATCATCC,12
ACGGATAAATCAGAAC,12
AGCATAGGGATAGGTG,12
CGTACCCTAGATGGTA,12
CTCGACACCCTTCCGG,12
CTGACCCTAGATGGTA,12
CTTGAGGCCTGGCCCC,12
GAATAAGAGAACAGAG,12
GGTCCATCTAAGATCG,12
GGTCTTGGGGAGAGTC,12
GTACAAACCTGCAAAC,12
GTACCAAGTTCCTGCG,12
GTACCCATTTCCTGCG,12
GTCAAGTTAAGGATGG,12
GTGCGATTGTCAGGAA,12
TAGGTCGTATCCACAG,12
TCGAGTTAATAAGCGC,12
TGTGGAGAGCCCTTAC,12
TTATCTGTAGAGAGCT,12
AACCACCGAGTGATCG,11
AACGCGTAGAACCGCC,11
AAGCGGTGATGTGATC,11
ACCGAATGAATAATCC,11
ACGCGGGTTGGCTGTA,11
AGGAGTAGGAAGAGCG,11
AGGCAGCTAGCAAAAA,11
CAGGATAAATCAGAAC,11
CGAACCCTAGATGGTA,11
CGCTACACCCTTCCGG,11
CGGACCCTAGATGGCA,11
CGGACCCTATATGGTA,11
CTGAGGGGTTCAACTC,11
CTGGAGGCCTGGCCCA,11
GCCGCTGCGGTGTGTG,11
GGTCCATCTCAGATCA,11
GTACAAACCTGCAGAT,11
GTACCCAGTTCCTGAG,11
GTAGAACTGAGGCCCC,11
GTAGAACTGTGGCCCC,11
GTTCCGAATGGGGTAG,11
TACCCTGCAATCCACT,11
TACTAATGCTGTTGTC,11
TCCAGAGCGGTAAGAG,11
TCCAGCGCGGGAAGAG,11
TCCAGCTCGGTAAGAG,11
TCTGGGTTAAGTTGTG,11
TTAAGAATTTGATTCC,11
TTATCGGTAGAGCGCT,11
AAGAACCTCGTTGTCT,10
AAGAAGCTATAGGAGT,10
AATCGCTGGTACCCGT,10
AATGAAACAATAGAAC,10
ACAAGCAATGAGTTGT,10
ACAAGCTTGGCGCATC,10
ACCGAATTAATCATCC,10
ACCTGCGCGGCTCGGG,10
AGAAAATCTCGGATAC,10
AGACCCCAGGTCCTTT,10
AGCGACACCCTTCCGG,10
AGGAGTATGAAGAGTG,10
AGTGTACCCTTCAGCA,10
ATGGGATGGGAGAAAC,10
ATTAGGGCTACGGGAG,10
CAAATGATGCATTAGG,10
CCCTGCTCGGCTCGGG,10
CGCAACACCCTTCCGG,10
CGTGTACCCTTCAGAA,10
CTGGAGGCCTGGTCCC,10
GATCACACAGAAAAAG,10
GATCACCATCGACTTC,10
GATCTTGGGGAGAGTA,10
GGTCCATCTCAGATCT,10
GTAAGCAAAGTTGATC,10
GTGGTATCAAGCCGGT,10
TAAAGTGATTTCTCGA,10
TAATGGGTGTACGAGA,10
TCATGGGTATACGAGA,10
TCATGGGTGTAAGAGA,10
TCGGATAAATCAGAAC,10
TGGGAAATGTAAATGA,10
TTACGAATTTGAGTCC,10
TTATATGTAGAGCGCT,10
TTATCTGTAGAGCACT,10
TTATCTGTAGAGCGCC,10
TTTATATCGAGATCCA,10
AAAGGTTCCGACTAAG,9
AACACGTAGAACCACC,9
AACTTCCCTTACTGCT,9
AATGAAACAATCGAAA,9
AATGAGAGCATGTCAA,9
AATGCGAGCATGGCAA,9
AATTAAACAATCGAAC,9
ACACGGGTTGGCTGTG,9
ACTGTCCAGAAATTTT,9
AGGACTATAGTTGGTA,9
AGGTTCAGACTCTTGT,9
AGTCCATCTCAGATCG,9
AGTGTTGAATAGGAGA,9
ATGGGATTGGAGAGAC,9
ATTCTGAATGGGGTAG,9
CAATTAGAAATGCATA,9
CCAAGCTTGGTGCATC,9
CCATGCGCGGCTCGGG,9
CCCCGCGCGGCTCGGG,9
CCCTGCGCGGCTCGTG,9
CCCTGCGCGTCTCGGG,9
CCCTTCGCGGCTCGGG,9
CCTGGGTTAAGTTGTT,9
CGCGACACCATTCCGG,9
CGTGTACCCTTCAGCT,9
CTGAACTTATATGTGG,9
CTGGATAAATCAGAAC,9
CTTAGGTATTATATGT,9
GAGGTGTAGAGATACG,9
GAGTGGTAGAGATACG,9
GCAATCTGAACCATAC,9
GCTCTGGCTCGCTAAT,9
GTAAGCAAAGTTTACC,9
GTACAAACCTGCGAAT,9
GTACACAGTTCCTGCG,9
GTAGAAATGCGGCCCC,9
GTGAGATTGTCCGGAA,9
GTTCCATCTCAGATCG,9
TATGTAGTATCCACAG,9
TATGTCGTATCCACAA,9
TATTAAGAGAAGGGCG,9
TCGAGCTAATATGCGC,9
TCTTATTAGGCGGAAT,9
TGGGAACATACATAAC,9
TGTGGAGTGCCCTTAC,9
TTATCTGTAGAGCGAT,9
TTCAAGTTACGGATGG,9
TTTCAGAGTTGTTTTG,9
AAAAAATTTAGGACAA,8
AAAAAATTTATTACAA,8
AAAAGAAGTCCATGTA,8
AAACACCGAGTGACCG,8
AAACCCATAAGACCCA,8
AAAGACAAACAGTAAG,8
AACCTACGAGGCGTAA,8
AAGAAATTTATGACAA,8
AAGGGGCCTCATAAGG,8
AATTCGTGAGTACTGG,8
ACACGGGTTGGCGGTA,8
ACGTATGACTTTCGAG,8
ACTCTGGCTCTCTAAT,8
ACTGGGTTAAGTTGTG,8
AGAAAATCTAAGATAC,8
AGCATATGGATATGTG,8
AGCTCCTGGGGTATCT,8
AGGTTCGGACTCTTGC,8
AGTGTTGGATTGGTTA,8
AGTTGGGGTCTCCCCT,8
ATGAACTTATCTGTGG,8
ATTCCGAATGGGGCAG,8
ATTCGGCTCTTGATTA,8
CAAATGCTGCATGAGG,8
CAATGAGAAATACATA,8
CAATTAGAAATACAGA,8
CATACAGAGTTTGTTT,8
CATGTGGAGCCAAACA,8
CATTGAGACGCGCAAT,8
CCCGGGTTAAGTTGTG,8
CCCTATGAAATAGGCT,8
CCCTGCGCGACTCGGG,8
CCTTGGTTAAGTTGTG,8
CGAGACACCCTTCCGG,8
CGCGACACCCTCCCGG,8
CGGAACCTCGTTGTCT,8
CGTGTACCCCTCAGCA,8
CGTGTACCCTTCAACA,8
CGTGTACCCTTCAGCG,8
CTATCTTAATCTAAAG,8
CTGAGGGATTAAACTC,8
CTGGAGGCCTGGCCAC,8
CTGGAGGCCTTGCCCC,8
GAATGGAACTAACTCC,8
GACGACAAACAGTAAG,8
GAGAGCTGCAGAAGTG,8
GAGGGGTAGATATACG,8
GAGGGGTAGGGATACG,8
GATCTTGGGGAGAGTT,8
GTACCCAGTTCCTGCT,8
GTAGAACTGCGGACCC,8
GTGGTATAAAGCCGGG,8
GTGGTATCAAGCCCGG,8
GTGGTATCAATCCGGG,8
GTTGTATCAAGCCGGG,8
TAACGTTATTTCTCGA,8
TACCATCAGCACCTAG,8
TACCCTGAAAGCCACT,8
TACTGATAACCCTGTG,8
TATGTCATATCCACAG,8
TATGTCGTATCCACGG,8
TCAAGCGCGGTAAGAG,8
TCCAGCGCGGTAGGAG,8
TCGAAAGAAGTAGGAG,8
TCTAACTCTCGCGGAA,8
TGAGGTGGTCGATCCG,8
TGTGGAGCGCCCGTAC,8
TGTTGAGACAGTCTGA,8
TTAGAACTGCGGCCCC,8
TTGGGGAATGGGAAGC,8
TTGGGGGACGGGAAGC,8
TTGTATCAGTCGCGCA,8
TTTATATCGAGAGTCA,8
TTTCGTGATACTCACT,8
TTTCGTGATACTCATA,8
AAAGTCCACCATTGAG,7
AACCAACGAGTGACCG,7
AACGAATGAATCATCC,7
AACTTCCCTGACTGCC,7
AAGCGGTGATGTGAGT,7
ACAATCTTAACCATAC,7
ACAGTCCACCATTGGG,7
ACCCCCTGAGCTTGGC,7
ACTCTGGCTCGCGAAT,7
AGCGACAAACAGTAAG,7
AGGTCGGGACTCATCT,7
AGTGTTGAATAGGTGA,7
AGTGTTGAATGGGCGA,7
ATAGCACAGCGTAGGC,7
ATGGGATTGGAGAAAT,7
ATGGGATTGGAGAAGC,7
ATGGGGAACGGGAAGC,7
ATTAGAGCTACGTGAG,7
ATTAGATTAGAACGTA,7
ATTAGATTATAACGCA,7
ATTCCGAATGGGGGAG,7
ATTGGATTGGAGAAAC,7
CAAATGCTGAATTAGG,7
CAATTAGGAATACATA,7
CAATTGGAAATACATA,7
CACGGCCGGAGAACTC,7
CACTATGAAATAAGCT,7
CACTGCGCGGCTCGGG,7
CAGACCCTAGATGGTA,7
CATACAGAGGTTGTTG,7
CCATGGGTGTACGAGA,7
CCCTGCGAGGCTCGGG,7
CCCTTTACGTATCTCT,7
CCGAACTTATCTGTGG,7
CCTGATAAATCAGAAC,7
CCTTGATGCATTCCAG,7
CCTTGATGCATTCCCT,7
CCTTGATGTATTCCCG,7
CGACTCCATGGACGCC,7
CGCACTTTATGAGACA,7
CGCGAAACCCTTCCGG,7
CGCGACACCCTTCCGA,7
CGCGACACCCTTCTGG,7
CGGACCATAGATGGTA,7
CGGACCCGAGATGGTA,7
CGGACCCTAGATGTTA,7
CGTGTACCCTCCAGCA,7
CGTTCAGTGATAACGG,7
CTAATTTAAGTATAAA,7
CTAATTTAAGTATCGA,7
CTAGCACAGCGTAGGA,7
CTAGCACATCGTAGGC,7
CTAGTACAGCGTAGGC,7
CTATATTTCCCGGAAG,7
CTATTTAAAAGACGTA,7
CTCCTAGGGGGCGATT,7
CTGAACTTATCTTTGG,7
CTGAGATGCCAATAAG,7
CTGAGCTGTCAATAAG,7
CTGGAGGACTGGCCCC,7
CTGGAGGCCCGGCCCC,7
CTGGAGGCCTGGCCCT,7
CTGGAGGTCTGGCCCC,7
CTTAACTTATCTGTGG,7
CTTACAGAAGACTAGA,7
CTTCGGCTCTTGATGA,7
GAAATCCCCAAAGAAC,7
GAATAATAGAAAAGAG,7
GAGAGCTACAGAAGCG,7
GAGGGGCCTCATAATG,7
GATATTGGGGAGAGTC,7
GATCTTGGGGAGAGGC,7
GATCTTGGGGGGAGTC,7
GCATCATCAACTCCTA,7
GCCAGCTCGTATCCCC,7
GCCAGCTCGTATCCCG,7
GCGAAGTTTCATGGCG,7
GGGAGTATGAAGAGCG,7
GGTCAATCTCAGATCG,7
GTAAGAAAAGTTGACC,7
GTAAGCAAAGTTGACA,7
GTACAAACATGCAAAT,7
GTACAAACCTGCAAGT,7
GTACAACCCTGCAAAT,7
GTACCCAGTTCATGCG,7
GTACCCAGTTCCCGCG,7
GTACCCAGTTCCGGCG,7
GTGCGATTGTTCGGAA,7
TACATACCGACGAAGT,7
TACCATGCAAGCCACT,7
TACCCTGCAAGCCACC,7
TACCTGCTGCGGAACT,7
TACTAATGCCGTTGTT,7
TAGCATTGTAGGAAAG,7
TAGGCTCTAGAGCTCT,7
TAGTCCGTTGGGAACT,7
TATACAGAGTTTGTTG,7
TATACTCAAGGAGGAT,7
TATGTCGTATCCAAAG,7
TATGTCGTATCCATAG,7
TCATGGAACTAACTCC,7
TCATGGGTGTGCGAGA,7
TCATTGGTGTACGAGA,7
TCCGGCGCGGTAAGAG,7
TCCTGCGCGGCTCGGG,7
TCGATTACTAGCCTGA,7
TGCCATTCCGGCGCGG,7
TGTAATAGGAGTCACA,7
TGTTGAGCCAGTCTGG,7
TTGCTCCCGAGTAGTA,7
TTGGGGAACGGGAGGC,7
TTTATATCCAACACCT,7
AAAAAATTTATGGCAA,6
AAACCCAGAAGACCCC,6
AACGACAAACAGTGAG,6
AACTGAGTTCATCGAT,6
AACTTCCCTGACTGTT,6
AACTTCCCTGACTTCT,6
AAGGGGATTGGCTGTT,6
AAGGGGTAGAGATACG,6
AAGTGTCTCCGAGCAA,6
AATCGCTGTCACCCGT,6
AATGAAAAAATCGAAC,6
AATGAAACAATCTAAC,6
AATGCGAGCATGTAAA,6
AATGGAACAATCGAAC,6
ACAAGATTCGTGGGAC,6
ACAATCTGAAACATAC,6
ACAGTACACCATTGAG,6
ACCAGAAATGAGTTGT,6
ACCATCAATGAGTTGT,6
ACGTCCATTAAGATCG,6
ACGTGTCTCCGAGAAA,6
ACGTGTCTCCTAGCAA,6
ACTGTATAGAAATTTT,6
ACTGTCTAGAAAGTTT,6
AGAATCTAACAGATAG,6
AGCATAGGGATATGGG,6
AGCTTAATTAAGTATG,6
AGTGTTGGCTTGTTTA,6
ATAACGTTTGTACAAA,6
ATAACGTTTTTGCAAA,6
ATCCCCGGAGCTTGGC,6
ATGGAGGCCTGGCCCC,6
ATGGCCCACGGGAATA,6
ATGGGATTGGAGAAAA,6
ATTAGGGCTACGTGGG,6
ATTCCGAATGTGGTAG,6
ATTCCGAGTGGGGTAG,6
ATTCCTAATGGGGTAG,6
CAAATGCTGCATTGGG,6
CAACTAGAAATACATA,6
CAAGTAGAAATACATA,6
CAATTAGAAAGACATA,6
CAGAACCTCGTTGTCA,6
CAGAACCTCGTTGTCC,6
CAGAGCCTCGTTGTCT,6
CATGGGAATGGCCACT,6
CATGGGAATTTCCACT,6
CATGTACCCTTCAGCA,6
CATGTGGATCCCAACA,6
CATTGATGCATTCCCG,6
CCAACACAAAAAATGA,6
CCAGATAAATCAGAAC,6
CCCCATGAAATAAGCT,6
CCCTATGAAATAAGCG,6
CCCTGCGCGGATCGGG,6
CCGGATAAATCAGGAC,6
CCGGATAAATCATAAC,6
CCGTACCTGCAGTTGA,6
CCTGGGTTAAGTTTTG,6
CCTGGGTTGAGTTGTG,6
CCTTGATGCATTACCG,6
CGAAACACGTCCCACT,6
CGACTCCACTGACGCC,6
CGCACTTGACGAGACA,6
CGGACCCTAGATGGTG,6
CGGACCCTAGGTGGTA,6
CGGACCCTGGATGGTA,6
CGTGACCCCCTCCAAT,6
CGTGTAACCTTCAGCA,6
CGTGTACACTTCAGCA,6
CGTGTACCCGTCAGCA,6
CTAATTTAAGTAGCAA,6
CTCAAATAATTGGTGC,6
CTGAGCTACCAATAAG,6
CTGGAGGCATGGCCCC,6
CTGGGGAACGGGAAGC,6
CTTACAGAATACGAGA,6
CTTAGGCTCTTGATTA,6
CTTAGGGATTCAACTC,6
CTTCGGCTCCTGATTA,6
GAAAAATTTATGACAA,6
GAAGTACGCTTAATGA,6
GACAAAAGGGAAATAT,6
GACCCCTTGTAAGAGG,6
GACTAAAGGATCATGA,6
GAGAGCTGCAGAAGAG,6
GAGGGGGAGAGAGACG,6
GAGGGGTAGAGATACA,6
GAGGGGTAGAGGTACG,6
GATCACGAAGAAAAAG,6
GATCCATCTCAGATCG,6
GATCTTGGGGAGAGCC,6
GATCTTGGGGAGATTC,6
GCAGCGTGTCGGTCAT,6
GCAGTCCACCATTGAG,6
GCATAAAGGATCATGA,6
GCATGGAAATAACTCC,6
GCATGTAACTAACTCC,6
GCCATCTCGTATCCCT,6
GCGAAGTTTCATAGAG,6
GGCCCATCTCAGATCG,6
GGGCCATCTCAGATCG,6
GGTACATCTCAGATCG,6
GGTCCATCTCATATCG,6
GTAACCAGTTCCTGCG,6
GTACCCAGTTACTGCG,6
GTAGAACTGCTGCCCC,6
GTCAAGTTACTGATGG,6
GTCACATCCTGGAATG,6
GTGAGAGAGAAAAGCA,6
GTGCAATTGTCCGGAA,6
GTGCGATTTTCCGGAA,6
GTGGTATCAAGCCGTG,6
GTGGTATCGAGCCGGG,6
GTGTTATCAAGCCGGG,6
GTTGCTCCGACACACC,6
GTTGCTCCGACACGCT,6
TAACGTGATTTCTCGT,6
TACACTGCAAGCCACT,6
TACAGCGCGGTAAGAG,6
TACCCTGCAAGCCAAT,6
TACCTGCTGTGGAACG,6
TACTAATGCCGTTGTA,6
TATGTCGTATCCACAT,6
TATGTCTTATCCACAG,6
TATTAAGAGAAGTGAG,6
TCATGGGGGTACGAGA,6
TCATGGTTGTACGAGA,6
TCCAGCGCTGTAAGAG,6
TCCAGTGCGGTAAGAG,6
TCCATCGCGGTAAGAG,6
TCGTCCGTTGGGAACC,6
TCTAACTCTCGAGGCA,6
TCTTATTAGGCGACAT,6
TCTTATTAGGCGGTAT,6
TCTTTACCACTACATC,6
TGAGTTCATAGCTCCT,6
TGAGTTCATATCTCCA,6
TGATCTGTGACATTAC,6
TGCGGTGGTTGATCCG,6
TGCTATTCCGGCGAGG,6
TGGGGACAAGATTGTA,6
TGTGGGGCGCCCTTAC,6
TGTGTCGTATCCACAG,6
TTACGAATTTGATTAC,6
TTACGAATTTGGTTCC,6
TTATCTGTAGATCGCT,6
TTCTGTCCGGACTCGT,6
TTGGGATTGGAGAAAC,6
TTGGGGAACGGGAATC,6
TTGGGGAACGGGGAGC,6
TTGTATCGGTCGCGCC,6
TTTATATCCAACACAA,6
TTTCACAGAACCCATC,6
AAAAAATTTATGACAT,5
AAAAAATTTGTGACAA,5
AAACCCATGAGACCCC,5
AACACGTAGAACCTCC,5
AACGAAAAACAGTAAG,5
AACGACAAACAGTAAT,5
AACGACAAGCAGTAAG,5
AACGACAGACAGTAAG,5
AACGGCAAACAGTAAG,5
AACGGTGCCGACTAAG,5
AACTGCGTTCATCTAT,5
AACTGTTCCGACTAAG,5
AACTTCCATGACTGCT,5
AACTTCCCTGACTGAT,5
AAGGAAACAATCGAAC,5
AAGGGGCATCATAATG,5
AATCGCTGGAACCCGT,5
AATGAAACAATCGAGC,5
AATGACAAACAGTAAG,5
AATGCGAGAATGTCAA,5
AATGCGAGCATGTCAC,5
AATGGGAATTGCCACT,5
AATGTGAGCATGTCAA,5
AATTCGTGGGTACTAG,5
ACAAGATTCGGGGGAA,5
ACAAGATTCGGGGGGC,5
ACAATCTGAACCATAA,5
ACACGGGTTGACTGTA,5
ACACGGGTTGGATGTA,5
ACACGGGTTGGCTTTA,5
ACATCCTCAACTCCTA,5
ACCAAATGAATCATCC,5
ACCCCCGGAGCTTGGA,5
ACCCCCGGAGCTTGTC,5
ACGGGGATTGGCTGGT,5
ACGTGTCTCAGAGCAA,5
ACGTTTCTCCGAGCAA,5
ACTACGGGGCTACGTA,5
ACTCTGACTCGCTAAT,5
ACTCTGGCTCACTAAT,5
ACTCTGGCTCGCAAAT,5
ACTCTGGCTCGCTAAC,5
ACTCTTGCTCGCTAAT,5
AGAAAATCTCAGATAA,5
AGAAAATCTCATATAC,5
AGAAGATCTCAGATAC,5
AGAATAGGGATATGTG,5
AGATACCAGGTCCTTT,5
AGATCCCAGTTCCTTT,5
AGCATAGGGATATGTA,5
AGCATCTAACAGACAG,5
AGCTGCGTTCATCGAT,5
AGGAAAGAAACTGGGG,5
AGGAAAGAGACTGGAG,5
AGGACTATAGTTGGAA,5
AGGGGGCCTCATAATG,5
AGGTTAAGACTCTTGC,5
AGTCGTTTATATAGTT,5
AGTGAAACAATCGAAC,5
AGTTGGGGTATCCCTT,5
AGTTGGGGTCTCCATT,5
AGTTGTGGTCTCCCTT,5
AGTTTGGGTCTCCCTT,5
ATAAAATCTCAGATAC,5
ATAACGTTTGTGCGAA,5
ATAACTTAGGGCATTG,5
ATAATTTAAGTATCAA,5
ATACACGCATGTTCCA,5
ATAGGATATATGTCTG,5
ATATATTGCCCGGAAG,5
ATCAGGATAATCTCGC,5
ATCATAGGGATATGTG,5
ATCCCATGCTGGGGAT,5
ATGCCGAATGGGGTAG,5
ATGGTTTTACGCCCAT,5
ATTAGATTATAACGGA,5
ATTATGGCTACGTGAG,5
ATTCAGAATGGGGTAG,5
ATTCCGAATGGGTTAG,5
ATTCCGAATGGTGTAG,5
ATTGGATTATAACGTA,5
ATTTAAATTCGAGGAA,5
CAATTAGAAATATATA,5
CAATTCGCCGTTCCAC,5
CAGAAACTCGTTGTCT,5
CAGAACCTCGTTGTAT,5
CAGAACCTCTTTGTCT,5
CAGGATCTAGAGCTCT,5
CATAACCTCGTTGTCT,5
CATGGGAATTGTCACT,5
CATGTGGAGTCCAACA,5
CATTGAGACGCACAAG,5
CATTGGAATTGCCACT,5
CCAAGCTTGGCGCACC,5
CCAAGCTTGGCGCATA,5
CCCTACGCGGCTCGGG,5
CCCTATGAAATGAGCT,5
CCCTGCGCTGCTCGGG,5
CCGGATAAATGAGAAC,5
CCTGGGTTAAGTTGTA,5
CCTGGGTTAGGTTGTG,5
CCTGTGTTAAGTTGTG,5
CCTTGATTCATTCCCG,5
CGCGACACCCCTCCGG,5
CGCGACATCCTTCCGG,5
CGCGGCACCCTTCCGG,5
CGGACCCTAGAGGGTA,5
CGGGAAAATACATAAC,5
CGGGAAAGGTAAATGA,5
CGGGAAATGTAAATGG,5
CGGGAACATACAGAAC,5
CGTGGAGCGCCCTTAC,5
CGTGTACCCTTCAGTA,5
CGTTTTTGGTTCTAGG,5
CTATATTGCCTGGAAG,5
CTATCTTAATATACAG,5
CTCTGCGCGGCTCGGG,5
CTGAACTCATCTGTGG,5
CTGAACTTATCCGTGG,5
CTGAACTTATCTGTTG,5
CTGAACTTGTAGATAT,5
CTGAGGGACTCAACTC,5
CTGAGGGATTCAAATC,5
CTGGAGGCCTGACCCC,5
CTGGGGGCCTGGCCCC,5
CTTAGGTATTATATGA,5
CTTATAGAATACTAGA,5
GAAAACAGTGTAGTTG,5
GAAAGCCCAGTGCAAT,5
GAAAGTCCCTATGATT,5
GAAGTACGCCGAATGA,5
GACAAAAGGGACAGAT,5
GACCCTGCAAGCCACT,5
GAGAAGTTTCATAGCG,5
GAGAGATGCAGAAGCG,5
GAGAGCTGCAGAAGCA,5
GAGAGCTGCGGAAGCG,5
GAGGGATAGAGATACG,5
GAGGGGCAGAGATACG,5
GATAACGCAGAAAAAG,5
GCAAGCAAAGTTGACC,5
GCAGCGTGCCGGTAAT,5
GCATCCTCAACTCATA,5
GCATGGAACTAACTCA,5
GCCAGCTCGCATCCCT,5
GCGAAGTTTCATATCG,5
GGATCCCAGGTCCTTT,5
GGCATAGGGATATGTG,5
GGGGAAATGTAAATGA,5
GGTCCATCTCAGGTCG,5
GGTCTATCTCAGATCG,5
GTACAAGCCTGCAAAT,5
GTACCCAGTTCCTTCG,5
GTACGAACCTGCAAAT,5
GTACGCAGTTCCTGCG,5
GTAGAAACCTGCAAAT,5
GTAGAACTGCGTCCCC,5
GTCAGCTCGTATCCCT,5
GTGCGAGTGTCCGGAA,5
GTGCGATTGTCCTGAA,5
GTGGGATCAAGCCGGG,5
GTGGTACCAAGCCGGG,5
TAACGTGATCTCTCGA,5
TAACGTGATTTATCGA,5
TAACGTGATTTCTAGA,5
TACCCTGCAAGACACT,5
TACCCTGCAAGCCGCT,5
TACCCTGCGAGCCACT,5
TACGGCCGGCGAACTC,5
TACTAGCAAGAAAATC,5
TACTGATAACCCTTCG,5
TAGCTGATAGTAACTA,5
TATACTCACGTAGGAT,5
TATCGCCATCGACTTC,5
TATGTCGCATCCACAG,5
TATGTGGAGCCCAACA,5
TCAATAGGGGGCTAAA,5
TCATGGGTGTACGAGG,5
TCATGGGTGTATGAGA,5
TCATGGGTTTACGAGA,5
TCCAGCGCGGTGAGAG,5
TCCGGAAACGATCCCC,5
TCGAGTTGATATGCGC,5
TCGTCCGTTGGGAAAT,5
TCGTCCGTTGGGAACG,5
TCTTAGAGTGAATGAT,5
TCTTAGTCCTCGGATG,5
TCTTAGTCCTCTTATG,5
TCTTATTAGGTGGCAT,5
TCTTATTAGTCGGCAT,5
TCTTTACCACTGCATA,5
TGACTCCACGGACGCC,5
TGCAGTGGTATAAATA,5
TGCGGTGGTCGATCCA,5
TGCTATTACGGCGCGG,5
TGCTATTCCGGAGCGG,5
TGCTATTCCGGCACGG,5
TGCTATTCCGGCGTGG,5
TGGAGTATGAAGAGCG,5
TGGTCCGCTTCATACT,5
TGTGACCCCCTCCAAC,5
TGTGGAGCGCCCCTAC,5
TGTGGAGCGCCCTTGC,5
TTACGAATTTGATTCT,5
TTATCTGCAGAGCGCT,5
TTATCTGTAGAGCGCG,5
TTCTGTCCAGAATCGT,5
TTCTGTCCAGACTCAT,5
TTGGGGAACGTGAAGC,5
TTGGGGAGCGGGAAGC,5
TTGGTGAACGGGAAGC,5
TTGTGGAACGGGAAGC,5
TTTATATCGAGATTCG,5
TTTCAGCGTTGTTTCG,5
TTTGTATCCAACACCA,5
AAAAAAGTTATGACAA,4
AAAAAATGTATGACAA,4
AAAAAATTCATGACAA,4
AAAAATCTACGGCGAC,4
AAACCCATAAGAACCC,4
AACAGAAGCCCATGTA,4
AACAGAAGTCCATGTG,4
AACCACCAAGTGACCG,4
AACCACCCCAGAGAGG,4
AACCACCGAGTGAGCG,4
AACCCCGGAGCTTGGC,4
AACCTATGAGACGTAA,4
AACGACAAACAGCAAG,4
AACGACAAACAGTAAA,4
AACGGTTACGACTAAG,4
AACTGCTTTCATCGAT,4
AACTTCCCTGAATGCT,4
AACTTCCCTGACTACT,4
AAGAAGATATAGAAGT,4
AAGAAGCCATAGAAGT,4
AAGAAGCTAGAGAAGT,4
AAGAGCTGCAGAAGCG,4
AAGAGGTGATGTGATT,4
AAGATTGATTGAAGGT,4
AAGGGGCCTCAGAATG,4
AAGGGTCCTCATAATG,4
AAGTATGATTTTCGAG,4
AATACAGAGTTTGTTG,4
AATAGCTGGCACCCGT,4
AATCGCCGGCACCCGT,4
AATCGCTGGCACCAGT,4
AATCGCTGGCACCCGC,4
AATCGCTGGCACCCGG,4
AATCGCTGGCACCCTT,4
AATCGCTTGCACCCGT,4
AATGAAACAATCGAAT,4
AATGCGAGCATGACAA,4
AATTAGTGAGTACTAG,4
AATTCGTGAGGACTAG,4
AATTCGTGAGTACCAG,4
AATTCGTGAGTACTAT,4
ACAAGGGTTGGCTGTA,4
ACAATCTGAACCATAT,4
ACAGTCCAACATTGAG,4
ACAGTCCACAATTGAG,4
ACAGTCCATCATTGAG,4
ACATGGAACTAACTCC,4
ACCAGCAATGAGTTGC,4
ACCCCAGGAGCTTGGC,4
ACCCCGGGAGCTTGGC,4
ACCGAATGAAGCATCC,4
ACCGAATGAATCATAC,4
ACCGAATGAATCGTCC,4
ACGGGGATTGGCTGTG,4
ACGTATGATTTTCGAT,4
ACGTATTATTTTCGAG,4
ACGTCCATTAAGATCT,4
ACGTCCGTTGGGAACT,4
ACGTGCCTCCGAGCAA,4
ACGTGTGATTTTCGAG,4
ACTACGAGGCTAAGTA,4
ACTACGAGTCTACGTA,4
ACTCCGAATGGGGTAG,4
ACTCTGGATCGCTAAT,4
ACTGTCTAGAGATTTT,4
ACTGTCTATAAATTTT,4
ACTTTCTAGAAATTTT,4
AGAAAATCTCAGGTAC,4
AGATCCAAGGTCCTTT,4
AGATCCTGGGGTATCA,4
AGATGAATTAAGTATG,4
AGCACCTAACAGATAG,4
AGCAGAAGTCCATGTA,4
AGCATCTAAAAGATAG,4
AGCATCTAACGGATAG,4
AGCCACCGAGTGACCG,4
AGCCCATTCTGGGGAT,4
AGCTCCTGGGGTACCA,4
AGCTCCTGGGGTATCG,4
AGCTGAATTAAGTAAG,4
AGGAAAGAAACGGGAG,4
AGGAAAGAAACTGTAG,4
AGGAAGCTATAGAAGT,4
AGGAAGGAAACTGGAG,4
AGGAGTATGAAGAGAG,4
AGGGAACATACATAAC,4
AGGGGACAAGATTGTA,4
AGTATCTAACAGATAG,4
AGTATTTGCGCTTCAT,4
AGTATTTTCGCTTCAA,4
AGTCGTTTAGACAGTT,4
AGTCGTTTAGATATTT,4
AGTGGTGAATAGGCGA,4
AGTGTTGAAGAGGCGA,4
AGTTTCAGACTCTTGC,4
ATAAATGAGGGCATTG,4
ATAACGTTTGTGTAAA,4
ATAACTGAGGGCATCG,4
ATAACTTTTGTGCAAA,4
ATACACGCATGTACCA,4
ATAGTATATATGGCTG,4
ATCAGGATAATCGCTC,4
ATCAGTATAATCGCGC,4
ATGAGATTATAACGTA,4
ATGAGCTGCCAATAAG,4
ATGAGGGATTCAACTC,4
ATGAGGGCTACGTGAG,4
ATGGGATTGGATAAAC,4
ATGGTATCAAGCCGGG,4
ATGTACCTGCAGTTGA,4
ATTAGATTATAAAGTA,4
ATTAGGGATACGTGAG,4
ATTCCAAATGGGGTAG,4
ATTCCGAATTGGGTAG,4
ATTTGGGGTCTCCCTT,4
CAAATGCTGCATTAGT,4
CAAATGCTTCATTAGG,4
CAATAGATGTACAGTC,4
CAATTAGAAATACGTA,4
CACCACCAGCACCTAG,4
CACGACACCCTTCCGG,4
CACGGCAGGCGAACTC,4
CACGGGCTAATTTCTC,4
CACTAATGCCGTTGTC,4
CACTAGATGTAAAGTC,4
CAGGCTCCAGAGCTCT,4
CAGGCTCTAGAGATCT,4
CATGACCCCCTCCAAC,4
CATGTCGTATCCACAG,4
CATTGAGACGCGCGAG,4
CATTGAGACGCTCAAG,4
CCAACACAAAAAAGTA,4
CCAAGCTTGGAGCATC,4
CCAAGCTTGGCGCATT,4
CCAAGCTTGTCGCATC,4
CCCTATGAAATAATCT,4
CCCTGAGCGGCTCGGG,4
CCCTGCGCGGCGCGGG,4
CCCTGCGCGGCTCGAG,4
CCCTTTACTGATCTCT,4
CCGAACGAAGTAGGAG,4
CCGGAGAAATCAGAAC,4
CCGGATAAAGCAGAAC,4
CCGGATAAATCAGAAT,4
CCTGGATTAAGTTGTG,4
CCTGGGGTAAGTTGTG,4
CCTGGGTTAAGGTGTG,4
CCTGGGTTAAGTTGGG,4
CCTTGATGCATTCCTG,4
CCTTTATGCATTCCCG,4
CGAAACATGTCCCAGT,4
CGCACAGTGTAATCGA,4
CGCACTTTAAGAGACA,4
CGCACTTTACGATACA,4
CGCAGCATTTGTCGCC,4
CGCGACACCCTTCCAG,4
CGGACCCCAGATGGTA,4
CGGACCCTAGACGGTA,4
CGGACCCTAGATGATA,4
CGGGAAATGTAAGTGA,4
CGGGAAATGTGAATGA,4
CGGGAACATACATAAT,4
CGGGTACCCTTCAGCA,4
CGGTAGGGACTCATCT,4
CGGTCGGGACTCATCA,4
CGTGGACCCTTCAGCA,4
CGTGTACCTTTCAGCA,4
CGTGTACTCTTCAGCA,4
CTAGCACAGCGTAGGT,4
CTAGCACAGCGTAGTC,4
CTAGCACAGCGTGGGC,4
CTATATTACCCGGAAG,4
CTATATTGCCCGGGAG,4
CTATATTGTCCGGAAG,4
CTATCTGTAGAGCGCT,4
CTATTAGAAATACATA,4
CTCAAATAATTGGCTC,4
CTGAGCTGCAAATAAG,4
CTGATCTGCCAATAAG,4
CTGATGGATTCAACTC,4
CTGGAAATGTAAATGA,4
CTGGAGTCCTGGCCCC,4
CTGTACCCGCAGTTGA,4
CTGTAGGCCTGGCCCC,4
CTTACGGAATACTAGA,4
CTTAGCTGCCAATAAG,4
CTTCAGCGTTGTTTTG,4
CTTCGTCTCTTGATTA,4
CTTCTGCTCTTGATTA,4
CTTTAAATTATAGTAT,4
CTTTCAGCGATAACGG,4
CTTTTCTATTACGCTT,4
GAAACGAGGTGTAACC,4
GAAAGTCCCTATGACG,4
GAAAGTCCCTATGAGG,4
GAAGAAACTATAACCT,4
GAAGTGAGTATTGAGT,4
GAATAATAGAACAGGG,4
GAATCCTCAACTCCTA,4
GACATTTACTGAAGGG,4
GAGAGCGGCAGAAGCG,4
GAGGGCTGCAGAAGCG,4
GAGGGTTAGAGATACG,4
GATAGCCATCGACTTC,4
GATCACCACTGATAAG,4
GATCGCCACTGATGAG,4
GATCGCCATAGACTTC,4
GATCGCCATCGACTGC,4
GATCGCTGGCACCCGT,4
GATCTCCATCGACTTC,4
GATCTTGGGTAGAGTC,4
GATGGGTAGAGATACG,4
GCAGAACTGCGGCCCC,4
GCAGCGTACCGGTCAT,4
GCATCCTCAACTCCCA,4
GCATGGAACCAACTCC,4
GCATGGAACGAACTCC,4
GCATGGAACTAAATCC,4
GCATGGGACTAACTCC,4
GCATTCTCAACTCCTA,4
GCCAGATCGTATCCCT,4
GCCAGCTCATATCCCT,4
GCCAGCTCGTATCCAT,4
GCCATTTACGGAAGGG,4
GCCCAAAGGATCATGA,4
GCCGATTCACGAATAA,4
GCCTAAGGGATCATGA,4
GCGAAGTTTCATAGTG,4
GGATAATAGAACAGAG,4
GGCATCTAACAGATAG,4
GGGACTATAGTTGGCA,4
GGGCCCGTAAGGACTA,4
GGGTTCAGACTCTTGC,4
GGTCCACCTCAGATCG,4
GGTCCATCTCAAATCG,4
GGTCCATCTCAGATTG,4
GGTGTTGGCTTGGTTA,4
GTAAACAAAGTTGACC,4
GTAAGCAAAGTTGGCC,4
GTAATTCGTATGCGGA,4
GTACAAACCTGGAAAT,4
GTACAAATCTGCAAAT,4
GTAGAACTGCGGCCAC,4
GTAGAACTGCGGCCTC,4
GTAGGCAAAGTTGACC,4
GTCGACGCTAATCCGA,4
GTCGCATCCTGGAAGG,4
GTCGCATCCTGGAATT,4
GTCGCATCCTTGAATG,4
GTCTCCGCTAATCCGA,4
GTGAGTGAGAAAAGCA,4
GTGCGATTGTCCGTAA,4
GTGGTGTCAAGCCGGG,4
GTTCGATTGTCCGGAA,4
TAAATGCTGCATTAGG,4
TAACGTGATTTCTCTA,4
TACCCTGCAAGCCATT,4
TACCTGCTGCGGAACA,4
TACGTCGTATCCACAG,4
TACTAATGCCGTGGTC,4
TACTAATTCCGTTGTC,4
TACTCCTAACTAGCGA,4
TACTGATAACCCTGCT,4
TACTGATGACCCTGCG,4
TAGAACGAAGTAGGAG,4
TAGAGCTGCAGAAGCG,4
TAGCATTGTCTGAAAG,4
TAGCATTGTTGGAAAG,4
TAGGGGTAGAGATACG,4
TATACTCACGGATGAT,4
TATCTCGTATCCACAG,4
TATCTTGGGGAGAGTC,4
TATGGGAATTGCCACT,4
TATGTCGTAGCCACAG,4
TATTAAGAGAAGTGCA,4
TCAACGAGGTGTAACC,4
TCAATCGGGGGATAAA,4
TCATCCTCAACTCCTA,4
TCCAGCGCGGTAAGGG,4
TCCAGCGCGGTAATAG,4
TCCAGCGCGTTAAGAG,4
TCCAGCGTGGTAAGAG,4
TCGAACGAAGTGGGAG,4
TCGAGCGAAGTAGGAG,4
TCGTGTCTCCGAGCAA,4
TCTAACGAAGTAGGAG,4
TCTAACTCTTGCGGCA,4
TCTGGAAACGATCCCT,4
TCTTAGAGTTAACGAT,4
TCTTAGTACTCGTATG,4
TCTTAGTCCCCGTATG,4
TCTTATTAGACGGCAT,4
TCTTATTGGGCGGCAT,4
TCTTCCGTTGGGAACT,4
TCTTGACATAGAGATG,4
TGACAACAATACAAAA,4
TGAGTTAATAGCTCCA,4
TGAGTTCATAGCTCAA,4
TGATCTGTGACATTGA,4
TGCAGTGGGATACATA,4
TGCGGTGGTCAATCCG,4
TGCGGTGGTCGATCCT,4
TGCGGTGGTCGATCTG,4
TGCTATTCCGGTGCGG,4
TGGAATCGTCACCTAT,4
TGGTCCACTTCATGCT,4
TGGTCCTCTTCATGCT,4
TGGTCGGGACTCATCT,4
TGTAATAGGCGTAACA,4
TGTAGTAGGCGTCACA,4
TGTGGAGCGCCCTTAA,4
TGTGGAGCTCCCTTAC,4
TGTGTAGCGCCCTTAC,4
TGTTATTCCGGCGCGG,4
TGTTGAGCAAGTCTGA,4
TGTTGAGCCAGTCTGT,4
TTAATGTAGCCGCTCA,4
TTACCCAGTTCCTGCG,4
TTACGAATTTGATTCA,4
TTACTAATTTGATTCC,4
TTATCTGGAGAGCGCT,4
TTATCTGTAAAGCGCT,4
TTATCTGTAGGGCGCT,4
TTATCTTAATCTACAG,4
TTCTATTCCGGCGCGG,4
TTCTGTCCAGACTCTT,4
TTGAGCTGCCAATAAG,4
TTGCAAGTGAAACATA,4
TTGCGAATTTGATTCC,4
TTGGGAAACGGGAAGC,4
TTGGGGAACGAGAAGC,4
TTGGGGAACGGAAAGC,4
TTGGGTAACGGGAAGC,4
TTGGTATCAAGCCGGG,4
TTGTATCAGTCGAGCC,4
TTGTATCAGTCGCACC,4
TTGTATCAGTCGCTCC,4
TTGTATCAGTCTCGCC,4
TTGTCCGCTTCATGCT,4
TTGTCTGTAGAGCGCT,4
TTTAAGCGTTGTTTTG,4
TTTCACAGAACCGATC,4
TTTCAGCGTTGTTTTT,4
TTTCATCGTTGTTTTG,4
TTTCGGCGTTGTTTTG,4
TTTCGTGATACTCACG,4
TTTCGTTATACTCACA,4
TTTCTCCTGAGTAGTA,4
TTTGGGAACGGGAAGC,4
AAAAAATTTACGACAA,3
AAAAAGTATGGTAGTA,3
AAAAGATTCGGGGGAC,3
AAAATCCCCAAATAAC,3
AAAATCTGAACCATAC,3
AAACCCATAAGACCAC,3
AAACCCATAATACCCC,3
AAACCCATAGGACCCC,3
AAACGGGTTGGCTGTA,3
AAAGATCTTTTCGTTC,3
AAAGCTCTTTTCTTTC,3
AAAGGCGCGCCTGCAA,3
AAATCTCTTTTCGTTC,3
AAATGCGTTCATCGAT,3
AAATTCATAATATCCA,3
AAATTCCCTGACTGCT,3
AAATTTTCCAATAGGT,3
AACAAGTAGAACCGCC,3
AACAGAAGTACATGTA,3
AACAGAAGTCAATGTA,3
AACAGAAGTCCATGGA,3
AACAGCAATGAGTTGT,3
AACAGGATAATCGCGC,3
AACCACAAACAGTAAG,3
AACCACCGAGGGACCG,3
AACCACCGAGTTACCG,3
AACCAGCGAGTGACCG,3
AACGACAAACATTAAG,3
AACGACGAACAGTAAG,3
AACGGAAGTCCATGTA,3
AACGGTTCAGACTAAG,3
AACGGTTCCAACTAAG,3
AACGGTTCCGACTAAT,3
AACGGTTCCTACTAAG,3
AACGTTTCCGACTAAG,3
AACTCCCCTGACTGCT,3
AACTGATAACCCTGCG,3
AACTGCGTTCATCAAT,3
AACTGTGTTCATCGAT,3
AACTTCACTGACTGCT,3
AACTTCCCTGACTGCA,3
AAGCGGTGATGTTATT,3
AAGGCTCTAGAGCTCT,3
AAGGGGCCGCATAATG,3
AAGGGGTCTCATAATG,3
AAGTCCATTAAGATCA,3
AAGTTAAGAGAAGGTT,3
AAGTTATTAGACCCAC,3
AATCACCGAGTGACCG,3
AATCACTGGCACCCGT,3
AATCGCTGGCAACCGT,3
AATGAAACAATCCAAC,3
AATGCGAACATGTCAA,3
AATGGTTCCGACTAAG,3
AATTCGTGAGTAATAG,3
AATTCTTGAGTACTAG,3
AATTGAGACGCGCAAG,3
AATTGCTGGCACCCGT,3
ACAAGATTAGGGGGAC,3
ACAAGATTCGGGGAAC,3
ACAATATGAACCATAC,3
ACAATCTGGACCATAC,3
ACACCCGGAGCTTGGC,3
ACACGGGTTGGCCGTA,3
ACACGGGTTGGCGGGA,3
ACACGGGTTGTCTGTA,3
ACAGAATGAATCATCC,3
ACAGGATTCGGGGGAC,3
ACAGTACTATCTACGC,3
ACAGTCAACCATTGAG,3
ACAGTCCACCACTGAG,3
ACATATGATTTTCGAG,3
ACATGGGTGTACGAGA,3
ACATTTTACAATAGGT,3
ACATTTTCCAATGGGT,3
ACCACCGGAGCTTGGC,3
ACCAGCAATAAGTTGT,3
ACCAGCAATGAGTCGT,3
ACCAGCAATGAGTTTT,3
ACCAGCGCGGTAAGAG,3
ACCCCCGGAGATTGGC,3
ACCCCCGTAGCTTGGC,3
ACCGAATGAATCATCA,3
ACCGATTCAAGAATAA,3
ACCGATTCACGAGTAA,3
ACCGATTCACTAATAA,3
ACCGGCAATGAGTTGT,3
ACCGTTGTACACACCG,3
ACCGTTGTACACACCT,3
ACCTAAAGGATCATGA,3
ACGAAGTTTCATAGCG,3
ACGATCTGAACCATAC,3
ACGGGATTGGAGAAAC,3
ACGGGGAGTGGCTGTT,3
ACGGGGATTGGATGTT,3
ACGGGGATTGGCTTTT,3
ACGTATGATGTTCGAG,3
ACGTATGATTTTAGAG,3
ACGTATGATTTTCGGG,3
ACGTATGATTTTCTAG,3
ACGTCCATTAAGGTCA,3
ACGTGTATCCGAGCAA,3
ACGTGTCGCCGAGCAA,3
ACGTGTCTCCAAGCAA,3
ACGTGTCTCCGAGCAG,3
ACGTGTCTCCGATCAA,3
ACTACGAGGCTACATA,3
ACTAGCAATGAGTTGT,3
ACTCTGGCGCGCTAAT,3
ACTCTGTCTCGCTAAT,3
ACTGTCGAGAAATTTT,3
ACTGTCTAGAAATGTT,3
ACTGTCTGGAAATTTT,3
ACTTATTAGGCGGCAT,3
AGAAAATCTCAGATCG,3
AGAAAATTTATGACAA,3
AGAAGTATGAAGAGCG,3
AGACCATGCTGGGGAT,3
AGACTCCACGGACGCC,3
AGAGACATCGCCCTTT,3
AGATACACCCTATAGT,3
AGATCACAGGTCCTTT,3
AGATCCACCCTATATT,3
AGATCCCAGGTCCTGT,3
AGATCCCGGGTCCTTT,3
AGCATAGGGATATGCG,3
AGCATAGGGATATGTC,3
AGCATAGGGATATGTT,3
AGCATAGGTATATGTG,3
AGCCCAGGCTGGGGAT,3
AGCTACTGGGGTATCA,3
AGCTCCGGGGGTATCA,3
AGCTCCTGGGGTAGCA,3
AGCTCCTGGGGTATAA,3
AGCTCCTGGGTTATCA,3
AGCTCCTGTGGTATCA,3
AGCTGAATTAAGCATG,3
AGCTGAATTAAGTAGG,3
AGCTGAATTAAGTATT,3
AGGAAAGAAAATGGAG,3
AGGAGAGAAACTGGAG,3
AGGAGGATGAAGAGCG,3
AGGAGTACGAAGAGCG,3
AGGAGTATGAAGAGCA,3
AGGAGTATGAAGAGGG,3
AGGAGTATGAAGATCG,3
AGGAGTATGAGGAGCG,3
AGGAGTGTGAAGAGCG,3
AGGCACGTAAGGACTA,3
AGGCCCGTAAGGAATA,3
AGGCGGTGATGTGATT,3
AGGGGATTGGAGAAAC,3
AGGGGTATGAAGAGCG,3
AGGTTCAGACTCCTGC,3
AGGTTCAGACTCTTAC,3
AGTATTTGTGCTTCAA,3
AGTGTGGGCTTGGTTA,3
AGTGTTGAATTGGCGA,3
AGTGTTGACTTGGTTA,3
AGTGTTGAGTAGGCGA,3
AGTGTTGGCTCGGTTA,3
AGTGTTTGCTTGGTTA,3
AGTTCCTGGGGTATCA,3
AGTTGGGGTCCCCCTT,3
AGTTGGGGTCTCCCTC,3
ATAAAGTTTGTGCAAA,3
ATAACGTTTGTGAAAA,3
ATAACGTTTGTGCAAG,3
ATAACGTTTGTGCAAT,3
ATAACGTTTGTGCAGA,3
ATAACTGAGGGAATTG,3
ATAACTGAGGGCATTT,3
ATAACTGATGGCATTG,3
ATAACTGGGGGCATTG,3
ATAAGCAAAGTTGACC,3
ATAAGGATAATCGCGC,3
ATACACACATGTGCCA,3
ATACACGATGTTGTGA,3
ATACACTAGGTTGTGA,3
ATACATGAGGTTGTGA,3
ATACCCAGTTCCTGCG,3
ATAGAACTGCGGCCCC,3
ATAGGATATATGGATG,3
ATAGTCCACCATTGAG,3
ATCAAGTTACGGATGG,3
ATCATCTAACAGATAG,3
ATCCCGAATGGGGTAG,3
ATCGGGATAATCGCGC,3
ATCTCCTGGGGTATCA,3
ATGAACTTGTCGATAT,3
ATGACTGAGGGCATTG,3
ATGAGTATGAAGAGCG,3
ATGGACCACGGGCATA,3
ATGGCCCACGTGCATA,3
ATGGGATCGGAGAAAC,3
ATGGGATTGAAGAAAC,3
ATGGGGCCTCATAATG,3
ATGGTATTGGAGAAAC,3
ATGGTCCACGGGCATA,3
ATGGTTTTAAGTCCAT,3
ATGTCCATTAAGATCA,3
ATGTCCCACGGGCATA,3
ATGTGATTGGAGAAAC,3
ATGTGTCTCCGAGCAA,3
ATGTTCAGACTCTTGC,3
ATTACAGAATACTAGA,3
ATTACCATATCTAATA,3
ATTAGACTATAACGTA,3
ATTAGATTATAACATA,3
ATTAGATTATAACGTG,3
ATTAGATTGTAACGTA,3
ATTAGGATAATCGCGC,3
ATTAGGTATTACATGC,3
ATTAGGTATTATATGC,3
ATTAGGTCTACGTGAG,3
ATTATCATATATAATA,3
ATTATCATATCTAATG,3
ATTCCGAATGGAGTAG,3
ATTCCGAATGGGGTAT,3
ATTCCGGATGGGGTAG,3
ATTCGGAATGGGGTAG,3
ATTCGTGATACTCACA,3
ATTGCTCCGACACGCC,3
ATTTAAATTCGGGGAC,3
CAAAGCTTGGCGCATC,3
CAAATGCTCCATTAGG,3
CAATTCGAAATACATA,3
CACCACCGAGTGACCG,3
CACCATCAGCACATAG,3
CACCATCGGCACCTAG,3
CACCGCGCCGAGAACC,3
CACGGGCCAATGTCTC,3
CACGGGCTAATGGCTC,3
CACTAGATGGACAGTC,3
CACTAGATGTACAGGC,3
CACTTTACGGATCTCT,3
CAGAACCTAGTTGTCT,3
CAGAACCTCATTGTCT,3
CAGAACCTCGTGGTCT,3
CAGAACCTCGTTATCT,3
CAGAACCTCGTTGTCG,3
CAGAACTTATCTGTGG,3
CAGAGAGTGATGAACA,3
CAGGCTATAGAGCTCT,3
CAGGCTCTAGATCTCT,3
CAGGCTCTGGAGCTCT,3
CAGTCTCTAGAGCTCT,3
CAGTTAGAAATACATA,3
CATAAAAGACTGGATA,3
CATACAGAGTCTGTTG,3
CATACAGAGTTCGTTG,3
CATACAGAGTTGGTTG,3
CATACAGAGTTTGTCG,3
CATACAGAGTTTTTTG,3
CATACAGATTTTGTTG,3
CATACAGTGTAATCGA,3
CATACGGAGTTTGTTG,3
CATGAAAGACTGTATA,3
CATGGCCGGCGAACTC,3
CATGGGAATTACCACT,3
CATGGGAATTGCAACT,3
CATGTTGAGCCCAACA,3
CATTGAGAAGCGCAAG,3
CATTGAGACGAGCAAG,3
CATTGAGACGCGAAAG,3
CATTGAGACGCGCAGG,3
CATTGAGACGGGCAAG,3
CATTGGGACGCGCAAG,3
CATTTTTGGTTCGAGG,3
CCAAAACAAAAAATTA,3
CCAACAAAAAAAATTA,3
CCAACACAAAAAATTG,3
CCAACGCAAAAAATTA,3
CCAAGCTGGGCGCATC,3
CCAAGCTTGGCGAATC,3
CCAAGCTTGGCTCATC,3
CCCAAATAATTGGCGC,3
CCCCTCCTCTAAATTT,3
CCCTACGAAATAAGCT,3
CCCTATGAAATAAGCC,3
CCCTATGAAATAAGTT,3
CCCTATGAGATAAGCT,3
CCCTGCACGGCTCGGG,3
CCCTGCGCGGCTCAGG,3
CCCTGCGCGGCTCGGC,3
CCCTTTAAGGATCTCT,3
CCCTTTACGGATATCT,3
CCCTTTACGGATCCCT,3
CCGAACTTGTCGATAT,3
CCGGATAAATCAGAGC,3
CCGTATAAATCAGAAC,3
CCTCGATGCATTCCCG,3
CCTGGGTCAAGTTGTG,3
CCTGGGTTAAGCTGTG,3
CCTGGTTTAAGTTGTG,3
CCTTGATACATTCCCG,3
CCTTGATGCAGTCCCG,3
CCTTGATGCATTCCCA,3
CGAAACACGTCCAAGT,3
CGAAACACGTCCCATT,3
CGAATGCTGCATTAGG,3
CGACTCCACGGACACC,3
CGACTCCACGGACGCA,3
CGAGAAATGTAAATGA,3
CGCAGCATTGGTCGCA,3
CGCGGGCTAATGTCTC,3
CGGAAACATACATAAC,3
CGGACCCAAGATGGTA,3
CGGACCCTAAATGGTA,3
CGGACCCTAGATTGTA,3
CGGACCTTAGATGGTA,3
CGGCCAGGGGATCAAA,3
CGGGAAAGGGAAATGA,3
CGGGAAATTTAAATGA,3
CGGGAGCATACATAAC,3
CGGGCCCTAGATGGTA,3
CGGGGAAAAGATTGTA,3
CGGGGACATGATTGTA,3
CGGGTAATGTAAATGA,3
CGGTCGGGACTCACCT,3
CGGTCGGGACTCAGCT,3
CGGTCGGGACTCATAT,3
CGGTCGGGACTCATCG,3
CGTACAGTTTAATCGA,3
CGTGAAATGTAAATGA,3
CGTGACACCCTTCCGG,3
CGTGACCCCCCCCAAC,3
CGTGACCCCCTCCAGC,3
CGTGTGGAGCCCAACA,3
CTAATTTAAGTACCAA,3
CTAATTTAATTATCAA,3
CTAATTTGAGTATCAA,3
CTACTAGGGGACGATT,3
CTAGAACAGCGTAGGC,3
CTAGCAAAGCGTAGGC,3
CTAGCACAGCGTATGC,3
CTAGCACGGCGTAGGC,3
CTATAAACCGTTGGTA,3
CTATAAACCGTTTTTA,3
CTATATTAATCTACAG,3
CTATATTGACCGGAAG,3
CTATATTGCCAGGAAG,3
CTATATTGCCCGAAAG,3
CTATATTGCCCGGAGG,3
CTATCTTAATCTACAA,3
CTATTTAACAGACGGA,3
CTATTTAACAGACTTA,3
CTATTTAACATACGTA,3
CTATTTGACAGACGTA,3
CTCAAAGAATTGGCGC,3
CTCAAATAATTGGCAC,3
CTCTTCTAGTACGCTT,3
CTGAAATTGTCGATAT,3
CTGAACGTGTCGATAT,3
CTGAACTGATCTGTGG,3
CTGAACTTATCTGCGG,3
CTGAGCTGCCAATAGG,3
CTGAGCTTCCAATAAG,3
CTGAGCTTGTCGATAT,3
CTGAGGGATTGAACTC,3
CTGGAGGCCTAGCCCC,3
CTGGATGCCTGGCCCC,3
CTGGGACAAGATTGTA,3
CTGGGATTGGAGAAAC,3
CTGGGGGATTCAACTC,3
CTGTACATGCAGTTGA,3
CTGTACCTACAGTTGA,3
CTGTACCTTCAGTTGA,3
CTTAAAGAATACTAGA,3
CTTACAGAACACTAGA,3
CTTACAGAATAATAGA,3
CTTACAGAATACTAGG,3
CTTACTGCGAGAGAGT,3
CTTACTGTGCGAGAGT,3
CTTAGGTATTACATGT,3
CTTAGGTATTATGTGC,3
CTTCGGATCTTGATTA,3
CTTCGGCCCTTGATTA,3
CTTCGGCTCTTGGTTA,3
CTTTACCTGCAGTTGA,3
CTTTTCTAGGACGCTT,3
CTTTTCTAGTACACTT,3
GAAAGCCCCGGGCAAT,3
GAAAGCCCCGTGTAAT,3
GAAAGTCCATATGATG,3
GAAAGTCCCCATGATG,3
GAAAGTCCCGATGATG,3
GAAATCACCAAATAAC,3
GAAATCCACAAATAAC,3
GAAATCCCCGTGCAAT,3
GAAGAAAATATAACCA,3
GAAGAAACTATAACAA,3
GAAGAATAGAACAGAG,3
GAAGCGTGCCGGTCAT,3
GAAGCTCTTTTCGTTC,3
GAAGGGATGGGCACGT,3
GAAGGGTAGAGATACG,3
GAAGTACGCTAAATGA,3
GAAGTACGTTGAATGA,3
GAAGTGCGTATTGGGT,3
GAAGTTCGTATTGAGT,3
GAATAATACAACAGAG,3
GACAAAAGGGACATAC,3
GACAAAAGGGACATAG,3
GACAGAAGTCCATGTA,3
GACAGGATGGGCACGT,3
GACCCCCTGTAAGATG,3
GACCCCTCGTAAGATG,3
GACCCCTGGTAAGATG,3
GACGGGATGGGAACGT,3
GACTAGATGTACAGTC,3
GAGATTGATTGAAGTT,3
GAGCTTGATATGGATC,3
GAGCTTTCTATGGATC,3
GAGGGGTAGAAATACG,3
GAGGGGTAGAGAAACG,3
GAGGGGTAGAGACACG,3
GAGGTATCAAGCCGGG,3
GAGTTAAGAGAAAGTT,3
GATCACGCAGAAAAAT,3
GATCACGCATAAAAAG,3
GATCACGTAGAAAAAG,3
GATCACTCAGAAAAAG,3
GATCGCCATCGACCTC,3
GATCGCCATCTACTTC,3
GATCTTGGGGATAGTC,3
GCAAGCTCGTATCCCT,3
GCAAGCTTGGCGCATC,3
GCACCCAGTTCCTGCG,3
GCAGCGTGCCGGGCAT,3
GCAGTGTGCCGGTCAT,3
GCATCCCCAACTCCTA,3
GCATCCTCATCTCCTA,3
GCATGGAACTAACCCC,3
GCATTGAACTAACTCC,3
GCCAAGTTACGGATGG,3
GCCAGCAATGAGTTGT,3
GCCAGCTCGTATCACT,3
GCCAGCTCTTATCCCT,3
GCCATTTACTGAGGGG,3
GCCGAATGAATCATCC,3
GCCGGCGTTAGTGTCT,3
GCCTAAAGGATAATGA,3
GCCTAAAGGATCATTA,3
GCCTAAAGGGTCATGA,3
GCCTGCGCGGCTCGGG,3
GCCTTTGCGCACAGTC,3
GCCTTTGCGCGAAGTC,3
GCCTTTGCGCGCAGTA,3
GCGAACAGTGTAGTTG,3
GCGAAGTTGCATAGCG,3
GCGAAGTTTAATAGCG,3
GCGAAGTTTCATAGCA,3
GCGAAGTTTCGTAGCG,3
GCGAGGTTTCATAGCG,3
GCGGGGATTGGCTGTT,3
GCGGTATCAAGCCGGG,3
GCTAAGTTTCATAGCG,3
GGACAAACCTGCAAAT,3
GGAGAAACTATAACCA,3
GGAGTGCGTATTGAGT,3
GGCAAAAGGGACATAT,3
GGGGAACATACATAAC,3
GGTACAGAGTTTGTTG,3
GGTCCATCCCAGATCG,3
GGTCCATCTCAGACCG,3
GGTCCATCTCAGAGCG,3
GGTCCGTCTCAGATCG,3
GGTGTTGAATAGGCGA,3
GGTTAACTTTGGGAGC,3
GTAAAGTTACGGATGG,3
GTAAGCAAAGTTGAAC,3
GTAAGCAAGGTTGACC,3
GTAATTAGCATGCGGA,3
GTAATTCGCATGAGGA,3
GTAATTCTCATGCGGA,3
GTAATTTAAGTATCAA,3
GTACAAACCTCCAAAT,3
GTACCCAGTCCCTGCG,3
GTACCCGGTTCCTGCG,3
GTACGATTGTCCGGAA,3
GTAGAACTGCGGCACC,3
GTAGAACTGCGGCCCG,3
GTAGAACTGCGGCCCT,3
GTATAACTGCGGCCCC,3
GTATCCAGTTCCTGCG,3
GTATGGAACTAACTCC,3
GTCAAGCTACGGATGG,3
GTCAAGGTACGGATGG,3
GTCAAGTTATGGATGG,3
GTCAAGTTGCGGATGG,3
GTCAATTTACGGATGG,3
GTCAGGTTACGGATGG,3
GTCGCATCCGGGAATG,3
GTCGCCGCTAATCCAA,3
GTCGCCGCTAGTCCGA,3
GTGAACTTATCTGTGG,3
GTGAGCGAGAAAAGTA,3
GTGAGCGAGAAAATCA,3
GTGAGCTGCCAATAAG,3
GTGCGATTGGCCGGAA,3
GTGCGATTGTACGGAA,3
GTGCGATTGTCTGGAA,3
GTGGAACTGCGGCCCC,3
GTGGAGGCCTGGCCCC,3
GTGGCATCAAGCCGGG,3
GTGGCCCACGGGCATA,3
GTGGTAGCAAGCCGGG,3
GTGGTATCAAGCCGCG,3
GTGGTATCAAGTCGGG,3
GTGTACCTGCAGTTGA,3
GTTGATCCGACACGCC,3
GTTGCTCCGACACTCC,3
TAAAAATCCTCCATGA,3
TAAAGTCCCTATGATG,3
TAAATCGGGGGCTAAA,3
TAACGTGATTCCTCGA,3
TAACGTGATTTCCCGA,3
TAACGTGATTTCTCAA,3
TAACGTGATTTCTCGG,3
TAACTGCTGCGGAACG,3
TAACTTGATTTCTCGA,3
TACAGAAGTCCATGTA,3
TACCAATGCCGTTGTC,3
TACCAATGTCATTCGA,3
TACCAATGTCATTTGG,3
TACCAATTTCATTTGA,3
TACCCTGCAAACCACT,3
TACCCTGCAAGCCTCT,3
TACCCTTCAAGCCACT,3
TACCGTGCAAGCCACT,3
TACCTGCGGCGGAACG,3
TACCTGCTGCGGAAAG,3
TACGGGATGGGCACGT,3
TACTAATGCAGTTGTC,3
TACTAGATGTACAGTC,3
TACTAGCAATAAAATA,3
TACTATTCCGGCGCGG,3
TACTGATAACCATGCG,3
TACTGATAACCCCGCG,3
TACTGATAACCCTGAG,3
TACTGATAGCCCTGCG,3
TAGAATTGTCGGAAAG,3
TAGCATGGTCGGAAAG,3
TAGCATTGTCGGAAAT,3
TAGCATTGTCGGAGAG,3
TAGCATTGTCGTAAAG,3
TAGTATTGTCGGAAAG,3
TATACTCACGGAGGAC,3
TATACTCACGGGGGAT,3
TATGAAGAGAAGTGCG,3
TATGGAGCGCCCTTAC,3
TATGGCGTATCCACAG,3
TATGTCGGATCCACAG,3
TATGTCGTACCCACAG,3
TATGTCGTATACACAG,3
TATGTCGTATCAACAG,3
TATGTCGTATCCAGAG,3
TATGTCGTATCCGCAG,3
TATTAAGAGAAGTGTG,3
TATTAAGAGAATTGCG,3
TATTGACATAGCGATG,3
TCAAGCTTGGCGCATC,3
TCAATCAGGGGCTAAA,3
TCAATCGGGGGCGAAA,3
TCACGAATTTGATTCC,3
TCACGGGTGTACGAGA,3
TCAGGGGTGTACGAGA,3
TCATGGGTGGACGAGA,3
TCATGGGTGTACTAGA,3
TCCAGCGGGGTAAGAG,3
TCCAGCTCGTATCCCT,3
TCCTATGAAATAAGCT,3
TCCTGTCCAGACTCGT,3
TCGAACGAAGGAGGAG,3
TCGAGTTAATATGCAC,3
TCGAGTTAATATGTGC,3
TCGATTACTAGCTGGA,3
TCGATTACTATCCGGA,3
TCGCTTAAACTAAAAA,3
TCGCTTCGACTAAAAA,3
TCGGGGAACGGGAAGC,3
TCGTCCATTGGGAACT,3
TCGTCCGTCGGGAACT,3
TCGTCCGTGGGGAACT,3
TCGTCGCACTACTGAT,3
TCTAACTATCGCGGCA,3
TCTAACTCCCGCGGCA,3
TCTAACTCTCGCGGCG,3
TCTAACTCTCTCGGCA,3
TCTCGGCTCTTAGCCG,3
TCTCTTCAACTAAAAA,3
TCTGACTCTCGCGGCA,3
TCTTAGAGTGAAAGAT,3
TCTTAGAGTGAACGAA,3
TCTTAGTCATCGTATG,3
TCTTAGTCCTAGTATG,3
TCTTAGTCCTCATATG,3
TCTTAGTCCTCGCATG,3
TCTTAGTCCTCGTGTG,3
TCTTAGTCCTTGTATG,3
TCTTGACAGAGCGATG,3
TCTTGACATAGCGAGG,3
TCTTGACATAGCGATA,3
TCTTGACATATCGATG,3
TCTTGACGTAGCGATG,3
TCTTTACAACTGCATC,3
TCTTTACCACCGCATC,3
TCTTTACCACTGAATC,3
TCTTTACCACTTCATC,3
TGAAGTGGTATACATA,3
TGACAAAAATACAAAT,3
TGATCCTTTACATTTA,3
TGATCTTTTAAATTTA,3
TGCAGTGGCATACATA,3
TGCGGAGCGCCCTTAC,3
TGCGGTGGTAGATCCG,3
TGCGGTGGTCGAGCCG,3
TGCGGTGGTCGATACG,3
TGCGGTGGTCTATCCG,3
TGCTATTCAGGCGCGG,3
TGCTATTCCAGCGCGG,3
TGCTATTCCGGCTCGG,3
TGCTATTCCGTCGCGG,3
TGCTATTCTGGCGCGG,3
TGCTATTGCGGCGCGG,3
TGCTGTTCCGGCGCGG,3
TGGCCAGGGAATCAAA,3
TGGGGGAACGGGAAGC,3
TGTAATAGGCGGCACA,3
TGTAATAGGCGTCACT,3
TGTGATAGGCGTCACA,3
TGTGGAGCACCCTTAC,3
TGTGGAGCGACCTTAC,3
TGTGGAGCGCACTTAC,3
TGTGGATCGCCCTTAC,3
TGTGTTGAATAGGCGA,3
TGTTGGGCCAGTCTGA,3
TTAAGCAAAGTTGACC,3
TTACGAATTTGATCCC,3
TTACGAATTTTATTCC,3
TTATCCGTAGAGCGCT,3
TTATCTGTAGAGTGCT,3
TTATCTTTTACATTTA,3
TTATGAATTTGATTCC,3
TTCAGCGCGGTAAGAG,3
TTCGGTGGTCGATCCG,3
TTCTGCCCAGACTCGT,3
TTCTGTACAGACTCGT,3
TTCTGTCAAGACTCGT,3
TTCTGTCCAGACGCGT,3
TTCTGTCCAGGCTCGT,3
TTCTGTCCATACTCGT,3
TTGAACTTATCTGTGG,3
TTGACTCACAGAATAA,3
TTGACTCACCTAATAA,3
TTGAGGAACGGGAAGC,3
TTGATCCTGAGTAGTA,3
TTGCAATTGAAAAATA,3
TTGCAATTGAAACATG,3
TTGCATCAGTCGCGCC,3
TTGCTCCTGAGTAGCA,3
TTGCTCCTGAGTAGGA,3
TTGCTCCTTAGTAGTA,3
TTGGAGGCCTGGCCCC,3
TTGGGGAACGGGAAAC,3
TTGTACCAGTCGCGCC,3
TTGTACCTGCAGTTGA,3
TTGTATCAGTCGCGAC,3
TTTAACAGAACCTATC,3
TTTACATCGAGATTCA,3
TTTAGTGATACTCACA,3
TTTATATAGAGATTCA,3
TTTATATCGAGATTAA,3
TTTCACAGAACATATC,3
TTTCACAGAACCTATA,3
TTTCACATAACCTATC,3
TTTCACGGAACCTATC,3
TTTCAGAGGGGTTGTG,3
TTTCAGCATTGTTTTG,3
TTTCAGCGTTGTGTTG,3
TTTCGTGATAATCACA,3
TTTCGTGATACTAACA,3
TTTCTTGATACTCACA,3
TTTGCTCCGACACGCC,3
TTTTAAATTATAGTCT,3
TTTTATCAGTCGCGCC,3
AAAAAATCTATGACAA,2
AAAAAATTTATAACAA,2
AAAAAATTTATGACAG,2
AAAAAGTTTATGACAA,2
AAAACCATAAGACCCC,2
AAAACGTAGAACCGCC,2
AAACCAATAAGACCCC,2
AAACCCATAAGACCCG,2
AAACCCATAAGACTCC,2
AAAGAAACTATAACCA,2
AAAGAATTTATGACAA,2
AAAGACCTTTAACACT,2
AAAGCTATTTTCGTTC,2
AAATTCGCAATATCCA,2
AACAACAAACAGTAAG,2
AACACGTAGAACCGCA,2
AACACGTAGAACCGCT,2
AACACGTAGAGCCGCC,2
AACACGTGGAACCGCC,2
AACAGAAGTCCACGTA,2
AACAGAAGTCCATATA,2
AACAGAAGTCCATGCA,2
AACAGAAGTCCATTTA,2
AACAGTTCCGACTAAG,2
AACATCTAACAGATAG,2
AACCACCGAATGACCG,2
AACCACCGAGCGACCG,2
AACCACCGAGTAACCG,2
AACCACCGAGTCACCG,2
AACCACCGAGTGACAA,2
AACCACCGAGTGACCC,2
AACCACCGAGTGACGG,2
AACCACCGATTGACCG,2
AACCATCAGCACCTAG,2
AACCCACGAGACGTAA,2
AACCGCCGAGTGACCG,2
AACCGTAACGCGTTTA,2
AACCGTACCGAGTTTA,2
AACCTACGAGACTTAA,2
AACCTCCGAGTGACCG,2
AACGAAACAATCGAAC,2
AACGACAAACACTAAG,2
AACGATAAACAGTAAG,2
AACGATTCACGAATAA,2
AACGGCCGGCGAACTC,2
AACGGCTCCGACTAAG,2
AACGGTTCCGAATAAG,2
AACGGTTCCGACTAAC,2
AACGGTTCTGACTAAG,2
AACTACAAACAGTAAG,2
AACTGAATTAAGTATG,2
AACTGCGCGGCTCGGG,2
AACTGCGCTCATCGAT,2
AACTGCGTTCATAGAT,2
AACTGCGTTCATGGAT,2
AACTTACGAGACGTAA,2
AACTTCCCTGACGGCT,2
AACTTCCCTGACTGCG,2
AACTTCCGTCACCTGA,2
AACTTCCGTCTCCTGA,2
AACTTCCTTGACTGCT,2
AACTTCGTTCATCGAT,2
AAGAAGACTTTGGGAT,2
AAGAAGACTTTGTTAT,2
AAGAAGCGATAGAAGT,2
AAGAAGCTATAGAAAT,2
AAGAAGCTATATAAGT,2
AAGATAGTGATGAACA,2
AAGATTGAGTGAAGTT,2
AAGATTGATTAAAGTT,2
AAGCACCGAGTGACCG,2
AAGCATTGTCGGAAAG,2
AAGCCCAGTGGGTGAT,2
AAGCGGTGATGTGGTT,2
AAGCGGTTATGTGATT,2
AAGCTGATAGTAACTC,2
AAGGCTCTTTTCGTTC,2
AAGGGAGGAATCGGAC,2
AAGGGATTGGAGAAAC,2
AAGGGCCCTATGTAAT,2
AAGGGGACTCATAATG,2
AAGGGGCCTCATAATA,2
AAGGGGGCTCATAATG,2
AAGGTACCTATGTAAT,2
AAGGTCCCTAGGTAAT,2
AAGGTCCCTATGGAAT,2
AAGGTCCCTATGTAAG,2
AAGTATGGCTACACAT,2
AAGTATTGATACACAT,2
AAGTGGTGATGTGATT,2
AAGTTAAGAGAAAGGT,2
AAGTTAAGAGAAAGTG,2
AAGTTAAGGGAAAGTT,2
AAGTTAGTAGACCAAC,2
AATACGAGGCTACGTA,2
AATATTGATTGAAGTT,2
AATCCGAATGGGGTAG,2
AATCGCTGGCACACGT,2
AATCGCTGGCACCTGT,2
AATCGTTGGCACCCGT,2
AATCTTGGGGAGAGTC,2
AATGAAACAATCAAAC,2
AATGAAACAATCGAAG,2
AATGAAACAATCGGAC,2
AATGAAACAATGGAAC,2
AATGAAACAGTCGAAC,2
AATGCGAGCACGTCAA,2
AATGCGAGCATGTCGA,2
AATGTCTAGAAATTTT,2
AATTATTGCTACACAT,2
AATTCGCGAGTACTAG,2
AATTCGTGAGCACTAG,2
AATTGAATGTCATACC,2
AATTTATCCAAGAGCG,2
AATTTGTGAGTACTAG,2
ACAACACAAAAAATTA,2
ACAAGATGCGGGGGAC,2
ACAAGATTCGGGGGAT,2
ACAAGATTTGGGGGAC,2
ACAATATTCGGGGGAC,2
ACAATCTGAACAATAC,2
ACAATCTGAACCGTAC,2
ACAATCTGAGCCATAC,2
ACACAGGTTGGCTGTA,2
ACACGGGTTGGCTATA,2
ACACGGGTTGGCTGGA,2
ACACGGTTTGGCTGTA,2
ACAGACCACCATTGAG,2
ACAGCGTGCCGGTCAT,2
ACAGTACGATCTACTC,2
ACAGTATGATCTACGC,2
ACAGTCCACCATCGAG,2
ACAGTCCACCATTTAG,2
ACAGTCCGCCATTGAG,2
ACATGGGTTGGCTGTA,2
ACATTTTCCAATAGGC,2
ACATTTTCCAATATGT,2
ACATTTTCCGATAGGT,2
ACCAGCAATGAATTGT,2
ACCAGCAATGAGGTGT,2
ACCAGCAATGAGTGGT,2
ACCAGCAATGAGTTAT,2
ACCAGCAATGAGTTGG,2
ACCAGCAATGATTTGT,2
ACCAGCAATTAGTTGT,2
ACCAGGATAATCGCGC,2
ACCATTGTACACACCA,2
ACCCCCGGAGCTTGGT,2
ACCCCCGGAGCTTTGC,2
ACCGAATGAATCATCG,2
ACCGAATGAATCATTC,2
ACCGAATGAATGATCC,2
ACCGAATGAGTCATCC,2
ACCGAGTGAATCATCC,2
ACCGATTCGCGAATAA,2
ACCGTTGTGCACACCA,2
ACCGTTTTACACACCA,2
ACGAACGAAGTAGGAG,2
ACGCAAAGAGACCGAA,2
ACGCAAATAGAACGAA,2
ACGCAAATGGACCGAA,2
ACGGGGATTGGCGGTT,2
ACGGGGATTGGCTGCT,2
ACGTATGATTGTCGAG,2
ACGTCAATTAAGATCA,2
ACGTCCATTAGGATCA,2
ACGTGGATTGGCTGTT,2
ACGTGTCCCCGAGCAA,2
ACGTGTCTACGAGCAA,2
ACGTGTCTCCGAACAA,2
ACGTGTCTCCGAGTAA,2
ACGTTTTCCAATAGGT,2
ACTAACTCTCGCGGCA,2
ACTAAGAGGCTACGTA,2
ACTACGAGGATACGTA,2
ACTACGAGGCTACGGA,2
ACTACGATGCTACGTA,2
ACTACTAGGCTACGTA,2
ACTAGATTATAACGTA,2
ACTATCTAGAAATTTT,2
ACTATGAGGCTACGTA,2
ACTCCGGCTCGCTAAT,2
ACTCTGGCCCGCTAAT,2
ACTCTGGCTCGATAAT,2
ACTCTGGCTCGCTAGT,2
ACTCTGGCTCGCTGAT,2
ACTGCCTAGAAATTTT,2
ACTGTCTAGAAATTGT,2
ACTGTCTAGAAATTTA,2
ACTGTCTAGAAATTTG,2
ACTTCCATTAAGATCA,2
AGAAAACCTCAGATAC,2
AGAAAATATCAGATAC,2
AGAAAATCCCAGATAC,2
AGAAAATCTCAGATAG,2
AGAAAATCTGAGATAC,2
AGAAACACGTCCCAGT,2
AGAACTGAGGGCATTG,2
AGACCCATAAGACCCC,2
AGAGCCAAAAAGAGGA,2
AGAGCTAAAAAGGGGA,2
AGAGCTAAAAGGAGGA,2
AGAGCTCTTTTCGTTC,2
AGATCCACACTATAGT,2
AGATCCACCATATAGT,2
AGATCCACCCTAGAGT,2
AGATCCACCCTATGGT,2
AGATCCCAGGCCCTTT,2
AGATCCCAGGTCCTTA,2
AGATCCCATGTCCTTT,2
AGATCCGAGGTCCTTT,2
AGATCTTTTACATTTA,2
AGATGCCAGGTCCTTT,2
AGCACAGGGATATGTG,2
AGCACATGCTGGGGAT,2
AGCACTTTACGAGACA,2
AGCAGAGGGATATGTG,2
AGCAGCTAACAGATAG,2
AGCAGTGGTATACATA,2
AGCATAGGGACATGTG,2
AGCATAGGGATATATG,2
AGCATAGGGATATGAG,2
AGCATAGGGGTATGTG,2
AGCATATAACAGATAG,2
AGCATCCAACAGATAG,2
AGCATCGAACAGATAG,2
AGCATCTAACAGATAT,2
AGCATCTAACAGATGG,2
AGCATCTAACATATAG,2
AGCATCTGACAGATAG,2
AGCCCATGATGGGGAT,2
AGCCCATGCTAGGGAT,2
AGCCCATGCTGGGGAG,2
AGCCCATGCTTGGGAT,2
AGCCCCGGAGCTTGGC,2
AGCCGAATTAAGTATG,2
AGCGACATCACCCTTT,2
AGCGACATCTCCCTTT,2
AGCGCCTGGGGTATCA,2
AGCGTTGAATAGGCGA,2
AGCTACATCGCCCTTT,2
AGCTATTCCGGCGCGG,2
AGCTCCCGGGGTATCA,2
AGCTCCTGCGGTATCA,2
AGCTCCTGGGGTATCC,2
AGCTCCTGGGGTATTA,2
AGCTCCTGGTGTATCA,2
AGCTCCTTGGGTATCA,2
AGCTGAATTAAGGATG,2
AGCTGAATTAGGTATG,2
AGGAAAGAAACTTGAG,2
AGGAAAGAAGCTGGAG,2
AGGAAAGGAACTGGAG,2
AGGAATCGTCACCGAT,2
AGGACTATAGTTGGCG,2
AGGACTATAGTTGGCT,2
AGGAGTATGACGAGCG,2
AGGATTGATTGAAGTT,2
AGGTAAGAAACTGGAG,2
AGGTCCAGACTCTTGC,2
AGGTCCCAGGTCCTTT,2
AGGTGGAAGGGCATGG,2
AGGTGGACGGACATGG,2
AGGTGGACGGGCACGG,2
AGGTTAAGAGAAAGTT,2
AGGTTCAGAATCTTGC,2
AGGTTCAGACTATTGC,2
AGGTTCAGACTCTCGC,2
AGGTTCAGACTTTTGC,2
AGTAAACATGCATTGT,2
AGTACTATAGTTGGCA,2
AGTATTGGCGCTTCAA,2
AGTATTGGCTTGGTTA,2
AGTATTTGCGCTGCAA,2
AGTATTTGCGCTTAAA,2
AGTCCCGTAAGGACTA,2
AGTCCGAAGGGGGGAG,2
AGTCGTGTAGATAGTT,2
AGTCGTTTAGAGAGTT,2
AGTCTTTTAGATAGTT,2
AGTGACCCCCTCCAAC,2
AGTGCTGAATAGGCGA,2
AGTGCTGGCTTGGTTA,2
AGTGTCTAGAAATTTT,2
AGTGTGGAAGAGGCGA,2
AGTGTTCAATAGGCGA,2
AGTGTTGAATAGGCAA,2
AGTGTTGAATAGGCGT,2
AGTGTTGAATAGGCTA,2
AGTGTTGAATAGTCGA,2
AGTGTTGGATAGGCGA,2
AGTGTTGGCGTGGTTA,2
AGTGTTGGCTTGGTCA,2
AGTGTTGTCTTGGTTA,2
AGTTAACGGCCTATCC,2
AGTTCAGCGATAACGG,2
AGTTGGGGCCTCCCTT,2
AGTTGGGGTCTCGCTT,2
AGTTGGGGTCTTCCTT,2
AGTTTTGAATAGGCGA,2
AGTTTTTATAACTCGC,2
ATAACCGAGGGCATTG,2
ATAACTGAGGGCATGG,2
ATAACTGAGGTCATTG,2
ATACACGAATGTGCCA,2
ATACACGAGGTTGTCA,2
ATACACGCATGTGCCG,2
ATACACTCATGTGCCA,2
ATACGGGTTGGCTGTA,2
ATAGGATATATGGTTG,2
ATATAAAAAACTGAGT,2
ATATAATCGCAAATTA,2
ATATCCCAGGTCCTTT,2
ATATCTTAATCTACAG,2
ATCAGGATAATAGCGC,2
ATCAGGATAATCACGC,2
ATCAGGATAATCGCAC,2
ATCAGGATAATCGTGC,2
ATCAGGATAATTGCGC,2
ATCAGGATGATCGCGC,2
ATCAGGGCTACGTGAG,2
ATCAGGGTAATCGCGC,2
ATCATCATATCTAATA,2
ATCATGATAATCGCGC,2
ATCTAAATTCGAGGAC,2
ATGACCCACGGGCATA,2
ATGACGTTTGTGCAAA,2
ATGAGATTGGAGAAAC,2
ATGAGCGAGAAAAGCA,2
ATGCCCGTAAGGACTA,2
ATGGAATCGCAAATTA,2
ATGGCCCACAGGCATA,2
ATGGGAGGGGAGAAAC,2
ATGGGATATATGGCTG,2
ATGGGATTGGACAAAC,2
ATGGGATTTGAGAAAC,2
ATGGTTTGACGTCCAT,2
ATGGTTTTACGTACAT,2
ATGGTTTTACTTCCAT,2
ATGTATCAGTCGCGCC,2
ATGTATGATTTTCGAG,2
ATTAGATTACAACGTA,2
ATTAGATTATAACTTA,2
ATTAGATTATGACGTA,2
ATTAGGGCTACGTGAT,2
ATTAGGGCTACTTGAG,2
ATTAGGGCTATGTGAG,2
ATTATCATACCTAATA,2
ATTATCATATCGAATA,2
ATTATCATATCTAAGA,2
ATTATCATATCTGATA,2
ATTATCTTATCTAATA,2
ATTCAAATTCGAGGAC,2
ATTCCGAAGGGGGTAG,2
ATTCCGAATGAGGTAG,2
ATTCCGAATGGGGTAA,2
ATTCGTTTAGATAGTT,2
ATTGGGGCTACGTGAG,2
ATTGTCATATCTAATA,2
ATTTAAATCCGAGGAC,2
ATTTAAATTATAGTCT,2
ATTTAAATTCAAGGAC,2
ATTTAAATTCTAGGAC,2
ATTTAAATTTGAGGAC,2
ATTTACTCATTATACA,2
ATTTTCTAGTACGCTT,2
ATTTTTCTATGGCCAC,2
ATTTTTCTATGTCTAC,2
ATTTTTCTATTGCTAC,2
CAAAACACGTCCCAGT,2
CAAAAGCAGCACGATG,2
CAAAAGCAGCACTATA,2
CAAAATCTACGGAGAC,2
CAAAATCTACGGTGAC,2
CAAAATCTACTGCGAC,2
CAAATAGAAATACATA,2
CAAATTCTGCATTAGG,2
CAACGTGATTTCTCGA,2
CAAGGGCTAATGTCTC,2
CAATTAGAAATACACA,2
CACACAGAGTTTGTTG,2
CACACTTTACGAGACA,2
CACAGACAAGAAAAAA,2
CACAGCCGGCGAACTC,2
CACATACAATAAAAAA,2
CACCAATGTCATTTGA,2
CACCAGCAGCACCTAG,2
CACCATCAGAACCTAG,2
CACCATCAGCACCCGT,2
CACCATCAGCACCTAT,2
CACCATCATCACCTAG,2
CACCGCGACGAGCACC,2
CACGGCCGACGAACTC,2
CACGGCCGGCGAACCC,2
CACGGCCGGCGAACTA,2
CACGGCCGGTGAACTC,2
CACGGCCGTCGAACTC,2
CACGGGATAATGTCTC,2
CACGGGCTAATGTATC,2
CACGGGCTAATGTCCC,2
CACGGGCTAATGTCGC,2
CACGGGCTGATGTCTC,2
CACTAGAGGTACAGTC,2
CACTAGATATACAGTC,2
CACTAGATGTACACTC,2
CACTAGATGTACAGTA,2
CACTAGATGTATAGTC,2
CACTATATGTACAGTC,2
CACTGGCTAATGTCTC,2
CAGAAAAGACTGTATA,2
CAGAACATCGTTGTCT,2
CAGAACCGCGTTGTCT,2
CAGAACCTCGGTGTCT,2
CAGATGCTGCATTAGG,2
CAGCATTGTCGGAAAG,2
CAGGAAATGTAAATGA,2
CAGGCCCTAGAGCTCT,2
CAGGCTCGAGAGCTCT,2
CAGGCTCTAGAGCGCT,2
CAGGCTCTAGAGCTCC,2
CAGGCTCTATAGCTCT,2
CAGTCGGGACTCATCT,2
CAGTGAGACGCGCAAG,2
CATAAAAGAATGTATA,2
CATACAGAGCTTGTTG,2
CATACAGAGTTTGCTG,2
CATACAGAGTTTGTAG,2
CATACTCACGGAGGAT,2
CATATAGAGTTTGTTG,2
CATCACGCAGAAAAAG,2
CATCGAGACGCGCAAG,2
CATCTCTGATGAATTG,2
CATGAAACAATCGAAC,2
CATGGGAATTGCCACC,2
CATGGGAATTGCCGCT,2
CATGGGAGTTGCCACT,2
CATGGGGATTGCCACT,2
CATGGTAATTGCCACT,2
CATGTGGAGACCAACA,2
CATGTGGAGCCCAACG,2
CATGTGTAGCCCAACA,2
CATTAGATGTACAGTC,2
CATTCAGCGATAACGG,2
CATTGAGACACGCAAG,2
CATTGAGAGGCGCAAG,2
CATTGAGGCGCGCAAG,2
CATTTCTGATCAATTG,2
CATTTCTTATGAATTG,2
CCAACACAAAAAAGGA,2
CCAACACAGAAAATTA,2
CCAAGCCTGGCGCATC,2
CCAAGCGTGGCGCATC,2
CCAAGCTTGGCGTATC,2
CCAATCTTGGCGCATC,2
CCATTTAACAGACGTA,2
CCCCCGCTGTTTAAAT,2
CCCCCGCTTTTTAAAA,2
CCCCTCCGCTAAAGTT,2
CCCCTCCTCTAAAGGT,2
CCCTATGAAATAAACT,2
CCCTATGGAATAAGCT,2
CCCTGCGCGCCTCGGG,2
CCCTGCGCGGCTCCGG,2
CCCTGCGCGGCTTGGG,2
CCCTTTACGGATCGCT,2
CCCTTTACGGATCTCA,2
CCCTTTACGGATCTCC,2
CCCTTTACGGGTCTCT,2
CCCTTTATGGATCTCT,2
CCGAATAAATCAGAAC,2
CCGGAAATGTAAATGA,2
CCGGATAAATCAGAAA,2
CCGGATAAATCGGAAC,2
CCGGATAAGTCAGAAC,2
CCGGATAGATCAGAAC,2
CCGGATGAATCAGAAC,2
CCGGGGTGAAGGGGTG,2
CCGTGCAGTAAGAAGC,2
CCGTGCGCGGCTCGGG,2
CCTAACTCTCGCGGCA,2
CCTACAGAATACTAGA,2
CCTGGGCTAAGTTGTG,2
CCTGGGTGAAGGTGTG,2
CCTGGGTTAACTTGTG,2
CCTGGGTTAAGTTATG,2
CCTGGGTTAATTTGTG,2
CCTGTACCCTTCAGCA,2
CCTTGACGCATTCCCG,2
CCTTGATGAATTCCCG,2
CGAAAAACGTCCCAGT,2
CGAAACACGGCCCAGT,2
CGAAACACTTCCCAGT,2
CGACCCCACGGACGCC,2
CGACTACACGGACGCC,2
CGACTCCAAGGACGCC,2
CGACTCCACGTACGCC,2
CGACTCCGCGGACGCC,2
CGATCGGGACTCATCT,2
CGATCTTTTACATTTA,2
CGCACTTCACGAGACA,2
CGCACTTTACAAGACA,2
CGCACTTTACGAGAAA,2
CGCACTTTACGAGACG,2
CGCACTTTACGAGACT,2
CGCAGCATTGGTCGTC,2
CGCAGTGGTATACATA,2
CGCCAATCTTCGAACT,2
CGCCACACCCTTCCGG,2
CGCGACACCCATCCGG,2
CGCGACACCCTGCCGG,2
CGCGACACCCTTCCCG,2
CGCGACACTCTTCCGG,2
CGCGACGCCCTTCCGG,2
CGCGATACCCTTCCGG,2
CGGAACACGTCCCAGT,2
CGGAACTTATCTGTGG,2
CGGACAGTGTAATCGA,2
CGGACCCGAGAGGGTA,2
CGGAGCCTAGATGGTA,2
CGGCCAGGGAAGCAAA,2
CGGCCAGGGAATCAAT,2
CGGCCAGGGAATCATA,2
CGGGAAATATAAATGA,2
CGGGAAATGTAAACGA,2
CGGGAAATGTAAATTA,2
CGGGAAATGTTAATGA,2
CGGGAACATAAATAAC,2
CGGGAACATACATGAC,2
CGGGAAGTGTAAATGA,2
CGGGAATATACATAAC,2
CGGGACACCCTTCCGG,2
CGGGAGATGTAAATGA,2
CGGGATAAATCAGAAC,2
CGGGCTCTAGAGCTCT,2
CGGGGACAAGATGGTA,2
CGGGGACAAGATTGGA,2
CGGGGACGAGATTGTA,2
CGGTCGGGAATCATCT,2
CGGTCGGGACCCATCT,2
CGGTCGGGACTCATCC,2
CGGTCGGGACTCGTCT,2
CGGTCGGGGCTCATCT,2
CGTAATAGGCGTCACA,2
CGTACAGGGTAATCGA,2
CGTACAGTGTAAGCGA,2
CGTACAGTGTGATCGA,2
CGTCCAGGGAATCAAA,2
CGTCTACCCTTCAGCA,2
CGTGACACCCTCCAAC,2
CGTGCACCCTTCAGCA,2
CGTGGGAATTGCCACT,2
CGTGGGTTAAGTTGTG,2
CGTGTACCCTTCGGCA,2
CGTGTACCCTTTAGCA,2
CGTGTGCCCTTCAGCA,2
CGTTAACGGACTATCC,2
CGTTAACTGCCTATCC,2
CGTTAAGCGATAACGG,2
CGTTACCCCCTCCAAC,2
CGTTCAGCGAGAACGG,2
CGTTCAGCGATAAAGG,2
CGTTCAGCGATAACGT,2
CGTTCATCGATAACGG,2
CGTTCGGCGATAACGG,2
CGTTCGGGACTCATCT,2
CGTTGAGCCAGTCTGA,2
CTAAAATAATTGGCGC,2
CTAAACACGTCCCAGT,2
CTAAATGTCGTAGGAT,2
CTAATTCAAGTATCAA,2
CTAATTTAAGTATCAG,2
CTAATTTAAGTGTCAA,2
CTAGCACAGAGTAGGC,2
CTAGCACAGCGTAGAC,2
CTAGCACAGCTTAGGC,2
CTAGTTAACAGACGTA,2
CTATATCGCCCGGAAG,2
CTATATGGCCCGGAAG,2
CTATATTGCCCGGAAA,2
CTATATTGCCCGTAAG,2
CTATCACAGCGTAGGC,2
CTATCTGAATCTACAG,2
CTATCTTTATCTACAG,2
CTATTTAACAGAAGTA,2
CTATTTAACAGACGCC,2
CTATTTAACAGACGTG,2
CTATTTAACAGAGGTA,2
CTATTTAACGGACGTA,2
CTCAAATAATTGGCGA,2
CTCAAATAATTGGCGT,2
CTCAAATAATTTGCGC,2
CTCACAGAATACTAGA,2
CTCAGGGATTCAACTC,2
CTCAGGTATTATATGC,2
CTCCGGCTCTTGATTA,2
CTCCTAGGGGACGAGT,2
CTCCTAGTGGACGATT,2
CTCTAATAATTGGCGC,2
CTCTTAAGCTCCTACG,2
CTGAAATTATCTGTGG,2
CTGAACTTATCGATAT,2
CTGAACTTATCGGTGG,2
CTGAACTTATCTATGG,2
CTGAACTTATCTGTGT,2
CTGAACTTATTTGTGG,2
CTGAACTTGTCAATAT,2
CTGAACTTGTCTATAT,2
CTGAACTTGTTGATAT,2
CTGACAGAATACTAGA,2
CTGAGCTGCCAATAAT,2
CTGAGGGATTCAACTG,2
CTGAGGGATTCGACTC,2
CTGGAACATACATAAC,2
CTGGAAGCCTGGCCCC,2
CTGGAGGCCTGGACCC,2
CTGGAGGCCTGGCACC,2
CTGGAGGCCTGGGCCC,2
CTGGAGGCCTGTCCCC,2
CTGTAACTGCAGTTGA,2
CTGTACCTGCAGTCGA,2
CTGTACCTGCAGTTGG,2
CTGTACCTGCAGTTTA,2
CTGTACCTGTAGTTGA,2
CTGTATCAGTCGCGCC,2
CTGTGCCTGCAGTTGA,2
CTTAAGTATTATATGC,2
CTTACAGAATACTAAA,2
CTTACAGAGTACTAGA,2
CTTACGTATTATATGC,2
CTTACTGCGCGAGGGT,2
CTTAGGTAGTATATGC,2
CTTAGGTATTATATTC,2
CTTAGTTATTATATGC,2
CTTATATCCAACACCA,2
CTTCACAGAACCTATC,2
CTTCAGCTCTTGATTA,2
CTTCGGCTATTGATTA,2
CTTCGGCTCGTGATTA,2
CTTCGGCTCTTGATAA,2
CTTCGGCTCTTGATTG,2
CTTCGTGATACTCACA,2
CTTGACCCCCTCCAAC,2
CTTGTACCCTTCAGCA,2
CTTTAAAGTATAGTCT,2
CTTTAAATCATAGTCT,2
CTTTAAATTACAGTCT,2
CTTTAAATTAGAGTCT,2
CTTTAAATTATATTCT,2
CTTTTCTAGTACGCGT,2
CTTTTCTAGTGCGCTT,2
GAAAAAAGGGACATAT,2
GAAAGCCCCGTGCAAA,2
GAAAGCCCCGTTCAAT,2
GAAAGCCCCTTGCAAT,2
GAAAGTCCCGTGCAAT,2
GAAAGTCCCTATGGTG,2
GAAAGTCCCTATTATG,2
GAAATCCCCAAATAAT,2
GAAATCCCCAAGTAAC,2
GAACAAACCTGCAAAT,2
GAACCCTTGTAAGATG,2
GAAGAAACCATAACCA,2
GAAGAAACGATAACCA,2
GAAGAAACTATAAACA,2
GAAGAACTGCGGCCCC,2
GAAGGACGCGGAATGA,2
GAAGGTCCCTATGATG,2
GAAGTAAGCTGAATGA,2
GAAGTACGCGGAATGA,2
GAAGTACGCTGAATAA,2
GAAGTACGCTGAATGG,2
GAAGTACGCTGAATTA,2
GAAGTGCATATTGAGT,2
GAAGTGCGCATTGAGT,2
GAATAAACTATAACCA,2
GAATAATAGAATAGAG,2
GAATAATGGAACAGAG,2
GAATAGTAGAACAGAG,2
GAATTACGCTGAATGA,2
GACAAACGGGACATAT,2
GACACGTAGAACCGCC,2
GACAGCTCGTATCCCT,2
GACCAATGTCATTTGA,2
GACCCCATGTAAGATG,2
GACCCCTTGGAAGATG,2
GACCCCTTGTAAAATG,2
GACGCTGCGGCGTGTG,2
GACGGCGTTAGTGTCA,2
GACGGGAGGGGCACGT,2
GACTTTGCGCGCAGTC,2
GAGAAGCTATAGAAGT,2
GAGAGCTGCAGAAGCT,2
GAGATCTGCAGAAGCG,2
GAGATTGCTATGGATC,2
GAGCGGTGATGTGATT,2
GAGCTTGCTATGGATA,2
GAGCTTGCTGTGGATC,2
GAGGGGAACGGGAAGC,2
GAGGGGAGACGTCACC,2
GAGGGGATATGTCACC,2
GAGGGGGAGGGATACG,2
GAGGGGGTACGTCACC,2
GAGGGGTAGAGATAGG,2
GAGGGGTTGAGATACG,2
GAGGGTATACGTCACC,2
GAGGTCCCTATGTAAT,2
GAGGTGCGTATTGAGT,2
GATCAAGCAGAAAAAG,2
GATCACGCAGAAAGAG,2
GATCACGCAGAGAAAG,2
GATCGCCATCGACGTC,2
GATCGCCATCGACTCC,2
GATCGTGGGGAGAGTC,2
GATCTTGGGAAGAGTC,2
GATCTTGGGGAGAATC,2
GATCTTGGGGAGACTC,2
GATCTTGGGGAGAGTG,2
GATCTTGGTGAGAGTC,2
GATCTTGTGGAGAGTC,2
GATCTTTGGGAGAGTC,2
GATGGGATACGTCACC,2
GATGTCGTATCCACAG,2
GATTCAGATGCCCGCC,2
GATTCGTGAGTACTAG,2
GCAAACAGGGTAGTTG,2
GCAAACAGTGTAGTCG,2
GCAAAGTTTCATAGCG,2
GCAACACAAAAAATTA,2
GCAACGAGGTGGAACC,2
GCAACGAGGTGTGACC,2
GCAACGATGTGTAACC,2
GCAAGATTCGGGGGAC,2
GCAGCGTGACGGTCAT,2
GCAGCGTGCAGGTCAT,2
GCAGCGTGCCTGTCAT,2
GCAGGGAACTAACTCC,2
GCATCCTCAAATCCTA,2
GCATCCTCAACTCCTG,2
GCATCCTCAACTCCTT,2
GCATGGAACTAACTAC,2
GCATGGAGCTAACTCC,2
GCCAGCGCGGGAAGAG,2
GCCAGCTCGTATACCT,2
GCCATTTAATGAAGGG,2
GCCCCCGGAGCTTGGC,2
GCCGAAAGGATCATGA,2
GCCGCTGCGGCGTGGG,2
GCCGGCGTTAGGGTCA,2
GCCTAAAAGATCATGA,2
GCCTAAAGGACCATGA,2
GCCTAAAGGATCACGA,2
GCCTAAAGGATCATGG,2
GCCTAAAGGATCGTGA,2
GCCTAAATGATCATGA,2
GCCTTTGCGCGCAATC,2
GCCTTTGCTCGCAGTC,2
GCCTTTGTGCGCAGTC,2
GCGAACGAAGTAGGAG,2
GCGAAGTTTCATAGCT,2
GCGAATTTTCATAGCG,2
GCGCAAATAGACCGAA,2
GCGGATAAATCAGAAC,2
GCGTGGAACTAACTCC,2
GCTACGAGGCTACGTA,2
GCTCCATCTCAGATCG,2
GCTGGCGTTAGTGTCA,2
GGAAAATCTCAGATAC,2
GGAAGCAAAGTTGACC,2
GGACCATCTCAGATCG,2
GGAGTGCTGCTGAAGT,2
GGCCCATGCTGGGGAT,2
GGCTAACTTTGGAAGC,2
GGGAAAGAAACTGGAG,2
GGGAAGTTTCATAGCG,2
GGGGTATCAAGCCGGG,2
GGTCACGCAGAAAAAG,2
GGTCCAAGGGACGGAC,2
GGTCCATCTTAGATCG,2
GGTTAACTTCGGAAGC,2
GGTTAACTTTGGAGGC,2
GGTTAACTTTTGAAGC,2
GGTTGACTTTGGAAGC,2
GGTTGGGGTCTCCCTT,2
GTAACCAAAGTTGACC,2
GTAAGCAAAGTCGACC,2
GTAAGCAAAGTGGACC,2
GTAAGCAAAGTTAACC,2
GTAAGCAAAGTTGAGC,2
GTAAGCAACGTTGACC,2
GTAAGCGAAGTTGACC,2
GTAAGCGAGAAAAGCA,2
GTAAGCGTCATGGAGT,2
GTAAGTAAAGTTGACC,2
GTAATCAAAGTTGACC,2
GTAATTCACATGCGGA,2
GTAATTCGAATGCGGA,2
GTAATTCGCATGTGGA,2
GTACAAACCTGCATAT,2
GTACAAAGCTGCAAAT,2
GTACACGAGGTTGTGA,2
GTACACGCATGTGCCA,2
GTACCAACCTGCAAAT,2
GTACCCAATTCCTGCG,2
GTACCCAGCTCCTGCG,2
GTACCCAGTTCCAGCG,2
GTACCCAGTTCCTGCA,2
GTACCCAGTTCTTGCG,2
GTACCCAGTTTCTGCG,2
GTACCTAGTTCCTGCG,2
GTACGAATTTGATTCC,2
GTAGAACCGCGGCCCC,2
GTAGAACTACGGCCCC,2
GTAGAACTGCAGCCCC,2
GTAGAACTGCGACCCC,2
GTAGAACTGCGCCCCC,2
GTAGATACTAGGAGCA,2
GTAGATACTAGTACCA,2
GTAGCGTGCCGGTCAT,2
GTAGGACTGCGGCCCC,2
GTAGTATCAAGCCGGG,2
GTATCTGTAGAGCGCT,2
GTATGAGTGGGGTTTA,2
GTATTTAACAGACGTA,2
GTCAAATTACGGATGG,2
GTCAAGTCACGGATGG,2
GTCAAGTGACGGATGG,2
GTCAAGTTACAGATGG,2
GTCAAGTTACGGATGT,2
GTCAAGTTACGGATTG,2
GTCAAGTTACGGGTGG,2
GTCGAATCCTGGAATG,2
GTCGAGTTACGGATGG,2
GTCGCATCATGGAATG,2
GTCGCATCCCGGAATG,2
GTCGCATCCTGGAACT,2
GTCGCATCCTGGGATG,2
GTCGCATCCTGTAATG,2
GTCGCCACTAATCCGA,2
GTCGCCGCCAATCCGA,2
GTCGCCGCTAATCCGT,2
GTCGCTGCGGCGTGTG,2
GTCGTATCCTGGAATG,2
GTCTCATCCTGGAATG,2
GTGAGCAAAGTTGACC,2
GTGAGCGAGAAAAGCT,2
GTGATCGAGAAAAGCA,2
GTGCATCCTAGTTACG,2
GTGCGATCGTCCGGAA,2
GTGCGATTATCCGGAA,2
GTGCGATTGCCCGGAA,2
GTGCGATTGTCCGAAA,2
GTGGGATTGGAGAAAC,2
GTGGGATTGTCCGGAA,2
GTGGGGAACGGGAAGC,2
GTGGTATCAAACCGGG,2
GTGGTATCAAGCCACT,2
GTGGTATCAAGCCGAG,2
GTGGTATCAGGCCGGG,2
GTGGTTTTACGTCCAT,2
GTTATCATATCTAATA,2
GTTATTATGACTTCGT,2
GTTGCTCCGACAAGCC,2
GTTGCTCCGACACGCA,2
GTTTAAATTATAGTCT,2
GTTTAAATTCGAGGAC,2
TAAAAAGCCTACATGA,2
TAAAAAGCCTCCATTA,2
TAAAAATTTATGACAA,2
TAACGTGACTTCTCGA,2
TAACGTGAGGGCTAGG,2
TAACGTGATTTCTTGA,2
TAACGTGATTTTTCGA,2
TAAGTACGCTGAATGA,2
TAATAGCAATAAAATC,2
TAATCTGTGACATTGC,2
TAATGATAACCCTGCG,2
TACAAATGTCATTTGA,2
TACAAGAGAGGGGTAC,2
TACATACCAACGCAGT,2
TACATACCGACACAGT,2
TACATACCGACTCAGT,2
TACATACCTACGCAGT,2
TACATATCGACGCAGT,2
TACCAATGTCATTTTA,2
TACCCCTTGTAAGATG,2
TACCCTGCAACCCACT,2
TACCCTGCAAGCAACT,2
TACCCTGCAAGGCACT,2
TACCCTGCAGGCCACT,2
TACCGCGCCGAGCACC,2
TACCTACGAGACGTAA,2
TACCTGATGCGGAACG,2
TACCTGCTGAGGAACG,2
TACCTGCTGCGGAATG,2
TACCTGCTGCGGATCG,2
TACCTGCTGCGGGACG,2
TACCTGCTTCGGAACG,2
TACCTTGCAAGCCACT,2
TACTAATGACGTTGTC,2
TACTAATGCCATTGTC,2
TACTAATGCCGTCGTC,2
TACTAATGCCTTTGTC,2
TACTAGCAATAAAATT,2
TACTGATAACCCGGCG,2
TACTGATAACCCTACG,2
TACTTATAACCCTGCG,2
TAGATGATAGTAACTC,2
TAGATTACTAGCCGGA,2
TAGCATCGTCGGAAAG,2
TAGCATTGGCGGAAAG,2
TAGCATTGTCAGAAAG,2
TAGCATTGTCGGAAAA,2
TAGCATTGTCGGAACT,2
TAGCATTGTCGGGAAG,2
TAGCATTTTCGGAAAG,2
TAGCTGCTGCGGAACG,2
TAGCTTCAACTAAAAA,2
TAGGGGAACGGGAAGC,2
TAGGTGATAGTAACTC,2
TATAACTCTCGCGGCA,2
TATACAAGGGACGGAC,2
TATACTCGCGGAGGAT,2
TATATCGTATCCACAG,2
TATCACGCAGAAAAAG,2
TATCCTGCAAGCCACT,2
TATGGAAACGATCCCC,2
TATGTCGTGTCCACAG,2
TATGTTGTATCCACAG,2
TATTAAGAAAAGTGCG,2
TATTAAGAGAAGTACG,2
TATTAAGAGAGGTGCG,2
TATTAGTCCTCGTATG,2
TATTATTAGGCGGCAT,2
TATTGAGAGAAGTGCG,2
TATTGAGCCAGTCTGA,2
TATTTCGTATCCACAG,2
TCAAACAGTGTAGTTG,2
TCAAACGAAGTAGGAG,2
TCAACACAAAAAATTA,2
TCACGACTCGACGAAC,2
TCATGCGTGTACGAGA,2
TCATGGATGTACGAGA,2
TCATGGGCGTACGAGA,2
TCATGGGGGGACGAGA,2
TCATGGGTGTACAAGA,2
TCATGGGTGTACGATA,2
TCATGGGTGTAGGAGA,2
TCCAACTCTCGCGGCA,2
TCCACACCCCTAGCAA,2
TCCACACCCCTAGCGA,2
TCCAGCAATGAGTTGT,2
TCCAGCCCGGTAAGAG,2
TCCAGCGCAGTAAGAG,2
TCCATTTACTGAAGGG,2
TCCCCGTGGTTTGACG,2
TCCCTCCTCTAAAGTT,2
TCCGAATGAATCATCC,2
TCCGCACCCCTAGCTA,2
TCCTAGAGTGAACGAT,2
TCCTAGTCCTCGTATG,2
TCCTTTGCGCGCAGTC,2
TCGAACGAATTAGGAG,2
TCGAACGAGGTAGGAG,2
TCGAACGGAGTAGGAG,2
TCGACTACTAGCCGGA,2
TCGAGTTAATATTCGC,2
TCGAGTTAATGTGCGC,2
TCGATTAATAGCCGGA,2
TCGATTACGAGCCGGA,2
TCGATTACTAGCAGGA,2
TCGATTACTAGCCGTA,2
TCGATTTAATATGCGC,2
TCGCAATTGAAACATA,2
TCGCCTCAACTAAAAA,2
TCGCTCCTGAGTAGTA,2
TCGCTTCAACGAAAAA,2
TCGCTTCAACTAGAAA,2
TCGCTTCAATTAAAAA,2
TCGTAGCACTACTGCT,2
TCGTATTAGGCGGCAT,2
TCGTCAGTTGGGAACT,2
TCGTCCGTTAGGAACT,2
TCGTCCGTTGGGGACT,2
TCGTCCGTTGTGAACT,2
TCGTCCGTTTGGAACT,2
TCGTCCTTTGGGAACT,2
TCGTCGCACGACTGCT,2
TCGTCGCACTACGGCT,2
TCGTGACATAGCGATG,2
TCGTGGGTGTACGAGA,2
TCTAACTCTAGCGGCA,2
TCTAACTCTCGCGGCT,2
TCTAACTCTCGCGGTA,2
TCTAACTCTCGCGTCA,2
TCTAACTCTCGCTGCA,2
TCTAACTCTCGTGGCA,2
TCTAACTCTGGCGGCA,2
TCTATTACTAGCCGGA,2
TCTCAGCGTTGTTTTG,2
TCTCAGCTCTTAGCCA,2
TCTGAGAGTGAACGAT,2
TCTGGAAACGATACCC,2
TCTGGAAACTATCCCC,2
TCTTAGAGTAAACGAT,2
TCTTAGCCCTCGTATG,2
TCTTAGTCCGCGTATG,2
TCTTAGTCCTCGTATA,2
TCTTAGTCCTCGTATT,2
TCTTATCAGGCGGCAT,2
TCTTATTAGGCGGCAC,2
TCTTATTAGGCTGCAT,2
TCTTATTATGCGGCAT,2
TCTTATTCCTCGTATG,2
TCTTGAAATAGCGATG,2
TCTTGACATAGCGATT,2
TCTTGACATAGCGGTG,2
TCTTGACATAGCTATG,2
TCTTGATGCATTCCCG,2
TCTTTACCAATGCATC,2
TCTTTACCGCTGCATC,2
TCTTTACTACTGCATC,2
TGAAACACGTCCCAGT,2
TGACAACAAGACAAAT,2
TGACAACAATACAAAC,2
TGACAACAATACAAGT,2
TGACAACAATACAGAT,2
TGACAACAATGCAAAT,2
TGACGACAATACAAAT,2
TGAGCTCATAGCTCCA,2
TGAGTTCATAGATCCA,2
TGAGTTCATAGCGCCA,2
TGAGTTCATAGCTCCG,2
TGAGTTCATGGCTCCA,2
TGAGTTCGTAGCTCCA,2
TGATATGTGACATTGC,2
TGATATTCCGGCGCGG,2
TGATATTTTACATTTA,2
TGATCTGTGACATCGC,2
TGATCTGTGACATTGT,2
TGATCTGTGGCATTGC,2
TGATCTTCTACATTTA,2
TGATCTTTACGAAAAA,2
TGATCTTTGACATTGC,2
TGATCTTTGACATTTA,2
TGCAGCGCGGTAAGAG,2
TGCAGCGGTATACATA,2
TGCAGGGGTATACATA,2
TGCAGTAGTATACATA,2
TGCAGTGGTATACACA,2
TGCAGTGGTATACAGA,2
TGCAGTGGTATACGTA,2
TGCAGTGGTATATATA,2
TGCAGTGGTATGCATA,2
TGCAGTGGTGTACATA,2
TGCATACCGACGCAGT,2
TGCATCTAACAGATAG,2
TGCCAATGTCATTTGA,2
TGCGATGGTCGATCCG,2
TGCGGTAGTCGATCCG,2
TGCGGTGGTATACATA,2
TGCGGTGGTCGATCCC,2
TGCGTTGGTCGATCCG,2
TGCTACTCCGGCGCGG,2
TGCTATCCCGGCGCGG,2
TGCTATGCCGGCGCGG,2
TGCTATTCCGGCGCGA,2
TGCTATTCCGGCGCTG,2
TGCTATTCCTGCGCGG,2
TGCTGAATTAAGTATG,2
TGCTGATAACCCTGCG,2
TGGAATCATCACCGAT,2
TGGAATCGTAACCGAT,2
TGGAATCGTCACAGAT,2
TGGAATCGTCACCAAT,2
TGGAATCGTCAGCGAT,2
TGGAGTGGTATACATA,2
TGGGGAGTGGAAATGA,2
TGGGTTCATAGCTCCA,2
TGGTACGCTTCATGCT,2
TGGTCAGCTTCATGCT,2
TGGTCCGCTTCAGGCT,2
TGGTCCGCTTCATGAT,2
TGGTCCGCTTCATGCC,2
TGGTCCGCTTCATTCT,2
TGGTGAGCCAGTCTGA,2
TGTAATAGGCGTCACG,2
TGTAATAGGCGTCATA,2
TGTACGGATAAAGTAG,2
TGTAGTGGTATACATA,2
TGTCAGGATAAAGTAG,2
TGTCCAGATAAAGTAG,2
TGTGGAGCGCCATTAC,2
TGTGGAGCGCTCTTAC,2
TGTGGAGCGTCCTTAC,2
TGTGGGTTAAGTTGTG,2
TGTTAACGGCCTATCC,2
TGTTCCGCTTCATGCT,2
TGTTGACCCAGTCTGA,2
TGTTGAGCCAGTATGA,2
TGTTGAGCCAGTCAGA,2
TGTTGAGCCAGTCTTA,2
TGTTGTAATATGAATA,2
TGTTGTAATCCGAATA,2
TGTTGTAATCTGGATA,2
TTAATTCGCATGCGGA,2
TTACAAATTTGATTCC,2
TTACAACAATACAAAT,2
TTACCTGTAGAGCGCT,2
TTACGAATTTGATGCC,2
TTACGAATTTGATTTC,2
TTACGGATTTGATTCC,2
TTAGGATATATGGCTG,2
TTATCTATAGAGCGCT,2
TTATCTGTTGAGCGCT,2
TTATCTTTAGAGCGCT,2
TTATGTCCAGACTCGT,2
TTATTTGTAGAGCGCT,2
TTCAGTGGTATACATA,2
TTCTGTCCAAACTCGT,2
TTCTGTCCAGACTAGT,2
TTCTGTCCAGACTCGA,2
TTCTGTCCAGACTCGG,2
TTCTGTCCAGACTTGT,2
TTCTGTCCAGATTCGT,2
TTGAGGGATTCAACTC,2
TTGATTACTAGCCGGA,2
TTGCAATTGAAACAGA,2
TTGCAATTGAGACATA,2
TTGCCCCTGAGTAGTA,2
TTGCGATTGAAACATA,2
TTGCGATTGTCCGGAA,2
TTGCTCCTGAGCAGTA,2
TTGCTCCTGAGTAGTG,2
TTGCTCCTGAGTATTA,2
TTGCTCCTGAGTGGTA,2
TTGCTCCTGATTAGTA,2
TTGGGAACTAAATTAA,2
TTGGGGAACAGGAAGC,2
TTGGGGAACTGGAAGC,2
TTGGGGAAGGGGAAGC,2
TTGGGGTACGGGAAGC,2
TTGTAATTGAAACATA,2
TTGTATCAGTCACGCC,2
TTGTATCAGTCGCGCT,2
TTGTATCAGTCGCGTC,2
TTGTATCAGTCGGGCC,2
TTGTATCAGTCGTGCC,2
TTGTGTCAGTCGCGCC,2
TTGTTCCTGAGTAGTA,2
TTTATATCCAAAACCA,2
TTTATATCCAACAACA,2
TTTATATCCAACACCC,2
TTTATATCCAACACCG,2
TTTATATCCAATACCA,2
TTTATATCCAGCACCA,2
TTTATATCCGACACCA,2
TTTATATCGGGATTCA,2
TTTATATCTAGATTCA,2
TTTCAAAGAACCTATC,2
TTTCAATTGAAACATA,2
TTTCACAGAAACTATC,2
TTTCAGCTTTGTTTTG,2
TTTCATAGAACCTATC,2
TTTCGCAGAACCTATC,2
TTTCGTGATACGCACA,2
TTTCGTGATACTCAAA,2
TTTCGTGATGCTCACA,2
AAAAAAATTATGACAA,1
AAAAAAGCCTCCATGA,1
AAAAAATTGATGACAA,1
AAAAAATTTATCACAA,1
AAAAAATTTATGATAA,1
AAAAAATTTATGTCAA,1
AAAAGAGGGACAGGGA,1
AAAAGATTTATGACAA,1
AAACACCGAGTGACAG,1
AAACACGAGGTTGTGA,1
AAACCCATAAGACACC,1
AAACCCATAAGATCCC,1
AAACGGTGATGTGATT,1
AAACGTACCGCGTTTA,1
AAACGTGATTTCTCGA,1
AAACTACGAGACGTAA,1
AAAGAAACAATCGAAC,1
AAAGAATATCGTGCAC,1
AAAGCCCTTTTCGTTC,1
AAAGCTCGTTTCGTTC,1
AAAGCTCTGTTCGTGC,1
AAAGCTCTTGTCGTTC,1
AAAGCTCTTTGCGTTC,1
AAAGCTCTTTTCGCTC,1
AAAGCTCTTTTCGTCC,1
AAAGCTCTTTTCGTGC,1
AAAGCTCTTTTTGTTC,1
AAAGCTTTTTTCGTTC,1
AAAGGCGCGCATTCAA,1
AAAGGCGCGCCTTAAA,1
AAAGGCGCGCCTTCTA,1
AAAGGCTCGCCTTCAA,1
AAAGTACGATCTACGC,1
AAAGTACGCTGAATGA,1
AAAGTAGCAGAGCATT,1
AAAGTAGCATAGGATT,1
AAAGTTCTTTTCGTTC,1
AAATACTTGAGTACTC,1
AAATCCACAATATCCA,1
AAATCCATAAGACCCC,1
AAATGTTTAAGAGACG,1
AAATGTTTAATAGACT,1
AAATGTTTAATAGGCG,1
AAATGTTTAATATACG,1
AAATTAACAATATCCA,1
AAATTCACAATAGCCA,1
AAATTCACAATATCCG,1
AAATTCACAATATCCT,1
AAATTCACGATATCCA,1
AAATTCGCCGTTCCCC,1
AAATTTACAATATCCA,1
AACAAAAGGGACATAT,1
AACACGGAGAACCGCC,1
AACACGTAGAAACGCC,1
AACACGTAGAACAGCC,1
AACACGTAGAACCCCC,1
AACACGTAGAACCGAC,1
AACACGTAGAATCGCC,1
AACACGTATAACCGCC,1
AACACTTAGAACCGCC,1
AACAGAAATCCATGTA,1
AACAGAAGTCCATCTA,1
AACAGAAGTCCATGTC,1
AACAGAAGTCCATGTT,1
AACAGAAGTCCTTGTA,1
AACAGAAGTCGATGTA,1
AACAGAAGTCTATGTA,1
AACAGAAGTGCATGTA,1
AACAGAATTCCATGTA,1
AACAGCAGTCCATGTA,1
AACAGTAGTCCATGTA,1
AACATACGAGACGTAA,1
AACATAGGGATATGTG,1
AACCAATCTTCGAACT,1
AACCAATGTCATTTGA,1
AACCACAGAGTGAGCG,1
AACCACCACAGAGATG,1
AACCACCCAAGAGATG,1
AACCACCCAGTGACCG,1
AACCACCCCGGAGATG,1
AACCACCGACTGACCG,1
AACCACCGCAGAGATG,1
AACCACCGGGTGACCG,1
AACCATCGAGTGACCG,1
AACCCATGCTGGGGAT,1
AACCCCATAAGACCCA,1
AACCGACGAGACGTAA,1
AACCGACTAGACGTAA,1
AACCGCGTTCATCGAT,1
AACCGTACAGCGTTTA,1
AACCGTACCGCATTTA,1
AACCGTACCGCTTTTA,1
AACCGTACCTCGTTTA,1
AACCGTATCGCGTTTA,1
AACCGTGCCGCGTTTA,1
AACCTACGAGAAGTAA,1
AACCTACGAGACGCAA,1
AACCTACGAGACGTAG,1
AACCTACGAGACGTCA,1
AACCTACGAGTGACCG,1
AACGACAAACAGAAAG,1
AACGACAAACAGATAG,1
AACGACAAACAGTATG,1
AACGACAAACGGTAAG,1
AACGACAAAGAGTAAG,1
AACGACCGAGTGACCG,1
AACGATTCCGACTAAG,1
AACGCGAGCATGTCAA,1
AACGCTTCCGACTAAG,1
AACGGGCTAATGTCTC,1
AACGGGTCCGACTAAG,1
AACGGGTGAGACGGAG,1
AACGGTTCCGACCAAG,1
AACGGTTCCGACTAGG,1
AACGGTTCCGATTAAG,1
AACGGTTTCGACTAAG,1
AACGTTGTACACACCA,1
AACTAATGCCGTTGTC,1
AACTACCCTGACTGCT,1
AACTACCGAGTGACCG,1
AACTCCCGTCGCCTGA,1
AACTCCGTTCATCGAT,1
AACTCCTGGGGTATCA,1
AACTGCGATCATCGAT,1
AACTGCGGTCATCGAT,1
AACTGCGTGCATCGAT,1
AACTGCGTTCAGCGAT,1
AACTGCGTTCATCGAC,1
AACTGCGTTCATCGCT,1
AACTGCGTTCATCGGT,1
AACTGCGTTCATCGTT,1
AACTGCGTTCATTGAT,1
AACTTACCTGACTGCT,1
AACTTCCCGGACTGCT,1
AACTTCCCTGACCGCT,1
AACTTCCCTGACTGGT,1
AACTTCCCTGATTGCT,1
AACTTCCGTCGCCTGT,1
AACTTCTCTGACTGCT,1
AACTTCTGTCGCCTGA,1
AACTTGCCTGACTGCT,1
AAGAAAGAAACTGGAG,1
AAGAAGAATTTGTGAT,1
AAGAAGACCTTGTGAT,1
AAGAAGACTGTGTGAT,1
AAGAAGCTACAGAAGT,1
AAGAAGCTAGAGAAGG,1
AAGAAGCTATAAAAGT,1
AAGAAGCTATAGAAGC,1
AAGAAGCTATAGAAGG,1
AAGAAGCTATAGAGGT,1
AAGAAGCTATAGATGT,1
AAGAAGCTATGGAAGT,1
AAGAAGGCTTTGTGAT,1
AAGAATACTTTGTGAT,1
AAGAATCTATAGAAGT,1
AAGACTATAGTTGGCA,1
AAGACTGATTGAAGTT,1
AAGAGTGAGTGAAGTT,1
AAGAGTGATTGAAGGT,1
AAGATAATAGAGAGAC,1
AAGATAATATAGAGAC,1
AAGATGGAGGGAAGTG,1
AAGATTGACTGAAGTT,1
AAGATTGAGGGAAGTT,1
AAGATTGATTGAAGTA,1
AAGATTGATTGAAGTG,1
AAGATTGATTGAATTT,1
AAGATTGATTGGAGTT,1
AAGATTGATTTAAGTT,1
AAGATTGGGGGAAGTT,1
AAGATTTATTGAAGTT,1
AAGCAAATAGACCGAA,1
AAGCCAAGCGGGTGAT,1
AAGCCCAGAGGGTGAT,1
AAGCCCAGCGAGTGAT,1
AAGCCCAGCGGGGGAT,1
AAGCCCAGCGGGTGAC,1
AAGCCCAGCGGGTGGT,1
AAGCCCATCGGGTGAT,1
AAGCCGTGATGTGATT,1
AAGCGCTGGCACCCGT,1
AAGCGGCGATGTGATT,1
AAGCGGGGATGTGATG,1
AAGCGGGGATGTGATT,1
AAGCGGTAATGTGATT,1
AAGCGGTGACGTGATT,1
AAGCGGTGAGGGGATT,1
AAGCGGTGAGGTGATT,1
AAGCGGTGATGTGATG,1
AAGCGGTGATTTGATT,1
AAGCTGTGATGTGATT,1
AAGGCCCACGGGCATA,1
AAGGCGCCTCATAATG,1
AAGGGCCCTCATAATG,1
AAGGGCGCGCCTTCAA,1
AAGGGGAACGGGAAGC,1
AAGGGGATACGTCACC,1
AAGGGGCCTCACAATG,1
AAGGGGCCTCATAAAG,1
AAGGGGCCTCATAACG,1
AAGGGGCCTCATAGTG,1
AAGGGGCCTCATGATG,1
AAGGGGCCTTATAATG,1
AAGGGGCTTCATAATG,1
AAGGGGCTTCATAATT,1
AAGGGGTGGAATAGGG,1
AAGGTAAGAGAAAGTG,1
AAGGTAAGAGAAAGTT,1
AAGGTAGAGAGATGTG,1
AAGGTCACTATGTAAT,1
AAGGTCCCCATGTAAT,1
AAGGTCCCGATGGAAT,1
AAGGTCCCTATGCAAT,1
AAGGTCCCTATGTAAA,1
AAGGTCCCTATGTGAT,1
AAGGTCCCTGTGTAAT,1
AAGGTCCCTTTGTAAT,1
AAGGTGCCTCATAATG,1
AAGGTTGATTGAAGTT,1
AAGTACATTAAGATCA,1
AAGTATTGCTACACAA,1
AAGTATTGCTACATAT,1
AAGTCGTGAGTACTAG,1
AAGTGAACGTCATACC,1
AAGTGAAGAGAAAGGG,1
AAGTGGACGGGCATGG,1
AAGTGTTGCTACACAT,1
AAGTTAAGAAAAAGTT,1
AAGTTAAGAGAAAATT,1
AAGTTAAGAGGAAGTT,1
AAGTTAGGAGACCCAC,1
AAGTTAGTAGAACCAC,1
AAGTTAGTAGACACAC,1
AAGTTAGTAGACCCAA,1
AAGTTAGTAGAGCCAC,1
AAGTTAGTATACCCAC,1
AAGTTCAGACTCTTGC,1
AATAAAACAATCGAAC,1
AATAAACATGCATTGG,1
AATACTCACGGAGGAT,1
AATCAAACAATCGAAC,1
AATCACCCCAGAGATG,1
AATCACGCAGAAAAAG,1
AATCCCTGGCACCCGT,1
AATCGCCATCGACTTC,1
AATCGCTGACACCCGT,1
AATCGCTGGCACTCGT,1
AATCGCTGGGACCCGT,1
AATCGGTGATGTGATT,1
AATCGTTTAGATAGTT,1
AATGAAACAAGCGAAC,1
AATGAAGCAATCGAAC,1
AATGCAAGCATGTCAA,1
AATGCGACCATGTCAA,1
AATGCGAGCAGGTCAA,1
AATGCGAGCATGTCAG,1
AATGCGAGCATGTCAT,1
AATGCGAGCATTTCAA,1
AATGCGAGCGTGTCAA,1
AATGCGAGGATGTCAA,1
AATGCGTGAGGACTAG,1
AATGGGAATTGACACT,1
AATGGGCCTCATAATG,1
AATGGGTTAAGTTGTG,1
AATGTCCCTATGTAAT,1
AATGTGGAGCCCAACA,1
AATGTTGAATAGGCGA,1
AATTCAGATGCCCACC,1
AATTCATGAGTACTAG,1
AATTCGAGCATGTCAA,1
AATTCGGGAGTACTAG,1
AATTCGTATGTCCCAG,1
AATTCGTGAATACTAG,1
AATTCGTGAGTACGAG,1
AATTCGTGAGTACTAC,1
AATTCGTGAGTACTTG,1
AATTCGTGAGTGCTAG,1
AATTCGTTAGTACTAG,1
AATTTAAGAGAAAGTT,1
AATTTAGTAGACCCAC,1
AATTTATACGAGAGCG,1
AATTTCACAATATCCA,1
AATTTCCCTGACTGCT,1
AATTTCTGATGAATTG,1
AATTTCTGGTGAATTG,1
ACAAACAGTGTAGTTG,1
ACAAACTGAACCATAC,1
ACAAAGTCTCGAGAAT,1
ACAAAGTCTCTAGAAG,1
ACAAAGTCTTGAGAAG,1
ACAACCTGAACCATAC,1
ACAACGAGGTGTAACC,1
ACAAGAGTCGGGGGAC,1
ACAAGATTCAGGGGAC,1
ACAAGATTCGGGGGAG,1
ACAAGATTCGGGGTAC,1
ACAAGATTCGGGTGAC,1
ACAAGATTCGGTGGAC,1
ACAAGATTCTGGGGAC,1
ACAAGATTGGGGGGAC,1
ACAAGATTTTGGGGAC,1
ACAAGGTTCGGGGGAC,1
ACAATCCACCATTGAG,1
ACAATCCGAACCATAC,1
ACAATCGGGGGCTAAA,1
ACAATCTAAACCATAC,1
ACAATCTGAACCATGC,1
ACAATCTGAACTATAC,1
ACAATCTGAATCATAC,1
ACAATTTGAACCATAC,1
ACACGGGGTGGCTGGA,1
ACACGGGGTGGCTGTA,1
ACACGGGTTGCCTGTA,1
ACACGGGTTGGCAGTA,1
ACACGGGTTGGTTGTA,1
ACACGGGTTTGCTGTA,1
ACACTTTCCAATAGGT,1
ACAGATTCACGAATAA,1
ACAGGATATATGGCTG,1
ACAGGCAACCATTGAG,1
ACAGGCCACCATTGAG,1
ACAGGGAACGGGAAGC,1
ACAGGGGTTGGCTGTA,1
ACAGTACGATCTACAC,1
ACAGTACGATCTACGT,1
ACAGTACGATCTATGC,1
ACAGTACGCTGAATGA,1
ACAGTAGGATCTACGC,1
ACAGTCCACCAGTGAG,1
ACAGTCCACCATAGAG,1
ACAGTCCACCATCGAT,1
ACAGTCCACCATTAAG,1
ACAGTCCACCATTGAC,1
ACAGTCTAGAAATTTT,1
ACAGTCTGAACCATAC,1
ACAGTGCACCATTGAG,1
ACAGTGCGATCTACGC,1
ACAGTTTCCAATAGGT,1
ACATGATTCGGGGGAC,1
ACATGTCTCCGAGCAA,1
ACATTACGATCTACGC,1
ACATTATCCAATAGGT,1
ACATTCCACCATTGAG,1
ACATTCTCCAATAGGT,1
ACATTTCCCAATAGGT,1
ACATTTGCCAATAGGT,1
ACATTTTCCAACAGGT,1
ACATTTTCCAATAAGT,1
ACATTTTCCAATAGAT,1
ACATTTTCCAATAGCT,1
ACATTTTCCAATAGTT,1
ACATTTTCCAGTAGGT,1
ACCAATTCACGAATAA,1
ACCAGCAATGAGGGGT,1
ACCAGCAGTGAGTTGT,1
ACCAGCGCGGCTCGGG,1
ACCATCTAACAGATAG,1
ACCATTTACTGAAGGG,1
ACCCCATGCTGGGGAT,1
ACCCCCGGAACTTGGC,1
ACCCCCGGAGCCTGGC,1
ACCCCCGGAGCTCGGC,1
ACCCCCGGAGGTTGGC,1
ACCCCCGGAGTTTGGC,1
ACCCCCGGATCTTGGC,1
ACCCCGCTGTTTAAAA,1
ACCCCGTGGTTTGACA,1
ACCCCTGGAGCTTGGC,1
ACCGAACGAATCATCC,1
ACCGAAGGAATCATCC,1
ACCGAATAAATCATCC,1
ACCGAATCAATCATCC,1
ACCGAATGAACCATCC,1
ACCGAATGAATCACCC,1
ACCGAATGAATCAGCC,1
ACCGAATGAATCATCT,1
ACCGAATGGATCATCC,1
ACCGAATGTATCATCC,1
ACCGACTCACGAATAA,1
ACCGATCCACGAATAA,1
ACCGATTAACGAATAA,1
ACCGATTCACAAATAA,1
ACCGATTCACGAATAG,1
ACCGATTTACGAATAA,1
ACCGGAGGGGGCCAAG,1
ACCGGTGTACACACCA,1
ACCGGTTCACGAATAA,1
ACCGTATGAATCATCC,1
ACCGTCGGACACACCA,1
ACCGTGGTACACACCA,1
ACCGTTGTACACACAA,1
ACCGTTGTACACATCA,1
ACCTATGAAATAAGCT,1
ACCTATTCACGAATAA,1
ACCTCCATTAAGATCA,1
ACCTTTGTACACACCA,1
ACGACGAGGCTACGTA,1
ACGAGATTCGGGGGAC,1
ACGCAAATAGACAGAA,1
ACGCAGATAGACCGAA,1
ACGCAGGTAGACCGAA,1
ACGCATGATTTTCGAG,1
ACGCATTAGCGGGAGG,1
ACGCCCATTAAGATCA,1
ACGGAATGAATCATCC,1
ACGGCCATTAAGATCA,1
ACGGGGAGTGGCTGGT,1
ACGGGGATCGGCTGTT,1
ACGGGGATGGGCTGTT,1
ACGGGGATTGGCAGTT,1
ACGGGGATTGGCCGTT,1
ACGGGGATTGGCGGGT,1
ACGGGGATTGGTTGTT,1
ACGGGGATTGTCTGTT,1
ACGGGGGTTGGCTGTA,1
ACGGGTCTCCGAGCAA,1
ACGGTCCCTATGTAAT,1
ACGGTGATTGGCTGTT,1
ACGGTTTTACGTCCAT,1
ACGTAAATAGACCGAA,1
ACGTACATTAAGATCA,1
ACGTACGATTTTCGAG,1
ACGTATGATCTTCGAG,1
ACGTATGATGGTCGAG,1
ACGTATGATTCTCGAG,1
ACGTATGATTTCCGAG,1
ACGTATGATTTGCGAG,1
ACGTATGATTTTCGAA,1
ACGTATGATTTTGGAG,1
ACGTATGATTTTTGAG,1
ACGTCCACTAAGATCA,1
ACGTCCATGAAGATCA,1
ACGTCCATTAAGACCA,1
ACGTCCATTAAGATAA,1
ACGTCCATTAAGATTA,1
ACGTCCATTGAGATCA,1
ACGTCCATTGGGAACT,1
ACGTCGCACTACTGCT,1
ACGTCTATTAAGATCA,1
ACGTGTCTCCGAGCAT,1
ACGTGTCTCCGAGCGA,1
ACGTGTCTCGGAGCAA,1
ACGTGTCTCTGAGCAA,1
ACGTGTCTGCGAGCAA,1
ACTACAGAGTTTGTTG,1
ACTACGAGGCGACGTA,1
ACTACGAGGCTACCTA,1
ACTACGAGGCTATGTA,1
ACTAGGGCTACGTGAG,1
ACTATGGCTCGCTAAT,1
ACTCTCTAGAAATTTT,1
ACTCTGGCTAGCTAAT,1
ACTCTGGCTCCCTAAT,1
ACTCTGGCTCGCTAAA,1
ACTCTGGCTCGCTTAT,1
ACTCTGGCTCGTTAAT,1
ACTCTGGTTCGCTAAT,1
ACTGATTCACGAATAA,1
ACTGGCGAGAAATGTT,1
ACTGTCAAGAAATTTT,1
ACTGTCTAGAAAGGTT,1
ACTGTCTAGAAAGTGT,1
ACTGTCTAGAAATCTT,1
ACTGTCTAGAAATTTC,1
ACTGTCTGAACCATAC,1
ACTGTCTTGAAATTTT,1
ACTGTGGCTCGCTAAT,1
ACTGTGTAGAAATTTT,1
ACTGTTTAGAAATTTT,1
ACTTAAATTCGAGGAC,1
ACTTATGATTTTCGAG,1
ACTTGATGCATTCCCG,1
ACTTGTCTCCGAGCAA,1
AGAAAAGAAACTGGAG,1
AGAAAAGCTCAGATAC,1
AGAAAATCGCAGATAC,1
AGAAAATCTCAGAAAC,1
AGAAAATCTCAGACAC,1
AGAAAATCTCAGAGAC,1
AGAAAATCTCAGATGC,1
AGAAAATCTCAGATTC,1
AGAAAATCTCTGATAC,1
AGAAAGTCTCAGATAC,1
AGAAAGTCTCGAGAAG,1
AGAACCGCAGACACGT,1
AGAACGGAGGGCATTG,1
AGAACGTTTGTGCAAA,1
AGACCACCAGTTTCGT,1
AGACCATCGCACCAAA,1
AGACCGCCAGTTGCGT,1
AGACCGCCAGTTTCAT,1
AGACCGCCATTTTCGT,1
AGACCTATCCTCAAAT,1
AGACCTCCAGTTTCGT,1
AGACGGCCAGTTTCGT,1
AGACGGGTTGGCTGTA,1
AGAGAAAATTATCCGC,1
AGAGAATCTCAGATAC,1
AGAGATAAAAAGAGGA,1
AGAGCGAAAAAGAGGA,1
AGAGCTAAAAAGAGTA,1
AGAGCTAAAAATAGGA,1
AGAGGAGAGATGGCGG,1
AGAGTTAAAAAGAGGA,1
AGAGTTCATAGCTCCA,1
AGATCAACCCTATAGT,1
AGATCCAACCTATAGT,1
AGATCCACCCGATAGT,1
AGATCCACCCTATAGG,1
AGATCCATAGGCATGG,1
AGATCCCAGGGCCTGT,1
AGATCCCAGGTCATTT,1
AGATCCCAGGTCCGTT,1
AGATCCCAGGTCCTCT,1
AGATCCCAGGTCGTTT,1
AGATCCGCCCTATAGT,1
AGATCGCAGGTCCTTT,1
AGATCTTTACGAAAAA,1
AGATGAAAAATGTAGG,1
AGATGCACCCTATAGT,1
AGATTCACAATATCCA,1
AGATTCAGACTCTTGC,1
AGATTCCATGTCCTTT,1
AGCACTATAGTTGGCA,1
AGCACTTTAAGAGACA,1
AGCAGAGGGAGAGGGG,1
AGCAGAGGGGGAGGGG,1
AGCATAAGGATATGTG,1
AGCATAGCGATATGTG,1
AGCATAGGGAGATGTG,1
AGCATAGGGATACGTG,1
AGCATAGGGATATCTG,1
AGCATAGGGATGTGTG,1
AGCATCTAATAGATAG,1
AGCATCTAGCAGATAG,1
AGCATGGGGAGATGTG,1
AGCCCATGCGGGGGAT,1
AGCCCATGCTGGAGAT,1
AGCCCATGCTGGGGGT,1
AGCCCATGCTGGGTAT,1
AGCCCATGCTGGTGAT,1
AGCCCGTGCTGGGGAT,1
AGCCGTTTAGATAGTT,1
AGCGACATAGCCCTTT,1
AGCGACATCGCACTTT,1
AGCGACATCGCCATTT,1
AGCGACATCGCCCGTT,1
AGCGACATCGCCCTCT,1
AGCGACATCGCCCTTC,1
AGCGACATCGTCCTTT,1
AGCGACATTGCCCTTT,1
AGCGGAAGTTGCCAAG,1
AGCGGAATTGAGTATG,1
AGCGGTTCCGACTAAG,1
AGCGTTGGCTTGGTTA,1
AGCGTTGTACACACCA,1
AGCTCATGGGGTATCA,1
AGCTCCGGGGGGATCA,1
AGCTCCGGGGGTAGCA,1
AGCTCCTGGAGTATCA,1
AGCTCCTGGCGTATCA,1
AGCTCCTGGGGCATCA,1
AGCTCCTGGGGGATCA,1
AGCTCCTGGGGTATGA,1
AGCTCCTGGGGTGTCA,1
AGCTGAACTAAGTATG,1
AGCTGAAGTAAGTATG,1
AGCTGAATGAAGTATG,1
AGCTGAATTAAGGAGG,1
AGCTGAATTAAGTATA,1
AGCTGCTGGGGTATCA,1
AGCTGGATTAAGTATG,1
AGCTTCAGACTCTTGC,1
AGCTTCCGTCGCCTGA,1
AGCTTCTGGGGTATCA,1
AGGAAAGAAACTTTAG,1
AGGAAATAAACTGGAG,1
AGGAAATCTCAGATAC,1
AGGAACGTAGGGGTGG,1
AGGAATATAGTTGGCA,1
AGGAATATGAAGAGCG,1
AGGACAGAGTGTGTGG,1
AGGACTATAGGTGGCA,1
AGGACTATAGTGGGCA,1
AGGACTATAGTTGACA,1
AGGACTATAGTTGACC,1
AGGACTGTAGTTGGCA,1
AGGAGCATGAAGGGCG,1
AGGAGGACGGGCATGG,1
AGGAGGAGGAAGAGCG,1
AGGAGTAGGGAGAGCG,1
AGGAGTATAAAGAGCG,1
AGGAGTATGAAAAGCG,1
AGGAGTATGAAGAGCT,1
AGGAGTATGAAGATCT,1
AGGAGTATGAAGGGCG,1
AGGAGTATGAATAGCG,1
AGGAGTATTAAGAGCG,1
AGGATTATGAAGAGCG,1
AGGCAGAAGGGGGGAG,1
AGGCCCATAAGGACTA,1
AGGCCCGGAAGGACTA,1
AGGCCCGTAAGCACTA,1
AGGCCCGTAAGGACGA,1
AGGCCCGTAAGGACTT,1
AGGCCCGTAAGTACTA,1
AGGCCCGTAATGACTA,1
AGGCCCTTAAGGACTA,1
AGGCGTTTAGATAGTG,1
AGGGAAATATAAATGA,1
AGGGAAGAAACTGGAG,1
AGGGACATCGCCCTTT,1
AGGGCCGTAAGGACTA,1
AGGGGATGGGAGAAAC,1
AGGGGCAGACTCTTGC,1
AGGGGGATTGGCTGTT,1
AGGGTCCCTATGTAAT,1
AGGGTGGAAGAGGCGA,1
AGGGTTGAAGAGGCGA,1
AGGGTTGAATAGGCGA,1
AGGGTTGGAGTGGTGA,1
AGGGTTTTACGGCCAT,1
AGGTATTGCTACACAT,1
AGGTCCGCTTCATGCT,1
AGGTCCGTAAGGACTA,1
AGGTCCTGGGGTATCA,1
AGGTGAATTAAGTATG,1
AGGTGGACGGGCAGGG,1
AGGTGGACGGGCATGA,1
AGGTGGACGGGCATGT,1
AGGTGGACGGGTATGG,1
AGGTGGATGGGCATGG,1
AGGTGTACGGGCATGG,1
AGGTGTCTCCGAGCAA,1
AGGTTAGTAGACCCAC,1
AGGTTCAGACCCTTGC,1
AGGTTCAGACTCATGC,1
AGGTTCAGACTCGTGC,1
AGGTTCAGACTCTAGC,1
AGGTTCAGACTCTTGA,1
AGGTTCAGACTCTTGG,1
AGGTTCGGGGGAGCTT,1
AGTAAAAATGCATTGG,1
AGTAAACATGCACTGG,1
AGTAAACATGCAGTGG,1
AGTAAACATGCATTAG,1
AGTAAACATGCATTGA,1
AGTAAACATTCATTGG,1
AGTACGTATGTCCCAG,1
AGTAGATTATAACGTA,1
AGTAGGGCTACGGGAG,1
AGTAGTATGAAGAGCG,1
AGTATAGGGATATGTG,1
AGTATTCGCGCTTCAA,1
AGTATTTGAGCTTCAA,1
AGTATTTGGGCTTCAA,1
AGTCCTATTCTCAAAT,1
AGTCCTTTAGATAGTT,1
AGTCGCTGGCACCCGT,1
AGTCGGCTCTTGATTA,1
AGTCGGGGTCTCCCTT,1
AGTCGGTTAGATAGTG,1
AGTCGGTTAGATAGTT,1
AGTCGTGTAGAGAGTT,1
AGTCGTTGAGATAGGT,1
AGTCGTTGAGATAGTT,1
AGTCGTTTAGATAGCT,1
AGTCGTTTAGATAGGT,1
AGTCGTTTAGATAGTA,1
AGTCGTTTAGATAGTG,1
AGTCGTTTAGGTAGTT,1
AGTCTTGGCTTGGTTA,1
AGTGACCCCCTCCACT,1
AGTGCGAGCATGTCAA,1
AGTGGGGAAGAGGCGA,1
AGTGGTGGCTTGGGGA,1
AGTGGTGGCTTGGTTA,1
AGTGTAGGCTTGGTTA,1
AGTGTCGAATAGGCGA,1
AGTGTCGGCTTGGTTA,1
AGTGTTAAATAGGCGA,1
AGTGTTGAAAAGGCGA,1
AGTGTTGAACAGGCGA,1
AGTGTTGAATAGCCGA,1
AGTGTTGAATAGGCGC,1
AGTGTTGAATAGGGGA,1
AGTGTTGAATATGCGA,1
AGTGTTGGATGGGTTA,1
AGTGTTGGCTGGGTGA,1
AGTGTTGGCTTCGTTA,1
AGTGTTGGCTTGATTA,1
AGTGTTGGCTTGGGTA,1
AGTGTTGGCTTGGTGA,1
AGTGTTGGCTTGGTTT,1
AGTTACATAGGCATGG,1
AGTTAGGGTCTCCCTT,1
AGTTCAATAGGCATGG,1
AGTTCCACAGGCATGG,1
AGTTCCATAGGCACGG,1
AGTTCCATAGGCAGGG,1
AGTTCCATAGGCATGT,1
AGTTCCATAGGCGTGG,1
AGTTCCATAGGGATGG,1
AGTTCCATAGGTATGG,1
AGTTCCGTAGGCATGG,1
AGTTCCTAACTAGCGA,1
AGTTCGTGAGTACTAG,1
AGTTGAATTAAGTATG,1
AGTTGCGGTCTCCCTT,1
AGTTGGGGGCTCCCTT,1
AGTTGGGGTCTCACTT,1
AGTTGGGGTCTCCCAT,1
AGTTGGGGTCTCCCGT,1
AGTTGGGGTCTCCCTA,1
AGTTGGGGTCTCCCTG,1
AGTTGGGGTGGGCATT,1
AGTTGGGGTGTCCCTT,1
AGTTGGGTTCTCCCTT,1
AGTTGTTTAGATAGTT,1
AGTTTATCCGAGAGCG,1
AGTTTTTATAACCTGC,1
AGTTTTTATAACTTGA,1
AGTTTTTATAACTTGT,1
ATAAACGAGGTTGTGA,1
ATAAACGCATGTGCCA,1
ATAACACAAAAAATTA,1
ATAACGCTTGTGCAAA,1
ATAACGTCTGTGCAAA,1
ATAACGTTTGTGCATA,1
ATAACGTTTGTTCAAA,1
ATAACTGAAGGCATTG,1
ATAACTGAGGAAATTG,1
ATAACTGAGGGCACTG,1
ATAACTGAGGGCATTA,1
ATAACTGAGTGCATTG,1
ATAAGATTCGGGGGAC,1
ATAAGCGCATGTGCCA,1
ATAAGGGCTACGTGAG,1
ATACAAGAGGTTGTGA,1
ATACAAGCATGTGCCA,1
ATACACCCATGTGCCA,1
ATACACGAGATTGTGA,1
ATACACGAGGTCGTGA,1
ATACACGAGGTTATGA,1
ATACACGAGGTTGGGA,1
ATACACGAGGTTGTTA,1
ATACACGAGGTTTTGA,1
ATACACGAGTTTGTGA,1
ATACACGCACGTGCCA,1
ATACACGCATGTGCCC,1
ATACACGCATGTGCTA,1
ATACACGCATGTGTCA,1
ATACACGTGGTTGTGA,1
ATACATGCATGTGCCA,1
ATAGAAAAAACTTAGT,1
ATAGAAAATTAGCCGC,1
ATAGAAAATTATCAGC,1
ATAGAAAATTGTCCGC,1
ATAGAACCGCAAATTA,1
ATAGAAGCGCAAATTA,1
ATAGAATAGCAAATTA,1
ATAGAATCGAAAATTA,1
ATAGAATCTCAAATTA,1
ATAGACGAGGTTGTGA,1
ATAGCTGAGGGCATTG,1
ATAGGAGATATGGCTG,1
ATAGGATAGATGGCTG,1
ATAGGATATAAGGCTG,1
ATAGGATATAGGGCTG,1
ATAGGATATATGGCCG,1
ATAGGATATATGGCGG,1
ATAGGATATATGGCTA,1
ATAGGATATATGGCTT,1
ATAGGATATATTGCTG,1
ATAGGATTGGAGAAAC,1
ATAGGGGCTACGTGAG,1
ATATAAAAAACGGAGT,1
ATATAAAAAACTAAGT,1
ATATAAAAAACTCAGT,1
ATATAAACCTGCAAAT,1
ATATAAATTCGAGGAC,1
ATATAAGAAACTTAGT,1
ATATACGAGGTTGTGA,1
ATATACGCATGTGCCA,1
ATATAGAAAACTTAGT,1
ATATGAAAAACTTAGT,1
ATATGATATATGGCTG,1
ATATTTTCCAATAGGT,1
ATCAAATAATTGGCGC,1
ATCAATGTCGTAGGAT,1
ATCAGCAATGAGTTGT,1
ATCAGGAGAATCGCGC,1
ATCAGGATAAGCGCGC,1
ATCAGGATAATCCCGC,1
ATCAGGATAATCGCGT,1
ATCCGATGTAAAGGCA,1
ATCCGATTTAAAGGCG,1
ATCCGATTTAAGGGCA,1
ATCGCCGCTAATCCGA,1
ATCTGAATTAAGTATG,1
ATCTTTCTATGGCTAC,1
ATGAAAGAAACTGGAG,1
ATGAGGACTACGGGAG,1
ATGAGGATAATCGCGC,1
ATGCAATTGAAACATA,1
ATGCCCCACGGGCATA,1
ATGCTCCTGAGTAGTA,1
ATGGCCAACGGGCATA,1
ATGGCCCAAGGGCATA,1
ATGGCCCACGGACATA,1
ATGGCCCACGGGCAAA,1
ATGGCCCACGGGCACA,1
ATGGCCCACGGGCATG,1
ATGGCCCACGGGCATT,1
ATGGCCCACTGGCATA,1
ATGGCCCAGGGGCATA,1
ATGGCCCGCGGGCATA,1
ATGGGAGTGGAGAAAC,1
ATGGGATGGGAGAGAC,1
ATGGGATTCGAGAAAC,1
ATGGGATTGGAGAACC,1
ATGGGATTGTAGAAAC,1
ATGGGATTGTCCGGAA,1
ATGGGCCACGGGCATA,1
ATGGGGTAGAGATACG,1
ATGGGGTTGGAGAAAC,1
ATGGTCCCTATGTAAT,1
ATGGTCTTACGTCCAT,1
ATGGTTTTACGTCAAT,1
ATGGTTTTACGTCCAA,1
ATGGTTTTACGTCTAT,1
ATGTAAAAAACTTAGT,1
ATTACTGCGCGAGAGT,1
ATTAGAGGATAACGTA,1
ATTAGAGTATAACGTA,1
ATTAGATTAAAACGTA,1
ATTAGATTATAATGTA,1
ATTAGATTATAGCGTA,1
ATTAGGCCTACGTGAG,1
ATTAGGGCCACGTGAG,1
ATTAGGGCGACGTGAG,1
ATTAGGGCTACGCGAG,1
ATTAGGGCTACGTAAG,1
ATTAGGGCTACGTGAA,1
ATTAGGGCTACGTGTG,1
ATTAGGGGTACGTGAG,1
ATTATAATATCTAATA,1
ATTATATCCAACACCA,1
ATTATATCGAGATTCA,1
ATTATATTATAACGTA,1
ATTATCAGATCTAATA,1
ATTATCATATCCAATA,1
ATTATCATATCTAAAA,1
ATTATCATATCTAGTA,1
ATTATCATATCTGTGG,1
ATTATCGTATCTAATA,1
ATTCACGCATGTGCCA,1
ATTCCCAATGGGGTAG,1
ATTCCCATAGGCATGG,1
ATTCCGAATAGGGTAG,1
ATTCCGAATGCGGTAG,1
ATTCCGAATGGCGTAG,1
ATTCCGAATGGGATAG,1
ATTCCGAATGGGGTTG,1
ATTCGCTGGCACCCGT,1
ATTGAAATTCGAGGAC,1
ATTGACTCATGATACG,1
ATTGCGAATGGGGTAG,1
ATTGTCTAGAAATTTT,1
ATTGTTGAATAGGCGA,1
ATTGTTGGCTTGGTTA,1
ATTTAAATGCGAGGAC,1
ATTTAAATTAGAGGAC,1
ATTTAAATTCGAAGAC,1
ATTTAAATTCGAGGAG,1
ATTTAAATTCGAGTAC,1
ATTTAAATTCGATGAC,1
ATTTACTCACTATACG,1
ATTTACTCATTACACG,1
ATTTACTCATTAGACG,1
ATTTAGATTCGAGGAC,1
ATTTCCATAGGCATGG,1
ATTTCTCTATGGCTAC,1
ATTTGCTCATTATACG,1
ATTTTTATATGGCTAC,1
ATTTTTCCATGGCTAC,1
ATTTTTCTACGGCTAC,1
ATTTTTCTATAGCTAC,1
ATTTTTCTATGACTAC,1
ATTTTTCTATGGATAC,1
ATTTTTCTATGGCCCC,1
ATTTTTCTATGGCGAC,1
ATTTTTCTATGGCTAA,1
ATTTTTCTATGGCTAT,1
ATTTTTTATAACTTGC,1
CAAAACCTACGGCGAC,1
CAAAAGAAGCACGATA,1
CAAAAGCTACGGCGAC,1
CAAAAGTAGCACGATA,1
CAAAATCAGCACGATA,1
CAAAATCGACGGCGAC,1
CAAAATCTACGGCAAC,1
CAAAATCTACGGCGAA,1
CAAAATCTACGGCGAT,1
CAAAATCTATGGCGAC,1
CAAATCCCCAAATAAC,1
CAAATGCCGCATTAGG,1
CAAATGCGGCATTAGG,1
CAAATGCTAAATTAGG,1
CAAATGCTACATTAGG,1
CAAATGCTGCATCAGG,1
CAAATGCTGCGTTAGG,1
CAAATGTTGCATTAGG,1
CAACTCGCCGTTCCCC,1
CAAGCACAGCGTAGGC,1
CAAGCTCTAGAGCTCT,1
CAAGGAGAAATACAGA,1
CAAGGAGAAATACATA,1
CAAGGCCGGCGAACTC,1
CAAGTACGCTGAATGA,1
CAATACGCCGTTCCCC,1
CAATCTTTACGAAAAA,1
CAATTACAAATACATA,1
CAATTAGAAATACATC,1
CAATTAGAAATACATT,1
CAATTAGAAATACCTA,1
CAATTAGAAATAGATA,1
CAATTAGAATTACATA,1
CAATTAGCCGTTCCCC,1
CAATTCACCGTTCCCC,1
CAATTCGCCGTTACCC,1
CAATTCGCCGTTCCCA,1
CAATTCGCCGTTCCCT,1
CAATTCTGATGAATTG,1
CAATTGGCCGTTCCCC,1
CACAACCTCGTTGTCT,1
CACAGACAATAAAAAT,1
CACAGCGCCGAGCACC,1
CACCAATATTCGAACT,1
CACCAATCTTAGAACT,1
CACCACGCCGAGCACC,1
CACCATAAGCACCTAG,1
CACCATCAGCAACTAG,1
CACCATCAGCACCCAG,1
CACCATCAGCACCGAG,1
CACCATCAGCACCTCG,1
CACCATCAGCAGCTAG,1
CACCGCGCCGAGCAAC,1
CACCGCGCCGAGCACT,1
CACCGCGCCGAGCGCC,1
CACCGCGCCGATCACC,1
CACCTCGCCGAGCACC,1
CACGACAAACAGTAAG,1
CACGACCGGCGAACTC,1
CACGAGATGTACAGTC,1
CACGGACGGCGAACTC,1
CACGGCCAGCGAACTC,1
CACGGCCGGCGAACAC,1
CACGGCCGGCGAACGC,1
CACGGCCGGCGAACTT,1
CACGGCCGGCGAATTC,1
CACGGCCGGCGAGCTC,1
CACGGCCTGCGAACTC,1
CACGGCTGGCGAACTC,1
CACGGGCGAATGTCTC,1
CACGGGCGGCGAACTC,1
CACGGGCTAATATCTC,1
CACGGTCTAATGTCTC,1
CACGTCCGGCGAACTC,1
CACGTGCTAATGTCTC,1
CACGTGGAGCCCAACA,1
CACTAAATGTACAGTC,1
CACTAGATGAACAGTC,1
CACTAGATGTACAGCC,1
CACTAGATGTACATTC,1
CACTAGATGTAGAGTC,1
CACTAGATGTGCAGTC,1
CACTAGATTTACAGTC,1
CACTCGATGTACAGTC,1
CACTGCCGGCGAACTC,1
CACTGCGCCGAGCACC,1
CACTGGATGTACAGTC,1
CACTTGATGTACAGTC,1
CAGAACCTCGCTGTCT,1
CAGAACCTCGTTATAT,1
CAGAACCTCGTTGGCT,1
CAGAACCTTGTTGTCT,1
CAGAACTTCGTTGTCT,1
CAGAATCTCGTTGTCT,1
CAGAGGGATTCAACTC,1
CAGATAGTGATGAGCA,1
CAGATAGTGATGGACA,1
CAGATAGTGATTAACA,1
CAGATATTGATGAACA,1
CAGATGATATAGAGAC,1
CAGGAACATACATAAC,1
CAGGACCTCGTTGTCT,1
CAGGCTCTAGAGCTCA,1
CAGGCTCTAGAGCTGT,1
CAGGCTCTAGAGCTTT,1
CAGGCTCTAGGGCTCT,1
CAGGCTTTAGAGCTCT,1
CAGGGCCGGCGAACTC,1
CAGGGGAATTGCCACT,1
CAGGGGCTAATGTCTC,1
CAGGTAGTGATGAACA,1
CAGTACCTCGTTGTCT,1
CAGTAGTTGTAATGGG,1
CAGTAGTTGTCATGTA,1
CATAAAAGACTGTATG,1
CATAAAAGAGTGTATA,1
CATAAATGACTGTATA,1
CATAAGAGACTGTATA,1
CATACAAAGTTTGTTG,1
CATACAGACTTTGTTG,1
CATACAGAGGGTGTTG,1
CATACAGAGTGTGTTG,1
CATACAGAGTTTATTG,1
CATACAGAGTTTCTTG,1
CATACAGAGTTTGTGG,1
CATACAGAGTTTGTTA,1
CATACAGAGTTTGTTC,1
CATACAGGGTTTGTTG,1
CATACAGTGTTTGTTG,1
CATACATAGTTTGTTG,1
CATATGGAGCCCAACA,1
CATCGCTGGCACCCGT,1
CATGGAAATTGCCACT,1
CATGGAGACGCGCAAG,1
CATGGCAATTGCCACT,1
CATGGGAACTGCCACT,1
CATGGGAATCGCCACT,1
CATGGGAATTGACACT,1
CATGGGAATTGCCAAT,1
CATGGGAATTGCCACA,1
CATGGGAATTGCTACT,1
CATGGGAATTTCTACT,1
CATGGGCTAATGTCTC,1
CATGTCGAGCCCAACA,1
CATGTGAATTGCCACT,1
CATGTGGAGCCCAAAA,1
CATGTGGAGCCCAATA,1
CATGTGGAGCGCAACA,1
CATTGAAACGCGCAAG,1
CATTGAGACCCGCAAG,1
CATTGAGACGCGCAAA,1
CATTGAGACGCGCAAC,1
CATTGAGACTCGCAAG,1
CATTGAGATGCGCAAG,1
CATTGATACGCGCAAG,1
CATTGCGGATGAATTG,1
CATTTATGATGAATTG,1
CATTTCGGATGAATTG,1
CATTTCTAATGAATTG,1
CATTTCTGACGAATTG,1
CATTTCTGAGGAATTG,1
CATTTCTGATGAATGG,1
CATTTCTGATGAATTT,1
CATTTCTGATGAGTTG,1
CATTTCTGATGGATTG,1
CATTTCTGGTGAATTG,1
CCAAACAGTGTAGTTG,1
CCAAACTTGGCGCATC,1
CCAACACAAAAAATCA,1
CCAACACAAAAAATTT,1
CCAACACAAAAAGTTA,1
CCAACACAAAGAATTA,1
CCAACACGAAAAATTA,1
CCAAGATTGGCGCATC,1
CCAAGCTCGGCGCATC,1
CCAAGCTTCGCGCATC,1
CCAAGCTTGGCCCATC,1
CCAAGCTTGGCGCAAC,1
CCAAGCTTGGCGCAGC,1
CCAAGCTTGGCGCATG,1
CCAAGCTTGGCGCGTC,1
CCAAGCTTGGCGCTTC,1
CCAAGCTTGTCTCATC,1
CCAATACAAAAAATTA,1
CCAATCCCAGCCGTTA,1
CCAATCCCATCCTTTA,1
CCAATTCCAGCCTTTA,1
CCAGCACAAAAAATTA,1
CCAGCACAGCGTAGGC,1
CCATATTGCCCGGAAG,1
CCATCTTAATCTACAG,1
CCATGATGCATTCCCG,1
CCATTTACGGATCTCT,1
CCCAGCAATGAGTTGT,1
CCCAGCTCGTATCCCT,1
CCCATCCTCTAAAGTT,1
CCCCCCGGAGCTTGGC,1
CCCCCGCTGTGTAAAA,1
CCCCTCCCCTAAAGTT,1
CCCCTCCTCGAAAGTT,1
CCCCTCCTCTAAAGTG,1
CCCCTCCTCTAAGGTT,1
CCCCTGCTGTTTAAAA,1
CCCCTTACGGATCTCG,1
CCCCTTACGGATCTCT,1
CCCGATGAAATAAGCT,1
CCCTAGGAAATAAGCT,1
CCCTATAAAATAAGCT,1
CCCTATGAAACAAGCT,1
CCCTATGAAAGAAGCT,1
CCCTATGAAATAACCT,1
CCCTATGAAATAAGCA,1
CCCTATGAAATAAGGT,1
CCCTATGAAATACGCT,1
CCCTATGAAGTAAGCT,1
CCCTATGAATTAAGCT,1
CCCTGCGCAGCTCGGG,1
CCCTGCGCGGCCCAGG,1
CCCTGCGCGGCCCGTG,1
CCCTGCGCGGCTCGCC,1
CCCTGCGCGGCTCGCG,1
CCCTGCGCGGCTCGGT,1
CCCTGCGCGGCTCTGT,1
CCCTGCGCGGTTCGGG,1
CCCTGCGTTCATCGAT,1
CCCTGCTCTGCTCGGG,1
CCCTGTGAAATAAGCT,1
CCCTTTACAGATCTCT,1
CCCTTTACGAATCTCT,1
CCCTTTACGCATCTCT,1
CCCTTTACGGACCTCT,1
CCCTTTACGGAGCTCT,1
CCCTTTACGGATCTAT,1
CCCTTTACGGATCTTT,1
CCCTTTACGGATTTCT,1
CCCTTTGCGGATCTCT,1
CCGAGCTGCCAATAAG,1
CCGATTACTAGCCGGA,1
CCGCATAAATCAGAAC,1
CCGCATTAGCTGGAGG,1
CCGCATTAGTGGGAGG,1
CCGCGCACTTTTAGAG,1
CCGCTCACGTTTAGAG,1
CCGGACAAATCAGAAC,1
CCGGAGGCCTGGCCCC,1
CCGGATAAACCAGAAC,1
CCGGATAAATCAGAAG,1
CCGGATAAATTAGAAC,1
CCGGGGGGAAGGTGTG,1
CCGGGGTGAAGTGGGG,1
CCGGGGTGAAGTTGGG,1
CCGGGGTTAAGTTGTG,1
CCGGGTAAATCAGAAC,1
CCGTCCGTTGGGAACT,1
CCGTGAGGCATGCCCG,1
CCGTGATGCATTCCCG,1
CCTAGGTATTATATGC,1
CCTAGGTTAAGTTGTG,1
CCTCGGCTCTTGATTA,1
CCTCGGTTAAGTTGTG,1
CCTGACCCCCTCCAAC,1
CCTGAGTTAAGTTGTG,1
CCTGCGTTAAGTTGTG,1
CCTGGGGGAAGTTGTG,1
CCTGGGTGAAGTTGTG,1
CCTGGGTTAAATTGTG,1
CCTGGGTTAAGGGGTG,1
CCTGGGTTAAGTAGTG,1
CCTGGGTTAAGTCGTG,1
CCTGGGTTAAGTTCTG,1
CCTGGGTTAAGTTGTC,1
CCTGGGTTAATGTCTC,1
CCTGGGTTAGGTGGTG,1
CCTGTCTAGAAATTTT,1
CCTTAAATTATAGTCT,1
CCTTAGAGTGAACGAT,1
CCTTAGTCCTCGTATG,1
CCTTATTAGGCGGCAT,1
CCTTGATGCATCCCCG,1
CCTTGATGCATTCCCC,1
CCTTGATGCGTTCCCG,1
CGAAAACATTACGAAT,1
CGAAACACCTCCCAGT,1
CGAAACACGTCACAGT,1
CGAAACACGTCCCAAT,1
CGAAACACGTCCCAGC,1
CGAAACACGTCCCCGT,1
CGAAACGCAGACACGT,1
CGAAACGCGTCCCAGT,1
CGAAAGCAGCACGATA,1
CGAACCACGTCCCAGT,1
CGAACCGAAGACACGT,1
CGAACCGCAGAAAAGT,1
CGAACCGCGGACACGT,1
CGAACCGTAGACACGT,1
CGAACTTTACGAGACA,1
CGAAGCACGTCCCAGT,1
CGAAGCATTGGTCGCC,1
CGAATACACGGACGCC,1
CGAATCCACGGACGCC,1
CGAATCGCAGACACGT,1
CGAATTTAAGTATCAA,1
CGACTCAACGGACGCC,1
CGACTCCACGGAAGCC,1
CGACTCCACGGACCCC,1
CGACTCCACGGACGAC,1
CGACTCCACGGACGCT,1
CGACTCCACGGACGTC,1
CGACTCCACGGACTCC,1
CGACTCCACGGAGGCC,1
CGAGACACGTCCCAGT,1
CGAGCCGCAGACACGT,1
CGATCCCAGGTCCTTT,1
CGATCGTTACGAAAAA,1
CGATCTTAATCTACAG,1
CGATCTTTGCGAAAAA,1
CGCAACATTGGTCGCC,1
CGCAATTTACGAGACA,1
CGCACCCTAGATGGTA,1
CGCACGTTACGAGACA,1
CGCACTGTACGAGACA,1
CGCACTTTACGAAACA,1
CGCACTTTACGTGACA,1
CGCACTTTAGGAGACA,1
CGCACTTTTCGAGACA,1
CGCAGCATTGGTAGCC,1
CGCAGCATTGGTCGCT,1
CGCAGCATTGGTCTCC,1
CGCAGCATTGTTCGCC,1
CGCAGTATTGGTCGCC,1
CGCATCTAACAGATAG,1
CGCGACACCATTCCCG,1
CGCGACACCCGTCCGG,1
CGCGACACCCTTCAGG,1
CGCGACACCCTTCGGG,1
CGCGAGACCCTTCCGG,1
CGCGGCCGGCGAACTC,1
CGCGTACCCTTCAGCA,1
CGCTCAGCGATAACGG,1
CGCTCCTGGGGTATCA,1
CGCTCGGGACTCATCT,1
CGCTGCGCGGCTCGGG,1
CGCTTTTGGTTCGAGG,1
CGGACAGGGAATCAAA,1
CGGACCCGAGATGGGA,1
CGGACCCTACATGGTA,1
CGGACCCTAGAGGGGA,1
CGGACCCTAGATAGTA,1
CGGACCCTAGATGCTA,1
CGGACCCTAGATGGTT,1
CGGACCGTAGATGGTA,1
CGGACGGGACTCATCT,1
CGGACTCTAGATGGTA,1
CGGAGGGATTCAACTC,1
CGGAGTATGAAGAGCG,1
CGGATAGTGATGAACA,1
CGGCAAGGGAATCAAA,1
CGGCCAGAGAATCAAA,1
CGGCCAGGGAATAAAA,1
CGGCCATGGAATCAAA,1
CGGGAAATGAAAATGA,1
CGGGAAATGTAAATCA,1
CGGGAACATACATAAA,1
CGGGAACATACATAAG,1
CGGGAACATACATATC,1
CGGGAACATACGTAAC,1
CGGGAACATAGATAAC,1
CGGGAACATGCATAAC,1
CGGGAACGTACATAAC,1
CGGGAATATACAGGAC,1
CGGGACCCCCTCCAAC,1
CGGGGACAAGAGGGTA,1
CGGGGACAAGGTTGTA,1
CGGGGACAATATTGTA,1
CGGGGGCAAGATTGTA,1
CGGTAAATGTAAATGA,1
CGGTAACATACATAAC,1
CGGTCAGGGAATCAAA,1
CGGTCGGGACGCATCT,1
CGGTCGGGACTAATCT,1
CGGTCGGGACTCATTT,1
CGGTCGGTACTCATCT,1
CGGTCGTGACTCATCT,1
CGGTCTTTACGAAAAA,1
CGGTGACAAGATTGTA,1
CGGTGGACGGGCATGG,1
CGGTGGGGACTCATCT,1
CGGTTCAGACTCTTGC,1
CGGTTGGGACTCATCT,1
CGTAACACGTCCCAGT,1
CGTAAGTATGTCCCAG,1
CGTACAGAATACTAGA,1
CGTACAGTGCAATCGA,1
CGTACAGTGGAATCGA,1
CGTACAGTGTAACCGA,1
CGTACAGTGTAATAGA,1
CGTACAGTGTAATGGA,1
CGTACATTGTAATCGA,1
CGTACGCATGTCCCAG,1
CGTACGTACGTCCCAG,1
CGTACGTATGTCCCCG,1
CGTACGTATGTCCCGG,1
CGTACGTATGTTCCAG,1
CGTACTTTACGAGACA,1
CGTAGGTATGTCCCAG,1
CGTAGGTATTATATGC,1
CGTATGTATGTCCCAG,1
CGTATTTGCGCTTCAA,1
CGTCAACGGCCTATCC,1
CGTCCATCTCAGATCG,1
CGTGAACATACATAAC,1
CGTGAACCCCTCCAAC,1
CGTGACCCACTCCAAC,1
CGTGACCCCATCCAAC,1
CGTGACCCCCTACAAC,1
CGTGACCCCCTCCAAG,1
CGTGACCCCCTCCATA,1
CGTGACCCCCTCTAAC,1
CGTGACCCGCTCCAAC,1
CGTGCGTATGTCCCAG,1
CGTGGACAAGATTGTA,1
CGTGGCCCCCTCCAAC,1
CGTGTACCCTGCAGCA,1
CGTGTACCCTTCAGGA,1
CGTGTACCCTTCTGCA,1
CGTGTATCCTTCAGCA,1
CGTGTGCCCTCCAGCA,1
CGTGTTGAATAGGCGA,1
CGTTAACGACCTATCC,1
CGTTAACGGCATATCC,1
CGTTAACGGCCCATCC,1
CGTTAACGGCCTATCG,1
CGTTAACGGCCTATTC,1
CGTTAACGGTCTATCC,1
CGTTCAGAGATAACGG,1
CGTTCAGCGATAACAG,1
CGTTCAGCGATAACGA,1
CGTTCAGCGATAATGG,1
CGTTCAGCGGTAACGG,1
CGTTCAGCTATAACGG,1
CGTTCAGGGATAACGG,1
CGTTGACGGCCTATCC,1
CGTTGATGCATTCCCG,1
CGTTTGTGGTTCGAGG,1
CGTTTTTGCTTCGAGG,1
CGTTTTTGGCTCGAGG,1
CTAAACTTATCTGTGG,1
CTAAATGTCATAGGAT,1
CTAACACAGCGTAGGC,1
CTAAGCTTCATGGAGT,1
CTAAGTGAAGTATCAA,1
CTAATTGAAGTATCAA,1
CTACAAACCTGCAAAT,1
CTACCTTAATCTACAG,1
CTACGAATTTGATTCC,1
CTACTTAACAGACGTA,1
CTAGCACAGCATAGGC,1
CTAGCACAGCGCAGGC,1
CTAGCACAGCGTACGC,1
CTAGCACAGTGTAGGC,1
CTATAAACCGGTGGGA,1
CTATAAACCGTTCGTA,1
CTATAAACCGTTTGCA,1
CTATAAACCGTTTGTG,1
CTATAAACCTTTTGTA,1
CTATAAGCCGTTTGTA,1
CTATATAACAGACGTA,1
CTATATTGCACGGAAG,1
CTATATTGCCCGGATG,1
CTATATTGCCCTAAAG,1
CTATATTGCGCGGAAG,1
CTATATTGCTCGGAAG,1
CTATCCTAATCTACAG,1
CTATCTCAATCTACAG,1
CTATCTTAAGCTACAG,1
CTATCTTAATCCACAG,1
CTATCTTAATCTACAT,1
CTATCTTAATCTACCG,1
CTATCTTAATCTACGG,1
CTATCTTAATCTATAG,1
CTATCTTAATCTTCAG,1
CTATCTTAATCTTCAT,1
CTATCTTGATCTACAG,1
CTATTCAACAGACGTA,1
CTATTTAACAGACATA,1
CTATTTAACAGACCTA,1
CTATTTAACAGACGCA,1
CTATTTAACAGACGTT,1
CTATTTAACAGATGTA,1
CTATTTATCAGACGTA,1
CTATTTTACAGACGTA,1
CTCAAATAAATGGCGC,1
CTCAAATAACTGGCGC,1
CTCAAATAAGTGGCGC,1
CTCAAATAATTCGCGC,1
CTCAAATAATTGGAGC,1
CTCAAATAATTGGCGG,1
CTCAAATAATTGTCGC,1
CTCAAATAGTTGGCGC,1
CTCAAATGATTGGCGC,1
CTCAACTTATCTGTGG,1
CTCAACTTGTCGATAT,1
CTCAATGCCGTAGGAT,1
CTCAATGTCGTAAGAT,1
CTCAATGTCGTAGGAG,1
CTCAATGTCGTAGGGT,1
CTCAGCATTGGTCGCC,1
CTCATAGGGGACGATT,1
CTCCTAGGGGAAGATT,1
CTCCTAGGGGACAATT,1
CTCCTAGGGGACGATA,1
CTCCTAGGGGACTATT,1
CTCCTAGGGTACGATT,1
CTCCTATGGGACGATT,1
CTCCTATTGGACGATT,1
CTCGACACCTTTCCGG,1
CTCGCCGCTAATCCGA,1
CTCTACCTGCAGTTGA,1
CTCTCACGCTCCTACG,1
CTCTGTCCAGACTCGT,1
CTCTTACACTCCTACG,1
CTCTTACGATCCTACG,1
CTCTTACGCTCATACG,1
CTCTTACGCTCCAACA,1
CTCTTACGCTCCGACG,1
CTCTTACGCTCCTAAG,1
CTCTTACGCTCCTACT,1
CTCTTACGCTCCTATG,1
CTCTTACTCTCCTACG,1
CTCTTATGCTCCTACG,1
CTCTTTACGGATCTCT,1
CTGAACCTATCTGTGG,1
CTGAACCTCGTTGTCT,1
CTGAACGTATCTGGGG,1
CTGAACGTATCTGTGG,1
CTGAACTCGTCGATAT,1
CTGAACTGCCAATAAG,1
CTGAACTGGTCGATAT,1
CTGAACTTACCTGTGG,1
CTGAACTTAGCTGTGG,1
CTGAACTTATCAGTGG,1
CTGAACTTATCTAATA,1
CTGAACTTATCTCTGG,1
CTGAACTTATCTGTGA,1
CTGAACTTATGTGTGG,1
CTGAACTTGGCGATAT,1
CTGAACTTGTCGATAC,1
CTGAACTTGTCTGTGG,1
CTGAACTTTTCGATAT,1
CTGAAGGCCTGGCCCC,1
CTGAGAGATTCAACTC,1
CTGAGCGGCCAATAAG,1
CTGAGCTGCCAAAAAG,1
CTGAGCTGCCAACAAG,1
CTGAGCTGCCAGTAAG,1
CTGAGCTGCCGATAAG,1
CTGAGCTGCTAATAAG,1
CTGAGCTTATCTGTGG,1
CTGAGGGATCCAACTC,1
CTGAGGGATTCAACAC,1
CTGAGGGATTCAACGC,1
CTGAGGGATTCAACTA,1
CTGAGGGATTCAACTT,1
CTGAGGGATTCAGCTC,1
CTGAGGTAGGAGATGA,1
CTGAGGTGCCAATAAG,1
CTGAGTGATTCAACTC,1
CTGATTTAAGTATCAA,1
CTGCAATTGAAACATA,1
CTGCTCCTGAGTAGTA,1
CTGGACCTGCAGTTGA,1
CTGGACTTATCTTTGG,1
CTGGAGACCTGGCCCC,1
CTGGAGCCCTGGCCCC,1
CTGGAGGACCGGCCCC,1
CTGGAGGCCTGCCCCC,1
CTGGAGGCCTGGCGCC,1
CTGGAGGCGTGGCCCC,1
CTGGAGGCTTGGCCCC,1
CTGGCCCACGGGCATA,1
CTGGCTCTAGAGCTCT,1
CTGGGCTGCCAATAAG,1
CTGGTATCAAGCCGGG,1
CTGGTGGCCTGGCCCC,1
CTGTAAATTATAGTCT,1
CTGTACCAGCAGTTGA,1
CTGTACCGGCAGTTGA,1
CTGTACCTGCAATTGA,1
CTGTACCTGCAGCTGA,1
CTGTACCTGCAGTTAA,1
CTGTACCTGCAGTTGT,1
CTGTACCTGCGGTTGA,1
CTGTCGGGACTCATCT,1
CTGTTTAACAGACGTA,1
CTTAAATAATTGGCGC,1
CTTAACTTGTCGATAT,1
CTTACACAATACTAGA,1
CTTACAGAATACCAGA,1
CTTACAGAATACTAGT,1
CTTACAGAATACTATA,1
CTTACAGAATAGTAGA,1
CTTACAGAATTCTAGA,1
CTTACAGAGTTTGTTG,1
CTTACAGGATACTAGA,1
CTTACAGTGTAATCGA,1
CTTACATAATACTAGA,1
CTTACTGAGCGAGAGT,1
CTTACTGCGCGAGAGG,1
CTTACTTCGCGAGAGT,1
CTTAGAGAATACTAGA,1
CTTAGGGCTACGTGAG,1
CTTAGGTATCATATGC,1
CTTAGGTATGACATGC,1
CTTAGGTATGATATGC,1
CTTAGGTATTAGATGC,1
CTTAGGTATTGCATGC,1
CTTAGGTATTTTATGC,1
CTTATATCGAGATTCA,1
CTTATTGCGCGAGAGT,1
CTTCGGCTCTTAATTA,1
CTTCGGCTCTTGACAA,1
CTTCGGCTCTTGAGGA,1
CTTCGGCTCTTGAGTA,1
CTTCGGCTCTTGATCA,1
CTTCGGCTCTTGATTT,1
CTTCGGCTCTTGTTTA,1
CTTCGGCTCTTTATTA,1
CTTCGGCTTTTGATTA,1
CTTCGGTTCTTGATTA,1
CTTGGGGTAAGGTGTG,1
CTTGGGTATTATATGC,1
CTTTAAACTATAGTCT,1
CTTTAAATTATAGCCT,1
CTTTAAATTATAGTCC,1
CTTTAAGTTATAGTCT,1
CTTTATTGCCCGGAAG,1
CTTTGAGACGCGCAAG,1
CTTTTATAGTACGCTT,1
CTTTTCTAATACGCTT,1
CTTTTCTAGTACGATT,1
CTTTTCTAGTACGCAT,1
CTTTTCTAGTACGCCT,1
CTTTTCTAGTACGCTC,1
CTTTTCTAGTACGCTG,1
CTTTTCTGGTACGCTT,1
CTTTTCTTGTACGCTT,1
GAAAAAGCCTCCATGA,1
GAAACAGTCCTAGCAA,1
GAAAGCAAAGTTGACC,1
GAAAGCACCGTGCAAT,1
GAAAGCCACGTGCAAT,1
GAAAGCCCCGTGCAAC,1
GAAAGCCCCGTGCAAG,1
GAAAGCCCCGTGCAGT,1
GAAAGCCCCGTGCGAT,1
GAAAGCCCCTATGATG,1
GAAAGCCCGGTGCAAT,1
GAAAGCCCTGTGCAAT,1
GAAAGCCTCGTGCAAT,1
GAAAGCTTGGCGCATC,1
GAAAGTACCTATGATG,1
GAAAGTCACTATGATG,1
GAAAGTCCCTATGATA,1
GAAAGTCCCTATGTTG,1
GAAATACCCAAATAAC,1
GAAATACGCTGAATGA,1
GAAATCCCCAAATGAC,1
GAAATCCCCAGATAAC,1
GAAATCCCCGAATAAC,1
GAAATCCCCTAATAAC,1
GAAATCCCTAAATAAC,1
GAAATCCGCAAATAAC,1
GAAATCCTCAAATAAC,1
GAAATGCGTATTGAGT,1
GAAATGCTGCATTAGG,1
GAACAATAGAACAGAG,1
GAACCCATAAGACCCC,1
GAACGTGATTTCTCGA,1
GAACTGCTGCTGAAGT,1
GAACTTGCTATGGATC,1
GAACTTGGGGAGAGTC,1
GAAGAAACCTGCAAAT,1
GAAGAAACTACAACCA,1
GAAGAAACTAGAACCA,1
GAAGAAACTATAACTA,1
GAAGAAACTATGACCA,1
GAAGAAACTGTAACCA,1
GAAGAAATTATAACCA,1
GAAGAAGAGAACAGAG,1
GAAGAAGCTATAACCA,1
GAAGCACGCTGAATGA,1
GAAGGACGCTGAATGA,1
GAAGGCCCCGTGCAAT,1
GAAGGGAGTATGGAGG,1
GAAGGGATACGTCACC,1
GAAGTACGATGAATGA,1
GAAGTACGCTCAATGA,1
GAAGTACGCTGAACGA,1
GAAGTACTCTGAATGA,1
GAAGTACTGCTGAAGT,1
GAAGTATGCTGAATGA,1
GAAGTCCCCAAATAAC,1
GAAGTGATGCTGAAGT,1
GAAGTGCGAATTGAGT,1
GAAGTGCGCTGAATGA,1
GAAGTGCGTACTGAGT,1
GAAGTGCGTAGTGAGT,1
GAAGTGCGTATCGAGT,1
GAAGTGCGTATTGAGC,1
GAAGTGCGTATTGAGG,1
GAAGTGCTACTGAAGT,1
GAAGTGCTCCTGAAGT,1
GAAGTGCTGATGAAGT,1
GAAGTGCTGCGGAAGT,1
GAAGTGCTGCTGAAGC,1
GAAGTGCTGCTGAGGT,1
GAAGTGCTGCTGGAGT,1
GAAGTGCTGCTTAAGT,1
GAAGTGGGAGGTAAGT,1
GAAGTGGGGATGGAGG,1
GAAGTGGTGCTGAAGT,1
GAAGTGTGTATTGAGT,1
GAAGTGTTGCTGAAGT,1
GAATAATAGAACAAAG,1
GAATAATAGAACAGAA,1
GAATAATAGAACAGAC,1
GAATAATAGAGCAGAG,1
GAATAATAGGACAGAG,1
GAATAATATAACAGAG,1
GACAAAAGGAACATAT,1
GACAAAAGGATCATGA,1
GACAAAAGGGACATAA,1
GACAAAAGGGACATGT,1
GACAAAAGGGACGTAT,1
GACAAAAGGGATATAT,1
GACAAAAGGGGCATAT,1
GACAAAAGGTACATAT,1
GACAAAAGTGACATAT,1
GACAAAATGGACATAT,1
GACAGAAGGGACATAT,1
GACAGCTGCAGAAGCG,1
GACCACCCCAGAGATG,1
GACCACCGAGTGACTG,1
GACCCCGTGTAAGATG,1
GACCCCTTGTAAGGTG,1
GACCCCTTGTAAGTTG,1
GACCCTTTGTAAGATG,1
GACGAAAGGGACATAT,1
GACGAGGGAAGCAGCT,1
GACGGCCGGCGAACTC,1
GACGGGATGGGCACAT,1
GACGGGATGGGCACGA,1
GACGGGATGGGCACGC,1
GACGGGATGGGCACGG,1
GACGGGATGGGCACTT,1
GACGGGATGTGCAGGT,1
GACGGGATTGGCACGT,1
GACTAAGCGTGGGCGG,1
GACTCAGATGCCCACC,1
GACTGATAACCCTGCG,1
GACTGCGTTCATCGAT,1
GAGAACCTCGTTGTCT,1
GAGAAGACTTTGTGAT,1
GAGAGCCGCAGAAGCG,1
GAGAGCTGAAGAAGCG,1
GAGAGCTGCACAAGCG,1
GAGAGCTGCAGAACCG,1
GAGAGCTGCAGAAGCC,1
GAGAGCTGCAGAATCG,1
GAGAGCTGCATAAGCG,1
GAGAGCTGCATAAGTG,1
GAGAGCTGTAGAAGCG,1
GAGAGCTTCAGAAGCG,1
GAGAGGATACGTCACC,1
GAGAGGTAGAGATACG,1
GAGAGGTGCAGAAGCG,1
GAGATCCCCAAATAAC,1
GAGCCCAGCGGGTGAT,1
GAGCCCTTGTAAGATG,1
GAGCGGTAGAGATACG,1
GAGCTAGCTATGGATC,1
GAGCTCGCTATGGATC,1
GAGCTGGGGGAGAGTC,1
GAGCTTGCTACGGATC,1
GAGCTTGCTATAGATC,1
GAGCTTGCTATGGAGC,1
GAGCTTGCTATGGATT,1
GAGCTTGCTATGTAAT,1
GAGCTTGCTATGTATC,1
GAGCTTGCTATTGATC,1
GAGGAGTAGAGATACG,1
GAGGCGTAGAGATACG,1
GAGGGAATACGTCACC,1
GAGGGATTGGAGAAAC,1
GAGGGGACACGTCACC,1
GAGGGGATACGTAACC,1
GAGGGGATACTTCACC,1
GAGGGGATAGTAACTC,1
GAGGGGATGCGTCACC,1
GAGGGGATGGGCACGT,1
GAGGGGATTGGCTGTT,1
GAGGGGCTAATGTCTC,1
GAGGGGGGGAGATACG,1
GAGGGGTAAAGATACG,1
GAGGGGTAGAGAGGCG,1
GAGGGGTAGAGCTACG,1
GAGGGGTAGAGTTACG,1
GAGGGGTAGGGAGACG,1
GAGGGGTAGTGATACG,1
GAGGGGTATAGATACG,1
GAGGTACGCTGAATGA,1
GAGGTCGGAGCCATAG,1
GAGGTCGTAGGAACAG,1
GAGGTGATACGTCACC,1
GAGTAAGAGAAGTGCG,1
GAGTATTGCTACACAT,1
GAGTGCTAGAGGCTTA,1
GAGTGGATACGTCACC,1
GATAAAAGACTGTATA,1
GATACAGAGTTTGTTG,1
GATAGACATCGACTTC,1
GATAGCCACTGATAAG,1
GATATTAGTAACATAA,1
GATCACGCAGAAAAAA,1
GATCACGCAGAAGAAG,1
GATCACGCGGAAAAAG,1
GATCGACATCGACTTC,1
GATCGCAATCGACTTC,1
GATCGCCAACGACTTC,1
GATCGCCACGGAGAAG,1
GATCGCCACTGAGAAG,1
GATCGCCAGCGACGTC,1
GATCGCCAGCGACTTC,1
GATCGCCATCGACTTA,1
GATCGCCATCGACTTT,1
GATCGCGCAGAAAAAG,1
GATCGCTACTGATAAG,1
GATCGGCATCGACTTC,1
GATCTCCACTGATAAG,1
GATCTCGGGGAGAGTC,1
GATCTTGCTATGGATC,1
GATCTTGGAGAGAGTC,1
GATCTTGGCGAGAGTC,1
GATCTTGGGCAGAGTC,1
GATCTTGGGGAAAGTC,1
GATCTTGGGGAGAGAC,1
GATCTTGGGGAGGGTC,1
GATCTTGGGGTGAGTC,1
GATGACGCAGAAAAAG,1
GATGCAGATGCCCACC,1
GATGGCCATCGACTTC,1
GATGGGAATTGCCACT,1
GATGGGATGGGCACGT,1
GATTAAGAGAAGGGCG,1
GATTAAGAGAAGTGCG,1
GATTACGCAGAAAAAG,1
GATTCAGATGACCACC,1
GATTCAGATGCACACC,1
GATTCAGATGCCCACT,1
GATTCAGATGCCGACC,1
GATTCAGATTCCCACC,1
GATTCAGGTGCCCACC,1
GATTCATATGCCCACC,1
GATTCGGATGCCCACC,1
GATTGAGACGCGCAAG,1
GATTGCCATCGACTTC,1
GCAAAAAGTGTAGTTG,1
GCAAACAATGTAGTTG,1
GCAAACAGTGCAGTTG,1
GCAAACAGTGGAGTTG,1
GCAAACAGTGTAATTG,1
GCAAACAGTGTAGGTG,1
GCAAACAGTGTAGTAG,1
GCAAACAGTGTAGTGG,1
GCAAACAGTGTAGTTC,1
GCAAACAGTGTAGTTT,1
GCAAACAGTGTGGTTG,1
GCAAACATTGTAGTTG,1
GCAAACGGTGTAGTTG,1
GCAAATAGTGTAGTTG,1
GCAACAGTCCGAGCAA,1
GCAACAGTCCTAACAA,1
GCAACAGTCCTAGCAT,1
GCAACGAGGGGGAACC,1
GCAACGAGGGGTAACC,1
GCAACGAGGTCTAACC,1
GCAACGAGGTGTAACA,1
GCAACGAGGTGTAACT,1
GCAACGAGTTGTAACC,1
GCAACGGGGGGTAACC,1
GCAACTAGGTGTAACC,1
GCAAGCAGTGTAGTTG,1
GCAAGGAGGTGTAACC,1
GCAATGAGGTGTAACC,1
GCACCCTCAACTCCTA,1
GCACGGAACTAACTCC,1
GCACGGGTTGGCTGTA,1
GCAGACAGTGTAGTTG,1
GCAGAGTGCCGGTCAT,1
GCAGCCTGCCGGTCAT,1
GCAGCGTGCCAGTCAT,1
GCAGCGTGCCGGCCAT,1
GCAGCGTGCCGGTCAA,1
GCAGCGTGCCGGTCAC,1
GCAGCGTGCCGGTTAT,1
GCAGCGTTCCGGTCAT,1
GCAGCTTGCCGGTCAT,1
GCATAAACCTGCAAAT,1
GCATAATCAACTCCTA,1
GCATACAGTGTAGTTG,1
GCATACTCAACTCCTA,1
GCATCCGCAACTCCTA,1
GCATCCTCAACGCCTA,1
GCATCCTCAACTCCGA,1
GCATCCTCAACTCTTA,1
GCATCCTCGACTCCTA,1
GCATCCTTAACTCCTA,1
GCATCGTGCCGGTCAT,1
GCATGGAACTAACTCG,1
GCATGGAACTAACTCT,1
GCATGGAACTAACTGC,1
GCATGGAACTAATTCC,1
GCATGGAACTAGCGCC,1
GCATGGAACTAGCTCC,1
GCATGGAATTAACTCC,1
GCATGGGTGTACGAGA,1
GCATTTTCCAATAGGT,1
GCCAAAAGGATCATGA,1
GCCACTGCGGCGTGTG,1
GCCAGCGCGGATCCCT,1
GCCAGCGCGGTAAGAG,1
GCCAGCGCGTATCCCT,1
GCCAGCTAGTATCCCT,1
GCCAGCTCGGATCCCT,1
GCCAGCTCGTAGCCCT,1
GCCAGCTCGTATCGCT,1
GCCAGCTTGGCGCATC,1
GCCAGCTTGTATCCCT,1
GCCAGTTCGTATCCCT,1
GCCATCTACTGAAGGG,1
GCCATGTACTGAAGGG,1
GCCATTTACTGAAGCG,1
GCCATTTACTGAAGTG,1
GCCATTTACTGAATGG,1
GCCATTTACTGGAGGG,1
GCCGCAGCGGCGTGTG,1
GCCGCTGCGGAGTGTG,1
GCCGCTGCGGCGGGTG,1
GCCGCTGCGGCGTATG,1
GCCGCTGCGGCGTGCG,1
GCCGCTGCGGCGTGTT,1
GCCGGCGTCAGTGTCA,1
GCCGGCGTTAGTGTCG,1
GCCGGCGTTGGTGTCA,1
GCCGGCTCGTATCCCT,1
GCCGTCGTTAGTGTCA,1
GCCGTTGCGCGCAGTC,1
GCCTAAAGGAGCATGA,1
GCCTAAAGGATCATAA,1
GCCTAAAGGATCATGC,1
GCCTAAAGGATCATGT,1
GCCTAAAGTATCATGA,1
GCCTAGAGGATCATGA,1
GCCTGCGTTAGTGTCA,1
GCCTTTACGGATCTCT,1
GCCTTTGCACGCAGTC,1
GCCTTTGCGAGCAGTC,1
GCCTTTGCGCGCAGCC,1
GCCTTTGCGCGCAGTT,1
GCCTTTGCGCGCATTC,1
GCCTTTGCGCGTAGTC,1
GCGAAATTTCATAGCG,1
GCGAAGCTTCATAGCG,1
GCGAAGGTGCATAGCG,1
GCGAAGGTTCAGAGCG,1
GCGAAGGTTCATAGCG,1
GCGAAGTCTCATAGCG,1
GCGAAGTGTCATAGCG,1
GCGAAGTTTCACAGCG,1
GCGAAGTTTCAGAGCG,1
GCGAAGTTTCATAACG,1
GCGAAGTTTGATAGCG,1
GCGACAGTCCTAGCAA,1
GCGAGCGAGAAAAGCA,1
GCGAGCTCGTATCCCT,1
GCGCATTAGCGGGAGG,1
GCGCGATTGTCCGGAA,1
GCGGAGTTTCATAGCG,1
GCGGTGGGATACGGCG,1
GCGTCCATTAAGATCA,1
GCGTCCGTTGGGAGCG,1
GCGTGTCTCCGAGCAA,1
GCTAGCTCGTATCCCT,1
GCTATTATGACTTCAT,1
GCTATTTACTGAAGGG,1
GCTGTCTAGAAATTTT,1
GCTTAAAGGATCATGA,1
GCTTGGAACTAACTCC,1
GGAAAATTTATGACAA,1
GGAACCGCAGACACGT,1
GGAAGTCCCTATGATG,1
GGAATCCCCAAATAAC,1
GGACAAACCGGCAAAT,1
GGACAACAATACAAAT,1
GGACCCAGGGGATGCG,1
GGAGAACGGCGGCCCC,1
GGAGAACTGCGGCCCC,1
GGAGCTAAAAAGAGGA,1
GGATCTGTAGAGCGCT,1
GGCAAGTTACGGATGG,1
GGCATTTACTGAAGGG,1
GGCGACACCCTTCCGG,1
GGCGACATCGCCCTTT,1
GGCGGGATGGGCACGT,1
GGCGGGGGGCGAGCCG,1
GGCTAAAGGATCATGA,1
GGCTATTCCGGCGCGG,1
GGCTCCTGGTGTATCA,1
GGGAATCGTCACCGAT,1
GGGAGCTGCAGAAGCG,1
GGGCATGGGTGGGAAG,1
GGGCGATGGTCCGGAA,1
GGGCGCCGGAGGAGTA,1
GGGCTTGCTATGGATC,1
GGGGGGAGAGGTGACC,1
GGGGGGATACGTCACC,1
GGGGTAGCAAGCCGGG,1
GGGGTCCACCATTGAG,1
GGGTAACGTTGGAAGC,1
GGGTAACTTTGGAAGC,1
GGGTCGGGACTCATCT,1
GGGTGTTAGTGGATGG,1
GGTAAAAGGGACGGGT,1
GGTACGTATGTCCCAG,1
GGTAGATGAGGGACCG,1
GGTATTTGCGCTTCAA,1
GGTCCATATCAGATCG,1
GGTCCATCACAGATCG,1
GGTCCATCGCAGATCG,1
GGTCCATCTCACATCG,1
GGTCCATCTCAGATGG,1
GGTCCATCTCAGGGCG,1
GGTCCATCTGAGATCG,1
GGTCCATGCTGGGGAT,1
GGTCCATGTCAGATCG,1
GGTCCATTTCAGATCG,1
GGTCGTTTAGATAGTT,1
GGTGACCCCCTCCAAC,1
GGTGCATCTCAGATCG,1
GGTGGAGTTAAGGATG,1
GGTGTGGGCGGGGTTA,1
GGTTAAATTTGGAAGC,1
GGTTAACGTTGGAAGC,1
GGTTAACTCTGGAAGC,1
GGTTAACTGTGGAGGC,1
GGTTAACTTTGGAAAC,1
GGTTAACTTTGGAAGA,1
GGTTAACTTTGGAAGT,1
GTAAAACTGCGGCCCC,1
GTAAATACTAGGACCA,1
GTAACGAGGTGTAACC,1
GTAACTGAGGGCATTG,1
GTAAGATTCATGGAGT,1
GTAAGCAAAATTGACC,1
GTAAGCAAACTTGACC,1
GTAAGCAAAGGTGACC,1
GTAAGCAAAGTTCACC,1
GTAAGCAAATTTGACC,1
GTAAGCAGAGTTGACC,1
GTAAGCTGCATGGAGT,1
GTAAGCTTGGCGCATC,1
GTAAGGAAAGTTGACC,1
GTAAGGAACTAACTCC,1
GTAATTAACAGACGTA,1
GTAATTCGCAGGCGGA,1
GTAATTCGCATACGGA,1
GTAATTCGCATGCAGA,1
GTAATTCGCATTCGGA,1
GTAATTTGCATGCGGA,1
GTACAAACATGAAAAT,1
GTACAAACCTGCAAAG,1
GTACAAACCTGCAAGA,1
GTACAAACCTGCTAAT,1
GTACAAACTTGCAAAT,1
GTACCAAGTTCCTGAG,1
GTACCATCGCACCCAA,1
GTACCCAGTTCATGCT,1
GTACCCAGTTCCTGCC,1
GTACCCAGTTCCTTCT,1
GTACCCAGTTCGTGCG,1
GTACCCAGTTGCTGCG,1
GTACTCAGTTCCTGCG,1
GTAGAACGGCGGCCCC,1
GTAGAACTGCCGCCCC,1
GTAGAACTGCGAACCC,1
GTAGAACTGCGGCTCC,1
GTAGAACTGCGGTCCC,1
GTAGAACTTCGGCCCC,1
GTAGAAGGAGGCAGAT,1
GTAGAAGTGCGGCCCC,1
GTAGAATTGCGGCCCC,1
GTAGAGACTAGGACCA,1
GTAGAGCTGCGGCCCC,1
GTAGATACTAGGAACA,1
GTAGATACTAGGACTA,1
GTAGATACTAGGGCCA,1
GTAGCACAGCGTAGGC,1
GTAGCCGCTAATCCGA,1
GTAGGACGGCGGCCCC,1
GTAGGATATATGGCTG,1
GTAGGCTTCATGGAGT,1
GTAGTGCGTATTGAGT,1
GTATATACTAGGACCA,1
GTATATTGCCCGGAAG,1
GTCAAGGTACGGAGGG,1
GTCAAGTTAAGGATGA,1
GTCAAGTTACGGAGGG,1
GTCAAGTTACGTATGG,1
GTCACGTTACGGATGG,1
GTCCCATCCTGGAATG,1
GTCCGTCAACATAAAC,1
GTCGCACCCTGGAATG,1
GTCGCATCCTAGAATG,1
GTCGCATCCTGCAATG,1
GTCGCATCCTGGAAGC,1
GTCGCATCCTGGAAGT,1
GTCGCCGCTAACCCGA,1
GTCGCCGCTAATCCTA,1
GTCGCCGGTAATCCGA,1
GTCGCCTCTAATCCGA,1
GTCGCTGCTAATCCGA,1
GTCTAAAGGATCATGA,1
GTGAATCCTAGTGACG,1
GTGAGCGAAAAAAGCA,1
GTGAGCGAGAAAAACA,1
GTGAGCGAGAAAAGAA,1
GTGAGCGAGAAAAGCG,1
GTGAGCGAGAAAGGCA,1
GTGAGCGAGAGAAGCA,1
GTGAGCGGGAAAAGCA,1
GTGAGCTAGAAAAGCA,1
GTGAGCTGCAGAAGCG,1
GTGAGGGAGAAAAGCA,1
GTGAGGGATTCAACTC,1
GTGAGGTCTAGTGACG,1
GTGATATCAAGCCGGG,1
GTGCATCCAAGTGACG,1
GTGCATCCGAGTGACG,1
GTGCATCCTAGTGAAG,1
GTGCATCCTAGTGACA,1
GTGCATCCTAGTGAGG,1
GTGCATCCTAGTGGCG,1
GTGCATCCTATTGACG,1
GTGCATCCTTGTGACG,1
GTGCCCAGTTCCTGCG,1
GTGCGACTGTCCGGAA,1
GTGCGATTGTCCAGAA,1
GTGCGATTGTCCGCAA,1
GTGCGATTGTCCGGAC,1
GTGCGATTGTCCGGAG,1
GTGCGGTTGTCCGGAA,1
GTGCTATCAAGCCGGG,1
GTGCTTGCTATGGATC,1
GTGGGAGCAAGCCGGG,1
GTGGGCGAGAAAAGCA,1
GTGGGGTAGAGATACG,1
GTGGTATCAACCCGGG,1
GTGGTATCAAGAAGGG,1
GTGGTATCAAGCCAGG,1
GTGGTATCAAGCGGGG,1
GTGGTATCAAGCTGGG,1
GTGGTATCAAGGCGGG,1
GTGGTATCACGCCGGG,1
GTGGTATCTAGCCGGA,1
GTGTAGGCCTGGGAGG,1
GTGTATCCTAGTGACG,1
GTTAAGTTACGGATGG,1
GTTACTCCGACACGCC,1
GTTATTATGAATTCAT,1
GTTATTATGACTTAAT,1
GTTATTATGACTTCAC,1
GTTATTGTGACTTCAT,1
GTTCAAACCTGCAAAT,1
GTTCATCCTAGTGACG,1
GTTGCCCCGACACGCC,1
GTTGCTCAGACACGCC,1
GTTGCTCCGAAACGCC,1
GTTGCTCCGACACCCC,1
GTTTCTCCGACACGCC,1
GTTTTTCTATGGCTAC,1
TAAAAAGCCCCCATGA,1
TAAAAAGCCGCCATGA,1
TAAAAAGCCTCAATGA,1
TAAAAAGCCTCCACGA,1
TAAAAAGCCTCCATAA,1
TAAAAAGCCTCCATGG,1
TAAAAAGCCTCCGTGA,1
TAAAAAGCCTCGATGA,1
TAAAAAGTCTCCATGA,1
TAAAAGGCCTCCATGA,1
TAAACTCACGGAGGAT,1
TAAATCCCCAAATAAC,1
TAACATGATTTCTCGA,1
TAACCTGCAAGCCACT,1
TAACGCGATTTCTCGA,1
TAACGTGAATTCTCGA,1
TAACGTGATACTCACA,1
TAACGTGATGTCTCGA,1
TAACGTGATTTCGCGA,1
TAACGTGATTTCTGGA,1
TAACGTGATTTGTCGA,1
TAACGTGGTTTCTCGA,1
TAAGAAGCCTCCATGA,1
TAAGGTGATTTCTCGA,1
TAAGGTGGTCGATCCG,1
TAAGTTCATAGCTCCA,1
TAATAAGCCAGCAAGG,1
TAATAAGCCAGCAAGT,1
TAATAAGCCAGTAAGA,1
TAATAAGCCATCAAGA,1
TAATAATGCCGTTGTC,1
TAATAGGCAAGCAAGG,1
TAATCTTTTACATTTA,1
TAATGAGCCAGCAAGA,1
TAATGTGATTTCTCGA,1
TACAAAACCTGCAAAT,1
TACAAAAGGGACATAT,1
TACAAGAGAGGAGTCC,1
TACACACCCCTAGCTA,1
TACACACCGACGCAGT,1
TACACGTAGAACCGCC,1
TACAGACCGACGCAGT,1
TACATACAGACGCAGT,1
TACATACCGAAGCAGT,1
TACATACCGACGCACT,1
TACATACCGACGCATT,1
TACATACCGAGGCAGT,1
TACATACCGGCGCAGT,1
TACATACTGACGCAGT,1
TACATAGCGACGCAGT,1
TACATGCCGACGCAGT,1
TACATGCTGCGGAACG,1
TACCAACGTCATTTGA,1
TACCAATCTCATTTGA,1
TACCAATGTCATCTGA,1
TACCAATGTCATGTGA,1
TACCACCCCAGAGATG,1
TACCCAGCAAGCCACT,1
TACCCGCTGCGGAACG,1
TACCCGTGGTTTGACA,1
TACCCTGCAAGCCACA,1
TACCGATGTCATTTGA,1
TACCTGCTCCGGAACG,1
TACCTGCTGCGGACCG,1
TACCTGCTGCGGAGCG,1
TACCTGCTGCTGAACG,1
TACCTTCTGCGGAACG,1
TACGAATGCCGTTGTC,1
TACGACAAACAGTAGG,1
TACGCTGCAAGCCACT,1
TACGTGCTGCGGAACG,1
TACTAACAATAAAATC,1
TACTAAGGCCGTTGTC,1
TACTAAGGCTGTGGTC,1
TACTAATGCCCTTGTC,1
TACTAATGCCGCTGTC,1
TACTAATGCCGGTGTC,1
TACTAATGCCGTTGCC,1
TACTAATGCCGTTGGC,1
TACTAATGCCGTTGTG,1
TACTAATGCCGTTTTC,1
TACTATCAATAAAATC,1
TACTCATAACCCTGCG,1
TACTCTGCAAGCCACT,1
TACTGATAAACCTGCG,1
TACTGATAACACTGCG,1
TACTGATAACCGTGCG,1
TACTGATAACTCTGCG,1
TACTGATAATCCTGCG,1
TACTGATGCCGTTGTC,1
TACTGCGTTCATCGAT,1
TACTGGCAATAAAATC,1
TACTGGTAACCCTGCG,1
TACTGTCCAGACTCGT,1
TACTTCCCTGACTGCT,1
TAGACTCACGGAGGAT,1
TAGATAGTGATGAACA,1
TAGATTGATTGAAGTT,1
TAGCACTGTCGGAAAG,1
TAGCAGTGTCGGAAAG,1
TAGCATGGGCGGAAAG,1
TAGCATTGTCGGAAGG,1
TAGCCGATAGTAACTC,1
TAGCCTGCAAGCCACT,1
TAGCGTGATTTCTCGA,1
TAGCTCCTGAGTAGTA,1
TAGCTGATACTAACTC,1
TAGCTGATAGTAAATC,1
TAGCTGATAGTAACGC,1
TAGCTTATAGTAACTC,1
TAGCTTGCTATGGATC,1
TAGGATTGTCGGAAAG,1
TAGGTCCCTATGTAAT,1
TAGTAAGAGAAGTGCG,1
TAGTATTGCTACACAT,1
TAGTCCGCTTCATGCT,1
TAGTCGCACTACTGCT,1
TATAATCACGGAGGAT,1
TATACCCACGGAGGAT,1
TATACGCACGGAGGAG,1
TATACTAACGGAGGAT,1
TATACTCACCGAGGAT,1
TATACTCACGGAGAAT,1
TATACTCACGGAGGGT,1
TATACTCACGGAGTAT,1
TATACTCACGGGGGAC,1
TATACTCACTGAGGAT,1
TATATATCCAACACCA,1
TATATTAGTAAAATAA,1
TATATTGGTAACATAA,1
TATCAAGAGAAGTGCG,1
TATCACAGAACCTATC,1
TATCCAAGGGACTGAC,1
TATCCAAGGGATGGAC,1
TATCCAAGGGGCGGAC,1
TATCCAATGGACGGAC,1
TATCGTGATACTCACA,1
TATCTGCTGCGGAACG,1
TATGAAACAATCGAAC,1
TATGACGTATCCACAG,1
TATGCTCACGGAGGAT,1
TATGGCGTAGAGAAAG,1
TATGTCGTATCCACAC,1
TATGTCGTATCCACTG,1
TATGTTGGCTTGGTTA,1
TATTAAGAGAAGTGCC,1
TATTAAGAGAAGTTCG,1
TATTAAGAGGAGTGCG,1
TATTAATGCCGTTGTC,1
TATTAGAGTGAACGAT,1
TATTCCTAACTAGAGA,1
TATTCCTAACTAGTGA,1
TATTCCTAACTATCGA,1
TATTCCTAATTAGCGA,1
TATTCTTAACTAGCGA,1
TATTTACCACTGCATC,1
TCAAGACTCGACTAAC,1
TCAATCCGGGGCTAAA,1
TCAATCGGGGGCTAGA,1
TCAATCGGGGGCTGAA,1
TCAATCGGGGTCTAAA,1
TCAATCGGGTGCTAAA,1
TCAATGCTGCATTAGG,1
TCAATTACTAGCCGGA,1
TCACCGTGGTTTGACA,1
TCACGAATCGACTAAC,1
TCACTTCAACTAAAAA,1
TCAGCGTGCCGGTCAT,1
TCAGGGGTGGACGAGA,1
TCAGTCGGGGGCTAAA,1
TCATCGGTGTACGAGA,1
TCATCTTTTACATTTA,1
TCATGAGTGTACGAGA,1
TCATGGGTATACTAGA,1
TCATGGGTGTACGAAA,1
TCATGGGTGTACGACA,1
TCATGGGTGTACGAGT,1
TCATGGGTGTACGGGA,1
TCATGTGTGTACGAGA,1
TCCACAGCCCTAGCTA,1
TCCACCGCGGTAAGAG,1
TCCACGCCCCTAGCTA,1
TCCAGCGCCGTAAGAG,1
TCCAGCGCGATAAGAG,1
TCCAGCGCGGCAAGAG,1
TCCAGCGCGGTAAGAA,1
TCCAGCGCGGTAAGCG,1
TCCAGCGCGGTAATAT,1
TCCAGGGCGGTAAGAG,1
TCCAGTGGTATACATA,1
TCCATTACTAGCCGGA,1
TCCCAGTGGTTTGACA,1
TCCCCGTGGGTTGACA,1
TCCCCGTGGTGTGACA,1
TCCCCGTGGTTCGACA,1
TCCCCGTGGTTTAACA,1
TCCCCGTGGTTTGGCA,1
TCCCCGTGGTTTGTCA,1
TCCCCGTTGTTTGACA,1
TCCGCACTGCGATACG,1
TCCGCTGCGGCGTGTG,1
TCCGTTGTACACACCA,1
TCCTAAAGGATCATGA,1
TCCTAAGCGTGGGCGG,1
TCCTATTCCGGCGCGG,1
TCGAAAAAATCATAAA,1
TCGAACCAAGTAGGAG,1
TCGAACGAAGCAGGAG,1
TCGAACGAAGTACGAG,1
TCGAACGAAGTAGGAA,1
TCGAACGAAGTAGGAT,1
TCGAACGAAGTAGGGG,1
TCGAACGAAGTATGAG,1
TCGAACGAGAAAAGCA,1
TCGAACTAAGTAGGAG,1
TCGAACTCTCGCGACA,1
TCGAAGTTTCATAGCG,1
TCGACTCACCGAATAA,1
TCGAGCGCGGTAAGAG,1
TCGAGGTAATATGCGC,1
TCGAGTCAATATGCGC,1
TCGAGTGAATATGCGC,1
TCGAGTTAAGATGCGC,1
TCGAGTTAATACGCGC,1
TCGAGTTAATATACGC,1
TCGAGTTAATATGCGA,1
TCGAGTTAATATGCGT,1
TCGAGTTAGTATGCGC,1
TCGATTACTACCCGGA,1
TCGATTACTAGACGGA,1
TCGATTACTAGCCGAA,1
TCGATTACTAGCCGGG,1
TCGATTACTAGTCGGA,1
TCGATTACTGGCCGGA,1
TCGATTCAACTAAAAA,1
TCGATTGCTAGCCGGA,1
TCGATTTGATATGCGC,1
TCGCCCGTTGGGAACT,1
TCGCGCACGTTTAGAG,1
TCGCGTCAACTAAAAA,1
TCGCTACAACTAAAAA,1
TCGCTGCAACTAAAAA,1
TCGCTTCAAATAAAAA,1
TCGCTTCAACCAAAAA,1
TCGCTTCAACTAAAGA,1
TCGCTTCAACTAAGAA,1
TCGGGGATTGGCTGTT,1
TCGTACGTTGGGAACT,1
TCGTAGAGTGAACGAT,1
TCGTCCGCTGGGAACT,1
TCGTCCGTTCGGAACT,1
TCGTCCGTTGAGAACT,1
TCGTCCGTTGCGAACT,1
TCGTCCGTTGGGAACA,1
TCGTCCGTTGGGAGCT,1
TCGTCCGTTGGTAACT,1
TCGTCCGTTTTGAACT,1
TCGTCGAACTACTGCT,1
TCGTCGCAATACTGCT,1
TCGTCGCACTACCGCT,1
TCGTCGCACTACTGCG,1
TCGTCGCACTACTGTT,1
TCGTCGCACTACTTCT,1
TCGTCGCACTGCTGCT,1
TCGTCGCGCTACTGCT,1
TCGTCGGTTGGGAACT,1
TCGTCTCACTACTGCT,1
TCGTCTGTTGGGAACT,1
TCGTTCGTTGGGAACT,1
TCGTTTCAACTAAAAA,1
TCTAACTCTCACGGCA,1
TCTAACTCTCGCAGCA,1
TCTAACTCTCGCCGCA,1
TCTAAGAGTGAACGAT,1
TCTAATTCTCGCGGCA,1
TCTACGAGGCTACGTA,1
TCTAGCTCTCGCGGCA,1
TCTAGTTAATATGCGC,1
TCTCACAGAACCTATC,1
TCTCAGATCTTAGCCG,1
TCTCAGCTCGTAGCCG,1
TCTCAGCTCTTAGACG,1
TCTCAGCTCTTAGCCC,1
TCTCAGCTCTTATCCG,1
TCTCATTAGGCGGCAT,1
TCTGAGTCCTCGTATG,1
TCTGGAAAAGATCCCC,1
TCTGGAAACAATCCCC,1
TCTGGAAACGATCCAC,1
TCTGGAAACGATCCCA,1
TCTGTCTAGAAATTTT,1
TCTTAAAGTGAACGAT,1
TCTTAACATAGCGATG,1
TCTTACAGTGAACGAT,1
TCTTAGAATGAACGAT,1
TCTTAGAGAGAACGAT,1
TCTTAGAGGGAACGAT,1
TCTTAGAGTGAACAAT,1
TCTTAGAGTGAACGAG,1
TCTTAGAGTGAAGGAT,1
TCTTAGAGTGATCGAT,1
TCTTAGAGTGGACGAT,1
TCTTAGGGTGAACGAT,1
TCTTAGTCCTCGTAAG,1
TCTTAGTCCTCGTACG,1
TCTTAGTCGTCGTATG,1
TCTTATGAGGCGGCAT,1
TCTTATTAGCCGGCAT,1
TCTTATTAGGCGGCAA,1
TCTTATTAGGCGGCAG,1
TCTTATTAGGCGGCGT,1
TCTTATTAGGCGTCAT,1
TCTTCGAGTGAACGAT,1
TCTTCTTAGGCGGCAT,1
TCTTGACATAGCGACG,1
TCTTGACATAGTGATG,1
TCTTGGAGTGAACGAT,1
TCTTGGGTGTACGAGA,1
TCTTGGTCCTCGTATG,1
TCTTTAACACTGCATC,1
TCTTTACATAGCGATG,1
TCTTTACCACTGCACC,1
TCTTTACCACTGCAGC,1
TCTTTACCACTGCGTC,1
TCTTTACCACTGGATC,1
TCTTTAGCACTGCATC,1
TCTTTATCACTGCATC,1
TGAAAAGCCTCCATGA,1
TGAATTCATAGCTCCA,1
TGACAACAACACAAAT,1
TGACAACAATACGAAT,1
TGACCTTTTACATTTA,1
TGACGAATGTGAGTCC,1
TGACGTGATTTCTCGA,1
TGAGAACAATACAAAT,1
TGAGGGAACGGGAAGC,1
TGAGTACCCTTCAGCA,1
TGAGTGCATAGCGCCA,1
TGAGTTCAGAGCCCCA,1
TGAGTTCAGAGCGCCA,1
TGAGTTCAGAGCTCCA,1
TGAGTTCATAGCTCTA,1
TGAGTTCATAGGTCCA,1
TGAGTTTATAGCTCCA,1
TGATCCCAGGTCCTTT,1
TGATCTCTTACATTTA,1
TGATCTGTAACATTGC,1
TGATCTGTAGAGCGCT,1
TGATCTGTGAAATTGC,1
TGATCTGTGACATTTC,1
TGATCTGTTACATTGC,1
TGATCTGTTACATTTA,1
TGATCTTTTACACTTA,1
TGATCTTTTACATTCA,1
TGATCTTTTACATTTG,1
TGATCTTTTATATTTA,1
TGATGGGTGTACGAGA,1
TGATGTTTTACATTTA,1
TGATTTCATAGCTCCA,1
TGCAGTGCTATACATA,1
TGCAGTGGTACACATA,1
TGCAGTGGTAGACATA,1
TGCAGTGGTATACATG,1
TGCAGTGGTATAGATA,1
TGCAGTGTTATACATA,1
TGCAGTTGTATACATA,1
TGCATTGGTATACATA,1
TGCCCATGCTGGGGAT,1
TGCCCGTGGTTTGACA,1
TGCCTGCTGCGGAACG,1
TGCGATTCCGGCGCGG,1
TGCGGGGGTCGATCCG,1
TGCGGTCGTCGATCCG,1
TGCGGTGATCGATCCG,1
TGCGGTGGTCGACCCG,1
TGCGGTGGTCTATCCT,1
TGCGGTTGTCGATCCG,1
TGCTATGAAATAAGCT,1
TGCTATTCCGGCGCGT,1
TGCTGAGCCAGTCTGA,1
TGGAAACGTCACCGAT,1
TGGAATAGTCACCGAT,1
TGGAATCGTCAACGAT,1
TGGAATCGTCACCCAT,1
TGGAATCGTCACCGAG,1
TGGAATCGTTACCGAT,1
TGGAATCTTCACCGAT,1
TGGACCTTAGATGGTA,1
TGGCAACAATACAAGT,1
TGGCCCGCTTCATGCT,1
TGGCCCGTAAGGACTA,1
TGGCCGGATAAAGTAG,1
TGGCTCCTGAGTAGGA,1
TGGCTCCTGAGTAGTA,1
TGGCTGATAGTAACTC,1
TGGGATCGTCACCGAT,1
TGGGCTGTGGGGGACG,1
TGGTCCGATTCATGCT,1
TGGTCCGCCTCATGCT,1
TGGTCCGCTTCACGCT,1
TGGTCCGCTTCATGCA,1
TGGTCCGCTTCATGCG,1
TGGTCCGCTTCATGTT,1
TGGTCCGCTTGATGCT,1
TGGTCCGCTTTATGCT,1
TGGTCCTGGGGTATCA,1
TGGTCGGCTTCATGCT,1
TGTAACAGGCGTCACA,1
TGTAAGAGGCGTCACA,1
TGTAATAGGCGTCAAA,1
TGTAATAGGCGTCGCA,1
TGTAATAGGCGTCTCA,1
TGTAATAGGCGTTACA,1
TGTAATAGGCTTCACA,1
TGTAATAGTCGTCACA,1
TGTAATATGCGTCACA,1
TGTAATGGGCGTCACA,1
TGTACGTATGTCCCAG,1
TGTAGGGGTAGAAATA,1
TGTCCAAGGGACGGAC,1
TGTCCGGATAAAGGAG,1
TGTCCGGATAAAGTAT,1
TGTCCGGATAAAGTGG,1
TGTCCGGGTAAAGTAG,1
TGTCCGTATAAAGTAG,1
TGTCCTGATAAAGTAA,1
TGTCCTGATAAAGTAG,1
TGTCGAGCCAGTCTGA,1
TGTCGGGTAGGGAGTG,1
TGTCGTTTAGATAGTT,1
TGTCTGGATAAAGTAG,1
TGTGGAACGCCCTTAC,1
TGTGGAGCGCCCATAC,1
TGTGGAGCGCCCTAAC,1
TGTGGAGCGCCCTCAC,1
TGTGGAGCGCCCTTAT,1
TGTGGAGCGCGCTTAC,1
TGTGGAGCGCTCTGAC,1
TGTGGAGGGCCCTTAC,1
TGTGGGAATTGCCACT,1
TGTGGGCCAGGCGGGG,1
TGTGGTGGTCGATCCG,1
TGTGTTGGCTTGGTTA,1
TGTTAAGAGAAGTGCG,1
TGTTCAGCCAGTCTGA,1
TGTTCGGATAAAGTAG,1
TGTTGAACCAGTCTGA,1
TGTTGAGCCAATCTGA,1
TGTTGAGCCAGCCTGA,1
TGTTGAGCCAGTCCGA,1
TGTTGAGCCAGTCTAA,1
TGTTGAGCCATTCTGA,1
TGTTGAGCCGGTCTGA,1
TGTTGAGCGATAACGG,1
TGTTGAGCTAGTCTGA,1
TGTTGAGGCAGTCTGA,1
TGTTGGAAGCTGAATA,1
TGTTGGGGTCTCCCTT,1
TGTTGTAAGCTGAATA,1
TGTTGTAATCTGAAGA,1
TGTTGTAATCTTAATA,1
TGTTTAGCCAGTCTGA,1
TTAAAAATTTGATTCC,1
TTAATGTAGCAGCTCC,1
TTAATGTAGCCGCCCC,1
TTAATGTAGCCGCGCC,1
TTAATGTATCCGCTCC,1
TTACAGCGTTGTTTTG,1
TTACGAATATGATTCC,1
TTACGAATTTGACTCC,1
TTACGAATTTGATTGC,1
TTACGAGTTTGATTCC,1
TTACTCCTGAGTAGTA,1
TTAGCACAGCGTAGGC,1
TTAGCTGTAGAGCGCT,1
TTAGGGAAAGGGAAGC,1
TTAGGGAACGGGAATC,1
TTAGGGAACGGGGAGC,1
TTAGGGTACGGGAAGC,1
TTAGTTCATAGCTCCA,1
TTATAAACCGTTTGTA,1
TTATATTGCCCGGAAG,1
TTATCTGTAGAGCCCT,1
TTATCTGTAGAGCGTT,1
TTATCTGTAGAGGGCT,1
TTATCTGTAGGGCGAT,1
TTATCTGTATAGCGCT,1
TTATGGGTGTACGAGA,1
TTATGGGTGTACGAGG,1
TTCAAATAATTGGCGC,1
TTCAATGTCGTAGGAT,1
TTCACACCCCTAGCTA,1
TTCCAATTGAAACATA,1
TTCCACAGAACCTATC,1
TTCCGAGGGGACGATT,1
TTCCGTCCAGACTCGT,1
TTCCTCCTGAGTAGTA,1
TTCGCATCCTGGAAGG,1
TTCGCCGCTAATCCGA,1
TTCGGGAACGGGAAGC,1
TTCTCTCCAGACTCGT,1
TTCTGTCCAGACACGT,1
TTCTGTCCAGACTCGC,1
TTCTGTCTAGACTCGT,1
TTCTGTTCAGACTCGT,1
TTCTTTCCAGACTCGT,1
TTGAAAAAATCAGAAA,1
TTGAAAAGATCATAAA,1
TTGAAATTGAAACATA,1
TTGAACGAAGTAGGAG,1
TTGAACTTGTCGATAT,1
TTGACTCACCAAATAA,1
TTGACTCACGGAATAA,1
TTGACTCACTGAATAA,1
TTGACTCGCCGAATAA,1
TTGACTGACCGAATAA,1
TTGAGTCACCGAATAA,1
TTGAGTTAATATGCGC,1
TTGATATCCAACACCA,1
TTGCAATTGAAATATA,1
TTGCAATTGAAGCATA,1
TTGCAATTGGAACATA,1
TTGCAGCGTTGTGGGG,1
TTGCAGTTGAAACATA,1
TTGCGATTGAGACATA,1
TTGCGTGATACTCACA,1
TTGCTACTGAGTAGTA,1
TTGCTCATGAGTAGTA,1
TTGCTCCTCAGTAGTA,1
TTGCTCCTGAGTAGTC,1
TTGCTCCTGAGTAGTT,1
TTGCTCCTGGGTAGTA,1
TTGCTCGTGAGTAGTA,1
TTGGCCCACGGGCATA,1
TTGGCGAACGGGAAGC,1
TTGGCTCACCGAATAA,1
TTGGGCACTAAAGTAA,1
TTGGGGAACGGGAAGG,1
TTGGGGAACGGGTAGC,1
TTGGGGAATTGGAAGC,1
TTGGGGATACGTCACC,1
TTGGGGGATTCAACTC,1
TTGGTCCTGAGTAGTA,1
TTGTATCAGTCGCATC,1
TTGTATCAGTGGCGCC,1
TTGTATCAGTTGCGCC,1
TTGTATCTGTCGCGCC,1
TTGTCCGTTGGGAACT,1
TTTAAAAAATCATAAA,1
TTTAAATCCAACACCA,1
TTTAATAGGCGTCACA,1
TTTAGGTGTGGTGTTG,1
TTTATATACAACACCA,1
TTTATATCCAACACGT,1
TTTATATCCAACACTA,1
TTTATATCCAACATCA,1
TTTATATCGAAATTAA,1
TTTATATCGAAATTCG,1
TTTATATCGAACACCA,1
TTTATATCGAGATGCA,1
TTTATATCGAGATTCT,1
TTTATATCGAGATTGA,1
TTTATATCGAGATTTA,1
TTTATATCGAGGTTCA,1
TTTATATCGATATTCA,1
TTTATATCGTGATTCA,1
TTTATATGGAGATTCA,1
TTTATCTCCAACACCA,1
TTTATGTCGAGATTCA,1
TTTATTAATAAACTTT,1
TTTCACAGAACCTAAC,1
TTTCACAGAACCTACC,1
TTTCACAGAACCTAGC,1
TTTCACAGAAGCTATC,1
TTTCACAGAGCCTATC,1
TTTCAGAGAACCTATC,1
TTTCAGCGTTGCTTTG,1
TTTCAGCGTTGGTTTG,1
TTTCAGCGTTGTCTTG,1
TTTCAGCGTTGTTTGG,1
TTTCAGGGTTGTTTTG,1
TTTCCGAATGGGGTAG,1
TTTCCGGATAAAGTAG,1
TTTCGCAGGACCTATC,1
TTTCGTGATACTCGCA,1
TTTCGTGATATTCACA,1
TTTCGTGGGACTTATA,1
TTTCGTGGTACTCACA,1
TTTCGTGTTACTCACA,1
TTTCTTTATACTCACA,1
TTTGGGTCAGACGCGG,1
TTTGTATCGAGATTCA,1
TTTTACAGAACCTATC,1
TTTTGACATAGCGATG,1
TTTTGTAATCTGAATA,1
TTTTGTGATACTCACA,1
