barcode,count
GGTCCATCTCAGATCG,92703
CAGATAATATAGAGAC,7220
ACTCTAGCTCGCTAAT,5655
TCGTCCATTGGGAACT,3550
CTTAGGTATTACATGC,3250
TCGTTGCACTACTGCT,1718
ACGAAGACTTTGTGAT,1281
TTGTATCAGTAGCGCC,875
ACCGGAAGTTGCCAAG,740
AATCACCTATATGTAA,699
CATAAAGGACTGTATA,342
AGCTGAATTCAGTATG,315
ACTGCGAGGCTACGTA,246
TTAATGTAGCCACTCC,233
CTACGAATTTGATTCC,212
GACCACCGAGTGACCG,191
ACAGTCTGAACCATAC,190
TCGTCGCACTACTACT,169
CTATATTGCCCAGAAG,167
GTAAAAACCTGCAAAT,117
AACACGTAAAACCGCC,108
CGGTCGGGACCCATCT,108
CTGAACCTGTCGATAT,108
AACGACAAACAGGAAG,103
CCCTGCGCGGCTCGAG,102
GAGGGGTAGAGAGACG,100
CGGACCCTGGATGGTA,95
TAATTAGAAATACATA,95
GAATTAGAAATACATA,94
TCTTATGAGGCGGCAT,93
CTGAACTTATCTGTAG,89
ACCGAGTGAATCATCC,86
AGTAAACATGTATTGG,85
GCCGAATGAATCATCC,85
CGTGTGCCCTTCAGCA,84
AGTAAACATTCATTGG,82
GTACAAACCTACAAAT,82
CAATTAGAGATACATA,77
CAATTAGAAATACATG,76
TCGAACGAAGTAAGAG,76
CATACAGTGTAATCGA,75
GTACCCAGTTCCTGTG,73
TTGGGGAACGGGAAGT,73
AACGGCTCCGACTAAG,72
AACCACCGAGTGACAG,69
TGGACCCTAGATGGTA,69
GTACAAACCTGTAAAT,68
AACCACCGAGTGACTG,67
ATAACATTTGTGCAAA,67
GTGGGATTGGAGAAAC,67
CCATGGGTGTACGAGA,65
TACCCTGCAAGCCACC,65
GTACAAACCTTCAAAT,63
AACCACCGAGTGACCA,62
CAATTAGAAATAAATA,61
ATTTAAATTCAAGGAC,60
AGTGTACCCTTCAGCA,59
AACTGCGTCCATCGAT,57
GTAGAACTGCGGCCCA,57
AAAAAATTTATGAAAA,54
GTACAAACCCGCAAAT,54
TGTCCATCTCAGATCG,52
CGGACCCTAGATGGGA,50
GTACAAACCGGCAAAT,50
GTACAAACCTGAAAAT,49
TTGTATAAGTCGCGCC,49
TGTGTACCCTTCAGCA,47
CGGACCCTAGAGGGTA,46
GACAAAGGGGACATAT,46
GGGACTATAGTTGGCA,46
GGTCCATCTCAGATCT,46
AACGGTTCCGACGAAG,45
GCACAAACCTGCAAAT,45
TAGAACCTCGTTGTCT,45
CGTGTACCCTTCATCA,44
GAAAAATTTATGACAA,44
AGTTGGGGTCTCCCCC,43
CCCTGCGCGGCTCTGG,43
CGTGTACCCTTCAGAA,43
GGTCCATCTCAGATTG,43
GTAGAAATGCGGCCCC,43
AACCACCGAGTGACCT,42
AACCACTGAGTGACCG,42
GATACAGAGTTTGTTG,42
TACCACCGAGTGACCG,42
TCTTATTGGGCGGCAT,42
CAATTAGAAATACGTA,41
CCCTGCACGGCTCGGG,41
CCCTGCGCGGATCGGG,41
TACCAAGGTCATTTGA,41
TACTCCTAACTAGCGA,41
TTACAAACCTGCAAAT,41
TTGGGGAAAGGGAAGC,41
AATCGCTGGTACCCGT,40
GATCACCATCGACTTC,40
AAAGACAAACAGTAAG,39
AACCACCTAGTGACCG,39
AATCGCTGGCACCCAT,39
ACCTGCGCGGCTCGGG,39
CTATATTGCCAGGAAG,39
GGTCCATCTCAGATAG,39
CGTGTACCCTCCAGCA,38
CTGAACTTGTCTGTGG,38
GGTCCATCTCGGATCG,38
TACCCTGCAAGACACT,38
AAACCCATGAGACCCC,37
CCCTGAGCGGCTCGGG,37
CCCTGCGCGGCTAGGG,37
CCCTGTGCGGCTCGGG,37
CGGACACTAGATGGTA,37
CTCAAATAACTGGCGC,37
GGTTCATCTCAGATCG,37
GTGGTATCAAGCCTGG,37
AAAAAATTTATTACAA,36
AAATTAGAAATACATA,36
ACTACGAGGCTACATA,36
ACTATCTAGAAATTTT,36
AGAAAATCTCGGATAC,36
CGTGTACCCTTCAGTA,36
CGTTTACCCTTCAGCA,36
CTATATTGCCCTGAAG,36
CTATATTTCCCGGAAG,36
GAACAAACCTGCAAAT,36
GGTGTTGAATAGGCGA,36
TTGGGGAACGGGAAGA,36
AAATGTTTGATAGACG,35
AACCACCGAGTGAACG,35
CAAATGCTGCATGAGG,35
CCCTGCGAGGCTCGGG,35
CCCTGCGCGACTCGGG,35
GTACAAACCTGCGAAT,35
TATGTCGTAGCCACAG,35
AATGAAACAATCGAAT,34
CACGGGCTAAGGTCTC,34
CGTGTACCCTTAAGCA,34
CTGAACTTATCTGCGG,34
GTACCCAGTTCCTGCA,34
TAATGGGTGTACGAGA,34
AACCACCGAGGGACCG,33
CCCTTCGCGGCTCGGG,33
GGTCCATCTCAGATCA,33
GGTCCATCTCATATCG,33
GTGGGGTAGAGATACG,33
TTTATATCCAACACCT,33
ACCAGCAATGAGTTGC,32
AGGACCCTAGATGGTA,32
CATTGGGACGCGCAAG,32
CCCTGCGCGGCTCGTG,32
CCCTGCGCGTCTCGGG,32
CCGGATAAATAAGAAC,32
GAGGTCCCTATGTAAT,32
GATCCAGATGCCCACC,32
TTATCTGGAGAGCGCT,32
TTATCTGTAGAGCGCC,32
AATTGAATCCTGCTTC,31
CCATGCGCGGCTCGGG,31
CTGAGCTGCCAAGAAG,31
GAAGTGCGTATTTAGT,31
GACCCTTTGTAAGATG,31
GTGTGATTGTCCGGAA,31
TCATGGGTGTACGAGG,31
TGTGACCCCCTCCAAC,31
TTATATTGCCCGGAAG,31
AACTAGATGTACAGTC,30
CACCATCGGCACCTAG,30
CATGTACCCTTCAGCA,30
CATTAAGAGAAGTGCG,30
CGGGGACAAGATGGTA,30
GACGACAAACAGTAAG,30
GCAGTACGATCTACGC,30
TACCCTGCAAACCACT,30
TCTTATTAGGCGACAT,30
AACCACAGAGTGACCG,29
AAGAAGCTATGGAAGT,29
AATCGCTGGCACCCGC,29
ATTACGAATGGGGTAG,29
CCTAACTCTCGCGGCA,29
CGTGTACCCGTCAGCA,29
CTAGCACAGCGTAGGT,29
TCTTTACCACTACATC,29
TTGCAATTGAGACATA,29
AAAAAATTTATGACAG,28
AAGATTAATTGAAGTT,28
AATCGCTGGCACCCTT,28
ACGTGTCTCCTAGCAA,28
ATTTAAATTATAGTCT,28
CATACAGAGTTTGTAG,28
CCCTGCGGGGCTCGGG,28
CGCGACACCCTTCCGT,28
CGTACCCTAGATGGTA,28
CGTGTACCCCTCAGCA,28
GAATGGAACTAACTCC,28
GGTCCATCTCAGACCG,28
GTACAAAACTGCAAAT,28
GTTATTATGACTCCAT,28
TACCCCGCAAGCCACT,28
TGACTCCACGGACGCC,28
TTGGGGAACGGGAATC,28
AACCACCGAGTGGCCG,27
AATGCGAGCATGGCAA,27
ACCAATTCACGAATAA,27
AGCTGACTTAAGTATG,27
CCCTGCTCGGCTCGGG,27
CGGGAACATACAGAAC,27
CGTGTACACTTCAGCA,27
CTTGGGTATTATATGC,27
GAAAGTCCCTATGGTG,27
GACCTACGAGACGTAA,27
GAGGGGTGGAGATACG,27
GCCAGCTCGTATCCTT,27
GGTTGGGGTCTCCCTT,27
GTACAAACCTGCAGAT,27
GTACCAAGTTCCTGCG,27
GTGGTATCAAGACGGG,27
TATGTCGTATCCACGG,27
TCTTCTTAGGCGGCAT,27
TTGGGATTGGAGAAAC,27
ATACAAACCTGCAAAT,26
CAATTAGAAATACAGA,26
CCCTGCGTGGCTCGGG,26
GTGCGATTATCCGGAA,26
TAGCGTTGTCGGAAAG,26
TCCAGCGAGGTAAGAG,26
AAAAAATTTACGACAA,25
AAACACCGAGTGACCG,25
AACACGTAGAATCGCC,25
AACAGAAGTCCAGGTA,25
AACCTACGAGGCGTAA,25
ACCCCCGGAGTTTGGC,25
ACTAGATTATAACGTA,25
AGCTCCTTGGGTATCA,25
CAATCAGAAATACATA,25
CATTGAGGCGCGCAAG,25
CCTGGGTTAAGTGGTG,25
CGCGACACACTTCCGG,25
CGTGTACCATTCAGCA,25
CTAGCACAGCGTAGGA,25
CTTAGGTATTATATGT,25
CTTGTACCCTTCAGCA,25
GAGAGCTACAGAAGCG,25
GCGTCCATTAAGATCA,25
GGGAGTATGAAGAGCG,25
GTATAAACCTGCAAAT,25
TACAGAATTCACGATG,25
TCATGGGTGGACGAGA,25
AACAACCGAGTGACCG,24
AATCGCTGGCACCCGA,24
ACCGAATGAATAATCC,24
AGGACTATAGTTGGTA,24
CCAACACAAGAAATTA,24
CCCCGCGCGGCTCGGG,24
CTCTTACACTCCTACG,24
CTGGAGGCCTGGCCCA,24
GTGAGCGAGAAAAGAA,24
TCCTGCGCGGCTCGGG,24
TTGTATCAGTCGCTCC,24
AACCACCGAGTGACGG,23
AACGGTTCCTACTAAG,23
ACACACGAGGTTGTGA,23
AGCATATGGATATGTG,23
CAAATGATGCATTAGG,23
CAAATGCTTCATTAGG,23
CACCGCGCCAAGCACC,23
CAGAACCTCGTTGTCC,23
CCCTGCGCGGCTCGGT,23
CGGACCCTATATGGTA,23
CGTGCACCCTTCAGCA,23
CTAACTTAAGTATCAA,23
CTGACCCTAGATGGTA,23
CTTAACTTATCTGTGG,23
GAGGGGGAGAGATACG,23
GATCGCCATCGACTCC,23
GCCGATTCACGAATAA,23
GGTATTTGCGCTTCAA,23
GTACAAGCCTGCAAAT,23
GTAGAACTGTGGCCCC,23
TTATCTGTAGAGAGCT,23
TTATTTGTAGAGCGCT,23
TTGGGGAACGGGAGGC,23
TTTATATCCAAAACCA,23
AACTTCCCTGACTGCC,22
AATGCGAGTATGTCAA,22
AGCATCTAACAGATGG,22
AGTGTTGAAGAGGCGA,22
AGTGTTGAATAGGAGA,22
ATGAACTTATCTGTGG,22
ATTAGGGCTACGGGAG,22
ATTCGGCTCTTGATTA,22
CAAAATCTATGGCGAC,22
CAAATGCTACATTAGG,22
CAAATGTTGCATTAGG,22
CACTGCGCGGCTCGGG,22
CGCGACACCCTTCCTG,22
CGGGAAATGGAAATGA,22
CGTGTACCCTTCAGCG,22
CTGAACTTATATGTGG,22
CTTTAAATTATAGTAT,22
CTTTTCTAGTATGCTT,22
GGGCCCGTAAGGACTA,22
GTACAACCCTGCAAAT,22
GTACCCAGTTCCCGCG,22
TCATGGGTGTAAGAGA,22
TCCAGCGGGGTAAGAG,22
TCTTATTAGGAGGCAT,22
TTATCTGTGGAGCGCT,22
TTTATATACAACACCA,22
TTTATATCCAACACCG,22
AACAGCAATGAGTTGT,21
AATAGCTGGCACCCGT,21
AATTCATGAGTACTAG,21
ACAAGATTAGGGGGAC,21
AGTGTTGAATAGACGA,21
ATGCAATTGAAACATA,21
ATTCAGAATGGGGTAG,21
CAAATGCTGCATTAGA,21
CAAATGCTGCATTGGG,21
CCAACACAAAAAATGA,21
CCCTGCGCGGCTCAGG,21
CCCTGCGCTGCTCGGG,21
CGGACCCTAGATGGCA,21
CGTGTACCCTTCAGCT,21
CTTACAGAAGACTAGA,21
GAATAAGAGAACAGAG,21
GTACCCAGTTCCTGAG,21
GTGGTATCGAGCCGGG,21
GTTCCATCTCAGATCG,21
TACCATGCAAGCCACT,21
TACCCTGTAAGCCACT,21
TCTAACTCTCGCGTCA,21
TCTTCACCACTGCATC,21
TTATCTGTAGAGCGAT,21
TTGGGCACTAAAGTAA,21
TTGTATCAGTCGCGTC,21
AAAAGAAGTCCATGTA,20
AAACCCATAAGACCCA,20
AACACGTAGAACCACC,20
AACTTCCCTTACTGCT,20
AAGAGTGATTGAAGTT,20
AATCGCTGGCACCCGG,20
ACAAGCAATGAGTTGT,20
ACACGGGTTGGCGGTA,20
ACACGGGTTGGCTGTG,20
ACAGAATGAATCATCC,20
ACGTGTCTCCGAGAAA,20
AGATCCGCCCTATAGT,20
AGCTCCTGGGGTATCG,20
ATTCCGAATGTGGTAG,20
CAATTAGAAAAACATA,20
CAGAACCTCATTGTCT,20
CAGGCTCTAGAGCTCC,20
CGAGACACCCTTCCGG,20
CGGACCCTAGATGGTG,20
CGTGTACCCTTCAACA,20
CGTTCAGTGATAACGG,20
CTCAATGTCGTAGGAC,20
CTGAACTGCCAATAAG,20
CTTAGGCTCTTGATTA,20
GAAGTACGCTTAATGA,20
GATAGCCATCGACTTC,20
GATCACGCAGAAAAGG,20
GATGCGAGCATGTCAA,20
GCCAGCTCGTATCCCC,20
GGTACATCTCAGATCG,20
GTGGTATCAAGCAGGG,20
GTGGTATCAGGCCGGG,20
TCGGATAAATCAGAAC,20
AAAAAATTTATGGCAA,19
AAAATGCTGCATTAGG,19
AACGACAAACAGTATG,19
AATCGCTGGAACCCGT,19
ACCTAATGAATCATCC,19
AGAGCTAAAAGGAGGA,19
AGCGACACCCTTCCGG,19
AGCTCCGGGGGTATCA,19
AGGTCGGGACTCATCT,19
ATAGGATTGGAGAAAC,19
ATATATTGCCCGGAAG,19
ATGGGATTGGAGAAAA,19
CAAATGCTGAATTAGG,19
CATACAGAGTTTGATG,19
CGCGACACCCTTCCAG,19
GACACGTAGAACCGCC,19
GAGGGGTAGAGATAAG,19
GTAGAACTGCGGCCCT,19
GTGCAAACCTGCAAAT,19
TAAATGCTGCATTAGG,19
TATTGAGACGCGCAAG,19
TCCAGCTCGGTAAGAG,19
TCGTCGCATTACTGCT,19
TCTTAGTCCTCGGATG,19
TGCTATTACGGCGCGG,19
TGGCATTGTCGGAAAG,19
TGGGAACATACATAAC,19
TTGGGGAATGGGAAGC,19
TTTGGGAACGGGAAGC,19
AACCGTACCGCGCTTA,18
AACGAATGAATCATCC,18
AACTACAAACAGTAAG,18
AATGTGAGCATGTCAA,18
ACAGTCCACCATGGAG,18
ACTGTCTAGAAAGTTT,18
AGCCACCGAGTGACCG,18
AGTATTGGCTTGGTTA,18
AGTCCATCTCAGATCG,18
CAATTAGGAATACATA,18
CACCCTGCAAGCCACT,18
CATGTCGTATCCACAG,18
CATTGAGACGCACAAG,18
CCAAGCTTGGTGCATC,18
CCGGATAAGTCAGAAC,18
CGAATCCACGGACGCC,18
CGGACCCCAGATGGTA,18
CGGGCCCTAGATGGTA,18
CGTGTACCCTTCGGCA,18
CGTTCAGCGATAATGG,18
CTAATTTAAGTAGCAA,18
CTATTTAACAGACGAA,18
CTGAGGGATTCAAATC,18
CTTAGGTATTATGTGC,18
CTTCGTCTCTTGATTA,18
CTTTGGCTCTTGATTA,18
GATCGCCATAGACTTC,18
GGTCCATCTAAGATCG,18
GTACAAACCTGCAAAG,18
GTAGAACTGCGTCCCC,18
GTGAGTGAGAAAAGCA,18
GTGCGATTGTCCTGAA,18
GTTGCTCCGACACGCA,18
TAGCATTGTTGGAAAG,18
TATGTCGTATCAACAG,18
TATGTCGTATCCACAT,18
TATTAAAAGAAGTGCG,18
TATTAAGAGAAGGGCG,18
TCCAGTGCGGTAAGAG,18
TCCATCGCGGTAAGAG,18
TCCGGCGCGGTAAGAG,18
TGCGACACCCTTCCGG,18
TGTCCGGATAAGGTAG,18
TTATATGTAGAGCGCT,18
TTGGGGAACGGGGAGC,18
TTGGGGGACGGGAAGC,18
TTTATATCGAGAGTCA,18
AAAAAAATTATGACAA,17
AACCTCCGAGTGACCG,17
AACGGCAAACAGTAAG,17
AACTACCGAGTGACCG,17
AAGAACCTCGTTGTCT,17
AATCGCTGTCACCCGT,17
AATGCGAGAATGTCAA,17
ACAAGCTTGGCGCATC,17
ACGTGTCTCCGATCAA,17
AGCATCTAACGGATAG,17
AGCTCCTGGGGTATCT,17
ATTTCGAATGGGGTAG,17
CAATGAGAAATACATA,17
CCTTGATGCATTCCCA,17
CCTTGATGCATTCCCT,17
CGCACTTTATGAGACA,17
CGTGTACCCTTCACCA,17
CTAGAACAGCGTAGGC,17
CTTTAAATTATAGCCT,17
GATCTTGGGGAGAGTA,17
GCATTTTCCAATAGGT,17
GGGGGGTAGAGATACG,17
GGTCAATCTCAGATCG,17
GTACAAACATGCAAAT,17
GTACAGACCTGCAAAT,17
GTGCGATTGCCCGGAA,17
GTGCGATTGGCCGGAA,17
TACGGCCGGCGAACTC,17
TCATTGGTGTACGAGA,17
TCGAACGAAGTAGGGG,17
TCTTATTAGGCGGTAT,17
TCTTATTCCTCGTATG,17
TGATATTCCGGCGCGG,17
TGCATAGGGATATGTG,17
TGCTATTCCGGCGAGG,17
TGCTATTCCTGCGCGG,17
TTAAGAATTTGATTCC,17
TTATGTCCAGACTCGT,17
TTCTATTCCGGCGCGG,17
TTCTGTCCAGACTCTT,17
TTGGGGAACTGGAAGC,17
TTTATATCAAACACCA,17
AAAAAAGTTATGACAA,16
AACCACCGAGTTACCG,16
AACGACAAACAGTAAT,16
AATCACTGGCACCCGT,16
AATCGATGGCACCCGT,16
AATCGCTGGCACACGT,16
AATCGCTGGCACCAGT,16
ACAATCTGAACCACAC,16
ACCGAATGAATCATCA,16
ACTGTATAGAAATTTT,16
AGGTTCAGACTCTTGT,16
AGTTGGGGTCTCCCCT,16
ATGGGGAACGGGAAGC,16
CAAATTCTGCATTAGG,16
CAGGATAAATCAGAAC,16
CCAAGCTTGGCTCATC,16
CCGGATAAAGCAGAAC,16
CGGACAGGGAATCAAA,16
CGGACCCGAGATGGTA,16
CGGACCCTAGATGATA,16
CGGACCCTAGATGTTA,16
CGGTCAGGGAATCAAA,16
CGTATACCCTTCAGCA,16
CTAGCACAGAGTAGGC,16
CTATATTGTCCGGAAG,16
CTTAGGGATTCAACTC,16
GACCCCTTGTAAGAGG,16
GAGAGCTGCAGAAGAG,16
GAGCTTGCTATGGGTC,16
GGCATCTAACAGATAG,16
GGGGAACATACATAAC,16
GGTCGTTTAGATAGTT,16
GTAACCAGTTCCTGCG,16
GTACAAACCTGCAAAC,16
GTGCGATTGTCAGGAA,16
TAGGCTCTAGAGCTCT,16
TATGTCTTATCCACAG,16
TCCAGAGCGGTAAGAG,16
TCCAGCGCGGGAAGAG,16
TCTCGACATAGCGATG,16
TGCTATTCCGGCTCGG,16
TGGGAAATGTAAATGA,16
TTATCTGTACAGCGCT,16
TTCTGTCCGGACTCGT,16
TTGTATCAGTCGCACC,16
AACAGAAGTACATGTA,15
AACCCTGCAAGCCACT,15
AACGACAAAAAGTAAG,15
AACGACAAACGGTAAG,15
AATCGCTAGCACCCGT,15
ACCCCCGGAGCTTGGT,15
ACGGATAAATCAGAAC,15
AGAAAATCTCATATAC,15
AGAGAATCGCAAATTA,15
AGTAGTTTAGATAGTT,15
AGTATCTAACAGATAG,15
ATGGGATTGGGGAAAC,15
ATTATATCCAACACCA,15
CAAATGCTGCATTAGT,15
CAGGAAATGTAAATGA,15
CCAAGCTTGGCGCGTC,15
CCATATTGCCCGGAAG,15
CGATTAGAAATACATA,15
CTAATTTAAGTATAAA,15
CTATATTGACCGGAAG,15
CTATCACAGCGTAGGC,15
CTGAGCTACCAATAAG,15
CTTCGGCTCCTGATTA,15
GAAGAAACTATGACCA,15
GAAGAATAGAACAGAG,15
GAGCTTGCTACGGATC,15
GAGGGGTAGAGATGCG,15
GATATTGGGGAGAGTC,15
GATCTTGGGGAGAGGC,15
GATCTTGGGGGGAGTC,15
GCATGGAACGAACTCC,15
GTACAAACCTGCAAAA,15
GTAGAACTGCGGTCCC,15
GTGAGATTGTCCGGAA,15
GTGCGATTTTCCGGAA,15
TAGAATTGTCGGAAAG,15
TAGATTACTAGCCGGA,15
TATTTCGTATCCACAG,15
TCATGGGTGTACTAGA,15
TCATGGGTGTGCGAGA,15
TCATGGGTTTACGAGA,15
TCTTAGTCCCCGTATG,15
TCTTAGTCCTAGTATG,15
TGAAGTGGTATACATA,15
TTATCTGTAGAGCTCT,15
TTGCTCCTTAGTAGTA,15
TTTATATCCAACAACA,15
TTTATATCCAACACAA,15
TTTATATCCGACACCA,15
TTTTAAATTATAGTCT,15
AAAAAATTTATGACGA,14
AACACGTAGAACCTCC,14
AACAGAAGTCCATGTG,14
AACCAACGAGTGACCG,14
AAGAAGCTAGAGAAGT,14
AAGATTGATTGAAGGT,14
AAGCGGTGATGTGAGT,14
AAGGGGCCTTATAATG,14
AATCGCTTGCACCCGT,14
AATGCGAGCATGTAAA,14
ACCAGAAATGAGTTGT,14
ACCATCAATGAGTTGT,14
ACCGAATGAATCATAC,14
AGAAAATCTAAGATAC,14
AGCTCATGGGGTATCA,14
AGGAAAGAAACGGGAG,14
AGGAGTATGGAGAGCG,14
AGGGAAATGTAAATGA,14
AGGGAACATACATAAC,14
AGTTGGGGTCTACCTT,14
ATAGGATATATGGCGG,14
ATGGGATGGGAGAAAC,14
ATTTAAATTAGAGGAC,14
ATTTGAATTCGAGGAC,14
ATTTGGGGTCTCCCTT,14
CACTAGATGGACAGTC,14
CATACAGAGATTGTTG,14
CCCTGCGCGGCTCGGA,14
CGGAACCTAGATGGTA,14
CGGACCCTAGGTGGTA,14
CTATATTGCACGGAAG,14
CTTATATCCAACACCA,14
GAATAATAGAAAAGAG,14
GACCCCTTGGAAGATG,14
GACCGTACCGCGTTTA,14
GAGGGGTAAAGATACG,14
GGCCCATCTCAGATCG,14
GTAAGCAAAGTTTACC,14
GTACACAGTTCCTGCG,14
GTACCCAGTTCCTTCG,14
GTGGTATCAAGTCGGG,14
GTGGTATCAATCCGGG,14
TACCCTGAAAGCCACT,14
TACCCTGCAAGCAACT,14
TACCCTGCAAGCCAAT,14
TACCCTGCAATCCACT,14
TATGTAGTATCCACAG,14
TATGTCATATCCACAG,14
TATTATTAGGCGGCAT,14
TCAAGCGCGGTAAGAG,14
TCAATCGGGGGATAAA,14
TCATGGGTATACGAGA,14
TCTAACTCTCTCGGCA,14
TCTTATTAGGCGTCAT,14
TGCCCTGCAAGCCACT,14
TGTTGAGCCAGTCTGG,14
TTACCCAGTTCCTGCG,14
TTCATATCCAACACCA,14
TTCATCAAGTTGGTGT,14
TTTAAGCGTTGTTTTG,14
TTTATATCCAGCACCA,14
TTTCAGCATTGTTTTG,14
AAACCCATAAGACCAC,13
AAACCCATAATACCCC,13
AAACGGGTTGGCTGTA,13
AACTCGTGAGTACTAG,13
AATCGCTGACACCCGT,13
AATCTCTGGCACCCGT,13
AATGCGATCATGTCAA,13
AATGGAACAATCGAAC,13
AATTAAACAATCGAAC,13
ACAAGATTCGGGGGGC,13
ACAGTATGATCTACGC,13
ACATGGGTTGGCTGTA,13
ACCGAATGGATCATCC,13
ACGAGATTCGGGGGAC,13
ACTGGGTTAAGTTGTG,13
AGAATCTAACAGATAG,13
AGATCCCAGATCCTTT,13
AGCATCTAACATATAG,13
AGTATTTGCGCTGCAA,13
AGTTGGGGTATCCCTT,13
AGTTGTGGTCTCCCTT,13
ATTCCGAATGGGGTGG,13
ATTCCGGATGGGGTAG,13
ATTTTTCCATGGCTAC,13
CAAATGCTGTATTAGG,13
CAATTAGAAATGCATA,13
CAATTGGAAATACATA,13
CACACTTTACGAGACA,13
CACCTAGGATCACACT,13
CACTAGATGTAAAGTC,13
CATACAGAGTTTGTGG,13
CATTGAGACGCGAAAG,13
CATTGAGACGCGCAGG,13
CATTGAGACGCTCAAG,13
CCAACACAAAAAAGTA,13
CCAAGATTGGCGCATC,13
CCAAGCTTGGCGCACC,13
CCAAGCTTGGCGCATA,13
CCAAGCTTGTCGCATC,13
CCGAGGGATTCAACTC,13
CGCGAAACCCTTCCGG,13
CGTGGCCCCCTCCAAC,13
CGTGTAACCTTCAGCA,13
CGTGTATCCTTCAGCA,13
CGTTCAGAGATAACGG,13
CTAGCACATCGTAGGC,13
CTCGACACCCTTCCGG,13
CTGGAGGACTGGCCCC,13
CTGGAGGCCGGGCCCC,13
GAAGTACGCTGAATGG,13
GAGAACCTCGTTGTCT,13
GAGAGCTGAAGAAGCG,13
GAGGGGTAGATATACG,13
GAGGGGTAGGGATACG,13
GCCTTTGTGCGCAGTC,13
GCGAAGTTTCATAGAG,13
GGTCCATCCCAGATCG,13
GGTCGCCATCGACTTC,13
GTACCCATTTCCTGCG,13
GTCGCATCCTGGAAGG,13
GTGCGATTGTCTGGAA,13
TAAATGTTATTCTCAC,13
TCACGACTCGACGAAC,13
TCCAGCGCGGTAAGGG,13
TCGATTACTGGCCGGA,13
TCTCTTCAACTAAAAA,13
TCTTGACATAGCGAGG,13
TCTTTACCACTTCATC,13
TGAACCGCAGACACGT,13
TGCCATTCCGGCGCGG,13
TGCTATTCAGGCGCGG,13
TGCTATTCCAGCGCGG,13
TGCTATTCCGGAGCGG,13
TGCTATTCCGTCGCGG,13
TGTGGAGCGCCCGTAC,13
TTATCTGTAGAGTGCT,13
TTATCTGTAGGGCGCT,13
TTGAAAAAATCAGAAA,13
TTGGGGAACGGGAAAC,13
TTGGGGAGCGGGAAGC,13
TTTATGTCCAACACCA,13
AAAGAATTTATGACAA,12
AACACGTAGTACCGCC,12
AACAGAAGTCCATTTA,12
AACCACCGATTGACCG,12
AACGGTTCCAACTAAG,12
AACTTCCCTGACTACT,12
AAGTGTCTCCGAGCAA,12
AATGCGGGCATGTCAA,12
AATGTCTAGAAATTTT,12
ACAAGATTCGGGAGAC,12
ACAGTACGATCTACTC,12
ACAGTCCACCATCGAG,12
ACATCCTCAACTCCTA,12
ACCAGCAATGAGTTAT,12
ACCAGCTCGTATCCCT,12
ACGTTTCTCCGAGCAA,12
AGAAAATATCAGATAC,12
AGATCCTGGGGTATCA,12
AGCATATAACAGATAG,12
AGCATCTAAAAGATAG,12
AGCATCTAACAGAGAG,12
AGCTCCTGGGGTATAA,12
AGGGGACAAGATTGTA,12
AGTGTTGAATAGGCTA,12
AGTGTTGAATAGGTGA,12
AGTTGGGGTCTCCCTC,12
ATAGAATAGCAAATTA,12
ATAGGATATATGGCTT,12
ATCATAGGGATATGTG,12
ATCATCTAACAGATAG,12
ATCTCCTGGGGTATCA,12
ATGGGATTGGAGAGAC,12
ATTCCGAATGGGTTAG,12
CAAATGCCGCATTAGG,12
CAATTATAAATACATA,12
CATAAAGAGTTTGTTG,12
CATGGGTTAAGTTGTG,12
CATTGAGACGCGCAAT,12
CATTGATGCATTCCCG,12
CCCTACGCGGCTCGGG,12
CCCTGCGCGGCTCGGC,12
CCGTATAAATCAGAAC,12
CGAACCACAGACACGT,12
CGCGGCACCCTTCCGG,12
CGTGTACCCTTTAGCA,12
CGTGTACTCTTCAGCA,12
CGTTAAGCGATAACGG,12
CGTTCAGCGATAAAGG,12
CGTTCATCGATAACGG,12
CTAATTTAAGTATCGA,12
CTAGCACAGCGTAGAC,12
CTAGCACGGCGTAGGC,12
CTATATTGCCCGTAAG,12
CTGAACTTATCTGTGT,12
GAATAATAGAACAGGG,12
GAATAATGGAACAGAG,12
GAGAAGTTTCATAGCG,12
GAGGGGTAGAGACACG,12
GAGGGGTAGAGATATG,12
GCAAACAGTGTAGTGG,12
GCATTGAACTAACTCC,12
GGTCCACCTCAGATCG,12
GTACGAACCTGCAAAT,12
GTAGAACTGAGGCCCC,12
GTCACATCCTGGAATG,12
GTGGCATCAAGCCGGG,12
GTGGTATAAAGCCGGG,12
TAATAAGCCAGCAAGG,12
TACACTGCAAGCCACT,12
TACAGCGCGGTAAGAG,12
TACCCCTTGTAAGATG,12
TACGACAAACAGTAAG,12
TACTGATAACCCTGTG,12
TAGCATTGTAGGAAAG,12
TAGCATTGTCGGGAAG,12
TCTAACTCTCGAGGCA,12
TCTAACTCTCGCGGTA,12
TCTTATTAGGCGGAAT,12
TCTTGACATAGTGATG,12
TGCTATTCCGGCGCAG,12
TGCTATTCCGGCGCTG,12
TGTGGAGTGCCCTTAC,12
TGTTGAGTCAGTCTGA,12
TTATCTGTAGAGCACT,12
TTCTGTCCAGACTCAT,12
TTCTGTCCAGACTCGC,12
TTGAACTTATCTGTGG,12
TTTATACCCAACACCA,12
TTTATATCCAACGCCA,12
AAAAAATTTAGGACAA,11
AAAAAATTTGTGACAA,11
AACACGTAGAACAGCC,11
AACGACAAACAGTGAG,11
AACGGTTCAGACTAAG,11
AACGGTTCCGACTAAT,11
AACTTCCCTGACTGTT,11
AACTTCCCTGACTTCT,11
AAGGGGTAGAGATACG,11
AATGCGAGCATGTCAT,11
ACAAGGGTTGGCTGTA,11
ACAATCTGAACCATAT,11
ACAATCTTAACCATAC,11
ACAGTACGGTCTACGC,11
ACATTTTCCAATAGTT,11
ACCAGCAATGAGGTGT,11
ACCGGATGAATCATCC,11
ACGTGTCTCCGAGTAA,11
ACTTTCTAGAAATTTT,11
AGCATAGGGATATGGG,11
AGCGACAAACAGTAAG,11
AGCGACATCACCCTTT,11
AGCTACTGGGGTATCA,11
AGGACTATAGTTGTCA,11
AGGAGTATGAAGAGTG,11
AGTATTTGCGCTTCAT,11
AGTCGTTTAGATAGGT,11
AGTGACCCCCTCCAAC,11
AGTGTTGAATATGCGA,11
AGTGTTGAATGGGCGA,11
ATAAACGCATGTGCCA,11
ATGCCCGTAAGGACTA,11
ATGGAGGCCTGGCCCC,11
ATGGGATTGGAGAAAT,11
ATTCCGAATGGGGGAG,11
ATTCCTAATGGGGTAG,11
CAAAATCTAAGGCGAC,11
CAAAATCTACGTCGAC,11
CACCATCATCACCTAG,11
CAGAACCTCGTTTTCT,11
CAGACCCTAGATGGTA,11
CATACAGAGGTTGTTG,11
CATTGAGACTCGCAAG,11
CCCAGCGCGGTAAGAG,11
CCCTATGAAATAAGAT,11
CGAACTTTACGAGACA,11
CGCTACACCCTTCCGG,11
CTAGCACAGCGTAGTC,11
CTATATTGCCCGGAGG,11
CTATATTGCCCGGGAG,11
CTATATTGCCTGGAAG,11
CTCACTTTACGAGACA,11
CTGAGATGCCAATAAG,11
CTGAGGGATTAAACTC,11
CTGGAGGCCTTGCCCC,11
CTGGAGTCCTGGCCCC,11
CTGTACCCGCAGTTGA,11
CTTCGGCTCTCGATTA,11
CTTCGGCTCTTGATTG,11
CTTTAAATTATGGTCT,11
GAAACCCCCAAATAAC,11
GAAAGTCCCTATGAGG,11
GAAGTACGATGAATGA,11
GACGGGATGGGAACGT,11
GAGAGCTGCGGAAGCG,11
GATCGACATCGACTTC,11
GATCTCCATCGACTTC,11
GCATGGAACTAACTAC,11
GCATGGGACTAACTCC,11
GCCAGCTCGTATCCAT,11
GCCATCTCGTATCCCT,11
GCCTAAAGGATAATGA,11
GCCTGCGCGGCTCGGG,11
GCGAAGTTTCGTAGCG,11
GCGTATGATTTTCGAG,11
GGTCCATCTCAGGTCG,11
GTAAGAAAAGTTGACC,11
GTAATTTAAGTATCAA,11
GTACCCAGTTCCAGCG,11
GTGCGATTGTCCAGAA,11
GTTACTCCGACACGCC,11
TAAAAATCCTCCATGA,11
TAACGTGATTTCTCAA,11
TAACGTTATTTCTCGA,11
TAATGTGATTTCTCGA,11
TACCCTGCAGGCCACT,11
TACCCTTCAAGCCACT,11
TACCTGCTGCGGAAAG,11
TACTGATAACCCGGCG,11
TAGCATTATCGGAAAG,11
TAGCTGATAGTGACTC,11
TATCATTGTCGGAAAG,11
TATGTCGTATACACAG,11
TATGTCGTATCCAAAG,11
TATGTCGTATCCATAG,11
TATGTTGTATCCACAG,11
TATTAAGAGAAGTGTG,11
TCAAACGAAGTAGGAG,11
TCAACACAAAAAATTA,11
TCATGGAACTAACTCC,11
TCCAGCGCTGTAAGAG,11
TCTTATTAGGTGGCAT,11
TCTTGACAGAGCGATG,11
TGGCCAGGGAATCAAA,11
TGGGGACAAGATTGTA,11
TGTAATAGGCGTCACG,11
TGTGGAGCACCCTTAC,11
TGTGGAGCGCCATTAC,11
TGTTGAGCCAGTCCGA,11
TTACGAATTTGATTAC,11
TTATCTGTAGAGCGTT,11
TTATCTTTAGAGCGCT,11
TTTATATCGAGATTCG,11
TTTCACGGAACCTATC,11
AAAAAATTCATGACAA,10
AAAGTCCACCATTGAG,10
AAGCGGTTATGTGATT,10
AATCGCCGGCACCCGT,10
AATCGCTGGCAACCGT,10
AATGAAAAAATCGAAC,10
AATGAAACAATCTAAC,10
AATGAGAGCATGTCAA,10
AATTGAGACGCGCAAG,10
ACAATATGAACCATAC,10
ACACTGGTTGGCTGTA,10
ACCAACAATGAGTTGT,10
ACCACCGGAGCTTGGC,10
ACCGAATGAATCATCT,10
ACCGAATGAATCATTC,10
ACGTATGATTTTCGGG,10
ACGTATGATTTTTGAG,10
ACGTATTATTTTCGAG,10
AGAATAGGGATATGTG,10
AGAGACATCGCCCTTT,10
AGCATAGGGATGTGTG,10
AGCATCTGACAGATAG,10
AGCGGTTCCGACTAAG,10
AGGAAAGAAACTTGAG,10
AGGAGTATGAAGAGAG,10
AGTCGTTTATATAGTT,10
AGTCTTTTAGATAGTT,10
AGTGTCGAATAGGCGA,10
AGTGTTGAATAGTCGA,10
AGTTGGGGTCTCACTT,10
AGTTGGGGTCTCCCGT,10
ATACACGCATGTACCA,10
ATAGAATCACAAATTA,10
ATATAAAAAAATTAGT,10
ATCATGATAATCGCGC,10
ATTTAAATTCGAGGAA,10
CAAAATCTACGGCGAT,10
CAATTAGAAACACATA,10
CAATTAGAAGTACATA,10
CACGGCCGGTGAACTC,10
CAGAACCCCGTTGTCT,10
CAGAACCTAGTTGTCT,10
CAGAACCTCGTTGTAT,10
CAGAACCTCGTTGTCA,10
CAGGCTCTAGAGCGCT,10
CAGGCTCTAGATCTCT,10
CAGGCTCTGGAGCTCT,10
CAGTCTATTATGACTC,10
CATACAGAGTTTTTTG,10
CATGGGAATTGTCACT,10
CATTGAGACGAGCAAG,10
CATTGAGACGTGCAAG,10
CCAAGCTTGGCGAATC,10
CCAATCTTGGCGCATC,10
CCTTGATGCATTCCAG,10
CCTTGATGTATTCCCG,10
CGCACTTTACGAGAAA,10
CGCGACACCCCTCCGG,10
CGCGACACCCTTACGG,10
CGCGACACCCTTCAGG,10
CGCGACGCCCTTCCGG,10
CGGACCATAGATGGTA,10
CGGGCTCTAGAGCTCT,10
CGTGGACCCTTCAGCA,10
CTAGTACAGCGTAGGC,10
CTATATTACCCGGAAG,10
CTATCTGTAGAGCGCT,10
CTATTTAACAGACGTG,10
CTATTTAACGGACGTA,10
CTGAAATTATCTGTGG,10
CTGAACTTATCTTTGG,10
CTGGACTTATCTGTGG,10
CTGGAGGTCTGGCCCC,10
CTGGGGAACGGGAAGC,10
CTGTACCTGCAGTCGA,10
CTTTCAGCGATAACGG,10
GAAGAAAATATAACCA,10
GAAGTACGCCGAATGA,10
GACCCTGCAAGCCACT,10
GACTAAAGGATCATGA,10
GAGCTTGCTATGGATA,10
GAGCTTTCTATGGATC,10
GAGGGGTAGAGATACT,10
GATCGCCATCTACTTC,10
GCAAACATTGTAGTTG,10
GTAAGCAAAGTTGACA,10
GTAAGCAAAGTTGATC,10
GTACCCAGTTCCTGCT,10
GTGGGGAACGGGAAGC,10
GTGTTATCAAGCCGGG,10
GTTGCTCCGACACTCC,10
GTTGTATCAAGCCGGG,10
TAACCTGCAAGCCACT,10
TACCCTGCAAGCCACG,10
TAGCATTGTCGGAGAG,10
TATGTCGTATCCACAA,10
TATGTGGAGCCCAACA,10
TATTAGTCCTCGTATG,10
TCGAAAGAAGTAGGAG,10
TCGTCGCACTACGGCT,10
TCTTAGTCATCGTATG,10
TCTTGGTCCTCGTATG,10
TGCTATTCCGGTGCGG,10
TGGAATCGTCACCTAT,10
TGTGGTGGTCGATCCG,10
TTACGAATTTGATTCA,10
AAACACATAAGACCCC,9
AACACGTAGAAACGCC,9
AACAGAAGTCAATGTA,9
AACAGAAGTCCATGGA,9
AACAGGAGTCCATGTA,9
AACCACCGAGTGACCC,9
AACCACCGGGTGACCG,9
AACCTACGAGACGGAA,9
AACGGTTACGACTAAG,9
AAGAGGTGATGTGATT,9
AAGGGGACTCATAATG,9
AATACAGAGTTTGTTG,9
AATGAAACAATAGAAC,9
AATGCTAGCATGTCAA,9
ACACGGGTTGGCCGTA,9
ACACGGGTTGGCTTTA,9
ACACGGGTTGGTTGTA,9
ACAGGATTCGGGGGAC,9
ACAGTCCACCATTGGG,9
ACCAGCAATGAGTTTT,9
ACCGAATGAATCACCC,9
ACGGGATTGGAGAAAC,9
ACGGGGATTGGCGGTT,9
ACGGGGATTGGCTGGT,9
ACGTATGATTTTAGAG,9
ACTAGCAATGAGTTGT,9
AGATCCAAGGTCCTTT,9
AGATCCCATGTCCTTT,9
AGCATAGGGATAGGTG,9
AGCGACATCTCCCTTT,9
AGCTCCTGGTGTATCA,9
AGGCACGTAAGGACTA,9
AGGCCCGTAAGTACTA,9
AGGTTCAGACTCTCGC,9
AGTATTTGCTCTTCAA,9
AGTATTTGTGCTTCAA,9
AGTTTGGGTCTCCCTT,9
ATAGAATCTCAAATTA,9
ATAGCACAGCGTAGGC,9
ATTAGGGCTACGTTAG,9
ATTAGGTATTATATGC,9
ATTATAATATCTAATA,9
ATTATGGCTACGTGAG,9
ATTCCGAATTGGGTAG,9
ATTCCGAGTGGGGTAG,9
CAAAATCTACGGTGAC,9
CAATTAGAAAGACATA,9
CACAATCAGCACCTAG,9
CACAGACAAGAAAAAA,9
CAGAACATCGTTGTCT,9
CAGAACCTCTTTGTCT,9
CAGCCAGGGAATCAAA,9
CATACAGAGTTTGTCG,9
CATGGGAATGGCCACT,9
CATTCAGCGATAACGG,9
CATTGAGAAGCGCAAG,9
CCAACACAGAAAATTA,9
CCAAGCTTGGAGCATC,9
CCCTATGAAATAATCT,9
CCCTGCGCGGCCCGGG,9
CCGAGCTGCCAATAAG,9
CCGGAGGCCTGGCCCC,9
CCTGATAAATCAGAAC,9
CCTGTACCCTTCAGCA,9
CGAAAACATTAAAAAT,9
CGAATGCTGCATTAGG,9
CGAGAACATTACAAAT,9
CGGTCGGGACTCATCC,9
CGTGACCACCTCCAAC,9
CGTGACCCCCTCCAAT,9
CGTTAACGGCCTACCC,9
CTAGCACAGCGTAGCC,9
CTATATTGCCCGGAAT,9
CTGAACTTATCTGTTG,9
CTGAGCTTATCTGTGG,9
CTGAGGGACTCAACTC,9
CTGAGGGATTCAACGC,9
CTGGAGGCCCGGCCCC,9
CTTAGGTATTATATGA,9
CTTCGACTCTTGATTA,9
CTTCGGCTATTGATTA,9
CTTCGGCTCTTGATGA,9
GAAATCCCCAAAGAAC,9
GAAGTGCTTCTGAAGT,9
GAAGTGTGTATTGAGT,9
GACCCCCTGTAAGATG,9
GAGAGCTGCAGAAGCT,9
GAGAGCTGCAGAAGTG,9
GAGCTTGATATGGATC,9
GAGCTTGCTATGTATC,9
GAGGAAACTATAACCA,9
GATCACGAAGAAAAAG,9
GATCGCAATCGACTTC,9
GATCGCTGGCACCCGT,9
GATCTTGCTATGGATC,9
GATCTTGGGGAGAGCC,9
GCCAGCAATGAGTTGT,9
GCCAGCTCGTATCCCA,9
GCCTCTGCGCGCAGTC,9
GCGAAGTTTCATGGCG,9
GGCCCCTTGTAAGATG,9
GGTGTACCCTTCAGCA,9
GTACCCAGTTCCTACG,9
GTAGAACTGCTGCCCC,9
GTCAAGTTACTGATGG,9
GTGAGAGAGAAAAGCA,9
GTGAGCGAGAAAAGCG,9
GTGAGCGAGAAAGGCA,9
GTGAGCTGCCAATAAG,9
GTTCCGAATGGGGTAG,9
GTTCGATTGTCCGGAA,9
TAAAAAGCCTACATGA,9
TACCATCAGCACCTAG,9
TACCCTGCAAGCCATT,9
TACCCTGCAAGTCACT,9
TACGTCGTATCCACAG,9
TATGTCGTATCCGCAG,9
TCATGGGTGTATGAGA,9
TCATGTGTGTACGAGA,9
TCCAGCGCGATAAGAG,9
TCCAGCGCGGTAAGAT,9
TCCAGCGCGGTAATAG,9
TCCTAAAGGATCATGA,9
TCGAGTTAATATGCAC,9
TCGATTACTAGCAGGA,9
TCTATATCCAACACCA,9
TCTGGGTTAAGTTGTG,9
TCTTATTAGGCTGCAT,9
TCTTATTAGTCGGCAT,9
TCTTCCGTTGGGAACT,9
TCTTGACATAGCGATT,9
TGCACTTTACGAGACA,9
TGCGGTGGTCGATCTG,9
TGCGGTGGTTGATCCG,9
TGCTATTCTGGCGCGG,9
TGGAATCATCACCGAT,9
TGGTCGGGACTCATCT,9
TGTAATGGGCGTCACA,9
TGTGGAGAGCCCTTAC,9
TGTGGAGCTCCCTTAC,9
TGTTGAGCAAGTCTGA,9
TTACGAATTTGAGTCC,9
TTGCTCCTGAGTAGTG,9
TTGCTCCTGAGTATTA,9
TTGTAATTGAAACATA,9
TTGTATCAGTCGAGCC,9
TTGTATCAGTCGCGCA,9
TTGTATCAGTCTCGCC,9
AAAAAATTTATGATAA,8
AAAAAGTTTATGACAA,8
AAATTTTCCAATAGGT,8
AACAGAATTCCATGTA,8
AACGAAAAACAGTAAG,8
AACGACAAACATTAAG,8
AACGACAAGCAGTAAG,8
AACGATTCACGAATAA,8
AACGGTTCCGACTGAG,8
AACGGTTCTGACTAAG,8
AACTGCGTTCATAGAT,8
AACTTCCCTGACTGAT,8
AAGAAATTTATGACAA,8
AAGAAGACTTTGGGAT,8
AAGATTGATTGAATTT,8
AAGGGGATTGGCTGTT,8
AAGTTAAGAGAAAGGT,8
AATCGGTGATGTGATT,8
AATGCGAGCATGTCGA,8
AATTCGTGAGTAATAG,8
AATTCGTGAGTACTGG,8
ACAAAGTCTCTAGAAG,8
ACAAGATTCGTGGGAC,8
ACAAGATTTGGGGGAC,8
ACAATATTCGGGGGAC,8
ACACGGGTTGACTGTA,8
ACAGTCCACCATTAAG,8
ACCAAATGAATCATCC,8
ACCAGCAATTAGTTGT,8
ACCATTGTACACACCA,8
ACCGAATTAATCATCC,8
ACCGATTCACTAATAA,8
ACCTAAAGGATCATGA,8
ACGAACGAAGTAGGAG,8
ACGTATGATTTTCTAG,8
ACGTCCATTAAGATAA,8
ACGTGTATCCGAGCAA,8
ACGTGTCTACGAGCAA,8
ACGTGTCTCTGAGCAA,8
ACTACTAGGCTACGTA,8
ACTCTGGCTCGCCAAT,8
ACTGTCTATAAATTTT,8
AGAAAATCTCAGATAA,8
AGAAAATCTCAGATAT,8
AGAAAATTTATGACAA,8
AGCAGAGGGATATGTG,8
AGCATAGGGATATGCG,8
AGCATCTAACAGGTAG,8
AGCATGGGGATATGTG,8
AGCTCCCGGGGTATCA,8
AGGAAATCTCAGATAC,8
AGGACTATATTTGGCA,8
AGGTTCAGACTCTTGA,8
AGTCGTTTAGATAGTG,8
AGTGTTGTCTTGGTTA,8
AGTGTTTAATAGGCGA,8
AGTTCAGCGATAACGG,8
AGTTGGTGTCTCCCTT,8
ATAACTGAGGGAATTG,8
ATAGAATCGCAAATGA,8
ATTACAGAATACTAGA,8
ATTAGGGCTAAGTGAG,8
ATTAGGGCTACGTGAT,8
ATTCTGAATGGGGTAG,8
ATTTAAATTCGAAGAC,8
ATTTAAATTCGATGAC,8
CAAAGCTTGGCGCATC,8
CACATACCGACGCAGT,8
CAGAAAAGACTGTATA,8
CAGGCTCCAGAGCTCT,8
CAGTTAGAAATACATA,8
CATACAGAGTTTGTTT,8
CATGCTCTAGAGCTCT,8
CATGGGAATTGACACT,8
CCAACACAAAAAATTG,8
CCATATGAAATAAGCT,8
CCATTTAACAGACGTA,8
CCCTATGAAATAGGCT,8
CCCTGCGCGGCTTGGG,8
CCCTTTACGTATCTCT,8
CCTGGGGTAAGTTGTG,8
CCTGGGTTAGGTTGTG,8
CGCAACACCCTTCCGG,8
CGCACTTTACGATACA,8
CGCGACAACCTTCCGG,8
CGCGACACCCTCCCGG,8
CGCGACACCCTTCCGA,8
CGCGTACCCTTCAGCA,8
CGGATCCTAGATGGTA,8
CGGCCAGGGAAGCAAA,8
CGGGAACATACATGAC,8
CGGGGACAAGATTGGA,8
CGGGGACAAGATTGTG,8
CGGTAGGGACTCATCT,8
CGGTTTTGGTTCGAGG,8
CGTGGAGCGCCCTTAC,8
CGTGTACCCTGCAGCA,8
CGTTCAGCGAGAACGG,8
CGTTCAGCGATAACTG,8
CGTTCAGCTATAACGG,8
CGTTCGGCGATAACGG,8
CTAATTTGAGTATCAA,8
CTATATGGCCCGGAAG,8
CTATCTTAATCCACAG,8
CTATCTTAATCTACGG,8
CTATTTAACAGACGGA,8
CTGAACTTGTCTATAT,8
CTGAGCTGTCAATAAG,8
CTGAGGGATCCAACTC,8
CTGGAATCTCCCATAC,8
CTGGAGGCCTGGCCCT,8
CTGGGGGATTCAACTC,8
CTGGGGGCCTGGCCCC,8
CTGTGCCTGCAGTTGA,8
CTTACAGAATACGAGA,8
CTTAGGTATTATATAC,8
GAAGAAACTATAACCT,8
GAAGAAACTATAGCCA,8
GAATAAACTATAACCA,8
GACCCCTTGTGAGATG,8
GAGAGATGCAGAAGCG,8
GAGAGCTGCAGAAGCA,8
GAGATTGCTATGGATC,8
GAGCTTGCTATTGATC,8
GAGGGGTAGAGATACA,8
GAGGTGCTGCTGAAGT,8
GATCGCCATCGAATTC,8
GATCTTGGTGAGAGTC,8
GCATGGAAATAACTCC,8
GCATGGAGCTAACTCC,8
GCATGTAACTAACTCC,8
GCGAAGTTCCATAGCG,8
GCGTGTCTCCGAGCAA,8
GGATCCCAGGTCCTTT,8
GGCATAGGGATATGTG,8
GGTTTATCTCAGATCG,8
GTAAACAAAGTTGACC,8
GTAATCAAAGTTGACC,8
GTACCCAGTTCCGGCG,8
GTAGGCAAAGTTGACC,8
GTATATTGCCCGGAAG,8
GTCAAGTGACGGATGG,8
GTCAGCTCGTATCCCT,8
GTCTCCGCTAATCCGA,8
GTGCGATTGTACGGAA,8
GTGCGATTGTCCGTAA,8
GTGCTATTGTCCGGAA,8
GTGGTATCAAGCCAGG,8
GTTGCTCCGACACACC,8
TAACGTGATTTATCGA,8
TAATAAGACAGCAAGA,8
TACATACCGACGAAGT,8
TACCCGGCAAGCCACT,8
TACCCTCGAGTGACCG,8
TACCCTGCAAGCCACA,8
TACCCTGCGAGCCACT,8
TACCGCGCCGAGCACC,8
TACTAATGCCGTTGCC,8
TACTAATGCCTTTGTC,8
TACTGATAACCATGCG,8
TACTTATAACCCTGCG,8
TAGCATTGTCGGAAAT,8
TAGTCCGTTGGGAACT,8
TATCGCCATCGACTTC,8
TCAAACAGTGTAGTTG,8
TCCAGCGCGTTAAGAG,8
TCCAGCGTGGTAAGAG,8
TCCATTTACTGAAGGG,8
TCCTTTGCGCGCAGTC,8
TCGAACGAAGTAGTAG,8
TCGAACGAAGTATGAG,8
TCGATTACTAGCCGTA,8
TCGTCGCACTACTGAT,8
TCGTCGCACTACTTCT,8
TCTAACTCTCGCAGCA,8
TCTAACTCTCGCGGCT,8
TCTTATTAGGCGGCAC,8
TCTTGACATAGAGATG,8
TCTTGACATGGCGATG,8
TCTTTACCACTGCATA,8
TGAGTTCATAGCCCCA,8
TGCAGTGGTATAAATA,8
TGCTATTCCGGCACGG,8
TGCTATTCCGGCGCGA,8
TGTAATAGGCGTCGCA,8
TGTACAGTGTAATCGA,8
TGTGGAGCGCCCCTAC,8
TGTGGAGCGCCCTTAA,8
TGTTGAGACAGTCTGA,8
TTACGAATTTGATTCT,8
TTATCTGTAGAGCGCG,8
TTATCTGTAGATCGCT,8
TTCATCAAGTTGGTAC,8
TTCATCAAGTTGGTGA,8
TTCTGTCAAGACTCGT,8
TTCTGTCCAGACGCGT,8
TTCTTTCCAGACTCGT,8
TTGCTCCCGAGTAGTA,8
TTGCTCCTGAGTAGGA,8
TTGGAGGCCTGGCCCC,8
TTGGGAACTAAATTAA,8
TTGGGGAACGTGAAGC,8
TTTATATAGAGATTCA,8
TTTCAATTGAAACATA,8
TTTCAGCGTGGTTTTG,8
TTTCGTGATACTCACG,8
TTTGTATCCAACACCA,8
AAAAAATGTATGACAA,7
AAAAAATTTATGACAT,7
AAAAAATTTATGAGAA,7
AAAAATCTACGGCGAC,7
AAAACCATAAGACCCC,7
AAAAGATTCGGGGGAC,7
AAAGGTTCCGACTAAG,7
AACACGTAGAACCGCA,7
AACACGTAGAACCGCT,7
AACATAAGTCCATGTA,7
AACATCTAACAGATAG,7
AACCACCAAGTGACCG,7
AACCACCGAGTGATCG,7
AACCGTACCGCGGTTA,7
AACCTACGAGACATAA,7
AACCTCCCTGACTGCT,7
AACGATTCCGACTAAG,7
AACGGAAGTCCATGTA,7
AACGGTTCCGAATAAG,7
AACGTTTCCGACTAAG,7
AACTGTTCCGACTAAG,7
AACTTCCATGACTGCT,7
AACTTCCCTGAATGCT,7
AACTTCCCTGACTGCA,7
AAGAAGAATTTGTGAT,7
AAGGTCCCTACGTAAT,7
AAGTATGATTTTCGAG,7
AAGTCCATTAAGATCA,7
AATACGAGGCTACGTA,7
AATCGCTGGCACCCCT,7
AATGAAGCAATCGAAC,7
AATGCGAGCATATCAA,7
AATGCGAGCATGCCAA,7
AATTCGAGCATGTCAA,7
ACAAGATTCTGGGGAC,7
ACAATCTGAAACATAC,7
ACAATCTGAACCATGC,7
ACACGGGTTGGATGTA,7
ACATGTCTCCGAGCAA,7
ACATTTTCCGATAGGT,7
ACCAGCAATGATTTGT,7
ACCCCCGGAGATTGGC,7
ACCGAATGAGTCATCC,7
ACCGATTCATGAATAA,7
ACCGGCAATGAGTTGT,7
ACCTATGAAATAAGCT,7
ACGCATGATTTTCGAG,7
ACGGGGATTGGCTGTA,7
ACGGGGATTGTCTGTT,7
ACGTGTCTCAGAGCAA,7
ACTACGAGGATACGTA,7
ACTACGAGTCTACGTA,7
ACTGTCTAGAAATTGT,7
ACTGTCTAGAGATTTT,7
AGATACCAGGTCCTTT,7
AGATGAATTAAGTATG,7
AGCATAGGGGTATGTG,7
AGCATCTAACAGATAT,7
AGGAAAGAAAATGGAG,7
AGGTTCGGACTCTTGC,7
AGTAAACATGCATTTG,7
AGTATTTGCGATTCAA,7
AGTCGTTTAGAGAGTT,7
AGTCGTTTAGATGGTT,7
AGTGGTGAATAGGCGA,7
AGTTGGGGTCTCCATT,7
AGTTTTGAATAGGCGA,7
ATAAAATCTCAGATAC,7
ATAAACGAGGTTGTGA,7
ATACACGAGGTTGTGG,7
ATACACTCATGTGCCA,7
ATACCCAGTTCCTGCG,7
ATAGAATTGCAAATTA,7
ATATAAAAAACTGAGT,7
ATCGACATCGCCCTTT,7
ATGAACTTGTCGATAT,7
ATGCCGAATGGGGTAG,7
ATGGTTTTACTTCCAT,7
ATGTGATTGGAGAAAC,7
ATTCCGAAGGGGGTAG,7
ATTTAAATTCTAGGAC,7
ATTTACTCATTATACT,7
CAAAATCTACGGAGAC,7
CAACATCAGCACCTAG,7
CAATTAGAAATACACA,7
CACCATCAGCACCTGG,7
CACGACACCCTTCCGG,7
CACGGCCGGCGAACGC,7
CACGGCCTGCGAACTC,7
CACTGGATGTACAGTC,7
CAGGCTATAGAGCTCT,7
CATAACCTCGTTGTCT,7
CATACAGAATTTGTTG,7
CATACAGAGTGTGTTG,7
CATGACCCCCTCCAAC,7
CATGTGGAGACCAACA,7
CATGTGGAGCCCAACG,7
CATGTGGATCCCAACA,7
CATTCCTGATGAATTG,7
CCAAGCTCGGCGCATC,7
CCAAGCTTGGCACATC,7
CCGAACTTATCTGTGG,7
CCGTACCTGCAGTTGA,7
CCTGGGTTAAGTTTTG,7
CCTTGATACATTCCCG,7
CGCACCCTAGATGGTA,7
CGCACTTTAAGAGACA,7
CGCAGCATTGGTCACC,7
CGGAACCTCGTTGTCT,7
CGGACCCTAGATGGTT,7
CGGACCCTAGATTGTA,7
CGGGAAATGTAAATGG,7
CGGGAACATACATAAT,7
CGGTTGGGACTCATCT,7
CGTCCAGGGAATCAAA,7
CGTGACACCCTCCAAC,7
CGTGACCCCCTACAAC,7
CGTTCAGCGATAACGT,7
CGTTCAGCGATAGCGG,7
CTAACACAGCGTAGGC,7
CTAATTTAAGTATCAG,7
CTAGCACAGCGTATGC,7
CTAGCACAGCGTGGGC,7
CTATACTGCCCGGAAG,7
CTATATTGCCCGAAAG,7
CTATTTAAAAGACGTA,7
CTATTTAACAGACATA,7
CTATTTAACATACGTA,7
CTGAACCTCGTTGTCT,7
CTGAACTTATCTATGG,7
CTGAGCTGCAAATAAG,7
CTGATCTGCCAATAAG,7
CTGGAACATACATAAC,7
CTGGAGGCATGGCCCC,7
CTGGAGGCCTGGTCCC,7
CTGGAGGCCTGTCCCC,7
CTGGCACAGCGTAGGC,7
CTGGGACAAGATTGTA,7
CTGTACCTGCAGTTTA,7
CTGTACCTGCATTTGA,7
CTTACAGAATAATAGA,7
CTTACAGAATACTGGA,7
CTTAGCTGCCAATAAG,7
CTTAGGTATTATATTC,7
CTTAGTTATTATATGC,7
CTTGACCCCCTCCAAC,7
GAAAGCCCCGTGTAAT,7
GAAAGTCCCGATGATG,7
GAACTTGCTATGGATC,7
GAAGAAACTATAAACA,7
GAAGTACACTGAATGA,7
GAAGTGAGTATTGAGT,7
GAAGTGCTTATTGAGT,7
GAATAATAGAACGGAG,7
GACAAAAGGGAAATAT,7
GACAAAAGGGGCATAT,7
GACACCTTGTAAGATG,7
GACCACTTGTAAGATG,7
GACCCATTGTAAGATG,7
GAGAGCTGCAGAATCG,7
GAGCTTGCTATGAATC,7
GAGCTTGCTGTGGATC,7
GAGCTTGTTATGGATC,7
GAGGGGATAAGTCACC,7
GAGGGGTAGAGGTACG,7
GATCGCCATCGACTGC,7
GATCTTGGGGAGAGTT,7
GATCTTGTGGAGAGTC,7
GATTGCCATCGACTTC,7
GCAAACAGTGTGGTTG,7
GCATGGAACTAACTCA,7
GCATGGAACTAACTCT,7
GCCAGCTCGTATCCCG,7
GCCTAAAGGATCATGG,7
GCCTAAAGGATCATTA,7
GCGAAGTTTAATAGCG,7
GCTCCATCTCAGATCG,7
GCTGCTGCGGCGTGTG,7
GCTGTCTAGAAATTTT,7
GGACAAACCTGCAAAT,7
GGAGAAACTATAACCA,7
GGCTCCTGGGGTATCA,7
GGGGGACAAGATTGTA,7
GGTCCATATCAGATCG,7
GGTCCATCTCAGATAC,7
GGTCCGTCTCAGATCG,7
GTACAAACCTGCAAGT,7
GTACAAATCTGCAAAT,7
GTACGATTGTCCGGAA,7
GTAGAACTGCGGCCAC,7
GTAGCGTGCCGGTCAT,7
GTAGGACTGCGGCCCC,7
GTATATACTAGGACCA,7
GTATCCTCAACTCCTA,7
GTCAAGTTAAGGATGG,7
GTCAAGTTGCGGATGG,7
GTCGCATACTGGAATG,7
GTCGCATCCTTGAATG,7
GTCGCCGCTAATCCAA,7
GTCGCCGCTAATCCTA,7
GTGCCCAGTTCCTGCG,7
GTGCGATTGTTCGGAA,7
GTGGTGTCAAGCCGGG,7
TAAAAAGCCTCAATGA,7
TAATAAGCCAGAAAGA,7
TAATAAGTCAGCAAGA,7
TAATGATAACCCTGCG,7
TACATACCGACTCAGT,7
TACCCTGCAAGCCGCT,7
TACTAATGTCGTTGTC,7
TACTATTCCGGCGCGG,7
TACTGATAACCCTTCG,7
TAGAACGAAGTAGGAG,7
TAGAGTTAATATGCGC,7
TAGCATTGGCGGAAAG,7
TAGCATTGTCGTAAAG,7
TATACTCAAGGAGGAT,7
TATACTCACGGGGGAT,7
TATTAAGAGAAGTGAG,7
TATTAAGGGAAGTGCG,7
TCAATAGGGGGCTAAA,7
TCATGGGTGCACGAGA,7
TCCAGCTCGTATCCCT,7
TCCTGTCCAGACTCGT,7
TCGAACGAGGTAGGAG,7
TCGAGCGAAGTAGGAG,7
TCGAGTTAATATTCGC,7
TCGGGGAACGGGAAGC,7
TCGTCCGTGGGGAACT,7
TCTAACTCTCGCGACA,7
TCTAACTCTCGCGGAA,7
TCTGGAAATGATCCCC,7
TCTTAGTCCGCGTATG,7
TCTTATTAGGCAGCAT,7
TCTTGACATAGCGATA,7
TCTTGACATATCGATG,7
TGAGTTCATAGCTCCT,7
TGATCTTTTACAGTTA,7
TGCGGAGCGCCCTTAC,7
TGCTAATGCCGTTGTC,7
TGGAATCGTCAACGAT,7
TGGGAATCTCCCATAC,7
TGGTCCGCTTCATGCC,7
TGGTCCGCTTCATTCT,7
TGTAATAGTCGTCACA,7
TGTAATATGCGTCACA,7
TGTGGAGCGCCCTGAC,7
TGTGTCGTATCCACAG,7
TGTTCAGCGATAACGG,7
TTAAGCAAAGTTGACC,7
TTACGAATTTTATTCC,7
TTATCTGCAGAGCGCT,7
TTATGGGTGTACGAGA,7
TTCTGTCCAGACTAGT,7
TTGATCCTGAGTAGTA,7
TTGCGAATTTGATTCC,7
TTGCGATTGTCCGGAA,7
TTGGGGAACAGGAAGC,7
TTGGGGAACGAGAAGC,7
TTGGGGAACGGGAAGG,7
TTGTATCAGTCGCGAC,7
TTGTATCAGTCGTGCC,7
TTGTATTAGTCGCGCC,7
TTGTCTGTAGAGCGCT,7
TTTAACAGAACCTATC,7
TTTATATCCAACACTA,7
TTTATATCTAACACCA,7
TTTATATTGAGATTCA,7
TTTCACAGAACCGATC,7
TTTCGGCTCTTGATTA,7
TTTCTCCTGAGTAGTA,7
AAAAAATTGATGACAA,6
AAAAAATTTATCACAA,6
AAAAAGTCTCGAGAAG,6
AAAACGTAGAACCGCC,6
AAACCCGTAAGACCCC,6
AAAGGCGCGCCTGCAA,6
AAAGTAGCAGAGGATG,6
AAATTCCCTGACTGCT,6
AACACGTGGAACCGCC,6
AACAGAAGTCCATGCA,6
AACCACCCAGTGACCG,6
AACCACCGAGTGAGCG,6
AACCCCTTGTAAGATG,6
AACCGCCGAGTGACCG,6
AACCTAAGAGACGTAA,6
AACCTACGAGAAGTAA,6
AACCTGCTGCGGAACG,6
AACCTTACCGCGTTTA,6
AACGGTGCCGACTAAG,6
AACTTCACTGACTGCT,6
AACTTCCCTGACCGCT,6
AACTTCCCTGACGGCT,6
AACTTCCCTGACTGCG,6
AACTTCGTTCATCGAT,6
AAGAAGACTTTGTTAT,6
AAGAGGACTTTGTGAT,6
AAGATTGAGGGAAGTT,6
AAGGCGAGCATGTCAA,6
AAGGTCCATATGTAAT,6
AATGAAACAATCGAAA,6
AATGACAAACAGTAAG,6
AATGGTTCCGACTAAG,6
AATTCGTGAGGACTAG,6
ACAACACAAAAAATTA,6
ACAAGATTCGGGGGAA,6
ACAAGATTCGGGGTAC,6
ACAATCCGAACCATAC,6
ACACGGGGTGGCTGTA,6
ACACGGGTTGGCTGGA,6
ACACGGGTTTGCTGTA,6
ACAGCGTGCCGGTCAT,6
ACAGTACTATCTACGC,6
ACATGGAACTAACTCC,6
ACATTACGATCTACGC,6
ACATTTTCTAATAGGT,6
ACCAGCAACGAGTTGT,6
ACCAGCGCGGTAAGAG,6
ACCCCCGTAGCTTGGC,6
ACCTATTCACGAATAA,6
ACGGGGATTTGCTGTT,6
ACGTATGATGTTCGAG,6
ACGTATGATTTTCGAT,6
ACGTATGGTTTTCGAG,6
ACGTCCATTAAGATCG,6
ACGTGTCTCCGGGCAA,6
ACTCCGAATGGGGTAG,6
ACTCTGGATCGCTAAT,6
ACTCTGGCTCGCGAAT,6
ACTTGTCTCCGAGCAA,6
AGAAGATCTCAGATAC,6
AGACCATGCTGGGGAT,6
AGAGAATCTCAGATAC,6
AGATCCCAGGTCCTCT,6
AGATCCCAGTTCCTTT,6
AGCACTTTACGAGACA,6
AGCAGAAGTCCATGTA,6
AGCATCTAACAGACAG,6
AGCCCATGCTTGGGAT,6
AGCCGAATTAAGTATG,6
AGCGACATCGCCCTGT,6
AGCTCCTGTGGTATCA,6
AGCTGAATTAAGGATG,6
AGCTTAATTAAGTATG,6
AGGAATATAGTTGGCA,6
AGGACCGTAAGGACTA,6
AGGCCAGGGAATCAAA,6
AGGTCCGTAAGGACTA,6
AGGTTCAGACTCTTTC,6
AGTAAACATGCAGTGG,6
AGTCGCTGGCACCCGT,6
AGTGGAGCGCCCTTAC,6
AGTGTTGACTTGGTTA,6
AGTGTTGGATAGGCGA,6
AGTGTTGGATTGGTTA,6
AGTGTTGGCGTGGTTA,6
AGTGTTGGCTCGGTTA,6
AGTGTTGGCTTGGTGA,6
AGTGTTGGTTTGGTTA,6
AGTTCCGTAGGCATGG,6
AGTTCGTGAGTACTAG,6
AGTTGGGGCCTCCCTT,6
AGTTGGGGTCCCCCTT,6
AGTTGGGTTCTCCCTT,6
ATAAATGAGGGCATTG,6
ATAACGTTTGTGCAAT,6
ATACAAGAGGTTGTGA,6
ATACACGAGGTTGGGA,6
ATACACGCATGTGACA,6
ATACACGCATGTGCCT,6
ATACACGCATGTTCCA,6
ATAGAACTGCGGCCCC,6
ATAGGATATATGGATG,6
ATAGGATATATGGTTG,6
ATATAAAAAACTTAGG,6
ATATGATATATGGCTG,6
ATCAGGATAATCGCGT,6
ATCAGGATAATCGCTC,6
ATCGGGATAATCGCGC,6
ATGAGCTGCCAATAAG,6
ATGTCCCACGGGCATA,6
ATTAGATTACAACGTA,6
ATTAGATTATAACGTG,6
ATTAGGGATACGTGAG,6
ATTAGGGCTACTTGAG,6
ATTAGGGCTGCGTGAG,6
ATTATATTATAACGTA,6
ATTATCATATATAATA,6
ATTCCGAATGGGATAG,6
ATTTAAATTCGAGGAT,6
ATTTAAATTCGGGGAC,6
ATTTTTCTATGGATAC,6
CAAACACAAAAAATTA,6
CAAATGCTGCAGTAGG,6
CAAATGCTGCATCAGG,6
CAAATGCTGCATTATG,6
CAACTAGAAATACATA,6
CAAGTAGAAATACATA,6
CACCATCAGAACCTAG,6
CACCATCAGCGCCTAG,6
CACCTAGGATCGAACT,6
CACGGCCGACGAACTC,6
CACTAGATGTACAGTA,6
CACTAGATGTGCAGTC,6
CACTAGATTTACAGTC,6
CACTATATGTACAGTC,6
CAGAAACTCGTTGTCT,6
CAGGAACATACATAAC,6
CAGGATCTAGAGCTCT,6
CAGTCTCTAGAGCTCT,6
CATGGGAATTGCCAAT,6
CATGTGGAGTCCAACA,6
CATGTGGGGCCCAACA,6
CATTGAGACACGCAAG,6
CATTTCTTATGAATTG,6
CCAACACAAAAGATTA,6
CCAATTTAAGTATCAA,6
CCCCATGAAATAAGCT,6
CCCCTCCTCGAAAGTT,6
CCCTATGGAATAAGCT,6
CCCTTTATGGATCTCT,6
CCGGATAAATCATAAC,6
CCGGGTAAATCAGAAC,6
CCTGGGTGAAGTTGTG,6
CCTGGGTTAAGTTGTA,6
CCTGGTTTAAGTTGTG,6
CCTGTGTTAAGTTGTG,6
CCTTATTAGGCGGCAT,6
CCTTGATGCATTACCG,6
CCTTGATGCGTTCCCG,6
CCTTTATGCATTCCCG,6
CGAAAACATGACAAAT,6
CGACTCCATGGACGCC,6
CGCAATTTACGAGACA,6
CGCGACACCATTCCGG,6
CGGACCCTAGAGGGGA,6
CGGCCAGGGAATAAAA,6
CGGCCAGGTAATCAAA,6
CGGGAAATGTAAGTGA,6
CGGGAACACACATAAC,6
CGGGAATCTCCAATAC,6
CGGGGAAAAGATTGTA,6
CGGGGGCAAGATTGTA,6
CGTACAGAGTTTGTTG,6
CGTACAGTGTAAGCGA,6
CGTCCAGCGATAACGG,6
CGTGACCCACTCCAAC,6
CGTGACCCCCCCCAAC,6
CGTGACCCCCTCCAAA,6
CGTTCGGGACTCATCT,6
CTAATTTAAGTATCAT,6
CTAATTTAATTATCAA,6
CTAATTTAGGTATCAA,6
CTAGCAAAGCGTAGGC,6
CTAGCACAGTGTAGGC,6
CTATAAACCGTTTTTA,6
CTATAAACCTTTTGTA,6
CTATATCGCCCGGAAG,6
CTATCTTAATCTAAAG,6
CTATGTTGCCCGGAAG,6
CTCAAATAATTGGCTC,6
CTGAAATTGTCGATAT,6
CTGAACTTAGCTGTGG,6
CTGAACTTATCCGTGG,6
CTGAACTTGTAGATAT,6
CTGAATTTGTCGATAT,6
CTGAGCTTCCAATAAG,6
CTGAGGGATTCGACTC,6
CTGAGTGATTCAACTC,6
CTGATTTAAGTATCAA,6
CTGCCAGGGAATCAAA,6
CTGGAAATGTAAATGA,6
CTGGAGGCCTGACCCC,6
CTGGAGGCCTGGACCC,6
CTGGAGGCCTGGCACC,6
CTGGGCACTAAATTAA,6
CTGTACCTGAAGTTGA,6
CTTAACTTGTCGATAT,6
CTTACAGTGTAATCGA,6
CTTCGGATCTTGATTA,6
CTTCGGCTCTTGAGTA,6
CTTCGGCTCTTTATTA,6
CTTTTCTAGTACGATT,6
CTTTTCTAGTACGCGT,6
GAAAACAGTGTAGTTG,6
GAAAGTCCCCATGATG,6
GAACCCTTGTAAGATG,6
GAAGGGATGGGCACGT,6
GAAGTGCGTATTGAGG,6
GAAGTGCTGATGAAGT,6
GAAGTGCTGCCGAAGT,6
GAAGTTCTGCTGAAGT,6
GAATAATATAACAGAG,6
GACAAAAGGTACATAT,6
GACAAAATGGACATAT,6
GACAGAAGTCCATGTA,6
GACCCCTTTTAAGATG,6
GACGGGATGGGCACAT,6
GACGGTTCCGACTAAG,6
GAGAGCTTCAGAAGCG,6
GAGCGGTGATGTGATT,6
GAGCTTGCTATGGAGC,6
GAGGGGCAGAGATACG,6
GAGGGGGAGAGAGACG,6
GAGGGGTATAGATACG,6
GAGTGGTAGAGATACG,6
GATCACACAGAAAAAG,6
GATCCATCTCAGATCG,6
GATGGGTAGAGATACG,6
GATTCAGATGCCCACT,6
GCAATGAGGTGTAACC,6
GCACGGGTTGGCTGTA,6
GCAGAACTGCGGCCCC,6
GCAGCGTGCCGGGCAT,6
GCAGCGTGTCGGTCAT,6
GCAGTCCACCATTGAG,6
GCATAAAGGATCATGA,6
GCATCCTCAACTCCTG,6
GCCAGATCGTATCCCT,6
GCCAGCTCGTATACCT,6
GCCAGCTCGTATCACT,6
GCCAGCTCTTATCCCT,6
GCCTTTGCGCGCAGCC,6
GCCTTTTCGCGCAGTC,6
GGAAAATCTCAGATAC,6
GGGAGCTGCAGAAGCG,6
GGGGAAATGTAAATGA,6
GGTCCATCTCAGATCC,6
GTAAGCAAAGTTGGCC,6
GTAAGCAAATTTGACC,6
GTAAGCAAGGTTGACC,6
GTAAGCAGAGTTGACC,6
GTAATTCGCATGAGGA,6
GTACAAACCTGCTAAT,6
GTACACGAGGTTGTGA,6
GTACCCAGTTACTGCG,6
GTACCCAGTTCATGCG,6
GTAGAACTGCGGCACC,6
GTAGAATCGCAAATTA,6
GTAGAGACTAGGACCA,6
GTAGCACAGCGTAGGC,6
GTCGCAGCTAATCCGA,6
GTGAGCGAGAAAATCA,6
GTGCAATTGTCCGGAA,6
GTGGTACCAAGCCGGG,6
GTGGTATCAAGCCGGA,6
GTGGTATCAAGCCGGT,6
TAAAATCTACGGCGAC,6
TAAAGTCCCTATGATG,6
TAACAACAATACAAAT,6
TAACGTGATTTCCCGA,6
TAACGTGATTTCTCTA,6
TAAGTGCTGCTGAAGT,6
TAATAATCCAGCAAGA,6
TACATAACGACGCAGT,6
TACATACCGACGCGGT,6
TACCTGCTGTGGAACG,6
TAGCATTGTCTGAAAG,6
TATAATAGGCGTCACA,6
TATACTCACGGATGAT,6
TATACTCATGGAGGAT,6
TATGGAAACGATCCCC,6
TATGGCGTATCCACAG,6
TATGTCGTGTCCACAG,6
TATTAAGAGGAGTGCG,6
TATTGAGAGAAGTGCG,6
TCAATCGGGGGCGAAA,6
TCATGAGTGTACGAGA,6
TCATGGGGGTACGAGA,6
TCATGGGTGTACAAGA,6
TCATGGTTGTACGAGA,6
TCCAACTCTCGCGGCA,6
TCCAGCAATGAGTTGT,6
TCCAGCGCAGTAAGAG,6
TCGAACGAAGTAGGAT,6
TCGAACGAAGTGGGAG,6
TCGAACGAATTAGGAG,6
TCGAACTAAGTAGGAG,6
TCGATTACTATCCGGA,6
TCGATTATTAGCCGGA,6
TCGCTTCAACCAAAAA,6
TCGCTTCGACTAAAAA,6
TCGTCCGCTGGGAACT,6
TCGTCCGTTGGGGACT,6
TCGTCCGTTGGTAACT,6
TCGTCCGTTTGGAACT,6
TCGTCCTTTGGGAACT,6
TCGTGGGTGTACGAGA,6
TCTAACTCTAGCGGCA,6
TCTAACTCTCGCGGCG,6
TCTAACTCTCGCTGCA,6
TCTAGCGCGGTAAGAG,6
TCTATTACTAGCCGGA,6
TCTTACTAGGCGGCAT,6
TCTTAGTCCTCATATG,6
TCTTATTAGGCGGCAA,6
TCTTATTATGCGGCAT,6
TCTTTACAACTGCATC,6
TCTTTACCAATGCATC,6
TCTTTACCACTGCACC,6
TGCTATTCCGGCGCGT,6
TGCTATTCCGGCGTGG,6
TGCTGTGGTCGATCCG,6
TGGGATCGTCACCGAT,6
TGGTCCTCTTCATGCT,6
TGTGGAGCGCCCATAC,6
TGTTGAGCCAGTCTTA,6
TTACGAGTTTGATTCC,6
TTATCCGTAGAGCGCT,6
TTATCTGTATAGCGCT,6
TTCTGCCCAGACTCGT,6
TTCTGTCCAGAATCGT,6
TTGAATCGTCACCGAT,6
TTGCAATTGAAAAATA,6
TTGCTCATGAGTAGTA,6
TTGGGTAACGGGAAGC,6
TTGGTATCAAGCCGGG,6
TTGGTGAACGGGAAGC,6
TTGTATCAGTCGCGCT,6
TTGTGGAACGGGAAGC,6
TTTCACAGAACCCATC,6
TTTCAGAGTTGTTTTG,6
TTTCAGCGTTGTTTGG,6
TTTCATCGTTGTTTTG,6
TTTCGTGATAATCACA,6
TTTCGTGATACTCACT,6
TTTCGTGATACTCGCA,6
AAAAAACTTATGACAA,5
AAAAAATCTATGACAA,5
AAAAAATTTATAACAA,5
AAAATCTGAACCATAC,5
AAACCCATAAGACCTC,5
AAATCCATAAGACCCC,5
AACACGTAGAACCGAC,5
AACAGAAGCCCATGTA,5
AACAGAGGTCCATGTA,5
AACATGTAGAACCGCC,5
AACCACCGAATGACCG,5
AACCATACCGCGTTTA,5
AACCATCAGCACCTAG,5
AACCTACGAGACGTGA,5
AACCTACTAGACGTAA,5
AACCTATGAGACGTAA,5
AACGACGAACAGTAAG,5
AACGGTCCCGACTAAG,5
AACGGTTCCGACCAAG,5
AACGGTTCCGACTAGG,5
AACTCCCCTGACTGCT,5
AACTGCGTTCATCTAT,5
AACTGCGTTCATTGAT,5
AACTGCTTTCATCGAT,5
AACTTCCCCGACTGCT,5
AAGATAATATAGAGAC,5
AAGATTGAGTGAAGTT,5
AAGATTGATGGAAGTT,5
AAGCGGTGAGGTGATT,5
AAGGCTCTAGAGCTCT,5
AAGGGATTGGAGAAAC,5
AAGGGGCATCATAATG,5
AAGGGGTCTCATAATG,5
AAGGTCCCTATGGAAT,5
AAGTTCCCTATGTAAT,5
AATAAAACAATCGAAC,5
AATCACCGAGTGACCG,5
AATCGCTGGCACCTGT,5
AATGAAACAATCGAGC,5
AATGAAACAATTGAAC,5
AATGAAACAGTCGAAC,5
AATGCGAGCATGTTAA,5
AATTCGTGAGTACCAG,5
AATTCTTGAGTACTAG,5
AATTGCTGGCACCCGT,5
AATTGGGGTCTCCCTT,5
ACAAGAGTCGGGGGAC,5
ACAAGATGCGGGGGAC,5
ACAATCTGAACCAGAC,5
ACAATCTGAACCATAA,5
ACACCCGGAGCTTGGC,5
ACACGGGTTGGCTATA,5
ACACGGGTTGTCTGTA,5
ACATGGGTGTACGAGA,5
ACATTCCACCATTGAG,5
ACATTTTACAATAGGT,5
ACATTTTCAAATAGGT,5
ACATTTTCCAATAGGG,5
ACCAGCGATGAGTTGT,5
ACCCCCGGAGCTTGGA,5
ACCCCCTGAGCTTGGC,5
ACCGAAGGAATCATCC,5
ACCGAATGAATCAGCC,5
ACGGAGATTGGCTGTT,5
ACGGGGATTGGCTTTT,5
ACGGGGATTGGTTGTT,5
ACGTATGATTTTCAAG,5
ACGTGTCCCCGAGCAA,5
ACGTGTCGCCGAGCAA,5
ACGTGTCTCCGAGCAG,5
ACTACGAGGCTACGGA,5
ACTACGAGGCTACTTA,5
ACTCTGGCTCACTAAT,5
ACTGCCTAGAAATTTT,5
ACTGTCCAGAAATTTT,5
ACTGTCTAGAAATGTT,5
ACTGTCTAGGAATTTT,5
ACTGTCTGGAAATTTT,5
ACTTATGATTTTCGAG,5
ACTTGATGCATTCCCG,5
AGAAAACATTACAAAT,5
AGAAAACCTCAGATAC,5
AGAAAATCTCAGAGAC,5
AGATCCCAGGTCCTGT,5
AGATCCCAGGTCCTTC,5
AGCAGCAATGAGTTGT,5
AGCAGCGAACAGATAG,5
AGCATAGGGATATGTA,5
AGCATCTAGCAGATAG,5
AGCGAAATCGCCCTTT,5
AGCGACATCGACCTTT,5
AGCGACATCGCCATTT,5
AGCGACATCGCCCCTT,5
AGCGACATCGCCCTCT,5
AGCGTTGAATAGGCGA,5
AGCTCCTGGGGCATCA,5
AGCTCCTGGGGTACCA,5
AGCTCCTGGGTTATCA,5
AGCTTCCCTGACTGCT,5
AGGAAGGAAACTGGAG,5
AGGAATCGTCACCGAT,5
AGGACTATAGTTGGAA,5
AGGACTATAGTTGGCG,5
AGGAGGATGAAGAGCG,5
AGGAGTATGAAGAGCA,5
AGGAGTATGAGGAGCG,5
AGGCCAGTAAGGACTA,5
AGGCTCAGACTCTTGC,5
AGGTTAAGACTCTTGC,5
AGTACTATAGTTGGCA,5
AGTATAGGGATATGTG,5
AGTATTTGAGCTTCAA,5
AGTATTTGCGCTCCAA,5
AGTATTTGCGCTTCAG,5
AGTCGTTCAGATAGTT,5
AGTCGTTTAGATAGTA,5
AGTGAAACAATCGAAC,5
AGTGCTGAATAGGCGA,5
AGTGCTGGCTTGGTTA,5
AGTGTCGGCTTGGTTA,5
AGTGTTGAATAGGCAA,5
AGTGTTGAATAGGCGT,5
AGTGTTGGCTTTGTTA,5
AGTTTTGGCTTGGTTA,5
ATAACGTTTGTGAAAA,5
ATAACGTTTGTGTAAA,5
ATAACTGAGGGCATCG,5
ATACACGCATTTGCCA,5
ATACACTAGGTTGTGA,5
ATAGGATATATGGCCG,5
ATAGGGTATATGGCTG,5
ATATAAAAAACTTATT,5
ATATTTAACAGACGTA,5
ATCAGGATAATCGAGC,5
ATCAGGATAATCTCGC,5
ATCTAAATTCGAGGAC,5
ATGAGGGCTACGTGAG,5
ATGCACGAGGTTGTGA,5
ATGGAATCGCAAATTA,5
ATGGGATATATGGCTG,5
ATGGGATTGGATAAAC,5
ATGGGGTTGGAGAAAC,5
ATGTTTTTACGTCCAT,5
ATTACCATATCTAATA,5
ATTAGATTAGAACGTA,5
ATTAGGGCTACGTGGG,5
ATTATCATATCTAAGA,5
ATTATTATATCTAATA,5
ATTCGTTTAGATAGTT,5
ATTGGATTGGAGAAAC,5
ATTGGGGCTACGTGAG,5
ATTTAAATTCGAGTAC,5
ATTTACTCATTAGACG,5
ATTTAGATTCGAGGAC,5
ATTTCCATAGGCATGG,5
ATTTTTCTATTGCTAC,5
CAAAATATACGGCGAC,5
CAAAATCTACGGCAAC,5
CAAATGCTGGATTAGG,5
CAATTAGAAATACATT,5
CACCATCAGCAACTAG,5
CACCATCAGCACCGAG,5
CACCATCAGCACCTAC,5
CACCTAGTATCGCACT,5
CACGGGCTAATGTCGC,5
CACGGTCGGCGAACTC,5
CACTAGATGTACAGTT,5
CACTAGATGTACGGTC,5
CACTATGAAATAAGCT,5
CAGAACCTCGTTGTCG,5
CAGATAATAGAGAGAC,5
CAGCATTGTCGGAAAG,5
CAGGCTCTAGAGCTAT,5
CATAAAAGACTTTATA,5
CATACAGAGTTTGCTG,5
CATACAGAGTTTGGTG,5
CATACGGAGTTTGTTG,5
CATATAGAGTTTGTTG,5
CATGGGAATTGCAACT,5
CATGGGAATTGCTACT,5
CATGGGAATTTCCACT,5
CATGTGGAGCACAACA,5
CATGTGGAGCCCAGCA,5
CATTGAGATGCGCAAG,5
CCAAAACAAAAAATTA,5
CCAACACAAAGAATTA,5
CCAACACGAAAAATTA,5
CCAGCACAGCGTAGGC,5
CCCGGGTTAAGTTGTG,5
CCCTATTAAATAAGCT,5
CCCTGATGCATTCCCG,5
CCCTGCGCAGCTCGGG,5
CCCTGCGCGGCGCGGG,5
CCCTGCGCGGCTCGCG,5
CCCTGCGCGGTAAGAG,5
CCCTGGGCGGCTCGGG,5
CCGGATAAATCAGAAA,5
CCTCGGCTCTTGATTA,5
CCTGGGTTAAGTTGCG,5
CCTGGGTTAAGTTGGG,5
CCTTGATGAATTCCCG,5
CCTTGATGCATTCCTG,5
CCTTGATTCATTCCCG,5
CCTTGGTTAAGTTGTG,5
CGAAAAACGTCCCAGT,5
CGAAAACATTACAGAT,5
CGAAACACGTCACAGT,5
CGAACCCTAGATGGTA,5
CGCACTCTACGAGACA,5
CGCGACACCCTGCCGG,5
CGCTCAGCGATAACGG,5
CGGCCAGGGAATCAAG,5
CGGCCAGTGAATCAAA,5
CGGGAAAATACATAAC,5
CGGGAACATAAATAAC,5
CGGGAACATACATAAA,5
CGGGAATATCCCATAC,5
CGGGGACAAGAGTGTA,5
CGGGGACAAGATTGCA,5
CGGGGACATACATAAC,5
CGGTAACATACATAAC,5
CGGTCGGGACTCATCG,5
CGGTCTGGACTCATCT,5
CGTCTACCCTTCAGCA,5
CGTGTACCGTTCAGCA,5
CGTGTACGCTTCAGCA,5
CGTGTAGCCTTCAGCA,5
CGTGTGGAGCCCAACA,5
CGTTACCCCCTCCAAC,5
CGTTCAGCGGTAACGG,5
CTAATCTAAGTATCAA,5
CTATATTGCCCGGTAG,5
CTATATTGCTCGGAAG,5
CTATCCTAATCTACAG,5
CTATCTTAATCTACAT,5
CTATTTAACAGAAGTA,5
CTATTTAGCAGACGTA,5
CTCCTAGTGGACGATT,5
CTGAACTCATCTGTGG,5
CTGAGCTGCCAATAGG,5
CTGAGGGATTCAACTA,5
CTGAGGGGTTCAACTC,5
CTGTACCTACAGTTGA,5
CTGTACCTGCAGTTGT,5
CTGTAGGCCTGGCCCC,5
CTGTATCAGTCGCGCC,5
CTGTATTGCCCGGAAG,5
CTTAAAGAATACTAGA,5
CTTACAGAATACCAGA,5
CTTACAGAATACTATA,5
CTTACATAATACTAGA,5
CTTTTATAGTACGCTT,5
CTTTTCTAGTACTCTT,5
GAAAGTCCCTGTGATG,5
GAAATGCTGCATTAGG,5
GAAGAAACCATAACCA,5
GAAGAAACGATAACCA,5
GAAGAGACTATAACCA,5
GAAGCGTGCCGGTCAT,5
GAAGGACGCTGAATGA,5
GAAGTGCGCTGAATGA,5
GAAGTGCGTATTGAGC,5
GAAGTGCTACTGAAGT,5
GAAGTGTTGCTGAAGT,5
GAATAATAGAACATAG,5
GAATAATAGGACAGAG,5
GAATAGTAGAACAGAG,5
GACAAAAGGGACAGAT,5
GACAAAAGGGACATAC,5
GACAAGAGGGACATAT,5
GACAGCTCGTATCCCT,5
GACGGCGTTAGTGTCA,5
GACGGGATGGGCACGG,5
GACGGGATGGTCACGT,5
GACTTTGCGCGCAGTC,5
GAGAGCCGCAGAAGCG,5
GAGAGCGGCAGAAGCG,5
GAGATTGATTGAAGTT,5
GAGCATTGTCGGAAAG,5
GAGCTTGCTATGGATT,5
GAGCTTGGGGAGAGTC,5
GATCGCCATCGACTTT,5
GCAACGAGGTGTAAAC,5
GCAACGAGGTGTAACA,5
GCAAGATTCGGGGGAC,5
GCAAGCAAAGTTGACC,5
GCAATCTGAACCATAC,5
GCAGCGTGCCGATCAT,5
GCAGCTTGCCGGTCAT,5
GCAGTGTGCCGGTCAT,5
GCATCATCAACTCCTA,5
GCCAGCTCATATCCCT,5
GCCAGCTCGCATCCCT,5
GCCAGCTCGGATCCCT,5
GCCATTTACGGAAGGG,5
GCCGGCGTTAGTGCCA,5
GCCTAAAGTATCATGA,5
GCCTTTGCGCACAGTC,5
GCCTTTGCGCGCATTC,5
GCCTTTGCGCTCAGTC,5
GCCTTTGCTCGCAGTC,5
GCGAAGTTTCATATCG,5
GCGGTATCAAGCCGGG,5
GGAGTACGCTGAATGA,5
GGCAAAAGGGACATAT,5
GGCGACACCCTTCCGG,5
GGGAAAGAAACTGGAG,5
GGTCCATCGCAGATCG,5
GGTTAACTTTGGAAGT,5
GTAAACAGTGTAGTTG,5
GTAAAGTTACGGATGG,5
GTAATTCGCATGCGGG,5
GTACAAACCAGCAAAT,5
GTACAAACCTGGAAAT,5
GTACCCAGCTCCTGCG,5
GTACCCAGTTTCTGCG,5
GTAGAAACCTGCAAAT,5
GTAGATACTAGGACAA,5
GTAGATACTAGGACCT,5
GTAGATACTGGGACCA,5
GTAGCCAGTTCCTGCG,5
GTAGGATATATGGCTG,5
GTATGGAACTAACTCC,5
GTCAATTTACGGATGG,5
GTCAGGTTACGGATGG,5
GTCGCATCATGGAATG,5
GTCGCCACTAATCCGA,5
GTCGCCGCTAATCCGT,5
GTGCGATTGTCCGGAG,5
GTGCGATTGTCCGGAT,5
GTGGTATCAAGCCACT,5
GTTATTATGAATTCAT,5
GTTATTATGACTGCAT,5
GTTATTATGACTTCAA,5
GTTGCTCCGACACGAC,5
GTTGCTCCGACACGTC,5
GTTGCTCCTACACGCC,5
TAAAGTGATTTCTCGA,5
TAACGTGATTTCTAGA,5
TAACGTGATTTCTTGA,5
TAATAATGCCGTTGTC,5
TACCAAGAGAAGTGCG,5
TACCAATGCCGTTGTC,5
TACCAATGTCATTTGG,5
TACCAATTTCATTTGA,5
TACCCTGCAAGCTACT,5
TACCTACTGCGGAACG,5
TACCTAGGATCGCACT,5
TACCTGATGCGGAACG,5
TACCTTCTGCGGAACG,5
TACTAATGACGTTGTC,5
TACTAATGCCATTGTC,5
TACTGATAACCCTGAG,5
TACTGATGACCCTGCG,5
TAGAATCGTCACCGAT,5
TAGATGATAGTAACTC,5
TAGCTTCAACTAAAAA,5
TAGCTTGCTATGGATC,5
TAGGGGTAGAGATACG,5
TAGTCGCACTACTGCT,5
TATAACTCTCGCGGCA,5
TATACCCACGGAGGAT,5
TATACTCACGGAGGGT,5
TATGAAACAATCGAAC,5
TATGGAGCGCCCTTAC,5
TATGTCGTATCCACAC,5
TATGTCGTATTCACAG,5
TATTGACATAGCGATG,5
TCAATCGGGGGCTAAG,5
TCATCTGTAGAGCGCT,5
TCATGGGTGTACGGGA,5
TCCAGCGCGGCTCGGG,5
TCCGGCGTTAGTGTCA,5
TCCTAGTCCTCGTATG,5
TCGAACGAAGGAGGAG,5
TCGAGTTAACATGCGC,5
TCGAGTTAATATGCGT,5
TCGATTACTAGCCAGA,5
TCGATTACTAGCCGGG,5
TCGATTACTAGCCTGA,5
TCGATTACTAGTCGGA,5
TCGCTTTAACTAAAAA,5
TCGTCAGTTGGGAACT,5
TCGTCCGTTGGGAAAT,5
TCGTCCGTTGGGAACA,5
TCTAAATCTCGCGGCA,5
TCTAACTCTTGCGGCA,5
TCTGGAAACGATCCCA,5
TCTTAGAGTGAATGAT,5
TCTTAGTCCTCGTATT,5
TCTTGACATAGCGTTG,5
TCTTGACATAGCTATG,5
TGACAACAATAAAAAT,5
TGACGTGATTTCTCGA,5
TGAGTTCATAGCTCAA,5
TGATATTTTACATTTA,5
TGATCTGTGACATTGT,5
TGATGGGTGTACGAGA,5
TGCAGGGGTATACATA,5
TGCAGTGGTATACAGA,5
TGCAGTGGTATGCATA,5
TGCAGTGTTATACATA,5
TGCAGTTGTATACATA,5
TGCATCTAACAGATAG,5
TGCGGTGGTAGATCCG,5
TGCGGTGGTCGAGCCG,5
TGCGGTGGTCGATACG,5
TGCGGTGGTCGATCCA,5
TGGAAAGAAACTGGAG,5
TGGAATCTTCACCGAT,5
TGGTCCGCTTCATGTT,5
TGTAATAGGCGTCATA,5
TGTAGTGGTATACATA,5
TGTGGAGCGACCTTAC,5
TGTGGAGCGCCCTTGC,5
TGTGGATCGCCCTTAC,5
TGTGTAGCGCCCTTAC,5
TGTTGTAATATGAATA,5
TGTTGTAATCCGAATA,5
TGTTGTAATCTTAATA,5
TTACGAATTTGATCCC,5
TTACTAATTTGATTCC,5
TTAGCACAGCGTAGGC,5
TTATCTATAGAGCGCT,5
TTATGTGTAGAGCGCT,5
TTCCGTCCAGACTCGT,5
TTCTGTACAGACTCGT,5
TTGAAAAAATAATAAA,5
TTGACTCACCTAATAA,5
TTGAGGGATTCAACTC,5
TTGGAGAACGGGAAGC,5
TTGGGGAACGGTAAGC,5
TTGTATCATTCGCGCC,5
TTGTGCACTAAATTAA,5
TTGTGTCAGTCGCGCC,5
TTTATATCCAACATCA,5
TTTCAGCGTTGTGTTG,5
TTTCGGCGTTGTTTTG,5
TTTCGTGATACTCATA,5
TTTTGAGCCAGTCTGA,5
AAAAAATCTCAGATAC,4
AAAAGATTTATGACAA,4
AAACCAATAAGACCCC,4
AAACCCAGAAGACCCC,4
AAACGTACCGCGTTTA,4
AAACTACGAGACGTAA,4
AAAGAAACTATAACCA,4
AAAGCTCTTTTCGTGC,4
AAAGCTCTTTTCGTTA,4
AAAGCTCTTTTCTTTC,4
AAAGTACGATCTACGC,4
AACAACAAACAGTAAG,4
AACACGTAGAACGGCC,4
AACACGTATAACCGCC,4
AACACTTAGAACCGCC,4
AACAGAAGGCCATGTA,4
AACAGAAGTCCACGTA,4
AACAGTTCCGACTAAG,4
AACATAGGGATATGTG,4
AACCACCGAGTAACCG,4
AACCGCGCCGAGCACC,4
AACCGTAACGCGTTTA,4
AACCGTACCACGTTTA,4
AACCTACGAGACTTAA,4
AACGACAAACAGTAAA,4
AACGACATCGCCCTTT,4
AACGGTTCCGACTAAC,4
AACGGTTTCGACTAAG,4
AACGTTGTACACACCA,4
AACTCCCGTCGCCTGA,4
AACTGAGTTCATCGAT,4
AACTGCGTTCATCGTT,4
AACTTACCTGACTGCT,4
AACTTCCCTAACTGCT,4
AAGAAGACTGTGTGAT,4
AAGAAGCTATAGAAGC,4
AAGAATCTATAGAAGT,4
AAGATTGGTTGAAGTT,4
AAGATTTATTGAAGTT,4
AAGCAAATAGACCGAA,4
AAGCCCAGAGGGTGAT,4
AAGCGGTGATGTAATT,4
AAGCGGTGATGTGACT,4
AAGCGGTGATGTTATT,4
AAGGAAACAATCGAAC,4
AAGGTACCTATGTAAT,4
AAGGTCCCCATGTAAT,4
AAGGTCCCTATGTAAG,4
AAGTTAGTAGACCAAC,4
AATAAGACTTTGTGAT,4
AATATTGATTGAAGTT,4
AATCGCTGGCGCCCGT,4
AATCGTTGGCACCCGT,4
AATGAGACAATCGAAC,4
AATGCGAGCAGGTCAA,4
AATGCGAGCATGTCAG,4
AATGCGAGCATTTCAA,4
AATTCGTGAGTACGAG,4
AATTCGTGGGTACTAG,4
ACAAACAGTGTAGTTG,4
ACAAAGTCTTGAGAAG,4
ACAAATTCTCGAGAAG,4
ACAAGATTCGGGTGAC,4
ACAAGATTGGGGGGAC,4
ACAATCTGAACAATAC,4
ACAATCTGAACCGTAC,4
ACAATCTGAGCCATAC,4
ACAATCTGGACCATAC,4
ACACGGGTGGGCTGTA,4
ACAGATTCACGAATAA,4
ACAGTACGATCTACAC,4
ACAGTACGATCTACGT,4
ACAGTCAACCATTGAG,4
ACATTTTCCAATAGGC,4
ACATTTTCCAGTAGGT,4
ACCAGCAATGAGCTGT,4
ACCAGCAATGAGTCGT,4
ACCAGCAATGAGTTGG,4
ACCAGTAATGAGTTGT,4
ACCATTTACTGAAGGG,4
ACCCCAGGAGCTTGGC,4
ACCCCCGGAGCTGGGC,4
ACCGAACGAATCATCC,4
ACCGAATCAATCATCC,4
ACCGAATGAATTATCC,4
ACCGATTCACGAATAG,4
ACCGTTGTGCACACCA,4
ACCTCCGGAGCTTGGC,4
ACCTGTCTCCGAGCAA,4
ACCTTTGCGCGCAGTC,4
ACCTTTGTACACACCA,4
ACGAAGTCTCGAGAAG,4
ACGAAGTTTCATAGCG,4
ACGAGTTAATATGCGC,4
ACGATTACTAGCCGGA,4
ACGCAAATAGACAGAA,4
ACGCCCATTAAGATCA,4
ACGGAATGAATCATCC,4
ACGGGGAGTGGCTGTT,4
ACGGGGATTGGATGTT,4
ACGGGGATTGGCCGTT,4
ACGGGGATTGGCTGTG,4
ACGTCCATTAAGACCA,4
ACGTCCATTAAGGTCA,4
ACGTGGATTGGCTGTT,4
ACGTGTCTCCAAGCAA,4
ACGTGTCTCCGAACAA,4
ACGTGTGATTTTCGAG,4
ACTAACTCTCGCGGCA,4
ACTAAGAGGCTACGTA,4
ACTAGGGCTACGTGAG,4
ACTATGAGGCTACGTA,4
ACTCTGACTCGCTAAT,4
ACTGGGATTGGCTGTT,4
ACTGTCTAGAAACTTT,4
ACTGTCTAGAAATTTC,4
ACTTTTCTATGGCTAC,4
AGAAAATCTCAGACAC,4
AGACTCCACGGACGCC,4
AGAGCTAAAAAGAGGG,4
AGAGCTCTTTTCGTTC,4
AGATCACAGGTCCTTT,4
AGATCCCAGGTCCCTT,4
AGATCCCAGGTCCTTA,4
AGCAACATCGCCCTTT,4
AGCAGAGGGATAGGTG,4
AGCATAGGTATATGTG,4
AGCATCTAACAGATAC,4
AGCATCTAACAGATCG,4
AGCCCATACTGGGGAT,4
AGCCCATGCTGGGTAT,4
AGCCTACGAGACGTAA,4
AGCGAATGAATCATCC,4
AGCGACATAGCCCTTT,4
AGCGACATCGCCCTTC,4
AGCGGAATTAAGTATG,4
AGCGTCTAACAGATAG,4
AGCTATTCCGGCGCGG,4
AGCTCCTGGGGTAGCA,4
AGCTGAAGTAAGTATG,4
AGCTGAATGAAGTATG,4
AGCTGAATTAGGTATG,4
AGCTGAGTTAAGTATG,4
AGGAAAGAAACTGGGG,4
AGGACTATAGTTGACA,4
AGGAGAGAAACTGGAG,4
AGGAGTAGGAAGAGCG,4
AGGCCCGTAAGGACAA,4
AGGCCCGTAATGACTA,4
AGGGAATCTCCCATAC,4
AGGGGTATGAAGAGCG,4
AGGGTTGAATAGGCGA,4
AGGTATGATTTTCGAG,4
AGGTGTCTCCGAGCAA,4
AGTAAACATACATTGG,4
AGTAAAGAAACTGGAG,4
AGTAGTATGAAGAGCG,4
AGTATTCGCGCTTCAA,4
AGTATTTGCGCTTAAA,4
AGTATTTGCGCTTCGA,4
AGTCGGTTAGATAGTT,4
AGTCGTGTAGATAGTT,4
AGTCGTTGAGATAGTT,4
AGTCGTTTAGATAATT,4
AGTCGTTTAGATATTT,4
AGTCGTTTAGGTAGTT,4
AGTGACATCGCCCTTT,4
AGTGTTGAATAGGCGG,4
AGTGTTGAGTAGGCGA,4
AGTGTTGGCTTGGGTA,4
AGTGTTGGCTTGGTTG,4
AGTGTTTGCTTGGTTA,4
AGTTACATAGGCATGG,4
AGTTGGGATCTCCCTT,4
AGTTGGGGTCTCTCTT,4
ATAAGGATAATCGCGC,4
ATACACAAGGTTGTGA,4
ATACACACATGTGCCA,4
ATACACGAGGTTGTAA,4
ATACACGAGTTTGTGA,4
ATACGCGAGGTTGTGA,4
ATACGCGCATGTGCCA,4
ATAGAAAATTATCCGA,4
ATAGGATATATGTCTG,4
ATATAAAAGACTTAGT,4
ATATCCACCCTATAGT,4
ATATCCCAGGTCCTTT,4
ATATTTTCCAATAGGT,4
ATCAAATAATTGGCGC,4
ATCAGGATAATCGCAC,4
ATCCAATTTAAAGGCA,4
ATCCCGAATGGGGTAG,4
ATGAGGGATTCAACTC,4
ATGCGATTGTCCGGAA,4
ATGGAATTGGAGAAAC,4
ATGGCCCACGGACATA,4
ATGGCCCACTGGCATA,4
ATGGCCCATGGGCATA,4
ATGGGATTGGAAAAAC,4
ATGGGATTGGAGGAAC,4
ATGGGATTGTAGAAAC,4
ATGGTATCAAGCCGGG,4
ATGTTCAGACTCTTGC,4
ATTAGATTATGACGTA,4
ATTAGGTCTACGTGAG,4
ATTATCATATCCAATA,4
ATTATCATATCTAATG,4
ATTCCAAATGGGGTAG,4
ATTCCGAATGGGGCAG,4
ATTCCGAATGGGGTAA,4
ATTCCGAATGGGGTAT,4
ATTCGCTGGCACCCGT,4
ATTGTTGGCTTGGTTA,4
ATTTAAATCCGAGGAC,4
ATTTACTCATTATAAG,4
ATTTTTATATGGCTAC,4
ATTTTTCTATGGCCAC,4
ATTTTTCTATGGCTAA,4
ATTTTTCTATGGCTAT,4
ATTTTTCTATGTCTAC,4
ATTTTTCTGTGGCTAC,4
CAAAAACATTACAAAT,4
CAAAAGCAGCACGACA,4
CAAACGCTGCATTAGG,4
CAAATGCTGCGTTAGG,4
CAAGGCCGGCGAACTC,4
CAATAGATGTACAGTC,4
CAATTAGAAATTCATA,4
CACAACCTCGTTGTCT,4
CACCACCGAGTGACCG,4
CACCATAAGCACCTAG,4
CACCATCAACACCTAG,4
CACCATCAGCACATAG,4
CACCATCAGCACCTAT,4
CACCGCGCCGAGTACC,4
CACCGCGCCTAGCACC,4
CACGGCCGGCGAACCC,4
CACGGCCGGCGAACTA,4
CACGGCCGTCGAACTC,4
CACGTGCTAATGTCTC,4
CACTAGAGGTACAGTC,4
CACTAGATGTACAGGC,4
CACTAGATGTATAGTC,4
CAGAACCTCGTTATCT,4
CAGAACCTCGTTGCCT,4
CAGAACCTCGTTGGCT,4
CAGAGCCTCGTTGTCT,4
CAGATAATATAGAGAA,4
CAGATAGTGATGAGCA,4
CAGATGCTGCATTAGG,4
CAGGCTCTAGAGCTTT,4
CAGGCTCTAGTGCTCT,4
CAGGCTCTATAGCTCT,4
CATAAAAGACTGGATA,4
CATACAGAGTTGGTTG,4
CATACAGATTTTGTTG,4
CATACAGGGTTTGTTG,4
CATACCGAGTTTGTTG,4
CATGGCCGGCGAACTC,4
CATGGGAATTACCACT,4
CATGGGAATTGCCACC,4
CATGGGCTAATGTCTC,4
CATGTGAATTGCCACT,4
CATGTGGAGCCCAACT,4
CATGTGGAGCCTAACA,4
CATTGAGACGCGCAAC,4
CATTGGAATTGCCACT,4
CATTTAGACGCGCAAG,4
CATTTATGATGAATTG,4
CCAAGCTTGGCGCATT,4
CCAAGCTTGGCGTATC,4
CCAAGCTTTGCGCATC,4
CCATAAACCGTTTGTA,4
CCCCTCCTATAAAGTT,4
CCCCTCCTCTAAAGGT,4
CCCCTCCTCTAAAGTG,4
CCCCTCCTCTAAGGTT,4
CCCTATGAAATAAGCA,4
CCCTATGAAATAAGTT,4
CCCTATGAAATGAGCT,4
CCCTTTACGGATATCT,4
CCCTTTACGGATCTCC,4
CCCTTTACTGATCTCT,4
CCGAACGAAGTAGGAG,4
CCGCATTAGCGTGAGG,4
CCGGATAAATCAGAGC,4
CCGTCCGTTGGGAACT,4
CCGTGCGCGGCTCGGG,4
CCTGGGTTAAGTTGTT,4
CCTTGACATAGCGATG,4
CCTTGATGCATTCACG,4
CCTTTACCACTGCATC,4
CGAAAAAATTACAAAT,4
CGAAAACATTACAAGT,4
CGAAACACTTCCCAGT,4
CGAACCGCGGACACGT,4
CGAAGCATTGGTCGCC,4
CGACTCCACGGACGCA,4
CGACTCCACGGACTCC,4
CGATTTAACAGACGTA,4
CGCACTTTACTAGACA,4
CGCGACACCCTTCCGC,4
CGCGACACCCTTCTGG,4
CGCGACACCTTTCCGG,4
CGCTAGATGTACAGTC,4
CGCTATTCCGGCGCGG,4
CGGACCCTAGACGGTA,4
CGGAGTATGAAGAGCG,4
CGGCCAGGGAATCAAC,4
CGGCCAGGGAATCAAT,4
CGGCCAGGGAATCGAA,4
CGGGAAATGTAAATTA,4
CGGGAACATATATAAC,4
CGGGAATCCCCCATAC,4
CGGGAATCTCACATAC,4
CGGGAGCATACATAAC,4
CGGGGATCTCCCATAC,4
CGGTAAATGTAAATGA,4
CGGTCGGGAATCATCT,4
CGGTCGGGACTCGTCT,4
CGTAAAGTGTAATCGA,4
CGTACAGTGTAATAGA,4
CGTCCATCTCAGATCG,4
CGTGAACATACATAAC,4
CGTGAACCCCTCCAAC,4
CGTGACACCCTTCCGG,4
CGTGACCCCATCCAAC,4
CGTGACCCCCTCCAGC,4
CGTGACCCCCTCCGAC,4
CGTGTACCCATCAGCA,4
CGTGTACCCTTCAGGA,4
CGTGTACCTTTCAGCA,4
CGTTGAGACGCGCAAG,4
CTAAAACATTACAAAT,4
CTAAAATAATTGGCGC,4
CTAAACTTATCTGTGG,4
CTAAGGGATTCAACTC,4
CTAATTTAAATATCAA,4
CTAATTTAAGTGTCAA,4
CTACAAACCTGCAAAT,4
CTACCCAGTTCCTGCG,4
CTACCTTAATCTACAG,4
CTACTCCACGGACGCC,4
CTACTTAACAGACGTA,4
CTAGAGGCCTGGCCCC,4
CTAGCATAGCGTAGGC,4
CTATAAACCGTTCGTA,4
CTATATTAATCTACAG,4
CTATATTGCCCCGAAG,4
CTATATTGCCCGGAAA,4
CTATCTGAATCTACAG,4
CTATCTTAATCTACAA,4
CTATTCTAGTACGCTT,4
CTATTTAACAGGCGTA,4
CTATTTAATAGACGTA,4
CTCAAATAATTGGCGT,4
CTCAAATAATTGGTGC,4
CTCAATGTCGTAGGGT,4
CTCAATGTCGTGGGAT,4
CTCAATGTCTTAGGAT,4
CTCAGCATTGGTCGCC,4
CTCAGGGATTCAACTC,4
CTCAGGTATTATATGC,4
CTCTGTCCAGACTCGT,4
CTGAACTTACCTGTGG,4
CTGAACTTATCGGTGG,4
CTGAACTTATCTGGGG,4
CTGAGCTGCCAATAAT,4
CTGAGGGATTCAACCC,4
CTGAGGGATTCAGCTC,4
CTGAGTTGCCAATAAG,4
CTGATGGATTCAACTC,4
CTGGAGGCCTGGCCAC,4
CTGGATAAATCAGAAC,4
CTGGATGCCTGGCCCC,4
CTGTAACTGCAGTTGA,4
CTGTACATGCAGTTGA,4
CTGTACCTGCAGGTGA,4
CTGTACCTGCAGTTGG,4
CTGTACCTTCAGTTGA,4
CTTACAGAATACTAGG,4
CTTACAGAATGCTAGA,4
CTTACGGAATACTAGA,4
CTTAGATATTATATGC,4
CTTCGGCTCGTGATTA,4
CTTCGGCTCTTGATAA,4
CTTGAGGCCTGGCCCC,4
CTTGCAGAATACTAGA,4
CTTTAAATTATAGTCC,4
CTTTAAATTATATTCT,4
GAAAGCCCCTTGCAAT,4
GAAAGTACCTATGATG,4
GAAATCCCAAAATAAC,4
GAAGAAACTATAACAA,4
GAAGAAGCTATAACCA,4
GAAGGTCCCTATGATG,4
GAAGTACGCTGAGTGA,4
GAAGTACTGCTGAAGT,4
GAAGTATGCTGAATGA,4
GAAGTGATGCTGAAGT,4
GAAGTGCGTATTGATT,4
GAAGTGCTGCTGAAGC,4
GAATTGCGTATTGAGT,4
GACAAAAGAGACATAT,4
GACATTTACTGAAGGG,4
GACCCCTTGTAAGATA,4
GACCCCTTGTAAGATT,4
GACCCCTTGTAATATG,4
GACCCCTTGTAGGATG,4
GACTCCTTGTAAGATG,4
GAGAGCTGCATAAGCG,4
GAGCTTGCTATGGACC,4
GAGGAGTAGAGATACG,4
GAGGCTCTAGAGCTCT,4
GAGGGGAACGGGAAGC,4
GAGGGGATACGTAACC,4
GAGGGGATACTTCACC,4
GAGGGGATGGGCACGT,4
GAGGGGGTACGTCACC,4
GAGGGGTAGAAATACG,4
GAGGGGTAGAGATAGG,4
GAGGGTTAGAGATACG,4
GAGGTACGCTGAATGA,4
GAGGTGTAGAGATACG,4
GAGTAATAGAACAGAG,4
GAGTTTGCTATGGATC,4
GATAACGCAGAAAAAG,4
GATCACGCAGAAGAAG,4
GATCACTCAGAAAAAG,4
GATCCCTTGTAAGATG,4
GATCGCCATCGACCTC,4
GATCGCCATCGACGTC,4
GATCGCCATCGACTTA,4
GATCGCCATTGACTTC,4
GATCTGGGGGAGAGTC,4
GATCTTGGGGAGGGTC,4
GCAACGAGGTGGAACC,4
GCAAGCTCGTATCCCT,4
GCACGGAACTAACTCC,4
GCAGCATGCCGGTCAT,4
GCAGCGTGACGGTCAT,4
GCATGGAACCAACTCC,4
GCATGGAACTAAATCC,4
GCCGCGGCGGCGTGTG,4
GCCTAAAGGATCGTGA,4
GCCTGCGTTAGTGTCA,4
GCCTTTGCGCGAAGTC,4
GCCTTTGCGCGCAGTT,4
GCGAACGAAGTAGGAG,4
GCGAAGTTGCATAGCG,4
GCGAAGTTTCAGAGCG,4
GCGAGGTTTCATAGCG,4
GCGCGATTGTCCGGAA,4
GCTATTATGACTTCAT,4
GGAGTGCGTATTGAGT,4
GGCGACATCGCCCTTT,4
GGGCCATCTCAGATCG,4
GGGCGATTGTCCGGAA,4
GGGGGGATACGTCACC,4
GGTCTATCTCAGATCG,4
GTAACGAGGTGTAACC,4
GTAAGCAAAGGTGACC,4
GTAAGCAAAGTGGACC,4
GTAATTCACATGCGGA,4
GTAATTCTCATGCGGA,4
GTACAAACCTCCAAAT,4
GTACAAACTTGCAAAT,4
GTACACGCATGTGCCA,4
GTACCCAGTCCCTGCG,4
GTAGAACTACGGCCCC,4
GTAGAACTGCAGCCCC,4
GTAGAACTGCGGCCTC,4
GTAGCATCCTGGAATG,4
GTATCCAGTTCCTGCG,4
GTCAAGTTACGGGTGG,4
GTCACCGCTAATCCGA,4
GTCGCATCCGGGAATG,4
GTCGCATCCTGGAGTG,4
GTCGCATCCTGTAATG,4
GTCGCCTCTAATCCGA,4
GTGAGCGATAAAAGCA,4
GTGAGCTAGAAAAGCA,4
GTGCATCCTAGTGAAG,4
GTGCGACTGTCCGGAA,4
GTGCGGTTGTCCGGAA,4
GTGGAACTGCGGCCCC,4
GTGGGCGAGAAAAGCA,4
GTGGTAGCAAGCCGGG,4
GTGGTATCAAACCGGG,4
GTGGTATCAAGCCGAG,4
GTGGTATCAAGCTGGG,4
GTGGTATTAAGCCGGG,4
GTTAGGGCTACGTGAG,4
GTTATTATGACTTCGT,4
GTTATTATTACTTCAT,4
GTTGATCCGACACGCC,4
GTTGCCGCTAATCCGA,4
GTTGCTCCGACACGCT,4
GTTTTTCTATGGCTAC,4
TAACGTGATTTCTCGG,4
TAATAAGCCAGCAGGA,4
TAATAAGCCAGTAAGA,4
TAATAATAGAACAGAG,4
TACAAATGTCATTTGA,4
TACATACCGACGCACT,4
TACATACCGATGCAGT,4
TACCAATGTAATTTGA,4
TACCAATGTCATTTTA,4
TACCTGCTGCGGAACA,4
TACCTGCTGCGGAACT,4
TACGGTTCCGACTAAG,4
TACTAATGCCGTTGTA,4
TACTAATGCCGTTTTC,4
TACTAATTCCGTTGTC,4
TACTAGCAAGAAAATC,4
TACTAGCAATAAAACC,4
TACTGATAACTCTGCG,4
TAGCAGTGTCGGAAAG,4
TAGCATGGTCGGAAAG,4
TAGCATTGTCGGAAAA,4
TAGCCTGCAAGCCACT,4
TAGCTGATAGTAACGC,4
TAGCTGATATTAACTC,4
TATACAGAGTTTGTTG,4
TATACTCACGGAGGAC,4
TATACTCACGGAGTAT,4
TATACTCACTGAGGAT,4
TATATTCACGGAGGAT,4
TATCCTGCAAGCCACT,4
TATCTCGTATCCACAG,4
TATGACGTATCCACAG,4
TATGTCGCATCCACAG,4
TATTAAGAGAAGTACG,4
TATTAAGAGAAGTTCG,4
TATTCCTAACTAGCTA,4
TCACTTCAACTAAAAA,4
TCAGCGTGCCGGTCAT,4
TCAGGGGTGTACGAGA,4
TCATAGGTGTACGAGA,4
TCATCCGTTGGGAACT,4
TCATGGGGGGACGAGA,4
TCATGGGTGTAGGAGA,4
TCCAGCGCGGCAAGAG,4
TCCAGCGCGGTAGGAG,4
TCCAGCGCGGTGAGAG,4
TCCATCAAGTTGGTGC,4
TCCTATTCCGGCGCGG,4
TCCTGACATAGCGATG,4
TCGAATGAAGTAGGAG,4
TCGAGTTAATATGCGA,4
TCGAGTTAATATGTGC,4
TCGATTACTAGACGGA,4
TCGATTGCTAGCCGGA,4
TCGTATCAGTCGCGCC,4
TCGTATTAGGCGGCAT,4
TCGTCACACTACTGCT,4
TCGTCCGTTGGGAACG,4
TCGTCCGTTGGGAGCT,4
TCGTCGCACTGCTGCT,4
TCGTCTCACTACTGCT,4
TCGTGTCTCCGAGCAA,4
TCTAACTCTCGTGGCA,4
TCTCAGCGTTGTTTTG,4
TCTCTACCACTGCATC,4
TCTGGAAACAATCCCC,4
TCTTAGAGGGAACGAT,4
TCTTAGTCCTCGTAGG,4
TCTTAGTCCTCGTATA,4
TCTTAGTCCTCGTGTG,4
TCTTATTAGGCGGCGT,4
TCTTGATGCATTCCCG,4
TCTTGGAGTGAACGAT,4
TCTTGGGTGTACGAGA,4
TCTTGTTAGGCGGCAT,4
TCTTTAACACTGCATC,4
TCTTTACCACTGCGTC,4
TGACAACAATGCAAAT,4
TGAGTTCATAGATCCA,4
TGATCTGTAGAGCGCT,4
TGATCTTTTACATTCA,4
TGATCTTTTGCATTTA,4
TGCATTGGTATACATA,4
TGCGGTGGTCGATCAG,4
TGCGGTGGTCGATCCT,4
TGCGGTGGTCTATCCG,4
TGCTACTCCGGCGCGG,4
TGCTGTTCCGGCGCGG,4
TGGAACGAAGTAGGAG,4
TGGAATCGTAACCGAT,4
TGGAATCGTCACCGTT,4
TGGTACGCTTCATGCT,4
TGGTCAGCTTCATGCT,4
TGGTCCACTTCATGCT,4
TGGTCCGATTCATGCT,4
TGTAATAGGCATCACA,4
TGTAGTAGGCGTCACA,4
TGTATATCCAACACCA,4
TGTCGAGCCAGTCTGA,4
TGTCGTAATCTGAATA,4
TGTGGAGCGCCCTTAT,4
TGTGTTGAATAGGCGA,4
TGTTGAGCCAGCCTGA,4
TGTTGAGCGCCCTTAC,4
TGTTGATCCAGTCTGA,4
TTACGAATTCGATTCC,4
TTACTCCTGAGTAGTA,4
TTAGAACTGCGGCCCC,4
TTATCTGTAGAACGCT,4
TTATGAATTTGATTCC,4
TTCGGTGGTCGATCCG,4
TTCTGTCCATACTCGT,4
TTCTGTCGAGACTCGT,4
TTCTGTCTAGACTCGT,4
TTGAAATTGAAACATA,4
TTGAATCACCGAATAA,4
TTGACTCACAGAATAA,4
TTGAGCGAGAAAAGCA,4
TTGAGGAACGGGAAGC,4
TTGCAATTTAAACATA,4
TTGCATCAGTCGCGCC,4
TTGCTCCTGAGGAGTA,4
TTGCTCCTGAGTAATA,4
TTGCTCCTGATTAGTA,4
TTGCTCCTGGGTAGTA,4
TTGGGCAATAAATTAA,4
TTGGGTACTAAATTAA,4
TTGTACCTGCAGTTGA,4
TTTAATAGGCGTCACA,4
TTTAGATCCAACACCA,4
TTTAGGTATTATATGC,4
TTTATATCGAGATCCA,4
TTTATATCGAGATTAA,4
TTTATATCGAGGTTCA,4
TTTATATTCAACACCA,4
TTTATTATGACTTCAT,4
TTTCACAGAAACTATC,4
TTTCACAGAACCTACC,4
TTTCACAGAACCTAGC,4
TTTCACATAACCTATC,4
TTTCAGCGTTGGTTTG,4
TTTCAGCGTTGTTTCG,4
TTTCAGCGTTGTTTTA,4
TTTCAGTGTTGTTTTG,4
TTTCCGAATGGGGTAG,4
TTTCGCAGAACCTATC,4
TTTCGTTATACTCACA,4
TTTGGAGCGCCCTTAC,4
TTTTATCAGTCGCGCC,4
AAACCCATAAGAACCC,3
AAAGACCTTTAACTCC,3
AAAGCGAGCATGTCAA,3
AAAGTGCTGCTGAAGT,3
AAATCTCTTTTCGTTC,3
AAATTCACGATATCCA,3
AAATTCGCCGTTCCCC,3
AACACATAGAACCGCC,3
AACACGTAGGACCGCC,3
AACAGAAATCCATGTA,3
AACAGAAGTCCATATA,3
AACAGAAGTCCGTGTA,3
AACAGAAGTCTATGTA,3
AACATACGAGACGTAA,3
AACCAATCTTCGAACT,3
AACCACCGAGTGACAA,3
AACCGACGAGACGTAA,3
AACCGTACCGCATTTA,3
AACCGTACCGCGTTGA,3
AACCGTACCGCGTTTG,3
AACCTACGAGACGTAG,3
AACCTACGATACGTAA,3
AACCTAGGATCGCACT,3
AACGAAACAATCGAAC,3
AACGACAAACAGCAAG,3
AACGACAAACAGTAGG,3
AACGACCGAGTGACCG,3
AACGGCCGGCGAACTC,3
AACGGGATGGGCACGT,3
AACGGTTCCGACTATG,3
AACTTCCGTCTCCTGA,3
AACTTCTCTGACTGCT,3
AAGAAGACTCTGTGAT,3
AAGAGGCTATAGAAGT,3
AAGATGGATTGAAGTG,3
AAGCACCGAGTGACCG,3
AAGCAGTGATGTGATT,3
AAGCCCAGCGGGTTAT,3
AAGCGGGGAGGGGATT,3
AAGCGGTGATGTGATG,3
AAGGAGACTTTGTGAT,3
AAGGGGCCTCATAATA,3
AAGGTCCCGATGTAAT,3
AAGGTCCCTATTTAAT,3
AAGTATTGATACACAT,3
AAGTGGTGATGTGATT,3
AAGTTAAGAGAGAGTT,3
AAGTTAAGAGGAAGTT,3
AAGTTAGTAGACACAC,3
AATACGAGCATGTCAA,3
AATAGAAGTCCATGTA,3
AATCCGAATGGGGTAG,3
AATCGCAGGCACCCGT,3
AATCGCCATCGACTTC,3
AATCGCTCGCACCCGT,3
AATCGCTGGCAGCCGT,3
AATGAAACAAGCGAAC,3
AATGAAACAATGGAAC,3
AATGCGAACATGTCAA,3
AATGCGAGCACGTCAA,3
AATGCGAGCATGACAA,3
AATGCGTGAGTACTAG,3
AATGGCTGGCACCCGT,3
AATGGGAATTGCCACT,3
AATGGGCCTCATAATG,3
AATGTCCCTATGTAAT,3
AATTCCATAGGCATGG,3
AATTCGTGATTACTAG,3
AATTCGTTAGTACTAG,3
AATTGAACGTCAGACC,3
ACAAAGGCTCGAGAAG,3
ACAAAGTCGCGAGAAG,3
ACAAAGTCTAGAGAAG,3
ACAAGGTCTCGAGAAG,3
ACACACGCATGTGCCA,3
ACACGGGTTGGCTGCA,3
ACACGGGTTGGCTGTC,3
ACACGTGTTGGCTGTA,3
ACAGAATCGCAAATTA,3
ACAGGGATTGGCTGTT,3
ACAGTACGATATACGC,3
ACAGTACGATCCACGC,3
ACAGTACGATCTAAGC,3
ACAGTACGATCTACGA,3
ACAGTCCACCAGTGAG,3
ACAGTCCACCATTTAG,3
ACAGTGCGATCTACGC,3
ACATTTCCCAATAGGT,3
ACATTTTCCAAGAGGT,3
ACCACCAATGAGTTGT,3
ACCAGCAAGGAGTGGT,3
ACCAGCAATGAGATGT,3
ACCAGCAATGGGTTGT,3
ACCAGCAGTGAGTTGT,3
ACCATCTAACAGATAG,3
ACCCAATGAATCATCC,3
ACCCACGGAGCTTGGC,3
ACCCCCGGAGCTTGTC,3
ACCCCTGGAGCTTGGC,3
ACCGAATGAAGCATCC,3
ACCGAGTCACGAATAA,3
ACCGATTCACGAAGAA,3
ACCGATTCGCGAATAA,3
ACCGTTGTACACACAA,3
ACCGTTGTACACACCT,3
ACGAGCAATGAGTTGT,3
ACGATCTGAACCATAC,3
ACGCAAATAGACCTAA,3
ACGCAAATAGACTGAA,3
ACGCGGGTTGGCTGTA,3
ACGGGGATTGGCTCTT,3
ACGGGGATTGGCTGCT,3
ACGTACATTAAGATCA,3
ACGTACGATTTTCGAG,3
ACGTGTCTCCGAGCAT,3
ACGTGTCTTCGAGCAA,3
ACGTTCATTAAGATCA,3
ACTACGAGGCTAAGTA,3
ACTACGAGGCTATGTA,3
ACTCTAGCTCACTAAT,3
ACTCTAGTTCGCTAAT,3
ACTCTCTAGAAATTTT,3
ACTCTGGCTCGCTAAC,3
ACTGTCTAGAAATCTT,3
ACTTAGTCCTCGTATG,3
ACTTATTAGGCGGCAT,3
AGAAAATCGCAGATAC,3
AGAAAATCTCAGATCG,3
AGAAAATCTCAGATGC,3
AGAAAATCTCAGGTAC,3
AGAAAATCTTAGATAC,3
AGAAAGTCTCAGATAC,3
AGAAAGTCTCGAGAAG,3
AGAAGATTCGGGGGAC,3
AGACCATCACACCCAA,3
AGACCCCAGGTCCTTT,3
AGACCCGTAAGGACTA,3
AGAGCTAAAAAGGGGA,3
AGAGGATATATGGCTG,3
AGATCAACCCTATAGT,3
AGATCCACCCTATAGC,3
AGATCCACCCTGTAGT,3
AGATCCCAGGCCCTTT,3
AGATCCCAGGTACTTT,3
AGATCCCAGGTCATTT,3
AGATCCCAGGTCCGTT,3
AGATCCCGGGTCCTTT,3
AGATTCCAGGTCCTTT,3
AGCACATGCTGGGGAT,3
AGCACCTAACAGATAG,3
AGCAGCTAACAGATAG,3
AGCAGTGGTATACATA,3
AGCATAGGGACATGTG,3
AGCATAGGGATACGTG,3
AGCATCCAACAGATAG,3
AGCATCTAACCGATAG,3
AGCCCATGCGGGGGAT,3
AGCCCATGCTGGGAAT,3
AGCCCATGTTGGGGAT,3
AGCCCATTCTGGGGAT,3
AGCGACATCGCCCTTA,3
AGCGGCATCGCCCTTT,3
AGCGTAGGGATATGTG,3
AGCGTTGGCTTGGTTA,3
AGCTACATCGCCCTTT,3
AGCTCCTGGCGTATCA,3
AGCTCCTGGGATATCA,3
AGCTCCTGGGGGATCA,3
AGCTCTTGGGGTATCA,3
AGCTGAATTAAGTAGG,3
AGCTGAATTGAGTATG,3
AGGAAACATGCATTGG,3
AGGAAAGAAACTGGAA,3
AGGAAAGAAACTGGAT,3
AGGAAAGAAGCTGGAG,3
AGGAAGACTTTGTGAT,3
AGGACTATAGTTGGCT,3
AGGATTGATTGAAGTT,3
AGGCCCGTAAGGAATA,3
AGGCCCGTAAGGACGA,3
AGGTGGGGTCTCCCTT,3
AGGTTAAGAGAAAGTT,3
AGGTTCAGACTCTTAC,3
AGTAAACATGCACTGG,3
AGTAAACATGCATTGT,3
AGTATTGAATAGGCGA,3
AGTATTTGCACTTCAA,3
AGTATTTGCGCCTCAA,3
AGTATTTTCGCTTCAA,3
AGTCATTTAGATAGTT,3
AGTCGTCTAGATAGTT,3
AGTCGTTTAGATAGCT,3
AGTCGTTTAGATAGTC,3
AGTGTTAAATAGGCGA,3
AGTGTTGAACAGGCGA,3
AGTGTTGGCCTGGTTA,3
AGTGTTGGCTTGTTTA,3
AGTTAGGGTCTCCCTT,3
AGTTCCATAGGAATGG,3
AGTTCCATAGGCATGC,3
AGTTCGGGTCTCCCTT,3
AGTTGAATTAAGTATG,3
ATAACGTTTGTGCGAA,3
ATAACGTTTTTGCAAA,3
ATAACTGAGGGCATTT,3
ATAACTTAGGGCATTG,3
ATAACTTTTGTGCAAA,3
ATAATTTAAGTATCAA,3
ATACAAGCATGTGCCA,3
ATACACGAATGTGCCA,3
ATACACGAGGGTGTGA,3
ATACACGAGGTTGCGA,3
ATACACGAGGTTGTTA,3
ATACACGCATGTGCAA,3
ATACACGGGGTTGTGA,3
ATACATGCATGTGCCA,3
ATAGAAAATTATACGC,3
ATAGAATCGAAAATTA,3
ATAGAATCGCAAAGTA,3
ATAGAATCGCAAGTTA,3
ATAGGATACATGGCTG,3
ATAGGATAGATGGCTG,3
ATAGGATATATGACTG,3
ATAGGATATATTGCTG,3
ATATAAAAAACTTAGC,3
ATATAAAAAACTTGGT,3
ATATAGAAAACTTAGT,3
ATCAGGGTAATCGCGC,3
ATCCCATGCTGGGGAT,3
ATCCTATTTAAAGGCA,3
ATGACTATAGTTGGCA,3
ATGAGATTGGAGAAAC,3
ATGAGCGAGAAAAGCA,3
ATGCATCCTAGTGACG,3
ATGGCCCACGGGCACA,3
ATGGCCCACGGTCATA,3
ATGGGAGGGGAGAAAC,3
ATGGGAGTGGAGAAAC,3
ATGGGATTAGAGAAAC,3
ATGGGATTGGAGAAAG,3
ATGGGATTGGAGAAGC,3
ATGGGATTTGAGAAAC,3
ATGGGGATTGGCTGTT,3
ATGGTTTGACGTCCAT,3
ATGGTTTTGCGTCCAT,3
ATGTAAATTCGAGGAC,3
ATTAAACATGCATTGG,3
ATTAGATTATAAAGTA,3
ATTAGATTATAACATA,3
ATTAGATTATAACGCA,3
ATTAGGGCCACGTGAG,3
ATTAGGGCTACATGAG,3
ATTAGGGCTACGCGAG,3
ATTAGGGCTATGTGAG,3
ATTATCATAGCTAATA,3
ATTATTATGACTTCAT,3
ATTATTTGCGCTTCAA,3
ATTCAAATTCGAGGAC,3
ATTCCGAACGGGGTAG,3
ATTCCGAATAGGGTAG,3
ATTCCGAATGAGGTAG,3
ATTCCGAATGCGGTAG,3
ATTCCGAATGGAGTAG,3
ATTCCGAATGGGGTTG,3
ATTCCGAATGGTGTAG,3
ATTGCGAATGGGGTAG,3
ATTGTTGAATAGGCGA,3
ATTTAAAGTCGAGGAC,3
ATTTAAATTCGAGAAC,3
ATTTACTCATTATATG,3
ATTTTCTAGTACGCTT,3
ATTTTTCTATGGCTGC,3
ATTTTTCTATGGTTAC,3
CAAAATCTACGGCGAA,3
CAAAATCTGCGGCGAC,3
CAACAATCTTCGAACT,3
CAACGCGCCGAGCACC,3
CAAGTGCTGCATTAGG,3
CAATAAGCCAGCAAGA,3
CAATATTGCCCGGAAG,3
CAATTAAAAATACATA,3
CAATTAGAAATACAAA,3
CAATTAGAAATACATC,3
CAATTAGAAATAGATA,3
CACAAATCTTCGAACT,3
CACACAGAGTTTGTTG,3
CACAGCCGGCGAACTC,3
CACCAATATTCGAACT,3
CACCAATCTGCGAACT,3
CACCACCAGCACCTAG,3
CACCATCAGCACCCAG,3
CACCGCGCAGAGCACC,3
CACCTAGGATCGCACC,3
CACCTAGGATCGCACG,3
CACGACCGGCGAACTC,3
CACGGACGGCGAACTC,3
CACGGCAGGCGAACTC,3
CACGGGCTAATTTCTC,3
CACTAGATGTACAGCC,3
CACTAGATGTACATTC,3
CACTGAGACGCGCAAG,3
CACTGGCTAATGTCTC,3
CACTTTACGGATCTCT,3
CAGAACCTCGCTGTCT,3
CAGAACCTTGTTGTCT,3
CAGACAGAGTTTGTTG,3
CAGACTCTAGAGCTCT,3
CAGATAAGATAGAGAC,3
CAGATAATATATAGAC,3
CAGCGCACGTTTAGAG,3
CAGGAATCTCCCATAC,3
CAGGACCTCGTTGTCT,3
CAGGCTCGAGAGCTCT,3
CAGGCTCTAAAGCTCT,3
CAGGCTCTAGAGATCT,3
CAGGCTCTAGAGCTCG,3
CAGGGCCGGCGAACTC,3
CAGTGAGACGCGCAAG,3
CATAAAAGACTATATA,3
CATAAAAGGCTGTATA,3
CATAAAATACTGTATA,3
CATACAGAGGTGGTTG,3
CATACAGAGTCTGTTG,3
CATACAGAGTTTGTTA,3
CATACATAGTTTGTTG,3
CATATAATATAGAGAC,3
CATGCGGAGCCCAACA,3
CATGGGAATTGCCACG,3
CATGGGGAGCCCAACA,3
CATGGGGATTGCCACT,3
CATGTGGAGCCCAATA,3
CATGTGGAGCCCGACA,3
CATGTGTAGCCCAACA,3
CATGTTGAGCCCAACA,3
CATTGAGACGCGCGAG,3
CATTGAGACGCGGAAG,3
CATTGAGACGCGTAAG,3
CATTGAGAGGCGCAAG,3
CATTGATACGCGCAAG,3
CATTTAGAAATACATA,3
CCAAGCTGGGCGCATC,3
CCAAGCTTGACGCATC,3
CCAGCACAAAAAATTA,3
CCAGGCTTGGCGCATC,3
CCCAAATAATTGGCGC,3
CCCATTTACTGAAGGG,3
CCCCTCCCCTAAAGTT,3
CCCCTCCTCTAAAGCT,3
CCCCTCCTCTAGAGTT,3
CCCTATAAAATAAGCT,3
CCCTATGAAATAAGCC,3
CCCTGCGCGGCACGGG,3
CCCTGCGCGGCTCCGG,3
CCCTGCGCGGTTCGGG,3
CCCTTCACGGATCTCT,3
CCCTTTAAGGATCTCT,3
CCCTTTACGGATCTCG,3
CCCTTTACGGGTCTCT,3
CCCTTTGCGCGCAGTC,3
CCGGATAAATCAGGAC,3
CCGGATAAATCGGAAC,3
CCGGATAAATGAGAAC,3
CCTCATTAGCGGGAGG,3
CCTGGGCTAAGTTGTG,3
CCTGGGTTAAGGTGTG,3
CCTGGGTTAAGTCGTG,3
CCTGGGTTAAGTTATG,3
CCTGGGTTAATTTGTG,3
CCTTAAATTATAGTCT,3
CCTTAATGCATTCCCG,3
CCTTAGTCCTCGTATG,3
CCTTGATGCATCCCCG,3
CCTTGATGCATGCCCG,3
CCTTGATGCATTCCCC,3
CCTTTCTAGTACGCTT,3
CGAAACACGGCCCAGT,3
CGAAATACGTCCCAGT,3
CGAACCGCAGACACGG,3
CGAACCTCAGACACGT,3
CGAACTGCAGACACGT,3
CGAATCGCAGACACGT,3
CGACCAGGGAATCAAA,3
CGACTCCACTGACGCC,3
CGACTCCGCGGACGCC,3
CGAGAAATGTAAATGA,3
CGAGCACAGCGTAGGC,3
CGAGGACAAGATTGTA,3
CGATCGGGACTCATCT,3
CGATCTTTAAGAAAAA,3
CGCACGTTACGAGACA,3
CGCACTTTACGAGACG,3
CGCAGAATTGGTCGCC,3
CGCCATCAGCACCTAG,3
CGCGGCCGGCGAACTC,3
CGGACCCTAAATGGTA,3
CGGACCCTAGATGCTA,3
CGGACGCTAGATGGTA,3
CGGACTCTAGATGGTA,3
CGGAGCCTAGATGGTA,3
CGGCAAGGGAATCAAA,3
CGGCCAGGGAATCAGA,3
CGGCCAGGGGATCAAA,3
CGGGAAAGGTAAATGA,3
CGGGAAATGTAAAGGA,3
CGGGAAATGTAAATAA,3
CGGGAACATACATAGC,3
CGGGAACATACGTAAC,3
CGGGAACATGCATAAC,3
CGGGAACGTACATAAC,3
CGGGAAGTGTAAATGA,3
CGGGAATATACATAAC,3
CGGGATAAATCAGAAC,3
CGGGGACAAGATTTTA,3
CGGGGACAATATTGTA,3
CGGGGACAGGATTGTA,3
CGGGGACGAGATTGTA,3
CGGGTACAAGATTGTA,3
CGGTAATCTCCCATAC,3
CGGTCAGCGATAACGG,3
CGGTCAGGACTCATCT,3
CGGTCGGAACTCATCT,3
CGGTCGGGACGCATCT,3
CGGTCGTGACTCATCT,3
CGTACAGTGCAATCGA,3
CGTACAGTGTAATCTA,3
CGTGAAATGTAAATGA,3
CGTGAATCTCCCATAC,3
CGTGACCCCCTCAAAC,3
CGTGACCCCCTCCATC,3
CGTGCAGCGATAACGG,3
CGTGCAGTGTAATCGA,3
CGTGGGTTAAGTTGTG,3
CGTGTTGAATAGGCGA,3
CGTTAAAGGCCTATCC,3
CGTTAATGGCCTATCC,3
CGTTCAGCGATAAGGG,3
CGTTCAGCGATGACGG,3
CGTTGAGCCAGTCTGA,3
CTAACACAAAAAATTA,3
CTAATTTAAGCATCAA,3
CTAGCACAGCATAGGC,3
CTAGCACAGCGTTGGC,3
CTAGCACAGCTTAGGC,3
CTATATTCCCCGGAAG,3
CTATATTGCCCGCAAG,3
CTATATTGCCCGGATG,3
CTATATTGCCGGGAAG,3
CTATCTCAATCTACAG,3
CTATCTTAAGCTACAG,3
CTATCTTGATCTACAG,3
CTATCTTTACGAAAAA,3
CTATTAGAAATACATA,3
CTATTTAACAGACGCA,3
CTATTTAACAGACGTT,3
CTATTTAACAGACTTA,3
CTCAAATAATCGGCGC,3
CTCAAATAATTGGAGC,3
CTCAAATAATTGGCAC,3
CTCAAATAATTGGCGA,3
CTCAATGTAGTAGGAT,3
CTCAATTTCGTAGGAT,3
CTCACAGAATACTAGA,3
CTCATCAAGTTGGTGC,3
CTCCTAGGGGACTATT,3
CTCCTAGGTGACGATT,3
CTCTATGAAATAAGCT,3
CTCTTCTAGTACGCTT,3
CTGAACTGATCTGTGG,3
CTGAACTTATGTGTGG,3
CTGAACTTGTCGAGAT,3
CTGAACTTTTCGATAT,3
CTGAGCTGCCAACAAG,3
CTGAGCTGCTAATAAG,3
CTGAGGAATTCAACTC,3
CTGAGGTATTCAACTC,3
CTGCACCTGCAGTTGA,3
CTGGAGGCTTGGCCCC,3
CTGGCTCTAGAGCTCT,3
CTGTACCTGCAGCTGA,3
CTGTACCTGTAGTTGA,3
CTTACAAAATACTAGA,3
CTTACAGAATACTAAA,3
CTTACAGAGTACTAGA,3
CTTACAGGATACTAGA,3
CTTACTGCGTGAGAGT,3
CTTAGGCATTATATGC,3
CTTAGGTATGATATGC,3
CTTAGGTGTTATATGC,3
CTTCGGCCCTTGATTA,3
CTTCGGCTCTTAATTA,3
CTTCGGCTCTTGACTA,3
CTTCGGCTCTTGGTTA,3
CTTTAGATTATAGTCT,3
CTTTTCTAGGACGCTT,3
CTTTTCTAGTAAGCTT,3
CTTTTCTGGTACGCTT,3
CTTTTCTTGTACGCTT,3
GAAAGTCCATATGATG,3
GAAAGTCCCTATTATG,3
GAAATCACCAAATAAC,3
GAAATTCCCTATGATG,3
GAACCCAGTTCCTGCG,3
GAAGAAACTAGAACCA,3
GAAGAAACTATAACCG,3
GAAGAAACTGTAACCA,3
GAAGCGCGTATTGAGT,3
GAAGGAACTATAACCA,3
GAAGTACGCGGAATGA,3
GAAGTACGCTGAATGT,3
GAAGTACGCTGAATTA,3
GAAGTACTCTGAATGA,3
GAAGTCCCCAAATAAC,3
GAAGTGCATATTGAGT,3
GAAGTGCGGATTGAGT,3
GAAGTGCTGCGGAAGT,3
GAAGTGCTGCTTAAGT,3
GAATAACAGAACAGAG,3
GAATAATAGAGCAGAG,3
GAATCCTCAACTCCTA,3
GAATGATAGAACAGAG,3
GACAGGATGGGCACGT,3
GACCCCTGGTAAGATG,3
GACCCCTTGTAAGACG,3
GACCCCTTGTAAGGTG,3
GACCGCCATCGACTTC,3
GACCTTGGGGAGAGTC,3
GACGGCCGGCGAACTC,3
GACGGGATGGGTACGT,3
GACGGGATTGGCACGT,3
GACTGCGTTCATCGAT,3
GACTGGATGGGCACGT,3
GAGAAGACTTTGTGAT,3
GAGATCTGCAGAAGCG,3
GAGCCTGCTATGGATC,3
GAGCGATTGTCCGGAA,3
GAGGGGATACATCACC,3
GAGGGGATACGTCAAC,3
GAGGGGATACGTCACA,3
GAGGGGATATGTCACC,3
GAGGGGCCTCATAATG,3
GAGGTGATACGTCACC,3
GATCAAGCAGAAAAAG,3
GATCACGCATAAAAAG,3
GATCGCCACTTATAAG,3
GATCGCCGTCGACTTC,3
GATCTCGGGGAGAGTC,3
GATCTTGGGGACAGTC,3
GATCTTGGGGAGATTC,3
GATGGGATGGGCACGT,3
GATTCAGATGACCACC,3
GATTCAGATGCCAACC,3
GATTCAGATGCCCATC,3
GATTCAGATGTCCACC,3
GCAAACAGGGTAGTTG,3
GCAAACAGTATAGTTG,3
GCAAACAGTGTATTTG,3
GCAAAGTTTCATAGCG,3
GCAACGAGGTGTGACC,3
GCAACGGGGTGTAACC,3
GCAAGCAGTGTAGTTG,3
GCACCCAGTTCCTGCG,3
GCACCCTCAACTCCTA,3
GCAGAGTGCCGGTCAT,3
GCAGCGTACCGGTCAT,3
GCAGGCGTTAGTGTCA,3
GCAGGGAACTAACTCC,3
GCATCCTCAACTCCCA,3
GCATCGAACTAACTCC,3
GCATGGAACTAACCCC,3
GCATGGAACTAACGCC,3
GCATGGAACTGACTCC,3
GCATGGGTGTACGAGA,3
GCCAACTCGTATCCCT,3
GCCAAGTTACGGATGG,3
GCCAGCCCGTATCCCT,3
GCCAGCGCGGTAAGAG,3
GCCAGCGTTAGTGTCA,3
GCCAGCTCGTAGCCCT,3
GCCAGCTCGTATCTCT,3
GCCAGCTCGTGTCCCT,3
GCCATCTACTGAAGGG,3
GCCATTGCGCGCAGTC,3
GCCATTTACTGAAGGT,3
GCCATTTACTGGAGGG,3
GCCCCCGGAGCTTGGC,3
GCCGAAAGGATCATGA,3
GCCGCTGCGGCGTGGG,3
GCCGGCGTTAGTGTCG,3
GCCGGCGTTAGTGTCT,3
GCCGGCGTTAGTTTCA,3
GCCGGCTCGTATCCCT,3
GCCTAAAGGATCATAA,3
GCCTAGAGGATCATGA,3
GCCTTTGAGCGCAGTC,3
GCCTTTGCGAGCAGTC,3
GCCTTTGCGCGCAATC,3
GCCTTTGCGCGCACTC,3
GCCTTTGCGCGCAGTA,3
GCGAAGTTTCATAGCA,3
GCGAAGTTTCATAGCT,3
GCGAGCTCGTATCCCT,3
GCGGGGATTGGCTGTT,3
GGAGAACTGCGGCCCC,3
GGCGGGATGGGCACGT,3
GGGGAATCTCCCATAC,3
GGTCCATCTCACATCG,3
GGTCCATCTCAGAGCG,3
GGTCCATCTTAGATCG,3
GGTCTTGGGGAGAGTC,3
GGTGCATCTCAGATCG,3
GGTTAACTTTGGAAGA,3
GGTTCAGCGATAACGG,3
GTAAGCAAAGTTCACC,3
GTAAGCAAAGTTGACT,3
GTAAGCTTCATGGGGT,3
GTAAGCTTCATGTAGT,3
GTAAGGAAAGTTGACC,3
GTAAGTAAAGTTGACC,3
GTACCCGGTTCCTGCG,3
GTAGAACTGCGCCCCC,3
GTAGAACTGCGGACCC,3
GTAGAACTGCGGCTCC,3
GTAGAACTGGGGCCCC,3
GTAGAACTTCGGCCCC,3
GTAGATAATAGGACCA,3
GTAGATACGAGGACCA,3
GTAGATACTAGGAACA,3
GTAGATACTATGACCA,3
GTAGGTACTAGGACCA,3
GTAGTATCAAGCCGGG,3
GTATAAAAAACTTAGT,3
GTCAAGTTACGGACGG,3
GTCAAGTTACGGATAG,3
GTCAAGTTACGTATGG,3
GTCATTTACTGAAGGG,3
GTCCGTCAGCATGAAC,3
GTCGCATCCCGGAATG,3
GTCGCCGCTAATACGA,3
GTCGCCGCTAATCTGA,3
GTCGTCGCTAATCCGA,3
GTCTTTGCGCGCAGTC,3
GTGAACTTATCTGTGG,3
GTGAGCAAAGTTGACC,3
GTGAGCGAGGAAAGCA,3
GTGAGGGATTCAACTC,3
GTGATATCAAGCCGGG,3
GTGCATCCTAGGGACG,3
GTGCGATCGTCCGGAA,3
GTGCGATGGTCCGGAA,3
GTGCGATTGTCCGCAA,3
GTGCTTGCTATGGATC,3
GTGGAGGCCTGGCCCC,3
GTGGATACTAGGACCA,3
GTGGGATCAAGCCGGG,3
GTGGTATCAAGCCCGG,3
GTGGTATCAAGCCGGC,3
GTGGTATCAAGCGGGG,3
GTGGTTTTACGTCCAT,3
GTTATATCCAACACCA,3
GTTATCATGACTTCAT,3
GTTATTACGACTTCAT,3
GTTATTATGACTTCAC,3
GTTATTGTGACTTCAT,3
GTTGCTCCGACAAGCC,3
GTTGCTCTGACACGCC,3
GTTGTTATGACTTCAT,3
GTTTCTCCGACACGCC,3
TAAAAAGCATCCATGA,3
TAAAAAGCCTCCATGG,3
TAAAAAGCCTCCATTA,3
TAAATACCGACGCAGT,3
TAACATGATTTCTCGA,3
TAACGAATTTGATTCC,3
TAACGTGATCTCTCGA,3
TAACGTGATTCCTCGA,3
TAAGTGCGTATTGAGT,3
TAAGTTCATAGCTCCA,3
TAATAAGCAAGCAAGA,3
TAATAAGCCAGCGAGA,3
TAATCTTTTACATTTA,3
TAATGAGCCAGCAAGA,3
TACAAAACCTGCAAAT,3
TACAGTGGTATACATA,3
TACATACCGACACAGT,3
TACATACCTACGCAGT,3
TACATACTGACGCAGT,3
TACATGCCGACGCAGT,3
TACCAATGTCATGTGA,3
TACCAATGTCATTCGA,3
TACCACCCCAGAGATG,3
TACCCTGCAACCCACT,3
TACCCTGCAAGGCACT,3
TACCCTGGAAGCCACT,3
TACCTGCTGCGTAACG,3
TACGGGCTAATGTCTC,3
TACGGTGGTCGATCCG,3
TACTAATGCAGTTGTC,3
TACTAATGCCGTTATC,3
TACTAATGCCGTTGTT,3
TACTGATAACCCCGCG,3
TACTGATAACCCTGCT,3
TACTGATAATCCTGCG,3
TACTGATAGCCCTGCG,3
TACTGCGTTCATCGAT,3
TAGAGCTGCAGAAGCG,3
TAGCATCGTCGGAAAG,3
TAGCATTGTCGGAAAC,3
TAGCATTGTCGGAAGG,3
TAGCTGATAGTAAATC,3
TAGCTGATAGTAACCC,3
TAGCTGATGGTAACTC,3
TAGCTGGTAGTAACTC,3
TATACAAGGGACGGAC,3
TATACTAACGGAGGAT,3
TATATTAGTGACATAA,3
TATCACGCAGAAAAAG,3
TATCCAGGGGACGGAC,3
TATCTTGGGGAGAGTC,3
TATGTCGTACCCACAG,3
TATGTCGTATCCACCG,3
TATGTCGTATCTACAG,3
TATGTCGTATGCACAG,3
TATTAAGAGAAGTGCT,3
TATTAAGAGAGGTGCG,3
TATTAAGATAAGTGCG,3
TCAAGATTCGGGGGAC,3
TCAATTGGGGGCTAAA,3
TCACGACTCGACTAAA,3
TCACGGGTGTACGAGA,3
TCATGACTCGACTAAC,3
TCATGGATGTACGAGA,3
TCATGGGCGTACGAGA,3
TCCAGCGCGGTAAGAA,3
TCCAGCGCGGTAAGCG,3
TCCAGTGGTATACATA,3
TCCGAATGAATCATCC,3
TCCGGAAACGATCCCC,3
TCCTATGAAATAAGCT,3
TCCTATTAGGCGGCAT,3
TCGAACAAAGTAGGAG,3
TCGAACGAAGCAGGAG,3
TCGAACGGAGTAGGAG,3
TCGACTACTAGCCGGA,3
TCGAGTTAATATGAGC,3
TCGAGTTAGTATGCGC,3
TCGATTAATAGCCGGA,3
TCGATTCAACTAAAAA,3
TCGCCTCAACTAAAAA,3
TCGCTTAAACTAAAAA,3
TCGCTTCAACTAAAGA,3
TCGGTTACTAGCCGGA,3
TCGTACGTTGGGAACT,3
TCGTAGCACTACTGCT,3
TCGTCCGTCGGGAACT,3
TCGTCCGTTGGGAACC,3
TCGTCCGTTGTGAACT,3
TCGTCGCAATACTGCT,3
TCGTCGCACTAATGCT,3
TCGTCGCACTACTGCA,3
TCGTCTGTTGGGAACT,3
TCTAACCCTCGCGGCA,3
TCTAACTATCGCGGCA,3
TCTAACTCCCGCGGCA,3
TCTAACTCTCACGGCA,3
TCTAACTCTCGGGGCA,3
TCTAACTTTCGCGGCA,3
TCTCAGCTCTTAGCCA,3
TCTCGTGATACTCACA,3
TCTGACTCTCGCGGCA,3
TCTGGAAAAGATCCCC,3
TCTGGAAACGATCCAC,3
TCTGGACATAGCGATG,3
TCTGGAGACGATCCCC,3
TCTGGGAACGATCCCC,3
TCTTAGAGTGAAAGAT,3
TCTTAGCCCTCGTATG,3
TCTTAGTACTCGTATG,3
TCTTAGTCCACGTATG,3
TCTTAGTCCTCGTAAG,3
TCTTAGTCCTCTTATG,3
TCTTATTAGGCGGCAG,3
TCTTGAAATAGCGATG,3
TCTTGACATAGCAATG,3
TCTTGACGTAGCGATG,3
TCTTGGCATAGCGATG,3
TCTTTACCACCGCATC,3
TCTTTACCACTCCATC,3
TCTTTACCACTGCAGC,3
TCTTTACCACTGCATT,3
TCTTTATCACTGCATC,3
TGAAAACAATACAAAT,3
TGACAACAAGACAAAT,3
TGACAACAATACAAAC,3
TGACAACAATACAAAG,3
TGAGGTGGTCGATCCG,3
TGAGTTCATAGCGCCA,3
TGAGTTCATAGCTCCG,3
TGATCTGTGACATTGA,3
TGATCTGTGGCATTGC,3
TGATCTTTCACATTTA,3
TGATCTTTTACATTTG,3
TGCAGCGCGGTAAGAG,3
TGCAGTGCTATACATA,3
TGCAGTGGGATACATA,3
TGCAGTGGTAGACATA,3
TGCAGTGGTATACATC,3
TGCAGTGGTATACGTA,3
TGCCTGCTGCGGAACG,3
TGCGACATCGCCCTTT,3
TGCGGTGGTCGGTCCG,3
TGCTATTCCGGCGCGC,3
TGGAATAGTCACCGAT,3
TGGAATCGTCACAGAT,3
TGGAATCGTCACCAAT,3
TGGAATCGTCACCGAC,3
TGGAGTATGAAGAGCG,3
TGGAGTCGTCACCGAT,3
TGGCCCGTAAGGACTA,3
TGGCTGATAGTAACTC,3
TGGGGGAACGGGAAGC,3
TGGTCCGCCTCATGCT,3
TGGTCCGCTTCACGCT,3
TGGTCCGCTTCAGGCT,3
TGGTCCGCTTCATGAT,3
TGGTCCGTTGGGAACT,3
TGTAATAGGAGTCACA,3
TGTAATAGGCGCCACA,3
TGTAATAGGCGTCAAA,3
TGTAATAGGCTTCACA,3
TGTACGTATGTCCCAG,3
TGTCCGGATAAAGGAG,3
TGTGGAGCGCACTTAC,3
TGTGGAGCGCCCTCAC,3
TGTGGGGCGCCCTTAC,3
TGTTAACTTTGGAAGC,3
TGTTGAGCCAGTATGA,3
TGTTGAGCCAGTCGGA,3
TGTTGAGCCGGTCTGA,3
TGTTGGGGTCTCCCTT,3
TGTTGTAATCTGAAGA,3
TGTTGTAATCTGGATA,3
TGTTTAGCCAGTCTGA,3
TGTTTTAATCTGAATA,3
TTAATATAGCCGCTCC,3
TTAATGTAGACGCTCC,3
TTAATGTAGTCGCTCC,3
TTAATTCGCATGCGGA,3
TTACGAATTGGATTCC,3
TTACGAATTTGACTCC,3
TTACGAATTTGATGCC,3
TTACGGATTTGATTCC,3
TTAGATACTAGGACCA,3
TTAGGAATTTGATTCC,3
TTAGGGAACGGGAAGC,3
TTAGTTCATAGCTCCA,3
TTATCTGTAGAGGGCT,3
TTCAAATAATTGGCGC,3
TTCAGTGGTATACATA,3
TTCATCAAGTTGATGC,3
TTCATCGAGTTGGTGC,3
TTCCGTGATACTCACA,3
TTCGCATCCTGGAATG,3
TTCGCCGCTAATCCGA,3
TTCGGGAACGGGAAGC,3
TTCTATCCAGACTCGT,3
TTCTGTCCAGACTCGG,3
TTCTGTCCAGACTTGT,3
TTCTGTCCTGACTCGT,3
TTGAAAAAAGCATAAA,3
TTGAAAAAATCATAAT,3
TTGAAAAAATCATGAA,3
TTGAACTTGTCGATAT,3
TTGACTCACTGAATAA,3
TTGATATCCAACACCA,3
TTGCAATGGAAACATA,3
TTGCTACTGAGTAGTA,3
TTGCTCCGGAGTAGTA,3
TTGCTCCTGAGTAGCA,3
TTGCTCCTGAGTGGTA,3
TTGGGCACTAAATGAA,3
TTGGGCACTAGATTAA,3
TTGGGCGCTAAATTAA,3
TTGGGGAAGGGGAAGC,3
TTGGTCACTAAATTAA,3
TTGTATCAGTCACGCC,3
TTGTATCGGTCGCGCC,3
TTTACATCCAACACCA,3
TTTATAACCAACACCA,3
TTTATAGCCAACACCA,3
TTTATATCGAACACCA,3
TTTATATCGAGATGCA,3
TTTATATCGGGATTCA,3
TTTATATCTAGATTCA,3
TTTATGTCGAGATTCA,3
TTTCAAAGAACCTATC,3
TTTCACAGAACCTATA,3
TTTCACAGAACCTGTC,3
TTTCAGCGTTGTTTTT,3
TTTCAGCGTTTTTTTG,3
TTTCAGCTTTGTTTTG,3
TTTCGTGATACTAACA,3
TTTCGTGATACTCAAA,3
TTTGCTCCGACACGCC,3
AAAAAAGCCTCCATGA,2
AAAAAAGTTAGGACAA,2
AAAACTCTTTTCGTTC,2
AAACCCATAAGACACC,2
AAACCCATAAGACTCC,2
AAACCCATAAGATCCC,2
AAACCTATAAGACCCC,2
AAACGCATAAGACCCC,2
AAACGGTGATGTGATT,2
AAACGTGATTTCTCGA,2
AAAGACCTTTAACTAT,2
AAAGATCTTTTCGTTC,2
AAAGCCCTTTTCGTTC,2
AAAGCTCCTTTCGTTC,2
AAAGCTCTTTTCGTTT,2
AAAGGAGCGCCTTCAA,2
AAAGGCGCACCTTCAA,2
AAAGGCGCGCCTTAAA,2
AAAGGCGCTCCTTCAA,2
AAAGTAGAAGAGGATT,2
AAAGTAGCAGAGGAGT,2
AAAGTAGCGGAGGATT,2
AAAGTAGTAGAGGATT,2
AAAGTATCAGAGGATT,2
AAAGTGCGTATTGAGT,2
AAATAATAGAACAGAG,2
AAATGCGTTCATCGAT,2
AAATGTTCAATAGACG,2
AAATGTTTAATGGACG,2
AAATTAACAATATCCA,2
AACACGCAGAACCGCC,2
AACACGGAGAACCGCC,2
AACACGTAGAACCGTC,2
AACACGTAGAGCCGCC,2
AACAGAAGGCCAGGTA,2
AACAGAAGTCCAGGGA,2
AACAGAAGTCGATGTA,2
AACAGAAGTTGCCAAG,2
AACCAATGTCATTTGA,2
AACCACCCCAGAGAGG,2
AACCACCGAGACGTAA,2
AACCACCGAGCGACCG,2
AACCACCGAGTCACCG,2
AACCGATTTAAAGGCA,2
AACCGCTGGCACCCGT,2
AACCGTACCGAGTTTA,2
AACCGTACCGCGTTTT,2
AACCGTACCGCTTTTA,2
AACCGTACTGCGTTTA,2
AACCGTGCCGCGTTTA,2
AACCTACAAGACGTAA,2
AACCTACGAGACCTAA,2
AACCTACGAGACGCAA,2
AACCTACGGGACGTAA,2
AACCTAGGAGACGTAA,2
AACGACAAACAGTTAG,2
AACGACAAATAGTAAG,2
AACGACACCCTTCCGG,2
AACGACAGACAGTAAG,2
AACGCTTCCGACTAAG,2
AACGGTTCCGAGTAAG,2
AACGGTTCCGATTAAG,2
AACTCCTGGGGTATCA,2
AACTGAATTAAGTATG,2
AACTGCGTTCAGCGAT,2
AACTGCGTTCATCAAT,2
AACTTCCCTCACTGCT,2
AACTTCCCTGACGGCG,2
AACTTCCCTGGCTGCT,2
AACTTCCGCCGCCTGA,2
AACTTCCGTCGCCCGA,2
AACTTTCCTGACTGCT,2
AAGAAGACTTTGTCAT,2
AAGAAGACTTTGTGAC,2
AAGAAGACTTTGTGGT,2
AAGAAGATATAGAAGT,2
AAGAAGCGATAGAAGT,2
AAGAAGCTACAGAAGT,2
AAGAAGCTATAAAAGT,2
AAGAAGCTATAGAATT,2
AAGAAGCTATAGAGGT,2
AAGAAGCTGTAGAAGT,2
AAGAAGGCTTTGTGAT,2
AAGAAGTTATAGAAGT,2
AAGAATACTTTGTGAT,2
AAGACTATAGTTGGCA,2
AAGAGCTGCAGAAGCG,2
AAGATTGACTGAAGTT,2
AAGATTGATCGAAGTT,2
AAGATTGATTGAAGTC,2
AAGATTGATTGGAGTT,2
AAGATTGATTTAAGTT,2
AAGCACAGCGGGTGAT,2
AAGCATTGTCGGAAAG,2
AAGCCCAGCGGGGGAT,2
AAGCCCAGCGGTTGAT,2
AAGCCCAGCTGGTGAT,2
AAGCCCAGGGGGTGAT,2
AAGCCCAGTGGGTGAT,2
AAGCCCATAAGACCCC,2
AAGCGGGGATGTGATT,2
AAGCGGTGATGTGATA,2
AAGCGGTGATGTGATC,2
AAGCGGTGATGTGGTT,2
AAGCGGTGATTTGATT,2
AAGCGGTGGTGTGATT,2
AAGCTGATAGTAACTC,2
AAGGACAAACAGTAAG,2
AAGGACCTTTAACTCT,2
AAGGCCCCTATGTAAT,2
AAGGCTCTTTTCGTTC,2
AAGGGCCCTCATAATG,2
AAGGGGATACGTCACC,2
AAGGGGCCCCATAATG,2
AAGGGGCCTAATAATG,2
AAGGGGCCTCATAAGG,2
AAGGGGCCTCATAATT,2
AAGGGTTCCGACTAAG,2
AAGGTAAGAGAAAGTG,2
AAGGTCCCTATATAAT,2
AAGGTCCCTATGCAAT,2
AAGGTCCCTATGTAAC,2
AAGGTCCCTATGTGAT,2
AAGGTGCCTCATAATG,2
AAGTATTGCCACACAT,2
AAGTATTGCGACACAT,2
AAGTATTGCTACACAC,2
AAGTATTGCTGCACAT,2
AAGTATTTCTACACAT,2
AAGTGGCCTCATAATG,2
AAGTTAAGAGAAATTT,2
AAGTTAAGATAAAGTT,2
AAGTTAAGGGAAAGTT,2
AAGTTAGGAGAAAGTT,2
AAGTTAGGAGACCCAC,2
AAGTTAGTAGACCCGC,2
AAGTTAGTGGACCCAC,2
AATAAAAGACTGTATA,2
AATACGTAGAACCGCC,2
AATCAAACAATCGAAC,2
AATCACCTAGATGGTA,2
AATCACGCAGAAAAAG,2
AATCCGAGCATGTCAA,2
AATCGAACGTCATACC,2
AATCGCGGGCACCCGT,2
AATCGCTGGCACTCGT,2
AATCGTTTAGATAGTT,2
AATCTACGAGACGTAA,2
AATCTGGCTCGCTAAT,2
AATGAAACAATCAAAC,2
AATGAAACAATCGGAC,2
AATGAAATAATCGAAC,2
AATGCGAGCAGGGCAA,2
AATGCGTGCATGTCAA,2
AATGTGGAGCCCAACA,2
AATGTTGAATAGGCGA,2
AATTAGTGAGTACTAG,2
AATTCGTAAGTACTAG,2
AATTCGTGAATACTAG,2
AATTCGTGAGTACTTG,2
AATTTAAGAGAAAGTT,2
AATTTCCCTGACTGCT,2
ACAAAGTCTCGAGAAA,2
ACAAAGTCTCGAGAAT,2
ACAAAGTCTCGAGAGG,2
ACAAAGTCTCGAGGAG,2
ACAACCTGAACCATAC,2
ACAAGATTCAGGGGAC,2
ACAAGATTCGGGGGAT,2
ACAAGATTGGCGCATC,2
ACAATACGATCTACGC,2
ACAATCTAAACCATAC,2
ACAATCTGAACTATAC,2
ACAATCTGAATCATAC,2
ACAATCTGAATCATCC,2
ACAATCTGTACCATAC,2
ACAATTTGAACCATAC,2
ACACAGGTTGGCTGTA,2
ACACGAGTTGGCTGTA,2
ACACGATTCGGGGGAC,2
ACACGGGCTGGCTGTA,2
ACACGGGTTGGCGGGA,2
ACACGGGTTGGCTGTT,2
ACACTTTCCAATAGGT,2
ACAGAAAATTATCCGC,2
ACAGTAAGATCTACGC,2
ACAGTACACCATTGAG,2
ACAGTACGAGCTACGC,2
ACAGTCCAACATTGAG,2
ACAGTCCACCATTCAG,2
ACAGTCCACCATTGAT,2
ACAGTTCACCATTGAG,2
ACAGTTGTACACACCA,2
ACATATGATTTTCGAG,2
ACATCCATTAAGATCA,2
ACATTGTCCAATAGGT,2
ACATTTGCCAATAGGT,2
ACATTTTCCAACAGGT,2
ACATTTTCCAATAAGT,2
ACATTTTCCAATATGT,2
ACATTTTCCAATGGGT,2
ACCACGAGGCTACGTA,2
ACCAGCAAGGAGTTGT,2
ACCAGCAATAAGTTGT,2
ACCAGCAATGACTTGT,2
ACCAGCAATGAGTGGT,2
ACCAGCAATGAGTTGA,2
ACCCCCAGAGCTTGGC,2
ACCCCCGGAGCTTGAC,2
ACCCCCGGAGCTTTGC,2
ACCCCCGGATCTTGGC,2
ACCCGATTTAAAGGCA,2
ACCCTTGTACACACCA,2
ACCGAATAAATCATCC,2
ACCGAATGAACCATCC,2
ACCGAATGAATCAACC,2
ACCGAATGAATCGTCC,2
ACCGAATGTATCATCC,2
ACCGACTCACGAATAA,2
ACCGCTGCGGCGTGTG,2
ACCGGCGTTAGTGTCA,2
ACCGTATGAATCATCC,2
ACCGTTGTACACACTA,2
ACCGTTGTACACGCCA,2
ACCGTTGTAGACACCA,2
ACCGTTTTACACACCA,2
ACCTCCATTAAGATCA,2
ACGAAAATAGACCGAA,2
ACGCAAATAGAACGAA,2
ACGCAAATAGACCAAA,2
ACGCAAATAGACCGAG,2
ACGCAAATGGACCGAA,2
ACGCGAATAGACCGAA,2
ACGGGGATTGGCTATT,2
ACGGGGATTGGCTGTC,2
ACGGGGGTTGGCTGTT,2
ACGGTACGATCTACGC,2
ACGGTCCACCATTGAG,2
ACGGTCCCTATGTAAT,2
ACGTATGATCTTCGAG,2
ACGTATGATTCTCGAG,2
ACGTATGATTGTCGAG,2
ACGTATGATTTGCGAG,2
ACGTATGATTTTCGAA,2
ACGTATGATTTTCGAC,2
ACGTATGATTTTCGTG,2
ACGTCAATTAAGATCA,2
ACGTCCAGTAAGATCA,2
ACGTCCATGAAGATCA,2
ACGTCCATTAAGAGCA,2
ACGTCCATTAAGATCT,2
ACGTCCATTAATATCA,2
ACGTCCATTGAGATCA,2
ACGTCCATTTAGATCA,2
ACGTCCGTTGGGAACT,2
ACGTGCCTCCGAGCAA,2
ACGTGTCTCCCAGCAA,2
ACGTGTCTCCGAGCGA,2
ACGTGTTTCCGAGCAA,2
ACGTTTTCCAATAGGT,2
ACTACGATGCTACGTA,2
ACTACGGGGCTACGTA,2
ACTATAGCTCGCTAAT,2
ACTCAAATAGACCGAA,2
ACTCCAGCTCGCTAAT,2
ACTCTAGCTAGCTAAT,2
ACTCTAGCTCGCCAAT,2
ACTCTGGCGCGCTAAT,2
ACTCTGGCTCCCTAAT,2
ACTCTGGCTCGCTGAT,2
ACTCTGTCTCGCTAAT,2
ACTCTTGCTCGCTAAT,2
ACTGAATGAATCATCC,2
ACTGTCAAGAAATTTT,2
ACTGTCTAGAAAGTGT,2
ACTGTCTAGAAATTTA,2
ACTGTCTAGAAGTTTT,2
ACTGTTTAGAAATTTT,2
AGAAAAGCTCAGATAC,2
AGAAAATCCCAGATAC,2
AGAAAATCTGAGATAC,2
AGAACCGCAGACACGT,2
AGAACTGAGGGCATTG,2
AGACAATCGCACCCAA,2
AGACACGAGGTTGTGA,2
AGACACGCAGGGGCCA,2
AGACCATCGCACACAA,2
AGACCATCGCACCAAA,2
AGACCATCGCACCCAG,2
AGACCATCTCACCCAA,2
AGACCATTGCACCCAA,2
AGACCCATAAGACCCC,2
AGAGCGAAAAAGAGGA,2
AGAGTAGCAGAGGATT,2
AGATCCACACTATAGT,2
AGATCCACCATATAGT,2
AGATCCACCCTATATT,2
AGATCCTAGGTCCTTT,2
AGATCGCCAGTTTCGT,2
AGATCTGGAGGGACAG,2
AGATTTTCCAATAGGT,2
AGCAAACATGCATTGG,2
AGCAGAGGGATAGGGG,2
AGCAGCATTGGTCGCC,2
AGCATAGAGATATGTG,2
AGCATAGGGAGAGGTG,2
AGCATAGGGATATATG,2
AGCATAGTGATATGTG,2
AGCATAGTTATATGTG,2
AGCATCGAACAGATAG,2
AGCATCTAACAGTAAG,2
AGCATTTGCGCTTCAA,2
AGCCAATGCTGGGGAT,2
AGCCCATGATGGGGAT,2
AGCCCATGCTGGGGAG,2
AGCCCATGCTGGTGAT,2
AGCCCCTGGGGTATCA,2
AGCGACATCGCACTTT,2
AGCGACATCGCCCTTG,2
AGCGACGTCGCCCTTT,2
AGCGATATCGCCCTTT,2
AGCGCCTGGGGTATCA,2
AGCTCCTGGAGTATCA,2
AGCTCCTGGGGTATCC,2
AGCTCCTGGGGTATTA,2
AGCTCCTGGGGTGTCA,2
AGCTGGGGTCTCCCTT,2
AGGAAAGAAACTGCAG,2
AGGAAATAAACTGGAG,2
AGGAAGCTATAGAAGT,2
AGGACCATAGTTGGCA,2
AGGACTAGAGTTGGCA,2
AGGACTATAGTCGGCA,2
AGGACTATAGTTTGCA,2
AGGAGCATGAAGAGCG,2
AGGAGTATGAAAAGCG,2
AGGAGTATGTAGAGCG,2
AGGAGTGTGAAGAGCG,2
AGGCCATGCTGGGGAT,2
AGGCCCATAAGGACTA,2
AGGCCCGGAAGGACTA,2
AGGCCCGTAAGAACTA,2
AGGCCCGTAAGGACCA,2
AGGCCCTTAAGGACTA,2
AGGCCTGTAAGGACTA,2
AGGCGGTGATGTGATT,2
AGGGGGCCTCATAATG,2
AGGGTTGAAGAGGCGA,2
AGGTCCAGACTCTTGC,2
AGGTCCATTAAGATCA,2
AGGTCCGCTTCATGCT,2
AGGTGGACGGGAATGG,2
AGGTTCAAACTCTTGC,2
AGGTTCAGAATCTTGC,2
AGGTTCAGACTCCTGC,2
AGGTTCAGACTCGTGC,2
AGGTTCATACTCTTGC,2
AGGTTCTGACTCTTGC,2
AGTAAAAATGCATTGG,2
AGTAAACATGCATGGG,2
AGTAAACGTGCATTGG,2
AGTACCATAGGCATGG,2
AGTACGAGGCTACGTA,2
AGTAGTTGCGCTTCAA,2
AGTATTTACGCTTCAA,2
AGTATTTGAGATTCAA,2
AGTATTTGGGCTTCAA,2
AGTCCTATCCCCAAAT,2
AGTCGGGGTCTCCCTT,2
AGTCGTTTAGAAAGTT,2
AGTCGTTTAGAGAGGT,2
AGTCGTTTGGATAGTT,2
AGTGGTGGCTTGGTTA,2
AGTGGTTTAGATAGTT,2
AGTGTTGAATAAGCGA,2
AGTGTTGAATAGGGGA,2
AGTGTTGGCTGGGTTA,2
AGTGTTGGCTTGGCTA,2
AGTGTTGGCTTGGTCA,2
AGTGTTTGCGCTTCAA,2
AGTTAAATTCGAGGAC,2
AGTTCAATAGGCATGG,2
AGTTCCATAAGCATGG,2
AGTTCCATAGACATGG,2
AGTTCCATAGGTATGG,2
AGTTCCATAGTCATGG,2
AGTTCCATGGGCATGG,2
AGTTCCTGGGGTATCA,2
AGTTGAGCCAGTCTGA,2
AGTTGCGGTCTCCCTT,2
AGTTGGAGTCTCCCTT,2
AGTTGGGGTCTCCCTG,2
AGTTGGGGTTTCCCTT,2
AGTTTCAGACTCTTGC,2
AGTTTTTATAACTTGT,2
AGTTTTTATGACTTGC,2
ATAACGTTTGTGCATA,2
ATAACTGAGGGCATAG,2
ATAACTGAGGGCATGG,2
ATAACTGAGGTCATTG,2
ATAACTGATGGCATTG,2
ATAAGCAAAGTTGACC,2
ATACACGAAGTTGTGA,2
ATACACGAGGTCGTGA,2
ATACACGAGGTTGTGT,2
ATACACGAGGTTTTGA,2
ATACACGCAGGTGCCA,2
ATACACGCATGCGCCA,2
ATACACGCATGTGCTA,2
ATACACGCGTGTGCCA,2
ATACGAATTTGATTCC,2
ATACGATTTAAAGGCA,2
ATACGGGTTGGCTGTA,2
ATAGAAAAAACTTAGT,2
ATAGAAAACTATCCGC,2
ATAGAAAATTATCAGC,2
ATAGAAAATTATCCAC,2
ATAGAAAATTATCCTC,2
ATAGAAAGTTATCCGC,2
ATAGAATCGCGAATTA,2
ATAGACGCATGTGCCA,2
ATAGAGTCGCAAATTA,2
ATAGCGTTTGTGCAAA,2
ATAGTATATATGGCTG,2
ATAGTCCACCATTGAG,2
ATATAAAAAACGTAGT,2
ATATAAAAAACTCAGT,2
ATATAAAAAGCTTAGT,2
ATATACGCATGTGCCA,2
ATATGAAAAACTTAGT,2
ATCAATGTCGTAGGAT,2
ATCAGGAGAATCGCGC,2
ATCAGGATAATAGCGC,2
ATCAGGATAATCACGC,2
ATCAGGATAATCGCGA,2
ATCAGGATAATGGCGC,2
ATCAGGATAATTGCGC,2
ATCAGGGCTACGTGAG,2
ATCATCATATCTAATA,2
ATCCGATGTAAAGGCA,2
ATCCGATTTAAAGGTA,2
ATCGATTCACGAATAA,2
ATCTTTCTATGGCTAC,2
ATGATCATATCTAATA,2
ATGCACGCATGTGCCA,2
ATGCTCCTGAGTAGTA,2
ATGCTTTTACGTCCAT,2
ATGGACCACGGGCATA,2
ATGGCACACGGGCATA,2
ATGGCATTGGAGAAAC,2
ATGGCCAACGGGCATA,2
ATGGCCCACGGGAATA,2
ATGGCCCACGGGCAGA,2
ATGGGATCGGAGAAAC,2
ATGGTATTGGAGAAAC,2
ATGGTCCCTATGTAAT,2
ATGGTTTTAAGTCCAT,2
ATGGTTTTACGCCCAT,2
ATGGTTTTACGTCCGT,2
ATGTACCTGCAGTTGA,2
ATGTATGATTTTCGAG,2
ATGTCCATTAAGATCA,2
ATTAAAATTCGAGGAC,2
ATTAGATTATAACGGA,2
ATTAGATTATAACTTA,2
ATTAGGGCGACGTGAG,2
ATTAGGGCTACGTCAG,2
ATTAGGGCTACGTGAA,2
ATTAGGTTATAACGTA,2
ATTATCATATCGAATA,2
ATTCACAGAACCTATC,2
ATTCCGAACGGGAAGC,2
ATTCCGAATGGGGTAC,2
ATTCGTGATACTCACA,2
ATTGAAATTCGAGGAC,2
ATTGGATTATAACGTA,2
ATTGTCATATCTAATA,2
ATTGTCTAGAAATTTT,2
ATTGTTTTACGTCCAT,2
ATTTAAATTCGAGGAG,2
ATTTAAATTCGAGGGC,2
ATTTAAATTTGAGGAC,2
ATTTAAGTTCGAGGAC,2
ATTTAATCATTATACG,2
ATTTACTAATTATACG,2
ATTTATTGCCCGGAAG,2
CAAAACCTCGTTGTCT,2
CAAAAGCAGCAAGATA,2
CAAAAGCAGCACGAGA,2
CAAAAGCAGCGCGATA,2
CAAAAGTAGCACGATA,2
CAAAATCCACGGCGAC,2
CAAAATCGACGGCGAC,2
CAAAATCTACGGCTAC,2
CAAAATTTACGGCGAC,2
CAAAGTCTACGGCGAC,2
CAAATACTGCATTAGG,2
CAAATAGAAATACATA,2
CAAATCCTGCATTAGG,2
CAAATGCAGCACGATA,2
CAAATGCGGCATTAGG,2
CAAATGCTGCACTAGG,2
CAAATGCTGCATTACG,2
CAACGTGATTTCTCGA,2
CAAGATCTACGGCGAC,2
CAATTAGCCGTTCCCC,2
CAATTAGTAATACATA,2
CAATTCGCCATTCCCC,2
CAATTCGCCGTTCCAC,2
CAATTCGCCGTTCCCA,2
CAATTCGCCGTTCCCT,2
CAATTCGTCGTTCCCC,2
CACAGCATTGGTCGCC,2
CACATAGGATCGCACT,2
CACCAATCTTAGAACT,2
CACCAATCTTCGAACA,2
CACCAATCTTCTAACT,2
CACCAATCTTTGAACT,2
CACCACGCCGAGCACC,2
CACCATCAGCACCTAA,2
CACCATCAGGACCTAG,2
CACCATTAGCACCTAG,2
CACCGAGCCGAGCACC,2
CACCGCACCGAGCACC,2
CACCGCGCCGAGCACT,2
CACCTAGAATCGCACT,2
CACCTAGGAGCGCACT,2
CACCTAGGATAGCACT,2
CACCTAGGATCGCAAT,2
CACCTAGGATCGCATT,2
CACCTCCTCTAAAGTT,2
CACCTCGCCGAGCACC,2
CACCTGCTGCGGAACG,2
CACGACAAACAGTAAG,2
CACGGCCAGCGAACTC,2
CACGGCCGGAGAACTC,2
CACGGCCGGCGAAATC,2
CACGGCCGGCTAACTC,2
CACGGCCTAATGTCTC,2
CACGGGAATTGCCACT,2
CACGGGATAATGTCTC,2
CACGGGATGGGCACGT,2
CACGGGCTAATGCCTC,2
CACGGGCTAATGGCTC,2
CACGGGCTAATGTCCC,2
CACGGGCTAGTGTCTC,2
CACGTCCGGCGAACTC,2
CACGTGGAGCCCAACA,2
CACTAATGCCGTTGTC,2
CACTAGACGTACAGTC,2
CACTAGATATACAGTC,2
CACTAGATGTTCAGTC,2
CACTAGGTGTACAGTC,2
CAGAACCACGTTGTCT,2
CAGAACCTCCTTGTCT,2
CAGAACCTCGTGGTCT,2
CAGAACCTCGTTCTCT,2
CAGAACCTCGTTGTGT,2
CAGAACTTCGTTGTCT,2
CAGAAGCTCGTTGTCT,2
CAGAATCTCGTTGTCT,2
CAGAGCTGCCAATAAG,2
CAGAGGGATTCAACTC,2
CAGATAGTATAGAGAC,2
CAGATAGTGACGAACA,2
CAGATAGTGATGAAAA,2
CAGATAGTGATGGACA,2
CAGATAGTGATTAACA,2
CAGATGGTGATGAACA,2
CAGGCTCTAGACCTCT,2
CAGGCTCTAGAGCCCT,2
CAGGCTCTAGAGCTCA,2
CAGGCTCTAGGGCTCT,2
CAGGCTTTAGAGCTCT,2
CAGGGACAAGATTGTA,2
CAGGGGAATTGCCACT,2
CAGGGTCTAGAGCTCT,2
CATAAAAGACTGCATA,2
CATACAAAGTTTGTTG,2
CATACAGAGTTCGTTG,2
CATACAGAGTTTATTG,2
CATACAGAGTTTGTCT,2
CATAGGAATTGCCACT,2
CATATAAGACTGTATA,2
CATATGGAGCCCAACA,2
CATCGAGACGCGCAAG,2
CATGCAGAGTTTGTTG,2
CATGGGAATCGCCACT,2
CATGGGAATTGCCGCT,2
CATGGGAATTGCGACT,2
CATGGGAGTTGCCACT,2
CATGTGGAGCCAAACA,2
CATGTGGAGCCCAAAT,2
CATTAACGGCCTATCC,2
CATTAAGACGCGCAAG,2
CATTAGATGTACAGTC,2
CATTGAGACGCGCATG,2
CATTTCCGATGAATTG,2
CATTTCTAATGAATTG,2
CATTTCTGACGAATTG,2
CATTTCTGAGGAATTG,2
CATTTCTGATGAACTG,2
CATTTCTGATGAAGTG,2
CATTTCTGATGAATGG,2
CATTTCTGATGAGTTG,2
CATTTCTGATTAATTG,2
CATTTGGAGCCCAACA,2
CCAAACTTGGCGCATC,2
CCAACACAAAAAAGGA,2
CCAACACAAAAAATCA,2
CCAAGCCTGGCGCATC,2
CCAAGCGTGGCGCATC,2
CCAATACAAAAAATTA,2
CCAGATAAATCAGAAC,2
CCATGGAACTAACTCC,2
CCATTAGAAATACATA,2
CCCATCCTCTAAAGTT,2
CCCCCCCTCTAAAGTT,2
CCCCCGATGTTTAAAA,2
CCCCTCATCTAAAGTT,2
CCCCTCCTCCAAAGTT,2
CCCCTCCTCTAAAATT,2
CCCCTCCTCTAAAGTA,2
CCCCTCTTCTAAAGTT,2
CCCGATAAATCAGAAC,2
CCCGATGAAATAAGCT,2
CCCGGCGCGGCTCGGG,2
CCCGTCCTCTAAAGTT,2
CCCTACGAAATAAGCT,2
CCCTATGAAATAAACT,2
CCCTATGAAATAACCT,2
CCCTATGAGATAAGCT,2
CCCTCCGCGGCTCGGG,2
CCCTGCCCGGCTCGGG,2
CCCTTCCTCTAAAGTT,2
CCCTTTACGGATCCCT,2
CCCTTTACGGATCTAT,2
CCCTTTGCGGATCTCT,2
CCGAACTTGTCGATAT,2
CCGACACAAAAAATTA,2
CCGAGCTTGGCGCATC,2
CCGCGCACGTTTTGAG,2
CCGGACAAATCAGAAC,2
CCGGAGAAATCAGAAC,2
CCGGATAAATCAGAAT,2
CCTAGGTATTATATGC,2
CCTAGGTTAAGTTGTG,2
CCTCTCCTCTAAAGTT,2
CCTGGCTTAAGTTGTG,2
CCTGGGTCAAGTTGTG,2
CCTGGGTTAAGTTCTG,2
CCTGGGTTGAGTTGTG,2
CCTTGACGCATTCCCG,2
CCTTGAGACGCGCAAG,2
CCTTGATGCACTCCCG,2
CCTTGATGCATTTCCG,2
CCTTGATGGATTCCCG,2
CGAAAACAGGACAAAT,2
CGAAAACATCACAAAT,2
CGAAAACATTACGAAT,2
CGAAACACGTCCAAGT,2
CGAAACACGTCCCACT,2
CGAAACACGTCCCAGC,2
CGAAACACGTCCCATT,2
CGAAACACGTCGCAGT,2
CGAAACGCAGACACGT,2
CGAACCGAAGACACGT,2
CGAACCGCAGAAACGT,2
CGAACCGCAGACACAT,2
CGAACCGCAGACACGC,2
CGACTACACGGACGCC,2
CGACTCCACGGAAGCC,2
CGACTCCACGGACACC,2
CGACTCCACGGGCGCC,2
CGAGAACATACATAAC,2
CGAGAATCTCCCATAC,2
CGAGCCGCAGACACGT,2
CGATCTTTACGAAAGA,2
CGATTCGCCGTTCCCC,2
CGCACTTCACGAGACA,2
CGCACTTGACGAGACA,2
CGCACTTTACGAGGCA,2
CGCACTTTACGGGACA,2
CGCACTTTAGGAGACA,2
CGCAGCATTGGTCCCC,2
CGCAGCATTGGTTGCC,2
CGCAGCATTGTTCGCC,2
CGCAGCATTTGTCGCC,2
CGCAGTGGTATACATA,2
CGCATAGGGATATGTG,2
CGCATCATTGGTCGCC,2
CGCATTTTACGAGACA,2
CGCCTAGGATCGCACT,2
CGCGACACCCTTTCGG,2
CGCGACATCCTTCCGG,2
CGCGACCCCCTCCAAC,2
CGCGATACCCTTCCGG,2
CGCTCCTGGGGTATCA,2
CGGAAATCTCCCATAC,2
CGGAACTTATCTGTGG,2
CGGAATCGTCACCGAT,2
CGGACAGTGTAATCGA,2
CGGACCCAAGATGGTA,2
CGGACCCGAGATGGGA,2
CGGACCCTAGATAGTT,2
CGGACCCTAGATGGAA,2
CGGACCCTTGATGGTA,2
CGGACCGTAGATGGTA,2
CGGACCTTAGATGGTA,2
CGGAGACAAGATTGTA,2
CGGCCAGAGAATCAAA,2
CGGCCAGGAAATCAAA,2
CGGCCAGGGAATCATA,2
CGGCCAGGGTATCAAA,2
CGGCCATGGAATCAAA,2
CGGCCCGTAAGGACTA,2
CGGCCTGGGAATCAAA,2
CGGCGACAAGATTGTA,2
CGGGAAATGCAAATGA,2
CGGGAAATGTAAACGA,2
CGGGAAATGTAGATGA,2
CGGGAAATGTGAATGA,2
CGGGAACAAGATTGTA,2
CGGGAACAGACATAAC,2
CGGGAACATACATATC,2
CGGGAATCTACCATAC,2
CGGGAATCTCCCAGAC,2
CGGGAATCTCCCATAG,2
CGGGACACCCTTCCGG,2
CGGGATCATACATAAC,2
CGGGGAATGTAAATGA,2
CGGGGACAAGAGGGTA,2
CGGGGACAAGATGGGA,2
CGGGGACAAGATTATA,2
CGGGGACAAGATTCTA,2
CGGGGACAAGGTTGTA,2
CGGGGATAAGATTGTA,2
CGGGTAATGTAAATGA,2
CGGTAACGGCCTATCC,2
CGGTCGAGACTCATCT,2
CGGTCGGGACTAATCT,2
CGGTCGGGACTCACCT,2
CGGTCGGGACTCATCA,2
CGGTCGGTACTCATCT,2
CGTAACCCCCTCCAAC,2
CGTACAGGGTAATCGA,2
CGTACAGTGGAATCGA,2
CGTACAGTGTAATCGT,2
CGTACAGTGTAATTGA,2
CGTACAGTGTAGTCGA,2
CGTACATATGTCCCAG,2
CGTACGTATGTCACAG,2
CGTAGAGTGTAATCGA,2
CGTATAACCTTCAGCA,2
CGTGACCCCCGCCAAC,2
CGTGACCCCCTCCACT,2
CGTGACCCCGTCCAAC,2
CGTGACCCTCTCCAAC,2
CGTGATCCCCTCCAAC,2
CGTGGGAATTGCCACT,2
CGTGTAAACTTCAGCA,2
CGTGTACCCTTCAGCC,2
CGTGTACCCTTGAGCA,2
CGTGTTGGCTTGGTTA,2
CGTTAACGGCCTATAC,2
CGTTAACGGCCTATTC,2
CGTTAACTGCCTATCC,2
CGTTCAACGATAACGG,2
CGTTCACCGATAACGG,2
CGTTCAGCGACAACGG,2
CGTTCAGCGATAACGA,2
CGTTCAGCGATAACGC,2
CGTTGATGCATTCCCG,2
CGTTTAGCGATAACGG,2
CTAAGCTTGGCGCATC,2
CTAAGTTAAGTATCAA,2
CTAATGTAAGTAGCAA,2
CTAATGTAGCCGCTCC,2
CTAATTGAAGTATCAA,2
CTAATTTAAGTACCAA,2
CTAATTTAAGTATTAA,2
CTAATTTTAGTATCAA,2
CTACTAGGGGACGATT,2
CTAGATTGCCCGGAAG,2
CTAGCACAACGTAGGC,2
CTAGCACAGCGCAGGC,2
CTAGCACAGCGTAGTA,2
CTATAAACAGTTTGTA,2
CTATAAACCGTTGGTA,2
CTATATTGGCCGGAAG,2
CTATATTGTCCGGGAG,2
CTATCTTAATATACAG,2
CTATCTTAATCTGCAG,2
CTATGTAACAGACGTA,2
CTATTTGACAGACGTA,2
CTCAAATAAGTGGCGC,2
CTCAAATAATTTGCGC,2
CTCAATGTCGTAGGAG,2
CTCAATGTCGTAGTAT,2
CTCCGGCTCTTGATTA,2
CTCCTAGGGGAAGATT,2
CTCCTAGGGGGCGATT,2
CTCCTCCTCTAAAGTT,2
CTCCTGGGGGACGATT,2
CTCGATGTCGTAGGAT,2
CTCTAAATTATAGTCT,2
CTCTGCGCGGCTCGGG,2
CTCTTACGCTCCTACT,2
CTCTTACGCTCCTATG,2
CTGAACCTATCTGTGG,2
CTGAACTTAGCGGTGG,2
CTGAACTTATCAGTGG,2
CTGAACTTATCTCTGG,2
CTGAACTTATCTGTGA,2
CTGAACTTGCCGATAT,2
CTGAACTTGGCGATAT,2
CTGAACTTGTCGATAC,2
CTGAACTTGTCGATAG,2
CTGAACTTGTCGATGT,2
CTGAAGTTATCTGTGG,2
CTGAATTTATCTGTGG,2
CTGACAGAATACTAGA,2
CTGACTCACCGAATAA,2
CTGAGCCGCCAATAAG,2
CTGAGCTGCCAATAAA,2
CTGAGCTGCCAATGAG,2
CTGAGCTGCCAGTAAG,2
CTGAGGGATTCAACAC,2
CTGAGGGATTCAACTT,2
CTGAGGGATTTAACTC,2
CTGAGGTATTATATGC,2
CTGATAGTGATGAACA,2
CTGGAGGCCTGGCCCG,2
CTGGAGGCCTGGCCTC,2
CTGGAGGCCTGGCGCC,2
CTGTATCTGCAGTTGA,2
CTGTCGGGACTCATCT,2
CTGTCTTAATCTACAG,2
CTGTGGGATTCAACTC,2
CTGTTTAACAGACGTA,2
CTTACACAATACTAGA,2
CTTACTGCGCGAGAGG,2
CTTACTGCGCGATAGT,2
CTTACTGTGCGAGAGT,2
CTTAGGGCTACGTGAG,2
CTTAGGTACTATATGC,2
CTTAGGTATCATATGC,2
CTTAGGTATTACATAC,2
CTTAGGTATTACATGT,2
CTTATATCGAGATTCA,2
CTTATTATGACTTCAT,2
CTTCAGCTCTTGATTA,2
CTTCGCCTCTTGATTA,2
CTTCGGCTCATGATTA,2
CTTCGGCTCTTGATCA,2
CTTCGGTTCTTGATTA,2
CTTCTGCTCTTGATTA,2
CTTTAAATTAAAGTCT,2
CTTTAAATTATAGTCA,2
CTTTAAATTATAGTTT,2
CTTTATTGCCCGGAAG,2
CTTTCCTAGTACGCTT,2
CTTTGAATTATAGTCT,2
CTTTTCTAGTACACTT,2
CTTTTCTAGTACGCCT,2
CTTTTCTATTACGCTT,2
GAAAAAAGGGACATAT,2
GAAACGAGGTGTAACC,2
GAAAGCCACGTGCAAT,2
GAAAGCCCCGTACAAT,2
GAAAGCCCCGTGCAAC,2
GAAAGCCCCGTGCACT,2
GAAAGTCACTATGATG,2
GAAAGTCCCTATGACG,2
GAAAGTCCCTATGATT,2
GAAAGTTCCTATGATG,2
GAAATCCCCAAATGAC,2
GAAATCCCCAGATAAC,2
GAAATGCGTATTGAGT,2
GAAGAAACAATAACCA,2
GAAGAAATTATAACCA,2
GAAGAACTGCGGCCCC,2
GAAGCACGCTGAATGA,2
GAAGGCCCCGTGCAAT,2
GAAGGGCGTATTGAGT,2
GAAGTAAGCTGAATGA,2
GAAGTACGCTGAATAA,2
GAAGTACGGTGAATGA,2
GAAGTACGTTGAATGA,2
GAAGTCCTGCTGAAGT,2
GAAGTGCCGCTGAAGT,2
GAAGTGCGCATTGAGT,2
GAAGTGCGTATCGAGT,2
GAAGTGCGTATTGAGA,2
GAAGTGCGTGTTGAGT,2
GAAGTGCTGCTGAACT,2
GAAGTGCTGCTGAAGG,2
GAAGTGCTGCTGAGGT,2
GAAGTGCTGCTGGAGT,2
GACAAAAGGAACATAT,2
GACAAAAGGGATATAT,2
GACAGAAGGGACATAT,2
GACCAATCTTCGAACT,2
GACCACGCAGAAAAAG,2
GACCCCGTGTAAGATG,2
GACCCCTCGTAAGATG,2
GACCTCTTGTAAGATG,2
GACCTTGCTATGGATC,2
GACGCTGCGGCGTGTG,2
GACGGGATAGGCACGT,2
GACGGGATGAGCACGT,2
GACGGGATGGGCACGC,2
GACGGGATGGGCACTT,2
GACGGGATGGGCATGT,2
GACGGGATGGGCTCGT,2
GACGGTATGGGCACGT,2
GACTCAGATGCCCACC,2
GACTGATAACCCTGCG,2
GACTTCCCTGACTGCT,2
GAGAACTGCAGAAGCG,2
GAGAAGCTATAGAAGT,2
GAGAGCTGCAGGAGCG,2
GAGAGCTGTAGAAGCG,2
GAGAGTCCCTATGATG,2
GAGAGTTGCAGAAGCG,2
GAGATAGTGATGAACA,2
GAGCATCCTAGTGACG,2
GAGCCCTTGTAAGATG,2
GAGCGCCATCGACTTC,2
GAGCGGTAGAGATACG,2
GAGCTTGCTATGCATC,2
GAGGGATAGAGATACG,2
GAGGGCACTAAATTAA,2
GAGGGCATACGTCACC,2
GAGGGCTAGAGATACG,2
GAGGGCTGCAGAAGCG,2
GAGGGGACACGTCACC,2
GAGGGGAGACGTCACC,2
GAGGTATCAAGCCGGG,2
GAGGTGCGTATTGAGT,2
GAGGTTGCTATGGATC,2
GAGTATTGCTACACAT,2
GAGTGGATACGTCACC,2
GATAGCTGCAGAAGCG,2
GATCACCACTGATAAG,2
GATCACGCACAAAAAG,2
GATCACGCAGAAAAAT,2
GATCACGCAGAGAAAG,2
GATCACGCGGAAAAAG,2
GATCACGTAGAAAAAG,2
GATCGCCACCGACTTC,2
GATCGCCACTAATAAG,2
GATCGCCACTGAGAAG,2
GATCGCCACTGATAGG,2
GATCGCCTTCGACTTC,2
GATCGTCATCGACTTC,2
GATCTTGGGAAGAGTC,2
GATCTTGGGGAGACTC,2
GATCTTGGGGAGAGAC,2
GATCTTGGGGAGAGTG,2
GATCTTGGGTAGAGTC,2
GATTCAGAATACTAGA,2
GATTCAGATGCCCAAC,2
GATTCATATGCCCACC,2
GATTCGGATGCCCACC,2
GATTCGTGAGTACTAG,2
GATTGAGATGCCCACC,2
GCAAAAAGTGTAGTTG,2
GCAAACAGTGCAGTTG,2
GCAAACAGTGTAGTCG,2
GCAAACAGTTTAGTTG,2
GCAAACGGTGTAGTTG,2
GCAAAGAGGTGTAACC,2
GCAAAGTCTCGAGAAG,2
GCAACGAGGGGGAACC,2
GCAACGAGGTGTAGCC,2
GCAACGAGGTTTAACC,2
GCAACGATGTGTAACC,2
GCAAGCTTGGCGCATC,2
GCAGACAGTGTAGTTG,2
GCAGCGCGCCGGTCAT,2
GCAGCGTGCAGGTCAT,2
GCAGCGTGCCAGTCAT,2
GCAGCTGCGGCGTGTG,2
GCATCCTAAACTCCTA,2
GCATCCTCAACCCCTA,2
GCATCCTCAACGCCTA,2
GCATCCTCAACTCATA,2
GCATCCTCAACTCCTT,2
GCATCCTCAGCTCCTA,2
GCATCCTCGACTCCTA,2
GCATGAAACTAACTCC,2
GCATGGAACTAACTTC,2
GCATGGAACTAAGTCC,2
GCATGGAACTAGCTCC,2
GCCACTGCGGCGTGTG,2
GCCAGCTAGTATCCCT,2
GCCAGCTCGTATTCCT,2
GCCATTTAATGAAGGG,2
GCCATTTACTGAATGG,2
GCCATTTACTTAAGGG,2
GCCCTCCTCTAAAGTT,2
GCCGCTGCGGCGTATG,2
GCCGCTGCGGCGTTTG,2
GCCGCTGCGGTGTGTG,2
GCCGCTGTGGCGTGTG,2
GCCGGCGTCAGTGTCA,2
GCCGGCGTTAGCGTCA,2
GCCGGCGTTGGTGTCA,2
GCCGTCGTTAGTGTCA,2
GCCGTTGTACACACCA,2
GCCTAAAGGACCATGA,2
GCCTAAAGGATCACGA,2
GCCTAAAGGATCATGT,2
GCCTAAAGGATCTTGA,2
GCCTAAAGGGTCATGA,2
GCCTAAGGGATCATGA,2
GCCTATGAAATAAGCT,2
GCCTTCGCGCGCAGTC,2
GCCTTTGCACGCAGTC,2
GCCTTTGCGCGTAGTC,2
GCCTTTGCGTGCAGTC,2
GCGAACAGTGTAGTTG,2
GCGAAGTCTCATAGCG,2
GCGAAGTTTCACAGCG,2
GCGAAGTTTCATAACG,2
GCGAAGTTTCATAGTG,2
GCGAATTTTCATAGCG,2
GCGATGTTTCATAGCG,2
GCGGATAAATCAGAAC,2
GCGTGGAACTAACTCC,2
GCTACGAGGCTACGTA,2
GCTAGCTCGTATCCCT,2
GCTGGAAACGATCCCC,2
GGAAGTCCCTATGATG,2
GGACGAATGGGATTCC,2
GGAGTGCTGCTGAAGT,2
GGATCCACCCTATAGT,2
GGATCTTTACGAAAAA,2
GGCAGTGGTATACATA,2
GGCTAAAGGATCATGA,2
GGCTATTCCGGCGCGG,2
GGGAAGTTTCATAGCG,2
GGGAATCGTCACCGAT,2
GGGAGCGAGAAAAGCA,2
GGGGTATCAAGCCGGG,2
GGGTTCAGACTCTTGC,2
GGTAAACATGCATTGG,2
GGTCACGCAGAAAAAG,2
GGTCCATCTCAGATGG,2
GGTCCATCTGAGATCG,2
GGTCCATTTCAGATCG,2
GGTTAACTTTGGAATC,2
GGTTCAGATGCCCACC,2
GTAAAACTGCGGCCCC,2
GTAAGCAAAGCTGACC,2
GTAAGCAAAGTCGACC,2
GTAAGCAAAGTTGAGC,2
GTAAGCGAAGTTGACC,2
GTAAGCGAGAAAAGCA,2
GTAAGCTTGGCGCATC,2
GTAATCTTCATGGAGT,2
GTACAAACCTGCATAT,2
GTACAAACGTGCAAAT,2
GTACAAAGCTGCAAAT,2
GTACCCACTTCCTGCG,2
GTACCCAGTTCCTCCG,2
GTACCGAGTTCCTGCG,2
GTACCTAGTTCCTGCG,2
GTACGAATTTGATTCC,2
GTAGAGCTGCGGCCCC,2
GTAGATACAAGGACCA,2
GTAGATACCAGGACCA,2
GTAGATACTAGGACCG,2
GTAGATACTAGTACCA,2
GTAGCCGCTAATCCGA,2
GTAGTGCGTATTGAGT,2
GTATAACTGCGGCCCC,2
GTCAAGTTACGGAAGC,2
GTCAAGTTACGGATCG,2
GTCAAGTTACGGATTG,2
GTCAAGTTATGGATGG,2
GTCAGGATAATCGCGC,2
GTCATTATGACTTCAT,2
GTCCGTCAGCATAGAC,2
GTCGACGCTAATCCGA,2
GTCGAGTTACGGATGG,2
GTCGCATCCTGGAATC,2
GTCGCCCCTAATCCGA,2
GTCGCCGATAATCCGA,2
GTCGCCGCCAATCCGA,2
GTCGCCGCTAATCAGA,2
GTCGCTCCGACACGCC,2
GTCGTATCAAGCCGGG,2
GTCGTATCCTGGAATG,2
GTCTCATCCTGGAATG,2
GTGAAGTTTCATAGCG,2
GTGAATCCTAGTGACG,2
GTGAGCAAGAAAAGCA,2
GTGAGCGAGAGAAGCA,2
GTGAGCTGCAGAAGCG,2
GTGATCGAGAAAAGCA,2
GTGCATCATAGTGACG,2
GTGCATCCTATTGACG,2
GTGCGAGTGTCCGGAA,2
GTGCGATGGGCCGGAA,2
GTGCGATTGTCCGAAA,2
GTGCGATTGTCCGGGA,2
GTGCGATTGTCCGGTA,2
GTGCTCCTGAGTAGTA,2
GTGGAATCAAGCCGGG,2
GTGGCCCACGGGCATA,2
GTGGCTCCGACACGCC,2
GTGGGATTGTCCGGAA,2
GTGGTATCAAGAAGGG,2
GTGGTATCAAGCCGTG,2
GTGGTATCAAGGCGGG,2
GTGTATCCTAGTGACG,2
GTTACTATGACTTCAT,2
GTTAGATTATAACGTA,2
GTTATCATATCTAATA,2
GTTATTATGACCTCAT,2
GTTATTATGACTTAAT,2
GTTATTATGAGTTCAT,2
GTTATTATGATTTCAT,2
GTTCAAACCTGCAAAT,2
GTTGCGCCGACACGCC,2
GTTGCTCAGACACGCC,2
GTTGCTCCAACACGCC,2
GTTGCTCCGACGCGCC,2
GTTGCTCCGATACGCC,2
GTTTAACTTTGGAAGC,2
TAAAAAGCCCCCATGA,2
TAAAAAGCCGCCATGA,2
TAAAAAGCCTCCGTGA,2
TAAAAAGCCTGCATGA,2
TAAAAAGCCTTCATGA,2
TAAAAAGTCTCCATGA,2
TAAATCGGGGGCTAAA,2
TAACAATGTCATTTGA,2
TAACGTGACTTCTCGA,2
TAACGTGATACTCACA,2
TAACGTGATGTCTCGA,2
TAACGTGATTTCTCGT,2
TAACGTGATTTCTGGA,2
TAACTTGATTTCTCGA,2
TAAGAAACTATAACCA,2
TAAGAAGCCTCCATGA,2
TAAGTACGCTGAATGA,2
TAATAAGCCAACAAGA,2
TAATAAGCCAGGAAGA,2
TAATAAGCTAGCAAGA,2
TACAAAAGGGACATAT,2
TACACGTAGAACCGCC,2
TACAGAAGTCCATGTA,2
TACATACAGACGCAGT,2
TACATACCAACGCAGT,2
TACATACCGACGCAGC,2
TACATACCGACGCATT,2
TACATTAGTAACATAA,2
TACCAATCTTCGAACT,2
TACCAATGCCATTTGA,2
TACCAATGTCATCTGA,2
TACCCTCCAAGCCACT,2
TACCCTGCAAGCCCCT,2
TACCGTACCGCGTTTA,2
TACCGTGCAAGCCACT,2
TACCTGCCGCGGAACG,2
TACCTGCTGAGGAACG,2
TACCTGCTGCATTAGG,2
TACCTGCTGCGGAGCG,2
TACCTGCTTCGGAACG,2
TACCTGTTGCGGAACG,2
TACGCTGCAAGCCACT,2
TACGTACCGACGCAGT,2
TACTAAGAGAAGTGCG,2
TACTAATAACCCTGCG,2
TACTAATGCCGCTGTC,2
TACTAATGCCGTCGTC,2
TACTAATGCCGTGGTC,2
TACTAATGCCGTTGGC,2
TACTAATGCTGTTGTC,2
TACTAGAAATAAAATC,2
TACTAGCAATAAAAGC,2
TACTAGCAATAGAATC,2
TACTCTGCAAGCCACT,2
TACTGATAAACCTGCG,2
TACTGATAACCCTACG,2
TACTGATAACCCTGCC,2
TACTGATGCCGTTGTC,2
TACTGCGCGGCTCGGG,2
TAGAAAGCCTCCATGA,2
TAGAAGCTATAGAAGT,2
TAGACTCACGGAGGAT,2
TAGCATTGTCAGAAAG,2
TAGCATTGTCGGAACT,2
TAGCCGATAGTAACTC,2
TAGCTGAGAGTAACTC,2
TAGCTGATAATAACTC,2
TAGCTGATAGCAACTC,2
TAGCTGATAGTAACTT,2
TAGCTGATAGTAGCTC,2
TAGGATTGTCGGAAAG,2
TAGTCCGCTTCATGCT,2
TAGTTGCACTACTGCT,2
TATAATCACGGAGGAT,2
TATACTCACAGAGGAT,2
TATACTCACGGAGGAG,2
TATATATCCAACACCA,2
TATATCGTATCCACAG,2
TATATTAGTAACGTAA,2
TATCAAAGGGACGGAC,2
TATCAAGAGAAGTGCG,2
TATCCAAGGGACGGGC,2
TATCCAAGGGATGGAC,2
TATGGGAATTGCCACT,2
TATGTCGTATCCAGAG,2
TATTAAGAGAAATGCG,2
TATTAAGAGAATTGCG,2
TATTAATAGAAGTGCG,2
TATTAGAGTGAACGAT,2
TATTAGGAGAAGTGCG,2
TATTCAGATGCCCACC,2
TATTCCTAACTATCGA,2
TATTTACCACTGCATC,2
TATTTCTGATGAATTG,2
TCAACACCCCTAGCTA,2
TCAACGAGGTGTAACC,2
TCAAGGGTGTACGAGA,2
TCAATCGGGCGCTAAA,2
TCAATCGGGGGCTAAC,2
TCAATCGGGGGCTAAT,2
TCAATCGTGGGCTAAA,2
TCACGACTCGACTAAT,2
TCATCCATTGGGAACT,2
TCATCCTCAACTCCTA,2
TCATCGCACTACTGCT,2
TCATGGGTCTACGAGA,2
TCATGGGTGTACGAAA,2
TCATGGGTGTACGACA,2
TCATGGGTGTACGAGT,2
TCATGGGTGTACGATA,2
TCCAACGCGGTAAGAG,2
TCCACACCCCCAGCTA,2
TCCACACCCCTAGATA,2
TCCACACCCCTAGCGA,2
TCCAGCACGGTAAGAG,2
TCCAGCGCGGTAACAG,2
TCCAGCGCGGTAAGAC,2
TCCCAGTGGTTTGACA,2
TCCCCGTGGCTTGACA,2
TCCCCGTGGGTTGACA,2
TCCCCGTGGTTCGACA,2
TCCCCGTGGTTTGACG,2
TCCCTCCTCTAAAGTT,2
TCCGATTCACGAATAA,2
TCCGTTGTACACACCA,2
TCCTTACCACTGCATC,2
TCCTTTACGGATCTCT,2
TCGAACGAAATAGGAG,2
TCGAACGAAGTACGAG,2
TCGAACGAAGTAGGAA,2
TCGAAGTTTCATAGCG,2
TCGAATTAATATGCGC,2
TCGACTCACCGAATAA,2
TCGAGCGCGGTAAGAG,2
TCGAGCTAATATGCGC,2
TCGAGTTAATATGCTC,2
TCGAGTTAATGTGCGC,2
TCGAGTTGATATGCGC,2
TCGATCACTAGCCGGA,2
TCGATGACTAGCCGGA,2
TCGATTACCAGCCGGA,2
TCGATTACTAGCCGCA,2
TCGATTACTAGGCGGA,2
TCGCAAATAGACCGAA,2
TCGCAATTGAAACATA,2
TCGCCGCACTACTGCT,2
TCGCTTCAAATAAAAA,2
TCGCTTCAACGAAAAA,2
TCGCTTCAACTAAAAG,2
TCGGGGATTGGCTGTT,2
TCGTACATTGGGAACT,2
TCGTCCATTGGGAACC,2
TCGTCCCACTACTGCT,2
TCGTCGAACTACTGCT,2
TCGTCGCACCACTGCT,2
TCGTCGCACTACCGCT,2
TCGTCGCACTACTGCC,2
TCGTCGCACTACTGTT,2
TCGTCGCGCTACTGCT,2
TCGTGACAGAGCGATG,2
TCGTGCGTTGGGAACT,2
TCGTTCGTTGGGAACT,2
TCGTTGCACTACTACT,2
TCTAAGAGTGAACGAT,2
TCTAATTCTCGCGGCA,2
TCTACACCCCTAGCTA,2
TCTATATCGAGATTCA,2
TCTCACAGAACCTATC,2
TCTCAGCTCTTAGTCG,2
TCTCATCTCTTAGCCG,2
TCTCATTAGGCGGCAT,2
TCTCCGTGGTTTGACA,2
TCTGGAAACGATACCC,2
TCTGGAAACGATCACC,2
TCTGGAAACGATCCCT,2
TCTGGAAGCGATCCCC,2
TCTTAACATAGCGATG,2
TCTTAGAGTGAACTAT,2
TCTTAGTCCTCGTACG,2
TCTTAGTGTGAACGAT,2
TCTTATTAGGCGGGAT,2
TCTTATTAGGGGGCAT,2
TCTTGAAACGATCCCC,2
TCTTGACACAGCGATG,2
TCTTGACATAACGATG,2
TCTTGACATAGCGAAG,2
TCTTGATATAGCGATG,2
TCTTTACATAGCGATG,2
TCTTTACCACGGCATC,2
TCTTTACCGCTGCATC,2
TCTTTACTACTGCATC,2
TGAAAAGCCTCCATGA,2
TGAAACACGTCCCAGT,2
TGAATTCATAGCTCCA,2
TGACAACAATACAGAT,2
TGACAACAATACGAAT,2
TGACCATCGCACCCAA,2
TGACGACAATACAAAT,2
TGAGTTCAGAGCTCCA,2
TGATCCCAGGTCCTTT,2
TGATCCGTGACATTGC,2
TGATCCTTTACATTTA,2
TGATCTGTGAAATTGC,2
TGATCTGTGACATCGC,2
TGATCTGTGACATTAC,2
TGATCTGTGACATTCC,2
TGATCTTCTACATTTA,2
TGATCTTTACGAAAAA,2
TGATCTTTGACATTTA,2
TGATCTTTTACATTGA,2
TGCAATAGGCGTCACA,2
TGCAGCGGTATACATA,2
TGCAGTGGTACACATA,2
TGCAGTGGTATACAAA,2
TGCAGTGGTCGATCCG,2
TGCAGTGGTGTACATA,2
TGCGATGGTCGATCCG,2
TGCGATTCCGGCGCGG,2
TGCGGGGGTCGATCCG,2
TGCGGTGGTATACATA,2
TGCGGTGGTCGATCCC,2
TGCGGTGTTCGATCCG,2
TGCGGTTGTCGATCCG,2
TGCGTTGGTCGATCCG,2
TGCTATCCCGGCGCGG,2
TGCTATGCCGGCGCGG,2
TGCTATTCCGACGCGG,2
TGCTATTCCGGAGAGG,2
TGCTATTCCGGCCCGG,2
TGCTATTCCGGCGGGG,2
TGCTATTCCGGGGCGG,2
TGCTATTGCGGCGCGG,2
TGCTCCTGGGGTATCA,2
TGCTGAGCCAGTCTGA,2
TGGAATCGTCACCGAG,2
TGGAATCGTCGCCGAT,2
TGGATTACTAGCCGGA,2
TGGGGTGGTCGATCCG,2
TGGTATTCCGGCGCGG,2
TGGTCCGCTGCATGCT,2
TGGTCCGCTTCATACT,2
TGGTGAGCCAGTCTGA,2
TGTAACTCTCGCGGCA,2
TGTAATAGGCGGCACA,2
TGTAATAGGCGTAACA,2
TGTAATAGGGGTCACA,2
TGTAATAGGTGTCACA,2
TGTACGGATAAAGTAG,2
TGTAGAGCCAGTCTGA,2
TGTCCAGATAAAGTAG,2
TGTCCGGAGAAAGTAG,2
TGTCCGGATAAAGTGG,2
TGTGATAGGCGTCACA,2
TGTGGAGCCCCCTTAC,2
TGTGGAGCGCCTTTAC,2
TGTGGCCCCCTCCAAC,2
TGTTAAGAGAAGTGCG,2
TGTTCCGCTTCATGCT,2
TGTTGAACCAGTCTGA,2
TGTTGAGCCAGTCTGT,2
TGTTGAGCCATTCTGA,2
TGTTGAGCTAGTCTGA,2
TGTTGGGCCAGTCTGA,2
TGTTGTAATTTGAATA,2
TTAATCAAGTTGGTGC,2
TTAATCGGGGGCTAAA,2
TTAATGTAGCCGCTCT,2
TTAATGTAGCCTCTCC,2
TTAATGTGGCCGCTCC,2
TTAATGTTGCCGCTCC,2
TTACAAATTTGATTCC,2
TTACAACAATACAAAT,2
TTACGAATCTGATTCC,2
TTACGAATTTAATTCC,2
TTACGAATTTGATTTC,2
TTACGAATTTGGTTCC,2
TTACGACTCGACTAAC,2
TTATATCAGTCGCGCC,2
TTATCTGTAGAGCCCT,2
TTATCTGTAGAGCGCA,2
TTATCTTAATCTACAG,2
TTATCTTTTACATTTA,2
TTCAGCGCGGTAAGAG,2
TTCATATCGAGATTCA,2
TTCATCAAGGTGGTGC,2
TTCATCAGGTTGGTGC,2
TTCCACAGAACCTATC,2
TTCCTAGGGGACGATT,2
TTCTGATAACCCTGCG,2
TTCTGTCCAGGCTCGT,2
TTGAAAAGATCATAAA,2
TTGAACGAAGTAGGAG,2
TTGACTCACCGAACAA,2
TTGACTCACCGAATAG,2
TTGAGCTGCCAATAAG,2
TTGAGTTAATATGCGC,2
TTGCAATTCAAACATA,2
TTGCAATTGAAACAGA,2
TTGCAATTGAAACATG,2
TTGCTCCTAAGTAGTA,2
TTGCTCCTGAGTAGTT,2
TTGGACACTAAATTAA,2
TTGGGAAACGGGAAGC,2
TTGGGCACGAAATTAA,2
TTGGGCACTAAATAAA,2
TTGGGCACTAAATTAG,2
TTGGGGAACGATCCCC,2
TTGGGGAACGGAAAGC,2
TTGGGGACTAAATTAA,2
TTGGGGCCTCATAATG,2
TTGTACCAGTCGCGCC,2
TTGTATCAGGCGCGCC,2
TTGTATCAGTTGCGCC,2
TTGTCCGTTGGGAACT,2
TTTAACTCTCGCGGCA,2
TTTACAGAATACTAGA,2
TTTACATCGAGATTCA,2
TTTAGTGATACTCACA,2
TTTATAACGAGATTCA,2
TTTATATCCAATACCA,2
TTTATATCCATCACCA,2
TTTATATCGAGACTCA,2
TTTATATCGAGATTCC,2
TTTATATCGAGATTGA,2
TTTATATCGATATTCA,2
TTTATTAGTAACATAA,2
TTTCACAGAGCCTATC,2
TTTCAGCGTCGTTTTG,2
TTTCAGCGTTATTTTG,2
TTTCAGCGTTGTTGTG,2
TTTCGTAATACTCACA,2
TTTCGTGATACCCACA,2
TTTCGTGATGCTCACA,2
TTTCGTGGTACTCACA,2
TTTGGCACTAAATTAA,2
TTTGTATCGAGATTCA,2
TTTTATTAGGCGGCAT,2
TTTTGTCCAGACTCGT,2
TTTTTATCCAACACCA,2
TTTTTCTAGTACGCTT,2
AAAAAAGTGAGGACAA,1
AAAAAATTGAGGACAA,1
AAAAAATTTAAGACAA,1
AAAAAATTTATGACCA,1
AAAAAATTTATGTCAA,1
AAAAAATTTTTGACAA,1
AAAAGTCCCTATGATG,1
AAAATAGCAGAGGATT,1
AAAATCCCCAAATAAC,1
AAAATGCGGCATTGGG,1
AAACACCCCAGAGATG,1
AAACACCGAGTGACCA,1
AAACACGCATGTGCCA,1
AAACCCAGCGGGTGAT,1
AAACCCATAAAACCCC,1
AAACCCATAAGACCCT,1
AAACCCATAAGACCGC,1
AAACCCATAAGGCCCC,1
AAACCCATACGACCCC,1
AAACCCATAGGACCCC,1
AAACCCATATGACCCC,1
AAAGAACTTTAACTCT,1
AAAGAATCGCAAATTA,1
AAAGACATTTAACTCT,1
AAAGACCGTTAACTCT,1
AAAGACCTCTAACTCT,1
AAAGACCTTGAACTCT,1
AAAGACCTTTGACTCT,1
AAAGCCATAAGACCCC,1
AAAGCTAAAAAGAGGA,1
AAAGCTATTTTCGTTC,1
AAAGCTCATTTCGTTC,1
AAAGCTCTCTTCGTTC,1
AAAGCTCTTCTCGTTC,1
AAAGCTCTTTTAGTTC,1
AAAGCTCTTTTCGGTC,1
AAAGGATATATGGCTG,1
AAAGGCGCGACTTCAA,1
AAAGGCGCGCATTCAA,1
AAAGGCGCGCCCTCAA,1
AAAGGCGCGCCGGCAA,1
AAAGGCGCGCCTCCAA,1
AAAGGCGCGCCTTTAA,1
AAAGGCGGGCCTTCAA,1
AAAGGCGTGCCTTCAA,1
AAAGTAACAGAGGATT,1
AAAGTACGCTGAATGA,1
AAAGTAGCAGAGGATA,1
AAAGTAGCAGAGGATC,1
AAAGTAGCAGAGTATT,1
AAAGTAGCAGGGGATT,1
AAAGTCCCTATGTAAT,1
AAAGTTCTTTTCGTTC,1
AAATACCTTTAACTCT,1
AAATATTTAATAGACG,1
AAATCCACAATATCCA,1
AAATCCCAGGTCCTTT,1
AAATGCGCGCCTTCAA,1
AAATGTAACATGATGA,1
AAATGTTTAAGAGACG,1
AAATGTTTAATAGACA,1
AAATGTTTAATATACG,1
AAATTCACAATACCCA,1
AAATTCACAATAGCCA,1
AAATTCACAATATAAA,1
AAATTCACAATATCAA,1
AAATTCACAATATCCG,1
AAATTCACAATATTCA,1
AAATTCATAATATCCA,1
AAATTCGCAATATCCA,1
AAATTGACAATATCCA,1
AACAAAAGTCCATGTA,1
AACACAAGTCCATGTA,1
AACACGTAAAACCGCA,1
AACACGTAGAACCCCC,1
AACACGTAGAACTGCC,1
AACAGAACTCCATGTA,1
AACAGAAGGCCATGGA,1
AACAGAAGTGCATGTA,1
AACAGAATTCTATGTA,1
AACAGCGCGGTAAGAG,1
AACAGCTCGTATCCCT,1
AACAGGATAATCGCGC,1
AACAGTACCGCGTTTA,1
AACCAAAGAGTGACCG,1
AACCACAAACAGTAAG,1
AACCACAGAGTAACCG,1
AACCACCCAAGAGATG,1
AACCACCCCATAGATG,1
AACCACCGAGGGACCA,1
AACCACCGAGTGACTT,1
AACCACCGAGTGATAG,1
AACCACTGAGTGACAG,1
AACCAGCGAGTGACCG,1
AACCATCGAGTGACCG,1
AACCCACGAGACGTAA,1
AACCCATGCTGGGGAT,1
AACCCCGGAGCTTGGC,1
AACCGCACCGCGTTTA,1
AACCGCGTTCATCGAT,1
AACCGGACCGCGGTTA,1
AACCGGTGATGTGATT,1
AACCGTACAGCGTTTA,1
AACCGTACCGCGTATA,1
AACCGTACCGCGTCTA,1
AACCGTACCGTGTTTA,1
AACCGTACCTCGTTTA,1
AACCGTATCGCGTTTA,1
AACCGTTCCGACTAAG,1
AACCTACGAAACGTAA,1
AACCTACGACACGTAA,1
AACCTACGAGACGTAT,1
AACCTACGAGACGTTA,1
AACCTACGAGATGTAA,1
AACCTACGAGTCGTAA,1
AACGACAAACAATAAG,1
AACGACAAACACTAAG,1
AACGACAAACAGAAAG,1
AACGACAAACAGGATG,1
AACGACAAAGAGTAAG,1
AACGACAATCAGTAAG,1
AACGACTCCGACTAAG,1
AACGATAAACAGTAAG,1
AACGCGAGCATGTCAA,1
AACGCGTAGAACCGCC,1
AACGGCGTTCATCGAT,1
AACGGGCTAATGTCTC,1
AACGGTGCCGACGAAG,1
AACGGTTCACGAATAA,1
AACGGTTCCGACTAAA,1
AACGGTTCCGGCTAAG,1
AACGGTTCGGACTAAG,1
AACGGTTGCGACTAAG,1
AACTAATGCCGTTGTC,1
AACTACCCTGACTGCT,1
AACTGAACGTCATACC,1
AACTGATAACCCTGCG,1
AACTGCATTCATCGAT,1
AACTGCCCTGACTGCT,1
AACTGCCGTCGCCTGA,1
AACTGCGCGGCTCGGG,1
AACTGCGTTAATCGAT,1
AACTGCGTTAGTGTCA,1
AACTGCGTTCACCGAT,1
AACTGCGTTCATGGAT,1
AACTGCGTTCGTCGAT,1
AACTGTGTTCATCGAT,1
AACTTAAGAGAAAGTT,1
AACTTACGAGACGTAA,1
AACTTAGAAATACATA,1
AACTTCCCAGACTGCT,1
AACTTCCCGGACTGCT,1
AACTTCCCTGACTCCT,1
AACTTCCCTGACTGGT,1
AACTTCCCTGAGTGCT,1
AACTTCCCTGATTGCT,1
AACTTCCGAGTGACCG,1
AACTTCCGTCGCCTTA,1
AACTTCCTTGACTGCT,1
AACTTCGCTGACTGCT,1
AACTTGCCTGACTGCT,1
AAGAAACTATAGAAGT,1
AAGAAGACCTTGTGAT,1
AAGAAGACGTTGTGAT,1
AAGAAGACTTAGTGAT,1
AAGAAGACTTGGTGAT,1
AAGAAGACTTTGCGAT,1
AAGAAGACTTTGTAAT,1
AAGAAGACTTTTTGAT,1
AAGAAGATGTGGGGAT,1
AAGAAGATTTTGTGAT,1
AAGAAGCAATAGAAGT,1
AAGAAGCCATAGAAGT,1
AAGAAGCTATACAAGT,1
AAGAAGCTATAGAAGG,1
AAGAAGCTATAGGAGT,1
AAGAAGCTATATAAGT,1
AAGAAGCTATTGAAGT,1
AAGAAGTTATAGAAGG,1
AAGACCCTAGATGGTA,1
AAGACGTAGAACCGCC,1
AAGAGAAGTCCATGTA,1
AAGAGGCCTCATAATG,1
AAGAGGCTATAGAAGG,1
AAGATAGTGATGAACA,1
AAGATCCCTATGTAAT,1
AAGATCGATTGAAGTT,1
AAGATTGATTCAAGTT,1
AAGATTGATTGAAATT,1
AAGATTGATTGAACTT,1
AAGATTGATTGAAGCT,1
AAGATTGATTGAAGTG,1
AAGATTGATTGAGGTT,1
AAGCACCCCAGAGATG,1
AAGCATTGCTACACAT,1
AAGCCCAGCGGGTGAG,1
AAGCCCAGCGTGTGAT,1
AAGCCCATCGGGTGAT,1
AAGCCCGTAAGGACTA,1
AAGCGGAGATGTGATT,1
AAGCGGCCTCATAATG,1
AAGCGGCGATGTGATT,1
AAGCGGTCATGTGATT,1
AAGCGGTGACGTGATT,1
AAGCGGTGATGAGATT,1
AAGCGGTGATGGGATT,1
AAGCGGTGATGTGTTT,1
AAGCGTACCGCGTTTA,1
AAGCGTTGATGTGATT,1
AAGCTAAGAGAAAGTT,1
AAGCTCCCTATGTAAT,1
AAGCTGTGATGTGATT,1
AAGCTTGCTATGGATC,1
AAGGAGCTATAGAAGT,1
AAGGATTGCTACACAT,1
AAGGCCAGCGGGTGAT,1
AAGGCGAGCATGGCAA,1
AAGGGCCCTATGTAAT,1
AAGGGGAACGGGAAGC,1
AAGGGGCCTCATAACG,1
AAGGGGCCTCATAATC,1
AAGGGGCCTCATGATG,1
AAGGGGCCTCGTAATG,1
AAGGGGCTTCATAATG,1
AAGGGGGCTCATAATG,1
AAGGGGTGATGTGATT,1
AAGGGGTGGAATAGGG,1
AAGGGTCCTCATAATG,1
AAGGTAAGAGAAAGGT,1
AAGGTAAGAGAAAGTT,1
AAGGTAGCAGAGGATT,1
AAGGTCACTATGTAAT,1
AAGGTCCCTAGGTAAT,1
AAGGTCCCTATCTAAT,1
AAGGTCCCTATGTAAA,1
AAGGTCCCTATGTAGT,1
AAGGTCCCTATGTATT,1
AAGGTCCCTGACTGCT,1
AAGGTCCCTGTGTAAT,1
AAGGTCCTTATGTAAT,1
AAGGTTCCTATGTAAT,1
AAGGTTGATTGAAGTT,1
AAGGTTTTACGTCCAT,1
AAGTAGCTATAGAAGT,1
AAGTATCGCTACACAT,1
AAGTATTACTACACAT,1
AAGTATTCCTACACAT,1
AAGTATTGCTAAACAT,1
AAGTATTGCTACAAAT,1
AAGTATTGCTACACAA,1
AAGTATTGCTACACGT,1
AAGTATTGCTACGCAT,1
AAGTCCAGTGGGGGAG,1
AAGTCGGGACTCATCT,1
AAGTCGTGAGTACTAG,1
AAGTGAAGAGAAAGGG,1
AAGTGAAGAGAAAGTT,1
AAGTGGTGATGTGATA,1
AAGTTAAGAAAAAGTT,1
AAGTTAAGAGAAAGCT,1
AAGTTAAGAGAAAGTC,1
AAGTTAAGAGAAAGTG,1
AAGTTAAGAGAAGGTT,1
AAGTTAATAGAAAGTT,1
AAGTTAGCAGACCCAC,1
AAGTTAGTACACCCAC,1
AAGTTAGTAGACCCAA,1
AAGTTAGTAGACCCAG,1
AAGTTAGTAGACCCAT,1
AAGTTAGTAGACCCCC,1
AAGTTAGTAGACCCGT,1
AAGTTAGTAGACCGAC,1
AAGTTAGTAGACTCAC,1
AAGTTAGTAGATCCAC,1
AAGTTAGTATACCCAC,1
AAGTTATTAGACCCAC,1
AAGTTGAGAGAAAGTT,1
AAGTTGGTAGACCCAC,1
AATAAGCTATAGAAGT,1
AATACGAAATTTATTC,1
AATACGTGAGTACTAG,1
AATACTCACGGAGGAT,1
AATAGAACGTCATACC,1
AATAGGGCTACGTGAG,1
AATATTAGTAACATAA,1
AATCACCGAGTGACTG,1
AATCACCTATATGCAA,1
AATCACCTATATGTGA,1
AATCACCTATATTTAA,1
AATCACTGGCACGCGT,1
AATCCCAGCGGGTGAT,1
AATCCGTGAGTACTAG,1
AATCGATGGTACCCGT,1
AATCGCTGGCACCAAT,1
AATCGCTGGCACCCAC,1
AATCGCTGGCACCGAT,1
AATCGCTGGCACCGGT,1
AATCGCTGGCACGCGT,1
AATCGCTGGTAGCCGT,1
AATCTTGGGGAGAGTC,1
AATGAAACAAACGAAC,1
AATGAAACAATCGACC,1
AATGAAACAATCGTAC,1
AATGAAACGATCGAAC,1
AATGAACCAATCGAAC,1
AATGACCCCCTCCAAC,1
AATGCAACAATCGAAC,1
AATGCAAGCATGGCAA,1
AATGCGAAATTTATTC,1
AATGCGAATGGGGTAG,1
AATGCGAGAATGCCAA,1
AATGCGAGCATCTCAA,1
AATGCGAGCATGTCCA,1
AATGCGAGCATGTCTA,1
AATGCGAGCATGTGAA,1
AATGCGAGCCTGTCAA,1
AATGCGAGGATGTCAA,1
AATGCTCTTTTCGTTC,1
AATGGGAGCATGTCAA,1
AATGGGGGGAGGTCGG,1
AATGTAACAATCGAAC,1
AATGTCGTATCCACAG,1
AATGTGAATTCGCCCA,1
AATGTTGGCTTGGTTA,1
AATTAAATTCGAGGAC,1
AATTAAGAGAAGTGCG,1
AATTCAGCGATAACGG,1
AATTCGAGAGTACTAG,1
AATTCGCGAGTACTAG,1
AATTCGGGAGTACGAG,1
AATTCGTGACTACTAG,1
AATTCGTGAGGACGAG,1
AATTCGTGAGTACTAC,1
AATTCGTGAGTACTAT,1
AATTCGTGAGTAGTAG,1
AATTGAACATCATACC,1
AATTGAACGTAATACC,1
AATTGAACGTCATAAC,1
AATTGAACGTCATATC,1
AATTGAACTTCATACC,1
AATTGAGCGTCATACC,1
AATTGGTGAGTACTAG,1
AATTTAACGTCATACC,1
AATTTATACGAGAGCG,1
AATTTATCCTAGAGCG,1
AATTTCTGATGAATTG,1
ACAAAATCTCAGATAC,1
ACAAACTCTCGAGAAG,1
ACAAAGCCTCGAGAAG,1
ACAAAGTATCGAGAAG,1
ACAAAGTCCCGAGAAG,1
ACAAAGTCTCAAGAAG,1
ACAAAGTCTCCAGAAG,1
ACAAAGTCTCGACAAG,1
ACAAAGTCTCGAGATG,1
ACAAAGTGTCGAGAAG,1
ACAACGAGGTGTAACC,1
ACAACGTTTGTGCAAA,1
ACAACTGAGGGCATTG,1
ACAAGACTCGGGGGAC,1
ACAAGATCCGGGGGAC,1
ACAAGATTCGAGGGAC,1
ACAAGATTCGGGGGTC,1
ACAAGATTCGGTGGAC,1
ACAAGCTGAATCAGAC,1
ACAAGGGTGTACGAGA,1
ACAATCGGAACCATAC,1
ACAATCTGAACCTTAC,1
ACAATCTGAAGCATAC,1
ACAATGTGAACCATAC,1
ACACAAATAGACCGAA,1
ACACGGATTGGCTGTA,1
ACACGGGTCGGCTGTA,1
ACACGGGTGTACGAGA,1
ACACGGGTTGGCAGTC,1
ACACGGGTTGGCTGAA,1
ACACGGTTTGGCTGTA,1
ACAGAGTCTCGAGAAG,1
ACAGCCCACCATTGAG,1
ACAGTACAATCTACGC,1
ACAGTACGACCTACGC,1
ACAGTACGATCGACGC,1
ACAGTACGATCTATGC,1
ACAGTACGATCTGCGC,1
ACAGTACGATGTACGC,1
ACAGTACGTTCTACGC,1
ACAGTCCACCACTGAG,1
ACAGTCCACCATTGAA,1
ACAGTCCACCATTGTG,1
ACAGTCCACCGTTGAG,1
ACAGTCCACTATTGAG,1
ACAGTCCATCATTGAG,1
ACAGTCCGCCATTGAG,1
ACAGTGCACCATTGAG,1
ACAGTGTCCAATAGGG,1
ACAGTTTCCAAGAGGT,1
ACATAAAAAACTTAGT,1
ACATACATTAAGATCA,1
ACATCCACCCTATAGT,1
ACATCTTCCAATAGGT,1
ACATGATTCGGGGGAC,1
ACATTAGAAATACATA,1
ACATTCTCCAATAGGT,1
ACATTTCACCATTGAG,1
ACATTTTCCAAAAGGT,1
ACATTTTCCAATAGAT,1
ACATTTTCCAATAGCT,1
ACATTTTCGAATAGGT,1
ACATTTTCTGATGGGT,1
ACATTTTGGTTCGAGG,1
ACCAGAAGTTGCCAAG,1
ACCAGCAAGGAGGGGG,1
ACCAGCAAGGAGGTGT,1
ACCAGCAAGGAGTTGG,1
ACCAGCAATCAGTTGT,1
ACCAGGAATGAGTTGT,1
ACCCACCGAGTGACCG,1
ACCCATTCACGAATAA,1
ACCCCCGGAGCTCGGC,1
ACCCCCGGAGCTTAGC,1
ACCCCGCTGTTTAAAA,1
ACCCCGGGAGCTTGGC,1
ACCCCGTGGTTTGACA,1
ACCCGCGGAGCTTGGC,1
ACCCTAGCTCGCTAAT,1
ACCCTCCTCTAAAGTT,1
ACCCTCGGAGCTTGGC,1
ACCCTGGCTCGCTAAT,1
ACCGAATGAAACATCC,1
ACCGAATGAATCATGC,1
ACCGAATGAATGATCC,1
ACCGACAAACAGTAAG,1
ACCGAGTCACGAAGGA,1
ACCGATCCACGAATAA,1
ACCGATTAACGAATAA,1
ACCGATTCAAGAATAA,1
ACCGATTCACAAATAA,1
ACCGATTCACGAACAA,1
ACCGATTCACGAATGA,1
ACCGATTCACGAATTA,1
ACCGATTCACGAGTAA,1
ACCGATTCAGGAATAA,1
ACCGCCGGAGCTTGGC,1
ACCGGAAGGTGCCAAG,1
ACCGGAAGTTTCCAAG,1
ACCGGAGGTTGCCAAG,1
ACCGGGACCAAAACTG,1
ACCGGTTCACGAATAA,1
ACCGTAGTACACACCA,1
ACCGTCTAGAAATTTT,1
ACCGTTGCACACACCA,1
ACCGTTGGACACACCA,1
ACCGTTGTAAACACCA,1
ACCGTTGTACAAACCA,1
ACCGTTGTACACAACA,1
ACCGTTGTACACACCG,1
ACCGTTGTACACATCA,1
ACCGTTGTACATACCA,1
ACCTGAAGTTGCCAAG,1
ACCTGAATTAAGTATG,1
ACCTGCAATGAGTTGT,1
ACCTTTACGGATCTCT,1
ACGAAGACTTTGTTAT,1
ACGACGAGGCTACGTA,1
ACGAGTATGAAGAGCG,1
ACGCAAAGAGACCGAA,1
ACGCAAATAGACCGAT,1
ACGCAAATAGGCCGAA,1
ACGCAAATATACCGAA,1
ACGCAAGTAGACCGAA,1
ACGCATTAGCGGGAGG,1
ACGCCCGTAAGGACTA,1
ACGCGCACGTTTAGAG,1
ACGCGTCTCCGAGCAA,1
ACGCTGGCTCGCTAAT,1
ACGGATGAGTGTCGAG,1
ACGGATTCACGAATAA,1
ACGGGCGAGAAAGGGT,1
ACGGGGATAGGCTGTT,1
ACGGGGATCGGCTGTT,1
ACGGGGATGGGCTGTT,1
ACGGGGATTGACTGTT,1
ACGGGGATTGGCAGTT,1
ACGGGGATTGGCGGTG,1
ACGGGGATTGGCTGAT,1
ACGGGGATTGGGTGTT,1
ACGGGGCCTCATAATG,1
ACGGGGTAGAGATACG,1
ACGGGTATTGGCTGTT,1
ACGGTCTAGAAAGTGT,1
ACGGTCTAGAAATTGT,1
ACGGTTTTACGTCCAT,1
ACGTAAATAGACCGAA,1
ACGTAGGATGTGCGAG,1
ACGTAGGATGTTCGAG,1
ACGTAGGATTTTCGAG,1
ACGTATCATTTTCGAG,1
ACGTATGAAATAAGCT,1
ACGTATGAGGTTCGAG,1
ACGTATGATTTACGAG,1
ACGTATGATTTCCGAG,1
ACGTATGATTTTGGAG,1
ACGTATGTTTTTCGAG,1
ACGTCAATTAAGATCT,1
ACGTCCACTAAGATCA,1
ACGTCCATTAAAATCA,1
ACGTCCATTAACATCA,1
ACGTCCATTAAGATTA,1
ACGTCCATTAGGATCA,1
ACGTCGCACTACTGCT,1
ACGTCTATTAAGATCA,1
ACGTCTCTCCGAGCAA,1
ACGTGGCGCCGAGCAA,1
ACGTGTCTCCGACCAA,1
ACGTGTCTCCGAGCAC,1
ACGTGTCTCCGAGGAA,1
ACGTGTCTCCGAGGAC,1
ACGTGTCTCGGAGCAA,1
ACGTGTGTCCGAGCAA,1
ACTACAAGGCTACGTA,1
ACTACAGAGTTTGTTG,1
ACTACGAAGCTACGTA,1
ACTACGAGCCTACGTA,1
ACTACGAGGCGACGTA,1
ACTACGAGGCTACCTA,1
ACTACGAGGCTACGTG,1
ACTACGAGGCTACGTT,1
ACTACGAGGCTAGGTA,1
ACTACGAGGCTGCGTA,1
ACTAGGAGGCTACGTA,1
ACTATCATATCTAATA,1
ACTATGGCTCGCTAAT,1
ACTCCGGCTCGCTAAT,1
ACTCTAGATCGCTAAT,1
ACTCTAGCGCGCTAAT,1
ACTCTAGCTCGCAAAT,1
ACTCTAGCTCGCGAAT,1
ACTCTAGCTCGCTAAC,1
ACTCTAGCTCGCTGAT,1
ACTCTAGCTCGTTAAT,1
ACTCTAGCTTGCTAAT,1
ACTCTATCTCGCTAAT,1
ACTCTGGCTAGCTAAT,1
ACTCTGGCTCGATAAT,1
ACTCTGGCTCGCTAAA,1
ACTCTGGCTCGCTAAG,1
ACTCTGGCTCGCTAGT,1
ACTCTGGCTCTCTAAT,1
ACTGAAACAATCGAAC,1
ACTGATTCACGAATAA,1
ACTGCGGGGCTACGTA,1
ACTGGCTAGAAATTGT,1
ACTGGCTAGAAATTTT,1
ACTGTACCCTTCAGCA,1
ACTGTCCACCATTGAG,1
ACTGTCGAGAAATTTT,1
ACTGTCTAAAAATTTT,1
ACTGTCTACAAATTTT,1
ACTGTCTAGAAAATTT,1
ACTGTCTAGAAAGTTG,1
ACTGTCTTGAAATTTT,1
ACTGTGAGGCTACGTA,1
ACTGTGGCTCGCTAAT,1
ACTGTTGAATAGGCGA,1
ACTGTTGGCTTGGTTA,1
ACTGTTGTACACACCA,1
ACTTAAATTCGAGGAC,1
ACTTAATGAATCATCC,1
ACTTACTCATTATACG,1
ACTTCGAGGCTACGTA,1
ACTTTCTGGAAATTTT,1
ACTTTGGCTCGCTAAT,1
AGAAAAAGGGGAAAAT,1
AGAAAACATGCATTGG,1
AGAAAAGAAACTGGAG,1
AGAAAATCTCAAATAC,1
AGAAAATCTCAGAAAC,1
AGAAAATCTCAGATAG,1
AGAAAATCTCAGTTAC,1
AGAAAATCTCGCGGCA,1
AGAAAATCTCTGATAC,1
AGAAACACGTCCCAGT,1
AGAAACGCATGTGCCA,1
AGAACATCGCACCCAA,1
AGAACTGAGGGCAGTG,1
AGAACTGAGGGCGGTG,1
AGAAGAGGGATAGGGG,1
AGAAGATAGCAGATAG,1
AGAAGTATGAAGAGCG,1
AGAATAGGGATAGGTG,1
AGAATTTGCGCTTCAA,1
AGACAGCCAGTTTCGT,1
AGACCACCGCACCCAA,1
AGACCAGCGCACCCAA,1
AGACCATAGCACCCAA,1
AGACCATCGCACCCGA,1
AGACCATCGCACCCGT,1
AGACCATCGCACCGAA,1
AGACCATCGCACTCAA,1
AGACCATCGTACCCAA,1
AGACCCACCCTATAGT,1
AGACCGCAAGTTTCGT,1
AGACCGCCAGTCTCGT,1
AGACCTCCAGTTTCGT,1
AGACGGGTTGGCTGTA,1
AGACTATCGCACCCAA,1
AGAGAAAAAACTTAGT,1
AGAGAAAGGGGGCCGC,1
AGAGACCTTTAACTCT,1
AGAGATAAAAAGAGGA,1
AGAGCCAAAAAGAGGA,1
AGAGCTAAAAAGAGAA,1
AGAGCTAAAAAGATCA,1
AGAGCTAAAGAGAGGA,1
AGAGCTGAAAAGAGGA,1
AGAGGAGGGAGGGCTG,1
AGAGGCGCGCCTTCAA,1
AGAGGTAAAAAGAGGA,1
AGAGTACGATCTACGC,1
AGAGTCCACCATTGAG,1
AGAGTTCATAGCTCCA,1
AGATAAAAAACTTAGT,1
AGATCCACCCCATAGT,1
AGATCCACCCTAGAGT,1
AGATCCACCCTATGGT,1
AGATCCCAAGTCCTTT,1
AGATCCCACGTCCTTT,1
AGATCCCAGCTCCTTT,1
AGATCCCAGGGCCTTT,1
AGATCCCAGGTCCATT,1
AGATCCCAGGTCCTTG,1
AGATCCCAGGTCGTTT,1
AGATCCCAGGTGCTTT,1
AGATCCCAGGTTCTTT,1
AGATCCCTGGTCCTTT,1
AGATCCGAGGTCCTTT,1
AGATCGCAGGTCCTTT,1
AGATCTTTACGAAAAA,1
AGATTCACCCTATAGT,1
AGATTGAACTCGGCAT,1
AGCAAAGGGATATGTG,1
AGCACAGGGATATGTG,1
AGCACCTGGGGTATCA,1
AGCACTATAGTTGGCA,1
AGCATAAGGATATGTG,1
AGCATAGGGAGATGTG,1
AGCATAGGGATAAGTG,1
AGCATAGGGATATGTC,1
AGCATAGGGATATGTT,1
AGCATAGGGATATTTT,1
AGCATAGGGGGATGTG,1
AGCATCGGGATATGTG,1
AGCATCTAACAAATAG,1
AGCATCTAACAGATAA,1
AGCATCTAACAGATTG,1
AGCATCTAAGAGATAG,1
AGCATCTATCAGATAG,1
AGCCACATCGCCCTTT,1
AGCCCATGCTGAGGAT,1
AGCCCATGCTGCGGAT,1
AGCCCATGCTGGGCAT,1
AGCCCATGCTGGGGAC,1
AGCCCTGCAAGCCACT,1
AGCCGTACCGCGTTTA,1
AGCCGTTTAGATAGTT,1
AGCGAATGGGGTATCA,1
AGCGACAGCGCCCTTT,1
AGCGACATCCCCCTTT,1
AGCGACATCGCCCGTT,1
AGCGACATCGCCGTTT,1
AGCGACATCGCCTTTT,1
AGCGACATCGCTCTTT,1
AGCGACATCGGCCTTT,1
AGCGACATGGCCCTTT,1
AGCGACATTGCCCTTT,1
AGCGATTCACGAATAA,1
AGCGCCGGGGGTATCA,1
AGCGCCTGGGGGATCA,1
AGCGGAAGTTGCCAAG,1
AGCGGAATGAAGTATG,1
AGCGGTGGTCGATCCG,1
AGCGTTGTACACACCA,1
AGCTATATCGCCCTTT,1
AGCTCCATAGGCATGG,1
AGCTCCGGGGGGATCA,1
AGCTCCTAGGGTATCA,1
AGCTCCTCGGGTATCA,1
AGCTCCTGCGGTATCA,1
AGCTCCTGGGGTAACA,1
AGCTCCTTGTAAGATG,1
AGCTGAACTAAGTATG,1
AGCTGAATAAAGTATG,1
AGCTGAATACAGTATG,1
AGCTGAATCAAGTATG,1
AGCTGAATGAAGGATG,1
AGCTGAATGAAGTAGG,1
AGCTGAATTAAGGAGG,1
AGCTGAATTAAGTATA,1
AGCTGAATTAAGTATT,1
AGCTGAGGGGAGTATG,1
AGCTGCTGGGGTATCA,1
AGCTTCAGACTCTTGC,1
AGCTTCTAACAGATAG,1
AGCTTCTGGGGTATCA,1
AGGAAAGAAACAGGAG,1
AGGAAAGAAACCGGAG,1
AGGAAAGAAACTAGAG,1
AGGAAAGAAACTGGAC,1
AGGAAAGAAACTGTAG,1
AGGAAAGAAATTGGAG,1
AGGAAAGAGACTGGAG,1
AGGAAAGATACTGGAG,1
AGGAAAGGAACTGGAG,1
AGGAACGTAGGGGTGG,1
AGGACGATAGTTGGCA,1
AGGACTAAAGTTGGCA,1
AGGACTACAGTTGGCA,1
AGGACTATAATTGGCA,1
AGGACTATAGATGGTA,1
AGGACTATAGGGGGCA,1
AGGACTATAGTGGGCA,1
AGGACTATAGTTAGCA,1
AGGACTATAGTTGGGA,1
AGGACTATGGTTGGCA,1
AGGACTGTAGTTGGCA,1
AGGAGGTTTGTGATGA,1
AGGAGTACGAAGAGCG,1
AGGAGTATGAAGACCG,1
AGGAGTATGAAGAGCT,1
AGGAGTATGAAGAGTC,1
AGGAGTATGAAGATCG,1
AGGAGTATGAAGGGCG,1
AGGAGTATGACGAGCG,1
AGGAGTATGATGAGCG,1
AGGAGTGGGAAGAGCG,1
AGGATAGGGATATGTG,1
AGGATCATAGGGAATA,1
AGGATCTAACAGATAG,1
AGGCCCAGCGGGTGAT,1
AGGCCCGCAAGGACTA,1
AGGCCCGTAAGCACTA,1
AGGCCCGTAAGGACTG,1
AGGCCCGTAAGGAGTA,1
AGGCCCGTAAGGATTA,1
AGGCCCGTAAGTACTG,1
AGGCCCGTACGGACTA,1
AGGCCCGTAGGGACTA,1
AGGCCCGTGAGGACTA,1
AGGCGCGTAAGGACTA,1
AGGCGGGGATGTGATT,1
AGGCGGTTAGATAGGT,1
AGGCGTGTAGAGAGTT,1
AGGCGTGTAGGGAGTT,1
AGGCGTTTAGATAGTT,1
AGGGAAGAAACTGGAG,1
AGGGACATCGCCCTTT,1
AGGGCTAAAAAGAGGA,1
AGGGCTATAGTTGGCA,1
AGGGCTCTAGAGCTCT,1
AGGGGAGAAATGGGGG,1
AGGGGGACGGGCATGG,1
AGGGGGGGTCGGATGT,1
AGGGGGGGTCTCCCTT,1
AGGGGTGAATAGGCGA,1
AGGGGTGGGAAGGGGG,1
AGGGTAACCTTAGGGG,1
AGGGTCCCTATGTAAT,1
AGGGTTGGCTTGGTGA,1
AGGGTTTTACGTCCAT,1
AGGTATTGCTACACAT,1
AGGTCCAGAGGCATGG,1
AGGTCCATAGGAATGG,1
AGGTCCTGGGGTATCA,1
AGGTGGACGGGCAGGG,1
AGGTGGACGGGCATGA,1
AGGTGGACGGGCATGT,1
AGGTGGGCGGGCATGG,1
AGGTTAGGGATAGTAA,1
AGGTTAGTAGACCCAC,1
AGGTTCAGACTCTAGC,1
AGGTTCAGACTCTTGG,1
AGGTTCAGACTGGGGC,1
AGGTTCAGAGTCTTGC,1
AGGTTCAGGCTCTTGC,1
AGGTTTAGACTCTTGC,1
AGTAAACATGCATTGC,1
AGTAAACATGCGTTGG,1
AGTAAACATGGATTGG,1
AGTAAACATGTATTGA,1
AGTAAATATGCATTGG,1
AGTAAGCATGCATTGG,1
AGTACAGTGTAATCGA,1
AGTACGTATGTCCCAG,1
AGTAGATTATAACGTA,1
AGTAGGGCTACGTGAG,1
AGTAGGGGTCTCCCTT,1
AGTATATCCAACACCA,1
AGTATCTAACAGGGAG,1
AGTATCTGCGCTTCAA,1
AGTATGTGCGCTGCAA,1
AGTATTTCCGCTTCAA,1
AGTATTTGCCCTTCAA,1
AGTATTTGCGCTACAA,1
AGTATTTGCGCTTCAC,1
AGTATTTGCGGTTCAA,1
AGTCCATCTCATATCG,1
AGTCCATGCTGGGGAT,1
AGTCCCATAGGCATGG,1
AGTCCCATCCTCAAAT,1
AGTCCCGTAAGGACTA,1
AGTCCGGATAAAGTAG,1
AGTCCTACCCTCAAAT,1
AGTCCTATCATCAAAT,1
AGTCCTATCCACAAAT,1
AGTCCTATCCGCAAAT,1
AGTCCTATCCTAAAAT,1
AGTCCTATCCTCAAGT,1
AGTCCTATCCTCGAAT,1
AGTCGCTTAGATAGTT,1
AGTCGTGATACTCACA,1
AGTCGTTGAGAGAGTT,1
AGTCGTTGAGATAGGT,1
AGTCGTTTACATAGTT,1
AGTCGTTTAGATATGT,1
AGTCGTTTGGAGAGTT,1
AGTCTGGCTCGCTAAT,1
AGTCTTGAATAGGCGA,1
AGTCTTTATAACTTGC,1
AGTGAACATGCATTGG,1
AGTGAGAATGGGGGAG,1
AGTGCGAGCATGTCAA,1
AGTGGCTAGAGATGGT,1
AGTGGGGGAGTGGTTA,1
AGTGGGGGCTTGGGTA,1
AGTGGGGGTCTCCCTT,1
AGTGGTGGCTTGGGGA,1
AGTGTGGAATAGGCGA,1
AGTGTGGGCGTGGTTA,1
AGTGTGGGCTTGGTTA,1
AGTGTTCGCTTGGTTA,1
AGTGTTGAATATGCGC,1
AGTGTTGAATTGGCGA,1
AGTGTTGGCGTGGTGA,1
AGTGTTGGCTAGGTTA,1
AGTGTTGGCTTGATTA,1
AGTTAAAGTCGAGGAC,1
AGTTAACGGCCTATCC,1
AGTTAACTTTGGAAGC,1
AGTTACTCATTATACG,1
AGTTCCAAAGGCATGG,1
AGTTCCAGAGGCATGG,1
AGTTCCATAGCCATGG,1
AGTTCCATAGGCACGG,1
AGTTCCATAGGCACGT,1
AGTTCCATAGGCAGGG,1
AGTTCCATAGGCATGA,1
AGTTCCATAGGCATGT,1
AGTTCCATAGGCGTGG,1
AGTTCCATATGCATGG,1
AGTTCTATAGGCATGG,1
AGTTCTATCCTCAAAT,1
AGTTCTTATAACTTGC,1
AGTTGACATAGCGATG,1
AGTTGAGGTCTCCCTT,1
AGTTGGACGGGCATGG,1
AGTTGGGCTCTCCCTT,1
AGTTGGGGGCGCCCTT,1
AGTTGGGGTCACCCTT,1
AGTTGGGGTCGCCCGT,1
AGTTGGGGTCGCCCTT,1
AGTTGGGGTCTCCCAT,1
AGTTGGGGTCTCCTTT,1
AGTTGGGGTCTTCCTT,1
AGTTGTAATCTGAATA,1
AGTTTCATAGGCATGG,1
AGTTTTTATAACGTGC,1
AGTTTTTATAACTCGC,1
AGTTTTTATAACTTGG,1
AGTTTTTATAACTTTC,1
ATAAAAACCTGCAAAT,1
ATAAAGTCTCGAGAAG,1
ATAAAGTTTGTGCAAA,1
ATAAATGTCGTAGGAT,1
ATAACGCTTGTGCAAA,1
ATAACGTGTGTGCAAA,1
ATAACGTTTATGCAAA,1
ATAACGTTTGCGCAAA,1
ATAACGTTTGTACAAA,1
ATAACGTTTGTGCACA,1
ATAACGTTTGTGCAGA,1
ATAACTAAGGGCATTG,1
ATAACTGAGGGCACTG,1
ATAACTGAGGGCATTA,1
ATAACTGAGGGCATTC,1
ATAACTGAGGGCGTTG,1
ATAACTGAGGGTATTG,1
ATAAGATTATAACGTA,1
ATAAGATTCGGGGGAC,1
ATAAGGGCTACGTGAG,1
ATAAGGTTTGTGCAAA,1
ATAATTGAGGGCATTG,1
ATACAAGAATGTGCCA,1
ATACACAGAACCTATC,1
ATACACCAGGTTGTGA,1
ATACACCCATGTGCCA,1
ATACACGAGCTTGTGA,1
ATACACGAGGCTGTGA,1
ATACACGAGGTTGAGA,1
ATACACGATGTTGTGA,1
ATACACGCACGTGCCA,1
ATACACGCATGTGCCC,1
ATACACGCATGTGCCG,1
ATACACGTGGTTGTGA,1
ATACATGAGGTTGTGA,1
ATACCGAATGGGGTAG,1
ATACGATATATGGCTG,1
ATAGAAAATCATCCGC,1
ATAGAAAATGATCCGC,1
ATAGAAAATTATCCCC,1
ATAGAAAATTGTCCGC,1
ATAGAACCGCAAATTA,1
ATAGAAGCGCAAAGGA,1
ATAGAATCGCAAACTA,1
ATAGAATCGCAAATTG,1
ATAGACGAGGTTGTGA,1
ATAGAGAATTATCCGC,1
ATAGATACTAGGACCA,1
ATAGCACAGCGTAGGT,1
ATAGGAAATTATCCGC,1
ATAGGACATATGGCTG,1
ATAGGAGATATGGCTG,1
ATAGGATATATGACAA,1
ATAGGATATATGGCTA,1
ATAGGATCGCAAATTA,1
ATAGTACGATCTACGC,1
ATATAAAAAACTAAGT,1
ATATAAAAAACTGGAG,1
ATATAAAATTATCCGC,1
ATATAAACCTGCAAAT,1
ATATAAAGAACTTAGT,1
ATATAAATTCGAGGAC,1
ATATAAGAAACTTAGT,1
ATATCTGTAGAGCGCT,1
ATCAAGATAATCGCGC,1
ATCAGATTTAAAGGCA,1
ATCAGCAATGAGTTGT,1
ATCAGGACAATCGCGC,1
ATCAGGATAGTCGCGC,1
ATCAGGATGATCGCGC,1
ATCAGTATAATCGCGC,1
ATCATCTAACATATAG,1
ATCCCATTTAAAGGCA,1
ATCCCCGGAGCTTGGC,1
ATCCGATTTAAAGACA,1
ATCCGATTTAAAGGCT,1
ATCCGATTTAAAGTCA,1
ATCCGATTTGAAGGCA,1
ATCCGGTTTAAAGGCA,1
ATCGAATGAATCATCC,1
ATCGAGTGAATCATCC,1
ATCGGATTGGAGAAAC,1
ATCTGAATTAAGTATG,1
ATGAAAGAAACTGGAG,1
ATGACCCACGGGCATA,1
ATGACGTTTGTGCAAA,1
ATGACTGAGGGCATTG,1
ATGAGATTAGAACGTA,1
ATGAGGGCGACGTGAG,1
ATGAGGGCTACGGGAG,1
ATGATCGGGGCTAGGA,1
ATGATTGATTGAAGTT,1
ATGCAAATAGACCGAA,1
ATGCGATTGGAGAAAC,1
ATGGAAAATTATCCGC,1
ATGGCCCAAGGGCATA,1
ATGGCCCACAGGCATA,1
ATGGCCCACGGGCTTA,1
ATGGCCCACGTGCATA,1
ATGGCCTACGGGCATA,1
ATGGGACTGGAGAAAC,1
ATGGGATTCGAGAAAC,1
ATGGGATTGAAGAAAC,1
ATGGGATTGGACAAAC,1
ATGGGATTGGAGAATC,1
ATGGGATTGGAGAGTC,1
ATGGGATTGGAGATAC,1
ATGGGATTGGAGCAAC,1
ATGGGCACTAAATTAA,1
ATGGGCCACGGGCATA,1
ATGGGCTTGGAGAAAC,1
ATGGGGATTGGCGGTG,1
ATGGGGATTGGCTGTA,1
ATGGTCCACGGGCATA,1
ATGGTTTCACGTCCAT,1
ATGGTTTGGAGGTTGT,1
ATGGTTTTACATCCAT,1
ATGGTTTTACGGCCAT,1
ATGGTTTTACGGCGAC,1
ATGGTTTTACGTACAT,1
ATGGTTTTACGTCAAT,1
ATGGTTTTACGTCCAA,1
ATGGTTTTACGTCCAG,1
ATGGTTTTACGTCTAT,1
ATGGTTTTACGTGCAT,1
ATGTAAAAAACTTAGT,1
ATGTCCCACGTGCATA,1
ATGTGTCTCCGAGCAA,1
ATTAACATATCTAATA,1
ATTAAGGCTACGTGAG,1
ATTACATTATAACGTA,1
ATTACGAGGCTACGTA,1
ATTAGACTATAACGTA,1
ATTAGAGCTACGTGAG,1
ATTAGAGTAGAACGTA,1
ATTAGAGTATAACGTA,1
ATTAGATGAGAACGTA,1
ATTAGATGATAACGTA,1
ATTAGATTATAAGGTA,1
ATTAGATTATAGCGTA,1
ATTAGGACTACGTGAG,1
ATTAGGATAATCGCGC,1
ATTAGGGCTACCTGAG,1
ATTAGGGCTACGTAAG,1
ATTAGGGCTACGTGCG,1
ATTAGGGCTACGTGTG,1
ATTAGGGGTACGTGAG,1
ATTAGGGTTACGTGAG,1
ATTAGGTATTACATGC,1
ATTAGTGCTACGTGAG,1
ATTATCATACCTAATA,1
ATTATCATAGCGAATA,1
ATTATCATATCGGATA,1
ATTATCATATCTGATA,1
ATTATCATGTCTAATA,1
ATTATCATGTCTATTA,1
ATTATCGTATCTAATA,1
ATTCACTCATTATACG,1
ATTCCGAAAGGGGTAG,1
ATTCCGAATGGCGTAG,1
ATTCCGAATGGGGAAG,1
ATTCCTAATTGGGTAG,1
ATTCCTATCCTCAAAT,1
ATTCGTTTAGATAGGT,1
ATTCTTAATGGGGTAG,1
ATTCTTCTATGGCTAC,1
ATTGAATCGCAAATTA,1
ATTGCCCACGGGCATA,1
ATTGCTCCGACACGCC,1
ATTGGATATATGGCTG,1
ATTGGGTCTACGTGAG,1
ATTTAAACTCGAGGAC,1
ATTTAAATTCCAGGAC,1
ATTTAAATTCGACTTC,1
ATTTAAATTCGAGCAC,1
ATTTAAATTCGAGGTC,1
ATTTAAATTCGTGGAC,1
ATTTACACATTATACG,1
ATTTACTCAGTATACG,1
ATTTACTCATCATACG,1
ATTTACTCATTATACA,1
ATTTACTCATTATACC,1
ATTTACTCATTATGCG,1
ATTTACTCGTTATACG,1
ATTTCTAATGGGGTAG,1
ATTTGCTCATTATACG,1
ATTTTTCTAGGGCTAC,1
ATTTTTCTATAGCTAC,1
ATTTTTCTATGGCCCC,1
ATTTTTCTATGGCGAC,1
ATTTTTCTATGGCTTC,1
ATTTTTCTTTGGCTAC,1
CAAAAAAGACTGTATA,1
CAAAAATTTATGACAA,1
CAAAACCTACGGCGAC,1
CAAAAGCAGAACGATA,1
CAAAAGCAGCACGATG,1
CAAAAGCAGCACTATA,1
CAAAAGCAGTACGATA,1
CAAAAGCTACGGCGAC,1
CAAAATCAACGGCGAC,1
CAAAATCTACGGGGAC,1
CAAAATCTACTGCGAC,1
CAAAGGCAGCACGATA,1
CAAAGGCTGCATTAGG,1
CAAATAATATAGAGAC,1
CAAATCCCAGCCTTTA,1
CAAATGCGGCAGGAGG,1
CAAATGCGGCATGAGG,1
CAAATGCTCCATTAGG,1
CAAATGCTGCACGATA,1
CAAATGCTGCATAAGG,1
CAAATGCTGCATAATG,1
CAAATGCTGCATTAAG,1
CAAATGCTGCATTAGC,1
CAACTAGGATCGCACT,1
CAAGAGCAGCACGATA,1
CAAGGAGAAATACATA,1
CAAGGAGAAGTAGAGA,1
CAAGGGAATTGCCACT,1
CAAGGGCTAATGTCTC,1
CAAGTAGAAAGACATA,1
CAAGTAGAAATACAGA,1
CAAGTGGTGGGTTAGG,1
CAATAAGAAATACATA,1
CAATAGTTGTCATGGG,1
CAATCAGAAAGACATA,1
CAATGAGAAATACAGA,1
CAATGCGCGGCTCGGG,1
CAATTAGAAATACTTA,1
CAATTAGAAATATATA,1
CAATTAGAACTACATA,1
CAATTAGAATTACATA,1
CAATTAGACATACATA,1
CAATTAGATATACATA,1
CAATTAGCAATACATA,1
CAATTAGGATCGCACT,1
CAATTCACCGTTCCCC,1
CAATTCGCAGTTCCCC,1
CAATTCGCCCTTCCCC,1
CAATTCGCCGTCCCCC,1
CAATTCGCCGTTCCCG,1
CAATTCGCCGTTTCCC,1
CAATTCGCCTTTCCCC,1
CAATTCTGATGAATTG,1
CAATTGCTGCATTAGG,1
CAATTGGAAAGACATA,1
CAATTTGCCGTTCCCC,1
CACAAAAGACTGTATA,1
CACAAGATGTACAGTC,1
CACACACAATAAAAAA,1
CACAGACAATAAAGAA,1
CACAGCGCCGAGCACC,1
CACAGGCTAATGTCTC,1
CACATGCTGCATTAGG,1
CACCAACCTTCGAACT,1
CACCAAGCGGCGAACT,1
CACCAAGCTTCGAACT,1
CACCAATCCTCGAACT,1
CACCAATCTTCGAAAT,1
CACCAATCTTCGAACC,1
CACCAATCTTCGAATT,1
CACCAATGTCATTTGA,1
CACCATCAGCACCCGT,1
CACCATCAGCACCTTG,1
CACCATCAGCACCTTT,1
CACCATCAGCTCCTAG,1
CACCATCAGTACCTAG,1
CACCATGAGCACCTAG,1
CACCCCGCCGAGCACC,1
CACCCGCTGTTTAAAA,1
CACCGATCTTCGAACT,1
CACCGCGCCGACCACC,1
CACCGCGCCGAGAACC,1
CACCGCGCCGAGCAAC,1
CACCGCGCCGAGCACA,1
CACCGCGCCGAGCATC,1
CACCGCGCCGATCACC,1
CACCGCGCCGGGCACC,1
CACCGCTCCGAGCACC,1
CACCGTACCGCGTTTA,1
CACCGTCAGCACCTAG,1
CACCTAAGATCGCACT,1
CACCTAGGACCGCACT,1
CACCTAGGATCCCACT,1
CACCTAGGATCGAAAT,1
CACCTAGGATCGCACA,1
CACCTAGGATCGCTCT,1
CACCTAGGATCTCACT,1
CACCTAGGATTGCACT,1
CACCTAGGGTCGCACT,1
CACCTATGATCGCACT,1
CACCTGGGATCGCACT,1
CACGAGATGTACAGTC,1
CACGCTCTAGAGCTCT,1
CACGGACAATAAAAAA,1
CACGGCCCGCGAACTC,1
CACGGCCGGCGAACAC,1
CACGGCCGGCGAACTT,1
CACGGCCGGCGAATTC,1
CACGGCCGGCGAGCTC,1
CACGGCCGGCGGACTC,1
CACGGCTGGCGAACTC,1
CACGGGCGAATGTCTC,1
CACGGGCGGCGAACTC,1
CACGGGCTAACGTCTC,1
CACGGGCTAATGGCGC,1
CACGGGCTAATGTATC,1
CACGGGCTGATGTCTC,1
CACGGGTTAAGTTGTG,1
CACGGGTTAATGTCTC,1
CACGGTCTAATGTCTC,1
CACGTGAATTCGCCCA,1
CACTAGAGGTACAGGC,1
CACTAGATGCACAGTC,1
CACTAGATGTACACTC,1
CACTAGATGTACAGAC,1
CACTAGATGTACAGCA,1
CACTAGATGTAGAGTC,1
CACTGATAACCCTGCG,1
CACTGCCGGCGAACTC,1
CACTTCCCTGACTGCT,1
CACTTCTGATGAATTG,1
CAGAAAAGACTGGAGA,1
CAGAAAGGACTGTATA,1
CAGAACCGCGTGGTCT,1
CAGAACCGCGTTGTCT,1
CAGAACCTCGGTGTCT,1
CAGAACCTCGTCGTCT,1
CAGAACCTCGTTGACT,1
CAGAACCTCGTTGTTT,1
CAGAACGTCGTTGTCT,1
CAGAACTTATCTGTGG,1
CAGAATCTACGGCGAC,1
CAGACAGAGGGGGTTG,1
CAGACAGAGGTGGGTG,1
CAGACAGAGTTTGGTG,1
CAGAGAATAGAGAGAC,1
CAGAGAGTGATGAACA,1
CAGATAATACAGAGAC,1
CAGATAATATAGAGGC,1
CAGATAATATAGAGTC,1
CAGATAATATAGATAC,1
CAGATAATATAGCGAC,1
CAGATAATATAGGGAC,1
CAGATAATATGGAGAC,1
CAGATAATTTAGAGAC,1
CAGATAGCGATGAACA,1
CAGATAGGGATGAACA,1
CAGATAGTGATAAACA,1
CAGATATTGATGAACA,1
CAGCATCAGCACCTAG,1
CAGCCCAGCGGGTGAT,1
CAGGAACATACATAAA,1
CAGGAGGCCTGGCCCC,1
CAGGATATAGAGCTCT,1
CAGGCCCTAGAGCTCT,1
CAGGCTCAAGAGCTCT,1
CAGGCTCTAGAACTCT,1
CAGGGAGACGCGTAAG,1
CAGGGGCTAATGTCTC,1
CAGGGGGAGCCCAACA,1
CAGGTAGAGGTGGGTG,1
CAGGTAGTGATGAACA,1
CAGGTGAATTCGCCCA,1
CAGGTTCTAGAGCTCT,1
CAGTACCTGCAGTTGA,1
CAGTAGTTGTTATGGG,1
CAGTCGGGACTCATCT,1
CAGTTCGCCGTTCCCC,1
CAGTTCTGATGAATTG,1
CATAAAAGAATGTATA,1
CATAAAAGACGGTATA,1
CATAAAAGACTGAATA,1
CATAAAAGACTGTACA,1
CATAAAAGACTGTGTA,1
CATAAAGGACTGTAGA,1
CATAAGAGACTGTATA,1
CATAAGTATGTCCCAG,1
CATAATCTACGGCGAC,1
CATAATCTATTGAAGC,1
CATACACAGTTTGTTG,1
CATACAGAATACTAGA,1
CATACAGACTTTGTTG,1
CATACAGAGCTTGTTG,1
CATACAGAGGGTGTTG,1
CATACAGAGGTTGGTG,1
CATACAGAGTTTCTTG,1
CATACTGAGTTTGTTG,1
CATAGAGACGCGCAAG,1
CATAGAGAGTTTGTTG,1
CATATAGTGATGAACA,1
CATCACGCAGAAAAAG,1
CATCGGCTCTTGATTA,1
CATGGAGACGCGCAAG,1
CATGGCAATTGCCACT,1
CATGGGAAGGGCCACT,1
CATGGGAATTGCCACA,1
CATGGGAATTGCCAGT,1
CATGGGAATTGGCACT,1
CATGGTAATTGCCACT,1
CATGTAGAGCCCAACA,1
CATGTCTGATGAATGG,1
CATGTGAATTCACCCA,1
CATGTGAATTCGCCCT,1
CATGTGAATTCTCCCA,1
CATGTGCAGCCCAACA,1
CATGTGGAACCCAACA,1
CATGTGGAGCCCAAAA,1
CATGTGGAGCCCATCA,1
CATGTGGAGCCGAACA,1
CATGTGGAGCGCAACA,1
CATGTGGAGGCCAACA,1
CATGTGGATCCCGACA,1
CATGTGGTGCCCAACA,1
CATGTTGATCCCAACA,1
CATTCAGACGCGCAAG,1
CATTGAGACGCGCTAG,1
CATTGAGACGGGCAAG,1
CATTGAGATTCGCAAG,1
CATTGATACGCGAAAG,1
CATTGATGCATTCCAG,1
CATTGTGACGCGCAAG,1
CATTTCGGATGAATTG,1
CATTTCTCATGAATTG,1
CATTTCTGATGAATAG,1
CATTTCTGATGGATTG,1
CATTTCTGGGGAATTG,1
CATTTCTGGTGAATTG,1
CATTTCTGTTGAATTG,1
CCAAACAGTGTAGTTG,1
CCAACAAAAAAAATTA,1
CCAACACAAAAAAATA,1
CCAACACAAAAAACTA,1
CCAACACAAAAAATTT,1
CCAACACAAAAAGTTA,1
CCAACACAGCGTAGGC,1
CCAACGAGGTGTAACC,1
CCAACGCAAAAAATTA,1
CCAAGACAAAAAATTA,1
CCAAGCTTCGCGCATC,1
CCAAGCTTGCCGCATC,1
CCAAGCTTGGCCCATC,1
CCAAGCTTGGCGCAAG,1
CCAAGCTTGGCGCAGC,1
CCAAGCTTGGGGCATC,1
CCAAGGTTGGCGCATC,1
CCACATTAGCGGGAGG,1
CCACTCCTCTAAAGTT,1
CCAGCGTGCCGGTCAT,1
CCATCACAAAAAATTA,1
CCATCTTAATCTACAG,1
CCATTTTCCAATAGGT,1
CCCAATGTCGTAGGAC,1
CCCAATGTCGTAGGAT,1
CCCAGCAATGAGTTGT,1
CCCAGCATTGGTCGCC,1
CCCAGCGCGGCTCGGG,1
CCCCAGCTGTTTAAAA,1
CCCCCACTGTTTAAAA,1
CCCCCGCTCTTTAAAA,1
CCCCCGCTGGTGAAAA,1
CCCCCGCTGGTTAAAA,1
CCCCCGCTGTTAAAAA,1
CCCCCGCTGTTCAAAA,1
CCCCCGCTGTTTAAAG,1
CCCCCGCTGTTTAAAT,1
CCCCCGCTGTTTAGAA,1
CCCCCTCTGTTTAAAA,1
CCCCTCCTCTAAATTT,1
CCCCTCCTTTAAAGTT,1
CCCCTGCTGTTTAAAA,1
CCCCTTACGGATCTCT,1
CCCGACACCCTTCCGG,1
CCCGGGACAAAAACTG,1
CCCGGGATCAAAACTG,1
CCCGGGGCCAAAACTG,1
CCCGTTGTACACACCA,1
CCCTACGCGGCTAGGG,1
CCCTATGAAACAAGCT,1
CCCTATGAAAGAAGCT,1
CCCTATGAAATAAGCG,1
CCCTATGAAGTAAGCT,1
CCCTCATCAAGGGTAA,1
CCCTCCTAAAGGGTAA,1
CCCTCCTCAAGGGGAA,1
CCCTCTACGGATCTCT,1
CCCTGCAAGGCTCGGG,1
CCCTGCACGGCTCGTG,1
CCCTGCGAAGCTCGGG,1
CCCTGCGAGGCTCCGG,1
CCCTGCGCCGCTCGGG,1
CCCTGCGCGGCTCTTG,1
CCCTGCGCGGCTGGGG,1
CCCTGCGCGGGTCGGG,1
CCCTGCTGGGCTCGGG,1
CCCTTACGCTCCTACG,1
CCCTTTACGCATCTCT,1
CCCTTTACGGAACTCT,1
CCCTTTACGGACCTCT,1
CCCTTTACGGAGCTCT,1
CCCTTTACGGATCACT,1
CCCTTTACGGATCGCT,1
CCCTTTACGGATCTAG,1
CCCTTTACGGATCTCA,1
CCCTTTACGGATCTTT,1
CCCTTTGAAATAAGCT,1
CCGAATTAGCGGGAGG,1
CCGAGCACGTTTAGAG,1
CCGAGTTAATATGCGC,1
CCGATTACTAGCCGGA,1
CCGCATTAGCGGGAAG,1
CCGCATTAGCGGTAGG,1
CCGCCGCTGTTTAAAA,1
CCGCGCACGTTTATAG,1
CCGGAACATACATAAC,1
CCGGAATCTCCCATAC,1
CCGGAGAAAGCAGAAC,1
CCGGATAAAACAGAAC,1
CCGGATAAACCAGAAC,1
CCGGATAAAGCAGAGC,1
CCGGATAAATCACAAC,1
CCGGATAGATCAGAAC,1
CCGGATATATCAGAAC,1
CCGGATGAATCAGAAC,1
CCGGCTCTAGAGCTCT,1
CCGGGGATTGGCTGTT,1
CCGGGGTGAAGGTGTG,1
CCGGGGTGAAGTTGGG,1
CCGGTTAAATCAGAAC,1
CCGTCCATTAAGATCA,1
CCGTGCACGTTTAGAG,1
CCTAGCTTGGCGCATC,1
CCTCGATGCATTCCCG,1
CCTCGCACGTTTAGAG,1
CCTGGAAACGATCCCC,1
CCTGGATTAAGTTGTG,1
CCTGGGGGAAGGGGTG,1
CCTGGGGGGAGTTGTG,1
CCTGGGGTAAGTGGTG,1
CCTGGGTTAAGCTGTG,1
CCTGGGTTAAGGGGTG,1
CCTGGGTTAAGTTGTC,1
CCTGTCTAGAAATTTT,1
CCTTCATGCATTCCCG,1
CCTTGCGCGGCTCGGG,1
CCTTGGTGCATTCCCG,1
CCTTGTTGCATTCCCG,1
CGAAAACACTACAAAT,1
CGAAAACAGTACAAAT,1
CGAAAACATTACAAAA,1
CGAAAACATTACAAAC,1
CGAAAACATTACAAAG,1
CGAAAACATTAGAAAT,1
CGAAAACGTTACAAAT,1
CGAAACACGTACCAGT,1
CGAAACACGTCCCCGT,1
CGAAACATGTCCCAGT,1
CGAAACGCGTCCCAGT,1
CGAAATCTACGGCGAC,1
CGAACAGCAGACACGT,1
CGAACCGCACACACGT,1
CGAACCGCAGACAAGT,1
CGAACCGCAGACACGA,1
CGAACCGCAGACATGT,1
CGAACCGCATACACGT,1
CGAACCGTAGACACGT,1
CGAAGACATTACAAAT,1
CGAAGCGCAGACACGT,1
CGAAGCTTGGCGCATC,1
CGAAGTTAAGTATCAA,1
CGAATTTAAGTATCAA,1
CGACACACCCTTCCGG,1
CGACTCCAAGGACGCC,1
CGACTCCACCGACGCC,1
CGACTCCACGGACCCC,1
CGACTCCACGGACGCT,1
CGACTCCACGGACGTC,1
CGACTCCACGGATGCC,1
CGACTCCACGTACGCC,1
CGACTCCAGGGACGCC,1
CGAGGTAACAGACGTA,1
CGAGTACCCTTCAGCA,1
CGATATTTACGAAAAA,1
CGATCAGCGATAACGG,1
CGATCTCTACGAAAAA,1
CGATCTGTGACATTGC,1
CGATCTTAATCTACAG,1
CGATCTTTACGAAGAA,1
CGATCTTTACGAGACA,1
CGCAACATTGGTCGCC,1
CGCAATGTCGTAGGAT,1
CGCACAGTGTAATCGA,1
CGCACTTTACGAAAAA,1
CGCACTTTACGACACA,1
CGCACTTTACGAGACC,1
CGCACTTTACGAGACT,1
CGCACTTTACGAGAGA,1
CGCACTTTACGAGATA,1
CGCACTTTACGAGGAC,1
CGCACTTTGCGAGACA,1
CGCAGCAATGAGTTGT,1
CGCAGCATCGGTCGCC,1
CGCAGCATTGGCCGCC,1
CGCAGCATTGGGCGCC,1
CGCAGCATTGGTAGCC,1
CGCAGCATTGGTCGCT,1
CGCAGCATTGGTCTCC,1
CGCAGGATTGGTCGCC,1
CGCATCTAACAGATAG,1
CGCCCAGGGAATCAAA,1
CGCGAATCTCCCATAC,1
CGCGACACACTTACGG,1
CGCGACACCCATCCGG,1
CGCGACACCCTACCGG,1
CGCGACACCCTTCCCG,1
CGCGACACCCTTCCCT,1
CGCGACACCCTTGCGG,1
CGCGACACGCTTCCGG,1
CGCGACACTCTTCCGG,1
CGCGACAGCCTTCCGG,1
CGCGAGACCCTTCCGG,1
CGCGGGCTAATGTCTC,1
CGCTAACGGCCTATCC,1
CGCTATGAAATAAGCT,1
CGCTGAATTAAGTATG,1
CGCTGCGCGGCTCGGG,1
CGGAAAATGTAAATGA,1
CGGAAACATACATAAC,1
CGGAAACATTACAAAT,1
CGGAACACGTCCCAGT,1
CGGACACTGGATGGTA,1
CGGACCCGAGAGGGTA,1
CGGACCCTACATGGTA,1
CGGACCCTAGAAGGTA,1
CGGACCCTAGATAGTA,1
CGGACCCTAGATCGTA,1
CGGACCCTAGGTAGTA,1
CGGACCGCAGACACGT,1
CGGACCGCTTCATGCT,1
CGGACGGGACTCATCT,1
CGGACTATAGTTGGCA,1
CGGAGGGATTCAACTC,1
CGGATAGTGATGAACA,1
CGGATCCACGGACGCC,1
CGGCAAATGTAAATGA,1
CGGCCAAGGAATCAAA,1
CGGCCAGGGAACCAAA,1
CGGCCAGGGAATCTAA,1
CGGCCAGGGAATTAAA,1
CGGCCAGGGAGTCAAA,1
CGGCCGGGACTCATCT,1
CGGCTAGGGAATCAAA,1
CGGGAAACGTAAATGA,1
CGGGAAAGGGAAATGA,1
CGGGAAATCTAAATGA,1
CGGGAAATGTAAATCA,1
CGGGAAATGTAATTGA,1
CGGGAAATTTAAATGA,1
CGGGAACAAAGAAGGA,1
CGGGAACAGACAGAAC,1
CGGGAACATACACAAC,1
CGGGAATCGCCCATAC,1
CGGGAATCTCCCACAC,1
CGGGAATCTCCCATGC,1
CGGGAATCTCCCGTAC,1
CGGGAATCTCCCTTAC,1
CGGGAATCTCGCATAC,1
CGGGAATCTCTCATAC,1
CGGGACCCCCTCCAAC,1
CGGGAGATGTAAATGA,1
CGGGGACAAGACTGTA,1
CGGGGACAAGAGGGGA,1
CGGGGACAAGATAGTA,1
CGGGGACAAGATCGTA,1
CGGGGACAAGATTGTT,1
CGGGGACAGGAGTGGA,1
CGGGGACCCGTCAGCA,1
CGGGGAGAAGATTGTA,1
CGGGGAGGGTCGAGAT,1
CGGGGGAACGGGAAGC,1
CGGTAGGGACCCATCT,1
CGGTCCGCTTCATGCT,1
CGGTCGGCACTCATCT,1
CGGTCGGGACTCAGCT,1
CGGTCGGGACTCATGT,1
CGGTCGGGACTCATTT,1
CGGTCGGGACTTATCT,1
CGGTCGGGATTCATCT,1
CGGTCGGGGCTCATCT,1
CGGTGACAAGATTGTA,1
CGTAAAAGACTGTATA,1
CGTAAGTATGTCCCAG,1
CGTAATAGGCGTCACA,1
CGTACAGTATAATCGA,1
CGTACAGTCTAATCGA,1
CGTACAGTGTAACCGA,1
CGTACAGTGTAATCAA,1
CGTACAGTGTAATCGC,1
CGTACAGTTTAATCGA,1
CGTACATTGTAATCGA,1
CGTACGCATGTCCCAG,1
CGTACGTATGTCCCAT,1
CGTACGTATGTCCTAG,1
CGTACGTATTTCCCAG,1
CGTACTTTACGAGACA,1
CGTATAGTGTAATCGA,1
CGTCGGCTCTTGATTA,1
CGTGACCCCCTCCACC,1
CGTGACCCCCTGCAAC,1
CGTGACCCCCTTCAAC,1
CGTGACCCCTTCCAAC,1
CGTGACCGCCTCCAAC,1
CGTGACCTCCTCCAAC,1
CGTGACTCCCTCCAAC,1
CGTGGAACCTTCAGCA,1
CGTGTACCCAACACCA,1
CGTGTACCCGGCAGCA,1
CGTGTACCCTACAGCA,1
CGTTAAATTAGAGTCT,1
CGTTAAATTATAGTCT,1
CGTTAACGGACTATCC,1
CGTTAACGGCCCATCC,1
CGTTAACGGCCTATCA,1
CGTTAACGGGCTATCC,1
CGTTAACGGTCTATCC,1
CGTTAACGTCCTATCC,1
CGTTCAGCAATAACGG,1
CGTTCAGCCATAACGG,1
CGTTCAGCGATAACAG,1
CGTTCCATAGGCATGG,1
CGTTCTGCGATAACGG,1
CGTTCTTGGTTCGAGG,1
CGTTGACGGCCTATCC,1
CGTTGAGCGATAACGG,1
CGTTTCTGATGAATTG,1
CGTTTGTGGTTCGAGG,1
CGTTTTGGGTTCGAGG,1
CGTTTTTATAACTTGC,1
CGTTTTTGGCTCGAGG,1
CGTTTTTGGGGCGAGG,1
CGTTTTTGGTGCGAGG,1
CGTTTTTGGTTCGAGT,1
CTAAACACGTCCCAGT,1
CTAAACTTGTCGATAT,1
CTAAATTAAGTATCAA,1
CTAACTGAGGGCATTG,1
CTAAGCTGCCAATAAG,1
CTAAGTTAAGTAGCAA,1
CTAATGCTGCATTAGG,1
CTAATTTAAGCATCCA,1
CTAATTTAAGTATCCA,1
CTAATTTAAGTTGACC,1
CTAATTTAAGTTTCAA,1
CTAATTTGAATATCAA,1
CTACAAACCGTTTGTA,1
CTAGATACTAGGACCA,1
CTAGCACAAAAAATTA,1
CTAGCACAGGGTAGGC,1
CTAGCACTGCGTAGGC,1
CTAGCGCAGCGTAGGC,1
CTAGCTTAATCTACAG,1
CTAGGATATATGGCTG,1
CTAGTTAACAGACGTA,1
CTAGTTTAAGTATCAA,1
CTATAAAACGTTTGTA,1
CTATAAACCGTTTCTA,1
CTATAAACCGTTTGCA,1
CTATAAACCGTTTGTG,1
CTATAAATCGTTTGTA,1
CTATACCTGCAGTTGA,1
CTATAGACCGTTTGTA,1
CTATAGTGCCCGGAAG,1
CTATATAACAGACGTA,1
CTATATTGCCCGGACG,1
CTATATTGCGCGGAAG,1
CTATATTGTCCAGAAG,1
CTATCGTAATCTACAG,1
CTATCTAACAGACGTA,1
CTATCTGAAGCTACAG,1
CTATCTTAATCGACAG,1
CTATCTTAATCTAATA,1
CTATCTTAATCTAGAG,1
CTATTCAACAGACGTA,1
CTATTCGCCGTTCCCC,1
CTATTGAACAGACGTA,1
CTATTTAACAAACGTA,1
CTATTTAACAGACCTA,1
CTATTTAACAGATGTA,1
CTATTTAAGAGACGTA,1
CTATTTTAAGTATCAA,1
CTATTTTAATCTACAG,1
CTATTTTGCCCGGAAG,1
CTCAAACAATTGGCGC,1
CTCAAATAATTGGCGG,1
CTCAAATAATTGTCGC,1
CTCAAATAATTGTCGT,1
CTCAAATAGTTGGCGC,1
CTCAAATGATTGGCGC,1
CTCAACGTCGTAGGAT,1
CTCAACTTATCTGTGG,1
CTCAAGTAATTGGCGC,1
CTCAATCTCGTAGGAT,1
CTCAATGTCATAGGAT,1
CTCAATGTCGAAGGAT,1
CTCAATGTCGCAGGAT,1
CTCAATGTCGTAAGAT,1
CTCAATGTCGTAGAAT,1
CTCAATGTTGTAGGAT,1
CTCAGTGTCGTAGGAT,1
CTCATAGGGGACGATT,1
CTCCATCAGCACCTAG,1
CTCCGAGGGGACGATT,1
CTCCTAGAGGACGATT,1
CTCCTAGGAGACGATT,1
CTCCTAGGGAACGATT,1
CTCCTAGGGGACAATT,1
CTCCTAGGGGACATAT,1
CTCCTAGGGGACGATC,1
CTCCTAGGGGACGGTT,1
CTCCTAGGGGATGATT,1
CTCCTATGGGACGATT,1
CTCGAATAATTGGCGC,1
CTCGACATCCTTCCGG,1
CTCGAGGCCTGGCCCC,1
CTCTAGATGTACAGTC,1
CTCTTAAGCTCCTACG,1
CTCTTACGCGCCTACG,1
CTCTTACGCTCATACG,1
CTCTTACGCTCCCACG,1
CTCTTACTCTCCTACG,1
CTCTTATGCTCCTACG,1
CTCTTGCGCTCCTACG,1
CTCTTTACGGATCTCT,1
CTGAAAAAATCATAAA,1
CTGAACATGTCGATAT,1
CTGAACCTGTCGATAC,1
CTGAACCTGTTGATAT,1
CTGAACGTGTCGATAT,1
CTGAACTCGTCGATAT,1
CTGAACTGGTCGATAT,1
CTGAACTTAACTGTGG,1
CTGAACTTAGCGGGGG,1
CTGAACTTAGCTGGGG,1
CTGAACTTATCGATAT,1
CTGAACTTATCTGTCG,1
CTGAACTTATCTGTCT,1
CTGAACTTATTTGTGG,1
CTGAACTTGGCGGTGG,1
CTGAACTTGTCGACAT,1
CTGAACTTGTCGATAA,1
CTGAACTTGTCGGTAT,1
CTGAACTTGTGGATAT,1
CTGAAGGATTCAACTC,1
CTGACAGAATACGAGA,1
CTGAGAGATTCAACTC,1
CTGAGCGGCCAATAAG,1
CTGAGCTCCCAATAAG,1
CTGAGCTGACAATAAG,1
CTGAGCTGCCAATACG,1
CTGAGCTGCCGATAAG,1
CTGAGCTTGTCGATAT,1
CTGAGGGATTCAACTG,1
CTGAGGGATTCAAGTC,1
CTGAGGGATTCAATTC,1
CTGAGGGATTCATCTC,1
CTGAGGGATTCCACTC,1
CTGAGGGATTGAACTC,1
CTGAGGTATGATATGC,1
CTGATCCTAGATGGTA,1
CTGCAATTGAAACATA,1
CTGCACTTATCTGTGG,1
CTGCAGGCCTGGCCCC,1
CTGCGATTGTCCGGAA,1
CTGCTAGGGGACGATT,1
CTGCTCCTGAGTAGTA,1
CTGGAAGCCTGGCCCC,1
CTGGACTTGTCGATAT,1
CTGGAGACCTGGCCCC,1
CTGGAGGCCTAGCCCC,1
CTGGAGGCCTGCAAAT,1
CTGGAGGCCTGCCCCC,1
CTGGAGGCCTGGCTCC,1
CTGGAGGCCTGGGGCC,1
CTGGCCCACGGGCATA,1
CTGGGATTGGAGAAAC,1
CTGGGCTGCCAATAAG,1
CTGGTATCAAGCCGGG,1
CTGTACCGGCAGTTGA,1
CTGTACCTGCAGTGGA,1
CTGTAGCTGCAGTTGA,1
CTTAAAAGACTGTATA,1
CTTAAAATTATAGTCT,1
CTTAACTTATCTGCGG,1
CTTAATGTCGTAGGAT,1
CTTACAGAATACTACA,1
CTTACAGAATACTAGC,1
CTTACAGAATACTAGT,1
CTTACAGAATACTTGA,1
CTTACAGAGTTTGTTG,1
CTTACGTATGTCCCAG,1
CTTACGTATTACATGC,1
CTTACTGAGCGAGAGT,1
CTTACTGCGCGAAAGT,1
CTTACTGCTCGAGAGT,1
CTTAGGGATTAGATGC,1
CTTAGGTATGACATGC,1
CTTAGGTATTAAATGC,1
CTTAGGTATTACAAGC,1
CTTAGGTATTACACGC,1
CTTAGGTATTATACGC,1
CTTAGGTATTATAGGC,1
CTTAGGTATTATATCC,1
CTTAGGTATTATATGG,1
CTTAGGTATTGTATGC,1
CTTATAGAATACTAGA,1
CTTATGTATTATATGC,1
CTTCAAATTATAGTCT,1
CTTCACAGAACCTATC,1
CTTCAGCGTTGTTTTG,1
CTTCGGCTCTAGATTA,1
CTTCGGCTCTGGATTA,1
CTTCGGCTCTTCATTA,1
CTTCGGCTCTTGATTT,1
CTTGAAATGATAGTCT,1
CTTGAAATTATAGTCT,1
CTTGCTCCGACACGCC,1
CTTGGGCTCTTGATTA,1
CTTGGGTTAAGTGGTG,1
CTTGGGTTAAGTTGTG,1
CTTTAAACTATAGTCT,1
CTTTAAATCATAGTCT,1
CTTTAAATTAGAGTCT,1
CTTTAAATTATAATCT,1
CTTTAAATTATACTCT,1
CTTTAAATTATAGGCT,1
CTTTAAATTATAGTGT,1
CTTTAAATTATCGTCT,1
CTTTAAATTGTAGTCT,1
CTTTAACGGCCTATCC,1
CTTTACCTGCAGTTGA,1
CTTTCAGAATACTAGA,1
CTTTCTTAATCTACAG,1
CTTTGAGACGCGCAAG,1
CTTTTCGAGTACGCTT,1
CTTTTCTAATACGCTT,1
CTTTTCTAGAACGCTT,1
CTTTTCTAGCACGCTT,1
CTTTTCTAGTACGCAT,1
CTTTTCTAGTACGCTC,1
CTTTTCTAGTACGCTG,1
CTTTTCTAGTACGTTT,1
CTTTTCTAGTGCGCTT,1
CTTTTCTGATGAATTG,1
CTTTTGTAGTACGCTT,1
CTTTTTAACAGACGTA,1
CTTTTTCTATGGCTAC,1
GAAAAAACTATAACCA,1
GAAAAGCAGCACGATA,1
GAAAATCCCTATGATG,1
GAAAATCTACGGCGAC,1
GAAACAGTCCTAGCAA,1
GAAACTCCCTATGATG,1
GAAAGCAAAGTTGACC,1
GAAAGCCCAGTGCAAT,1
GAAAGCCCCGGGCAAT,1
GAAAGCCCCGTGAAAT,1
GAAAGCCCCGTTCAAT,1
GAAAGCCCCTATGATG,1
GAAAGCCCGGTGCAAT,1
GAAAGCCCTGTGCAAT,1
GAAAGCCGCGTGCAAT,1
GAAAGCCTCGTGCAAT,1
GAAAGCTGCAGAAGCG,1
GAAAGCTTCATGGAGT,1
GAAAGGCCCTATGATG,1
GAAAGTCCCAATGATG,1
GAAAGTCCCGAGGATG,1
GAAAGTCCCGTGCAAT,1
GAAAGTCCCTACGATG,1
GAAAGTCCCTATGATA,1
GAAAGTCCTTATGATG,1
GAAATACGCTGAATGA,1
GAAATCCACAAATAAC,1
GAAATCCCCAAATAAA,1
GAAATCCCCAAATAAT,1
GAAATCCCCAAATAGC,1
GAAATCCCCGAATAAC,1
GAAATCCCCGTGCAAT,1
GAAATCCCGAAATAAC,1
GAAATCCTCAAATAAC,1
GAAATCTCCGTGCAAT,1
GAAATCTGAACCATAC,1
GAACAATAGAACAGAG,1
GAACCCATAAGACCCC,1
GAACTTGGGGAGAGTC,1
GAAGAAACTACAACCA,1
GAAGAAACTATCGAAC,1
GAAGAAAGTATAACCA,1
GAAGAATGGAGGAGAG,1
GAAGATACTAGGACCA,1
GAAGCGCTGCTGAAGT,1
GAAGGAAGTGGAATGA,1
GAAGGACGCGGAATGA,1
GAAGGCGTTAGTGTCA,1
GAAGGGTAGAGATACG,1
GAAGGGTGGATTGGGT,1
GAAGTACCCTGAATGA,1
GAAGTACGATCTACGC,1
GAAGTACGCTGAAGGA,1
GAAGTACGCTGGATGA,1
GAAGTACGTATTGAGT,1
GAAGTAGCAGAGGATT,1
GAAGTCCACCATTGAG,1
GAAGTGCGGAGTGAGT,1
GAAGTGCGGCTGAAGT,1
GAAGTGCGTACTGAGT,1
GAAGTGCGTAGTGAGT,1
GAAGTGCGTATGGAGT,1
GAAGTGCGTATTAAGT,1
GAAGTGCGTATTGGGT,1
GAAGTGCGTTTTGAGT,1
GAAGTGCTGCATTAGG,1
GAAGTGCTGCTGAAAT,1
GAAGTGCTGCTGAATT,1
GAAGTGGAGCCCAACA,1
GAAGTTCGTATTGAGT,1
GAATAAAAGAACAGAG,1
GAATAAGCCAGCAAGA,1
GAATAATAAAACAGAG,1
GAATAATAGAACAAAG,1
GAATAATAGAACAGAT,1
GAATAATAGAACATGG,1
GAATAATAGAACCGAG,1
GAATAATAGGCGGCAT,1
GAATTCACAATATCCA,1
GACAAAAAGGACATAT,1
GACAAAACGGACATAT,1
GACAAAAGGCACATAT,1
GACAAAAGGGACAAAT,1
GACAAAAGGGACACAT,1
GACAAAAGGGACATGT,1
GACAAAAGGGACGTAT,1
GACAAAGAACCCATGC,1
GACAAGAGAGGGGTCC,1
GACACAAGGGACATAT,1
GACACAGAACCCATGT,1
GACCAATGTCATGTGA,1
GACCAATGTCATTTGA,1
GACCAGCGAGTGACCG,1
GACCATCAGCACCTAG,1
GACCCCATGTAAGATG,1
GACCCCGGAGCTTGGC,1
GACCCCGTGGAAGATG,1
GACCCCTTCTAAGATG,1
GACCCCTTGCAAGATG,1
GACCCCTTGTAAAATG,1
GACCCCTTGTAAGAAG,1
GACCCCTTGTAAGATC,1
GACCCCTTGTAAGTTG,1
GACCTAGGATCGCACT,1
GACGAAAGGGACATAG,1
GACGAGATGGGCACGT,1
GACGCATCCTGGAATG,1
GACGGGAATTGCCACT,1
GACGGGAGGGGCACGT,1
GACGGGATGGACACGT,1
GACGGGATGGGCAAGT,1
GACGGGATGGGCACGA,1
GACGGGATGGGCGCGT,1
GACGGGATGGGGACGT,1
GACGGGGTGGGCACGT,1
GACGTGATGGGCACGT,1
GAGAACCTAGTTGTCT,1
GAGAGCCCCGTGCAAT,1
GAGAGCGAGAAAAGCA,1
GAGAGCGGAAGAAGCG,1
GAGAGCTACGGAAGCG,1
GAGAGCTCCAGAAGCG,1
GAGAGCTGCAAAAGCG,1
GAGAGCTGCAGAAGCC,1
GAGAGCTGCAGATGCG,1
GAGAGCTGCCAATAAG,1
GAGAGCTGGAGAAGCG,1
GAGAGGAGTAACATAA,1
GAGAGGTAGAGATACG,1
GAGAGTGGAGGGGCGC,1
GAGATTGGGAACATAA,1
GAGATTGGTTGAAGTT,1
GAGCAGTGTCGGAAAG,1
GAGCCCAGCGGGTGAT,1
GAGCGCTGCAGAAGCG,1
GAGCTCGCTATGGATC,1
GAGCTGGCTATGGATC,1
GAGCTTACTATGGATC,1
GAGCTTCCTATGGATC,1
GAGCTTGCCATTGATC,1
GAGCTTGCGAGGGATC,1
GAGCTTGCGATGGATC,1
GAGCTTGCGATGTATC,1
GAGCTTGCTAGGGAGC,1
GAGCTTGCTATGGAAC,1
GAGCTTGCTATGGTTC,1
GAGCTTGCTTTGGATC,1
GAGCTTGGTATGGATC,1
GAGGAGATACGTCACC,1
GAGGGGAAGAGATACG,1
GAGGGGAATTGCCACT,1
GAGGGGATACGACACC,1
GAGGGGATACGCCACC,1
GAGGGGATACGTCACT,1
GAGGGGATACGTCAGC,1
GAGGGGATACGTCATC,1
GAGGGGATACGTCTCC,1
GAGGGGATACGTGACC,1
GAGGGGATACGTTACC,1
GAGGGGATAGGTCACC,1
GAGGGGATTGGCTGTT,1
GAGGGGTAGAACAGAG,1
GAGGGGTAGACATACG,1
GAGGGGTAGAGACACT,1
GAGGGGTAGAGATACC,1
GAGGGGTAGAGATATT,1
GAGGGGTAGAGATGTG,1
GAGGGGTAGATAGACG,1
GAGGGGTCGAGATACG,1
GAGGGGTGATGTGATT,1
GAGGGTATACGTCACC,1
GAGGTCCCTAGGTAAT,1
GAGTAAGGGAGGTGCG,1
GAGTCAGGTGGGAACT,1
GAGTTAAGAGAAAGTT,1
GATACTCACGGAGGAT,1
GATCACAAAGAAAAAG,1
GATCACCGAGTGACCG,1
GATCACGCAGAAAAAA,1
GATCACGCAGAAAGAG,1
GATCACGCAGGAAAAG,1
GATCACGGAGAAAAAG,1
GATCATGCAGAAAAAG,1
GATCCCCATCGACTTC,1
GATCCTGGGGAGAGTC,1
GATCGCAACTGATAAG,1
GATCGCCACTGATAAC,1
GATCGCCACTGATAAT,1
GATCGCCAGCGACGTC,1
GATCGCCATCAACTTC,1
GATCGCCATCCACTTC,1
GATCGCCATCGACATA,1
GATCGCCATCGACATC,1
GATCGCCATCGGCTTC,1
GATCGCGATCGACTTC,1
GATCGTCACTGATAAG,1
GATCGTGGGGAGAGTC,1
GATCTGGGGGAGAGGC,1
GATCTTAGGGAGAGTC,1
GATCTTCGGGAGAGTC,1
GATCTTGAGGAGAGTC,1
GATCTTGGAGAGAGTC,1
GATCTTGGCGAGAGTC,1
GATCTTGGGGAAAGTC,1
GATCTTGGGGATAGTC,1
GATCTTGGGGTGAGTC,1
GATCTTTGGGAGAGTC,1
GATGAAACAATCGAAC,1
GATGGGAATTGCCACT,1
GATGGGATACGTCACC,1
GATGTGGAGCCCAACA,1
GATGTTGGGGAGAGTC,1
GATTAAGATGCCCACC,1
GATTCAGACGCCCACC,1
GATTCAGATGCACACC,1
GATTCAGATGCCCACA,1
GATTCAGATGCCCACG,1
GATTCAGATGCCCCCC,1
GATTCAGATGGCCACC,1
GATTCAGATTCCCACC,1
GATTTAGATGCCCACC,1
GCAAACAATGTAGTTG,1
GCAAACAGAGTAGTTG,1
GCAAACAGTGGAGTTG,1
GCAAACAGTGTAGGTG,1
GCAAACAGTGTAGTTA,1
GCAAACAGTGTAGTTC,1
GCAAACAGTGTAGTTT,1
GCAACAAGGTGTAACC,1
GCAACACAAAAAATTA,1
GCAACAGTCATAGCAA,1
GCAACAGTCCTAGCAT,1
GCAACAGTCCTAGTAA,1
GCAACAGTCCTATCAA,1
GCAACATTCCTAGCAA,1
GCAACCAGGTGTAACC,1
GCAACGAGGCGTAACC,1
GCAACGAGGGGTAACC,1
GCAACGAGGTGTAAGC,1
GCAACGAGGTGTAATC,1
GCAACGAGTTGTAACC,1
GCAACTAGGTGTAACC,1
GCAAGGAGGTGTAACC,1
GCAATAGTCCTAGCAA,1
GCAATCGGGGGCTAAA,1
GCAATTCGCATGCGGA,1
GCACCGTGCCGGTCAT,1
GCAGATACTAGGACCA,1
GCAGCGTGCCGGCCAT,1
GCAGCGTGCCGGTAAT,1
GCAGCGTGCCGGTCAA,1
GCAGCGTGCCGGTCAC,1
GCAGCGTGCCTATCAT,1
GCAGCGTGCCTGTCAT,1
GCAGCGTTCCGGTCAT,1
GCAGGGGGGGACGAGA,1
GCAGTACGATCTATGC,1
GCATAGAACTAACTCC,1
GCATCCCCAACTCCTA,1
GCATCCTCAAATCCTA,1
GCATCCTCAACTACTA,1
GCATCCTCAACTCGTA,1
GCATCCTCAACTCTTA,1
GCATCGTGCCGGTCAT,1
GCATCTTCAACTCCTA,1
GCATGCGCGGCTCGGG,1
GCATGGAACTAACACC,1
GCATTCTCAACTCCTA,1
GCATTTGCGCGCAGTC,1
GCCAGATCGTATCCTT,1
GCCAGCGCGGGAAGAG,1
GCCAGCGCGTATCCCT,1
GCCAGCTCGTATCCGT,1
GCCAGCTCGTATCGCT,1
GCCAGCTGGTATCCCT,1
GCCAGCTTGTATCCCT,1
GCCAGTGACTGAAGGG,1
GCCATTGACGGAAGGG,1
GCCATTGACTGAAGGG,1
GCCATTTACCGAAGGG,1
GCCATTTACTGAAAGG,1
GCCATTTACTGAAGCG,1
GCCATTTACTGAGGGG,1
GCCATTTGCTGAAGGG,1
GCCCTTGCGCGCAGTC,1
GCCGCATCCTGGAATG,1
GCCGCTGCGGAGTGTG,1
GCCGCTGCGGCGCGTG,1
GCCGCTGCGGCGGGTG,1
GCCGCTGCGGCGTGCG,1
GCCGCTGCGGCGTGTA,1
GCCGCTGCGGCGTGTC,1
GCCGCTGCGGCGTGTT,1
GCCGGAGTTAGTGTCA,1
GCCGGCATTAGTGTCA,1
GCCGGCGTTAATGTCA,1
GCCGGCGTTAGGGTCA,1
GCCGGCGTTAGTGTAA,1
GCCGGCTTTAGTGTCA,1
GCCGGTGCGGCGTGTG,1
GCCGGTGTTAGTGTCA,1
GCCGTTGCGCGCAGTC,1
GCCTAAACGATCATGA,1
GCCTAAAGAATCATGA,1
GCCTAAAGGATAATGT,1
GCCTAAAGGATCAGGA,1
GCCTAAATGATCATGA,1
GCCTAACGGATCATGA,1
GCCTCTGCGGCGTGTG,1
GCCTGAAGGATCATGA,1
GCCTTGGCGCGCAGTC,1
GCCTTTACGCGCAGTC,1
GCCTTTGCGCGCAGCA,1
GCCTTTGCGCGCAGGC,1
GCCTTTGCGGGCAGTC,1
GCCTTTGGGCGCAGTC,1
GCCTTTTCGCTCAGTC,1
GCGAAGCTTCATAGCG,1
GCGAAGGTTCATAGCG,1
GCGAAGTGTCATAGCG,1
GCGAAGTTTCATAGCC,1
GCGAAGTTTGATAGCG,1
GCGACGAGGTGTAACC,1
GCGAGCGAGAAAAGCA,1
GCGGAGTTTCATAGCG,1
GCGGCGTGCCGGTCAT,1
GCGGGCGTTAGTGTCA,1
GCGTAAAGGATCATGA,1
GCGTAGTTTCATAGCG,1
GCGTCCTCAACTCCTA,1
GCTCTAGCTCGCTAAT,1
GCTCTGGCTCGCTAAT,1
GCTGCTCCGACACGCC,1
GCTGGATGAATGAGTC,1
GCTGGCGTTAGTGTCA,1
GCTTAAAGGATCATGA,1
GCTTGATGCATTCCCG,1
GGAAACACGTCCCAGT,1
GGAACCGCAGACACGT,1
GGAACGAGGTGTAACC,1
GGAAGCAAAGTTGACC,1
GGAAGCCCCGTGCAAT,1
GGAAGCTTCATGGAGT,1
GGAATCCCCAAATAAC,1
GGACAAACCGGCAAAT,1
GGACATGCAGGTGACG,1
GGACCATCGCACCCAA,1
GGAGATACTAGGACCA,1
GGAGCGTGCCGGTCAT,1
GGAGCTAAAAAGAGGA,1
GGATAACTTTGGAAGC,1
GGATGGAACTAACTCC,1
GGATGTATAGGATCGT,1
GGCAGCATTGGTCGCC,1
GGCAGTGGGATACATA,1
GGCATTTACTGAAGGG,1
GGCCCTGCAAGCCACT,1
GGCGGGGGGAGAGTCG,1
GGCGGTGGGTGGTCCG,1
GGCGGTGGTCGATCCG,1
GGCTAAGCGTGGGCGG,1
GGCTTTGCGCGCAGTC,1
GGGAAAGAGACTGGAG,1
GGGAATAGGCGTCACA,1
GGGACCCTAGATGGTA,1
GGGATGATGACTTCAT,1
GGGCCAGGGAATCAAA,1
GGGCGGGGATGTGAGT,1
GGGCTTGCTATGGATC,1
GGGGGATCGCGGAGGC,1
GGGGGCAAAGTTGACC,1
GGGGGCTGAACCATAC,1
GGGGGGGAGAGATACG,1
GGGGGGGAGAGGGACG,1
GGGGGGGATTGAAGTT,1
GGGGGGGGGCGGCCCC,1
GGGGGGGGTATGAAGA,1
GGGGGGGTTATGACAA,1
GGGGTAGCAAGCCGGG,1
GGGGTATAGGGCATTG,1
GGGTCAGCGATAACGG,1
GGGTGGACGGGCATGG,1
GGTACAGTGTAATCGA,1
GGTACGTATGTCCCAG,1
GGTAGATGGAACACGG,1
GGTCAAGGGAAGGGTG,1
GGTCAATCTCAGATAC,1
GGTCCAACTCAGATCG,1
GGTCCAAGGGACGGAC,1
GGTCCACCTCATATCG,1
GGTCCAGGGCAGATCG,1
GGTCCATCACAGATCG,1
GGTCCATCTCAAATCG,1
GGTCCATCTCAGAACG,1
GGTCCATCTCAGATAT,1
GGTCCATCTCAGCTCT,1
GGTCCATCTCAGTTCG,1
GGTCCATCTCCGATCG,1
GGTCCATGTCAGATCG,1
GGTCCGAATGGGGTAG,1
GGTCGATCTCAGATCG,1
GGTGAACTTTGGAAGC,1
GGTGACCCCCTCCAAC,1
GGTGTTGGCTTGGTTA,1
GGTTAAATTCGAGGAC,1
GGTTAAATTTGGAAGC,1
GGTTAACCTTGGAAGC,1
GGTTAACGTTGGAAGC,1
GGTTAACTTGGGAAGC,1
GGTTAACTTTGAAAGC,1
GGTTAACTTTGTAAGC,1
GGTTCCATAGGCATGG,1
GGTTGACTTTGGAAGC,1
GGTTGGGGTCGCCCGT,1
GTAACGTTTGTGCAAA,1
GTAAGCAAAGTTAACC,1
GTAAGCAAAGTTGAAC,1
GTAAGCAAAGTTGCCC,1
GTAAGCAACGTTGACC,1
GTAAGCTTCATGGAAT,1
GTAAGCTTCATGGAGC,1
GTAAGCTTCATGGATC,1
GTAAGGGATTCAACTC,1
GTAATCCCCAAATAAC,1
GTAATCCGCATGCGGA,1
GTAATGCGCATGCGGA,1
GTAATTAGCATGCGGA,1
GTAATTCGAATGCGGA,1
GTAATTCGCATGCAGA,1
GTAATTCGCATGCGCA,1
GTAATTCGCATGCGTA,1
GTAATTCGCATGCTGA,1
GTAATTCGTATGCGGA,1
GTAATTTGCATGCGGA,1
GTACAAACCTGCAACT,1
GTACAAACCTGCAATT,1
GTACAAACCTGCCAAT,1
GTACAAAGGATCATGA,1
GTACAATCCTGCAAAT,1
GTACATCCTAGTGACG,1
GTACCAAGTTCCTGTG,1
GTACCATCGCACCCAA,1
GTACCCAATTCCTGCG,1
GTACCCAGTGCCGGCG,1
GTACCCAGTTCCTGCC,1
GTACCCAGTTCCTGGG,1
GTACCCAGTTCGTGCG,1
GTACCCAGTTCTTGCG,1
GTACTAACCTGCAAAT,1
GTACTTTAAGTATCAA,1
GTAGAACCGCGGCCCC,1
GTAGAACTGCGACCAC,1
GTAGAACTGCGACCCC,1
GTAGAACTGCGGCCCG,1
GTAGAACTGCGGTCCT,1
GTAGAACTGCGTAGGC,1
GTAGAAGTGCGGCCCC,1
GTAGAATTGCGGCCCC,1
GTAGACACTAGGACCA,1
GTAGATACTAGGACGA,1
GTAGATACTAGGTCCA,1
GTAGATACTTGGACCA,1
GTAGATGCTAGGACCA,1
GTAGTACGCTGAATGA,1
GTAGTACTGCGGCCCC,1
GTAGTGCTGCTGAAGT,1
GTAGTTCGCATGCGGA,1
GTATAAACCGTTTGTA,1
GTATAAGCAGGTAAGG,1
GTATGAGTGGGGTTTA,1
GTATTTAACAGACGTA,1
GTCAAAAGGGACATAT,1
GTCAAATTACGGATGG,1
GTCAAGGTACGGATGG,1
GTCAAGTAAAGGATGG,1
GTCAAGTCACGGATGG,1
GTCAAGTTAAGGATAG,1
GTCAAGTTACAGATGG,1
GTCAAGTTACCGATGG,1
GTCAAGTTACGCATGG,1
GTCAAGTTACGGATGT,1
GTCAATGTCGTAGGAT,1
GTCATCAAGTTGGTGC,1
GTCCCCGCTAATCCGA,1
GTCCGATTGTCCGGAA,1
GTCCGATTTAAAGGCA,1
GTCCGTCAGAATAAAC,1
GTCCGTCAGCATAAAT,1
GTCCGTCAGGATAAAC,1
GTCGAATCCTGGAATG,1
GTCGCATCCTGGAACG,1
GTCGCATCCTGGAACT,1
GTCGCCGCGAATCCGA,1
GTCGCCGCTAACCCGA,1
GTCGCCGCTAAGCCGA,1
GTCGCCGCTAATCCGG,1
GTCGCCGCTAATGCGA,1
GTCGCCGCTAGTCCGA,1
GTCGCCGGTAATCCGA,1
GTCGCCGTTAATCCGA,1
GTCGCGTCCTGGAATG,1
GTCGCTGCGGCGTGTG,1
GTCGGCGCTAATCCGA,1
GTCGGCGTTAGTGTCA,1
GTCTGTCCAGACTCGT,1
GTGAAAAAATCATAAA,1
GTGAAAAAATGAGAAG,1
GTGAACTTGTCGATAT,1
GTGAGCGAGAAAAACA,1
GTGAGCGAGAAAAGCT,1
GTGAGCGAGAAAAGGA,1
GTGAGCGAGAAAAGTA,1
GTGAGCGAGAAGAGCA,1
GTGAGCGCGAAAAGCA,1
GTGATGAGGAAGGTGG,1
GTGATTATGACTTCAT,1
GTGATTCGCATGCGGA,1
GTGCAAGTGAAACATA,1
GTGCAATTGAAACATA,1
GTGCACCCTAGTGACG,1
GTGCATACTAGTGACG,1
GTGCATCCAAGTGACG,1
GTGCATCCCAGTGACG,1
GTGCATCCTAGTGACA,1
GTGCATCCTAGTGACT,1
GTGCATCCTAGTTACG,1
GTGCATCCTGGTGACG,1
GTGCATGCTAGTGACG,1
GTGCCATTGTCCGGAA,1
GTGCGAGCTTGCGAAT,1
GTGCGAGTGGCCGGAA,1
GTGCGATGGTCCGGAG,1
GTGCGATTCTCCGGAA,1
GTGCGATTGTCCCGAA,1
GTGCGATTGTCGGGAA,1
GTGCGGCTCTTGATTA,1
GTGCGTCAGCATAAAC,1
GTGCGTCCTAGTGACG,1
GTGGAACTGAGGCCCC,1
GTGGCCGCTAATCCGG,1
GTGGGAGCAGGCAGGG,1
GTGGGCACTAAATTAA,1
GTGGGGATACGTCACC,1
GTGGTATCAACCCGGG,1
GTGGTATCAAGCCGCG,1
GTGGTATGAAGCCGGG,1
GTGTACCTGCAGTTGA,1
GTTAGCGAGAAAAGCA,1
GTTATAATGACTTCAT,1
GTTATATCGAGATTCA,1
GTTATGATGACTGCAG,1
GTTATTATAACTTCAT,1
GTTATTATGACTTTAT,1
GTTATTATGGCTGCAT,1
GTTATTATGGCTTCAT,1
GTTCATCCTAGTGACG,1
GTTCCTCCGACACGCC,1
GTTCGCCATCGACTTC,1
GTTGAACTGCGGCCCC,1
GTTGATGGAAGAGGGA,1
GTTGCATCCTGGAATG,1
GTTGCCCCGACACGCC,1
GTTGCTCCGACAAGAC,1
GTTGCTCCGACACCCC,1
GTTGCTCCGACATGCC,1
GTTGCTCCGGCACGCC,1
GTTGCTCCGTCACGCC,1
GTTGCTCGGACACGCC,1
GTTGCTTCGACACGCC,1
GTTGGGTATTATATGC,1
GTTTAAATTCGAGGAC,1
TAAAAAACCTCCATGA,1
TAAAAAGACTCCATGA,1
TAAAAAGCCTCCATAC,1
TAAAAAGCCTCCATCA,1
TAAAAAGCCTCCATGT,1
TAAAAAGCCTCTATGA,1
TAAAAATGTCATTTGA,1
TAAAAGGCCTCCATGA,1
TAAACTCACGGAGGAT,1
TAAAGAGCCTCCATGA,1
TAACATTGTCGGAAAG,1
TAACCCATAAGACCCC,1
TAACGACTCGACTAAC,1
TAACGGGATTTCTCGA,1
TAACGTAATTTCTCGA,1
TAACGTCATTTCTCGA,1
TAACGTGATTTCACGA,1
TAACGTGATTTCGCGA,1
TAACGTGATTTTTCGA,1
TAACGTGGTTTCTCGA,1
TAAGAAGCCAGCAAGA,1
TAAGATAAACATTACT,1
TAAGGTGATTTCTCGA,1
TAAGTCGTATCCACAG,1
TAATAAGAAATACATA,1
TAATAAGCCACCAAGA,1
TAATAAGCCAGCAAAA,1
TAATAAGCCAGCAATA,1
TAATAAGCCAGCATGA,1
TAATAAGCCATCAAGA,1
TAATAAGCCGGCAAGA,1
TAATAGCAATAAAATC,1
TAATAGGCCAGCAAGA,1
TAATCTGTAGAGCGCT,1
TAATCTGTGACATTGC,1
TAATTCGCCGTTCCCC,1
TACAAGAGAGGGGTCA,1
TACAAGAGATGGGTCC,1
TACAAGCAATAAAATC,1
TACAATAGAGGGGTCC,1
TACAGACAATAAAAAA,1
TACAGACCGACGCAGT,1
TACATACCGACGCAGA,1
TACATACCGACGGAGT,1
TACATACCGACGTAGT,1
TACATACGGACGCAGT,1
TACATATCGACGCAGT,1
TACATGCTGCGGAACG,1
TACCAACGTCATTTGA,1
TACCAATGTCACTTGA,1
TACCAATGTCATATGA,1
TACCAATGTCATTTGC,1
TACCAATGTCATTTGT,1
TACCAATGTCGTTTGA,1
TACCAATGTGATTTGA,1
TACCAATGTTATTTGA,1
TACCAGCAATAAAATC,1
TACCATTGTCGGAAAG,1
TACCCAAGGGACGGAC,1
TACCCAGCAAGCCACT,1
TACCCTGCAAACCACC,1
TACCCTGCAAGAAACT,1
TACCCTGCAAGACAAT,1
TACCCTGCAAGCAACC,1
TACCCTGCAAGCCAGT,1
TACCCTGCAAGCCTCT,1
TACCGATAACCCTGCG,1
TACCTACGAGACGTAA,1
TACCTGATAGTAACTC,1
TACCTGCTCCGGAACG,1
TACCTGCTGCAGAACG,1
TACCTGCTGCAGATCG,1
TACCTGCTGCGGAATG,1
TACCTGCTGCGGCCCC,1
TACCTGCTGCGGGACG,1
TACCTTGCAAGCCACT,1
TACGGCCGGTGAACTC,1
TACGGGATGGGCACGT,1
TACTAACGCCGTTGTC,1
TACTAATACCGTTGTC,1
TACTAATCCCGTTGTC,1
TACTAATGCCGATGTC,1
TACTAATGCCGTTGTG,1
TACTAATGTCATTTGA,1
TACTAGCAATAAAATA,1
TACTAGCAATAAAGTC,1
TACTAGCAGTAAAATC,1
TACTAGCGATAAAATC,1
TACTATCAATAAAATC,1
TACTCCCAACTAGCGA,1
TACTGATAACCCAGCG,1
TACTGATAACCCTGCA,1
TACTGGCAATAAAATC,1
TACTGGTAACCCTGCG,1
TACTTCCCTGACTGCT,1
TAGAAAAAATCATAAA,1
TAGAGGGGAGGGGCGC,1
TAGAGTTAATATGAGC,1
TAGATAATATAGAGAC,1
TAGCATTCTCGGAAAG,1
TAGCATTGTCCGAAAG,1
TAGCATTGTCGAAAAG,1
TAGCATTGTCGCAAAG,1
TAGCATTGTCGGAACG,1
TAGCATTGTCGGAAGC,1
TAGCATTGTCGGATAG,1
TAGCATTGTCGGTAAG,1
TAGCATTTTCGGAAAG,1
TAGCCAAGGGACGGAC,1
TAGCGTGATTTCTCGA,1
TAGCTAATAGTAACTC,1
TAGCTCCTGAGTAGTA,1
TAGCTGACAGTAACTC,1
TAGCTGATAGTAACTG,1
TAGCTGATAGTAATTC,1
TAGCTGATAGTTACTC,1
TAGCTTATAGTAACTC,1
TAGGGCACTAAATTAA,1
TAGGGGATACGTCACC,1
TAGGTCCCTATGTAAT,1
TAGTAAGAGAAGTGCG,1
TAGTAATGCCGTTGTC,1
TAGTATTGTCGGAAAG,1
TAGTGATAACCCTGCG,1
TAGTTGATAGTAACTC,1
TATAAAAGACTGTATA,1
TATAAAGAGAAGTGCG,1
TATACAGAATACTAGA,1
TATACCCACGGAGGGT,1
TATACTCACCGAGGAT,1
TATACTCACGGAAGAT,1
TATACTCACGGAGAAT,1
TATACTCACGGAGGAA,1
TATACTCACGGAGGTT,1
TATACTCACGGTGGAT,1
TATACTCACGTAGGAT,1
TATACTCGCGGAGGAT,1
TATACTGACGGAGGAT,1
TATACTGCGCGAGAGT,1
TATACTTACGGAGGAT,1
TATATACCGACGCAGT,1
TATATTAGGAACATAA,1
TATATTAGTAAAATAA,1
TATATTAGTAACACAA,1
TATATTAGTAACATAG,1
TATATTAGTAAGATAA,1
TATATTAGTAATATAA,1
TATATTAGTAGCATAA,1
TATATTATTAACATAA,1
TATATTGGTAACATAA,1
TATCCAAGGGAAGGAC,1
TATCCAAGGGACAGAC,1
TATCCAAGGGACGGAA,1
TATCCAAGGGACGGAT,1
TATCCAAGTGACGGAC,1
TATCCACGGGACGGAC,1
TATCCATCTCAGATCG,1
TATCCGAGGGACGGAC,1
TATCCGGATAAAGTAG,1
TATCGCTGGCACCCGT,1
TATCGTGATACTCACA,1
TATCTGATAGTAACTC,1
TATCTGCTGCGGAACG,1
TATGATGTCAGATAAA,1
TATGCCGTATCCACAG,1
TATGGGAAGGGCCACT,1
TATGTCCTATCCACAG,1
TATGTCGGATCCACAG,1
TATGTCGTTTCCACAG,1
TATGTGAATTCGCCCA,1
TATGTGGTATCCACAG,1
TATGTTAGTAACATAA,1
TATTAACACCTGGGAA,1
TATTAAGACAAGTGCG,1
TATTAAGAGAACTGCG,1
TATTAAGAGAAGAGCG,1
TATTAAGAGAAGCGCG,1
TATTAAGAGAAGCGCT,1
TATTAAGAGAAGTATG,1
TATTAAGAGAAGTGCA,1
TATTAAGCCAGCAAGA,1
TATTAATACATGGGAA,1
TATTAATACCCGGGAA,1
TATTAATGCCGTTGTC,1
TATTACTAACTAGCGA,1
TATTATTAGGCGGCAA,1
TATTCAAGGGACGGAC,1
TATTCCTAAATAGCGA,1
TATTCCTAACGAGCGA,1
TATTCCTAACTACCGA,1
TATTCCTAACTAGAGA,1
TATTCCTAACTAGCAA,1
TATTCCTAACTAGTGA,1
TATTCCTAACTGGCGA,1
TATTCCTAGCTAGCGA,1
TATTCCTGACTAGCGA,1
TATTCGTGAGTACTAG,1
TATTGAACGTCATACC,1
TATTGATAACCCTGCG,1
TATTGTAATCTGAATA,1
TATTTAGAGAAGTGCG,1
TCAAACGGGGGCTAAA,1
TCAAAGTCTCGAGAAG,1
TCAACCGGGGGCTAAA,1
TCAAGACTCGACTAAC,1
TCAATCGGCGGCTAAA,1
TCAATCGGGAGCTAAA,1
TCAATCGGGGGCCAAA,1
TCAATCGGGGGCTATA,1
TCAATCGGTGGCTAAA,1
TCAATTACTAGCCGGA,1
TCACAACAATACAAAT,1
TCACGAATCGACTAAC,1
TCACGAATTTGATTCC,1
TCACGACGCGACTAAC,1
TCACGACTAGACTAAC,1
TCACGACTCAACTAAC,1
TCACGACTCGACCAAC,1
TCACGACTCGACTAGC,1
TCACGACTCGACTGAC,1
TCACGACTCGACTTAC,1
TCACTACTCGACTAAC,1
TCAGGACTCGACTAAC,1
TCAGGGGGGTACGAGA,1
TCAGGGGTGGACGAGA,1
TCAGTCCACCATTGAG,1
TCATAGTCCTCGTATG,1
TCATCGGTGTACGAGA,1
TCATGGGAGTACGAGA,1
TCATGGGTGTACGAGC,1
TCATGGGTGTACGATT,1
TCATGGGTGTACGTGA,1
TCCAACGAAGTAGGAG,1
TCCACACACCTAGCTA,1
TCCACACCCCTAGCCA,1
TCCACACCCCTAGCTG,1
TCCACACCCTTAGCTA,1
TCCACAGCCCTAGCTA,1
TCCACGTGGTTTGACA,1
TCCAGCCCGGTAAGAG,1
TCCAGCGCGCTAAGAG,1
TCCAGCGCGGTAAAAG,1
TCCAGCGCGGTATGAG,1
TCCAGGGCGGTAAGAG,1
TCCAGTTAATATGCGC,1
TCCATACCCCTAGCTA,1
TCCATTACTAGCCTGA,1
TCCCCGCGGTTTGACA,1
TCCCCGTGCTTTGACA,1
TCCCCGTGGTCTGACA,1
TCCCCGTGGTGTGACA,1
TCCCCGTGGTTTAACA,1
TCCCCGTGGTTTGACT,1
TCCCCGTGTTTTGACA,1
TCCCCTTGGTTTGACA,1
TCCGCACCCCTAGCTA,1
TCCGCTGCGGCGTGTG,1
TCCTAATGCCGTTGTC,1
TCCTGCGCGACTCGGG,1
TCGAAAAAATCATAAA,1
TCGAACGAAGTACTAG,1
TCGAACGAAGTAGAAG,1
TCGAACGAAGTAGGAC,1
TCGAACGAAGTAGGTG,1
TCGAACTCTCGCGGCA,1
TCGAATCGTCACCGAT,1
TCGAGTAAATATGCGC,1
TCGAGTTAAAATGCGC,1
TCGAGTTAAGAGGCGC,1
TCGAGTTAATATGGGC,1
TCGAGTTATTATGCGC,1
TCGATCGGGGGCTAAA,1
TCGATGGCTAGCCGGA,1
TCGATTACGAGCCGGA,1
TCGATTACTAACCGGA,1
TCGATTACTAGCCGGT,1
TCGATTACTAGCGGGA,1
TCGATTACTAGCTGGA,1
TCGATTTAATATGCGC,1
TCGCATTAGCGGGAGG,1
TCGCCCATTGGGAACT,1
TCGCTCCAACTAAAAA,1
TCGCTGCAACTAAAAA,1
TCGCTTCAACTAAAAT,1
TCGCTTCAACTAATAA,1
TCGCTTCAACTAGAAA,1
TCGCTTCAACTGAAAA,1
TCGCTTCAACTTAAAA,1
TCGCTTCAGCTAAAAA,1
TCGGACGAAGTAGGAG,1
TCGGAGGAAGGAGGAG,1
TCGGGAAACGATCCCC,1
TCGGGTTAATATGCGC,1
TCGTAGTCCTCGTATG,1
TCGTATGATTTTCGAG,1
TCGTCCACTGGGAACT,1
TCGTCCATTAAGATCA,1
TCGTCCATTGGGAAAT,1
TCGTCCATTTGGAACT,1
TCGTCCGCTTCATGCT,1
TCGTCCGGTGGGAACT,1
TCGTCCGTTGAGAACT,1
TCGTCCGTTGGGAAGC,1
TCGTCCGTTGGGAAGT,1
TCGTCGCACGACTGCT,1
TCGTCGTACTACTGCT,1
TCGTTACCACTGCATC,1
TCGTTCATTGGGAACT,1
TCGTTGCACTACGGCT,1
TCGTTGCACTACTGAT,1
TCGTTGCACTACTGCC,1
TCGTTTCACTACTGCT,1
TCTAACACTCGCGGCA,1
TCTAACGAAGTAGGAG,1
TCTAACTCGCGCGGCA,1
TCTAACTCTCGCGCCA,1
TCTAACTCTGGCGGCA,1
TCTAACTTATCTGTGG,1
TCTAATAGGCGTCACA,1
TCTACGAGGCTACGTA,1
TCTAGAAACGATCCCC,1
TCTAGACATAGCGATG,1
TCTAGCTCTCGCGGCA,1
TCTCAGCTCTTAGACG,1
TCTCAGCTCTTAGCCT,1
TCTCAGCTCTTATCCG,1
TCTCAGCTCTTGGCCG,1
TCTCAGTCCTCGTATG,1
TCTCGGCTCTTAGCCG,1
TCTGGAAACGACCCCC,1
TCTGGAAACGATCCTC,1
TCTGGAAACGATCTCC,1
TCTGGAAACGATGCCC,1
TCTGGAAACGATTCCC,1
TCTGGAAACGGTCCCC,1
TCTGGAAACTATCCCC,1
TCTGTAAACGATCCCC,1
TCTGTCTAGAAATTTT,1
TCTTACAGTGAACGAT,1
TCTTACTCCTCGTATG,1
TCTTAGAGTAAACGAT,1
TCTTAGAGTGAACGAG,1
TCTTAGAGTGAACGGT,1
TCTTAGAGTGACCGAT,1
TCTTAGAGTTAACGAT,1
TCTTAGATTGAACGAT,1
TCTTAGGCCGCGTATG,1
TCTTAGGCCTCGTATG,1
TCTTAGTCCTCGCATG,1
TCTTAGTCCTTGTATG,1
TCTTAGTCGTCGTATG,1
TCTTAGTGCTCGTATG,1
TCTTAGTTCTCGTATG,1
TCTTATAAGGCGGCAT,1
TCTTATCAGGCGGCAT,1
TCTTATGAGGCGGAAT,1
TCTTATTAAGCGGCAT,1
TCTTATTAGGCCGCAT,1
TCTTATTAGGCGCCAT,1
TCTTGACATACCGATG,1
TCTTGACATAGCCATG,1
TCTTGACATAGCGACG,1
TCTTGACATAGCGATC,1
TCTTGACATAGCGGTG,1
TCTTGACATAGGGATG,1
TCTTGACCACTGCATC,1
TCTTGAGATAGCGATG,1
TCTTTACCACAGCATC,1
TCTTTACCACTGAATC,1
TCTTTACCACTGCTTC,1
TCTTTACCACTGTATC,1
TCTTTACCATTGCATC,1
TGAAAACATTACAAAT,1
TGAACTTTTACATTTA,1
TGAATCGGGGGCTAAA,1
TGACAACAACACAAAT,1
TGACAACAGTACAAAT,1
TGACAACATTACAAAT,1
TGACGAATGGGATTCC,1
TGAGAACAATACAAAT,1
TGAGTACCCTTCAGCA,1
TGAGTCCATAGCTCCA,1
TGAGTGCATAGCGCCA,1
TGAGTTCACAGCTCCA,1
TGAGTTCATAACTCCA,1
TGAGTTCATAGCACCA,1
TGAGTTCATAGCTACA,1
TGAGTTCATAGGTCCA,1
TGAGTTCATATCTCCA,1
TGAGTTCATGGCTCCA,1
TGAGTTCGTAGCTCCA,1
TGAGTTTATAGCTCCA,1
TGATAAGCCAGCAAGA,1
TGATATGTGACATTGC,1
TGATCCGCTTCATGCT,1
TGATCGGTGACATTGC,1
TGATCTATGACATTGC,1
TGATCTCTTACATTTA,1
TGATCTGCGACATTGC,1
TGATCTGTAGGGCGCT,1
TGATCTGTGACAGTGC,1
TGATCTGTGACATAAC,1
TGATCTGTGACATGGC,1
TGATCTGTGACATTTC,1
TGATCTGTGGAGCGCT,1
TGATCTGTTACATTGC,1
TGATCTTTGACATTGC,1
TGATCTTTTAAATTTA,1
TGATCTTTTACACTTA,1
TGATCTTTTACATATA,1
TGATCTTTTACATCTA,1
TGATCTTTTACATGTA,1
TGATCTTTTACATTTT,1
TGATCTTTTACGTTTA,1
TGATCTTTTAGATTTA,1
TGATCTTTTATATTTA,1
TGATCTTTTCCATTTA,1
TGATTTCATAGCTCCA,1
TGCAAGAGAGGGGTCC,1
TGCAATGGTATACATA,1
TGCACTGGTATACATA,1
TGCAGAGGTATACATA,1
TGCAGTAGTATACATA,1
TGCAGTGATATACATA,1
TGCAGTGGTATACACA,1
TGCAGTGGTATACATG,1
TGCAGTGGTATATATA,1
TGCATACCGACGCAGT,1
TGCCCGGATAAAGTAG,1
TGCCGTGGTATACATA,1
TGCGACACCCTTACGG,1
TGCGAGTCCGGCGCGG,1
TGCGGCGGTCGATCCG,1
TGCGGTGATCGATCCG,1
TGCGGTGGTCAATCCG,1
TGCGGTGGTCCATCCG,1
TGCGGTGGTCGATCGG,1
TGCGGTGGTCGATTCG,1
TGCGGTGGTGGATCCG,1
TGCGTTGGTCTATCCG,1
TGCTATTCAGGCACGG,1
TGCTATTCCGAAGCGG,1
TGCTATTCCGCCGCGG,1
TGCTATTCCGGCGCCG,1
TGCTATTCCGGCGTCA,1
TGCTATTCCGGCTCGT,1
TGCTATTTCGGCGCGG,1
TGCTGAATTAAGTATG,1
TGCTGTCCAGACTCGT,1
TGGAAAAAATCAGAAA,1
TGGAACCGTCACCGAT,1
TGGAACCTCGTTGTCT,1
TGGAATCGTCACAGAG,1
TGGAATCGTCACCGCT,1
TGGAATCGTCACCGGT,1
TGGAATCGTCACTGAT,1
TGGAATCGTCAGCGAT,1
TGGAATCGTCATCGAT,1
TGGAATCGTGACCGAT,1
TGGAATGGTCACCGAT,1
TGGAATTGTCACCGAT,1
TGGACTATAGTTGGCA,1
TGGAGGGGAGGAGAGG,1
TGGAGTGGTATACATA,1
TGGAGTGGTGTTGGCG,1
TGGATTCGTCACCGAT,1
TGGCAACAATACAAAT,1
TGGCAATTGAAACATA,1
TGGCCCGCTTCATGCT,1
TGGCTGATAATAACTC,1
TGGGCCGCTTCATGCT,1
TGGGGCACGAAAGTAA,1
TGGGTAGCTGAAGGCG,1
TGGTCCGCTACATGCT,1
TGGTCCGCTTAATGCT,1
TGGTCCGCTTCATGCA,1
TGGTCCGCTTCATGCG,1
TGGTCCGCTTTATGCT,1
TGGTGCGCTTCATGCT,1
TGGTGGAAGTGGAAGG,1
TGGTTCAGACTCTTGC,1
TGTAAACATGCATTGG,1
TGTAAGAGGCGTCACA,1
TGTAATAGCCGTCACA,1
TGTAATAGGCCTCACA,1
TGTAATAGGCGTAATA,1
TGTAATAGGCGTTACA,1
TGTAATCGTCACCGAT,1
TGTAATTGGCGTCACA,1
TGTAGAGCCGAGAACA,1
TGTAGAGCGCCCTTAC,1
TGTAGAGTCAGTCTGA,1
TGTAGATCCAACACCA,1
TGTAGGTAGAACATAG,1
TGTATGTTGAGAGGCA,1
TGTATTAGGCGTCACA,1
TGTCAGCGGGGTTGTG,1
TGTCAGGATAAAGTAG,1
TGTCCGGAGAAAGGAG,1
TGTCCGGATAAAGTAT,1
TGTCCGGATAAAGTTG,1
TGTCCGGATAGAGTAG,1
TGTCCGGGTAAAGTAG,1
TGTCCGTATAAAGTAG,1
TGTCGTGATACTCACA,1
TGTCTGGATAAAGTAG,1
TGTGGAAACGATCCCC,1
TGTGGAACGCCCTTAC,1
TGTGGACCGCCCTTAC,1
TGTGGAGCCAGTATGA,1
TGTGGAGCGCCCTAAC,1
TGTGGAGCGCCCTTCC,1
TGTGGAGCGCCCTTTC,1
TGTGGAGCGCTCTTAC,1
TGTGGAGCGGCCTTAC,1
TGTGGAGCGTCCTTAC,1
TGTGGAGCTTCCTTAC,1
TGTGGGAATTGCCACT,1
TGTGGGAGGTGTTACG,1
TGTGTATCCGGCAGCA,1
TGTTATTCCGGCGCGG,1
TGTTCCGCTTCATTCT,1
TGTTGACCCAGTCTGA,1
TGTTGAGCCAATCTGA,1
TGTTGAGCCAGGCTGA,1
TGTTGAGCCAGTCTAA,1
TGTTGAGCCAGTCTCA,1
TGTTGAGCCAGTCTGC,1
TGTTGAGCCTGTCTGA,1
TGTTGATGCATTCCCG,1
TGTTGCAATCTGAATA,1
TGTTGGGCAAGTCGGG,1
TGTTGTAATCGGAATA,1
TGTTGTAATCTGAACA,1
TGTTGTAATCTGAATG,1
TGTTGTAATCTGAGTA,1
TGTTGTAATCTGTATA,1
TGTTGTAGTCTGAATA,1
TGTTGTAGTCTGAGTA,1
TGTTGTGATCTGAATA,1
TGTTGTGCCAGTCTGA,1
TGTTTTTATAACTTGC,1
TTAAAAAAATCATAAA,1
TTAATGTAGCAGCTCC,1
TTAATGTAGCCACTTC,1
TTAATGTAGCCGCTAC,1
TTAATGTAGCTGCTCC,1
TTAATGTAGGCGCTCC,1
TTAATGTATCCGCTCC,1
TTACAATTGAAACATA,1
TTACACGCATGTGCCA,1
TTACCAATTTGATTCC,1
TTACGAACTTGATTCC,1
TTACGAATATGATTCC,1
TTACGAATGTGATGCC,1
TTACGAATGTGATTCC,1
TTACGAATTTGATTGC,1
TTACGATTTTGATTCC,1
TTACGTGATTTCTCGA,1
TTAGAATCGCAAATTA,1
TTAGGCACTAAATTAA,1
TTAGTGTAGCCACTCC,1
TTATATGGAGAGCGCT,1
TTATCGGTAGAGCGCT,1
TTATCTCTAGAGCGCT,1
TTATCTGAAGAGCGCT,1
TTATCTGTAAAGCGCT,1
TTATCTGTAGACCGCT,1
TTATTTAACAGACGTA,1
TTCACAATCTGGTAAT,1
TTCATAAAGTTGGTGC,1
TTCATACCGACGCAGT,1
TTCATCAAGTCGGTGC,1
TTCATCAAGTTAGTGC,1
TTCATCAAGTTGGCGC,1
TTCATCAAGTTGGGGC,1
TTCATCAAGTTGGTTC,1
TTCATCAATTTGGTGC,1
TTCATGAAGTTGGTGC,1
TTCCAGCGTTGTTTTG,1
TTCCTCCTGAGTAGTA,1
TTCGACACCCTTCCGG,1
TTCTATCAGTCGCGCC,1
TTCTCTCCAGACTCGT,1
TTCTGGCCAGACGCGT,1
TTCTGGCCAGACTCGT,1
TTCTGTCCAGACCCGT,1
TTCTGTCCAGACTCCT,1
TTCTGTCCAGACTCGA,1
TTCTGTCCAGAGTCGT,1
TTCTGTGCAGACTCGT,1
TTGAAAAAACCATAAA,1
TTGAAAAAATCATAGA,1
TTGAAGAAATCATAAA,1
TTGACTAACCGAATAA,1
TTGACTCACCGAAAAA,1
TTGACTCACCGAATAC,1
TTGACTCACCGAATGA,1
TTGACTCACCGGATAA,1
TTGACTCACGGAATAA,1
TTGACTCATCGAATAA,1
TTGAGAAAATCATAAA,1
TTGAGCACTAAATTAA,1
TTGAGGAAAGGGAAGC,1
TTGAGTCACCGAATAA,1
TTGATTCACCGAATAA,1
TTGCAAGTGAAACATA,1
TTGCAATCGAAACATA,1
TTGCAATTAAAACATA,1
TTGCAATTGAAACATT,1
TTGCAATTGAAACGTA,1
TTGCAATTGAAACTTA,1
TTGCAATTGAAATATA,1
TTGCAATTGAAGCATA,1
TTGCAATTGGAACATA,1
TTGCACCTGAGTAGTA,1
TTGCAGCGTTGTGGGG,1
TTGCAGCGTTGTTTTG,1
TTGCAGTTGAAACATA,1
TTGCCCCTGAGTAGTA,1
TTGCGCACTAAATTAA,1
TTGCGGAACGGGAAGC,1
TTGCGTGATACTCACA,1
TTGCTCCTGAGAAGTA,1
TTGCTCCTGAGCAGTA,1
TTGCTCCTGAGTAGTC,1
TTGCTCCTGAGTTGTA,1
TTGCTCTTGAGTAGTA,1
TTGCTGATAGTAACTC,1
TTGCTTCAACTAAAAA,1
TTGGAAATGTAAATGA,1
TTGGATCAGTCGCGCC,1
TTGGCCCACGGGCATA,1
TTGGCGAACGGGAAGC,1
TTGGGATTGAAGGTGA,1
TTGGGCAACGGGAAGC,1
TTGGGCACCAAATTAA,1
TTGGGCACTAAATCAA,1
TTGGGCACTAAATTGA,1
TTGGGCACTAAGTTAA,1
TTGGGCATTAAATTAA,1
TTGGGGAAAGGGGAGC,1
TTGGGGAACCGGAAGC,1
TTGGGGAACGCGAAGC,1
TTGGGGAACGGGAACC,1
TTGGGGAACGGGAACT,1
TTGGGGAACGGGAATT,1
TTGGGGAACGGGATGC,1
TTGGGGAACGGGTAGC,1
TTGGGGACCGGGAAGC,1
TTGGGGAGCGGGAAGA,1
TTGGGGATACGTCACC,1
TTGGGGATTGGCTGTT,1
TTGGGGGATTCAACTC,1
TTGTAGCAGTCGCGCC,1
TTGTATCAATCGCGCC,1
TTGTATCAGACGCGCC,1
TTGTATCAGCCGCGCC,1
TTGTATCAGTAGCGCG,1
TTGTATCAGTAGCGTC,1
TTGTATCAGTAGCTCC,1
TTGTATCAGTCCCGCC,1
TTGTATCAGTCGCATC,1
TTGTATCAGTCGCCCC,1
TTGTATCAGTCGGGCC,1
TTGTATCAGTGGCGCC,1
TTGTATCCGTCGCGCC,1
TTGTCCGCTTCATGCT,1
TTTACTCACCGAATAA,1
TTTAGAGCGAGATTCA,1
TTTAGATCGAGATGCA,1
TTTAGGGCTACGTGAG,1
TTTATAGCGAGATTCA,1
TTTATATCCAACACCC,1
TTTATATCCAACAGCA,1
TTTATATCCAACTCCA,1
TTTATATCCAAGACCA,1
TTTATATCCAGATTCA,1
TTTATATCCCACACCA,1
TTTATATCCTACACCA,1
TTTATATCGAAATTCA,1
TTTATATCGAGATTCT,1
TTTATATCGTGATTCA,1
TTTATATGCAACACCA,1
TTTATGTTGGGTAAAA,1
TTTCACAGAACATATC,1
TTTCACAGAACCTAAC,1
TTTCACAGAACCTATT,1
TTTCACAGAAGCTATC,1
TTTCACAGAATCTATC,1
TTTCACAGGACCTATC,1
TTTCACCGTTGTTTTG,1
TTTCACTGAACCTATC,1
TTTCAGAGGGGTTGTG,1
TTTCAGCCTTGTTTTG,1
TTTCAGCGCTGTTTTG,1
TTTCAGCGTGGTGTTG,1
TTTCAGCGTTGGGTTG,1
TTTCATAGAACCTATC,1
TTTCATCTTTGTTTTG,1
TTTCATGATACTCACA,1
TTTCCAAGGGACGGAC,1
TTTCCTGATACTCACA,1
TTTCGCGATACTCACA,1
TTTCGTGAGACTCACA,1
TTTCGTGATACTTACA,1
TTTCGTGATAGTCACA,1
TTTCGTGTTACTCACA,1
TTTCTCAGAACCTATC,1
TTTCTTGATACTCACA,1
TTTCTTTATACTCACA,1
TTTGGAAACGATCCCC,1
TTTGGGAACGGTAAGC,1
TTTTAAATTCGAGGAC,1
TTTTAGCGTTGTTTTG,1
TTTTAGTCCTCGTATG,1
TTTTCAGCGATAACGG,1
TTTTGACATAGCGATG,1
TTTTGGAACGGGAAGC,1
TTTTGTAATCTGAATA,1
TTTTGTGATACTCACA,1
