barcode,count
GGTCCATCTCAGATCG,20736
TTGGGGAACAGGAAGC,2297
ACCGGAAGTTGCCAAG,2129
CTTAGGTATTACATGC,1519
CAGATAATATAGAGAC,1127
CCAAAAGCTTAACTTG,344
AACCTACTAGACGTAA,269
TTGTATCAGTAGCGCC,255
TAACGTGATTTCTCAA,192
TGTCCGAATAAAGTAG,136
GCGAAGTTTCATAACG,131
CTGAACTTATCTGTGA,123
CCCTTTACGTATCTCT,118
ACAGTCTGAACCATAC,68
TCATGGGTGTACTAGA,64
CATTTAGACGCGCAAG,57
TATGGAGCGCCCTTAC,56
TGCGGTGGCCGATCCG,55
GTGCATCCTAGTGATG,46
TGTGTACCCTTCAGCA,44
TTACGAATTTGACTCC,42
CTATATTGCCCTGAAG,41
TTGGGGAACGGGAAAC,40
TCGTTGCACTACTGCT,39
TAAAAAACCTCCATGA,38
AAGAAGCTAGAGAAGT,37
GACCACCGAGTGACCG,36
AGTATAGGGATATGTG,33
CTCCTAGTGGACGATT,33
GAAGTGCGTATCGAGT,33
GTACAAACCTACAAAT,32
GTACAAACCTGCAAAC,32
TTGTATAAGTCGCGCC,32
AAAGGCGCGTCTTCAA,30
CCAAGCTTGGCGCACC,29
TTGGGGAACGGGAAGT,29
TCAATCGGGGGCTACA,28
TGCAGTGGTGTACATA,28
AACCACCGAGTTACCG,27
GTAAAAACCTGCAAAT,25
ATGGGATTGTAGAAAC,24
CCTTGATGCATTCCCA,23
GACAAAGGGGACATAT,23
TCTGAAAACGATCCCC,23
CGGACCCTAGATGGCA,22
CTTAGGTATTATATAC,22
AACAGAAGTCCATGCA,21
GCAGTCCACCATTGAG,21
GTATGCAAAGTTGACC,21
TACTAAGAGAAGTGCG,21
TGGACCCTAGATGGTA,21
ACAGTCCACCATTGAA,20
ACCGAATGAATAATCC,20
AGCATCTAACAGACAG,20
CGTGTCCCCTTCAGCA,20
GCAATCTGAACCATAC,20
AACCACCGAGTGACCA,19
AGTGTACCCTTCAGCA,19
GTACCCAGTTCCTGTG,19
AACACGTAGAAACGCC,18
ACAGTACGACCTACGC,18
CATACAGTGTAATCGA,18
CCTGGGTTAAGTTGTA,18
GACACGTAGAACCGCC,18
GAGGGGTATAGATACG,18
GCATCCTCAACTCCCA,18
TCATCGCACTACTGCT,18
ACATGGAACTAACTCC,17
CCAACAAAAAAAATTA,17
GTACCCAGTTCCCGCG,17
GTAGAACTGTGGCCCC,17
TAACGTGATTTCCCGA,17
TCTTAGTCCTCGCATG,17
AAGTTAAGAGAAAGTC,16
CGTGTACCCTTCATCA,16
CGTTTACCCTTCAGCA,16
CTGGAGGCCTGGCCCA,16
GACAAAAGGTACATAT,16
GAGGGGTAGAGATACA,16
GCCACTGCGGCGTGTG,16
GCTGTCTAGAAATTTT,16
GGCATAGGGATATGTG,16
TTAGGGAACGGGAAGC,16
AACGACAAACAGGAAG,15
AAGATTAATTGAAGTT,15
ACACGGGTTGGCTGCA,15
CATGTACCCTTCAGCA,15
TAACATGATTTCTCGA,15
TCATGGGTGTACGAAA,15
TCGAGCGAAGTAGGAG,15
TTGTATCAGTCGCACC,15
AACACTTAGAACCGCC,14
AACCCTGCAAGCCACT,14
AACTTCCCTGACTGCC,14
AGAAAATCTCGGATAC,14
ATGGGATTGGGGAAAC,14
CCTTGATGCATTCCCT,14
CCTTGATGTATTCCCG,14
CGTGTACCCCTCAGCA,14
GAACCCATAAGACCCC,14
GTACAAACCTTCAAAT,14
TACCCCGCAAGCCACT,14
TCCAGCGAGGTAAGAG,14
TTACGAATTTGATTCT,14
AACCACCGAGTGGCCG,13
AACGGTTCCGACTAAA,13
AGGTTCAGACTCTTAC,13
ATATAAAAGACTTAGT,13
ATGGGGAACGGGAAGC,13
CAATTAGAAATACATG,13
CAGGCTCTAGAGCTCC,13
CCCTGCGCGGCTCTGG,13
CGTGTACCCTTAAGCA,13
CGTGTACCCTTCAACA,13
CGTGTACCCTTCAGTA,13
GACAAAATGGACATAT,13
GAGAGGTAGAGATACG,13
GATCGCCATTGACTTC,13
GCAGTACGATCTACGC,13
GCCTAAAGGATCATAA,13
GGTCCATCTCAGATAG,13
GTACAAACCTGCAGAT,13
GTACAACCCTGCAAAT,13
GTGGTATCAAGCCTGG,13
GTTAGATTATAACGTA,13
TCTTAATCCTCGTATG,13
TTGGGGAACGGGAAGA,13
AACACGTAGAACCACC,12
AACCACCTAGTGACCG,12
AACGGTTCCTACTAAG,12
ACATTTTCCAATGGGT,12
ACCAGCTCGTATCCCT,12
AGCATCTGACAGATAG,12
ATTCCGAATGGGGTAA,12
CCTTGATGCATTCCCC,12
CGGACACTAGATGGTA,12
CTCAATGCCGTAGGAT,12
CTTCGGCTCTTGATCA,12
CTTTGATGCATTCCCG,12
GAGAGCTACAGAAGCG,12
GAGGGGTAGAGATGCG,12
GATCGCCATCGACTCC,12
GCCGAATGAATCATCC,12
GGTCAATCTCAGATCG,12
GTACAAACCCGCAAAT,12
GTACAAACCTGAAAAT,12
GTACACAGTTCCTGCG,12
GTACCCAGTTCCTGCA,12
GTACCCAGTTCCTTCG,12
GTGGTATCACGCCGGG,12
GTTCTCGCAAATATTA,12
TGGAATCGTCACCTAT,12
TTATCTGTAGAGCGCC,12
TTGGGGAACGGGAATC,12
AACCACCGAGTAACCG,11
AAGTTAAGAGAAAGTA,11
ACCCCCTGAGCTTGGC,11
ACGTATGATTTTCGGG,11
AGCGTTGAATAGGCGA,11
AGGACCCTAGATGGTA,11
ATCAGGATAATCGCAC,11
ATGGGATTGGAGAAGC,11
CAATTAGAAATACGTA,11
CAGGATAAATCAGAAC,11
CATGGGTTAAGTTGTG,11
CATTGAGACGCTCAAG,11
CTCAAATGATTGGCGC,11
GCCAGCTCGTATCCCC,11
GGGGGGTAGAGATACG,11
GGTCACGCAGAAAAAG,11
GTACAAACCGGCAAAT,11
GTGCGATTGTCAGGAA,11
GTGGTATCAAGTCGGG,11
TCTTATTAGGCGTCAT,11
TGCGGTGGTCGATCCA,11
TTACAAACCTGCAAAT,11
TTACGAATTTTATTCC,11
TTATCTGTAGAGCACT,11
TTCTGTCCAGACTCAT,11
TTTCTCCTGAGTAGTA,11
AAAATGCTGCATTAGG,10
AAACACCGAGTGACCG,10
AACCACCGAGTGACTG,10
AACGGTTCCGACGAAG,10
AAGAGGACTTTGTGAT,10
AAGGGATTGGAGAAAC,10
AATCGCTGGCACCCTT,10
ACAAACAGTGTAGTTG,10
ACACGGATTGGCTGTA,10
ACACGGGTTGGATGTA,10
ACATCCATTAAGATCA,10
ACATGGGTTGGCTGTA,10
ACCAGCAATGAGTTAT,10
ACCCCCGGAGCTTGGT,10
AGCTCCTGGGGTATAA,10
ATTATCATATTTAATA,10
CCAAGCTTGGCGCAAC,10
CCCTGCGCGGCTCAGG,10
CCTTGATACATTCCCG,10
CGCACTTTACTAGACA,10
CGTGTACCCTTCAGAA,10
CTAGCACAGCGTAGAC,10
CTGGGCTGCCAATAAG,10
CTGGGGAACGGGAAGC,10
CTGTACCCGCAGTTGA,10
CTGTACCTGAAGTTGA,10
GACAGAAGTCCATGTA,10
GAGGGGGAGAGATACG,10
GAGGGGTAGAGATACT,10
GATCACGCAGAAAAGG,10
GTAAAACTGCGGCCCC,10
GTACAAAACTGCAAAT,10
GTACCCAGTTCCTACG,10
GTACCCAGTTCCTGAG,10
GTAGAACTGCGGCCCA,10
GTAGAACTGCGGCCCT,10
GTGAGCTAGAAAAGCA,10
GTGCAATTGTCCGGAA,10
GTGGGATTGGAGAAAC,10
GTTATCATATCTAATA,10
TACCCGGCAAGCCACT,10
TACCCTGCAAGCCACC,10
TAGCTGATAGTGACTC,10
TCGTCCGTTGGGAACC,10
TCTTATTAGGCGGTAT,10
TTGGGGAAAGGGAAGC,10
AAAAAATTCATGACAA,9
AAAGACAAACAGTAAG,9
AACCACCGAGTGACAG,9
AACGAATGAATCATCC,9
AACGACAAAAAGTAAG,9
AAGCGGTGATGTGACC,9
AAGGCTCTAGAGCTCT,9
AAGGGGTAGAGATACG,9
AATCGCTGGCACCCAC,9
ACACGGGTTGGCCGTA,9
ACTGGGTTAAGTTGTG,9
AGATCCCAGGTCCTCC,9
AGCATAGGGATATGCA,9
AGCATATGGATATGTG,9
AGCCCATACTGGGGAT,9
AGGAGTATGAAGAGCA,9
AGGCCCGTAAGGACCA,9
AGTAGTTTAGATAGTT,9
ATGCGATTGTCCGGAA,9
ATGTGATTGGAGAAAC,9
ATTAGGTATTATATGC,9
CAAATGCTACATTAGG,9
CAATTAGAAATAAATA,9
CAGAACCTCGTTGTCC,9
CATGTGGGGCCCAACA,9
CCCTGCGAGGCTCGGG,9
CCCTGCGCGGATCGGG,9
CCCTGCGCGGCTCGAG,9
CCCTGCGCGGCTCGGT,9
CCCTGCGCGGCTCGTG,9
CCCTGCGTGGCTCGGG,9
CCCTGCTCGGCTCGGG,9
CCGGATAAATAAGAAC,9
CCTGGGTTAAGTGGTG,9
CCTTGGTTAAGTTGTG,9
CGCGACACACTTCCGG,9
CGGACCCTAGATGGTG,9
CGTGTACCATTCAGCA,9
CGTTCAGCTATAACGG,9
CTGAGCTGCCAAGAAG,9
CTGAGCTGCCAATAAA,9
CTGAGGGACTCAACTC,9
CTGGGGGATTCAACTC,9
CTTAGGTATTATATGA,9
GAAGAAACCATAACCA,9
GAGGGGTAGAGATAAG,9
GAGGGGTAGAGATATG,9
GAGGGGTAGATATACG,9
GAGGGGTGGAGATACG,9
GCACAAACCTGCAAAT,9
GTACAAACATGCAAAT,9
GTACAAACCTGCAAGT,9
GTACCAAGTTCCTGCG,9
GTAGAACTGCGTCCCC,9
GTGAGAGAGAAAAGCA,9
GTGCGATTGTCCTGAA,9
TAAAAAGCCTCCATAA,9
TACCCTGCAAGACACT,9
TACTAATGCCGTTGCC,9
TACTGATAACCCTACG,9
TACTGATAACCCTGTG,9
TAGCATTGTCGGAAAA,9
TATGTGGAGCCCAACA,9
TCCAGTGCGGTAAGAG,9
TCTAACTCTCGGGGCA,9
TCTTATTAGGAGGCAT,9
TCTTGACATAGAGATG,9
TGACAACAGTACAAAT,9
TGTTGAGCCAGTCCGA,9
TGTTGAGCCAGTCTAA,9
TTATGAGGGCAGAACT,9
TTGTATCAGTCGCTCC,9
TTTCAGCGTTGTTTCG,9
AAAAAAATTATGACAA,8
AAACCCATAAGACCAC,8
AACCACCCCATAGATG,8
AATCGCTGACACCCGT,8
AATGAGACAATCGAAC,8
ACACGGGTTGACTGTA,8
ACATTCCACCATTGAG,8
ACCAGCAATGAGTTAC,8
ACCGAATGAATCATCA,8
ACGTATGATTTTCGAA,8
ACTACTAGGCTACGTA,8
AGAAAATCTCAGATAA,8
AGATCCCAGTTCCTTT,8
AGCGTAGGGATATGTG,8
AGGTTCGGACTCTTGC,8
ATAACGTTTGTGTAAA,8
ATAAGGATAATCGCGC,8
ATACACGAGGTTGTAA,8
ATAGGATATATGGATG,8
ATGGGATTGGAGGAAC,8
ATTACGAATGGGGTAG,8
ATTAGATTATAACGCA,8
CAAATGCTGCATTAAG,8
CAAATGCTTCATTAGG,8
CAAATTCTGCATTAGG,8
CAATTAGAAATACACA,8
CATGTGGAGACCAACA,8
CATTGATGCATTCCCG,8
CCCCGCGCGGCTCGGG,8
CCCTGAGCGGCTCGGG,8
CCTGGGTTAAGTTGCG,8
CCTGGTTTAAGTTGTG,8
CGCGACACCCTTCCGT,8
CGGACCCTAGATTGTA,8
CGGGAAATGTAAATGG,8
CGGTCTGGACTCATCT,8
CGTACCCTAGATGGTA,8
CGTGTAACCTTCAGCA,8
CTAATTTAAGTATCGA,8
CTACAAACCGTTTGTA,8
CTATATTGCACGGAAG,8
CTATTTAAAAGACGTA,8
CTCAAATAATTGGCAC,8
CTGAGCTTATCTGTGG,8
CTGGAGGCCTGTCCCC,8
CTGTACCTGCAGTTAA,8
CTTAGGCTCTTGATTA,8
GAAAGTCCCTATGGTG,8
GAATTAGAAATACATA,8
GAGGGGTAGAAATACG,8
GAGGGGTAGAGAGACG,8
GATCACCATCGACTTC,8
GCCCCCGGAGCTTGGC,8
GCGTATGATTTTCGAG,8
GGTCCGTCTCAGATCG,8
GGTTGGGGTCTCCCTT,8
GTAAGCAAAGTTGATC,8
GTACACGAGGTTGTGA,8
GTGAGTGAGAAAAGCA,8
GTGCGATTGCCCGGAA,8
GTTGATCCGACACGCC,8
TAAAGAGCCTCCATGA,8
TAACGTGATTCCTCGA,8
TAATTAGAAATACATA,8
TACCCTGAAAGCCACT,8
TACTGATAACCCCGCG,8
TAGCATTGTTGGAAAG,8
TATCCAAGGAACGGAC,8
TCATGGGTGTAAGAGA,8
TCATGGGTGTGCGAGA,8
TCGGATAAATCAGAAC,8
TCGGTTACTAGCCGGA,8
TGATCTTTTACATTCA,8
TGCATTGGTATACATA,8
TGCCCTGCAAGCCACT,8
TGTGAAGCGCCCTTAC,8
TTATCTGTAGAGAGCT,8
TTCATCAAGTTGGTGT,8
TTGAAAAAATCAGAAA,8
TTGCATCAGTCGCGCC,8
TTGGGGAATGGGAAGC,8
TTTCACGGAACCTATC,8
TTTCTTGATACTCACA,8
AAAGGCGCGCCTTCAC,7
AACAGAAGTCCAGGTA,7
AACATAAGTCCATGTA,7
AACCACCGAGTGACCT,7
AACCACCGAGTGTCCG,7
AACGACAAACAGTGAG,7
AAGAGGTGATGTGATT,7
AAGTTAGTATACCCAC,7
AATCGCTTGCACCCGT,7
AATTCGTGAATACTAG,7
ACAAGATTCGGGGAAC,7
ACAGTACGATCCACGC,7
ACAGTCCAACATTGAG,7
ACATTTCCCAATAGGT,7
ACCAGCGCGGTAAGAG,7
ACCCCGGGAGCTTGGC,7
ACCGAATGAATCATAC,7
ACGGGCATACAAAAAA,7
AGAATAGGGATATGTG,7
AGATCCCATGTCCTTT,7
AGCATAGGGATATGCG,7
AGCATAGGGATATGTA,7
AGGGAAATGTAAATGA,7
AGTGTTGAATAGGTGA,7
AGTTGGGGTCTCCCTC,7
ATAACGTTTGTACAAA,7
ATGGGATTGGAGAAAA,7
ATGGGATTGGATAAAC,7
ATTCCGAATGGTGTAG,7
ATTCTGAATGGGGTAG,7
CAAAGCTTGGCGCATC,7
CAAATGCTGCATTAGT,7
CAATTAGAAATGCATA,7
CAGGAAATGTAAATGA,7
CATGTGGAGCCAAACA,7
CATTGAGACGCGAAAG,7
CATTGAGGCGCGCAAG,7
CCCTGCGCGGCTAGGG,7
CCGGATAAATCAGAAA,7
CCTTGATGCATTACCG,7
CCTTGATGCATTCACG,7
CCTTGATGCATTCCAG,7
CCTTGATTCATTCCCG,7
CCTTTATGCATTCCCG,7
CGCGTACCCTTCAGCA,7
CGGACCCTAGATGTTA,7
CGGGAAATGGAAATGA,7
CGGGAAATGTAAATAA,7
CGTGGCCCCCTCCAAC,7
CGTGTACCCTCCAGCA,7
CGTGTACCCTTCAGCG,7
CGTTCATCGATAACGG,7
CTAATTTAAGTATAAA,7
CTATATTGCCCAGAAG,7
CTATATTTCCCGGAAG,7
CTATCTTAATCTACAA,7
CTGAACTTATATGTGG,7
CTGAACTTATCTTTGG,7
CTGACCCTAGATGGTA,7
CTGGAGGTCTGGCCCC,7
CTTAGGCATTATATGC,7
CTTAGGTATTACATGT,7
CTTAGGTATTATATGT,7
CTTAGTTATTATATGC,7
CTTTTCTAGTACTCTT,7
GAAGAAACTATAAACA,7
GAAGTACGCTGAATAA,7
GAATGGAACTAACTCC,7
GACCCCTTGTAAGACG,7
GACGGAATGGGCACGT,7
GAGAGCTGCAGAAGAG,7
GAGAGCTGCAGAAGCA,7
GAGAGCTGCAGAAGCT,7
GAGAGCTGCGGAAGCG,7
GAGGGGATACATCACC,7
GAGGGGCAGAGATACG,7
GATAGCCATCGACTTC,7
GCCAGCAATGAGTTGT,7
GCCTTTGCGCGCAGCC,7
GCGTCCATTAAGATCA,7
GGAAAATCTCAGATAC,7
GGGTTCAGACTCTTGC,7
GGTATTTGCGCTTCAA,7
GGTCCATCCCAGATCG,7
GGTTAACTTTGGAAGT,7
GGTTCAGCGATAACGG,7
GTAACCAGTTCCTGCG,7
GTACAAACCTGCGAAT,7
GTACCCAGTTCATGCG,7
GTACGATTGTCCGGAA,7
GTAGAACTGCTGCCCC,7
GTCACATCCTGGAATG,7
GTGCGATTGTACGGAA,7
GTGGTATCAAGACGGG,7
GTGGTATCAATCCGGG,7
GTGTGATTGTCCGGAA,7
TAAATGCTGCATTAGG,7
TAATGGGTGTACGAGA,7
TACCAATGTAATTTGA,7
TACCTGCTGCGGAGCG,7
TAGGGGTAGAGATACG,7
TATCACGCAGAAAAAG,7
TATTAAGAGAAGTGTG,7
TCATCCTCAACTCCTA,7
TCATGGTTGTACGAGA,7
TCCAGCGCGGTAAGTG,7
TCCATCGCGGTAAGAG,7
TCGAAAGAAGTAGGAG,7
TCGAACGAAGTAGGAA,7
TCGAACTAAGTAGGAG,7
TCGATTACTAGCTGGA,7
TCTAACTCTCGCGACA,7
TCTTATTAGGCGGAAT,7
TCTTGACATAGCTATG,7
TGAACCGCAGACACGT,7
TGGAATCGTCACCAAT,7
TGGAATCGTCACCGAC,7
TGGAATCGTCACTGAT,7
TGGGAAATGTAAATGA,7
TTACCCAGTTCCTGCG,7
TTACTAATTTGATTCC,7
TTAGAACTGCGGCCCC,7
TTATATCAGTCGCGCC,7
TTCTGTCCAGACTCGC,7
TTGGGGGACGGGAAGC,7
TTGTATTAGTCGCGCC,7
TTGTGGAACGGGAAGC,7
TTTATATCAAACACCA,7
TTTATATCCAAAACCA,7
TTTCACAGAACCTACC,7
TTTCAGCGTTGTCTTG,7
TTTCAGCGTTGTTTCA,7
AAAAAATTTATGAAAA,6
AAAACCATAAGACCCC,6
AAACCCATAATACCCC,6
AAAGTACGATCTACGC,6
AACACGCAGAACCGCC,6
AACAGAAGTCCATGTG,6
AACAGAAGTCCATTTA,6
AACAGCAATGAGTTGT,6
AACCGATTTAAAGGCA,6
AACGGTTCCGACCAAG,6
AACTTCCATCGCCTGA,6
AAGCATTGTCGGAAAG,6
AAGTTAAGAGAAACTT,6
AATCGCTGGAACCCGT,6
AATCGCTGGCACCCAT,6
AATGTCCCTATGTAAT,6
AATGTGAGCATGTCAA,6
AATGTTGGCTTGGTTA,6
ACAAGCTTGGCGCATC,6
ACACGGGTTGGCTATA,6
ACACGGGTTGGCTTTA,6
ACACTGGTTGGCTGTA,6
ACAGTCCACAATTGAG,6
ACCCACGGAGCTTGGC,6
ACCCCCGGAGCTTGAC,6
ACCCCCGTAGCTTGGC,6
ACGCAAATAAACCGAA,6
ACGGATAAATCAGAAC,6
ACGGTCCACCATTGAG,6
ACGTATTATTTTCGAG,6
ACGTGTCTCCGAGCAG,6
ACGTGTCTCCTAGCAA,6
AGAAAATTTATGACAA,6
AGATCCTGGGGTATCA,6
AGCATCTAACAGATAA,6
AGCATCTAACATATAG,6
AGGAAAGAAACTAGAG,6
AGGTCGGGACTCATCT,6
AGTACAGTGTAATCGA,6
AGTGTTGAAGAGGCGA,6
AGTGTTGAATAGGCAA,6
AGTTGGGGTCCCCCTT,6
ATAAACGAGGTTGTGA,6
ATAACGTTTGTGCAAG,6
ATACAAACCTGCAAAT,6
ATAGGATATATGTCTG,6
ATATTTAACAGACGTA,6
ATCAGGATAACCGCGC,6
ATCGGGATAATCGCGC,6
ATGGTATTGGAGAAAC,6
ATTTAAATTCGAGTAC,6
CAAATGCTGCATGAGG,6
CAAATGCTGCATTAAA,6
CAAATGCTGCATTGGG,6
CAACATCAGCACCTAG,6
CAATTGGAAATACATA,6
CACCATCAGCACCGAG,6
CACGGCCGGCGAACCC,6
CAGAACCTCGTTGTAT,6
CATACAGAGTTTGTCG,6
CATGGGAATTTCCACT,6
CATGTGGAGCCCAGCA,6
CATTGGAATTGCCACT,6
CCAACACAAAAAATCA,6
CCAAGCTTGGCTCATC,6
CCAAGCTTGGTGCATC,6
CCCTATGAAATAATCT,6
CCCTATTAAATAAGCT,6
CCCTGCGGGGCTCGGG,6
CCTGGGTTAAGTTGCA,6
CCTTAAATTATAGTCT,6
CCTTGATGCATTCCTG,6
CGAGACACCCTTCCGG,6
CGCGGCACCCTTCCGG,6
CGGACCCGAGATGGTA,6
CGGGAGCATACATAAC,6
CGGGGACAAGATTGCA,6
CGTACAGTGTAATCAA,6
CGTGTACACTTCAGCA,6
CGTGTACCCTTCACCA,6
CGTTCAGCGATAATGG,6
CTAGCACAGCGTAGTC,6
CTAGCACATCGTAGGC,6
CTATTTAACAGACGCA,6
CTCAATGTCGTAGGAC,6
CTGAACTTATCTGTAA,6
CTGAACTTGTTGATAT,6
CTGGAGGCCCGGCCCC,6
CTGGAGGCCTGGCACC,6
CTGTTTAACAGACGTA,6
CTTAGGTACTATATGC,6
CTTCGGATCTTGATTA,6
CTTTAAATTATAATCT,6
GAAAAACCGAGCGGTA,6
GAAAGCCCCTTGCAAT,6
GAAAGTCCCTATGACA,6
GAAGAAACTATAACCT,6
GAAGAAACTATAGCCA,6
GAAGTGCGTATTGAGC,6
GACAAAAGGGACATAC,6
GAGAGATGCAGAAGCG,6
GAGATCTGCAGAAGCG,6
GAGGGGGTACGTCACC,6
GAGGGGTAGGGATACG,6
GATCGCCATCGAATTC,6
GCAAAAAGTGTAGTTG,6
GCAAGCAGTGTAGTTG,6
GCACCCAGTTCCTGCG,6
GCATGGCACTAACTCC,6
GCATGGGACTAACTCC,6
GCCAACTCGTATCCCT,6
GCGAACGAAGTAGGAG,6
GCTAAGTTTCATAGCG,6
GGAGAAACTATAACCA,6
GGCATCTAACAGATAG,6
GGCCCATCTCAGATCG,6
GGCTCCTGGGGTATCA,6
GGTCCATCTCAGATCA,6
GGTCCATCTCGGATCG,6
GGTCCATCTCTGATCG,6
GTAAGAAAAGTTGACC,6
GTACCCAGTTCCTGCT,6
GTACCCATTTCCTGCG,6
GTAGAAATGCGGCCCC,6
GTAGAACTGAGGCCCC,6
GTCAAGTTATGGATGG,6
GTGAGATTGTCCGGAA,6
GTGCGATTGTCCGTAA,6
GTGCGATTGTCTGGAA,6
GTTGCTCCGACACACC,6
TAAAGTCCCTATGATG,6
TAACGTGATTTCTCTA,6
TAATAAGTCAGCAAGA,6
TACCCTGCAAGCCACA,6
TACTCTGCAAGCCACT,6
TAGCATTGTCGGAAGG,6
TATACTCACTGAGGAT,6
TATGTAGTATCCACAG,6
TCAATCGGGGGATAAA,6
TCATGGGTGTACGATA,6
TCCAGAGCGGTAAGAG,6
TCCAGCGCGTTAAGAG,6
TCCAGCTCGGTAAGAG,6
TCGTCCATTGGGAACT,6
TCGTCGCACTACTACT,6
TCGTCTGTTGGGAACT,6
TCTAACTCTCGCGGAA,6
TCTAACTCTCGCGTCA,6
TCTCAGCTCTCAGCCG,6
TCTGGGTTAAGTTGTG,6
TCTTAGTCCCCGTATG,6
TCTTAGTCCTCGTACG,6
TCTTATTAGGCGGCAC,6
TCTTGACATAGCGACA,6
TCTTTACCACTGCACC,6
TGACAACAATACAAAC,6
TGCTATTACGGCGCGG,6
TGCTATTCCGGCGCAA,6
TGGCTGATAGTAACTC,6
TGGGAACATACATAAC,6
TGGTCGGGACTCATCT,6
TGTAATAGGAGTCACA,6
TGTAATAGGCGTCACG,6
TGTTGATCCAGTCTGA,6
TTACGAATTTGATCCC,6
TTACTCCTGAGTAGTA,6
TTATCTGTAGAACGCT,6
TTCTGTTCAGACTCGT,6
TTGAACTTATCTGTGG,6
TTGGGGAACGGGGAGC,6
TTGGGGAACTGGAAGC,6
TTGTATCAGTCGCGCA,6
TTTATATCCAACACCT,6
TTTCACAGAACCGATC,6
AAAAAAGCCTCCATGA,5
AAAAAATTTAGGACAA,5
AAAAGATTCGGGGGAC,5
AAAGCTCTTTTCGTTA,5
AAAGGTTCCGACTAAG,5
AAAGTCCACCATTGAG,5
AAATACTTGAGTACTC,5
AACAGAAGTACATGTA,5
AACAGAAGTCAATGTA,5
AACATAGGGATATGTG,5
AACCCCCGAGTGACCG,5
AACGACAAACAGTAGG,5
AACGCGTAGAACCGCC,5
AACTACAAACAGTAAG,5
AAGAACCTCGTTGTCT,5
AAGAAGACTTTGTTAT,5
AAGAAGCTACAGAAGT,5
AAGCGGTGATGTTATT,5
AAGGGGACTCATAATG,5
AAGTGGTGATGTGATT,5
AATAGCTGGCACCCGT,5
AATCGATGGCACCCGT,5
AATCGCTGGTACCCGT,5
ACAAGATTCGGTGGAC,5
ACAAGGGTTGGCTGTA,5
ACAATCTGAACCATGC,5
ACAATCTTAACCATAC,5
ACAGTCAACCATTGAG,5
ACATATGATTTTCGAG,5
ACATCCTCAACTCCTA,5
ACCAACAATGAGTTGT,5
ACCAGCAATGGGTTGT,5
ACCAGCAATTAGTTGT,5
ACCATCAATGAGTTGT,5
ACCCCCGGAGATTGGC,5
ACCGAATTAATCATCC,5
ACCTAATGAATCATCC,5
ACGCAAATAGACCTAA,5
ACGTGTCTCCGAGAAA,5
ACTACGAGGATACGTA,5
ACTCCGAATGGGGTAG,5
ACTGAATGAATCATCC,5
AGATCACAGGTCCTTT,5
AGATGAATTAAGTATG,5
AGCATAGTGATATGTG,5
AGCATCTAACAGATAT,5
AGCATCTAACGGATAG,5
AGCGACACCCTTCCGG,5
AGCTGAATTAAGGATG,5
AGCTGGGGTCTCCCTT,5
AGGAAGACTTTGTGAT,5
AGGAGTATGGAGAGCG,5
AGGGGTATGAAGAGCG,5
AGTAAACATGTATTGG,5
AGTGTTGGATAGGCGA,5
AGTTGGGGTCTCCCCC,5
AGTTGGGGTCTCCCCT,5
AGTTTTTATAACTTGT,5
ATACACTAGGTTGTGA,5
ATACCCAGTTCCTGCG,5
ATAGGACATATGGCTG,5
ATATAAAAAAATTAGT,5
ATATATTGCCCGGAAG,5
ATGAACTTATCTGTGG,5
ATGAACTTGTCGATAT,5
ATGGAGGCCTGGCCCC,5
ATGGGATATATGGCTG,5
ATGGGATTGGAGAAAT,5
ATTAGGACTACGTGAG,5
ATTAGGGATACGTGAG,5
ATTAGGGCTACGGGAG,5
ATTCAGAATGGGGTAG,5
ATTCCGAATGGGGTGG,5
ATTCCGAATGGGTTAG,5
ATTCCTAATGGGGTAG,5
ATTCGGCTCTTGATTA,5
CAAAATCTAAGGCGAC,5
CAAATGATGCATTAGG,5
CAAGGGCTAATGTCTC,5
CACCATCGGCACCTAG,5
CACGACACCCTTCCGG,5
CACGGACGGCGAACTC,5
CACGGCCGGCAAACTC,5
CACGGGCTAATGTCCC,5
CAGAACCTCATTGTCT,5
CAGGCTATAGAGCTCT,5
CAGTTAGAAATACATA,5
CATGGGAATTGTCACT,5
CATTCAGCGATAACGG,5
CATTGAGACGCACAAG,5
CCAAGATTGGCGCATC,5
CCAATCTTGGCGCATC,5
CCCAGCGCGGTAAGAG,5
CCCTGCGCGGCTCCGG,5
CCTAGGTATTATATGC,5
CCTGATAAATCAGAAC,5
CCTGGGTTAAGTTGTT,5
CCTGGGTTGAGTTGTG,5
CCTTAGTCCTCATATG,5
CGAACCTCAGACACGT,5
CGCGACACCCTTCCTG,5
CGGAACCTCGTTGTCT,5
CGGGAACATACAGAAC,5
CGGGCCCTAGATGGTA,5
CGGTCGGGACTCATCC,5
CGTACAGTGTAATCGT,5
CGTGCACCCTTCAGCA,5
CGTGTACCCTTTAGCA,5
CGTGTACGATAGAAAG,5
CGTGTACTCTTCAGCA,5
CGTTCAGCGATAAAGG,5
CGTTCAGCGATAACGT,5
CGTTCGGGACTCATCT,5
CTAATGTAGCCGCTCC,5
CTAATTTAATTATCAA,5
CTAGCACAGCATAGGC,5
CTAGCACAGCGTAGGT,5
CTAGCACAGCGTATGC,5
CTAGCACAGCTTAGGC,5
CTATATTGCCAGGAAG,5
CTATATTGCCCGGAAA,5
CTATATTGCCCGGAAT,5
CTATATTGCCCGTAAG,5
CTATCTTAATCTACGG,5
CTCAATGTCTTAGGAT,5
CTCAGTGTCGTAGGAT,5
CTCCTCCTCTAAAGTT,5
CTGAACTCATCTGTGG,5
CTGAGCTACCAATAAG,5
CTGAGGGATTCAACCC,5
CTGGAGGCCTTGCCCC,5
CTGGGGGCCTGGCCCC,5
CTTGGGTATTATATGC,5
CTTGTACCCTTCAGCA,5
CTTTACCTGCAGTTGA,5
GAAAACAGTGTAGTTG,5
GAAAGTCCCCATGATG,5
GAAGAAAATATAACCA,5
GAAGAAACTATAACCG,5
GAAGAGACTATAACCA,5
GAAGTGCATATTGAGT,5
GAAGTGCGTATTGAAC,5
GAAGTGCGTATTGGGT,5
GAAGTGTGTATTGAGT,5
GAAGTTCGTATTGAGT,5
GAATAATAGAACAGGG,5
GACAGCTCGTATCCCT,5
GACCCCCTGTAAGATG,5
GACCGTACCGCGTTTA,5
GAGAGCTGCAGAAGTG,5
GAGCTTGATATGGATC,5
GAGGGGATGCGTCACC,5
GAGGGGTAGAGATAGG,5
GAGGGTTAGAGATACG,5
GAGGTGTAGAGATACG,5
GATCGCCATCGACATC,5
GATCTCCATCGACTTC,5
GCAAACAGTGTATTTG,5
GCAACTAGGTGTAACC,5
GCACGGGTTGGCTGTA,5
GCATGGAACTAACTCA,5
GCCAAGTTACGGATGG,5
GCCAGATCGTATCCCT,5
GCGAAGTTTCATAGCA,5
GCGAAGTTTCATATCG,5
GGCTGAATTAAGTATG,5
GGGAGTATGAAGAGCG,5
GGTACATCTCAGATCG,5
GGTCCACCTCAGATCG,5
GGTGTACCCTTCAGCA,5
GGTTAACTTTGGAAAC,5
GTAAGCAAAGTTGAAC,5
GTAAGCAAAGTTGGCC,5
GTACAAGCCTGCAAAT,5
GTAGAACTACGGCCCC,5
GTAGAACTGCGGACCC,5
GTAGAACTGCGGCACC,5
GTAGAACTTCGGCCCC,5
GTCAAGCTACGGATGG,5
GTCGCATCATGGAATG,5
GTGAGCGAGAAAAGAA,5
GTGAGCGAGAGAAGCA,5
GTGATCGAGAAAAGCA,5
GTGCCCAGTTCCTGCG,5
GTGCGATTGTCCGGGA,5
GTGCTATTGTCCGGAA,5
GTGGTATCAAGCCGAA,5
GTGGTATCAAGCCGTG,5
GTGTATCCTAGTGACG,5
GTTACTCCGACACGCC,5
GTTATTATGACTTCAC,5
GTTCCGAATGGGGTAG,5
GTTCGATTGTCCGGAA,5
GTTGCTCCGACACTCC,5
TAAAAAGCCTCCATTA,5
TAACGTGACTTCTCGA,5
TAAGATAAACATTACT,5
TAATAAGCCAGCAAAA,5
TACAGCGCGGTAAGAG,5
TACATACCGACGTAGT,5
TACCAATGTCATTTTA,5
TACCATGCAAGCCACT,5
TACCCTGCAAACCACT,5
TACTAGCAATAAAACC,5
TATACTCACGGAGGAC,5
TATACTCACGGATGAT,5
TATCCAATGGACGGAC,5
TATGTCGTATCCACAA,5
TATGTCTTATCCACAG,5
TATTAAGAGAAGGGCG,5
TATTAAGAGAAGTGCA,5
TCAAGCTTGGCGCATC,5
TCACGGGTGTACGAGA,5
TCATGGAACTAACTCC,5
TCATTGGTGTACGAGA,5
TCCAACGCGGTAAGAG,5
TCCAGCGCAGTAAGAG,5
TCCAGCGCGGTAAGGG,5
TCCAGCTCGTATCCCT,5
TCCATTTACTGAAGGG,5
TCGAGTTAATATGCAC,5
TCGAGTTAATATGCTC,5
TCGATTACTAGCCGGG,5
TCGTAGCACTACTGCT,5
TCGTCCGTTGGGGACT,5
TCGTCCTTTGGGAACT,5
TCGTCGAACTACTGCT,5
TCTAGCGCGGTAAGAG,5
TCTTAGTCCTCGGATG,5
TCTTAGTCCTCGTATT,5
TCTTAGTCCTCTTATG,5
TCTTATTAGGCGACAT,5
TCTTGAAATAGCGATG,5
TCTTGATGCATTCCCG,5
TCTTTACCACTGCATT,5
TCTTTACCACTTCATC,5
TGAAAACAATACAAAT,5
TGAAGTGGTATACATA,5
TGACGTGATTTCTCGA,5
TGCAGTGGTATACACA,5
TGCTATTCCGGCGAGG,5
TGGGGACAAGATTGTA,5
TGTGACCCCCTCCAAC,5
TTATATGTAGAGCGCT,5
TTATCTGTAGGGCGCT,5
TTCATATCCAACACCA,5
TTCTATTCCGGCGCGG,5
TTCTGTCCAGACGCGT,5
TTCTGTCCAGACTCTT,5
TTCTGTCCATACTCGT,5
TTGCGAATTTGATTCC,5
TTGGACACTAAATTAA,5
TTGGGCATTAAATTAA,5
TTGGGGAACGGGAGGC,5
TTGGTGAACGGGAAGC,5
TTTAGTGATACTCACA,5
TTTATATACAACACCA,5
TTTATATAGAGATTCA,5
TTTATATCCAACACCG,5
TTTATATCGAGATTAA,5
TTTATATTCAACACCA,5
TTTCGGCTCTTGATTA,5
TTTTCTGTAGAGCGCT,5
AAAAAATTTATGGCAA,4
AAACCCATAAGACCCA,4
AAACCCATAAGACTCC,4
AAACCCATGAGACCCC,4
AAAGCTCTTGTCGTTC,4
AAAGCTCTTTTCGCTC,4
AAAGGCGCGCCTTAAA,4
AACACGTATAACCGCC,4
AACAGAATTCCATGTA,4
AACCACAGAGTGACCG,4
AACCACCAAGTGACCG,4
AACCACCGATTGACCG,4
AACGACAAACAGTAAA,4
AACGACAAACATTAAG,4
AACGGAAGTCCATGTA,4
AACGGCTCCGACTAAG,4
AACTCCCGTCGCCTGA,4
AAGATAGTGATGAACA,4
AAGCAGTGATGTGATT,4
AAGCGGCGATGTGATT,4
AAGCGGTGAGGTGATT,4
AAGCGGTGATGTGGTT,4
AAGCGGTGGTGTGATT,4
AAGGTCCCCATGTAAT,4
AAGGTCCCTATGGAAT,4
AAGGTCCCTATGTAAC,4
AAGGTCCCTATGTAGT,4
AAGTATGATTTTCGAG,4
AAGTGTCTCCGAGCAA,4
AATCGCTGGCACACGT,4
AATCGCTGTCACCCGT,4
AATCGGTGATGTGATT,4
AATGCGAACATGTCAA,4
AATGCGAGCATATCAA,4
AATGCGAGCATGGCAA,4
AATGTCTAGAAATTTT,4
AATGTGGAGCCCAACA,4
AATTGAGACGCGCAAG,4
ACAAAGTATCGAGAAG,4
ACAAAGTCTCGAGAAA,4
ACAATATGAACCATAC,4
ACAATCTGAACCATAT,4
ACACGGGTTGGCGGTA,4
ACAGAATGAATCATCC,4
ACAGTCCACCATGGAG,4
ACAGTCCACCATTGGG,4
ACAGTCTACCATTGAG,4
ACATTTTCCAATAGGC,4
ACATTTTCCGATAGGT,4
ACCAGAAATGAGTTGT,4
ACCAGCAATGAGTTGC,4
ACCAGGATAATCGCGC,4
ACCCCCGGAGCTCGGC,4
ACCCCCGGAGCTTGTC,4
ACCGAATGAATCATCT,4
ACCGAATGAGTCATCC,4
ACCTGCGCGGCTCGGG,4
ACCTTTGTACACACCA,4
ACGAAAATAGACCGAA,4
ACGGGGATTGGCTTTT,4
ACGTACATTAAGATCA,4
ACGTATGATTCTCGAG,4
ACGTATGATTTTCTAG,4
ACGTATGATTTTTGAG,4
ACTCTGGCTCGCTAAC,4
ACTGTCTAGAAATTCT,4
ACTTTCTAGAAATTTT,4
AGAAAATCCCAGATAC,4
AGAAAATCTAAGATAC,4
AGACCATCGCACCCGA,4
AGATCCCAGGTACTTT,4
AGATCCCAGGTCCTCT,4
AGATCCCGGGTCCTTT,4
AGCATAGGGATACGTG,4
AGCATAGGGATATTTG,4
AGCATAGGGATGTGTG,4
AGCATATAACAGATAG,4
AGCATCTAAAAGATAG,4
AGCATCTAACAGAGAG,4
AGCTCCTGGGGTATCT,4
AGCTCCTGTGGTATCA,4
AGCTGAATTAAGTACA,4
AGGAAAGAAACTGGGG,4
AGGACTATAGTTGGTA,4
AGGAGTATGAGGAGCG,4
AGGCCCGTAAGGACTG,4
AGGCTCAGACTCTTGC,4
AGGGGACAAGATTGTA,4
AGGTTAAGACTCTTGC,4
AGGTTCAGACTCTCGC,4
AGTATTTGTGCTTCAA,4
AGTCCATCTCAGATCG,4
AGTCGTTTAGATAGCC,4
AGTCTTTTAGATAGTT,4
AGTGACCCCCTCCAAC,4
AGTGTTGAATAGGAGA,4
AGTGTTGAATAGGGGA,4
AGTTGGTGTCTCCCTT,4
AGTTGTGGTCTCCCTT,4
AGTTTCAGACTCTTGC,4
ATAACGTTTGTTCAAA,4
ATACACACATGTGCCA,4
ATACACGCATGTACCA,4
ATACACGCATGTGCAA,4
ATAGGATATATGACTG,4
ATAGGATATATGGCCG,4
ATATCCCAGGTCCTTT,4
ATGAGCTGCCAATAAG,4
ATGGGATCGGAGAAAC,4
ATTATAATATCTAATA,4
ATTATATCCAACACCA,4
ATTATATTATAACGTA,4
ATTATCATATATAATA,4
ATTATCATATCTAACA,4
ATTCCGAATGGGGGAG,4
ATTCCGAATTGGGTAG,4
ATTGGATTGGAGAAAC,4
ATTTAAATTCAAGGAC,4
ATTTAAATTCGATGAC,4
ATTTACTCATTATACA,4
CAAAAACATTACAAAT,4
CAAATGCCGCATTAGG,4
CAAATGCTGAATTAGG,4
CAAGGCCGGCGAACTC,4
CAATTAGAAGTACATA,4
CAATTATAAATACATA,4
CACCTAGGATCGCACC,4
CACGGCCGGCTAACTC,4
CAGAACCTCGTTTTCT,4
CAGGCCCTAGAGCTCT,4
CATGGGAATTGCTACT,4
CATGTGGATCCCAACA,4
CATTGAGAAGCGCAAG,4
CATTGAGACACGCAAG,4
CATTGAGACTCGCAAG,4
CATTGGGACGCGCAAG,4
CCAAGCTTGTCGCATC,4
CCAGATAAATCAGAAC,4
CCCAATGTCGTAGGAT,4
CCCTACGCGGCTCGGG,4
CCCTATGGAATAAGCT,4
CCCTGATGCATTCCCG,4
CCCTGCGCGGCCCGGG,4
CCCTGCGCGGCTCGCG,4
CCCTGTGCGGCTCGGG,4
CCCTTCGCGGCTCGGG,4
CCGGGTAAATCAGAAC,4
CCGTACCTGCAGTTGA,4
CCTGGGTGAAGTTGTG,4
CCTTGACGCATTCCCG,4
CGAAAACATTACAAAC,4
CGCGACACCCTTCCAG,4
CGCGACACCCTTCCGA,4
CGCTACACCCTTCCGG,4
CGGACCCTAGATGGTT,4
CGGACCCTATATGGTA,4
CGGACCCTGGATGGTA,4
CGGTCGGGACTCATAT,4
CGGTCGGTACTCATCT,4
CGTACAGTATAATCGA,4
CGTACAGTGTAAGCGA,4
CGTACAGTTTAATCGA,4
CGTCCAGCGATAACGG,4
CGTTCAGCAATAACGG,4
CGTTCGGCGATAACGG,4
CTAATTTAAGTATCAT,4
CTATATTGACCGGAAG,4
CTATATTGTCCGGAAG,4
CTATTTAACATACGTA,4
CTATTTAACGGACGTA,4
CTCAGGTATTATATGC,4
CTGAAATTATCTGTGG,4
CTGAACTTATCTGTGT,4
CTGAGCCGCCAATAAG,4
CTGAGGGATTAAACTC,4
CTGAGGTATTCAACTC,4
CTGGAGGACTGGCCCC,4
CTGGATAAATCAGAAC,4
CTGGATGCCTGGCCCC,4
CTGTAAATTATAGTCT,4
CTGTATCAGTCGCGCC,4
CTGTCGGGACTCATCT,4
CTTACAGAATACGAGA,4
CTTAGGTATTACATCC,4
CTTAGGTATTATGTGC,4
CTTCAGCGTTGTTTTG,4
CTTCGGCTCGTGATTA,4
CTTCGTCTCTTGATTA,4
CTTCTGCTCTTGATTA,4
GAAAGCCCAGTGCAAT,4
GAAAGCCCCATGCAAT,4
GAAAGCCCCGTACAAT,4
GAAATACGCTGAATGA,4
GAAATCACCAAATAAC,4
GAAATCCCCGTGCAAT,4
GAAGAAACTATAACAA,4
GAAGTGCGTGTTGAGT,4
GACAAAAGGGGCATAT,4
GACGGGATGGGCAAGT,4
GAGAGCTGAAGAAGCG,4
GAGAGCTTCAGAAGCG,4
GAGCGGTGATGTGATT,4
GAGGGGATACGTAACC,4
GAGGGGATGGGCACGT,4
GAGGTGCGTATTGAGT,4
GATCAAGCAGAAAAAG,4
GATCACGCAGAAAAAA,4
GATCCATCTCAGATCG,4
GATCTTGGGGAGAGCC,4
GATCTTGGGGAGAGTA,4
GATCTTGGGGAGAGTT,4
GATCTTGGGGAGATTC,4
GATGGGTAGAGATACG,4
GATTCAGATGCCAACC,4
GCAGAACTGCGGCCCC,4
GCAGCATGCCGGTCAT,4
GCAGCGTGTCGGTCAT,4
GCATGGAACTAAATCC,4
GCATGGAACTAACCCC,4
GCCAGCTCGCATCCCT,4
GCCATTTACTTAAGGG,4
GCCGATTCACGAATAA,4
GCCTAAAGGATCGTGA,4
GCGAAGTTTCATAGCT,4
GCGAAGTTTCATGGCG,4
GGGACTATAGTTGGCA,4
GGTCCATCTAAGATCG,4
GGTCCATCTCAGATCT,4
GTAAACAGTGTAGTTG,4
GTAAGCAAAGTTGACA,4
GTACAAATCTGCAAAT,4
GTACAGACCTGCAAAT,4
GTACCCAGTTTCTGCG,4
GTACCCGGTTCCTGCG,4
GTACGAACCTGCAAAT,4
GTACGAATTTGATTCC,4
GTAGAACTGCAGCCCC,4
GTAGAACTGCGACCCC,4
GTAGAACTGCGGCCAC,4
GTAGGACTGCGGCCCC,4
GTAGGATATATGGCTG,4
GTATAAACCTGCAAAT,4
GTCAAGTTACGGATAA,4
GTCAAGTTACGGGTGG,4
GTCAATTTACGGATGG,4
GTCGCATCCTTGAATG,4
GTCGCCACTAATCCGA,4
GTCGCCGCTAATCCAA,4
GTGAGCGGGAAAAGCA,4
GTGAGCTGCCAATAAG,4
GTGCAAACCTGCAAAT,4
GTGCGATTATCCGGAA,4
GTGCGATTGTTCGGAA,4
GTGCGGTTGTCCGGAA,4
GTGGGGAACGGGAAGC,4
GTGGTATCGAGCCGGG,4
GTGTTATCAAGCCGGG,4
GTTAGGGCTACGTGAG,4
GTTGCTCCGACACGCA,4
GTTGCTCCGACACGCT,4
TAAAAAGCTTCCATGA,4
TAAAAATCCTCCATGA,4
TAATAATCCAGCAAGA,4
TACCAATTTCATTTGA,4
TACCCCTTGTAAGATG,4
TACCCTGCAAGCAACT,4
TACCCTGCAATCCACT,4
TACCCTGTAAGCCACT,4
TACCTGCTGCAGAACG,4
TACCTGCTGCGGAAAG,4
TACCTGCTGCGGAACA,4
TACCTGCTGTGGAACG,4
TACTAATGCCGTTGTA,4
TACTAATGCTGTTGTC,4
TACTAATGTCGTTGTC,4
TACTAGATGTACAGTC,4
TACTAGCAATAACATC,4
TACTGATAACACTGCG,4
TACTGATAACCATGCG,4
TACTTATAACCCTGCG,4
TAGAACCTCGTTGTCT,4
TAGAACGAAGTAGGAG,4
TAGATGATAGTAACTC,4
TAGCATTGTAGGAAAG,4
TAGCTGATAGTAACCC,4
TAGCTTATAGTAACTC,4
TATACTCAAGGAGGAT,4
TATGTCATATCCACAG,4
TATGTCGTATCCACGG,4
TATGTTGTATCCACAG,4
TATTAAGAGAAGTGAG,4
TATTAAGCCAGCAAGA,4
TATTTCGTATCCACAG,4
TCAAACAGTGTAGTTG,4
TCAATCGGTGGCTAAA,4
TCACGAATTTGATTCC,4
TCACTTCAACTAAAAA,4
TCATGGGTGTACGAGT,4
TCATGGGTGTATGAGA,4
TCCACACCCCTAGCCA,4
TCCAGCGCTGTAAGAG,4
TCCCGCGCGGTAAGAG,4
TCCTTTACGGATCTCT,4
TCGATTACTAGCCGAA,4
TCGATTACTAGCCTGA,4
TCGCCTCAACTAAAAA,4
TCGCTTCAATTAAAAA,4
TCGTACGTTGGGAACT,4
TCGTCCGTTTGGAACT,4
TCGTCGCACTACTGCC,4
TCGTCGCACTACTTCT,4
TCTAACTCTCGCAGCA,4
TCTCTTCAACTAAAAA,4
TCTTAGAGTGAAAGAT,4
TCTTAGTCCTCATATG,4
TCTTAGTCCTCGTACA,4
TCTTATTAGGCAGCAT,4
TCTTATTGGGCGGCAT,4
TCTTCGCACTACTGCT,4
TCTTTACAACTGCATC,4
TCTTTACCACTGCATA,4
TGACAACAAGACAAAT,4
TGACAACAATACAGAT,4
TGACCTTTTACATTTA,4
TGATGAGCCAGTCTGA,4
TGCAGTGTTATACATA,4
TGCGACACCCTTCCGG,4
TGCGGTGGTCGATCCT,4
TGCTATTCCGGCTCGG,4
TGCTATTCCGTCGCGG,4
TGGAATTGTCACCGAT,4
TGGAGTATGAAGAGCG,4
TGGCCAGGGAATCAAA,4
TGTAATAAGCGTCACA,4
TGTAATAGGTGTCACA,4
TGTCCATCTCAGATCG,4
TGTGGATCGCCCTTAC,4
TGTTGAGCCGGTCTGA,4
TTAATGTAGCCGCCCC,4
TTAATGTAGCCTCTCC,4
TTACCTGTAGAGCGCT,4
TTACGAATCTGATTCC,4
TTACGAATTTGAGTCC,4
TTACGAATTTGATTAC,4
TTACGAATTTGATTCA,4
TTATCTTTTACATTTA,4
TTCATCAAGTTGGTAC,4
TTCGGTGGTCGATCCG,4
TTCTGCCCAGACTCGT,4
TTCTGTACAGACTCGT,4
TTCTGTCAAGACTCGT,4
TTCTGTCCAGACTCAC,4
TTCTTTCCAGACTCGT,4
TTGACTCACTGAATAA,4
TTGAGCTGCCAATAAG,4
TTGCTCCTGAGTAGTG,4
TTGGAGAACGGGAAGC,4
TTGGGAAACGGGAAGC,4
TTGGGGAACGAGAAGC,4
TTGGGGAACGGAAAGC,4
TTGGGGAACGTGAAGC,4
TTGTACCTGCAGTTGA,4
TTGTATCAGCCGCGCC,4
TTGTATCAGTCGCGAC,4
TTGTATCAGTTGCGCC,4
TTTACATCCAACACCA,4
TTTATATCCAATACCA,4
TTTATATCCGACACCA,4
TTTATATCGAGAGTCA,4
TTTCAGCGTCGTTTTG,4
TTTCAGCGTTGTGTTG,4
TTTCAGCTTTGTTTTG,4
TTTGGGAACGGGAAGC,4
TTTTATCAGTCGCGCC,4
AAAAAATGTATGACAA,3
AAAAAATTTGTGACAA,3
AAAACGTAGAACCGCC,3
AAACACATAAGACCCC,3
AAACCCACAAGACCCC,3
AAACCCAGAAGACCCC,3
AAACCCATAAGACACC,3
AAACGGGTTGGCTGTA,3
AAAGGCGCGCCTTCGA,3
AAAGGCGCTCCTTCAA,3
AAATTCACAATATACA,3
AACAACAAACAGTAAG,3
AACAACCGAGTGACCG,3
AACACGTAGAACAGCC,3
AACACGTAGAACCTCC,3
AACAGAAGCCCATGTA,3
AACAGAAGTCCATATA,3
AACATACGAGACGTAA,3
AACCCCGGAGCTTGGC,3
AACCGCCGAGTGACCG,3
AACCGTACCTCGTTTA,3
AACCTAAGAGACGTAA,3
AACCTATGAGACGTAA,3
AACGACAAACGGTAAG,3
AACGATTCACGAATAA,3
AACGGCAAACAGTAAG,3
AACGGTTACGACTAAG,3
AACGGTTCCGAATAAG,3
AACGGTTCCGACTAAT,3
AACGGTTCCGACTGAG,3
AACGGTTCTGACTAAG,3
AACTGCGTTCATCGAC,3
AACTGTTCCGACTAAG,3
AACTTCCCTGACTGAT,3
AAGAAATTTATGACAA,3
AAGAAGACTTTTTGAT,3
AAGAGCTGCAGAAGCG,3
AAGCGGTGATGTGACT,3
AAGCGGTGATGTGATC,3
AAGGGGCCCCATAATG,3
AAGGTCACTATGTAAT,3
AAGTCAAGAGAAAGTT,3
AAGTTAAGGGAAAGTT,3
AAGTTAATAGAAAGTT,3
AAGTTAGTAGACACAC,3
AATACAGAGTTTGTTG,3
AATCACCGAGTGACCG,3
AATCGCTGGCACCAGT,3
AATCGCTGGCACCCGC,3
AATCGCTGGCACCCGG,3
AATCTCTGGCACCCGT,3
AATGAAAAAATCGAAC,3
AATGAAACAATCGAAA,3
AATGAAACAATCTAAC,3
AATGAGAGCATGTCAA,3
AATGCGAGTATGTCAA,3
AATTAAACAATCGAAC,3
AATTCGTGAGTACTGG,3
AATTGGGGTCTCCCTT,3
ACAAAGTCCCGAGAAG,3
ACAAGATTCGGGGTAC,3
ACAATCTGAACAATAC,3
ACAATCTGAATCATAC,3
ACACGGGGTGGCTGTA,3
ACACGGGTTTGCTGTA,3
ACAGATTCACGAATAA,3
ACAGTAAGATCTACGC,3
ACAGTACGATCTACAC,3
ACAGTCCACCATTGAT,3
ACAGTCCACCATTTAG,3
ACAGTCCGCCATTGAG,3
ACCAGCAATGAGTGGT,3
ACCAGCAGTGAGTTGT,3
ACCCCCGGAGCTTGGA,3
ACCGAATGAATCGTCC,3
ACCGAATGGATCATCC,3
ACCGATTTACGAATAA,3
ACCGGATGAATCATCC,3
ACCGGCAATGAGTTGT,3
ACCGTTGTGCACACCA,3
ACGAACGAAGTAGGAG,3
ACGCAAATAGAACGAA,3
ACGCCCATTAAGATCA,3
ACGGGGATTGACTGTT,3
ACGGGGATTGGCTGTC,3
ACGGGGATTGTCTGTT,3
ACGTATGATCTTCGAG,3
ACGTATGATTGTCGAG,3
ACGTATGATTTTAGAG,3
ACGTATGATTTTCGAT,3
ACGTATGGTTTTCGAG,3
ACGTCCATTAAGATCT,3
ACGTCCATTGAGATCA,3
ACGTGGATTGGCTGTT,3
ACGTGTATCCGAGCAA,3
ACGTGTCTCCGATCAA,3
ACTACGAGGCTAAGTA,3
ACTACGAGGCTACGCA,3
ACTACGAGGCTACGTT,3
ACTACGAGGCTACTTA,3
ACTAGCAATGAGTTGT,3
ACTCGGGTTGGCTGTA,3
ACTCTGACTCGCTAAT,3
ACTCTGGCTCGCCAAT,3
ACTGTCCAGAAATTTT,3
ACTGTCTAGAAATCTT,3
ACTGTCTAGAAATTCC,3
ACTGTCTATAAATTTT,3
ACTTAAATTCGAGGAC,3
ACTTCCATTAAGATCA,3
ACTTGATGCATTCCCG,3
AGAAAATATCAGATAC,3
AGAAAATCTCAGATGC,3
AGAAAATTTCAGATAC,3
AGATCCAAGGTCCTTT,3
AGATCCACCATATAGT,3
AGATCCCAGGTCCTTA,3
AGCAAACATGCATTGG,3
AGCAACATCGCCCTTT,3
AGCATAGGGATAGGTG,3
AGCATAGGGATATGAG,3
AGCATAGGGATATGGG,3
AGCCACCGAGTGACCG,3
AGCCGTTTAGATAGTT,3
AGCTCATGGGGTATCA,3
AGCTCCTTGGGTATCA,3
AGCTGAATTAATTATG,3
AGCTTCCCTGACTGCT,3
AGGAAAGAAAATGGAG,3
AGGAAAGAAACTGGAA,3
AGGAAAGAAACTTGAG,3
AGGAAAGAGACTGGAG,3
AGGAAGCTATAGAAGT,3
AGGAATCGTCACCGAT,3
AGGACTATAGTTGACA,3
AGGACTATAGTTGGCT,3
AGGACTGTAGTTGGCA,3
AGGAGGATGAAGAGCG,3
AGGAGTATGAAGAGTG,3
AGGCCCTTAAGGACTA,3
AGGGAACATACATAAC,3
AGGGAAGAAACTGGAG,3
AGGGGATTGGAGAAAC,3
AGGGGGCCTCATAATG,3
AGGTTCAGACTCTTGA,3
AGGTTCAGACTCTTGT,3
AGTATCTAACAGATAG,3
AGTATTTGCGATTCAA,3
AGTATTTGCGCTTCAG,3
AGTATTTTCGCTTCAA,3
AGTCGCTTAGATAGTT,3
AGTCGTTTAGATGGTT,3
AGTCGTTTAGGTAGTT,3
AGTCGTTTGGATAGTT,3
AGTGAAACAATCGAAC,3
AGTGCTGAATAGGCGA,3
AGTGTAGGGATATGTG,3
AGTGTTAAATAGGCGA,3
AGTGTTGAGTAGGCGA,3
AGTGTTGGCTTTGTTA,3
AGTTACATAGGCATGG,3
AGTTCAGCGATAACGG,3
AGTTCCACCCTATAGT,3
AGTTCGTGAGTACTAG,3
AGTTGAGCCAGTCTGA,3
AGTTGGAGTCTCCCTT,3
AGTTTGGGTCTCCCTT,3
ATAAACGCATGTGCCA,3
ATAAATGAGGGCATTG,3
ATAACGTTTGCGCAAA,3
ATAACGTTTGTGCAAT,3
ATAACTGATGGCATTG,3
ATAAGCAAAGTTGACC,3
ATAATGTTTGTGCAAA,3
ATAATTTAAGTATCAA,3
ATACACAAGGTTGTGA,3
ATACACGATGTTGTGA,3
ATACACGCATGTTCCA,3
ATACACGCATTTGCCA,3
ATAGCCCACGGGCATA,3
ATAGGATATATGGCCA,3
ATATAAAAAACTTAAT,3
ATATAAATTCGAGGAC,3
ATATCTTAATCTACAG,3
ATCAGGATAATCGCGA,3
ATCATCTAACAGATAG,3
ATCCCATGCTGGGGAT,3
ATCGAATGAATCATCC,3
ATGAGCGAGAAAAGCA,3
ATGGCACACGGGCATA,3
ATGGCCCACGGGAATA,3
ATGGCCCACTGGCATA,3
ATGGGATTGGACAAAC,3
ATGGTTTTACGTACAT,3
ATGGTTTTACTTCCAT,3
ATTACGAGGCTACGTA,3
ATTAGATTATAACATA,3
ATTAGATTGTAACGTA,3
ATTAGGGCTAAGTGAG,3
ATTAGGGCTACGTTAG,3
ATTATCATATCTGATA,3
ATTATCATCTCTAATA,3
ATTCCAAATGGGGTAG,3
ATTCCGAATGTGGTAG,3
ATTCCGGATGGGGTAG,3
ATTCGTTTAGATAGTT,3
ATTTGAATTCGAGGAC,3
ATTTTTCTATGGCTAT,3
CAAAAAGCCTCCATGA,3
CAAAATCTACGGAGAC,3
CAAATGCTGCATCAGG,3
CAAATGCTGCATTATG,3
CAAATGCTGTATTAGG,3
CAAATGTTGCATTAGG,3
CAATGAGAAATACATA,3
CAATTAGAAATACCTA,3
CAATTAGGAATACATA,3
CAATTCGACGTTCCCC,3
CACCATCATCACCTAG,3
CACCGCGCTGAGCACC,3
CACCTAGGATCACACT,3
CACCTAGGATCGCAAT,3
CACCTAGGATCTCACT,3
CACGACCGGCGAACTC,3
CACGGCCGGTGAACTC,3
CACTATGAAATAAGCT,3
CAGAACCTCTTTGTCT,3
CAGACCCTAGATGGTA,3
CAGACTCTAGAGCTCT,3
CAGATAGTGATAAACA,3
CAGATAGTGATGAGCA,3
CAGGCTCTAGAGCTCA,3
CAGGCTCTAGATCTCT,3
CATACAGAGTTTTTTG,3
CATGGGAATTACCACT,3
CATGGGAATTGCAACT,3
CATGGGAATTGCCAAT,3
CATGGGAATTGCCACC,3
CATTGAGACGCCCAAG,3
CATTGAGACGCGCAAA,3
CATTGAGACGCGCGAG,3
CATTGAGACGTGCAAG,3
CATTTCCGATGAATTG,3
CATTTCTTATGAATTG,3
CCAACACAAAAAAGTA,3
CCAACGCAAAAAATTA,3
CCAAGCTTGGAGCATC,3
CCAAGCTTGGCGCATA,3
CCATGGGTGTACGAGA,3
CCCCATGAAATAAGCT,3
CCCTATGAAATAAGTT,3
CCCTGCGCGGCTCGGA,3
CCCTTTACGGATCTCC,3
CCGGATAAACCAGAAC,3
CCGGATAAATCAGAGC,3
CCGGATAAATCGGAAC,3
CCGTATAAATCAGAAC,3
CCTGGCTTAAGTTGTG,3
CCTGGGTTAAGGTGTG,3
CCTTATGAAATAAGCT,3
CCTTGATGCATCCCCG,3
CCTTGATGCATTGCCG,3
CCTTGGTGCATTCCCG,3
CGAAACACGTCCCACT,3
CGAAATCTACGGCGAC,3
CGAACCGCAGACACAT,3
CGAACTTTACGAGACA,3
CGACTCCACGGACGGC,3
CGCAACACCCTTCCGG,3
CGCGAAACCCTTCCGG,3
CGCGACACCCTTCCAA,3
CGGACAGGGAATCAAA,3
CGGACCCTAAATGGTA,3
CGGACCCTAGATGGGA,3
CGGACTCTAGATGGTA,3
CGGAGACAAGATTGTA,3
CGGGAAATTTAAATGA,3
CGGGAATCTCCCACAC,3
CGGGGACAAGATGGTA,3
CGGGGACAGGATTGTA,3
CGGTAAATGTAAATGA,3
CGGTCGGGACTCATCA,3
CGGTCGGGACTCGTCT,3
CGTACAGTGGAATCGA,3
CGTACAGTGTAATAGA,3
CGTATACCCTTCAGCA,3
CGTGACCCCCCCCAAC,3
CGTGGACCCTTCAGCA,3
CGTGTACCCGTCAGCA,3
CGTGTACCCTTCGGCA,3
CGTGTACCCTTCTGCA,3
CGTGTACCTTTCAGCA,3
CGTGTATCCTTCAGCA,3
CGTGTGCCCTTCAGCA,3
CGTGTTGAATAGGCGA,3
CGTTAAGCGATAACGG,3
CGTTCAGAGATAACGG,3
CTAAGGTATTATATGC,3
CTAATTTAAGTAGCAA,3
CTACGAATTTGATTCC,3
CTAGCACAGTGTAGGC,3
CTATAAAACGTTTGTA,3
CTATCACAGCGTAGGC,3
CTATTTAACAGACGTG,3
CTCAATGTAGTAGGAT,3
CTCAATGTCGTATGAT,3
CTCAATTTCGTAGGAT,3
CTCTGCGCGGCTCGGG,3
CTGAACTTACCTGTGG,3
CTGAACTTATCTGCGG,3
CTGAACTTATCTGTAG,3
CTGAACTTGTCGATAC,3
CTGAACTTGTCTATAT,3
CTGAGCTGCAAATAAG,3
CTGAGCTGTCAATAAG,3
CTGAGGGATCCAACTC,3
CTGAGTTGCCAATAAG,3
CTGGAACATACATAAC,3
CTGGAGGCATGGCCCC,3
CTGGAGGCCTGACCCC,3
CTGGAGGCCTGGCCAC,3
CTGGAGGCCTGGCCTC,3
CTGGAGTCCTGGCCCC,3
CTGGGACAAGATTGTA,3
CTGTAACTGCAGTTGA,3
CTGTACCTACAGTTGA,3
CTGTACCTGCAGGTGA,3
CTGTACCTGCATTTGA,3
CTGTAGGCCTGGCCCC,3
CTGTGCCTGCAGTTGA,3
CTTAAAGAATACTAGA,3
CTTAACTTATCTGTGG,3
CTTAACTTGTCGATAT,3
CTTACAGAATACTAAA,3
CTTACAGGATACTAGA,3
CTTACAGTGTAATCGA,3
CTTACATAATACTAGA,3
CTTCGGCTATTGATTA,3
CTTCGGCTCTCGATTA,3
CTTGAGGCCTGGCCCC,3
CTTGCTCCGACACGCC,3
CTTTTCTAGTACGCCT,3
CTTTTCTAGTACGCGT,3
GAAAGCACCGTGCAAT,3
GAAAGCCCCGTGCAAC,3
GAAAGCCCCGTGTAAT,3
GAAATCCCAAAATAAC,3
GAAGAAACTACAACCA,3
GAAGAAACTATGACCA,3
GAAGGCGCGCCTTCAA,3
GAAGTAAGCTGAATGA,3
GAAGTACGCTGAATGG,3
GAAGTACTGCTGAAGT,3
GAAGTGCGTATTGATT,3
GAAGTGCTACTGAAGT,3
GAATAAACTATAACCA,3
GAATAAGAGAACAGAG,3
GAATAATAGAAAAGAG,3
GACAAAAGTGACATAT,3
GACCCATTGTAAGATG,3
GACCCCTTGTAAGACA,3
GACGACAAACAGTAAG,3
GACGGGATGGGAACGT,3
GACGGGATGGGCGCGT,3
GACGGGATGGTCACGT,3
GACGGGATTGGCACGT,3
GACTAAAGGATCATGA,3
GACTTTGCGCGCAGTC,3
GAGGGCTGCAGAAGCG,3
GAGGGGATATGTCACC,3
GAGGGGTAAAGATACG,3
GAGGGGTAGAGATACC,3
GAGGGGTAGAGGTACG,3
GAGTGGATACGTCACC,3
GAGTGGTAGAGATACG,3
GAGTTAGTAGACCCAC,3
GATAGCTGCAGAAGCG,3
GATCACACAGAAAAAG,3
GATCACGCAGAAAGAG,3
GATCGACATCGACTTC,3
GATCGCCATAGACTTC,3
GATCGCCATCGACCTC,3
GATCGCTGGCACCCGT,3
GATCGTCATCGACTTC,3
GATCTTGTGGAGAGTC,3
GATTAAGAGAAGTGCG,3
GCAAACAGTATAGTTG,3
GCAAACAGTGTAGTCA,3
GCAAACAGTGTAGTCG,3
GCAAAGAGGTGTAACC,3
GCAGCGTACCGGTCAT,3
GCATCTTCAACTCCTA,3
GCATTCTCAACTCCTA,3
GCCAGCTCATATCCCT,3
GCCAGCTCGTATCCAT,3
GCCATTTACTGAAGAG,3
GCCTAAAGGACCATGA,3
GCCTAAAGGATCACGA,3
GCCTATGAAATAAGCT,3
GCGAAGTTCCATAGCG,3
GCGAAGTTTAATAGCG,3
GCGAAGTTTCATAGAG,3
GCGAAGTTTCGTAGCG,3
GCGAATTTTCATAGCG,3
GCGTGTCTCCGAGCAA,3
GGAAGCAAAGTTGACC,3
GGGAGCTGCAGAAGCG,3
GGGCCCGTAAGGACTA,3
GGGCTTGCTATGGATC,3
GGGGAAATGTAAATGA,3
GGTCCATCTCAGAACG,3
GGTCCATCTCAGATAC,3
GGTCCATCTCAGATTG,3
GGTCGTTTAGATAGTT,3
GGTTCATCTCAGATCG,3
GGTTCCATAGGCATGG,3
GTAAGATTCATGGAGT,3
GTAAGCAAAGCTGACC,3
GTAAGCAAAGTTGACG,3
GTAAGCAAATTTGACC,3
GTAAGCAAGGTTGACC,3
GTAAGCGAAGTTGACC,3
GTAAGCGAGAAAAGCA,3
GTAATCAAAGTTGACC,3
GTAATTCGCATGCGAA,3
GTACAAACCTGTAAAT,3
GTACCCAATTCCTGCG,3
GTACCCAGTCCCTGCG,3
GTACCCAGTTACTGCG,3
GTACCCAGTTCCAGCG,3
GTACCCAGTTCCGGCG,3
GTACCCAGTTCTTGCG,3
GTACCTAGTTCCTGCG,3
GTAGAAACCTGCAAAT,3
GTAGAACCGCGGCCCC,3
GTAGAACTGCGCCCCC,3
GTCAAGTTAAGGATGG,3
GTCGAATCCTGGAATG,3
GTCGAGTTACGGATGG,3
GTCGCATCCCGGAATG,3
GTCGCATCCGGGAATG,3
GTCTCATCCTGGAATG,3
GTGAAGTTTCATAGCG,3
GTGAGCGAGAAAAGCG,3
GTGCGACTGTCCGGAA,3
GTGCGATCGTCCGGAA,3
GTGCGATTGTCCAGAA,3
GTGCGATTTTCCGGAA,3
GTGGCATCAAGCCGGG,3
GTGGCCCACGGGCATA,3
GTGGTATCAAGCAGGG,3
GTGGTATCAAGCCAGG,3
GTGGTATCAAGCCGAG,3
GTTCATCCTAGTGACG,3
GTTCCATCTCAGATCG,3
GTTGCTCCGACACGTC,3
GTTGCTCTGACACGCC,3
GTTGTTCCGACACGCC,3
GTTTAAATTATAGTCT,3
TAAAAAGACTCCATGA,3
TAAAAAGCCTCAATGA,3
TAAAAGGCCTCCATGA,3
TAACGTCATTTCTCGA,3
TAACGTGATTTATCGA,3
TAACGTGATTTCGCGA,3
TAACGTGATTTCTTGA,3
TAACTTGATTTCTCGA,3
TAAGAAACTATAACCA,3
TAAGAAGCCAGCAAGA,3
TAAGAAGCCTCCATGA,3
TAAGTGCTGCTGAAGT,3
TAATAAGACAGCAAGA,3
TAATAATGCCGTTGTC,3
TAATGAGACGCGCAAG,3
TAATGTGATTTCTCGA,3
TACCACCGAGTGACCG,3
TACCCGCTGCGGAACG,3
TACCCTGCAAGCTACT,3
TACTAATGCCATTGTC,3
TACTAATGCCGCTGTC,3
TACTAATTCCGTTGTC,3
TACTAGAAATAAAATC,3
TACTGATAAACCTGCG,3
TACTGATAACCCTGCA,3
TACTGATAACCCTTCG,3
TAGAGTTAATATGCGC,3
TAGATAATATAGAGAC,3
TAGGCTCTAGAGCTCT,3
TAGGTCGTATCCACAG,3
TAGTATTGTCGGAAAG,3
TAGTCCGTTGGGAACT,3
TAGTCGCACTACTGCT,3
TATAACTCTCGCGGCA,3
TATACAGAGTTTGTTG,3
TATACTCACGGGGGAT,3
TATCATTGTCGGAAAG,3
TATCCAAGGGAAGGAC,3
TATGTCGCATCCACAG,3
TATGTCGTAACCACAG,3
TATGTCGTATACACAG,3
TATTGAGCCAGTCTGA,3
TCAAGCGCGGTAAGAG,3
TCAATCGGGGGCTAAG,3
TCAGCGTGCCGGTCAT,3
TCATGAGTGTACGAGA,3
TCATGGGTGCACGAGA,3
TCATGGGTGGACGAGA,3
TCATGGGTGTACGGGA,3
TCCAGCGCGATAAGAG,3
TCCAGCGCGGTAAGAA,3
TCCAGCGTGGTAAGAG,3
TCCAGGGCGGTAAGAG,3
TCCCCTTGGTTTGACA,3
TCCTAGTCCTCGTATG,3
TCCTGCGCGGCTCGGG,3
TCCTTTGCGCGCAGTC,3
TCGAACGGAGTAGGAG,3
TCGAAGTTTCATAGCG,3
TCGAATGAAGTAGGAG,3
TCGCCCGTTGGGAACT,3
TCGGACGAAGTAGGAG,3
TCGTCAGTTGGGAACT,3
TCGTCCGCTGGGAACT,3
TCGTCCGTTGGAAACT,3
TCGTCCGTTGGGAGCT,3
TCGTCGCAATACTGCT,3
TCGTCGCACTAATGCT,3
TCGTCGCACTACTGAT,3
TCGTCGCGCTACTGCT,3
TCTAACTCTCGAGGCA,3
TCTCAGCTCTTAGCCA,3
TCTGTAAACGATCCCC,3
TCTTAGTCCTCGTATA,3
TCTTATTAGTCGGCAT,3
TCTTGACATAGCGACG,3
TCTTGACATAGCGATT,3
TCTTGACATGGCGATG,3
TCTTTACATAGCGATG,3
TCTTTACCACTACATC,3
TGACAACAATACGAAT,3
TGACAGCAATACAAAT,3
TGATCTTTGACATTGC,3
TGCAGTGGTATAAATA,3
TGCAGTGGTATACGTA,3
TGCGGTGGTCAATCCG,3
TGCTACTCCGGCGCGG,3
TGCTATTCCGGCGCAG,3
TGCTATTCCGGCGCGC,3
TGCTATTCTGGCGCGG,3
TGGAATAGTCACCGAT,3
TGGAATCGTAACCGAT,3
TGGCATTGTCGGAAAG,3
TGGTCAGCTTCATGCT,3
TGGTCCGCTTAATGCT,3
TGGTCCGCTTCATGGT,3
TGTAATAGGCATCACA,3
TGTAATAGGCGTAACA,3
TGTCCGGATAAAGTAA,3
TGTCCGGATGAAGTAG,3
TGTTAACTTTGGAAGC,3
TGTTGAGCAAGTCTGA,3
TGTTGAGCCAGCCTGA,3
TGTTGAGCGCCCTTAC,3
TGTTGGGCCAGTCTGA,3
TTAAGAATTTGATTCC,3
TTACGAATTTGATTCG,3
TTACGAGTTTGATTCC,3
TTAGATACTAGGACCA,3
TTATCCGTAGAGCGCT,3
TTATGAATTTGATTCC,3
TTCAAGTTACGGATGG,3
TTCAGTGGTATACATA,3
TTCTGTCCAGAATCGT,3
TTCTGTCCGGACTCGT,3
TTGAAAAAATAATAAA,3
TTGAGGAACGGGAAGC,3
TTGCTCATGAGTAGTA,3
TTGCTCCTGAGTAGCA,3
TTGCTCCTGAGTAGTT,3
TTGCTCCTTAGTAGTA,3
TTGGGGAGCGGGAAGC,3
TTGTATCATTCGCGCC,3
TTTATATCCAACACAA,3
TTTATATCCAGCACCA,3
TTTCAAAGAACCTATC,3
TTTCACAGAACATATC,3
TTTCACAGAACCCATC,3
TTTCAGCGTGGTTTTG,3
TTTCAGCGTTGTTCTG,3
TTTCGGCGTTGTTTTG,3
TTTCGTGATACCCACA,3
TTTTACAGAACCTATC,3
TTTTATTAGGCGGCAT,3
AAAAAAGTTATGACAA,2
AAAAAATCTATGACAA,2
AAAAAATTGATGACAA,2
AAAAAATTTATGACAT,2
AAAAAATTTATGACGA,2
AAAAGCCCCGTGCAAT,2
AAAATCTGAACCATAC,2
AAACCAATAAGACCCC,2
AAACCCATAAGAACCC,2
AAACCCATAAGACCCT,2
AAACCCATAAGGCCCC,2
AAACCCATACGACCCC,2
AAACCCATAGGACCCC,2
AAACCCGTAAGACCCC,2
AAACTACGAGACGTAA,2
AAAGAACTTTAACTCT,2
AAAGAATTTATGACAA,2
AAAGACCCTTAACTCT,2
AAAGATCTTTTCGTTC,2
AAAGCTCTTTTCTTTC,2
AAAGCTCTTTTTGTTC,2
AAAGGCGCGACTTCAA,2
AAAGGCGCGCCCTCAA,2
AAATCCATAAGACCCC,2
AAATCTCTTTTCGTTC,2
AAATTAGAAATACATA,2
AACAAAAGTCCATGTA,2
AACACGTAGAACCGAC,2
AACACGTAGAACCGCA,2
AACACGTAGAACCGCT,2
AACACGTAGAACTGCC,2
AACACGTAGAGCCGCC,2
AACACGTGGAACCGCC,2
AACAGAAGTCCACGTA,2
AACAGAAGTCCGTGTA,2
AACAGAGGTCCATGTA,2
AACAGTACCGCGTTTA,2
AACAGTTCCGACTAAG,2
AACCAACGAGTGACCG,2
AACCACCCAGTGACCG,2
AACCACCGAATGACCG,2
AACCACCGAGCGACCG,2
AACCACCGAGTGAACG,2
AACCACCGAGTGACCC,2
AACCACCGAGTGACGG,2
AACCACCGAGTGATCG,2
AACCACGGAGTGACCG,2
AACCACTGAGTGACCG,2
AACCATACCGCGTTTA,2
AACCATCAGCACCTAG,2
AACCCACGAGACGTAA,2
AACCCCTTGTAAGATG,2
AACCGCACCGCGTTTA,2
AACCGTAACGCGTTTA,2
AACCTACGAGACATAA,2
AACCTACGGGACGTAA,2
AACGACAAACAATAAG,2
AACGACAAACAGCAAG,2
AACGACAAACAGTCAG,2
AACGGTCCCGACTAAG,2
AACGGTTCAGACTAAG,2
AACGTTTCCGACTAAG,2
AACTGCGTTAATCGAT,2
AACTGCGTTCATCAAT,2
AACTTACCTGACTGCT,2
AACTTCACTGACTGCT,2
AACTTCCCTGACTGGT,2
AACTTCCCTGACTTCT,2
AACTTCCCTTACTGCT,2
AACTTTCCTGACTGCT,2
AAGAAACTATAGAAGT,2
AAGAAAGAAACTGGAG,2
AAGATTGATTGAAGCC,2
AAGATTGATTGAAGTG,2
AAGCCCAGCGGGTGGT,2
AAGCCCATCGGGTGAT,2
AAGCCCGGCGGGTGAT,2
AAGCGGTAATGTGATT,2
AAGCGGTGATGTGAGT,2
AAGCGGTGATTTGATT,2
AAGGGGATTGGCTGTT,2
AAGGGGCATCATAATG,2
AAGGGTCCTCATAATG,2
AAGGTACCTATGTAAT,2
AAGGTCCCTACGTAAT,2
AAGGTCCCTATTTAAT,2
AAGTATTGCTACACGT,2
AAGTCCATTAAGATCA,2
AAGTTAAGAGAAAGCT,2
AAGTTAAGAGAAAGGT,2
AAGTTAAGATAAAGTT,2
AAGTTAGTAGACCAAC,2
AAGTTAGTAGACCCAT,2
AAGTTAGTAGACCCTC,2
AAGTTATTAGACCCAC,2
AAGTTCAGACTCTTGC,2
AAGTTGAGAGAAAGTT,2
AATCACTGGAACCCGT,2
AATCACTGGCACCCGT,2
AATCCCAGCGGGTGAT,2
AATCCGAGCATGTCAA,2
AATCGCCGGCACCCGT,2
AATCGCTAGCACCCGT,2
AATCGCTCGCACCCGT,2
AATCGCTGGCACCCGA,2
AATCGCTGGCACCGGT,2
AATCGCTGGCACCTGT,2
AATCGCTGGCACTCGT,2
AATGAAACAATCGAAT,2
AATGAAGCAATCGAAC,2
AATGACAAACAGTAAG,2
AATGCGAGAATGTCAA,2
AATGCGAGCATGTAAA,2
AATGCGAGCATGTCAG,2
AATGCTAGCATGTCAA,2
AATGGGAATTGCCACT,2
AATGTTGAATAGGCGA,2
AATTCGTGAGTAATAG,2
AATTCGTGAGTACTAA,2
AATTGCTGGCACCCGT,2
ACAAAGTCTCGAGAGG,2
ACAAGATTCGGAGGAC,2
ACAAGATTCGGGGGAA,2
ACAAGATTCGGGGGAT,2
ACAAGATTCGGGGGGC,2
ACAAGATTCGTGGGAC,2
ACAATCCACCATTGAG,2
ACAATCTAAACCATAC,2
ACAATCTGAACCACAC,2
ACAATCTGAACCATAA,2
ACAATCTGGACCATAC,2
ACAATTTGAACCATAC,2
ACACGGGTTGGGTGTA,2
ACACGGGTTGGTTGTA,2
ACACGGGTTGTCTGTA,2
ACACGGTTTGGCTGTA,2
ACACGTGTTGGCTGTA,2
ACAGGGATTGGCTGTT,2
ACAGGGGTTGGCTGTA,2
ACAGTACGATCTACGA,2
ACAGTACGATCTACGT,2
ACAGTCCACGATTGAG,2
ACAGTCCATCATTGAG,2
ACATGGGTGTACGAGA,2
ACATTTTCAAATAGGT,2
ACATTTTCCAATAGAT,2
ACATTTTCCAATATGT,2
ACCAAATGAATCATCC,2
ACCACCGGAGCTTGGC,2
ACCAGCAATGAGCTGT,2
ACCAGCAATGAGTCGT,2
ACCAGCAATGATTTGT,2
ACCAGCGATGAGTTGT,2
ACCATTTACTGAAGGG,2
ACCCCAGGAGCTTGGC,2
ACCCCCGAAGCTTGGC,2
ACCCCCGGAGTTTGGC,2
ACCGAAGGAATCATCC,2
ACCGAATCAATCATCC,2
ACCGAATGAATCACCC,2
ACCGAATGAATCATTC,2
ACCGAGTGAATCATCC,2
ACCGATTCAAGAATAA,2
ACCGATTCACGAACAA,2
ACCGATTCATGAATAA,2
ACCGTTGTACACACCT,2
ACCTAAAGGATCATGA,2
ACCTGAAGTTGCCAAG,2
ACGAGTTAATATGCGC,2
ACGGCCCACGGGCATA,2
ACGGGGATTGGCCGTT,2
ACGGGGATTGGCGGTT,2
ACGGGGATTGGCTGCC,2
ACGGGGATTGGCTGGT,2
ACGGGGATTGGCTGTA,2
ACGTAAATAGACCGAA,2
ACGTCAATTAAGATCA,2
ACGTCCATTAAGATAA,2
ACGTCCATTAAGATCG,2
ACGTCCTTTAAGATCA,2
ACGTCTCTCCGAGCAA,2
ACGTGTCTCCGAGCAT,2
ACGTGTCTCCGAGTAA,2
ACGTGTCTCCGGGCAA,2
ACGTGTCTCTGAGCAA,2
ACGTGTGATTTTCGAG,2
ACTACGAGTCTACGTA,2
ACTAGATTATAACGTA,2
ACTATCATATCTAATA,2
ACTATGAGGCTACGTA,2
ACTCCCGGAGCTTGGC,2
ACTCTGGCTAGCTAAT,2
ACTCTGGCTCGATAAT,2
ACTCTGGCTCTCTAAT,2
ACTGCCTAGAAATTTT,2
ACTGGGATTGGCTGTT,2
ACTGTATAGAAATTTT,2
ACTGTCTAGAAACTTT,2
ACTGTCTAGAAATGTT,2
ACTGTCTAGAGATTTT,2
ACTTATGATTTTCGAG,2
AGAAAACATTACAAAT,2
AGAAAATCTCAGATAT,2
AGAAACACGTCCCAGT,2
AGAATCTAACAGATAG,2
AGACCCATAAGACCCC,2
AGACCCCAGGTCCTTT,2
AGACCCCCAGTTTCGT,2
AGACGGCCAGTTTCGT,2
AGAGCGAAAAAGAGGA,2
AGAGCTAAAAAGAGAA,2
AGATCCACCCTAGAGT,2
AGATCCACCCTATAAT,2
AGATCCCAGGTCCCTT,2
AGATCCCAGGTCCTTC,2
AGATCCTAGGTCCTTT,2
AGATCTTTACGAAAAA,2
AGATTCACAATATCCA,2
AGATTCAGACTCTTGC,2
AGATTCCAGGTCCTTT,2
AGCACCTAACAGATAG,2
AGCAGAAGTCCATGTA,2
AGCAGTGGTATACATA,2
AGCATAAGGATATGTG,2
AGCATAGAGATATGTG,2
AGCATAGGGGTATGTG,2
AGCATCCAACAGATAG,2
AGCATCTAACAGATGG,2
AGCATCTAATAGATAG,2
AGCATCTAGCAGATAG,2
AGCGACAAACAGTAAG,2
AGCGGTTCCGACTAAG,2
AGCGTCTAACAGATAG,2
AGCTCCCGGGGTATCA,2
AGCTCCTGGGGTACCA,2
AGCTCCTGGGGTATTA,2
AGCTCCTGGGGTGTCA,2
AGCTCCTGGTGTATCA,2
AGCTGAATTAAGTACG,2
AGCTGAATTAAGTATT,2
AGCTTAATTAAGTATG,2
AGGAAATCTCAGATAC,2
AGGAATATAGTTGGCA,2
AGGACCGTAAGGACTA,2
AGGACTATAGTTGTCA,2
AGGACTATAGTTTGCA,2
AGGACTATGGTTGGCA,2
AGGAGTATGAAGAGAG,2
AGGAGTATGAAGATCG,2
AGGAGTATGAATAGCG,2
AGGAGTATGATGAGCG,2
AGGATTATGAAGAGCG,2
AGGCCCATAAGGACTA,2
AGGCCCGTAAGGAATA,2
AGGCCCGTAAGTACTA,2
AGGCCCGTAGGGACTA,2
AGGCGGTGATGTGATT,2
AGGGAATCTCCCATAC,2
AGGTGAACGGGCATGG,2
AGGTGGAAGGGCATGG,2
AGGTGGATGGGCATGG,2
AGGTGGGGTCTCCCTT,2
AGGTTCAGACCCTTGC,2
AGGTTCAGACTCCTGC,2
AGGTTTAGACTCTTGC,2
AGTAAACATGCATTAG,2
AGTACTATAGTTGGCA,2
AGTATTTGCGCCTCAA,2
AGTATTTGCGCTTCAT,2
AGTATTTGCTCTTCAA,2
AGTCATTTAGATAGTT,2
AGTCGTTTAGACAGTT,2
AGTCGTTTAGATAGCT,2
AGTCGTTTAGATATTT,2
AGTCGTTTATATAGTT,2
AGTGTCGTATCCACAG,2
AGTGTTGAATAGACGA,2
AGTGTTGAATAGGCTA,2
AGTGTTGAATATGCGA,2
AGTGTTGAATGGGCGA,2
AGTGTTGGATTGGTTA,2
AGTGTTGGCTTGGCTA,2
AGTGTTGGCTTGTTTA,2
AGTGTTGTCTTGGTTA,2
AGTGTTTGCTTGGTTA,2
AGTTCCATAGACATGG,2
AGTTCCATAGGCACGG,2
AGTTCCATATGCATGG,2
AGTTCCGTAGGCATGG,2
AGTTCCTGGGGTATCA,2
AGTTGGGGTATCCCTT,2
AGTTGGGGTCTCCATT,2
AGTTGTCTAAATCTAT,2
AGTTGTTTAGATAGTT,2
AGTTTTGAATAGGCGA,2
AGTTTTGGCTTGGTTA,2
ATAAAATCTCAGATAC,2
ATAAAGTTTGTGCAAA,2
ATAACGTTTGTGAAAA,2
ATAACGTTTTTGCAAA,2
ATAACTGAGAGCATTG,2
ATAACTGAGGGCATCA,2
ATAACTGAGGGCATTA,2
ATAACTTTTGTGCAAA,2
ATAAGATATATGGCTG,2
ATACACGAGGTCGTGA,2
ATACACGAGGTTGCGA,2
ATACACGAGGTTGGGA,2
ATACACGAGGTTGTGG,2
ATACACGAGGTTTTGA,2
ATACACGCATGTCCCA,2
ATACACTCATGTGCCA,2
ATACGCGAGGTTGTGA,2
ATAGAATCACAAATTA,2
ATAGAATCGCAAACCA,2
ATAGAATCGCAAATCA,2
ATAGGATATATGGCTT,2
ATAGGATATATTGCTG,2
ATAGGATGTATGGCTG,2
ATATAAAAAACTTAAC,2
ATATAAAAAACTTGGT,2
ATCAGGATAATCGCTC,2
ATCAGGATAATCTCGC,2
ATCCCGAATGGGGTAG,2
ATCTCCTGGGGTATCA,2
ATGAAAGAAACTGGAG,2
ATGACTCACCGAATAA,2
ATGCCCGTAAGGACTA,2
ATGGCCCACGTGCATA,2
ATGGCCTACGGGCATA,2
ATGGGACTGGAGAAAC,2
ATGGGATTTGAGAAAC,2
ATGGGGATTGGCTGTT,2
ATGGGGTTGGAGAAAC,2
ATGGTCCACGGGCATA,2
ATGGTTTTACGCCCAT,2
ATGTCCATTAAGATCA,2
ATGTCCCACGGGCATA,2
ATGTTTTTACGTCCAT,2
ATTACCATATCTAATA,2
ATTAGATTATAATGTA,2
ATTAGATTATAGCGTA,2
ATTAGGATAATCGCGC,2
ATTAGGGCTACGTGAA,2
ATTAGGGCTACGTGAT,2
ATTAGGTCTACGTGAG,2
ATTAGGTTATAACGTA,2
ATTAGTGCTACGTGAG,2
ATTATCAGATCTAATA,2
ATTATCATACCTAATA,2
ATTATCATATCCAATA,2
ATTATCGTATCTAATA,2
ATTATGGCTACGTGAG,2
ATTATTTGCGCTTCAA,2
ATTCCGAATGGGGTAC,2
ATTCCGAGTGGGGTAG,2
ATTGGGGCTACGTGAG,2
ATTGTCATATCTAATA,2
ATTTAAATTAGAGGAC,2
ATTTAAATTATAGTCT,2
ATTTAAATTCGAGAAC,2
ATTTAAATTCGAGGAA,2
ATTTAAATTCGAGGAG,2
ATTTAAATTCGGGGAC,2
ATTTAAATTTGAGGAC,2
ATTTAGATTCGAGGAC,2
ATTTTTCTATGGCTGC,2
CAAAATCTACGGCGGC,2
CAAAATCTACGTCGAC,2
CAAAATCTATGGCGAC,2
CAAAATCTGCGGCGAC,2
CAAACCGCAGACACGT,2
CAAATAGAAATACATA,2
CAAATGCGGCATTAGG,2
CAAATGCTGCATTAGC,2
CAACGTGATTTCTCGA,2
CAAGATCTACGGCGAC,2
CAAGTGCTGCATTAGG,2
CAATAGATGTACAGTC,2
CAATCTTTACGAAAAA,2
CAATTAGAGATACATA,2
CACCACCAGCACCTAG,2
CACCATCAGCAACTAG,2
CACCATCAGCACCTAA,2
CACCATCAGCACCTAT,2
CACCATCAGTACCTAG,2
CACCCAGGATCGCACT,2
CACCCTGCAAGCCACT,2
CACCGAGCCGAGCACC,2
CACCGCGCCGAGAAAC,2
CACCTATGATCGCACT,2
CACGGCAGGCGAACTC,2
CACGGCCGGAGAACTC,2
CACGGCCGGCGAGCTC,2
CACGGCCTGCGAACTC,2
CACGGGAATTGCCACT,2
CACGGTCGGCGAACTC,2
CACTAATGCCGTTGTC,2
CACTAGATGTACAGCC,2
CACTAGATGTACAGTT,2
CACTAGATGTACATTC,2
CACTAGATGTGCAGTC,2
CACTAGATTTACAGTC,2
CACTTCTGATGAATTG,2
CAGAAAAGACTGTATA,2
CAGAAACTCGTTGTCT,2
CAGAACCTAGTTGTCT,2
CAGAACCTCGTTGTCA,2
CAGACAGAGTTTGTTG,2
CAGATAGTGGTGAACA,2
CAGGCTCCAGAGCTCT,2
CAGGCTCTAGAGGTCT,2
CAGGCTCTAGGGCTCT,2
CAGGGGTAGAGATACG,2
CAGTGAGACGCGCAAG,2
CATAAAGAGTTTGTTG,2
CATACAGAATACTAGA,2
CATACAGAGCTTGTTG,2
CATACAGAGTTTGTTA,2
CATACGGAGTTTGTTG,2
CATATAGAGTTTGTTG,2
CATGCTCTAGAGCTCT,2
CATGGCCGGCGAACTC,2
CATGGGAATTGACACT,2
CATGGGAATTGCCACA,2
CATGGGAATTGCCTCT,2
CATGGGGATTGCCACT,2
CATGTGGAGCCCAACG,2
CATGTTGAGCCCAACA,2
CATTAAGAGAAGTGCG,2
CATTGAGACGCGCAGG,2
CATTGAGAGGCGCAAG,2
CATTTCTCAAAACATA,2
CATTTCTGATGAATCA,2
CATTTCTGATGAATTA,2
CCAAAACAAAAAATTA,2
CCAACACAAAAAATGA,2
CCAAGCTCGGCGCATC,2
CCAAGCTGGGCGCATC,2
CCAAGCTTGGCCCATC,2
CCAAGCTTGGCGCGTC,2
CCAAGCTTGGCGTATC,2
CCAAGCTTGGGGCATC,2
CCAAGCTTTGCGCATC,2
CCAGCACAGCGTAGGC,2
CCAGGCTTGGCGCATC,2
CCATATGAAATAAGCT,2
CCATATTGCCCGGAAG,2
CCATTTAACAGACGTA,2
CCCATTTACTGAAGGG,2
CCCCAGCTGTTTAAAA,2
CCCCCCCTCTAAAGTT,2
CCCCTCATCTAAAGTT,2
CCCCTCCCCTAAAGTT,2
CCCCTCCTCTAAAGCC,2
CCCTACGAAATAAGCT,2
CCCTATGAAATAGGCT,2
CCCTCCTCAATGGTAA,2
CCCTGCCCGGCTCGGG,2
CCCTGCGCGGCTCGAA,2
CCCTGCGCGGCTCGGC,2
CCCTGCGCGGTTCGGG,2
CCCTTTAAGGATCTCT,2
CCCTTTACGGATCTAT,2
CCCTTTACTGATCTCT,2
CCCTTTATGGATCTCT,2
CCGACCCTAGATGGTA,2
CCGAGCTGCCAATAAG,2
CCGCATTAGCGTGAGG,2
CCGGAGGCCTGGCCCC,2
CCGGATAAAGCAGAAC,2
CCGTGCGCGGCTCGGG,2
CCTGGATTAAGTTGTG,2
CCTGGGCTAAGTTGTG,2
CCTGGGTTAAGTTGGG,2
CCTGGGTTAAGTTTTG,2
CCTGGGTTAATTTGTG,2
CCTGTACCCTTCAGCA,2
CCTGTGTTAAGTTGTG,2
CCTTATTAGGCGGCAT,2
CCTTGACATAGCGATG,2
CCTTGAGGCATTCCCG,2
CCTTGATCCATTCCCG,2
CCTTGATGAATTCCCG,2
CCTTGATGCACTCCCG,2
CCTTGATGCATTCCGG,2
CCTTGATGCATTTCCG,2
CCTTTCTCAAAACACA,2
CCTTTCTCAAAACATG,2
CGAAAAAATTACAAAT,2
CGAAAACATCACAAAT,2
CGAAACACGTCACAGT,2
CGAAACACGTCCCAAT,2
CGAAACACGTCCTAGT,2
CGAAACACGTGCCAGT,2
CGAACCGAAGACACGT,2
CGAACCGCAGACACAC,2
CGAACCGCAGACACCT,2
CGAACCGCATACACGT,2
CGAACCGCGGACACGT,2
CGAATGCTGCATTAGG,2
CGACTCCACGGACGCA,2
CGACTCTACGGACGCC,2
CGATTAGAAATACATA,2
CGATTTAACAGACGTA,2
CGCAGCATTGGTCACC,2
CGCAGCATTGGTCTCC,2
CGCGACAACCTTCCGG,2
CGCGACACCCCTCCGG,2
CGCGACACCCTTCCCG,2
CGCGACACCCTTTCGG,2
CGCGAGACCCTTCCGG,2
CGCGGGCTAATGTCTC,2
CGCTATTCCGGCGCGG,2
CGGAACTTGTCGATAT,2
CGGACCATAGATGGTA,2
CGGACCCCAGATGGTA,2
CGGACCCTAGATGGAA,2
CGGATAGTGATGAACA,2
CGGCCAGTGAATCAAA,2
CGGCCGGGGAATCAAA,2
CGGCTAGGGAATCAAA,2
CGGGAAAATACATAAC,2
CGGGAAATGCAAATGA,2
CGGGAAATGTAAAGGA,2
CGGGAAATGTAAGTGA,2
CGGGAAATGTGAATGA,2
CGGGCTCTAGAGCTCT,2
CGGGGACAAGATTGTG,2
CGTAAAGTGTAATCGA,2
CGTAATAGGCGTCACA,2
CGTACAGTGTAATCTA,2
CGTGAACCCCTCCAAC,2
CGTGACACCCTTCCGG,2
CGTGACCCCCTCAAAC,2
CGTGACCCCCTCCAAT,2
CGTGACCCCCTTCCGG,2
CGTGATCCCCTCCAAC,2
CGTGTACCCTTCAGCT,2
CGTGTAGCCTTCAGCA,2
CGTGTGGAGCCCAACA,2
CGTTAATGGCCTATCC,2
CGTTCAGCGATAACAG,2
CGTTCAGCGATAGCGG,2
CGTTCAGGGATAACGG,2
CGTTCAGTGATAACGG,2
CTAAAATAATTGGCGC,2
CTAAGCTTGGCGCATC,2
CTAATGTAAGTATCAA,2
CTAATTTAAGTATCAG,2
CTACATTGCCCGGAAG,2
CTAGAACAGCGTAGGC,2
CTAGAGGCCTGGCCCC,2
CTAGCACAGCGTGGGC,2
CTAGTTTAAGTATCAA,2
CTATATTGCCCGGAGG,2
CTATATTGCCTGGAAG,2
CTATATTGCGCGGAAG,2
CTATATTGTACGGAAG,2
CTATCTAACAGACGTA,2
CTATCTTAATATACAG,2
CTATCTTAATCTAAAG,2
CTATCTTAATCTACCG,2
CTATCTTAGTCTACAG,2
CTATTAGAAATACATA,2
CTATTGAACAGACGTA,2
CTATTTAACAGAAGTA,2
CTATTTAACAGACTTA,2
CTATTTAACAGATGTA,2
CTATTTAACAGGCGTA,2
CTATTTAGCAGACGTA,2
CTATTTGACAGACGTA,2
CTCAAATAATTGGAGC,2
CTCAAATAATTGGCGT,2
CTCAAATAATTGGTGC,2
CTCAATGTCGTAGGAG,2
CTCAATGTCGTGGGAT,2
CTCACTGCGCGAGAGT,2
CTCCGGCTCTTGATTA,2
CTCGACACCCTTCCGG,2
CTCTTACGCTCCCACG,2
CTCTTACTCTCCTACG,2
CTCTTCTAGTACGCTT,2
CTGAACCTGTCGATAT,2
CTGAACTTATCCGTGG,2
CTGAACTTATTTGTGG,2
CTGAACTTGTAGATAT,2
CTGAACTTGTCTGTGG,2
CTGAGATGCCAATAAG,2
CTGAGCGGCCAATAAG,2
CTGAGCTGACAATAAG,2
CTGAGGGATTTAACTC,2
CTGAGGGGTTCAACTC,2
CTGCTCCTGAGTAGTA,2
CTGGAGGCCTGGCCGC,2
CTGGAGGCTTGGCCCC,2
CTGGGCACTAAATTAA,2
CTGTACCTGCAATTGA,2
CTGTACCTGCAGCTGA,2
CTGTACCTGCAGTTGG,2
CTGTACCTGCAGTTGT,2
CTGTACCTGTAGTTGA,2
CTGTACCTTCAGTTGA,2
CTTACAGAATACTAGG,2
CTTACAGAATACTAGT,2
CTTACAGAATACTATA,2
CTTAGCTGCCAATAAG,2
CTTAGGGATTCAACTC,2
CTTAGGTATTAAATGC,2
CTTAGGTATTATACGC,2
CTTAGGTATTATATCC,2
CTTAGGTATTATATTC,2
CTTATATCCAACACCA,2
CTTCACAGAACCTATC,2
CTTCGACTCTTGATTA,2
CTTCGGCCCTTGATTA,2
CTTCGGCTCCTGATTA,2
CTTCGGCTCTTGGTTA,2
CTTCGGCTCTTTATTA,2
CTTCGGGTCTTGATTA,2
CTTCTCTAGTACGCTT,2
CTTGTCTAGTACGCTT,2
CTTTAAATTATAGTCC,2
CTTTAACGGCCTATCC,2
CTTTGGCTCTTGATTA,2
CTTTTCTAGGACGCTT,2
CTTTTCTAGTACGATT,2
CTTTTCTAGTGCGCTT,2
CTTTTCTATTACGCTT,2
CTTTTCTGGTACGCTT,2
GAAAAAAGGGACATAT,2
GAAAAAGCCTCCATGA,2
GAAAGGCCCGTGCAAT,2
GAAAGTCCCGATGATG,2
GAAAGTCTCTATGATG,2
GAAATCCCCAAAGAAC,2
GAAATCCCCAAATAGC,2
GAAATCCCCAAGTAAC,2
GAAATTCCCTATGATG,2
GAACCCTTGTAAGATG,2
GAACTACGCTGAATGA,2
GAAGAAACGATAACCA,2
GAAGAAACTAGAACCA,2
GAAGAAACTATAATCA,2
GAAGAACTGCGGCCCC,2
GAAGGGATGGGCACGT,2
GAAGGGTAGAGATACG,2
GAAGTACACTGAATGA,2
GAAGTACGCCGAATGA,2
GAAGTACGTATTGAGT,2
GAAGTGAGTATTGAGT,2
GAAGTGATGCTGAAGT,2
GAAGTGCGTACTGAGT,2
GAAGTGCGTATTGAAT,2
GAAGTGCGTATTGCGT,2
GAAGTGCTGCTGAAAC,2
GAAGTGCTGCTGAAGC,2
GAAGTGCTTATTGAGT,2
GAATAATAGAATAGAG,2
GAATAATAGGACAGAG,2
GAATAATATAACAGAG,2
GAATAATGCCGTTGTC,2
GAATTACGCTGAATGA,2
GACACAGAACCCATAC,2
GACATTTACTGAAGGG,2
GACCCCTTGTAAGATA,2
GACCCCTTGTAAGATT,2
GACCCCTTTTAAGATG,2
GACGGGATGGGCACAC,2
GACGGGATGGGCACAT,2
GACGGGATGGGCACGA,2
GACGGGATGGGTACGT,2
GACGGGATGTGCACGT,2
GACTAATGCCGTTGTC,2
GAGAAAAGGGACATAT,2
GAGAAGACTTTGTGAT,2
GAGAAGTTTCATAGCG,2
GAGAGCCCCGTGCAAT,2
GAGAGCTGCATAAGCG,2
GAGAGCTGTAGAAGCG,2
GAGCTTGCCATGGATC,2
GAGGAAACTATAACCA,2
GAGGAGTAGAGATACG,2
GAGGGATAGAGATACG,2
GAGGGGACACGTCACC,2
GAGGGGATAAGTCACC,2
GAGGGGATACTTCACC,2
GAGGGGCCTCATAATG,2
GAGGTCCCTATGTAAT,2
GAGTAATAGAACAGAG,2
GATAAAAGGGACATAT,2
GATCACGCAGAGAAAG,2
GATCACGCATAAAAAG,2
GATCCTGGGGAGAGTC,2
GATCGCCATCAACTTC,2
GATCGCCATCTACTTC,2
GATCTTGCGGAGAGTC,2
GATCTTGGGGAAAGTC,2
GATCTTGGGGGGAGTC,2
GATGCTCCGACACGCC,2
GATGGGAATTGCCACT,2
GATGGGATGGGCACGT,2
GATGTGGAGCCCAACA,2
GATTCATATGCCCACC,2
GATTCGTGAGTACTAG,2
GCAAACAGTGTAGCTG,2
GCAAACAGTGTAGTGG,2
GCAAACAGTGTGGTTG,2
GCAAACAGTTTAGTTG,2
GCAAACATTGTAGTTG,2
GCAAACGGTGTAGTTG,2
GCAAAGTTTCATAGCG,2
GCAACAGTCTTAGCAA,2
GCAACGAGTTGTAACC,2
GCAACGATGTGTAACC,2
GCAAGATTCGGGGGAC,2
GCAATGAGGTGTAACC,2
GCAATTTACTGAAGGG,2
GCACGGAACTAACTCC,2
GCAGCGCGCCGGTCAT,2
GCAGCGTGACGGTCAT,2
GCAGCGTGCCGTTCAT,2
GCAGTGTGCCGGTCAT,2
GCATCCCCAACTCCTA,2
GCATCCTCAACCCCTA,2
GCATCCTCAACTACTA,2
GCATGGAACTAACTAC,2
GCATGGAACTAAGTCC,2
GCATGGATCTAACTCC,2
GCATTGAACTAACTCC,2
GCATTTTCCAATAGGT,2
GCCAGCGCGGTAAGAG,2
GCCAGCTAGTATCCCT,2
GCCAGCTCGTACCCCT,2
GCCAGCTCGTATACCT,2
GCCAGCTCGTATCCCG,2
GCCAGCTCTTATCCCT,2
GCCATCTCGTATCCCT,2
GCCATTTACTGAAGAA,2
GCCATTTACTGAATGG,2
GCCATTTACTGAGGGG,2
GCCGATGCGGCGTGTG,2
GCCGCTGAGGCGTGTG,2
GCCGGCGTTAGTGTCT,2
GCCGGCTCGTATCCCT,2
GCCGGCTTTAGTGTCA,2
GCCTAAAGGATCATGG,2
GCCTAAAGGATCATTA,2
GCCTAAAGGGTCATGA,2
GCCTAAAGTATCATGA,2
GCCTCTGCGCGCAGTC,2
GCCTGCGCGGCTCGGG,2
GCCTTTGCGAGCAGTC,2
GCCTTTGCGCACAGTC,2
GCCTTTGCGCGCAGTT,2
GCCTTTGCGCTCAGTC,2
GCCTTTGCGTGCAGTC,2
GCGAAGTTTGATAGCG,2
GCGAGCGAGAAAAGCA,2
GCGAGCTCGTATCCCT,2
GCGCAAATAGACCGAA,2
GCGGGGATTGGCTGTT,2
GCGGTATCAAGCCGGG,2
GCTCTGGCTCGCTAAT,2
GGAAGTCCCTATGATG,2
GGACAAACCTGCAAAT,2
GGAGCTAAAAAGAGGA,2
GGAGTGCGTATTGAGT,2
GGATAATAGAACAGAG,2
GGATCCCAGGTCCTTT,2
GGCCCATGCTGGGGAT,2
GGCGGGATGGGCACGT,2
GGGACCCTAGATGGTA,2
GGGCCATCTCAGATCG,2
GGTCCATATCAGATCG,2
GGTCCATCTCAGGTCG,2
GGTCCATCTCATATCG,2
GGTTAAATTTGGAAGC,2
GGTTAACGTTGGAAGC,2
GGTTAACTTTAGAAGC,2
GGTTAACTTTGTAAGC,2
GTAACGTTTGTGCAAA,2
GTAAGCAAAGTCGACC,2
GTAAGCAAAGTTAACC,2
GTAAGCAAAGTTTACC,2
GTAATCTTCATGGAGT,2
GTACAAACCTGCATAT,2
GTACCCAGTTCCTGGG,2
GTACTCAGTTCCTGCG,2
GTAGAACTGCGGCCTC,2
GTAGAACTGCGGCTCC,2
GTAGAACTGCGGTCCC,2
GTAGAAGTGCGGCCCC,2
GTAGAATTGCGGCCCC,2
GTAGATACCAGGACCA,2
GTAGATACTAGGACTA,2
GTAGCATCCTGGAATG,2
GTAGCCAGTTCCTGCG,2
GTAGGCAAAGTTGACC,2
GTATAACTGCGGCCCC,2
GTATGGAACTAACTCC,2
GTCAAGTTACGGACGG,2
GTCAAGTTACGGATAG,2
GTCAAGTTACGGATGC,2
GTCAAGTTACGGATTG,2
GTCAGCTCGTATCCCT,2
GTCATTTACTGAAGGG,2
GTCGCATCCTGGAACG,2
GTCGCCGCCAATCCGA,2
GTCGCCTCTAATCCGA,2
GTCGTCGCTAATCCGA,2
GTGAACTTATCTGTGG,2
GTGAGCAAAGTTGACC,2
GTGAGCAAGAAAAGCA,2
GTGAGCGAGAAAATCA,2
GTGAGCGATAAAAGCA,2
GTGCATCCTAGTGACA,2
GTGCGATTGGCCGGAA,2
GTGCGATTGTCCCGAA,2
GTGCGATTGTCCGGAT,2
GTGGAACTGCGGCCCC,2
GTGGAGGCCTGGCCCC,2
GTGGGCGAGAAAAGCA,2
GTGGTACCAAGCCGGG,2
GTGGTATCAAACCGGG,2
GTGGTATCAAGCTGGG,2
GTGGTATCAGGCCGGG,2
GTTAAGTTACGGATGG,2
GTTATATCCAACACCA,2
GTTATTATTACTTCAT,2
GTTGCTCCAACACGCC,2
GTTGCTCCGAAACGCC,2
GTTGCTCCGACACGAC,2
GTTGCTCCGACATGCC,2
GTTGCTCCGATACGCC,2
GTTGCTCCTACACGCC,2
GTTTAAATTCGAGGAC,2
TAAAAAGCCCCCATGA,2
TAAAAAGCCTCCATGG,2
TAAAAAGCCTCCATGT,2
TAAAGTGATTTCTCGA,2
TAAATCGGGGGCTAAA,2
TAACAACAATACAAAT,2
TAACCTGATTTCTCGA,2
TAACGACTCGACTAAC,2
TAACGCGATTTCTCGA,2
TAACGTGATTTCTCGG,2
TAACGTTATTTCTCGA,2
TAACTGCTGCGGAACG,2
TAAGTTCATAGCTCCA,2
TAATAAGCCAACAAGA,2
TAATAAGCCAGTAAGA,2
TAATGATAACCCTGCG,2
TACAAATGTCATTTGA,2
TACAAGAGGGGGGTCC,2
TACACTGCAAGCCACT,2
TACATACCGACGCAAC,2
TACATGCTGCGGAACG,2
TACCAATGTCATGTGA,2
TACCAATGTCATTTGG,2
TACCCTACAAGCCACT,2
TACCCTGCAAGCCAAT,2
TACCCTGCAAGTCACT,2
TACCCTGCGAGCCACT,2
TACCCTTCAAGCCACT,2
TACCTTCTGCGGAACG,2
TACGAATGTCATTTGA,2
TACGGCCGGCGAACTC,2
TACTAATACCGTTGTC,2
TACTAATGCAGTTGTC,2
TACTAATGCCGTGGTC,2
TACTAATGCCGTTTTC,2
TACTGATAACCATGAG,2
TACTGATGACCCTGCG,2
TAGAGCTGCAGAAGCG,2
TAGATTGATTGAAGTT,2
TAGCACTGTCGGAAAG,2
TAGCATTGTCAGAAAG,2
TAGCATTGTCGGAAAC,2
TAGCATTGTCGGAATG,2
TAGCATTGTCGGAGAG,2
TAGCATTGTCGGGAAG,2
TAGCATTGTCGTAAAG,2
TAGCGTGATTTCTCGA,2
TAGCTGATAGTAGCTC,2
TAGCTGATATTAACTC,2
TAGCTGGTAGTAACTC,2
TAGCTTCAACTAAAAA,2
TATACAAGGGACGGAC,2
TATACTAACGGAGGAT,2
TATATCGTATCCACAG,2
TATATTCACGGAGGAT,2
TATCCAAGGGACGTAC,2
TATCCAGGGGACGGAC,2
TATCCTGCAAGCCACT,2
TATCTCGTATCCACAG,2
TATGGGAATTGCCACT,2
TATGTCGTAGCCACAG,2
TATGTCGTATCAACAG,2
TATGTCGTATCCAAAG,2
TATTAAGAGAAGTTCG,2
TATTAAGAGAATTGCG,2
TATTAAGAGAGGTGCG,2
TATTAAGGGAAGTGCG,2
TATTATTAGGCGGCAT,2
TATTTACCACTGCATC,2
TCAACACAAAAAATTA,2
TCAATCGGGGGCGAAA,2
TCAATCGTGGGCTAAA,2
TCAATCTGGGGCTAAA,2
TCATAGGTGTACGAGA,2
TCATGACATAGCGATG,2
TCCAACTCTCGCGGCA,2
TCCACACCCCCAGCTA,2
TCCAGCGCGGCTCGGG,2
TCCAGCGCGGTAAGCT,2
TCCAGCGCGGTGAGAG,2
TCCCCGTGGTTTGATA,2
TCCGCTGCGGCGTGTG,2
TCCGGCGCGGTAAGAG,2
TCCGGCGTTAGTGTCA,2
TCCTAAAGGATCATGA,2
TCCTATGAAATAAGCT,2
TCCTGACATAGCGATG,2
TCGAACGAAGTAGGGG,2
TCGAACGAAGTAGTAG,2
TCGAACGAAGTGGGAG,2
TCGAACGAATTAGGAG,2
TCGAGCGCGGTAAGAG,2
TCGATTACTAGACGGA,2
TCGATTACTAGCAGGA,2
TCGATTACTAGCCAGA,2
TCGATTCAACTAAAAA,2
TCGCGCACGTTTAGAG,2
TCGCTTCAACCAAAAA,2
TCGCTTCAACGAAAAA,2
TCGCTTCGACTAAAAA,2
TCGGGGAACGGGAAGC,2
TCGTCCGGTGGGAACT,2
TCGTCCGTTAGGAACT,2
TCGTCCGTTGGGAACA,2
TCGTCCGTTGGTAACT,2
TCGTCGCACGACTGCT,2
TCGTCGCACTACTGTT,2
TCGTGGGTGTACGAGA,2
TCGTTCGTTGGGAACT,2
TCTAACTCTCACGGCA,2
TCTAACTCTCGCGGCT,2
TCTAACTCTCGCTGCA,2
TCTAACTCTCGTGGCA,2
TCTATATCCAACACCA,2
TCTATTACTAGCCGGA,2
TCTCACAGAACCTATC,2
TCTCAGCCCTTAGCCG,2
TCTCAGCTCTTAGTCG,2
TCTCGACATAGCGATG,2
TCTTAGAGTGAATGAT,2
TCTTAGGCCTCGTATG,2
TCTTAGTCCTAGTATG,2
TCTTATTAGGCGGCAA,2
TCTTATTAGGTGGCAT,2
TCTTCCGTTGGGAACT,2
TCTTGACATATCGATG,2
TCTTGGAGTGAACGAT,2
TCTTTAACACTGCATC,2
TCTTTACCACCGCATC,2
TCTTTACCACTGAATC,2
TCTTTACCACTGCGTC,2
TCTTTACCATTGCATC,2
TGAAATCGTCACCGAT,2
TGACAAAAATACAAAT,2
TGACAACAATACAACT,2
TGACAACAATGCAAAT,2
TGACAACATTACAAAT,2
TGAGTCCATAGCTCCA,2
TGATATTCCGGCGCGG,2
TGATCTGCGACATTGC,2
TGATCTGTGACACTGC,2
TGATCTGTGACATTAC,2
TGCAATGGTATACATA,2
TGCAGCGGTATACATA,2
TGCAGTTGTATACATA,2
TGCGGTGGTCGATACG,2
TGCGGTGGTCGATCAG,2
TGCGGTGGTCGGTCCG,2
TGCGGTGGTTGATCCG,2
TGCGGTGTTCGATCCG,2
TGCTATTCAGGCGCGG,2
TGCTATTCCAGCGCGG,2
TGCTATTCCGGAGCGG,2
TGCTATTCCGGCGCGA,2
TGCTATTCCGGCGCTG,2
TGCTATTCCGGCGTGG,2
TGCTGTTCCGGCGCGG,2
TGGAAAGAAACTGGAG,2
TGGAATCATCACCGAT,2
TGGAATCTTCACCGAT,2
TGGACTCACCGAATAA,2
TGGGAATCTCCCATAC,2
TGGTACGCTTCATGCT,2
TGGTCCACTTCATGCT,2
TGGTCCGCTTCATACT,2
TGGTCCGCTTCATGAT,2
TGGTCCGCTTCATTCT,2
TGTAATAGGCGCCACA,2
TGTAATAGGCGTCATA,2
TGTAATAGTCGTCACA,2
TGTAATGGGCGTCACA,2
TGTCCGGATAAGGTAG,2
TGTGGAGCACCCTTAC,2
TGTGGAGCGCCCGTAC,2
TGTGGAGCGCCCTGAC,2
TGTGGTGGTCGATCCG,2
TGTTCAGCGATAACGG,2
TGTTGAGCCAGTATGA,2
TGTTGAGCCAGTCTGG,2
TGTTGAGTCAGTCTGA,2
TGTTGTAATCCGAATA,2
TGTTGTAATCTGAACA,2
TTAATCAAGTTGGTGC,2
TTAATCGGGGGCTAAA,2
TTACGAATTTGATTGC,2
TTAGGGAACAGGAAGC,2
TTAGTTCATAGCTCCA,2
TTATAAGCCAGCAAGA,2
TTATCTATAGAGCGCT,2
TTATCTGTAGAGCGAT,2
TTATCTGTAGAGCGCA,2
TTATCTGTAGAGCGCG,2
TTATCTGTAGAGTGCT,2
TTATCTTTAGAGCGCT,2
TTATGGGTGTACGAGA,2
TTCAGCGCGGTAAGAG,2
TTCATCAAGTTGGTGA,2
TTCATCAAGTTTGTGC,2
TTCATCAGGTTGGTGC,2
TTCCACAGAACCTATC,2
TTCGCATCCTGGAATG,2
TTCGGGAACGGGAAGC,2
TTCGTCAAGTTGGTGC,2
TTCTATCCAGACTCGT,2
TTCTGTCTAGACTCGT,2
TTGAAAAAAGCATAAA,2
TTGAAAAAATCATGAA,2
TTGAATCGTCACCGAT,2
TTGACTAACCGAATAA,2
TTGAGCGAGAAAAGCA,2
TTGAGGGATTCAACTC,2
TTGCAAGTGAAACATA,2
TTGCAATTGAAAAATA,2
TTGCAATTGAAACACA,2
TTGCCCCTGAGTAGTA,2
TTGCTCCCGAGTAGTA,2
TTGCTCCTGATTAGTA,2
TTGGAGGCCTGGCCCC,2
TTGGGGAACCGGAAGC,2
TTGGGGAACGGGTAGC,2
TTGGGGATTGGCTGTT,2
TTGTACCAGTCGCGCC,2
TTGTATCAATCGCGCT,2
TTGTATCAGTCGAGCC,2
TTGTGGAACAGGAAGC,2
TTGTTCCTGAGTAGTA,2
TTTAAAAAATCATAAA,2
TTTAAGCGTTGTTTTG,2
TTTATACCCAACACCA,2
TTTATATCCAACACTA,2
TTTATATCGAGATTCG,2
TTTATATCTAGATTCA,2
TTTATATTGAGATTCA,2
TTTCAATTGAAACATA,2
TTTCACAGAAACTATC,2
TTTCACAGAACCTATT,2
TTTCACAGAACCTGTC,2
TTTCACAGAGCCTATC,2
TTTCACATAACCTATC,2
TTTCACTGAACCTATC,2
TTTCAGAGTTGTTTTG,2
TTTCAGCGTTATTTTG,2
TTTCAGCGTTGTTTTT,2
TTTCAGCGTTTTTTTG,2
TTTCATAGAACCTATC,2
TTTCATCGTTGTTTTG,2
TTTCGTTATACTCACA,2
TTTGGCACTAAATTAA,2
AAAAAACTTATGACAA,1
AAAAAATCTCAGATAC,1
AAAAAATTTATGAGAA,1
AAAAAATTTATGATAA,1
AAAAAATTTATTACAA,1
AAAAACCTTTAACTCT,1
AAAAAGCAGCACGATA,1
AAAAAGCTATAGAAGT,1
AAAAGAAGTCCATGTA,1
AAAAGATTTATGACAA,1
AAACCCAGCGGGTGAT,1
AAACCCAGTTCCTGCG,1
AAACCCATAAGACCCG,1
AAACCCATAAGACCGC,1
AAACCCATAAGACCTC,1
AAACCCATAAGACGCC,1
AAACCCATAATACTCC,1
AAACCCATACGCCCCC,1
AAACCTGCAAGCCACT,1
AAACGCATAAGACCCC,1
AAACGCTGGCACCCGT,1
AAACGGTGATGTGATT,1
AAAGACCTTCAACTCT,1
AAAGACCTTGAACTCT,1
AAAGACCTTTAACTCC,1
AAAGCCATAAGACCCC,1
AAAGCCCTTTTCGTTC,1
AAAGCTCTTCTCGTTC,1
AAAGCTCTTTCCGTTC,1
AAAGCTCTTTTCATTC,1
AAAGCTCTTTTCCTTC,1
AAAGGCGAGCCTTCAA,1
AAAGGCGCACCTTCAA,1
AAAGGCGCGCCTCCAA,1
AAAGGCGCGCCTTCAT,1
AAAGGTCTTTTCGTTC,1
AAAGTCCCTATGTAAT,1
AAATATTGCTACACAT,1
AAATCCACAATATCCA,1
AAATCCCAGGTCCTTT,1
AAATGCGTTCATCGAT,1
AAATGTCTAATAGACG,1
AAATGTTTAATAGACA,1
AAATTCCCTGACTGCT,1
AAATTTTTAATAGACG,1
AACACATAGAACCGCC,1
AACACGTAAAACCGCC,1
AACACGTAGAACAGAC,1
AACACGTAGAACCCCC,1
AACACGTAGAAGCGCC,1
AACACTTAGAAACGCC,1
AACAGAAATCCATGTA,1
AACAGAAGTGCATGTA,1
AACAGAAGTTCATGTA,1
AACAGACAATAAAAAA,1
AACAGGTAGAACCGCC,1
AACCACCGACTGACCG,1
AACCACCGGGTGACCG,1
AACCACGGAGCTTGGC,1
AACCATCGAGTGACCG,1
AACCGCTGGCACCCGT,1
AACCGTACCGCGTTCA,1
AACCGTACCGCTTTTA,1
AACCTACAAGACGTAA,1
AACCTACGACACGTAA,1
AACCTACGAGAAGTAA,1
AACCTACGAGACGAAA,1
AACCTACGAGACGCAA,1
AACCTACGAGACGTGA,1
AACCTACGAGGCGTAA,1
AACCTACGATACGTAA,1
AACCTCCCTGACTGCT,1
AACGAAAAACAGTAAG,1
AACGACAAACAGTAAT,1
AACGACAAAGAGTAAG,1
AACGACAAGCAGTAAG,1
AACGACAGACAGTAAG,1
AACGACGAACAGTAAG,1
AACGATTCCGACTAAG,1
AACGGCCGGCGAACTC,1
AACGGGATGGGCACGT,1
AACGGTTCCAACTAAG,1
AACGGTTCCGACAAAT,1
AACGGTTCCGACTAGG,1
AACGGTTCCGAGTAAG,1
AACGGTTCCGATTAAG,1
AACGGTTCCGGCTAAG,1
AACGTCAAACAGTAAG,1
AACGTTGTACACACCA,1
AACTACCCCAGAGATG,1
AACTAGATGTACAGTC,1
AACTCCCCTGACTGCT,1
AACTCGTGAGTACTAG,1
AACTGAATTAAGTATG,1
AACTGATAACCCTGCG,1
AACTGCGCTCATCGAT,1
AACTGCGGTCATCGAT,1
AACTGCGTTCATAGAT,1
AACTGCGTTCATCTAT,1
AACTGCGTTCGTCGAT,1
AACTGCTTTCATCGAT,1
AACTGTGTTCATCGAT,1
AACTTCCCCGACTGCT,1
AACTTCCCGGACTGCT,1
AACTTCCCTAACTGCT,1
AACTTCCCTGAATGCT,1
AACTTCCCTGACCGCT,1
AACTTCCCTGACGGCT,1
AACTTCCCTGACTACT,1
AACTTCCCTGACTGCA,1
AACTTCCCTGACTGCG,1
AACTTCCGTCGACTGA,1
AACTTCCGTCGCATGA,1
AACTTCCGTCGCCTAA,1
AACTTCCGTCGCCTGT,1
AACTTCGTTCATCGAT,1
AACTTGCCTGACTGCT,1
AAGAAAACTTTGTGAT,1
AAGAAGACCTTGTGAT,1
AAGAAGACTTTGTCAT,1
AAGAAGACTTTGTGAC,1
AAGAAGACTTTGTGGT,1
AAGAAGATATAGAAGT,1
AAGAAGCCATAGAAGT,1
AAGAAGCTATAGAAAT,1
AAGAAGCTATAGAAGC,1
AAGAAGCTGTAGAAGT,1
AAGACGACTTTGTGAT,1
AAGACGTAGAACCGCC,1
AAGACTGATTGAAGTT,1
AAGAGGCTATAGAAGT,1
AAGATTGATCGAAGTT,1
AAGATTGATTAAAGTT,1
AAGATTGATTGAAGCT,1
AAGATTGATTGAGGTT,1
AAGATTGGTTGAAGTT,1
AAGATTTATTGAAGTT,1
AAGCAAATAGACCGAA,1
AAGCACCGAGTGACCG,1
AAGCCAAGCGGGTGAT,1
AAGCCCAGAGGGTGAT,1
AAGCCCAGCGGGTGAC,1
AAGCCCAGTGGGTGAT,1
AAGCGATTGTCCGGAA,1
AAGCGGTGATATGATT,1
AAGCGGTGATCTGATT,1
AAGCGGTGATGCGATT,1
AAGCGGTTATGTGATT,1
AAGCGTACCGCGTTTA,1
AAGCGTTGATGTGATT,1
AAGCTACGAGACGTAA,1
AAGGAAACAATCGAAC,1
AAGGAGACTTTGTGAT,1
AAGGCGAGCATGTCAA,1
AAGGGGCCTAATAATG,1
AAGGGGCCTCACAATG,1
AAGGGGCCTCATAACG,1
AAGGGGCCTCATAATA,1
AAGGGGCCTCATAATT,1
AAGGGGCTTCATAATG,1
AAGGGGGCTCATAATG,1
AAGGGTTAGAGATACG,1
AAGGTAAGAGAAAGTT,1
AAGGTCCATATGTAAT,1
AAGGTCCCTAGGTAAT,1
AAGGTCCCTATGTAAG,1
AAGGTCCCTATGTATT,1
AAGGTCCCTATGTCAT,1
AAGGTCCCTATGTGAT,1
AAGGTCCCTGTGTAAT,1
AAGGTCGCTATGTAAT,1
AAGGTTGATTGAAGTT,1
AAGGTTTTACGTCCAT,1
AAGTATTGATACACAT,1
AAGTATTGCGACACAT,1
AAGTATTGGTACACAT,1
AAGTATTGTTACACAT,1
AAGTGAGTAGACCCAC,1
AAGTGTTTAATAGACG,1
AAGTTAAAAGAAAGTT,1
AAGTTAAGAGAAATTT,1
AAGTTAAGAGGAAGTT,1
AAGTTAGCAGACCCAC,1
AAGTTAGTAGAACCAC,1
AAGTTAGTAGACCGAC,1
AAGTTAGTAGACGCAC,1
AAGTTCCCTATGTAAT,1
AATAAAAGACTGTATA,1
AATACGAGCATGTCAA,1
AATACGAGGCTACGTA,1
AATAGAAGTCCATGTA,1
AATAGGGCTACGTGAG,1
AATATTGATTGAAGTT,1
AATCAAACAATCGAAC,1
AATCACCTATATGTAA,1
AATCACGCAGAAAAAG,1
AATCCCTGGCACCCGT,1
AATCCGAAATTTATCC,1
AATCCGAAATTTATTT,1
AATCGCAGGCACCCGT,1
AATCGCCATCGACTTC,1
AATCGCTGGCACCCCT,1
AATCGCTGGCATCCGT,1
AATCGCTGGCGCCCGT,1
AATCGCTGTCACCCTT,1
AATCGTACCGCGTTTA,1
AATCTACGAGACGTAA,1
AATGAAACAATAGAAC,1
AATGAAACAATCCAAC,1
AATGAAACAATCGAGC,1
AATGAAACAATGGAAC,1
AATGAAACAGTCGAAC,1
AATGAAACGATCGAAC,1
AATGAAACTATAACCA,1
AATGACACAATCGAAC,1
AATGCGAGCGTGTCAA,1
AATGCGATCATGTCAA,1
AATGGGCCTCATAATG,1
AATGTACCCTTCAGCA,1
AATTAAATTCGAGGAC,1
AATTAAGAGAAGTGCG,1
AATTAGTGAGTACTAG,1
AATTATTGCTACACAT,1
AATTCATGAGTACTAG,1
AATTCGTCAGTACTAG,1
AATTCGTGAGTACAAG,1
AATTCGTGAGTACTAC,1
AATTCGTGAGTACTAT,1
AATTCGTGAGTAGTAG,1
AATTCGTGATTACTAG,1
AATTCGTGGGTACTAG,1
AATTCGTTAGTACTAG,1
AATTCTTGAGTACTAG,1
AATTTAGTAGACCCAC,1
AATTTATCCGATAGCG,1
AATTTGTGAGTACTAG,1
ACAAAGTCTCGAGGAG,1
ACAAAGTCTCGGGAAG,1
ACAAATTCTCGAGAAG,1
ACAACACAAAAAATTA,1
ACAACCTGAACCATAC,1
ACAAGATTAGGGGGAC,1
ACAAGATTCGCGGGAC,1
ACAAGATTCGGCGGAC,1
ACAAGATTCGGGTGAC,1
ACAAGATTCGTTGTAC,1
ACAAGATTGGCGCATC,1
ACAAGCAATGAGTTGT,1
ACAAGCTGAACCATAC,1
ACAAGCTTGGCGCGTC,1
ACAAGGTTCGGGGGAC,1
ACAATCTGAACCAGAC,1
ACAATCTGAACCATAG,1
ACAATCTGAACCTTAC,1
ACAATCTGAATCATCC,1
ACAATCTGAGCCATAC,1
ACACAAATAGACCGAA,1
ACACACGAGGTTGTGA,1
ACACAGGTTGGCTGTA,1
ACACCCGGAGCTTGGC,1
ACACGGGCTGGCTGTA,1
ACACGGGTGTACGAGA,1
ACACGGGTTCGCTGTA,1
ACACGGGTTGGCAGTC,1
ACACGGGTTGGCTCTA,1
ACACGGGTTGGCTGTG,1
ACAGAATCGCAAATTA,1
ACAGCGTGCCGGTCAT,1
ACAGGACGATCTACGC,1
ACAGGATATATGGCTG,1
ACAGTACACCATTGAG,1
ACAGTACGATATACGC,1
ACAGTCCACCACTGAG,1
ACAGTCCACCATTGTG,1
ACAGTCCACCGTTGAG,1
ACAGTCCAGCATTGAG,1
ACAGTCGACCATTGAG,1
ACAGTGCACCATTGAG,1
ACAGTTCACCATTGAG,1
ACAGTTTCCAATAGGT,1
ACATAGTCTCGAGAAG,1
ACATGTCTCCGAGCAA,1
ACATTACGATCTACGC,1
ACATTGTCCAATAGGT,1
ACATTTTACAATAGGT,1
ACATTTTCCAATAGAC,1
ACATTTTCCAGTAGGT,1
ACATTTTCCTATAGGT,1
ACATTTTCTAATAGGT,1
ACCAATTCACGAATAA,1
ACCACACCCCTAGCTA,1
ACCACGAGGCTACGTA,1
ACCAGAAGTCCATGTA,1
ACCAGCAACGAGTTGT,1
ACCAGCAAGGAGTTGT,1
ACCAGCAATAAGTTGT,1
ACCAGCAATGAATTGT,1
ACCAGCAATGAGTTTT,1
ACCAGTAATGAGTCGT,1
ACCAGTAATGAGTTGT,1
ACCCAAATAGACCGAA,1
ACCCAATGAATCATCC,1
ACCCCCAGAGCTTGGC,1
ACCCCCGCAGCTTGGC,1
ACCCCCGGAGCTGGGC,1
ACCCCCGGAGCTTAGC,1
ACCCCCGGAGCTTCGC,1
ACCCCCGGAGCTTGCC,1
ACCCCCGGAGCTTTGC,1
ACCCCCGGAGGTTGGC,1
ACCCCTGGAGCTTGGC,1
ACCCGCGGAGCTTGGC,1
ACCGAAAGAATCATCC,1
ACCGAAAGTTGCCAAG,1
ACCGAATAAATCATCC,1
ACCGAATGAAACATCC,1
ACCGAATGAACCATCC,1
ACCGAATGAATCATGC,1
ACCGAATGAATCTTCC,1
ACCGAATGAATTATCC,1
ACCGAATGTATCATCC,1
ACCGACTCACGAATAA,1
ACCGAGTCACGAATAA,1
ACCGATTAACGAATAA,1
ACCGATTCACCAATAA,1
ACCGATTCACGAAGAA,1
ACCGATTCACGAATAC,1
ACCGATTCACGAATAT,1
ACCGATTCACGAATGA,1
ACCGATTCACGGATAA,1
ACCGATTCACTAATAA,1
ACCGATTCGCGAATAA,1
ACCGCCGGAGCTTGGC,1
ACCGCTGCGGCGTGTG,1
ACCGGAAGTTGCCAAA,1
ACCGGAAGTTGGCAAG,1
ACCGGAAGTTTCCAAG,1
ACCGGCGTTAGTGTCA,1
ACCGTCGTACACACCA,1
ACCGTTGTAAACACCA,1
ACCGTTGTACACACAA,1
ACCGTTGTACACAGCA,1
ACCGTTTCACGAATAA,1
ACCTATGAAATAAGCT,1
ACCTATTCACGAATAA,1
ACCTGAATTAAGTATG,1
ACGAAGTTTCATAGCG,1
ACGAGCAATGAGTTGT,1
ACGATCTGAACCATAC,1
ACGCAAAGAGACCGAA,1
ACGCAAATAGACCAAA,1
ACGCAAATAGACCGAG,1
ACGCAAATAGACGGAA,1
ACGCAAATAGACTGAA,1
ACGCAAGTAGACCGAA,1
ACGGATGATTTTCGAG,1
ACGGATTCACGAATAA,1
ACGGGAATTGGCTGTT,1
ACGGGATTGGAGAAAC,1
ACGGGGAACGGGAAGC,1
ACGGGGATTAGCTGTT,1
ACGGGGATTGGCGGTG,1
ACGGGGATTGGCTATT,1
ACGGGGATTGGCTGCT,1
ACGGGGATTGTCCGTT,1
ACGGGGATTTGCTGTT,1
ACGGTGATTGGCTGTT,1
ACGTATCTCCGAGCAA,1
ACGTATGAGTTTCGAG,1
ACGTATGATGTTCGAG,1
ACGTATGATTTCCGAG,1
ACGTCCATTAAGACCA,1
ACGTCCATTAAGAGCA,1
ACGTCCATTAAGTTCA,1
ACGTCCATTAATATCA,1
ACGTCGCACTACTGCT,1
ACGTGCCTCCGAGCAA,1
ACGTGGATTGGCTTTT,1
ACGTGGGTGTACGAGA,1
ACGTGTCTACGAGCAA,1
ACGTGTCTCCGAACAA,1
ACGTGTCTCCGAGCGA,1
ACGTTTCTCCGAGCAA,1
ACGTTTTCCAATAGGT,1
ACTAAGAGGCTACGTA,1
ACTACGAAGCTACGTA,1
ACTACGAGAATACGTA,1
ACTACGAGGCTACATA,1
ACTACGAGGCTATGTA,1
ACTACGGGGCTACGTA,1
ACTACGTGGCTACGTA,1
ACTATCTAGAAATTTT,1
ACTATGGCTCGCTAAT,1
ACTCAAATAGACCGAA,1
ACTCTGGATCGCTAAT,1
ACTCTGGCTCCCTAAT,1
ACTCTGGCTCGCAAAT,1
ACTCTGGCTCGCGAAT,1
ACTCTGGCTCGCTAAA,1
ACTCTGGCTCGCTAAG,1
ACTCTGGCTCGCTGAT,1
ACTCTGGTTCGCTAAT,1
ACTCTGTCTCGCTAAT,1
ACTCTTGCTCGCTAAT,1
ACTGACTAGAAATTTT,1
ACTGTCCACCATTGAG,1
ACTGTCGAGAAATTTT,1
ACTGTCGTATCCACAG,1
ACTGTCTACAAATTTT,1
ACTGTCTAGAAATTGT,1
ACTGTCTAGAAATTTC,1
ACTGTCTAGAAGTTTT,1
ACTGTCTAGGAAGTTT,1
ACTGTCTGGAAATTTT,1
ACTGTCTTGAAATTTT,1
ACTGTGGCTCGCTAAT,1
AGAAAAGAAACTGGAG,1
AGAAAATCGCAGATAC,1
AGAAAATCTCAGAAAC,1
AGAAAATCTCAGACAC,1
AGAAAATCTCAGAGAC,1
AGAAAATCTCAGGTAC,1
AGAAAATCTCAGTTAC,1
AGAAAATCTCATATAC,1
AGAAAATCTGAGATAC,1
AGAACCGCAGACACGT,1
AGAACGCCAGTTTCGT,1
AGACACGAGGTTGTGA,1
AGACACGCAGGTGCCA,1
AGACCACCAGTTTCGT,1
AGACCATCACACCCAA,1
AGACCATCGCACCCAG,1
AGACCCACCCTATAGT,1
AGACCGCCAATTTCGT,1
AGACCGCCAGCTTCGT,1
AGACCGCCAGTTTCAC,1
AGACCGCCAGTTTCAT,1
AGACCGCCATTTTCGT,1
AGAGACCTTTAACTCT,1
AGAGCCCAGGTCCTTT,1
AGAGCTAAAAGGAGGA,1
AGAGCTAATAAGAGGA,1
AGAGCTCTTTTCGTTC,1
AGAGGATATATGGCTG,1
AGAGGCGCGCCTTCAA,1
AGAGTCCACCATTGAG,1
AGAGTTAAAAAGAGGA,1
AGAGTTCATAGCTCCA,1
AGATATTGCCCGGAAG,1
AGATCAACCCTATAGT,1
AGATCCACACTATAGT,1
AGATCCACCCTATAAC,1
AGATCCAGGGTCCTTT,1
AGATCCATAGGCATGG,1
AGATCCCAGATCCTTT,1
AGATCCCAGCTCCTTT,1
AGATCCCAGGCCCTTT,1
AGATCCCAGGTCCTTG,1
AGATCCCAGGTCTTTT,1
AGATCCCAGGTTCTTT,1
AGATCCGCCCTATAGT,1
AGATCCTCCCTATAGT,1
AGATCTGTGACATTGC,1
AGATCTTTTACATTTA,1
AGATGGACGGGCATGG,1
AGCAAAGGGATATGTG,1
AGCACAGGGATATGTG,1
AGCACATGCTGGGGAT,1
AGCAGAGGGATATGTG,1
AGCAGCATTGGTCGCC,1
AGCAGCTAACAGATAG,1
AGCATAGCGATATGTG,1
AGCATAGGGAGAGGTG,1
AGCATAGGGAGATGTG,1
AGCATAGGGATATATG,1
AGCATAGGGATATGTT,1
AGCATAGGGCTATTTG,1
AGCATAGGGTTATGTG,1
AGCATAGGTATATGTG,1
AGCATCAAACAGATAG,1
AGCATCTAACAGATAC,1
AGCATCTAACAGATCG,1
AGCATCTAACAGGTAG,1
AGCATTTGCGCTTCAA,1
AGCCCATGCCGGGGAT,1
AGCCCATGCTGGCGAT,1
AGCCCATGCTGGGGAC,1
AGCCCATGCTGGGGGT,1
AGCCCATGCTGGGTAT,1
AGCCCATGCTTGGGAT,1
AGCCCATGGTGGGGAT,1
AGCCCATGTTGGGGAT,1
AGCCCATTCTGGGGAT,1
AGCCCCTGGGGTATCA,1
AGCCGTACCGCGTTTA,1
AGCCTACGAGACGTAA,1
AGCGAATGAATCATCC,1
AGCGACACCGCCCTTT,1
AGCGACATCGCCCTGT,1
AGCGACATCGCCCTTC,1
AGCGCCTGGGGTATCA,1
AGCGGAATTAAGTATG,1
AGCTACTGGGGTATCA,1
AGCTCCATAGGCATGG,1
AGCTCCTAGGGTATCA,1
AGCTCCTGAGGTATCA,1
AGCTCCTGGAGTATCA,1
AGCTCCTGGGGGATCA,1
AGCTCCTGGGGTAGCA,1
AGCTCCTGGGGTATCG,1
AGCTCCTGGGGTATGA,1
AGCTCCTGGGTTATCA,1
AGCTCTTGGGGTATCA,1
AGCTGAAGTAAGTATG,1
AGCTGAATCAAGTATG,1
AGCTGAATGAAGTATG,1
AGCTGAATTAAGTAAG,1
AGCTGAATTAGGTATG,1
AGCTGAGTTAAGTATG,1
AGCTGGATTAAGTATG,1
AGCTTCAGACTCTTGC,1
AGCTTCTGGGGTATCA,1
AGGAAACATGCATTGG,1
AGGAAAGAAACCGGAG,1
AGGAAAGAAACGGGAG,1
AGGAAAGAAACTGAAG,1
AGGAAAGAAACTGGAT,1
AGGAAAGAAAGTGGAG,1
AGGAAATAAACTGGAG,1
AGGAAGGAAACTGGAG,1
AGGACCATAGTTGGCA,1
AGGACTAGAGTTGGCA,1
AGGACTATAGCTGGCA,1
AGGACTATAGTCGGCA,1
AGGACTATAGTTGGCG,1
AGGACTATAGTTGTCT,1
AGGACTATATTTGGCA,1
AGGAGATTATAACGTA,1
AGGAGCATGAAGAGCG,1
AGGAGTAAGAAGAGCG,1
AGGAGTACGAAGAGCG,1
AGGAGTAGGAAGAGCG,1
AGGAGTATGAAGAGCT,1
AGGAGTATTAAGAGCG,1
AGGCCAGTAAGGACTA,1
AGGCCATCGCACCCAA,1
AGGCCCGTAAGGACGA,1
AGGCCCGTAATGACTA,1
AGGCCTGTAAGGACTA,1
AGGCGGCTCTTGATTA,1
AGGCTCGTAAGGACTA,1
AGGGCTATAGTTGGCA,1
AGGGGGATTGGCTGTT,1
AGGGTCCCTATGTAAT,1
AGGGTTGAAGAGGCGA,1
AGGGTTGAATAGGCGA,1
AGGTAAGAAACTGGAG,1
AGGTCCAGACTCTTGC,1
AGGTCCCAGGTCCTTT,1
AGGTGGACGGGAATGG,1
AGGTGGACGGGCATAA,1
AGGTGGACGGGCATAG,1
AGGTGGACGGGCATTG,1
AGGTGGAGGGGCATGG,1
AGGTGTCTCCGAGCAA,1
AGGTTAAGAGAAAGTT,1
AGGTTCAAACTCTTGC,1
AGGTTCAGACTATTGC,1
AGGTTCAGACTCTTTC,1
AGGTTCAGACTGTTGC,1
AGGTTCAGGCTCTTGC,1
AGGTTCATACTCTTGC,1
AGTAAAAATGCATTGG,1
AGTAAACATGAATTGG,1
AGTAAACATGCATCGG,1
AGTAAACATGCATTAA,1
AGTAAACATGCATTGC,1
AGTAAACATGCATTTG,1
AGTAAAGAAACTGGAG,1
AGTACTTGCGCTTCAA,1
AGTAGACATGCATTGG,1
AGTAGTATGAAGAGCG,1
AGTAGTTGCGCTTCAA,1
AGTATTGGCGCTTCAA,1
AGTATTTGAGCTTCAA,1
AGTATTTGCCCTTCAA,1
AGTATTTGCGCGTCAA,1
AGTATTTGCGCTCCAA,1
AGTATTTGCGCTTAAA,1
AGTATTTGCGCTTCGA,1
AGTCCATGCTGGGGAT,1
AGTCCCATAGGCATGG,1
AGTCCCGTAAGGACTA,1
AGTCCGAAGGGGGTAG,1
AGTCCGAATGGGGTAG,1
AGTCCTATCCTTAAAT,1
AGTCCTTTAGATAGTT,1
AGTCGGTTAGATAGTT,1
AGTCGTATAGATAGTT,1
AGTCGTTCAGATAGTT,1
AGTCGTTGAGATAGTT,1
AGTCGTTTAGATAGTC,1
AGTCGTTTAGATAGTG,1
AGTGAACATGAATTGG,1
AGTGGTTTAGATAGTT,1
AGTGTAGGCTTGGTTA,1
AGTGTCATATCTAATA,1
AGTGTCGAATAGGCGA,1
AGTGTCTAGAAATTTT,1
AGTGTTGAACAGGCGA,1
AGTGTTGAATACGCGA,1
AGTGTTGAATAGAAGA,1
AGTGTTGCCTTGGTTA,1
AGTGTTGGCTCGGTTA,1
AGTGTTGGCTTAGTTA,1
AGTGTTGGCTTGGTCA,1
AGTGTTGGCTTGGTTG,1
AGTGTTGTATAGGCGA,1
AGTTAACGGCCTATCC,1
AGTTCCACAGGCATGG,1
AGTTCCATAGGCATGC,1
AGTTCCATAGGCATTG,1
AGTTCCATAGGTATGG,1
AGTTCCATGGGCATGG,1
AGTTCCCAGGTCCTTT,1
AGTTGAGGTCTCCCTT,1
AGTTGGGATCTCCCTT,1
AGTTGGGGTATCACTT,1
AGTTGGGGTCTACCTT,1
AGTTGGGGTCTCCCGT,1
AGTTGGGGTCTCCCTG,1
AGTTGGGGTCTCCTTT,1
AGTTGGGGTCTTCCTT,1
AGTTGGGGTGTCCCTT,1
AGTTTATCCGAGAGCG,1
AGTTTCTATAACTTGC,1
AGTTTTTATAAATTGC,1
AGTTTTTATAACTTAC,1
ATAACGTTTATGCAAA,1
ATAACTGAGGACATTG,1
ATAACTGAGGGCACTG,1
ATAACTGAGGGCAGTG,1
ATAACTGAGGGCATCG,1
ATAACTGAGGGGATTG,1
ATAATCTGAACCATAC,1
ATACAAGAGGTTGTGA,1
ATACACGAGGCTGTGA,1
ATACACGAGGGTGTGA,1
ATACACGAGGTTATGA,1
ATACACGAGGTTGTTA,1
ATACACGCATGGGCCA,1
ATACACGCATGTGCCT,1
ATACACGCATGTGTCA,1
ATACACGCGTGTGCCA,1
ATACATGAGGTTGTGA,1
ATACGAATTTGATTCC,1
ATACGGGTTGGCTGTA,1
ATAGAAAATTATCAGC,1
ATAGAACTGCGGCCCC,1
ATAGAATCTCAAATTA,1
ATAGAATTGCAAATTA,1
ATAGCACAGCGTAGGC,1
ATAGCGTTTGTGCAAA,1
ATAGGATATAAGGCTG,1
ATAGGATATATGGCGG,1
ATAGGATATATGGTTG,1
ATAGGATATGTGGCTG,1
ATAGGATTGGAGAAAC,1
ATAGGGTATATGGCTG,1
ATAGTACGATCTACGC,1
ATAGTATATATGGCTG,1
ATATAAAAAACTGAGT,1
ATATAAAATTATCCGC,1
ATATAAACCGTTTGTA,1
ATATAAAGAACTTAGT,1
ATATAATCGCAAATTA,1
ATATACGAGGTTGTGA,1
ATATCCACCCTATAGT,1
ATATGAAAAACTTAGT,1
ATATGATATATGGCTG,1
ATATTCCAGAGTGTAA,1
ATCAAGTTACGGATGG,1
ATCAATGTCGTAGGAT,1
ATCAGATTATAACGTA,1
ATCAGATTTAAAGGCA,1
ATCAGCAATGAGTTGC,1
ATCAGCAATGAGTTGT,1
ATCAGGATAAGCGCGC,1
ATCAGGATAATAGCGC,1
ATCAGGGTAATCGCGC,1
ATCAGTATAATCGCGC,1
ATCATAGGGATATGTG,1
ATCCGACTTAAAGGCA,1
ATCCGATTTAAAGGCT,1
ATCCTATGCTGGGGAT,1
ATCCTATTTAAAGGCA,1
ATCGACATCGCCCTTT,1
ATCGCATCCTGGAATG,1
ATCGCCGCTAATCCGA,1
ATCGGATTGGAGAAAC,1
ATCGGTTCCGACTAAG,1
ATCTGGATAATCGCGC,1
ATGACCCACGGGCATA,1
ATGACGTTTGTGCAAA,1
ATGACTGAGGGCATTG,1
ATGAGATTATAACGTA,1
ATGAGGGATTCAACTC,1
ATGCCGAATGGGGTAG,1
ATGGAATTGGAGAAAC,1
ATGGACCACGGGCATA,1
ATGGCCAACGGGCATA,1
ATGGCCCAAGGGCATA,1
ATGGCCCACGGGCACA,1
ATGGCCCACGGGCATG,1
ATGGCCCACGGGCATT,1
ATGGCCCATGGGCATA,1
ATGGGATAGGAGAAAC,1
ATGGGATGGGAGAAAC,1
ATGGGATGGGAGAGAC,1
ATGGGATTGAAGAAAC,1
ATGGGATTGGAGACAC,1
ATGGGATTGGAGAGAC,1
ATGGGATTGGAGAGTC,1
ATGGGATTGGAGTAAC,1
ATGGGATTGGTGAAAC,1
ATGGGATTGTCCGGAA,1
ATGGGGATACGTCACC,1
ATGGTTCTACGTCCAT,1
ATGGTTTTACGTCCAC,1
ATGGTTTTATGTCCAT,1
ATGGTTTTGCGTCCAT,1
ATGTACCTGCAGTTGA,1
ATGTATGATTTTCGAG,1
ATGTGTCTCCGAGCAA,1
ATGTTCAGACTCTTGC,1
ATTAAATTATAACGTA,1
ATTAAGGCTACGTGAG,1
ATTACATTATAACGTA,1
ATTAGAGAATACTAGA,1
ATTAGAGCTACGTGAG,1
ATTAGATCATAACGTA,1
ATTAGATGATAACGTA,1
ATTAGATTACAACGTA,1
ATTAGATTAGAACGTA,1
ATTAGATTATAACCTA,1
ATTAGATTATAACGTG,1
ATTAGGGCAACGTGAG,1
ATTAGGGCGACGTGAG,1
ATTAGGGCTACGAGAG,1
ATTAGGGCTACTTGAG,1
ATTAGGGCTATGTGAG,1
ATTAGGGCTGCGTGAG,1
ATTAGGGGTACGTGAG,1
ATTAGGTATTACATGC,1
ATTATCATATCTAGTA,1
ATTATTATGACTTCAT,1
ATTCACAGAACCTATC,1
ATTCCGAAGGGGGGAG,1
ATTCCGAATGAGGTAG,1
ATTCCGAATGCGGTAG,1
ATTCCGAATGGGCTAG,1
ATTCCGAATGGGGCAG,1
ATTCCGAATGGGGGAC,1
ATTCCGAATGGGGTAT,1
ATTCCGACTGGGGTAG,1
ATTCGCTGGCACCCGT,1
ATTCGGAATGGGGTAG,1
ATTCTGAATGGGGTAT,1
ATTCTTCTATGGCTAC,1
ATTGCCCACGGGCATA,1
ATTGCGAGCATGTCAA,1
ATTGGATATATGGCTG,1
ATTGTCGAATAGGCGA,1
ATTGTTGAATAGGCGA,1
ATTGTTTTACGTCCAT,1
ATTTAAACTCGAGGAC,1
ATTTAAATGCGAGGAC,1
ATTTAAATTCCAGGAC,1
ATTTAAATTCGAAGAC,1
ATTTAAATTCGACGAC,1
ATTTAAATTCGAGGGC,1
ATTTAAATTCTAGGAC,1
ATTTACTCATTAGACG,1
ATTTGGGCTACGTGAG,1
ATTTTCCTATGGCTAC,1
ATTTTCTAGTACGCTT,1
ATTTTTATATGGCTAC,1
ATTTTTCTAAGGCTAC,1
ATTTTTCTACGACTAC,1
ATTTTTCTATGACTAC,1
ATTTTTCTATGGCTAA,1
ATTTTTCTATGGGTAC,1
ATTTTTCTATGTCTAC,1
ATTTTTCTATTGCTAC,1
ATTTTTCTGTGGCTAC,1
ATTTTTTATAACTTGC,1
CAAAAGCAGAACGATA,1
CAAAAGCTACGGCGAC,1
CAAAATATACGGCGAC,1
CAAAATCCACGGCGAC,1
CAAAATCGACGGCGAC,1
CAAAATCTACGGCAAC,1
CAAAGGCTGCATTAGG,1
CAAATGCTGCACTAGG,1
CAAATGCTGCATTAGA,1
CAAATGCTGCGTTAGG,1
CAAATGCTGCTTTAGG,1
CAAATGCTGGATTAGG,1
CAACTAGAAATACATA,1
CAAGTAGAAATACATA,1
CAATAAGCCAGCAAGA,1
CAATCTGTAGAGCGCT,1
CAATTAGAAACACATA,1
CAATTAGAAAGACATA,1
CAATTAGAAATATATA,1
CAATTCCCCGTTCCCC,1
CAATTCGCCGTTCCAC,1
CAATTCGCCGTTCCCA,1
CAATTCGCCGTTCCTC,1
CAATTCTGATGAATTG,1
CACAAAAGGGACATAT,1
CACAAATCTTCGAACT,1
CACACAGAGTTTGTTG,1
CACAGAAAATAAAAAA,1
CACAGACAAGAAAAAA,1
CACAGACAATGAAAAA,1
CACAGCGCCGAGCACC,1
CACATACCGACGCAGT,1
CACCAACAGCACCTAG,1
CACCAATGTCATTCGA,1
CACCAATGTCATTTGA,1
CACCACGCCGAGCACC,1
CACCATCAGCACCTGG,1
CACCATCAGCATCTAG,1
CACCGCGACGAGCACC,1
CACCGCGCAGAGCACC,1
CACCGCGCCGAACACC,1
CACCGCGCCGAGCAAC,1
CACCGCGCCGAGCATC,1
CACCGCTCCGAGCACC,1
CACCTAGGACCGCACT,1
CACCTAGGATAGCACT,1
CACCTAGGATCGAACT,1
CACGAGATGTACAGTC,1
CACGCCCGGCGAACTC,1
CACGCTCTAGAGCTCT,1
CACGGACAATAAAAAA,1
CACGGACTAATGTCTC,1
CACGGCCCGCGAACTC,1
CACGGCCGACGAACTC,1
CACGGCCGGCGAAATC,1
CACGGCCGGCGGACTC,1
CACGGCCGTCGAACTC,1
CACGGCTGGCGAACTC,1
CACGGGATAATGTCTC,1
CACGGGCCAATGTCTC,1
CACGGGCTAATGGCTC,1
CACGGGCTAATGTCGC,1
CACGGGCTAATGTCTA,1
CACGGGCTAATTTCTC,1
CACGGGCTGATGTCTC,1
CACGGTCTAATGTCTC,1
CACGTGCTAATGTCTC,1
CACTAGAGGGACAGTC,1
CACTAGATATACAGTC,1
CACTAGATGTAAAGTC,1
CACTAGATGTACAGGC,1
CACTAGATGTACAGTA,1
CACTAGATGTACAGTG,1
CACTAGATGTACGGTC,1
CACTAGATGTATAGTC,1
CACTAGGTGTACAGTC,1
CACTATATGTACAGTC,1
CACTGAGGCGCGCAAG,1
CACTGCGCGGCTCGGG,1
CACTGGATGTACAGTC,1
CACTGGATGTACATTC,1
CACTGGCTAATGTCTC,1
CACTTGATGTACAGTC,1
CAGAAAATCGTTGTCT,1
CAGAACCCCGTTGTCT,1
CAGAACCTCGCTGTCT,1
CAGAACCTCGTCGTCT,1
CAGAACCTCGTTGTCG,1
CAGAACCTGGTTGTCT,1
CAGAACTTCGTTGTCT,1
CAGAACTTGTCGATAT,1
CAGATAAAATAGAGAC,1
CAGATAATAGAGAGAC,1
CAGATAATGATGAACA,1
CAGATAGTGACGAACA,1
CAGATAGTGATGAAAA,1
CAGATAGTGATGAACG,1
CAGATAGTGATGAACT,1
CAGATAGTGATGAATA,1
CAGATAGTGATTAACA,1
CAGATATTGATGAACA,1
CAGATGCTGCATTAGG,1
CAGATGGTGATGAACA,1
CAGCATCAGCACCTAG,1
CAGCATTGTCGGAAAG,1
CAGGAGGCCTGGCCCC,1
CAGGATCTAGAGCTCT,1
CAGGCGCTAGAGCTCT,1
CAGGCTCTAGAGATCT,1
CAGGCTCTAGAGCCCT,1
CAGGCTCTAGAGCTAT,1
CAGGCTCTAGAGCTTT,1
CAGGCTCTAGATGGTA,1
CAGGCTCTAGATTTCT,1
CAGGCTCTATAGCTCT,1
CAGGCTCTGGAGCTCT,1
CAGGCTTTAGAGCTCT,1
CAGGGACAAGATTGTA,1
CAGGTTCTAGAGCTCT,1
CAGTCGGGACTCATCT,1
CAGTCTCTAGAGCTCT,1
CAGTTAGTGATGAACA,1
CATAAAAGAATGTATA,1
CATAAAAGACTATATA,1
CATAAAAGACTGGATA,1
CATAAAAGACTGTACA,1
CATAAAAGACTGTATG,1
CATAAAAGACTGTCTA,1
CATAAAAGACTGTGTA,1
CATAACCTCGTTGTCT,1
CATACAGAGTTTGCTG,1
CATACAGAGTTTGTCA,1
CATAGACAATAAAAAA,1
CATATAATATAGAGAC,1
CATATAGTGATGAACA,1
CATATTAGTAACATAA,1
CATCGCCATCGACTTC,1
CATCTCTGATGAATTG,1
CATGAGGAGCCCAACA,1
CATGCGGAGCCCAACA,1
CATGGAGACGCGCAAG,1
CATGGGAACTGCCACT,1
CATGGGAATGGCCACT,1
CATGGGAATTGGCACT,1
CATGGGGAGGGCCACT,1
CATGGTAATTGCCACT,1
CATGTAGAGCCCAACA,1
CATGTGAATTCGCCAA,1
CATGTGGAACCCAACA,1
CATGTGGAGCACAACA,1
CATGTGGAGCCCAAAA,1
CATGTGGAGCCCAACT,1
CATGTGGAGCCCCACA,1
CATGTGGAGCTCAACA,1
CATGTGGAGGCCAACA,1
CATGTGGAGTCCAACA,1
CATGTTAATTCGCCCA,1
CATTGAGACAAGCAAG,1
CATTGAGACCCGCAAG,1
CATTGAGACGAGCAAG,1
CATTGAGACGCGCAAC,1
CATTGAGACGCGGAAG,1
CATTGAGAGAAGTGCG,1
CATTGATACGCGCAAG,1
CATTTAGACGAGCAAG,1
CATTTATGATGAATTG,1
CATTTCTGATGAATAG,1
CATTTCTGATGAATCG,1
CATTTCTGATGAATGG,1
CATTTCTGGTGAATTG,1
CCAAAAGCTTAACTCA,1
CCAAACTTGGCGCATC,1
CCAAAGTCTCGAGAAG,1
CCAACACAAAAAGTTA,1
CCAACACAAGAAATTA,1
CCAACATAAAAAATTA,1
CCAAGCTTAGCGCATC,1
CCAAGCTTGGCACATC,1
CCAAGCTTGGCGAATC,1
CCAAGCTTGGCGCATG,1
CCAAGCTTGGCGCATT,1
CCAATCCCAGCCCTTA,1
CCAATCCCAGCCTCTA,1
CCAATCCCAGCCTTTG,1
CCAATCCCGGCCTTTA,1
CCAATCTCAGCCTTTA,1
CCAGCACAAAAAATTA,1
CCATCCTCAAGGGTAA,1
CCATCTTAATCTACAG,1
CCATGCGCGGCTCGGG,1
CCATGGAACTAACTCC,1
CCCACTTTACGAGACA,1
CCCAGCAATGAGTTGT,1
CCCAGCTCGTATCCCT,1
CCCATCCTCTAAAGTT,1
CCCCCACTGTTTAAAA,1
CCCCCCTCAAGGGTAA,1
CCCCCGCTGTCTAAAA,1
CCCCTCCTATAAAGTT,1
CCCCTCCTCCAAAGTT,1
CCCCTCCTCGAAAGTT,1
CCCCTCCTCTAAAGCT,1
CCCCTCCTCTAAAGGT,1
CCCCTCCTCTAAAGTA,1
CCCCTCCTCTAAATTT,1
CCCGAATGAATCATCC,1
CCCGCTGCGGCGTGTG,1
CCCGGGACCAAAACTT,1
CCCGGGTTAAGTTGTG,1
CCCGTCCTCTAAAGTT,1
CCCTATGAAATAAGCA,1
CCCTATGAAATAAGCC,1
CCCTATGAAATAAGCG,1
CCCTATGAAATGAGCT,1
CCCTATGAGATAAGCT,1
CCCTATGATATAAGCT,1
CCCTATGTAATAAGCT,1
CCCTCCCCAAGGGTAA,1
CCCTCCTAAAGGGTAA,1
CCCTCCTCAAGGGTAG,1
CCCTCTACGGATCTCT,1
CCCTGCGCAGCTCGGG,1
CCCTGCGCCGCTCGGG,1
CCCTGCGCGACTCGGG,1
CCCTGCGCGCCTCGGG,1
CCCTGCGCGGCTTGGG,1
CCCTGCGCGGGTCGGG,1
CCCTGCGCGTCTCGGG,1
CCCTGCGCTGCTCGGG,1
CCCTGTACGGATCTCT,1
CCCTTACGCTCCTACG,1
CCCTTGACGGATCTCT,1
CCCTTTACGGATCGCT,1
CCCTTTACGGATCTCA,1
CCGAACGAAGTAGGAG,1
CCGAACTTATCTGTGG,1
CCGAACTTGTCGATAT,1
CCGAGCACGTTTAGAG,1
CCGAGTTAATATGCGC,1
CCGATTACTAGCCGGA,1
CCGCATTATCGGGAGG,1
CCGCTTCAACTAAAAA,1
CCGGAACATACATAAC,1
CCGGAATCTCCCATAC,1
CCGGACAAATCAGAAC,1
CCGGAGAAATCAGAAC,1
CCGGATAAATCAAAAC,1
CCGGATAAATCAGAAT,1
CCGGATAAATCAGGAC,1
CCGGATAAATCCGAAC,1
CCGGATAAATGAGAAC,1
CCGGATGAATCAGAAC,1
CCGGGACAAGATTGTA,1
CCGTCCGTTGGGAACT,1
CCGTCGCACTACTGCT,1
CCTACAGAATACTAGA,1
CCTCGGCTCTTGATTA,1
CCTCGGTTAAGTTGTG,1
CCTGAGTTAAGTTGTG,1
CCTGCGTTAAGTTGTG,1
CCTGGATGCATTCCCG,1
CCTGGGTGAAGTGGTG,1
CCTGGGTTAACTTGTG,1
CCTGGGTTAAGATGTG,1
CCTGGGTTAAGCTGTG,1
CCTGGGTTAAGTCGTG,1
CCTGGGTTAAGTTCTG,1
CCTGGGTTAAGTTGAG,1
CCTGGGTTAAGTTGTC,1
CCTGGGTTAGGTTGTG,1
CCTTAATGCATTCCCG,1
CCTTAGAGTGAACGAT,1
CCTTAGTCCTCGTATG,1
CCTTCAGCGATAACGG,1
CCTTCCTCAAGGGTAA,1
CCTTGATGCATACCCG,1
CCTTGATGCATTCGCG,1
CCTTGATGCGTTCCCG,1
CCTTTACCACTGCATC,1
CCTTTCTAGTACGCTT,1
CCTTTCTCAAAACGTA,1
CCTTTCTCGAAACATA,1
CGAAAACATGACAAAT,1
CGAAAACATTAAAAAT,1
CGAAAACATTACAAAA,1
CGAAAACATTGCAAAT,1
CGAAACAAGTCCCAGT,1
CGAAACACGTACCAGT,1
CGAAACACGTCCAAGT,1
CGAAACACGTCCCAAC,1
CGAAACACGTCCCATT,1
CGAAACACGTCCCGGT,1
CGAAACACGTCTCAGT,1
CGAAACAGGTCCCAGT,1
CGAAACGCAGACACGT,1
CGAAAGCAGCACGATA,1
CGAACACAAAAAATTA,1
CGAACAGTGTAATCGA,1
CGAACCGCAGACACTT,1
CGAACGGCAGACACGT,1
CGAACTGCAGACACGT,1
CGAAGCACGTCCCAGT,1
CGAAGCTTGGCGCATC,1
CGAATCGCAGACACGT,1
CGACGCCACGGACGCC,1
CGACTCCAAGGACGCC,1
CGACTCCACGGAAGCC,1
CGACTCCACGGACCCC,1
CGACTCCACGGACGTC,1
CGACTCCACGTACGCC,1
CGACTCCACTGACGCC,1
CGACTCCATGGACGCC,1
CGACTCCGCGGACGCC,1
CGAGACACGTCCCAGT,1
CGAGCCGCAGACACGT,1
CGAGTTCATAGCTCCA,1
CGATCCACCCTATAGT,1
CGATCCCAGGTCCTTT,1
CGATCGGGACTCATCT,1
CGATCTTTTACATTTA,1
CGCACAGTGTAATCGA,1
CGCACTTGACGAGACA,1
CGCACTTTACAAGACA,1
CGCACTTTACGAGAAA,1
CGCACTTTACGAGAGA,1
CGCACTTTACGATACA,1
CGCACTTTATGAGACA,1
CGCAGAATTGGTCGCC,1
CGCAGCATTGGTCCCC,1
CGCATCATTGGTCGCC,1
CGCATCTAACAGATAG,1
CGCCACACCCTTCCGG,1
CGCCATCAGCACCTAG,1
CGCGACACCATTCCGG,1
CGCGACACCCGTCCGG,1
CGCGACACCCTCCCGG,1
CGCGACACCCTTCAGG,1
CGCGACACCCTTCGGG,1
CGCGACACCCTTCTGG,1
CGCGACATCCTTCCGG,1
CGCGACGCCCTTCCGG,1
CGCTCAGCGATAACGG,1
CGGAAAATGTAAATGA,1
CGGAAACATACATAAC,1
CGGAAACATTACAAAT,1
CGGAACACGTCCCAGT,1
CGGAACCTAGATGGTA,1
CGGAATCGTCACCGAT,1
CGGACCCTACATGGTA,1
CGGACCCTAGACGGTA,1
CGGACCCTAGATAGTA,1
CGGACCCTAGGTGGTA,1
CGGACCGCAGACACGT,1
CGGACCTTAGATGGTA,1
CGGAGTATGAAGAGCG,1
CGGATCCTAGATGGTA,1
CGGCAAGGGAATCAAA,1
CGGCAATCTCCCATAC,1
CGGCCAGAGAATCAAA,1
CGGCCAGGGAACCAAA,1
CGGCCAGGGAATCAGA,1
CGGCCAGGGAATCATA,1
CGGCCAGGGAATCGAA,1
CGGCCAGGGAATTAAA,1
CGGCCAGGGGATCAAA,1
CGGCCGGGACTCATCT,1
CGGGAAATATAAATGA,1
CGGGAAATGTAAACGA,1
CGGGAAATGTAAATTA,1
CGGGAAATGTAATCGA,1
CGGGAAATGTAGATGA,1
CGGGAACAAGATTGTA,1
CGGGAACATAAATAAC,1
CGGGAACATACATAAA,1
CGGGAACATACATAAT,1
CGGGAACATACGTAAC,1
CGGGAACATGCATAAC,1
CGGGAATCCCCCATAC,1
CGGGAATCTCCAATAC,1
CGGGAATCTCCCAGAC,1
CGGGAATTTCCCATAC,1
CGGGAGATGTAAATGA,1
CGGGATAAATCAGAAC,1
CGGGGAATGTAAATGA,1
CGGGGACAAGAGGGTA,1
CGGGGACAAGATCGTA,1
CGGGGACAAGGTTGTA,1
CGGGGACATACATAAC,1
CGGGGACGAGATTGTA,1
CGGGGGTAGAGATACG,1
CGGGTACCCTTCAGCA,1
CGGTAATCTCCCATAC,1
CGGTACCTGCAGTTGA,1
CGGTCAGGACTCATCT,1
CGGTCCGGACTCATCT,1
CGGTCGGGACTAATCT,1
CGGTCGGGACTCACCT,1
CGGTCGGGACTCAGCT,1
CGGTCGGGACTCATCG,1
CGGTCGGGATTCATCT,1
CGGTCTCGACTCATCT,1
CGGTGACAAGATTGTA,1
CGGTTCAGACTCTTGC,1
CGGTTTTGGTTCGAGG,1
CGTAACACGTCCCAGT,1
CGTACACTGTAATCGA,1
CGTACAGAATACTAGA,1
CGTACAGAGTTTGTTG,1
CGTACAGCGATAACGG,1
CGTACAGTGCAATCGA,1
CGTACAGTGGAAGCGA,1
CGTACAGTGTAACCGA,1
CGTACAGTGTAATCGG,1
CGTACAGTGTAATTGA,1
CGTACAGTGTAGTCGA,1
CGTACAGTGTGATCGA,1
CGTACATATGTCCCAG,1
CGTACATTGTAATCGA,1
CGTACGGTGTAATCGA,1
CGTACGTATGTCCCAA,1
CGTAGCATTGGTCGCC,1
CGTAGGTATTATATGC,1
CGTATAGTGTAATCGA,1
CGTCCAGGGAATCAAA,1
CGTCTACCCTTCAGCA,1
CGTGACCCACTCCAAC,1
CGTGACCCCCTCCAGC,1
CGTGACCCCCTCCGAC,1
CGTGACCCCTTCCAAC,1
CGTGACCTCCTCCAAC,1
CGTGCAGTGTAATCGA,1
CGTGGACAAGATGGTA,1
CGTGGACAAGATTGTA,1
CGTGGAGCGCCCTTAC,1
CGTGGGAATTGCCACT,1
CGTGGGTTAAGTTGTG,1
CGTGTACCCATCAGCA,1
CGTGTACCCTACAGCA,1
CGTGTACCCTGCAGCA,1
CGTGTACCCTTCAGGA,1
CGTGTACCCTTGAGCA,1
CGTGTCCCCCTCAGCA,1
CGTGTTGGCTTGGTTA,1
CGTTAACGCCCTATCC,1
CGTTAACGGACTATCC,1
CGTTAACGGCCCATCC,1
CGTTACCCCCTCCAAC,1
CGTTCAGCCATAACGG,1
CGTTCAGCGACAACGG,1
CGTTCAGCGATAACAA,1
CGTTCAGCGATGACGG,1
CGTTCCATAGGCATGA,1
CGTTGAGCGATAACGG,1
CGTTTCTGATGAATTG,1
CGTTTTTGGCTCGAGG,1
CTAAATGTCGTAGGAT,1
CTAACACAGCGTAGGC,1
CTAACCGCAGACACGT,1
CTAACTTAAGTATCAA,1
CTAATCTAAGTATCAA,1
CTAATTTAAGCATCAA,1
CTAATTTAAGTGTCAA,1
CTAATTTACTGAAGGG,1
CTAATTTAGGTATCAA,1
CTAATTTGAGTATCAA,1
CTAATTTTAGTATCAA,1
CTACAAACCTGCAAAT,1
CTACCCAGTTCCTGCG,1
CTACTCCACGGACGCC,1
CTAGAAACCGTTTGTA,1
CTAGCAAAGCGTAGGC,1
CTAGCACAGAGTAGGC,1
CTAGCACAGCGTAAGC,1
CTAGCACAGCGTACGC,1
CTAGCACAGCGTTGGC,1
CTAGCACAGGGTAGGC,1
CTAGCACGGCGTAGGC,1
CTAGGACAGCGTAGGC,1
CTAGTACAGCGTAGGC,1
CTATAAACCGTTTGTG,1
CTATAAACCGTTTTTA,1
CTATAAACCTTTTGTA,1
CTATAAATCGTTTGTA,1
CTATACCTGCAGTTGA,1
CTATACTGCCCGGAAG,1
CTATATTCCCCGGAAG,1
CTATATTGCCCGGAAC,1
CTATATTGCTCGGAAG,1
CTATATTGGCCGGAAG,1
CTATCTCAATCTACAG,1
CTATCTGAATCTACAG,1
CTATCTTAATCTACAC,1
CTATCTTAATCTACAT,1
CTATCTTAATCTATAG,1
CTATCTTGATCTACAG,1
CTATCTTTACGAAAAA,1
CTATCTTTATCTACAG,1
CTATGTTGCCCGGAAG,1
CTATTTAACAAACGTA,1
CTATTTAACAGACGGA,1
CTATTTAAGAGACGTA,1
CTATTTAATAGACGTA,1
CTCAAAGAATTGGCGC,1
CTCAAATAATAGGCGA,1
CTCAAATAATTGGCGA,1
CTCAAATAATTGGCTC,1
CTCAAATAATTGTCGC,1
CTCAAATAGTTGGCGC,1
CTCAATGTCGTAAGAT,1
CTCAATGTCGTACGAT,1
CTCAATGTCGTAGTAT,1
CTCAATGTTGTAGGAT,1
CTCACAGAATACTAGA,1
CTCACTTTACGAGACA,1
CTCAGGGATTCAACTC,1
CTCATCAAGTTGGTGC,1
CTCCCAGGGGACGATT,1
CTCCTAGGGAACGATT,1
CTCCTAGGGGACCATT,1
CTCGAATAATTGGCGC,1
CTCGAGGCCTGGCCCC,1
CTCGATGTCGTAGGAT,1
CTCGTAGGGGACGATT,1
CTCTAAATTATAGTCT,1
CTCTATGAAATAAGCT,1
CTCTTACGCTCATACG,1
CTCTTACGCTCCTAAG,1
CTCTTACGCTCCTAGG,1
CTGAACCTATCTGTAG,1
CTGAACCTCGTTGTCT,1
CTGAACGTGTCGATAT,1
CTGAACTTAGCTGTGG,1
CTGAACTTATCGGTGG,1
CTGAACTTATCTATGG,1
CTGAACTTATCTCTGG,1
CTGAACTTATCTGTTG,1
CTGAACTTGGCGATAT,1
CTGAACTTGTCAATAT,1
CTGAACTTGTCGAGAT,1
CTGAAGGATTCAACTC,1
CTGAATGTCGTAGGAT,1
CTGAGCGAGAAAAGCA,1
CTGAGCTCCCAATAAG,1
CTGAGCTGCCAATAAC,1
CTGAGCTGCCAATAAT,1
CTGAGCTGCCAATAGG,1
CTGAGCTGCTAATAAG,1
CTGAGCTTGTCGATAT,1
CTGAGGGATTCAACTA,1
CTGAGGGATTCAAGTC,1
CTGAGGGATTCGACTC,1
CTGAGGTATTATATGC,1
CTGATCTGCCAATAAG,1
CTGATTTAAGTATCAA,1
CTGCAATTGAAACATA,1
CTGCAGGCCTGGCCCC,1
CTGCCAGGGAATCAAA,1
CTGCGATTGTCCGGAA,1
CTGCGGCTCGTGATTA,1
CTGGAAATGTAAATGA,1
CTGGAATCTCCCATAC,1
CTGGAGACCTGGCCCC,1
CTGGAGCCCTGGCCCC,1
CTGGAGGCCTGCCCCC,1
CTGGAGGCCTGGCCCG,1
CTGGAGGCCTGGCGCC,1
CTGGAGGCCTGTCCTC,1
CTGGCACAGCGTAGGC,1
CTGTACAGGCAGTTGA,1
CTGTACATGCAGTTGA,1
CTGTACCGGCAGTTGA,1
CTGTACCTGCAGTCGA,1
CTGTACCTGCAGTTGC,1
CTGTACCTGCAGTTTA,1
CTGTACCTGCGGTTGA,1
CTGTACTTGCAGTTGA,1
CTGTAGCTGCAGTTGA,1
CTGTATCTGCAGTTGA,1
CTGTATTGCCCGGAAG,1
CTGTCTTAATCTACAG,1
CTTAATGCGCGAGAGT,1
CTTACACAATACTAGA,1
CTTACAGAAGACTAGA,1
CTTACAGAATAATAGA,1
CTTACAGAATACCAGA,1
CTTACAGAATACTGGA,1
CTTACAGAATACTTGA,1
CTTACAGAATAGTAGA,1
CTTACAGAGTACTAGA,1
CTTACAGAGTTTGTTG,1
CTTACGTATGTCCCAG,1
CTTACTGCGAGAGAGT,1
CTTACTGCGCGAGAAT,1
CTTAGCTATTATATGC,1
CTTAGGTATCATATGC,1
CTTAGGTATTACATTC,1
CTTAGGTATTATAAGC,1
CTTAGGTGTTATATGC,1
CTTATGTATTATATGC,1
CTTCGGCTCTTAATTA,1
CTTCGGCTCTTGACTA,1
CTTGACCCCCTCCAAC,1
CTTGCAGAATAATAGA,1
CTTGCAGAATACTAGA,1
CTTGGGTTAAGTTGTG,1
CTTTAAAGTATAGTCT,1
CTTTAAATTATAGTAT,1
CTTTGAGACGCGCAAG,1
CTTTGATGCATTCCCA,1
CTTTTCTAGCACGCTT,1
CTTTTCTAGTAAGCTT,1
CTTTTCTAGTACACTT,1
CTTTTCTAGTACGCCC,1
CTTTTCTATTACTCTT,1
CTTTTTTAGTACGCTT,1
GAAAAATTTATGACAA,1
GAAAACCCCGTGCAAT,1
GAAAGATTTAGGGAAA,1
GAAAGCAAAGTTGACC,1
GAAAGCCCCAAATAAC,1
GAAAGCCCCGTGAAAT,1
GAAAGCCCCGTGCAAG,1
GAAAGCCCCTATGATG,1
GAAAGCCCCTTGCCAT,1
GAAAGCCCTGTGCAAT,1
GAAAGCCTCGTGCAAT,1
GAAAGCGCCGTGCAAT,1
GAAAGTCACTATAATG,1
GAAAGTCACTATGATG,1
GAAAGTCCATATGATG,1
GAAAGTCCCGTGCAAT,1
GAAAGTCCCTATAATG,1
GAAAGTCCCTATCATG,1
GAAAGTCCCTATGACG,1
GAAAGTCCCTATGAGG,1
GAAAGTCCCTATGATC,1
GAAAGTCCCTATGATT,1
GAAAGTCCCTATTATG,1
GAAAGTCGCTATGATG,1
GAAAGTTCCTATGATG,1
GAAATCCCCAAACAAC,1
GAAATCCCCAAATAAT,1
GAAATCCCCGAATAAC,1
GAAATCCTCAAATAAC,1
GAAATGCGTATTGAGT,1
GAAATGCTGCATTAGG,1
GAACAATAGAATAGAG,1
GAACACCGAGTGACCG,1
GAACACGCAGAAAAAG,1
GAACGTCCCTATGATG,1
GAAGAAACTAAAACCA,1
GAAGAAACTATAACGA,1
GAAGAAACTATAACTA,1
GAAGAAACTATAAGCA,1
GAAGAAAGTATAACCA,1
GAAGAAATGAGAACCA,1
GAAGAAGCTATAACCA,1
GAAGCGCGTATTGAGT,1
GAAGCGTGCCGGTCAT,1
GAAGTACGATGAATGA,1
GAAGTACGCTGAATTA,1
GAAGTACGCTGGATGA,1
GAAGTACGTTGAATGA,1
GAAGTCCTGCTGAAGT,1
GAAGTGCGCATTGAGT,1
GAAGTGCGTATGGAGT,1
GAAGTGCGTATTGAGG,1
GAAGTGCGTATTTAGT,1
GAAGTGCTGCTAAAGT,1
GAAGTGCTGCTGAACT,1
GAAGTGCTGCTGACGT,1
GAAGTGCTGCTGAGGT,1
GAAGTGCTGCTGGAGT,1
GAAGTGCTGCTTAAGT,1
GAAGTGCTGGTGAAGT,1
GAAGTGCTGTTGAAGT,1
GAAGTGTTGCTGAAGT,1
GAAGTTCTGCTGAAGT,1
GAATAAGCCAGCAAGA,1
GAATAATAGAACAGAA,1
GAATAATAGAACGGAG,1
GAATAATGGAACAGAG,1
GAATCCTCAACTCCTA,1
GAATGGGTGTACGAGA,1
GAATTGCTGCTGAAGT,1
GACAAAAAGGACATAT,1
GACAAAAGCGACATAT,1
GACAAAAGGGAAATAT,1
GACAAAAGGGACAGAT,1
GACAAAAGGGACATCT,1
GACAAAAGGGACGTAT,1
GACAAGAGAGGGGTCC,1
GACACAGAAACCATGC,1
GACACAGAACCCATGT,1
GACACAGAACCCATTC,1
GACACCTTGTAAGATG,1
GACAGGATGGGCACGT,1
GACCAATGTCATTTGA,1
GACCACCCCAGAGATG,1
GACCACGCAGAAAAAG,1
GACCCCATGTAAGATG,1
GACCCCTTGTAAGGTG,1
GACCCCTTGTGAGATG,1
GACCCCTTGTTAGATG,1
GACCCTTTGTAAGATG,1
GACCTACGAGACGTAA,1
GACGAAAGGGACATAT,1
GACGCAGAACCCATGC,1
GACGGCCGGCGAACTC,1
GACGGCGTTAGTGTCA,1
GACGGGAAGGGCACGT,1
GACGGGACGGGCACGT,1
GACGGGATAGGCACGT,1
GACGGGATCGGCACGT,1
GACGGGATGGGCACGC,1
GACGGGATGGGCACTT,1
GACGGGATGGGCATGT,1
GACGGGGTGGGCACGT,1
GACGGTATGGGCACGT,1
GACGGTTCCGACTAAG,1
GACTGCGTTCATCGAT,1
GACTGGATGGGCACGT,1
GACTTCCCTGACTGCT,1
GAGACTCACGGAGGAT,1
GAGAGCTGCAGAAGGG,1
GAGAGCTGCAGAGGCG,1
GAGAGCTGGAGAAGCG,1
GAGAGTTGCAGAAGCG,1
GAGATCCCCAAATAAC,1
GAGATTGATTGAAGTT,1
GAGATTGCTATGGATC,1
GAGCGGTAGAGATACG,1
GAGCTGATAGTAACTC,1
GAGCTTGCTAGGGATC,1
GAGCTTGCTATGAATC,1
GAGCTTGCTATGGACC,1
GAGGCGTAGAGATACG,1
GAGGGAATACGTCACC,1
GAGGGATAGAGATAGG,1
GAGGGATTGGAGAAAC,1
GAGGGCATACGTCACC,1
GAGGGGAACGGGAAGC,1
GAGGGGATACGTCACG,1
GAGGGGATACGTCAGC,1
GAGGGGATACGTCATC,1
GAGGGGATACGTCCCC,1
GAGGGGATACGTCGCC,1
GAGGGGGAGAGAGACG,1
GAGGGGTACAGATACG,1
GAGGGGTAGAGATTCA,1
GAGGGGTAGTGATACG,1
GAGGGTTATAGATACG,1
GAGGTACGCTGAATGA,1
GAGGTGCTGCTGAAGT,1
GAGTTAAGAGAAAGTT,1
GATAACGCAGAAAAAG,1
GATATTGGGGAGAGTC,1
GATCACCACTGATAAG,1
GATCACGAAGAAAAAG,1
GATCACGCAGAAAAAT,1
GATCACGCAGGAAAAG,1
GATCACGCGGAAAAAG,1
GATCACTCAGAAAAAG,1
GATCCCTTGTAAGATG,1
GATCGAAATCGACTTC,1
GATCGCCACTGATAAA,1
GATCGCCATCGACGTC,1
GATCGCCATCGACTTA,1
GATCGCCATCGACTTT,1
GATCGCCATCGGCTTC,1
GATCGCCATGGACTTC,1
GATCGCGCAGAAAAAG,1
GATCGCTATCGACTTC,1
GATCTCGGGGAGAGTC,1
GATCTGGGGGAGAGTC,1
GATCTTGGAGAGAGTC,1
GATCTTGGGGAGAGTG,1
GATCTTGGGGAGGGTC,1
GATCTTGGGTAGAGTC,1
GATGCAGATGCCCACC,1
GATGGCCATCGACTTC,1
GATTAACTTTGGAAGC,1
GATTAAGATGCCCACC,1
GATTACGCAGAAAAAG,1
GATTCAGATGCCCACA,1
GATTCAGATTCCCACC,1
GATTCGGATGCCCACC,1
GATTGAGACGCGCAAG,1
GATTGCCATCGACTTC,1
GCAAAAGTCCTAGCAA,1
GCAAACAATGTAGTTG,1
GCAAACAGCGTAGTTG,1
GCAAACAGTGCAGTTG,1
GCAAACAGTGGAGTTG,1
GCAAACAGTGTAATTG,1
GCAAACAGTGTAGTTA,1
GCAAAGAGTGTAGTTG,1
GCAACAGACCTAGCAA,1
GCAACAGTCCTAGTAA,1
GCAACGAGGCGTAACC,1
GCAACGAGGTGTAAAC,1
GCAACGAGGTGTAATC,1
GCAACGAGGTTTAACC,1
GCAACGTGCCGGTCAT,1
GCAAGCAAAGTTGACC,1
GCAAGCTCGTATCCCT,1
GCAAGCTTGGCGCATC,1
GCAAGGAACTAACTCC,1
GCACCCTCAACTCCTA,1
GCAGAGTGCCGGTCAT,1
GCAGCGTGCAGGTCAT,1
GCAGCGTGCCGGCCAT,1
GCAGCGTGCCGGTAAT,1
GCAGCGTGCCGGTCAC,1
GCAGCTTGCCGGTCAT,1
GCAGGGAACTAACTCC,1
GCAGGGTGCCGGTCAT,1
GCATAAAGGATCATGA,1
GCATAGAACTAACTCC,1
GCATCCTCAAATCCTA,1
GCATCCTCAACACCTA,1
GCATCCTCAACTCATA,1
GCATCCTCAACTCCTC,1
GCATCCTCAACTCCTT,1
GCATCCTCAGCTCCTA,1
GCATCGAACTAACTCC,1
GCATGCTCAACTCCTA,1
GCATGGAAAGAACTCC,1
GCATGGAAATAACTCC,1
GCATGGAACCAACTCC,1
GCATGGAACGAACTCC,1
GCATGGAACTAAATCA,1
GCATGGAACTAACTTC,1
GCATGGAACTAGCTCC,1
GCATGGGTGTACGAGA,1
GCATGGTACTAACTCC,1
GCATGTAACTAACTCC,1
GCCACACCCCTAGCTA,1
GCCACTTACTGAAGGG,1
GCCAGCCCGTATCCCT,1
GCCAGCGCGTATCCCT,1
GCCAGCGTTAGTGTCA,1
GCCAGCTCGTATCACT,1
GCCAGCTCGTATCGCT,1
GCCAGGTCGTATCCCT,1
GCCATTCACTGAAGGG,1
GCCATTGACTGAAGGG,1
GCCATTTAATGAAGGG,1
GCCATTTACGGAAGGG,1
GCCATTTACTGAAAGG,1
GCCATTTACTGAAGGA,1
GCCATTTACTGAAGTG,1
GCCATTTACTGGAGGG,1
GCCATTTATTGAAGGG,1
GCCCAAAGGATCATGA,1
GCCGCTGCGGCGGGTG,1
GCCGCTGCGGCGTGCG,1
GCCGGAGTTAGTGTCA,1
GCCGGCGGTAGTGTCA,1
GCCGGCGTTAGTGTAA,1
GCCGTCGTTAGTGTCA,1
GCCGTTGTACACACCA,1
GCCTAAAGGATAATGA,1
GCCTAAAGGATCAGGA,1
GCCTAAGGGATCATGA,1
GCCTCTGCGGCGTGTG,1
GCCTGCGTTAGTGTCA,1
GCCTTTGCACGCAGTC,1
GCCTTTGCGCGCAGGC,1
GCCTTTGCTCGCAGTC,1
GCCTTTGTGCGCAGTC,1
GCGAAATTTCATAGCG,1
GCGAACAGTGTAGTTG,1
GCGAAGTGTCATAGCG,1
GCGAGGTTTCATAGCG,1
GCGATTACTAGCCGGA,1
GCGCATCCTAGTGACG,1
GCGCGATTGTCCGGAA,1
GCGCTTCAACTAAAAA,1
GCGGCGTGCCGGTCAT,1
GCGGTATCAAGCCGAG,1
GCGTGGAACTAACTCC,1
GCTAACGAAGTAGGAG,1
GCTGCTCCGACACGCC,1
GCTTAAAGGATCATGA,1
GCTTCCTCAACTCCTA,1
GCTTTTGCGCGCAGTC,1
GGAACAGTCCTAGCAA,1
GGAAGCCCCGTGCAAT,1
GGACTCCACGGACGCC,1
GGAGATACTAGGACCA,1
GGAGGTTTGGAGTTTG,1
GGAGTGCTGCTGAAGT,1
GGATGGAACTAACTCC,1
GGCAGCTCGTATCCCT,1
GGCCCACCTCAGATCG,1
GGCCCCTTGTAAGATG,1
GGCGACACCCTTCCGG,1
GGCGGCGTTAGTGTCA,1
GGCTAACTTTGGAAGC,1
GGCTTTGCGCGCAGTC,1
GGGAAAAAATCATAAA,1
GGGATATCCAACACCA,1
GGGATTATGAGGTCAT,1
GGGCGCGTAAGGACTA,1
GGGGAAACTATAACCA,1
GGGGAACATACATAAC,1
GGGGGGATACGTCACC,1
GGGGGGGAGAGAGACG,1
GGGTAACTTTGGAAGC,1
GGGTCGGGACTCATCT,1
GGTAAACATGCATTGG,1
GGTCCAACTCAGATCG,1
GGTCCAGCTCAGATCG,1
GGTCCATCGCAGATCG,1
GGTCCATCTCAAATCG,1
GGTCCATCTCAGACCG,1
GGTCGCCATCGACTTC,1
GGTGCATCTCAGATCG,1
GGTGCTCCGACACGCC,1
GGTGGAGCGCCCTTAC,1
GGTGTTGAATAGGCGA,1
GGTTAACTCTGGAAGC,1
GGTTAACTTGGGAAGC,1
GGTTAACTTTGGAATC,1
GGTTAACTTTGGGAGC,1
GGTTAACTTTTGAAGC,1
GTAAAGTTACGGATGG,1
GTAACTGAGGGCATTG,1
GTAAGCAAAGGTGACC,1
GTAAGCAAAGTTCACC,1
GTAAGCAAAGTTGACT,1
GTAAGCAAAGTTGCCC,1
GTAAGCTTAATGGAGT,1
GTAAGCTTCATGGAAC,1
GTAAGCTTCATGGACT,1
GTAAGCTTCATGGAGC,1
GTAAGCTTCATGGGGT,1
GTAAGCTTGGCGCATC,1
GTAAGGAAAGTTGACC,1
GTAAGTAAAGTTGACC,1
GTAAGTCCCTATGATG,1
GTAATTCGCATGCGTA,1
GTAATTCGCCTTCTGA,1
GTACAAACCAGCAAAT,1
GTACAAACCGTTTGTA,1
GTACAAACCTCCAAAT,1
GTACAAACCTGCAAAG,1
GTACAAACCTGCTAAT,1
GTACAAACCTGGAAAT,1
GTACAAACTTGCAAAT,1
GTACACGCATGTGCCA,1
GTACCAAGTTCCTGCA,1
GTACCCACTTCCTGCG,1
GTACCCAGTTCCTCCG,1
GTACCCAGTTCGTGCG,1
GTACGATTGTCCGTAA,1
GTACGCAGTTCCTGCG,1
GTACGTCAGCATAAAC,1
GTACTAACCTGCAAAT,1
GTAGAAATGAGGCCCC,1
GTAGAACTCCGGCCCC,1
GTAGAACTGAGGACCC,1
GTAGAACTGCCGCCCC,1
GTAGAACTGCGGGCCC,1
GTAGACACTAGGACCA,1
GTAGAGACTAGGACCA,1
GTAGAGCTGCGGCCCC,1
GTAGATAATAGGACCA,1
GTAGATACTAGGAACA,1
GTAGATACTAGGACCT,1
GTAGATCTGCGGCCCC,1
GTAGCCGCTAATCCGA,1
GTAGCGTGCCGGTCAT,1
GTAGTATCAAGCCGGG,1
GTATAAACCTGAAAAT,1
GTATAATAGAACAGAG,1
GTATCCAGTTCCTGCG,1
GTATTTAACAGACGTA,1
GTCAAGTCACGGATGG,1
GTCAAGTTACAGATGG,1
GTCAAGTTACGGATCG,1
GTCAAGTTACGGTTGG,1
GTCAAGTTACTGATGG,1
GTCAAGTTGCGGATGG,1
GTCAATGTCGTAGGAT,1
GTCAGGATAATCGCGC,1
GTCAGGTTACGGATGG,1
GTCCGTCAGCGTAAAC,1
GTCCGTCATCATAAAC,1
GTCGCATCCTCGAATG,1
GTCGCATCCTGAAATG,1
GTCGCATCCTGGAAGG,1
GTCGCATCCTGGAATA,1
GTCGCATCCTGGTATG,1
GTCGCATCCTGTAATG,1
GTCGCATCTGGGAATG,1
GTCGCATTCTGGAATG,1
GTCGCCGCTAACCCGA,1
GTCGCCGCTAATCAGA,1
GTCGCCGCTAATCCGG,1
GTCGCCGCTAATCCTA,1
GTCTAAAGGATCATGA,1
GTCTCCTCTAATCCGA,1
GTCTGTCCAGACTCGT,1
GTGAAAAAATCATAAA,1
GTGAACTTGTCGATAT,1
GTGAAGTTACGGATGG,1
GTGAATCCTAGTGACG,1
GTGAGCGAGAAAAACA,1
GTGAGCGAGAAAAGCT,1
GTGAGCGAGAAAGGCA,1
GTGATATCAAGCCGGG,1
GTGATTATGACTTCAT,1
GTGCACCCTAGTGACG,1
GTGCCATTGTCCGGAA,1
GTGCGAGTGTCCGGAA,1
GTGCGATTCTCCGGAA,1
GTGCGATTGTCCGAAA,1
GTGCGATTGTCGGGAA,1
GTGCGGGGGTCCGGAA,1
GTGCTATCAAGCCGGG,1
GTGGAATCAAGCCGGG,1
GTGGCATCCTGGAATG,1
GTGGGGATACGTCACC,1
GTGGTATCAAGCCACT,1
GTGGTATCAAGCCGCG,1
GTGGTATCAAGCCGGA,1
GTGGTATCAAGCCGGT,1
GTGGTATTAAGCCGGG,1
GTGGTGTCAAGCCGGG,1
GTGGTTTTACGTCCAT,1
GTTAGCGAGAAAAGCA,1
GTTAGGTATTATATGC,1
GTTATTACGACTTCAT,1
GTTATTAGGACTTCAT,1
GTTATTATAACTTCAT,1
GTTATTATGAATTCAT,1
GTTATTATGACCTCAT,1
GTTATTATGACTCCAT,1
GTTATTATGACTTCGT,1
GTTATTATGACTTTAT,1
GTTATTATGGCTTCAT,1
GTTATTATGTCTTCAT,1
GTTATTGTGACTTCAT,1
GTTCAAACCTGCAAAT,1
GTTCGTGATACTCACA,1
GTTGAACTGCGGCCCC,1
GTTGCATCCTGGAATG,1
GTTGCCCCGACACGCC,1
GTTGCCGCTAATCCGA,1
GTTGCTCAGACACGCC,1
GTTGCTCCCACACGCC,1
GTTGCTCCGACAAGCC,1
GTTGCTCCGACACGCG,1
GTTGCTCCGGCACGCC,1
GTTGCTGCGACACGCC,1
GTTGCTTCGACACGCC,1
GTTGTATCAAGCCGGG,1
GTTGTTATGACTTCAT,1
GTTTAACTTTGGAAGC,1
GTTTGATTGTCCGGAA,1
GTTTTTCTATGGCTAC,1
TAAAAAGCATCCATGA,1
TAAAAAGCCTACATGA,1
TAAAAAGCCTCCACGA,1
TAAAAAGCCTCCAGGA,1
TAAAAAGCCTCCATCA,1
TAAAAAGCCTCGATGA,1
TAAAAAGCCTCTATGA,1
TAAAAAGCGTCCATGA,1
TAAAAAGTCTCCATGA,1
TAAACAGCCTCCATGA,1
TAAATACCGACGCAGT,1
TAAATCCCCAAATAAC,1
TAAATCCCCGTGCAAT,1
TAACGGGATTTCTCGA,1
TAACGGGTTGGCTGTA,1
TAACGTGATCTCTCGA,1
TAACGTGATTTCTCCA,1
TAACGTGATTTCTCGT,1
TAACGTGGTTTCTCGA,1
TAACGTTATTTCTCAA,1
TAAGGTGATTTCTCGA,1
TAAGTACGCTGAATGA,1
TAAGTGCGTATTGAGT,1
TAATAAACCAGCAAGA,1
TAATAAGAGAAGTGCG,1
TAATAAGCCAGAAAGA,1
TAATAAGCCAGCAAGC,1
TAATAAGCCAGCAATA,1
TAATAAGCCGGCAAGA,1
TAATAAGCGAGCAAGA,1
TAATAAGCTAGCAAGA,1
TAATAATAGAACAGAG,1
TAATGGGTGTGCGAGA,1
TAATTAGCCAGCAAGA,1
TACAAAAGGGACATAT,1
TACAAGAGAGGGGTCT,1
TACAAGAGAGGTGTCC,1
TACACACCCCTAGCTA,1
TACACAGAACCCATGC,1
TACACGTAGAACCGCC,1
TACATAACGACGCAGT,1
TACATACCCCTAGCTA,1
TACATACCGACGCAAT,1
TACATACCGACGCAGC,1
TACATACCGACGGAGT,1
TACATACCGACTCAGT,1
TACATACCTACGCAGT,1
TACCAATGTCACTTGA,1
TACCAATGTCATTGGA,1
TACCAATGTCATTTAA,1
TACCATCAGCACCTAG,1
TACCATTGTCGGAAAG,1
TACCCAAGGGACGGAC,1
TACCCTGCAACCCACT,1
TACCCTGCAAGCCAGT,1
TACCCTGCAAGCCCCT,1
TACCCTGCAAGCCTCT,1
TACCCTGCAAGCGACT,1
TACCCTGCAGGCCACT,1
TACCCTGCTAGCCACT,1
TACCCTTCTGGTATAA,1
TACCGTGCAAGCCACT,1
TACCTAGGATCGCACT,1
TACCTGCCGCGGAACG,1
TACCTGCTGAGGAACG,1
TACCTGCTGCCGAACG,1
TACCTGCTGCGAAACG,1
TACCTGCTGCGGAACT,1
TACCTGCTGCGGATCG,1
TACCTGCTGCTGAACG,1
TACCTGCTTCGGAACG,1
TACCTTCTGCGTAACG,1
TACCTTGCAAGCCACT,1
TACGACAAACAGTAAG,1
TACGAGCAATAAAATC,1
TACGGGATGGGCACGT,1
TACGGTTCCGACTAAG,1
TACTAAAGCCGTTGTC,1
TACTAACAATAAAATC,1
TACTAACGCCGTTGTC,1
TACTAATGACGTTGTC,1
TACTAATGCCGTCGTC,1
TACTAATGCCGTTATC,1
TACTAATGCCGTTCTC,1
TACTAATGCCGTTGTT,1
TACTAATGCCTTTGTC,1
TACTAATGCGGTTGTC,1
TACTAATGTCATTTGA,1
TACTAGCAATAAAATA,1
TACTAGCAGTAAAATC,1
TACTAGGAATAAAATC,1
TACTATGAAATAAGCT,1
TACTCCTAACTAGCGA,1
TACTGAATTAAGTATG,1
TACTGAGAACCCTGCG,1
TACTGATAACCCTGCC,1
TACTGATAACCCTGCT,1
TACTGATAACCCTGGG,1
TACTGATAACCGTGCG,1
TACTGATAAGCCTGCG,1
TACTGATGCCGTTGTC,1
TACTGGCAATAAAATC,1
TACTTGCAATAAAATC,1
TAGAAAAAATCATAAA,1
TAGAATCGTCACCGAT,1
TAGAATTGTCGGAAAG,1
TAGATTACTAGCCGGA,1
TAGCATGGGCGGAAAG,1
TAGCATTATCGGAAAG,1
TAGCATTGACGGAAAG,1
TAGCATTGCCGGAAAG,1
TAGCATTGTCGGTAAG,1
TAGCATTTTCGGAAAG,1
TAGCCGATAGTAACTC,1
TAGCCTGCAAGCCACT,1
TAGCTGATAATAACTC,1
TAGCTGATAGGAACTC,1
TAGCTGATAGTAAATC,1
TAGCTGATAGTAACTG,1
TAGCTGATAGTAAGTC,1
TAGCTGATAGTAATTC,1
TAGCTGATGGTAACTC,1
TAGGAAGAGAAGTGCG,1
TAGGGGATACGTCACC,1
TAGGGGCCTCATAATG,1
TAGGTGATAGTAACTC,1
TAGTAAGAGAAGTGCG,1
TATAACTCTCGAGGCA,1
TATAATAGGCGTCACA,1
TATAATCACGGAGGAT,1
TATACTCACAGAGGAT,1
TATACTCACGCAGGAT,1
TATACTCACGGAGAAT,1
TATACTCACGGAGGGT,1
TATACTCACGGAGTAT,1
TATACTCATGGAGGAT,1
TATACTGACGGAGGAT,1
TATATATCCAACACCA,1
TATATGAGTAACATAA,1
TATATTAGTAGCATAA,1
TATCAAAGGGACGGAC,1
TATCAAGAGAAGTGCG,1
TATCAGCGTTGTTTTG,1
TATCCAAAGGACGGAC,1
TATCCAAGGGACGGGC,1
TATCCGGATAAAGTAG,1
TATCGCCATCGACTTC,1
TATCGTGATACTCACA,1
TATCTGATAGTAACTC,1
TATCTTGGGGAGAGTC,1
TATGAAGAGAAGTGCG,1
TATGCAAGGGACGGAC,1
TATGCGAGCATGTCAA,1
TATGCTCACGGAGGAT,1
TATGGAAACGATCCCC,1
TATGTCGGAGAAACAG,1
TATGTCGGATCCACAG,1
TATGTCGTACCCACAG,1
TATGTCGTATCCACAT,1
TATGTCGTATCCATAG,1
TATGTCGTATTCACAG,1
TATGTCGTGTCCACAG,1
TATTAAGACGCGCAAG,1
TATTAAGAGAAATGCG,1
TATTAAGAGAAGTGCT,1
TATTAAGAGAAGTGGG,1
TATTAATAGAAGTGCG,1
TATTAATGCCGTTGTC,1
TATTACTAACTAGCGA,1
TATTAGTCCTCGTATG,1
TATTCCCAACTAGCGA,1
TATTCCTAACTAGCAA,1
TATTCCTAACTAGCTA,1
TATTCCTAACTAGTGA,1
TATTCCTAACTATCGA,1
TATTGAGAGAAGTGCG,1
TCAAACGAAGTAGGAG,1
TCAACACCCCTAGCTA,1
TCAATCGGGGGCTATA,1
TCAATCGGGGGCTGTA,1
TCAATCGGGGGCTTAA,1
TCAATCGGGGTCTAAA,1
TCACAACAATACAAAT,1
TCACGACCCGACTAAC,1
TCACGACTCGACTAAA,1
TCACGACTCGACTGAC,1
TCACGAGTCGACTAAC,1
TCACTTCGACTAAAAA,1
TCAGGGGGGTACGAGA,1
TCATCTGTAGAGCGCT,1
TCATCTTTTACATTTA,1
TCATGGGCGTACGAGA,1
TCATGGGGGGACGAGA,1
TCATGGGTATAAGAGA,1
TCATGGGTGTACAAGA,1
TCATGGGTGTACCAGA,1
TCATGGGTGTACGAGG,1
TCATGGGTGTACGCTT,1
TCATGGGTGTACGTGA,1
TCATGGGTTTACGAGA,1
TCCACAACCCTAGCTA,1
TCCACACCCATAGCTA,1
TCCACACCCCTAACTA,1
TCCACACCCCTACCTA,1
TCCACACCTCTAGCTA,1
TCCACCGCGGTAAGAG,1
TCCAGCACGGTAAGAG,1
TCCAGCGCCGTAAGAG,1
TCCAGCGCGGAAAGAG,1
TCCAGCGCGGGAAGAG,1
TCCAGCGCGGTAAGAC,1
TCCAGCGCGGTAATAG,1
TCCATCAAGTTGGTGC,1
TCCCAGTGGTTTGACA,1
TCCCCGTGGTTTGACG,1
TCCCCGTGTTTTGACA,1
TCCCGGTGGTTTGACA,1
TCCCTCCTCTAAAGTT,1
TCCCTTCAACTAAAAA,1
TCCGATTCACGAATAA,1
TCCGTTGTACACACCA,1
TCCTATTCCGGCGCGG,1
TCCTCCTCAAGGGTAA,1
TCCTCGCACTACTGCT,1
TCCTGTCCAGACTCGT,1
TCCTTACCACTGCATC,1
TCGAACAAAGTAGGAG,1
TCGAACGAAGCAGGAG,1
TCGAACGAAGTACTAG,1
TCGAACGAAGTAGGAT,1
TCGAACGAAGTATGAG,1
TCGAACGAGGTAGGAG,1
TCGAATACTAGCCGGA,1
TCGAATCGTCACCGAT,1
TCGACTACTAGCCGGA,1
TCGAGTGAATATGCGC,1
TCGAGTTAACATGCGC,1
TCGAGTTAAGATGCGC,1
TCGAGTTAATATGAGC,1
TCGAGTTAATATGCGT,1
TCGAGTTAATATGTGC,1
TCGATTACTAGCCGGT,1
TCGATTACTAGCCGTA,1
TCGATTACTAGTCGGA,1
TCGATTACTATCCGGA,1
TCGATTACTGGCCGGA,1
TCGATTAGTAGCCGGA,1
TCGCAATTGAAACATA,1
TCGCCGCACTACTGCT,1
TCGCTTAAACTAAAAA,1
TCGCTTCAACTAAAAG,1
TCGCTTCAACTAAAAT,1
TCGCTTCAACTAGAAA,1
TCGCTTCAACTGAAAA,1
TCGCTTCATCTAAAAA,1
TCGGCCGTTGGGAACT,1
TCGGGACATAGCGATG,1
TCGTAGTCCTCGTATG,1
TCGTATCAGTCGCGCC,1
TCGTCACACTACTGCT,1
TCGTCCGTTGAGAACT,1
TCGTCCGTTGCGAACT,1
TCGTCCGTTGGGAAAT,1
TCGTCCGTTGGGAATT,1
TCGTCGCACCACTGCT,1
TCGTCGCACTACTCCT,1
TCGTCGCACTACTGCA,1
TCGTCGCACTACTGCG,1
TCGTCGCGCTACTACT,1
TCGTCGTACTACTGCT,1
TCGTCTCACTACTGCT,1
TCTAAATCTCGCGGCA,1
TCTAACTCCCGCGGCA,1
TCTAACTCTAGCGGCA,1
TCTAACTCTCCCGGCA,1
TCTAACTCTCTCGGCA,1
TCTAACTCTTGCGGCA,1
TCTAAGCTCTTAGCCG,1
TCTAAGTCCTCGTATG,1
TCTAATAGGCGTCACA,1
TCTAATTCTCGCGGCA,1
TCTAATTTTCATATCG,1
TCTACCTCTCGCGGCA,1
TCTAGCTCTCGCGGCA,1
TCTAGTTAATATGCGC,1
TCTATATCGAGATTCA,1
TCTCAGCGTTGTTTTG,1
TCTCAGCTATTAGCCG,1
TCTCAGCTCTTAGCCT,1
TCTCGGCTCTTAGCCG,1
TCTGGAAAAGATCCCC,1
TCTGGAAACAATCCCC,1
TCTGGAAACGACCCCC,1
TCTGGAAACGATCCAC,1
TCTGGAAACGATCCCA,1
TCTGGAAACGATGCCC,1
TCTGGAAACTATCCCC,1
TCTGGAAATGATCCCC,1
TCTTACTAGGCGGCAT,1
TCTTAGAGTAAACGAT,1
TCTTAGAGTGAACGAA,1
TCTTAGAGTGAACGAC,1
TCTTAGAGTGAGCGAT,1
TCTTAGAGTTAACGAT,1
TCTTAGTACTCGTATG,1
TCTTAGTCATCGTATG,1
TCTTAGTCCGCGTATG,1
TCTTAGTCCTCGTAGG,1
TCTTAGTCCTGGTATG,1
TCTTATAAGGCGGCAT,1
TCTTATCAGGCGGCAT,1
TCTTATCAGTCGCGCC,1
TCTTATGAGGCGGCAT,1
TCTTATTAGACGGCAT,1
TCTTATTAGGCGCCAT,1
TCTTATTAGGCGGCAG,1
TCTTATTAGGCGGCGT,1
TCTTATTAGGCGGCTT,1
TCTTATTAGGCGGGAT,1
TCTTATTAGGCTGCAT,1
TCTTATTATGCGGCAT,1
TCTTATTCCTCGTATG,1
TCTTCACATAGCGATG,1
TCTTCACCACTGCATC,1
TCTTGAAACGATCCCC,1
TCTTGACATAACGATG,1
TCTTGACATAGCGATA,1
TCTTGACATAGCGGTG,1
TCTTGACGTAGCGATG,1
TCTTGATATAGCGATG,1
TCTTGGCATAGCGATG,1
TCTTGGGTGTACGAGA,1
TCTTGGTCCTCGTATG,1
TCTTGTCATAGCGATG,1
TCTTGTTAGGCGGCAT,1
TCTTTACCAATGCATC,1
TCTTTACCACGGCATC,1
TCTTTACCACTGCAAC,1
TCTTTACCACTGCAGC,1
TCTTTACCACTGTATC,1
TCTTTACCGCTGCATC,1
TCTTTATCACTGCATC,1
TGAAAACATTACAAAT,1
TGAAACACGTCCCAGT,1
TGACAACAATAAAAAT,1
TGACAACAATACAAAA,1
TGACAACAATACAAGT,1
TGACAACAATACATAT,1
TGACAATAATACAAAT,1
TGACGACAATACAAAT,1
TGACTCCACGGACGCC,1
TGAGGTGGTCGATCCG,1
TGAGTTCATAACTCCA,1
TGAGTTCATAGCCCCA,1
TGAGTTCATAGCTCCG,1
TGAGTTCATAGCTTCA,1
TGAGTTCATATCTCCA,1
TGAGTTTATAGCTCCA,1
TGATAAGCCAGCAAGA,1
TGATATTTTACATTTA,1
TGATCCGCTTCATGCT,1
TGATCCTTTACATTTA,1
TGATCGTTTACAGTTA,1
TGATCTCTTACATTTA,1
TGATCTGTGACATTTC,1
TGATCTGTGATATTGC,1
TGATCTGTGGCATTGC,1
TGATCTGTTACATTGC,1
TGATCTTTACGAAAAA,1
TGATCTTTTACAATTA,1
TGATCTTTTACACTTA,1
TGATCTTTTACAGTTA,1
TGATCTTTTACGTTTA,1
TGATCTTTTAGATTTA,1
TGATCTTTTATATTTA,1
TGATCTTTTGCATTTA,1
TGCACTGGTATACATA,1
TGCACTTTACGAGACA,1
TGCAGGGGTAGAAATA,1
TGCAGTGGTACACATA,1
TGCAGTGGTAGACATA,1
TGCAGTGGTCGATCCG,1
TGCAGTGGTTTACATA,1
TGCATCTAACAGATAG,1
TGCCAATGTCATTTGA,1
TGCCATTCCGGCGCGG,1
TGCCCGGATAAAGTAG,1
TGCCGTGGTCGATCCG,1
TGCGGTGCTCGATCCG,1
TGCGGTGGCCAATCCG,1
TGCGGTGGTAGATCCG,1
TGCGGTGGTCAATACG,1
TGCGGTGGTCTATCCG,1
TGCGGTTGTCGATCCG,1
TGCGTTGGTCGATCCG,1
TGCTATCCCGGCGCGG,1
TGCTATTCCGGCACGG,1
TGCTATTCCGGCACGT,1
TGCTATTCCGGCGCGT,1
TGCTATTCCGGCGTCA,1
TGCTATTCCTGCGCGG,1
TGCTATTCCTGCGCTG,1
TGGAACGAAGTAGGAG,1
TGGAATCCTCACCGAT,1
TGGAATCGCCACCGAT,1
TGGAATCGTCACAGAT,1
TGGAATCGTCACCCAC,1
TGGAATCGTCACCCAT,1
TGGAATCGTCACCGAA,1
TGGAATCGTCACCGTT,1
TGGAATCGTCGCCGAT,1
TGGAATCGTTACCGAT,1
TGGACTATAGTTGGCA,1
TGGAGTCGTCACCGAT,1
TGGGGGAACAGGAAGC,1
TGGGGGTAGAGATACG,1
TGGTATCAGTCGCGCC,1
TGGTCCGATTCATGCT,1
TGGTCCGCTTCATGCC,1
TGGTCCGCTTCATGCG,1
TGGTCCGCTTCGTGCT,1
TGGTCCTCTTCATGCT,1
TGGTCTGTGACATTGC,1
TGGTCTTTTACATTTA,1
TGGTGGACGGGCATGG,1
TGGTTCAGACTCTTGC,1
TGGTTCGCTTCATGCT,1
TGTAACAGGCGTCACA,1
TGTAAGAGGCGTCACA,1
TGTAATAGGCGTCGCA,1
TGTAATATGCGTCACA,1
TGTACAGTGTAATCGA,1
TGTCACAGAACCTATC,1
TGTCCAGATAAAGTAG,1
TGTCCGGAGAAAGTAG,1
TGTCCGGATAAAGGAG,1
TGTCCGGATAAAGTAT,1
TGTCCGGATAAAGTGG,1
TGTCCGTATAAAGTAG,1
TGTCGAGCCAGTCTGA,1
TGTCTGGATAAAGTAG,1
TGTGGAGAGCCCTTAC,1
TGTGGAGCGCACTTAC,1
TGTGGAGCGCCCCTAC,1
TGTGGAGCGCCCTCAC,1
TGTGGAGCGCCCTTAA,1
TGTGGAGCGCCCTTAT,1
TGTGGAGCTCCCTTAC,1
TGTGGAGGGCCCTTAC,1
TGTGGAGTGCCCTTAC,1
TGTGTTGAATAGGCGA,1
TGTTAAGCCAGTCTGA,1
TGTTAGTCCTCGTATG,1
TGTTCCGCTTCATGCT,1
TGTTGAACCAGTCTGA,1
TGTTGAGCCAGTCTGT,1
TGTTGAGCCAGTCTTA,1
TGTTGAGGCAGTCTGA,1
TGTTGTAATCTCAATA,1
TGTTGTAATCTGAAGA,1
TGTTGTAATCTGAATG,1
TGTTGTAATCTGAGTA,1
TGTTGTAATCTGGATA,1
TGTTGTAATGTGAATA,1
TGTTTTAATCTGAATA,1
TTAACGTAGCCGCTCC,1
TTAACGTTTGTGCAAA,1
TTAACTCACCGAATAA,1
TTAAGCAAAGTTGACC,1
TTAATGTAGCCGATCC,1
TTAATGTAGCCGCTAC,1
TTACAAATTTGATTCC,1
TTACAACAATACAAAT,1
TTACACGAGGTTGTGA,1
TTACGAATTCGATTCC,1
TTACGAATTGGATTCC,1
TTACGAATTTGATTTC,1
TTACGACTCGACTAAC,1
TTAGCACAGCGTAGGC,1
TTATAAAAAACTTAGT,1
TTATCTGCAGAGCGCT,1
TTATCTGTAGAGCTCT,1
TTATCTGTAGAGGGCT,1
TTATCTGTAGCGCGCT,1
TTATCTGTATAGCGCT,1
TTATCTGTGGAGCGCT,1
TTATGGAACTAACTCC,1
TTATGTCCAGACTCGT,1
TTCAATGTCGTAGGAT,1
TTCATCAAATTGGTGC,1
TTCATCAAGGTGGTGC,1
TTCATCAAGTTGGTTC,1
TTCATCAAGTTGTTGC,1
TTCATCAATTTGGTGC,1
TTCATCGAGTTGGTGC,1
TTCCAATTGAAACATA,1
TTCCAGCGTTGTTTTG,1
TTCCGTCAGCATAAAC,1
TTCGGCACTAAATTAA,1
TTCTGACCAGACTCGT,1
TTCTGTCCAAACTCGT,1
TTCTGTCCAGACCCGT,1
TTCTGTCCAGACTAGT,1
TTCTGTCCAGACTCCT,1
TTCTGTCCAGACTCGG,1
TTCTGTCCAGACTTGT,1
TTCTGTCGAGACTCGT,1
TTGAAAAAATCATAGA,1
TTGAAAAAGTCATAAA,1
TTGAAAGAATCATAAA,1
TTGAAATTGAAACATA,1
TTGAACGAAGTAGGAG,1
TTGAACTTGTCGATAT,1
TTGACTCACCAAATAA,1
TTGACTCACCGAAGAA,1
TTGACTCACCGAATGA,1
TTGACTCATCGAATAA,1
TTGACTCGCCGAATAA,1
TTGACTCTCCGAATAA,1
TTGACTTACCGAATAA,1
TTGATCCTGAGTAGTA,1
TTGCAATCGAAACATA,1
TTGCAATTGAAACCTA,1
TTGCAATTGGAACATA,1
TTGCGATTGTCCGGAA,1
TTGCGGAACAGGAAGC,1
TTGCGGAACGGGAAGC,1
TTGCTCCGGAGGAGTA,1
TTGCTCCTGAGTGGTA,1
TTGCTCCTGGGTAGTA,1
TTGCTTCAACTAAAAA,1
TTGGCTCACCGAATAA,1
TTGGGAACTAAATTAA,1
TTGGGATTGGAGAAAC,1
TTGGGCAATAAATTAA,1
TTGGGCACTAAACTAA,1
TTGGGCACTAAATGAA,1
TTGGGCACTAAATTAG,1
TTGGGCACTAAATTGA,1
TTGGGCACTAAATTTA,1
TTGGGCACTAGATTAA,1
TTGGGGAACAGGAAGT,1
TTGGGGAACAGGGAGC,1
TTGGGGAACGCGAAGC,1
TTGGGGAACGGTAAGC,1
TTGGGGAGCAGGAAGC,1
TTGGGGTAGAGATACG,1
TTGGGTAACGGGAAGC,1
TTGGTTTTACGTCCAT,1
TTGTATCACTCGCGCC,1
TTGTATCAGTCACGCC,1
TTGTATCAGTCGCCCC,1
TTGTATCAGTCGGGCC,1
TTGTCGCACTACTGCT,1
TTGTCGGGACTCATCT,1
TTGTCTGTAGAGCGCT,1
TTGTTTCAGTCGCGCC,1
TTTAACAGAACCTATC,1
TTTAATAGGCGTCACA,1
TTTAGGGCTACGTGAG,1
TTTAGGTATTATATGC,1
TTTATAGCCAACACCA,1
TTTATAGCGAGATTCA,1
TTTATATCCAAAAACA,1
TTTATATCCAACAACA,1
TTTATATCCAACACGA,1
TTTATATCCAACATCA,1
TTTATATCCAACGCCA,1
TTTATATCCAAGACCA,1
TTTATATCGAACACCA,1
TTTATATCGAGATGCA,1
TTTATATCGAGATTCC,1
TTTATATCGAGGTTCA,1
TTTATATCGGGATTCA,1
TTTATATCTAACACCA,1
TTTATATGCAACACCA,1
TTTATGTCCAACACCA,1
TTTATTATGACTTCAT,1
TTTCACAGAACCTATA,1
TTTCACAGAACCTATG,1
TTTCACAGTACCTATC,1
TTTCAGAGGGGTTGTG,1
TTTCAGCCTTGTTTTG,1
TTTCAGCGTTCTTTTG,1
TTTCAGCGTTGCTTTG,1
TTTCAGCGTTGGTTTG,1
TTTCAGCGTTGTTGTG,1
TTTCAGCGTTGTTTTA,1
TTTCAGTGTTGTTTTG,1
TTTCGATTGTCCGGAA,1
TTTCGCAGAACCTATC,1
TTTCGCGATACTCACA,1
TTTCGTGATACTCAAA,1
TTTCGTGATACTCACG,1
TTTCGTGATATTCACA,1
TTTCGTGATGCTCACA,1
TTTCGTGGTACTCACA,1
TTTGACAGAACCTATC,1
TTTGCTCCGACACGCC,1
TTTGGCATTAAATTAA,1
TTTGTATCCAACACCA,1
TTTTAGCGTTGTTTTG,1
TTTTAGTCCTCGTATG,1
TTTTGAGCCAGTCTGA,1
TTTTGTCCAGACTCGT,1
TTTTGTGATACTCACA,1
TTTTTATCCAACACCA,1
