barcode,count
GGTCCATCTCAGATCG,19062
CTTAGGTATTACATGC,2490
TACCAACGTCATTTGA,1272
CAGATAATATAGAGAC,1176
GTGAGCGAGAAGAGCA,547
ACCGGAAGTTGCCAAG,489
ATTTTTCTATGGCCAC,413
TTGTATCAGTAGCGCC,345
AGGCCCGTAGGGACTA,320
ATCCCGAATGGGGTAG,212
TCGTTGCACTACTGCT,183
CCCTGCGGGGCTCGGG,124
AATCGCTGGCACCCGC,122
TTGTATCAGTCGCGTC,118
AACAGAAGCCCATGTA,106
TGGCCCGCTTCATGCT,102
ATGATTTTACGTCCAT,77
ACAGTCTGAACCATAC,61
GATCACCATCGACTTC,54
TTGTATAAGTCGCGCC,52
TCGTCGCACTACTACT,45
TGGCAACAATACAAAT,44
TGTGTACCCTTCAGCA,44
TCGAACGAAGTAGGAA,41
AGTTGAGGTCTCCCTT,40
CACGGGAATTGCCACT,40
AACCACCGAGTGACTG,38
AGTGTTGAATATGCGA,38
GTACAAACCTACAAAT,38
TCAAACGGGGGCTAAA,38
ATAGGATATGTGGCTG,35
GTACAAACCGGCAAAT,35
TTTCACAGAACCTATT,35
ATGGGATTGGGGAAAC,34
CATTGAGACGCACAAG,34
GAGGGGTAGAGAGACG,33
GTAAGCAAAGTTTACC,31
CATGTACCCTTCAGCA,30
AAGCTTGCTATGGATC,29
AGGTTCAGACTCTTGT,29
TGGAATCGTCACCGAG,29
GGTCCATCTCAGATCA,27
GGTCGTTTAGATAGTT,27
TTGGGGGACGGGAAGC,27
AAATTAGAAATACATA,26
TACTAATTCCGTTGTC,26
CCCTGCGCGGCTTGGG,25
CGCGACACCCTTCAGG,25
GTAGCCGCTAATCCGA,25
TTGGGGAACGGGAAGT,25
GAGGGGGAGAGATACG,24
TGGACCCTAGATGGTA,24
GCCAGCTCGTATCCCC,23
TCCTGCGCGGCTCGGG,23
AACTTCCCTGACTACT,22
ACGTCCATTAAGACCA,22
ATACCCAGTTCCTGCG,22
CAATTGGAAATACATA,22
TCTTTGCCACTGCATC,22
GTACAAACCCGCAAAT,21
GTGGGATTGGAGAAAC,21
TCGTCCATTGGGAACT,21
TGTTCCTAACTAGCGA,21
AACCACCGAGTGACCA,20
CGAACCGCATACACGT,20
CGGACCCTAGATGGGA,20
GATCACGCAGAAAAGG,20
GCCATTTACTGGAGGG,20
GTACAAACCTTCAAAT,20
TATCCTGCAAGCCACT,20
TCCAGTGCGGTAAGAG,20
AGGAAAGAAACTGGAA,19
CGGGGACATACATAAC,19
CGTGTACCCTTCATCA,19
GCAATCTGAACCATAC,19
GCCACTGCGGCGTGTG,19
AACCTACAAGACGTAA,18
CGTGTACCCTCCAGCA,18
CTTAGGTATTATGTGC,18
TAGTTAAGAGAAAGTT,18
TCCAGCGCGGTGAGAG,18
AACCACCGATTGACCG,17
CGCGACATCCTTCCGG,17
GAATTAGAAATACATA,17
GATCACGTAGAAAAAG,17
GCGTGTCTCCGAGCAA,17
GGATAATAGAACAGAG,17
GTAAATACTAGGACCA,17
GTGCATCCTAATGACG,17
TGTCCATCTCAGATCG,17
AACTTCCCTGACTGCC,16
AGAACTAAAAAGAGGA,16
CACCCTGCAAGCCACT,16
CCAACACAAAAAATTG,16
GACAAAGGGGACATAT,16
GACAGAAGTCCATGTA,16
GCAAGCAAAGTTGACC,16
GCGAAGTTCCATAGCG,16
TAACGTGATTTCTCGG,16
TACCACCGAGTGACCG,16
TAGAACCTCGTTGTCT,16
TAGCATTGTCGGAAGG,16
TAGGCTCTAGAGCTCT,16
TCGTCCGTTGGGAACG,16
TCTTGATGCATTCCCG,16
TTGGGGAACGGGAAGA,16
TTTCGTGATGCTCACA,16
AACCACCGAGTGACAG,15
AACCTCCGAGTGACCG,15
AACTGAAGTCCATGTA,15
AGTGTACCCTTCAGCA,15
CCAAAAGCTTAACTTG,15
CCCTGCGCGGCTCTGG,15
CGCACTTTACGGGACA,15
CGTGACACCCTTCCGG,15
GAGGGGTAGAGGTACG,15
GATCTTGGGGAGGGTC,15
GGCATAGGGATATGTG,15
GGGACTATAGTTGGCA,15
GTACAAACCTGCAAAG,15
GTAGAACTGAGGCCCC,15
GTGAACGAGAAAAGCA,15
TGATCTGTGACATTGT,15
AACGACAAACAGGAAG,14
AAGCGGTGATGTGAGT,14
AGAATCTAACAGATAG,14
ATCAGGATAATCACGC,14
CCAACAAAAAAAATTA,14
CCATTTAACAGACGTA,14
CCCTGCGCGGCTCGTG,14
CGTATACCCTTCAGCA,14
CGTGTACCCCTCAGCA,14
CGTGTACCCTTCAACA,14
CGTGTACCCTTCAGAA,14
CGTGTACCCTTCAGTA,14
CTTAGGTATTATATGT,14
GATCTTGGGGGGAGTC,14
GCAACGATGTGTAACC,14
GGCTCCTGGGGTATCA,14
GTACAAACATGCAAAT,14
GTACCCAGTTCCTGTG,14
GTAGAACTGCGGCCCA,14
TCATGGGTGTAAGAGA,14
TTTATATTCAACACCA,14
AACACGCAGAACCGCC,13
AACGACAAAAAGTAAG,13
AAGAAGACCTTGTGAT,13
AAGGTCCCGATGTAAT,13
AGCGGTTCCGACTAAG,13
ATGGGATTAGAGAAAC,13
ATGGGATTGGAGAAAA,13
CACAGCCGGCGAACTC,13
CACTAGATGTACATTC,13
CCCAAATAATTGGCGC,13
CCCTATGAAACAAGCT,13
CCCTGTGCGGCTCGGG,13
CGTGTACCCTTAAGCA,13
CTACGAATTTGATTCC,13
CTGGAGGCCTGGCCCA,13
GCCAGCTCGTATCACT,13
TAATGGGTGTACGAGA,13
TCTTATTAGGAGGCAT,13
TTATCCGTAGAGCGCT,13
TTATCTGTAGAGCACT,13
AACCACCCCAGAGATA,12
AACCACCGAGTGAACG,12
AACCACCTAGTGACCG,12
AACGTCAAACAGTAAG,12
ACGTCCATTAAGGTCA,12
AGCGACAAACAGTAAG,12
AGGTTCGGACTCTTGC,12
AGTGTTGAATAGGAGA,12
ATGGGATGGGAGAAAC,12
CGGGCCCTAGATGGTA,12
CTATATTGCCAGGAAG,12
CTGAGCTGCCAACAAG,12
GAGGGGATACATCACC,12
GAGGGGTGGAGATACG,12
GCACCCTCAACTCCTA,12
GCCCTCCTCTAAAGTT,12
GTACAACCCTGCAAAT,12
TATGTCATATCCACAG,12
TGCGGTGGTCAATCCG,12
TTACAAACCTGCAAAT,12
TTGTATCAGTCGCGCA,12
AACACGTAGAATCGCC,11
AGAATAGGGATATGTG,11
AGCATAGGGATATGGG,11
AGCTCCTGGGGTATCG,11
AGTGTTGAATGGGCGA,11
ATTAGGGCTACGTGGG,11
CAACTCCACGGACGCC,11
CAATGAGAAATACATA,11
CAGAACCTCGTTGTCC,11
CATATAGAGTTTGTTG,11
CCATATGAAATAAGCT,11
CCATGCGCGGCTCGGG,11
CCCTGCGCGACTCGGG,11
CCCTGCGCGGCTAGGG,11
CCCTGCGCGGCTCAGG,11
CCCTGCGTGGCTCGGG,11
CCTTGATGTATTCCCG,11
CCTTTTGCTCGCAATA,11
CGTGTACCATTCAGCA,11
CTATATTTCCCGGAAG,11
CTTTACCTGCAGTTGA,11
GAGGGGTAGAGATATG,11
GAGGTCCCTATGTAAT,11
GGTGTTGGCTTGGTTA,11
GTACAAACCTGCAAAC,11
GTACCCAGTTCCTGAG,11
GTAGAATCGCAAATTA,11
GTCAGGATAATCGCGC,11
GTGGTATCAAGCCTGG,11
TAGCATTGTTGGAAAG,11
TCAATTACTAGCCGGA,11
TCCAGCGAGGTAAGAG,11
TGGTTCAGACTCTTGC,11
TTTATATCCAACACCG,11
AAAATGCTGCATTAGG,10
AACCACAGAGTGACCG,10
AACCACGGAGTGACCG,10
AACGGTGCCGACTAAG,10
AACGGTTCCGACGAAG,10
AAGAACCTCGTTGTCT,10
AATCGCTGGCACCCAT,10
AATCGCTGGCACCCTT,10
AGATCCACCCCATAGT,10
AGCATAGGGGTATGTG,10
ATTCCGAATGTGGTAG,10
CAATTAGAAATAAATA,10
CACCAATCTTCAAACT,10
CATGTGGATCCCAACA,10
CCCAGCGCGGTAAGAG,10
CCCTGAGCGGCTCGGG,10
CCTTGATGCATTCCCA,10
CGGAACCTCGTTGTCT,10
CTGAACTTATCTGTTG,10
CTGAGCTACCAATAAG,10
CTGGAGGCCTGTCCCC,10
CTGTACCCGCAGTTGA,10
CTTCGTCTCTTGATTA,10
CTTGTACCCTTCAGCA,10
GAATAAGCCAGCAAGA,10
GACCTACGAGACGTAA,10
GATCTTGGGGAGAGTA,10
GATTCGTGAGTACTAG,10
GCAAGCTCGTATCCCT,10
GCCAGCTCGTATCCCA,10
GCGGGGATTGGCTGTT,10
GTAAAAACCTGCAAAT,10
GTACAAATCTGCAAAT,10
GTTAGGGCTACGTGAG,10
TAGGGGTAGAGATACG,10
TCCAGCTCGTATCCCT,10
TCTTATTAGGCGGTAT,10
TGATCTGTGACATTGA,10
TGGGAAATGTAAATGA,10
TTATCTGTAGAGAGCT,10
AAAGAATATCGTGCAC,9
AACAGAAGTCCGTGTA,9
AACGGTTCCTACTAAG,9
AACGTTTCCGACTAAG,9
ACAAGCAATGAGTTGT,9
ACATCCATTAAGATCA,9
ACCAGAAATGAGTTGT,9
ACCAGCAAAGAGTTGT,9
ACCGAATGAATAATCC,9
ACCGAATGAATCATAC,9
ACCTGCGCGGCTCGGG,9
ACGGAGATTGGCTGTT,9
AGCTCCCAGGTCCTTT,9
AGGACCCTAGATGGTA,9
AGTATTTTCGCTTCAA,9
ATGGGATTGAAGAAAC,9
CAAATGATGCATTAGG,9
CAATTAGAAATACAGA,9
CAATTAGAAATACATG,9
CAATTAGAAATACCTA,9
CAGAACCTCATTGTCT,9
CCAACACAAAAAATGA,9
CCCTGCGCGGTTCGGG,9
CCGGATAAATAAGAAC,9
CCGTACCTGCAGTTGA,9
CCTTGATGCATTCCCT,9
CGACTCCATGGACGCC,9
CGCGACACCCTTCCGT,9
CGGGAAATGGAAATGA,9
CGTGCACCCTTCAGCA,9
CGTGTACCCGTCAGCA,9
CGTGTACCCTTCAGCG,9
CGTTTACCCTTCAGCA,9
CTGAGCTGCCAAGAAG,9
CTTAGGCTCTTGATTA,9
GAGAGCTACAGAAGCG,9
GAGGGGTAGAGATAAG,9
GAGGGGTAGATATACG,9
GATGCGAGCATGTCAA,9
GCCGAATGAATCATCC,9
GCCTTTGCGCGCGGTC,9
GTAAGCAAAGTTGATC,9
GTACCCGGTTCCTGCG,9
GTAGAACTGCGGGCCC,9
GTAGAACTGCTGCCCC,9
GTCAAGTTAAGGATGG,9
GTGCGATTGTCCTGAA,9
GTGGTATCAATCCGGG,9
TACCCTGCAATCCACT,9
TAGCTGATAGTAAATC,9
TATGTCGTAGCCACAG,9
TCCAGCACGGTAAGAG,9
TCCAGCGCGGGAAGAG,9
TCTTAGTCCTCTTATG,9
TCTTATTAGGCGACAT,9
TGTTGAGTCAGTCTGA,9
TTGGGGAACGGAAAGC,9
AAAAAATTTATGGCAA,8
AACAGAAGTCCATGGA,8
AACCACCGAGTGACCT,8
AACCACCGAGTGGCCG,8
AACGACGAACAGTAAG,8
AATAGCTGGCACCCGT,8
ACAAGATTCGGGGGGC,8
ACCAGCAATGAGTTGC,8
ACCGAATGGATCATCC,8
ACGTATGATTTTCGGG,8
AGCATCCAACAGATAG,8
AGCGACACCCTTCCGG,8
AGGACTATAATTGGCA,8
AGGGAAATGTAAATGA,8
AGGGGGCCTCATAATG,8
AGGTTCAGACTCTTTC,8
AGTTGTGGTCTCCCTT,8
CAAATGCTGCATGAGG,8
CCAAGCTTGGTGCATC,8
CCCTGCGAGGCTCGGG,8
CCCTGCGCGGATCGGG,8
CGTGTACCCTTCACCA,8
CTAGCACAGCGTGGGC,8
CTATTTAACAGACGGA,8
CTGAACTTATATGTGG,8
CTGTACCTACAGTTGA,8
CTGTACCTGCATTTGA,8
CTTAGCTGCCAATAAG,8
GACAGCTCGTATCCCT,8
GACTGATAACCCTGCG,8
GAGGGGCCTCATAATG,8
GATCGCCATCGACTTA,8
GCACAAACCTGCAAAT,8
GCATTGAACTAACTCC,8
GCCAGCTCATATCCCT,8
GCCATTTACGGAAGGG,8
GTACAAAACTGCAAAT,8
GTACCAAGTTCCTGCG,8
GTACCCAGTTCCTTCG,8
GTAGAACTGCGGACCC,8
GTAGAACTGTGGCCCC,8
TACCCCGCAAGCCACT,8
TACGGCCGGCGAACTC,8
TACTAATGCCGTTGTA,8
TATTAAGAGAAGTGAG,8
TCATGGGTGTGCGAGA,8
TCTTAGTCCGCGTATG,8
TCTTATTAGGCGGAAT,8
TCTTATTGGGCGGCAT,8
TCTTGGTCCTCGTATG,8
TGATATGTGACATTGC,8
TGATCTGTGACATTAC,8
TGCGACACCCTTCCGG,8
TTGGGGAACTGGAAGC,8
TTGTATCAGTCGCACC,8
TTTATATCAAACACCA,8
AAACCCATAAGACCCA,7
AACAACCGAGTGACCG,7
AACGGTTCAGACTAAG,7
AAGGCTCTAGAGCTCT,7
AATACAGAGTTTGTTG,7
AATCGCTGGAACCCGT,7
AATCGCTGGCAACCGT,7
ACAAGATTAGGGGGAC,7
ACAAGATTCAGGGGAC,7
ACAAGGTCTCGAGAAG,7
ACAATATTCGGGGGAC,7
ACAGTCCACCATGGAG,7
ACCGAATGAATCATCA,7
ACCGAATGAATCATCT,7
ACCGTGGTACACACCA,7
ACCTAATGAATCATCC,7
ACGTATGATTTTCTAG,7
ACTTGATGCATTCCCG,7
ACTTTCTAGAAATTTT,7
AGAAAATCTCAGATAT,7
AGCATAGGGATATGTA,7
AGCATATGGATATGTG,7
AGCTCCTTGGGTATCA,7
AGGTTCAGACTCTTGA,7
AGTGACCCCCTCCAAC,7
ATAGGATATATGGATG,7
ATGGGATTGGAAAAAC,7
ATGGGATTGGAGGAAC,7
ATTACGAATGGGGTAG,7
ATTCTGAATGGGGTAG,7
ATTTTTCTATGGATAC,7
CAAATGCTACATTAGG,7
CAAATGCTGCATTGGG,7
CACTGCGCGGCTCGGG,7
CAGAACCTCTTTGTCT,7
CAGGCTCTAGAGCTAT,7
CATACAGAGGTTGTTG,7
CATGGGTTAAGTTGTG,7
CCAAGCTTGTCGCATC,7
CCCTGCTCGGCTCGGG,7
CGCGACACACTTCCGG,7
CGCGACACCCTTCCTG,7
CGCTACACCCTTCCGG,7
CGGACCCGAGATGGTA,7
CGTGTACACTTCAGCA,7
CGTGTACCCTTCAGCT,7
CGTGTACCCTTCGGCA,7
CGTTCAGCGATAAAGG,7
CTAGCACAGCGTAGGT,7
CTATATTGTCCGGAAG,7
CTCGACACCCTTCCGG,7
CTGACCCTAGATGGTA,7
CTGGAGGCCTGACCCC,7
CTGTACCTGCAGTCGA,7
GAATGGAACTAACTCC,7
GAGGGGTAGAGATACT,7
GCATGGAACTAACTCA,7
GCATGTAACTAACTCC,7
GCCAGCTCTTATCCCT,7
GTAACGTTTGTGCAAA,7
GTACAAACCTGAAAAT,7
GTAGAACTGCGTCCCC,7
GTGCAAACCTGCAAAT,7
GTTCCATCTCAGATCG,7
TAACTGATAGTAACTC,7
TAATAAGCCAGAAAGA,7
TATCGCCATCGACTTC,7
TATGTCGTATACACAG,7
TATGTCTTATCCACAG,7
TATTAAGAGAAGTGTG,7
TATTAGTCCTCGTATG,7
TATTTCGTATCCACAG,7
TCGCTTCAACTAGAAA,7
TCGGATAAATCAGAAC,7
TCTAACTCTCGCGACA,7
TCTTGACATGGCGATG,7
TGAACCGCAGACACGT,7
TGATAAGCCAGCAAGA,7
TGGTCTGCTTCATGCT,7
TGTGACCCCCTCCAAC,7
TTACGAATTTGATTCT,7
TTCATCAAGTTGGTAC,7
TTCATCAAGTTGGTGA,7
TTGAAAAAATCAGAAA,7
TTGCTCCTGAGTAGGA,7
TTGGGGAAAGGGAAGC,7
TTGTACCTGCAGTTGA,7
TTGTATCAGTCTCGCC,7
TTTATATCCAACACCT,7
TTTATATCGAGATTCG,7
AAAAAATTTGTGACAA,6
AAAGACAAACAGTAAG,6
AACACGTAGAACAGCC,6
AACACGTAGAACCACC,6
AACACGTAGAACCTCC,6
AACAGTTCCGACTAAG,6
AACCACTGAGTGACCG,6
AACCTCCCTGACTGCT,6
AACTTCCCTGACTGAT,6
AACTTCCCTTACTGCT,6
AATCGCTGTCACCCGT,6
ACAATCCGAACCATAC,6
ACACGGGTTGGATGTA,6
ACACGGGTTGGCTGCA,6
ACACGGGTTGGCTTTA,6
ACAGTCCACCATTGGG,6
ACATGGAACTAACTCC,6
ACATTCCACCATTGAG,6
ACATTTTCCAATAGGC,6
ACATTTTCCAGTAGGT,6
ACCAGCGCGGTAAGAG,6
ACCAGCTCGTATCCCT,6
ACCATCAATGAGTTGT,6
ACGGGGATTGGCTGGT,6
ACGGGGATTGGCTTTT,6
ACGTGTCTCCTAGCAA,6
AGAAAATCTCGGATAC,6
AGGAGTATGAAGAGTG,6
AGTTCAGCGATAACGG,6
AGTTGGGGTCTCCCCT,6
AGTTTCAGACTCTTGC,6
ATCTCCTGGGGTATCA,6
ATGGACCACGGGCATA,6
ATGGGAGTGGAGAAAC,6
ATGGGATTGGAGAAAT,6
ATGGGATTGGAGAGAC,6
ATTAGGGCTACGGGAG,6
ATTCCGAATGGGGTGG,6
CAAATGCCGCATTAGG,6
CAAATGCTTCATTAGG,6
CAAATTCTGCATTAGG,6
CAATTATAAATACATA,6
CACCATCAGCACCTGG,6
CACCATCATCACCTAG,6
CAGGCTCTAGAGCTCC,6
CATACAGAGTTTTTTG,6
CATGGGAATTGCAACT,6
CATGTGGAGTCCAACA,6
CCAAGATTGGCGCATC,6
CCCTATGAAATAAGAT,6
CCCTGCGCGGCTCGAG,6
CCCTGCGCTGCTCGGG,6
CCTGGGTTAAGTGGTG,6
CCTTGATGAATTCCCG,6
CGCGACACCCTTACGG,6
CGGACCCTAGATGATA,6
CGGACCCTAGATGGCA,6
CGGACCCTATATGGTA,6
CGTACAGTGTAATAGA,6
CGTGTAACCTTCAGCA,6
CTAGTACAGCGTAGGC,6
CTGAGGTATTCAACTC,6
CTGGAGGCATGGCCCC,6
CTGTACCTGAAGTTGA,6
CTTACAGAAGACTAGA,6
CTTCGGCTCCTGATTA,6
CTTCGGCTCGTGATTA,6
CTTCGGTTCTTGATTA,6
CTTCTGCTCTTGATTA,6
GAAAACAGTGTAGTTG,6
GAAGTGCGTATTGATT,6
GAAGTGCGTATTGGGT,6
GAATAATGGAACAGAG,6
GAGAGCTGCAGAAGAG,6
GAGAGCTGCAGAATCG,6
GAGGGGTAGGGATACG,6
GATCACTCAGAAAAAG,6
GATCGCAATCGACTTC,6
GATCGCCATCTACTTC,6
GATCTCCATCGACTTC,6
GCAGCGTGTCGGTCAT,6
GCCATCTCGTATCCCT,6
GCCGCTGGGGCGTGTG,6
GGGGGGTAGAGATACG,6
GGTCCATCTCAGATAG,6
GGTTAACTCTGGAAGC,6
GTAACCAGTTCCTGCG,6
GTACAAACCTGCGAAT,6
GTACAAACCTGTAAAT,6
GTACACAGTTCCTGCG,6
GTAGAACTGCGCCCCC,6
GTGAGATTGTCCGGAA,6
GTGCGATTGTCAGGAA,6
TAAAGTGATTTCTCGA,6
TAAATGCTGCATTAGG,6
TACCCTTCAAGCCACT,6
TACTAATGCAGTTGTC,6
TACTAATGCCGTTGTT,6
TATGTCGTATCCACGG,6
TCCAGCAATGAGTTGT,6
TCCATTTACTGAAGGG,6
TCGTCAGTTGGGAACT,6
TCGTCCGTTAGGAACT,6
TCTTAGTCCTCGGATG,6
TCTTGACATAGCGAGG,6
TGAGTTCGTAGCTCCA,6
TGATCTGTGGCATTGC,6
TTAGCACAGCGTAGGC,6
TTATCTGTAGAGCGCC,6
TTATCTGTGGAGCGCT,6
TTGGGGAACGGGGAGC,6
TTGGGGAATGGGAAGC,6
TTGGTATCAAGCCGGG,6
TTGTATCAGTCGCTCC,6
TTGTATCATTCGCGCC,6
TTTATACCCAACACCA,6
TTTATATCGAGAGTCA,6
TTTCACGGAACCTATC,6
AAAAGAAGTCCATGTA,5
AAACACATAAGACCCC,5
AAACCCATGAGACCCC,5
AAAGTCCACCATTGAG,5
AACACGTAGAACTGCC,5
AACACGTATAACCGCC,5
AACAGAAGTACATGTA,5
AACAGCAATGAGTTGT,5
AACATAAGTCCATGTA,5
AACCAACGAGTGACCG,5
AACCATCAGCACCTAG,5
AACGAATGAATCATCC,5
AACGACAAATAGTAAG,5
AACGGCAAACAGTAAG,5
AACGGTTCCGAATAAG,5
AAGAAGCTAGAGAAGT,5
AAGCGGTGAGGTGATT,5
AAGGGGTAGAGATACG,5
AAGTATTGATACACAT,5
AAGTTAGTAGACACAC,5
AATCGCTGGCACCCGG,5
AATCTCTGGCACCCGT,5
AATGAAACAATCGAGC,5
AATGAAACAATCTAAC,5
AATGTCTAGAAATTTT,5
ACAAGATTCGTGGGAC,5
ACAAGATTCTGGGGAC,5
ACAAGCTTGGCGCATC,5
ACAATCTGAACCATAA,5
ACAATCTGAGCCATAC,5
ACACGGATTGGCTGTA,5
ACACGGGTTGTCTGTA,5
ACACTGGTTGGCTGTA,5
ACAGAATGAATCATCC,5
ACCAGCAATGAGGTGT,5
ACCAGCGATGAGTTGT,5
ACCCCCGGAGCTTGGA,5
ACCCCCGGAGCTTGGT,5
ACCGAATGAATCACCC,5
ACCGAATGAGTCATCC,5
ACCTATGAAATAAGCT,5
ACGGATAAATCAGAAC,5
ACGTATGATTTTAGAG,5
ACGTATTATTTTCGAG,5
ACGTCCATTAAGATAA,5
ACGTGTCTACGAGCAA,5
ACGTGTCTCAGAGCAA,5
ACTGTCTAGAAATTGT,5
ACTTATGATTTTCGAG,5
AGAAACACGTCCCAGT,5
AGATCACAGGTCCTTT,5
AGCATAGGGATGTGTG,5
AGCATCTAACAGAGAG,5
AGCTCCTGTGGTATCA,5
AGGAATATAGTTGGCA,5
AGGACTATAGTTGGAA,5
AGGTATTGCTACACAT,5
AGGTTCAGACTCTTAC,5
AGTAGTTTAGATAGTT,5
AGTCGTTTAGATAGGT,5
AGTGTTGAGTAGGCGA,5
ATAAACGCATGTGCCA,5
ATACAAACCTGCAAAT,5
ATACACGCATGTTCCA,5
ATAGGATATATGGCGG,5
ATGAGCTGCCAATAAG,5
ATGGAGGCCTGGCCCC,5
ATGGGATTGTAGAAAC,5
ATGGGATTTGAGAAAC,5
ATGGGGAACGGGAAGC,5
ATGGTTTTACGTACAT,5
ATGTGATTGGAGAAAC,5
ATTAGATTATAAAGTA,5
ATTATCATATCTAATG,5
ATTATGGCTACGTGAG,5
ATTCCGAATGGGGGAG,5
ATTCCGAATGGGGTAT,5
ATTCCTAATGGGGTAG,5
ATTTGGGGTCTCCCTT,5
CAAAATCTAAGGCGAC,5
CACCATCAGCACCGAG,5
CACGACCGGCGAACTC,5
CACGGCCAGCGAACTC,5
CACGGCCTGCGAACTC,5
CAGAAACTCGTTGTCT,5
CAGAACCTAGTTGTCT,5
CAGAACCTCGTTGTAT,5
CAGAACCTCGTTGTCA,5
CAGAACCTCGTTTTCT,5
CAGAGCCTCGTTGTCT,5
CAGGATAAATCAGAAC,5
CAGGCTATAGAGCTCT,5
CAGGCTCCAGAGCTCT,5
CAGGCTCTAGAGCTCA,5
CAGGCTCTAGATCTCT,5
CAGGCTCTAGGGCTCT,5
CATAAAGAGTTTGTTG,5
CATAACCTCGTTGTCT,5
CATGGGAATGGCCACT,5
CATTGATGCATTCCCG,5
CATTTATGATGAATTG,5
CCAAGCTTGGCGCATA,5
CCCTATGAAATAATCT,5
CCCTGCGCGGCTCGGT,5
CCCTTTACGGATCTCC,5
CCGAACTTATCTGTGG,5
CCGAGGGATTCAACTC,5
CCGGAGGCCTGGCCCC,5
CCGGATAAATCGGAAC,5
CCTGGGTTAAGTTGGG,5
CCTGGGTTAAGTTGTT,5
CCTTTATGCATTCCCG,5
CGAGACACCCTTCCGG,5
CGCGACACCCTTCCAG,5
CGGACACTAGATGGTA,5
CGGTCGGGACTCAGCT,5
CGTACAGTGTAATCGT,5
CGTCGGCTCTTGATTA,5
CGTGTACCTTTCAGCA,5
CGTGTATCCTTCAGCA,5
CGTTCAGCTATAACGG,5
CTAGAACAGCGTAGGC,5
CTAGCACATCGTAGGC,5
CTATATTGCCCGGAAT,5
CTATATTGCCCTGAAG,5
CTGAAATTATCTGTGG,5
CTGAACCTGTCGATAT,5
CTGAACTTATCTGGGG,5
CTGAACTTGTCTATAT,5
CTGAGATGCCAATAAG,5
CTGAGTTGCCAATAAG,5
CTGATGGATTCAACTC,5
CTGGAGGCCCGGCCCC,5
CTGGAGGCCTGGACCC,5
CTGTACATGCAGTTGA,5
CTTAGGTATTATATGA,5
CTTAGGTATTATATTC,5
CTTATGTATTATATGC,5
CTTCGACTCTTGATTA,5
CTTCGGATCTTGATTA,5
CTTCGGCTATTGATTA,5
CTTCGGCTCTTTATTA,5
CTTGAGGCCTGGCCCC,5
CTTTTCTAGTACGCGT,5
CTTTTCTAGTACTCTT,5
GAAATCCCCAAAGAAC,5
GAAGTACGCTTAATGA,5
GAAGTGAGTATTGAGT,5
GAATAATAGAAAAGAG,5
GACCCATTGTAAGATG,5
GAGAGCTGCAGAAGCA,5
GAGAGCTGCAGAAGTG,5
GAGGGGTAGAGATACA,5
GAGTGGTAGAGATACG,5
GATCACACAGAAAAAG,5
GATCGCCATCGACTCC,5
GATCGCTGGCACCCGT,5
GATCTTGGGAAGAGTC,5
GATCTTGGGGAGAGGC,5
GCATGGAACTAAATCC,5
GCATTTGCGCGCAGTC,5
GCCAGCTAGTATCCCT,5
GCCTTTGCGAGCAGTC,5
GCCTTTGCGTGCAGTC,5
GGTCCATCTCAGATTG,5
GGTCCATCTCATATCG,5
GTAAACAGTGTAGTTG,5
GTACAAACCTGCAGAT,5
GTACCCAGCTCCTGCG,5
GTACCCAGTTCATGCG,5
GTACCCATTTCCTGCG,5
GTCATTTACTGAAGGG,5
GTGCGATTGGCCGGAA,5
GTGCGATTGTCCGGAG,5
GTGGTATCAAGACGGG,5
GTGGTATCAAGCAGGG,5
GTTATTATGACTCCAT,5
TAATAATGCCGTTGTC,5
TACAAATGTCATTTGA,5
TACCCTGCAAGCAACT,5
TACCTGCTGCGGAGCG,5
TACTAATGACGTTGTC,5
TACTGATAACCCTGTG,5
TAGCGTGATTTCTCGA,5
TATGTCGTATCCAAAG,5
TATGTGGAGCCCAACA,5
TCAAGCGCGGTAAGAG,5
TCATGGGTGGACGAGA,5
TCCAGAGCGGTAAGAG,5
TCCATCGCGGTAAGAG,5
TCGAAAGAAGTAGGAG,5
TCGAGTCAATATGCGC,5
TCGATTACTAGCCTGA,5
TCTAACTCTCGCGGAA,5
TCTGGGTTAAGTTGTG,5
TCTTGACATAGCGATT,5
TGAAGTGGTATACATA,5
TGATATTTTACATTTA,5
TGATCCGTGACATTGC,5
TGATCTGTTACATTGC,5
TGATCTTTGACATTGC,5
TGCTATTCCGGCGAGG,5
TGCTATTCCGGCGCAG,5
TGCTATTCCGTCGCGG,5
TGGCCCGTAAGGACTA,5
TGGGAACATACATAAC,5
TGTAATAGGCGTCACG,5
TTAAGAATTTGATTCC,5
TTATCTGTAGAGCGAT,5
TTGGGCACTAAATGAA,5
TTGGGGAACAGGAAGC,5
TTGGGGAACGGGAATC,5
TTGGGGAACGGGAGGC,5
TTGGGGAGCGGGAAGC,5
TTGTATCAGTCGCGAC,5
TTTAACAGAACCTATC,5
TTTATATCCAAAACCA,5
TTTGGGAACGGGAAGC,5
AAAAAAGTTATGACAA,4
AAAAAATTTATGACAT,4
AAAAAATTTATGACGA,4
AAAAAATTTATTACAA,4
AAAACGTAGAACCGCC,4
AAACCCATAAGACCAC,4
AAAGCTCTTTTCGTCC,4
AAAGGCGCGCCTGCAA,4
AAAGGTTCCGACTAAG,4
AACAGAAGTCCAGGTA,4
AACAGAAGTCCATGTG,4
AACCACCGAGTTACCG,4
AACGAAAAACAGTAAG,4
AACGACAAACAGTAAT,4
AACGACAAACAGTAGG,4
AACGACAAGCAGTAAG,4
AACGGTTACGACTAAG,4
AACGGTTCCAACTAAG,4
AACGGTTCTGACTAAG,4
AACTTACCTGACTGCT,4
AACTTCCCTGACTTCT,4
AACTTTCCTGACTGCT,4
AAGAGGTGATGTGATT,4
AAGCATTGTCGGAAAG,4
AAGCCCAGCGGGGGAT,4
AAGGAAACAATCGAAC,4
AAGTCCATTAAGATCA,4
AAGTTAAGAGAAAGTG,4
AATCGCTGGCACACGT,4
AATCGTTTAGATAGTT,4
AATGAAACAATAGAAC,4
AATGAGACAATCGAAC,4
AATGCGAGCATGGCAA,4
AATGCGAGCATGTAAA,4
AATGCGGGCATGTCAA,4
AATGTGGAGCCCAACA,4
AATTGAGACGCGCAAG,4
AATTGCTGGCACCCGT,4
ACAAACAGTGTAGTTG,4
ACAATCTGAACCATAT,4
ACACAGGTTGGCTGTA,4
ACACGGGTTGGCTGGA,4
ACAGTATGATCTACGC,4
ACCAAATGAATCATCC,4
ACCAGCAACGAGTTGT,4
ACCAGCAATGAGCTGT,4
ACCAGCAATGAGTTGG,4
ACCAGCAATGAGTTTT,4
ACCAGCAATTAGTTGT,4
ACCAGTAATGAGTTGT,4
ACCCCCGTAGCTTGGC,4
ACCGAATGAATCGTCC,4
ACCGATTCACTAATAA,4
ACCTTTGCGCGCAGTC,4
ACGAACGAAGTAGGAG,4
ACGGGGATTGGCTGTA,4
ACGTATGATTTTTGAG,4
ACGTCCATTAATATCA,4
ACGTGTCTCCGAGTAA,4
ACTACGAGGATACGTA,4
ACTACGAGGCTAAGTA,4
AGAAAATCTCAGATAA,4
AGAAAATCTCATATAC,4
AGAAAATTTATGACAA,4
AGAACCGCAGACACGT,4
AGACCATGCTGGGGAT,4
AGATCCCATGTCCTTT,4
AGATCCCGGGTCCTTT,4
AGCAGCAATGAGTTGT,4
AGCATAGGGATACGTG,4
AGCATAGGGATATATG,4
AGCATCTGACAGATAG,4
AGCTCCTGGGGTATAA,4
AGCTCCTGGGTTATCA,4
AGGACCGTAAGGACTA,4
AGGATTATGAAGAGCG,4
AGGCCCATAAGGACTA,4
AGGTCCATTAAGATCA,4
AGGTCGGGACTCATCT,4
AGTAAAGAAACTGGAG,4
AGTACAGTGTAATCGA,4
AGTATAGGGATATGTG,4
AGTATTTGCTCTTCAA,4
AGTATTTGTGCTTCAA,4
AGTCCCGTAAGGACTA,4
AGTCGTTTAGATAGTC,4
AGTGCTGAATAGGCGA,4
AGTGTTGAAGAGGCGA,4
AGTGTTGAATAGGTGA,4
AGTGTTGGCTTGGTCA,4
AGTGTTGGCTTGGTGA,4
AGTTCCGTAGGCATGG,4
AGTTGGGGTCTCACTT,4
AGTTTGGGTCTCCCTT,4
ATAAACGAGGTTGTGA,4
ATAACGTTTGTACAAA,4
ATAACGTTTTTGCAAA,4
ATAACTGAGGGCATGG,4
ATACACGCATGTGCCG,4
ATAGAATCACAAATTA,4
ATAGAATCGCAAATGA,4
ATAGTATATATGGCTG,4
ATATATTGCCCGGAAG,4
ATATCTTAATCTACAG,4
ATATTTAACAGACGTA,4
ATCAGGATAATCGCGA,4
ATGAACTTATCTGTGG,4
ATGAACTTGTCGATAT,4
ATGAGATTGGAGAAAC,4
ATGAGGGATTCAACTC,4
ATGCCGAATGGGGTAG,4
ATGGGATTGGAGAAAG,4
ATGGGATTGGAGAAGC,4
ATGTACCTGCAGTTGA,4
ATGTCCCACGGGCATA,4
ATTACCATATCTAATA,4
ATTAGATTATAACTTA,4
ATTAGATTGTAACGTA,4
ATTATCATATCTAAGA,4
ATTATCATATCTAGTA,4
ATTCCGAATGGAGTAG,4
ATTCCGAATGGGATAG,4
ATTTAAATTAGAGGAC,4
ATTTAAATTCTAGGAC,4
ATTTAAATTTGAGGAC,4
ATTTTTCCATGGCTAC,4
ATTTTTCTATGACTAC,4
CAAAGCTTGGCGCATC,4
CAAATGCTGCATTAGA,4
CAATTAGAAACACATA,4
CACAATCAGCACCTAG,4
CACCTAGGATAGCACT,4
CACTAGATGGACAGTC,4
CACTAGATGTACAGGC,4
CACTATGAAATAAGCT,4
CAGAACCTCGTTGTCG,4
CAGGACCTCGTTGTCT,4
CAGGATCTAGAGCTCT,4
CAGGCTCTAGAGATCT,4
CAGGCTCTAGAGCCCT,4
CAGTCTCTAGAGCTCT,4
CATCGAGACGCGCAAG,4
CATGGGAATTGTCACT,4
CATGTCGTATCCACAG,4
CATGTGGAGCCAAACA,4
CATGTGGAGCCCAACG,4
CATGTTGAGCCCAACA,4
CATTGAGACGAGCAAG,4
CCCCGCGCGGCTCGGG,4
CCCCTCCCCTAAAGTT,4
CCCGGGTTAAGTTGTG,4
CCCTATGAAATAAGCA,4
CCCTATGAGATAAGCT,4
CCCTGCGCGTCTCGGG,4
CCCTTTACGGATATCT,4
CCCTTTACGTATCTCT,4
CCTGGGTTAAGGTGTG,4
CCTGGGTTAAGTTATG,4
CCTGGGTTAGGTTGTG,4
CCTTGATGCATTCCCC,4
CGAAACACGTCCCATT,4
CGAACCACAGACACGT,4
CGACTCCACGGACGCA,4
CGCAACACCCTTCCGG,4
CGCAACATTGGTCGCC,4
CGCAGCATTGGTCACC,4
CGGACCATAGATGGTA,4
CGGACCCTAGATGGTG,4
CGGGAAAATACATAAC,4
CGGGAAATTTAAATGA,4
CGGGAACATACATAAT,4
CGGTCGGGACTCATAT,4
CGTAAAGTGTAATCGA,4
CGTACAGTGTAATCGG,4
CGTACCCTAGATGGTA,4
CGTGAACCCCTCCAAC,4
CGTGACCCACTCCAAC,4
CGTGGACCCTTCAGCA,4
CGTTCAGAGATAACGG,4
CGTTCAGCGATAATGG,4
CGTTCAGTGATAACGG,4
CGTTCATCGATAACGG,4
CTAAGCTTGGCGCATC,4
CTAGCACAGCGTAGAC,4
CTAGCACAGCGTAGGA,4
CTATATTAATCTACAG,4
CTATATTGCCCGGGAG,4
CTATCACAGCGTAGGC,4
CTATCTTAATCTACAT,4
CTATCTTAGTCTACAG,4
CTATTTAACAGACGTG,4
CTATTTAACATACGTA,4
CTCCTAGTGGACGATT,4
CTGAACTTGTTGATAT,4
CTGAGCTGACAATAAG,4
CTGAGTGATTCAACTC,4
CTGGAGGCCTGGCCCT,4
CTGGAGGCCTGGTCCC,4
CTGGGGGCCTGGCCCC,4
CTGTACCTGCAGGTGA,4
CTGTACCTGCAGTTGG,4
CTGTACCTGCAGTTGT,4
CTTACAGAATACTGGA,4
CTTACAGAATGCTAGA,4
CTTACAGGATACTAGA,4
CTTACATAATACTAGA,4
CTTACGGAATACTAGA,4
CTTAGGTATTATATAC,4
CTTATAGAATACTAGA,4
CTTGGGTATTATATGC,4
CTTTTCTAGTAAGCTT,4
GAAAAATTTATGACAA,4
GAAACGAGGTGTAACC,4
GAAATCCCCAAATAGC,4
GAAGAATAGAACAGAG,4
GAAGGCGCGCCTTCAA,4
GAAGTACGATGAATGA,4
GAAGTGCTTATTGAGT,4
GACACGTAGAACCGCC,4
GACATTTACTGAAGGG,4
GACCACCGAGTGACCG,4
GACCCCTTGGAAGATG,4
GACCCCTTGTAAGAGG,4
GACGGGATGGGCACGC,4
GACGGTTCCGACTAAG,4
GACTTCCCTGACTGCT,4
GAGAGCTTCAGAAGCG,4
GAGCGGTGATGTGATT,4
GAGGGAATACGTCACC,4
GAGGGGATACGTCAAC,4
GAGGGGTAGAGATGCG,4
GATCGCCATAGACTTC,4
GATCTCCACTGATAAG,4
GCAGCGTGCCGGGCAT,4
GCAGCGTGCCGGTCAC,4
GCATCCTCAACTCCGA,4
GCATGGAAATAACTCC,4
GCCAGCTCGTATCCCG,4
GCCTTTGCGCACAGTC,4
GCCTTTGCGCTCAGTC,4
GCGAAGTTTAATAGCG,4
GCGAAGTTTCATGGCG,4
GGTACATCTCAGATCG,4
GGTCCATCTAAGATCG,4
GGTCGCCATCGACTTC,4
GTACAAACCTCCAAAT,4
GTACAAACCTGCAAGT,4
GTACCCAGTTCCCGCG,4
GTACCCAGTTCCTACG,4
GTACGAACCTGCAAAT,4
GTAGAACTACGGCCCC,4
GTAGAACTGCGGCCAC,4
GTATCCTCAACTCCTA,4
GTATGGAACTAACTCC,4
GTCAAGTTACTGATGG,4
GTCAAGTTATGGATGG,4
GTCACATCCTGGAATG,4
GTCAGCTCGTATCCCT,4
GTCGCATCCCGGAATG,4
GTCGCATCCGGGAATG,4
GTCTCCGCTAATCCGA,4
GTGAGAGAGAAAAGCA,4
GTGATATCAAGCCGGG,4
GTGCAATTGTCCGGAA,4
GTGCGATTATCCGGAA,4
GTGCGATTTTCCGGAA,4
GTGGTATCAAGCCGTG,4
GTGTGATTGTCCGGAA,4
GTGTTATCAAGCCGGG,4
GTTATTATGACTGCAT,4
GTTGCTCCAACACGCC,4
GTTGCTCCGACACACC,4
GTTGCTCCGACACGAC,4
GTTGCTCCGACACGTC,4
TAAAATCTACGGCGAC,4
TAACAATGTCATTTGA,4
TAACATGATTTCTCGA,4
TAACGTTATTTCTCGA,4
TAATTAGAAATACATA,4
TACATACCGACGCAGC,4
TACCAATGTAATTTGA,4
TACCCTGCAAGACACT,4
TACCCTGCAAGGCACT,4
TACCTGCTGTGGAACG,4
TACTAATGCCATTGTC,4
TACTGATAAACCTGCG,4
TACTGATGACCCTGCG,4
TAGCATTGTAGGAAAG,4
TAGCATTGTCAGAAAG,4
TAGCTGATAATAACTC,4
TAGCTGATAGTAACTA,4
TATAACTCTCGCGGCA,4
TATACTCACGTAGGAT,4
TATCACGCAGAAAAAG,4
TATGCCGTATCCACAG,4
TATGTTGTATCCACAG,4
TATTAAGGGAAGTGCG,4
TATTATTAGGCGGCAT,4
TATTCTTAACTAGCGA,4
TCAACACAAAAAATTA,4
TCATGGGTGTACGAAA,4
TCATGGGTGTACGATA,4
TCATGGGTGTACTAGA,4
TCATGGGTTTACGAGA,4
TCATGTGTGTACGAGA,4
TCCAGCGCGGCTCGGG,4
TCCAGCGCGGTAAGAT,4
TCCTATGAAATAAGCT,4
TCGAACGAAGTGGGAG,4
TCGAGTTAATATGCTC,4
TCGATTACTAGACGGA,4
TCGGGGAACGGGAAGC,4
TCGTACGTTGGGAACT,4
TCGTCCGTTGGGGACT,4
TCTAACGAAGTAGGAG,4
TCTAACTCTCGCGTCA,4
TCTAACTCTCGTGGCA,4
TCTATTACTAGCCGGA,4
TCTCAGTCCTCGTATG,4
TCTCTTCAACTAAAAA,4
TCTTAATCCTCGTATG,4
TCTTAGTCCCCGTATG,4
TCTTATTAGTCGGCAT,4
TCTTATTCCTCGTATG,4
TCTTGACATAGTGATG,4
TCTTTAACACTGCATC,4
TCTTTACCACTTCATC,4
TGACTCCACGGACGCC,4
TGATCTGTGAAATTGC,4
TGCAGTGGGATACATA,4
TGCAGTGGTATACAGA,4
TGCTATTCAGGCGCGG,4
TGCTATTCCGGCGCGT,4
TGCTATTCCGGCTCGG,4
TGGCATTGTCGGAAAG,4
TGGTCAGCTTCATGCT,4
TGGTCCACTTCATGCT,4
TGTGGAGCGCCCTTAT,4
TGTGGAGTGCCCTTAC,4
TGTGTCGTATCCACAG,4
TGTGTTGAATAGGCGA,4
TGTTGAGACAGTCTGA,4
TGTTGAGCCAGTATGA,4
TGTTGAGCCAGTCCGA,4
TTACCCAGTTCCTGCG,4
TTACGAATTCGATTCC,4
TTACGAATTTGATTCA,4
TTACGAATTTTATTCC,4
TTACGGATTTGATTCC,4
TTACTAATTTGATTCC,4
TTAGAACTGCGGCCCC,4
TTATATGTAGAGCGCT,4
TTATCTGTAGAGCTCT,4
TTATCTTTAGAGCGCT,4
TTCATCAAGTTGGTGT,4
TTCATCAAGTTGGTTC,4
TTCTATTCCGGCGCGG,4
TTCTGTCCAGACTAGT,4
TTCTGTCCAGACTCAT,4
TTCTGTCCAGACTCGC,4
TTCTGTCCGGACTCGT,4
TTCTTTCCAGACTCGT,4
TTGCAATTGAAAGATA,4
TTGCGAATTTGATTCC,4
TTGCTCCTGAGTAGTG,4
TTGGAGGCCTGGCCCC,4
TTGGTGAACGGGAAGC,4
TTGTATCAATCGCGCC,4
TTGTATCAGTCACGCC,4
TTGTATCAGTCGCGCT,4
TTGTGGAACGGGAAGC,4
TTTATATCCAACACAA,4
TTTCGGCTCTTGATTA,4
AAAAAATGTATGACAA,3
AAAAAATTTATGAAAA,3
AAAAAATTTATGACAG,3
AAAACCATAAGACCCC,3
AAAAGATTCGGGGGAC,3
AAACCCATAAGACACC,3
AAACCCATAAGACCCT,3
AAAGAATTTATGACAA,3
AAAGTAGCAGAGGAGT,3
AAATCTCTTTTCGTTC,3
AACACGTAGAACCGAC,3
AACACGTAGAACCGCA,3
AACACGTAGGACCGCC,3
AACACTTAGAACCGCC,3
AACAGAAGTCCATCTA,3
AACAGAAGTCCATTTA,3
AACAGAATTCCATGTA,3
AACAGAGGTCCATGTA,3
AACCAATGTCATTTGA,3
AACCTAAGAGACGTAA,3
AACGACAAACAGTGAG,3
AACGACAAACATTAAG,3
AACGGTTCCGACTAAA,3
AACGGTTCCGACTAGG,3
AACTAATGCCGTTGTC,3
AACTACAAACAGTAAG,3
AACTGTTCCGACTAAG,3
AACTTCCCTGAATGCT,3
AACTTCCCTGACTGCA,3
AAGAAGACTGTGTGAT,3
AAGAAGACTTTGTGGT,3
AAGGGATTGGAGAAAC,3
AAGGGGACTCATAATG,3
AAGGTCACTATGTAAT,3
AAGGTCCCCATGTAAT,3
AAGGTCCCTATTTAAT,3
AAGTATTGCTAAACAT,3
AAGTATTGCTGCACAT,3
AAGTGGCCTCATAATG,3
AAGTGGTGATGTGATT,3
AAGTGTCTCCGAGCAA,3
AAGTTAAGAGAAGGTT,3
AAGTTAATAGAAAGTT,3
AAGTTGAGAGAAAGTT,3
AATACGAGGCTACGTA,3
AATACGTAGAACCGCC,3
AATCGCCGGCACCCGT,3
AATCGCTGACACCCGT,3
AATCGCTTGCACCCGT,3
AATCGGTGATGTGATT,3
AATGAAAAAATCGAAC,3
AATGGTTCCGACTAAG,3
AATTCGTGAGGACTAG,3
AATTCGTGAGTACGAG,3
AATTCGTGAGTACTGG,3
AATTGGGGTCTCCCTT,3
AATTTCTGATGAATTG,3
ACAAAGTCGCGAGAAG,3
ACAAGAGTCGGGGGAC,3
ACAAGATTCGGGGGAA,3
ACAAGATTCGGGGTAC,3
ACAAGATTCGGGTGAC,3
ACAATATGAACCATAC,3
ACAATCTGAACAATAC,3
ACAATCTGAACCACAC,3
ACAATCTGAACTATAC,3
ACACGGGTGGGCTGTA,3
ACACGGGTTGGCTGTG,3
ACACGTGTTGGCTGTA,3
ACAGCCCACCATTGAG,3
ACAGCGTGCCGGTCAT,3
ACAGTCCACCATTGAT,3
ACATGGGTTGGCTGTA,3
ACATTTTCCAATAGGG,3
ACCAACAATGAGTTGT,3
ACCAATTCACGAATAA,3
ACCAGCAATGAGTTAT,3
ACCATTTACTGAAGGG,3
ACCCCAGGAGCTTGGC,3
ACCCCCGGAGCTGGGC,3
ACCCCCTGAGCTTGGC,3
ACCGAATTAATCATCC,3
ACCGATTCATGAATAA,3
ACCGATTCGCGAATAA,3
ACCGGATGAATCATCC,3
ACCGGCAATGAGTTGT,3
ACCGGCGTTAGTGTCA,3
ACCTATTCACGAATAA,3
ACGAAAATAGACCGAA,3
ACGCAAATAGACCGGA,3
ACGGGATTGGAGAAAC,3
ACGTATGATTTTCGTG,3
ACGTCCATTAAGATCG,3
ACGTGTCTCCGAGAAA,3
ACGTGTCTCCGAGCAG,3
ACGTGTCTCCGAGCAT,3
ACTAAGAGGCTACGTA,3
ACTACGAGTCTACGTA,3
ACTACGGGGCTACGTA,3
ACTAGCAATGAGTTGT,3
ACTATCTAGAAATTTT,3
ACTATGAGGCTACGTA,3
ACTCTGGCTCGCCAAT,3
ACTGGGTTAAGTTGTG,3
ACTGTCTATAAATTTT,3
ACTTGTCTCCGAGCAA,3
AGAAAATATCAGATAC,3
AGAGAATCTCAGATAC,3
AGATCCAAGGTCCTTT,3
AGATCCCAGGTCCGTT,3
AGCATAGGGATAGGTG,3
AGCATAGTGATATGTG,3
AGCATATAACAGATAG,3
AGCATCTAAAAGATAG,3
AGCATCTAACAGATGG,3
AGCATCTAACATATAG,3
AGCATCTAACGGATAG,3
AGCATGGGGATATGTG,3
AGCCCATGATGGGGAT,3
AGCCCATGCTGTGGAT,3
AGCCTACGAGACGTAA,3
AGCGAATGAATCATCC,3
AGCGTTGAATAGGCGA,3
AGCTACTGGGGTATCA,3
AGCTCATGGGGTATCA,3
AGCTCCTAGGGTATCA,3
AGCTCCTGGGGCATCA,3
AGCTCCTGGTGTATCA,3
AGCTGAATTAAGGATG,3
AGCTTAATTAAGTATG,3
AGGAAAGAAACGGGAG,3
AGGAAATCTCAGATAC,3
AGGAATCGTCACCGAT,3
AGGACTATAGTTGGCG,3
AGGAGTATGAAGAGGG,3
AGGAGTGTGAAGAGCG,3
AGGCCCGTAAGGAATA,3
AGGGAATCTCCCATAC,3
AGGGGAGTGGAGAAAC,3
AGGTTCAAACTCTTGC,3
AGGTTCAGACTATTGC,3
AGTATTTGCGATTCAA,3
AGTCATTTAGATAGTT,3
AGTCGTTTAGACAGTT,3
AGTCGTTTAGATAGTG,3
AGTCGTTTGGATAGTT,3
AGTGTCTAGAAATTTT,3
AGTGTGGAATAGGCGA,3
AGTGTTGAATAGGCTA,3
AGTTACATAGGCATGG,3
AGTTGGGGTCCCCCTT,3
AGTTGGGGTCTACCTT,3
AGTTGGGGTCTCCATT,3
AGTTGGGGTCTCCCAT,3
AGTTTTGGCTTGGTTA,3
AGTTTTTATAACTTGT,3
ATAACGCTTGTGCAAA,3
ATACACGAATGTGCCA,3
ATACACGCAGGTGCCA,3
ATAGGATATATGTCTG,3
ATAGGATGTATGGCTG,3
ATAGGGTATATGGCTG,3
ATATAAAAAAATTAGT,3
ATATAAAAAACTTATT,3
ATCAGGATAATAGCGC,3
ATCAGGATAATCGCGT,3
ATCAGGATAATCTCGC,3
ATCAGGGCTACGTGAG,3
ATCGAATGAATCATCC,3
ATGGGATATATGGCTG,3
ATGGGATCGGAGAAAC,3
ATGTTCAGACTCTTGC,3
ATGTTTTTACGTCCAT,3
ATTAGATTATAGCGTA,3
ATTAGGGATACGTGAG,3
ATTAGGTATTACATGC,3
ATTATCATATATAATA,3
ATTATCATATCTGATA,3
ATTCCGAAGGGGGTAG,3
ATTCCGAATGGGGCAG,3
ATTCCGAGTGGGGTAG,3
ATTCGGCTCTTGATTA,3
ATTCTTCTATGGCTAC,3
ATTGCGAATGGGGTAG,3
ATTTAAATTCGGGGAC,3
ATTTAGATTCGAGGAC,3
ATTTTTCTATGTCTAC,3
CAAAATCTACGGCGAT,3
CAAAATCTACGGCTAC,3
CAAATGCTGCACTAGG,3
CAAATGCTGCATTAGT,3
CAAGGGCTAATGTCTC,3
CAAGTGCTGCATTAGG,3
CAATCAGAAATACATA,3
CAATTAGAAATACGTA,3
CAATTAGAGATACATA,3
CAATTAGGAATACATA,3
CACCATAAGCACCTAG,3
CACCATCAGCACCCAG,3
CACCATCAGCACCTAT,3
CACCATCAGTACCTAG,3
CACCGAGCCGAGCACC,3
CACCGCGCCGATCACC,3
CACGGCCGGCTAACTC,3
CACGGGATAATGTCTC,3
CACGGGCTAATTTCTC,3
CACTAGATGTAGAGTC,3
CACTAGATTTACAGTC,3
CAGAACATCGTTGTCT,3
CAGAACCCCGTTGTCT,3
CAGGCTCTATAGCTCT,3
CAGGCTCTGGAGCTCT,3
CAGTTAGAAATACATA,3
CATACAGAGTTTGTTT,3
CATACAGTGTAATCGA,3
CATACTGAGTTTGTTG,3
CATGCTCTAGAGCTCT,3
CATGGCCGGCGAACTC,3
CATGGGAATTGACACT,3
CATGGGGATTGCCACT,3
CATGTGAATTCGCCCT,3
CATGTGGAGCCCAGCA,3
CATGTGTAGCCCAACA,3
CATTAAGAGAAGTGCG,3
CATTCAGCGATAACGG,3
CATTGAGAAGCGCAAG,3
CATTGAGACGCGAAAG,3
CATTGAGACGCTCAAG,3
CATTGAGGCGCGCAAG,3
CATTTCTGATGAATTT,3
CATTTCTTATGAATTG,3
CCAAGCTTGGAGCATC,3
CCAAGCTTGGCGAATC,3
CCAAGCTTGGCGCACC,3
CCAAGCTTGGCTCATC,3
CCCCTCCTCGAAAGTT,3
CCCCTCCTCTAGAGTT,3
CCCGGCGCGGCTCGGG,3
CCCTACGCGGCTCGGG,3
CCCTATGAAATAAACT,3
CCCTATGAAATAGGCT,3
CCCTGATGCATTCCCG,3
CCCTGCGCGGCTCGCG,3
CCCTGTGAAATAAGCT,3
CCCTTTATGGATCTCT,3
CCGGATAAAGCAGAAC,3
CCGGATAAATCAGAGC,3
CCTGATAAATCAGAAC,3
CCTGGGTGAAGTTGTG,3
CCTGTACCCTTCAGCA,3
CCTTGATACATTCCCG,3
CCTTGATGCATTACCG,3
CCTTGATGCATTCACG,3
CCTTGATGCATTCCTG,3
CCTTGGTGCATTCCCG,3
CGAAACAAGTCCCAGT,3
CGAAACACGTCCAAGT,3
CGAAACATGTCCCAGT,3
CGAACCGAAGACACGT,3
CGATTAGAAATACATA,3
CGCAGCATTGGTCTCC,3
CGCGACAACCTTCCGG,3
CGCGACACCCCTCCGG,3
CGCGACACCCTTCCGA,3
CGCGACACCCTTCTGG,3
CGCGGCACCCTTCCGG,3
CGCGTACCCTTCAGCA,3
CGGAAAATGTAAATGA,3
CGGAACCTAGATGGTA,3
CGGACCCTAGATGTTA,3
CGGACCCTGGATGGTA,3
CGGGAAACGTAAATGA,3
CGGGAAATGCAAATGA,3
CGGGAAATGTAAGTGA,3
CGGGAACAGACATAAC,3
CGGGAACATACATAAA,3
CGGGACACCCTTCCGG,3
CGGGCTCTAGAGCTCT,3
CGGGGAAAAGATTGTA,3
CGGGGACAAGATTGTG,3
CGGTAATCTCCCATAC,3
CGTACAGAGTTTGTTG,3
CGTACAGTGTAAGCGA,3
CGTACAGTTTAATCGA,3
CGTATAGTGTAATCGA,3
CGTGACCCCCTCCAAA,3
CGTGACCTCCTCCAAC,3
CGTGATCCCCTCCAAC,3
CGTGGCCCCCTCCAAC,3
CGTGTACCCTTTAGCA,3
CGTGTAGCCTTCAGCA,3
CGTGTGGAGCCCAACA,3
CGTTGAGACGCGCAAG,3
CGTTTTGGGTTCGAGG,3
CTAAACTTGTCGATAT,3
CTAACCGCAGACACGT,3
CTAATTTAAGTATCAT,3
CTAATTTAAGTATCGA,3
CTACCTTAATCTACAG,3
CTAGCACAGAGTAGGC,3
CTAGCACAGCGTATGC,3
CTAGCACGGCGTAGGC,3
CTATATTACCCGGAAG,3
CTATATTGACCGGAAG,3
CTATATTGCACGGAAG,3
CTATCCTAATCTACAG,3
CTATTTAAAAGACGTA,3
CTATTTAACAGAAGTA,3
CTATTTAACAGACGTT,3
CTCAAATAATTGACGC,3
CTCAAATAATTGGTGC,3
CTCAAATAATTGTCGC,3
CTCCTAGGGGAAGATT,3
CTCTGTCCAGACTCGT,3
CTGAAATTGTCGATAT,3
CTGAACCTCGTTGTCT,3
CTGAACTTATCGATAT,3
CTGAACTTATCTGTGT,3
CTGAACTTATCTTTGG,3
CTGAGCTGCGAATAAG,3
CTGAGGGATTAAACTC,3
CTGATTTAAGTATCAA,3
CTGGAAATGTAAATGA,3
CTGGAGGCCTGGCACC,3
CTGGAGGCCTTGCCCC,3
CTGGAGTCCTGGCCCC,3
CTGGGATTGGAGAAAC,3
CTGGGGAACGGGAAGC,3
CTGGGGGATTCAACTC,3
CTGGTGGCCTGGCCCC,3
CTGTAACTGCAGTTGA,3
CTGTAGGCCTGGCCCC,3
CTGTCGGGACTCATCT,3
CTTAAAGAATACTAGA,3
CTTAACTTATCTGTGG,3
CTTAACTTGTCGATAT,3
CTTACAGAATACCAGA,3
CTTAGGTATTACATGT,3
CTTAGTTATTATATGC,3
CTTATATCCAACACCA,3
CTTATGTATTACATGC,3
CTTCGGCTCTTGAGTA,3
CTTCGGCTCTTGATGA,3
CTTCGGCTCTTGATTG,3
CTTCTCTAGTACGCTT,3
CTTTTCTAGCACGCTT,3
CTTTTCTAGTACGCCT,3
CTTTTCTAGTGCGCTT,3
GAAAGCCCCGTTCAAT,3
GAAAGTCCCCATGATG,3
GAAAGTCCCGATGATG,3
GAAATCCCCGTGCAAT,3
GAAGAAAATATAACCA,3
GAAGAAACGATAACCA,3
GAAGAAACTATAACCG,3
GAAGAACTGCGGCCCC,3
GAAGAGACTATAACCA,3
GAAGCGTGCCGGTCAT,3
GAAGGGTAGAGATACG,3
GAAGTAAGCTGAATGA,3
GAAGTACTCTGAATGA,3
GAAGTGCCGCTGAAGT,3
GAAGTGCGTATTGAGG,3
GAAGTGCTACTGAAGT,3
GAAGTGCTGATGAAGT,3
GAAGTGTGTATTGAGT,3
GAAGTTCGTATTGAGT,3
GAATAAACTATAACCA,3
GAATAAGAGAACAGAG,3
GAATAATAGAACAGAT,3
GAATAATAGAACGGAG,3
GAATGATAGAACAGAG,3
GACAAAAGGGAAATAT,3
GACAAGAGGGACATAT,3
GACCAATGTCATTTGA,3
GACCACGCAGAAAAAG,3
GACCCTGCAAGCCACT,3
GACGCTGCGGCGTGTG,3
GACGGGATGGGAACGT,3
GACGGGATGGTCACGT,3
GAGAAGTTTCATAGCG,3
GAGAGATGCAGAAGCG,3
GAGAGCTGCGGAAGCG,3
GAGAGGTAGAGATACG,3
GAGATAGTGATGAACA,3
GAGATCTGCAGAAGCG,3
GAGATTGCTATGGATC,3
GAGGAGTAGAGATACG,3
GAGGGGCAGAGATACG,3
GATAGCCATCGACTTC,3
GATATTGGGGAGAGTC,3
GATCACGAAGAAAAAG,3
GATCACGCAGAAAGAG,3
GATCGACATCGACTTC,3
GATCGCCACCGATAAG,3
GATCGCCATCGACTTT,3
GATCGCGCAGAAAAAG,3
GATCTCGGGGAGAGTC,3
GATCTTGCTATGGATC,3
GATGGGTAGAGATACG,3
GCAAAAAGTGTAGTTG,3
GCAAACAGTGTAGTTT,3
GCAACGAGGTTTAACC,3
GCACGGAACTAACTCC,3
GCAGACAGTGTAGTTG,3
GCAGAGTGCCGGTCAT,3
GCAGCGTACCGGTCAT,3
GCAGCTTGCCGGTCAT,3
GCAGGCGTTAGTGTCA,3
GCATCATCAACTCCTA,3
GCATCCTCAACTCCCA,3
GCATGGAACCAACTCC,3
GCATGGAACGAACTCC,3
GCATGGAACTAACCCC,3
GCATGGAACTAACTAC,3
GCCAACTCGTATCCCT,3
GCCAAGTTACGGATGG,3
GCCACCTCGTATCCCT,3
GCCAGATCGTATCCCT,3
GCCAGCAATGAGTTGT,3
GCCAGCGCGGTAAGAG,3
GCCAGCTCGTATACCT,3
GCCAGCTCGTATCTCT,3
GCCATTTACTGAGGGG,3
GCCGATTCACGAATAA,3
GCCGGCTCGTATCCCT,3
GCCTAAAGGATCATGG,3
GCCTTTGCGCGCAGTT,3
GCCTTTGTGCGCAGTC,3
GCGAAGTTTCATAGCA,3
GCGAAGTTTTATAGCG,3
GCGATTACTAGCCGGA,3
GCGGATAAATCAGAAC,3
GCGTCCATTAAGATCA,3
GCTATTATGACTTCAT,3
GGACAAACCGGCAAAT,3
GGCCCATCTCAGATCG,3
GGGAGCTGCAGAAGCG,3
GGGTTCAGACTCTTGC,3
GGTCACGCAGAAAAAG,3
GGTCCATCTCGGATCG,3
GGTGTACCCTTCAGCA,3
GGTTGGGGTCTCCCTT,3
GTAAGCAAAGTTGAAC,3
GTAATCAAAGTTGACC,3
GTACAAACCTGGAAAT,3
GTACAAGCCTGCAAAT,3
GTACACGAGGTTGTGA,3
GTACAGACCTGCAAAT,3
GTACCCAGTTACTGCG,3
GTACCCAGTTCCGGCG,3
GTAGAACTGCGACCCC,3
GTAGAACTGCGGCCCT,3
GTAGAACTTCGGCCCC,3
GTAGATAATAGGACCA,3
GTAGCGTGCCGGTCAT,3
GTAGTATCAAGCCGGG,3
GTATATACTAGGACCA,3
GTCAAGTTACGGATGA,3
GTCAGGTTACGGATGG,3
GTCGCATCCTGGAATT,3
GTCGCCGCTAATCCTA,3
GTCGCCTCTAATCCGA,3
GTCTCATCCTGGAATG,3
GTGAGTGAGAAAAGCA,3
GTGCGATTGTCGGGAA,3
GTGCGATTGTCTGGAA,3
GTGGCATCAAGCCGGG,3
GTGGGGTAGAGATACG,3
GTGGTACCAAGCCGGG,3
GTGGTATAAAGCCGGG,3
GTGGTATCAAGCCAGG,3
GTGGTATCAAGCCGGA,3
GTGGTATCAAGTCGGG,3
GTGTACCTGCAGTTGA,3
GTTATTATGACTTAAT,3
GTTATTATTACTTCAT,3
GTTATTGTGACTTCAT,3
GTTGATCCGACACGCC,3
GTTGCTCCGACACGCA,3
TAAAAAGCCTCCATTA,3
TAACATTGTCGGAAAG,3
TAACGTGATTTATCGA,3
TAACGTGATTTCTAGA,3
TAACGTGATTTCTCTA,3
TAATAAGCCAGCGAGA,3
TAATAAGCCATCAAGA,3
TACCATCAGCACCTAG,3
TACCATGCAAGCCACT,3
TACCCCTTGTAAGATG,3
TACCCGGCAAGCCACT,3
TACCCTGCAAGCCACA,3
TACCCTGCAAGCCGCT,3
TACCCTGCAAGTCACT,3
TACCCTGTAAGCCACT,3
TACCTGCTGAGGAACG,3
TACGGGCTAATGTCTC,3
TACTAATGCCTTTGTC,3
TACTAGCAAGAAAATC,3
TACTGATAACACTGCG,3
TACTGATAACCCTGAG,3
TACTGATAACCCTTCG,3
TACTTATAACCCTGCG,3
TAGAATTGTCGGAAAG,3
TAGCATTGGCGGAAAG,3
TAGCATTTTCGGAAAG,3
TAGCCGATAGTAACTC,3
TAGCTGATAGTAACCC,3
TAGTCCGTTGGGAACT,3
TAGTCGCACTACTGCT,3
TATAATAGGCGTCACA,3
TATCAAGAGAAGTGCG,3
TATCCAAGGGAAGGAC,3
TATGTCGTATCAACAG,3
TATGTCGTATCCACAT,3
TATGTCGTATCCTCAG,3
TATGTCGTATCTACAG,3
TATGTCGTATGCACAG,3
TATTAAGAGAAGGGCG,3
TATTAAGAGAAGTTCG,3
TATTAATAGAAGTGCG,3
TATTAGGAGAAGTGCG,3
TATTTACCACTGCATC,3
TATTTCTGATGAATTG,3
TCAATCGGGGTCTAAA,3
TCAGCGTGCCGGTCAT,3
TCATGGAACTAACTCC,3
TCATGGGTGCACGAGA,3
TCATGGGTGTACGAGT,3
TCCAGCGCGGCAAGAG,3
TCCAGCGCGGTAATAG,3
TCCAGCGTGGTAAGAG,3
TCCAGCTCGGTAAGAG,3
TCCAGTGGTATACATA,3
TCCCCGTGGGTTGACA,3
TCCTGACATAGCGATG,3
TCGAACGAAGTAGGGG,3
TCGAGTTAATATGAGC,3
TCGATTACGAGCCGGA,3
TCGATTACTAGCAGGA,3
TCGATTACTATCCGGA,3
TCGATTACTGGCCGGA,3
TCGATTGCTAGCCGGA,3
TCGTCCGTTGGGAACC,3
TCGTCCGTTGGTAACT,3
TCGTCCTTTGGGAACT,3
TCTAACTCTCCCGGCA,3
TCTAACTCTCTCGGCA,3
TCTATATCCAACACCA,3
TCTCATTAGGCGGCAT,3
TCTCGACATAGCGATG,3
TCTGGAAATGATCCCC,3
TCTTACTCCTCGTATG,3
TCTTAGTACTCGTATG,3
TCTTAGTCCTAGTATG,3
TCTTAGTCCTCGCATG,3
TCTTAGTCCTCGTAGG,3
TCTTAGTCCTCGTATT,3
TCTTATTAGGCGTCAT,3
TCTTGAAATAGCGATG,3
TCTTGACATAGAGATG,3
TCTTTACCACTGCATA,3
TGACAAAAATACAAAT,3
TGACAACAATACAAAC,3
TGAGGTGGTCGATCCG,3
TGAGTTCATAGCCCCA,3
TGATCGGTGACATTGC,3
TGATCTCTGACATTGC,3
TGATCTGCGACATTGC,3
TGATCTGTGACATCGC,3
TGATCTGTGACATTTC,3
TGATCTTTTAAATTTA,3
TGATTTCATAGCTCCA,3
TGATTTGTGACATTGC,3
TGCAGTGGCATACATA,3
TGCAGTGTTATACATA,3
TGCCCTGCAAGCCACT,3
TGCGGTGGGCGATCCG,3
TGCGGTGGTCGATCAG,3
TGCTATTACGGCGCGG,3
TGCTATTCCAGCGCGG,3
TGCTATTCCGGTGCGG,3
TGCTATTCCTGCGCGG,3
TGGAATCGTCACCAAT,3
TGGCCAGGGAATCAAA,3
TGGTCCGCTTCATGCC,3
TGGTCCTCTTCATGCT,3
TGGTCGGGACTCATCT,3
TGTAATAGGAGTCACA,3
TGTAATAGGCGTAACA,3
TGTAATAGGCTTCACA,3
TGTAATAGGTGTCACA,3
TGTACAGTGTAATCGA,3
TGTAGTGGTATACATA,3
TGTCCGGAGAAAGGAG,3
TGTCCGGATAAATTAG,3
TGTGGTGGTCGATCCG,3
TGTTGATCCAGTCTGA,3
TTAATGTAGACGCTCC,3
TTACGAATTTGGTTCC,3
TTATCTGCAGAGCGCT,3
TTATCTGTAGAGCGCG,3
TTATCTGTAGAGCGTT,3
TTATCTGTAGAGTGCT,3
TTATCTGTAGATCGCT,3
TTCTGTACAGACTCGT,3
TTGAACTTATCTGTGG,3
TTGAGCTGCCAATAAG,3
TTGAGGGATTCAACTC,3
TTGCTCCCGAGTAGTA,3
TTGGGATTGGAGAAAC,3
TTGGGGAACGGGAAAC,3
TTGGGGAACGGTAAGC,3
TTTAATAGGCGTCACA,3
TTTAGTGATACTCACA,3
TTTATATACAACACCA,3
TTTATGTCCAACACCA,3
TTTATTATGACTTCAT,3
TTTCACATAACCTATC,3
TTTCAGCGTTGTTTCG,3
TTTCAGCGTTGTTTGG,3
TTTCAGCTTTGTTTTG,3
TTTCATCGTTGTTTTG,3
TTTCGCAGAACCTATC,3
TTTCGTGATACTCACG,3
TTTGTATCCAACACCA,3
AAAAAATCTATGACAA,2
AAAAAATTTACGACAA,2
AAAAAATTTAGGACAA,2
AAAAAATTTATGAGAA,2
AAAAAATTTATGATAA,2
AAAAAGTCTCGAGAAG,2
AAACACCGAGTGACCG,2
AAACCAATAAGACCCC,2
AAACCCAGAAGACCCC,2
AAACCCAGTTCCTGCG,2
AAACCCATAAGACCTC,2
AAACGCATAAGACCCC,2
AAACGGGTTGGCTGTA,2
AAACTACGAGACGTAA,2
AAAGACCTTTAACTCA,2
AAAGCTCTTTTCCTTC,2
AAAGCTCTTTTCGTTT,2
AAAGCTCTTTTCTTTC,2
AAAGGAGCGCCTTCAA,2
AAAGGATATATGGCTG,2
AAAGGCGAGCCTTCAA,2
AAAGGCGCACCTTCAA,2
AAAGGCGCGCCTCCAA,2
AAAGTCGCGCCTTCAA,2
AAATTCCCTGACTGCT,2
AACACAGAACCCATGC,2
AACACGTGGAACCGCC,2
AACAGAAGTCAATGTA,2
AACAGAAGTCCACGTA,2
AACAGAAGTCCATGTC,2
AACAGGAGTCCATGTA,2
AACCACCAAGTGACCG,2
AACCACCGAATGACCG,2
AACCACCGAGGGACCG,2
AACCACCGGGTGACCG,2
AACCCACGAGACGTAA,2
AACCCCTTGTAAGATG,2
AACCCTGCAAGCCACT,2
AACCTACGAAACGTAA,2
AACCTACGAGAAGTAA,2
AACCTACGAGACGGAA,2
AACCTACGAGGCGTAA,2
AACCTACTAGACGTAA,2
AACCTAGGATCGCACT,2
AACCTGCGAGACGTAA,2
AACCTGCTGCGGAACG,2
AACCTTACCGCGTTTA,2
AACGACAAACGGTAAG,2
AACGATTCACGAATAA,2
AACGGGTCCGACTAAG,2
AACGGTTCCGACTAAT,2
AACGGTTCCGACTGAG,2
AACTCCTGGGGTATCA,2
AACTGCGTTCATAGAT,2
AACTGCGTTCATTGAT,2
AACTGCTTTCATCGAT,2
AACTTCCATGACTGCT,2
AACTTCCCGGACTGCT,2
AACTTCCCTGACTGTT,2
AACTTCCCTGTCTGCT,2
AACTTCCGTCTCCTGA,2
AAGAAACTATAGAAGT,2
AAGAAATTTATGACAA,2
AAGAAGACTCTGTGAT,2
AAGAAGACTTTGTTAT,2
AAGAAGCTATAGAAGG,2
AAGAAGCTATATAAGT,2
AAGAGCTGCAGAAGCG,2
AAGAGTATGAAGAGCG,2
AAGATTAATTGAAGTT,2
AAGATTGATTGAAATT,2
AAGATTGATTGAAGGT,2
AAGATTGATTGAAGTC,2
AAGATTGATTGGAGTT,2
AAGATTTATTGAAGTT,2
AAGCCAAGCGGGTGAT,2
AAGCCCAGCGGGTTAT,2
AAGCGGCGATGTGATT,2
AAGCGGTGATGCGATT,2
AAGCGGTGATGTTATT,2
AAGCGGTGGTGTGATT,2
AAGCGGTTATGTGATT,2
AAGCGTTGATGTGATT,2
AAGGAGCCTCATAATG,2
AAGGGGCATCATAATG,2
AAGGGGCCTCATAAGG,2
AAGGGGCCTCATAATT,2
AAGGGGCCTCATGATG,2
AAGGTACCTATGTAAT,2
AAGGTCCCTACGTAAT,2
AAGGTCCCTATGGAAT,2
AAGGTGCCTATGTAAT,2
AAGGTGCCTCATAATG,2
AAGTATGGCTACACAT,2
AAGTATTACTACACAT,2
AAGTATTGCGACACAT,2
AAGTATTGCTACAAAT,2
AAGTATTGCTACACGT,2
AAGTATTTCTACACAT,2
AAGTTAGGAGAAAGTT,2
AAGTTAGTAGACCCGC,2
AAGTTGGTAGACCCAC,2
AATACGAAATTTATTC,2
AATCACGCAGAAAAAG,2
AATCCCAGCGGGTGAT,2
AATCGATGGCACCCGT,2
AATCGCCATCGACTTC,2
AATCGCTGGCACCAGT,2
AATCGCTGGCACCCCT,2
AATCGCTGGCACCTGT,2
AATCGCTGGCACTCGT,2
AATCGCTGGTACCCGT,2
AATGAAACAATCGAAA,2
AATGCGAGCACGTCAA,2
AATGCGAGCATATCAA,2
AATGCGAGTATGTCAA,2
AATGCGATCATGTCAA,2
AATGGCTGGCACCCGT,2
AATGGGAATTGCCACT,2
AATGTCGTATCCACAG,2
AATTCGTGAGTACCAG,2
AATTCGTGAGTACTAC,2
ACAAAGTATCGAGAAG,2
ACAAAGTCTAGAGAAG,2
ACAAAGTCTCGAGAAA,2
ACAAAGTCTCTAGAAG,2
ACAAGATTCGAGGGAC,2
ACAAGATTCGGGGAAC,2
ACAATCTGAAACATAC,2
ACAATCTGAACCATGC,2
ACAATCTGAACCGTAC,2
ACAATCTGGACCATAC,2
ACAATCTTAACCATAC,2
ACACGGGTTGGCCGTA,2
ACACGGGTTGGTTGTA,2
ACACTTTCCAATAGGT,2
ACAGGACGATCTACGC,2
ACAGGATTCGGGGGAC,2
ACAGGGATTGGCTGTT,2
ACAGTACTATCTACGC,2
ACAGTCCACAATTGAG,2
ACAGTCCACCAGTGAG,2
ACAGTCCATCATTGAG,2
ACAGTCCGCCATTGAG,2
ACATATGATTTTCGAG,2
ACATCCTCAACTCCTA,2
ACATGGGTGTACGAGA,2
ACATGTCTCCGAGCAA,2
ACATTCTCCAATAGGT,2
ACCAGCAAGGAGTTGT,2
ACCAGCAATGAGTCGT,2
ACCAGCAATGAGTGGT,2
ACCAGCAATGAGTTGA,2
ACCAGCAATGATTTGT,2
ACCAGCAATGGGTTGT,2
ACCCCCGGAGATTGGC,2
ACCCCCGGAGCTCGGC,2
ACCCCCGGAGCTTGGG,2
ACCCCCGGAGCTTTGC,2
ACCCCCGGATCTTGGC,2
ACCGAATGAATTATCC,2
ACCGAGTCACGAATAA,2
ACCGAGTGAATCATCC,2
ACCGATTCACGAAGAA,2
ACCGATTCACGAATTA,2
ACCGATTCACGAGTAA,2
ACCGCTGCGGCGTGTG,2
ACCGGTTCACGAATAA,2
ACCGTTGTACACAACA,2
ACCTAAAGGATCATGA,2
ACCTGTCTCCGAGCAA,2
ACGAAGTCTCGAGAAG,2
ACGAGATTCGGGGGAC,2
ACGCAAAGAGACCGAA,2
ACGCAAATAGACCGTA,2
ACGCAAATAGACCTAA,2
ACGCATGATTTTCGAG,2
ACGGGGAGTGGCTGTT,2
ACGGGGATGGGCTGTT,2
ACGGGGATTGGCGGGT,2
ACGGGGATTGGCTATT,2
ACGTACGATTTTCGAG,2
ACGTATGAGTTTCGAG,2
ACGTATGATGTTCGAG,2
ACGTATGATTTTCAAG,2
ACGTCCATTGAGATCA,2
ACGTCTATTAAGATCA,2
ACGTGCGCGGCTCGGG,2
ACGTGGATTGGCTGTT,2
ACGTGTATCCGAGCAA,2
ACGTGTCCCCGAGCAA,2
ACGTGTCTCCGAACAA,2
ACGTGTCTCCGATCAA,2
ACGTGTGATTTTCGAG,2
ACGTTTCTCCGAGCAA,2
ACTACAAGGCTACGTA,2
ACTACGAGGCTATGTA,2
ACTCCGAATGGGGTAG,2
ACTCTGTCTCGCTAAT,2
ACTGTATAGAAATTTT,2
ACTGTCCAGAAATTTT,2
ACTGTCTAGAAATGTT,2
ACTGTCTAGAAGTTTT,2
ACTGTCTGGAAATTTT,2
ACTTCCATTAAGATCA,2
AGAAAATCGCAGATAC,2
AGAAAATCTCAGAGAC,2
AGAAAATCTCAGATGC,2
AGACCATCGAACCCAA,2
AGACCATCGCACCAAA,2
AGACCCATAAGACCCC,2
AGACCGCCAGTCTCGT,2
AGACCGCCAGTTCCGT,2
AGAGGATATATGGCTG,2
AGATACCAGGTCCTTT,2
AGATCCACCCTAGAGT,2
AGATCCCAGGTCCTGT,2
AGATCCCAGGTCCTTA,2
AGATCCGCCCTATAGT,2
AGATCCTGGGGTATCA,2
AGATCTGTGACATTGC,2
AGCACAGGGATATGTG,2
AGCACGTAGAACCGCC,2
AGCAGAGGGATATGTG,2
AGCAGCATTGGTCGCC,2
AGCATAGGAATATGTG,2
AGCATAGGGATAGGGG,2
AGCATAGGGATATGCG,2
AGCATAGGGATATGTC,2
AGCATCTAACAGGTAG,2
AGCATCTAACAGTAAG,2
AGCCACCGAGTGACCG,2
AGCCCATGCTGGTGAT,2
AGCGACATCCCCCTTT,2
AGCGTAGGGATATGTG,2
AGCTCCCGGGGTATCA,2
AGCTCCGGGGGTATCA,2
AGCTCCTGGGATATCA,2
AGCTCCTGGGGTATCC,2
AGCTCCTGGGGTATCT,2
AGCTCCTGGGGTATTA,2
AGCTCTTGGGGTATCA,2
AGCTGAATTAAGCATG,2
AGCTGAATTAAGGAGG,2
AGCTGAATTAAGTAGG,2
AGCTTCCCTGACTGCT,2
AGGAAACAAACTGGAG,2
AGGAAAGAAACCGGAG,2
AGGAAAGAAACTGGAC,2
AGGACTAGAGTTGGCA,2
AGGACTATAGTTGACA,2
AGGACTATGGTTGGCA,2
AGGAGTATGAAGAGAG,2
AGGAGTATGAAGAGCA,2
AGGCCCGTAAGGACCA,2
AGGCCCGTAAGGACTG,2
AGGCCCGTAAGTACTA,2
AGGCGGTGATGTGATT,2
AGGCTCAGACTCTTGC,2
AGGGAACATACATAAC,2
AGGGGACAAGATTGTA,2
AGGGTCCCTATGTAAT,2
AGGGTTGAAGAGGCGA,2
AGGTCCCAGGTCCTTT,2
AGGTCCGCTTCATGCT,2
AGGTCCTGGGGTATCA,2
AGGTTAAGACTCTTGC,2
AGGTTCAGAATCTTGC,2
AGGTTCAGACTCCTGC,2
AGGTTCAGACTCTGGC,2
AGGTTCAGGCTCTTGC,2
AGGTTCATACTCTTGC,2
AGTAAAAATGCATTGG,2
AGTAAACATGCAGTGG,2
AGTAAACATGTATTGG,2
AGTACTATAGTTGGCA,2
AGTATTTGCGCTGCAA,2
AGTATTTGCGCTTAAA,2
AGTATTTGCGCTTCAT,2
AGTATTTGCGCTTCGA,2
AGTCGCTTAGATAGTT,2
AGTCGTTCAGATAGTT,2
AGTCGTTGAGAGAGTT,2
AGTCGTTTAAATAGTT,2
AGTCGTTTAGAGAGTT,2
AGTCGTTTAGATAGTA,2
AGTCGTTTAGATATTT,2
AGTCGTTTATATAGTT,2
AGTCTTGAATAGGCGA,2
AGTCTTTTAGATAGTT,2
AGTGAAACAATCGAAC,2
AGTGTCGGCTTGGTTA,2
AGTGTTGAACAGGCGA,2
AGTGTTGAATAGACGA,2
AGTGTTGAATAGGCGT,2
AGTGTTGGATTGGTTA,2
AGTTCCATAGGAATGG,2
AGTTCCATAGGCATGC,2
AGTTCCATAGTCATGG,2
AGTTCCTGGGGTATCA,2
AGTTGAATTAAGTATG,2
AGTTGGGGGCTCCCTT,2
AGTTGGGTTCTCCCTT,2
AGTTGGTGTCTCCCTT,2
AGTTTTTATAACTTGA,2
AGTTTTTATAACTTTC,2
ATAACGGAGGGCATTG,2
ATAAGGATAATCGCGC,2
ATAATCTGAACCATAC,2
ATACAAGCATGTGCCA,2
ATACACACATGTGCCA,2
ATACACGAGGTTGGGA,2
ATACACGAGGTTGTTA,2
ATACACGCATGTACCA,2
ATACACGCATGTGCCT,2
ATACCATCGCACCCAA,2
ATACGAATTTGATTCC,2
ATAGAAAATTATCCTC,2
ATAGAATCGAAAATTA,2
ATAGGATAGATGGCTG,2
ATAGGATATATGGCTT,2
ATAGGATATATTGCTG,2
ATAGGATTGGAGAAAC,2
ATATAAAAAACTTAGG,2
ATATAAACCGTTTGTA,2
ATATGATATATGGCTG,2
ATCAGGATAATCGAGC,2
ATCAGGGTAATCGCGC,2
ATCAGTATAATCGCGC,2
ATCTAAATTCGAGGAC,2
ATCTGAATTAAGTATG,2
ATGAGGGCTACGTGAG,2
ATGCAATTGAAACATA,2
ATGCGATTGGAGAAAC,2
ATGGCCCACGGACATA,2
ATGGCCCACGGGAATA,2
ATGGCCCACGGGCAGA,2
ATGGGACTGGAGAAAC,2
ATGGGAGGGGAGAAAC,2
ATGGGATTGGAGATAC,2
ATGGGGTTGGAGAAAC,2
ATGGTATCAAGCCGGG,2
ATGGTCCACGGGCATA,2
ATGGTTTTATGTCCAT,2
ATGTCCATTAAGATCA,2
ATTAAACATGCATTGG,2
ATTACAGAATACTAGA,2
ATTAGATTATAACGGA,2
ATTAGGGATTCAACTC,2
ATTAGGGCCACGTGAG,2
ATTAGGGCTACGCGAG,2
ATTAGGTATTATATGC,2
ATTAGGTCTACGTGAG,2
ATTATAATATCTAATA,2
ATTATCATATCCAATA,2
ATTCAGAATGGGGTAG,2
ATTCCGAACGGGGTAG,2
ATTCCGAATGGGGTTG,2
ATTCCGAATTGGGTAG,2
ATTCGTTTAGATAGTT,2
ATTGGGGCTACGTGAG,2
ATTGTTGAATAGGCGA,2
ATTGTTGGCTTGGTTA,2
ATTTAAATTATAGTCT,2
ATTTAAATTCGAGAAC,2
ATTTAAATTCGAGGGC,2
ATTTAAATTCGATGAC,2
ATTTACTCATTATAAG,2
ATTTACTCATTATGCG,2
ATTTCCATAGGCATGG,2
ATTTGAATTCGAGGAC,2
ATTTTTCTATGGCTAT,2
ATTTTTCTATGGCTGC,2
ATTTTTCTATGGTTAC,2
ATTTTTCTATTGCTAC,2
ATTTTTTTATGGCTAC,2
CAAAACACGTCCCAGT,2
CAAAATCTACGGAGAC,2
CAAAATCTACGGCGAA,2
CAAAATCTATGGCGAC,2
CAAACACAAAAAATTA,2
CAAAGTCTACGGCGAC,2
CAAATGCTGCATCAGG,2
CAAATGCTGCATTAAG,2
CAAATGTTGCATTAGG,2
CAACATCAGCACCTAG,2
CAACTAGAAATACATA,2
CAAGCTCTAGAGCTCT,2
CAAGGCCGGCGAACTC,2
CAATAGATGTACAGTC,2
CAATTAGAAATACATT,2
CAATTAGAAATGCATA,2
CAATTAGAAGTACATA,2
CAATTCTGATGAATTG,2
CACACTTTACGAGACA,2
CACATACCGACGCAGT,2
CACCATCAGAACCTAG,2
CACCATCAGCAACTAG,2
CACCATCAGCACCTAC,2
CACCGCGCCGAACACC,2
CACCGCGCCGAGTACC,2
CACGACACCCTTCCGG,2
CACGGACGGCGAACTC,2
CACGGCCGACGAACTC,2
CACGGCCGGCGAAATC,2
CACGGGCCAATGTCTC,2
CACGGGCTAATGGCTC,2
CACGGGCTAATGTATC,2
CACGGGCTAATGTCTA,2
CACGGGCTTATGTCTC,2
CACGTGCTAATGTCTC,2
CACTAGACGTACAGTC,2
CACTAGATGTAAAGTC,2
CACTATATGTACAGTC,2
CACTGGCTAATGTCTC,2
CAGAAAAGACTGTATA,2
CAGAACCTCGTTATCT,2
CAGAACCTCGTTGCCT,2
CAGAACCTTGTTGTCT,2
CAGAATCTCGTTGTCT,2
CAGACAGAGTTTGTTG,2
CAGATAGTATAGAGAC,2
CAGCTGATAGTAACTC,2
CAGGAATCTCCCATAC,2
CAGGAGGCCTGGCCCC,2
CAGGCCCTAGAGCTCT,2
CAGGCTCTAAAGCTCT,2
CAGGCTCTAGAGCGCT,2
CAGGCTCTAGAGTTCT,2
CAGGCTCTTGAGCTCT,2
CAGTAGATGTACAGTC,2
CATACAGAGCTTGTTG,2
CATACAGAGTTCGTTG,2
CATACAGAGTTTGATG,2
CATACAGAGTTTGTGG,2
CATACATAGTTTGTTG,2
CATGACCCCCTCCAAC,2
CATGGGAATTACCACT,2
CATGGGAATTGCCACC,2
CATGGGAATTGCCATT,2
CATGGGAATTTCCACT,2
CATGGTAATTGCCACT,2
CATGTGGAGACCAACA,2
CATGTGGAGCACAACA,2
CATGTGGAGCCCAAAA,2
CATTGAGACGCGCAGG,2
CATTGAGACGCGCATG,2
CATTGAGACGCGCGAG,2
CATTGAGACTCGCAAG,2
CATTGAGAGGCGCAAG,2
CATTGAGATGCGCAAG,2
CATTGGAATTGCCACT,2
CATTGGGACGCGCAAG,2
CATTTAGACGCGCAAG,2
CATTTCTGAGGAATTG,2
CATTTCTGATGGATTG,2
CATTTCTGGTGAATTG,2
CATTTGGAGCCCAACA,2
CCAAAACAAAAAATTA,2
CCAAGATTCGGGGGAC,2
CCAAGCTTGGCACATC,2
CCAAGCTTGGCGCAGC,2
CCAAGCTTGGGGCATC,2
CCAAGCTTTGCGCATC,2
CCAATCTTGGCGCATC,2
CCAATTTAAGTATCAA,2
CCAGCACAGCGTAGGC,2
CCATAAACCGTTTGTA,2
CCATATTGCCCGGAAG,2
CCCAATGTCGTAGGAT,2
CCCAGCGCGGCTCGGG,2
CCCCCACTGTTTAAAA,2
CCCGATGAAATAAGCT,2
CCCTATGAAATAAGCG,2
CCCTATGAAATAAGTT,2
CCCTATGGAATAAGCT,2
CCCTGCGCAGCTCGGG,2
CCCTGCGCGGCGCGGG,2
CCCTGCGCGGCTCCGG,2
CCCTGCGCGGCTCGGA,2
CCCTGCGCGGCTCGGC,2
CCCTTCGCGGCTCGGG,2
CCCTTTACGGATCTCA,2
CCCTTTACGGATCTCG,2
CCCTTTGCGCGCAGTC,2
CCGAACTTGTCGATAT,2
CCGGAATCTCCCATAC,2
CCGGAGAAATCAGAAC,2
CCGGATAAATCAAAAC,2
CCGGATAAATCAGAAA,2
CCGTCCGTTGGGAACT,2
CCTAACTCTCGCGGCA,2
CCTACAGAATACTAGA,2
CCTCGATGCATTCCCG,2
CCTCGGCTCTTGATTA,2
CCTGTGTTAAGTTGTG,2
CCTTAGTCCTCGTATG,2
CCTTATTAGGCGGCAT,2
CCTTGACATAGCGATG,2
CCTTGATGCATTCCAG,2
CCTTGGTTAAGTTGTG,2
CGAAACGCAGACACGT,2
CGAACCGCAGACACAT,2
CGAACCGCAGACACGA,2
CGAACCGCGGACACGT,2
CGAATGCTGCATTAGG,2
CGACCAGGGAATCAAA,2
CGACTCCAAGGACGCC,2
CGACTCTACGGACGCC,2
CGAGTTCATAGCTCCA,2
CGCACTTGACGAGACA,2
CGCATCATTGGTCGCC,2
CGCGAAACCCTTCCGG,2
CGCGACACCCTGCCGG,2
CGCGACACTCTTCCGG,2
CGCGGGCTAATGTCTC,2
CGCTATTCCGGCGCGG,2
CGGAATCGTCACCGAT,2
CGGACAGGGAATCAAA,2
CGGACCCCAGATGGTA,2
CGGACCCTAGACGGTA,2
CGGACCCTAGATTGTA,2
CGGAGGGATTCAACTC,2
CGGCCAGGGAAGCAAA,2
CGGCCGGGGAATCAAA,2
CGGGAAATGTAAACGA,2
CGGGAAATGTAAATGG,2
CGGGAAATGTAAATTA,2
CGGGAAATGTGAATGA,2
CGGGAACATAAATAAC,2
CGGGAACATACAGAAC,2
CGGGAATATCCCATAC,2
CGGGATAAATCAGAAC,2
CGGGGACAAGATGGTA,2
CGGGGACAAGATTTTA,2
CGGGGACAGGATTGTA,2
CGGTACCTGCAGTTGA,2
CGGTCGGAACTCATCT,2
CGGTCGGGACTAATCT,2
CGGTCGGGACTCATCA,2
CGGTCGGGGCTCATCT,2
CGGTCGGTACTCATCT,2
CGGTCGTGACTCATCT,2
CGGTTGGGACTCATCT,2
CGTACAGCGTAATCGA,2
CGTACAGTGTAAACGA,2
CGTACATTGTAATCGA,2
CGTCCAGCGATAACGG,2
CGTGAAATGTAAATGA,2
CGTGACCACCTCCAAC,2
CGTGACCCCATCCAAC,2
CGTGACCCCCCCCAAC,2
CGTGACCCCCTACAAC,2
CGTGACCCCCTCCAAT,2
CGTGACCCTCTCCAAC,2
CGTGACTCCCTCCAAC,2
CGTGCAGTGTAATCGA,2
CGTGTACCCTACAGCA,2
CGTGTACCGTTCAGCA,2
CGTGTACTCTTCAGCA,2
CGTTAAGCGATAACGG,2
CGTTCAGCGATAACAG,2
CGTTCAGCGATAGCGG,2
CGTTCAGCGGTAACGG,2
CGTTTAGCGATAACGG,2
CGTTTTTGGTTCAAGG,2
CTAAACACGTCCCAGT,2
CTAAATGTCGTAGGAT,2
CTAACACAGCGTAGGC,2
CTAATTTAAGTATAAA,2
CTAATTTAATTATCAA,2
CTAATTTAGGTATCAA,2
CTAATTTGAGTATCAA,2
CTACAAACCTGCAAAT,2
CTACCACAGCGTAGGC,2
CTACTAGGGGACGATT,2
CTAGATTGCCCGGAAG,2
CTAGCAAAGCGTAGGC,2
CTAGCACAGCGTAGTC,2
CTAGTTTAAGTATCAA,2
CTATAAACCGTTTTTA,2
CTATACCTGCAGTTGA,2
CTATATTGCCCAGAAG,2
CTATATTGCCCGGAGG,2
CTATCTTAAGCTACAG,2
CTATCTTAATCCACAG,2
CTATCTTAATCTACAA,2
CTATTAGAAATACATA,2
CTATTGAACAGACGTA,2
CTATTTAACAGACATA,2
CTATTTAACGGACGTA,2
CTATTTAATAGACGTA,2
CTATTTAGCAGACGTA,2
CTCAAATAATTGGAGC,2
CTCAAATAATTGGCAC,2
CTCAAATAATTGGCGA,2
CTCAAGTAATTGGCGC,2
CTCAATGTCGTAGGGT,2
CTCAATGTCGTGGGAT,2
CTCACTTTACGAGACA,2
CTCATAGGGGACGATT,2
CTCCAAGGGGACGATT,2
CTCTGCGCGGCTCGGG,2
CTCTTACGCTCCCACG,2
CTCTTCTAGTACGCTT,2
CTGAACTTACCTGTGG,2
CTGAACTTAGCTGTGG,2
CTGAACTTATCTGCGG,2
CTGAACTTATCTGTAG,2
CTGAACTTATCTGTGC,2
CTGAACTTGGCGATAT,2
CTGAACTTGTCGACAT,2
CTGAACTTTTCGATAT,2
CTGACAGAATACTAGA,2
CTGAGCGGCCAATAAG,2
CTGAGCTGCCAATAGG,2
CTGAGCTGCCGATAAG,2
CTGAGCTTATCTGTGG,2
CTGAGGGATCCAACTC,2
CTGAGGGATTCAACCC,2
CTGAGGGATTTAACTC,2
CTGCACCTGCAGTTGA,2
CTGGAATCTCCCATAC,2
CTGGAGGACTGGCCCC,2
CTGGAGGCCTAGCCCC,2
CTGGAGGCGTGGCCCC,2
CTGGATGCCTGGCCCC,2
CTGGGACAAGATTGTA,2
CTGTACCAGCAGTTGA,2
CTGTACCGGCAGTTGA,2
CTGTACCTCCAGTTGA,2
CTGTACCTGCAATTGA,2
CTGTACCTGCAGCTGA,2
CTGTACCTGCAGTGGA,2
CTGTACCTGCGGTTGA,2
CTGTACCTGTAGTTGA,2
CTGTACCTTCAGTTGA,2
CTGTACTTATCTGTGG,2
CTGTATCAGTCGCGCC,2
CTGTGCCTGCAGTTGA,2
CTTACAGAATAATAGA,2
CTTACAGAATACGAGA,2
CTTACAGAATACTTGA,2
CTTACTGCGCTAGAGT,2
CTTACTGCGTGAGAGT,2
CTTACTGTGCGAGAGT,2
CTTAGGGATTCAACTC,2
CTTAGGTATTACATGA,2
CTTATTATGACTTCAT,2
CTTCAGCTCTTGATTA,2
CTTCGGCCCTTGATTA,2
CTTCGGCTCTCGATTA,2
CTTCGGCTCTTGGTTA,2
CTTTAAATTATAGTCA,2
CTTTGGCTCTTGATTA,2
CTTTTATAGTACGCTT,2
CTTTTCCAGTACGCTT,2
CTTTTCTAGGACGCTT,2
CTTTTCTAGTACGCTC,2
CTTTTCTATTACGCTT,2
GAAAAAGCCTCCATGA,2
GAAAGCCCCGGGCAAT,2
GAAAGCCCCGTGCTAT,2
GAAAGCCCCTATGATG,2
GAAAGTCCCTATGATT,2
GAAATCCACAAATAAC,2
GAAATCCCCAAATAAA,2
GAAATGCTGCATTAGG,2
GAACCCATAAGACCCC,2
GAAGAAACTACAACCA,2
GAAGAAACTATAACAA,2
GAAGAAACTATGACCA,2
GAAGCTCTTTTCGTTC,2
GAAGGGATACGTCACC,2
GAAGTACGCTGAATTA,2
GAAGTACGTATTGAGT,2
GAAGTACTGCTGAAGT,2
GAAGTGCATATTGAGT,2
GAAGTGCGCATTGAGT,2
GAAGTGCGGATTGAGT,2
GAAGTGCGTACTGAGT,2
GAAGTGCGTAGTGAGT,2
GAAGTGCGTATTGAGC,2
GAAGTGCTTCTGAAGT,2
GAATAATAGAACAGAA,2
GAATAATATAACAGAG,2
GAATCCTCAACTCCTA,2
GACAAAAGGGACAGAT,2
GACAAAAGGGACATAC,2
GACAAAAGGGAGATAT,2
GACAAAAGGGATATAT,2
GACAAAAGTGACATAT,2
GACCCCTTGTAATATG,2
GACCCCTTTTAAGATG,2
GACCTTGGGGAGAGTC,2
GACGACAAACAGTAAG,2
GACGCCTTGTAAGATG,2
GACGGGATGTGCACGT,2
GACGGGTAGAGATACG,2
GAGAAAAGGGACATAT,2
GAGAGCGGCAGAAGCG,2
GAGAGCTGAAGAAGCG,2
GAGATTGATTGAAGTT,2
GAGCTTGCTATGTATC,2
GAGGAAACTATAACCA,2
GAGGGCTAGAGATACG,2
GAGGGGATACGTCACA,2
GAGGGGATACGTCACT,2
GAGGGGATACTTCACC,2
GAGGGGTAGAAATACG,2
GAGGGGTATAGATACG,2
GAGGGTTAGAGATACG,2
GAGGTGTAGAGATACG,2
GAGTATTGCTACACAT,2
GAGTTAAGAGAAAGTT,2
GATAAAAGGGACATAT,2
GATAACGCAGAAAAAG,2
GATAGCTGCAGAAGCG,2
GATCAAGCAGAAAAAG,2
GATCACGCATAAAAAG,2
GATCACGGAGAAAAAG,2
GATCATGCAGAAAAAG,2
GATCGCCACCGACTTC,2
GATCGCCATCGACCTC,2
GATCGCCGTCGACTTC,2
GATCGTGGGGAGAGTC,2
GATCTTGAGGAGAGTC,2
GATCTTGGGGAGAGCC,2
GATCTTGGGGAGAGTT,2
GATCTTGGGGAGATTC,2
GATCTTGGTGAGAGTC,2
GATCTTGTGGAGAGTC,2
GATCTTTGGGAGAGTC,2
GATGGGATACGTCACC,2
GATTAAGAGAAGTGCG,2
GATTCAGATGCCCAAC,2
GATTGCCATCGACTTC,2
GCAAACAATGTAGTTG,2
GCAAACAGTGTAGTGG,2
GCAAACATTGTAGTTG,2
GCAAAGAGGTGTAACC,2
GCAACAGTCCTATCAA,2
GCAACGAGGGGTAACC,2
GCAACGAGGTGTAAAC,2
GCAACTAGGTGTAACC,2
GCAAGATTCGGGGGAC,2
GCAGCGTGCCGGCCAT,2
GCAGCGTGCCGGTAAT,2
GCAGCGTGCCGGTTAT,2
GCAGTACGATCTACGC,2
GCAGTCCACCATTGAG,2
GCAGTGTGCCGGTCAT,2
GCATCCTAAACTCCTA,2
GCATCCTCAAATCCTA,2
GCATCCTCGACTCCTA,2
GCATCGTGCCGGTCAT,2
GCATCTTCAACTCCTA,2
GCATGGAACTAACGCC,2
GCATGGAACTAACTTC,2
GCATGGAACTAGCTCC,2
GCATGGAGCTAACTCC,2
GCCAGCTCGTATCCAT,2
GCCAGCTTGTATCCCT,2
GCCAGTTCGTATCCCT,2
GCCATTTACCGAAGGG,2
GCCATTTACTGAAAGG,2
GCCCTTGCGCGCAGTC,2
GCCGCTGCGGAGTGTG,2
GCCGGCGTTAGTGTCT,2
GCCGGCGTTATTGTCA,2
GCCGTTTACTGAAGGG,2
GCCTAAAGGATAATGA,2
GCCTATGAAATAAGCT,2
GCCTTTGCGCGCAGCC,2
GCCTTTGCGCGCAGTA,2
GCCTTTGCGCGCAGTG,2
GCCTTTGCGCGCATTC,2
GCCTTTGCTCGCAGTC,2
GCCTTTTCGCGCAGTC,2
GCGAAGTGTCATAGCG,2
GCGAAGTTGCATAGCG,2
GCGAAGTTTCACAGCG,2
GCGAAGTTTCATAGAG,2
GCGAAGTTTCATATCG,2
GCGAAGTTTCGTAGCG,2
GCGAATTTTCATAGCG,2
GCGCAAATAGACCGAA,2
GCGCGATTGTCCGGAA,2
GCGGCGTGCCGGTCAT,2
GCGGTATCAAGCCGGG,2
GCTAAGTTTCATAGCG,2
GCTAGCTCGTATCCCT,2
GCTCCATCTCAGATCG,2
GGAAGTCCCTATGATG,2
GGACAAACCTGCAAAT,2
GGACCATCGCACCCAA,2
GGAGAAACTATAACCA,2
GGAGAACTGCGGCCCC,2
GGAGTACGCTGAATGA,2
GGAGTGCTGCTGAAGT,2
GGGACCCTAGATGGTA,2
GGGAGTATGAAGAGCG,2
GGGCTTGCTATGGATC,2
GGGGAAATGTAAATGA,2
GGGGGGATACGTCACC,2
GGTATTTGCGCTTCAA,2
GGTCAATCTCAGATCG,2
GGTCCATATCAGATCG,2
GGTCCATCACAGATCG,2
GGTCCATCCCAGATCG,2
GGTCCATCTCAGACCG,2
GGTCCATCTCAGAGCG,2
GGTCCATCTCAGATCT,2
GGTGACCCCCTCCAAC,2
GGTGTTGAATAGGCGA,2
GGTTAACTTTGGAATC,2
GGTTAACTTTGGAGGC,2
GGTTTTTATAACTTGC,2
GTAAGAAAAGTTGACC,2
GTAAGCAAAGGTGACC,2
GTAAGCAAAGTTGACA,2
GTAAGCGAAGTTGACC,2
GTAATTCGAATGCGGA,2
GTAATTCGCATGCAGA,2
GTAATTCGCATGTGGA,2
GTACAAACCTGCATAT,2
GTACAAACTTGCAAAT,2
GTACATCCTAGTGACG,2
GTACCCAGTCCCTGCG,2
GTACCCAGTTCCTGCA,2
GTACCCAGTTGCTGCG,2
GTACGAATTTGATTCC,2
GTAGAAACTATAACCA,2
GTAGAACTGCAGCCCC,2
GTAGAACTGCGGCTCC,2
GTAGAACTGCGGTCCC,2
GTAGAGGCCTGGCCCC,2
GTAGATACTAGTACCA,2
GTAGATACTGGGACCA,2
GTAGCATCCTGGAATG,2
GTAGCCAGTTCCTGCG,2
GTAGGACTGCGGCCCC,2
GTAGGATATATGGCTG,2
GTATAAACCTGCAAAT,2
GTATAACTGCGGCCCC,2
GTCAAATTACGGATGG,2
GTCAAGTGACGGATGG,2
GTCAAGTTACGGGTGG,2
GTCAATTTACGGATGG,2
GTCGCATCCTGAAATG,2
GTCGCATCCTGGAAGG,2
GTCGCATCCTGGAGTG,2
GTCGCATCCTGGGATG,2
GTCGCCACTAATCCGA,2
GTCGCCGCCAATCCGA,2
GTCGCCGCTAATCCAA,2
GTCGGCGTTAGTGTCA,2
GTCTTTGCGCGCAGTC,2
GTGAACTTGTCGATAT,2
GTGAAGTTTCATAGCG,2
GTGAGCGAGAAAAGAA,2
GTGCGAGTGTCCGGAA,2
GTGCGATTGTACGGAA,2
GTGCGATTGTCCGGGA,2
GTGCGATTGTTCGGAA,2
GTGGAACTGCGGCCCC,2
GTGGCCCACGGGCATA,2
GTGGGGATACGTCACC,2
GTGGTATCAAGCCGAG,2
GTGGTATCAAGCCGCG,2
GTGGTATCAAGCCGGC,2
GTGGTATCAAGCCGGT,2
GTGGTATCGAGCCGGG,2
GTGGTTTTACGTCCAT,2
GTTATTATGACTTCGT,2
GTTCCGAATGGGGTAG,2
GTTCGATTGTCCGGAA,2
GTTGCTCCGAAACGCC,2
GTTGCTCCGACACCCC,2
GTTGTATCAAGCCGGG,2
GTTTACTCATTATACG,2
TAAAAAGCCCCCATGA,2
TAAAAAGCCTCAATGA,2
TAAAAATCCTCCATGA,2
TAAATCCCCAAATAAC,2
TAAATCGGGGGCTAAA,2
TAACAACAATACAAAT,2
TAACGAATTTGATTCC,2
TAACGTGATTCCTCGA,2
TAACGTGATTTCCCGA,2
TAACGTGATTTCTTGA,2
TAACGTGATTTGTCGA,2
TAACGTGGTTTCTCGA,2
TAAGAAGCCAGCAAGA,2
TAAGTGCGTATTGAGT,2
TAATAAGACAGCAAGA,2
TAATAAGTCAGCAAGA,2
TAATCTTTTACATTTA,2
TAATGATAACCCTGCG,2
TACACGTAGAACCGCC,2
TACACTGCAAGCCACT,2
TACATACCGACGAAGT,2
TACATACCGACTCAGT,2
TACCAATGCCATTTGA,2
TACCAATGTCACTTGA,2
TACCAATGTCATTCGA,2
TACCAATGTCATTGGA,2
TACCAATGTCATTTGG,2
TACCAATTTCATTTGA,2
TACCCAGCAAGCCACT,2
TACCCGTGGTTTGACA,2
TACCCTGAAAGCCACT,2
TACCCTGCAACCCACT,2
TACCCTGCGAGCCACT,2
TACCTGCTGCGGAACT,2
TACCTGTTGCGGAACG,2
TACTAACGCCGTTGTC,2
TACTAATAACCCTGCG,2
TACTAATGCCGTCGTC,2
TACTAATGCCGTTATC,2
TACTAATGCCGTTGCC,2
TACTAATGCCGTTTTC,2
TACTAATGCTGTTGTC,2
TACTAGAAATAAAATC,2
TACTAGATGTACAGTC,2
TACTATTCCGGCGCGG,2
TACTGATAACCCGGCG,2
TACTGATGCCGTTGTC,2
TACTGGCAATAAAATC,2
TAGAACGAAGTAGGAG,2
TAGAGTTAATATGCGC,2
TAGATGATAGTAACTC,2
TAGATTACTAGCCGGA,2
TAGCATTGTCGAAAAG,2
TAGCATTGTCGGGAAG,2
TAGCATTGTCGTAAAG,2
TAGCATTGTCTGAAAG,2
TAGCTGACAGTAACTC,2
TAGCTGATATTAACTC,2
TAGCTTGCTATGGATC,2
TAGGTCCCTATGTAAT,2
TAGTATTGTCGGAAAG,2
TAGTCCGCTTCATGCT,2
TATATTAGAAACATAA,2
TATATTATTAACATAA,2
TATCATTGTCGGAAAG,2
TATCTGATAGTAACTC,2
TATGTCCTATCCACAG,2
TATGTCGTATCCGCAG,2
TATTAAGAGGAGTGCG,2
TATTAATGCCGTTGTC,2
TCAAGCTTGGCGCATC,2
TCAATAGGGGGCTAAA,2
TCAATCGTGGGCTAAA,2
TCATAGGTGTACGAGA,2
TCATATTAGGCGGCAT,2
TCATCCGTTGGGAACT,2
TCATCTGTGACATTGC,2
TCATGACTCGACTAAC,2
TCATGGATGTACGAGA,2
TCATGGGGGTACGAGA,2
TCATGGGTATACGAGA,2
TCATGGGTGTACGTGA,2
TCATGGGTGTATGAGA,2
TCATTGGTGTACGAGA,2
TCCAACTCTCGCGGCA,2
TCCAGCGCGGTAAGGG,2
TCCAGCGCTGTAAGAG,2
TCCATACCCCTAGCTA,2
TCCCCGTTGTTTGACA,2
TCCGGAAACGATCCCC,2
TCCGGCGCGGTAAGAG,2
TCCTAAAGGATCATGA,2
TCCTAGTCCTCGTATG,2
TCGAACAAAGTAGGAG,2
TCGAACGAAGTAGCAA,2
TCGAACGAAGTAGGAT,2
TCGAACGAAGTTGGAG,2
TCGAACGAGGTAGGAG,2
TCGAACGGAGTAGGAG,2
TCGAGCGAAGTAGGAG,2
TCGAGTTAATATGCGA,2
TCGATCACTAGCCGGA,2
TCGATTACTAGCCGGT,2
TCGCTTCAACGAAAAA,2
TCGGTTACTAGCCGGA,2
TCGTCACACTACTGCT,2
TCGTCCGCTGGGAACT,2
TCGTCGCACTACTGAT,2
TCGTCGCACTACTGCA,2
TCGTCGCACTACTGCC,2
TCGTCGCACTACTGCG,2
TCGTCGCACTACTGTT,2
TCGTCGCACTATTGCT,2
TCGTTGCAATACTGCT,2
TCTAACTCTAGCGGCA,2
TCTAACTCTCACGGCA,2
TCTAACTCTCGCGGCG,2
TCTAACTCTCGCGGCT,2
TCTAACTCTCGCTGCA,2
TCTAAGTCCTCGTATG,2
TCTAATTCTCGCGGCA,2
TCTCAGCGTTGTTTTG,2
TCTCAGCTCTTAGACG,2
TCTCAGCTCTTAGCCT,2
TCTCAGCTCTTAGTCG,2
TCTGGAAAAGATCCCC,2
TCTGGAAACGATCCAC,2
TCTTAACATAGCGATG,2
TCTTAGAGTGAAAGAT,2
TCTTAGCCCTCGTATG,2
TCTTAGGGTGAACGAT,2
TCTTAGTCCGCGGATG,2
TCTTAGTCCTCGTACG,2
TCTTAGTCCTCGTATA,2
TCTTAGTCCTCGTGTG,2
TCTTATTAGGCAGCAT,2
TCTTATTAGGCGCCAT,2
TCTTATTAGGCGGCAG,2
TCTTATTAGGCGGCGT,2
TCTTATTATGCGGCAT,2
TCTTATTCGGCGGCAT,2
TCTTCGCACTACTGCT,2
TCTTGAAACGATCCCC,2
TCTTGACAGAGCGATG,2
TCTTGACATAACGATG,2
TCTTTACAACTGCATC,2
TCTTTACCACTACATC,2
TCTTTACCACTGCAGC,2
TGAAAAGCCTCCATGA,2
TGACAACAAGACAAAT,2
TGACAACAATACAAAG,2
TGACAACAATACAGAT,2
TGACAACAGTACAAAT,2
TGACGAATTTGATTCC,2
TGAGTTCATAGCTCAA,2
TGAGTTCATAGCTCCG,2
TGAGTTCATAGCTCCT,2
TGAGTTCATAGCTTCA,2
TGATATTCCGGCGCGG,2
TGATCCACCCTATAGT,2
TGATCTGTGACACTGC,2
TGATCTGTGAGATTGC,2
TGATCTTTTACATTTG,2
TGATGGGTGTACGAGA,2
TGCACTTTACGAGACA,2
TGCAGTGGTATACATG,2
TGCAGTTGTATACATA,2
TGCATTGGTATACATA,2
TGCCAATGTCATTTGA,2
TGCGGTGGGCGAGCCG,2
TGCGGTGGTATACATA,2
TGCGGTGGTCGATCCA,2
TGCGGTGGTCTATCCG,2
TGCTATTCCGGCGCGC,2
TGCTATTCCGGCGTGG,2
TGCTGTGGTCGATCCG,2
TGCTGTTCCGGCGCGG,2
TGGAATCATCACCGAT,2
TGGAATCGTAACCGAT,2
TGGCTGATAGTAACTC,2
TGGGGACAAGATTGTA,2
TGGTACGCTTCATGCT,2
TGGTCCGCTGCATGCT,2
TGGTCCGCTGGGAACT,2
TGGTCCGCTTCACGCT,2
TGGTCCGCTTCATGGT,2
TGGTCTGTGACATTGC,2
TGTAATAGGCGCCACA,2
TGTAATAGGCGTCATA,2
TGTAATAGGCGTCGCA,2
TGTCCGGATAAAGGAG,2
TGTGGAGCGACCTTAC,2
TGTGGAGCGCCCATAC,2
TGTGGAGCGCCCGTAC,2
TGTGGAGCGCCCTCAC,2
TGTTATTCCGGCGCGG,2
TGTTGAGCCAGTCTGG,2
TGTTGAGCCAGTCTGT,2
TGTTGAGCCATTCTGA,2
TGTTGAGCTAGTCTGA,2
TGTTGTAATCCGAATA,2
TTAAGCAAAGTTGACC,2
TTAATGTAGCCACTCC,2
TTAATGTATCCGCTCC,2
TTACAACAATACAAAT,2
TTACGAATCTGATTCC,2
TTACGAATTTGATCCC,2
TTACGAATTTGATTGC,2
TTACGAATTTGATTTC,2
TTAGGGAACGGGAAGC,2
TTATCTGGAGAGCGCT,2
TTATCTGTGACATTGC,2
TTATCTTTTACATTTA,2
TTATTTAACAGACGTA,2
TTCAGCGCGGTAAGAG,2
TTCAGTGGTATACATA,2
TTCATAAAGTTGGTGC,2
TTCATCAAGGTGGTGC,2
TTCATCGAGTTGGTGC,2
TTCCACAGAACCTATC,2
TTCGGGAACGGGAAGC,2
TTCGGTGGTCGATCCG,2
TTCTATCCAGACTCGT,2
TTCTGATAACCCTGCG,2
TTCTGCCCAGACTCGT,2
TTCTGTCCAGACTCTT,2
TTCTGTCCATACTCGT,2
TTGAAAAAAGCATAAA,2
TTGAGGAACGGGAAGC,2
TTGCAATTGAAAAATA,2
TTGCAATTGAAGCATA,2
TTGCAGCGTTGTTTTG,2
TTGCATCAGTCGCGCC,2
TTGCGATTGTCCGGAA,2
TTGCTCATGAGTAGTA,2
TTGCTCCTGAGGAGTA,2
TTGCTCCTTAGTAGTA,2
TTGGATCAGTCGCGCC,2
TTGGGAAACGGGAAGC,2
TTGGGAACTAAATTAA,2
TTGGGGAACGAGAAGC,2
TTGGGGAACGGGAAGG,2
TTGGGGAACGTGAAGC,2
TTGGGGAAGGGGAAGC,2
TTGTATCAGCCGCGCC,2
TTGTATCAGTCGCCCC,2
TTGTATCAGTCGCGGC,2
TTGTCCGCTTCATGCT,2
TTGTGTCAGTCGCGCC,2
TTTAAGCGTTGTTTTG,2
TTTACATCCAACACCA,2
TTTATACCGAGATTCA,2
TTTATATCCAACATCA,2
TTTATATCCGACACCA,2
TTTATATCGAGATGCA,2
TTTATATCTAACACCA,2
TTTATATCTAGATTCA,2
TTTCACAGAAACTATC,2
TTTCACAGAACATATC,2
TTTCACAGAACCGATC,2
TTTCAGCATTGTTTTG,2
TTTCAGCGTGGTTTTG,2
TTTCAGCGTTGTTTTT,2
TTTCAGCGTTTTTTTG,2
TTTCAGTGTTGTTTTG,2
TTTCGGCGTTGTTTTG,2
TTTCGTGATACTAACA,2
TTTCGTGATACTCAAA,2
TTTCTCCTGAGTAGTA,2
TTTTAAATTATAGTCT,2
TTTTATTAGGCGGCAT,2
TTTTGTGATACTCACA,2
AAAAAATCTCAGATAC,1
AAAAAATTCATGACAA,1
AAAAAATTGATGACAA,1
AAAAAATTTATCACAA,1
AAAAAATTTATGACTA,1
AAAAAATTTATGTCAA,1
AAAAAGTGTATGGCAA,1
AAAAATCTACGGCGAC,1
AAAACTCTTTTCGTTC,1
AAAAGATTTATGACAA,1
AAAAGTCCCTATGATG,1
AAAATCCCCAAATAAC,1
AAAATCTGAACCATAC,1
AAAATTGATTGAAGTT,1
AAACACGAGGTTGTGA,1
AAACCCATAAGACCCG,1
AAACCCATAAGACTCC,1
AAACCCATAAGGCCCC,1
AAACCCATAATACCCC,1
AAACCCATAGGACCCC,1
AAACCTATAAGACCCC,1
AAACGTGATTTCTCGA,1
AAAGAAAATATAACCA,1
AAAGAAACTATAACCA,1
AAAGAACTTTAACTCT,1
AAAGACCTCTAACTCT,1
AAAGACCTTTAACTCC,1
AAAGACCTTTGACTCT,1
AAAGACGCGCCTTCAA,1
AAAGATCTTTTCGTTC,1
AAAGCACAGCGTAGGC,1
AAAGCCCTTTTCGTTC,1
AAAGCTATTTTCGTTC,1
AAAGCTCTCTTCGTTC,1
AAAGCTCTTTCCGTTC,1
AAAGCTCTTTTAGTTC,1
AAAGCTCTTTTCATTC,1
AAAGCTCTTTTCGCTC,1
AAAGCTCTTTTCGTTA,1
AAAGGCGAGCCTCCAA,1
AAAGGCGCGCCCTCAA,1
AAAGGCGCGCCGTCAA,1
AAAGGCGCGCCTTAAA,1
AAAGGCTCGCCTTCAA,1
AAAGTAGCAAAGGATT,1
AAAGTAGCAGAGGATG,1
AAAGTGCGTATTGAGT,1
AAATACCTTTAACTCT,1
AAATATTGCTACACAT,1
AAATCCATAAGACCCC,1
AAATCCCAGGTCCTTT,1
AAATGCACAATATCCA,1
AAATGCGTTCATCGAT,1
AAATGTTTAATATACG,1
AAATTCAAAATATCCA,1
AAATTCACAAGATCCA,1
AAATTCACAATATACA,1
AAATTCACAATATCAA,1
AAATTCACAATATCCG,1
AAATTCACAATATCCT,1
AAATTCGCAATATCCA,1
AACAAAAGGGACATAT,1
AACAAAAGTCCATGTA,1
AACAAGTAGAACCGCC,1
AACACGGAGAACCGCC,1
AACACGTAGAAACGCC,1
AACACGTAGAACCGCT,1
AACACGTAGAACCGGC,1
AACACGTAGAGATACG,1
AACAGAAATCCATGTA,1
AACAGAAGGCCATGGA,1
AACAGAAGGCCATGTA,1
AACAGAAGTCCATGAA,1
AACAGAAGTCCATGCA,1
AACAGAAGTCTATGTA,1
AACAGAAGTGCATGTA,1
AACAGATGTCCATGTA,1
AACATACGAGACGTAA,1
AACATCCCTGACTGCT,1
AACCAATCTTCGAACT,1
AACCACCCCAGAGATT,1
AACCACCGACTGACCG,1
AACCACCGAGCGACCG,1
AACCACCGAGTGACCC,1
AACCACCGAGTGACGG,1
AACCACCGAGTGAGCG,1
AACCACCGAGTGATCG,1
AACCAGCGAGTGACCG,1
AACCCATGCTGGGGAT,1
AACCCCGGAGCTTGGC,1
AACCGACGAGACGTAA,1
AACCGCCGAGTGACCG,1
AACCGTACCGAGTTTA,1
AACCGTACCGCGTGTA,1
AACCGTACCGTGTTTA,1
AACCGTATCGCGTTTA,1
AACCTACGAGACATAA,1
AACCTACGAGACGCAA,1
AACCTACGAGACGTAT,1
AACCTACGGGACGTAA,1
AACCTAGGGGACGATT,1
AACGAATGAATAATCC,1
AACGACAAACAATAAG,1
AACGACAAACAGATAG,1
AACGACAAACAGCAAG,1
AACGACAAACAGTAAA,1
AACGACAAGTTGGTGC,1
AACGACAGACAGTAAG,1
AACGATAAACAGTAAG,1
AACGATTCCGACTAAG,1
AACGGCTCCGACTAAG,1
AACGGGATGGGCACGT,1
AACGGGTCCGACGAAG,1
AACGGTCCCGACTAAG,1
AACGGTTCCCACTAAG,1
AACGGTTCCGACTAAC,1
AACGGTTCCGATTAAG,1
AACGGTTGCGACTAAG,1
AACGGTTTCGACTAAG,1
AACTACCGAGTGACCG,1
AACTAGATGTACAGTC,1
AACTCCCCTGACTGCT,1
AACTGAATTAAGTATG,1
AACTGAATTCATCGAT,1
AACTGCGCTCATCGAT,1
AACTGCGGTCATCGAT,1
AACTGCGTTCATCAAT,1
AACTGCGTTCATCGAG,1
AACTGCGTTCATCGGT,1
AACTGCGTTCATCGTT,1
AACTGCGTTCATCTAT,1
AACTGCGTTCATGGAT,1
AACTTAACTGACTGCT,1
AACTTCCCCGACTGCT,1
AACTTCCCTAACTGCT,1
AACTTCCCTCACTGCT,1
AACTTCCCTGACCGCT,1
AACTTCCCTGACTCCT,1
AACTTCCCTGACTGCG,1
AACTTCCCTGGCTGCC,1
AACTTCCGTCACCTGA,1
AACTTCCGTCCCCTGA,1
AACTTCCGTCGCATGA,1
AACTTCCTTGACTGCT,1
AACTTCTCTGACTGCT,1
AACTTGCCTGACTGCT,1
AAGAAAGAAACTGGAG,1
AAGAAGACTTCGTGAT,1
AAGAAGACTTTGTAAT,1
AAGAAGACTTTGTGAC,1
AAGAAGACTTTGTGAG,1
AAGAAGACTTTTTGAT,1
AAGAAGATATAGAAGT,1
AAGAAGCGATAGAAGT,1
AAGAAGCTATAGAAAT,1
AAGAAGCTATAGAACT,1
AAGAAGCTATAGAAGC,1
AAGAAGCTATAGAATT,1
AAGAAGCTATTGAAGT,1
AAGAAGCTGTAGAAGT,1
AAGAAGTTATAGAAGT,1
AAGAATACTTTGTGAT,1
AAGAATCTATAGAAGT,1
AAGACCAGCGGGTGAT,1
AAGACTATAGTTGGCA,1
AAGAGGACTTTGTGAT,1
AAGAGGCCTCATAATG,1
AAGATAGTGATGAACA,1
AAGATCGATTGAAGTT,1
AAGATGGAGGGAAGTG,1
AAGATGGATTGAAGTG,1
AAGATTGAATGAAGTT,1
AAGATTGATTGAAGTA,1
AAGATTGATTGAAGTG,1
AAGATTGATTGAGGTT,1
AAGATTGATTTAAGTT,1
AAGATTGGTTGAAGTT,1
AAGCAAATAGACCGAA,1
AAGCACCGAGTGACCG,1
AAGCCCAACGGGTGAT,1
AAGCCCAGCGGTTGAT,1
AAGCGGGGAGGTGATT,1
AAGCGGGGATGTGATT,1
AAGCGGTCATGTGATT,1
AAGCGGTGATCTGATT,1
AAGCGGTGATGGGATT,1
AAGCGGTGATGTGATG,1
AAGCGGTGATGTGGTT,1
AAGCGGTGATTTGATT,1
AAGCGGTGGCACCCGT,1
AAGCTCCCTATGTAAT,1
AAGCTGATAGTAACTC,1
AAGCTGTGATGTGATT,1
AAGGACCTTTAACTCT,1
AAGGAGCTATAGAAGT,1
AAGGATTGCTACACAT,1
AAGGGACCTCATAATG,1
AAGGGGATGGGCACGT,1
AAGGGGATTGGCTGTT,1
AAGGGGGCTCATAATG,1
AAGGTAAGAGAAAGTT,1
AAGGTAGCAGAGGATT,1
AAGGTCCCTATGCAAT,1
AAGGTCCCTATGTAAG,1
AAGGTCCCTATGTAGT,1
AAGGTCCCTGTGTAAT,1
AAGGTTGTGAGGGAAG,1
AAGGTTTTACGTCCAT,1
AAGTACTGCTACACAT,1
AAGTATGATTTTCGAG,1
AAGTATTCCTACACAT,1
AAGTATTGCCACACAT,1
AAGTATTGCTACATAT,1
AAGTATTGCTACGCAT,1
AAGTATTGCTATACAT,1
AAGTCAGTAGACCCAC,1
AAGTGAAGAGAAAGGT,1
AAGTGAAGAGAAAGTT,1
AAGTTAAGAGAGAGTT,1
AAGTTAAGAGGAAGGT,1
AAGTTAAGAGGAAGTT,1
AAGTTAAGATAAAGTT,1
AAGTTAATAGACCCAC,1
AAGTTAGTAGACCAAC,1
AAGTTAGTAGACCCAA,1
AAGTTAGTAGACCTAC,1
AAGTTAGTATACCCAC,1
AAGTTCAGACTCTTGC,1
AAGTTCCCTGACTGCT,1
AATAAAAGACTGTATA,1
AATACAGTGTAATCGA,1
AATAGAAGTCCATGTA,1
AATATCATATCTAATA,1
AATATTGATTGAAGTT,1
AATCACCGAGTGACCG,1
AATCGCTGCCACCCGT,1
AATCGCTGGCACAAGT,1
AATCGCTGGCAGCCGT,1
AATCGCTGGCATCCGT,1
AATCGCTGGCGCCCGT,1
AATCGCTGGGACCCGT,1
AATCGTTTAGATAGCT,1
AATCTACGAGACGTAA,1
AATCTGGCTCGCTAAT,1
AATCTTGGGGAGAGTC,1
AATGAAACAATCAAAC,1
AATGAAACAATCGAAG,1
AATGAAACAATCGATC,1
AATGAAACAATCGGAC,1
AATGAAACAATGGAAC,1
AATGAAACAATTGAAC,1
AATGAAGCAATCGAAC,1
AATGACAAACAGTAAG,1
AATGAGAGCATGTCAA,1
AATGCAAGCATGTCAA,1
AATGCGAACATGTCAA,1
AATGCGAATGGGGTAG,1
AATGCGACCATGTCAA,1
AATGCGAGCATGACAA,1
AATGCGAGCATGTCAT,1
AATGCGAGCATTTCAA,1
AATGCGTGAGTACTAG,1
AATGCTCTTTTCGTTC,1
AATGGAACAATCGAAC,1
AATGTCCCTATGTAAT,1
AATGTGAGCATGTCAA,1
AATGTGGAGCCAAACA,1
AATGTTGAATAGGCGA,1
AATTAAACAATCGAAC,1
AATTAGTGAGTACTAG,1
AATTCGAGCATGTCAA,1
AATTCGTGAGCACTAG,1
AATTCGTGAGTAATAG,1
AATTCGTGAGTACTAT,1
AATTCGTGAGTGCTAG,1
AATTCGTGATTACTAG,1
AATTCGTGGGTACTAG,1
AATTCGTTAGTACTAG,1
AATTGAACGTCATGCC,1
AATTTAACGTCATACC,1
AATTTCCCTGACTGCT,1
ACAAAATTCGGGGGAC,1
ACAAAGTCTCAAGAAG,1
ACAAAGTCTCGAGAAC,1
ACAACACAAAAAATTA,1
ACAACCTGAACCATAC,1
ACAACGTTTGTGCAAA,1
ACAAGATTCGGGCGAC,1
ACAAGATTCGGGGGAT,1
ACAAGATTCGGTGGAC,1
ACAAGGGTTGGCTGTA,1
ACAAGGTTCGGGGGAC,1
ACAATCTGAACCAAAC,1
ACAATCTGAAGCATAC,1
ACAATCTGGGGCTAAA,1
ACACCCGGAGCTTGGC,1
ACACGAGTTGGCTGTA,1
ACACGGGCTGGCTGTA,1
ACACGGGTCGGCTGTA,1
ACACGGGTTGGCAGTC,1
ACACGGGTTGGCGGTA,1
ACACGGGTTGGCTATA,1
ACACGGGTTGGCTCTA,1
ACACGGGTTGGGTGTA,1
ACACGGGTTTGCTGTA,1
ACACTACGATCTACGC,1
ACAGATTCACGAATAA,1
ACAGCGTGCCGGTTAT,1
ACAGTACACCATTGAG,1
ACAGTACGACCTACGC,1
ACAGTACGAGCTACGC,1
ACAGTACGATCTAAGC,1
ACAGTACGATCTACGA,1
ACAGTACGATCTACTC,1
ACAGTCAACCATTGAG,1
ACAGTCCAACATTGAG,1
ACAGTCCACCATCGAG,1
ACAGTCCACCATTAAG,1
ACAGTCCACCATTTAG,1
ACAGTCCACCGTTGAG,1
ACAGTCGACCATTGAG,1
ACAGTCTAGAAATTTT,1
ACAGTCTGAACCATAA,1
ACAGTGCGATCTACGC,1
ACATGTTCCAATAGGT,1
ACATTTCCCAATAGGT,1
ACATTTTACAATAGGT,1
ACATTTTCCAATAGAT,1
ACATTTTCCAATGGGT,1
ACATTTTCCGATAGGT,1
ACCACACCCCTAGCTA,1
ACCACCGGAGCTTGGC,1
ACCAGCAATAAGTTGT,1
ACCAGCAATGAGCTCT,1
ACCAGCAATGAGTAGT,1
ACCAGCAATGAGTGGG,1
ACCAGCTATGAGTTGT,1
ACCAGGATAATCGCGC,1
ACCATCTAACAGATAG,1
ACCATTGTACACACCA,1
ACCCAATGAATCATCC,1
ACCCACCCCAGAGATG,1
ACCCACGGAGCTTGGC,1
ACCCCCAGAGCTTGGC,1
ACCCCCGGAGCTTGAC,1
ACCCCCGGAGCTTGTC,1
ACCCCCGGGGCTTGGC,1
ACCCCCGGTGCTTGGC,1
ACCCCGTGGTTTGACA,1
ACCGAACGAATCATCC,1
ACCGAAGGAATCAGCC,1
ACCGAAGGAATCATCC,1
ACCGAATGAAACATCC,1
ACCGAATGAAGCATCC,1
ACCGAATGAATCAGCC,1
ACCGAATGAATCATTC,1
ACCGAATGAATCTTCC,1
ACCGAATGAATGATCC,1
ACCGACAAACAGTAAG,1
ACCGACTCACGAATAA,1
ACCGATGCACGAATAA,1
ACCGATTAACGAATAA,1
ACCGATTCAAGAATAA,1
ACCGATTCACGAATAG,1
ACCGATTTACGAATAA,1
ACCGCCGGAGCTTGGC,1
ACCGCTGTACACACCA,1
ACCGGAAGTCGCCAAG,1
ACCGGAAGTTGCCACT,1
ACCGGGAGTTGCCAAG,1
ACCGTCTAGAAATTTT,1
ACCGTTGCACACACCA,1
ACCGTTGTAAACACCA,1
ACCGTTGTACACACCT,1
ACCGTTGTATACACCA,1
ACCGTTGTGCACACCA,1
ACCGTTTTACACACCA,1
ACCTTTACGGATCTCT,1
ACGAGCAATGAGTTGT,1
ACGCAAACAGACCGAA,1
ACGCAAATAGAACGAA,1
ACGCAAATAGACAGAA,1
ACGCAAATAGACCCAC,1
ACGCAAATAGACCGAG,1
ACGCAAATAGACCGAT,1
ACGCAAATAGGCCGAA,1
ACGCAAATATACCGAA,1
ACGCAAGTAGACCGAA,1
ACGCTTCAACTAAAAA,1
ACGGAATGAATCATCC,1
ACGGGGAGTGGCGGTT,1
ACGGGGATTGCCTGTT,1
ACGGGGATTGGATGTT,1
ACGGGGATTGGCTGGG,1
ACGGGGATTGGCTGTC,1
ACGGGGATTGGCTGTG,1
ACGGGGATTGGTTGTT,1
ACGGGGATTGTCTGTT,1
ACGGTATAGAAAGTTG,1
ACGGTCGAGAAATTTT,1
ACGGTCTAGAAATTTG,1
ACGTACATTAAGATCA,1
ACGTACCTGCAGTTGA,1
ACGTAGGATTTTCGAG,1
ACGTATCATTTTCGAG,1
ACGTATCTCCGAGCAA,1
ACGTATGATCTTCGAG,1
ACGTATGATTCTCGAG,1
ACGTATGATTGTCGAG,1
ACGTATGATTTTCCAG,1
ACGTATGATTTTCGAA,1
ACGTATGATTTTCGAT,1
ACGTCAATTAAGATCA,1
ACGTCCACTAAGATCA,1
ACGTCCAGTAAGATCA,1
ACGTCCATTAAAATCA,1
ACGTCCATTAAGATGA,1
ACGTCCATTAAGATTA,1
ACGTGCATTAAGATCA,1
ACGTGCCTCCGAGCAA,1
ACGTGGCTCCGAGCAA,1
ACGTGTATACGAGCAA,1
ACGTGTCTCCAAGCAA,1
ACGTGTCTCCGAGCTA,1
ACGTGTCTCCGGGCAA,1
ACGTGTCTGCGAGCAA,1
ACGTGTTTCCGAGCAA,1
ACTAACTCTCGCGGCA,1
ACTACGAGACTACGTA,1
ACTACGAGGCCACGTA,1
ACTACGAGGCTACATA,1
ACTACGAGGCTACTTA,1
ACTACGATGCTACGTA,1
ACTAGATTATAACGTA,1
ACTATCATATCTAATA,1
ACTCAAATAGACCGAA,1
ACTCTGGATCGCTAAT,1
ACTCTGGCTCGCGAAT,1
ACTCTGGCTCGCTAAC,1
ACTCTGGCTCGCTAGT,1
ACTCTGGCTCTCTAAT,1
ACTCTTGCTCGCTAAT,1
ACTGAATGAATCATCC,1
ACTGCCTAGAAATTTT,1
ACTGCGAGGCTACGTA,1
ACTGGCGAGAAATGGT,1
ACTGTCTAGAAACTTT,1
ACTGTCTAGAAAGTTT,1
ACTGTCTAGAAATCTT,1
ACTGTCTAGAAATTCT,1
ACTGTCTAGGAATTTT,1
ACTTAAATTCGAGGAC,1
ACTTCCATAGGCATGG,1
ACTTGGGGTCTCCCTT,1
AGAAAACCTCAGATAC,1
AGAAAAGCTCAGATAC,1
AGAAAATCTAAGATAC,1
AGAAAATCTCAAATAC,1
AGAAAATCTCAGAAAC,1
AGAAAATCTCAGACAC,1
AGAAAATCTCAGGTAC,1
AGAAAATCTGAGATAC,1
AGAAGATCTCAGATAC,1
AGAATCTGAACCATAC,1
AGACCATCACACCCAA,1
AGACCATCGCACACAA,1
AGACCATCGCACCCAG,1
AGACCATCGCACCCGT,1
AGACCATCGCTCCCAA,1
AGACCATTGCACCCAA,1
AGACCCGTAAGGACTA,1
AGACCGACAGTTTCGT,1
AGACCGCCAGTTTCTT,1
AGACCGCCATTTTCGT,1
AGACCTCCAGTTTCGT,1
AGACTCCACGGACGCC,1
AGAGAAGCGCAAATTA,1
AGAGACAAACAGTAAG,1
AGAGATAAAAAGAGGA,1
AGAGCCAAAAAGAGGA,1
AGAGCGAAAAAGAGGA,1
AGAGCTAAAAAGAAGA,1
AGAGCTAAAAAGAGTA,1
AGAGCTAGAAAGAGGA,1
AGAGCTCTTTTCGTTC,1
AGAGGAGAGATGGCTG,1
AGAGGAGGGAGGGCTG,1
AGAGGATATATGGCGG,1
AGAGTAGCAGAGGATT,1
AGAGTCCACCATTGAG,1
AGAGTTCATAGCTCCA,1
AGATACACCCTATAGT,1
AGATCCACCATATAGT,1
AGATCCACCCTACAGT,1
AGATCCACCCTATACT,1
AGATCCACCCTATAGG,1
AGATCCACCCTTTAGT,1
AGATCCACCGTATAGT,1
AGATCCATAGGCATGG,1
AGATCCCAGGGCCTTT,1
AGATCCCAGGTACTTT,1
AGATCCCAGGTCATTT,1
AGATCCCAGGTCCTCT,1
AGATCCCAGGTCCTTC,1
AGATCCCAGGTCCTTG,1
AGATCCCAGGTGCTTT,1
AGATCCCAGTTCCTTT,1
AGATCCTAGGTCCTTT,1
AGATGAATTAAGTATG,1
AGATGCCAGGTCCTTT,1
AGATGTTTAATAGACG,1
AGATTCACCCTATAGT,1
AGATTCAGAATCTTGC,1
AGATTCAGACTCTTGC,1
AGATTCCAGGTCCTTT,1
AGCACATGCTGGGGAT,1
AGCACCTAACAGATAG,1
AGCACTTTACGAGACA,1
AGCAGAGGGATAGGTG,1
AGCAGCTAACAGAGAG,1
AGCATACGGATATGTG,1
AGCATAGAGATATGTG,1
AGCATAGGGATATGAG,1
AGCATAGGGATATGTT,1
AGCATAGGGATATTTG,1
AGCATCTAACAGAAAG,1
AGCATCTAACAGATCG,1
AGCATCTAGCAGATAG,1
AGCATCTTACAGATAG,1
AGCCCATACTGGGGAT,1
AGCCCATGCGGGGGAT,1
AGCCCATGCTGAGGAT,1
AGCCCATGCTGGGAAT,1
AGCCCATGCTGGGGAG,1
AGCCCATGTTGGGGAT,1
AGCCCATTCTGGGGAT,1
AGCCCTATCCTCAAAT,1
AGCCGAATTAAGTATG,1
AGCCGTTTAGATAGTT,1
AGCGACAGCGCCCTTT,1
AGCGACATCACCCTTT,1
AGCGACATCGCCATTT,1
AGCGACATCGCCCGTT,1
AGCGACATCGCCCTCT,1
AGCGTCTAACAGATAG,1
AGCTATTCCGGCGCGG,1
AGCTCCTCGGGTATCA,1
AGCTCCTGAGGTATCA,1
AGCTCCTGGAGTATCA,1
AGCTCCTGGCGTATCA,1
AGCTCCTGGGGGATCA,1
AGCTCCTGGGGTACCA,1
AGCTCCTGGGGTAGCA,1
AGCTCCTGGGGTATGA,1
AGCTGAAGTAAGTATG,1
AGCTGAATCAAGTATG,1
AGCTGAATGAAGTATG,1
AGCTGAATTAAGTATT,1
AGCTGAATTAAGTGTG,1
AGCTGAATTACGTATG,1
AGCTGAATTAGGTATG,1
AGCTGAATTGAGTATG,1
AGCTGCGTTCATCGAT,1
AGCTGGATTAAGTATG,1
AGCTTCAGACTCTTGC,1
AGGAAAAAAACTGGAG,1
AGGAAAGAAACTGGAT,1
AGGAAAGAAACTGGGG,1
AGGAAAGAAACTTGAG,1
AGGAAAGAGACTGGAG,1
AGGAAGGAAACTGGAG,1
AGGAATATGAAGAGCG,1
AGGACCATAGTTGGCA,1
AGGACTAAAGTTGGCA,1
AGGACTACAGTTGGCA,1
AGGACTATAGTCGGCA,1
AGGACTATAGTGGGCA,1
AGGACTATAGTTGGTA,1
AGGACTATAGTTGTCA,1
AGGACTATAGTTTGCA,1
AGGACTATATTTGGCA,1
AGGACTGTAGTTGGCA,1
AGGAGAGAAACTGGAG,1
AGGAGGATGAAGAGCG,1
AGGAGTACGAAGAGCG,1
AGGAGTAGGAAGAGCG,1
AGGAGTATAGTTGGCA,1
AGGAGTATCAAGAGCG,1
AGGAGTATGAAGAACG,1
AGGAGTATGAAGACCG,1
AGGAGTATGAAGATCG,1
AGGAGTATGAAGTGCG,1
AGGAGTATGAATAGCG,1
AGGAGTATGAGGAGCG,1
AGGAGTATTAAGAGCG,1
AGGAGTTTGAAGAGCG,1
AGGATAGGGATATGTG,1
AGGATCATAGGGAATA,1
AGGATCTAACAGATAG,1
AGGATTGATTGAAGTT,1
AGGCACGTAAGGACTA,1
AGGCCAGGGAATCAAA,1
AGGCCAGTAAGGACTA,1
AGGCCAGTAGGGACTA,1
AGGCCATCGCACCCAA,1
AGGCCCGTAAGCACTA,1
AGGCCCGTAAGGACTC,1
AGGCCCGTAAGGACTT,1
AGGCCCGTAATGACTA,1
AGGCCCGTAGTGACTA,1
AGGCCCGTATGGACTA,1
AGGCCCGTGAGGACTA,1
AGGCCCTTAAGGACTA,1
AGGCCGAGGGGGGTAG,1
AGGCGCGTAAGGACTA,1
AGGCGTTTAGATAGTT,1
AGGGAAGAAACTGGAG,1
AGGGGATGGGAGAAAC,1
AGGGGATTGGAGAAAC,1
AGGGGGGGTGTGGTGA,1
AGGGGTATGAAGAGCG,1
AGGGTCAGACTCTTGC,1
AGGTATGATTTTCGAG,1
AGGTCCAGACTCTTGC,1
AGGTCCATAGGAATGG,1
AGGTCCGTAAGGACTA,1
AGGTGGACGGGTATGG,1
AGGTGTCTCCGAGCAA,1
AGGTTAAAACTCTTGC,1
AGGTTAGTAGACCCAC,1
AGGTTCAGACCCTTGC,1
AGGTTCAGACTCGTGC,1
AGGTTCAGACTCTTCC,1
AGGTTTAGACTCTTGC,1
AGTAAACAGGCAGTGG,1
AGTAAACATACATTGG,1
AGTAAACATGAATTGG,1
AGTAAACATGCATGGG,1
AGTAAACATGCATTTG,1
AGTAAACATGGATTGG,1
AGTAAACATTCATTGG,1
AGTAATAGGCGTCACA,1
AGTACGAAGGGGGGAG,1
AGTACGAGGCTACGTA,1
AGTACGTATGTCCCAG,1
AGTACTTGCGCTTCAA,1
AGTAGTGGCGCTTCAA,1
AGTATTGAATAGGCGA,1
AGTATTTACGCTTCAA,1
AGTATTTGCCCGGAAG,1
AGTATTTGCGCCTCAA,1
AGTCCATCTCAGATCG,1
AGTCCTTTAGATAGTT,1
AGTCGCTGGCACCCGT,1
AGTCGGGGTCTCCCTT,1
AGTCGGTTAGATAGTG,1
AGTCGTCTAGATAGTT,1
AGTCGTGTAGATAGTT,1
AGTCGTTTACATAGTT,1
AGTCGTTTAGAAAGTT,1
AGTCGTTTAGATGGGT,1
AGTCGTTTAGATTGTT,1
AGTCGTTTTGATAGTT,1
AGTGACATCGCCCTTT,1
AGTGCCATAGGCATGG,1
AGTGCGAGCATGTCAA,1
AGTGGGGGTCTCCCTT,1
AGTGGTGAATAGGCGA,1
AGTGGTGGCTTGGGGA,1
AGTGTCGAATAGGCGA,1
AGTGTGGAAGAGGCGA,1
AGTGTTAGCTTGGTTA,1
AGTGTTGAATAAGCGA,1
AGTGTTGAATAGGCGG,1
AGTGTTGAATAGGGGA,1
AGTGTTGAATAGTCGA,1
AGTGTTGACTTGGTTA,1
AGTGTTGCCTTGGTTA,1
AGTGTTGGATAGGCGA,1
AGTGTTGGCTCGGTTA,1
AGTGTTGGCTTTGTTA,1
AGTGTTGTCTTGGTTA,1
AGTGTTTAATAGGCGA,1
AGTTAGGGTCTCCCTT,1
AGTTCCACCCTATAGT,1
AGTTCCATAAGCATGG,1
AGTTCCATAGGCACGG,1
AGTTCCATAGGCACGT,1
AGTTCCATAGGCAGGG,1
AGTTCCATAGGCATTG,1
AGTTCCATAGGTATGG,1
AGTTCCATATGCATGG,1
AGTTCCATGGGCATGG,1
AGTTCGGGTCTCCCTT,1
AGTTCGTGAGTACTAG,1
AGTTGATGTCTCCCTT,1
AGTTGCGGTCTCCCTT,1
AGTTGGAGTCTCCCTT,1
AGTTGGGCTCTCCCTT,1
AGTTGGGGACTCCCTT,1
AGTTGGGGCCTCCCTT,1
AGTTGGGGTATCCCTT,1
AGTTGGGGTCACCCTT,1
AGTTGGGGTCTCCCGT,1
AGTTGGGGTCTCCCTC,1
AGTTGGGGTTTCCCTT,1
AGTTTTGAATAGGCGA,1
AGTTTTTATGACTTGC,1
ATAAATGAGGGCATTG,1
ATAACGTTCGTGCAAA,1
ATAACGTTTGTGCAGA,1
ATAACGTTTGTGCATA,1
ATAACGTTTGTGTAAA,1
ATAACGTTTGTTCAAA,1
ATAACTGAGGACATTG,1
ATAACTGAGGGAATTG,1
ATAACTGAGGGTATTG,1
ATAACTGAGGTCATTG,1
ATAACTGAGTGCATTG,1
ATAACTGATGGCATTG,1
ATAACTTAGGGCATTG,1
ATAACTTTTGTGCAAA,1
ATAAGAATTTGATTCC,1
ATAAGATATATGGCTG,1
ATAAGCAAAGTTGACC,1
ATAAGGGCTACGTGAG,1
ATAATTTAAGTATCAA,1
ATACAAAAAACTTAGT,1
ATACACGACGTTGTGA,1
ATACACGAGGCTGTGA,1
ATACACGAGGTGGGGA,1
ATACACGAGGTGGTGA,1
ATACACGAGGTTGCGA,1
ATACACGAGGTTGTAA,1
ATACACGAGGTTGTGG,1
ATACACGAGGTTGTGT,1
ATACACGAGGTTTTGA,1
ATACACGAGGTTTTTA,1
ATACACGCAGAAAAAG,1
ATACACGCATGTGACA,1
ATACACGCATGTGCAA,1
ATACACGCATGTGCGA,1
ATACACGCATGTGCTA,1
ATACATGAGGTTGTGA,1
ATACCGAATGGGGTAG,1
ATACCGCCAGTTTCGT,1
ATACGATATATGGCTG,1
ATACGCGCATGTGCCA,1
ATAGAAAATTAACCGC,1
ATAGAACTGCGGCCCC,1
ATAGAATAGCAAATTA,1
ATAGAATATATGGCTG,1
ATAGAATCGCAAGTTA,1
ATAGAATCGCAGATTA,1
ATAGAATCGCGAATTA,1
ATAGAATCTCAAATTA,1
ATAGAATGGCAAATTA,1
ATAGACGAGGTTGTGA,1
ATAGCACAGCGTAGGC,1
ATAGCGTTTGTGCAAA,1
ATAGCTAAAAAGAGGA,1
ATAGCTCTTTTCGTTC,1
ATAGGAGATATGGCTG,1
ATAGGATACATGGCTG,1
ATAGGATATATGACTG,1
ATAGGATATATGCCTG,1
ATAGGATATATGGCCG,1
ATAGGATATATGGCTA,1
ATAGTACGATCTACGC,1
ATAGTCCACCATTGAG,1
ATATAAAAAACTCAGT,1
ATATAAAAAACTTAGC,1
ATATAAAAAACTTGGT,1
ATATAAAGAACTTAGT,1
ATATAATCGCAAATTA,1
ATATACGCATGTGCCA,1
ATATAGAAAACTTAGT,1
ATATCCACCCTATAGT,1
ATATCCCAGGTCCTTT,1
ATATCTGTAGAGCGCT,1
ATCAAATAATTGGCGC,1
ATCAAGATAATCGCGC,1
ATCAAGTTACGGATGG,1
ATCAGGATAATCCCGC,1
ATCAGGATAATCGCAC,1
ATCAGGATAATCGCTC,1
ATCAGGATAATCGCTT,1
ATCAGGATAATCGTGC,1
ATCAGGATAATTGCGC,1
ATCAGGTATTACATGC,1
ATCATCAAGTTGGTGC,1
ATCATCTAACAGATAG,1
ATCATGATAATCGCGC,1
ATCCAATTTAAAGGCA,1
ATCCCATGCTGGGGAT,1
ATCCCCGGAGCTTGGC,1
ATCCGATTTAAAGTCA,1
ATCGGGATAATCGCGC,1
ATCGGTTCCGACTAAG,1
ATGACTATAGTTGGCA,1
ATGAGATTATAACGGA,1
ATGAGATTATAACGTA,1
ATGAGCGAGAAAAGCA,1
ATGAGGATAATCGCGC,1
ATGATCATATCTAATA,1
ATGCACGAGGTTGTGA,1
ATGCATCCTAGTGACG,1
ATGCCCGTAAGGACTA,1
ATGCCGAATGGGGGAG,1
ATGCGATTGTCCGGAA,1
ATGCGGTGATGTGATT,1
ATGGAATCGCAAATTA,1
ATGGAATTGGAGAAAC,1
ATGGCCAACGGGCATA,1
ATGGCCCAAGGGCATA,1
ATGGCCCACGGGCGTA,1
ATGGCCCACGGGGATA,1
ATGGCCCACGGTCATA,1
ATGGGAGTGGAGAAAT,1
ATGGGATTGGAGAACC,1
ATGGGATTGGAGAATC,1
ATGGGCACTAAATTAA,1
ATGGGGATTGGCTGTT,1
ATGGGGCCTCATAATG,1
ATGGGGTAGAGATACG,1
ATGGGTTTACGTCCAT,1
ATGGTATTGGAGAAAC,1
ATGGTCCCTATGTAAT,1
ATGGTTCTACGTCCAT,1
ATGGTTTTAAGTCCAT,1
ATGGTTTTACGACCAT,1
ATGGTTTTACGTGCAT,1
ATGTAAATTCGAGGAC,1
ATGTATGATTTTCGAG,1
ATGTGTCTCCGAGCAA,1
ATGTTTCGATGGCTAC,1
ATTAAGAATGGGGTAG,1
ATTAAGGCTACGTGAG,1
ATTACTGCGCGAGAGT,1
ATTAGACTATAACGTA,1
ATTAGATGAGAACGTA,1
ATTAGATTAGAACGTA,1
ATTAGATTATAACATA,1
ATTAGATTATAACGCA,1
ATTAGATTATAACGTT,1
ATTAGGACTACGTGAG,1
ATTAGGATAATCGCGC,1
ATTAGGGCGACGTGAG,1
ATTAGGGCTAAGTGAG,1
ATTAGGGCTACATGAG,1
ATTAGGGCTACGTGAA,1
ATTAGGGCTACGTGAT,1
ATTAGGGCTACGTGTG,1
ATTAGGGCTAGGTGAG,1
ATTAGGGCTGCGTGAG,1
ATTAGGGGTACGTGAG,1
ATTAGGGTTACGTGAG,1
ATTAGTGCTACGTGAG,1
ATTATATCCAACACCA,1
ATTATATCGAGATTCA,1
ATTATCATGTCTAATA,1
ATTATCGTATCTAATA,1
ATTATTTGCGCTTCAA,1
ATTCAAATTCGAGGAC,1
ATTCACAGAACCTATC,1
ATTCAGCGTTGTTTTG,1
ATTCCGAAAGGGGTAG,1
ATTCCGAAGGGGGGAG,1
ATTCCGAATGAGGTAG,1
ATTCCGAATGCGGTAG,1
ATTCCGAATGGGCTAG,1
ATTCCGAATGGGGTAA,1
ATTCCGAATGGGGTAC,1
ATTCCGAATGGTGTAG,1
ATTCCGGATGGGGTAG,1
ATTCGATTTAAAGGCA,1
ATTCGCTGGCACCCGT,1
ATTCGGAATGGGGTAG,1
ATTGAAATTCGAGGAC,1
ATTGGATTATAACGTA,1
ATTGTCATATCTAATA,1
ATTGTCTAGAAATTTT,1
ATTGTTTTACGTCCAT,1
ATTTAAAGTCGAGGAC,1
ATTTAAATTCAAGGAC,1
ATTTAAATTCGAAGAC,1
ATTTAAATTCGAGCAC,1
ATTTAAATTCGAGGAA,1
ATTTAAATTCGAGGTC,1
ATTTAAATTCGAGTAC,1
ATTTAATCATTATACG,1
ATTTACTCAGTATACG,1
ATTTACTCGTTATACG,1
ATTTACTTATTATACG,1
ATTTATGATTTTCGAG,1
ATTTTCCTATGGCTAC,1
ATTTTTCTAGGGCTAC,1
ATTTTTCTATGGCATC,1
ATTTTTCTATGGCGAC,1
ATTTTTCTATGGCTTC,1
ATTTTTCTATGGGCAC,1
ATTTTTCTGTGGCTAC,1
CAAAAACATTACAAAT,1
CAAAAAGCCTCCATGA,1
CAAAAGCAGCAAGATA,1
CAAAAGCAGCACAATA,1
CAAAAGCAGCACTATA,1
CAAAAGCAGCAGGATA,1
CAAAAGCAGCATGATA,1
CAAAAGCATCACGATA,1
CAAAATATACGGCGAC,1
CAAAATCTACAGCGAC,1
CAAAATCTACGGCAAC,1
CAAAATCTACGGCCCC,1
CAAAATCTACGGCGGC,1
CAAAATCTACGTCGAC,1
CAAACCGCAGACACGT,1
CAAACGCTGCATTAGG,1
CAAATACTGCATTAGG,1
CAAATAGAAATACATA,1
CAAATCCCCAAATAAC,1
CAAATCCTGCATTAGG,1
CAAATGCGGCAGGAGG,1
CAAATGCGGCATTAGG,1
CAAATGCTGAATTAGG,1
CAAATGCTGCAATAGG,1
CAAATGCTGCATTACG,1
CAAATGCTGCGTTAGG,1
CAAATGCTGTATTAGG,1
CAAATGGTGCATTAGG,1
CAAGGGAATTGCCACT,1
CAAGTAGAAATACATA,1
CAATATTGCCCGGAAG,1
CAATTACAAATACATA,1
CAATTAGAAAGACATA,1
CAATTAGAAATACACA,1
CAATTAGAAATACTTA,1
CAATTAGAAATAGATA,1
CAATTCGCCATTCCCC,1
CAATTCGCCGTTCACC,1
CAATTCGCCGTTCCCT,1
CAATTCGCTGTTCCCC,1
CACAAGATGTACAGTC,1
CACAGACAAGAAAAAA,1
CACAGCATTGGTCGCC,1
CACATAGGATCGCACT,1
CACCAATCTTCGAACG,1
CACCAATCTTCGGACT,1
CACCAATCTTCTAACT,1
CACCAATGTCATTTGA,1
CACCACCAGCACCTAG,1
CACCATCAACACCTAG,1
CACCATCACCACCTAG,1
CACCATCAGCACATAG,1
CACCATCAGCACCAAG,1
CACCATCAGCACCTAA,1
CACCATCAGCACCTTG,1
CACCATCAGCACTTAG,1
CACCATCAGCAGCTAG,1
CACCATGAAATAAGCT,1
CACCATGAGCACCTAG,1
CACCATTAGCACCTAG,1
CACCCAGGATCGCACT,1
CACCCGCTGTTTAAAA,1
CACCGCGCCGAGCAAC,1
CACCGCGCCTAGCACC,1
CACCGCTCCGAGCACC,1
CACCGGGCCGAGCACC,1
CACCTAGGACCGCACT,1
CACCTAGGATCGCACC,1
CACCTAGGATCGCGCT,1
CACCTAGGATGGCACT,1
CACCTAGGATTGCACT,1
CACCTAGGGGACGATT,1
CACCTAGTATCGCACT,1
CACCTATGATCGCACT,1
CACCTGCTGCGGAACG,1
CACCTGGGATCGCACT,1
CACGAGATGTACAGTC,1
CACGGCAGGCGAACTC,1
CACGGCCGGAGAACTC,1
CACGGCCGGCAAACTC,1
CACGGCCGGCGAACAC,1
CACGGCCGGCGAACCC,1
CACGGCCGGCGAACGC,1
CACGGCCGGCGAACTA,1
CACGGCCGGCGAGCTC,1
CACGGCCGGCGGACTC,1
CACGGCCGGGGAACTC,1
CACGGCCGGTGAACTC,1
CACGGGCGGCGAACTC,1
CACGGGCTAATGCCTC,1
CACGGGCTAATGTCCC,1
CACGGGCTAATGTCGC,1
CACGGGCTAGTGTCTC,1
CACGGGCTGATGTCTC,1
CACTAGAGGTACAGTC,1
CACTAGATGTACAGCC,1
CACTAGATGTACAGTA,1
CACTAGATGTACAGTT,1
CACTAGATGTACCGTC,1
CACTAGATGTACGGTC,1
CACTAGATGTATAGTC,1
CACTAGGTGTACAGTC,1
CACTGCCGGCGAACTC,1
CACTGGATGTACAGTC,1
CACTTCTGATGAATTG,1
CAGAACCTAGATGGTA,1
CAGAACCTCCTTGTCT,1
CAGAACCTCGCTGTCT,1
CAGAACCTCGGTGGCT,1
CAGAACCTCGGTGTCT,1
CAGAACCTCGTCGTCT,1
CAGAACCTCGTTCTCT,1
CAGAACCTCGTTGGCA,1
CAGAACCTCGTTGGCT,1
CAGACCCTAGATGGTA,1
CAGACTCTAGAGCTCT,1
CAGATAATAGAGAGAC,1
CAGATAGTGATGGACA,1
CAGATAGTGATTAACA,1
CAGATAGTTATGAACA,1
CAGCATTGTCGGAAAG,1
CAGCCAGGGAATCAAA,1
CAGCCTCTAGAGCTCT,1
CAGGCGCTAGAGCTCT,1
CAGGCTCTAGAACTCT,1
CAGGCTCTAGAGCTGT,1
CAGGCTCTAGAGCTTC,1
CAGGGGATACGTCACC,1
CAGGGGCCTCATAATG,1
CAGGGGCTAATGTCTC,1
CAGGGTCTAGAGCTCT,1
CAGGTGGAGCCCAACA,1
CAGTACCTCGTTGTCT,1
CAGTGAGACGCGCAAG,1
CAGTTCTGATGAATTG,1
CATAAAAGACGGTAGA,1
CATAAAAGACTGCATA,1
CATAATCTACGGCGAC,1
CATACAGAATTTGTTG,1
CATACAGAGGTGGTTG,1
CATACAGAGTCTGTTG,1
CATACAGAGTGTGTTG,1
CATACAGAGTTGGTTG,1
CATACAGAGTTTATTG,1
CATACAGAGTTTGGTG,1
CATACAGAGTTTGTCG,1
CATACAGAGTTTGTTA,1
CATACGGAGTTTGTTG,1
CATAGGAATTGCCACT,1
CATATGAATTCGCCCA,1
CATATGGAGCCCAACA,1
CATCACGCAGAAAAAG,1
CATGCAGAGTTTGTTG,1
CATGCGAATTGCCACT,1
CATGGGAAGGGCCACT,1
CATGGGAATCGCCACT,1
CATGGGAATTGCCAAT,1
CATGGGAATTGCCACG,1
CATGGGAGTTGCCACT,1
CATGTGAAGCCCAACA,1
CATGTGAATCCGCCCA,1
CATGTGAATTCACCCA,1
CATGTGAATTCGTCCA,1
CATGTGGACCCCAACA,1
CATGTGGAGCCCAATA,1
CATGTGGAGCCCATCA,1
CATGTGGAGCCCGACA,1
CATGTGGGGCCCAACA,1
CATTAGATGTACAGTC,1
CATTGAAACGCGCAAG,1
CATTGACATAGCGATG,1
CATTGAGACACGCAAG,1
CATTGAGACGCGCAAT,1
CATTGAGACGCGCATC,1
CATTGAGACGCGGAAG,1
CATTGAGACGTGCAAG,1
CATTTCCGATGAATTG,1
CATTTCTGATGAATGA,1
CATTTCTGATGAATGG,1
CATTTCTGATGAATTA,1
CATTTCTGATTAATTG,1
CCAAACTTGGCGCATC,1
CCAACACAAAAAAGTA,1
CCAACACAAAAAATCA,1
CCAACACAAAAAGTTA,1
CCAACACAAAGAATTA,1
CCAACACAGAAAATTA,1
CCAACACGAAAAATTA,1
CCAAGCGTGGCGCATC,1
CCAAGCTTCGCGCATC,1
CCAAGCTTGACGCATC,1
CCAAGCTTGGCGCATT,1
CCAAGCTTGGCGTATC,1
CCAAGTTTGGCGCATC,1
CCAATACAAAAAATTA,1
CCAATCCAAGCCTTTA,1
CCACATTAGCGGGAGG,1
CCACGGGTTGGCTGTA,1
CCAGATAAATCAGAAC,1
CCAGCACAAAAAATTA,1
CCAGTCCACCATTGAG,1
CCATCCTCAACTCCTA,1
CCATGGAACTAACTCC,1
CCCAGAGCGGTAAGAG,1
CCCATCCTCTAAAGTT,1
CCCCCCGGAGCTTGGC,1
CCCCCGATGTTTAAAA,1
CCCCCGCTGTTTAAGA,1
CCCCCGCTGTTTGAAA,1
CCCCCGCTTTTTAAAA,1
CCCCCTCTGTTTAAAA,1
CCCCTCATCTAAAGTT,1
CCCCTCCTCAAAAGTT,1
CCCCTCCTCCAAAGTT,1
CCCCTCCTCTAAAATT,1
CCCCTCCTCTAAAGTA,1
CCCCTCCTCTAAATTT,1
CCCCTCCTCTATAGTT,1
CCCCTCCTCTGAAGTT,1
CCCCTCCTTTAAAGTT,1
CCCGACACCCTTCCGG,1
CCCGGGAACAAAACTG,1
CCCTACGAAATAAGCT,1
CCCTATAAAATAAGCT,1
CCCTATGAAATAAGCC,1
CCCTATGAAATGAGCT,1
CCCTATGAAGTAAGCT,1
CCCTATTAAATAAGCT,1
CCCTCCGCGGCTCGGG,1
CCCTCCTCAAGGTTAA,1
CCCTGCGCGGCTAAGG,1
CCCTGCGCGGCTCGCC,1
CCCTGCGCGGCTGGGG,1
CCCTGCGCGGTAAGAG,1
CCCTGCGGGACTCGGG,1
CCCTTTAAGGATCTCT,1
CCCTTTACGGATCCCT,1
CCCTTTACTGATCTCT,1
CCGAACCTCGTTGTCT,1
CCGAATTAGCGGGAGG,1
CCGACACAAAAAATTA,1
CCGACCCTAGATGGTA,1
CCGAGCTGCCAATAAG,1
CCGAGCTTGGCGCATC,1
CCGATTACTAGCCGGA,1
CCGCATTAGCGGAAGG,1
CCGCATTAGCGGGAGT,1
CCGCATTAGCGGGCGG,1
CCGCATTAGCGGGGGG,1
CCGCATTAGCGTGAGG,1
CCGCATTAGCTGGAGG,1
CCGCGCACGCTTAGAG,1
CCGCGCACGGTTAGAG,1
CCGCTCACGTTTAGAG,1
CCGCTTCAACTAAAAA,1
CCGGATAAATCAGAAT,1
CCGGATAAATCATAAC,1
CCGGATAAATGAGAAC,1
CCGGATTAATCAGAAC,1
CCGTATAAATCAGAAC,1
CCGTCGGGACTCATCT,1
CCGTGCGCGGCTCGGG,1
CCTACAGTGTAATCGA,1
CCTAGGTATTATATGC,1
CCTAGGTTAAGTTGTG,1
CCTGACCCCCTCCAAC,1
CCTGCGTTAAGTTGTG,1
CCTGGCTTAAGTTGTG,1
CCTGGGCTAAGTTGTG,1
CCTGGGGTAAGTTGTG,1
CCTGGGTCAAGTTGTG,1
CCTGGGTTAAGTCGTG,1
CCTGGGTTAAGTGGGG,1
CCTGGGTTAAGTTGCG,1
CCTGGGTTAAGTTTTG,1
CCTGGGTTAATTTGTG,1
CCTGGGTTGAGTTGTG,1
CCTGTCTAGAAATTTT,1
CCTTAAATTATAGTCT,1
CCTTAGAGTGAACGAT,1
CCTTATGAAATAAGCT,1
CCTTGAAGCATTCCCG,1
CCTTGAGGCATTCCCG,1
CCTTGATGCACTCCCG,1
CCTTGATGCATACCCG,1
CCTTGATGCATCCCCG,1
CCTTGATGCATTCCGG,1
CCTTGATGCATTCTCG,1
CCTTGATGCATTGCCG,1
CCTTGATGCATTTCCG,1
CCTTGATGCGTTCCCA,1
CCTTGATGGATTCCCG,1
CCTTGATTCATTCCCG,1
CGAAAAAATTACAAAT,1
CGAAAACATCACAAAT,1
CGAAAACATGACAAAT,1
CGAAAACATTACAGAT,1
CGAAACACCTCCCAGT,1
CGAAACACGGCCCAGT,1
CGAAACACGTCACAGT,1
CGAAACACGTCCCTGT,1
CGAAACACGTCCTAGT,1
CGAAACACGTGCCAGT,1
CGAAACACTTCCCAGT,1
CGAAACGCGTCCCAGT,1
CGAAATACGTCCCAGT,1
CGAACCGCAGAAACGT,1
CGAACCGCAGACAAGT,1
CGAACCGCAGACACGG,1
CGAACCGCAGACACTT,1
CGAACCGCAGACAGGT,1
CGAACCGCAGACATGT,1
CGAACCGTAGACACGT,1
CGAACCTCAGACACGT,1
CGAACTTTACGAGACA,1
CGAAGCATTGGTCGCC,1
CGAAGCGCAGACACGT,1
CGAATCCACGGACGCC,1
CGACGCCACGGACGCC,1
CGACTACACGGACGCC,1
CGACTCCACAGACGCC,1
CGACTCCACGGACACC,1
CGACTCCACGGACGCT,1
CGACTCCACGGACTCC,1
CGACTCCACGTACGCC,1
CGACTCCACTGACGCC,1
CGAGCCGCAGACACGT,1
CGAGGACAAGATTGTA,1
CGATATTGCCCGGAAG,1
CGATCGGGACTCATCT,1
CGATCTGTGACATTGC,1
CGATCTTAATCTACAG,1
CGATCTTTACGAAAAG,1
CGCACGTTACGAGACA,1
CGCACTCTACGAGACA,1
CGCACTTTACGAAACA,1
CGCACTTTACGAGAAA,1
CGCACTTTACGAGACG,1
CGCACTTTACGAGATA,1
CGCACTTTACTAGACA,1
CGCACTTTATGAGACA,1
CGCAGCATGGGTCGCC,1
CGCAGCATTGATCGCC,1
CGCAGCATTGGTAGCC,1
CGCAGCATTTGTCGCC,1
CGCAGTATTGGTCGCC,1
CGCATCTAACAGATAG,1
CGCGACACCATTCCGG,1
CGCGACACCCATCCGG,1
CGCGACACCCGTCCGG,1
CGCGACACCCTCCCGG,1
CGCGACACCCTTCCAT,1
CGCGACACCCTTCCCG,1
CGCGACACCCTTGCGG,1
CGCGACACCCTTTCGG,1
CGCGACACCGTTCCGG,1
CGCGACACCTTTCCGG,1
CGCGACATCGCCCTTT,1
CGCGACCCCCTCCAAC,1
CGCGGCATTGGTCGCC,1
CGCTATGAAATAAGCT,1
CGCTCAGCGATAACGG,1
CGCTGCATTGGTCGCC,1
CGCTGCGCGGCTCGGG,1
CGGAAACATACATAAC,1
CGGACAGTGGAATCGA,1
CGGACAGTGTAATCGA,1
CGGACCCAAGATGGTA,1
CGGACCCGAGAGGGTA,1
CGGACCCTAAATGGTA,1
CGGACCCTAGATGCTA,1
CGGACCCTAGGTGGTA,1
CGGACCGTAGATGGTA,1
CGGACCTTAGATGGTA,1
CGGACGTATGTCCCAG,1
CGGACTATAGTTGGCA,1
CGGACTCTAGATGGTA,1
CGGAGACAAGATTGTA,1
CGGAGTATGAAGAGCG,1
CGGATAGTGATGAACA,1
CGGATCCTAGATGGTA,1
CGGCAAATGTAAATGA,1
CGGCCAAGGAATCAAA,1
CGGCCAGAGAATCAAA,1
CGGCCAGGGAATCAAG,1
CGGCCAGGGAATCATA,1
CGGCCAGGGAGTCAAA,1
CGGCCAGGGGATCAAA,1
CGGCCATGGAATCAAA,1
CGGGAAAGGTAAATGA,1
CGGGAAATATAAATGA,1
CGGGAAATGTAAAGGA,1
CGGGAACACACATAAC,1
CGGGAACAGACAGAAC,1
CGGGAACATACACAAC,1
CGGGAACATACATAGC,1
CGGGAACATATATAAC,1
CGGGAACATCCATAAC,1
CGGGAATCGCCCATAC,1
CGGGAATCTACCATAC,1
CGGGAATCTCACATAC,1
CGGGAATCTCCCACAC,1
CGGGAATCTCCCATAT,1
CGGGAATCTCGCATAC,1
CGGGAGATGTAAATGA,1
CGGGAGCATACATAAC,1
CGGGAGTCTCCCATAC,1
CGGGCAGGGAATCAAA,1
CGGGCGGGACTCATCT,1
CGGGGAATGTAAATGA,1
CGGGGACAAGAGGGGA,1
CGGGGACAAGAGTGTA,1
CGGGGACAAGATGGGG,1
CGGGGACAAGATTCTA,1
CGGGGACAAGATTGCA,1
CGGGGACAAGATTGGA,1
CGGGGACAAGATTGTT,1
CGGGGACGAGATTGTA,1
CGGTAACATACATAAC,1
CGGTAGGGACTCATCT,1
CGGTCAGGACTCATCT,1
CGGTCCGCTTCATGCT,1
CGGTCGGCACTCATCT,1
CGGTCGGGAATCATCT,1
CGGTCGGGACTCATCC,1
CGGTCGGGACTCATGT,1
CGGTCGGGACTCATTT,1
CGGTCGGGATTCATCT,1
CGGTCTGGACTCATCT,1
CGGTGACAAGATTGTA,1
CGTAACCCCCTCCAAC,1
CGTACAGAATACTAGA,1
CGTACAGGGTAATCGA,1
CGTACAGTGCAATCGA,1
CGTACAGTGGAATCGA,1
CGTACAGTGTAACCGA,1
CGTACAGTGTAATCAA,1
CGTACAGTGTAATCTA,1
CGTACAGTGTAGTCGA,1
CGTACAGTGTGATCGA,1
CGTACATATGTCCCAG,1
CGTACGCATGTCCCAG,1
CGTACGGTGTAATCGA,1
CGTACGTATGCCCCAG,1
CGTACGTATGTACCAG,1
CGTACGTATGTCCAAG,1
CGTACGTATGTCCCAT,1
CGTACGTATGTCCCGT,1
CGTACGTATGTCCCTG,1
CGTACTTATGTCCCAG,1
CGTACTTTACGAGACA,1
CGTCCGGATAAAGTAG,1
CGTGAACATACATAAC,1
CGTGAACCCTTCAGCA,1
CGTGAATCTCCCATAC,1
CGTGACACCCTCCAAC,1
CGTGACCCCCTCAAAC,1
CGTGACCCCCTCCACA,1
CGTGACCCCCTCCGAC,1
CGTGACCCCCTGCAAC,1
CGTGACCCCTTCCAAC,1
CGTGAGCCCCTCCAAC,1
CGTGCAGCGATAACGG,1
CGTGGACAAGATTGTA,1
CGTGTACCCTGCAGCA,1
CGTGTACCCTTCAGGA,1
CGTGTACCCTTCATCC,1
CGTGTACGCTTCAGCA,1
CGTGTGCCCTTCAGCA,1
CGTGTGTAGCCCAACA,1
CGTTAACGACCTATCC,1
CGTTAACGGCCTATAC,1
CGTTACCCCCTCCAAC,1
CGTTCACCGATAACGG,1
CGTTCAGCGACAACGG,1
CGTTCAGCGAGAACGG,1
CGTTCAGCGATAACGA,1
CGTTCAGCGATAACTG,1
CGTTCAGCGATGACGG,1
CGTTCAGTGTAATCGA,1
CGTTCCGCGATAACGG,1
CGTTCGGCGATAACGG,1
CGTTCGGGACTCATCT,1
CGTTGAGCCAGTCTGA,1
CGTTGAGCGATAACGG,1
CGTTTTTTGTTCGAGG,1
CTAAAACATTACAAAT,1
CTAAAATAATTGGCGC,1
CTAAGGGATTCAACTC,1
CTAAGGTATTATATGC,1
CTAAGTTAAGTATCAA,1
CTAATGTAAGGATCAA,1
CTAATGTAAGTATCAA,1
CTAATTAACAGACGTA,1
CTAATTCAAGTATCAA,1
CTAATTTAAGCATCAA,1
CTAATTTAAGGATCAA,1
CTAATTTAAGTACCAA,1
CTAATTTAAGTATCAG,1
CTAATTTAAGTATGAA,1
CTAATTTAAGTGTCAA,1
CTACTCCACGGACGCC,1
CTAGAACTGCGGCCCC,1
CTAGAGGCCTGGCCCC,1
CTAGCACAGCGCAGGC,1
CTAGCACAGCGGAGGC,1
CTAGCACAGCGTAGCC,1
CTAGCACAGCGTAGGG,1
CTAGCACAGCGTTGGC,1
CTAGCACAGCTTAGGC,1
CTAGCACAGGGTAGGC,1
CTAGCACAGTGTAGGC,1
CTAGCATAGCGTAGGC,1
CTAGCTTAATAGACAG,1
CTAGGACAGCGTAGGC,1
CTATAAAACGTTTGTA,1
CTATAAACCGTTCGTA,1
CTATAAACCGTTTGTG,1
CTATAAACTGTTTGTA,1
CTATACTGCCCGGAAG,1
CTATATCGCCCGGAAG,1
CTATATGGCCCGGAAG,1
CTATATTCCCCGGAAG,1
CTATATTGCCCGGATG,1
CTATATTGCCCGGTAG,1
CTATATTGCCCGTAAG,1
CTATATTGCCTGGAAG,1
CTATCATAATCTACAG,1
CTATCTAACAGACGTA,1
CTATCTCAATCTACAG,1
CTATCTGAATCTACAG,1
CTATCTGTAGAGCGCT,1
CTATCTTAATATACAG,1
CTATCTTAATCTAAAG,1
CTATCTTAATCTAGAG,1
CTATCTTAATCTGCAG,1
CTATCTTGATCTACAG,1
CTATGAACCGTTTGTA,1
CTATGTAACAGACGTA,1
CTATTTAACAGACCTA,1
CTATTTAACAGACGCA,1
CTATTTAACAGACTTA,1
CTATTTAACAGAGGTA,1
CTATTTAACAGATGTA,1
CTCAAAGAATTGGCGC,1
CTCAAATAAATGGCGC,1
CTCAAATAACTGGCGC,1
CTCAAATAAGTGGCGC,1
CTCAAATAATCGGCGC,1
CTCAAATAATGGGCGC,1
CTCAAATAATTCGCGC,1
CTCAAATAATTGCCGC,1
CTCAAATAATTTGCGC,1
CTCAAATAGTTGGCGC,1
CTCAAGTTACGGATGG,1
CTCAATGTAGTAGGAT,1
CTCAATGTCGTAGGAG,1
CTCAATGTCGTTGGAT,1
CTCAATTTCGTAGGAT,1
CTCACAGAATACTAGA,1
CTCAGACAATAAAAAA,1
CTCAGGTATTACATGC,1
CTCATCAAGTTGGTGC,1
CTCCTACGGGACGATT,1
CTCCTAGGGGACGAGT,1
CTCGGCCGGCGAACTC,1
CTCGGGCTAATGTCTC,1
CTCTAAATTATAGTCT,1
CTCTACCTGCAGTTGA,1
CTCTAGATGTACAGTC,1
CTCTTAGGGGACGATT,1
CTGAAATGATCTGGGG,1
CTGAACTGATCTGTGG,1
CTGAACTGGTCGATAT,1
CTGAACTTATCTATGG,1
CTGAACTTATCTGTCG,1
CTGAACTTATCTGTGA,1
CTGAACTTATGTGTGG,1
CTGAACTTATTTGTGG,1
CTGAACTTGGCGCATC,1
CTGAACTTGTAGATAT,1
CTGAACTTGTCAATAT,1
CTGAACTTGTCGAAAT,1
CTGAACTTGTCGAGAT,1
CTGAACTTGTCGATAC,1
CTGAACTTGTCGTTAT,1
CTGAACTTGTCTGTGG,1
CTGAATTTGTCGATAT,1
CTGACAGAAGACGAGA,1
CTGACAGAATACGAGA,1
CTGACCTGCCAATAAG,1
CTGAGCCGCCAATAAG,1
CTGAGCTGCAAATAAG,1
CTGAGCTGCCAATATG,1
CTGAGCTGCCAATGAG,1
CTGAGCTGCTAATAAG,1
CTGAGCTTGTCGATAT,1
CTGAGGGATGCAACGC,1
CTGAGGGATGCAACTC,1
CTGAGGGATTCAAATC,1
CTGAGGGATTCAACTA,1
CTGAGGGATTCAACTG,1
CTGAGGGATTCAACTT,1
CTGAGGGATTGAACTC,1
CTGAGGGGTTCAACTC,1
CTGAGGTATTACATGC,1
CTGCCAGGGAATCAAA,1
CTGCGCTGCCAATAAG,1
CTGGAACATACATAAC,1
CTGGACCTGCAGTTGA,1
CTGGAGGCCGGGCCCC,1
CTGGAGGCCTGCCCCC,1
CTGGAGGCCTGGCCAC,1
CTGGAGGCCTGGCCTC,1
CTGGAGGCCTGGCTCC,1
CTGGCACAGCGTAGGC,1
CTGGCTCTAGAGCTCT,1
CTGGGCACTAAATTAA,1
CTGGGCTGCCAATAAG,1
CTGGTATCAAGCCGGG,1
CTGGTTTTACGTCCAT,1
CTGTACCTGCACTTGA,1
CTGTACCTGCAGGGGA,1
CTGTACCTGCAGTTAA,1
CTGTACCTGCAGTTTA,1
CTGTACCTGCATTAGG,1
CTGTACCTGGAGTTGA,1
CTGTACGTGCAGTTGA,1
CTGTAGCTGCAGTTGA,1
CTGTGGGATTCAACTC,1
CTTAAGTATTATATGC,1
CTTAATGCGCGAGAGT,1
CTTACAGAATACAAGA,1
CTTACAGAATACTAAA,1
CTTACAGAATACTAGG,1
CTTACAGAATACTATA,1
CTTACAGAATAGGCGA,1
CTTACAGAATATTAGA,1
CTTACAGAGTACTAGA,1
CTTACAGTGTAATCGA,1
CTTACCGAATACTAGA,1
CTTACTGCGAGAGAGT,1
CTTACTGCGCGAGAAT,1
CTTACTTCGCGAGAGT,1
CTTAGAGAATACTAGA,1
CTTAGGCATTATATGC,1
CTTAGGTACTATATGC,1
CTTAGGTATCACATGC,1
CTTAGGTATGATATGC,1
CTTAGGTATTATATCC,1
CTTAGGTATTATATGG,1
CTTAGGTATTGTATGC,1
CTTAGGTGTTATATGC,1
CTTAGTTATTACATGC,1
CTTCACAGAACCTATC,1
CTTCAGCGTTGTTTTG,1
CTTCGGCTCATGATTA,1
CTTCGGCTCTTGAATA,1
CTTCGGCTCTTGATTT,1
CTTCGGCTTTTGATTA,1
CTTCGGGTCTTGATTA,1
CTTGAAATTATAGTCT,1
CTTGACCCCCTCCAAC,1
CTTGCAGAATACTAGA,1
CTTGGGCTCTTGATTA,1
CTTGGGTATTACATGC,1
CTTGGGTTAAGTTGTG,1
CTTTAAACTATAGTCT,1
CTTTAAATGATAGTCT,1
CTTTAAATTATAGCCT,1
CTTTAAATTATAGTAT,1
CTTTAAATTATAGTCC,1
CTTTAAATTATATTCT,1
CTTTAAATTATGGTCT,1
CTTTAAGTTATAGTCT,1
CTTTCAGCGATAACGG,1
CTTTCCTAGTACGCTT,1
CTTTTCGAGTACGCTT,1
CTTTTCTAATACGCTT,1
CTTTTCTACTACGCTT,1
CTTTTCTAGTACACTT,1
CTTTTCTAGTACGATT,1
CTTTTCTAGTATGCTT,1
CTTTTCTAGTTCGCTT,1
GAAAAAACTATAACCA,1
GAAAATCCCTATGATG,1
GAAAATCTACGGCGAC,1
GAAACAGTCCTAGCAA,1
GAAAGCAAAGTTGACC,1
GAAAGCCCAGTGCAAT,1
GAAAGCCCCAAAGAAC,1
GAAAGCCCCAAATAAC,1
GAAAGCCCCCTGCAAT,1
GAAAGCCCCGTACAAT,1
GAAAGCCCCGTGCAAG,1
GAAAGCCCCTTGCAAT,1
GAAAGCCTCGTGCAAT,1
GAAAGCTCCGTGCAAT,1
GAAAGCTGCAGAAGCG,1
GAAAGTCACTATGATG,1
GAAAGTCCATATGATG,1
GAAAGTCCCGAGGATG,1
GAAAGTCCCGGGGAGG,1
GAAAGTCCCGTGCAAT,1
GAAAGTCCCTAAGATG,1
GAAAGTCCCTAGGATG,1
GAAAGTCCCTATGACG,1
GAAAGTCCCTATGAGG,1
GAAAGTCCCTATGATA,1
GAAAGTCCCTATGGTG,1
GAAAGTCGCTATGATG,1
GAAAGTTCCTATGATG,1
GAAATACCCAAATAAC,1
GAAATACGCTGAATGA,1
GAAATCCCAAAATAAC,1
GAAATCCCGAAATAAC,1
GAAATGCGTATTGAGT,1
GAAATGCTGCTGAAGT,1
GAAATTCCCTATGATG,1
GAACAATAGAACAGAG,1
GAAGAAACTAAAACCA,1
GAAGAAACTAGAACCA,1
GAAGAAACTATAACCT,1
GAAGAAACTATAATCA,1
GAAGAAACTATACCCA,1
GAAGAAACTATAGCCA,1
GAAGAAACTGTAACCA,1
GAAGAAACTTTAACCA,1
GAAGAAGCTATAACCA,1
GAAGGAAGTGGAATGA,1
GAAGGACGCGGAATGA,1
GAAGGGATGGGCACGT,1
GAAGGGCTGCTGAAGT,1
GAAGGGTGGATTGGGT,1
GAAGGTCCCTATGATG,1
GAAGTACGCGGAATGA,1
GAAGTACGCTAAATGA,1
GAAGTACGCTGAAGGA,1
GAAGTACGCTGAATGG,1
GAAGTAGCAGAGGATT,1
GAAGTAGGCTGAATGA,1
GAAGTATGCTGAATGA,1
GAAGTGATGCTGAAGT,1
GAAGTGCGCTGAATGA,1
GAAGTGCGTATCGAGT,1
GAAGTGCGTATGGAGT,1
GAAGTGCGTATTCAGT,1
GAAGTGCGTATTTAGT,1
GAAGTGCTCCTGAAGT,1
GAAGTGCTGCATTAGG,1
GAAGTGCTGCGGAAGT,1
GAAGTGCTGCTCAAGT,1
GAAGTGCTGCTGAAAT,1
GAAGTGCTGCTGAAGC,1
GAAGTGCTGCTGAAGG,1
GAAGTGCTGCTGGAGT,1
GAAGTGCTGCTTAAGT,1
GAAGTGCTGTTGAAGT,1
GAAGTGGAGCCCAACA,1
GAATAATAGAACACAG,1
GAATAATAGAACATAG,1
GAATAATAGAACCGAG,1
GAATAATAGAACTGAG,1
GAATAGTAGAACGGAG,1
GAATTACGCTGAATGA,1
GACAAAAGGAACATAT,1
GACAAAAGGGACAAAT,1
GACAAAAGGGACACAT,1
GACAAAAGGGACATAG,1
GACAAAAGGTACATAT,1
GACAAAATGGACATAT,1
GACACAAAACCCATGC,1
GACACAGAAACCATGC,1
GACACGGAACCCATGC,1
GACAGAAGTCCAGGTA,1
GACAGGATGGGCACGT,1
GACAGGATTGGCACGT,1
GACATCTCGTATCCCT,1
GACCACTTGTAAGATG,1
GACCATCAGCACCTAG,1
GACCCCCTGTAAGATG,1
GACCCCGTGGAAGATG,1
GACCCCTTGTAAAATG,1
GACCCCTTGTAAGACG,1
GACCCCTTGTAGGATG,1
GACCCTTTGTAAGATG,1
GACCGCCATCGACTTC,1
GACGAAAGGGACATAT,1
GACGGCGTTAGTGTCA,1
GACGGGACGGGCACGT,1
GACGGGATGGACACGT,1
GACGGGATGGGCACAT,1
GACGGGATGGGTACGT,1
GACGGGATTGGCACGT,1
GACGGGGTGGGCACGT,1
GACTAAAGGATCATGA,1
GACTAAGCGTGGGCGG,1
GACTCCTTGTAAGATG,1
GACTGGATGGGCACGT,1
GACTTTGCGCGCAGTC,1
GAGAACCTCGTTGTCT,1
GAGAACTGCAGAAGCG,1
GAGAAGCTATAGAAGT,1
GAGAGCCCCGTGCAAT,1
GAGAGCCGCAGAAGCG,1
GAGAGCGAGAAAAGCA,1
GAGAGCTGCAGAAACG,1
GAGAGCTGCAGAAGCC,1
GAGAGCTGCAGAAGCT,1
GAGAGCTGCAGGAGCG,1
GAGAGCTGCATAAGCG,1
GAGAGCTGTAGAAGCG,1
GAGAGGATACGTCACC,1
GAGCATTGTCGGAAAG,1
GAGCTGATAGTAACTC,1
GAGCTGGCGATGGATC,1
GAGCTTGATATGGATC,1
GAGCTTGCCATGGATC,1
GAGCTTGCTATAGATC,1
GAGCTTGCTATGAATC,1
GAGCTTGCTATGGAGC,1
GAGCTTGCTATGGATA,1
GAGCTTGCTATGGATT,1
GAGCTTGGGGAGAGTC,1
GAGCTTGGTATGGATC,1
GAGGCGTAGAGATACG,1
GAGGGATAGAGATACG,1
GAGGGCCGGCGAACTC,1
GAGGGCTGCAGAAGCG,1
GAGGGGAACGGGAAGC,1
GAGGGGATAATCGCGC,1
GAGGGGATACGTAACC,1
GAGGGGATACGTCGCC,1
GAGGGGATACGTTACC,1
GAGGGGATGGGCACGT,1
GAGGGGTACAGATACG,1
GAGGGGTAGAGATACC,1
GAGGGGTAGAGATAGG,1
GAGGGGTAGCGATACG,1
GAGGGGTTGAGATACG,1
GAGGTACGCTGAATGA,1
GAGTGGATACGTCACC,1
GAGTGGGGAGGAACGT,1
GATAAAAGACTGTATA,1
GATACAGAGTTTGTTG,1
GATCACGCAAAAAAAG,1
GATCACGCAGAAAAAT,1
GATCACGCAGAAGAAG,1
GATCACGCAGAATAAG,1
GATCACGCAGGAAAAG,1
GATCACGCGGAAAAAG,1
GATCACGCTGAAAAAG,1
GATCCCCATCGACTTC,1
GATCCCTTGTAAGATG,1
GATCCTGGGGAGAGTC,1
GATCGCCACGGATAAG,1
GATCGCCACTGAGAAG,1
GATCGCCACTGATTAG,1
GATCGCCACTTATAAG,1
GATCGCCAGCGACGTC,1
GATCGCCATAAACTTC,1
GATCGCCATCAACTTC,1
GATCGCCATCGAATTC,1
GATCGCCATCGACTGC,1
GATCGCCATCGACTTG,1
GATCGCGATCGACTTC,1
GATCGGCTCTTGATTA,1
GATCGGGGGGAGAGTC,1
GATCGTCATCGACTTC,1
GATCGTGATACTCACA,1
GATCGTGGGGAGAGGC,1
GATCTAGGGGAGAGTC,1
GATCTTGCGGAGAGTC,1
GATCTTGGCGAGAGTC,1
GATCTTGGGGAAAGTC,1
GATCTTGGGGAGAGTG,1
GATGACGCAGAAAAAG,1
GATGTGGAGCCCAACA,1
GATTAAGATGCCCACC,1
GATTCAGATCCCCACC,1
GATTCAGATGACCACC,1
GATTCAGATGCACACC,1
GATTCAGATGCCCGCC,1
GATTCAGATTCCCACC,1
GATTGAGACGCGCAAG,1
GATTGCCACTGATAAG,1
GATTTCTGATGAATTG,1
GCAAACAGTATAGTTG,1
GCAAACAGTCTAGTTG,1
GCAAACAGTGCAGTTG,1
GCAAACAGTGTACTAG,1
GCAAACAGTGTAGCTG,1
GCAAACAGTGTAGGTG,1
GCAAACAGTGTATTTG,1
GCAAACAGTGTGGTTG,1
GCAAACGGTGTAGTTG,1
GCAAAGTCTCGAGAAG,1
GCAAAGTTTCATAGCG,1
GCAAATAGTGTAGTTG,1
GCAACAAGGTGTAACC,1
GCAACACAAAAAATTA,1
GCAACAGTCCTAGCAT,1
GCAACAGTTCTAGCAA,1
GCAACATTCCTAGCAA,1
GCAACGAGGTATAACC,1
GCAACGAGGTGTAACT,1
GCAACGAGGTGTAATC,1
GCAACGAGTTGTAACC,1
GCAACGGGGTGTAACC,1
GCAACGTGCCGGTCAT,1
GCAAGCTTGGCGCATC,1
GCAATGAGGTGTAACC,1
GCAATTTACTGAAGGG,1
GCACCGTGCCGGTCAT,1
GCAGAACTGCGGCCCC,1
GCAGCCTCAACTCCTA,1
GCAGCGTGCAGGTCAT,1
GCAGCGTGCCGGTCAA,1
GCAGCGTGCCGGTCAG,1
GCAGCGTGCCTGTCAT,1
GCAGCGTGCTGGTCAT,1
GCAGCGTTCCGGTCAA,1
GCAGCGTTCCGGTCAT,1
GCAGGGAACTAACTCC,1
GCATACTCAACTCCTA,1
GCATCCCCAACTCCTA,1
GCATCCGCAACGCCTA,1
GCATCCGCAACTCCTA,1
GCATCCTCAACTCATA,1
GCATCCTCAACTCCTG,1
GCATCCTCAACTCCTT,1
GCATCCTCAACTTCTA,1
GCATCCTCAGCTCCTA,1
GCATGGAACGAACGCC,1
GCATGGAACTAACACC,1
GCATGGAACTAACTCT,1
GCATGGAATTAACTCC,1
GCATGGGACTAACTCC,1
GCATGGGTGTACGAGA,1
GCATTTTCCAATAGGT,1
GCCACTTACTGAAGGG,1
GCCAGCCCGTATCCCT,1
GCCAGCTCGCATCCCT,1
GCCAGCTCGGATCCCT,1
GCCAGCTCGTACCACT,1
GCCAGCTCGTATCGCT,1
GCCAGCTCGTATGCCT,1
GCCAGCTCGTATTCCT,1
GCCAGCTGGTATCCCT,1
GCCAGGTCGTATCCCT,1
GCCATCTACTGAAGGG,1
GCCATTGACTGAAGGG,1
GCCATTGCGCGCAGTC,1
GCCATTTACTAAAGGG,1
GCCATTTACTCAAGGG,1
GCCATTTACTGAAGAG,1
GCCATTTACTGAAGCG,1
GCCATTTACTGAAGGT,1
GCCATTTACTGAAGTG,1
GCCATTTACTGAATGG,1
GCCATTTACTGTAGGG,1
GCCATTTACTTAAGGG,1
GCCATTTAGTGAAGGG,1
GCCCCCGGAGCTTGGC,1
GCCCCTGCGGCGTGTG,1
GCCGCTACGGCGTGTG,1
GCCGCTGCGGCGTGGG,1
GCCGCTGTGGCGTGTG,1
GCCGGAGTTAGTGTCA,1
GCCGGCGGTAGTGTCA,1
GCCGGCGTTAGCGTCA,1
GCCGGCGTTAGTGTTA,1
GCCGGCGTTGGTGTCA,1
GCCGGTGTTAGTGTCA,1
GCCGTCGTTAGTGTCA,1
GCCTAAAAGATCATGA,1
GCCTAAAGGACCATGA,1
GCCTAAAGGATCACGA,1
GCCTAAAGTATCATGA,1
GCCTAAATGATCATGA,1
GCCTCTGCGGCGTGTG,1
GCCTGCGCGGCTCGGG,1
GCCTGCTCGTATCCCT,1
GCCTTTACGGATCTCT,1
GCCTTTGAGCGCAGTC,1
GCCTTTGCACGCAGTC,1
GCCTTTGCGCGAAGTC,1
GCCTTTGCGCGCAGGC,1
GCCTTTGCGCGTAGTC,1
GCGAACAGTGTAGTTG,1
GCGAAGGGTCATAGCG,1
GCGAAGGTGCAGAGCG,1
GCGAAGTCTCATAGCG,1
GCGAAGTTTCAAAGCG,1
GCGAAGTTTCAGAGCG,1
GCGAAGTTTCATAGGG,1
GCGAAGTTTCATAGTG,1
GCGAGCGAGAAAAGCA,1
GCGAGCTCGTATCCCT,1
GCGAGGTTTCATAGCG,1
GCGAGTTAATATGCGC,1
GCGGCTGCGGCGTGTG,1
GCGTATGATTTTCGAG,1
GCGTGGAACTAACTCC,1
GCTACGAGGCTACGTA,1
GCTGCTCCGACACGCC,1
GCTGTCTAGAAATTTT,1
GCTTAAAGGATCATGA,1
GCTTAACTTTGGAAGC,1
GCTTGGAACTAACTCC,1
GGAAACACGTCCCAGT,1
GGAACGAGGTGTAACC,1
GGAAGCAGAGTGGACC,1
GGAATCCCCAAATAAC,1
GGACAAACCTGCAAAG,1
GGAGCTAAAAAGAGGA,1
GGAGTTAGGAGATCCA,1
GGAGTTCATAGCTCCA,1
GGATCCACCCTATAGT,1
GGATGGAACTAACTCC,1
GGCAAGTTACGGATGG,1
GGCAGCATTGGTCGCC,1
GGCAGCTCGTATCCCT,1
GGCAGTGGTATACATA,1
GGCATCTAACAGATAG,1
GGCCACCGAGTGACCG,1
GGCCCCTTGTAAGATG,1
GGCGCTGCGGCGTGTG,1
GGCGGCGTTAGTGTCA,1
GGCGGGATGGGCACGT,1
GGCTAACTTTGGAAGC,1
GGCTGAATTAAGTATG,1
GGGAAGTTTCATAGCG,1
GGGAGCGAGAAAAGCA,1
GGGCCAGGGAATCAAA,1
GGGCCATCTCAGATCG,1
GGGCCCGTAAGGACTA,1
GGGCGATTGGCCGGAA,1
GGGGAACATACATAAC,1
GGGGAACTGTGGAAGC,1
GGGGGCGGGTGTTTGT,1
GGGGGGGGAATCATCC,1
GGGGTATCAAGCCCGG,1
GGGGTATCAAGCCGGG,1
GGGTAACTGGGGAAGC,1
GGGTCGGGACTCATCT,1
GGGTGGGGTGGGAAGT,1
GGGTTCCCTGACTGCT,1
GGTAAACATGCATTGG,1
GGTAATAGGCGTCACA,1
GGTACAGTGTAATCGA,1
GGTAGATGGAACACGG,1
GGTATATCCAACACCA,1
GGTATTATGACTTCAT,1
GGTCCACCTCAGATCG,1
GGTCCATCGCAGATCG,1
GGTCCATCTCAGAACG,1
GGTCCATCTCAGATCC,1
GGTCCATCTCAGCTCT,1
GGTCCATCTCAGGTCG,1
GGTCCATCTCAGTTCG,1
GGTCCATCTTAGATCG,1
GGTCCGTCTCAGATCG,1
GGTCTTGGGGAGAGTC,1
GGTGGAGCAAGCGAAA,1
GGTGTGGGGGGGAGTA,1
GGTTAAATTTGGAAGC,1
GGTTAACGTTGGAAGC,1
GGTTAACTTCGGAAGC,1
GGTTAACTTTAGAAGC,1
GGTTAACTTTGCAAGC,1
GGTTAACTTTGGAAAC,1
GGTTAACTTTGGAAGA,1
GGTTAACTTTTGAAGC,1
GGTTAAGAGAAGGGCG,1
GGTTAGCTTTGGAAGC,1
GGTTAGTCCTCGTATG,1
GGTTCAGCGATAACGG,1
GGTTCATCTCAGATCG,1
GGTTGACTTTGGAAGC,1
GGTTGTAAGCTGAATA,1
GTAAAGTTACGGATGG,1
GTAACCAAAGTTGACC,1
GTAACGAGGTGTAACC,1
GTAAGATTCATGGAGT,1
GTAAGCAAAGTGGACC,1
GTAAGCAAGGTTGACC,1
GTAAGCAGAGTTGACC,1
GTAAGCAGTGTAGTTG,1
GTAAGCCAAGTTGACC,1
GTAAGCCTCATGGAGT,1
GTAAGCTTAATGGAGT,1
GTAAGCTTCATGGATT,1
GTAAGGGATTCAACTC,1
GTAAGGTTCATGGAGT,1
GTAAGTAAAGTTGACC,1
GTAAGTCCCTATGATG,1
GTAATCTTCATGGAGT,1
GTAATTCACATGCGGA,1
GTAATTCGCATGAGGA,1
GTAATTCGCATGCCGA,1
GTAATTCGCATGCTGA,1
GTAATTCTCATGCGGA,1
GTAATTTGCATGCGGA,1
GTACAAACCAGCAAAT,1
GTACAAACCTGCAAAA,1
GTACAAACCTGCAACT,1
GTACACGCATGTGCCA,1
GTACCCAATTCCTGCG,1
GTACCCACTTCCTGCG,1
GTACCCAGTTCCTGCC,1
GTACCCAGTTCCTGCT,1
GTACCCAGTTTCTGCG,1
GTACCGAGTTCCTGCG,1
GTACCTAGTTCCTGCG,1
GTAGAAACCTGCAAAT,1
GTAGAAATGCGGCCCC,1
GTAGAACGGCGGCCCC,1
GTAGAACTGCCGCCCC,1
GTAGAACTGCGGCCTC,1
GTAGAACTGCGGCGCC,1
GTAGAACTGTGGCCCA,1
GTAGAAGTGCGGCCCC,1
GTAGAATTGCGGCCCC,1
GTAGACACTAGGACCA,1
GTAGAGCTGCGGCCCC,1
GTAGATACCAGGACCA,1
GTAGATACGAGGACCA,1
GTAGATACTAAGACCA,1
GTAGATACTAGGAACA,1
GTAGATACTAGGACAA,1
GTAGATACTAGGACCT,1
GTAGATACTAGGATCA,1
GTAGATACTATGACCA,1
GTAGGCTTCATGGAGT,1
GTATATTGCCCGGAAG,1
GTATCCAGTTCCTGCG,1
GTATCTGTAGAGCGCT,1
GTCAAATAATTGGCGC,1
GTCAAGTCACGGATGG,1
GTCAAGTTACAGATGG,1
GTCAAGTTACGGAGGG,1
GTCAAGTTACGGATAG,1
GTCAAGTTACGGATCG,1
GTCAAGTTACGTATGG,1
GTCCCATCCTGGAATG,1
GTCGAATCCTGGAATG,1
GTCGAGTTACGGATGG,1
GTCGCAGCCTGGAAGG,1
GTCGCATCATGGAATG,1
GTCGCATCCTAGAATG,1
GTCGCATCCTGGAACG,1
GTCGCATCCTGGAACT,1
GTCGCATCCTGGAATA,1
GTCGCCGATAATCCGA,1
GTCGCCGCTAACCCGA,1
GTCGCCGCTAATCCCA,1
GTCGCCGCTAATCCGT,1
GTCGCCGCTGATCCGA,1
GTCGCGTCCTGGAATG,1
GTCGCTGCGGCGTGTG,1
GTCGCTGCTAATCCGA,1
GTCGGATCCTGGAATG,1
GTCGTCGCTAATCCGA,1
GTCGTCTCTAATCCGA,1
GTGAAGTTACGGATGG,1
GTGACTCACCGAATAA,1
GTGAGCAAAGTTGACC,1
GTGAGCGAGAAAAACA,1
GTGAGCGAGAAAAGCT,1
GTGAGCGAGAAAAGGA,1
GTGAGCGAGAAAATCA,1
GTGAGCGATAAAAGCA,1
GTGAGCTAGAAAAGCA,1
GTGAGGGAGTAGACTT,1
GTGCAATTGAAACAGA,1
GTGCAATTGAAACATA,1
GTGCAATTGTACGGAA,1
GTGCACCCTAGTGACG,1
GTGCATCCTAGTGATG,1
GTGCATCCTAGTGATT,1
GTGCATCCTAGTGGCG,1
GTGCGATTCTCCGGAA,1
GTGCGATTGCCCGGAA,1
GTGCGATTGTCCAGAA,1
GTGCGATTGTCCCGAA,1
GTGCGATTGTCCGGAC,1
GTGCGATTGTCCGTAA,1
GTGCGGTTGTCCGGAA,1
GTGCTATTGTCCGGAA,1
GTGGAGGCCTGGCCCC,1
GTGGATACTAGGACCA,1
GTGGCATCCTGGAATG,1
GTGGGATTGTCCGGAA,1
GTGGGCGAGAAAAGCA,1
GTGGGGAACGGGAAGC,1
GTGGTATCAAACCGGG,1
GTGGTATCAAGCCACT,1
GTGGTATCAAGCCCGG,1
GTGGTATCAAGCCTGA,1
GTGGTATCAAGGCGGG,1
GTGGTATCAGGCCGGG,1
GTGGTATTAAGCCGGG,1
GTGGTGTCAAGCCGGG,1
GTGTAGGCCTGGGAGG,1
GTGTATCAGTCGCGCC,1
GTTACAGAATACTAGA,1
GTTACTGCGCGAGAGT,1
GTTAGATTATAACGTA,1
GTTAGCGAGAAAAGCA,1
GTTAGGTATTATATGC,1
GTTATCATATCTAATA,1
GTTATGATGACTGCAG,1
GTTATTACGACTTCAT,1
GTTATTAGGACTTCAT,1
GTTATTATATCTAATA,1
GTTATTATGAATTCAT,1
GTTATTATGACCTCAT,1
GTTATTATGACTTCAA,1
GTTATTATGACTTCAC,1
GTTATTATGCCTTCAT,1
GTTGATACTAGGACCA,1
GTTGCAGAATACTAGA,1
GTTGCCCCGACACGCC,1
GTTGCTACGACACGCC,1
GTTGCTCAGACACGCC,1
GTTGCTCCGACACGCT,1
GTTGCTCCGACACTCC,1
GTTGCTCCGACATGCC,1
GTTGCTCCGACGCGCC,1
GTTGCTCCGATACGCC,1
GTTGCTCCTACACGCC,1
GTTGCTCTGACACGCC,1
GTTGCTTCGACACGCC,1
GTTGGTCCGACACGCC,1
GTTGTATCCGGGAATG,1
GTTGTTATGACTTCAT,1
GTTGTTCCGACACGCC,1
GTTTAAATTATAGTCT,1
GTTTAAATTCGAGGAC,1
GTTTCTCCGACACGCC,1
GTTTTTCTATGGCTAC,1
TAAAAAGACTCCATGA,1
TAAAAAGCCTCCATAA,1
TAAAAAGCCTCCATCC,1
TAAAAAGCCTCCATGC,1
TAAAAAGCCTCCATGG,1
TAAAAAGCCTCCGTGA,1
TAAAAAGCCTCTATGA,1
TAAAAAGCCTGCATGA,1
TAAAAATTTATGACAA,1
TAAAGAGCCTCCATGA,1
TAACGGGATTTCTCGA,1
TAACGTGACTTCTCGA,1
TAACGTGATTTCTCAA,1
TAACGTGATTTCTCCA,1
TAACGTGATTTCTCGT,1
TAAGAAACTATAACCA,1
TAAGTGCTGCTGAAGT,1
TAAGTTCATAGCTCCA,1
TAATAAACCAGCAAGA,1
TAATAAGAGAAGTGCG,1
TAATAAGCCAACAAGA,1
TAATAAGCCAGCAAGG,1
TAATAAGCCAGCAAGT,1
TAATAAGCCAGCAATA,1
TAATAAGCCAGCAGGA,1
TAATAATCCAGCAAGA,1
TAATAGGCCAGCAAGA,1
TAATGAGCCAGCAAGA,1
TAATGTGATTTCTCGA,1
TACAAGAGAGGAGTCC,1
TACAAGAGAGGTGTCC,1
TACAGCGCGGTAAGAG,1
TACAGTGGTATACATA,1
TACATAACGACGCAGT,1
TACATACCAACGCAGT,1
TACATACCGACACAGT,1
TACATACCGACGCAGG,1
TACATACCGACGCGGT,1
TACATACCGACGGAGT,1
TACATACCGGCGCAGT,1
TACATACCTACGCAGT,1
TACATGCTGCGGAACG,1
TACCAACGTCATTTGG,1
TACCAACGTTATTTGA,1
TACCAAGGTCATTTGA,1
TACCAATCTTCGAACT,1
TACCAATGTCAGTTGA,1
TACCAATGTCATCTGA,1
TACCAATGTCATTTGT,1
TACCAATGTCATTTTA,1
TACCAATGTCGTTTGA,1
TACCAGCTGCGGAACG,1
TACCCTGCAAACCACT,1
TACCCTGCAAGCCACG,1
TACCCTGCAAGCTACT,1
TACCCTGCAGGCCACT,1
TACCCTGCATGCCACT,1
TACCGATGTCATTTGA,1
TACCGCGCCGAGCACC,1
TACCGTACCGCGTTTA,1
TACCTACGAGACGTAA,1
TACCTGCTGCGGAACA,1
TACCTGCTGCGGAATG,1
TACCTGCTGCTGAACG,1
TACCTGCTTCGGAACG,1
TACGCTGCAAGCCACT,1
TACGGTTCCGACTAAG,1
TACTAAGAGAAGTGCG,1
TACTAATACCGTTGTC,1
TACTAATGCCGCTGTC,1
TACTAATGCCGTAGGC,1
TACTAATGCCGTGGGC,1
TACTAATGCCGTGGTC,1
TACTAATGCCGTTGGC,1
TACTAATGTCGTTGTC,1
TACTAGCAATAAAAGC,1
TACTGACAACCCTGCG,1
TACTGATAACCCCGCG,1
TACTGATAACCCTGCT,1
TACTGATAACCGTGCG,1
TACTGATAAGCCTGCG,1
TACTGATAGCCCTGCG,1
TACTGTCCAGACTCGT,1
TACTTATGCCGTTGTC,1
TACTTCCCTGACTGCT,1
TAGAATCGTCACCGAT,1
TAGACTCACGGAGGAT,1
TAGAGCTGCAGAAGCG,1
TAGCACTGTCGGAAAG,1
TAGCAGTGTCGGAAAG,1
TAGCATCGTCGGAAAG,1
TAGCATTGTCGGAAAA,1
TAGCATTGTCGGAAAT,1
TAGCATTGTCGGAACG,1
TAGCATTGTCGGAACT,1
TAGCATTGTCGGAAGC,1
TAGCGGTGATGTGATT,1
TAGCGTTGTCGGAAAG,1
TAGCTCCTGAGTAGTA,1
TAGCTGATAGTAACGC,1
TAGCTGATAGTAATTC,1
TAGCTGATGGTAACTC,1
TAGCTGGTAGTAACTC,1
TAGCTTATAGTAACTC,1
TAGGGGAACGGGAAGC,1
TAGGGGATACGTCACC,1
TAGTAAGAGAAGTGCG,1
TAGTCCTAACTAGCGA,1
TATAAAGAGAAGTGCG,1
TATAAGAGAGGGGTCC,1
TATACCCACGGAGGAT,1
TATACTAGTAACATAA,1
TATACTCACGGAGGAC,1
TATACTCACGGAGGGT,1
TATACTCACGGATGAT,1
TATACTCATGGAGGAT,1
TATACTCGCGGAGGAT,1
TATATTAGTAACATAG,1
TATCAATGTCATTTGA,1
TATCCAAGGGACGGAA,1
TATCCAAGGGACGGAG,1
TATCCAAGGGACGGGC,1
TATCCAAGGGACGTAC,1
TATCCAATGGACGGAC,1
TATCGCCACTGATAAG,1
TATCGCTGGCACCCGT,1
TATCTCGTATCCACAG,1
TATCTTGGGGAGAGTC,1
TATGCGAGCATGTCAA,1
TATGGCGTATCCACAG,1
TATGTACCCTTCAGCA,1
TATGTAGTATCCACAG,1
TATGTCGCATCCACAG,1
TATGTCGGATCCACAG,1
TATGTCGTATCCACAA,1
TATGTCGTATCCACGT,1
TATGTCGTATCCACTA,1
TATGTCGTATCCATAC,1
TATGTCGTGTCCACAG,1
TATGTGAATTCGCCCA,1
TATGTGGTATCCACAG,1
TATTAAAAGAAGTGCG,1
TATTAAGAGAAGTGCA,1
TATTAAGAGAGGTGCG,1
TATTAAGATAAGTGCG,1
TATTAAGCCAGCAAGA,1
TATTAAGGGGAGTGCG,1
TATTACGCAGAAAAAG,1
TATTCAAGGGACGGAC,1
TATTCCTAAATAGCGA,1
TATTCCTAACTAACGA,1
TATTCCTAACTAGAGA,1
TATTCCTAACTAGCGG,1
TATTCCTAACTATCGA,1
TATTGAGACGCGCAAG,1
TATTGAGAGAAGTGCG,1
TATTGAGCCAGTCTGA,1
TATTGGCAGCGGCGGG,1
TCAAACAGTGTAGTTG,1
TCAAACGAAGTAGGAG,1
TCAAACTCTCGCGGCA,1
TCAACGAGGTGTAACC,1
TCAAGGGTGTACGAGA,1
TCAAGTTAATATGCGC,1
TCAATCAGGGGCTAAA,1
TCAATCGGGGGATAAA,1
TCAATCGGGGGCCAAA,1
TCAATCGGGGGCTAAT,1
TCAATCGGGGGCTGAA,1
TCAATCGGGTGCTAAA,1
TCAATCTGGGGCTAAA,1
TCACGAATTTGATTCC,1
TCACGACTCCACTAAC,1
TCACGACTCGACGAAC,1
TCACGACTCGACTAAT,1
TCACGACTCGACTTAC,1
TCACGGGTGTACGAGA,1
TCACGGGTTGGCTGTA,1
TCACTACTCGACTAAC,1
TCACTTCAACTAAAAA,1
TCAGGGGTGTACGAGA,1
TCAGTTCATAGCTCCA,1
TCATCCTCAACTCCTA,1
TCATCGCACTACTGCT,1
TCATGGGCGTACGAGA,1
TCATGGGTGTACGAGC,1
TCATGGGTGTACGATT,1
TCATGGGTGTACGCTT,1
TCATGGGTGTACGGGA,1
TCATGGGTGTAGGAGA,1
TCATGGTTGTACGAGA,1
TCCACACACCTAGCTA,1
TCCACACCACTAGCTA,1
TCCACACCCCTAGATA,1
TCCACACCCCTAGCTT,1
TCCACACCCCTATCTA,1
TCCACGTGGTTTGACA,1
TCCAGCGCAGTAAGAG,1
TCCAGCGCGGTAAAAG,1
TCCAGCGCGGTAAGAA,1
TCCAGCGCGGTAAGTG,1
TCCAGCGCGGTACGAG,1
TCCAGCGCGGTAGGAG,1
TCCAGCGCGTTAAGAG,1
TCCAGCGGGGTAAGAG,1
TCCATCAAGTTGGTGC,1
TCCATTACTAGCCGGA,1
TCCCAAGCCTCCATGA,1
TCCCAGTGGTTTGACA,1
TCCCCCGGAGCTTGGC,1
TCCCCGCTGTTTAAAA,1
TCCCCGTGGTCTGACA,1
TCCCCGTGGTTTGACG,1
TCCCCGTGGTTTGGCA,1
TCCCCGTGTTTTGACA,1
TCCCCTTGGTTTGACA,1
TCCCTGTGGTTTGACA,1
TCCGAATGAATCATCC,1
TCCGATTCACGAATAA,1
TCCGGCGTTAGTGTCA,1
TCCTATTAGGCGGCAT,1
TCCTATTCCGGCGCGG,1
TCCTCCGTTGGGAACT,1
TCCTGTCCAGACTCGT,1
TCCTTACCACTGCATC,1
TCGAAAAAATCATAAA,1
TCGAACGAAGCAGGAG,1
TCGAACGAAGGAGGAG,1
TCGAACGAAGTAGGTG,1
TCGAACGAAGTAGTAG,1
TCGAACGAAGTATGAG,1
TCGAACGAATTAGGAG,1
TCGAACTAAGTAGGAG,1
TCGAACTCTCGCGGCA,1
TCGAAGTTTCATAGCG,1
TCGACTACTAGCCGGA,1
TCGAGCGCGGTAAGAG,1
TCGAGTTAAAATGCGC,1
TCGAGTTAATAGGCGC,1
TCGAGTTAATATGCGT,1
TCGAGTTAATATTCGC,1
TCGAGTTAGTATGCGC,1
TCGAGTTGATATGCGC,1
TCGATGACTAGCCGGA,1
TCGATTACGAGCCGGG,1
TCGATTACTAACCGGA,1
TCGATTACTAGCCGGG,1
TCGATTACTAGCCGTA,1
TCGATTACTAGTCGGA,1
TCGATTCAACTAAAAA,1
TCGATTTAATATGCGC,1
TCGCAAATAGACCGAA,1
TCGCAATTGAAACATA,1
TCGCATTAGCGGGAGG,1
TCGCATTGTCGGAAAG,1
TCGCCCGTTGGGAACT,1
TCGCCTCAACTAAAAA,1
TCGCTCCAACTAAAAA,1
TCGCTCCTGAGTAGTA,1
TCGCTGCAACTAAAAA,1
TCGCTTAAACTAAAAA,1
TCGCTTCAACTAAAAT,1
TCGCTTCAACTAAGAA,1
TCGCTTCAACTTAAAA,1
TCGCTTCAGCTAAAAA,1
TCGCTTCGACTAAAAA,1
TCGGGAAACGATCCCC,1
TCGTAGCACTACTGCT,1
TCGTATCAGTCGCGCC,1
TCGTCCATTAAGATCA,1
TCGTCCGGTGGGAACG,1
TCGTCCGGTGGGAACT,1
TCGTCCGTCGGGAACT,1
TCGTCCGTGGGGAACT,1
TCGTCCGTTGGGAAAT,1
TCGTCCGTTGGGAACA,1
TCGTCCGTTGGGAAGT,1
TCGTCCGTTTGGAACT,1
TCGTCGCAATACTGCT,1
TCGTCGCACGACTGCT,1
TCGTCGCACTAATGCT,1
TCGTCGCACTACTGGT,1
TCGTCGCACTACTTCT,1
TCGTCGCACTGCTGCT,1
TCGTCGCATTACTGCT,1
TCGTCGCGCTACTGCT,1
TCGTCGGTTGGGAACT,1
TCGTCTGTTGGGAACT,1
TCGTGGAGTGAATGAT,1
TCGTGGGTGTACGAGA,1
TCGTTGCACTACTTCT,1
TCTAAATCTCGCGGCA,1
TCTAACCCTCGCGGCA,1
TCTAACTCCCGCGGCA,1
TCTAACTCTCGCGCCA,1
TCTAACTCTTGCGGCA,1
TCTAACTTTCGCGGCA,1
TCTAATAGGCGTCACA,1
TCTAGACATAGCGATG,1
TCTAGCGCGGTAAGAG,1
TCTAGCTCTCGCGGCA,1
TCTAGTTAATATGCGC,1
TCTCAGCTCTTATCCG,1
TCTCAGTCCTCTTATG,1
TCTCTACCACTGCATC,1
TCTGACTCTCGCGGCA,1
TCTGATAAATCAGAAC,1
TCTGGAAACGATCACC,1
TCTGGGAACGATCCCC,1
TCTGTAAACGATCCCC,1
TCTGTCTAGAAATTTT,1
TCTTACTAGGCGGCAT,1
TCTTAGAGTGAATGAT,1
TCTTAGAGTGAGCGAT,1
TCTTAGAGTTAACGAT,1
TCTTAGTCCTCATATG,1
TCTTAGTCCTCGGAGG,1
TCTTAGTCCTCGTAAG,1
TCTTAGTCCTTGTATG,1
TCTTAGTCGTCGTATG,1
TCTTATAGTGAACGAT,1
TCTTATCAGGCGGCAT,1
TCTTATGAGGCGGCAT,1
TCTTATTAGACGGCAT,1
TCTTATTAGGCGGCAC,1
TCTTATTAGGCGGCTT,1
TCTTATTAGGCTGCAT,1
TCTTATTAGGTGGCAT,1
TCTTCACCACTGCATC,1
TCTTCCGTTGGGAACT,1
TCTTGACAGAGCGAGG,1
TCTTGACATAGCGATA,1
TCTTGACATAGCTATG,1
TCTTGACGTAGCGATG,1
TCTTGGAGTGAACGAT,1
TCTTGGCATAGCGATG,1
TCTTGTTAGGCGGCAT,1
TCTTTACATAGCGATG,1
TCTTTACCAATGCATC,1
TCTTTACCACCGCATC,1
TCTTTACCACTCCATC,1
TCTTTACCACTGAATC,1
TCTTTACCACTGCAAG,1
TCTTTACCACTGCATT,1
TCTTTACCGCTGCATC,1
TCTTTTCCACTGCATC,1
TGAAACACGTCCCAGT,1
TGAAATCGTCACCGAT,1
TGAAGGGAGCCGCTCC,1
TGAATCGGGGGCTAAA,1
TGAATGTAGCCGCTCC,1
TGACAACAACACAAAT,1
TGACAACAATACAAGT,1
TGACAACATTACAAAT,1
TGACCCGCTTCATGCT,1
TGACCTTTTACATTTA,1
TGACGACAATACAAAT,1
TGACGTGATTTCTCGA,1
TGAGAACAATACAAAT,1
TGAGGGCGGAGGTCCA,1
TGAGGTCATAGCTCCA,1
TGAGTGCATAGCTCCA,1
TGAGTTAATAGCTCCA,1
TGAGTTCACAGCTCCA,1
TGAGTTCAGAGCTCCA,1
TGAGTTCATAGATCCA,1
TGAGTTCATAGCTACA,1
TGAGTTCATATCTCCA,1
TGAGTTCATGGCTCCA,1
TGAGTTCGGAGCTCCA,1
TGATAACAATACAAAT,1
TGATCCCAGGTCCTTT,1
TGATCCTTTACATTTA,1
TGATCTCTTACATTTA,1
TGATCTGAGACATTGC,1
TGATCTGGGACAGTGC,1
TGATCTGGGACATTGC,1
TGATCTGTAAAATTGC,1
TGATCTGTAACATTGC,1
TGATCTGTAGAGCGCT,1
TGATCTGTGACATGGC,1
TGATCTGTGACATTCC,1
TGATCTGTGATATTGC,1
TGATCTTCTACATTTA,1
TGATCTTTAACATTTA,1
TGATCTTTTACAGTTA,1
TGATCTTTTACATGTA,1
TGATCTTTTACGTTTA,1
TGCAGCGCGGTAAGAG,1
TGCAGGGGTATACATA,1
TGCAGTGGGATACAGA,1
TGCAGTGGTACACATA,1
TGCAGTGGTATAAATA,1
TGCAGTGGTATACATC,1
TGCAGTGGTATGCATA,1
TGCAGTGGTCGATCCG,1
TGCAGTGGTGTACATA,1
TGCATCTAACAGATAG,1
TGCCCGGATAAAGTAG,1
TGCCTGCTGCGGAACG,1
TGCGACCCCCTCCAAC,1
TGCGGAGGTCGATCCG,1
TGCGGCGGTCAACATT,1
TGCGGCGGTCGATCCG,1
TGCGGGCTAATGTCTC,1
TGCGGTGGTCGATACG,1
TGCGGTGGTCGATCCC,1
TGCGGTGGTCGATCCT,1
TGCGGTTGTCGATCCG,1
TGCGTTGGTCGATCCG,1
TGCTAATGCCGTTGTC,1
TGCTATCCCGGCGCGG,1
TGCTATTCCGGAGCGG,1
TGCTATTCCGGCCCGG,1
TGCTATTCCGGCGCCG,1
TGCTATTCCGGGGCGG,1
TGCTATTCCTGTGCGG,1
TGCTCCTGGGGTATCA,1
TGCTGATAACCCTGCG,1
TGGAACGAAGTAGGAG,1
TGGAATCGTCACCGAA,1
TGGAATCGTCACCGAC,1
TGGAATCGTCACCGTT,1
TGGAATCGTCACCTAT,1
TGGAATCGTCAGCGAT,1
TGGAATCGTCGCCGAT,1
TGGACTATAGTTGGCA,1
TGGAGTATGAAGAGCG,1
TGGAGTGGTATACATA,1
TGGCCCTCTTCATGCT,1
TGGGAATCTCCCATAC,1
TGGGAGGCGAGCAGAT,1
TGGGGAGCGCCCTTAC,1
TGGGGTCCAGACTCGT,1
TGGGGTGGTCGATCCG,1
TGGGTTCATAGCTCCA,1
TGGTATTCCGGCGCGG,1
TGGTCCGATTCATGCT,1
TGGTCCGCGTCATGCT,1
TGGTCCGCTCCATGCT,1
TGGTCCGCTTAATGCT,1
TGGTCCGCTTCATACT,1
TGGTCCGCTTCATGAT,1
TGGTCCGCTTCATGCA,1
TGGTCCGCTTCATGTT,1
TGGTCCGCTTCGGGCT,1
TGGTCCGCTTCGTGCT,1
TGGTCCTCTTCATTCT,1
TGGTCGCACTACTACT,1
TGGTCGCACTACTGCT,1
TGGTCTTTTACATTTA,1
TGGTGTAATCTGAATA,1
TGGTTCAGACTCTTTC,1
TGGTTCGCTTCATGCT,1
TGTAACTCTCGCGGCA,1
TGTAATAGACGTCACA,1
TGTAATAGGCCTCACA,1
TGTAATAGGCGTCAAA,1
TGTAATAGGCGTCACT,1
TGTAATAGGGGTCACA,1
TGTAATAGTCGTCACA,1
TGTAATCGTCACCGAT,1
TGTAATGGGCGTCACA,1
TGTAATTGGCGTCACA,1
TGTAGTAGGCGTCACA,1
TGTATATCCAACACCA,1
TGTCAGGATAAAGTAG,1
TGTCCCGCTTCATGCT,1
TGTCCGAATAAAGTAG,1
TGTCCGGACAAAGTAG,1
TGTCCGGATAAAGTGG,1
TGTCCGGATAAAGTTG,1
TGTCCGGGTAAAGTAG,1
TGTCCGTATAAAGTAG,1
TGTCGAGCGCCCTTAC,1
TGTCGTTTAGATAGTT,1
TGTCTGGATAAAGTAG,1
TGTGATAGGCGTCACA,1
TGTGGAGAGCCCTTAC,1
TGTGGAGCACCCTTAC,1
TGTGGAGCCAGTCTGA,1
TGTGGAGCGCTCTGAC,1
TGTGGAGCGTCCTTAC,1
TGTGTATCCGGCAGCA,1
TGTTATTAGGCGGCAT,1
TGTTCCGCTTCATGCT,1
TGTTCTGTGACATTGC,1
TGTTGACATAGCGATG,1
TGTTGAGCAAGTCTGA,1
TGTTGAGCCAGGCTGA,1
TGTTGAGCCAGTCGGA,1
TGTTGAGCCAGTCTAA,1
TGTTGAGCCGGTCTGA,1
TGTTGAGCGCCCTTAC,1
TGTTGCAATCTGAATA,1
TGTTGGAATCTGAATA,1
TGTTGGGCCAGTCTGA,1
TGTTGGGGTCTCCCTT,1
TGTTGTAACCTGAATA,1
TGTTGTAAGCTGAATA,1
TGTTGTAATATGAATA,1
TGTTGTAATCTGAAGA,1
TGTTTTTGGTTCGAGG,1
TTAAGGTAGCCGCTCC,1
TTAATGTAACCGCTCC,1
TTAATGTAGCCGCGCC,1
TTAATGTAGCCTCTCC,1
TTAATGTAGCGGCTCC,1
TTACAATTGAAACATA,1
TTACGAACTTGATTCC,1
TTACGAAGTTGATTCC,1
TTACGAATTTAATTCC,1
TTACGAATTTGACTCC,1
TTACGAATTTGAGGCC,1
TTACGAATTTGAGTCC,1
TTACGTGATTTCTCGA,1
TTAGATACTAGGACCA,1
TTAGCTGTAGAGCGCT,1
TTAGGAATTTGATTCC,1
TTAGGATATATGGCTG,1
TTATAAGCCAGCAAGA,1
TTATATCAGTCGCGCC,1
TTATATTGCCCGGAAG,1
TTATCTGAAGAGCGCT,1
TTATCTGTAAAGCGCT,1
TTATCTGTAGACCGCT,1
TTATCTGTAGAGCCCT,1
TTATCTGTAGAGCGCA,1
TTATCTGTAGAGGGCT,1
TTATCTGTAGGGCGCT,1
TTATCTGTATAGCGCT,1
TTATCTTAATCTACAG,1
TTATGAATTTGATTCC,1
TTATGTCCAGACTCGT,1
TTCAACAAGTTGGTGC,1
TTCACCAAGTTGGTGC,1
TTCATATCCAACACCA,1
TTCATATCGAGATTCA,1
TTCATCAAGCTGGTGC,1
TTCATCAAGTTGGAGC,1
TTCATCAAGTTTGTGC,1
TTCATCAGGTTGGTGC,1
TTCCAGCGTTGTTTTG,1
TTCCTAGGGGACGATT,1
TTCGCATCCTGGAATG,1
TTCGCCGCTAATCCGA,1
TTCGGCACTAAATTAA,1
TTCTGTCCAGAATCGT,1
TTCTGTCCAGACCCGT,1
TTCTGTCCAGACGCGT,1
TTCTGTCCAGACTCGA,1
TTCTGTCCAGACTCGG,1
TTCTGTCCAGACTTGT,1
TTCTGTCCAGAGTCGT,1
TTCTGTCTAGACTCGT,1
TTCTGTTCAGACTCGT,1
TTGAAAAAATAATAAA,1
TTGAAAAAATCACAAA,1
TTGAAAAAATCATAGA,1
TTGAAAAAATCATGAA,1
TTGAAAAAATCGTAAA,1
TTGAAAGAATCATAAA,1
TTGAAATTGAAACATA,1
TTGAACGAAGTAGGAG,1
TTGAAGAAATCATAAA,1
TTGACTCAACGAATAA,1
TTGACTCACCGAAGAA,1
TTGACTCACCTAATAA,1
TTGACTCACTGAATAA,1
TTGAGAAACGGGAAGC,1
TTGATATCCAACACCA,1
TTGATCCTGAGTAGTA,1
TTGATTCACCGAATAA,1
TTGCAAGGGAAACATA,1
TTGCAATGGAAACAGA,1
TTGCAATTGAAACAGA,1
TTGCAATTGAGACATA,1
TTGCATCAGTAGCGCC,1
TTGCGCCTGAGTAGTA,1
TTGCTCCTGAGTAGCA,1
TTGCTCCTGAGTAGTC,1
TTGCTCCTGATTAGTA,1
TTGCTCCTGGGTAGTA,1
TTGGACACTAAATTAA,1
TTGGAGAACGGGAAGC,1
TTGGGCAACGGGAAGC,1
TTGGGCACAAAATTAA,1
TTGGGCACGAAATTAA,1
TTGGGCACTAAATAAC,1
TTGGGCACTTAATTAA,1
TTGGGGAACAGGATGC,1
TTGGGGAACCGGAAGC,1
TTGGGGAACGCGAAGC,1
TTGGGGAACGGCAAGC,1
TTGGGGAACTTGAAGC,1
TTGGGGGATTCAACTC,1
TTGGGGTAGAGATACG,1
TTGGTCACTAAATTAA,1
TTGGTTTTACGTCCAT,1
TTGTAGCAGGCGCGCC,1
TTGTATCAGGCGCGCC,1
TTGTATCAGTCGAGCC,1
TTGTATCAGTCGGGCC,1
TTGTATCAGTGGCGCC,1
TTGTATCAGTTGCGCC,1
TTGTATCCTAGTGACG,1
TTGTATCGGTCGCGCC,1
TTGTATGAGTCGCGCC,1
TTGTATTAGTCGCGCC,1
TTGTATTGCCCGGAAG,1
TTGTCGCACTACTGCT,1
TTGTGTCAGTAGCGCC,1
TTTAAAAAATCATAAA,1
TTTACTGCGCGAGAGT,1
TTTAGAGCCAACACCA,1
TTTATAGCCAACACCA,1
TTTATAGCGAGATGCA,1
TTTATATCCAACAACA,1
TTTATATCCAACACTA,1
TTTATATCCAACAGCA,1
TTTATATCCAACGCCA,1
TTTATATCCAACTCCA,1
TTTATATCCAAGACCA,1
TTTATATCCCACACCA,1
TTTATATCGACATTCA,1
TTTATATCGAGATTAA,1
TTTATATCGAGGTTCA,1
TTTATATCGATATTCA,1
TTTATATCGGGATTCA,1
TTTATATTGAGATTCA,1
TTTATCAAGTTGGTGC,1
TTTATCATATCTAATA,1
TTTCAACGTTGTTTTG,1
TTTCACACAACCTATC,1
TTTCACAGAACCATAC,1
TTTCACAGAACCTACC,1
TTTCACAGAACCTATA,1
TTTCACAGAACCTATG,1
TTTCACAGAACCTGTC,1
TTTCACAGAACGTATC,1
TTTCACAGAACTTATC,1
TTTCACAGAGCCTATC,1
TTTCACATAACCTATT,1
TTTCACTGAACCTATC,1
TTTCAGAGTTGTTTTG,1
TTTCAGCGCTGTTTTG,1
TTTCAGCGGTGGTTGG,1
TTTCAGCGTTGCTTTG,1
TTTCAGCGTTGTCTTG,1
TTTCAGCGTTGTGTGG,1
TTTCAGCGTTGTGTTG,1
TTTCATAGAACCTATC,1
TTTCATGATACTCACA,1
TTTCGCGATACTCACA,1
TTTCGTGACACTCACA,1
TTTCGTGATACTGACA,1
TTTCGTGATACTTACA,1
TTTCTTGATACTCACA,1
TTTGAGCGTTGTTTTG,1
TTTGCTCCGACACGCC,1
TTTGGAGCGCCCTTAC,1
TTTGGGGAAGACTAGG,1
TTTGTCGTATCCACAG,1
TTTTGACATAGCGATG,1
TTTTGAGCCAGTCTGA,1
TTTTTATCCAACACCA,1
TTTTTCTAGTACGCTT,1
