barcode,count
GGTCCATCTCAGATCG,22521
ACCGGAAGTTGCCAAG,2917
CTTAGGTATTACATGC,2439
CAGATAATATAGAGAC,2249
TCGTTGCACTACTGCT,790
TTGTATAAGTCGCGCC,596
TCGTCGCACTACTACT,457
TTGTATCAGTAGCGCC,427
AATCGCTGACACCCGT,321
AGTGTTGAATAGGCGG,212
TAATGGGTGTACGAGA,155
AACTCCCCTGACTGCT,103
CTGGACTTATCTGTGG,102
CTGAGCTGCCAACAAG,85
CCAACACAAAAAATTG,82
CACCTAGGGTCGCACT,80
CAGAATCTCGTTGTCT,78
TTACGAATTTGATTCT,73
ACATATGATTTTCGAG,72
CTATATTGCCCTGAAG,67
CTGGGGGATTCAACTC,64
GTACAAACCTACAAAT,57
CGTACAGTGTGATCGA,54
TTGCTCCTGGGTAGTA,53
CAAGTGCTGCATTAGG,52
TCCAGCACGGTAAGAG,49
ATTAGGGCTACATGAG,48
AAAGCTCTCTTCGTTC,47
CATTGAAACGCGCAAG,45
GGTTGGGGTCTCCCTT,45
AACACGTGGAACCGCC,44
TATTCGTGAGTACTAG,44
GAGGGGATACGTCATC,43
AAGTTAAGAGAAAGTC,41
ACAAACAGTGTAGTTG,38
GATCACGCAGAAAAGG,38
CAATTAGAAATACATG,37
GACGACAAACAGTAAG,37
ATTTGGGGTCTCCCTT,36
TTGGGGAACGGGAAGT,36
ACGTATGATCTTCGAG,35
CAATTAAAAATACATA,35
CGGTCAGGGAATCAAA,35
AACCACCGAGTGACTG,34
ACCGACTCACGAATAA,34
GACCACCGAGTGACCG,34
CCCTGCGGGGCTCGGG,33
GTACAACCCTGCAAAT,33
CGTATACCCTTCAGCA,32
GAGGGGTAGAGATGCG,32
AGAATAGGGATATGTG,31
GTAAAAACCTGCAAAT,31
GTAGAACTGCGGCCCA,31
ACTGTCTAGAAATCTT,30
GAGGGGTAGAGAGACG,29
GGCATAGGGATATGTG,29
ATGGGATTGGAGAAGC,28
CAATTGGAAATACATA,28
GGTGTTGAATAGGCGA,28
GTACAAACCGGCAAAT,28
GTACAAACCTGAAAAT,28
TGGACCCTAGATGGTA,28
TTGTATCAGTCGCACC,28
CCTGGGTTAATTTGTG,27
GAAACCCCCAAATAAC,27
AACCACCGAGTGACCT,26
ACAGTCTGAACCATAC,26
CATGTACCCTTCAGCA,26
CTTCGGCTCTTTATTA,26
GGGAAAGAAACTGGAG,26
AACGACAAACAGGAAG,25
AAGGGGATACGTCACC,25
CCCTTTACGAATCTCT,25
CTTTAAATTTTAGTCT,25
GAGGGGGAGAGATACG,25
GCACAAACCTGCAAAT,25
GGTGTTGGCTTGGTTA,25
AACCACCGAGTGACCA,24
GTACCCAGTTCCTGTG,24
GTGGTATCAAACCGGG,24
TGTGTACCCTTCAGCA,24
TTGGGGAACAGGAAGC,24
GAATTAGAAATACATA,23
GACGGTTCCGACTAAG,23
GATGAAACAATCGAAC,23
TCGCTTCAACCAAAAA,23
AGAGCTAAAAGGAGGA,22
AGTGTACCCTTCAGCA,22
ATACAAACCTGCAAAT,21
ATATTTAACAGACGTA,21
CGCGACACCCTTCCGT,21
GAGGGGTAGGGATACG,21
GTACTAACCTGCAAAT,21
TGTTGAGCCAATCTGA,21
CCCCGCGCGGCTCGGG,20
CGTGTACCCTTCATCA,20
GATCACCATCGACTTC,20
TTATCTGTAGAGCGCC,20
AATTCGTGAGTGCTAG,19
ACACGGGTTGACTGTA,19
ACGAAGTTTCATAGCG,19
AGATCCGCCCTATAGT,19
CCCTTTACGTATCTCT,19
CCGGATAAATAAGAAC,19
CGTTTACCCTTCAGCA,19
GAGGGGTAGAGATATG,19
GTGGGGAACGGGAAGC,19
TCTTATTAGGCGACAT,19
ATAACGTTTATGCAAA,18
CAATTAGAAATTCATA,18
GCCTTGTCACAATTTG,18
GTCAAGTTAAGGATGG,18
TCCAGCGCGGTAAGGG,18
CGTGTACCCTTCAACA,17
CGTGTACCCTTCAGTA,17
CTGGATAAATCAGAAC,17
CTTAGGTATTATATGT,17
CTTTGATGCATTCCCG,17
GACAAAGGGGACATAT,17
GCTAAGTTTCATAGCG,17
GTACAAACCTTCAAAT,17
GTAGAACTGTGGCCCC,17
TCTTTACCACCGCATC,17
ACGTGTATCCGAGCAA,16
ATGGGATGGGAGAAAC,16
CAGAAACTCGTTGTCT,16
CTATATTGCCAGGAAG,16
CTTACAGAGTTTGTTG,16
GAGGGGTAGAGATAAG,16
GTACAAACCCGCAAAT,16
TGCCCTGCAAGCCACT,16
AAAAAATTTAGGACAA,15
ATTCCGAATGGGATAG,15
CACTAGATGTATAGTC,15
CATGGGTTAAGTTGTG,15
CGGGAAATGTAAGTGA,15
CGTGTAACCTTCAGCA,15
CTAGCATAGCGTAGGC,15
CTGAGCTACCAATAAG,15
GCCAGCTCGTATCCCC,15
TACCCGGCAAGCCACT,15
TCCAACTCTCGCGGCA,15
TTGGAGGCCTGGCCCC,15
ACCACGAGGCTACGTA,14
ACCATCAATGAGTTGT,14
CCCTGCACGGCTCGGG,14
CCCTGCGCGGCTAGGG,14
CGGACCCGAGATGGTA,14
CGTGTACCATTCAGCA,14
CTTTAAACTATAGTCT,14
CTTTAAATTATGGTCT,14
GGGGGGTAGAGATACG,14
GTACAAACCTGTAAAT,14
GTACCCAGTTCCCGCG,14
TCCAGCGCTGTAAGAG,14
TCGCTTCAACGAAAAA,14
TCTTAGAATGAACGAT,14
TCTTATTAGGAGGCAT,14
TTACAAACCTGCAAAT,14
TTGGGGGACGGGAAGC,14
AACACGTAGAACCACC,13
AACCACCGAGTGAACG,13
ACCCCCGGAGCTTGGT,13
AGGACCCTAGATGGTA,13
CGGGAAATGGAAATGA,13
GCCACTGCGGCGTGTG,13
GGTCCATATCAGATCG,13
GTACAAACCTGCAAAC,13
GTACCCCGTTCCTGCG,13
TCTTATTAGGCGGAAT,13
TTGGGGAAAGGGAAGC,13
TTGGGGAACGGGAAGA,13
AAATTAGAAATACATA,12
AACCACCGAGGGACCG,12
AATCGCTGGCACCCAT,12
ACCAACAATGAGTTGT,12
ACCTGCGCGGCTCGGG,12
AGTGTTTAATAGGCGA,12
CACCAACAAGTTTTGG,12
CCAACACAAAAAATGA,12
CCCTGCGAGGCTCGGG,12
CGGACACTAGATGGTA,12
CGTGTACCCGTCAGCA,12
CGTGTACCCTTCAGAA,12
CGTGTACCCTTCCGCA,12
CTATAAAGCGTTTGTA,12
CTGAGCTGCCAAGAAG,12
CTTAACTTATCTGTGG,12
GAGGCTCTAGAGCTCT,12
GGCTGAATTAAGTATG,12
GGTCCAACTCAGATCG,12
GTACAAACATGCAAAT,12
GTAGAACTGCGTCCCC,12
GTGGTATCAAGCCTGG,12
GTTATTATGGCTTCAT,12
TCTAACTCTCGAGGCA,12
TGCGACACCCTTCCGG,12
TTACGAATTTGACTCC,12
AACCACCTAGTGACCG,11
AACTTCCCTGACTGCC,11
AAGAAGCTAGAGAAGT,11
ACAAGATTCGGGGGGC,11
ACAAGGGTTGGCTGTA,11
ACCGAATGAATAATCC,11
ACCGAATTAATCATCC,11
ACCGATACACGAATAA,11
AGAAAATCTCGGATAC,11
AGGTGGACGGGAATGG,11
ATAGGATATATGGCCG,11
ATGGCCCACGGGAATA,11
ATTAGGTATTATATGC,11
ATTTAAATTCGAGAAC,11
CATTCCTGATGAATTG,11
CCAACACAAAAAAGTA,11
CCAAGCTTGGTGCATC,11
CCCCATGAAATAAGCT,11
CCCTACGCGGCTCGGG,11
CCCTGCGCGGATCGGG,11
CCCTGCGTGGCTCGGG,11
CCGGATAAAGCAGAAC,11
CCTTGATGCGTTCCCG,11
CGAGACACCCTTCCGG,11
CGGACCCTAGATGGTG,11
CGTACCCTAGATGGTA,11
CGTGTACCCTTCGGCA,11
GAGAGCTGCAGAAGAG,11
GGAAAATCTCAGATAC,11
GTACAAACCTGCAGAT,11
GTACCAAGTTCCTGCG,11
GTAGAACTGCTGCCCC,11
GTCGAGTTACGGATGG,11
TACCCTGCAATCCACT,11
TACTGATAACCCTGAG,11
TACTGATGCCGTTGTC,11
TCGGTTACTAGCCGGA,11
TTCATCAAGTTGGTGT,11
TTGGGGAACGGGAGGC,11
AAAAAATTTATGAAAA,10
AAACCCATAAGACCCA,10
AACCACCGAGTGACAG,10
AACCACTGAGTGACCG,10
AACGGTTCCGACGAAG,10
AAGATTGATTGAATTT,10
AATAGCTGGCACCCGT,10
ACAACACAAAAAATTA,10
ACAAGCAATGAGTTGT,10
ACAATCTGAACCATGC,10
ACCAGCTCGTATCCCT,10
ACGTGTCTCCTAGCAA,10
ACTCTGGCTCGCCAAT,10
AGCATATGGATATGTG,10
AGTCTTTTAGATAGTT,10
AGTGTTGAATAGGTGA,10
ATTCCGAATGGAGTAG,10
ATTCCGAATGGGGGAG,10
CAAATGCTGAATTAGG,10
CACCTAGGATCACACT,10
CAGGCTCTAGAGCTCC,10
CATTGAGACGCACAAG,10
CCCTATGAAATAGGCT,10
CCCTGCGCGGCTCAGG,10
CCCTGCGCGGCTCTGG,10
CCCTGCTCGGCTCGGG,10
CCCTGTGCGGCTCGGG,10
CCCTTTATGGATCTCT,10
CGCGACACACTTCCGG,10
CGGACCCTAGATGGGA,10
CGTGTACACTTCAGCA,10
CGTGTACCCTTAAGCA,10
CTAGCACAGCGTAGGT,10
CTGGAGGCCTGGCCCA,10
GACCCCTTGGAAGATG,10
GCGTGTCTCCGAGCAA,10
GTAGACACTAGGACCA,10
GTGAGTGAGAAAAGCA,10
GTGGTATCAATCCGGG,10
GTGTGATTGTCCGGAA,10
TACATGCCGACGCAGT,10
TACCCTGCAAGCAACT,10
TATGTCGTAGCCACAG,10
TCTTATCAGGCGGCAT,10
TCTTATTAGGCGGTAT,10
TCTTTACCACTACATC,10
AAAAGAAGTCCATGTA,9
AAAATGCTGCATTAGG,9
AACACGTAGAACCTCC,9
AACAGAGGTCCATGTA,9
AACGGTTACGACTAAG,9
AATCACTGGCACCCGT,9
AATCGCTGGCACCCTT,9
ACCCACGGAGCTTGGC,9
ACCGAATGAATCATCA,9
ACCGATTCACGAATAC,9
ACCTATGAAATAAGCT,9
ACGGATAAATCAGAAC,9
ACGTATGATTTTCTAG,9
ACGTGTCTCCGAGAAA,9
AGCATAGGGATACGTG,9
AGCTGAATTAAGCATG,9
AGGAAAGAAACGGGAG,9
AGTGTTGAATGGGCGA,9
AGTTGGAGTCTCCCTT,9
AGTTGGGGTCTCCCCT,9
ATGGAGGCCTGGCCCC,9
ATGGGAGTGGAGAAAC,9
ATGGGATTGGAGAAAA,9
CAAATGCGGCATTAGG,9
CACCATCAGCACCGAG,9
CAGAACCTCGTTGTCC,9
CAGGATAAATCAGAAC,9
CATTGAGGCGCGCAAG,9
CCCTGCGCGGCTCGAG,9
CCCTGCGCGTCTCGGG,9
CGGACCCTAGATGGCA,9
CGTGTACCCCTCAGCA,9
CGTGTACCCTTCAGCG,9
CTATATTGCACGGAAG,9
CTATTTAAAAGACGTA,9
CTCAATGTTGTAGGAT,9
CTCACTTTACGAGACA,9
GACGGGATAGGCACGT,9
GCTACGAGGCTACGTA,9
GGTCGTTTAGATAGTT,9
GTACAGACCTGCAAAT,9
GTACGAACCTGCAAAT,9
GTAGAACTGCGGCCAC,9
GTGGCATCAAGCCGGG,9
TAAATGCTGCATTAGG,9
TACCTGCTGAGGAACG,9
TACTGATAACCCCGCG,9
TACTGATAACCCTGTG,9
TATGTCGTATCAACAG,9
TATGTCGTATCCACGG,9
TATTAAGAGAAGTGAG,9
TCCAGTGCGGTAAGAG,9
TCGAACGAAGGAGGAG,9
TCGAACGAAGTAGGAA,9
TCGGATAAATCAGAAC,9
TCGTCGCACTACTTCT,9
TCTTATTAGGTGGCAT,9
TCTTATTGGGCGGCAT,9
TGAGGTGGTCGATCCG,9
TGATCTTTTCCATTTA,9
TTACGAATTTGATTCA,9
TTAGCTGTAGAGCGCT,9
TTATCTTTTACATTTA,9
TTCATCAAGTTGGTTC,9
TTGGGGAACGGGGAGC,9
TTGGGGAACTGGAAGC,9
TTGGGGAATGGGAAGC,9
TTGTATCAGTCGCGCA,9
TTTATATCCAACACCT,9
AAACCCATAATACCCC,8
AACGGTGCCGACTAAG,8
AACTACAAACAGTAAG,8
AACTTCCCTGACTACT,8
AACTTCCCTTACTGCT,8
AATCGCTGGCACCCGC,8
ACAAGATTAGGGGGAC,8
ACAAGATTCGGGGGAT,8
ACACGGGTTGGATGTA,8
ACCAAATGAATCATCC,8
ACCAGCAATGAGTTTT,8
ACCGAATGAATCATAC,8
AGAAAATCTAAGATAC,8
AGACCATGCTGGGGAT,8
AGACCCATAAGACCCC,8
AGCATGGGGATATGTG,8
AGGAAAGAAAATGGAG,8
AGGAGTATGAAGAGTG,8
AGGGAACATACATAAC,8
AGTGTTGAATAGGAGA,8
AGTTGGGGTATCCCTT,8
ATAACGTTTGTGTAAA,8
ATGGGGAACGGGAAGC,8
ATTACGAATGGGGTAG,8
ATTGGGGCTACGTGAG,8
CAAATGCTGCATGAGG,8
CAAATGCTGCATTAGA,8
CAAATGCTGCATTGGG,8
CAATTAGAAATAAATA,8
CACACTTTACGAGACA,8
CCATGCGCGGCTCGGG,8
CCCTATGAAATAAGTT,8
CCCTGCGCGGCTCGGT,8
CCCTTCGCGGCTCGGG,8
CCTTGATACATTCCCG,8
CGCGACACCCTTCAGG,8
CGTGTACTCTTCAGCA,8
CTAATTTAAGTATCGA,8
CTATATTGCCCGAAAG,8
CTATATTGTCCGGAAG,8
CTATTTAACAGACGTG,8
CTGAACTTATATGTGG,8
CTGGAGGCCTGGTCCC,8
CTTACAGAATACTGGA,8
CTTAGGGATTCAACTC,8
GAAGTACGATGAATGA,8
GAAGTGCGTATCGAGT,8
GAGAGCCGCAGAAGCG,8
GAGGGGATGCGTCATC,8
GATAGCCATCGACTTC,8
GATCACGCGGAAAAAG,8
GATCGCCATCGACTTA,8
GATCTCCATCGACTTC,8
GGTCAATCTCAGATCG,8
GGTCCATCTCAGATCT,8
GGTCCATCTCATATCG,8
GTACCCAGTTCCTGCA,8
GTACCCAGTTCCTTCG,8
GTACCCATTTCCTGCG,8
GTAGAACTGAGGCCCC,8
GTGCGATTGTCCGAAA,8
GTGGTATCAAGACGGG,8
GTGGTATCAAGCAGGG,8
TACAGCGCGGTAAGAG,8
TACCCTGAAAGCCACT,8
TAGAACCTCGTTGTCT,8
TATGTAGTATCCACAG,8
TATGTCGTATCCATAG,8
TCAAGCGCGGTAAGAG,8
TCCAGCGCGGGAAGAG,8
TCCATCGCGGTAAGAG,8
TCTAACTCTCGCGGCT,8
TCTTGACATAGAGATG,8
TGCGGTGGTCGATCCT,8
TGCTATTCTGGCGCGG,8
TGGGAAATGTAAATGA,8
TGTTGAGCCAGTCCGA,8
TTACCCAGTTCCTGCG,8
TTCACCAAGTTGGTGC,8
TTGGGGAACGGGAATC,8
TTGTATCAGTCGCTCC,8
TTGTGGAACGGGAAGC,8
AAACCCAGAAGACCCC,7
AACACTTAGAACCGCC,7
AACCACAGAGTGACCG,7
AACGAATGAATCATCC,7
AATCGCTAGCACCCGT,7
AATCGCTGGTACCCGT,7
AATCGCTGTCACCCGT,7
ACACCCGGAGCTTGGC,7
ACACGGGTTGGTTGTA,7
ACCCCCGGAGCTTGTC,7
ACCTAATGAATCATCC,7
ACGTATGATTTTCGGG,7
AGAAAATATCAGATAC,7
AGATCCCATGTCCTTT,7
AGCATCTAACAGATAT,7
AGCGACAAACAGTAAG,7
AGCGACACCGCCCTTT,7
AGCTCCTGGGGTATAA,7
AGGAAAGAAACTGGGG,7
AGGAGTATGGAGAGCG,7
AGGTTCAGACTCTTGT,7
AGTTGGGGCCTCCCTT,7
AGTTTGGGTCTCCCTT,7
ATAGAATCACAAATTA,7
ATAGGATATATGGCGG,7
ATATAAAAACCTTAGT,7
ATCGGGATAATCGCGC,7
ATGAACTTATCTGTGG,7
ATGGGATTGGAGAAAT,7
ATGGGATTGGAGAGAC,7
ATGGGATTGGGGAAAC,7
ATGGGATTGTAGAAAC,7
ATGGTATCAAGCCGGG,7
ATTAGGGATACGTGAG,7
ATTAGGGCTACGGGAG,7
ATTCAGAATGGGGTAG,7
CAATTAGAAATACAGA,7
CACAGACAAGAAAAAA,7
CACGGCAGGCGAACTC,7
CACTGCGCGGCTCGGG,7
CATGGGAATGGCCACT,7
CATTGAGAAGCGCAAG,7
CATTGAGACGAGCAAG,7
CCAATCTTGGCGCATC,7
CCAGCACAAAAAATTA,7
CCCTGCGCGGCTCGTG,7
CCTTGATGCATTCCCA,7
CCTTGATGTATTCCCG,7
CGCGACACCCTTCCTG,7
CGGAACCTAGATGGTA,7
CGGACCCTAGGTGGTA,7
CGTACAGTGTAATAGA,7
CTAGCACAGCATAGGC,7
CTCGACACCCTTCCGG,7
CTGAGGGACTCAACTC,7
CTGGAGGCCTGGACCC,7
CTGGGGGCCTGGCCCC,7
CTGTACCTACAGTTGA,7
CTGTACCTGAAGTTGA,7
CTTAGGCTCTTGATTA,7
CTTGTACCCTTCAGCA,7
GAAGTACGCTGAATGG,7
GAAGTACGCTTAATGA,7
GACCCCCTGTAAGATG,7
GATCACACAGAAAAAG,7
GATCGACATCGACTTC,7
GCAGCTGCGGCGTGTG,7
GCATGGAAATAACTCC,7
GCATGGAACGAACTCC,7
GCGAAGTTTCATATCG,7
GGCCCATCTCAGATCG,7
GGTCCATCTAAGATCG,7
GGTCCATCTCAGATAG,7
GTAACCAGTTCCTGCG,7
GTACAAAACTGCAAAT,7
GTAGAACTGCGGACCC,7
GTCGCATCCGGGAATG,7
GTGAGATTGTCCGGAA,7
GTTCCGAATGGGGTAG,7
TAACGTGATTTCTCGG,7
TACCCTGCAAGACACT,7
TACTATTCCGGCGCGG,7
TACTGATAACCCTGCT,7
TAGCATTGTAGGAAAG,7
TATCGCCATCGACTTC,7
TCATGAGTGTACGAGA,7
TCATGGGTGGACGAGA,7
TCATGGGTGTAAGAGA,7
TCCAGAGCGGTAAGAG,7
TCCAGCGCGTTAAGAG,7
TCCTGCGCGGCTCGGG,7
TCGATTACTAGCAGGA,7
TCTAACTCTCGCGACA,7
TCTTAGTCCTCGGATG,7
TCTTATTAGGCAGCAT,7
TGACAACAAGACAAAT,7
TGATATTTTACATTTA,7
TGCGGTGGTCGATCCA,7
TGCGGTGGTTGATCCG,7
TGGTCCGCTTCATGCC,7
TTACGAATTTTATTCC,7
TTATATGTAGAGCGCT,7
TTCTGTCCAGACTCGC,7
TTCTGTCCAGACTCTT,7
TTCTGTCCGGACTCGT,7
TTGGGGAACGGGAAAC,7
AAAACGTAGAACCGCC,6
AAAGACAAACAGTAAG,6
AAAGCTCTTTTCGCTC,6
AACAGAAGTCCATGGA,6
AACCAACGAGTGACCG,6
AACCACCGAGTTACCG,6
AACGACGAACAGTAAG,6
AACTTCCCTGACTTCT,6
AAGGGGTAGAGATACG,6
AATCGATGGCACCCGT,6
AATCGCTGGCACCCGG,6
ACAAGATGCGGGGGAC,6
ACAAGATTCGGGTGAC,6
ACAATCTGAACCATAT,6
ACACGGGTTGGCTTTA,6
ACCAGAAATGAGTTGT,6
ACCAGCAATGAGTGGT,6
ACCCCCGTAGCTTGGC,6
ACCCCTGGAGCTTGGC,6
ACCCGTTAAGCAGTTA,6
ACGGGGATTGGCTGGT,6
AGCACTTTACGAGACA,6
AGCATAGGGATATGCG,6
AGCCACCGAGTGACCG,6
AGCTCCTGGGGTATCG,6
AGCTCCTTGGGTATCA,6
AGGAAAGAGACTGGAG,6
AGGAGTATGAAGAGAG,6
AGGCGGTGATGTGATT,6
AGGTTCGGACTCTTGC,6
AGTCGCTGGCACCCGT,6
AGTGTTGAAGAGGCGA,6
AGTTCCATAGGAATGG,6
AGTTGGGGTCTCACTT,6
AGTTGGGGTCTCCCTC,6
ATAGCACAGCGTAGGC,6
ATAGGATATATGGTTG,6
ATCAGGATAATAGCGC,6
ATGAGCGAGAAAAGCA,6
ATGGCCCACGGTCATA,6
ATGGCCCATGGGCATA,6
ATGGGATTTGAGAAAC,6
CAAAGCTTGGCGCATC,6
CAAATTCTGCATTAGG,6
CAATTAGAAAGACATA,6
CAATTAGAAATACGTA,6
CAATTAGAAGTACATA,6
CACTATGAAATAAGCT,6
CAGAACCCCGTTGTCT,6
CATACAGTGTAATCGA,6
CATTGGGACGCGCAAG,6
CCAAGCTTGGCGCATT,6
CCAAGCTTGGCTCATC,6
CCCAATGTCGTAGGAT,6
CCCAGCGCGGTAAGAG,6
CCCTATGAAATAAGCC,6
CCCTGCGCGACTCGGG,6
CCCTGCGCGGCTCGGA,6
CCCTGCGCGGCTCGGC,6
CCGAACTTATCTGTGG,6
CCGAGGGATTCAACTC,6
CCGGATAAATCAAAAC,6
CCTGGGTTAAGTGGTG,6
CCTTGATGCATTCCCT,6
CGAATGCTGCATTAGG,6
CGCACTCTACGAGACA,6
CGGGAACATACAGAAC,6
CGGTCGGTACTCATCT,6
CGTACAGTGGAATCGA,6
CGTGACACCCTTCCGG,6
CGTGTACCCTCCAGCA,6
CGTGTACCCTTCAGCT,6
CTAATTTAAGTATAAA,6
CTAGCACAGCGTAGGA,6
CTAGCACAGCGTAGTC,6
CTATATTGCCCGGGAG,6
CTATTTAACATACGTA,6
CTCAATTTCGTAGGAT,6
CTGAGGGATTAAACTC,6
CTTACATAATACTAGA,6
CTTCGGCTCCTGATTA,6
CTTTTCTAGTACGCCT,6
GAAAACAGTGTAGTTG,6
GAATAATGGAACAGAG,6
GAATGGAACTAACTCC,6
GAGAGCTGCGGAAGCG,6
GAGGGGTAGAGATACT,6
GAGGGGTAGAGGTACG,6
GAGGGGTGGAGATACG,6
GATCACTCAGAAAAAG,6
GATCGCCATCGACTCC,6
GATCGCCATCTACTTC,6
GATCGCTGGCACCCGT,6
GCAACGAGGGGTAACC,6
GCACGGAACTAACTCC,6
GCATCCTCAACTCCCA,6
GCATGGAACTAACTCA,6
GCATGGAACTAACTCT,6
GCCGCTGCGACGTGTG,6
GCCTTTGCGCACAGTC,6
GGAGTACGCTGAATGA,6
GGGACTATAGTTGGCA,6
GGTCCATCCCAGATCG,6
GGTCCATCTCAGATCA,6
GTAAAGTTACGGATGG,6
GTACAAACCTGCAAAG,6
GTACAAACCTGCGAAT,6
GTACAAGCCTGCAAAT,6
GTACCCAGTTCCTGAG,6
GTCACATCCTGGAATG,6
GTGCAAACCTGCAAAT,6
GTGGGATTGGAGAAAC,6
GTGGTATCAAGTCGGG,6
TACCACCGAGTGACCG,6
TACCCCGCAAGCCACT,6
TACTGATAACCATGCG,6
TACTTATAACCCTGCG,6
TAGTCGCACTACTGCT,6
TATAACTCTCGCGGCA,6
TATGTTGTATCCACAG,6
TATTAAGAGAAGTGCT,6
TCAACACAAAAAATTA,6
TCATGGAACTAACTCC,6
TCATGGGTGTATGAGA,6
TCATGGGTTTACGAGA,6
TCCAGCGAGGTAAGAG,6
TCCAGCGCGGCAAGAG,6
TCCAGCGCGGTAGGAG,6
TCCTATGAAATAAGCT,6
TCGAACGAAGTAGGGG,6
TCGTACGTTGGGAACT,6
TCGTCCGTTGGGAACC,6
TCGTGGGTGTACGAGA,6
TCTAACGAAGTAGGAG,6
TCTAACTCTAGCGGCA,6
TCTAACTCTCGCGGTA,6
TCTTAGTCCTCATATG,6
TCTTATTAGGCGTCAT,6
TCTTATTAGGCTGCAT,6
TCTTCGCACTACTGCT,6
TGAAGTGGTATACATA,6
TGACAAAAATACAAAT,6
TGCAGTGGTAGACATA,6
TGCGGTGGTAGATCCG,6
TGCGGTGGTCGATCAG,6
TGTGACCCCCTCCAAC,6
TGTTGAGCCAGTCTGG,6
TTAAGAATTTGATTCC,6
TTACGACTTTGATTCC,6
TTATCTGCAGAGCGCT,6
TTGCGATTGTCCGGAA,6
TTGGGGAGCGGGAAGC,6
TTTATATCCAACACAA,6
TTTGGGAACGGGAAGC,6
AAAAAATTTATGACAT,5
AAAAAATTTATGACGA,5
AAACGGGTTGGCTGTA,5
AAAGAAACTATAACCA,5
AACACGTAGAACCGCT,5
AACAGCAATGAGTTGT,5
AACATACGAGACGTAA,5
AACCACCGAGTGATCG,5
AACCTACGAGACGGAA,5
AACGACAAAAAGTAAG,5
AACGGTTCCGACTAGG,5
AACGGTTCCTACTAAG,5
AACTTCTCTGACTGCT,5
AAGAACCTCGTTGTCT,5
AAGGGGATTGGCTGTT,5
AATCGGTGATGTGATT,5
AATCTCTGGCACCCGT,5
AATGAAAAAATCGAAC,5
AATGAAACAATAGAAC,5
AATGCGAGTATGTCAA,5
AATGTGGAGCCCAACA,5
AATTCGTTAGTACTAG,5
ACAAAGTCTAGAGAAG,5
ACAAGCTTGGCGCATC,5
ACAATATTCGGGGGAC,5
ACAATCTGAAACATAC,5
ACAATCTGAACCATAA,5
ACACGGGTTGGCTGGA,5
ACACTGGTTGGCTGTA,5
ACAGAATGAATCATCC,5
ACATCCTCAACTCCTA,5
ACATGGAACTAACTCC,5
ACCAGCAATGATTTGT,5
ACCCCAGGAGCTTGGC,5
ACCTATTCACGAATAA,5
ACGGGGATTGGATGTT,5
ACGGGGATTGGCGGGT,5
ACGGGGATTGGCTTTT,5
ACGTATTATTTTCGAG,5
ACGTCCATTAAGATCG,5
ACGTGTCTCCGAACAA,5
ACTGTCTAGAAATGTT,5
ACTGTCTATAAATTTT,5
AGAAAATCTCATATAC,5
AGAGCGAAAAAGAGGA,5
AGATACACCCTATAGT,5
AGATCCACCCTAGAGT,5
AGATCCCAGGTCCTCT,5
AGCATAGGGATAGGTG,5
AGCATAGGGATATGGG,5
AGCATAGGGATATTTG,5
AGCATAGGGATGTGTG,5
AGCCCATGCTGGGGAG,5
AGCGACACCCTTCCGG,5
AGCTCCTGTGGTATCA,5
AGCTCTTGGGGTATCA,5
AGCTGAATTAAGGATG,5
AGCTTAATTAAGTATG,5
AGGAAAGAAACTGGAA,5
AGGGGACAAGATTGTA,5
AGGTGGAAGGGCATGG,5
AGGTGGGCGGGCATGG,5
AGGTGGGGTCTCCCTT,5
AGGTTCAGACTCTCGC,5
AGGTTCATACTCTTGC,5
AGTTGGGGTCTCCATT,5
AGTTGGGGTCTCCCAT,5
AGTTGGTGTCTCCCTT,5
AGTTGTGGTCTCCCTT,5
ATAAGGATAATCGCGC,5
ATACACGCATGTACCA,5
ATATATTGCCCGGAAG,5
ATATCCCAGGTCCTTT,5
ATCAATGTCGTAGGAT,5
ATCAGGATAATCGCGT,5
ATCATCTAACAGATAG,5
ATCCCATGCTGGGGAT,5
ATGAGGGATTCAACTC,5
ATGGCCCACGGACATA,5
ATGTGATTGGAGAAAC,5
ATTACAGAATACTAGA,5
ATTCCGAATGGGGTGG,5
ATTCCGAATGTGGTAG,5
ATTCCGAATTGGGTAG,5
ATTCCTAATGGGGTAG,5
ATTCGGCTCTTGATTA,5
ATTCTGAATGGGGTAG,5
CAAATGCTTCATTAGG,5
CAATTAGAAATATATA,5
CACCTAGGATAGCACT,5
CACGGACGGCGAACTC,5
CACGGCCGACGAACTC,5
CACGGCCTGCGAACTC,5
CACGTCCGGCGAACTC,5
CAGGAACATACATAAC,5
CAGGCTCTATAGCTCT,5
CATAAAGAGTTTGTTG,5
CATAACCTCGTTGTCT,5
CATACAGAGTTTTTTG,5
CATGTGGAGCACAACA,5
CATGTGGAGCCAAACA,5
CATTTCTTATGAATTG,5
CCAAGCTTGGAGCATC,5
CCATATGAAATAAGCT,5
CCCTATGAAATAAGAT,5
CCCTATGAAATAATCT,5
CCCTATGAGATAAGCT,5
CCTTGATGAATTCCCG,5
CGCACTTGACGAGACA,5
CGCACTTTACGAGACG,5
CGCACTTTATGAGACA,5
CGCGACACCCTTACGG,5
CGCGGCACCCTTCCGG,5
CGGAACCTCGTTGTCT,5
CGGACCCTAGATGTTA,5
CGGGAAATTTAAATGA,5
CGGTAGGGACTCATCT,5
CGTGACCCCCTCCAAT,5
CGTGGCCCCCTCCAAC,5
CGTGTACCCATCAGCA,5
CGTGTATCCTTCAGCA,5
CGTGTGCCCTTCAGCA,5
CTAAACTTATCTGTGG,5
CTAACACAGCGTAGGC,5
CTAAGGGATTCAACTC,5
CTAATTTAAGTAGCAA,5
CTAATTTGAGTATCAA,5
CTAGCACATCGTAGGC,5
CTATATGGCCCGGAAG,5
CTATCTTAATCCACAG,5
CTCAAATAATTGGTGC,5
CTCAATGTCGGAGGAT,5
CTGAAATTATCTGTGG,5
CTGAGCTGTCAATAAG,5
CTGAGGGATCCAACTC,5
CTGAGTTGCCAATAAG,5
CTGGAGGACTGGCCCC,5
CTGGAGGCCTGGCCTC,5
CTGGAGGTCTGGCCCC,5
CTGGATGCCTGGCCCC,5
CTGTACCCGCAGTTGA,5
CTTAGGTATTATATAC,5
CTTAGGTATTATATGA,5
CTTCGGCTATTGATTA,5
GAAACGAGGTGTAACC,5
GAAGGGATGGGCACGT,5
GAAGTACTCTGAATGA,5
GAATAATAGAAAAGAG,5
GAATAATAGAACGGAG,5
GACAGCTCGTATCCCT,5
GACCCCTTGTAAGATT,5
GAGAGATGCAGAAGCG,5
GAGAGCTACAGAAGCG,5
GAGAGCTGAAGAAGCG,5
GAGAGCTGCAGAAGCT,5
GAGGGATAGAGATACG,5
GATAACGCAGAAAAAG,5
GATCGCCAGCGACTTC,5
GATCGCCATAGACTTC,5
GATCGCCATCGACTGC,5
GATCTTGGGGAGAGTA,5
GATCTTGGGGAGAGTT,5
GCATCCCCAACTCCTA,5
GCATCCTCAACTCCTG,5
GCATGTAACTAACTCC,5
GCCAGCTCGTACCCCT,5
GCCAGCTCGTATCACT,5
GCCAGCTCGTATCCCA,5
GCCAGCTCTTATCCCT,5
GCCGAATGAATCATCC,5
GCGAAGTTTCATGGCG,5
GCGAGGTTTCATAGCG,5
GGCATCTAACAGATAG,5
GGGAGTATGAAGAGCG,5
GTAAGCAAAGTTGATC,5
GTACAAACCTGCAAGT,5
GTACACAGTTCCTGCG,5
GTAGAAACTATAACCA,5
GTAGAACCGCGGCCCC,5
GTAGAACTGCGGCACC,5
GTAGAACTGCGGCCCT,5
GTCAAGTGACGGATGG,5
GTGCGATTATCCGGAA,5
GTGCGATTGTCTGGAA,5
GTGTTATCAAGCCGGG,5
TAAAGTGATTTCTCGA,5
TACCCTGCAAGCCACA,5
TACCCTTCAAGCCACT,5
TACCTGATGCGGAACG,5
TACTAGCAAGAAAATC,5
TAGAACGAAGTAGGAG,5
TAGATTACTAGCCGGA,5
TAGCATTGTCGGAGAG,5
TAGGGGTAGAGATACG,5
TATCATTGTCGGAAAG,5
TATGTCGTATCCAAAG,5
TATTAAGAGAAGTGTG,5
TATTATTAGGCGGCAT,5
TATTGACATAGCGATG,5
TCACGAATTTGATTCC,5
TCATGGGGGTACGAGA,5
TCATGGGTGCACGAGA,5
TCATGGGTGTACTAGA,5
TCCAGCTCGTATCCCT,5
TCCGGCGCGGTAAGAG,5
TCGAGCGAAGTAGGAG,5
TCGGGGAACGGGAAGC,5
TCTTAGTCCCCGTATG,5
TCTTAGTCCTAGTATG,5
TCTTATTAGGCGGCAG,5
TGACTCCACGGACGCC,5
TGCAGGGGTATACATA,5
TGCGGTGGTCAATCCG,5
TGCGGTGGTCGAGCCG,5
TGCGTTGGTCGATCCG,5
TGCTATTCCGGCTCGG,5
TGGAATAGTCACCGAT,5
TGGTCCACTTCATGCT,5
TGTCCATCTCAGATCG,5
TGTCGTAATCTGAATA,5
TGTTGAGACAGTCTGA,5
TGTTGAGTCAGTCTGA,5
TTACGAATTTGATTAC,5
TTAGCACAGCGTAGGC,5
TTATCTGTAGAGAGCT,5
TTATCTGTGGAGCGCT,5
TTCATCAAGTTGTTGC,5
TTCGGGAACGGGAAGC,5
TTCTGCCCAGACTCGT,5
TTGAGGAACGGGAAGC,5
TTGGGGAACGGTAAGC,5
TTGTATCAGTCGCGAC,5
TTGTATCAGTCGCGCT,5
TTGTATCATTCGCGCC,5
TTTATATACAACACCA,5
TTTCACATAACCTATC,5
TTTCAGTGTTGTTTTG,5
AAAAAATTTATGGCAA,4
AAAAAATTTGTGACAA,4
AAAATCTGAACCATAC,4
AAACACCGAGTGACCG,4
AAACCAATAAGACCCC,4
AAACCCATAAGAACCC,4
AAACCCATAAGACCCT,4
AACAACCGAGTGACCG,4
AACACGTAGAACAGCC,4
AACACGTAGAACCGAC,4
AACAGAAGCCCATGTA,4
AACAGAAGTCAATGTA,4
AACAGAAGTCCATTTA,4
AACCCTGCAAGCCACT,4
AACCGCCGAGTGACCG,4
AACCTAAGAGACGTAA,4
AACCTATGAGACGTAA,4
AACGAAAAACAGTAAG,4
AACGACAAACAGTGAG,4
AACGGTTCCGACTGAG,4
AACTGTTCCGACTAAG,4
AACTTCCCTGACTGCG,4
AAGAAGATATAGAAGT,4
AAGAAGCTATAGAAGG,4
AAGAATCTATAGAAGT,4
AAGCGGTGATGTGAGT,4
AAGGCTCTAGAGCTCT,4
AAGGGGCCTAATAATG,4
AAGGTGCCTCATAATG,4
AAGTATTGATACACAT,4
AAGTGTCTCCGAGCAA,4
AATACGAGGCTACGTA,4
AATCACCGAGTGACCG,4
AATCGCTTGCACCCGT,4
AATGGGAATTGCCACT,4
AATTGAGACGCGCAAG,4
ACAACGAGGTGTAACC,4
ACAAGATTCGTGGGAC,4
ACAAGATTGGGGGGAC,4
ACAATATGAACCATAC,4
ACAATCTGGACCATAC,4
ACACGGGGTGGCTGTA,4
ACACGGGTTGGCCGTA,4
ACACGGGTTGGCTGCA,4
ACAGGATTCGGGGGAC,4
ACAGTACGATCTACGT,4
ACAGTCCACCATGGAG,4
ACAGTCCACCATTTAG,4
ACATGGGTTGGCTGTA,4
ACCAGCAATGAGCTGT,4
ACCAGCAATGAGTCGT,4
ACCAGCAATGAGTTGC,4
ACCAGCGCGGTAAGAG,4
ACCCCCTGAGCTTGGC,4
ACCGAATGAAGCATCC,4
ACCGAATGGATCATCC,4
ACCGGCAATGAGTTGT,4
ACCGTTGTACACACCT,4
ACGAACGAAGTAGGAG,4
ACGAGCAATGAGTTGT,4
ACGTGCCTCCGAGCAA,4
ACGTGTCTCAGAGCAA,4
ACGTGTCTCCGAGCAT,4
ACTAAGAGGCTACGTA,4
ACTACGAGGCTACATA,4
ACTCCGAATGGGGTAG,4
ACTCTGTCTCGCTAAT,4
ACTTTCTAGAAATTTT,4
AGAAAATCTCAGATAA,4
AGAAAATTTATGACAA,4
AGAATCTAACAGATAG,4
AGATCCAAGGTCCTTT,4
AGATCCCAGTTCCTTT,4
AGCAGAGGGATATGTG,4
AGCATAGGGATATGTA,4
AGCATAGGGGTATGTG,4
AGCATCCAACAGATAG,4
AGCATCTAACATATAG,4
AGCCCATGCCGGGGAT,4
AGCCCATGCGGGGGAT,4
AGCTACTGGGGTATCA,4
AGCTCCTGGGGTACCA,4
AGCTTCCCTGACTGCT,4
AGGACTATAGTTGGTA,4
AGGAGTAGGAAGAGCG,4
AGGGAATCTCCCATAC,4
AGGTCGGGACTCATCT,4
AGGTGGACGGGCATTG,4
AGGTTAAGACTCTTGC,4
AGGTTCAGACTCTTTC,4
AGTACAGTGTAATCGA,4
AGTAGTATGAAGAGCG,4
AGTAGTTTAGATAGTT,4
AGTATCTAACAGATAG,4
AGTATTTGCTCTTCAA,4
AGTCGTTTAGATATTT,4
AGTGACCCCCTCCAAC,4
AGTGTTGGATTGGTTA,4
AGTGTTGGCGTGGTTA,4
AGTTGGGGTCCCCCTT,4
AGTTGGGGTCGCCCTT,4
AGTTGGGGTCTACCTT,4
AGTTGGGGTCTCCCTA,4
ATAAAATCTCAGATAC,4
ATAAACGAGGTTGTGA,4
ATAGGATATATGGATG,4
ATAGGATATATGGCTT,4
ATAGGATATATGTCTG,4
ATATAAAAAACTTATT,4
ATCAGGATAATCGAGC,4
ATCAGGATAATCGCGA,4
ATGAGGGCTACGTGAG,4
ATGGCCCACGGGCATG,4
ATGGCCCACGGGTATA,4
ATGGCCCACGTGCATA,4
ATGGGGATTGGCTGTT,4
ATGGGGTTGGAGAAAC,4
ATGTATGATTTTCGAG,4
ATTAGATTAGAACGTA,4
ATTAGATTATAACGGA,4
ATTAGGGCTAAGTGAG,4
ATTCCGAGTGGGGTAG,4
ATTGTCATATCTAATA,4
ATTTAAATTCGAGGAA,4
ATTTTTCTATGGATAC,4
CAAATGATGCATTAGG,4
CAAATGCCGCATTAGG,4
CAAATGCTACATTAGG,4
CAAATGCTGCAGTAGG,4
CAAATGCTGCATTATG,4
CAAATGTTGCATTAGG,4
CAATTAGAGATACATA,4
CAATTAGGAATACATA,4
CAATTATAAATACATA,4
CACAATCAGCACCTAG,4
CACACAGAGTTTGTTG,4
CACCATCAGAACCTAG,4
CACCATCATCACCTAG,4
CACCTAGGATCTCACT,4
CACGGCCGGAGAACTC,4
CACGGGATAATGTCTC,4
CACGGGCTAATGTCCC,4
CACTAGATGTACAGGC,4
CACTGCCGGCGAACTC,4
CAGAACCTCGTTGCCT,4
CAGGCTCTAGAGCCCT,4
CAGGCTCTAGAGCGCT,4
CAGGCTCTAGAGCTCG,4
CAGGCTCTAGATCTCT,4
CAGTCTCTAGAGCTCT,4
CAGTTAGAAATACATA,4
CATACAGAGGTTGTTG,4
CATATGGAGCCCAACA,4
CATGGGAATTGACACT,4
CATGGGAATTGCAACT,4
CATGGGAATTTCCACT,4
CATTGAGACGCTCAAG,4
CATTGAGACTCGCAAG,4
CATTTCCGATGAATTG,4
CCAAGATTGGCGCATC,4
CCAAGCTTGGCGAATC,4
CCAATACAAAAAATTA,4
CCAGCACAGCGTAGGC,4
CCATGGGTGTACGAGA,4
CCCAAATAATTGGCGC,4
CCCTATGAAAGAAGCT,4
CCCTGCGCGGCCCGGG,4
CCCTGCGCGGCTCGCG,4
CCCTGCGCGGTTCGGG,4
CCCTGCGCTGCTCGGG,4
CCGAATAAATCAGAAC,4
CCGGATAAATCAGAAA,4
CCGGGTAAATCAGAAC,4
CCGTACCTGCAGTTGA,4
CCTACAGAATACTAGA,4
CCTCGGCTCTTGATTA,4
CCTGATAAATCAGAAC,4
CCTGGGTGAAGTTGTG,4
CCTGGGTTAAGTTGTA,4
CCTTGATGCATTCCAG,4
CGATTAGAAATACATA,4
CGCAACACCCTTCCGG,4
CGCACTTTAAGAGACA,4
CGCACTTTACGAGGCA,4
CGCGACAACCTTCCGG,4
CGCTACACCCTTCCGG,4
CGGACCATAGATGGTA,4
CGGACCCCAGATGGTA,4
CGGACCCTAGAGGGTA,4
CGGACCCTGGATGGTA,4
CGGGAAAGGTAAATGA,4
CGGGCTCTAGAGCTCT,4
CGGGGACAAGATGGTA,4
CGTACAATGTAATCGA,4
CGTACAGTGTAATCGG,4
CGTACAGTGTAATCTA,4
CGTGTACCCTGCAGCA,4
CGTGTACCCTTGAGCA,4
CGTTCAGCGATAACTG,4
CTAGCAAAGCGTAGGC,4
CTAGCACAGAGTAGGC,4
CTATATTGCCCAGAAG,4
CTATCACAGCGTAGGC,4
CTATTTAACAGAAGTA,4
CTATTTAACAGACGGA,4
CTCAATGTAGTAGGAT,4
CTCAATGTCATAGGAT,4
CTCAATGTCGTGGGAT,4
CTGAAATTGTCGATAT,4
CTGAACCTGTCGATAT,4
CTGAACTTATCTGTTG,4
CTGAACTTATCTTTGG,4
CTGAAGGATTCAACTC,4
CTGACCCTAGATGGTA,4
CTGAGATGCCAATAAG,4
CTGAGCTGACAATAAG,4
CTGAGCTTCCAATAAG,4
CTGAGGGATTCGACTC,4
CTGATCTGCCAATAAG,4
CTGATGGATTCAACTC,4
CTGGAGGCATGGCCCC,4
CTGGAGGCCTGGCCAC,4
CTGGAGGCCTTGCCCC,4
CTGGGGAACGGGAAGC,4
CTGTACCTGTAGTTGA,4
CTTACAGAATAATAGA,4
CTTAGGTATTATATTC,4
CTTCGGCTCTTGATTG,4
CTTCGTCTCTTGATTA,4
CTTCTGCTCTTGATTA,4
GAAAGCCCCGTGTAAT,4
GAAAGTCCCTATTATG,4
GAAATCCCCAAAGAAC,4
GAAGAAAATATAACCA,4
GAAGAAACTAGAACCA,4
GAAGAGACTATAACCA,4
GAAGTAAGCTGAATGA,4
GAATAATAGAACAGGG,4
GACAAAAGGGAAATAT,4
GACAAAAGGGACAGAT,4
GACAAAAGTGACATAT,4
GACCCATTGTAAGATG,4
GACGGCGTTAGTGTCA,4
GACTAAAGGATCATGA,4
GAGAGCTGCAGAAGCA,4
GAGAGCTGCAGAAGTG,4
GAGAGCTGCAGAATCG,4
GAGAGCTGTAGAAGCG,4
GAGAGCTTCAGAAGCG,4
GAGGGGCAGAGATACG,4
GAGGGGTATAGATACG,4
GATCAAGCAGAAAAAG,4
GATCACGAAGAAAAAG,4
GATCACGCATAAAAAG,4
GATCTTGGGGAGAGCC,4
GATCTTGGGGAGAGGC,4
GATCTTGGGTAGAGTC,4
GATTGCCATCGACTTC,4
GCAACGATGTGTAACC,4
GCAGCGTGCCGGTCAC,4
GCATCATCAACTCCTA,4
GCATCCTCAACTCCGA,4
GCCTAAAGTATCATGA,4
GCCTGCGCGGCTCGGG,4
GCGAAGTTTAATAGCG,4
GCGAAGTTTCATAGAG,4
GCGAAGTTTCATAGCT,4
GCGAAGTTTCGTAGCG,4
GCGGAGTTTCATAGCG,4
GGTACATCTCAGATCG,4
GGTATTTGCGCTTCAA,4
GGTCTATCTCAGATCG,4
GTAAGCAAATTTGACC,4
GTACAAACCTGCAAAA,4
GTACAAACCTGCATAT,4
GTACAAATCTGCAAAT,4
GTACCCAGTTACTGCG,4
GTACCCAGTTCCTGCT,4
GTAGAACTACGGCCCC,4
GTAGAACTTCGGCCCC,4
GTAGGACTGCGGCCCC,4
GTATAAACCTGCAAAT,4
GTATCCAGTTCCTGCG,4
GTCAAATAATTGGCGC,4
GTCAAGTTACGGATTG,4
GTCGCATCATGGAATG,4
GTCGCCGCTAATCCAA,4
GTCGCTGCTAATCCGA,4
GTCTCATCCTGGAATG,4
GTCTCCGCTAATCCGA,4
GTGAACTTATCTGTGG,4
GTGAGCGAGAAAAGCG,4
GTGATATCAAGCCGGG,4
GTGCGATTGGCCGGAA,4
GTGCGATTGTTCGGAA,4
GTGGGGTAGAGATACG,4
GTGGTATAAAGCCGGG,4
GTGGTATCAAGCCAGG,4
GTGGTATCAAGCCGAG,4
GTTAGATTATAACGTA,4
TAAAATCTACGGCGAC,4
TAACCTGCAAGCCACT,4
TAACGTTATTTCTCGA,4
TAATAAGCCAGAAAGA,4
TAATAAGCCAGCAAGG,4
TAATGTGATTTCTCGA,4
TAATTAGAAATACATA,4
TACAAATGTCATTTGA,4
TACACGTAGAACCGCC,4
TACCAATGTCATTTGG,4
TACCCTGCAAGCCACC,4
TACCCTGCAAGTCACT,4
TACCCTGTAAGCCACT,4
TACCTGCTGCGGAACA,4
TACCTGCTGCGGAACT,4
TACGGCCGGCGAACTC,4
TACTGATAACCCGGCG,4
TACTGATAACCCTTCG,4
TACTGGTAACCCTGCG,4
TAGCATTGTTGGAAAG,4
TAGCTTCAACTAAAAA,4
TATGTCGTATACACAG,4
TATGTCGTATCCACAT,4
TATGTCTTATCCACAG,4
TATGTGGAGCCCAACA,4
TATTAAGAGAAGGGCG,4
TATTAAGAGGAGTGCG,4
TCAATAGGGGGCTAAA,4
TCAATCGGGGACTAAA,4
TCAATCGGGGGATAAA,4
TCAATTACTAGCCGGA,4
TCATAGGTGTACGAGA,4
TCATCTGTAGAGCGCT,4
TCATGGGTGTACGAGG,4
TCATGGGTGTGCGAGA,4
TCATTGGTGTACGAGA,4
TCGAAAGAAGTAGGAG,4
TCGAACGAATTAGGAG,4
TCGAACGAGGTAGGAG,4
TCGAAGTTTCATAGCG,4
TCGATTACTAGACGGA,4
TCGTCCATTGGGAACT,4
TCGTCGCACTACGGCT,4
TCGTCGCACTACTGCA,4
TCGTCGCACTATTGCT,4
TCTAACTATCGCGGCA,4
TCTAACTCTCGCGGAA,4
TCTAACTCTCGCGGCG,4
TCTAACTCTCGTGGCA,4
TCTCAGCTCTTAGACG,4
TCTCGGCTCTTAGCCG,4
TCTTGAAATAGCGATG,4
TCTTTACCACTGCATA,4
TGAAAACATTACAAAT,4
TGACGTGATTTCTCGA,4
TGAGTTCATAGCTCCT,4
TGATCTGTGACATTGT,4
TGATCTTTTACATTTG,4
TGCACTTTACGAGACA,4
TGCGGTGGTCTATCCG,4
TGCTATTACGGCGCGG,4
TGCTATTCCGACGCGG,4
TGCTATTCCGGAGCGG,4
TGCTATTCCGTCGCGG,4
TGGAATCGTAACCGAT,4
TGGCCAGGGAATCAAA,4
TGGGAACATACATAAC,4
TGGGAATCTCCCATAC,4
TGGTCCGCTTCATGCA,4
TGGTCGGGACTCATCT,4
TGTAATAGGCGTCACG,4
TGTGGAGCGACCTTAC,4
TGTGGAGTGCCCTTAC,4
TGTTGAGCCAGCCTGA,4
TGTTGAGCCAGTATGA,4
TGTTGTAATATGAATA,4
TTACGAGTTTGATTCC,4
TTAGAACTGCGGCCCC,4
TTATCTGTAGAGCGAT,4
TTATGTCCAGACTCGT,4
TTCATCAAGTTGGTGA,4
TTCTGTCCAGACTCAT,4
TTCTGTCCATACTCGT,4
TTGATCCTGAGTAGTA,4
TTGCAATTGAAAAATA,4
TTGCGAATTTGATTCC,4
TTGCTCCCGAGTAGTA,4
TTGGAGAACGGGAAGC,4
TTGGGATTGGAGAAAC,4
TTGGGGAACGAGAAGC,4
TTGTATCAGTCGAGCC,4
TTTATATCCAACACTA,4
TTTATATCGAGAGTCA,4
TTTCAGAGTTGTTTTG,4
TTTCAGCGTTGTTTCG,4
TTTCAGCGTTGTTTTT,4
TTTCCGGATAAAGTAG,4
TTTCGTGATACTCAAA,4
TTTCGTGGTACTCACA,4
AAAAAATTCATGACAA,3
AAAAAATTTATTACAA,3
AAAAGATTCGGGGGAC,3
AAACCCATATGACCCC,3
AAACCCATGAGACCCC,3
AAACCCGTAAGACCCC,3
AAACTACGAGACGTAA,3
AAAGCTCTTTTCGTTA,3
AAAGTACGATCTACGC,3
AAATCTCTTTTCGTTC,3
AACAGAAGTACATGTA,3
AACAGAAGTCCATATA,3
AACAGAATTCCATGTA,3
AACCACCGAGTGACCC,3
AACCACCGAGTGAGCG,3
AACCACCGAGTGGCCG,3
AACCATCAGCACCTAG,3
AACCATCGAGTGACCG,3
AACCCCGGAGCTTGGC,3
AACCTACGAGACATAA,3
AACCTACGAGACGTGA,3
AACGACAAACAATAAG,3
AACGACAAACAGTAAT,3
AACGACAAACAGTAGG,3
AACGACAAACATTAAG,3
AACGACAAGCAGTAAG,3
AACGACAGACAGTAAG,3
AACGATTCACGAATAA,3
AACGGAAGTCCATGTA,3
AACGGTTCCGAATAAG,3
AACGGTTCCGACTAAT,3
AACTGCGTTCATAGAT,3
AACTTCACTGACTGCT,3
AACTTCCCTGAATGCT,3
AACTTCCCTGACTGAT,3
AACTTCCCTGACTGCA,3
AACTTCCCTGACTGTT,3
AAGAAGACTGTGTGAT,3
AAGAAGACTTGGTGAT,3
AAGCTGTGATGTGATT,3
AAGGGGCATCATAATG,3
AAGGGGCCTCATAAGG,3
AAGTATTGCTATACAT,3
AAGTATTTCTACACAT,3
AAGTTAGGAGACCCAC,3
AATCCCTGGCACCCGT,3
AATCGCTGGAACCCGT,3
AATCGCTGGCACCCGA,3
AATGACAAACAGTAAG,3
AATGAGAGCATGTCAA,3
AATGCGAGAATGTCAA,3
AATGTCTAGAAATTTT,3
AATTCGTGAGTAATAG,3
AATTCGTGAGTACTGG,3
AATTGAACGTCATACA,3
ACAAAGTATCGAGAAG,3
ACAAGATTCAGGGGAC,3
ACAAGATTCGGGGGAA,3
ACAAGATTCGGTGGAC,3
ACAATCTGAACAATAC,3
ACAATCTGAACCGTAC,3
ACAATCTTAACCATAC,3
ACAATTTGAACCATAC,3
ACACGGGTCGGCTGTA,3
ACAGCCCACCATTGAG,3
ACAGGAAGTTGCCAAG,3
ACAGTAAGATCTACGC,3
ACAGTACGATCTATGC,3
ACAGTCCACCATTGGG,3
ACATGTCTCCGAGCAA,3
ACATTCCACCATTGAG,3
ACATTTTCCAATAGTT,3
ACCAGCAATGAGTTGA,3
ACCAGCAATGGGTTGT,3
ACCAGCAATTAGTTGT,3
ACCAGGATAATCGCGC,3
ACCATTTACTGAAGGG,3
ACCCCCGGAGATTGGC,3
ACCCCCGGAGCTTGGA,3
ACCCCGGGAGCTTGGC,3
ACCGAATAAATCATCC,3
ACCGAATGAATCATCT,3
ACCGAATGAATTATCC,3
ACCGAATGAGTCATCC,3
ACCGATTCATGAATAA,3
ACCGGATGAATCATCC,3
ACCGTTGTACAAACCA,3
ACGCGGGTTGGCTGTA,3
ACGGGGATTGTCTGTT,3
ACGTATGACTTTCGAG,3
ACGTCCACTAAGATCA,3
ACGTGGATTGGCTGTT,3
ACGTGTCGCCGAGCAA,3
ACGTGTCTACGAGCAA,3
ACGTGTCTCCGAGCAC,3
ACGTGTCTCCGAGTAA,3
ACTACGAGGCTACGTG,3
ACTCAGGCTCGCTAAT,3
ACTGCCTAGAAATTTT,3
ACTGTCTAGAAATTTG,3
ACTTAAATTCGAGGAC,3
ACTTGATGCATTCCCG,3
AGAAAACATTACAAAT,3
AGAAAATCTCAGAGAC,3
AGAAAATCTCAGATAT,3
AGAAAATCTCAGGTAC,3
AGAGCTAAAAAGAGGG,3
AGAGCTAAAAAGGGGA,3
AGATCCACCCTATAGC,3
AGATCCACCCTATAGG,3
AGATCCCAGGTCCGTT,3
AGATCCCGGGTCCTTT,3
AGATGAATTAAGTATG,3
AGCAAACATGCATTGG,3
AGCACATGCTGGGGAT,3
AGCACCTAACAGATAG,3
AGCAGCCTGAAAATAT,3
AGCAGCTAACAGATAG,3
AGCATAGGGACATGTG,3
AGCATAGGTATATGTG,3
AGCATAGTGATATGTG,3
AGCATATAACAGATAG,3
AGCATCTAAAAGATAG,3
AGCATCTAACAGACAG,3
AGCATCTAACAGAGAG,3
AGCATCTAACGGATAG,3
AGCATCTAGCAGATAG,3
AGCCCATGCTTGGGAT,3
AGCTCCATAGGCATGG,3
AGCTCCTGGGCTATCA,3
AGCTCCTGGGGTATCT,3
AGCTCCTGGTGTATCA,3
AGCTGAATTAAGTATT,3
AGGAAAGAAACTAGAG,3
AGGAAAGAAACTGGAT,3
AGGAAAGAAACTGTAG,3
AGGACTATAGTTGACA,3
AGGACTATAGTTGGAA,3
AGGAGGATGAAGAGCG,3
AGGAGTATAAAGAGCG,3
AGGCCCGGAAGGACTA,3
AGGCCCGTAAGTACTA,3
AGGCTCAGACTCTTGC,3
AGGGAAATGTAAATGA,3
AGGTGGACGGACATGG,3
AGGTTCAGACTCTTGA,3
AGTAAACATTCATTGG,3
AGTATAGGGATATGTG,3
AGTCCATCTCAGATCG,3
AGTCGTTGAGATAGTT,3
AGTCGTTTAGATAGTG,3
AGTCGTTTATATAGTT,3
AGTGTCGAATAGGCGA,3
AGTGTTGAATAGACGA,3
AGTGTTGAATAGGCAA,3
AGTGTTGAATAGGCTA,3
AGTTGGGTTCTCCCTT,3
ATAAATGAGGGCATTG,3
ATAACTGAGGGAATTG,3
ATAACTGAGGGCATCG,3
ATAACTGAGGGCATGG,3
ATAATTTAAGTATCAA,3
ATACAAGCATGTGCCA,3
ATACACGAGGTGGTGA,3
ATAGAAAATTATCCGA,3
ATAGAATCGAAAATTA,3
ATAGAATCGCAAATGA,3
ATATGATATATGGCTG,3
ATCAGGATAATCGCTC,3
ATCAGGATAATCTCGC,3
ATCAGGATAATTGCGC,3
ATCATAGGGATATGTG,3
ATGACCCACGGGCATA,3
ATGAGCTGCCAATAAG,3
ATGCCGAATGGGGTAG,3
ATGGCACACGGGCATA,3
ATGGGATCGGAGAAAC,3
ATGGTTTTACGTACAT,3
ATGTCCCACGGGCATA,3
ATTAGATTATAACATA,3
ATTAGGGCTACGTGGG,3
ATTAGGGCTACGTTAG,3
ATTAGTGCTACGTGAG,3
ATTATATCCAACACCA,3
ATTATATTATAACGTA,3
ATTATCATATCTAATG,3
ATTATCGTATCTAATA,3
ATTATGGCTACGTGAG,3
ATTCCAAATGGGGTAG,3
ATTCCGAATGGGTTAG,3
ATTCCGAATGGTGTAG,3
ATTGTTGAATAGGCGA,3
ATTTAAATTAGAGGAC,3
ATTTAAATTATAGTCT,3
ATTTAAATTCGATGAC,3
ATTTAAATTCGGGGAC,3
ATTTTTCTATGGCCAC,3
ATTTTTCTATGGCTAA,3
CAAACACAAAAAATTA,3
CAAATGCTGCATTAAG,3
CAAGTAGAAATACATA,3
CAATGAGAAATACATA,3
CAATTAGAAATACAAA,3
CAATTAGAAATGCATA,3
CAATTCGACGTTCCCC,3
CACAGCCGGCGAACTC,3
CACCATCAGCACATAG,3
CACCATCAGCACCCAG,3
CACCATCAGCACCTAT,3
CACCATCAGCGCCTAG,3
CACCTAGGATCGCAAT,3
CACCTGGGATCGCACT,3
CACGACACCCTTCCGG,3
CACGGCCGGCGAACTA,3
CACGGGAATTGCCACT,3
CACGGTCGGCGAACTC,3
CACTAGATGTAAAGTC,3
CACTGGATGTACAGTC,3
CACTGGCTAATGTCTC,3
CAGAACCTAGTTGTCT,3
CAGATGCTGCATTAGG,3
CAGCATTGTCGGAAAG,3
CAGGAAATGTAAATGA,3
CAGGCTCCAGAGCTCT,3
CAGGCTCTAGAGATCT,3
CAGGCTCTAGAGCTCA,3
CAGGCTCTAGAGTTCT,3
CAGTCGGGACTCATCT,3
CATAAAAGACTTTATA,3
CATACAGAGTTTGTGG,3
CATACAGAGTTTGTTA,3
CATACAGGGTTTGTTG,3
CATACGGAGTTTGTTG,3
CATGCAGAGTTTGTTG,3
CATGCGGAGCCCAACA,3
CATGGCCGGCGAACTC,3
CATGGGAATTGTCACT,3
CATGTGGAGACCAACA,3
CATGTGGAGCCCAACG,3
CATGTGGGGCCCAACA,3
CATGTGTAGCCCAACA,3
CATTGATGCATTCCCG,3
CATTGGAATTGCCACT,3
CATTTGGAGCCCAACA,3
CCAAGCTGGGCGCATC,3
CCAAGCTTGGCGCATA,3
CCAAGCTTTGCGCATC,3
CCAGATAAATCAGAAC,3
CCATATTGCCCGGAAG,3
CCATTTAACAGACGTA,3
CCCCTCCTCGAAAGTT,3
CCCTGAGCGGCTCGGG,3
CCCTGATGCATTCCCG,3
CCCTGCGCAGCTCGGG,3
CCCTGCGCGGCTCCGG,3
CCGGATAAATCATAAC,3
CCGGATAAATCGGAAC,3
CCGGATAAATTAGAAC,3
CCGTATAAATCAGAAC,3
CCTCGATGCATTCCCG,3
CCTTGACATAGCGATG,3
CCTTGAGGCATTCCCG,3
CCTTGATGCATCCCCG,3
CCTTGATGCATTACCG,3
CCTTGATGCATTCACG,3
CCTTGATGCATTCCCC,3
CCTTGATGCATTCCTG,3
CCTTGATTCATTCCCG,3
CGAAAACATGACAAAT,3
CGAACCACAGACACGT,3
CGAACCCTAGATGGTA,3
CGACTCCACGGACGCA,3
CGCACGTTACGAGACA,3
CGCACTTTACGGGACA,3
CGCGAAACCCTTCCGG,3
CGCGACACCATTCCGG,3
CGCGACACCCTTCCGA,3
CGCGACACCCTTCCGC,3
CGCGTACCCTTCAGCA,3
CGGACCCTAGATAGTA,3
CGGACCCTAGATTGTA,3
CGGACCCTATATGGTA,3
CGGAGTATGAAGAGCG,3
CGGGAAATGTAAATGT,3
CGGGAACATAAATAAC,3
CGGGAACATACATAAA,3
CGGGCCCTAGATGGTA,3
CGGGGACAAGATTGTG,3
CGGTCGGGAATCATCT,3
CGGTCGGGACTCACCT,3
CGGTCGGGACTCATAT,3
CGGTCGGGACTCATCC,3
CGGTTGGGACTCATCT,3
CGTAAAGTGTAATCGA,3
CGTACAGTGCAATCGA,3
CGTACAGTGTAATCGT,3
CGTGAAATGTAAATGA,3
CGTGACCCCCTCCAAA,3
CGTGGACCCTTCAGCA,3
CGTTAAGCGATAACGG,3
CGTTACCCCCTCCAAC,3
CGTTCATCGATAACGG,3
CGTTGAGACGCGCAAG,3
CTAATTTAAGTGTCAA,3
CTAATTTAATTATCAA,3
CTACATTGCCCGGAAG,3
CTAGAACAGCGTAGGC,3
CTAGCACAGCGTAGAC,3
CTAGCACAGCGTATGC,3
CTAGCACAGCGTGGGC,3
CTAGCACAGTGTAGGC,3
CTAGCACGGCGTAGGC,3
CTATAAACAGTTTGTA,3
CTATATTACCCGGAAG,3
CTATATTGCCCGGAAA,3
CTATATTGCCCGTAAG,3
CTATATTGCCTGGAAG,3
CTATATTTCCCGGAAG,3
CTATCTTAATCTAAAG,3
CTATTTAACAGACTTA,3
CTATTTAACAGGCGTA,3
CTATTTAACGGACGTA,3
CTATTTAGCAGACGTA,3
CTCAAATAATTGGCGA,3
CTCAATGGCGTAGGAT,3
CTCAATGTCGTAGGAC,3
CTCCTAGGGGAAGATT,3
CTCCTATGGGACGATT,3
CTCTAAATTATAGTCT,3
CTCTTCTAGTACGCTT,3
CTGAACCTCGTTGTCT,3
CTGAACTTATCTATGG,3
CTGAGCCGCCAATAAG,3
CTGAGCTGCCAATACG,3
CTGAGCTGCCAGTAAG,3
CTGAGCTTATCTGTGG,3
CTGAGGGATTCAACTA,3
CTGAGGTATTCAACTC,3
CTGGAGGCCTGACCCC,3
CTGGAGGCCTGTCCCC,3
CTGGCACAGCGTAGGC,3
CTGGGATTGGAGAAAC,3
CTGGGCTGCCAATAAG,3
CTGTACCTGCAGTTGT,3
CTGTACCTTCAGTTGA,3
CTTACAGAATACGAGA,3
CTTACAGAATACTAGG,3
CTTACAGAATACTAGT,3
CTTACAGAATACTATA,3
CTTACGGAATACTAGA,3
CTTACTGAGCGAGAGT,3
CTTAGGTATCATATGC,3
CTTAGGTATTATGTGC,3
CTTATAGAATACTAGA,3
CTTATGTATTATATGC,3
CTTCGACTCTTGATTA,3
CTTCGGATCTTGATTA,3
CTTCGGCTCTTGAGTA,3
CTTCGGCTCTTGATCA,3
CTTGAGGCCTGGCCCC,3
CTTGGGTATTATATGC,3
CTTTTCTAGGACGCTT,3
CTTTTCTAGTACGCGT,3
CTTTTCTAGTACGCTC,3
GAAAAAAGGGACATAT,3
GAAAGTCCCCATGATG,3
GAAAGTCCCTATGGTG,3
GAAATTCCCTATGATG,3
GAAGAACTGCGGCCCC,3
GAAGCGTGCCGGTCAT,3
GAAGCTCTTTTCGTTC,3
GAAGGTCCCTATGATG,3
GAAGTATGCTGAATGA,3
GAAGTGCTGATGAAGT,3
GAAGTGCTTCTGAAGT,3
GAAGTGTTGCTGAAGT,3
GAATAAACTATAACCA,3
GAATAATAGGACAGAG,3
GACAAAAGGTACATAT,3
GACACGTAGAACCGCC,3
GACCCCTTGTAAGAGG,3
GACCCCTTTTAAGATG,3
GACGGGATGGACACGT,3
GACGGGATGGGAACGT,3
GACGGGATGGGCAAGT,3
GACGGGATGGGCACAT,3
GACGGGATGGGCACGC,3
GACGGGATGGGTACGT,3
GAGAAGTTTCATAGCG,3
GAGCTTGATATGGATC,3
GAGGAGTAGAGATACG,3
GAGGGGCCTCATAATG,3
GAGGGGTAGAGATACA,3
GAGGGGTTGAGATACG,3
GAGTGGTAGAGATACG,3
GATCACGCAGGAAAAG,3
GATCGCCACCGACTTC,3
GATCGCCATCGACTTT,3
GATCGCCATTGACTTC,3
GATCGCCGTCGACTTC,3
GATCTTGGGGGGAGTC,3
GATTCAGATGACCACC,3
GCAAACATTGTAGTTG,3
GCAACGAGGGGGAACC,3
GCAAGATTCGGGGGAC,3
GCAATGAGGTGTAACC,3
GCACGGGTTGGCTGTA,3
GCAGAACTGCGGCCCC,3
GCATCCTCAACTCATA,3
GCATCCTCAGCTCCTA,3
GCATCTTCAACTCCTA,3
GCATGGAACTAACCCC,3
GCATGGAACTAACGCC,3
GCATGGAACTAATTCC,3
GCATGGAACTAGCTCC,3
GCCAACTCGTATCCCT,3
GCCAAGTTACGGATGG,3
GCCAGCGCGGTAAGAG,3
GCCAGCTAGTATCCCT,3
GCCAGCTCATATCCCT,3
GCCAGCTCGGATCCCT,3
GCCAGCTCGTATACCT,3
GCCAGCTCGTATCCCG,3
GCCATCTCGTATCCCT,3
GCCGGAGTTAGTGTCA,3
GCCTAAAGGATAATGA,3
GCCTAAAGGATCATAA,3
GCCTAAAGGATCATGG,3
GCCTTTGCGCGAAGTC,3
GCCTTTGCGCGCATTC,3
GCCTTTGCTCGCAGTC,3
GCGAAGTTTTATAGCG,3
GCGTCCTCAACTCCTA,3
GGATCCCAGGTCCTTT,3
GGGAGCTGCAGAAGCG,3
GGGGAAATGTAAATGA,3
GGGTTCAGACTCTTGC,3
GGTCACGCAGAAAAAG,3
GGTCCACCTCAGATCG,3
GGTCCATCTCAGGTCG,3
GGTCCATCTTAGATCG,3
GGTCCATTTCAGATCG,3
GGTCGCCATCGACTTC,3
GGTTAACTTTGGAAGA,3
GGTTAACTTTGGAAGT,3
GTAACGAGGTGTAACC,3
GTAAGAAAAGTTGACC,3
GTAAGCAGAGTTGACC,3
GTAAGCTTCAGGGAGT,3
GTAATTCGAATGCGGA,3
GTACACGAGGTTGTGA,3
GTACCCAGTTCCGGCG,3
GTAGAAATGCGGCCCC,3
GTAGAACTGCAGCCCC,3
GTAGAACTGCGGGCCC,3
GTAGATACTGGGACCA,3
GTATAACTGCGGCCCC,3
GTATCCTCAACTCCTA,3
GTCAAGCTACGGATGG,3
GTCAAGTTACGGATGA,3
GTCAATTTACGGATGG,3
GTCAGGATAATCGCGC,3
GTCGCATCCCGGAATG,3
GTCGCCACTAATCCGA,3
GTCGCTGCGGCGTGTG,3
GTGAGAGAGAAAAGCA,3
GTGCCCAGTTCCTGCG,3
GTGCGATTTTCCGGAA,3
GTGCGGTTGTCCGGAA,3
GTGGAGGCCTGGCCCC,3
GTGGATACTAGGACCA,3
GTGGCCCACGGGCATA,3
GTGGTACCAAGCCGGG,3
GTGGTATCAAGCCCGG,3
GTGGTATCAAGCCGTG,3
GTTATTATGACTGCAT,3
GTTGATCCGACACGCC,3
GTTGCTCCGACAAGCC,3
GTTGCTCCGACACACC,3
GTTGCTCCGACACGCA,3
GTTGTATCAAGCCGGG,3
GTTTAAATTCGAGGAC,3
TAAAGTCCCTATGATG,3
TAAATCCCCAAATAAC,3
TAACGTGATCTCTCGA,3
TAACGTGATTTATCGA,3
TAACGTGATTTCCCGA,3
TAACGTGATTTCTAGA,3
TAATAAGCAAGCAAGA,3
TAATAATCCAGCAAGA,3
TAATCTTTTACATTTA,3
TACACTGCAAGCCACT,3
TACATACCGACGCACT,3
TACATACCGACTCAGT,3
TACATACCTACGCAGT,3
TACCAATGTCATTCGA,3
TACCAATTTCATTTGA,3
TACCATCAGCACCTAG,3
TACCATGCAAGCCACT,3
TACCCTGCAAACCACT,3
TACCCTGCAGGCCACT,3
TACCCTGCGAGCCACT,3
TACCGATAACCCTGCG,3
TACGTCGTATCCACAG,3
TAGAATTGTCGGAAAG,3
TAGCATGGTCGGAAAG,3
TAGCTGATAGTAAATC,3
TAGGCTCTAGAGCTCT,3
TATGTCGCATCCACAG,3
TATGTCGGATCCACAG,3
TATGTCGTATCCACAA,3
TATGTCGTATCCACCG,3
TATTAAGAGAAGTGCA,3
TATTAAGAGAAGTTCG,3
TATTAAGGGAAGTGCG,3
TATTACTAACTAGCGA,3
TATTAGTCCTCGTATG,3
TATTGAGAGAAGTGCG,3
TCAATCGGGGGCTAAG,3
TCAATCTGAACCATAC,3
TCAATTGGGGGCTAAA,3
TCATCCTCAACTCCTA,3
TCATGGGTATACGAGA,3
TCATGGGTGTACGATA,3
TCATGGGTGTACGGGA,3
TCCACGTGGTTTGACA,3
TCCAGCGCGGTAAGCG,3
TCCAGCGCGGTGAGAG,3
TCCAGCGGGGTAAGAG,3
TCCAGCGTGGTAAGAG,3
TCCTAAAGGATCATGA,3
TCCTGTCCAGACTCGT,3
TCCTTTGCGCGCAGTC,3
TCGAACGAAGTGGGAG,3
TCGAACTAAGTAGGAG,3
TCGAATGAAGTAGGAG,3
TCGAGTTAATATGCTC,3
TCGATTACTAGCCGAA,3
TCGATTACTAGCTGGA,3
TCGATTACTATCCGGA,3
TCGATTACTGGCCGGA,3
TCGCCTCAACTAAAAA,3
TCGCTTCAAATAAAAA,3
TCGCTTCGACTAAAAA,3
TCGTATCAGTCGCGCC,3
TCGTCCGTTGGAAACT,3
TCGTCCGTTGGGAAAT,3
TCGTCCGTTGGGAACG,3
TCGTCCGTTGGGAGCT,3
TCGTCCGTTGGTAACT,3
TCGTCGAACTACTGCT,3
TCGTCGCAATACTGCT,3
TCGTCGCACGACTGCT,3
TCGTCGCACTACTGAT,3
TCGTCGCACTACTGCC,3
TCTAACTCTCGCGTCA,3
TCTAACTCTCTCGGCA,3
TCTCGTGATACTCACA,3
TCTGACTCTCGCGGCA,3
TCTTAACATAGCGATG,3
TCTTAGTACTCGTATG,3
TCTTAGTCCGCGTATG,3
TCTTAGTCCTCGTATA,3
TCTTATGAGGCGGCAT,3
TCTTATTAGACGGCAT,3
TCTTATTAGGCGGCAC,3
TCTTATTAGTCGGCAT,3
TCTTATTATGCGGCAT,3
TCTTGACATAGCGAAG,3
TCTTGACATAGCGAGG,3
TCTTGACATAGCGATA,3
TCTTGACATAGCGATT,3
TCTTGACATAGTGATG,3
TCTTGACATGGCGATG,3
TCTTGATGCATTCCCG,3
TCTTGGAGTGAACGAT,3
TCTTGGCATAGCGATG,3
TCTTTACCAATGCATC,3
TCTTTACCACTGCATT,3
TCTTTACCACTGCGTC,3
TCTTTACCACTTCATC,3
TCTTTGCCACTGCATC,3
TGACAACAATAAAAAT,3
TGACAACAATACAAGT,3
TGACCTTTTACATTTA,3
TGAGTTCATATCTCCA,3
TGATAAGCCAGCAAGA,3
TGATCTTTTACAGTTA,3
TGATCTTTTACATCTA,3
TGATCTTTTACGTTTA,3
TGCAGTGGTATAAATA,3
TGCATTGGTATACATA,3
TGCTATTCAGGCGCGG,3
TGCTATTCCGGCGAGG,3
TGCTATTCCGGCGCAG,3
TGCTATTCCGGCGCGA,3
TGCTATTCCGGCGCTG,3
TGCTATTTCGGCGCGG,3
TGCTCCTGGGGTATCA,3
TGGAAAGAAACTGGAG,3
TGGAACGAAGTAGGAG,3
TGGAATCGTCACCAAT,3
TGGGATCGTCACCGAT,3
TGGGGGAACGGGAAGC,3
TGGTCCGCTTCATGAT,3
TGGTCCGCTTCATTCT,3
TGGTCCGCTTCGTGCT,3
TGTAATAGGCGTAACA,3
TGTAATAGGCGTCACT,3
TGTCAGGATAAAGTAG,3
TGTGGAGAGCCCTTAC,3
TGTGGAGCGCCATTAC,3
TGTGGAGCGCCCCTAC,3
TGTGGTGGTCGATCCG,3
TGTTAACTTTGGAAGC,3
TGTTAAGAGAAGTGCG,3
TGTTCAGCGATAACGG,3
TGTTGAGCCAGTCGGA,3
TGTTGAGCCAGTCTAA,3
TGTTGAGCCGGTCTGA,3
TGTTGATCCAGTCTGA,3
TGTTGTAATCCGAATA,3
TTAATGTATCCGCTCC,3
TTACAATTGAAACATA,3
TTACGAATTCGATTCC,3
TTAGGGAACGGGAAGC,3
TTATCTGGAGAGCGCT,3
TTATCTGTAGAGCACT,3
TTATCTGTAGAGCGCA,3
TTATCTGTAGAGCGCG,3
TTATCTGTAGAGTGCT,3
TTATCTGTAGGGCGCT,3
TTATCTTTAGAGCGCT,3
TTCATAAAGTTGGTGC,3
TTCATATCCAACACCA,3
TTCATCAAGTTGGTAC,3
TTCTGTCCAGAATCGT,3
TTCTTTCCAGACTCGT,3
TTGAAAAAAGCATAAA,3
TTGAAAAAATCAGAAA,3
TTGAGAAAATCATAAA,3
TTGAGCGAGAAAAGCA,3
TTGCAATGGAAACATA,3
TTGCTCCTGAGTAGCA,3
TTGCTCCTGAGTAGTT,3
TTGCTCCTGAGTGGTA,3
TTGCTCCTGATTAGTA,3
TTGGGAAACGGGAAGC,3
TTGGTGAACGGGAAGC,3
TTGTATCAGTCTCGCC,3
TTGTATCGGTCGCGCC,3
TTTATATAGAGATTCA,3
TTTATATCCAACAACA,3
TTTATATCCGACACCA,3
TTTATATCGAGATTCG,3
TTTATATCGGGATTCA,3
TTTATGTCCAACACCA,3
TTTCAGCGTTGTTGTG,3
TTTCGGCGTTGTTTTG,3
TTTCGTGATACCCACA,3
TTTCGTGATACTAACA,3
TTTCTTGATACTCACA,3
AAAAAATCTATGACAA,2
AAAAAATGTATGACAA,2
AAAAAATTCGGGGGAC,2
AAAAAATTTACGACAA,2
AAAAAATTTATGACAG,2
AAAAAGCTATAGAAGT,2
AAAAAGTCTCGAGAAG,2
AAAAGATTTATGACAA,2
AAACCCATAAGACACC,2
AAACCCATAAGACCAC,2
AAACCCATAAGACCCG,2
AAAGACCCTTAACTCT,2
AAAGACCTTTAACTCC,2
AAAGCCATAAGACCCC,2
AAAGCCCTTTTCGTTC,2
AAAGCTCTTCTCGTTC,2
AAAGCTCTTTTCGTTT,2
AAAGCTCTTTTCTTTC,2
AAAGTCCACCATTGAG,2
AAATATTGCTACACAT,2
AAATGTTGAATAGACG,2
AAATTCACAATATCAA,2
AAATTCCCTGACTGCT,2
AAATTTTTAATAGACG,2
AACAACAAACAGTAAG,2
AACAAGTAGAACCGCC,2
AACACGGAGAACCGCC,2
AACACGTAGAGCCGCC,2
AACAGAAGTCCAGGTA,2
AACAGAAGTCCATGCA,2
AACAGAAGTCCATGTG,2
AACATAGGGATATGTG,2
AACCACCAAGTGACCG,2
AACCACCGATTGACCG,2
AACCTACGAGAAGTAA,2
AACCTACGATACGTAA,2
AACCTCCCTGACTGCT,2
AACGACAAACAGTACG,2
AACGGCAAACAGTAAG,2
AACGGCCGGCGAACTC,2
AACGGGATGGGCACGT,2
AACGGGCTAATGTCTC,2
AACGGTTCAGACTAAG,2
AACGGTTCCAACTAAG,2
AACGGTTCCGACCAAG,2
AACGGTTCCGACTAAA,2
AACGGTTCCGATTAAG,2
AACGGTTCCGGCTAAG,2
AACGGTTCTGACTAAG,2
AACGTTGTACACACCA,2
AACGTTTCCGACTAAG,2
AACTACCGAGTGACCG,2
AACTGCGTTAATCGAT,2
AACTGCGTTCATCTAT,2
AACTTCCATGACTGCT,2
AAGAAGACTTTGGGAT,2
AAGAAGACTTTTTGAT,2
AAGAAGCTATGGAAGT,2
AAGAATACTTTGTGAT,2
AAGAGGCCTCATAATG,2
AAGATAATATAGAGAC,2
AAGATTGATGGAAGTT,2
AAGATTGATTGAAGGT,2
AAGCACCGAGTGACCG,2
AAGCATTGCTACACAT,2
AAGCGGGGATGTGATT,2
AAGCGGTAATGTGATT,2
AAGCGGTGAGGTGATT,2
AAGCGGTGATGTCATT,2
AAGCGGTGATGTGATC,2
AAGCGGTGATGTGATG,2
AAGCGGTGATGTGGTT,2
AAGCGGTGGTGTGATT,2
AAGCGGTTATGTGATT,2
AAGGAGACTTTGTGAT,2
AAGGAGCCTCATAATG,2
AAGGGATTGGAGAAAC,2
AAGGGGACTCATAATG,2
AAGGGGGCTCATAATG,2
AAGGTACCTATGTAAT,2
AAGGTCCATATGTAAT,2
AAGGTCCCTACGTAAT,2
AAGGTCCCTATGCAAT,2
AAGGTCCCTATGGAAT,2
AAGTATTGCGACACAT,2
AAGTATTGCTAAACAT,2
AAGTATTGCTACAAAT,2
AAGTATTGCTACACAA,2
AAGTATTGCTACACAC,2
AAGTCCATTAAGATCA,2
AAGTGAACGTCATACC,2
AAGTGGCCTCATAATG,2
AAGTGTTGCTACACAT,2
AAGTTAAGAGAAAGTG,2
AATAAACATGCATTGG,2
AATATCATATCTAATA,2
AATCACGCAGAAAAAG,2
AATCACTGACACCCGT,2
AATCGCTGGCAACCGT,2
AATCGCTGGCACACGT,2
AATCGCTGGCACCAGT,2
AATCGCTGGCACCCCT,2
AATCGCTGGCACCTGT,2
AATCTTGGGGAGAGTC,2
AATGAAACAATCGAAA,2
AATGAAACAATCTAAC,2
AATGAAACAATTGAAC,2
AATGAAACAGTCGAAC,2
AATGCGAGCATGGCAA,2
AATGCGAGCATGTCAG,2
AATGCGGGCATGTCAA,2
AATGTGAGCATGTCAA,2
AATGTTGAATAGGCGA,2
AATTATTGCTACACAT,2
AATTCGAGAGTACTAG,2
AATTCGGGAGTACTAG,2
AATTCGTGAGTACGAG,2
AATTCTTGAGTACTAG,2
AATTGAACGCCATACC,2
AATTGAACGTAATACC,2
AATTGCTGGCACCCGT,2
ACAAAATTCGGGGGAC,2
ACAAAGCCTCGAGAAG,2
ACAAAGGCTCGAGAAG,2
ACAAAGTCTCTAGAAG,2
ACAAGAGTCGGGGGAC,2
ACAAGATTCGGGAGAC,2
ACAAGATTCTGGGGAC,2
ACAATCCACCATTGAG,2
ACAATCCGAACCATAC,2
ACAATCTCAACCATAC,2
ACAATCTGAACCAGAC,2
ACACGGGTTGGCTATA,2
ACACGGGTTGGCTGTG,2
ACACGGGTTGGCTGTT,2
ACACGGTTTGGCTGTA,2
ACAGCACGATCTACGC,2
ACAGTACACCATTGAG,2
ACAGTACGGTCTACGC,2
ACAGTCCAACATTGAG,2
ACAGTCCACCATTGTG,2
ACATTTTCCAATATGT,2
ACATTTTCTAATAGGT,2
ACCAATTCACGAATAA,2
ACCACCGGAGCTTGGC,2
ACCAGCGATGAGTTGT,2
ACCCCCGGAGCTCGGC,2
ACCCCCGGATCTTGGC,2
ACCCTCGGAGCTTGGC,2
ACCGAATGAAACATCC,2
ACCGATTCAAGAATAA,2
ACCGGAAGTTACCAAG,2
ACCGTTGTAAACACCA,2
ACGACGAGGCTACGTA,2
ACGAGATTCGGGGGAC,2
ACGATTACTAGCCGGA,2
ACGCATTAGCGGGAGG,2
ACGGAGATTGGCTGTT,2
ACGGGGATGGGCTGTT,2
ACGGGGATTGGTTGTT,2
ACGTATCTCCGAGCAA,2
ACGTATGATGTTCGAG,2
ACGTATGATTGTCGAG,2
ACGTATGATTTTAGAG,2
ACGTATGATTTTCGAT,2
ACGTCCATTAAGATAA,2
ACGTCCATTAAGGTCA,2
ACGTCCATTAGGATCA,2
ACGTGTCTCCGAGCGA,2
ACGTGTCTCTGAGCAA,2
ACGTGTGATTTTCGAG,2
ACTACGAGGCTACGCA,2
ACTACGAGGCTACTTA,2
ACTCTCTAGAAATTTT,2
ACTGTCCAGAAATTTT,2
ACTGTCTAGAAATTGT,2
ACTGTCTAGAACTTTT,2
ACTGTCTAGAGATTTT,2
ACTGTCTGGAAATTTT,2
ACTTATGATTTTCGAG,2
AGAAAACCTCAGATAC,2
AGAAAATCGCAGATAC,2
AGAAAATCTCAGACAC,2
AGAAAATCTCAGATGC,2
AGAAGATTCGGGGGAC,2
AGACCATCGAACCCAA,2
AGACCGCCAGTCTCGT,2
AGACTCCACGGACGCC,2
AGAGATAAAAAGAGGA,2
AGAGCTAAGAAGAGGA,2
AGATCCAACCTATAGT,2
AGATCCACCCTATACT,2
AGATCCACCCTATATT,2
AGATCCCAGGTACTTT,2
AGATCCCAGGTCCCTT,2
AGATCCCAGGTCCTTC,2
AGATCCCAGGTCCTTG,2
AGATCCCAGGTTCTTT,2
AGATCCTGGGGTATCA,2
AGATCTACCCTATAGT,2
AGATCTTTACGAAAAA,2
AGATCTTTTACATTTA,2
AGCACGTAGAACCGCC,2
AGCATAGGGAGATGTG,2
AGCATAGGGATATATG,2
AGCATAGGGATATGTT,2
AGCATCTAACAGATCG,2
AGCATCTAACAGATGG,2
AGCATCTAATAGATAG,2
AGCCCAGGCTGGGGAT,2
AGCCCATACTGGGGAT,2
AGCCCATGATGGGGAT,2
AGCCCATGCTGCGGAT,2
AGCCCATGCTGGGGAC,2
AGCCCATGCTGGGGGT,2
AGCCCATGCTGGTGAT,2
AGCCCATGCTGTGGAT,2
AGCCCATTCTGGGGAT,2
AGCCCCTGGGGTATCA,2
AGCCGAATTAAGTATG,2
AGCCTACGAGACGTAA,2
AGCGACATCGCACTTT,2
AGCGGTTCCGACTAAG,2
AGCGTAGGGATATGTG,2
AGCTCCCGGGGTATCA,2
AGCTCCTGGGGTGTCA,2
AGCTGAATGAAGTATG,2
AGCTGAATTAAGTAGG,2
AGCTGAATTAGGTATG,2
AGCTGAATTGAGTATG,2
AGCTGGATTAAGTATG,2
AGGAAAGAAACCGGAG,2
AGGAAAGAAACTCGAG,2
AGGAAATCTCAGATAC,2
AGGAAGCTATAGAAGT,2
AGGAATCGTCACCGAT,2
AGGACTATAGTTGGCT,2
AGGACTATAGTTGTCA,2
AGGACTGTAGTTGGCA,2
AGGAGAGAAACTGGAG,2
AGGAGTATGAAAAGCG,2
AGGAGTATGTAGAGCG,2
AGGAGTATTAAGAGCG,2
AGGAGTGTGAAGAGCG,2
AGGCCCGTAAGGAATA,2
AGGGCTAAAAAGAGGA,2
AGGGGGCCTCATAATG,2
AGGGTTGGCGTGGTTA,2
AGGTATGATTTTCGAG,2
AGGTCCAGACTCTTGC,2
AGGTCTATAGTTGGCA,2
AGGTGGACGGGCGTGG,2
AGGTGGACGTGCATGG,2
AGGTGGATGGGCATGG,2
AGGTTAAGAGAAAGTT,2
AGGTTCAGACCCTTGC,2
AGGTTCAGACTCCTGC,2
AGGTTCAGACTCTTAC,2
AGGTTGAGACTCTTGC,2
AGTAAACATGCAGTGG,2
AGTAAACATGCATGGG,2
AGTACTATAGTTGGCA,2
AGTATCTGCGCTTCAA,2
AGTATTCGCGCTTCAA,2
AGTATTTGCGCTTCGA,2
AGTATTTTCGCTTCAA,2
AGTCCCGTAAGGACTA,2
AGTCGTCTAGATAGTT,2
AGTCGTTTAGATAATT,2
AGTCGTTTAGATAGCT,2
AGTCGTTTAGATAGTA,2
AGTCGTTTAGATGGTT,2
AGTGCGAGCATGTCAA,2
AGTGGAGCGCCCTTAC,2
AGTGGGGGTCTCCCTT,2
AGTGGTGAATAGGCGA,2
AGTGTCTAGAAATTTT,2
AGTGTTAAATAGGCGA,2
AGTGTTGAATAGTCGA,2
AGTGTTGAATATGCGA,2
AGTGTTGAGTAGGCGA,2
AGTGTTGGATAGGCGA,2
AGTGTTGGCTTGGGTA,2
AGTGTTGGCTTGGTGA,2
AGTGTTGGCTTTGTTA,2
AGTGTTGTCTTGGTTA,2
AGTTCCATAGCCATGG,2
AGTTCCATAGTCATGG,2
AGTTCCATGGGCATGG,2
AGTTGAATTAAGTATG,2
AGTTGCGGTCTCCCTT,2
AGTTGGGGTCTCCCGT,2
AGTTGGGGTTTCCCTT,2
AGTTTTGAATAGGCGA,2
ATAAACGCATGTGCCA,2
ATAACGTTCGTGCAAA,2
ATAACGTTTGTGAAAA,2
ATAACGTTTTTGCAAA,2
ATAACTTTTGTGCAAA,2
ATAAGATATATGGCTG,2
ATACAAAAAACTTAGT,2
ATACAAGAGGTTGTGA,2
ATACACGAGGTTATGA,2
ATACACGAGGTTGTGG,2
ATACACGAGGTTTTGA,2
ATACACGCATATGCCA,2
ATACACGCATGTGACA,2
ATACACGCATGTGCAA,2
ATACACTCATGTGCCA,2
ATACGGGTTGGCTGTA,2
ATAGAATCGCAAATAA,2
ATAGAATCGCAAATCA,2
ATAGCGTTTGTGCAAA,2
ATAGCTGAGGGCATTG,2
ATAGGAGATATGGCTG,2
ATAGGATAGATGGCTG,2
ATAGGATATAGGGCTG,2
ATAGGATATATGGCTA,2
ATAGGATATGTGGCTG,2
ATATAAAAAAATTAGT,2
ATATAAAAAACTTAGG,2
ATATCCACCCTATAGT,2
ATATCTTAATCTACAG,2
ATCAAATAATTGGCGC,2
ATCAGGAGAAGCGCGC,2
ATCAGGATAACCGCGC,2
ATCAGGATAGTCGCGC,2
ATCAGGATGATCGCGC,2
ATCATGATAATCGCGC,2
ATCCCCGGAGCTTGGC,2
ATCCCGAATGGGGTAG,2
ATCGAATGAATCATCC,2
ATCGGATTTAAAGGCA,2
ATCTGAATTAAGTATG,2
ATGACTGAGGGCATTG,2
ATGCACGCATGTGCCA,2
ATGCCGAATGGGGGAG,2
ATGGCCCACAGGCATA,2
ATGGCCCACGGGGATA,2
ATGGCCCACTGGCATA,2
ATGGGATGGGAGAGAC,2
ATGGGATTGGAGAAAG,2
ATGGGATTGGAGGAAC,2
ATGGGATTGGATAAAC,2
ATGGGGTAGAGATACG,2
ATGGTATTGGAGAAAC,2
ATGGTCCACGGGCATA,2
ATGGTTTGACGTCCAT,2
ATGGTTTTACATCCAT,2
ATGTAAATTCGAGGAC,2
ATGTACCTGCAGTTGA,2
ATGTGTCTCCGAGCAA,2
ATTAAATTATAACGTA,2
ATTAGATTATAAAGTA,2
ATTAGGGCGACGTGAG,2
ATTAGGGCTACGTGTG,2
ATTAGGGCTACTTGAG,2
ATTAGGGTTACGTGAG,2
ATTATCATAGCTAATA,2
ATTCCGAATGGGGTAT,2
ATTCTTCTATGGCTAC,2
ATTGCCCACGGGCATA,2
ATTGCTCCGACACGCC,2
ATTGGATTGGAGAAAC,2
ATTGTTTTACGTCCAT,2
ATTTAAATTCTAGGAC,2
ATTTAAATTGGAGGAC,2
ATTTTTCTATGGCTAT,2
ATTTTTCTATTGCTAC,2
CAAAACACGTCCCAGT,2
CAAAATCTACGGCGAA,2
CAAATAGAAATACATA,2
CAAATGCTGCATTAGT,2
CAACGTGATTTCTCGA,2
CAATAAGCCAGCAAGA,2
CAATCAGAAATACATA,2
CAATTAGAAACACATA,2
CAATTAGTAATACATA,2
CAATTCGCCGTTCCAC,2
CACAAATCTTCGAACT,2
CACAGACAATAGAAAA,2
CACAGACAGTAAAAAA,2
CACAGAGAATAAAAAA,2
CACCATAAGCACCTAG,2
CACCATCAGTACCTAG,2
CACCCAGGATCGCACT,2
CACCTAGGATTGCACT,2
CACCTAGTATCGCACT,2
CACCTATGATCGCACT,2
CACCTCCTCTAAAGTT,2
CACCTGCTGCGGAACG,2
CACGGCTGGCGAACTC,2
CACGGGCTAATGGCTC,2
CACGGGCTAATGTATC,2
CACGGGTTAATGTCTC,2
CACGTAGGATCGCACT,2
CACTAGATGGACAGTC,2
CACTAGATGTACAGTA,2
CACTAGATGTGCAGTC,2
CACTAGGTGTACAGTC,2
CACTTCTGATGAATTG,2
CAGAACCTCATTGTCT,2
CAGAACCTCGTTGTCA,2
CAGAACCTCGTTGTCG,2
CAGAACTTATCTGTGG,2
CAGACCCTAGATGGTA,2
CAGAGCCTCGTTGTCT,2
CAGATAGTTATGAACA,2
CAGGACCTCGTTGTCT,2
CAGGCCCTAGAGCTCT,2
CAGGCTCTAGGGCTCT,2
CAGTGAGACGCGCAAG,2
CATAACCTCAGATCAC,2
CATACAGAGCTTGTTG,2
CATACAGAGGTGGTTG,2
CATACAGAGTCTGTTG,2
CATACAGAGTGTGTTG,2
CATACAGAGTTTGGTG,2
CATACAGATTTTGTTG,2
CATGGGAACGGGAAGC,2
CATGGGAATTACCACT,2
CATGGGAATTCCCACT,2
CATGGGAATTGCCAAT,2
CATGGGAGTTGCCACT,2
CATGTGAATTGCCACT,2
CATGTGGAGCCCAACT,2
CATGTGGAGCCCACCA,2
CATGTGGAGCTCAACA,2
CATGTGGATCCCAACA,2
CATTGAGAAGAGCAAG,2
CATTGAGACACGCAAG,2
CATTGAGACGCGCGAG,2
CATTGAGACGCGTAAG,2
CATTGAGACGTGCAAG,2
CATTGAGATGCGCAAG,2
CATTGTGACGCGCAAG,2
CATTTAGAAATACATA,2
CATTTCTGAGGAATTG,2
CATTTCTGATGAGTTG,2
CCAAAACAAAAAATTA,2
CCAACACAAAAAGTTA,2
CCAACACAAAGAATTA,2
CCAACACAAGAAATTA,2
CCAAGCGTGGCGCATC,2
CCAAGCTTGGCACATC,2
CCAAGCTTGGCGCAAC,2
CCAAGCTTGGCGTATC,2
CCAAGCTTGGGGCATC,2
CCAAGCTTGTCGCATC,2
CCAAGTTTGGCGCATC,2
CCAATTTAAGTATCAA,2
CCAGGCTTGGCGCATC,2
CCATCCTCAACTCCTA,2
CCATGATGCATTCCCG,2
CCCACTTTACGAGACA,2
CCCCCCCTCTAAAGTT,2
CCCCTCCTCCAAAGTT,2
CCCCTTACGGATCTCT,2
CCCTATGAAATAAACT,2
CCCTATGAAATAAGCG,2
CCCTATGAAATGAGCT,2
CCCTATTAAATAAGCT,2
CCCTCCGCGGCTCGGG,2
CCCTGCCCGGCTCGGG,2
CCCTGCGCAGCTCGAG,2
CCCTTTACGGATCCCT,2
CCCTTTACGGATCGCT,2
CCCTTTACGGATCTCA,2
CCCTTTACTGATCTCT,2
CCGAGCTGCCAATAAG,2
CCGATTACTAGCCGGA,2
CCGGATAAATCAGAAT,2
CCGGATAAATCAGAGC,2
CCTGGGCTAAGTTGTG,2
CCTGGGGGAAGTTGGG,2
CCTGGGGTAAGTTGTG,2
CCTGGGTTAAGGTGTG,2
CCTGGGTTAAGTTGTT,2
CCTGGGTTAAGTTTTG,2
CCTGGTTTAAGTTGTG,2
CCTGTGTTAAGTTGTG,2
CCTTAATGCATTCCCG,2
CCTTATTAGGCGGCAT,2
CCTTGATGCACTCCCG,2
CCTTGGTGCATTCCCG,2
CCTTGGTTAAGTTGTG,2
CCTTTCTAGTACGCTT,2
CCTTTTACGGATCTCT,2
CGAAAAAATTACAAAT,2
CGAAAACATTACGAAT,2
CGAAACACGTCCAAGT,2
CGAACACAAAAAATTA,2
CGAACCGCAGAAACGT,2
CGAACCGCAGACAAGT,2
CGAACCGCAGACACAT,2
CGAACCGCAGACACGG,2
CGAACCGCAGACATGT,2
CGAAGCTTGGCGCATC,2
CGAATTTAAGTATCAA,2
CGACTCAACGGACGCC,2
CGACTCCAAGGACGCC,2
CGACTCCACGGACGAC,2
CGACTCCATGGACGCC,2
CGAGCACAGCGTAGGC,2
CGATATTGCCCGGAAG,2
CGATATTTACGAAAAA,2
CGATCTTGACGAAAAA,2
CGATCTTTTACATTTA,2
CGCACCTTACGAGACA,2
CGCACTTTACGAAACA,2
CGCACTTTACGAGAAA,2
CGCACTTTACTAGACA,2
CGCGACACCCGTCCGG,2
CGCGACACCCTCCCGG,2
CGCGAGACCCTTCCGG,2
CGCGATACCCTTCCGG,2
CGCTATGAAATAAGCT,2
CGCTGCGCGGCTCGGG,2
CGGACAGTGTAATCGA,2
CGGACCCAAGATGGTA,2
CGGACCCTAGACGGTA,2
CGGACCCTAGATGATA,2
CGGACCCTAGATGGAA,2
CGGACTCTAGATGGTA,2
CGGAGGGATTCAACTC,2
CGGCCAGTGAATCAAA,2
CGGCCCGTAAGGACTA,2
CGGCCTGGGAATCAAA,2
CGGGAAAGGGAAATGA,2
CGGGAAATATAAATGA,2
CGGGAAATGTAAATAA,2
CGGGAAATGTAAATTA,2
CGGGAAATGTGAATGA,2
CGGGAACATACACAAC,2
CGGGAACATGCATAAC,2
CGGGAATATACATAAC,2
CGGGAATCTCCCAAAC,2
CGGGAATCTCCCAGAC,2
CGGGACACCCTTCCGG,2
CGGGAGATGTAAATGA,2
CGGGAGGCCTGGCCCC,2
CGGGGAATGTAAATGA,2
CGGGGACAAGATTGTT,2
CGGGGACATACATAAC,2
CGGGGATCTCCCATAC,2
CGGTCGGGACTCATCA,2
CGGTCGGGACTCGTCT,2
CGGTCGTGACTCATCT,2
CGGTGGGGACTCATCT,2
CGGTTTTGGTTCGAGG,2
CGTACAGTGTAAGCGA,2
CGTACAGTGTAATCAA,2
CGTACAGTGTAGTCGA,2
CGTACATTGTAATCGA,2
CGTACGTATGTACCAG,2
CGTAGCATTGGTCGCC,2
CGTATAGTGTAATCGA,2
CGTCTACCCTTCAGCA,2
CGTGAACATACATAAC,2
CGTGACACCCTCCAAC,2
CGTGACCCCCTCAAAC,2
CGTGCACCCTTCAGCA,2
CGTGGGAATTGCCACT,2
CGTGTACCCTTTAGCA,2
CGTGTACCTTTCAGCA,2
CGTGTACGCTTCAGCA,2
CGTGTGGAGCCCAACA,2
CGTTCAGAGATAACGG,2
CGTTCAGCGATAAAGG,2
CGTTCAGCGATAACGA,2
CGTTCAGTGATAACGG,2
CGTTGAGCGATAACGG,2
CGTTTAGCGATAACGG,2
CGTTTCTGATGAATTG,2
CTAAAACATTACAAAT,2
CTAAAATAATTGGCGC,2
CTAACACAAAAAATTA,2
CTAAGCTGCCAATAAG,2
CTAAGCTTGGCGCATC,2
CTAATTTAAGTACCAA,2
CTAATTTAAGTATCAT,2
CTAATTTAGGTATCAA,2
CTACGAATTTGATTCC,2
CTAGCACAACGTAGGC,2
CTAGCACAGCGTAAGC,2
CTAGCACAGCGTAGCC,2
CTATAAAACGTTTGTA,2
CTATACCTGCAGTTGA,2
CTATACTGCCCGGAAG,2
CTATATTCCCCGGAAG,2
CTATATTGCCCCGAAG,2
CTATATTGCCCGGAAT,2
CTATATTGCCCGGAGG,2
CTATATTGCCCGGTAG,2
CTATCTTAATATACAG,2
CTATCTTAATCTACAT,2
CTATCTTAATCTACGG,2
CTATTCAACAGACGTA,2
CTATTTAACAGACATA,2
CTCAAATAATCGGCGC,2
CTCAAATAATTGGCGT,2
CTCAAATAATTTGCGC,2
CTCAAGTAATTGGCGC,2
CTCAATATCGTAGGAT,2
CTCAATGTCGCAGGAT,2
CTCAATGTCGTAGCAT,2
CTCAATGTCGTAGGGT,2
CTCAATGTCGTAGGTT,2
CTCAATGTCGTAGTAT,2
CTCAATGTCGTATGAT,2
CTCAGTGTCGTAGGAT,2
CTCATAGGGGACGATT,2
CTCGATGTCGTAGGAT,2
CTCGCCGCTAATCCGA,2
CTCTTACGCCCCTACG,2
CTCTTACGCTCCTGCG,2
CTGAACTGAGCTGTGG,2
CTGAACTGCCAATAAG,2
CTGAACTTATCGGTGG,2
CTGAACTTATCTCTGG,2
CTGAACTTATCTGCGG,2
CTGAACTTATCTGTGA,2
CTGAACTTATCTGTGT,2
CTGACAGAATACTAGA,2
CTGAGCGGCCAATAAG,2
CTGAGCTGCCAATAAC,2
CTGAGCTGCCAATAAT,2
CTGAGCTGCCAATAGG,2
CTGAGCTGCCAATGAG,2
CTGAGGGATTCAAATC,2
CTGAGGGATTCAACGC,2
CTGAGGGATTCAACTG,2
CTGAGGGATTCAGCTC,2
CTGAGGGATTTAACTC,2
CTGAGGGGTTCAACTC,2
CTGATCTTATCTGTGG,2
CTGGAACATACATAAC,2
CTGGAAGCCTGGCCCC,2
CTGGAGGCCTGGCCCT,2
CTGGAGGCCTGGCCGC,2
CTGTAACTGCAGTTGA,2
CTGTACCTGCAGGTGA,2
CTGTACCTGCAGTTGG,2
CTGTATCAGTCGCGCC,2
CTGTGGGATTCAACTC,2
CTTAAAGAATACTAGA,2
CTTAACTTGTCGATAT,2
CTTAATGCGCGAGAGT,2
CTTACAGAAGACTAGA,2
CTTACAGAATACCAGA,2
CTTACAGAATACTAAA,2
CTTACAGAATGCTAGA,2
CTTACAGGATACTAGA,2
CTTACAGTGTAATCGA,2
CTTACTGCGAGAGAGT,2
CTTACTGTGCGAGAGT,2
CTTAGCTGCCAATAAG,2
CTTAGGTACTATATGC,2
CTTAGGTATTATACGC,2
CTTAGTTATTACATGC,2
CTTCAGCTCTTGATTA,2
CTTCGGCTCGTGATTA,2
CTTCGGCTCTTAATTA,2
CTTTAAATTATACTCT,2
CTTTAAATTATAGTCA,2
CTTTAAATTATAGTCC,2
CTTTAAATTGTAGTCT,2
CTTTACCTGCAGTTGA,2
CTTTTATAGTACGCTT,2
CTTTTCTAGCACGCTT,2
CTTTTCTAGTAAGCTT,2
CTTTTCTAGTACGATT,2
CTTTTCTAGTACGCTA,2
GAAAAATTTATGACAA,2
GAAAGCCCCGTTCAAT,2
GAAAGTCCATATGATG,2
GAAAGTCCCTATGAGG,2
GAAATCACCAAATAAC,2
GAAGAAACGATAACCA,2
GAAGAAACTATAACAA,2
GAAGAAACTATAACCG,2
GAAGAAACTATAACCT,2
GAAGAAACTATGACCA,2
GAAGAAACTGTAACCA,2
GAAGAAGCTATAACCA,2
GAAGAATAGAACAGAG,2
GAAGGCCCCGTGCAAT,2
GAAGTACGCCGAATGA,2
GAAGTACGCTGAATAA,2
GAAGTACGCTGAATGT,2
GAAGTACGCTGAATTA,2
GAAGTGCATATTGAGT,2
GAATAATATAACAGAG,2
GACAAAAGGGACACAT,2
GACAAAAGGGACATAG,2
GACAAAAGGGACATGT,2
GACAAATGGGACATAT,2
GACAGAAGGGACATAT,2
GACAGAAGTCCATGTA,2
GACCCCTTGTAATATG,2
GACCCTGCAAGCCACT,2
GACGAGATGGGCACGT,2
GACGGAATGGGCACGT,2
GACGGGGTGGGCACGT,2
GAGAACCTCGTTGTCT,2
GAGAGCTGCATAAGCG,2
GAGAGGGATTCAACTC,2
GAGAGGTAGAGATACG,2
GAGAGTCCCTATGATG,2
GAGATCTGCAGAAGCG,2
GAGATTGCTATGGATC,2
GAGCGCCATCGACTTC,2
GAGCTTGCTATGGGTC,2
GAGGGGAACGGGAAGC,2
GAGGGGACACGTCACC,2
GAGGGGATAAGGCACC,2
GAGGGGATACGGCACC,2
GAGGGGATACGTCACT,2
GAGGGGGAGAGAGACG,2
GAGGGGTAGAAATACG,2
GAGGGGTAGATATACG,2
GAGGGTTAGAGATACG,2
GAGGTATCAAGCCGGG,2
GATATTGGGGAGAGTC,2
GATCACCACTGATAAG,2
GATCACCCAGAAAAAG,2
GATCACGCAGAAGAAG,2
GATCACGCAGAGAAAG,2
GATCACGTAGAAAAAG,2
GATCATGCAGAAAAAG,2
GATCCCCATCGACTTC,2
GATCGCAATCGACTTC,2
GATCGCCATCAACTTC,2
GATCGCCATCGAATTC,2
GATCGCCATCGACCTC,2
GATCGCGCAGAAAAAG,2
GATCTGGGGGAGAGTC,2
GATCTTGCTATGGATC,2
GATCTTGGGGAGACTC,2
GATCTTGGGGAGGGTC,2
GATGGCCATCGACTTC,2
GATTCAGATGCCAACC,2
GATTCGGATGCCCACC,2
GATTGAGACGCGCAAG,2
GCAAAAAGTGTAGTTG,2
GCAAACAGTGTAGTGG,2
GCAAACAGTGTAGTTT,2
GCAAATAGTGTAGTTG,2
GCAACGAGATGTAACC,2
GCAACGAGGTGTAAAC,2
GCAACGAGGTGTGACC,2
GCAACTAGGTGTAACC,2
GCAAGCAAAGTTGACC,2
GCAGACAGTGTAGTTG,2
GCAGCGTACCGGTCAT,2
GCAGTACGATCTACGC,2
GCAGTCCACCATTGAG,2
GCATACTCAACTCCTA,2
GCATCCTCAAATCCTA,2
GCATCCTCAACGCCTA,2
GCATCCTCAATTCCTA,2
GCATGGAACTAACTAC,2
GCCAGATCGTATCCCT,2
GCCAGCAATGAGTTGT,2
GCCAGCTCGTATCCAT,2
GCCAGCTCGTGTCCCT,2
GCCATTTACTGAGGGG,2
GCCATTTACTTAAGGG,2
GCCCCCGGAGCTTGGC,2
GCCGAAAGGATCATGA,2
GCCGGCTCGTATCCCT,2
GCCTAAAGGACCATGA,2
GCCTAAAGGATCATTA,2
GCCTAAAGGATCGTGA,2
GCCTAAGGGATCATGA,2
GCCTAGAGGATCATGA,2
GCCTTTGCGCGCAGCC,2
GCCTTTGCGCGTAGTC,2
GCCTTTGCGCTCAGTC,2
GCCTTTTCGCGCAGTC,2
GCGAACGAAGTAGGAG,2
GCGAGCTCGTATCCCT,2
GCGGTATCAAGCCGGG,2
GCGTCCATTAAGATCA,2
GCGTGGAACTAACTCC,2
GCTATTATGACTTCAT,2
GCTCCATCTCAGATCG,2
GCTGTCTAGAAATTTT,2
GCTTGACATAGCGATG,2
GGAACGAGGTGTAACC,2
GGAATCCCCAAATAAC,2
GGACTCCACGGACGCC,2
GGAGAACTGCGGCCCC,2
GGAGATACTAGGACCA,2
GGAGTGCTGCTGAAGT,2
GGCGGGATGGGCACGT,2
GGGAGCGAGAAAAGCA,2
GGGCCCGTAAGGACTA,2
GGGGTATCAAGCCGGG,2
GGTCCATCTCGGATCG,2
GGTGTACCCTTCAGCA,2
GGTTAACTTTGGAATC,2
GGTTAACTTTTGAAGC,2
GTAACGTTTGTGCAAA,2
GTAAGCAAAGCTGACC,2
GTAAGCAAAGTTAACC,2
GTAAGCAAAGTTGAAC,2
GTAAGCAAAGTTGACA,2
GTAAGCAAAGTTGGCC,2
GTAAGCAAAGTTTACC,2
GTAAGCGAGAAAAGCA,2
GTAAGCTTTATGGAGT,2
GTAATTCGCATGTGGA,2
GTACAAACCGTTTGTA,2
GTACCCACTTCCTGCG,2
GTACCCAGTTCATGCG,2
GTACCCAGTTCCTACG,2
GTACCCAGTTTCTGCG,2
GTACCGAGTTCCTGCG,2
GTACGAATTTGATTCC,2
GTAGATAATAGGACCA,2
GTAGATACTAGGAACA,2
GTAGATACTAGGACCT,2
GTAGATATTAGGACCA,2
GTAGCACAGCGTAGGC,2
GTAGCATCCTGGAATG,2
GTAGTATCAAGCCGGG,2
GTATATACTAGGACCA,2
GTATATTGCCCGGAAG,2
GTCAAGTTACGAATGG,2
GTCAAGTTACGCATGG,2
GTCAAGTTACGGAGGG,2
GTCAAGTTACGGATCG,2
GTCAAGTTACGGATGT,2
GTCAAGTTACTGATGG,2
GTCAAGTTAGGGATGG,2
GTCAAGTTATGGATGG,2
GTCAGTCAGCATAAAC,2
GTCGAATCCTGGAATG,2
GTCGACGCTAATCCGA,2
GTCGCACCCTGGAATG,2
GTCGCATACTGGAATG,2
GTCGCATCCTGCAATG,2
GTCGCATCCTGGAGTG,2
GTCGCCGATAATCCGA,2
GTCGCCGCTAATACGA,2
GTCGCCGCTAATCAGA,2
GTCGCCGCTAATCTGA,2
GTCGCCTCTAATCCGA,2
GTCGTATCCTGGAATG,2
GTCTAAAGGATCATGA,2
GTGAAGTTTCATAGCG,2
GTGAGCAAGAAAAGCA,2
GTGAGCGAGAAAAACA,2
GTGAGCGAGAAAAGAA,2
GTGAGCGAGAAAAGTA,2
GTGAGCGAGAAGAGCA,2
GTGAGCGAGAGAAGCA,2
GTGAGCGGGAAAAGCA,2
GTGAGGGATTCAACTC,2
GTGATTATGACTTCAT,2
GTGCAATTGAAACATA,2
GTGCGATGGTCCGGAA,2
GTGCGATTGTACGGAA,2
GTGCGATTGTCAGGAA,2
GTGCGATTGTCCAGAA,2
GTGCGATTGTCCGGAG,2
GTGCGATTGTCCGTAA,2
GTGCTATTGTCCGGAA,2
GTGGGCGAGAAAAGCA,2
GTGGTATCAAGCCGGT,2
GTGGTATCAGGCCGGG,2
GTGGTATCGAGCCGGG,2
GTGGTGTCAAGCCGGG,2
GTGGTTTTACGTCCAT,2
GTTACTGCGCGAGAGT,2
GTTAGGGCTACGTGAG,2
GTTATCATATCTAATA,2
GTTATCATGACTTCAT,2
GTTCATCCTAGTGACG,2
GTTGCTCCGACACGTC,2
GTTGCTCCTACACGCC,2
GTTGTTCCGACACGCC,2
TAAAAAGCCTCCATGG,2
TAAAAATCCTCCATGA,2
TAAAGAGCCTCCATGA,2
TAAAGCCCCGTGCAAT,2
TAACATTGTCGGAAAG,2
TAACGACTCGACTAAC,2
TAACGCGATTTCTCGA,2
TAACGGGATTTCTCGA,2
TAACGTAATTTCTCGA,2
TAACGTGACTTCTCGA,2
TAACGTGATTTCTCGT,2
TAACGTGATTTCTCTA,2
TAACGTGATTTCTTGA,2
TAACTTGATTTCTCGA,2
TAAGTGCGTATTGAGT,2
TAATAAGACAGCAAGA,2
TAATAAGCCAGCGAGA,2
TAATAAGCCGGCAAGA,2
TAATAAGTCAGCAAGA,2
TAATGATAACCCTGCG,2
TACAGAAGTCCATGTA,2
TACATACCGACGCAGC,2
TACATACCGACGCAGG,2
TACATACCGACGTAGT,2
TACATACCGATGCAGT,2
TACATCAAGTTGGTGC,2
TACATGCTGCGGAACG,2
TACCAATGTAATTTGA,2
TACCCCTTGTAAGATG,2
TACCCTGCAAGCCAGT,2
TACCCTGCAAGCCTCT,2
TACCTGCTACGGAACG,2
TACCTGCTGCAGAACG,2
TACCTGCTGCGGAAAG,2
TACCTGCTGTGGAACG,2
TACCTGCTTCGGAACG,2
TACCTTCTGCGGAACG,2
TACTAATAACCCTGCG,2
TACTAATGCCATTGTC,2
TACTAATGCCGTCGTC,2
TACTAATGCCGTTGTT,2
TACTAGATGTACAGTC,2
TACTAGCAATAAAATA,2
TACTAGCAATAAAGTC,2
TACTGACAACCCTGCG,2
TACTGATAACACTGCG,2
TACTGATGACCCTGCG,2
TAGAGCTGCAGAAGCG,2
TAGATAATATAGAGAC,2
TAGCAGTGTCGGAAAG,2
TAGCATTGCCGGAAAG,2
TAGCATTGTCAGAAAG,2
TAGCATTGTCGGAAAT,2
TAGCATTGTCGTAAAG,2
TAGCGGTGATGTGATT,2
TAGCTGATAGTAGCTC,2
TAGCTGATAGTGACTC,2
TAGCTGATATTAACTC,2
TAGTAAGCCAGCAAGA,2
TAGTATTGTCGGAAAG,2
TAGTCCGTTGGGAACT,2
TATACAAGGGACGGAC,2
TATACTCAAGGAGGAT,2
TATATTAGTAACGTAA,2
TATCCAGGGGACGGAC,2
TATGGAAACGATCCCC,2
TATGGAGCGCCCTTAC,2
TATGTCATATCCACAG,2
TATTAAGAGAATTGCG,2
TATTAATACCTTGGAA,2
TATTAATGCCGTTGTC,2
TATTTCGTATCCACAG,2
TCAAACAGTGTAGTTG,2
TCAAACGAAGTAGGAG,2
TCAACGAGGTGTAACC,2
TCAAGACTCGACTAAC,2
TCAATCGGGGGCCAAA,2
TCAATCGGGGGCGAAA,2
TCAATCGGGGGCTAAC,2
TCAATCTGGGGCTAAA,2
TCACTTCAACTAAAAA,2
TCATGGGCGTACGAGA,2
TCATGGGTGTACGAAA,2
TCATGGGTGTACGAGT,2
TCCACACCCCTATCTA,2
TCCAGCGCGATAAGAG,2
TCCAGCGCGGCTCGGG,2
TCCAGCGCGGTAAGAT,2
TCCAGCTCGGTAAGAG,2
TCCCCGTGGTTTGACG,2
TCCGGAAACGATCCCC,2
TCCTTTACGGATCTCT,2
TCGAACGGAGTAGGAG,2
TCGAGTTAATATGCGT,2
TCGAGTTAATATTCGC,2
TCGATGACTAGCCGGA,2
TCGATTACTAGCCAGA,2
TCGATTACTAGCCGCA,2
TCGATTACTAGCCGTA,2
TCGATTACTAGCCTGA,2
TCGATTACTAGTCGGA,2
TCGATTATTAGCCGGA,2
TCGCTGCAACTAAAAA,2
TCGCTTCAACTAAAAT,2
TCGTATGATTTTCGAG,2
TCGTCAGTTGGGAACT,2
TCGTCCGTGGGGAACT,2
TCGTCCGTTGGGAACA,2
TCGTCCGTTGGGAAGT,2
TCGTCCGTTGGGGACT,2
TCGTCCGTTGTGAACT,2
TCGTCCGTTTGGAACT,2
TCGTCCTTTGGGAACT,2
TCGTCGCACCACTGCT,2
TCGTCGCACTAATGCT,2
TCGTCGCACTACCGCT,2
TCGTCTCACTACTGCT,2
TCGTCTGTTGGGAACT,2
TCGTGACATAGCGATG,2
TCGTGTCTCCGAGCAA,2
TCTAAATCTCGCGGCA,2
TCTAACTCCCGCGGCA,2
TCTAACTCTCACGGCA,2
TCTAACTCTCGCAGCA,2
TCTAACTCTCGCGCCA,2
TCTAGCGCGGTAAGAG,2
TCTAGTTAATATGCGC,2
TCTATATCCAACACCA,2
TCTATTACTAGCCGGA,2
TCTCACAGAACCTATC,2
TCTGGAAAAGATCCCC,2
TCTGGAAACGATCACC,2
TCTGGAAACGATCCCA,2
TCTTACTAGGCGGCAT,2
TCTTAGAGTGAAAGAT,2
TCTTAGATTGAACGAT,2
TCTTAGTCCTCGTAAG,2
TCTTAGTCCTCGTATT,2
TCTTAGTCCTCGTTTG,2
TCTTAGTCCTCTTATG,2
TCTTAGTTCTCGTATG,2
TCTTATTAGGCGGCAA,2
TCTTATTCCTCGTATG,2
TCTTGACATAGCTATG,2
TCTTGACATATCGATG,2
TCTTGAGATAGCGATG,2
TCTTGTTAGGCGGCAT,2
TCTTTACTACTGCATC,2
TGACAACAACACAAAT,2
TGACAACAATACATAT,2
TGACAACAATGCAAAT,2
TGACAACGATACAAAT,2
TGACAATAATACAAAT,2
TGAGTCCATAGCTCCA,2
TGAGTTAATAGCTCCA,2
TGAGTTCATAGATCCA,2
TGAGTTCATAGCTCCG,2
TGATAACAATACAAAT,2
TGATATGTGACATTGC,2
TGATCCCAGGTCCTTT,2
TGATCCGTGACATTGC,2
TGATCCTTTACATTTA,2
TGATCTGTAGAGCGCT,2
TGATCTGTGACATTAC,2
TGATCTGTGACATTGA,2
TGATCTGTGACATTTC,2
TGATCTTTTAAATTTA,2
TGATCTTTTACATTGA,2
TGATCTTTTACATTTT,2
TGATTTCATAGCTCCA,2
TGCAATGGTATACATA,2
TGCAGCATTGGTCGCC,2
TGCAGCGCGGTAAGAG,2
TGCAGTGGTCGATCCG,2
TGCAGTGTTATACATA,2
TGCCATTCCGGCGCGG,2
TGCGGGGGTCGATCCG,2
TGCGGTGGTCGATACG,2
TGCGGTGGTCGATCTG,2
TGCGGTTGTCGATCCG,2
TGCTACTCCGGCGCGG,2
TGCTATCCCGGCGCGG,2
TGCTATTCCGGCGCGC,2
TGCTATTCCGGCGCGT,2
TGCTATTCCGGCGTGG,2
TGCTATTCCTGCGCGG,2
TGCTGTGGTCGATCCG,2
TGGAATCATCACCGAT,2
TGGAATCGTCACCGAC,2
TGGAATTGTCACCGAT,2
TGGACTATAGTTGGCA,2
TGGCTTCAACTAAAAA,2
TGGTCCGCCTCATGCT,2
TGGTCCGCTGCATGCT,2
TGGTCTTTTACATTTA,2
TGGTTCGCTTCATGCT,2
TGTAACTCTCGCGGCA,2
TGTAATAGGAGTCACA,2
TGTAATAGGCGCCACA,2
TGTAATAGGCGTCATA,2
TGTAATAGGCGTCCCA,2
TGTAATAGGCGTCGCA,2
TGTAATAGTCGTCACA,2
TGTAATCGTCACCGAT,2
TGTACAGTGTAATCGA,2
TGTACGGATAAAGTAG,2
TGTAGTAGGCGTCACA,2
TGTCCGGAGAAAGGAG,2
TGTCCGGATAAAGTAT,2
TGTGGAGCACCCTTAC,2
TGTGGAGCGCACTTAC,2
TGTGGAGCGCCCATAC,2
TGTGGAGCGCCCGTAC,2
TGTGTTGAATAGGCGA,2
TGTTATTCCGGCGCGG,2
TGTTGAGCAAGTCTGA,2
TGTTGAGCTAGTCTGA,2
TGTTGGGCCAGTCTGA,2
TGTTGTAATCTAAATA,2
TGTTGTAATCTGGATA,2
TGTTGTAATCTTAATA,2
TTAAGCAAAGTTGACC,2
TTAATCAAGTTGGTGC,2
TTAATGTAGCCGCTCA,2
TTACGAAGTTGATTCC,2
TTACGAATTTGATTGC,2
TTACTAATTTGATTCC,2
TTACTCCTGAGTAGTA,2
TTATCTGTAGAGCTCT,2
TTATCTGTAGAGGGCT,2
TTATGGGTGTACGAGA,2
TTCAGTGGTATACATA,2
TTCTATCCAGACTCGT,2
TTCTGTACAGACTCGT,2
TTCTGTCAAGACTCGT,2
TTCTGTCCAGACTAGT,2
TTCTGTCTAGACTCGT,2
TTGAAAAAACCATAAA,2
TTGAAAAGATCATAAA,2
TTGAAAGAATCATAAA,2
TTGAACTTATCTGTGG,2
TTGAATCGTCACCGAT,2
TTGATATCCAACACCA,2
TTGCAAGTGAAACATA,2
TTGCAATTGAAACAGA,2
TTGCAATTGGAACATA,2
TTGCATCAGTCGCGCC,2
TTGCTACTGAGTAGTA,2
TTGCTCCTGAGTATTA,2
TTGCTTCAACTAAAAA,2
TTGGCGAACGGGAAGC,2
TTGGGCACTAAATGAA,2
TTGGGGAACGGAAAGC,2
TTGGGGAACGGGAACT,2
TTGGGGAACGGGAAGG,2
TTGGGGAACGGGTAGC,2
TTGGGGAACGTGAAGC,2
TTGGGTAACGGGAAGC,2
TTGGTATCAAGCCGGG,2
TTGTATAAGTCGCGCA,2
TTGTATCAGTCGCGGC,2
TTGTATCAGTCGCGTC,2
TTGTATCAGTCGTGCC,2
TTGTATCTGTCGCGCC,2
TTGTCCGTTGGGAACT,2
TTGTCGCACTACTGCT,2
TTGTCTGTAGAGCGCT,2
TTTAAGCGTTGTTTTG,2
TTTACAGAATACTAGA,2
TTTAGTGATACTCACA,2
TTTATACCCAACACCA,2
TTTATATCCAACACCG,2
TTTATATCCAACATCA,2
TTTATATCCAGCACCA,2
TTTATATCGAGACTCA,2
TTTATATCGAGGTTCA,2
TTTATATCTAGATTCA,2
TTTATATTGAGATTCA,2
TTTATTATGACTTCAT,2
TTTCACAGAAACTATC,2
TTTCACAGAACCTATA,2
TTTCACAGAACCTGTC,2
TTTCAGCGTGGTTTTG,2
TTTCAGCGTTATTTTG,2
TTTCATCGTTGTTTTG,2
TTTCGGCTCTTGATTA,2
TTTCGTGATAATCACA,2
TTTCGTGATACTCACT,2
TTTCGTGATACTCATA,2
TTTCGTTATACTCACA,2
TTTCTCCTGAGTAGTA,2
TTTGAGCGTTGTTTTG,2
TTTGGCACTAAATTAA,2
TTTTACAGAACCTATC,2
TTTTAGTCCTCGTATG,2
TTTTATCAGTCGCGCC,2
TTTTGAGCCAGTCTGA,2
AAAAAAATTATGACAA,1
AAAAAACTTATGACAA,1
AAAAAAGGTAGGACAA,1
AAAAAAGTTATGACAA,1
AAAAAATCTCAGATAC,1
AAAAAATTGATGACAA,1
AAAAAATTTATGACTA,1
AAAAAATTTATGAGAA,1
AAAACATTTATGACAA,1
AAAAGATTTGGGAGGG,1
AAAAGCCCCGTGCAAT,1
AAAATCCCCAAATAAC,1
AAACAAATAAGACCCC,1
AAACACATAAGACCCC,1
AAACCATGCTGGGGAT,1
AAACCCATAAAACCCC,1
AAACCCATAAGACGCC,1
AAACGCTGGCACCCGT,1
AAACGGTGATGTGATT,1
AAACGTGATTTCTCGA,1
AAAGAATTTATGACAA,1
AAAGACCTTTAAATCT,1
AAAGACCTTTAACGCT,1
AAAGATCTTTTCGTTC,1
AAAGCTATTTTCGTTC,1
AAAGCTCGTTTCGTTC,1
AAAGCTCTTTACGTTC,1
AAAGCTCTTTCCGTTC,1
AAAGCTCTTTTAGTTC,1
AAAGCTCTTTTCATTC,1
AAAGCTCTTTTTGTTC,1
AAAGGATATATGGCTG,1
AAAGGCCTTTAACTCT,1
AAAGGCGCCCCTTCAA,1
AAAGGGTCCGACGAAG,1
AAAGGTTCCGACTAAG,1
AAAGTAGCGGAGGATT,1
AAAGTATCAGAGGATT,1
AAATAAGCCAGCAAGA,1
AAATACCTTTAACTCT,1
AAATCCACCCTATAGT,1
AAATCCATAAGACCCC,1
AAATGTGTAATAGACG,1
AAATGTTTAAGAGACG,1
AAATGTTTAATAGAAG,1
AAATTAACAATATCCA,1
AAATTCACAAGATCCA,1
AAATTCACAATAACCA,1
AAATTCACAATACCCA,1
AAATTCACAATATACA,1
AAATTCACAATATTCA,1
AAATTCATAATATCCA,1
AAATTCGCAATATCCA,1
AAATTCGCCGTTCCCC,1
AAATTTTCCAATAGGT,1
AACAAAAGGGACATAT,1
AACACGTAAAACCGCC,1
AACACGTAGAAACGCC,1
AACACGTAGAACCCCC,1
AACACGTAGAACCGCA,1
AACACGTAGAACCGGC,1
AACACGTAGAACCGTC,1
AACACGTAGAACTGCC,1
AACACGTAGAATCGCC,1
AACACGTATAACCGCC,1
AACAGAACTCCATGTA,1
AACAGAAGACCATGTA,1
AACAGAAGGCCAGGTA,1
AACAGAAGGCCATGTA,1
AACAGAAGTCCAAGTA,1
AACAGAAGTCCGTGTA,1
AACAGAAGTCCTTGTA,1
AACAGAAGTCGATGTA,1
AACAGAAGTTCATGTA,1
AACAGCGCGGTAAGAG,1
AACAGGAGTCCATGTA,1
AACATGTAGAACCGCC,1
AACCAATGTCATTTGA,1
AACCACCACAGAGATG,1
AACCACCCCACAGATG,1
AACCACCGAATGACCG,1
AACCACCGACTGACCG,1
AACCACCGAGTAACCG,1
AACCACCGTGTGACCG,1
AACCACCTAGTTACCG,1
AACCACTCCAGAGATG,1
AACCAGCGAGTGACCG,1
AACCATACCGCGTTTA,1
AACCCATGCTGGGGAT,1
AACCGACGAGACGTAA,1
AACCGCGTTCATCGAT,1
AACCGTAACGCGTTTA,1
AACCGTACCGAGTTTA,1
AACCGTACCGCGGTTA,1
AACCGTACCGCGTGTA,1
AACCGTACCGCTTTTA,1
AACCTACGAGACGCAA,1
AACCTACGAGACGTAG,1
AACCTACGAGACGTTA,1
AACCTACGGGACGTAA,1
AACCTAGGATCGCACT,1
AACCTGCGAGACGTAA,1
AACGAAACAATCGAAC,1
AACGACAAACAGCAAG,1
AACGACAAACAGTAAA,1
AACGACAAACAGTAAC,1
AACGACAAACAGTTAG,1
AACGACAAACGGTAAG,1
AACGACAAATAGTAAG,1
AACGACCGAGTGACCG,1
AACGAGAAACAGTAAG,1
AACGGCGTTCATCGAT,1
AACGGGTCCGACTAAG,1
AACGGTCCCGACTAAG,1
AACGGTTCCGACTAAC,1
AACGTCCCTGACTGCT,1
AACTAGATGTACAGTC,1
AACTCCTGGGGTATCA,1
AACTGATAACCCTGCG,1
AACTGCGTGCATCGAT,1
AACTGCGTTCATCGAA,1
AACTGCGTTCATTGAT,1
AACTTACCTGACTGCT,1
AACTTACGAGACGTAA,1
AACTTCCCTGACGGCT,1
AACTTCCCTGATTGCT,1
AACTTCCCTGGCTGCT,1
AACTTCCGTCGACTGA,1
AACTTCCGTCGCATGA,1
AACTTCCTTGACTGCT,1
AACTTCTGTCGCCTGA,1
AACTTTCCTGACTGCT,1
AAGAAACTATAGAAGT,1
AAGAAGACTGTGTGGT,1
AAGAAGACTTCGTGAT,1
AAGAAGACTTTATGAT,1
AAGAAGACTTTGTGGT,1
AAGAAGACTTTGTTAT,1
AAGAAGCCATAGAAGT,1
AAGAAGCGATAGAAGT,1
AAGAAGCTACAGAAGT,1
AAGAAGCTATAGAAAT,1
AAGAAGCTATAGAAGC,1
AAGAAGCTATAGAGGT,1
AAGAAGCTATATAAGT,1
AAGAAGCTGTAGAAGT,1
AAGAAGCTTTAGAAGT,1
AAGAAGGCTTTGTGAT,1
AAGACGTAGAACCGCC,1
AAGAGAAGTCCATGTA,1
AAGAGGCTATAGAAGT,1
AAGAGGTGATGTGATT,1
AAGAGTATGAAGAGCG,1
AAGATTGATTGAAGCT,1
AAGATTGATTGAGGTT,1
AAGATTGATTGGAGTT,1
AAGATTGATTTAAGTT,1
AAGATTTATTGAAGTT,1
AAGCCCAGCGGGGGAT,1
AAGCCCAGCGGGTTAT,1
AAGCCCATCGGGTGAT,1
AAGCCCGTAAGGACTA,1
AAGCGCTGATGTGATT,1
AAGCGCTGGCACCCGT,1
AAGCGGTGATGCGATT,1
AAGCGGTGATGGGATT,1
AAGCGGTGATGTAATT,1
AAGCGGTGATGTGATA,1
AAGCGGTGATGTTATT,1
AAGCGGTGATTTGATT,1
AAGCTAGTAGACCCAC,1
AAGCTCCCTATGTAAT,1
AAGCTTGCTATGGATC,1
AAGGAAACAATCGAAC,1
AAGGACAAACAGTAAG,1
AAGGCCCACGGGCATA,1
AAGGGCCCTCATAATG,1
AAGGGGCCACATAATG,1
AAGGGGCCTCAGAATG,1
AAGGGGCCTCATAATA,1
AAGGGGCCTCATAATT,1
AAGGGGCCTCATAGCG,1
AAGGGGCCTCATAGTT,1
AAGGGGCCTCATATTG,1
AAGGGGCCTCATGATG,1
AAGGGGCCTGATAATG,1
AAGGGGCTTCATAATG,1
AAGGGGTCTCATAATG,1
AAGGTAAGAGAAAGTG,1
AAGGTCCCTATTTAAT,1
AAGGTCCCTTTGTAAT,1
AAGGTCCGTATGTAAT,1
AAGGTGCCTATGTAAT,1
AAGGTTCCTATGTAAT,1
AAGGTTTTACGTCCAT,1
AAGTATCGCTACACAT,1
AAGTATTACTACACAT,1
AAGTATTCCTACACAT,1
AAGTATTGCCACACAT,1
AAGTATTGCTACATAT,1
AAGTATTGCTGCACAT,1
AAGTCAAGAGAAAGTT,1
AAGTGAAGAGAAAGTT,1
AAGTGCGTTCATCGAT,1
AAGTGGTGATGTGATT,1
AAGTTAAGAAAAAGTT,1
AAGTTAAGAGAAAGGT,1
AAGTTAAGAGAAATTT,1
AAGTTAAGAGAGAGTT,1
AAGTTAAGAGGAAGTT,1
AAGTTAATAGAAAGTT,1
AAGTTAATAGACCCAC,1
AAGTTAGCAGACCCAC,1
AAGTTAGTACACCCAC,1
AAGTTAGTAGACACAC,1
AAGTTAGTAGACCAAC,1
AAGTTAGTAGACTCAC,1
AAGTTAGTATACCCAC,1
AAGTTATGAGAAAGTT,1
AAGTTCCCTATGTAAT,1
AATAAGCTATAGAAGT,1
AATACAGAGTTTGTTG,1
AATAGATTATAACGTA,1
AATATTAGTAACATAA,1
AATCAAACAATCGAAC,1
AATCAGAAATTTATTC,1
AATCGCCATCGACTTC,1
AATCGCCGGCACCCGT,1
AATCGCTCGCACCCGT,1
AATCGCTGCCACCCGT,1
AATCGCTGGCACCGGT,1
AATCGCTGGCACTCGT,1
AATCGCTGGCGCCCGT,1
AATCGCTGGGACCCGT,1
AATCGTTGGCACCCGT,1
AATGAAAAAATAGAAC,1
AATGAAACAATCGAAT,1
AATGAAACAATCGAGC,1
AATGAAATAATCGAAC,1
AATGACCTTTAACTCT,1
AATGAGACAATCGAAC,1
AATGCGACCATGTCAA,1
AATGCGAGCACGTCAA,1
AATGCGAGCAGGTCAA,1
AATGCGAGCATGACAA,1
AATGCGAGCATGCCAA,1
AATGCGAGCATGTAAA,1
AATGCGAGGATGTCAA,1
AATGCGATCATGTCAA,1
AATGCGTGAGTACTAG,1
AATGGAACAATCGAAC,1
AATGGTTCCGACTAAG,1
AATGTACCCTTCAGCA,1
AATGTTGGCTTGGTTA,1
AATTAAACAATCGAAC,1
AATTAGTGAGTACTAG,1
AATTCGTCAGTACTAG,1
AATTCGTGAATACTAG,1
AATTCGTGAGGACGAG,1
AATTCGTGAGGACTAG,1
AATTCGTGAGTACCAG,1
AATTCGTGAGTACTCG,1
AATTCGTGAGTATTAG,1
AATTCGTGAGTTCTAG,1
AATTGAAAGTCATACC,1
AATTGAACATCATACC,1
AATTGAACGTCATAGC,1
AATTGAACGTCATGCC,1
AATTGAACTTCATACC,1
AATTGAAGGTCATACC,1
AATTGGGGTCTCCCTT,1
AATTGGTGAGTACTAG,1
AATTTATCCGAGAGTG,1
AATTTATCCGAGATCG,1
AATTTATCCTAGAGCG,1
ACAAAATCTCAGATAC,1
ACAAAATCTCGAGAAG,1
ACAAAGTCCCGAGAAG,1
ACAAAGTCTCGAGACG,1
ACAAAGTCTCGAGGAG,1
ACAAAGTCTCGGGAAG,1
ACAAAGTCTTGAGAAG,1
ACAAATTCTCGAGAAG,1
ACAACCTGAACCATAC,1
ACAACGAGGCTACGTA,1
ACAACGTTTGTGCAAA,1
ACAAGATCCGGGGGAC,1
ACAAGATTCGGGGAAC,1
ACAAGATTCGGGGGAG,1
ACAAGATTCGGGGTAC,1
ACAAGATTTGGGGGAC,1
ACAAGCTGAACCATAC,1
ACAAGGTTCGGGGGAC,1
ACAATACGATCTACGC,1
ACAATCGGAACCATAC,1
ACAATCGGGGGCTAAA,1
ACAATCTGAACCACAC,1
ACAATCTGAACTATAC,1
ACAATCTGAAGCATAC,1
ACAATCTGAATCATAC,1
ACAATCTGAGCCATAC,1
ACACGGATTGGCTGTA,1
ACACGGGCTGGCTGTA,1
ACACGGGTGGGCGGTA,1
ACACGGGTGGGCTGTA,1
ACACGGGTTGCCTGTA,1
ACACGGGTTGGCGGGA,1
ACACGGGTTGGCGGTA,1
ACACGGGTTGGCTGAA,1
ACACGGGTTGTCTGTA,1
ACAGGCCACCATTGAG,1
ACAGTACAATCTACGC,1
ACAGTACGATCCACGC,1
ACAGTACGATCGACGC,1
ACAGTACGATCTACCC,1
ACAGTACGATCTACGA,1
ACAGTACGATCTGCGC,1
ACAGTACTATCTACGC,1
ACAGTATGATCTACGC,1
ACAGTCAACCATTGAG,1
ACAGTCCACAATTGAA,1
ACAGTCCACAATTGAG,1
ACAGTCCACCATCGAG,1
ACAGTCCACCATTGAA,1
ACAGTCCACCATTGAT,1
ACAGTCCATCATTGAG,1
ACAGTCCGCCATTGAG,1
ACAGTCGACCATTGAG,1
ACAGTTGTACACACCA,1
ACATCCACCCTATAGT,1
ACATCCATTAAGATCA,1
ACATCTTCCAATAGGT,1
ACATGTTCCAATAGGT,1
ACATTTCCCAATAGGT,1
ACATTTGCCAATAGGT,1
ACATTTTACAATAGGT,1
ACATTTTCAAATAGGT,1
ACATTTTCCAACAGGT,1
ACATTTTCCAATAGCT,1
ACATTTTCCAATAGGC,1
ACATTTTCCAATAGGG,1
ACATTTTCCAATGGGT,1
ACATTTTCCGATAGGT,1
ACCAACGGAGCTTGGC,1
ACCAGAAGTCCATGTA,1
ACCAGCAAGGAGTTGT,1
ACCAGCAATAAGTTGT,1
ACCAGCAATCAGTTGT,1
ACCAGCAATGAATTGT,1
ACCAGCAATGAGGGGT,1
ACCAGCAATGAGTTCT,1
ACCATTGTACACACCA,1
ACCCCCAGAGCTTGGC,1
ACCCCCGAAGCTTGGC,1
ACCCCCGGAACTTGGC,1
ACCCCCGGAGCCTGGC,1
ACCCCCGGAGCTGGGC,1
ACCCCCGGAGCTTCGC,1
ACCCCCGGAGCTTGAC,1
ACCCCCGGAGTTTGGC,1
ACCCCCGGGGCTTGGC,1
ACCCGATTTAAAGGCA,1
ACCGAACGAATCATCC,1
ACCGAAGGAATCAGCC,1
ACCGAAGGAATCATCC,1
ACCGAATCACGAATAA,1
ACCGAATGAACCATCC,1
ACCGAATGAATCACCC,1
ACCGAATGAATCAGCC,1
ACCGAATGAATCGTCC,1
ACCGAATGAATGATCC,1
ACCGAATGCATCATCC,1
ACCGACTCACGAATAT,1
ACCGAGACACGAATAA,1
ACCGAGTCACGAATAA,1
ACCGAGTGAATCATCC,1
ACCGATTAACGAATAA,1
ACCGATTCACGAACAA,1
ACCGATTCACGAAGAA,1
ACCGATTCACGAATAG,1
ACCGATTCACGAATAT,1
ACCGATTCACGAATTA,1
ACCGATTCACGAGTAA,1
ACCGATTCACGGATAA,1
ACCGATTCGCGAATAA,1
ACCGCTGCGGCGTGTG,1
ACCGGAAGGGGCCAAG,1
ACCGGAAGTGGCCAAG,1
ACCGGAAGTTGACAAG,1
ACCGGAAGTTTCCAAG,1
ACCGGCGTTAGTGTCA,1
ACCGGGAGTTGCCAAG,1
ACCGGTTCCGACTAAG,1
ACCGTCGTACACACCA,1
ACCGTCTAGAAATTTT,1
ACCGTTGTACACACAA,1
ACCGTTGTACACACCG,1
ACCTAAAGGATCATGA,1
ACCTATGATTTTCGAG,1
ACCTCCTGGGGTATCA,1
ACCTGAAGTTGCCAAG,1
ACCTGCAATGAGTTGT,1
ACCTTTACGGATCTCT,1
ACCTTTGCGCGCAGTC,1
ACGAGTCTCCGAGCAA,1
ACGCAAATAGACCGTA,1
ACGCCCATTAAGATCA,1
ACGCCCGGAGCTTGGC,1
ACGCTTCAACTAAAAA,1
ACGGGATTGGAGAAAC,1
ACGGGGAACGGGAAGC,1
ACGGGGACTGGCTGTT,1
ACGGGGAGTGGCTGTT,1
ACGGGGATTCGCTGTT,1
ACGGGGATTGGCTATT,1
ACGGGGATTGGCTGTG,1
ACGGGGATTTGCTGTT,1
ACGGGGTTAAGTTGTG,1
ACGGGTATTGGCTGTT,1
ACGGTACGATCTACGC,1
ACGGTCCACCAGGGAG,1
ACGGTCTAGAAAGTTG,1
ACGGTGATTGGCTGTT,1
ACGTACATTAAGATCA,1
ACGTACGATTTTCGAG,1
ACGTATCATTTTCGAG,1
ACGTATGATGGTCGAG,1
ACGTATGATTCTCGAG,1
ACGTATGATTTCCGAG,1
ACGTATGATTTGCGAG,1
ACGTATGATTTTGGAG,1
ACGTATGATTTTTGAG,1
ACGTATGGTTTTCGAG,1
ACGTCAATTAAGATCA,1
ACGTCCATTAAGATCC,1
ACGTCCATTAAGATCT,1
ACGTCCATTAAGATGA,1
ACGTCCATTAATATCA,1
ACGTCCATTGAGATCA,1
ACGTGGGTGTACGAGA,1
ACGTGTCTCAGAGAAA,1
ACGTGTCTCCAAGCAA,1
ACGTGTCTCCGACCAA,1
ACGTGTCTCCGAGCAG,1
ACGTGTCTCCGATCAA,1
ACGTGTCTCCGGTCAT,1
ACGTGTTTCCGAGCAA,1
ACGTTTCTCCGAGCAA,1
ACTAACTCTCGCGGCA,1
ACTACGAGGCGACGTA,1
ACTACGAGGCTACGGA,1
ACTACGAGGCTATGTA,1
ACTACGAGGCTGCGTA,1
ACTACGAGGTTACGTA,1
ACTACGAGTCTACGTA,1
ACTACGGGGCTACGTA,1
ACTATCTAGAAATTTT,1
ACTATGAGGCTACGTA,1
ACTCAAATTCGAGGAC,1
ACTCCGGCTCGCTAAT,1
ACTCTCGCTCGCTAAT,1
ACTCTGACTCGCTAAT,1
ACTCTGCCTCGCTAAT,1
ACTCTGGCGCGCTAAT,1
ACTCTGGCTCGCAAAT,1
ACTCTGGCTCGCTAAC,1
ACTCTGGCTCGCTAAG,1
ACTCTGGCTCGCTGAT,1
ACTCTGGCTCGTTAAT,1
ACTCTGGCTCTCTAAT,1
ACTGACTAGAAATTTT,1
ACTGCGAGGCTACGTA,1
ACTGGAAACGATCCCC,1
ACTGGCGAGAAATTTT,1
ACTGGCTAGAAAGTTT,1
ACTGGGATTGGCTGTT,1
ACTGTACCCTTCAGCA,1
ACTGTATAGAAATTTT,1
ACTGTCAAGAAATTTT,1
ACTGTCGAGAAATTTT,1
ACTGTCTAAAAATTTT,1
ACTGTCTAGAAAGGGT,1
ACTGTCTAGAAAGTTT,1
ACTGTCTAGAAATGTG,1
ACTGTCTAGAAATTCT,1
ACTGTCTAGAAATTTC,1
ACTGTCTAGGAATTTT,1
ACTGTTGTACACACCA,1
ACTTCCATAGGCATGG,1
ACTTCCATTAAGATCA,1
AGAAAAGAAACTGGAG,1
AGAAAAGCGCAGAGAC,1
AGAAAATCGCAGAGAC,1
AGAAAATCTCACATAC,1
AGAAAATCTCAGAAAC,1
AGAAAATCTCCGATAC,1
AGAAAATCTCTGATAC,1
AGAAAATGTCAGATAC,1
AGAAAGTCTCAGATAC,1
AGAACCGCAGACACGT,1
AGAAGAGGGATAGGGG,1
AGAAGTATGAAGAGCG,1
AGAATAGGGATAGGGG,1
AGAATCTGAACCATAC,1
AGACAACAATACAAAT,1
AGACAATCGCACCCAA,1
AGACCACCAGTTTCGT,1
AGACCATAGCACCCAA,1
AGACCATCGCACCCAG,1
AGACCATCGCATCCAA,1
AGACCATGGCACCCAA,1
AGACCCGTAAGGACTA,1
AGACCGCCAGGTTCGT,1
AGACCGCCAGTTTTGT,1
AGACCGCCATTTTCGT,1
AGACCGTCAGTTTCGT,1
AGACCTCCAGTTTCGT,1
AGACGGGTTGGCTGTA,1
AGAGACATCGCCCTTT,1
AGAGAGAAAAAGAGGA,1
AGAGCTAAAAAGAAGA,1
AGAGCTAAAAAGAGGT,1
AGAGCTAAAAAGATGA,1
AGAGCTAGAAAGAGGA,1
AGAGGATATATGGCTG,1
AGAGTACGATCTACGC,1
AGAGTCCACCATTGAG,1
AGAGTTCATAGCTCCA,1
AGATAAAAAACTTAGT,1
AGATACCAGGTCCTTT,1
AGATCAACCCTATAGT,1
AGATCACAGGTCCTTT,1
AGATCCACCCTATGGT,1
AGATCCACCTTATAGT,1
AGATCCCAGGTCCTGT,1
AGATCCCAGGTCCTTA,1
AGATCCTAGGTCCTTT,1
AGATCTAAAAAGAGGA,1
AGATGCCAGGTCCTTT,1
AGATGGACGGGCATGG,1
AGATGTCTCCGAGCAA,1
AGATTCACAATATCCA,1
AGATTCACCCTATAGT,1
AGATTCAGACTCTTGC,1
AGATTCCAGGTCCTTT,1
AGATTTTCCAATAGGT,1
AGCACAGGGATATGTG,1
AGCACCTGGGGTATCA,1
AGCAGCGAACAGAGAG,1
AGCATAGGAATATGTG,1
AGCATAGGCATATGTG,1
AGCATAGGGATATGTC,1
AGCATAGGGATTTGTG,1
AGCATCTAACAGATAA,1
AGCATCTAACAGATAC,1
AGCATCTAACAGGTAG,1
AGCATCTAAGAGATAG,1
AGCATCTGACAGATAG,1
AGCCAATGCTGGGGAT,1
AGCCCATGCTGGGAAT,1
AGCCCATGCTGGGTAT,1
AGCCCATGGTGGGGAT,1
AGCCCATGTTGGGGAT,1
AGCCCCGGAGCTTGGC,1
AGCCGATTTAAAGGCA,1
AGCCGTTTAGATAGTT,1
AGCGAATGAATCATCC,1
AGCGACATAGCCCTTT,1
AGCGACATCGCCCCTT,1
AGCGACATCTCCCTTT,1
AGCGCATGCTGGGGAT,1
AGCGCCTGGGGGAGCA,1
AGCGGAAGTTGCCAAG,1
AGCGGTGGTCGATCCG,1
AGCGTCTAACAGATAG,1
AGCGTTGAATAGGCGA,1
AGCGTTGGCTTGGTTA,1
AGCGTTGTACACACCA,1
AGCTATTCCGGCGCGG,1
AGCTCAATTAAGTATG,1
AGCTCATGCTGGGGAT,1
AGCTCATGGGGTATCA,1
AGCTCCCGGGGTATCG,1
AGCTCCGGGGGTATCA,1
AGCTCCTCGGGTATCA,1
AGCTCCTGAGGTATCA,1
AGCTCCTGCGGTATCA,1
AGCTCCTGGGGCATCA,1
AGCTCCTGGGGTATTA,1
AGCTCCTGGGTTATCA,1
AGCTGAAGTAAGTATG,1
AGCTGAATTAAGTACG,1
AGCTGAATTAAGTATA,1
AGCTGAATTAAGTGTG,1
AGCTGAGTTAAGTATG,1
AGCTTTTATAACTTGC,1
AGGAAAGAAACTGGAC,1
AGGAAAGAAACTTGAG,1
AGGAAAGAAGCTGGAG,1
AGGAAAGGAACTGGAG,1
AGGAAAGGGATATGTG,1
AGGAAGACTTGGGGAT,1
AGGAAGACTTTGTGAT,1
AGGAATATAGTTGGCA,1
AGGACCGTAAGGACTA,1
AGGACGATAGTTGGCA,1
AGGACTAGAGTTGGCA,1
AGGACTATACTTGGCA,1
AGGACTATAGCTGGCA,1
AGGACTATAGGTGGCA,1
AGGACTATAGTCGGCA,1
AGGACTATAGTTTGCA,1
AGGAGTATGAAGAGCA,1
AGGAGTATGAAGAGCT,1
AGGAGTATGAAGAGGG,1
AGGAGTATGAAGATCG,1
AGGAGTATGAAGGGCG,1
AGGAGTATGAAGTGCG,1
AGGAGTATGAATAGCG,1
AGGAGTATGAGGAGCG,1
AGGATAGGGATATGTG,1
AGGATTGATTGAAGTT,1
AGGCCAGGGAATCAAA,1
AGGCCAGTAAGGACTA,1
AGGCCATGCTGGGGAT,1
AGGCCCGCAAGGACTA,1
AGGCCCGTAAGAACTA,1
AGGCCCGTAAGGACGA,1
AGGCCCGTAAGGACTG,1
AGGCCCGTAAGGATTA,1
AGGCCCGTAATGACTA,1
AGGCCCGTAGGGACTA,1
AGGCCCTTAAGGACTA,1
AGGCCGGTAAGGACTA,1
AGGCGTTTAGATAGTT,1
AGGGAAGAAACTGGAG,1
AGGGACCAGGTCCGGT,1
AGGGCCCACGGGCATA,1
AGGGCTATAGTTGGCA,1
AGGGGGATTGGCTGTT,1
AGGGTCCCTATGTAAT,1
AGGGTTGAATAGGCGA,1
AGGTATTGCTACACAT,1
AGGTCCACCCTATAGT,1
AGGTCCATAGGCATGG,1
AGGTCCGCTTCATGCT,1
AGGTCCGTAAGGACTA,1
AGGTGAACGGGCATGG,1
AGGTGGACAGGCATGG,1
AGGTGGACCGGCATGG,1
AGGTGGACGGACACGT,1
AGGTGGACGGGCAGGG,1
AGGTGGACGGTCATGG,1
AGGTGGACTGGCATGG,1
AGGTGGAGGGGCATGG,1
AGGTGGGGGAGACCTT,1
AGGTGGTCGGGCATGG,1
AGGTGTACGGGCATGG,1
AGGTGTCTCCGAGCAA,1
AGGTTAGTAGACCCAC,1
AGGTTCAGACTTTTGC,1
AGGTTCAGGCTCTTGC,1
AGGTTCTGACTCTTGC,1
AGGTTTTATAACTTGC,1
AGTAAACACGCATTGG,1
AGTAAACATACATTGG,1
AGTAAACATGAATTGG,1
AGTAAACATGCATTGA,1
AGTAAACATGCATTGC,1
AGTAAACATGCATTTG,1
AGTAAACATGTATTGG,1
AGTAAACGTGCATTGG,1
AGTAAAGAAACTGGAG,1
AGTACTATCCTCAAAT,1
AGTAGATGATAACGTA,1
AGTAGGGCTACGTGAG,1
AGTAGTTGCGCTTCAA,1
AGTATTGAATAGGCGA,1
AGTATTGGCGCTTCAA,1
AGTATTGGCTTGGTTA,1
AGTATTTAAGTATCAA,1
AGTATTTGCGATTCAA,1
AGTATTTGCGCCTCAA,1
AGTATTTGCGCTGCAA,1
AGTATTTGCGCTTCAT,1
AGTATTTGCGTTTCAA,1
AGTATTTGGGCTTCAA,1
AGTATTTGTGCTTCAA,1
AGTCATATCCTCAAAT,1
AGTCCGGATAAAGTAG,1
AGTCCTACCCTCAAAT,1
AGTCCTATCCTCAAAC,1
AGTCCTATCCTCGAAT,1
AGTCCTTTAGATAGTT,1
AGTCGGGGTCTCCCTT,1
AGTCGTGTAGATAGGT,1
AGTCGTGTAGATAGTT,1
AGTCGTTTACATAGTT,1
AGTCGTTTAGAAAGTT,1
AGTCGTTTAGAGAGTT,1
AGTCGTTTAGATAGTC,1
AGTCGTTTAGATCGTT,1
AGTCGTTTGGATAGTT,1
AGTGAAACAATCGAAC,1
AGTGAACATGCATTGG,1
AGTGACATCGCCCTTT,1
AGTGATGGCTTGGTTA,1
AGTGCCATAGGCATGG,1
AGTGCTGAATAGGCGA,1
AGTGCTGGCTTGGTTA,1
AGTGGTTTAGATAGTT,1
AGTGTAGAATAGGCGA,1
AGTGTCGAATAGGCGG,1
AGTGTGGAATAGGCGA,1
AGTGTTGAATAAGCGA,1
AGTGTTGAATAGCCGA,1
AGTGTTGAATATGCGC,1
AGTGTTGACTTGGTTA,1
AGTGTTGCCTTGGTTA,1
AGTGTTGGCGTGGTGA,1
AGTGTTGGCTTGATTA,1
AGTGTTGGCTTGGTAA,1
AGTGTTGGCTTGGTCA,1
AGTGTTGGCTTGGTTG,1
AGTGTTGGCTTGGTTT,1
AGTGTTGGTTTGGTTA,1
AGTGTTGTATAGGCGA,1
AGTGTTTGCGCTTCAA,1
AGTGTTTGCTTGGTTA,1
AGTTACATAGGCATGG,1
AGTTACTCATTATACG,1
AGTTAGGGTCTCCCTT,1
AGTTCAGCGATAACGG,1
AGTTCCATAGGCACGG,1
AGTTCCATAGGCACGT,1
AGTTCCATAGGCAGGG,1
AGTTCCATAGGCATGT,1
AGTTCCATAGGCATTG,1
AGTTCCCAGGTCCTTT,1
AGTTCGGGTCTCCCTT,1
AGTTGAGCCAGTCTGA,1
AGTTGAGGTCTCCCTT,1
AGTTGGGCTACGTGAG,1
AGTTGGGCTCTCCCTT,1
AGTTGGGGTCTCCTTT,1
AGTTGGGGTCTCGCTT,1
AGTTGGGGTGTCCCTT,1
AGTTGGGTTGGCTGTA,1
AGTTGTTTAGATAGTT,1
AGTTTCAGACTCTTGC,1
AGTTTTGGCTTGGTTA,1
AGTTTTTATAAATTGC,1
AGTTTTTATAACTCGC,1
AGTTTTTATAACTTGA,1
AGTTTTTATAACTTGT,1
AGTTTTTATGACTTGC,1
ATAAAGTTTGTGCAAA,1
ATAACACAAAAAATTA,1
ATAACATTTGTGCAAA,1
ATAACCGAGGGCATTG,1
ATAACGTCTGTGCAAA,1
ATAACGTGTGTGCAAA,1
ATAACGTTTCTGCAAA,1
ATAACGTTTGTACAAA,1
ATAACGTTTGTCCAAA,1
ATAACGTTTGTGCAAT,1
ATAACGTTTGTGCATA,1
ATAACTGAGAGCATTG,1
ATAACTGAGGGCAGTG,1
ATAACTGAGGGCATTA,1
ATAACTGAGGGCATTT,1
ATAACTGAGGGCGTTG,1
ATAACTGAGTGCATTG,1
ATAACTGATGGCATTG,1
ATAACTGGGGGCATTG,1
ATAACTTAGGGCATTG,1
ATAAGCAAAGTTGACC,1
ATAATCTGAACCATAC,1
ATAATGTTTGTGCAAA,1
ATACACCAGGTTGTGA,1
ATACACGAGGGTGTGA,1
ATACACGAGGTTGGGA,1
ATACACGAGGTTGTAA,1
ATACACGAGGTTGTGT,1
ATACACGAGGTTGTTA,1
ATACACGAGTTTGTGA,1
ATACACGCATGTGCCG,1
ATACACGCATGTGCCT,1
ATACACGCATGTGGCA,1
ATACACGCATGTTCCA,1
ATACACGGGGTTGTGA,1
ATACACGTGGTTGTGA,1
ATACAGGAGGTTGTGA,1
ATACATGCATGTGCCA,1
ATACCGAATGGGGTAG,1
ATACGCGCATGTGCCA,1
ATACTCGAGGTTGTGA,1
ATAGAAAAAACTTAGT,1
ATAGAAAATTATCCGT,1
ATAGAAAATTATCCTC,1
ATAGAAAATTATCGGC,1
ATAGAACTGCGGCCCC,1
ATAGAAGCGCAAATTA,1
ATAGAATAGCAAATTA,1
ATAGAATCGCAAACTA,1
ATAGAATCGCGAATTA,1
ATAGAATCTCAAATTA,1
ATAGATACTAGGACCA,1
ATAGCCCACGGGCATA,1
ATAGCTAAAAAGAGGA,1
ATAGGACATATGGCTG,1
ATAGGATATACGGCTG,1
ATAGGATATATGACTG,1
ATAGGATATATTGCTG,1
ATAGGATGTATGGCTG,1
ATAGTACGATCTACGC,1
ATAGTATATATGGCTG,1
ATAGTCCACCATTGAG,1
ATATAAAAAACCTAGT,1
ATATAAAAAACGGAGT,1
ATATAAAAAACTCAGT,1
ATATAAAAAACTTAGC,1
ATATAAACCGTTTGTA,1
ATATACGCATGTGCCA,1
ATATAGAAAACTTAGT,1
ATATCTGTAGAGCGCT,1
ATATGAAAAACTTAGT,1
ATATTGAGCTCTATCT,1
ATCAAGTTACGGATGG,1
ATCAGCAATGAGTTGT,1
ATCAGGACAATCGCGC,1
ATCAGGAGAATCGCGC,1
ATCAGGATAATCACGC,1
ATCAGGATAATGGCGC,1
ATCAGGGTAATCGCGC,1
ATCAGTATAATCGCGC,1
ATCCGATGTAAAGGCA,1
ATCCGATTAAAAGGCA,1
ATCCGATTTAAAGGCG,1
ATCCGATTTAAAGGCT,1
ATCCTAGGGGACGATT,1
ATCCTATTTAAAGGCA,1
ATCGCATCCTGGAATG,1
ATCTAAATTCGAGGAC,1
ATCTACTCATTATACG,1
ATCTCCTGGGGTATCA,1
ATCTGTCCAGACTCGT,1
ATCTTTCTATGGCTAC,1
ATGAAAGAAACTGGAG,1
ATGACTATAGTTGGCA,1
ATGAGATTATAACGTA,1
ATGAGGGAGATGTGAG,1
ATGATTTTACGTCCAT,1
ATGGAATCGCAAATTA,1
ATGGAATTGGAGAAAC,1
ATGGACCACGGGCATA,1
ATGGCCCACGCGCATA,1
ATGGCCCACGGGCACA,1
ATGGCCCACGGGCAGA,1
ATGGCCCACGGGCGTA,1
ATGGCCCAGGGGCATA,1
ATGGCCGACGGGCATA,1
ATGGGAGGGGAGAAAC,1
ATGGGATGGGAGGAAC,1
ATGGGATTGGAGATAC,1
ATGGGATTGGTGAAAC,1
ATGGGATTGTCCGGAA,1
ATGGGCCACGGGCATA,1
ATGGGGGTGGAGAAAC,1
ATGGGTTTACGTCCAT,1
ATGGTTTTACGTCAAT,1
ATGGTTTTACGTCTAT,1
ATGGTTTTACTTCCAT,1
ATGGTTTTATGTCCAT,1
ATGTAAAAAACTTAGT,1
ATGTATCAGTCGCGCC,1
ATGTATTGCTACACAT,1
ATGTCCATTAAGATCA,1
ATGTTCAGACTCTTGC,1
ATGTTTTTACGTCCAT,1
ATTAAACATGCATTGG,1
ATTACTGCGCGAGAGT,1
ATTAGAATATAACGTA,1
ATTAGACTATAACGTA,1
ATTAGAGTAGAACGTA,1
ATTAGATTACAACGTA,1
ATTAGATTATAACTTA,1
ATTAGATTATAATGTA,1
ATTAGATTATGACGTA,1
ATTAGATTGTAACGTA,1
ATTAGGACTACGTGAG,1
ATTAGGATAATCGCGC,1
ATTAGGGATTCAACTC,1
ATTAGGGCTACGCGAG,1
ATTAGGGCTACGTGAT,1
ATTAGGGCTATGTGAG,1
ATTAGGGCTGCGTGAG,1
ATTAGGTATTACATGC,1
ATTAGGTCTACGTGAG,1
ATTAGGTTATAACGTA,1
ATTATAATATCTAATA,1
ATTATCATACCTAATA,1
ATTATCATATCGAATA,1
ATTATCATATCTAAGA,1
ATTATCATATCTAGTA,1
ATTATCATATCTATTA,1
ATTATCATATCTGATA,1
ATTATCATGTCTAATA,1
ATTATTTGCGCTTCAA,1
ATTCAGCGTTGTTTTG,1
ATTCAGCTCTTGATTA,1
ATTCCGAACGGGGTAG,1
ATTCCGAAGGGGGTAG,1
ATTCCGAATGCGGTAG,1
ATTCCGAATGGGGCAG,1
ATTCCGAATGGGGTCC,1
ATTCCGAATGGGGTTG,1
ATTCCGGATGGGGTAG,1
ATTCCTATCCTCAAAT,1
ATTCGGAATGGGGTAG,1
ATTCGTTTAGATAGTT,1
ATTGAAAGTCGAGGAC,1
ATTGAAATTCGAGGAC,1
ATTGCGAATGGGGTAG,1
ATTGTTATATGGAGGA,1
ATTTAAAGTCGAGGAC,1
ATTTAAATCCGAGGAC,1
ATTTAAATGCGAGGAC,1
ATTTAAATTCAAGGAC,1
ATTTAAATTCCAGGAC,1
ATTTAAATTCGAAGAC,1
ATTTAAATTCGAGCAC,1
ATTTAAATTCGAGGAT,1
ATTTAAATTCGATGAT,1
ATTTAAGTTCGAGGAC,1
ATTTACTCATTATAAG,1
ATTTAGATTCGAGGAC,1
ATTTCCATAGGCATGG,1
ATTTGAATTCGAGGAC,1
ATTTGGGGTCTCCCTA,1
ATTTTAATTCGAGGAC,1
ATTTTTAACAGACGTA,1
ATTTTTATATGGCTAC,1
ATTTTTCTAAGGCTAC,1
ATTTTTCTATGGCCCC,1
ATTTTTCTATGGCTTC,1
ATTTTTCTATGTCTAC,1
ATTTTTCTGTGGCTAC,1
CAAAAATTTATGACAA,1
CAAAACCTCGTTGTCT,1
CAAAAGAAGCACGATA,1
CAAAAGCAGCAAGATA,1
CAAAAGCAGCACGACA,1
CAAAAGCAGCACGAGA,1
CAAAAGCAGCACGATG,1
CAAAAGCAGTACGATA,1
CAAAAGCTACGGCGAC,1
CAAAAGTAGCACGATA,1
CAAAATATACGGCGAC,1
CAAAATCCACGGCGAC,1
CAAAATCTACGGAGAC,1
CAAAATCTACGGCCAC,1
CAAAATCTACGGCGAT,1
CAAAATCTACGGCTAC,1
CAAAATCTACGGTGAC,1
CAAAATCTACGTCGAC,1
CAAAATCTATGGCGAC,1
CAAACAGAGTTTGTTG,1
CAAACCGCAGACACGT,1
CAAAGGCGGCATGAGG,1
CAAAGGCTGCATTAGG,1
CAAAGTCTACGGCGAC,1
CAAATACTGCATTAGG,1
CAAATCCTGCATTAGG,1
CAAATGCAGCATTAGG,1
CAAATGCTCCATTAGG,1
CAAATGCTGCATAAGG,1
CAAATGCTGCATCAGG,1
CAAATGCTGCATTGAG,1
CAAATGCTGCGTTAGG,1
CAAATGCTGCTGAAGT,1
CAAATGCTGGATTAGG,1
CAAATGCTGTATTAGG,1
CAAATGGTGCATTAGG,1
CAACAATCTTCGAACT,1
CAACATCAGCACCTAG,1
CAACTAGGATCGCACT,1
CAACTCCACGGACGCC,1
CAAGGCCGGCGAACTC,1
CAATAAACCGTTTGTA,1
CAATAGTTGTCATGGG,1
CAATATTGCCCGGAAG,1
CAATTACAAATACATA,1
CAATTAGAAATAAATG,1
CAATTAGCCGTTCCCC,1
CAATTCGCCGTTACCC,1
CAATTCGCCGTTCCCT,1
CAATTCGCCTTTCCCC,1
CAATTCGCTGTTCCCC,1
CAATTCTCCGTTCCCC,1
CAATTCTGATGAATTG,1
CACAAATAATTGGCGC,1
CACAGACAATAAAAGA,1
CACAGACAATGAAAAA,1
CACAGGCTAATGTCTC,1
CACATAGGATCGCACT,1
CACCAATATTCGAACT,1
CACCACCAGCACCTAG,1
CACCACCGAGTGACCG,1
CACCAGATGTACAGTC,1
CACCATCAACACCTAG,1
CACCATCAGCAACTAG,1
CACCATCAGCACCAAC,1
CACCATCAGCACCAAG,1
CACCATCAGCACCTAC,1
CACCATCAGCACCTGG,1
CACCATCAGCACGATA,1
CACCATCAGCATAAAC,1
CACCATCAGCATCTAG,1
CACCATCAGGACCTAG,1
CACCATCCGCACCTAG,1
CACCATCGGCACCTAG,1
CACCATGAGCACCTAG,1
CACCATTAGCACCTAG,1
CACCCCTTGTAAGATG,1
CACCGACAATAAAAAA,1
CACCGAGCCGAGCACC,1
CACCGAGGATCGCACT,1
CACCGCACCGAGCACC,1
CACCGCGACGAGCACC,1
CACCGCGCAGAGCACC,1
CACCGCGCCGAGCACA,1
CACCGCGCCGAGCATC,1
CACCGCGCCGAGTACC,1
CACCGCGTCGAGCACC,1
CACCTAGAATCGCACT,1
CACCTAGGACCGCACT,1
CACCTAGGATCGAACT,1
CACCTAGGATCGCACG,1
CACCTAGGATCGGACT,1
CACCTAGGATCGTACT,1
CACGAATCTTCGAACT,1
CACGACCGGCGAACTC,1
CACGAGATGTACAGTC,1
CACGCCCGGCGAACTC,1
CACGCGCTAATGTCTC,1
CACGGACAATAAAAAA,1
CACGGCCAGCGAACTC,1
CACGGCCGGCGAAATC,1
CACGGCCGGCGAACCC,1
CACGGCCGGCGAACGC,1
CACGGCCGGCGAACTG,1
CACGGCCGGCTAACTC,1
CACGGCCGGTGAACTC,1
CACGGCCGTCGAACTC,1
CACGGCGGGCGAACTC,1
CACGGGCGAATGTCTC,1
CACGGGCGGCGAACTC,1
CACGGGCTAACGTCTC,1
CACGGGCTAAGGTCTC,1
CACGGGCTAATGTCTA,1
CACGGGCTAATGTCTT,1
CACGGGCTGATGTCTC,1
CACGGTCTAATGTCTC,1
CACGTGCTAATGTCTC,1
CACGTGGAGCCCAACA,1
CACTAATGCCGTTGTC,1
CACTAGACGTACAGTC,1
CACTAGATGTACAGAC,1
CACTAGATGTACAGCC,1
CACTAGATGTACATTC,1
CACTAGATGTTCAGTC,1
CACTAGATTTACAGTC,1
CACTAGCAATAAAATC,1
CACTATATGTACAGTC,1
CACTGAGACGCGCAAG,1
CACTGCGCCGAGCACC,1
CACTTTACGGATCTCT,1
CAGAAAAGACTGTATA,1
CAGAACCGCGTTGTCT,1
CAGAACCTCGCTGTCT,1
CAGAACCTCGGTGTCT,1
CAGAACCTCGGTTTCT,1
CAGAACCTCGTCGTCT,1
CAGAACCTCGTTATCT,1
CAGAACCTCGTTGGCT,1
CAGAACCTCGTTGTGT,1
CAGAACCTCGTTGTTT,1
CAGAACCTCTTTGTCT,1
CAGAACCTTGTTGTCT,1
CAGACAGTGATGAACA,1
CAGACTCTAGAGCTCT,1
CAGAGAGTGATGAACA,1
CAGATAAGATAGAGAC,1
CAGATAATAAAGAGAC,1
CAGATAATACAGAGAC,1
CAGATAATATAGAGAA,1
CAGATAGGGATGAACA,1
CAGATAGTGAAGAACA,1
CAGATAGTGATGAAAA,1
CAGATAGTGATGAACT,1
CAGATATTGATGAACA,1
CAGATCCTCGTTGTCT,1
CAGCAGTTGTCATGGG,1
CAGCATTAGCGGGAGG,1
CAGCGCACGTTTAGAG,1
CAGCTAGGATCGCACT,1
CAGCTGATAGTAACTC,1
CAGGAATCTCCCATAC,1
CAGGAGGCCTGGCCCC,1
CAGGCTATAGAGCTCT,1
CAGGCTCAAGAGCTCT,1
CAGGCTCGAGAGCTCT,1
CAGGCTCTAAAGCTCT,1
CAGGCTCTAGAACTCT,1
CAGGCTCTAGAGCTAT,1
CAGGCTCTAGAGCTTT,1
CAGGCTCTAGAGGTCT,1
CAGGCTTTAGAGCTCT,1
CAGGGACAAGATTGTA,1
CAGGGGCTAATGTCTC,1
CAGGGGTAGAGATACG,1
CAGGTTCTAGAGCTCT,1
CAGTAGTTGTCATGTG,1
CATAAAAGAATGTATA,1
CATAAAAGACGGGATA,1
CATAAAAGACTGTATG,1
CATACAGAGTTGGTTG,1
CATACAGAGTTTATTG,1
CATACAGAGTTTCTTG,1
CATACAGAGTTTGCTG,1
CATACAGAGTTTGTAG,1
CATACAGAGTTTGTTT,1
CATACATAGTTTGTTG,1
CATACTCACGGAGGAT,1
CATAGAAGACTGTATA,1
CATAGGAATTGCCACT,1
CATATGCTGCATTAGG,1
CATCGAGACGCGCAAG,1
CATCTGGAGCCCAACA,1
CATGAGAATTGCCACT,1
CATGCGAATTGCCACT,1
CATGCTCTAGAGCTCT,1
CATGGAGACGCGCAAG,1
CATGGCAATTGCCACT,1
CATGGGAATTGAAACT,1
CATGGGAATTGCCACC,1
CATGGGAATTGCCACG,1
CATGGGAATTGCTACT,1
CATGGGGAGCCCAACA,1
CATGGGGATTGCCACT,1
CATGTCGTATCCACAG,1
CATGTCTGATGAATTG,1
CATGTGAAGCCCAACA,1
CATGTGCTGCTGAAGT,1
CATGTGGAACCCAACA,1
CATGTGGACCCCAACA,1
CATGTGGAGCCCAAAA,1
CATGTGGAGCCCAATA,1
CATGTGGAGCCCATCA,1
CATGTGGAGCCTAACA,1
CATGTGGAGGCCAACA,1
CATGTGGAGTCCAACA,1
CATGTGGATCCTAACA,1
CATGTTAATTCGCCCA,1
CATTAAGAGAAGTGCG,1
CATTAGATGTACAGTC,1
CATTAGTTGTCATGGG,1
CATTGACACGCGCAAG,1
CATTGAGACGCGAAAG,1
CATTGAGACGCGCAAC,1
CATTGAGACGCGCAAT,1
CATTGAGACGCGCAGG,1
CATTGAGACGCGCATG,1
CATTGAGACGGGCAAG,1
CATTGAGAGGCGCAAG,1
CATTGCGACGCGCAAG,1
CATTTCTAATGAATTG,1
CATTTCTGATGAATTA,1
CATTTCTGATGAATTT,1
CATTTCTGATGGATTG,1
CATTTCTGATGTATTG,1
CATTTCTGCTGAATTG,1
CATTTCTGGTGAATTG,1
CATTTTTGGTTCGAGG,1
CCAAACTTGGCGCATC,1
CCAACAAAAAAAATTA,1
CCAACACAAAAAACTA,1
CCAACACAAAAAAGTG,1
CCAACACATAAAATTA,1
CCAACACGAAAAATTA,1
CCAACAGAAAAAATTA,1
CCAAGCTCGGCGCATC,1
CCAAGCTTAGCGCATC,1
CCAAGCTTGACGCATC,1
CCAAGCTTGGCGCACC,1
CCAAGCTTGGCGCAGC,1
CCAAGCTTGGCGGATC,1
CCAATCCCAGCCTTGA,1
CCAATCGGGGGCTAAA,1
CCACATTAGCGGGAGG,1
CCACTCCACGGACGCC,1
CCATAAACCGTTTGTA,1
CCATTTACGGATCTCT,1
CCCACACAAAAAATTA,1
CCCAGCAATGAGTTGT,1
CCCCCCGGAGCTTGGC,1
CCCCCGCGGTTTAAAA,1
CCCCCGCTGTCTAAAA,1
CCCCCGCTTTTTAAAA,1
CCCCCTCTGTTTAAAA,1
CCCCTCCCCTAAAGTT,1
CCCCTCCTATAAAGTT,1
CCCCTCCTCTAAAGCT,1
CCCCTCCTCTAAAGGT,1
CCCCTCCTCTAAAGTC,1
CCCCTCCTCTAACGTT,1
CCCCTCCTCTTAAGTT,1
CCCGACACCCTTCCGG,1
CCCGATAAATCAGAAC,1
CCCGTCCTCTAAAGTT,1
CCCTAAAGGATCATGA,1
CCCTATAAAATAAGCT,1
CCCTATGAAACAAGCT,1
CCCTATGAAATACGCT,1
CCCTATGAAATAGGCG,1
CCCTATGAAGTAAGCT,1
CCCTATGGAATAAGCT,1
CCCTATGTAATAAGCT,1
CCCTCCCCAAGGGTAA,1
CCCTCTACGGATCTCT,1
CCCTGCGCGCCTCGGG,1
CCCTGCGCGGCGCGGG,1
CCCTGCGCGGCTCGAT,1
CCCTGCGCGGGTCGGG,1
CCCTTTACGCATCTCT,1
CCCTTTACGGAGCTCT,1
CCCTTTACGGATATCT,1
CCCTTTACGGATCGCG,1
CCCTTTACGGATCTCC,1
CCCTTTACGGATCTCG,1
CCCTTTACGGATCTTT,1
CCGAACTTGTCGATAT,1
CCGACACAAAAAATTA,1
CCGACCCTAGATGGTA,1
CCGAGCTTGGCGCATC,1
CCGCATTAGCGTGAGG,1
CCGCGCACATTTAGAG,1
CCGCGCACGGTTAGAG,1
CCGGAAATGTAAATGA,1
CCGGAGAAATCAGAAC,1
CCGGATAAATCAGAAG,1
CCGGATAAATCAGGAC,1
CCGGATAAATCCGAAC,1
CCGGATAACTCAGAAC,1
CCGGATAGATCAGAAC,1
CCGGATAGATCTGAAC,1
CCGGATATATCAGAAC,1
CCGGATGAATCAGAAC,1
CCGGGGTGAAGTTGGG,1
CCGGGGTTAAGTTGTG,1
CCGTGCGCGGCTCGGG,1
CCGTGTCTCCGAGCAA,1
CCTAACTCTCGCGGCA,1
CCTAGGTATTATATGC,1
CCTCGGTTAAGTTGTG,1
CCTGACCCCCTCCAAC,1
CCTGAGTTAAGTTGTG,1
CCTGGATTAAGTTGTG,1
CCTGGCTTAAGTTGTG,1
CCTGGGTGAAGGGGTG,1
CCTGGGTTAAGCTGTG,1
CCTGGGTTAAGTCGTG,1
CCTGGGTTAAGTTATG,1
CCTGGGTTAAGTTCTG,1
CCTGGGTTAAGTTGGG,1
CCTGGGTTAGGTTGTG,1
CCTGGGTTGAGTTGTG,1
CCTGTACCCTTCAGCA,1
CCTGTCTAGAAATTTT,1
CCTTAAATTATAGTCT,1
CCTTAGTCCTCGTATG,1
CCTTATGAAATAAGCT,1
CCTTATTAAATAAGCT,1
CCTTGATGCAGTCCCG,1
CCTTGATGCATGCCCG,1
CCTTGATGCATTCGAG,1
CCTTGATGCATTCTCG,1
CCTTGATGCATTTCCG,1
CCTTGCGCGGCTCGGG,1
CCTTGTTGCATTCCCG,1
CCTTTATGCATTCCCG,1
CGAAAAACGTCCCAGT,1
CGAAAACAATACAAAT,1
CGAAAACAGGACAAAT,1
CGAAAACATGACAAAG,1
CGAAAACATTAAAAAT,1
CGAAAACATTACAAAC,1
CGAAAACATTACAGAT,1
CGAAAACATTATAAAT,1
CGAAAAGATTACAAAT,1
CGAAACACGTACCAGT,1
CGAAACACGTCACAGT,1
CGAAACACGTCCCCGT,1
CGAAACACGTCCCGGT,1
CGAAACACTTCCCAGT,1
CGAAATCTACGGCGAC,1
CGAACAGCAGACACGT,1
CGAACCGCAGACACGA,1
CGAACCGCAGACACGC,1
CGAACCGCAGACACTT,1
CGAACCGCAGATACGT,1
CGAACCGCATACACGT,1
CGAACCGTAGACACGT,1
CGAACCTCAGACACGT,1
CGAACTTTACGAGACA,1
CGAAGCACGTCCCAGT,1
CGAAGCATTGGTCGCC,1
CGAATCGCAGACACGT,1
CGACAACAATACAAAT,1
CGACCCCACGGACGCC,1
CGACTACACGGACGCC,1
CGACTCCACGGAAGCC,1
CGACTCCACGGACGTC,1
CGACTCCACGGACTCC,1
CGACTCCACGGGCGCC,1
CGACTCCACGTACGCC,1
CGACTCCACTGACGCC,1
CGACTCTACGGACGCC,1
CGAGAACATTACAAAT,1
CGAGACACGTCCCAGT,1
CGATCTCTACGAAAAA,1
CGATCTTAATCTACAG,1
CGATCTTCACGAAAAA,1
CGATCTTTAAGAAAAA,1
CGATCTTTACAAAAAA,1
CGATCTTTACGAAGAA,1
CGATCTTTACGAGAAA,1
CGATTTAACAGACGTA,1
CGCAAATAATTGGCGC,1
CGCAATTTACGAGACA,1
CGCACAGTGTAATCGA,1
CGCACCCTAGATGGTA,1
CGCACTTTACGAGAGA,1
CGCACTTTACGAGATA,1
CGCACTTTACGATACA,1
CGCACTTTGCGAGACA,1
CGCAGAATTGGTCGCC,1
CGCAGCAGTGGGCGCC,1
CGCAGCATTGATCGCC,1
CGCAGCATTGGTCGCT,1
CGCAGCATTGGTCTCC,1
CGCATCATTGGTCGCC,1
CGCATTTTACGAGACA,1
CGCCATCAGCACCTAG,1
CGCGACACCCCTCCGG,1
CGCGACACCCTTCCAG,1
CGCGACACCCTTCCCG,1
CGCGACACCCTTCTTG,1
CGCGACACCGTTCCGG,1
CGCGACACGCTTCCGG,1
CGCGACACTCTTCCGG,1
CGCGACCCCCTCCAAC,1
CGCGGTGGTCGATCCG,1
CGCTCAGCGATAACGG,1
CGGAAACATTACAAAT,1
CGGAAATCTCCCATAC,1
CGGAACACGTCCCAGT,1
CGGAACTTATCTGTGG,1
CGGAATCGTCACCGAT,1
CGGACCCGAGAGGGTA,1
CGGACCCGAGATGGGA,1
CGGACCCTAGAAGGTA,1
CGGACCCTAGATCGTA,1
CGGACCCTAGATGCTA,1
CGGACCCTAGATGGTT,1
CGGACCTTAGATGGTA,1
CGGACGGGACTCATCT,1
CGGACTATAGTTGGCA,1
CGGACTTTACGAGACA,1
CGGAGCTGCCAATAAG,1
CGGATAATATAGAGAC,1
CGGATCCTAGATGGTA,1
CGGCAAATGTAAATGA,1
CGGCAAGGGAATCAAA,1
CGGCCAGGGAATCAAC,1
CGGCCAGGGAATCAAG,1
CGGCCAGGGAATCAGA,1
CGGCCATGGAATCAAA,1
CGGCCGGGACTCATCT,1
CGGGAAAATACATAAC,1
CGGGAAACGTAAATGA,1
CGGGAAATCTAAATGA,1
CGGGAAATGAAAATGA,1
CGGGAAATGTAAACGA,1
CGGGAAATGTAAAGGA,1
CGGGAAATGTAAATGC,1
CGGGAAATGTAAATGG,1
CGGGAACACACATAAC,1
CGGGAACAGACATAAC,1
CGGGAACATACATAAT,1
CGGGAACGTACATAAC,1
CGGGAAGATACATAAC,1
CGGGAATCCCCCATAC,1
CGGGAATCTCACATAC,1
CGGGAATCTCCCATAA,1
CGGGAATCTCCCATAT,1
CGGGAATCTCCCGTAC,1
CGGGAATCTCTCATAC,1
CGGGAATCTGCCATAC,1
CGGGAATGTCCCATAC,1
CGGGAATTTCCCATAC,1
CGGGACCTAGGTGGGA,1
CGGGAGTCTCCCATAC,1
CGGGATAAATCAGAAC,1
CGGGATATGTAAATGA,1
CGGGGAAAAGATTGTA,1
CGGGGACAAGATAGTT,1
CGGGGACAAGATTGGA,1
CGGGGACAAGATTGTC,1
CGGGGACAAGGTGGTA,1
CGGGGACATGATTGTA,1
CGGGGACGAGATTGTA,1
CGGGGAGAAGATTGTA,1
CGGGTAATGTAAATGA,1
CGGTAACATACATAAC,1
CGGTCAGGACTCATCT,1
CGGTCCGGACTCATCT,1
CGGTCGAGACTCATCT,1
CGGTCGGCACTCATCT,1
CGGTCGGGACGCATCT,1
CGGTCGGGACTAATCT,1
CGGTCGGGACTCAGCT,1
CGGTCGGGAGTCATCT,1
CGGTCTGGACTCATCT,1
CGGTGACAAGATTGTA,1
CGTAATAGGCGTCACA,1
CGTACAGAGTTTGTTG,1
CGTACAGTGGAAGCGA,1
CGTACAGTGTAACCGA,1
CGTACAGTGTAATGGA,1
CGTACAGTGTAATTGA,1
CGTACAGTGTTTGTTG,1
CGTACAGTTTAATCGA,1
CGTACCCTAGATGGCA,1
CGTACTTTACGAGACA,1
CGTAGAGTGTAATCGA,1
CGTCCAGCGATAACGG,1
CGTCGTTTAGATAGTT,1
CGTGAACCCCTCCAAC,1
CGTGAACCCTTCAGCA,1
CGTGACCACCTCCAAC,1
CGTGACCCACTCCAAC,1
CGTGACCCCATCCAAC,1
CGTGACCCCCCCCAAC,1
CGTGACCCCCGCCAAC,1
CGTGACCCCCTACAAC,1
CGTGACCCCCTCCACC,1
CGTGACCCCCTCCACT,1
CGTGACCCCCTCCAGC,1
CGTGACCCCCTCCGAC,1
CGTGACCCCCTGCAAC,1
CGTGACTCCCTCCAAC,1
CGTGATCCCCTCCAAC,1
CGTGCAGTGTAATCGA,1
CGTGGACAAGATTGTA,1
CGTGTACCCTTCACCA,1
CGTGTAGCCTTCAGCA,1
CGTGTTGAATAGGCGA,1
CGTTAACGACCTATCC,1
CGTTAACGGACTATCC,1
CGTTAACGGCCAATCC,1
CGTTAACGGCCTGTCC,1
CGTTAACGTCCTATCC,1
CGTTAACTGCCTATCC,1
CGTTAATGGCCTATCC,1
CGTTCAACGATAACGG,1
CGTTCAGCAATAACGG,1
CGTTCAGCGACAACGG,1
CGTTCAGCGATAACAG,1
CGTTCAGCGATAACCA,1
CGTTCAGCGATAATGG,1
CGTTCAGCGGTAACGG,1
CGTTCAGGGATAACGG,1
CGTTCGGCGATAACGG,1
CGTTCGGGACTCATCT,1
CGTTCTTTACGAAAAA,1
CGTTGGGGTCTCCCTT,1
CGTTTATCCTTCAGCA,1
CGTTTCTAGTACGCTT,1
CGTTTTTGGTTCGAGT,1
CGTTTTTGGTTCGATG,1
CTAAATGTCGTAGGAT,1
CTAACAGAATACTAGA,1
CTAAGGTATTATATGC,1
CTAAGTTAAGTATCAA,1
CTAATCCCAGCCTTTA,1
CTAATCTAAGTATCAA,1
CTAATGCTGCATTAGG,1
CTAATGTAAGTAGCAA,1
CTAATGTAAGTATCAA,1
CTAATTCAAGTATCAA,1
CTAATTTAACTATCAA,1
CTAATTTAAGCATCAA,1
CTAATTTAAGTATCAG,1
CTACAAACCGTTTGTA,1
CTACAAACCTGCAAAT,1
CTACCTTAATCTACAG,1
CTACTTAACAGACGTA,1
CTAGAGGCCTGGCCCC,1
CTAGATTGCCCGGAAG,1
CTAGCACAGCGGAGGC,1
CTAGCACAGCTTAGGC,1
CTAGCACATCTTAGGC,1
CTAGCAGAGCGTAGGC,1
CTAGCGCAGCGTAGGC,1
CTAGTTTAAGTATCAA,1
CTATAAACCGGTGGGA,1
CTATAAACCGTTCGTA,1
CTATAAACCGTTTGCA,1
CTATAAACCGTTTGTG,1
CTATAAACCGTTTGTT,1
CTATAAACCTTTTGTA,1
CTATAAACTGTTTGTA,1
CTATAAATCGTTTGTA,1
CTATAAGCCGTTTGTA,1
CTATATTGACCGGAAG,1
CTATATTGCCCGGATG,1
CTATATTGCTCGGAAG,1
CTATCTAACAGACGTA,1
CTATCTGTAGAGCGCT,1
CTATCTTAAGCTACAG,1
CTATCTTAATCGACAG,1
CTATCTTAATCTAGAG,1
CTATCTTAATCTGCAG,1
CTATCTTAGTCTACAG,1
CTATCTTGATCTACAG,1
CTATCTTTACGAAAAA,1
CTATGTAACAGACGGA,1
CTATGTAACAGACGTA,1
CTATGTTGCCCGGAAG,1
CTATTACGCTCCTACG,1
CTATTAGAAATACATA,1
CTATTTAACAAACGTA,1
CTATTTAACAGACGCA,1
CTATTTAAGAGACGTA,1
CTATTTAATAGACGTA,1
CTATTTTACAGACGTA,1
CTCAAATAAGTGGCGC,1
CTCAAATAATAGGCGC,1
CTCAAATAATTGGAGC,1
CTCAAATAATTGGCAC,1
CTCAAATAATTGGCCC,1
CTCAAATGATTGGCGC,1
CTCAAGTTACGGATGG,1
CTCAATGTCGTAAGAT,1
CTCAATGTCGTAGAAT,1
CTCAATGTCGTAGGAG,1
CTCAATGTCTTAGGAT,1
CTCACAGAATACTAGA,1
CTCAGATAATTGGCGC,1
CTCATCAAGTTGGTGC,1
CTCCAAGGGGACGATT,1
CTCCTAGGGGGCGATT,1
CTCCTAGTGGACGATT,1
CTCGCATCCTGGAATG,1
CTCTAATAATTGGCGC,1
CTCTATGAAATAAGCT,1
CTCTGTCCAGACTCGT,1
CTCTTAAGCTCATACG,1
CTCTTACGATCCTACG,1
CTCTTACGCTCCTAGG,1
CTCTTAGGGGACGATT,1
CTCTTATGCTCCTACG,1
CTCTTGCGCTCCTACG,1
CTGAACTCGTCGATAT,1
CTGAACTGATCTGTGG,1
CTGAACTTAGCTGTGG,1
CTGAACTTATCCGTGG,1
CTGAACTTATCTAATA,1
CTGAACTTATCTGGGG,1
CTGAACTTATCTGTAG,1
CTGAACTTATTTGTGG,1
CTGAACTTCTCTGTGG,1
CTGAACTTGTAGATAT,1
CTGAACTTGTCCATAT,1
CTGAACTTGTCGATAA,1
CTGAACTTGTCGATAG,1
CTGAACTTGTCGGTAT,1
CTGAACTTGTCTATAT,1
CTGAACTTGTGGATAT,1
CTGAACTTGTTGATAT,1
CTGAACTTTTCGATAT,1
CTGAGCGAGAAAAGCA,1
CTGAGCGATTCAACTC,1
CTGAGCTCCCAATAAG,1
CTGAGCTGCGAATAAG,1
CTGAGGAATTCAACTC,1
CTGAGGGATACAACTC,1
CTGAGGGATGCAACTC,1
CTGAGGGATTCAACCC,1
CTGAGGGATTCAAGTC,1
CTGAGGGATTCTACTC,1
CTGAGGGATTGAACTC,1
CTGATTTAAGTATCAA,1
CTGCAATTGAAACATA,1
CTGCAGGCCTGGCCCC,1
CTGCCAGGGAATCAAA,1
CTGCGCACGTTTAGAG,1
CTGCGGGATTCAACTC,1
CTGCTCCTGAGTAGTA,1
CTGGAAATGTAAATGA,1
CTGGAGACCTGGCCCC,1
CTGGAGCCCTGGCCCC,1
CTGGAGGCCCGGCCCC,1
CTGGAGGCCGGGCCCC,1
CTGGAGGCCTGCCCCC,1
CTGGAGGCCTGGCACC,1
CTGGAGTCCTGGCCCC,1
CTGGCCCACGGGCATA,1
CTGGCTCTAGAGCTCT,1
CTGGGACAAGATTGTA,1
CTGGGGGACTCAACTC,1
CTGGGGGCCGGGCCCC,1
CTGGTTTTACGTCCAT,1
CTGTACCAGCAGTTGA,1
CTGTACCTCCAGTTGA,1
CTGTACCTGCAGCTGA,1
CTGTACCTGCAGTAGA,1
CTGTACCTGCAGTCGA,1
CTGTACCTGCAGTGGA,1
CTGTACCTGCGGTTGA,1
CTGTCGGGACTCATCT,1
CTTAAAATTATAGTCT,1
CTTAAGTATTATATGC,1
CTTAATGTCGTAGGAT,1
CTTACAAAATACTAGA,1
CTTACACAATACTAGA,1
CTTACAGAACACTAGA,1
CTTACAGAATATTAGA,1
CTTACAGAGTACTAGA,1
CTTACAGTATACTAGA,1
CTTACTGCCCGAGAGT,1
CTTACTGCGCCAGAGT,1
CTTAGCTATTATATGC,1
CTTAGGCATTACATGC,1
CTTAGGCATTATATGC,1
CTTAGGTATGATATGC,1
CTTAGGTATTAAATGC,1
CTTAGGTATTACATGT,1
CTTAGGTATTACATTC,1
CTTAGGTGTTATATGC,1
CTTAGTTATTATATGC,1
CTTATCATATCTAATA,1
CTTATGTATTACATGC,1
CTTATTATGACTTCAT,1
CTTCGCCTCTTGATTA,1
CTTCGGCCCTTGATTA,1
CTTCGGCGCTTGATTA,1
CTTCGGCTCATGATTA,1
CTTCGGCTCTTGACTA,1
CTTCGGCTCTTGATAA,1
CTTCGGCTCTTGATCG,1
CTTCGGCTCTTGGTTA,1
CTTCGGCTGTTGATTA,1
CTTCGGTTCTTGATTA,1
CTTCGTGATACTCACA,1
CTTCTCTAGTACGCTT,1
CTTCTTCTCTTGATTA,1
CTTGGGCTCTTGATTA,1
CTTGGGTATTACATGC,1
CTTGTCTAGTACGCTT,1
CTTTAAAGTATAGTCT,1
CTTTAAATCATAGTCT,1
CTTTAAATTATAGCCT,1
CTTTAAATTATATTCT,1
CTTTAAATTTTAGTCC,1
CTTTAGATTATAGTCT,1
CTTTCAGCGATAACGG,1
CTTTCCTAGTACGCTT,1
CTTTGAATTATAGTCT,1
CTTTTAATTATAGTCT,1
CTTTTCCAGTACGCTT,1
CTTTTCTAGAACGCTT,1
CTTTTCTAGTACACTT,1
CTTTTCTAGTACGCAT,1
CTTTTCTAGTACTCTT,1
CTTTTCTAGTGCGCTT,1
CTTTTCTATTACGCTT,1
CTTTTCTTGTACGCTT,1
CTTTTTAACAGACGTA,1
CTTTTTTAGTACGCTT,1
GAAACTCCCTATGATG,1
GAAAGCACCGTGCAAT,1
GAAAGCCCCAAATAAC,1
GAAAGCCCCGTGAAAT,1
GAAAGCCCCGTGCAAA,1
GAAAGCCCCGTGCAAG,1
GAAAGCCCCGTGCAGT,1
GAAAGCCCCGTGCATT,1
GAAAGCCCTGTGCAAT,1
GAAAGCCTCGTGCAAT,1
GAAAGCTGCAGAAGCG,1
GAAAGGCCCTATGAGG,1
GAAAGTCACTATGATG,1
GAAAGTCCCGATGATG,1
GAAAGTCCCGTGCAAT,1
GAAAGTCCCTACGATG,1
GAAAGTCCCTAGGATG,1
GAAAGTCCCTATGATA,1
GAAAGTCCCTATGATT,1
GAAAGTCCTTATGATG,1
GAAAGTGCCTATGATG,1
GAAATACGCTGAATGA,1
GAAATATAGAACAGAG,1
GAAATCCACAAATAAC,1
GAAATCCCCAAACAAC,1
GAAATCCCCAAATAAT,1
GAAATCCCCAAATTAC,1
GAAATCCCCGAATAAC,1
GAAATGCTGCATTAGG,1
GAAATGCTGCTGAAGT,1
GAACAAACCTGCAAAT,1
GAACACGCAGAAAAAG,1
GAACCCATAAGACCCC,1
GAACGCCATCGACTTC,1
GAACGTGATTTCTCGA,1
GAACTTGCTATGGATC,1
GAAGAAACCTGCAAAT,1
GAAGAAACTATAAACA,1
GAAGAAACTATAACTA,1
GAAGAATAGAAGAGAG,1
GAAGCACGCTGAATGA,1
GAAGGGATACGTCACC,1
GAAGGGTAGAGATACG,1
GAAGTACACTGAATGA,1
GAAGTACGCTAAATGA,1
GAAGTACGCTCAATGA,1
GAAGTACGCTGAGTGA,1
GAAGTACGGTGAATGA,1
GAAGTACGTTGAATGA,1
GAAGTACTGCTGAAGT,1
GAAGTCCACCATTGAG,1
GAAGTGAGTATTGAGT,1
GAAGTGATGCTGAAGT,1
GAAGTGCGCTGAATGA,1
GAAGTGCGGATTGAGT,1
GAAGTGCGTACTGAGT,1
GAAGTGCGTAGTGAGG,1
GAAGTGCGTAGTGAGT,1
GAAGTGCGTATAGAGT,1
GAAGTGCGTATTCAGT,1
GAAGTGCGTATTGAAT,1
GAAGTGCGTATTGAGG,1
GAAGTGCGTATTGATT,1
GAAGTGCGTGTTGAGT,1
GAAGTGCTACTGAAGT,1
GAAGTGCTGCCGAAGT,1
GAAGTGCTGCTGAAGG,1
GAAGTGCTGCTGAATT,1
GAAGTGCTGCTGGAGT,1
GAAGTGGAGCCCAACA,1
GAATAAGAGAACAGAG,1
GAATAATACAACAGAG,1
GAATAATAGAAACATA,1
GAATAATAGAACAAAG,1
GAATAATAGAACATAG,1
GAATAATAGAGCAGAG,1
GAATAATGCCGTTGTC,1
GAATAATTGAACAGAG,1
GAATAGTAGAACAGAG,1
GAATCCTCAACTCCTA,1
GAATGATAGAACAGAG,1
GAATTCACAATATCCA,1
GAATTGCTGCTGAAGT,1
GACAAAAGGAACATAT,1
GACAAAAGGGACATAA,1
GACAAAAGGGACATAC,1
GACAAAAGGGACGTAA,1
GACAAAAGGGACTTAT,1
GACAAAAGGGAGATAT,1
GACAAAAGGGGCATAT,1
GACAAAATGGACATAT,1
GACACAGAACCCATGA,1
GACACCTTGTAAGATG,1
GACAGGATGGGCACGT,1
GACCACTTGTAAGATG,1
GACCCCCGAGTGACCG,1
GACCCCTGGGAAGATG,1
GACCCCTGGTAAGAGG,1
GACCCCTTATAAGATG,1
GACCCCTTGTAAGGTG,1
GACCGCCATCGACTTC,1
GACGAAAGGGACATAT,1
GACGGGATGGGCACGG,1
GACGGGATGGGCACTT,1
GACGGGATGGGCATGT,1
GACGGGATTGGCACGT,1
GACGGTGCCGACTAAG,1
GACGTGATGGGCACGT,1
GACTAGATGTACAGTC,1
GACTGCGTTCATCGAT,1
GACTGGATGGGCACGT,1
GACTTCCCTGACTGCT,1
GAGAACTGCAGAAGCG,1
GAGAAGACTTTGTGAT,1
GAGAAGCTATAGAAGT,1
GAGAGCCCCGTGCAAT,1
GAGAGCGGCAGAAGCG,1
GAGAGCTGCAGAAACG,1
GAGAGCTGCAGAACCG,1
GAGAGCTGCAGAGGCG,1
GAGAGCTGCAGGAGCG,1
GAGAGCTGGAGAAGCG,1
GAGAGGATACGTCACC,1
GAGAGTTGCAGAAGCG,1
GAGATAGTGATGAACA,1
GAGATTGATTGAAGTT,1
GAGCATCCTAGTGACG,1
GAGCATTGTCGGAAAG,1
GAGCGGTGATGTGATT,1
GAGCTGGGGGAGAGTC,1
GAGCTTGCTATGGATT,1
GAGCTTGCTGTGGATC,1
GAGCTTGGGGAGAGTC,1
GAGCTTGGTATGGATC,1
GAGGAAACTATAACCA,1
GAGGAGATACGTCACC,1
GAGGCGATACGTCACC,1
GAGGGCTAGAGATACG,1
GAGGGCTGCAGAAGCG,1
GAGGGGAGACGTCACC,1
GAGGGGATAAGTCACC,1
GAGGGGATACATCACC,1
GAGGGGATACGTCAAC,1
GAGGGGATACGTCACA,1
GAGGGGATACGTTACC,1
GAGGGGGAGGGATACG,1
GAGGGGGTACGTCACC,1
GAGGGGTAGAGACACG,1
GAGGGGTAGAGATACC,1
GAGGGGTAGAGATAGG,1
GAGGGGTGATGTGATT,1
GAGGTGATACGTCACC,1
GAGGTGCGTATTGAGT,1
GAGGTGCTGCTGAAGT,1
GAGTATTGCTACACAT,1
GAGTGGATACGTCACC,1
GAGTTAAGAGAAAGTT,1
GAGTTAGTAGACCCAC,1
GATACAGAGTTTGTTG,1
GATAGCTGCAGAAGCG,1
GATATTATGACTTCAT,1
GATCACGCAGAAAAAA,1
GATCACGCAGAAAAAT,1
GATCACGCAGAAAGAG,1
GATCACGCAGAAATAG,1
GATCACGCGGAAAAGG,1
GATCACGGAGAAAAAG,1
GATCGCCACTGAGAAG,1
GATCGCCACTTATAAG,1
GATCGCCAGCGACGTC,1
GATCGCCATCCACTTC,1
GATCGCCATCGGCTTC,1
GATCGCCATGGACTTC,1
GATCGCCATTGATGGG,1
GATCGGCATCGACTTC,1
GATCGTCATCGACTTC,1
GATCTCGGGGAGAGTC,1
GATCTGGGGGGGAGTC,1
GATCTTCATCGACTTC,1
GATCTTGGGAAGAGTC,1
GATCTTGGGGAGAATC,1
GATCTTGGGGATAGTC,1
GATCTTGTGGAGAGTC,1
GATGCGAGCATGTCAA,1
GATGGGAATTGCCACT,1
GATGGGATGGGCACGT,1
GATGGGTAGAGATACG,1
GATGTGGAGCCCAACA,1
GATTAACTTTGGAAGC,1
GATTCAGATCCCCACC,1
GATTCAGATGCCCAAC,1
GATTCAGATGCCCACA,1
GATTCAGATGCCCATC,1
GATTCAGATGCCCGCC,1
GATTCAGATGCTCACC,1
GATTCAGATGTCCACC,1
GATTCATATGCCCACC,1
GATTCGTGAGTACTAG,1
GATTGAACGTCATACC,1
GATTGAGATGCCCACC,1
GATTTTGGGGAGAGTC,1
GCAAACAGTATAGTTG,1
GCAAACAGTGCAGTTG,1
GCAAACAGTGTAATTG,1
GCAAACAGTGTAGGTG,1
GCAAACAGTGTAGTCG,1
GCAAACAGTGTATTTG,1
GCAAACAGTGTGGTTG,1
GCAAAGAGGTGTAACC,1
GCAAAGTTTCATAGCG,1
GCAACACAAAAAATTA,1
GCAACAGTCCCAGCAA,1
GCAACGAGGCGTAACC,1
GCAACGAGGCTACGTA,1
GCAACGAGGTGGAACC,1
GCAACGAGGTGTAACA,1
GCAACGAGGTGTAACT,1
GCAACGAGGTTTAACC,1
GCAAGCAGTGTAGTTG,1
GCAAGCTCGTATCCCC,1
GCAAGCTCGTATCCCT,1
GCAATTTACTGAAGGG,1
GCACCCAGTTCCTGCG,1
GCAGAGTGCCGGTCAT,1
GCAGATACTAGGACCA,1
GCAGCGTGCCGATCAT,1
GCAGCGTGCCGGGCAT,1
GCAGCGTGCCGGTCAA,1
GCAGCGTGCTGGTCAT,1
GCAGCGTGTCGGTCAT,1
GCAGCGTTCCGGTCAT,1
GCAGCTGCGTCGTGTG,1
GCAGGCGTTAGTGTCA,1
GCAGTGTGCCGGTCAT,1
GCATAGAACTAACTCC,1
GCATCCACAACTCCTA,1
GCATCCGCAACTCCTA,1
GCATCCTCAACCCCTA,1
GCATCCTCAACTACTA,1
GCATCCTCAACTCTTA,1
GCATCCTCAACTTCTA,1
GCATCCTCGACTCCTA,1
GCATCGTGCCGGTCAT,1
GCATGGAACCAACTCC,1
GCATGGAACTAACTGC,1
GCATGGAACTAACTTC,1
GCATGGCACTAACTCC,1
GCATGGGACTAACTCC,1
GCATGGGTGTACGAGA,1
GCATTGAACTAACTCC,1
GCATTTTCCAATAGGT,1
GCCAAAAGGATCATGA,1
GCCACACCCCTAGCTA,1
GCCAGCACGTATCCCT,1
GCCAGCCCGTATCCCT,1
GCCAGCTCCTATCCCT,1
GCCAGCTCGTATTCCT,1
GCCAGCTTGGCGCATC,1
GCCAGCTTGTATCCCT,1
GCCATCTACTGAAGGG,1
GCCATTCACTGAAGGG,1
GCCATTTACGGAAGGG,1
GCCATTTACTGAAAGG,1
GCCATTTATTGAAGGG,1
GCCGATTCATGAATAA,1
GCCGCTGCGGCATGTG,1
GCCGCTGCGGCGGGGG,1
GCCGCTGCGGCGTGTA,1
GCCGCTGTGGCGTGTG,1
GCCGGAAGTTGCCAAG,1
GCCGGCGTTAGTGTCG,1
GCCGGCGTTGGTGTCA,1
GCCGGTGTTAGTGTCA,1
GCCGTTGTACACACCA,1
GCCTAAAGGATCAGGA,1
GCCTAAAGGATCATGT,1
GCCTAAAGGGTCATGA,1
GCCTATGAAATAAGCT,1
GCCTCTGCGGCGTGTG,1
GCCTTTACGCGCAGTC,1
GCCTTTACGGATCTCT,1
GCCTTTGAGCGCAGTC,1
GCCTTTGCGAGCAGTC,1
GCCTTTGCGCGCAATC,1
GCCTTTGCGCGCAGTA,1
GCCTTTGCGCGCAGTT,1
GCCTTTGCGGGCAGTC,1
GCCTTTGCGTGCAGTC,1
GCGAACAGTGTAGTTG,1
GCGAAGCTTCATAGCG,1
GCGAAGTGTCATAGCG,1
GCGAAGTTACATAGCG,1
GCGAAGTTTAATAACG,1
GCGAAGTTTCATAGCA,1
GCGAAGTTTCATAGTG,1
GCGAAGTTTGATAGCG,1
GCGAATTTTCATAGCG,1
GCGACGAGGTGTAACC,1
GCGAGCGAGAAAAGCA,1
GCGATTACTAGCCGGA,1
GCGCGATTGTCCGGAA,1
GCGGATAAATCAGAAC,1
GCGGGGATTGGCTGTT,1
GCGGGGTGAGCGGGGG,1
GCGTAGGGGGAGCGGG,1
GCTCTGGCTCGCTAAT,1
GCTGCTGCGGCGTGTG,1
GCTGGCGTTAGTGTCA,1
GCTGGGTTAAGTTGTG,1
GCTTGGAACTAACTCC,1
GGAAAACATTACAAAT,1
GGAAGCAAAGTTGACC,1
GGACAAACCGGCAAAT,1
GGACAAACCTGCAAAT,1
GGACCCAGGGGATGCG,1
GGAGCTAAAAAGAGGA,1
GGAGGGGGGGGGGGGT,1
GGAGTGCGTATTGAGT,1
GGATAATAGAACAGAG,1
GGATAGGTTGGAGGGG,1
GGATCTTTGACATGTA,1
GGATGGAACTAACTCC,1
GGCAAAAGGGACATAT,1
GGCAAGGTACGGATGG,1
GGCAAGTGGAGGAGGG,1
GGCAAGTTACGGATGG,1
GGCACTTTACGAGACA,1
GGCAGCTCGTATCCCT,1
GGCATATAACAGATAG,1
GGCCCATGCTGGGGAT,1
GGCGACACCCTTCCGG,1
GGCGACATCGCCCTTT,1
GGCTATTCCGGCGCGG,1
GGCTCCTGGGGTATCA,1
GGCTTAATTAAGTATG,1
GGCTTTGCGCGCAGTC,1
GGGACCCTAGATGGTA,1
GGGCCAGGGAATCAAA,1
GGGCGCCGGAGGAGTA,1
GGGCGCCGGGGGAGTA,1
GGGGAATCTCCCATAC,1
GGGGGACAAGATTGTA,1
GGGGGAGCAAGCCGGG,1
GGGGGGAACGGGAAGC,1
GGGGGGATACGTCACC,1
GGGTAACTGGGGAAGC,1
GGGTATCAGTCGCGCC,1
GGGTGGACGGGCATGG,1
GGTACAGTGTAATCGA,1
GGTATATCCAACACCA,1
GGTCCATCACAGATCG,1
GGTCCATCGCAGATCG,1
GGTCCATCTCAGAGCG,1
GGTCCATCTCAGATAC,1
GGTCCATCTCAGATTG,1
GGTCTTGGGGAGAGTC,1
GGTGAACTTTGGAAGC,1
GGTTAAAGGGGGAAGC,1
GGTTAACGTTGGAAGC,1
GGTTAACTTCGGAAGC,1
GGTTAACTTTGGAAAC,1
GGTTAACTTTGGGAGC,1
GGTTAACTTTGTAAGC,1
GGTTAGCTTTGGAAGC,1
GGTTCAGCGATAACGG,1
GGTTCATCTCAGATCG,1
GGTTCCATAGGCATGG,1
GGTTGACTTTGGAAGC,1
GTAAAACTGCGGCCCC,1
GTAAACAAAGTTGACC,1
GTAAAGTCTCGAGAAG,1
GTAACCTTCATGGAGT,1
GTAAGATTCATGGAGT,1
GTAAGCAAAATTGACC,1
GTAAGCAAACTTGACC,1
GTAAGCAAAGGTGACC,1
GTAAGCAAAGTCGACC,1
GTAAGCAAAGTGGACC,1
GTAAGCAAAGTGGGCC,1
GTAAGCAAAGTTCACC,1
GTAAGCAAAGTTGACT,1
GTAAGCAATGAGTTGT,1
GTAAGCGAAGTTGACC,1
GTAAGCTCCATGGAGT,1
GTAAGCTGCATGGAGG,1
GTAAGCTTCATGGAGG,1
GTAAGCTTCATGGGGT,1
GTAAGCTTCATTGAGT,1
GTAATCTTCATGGAGT,1
GTAATTAGCATGCGGA,1
GTAATTCGCAGGCGGA,1
GTAATTCGCATGAGGA,1
GTAATTCGCATGCGTA,1
GTAATTCGCATGCTGA,1
GTAATTCGCATTCGGA,1
GTACAAACCAGCAAAT,1
GTACAAACCTCCAAAT,1
GTACAAACCTGCACAT,1
GTACAAACCTGCCACT,1
GTACAAACCTGCTAAT,1
GTACAAACCTGGAAAT,1
GTACAAACGTGCAAAT,1
GTACAAAGCTGCAAAT,1
GTACAACCCCGCAAAT,1
GTACCCAATTCCTGCG,1
GTACCCAGCTCCTGCG,1
GTACCCAGTCCCTGCG,1
GTACCCAGTGCCTGCG,1
GTACCCAGTTCCTGGG,1
GTACCCAGTTCTTGCG,1
GTACCCGGTTCCTGCG,1
GTACGATTGTCCGGAA,1
GTACGCAAAGTTGACC,1
GTACGCAGTTCCTGCG,1
GTACTCAGTTCCTGCG,1
GTAGAAAATTATCCGC,1
GTAGAAACCTGCAAAT,1
GTAGAACATACATAAC,1
GTAGAACTGCGACCCC,1
GTAGAACTGCGGCCGC,1
GTAGAACTGCGGCGCC,1
GTAGAACTGCGGCTCC,1
GTAGAACTGGGGCCCC,1
GTAGAATCGCAAATTA,1
GTAGATACTAGGACAA,1
GTAGATACTAGGAGCA,1
GTAGATACTAGGATCA,1
GTAGATACTAGGGCCA,1
GTAGATACTAGTACCA,1
GTAGATACTCGGACCA,1
GTAGCCAGTTCCTGCG,1
GTAGCCGCTAATCCGA,1
GTAGCGTGCCGGTCAT,1
GTAGGATATATGGCTG,1
GTAGGCAAAGTTGACC,1
GTATCTGTAGAGCGCT,1
GTATGGAACTAACTCC,1
GTCAAGTCACGGATGG,1
GTCAAGTGAAGGATGG,1
GTCAAGTTACAGATGG,1
GTCAAGTTACGGATAG,1
GTCAAGTTACGTATGG,1
GTCAAGTTGCGGATGG,1
GTCAATGTCGTAGGAT,1
GTCACCGCTAATCCGA,1
GTCAGCTCGTATCCCT,1
GTCATGTTACGGATGG,1
GTCATTATGACTTCAT,1
GTCATTTACTGAAGGG,1
GTCCATCAGCATAAAC,1
GTCCCATCCTGGAATG,1
GTCCCCGCTAATCCGA,1
GTCCGTCAGCATAAAA,1
GTCGCAGCTAATCCGA,1
GTCGCATCCTAGAATG,1
GTCGCATCCTGGAACG,1
GTCGCATCCTGGAACT,1
GTCGCATCCTGGAATA,1
GTCGCATCCTGGAATC,1
GTCGCATCCTGGGATG,1
GTCGCATCCTGTAATG,1
GTCGCATCCTTGAATG,1
GTCGCCGCTAATCCGG,1
GTCGCCGCTAATCCGT,1
GTCGCCGCTAATCCTA,1
GTCGCCGCTAATTCGA,1
GTCGCCGCTAGTCCGA,1
GTCGCCGCTGATCCGA,1
GTCGCCGGAGCTTGGC,1
GTCGGCCGGCGAACTC,1
GTCGTATCAAGCCGGG,1
GTGAAAAAAGCATAAA,1
GTGAACCTCGTTGTCT,1
GTGAACGAGAAAAGCA,1
GTGAACTTGTCGATAT,1
GTGAGCGAAAAAAGCA,1
GTGAGCGAGAAAATCA,1
GTGAGCGAGAAATGCA,1
GTGAGCGAGGAAAGCG,1
GTGAGCGATAAAAGCA,1
GTGAGCTAGAAAAGCA,1
GTGAGCTGCAGAAGCG,1
GTGAGCTGCCAATAAG,1
GTGCAATTGTCCGGAA,1
GTGCATCCCAGTGACG,1
GTGCATCCTAGAGACG,1
GTGCATCCTAGCGACG,1
GTGCATCCTAGTAACG,1
GTGCATCCTAGTGACA,1
GTGCATCCTTGTGACG,1
GTGCATCGTAGTGACG,1
GTGCATTCTAGTGACG,1
GTGCGAGTGTCCGGAA,1
GTGCGATCGTCCGGAA,1
GTGCGATTGTCCGGAC,1
GTGCGATTGTCCGGCA,1
GTGCGATTGTCCGGGA,1
GTGCGATTGTCCTGAA,1
GTGGCATCCTGGAATG,1
GTGGGGATACGTCACC,1
GTGGTAGCAAGCCGGG,1
GTGGTATCAAGCCACT,1
GTGGTATCAAGCCGGC,1
GTGGTATCAAGCTGGG,1
GTGGTATCAAGGCGGG,1
GTGGTATCAAGGGGGG,1
GTGGTATCACGCCGGG,1
GTGGTATCTAGCCGGA,1
GTTAAGTTACGGATGG,1
GTTACTATGACTTCAT,1
GTTAGGTATTACATGC,1
GTTAGGTATTATATGC,1
GTTATATCCAACACCA,1
GTTATTATGACGTCAT,1
GTTATTATGACTCCAT,1
GTTATTATGACTTCGT,1
GTTATTATTACTTCAT,1
GTTCGATTGTCCGGAA,1
GTTCTATTGTCCGGAA,1
GTTGAACTGCGGCCCC,1
GTTGATACTAGGACCA,1
GTTGCACCGACACGCC,1
GTTGCCGCTAATCCGA,1
GTTGCTACGACACGCC,1
GTTGCTCCGAAACGCC,1
GTTGCTCCGACACCCC,1
GTTGCTCCGACACGCT,1
GTTGCTCCGACACTCC,1
GTTGCTCCGACATGCC,1
GTTGCTTCGACACGCC,1
GTTTACTCATTATACG,1
GTTTTCTAGTACGCTT,1
TAAAAAGACTCCATGA,1
TAAAAAGCCCCCATGA,1
TAAAAAGCCTCCAGGA,1
TAAAAAGCCTCCATTA,1
TAAATACCGACGCAGT,1
TAACAACAATACAAAT,1
TAACGTGATTTCACGA,1
TAACGTGATTTCTCAA,1
TAACGTGATTTCTCCA,1
TAACTGCTGCGGAACG,1
TAAGAAACTATAACCA,1
TAAGAAGCCAGCAAGA,1
TAAGCTCTTTTCGTTC,1
TAATAAGAGAAGTGCG,1
TAATAAGCCAGCAAGC,1
TAATAAGCCAGCAGGA,1
TAATAAGCCAGTAAGA,1
TAATAAGCCCGCAAGA,1
TAATAAGCGAGCAAGA,1
TAATAAGCTAGCAAGA,1
TAATAATAGAACAGAG,1
TAATAGGCAAGCAAGG,1
TAATGTTTAATAGACG,1
TACAAAAGGGACATAT,1
TACAAGAGAGGGGTAC,1
TACAAGAGAGGGGTCA,1
TACAAGAGATGGGTCC,1
TACAGTGGTATACATA,1
TACATAACGACGCAGT,1
TACATACCAACGCAGT,1
TACATACCGAAGCAGT,1
TACATACCGACACAGT,1
TACATACCGACGAAGT,1
TACATACCGACGCAGA,1
TACATACCGACGCATT,1
TACATACCGACGCGGT,1
TACATACCGACGCTGT,1
TACATACTGACGCAGT,1
TACATAGCGACGCAGT,1
TACCAAGGTCATTTGA,1
TACCAATATCATTTGA,1
TACCAATCTCATTTGA,1
TACCAATGCCATTTGA,1
TACCAATGTCATCTGA,1
TACCAATGTCATGTGA,1
TACCAATGTCATTTCA,1
TACCAATGTCATTTTA,1
TACCAGTGTCATTTGA,1
TACCCAAGGGACGGAC,1
TACCCGCTGCGGAACG,1
TACCCTACAAGCCACT,1
TACCCTGCAACCCACT,1
TACCCTGCAAGCCAAT,1
TACCCTGCAAGCCACG,1
TACCCTGCAAGCCATT,1
TACCCTGCATGCCACT,1
TACCTACGAGACGTAA,1
TACCTACTGCGGAACG,1
TACCTGCTGCATTAGG,1
TACCTGCTGCCGAACG,1
TACCTGCTGCGGAAGG,1
TACCTGCTGCGTAACG,1
TACCTGCTGCTGAACG,1
TACGAATGTCATTTGA,1
TACGACAAACAGTAAG,1
TACGGGCTAATGTCTC,1
TACGGTTCCGACTAAG,1
TACGTACCGACGCAGT,1
TACTAACAATAAAATC,1
TACTAATACCGTTGTC,1
TACTAATGACGTTGTC,1
TACTAATGCCGCTGTC,1
TACTAATGCCGGTGTC,1
TACTAATGCCGTTGTA,1
TACTAATGCCTTTGTC,1
TACTAATGTCATTTGA,1
TACTAGAAATAAAATC,1
TACTAGCAATAAAAGC,1
TACTAGCAATAAAATT,1
TACTAGCAATAGAATC,1
TACTATCAATAAAATC,1
TACTGATAACCATGCT,1
TACTGATAACCCATGC,1
TACTGATAACCCTGCA,1
TACTGATAACCGTGCG,1
TACTGGCAATAAAATC,1
TACTGGGTGTACGAGA,1
TACTGTTAACCCTGCG,1
TAGAAAGAAGTAGGAG,1
TAGAATCGTCACCGAT,1
TAGCATCGTCGGAAAG,1
TAGCATTGGCGGAAAG,1
TAGCATTGGGGGAAAG,1
TAGCATTGTCGGAAAA,1
TAGCATTGTCGGAAGG,1
TAGCATTGTCGGAATG,1
TAGCATTGTCTGAAAG,1
TAGCATTTTCGGAAAG,1
TAGCCGATAGTAACTC,1
TAGCGGATAGTAACTC,1
TAGCTAATAGTAACTC,1
TAGCTCATAGTAACTC,1
TAGCTCCTGAGTAGTA,1
TAGCTGACAGTAACTC,1
TAGCTGATAGTAACGC,1
TAGCTGATAGTAACTA,1
TAGCTGATGGTAACTC,1
TAGCTTATAGTAACTC,1
TAGGGGAACGGGAAGC,1
TAGTAAGAGAAGTGCG,1
TAGTAATGCCGTTGTC,1
TAGTCCGCTTCATGCT,1
TAGTTGCACTACTGCT,1
TATAAAAGACTGTATA,1
TATAATAGGCGTCACA,1
TATACTAACGGAGGAT,1
TATACTCACGCAGGAT,1
TATACTCACGGAGAAT,1
TATACTCACGGAGTAT,1
TATACTCACTGAGGAT,1
TATACTCATGGAGGAT,1
TATATCGTATCCACAG,1
TATATTAGTAACATAG,1
TATATTAGTAACATAT,1
TATATTAGTAGCATAA,1
TATCACGCAGAAAAAG,1
TATCAGCTCTTAGCCG,1
TATCCAAGGGAAGGAC,1
TATCCAAGGGACGGAT,1
TATCCAAGGGACGTAC,1
TATCCAAGGGACTGAC,1
TATCCAAGGTACGGAC,1
TATCCAAGTGACGGAC,1
TATCTCGTATCCACAG,1
TATCTGATAGTAACTC,1
TATCTTGGGGAGAGTC,1
TATGAAGAGAAGTGCG,1
TATGCGAGCATGTCAA,1
TATGGCGTATCCACAG,1
TATGGGAAGGATCTAG,1
TATGTCGGAGCCACAG,1
TATGTCGTACCCACAG,1
TATGTCGTATCCGCAG,1
TATGTCGTATCCTCAG,1
TATGTCGTATCGACAG,1
TATGTCGTATCTACAG,1
TATGTCGTATTCACAG,1
TATGTCGTGTCCACAG,1
TATGTCGTTTCCACAG,1
TATGTTAGTAACATAA,1
TATTAAGACAAGTGCG,1
TATTAAGAGAAATGCG,1
TATTAAGAGAAGAGCG,1
TATTAAGAGAAGTACG,1
TATTAAGAGAAGTGGG,1
TATTAAGAGAGGTGCG,1
TATTAATAGAAGTGCG,1
TATTAGAGTGAACGAT,1
TATTAGGAGAAGTGCG,1
TATTCCTAAATAGCGA,1
TATTCCTAACGAGCGA,1
TATTCCTAACTAGAGA,1
TATTCCTAACTAGCAA,1
TATTCCTAACTATCGA,1
TATTCCTAACTGGCGA,1
TATTGAGACGCGCAAG,1
TATTGAGCCAGTCTGA,1
TCAACCGGGGGCTAAA,1
TCAAGCTTGGCGCATC,1
TCAATCAGGGGCTAAA,1
TCAATCCCAGCCTTTA,1
TCAATCGGAGGCTAAA,1
TCAATCGGCGGCTAAA,1
TCAATCGGGGGCTAAT,1
TCAATCGGTGGCTAAA,1
TCAATCGTGGGCTAAA,1
TCAATGGGGGGCTAAA,1
TCAATGTAGCCGCTCC,1
TCACGACGCGACTAAC,1
TCACGACTAGACTAAC,1
TCACGACTCGACGAAC,1
TCACGACTCGACTAAT,1
TCACGACTCGACTAGC,1
TCACGATTCGACTAAC,1
TCACGGCTCGACTAAC,1
TCACGGGTGTACGAGA,1
TCACGGGTTGGCTGTA,1
TCACGTGATTTCTCGA,1
TCAGGGGTGTACGAGA,1
TCAGTCGGGGGATAAA,1
TCAGTCGGGGGCTAAA,1
TCATAGGTATACGAGA,1
TCATATTAGGCGGCAT,1
TCATCCGTTGGGAACT,1
TCATCGCACTACTGCT,1
TCATGACATAGCGATG,1
TCATGGGTGTAGGAGA,1
TCATTACCACTGCATC,1
TCCAAACCCCTAGCTA,1
TCCAACGAAGTAGGAG,1
TCCACACCCCAAGCTA,1
TCCACACCCCTAGCCA,1
TCCACACCCCTAGCTG,1
TCCAGCAATGAGTTGT,1
TCCAGCGAGATAAGAG,1
TCCAGCGCGCTAAGAG,1
TCCAGCGCGGTAAAAG,1
TCCAGCGCGGTAAGAA,1
TCCAGCGCGGTAAGAC,1
TCCAGCTCTGTAAGAG,1
TCCATCAAGTTGGTGC,1
TCCATTTACTGAAGGG,1
TCCCAGTGGTTTGACA,1
TCCCCTTGGTTTGACA,1
TCCCTGTGGTTTGACA,1
TCCCTTCAACTAAAAA,1
TCCGAATGAATCATCC,1
TCCTAGAGTGAACGAT,1
TCCTAGTCCTCGTATG,1
TCCTATTAGGCGGCAT,1
TCCTATTCCGGCGCGG,1
TCCTCGTGGTTTGACA,1
TCCTGACATAGCGATG,1
TCGAAAAAATCATAAA,1
TCGAAATAGAGAGGTA,1
TCGAACGAAATAGGAG,1
TCGAACGAAGTAAGAG,1
TCGAACGAAGTATGAG,1
TCGACTACTAGCCGGA,1
TCGAGTCAATATGCGC,1
TCGAGTGAATAGGCGC,1
TCGAGTTAACATGCGC,1
TCGAGTTAATACGCGC,1
TCGAGTTAATATGCCC,1
TCGAGTTAATATGTGC,1
TCGAGTTGATATGCGC,1
TCGATTACTAACCGGA,1
TCGATTACTAGACGTA,1
TCGATTACTAGCCGGT,1
TCGATTACTAGGCGGA,1
TCGATTCAACTAAAAA,1
TCGATTGCTAGCCGGA,1
TCGATTTAATATGCGC,1
TCGCGTCAACTAAAAA,1
TCGCTCCAACTAAAAA,1
TCGCTCCTGAGTAGTA,1
TCGCTTCAACTAAAAG,1
TCGCTTCAACTAAATA,1
TCGCTTCAACTAAGAA,1
TCGCTTCAACTAGAAA,1
TCGCTTCAACTCAAAA,1
TCGGACGAAGTAGGAG,1
TCGGCCGTTGGGAACG,1
TCGGGAAACGATCCCC,1
TCGGGGATTGGCTGTT,1
TCGTAGTCCTCGTATG,1
TCGTCCCACTACTGCT,1
TCGTCCCTTGGGAACT,1
TCGTCCGCTGGGAACT,1
TCGTCCGGTGGGAACT,1
TCGTCGCACGACTACT,1
TCGTCGCACTACTCCT,1
TCGTCGCACTACTGCG,1
TCGTCGCACTGCTGCT,1
TCGTCGGTTGGGAACT,1
TCGTTACCACTGCATC,1
TCGTTCGTTGGGAACT,1
TCGTTGCACTACCGCT,1
TCGTTGCACTACGGCT,1
TCGTTGCACTACTTCT,1
TCGTTTCAACTAAAAA,1
TCTAACTCTCCCGGCA,1
TCTAACTCTCGCGGGA,1
TCTAACTCTCGCTGCA,1
TCTAACTCTTGCGGCA,1
TCTAAGAGTGAACGAT,1
TCTAAGCTCTTAGCCG,1
TCTAAGTCCTCGTATG,1
TCTAGCTCTCGCGGCA,1
TCTCAGCTCATAGCCG,1
TCTCAGCTCTGAGCCG,1
TCTCAGCTCTTAGCCT,1
TCTCAGCTCTTAGCTG,1
TCTCAGCTCTTAGTCG,1
TCTCAGCTCTTATCCG,1
TCTCAGCTCTTGGCCG,1
TCTCAGTCCTCGTATG,1
TCTCATCTCTTAGCCG,1
TCTCATTAGGCGGCAT,1
TCTCGACATAGCGATG,1
TCTCTTCAACTAAAAA,1
TCTGAAAACGATCCCC,1
TCTGAGAGTGAACGAT,1
TCTGGAAACAATCCCC,1
TCTGGAAACGAACCCC,1
TCTGGAAACGATACCC,1
TCTGGAAACGATCCCT,1
TCTGGAAATGATCCCC,1
TCTGGAGACGATCCCC,1
TCTGGAGCGCCCTTAC,1
TCTGGGTTAAGTTGTG,1
TCTTAATCCTCGTATG,1
TCTTACAGTGAACGAT,1
TCTTAGAGTCAACGAT,1
TCTTAGAGTGAACAAT,1
TCTTAGAGTGAACGAC,1
TCTTAGAGTGAATGAT,1
TCTTAGCTCTTAGCCG,1
TCTTAGGGTGAACGAT,1
TCTTAGTCCTCGCATG,1
TCTTAGTCCTCGGAGG,1
TCTTAGTCCTCGTACG,1
TCTTAGTCCTCGTATC,1
TCTTAGTCCTCGTGTG,1
TCTTAGTCCTGGTATG,1
TCTTAGTCTTCGTATG,1
TCTTATTAAGCGGCAT,1
TCTTATTAGGAGGAAT,1
TCTTATTAGGCGCCAT,1
TCTTATTAGGCGGCGA,1
TCTTATTAGGCGGCGT,1
TCTTATTAGGCGGCTT,1
TCTTATTAGGCGGGAT,1
TCTTCACATAGCGATG,1
TCTTCCGTTGGGAACT,1
TCTTGACAGAGCGATG,1
TCTTGACATAGCAATG,1
TCTTGACATAGCCATG,1
TCTTGACATAGCGACG,1
TCTTGACATAGCGTTG,1
TCTTGAGCCAGTCTGA,1
TCTTTAACACTGCATC,1
TCTTTACAACTGCATC,1
TCTTTACCACTGCACC,1
TCTTTACCACTGCAGC,1
TCTTTACCACTGTATC,1
TCTTTACCGCTGCATC,1
TCTTTACCTCTGCATC,1
TGAAATCGTCACCGAT,1
TGAACCGCAGACACGT,1
TGACAACAATACAAAG,1
TGACAACAATATAAAT,1
TGACAAGAATACAAAT,1
TGACGAATTTGATTCC,1
TGACGACAATACAAAT,1
TGAGAGTGTGAAGGGG,1
TGAGCTCATAGCTCCA,1
TGAGCTGTAGAGAGGT,1
TGAGCTGTAGAGCGCT,1
TGAGTTCACAGCTCCA,1
TGAGTTCATAGTTCCA,1
TGAGTTCATGGCTCCA,1
TGAGTTCGTAGCTCCA,1
TGATATTCCGGCGCGG,1
TGATCCGCTTCATGCT,1
TGATCGTTTACATTTA,1
TGATCTCTTACATTTA,1
TGATCTGGTACATGTA,1
TGATCTGTGAAATTGC,1
TGATCTGTGACACTGC,1
TGATCTGTTACATTGC,1
TGATCTTCTACATTTA,1
TGATCTTTACGAAAAA,1
TGATCTTTGACATTGC,1
TGATCTTTGACATTTA,1
TGATCTTTTACACTTA,1
TGATCTTTTACATGTA,1
TGATCTTTTACATTCA,1
TGATCTTTTATATTTA,1
TGCAGGGGTATACAGA,1
TGCAGTGCTATACATA,1
TGCAGTGGTAAACATA,1
TGCAGTGGTATACAGA,1
TGCAGTGGTATACATC,1
TGCAGTGGTATACATT,1
TGCAGTGGTATACGTA,1
TGCAGTGGTATATATA,1
TGCAGTGGTATGCATA,1
TGCAGTGGTGTACATA,1
TGCATAGGGATATGTG,1
TGCATCTAACAGATAG,1
TGCCAATGTCATTTGA,1
TGCCTGCTGCGGAACG,1
TGCGCTGGTCGATCCG,1
TGCGGGGGTCGAGCCG,1
TGCGGTAGTCGATCCG,1
TGCGGTGGGCGATCCG,1
TGCGGTGGTATACATA,1
TGCGGTGGTCCATCCG,1
TGCGGTGGTCGATCCC,1
TGCGGTGGTCGATCGG,1
TGCGGTGGTCGATTCA,1
TGCGGTGGTCGATTCG,1
TGCGGTGGTCGTTCCG,1
TGCGGTGTTCGATCCG,1
TGCTAGTCCGGCGCGG,1
TGCTATTCCAGCGCGG,1
TGCTATTCCGCCGCGG,1
TGCTATTCCGGAACGG,1
TGCTATTCCGGCGGGG,1
TGCTATTCGGGCGCGG,1
TGCTGAATTAAGTATG,1
TGCTGAGCCAGTCTGA,1
TGCTGTAATCTGAATA,1
TGCTGTTCCGGCGCGG,1
TGGAATAGGCGTCACA,1
TGGAATCCTCACCGAT,1
TGGAATCGGCACCGAT,1
TGGAATCGTCGCCGAT,1
TGGAATCTTCACCGAT,1
TGGAGTATGAAGAGCG,1
TGGAGTCGTCACCGAT,1
TGGCAACAATACAAAT,1
TGGCCCGCTTCATGCT,1
TGGCCCGTAAGGACTA,1
TGGCTGATAGTAACTC,1
TGGGAAATGGAAATGA,1
TGGGGACAAGATTGTA,1
TGGGGAGCCAGTCTGA,1
TGGGGTGGTCGATCCG,1
TGGTACGCTTCATGCT,1
TGGTCCGATTCATGCT,1
TGGTCCGCGTCATGCT,1
TGGTCCGCTCCATGCT,1
TGGTCCGCTTCATACT,1
TGGTCCGCTTTATGCT,1
TGGTCCTCTTCATGCT,1
TGGTCTGCTTCATGCT,1
TGGTGAGCCAGTCTGA,1
TGGTTCAGACTCTTGC,1
TGTAATAGACGTCACA,1
TGTAATAGGCGGCACA,1
TGTAATAGGCGTCAAA,1
TGTAATAGGCTTCACA,1
TGTAATAGGTGTCACA,1
TGTAATGGGCGTCACA,1
TGTAGTGGTATACATA,1
TGTCCAAGGGACGGAC,1
TGTCCGAATAAAGTAG,1
TGTCCGGAGAAAGTAG,1
TGTCCGGATAAAGCAG,1
TGTCCGGATAAAGTCG,1
TGTCCGGATAGAGTAG,1
TGTCCGGATGAAGTAG,1
TGTCGAGCCAGTCTGA,1
TGTCTGGATAAAGTAG,1
TGTGATAGGCGTCACA,1
TGTGGAAACGATCCCC,1
TGTGGAGCCAGTCGGA,1
TGTGGAGCCAGTCTGA,1
TGTGGAGCGCCCTGAC,1
TGTGGAGCGCCTTTAC,1
TGTGGAGCTCCCTTAC,1
TGTGGATCGCCCTTAC,1
TGTGTAGCGCCCTTAC,1
TGTGTCGTATCCACAG,1
TGTGTTGGCTTGGTTA,1
TGTTCCGCTTCATGCT,1
TGTTCTTTTACATTTA,1
TGTTGAACCAGTCTGA,1
TGTTGAGCCAGTCTGC,1
TGTTGAGCCATTCTGA,1
TGTTGAGCGCCCTTAC,1
TGTTGGAATCTGAATA,1
TGTTGGGGTCTCCCTT,1
TGTTGTAACCTGAATA,1
TGTTGTAATCTGAACA,1
TGTTGTAATCTGAAGT,1
TGTTGTAATCTGAATG,1
TGTTGTAATCTGAGTA,1
TGTTGTAGTCTGAATA,1
TGTTTAGCCAGTCTGA,1
TGTTTTAATCTGAATA,1
TTAAAAAAATCATAAA,1
TTAAGCTTCATGGAGT,1
TTAATCGGGGGCTAAA,1
TTAATGTAGCAGCTCC,1
TTAATGTAGCCACTCC,1
TTAATGTAGCCGATCC,1
TTAATGTAGCCGCTAC,1
TTAATGTAGCCTCTCC,1
TTAATGTAGCTGCTCC,1
TTAATTCGCATGCGGA,1
TTACAAATTTGATTCC,1
TTACAACAATACAAAT,1
TTACGAAATTGATTCC,1
TTACGAAGTGGATTCC,1
TTACGAATCTGATTCC,1
TTACGAATGTGATTCC,1
TTACGAATTGGATTCC,1
TTACGAATTTAATTCC,1
TTACGAATTTGAATCC,1
TTACGAATTTGAGTCC,1
TTACGAATTTGATGCC,1
TTACGAATTTGATTCG,1
TTACGAATTTGGTTCC,1
TTACTCAGTTCCTGCG,1
TTAGATACTAGGACCA,1
TTAGCGGTAGGGGGTG,1
TTAGTTCATAGCTCCA,1
TTATAAGCCAGCAAGA,1
TTATATCAGTCGCGCC,1
TTATCAGTAGAGCGCT,1
TTATCTCTAGAGCGCT,1
TTATCTGTAAAGCGCT,1
TTATCTGTAGAGCCCT,1
TTATCTGTAGAGCGTT,1
TTATCTGTAGATCGCT,1
TTATCTGTATAGCGCT,1
TTATCTGTGACATTGC,1
TTATCTGTTGAGCGCT,1
TTATGAATTTGATTCC,1
TTATTTAACAGACGTA,1
TTCAAATAATTGGCGC,1
TTCAAGTTACGGATGG,1
TTCAATGTCGTAGGAT,1
TTCACTCACCGAATAA,1
TTCATCAAGGTGGGGC,1
TTCATCAAGGTGGTGC,1
TTCATCAAGTTGATGC,1
TTCATCAAGTTGGCGC,1
TTCATCAAGTTTGTGC,1
TTCATCAATTTGGTGC,1
TTCATCGAGTTGGTGC,1
TTCATGAAGTTGGTGC,1
TTCCGTCCAGACTCGT,1
TTCCTAGGGGACGATT,1
TTCGCATCCTGGAATG,1
TTCGCCGCTAATCCGA,1
TTCGGTCCAGACTCGT,1
TTCGGTGGTCGATCCG,1
TTCGTCAAGTTGGTGC,1
TTCTATTCCGGCGCGG,1
TTCTCTCCAGACTCGT,1
TTCTGTCCAGAATAGT,1
TTCTGTCCAGACCCGT,1
TTCTGTCCAGACGCGT,1
TTCTGTCCAGACTCCT,1
TTCTGTCCAGACTCGG,1
TTCTGTCCAGACTGGT,1
TTCTGTCCAGACTTGT,1
TTCTGTCCAGATTCGT,1
TTGAAAAAATAATAAA,1
TTGAAAAAATCACAAA,1
TTGAAAAAATCATAAC,1
TTGAAAAAATCATAGA,1
TTGAAAAAATTGGCGC,1
TTGAAATTGAAACATA,1
TTGAACTTGTCGATAT,1
TTGACCCACCGAATAA,1
TTGACTCAACGAATAA,1
TTGACTCACCGAAGAA,1
TTGACTCACCGAATGA,1
TTGACTCACGGAATAA,1
TTGACTCACTGAATAA,1
TTGACTCGCCGAATAA,1
TTGAGCTGCCAATAAG,1
TTGAGGGATGCAACTC,1
TTGATTACTAGCCGGA,1
TTGCAATCGAAACATA,1
TTGCAATTGAAACATC,1
TTGCAATTGAAACATG,1
TTGCAATTGAACCATA,1
TTGCAATTGAAGCATA,1
TTGCAATTGAGACATA,1
TTGCAATTTAAACATA,1
TTGCAGCGTTGTTTTG,1
TTGCATTGTCGGAAAG,1
TTGCATTTGAAACATA,1
TTGCGATTGAAACATA,1
TTGCTCCGGAGTAGTA,1
TTGCTCCTCAGTAGTA,1
TTGCTCCTGACTAGTA,1
TTGCTCCTGAGTAGGA,1
TTGCTCCTGAGTAGTC,1
TTGCTCCTGAGTAGTG,1
TTGCTCCTTAGTAGTA,1
TTGCTGCTGAGTAGTA,1
TTGCTTCGGAGGAGGA,1
TTGGAAAAATCATAAA,1
TTGGAATTGAAACATA,1
TTGGACACTAAATTAA,1
TTGGGAACTAAATTAA,1
TTGGGCAAAGTTGACC,1
TTGGGCAACGGGAAGC,1
TTGGGCAATAAATTAA,1
TTGGGCACTAAAGTAA,1
TTGGGCACTAAATCAA,1
TTGGGCACTAAATTAT,1
TTGGGGAAAGGGAAGA,1
TTGGGGAACCGGAAGC,1
TTGGGGAACGGGAACC,1
TTGGGGAACGGGATGC,1
TTGGGGAAGGGGAAGC,1
TTGGGGAATGGGGAGC,1
TTGGGGATACGTCACC,1
TTGGGGGATTCAACTC,1
TTGGGGTAGAGATACG,1
TTGGGTACTAAATTAA,1
TTGGTCCTGAGTAGTA,1
TTGTAATTGAAACATA,1
TTGTATAAGTAGCGCC,1
TTGTATAAGTCGCACC,1
TTGTATAAGTGGCGCC,1
TTGTATCAATCGCGCC,1
TTGTATCAGCCGCGCC,1
TTGTATCAGTCACGCC,1
TTGTATCAGTCGCCCC,1
TTGTATTAGTCGCGCC,1
TTGTCCGCTTCATGCT,1
TTGTGTCAGTCGCGCC,1
TTGTGTCCAGACTCGT,1
TTGTTGAACGGGAAGC,1
TTTAAAAAATCATAAA,1
TTTAACTCTCGCGGCA,1
TTTAATAGGCGTCACA,1
TTTACTCACCGAATAA,1
TTTAGGTATTACATGC,1
TTTATACCGAGATTCA,1
TTTATAGCCAACACCA,1
TTTATATCAAACACCA,1
TTTATATCAAGATTCA,1
TTTATATCCAAAACCA,1
TTTATATCCAACTCCA,1
TTTATATCCAATACCA,1
TTTATATCCAGATTCA,1
TTTATATCGAAATTCA,1
TTTATATCGAGATCCA,1
TTTATATCGAGATGCA,1
TTTATATCGAGATTAA,1
TTTATATCGATATTCA,1
TTTATATCTAACACCA,1
TTTATATGCAACACCA,1
TTTATATTCAACACCA,1
TTTATATTGAGATGCA,1
TTTATCATATCTAATA,1
TTTATGTCGAGATTCA,1
TTTCAAAGAACCTATC,1
TTTCAATTGAAACATA,1
TTTCACAGAACATATC,1
TTTCACAGAACCGATC,1
TTTCACAGAACCTAAC,1
TTTCACAGAGCCTATC,1
TTTCACAGGACCTATC,1
TTTCACGGAACCTATC,1
TTTCAGAGGGGTTGTG,1
TTTCAGCATTGTTTTG,1
TTTCAGCGCTGTTTTG,1
TTTCAGCGTCGTTTTG,1
TTTCAGCGTTGCTTTG,1
TTTCAGCGTTGTTTGG,1
TTTCAGCGTTTTTTTG,1
TTTCAGGGTTGTTTTG,1
TTTCATAGAACCTATC,1
TTTCCGAATGGGGTAG,1
TTTCGTCATACTCACA,1
TTTCGTGAGACTCACA,1
TTTCGTGATACTTACA,1
TTTCGTGATAGTCACA,1
TTTGACAGAACCTATC,1
TTTGCTCCGACACGCC,1
TTTGTATCCAACACCA,1
TTTGTATCGAGATTCA,1
TTTTAAGAGAAGTGCG,1
TTTTGACATAGCGATG,1
TTTTGTCCAGACTCGT,1
