barcode,count
GGTCCATCTCAGATCG,83482
CTTAGGTATTACATGC,4189
CAGATAATATAGAGAC,3133
TCGTTGCACTACTGCT,718
AACCTACTAGACGTAA,604
TTGTATAAGTCGCGCC,543
AATCACCTATATGTAA,405
TTGTATCAGTAGCGCC,304
CTGAACTTATCTGTAG,272
GAGGGTTAGAGATACG,233
AGACCATTGCACCCAA,223
TCATGGGTGTACTAGA,215
TCATGGGTGTACGAAA,207
TGGTCCGCCTCATGCT,180
AGGTTCAGCCTCTTGC,170
ACCGGAAGTTGCCAAG,143
CTCCTAGTGGACGATT,142
CGCGACATCCTTCCGG,138
ACGTGTCTCCGAGCTA,136
ACAGTCCACCACTGAG,125
CGGGAAATATAAATGA,108
CATTTAGACGCGCAAG,107
TAGTAAGAGAAGTGCG,102
GTACAAACCTGCAAAC,99
AACCACCGAGTGACCA,97
TATTAAGGGAAGTGCG,92
GACCACCGAGTGACCG,90
GTACAAACCTACAAAT,89
ACAGTCTGAACCATAC,88
TACCCCGCAAGCCACT,85
TACCCTGTAAGCCACT,84
CAATTAGAAATAAATA,83
TTATCTGTAGAGCGCC,81
GAAGTGTGTATTGAGT,79
GATCGCCATTGACTTC,78
GTACAAACCCGCAAAT,77
CAATTAGAAATACACA,75
ATACACGCATATGCCA,73
CCCTGCGGGGCTCGGG,73
CGGGAAATGTAAATAA,64
GTGCGATTGTTCGGAA,64
TGGACCCTAGATGGTA,64
GAATTAGAAATACATA,60
GTAGAACTGCGGCCCA,60
GCCAGCTCGTATCACT,58
TTGGGGAACGGGAAAC,58
AACCACCTAGTGACCG,57
AGTGTTGAATAGGTGA,57
GACAAAATGGACATAT,57
GCCGAATGAATCATCC,57
TTGGGGAACGGGAAGT,57
TCCAGTGCGGTAAGAG,56
CAAATGCTGCATTAAG,55
GGTCCATCCCAGATCG,55
GGTCCATCTCAGATCA,55
GTAAAAACCTGCAAAT,54
AACGACAAACAGGAAG,51
GAAGTGCGTAATGAGT,51
CGGACCCTAGATGGCA,50
AACCACCCCATAGATG,49
AACGACAAACATTAAG,49
GTACAAACCTTCAAAT,49
AACCACCGAGTGACTG,48
TATCCAATGGACGGAC,48
AAATTAGAAATACATA,47
ACATGTCTCCGAGCAA,47
AGCATATGGATATGTG,46
AGGACCCTAGATGGTA,46
ATGGGATTGGGGAAAC,46
CGTGTACCCTTCATCA,46
TACCACCGAGTGACCG,46
AAAAAATTTATGGCAA,45
GAGGGGTATAGATACG,44
GGCTCCTGGGGTATCA,44
GTACAAACATGCAAAT,43
GTACCCAGTTCCTGTG,43
GTGGTATCAAGCCTGG,43
TACCCTGCAAGCCACC,43
TTACGAATTCGATTCC,43
GTGAGATTGTCCGGAA,42
TTGCTCCTGAGTAGCA,42
AATCGCTGGCACCCAT,41
ACACGGGTTGGCTGCA,41
ACACGGATTGGCTGTA,40
CGTGTACCCTTCAACA,40
TGTAATGGGCGTCACA,40
CGCACTTTACTAGACA,39
TCCAGCGAGGTAAGAG,39
AGGTTCAGACTCTTGT,38
AACAGAGGTCCATGTA,37
AACCACCGAGTGACAG,37
ATTAGATTATAACGCA,37
CAATTAGAAATACATG,37
CCCTGCGAGGCTCGGG,37
GCCAGCTCGTATCCCC,37
GTAAGCAAATTTGACC,37
GTACAAACCTGAAAAT,37
GTACGATTGTCCGGAA,37
GTGGGATTGGAGAAAC,37
AACCACCGAGTTACCG,36
ACTGTTTAGAAATTTT,36
GGTCCATCTCAGATAG,36
GTAGAACTGCGGCACC,36
GTGCAAACCTGCAAAT,36
GTGGTATCAAACCGGG,36
TAGCGTGATTTCTCGA,36
TGGGAAATGTAAATGA,36
GGTCCATCTCAGATCT,35
GTGCGATTGTCAGGAA,35
AAAAAATTTATGAAAA,34
AACAGAAGTCCATGCA,34
GACGACAAACAGTAAG,34
GCAACTAGGTGTAACC,34
GCCACTGCGGCGTGTG,34
TGTCCGGACAAAGCAG,34
ACCAGCTCGTATCCCT,33
CTAGCACAGCGTAGAC,33
CTAGCACAGCGTAGGA,33
TCTTATTAGGCGGCAC,33
TTACGGATTTGATTCC,33
ACCAGCAATGGGTTGT,32
AGTGTACCCTTCAGCA,32
CCCTGCGCGGATCGGG,32
CCCTGCGCGGCTCTGG,32
GACAAAGGGGACATAT,32
GCAGTCCACCATTGAG,32
GGCATCTAACAGATAG,32
GGGAGTATGAAGAGCG,32
TACTAATGCCGTTGCC,32
TCCAGCGCGGTAAGAA,32
AAAAAATTTATGACGA,31
AACACTTAGAACCGCC,31
AACCACCGAGTGACCT,31
CCCTGCGCGGCTAGGG,31
CGTGTACCCTTCAGTA,31
CGTGTATCCTTCAGCA,31
CTTCGGCTCTTGATCA,31
GATCACGCAGAAAAGG,31
TTACAAACCTGCAAAT,31
TAACGTGATTTCTCTA,30
TAGGCTCTAGAGCTCT,30
TCGTCGCACCACTGCT,30
AACGGTTCCGACGAAG,29
ACCAGCAATGAGTTAT,29
AGGAGTATGAAGAGTG,29
CAGAACCTCGTTGTCC,29
CAGGGACAAGATTGTA,29
CCAAGCTTGGTGCATC,29
CGATTAGAAATACATA,29
CTGAACTCATCTGTGG,29
GAAGAAACGATAACCA,29
GACGGTTCCGACTAAG,29
GAGAGTCCCTATGATG,29
TTGCTCCTGAGTAGTG,29
AACCACCGAGGGACCG,28
AACCACTGAGTGACCG,28
ACTACTAGGCTACGTA,28
AGCATAGGGATATGCG,28
AGGGAACATACATAAC,28
ATGGGGTTGGAGAAAC,28
CAGATAATGTAGAGAC,28
CCTTGATGCATTCCCA,28
CTATCTTAATCTACGG,28
CTGAACTTATATGTGG,28
CTGGAGGCCTGGCCCA,28
CTTAGGTATTATATGT,28
GCCATTTACTGAGGGG,28
GTACCCAGTTCCTACG,28
GTGTGATTGTCCGGAA,28
TCGTCGCACTACTGTT,28
TTGGGGAAAGGGAAGC,28
AGCGACACCCTTCCGG,27
CATGGGAATTGCCACC,27
CCCTATGAAATAAACT,27
CGCGACACACTTCCGG,27
GGGGGGTAGAGATACG,27
GTACAAACCGGCAAAT,27
GTACCCAGTTCCTGCA,27
GTATGGAACTAACTCC,27
GTTCCGAATGGGGTAG,27
TACCCGGCAAGCCACT,27
TGTCCATCTCAGATCG,27
TTGGGGAACGGGGAGC,27
AAAAAATTTATGACAG,26
ATGGGATTGAAGAAAC,26
CTGAGGGATTCAACCC,26
CTGTGCCTGCAGTTGA,26
CTTACAGAGTACTAGA,26
TGTAATAGGCGTCACG,26
ACCAGCAATGAGTTAC,25
ACCGAATGAATCATCA,25
AGGTTCAGACTCTTAC,25
ATGAACTTATCTGTGG,25
CTATATTGCCCGGAAA,25
CTATATTTCCCGGAAG,25
CTTAGGTATTATATAC,25
GAGGGGTAGAGATAAG,25
GTACAAACCTGTAAAT,25
TAATTAGAAATACATA,25
TCGATTACTAGCCGAA,25
TTGGGAAACGGGAAGC,25
TTGGGGAATGGGAAGC,25
AACCACAGAGTGACCG,24
AAGTTAGTGGACCCAC,24
ACAAAGTCTCGAGAAA,24
ACAAGCAATGAGTTGT,24
ACCAGCAATGAATTGT,24
ATAACGTTTGTGTAAA,24
ATGGGATTGGAGAAAT,24
ATTTGAATTCGAGGAC,24
CCAACACAAAAAATCA,24
CCTGGGCTAAGTTGTG,24
CTGAACTTGTCGGTAT,24
CTGGGGAACGGGAAGC,24
GAGGGGTAGAGATGCG,24
GGTCCATATCAGATCG,24
GTACCAAGTTCCTGCG,24
TACCCTGAAAGCCACT,24
TACCCTGCAAGACACT,24
TACCCTGCATGCCACT,24
TCTTATTAGGCAGCAT,24
TTAAGAATTTGATTCC,24
TTGGGGAACGGGAATC,24
AAAGCTCTTTTTGTTC,23
AACAACAAACAGTAAG,23
AATGAAACAATAGAAC,23
ACAAACAGTGTAGTTG,23
ACAAAGTCTCGAGGAG,23
ACACGGGTTGGATGTA,23
ACCAGCAATGAGTTGC,23
ACCCCCGGAGCTTGGT,23
ACGTCCATTAAGACCA,23
AGTGTTGAATAGGCAA,23
AGTGTTGAATAGGCGG,23
ATGGGATTGTAGAAAC,23
CATTAAATTATAGTCT,23
CCCTGCGCGGCTCGAG,23
CCCTGTGCGGCTCGGG,23
CGCGACACCCTTCCGT,23
CGTTTACCCTTCAGCA,23
CTCCGAAATGTGGAAG,23
GATCGCTGGCACCCGT,23
GCATCCTCAACTCCTG,23
GTAGAACTGCGGCCAC,23
TCGATTACTAGCCGGG,23
TGGTCCGCTACATGCT,23
TTGGGGAACGGGAAGA,23
TTTCACAGAACCTACC,23
TTTCAGCGCTGTTTTG,23
AACACGTAGAACCACC,22
AACGGTTCCGACTAAA,22
ACGTGTCTCCTAGCAA,22
AGGGAAATGTAAATGA,22
AGTATTTGTGCTTCAA,22
ATTATCATATCTAACA,22
CATGTACCCTTCAGCA,22
CATGTGGAGTCCAACA,22
CCCTATGAAATAAGCC,22
CCCTGCGCGGCTCGTG,22
CGCGACACCCTTCCTG,22
CGTGTACACTTCAGCA,22
CGTGTACCATTCAGCA,22
CTGAGCTGCCGATAAG,22
CTTAAATAATTGGCGC,22
GAATAATAGAACAGAA,22
GAGAGCTGCAGACGCG,22
GAGGGGATACGTCACT,22
GCACAAACCTGCAAAT,22
GTCACATCCTGGAATG,22
TAAAAAGCCTCCGTGA,22
TACTGATAACCCTGTG,22
TGCCCTGCAAGCCACT,22
TGTTGTAATCTGAACA,22
AAAAAATTTATTACAA,21
AACGTTTCCGACTAAG,21
ACCATCAATGAGTTGT,21
ACCTAATGAATCATCC,21
AGAAAATCTCGGATAC,21
AGTGTTGGCTTGGTCA,21
ATATAAAAAGCTTAGT,21
CAGGCTCTAGAGCTCC,21
CCCTTCGCGGCTCGGG,21
CGAGACACCCTTCCGG,21
CGCGACACCCTTCCAG,21
CGTGTACCCTTCTGCA,21
CTATATTGCCAGGAAG,21
CTTGTACCCTTCAGCA,21
GAATGGAACTAACTCC,21
GATCTTGTGGAGAGTC,21
GCGTCCATTAAGATCA,21
GTCGCATCCTGGAATT,21
GTGCGATTGTCCTGAA,21
TAACGTGATTTCTCAA,21
TGATCTTTTACATTCA,21
TGCAGTGGTATACACA,21
TGGTCCGCTTCATGCC,21
TTACGAATTTTATTCC,21
TTATCTGTAGAGCTCT,21
TTCATCAAGTTGGTAC,21
AAAAAAGTTATGACAA,20
AAAAAATTTATGATAA,20
AACGACAAACAGTAAA,20
AACGGTTCCTACTAAG,20
AAGGGCCCTCATAATG,20
AGGAAAGAAACTGGGG,20
ATACAAACCTGCAAAT,20
ATACACGAGGTTGTAA,20
ATGCGATTGTCCGGAA,20
ATTACGAATGGGGTAG,20
CCAAACATACCGTTAA,20
CGGGAAATGTAAATGC,20
CGTGTACCCCTCAGCA,20
CGTGTACCCTTAAGCA,20
CTAGCACAGCGTATGC,20
CTGAACTTATCTGTAA,20
CTTACAGAATACTAAA,20
GACACGTAGAACCGCC,20
GCAGCGTGTCGGTCAT,20
GCATGGAAATAACTCC,20
GCCAGCAATGAGTTGT,20
GGCCCCTTGTAAGATG,20
GTACAAAACTGCAAAT,20
GTACAAACCTGCGAAT,20
GTATCCAGTTCCTGCG,20
TATGTCGTATCCACGG,20
TATTAAGAGAAGTGAG,20
TCCTGCGCGGCTCGGG,20
TGCGGTGGTCGATCCA,20
TTACGAATTTGACTCC,20
TTATCTGTAGAGAGCT,20
AACTTCCCTGACTGCC,19
ACACGGGTTGACTGTA,19
ACTGTCTAGAAATTCC,19
AGAATAGGGATATGTG,19
AGCACCTAACAGATAG,19
AGCATCTAACAGATAA,19
CAGATAATATATAGAC,19
CCCTGCGCGGCTCAGG,19
CCCTGCGTGGCTCGGG,19
CCCTGCTCGGCTCGGG,19
CGTGTACCCTTCAGAA,19
CGTGTGCCCTTCAGCA,19
CTATTTAACAGACGCA,19
CTTAACTTATCTGTGG,19
GAATAAGAGAACAGAG,19
GACAGAAGTCCATGTA,19
GAGAGCCGCAGAAGCG,19
GAGGGGTAGAGATACA,19
GAGGTCCCTATGTAAT,19
GATCTTGGGGAGAGCC,19
GGGAAAGAAACTGGAG,19
GGTCCATCTCAGATTG,19
GTTCCATCTCAGATCG,19
TCATGGAACTAACTCC,19
TCGTCCGTTGGGAACC,19
TGCGACACCCTTCCGG,19
TGGGAACATACATAAC,19
TTACCCAGTTCCTGCG,19
TTATCGGTAGAGCGCT,19
AAAAATTTTATGACAA,18
AAAGACAAACAGTAAG,18
AAGTGTCTCCGAGCAA,18
AATAGCTGGCACCCGT,18
ACATCCTCAACTCCTA,18
ACATGGAACTAACTCC,18
ACCAGAAATGAGTTGT,18
ACCAGTAATGAGTTGT,18
ACCGAATGAATAATCC,18
ACTGATTCACGAATAA,18
AGCATAGGGATATGCA,18
AGCATCTAAAAGATAG,18
AGGAGTATGAAGAGAG,18
AGGTTCGGACTCTTGC,18
AGTTGGGGTCTCCCCT,18
ATCAGGATAATCGCAC,18
CACGGTCGGCGAACTC,18
CATACATAGTTTGTTG,18
CCAAGCTTGGCGCACC,18
CTGAACTTATCTTTGG,18
CTGGGGGATTCAACTC,18
GAACCCATAAGACCCC,18
GCATCCTCAACTCCCA,18
GCATGGGACTAACTCC,18
GGTACATCTCAGATCG,18
GTAAGCGAAGTTGACC,18
GTACCCATTTCCTGCG,18
GTAGAACTGCTGCCCC,18
GTCGCATCCCGGAATG,18
GTGCTATTGTCCGGAA,18
TAGAACCTCGTTGTCT,18
TCCATCGCGGTAAGAG,18
TCGTCGCACTACTGCC,18
TCTAACTCTCGCGGAA,18
TCTTATTAGGCGACAT,18
TCTTTACCACTGCACC,18
TTCTGTCCAGACTCAT,18
TTGAGGAACGGGAAGC,18
AAAGGTTCCGACTAAG,17
AACAGCAATGAGTTGT,17
AAGTTAAGAGGAAGTT,17
AATCGCTGGCACCCAC,17
ACCCCCGGAGCTTGAC,17
ACCGAATGAATCATAC,17
AGCATCCAACAGATAG,17
AGCTCCTGGGGTAACA,17
AGGCCCGTAAGGACCA,17
ATAGGATATGTGGCTG,17
ATCGACAAACAGTAAG,17
ATTCGGCTCTTGATTA,17
CATGTGGATTCGCCCA,17
CCCTGCGCGGCTCGCG,17
CTAGCGCAGCGTAGGC,17
CTGAGCTACCAATAAG,17
GATCGCCATCGACTCC,17
GATCTTGGGGAGAGTT,17
GATGAAACAATCGAAC,17
GCTGTCTAGAAATTTT,17
GGCCACCGAGTGACCG,17
GTAAGCAAAGTTGATC,17
GTAAGCAAAGTTTACC,17
GTAGAACTGCGGCTCC,17
GTAGAACTGTGGCCCC,17
TAACGCGATTTCTCGA,17
TATTCCTAATTAGCGA,17
TCCAGCGCGGTAAGGG,17
TCGAACGAAGTAGGAA,17
TCGACTACTAGCCGGA,17
TCGCTTCAACTATAAA,17
TCTTATTAGGAGGCAT,17
TCTTATTAGGCGGTAT,17
TGTGTACCCTTCAGCA,17
TGTTGAGCCAGTCTAA,17
TTATCAGTAGAGCGCT,17
TTATCTTTAGAGCGCT,17
TTCTGTCCAGACTCGC,17
TTGAAAAAATCGTAAA,17
AAACACCGAGTGACCG,16
AAACCCATAAGACCCA,16
AAAGACCTTTAACTCC,16
AACATAGGGATATGTG,16
AACCACCGAGTGAACG,16
AACGACAAATAGTAAG,16
AACGACAAGCAGTAAG,16
AACTGTTCCGACTAAG,16
ACAAGATTCGGTGGAC,16
ACAAGGGTTGGCTGTA,16
ACATATGATTTTCGAG,16
ACCGAATTAATCATCC,16
ACTCTGGCTCGCTGAT,16
AGAAAGTCTCAGATAC,16
AGCCACCGAGTGACCG,16
AGCTCCTGGGGTATCT,16
ATAGTCAGCACAATTA,16
ATTAGGTATTATATGC,16
ATTCCGAATGGGGTAA,16
CACCATCAGTACCTAG,16
CACGGGCTAATGTCCC,16
CCGGATAAATAAGAAC,16
CCTGGGTTAAGTTGCG,16
CCTTGATGCATTCCCT,16
CCTTGGTTAAGTTGTG,16
CGTGTAACCTTCAGCA,16
CTAGCACAGCGTAGGT,16
CTGTACCTGCAGTTAA,16
GATCACACAGAAAAAG,16
GATCTTGGGGAGAGTA,16
GATCTTGGGGAGCGTC,16
GATTCGTGAGTACTAG,16
GCATGGAACTAACTCA,16
GGTCAATCTCAGATCG,16
GTAACCAGTTCCTGCG,16
GTACACAGTTCCTGCG,16
GTACCCAGTTCCTTCG,16
GTAGAACTGCGGCCCT,16
GTCAAGTTAAGGATGG,16
GTGCAATTGTCCGGAA,16
GTGGTATCAAGACGGG,16
GTGGTATCAAGTCGGG,16
GTTAGATTATAACGTA,16
TACAGCGCGGTAAGAG,16
TACCCTGCAATCCACT,16
TACCCTTCAAGCCACT,16
TACCTAGGATCGCACT,16
TACTTATAACCCTGCG,16
TATGTCGTATACACAG,16
TATGTCGTATCCATAG,16
TCGATTACTAGCAGGA,16
TTGAACGAAGTAGGAG,16
TTGGGGAACGTGAAGC,16
TTTCTTGATACTCACA,16
AAGGGGATTGGCTGTT,15
AATCGCTGGCACCCGC,15
ACAATCTGAACCATGC,15
ACACGGGTTGGCTTTA,15
ACAGAATGAATCATCC,15
ACATCCATTAAGATCA,15
ACCAAATGAATCATCC,15
ACCAGCAATGAGTTTT,15
ACCCCCGGAGCTTGGA,15
ACCTGCGCGGCTCGGG,15
ACGTATGATTTTCGAA,15
ACGTGTCTCCGAGAAA,15
AGGTTCAGACTATTGC,15
AGGTTCAGACTCTTTC,15
ATAACGTTTGTACAAA,15
ATACCCAGTTCCTGCG,15
ATGGAGGCCTGGCCCC,15
CAATTAGAAGTACATA,15
CAATTAGGAATACATA,15
CCATATGAAATAAGCT,15
CCCAGCGCGGTAAGAG,15
CCCTTTACGGATCTCC,15
CCTTTACCACTGCATC,15
CGAAACACGTCCCAAT,15
CGCTACACCCTTCCGG,15
CGGACCCTAGATGTTA,15
CGGACCCTAGATTGTA,15
CTAACACAGCGTAGGC,15
CTAGCACAGCGTAGTC,15
CTAGCACATCGTAGGC,15
CTATATTGCCCGGACG,15
CTATATTGCCCGTAAG,15
CTATCTTAATCTACAA,15
CTGAAATTATCTGTGG,15
CTGAGCTGCCAAGAAG,15
CTGGAGGCCTGGCCCT,15
GAAAACAGTGTAGTTG,15
GAGGGGGTACGTCACC,15
GAGGGGTAGAGATACT,15
GCCTTTGTGCGCAGTC,15
GGTCCATCTCATATCG,15
GTAAGAAAAGTTGACC,15
GTACCCAGTTCCTGAG,15
GTGCGATTGTCCAGAA,15
GTGCGATTGTCTGGAA,15
TACCAATGTCACTTGA,15
TACCCTGCAAGCAACT,15
TACTAATGCCTTTGTC,15
TCAAGCGCGGTAAGAG,15
TCCAGAGCGGTAAGAG,15
TCGAAAGAAGTAGGAG,15
TCTAACTCTCGCGACA,15
TCTATTACTAGCCGGA,15
TCTTTGCCACTGCATC,15
TGTGACCCCCTCCAAC,15
TTAGAACTGCGGCCCC,15
TTATCCGTAGAGCGCT,15
TTGTATCAGTAGCACC,15
TTGTATCAGTCGCCCC,15
TTTGGGAACGGGAAGC,15
AAACCCATGAGACCCC,14
AACCGCTGGCACCCGT,14
AACGACAAACAGTAGG,14
AAGATAGTGATGAACA,14
AAGCGGTGATGTGACC,14
AATCGCTGGCACCCTT,14
AATCGCTGGTACCCGT,14
AATCGCTGTCACCCGT,14
ACAATCTGAATCATAC,14
ACACGGGTTGGCTGTG,14
ACCAGCAATGAGTGGT,14
ACCAGCGCGGTAAGAG,14
ACCCCCTGAGCTTGGC,14
ACGGATAAATCAGAAC,14
ACGTGTCTCTGAGCAA,14
ACTACGAGGCTACGCA,14
ACTGTCTAGAAATTCT,14
AGAAAATCTCAGACAC,14
AGAAAATCTCAGATAA,14
AGGACTATAGTTGGTA,14
ATAAAATCTCAGATAC,14
ATGGGATGGGAGAAAC,14
ATTAGGGATACGTGAG,14
ATTATAATATCTAATA,14
CAATTAGAGATACATA,14
CAATTGGAAATACATA,14
CATACAGAGTTTGTCA,14
CCAAGCTTGGCGCATA,14
CCAAGCTTGGCTCATC,14
CCAATCTTGGCGCATC,14
CCCCCTCTGTTTAAAA,14
CGCGACACCCTTCAGG,14
CGGAACCTCGTTGTCT,14
CGGGAACATACAGAAC,14
CGGGGACATACATAAC,14
CTAGCACAGAGTAGGC,14
CTATATTACCCGGAAG,14
CTATATTGCCCTGAAG,14
CTCAAATAATTGGCAC,14
CTGAACTTATCTGTGT,14
GAACAAACCTGCAAAT,14
GAATAATAGAAAAGAG,14
GACTAAAGGATCATGA,14
GAGGGGCAGAGATACG,14
GAGGGGTAGGGATACG,14
GCAGTACGATCTACGC,14
GCATCCTCAACTCATA,14
GCGTGTCTCCGAGCAA,14
GGCATAGGGATATGTG,14
GGCGACACCCTTCCGG,14
GGTCCATCTCGGATCG,14
GTAACTGAGGGCATTG,14
GTACAATCGGCTCGCG,14
GTAGAACTGCGGACCC,14
GTGCGATAGTCCGGAA,14
GTGCGATTGCCCGGAA,14
GTGGTATCAAGCCGAA,14
TAATAAGCCAGCAAGG,14
TACCATGCAAGCCACT,14
TATGTCGTATCCACAA,14
TATTATTAGGCGGCAT,14
TCAACCGGGGGCTAAA,14
TCCAGCGCGGGAAGAG,14
TCGATTACTAGCCTGA,14
TCTTGACATAGCGACA,14
TGACTCCACGGACGCC,14
TGTCCGGATAAAATAG,14
TTATATGTAGAGCGCT,14
TTATCTGTAGAGCACT,14
TTATCTGTAGGGCGCT,14
TTGGGGAACTGGAAGC,14
TTTATATCGAGATTCG,14
TTTCACAGAACATATC,14
TTTCACGGAACCTATC,14
AAAAGAAGTCCATGTA,13
AAAGCTCTTTTCGTCC,13
AACAACCGAGTGACCG,13
AACACGTAGAACCTCC,13
AACCAACGAGTGACCG,13
AACCACCGAGTGCCCG,13
AACGACAAAAAGTAAG,13
AACTTCCCTGACTACT,13
AACTTCCCTTACTGCT,13
AAGGTCCCTATGTAAC,13
AATCGCTGGAACCCGT,13
AATCGCTTGCACCCGT,13
AATGGTTCCGACTAAG,13
AATGTGAGCATGTCAA,13
ACACGGGTTGGTTGTA,13
ACTTTCTAGAAATTTT,13
AGAAAATCTCATATAC,13
AGCCCATGCTGGGGAC,13
AGTTTGGGTCTCCCTT,13
ATAGGATATATGGCCG,13
ATTCCTAATGGGGTAG,13
ATTGGATTATAACGTA,13
CAAATGCCGCATTAGG,13
CAAATGCTGCATTAAA,13
CAATTAGAAATACGTA,13
CCATGCGCGGCTCGGG,13
CCCTGCGCGACTCGGG,13
CCCTGCGCGGCTCGGT,13
CCTGGGTTAAGTTGTA,13
CGCGAAACCCTTCCGG,13
CGGACACTAGATGGTA,13
CGTACCCTAGATGGTA,13
CGTGGCCCCCTCCAAC,13
CGTGTACCCTTCAGCG,13
CGTGTACCCTTCAGCT,13
CTATATTGACCGGAAG,13
CTCGACACCCTTCCGG,13
CTGAACTTATCTGCGG,13
CTGAGGGACTCAACTC,13
CTGGAGGCATGGCCCC,13
CTTCGGCTCTTTATTA,13
CTTCTGCTCTTGATTA,13
GAAGAAAATATAACCA,13
GAGAGATGCAGAAGCG,13
GAGAGCTACAGAAGCG,13
GAGGGGTGGAGATACG,13
GAGTGGTAGAGATACG,13
GCAAACAGTGTAGTCG,13
GCAAACAGTGTATTTG,13
GCATCATCAACTCCTA,13
GCATGGAACTAACCCC,13
GCATTGAACTAACTCC,13
GTAATTCGCATGCAGA,13
GTACCCAGTTCCTGCT,13
GTAGAACTGAGGCCCC,13
GTGCGATTGTACGGAA,13
GTGCGATTGTCCGGTA,13
GTGCGATTGTCCGTAA,13
GTGGCATCAAGCCGGG,13
GTGTTATCAAGCCGGG,13
GTTAGGGCTACGTGAG,13
TAAAAAGCCTCCATAA,13
TAACGTTATTTCTCGA,13
TACCCTGCAAGCCAAT,13
TACCCTGCAAGCCACA,13
TACCCTGCAAGCCACG,13
TAGCATTGTCGGAAAA,13
TCATGGGTGTAAGAGA,13
TCTTATTAGGCGGAAT,13
TCTTATTAGGCGTCAT,13
TGAAGTGGTATACATA,13
TGAGGTGGTCGATCCG,13
TGTTGAGCCAGTCTTA,13
TTACGAATTTGATTCA,13
TTACGAATTTGATTCT,13
TTATCTGTAGAGCGAT,13
TTGAACTTATCTGTGG,13
TTGGGGGACGGGAAGC,13
TTGTATCAGTCGCACC,13
TTGTGGAACGGGAAGC,13
TTTCACAGAACCCATC,13
AAACACATAAGACCCC,12
AAACCCATAAGACCAC,12
AACGGTTACGACTAAG,12
AACGGTTCTGACTAAG,12
AAGAACCTCGTTGTCT,12
AAGAGGTGATGTGATT,12
AATACAGAGTTTGTTG,12
AATGTCTAGAAATTTT,12
ACCAGCAATGAGGTGT,12
ACGTTTCTCCGAGCAA,12
ACTTCCATTAAGATCA,12
AGAAAATATCAGATAC,12
AGGAGTATGAAGAGCA,12
AGGTTAAGACTCTTGC,12
AGTACAGTGTAATCGA,12
AGTGTTGGCTTGTTTA,12
ATATAAAAAACTTGGT,12
ATATTTAACAGACGTA,12
ATGGGATTTGAGAAAC,12
ATTAGGGCTACGGGAG,12
ATTCAGAATGGGGTAG,12
ATTCCGAATAGGGTAG,12
ATTCCGAATGGTGTAG,12
ATTCCGAATGTGGTAG,12
CAATTATAAATACATA,12
CAGAACCTCATTGTCT,12
CAGATAGTGATGAAAA,12
CAGTTAGAAATACATA,12
CATACAGAGTTTGTCG,12
CATACAGTGTAATCGA,12
CATTGAGACGCGCAAA,12
CCCCGCGCGGCTCGGG,12
CCGAACTTATCTGTGG,12
CCTTGATGCATTCCCC,12
CGAACCGCGGACACGT,12
CGGACCCTATATGGTA,12
CGGGAAAATACATAAC,12
CGTACAGTGTAATCAA,12
CTAGTACAGCGTAGGC,12
CTATATTGTCCGGAAG,12
CTATCACAGCGTAGGC,12
CTGACCCTAGATGGTA,12
CTTAGGTATTATATGA,12
CTTCGACTCTTGATTA,12
CTTCGTCTCTTGATTA,12
GAGAGCTGAAGAAGCG,12
GAGAGCTGCAGAAGAG,12
GATCACCATCGACTTC,12
GATCACGCAGAAAAAA,12
GATCTTGGGGGGAGTC,12
GCAAAAAGTGTAGTTG,12
GCAAACAGTGTAGTCA,12
GCATGGAACTAAATCC,12
GGTCCACCTCAGATCG,12
GTAAGCAAAGTTGACA,12
GTACAGACCTGCAAAT,12
GTAGAACTTCGGCCCC,12
GTCTCATCCTGGAATG,12
GTGAGTGAGAAAAGCA,12
GTGGTATCAAGCCAGG,12
GTGGTATCAAGCCGTG,12
GTTACTCCGACACGCC,12
GTTGCTCCGACACTCC,12
TAATGGGTGTACGAGA,12
TACGGCCGGCGAACTC,12
TACTGATAACCCTGCA,12
TAGCATTGTAGGAAAG,12
TATCCAGACGCAATAG,12
TATTAAGAGAAGTGTG,12
TCCAGCGCAGTAAGAG,12
TCCAGCGCTGTAAGAG,12
TCGAACGAAGTAGGGG,12
TCGTCAGTTGGGAACT,12
TCTAACTCTCGCGTCA,12
TCTTATTAGGTGGCAT,12
TCTTGACATAGAGATG,12
TGCAGTGTTATACATA,12
TGCTATTCCGGCGAGG,12
TGGAATCGTCACCTAT,12
TGGAATCGTCGCCGAT,12
TTGGGGAACGGTAAGC,12
TTGGTATCAAGCCGGG,12
AAAATGCTGCATTAGG,11
AAACCAATAAGACCCC,11
AAACCCATAATACCCC,11
AAAGATCTTTTCGTTC,11
AAAGGCGCGCCTTCGA,11
AACACGTAGAACCGAC,11
AACCACCGAGTGATCG,11
AACGACAAACAGTGAG,11
AACGGTTCCGAATAAG,11
AATGACAAACAGTAAG,11
ACAAGAGTCGGGGGAC,11
ACAATCTGAACCATAT,11
ACAATCTTAACCATAC,11
ACACGGGTTGGCTGTT,11
ACCAACAATGAGTTGT,11
ACCAGCAATGATTTGT,11
ACCCCGGGAGCTTGGC,11
ACCGAATGAATCATCT,11
ACGGGGATTGGCTGTC,11
ACGGGGATTGGCTTTT,11
ACGTATGATTTTCTAG,11
ACGTCCATTAGGATCA,11
ACGTGTCTCCGAACAA,11
ACGTGTCTCCGAGCAT,11
AGAAAATCTAAGATAC,11
AGAGCTATACATTTAC,11
AGATCCTGGGGTATCA,11
AGCATCTAACATATAG,11
ATGGTATTGGAGAAAC,11
ATGGTTTTACGTCCAC,11
ATTCCGAATTGGGTAG,11
CAAATGCTGAATTAGG,11
CAGAACCTCGTTGTAT,11
CAGAACCTCTTTGTCT,11
CATATAGTGATGAACA,11
CCAAGCGTGGCGCATC,11
CCCTATGAAATAATCT,11
CCTGGGTTAAGTTGCA,11
CCTTGATGCATTCCAG,11
CGCACTTTATGAGACA,11
CGCGTACCCTTCAGCA,11
CGGTCTGGACTCATCT,11
CTAGCACAGCGCAGGC,11
CTGAGCTGCCAATAGG,11
CTGAGCTTATCTGTGG,11
CTGGAGGCCTGGTCCC,11
CTTCGGATCTTGATTA,11
CTTCGGCTCTCGATTA,11
CTTCGGCTCTTGGTTA,11
GAAAAATTTATGACAA,11
GAAGAAACCATAACCA,11
GACAAAAGGGACATAC,11
GAGAAGTTTCATAGCG,11
GCAGCGTGCCGGTCAC,11
GCATGGAGCTAACTCC,11
GCATGTAACTAACTCC,11
GCGAAGTTCCATAGCG,11
GCGAAGTTTCATAGCA,11
GCGCGATTGTCCGGAA,11
GGCCCATCTCAGATCG,11
GGGAGCTGCAGAAGCG,11
GTAAGCAAGGTTGACC,11
GTACAAACCTGCAGAT,11
GTACAAACCTGCATAT,11
GTACAAACGTGCAAAT,11
GTACCCAGTTCCCGCG,11
GTAGAAATGCGGCCCC,11
GTAGATACTAGGACCT,11
GTAGCGTGCCGGTCAT,11
GTCGCCACTAATCCGA,11
GTGGTATCAAGCCGAG,11
GTGGTATCAAGCCGGT,11
GTGGTATCGAGCCGGG,11
GTTGTTCCGACACGCC,11
TACCCTGCAGGCCACT,11
TACCCTGCGAGCCACT,11
TACCTGCTGCGGAACA,11
TACTAATTCCGTTGTC,11
TACTGATAACCCTACG,11
TAGAACGAAGTAGGAG,11
TAGATGATAGTAACTC,11
TAGCATTGTCGTAAAG,11
TCCAGCGCGGTAAGAT,11
TCCAGCGCGTTAAGAG,11
TCCAGCTCGGTAAGAG,11
TCCAGCTCGTATCCCT,11
TCTTAGTCCCCGTATG,11
TCTTAGTCCTCGTACA,11
TCTTATTCCTCGTATG,11
TGCGGTGGTCGACCCG,11
TGCGGTGGTTGATCCG,11
TGCTATTCCGGAGCGG,11
TGCTATTCCGGCGCAG,11
TGCTGTTCCGGCGCGG,11
TGGAATCGTCACCGAC,11
TGGTCCTCTTCATGCT,11
TTGAATCGTCACCGAT,11
TTGATCCTGAGTAGTA,11
TTGTATCAGTCGCGCA,11
TTGTATCAGTCGCGCT,11
TTTATATTCAACACCA,11
TTTCTCCTGAGTAGTA,11
AAACGGGTTGGCTGTA,10
AAACTACGAGACGTAA,10
AAATGCGTTCATCGAT,10
AACATAAGTCCATGTA,10
AACTGCGTTCATCAAT,10
AAGAAGACTTTGTGGT,10
AAGGGACCTCATAATG,10
AAGTCCATTAAGATCA,10
ACAATCTGAAACATAC,10
ACGGGGATTGGCTGCT,10
ACGTGTCTCCGATCAA,10
ACTTGTCTCCGAGCAA,10
AGAAAATTTATGACAA,10
AGCATCTAACAGATGG,10
AGCATGGGGATATGTG,10
AGCGACAAACAGTAAG,10
AGCTCCTTGGGTATCA,10
AGGAAAGAAACTGGAA,10
AGGCCAGGGAATCAAA,10
AGTGCTGAATAGGCGA,10
AGTGTTGAAGAGGCGA,10
ATAACGTTTGTGCAAT,10
ATAAGCAAAGTTGACC,10
ATAGCACAGCGTAGGC,10
ATATATTGCCCGGAAG,10
ATCATAGGGATATGTG,10
ATCATCTAACAGATAG,10
ATGAGGGATTCAACTC,10
ATGGGATTGGAGAAAA,10
ATTAGATTATAAAGTA,10
ATTATGGCTACGTGAG,10
CAAATGATGCATTAGG,10
CAAATGCTGCATTGGG,10
CAATTAGAAATGCATA,10
CACGGCCGGTGAACTC,10
CAGAACCTAGTTGTCT,10
CATAAAGAGTTTGTTG,10
CATAACCTCGTTGTCT,10
CATGTGGAGACCAACA,10
CATGTGGATCCCAACA,10
CCCTGAGCGGCTCGGG,10
CCCTGCGCGGCTCGGA,10
CGAAATACGTCCCAGT,10
CGCGACACCCTTACGG,10
CGCGACACCCTTCCAA,10
CGCTATTCCGGCGCGG,10
CGGAACCTAGATGGTA,10
CGGGAAATGGAAATGA,10
CGTATACCCTTCAGCA,10
CGTGACACCCTTCCGG,10
CGTGCACCCTTCAGCA,10
CGTGTACCCTTCGGCA,10
CTCAATGTCGTAGGAC,10
CTGAACTTATCTGTTG,10
CTGAGGGATTAAACTC,10
CTTACGGAATACTAGA,10
CTTAGGGATTCAACTC,10
CTTAGGTATTATATTC,10
CTTTTCTAGTACTCTT,10
GAAAGCCCCGTACAAT,10
GACAAAAGGGAAATAT,10
GACAGCTCGTATCCCT,10
GACGGGATGGGCACGC,10
GAGAGCTGCAGAAGCT,10
GAGGGGTAGAGATATG,10
GAGGGGTAGATATACG,10
GCAGCGTGCCTGTCAT,10
GCCAGATCGTATCCCT,10
GCCGGCGTTAGCGTCA,10
GCCTAAAGGATAATGA,10
GCCTAAAGGATCATAA,10
GGAAAATCTCAGATAC,10
GGGCCCGTAAGGACTA,10
GGTCCAACTCAGATCG,10
GTAAACAGTGTAGTTG,10
GTAAGCAAAGTTGAAC,10
GTAAGTAAAGTTGACC,10
GTAGCACAGCGTAGGC,10
GTCAAGTTATGGATGG,10
GTCAGCTCGTATCCCT,10
GTCGCATCCTGGAACG,10
GTCGCATCCTGTAATG,10
GTCGCATCCTTGAATG,10
GTGAGCGAGAAAAGTA,10
GTGGGGTAGAGATACG,10
GTGGTATAAAGCCGGG,10
GTGGTATCAATCCGGG,10
TAACGTGATTTCCCGA,10
TAATAAGCCAGCAAAA,10
TAATAAGTCAGCAAGA,10
TAATAATGCCGTTGTC,10
TACACTGCAAGCCACT,10
TACAGTGGTATACATA,10
TACCATCAGCACCTAG,10
TACCTGCTGTGGAACG,10
TACTAATGACGTTGTC,10
TACTAATGCCGTTGTA,10
TAGATTACTAGCCGGA,10
TATGTAGTATCCACAG,10
TATGTCTTATCCACAG,10
TATTAAGAGAAGTGCA,10
TCAATCGGGGGCTAAT,10
TCATTGGTGTACGAGA,10
TCCAACTCTCGCGGCA,10
TCCAGCGTGGTAAGAG,10
TCGAACGAAGTAGTAG,10
TCGAGCGAAGTAGGAG,10
TCGATTACTAGACGGA,10
TCGATTACTAGCCGTA,10
TCGATTACTATCCGGA,10
TCGGATAAATCAGAAC,10
TCGTCCGTTGGTAACT,10
TCTAACTCTCGAGGCA,10
TCTAACTCTCTCGGCA,10
TCTCGACATAGCGATG,10
TCTTATTGGGCGGCAT,10
TGCGGTGGTAGATCCG,10
TGCGGTGGTCGATCCT,10
TGCTATTCAGGCGCGG,10
TGCTATTCCGGCTCGG,10
TGTGGGGCGCCCTTAC,10
TTACGAATTTGATCCC,10
TTATCTGTGGAGCGCT,10
TTCATCAAGTTGGTGT,10
TTCTGTCCATACTCGT,10
TTGCTCCCGAGTAGTA,10
TTGCTCCTTAGTAGTA,10
TTGGAGGCCTGGCCCC,10
TTGGGGAACGAGAAGC,10
TTGGGGAACGGGAGGC,10
TTGGGGAGCGGGAAGC,10
TTTAACAGAACCTATC,10
TTTATATCCAACACCT,10
TTTCACATAACCTATC,10
TTTCGCAGAACCTATC,10
AAAAAATTTGTGACAA,9
AAAACCATAAGACCCC,9
AAAGAATTTATGACAA,9
AAAGTCCACCATTGAG,9
AACAAGTAGAACCGCC,9
AACAGAATTCCATGTA,9
AACCCTGCAAGCCACT,9
AACTTCCCTGACTTCT,9
AACTTCCCTGCCTGCT,9
AAGAAGACTTTGTTAT,9
AAGCGGTGATGTGACT,9
AAGGCTCTAGAGCTCT,9
AATCACTGGCACCCGT,9
AATCTCTGGCACCCGT,9
AATGCGAGTATGTCAA,9
AATTCGTGAGTACGAG,9
AATTGAGACGCGCAAG,9
ACAAAGTCTCTAGAAG,9
ACAAGCTTGGCGCATC,9
ACAATCTGAACAATAC,9
ACAATCTGGACCATAC,9
ACAGTCCACCATTGAA,9
ACCAGCAATTAGTTGT,9
ACCCACGGAGCTTGGC,9
ACCCCCGGAGCTTGTC,9
ACCGAATGAATCATTC,9
ACCTATGAAATAAGCT,9
ACGTATCTCCGAGCAA,9
ACGTCAATTAAGATCA,9
ACGTCCATTAAGATAA,9
ACGTCCATTAAGATCG,9
ACGTGTCTCCGAGTAA,9
ACTGTATAGAAATTTT,9
ACTGTCTATAAATTTT,9
AGAAAATCTCAGATAT,9
AGAAAATCTCAGGTAC,9
AGACCATGCTGGGGAT,9
AGATCCCAGGTCCTCT,9
AGCATAGGTATATGTG,9
AGCATCTAACAGAGAG,9
AGCATCTAACGGATAG,9
AGCTCCTGGGTTATCA,9
AGGACTATAGTTGGAA,9
AGGCTCAGACTCTTGC,9
AGTCGTTTAGATAGCT,9
AGTGTTGGATTGGTTA,9
AGTTGGGTTCTCCCTT,9
ATGGGGAACGGGAAGC,9
ATGGTCCACGGGCATA,9
ATTAGGGCTACGTTAG,9
ATTCCGAATGGGGTGG,9
ATTGGATTGGAGAAAC,9
ATTGGGGCTACGTGAG,9
ATTTAAATTCGAGGAA,9
ATTTCGAATGGGGTAG,9
CAAATGCTACATTAGG,9
CAAATGCTGCATGAGG,9
CAAATGCTTCATTAGG,9
CAAATTCTGCATTAGG,9
CAATGAGAAATACATA,9
CAATTAGAAATATATA,9
CACCATCATCACCTAG,9
CACGGACGGCGAACTC,9
CACGGCCGACGAACTC,9
CACGGCCGGCGAACCC,9
CACTATGAAATAAGCT,9
CAGAACCTCGTTGCCT,9
CAGATGGTGATGAACA,9
CAGGCTCTAGAGCCCT,9
CATGTGAATTCGCCCT,9
CATGTGGAGCACAACA,9
CATTGAGACGCACAAG,9
CATTGATGCATTCCCG,9
CCAAGCTTGGCGAATC,9
CCCTGCGCGGCTCGAA,9
CCTTGATGCATTACCG,9
CCTTGATGCATTCCTG,9
CGAACCACAGACACGT,9
CGCGACACCCTCCCGG,9
CGGACCCGAGATGGTA,9
CGGACCCTGGATGGTA,9
CGGTCGGGACTCATCC,9
CGTACAGTGTAATCTA,9
CGTGTACCCTCCAGCA,9
CTAGAACAGCGTAGGC,9
CTATATTGCACGGAAG,9
CTATATTGCCCGGAGG,9
CTGAGCTGCCAATAAA,9
CTGATGGATTCAACTC,9
CTGGAACATACATAAC,9
CTGGAGGCCTTGCCCC,9
CTGTACCTGAAGTTGA,9
CTTACAGAATACTGGA,9
CTTAGGCTCTTGATTA,9
CTTTAAATTATAGTCC,9
CTTTTCTAGTACGCCT,9
GAAAGCCCCTTGCAAT,9
GAAGTACGCTGAATAA,9
GAAGTACGCTTAATGA,9
GAAGTGCGTATTGGGT,9
GAAGTGCTGCTGAAAT,9
GAGAGCTGCAGAAGTG,9
GAGAGCTGCGGAAGCG,9
GAGGGGTAGAGAGACG,9
GATAACGCAGAAAAAG,9
GATCCATCTCAGATCG,9
GATCGCCAATGATAAG,9
GATCTTGGTGAGAGTC,9
GCAAACATTGTAGTTG,9
GCACGGGTTGGCTGTA,9
GCATGGAACTGACTCC,9
GGTCCATCTAAGATCG,9
GGTCCATCTCCGATCG,9
GTAATCAAAGTTGACC,9
GTACACGAGGTTGTGA,9
GTACGAACCTGCAAAT,9
GTAGAACTGCGTCCCC,9
GTATCTGTAGAGCGCT,9
GTCAAGTTACGGATTG,9
GTCAAGTTACTGATGG,9
GTCAATTTACGGATGG,9
GTCGCATCCTGGAACA,9
GTGAGCAAAGTTGACC,9
GTGGGGAACGGGAAGC,9
GTTGCTCCGACACGAC,9
GTTGTATCAAGCCGGG,9
TAAAGTGATTTCTCGA,9
TACTAATGCCGTTGTT,9
TACTAATGCCGTTTTC,9
TACTGATAACACTGCG,9
TACTGATAACCCTGAG,9
TACTGATAACCCTGCT,9
TACTGATAGCCCTGCG,9
TAGCTGATAGTAACCC,9
TATCCAAGGGAAGGAC,9
TATCTTGGGGAGAGTC,9
TATGTCGTATCCAAAG,9
TATGTGGAGCCCAACA,9
TATGTTGTATCCACAG,9
TCAACACAAAAAATTA,9
TCGATTACTAGCTGGA,9
TCGTCCGTTGGGAAAT,9
TCGTCGCACTACTACT,9
TCGTCGCACTACTTCT,9
TCTCAGCTCTTAGCCA,9
TCTTGACATAGCGATT,9
TCTTGACATAGTGATG,9
TCTTTACATAGCGATG,9
TGACAACAATACAAAC,9
TGCCATTCCGGCGCGG,9
TGCGGTGGTCGATACG,9
TGCTATTACGGCGCGG,9
TGCTATTCCGGCGCGA,9
TGGAATAGTCACCGAT,9
TGGTACGCTTCATGCT,9
TGTGGAGAGCCCTTAC,9
TTACTAATTTGATTCC,9
TTATCTGTAGAGCGTT,9
TTCTGTCCAGACTCAC,9
TTGCGAATTTGATTCC,9
TTGCTCATGAGTAGTA,9
TTGGGTAACGGGAAGC,9
TTGGTGAACGGGAAGC,9
TTGTATCAGTCGCTCC,9
TTTAAGCGTTGTTTTG,9
AAAAAATCTATGACAA,8
AAAAAATTTATGACAT,8
AAAACGTAGAACCGCC,8
AAACCCATAAGAACCC,8
AACACGTGGAACCGCC,8
AACCACCGAGTGGCCG,8
AACCACCGATTGACCG,8
AACGAAAAACAGTAAG,8
AACGACAAACGGTAAG,8
AACGGTTCCGACTAAT,8
AAGAAGCTAGAGAAGT,8
AAGGGGTAGAGATACG,8
AATCGCTGACACCCGT,8
AATCGCTGGCAACCGT,8
AATCGCTGGCACACGT,8
AATGCGAGCATGGCAA,8
AATGTGGAGCCCAACA,8
AATTCGTGAGTACTGG,8
ACAACACAAAAAATTA,8
ACAAGATTAGGGGGAC,8
ACAATCCGAACCATAC,8
ACAATCTGAACCATAA,8
ACACGGGTTGGCCGTA,8
ACACGGGTTTGCTGTA,8
ACAGTACGATCTACGT,8
ACATGGGTTGGCTGTA,8
ACATTTTCCGATAGGT,8
ACCACCGGAGCTTGGC,8
ACCAGCGATGAGTTGT,8
ACCCAATGAATCATCC,8
ACCGAATGAATCACCC,8
ACGTATGATTTTCGGG,8
ACGTATGATTTTTGAG,8
ACGTCCATTAATATCA,8
ACGTGTCTCAGAGCAA,8
ACTACGAGGCTACATA,8
ACTCTGGATCGCTAAT,8
AGAAAACATTACAAAT,8
AGAATCTAACAGATAG,8
AGATCACAGGTCCTTT,8
AGATCCCAGGTCCTCC,8
AGATCCCATGTCCTTT,8
AGCAGAAGTCCATGTA,8
AGCATAGGGATATGTT,8
AGCATAGGGATATTTG,8
AGCATCTAACAGATAC,8
AGCATCTAACAGATCG,8
AGCGACACCGCCCTTT,8
AGCGGTTCCGACTAAG,8
AGGAAAGAAACTTGAG,8
AGGAATATAGTTGGCA,8
AGGTTCAGACTCTTGA,8
AGTCGTGTAGATAGTT,8
AGTCGTTTAGATAGTC,8
AGTGTTGAATAGGAGA,8
AGTGTTGAATGGGCGA,8
AGTTGGGGTCTCCCCC,8
AGTTGGGGTCTCCCTC,8
AGTTGTGGTCTCCCTT,8
ATAACGTTTGTTCAAA,8
ATAGAAAATTATCCAC,8
ATAGGATATATGGATG,8
ATCGAATGAATCATCC,8
ATCTCCTGGGGTATCA,8
ATGAAAGAAACTGGAG,8
ATGGGATTGGAGAAGC,8
ATGGTTTTACTTCCAT,8
ATTAGATTATAGCGTA,8
ATTAGGGCTACGTGAA,8
ATTAGGGCTACGTGGG,8
ATTAGTGCTACGTGAG,8
ATTTAAATTCGAGTAC,8
CAAATGCTGCACTAGG,8
CAATTAGAAATACAGA,8
CACCATCAGAACCTAG,8
CACCATCAGCACCCAG,8
CACCTAGGATCGCACC,8
CACGGCCTGCGAACTC,8
CACTAGATGTACAGCC,8
CACTAGATGTACATTC,8
CAGACCCTAGATGGTA,8
CAGGATAAATCAGAAC,8
CAGGCTCTAGAGATCT,8
CAGGCTCTAGAGCTAT,8
CATACAGATTTTGTTG,8
CATACAGGGTTTGTTG,8
CATGGGAATTGTCACT,8
CATGGGAATTTCCACT,8
CATGGGTTAAGTTGTG,8
CATTGAGAAGCGCAAG,8
CATTGAGACTCGCAAG,8
CATTTCTGATGAATCG,8
CCAAGCTTGGAGCATC,8
CCCTACGCGGCTCGGG,8
CCCTATGAAATAAGAT,8
CCTCGGCTCTTGATTA,8
CCTGATAAATCAGAAC,8
CCTTGATGAATTCCCG,8
CGACTCCACGGACACC,8
CGACTCCATGGACGCC,8
CGCAACACCCTTCCGG,8
CGCGACACCCCTCCGG,8
CGCGACACCCTTCCGA,8
CGGACCATAGATGGTA,8
CGGACCCCAGATGGTA,8
CGGACCCTAGATGGGA,8
CGGGAACATAAATAAC,8
CGGGGACAAGATTGCA,8
CGGTAACATACATAAC,8
CGGTAGGGACTCATCT,8
CGTGTACCCGTCAGCA,8
CTATATTGCCTGGAAG,8
CTATTTAACAGACGTG,8
CTATTTAACGGACGTA,8
CTCAATGTCGTGGGAT,8
CTCACTTTACGAGACA,8
CTGGAGTCCTGGCCCC,8
CTGTACCTACAGTTGA,8
CTGTACCTGCGGTTGA,8
CTTCGGCTATTGATTA,8
GAAACGAGGTGTAACC,8
GAAAGCCCAGTGCAAT,8
GAAAGTCCCTATGACA,8
GAAAGTCCCTATGACG,8
GAAAGTCCCTATGGTG,8
GAAGTACGCTGAATGG,8
GAAGTGAGTATTGAGT,8
GAAGTGCGTATTTAGT,8
GAAGTTCGTATTGAGT,8
GACCCCTTGTAAGACG,8
GAGAGCTTCAGAAGCG,8
GATATTGGGGAGAGTC,8
GCAAACAGTGTAGTTT,8
GCACGGAACTAACTCC,8
GCAGCGTACCGGTCAT,8
GCATGGAACTAACTCT,8
GCATGGAACTAGCTCC,8
GCCAGCTCGTATACCT,8
GCCATTTACTTAAGGG,8
GCCCAAAGGATCATGA,8
GCGAAGTTTCATAGTG,8
GCGAAGTTTCGTAGCG,8
GCTTTTGCGCGCAGTC,8
GGAAGTCCCTATGATG,8
GGGACCCTAGATGGTA,8
GGGTTCAGACTCTTGC,8
GGTTAACTTTGGAAAC,8
GTAAGCAAAGTTGGCC,8
GTACAAACCTGCAAGT,8
GTAGAACCGCGGCCCC,8
GTCGAATCCTGGAATG,8
GTGAGCGAGAAAAGAA,8
GTGCGATTATCCGGAA,8
GTGCGATTGTCCGGAG,8
GTGGTATCAAGCAGGG,8
GTTATTATGACTTCAC,8
GTTATTATGACTTCGT,8
GTTGCCCCGACACGCC,8
GTTGCTCCGACACACC,8
GTTGCTCCGACACGCA,8
TAAATGCTGCATTAGG,8
TAACGTGATTTCTCGG,8
TACCCCTTGTAAGATG,8
TACTGATAACCCCGCG,8
TACTGATAACCCTTCG,8
TATCATTGTCGGAAAG,8
TATGTCGTACCCACAG,8
TATTAAGAGAAGGGCG,8
TATTGAGAGAAGTGCG,8
TCAATCGGGGGCCAAA,8
TCATGGGTGTGCGAGA,8
TCCAGCGCGGTAGGAG,8
TCCGGCGCGGTAAGAG,8
TCCTATGAAATAAGCT,8
TCGAAGTTTCATAGCG,8
TCGATTAATAGCCGGA,8
TCGTCACACTACTGCT,8
TCTAACGAAGTAGGAG,8
TCTTAGAGTGAATGAT,8
TCTTCCGTTGGGAACT,8
TCTTGACATGGCGATG,8
TCTTGACGTAGCGATG,8
TGCAGCGCGGTAAGAG,8
TGCGGTGGTCGATCAG,8
TGCTATTCCGGCGCAA,8
TGCTATTCCGTCGCGG,8
TGCTATTCTGGCGCGG,8
TGGAATCATCACCGAT,8
TGGTCCACTTCATGCT,8
TGGTCCGCTTCATGAT,8
TGTGGAGGGCCCTTAC,8
TGTTCAGCGATAACGG,8
TTACGAATTTGATTAC,8
TTCAAGTTACGGATGG,8
TTCTTTCCAGACTCGT,8
TTGCTCCTGAGTATTA,8
TTGCTCCTGATTAGTA,8
TTGGGGAACAGGAAGC,8
TTGTATCAGTCGAGCC,8
TTTCAGAGTTGTTTTG,8
AAAAAATTTACGACAA,7
AAAAGATTTATGACAA,7
AAAGCTCCTTTCGTTC,7
AAATTCCCTGACTGCT,7
AACACGTAGAAACGCC,7
AACACGTAGAACCGCA,7
AACAGAAGTACATGTA,7
AACAGAAGTCCAGGTA,7
AACATCTAACAGATAG,7
AACCACCAAGTGACCG,7
AACGAATGAATCATCC,7
AACGGAAGTCCATGTA,7
AACGGTTCCAACTAAG,7
AACGGTTCCGACTAGG,7
AACTGCGTTCATCTAT,7
AACTTCGTTCATCGAT,7
AAGAAGACTTTGTGAC,7
AAGGGTCCTCATAATG,7
AAGGTCCCCATGTAAT,7
AAGTGGTGATGTGATT,7
AAGTTATTAGACCCAC,7
AATCGGTGATGTGATT,7
AATGAAAAAATCGAAC,7
AATTAAACAATCGAAC,7
AATTCGCGAGTACTAG,7
AATTTCTGATGAATTG,7
ACAAGATTCGGGGGGC,7
ACAGTCCACAATTGAG,7
ACCAGCAATAAGTTGT,7
ACCCCCGGAGCTCGGC,7
ACCCCCGTAGCTTGGC,7
ACCGAACGAATCATCC,7
ACCGAATGAGTCATCC,7
ACCGAATGGATCATCC,7
ACCGATTCATGAATAA,7
ACCGTCTAGAAATTTT,7
ACGGGGATTGGCTGCC,7
ACGTATGATTTTAGAG,7
ACGTATGATTTTGGAG,7
ACTAGCAATGAGTTGT,7
ACTCTGGCTCGCTAAC,7
ACTGAATGAATCATCC,7
ACTGTCGAGAAATTTT,7
AGAACCGCAGACACGT,7
AGATCCCAGTTCCTTT,7
AGCATAGGGATACGTG,7
AGCATAGGGATATGTA,7
AGCATATAACAGATAG,7
AGCATCTAACAGATAT,7
AGCCCATACTGGGGAT,7
AGCTCCTGGGGTATTA,7
AGCTCCTGGTGTATCA,7
AGGACCGTAAGGACTA,7
AGGAGTATGAAGATCG,7
AGGTCCAGACTCTTGC,7
AGGTCGGGACTCATCT,7
AGGTTCAGACTCCTGC,7
AGGTTCATACTCTTGC,7
AGTATTGAATAGGCGA,7
AGTATTTGCTCTTCAA,7
AGTGTTGAATAGTCGA,7
AGTGTTGAATATGCGA,7
AGTTGGGGTCCCCCTT,7
AGTTGGGGTCTCCCGT,7
ATAACGTTTGTGCATA,7
ATAACGTTTGTGCGAA,7
ATCAGGATAATCGCGA,7
ATGAGCTGCCAATAAG,7
ATGGGATTGGAGGAAC,7
ATTAGATTAGAACGTA,7
ATTAGATTATAACTTA,7
ATTAGGGCTACTTGAG,7
ATTATCATATCCAATA,7
ATTTAAATTCGAGGGC,7
CAAATGCTGTATTAGG,7
CAAATGTTGCATTAGG,7
CAATTAGAATTACATA,7
CACCTAGGATAGCACT,7
CACCTAGGATCACACT,7
CAGAACCCCGTTGTCT,7
CAGAACCTCGTTTTCT,7
CAGATAGTGATTAACA,7
CATACAGAGTTTGATG,7
CATACAGAGTTTGTTT,7
CATACAGAGTTTTTTG,7
CATGTGGGGCCCAACA,7
CATGTTGAGCCCAACA,7
CATTGAGACGCGAAAG,7
CATTGAGACGCGTAAG,7
CATTGAGGCGCGCAAG,7
CATTTCTGATGAATTA,7
CCATGGGTGTACGAGA,7
CCCTGCGCGGCCCGGG,7
CCCTGCGCTGCTCGGG,7
CCGGAGGCCTGGCCCC,7
CCTAGGTATTATATGC,7
CCTGGGTTAAGTCGTG,7
CCTGGGTTAATTTGTG,7
CCTTGATACATTCCCG,7
CGAACCGCAGACACAC,7
CGCACTTTAAGAGACA,7
CGCGACACCCTTCCGC,7
CGCGGCACCCTTCCGG,7
CGGACCCTAGATGGTT,7
CGGGCTCTAGAGCTCT,7
CGGTCGGGACTAATCT,7
CGTAAAGTGTAATCGA,7
CGTCCAGGGAATCAAA,7
CGTGACCCCCTCCAAT,7
CGTGTACCCATCAGCA,7
CGTGTACCCTTCACCA,7
CGTTCAGCGATAACGT,7
CTAAGGGATTCAACTC,7
CTAATTTAAGTATAAA,7
CTAATTTAAGTATCGA,7
CTAGCAAAGCGTAGGC,7
CTAGCACAGCGTGGGC,7
CTATTTAAAAGACGTA,7
CTATTTAACAGACTTA,7
CTATTTAATAGACGTA,7
CTCAAATAATTGGCGA,7
CTCTGTCCAGACTCGT,7
CTGAACTTACCTGTGG,7
CTGAGGGATTCAACTA,7
CTGGAGGCCCGGCCCC,7
CTGGAGGCCTAGCCCC,7
CTGGAGGCCTGGCCAC,7
CTGGAGGCCTGTCCCC,7
CTGGATGCCTGGCCCC,7
CTGGGGGCCTGGCCCC,7
CTGTACCTGCAGGTGA,7
CTTACAGAATACGAGA,7
CTTACAGAATACTATA,7
CTTAGTTATTATATGC,7
GAAAGCCCCGTGCAAC,7
GAAAGTCCCGTGCAAT,7
GAAAGTCCCTATTATG,7
GAAGAAACTATAACCT,7
GAAGGGATGGGCACGT,7
GAAGTACGATGAATGA,7
GAAGTACGCCGAATGA,7
GAAGTACTCTGAATGA,7
GAAGTGCGTATTGAAT,7
GAATAATAGAGCAGAG,7
GACATTTACTGAAGGG,7
GACCCCCTGTAAGATG,7
GACGGGATGGGAACGT,7
GAGAGCTGCAGAAGCA,7
GAGCTTGCTATGGACC,7
GAGGGGATATGTCACC,7
GATCACGAAGAAAAAG,7
GATCACGCAGAAGAAG,7
GATCACGCGGAAAAAG,7
GATCGCCATAGACTTC,7
GATCGCCATCTACTTC,7
GCAAACAGTTTAGTTG,7
GCAACGAGGTGTAAAC,7
GCAACGAGGTGTAACA,7
GCAACGATGTGTAACC,7
GCAGAGTGCCGGTCAT,7
GCATGGAACGAACTCC,7
GCCAACTCGTATCCCT,7
GCCAGCTCATATCCCT,7
GCCAGCTCGGATCCCT,7
GCCAGCTCTTATCCCT,7
GCCTTTGCGCGCAGCC,7
GCGCAAATAGACCGAA,7
GGTATTTGCGCTTCAA,7
GTAAGCAGAGTTGACC,7
GTACAAACCTGCAAAA,7
GTAGAACTGCGGCCTC,7
GTAGATAATAGGACCA,7
GTAGATACCAGGACCA,7
GTCAAGTTACGGATAA,7
GTCAAGTTACGGGTGG,7
GTCGCATCATGGAATG,7
GTCGCATCCTGGAATA,7
GTGCGAGTGTCCGGAA,7
GTGCGATTGTCCGGGA,7
GTGGCCCACGGGCATA,7
GTTATTATGACTTCAA,7
GTTATTATTACTTCAT,7
GTTGCTCCTACACGCC,7
TAAAAATCCTCCATGA,7
TAACCTGCAAGCCACT,7
TAACGTGATTTCTCGT,7
TAACGTGATTTCTTGA,7
TAACTTGATTTCTCGA,7
TACATACCGACTCAGT,7
TACATACCTACGCAGT,7
TACCCTACAAGCCACT,7
TACCCTGCAAGCCTCT,7
TACCTGCTGAGGAACG,7
TACTAATGCAGTTGTC,7
TAGATAGTGATGAACA,7
TAGCATTGTTGGAAAG,7
TAGGGGTAGAGATACG,7
TATATCGTATCCACAG,7
TATCCAGGGGACGGAC,7
TATCGCCATCGACTTC,7
TATGTCGCATCCACAG,7
TATGTCGTATCCACAC,7
TATTTCGTATCCACAG,7
TCAATCGGGGGATAAA,7
TCAATTACTAGCCGGA,7
TCATGGGTATACGAGA,7
TCATGGGTGGACGAGA,7
TCATGGGTGTACGAGT,7
TCCACACCCCTAGCCA,7
TCCAGCGCGGCAAGAG,7
TCCAGCGCGGTGAGAG,7
TCGGGGAACGGGAAGC,7
TCGTCCTTTGGGAACT,7
TCTAACTCTAGCGGCA,7
TCTAACTCTCGCGGCT,7
TCTAACTCTCGCGGTA,7
TCTTGAAATAGCGATG,7
TCTTGACATAGCGACG,7
TCTTGACATAGCTATG,7
TCTTTACCACTACATC,7
TGAAATCGTCACCGAT,7
TGACGTGATTTCTCGA,7
TGAGTTCATAGCTCCT,7
TGCTATTCCAGCGCGG,7
TGCTATTCCGGCGCTG,7
TGTAATCGTCACCGAT,7
TGTAGTGGTATACATA,7
TGTGGAGTGCCCTTAC,7
TTACGAATTTAATTCC,7
TTAGCACAGCGTAGGC,7
TTATCTGTAGAGCGCA,7
TTATCTGTAGATCGCT,7
TTATCTGTATAGCGCT,7
TTCATCGAGTTGGTGC,7
TTCTGCCCAGACTCGT,7
TTCTGTCCAGAATCGT,7
TTCTGTCCAGACTAGT,7
TTCTGTCCAGACTCTT,7
TTGAAATTGAAACATA,7
TTGTATCAGTCGCGAC,7
TTGTATCGGTCGCGCC,7
TTGTCCGCTTCATGCT,7
TTGTCTGTAGAGCGCT,7
TTTATATCCAAAACCA,7
TTTATATCCAACACCG,7
TTTATATCGAGAGTCA,7
TTTCACAGAACCTATA,7
TTTCACAGAACCTGTC,7
TTTCATCGTTGTTTTG,7
AAAAAACTTATGACAA,6
AAAAAGTCTCGAGAAG,6
AAATTCACAATATCCG,6
AACACGTATAACCGCC,6
AACAGAAGTCCATGTG,6
AACCACCGGGTGACCG,6
AACCCACGAGACGTAA,6
AACGACAGACAGTAAG,6
AACGGCAAACAGTAAG,6
AACGGCTCCGACTAAG,6
AACGGTTCAGACTAAG,6
AACGGTTCCGACTGAG,6
AACTACAAACAGTAAG,6
AACTGAGTTCATCGAT,6
AAGATTGATTGAAGCT,6
AAGATTGATTGAATTT,6
AAGCGGTTATGTGATT,6
AAGGAGACTTTGTGAT,6
AAGGTCCATATGTAAT,6
AAGGTCCCTACGTAAT,6
AAGTTAGGAGACCCAC,6
AAGTTCCCTATGTAAT,6
AATCGCTGGCACCCCT,6
AATGAAACAATCTAAC,6
AATGAAGCAATCGAAC,6
AATGCGAGCTTGTCAA,6
AATTAGTGAGTACTAG,6
AATTCGAGCATGTCAA,6
AATTCGTGAGTACTAA,6
AATTCGTGAGTACTTG,6
ACAAAGTCCCGAGAAG,6
ACAAAGTCTAGAGAAG,6
ACAAAGTCTCGGGAAG,6
ACAAGATTCGGGGGAA,6
ACACAAATAGACCGAA,6
ACACGGGTTGGCGGTA,6
ACACGGGTTGGCTATA,6
ACACGGGTTGTCTGTA,6
ACAGATTCACGAATAA,6
ACAGTAAGATCTACGC,6
ACAGTACGATCTACAC,6
ACAGTATGATCTACGC,6
ACAGTCCATCATTGAG,6
ACATTTTACAATAGGT,6
ACATTTTCCAATAGGC,6
ACCAGCAATGAGTCGT,6
ACCCCCGGAGATTGGC,6
ACCGAAGGAATCATCC,6
ACCGTTGTAAACACCA,6
ACCGTTGTACACACCT,6
ACGATTACTAGCCGGA,6
ACGGGGATTGGCTGTA,6
ACGTGTCTACGAGCAA,6
ACTAAGAGGCTACGTA,6
ACTGGGTTAAGTTGTG,6
AGAAAATCTTAGATAC,6
AGACCTCCAGTTTCGT,6
AGAGAATCTCAGATAC,6
AGATGAATTAAGTATG,6
AGCATAGTGATATGTG,6
AGCTACTGGGGTATCA,6
AGCTCCTGGGGCATCA,6
AGCTCCTGGGGTATAA,6
AGCTCCTGGGGTATCG,6
AGCTCCTGTGGTATCA,6
AGCTGAATTAAGGATG,6
AGCTGAATTAAGTACA,6
AGGAAAGAAAATGGAG,6
AGGAAAGAAACGGGAG,6
AGGAAATAAACTGGAG,6
AGGACTATAGTTGTCA,6
AGGATTGATTGAAGTT,6
AGGCCCGTAAGTACTA,6
AGGGAATCTCCCATAC,6
AGGGGGCCTCATAATG,6
AGGGGTATGAAGAGCG,6
AGGTTCAGACCCTTGC,6
AGTACTATAGTTGGCA,6
AGTAGTTTAGATAGTT,6
AGTCCCGTAAGGACTA,6
AGTCGTTTAGATAGCC,6
AGTGTTGAATAGGCGT,6
AGTGTTGACTTGGTTA,6
AGTTTTGAATAGGCGA,6
ATAAACGAGGTTGTGA,6
ATAACTTTTGTGCAAA,6
ATAGAAAATTATCCTC,6
ATAGAATCACAAATTA,6
ATAGGATATATGGCCA,6
ATAGGATATATTGCTG,6
ATATAAAAAACTTAAT,6
ATCCCGAATGGGGTAG,6
ATCCGGTTTAAAGGCA,6
ATGGAATCGCAAATTA,6
ATGGACCACGGGCATA,6
ATGGCCCACGGACATA,6
ATGTGATTGGAGAAAC,6
ATTAAACATGCATTGG,6
ATTAGATTATAACATA,6
ATTCGTTTAGATAGTT,6
ATTTAAATTATAGTCT,6
CAAATGCTGCATTAGA,6
CAAATGCTGCATTATG,6
CAACTAGAAATACATA,6
CAAGGGCTAATGTCTC,6
CAATCAGAAATACATA,6
CAATTAGAAACACATA,6
CAATTAGAAATACATC,6
CACATAGGATCGCACT,6
CACTAGATGTGCAGTC,6
CACTGCGCGGCTCGGG,6
CAGAAACTCGTTGTCT,6
CAGGCTCTAGATCTCT,6
CAGGCTCTAGGGCTCT,6
CAGGCTCTGGAGCTCT,6
CATGGGAATTGACACT,6
CATGTGGAGCCCAACG,6
CATTGAGACGCTCAAG,6
CATTGAGATGCGCAAG,6
CATTGATACGCGCAAG,6
CATTGTGACGCGCAAG,6
CCAACACAAGAAATTA,6
CCAAGATTGGCGCATC,6
CCAGCACAGCGTAGGC,6
CCCCTCCCCTAAAGTT,6
CCCCTCCTCTAAAGCT,6
CCCTATGAAATAAGTT,6
CCCTATGGAATAAGCT,6
CCCTGCGCAGCTCGGG,6
CCCTGCGCGGCTCGGC,6
CCCTTTACGTATCTCT,6
CCGAGGGATTCAACTC,6
CCGTATAAATCAGAAC,6
CCTACAGAATACTAGA,6
CCTCGATGCATTCCCG,6
CCTGGGTTAAGTTTTG,6
CCTTGATGCATTCACG,6
CCTTTATGCATTCCCG,6
CGAAACACGTCCCAGC,6
CGACTCCACGGACGAC,6
CGACTCCACGGACGCA,6
CGACTCCACGGACTCC,6
CGCGACACCATTCCGG,6
CGCGACGCCCTTCCGG,6
CGGGAAATGTAAATTA,6
CGGGAACATACATGAC,6
CGGTCGGGACTCATAT,6
CGTACAGCGTAATCGA,6
CGTACAGTGTAATCGT,6
CGTACATTGTAATCGA,6
CGTGAACATACATAAC,6
CTAATTTAGGTATCAA,6
CTAGCACAGCTTAGGC,6
CTAGCACGGCGTAGGC,6
CTATAAACCGTTTGCA,6
CTATGTTGCCCGGAAG,6
CTATTTAACAGGCGTA,6
CTCAAATAATTGGAGC,6
CTCAACTTATCTGTGG,6
CTGAGCTGTCAATAAG,6
CTGAGCTTCCAATAAG,6
CTGGAGGCCTGACCCC,6
CTGTACCCGCAGTTGA,6
CTGTACCTGCAGTCGA,6
CTGTACCTGCAGTTGT,6
CTGTACCTTCAGTTGA,6
CTTACAGAAGACTAGA,6
CTTACAGTGTAATCGA,6
CTTAGGTATTACATGT,6
CTTGACCCCCTCCAAC,6
CTTTAAATTATATTCT,6
GAAAGCCCCGTTCAAT,6
GAAGAAACTATAAACA,6
GAAGAAACTATAACCG,6
GAAGAACTGCGGCCCC,6
GAAGGGTAGAGATACG,6
GAAGTATGCTGAATGA,6
GAAGTGCTACTGAAGT,6
GAATAATAGAACAGAT,6
GAATAATGGAACAGAG,6
GACAAAAGGGACAGAT,6
GACCCCTTGGAAGATG,6
GACGGGATGGGCACAT,6
GAGAGCTGCATAAGCG,6
GAGAGCTGTAGAAGCG,6
GAGATCTGCAGAAGCG,6
GAGATTGCTATGGATC,6
GAGGAAACTATAACCA,6
GAGGGGATACGTCACA,6
GAGGTATCAAGCCGGG,6
GATCTCCATCGACTTC,6
GATCTTTGGGAGAGTC,6
GCAACGAGTTGTAACC,6
GCAGCGTGACGGTCAT,6
GCAGCGTGCCGGCCAT,6
GCAGGGAACTAACTCC,6
GCATGGAACCAACTCC,6
GCATGGAACTAACGCC,6
GCATGGGTGTACGAGA,6
GCCAGCTCGTATCCAT,6
GCCAGCTCGTATCCCA,6
GCCATTTACTGAAGAA,6
GCCGGCGTTAGTATCA,6
GCTCCATCTCAGATCG,6
GGGGAACATACATAAC,6
GGTCCATCTCAGATGG,6
GGTCCATCTCAGGTCG,6
GGTTAACTTTGGAATC,6
GTAAACAAAGTTGACC,6
GTAAAGTTACGGATGG,6
GTACAAACCTGCAAAG,6
GTACAAGCCTGCAAAT,6
GTACCCAGCTCCTGCG,6
GTACGAATTTGATTCC,6
GTAGGACTGCGGCCCC,6
GTAGGATATATGGCTG,6
GTAGGCAAAGTTGACC,6
GTCAAGTTACGGATAG,6
GTCAGGTTACGGATGG,6
GTCGCCTCTAATCCGA,6
GTCGGCGTTAGTGTCA,6
GTGAGCTAGAAAAGCA,6
GTGCATCCTAGTGACA,6
GTGCATCCTATTGACG,6
GTGCGGTTGTCCGGAA,6
GTGGTATCAAGCTGGG,6
GTGGTATCAGGCCGGG,6
GTTATTGTGACTTCAT,6
GTTGCTCCGACACGTC,6
TAAGAAGCCAGCAAGA,6
TAATAAGCCAGAAAGA,6
TAATAAGCCATCAAGA,6
TAATAATCCAGCAAGA,6
TACATACCGACACAGT,6
TACATACCGACGCAAC,6
TACATACCGACGCAAT,6
TACCCTGCAAGCCATT,6
TACCCTGCAAGTCACT,6
TACCGCGCCGAGCACC,6
TACGGGCTAATGTCTC,6
TACTATTCCGGCGCGG,6
TAGCTGATAGTAACTA,6
TAGCTGATAGTGACTC,6
TATCACGCAGAAAAAG,6
TATCCAAGGGACGGAA,6
TATCCAAGGGGCGGAC,6
TATTAAGAGAAGTGCT,6
TCAATCGGGGGCGAAA,6
TCCATTTACTGAAGGG,6
TCCCTCCTCTAAAGTT,6
TCCTTACCACTGCATC,6
TCGAAAAAATCATAAA,6
TCGATTACTAGTCGGA,6
TCGCCCGTTGGGAACT,6
TCGTACGTTGGGAACT,6
TCGTCCATTGGGAACT,6
TCTCTTCAACTAAAAA,6
TCTTAGTCCTCGTACG,6
TCTTATTATGCGGCAT,6
TCTTCACCACTGCATC,6
TCTTGAAACGATCCCC,6
TCTTGACATAGCGAAG,6
TCTTGACATAGCGATA,6
TCTTGATGCATTCCCG,6
TCTTTACCACTTCATC,6
TGAACCGCAGACACGT,6
TGATCTGTGACATTAC,6
TGCTGATAACCCTGCG,6
TGGTCCGCTTCATGTT,6
TGTAATAGGCATCACA,6
TGTAATAGGCGTCAAA,6
TGTAATAGGCTTCACA,6
TGTGGAGCTCCCTTAC,6
TGTTGAGTCAGTCTGA,6
TGTTGTAATATGAATA,6
TTACGAATTTGGTTCC,6
TTATCTGTAGAGTGCT,6
TTCATCAAGTTGGTTC,6
TTGAAAAAATCAGAAA,6
TTGCTCCTGAGTGGTA,6
TTGGGCAATAAATTAA,6
TTGTATCAGTCTCGCC,6
TTGTATCATTCGCGCC,6
TTTACATCCAACACCA,6
TTTCAAAGAACCTATC,6
TTTCAGCGTTGTTTTT,6
TTTCAGTGTTGTTTTG,6
TTTCGTGATACTAACA,6
AAAAAGTTTATGACAA,5
AAAATCTGAACCATAC,5
AAACCCATAAGACCTC,5
AAACCCATAAGACTCC,5
AAAGCTCTTTTCTTTC,5
AAAGTACGATCTACGC,5
AAATTCGCAATATCCA,5
AACACGTAGAACCGCT,5
AACAGAAGTCCATTTA,5
AACAGGAGTCCATGTA,5
AACCACCGAGTGACGG,5
AACCTAGGATCGCACT,5
AACCTCCCTGACTGCT,5
AACGACAAACAGCAAG,5
AACGACAAACAGTAAT,5
AACGACGAACAGTAAG,5
AACGATAAACAGTAAG,5
AACGGTCCCGACTAAG,5
AACTAGATGTACAGTC,5
AACTTACCTGACTGCT,5
AACTTCACTGACTGCT,5
AAGAAATTTATGACAA,5
AAGATTGATTAAAGTT,5
AAGCGGTGATATGATT,5
AAGCGGTGATGTTATT,5
AAGGACAAACAGTAAG,5
AAGGGGACTCATAATG,5
AAGGGGCATCATAATG,5
AAGGGGCCCCATAATG,5
AAGGTCACTATGTAAT,5
AAGGTCCCTATGGAAT,5
AAGTTAAGAGAAAGCT,5
AATCGATGGCACCCGT,5
AATCGCCGGCACCCGT,5
AATCGCTGGCACCTGT,5
AATGCGAGAATGTCAA,5
AATGTCCCTATGTAAT,5
AATTCATGAGTACTAG,5
ACAAAGCCTCGAGAAG,5
ACAACGAGGTGTAACC,5
ACAACTGAGGGCATTG,5
ACAAGATTCTGGGGAC,5
ACAATATGAACCATAC,5
ACACTGGTTGGCTGTA,5
ACAGTACGATCTAAGC,5
ACAGTCAACCATTGAG,5
ACAGTCCACCATCGAG,5
ACAGTCCACCATTGGG,5
ACAGTCTAGAAATTTT,5
ACCAGCAACGAGTTGT,5
ACCAGCAATGAGTTCT,5
ACCAGCAGTGAGTTGT,5
ACCGAATAAATCATCC,5
ACCGAATGAACCATCC,5
ACCGAATGAATGATCC,5
ACCGGATGAATCATCC,5
ACCGGCAATGAGTTGT,5
ACGAAAATAGACCGAA,5
ACGAACGAAGTAGGAG,5
ACGAAGTCTCGAGAAG,5
ACGCAAATAGAACGAA,5
ACGCCCATTAAGATCA,5
ACGGGGATTGGATGTT,5
ACGTATGATTCTCGAG,5
ACGTCCATTAAGGTCA,5
ACGTGTCTCCGGGCAA,5
ACTACGAGGCTAAGTA,5
ACTCCCGGAGCTTGGC,5
ACTGTCCAGAAATTTT,5
ACTGTCTAGAAAGTTT,5
ACTGTCTAGAAATTTC,5
ACTGTCTAGAGATTTT,5
AGAAAATCTCAGAGAC,5
AGATACCAGGTCCTTT,5
AGATCATCGCACCCAA,5
AGATCCAAGGTCCTTT,5
AGATCCCAGGTCCCTT,5
AGATCCTAGGTCCTTT,5
AGCACGTAGAACCGCC,5
AGCATAGAGATATGTG,5
AGCATCGAACAGATAG,5
AGCATCTAATAGATAG,5
AGCCGTACCGCGTTTA,5
AGCTCCCGGGGTATCA,5
AGCTCCTGGGGTACCA,5
AGCTTAATTAAGTATG,5
AGGAAAGAAACTAGAG,5
AGGAAATCTCAGATAC,5
AGGAAGGAAACTGGAG,5
AGGACTATATTTGGCA,5
AGGAGGATGAAGAGCG,5
AGGAGTAGGAAGAGCG,5
AGGCCAGTAAGGACTA,5
AGGCCCGTAAGGAATA,5
AGGGCTATAGTTGGCA,5
AGGTTCAGAATCTTGC,5
AGTAAACATGCATTAG,5
AGTATTTGCGCTTCAT,5
AGTCGCTGGCACCCGT,5
AGTCGGGGTCTCCCTT,5
AGTCGTTTAGATAGGT,5
AGTGAAACAATCGAAC,5
AGTGACCCCCTCCAAC,5
AGTGTTGAATAGGCTA,5
AGTGTTGAGTAGGCGA,5
AGTGTTGGCTTTGTTA,5
AGTTTTGGCTTGGTTA,5
ATAAAGTCTCGAGAAG,5
ATAACGTTTGTGAAAA,5
ATAACGTTTTTGCAAA,5
ATACACGAATGTGCCA,5
ATACACTAGGTTGTGA,5
ATAGAATCGAAAATTA,5
ATAGGATATATGGCTA,5
ATAGTCCACCATTGAG,5
ATCAAATAATTGGCGC,5
ATCAGGGCTACGTGAG,5
ATCGGGATAATCGCGC,5
ATGGCCCAAGGGCATA,5
ATGGCCCACGGGCACA,5
ATGGCCCACTGGCATA,5
ATGGGAGTGGAGAAAC,5
ATGGGATTGGAAAAAC,5
ATGGGATTGGAGAGAC,5
ATGGGATTGGAGATAC,5
ATGGGATTGGATAAAC,5
ATGGTTTTACGTCAAT,5
ATTAGATTGTAACGTA,5
ATTAGGGCTACATGAG,5
ATTAGGGCTACGCGAG,5
ATTAGGTCTACGTGAG,5
ATTATATTATAACGTA,5
ATTATCGTATCTAATA,5
ATTCCGAATGGGGCAG,5
ATTCCGAATGGGGGAG,5
ATTTAAATTAGAGGAC,5
ATTTAAATTCGATGAC,5
ATTTAAATTCTAGGAC,5
ATTTGGGGTCTCCCTT,5
ATTTTTCTATTGCTAC,5
CAATTAGAAATACAAA,5
CACACTTTACGAGACA,5
CACCATCAGCACCGAG,5
CACCGCGCCGAGTACC,5
CACCTCGCCGAGCACC,5
CACGACACCCTTCCGG,5
CACGGGCCAATGTCTC,5
CACGTGGAGCCCAACA,5
CACTAGATTTACAGTC,5
CAGAACCTTGTTGTCT,5
CAGACTCTAGAGCTCT,5
CAGGCTCTATAGCTCT,5
CATAAAAGACTGTACA,5
CATGCAGAGTTTGTTG,5
CATGTGAATTCTCCCA,5
CATGTGAATTTGCCCA,5
CATGTGGAGCCCAAAA,5
CATTGAGACGCGCAAT,5
CATTTGGAGCCCAACA,5
CCAACAAAAAAAATTA,5
CCAACACAAAAAAGTA,5
CCAACACAAAAAATGA,5
CCAAGCTTGTCGCATC,5
CCAAGCTTTGCGCATC,5
CCCAATGTCGTAGGAT,5
CCCCATGAAATAAGCT,5
CCCCTCCTCGAAAGTT,5
CCCCTCCTCTAAAGCC,5
CCCTACGAAATAAGCT,5
CCCTATGAAATAGGCT,5
CCCTATGAGATAAGCT,5
CCCTATTAAATAAGCT,5
CCCTGCGCGTCTCGGG,5
CCGGATAAATCAGAAA,5
CCTGGTTTAAGTTGTG,5
CCTGTGTTAAGTTGTG,5
CCTTGATGCACTCCCG,5
CCTTGATGTATTCCCG,5
CGAAAACATTAAAAAT,5
CGAAACACGTCCCAAC,5
CGAACTTTACGAGACA,5
CGACCAGGGAATCAAA,5
CGACTCCAAGGACGCC,5
CGAGAAATGTAAATGA,5
CGCACTTTACGAGAAA,5
CGCACTTTACGATACA,5
CGCCACACCCTTCCGG,5
CGCGACAACCTTCCGG,5
CGCGACACCCTTCTGG,5
CGGAATCGTCACCGAT,5
CGGACCCTAAATGGTA,5
CGGACCCTAGATGATA,5
CGGGAAATGTAAATGG,5
CGGGAACATACATAAA,5
CGGTAAATGTAAATGA,5
CGGTCGGTACTCATCT,5
CGTACAATGTAATCGA,5
CGTACAGTGCAATCGA,5
CGTACAGTGGAATCGA,5
CGTACAGTGTAATTGA,5
CGTGACCCCCCCCAAC,5
CGTGGACCCTTCAGCA,5
CGTGTACCCTTGAGCA,5
CGTGTGGAGCCCAACA,5
CGTGTTGAATAGGCGA,5
CGTTCAGCGATAATGG,5
CGTTCAGTGATAACGG,5
CTAACCGCAGACACGT,5
CTAAGCTGCCAATAAG,5
CTAATTTAAGTATCAT,5
CTAATTTAATTATCAA,5
CTAGCATAGCGTAGGC,5
CTATATTGCCCAGAAG,5
CTATATTGCCCGGGAG,5
CTATATTGCGCGGAAG,5
CTATCCTAATCTACAG,5
CTATCTGTAGAGCGCT,5
CTATTTAGCAGACGTA,5
CTCAAATAATTGGCTC,5
CTCAATGTAGTAGGAT,5
CTCACAGAATACTAGA,5
CTGAACCTATCTGTGG,5
CTGAACCTCGTTGTCT,5
CTGAACTTAGCTGTGG,5
CTGAACTTATCCGTGG,5
CTGAACTTATCTATGG,5
CTGAACTTGTCTGTGG,5
CTGAGATGCCAATAAG,5
CTGAGCTGACAATAAG,5
CTGAGCTGCAAATAAG,5
CTGAGTTGCCAATAAG,5
CTGGAGGCCTGGCACC,5
CTGGATAAATCAGAAC,5
CTGTACCTGCATTTGA,5
CTGTCGGGACTCATCT,5
CTTACATAATACTAGA,5
CTTACTGCTCGAGAGT,5
CTTAGCTGCCAATAAG,5
CTTAGGTATCATATGC,5
CTTCGGCCCTTGATTA,5
CTTCGGCTCCTGATTA,5
CTTCGGCTCGTGATTA,5
CTTCGGCTCTTGACTA,5
CTTGAGGCCTGGCCCC,5
CTTTCAGCGATAACGG,5
CTTTTCTAGTACGCCC,5
CTTTTCTATTACGCTT,5
GAAAGCCCCATGCAAT,5
GAAAGTCCCTATGATT,5
GAAATCCCAAAATAAC,5
GAAATCCCCGTGCAAT,5
GAAGAGACTATAACCA,5
GAAGTGATGCTGAAGT,5
GAAGTGCATATTGAGT,5
GAAGTGCGTATTGAAC,5
GAAGTGCTTCTGAAGT,5
GAATAATAGAACAGGG,5
GAATAATAGAACGGAG,5
GACACAGAACCCATGT,5
GACCCCTTGTAAGACA,5
GACCCTGCAAGCCACT,5
GACCGTACCGCGTTTA,5
GACGGGATGGGCACAC,5
GAGCTTGCTATGGATA,5
GAGCTTGCTATGTATC,5
GAGGGGAACGGGAAGC,5
GAGGGGTAGAGGTACG,5
GAGGTGTAGAGATACG,5
GATAGCCATCGACTTC,5
GATCACTCAGAAAAAG,5
GATCATGGGGAGAGTC,5
GATCGCCACTGATAAT,5
GATCTTGGGGAGATTC,5
GATCTTGGGTAGAGTC,5
GATGGGTAGAGATACG,5
GATTCGGATGCCCACC,5
GCAACGAGGGGTAACC,5
GCAAGCAAAGTTGACC,5
GCAATCTGAACCATAC,5
GCATCCCCAACTCCTA,5
GCATCCTCGACTCCTA,5
GCATCGTGCCGGTCAT,5
GCATGAAACTAACTCC,5
GCATGGAACTAACTAC,5
GCATGGAACTAATTCC,5
GCATGGAATTAACTCC,5
GCCAAGTTACGGATGG,5
GCCATTTACGGAAGGG,5
GCCTAAAGGATCATGG,5
GCCTTTGGGCGCAGTC,5
GCGAAGTTTAATAGCG,5
GCGAAGTTTCATAGAG,5
GCGAAGTTTCATATCG,5
GCGAATTTTCATAGCG,5
GCGAGGTTTCATAGCG,5
GGAGATACTAGGACCA,5
GGATAATAGAACAGAG,5
GGCTAACTTTGGAAGC,5
GGGGGGATACGTCACC,5
GGTTAACTTTGGAAGT,5
GGTTGGGGTCTCCCTT,5
GTAATTCGCATGCGAA,5
GTACAAACCTGGAAAT,5
GTACAAATCTGCAAAT,5
GTACCCAGTCCCTGCG,5
GTACCCAGTTCATGCG,5
GTAGAACTACGGCCCC,5
GTAGAGCTGCGGCCCC,5
GTAGATACTGGGACCA,5
GTATAAACCTGCAAAT,5
GTATAACTGCGGCCCC,5
GTATCCTCAACTCCTA,5
GTCATTTACTGAAGGG,5
GTCGCACCCTGGAATG,5
GTCGCATCCTGGAAGG,5
GTGAACTTATCTGTGG,5
GTGAAGTTTCATAGCG,5
GTGAGCAAGAAAAGCA,5
GTGAGCGAGAAAATCA,5
GTGAGGGATTCAACTC,5
GTGATATCAAGCCGGG,5
GTGCGATTTTCCGGAA,5
GTGGAGGCCTGGCCCC,5
GTGGTATCAAGCCACT,5
GTTATCATGACTTCAT,5
GTTATTATGAATTCAT,5
GTTATTATGGCTTCAT,5
GTTCGATTGTCCGGAA,5
GTTGCTCCGACATGCC,5
GTTTAAATTATAGTCT,5
TAACGTGACTTCTCGA,5
TAACGTGATCTCTCGA,5
TAACGTGATTTCTAGA,5
TAATAAGCCAGTAAGA,5
TAATAATAGAACAGAG,5
TAATGATAACCCTGCG,5
TACAAAAGGGACATAT,5
TACCAATGCCGTTGTC,5
TACCAATGTCATTTAA,5
TACCCTGCAAGCCGCT,5
TACTAAGAGAAGTGCG,5
TACTAATGCCGTCGTC,5
TACTAATGTCGTTGTC,5
TACTAGCAGTGGAATC,5
TACTGATAACCCGGCG,5
TAGCATTGTCGGAAAC,5
TAGGGGAACGGGAAGC,5
TAGTCCGTTGGGAACT,5
TATACTCACGGAGGAC,5
TATACTCACGTAGGAT,5
TATACTCACTGAGGAT,5
TATCAAGAGAAGTGCG,5
TATGCCGTATCCACAG,5
TATGCGAGCATGTCAA,5
TATGTCATATCCACAG,5
TATGTCGTAGCCACAG,5
TATGTCGTATCAACAG,5
TATTGAGCCAGTCTGA,5
TATTTCTGATGAATTG,5
TCATCCTCAACTCCTA,5
TCATGGGTGTACAAGA,5
TCATGGGTGTACGAGG,5
TCCAGCGCGATAAGAG,5
TCCAGCGCGGTAATAG,5
TCGAACGAAGTGGGAG,5
TCGAACGGAGTAGGAG,5
TCGAACTAAGTAGGAG,5
TCGAATGAAGTAGGAG,5
TCGAGTTAATATGCTC,5
TCGATTACTAGCCAGA,5
TCGCTCCTGAGTAGTA,5
TCGCTTCAACCAAAAA,5
TCGTCCGTTGTGAACT,5
TCGTCGCACTACTGCG,5
TCTAACTCCCGCGGCA,5
TCTAACTCTCGCGCCA,5
TCTAACTCTCGCTGCA,5
TCTAACTCTTGCGGCA,5
TCTCATTAGGCGGCAT,5
TCTGGAAACGATCCAC,5
TCTGGGTTAAGTTGTG,5
TCTGTAAACGATCCCC,5
TCTTACTAGGCGGCAT,5
TCTTAGAGTGAAAGAT,5
TCTTATTAGGCGCCAT,5
TCTTATTAGGCGGCAA,5
TCTTATTAGGCTGCAT,5
TCTTATTAGTCGGCAT,5
TCTTCGCACTACTGCT,5
TCTTGGCATAGCGATG,5
TCTTTACAACTGCATC,5
TCTTTACCACTGAATC,5
TGACAAAAATACAAAT,5
TGACAACAATAAAAAT,5
TGACAACAATACGAAT,5
TGCAGCATTGGTCGCC,5
TGCATTGGTATACATA,5
TGCGGTGGTCTATCCG,5
TGCTATTCCGGCGCGT,5
TGCTATTCCTGCGCGG,5
TGGAATCGTAACCGAT,5
TGGAATCGTCACCAAT,5
TGGAATCGTTACCGAT,5
TGGCATTGTCGGAAAG,5
TGGGGACAAGATTGTA,5
TGGTCAGCTTCATGCT,5
TGGTCCGCTTCATACT,5
TGGTCGGGACTCATCT,5
TGTAATAGGAGTCACA,5
TGTAATAGTCGTCACA,5
TGTACGGATAAAGTAG,5
TGTGTCGTATCCACAG,5
TGTTGAGCCAGCCTGA,5
TGTTGTAATCCGAATA,5
TTACGAACTTGATTCC,5
TTATCTGTAGAGCGCG,5
TTATGGGTGTACGAGA,5
TTATGTCCAGACTCGT,5
TTATTTGTAGAGCGCT,5
TTCGGTGGTCGATCCG,5
TTCTGTCAAGACTCGT,5
TTCTGTCCAGACCCGT,5
TTGAAAAAATAATAAA,5
TTGAGGGATTCAACTC,5
TTGAGTTAATATGCGC,5
TTGCAATTGAAACACA,5
TTGCTCCTGAGTAGTT,5
TTGCTCCTGGGTAGTA,5
TTGGAGAACGGGAAGC,5
TTGGGGAACGGAAAGC,5
TTGGGGAACGGGAAGG,5
TTGTACCTGCAGTTGA,5
TTTAAAAAATCATAAA,5
TTTACTCACCGAATAA,5
TTTATACCCAACACCA,5
TTTATATCGAGATTAA,5
TTTATTATGACTTCAT,5
TTTCAGCGTTGTTTCA,5
TTTCAGCTTTGTTTTG,5
TTTTACAGAACCTATC,5
TTTTATCAGTCGCGCC,5
AAACCCATAAGACACC,4
AAAGCTCTTTTCGTTA,4
AAAGGCGCGCCTGCAA,4
AAAGGCGCGCCTTAAA,4
AAATCTCTTTTCGTTC,4
AAATTCACAATATCCT,4
AAATTTTCCAATAGGT,4
AACACGTAGAACAGCC,4
AACAGAAGGCCATGTA,4
AACAGAAGTCAATGTA,4
AACAGAAGTCCATGGA,4
AACAGAAGTCTATGTA,4
AACAGGATAATCGCGC,4
AACCACCCCAGAGAGG,4
AACCACCGAGCGACCG,4
AACCACCGAGTAACCG,4
AACCGTACCGCGTTCA,4
AACGATTCACGAATAA,4
AACGATTCCGACTAAG,4
AACGGTTCCGACCAAG,4
AACTAATGCCGTTGTC,4
AACTACCGAGTGACCG,4
AACTGCGTTAATCGAT,4
AACTGCGTTCACCGAT,4
AACTTCCCCGACTGCT,4
AACTTCCCTGACTGTT,4
AACTTCCGCCGCCTGA,4
AAGAAGACTTTTTGAT,4
AAGAAGCTATAGAAAC,4
AAGATTGATTGAAGCC,4
AAGATTGATTGGAGTT,4
AAGCCCATAAGACCCC,4
AAGCGGTGAGGTGATT,4
AAGCGGTGATGTGATC,4
AAGCTGTGATGTGATT,4
AAGGTCCCTATGCAAT,4
AAGGTCCCTATGTAGT,4
AAGTATTGCCACACAT,4
AAGTATTGCTACACAC,4
AAGTATTTCTACACAT,4
AAGTTAGTAGACACAC,4
AAGTTCAGACTCTTGC,4
AAGTTGGTAGACCCAC,4
AATCGCCATCGACTTC,4
AATCGCTGGCACCAGT,4
AATCGCTGGCACCCGG,4
AATCGCTGGCGCCCGT,4
AATGAAACAAGCGAAC,4
AATGAAACAATCGAAA,4
AATGAAACAATCGAAT,4
AATGAGACAATCGAAC,4
AATGAGAGCATGTCAA,4
AATGCGAGCACGTCAA,4
AATGCGAGCATGACAA,4
AATGCGAGCATGTAAA,4
AATTCGTTAGTACTAG,4
ACAAAGTATCGAGAAG,4
ACAAAGTCTCGATAAG,4
ACAAATTCTCGAGAAG,4
ACAAGATTCGGGGGAT,4
ACAAGATTCGGGGTAC,4
ACAAGGTCTCGAGAAG,4
ACAATCTGAACCGTAC,4
ACAATCTGAGCCATAC,4
ACACAGGTTGGCTGTA,4
ACACGGGCTGGCTGTA,4
ACAGCGTGCCGGTCAT,4
ACAGTACGATCTACTC,4
ACAGTCCAACATTGAG,4
ACAGTCTACCATTGAG,4
ACATGGGTGTACGAGA,4
ACATTCCACCATTGAG,4
ACATTTCCCAATAGGT,4
ACATTTTCAAATAGGT,4
ACATTTTCCAATATGT,4
ACCAGCAATGAGCTGT,4
ACCCCCGGATCTTGGC,4
ACCCCTGGAGCTTGGC,4
ACCGAATGAATCATCG,4
ACCGAATGAATCGTCC,4
ACCGATTCACGAATAG,4
ACCGGCGTTAGTGTCA,4
ACGAGCAATGAGTTGT,4
ACGATCTGAACCATAC,4
ACGCAAATAGACCAAA,4
ACGCATGATTTTCGAG,4
ACGCGTCTCCGAGCAA,4
ACGGGGATTGACTGTT,4
ACGGGGATTTGCTGTT,4
ACGGGGGTTGGCTGTT,4
ACGGGTATTGGCTGTT,4
ACGTACATTAAGATCA,4
ACGTATGATTTCCGAG,4
ACGTATGGTTTTCGAG,4
ACGTATTATTTTCGAG,4
ACGTCCATTGAGATCA,4
ACGTCTATTAAGATCA,4
ACGTGTATCCGAGCAA,4
ACGTGTCCCCGAGCAA,4
ACGTGTCGCCGAGCAA,4
ACGTGTCTCCAAGCAA,4
ACGTTCATTAAGATCA,4
ACTACGAGGCTGCGTA,4
ACTACGGGGCTACGTA,4
ACTAGGGCTACGTGAG,4
ACTATCATATCTAATA,4
ACTCTGGCTCGATAAT,4
ACTCTGTCTCGCTAAT,4
ACTCTTGCTCGCTAAT,4
ACTGCCTAGAAATTTT,4
ACTGTCTAGAAATTGT,4
ACTGTCTGGAAATTTT,4
ACTGTCTTGAAATTTT,4
ACTTATGATTTTCGAG,4
ACTTGACATAGCGATG,4
ACTTGATGCATTCCCG,4
AGAAAATCCCAGATAC,4
AGAAAATCTCAGATAG,4
AGAACATCGCACCCAA,4
AGAACGTTTGTGCAAA,4
AGAAGATCTCAGATAC,4
AGATCCCAGGTCATTT,4
AGATCCCAGGTCCGTT,4
AGATCCCAGGTCCTTA,4
AGATCCCGGGTCCTTT,4
AGCATAGGGATATGAG,4
AGCATAGGGGTATGTG,4
AGCATCTAACAGACAG,4
AGCATCTAACAGGTAG,4
AGCATCTAGCAGATAG,4
AGCCCATGATGGGGAT,4
AGCCCATGCTGGGGAG,4
AGCCCATGCTTGGGAT,4
AGCCCATTCTGGGGAT,4
AGCCCCTGGGGTATCA,4
AGCGAATGAATCATCC,4
AGCTCATGGGGTATCA,4
AGCTCCATAGGCATGG,4
AGCTCGTGGGGTATCA,4
AGCTGAATTAGGTATG,4
AGGAAGACTTTGTGAT,4
AGGACTATAGGTGGCA,4
AGGACTATAGTTGACA,4
AGGACTATAGTTGGCG,4
AGGACTATAGTTGGCT,4
AGGACTATAGTTTGCA,4
AGGACTATGGTTGGCA,4
AGGAGTATGAAGAGCT,4
AGGAGTATGAAGGGCG,4
AGGAGTATGAGGAGCG,4
AGGAGTATTAAGAGCG,4
AGGAGTGTGAAGAGCG,4
AGGATTATGAAGAGCG,4
AGGCCCGTGAGGACTA,4
AGGCGGTGATGTGATT,4
AGGGGACAAGATTGTA,4
AGGTCCGCTTCATGCT,4
AGGTGGAAGGGCATGG,4
AGGTGGACGGTCATGG,4
AGGTTAAGAGAAAGTT,4
AGGTTAGTAGACCCAC,4
AGTAAACATACATTGG,4
AGTAAACATGAATTGG,4
AGTAAACATGCATTGT,4
AGTAAAGAAACTGGAG,4
AGTATTTGCGCTGCAA,4
AGTATTTGCGCTTCAG,4
AGTATTTTCGCTTCAA,4
AGTCCATCTCAGATCG,4
AGTCGTTTATATAGTT,4
AGTCTTTTAGATAGTT,4
AGTGTTTAATAGGCGA,4
AGTTCAGCGATAACGG,4
AGTTCGTGAGTACTAG,4
AGTTGGGGTATCCCTT,4
AGTTGGGGTCTCCATT,4
AGTTGGGGTCTCTCTT,4
AGTTTTTATAACTTGT,4
ATAAAGTTTGTGCAAA,4
ATAACTGAGGGCATCG,4
ATACACGAGGTCGTGA,4
ATACATGAGGTTGTGA,4
ATACGAATTTGATTCC,4
ATACGCGAGGTTGTGA,4
ATACGGGTTGGCTGTA,4
ATAGAAAATTATCAGC,4
ATAGAACTGCGGCCCC,4
ATAGAATCGCAAATCA,4
ATAGGATACATGGCTG,4
ATAGGATATATGTCTG,4
ATAGTACGATCTACGC,4
ATATAAAAAAATTAGT,4
ATATAAAAAACTTATT,4
ATATAAGAAACTTAGT,4
ATATCCACCCTATAGT,4
ATATCCCAGGTCCTTT,4
ATCAGGATAATAGCGC,4
ATCAGGATAATCGCGT,4
ATCATGATAATCGCGC,4
ATCCCATGCTGGGGAT,4
ATCCCCGGAGCTTGGC,4
ATCCGATTTAAAGGAA,4
ATCCGATTTAAAGTCA,4
ATCTAAATTCGAGGAC,4
ATGAGGGCTACGTGAG,4
ATGGAATTGGAGAAAC,4
ATGGGATCGGAGAAAC,4
ATGGGGATTGGCTGTT,4
ATGGTATCAAGCCGGG,4
ATGGTTTTACGCCCAT,4
ATGGTTTTACGTCCAA,4
ATGTGTCTCCGAGCAA,4
ATTACAGAATACTAGA,4
ATTACCATATCTAATA,4
ATTAGACTATAACGTA,4
ATTATATCCAACACCA,4
ATTATCATATATAATA,4
ATTCCAAATGGGGTAG,4
ATTCCGAATGGGGTAT,4
ATTCCGAATGGGGTTG,4
ATTCCGAGTGGGGTAG,4
ATTGTCATATCTAATA,4
ATTTAAATTCGAAGAC,4
ATTTAAATTCGAGGAT,4
ATTTAAATTCGGGGAC,4
ATTTCCATAGGCATGG,4
ATTTTCTAGTACGCTT,4
ATTTTTCTACGGCTAC,4
ATTTTTCTATGTCTAC,4
CAAAAGCAGAACGATA,4
CAAACACAAAAAATTA,4
CAAAGCTTGGCGCATC,4
CAAATACTGCATTAGG,4
CAAATAGAAATACATA,4
CAAATGCTGCATTAGC,4
CAAATGCTGCATTAGT,4
CAAGTAGAAATACATA,4
CAATAAGCCAGCAAGA,4
CAATTAGAAAGACATA,4
CAATTCGCCGTTCCCA,4
CACACAGAGTTTGTTG,4
CACAGCATTGGTCGCC,4
CACCAATCTTCGAACC,4
CACCATCAGCACATAG,4
CACCATCAGCACCTAA,4
CACCCTGCAAGCCACT,4
CACCTAGGATCGCACA,4
CACTAGATGTACAGGC,4
CACTGGCTAATGTCTC,4
CAGAACTTCGTTGTCT,4
CAGAATCTCGTTGTCT,4
CAGAGCCTCGTTGTCT,4
CAGATAGTGATGAACT,4
CAGATAGTGATGAATA,4
CAGATAGTGGTGAACA,4
CAGGATCTAGAGCTCT,4
CAGGCTCTAGAGCTCA,4
CAGGTAGTGATGAACA,4
CATACAGAGTGTGTTG,4
CATACAGAGTTTATTG,4
CATAGAGAGTTTGTTG,4
CATATGGAGCCCAACA,4
CATGCGGAGCCCAACA,4
CATGGGAATTGCCAAT,4
CATGTGAATTAGCCCA,4
CATGTGAATTCACCCA,4
CATGTGAATTCGTCCA,4
CATGTGGAGCCCAATA,4
CATGTGGAGCCCGACA,4
CATGTGTAGCCCAACA,4
CATTCAGCGATAACGG,4
CATTGAGACGCGCAGG,4
CATTGAGACGCGCGAG,4
CATTTATGATGAATTG,4
CATTTCTCAAAACATA,4
CCAAACTTGGCGCATC,4
CCAACACAAAAAATTG,4
CCAACACAGAAAATTA,4
CCAACACGAAAAATTA,4
CCAAGCTTGGCCCATC,4
CCAAGCTTGGCGCATT,4
CCAATACAAAAAATTA,4
CCAGATAAATCAGAAC,4
CCAGGCTTGGCGCATC,4
CCATCTTAATCTACAG,4
CCCATCCTCTAAAGTT,4
CCCCCCCTCTAAAGTT,4
CCCCTCCTATAAAGTT,4
CCCCTCCTCTGAAGTT,4
CCCTATAAAATAAGCT,4
CCCTATGAAATGAGCT,4
CCCTGATGCATTCCCG,4
CCCTTTACGGATCTCA,4
CCGTACCTGCAGTTGA,4
CCTAGGTTAAGTTGTG,4
CCTGGGTGAAGTTGTG,4
CCTGGGTTAAGTGGTG,4
CCTGGGTTAAGTTGTT,4
CCTTGATGCATCCCCG,4
CCTTGATGGATTCCCG,4
CGAAAACATTACAAAC,4
CGAAAACATTACGAAT,4
CGAAACACGTCCAAGT,4
CGAACCGAAGACACGT,4
CGAACCGCAGAAACGT,4
CGAACCGCAGGCACGT,4
CGAACTGCAGACACGT,4
CGACCCCACGGACGCC,4
CGACTCAACGGACGCC,4
CGACTCCACGGACCCC,4
CGACTCCACTGACGCC,4
CGATATTTACGAAAAA,4
CGCAACATTGGTCGCC,4
CGCACAGTGTAATCGA,4
CGCGACACCCTTCCCG,4
CGCGATACCCTTCCGG,4
CGGACAGGGAATCAAA,4
CGGACCCTAGATGGTG,4
CGGACCCTAGGTGGTA,4
CGGATAGTGATGAACA,4
CGGATCCTAGATGGTA,4
CGGCAAGGGAATCAAA,4
CGGCCAGGGAATCAAG,4
CGGCCAGGGAATCAAT,4
CGGCCAGGGAATCAGA,4
CGGGAAATGTAAGTGA,4
CGGGAAATGTGAATGA,4
CGGGAACATACATAGC,4
CGGGAGATGTAAATGA,4
CGGGCCCTAGATGGTA,4
CGGGGAAAAGATTGTA,4
CGGTTTTGGTTCGAGG,4
CGTACAGTGTAAGCGA,4
CGTACAGTGTAATAGA,4
CGTACAGTTTAATCGA,4
CGTACGTATGTCCCAT,4
CGTCTACCCTTCAGCA,4
CGTGACCACCTCCAAC,4
CGTGACCCCCTCCAGC,4
CGTGATCCCCTCCAAC,4
CGTGCAGTGTAATCGA,4
CGTGTACGCTTCAGCA,4
CGTGTACTCTTCAGCA,4
CGTTCAGCAATAACGG,4
CGTTCAGCGATAGCGG,4
CGTTGAGCCAGTCTGA,4
CTAATTTAAGTATCAG,4
CTAGAGGCCTGGCCCC,4
CTAGCACAGCGTAACC,4
CTATATGGCCCGGAAG,4
CTATATTCCCCGGAAG,4
CTATATTGCCCCGAAG,4
CTATTTAACAGAAGTA,4
CTATTTAACATACGTA,4
CTATTTGACAGACGTA,4
CTCAAATAATTGGCGT,4
CTCAAATAATTGGTGC,4
CTCAAATAATTGTCGC,4
CTCAAATAATTTGCGC,4
CTCTTCTAGTACGCTT,4
CTGAACTGATCTGTGG,4
CTGAACTTATCTCTGG,4
CTGAACTTGTCTATAT,4
CTGAGCTGCCAATAAT,4
CTGAGGGATCCAACTC,4
CTGAGGGATTCAGCTC,4
CTGAGGGATTTAACTC,4
CTGAGGTATTCAACTC,4
CTGATAGTGATGAACA,4
CTGCGCACGTTTAGAG,4
CTGGAGGACTGGCCCC,4
CTGGCACAGCGTAGGC,4
CTGGGACAAGATTGTA,4
CTGTACATGCAGTTGA,4
CTGTACCTGCAGTTGG,4
CTGTACCTGTAGTTGA,4
CTGTAGGCCTGGCCCC,4
CTTACAGAATACTAGC,4
CTTACTGAGCGAGAGT,4
CTTACTGCGCGAGAAC,4
CTTATGTATTATATGC,4
CTTCACAGAACCTATC,4
CTTCGGCTCTTGATTG,4
CTTCGGTTCTTGATTA,4
CTTTACCTGCAGTTGA,4
CTTTCCTAGTACGCTT,4
CTTTGGCTCTTGATTA,4
CTTTTATAGTACGCTT,4
CTTTTCTAGGACGCTT,4
GAAAAAAGGGACATAT,4
GAAAGCCCCGGGCAAT,4
GAAAGCCCCGTGAAAT,4
GAAAGCCCCTATGATG,4
GAAAGTCACTATGATG,4
GAAATCACCAAATAAC,4
GAACAATAGAACAGAG,4
GAAGAAACTATAACAA,4
GAAGAAGCTATAACCA,4
GAAGTGCTGATGAAGT,4
GAAGTGCTGCTGAAAC,4
GAAGTGCTGCTTAAGT,4
GAATAATAGAACATAG,4
GAATAATAGAATAGAG,4
GAATAGTAGAACAGAG,4
GAATGTTTAATAGACG,4
GACAAAAGGTACATAT,4
GACCACGCAGAAAAAG,4
GACCCCTTGTAAGATA,4
GACCCCTTGTAAGATT,4
GACCGCCATCGACTTC,4
GAGAGCCCCGTGCAAT,4
GAGAGCTCCAGAAGCG,4
GAGAGCTGCAGAATCG,4
GAGAGCTGCAGAGGCG,4
GAGAGGTAGAGATACG,4
GAGCTTTCTATGGATC,4
GAGGCTCTAGAGCTCT,4
GAGGGGATACGTCAAC,4
GAGGGGGAGAGATACG,4
GAGGGTTATAGATACG,4
GATCAAGCAGAAAAAG,4
GATCACGCATAAAAAG,4
GATCGCCACTGATAAA,4
GATCGCCATCAACTTC,4
GATCGCCATCGACTTA,4
GATCTTGGGGAGGGTC,4
GATTTAGATGCCCACC,4
GCAAACAGTGTAGCTG,4
GCAAACAGTGTAGTTA,4
GCAAAGAGGTGTAACC,4
GCAAAGTCTCGAGAAG,4
GCAAGCTCGTATCCCT,4
GCAGAACTGCGGCCCC,4
GCATAAAGGATCATGA,4
GCATGGAACTAACTTC,4
GCCAGCTCGCATCCCT,4
GCCAGCTCGTATCCCG,4
GCCATTTACTGAAGAG,4
GCCGATGCGGCGTGTG,4
GCCGGCGTTAGTGTCT,4
GCCTTTGCGCACAGTC,4
GCCTTTGCGCGAAGTC,4
GCCTTTGCTCGCAGTC,4
GCGAACAGTGTAGTTG,4
GCGAACGAAGTAGGAG,4
GCGAAGCTTCATAGCG,4
GCGATTACTAGCCGGA,4
GCGGCGTGCCGGTCAT,4
GCGGGGATTGGCTGTT,4
GGAAGCAAAGTTGACC,4
GGACAAACCTGCAAAT,4
GGAGTGCTGCTGAAGT,4
GGATCCCAGGTCCTTT,4
GGCCCATGCTGGGGAT,4
GGGCCATCTCAGATCG,4
GGTCCATCTCAGACCG,4
GGTCCATCTCAGATAC,4
GGTCCATCTCAGATCC,4
GGTCCATCTTAGATCG,4
GGTCTATCTCAGATCG,4
GGTGCATCTCAGATCG,4
GGTGTTGGCTTGGTTA,4
GGTTCATCTCAGATCG,4
GTAATTAGCATGCGGA,4
GTACAAACCAGCAAAT,4
GTACAAACCTGCAACT,4
GTACCCAATTCCTGCG,4
GTAGAAACCTGCAAAT,4
GTAGAACTGCAGCCCC,4
GTAGAACTGCGGTCCC,4
GTAGATACTATGACCA,4
GTAGCATCCTGGAATG,4
GTCAAGTGACGGATGG,4
GTCAAGTTACAGATGG,4
GTCAAGTTACGGAAGC,4
GTCAAGTTACGGATCG,4
GTCCGATTGTCCGGAA,4
GTCGACGCTAATCCGA,4
GTCGAGTTACGGATGG,4
GTCGCATACTGGAATG,4
GTCGCATCCGGGAATG,4
GTCGCCGCTAATCCAA,4
GTGAGCGATAAAAGCA,4
GTGCCCAGTTCCTGCG,4
GTGCGATTGTCGGGAA,4
GTGGGCGAGAAAAGCA,4
GTGGTACCAAGCCGGG,4
GTGGTATCAAGCCCGG,4
GTGGTATCAAGCCGGC,4
GTGGTATCAAGGCGGG,4
GTTATTATGACTCCAT,4
GTTATTATGACTTAAT,4
GTTGCTCCGACACGCT,4
GTTTCTCCGACACGCC,4
TAAAAAGCCTCCATTA,4
TAAATACCGACGCAGT,4
TAACAAGCCAGCAAGA,4
TAACGTGATTTATCGA,4
TAATAAGACAGCAAGA,4
TACATACCGACGCACT,4
TACATACCGACGCATT,4
TACCTACTGCGGAACG,4
TACCTGATGCGGAACG,4
TACGACAAACAGTAAG,4
TACGGTTCCGACTAAG,4
TACGTCGTATCCACAG,4
TACTAATGCCGCTGTC,4
TACTAATGCTGTTGTC,4
TACTAGATGTACAGTC,4
TAGAATTGTCGGAAAG,4
TAGCATTCTCGGAAAG,4
TAGCATTGTCAGAAAG,4
TAGCATTGTCGGAGAG,4
TAGCATTGTCGGGAAG,4
TAGCTGATGGTAACTC,4
TAGCTTATAGTAACTC,4
TAGCTTCAACTAAAAA,4
TAGTCGCACTACTGCT,4
TATAACTCTCGCGGCA,4
TATCCAAGGGACGAAC,4
TATCCAAGGGACGGGC,4
TATCCAAGGGACGTAC,4
TATCTGATAGTAACTC,4
TATGTCGTATCCACAT,4
TATGTCGTATCTACAG,4
TATGTCGTGTCCACAG,4
TATTAAGAGAAGTACG,4
TATTAAGATAAGTGCG,4
TATTAGTCCTCGTATG,4
TATTGAGACGCGCAAG,4
TCAACGAGGTGTAACC,4
TCAATAGGGGGCTAAA,4
TCAATCGGGGGCTAAG,4
TCAATCGGGGGCTGAA,4
TCAATCGGTGGCTAAA,4
TCAATCGTGGGCTAAA,4
TCAATCTGGGGCTAAA,4
TCACGAATTTGATTCC,4
TCACGACTCGACTAAT,4
TCATCTGTAGAGCGCT,4
TCATGGGTGCACGAGA,4
TCATGGGTGTACGGGA,4
TCATGGTTGTACGAGA,4
TCCACACCCCTATCTA,4
TCCAGCGCGGTAAGCG,4
TCCGAATGAATCATCC,4
TCCTAGTCCTCGTATG,4
TCCTATTAGGCGGCAT,4
TCGAACGAAGTATGAG,4
TCGAACGAATTAGGAG,4
TCGAGTTAATATGCAC,4
TCGATAGTGATGAACA,4
TCGATTACGAGCCGGA,4
TCGATTCAACTAAAAA,4
TCGCTTAAACTAAAAA,4
TCGCTTCAACTAAAAT,4
TCGGTTACTAGCCGGA,4
TCGTCCGTTTGGAACT,4
TCGTCGCACTAATGCT,4
TCGTCTGTTGGGAACT,4
TCTAACTATCGCGGCA,4
TCTAACTCTCGCGGCG,4
TCTCACAGAACCTATC,4
TCTCATCTCTTAGCCG,4
TCTCGTGATACTCACA,4
TCTGGAAAAGATCCCC,4
TCTGGAAACGATACCC,4
TCTGGAAATGATCCCC,4
TCTGTCTAGAAATTTT,4
TCTTAGTCATCGTATG,4
TCTTAGTCCTAGTATG,4
TCTTAGTCCTCGTAGG,4
TCTTAGTCCTCTTATG,4
TCTTAGTCCTTGTATG,4
TCTTATTAGGCGGCTT,4
TCTTGGTCCTCGTATG,4
TCTTTACCACCGCATC,4
TGACAACAAGACAAAT,4
TGACAACAATACAGAT,4
TGAGTTCATAGCTCAA,4
TGATATGTGACATTGC,4
TGATATTCCGGCGCGG,4
TGATCTGTGACATTGT,4
TGATCTTTTACATCTA,4
TGCAATAGGCGTCACA,4
TGCGGTGGTCGAGCCG,4
TGCGGTGGTCGATCTG,4
TGCGGTGTTCGATCCG,4
TGCTATTCCGGCGCGC,4
TGGAATCGTCACTGAT,4
TGGAATCTTCACCGAT,4
TGGGATCGTCACCGAT,4
TGGTCCGATTCATGCT,4
TGTAATAGGCGCCACA,4
TGTAATAGGCGTCATA,4
TGTCCGGATAAAGTAA,4
TGTCCTGATAAAGTAG,4
TGTGGAGCGACCTTAC,4
TGTGTTGGCTTGGTTA,4
TGTTGAGCAAGTCTGA,4
TGTTGAGCCAGTCCGA,4
TGTTGAGCCAGTCTGT,4
TGTTGATCCAGTCTGA,4
TTAAGCAAAGTTGACC,4
TTACGAATTTGAGTCC,4
TTACGAATTTGATTTC,4
TTATCTATAGAGCGCT,4
TTATCTGCAGAGCGCT,4
TTCATAAAGTTGGTGC,4
TTCATCAAGTTGATGC,4
TTCATCAAGTTGGTGA,4
TTCATCAAGTTTGTGC,4
TTCCGTCCAGACTCGT,4
TTCGCATCCTGGAATG,4
TTCTATTCCGGCGCGG,4
TTCTGTCCGGACTCGT,4
TTCTGTCTAGACTCGT,4
TTGAACTTGTCGATAT,4
TTGCAATTGAAAAATA,4
TTGCGATTGTCCGGAA,4
TTGCTACTGAGTAGTA,4
TTGCTCCTCAGTAGTA,4
TTGGGATTGGAGAAAC,4
TTGGGCACTAAAGTAA,4
TTGGGGAACGCGAAGC,4
TTGTATTAGTCGCGCC,4
TTGTGCACTAAATTAA,4
TTGTGTCAGTCGCGCC,4
TTTAGTGATACTCACA,4
TTTATATAGAGATTCA,4
TTTATATCCAGCACCA,4
TTTATATCGAGACTCA,4
TTTCACAGAAACTATC,4
TTTCACAGAATCTATC,4
TTTCACAGAGCCTATC,4
TTTCACAGGACCTATC,4
TTTCAGCGTGGTTTTG,4
TTTCAGCGTTGTTCTG,4
TTTCAGCGTTGTTTCG,4
TTTCATAGAACCTATC,4
TTTCGGCTCTTGATTA,4
TTTCGTGATACTCACG,4
TTTCGTGATACTCACT,4
TTTCGTGATACTCATA,4
TTTCGTTATACTCACA,4
TTTGCTCCGACACGCC,4
TTTTGAGCCAGTCTGA,4
AAAAAAGGTATGACAA,3
AAAAAATCTCAGATAC,3
AAAAAATGTATGACAA,3
AAAAAATTGATGACAA,3
AAAAAATTTAAGACAA,3
AAAAAATTTAGGACAA,3
AAAAAATTTATAACAA,3
AAAAATCTACGGCGAC,3
AAACCCACAAGACCCC,3
AAACCCATAAGACCCT,3
AAACCCATAAGGCCCC,3
AAACCTATAAGACCCC,3
AAAGACCTTTAACTAT,3
AAAGCTATTTTCGTTC,3
AAAGCTCTTTTAGTTC,3
AAAGCTCTTTTCGCTC,3
AAAGCTCTTTTCGTTT,3
AAAGGCGCTCCTTCAA,3
AAAGGCTCGCCTTCAA,3
AAAGTTCTTTTCGTTC,3
AAATTAACAATATCCA,3
AAATTAAGAGAAAGTT,3
AAATTCATAATATCCA,3
AACACGCAGAACCGCC,3
AACAGAAGCCCATGTA,3
AACAGAAGTCCACGTA,3
AACAGAAGTCCATATA,3
AACCACCCCAGAGACG,3
AACCACCGAGTGACCC,3
AACCACGGAGTGACCG,3
AACCCCGGAGCTTGGC,3
AACCGTAACGCGTTTA,3
AACCGTTCCGACTAAG,3
AACCTACGAGACATAA,3
AACCTACGGGACGTAA,3
AACCTTACCGCGTTTA,3
AACGACAAACAATAAG,3
AACGACAAACAGTAAC,3
AACGACAAACAGTATG,3
AACGGTGCCGACTAAG,3
AACGGTTCCGGCTAAG,3
AACTCCCCTGACTGCT,3
AACTGCGTTCATCGAC,3
AACTTCCCTAACTGCT,3
AACTTCCCTGACCGCT,3
AACTTCCCTGACTGAT,3
AACTTCCCTGACTGCA,3
AACTTCCCTGGCTGCT,3
AACTTCCGTCGCCCGA,3
AACTTCCTTCGCCTGA,3
AACTTTCCTGACTGCT,3
AAGAAAGAAACTGGAG,3
AAGAAGACTTTGCGAT,3
AAGAAGCCATAGAAGT,3
AAGACTATAGTTGGCA,3
AAGATTGATGGAAGTT,3
AAGCAAATAGACCGAA,3
AAGCCCGTAAGGACTA,3
AAGCGGTGGTGTGATT,3
AAGGCTCTTTTCGTTC,3
AAGGGATTGGAGAAAC,3
AAGGGCGCGCCTTCAA,3
AAGGGGCCTCAGAATG,3
AAGGGGCCTCATAACA,3
AAGGGGCCTCATAACG,3
AAGGGGCCTCATAAGG,3
AAGGGGTCTCATAATG,3
AAGGTACCTATGTAAT,3
AAGGTCCCTATGTGAT,3
AAGGTCCCTATTTAAT,3
AAGGTCTCTATGTAAT,3
AAGGTTGATTGAAGTT,3
AAGTATGATTTTCGAG,3
AAGTATTGCTACACGT,3
AAGTATTGCTACGCAT,3
AAGTGTTGCTACACAT,3
AAGTTAAGAGAAAGCC,3
AAGTTAAGAGAGAGTT,3
AAGTTAAGGGAAAGTT,3
AAGTTAGTAGACCAAC,3
AATAAAACAATCGAAC,3
AATAACTGGCACCCGT,3
AATAAGACTTTGTGAT,3
AATACGAGGCTACGTA,3
AATCACCGAGTGACCG,3
AATCGCAGGCACCCGT,3
AATCGCTCGCACCCGT,3
AATCGCTGGCATCCGT,3
AATGAAACAATCAAAC,3
AATGAAACAATCGAGC,3
AATGAAACAATTGAAC,3
AATGCGAGCATGTCAG,3
AATGCGAGCATGTCGA,3
AATGCGGGCATGTCAA,3
AATGCGTGAGTACTAG,3
AATGGCTGGCACCCGT,3
AATTCGTGAGTAATAG,3
AATTCGTGAGTACCAG,3
AATTCGTGAGTATTAG,3
AATTCGTGATTACTAG,3
AATTGCTGGCACCCGT,3
ACAAAGTCTCGAGAAT,3
ACAAAGTCTCGAGATG,3
ACAACCTGAACCATAC,3
ACAATCTGAACCATCC,3
ACAATCTGAATCATCC,3
ACACGCGTTGGCTGTA,3
ACACGGTTTGGCTGTA,3
ACACGTGTTGGCTGTA,3
ACACTTTCCAATAGGT,3
ACAGGATTCGGGGGAC,3
ACAGGGATTGGCTGTT,3
ACAGTACGATCTACGA,3
ACAGTACGATCTATGC,3
ACAGTCCACCATTTAG,3
ACATTTTCCAATAAGT,3
ACATTTTCCAATAGAC,3
ACATTTTCTAATAGGT,3
ACCAGAAGTCCATGTA,3
ACCAGCAAGGAGTTGT,3
ACCATTTACTGAAGGG,3
ACCCACCGAGTGACCG,3
ACCCCCGGAGCCTGGC,3
ACCGAATCAATCATCC,3
ACCGAATGAATTATCC,3
ACCGATTCAAGAATAA,3
ACCGATTCACGAATGA,3
ACCGATTCGCGAATAA,3
ACCGTTGTACAAACCA,3
ACCGTTGTACACAACA,3
ACCGTTGTACACACAA,3
ACCGTTGTACACACCG,3
ACCTAAAGGATCATGA,3
ACCTATTCACGAATAA,3
ACCTTTGCGCGCAGTC,3
ACGACGAGGCTACGTA,3
ACGCAAATATACCGAA,3
ACGGGGATCGGCTGTT,3
ACGGTGATTGGCTGTT,3
ACGTATGATCTTCGAG,3
ACGTATGATGTTCGAG,3
ACGTATGATTTTCGAT,3
ACGTCCGTTAAGATCA,3
ACTACGAGACTACGTA,3
ACTACGAGGATACGTA,3
ACTACGAGGCTACTTA,3
ACTACGAGTCTACGTA,3
ACTAGATTATAACGTA,3
ACTATGAGGCTACGTA,3
ACTCAAATAGACCGAA,3
ACTCCGGCTCGCTAAT,3
ACTCTGGCTCGCCAAT,3
ACTCTGGCTCTCTAAT,3
ACTGGGATTGGCTGTT,3
ACTGTCTAGAAGTTTT,3
AGAAAACCTCAGATAC,3
AGAAAATCTCAGATGC,3
AGACAATCGCACCCAA,3
AGACCATCACACCCAA,3
AGACCATCGCACCCAT,3
AGACCCATAAGACCCC,3
AGACCCCAGGTCCTTT,3
AGAGCTAAAAAGAGGG,3
AGAGCTCTTTTCGTTC,3
AGATACACCCTATAGT,3
AGATCCCAGGTACTTT,3
AGATTCACAATATCCA,3
AGCACAGGGATATGTG,3
AGCAGAGGGATATGTG,3
AGCATAGGGATAGGTG,3
AGCATAGGGATATATG,3
AGCATAGGGATATGGG,3
AGCATAGGGATGTGTG,3
AGCATCTGACAGATAG,3
AGCCAATGCTGGGGAT,3
AGCCCATGCGGGGGAT,3
AGCCCATGTTGGGGAT,3
AGCGATATCGCCCTTT,3
AGCGTAGGGATATGTG,3
AGCTCCTAGGGTATCA,3
AGCTCCTGGGATATCA,3
AGCTGAATGAAGTATG,3
AGCTGAATTAAGTACG,3
AGCTGAATTGAGTATG,3
AGCTGCGTTCATCGAT,3
AGGAAACATGCATTGG,3
AGGAAAGAAACTGGAT,3
AGGAAAGAAACTGGTG,3
AGGACTATAGTCGGCA,3
AGGAGTATGAAGTGCG,3
AGGCCCGTAAGGACAA,3
AGGCCCGTAAGGACTT,3
AGGCCCGTAGGGACTA,3
AGGGCTAAAAAGAGGA,3
AGGGGGATTGGCTGTT,3
AGGGTCCCTATGTAAT,3
AGGTCCGTAAGGACTA,3
AGGTGGACGGGCACGG,3
AGGTGGACGTGCATGG,3
AGGTGTCTCCGAGCAA,3
AGGTTCAGACTCTTCC,3
AGTAGTATGAAGAGCG,3
AGTATTTGAGCTTCAA,3
AGTATTTGCGATTCAA,3
AGTATTTGCGCTCCAA,3
AGTATTTGCGCTTAAA,3
AGTATTTGCGCTTCGA,3
AGTCCCATAGGCATGG,3
AGTCGTTGAGATAGTT,3
AGTCGTTTAGAGAGTT,3
AGTCGTTTAGATATTT,3
AGTGTCGAATAGGCGA,3
AGTGTCTAGAAATTTT,3
AGTGTTGAAAAGGCGA,3
AGTGTTGGATAGGCGA,3
AGTGTTGGCGTGGTTA,3
AGTGTTGGCTTAGTTA,3
AGTGTTGGGTTGGTTA,3
AGTGTTGGTTTGGTTA,3
AGTGTTGTCTTGGTTA,3
AGTGTTTGCTTGGTTA,3
AGTTAGGGTCTCCCTT,3
AGTTCCATAGGAATGG,3
AGTTCCATATGCATGG,3
AGTTCCGTAGGCATGG,3
AGTTGGGATCTCCCTT,3
AGTTGGGGCCTCCCTT,3
AGTTGGGGTCTCACTT,3
AGTTGGGGTCTCCCAT,3
AGTTGGTGTCTCCCTT,3
AGTTTCAGACTCTTGC,3
ATAAACGCATGTGCCA,3
ATAACCGAGGGCATTG,3
ATAACTGAGGGCGTTG,3
ATAACTGATGGCATTG,3
ATAAGGATAATCGCGC,3
ATAATTTAAGTATCAA,3
ATACAAGAGGTTGTGA,3
ATACAAGCATGTGCCA,3
ATACACGAGGTTGCGA,3
ATACACGCATGTGTCA,3
ATACACGCATGTTCCA,3
ATACACGGGGTTGTGA,3
ATAGAATAGCAAATTA,3
ATAGAATCTCAAATTA,3
ATAGACGAGGTTGTGA,3
ATAGGATATATGACTG,3
ATAGGATATATGGTTG,3
ATATAAAAAACTGAGT,3
ATATAAAAGACTTAGT,3
ATATAATCGCAAATTA,3
ATCAAGTTACGGATGG,3
ATCAATGTCGTAGGAT,3
ATCAGATTATAACGTA,3
ATCAGGATAATCGCTC,3
ATCAGGATAATCTCGC,3
ATCCGATTTAAAGGTA,3
ATCGCATCCTGGAATG,3
ATGAACTTGTCGATAT,3
ATGACGTTTGTGCAAA,3
ATGACTATAGTTGGCA,3
ATGAGGATAATCGCGC,3
ATGGCCCACGGTCATA,3
ATGGGACTGGAGAAAC,3
ATGGGATATATGGCTG,3
ATGGTTTTACGTCCGT,3
ATGGTTTTATGTCCAT,3
ATGGTTTTGCGTCCAT,3
ATGTACCTGCAGTTGA,3
ATGTATGATTTTCGAG,3
ATGTCCATTAAGATCA,3
ATGTTCAGACTCTTGC,3
ATTAGAGCTACGTGAG,3
ATTAGATTATAACGGA,3
ATTAGGACTACGTGAG,3
ATTAGGGCTGCGTGAG,3
ATTAGGTTATAACGTA,3
ATTATCACATCTAATA,3
ATTATCATACCTAATA,3
ATTATTATATCTAATA,3
ATTATTTGCGCTTCAA,3
ATTCCGAAGGGGGTAG,3
ATTCCGAATGGAGTAG,3
ATTCCGAATGGGATAG,3
ATTCCTATCCTCAAAT,3
ATTCGGAATGGGGTAG,3
ATTCTGAATGGGGTAG,3
ATTGCCCACGGGCATA,3
ATTGTTTTACGTCCAT,3
ATTTAAACTCGAGGAC,3
ATTTACTCATTATACT,3
ATTTTTCTATGGATAC,3
ATTTTTCTATGGCTGC,3
ATTTTTCTGTGGCTAC,3
CAAAAAGCCTCCATGA,3
CAAAACCTCGTTGTCT,3
CAAAATCTAAGGCGAC,3
CAAAATCTACGGCAAC,3
CAAACCGCAGACACGT,3
CAAATGCTCCATTAGG,3
CAAATGCTGCGTTAGG,3
CAACATCAGCACCTAG,3
CAACTCCACGGACGCC,3
CAAGGCCGGCGAACTC,3
CAATTAGAAATACACG,3
CAATTAGAAATAGATA,3
CACCATCAGCACCAAG,3
CACCATCAGCACCTAT,3
CACCATCAGCACGTAG,3
CACCATCGGCACCTAG,3
CACCGCGACGAGCACC,3
CACCGCGCAGAGCACC,3
CACCGCGCCAAGCACC,3
CACGGCCAGCGAACTC,3
CACGGCCGGAGAACTC,3
CACGGGCTAATTTCTC,3
CACGGGCTGATGTCTC,3
CACGTCCGGCGAACTC,3
CACTAGATGGACAGTC,3
CACTGGATGTACAGTC,3
CAGAACATCGTTGTCT,3
CAGAACCTCGGTGTCT,3
CAGAACCTCGTTGGCT,3
CAGAACCTCGTTGTCA,3
CAGAACCTCGTTGTCG,3
CAGAACCTCGTTGTTT,3
CAGAACCTGGTTGTCT,3
CAGATAGCGATGAACA,3
CAGATAGTGAGGAACA,3
CAGATAGTGATGAACG,3
CAGATAGTGATGGACA,3
CAGATATTGATGAACA,3
CAGATGCTGCATTAGG,3
CAGGAAATGTAAATGA,3
CAGGAACATACATAAC,3
CAGGCTATAGAGCTCT,3
CAGGCTCCAGAGCTCT,3
CAGGGGTAGAGATACG,3
CATAAAAGAATGTATA,3
CATACAGAGTTTGCTG,3
CATACAGAGTTTGTGG,3
CATACGGAGTTTGTTG,3
CATCGAGACGCGCAAG,3
CATGACCCCCTCCAAC,3
CATGGCCGGCGAACTC,3
CATGGGAATGGCCACT,3
CATGGGAATTGCAACT,3
CATGGTAATTGCCACT,3
CATGTGAACTCGCCCA,3
CATGTGAATTCGCCTA,3
CATGTGAATTCGCTCA,3
CATGTGAATTGCCACT,3
CATGTGGAGCCAAACA,3
CATGTGGAGCCCAGCA,3
CATTAAGAGAAGTGCG,3
CATTGAAACGCGCAAG,3
CATTGAGACACGCAAG,3
CATTGAGACGAGCAAG,3
CATTGAGACGCGCAAC,3
CATTGGGACGCGCAAG,3
CATTTCTGACGAATTG,3
CATTTCTGATGAATCA,3
CATTTCTGATGAATTT,3
CATTTCTGATTAATTG,3
CATTTCTGGTGAATTG,3
CATTTGAATTCGCCCA,3
CCAAAACAAAAAATTA,3
CCAACACAAAAAACTA,3
CCAACACAAAAAGTTA,3
CCAACACAAAGAATTA,3
CCAAGCTTGGCGCAAC,3
CCATGGAACTAACTCC,3
CCCCCGCTGTTTAAAT,3
CCCCTCCACTAAAGTT,3
CCCCTCCTCTAAAGTC,3
CCCCTCCTCTAAATTT,3
CCCGACACCCTTCCGG,3
CCCGGGACCAAAACCG,3
CCCTATGAAACAAGCT,3
CCCTATGAAATAAGCG,3
CCCTCCTCGAGGGTAA,3
CCCTGCCCGGCTCGGG,3
CCCTGCGCGGCTCCGG,3
CCGAACGAAGTAGGAG,3
CCGAACTTGTCGATAT,3
CCGCATTAGCGGGGGG,3
CCGGAACATACATAAC,3
CCGGATAAAGCAGAAC,3
CCGGATAAATCAGGAC,3
CCGGATAAATCGGAAC,3
CCGGATAAGTCAGAAC,3
CCTAACTCTCGCGGCA,3
CCTGAGTTAAGTTGTG,3
CCTGCGTTAAGTTGTG,3
CCTGGATTAAGTTGTG,3
CCTGGGGTAAGTTGTG,3
CCTGGGTTGAGTTGTG,3
CCTTAATGCATTCCCG,3
CCTTAGTCCTCGTATG,3
CCTTATTAGGCGGCAT,3
CCTTGATGCATTTCCG,3
CGAAAAAATTACAAAT,3
CGAAAACATGACAAAT,3
CGAAAACATTACAGAT,3
CGAAACGCGTCCCAGT,3
CGAACCCTAGATGGTA,3
CGAAGACATTACAAAT,3
CGACCTTTACGAAAAA,3
CGAGAACATACATAAC,3
CGAGAACATTACAAAT,3
CGCACTCTACGAGACA,3
CGCACTTCACGAGACA,3
CGCACTTTACGAGACG,3
CGCACTTTACGAGACT,3
CGCAGCATTGGTAGCC,3
CGCAGCATTGGTCACC,3
CGCGAAATGTAAATGA,3
CGCGACACCTTTCCGG,3
CGCGACCCCCTCCAAC,3
CGCGGTGGTCGATCCG,3
CGCTCAGCGATAACGG,3
CGGAAACATACATAAC,3
CGGAACTTATCTGTGG,3
CGGACAGTGTAATCGA,3
CGGACCCTAGACGGTA,3
CGGACCCTAGATAGTT,3
CGGGAAATGTAGATGA,3
CGGGAACACACATAAC,3
CGGGAACATACATAAT,3
CGGGAACATACGTAAC,3
CGGGAAGTGTAAATGA,3
CGGGGAATGTAAATGA,3
CGGGGACAAGATGGTA,3
CGGGGACAAGATTATA,3
CGGGGACAAGATTGTG,3
CGGGTACCCTTCAGCA,3
CGGTAATCTCCCATAC,3
CGGTCAGGACTCATCT,3
CGGTCGGGAATCATCT,3
CGGTCGGGACTCATCA,3
CGGTCGTGACTCATCT,3
CGTACAGAGTTTGTTG,3
CGTACAGGGTAATCGA,3
CGTACAGTCTAATCGA,3
CGTACAGTGTAATGGA,3
CGTACAGTGTGATCGA,3
CGTCCATCTCAGATCG,3
CGTGACCCCCTCAAAC,3
CGTGACCCCCTCCAAA,3
CGTGACCCCCTCCGAC,3
CGTGGACAAGATTGTA,3
CGTGTACCTTTCAGCA,3
CGTGTAGCCTTCAGCA,3
CGTTACCCCCTCCAAC,3
CGTTCAGCGATAACTG,3
CGTTCGGCGATAACGG,3
CTAAAATAATTGGCGC,3
CTAAACTTATCTGTGG,3
CTACCTTAATCTACAG,3
CTACTCCACGGACGCC,3
CTAGCACAACGTAGGC,3
CTAGCACAGCATAGGC,3
CTAGCACAGTGTAGGC,3
CTAGGACAGCGTAGGC,3
CTATAAAACGTTTGTA,3
CTATAAACCTTTTGTA,3
CTATAAACTGTTTGTA,3
CTATAATGCCCGGAAG,3
CTATACTGCCCGGAAG,3
CTATATTGCCCGCAAG,3
CTATATTGCCCGGAAT,3
CTATATTGCCCGGATG,3
CTATATTGCTCGGAAG,3
CTATATTGGCCGGAAG,3
CTATCTTAATCCACAG,3
CTATCTTAATCTACAC,3
CTATCTTAATCTGCAG,3
CTATCTTAATTTACAG,3
CTATCTTAGTCTACAG,3
CTATTACGCTCCTACG,3
CTATTGAACAGACGTA,3
CTATTTAACAGACATA,3
CTCAATGTCGTAGTAT,3
CTCAATTTCGTAGGAT,3
CTCATCAAGTTGGTGC,3
CTCCTAGGGGATGATT,3
CTCTGCGCGGCTCGGG,3
CTGAACTTATCTGTCG,3
CTGAACTTATTTGTGG,3
CTGAACTTGTAGATAT,3
CTGAACTTGTCGATGT,3
CTGAAGGATTCAACTC,3
CTGAAGTTATCTGTGG,3
CTGACAGAATACTAGA,3
CTGAGCTGCCAATAAC,3
CTGAGGGATGCAACTC,3
CTGAGGGATTCAACGC,3
CTGAGGGATTCAATTC,3
CTGAGGGATTCGACTC,3
CTGCACCTGCAGTTGA,3
CTGGAAATGTAAATGA,3
CTGGACTTATCTGTGG,3
CTGGAGGCCTGGACCC,3
CTGGGCTGCCAATAAG,3
CTGTAACTGCAGTTGA,3
CTGTACCGGCAGTTGA,3
CTGTATCAGTCGCGCC,3
CTGTATTGCCCGGAAG,3
CTGTCTTAATCTACAG,3
CTTAAAGAATACTAGA,3
CTTACAGAATAATAGA,3
CTTACAGAATACCAGA,3
CTTACAGAATATTAGA,3
CTTACTGCGAGAGAGT,3
CTTACTGCGCGAGGGT,3
CTTACTTCGCGAGAGT,3
CTTAGGTACTACATGC,3
CTTAGGTATTATACGC,3
CTTAGGTATTATGTGC,3
CTTAGGTATTGTATGC,3
CTTCAGCGTTGTTTTG,3
CTTCTAGGGGACGATT,3
CTTGGGCTCTTGATTA,3
CTTGGGTATTATATGC,3
CTTGGGTTAAGTTGTG,3
CTTTTCTAGTACACTT,3
CTTTTCTAGTAGGCTT,3
GAAAAAACTATAACCA,3
GAAAGCACCGTGCAAT,3
GAAAGCCCCGTGCAAG,3
GAAAGCCCCGTGCACT,3
GAAAGCCCCGTGTAAT,3
GAAAGCTGCAGAAGCG,3
GAAAGTACCTATGATG,3
GAAAGTCCATATGATG,3
GAAATACCCAAATAAC,3
GAAATCCCCAAATAAT,3
GAAATTCCCTATGATG,3
GAAGAAACTATAGCCA,3
GAAGAATAGAACAGAG,3
GAAGGAACTATAACCA,3
GAAGTACGTATTGAGT,3
GAAGTGCGTAGTGAGT,3
GAAGTGCGTATCGAGT,3
GAAGTGCTGCTGAATT,3
GAAGTGCTTATTGAGT,3
GAAGTTCTGCTGAAGT,3
GAATAATAGGACAGAG,3
GAATCCTCAACTCCTA,3
GAATTGCGTATTGAGT,3
GACAAAAGGGACATGT,3
GACAAAAGGGACGTAT,3
GACCCATTGTAAGATG,3
GACCCCTTGTAAGAGG,3
GACCCCTTGTAAGGTG,3
GACCCCTTGTAATATG,3
GACGGCGTTAGTGTCA,3
GACGGGATGAGCACGT,3
GACGGGATGGGCACTT,3
GACGGGATGGGGACGT,3
GACGGGATTGGCACGT,3
GAGAACTGCAGAAGCG,3
GAGCGGTGATGTGATT,3
GAGCTTGATATGGATC,3
GAGCTTGCTATGGAGC,3
GAGCTTGCTATTGATC,3
GAGGAGTAGAGATACG,3
GAGGGCTAGAGATACG,3
GAGGGCTGCAGAAGCG,3
GAGGGGATACTTCACC,3
GAGGGGCCTCATAATG,3
GAGGGGTAAAGATACG,3
GAGGTGCGTATTGAGT,3
GAGGTGCTGCTGAAGT,3
GATCACGCAGAAAAAT,3
GATCACGCAGAGAAAG,3
GATCGCAATCGACTTC,3
GATCGCCACTGAGAAG,3
GATCGCCACTTATAAG,3
GATCTTGCTATGGATC,3
GATCTTGGGGAGAGGC,3
GATGCGAGCATGTCAA,3
GATGTGAATTCGCCCA,3
GATTAAGATGCCCACC,3
GATTCAGATGCCAACC,3
GATTCAGATGCCCAAC,3
GATTCAGATGCCCACG,3
GCAAACAGTCTAGTTG,3
GCAAACAGTGCAGTTG,3
GCAAACAGTGTAGGTG,3
GCAAGCAGTGTAGTTG,3
GCAAGCTTGGCGCATC,3
GCAATCGGGGGCTAAA,3
GCAATTCGCATGCGGA,3
GCACCCAGTTCCTGCG,3
GCAGCATGCCGGTCAT,3
GCAGCGTGCAGGTCAT,3
GCAGCGTGCCGGGCAT,3
GCAGCGTGCCGTTCAT,3
GCAGCGTGCTGGTCAT,3
GCAGCTTGCCGGTCAT,3
GCATACTCAACTCCTA,3
GCATAGAACTAACTCC,3
GCATCCTCAAATCCTA,3
GCATCCTCAACCCCTA,3
GCATCCTCAACTCCAA,3
GCATCCTCAACTCCTT,3
GCATCTTCAACTCCTA,3
GCATGGAACTAACACC,3
GCCAGCTAGTATCCCT,3
GCCAGTTCGTATCCCT,3
GCCATCTCGTATCCCT,3
GCCATTTAATGAAGGG,3
GCCATTTACTGAAAGG,3
GCCCCCGGAGCTTGGC,3
GCCCTTGCGCGCAGTC,3
GCCGATTCACGAATAA,3
GCCGCTGCGGTGTGTG,3
GCCGGCGTTATTGTCA,3
GCCGGCTCGTATCCCT,3
GCCGTTGTACACACCA,3
GCCTAAAGGATCACGA,3
GCCTAAAGGATCATTA,3
GCCTAAAGTATCATGA,3
GCCTAAGGGATCATGA,3
GCCTCTGCGCGCAGTC,3
GCCTTTGCGTGCAGTC,3
GCCTTTTCGCGCAGTC,3
GCGAAGTTTCATGGCG,3
GCGGTATCAAGCCGGG,3
GCGTGGAACTAACTCC,3
GCTGGGTTAAGTTGTG,3
GGAAGCCCCGTGCAAT,3
GGAGAAACTATAACCA,3
GGAGTGCGTATTGAGT,3
GGATCCTCAACTCCTA,3
GGGACTATAGTTGGCA,3
GGTAAACATGCATTGG,3
GGTACAGTGTAATCGA,3
GGTCCATCGCAGATCG,3
GGTCCATTTCAGATCG,3
GGTCCGTCTCAGATCG,3
GGTCTTGGGGAGAGTC,3
GGTGTACCCTTCAGCA,3
GGTGTTGAATAGGCGA,3
GTAAAACTGCGGCCCC,3
GTAAGCAAAGGTGACC,3
GTAAGCAAAGTTAACC,3
GTAAGCAAAGTTGACG,3
GTAATTCGCATACGGA,3
GTAATTCGCATGCGGT,3
GTAATTCGCATGGGGA,3
GTAATTCGCATGTGGA,3
GTACAAACTTGCAAAT,3
GTACCCAGTTCCGGCG,3
GTACCGAGTTCCTGCG,3
GTACCTAGTTCCTGCG,3
GTAGAACTGCGACCCC,3
GTAGAGACTAGGACCA,3
GTAGGTACTAGGACCA,3
GTCAAGGTACGGATGG,3
GTCAAGTTACGGAAAG,3
GTCAAGTTACGGATGT,3
GTCAAGTTACGTATGG,3
GTCAAGTTGCGGATGG,3
GTCCCCGCTAATCCGA,3
GTCGCATCCTCGAATG,3
GTGAACGAGAAAAGCA,3
GTGAGAGAGAAAAGCA,3
GTGAGATTATAACGTA,3
GTGAGCGAGAAAAGCG,3
GTGAGCGAGAAGAGCA,3
GTGAGCGAGAGAAGCA,3
GTGAGCTTCATGGAGT,3
GTGCGATTGGCCGGAA,3
GTGCGATTGTCCCGAA,3
GTGCGATTGTCCGAAA,3
GTGCGATTGTCCGCAA,3
GTGGTATCAAGCCGGA,3
GTGTACCTGCAGTTGA,3
GTTAAGTTACGGATGG,3
GTTAGGTATTATATGC,3
GTTATTACGACTTCAT,3
GTTGCTACGACACGCC,3
GTTGCTCCAACACGCC,3
GTTGCTCTGACACGCC,3
GTTTAACTTTGGAAGC,3
TAAAAAGTCTCCATGA,3
TAAAAGGCCTCCATGA,3
TAAAGCCCCGTGCAAT,3
TAAAGTCCCTATGATG,3
TAAATCGGGGGCTAAA,3
TAACCCATAAGACCCC,3
TAACGTGATTCCTCGA,3
TAACGTGGTTTCTCGA,3
TAACTGCTGCGGAACG,3
TAAGTGCGTATTGAGT,3
TAATAAGCAAGCAAGA,3
TAATAAGCCAGCGAGA,3
TAATAGGCCAGCAAGA,3
TAATGAGCCAGCAAGA,3
TACATACCGACGCAGC,3
TACATACCGACGCAGG,3
TACATGCTGCGGAACG,3
TACCAATGTAATTTGA,3
TACCATTGTCGGAAAG,3
TACCCTGCAAACCACT,3
TACCCTGCAAGCTACT,3
TACCTGCTGCGGAAAG,3
TACCTGCTGCGGAACT,3
TACCTGCTGCGGAGCG,3
TACCTGCTGCGGGACG,3
TACCTGTTGCGGAACG,3
TACCTTGCAAGCCACT,3
TACGCTGCAAGCCACT,3
TACTAATACCGTTGTC,3
TACTAATGCCATTGTC,3
TACTAATGCCGTTATC,3
TACTCTGCAAGCCACT,3
TACTGATAACCATGCG,3
TACTGATGACCCTGCG,3
TACTGATGCCGTTGTC,3
TACTGGCAATAAAATC,3
TAGCATTGTCCGAAAG,3
TAGCATTGTCGGAAAT,3
TAGCATTTTCGGAAAG,3
TAGCGTTGTCGGAAAG,3
TAGCTGATAGTAAATC,3
TAGGGGATACGTCACC,3
TAGTATTGTCGGAAAG,3
TATAAAAGACTGTATA,3
TATATTAGTAAAATAA,3
TATATTAGTAACGTAA,3
TATATTAGTAGCATAA,3
TATATTCACGGAGGAT,3
TATCCTGCAAGCCACT,3
TATCGCTGGCACCCGT,3
TATGGAAACGATCCCC,3
TATGTGAATTCGCCCA,3
TATTAAGAGAAATGCG,3
TATTAAGAGAAGTTCG,3
TATTAAGAGAATTGCG,3
TATTAAGAGAGGTGCG,3
TATTAAGAGGAGTGCG,3
TATTCAGATGCCCACC,3
TATTGACATAGCGATG,3
TCAATCGGGGGCTAGA,3
TCAATCGGGGTCTAAA,3
TCACGACTCGACTAAA,3
TCACGGGTGTACGAGA,3
TCATCCGTTGGGAACT,3
TCATCGCACTACTGCT,3
TCATGGGTGTATGAGA,3
TCATGGGTTTACGAGA,3
TCATGTGTGTACGAGA,3
TCCACACCCATAGCTA,3
TCCAGCACGGTAAGAG,3
TCCGGAAACGATCCCC,3
TCCTAAAGGATCATGA,3
TCGAACGAAGCAGGAG,3
TCGAACGAGGTAGGAG,3
TCGAGCGCGGTAAGAG,3
TCGAGTCAATATGCGC,3
TCGAGTTAATATGAGC,3
TCGAGTTAATATGTGC,3
TCGATGACTAGCCGGA,3
TCGATTACTAGCCGGT,3
TCGATTACTAGGCGGA,3
TCGATTACTGGCCGGA,3
TCGCTTCAAATAAAAA,3
TCGCTTCAACTAAAGA,3
TCGCTTCAACTAAGAA,3
TCGCTTCAACTAGAAA,3
TCGTATCAGTCGCGCC,3
TCGTCCGTGGGGAACT,3
TCGTCCGTTGGAAACT,3
TCGTCCGTTGGGAACG,3
TCGTCGCACTACCGCT,3
TCGTCGCACTACTGCA,3
TCGTCTCACTACTGCT,3
TCGTTCGTTGGGAACT,3
TCTAACCCTCGCGGCA,3
TCTCAGCTCTTAGCAG,3
TCTCAGCTCTTAGTCG,3
TCTCAGTCCTCGTATG,3
TCTGACTCTCGCGGCA,3
TCTGGAAACGATCCCT,3
TCTGGAAACTATCCCC,3
TCTTAACATAGCGATG,3
TCTTAGAGTGAACGAC,3
TCTTAGAGTGAACTAT,3
TCTTAGAGTTAACGAT,3
TCTTAGTCCGCGTATG,3
TCTTAGTCCTCATATG,3
TCTTAGTCCTCGCATG,3
TCTTAGTCCTCGTATT,3
TCTTATGAGGCGGCAT,3
TCTTATTAGGCGGCGT,3
TCTTGACAGAGCGATG,3
TCTTGACATAGCCATG,3
TCTTGACATAGCGTTG,3
TCTTGACATATCGATG,3
TCTTGATATAGCGATG,3
TCTTGGAGTGAACGAT,3
TCTTGTTAGGCGGCAT,3
TCTTTACCACTGCATT,3
TCTTTACCACTGCGTC,3
TGAAACACGTCCCAGT,3
TGAGTTAATAGCTCCA,3
TGAGTTCATAGCCCCA,3
TGAGTTCATATCTCCA,3
TGATCTGCGACATTGC,3
TGATCTTTGACATTGC,3
TGATCTTTTACAGTTA,3
TGATCTTTTACATTTG,3
TGATCTTTTGCATTTA,3
TGCACTTTACGAGACA,3
TGCAGCGGTATACATA,3
TGCAGTAGTATACATA,3
TGCAGTGGTGTACATA,3
TGCAGTTGTATACATA,3
TGCCCGGATAAAGTAG,3
TGCGGTAGTCGATCCG,3
TGCGGTGGTCAATCCG,3
TGCGGTGGTGGATCCG,3
TGCGGTTGTCGATCCG,3
TGCGTTGGTCGATCCG,3
TGCTACTCCGGCGCGG,3
TGCTATTCCGGCGTGG,3
TGCTGAGCCAGTCTGA,3
TGCTGTGGTCGATCCG,3
TGGAACCGTCACCGAT,3
TGGAATCGTCACCGTT,3
TGGAATTGTCACCGAT,3
TGGACTATAGTTGGCA,3
TGGCCCGCTTCATGCT,3
TGGCTCCTGAGTAGTA,3
TGGGAATCTCCCATAC,3
TGGTCCGCTTAATGCT,3
TGGTCCGCTTCATGCA,3
TGTAATAAGCGTCACA,3
TGTAATAGGTGTCACA,3
TGTACAGTGTAATCGA,3
TGTCCGGATAAAGGAG,3
TGTCCGGATAAGGTAG,3
TGTGGAGCGCCCTTGC,3
TGTGGTGGTCGATCCG,3
TGTTAACTTTGGAAGC,3
TGTTATTCCGGCGCGG,3
TGTTCCGCTTCATGCT,3
TGTTGAGCCAGTCTGG,3
TGTTGAGCCATTCTGA,3
TGTTGTAATCTTAATA,3
TGTTTTAATCTGAATA,3
TTAATGTAGCCGATCC,3
TTACCAATTTGATTCC,3
TTACGAATCTGATTCC,3
TTAGATACTAGGACCA,3
TTAGGGAACGGGAAGC,3
TTATCTTTTACATTTA,3
TTATGAATTTGATTCC,3
TTCAGTGGTATACATA,3
TTCATCAGGTTGGTGC,3
TTCCACAGAACCTATC,3
TTCGGGAACGGGAAGC,3
TTCTATCAGTCGCGCC,3
TTCTGTCCAGACTTGT,3
TTGAAAAAGTCATAAA,3
TTGAAGAAATCATAAA,3
TTGAATCACCGAATAA,3
TTGACTCACCTAATAA,3
TTGCATCAGTCGCGCC,3
TTGCCCCTGAGTAGTA,3
TTGCTCCTGAGTAATA,3
TTGGGAACTAAATTAA,3
TTGGGCACAAAATTAA,3
TTTAATAGGCGTCACA,3
TTTAGGTATTATATGC,3
TTTATATCCAACACGA,3
TTTATATCCAACATCA,3
TTTATATCCAACGCCA,3
TTTATATCCAATACCA,3
TTTATATCCGACACCA,3
TTTATATCTAGATTCA,3
TTTATATTGAGATTCA,3
TTTCAATTGAAACATA,3
TTTCAGCATTGTTTTG,3
TTTCAGCGTTGTGTTG,3
TTTCAGCGTTGTTGTG,3
TTTCGTGATAATCACA,3
TTTCGTGATACCCACA,3
TTTCGTGATACTCAAA,3
TTTCGTGATACTCGCA,3
TTTGGAGCGCCCTTAC,3
TTTGTATCGAGATTCA,3
AAAAAAATTATGACAA,2
AAAAAAGCCTCCATGA,2
AAAAAATTCATGACAA,2
AAAAAATTTATGGAAA,2
AAAAGATTCGGGGGAC,2
AAACCCAGAAGACCCC,2
AAACCCATAAGACGCC,2
AAACCCATACGACCCC,2
AAACCCATCAGACCCC,2
AAACGTACCGCGTTTA,2
AAACTCATAAGACCCC,2
AAAGACCCTTAACTCT,2
AAAGACCTTTAACTCA,2
AAAGCCCTTTTCGTTC,2
AAAGCCGCGCCTTCAA,2
AAAGCTCTTCTCGTTC,2
AAAGCTCTTTCCGTTC,2
AAAGCTCTTTTCATTC,2
AAAGGCACGCCTTCAA,2
AAAGGCGCGCCTTCAT,2
AAAGGGCCTCATAATG,2
AAAGTGCGTATTGAGT,2
AAATAATAGAACAGAG,2
AAATCCACAATATCCA,2
AAATCCATAAGACCCC,2
AAATGTTTAAGAGACG,2
AAATTCACAATATTCA,2
AAATTCACAGTATCCA,2
AAATTCACGATATCCA,2
AACAAAAGTCCATGTA,2
AACACATAGAACCGCC,2
AACACGGAGAACCGCC,2
AACACGTAGAACCGTC,2
AACACGTAGAGCCGCC,2
AACACGTAGGACCGCC,2
AACAGAAATCCATGTA,2
AACAGAAGTCCATCTA,2
AACAGAAGTCCATGTT,2
AACAGAAGTCCGTGTA,2
AACAGAAGTCGATGTA,2
AACAGACAATAAAAAA,2
AACAGTACCGCGTTTA,2
AACATACCGACGCAGT,2
AACCATCAGCACCTAG,2
AACCATCGAGTGACCG,2
AACCGTACCGCTTTTA,2
AACCTAAGAGACGTAA,2
AACCTACGAGACGTAG,2
AACCTACGAGACGTAT,2
AACCTACGAGACGTGA,2
AACCTGCGAGACGTAA,2
AACGAAACAATCGAAC,2
AACGACAAACACTAAG,2
AACGCTTCCGACTAAG,2
AACGGAAGTTGCCAAG,2
AACGGCCGGCGAACTC,2
AACGGGCTAATGTCTC,2
AACGGTTCCCACTAAG,2
AACGGTTCCGACTATG,2
AACGGTTCCGATTAAG,2
AACTCGTGAGTACTAG,2
AACTGAATTAAGTATG,2
AACTGCCTTCATCGAT,2
AACTGCGCGGCTCGGG,2
AACTGCGTTCATAGAT,2
AACTGCGTTCATCGAA,2
AACTGCGTTCATCGCT,2
AACTGCGTTCATCGGT,2
AACTGCGTTCGTCGAT,2
AACTGCTTTCATCGAT,2
AACTTCCATGACTGCT,2
AACTTCCCTGACGGCT,2
AACTTCCCTGACTCCT,2
AACTTCCCTGACTGCG,2
AAGAACACTTTGTGAT,2
AAGAAGATATAGAAGT,2
AAGAAGCTATAGAAAT,2
AAGAAGCTATAGGAGT,2
AAGAAGCTATATAAGT,2
AAGAAGGCTTTGTGAT,2
AAGAAGTTATAGAAGT,2
AAGAATACTTTGTGAT,2
AAGATCGATTGAAGTT,2
AAGATTGACTGAAGTT,2
AAGATTGATCGAAGTT,2
AAGATTGATTGAAGGT,2
AAGATTGATTGAAGTC,2
AAGATTGATTGAGGTT,2
AAGATTGATTTAAGTT,2
AAGCAGTGATGTGATT,2
AAGCATTGTCGGAAAG,2
AAGCCCAGCGGGTTAT,2
AAGCCCATCGGGTGAT,2
AAGCGGGGAGGGGATT,2
AAGCGGTGATGCGATT,2
AAGCGGTGATGTGGTT,2
AAGCGTTGATGTGATT,2
AAGGAAACAATCGAAC,2
AAGGAGCTATAGAAGT,2
AAGGCGAGCATGTCAA,2
AAGGGGCCTCATAATA,2
AAGGGGCCTCATAATT,2
AAGGTAGTAGACCCAC,2
AAGGTCCCGATGTAAT,2
AAGTATTGATACACAT,2
AAGTATTGCGACACAT,2
AAGTATTGCTAAACAT,2
AAGTATTGCTACAAAT,2
AAGTCAAGAGAAAGTT,2
AAGTCAGTAGACCCAC,2
AAGTGAGTAGACCCAC,2
AAGTGGCCTCATAATG,2
AAGTTAAGAGAAAGGT,2
AAGTTAAGAGAACGTT,2
AAGTTAAGAGAAGGTT,2
AAGTTAATAGAAAGTT,2
AAGTTAGGAGAAAGTT,2
AAGTTAGTAGAACCAC,2
AAGTTAGTAGACCCAA,2
AAGTTAGTAGACCCGC,2
AAGTTAGTAGACCCTC,2
AAGTTAGTAGAGCCAC,2
AAGTTAGTAGATCCAC,2
AAGTTAGTATACCCAC,2
AATAGAAGTCCATGTA,2
AATATTGATTGAAGTT,2
AATCAAACAATCGAAC,2
AATCACGCAGAAAAAG,2
AATCCGAGCATGTCAA,2
AATCGCTAGCACCCGT,2
AATCGCTGCCACCCGT,2
AATCGGTGGCACCCGT,2
AATCTGGCTCGCTAAT,2
AATGAAACAATCCAAC,2
AATGAAACAATCGGAC,2
AATGAAACAATCGTAC,2
AATGAAACAGTCGAAC,2
AATGCGAGCATATCAA,2
AATGCGAGCATCTCAA,2
AATGCGAGCATGTCAT,2
AATGTGAATTCGCCCA,2
AATGTTGAATAGGCGA,2
AATTATTGCTACACAT,2
AATTCGTGAGCACTAG,2
AATTCTTGAGTACTAG,2
AATTGAAAGTCATACC,2
AATTGAACGGCATACC,2
AATTGGACGTCATACC,2
AATTTAAGAGAAAGTT,2
AATTTAGTAGACCCAC,2
AATTTCCCTGACTGCT,2
AATTTGTGAGTACTAG,2
ACAAAATTCGGGGGAC,2
ACAAAGTCTCGAGAGG,2
ACAAAGTCTTGAGAAG,2
ACAACAGTCCTAGCAA,2
ACAACGTTTGTGCAAA,2
ACAAGATTCCGGGGAC,2
ACAAGATTCGGGGAAC,2
ACAAGATTCGGGGGTC,2
ACAAGATTCGGGTGAC,2
ACAAGGTTCGGGGGAC,2
ACAATATTCGGGGGAC,2
ACAATCGGGGGCTAAA,2
ACAATCTAAACCATAC,2
ACAATCTCAACCATAC,2
ACAATCTGAACCAGAC,2
ACAATCTGAACTATAC,2
ACAATGTGAACCATAC,2
ACACACGAGGTTGTGA,2
ACACCCGGAGCTTGGC,2
ACACCGGTTGGCTGTA,2
ACACGATTCGGGGGAC,2
ACACGGGGTGGCTGTA,2
ACACGGGTGTACGAGA,2
ACACGGGTTGGCTGGA,2
ACACGGGTTGGGTGTA,2
ACAGCCCACCATTGAG,2
ACAGTACACCATTGAG,2
ACAGTACGGTCTACGC,2
ACAGTCCACCATTAAG,2
ACAGTCCACCATTGAT,2
ACAGTCCACCATTGTG,2
ACAGTCCGCCATTGAG,2
ACAGTTGTACACACCA,2
ACATTACGATCTACGC,2
ACATTCTCCAATAGGT,2
ACATTTTCCAATAGCT,2
ACATTTTCCAATAGGG,2
ACATTTTCCAATAGTT,2
ACATTTTCCAATGGGT,2
ACCAGCAATCAGTTGT,2
ACCAGCAATGAGTTGA,2
ACCAGCGTGGCGCATC,2
ACCATAGGGATATGTG,2
ACCCCAGGAGCTTGGC,2
ACCCCCGCAGCTTGGC,2
ACCCCCGGAGCTTTGC,2
ACCCCCGGAGTTTGGC,2
ACCCTCGGAGCTTGGC,2
ACCGAATGAAGCATCC,2
ACCGAATGAATCAGCC,2
ACCGACTCACGAATAA,2
ACCGAGTGAATCATCC,2
ACCGATCCACGAATAA,2
ACCGATTTACGAATAA,2
ACCGCTGTACACACCA,2
ACCGGGATTGGCTGTT,2
ACCGTTATACACACCA,2
ACCGTTGTACACACCC,2
ACCGTTGTACACGCCA,2
ACCGTTGTATACACCA,2
ACCTATGATTTTCGAG,2
ACCTGTCTCCGAGCAA,2
ACCTTTACGGATCTCT,2
ACGAGATTCGGGGGAC,2
ACGCAAATAGACCGTA,2
ACGCAAATAGGCCGAA,2
ACGCAAGTAGACCGAA,2
ACGCATTAGCGGGAGG,2
ACGGAATGAATCATCC,2
ACGGAGATTGGCTGTT,2
ACGGCGATTGGCTGTT,2
ACGGGATTGGAGAAAC,2
ACGGGGATTGGCTGTG,2
ACGGGGATTGGTTGTT,2
ACGGGGATTGTCTGTT,2
ACGGGGCCTCATAATG,2
ACGGGTCTCCGAGCAA,2
ACGTACGATTTTCGAG,2
ACGTATGACTTTCGAG,2
ACGTCCACTAAGATCA,2
ACGTCCAGTAAGATCA,2
ACGTCCATAAAGATCA,2
ACGTCCATCAAGATCA,2
ACGTCCATTAAGAGCA,2
ACGTCCATTAAGATCT,2
ACGTCTCTCCGAGCAA,2
ACGTGCCTCCGAGCAA,2
ACGTGTCTCCCAGCAA,2
ACGTGTCTCCGAGCAG,2
ACGTGTGATTTTCGAG,2
ACGTGTGTCCGAGCAA,2
ACTACAAGGCTACGTA,2
ACTACGAGGCTACGTG,2
ACTACGAGGCTATGTA,2
ACTAGGAGGCTACGTA,2
ACTATCTAGAAATTTT,2
ACTATGGCTCGCTAAT,2
ACTCTCTAGAAATTTT,2
ACTCTGGCCCGCTAAT,2
ACTCTGGCTCACTAAT,2
ACTCTGGCTCGCAAAT,2
ACTCTGGCTCGCGAAT,2
ACTGACTAGAAATTTT,2
ACTGCGAGGCTACGTA,2
ACTGTCCACCATTGAG,2
ACTGTCTAGAAATGTT,2
ACTTCCATAGGCATGG,2
AGAAAATCTCAAATAC,2
AGAAAATCTCAGATCG,2
AGAAACACGTCCCAGT,2
AGACCATCGCACCCAG,2
AGACCCACCCTATAGT,2
AGACTCCACGGACGCC,2
AGAGCTAAAAAGGGGA,2
AGAGGCGCGCCTTCAA,2
AGATAAAAAACTTAGT,2
AGATCAACCCTATAGT,2
AGATCATGGGGTATCA,2
AGATCCACCCTAGAGT,2
AGATCCACCCTATAAC,2
AGATCCACCCTATAAT,2
AGATCCCAGATCCTTT,2
AGATCCCAGGTCCTGT,2
AGATCCCAGGTCCTTC,2
AGATCCCAGGTTGTGA,2
AGATCCGAGGTCCTTT,2
AGATCTCAGGTCCTTT,2
AGATCTTTACGAAAAA,2
AGCACATGCTGGGGAT,2
AGCACTTTACGAGACA,2
AGCAGCAATGAGTTGT,2
AGCATAGCGATATGTG,2
AGCATAGGGACATGTG,2
AGCATAGGGATATGTC,2
AGCATTTGCGCTTCAA,2
AGCCCATGCTGGGTAT,2
AGCCCATGCTGGTGAT,2
AGCCGAATTAAGTATG,2
AGCGTCTAACAGATAG,2
AGCTCCTGCGGTATCA,2
AGCTCCTGGGGGATCA,2
AGCTCCTGGGGTATCC,2
AGCTGAATCAAGTATG,2
AGCTGAATTAAGTAGG,2
AGCTGAATTAAGTATA,2
AGCTGAATTAAGTATT,2
AGCTGAGTTAAGTATG,2
AGCTTCTGGGGTATCA,2
AGGAAAAAAACTGGAG,2
AGGAAAGAAACCGGAG,2
AGGAAAGAAACTGTAG,2
AGGAAAGAAAGTGGAG,2
AGGAAAGAAGCTGGAG,2
AGGAAAGAGACTGGAG,2
AGGAAAGGAACTGGAG,2
AGGAAGCTATAGAAGT,2
AGGACTACAGTTGGCA,2
AGGACTATAGTTCGCA,2
AGGAGAGAAACTGGAG,2
AGGAGTATGAATAGCG,2
AGGAGTATGGAGAGCG,2
AGGCCATCGCACCCAA,2
AGGCCCATAAGGACTA,2
AGGCCCGTAATGACTA,2
AGGCCCTTAAGGACTA,2
AGGCGCGTAAGGACTA,2
AGGGGATTGGAGAAAC,2
AGGGGGGGTCTCCCTT,2
AGGTACCTGCAGTTGA,2
AGGTATGATTTTCGAG,2
AGGTATTGCTACACAT,2
AGGTCCCAGGTCCTTT,2
AGGTGGACGGGAATGG,2
AGGTGGACGGGCAGGG,2
AGGTGGATGGGCATGG,2
AGGTGTATGAAGAGCG,2
AGGTTCAGACTCGTGC,2
AGGTTCAGACTCTCGC,2
AGGTTCAGACTGTTGC,2
AGGTTCAGACTTTTGC,2
AGGTTCAGGCTCTTGC,2
AGGTTCTGACTCTTGC,2
AGTAAAAATGCATTGG,2
AGTAAACATGCATTAA,2
AGTAAACATGCATTCG,2
AGTAAACATGTATTGG,2
AGTACGAGGCTACGTA,2
AGTATAGGGATATGTG,2
AGTATCTAACAGATAG,2
AGTATTCGCGCTTCAA,2
AGTATTTGCACTTCAA,2
AGTCGTTCAGATAGTT,2
AGTCGTTTAGATGGTT,2
AGTGCGAGCATGTCAA,2
AGTGTTCGCTTGGTTA,2
AGTGTTGAACAGGCGA,2
AGTGTTGAATAGGGGA,2
AGTGTTGGCCTGGTTA,2
AGTGTTGGCTTGGGTA,2
AGTGTTGGCTTGGTGA,2
AGTGTTGGCTTGGTTG,2
AGTTACATAGGCATGG,2
AGTTCCATAGGCATAG,2
AGTTCCATAGGCATGC,2
AGTTCCATAGGCATGT,2
AGTTCGGGTCTCCCTT,2
AGTTGAATTAAGTATG,2
AGTTGGGGTCTCCCTG,2
AGTTGGGGTCTCCTTT,2
AGTTGGGGTCTTCCTT,2
AGTTTCATAGGCATGG,2
AGTTTTTATAACTTAC,2
ATAAAATCGCAAATTA,2
ATAAATGAGGGCATTG,2
ATAACATTTGTGCAAA,2
ATAACGGTTGTGCAAA,2
ATAACGTCTGTGCAAA,2
ATAACGTTTATGCAAA,2
ATAACGTTTGTGCAAC,2
ATAACGTTTGTGCAAG,2
ATAACTGAAGGCATTG,2
ATAACTGAGAGCATTG,2
ATAACTGAGGACATTG,2
ATAACTGAGGGCATGG,2
ATAACTGAGGGTATTG,2
ATAACTGAGGTCATTG,2
ATAACTGGGGGCATTG,2
ATAACTGTGGGCATTG,2
ATAACTTAGGGCATTG,2
ATAAGATATATGGCTG,2
ATAATCTGAACCATAC,2
ATAATTGAGGGCATTG,2
ATACACGAGGCTGTGA,2
ATACACGAGGTTGGGA,2
ATACACGAGGTTGTGG,2
ATACACGAGGTTGTTA,2
ATACACGAGTTTGTGA,2
ATACACGATGTTGTGA,2
ATACACGCATGTACCA,2
ATACACGCATGTGACA,2
ATACACGCATGTGCAA,2
ATACACGCATGTGCCT,2
ATACACGCATGTGCGA,2
ATACACGTATGTGCCA,2
ATACACTCATGTGCCA,2
ATAGAAAATTATCCGA,2
ATAGAAAATTATCTGC,2
ATAGAAAATTGTCCGC,2
ATAGAATCGCAAATGA,2
ATAGAATCGCAGATTA,2
ATAGCGTTTGTGCAAA,2
ATAGGAAATTATCCGC,2
ATAGGATATACGGCTG,2
ATAGGATATATGGCTT,2
ATAGGATTGGAGAAAC,2
ATAGGGTATATGGCTG,2
ATATAAAAAACTTAAC,2
ATATAAACCGTTTGTA,2
ATATAAAGAACTTAGT,2
ATCAGCAATGAGTTGT,2
ATCAGGATAATCGAGC,2
ATCAGGATAATCGTGC,2
ATCAGTATAATCGCGC,2
ATCCGATTTAAAGACA,2
ATCCGATTTAAATGCA,2
ATCCGATTTAAGGGCA,2
ATCCGATTTAGAGGCA,2
ATCCTAGGGGACGATT,2
ATCGACATCGCCCTTT,2
ATGAGTATGAAGAGCG,2
ATGCACGAGGTTGTGA,2
ATGCACGCATGTGCCA,2
ATGCATCCTAGTGACG,2
ATGCCCGTAAGGACTA,2
ATGCCGAATGGGGTAG,2
ATGGCCCACAGGCATA,2
ATGGCCCACGGGCAGA,2
ATGGCCCACGGGCATG,2
ATGGCCCACGTGCATA,2
ATGGCTTTACGTCCAT,2
ATGGGATTAGAGAAAC,2
ATGGGATTGTCCGGAA,2
ATGGGGCCTCATAATG,2
ATGGTCTTACGTCCAT,2
ATGGTTCTACGTCCAT,2
ATGGTTTTACGTCGAT,2
ATGTATAAGTCGCGCC,2
ATGTTTTTACGTCCAT,2
ATTACTGCGCGAGAGT,2
ATTAGATGATAACGTA,2
ATTAGATTATAACCTA,2
ATTAGATTATAACGTT,2
ATTAGATTATAAGGTA,2
ATTAGATTCGGGGGAC,2
ATTAGCATATCTAATA,2
ATTAGGATAATCGCGC,2
ATTAGGGCCACGTGAG,2
ATTAGGGCTACGTGAT,2
ATTAGGGCTATGTGAG,2
ATTATCATAGCTAATA,2
ATTATCATATCTATTA,2
ATTATCATATCTGATA,2
ATTATCATGTCTAATA,2
ATTCAAATTCGAGGAC,2
ATTCCGAACGGGGTAG,2
ATTCCGAATGAGGTAG,2
ATTCCGAATGGGGTAC,2
ATTCCGAATGGGTTAG,2
ATTCCGGATGGGGTAG,2
ATTCGCTGGCACCCGT,2
ATTTAAATTCGAGCAC,2
ATTTAAATTGGAGGAC,2
ATTTAAGTTCGAGGAC,2
ATTTACTCATTACACG,2
ATTTACTCATTAGACG,2
ATTTTTATATGGCTAC,2
ATTTTTCTATGGCCAC,2
ATTTTTCTATGGCTAT,2
CAAAAGCAGCACGAGA,2
CAAAAGCAGTACGATA,2
CAAAATATACGGCGAC,2
CAAAATCTACGGCGGC,2
CAAAATCTACGGCTAC,2
CAAAATCTACGTCGAC,2
CAAAATCTATGGCGAC,2
CAAACGCTGCATTAGG,2
CAAATAGTGATGAACA,2
CAAATGCGGCATTAGG,2
CAAATGCTGCATCAGG,2
CAATAGATGTACAGTC,2
CAATATTGCCCGGAAG,2
CAATGAGACGCGCAAG,2
CAATTAAAAATACATA,2
CAATTAGAAATACATT,2
CAATTAGAACTACATA,2
CACAGCGCCGAGCACC,2
CACATAGTGATGAACA,2
CACCAATCTTCGAAAT,2
CACCACCAGCACCTAG,2
CACCACGCCGAGCACC,2
CACCAGCAGCACCTAG,2
CACCATCAGCAACTAG,2
CACCATCAGCACCGAT,2
CACCATCCGCACCTAG,2
CACCATTAGCACCTAG,2
CACCCCTTGTAAGATG,2
CACCGCGCCGAGAACC,2
CACCGCGCCTAGCACC,2
CACCGCTCCGAGCACC,2
CACCGGGCCGAGCACC,2
CACCTAGGATCCCACT,2
CACCTAGGATCGCAAT,2
CACCTAGGATCGCACG,2
CACCTAGGGTCGCACT,2
CACCTCCTCTAAAGTT,2
CACGAGATGTACAGTC,2
CACGATCAGCACCTAG,2
CACGGCCGGCGAAATC,2
CACGGCCGGCGAGCTC,2
CACGGCCGTCGAACTC,2
CACGGCTGGCGAACTC,2
CACGGGCTAATGTATC,2
CACGGGCTAATGTCGC,2
CACGGGCTAATGTTTC,2
CACGGTCTAATGTCTC,2
CACTAGATGTAAAGTC,2
CACTAGATGTACAGTA,2
CACTATATGTACAGTC,2
CACTGAGACGCGCAAG,2
CACTGCCGGCGAACTC,2
CACTTCTGATGAATTG,2
CAGAACCGCGTTGTCT,2
CAGAACCTCGCTGTCT,2
CAGAACCTCGTTGTGT,2
CAGACAGAGTTTGTTG,2
CAGAGAGTGATGAACA,2
CAGATAGTAATGAACA,2
CAGATAGTATAGAGAC,2
CAGATAGTGATGAGCA,2
CAGCCTCTAGAGCTCT,2
CAGGAATCTCCCATAC,2
CAGGACCTCGTTGTCT,2
CAGGCTCTAGAGCGCT,2
CAGGGCCGGCGAACTC,2
CAGGTGGAGCCCAACA,2
CAGTTCGCCGTTCCCC,2
CATAAAAGACTGTAGA,2
CATACAGAGGTTGTTG,2
CATACAGAGTCTGTTG,2
CATACGTATGTCCCAG,2
CATAGAAGACTGTATA,2
CATCACGCAGAAAAAG,2
CATGCTCTAGAGCTCT,2
CATGGGAATTCCCACT,2
CATGGGAATTGCTACT,2
CATGGGAATTGGCACT,2
CATGGGAGTTGCCACT,2
CATGGGGAGCCCAACA,2
CATGGGGATTGCCACT,2
CATGTGAATTCGACCA,2
CATGTGAATTCGCCAA,2
CATGTGCAGCCCAACA,2
CATGTGGAACCCAACA,2
CATGTGGAGCCCAAAT,2
CATGTGGAGCCCAACT,2
CATGTGGAGCCCATCA,2
CATGTGGAGCTCAACA,2
CATTAGATGTACAGTC,2
CATTGAGACCCGCAAG,2
CATTGAGACGCGCTAG,2
CATTGAGACGTGCAAG,2
CATTTCTGATGAAATG,2
CATTTCTTATGAATTG,2
CCAAGCTTAGCGCATC,2
CCAAGCTTGACGCATC,2
CCAAGCTTGGCACATC,2
CCAAGCTTGGCGCTTC,2
CCAAGCTTGGGGCATC,2
CCAATCGGGGGCTAAA,2
CCAATTTAAGTATCAA,2
CCACCGCTGTTTAAAA,2
CCAGCACAAAAAATTA,2
CCATAAACCGTTTGTA,2
CCATATTGCCCGGAAG,2
CCATTTACGGATCTCT,2
CCCCCGATGTTTAAAA,2
CCCCCGCCGTTTAAAA,2
CCCCCGCTGCTTAAAA,2
CCCCCTTTGTTTAAAA,2
CCCCTCCTCTAGAGTT,2
CCCCTCGTCTAAAGTT,2
CCCGAATGAATCATCC,2
CCCTAAAGGATCATGA,2
CCCTATGAAAGAAGCT,2
CCCTATGAAATAAGCA,2
CCCTATGAAATAAGGT,2
CCCTCCCCAAGGGTAA,2
CCCTGCGCGGCTGGGG,2
CCCTGCGCGGCTTGGC,2
CCCTGCGCGGTAAGAG,2
CCCTGTGAAATAAGCT,2
CCCTTTACGGATCCCT,2
CCCTTTACGGATCTAT,2
CCCTTTACTGATCTCT,2
CCCTTTGCGGATCTCT,2
CCGACACAAAAAATTA,2
CCGCATTATCGGGAGG,2
CCGGAGAAATCAGAAC,2
CCGGATAAATCACAAC,2
CCGGATAAATCAGAAT,2
CCGGATAAATCATAAC,2
CCGGGTAAATCAGAAC,2
CCGTCCATTAAGATCA,2
CCGTCGGGACTCATCT,2
CCGTGATGCATTCCCG,2
CCTACACAAAAAATTA,2
CCTCATTAGCGGGAGG,2
CCTCGCACGTTTAGAG,2
CCTGGGTCAAGTTGTG,2
CCTGGGTTAAGTTGAG,2
CCTGGGTTAGGTTGTG,2
CCTGTACCCTTCAGCA,2
CCTTGACGCATTCCCG,2
CCTTGATGCATTCCGG,2
CCTTGATGCATTCTCG,2
CCTTGATTCATTCCCG,2
CCTTTCTAGTACGCTT,2
CCTTTCTCAAAACAGA,2
CCTTTCTCAATACATA,2
CGAAAACACTACAAAT,2
CGAAAACATTATAAAT,2
CGAAAACATTGCAAAT,2
CGAAACACGCCCCAGT,2
CGAAACACGGCCCAGT,2
CGAAACACGTCCCATT,2
CGAAACACGTTCCAGT,2
CGAACCGCAGACACAT,2
CGAACCGCAGACACCT,2
CGAACCTCAGACACGT,2
CGAAGCATTGGTCGCC,2
CGACTCCACAGACGCC,2
CGACTCCACGGACGCT,2
CGACTCCACGGGCGCC,2
CGAGACACGTCCCAGT,2
CGAGCCGCAGACACGT,2
CGATATTGCCCGGAAG,2
CGATCTTAATCTACAG,2
CGATCTTGACGAAAAA,2
CGATCTTTAAGAAAAA,2
CGATCTTTTACATTTA,2
CGCACCCTAGATGGTA,2
CGCACCTTACGAGACA,2
CGCACTTTACGAGGCA,2
CGCACTTTACGGGACA,2
CGCACTTTGCGAGACA,2
CGCAGCATTGGTCGCA,2
CGCAGCATTGGTCGTC,2
CGCAGCATTGGTTGCC,2
CGCCATCAGCACCTAG,2
CGCGACACCCTTCGGG,2
CGCGACACCCTTGCGG,2
CGCGACACCGTTCCGG,2
CGCGACACGCTTCCGG,2
CGCGACACTCTTCCGG,2
CGCGACAGCCTTCCGG,2
CGGAAACATTACAAAT,2
CGGAACACGTCCCAGT,2
CGGACCCTAGAAGGTA,2
CGGACCCTAGATAGTA,2
CGGACCCTTGATGGTA,2
CGGACCTTAGATGGTA,2
CGGACTCTAGATGGTA,2
CGGAGCCTAGATGGTA,2
CGGCCAGGGAATAAAA,2
CGGCCAGGGAATCATA,2
CGGCCAGGGAATCGAA,2
CGGCCAGGGGATCAAA,2
CGGCCAGGTAATCAAA,2
CGGCCAGTGAATCAAA,2
CGGCCATGGAATCAAA,2
CGGCCCGTAAGGACTA,2
CGGCCGGGACTCATCT,2
CGGGAAATGCAAATGA,2
CGGGAAATGTAAACGA,2
CGGGAAATGTAAAGGA,2
CGGGAAATGTAAATCA,2
CGGGAAATGTAAATGT,2
CGGGAACATGCATAAC,2
CGGGAAGATACATAAC,2
CGGGAATATACATAAC,2
CGGGAATCCCCCATAC,2
CGGGAATCTCCAATAC,2
CGGGAGCATACATAAC,2
CGGGAGTCTCCCATAC,2
CGGGGACAGGATTGTA,2
CGGGGATAAGATTGTA,2
CGGGGGCAAGATTGTA,2
CGGTCGAGACTCATCT,2
CGGTCGGGACTCACCT,2
CGGTCGGGACTCAGCT,2
CGGTCGGGACTCGTCT,2
CGGTCGGGACTTATCT,2
CGGTTGGGACTCATCT,2
CGTAATAGGCGTCACA,2
CGTACAGAATACTAGA,2
CGTACAGTATAATCGA,2
CGTACAGTGTAACCGA,2
CGTACGGTGTAATCGA,2
CGTACGTATGTCACAG,2
CGTCCAGCGATAACGG,2
CGTGAACCCCTCCAAC,2
CGTGACCCCATCCAAC,2
CGTGACCCCCTACAAC,2
CGTGGAGCGCCCTTAC,2
CGTGTACCCTACAGCA,2
CGTGTACCCTTCATCC,2
CGTGTACCCTTTAGCA,2
CGTTAACGGACTATCC,2
CGTTAAGCGATAACGG,2
CGTTAATGGCCTATCC,2
CGTTCAACGATAACGG,2
CGTTCAGAGATAACGG,2
CGTTCAGCGATAAAGG,2
CGTTCAGCGATAACGA,2
CGTTCAGCTATAACGG,2
CGTTCATCGATAACGG,2
CGTTCGGGACTCATCT,2
CGTTTTGGGTTCGAGG,2
CTAAATGTCGTAGGAT,2
CTAACACAAAAAATTA,2
CTAATTGAAGTATCAA,2
CTAATTTAAATATCAA,2
CTAATTTAAGGATCAA,2
CTAATTTATGTATCAA,2
CTAATTTGAGTATCAA,2
CTACAAACCGTTTGTA,2
CTACATTGCCCGGAAG,2
CTAGCACAGCGGAGGC,2
CTAGCACAGCGTAGGG,2
CTAGCAGAGCGTAGGC,2
CTATAAACCGTTGGTA,2
CTATAAACCGTTTGTG,2
CTATAAACCGTTTTTA,2
CTATACCTGCAGTTGA,2
CTATATTAATCTACAG,2
CTATATTGCCCGGCAT,2
CTATATTGCCCGGTAG,2
CTATCGTAATCTACAG,2
CTATCTCAATCTACAG,2
CTATCTTAACCTACAG,2
CTATCTTAATATACAG,2
CTATCTTAATCGACAG,2
CTATCTTAATCTAAAG,2
CTATCTTAATCTATAG,2
CTATCTTGCCCGGAAG,2
CTATCTTTACGAAAAA,2
CTATGTAACAGACGTA,2
CTATTAGAAATACATA,2
CTATTTAACTGACGTA,2
CTCAAACAATTGGCGC,2
CTCAACGTCGTAGGAT,2
CTCAAGTAATTGGCGC,2
CTCAATGTCGTAGGAG,2
CTCAATGTCGTAGGGT,2
CTCAATGTCTTAGGAT,2
CTCAGCATTGGTCGCC,2
CTCAGGTATTATATGC,2
CTCCGGCTCTTGATTA,2
CTCCTAGGGGAAGATT,2
CTCCTAGGGGACTATT,2
CTCCTAGGGTACGATT,2
CTCCTATGGGACGATT,2
CTCGAATAATTGGCGC,2
CTCTAAATTATAGTCT,2
CTCTTACGCTCCTACA,2
CTGAAATAATTGGCGC,2
CTGAACTGCCAATAAG,2
CTGAACTTATCGGTGG,2
CTGAACTTATCTGTGA,2
CTGAACTTATCTGTGC,2
CTGAACTTATGTGTGG,2
CTGAACTTGTCGATAC,2
CTGAGCCGCCAATAAG,2
CTGAGCTGCCAATGAG,2
CTGAGCTGCCATTAAG,2
CTGAGCTTGTCGATAT,2
CTGAGGGATACAACTC,2
CTGAGGGATTCAAATC,2
CTGAGGGATTGAACTC,2
CTGAGGGGTTCAACTC,2
CTGAGTGATTCAACTC,2
CTGATTTAAGTATCAA,2
CTGCAATTGAAACATA,2
CTGCACTTATCTGTGG,2
CTGCTCCTGAGTAGTA,2
CTGGAGGCCTCGCCCC,2
CTGGAGGCCTGGCCTC,2
CTGGAGGTCTGGCCCC,2
CTGGTGGCCTGGCCCC,2
CTGTACCTGCAGTTTA,2
CTGTACTTGCAGTTGA,2
CTGTATCTGCAGTTGA,2
CTTACACAATACTAGA,2
CTTACAGAATACTAGG,2
CTTACAGAATAGTAGA,2
CTTACAGAATGCTAGA,2
CTTACAGGATACTAGA,2
CTTACTGTGCGAGAGT,2
CTTAGATATTATATGC,2
CTTAGGGATTATATGC,2
CTTAGGTACTATATGC,2
CTTAGGTATGATATGC,2
CTTAGGTATTACATAC,2
CTTAGGTGTTATATGC,2
CTTATAGAATACTAGA,2
CTTCGCCTCTTGATTA,2
CTTCGGCTCTTGATGA,2
CTTCGGCTCTTGATTC,2
CTTCGTGATACTCACA,2
CTTGAAATTATAGTCT,2
CTTTAAATTATAGCCT,2
CTTTAAATTATAGTAT,2
CTTTAAATTATGGTCT,2
CTTTAAATTGTAGTCT,2
CTTTAGATTATAGTCT,2
CTTTATTGCCCGGAAG,2
CTTTGATGCATTCCCG,2
CTTTTCTAGTAAGCTT,2
CTTTTCTAGTACGATT,2
CTTTTGTAGTACGCTT,2
CTTTTTTAGTACGCTT,2
GAAAATCCCTATGATG,2
GAAAGACCCGTGCAAT,2
GAAAGCCCCGTGCAAA,2
GAAAGTCCCCATGATG,2
GAAAGTCCCTATGAAG,2
GAAAGTCCCTATGAGG,2
GAAAGTCCCTATGATA,2
GAAATCCACAAATAAC,2
GAAATCCCCAAAGAAC,2
GAAATCCCCAAATAGC,2
GAAATCCCCAGATAAC,2
GAAATCCCCGAATAAC,2
GAACCCTTGTAAGATG,2
GAAGAAACTACAACCA,2
GAAGAAACTAGAACCA,2
GAAGAAACTATAACTA,2
GAAGAAACTATATCCA,2
GAAGAAACTATGACCA,2
GAAGACCTTTAACTCT,2
GAAGCGCTGCTGAAGT,2
GAAGCGTGCCGGTCAT,2
GAAGCTCTTTTCGTTC,2
GAAGGCCCCGTGCAAT,2
GAAGGCGCGCCTTCAA,2
GAAGGTCCCTATGATG,2
GAAGTAAGCTGAATGA,2
GAAGTACACTGAATGA,2
GAAGTACGCTGAATTA,2
GAAGTACGGTGAATGA,2
GAAGTACTGCTGAAGT,2
GAAGTCCCCAAATAAC,2
GAAGTGCGTACTGAGT,2
GAAGTGCGTATTGAGC,2
GAAGTGCGTATTGATT,2
GAAGTGCGTGTTGAGT,2
GAAGTGCTGCTGAGGT,2
GAATAAACTATAACCA,2
GAATAACAGAACAGAG,2
GAATAATAAAACAGAG,2
GAATAATAGAACACAG,2
GAATAATATAACAGAG,2
GAATTCACAATATCCA,2
GAATTGCTGCTGAAGT,2
GACAAAAAGGACATAT,2
GACAAAAGAGACATAT,2
GACAAAAGGAACATAT,2
GACAAAAGGGGCATAT,2
GACAAAAGTGACATAT,2
GACAAACGGGACATAT,2
GACAAGAGGGACATAT,2
GACACAGAACCAATGC,2
GACAGAAGGGACATAT,2
GACCACCCCAGAGATG,2
GACCCCTCGTAAGATG,2
GACCCCTTGTAGGATG,2
GACGCTGCGGCGTGTG,2
GACGGCCGGCGAACTC,2
GACGGGATGGACACGT,2
GACGGGATGGGCACGA,2
GACGGGATGGGCGCGT,2
GAGAAGACTTTGTGAT,2
GAGAGCTGCAGAAGGG,2
GAGAGTTGCAGAAGCG,2
GAGCTTGCTACGGATC,2
GAGCTTGCTATAGATC,2
GAGCTTGCTATGGGTC,2
GAGGGATAGAGATACG,2
GAGGGGATAAGTCACC,2
GAGGGGATACGCCACC,2
GAGGGGATACGTAACC,2
GAGGGGATACGTCATC,2
GAGGGGATACGTCGCC,2
GAGGGGATACGTTACC,2
GAGGGGTAGAAATACG,2
GAGGGGTAGAGACACG,2
GAGGGGTAGAGATAGG,2
GAGGGGTAGAGATCCG,2
GAGGGTATACGTCACC,2
GAGGTGATACGTCACC,2
GAGTGGATACGTCACC,2
GATAAAAGGGACATAT,2
GATAGCTGCAGAAGCG,2
GATCACCACTGATAAG,2
GATCACCCAGAAAAAG,2
GATCACGCACAAAAAG,2
GATCACGCAGAAAAAC,2
GATCACGCAGAAAGAG,2
GATCAGGCAGAAAAAG,2
GATCCTGGGGAGAGTC,2
GATCGACACTGATAAG,2
GATCGCCACTGATAGG,2
GATCGCCATCGAATTC,2
GATCGCCATCGACGTC,2
GATCGCCATCGACTTT,2
GATCTCGGGGAGAGTC,2
GATCTTGGGGATAGTC,2
GATGGCCATCGACTTC,2
GATGGGAATTGCCACT,2
GATGGGATACGTCACC,2
GATTCAGATGCCCACA,2
GATTCAGATGCCCACT,2
GCAAACAGCGTAGTTG,2
GCAAACAGTGTAGTAG,2
GCAAACAGTGTGGTTG,2
GCAAACGGTGTAGTTG,2
GCAACGAGGTCTAACC,2
GCAACGAGGTGCAACC,2
GCAACGAGGTGTAACT,2
GCAACGAGGTGTAGCC,2
GCAACGAGGTTTAACC,2
GCAAGGAGGTGTAACC,2
GCAGACAGTGTAGTTG,2
GCAGCGCGCCGGTCAT,2
GCAGCGTGCCAGTCAT,2
GCAGCGTTCCGGTCAT,2
GCATCCTCAACTCGTA,2
GCATCCTCAATTCCTA,2
GCATCCTCAGCTCCTA,2
GCATGGTACTAACTCC,2
GCCAGCCCGTATCCCT,2
GCCAGCTCCTATCCCT,2
GCCAGCTCGTACCCCT,2
GCCAGCTCGTGTCCCT,2
GCCAGCTGGTATCCCT,2
GCCATTCACTGAAGGG,2
GCCATTGCGCGCAGTC,2
GCCATTTACCGAAGGG,2
GCCATTTACTGAAGCG,2
GCCATTTACTGAAGGT,2
GCCGCATCCTGGAATG,2
GCCGCTGCGACGTGTG,2
GCCGCTGCGGAGTGTG,2
GCCGGCGTTAGTGCCA,2
GCCGTCGTTAGTGTCA,2
GCCTAAAGGACCATGA,2
GCCTAAAGGATCATGC,2
GCCTAAAGGATCGTGA,2
GCCTGCGCGGCTCGGG,2
GCCTGCGTTAGTGTCA,2
GCCTTTGCGCGCAGGC,2
GCCTTTGCGCGCAGTT,2
GCCTTTGCGCGCATTC,2
GCCTTTGCGCGTAGTC,2
GCGAAGTCTCATAGCG,2
GCGAAGTGTCATAGCG,2
GCGAAGTTTCACAGCG,2
GCGAAGTTTCATAACG,2
GCGAAGTTTCATAGCT,2
GCGGAGTTTCATAGCG,2
GCGTCCTCAACTCCTA,2
GCGTTTGCGCGCAGTC,2
GCTAACTCTCGCGGCA,2
GCTACGAGGCTACGTA,2
GCTAGCTCGTATCCCT,2
GCTTGGAACTAACTCC,2
GGAATCCCCAAATAAC,2
GGACCCAGTTCCTGCG,2
GGAGAACTGCGGCCCC,2
GGATGGAACTAACTCC,2
GGCGGGATGGGCACGT,2
GGCTGAATTAAGTATG,2
GGGAAAAAATCATAAA,2
GGGAAGTTTCATAGCG,2
GGGCTTGCTATGGATC,2
GGGGAAATGTAAATGA,2
GGTAATAGGCGTCACA,2
GGTCCATCACAGATCG,2
GGTCCATCTCAGAGCG,2
GGTCCATCTCTGATCG,2
GGTCCATCTGAGATCG,2
GGTCCGGATAAAGTAG,2
GGTCGCCATCGACTTC,2
GGTCGTTTAGATAGTT,2
GGTGACCCCCTCCAAC,2
GGTTAACTTGGGAAGC,2
GGTTAACTTTGGAAGA,2
GGTTAACTTTGGGAGC,2
GGTTAACTTTTGAAGC,2
GTAACGAGGTGTAACC,2
GTAACGTTTGTGCAAA,2
GTAAGCAAAATTGACC,2
GTAAGCAAAGTTGACT,2
GTAAGCAAAGTTGAGC,2
GTAAGCTTCATTGAGT,2
GTAAGTCCCTATGATG,2
GTAATTCTCATGCGGA,2
GTACAAACCTCCAAAT,2
GTACAAACCTGCTAAT,2
GTACAAAGCTGCAAAT,2
GTACAACCCCGCAAAT,2
GTACACGCATATGCCA,2
GTACATCCTAGTGACG,2
GTACCCAGTTACTGCG,2
GTACCCAGTTCCAGCG,2
GTACCCAGTTCCTGCC,2
GTACCCAGTTGCTGCG,2
GTACCCAGTTTCTGCG,2
GTACTCAGTTCCTGCG,2
GTAGAACGGCGGCCCC,2
GTAGATACGAGGACCA,2
GTAGATACTAAGACCA,2
GTAGATACTAGGACAA,2
GTAGATACTAGGGCCA,2
GTAGATGCTAGGACCA,2
GTATAAAAAACTTAGT,2
GTATATTGCCCGGAAG,2
GTCAAGTTACGAATGG,2
GTCAAGTTACGGATGA,2
GTCACCGCTAATCCGA,2
GTCGCAGCCTGGAATG,2
GTCGCATCCTAGAATG,2
GTCGCATCCTGGAAGC,2
GTCGCATCCTGGAGTG,2
GTCGCATCCTGGGATG,2
GTCGCCCCTAATCCGA,2
GTCGCCGCCAATCCGA,2
GTCGCCGCTAATCAGA,2
GTCGCCGCTAATCCTA,2
GTCGCTGCTAATCCGA,2
GTCGTATCAAGCCGGG,2
GTCGTATCCTGGAATG,2
GTCTCCGCTAATCCGA,2
GTGAGATTGTCAGGAA,2
GTGAGCGAAGTAGGAG,2
GTGAGCGAGGAAAGCA,2
GTGAGCTGCAGAAGCG,2
GTGAGCTGCCAATAAG,2
GTGCATCCTAGTGGCG,2
GTGCCATTGTCCGGAA,2
GTGCGACTGTCCGGAA,2
GTGCGATGGTCCGGAA,2
GTGCGATTGTGCGGAA,2
GTGGAACTGCGGCCCC,2
GTGGGATCAAGCCGGG,2
GTGGGATTGTCCGGAA,2
GTGGTATCAACCCGGG,2
GTGGTATCAAGCCGCG,2
GTGGTATGAAGCCGGG,2
GTGGTTTTACGTCCAT,2
GTTACTATGACTTCAT,2
GTTATCATATCTAATA,2
GTTATTATGACCTCAT,2
GTTATTATGACGTCAT,2
GTTGATCCGACACGCC,2
GTTGCGCCGACACGCC,2
GTTGCTCAGACACGCC,2
GTTGCTCCGAAACGCC,2
GTTGCTCCGACAAGCC,2
GTTGCTCCGACACGGC,2
GTTGCTCCGGCACGCC,2
GTTGCTGCGACACGCC,2
GTTGCTTCGACACGCC,2
GTTTAAATTCGAGGAC,2
GTTTACTCATTATACG,2
TAAAAAGACTCCATGA,2
TAAAAAGCCCCCATGA,2
TAAAAAGCCGCCATGA,2
TAAAAAGCCTACATGA,2
TAAAAAGCCTCCATGG,2
TAAATCCCCAAATAAC,2
TAACAATGTCATTTGA,2
TAACGTGATGTCTCGA,2
TAACGTGATTTTTCGA,2
TAAGAAGCCTCCATGA,2
TAAGGTGATTTCTCGA,2
TAATAAGAGAAGTGCG,2
TAATAAGCCAACAAGA,2
TAATAAGCCAGCAATA,2
TAATAAGCCAGCAGGA,2
TAATAAGCTAGCAAGA,2
TACAAGAGAGGGCTCC,2
TACAAGAGGGGGGTCC,2
TACACACCGACGCAGT,2
TACATACAGACGCAGT,2
TACATACCGACGCGGT,2
TACATACCGGCGCAGT,2
TACATTAGTAACATAA,2
TACCAACGTCATTTGA,2
TACCAATGTCATTCGA,2
TACCAATGTCATTTTA,2
TACCCTAAAAGCCACT,2
TACCCTGGAAGCCACT,2
TACCGATAACCCTGCG,2
TACCTAGGATCACACT,2
TACCTGCTGCTGAACG,2
TACCTGCTTCGGAACG,2
TACGGGATGGGCACGT,2
TACTAACAATAAAATC,2
TACTAATAACCCTGCG,2
TACTAATGCCGTGGTC,2
TACTAATGGCGTTGTC,2
TACTAGAAATAAAATC,2
TACTAGCAATAAAACC,2
TACTGATAAACCTGCG,2
TACTGATAACCGTGCG,2
TACTGATAATCCTGCG,2
TACTGTCCAGACTCGT,2
TAGAAAGCCTCCATGA,2
TAGAGCTGCAGAAGCG,2
TAGATTGATTGAAGTT,2
TAGCAGTGTCGGAAAG,2
TAGCATCGTCGGAAAG,2
TAGCATTGGCGGAAAG,2
TAGCATTGTCGCAAAG,2
TAGCATTGTCGGAAGG,2
TAGCATTGTCTGAAAG,2
TAGCATTGTGGGAAAG,2
TAGCCTGCAAGCCACT,2
TAGCTGATAGCAACTC,2
TAGGGGCCTCATAATG,2
TAGTATTGCTACACAT,2
TATAATAGGCGTCACA,2
TATAATCACGGAGGAT,2
TATACAGAGTTTGTTG,2
TATACCCACGGAGGAT,2
TATACTCACGGAGGGT,2
TATACTCACGGGGGAT,2
TATATGAGTAACATAA,2
TATATTAGGAACATAA,2
TATATTAGTAACATAG,2
TATCACAGAACCTATC,2
TATCCAAGGGACGGAG,2
TATCCAAGGGACGGAT,2
TATCCAAGGGATGGAC,2
TATCCAAGTGACGGAC,2
TATCCATGGGACGGAC,2
TATCGCCACTGATAAG,2
TATGAAGAGAAGTGCG,2
TATGTACCCTTCAGCA,2
TATGTCGTATCCTCAG,2
TATTAAAAGAAGTGCG,2
TATTAGGAGAAGTGCG,2
TATTCCTAACTAGTGA,2
TATTCCTAACTATCGA,2
TCAAAGTCTCGAGAAG,2
TCAACACCCCTAGCTA,2
TCAAGCGGGGGCTAAA,2
TCAAGCTTGGCGCATC,2
TCAAGTTAATATGCGC,2
TCAATCGCGGGCTAAA,2
TCAATCGGGGACTAAA,2
TCAATCTGAACCATAC,2
TCAATTGGGGGCTAAA,2
TCACTTCAACTAAAAA,2
TCATAGTCCTCGTATG,2
TCATCGGTGTACGAGA,2
TCATGGGTGTACGATA,2
TCCAACGCGGTAAGAG,2
TCCACACTCCTAGCTA,2
TCCAGCAATGAGTTGT,2
TCCAGCGCGGTATGAG,2
TCCCCCGGAGCTTGGC,2
TCCCCGTGGTTTGAGA,2
TCCGATTCACGAATAA,2
TCCGCTGCGGCGTGTG,2
TCCTAGAGTGAACGAT,2
TCCTGACATAGCGATG,2
TCCTGTCCAGACTCGT,2
TCCTTTACGGATCTCT,2
TCCTTTGCGCGCAGTC,2
TCGAACAAAGTAGGAG,2
TCGAACGAAGGAGGAG,2
TCGAACGAAGTAGGAT,2
TCGAGTTAATATGCGT,2
TCGAGTTAATATTCGC,2
TCGATCACTAGCCGGA,2
TCGATTGCTAGCCGGA,2
TCGATTTAATATGCGC,2
TCGCATTAGCGGGAGG,2
TCGCCGCACTACTGCT,2
TCGCTCCAACTAAAAA,2
TCGCTGCAACTAAAAA,2
TCGCTTCAACTAATAA,2
TCGCTTCAATTAAAAA,2
TCGCTTCGACTAAAAA,2
TCGGACGAAGTAGGAG,2
TCGGGAAACGATCCCC,2
TCGTCCGTTGGGAACA,2
TCGTCGCACTACTCCT,2
TCGTCGCACTACTGAT,2
TCGTCGCACTACTGTC,2
TCGTCGCACTATTGCT,2
TCGTCGCATTACTGCT,2
TCGTCGTACTACTGCT,2
TCGTGGGTGTACGAGA,2
TCGTTGTACTACTGCT,2
TCTAACTCTCACGGCA,2
TCTAACTCTCGTGGCA,2
TCTAAGCTCTTAGCCG,2
TCTAATTCTCGCGGCA,2
TCTAGAAACGATCCCC,2
TCTAGCGCGGTAAGAG,2
TCTAGCTCTCGCGGCA,2
TCTAGTTAATATGCGC,2
TCTCAGCGTTGTTTTG,2
TCTCAGCTCTTAGACG,2
TCTCAGCTCTTAGCCT,2
TCTGGAAACGATCACC,2
TCTGGAAACGATCCCA,2
TCTGGAAACGATCTCC,2
TCTGGGAACGATCCCC,2
TCTTAATCCTCGTATG,2
TCTTAGAATGAACGAT,2
TCTTAGAGTGAGCGAT,2
TCTTAGCCCTCGTATG,2
TCTTAGGCCTCGTATG,2
TCTTAGTCCTCGGATG,2
TCTTAGTCCTCGTATA,2
TCTTAGTCCTCGTGTG,2
TCTTAGTCTTCGTATG,2
TCTTATCAGGCGGCAT,2
TCTTATTAGGGGGCAT,2
TCTTATTCGGCGGCAT,2
TCTTGACACAGCGATG,2
TCTTGACATAGCGGTG,2
TCTTTAACACTGCATC,2
TCTTTACCAATGCATC,2
TCTTTACCACTGCATA,2
TCTTTATCACTGCATC,2
TGAAAAGCCTCCATGA,2
TGACAACAATACAAGT,2
TGACGACAATACAAAT,2
TGAGCTCATAGCTCCA,2
TGAGTTCATAGCTCCG,2
TGAGTTCATAGCTCTA,2
TGAGTTCATGGCTCCA,2
TGATAAGCCAGCAAGA,2
TGATATTTTACATTTA,2
TGATCCGTGACATTGC,2
TGATCCTTTACATTTA,2
TGATCTGTGAAATTGC,2
TGATCTGTGACATTGA,2
TGATCTGTTACATTGC,2
TGATCTTCTACATTTA,2
TGATCTTTTAAATTTA,2
TGATCTTTTACACTTA,2
TGATCTTTTACATTAA,2
TGCAGGGGTATACATA,2
TGCAGTGGTACACATA,2
TGCAGTGGTAGACATA,2
TGCAGTGGTATAAATA,2
TGCAGTGGTATACATG,2
TGCAGTGGTATATATA,2
TGCATCTAACAGATAG,2
TGCCCATGCTGGGGAT,2
TGCGATGGTCGATCCG,2
TGCGGTCGTCGATCCG,2
TGCGGTGGGCGATCCG,2
TGCGGTGGTCGATCCC,2
TGCGGTGGTCGATCGG,2
TGCTAATGCCGTTGTC,2
TGCTATTCCGACGCGG,2
TGCTATTCCGGCGGGG,2
TGCTATTCCGGTGCGG,2
TGCTATTTCGGCGCGG,2
TGCTCCGCTTCATGCT,2
TGCTGAATTAAGTATG,2
TGGAATCGTCACCGGT,2
TGGAATCGTCATCGAT,2
TGGAGTCGTCACCGAT,2
TGGCCAGGGAATCAAA,2
TGGGTTCATAGCTCCA,2
TGGTCCGCTCCATGCT,2
TGGTCCGCTTCACGCT,2
TGGTCCGCTTCAGGCT,2
TGGTCCGCTTCATTCT,2
TGGTCTGCTTCATGCT,2
TGTAACAGGCGTCACA,2
TGTAACTCTCGCGGCA,2
TGTAATAGGCGTCACT,2
TGTAATATGCGTCACA,2
TGTATATCCAACACCA,2
TGTCGAGCCAGTCTGA,2
TGTCTGGATAAAGTAG,2
TGTGATAGGCGTCACA,2
TGTGCAGCGCCCTTAC,2
TGTGGAGCACCCTTAC,2
TGTGGAGCGCCCCTAC,2
TGTGGAGCGCCCTTAA,2
TGTTCGGATAAAGTAG,2
TGTTGAGCCAGTATGA,2
TGTTGGAATCTGAATA,2
TGTTGGGCCAGTCTGA,2
TGTTGGGGTCTCCCTT,2
TGTTGTAGTCTGAATA,2
TGTTGTGATCTGAATA,2
TGTTTAGCCAGTCTGA,2
TTAAAAAAATCATAAA,2
TTAATCAAGTTGGTGC,2
TTAATGTAGACGCTCC,2
TTAATGTAGCCGCCCC,2
TTAATGTAGTCGCTCC,2
TTAATTTAGCCGCTCC,2
TTACAACAATACAAAT,2
TTACACGAGGTTGTGA,2
TTACCTGTAGAGCGCT,2
TTACGAATTTGATACC,2
TTACGAATTTGATTCG,2
TTACGACTCGACTAAC,2
TTACGAGTTTGATTCC,2
TTAGGCACTAAATTAA,2
TTATCTGTAGAACGCT,2
TTATCTGTAGAGCCCT,2
TTATCTTAATCTACAG,2
TTATTTAACAGACGTA,2
TTCAAATAATTGGCGC,2
TTCAATGTCGTAGGAT,2
TTCAGCGCGGTAAGAG,2
TTCATATCCAACACCA,2
TTCATCAAGTTGTTGC,2
TTCCAGCGTTGTTTTG,2
TTCCTCCTGAGTAGTA,2
TTCGGCACTAAATTAA,2
TTCGTCAAGTTGGTGC,2
TTCTCTCCAGACTCGT,2
TTCTGTACAGACTCGT,2
TTCTGTCCAGACGCGT,2
TTCTGTCCAGACTCGG,2
TTCTGTTCAGACTCGT,2
TTGAAAAAATCATAGA,2
TTGAAAAAATTATAAA,2
TTGAGCGAGAAAAGCA,2
TTGATCAAGTTGGTGC,2
TTGATGTAGCCGCTCC,2
TTGATTACTAGCCGGA,2
TTGCAATGGAAACATA,2
TTGCGGAACGGGAAGC,2
TTGCTCCTAAGTAGTA,2
TTGCTCTTGAGTAGTA,2
TTGGAAAAATCATAAA,2
TTGGACACTAAATTAA,2
TTGGCCCACGGGCATA,2
TTGGGCAACGGGAAGC,2
TTGGGCACCAAATTAA,2
TTGGGCACTAAATGAA,2
TTGGGCAGTAAATTAA,2
TTGGGCGCTAAATTAA,2
TTGGGGAACCGGAAGC,2
TTGGGGAACGGCAAGC,2
TTGGGGAACGGGAACC,2
TTGGGGAACGGGCAGC,2
TTGGGGAACGGGTAGC,2
TTGGGGAAGGGGAAGC,2
TTGGGGGATTCAACTC,2
TTGGGTACTAAATTAA,2
TTGGTCCTGAGTAGTA,2
TTGTATCAATCGCGCC,2
TTGTATCAGGCGCGCC,2
TTGTATCAGTCACGCC,2
TTGTATCAGTCGGGCC,2
TTGTATGAGTCGCGCC,2
TTGTTCCTGAGTAGTA,2
TTTAAATCCAACACCA,2
TTTATAGCCAACACCA,2
TTTATATCAAACACCA,2
TTTATATCCAACACAA,2
TTTATATCGAGATCCA,2
TTTATATCGAGATTCT,2
TTTATATCGATATTCA,2
TTTATATGCAACACCA,2
TTTATATGGAGATTCA,2
TTTATCATATCTAATA,2
TTTCACAGAACCTATT,2
TTTCACAGAACGTATC,2
TTTCACAGAACTTATC,2
TTTCAGCGTCGTTTTG,2
TTTCAGCGTTATTTTG,2
TTTCAGCGTTGTCTTG,2
TTTCAGCGTTGTTTTA,2
TTTCCGGATAAAGTAG,2
TTTCGGCGTTGTTTTG,2
TTTGACAGAACCTATC,2
TTTGGCACTAAATTAA,2
TTTTAGTCCTCGTATG,2
TTTTTACCACTGCATC,2
AAAAAATGGATGACAA,1
AAAAAATTTATCACAA,1
AAAAAATTTATGACCA,1
AAAAAATTTATGACTA,1
AAAAAATTTTTGACAA,1
AAAAAGACTTTGTGAT,1
AAAAAGCAGCACGATA,1
AAAACCGCAGACACGT,1
AAAAGATGGATGATAA,1
AAAAGCCCCGTGCAAT,1
AAAAGCTGGCACCCGT,1
AAAAGTCCCTATGATG,1
AAAATACGAGACGTAA,1
AAAATCCCCAAATAAC,1
AAACCATCGCACCCAA,1
AAACCCATAAGACCCG,1
AAACCCATAAGACCGA,1
AAACCCATAGGACCCC,1
AAACCCGTAAGACCCC,1
AAACGCTGGCACCCGT,1
AAACGTGATTTCTCAA,1
AAACTCACAATATCCA,1
AAACTCATGAGACCCC,1
AAAGAACTTTAACTCT,1
AAAGACCGAGTGACCG,1
AAAGACCGGTAACTCT,1
AAAGACCTCTAACTCT,1
AAAGACCTTGAACTCT,1
AAAGACCTTTAAATCT,1
AAAGACCTTTAACCCT,1
AAAGACCTTTAACGCT,1
AAAGACCTTTAACTGT,1
AAAGCCATAAGACCCC,1
AAAGCTAAAAAGAGGA,1
AAAGCTCTCTTCGTTC,1
AAAGCTCTTGTCGTTC,1
AAAGCTCTTTTCGGTC,1
AAAGCTCTTTTCGTTG,1
AAAGCTTTTTTCGTTC,1
AAAGGATATATGGCTG,1
AAAGGCCTTTAACTCT,1
AAAGGCGCACCTTCAA,1
AAAGGCGCGCATTCAA,1
AAAGGCGCGCCCTCAA,1
AAAGGCGCGCCTTCAG,1
AAAGGCGCGCCTTGAA,1
AAAGGCGCGCCTTTAA,1
AAAGGCGTGCCTTCAA,1
AAAGGTTCCAATAGGT,1
AAAGTACGCTGAATGA,1
AAAGTAGAAGAGGATT,1
AAAGTAGCAGAGTATT,1
AAAGTCCCTATGTAAT,1
AAAGTGCTGCTGAAGT,1
AAATGTCTAATAGACG,1
AAATGTTTAATAGACA,1
AAATGTTTAATAGACT,1
AAATGTTTGATAGACG,1
AAATTCACAACATCCA,1
AAATTCACAATATCAA,1
AAATTCACAATATCTA,1
AAATTCACAATGTCCA,1
AAATTCGCCGTTCCCC,1
AAATTTACAATATCCA,1
AACAAATTTATGACAA,1
AACAACCCCAGAGATG,1
AACACGTACAACCGCC,1
AACACGTAGAACCCCC,1
AACACGTAGAAGCGCC,1
AACACGTAGAATCGCC,1
AACAGAACTCCATGTA,1
AACAGAAGACCATGTA,1
AACAGAAGTCCTTGTA,1
AACAGAAGTGCATGTA,1
AACAGAAGTTCATGTA,1
AACAGTAGTCCATGTA,1
AACATTGATTGAAGTT,1
AACCAATCTTCGAACT,1
AACCACCCAAGAGATG,1
AACCACCCAGTGACCG,1
AACCACCCCAGAGAAG,1
AACCACCCCAGAGATT,1
AACCACCCCAGAGGTG,1
AACCACCCCAGGGATG,1
AACCACCCCGGAGATG,1
AACCACCGAATGACCG,1
AACCACCGACTGACCG,1
AACCACCGAGTAACTC,1
AACCACCGAGTCACCG,1
AACCACCGAGTGAGCG,1
AACCAGCGAGTGACCG,1
AACCCATGCTGGGGAT,1
AACCCCATAAGACCCC,1
AACCCCCGAGTGACCG,1
AACCGATTTAAAGGCA,1
AACCGCACCGCGTTTA,1
AACCGCCGAGTGACCG,1
AACCGCGCCGAGCACC,1
AACCGCGTTCATCGAT,1
AACCGGTGATGTGATT,1
AACCGTACCGCGGTTA,1
AACCGTACCGCGTTTG,1
AACCGTATCGCGTTTA,1
AACCTACGAGAAGTAA,1
AACCTACGAGACCTAA,1
AACCTACGAGACGCAA,1
AACCTACGAGACTTAA,1
AACCTACGAGATGTAA,1
AACCTACGAGGCGTAA,1
AACCTACGATATGTAA,1
AACCTACGTGACGTAA,1
AACCTACTAGACGTAG,1
AACCTATGAGACGTAA,1
AACCTCCCCAGAGATG,1
AACGACAAACAGTCAG,1
AACGACAAACAGTTAG,1
AACGACACCCTTCCGG,1
AACGACATACAGTAAG,1
AACGACCGAGTGACCG,1
AACGGCGCGCCTTCAA,1
AACGGGATGGGCACGT,1
AACGGGGCCGACTAAG,1
AACGGGTCCGACTAAG,1
AACGGTTCCGACTAAC,1
AACGGTTCCGACTAGC,1
AACGGTTCCGACTATC,1
AACGGTTTCGACTAAG,1
AACTACGTTCATCGAT,1
AACTCCCGTCGCCTGA,1
AACTCCTGGGGTATCA,1
AACTGAGTTCATCGAC,1
AACTGCATTCATCGAT,1
AACTGCCGTCGCCTGA,1
AACTGCGGGCATCGAT,1
AACTGCGTTCAACGAT,1
AACTGCGTTCATCGAG,1
AACTGCGTTCATCGTT,1
AACTGCGTTCATTGAT,1
AACTGCGTTTATCGAT,1
AACTGTGTTCATCGAT,1
AACTTCCATCGCCTGA,1
AACTTCCCTGAATGCT,1
AACTTCCCTGACTGGT,1
AACTTCCCTGAGTGCT,1
AACTTCCGTAGCCTGA,1
AACTTCCGTCGCCTAA,1
AACTTCCGTCGCGTGA,1
AACTTCCGTCGGCTGA,1
AACTTCCGTCTCCTGA,1
AACTTCCTTGACTGCT,1
AACTTCTCTGACTGCT,1
AACTTGCCTGACTGCT,1
AAGAAGAATTTGTGAT,1
AAGAAGACCTTGTGAT,1
AAGAAGACTATGTGAT,1
AAGAAGACTCTGTGAT,1
AAGAAGACTGTGTGAT,1
AAGAAGACTTCGTGAT,1
AAGAAGACTTGGTGAT,1
AAGAAGACTTTCTGAT,1
AAGAAGACTTTGAGAT,1
AAGAAGACTTTGGGAT,1
AAGAAGACTTTGTAAT,1
AAGAAGCTATAAAATC,1
AAGAAGCTATACAAGT,1
AAGAAGCTATAGAAGA,1
AAGAAGCTATAGAGGT,1
AAGAAGCTATCGAAGT,1
AAGAAGCTGTAGAAGT,1
AAGAATCTATAGAAGT,1
AAGACTGATTGAAGTT,1
AAGAGAAGTCCATGTA,1
AAGAGCTGCAGAAGCG,1
AAGAGGCTATAGAAGT,1
AAGATAATGTAGAGAC,1
AAGATGGATTGAAGTT,1
AAGATTAATTGAAGTT,1
AAGATTGAGGGAAGTT,1
AAGATTGAGTGAAGTT,1
AAGATTGATTGAAATT,1
AAGATTGATTGAACTT,1
AAGATTGATTGAAGTA,1
AAGATTGATTGAAGTG,1
AAGATTTATTGAAGTT,1
AAGCACAGCGGGTGAT,1
AAGCACCGAGTGACCG,1
AAGCCCAGCGGGGGAT,1
AAGCCCAGCGGGTGAC,1
AAGCCCAGCGGGTGAG,1
AAGCCCAGCGGGTGTT,1
AAGCCGAATGGGGTAG,1
AAGCCTAGCGGGTGAT,1
AAGCGGCCTCATAATG,1
AAGCGGCGATGTGATT,1
AAGCGGGGATGTGATT,1
AAGCGGGTTGGCTGTA,1
AAGCGGTGAAGTGATT,1
AAGCGGTGACGTGATT,1
AAGCGGTGAGGGGATT,1
AAGCGGTGATGGGATT,1
AAGCGGTGATGTCATT,1
AAGCGGTGATGTGAAT,1
AAGCGGTGATGTGAGT,1
AAGCGGTGATGTGATA,1
AAGCGGTGATGTGATG,1
AAGCGGTGATTTGATT,1
AAGCGGTGTTGTGATT,1
AAGCGTACCGCGTTTA,1
AAGCTTGATTGAAGTT,1
AAGGAATCTCCCATAC,1
AAGGACCTTTAACTCT,1
AAGGAGACTCATAATG,1
AAGGCGCCTCATAATG,1
AAGGGAGTAGACCCAC,1
AAGGGGAACGGGAAGC,1
AAGGGGAATTGCCACT,1
AAGGGGCCTAATAATG,1
AAGGGGCCTCACAATG,1
AAGGGGCCTCATAAAG,1
AAGGGGCCTCATAATC,1
AAGGGGCCTCATATTG,1
AAGGGGTGATGTGATT,1
AAGGTAAGAGAAAGGT,1
AAGGTAAGAGAAAGTT,1
AAGGTCACGATGTAAG,1
AAGGTCCACCATTGAG,1
AAGGTCCCTATATAAT,1
AAGGTCCCTATGTATT,1
AAGGTCCCTCTGTCAT,1
AAGGTCCGTATGTAAT,1
AAGGTGCCTATGTAAT,1
AAGGTGCCTCATAATG,1
AAGTACTGCTACACAT,1
AAGTAGTTGTCATGGG,1
AAGTATGGCGACACAT,1
AAGTATTACTACACAT,1
AAGTATTGCTACACAG,1
AAGTATTGCTACATAT,1
AAGTATTGCTAGACAT,1
AAGTATTGCTATACAT,1
AAGTATTGCTGCACAT,1
AAGTATTGCTTCACAT,1
AAGTGAAGAGAAAGTT,1
AAGTTAAAAGAAAGTT,1
AAGTTAAGAGAAACTT,1
AAGTTAAGAGAAAGTA,1
AAGTTAAGAGAAAGTG,1
AAGTTAAGAGAAATTT,1
AAGTTACTAGACCCAC,1
AAGTTAGAAGACCCAC,1
AAGTTAGCAGACCCAC,1
AAGTTAGTAGACCCAT,1
AAGTTAGTAGACCCCC,1
AAGTTAGTAGGCCCAC,1
AATAAAAGACTGTATA,1
AATAAACATGCATTGG,1
AATAAGAGCATGTCAA,1
AATACGAGCATGTCAA,1
AATACGTAGAACCGCC,1
AATATTAGTAACATAA,1
AATCCGAAATTTATCC,1
AATCCGTGAGTACTAG,1
AATCGCTGGCACCCGA,1
AATCGCTGGCACCGGT,1
AATCGTTGGCACCCGT,1
AATCGTTTAGATAGTT,1
AATGAAACAACCGAAC,1
AATGAAACAATCGATC,1
AATGAAACAATGGAAC,1
AATGAAACCATCGAAC,1
AATGAAACGATCGAAC,1
AATGCAAGCATGTCAA,1
AATGCGAACATGTCAA,1
AATGCGAGCATGCCAA,1
AATGCGAGCATGTGAA,1
AATGCGATCATGTCAA,1
AATGCTAGCATGTCAA,1
AATGGAACAATCGAAC,1
AATGGCGCGCCTTCAA,1
AATGGGAATTGCCACT,1
AATGGGAGCATGTCAA,1
AATGGGCCTCATAATG,1
AATGTCGGATCCACAG,1
AATGTCGTATCCACAG,1
AATTCGTCAGTACTAG,1
AATTCGTGAATACTAG,1
AATTCGTGAGGACTAG,1
AATTCGTGAGTACTAC,1
AATTCGTGATTATTAG,1
AATTGAAAGTAATACC,1
AATTGAACATCATACC,1
AATTGAACGTCATACA,1
AATTGAACGTCATATC,1
AATTGAACGTCGTACC,1
AATTGAACTTCATACC,1
AATTGAATGTCATACC,1
AATTGATGAGTGACCG,1
AATTTATCCGAGAGCA,1
AATTTATCCGAGAGCT,1
ACAAAATCTCGAGAAG,1
ACAAAGTCGCGAGAAG,1
ACAAAGTCTCGAGAAC,1
ACAACGAGGCTACGTA,1
ACAACGTCTCGAGAAG,1
ACAAGATCCGGGGGAC,1
ACAAGATGCGGGGGAC,1
ACAAGATTCAGGGGAC,1
ACAAGATTCGCGGGAC,1
ACAAGATTCGGAGGAC,1
ACAAGATTCGGGGGAG,1
ACAAGATTCGGTTGAC,1
ACAAGATTGGGGGGAC,1
ACAATAAGATCTACGC,1
ACAATCCACCATTGAG,1
ACAATCGGAACCATAC,1
ACAATCTGAAAAATAC,1
ACAATCTGAACCACAC,1
ACAATCTGAACCCTAC,1
ACAATCTGAAGCATAC,1
ACAATCTGTACCATAC,1
ACAATTTCCAATAGGT,1
ACACGAGTTGGATGTA,1
ACACGGCTTGGCTGTA,1
ACACGGGATGGCTGTA,1
ACACGGGTCGGCTGTA,1
ACACGGGTTAGCTGTA,1
ACACGGGTTCGCTGTA,1
ACACGGGTTGACTGCA,1
ACACGGGTTGCCTGTA,1
ACACGGGTTGGCGGGA,1
ACACGGGTTGGCTGTC,1
ACACGTGTTGGCTCTA,1
ACAGAATCGCAAATTA,1
ACAGACCACCATTGAG,1
ACAGAGTCTCGAGAAG,1
ACAGGAAGATCTACGC,1
ACAGGACGAGCTACGC,1
ACAGGACGATCTACGC,1
ACAGGATATATGGCTG,1
ACAGGCCACCATTGAG,1
ACAGGGGCCAATAGGT,1
ACAGGGGTTGGCTGTA,1
ACAGTAAACCATTGAG,1
ACAGTACGACCTACGC,1
ACAGTACGATATACGC,1
ACAGTACGATCAACGC,1
ACAGTACGATCTAGGC,1
ACAGTACGATCTCCGC,1
ACAGTACTATCTACGC,1
ACAGTCCACCATAGAG,1
ACAGTCCACCATGGAG,1
ACAGTCCACCATTCAG,1
ACAGTCCACCATTGAC,1
ACAGTCCACCGTTGAG,1
ACAGTCCACGATTGAG,1
ACAGTCCAGCATTGAG,1
ACAGTCCCCCATTGAG,1
ACAGTGCGATCTACGC,1
ACATAGTCTCGAGAAG,1
ACATCTTCCAATAGGT,1
ACATGTCTCCGAGCAT,1
ACATGTTCCAATAGGT,1
ACATTTTAAAATAGGT,1
ACATTTTCCAATAGAT,1
ACATTTTCCAGTAGGT,1
ACATTTTGCAATAGGT,1
ACCAATTCACGAATAA,1
ACCACGAGGCTACGTA,1
ACCAGCAATGAGTAGT,1
ACCAGCAATGAGTTGG,1
ACCAGCAATGTGTTGT,1
ACCAGCATTGAGTTGT,1
ACCAGCATTGGTCGCC,1
ACCAGCGCGGCTCGGG,1
ACCAGGAATGAGTTGT,1
ACCATTGTACACACCA,1
ACCCATTCACGAATAA,1
ACCCCATGCTGGGGAT,1
ACCCCCAGAGCTTGGC,1
ACCCCCCGAGCTTGGC,1
ACCCCCGAAGCTTGGC,1
ACCCCCGGGGCTTGGC,1
ACCCCTGGAGCTTGAC,1
ACCCCTTGAGCTTGGC,1
ACCCGCGGAGCTTGGC,1
ACCCTCCTCTAAAGTT,1
ACCGAAGGAATCAGCC,1
ACCGAATGAAACATCC,1
ACCGAATGAATCATGC,1
ACCGAATGAATCTTCC,1
ACCGAATGACTCATCC,1
ACCGATTAACGAATAA,1
ACCGATTCACGAAGAA,1
ACCGATTCACGAATAC,1
ACCGATTCACGGATAA,1
ACCGATTCACTAATAA,1
ACCGGAAGTTGCCAAC,1
ACCGGAAGTTGCCGAG,1
ACCGTTGTACAGACCA,1
ACCGTTGTGCACACCA,1
ACCTCCTCAAGGGTAA,1
ACCTTTGTACACACCA,1
ACGCAAATAGACAGAA,1
ACGCAAATAGACCGAT,1
ACGCAAATAGACCGGA,1
ACGCAAATAGACCTAA,1
ACGCAAATAGAGCGAA,1
ACGCAAATGGACCGAA,1
ACGCCCATTAAGATCG,1
ACGCCCGGAGCTTGGC,1
ACGCGAATAGACCGAA,1
ACGCGGGTTGGCTGTA,1
ACGGATTCACGAATAA,1
ACGGCCCACGGGCATA,1
ACGGGAATTGGCTGTT,1
ACGGGCATTGGCTGTT,1
ACGGGGAGTGGCTGTT,1
ACGGGGATTGCCTGTT,1
ACGGGGATTGGCAGTT,1
ACGGGGATTGGCCGTT,1
ACGGGGATTGGCGGTT,1
ACGGGGATTGGCTATT,1
ACGGGGATTGGCTCTT,1
ACGGGGATTGGCTGGT,1
ACGGGGATTGGGAAGC,1
ACGGGGATTGGGTGTT,1
ACGGGGGGGGGCGGGT,1
ACGGTCCACCATTGAG,1
ACGTATGAATTTCGAG,1
ACGTATGAGTTTCGAG,1
ACGTATGATTTGCGAG,1
ACGTATGATTTTCAAG,1
ACGTATGATTTTCCAG,1
ACGTATGATTTTCGAC,1
ACGTATGATTTTCGCG,1
ACGTATGATTTTCGTG,1
ACGTCCATGAAGATCA,1
ACGTCCATTAAAATCA,1
ACGTCCATTAAGAACA,1
ACGTCCATTAAGACCC,1
ACGTCCATTGGGAACT,1
ACGTCCGTTGGGAACT,1
ACGTCCTCAACTCCTA,1
ACGTCGCACTACTGCT,1
ACGTGATGCATTCCCG,1
ACGTGTCACCGAGCAA,1
ACGTGTCTCAGAGCAT,1
ACGTGTCTCAGAGCTA,1
ACGTGTCTCCGAGCGA,1
ACGTGTCTCGGAGCAA,1
ACGTGTCTTCGAGCAA,1
ACGTGTCTTCTAGCAA,1
ACGTTTTCCAATAGGT,1
ACTACCAGGCTACGTA,1
ACTACGAAGCTACGTA,1
ACTACGAGCCTACGTA,1
ACTACGAGGCTACGTT,1
ACTACGAGGGTACGTA,1
ACTACGAGGTTACGTA,1
ACTACGATGCTACGTA,1
ACTATGGCTACGTGAG,1
ACTATTTGCGCTTCAA,1
ACTCCGAATGGGGTAG,1
ACTCTCGCTCGCTAAT,1
ACTCTGGCTCGCTAAG,1
ACTCTGGCTCGCTAGT,1
ACTCTGGCTCGTTAAT,1
ACTGTAGAGAAATTTT,1
ACTGTCTAAAAATTTT,1
ACTGTCTACAAATTTT,1
ACTGTCTAGAAACTTT,1
ACTGTCTAGAAATCTT,1
ACTGTCTCGAAATTTT,1
ACTGTCTCTAAATTTT,1
ACTGTTGGCTTGGTTA,1
ACTGTTGTACACACCA,1
ACTTAAATTCGAGGAC,1
ACTTAGTCCTCGTATG,1
ACTTATTAGGCGGCAT,1
ACTTCGAGGCTACGTA,1
ACTTTCTATAAATTTT,1
ACTTTCTCAAAACATA,1
AGAAAATCGCAGATAC,1
AGAAAATCTAAGAGAC,1
AGAAAATCTCAGAAAC,1
AGAAAATCTCAGTTAC,1
AGAAAATCTCCGATAC,1
AGAAAATCTCTGATAC,1
AGAAAATTTCAGATAC,1
AGAAAGTCTCGAGAAG,1
AGAACATCTCAGATAC,1
AGAACATCTCATATAC,1
AGAACCCAGGTCCTTT,1
AGAACTGAGGGCATTG,1
AGAAGTATGAAGAGCG,1
AGAATAGGGATAGGGG,1
AGAATTTAAGTATCAA,1
AGACAACAATACAAAT,1
AGACAGCCAGTTTCGT,1
AGACCATAGAACCCAA,1
AGACCATAGCACCCAA,1
AGACCATCGAACCCAA,1
AGACCATCGCACACAA,1
AGACCATCGCACCAAA,1
AGACCATCGCACCCCA,1
AGACCATCGCACCCGT,1
AGACCATCGCACCTAA,1
AGACCATCGCGCCCAA,1
AGACCATCTCACCCAA,1
AGACCGCAAGTTTCGT,1
AGACCGCCAGTTTAGT,1
AGACCGCCAGTTTCCT,1
AGACCGCCAGTTTCGC,1
AGACCGCTAGTTTCGT,1
AGACCTCCAGTTTCTT,1
AGACGGGTTGGCTGTA,1
AGACGTTTAGATAGTT,1
AGAGAAAATTATCCGC,1
AGAGAATCGCAAATTA,1
AGAGACACCCTTCCGG,1
AGAGACCTTTAACTCT,1
AGAGATAAAAAGAGGA,1
AGAGCCAAAAAGAGGA,1
AGAGCGAAAAAGAGGA,1
AGAGCTAAAAAGAGAA,1
AGAGCTAAAAAGATCA,1
AGAGCTAAAAAGATGA,1
AGAGCTAAGAAGAGGA,1
AGAGGATATATGGCTG,1
AGAGTCCACCATTGAG,1
AGAGTTCATAGCTCCA,1
AGATACTGGGGTATCA,1
AGATCCAACCTATAGT,1
AGATCCACACTATAGT,1
AGATCCACCCTACAGT,1
AGATCCACCCTATAGC,1
AGATCCACCCTATATT,1
AGATCCACCCTATGGT,1
AGATCCACCCTATTGT,1
AGATCCACGCTATAGT,1
AGATCCATCCTATAGT,1
AGATCCCAAGTCCTTT,1
AGATCCCACGTCCTTT,1
AGATCCCAGCTCCTTT,1
AGATCCCAGGGCCTTT,1
AGATCCCAGGTCCTTG,1
AGATCCCAGGTCGTTT,1
AGATCCCAGGTCTTTT,1
AGATCCCAGGTTCTTT,1
AGATCCCCAGTCCTTT,1
AGATCCCCGGTCCTTT,1
AGATCCCCGTTCCTTT,1
AGATCCCTGGTCCTTT,1
AGATCCGCCCTATAGT,1
AGATGCCAGGTCCTTT,1
AGATGTTTAATAGACG,1
AGATTCACCCTATAGT,1
AGATTCAGACTCTTGC,1
AGATTCCAGGTCCTTT,1
AGCAAACATGCATTGG,1
AGCAAATCTCAGATAC,1
AGCAGCATTGGTCGCC,1
AGCAGGATAATCGCGC,1
AGCATAAGGATATGTG,1
AGCATACGGATATGTG,1
AGCATAGGAATATGTG,1
AGCATAGGGAAATGTG,1
AGCATAGGGAGATGTG,1
AGCATAGGGATAAGTG,1
AGCATAGGGATAGGGG,1
AGCATAGGGATATCTG,1
AGCATAGGGCTATGTG,1
AGCATCTAACAGATTG,1
AGCATCTAACAGTTAG,1
AGCATCTAACTGATAG,1
AGCATCTATCAGATAG,1
AGCATCTTACAGATAG,1
AGCCACCCCAGAGATG,1
AGCCCAGGCTGGGGAT,1
AGCCCATGCAGGGGAT,1
AGCCCATGCCGGGGAT,1
AGCCCATGCTCGGGAT,1
AGCCCATGCTGAGGAT,1
AGCCCATGCTGGAGAT,1
AGCCCATGCTGGGAAT,1
AGCCCATGCTGGGGAA,1
AGCCCGTGCTGGGGAT,1
AGCCCTTGCTGGGGAT,1
AGCCGTTTAGATAGTT,1
AGCCTACGAGACGTAA,1
AGCCTATGCTGGGGAT,1
AGCGACAACGCCCTTT,1
AGCGACACCGCCCTTC,1
AGCGACATAGCCCTTT,1
AGCGACATCGCCCCTT,1
AGCGACATCGCCCTCT,1
AGCGGAGGGATAGGTG,1
AGCGGTGGTCGATCCG,1
AGCGTTGAATAGGCGA,1
AGCTCAATTAAGTATG,1
AGCTCCGGGGGTATCA,1
AGCTCCTGAGGTATCA,1
AGCTCCTGGAGTATCA,1
AGCTCCTGGCGTATCA,1
AGCTCCTGGGGAATCA,1
AGCTCCTGGGGTAGCA,1
AGCTCCTGGGGTATGA,1
AGCTCCTGGGGTGTCA,1
AGCTGAACTAAGTATG,1
AGCTGAAGGAAGTATG,1
AGCTGAAGTAAGTATG,1
AGCTGAATTAAGCATG,1
AGCTGAATTAAGGAGG,1
AGCTGAATTAAGTAAG,1
AGCTGAATTAAGTGTG,1
AGCTGAATTAAGTTTG,1
AGCTGAATTAATTATG,1
AGCTGCTGGGGTATCA,1
AGCTGGATTAAGTATG,1
AGGAAAGAAACAGGAG,1
AGGAAAGAAACTCGAG,1
AGGAAAGAAATTGGAG,1
AGGAACTTGTCGATAT,1
AGGAATCGTCACCGAT,1
AGGACCATAGTTGGCA,1
AGGACGAGAGTTGGCA,1
AGGACGATAGTTGGCA,1
AGGACTAGAGTTGGCA,1
AGGACTATACTTGGCA,1
AGGACTATAGGGGGCA,1
AGGACTATAGGGGGCG,1
AGGACTATAGTTAGCA,1
AGGACTATAGTTGCCA,1
AGGACTATATTTTTCA,1
AGGACTATTGTTGGCA,1
AGGACTGTAGTTGGCA,1
AGGACTTTAGTTGGCA,1
AGGAGCATGAAGAGCG,1
AGGAGGGATTCAACTC,1
AGGAGTATGAAAAGCG,1
AGGAGTATGAAGAACG,1
AGGAGTATGAAGAGCC,1
AGGAGTATGAATAGTG,1
AGGAGTATGACGAGCG,1
AGGAGTTTGAAGAGCG,1
AGGATAGGGATATGTG,1
AGGATCATAGGGAATA,1
AGGCCATGCTGGGGAT,1
AGGCCCGCAAGGACTA,1
AGGCCCGTAAAGACTA,1
AGGCCCGTAAGGACTG,1
AGGCCCGTAAGGATTA,1
AGGCCCGTAAGGGCTA,1
AGGCCCGTAATGATTA,1
AGGCCCGTATGGACTA,1
AGGCCGGTAAGGACTA,1
AGGCCTGTAAGGACTA,1
AGGCGGGGAGGTGATT,1
AGGCGTTGAGATAGTT,1
AGGCTCGTAAGGACTA,1
AGGGAAGAAACTGGAG,1
AGGGGAGTGGAGAAAC,1
AGGGGATGGGAGAAAC,1
AGGGGTGGCTTGGTTA,1
AGGGTAATAGGAAGCA,1
AGGGTCAGACTCTTGC,1
AGGTAAGAAACTGGAG,1
AGGTCCACCCTATAGT,1
AGGTGGACGGACATGG,1
AGGTGGACGGGCATAA,1
AGGTGGACGGGCATAG,1
AGGTGGACGGGGATGG,1
AGGTGGGGGCGCCCGG,1
AGGTGGGGTCTCCCTT,1
AGGTGTACGGGCATGG,1
AGGTGTTATAACTTGC,1
AGGTTCAAACTCTTGC,1
AGGTTCAGACTCATGC,1
AGGTTCAGACTCTTGG,1
AGGTTCAGACTCTTTT,1
AGGTTCAGCCTCTTAC,1
AGGTTGACGGGCATGG,1
AGGTTGAGACTCTTGC,1
AGGTTTAGACTCTTGC,1
AGTAAACATGCACTGG,1
AGTAAACATGCAGGGG,1
AGTAAACATGCAGTGG,1
AGTAAACATGCATCGG,1
AGTAAACATGCATTGC,1
AGTAAACATGCATTTG,1
AGTAAACATTCATTGG,1
AGTAAACATTCATTGT,1
AGTAAACGTGCATTGG,1
AGTAAAGATGCATTGG,1
AGTAAATATGCATTGG,1
AGTAATTTAGATAGTT,1
AGTACTTGCGCTTCAA,1
AGTAGACATGCATTGG,1
AGTAGTGGCGCTTCAA,1
AGTATATCCAACACCA,1
AGTATTTGCGCTTCAC,1
AGTATTTGCGTTTCAA,1
AGTCATTTAGATAGTT,1
AGTCCAAGGGACGGAC,1
AGTCCATGCTGGGGAT,1
AGTCCGAAGGGGGGAG,1
AGTCCGAATGGGGTAG,1
AGTCCGGATAAAGTAG,1
AGTCCTATCCTCAAGT,1
AGTCCTTTAGATAGCC,1
AGTCCTTTAGATAGTT,1
AGTCCTTTCCTCAAAT,1
AGTCGGTTAGATAGTT,1
AGTCGTTTAGATAGTG,1
AGTCGTTTAGGTAGTT,1
AGTCGTTTGGATAGTT,1
AGTCTTGAATAGGCGA,1
AGTCTTGGCTTGGTTA,1
AGTGCCATAGGCATGG,1
AGTGGAGCGCCCTTAC,1
AGTGGTGAATAGGCGA,1
AGTGGTGGCTTGGGGA,1
AGTGGTTTAGATAGTT,1
AGTGTCGGCTTGGTTA,1
AGTGTCGTATCCACAG,1
AGTGTGAATTCGCCCA,1
AGTGTGGAAGAGGCGA,1
AGTGTTGAATATGCGC,1
AGTGTTGGCATGGTTA,1
AGTGTTGGCGTGGTGA,1
AGTGTTGGCTTCGTTA,1
AGTTAAATTATAGTCT,1
AGTTAAATTCGAGGAC,1
AGTTAACGGCCTATCC,1
AGTTAGGGTCTACCTT,1
AGTTCCAGAGGCATGG,1
AGTTCCATAGGCACGG,1
AGTTCCATAGGCATAA,1
AGTTCCATAGGCATGA,1
AGTTCCATAGGCATTG,1
AGTTCCATAGGCGTGG,1
AGTTCCATAGGCTTGG,1
AGTTCCATAGGGATGG,1
AGTTCCATAGTCATGG,1
AGTTCCTGGGGTATCA,1
AGTTCTATCCTCAAAT,1
AGTTGATGCATTCCCG,1
AGTTGGCGTCTCCCTT,1
AGTTGGGGTCTACCTT,1
AGTTGGGGTCTCCCTA,1
AGTTGGGGTCTCCGTT,1
AGTTGGGGTCTCGCTT,1
AGTTGGGGTTTCCCTT,1
AGTTGTTTAGATAGTT,1
AGTTTTTATAACTTGA,1
AGTTTTTATGACTTGC,1
AGTTTTTGGTTCGAGG,1
AGTTTTTTAGATAGTT,1
ATAACACAAAAAATTA,1
ATAACCTTTGTGCAAA,1
ATAACGCTTGTGCAAA,1
ATAACGGAGGGCATTG,1
ATAACGTTCGTGCAAA,1
ATAACGTTTCTGCAAA,1
ATAACGTTTGCGCAAA,1
ATAACGTTTGGGCAAA,1
ATAACGTTTGTGCAGA,1
ATAACGTTTGTGGAAA,1
ATAACTCAGGGCATTG,1
ATAACTGAGGGAATTG,1
ATAACTGAGGGCAGGG,1
ATAACTGAGGGCATCA,1
ATAACTGAGGGCATTA,1
ATAACTGAGGGGATTG,1
ATAACTGAGTGCATTG,1
ATAAGCTTCATGGAGT,1
ATAATGTTTGTGCAAA,1
ATAATTCGCATGCGGA,1
ATACAAAAAACTTAGT,1
ATACACGAGGTTATGA,1
ATACACGCATGCGCCA,1
ATACACGCATGGGCCA,1
ATACACGCGTGTGCCA,1
ATACCATCGCACCCAA,1
ATACCCATAAGACCCC,1
ATACGATTTAAAGGCA,1
ATAGAAAAAACTGAGT,1
ATAGAAAATCATCCGC,1
ATAGAAAATGATCCGC,1
ATAGAAAATTACCCGC,1
ATAGAAAATTATACGC,1
ATAGAAAATTATCCGG,1
ATAGAAACGCAAATTA,1
ATAGAATCGCGAATTA,1
ATAGAATCGTAAATTA,1
ATAGAATGGCAAATTA,1
ATAGAATTGCAAATTA,1
ATAGACGCATGTGCCA,1
ATAGAGAATTATCCGC,1
ATAGAGTCGCAAATTA,1
ATAGATACTAGGACCA,1
ATAGCCCACGGGCATA,1
ATAGCTGAGGGCATTG,1
ATAGGAGATATGGCTG,1
ATAGGATATAAGGCTG,1
ATAGGATATAGGGCTG,1
ATAGGATATATAGCTG,1
ATAGGATATATGGCGG,1
ATAGGATCGCAAATTA,1
ATAGTATATATGGCTG,1
ATATAAAAAACCTAGT,1
ATATAAAAAACTAAGT,1
ATATAAAAAACTTAGC,1
ATATAAAAAACTTTGT,1
ATATAAAAAAGTTAGT,1
ATATAAAAAATTTAGT,1
ATATAAAATTATCCGC,1
ATATACGAGGTTGTGA,1
ATATACGAGGTTGTTA,1
ATATCTCAGGTCCTTT,1
ATATCTGTAGAGCGCT,1
ATATCTTAATCTACAG,1
ATATGATATATGGCTG,1
ATCAGGACAATCGCGC,1
ATCAGGAGAAGAGCGC,1
ATCAGGAGAATCGCGC,1
ATCAGGATAATCCCGC,1
ATCAGGATAATTGCGC,1
ATCAGGATAGTCGCGC,1
ATCAGGATGATCGCGC,1
ATCAGGGTAATCCCGC,1
ATCAGGGTAATCGCGC,1
ATCATATGGATATGTG,1
ATCATCATATCTAATA,1
ATCCAATTTAAAGGCA,1
ATCCGATTTAAAGGCG,1
ATCCGATTTAAAGGCT,1
ATCCGATTTGAAGGCA,1
ATCCTATTTAAAGGCA,1
ATCGGATTGGAGAAAC,1
ATCGTTGTACACACCA,1
ATCTGATTTAAAGGCA,1
ATCTGCGTTCATCGAT,1
ATCTGGATAATCGCGC,1
ATGAAGCTATAGAAGT,1
ATGAGATTATAACGTA,1
ATGAGATTGGAGAAAC,1
ATGAGCGAGAAAAGCA,1
ATGATTGATTGAAGTT,1
ATGCGGTGATGTGATT,1
ATGCTCCTGAGTAGTA,1
ATGCTTTTACGTCCAT,1
ATGGAAAATTATCCGC,1
ATGGCACACGGGCATA,1
ATGGCATTGGAGAAAC,1
ATGGCCCACGGGAATA,1
ATGGCCCACGGGCATT,1
ATGGCCCACGGGTATA,1
ATGGCCCATGGGCATA,1
ATGGCCCGCGGGCATA,1
ATGGCTCACGGGCATA,1
ATGGGATTCGAGAAAC,1
ATGGGATTGAAGAAGC,1
ATGGGATTGCAGAAAC,1
ATGGGATTGGAGAAAG,1
ATGGGATTGGAGAATC,1
ATGGGATTGGCGAAAC,1
ATGGGATTTGGGAAAC,1
ATGGGGAACGGGAAGT,1
ATGGGTTTACGTCCAT,1
ATGGTCCCTATGTAAT,1
ATGGTGTTACGTCCAT,1
ATGGTTTGAAGTCCAT,1
ATGGTTTTACATCCAT,1
ATGGTTTTACCTCCAT,1
ATGGTTTTACGGCCAT,1
ATGGTTTTACGTACAT,1
ATGGTTTTACGTCTAT,1
ATGGTTTTACGTGCAT,1
ATGTCCCACGGGCATA,1
ATTAAAATTCGAGGAC,1
ATTAAGGCTACGTGAG,1
ATTACGGCTACGTGAG,1
ATTACTGAGGGCATTG,1
ATTAGATCATAACGTA,1
ATTAGATGAGAACGTA,1
ATTAGATTATAACGTG,1
ATTAGATTATAATGTA,1
ATTAGATTATACCGTA,1
ATTAGATTATATCGTA,1
ATTAGGGCTAAGTGAG,1
ATTAGGGCTACGAGAG,1
ATTAGGGCTACGTAAG,1
ATTAGGGCTACGTCAG,1
ATTAGGGCTACGTGCG,1
ATTAGGGCTACGTGTG,1
ATTAGGGCTAGGTGAG,1
ATTAGGTTTACGTGAG,1
ATTATCATATCTAAAA,1
ATTATCATATCTAAAT,1
ATTATCATATCTAAGA,1
ATTATCATATCTAATG,1
ATTATCATATCTACTA,1
ATTATCATTTCTAATA,1
ATTATCTTATCTAATA,1
ATTATTATGACTTCAT,1
ATTCACAGAACCTATC,1
ATTCAGCGTTGTTTTG,1
ATTCCGAACGGGTTAG,1
ATTCCGAATGCGGTAG,1
ATTCCGAATGGCGTAG,1
ATTCCGAATGGGCTAG,1
ATTCCTAATGTGGTAG,1
ATTCGATTATAACGTA,1
ATTCGGCTCTTTATTA,1
ATTCTTCTATGGCTAC,1
ATTGCGAATGGGGTAG,1
ATTGCGAGCATGTCAA,1
ATTGTCTAGAAATTTT,1
ATTGTTGAATAGGCGA,1
ATTGTTGGCTTGGTTA,1
ATTTAAAGGCGAGGAC,1
ATTTAAAGTCGAGGAC,1
ATTTAAATTCCAGGAC,1
ATTTAAATTCGAGAAC,1
ATTTAAATTTGAGGAC,1
ATTTACTCACTATACG,1
ATTTACTCATGATACG,1
ATTTACTCATTATAAG,1
ATTTACTCATTATACA,1
ATTTACTCATTATATG,1
ATTTCTCTATGGCTAC,1
ATTTGCTCATTATACG,1
ATTTTCCTATGGCTAC,1
ATTTTTCCATGGCTAC,1
ATTTTTCTAAGGCTAC,1
ATTTTTCTATAGCTAC,1
ATTTTTCTATGGCGAC,1
ATTTTTCTATGGCTAA,1
ATTTTTCTATGGCTCC,1
ATTTTTCTATGGCTTC,1
ATTTTTCTATGGGTAC,1
ATTTTTCTTTGGCTAC,1
ATTTTTTATAACTTGC,1
CAAAACCTACGGCGAC,1
CAAAAGCAGCACGATG,1
CAAAAGCAGCACTATA,1
CAAAAGCAGGACGATA,1
CAAAAGCATCACGATA,1
CAAAAGCGGCACGATA,1
CAAAAGTAGCACGATA,1
CAAAATCCACGGCGAC,1
CAAAATCTACGGAGAC,1
CAAAATCTACGGCGAA,1
CAAAATCTACGGGGAC,1
CAAAATCTACTGCGAC,1
CAAACAGAGTTTGTTG,1
CAAACAGTCCTAGCAA,1
CAAAGCCCCGTGCAAT,1
CAAAGGCTGCATTAGG,1
CAAAGTCTACGGCGAC,1
CAAATCCTGCATTAGG,1
CAAATGCAGCACGATA,1
CAAATGCTGCAGTAGG,1
CAAATGCTGCATAAGG,1
CAAATGCTGCATTCGG,1
CAACTAGGATCGCACT,1
CAAGATCTACGGCGAC,1
CAAGCACAGCGTAGGC,1
CAAGCTCTAGAGCTCT,1
CAAGGAGAAATACAGA,1
CAAGTGCTGCATTAGG,1
CAATAATAGAACAGAG,1
CAATCCGCCGTTCCCC,1
CAATCTTTACGAAAAA,1
CAATGAGAAATACAGA,1
CAATTAGAAAAACATA,1
CAATTAGAAATACTTA,1
CAATTAGATATACATA,1
CAATTAGTAATACATA,1
CAATTCACAATATCCA,1
CAATTCACCGTTCCCC,1
CAATTCGAAATACATA,1
CAATTCGACGTTCCCC,1
CAATTCGCCGTTCCCT,1
CAATTCTCCGTTCCCC,1
CAATTTAACAGACGTA,1
CACAAGATGTACAGTC,1
CACAATCAGCACCTAG,1
CACAGAAAATAAAAAA,1
CACAGACAATAGAAAA,1
CACAGACAATGAAAAA,1
CACAGATAATAAAAAA,1
CACAGGCAATAAAAAA,1
CACAGGCTAATGTCTC,1
CACCAACCTTCGAACT,1
CACCAAGGATCGCACT,1
CACCAATATTCGAACT,1
CACCAATCTTAGAACT,1
CACCAATCTTCTAACT,1
CACCAGATGTACAGTC,1
CACCATCAACACCTAG,1
CACCATCAGCACCTTG,1
CACCATCAGCACTTAG,1
CACCATCAGCATCTAG,1
CACCATCAGCGCCTAG,1
CACCATGAGCACCTAG,1
CACCCAGGATCGCACT,1
CACCCGCTGTTTAAAA,1
CACCGCCCCGAGCACC,1
CACCGCGCCGAACACC,1
CACCGCGCCGAGCACT,1
CACCGCGCCGAGGACC,1
CACCGCGCCGGGCACC,1
CACCGCGCTGAGCACC,1
CACCGCGTCGAGCACC,1
CACCGTCAGCACCTAG,1
CACCTAGGATCGCCCA,1
CACCTAGGATCGTACT,1
CACCTAGTATCGCACT,1
CACCTGCTGCGGAACG,1
CACCTGGGATCGCACT,1
CACGAACGGCGAACTC,1
CACGACCGGCGAACTC,1
CACGAGCTAATGTCTC,1
CACGCGCTAATGTCTC,1
CACGGACAATAAAAAA,1
CACGGCAGGCGAACTC,1
CACGGCCGGCGAACGC,1
CACGGCCGGCGAACTA,1
CACGGCCGGCGGACTC,1
CACGGCCGGCTAACTC,1
CACGGCCGTCTAACTC,1
CACGGGCGAATGTCTC,1
CACGGGCGGCGAACTC,1
CACGGGCTAACGTCTC,1
CACGGGCTAATGCCTC,1
CACGGGCTAATGGCTC,1
CACGGGCTAATGTCTA,1
CACGGGCTAGTGTCTC,1
CACGGGGTAATGTCTC,1
CACGTAGGATCGCACT,1
CACGTGCTAATGTCTC,1
CACGTGGAGCACAACA,1
CACTAAATGTACAGTC,1
CACTAATGCCGTTGTC,1
CACTACATGTACAGTC,1
CACTAGAGGTACAGTC,1
CACTAGATATACAGTC,1
CACTAGATGCACAGTC,1
CACTAGATGTACAGTT,1
CACTAGATGTAGAGTC,1
CACTATCAGCACCTAG,1
CACTTAGGATCGCACT,1
CAGAACAGAGTTGTCT,1
CAGAACCTCGTCGTCT,1
CAGAACCTCGTGGTCT,1
CAGAACCTCGTTATCT,1
CAGAACCTCGTTCTCT,1
CAGAACCTCGTTGACC,1
CAGAACGTCGTTGTCT,1
CAGAATCTACGGCGAC,1
CAGACAGTGATGAACA,1
CAGAGGGATTCAACTC,1
CAGATAAGATAGAGAC,1
CAGATAATAGAGAGAC,1
CAGATAATATAGAGAA,1
CAGATAATGATGAACA,1
CAGATAGAAATACATA,1
CAGATAGTGATAAACA,1
CAGATAGTGATGAGTA,1
CAGATAGTTATGAACA,1
CAGATTGATTGAAGTT,1
CAGCATTGTCGGAAAG,1
CAGCCAGGGAATCAAA,1
CAGCGCGCCGAGCACC,1
CAGCTGATAGTAACTC,1
CAGGAAATGTAAATAA,1
CAGGATCTAGGGCTCT,1
CAGGCCCTAGAGCTCT,1
CAGGCGCTAGAGCTCT,1
CAGGCTCGAGAGCTCT,1
CAGGCTCTACAGCTCT,1
CAGGCTCTAGACCTCT,1
CAGGCTCTAGAGCTCG,1
CAGGCTCTAGAGCTTT,1
CAGGCTCTAGAGGTCT,1
CAGGCTCTTGAGCTCT,1
CAGGCTTTAGAGCTCT,1
CAGGGGAATTGCCACT,1
CAGGGGATACGTCACC,1
CAGGTTCTAGAGCTCT,1
CAGTATTTGTCATGGG,1
CAGTCTCTAGAGCTCT,1
CATAAAAAACTGTATA,1
CATAAAAGAAGGTATA,1
CATAAAAGACCGTATA,1
CATAAAAGACTGGATA,1
CATAAAAGACTGTGTA,1
CATAAAAGACTTTATA,1
CATAAAAGAGTGTATA,1
CATAAAGGACTGTATA,1
CATAAGAGACTGTATA,1
CATACAGAATTTGTTG,1
CATACAGACTTTGTTG,1
CATACAGAGATTGTTG,1
CATACAGAGCTTGTTG,1
CATACAGAGTTCGTTG,1
CATACAGAGTTTCTTG,1
CATACAGAGTTTGGTG,1
CATACAGAGTTTGTAG,1
CATACAGAGTTTGTTA,1
CATACTCACGGAGGAT,1
CATATAATATAGAGAC,1
CATATAGAGTTTGTTG,1
CATCGCCATCGACTTC,1
CATCTAGGATCGCACT,1
CATCTGAATTCGCCCA,1
CATGAAACAATCGAAC,1
CATGAGAATTGCCACT,1
CATGCGAATTCGCCCA,1
CATGGGAAGTGCCACT,1
CATGGGAATTCGCCCA,1
CATGGGAATTGCCACG,1
CATGGGAATTGCCATT,1
CATGGGCTAATGTCTC,1
CATGTAAATTCGCCCA,1
CATGTCGTATCCACAG,1
CATGTGAATGCGCCCA,1
CATGTGAATTCCCCCA,1
CATGTGAATTCGCACA,1
CATGTGAATTCGCCCC,1
CATGTGAATTCGCCGA,1
CATGTGAGTTCGCCCA,1
CATGTGGAGACCAATA,1
CATGTGGAGCCCAAGA,1
CATGTGGAGCCTAACA,1
CATGTGGAGCGCAACA,1
CATGTGGAGGCCAACA,1
CATGTGGATTCCAACA,1
CATGTGGCGCCCCCCA,1
CATGTGGTGCCCAACA,1
CATGTTAATTCGCCCA,1
CATTCCTGATGAATTG,1
CATTGAGACGCCCAAG,1
CATTGAGACGCGGAAG,1
CATTGAGACGGGCAAG,1
CATTGCTGATGAATTG,1
CATTGGAATTGCCACT,1
CATTGGCTCTTGATTA,1
CATTGTAATTGCCCCT,1
CATTTCCGATGAATTG,1
CATTTCGGATGAATTG,1
CATTTCTAATGAATTG,1
CATTTCTGATAAATTG,1
CATTTCTGATGAAGTT,1
CATTTCTGATGAATAG,1
CATTTCTGATGAATGG,1
CATTTCTGATGAGTTG,1
CATTTCTGATGGATTG,1
CATTTCTGTTGAATTG,1
CCAAAAAAAAAAATTA,1
CCAACACAAAAAAATA,1
CCAACACAAAAAATTT,1
CCAACACATAAAATTA,1
CCAACAGAAAAAATTA,1
CCAAGCAGTGTAGTTG,1
CCAAGCTTGCCGCATC,1
CCAAGCTTGGCGAAGC,1
CCAAGCTTGGCGCACT,1
CCAAGCTTGGCGCAGC,1
CCAAGCTTGGCGCCTC,1
CCAAGCTTGGCGTATC,1
CCAATCTGAACCATAC,1
CCAATGCTGCATTAGG,1
CCACACCTCTAAAGTT,1
CCACATTAGCGGGAGG,1
CCACGACTCGACTAAC,1
CCACGCTTGGCGCATC,1
CCAGGGTTAAGTTGTG,1
CCATCACAAAAAATTA,1
CCATCCTCAACTCCTA,1
CCATCTTTACGAAAAA,1
CCATTTAACAGACGTA,1
CCCAATGAAATAAGCT,1
CCCACACCCCTAGCTA,1
CCCACTTTACGAGACA,1
CCCAGCAATGAGTTGT,1
CCCAGCTCGTATCCCT,1
CCCATTTACTGAAGGG,1
CCCCAGCTGTTTAAAA,1
CCCCCACTGTTTAAAA,1
CCCCCGCTCTTTAAAA,1
CCCCCGCTGTGTAAAA,1
CCCCCGCTTTTTAAAA,1
CCCCTCCTCCAAAGTT,1
CCCCTCCTCTAAAGGT,1
CCCCTCCTCTAAAGTA,1
CCCCTCCTCTAAGGTT,1
CCCCTCCTGTAAAGTT,1
CCCCTCCTTTAAAGTT,1
CCCCTTACGGATCTCT,1
CCCGATGAAATAAGCT,1
CCCGGCGTTAGTGTCA,1
CCCGGGTTAAGTTGTG,1
CCCTAAGCGGCTCGGG,1
CCCTACTCAAGGGTAA,1
CCCTAGATGTACAGTC,1
CCCTATAAAATGAGCT,1
CCCTATCAAATAAGCT,1
CCCTATGAAATAACCT,1
CCCTATGAAGTAAGCT,1
CCCTATGTAATAAGCT,1
CCCTCCGCAAGGGTAA,1
CCCTCCTCAAAGGTAA,1
CCCTCCTCAAGGGCAA,1
CCCTCCTCAAGGTTAA,1
CCCTCTTCAAGGGTAA,1
CCCTGCACGGCTCGGG,1
CCCTGCAGGGCTCGGG,1
CCCTGCGCGCCTCGGG,1
CCCTGCGCGGCACGGG,1
CCCTGCGCGGCTTGGG,1
CCCTGCGCGGTTCGGG,1
CCCTGTGAGGCTCGGG,1
CCCTTCCTCTAAAGTT,1
CCCTTCGCTGCTCGGG,1
CCCTTGAAGGATCTCT,1
CCCTTTAAGGATCTCT,1
CCCTTTACGCATCTCT,1
CCCTTTACGGACCTCT,1
CCCTTTACGGATCTCG,1
CCCTTTACGGGTCTCT,1
CCCTTTGAAATAAGCT,1
CCGACCCTAGATGGTA,1
CCGAGCTGCCAATAAG,1
CCGAGTTAATATGCGC,1
CCGATTACTAGCCGGA,1
CCGCACTAGCGGGAGG,1
CCGCATTAGCGGTAGG,1
CCGCATTAGCTGGAGG,1
CCGCATTAGTGGGAGG,1
CCGCGAAAGTTTAGAG,1
CCGCGCACATTTAGAG,1
CCGCGCACGTTTAGAA,1
CCGCGCACGTTTGGAG,1
CCGGACAAATCAGAAC,1
CCGGATAAACCAGAAC,1
CCGGATAAATCAGAAG,1
CCGGATAAATCAGAGC,1
CCGGATAAATGAGAAC,1
CCGGATAAATTAGAAC,1
CCGGGGATTGGCTGTT,1
CCGGGGTTAAGTGGTG,1
CCGTATGAAATAAGCT,1
CCGTCCGTTGGGAACT,1
CCGTCGCACTACTGCT,1
CCGTGCGCGGCTCGGG,1
CCGTGTCTCCGAGCAA,1
CCTACTGCGCGAGAGT,1
CCTAGGTATTACATGC,1
CCTCAGCTCTTAGCCG,1
CCTCTCTCAAAACATA,1
CCTGACCCCCTCCAAC,1
CCTGGAAACGATCCCC,1
CCTGGCTTAAGTTGTG,1
CCTGGGTGAAGTGGTG,1
CCTGGGTTAAGCTGTG,1
CCTGGGTTAAGGTGGG,1
CCTGGGTTAAGTAGTA,1
CCTGGGTTAAGTGGGG,1
CCTGGGTTAAGTTGGG,1
CCTGGGTTACGTTTTG,1
CCTTAAATTATAGTCT,1
CCTTATGAAATAAGCT,1
CCTTCAGCGATAACGG,1
CCTTGACATAGCGATG,1
CCTTGAGGCATTCCCG,1
CCTTGATCCATTCCCG,1
CCTTGATGCAGTCCCG,1
CCTTGATGCCTTCCCG,1
CCTTGATGCGTTCCCG,1
CCTTGCGCGGCTCGGG,1
CCTTGGTGCATTCCCG,1
CCTTGTTGCATTCCCG,1
CCTTTATCAAAACATA,1
CCTTTCCCAAAACATA,1
CCTTTCGCGGCTCGGG,1
CCTTTCTCAAAACACA,1
CCTTTCTCAAAACATC,1
CCTTTCTCAAAACATG,1
CCTTTCTCGAAACATA,1
CGAAAAACGTCCCAGT,1
CGAAAACATTACAAAG,1
CGAAAACATTACAAGT,1
CGAAAATATTACAAAT,1
CGAAACAAGTCCCAGT,1
CGAAACACATCCCAGT,1
CGAAACACGTACCAGT,1
CGAAACACGTCACAGT,1
CGAAACACGTCCCACT,1
CGAAACACGTCCCCGT,1
CGAAACACGTCCGAGT,1
CGAAACACGTCTCAGT,1
CGAAACACTTCCCAGT,1
CGAAACATGTCCCAGT,1
CGAAACGCAGACACGT,1
CGAAAGCAGCACGATA,1
CGAACCGCAGACACGC,1
CGAACCGCAGACACGG,1
CGAACCGCAGACACTT,1
CGAACCGCAGACATGT,1
CGAACCGCAGAGACGT,1
CGAACCGCAGATACGT,1
CGAACCGCCGACACGT,1
CGAACCGCTGACACGT,1
CGAACCGTAGACACGT,1
CGAAGCACGTCCCAGT,1
CGAAGCGCAGACACGT,1
CGAAGCTTGGCGCATC,1
CGAAGGGAAGTATCAA,1
CGAATCGCAGACACGT,1
CGAATGCTGCATTAGG,1
CGACGCCACGGACGCC,1
CGACTCCACGGAAGCC,1
CGACTCCACGGACGTC,1
CGACTCCACGTACGCC,1
CGACTCTACGGACGCC,1
CGAGCTTAATCTACAG,1
CGAGTACCCTTCAGCA,1
CGAGTTCATAGCTCCA,1
CGATCTTTACGAAAAG,1
CGATCTTTACGAAAAT,1
CGATCTTTACGAAACA,1
CGATCTTTACGAAGAA,1
CGATCTTTACGAATAA,1
CGATCTTTACGAGAAA,1
CGATCTTTACGGAAAA,1
CGATCTTTACTAAAAA,1
CGATCTTTATGAAAAA,1
CGATGTAACAGACGGA,1
CGCAAATAATTGGCGC,1
CGCAATTTACGAGACA,1
CGCACGTTACGAGACA,1
CGCACTTTACCAGACA,1
CGCACTTTACGAAACA,1
CGCACTTTACGAGACC,1
CGCACTTTACGAGTCA,1
CGCACTTTACGCGACA,1
CGCACTTTAGGAGACA,1
CGCAGAATTGGTCGCC,1
CGCAGACAATAAAAAA,1
CGCAGCATTAGTCGCC,1
CGCAGCATTGATCGCC,1
CGCAGCATTGGCCGCC,1
CGCAGCATTGGTGGCC,1
CGCAGTGGTATACATA,1
CGCAGTTTACGAGACA,1
CGCCAATCTTCGAACT,1
CGCGAAAAACTTCCGG,1
CGCGACACCCATCCGC,1
CGCGACACCCTTACAG,1
CGCGTCACCCTTCCGG,1
CGCTAGATGTACAGTC,1
CGCTATGAAATAAGCT,1
CGCTCCTGGGGTATCA,1
CGGAAAATGTAAATGA,1
CGGAAAGAAACTGGAG,1
CGGACAGTGGAATCGA,1
CGGACCCAAGATGGTA,1
CGGACCCTACATGGTA,1
CGGACCGCAGACACGT,1
CGGACGCTAGATGGTA,1
CGGACTATAGTTGGCA,1
CGGACTTTACGAGACA,1
CGGAGACAAGATTGTA,1
CGGAGCGGCCAATAAG,1
CGGAGGGATTCAACTC,1
CGGCAACATACATAAC,1
CGGCCAGAGAATCAAA,1
CGGCCAGGAAATCAAA,1
CGGCCAGGGAACCAAA,1
CGGCCAGGGAATGAAA,1
CGGCCAGGGAATTAAA,1
CGGCCAGGGTATCAAA,1
CGGCGAGGGAATCAAA,1
CGGGAAACGTAAATGA,1
CGGGAAAGGGAAATGA,1
CGGGAAATGAAAATGA,1
CGGGAAATTTAAATGA,1
CGGGAACAGACAGAAC,1
CGGGAACAGACATAAC,1
CGGGAACATAAATAAA,1
CGGGAACATACACAAC,1
CGGGAACATACATACC,1
CGGGAACATACATATC,1
CGGGAACATACTTAAC,1
CGGGAACATAGATAAC,1
CGGGAACGTACATAAC,1
CGGGAAGCTCCCATAC,1
CGGGAATATCCCATAC,1
CGGGAATCTACCATAC,1
CGGGAATCTCACATAC,1
CGGGAATCTCCCATAA,1
CGGGAATCTCCCATCC,1
CGGGAATCTCCCATGC,1
CGGGAATCTCCCATTC,1
CGGGAATCTCCGATAC,1
CGGGAATCTTCCATAC,1
CGGGACCCCCTCCAAC,1
CGGGCGGGACTCATCT,1
CGGGGACAAAATTGTA,1
CGGGGACAAGAATGTA,1
CGGGGACAAGATGGGA,1
CGGGGACAAGATTGGA,1
CGGGGACAAGATTTTA,1
CGGGGACAATATTGTA,1
CGGGGACGAGATTGTA,1
CGGGGGTGGGGTGGGG,1
CGGGTACAAGATTGTA,1
CGGTAAATTATAGTCT,1
CGGTCCGCTTCATGCT,1
CGGTCGGAACTCATCT,1
CGGTCGGGACCCATCT,1
CGGTCGGGACTCATCG,1
CGGTCGGGATTCATCT,1
CGGTCGGGGCTCATCT,1
CGGTGACAAGATTGTA,1
CGTAAAAGACTGTATA,1
CGTACACTGTAATCGA,1
CGTACAGTGTAAACGA,1
CGTACAGTGTAATCGG,1
CGTACAGTGTAGTCGA,1
CGTACTTTACGAGACA,1
CGTATACACTTCAGCA,1
CGTATAGTGTAATCGA,1
CGTCCAGCGATAATGG,1
CGTCGGCTCTTGATTA,1
CGTCGTTTAGATAGTT,1
CGTGAAATGTAAATGA,1
CGTGAATCTCCCATAC,1
CGTGACACCCTCCAAC,1
CGTGACCCACTCCAAC,1
CGTGACCCCCACCAAC,1
CGTGACCCCCTCCATC,1
CGTGACCCCCTCTAAC,1
CGTGACCCCCTTCAAC,1
CGTGACCCCGTCCAAC,1
CGTGACCTCCTCCAAC,1
CGTGGGAATTGCCACT,1
CGTGGGTTAAGTTGTG,1
CGTGTACCCTGCAGCA,1
CGTGTACCCTTAAGAA,1
CGTGTACCGTTCAGCA,1
CGTGTCGTATCCACAG,1
CGTGTTCCCTTCAGCA,1
CGTGTTGGCTTGGTTA,1
CGTTAAAGGCCTATCC,1
CGTTAACAGCCTATCC,1
CGTTAACGACCTATCC,1
CGTTAACGGCCCATCC,1
CGTTAACGGCCTGTCC,1
CGTTAACGGCCTTTCC,1
CGTTAACGGTCTATCC,1
CGTTAACTGCCTATCC,1
CGTTCAGCGATAACAA,1
CGTTCAGCGATAACCG,1
CGTTCAGCGATAACGC,1
CGTTCAGCGATAAGGG,1
CGTTCAGCGATACCGG,1
CGTTCAGCGATGACGG,1
CGTTCAGCGTTAACGG,1
CGTTGACGGCCTATCC,1
CGTTGAGACGCGCAAG,1
CGTTGATGCATTCCCG,1
CGTTGGGGTCTCCCTT,1
CGTTGTAATCTGAATA,1
CGTTTTTGGTTCGGGG,1
CGTTTTTGGTTCTAGG,1
CGTTTTTTGTTCGAGG,1
CTAAAACATTACAAAT,1
CTAAACACGTCCCAGT,1
CTAAACTTGTCGATAT,1
CTAACACATCGTAGGC,1
CTAACAGAATACTAGA,1
CTAACTTAAGTATCAA,1
CTAAGCAAAGTTGACC,1
CTAAGTTAAGTATCAA,1
CTAATCTAAGTATCAA,1
CTAATTTAACTATCAA,1
CTAATTTAAGCATCAA,1
CTAATTTAAGTAACAA,1
CTAATTTAAGTACCAA,1
CTAATTTAAGTAGCAA,1
CTAATTTAAGTATCTA,1
CTAATTTAAGTATGAA,1
CTAATTTAAGTATTAA,1
CTAATTTTAGTATCAA,1
CTACGGCTCTTGATTA,1
CTAGAGGCATGGCCCC,1
CTAGCACACCGTAGGC,1
CTAGCACAGCCTAGGC,1
CTAGCACAGCGAGGGC,1
CTAGCACAGCGTAGCC,1
CTAGCACAGCGTCGGC,1
CTAGCACAGCTTATGC,1
CTAGCACAGGGTAGGC,1
CTAGCTCAGCGTAGGC,1
CTATAAACAGTTTGTA,1
CTATAAACCCTTTGTA,1
CTATAAACCGCTTGTA,1
CTATAAACCGTCTGTA,1
CTATAAAGCGTTTGTA,1
CTATAAATCGTTTGTA,1
CTATAAATTATAGTCT,1
CTATAACCCGTTTGTA,1
CTATAGACCGTTTGTA,1
CTATATCGCCCGGAAG,1
CTATATTGCCGGGAAG,1
CTATCACAGCGTATGC,1
CTATCTAACAGACGTA,1
CTATCTGAATCTACAG,1
CTATCTTAAGCTACAG,1
CTATCTTAATCTAGAG,1
CTATCTTGATCTACAG,1
CTATTAGAAATACGTA,1
CTATTCAACAGACGTA,1
CTATTTAACAAACGTA,1
CTATTTAACAGACGGA,1
CTATTTAACAGATGTA,1
CTATTTAACCGACTTA,1
CTATTTAACCGCCTTA,1
CTATTTAAGAGACGTA,1
CTCAAAGAATTGGCGC,1
CTCAAATAACTGGCGC,1
CTCAAATAAGTGGCGC,1
CTCAAATAATAGGAGC,1
CTCAAATAATAGGCGC,1
CTCAAATAATCGGCGC,1
CTCAAATAATTAGCGC,1
CTCAAATAGTTGGCGC,1
CTCAAGTTACGGATGG,1
CTCAATGAAATAAGCT,1
CTCAATGCCGTAGGAT,1
CTCAATGGCGTAGGAT,1
CTCAATGTCATAGGAT,1
CTCAATGTCCTAGGAT,1
CTCAATGTCGTAGAAT,1
CTCAATGTCGTAGCAT,1
CTCAATGTTGTAGGAT,1
CTCACTGCGCGAGAGT,1
CTCACTTTACTAGACA,1
CTCAGATAATTGGCGC,1
CTCAGTGTCGTAGGAT,1
CTCCCGCTGTTTAAAA,1
CTCCTAAGGGACGATT,1
CTCCTAGGGAACGATT,1
CTCCTAGGGGACGTTT,1
CTCCTAGGTGACGATT,1
CTCCTCCTCTAAAGTT,1
CTCGCATCCTGGAATG,1
CTCGCCGCTAATCCGA,1
CTCTATGAAATAAGCT,1
CTCTTACGCTCCGACG,1
CTCTTACGCTCCTAAG,1
CTCTTACGCTCCTACT,1
CTCTTACGCTGCTACG,1
CTCTTACTCTCCTACG,1
CTCTTGCGCTCCTACG,1
CTGAAAGGATCTGTGG,1
CTGAAAGTATCTGTGG,1
CTGAAATTATCTGTAG,1
CTGAAATTGTCGATAT,1
CTGAACGTGTCGATAT,1
CTGAACTCGTCGATAT,1
CTGAACTGGTCGATAT,1
CTGAACTTAACTGTGG,1
CTGAACTTAGAGGTGG,1
CTGAACTTATCGATAT,1
CTGAACTTATCTGAGG,1
CTGAACTTATCTGGAG,1
CTGAACTTATCTGGGG,1
CTGAACTTGGCGATAT,1
CTGAACTTGTCAATAT,1
CTGAACTTGTCGAGAT,1
CTGAACTTGTCGATAA,1
CTGAACTTGTCGTTAT,1
CTGAACTTGTCTTTGG,1
CTGAACTTGTTGATAT,1
CTGAACTTTTCGATAT,1
CTGAAGGCCTGGCCCC,1
CTGAATTTATCTGTGG,1
CTGACCTGCCAATAAG,1
CTGACCTTATCTGTGG,1
CTGACGGATTCAACTC,1
CTGACTCACCGAATAA,1
CTGAGAGGCCAATAAG,1
CTGAGCGGCCAATAAG,1
CTGAGCTAACAATAAG,1
CTGAGCTCCCAATAAG,1
CTGAGCTGAAAATAAG,1
CTGAGCTGCCAAAAAG,1
CTGAGCTGCCAACAAG,1
CTGAGCTGCCAATACG,1
CTGAGCTGCCAATATG,1
CTGAGCTGCCTATAAG,1
CTGAGCTGCGAATAAG,1
CTGAGCTGCTAATAAG,1
CTGAGCTGGCAATAAG,1
CTGAGGGAGTCAACTC,1
CTGAGGGATTCAAGTC,1
CTGATCTGCCAATAAG,1
CTGATCTTATCTGTGG,1
CTGCATCCTAGTGACG,1
CTGCATTAGCGGGAGG,1
CTGCGATTGTCCGGAA,1
CTGGAAATGTAAATAA,1
CTGGAAGCCTGGCCCC,1
CTGGAATCTCCCATAC,1
CTGGAGACCTGGCCCC,1
CTGGAGGCCAGGCCCC,1
CTGGAGGCCCTGCCCC,1
CTGGAGGCCTGGCCGC,1
CTGGAGGCCTGGCTCC,1
CTGGAGGCCTGTTCCC,1
CTGGCCCACGGGCATA,1
CTGGGATTGGAGAAAC,1
CTGTACCTGCAATTGA,1
CTGTACCTGCAGCTGA,1
CTGTACCTGCAGTTCA,1
CTGTGGGATTCAACTC,1
CTGTTTAACAGACGTA,1
CTTAAAATTATAGTCT,1
CTTAAATAATGGGCGC,1
CTTAACTTGTCGATAT,1
CTTAAGTATTATATGC,1
CTTAATGCGCGAGAGT,1
CTTACAAAATACTAGA,1
CTTACAGAACACTAGA,1
CTTACAGAATAAGAGA,1
CTTACAGAATACTCGT,1
CTTACAGAGTTTGTTG,1
CTTACTGCGCAAGAGT,1
CTTACTGCGCGACAGT,1
CTTACTGCGCGAGAGG,1
CTTACTGCGCGGGAGT,1
CTTACTTTACGAGACA,1
CTTAGCTATTATATGC,1
CTTAGGCATTATATGC,1
CTTAGGGCTACGTGAG,1
CTTAGGTAATATATGC,1
CTTAGGTATTACATGA,1
CTTAGGTATTACATTC,1
CTTAGGTATTAGATGC,1
CTTAGGTATTATATCC,1
CTTAGGTATTATATGG,1
CTTAGGTATTATTTGC,1
CTTAGGTGTTACATGC,1
CTTAGTTATTACATGC,1
CTTATATCCAACACCA,1
CTTATATCGAGATTCA,1
CTTATGGATTCAACTC,1
CTTATGTATTACATGC,1
CTTATTATGACTTCAT,1
CTTCAAATTATAGTCT,1
CTTCCGCTCTTGATTA,1
CTTCGGCTCTGGATTA,1
CTTCGGCTCTTAATTA,1
CTTCGGCTCTTGAGTA,1
CTTCGGCTCTTGATTT,1
CTTCGGCTGTTGATTA,1
CTTCGGGTCTTGATTA,1
CTTCTCTAGTACGCTT,1
CTTGATAAATCAGAAC,1
CTTGCAGAATACTAGA,1
CTTGCTGCGCGAGAGT,1
CTTGGGTATTACATGC,1
CTTGGGTATTATATAC,1
CTTGGGTTAAGTTGGG,1
CTTGTGAATTCGCCCA,1
CTTTAAAATATAGTCT,1
CTTTAAAGGATAGTCT,1
CTTTAAATCATAGTCT,1
CTTTAAATTAAAGTCT,1
CTTTAAATTACAGTCT,1
CTTTAAATTATACTCT,1
CTTTAAATTATAGTCA,1
CTTTAAATTATAGTCG,1
CTTTAAATTCGAGGAC,1
CTTTAACGGCCTATCC,1
CTTTAAGTTATAGTCT,1
CTTTGAATTATAGTCT,1
CTTTGAGACGCGCAAG,1
CTTTTCCAGTACGCTT,1
CTTTTCGAGTACGCTT,1
CTTTTCTAGAACGCTT,1
CTTTTCTAGTACGCGT,1
CTTTTCTAGTACGCTA,1
CTTTTCTAGTACTTTT,1
CTTTTCTAGTATGCTT,1
CTTTTCTAGTGCGCTT,1
CTTTTCTGGTACGCTT,1
CTTTTGCTCTTGATTA,1
GAAAAAGCCTCCATGA,1
GAAAACCCCGTGCAAT,1
GAAAAGCAGCACGATA,1
GAAAATCTACGGCGAC,1
GAAACCCCCAAATAAC,1
GAAAGCAAAGTTGACC,1
GAAAGCCAAGTGCAAT,1
GAAAGCCACGTGCAAT,1
GAAAGCCCCGCGCAAT,1
GAAAGCCCCGTGCGAT,1
GAAAGCCCCGTGCTAT,1
GAAAGCCCCTTTCAAT,1
GAAAGCCCCTTTCCAT,1
GAAAGCCCGGTGCAAT,1
GAAAGCCCTGTGCAAT,1
GAAAGCCGCGTGCAAT,1
GAAAGCTCCGTGCAAT,1
GAAAGCTCGGGGCAAT,1
GAAAGTCCCGATGATG,1
GAAAGTCCCTACGATG,1
GAAAGTCCCTATGATC,1
GAAAGTCCCTATGCTG,1
GAAAGTCCCTGTGATG,1
GAAAGTCCTTATGATG,1
GAAAGTCGCTATGATG,1
GAAAGTGCCTATGATG,1
GAAAGTTCCTATGATG,1
GAAATCCCCAAACAAC,1
GAAATCCCCAAATAAA,1
GAAATCCCCAAATGAC,1
GAAATCCCCAAGTAAC,1
GAAATCCCGAAATAAC,1
GAAATCGCCAAATAAC,1
GAAATGCCCAAATAAC,1
GAAATGCTGCATTAGG,1
GAAATGCTGCTGAAGT,1
GAACACCGAGTGACCG,1
GAACACGCAGAAAAAG,1
GAACGCCATCGACTTC,1
GAACTTGGGGAGAGTC,1
GAAGAAACTATAACGA,1
GAAGAAACTATAATCA,1
GAAGAAACTCTAACCA,1
GAAGAAACTGTAACCA,1
GAAGAAAGGGGAATAG,1
GAAGGACGCTGAATGA,1
GAAGGGAGTATTGAGT,1
GAAGGGCGTATTGAGT,1
GAAGGGGGGGTTGGGG,1
GAAGTACCCTGAATGA,1
GAAGTACGCTCAATGA,1
GAAGTACGCTGAATGT,1
GAAGTACGCTGGATGA,1
GAAGTACGTTGAATGA,1
GAAGTGCCTATTGAGT,1
GAAGTGCGGCTGAAGT,1
GAAGTGCGTATTAAGT,1
GAAGTGCGTATTGAGG,1
GAAGTGCGTATTGTCT,1
GAAGTGCGTATTGTGT,1
GAAGTGCTCCTGAAGT,1
GAAGTGCTGCCGAAGT,1
GAAGTGCTGCTGAACT,1
GAAGTGCTGCTGTAGT,1
GAAGTGCTGTTGAAGT,1
GAAGTGGGGAGTGAGG,1
GAAGTGGGTATTGAGT,1
GAATAAAAGAACAGAG,1
GAATAAGAGAACGGAG,1
GAATAAGCCAGCAAGA,1
GAATAATACAACAGAG,1
GAATAATAGAACAAAG,1
GAATAATAGAACAGCG,1
GAATAATAGAACCGAG,1
GAATAATAGAACTGAG,1
GAATAATAGAAGAGAG,1
GAATAATAGGCGGCAT,1
GAATAATAGTACAGAG,1
GAATAATTGAACAGAG,1
GAATGATAGAACAGAG,1
GAATGGGTGTACGAGA,1
GACAAAAGCGACATAT,1
GACAAAAGGGAGATAT,1
GACAAAGTGGACATAT,1
GACACAGAACCCATAC,1
GACACATAACCCATGC,1
GACACCTTGTAAGATG,1
GACACGGAACCCATGC,1
GACAGCGCGGTAAGAG,1
GACCACTTGTAAGATG,1
GACCATCAGCACCTAG,1
GACCCCATGTAAGATG,1
GACCCCGTGTAAGATG,1
GACCCCTTATAAGATG,1
GACCCCTTGCAAGATG,1
GACCCCTTGTAAAATG,1
GACCCCTTGTAAGAAG,1
GACCCTTTGTAAGATG,1
GACCGCGCCGAGCACC,1
GACCGGATGGGCACGT,1
GACCTAGGATCGCACT,1
GACCTCTTGTAAGATG,1
GACCTGCTGCGGAACG,1
GACCTTGGGGAGAGTC,1
GACGAAATGGACATAT,1
GACGAGATGGGCACGT,1
GACGCAGAACCCATGC,1
GACGGCATGGGCACGT,1
GACGGGATGGGCACGG,1
GACGGGATGGGCATGT,1
GACGGGATGGGTACGT,1
GACGGGATGGTCACGT,1
GACGGGATGTGCACGT,1
GACGGGGTGGGCACGT,1
GACGGTTCCGACGAAG,1
GACGTGATGGGCACGT,1
GACTAAAGGATAATGA,1
GACTACCGAGTGACCG,1
GACTAGATGTACAGTC,1
GACTCAGATGCCCACC,1
GACTGATAACCCTGCG,1
GACTTCCCTGACTGCT,1
GAGAAAAGGGACATAT,1
GAGAACCTCGTTGTCT,1
GAGAACGAAGTAGGAG,1
GAGAGCCGCAGAAGTG,1
GAGAGCGAGAAAAGCA,1
GAGAGCGGCAGAAGCG,1
GAGAGCTGCAGAACCG,1
GAGAGCTGCAGACGCT,1
GAGAGCTGCAGATGCG,1
GAGAGCTGCAGGAGCG,1
GAGAGCTGCCAATAAG,1
GAGAGGAGTAACATAA,1
GAGAGGCAACTAAAAA,1
GAGAGTGCGGGGGATT,1
GAGATAGTGATGAACA,1
GAGATCCCCAAATAAC,1
GAGCCCTTGTAAGATG,1
GAGCCTGCTATGGATC,1
GAGCGATTGTCCGGAA,1
GAGCGGTAGAGATACG,1
GAGCTAGCTATGGATC,1
GAGCTCGCTATGGATC,1
GAGCTGGCTATGGATC,1
GAGCTTCCTATGGATC,1
GAGCTTGCTATGGATT,1
GAGCTTGCTCTGGCTC,1
GAGCTTGCTTTGGATC,1
GAGCTTGGTATGGATC,1
GAGCTTGTTATGGATC,1
GAGGGCATACGTCATC,1
GAGGGGAATTGCCACT,1
GAGGGGATACGGGAAA,1
GAGGGGATACGTCACG,1
GAGGGGATACGTGACC,1
GAGGGGATTCGTCACC,1
GAGGGGGAGAGATATG,1
GAGGGGTAGACATACG,1
GAGGGGTAGCGATCCG,1
GAGGGGTCGAGATACG,1
GAGGGGTGGAGATACA,1
GAGGGTTAGAGATATG,1
GAGGTACGCTGAATGA,1
GAGTATTAGGCGGCAT,1
GAGTATTGCTACACAT,1
GAGTGCTGCAGAAGCG,1
GAGTTAAGAGAAAGTT,1
GAGTTAGTAGACCCAC,1
GAGTTTGCTATGGATC,1
GATATTATGACTTCAT,1
GATCACAAAGAAAAAG,1
GATCACAGAACCTATC,1
GATCACGCACAAAATG,1
GATCACGCAGATAAAG,1
GATCACGCAGGAAAAG,1
GATCACGCGCAAAAAG,1
GATCACGTAGAAAAAG,1
GATCGACATCGACTTC,1
GATCGCAACTGATAAG,1
GATCGCCAACGACTTC,1
GATCGCCACGGATAAG,1
GATCGCCACTGATAAC,1
GATCGCCACTGATGAG,1
GATCGCCAGAGACTTC,1
GATCGCCATCCACTTC,1
GATCGCCATCGACCTC,1
GATCGCCATCGACTGC,1
GATCGCCATCGGCTTC,1
GATCGCCGTCGACTTC,1
GATCGCGCAGAAAAAG,1
GATCGCTACTGATAAG,1
GATCGGCATCGACTTC,1
GATCGGCTCTTGATTA,1
GATCGGGGGGAGAGTC,1
GATCGTGGGGAGAGTC,1
GATCTCCACTGATAAG,1
GATCTCTATCGACTTC,1
GATCTTAGGGAGAGTC,1
GATCTTCATCGACTTC,1
GATCTTGGCGAGAGTC,1
GATCTTGGGAAGAGTC,1
GATCTTGGGCAGAGTC,1
GATCTTGGGGAAAGTC,1
GATCTTGGGGAGACTC,1
GATCTTGGGGAGAGTG,1
GATCTTGGGGAGGGGC,1
GATGAAACTATAACCA,1
GATGACGCAGAAAAAG,1
GATGTCGTATCCACAG,1
GATGTGGAGCCCAACA,1
GATTAACTTTGGAAGC,1
GATTAAGAGAAGTGCG,1
GATTAATAGAACAGAG,1
GATTCAAATGCCCACC,1
GATTCAGATCCCCACC,1
GATTCAGATGACCACC,1
GATTCAGATGCCCTCC,1
GATTCAGATGCCGACC,1
GATTCAGATGTCCACC,1
GATTCAGATTCCCACC,1
GATTGAGACGCGCAAG,1
GATTTTGGGGAGAGTC,1
GCAAAAGGTGTAGTTG,1
GCAAACAATGTAGTTG,1
GCAAACAGGGGAGTTG,1
GCAAACAGTATAGTTG,1
GCAAACAGTGTACTTG,1
GCAAACAGTGTAGTGG,1
GCAAAGTGCCGGTCAT,1
GCAAAGTTTCATAGCG,1
GCAACAAGGTGTAACC,1
GCAACACAAAAAATTA,1
GCAACAGCCCTAGCAA,1
GCAACAGTCCCAGCAA,1
GCAACAGTCCTAGCAT,1
GCAACCAGGTGTAACC,1
GCAACGACGTGTAACC,1
GCAACGAGATGTAACC,1
GCAACGAGGCGTAACC,1
GCAACGAGGTGGAACC,1
GCAACGAGGTGTAAGC,1
GCAACGTGCCGGTCAT,1
GCAACTAGGGGTAACC,1
GCAAGATTCGGGGGAC,1
GCAAGGAACTAACTCC,1
GCAATGAGGTGTAACC,1
GCAGACAGTGTAGTCA,1
GCAGCGTGCCGATCAT,1
GCAGCGTGCCGGTAAT,1
GCAGCGTGCCGGTCAA,1
GCAGCGTGCCGGTGAT,1
GCAGCGTGCGGGTCAT,1
GCAGCTGCGGCGTGTG,1
GCAGGGTGCCGGTCAT,1
GCAGTCCACCATTGAA,1
GCAGTGTGCCGGTCAT,1
GCATACAGTGTAGTTG,1
GCATCCGCAACTCCTA,1
GCATCCTAAACTCCTA,1
GCATCCTCAAAGCCTA,1
GCATCCTCAACTCCGA,1
GCATCCTCAACTTCTA,1
GCATCGAACTAACTCC,1
GCATGCAACTAACTCC,1
GCATGGAAATAACTAC,1
GCATGGAACTAACTCG,1
GCATGGAACTAAGTCC,1
GCATGGAACTTACTCC,1
GCATTTGCGCGCAGTC,1
GCCACTTACTGAAGGG,1
GCCAGCGCGGGAAGAG,1
GCCAGCGCGTATCCCT,1
GCCAGCTCGTATCCTT,1
GCCAGCTCGTATCTCT,1
GCCAGCTCGTATGCCT,1
GCCAGCTTGTATCCCT,1
GCCATTAACTGAAGGG,1
GCCATTGACGGAAGGG,1
GCCATTGACTGAAGGG,1
GCCATTTACTAAAGGG,1
GCCATTTACTCAAGGG,1
GCCATTTACTGAAGTG,1
GCCATTTACTGAATGG,1
GCCATTTACTGGAGGG,1
GCCGAAAGGATCATGA,1
GCCGCTACGGCGTGTG,1
GCCGCTGCGGCGGGTG,1
GCCGCTGCGGCGTGCG,1
GCCGCTGCGGCGTTTG,1
GCCGCTGCGGCTTGTG,1
GCCGCTGCGTCGTGTG,1
GCCGGCATTAGTGTCA,1
GCCGGCGTTACTGTCA,1
GCCGGCGTTAGTGTAA,1
GCCGGCGTTAGTGTCG,1
GCCGGCGTTAGTTTCA,1
GCCGGCGTTGGTGTCA,1
GCCGTTTACTGAAGGG,1
GCCTAAAGGAACATGA,1
GCCTAAAGGATCATAC,1
GCCTAAAGGATCATGT,1
GCCTAAAGGATCTTGA,1
GCCTAAAGGATGATGA,1
GCCTAAAGGATTATGA,1
GCCTAAAGGGTCATGA,1
GCCTAAATGATCATGA,1
GCCTAAGCGTAGGCGG,1
GCCTAAGCGTGGGCAA,1
GCCTAAGCGTGTGCGG,1
GCCTAGAGGATCATGA,1
GCCTATGAAATAAGCT,1
GCCTCCTCAAGGGTAA,1
GCCTCTGCGGCGTGTG,1
GCCTTCGCGCGCAGTC,1
GCCTTTACGCGCAGTC,1
GCCTTTGAGCGCAGTC,1
GCCTTTGCACGCAGTC,1
GCCTTTGCCCGCAGTC,1
GCCTTTGCGCGCACTC,1
GCCTTTGCGCGCAGTA,1
GCCTTTGCGCGCAGTG,1
GCCTTTGCGCGCGGTC,1
GCGAAGGTTCATAGCG,1
GCGAAGTTTCATAGCC,1
GCGAAGTTTCATATCT,1
GCGAAGTTTGATAGCG,1
GCGAAGTTTTATAGCG,1
GCGACGAGGTGTAACC,1
GCGAGCTCGTATCCCT,1
GCGTATGATTTTCGAG,1
GCTAACAGTGTAGTTG,1
GCTATTATGACTTCAT,1
GCTATTTACTGAAGGG,1
GCTCTGGCTCGCTAAT,1
GCTGCTCCGACACGCC,1
GCTTAAAGGATCATGA,1
GCTTAACTTTGGAAGC,1
GCTTCCTCAACTCCTA,1
GCTTTACCACTGCATC,1
GGAAAAACCTGCAAAT,1
GGAAAGTTACGGATGG,1
GGAACCGCAGACACGT,1
GGAACGAGGTGTAACC,1
GGAAGCAGAGGGGACC,1
GGAATTCGCATGCGGA,1
GGAGCGTGCCGGTCAT,1
GGAGCTGTAGAGCGCT,1
GGAGTACGCTGAATGA,1
GGATCCACCCTATAGT,1
GGATCTGTAGAGCGCT,1
GGCAAAAGGGACATAT,1
GGCACTTTACGAGACA,1
GGCAGTGGTAGACATA,1
GGCAGTGGTATACATA,1
GGCGCATCCTGGAATG,1
GGCTAAAGGATCATGA,1
GGCTATTCCGGCGCGG,1
GGGAGAGGGTCCGGAA,1
GGGAGCGAGAAAAGCA,1
GGGAGGGCTGAGGGGG,1
GGGCATCCTAGTGACG,1
GGGCGATTGTCCGGAA,1
GGGGGACAAGATTGTA,1
GGGGGTCCCTGTGAGG,1
GGGGTATCAAGCCGGG,1
GGGTCCGCTTCATGCT,1
GGTAAATCTCAGATCG,1
GGTACGTATGTCCCAG,1
GGTCAACTTTGGAAGC,1
GGTCACGCAGAAAAAG,1
GGTCCAAGGGACGGAC,1
GGTCCATCTCAAATCG,1
GGTCGATCTCAGATCG,1
GGTGGAGCGCCCTTAC,1
GGTTAAATTTGGAAGC,1
GGTTAACGGTGGAGGC,1
GGTTAACTTTGGAACT,1
GGTTAACTTTGGAGGC,1
GGTTAACTTTGGTAGC,1
GGTTAATTTTGGAAGC,1
GGTTATTAGGCGGCAT,1
GGTTCAGATGCCCACC,1
GGTTGTAATCTGAATA,1
GTAAACAGTTCCTGCG,1
GTAAGATTCATGGAGT,1
GTAAGATTGTCCGGAA,1
GTAAGCAAAGCTGACC,1
GTAAGCAAAGGGGACC,1
GTAAGCAAAGTGGACC,1
GTAAGCCCCGTGCAAT,1
GTAAGCGAGAAAAGCA,1
GTAAGCGTCATGGAGT,1
GTAAGCTTAATGGAGT,1
GTAAGCTTCAGGGAGT,1
GTAAGCTTCATCGAGT,1
GTAAGCTTCATGGAAC,1
GTAAGCTTCATGGAAT,1
GTAAGCTTCATGTAGT,1
GTAAGCTTGATGGAGT,1
GTAAGGAAAGTTGACC,1
GTAAGTAAATTTGACC,1
GTAATCTTCATGGAGT,1
GTAATTCACATGCGGA,1
GTAATTCGAATGCGGA,1
GTAATTCGCACGCGGA,1
GTAATTCGCATGAGGA,1
GTAATTCGCATGCCGA,1
GTAATTCGCATGCGGG,1
GTAATTCGCATGCTGA,1
GTAATTCGGATGCGGA,1
GTAATTCGTATGCGGA,1
GTAATTGGCATGCGGA,1
GTAATTTAAGTATCAA,1
GTAATTTGCATGCGGA,1
GTACAAAAGTGCAAAT,1
GTACAAACCTGCAATT,1
GTACAAACCTGCCCAT,1
GTACAAAGGATCATGA,1
GTACACGCATGTGCCA,1
GTACCCAGTTCATGCA,1
GTACCCAGTTCCTCCG,1
GTACCCAGTTCGTGCG,1
GTACCCAGTTCTTGCG,1
GTACCCGGTTCCTGCG,1
GTACCCTGTTCCTGCG,1
GTACCGAATGGGGTAG,1
GTACTAACCTGCAAAT,1
GTAGAAACTAGGACCA,1
GTAGAAACTATAACCA,1
GTAGAAATACGGCCCC,1
GTAGAACAGCGGCCCC,1
GTAGAACTCCGGCCCC,1
GTAGAACTGCCGCCCC,1
GTAGAACTGCGCCCCC,1
GTAGAACTGCGGCCCG,1
GTAGAACTGCGGGCCC,1
GTAGAACTGCTTCCCC,1
GTAGAAGTGCGGCCCC,1
GTAGAATCCTGGAATG,1
GTAGAATCGCAAATTA,1
GTAGATACTAGAACCA,1
GTAGATACTAGGAACA,1
GTAGATACTAGGACCG,1
GTAGATACTAGGACGA,1
GTAGATACTAGTACCA,1
GTAGCCAGTTCCTGCG,1
GTAGCCGCTAATCCGA,1
GTAGGCTTCATGGAGT,1
GTAGTATCAAGCCGGG,1
GTAGTTCGCATGCGGA,1
GTATTTAACAGACGTA,1
GTCAAATTACGGATGG,1
GTCAAGCTACGGATGG,1
GTCAAGTCACGGATGG,1
GTCAAGTTACCGATGG,1
GTCAAGTTACGCATGG,1
GTCAAGTTACGGAGGG,1
GTCAAGTTACGGTTGG,1
GTCAAGTTAGGGATGG,1
GTCAAGTTTCGGATGG,1
GTCAATGTCGTAGGAT,1
GTCAGGATAATCGCGC,1
GTCATCAAGTTGGTGC,1
GTCATTATGACTTCAT,1
GTCCCCAGTTCCTGCG,1
GTCCGTCAGAATAAAC,1
GTCCGTCAGCATAAAA,1
GTCCGTCAGCATAAAT,1
GTCCGTCAGTATAAAC,1
GTCCGTGAGCATAAAC,1
GTCGCAGCCGGGAATG,1
GTCGCATCCTGCAATG,1
GTCGCATCCTGGAAAG,1
GTCGCATCCTGGAAAT,1
GTCGCATCCTGGAACT,1
GTCGCATCCTGGATTG,1
GTCGCATCGTGGAATG,1
GTCGCATCTGGGAATG,1
GTCGCATTCTTGAATG,1
GTCGCCGATAATCCGA,1
GTCGCCGCGAATCCGA,1
GTCGCCGCTAACCCGA,1
GTCGCCGCTAATCCGT,1
GTCGCCGCTAATGCGA,1
GTCGCCGCTTATCCGA,1
GTCGCGTCCTGGAATG,1
GTCGCTGCGGCGTGTG,1
GTCGTCGCTAATCCGA,1
GTGAGCAGGGGTGGTA,1
GTGAGCGAGAAAAACA,1
GTGAGCGAGAAAGGCA,1
GTGAGCGAGCAAAGCA,1
GTGAGCGAGTAAAGCA,1
GTGAGGATGGGTGAAT,1
GTGATCGAGAAAAGCA,1
GTGATTATGACTTCAT,1
GTGCACCCTAGTGACG,1
GTGCATCCTAGTGACT,1
GTGCATCCTAGTGAGG,1
GTGCATCCTAGTGATG,1
GTGCATCCTAGTTACG,1
GTGCATCCTATTGACA,1
GTGCATGCTAGTGACG,1
GTGCGATCGTCCGGAA,1
GTGCGATTATCAGGAA,1
GTGCGATTCTCCGGAA,1
GTGCGATTGTCCGGAT,1
GTGCGTCCTAGTGACG,1
GTGCTATCAAGCCGGG,1
GTGGATACTAGGACCA,1
GTGGCATCCTGGAATG,1
GTGGGGAACGGGAGGC,1
GTGGTAGCAAGCCGGG,1
GTGGTATCAAGCGGGG,1
GTGGTATCACGCCTGG,1
GTGGTATTAAGCCGGG,1
GTGGTGTCAAGCCGGG,1
GTGTGATTGCCCGGAA,1
GTTAGCAAAGTTGACC,1
GTTAGCGAGAAAAGCA,1
GTTATATCGAGATTCA,1
GTTATTATAACTTCAT,1
GTTATTATCACTTCAT,1
GTTATTATGACTGCAT,1
GTTATTATGACTTTAT,1
GTTATTATGAGTTCAT,1
GTTATTATGATTTCAT,1
GTTCATCCTAGTGACG,1
GTTCCCAGTTCCTGCG,1
GTTCGCCACTGATAAG,1
GTTGCATCCTGGAATG,1
GTTGCTCCGACACTCT,1
GTTGCTCCGATACGCC,1
GTTGGTCCGACACGCC,1
GTTTGATTGTCCGGAA,1
GTTTTTCTATGGCTAC,1
TAAAAAGCCTCCACGA,1
TAAAAAGCCTCCATCC,1
TAAAAAGCCTCCATGT,1
TAAAAAGCCTCGATGA,1
TAAAAAGCCTGCATGA,1
TAAAGAGCCTCCATGA,1
TAAATAGGGGGCTAAA,1
TAACAACAATACAAAT,1
TAACATGATTTCTCGA,1
TAACATTGTCGGAAAG,1
TAACCAAGGGACGGAC,1
TAACGACTCGACTAAC,1
TAACGTGAGTTCTCGA,1
TAACGTGATATCTCGA,1
TAACGTGATTGCTCGA,1
TAACGTGATTTCGCGA,1
TAACGTGATTTCTTTA,1
TAAGAAACTATAACCA,1
TAAGTGCTGCTGAAGT,1
TAAGTTCATAGCTCCA,1
TAATAAGCAAGAAAGA,1
TAATAAGCCACCAAGA,1
TAATAAGCCAGCAACA,1
TAATAAGCCAGCAAGT,1
TAATAAGCCCGCAAGA,1
TAATAAGGCAGCAAGA,1
TAATAGCAATAAAATC,1
TAATCTGTGACATTGC,1
TAATGTGATTTCTCGA,1
TACAAATGTCATTTGA,1
TACAAGAGAGGGGTAC,1
TACAAGAGAGGGTTCC,1
TACACGTAGAACCGCC,1
TACAGACAATAAAAAA,1
TACAGGAGAGGGGTCC,1
TACATAACGACGCAGT,1
TACATACCGAAGCAGT,1
TACATACCGACGCATC,1
TACATACCGACGTAGT,1
TACATACCGAGGCAGT,1
TACATAGCGACGCAGT,1
TACATGCCGACACAGT,1
TACATGCCGACGCAGT,1
TACATTGGTATACATA,1
TACCAATGCCATTTGA,1
TACCAATGTCATGTGA,1
TACCAATGTCATTTGG,1
TACCAATTTCATTTGA,1
TACCACCCCAGAGATG,1
TACCCTCCAAGCCACT,1
TACCCTGCAACCCACT,1
TACCCTGCAAGCCTCC,1
TACCCTGCAAGCGACT,1
TACCCTGCAAGGCACT,1
TACCGTGCAAGCCACT,1
TACCTATGTCATTTGA,1
TACCTGCCGCGGAACG,1
TACCTGCTACGGAACG,1
TACCTGCTGCAGAACG,1
TACCTGCTGCGGAATG,1
TACCTGCTGCGGACCG,1
TACCTGCTGGGGAACG,1
TACCTTCTGCGGAACG,1
TACGAATGCCGTTGTC,1
TACGAGCAATAAAATC,1
TACGGTGGTCGATCCG,1
TACGTACCGACGCAGT,1
TACGTGCTGCGGAACG,1
TACTAACGCCGTTGTC,1
TACTAAGGCCGTTGTC,1
TACTAATGCCGGTGTC,1
TACTAATGCCGTAGGC,1
TACTAATGCCGTTGGC,1
TACTAATGCCGTTGTG,1
TACTAATTCCGTTTTC,1
TACTACTGCCGTTGTC,1
TACTAGCAAGAAAATC,1
TACTAGCAATAAAATA,1
TACTAGCAATAAAATT,1
TACTAGCAATAAAGTC,1
TACTAGCGATAAAATC,1
TACTAGTAATAAAATC,1
TACTAGTGCCGTTGTC,1
TACTATCAATAAAATC,1
TACTGAGAACCCTGCG,1
TACTGATAACCCAGCG,1
TACTGATAACCCTGGG,1
TACTGATAACCCTGTT,1
TACTGATAACCCTTCT,1
TACTGATAACCTTGCG,1
TACTGATAACTCTGCG,1
TACTGGTAACCCTGCG,1
TAGAGTTAATATGCGC,1
TAGATAATATAGAGAC,1
TAGCATGGGCGGAAAG,1
TAGCATTGACGGAAAG,1
TAGCATTGCCGGAAAG,1
TAGCATTGTCGAAAAG,1
TAGCATTGTCGCAAAT,1
TAGCATTGTCGGAACT,1
TAGCATTGTCGGAAGC,1
TAGCATTGTCGGAATG,1
TAGCATTGTCGGATAG,1
TAGCATTGTCGGTAAG,1
TAGCCAAGGGACGGAC,1
TAGCTCCTGAGTAGTA,1
TAGCTGATAATAACTC,1
TAGCTGATAGGAACTC,1
TAGCTGATAGTAACAC,1
TAGCTGATAGTAACTT,1
TAGCTGATATTAACTC,1
TAGCTGTTAGTAACTC,1
TAGCTTTGTCGGAAAG,1
TAGGAAGAGAAGTGCG,1
TAGGATTGTCGGAAAG,1
TAGGTCGTATCCACAG,1
TAGTAAGAGAAGTGCA,1
TAGTAAGCCAGCAAGA,1
TAGTGATAACCCTGCG,1
TAGTTGATAGTAACTC,1
TATACAAGGGACGGAC,1
TATACTAGTAACATAA,1
TATACTCACGGAAGAT,1
TATACTCACGGAGCAT,1
TATACTCACGGAGTAT,1
TATACTCATGGAGGAT,1
TATACTGACGGAGGAT,1
TATACTTACGGAGGAT,1
TATAGTAGTAACATAA,1
TATATTAGTAACACAA,1
TATATTAGTAACAGAA,1
TATATTAGTAACATGA,1
TATATTATTAACATAA,1
TATATTGGTAACATAA,1
TATCAAAGGGACGGAC,1
TATCAATGTCATTTGA,1
TATCAGCTCTTAGCCG,1
TATCCAAGAGACGGAC,1
TATCCAAGGGACAGAC,1
TATCCAAGGGTCGGAC,1
TATCCAAGGTACGGAC,1
TATCCACGGGACGGAC,1
TATCTCGTATCCACAG,1
TATCTGCTGCGGAACG,1
TATGAAACAATCGAAC,1
TATGCTCACGGAGGAT,1
TATGGAGGATCCACAG,1
TATGGCGTATCCACAG,1
TATGGGAATTGCCACT,1
TATGTCGTATCCACTG,1
TATGTCGTATCCGCAG,1
TATGTCGTATCGACAG,1
TATGTCGTATTCACAG,1
TATGTCGTTTCCACAG,1
TATGTGGTATCCACAG,1
TATGTTAGTAACATAA,1
TATTAAGACCTGGGAA,1
TATTAAGAGAAGAGCG,1
TATTAAGAGAAGTCCG,1
TATTAAGAGAAGTGCC,1
TATTAAGCCAGCAAGA,1
TATTAATGCCGTTGTC,1
TATTAGAGTGAACGAT,1
TATTATGAGAAGTGCG,1
TATTCCTAACTAGAGA,1
TATTCCTAACTAGCTA,1
TATTTACCACTGCATC,1
TATTTAGAGAAGTGCG,1
TCAAACAGTGTAGTTG,1
TCAAACGAAGTAGGAG,1
TCAAGATTCGGGGGAC,1
TCAATCGAGGGCTAAA,1
TCAATCGGGAGCTAAA,1
TCAATCGGGCGCTAAA,1
TCAATCGGGGGCAAAT,1
TCAATCGGGGGCTATA,1
TCAATGGGGGGCTAAA,1
TCACGACTCGACGAAC,1
TCACGGGTTGGCTGTA,1
TCAGCGTGCCGGTCAT,1
TCATAGGTGTACGAGA,1
TCATCTGTGACATTGC,1
TCATGACATAGCGATG,1
TCATGCGCGGCTCGGG,1
TCATGGATGTACGAGA,1
TCATGGGCGTACGAGA,1
TCATGGGGGTACGAGA,1
TCATGGGTGTACGCGA,1
TCATGGGTGTACGTGA,1
TCATGGGTGTAGTAGA,1
TCATGGGTGTTCGAGA,1
TCATTACCACTGCATC,1
TCATTGCCACTGCATC,1
TCCACACCCCCAGCTA,1
TCCACACCCCTAGATA,1
TCCACACCCCTAGCGA,1
TCCACACCCCTAGCTG,1
TCCACCGCGGTAAGAG,1
TCCACGCCCCTAGCTA,1
TCCAGCGCCGTAAGAG,1
TCCAGCGCGGCTCGGG,1
TCCAGCGCGGTAAAAG,1
TCCAGCGCGGTAACAG,1
TCCAGCGCGGTAAGAC,1
TCCAGCGCGGTAAGCT,1
TCCAGCGCGGTAAGTG,1
TCCAGCGCGGTACGAG,1
TCCAGCGGGGTAAGAG,1
TCCAGGGCGGTAAGAG,1
TCCATCAAGTTGGTGC,1
TCCCAGTGGTTTGACA,1
TCCCCGGGGTTTGACA,1
TCCCCGTGGTTTGACG,1
TCCCCGTGGTTTGGCA,1
TCCCCGTGTTTTGACA,1
TCCCCGTTGTTTGACA,1
TCCCCTTGGTTTGACA,1
TCCCGGTGGTTTGACA,1
TCCCTTCAACTAAAAA,1
TCCGGCGTTAGTGTCA,1
TCCGGGACCAAAACTG,1
TCCTCGCACTACTGCT,1
TCCTGCGCGGCTCAGG,1
TCGAACCAAGTAGGAG,1
TCGAACGAAATAGGAG,1
TCGAACGAAGTAAGAG,1
TCGAACGAAGTACGAG,1
TCGAACGAAGTAGAAG,1
TCGAACGAAGTAGGAC,1
TCGAACGAAGTAGGTG,1
TCGACCGTTGGGAACT,1
TCGAGGAAGAGCCGGA,1
TCGAGGTAATATGCGC,1
TCGAGTGAATATGCGC,1
TCGAGTTAACATGCGC,1
TCGAGTTAATATACGC,1
TCGAGTTAATATGCGA,1
TCGATCGGGGGCTAAA,1
TCGATTACTAACCGGA,1
TCGATTACTAGCCCGA,1
TCGATTACTAGCCGCA,1
TCGATTACTAGCGGGA,1
TCGATTAGTAGCCGGA,1
TCGATTATTAGCCGGA,1
TCGCAATTGAAACATA,1
TCGCAGCTCTTAGCCG,1
TCGCATCAACTAAAAA,1
TCGCCTCAACTAAAAA,1
TCGCTTCAACGAAAAA,1
TCGCTTCTACTAAAAA,1
TCGCTTGAACTAAAAA,1
TCGGCCGTTGGGAACT,1
TCGTAGAGTGAACGAT,1
TCGTAGCACTACTGCT,1
TCGTAGTCCTCGTATG,1
TCGTATGATTTTCGAG,1
TCGTCCATTAAGATCA,1
TCGTCCCTTGGGAACT,1
TCGTCCGTTAGGAACT,1
TCGTCCGTTGGGAAGT,1
TCGTCCGTTGGGAGCT,1
TCGTCCGTTGGGGACT,1
TCGTCCGTTTTGAACT,1
TCGTCGCAATACTGCT,1
TCGTCGCACCACTGCC,1
TCGTCGCACGACTGCT,1
TCGTCGCACTACGGCT,1
TCGTCGCACTGCTGCT,1
TCGTCGCACTTCTGCT,1
TCGTGACATAGCGATG,1
TCGTGCGTGGGGAGGG,1
TCGTGTCTCCGAGCAA,1
TCGTTTCAACTAAAAA,1
TCTAACTCTCCCGGCA,1
TCTAACTTTCGCGGCA,1
TCTAAGAGTGAACGAT,1
TCTAAGTCCTCGTATG,1
TCTAATAGGCGTCACA,1
TCTAATTAGGCGGCAT,1
TCTACAGTGTAATCGA,1
TCTACTCACGGAGGAT,1
TCTAGACATAGCGATG,1
TCTAGCGCGTTAAGAG,1
TCTATATCCAACACCA,1
TCTATATCGAGATTCA,1
TCTCAACTCTTAGCCG,1
TCTCAGAGTGAACGAT,1
TCTCAGCTCTCAGCCG,1
TCTCAGCTCTTATCCG,1
TCTCCGGATAAAGTAG,1
TCTCCGTGGTTTGACA,1
TCTGAAAACGATCCCC,1
TCTGATTAGGCGGCAT,1
TCTGCAAACGATCCCC,1
TCTGGAAACAATCCCC,1
TCTGGAAACGACCCCC,1
TCTGGAAACGGTCCCC,1
TCTGGAGACGATCCCC,1
TCTGGGTTAAGTTGCA,1
TCTTAAAGTGAACGAT,1
TCTTAAGAGAAGTGCG,1
TCTTACTCCTCGTATG,1
TCTTACTCTCGCGGCA,1
TCTTAGAGTGAACCAT,1
TCTTAGAGTGAACGAG,1
TCTTAGAGTGGACGAT,1
TCTTAGGGTGAACGAT,1
TCTTAGTACTCGTATG,1
TCTTAGTCCTCGTAAG,1
TCTTAGTCCTGGTATG,1
TCTTAGTCGTCGTATG,1
TCTTAGTGCTCGTATG,1
TCTTATTAGACGGCAT,1
TCTTATTAGGAGGTAT,1
TCTTATTAGGCGGCAG,1
TCTTATTAGGCGGGAT,1
TCTTGACATAGCGAGG,1
TCTTGACATAGCGCTG,1
TCTTGACATAGGGATG,1
TCTTGACCACTGCATC,1
TCTTGAGCCAGTCTGA,1
TCTTGGTTAAGTTGTG,1
TCTTTACCACGGCATC,1
TCTTTACCACTGCACT,1
TCTTTACCACTGCTTC,1
TCTTTACCACTGGATC,1
TCTTTACCTCTGCATC,1
TCTTTAGCACTGCATC,1
TCTTTGTCCTCGTATG,1
TCTTTTCCACTGCATC,1
TGAAAACAATACAAAT,1
TGAACTTTTACATTTA,1
TGAATCGGGGGCTAAA,1
TGACAACAATACACAT,1
TGACAACAATACATAT,1
TGACAACAATATAAAT,1
TGACAACAGTACAAAT,1
TGACAACGATACAAAT,1
TGACAATAATACAAAT,1
TGACCATCGCACCCAA,1
TGAGCTTTTACATTTA,1
TGAGGGCATAGCTCCA,1
TGAGTTCATAGATCCA,1
TGAGTTCATAGCTTCA,1
TGATAACAATACAAAT,1
TGATCCCAGGTCCTTT,1
TGATCTCTTACATTTA,1
TGATCTGAGACATTGC,1
TGATCTGTAGAGCGCT,1
TGATCTGTCACATTGC,1
TGATCTGTGACACTGC,1
TGATCTGTGACAGTGC,1
TGATCTGTGACGTTGC,1
TGATCTGTGAGATTGC,1
TGATCTTTACGAAAAA,1
TGATCTTTTACATTGA,1
TGATTAGAAATACATA,1
TGATTTCATAGCTCCA,1
TGATTTTTTACATTTA,1
TGCAATGGTATACATA,1
TGCAGTGATATACATA,1
TGCAGTGGCATACATA,1
TGCAGTGGGATACATA,1
TGCAGTGGTATACAGA,1
TGCAGTGGTATACATT,1
TGCAGTGGTATACGTA,1
TGCCTGCTGCGGAACG,1
TGCGGAGCGCCCTTAC,1
TGCGGTGATCGATCCG,1
TGCGGTGGCCGATCCG,1
TGCGGTGGTATACATA,1
TGCGGTGGTCGGTCCG,1
TGCTAATCCGGCGCGG,1
TGCTATACCGGCGCGG,1
TGCTATCCCGGCGCGG,1
TGCTATTCAAGCGCGG,1
TGCTATTCCCGCGCGG,1
TGCTATTCCGCCGCGG,1
TGCTATTCCGGCACGG,1
TGCTATTCCGGCGCCG,1
TGCTATTGCGGCGCGG,1
TGCTCCTGGGGTATCA,1
TGCTGTAATCTGAATA,1
TGGAATCGCCACCGAT,1
TGGAATCGGCACCGAT,1
TGGAATCGTCAACGAT,1
TGGAATCGTCACAGAT,1
TGGAATCGTCACCCAT,1
TGGAATCGTCACCGAA,1
TGGAATCGTCACCGCT,1
TGGAATCGTCTCCGAT,1
TGGAGTATGAAGAGCG,1
TGGAGTGGTATACATA,1
TGGCAACAATACAAAT,1
TGGCCCGTAAGGACTA,1
TGGGGAGCCAGTCTGA,1
TGGGGTGGTCGATCCG,1
TGGTCCGCGTCATGCT,1
TGGTCCGCTGCATGCT,1
TGGTCCGCTTCATGTA,1
TGGTCCGTTGGGAACT,1
TGGTCTTTTACATTTA,1
TGGTGCGCTTCATGCT,1
TGGTGTAATCTGAATA,1
TGGTTCAGACTCTTGC,1
TGTAAACATGCATTGG,1
TGTAAGAGGCGTCACA,1
TGTAATAGCCGTCACA,1
TGTAATAGGCCTCACA,1
TGTAATAGGCGTAACA,1
TGTAATAGGCGTCACC,1
TGTAATAGGCGTCAGA,1
TGTAATAGGCGTTACA,1
TGTAATAGGGGTCACA,1
TGTAGTAGGCGTCACA,1
TGTCACAGAACCTATC,1
TGTCAGCGTTGTTTTG,1
TGTCCAAGGGACGGAC,1
TGTCCCGATAAAGTAG,1
TGTCCGAATAAAGTAG,1
TGTCCGCATAAAGTAG,1
TGTCCGGAGAAAGGAG,1
TGTCCGGAGAAAGTAG,1
TGTCCGGATAAAGCAG,1
TGTCCGGATAAAGTGG,1
TGTCCGGATAAAGTTG,1
TGTCCGGATAGAGTAG,1
TGTCGTGATACTCACA,1
TGTCGTTTAGATAGTT,1
TGTGGAACGCCCTTAC,1
TGTGGAGCCCCCTTAC,1
TGTGGAGCGCCCTCAC,1
TGTGGAGCGCCTTTAC,1
TGTGGAGCGCGCTTAC,1
TGTGGATCGCCCTTAC,1
TGTGGTAATCTGAAGA,1
TGTGGTAATCTGAATA,1
TGTGTAGCGCCCTTAC,1
TGTTAAGCCAGTCTGA,1
TGTTAGAGTGAACGAT,1
TGTTAGTCCTCGTATG,1
TGTTATAATCTGAATA,1
TGTTATAGGCGTCACA,1
TGTTCAGCCAGTCTGA,1
TGTTCCACTTCATGCT,1
TGTTGACATAGCGATG,1
TGTTGACCCAGTCTGA,1
TGTTGAGACAGTCTGA,1
TGTTGAGCCAGTCGGA,1
TGTTGAGCCAGTCTGC,1
TGTTGAGCCAGTGTGA,1
TGTTGAGCCGGTCTGA,1
TGTTGAGCTAGTCTGA,1
TGTTGAGGCAGTCTGA,1
TGTTGTAATCTGAAGA,1
TGTTGTAATCTGAATG,1
TGTTGTAATCTGAATT,1
TGTTGTAATCTGATTA,1
TGTTGTAATCTGCATC,1
TGTTTTTGGTTCGAGG,1
TTAACTCACCGAATAA,1
TTAACTGTAGAGCGCT,1
TTAATCGGGGGCTAAA,1
TTAATGCAGCCGCTCC,1
TTAATGTAGCAGCTCC,1
TTAATGTAGCCACTCC,1
TTAATGTAGCCGCGCC,1
TTAATGTAGCCGCTAC,1
TTAATGTAGCCGCTCA,1
TTAATGTAGCCGGTCC,1
TTAATGTATCCGCTCC,1
TTAATGTGGCCGCTCC,1
TTAATTCGCATGCGGA,1
TTACAAATTTGATTCC,1
TTACAATTGAAACATA,1
TTACACAGAACCTATC,1
TTACACGCATGTGCCA,1
TTACGAAGTTGATTCC,1
TTACGAATTTCATTCC,1
TTACGAATTTGAGGCC,1
TTACGAATTTGATGCC,1
TTACGAATTTGATTGC,1
TTACGAATTTTACTCC,1
TTACTCCTGAGTAGTA,1
TTAGCACAGCGCAGGC,1
TTAGGAATTTGATTCC,1
TTATAAGCCAGCAAGA,1
TTATATAAGTCGCGCC,1
TTATATATAGAGCGCT,1
TTATATCAGTCGCGCC,1
TTATCTGGAGAGCGCT,1
TTATCTGTAAAGCGCT,1
TTATCTGTAGAGCGGT,1
TTATCTGTAGAGGGCT,1
TTATCTGTAGTGCGCT,1
TTATCTGTGACATTGC,1
TTATGTGTAGAGCGCT,1
TTCACCAAGTTGGTGC,1
TTCAGGATAATCGCGC,1
TTCATCAAGCTGGTGC,1
TTCATCAAGGTGGTGA,1
TTCATCAAGGTGGTGC,1
TTCATCAAGTTAGTGC,1
TTCATCAATTTGGTGC,1
TTCCGTGATACTCACA,1
TTCGCCGCTAATCCGA,1
TTCGGTGGTCTATCCG,1
TTCTATCCAGACTCGT,1
TTCTGATAACCCTGCG,1
TTCTGGCCAGACTCGT,1
TTCTGTCCAAACTCGT,1
TTCTGTCCACACTCGT,1
TTCTGTCCAGACTCGA,1
TTCTGTCCAGACTGGT,1
TTCTGTCCAGATTCGT,1
TTCTGTCCAGGCTCGT,1
TTCTGTGCAGACTCGT,1
TTGAAAAAAGCAGAAA,1
TTGAAAAAATCATAAG,1
TTGAAAAAATCATAAT,1
TTGAAAAAATCATGAA,1
TTGAAAAAATGATAAA,1
TTGAAAAGATCATAAA,1
TTGAAAGAATCATAAA,1
TTGACTAACCGAATAA,1
TTGACTCACAGAATAA,1
TTGACTCACCAAATAA,1
TTGACTCACCGAATAG,1
TTGACTCACCGAATAT,1
TTGACTCACCGAATGA,1
TTGACTCACCGAATTA,1
TTGACTCACTGAATAA,1
TTGACTCATCGAATAA,1
TTGACTTACCGAATAA,1
TTGAGCACTAAATTAA,1
TTGAGCTGCCAATAAG,1
TTGAGTCACCGAATAA,1
TTGATATCCAACACCA,1
TTGCAAAAATCATAAA,1
TTGCAACTGAAACATA,1
TTGCAATTGAAACAGA,1
TTGCAATTGAAACATG,1
TTGCAATTGAAACCTA,1
TTGCAATTGAAACGTA,1
TTGCAATTGAAGCATA,1
TTGCAATTGAGACATA,1
TTGCAATTTAAACATA,1
TTGCGCCTGAGTAGGA,1
TTGCGCCTGAGTAGTA,1
TTGCTCCGGAGTAGTA,1
TTGCTCCTGAATAGTA,1
TTGCTCCTGAGCAGTA,1
TTGCTCCTGAGGAGTA,1
TTGCTCCTGAGTACTA,1
TTGCTCCTGAGTAGGA,1
TTGCTCGTGAGTAGTA,1
TTGCTTCAACTAAAAA,1
TTGCTTCTGAGTAGTA,1
TTGGAATTGAAACATA,1
TTGGATCAGGCGCGCC,1
TTGGATCAGTCGCGCC,1
TTGGCCACTAAATTAA,1
TTGGCGAACGGGAAGC,1
TTGGGCACTAAACTAA,1
TTGGGCACTAAATCAA,1
TTGGGCACTAAATTGA,1
TTGGGCACTAAGTTAA,1
TTGGGCACTAGATTAA,1
TTGGGGAACGGGAACT,1
TTGGGGAACGGGAATT,1
TTGGGGAAGGGGAAAC,1
TTGGGGAATGGGAAAC,1
TTGGGGACCGGGAAGC,1
TTGGGGACTAAATTAA,1
TTGGGGATTGGCTGTT,1
TTGGGGTACGGGAAGC,1
TTGGTCACTAAATTAA,1
TTGTAATTGAAACATA,1
TTGTACCAGTCGCGCC,1
TTGTATAAGTCGCACC,1
TTGTATAAGTCGCTTC,1
TTGTATAAGTCGTGCC,1
TTGTATCAGTCGCGTC,1
TTGTATCAGTCGTGCC,1
TTGTATCAGTGGCGCC,1
TTGTTTGGTGGGAACG,1
TTTAACTCTCGCGGCA,1
TTTACATCGAGATTCA,1
TTTAGGGCTACGTGAG,1
TTTATAACCAACACCA,1
TTTATACCGAGATTCA,1
TTTATAGCGAGATTCA,1
TTTATATCAAGATTCA,1
TTTATATCCAAAAACA,1
TTTATATCCAACAACA,1
TTTATATCCAACACCC,1
TTTATATCCAACAGCA,1
TTTATATCCAAGACCA,1
TTTATATCGAAATTCA,1
TTTATATCGGGATTCA,1
TTTATATCTAACACCA,1
TTTATGTCGAGATTCA,1
TTTCACACAACCTATC,1
TTTCACAGAACCGATC,1
TTTCACAGAACCTAAC,1
TTTCACCGTTGTTTTG,1
TTTCACTGAACCTATC,1
TTTCAGAGAACCTATC,1
TTTCAGCCTTGTTTTG,1
TTTCAGCGGGGGTTTG,1
TTTCAGCGGGGTTTTG,1
TTTCAGCGTGGTTGTG,1
TTTCAGCGTTGCTTTG,1
TTTCAGCGTTGTTTTC,1
TTTCAGCGTTTTTTTG,1
TTTCATGATACTCACA,1
TTTCCATCTCAGATCG,1
TTTCGCGATACTCACA,1
TTTCGGGATACTCACA,1
TTTCGTCATACTCACA,1
TTTCGTGACACTCACA,1
TTTCGTGATACTCTCA,1
TTTCGTGATACTGACA,1
TTTCGTGATACTTACA,1
TTTCGTGATAGTCACA,1
TTTGACAGAACCGATC,1
TTTGGTGATACTCACA,1
TTTGTATCCAACACCA,1
TTTGTCGTATCCACAG,1
TTTTAGAGTGAACGAT,1
TTTTAGCGTTGTTTTG,1
TTTTCCTAACTAGCGA,1
TTTTGACATAGCGATG,1
TTTTGTAATCTGAATA,1
TTTTGTCCAGACTCGT,1
TTTTGTGATACTCACA,1
TTTTTATCGAGATTCA,1
TTTTTCTAGTACGCTT,1
