barcode,count
GGTCCATCTCAGATCG,30789
ACCGGAAGTTGCCAAG,2398
CTTAGGTATTACATGC,1750
CAGATAATATAGAGAC,1017
TTGTATAAGTCGCGCC,554
AATCACCTATATGTAA,523
TTACGAATTTGACTCC,502
TTGTATCAGTCGCGTC,488
TCGTCGCACTACTACT,471
TTGTATCAGTAGCGCC,464
TCGTTGCACTACTGCT,362
TCTTGTCATAGCGATG,338
ATTAGGGCTGCGTGAG,281
AGTATCTAACAGATAG,253
TCGTCCATTGGGAACT,236
AATTGGGGTCTCCCTT,100
CGAAGACATTACAAAT,74
AAGTTAAGAGAAACTT,70
AGCATAGAGATATGTG,61
AATGCGAGCATGTCAG,51
AACAGCAATGAGTTGT,49
ACAGTACGATCTACAC,47
ATGGGATTGGGGAAAC,47
AGTGTTGAATATGCGA,43
ATTAGAGCTACGTGAG,42
CTGAGGGACTCAACTC,42
CTCAAGTAATTGGCGC,41
GAAGTGTGTATTGAGT,41
AAGTTAAGAGAAAGTC,40
GAGGGGGAGAGATACG,40
GTAGAACTGCGGCCCA,40
CAATTAGAAATACATG,37
GAATTAGAAATACATA,37
GACGACAAACAGTAAG,37
GTAAGCAAAATTGACC,37
GTACAAACCTACAAAT,37
GAGGGGTAGAGAGACG,34
GTGCCCAGTTCCTGCG,34
GCGAAGTTCCATAGCG,33
TCTTATTAGGCGACAT,33
TCCAGCGCGGCAAGAG,31
AACCACCGAGTGACTG,30
AACGACAAACAGGAAG,30
ATTGGATTATAACGTA,30
TTATCTGTAGAGAGCT,30
GCCAGCTCGTATCCCC,29
GTACCCAGTTCCTGTG,29
TACCCTGCAAGCAACT,29
TGTGTACCCTTCAGCA,29
TTGGGGAACGGGAAGT,29
AGCATAGGGGTATGTG,28
CGTGTACCCTTCATCA,28
TTGGGGAACGGGAAGA,28
AACCACTGAGTGACCG,27
CTAGCACAGAGTAGGC,27
GAGGGGTGGAGATACG,27
CTTAGGTATTATATGT,26
AACCACAGAGTGACCG,25
GCCCCCTTGTAAGATG,25
TCTTGACATAGCGATA,25
TTTATATCCAACGCCA,25
TTTCAGCATTGTTTTG,25
CGGGGAATGTAAATGA,24
GAAAAATTTATGACAA,24
GTACAAACCTTCAAAT,24
TAGCATTGTCGGAAGG,24
AGTGTACCCTTCAGCA,23
CGTGTACCCTTCAACA,23
CGTGTACCCTTCAGTA,23
GGTGTTGAATAGGCGA,23
GTAGAACTGTGGCCCC,23
TCATGGGTGTAAGAGA,23
TGGACCCTAGATGGTA,23
ATCATCTAACAGATAG,22
CCTTGATGCATTCCCA,22
GGGTTCAGACTCTTGC,22
GTACAAACCCGCAAAT,22
GTGGTTTTACGTCCAT,22
TCCAGCGAGGTAAGAG,22
TCCAGCGCGGTGAGAG,22
CAATTAAAAATACATA,21
CCCTGTGCGGCTCGGG,21
CGCGACCCCCTCCAAC,21
GACAAAGGGGACATAT,21
AACCACCGAGTGACCA,20
AACGGTTCCGACGAAG,20
ATGGGATGGGAGAAAC,20
CGTGTACCCTTAAGCA,20
GATCACGCAGAAAAGG,20
TATTAATACCTGGAAA,20
AAAAAATTTAGGACAA,19
AACCACCTAGTGACCG,19
ACAGTCCACCATGGAG,19
AGCATGGGGATATGTG,19
CCTTGATGCATTCCCC,19
CCTTGATGCATTCCTG,19
CGTGTACCCCTCAGCA,19
CTATTTAACATACGTA,19
GAGGGGGTACGTCACC,19
GATTCAGATGCCAACC,19
GTAAAAACCTGCAAAT,19
GTACAAACCGGCAAAT,19
TAATGGGTGTACGAGA,19
TAATTAGAAATACATA,19
TACTGATAACCCTGTG,19
TCAACACAAAAAATTA,19
TCCAGCGCGGGAAGAG,19
AACCACCGAGTGACAG,18
AACTTCCCTGACTACT,18
AATCGCTGGCACCAGT,18
AATTGCTGGCACCCGT,18
AGTATTTGCGCTGCAA,18
GATACAGAGTTTGTTG,18
GCAGTCCACCATTGAG,18
GGTCGTTTAGATAGTT,18
GTTGTTATGACTTCAT,18
AATGTGAGCATGTCAA,17
ACCGAATGGATCATCC,17
AGAAAATCTCGGATAC,17
AGTATTTGTGCTTCAA,17
CAAATGCTGCATGAGG,17
CACGGTCGGCGAACTC,17
GAAGTGCGCTGAATGA,17
GAATAATGGAACAGAG,17
GACGGTTCCGACTAAG,17
GTGGTATCAAGCCTGG,17
TCATGGGTGCACGAGA,17
TCGGATAAATCAGAAC,17
TCTAACTCTCGCGACA,17
AAATAATAGAACAGAG,16
AACTTCCCTGACTGCC,16
AGCGGTTCCGACTAAG,16
CATGTACCCTTCAGCA,16
GGTCCATCCCAGATCG,16
GTACAAATCTGCAAAT,16
GTACCCAGTTCCTGAG,16
TCCATCGCGGTAAGAG,16
TCTTATTAGGTGGCAT,16
TTATCTGTAGAGCTCT,16
AAACCCATAAGACCCA,15
AACAGAAGTTCATGTA,15
AATCGCTGGCACCCGC,15
ACCGATTTACGAATAA,15
AGTGTTGAAGAGGCGA,15
CAGAACCTCGTTGTCC,15
CCCTGCGAGGCTCGGG,15
CGTTTACCCTTCAGCA,15
CTATATTGCCGGGAAG,15
GGCATAGGGATATGTG,15
GTAGAACTGAGGCCCC,15
GTAGAACTGCGTCCCC,15
TCCAGTGCGGTAAGAG,15
TCTTTACCACTACATC,15
TGGGAACATACATAAC,15
TTTATATCCAACACCG,15
ACAAGCAATGAGTTGT,14
ACCCCCGGAGCTTGGT,14
AGGTTCGGACTCTTGC,14
AGTGTTGAATAGGAGA,14
CATACAGTGTTTGTTG,14
CATTGAGACGCACAAG,14
CCCTGCGCGGCTCGTG,14
CCTTGATGTATTCCCG,14
CGCGAAACCCTTCCGG,14
CGCGACACCCTTCCGT,14
CGCGACACCCTTCCTG,14
CGTGTACCCTTCAGAA,14
CTAGCACAGCGTAGGT,14
CTGGAGGCCTGGTCCC,14
CTTAGGCATTATATGC,14
CTTTAAATTATAGTAT,14
GATGCGAGCATGTCAA,14
GGTCCATCTCAGATAG,14
GTACCCAGTTCCCGCG,14
GTGCGATTGTCAGGAA,14
GTGGTATCAAGACGGG,14
GTTTAAATTCGAGGAC,14
TCCAGCGCTGTAAGAG,14
TCTTAGTCCTTGTATG,14
TCTTGACATAGCGGTG,14
TTTATATCCAACACCT,14
AACAGAAGTCCAGGTA,13
AACGAATGAATCATCC,13
ACGTGCCTCCGAGCAA,13
AGAAAATCTAAGATAC,13
AGCATCTAACAGAGAG,13
AGGAGTATGAAGAGAG,13
ATAACTGAGGGCACTG,13
ATACAAACCTGCAAAT,13
CAAATGCTTCATTAGG,13
CAATTGGAAATACATA,13
CAGAACCTCGTTGTAT,13
CAGGATAAATCAGAAC,13
CCAAGCTTGGCTCATC,13
CCCTGCGCGGCTCTGG,13
CCCTGCGTGGCTCGGG,13
CCGAGGGATTCAACTC,13
CCGGATAAAGCAGAAC,13
CCGGATAAATAAGAAC,13
CCTTGATGCATTCCAG,13
CCTTGATGCATTCCCT,13
CGAAAACATGACAAAT,13
CTGGAGGCCTGGCCCA,13
GAATAATAGAAAAGAG,13
GCACAAACCTGCAAAT,13
GGTCCATCTCATATCG,13
GTAGAACTGCGGCCCT,13
GTGGTATCAATCCGGG,13
TATGTCGTATCCACGG,13
TATTAAGAGAAGTGCA,13
TCTTAGTCCCCGTATG,13
TGCTATTCCAGCGCGG,13
TTCTGCCCAGACTCGT,13
AAACACCGAGTGACCG,12
AAATTAGAAATACATA,12
AACGACAAACGGTAAG,12
ATGGGACTGGAGAAAC,12
ATGGGATTGGAGAAAA,12
CAAATGCTGAATTAGG,12
CAATTAGAAATACATT,12
CCCTGCGCGGCTAGGG,12
CCCTGCTCGGCTCGGG,12
CCGAACTTATCTGTGG,12
CCTTGATGAATTCCCG,12
CGCGACACACTTCCGG,12
CGTGTACCCTTCAGCT,12
CTATTTAACGGACGTA,12
CTGAGCTGCCAAGAAG,12
CTGTACCTGCAGTTGT,12
CTTAACTTATCTGTGG,12
CTTAGGTATTATGTGC,12
CTTGTACCCTTCAGCA,12
GAAGTACGCTTAATGA,12
GAAGTACGTATTGAGT,12
GAGGGGTAGAGATAAG,12
GTACCCAGTTCCTACG,12
GTAGAACTGCGGCCAC,12
TAACGTGATTTCTAGA,12
TACCCTGTAAGCCACT,12
TACTGATAACCCTGAG,12
TACTGATAACCCTTCG,12
TATCCAAGGGAAGGAC,12
TCCTGCGCGGCTCGGG,12
TCTTAGTCCTCGGATG,12
TGTTGAGCCTGTCTGA,12
TTATCTGTAGATCGCT,12
TTGCGATTGAAACATA,12
TTGGGGAAAGGGAAGC,12
TTGGGGAACGGGAATC,12
TTGGGGAACGGGGAGC,12
TTTATATACAACACCA,12
TTTATATCCAACCCCA,12
AAAAAATTTATGAAAA,11
AAAAAATTTATGGCAA,11
AAAAGAAGTCCATGTA,11
AAAAGTCCCTATGATG,11
AACCCTGCAAGCCACT,11
AACGGAAGTCCATGTA,11
AACGGTTCCTACTAAG,11
AAGAACCTCGTTGTCT,11
AATCGCTGGCACCCTT,11
ACAAGATTCGGGGGGC,11
ACACGGGTTGGCGGTA,11
ACGTGTCTCCTAGCAA,11
ACTGTCTAGAAAGTTT,11
AGGAGTATGAAGAGTG,11
CAAATGTTGCATTAGG,11
CAATCAGAAATACATA,11
CACGGCCGGCGAGCTC,11
CATTAAGAGAAGTGCG,11
CCATATGAAATAAGCT,11
CCCTGCGCGACTCGGG,11
CCCTTCGCGGCTCGGG,11
CCCTTTACGGATCTCC,11
CCTTGGTTAAGTTGTG,11
CGGACCCCAGATGGTA,11
CGGACCCTAGATGGGA,11
CTGGGGGCCTGGCCCC,11
CTGTACCTACAGTTGA,11
GAATGGAACTAACTCC,11
GACCACCGAGTGACCG,11
GAGAGATGCAGAAGCG,11
GATATTGGGGAGAGTC,11
GATCACCATCGACTTC,11
GCCAGCAATGAGTTGT,11
GCGAAGTTTAATAGCG,11
GGCCCATCTCAGATCG,11
GGTCCATCTAAGATCG,11
GTACAAACCTGAAAAT,11
GTACAAACCTGCAGAT,11
GTACAACCCTGCAAAT,11
GTACCCAGTTCATGCG,11
GTACCCAGTTCCTGCT,11
GTACGAACCTGCAAAT,11
GTATAAACCGTTTGTA,11
GTGCAAACCTGCAAAT,11
GTGGGATTGGAGAAAC,11
GTGTGATTGTCCGGAA,11
GTTCCATCTCAGATCG,11
TACCCCGCAAGCCACT,11
TACCCTGCAAGCCACC,11
TACCCTGCAATCCACT,11
TATGTAGTATCCACAG,11
TCCAGCGCGGTAAGGG,11
TCTTATTAGGAGGCAT,11
TTAAGAATTTGATTCC,11
TTACAAACCTGCAAAT,11
TTATCTGTACAGCGCT,11
TTGAAAAAATCAGAAA,11
AAAAAAATTATGACAA,10
AACAGAATTCCATGTA,10
AACCACCGAGTGAACG,10
AATCGCTGGCACCCAT,10
ACAAGATTAGGGGGAC,10
ACATTCCACCATTGAG,10
ACATTTTCCAATAGGC,10
ACCATCAATGAGTTGT,10
ACCTAATGAATCATCC,10
AGAATAGGGATATGTG,10
AGACCCCAGGTCCTTT,10
AGCTCCTGGGGTATCG,10
AGGAGTAGGAAGAGCG,10
AGTATTTGCTCTTCAA,10
AGTTGTGGTCTCCCTT,10
ATAGGATATATGGATG,10
ATGCAAATAGACCGAA,10
ATGGGGAACGGGAAGC,10
ATTCGGCTCTTGATTA,10
ATTTAAATTAGAGGAC,10
CACTAGACGTACAGTC,10
CAGAACCTAGTTGTCT,10
CAGGCTCTAGAGCTCC,10
CATGTGAAGTCGCCCA,10
CCAAGCTTGGTGCATC,10
CCATGCGCGGCTCGGG,10
CCCTGCGCGTCTCGGG,10
CCTGATAAATCAGAAC,10
CCTGGGTTAAGTGGTG,10
CGGACACTAGATGGTA,10
CGTGTACCATTCAGCA,10
CGTGTATCCTTCAGCA,10
CTATATTGCCAGGAAG,10
CTATATTTCCCGGAAG,10
CTGAGTTGCCAATAAG,10
CTGGAGGACTGGCCCC,10
GAACAAACCTGCAAAT,10
GAAGCTCTTTTCGTTC,10
GAAGTACGCTGAGTGA,10
GAAGTGCTGTTGAAGT,10
GATAGCCATCGACTTC,10
GATCACACAGAAAAAG,10
GATCTCCATCGACTTC,10
GCGTCCATTAAGATCA,10
GGCATCTAACAGATAG,10
GGGGAAATGTAAATGA,10
GGTCCATCTCAGATCA,10
GTAAGAAAAGTTGACC,10
GTACCCAGTTCCGGCG,10
GTACCCAGTTCCTTCG,10
GTAGAACTTCGGCCCC,10
TACCAATGTCCTTTGA,10
TCCAGAGCGGTAAGAG,10
TCCAGCGCGATAAGAG,10
TCCAGCGCGTTAAGAG,10
TCCAGCTCGGTAAGAG,10
TCGGGGAACGGGAAGC,10
TCTATATCCAACACCA,10
TCTTAGTCATCGTATG,10
TGCCATTCCGGCGCGG,10
TGTAATAGGAGTCACA,10
TTATCTGTAGAGCACT,10
TTATCTGTAGAGCGCC,10
TTCATCAAGTTGGTAC,10
TTGGGGGACGGGAAGC,10
TTTATATCCAACACAA,10
AAAATGCTGCATTAGG,9
AAACCCATAAGACCAC,9
AACACGTAGAACCACC,9
AACAGAAGTCCATTTA,9
AACTTCCCTGACTGCA,9
AACTTCCCTTACTGCT,9
AAGTTAAGGGAAAGTT,9
ACAGCCCACCATTGAG,9
ACCCCCGGAGATTGGC,9
ACCCCCGGAGCTTGTC,9
ACCGTTGTGCACACCA,9
ACGGATAAATCAGAAC,9
ACTAGCAATGAGTTGT,9
AGATCCCATGTCCTTT,9
AGCACTTTACGAGACA,9
AGCATAGGGATATGGG,9
AGGGAACATACATAAC,9
AGTGTTGAATAGGTGA,9
ATGCACGCATGTGCCA,9
ATGGAGGCCTGGCCCC,9
ATGGGATTGGAGAAGC,9
ATTAGGTATTATATGC,9
ATTCCTAATGGGGTAG,9
ATTTAAATTCGGGGAC,9
ATTTAAATTCTAGGAC,9
CAAATGCTGCATTGGG,9
CATTGAGAAGCGCAAG,9
CATTGGGACGCGCAAG,9
CCAACACAAAAAATGA,9
CCAACACAAAACATTA,9
CCCTGCGCGGCTCGAG,9
CCTTGATACATTCCCG,9
CGGGAACATACAGAAC,9
CGGGCCCTAGATGGTA,9
CGGTCGGGACTCATCC,9
CTGACCCTAGATGGTA,9
CTGTACCCGCAGTTGA,9
CTTAGGTATTATATAC,9
GAACCTCCTATCTAAA,9
GACGGGATGGGCACAT,9
GAGAAGTTTCATAGCG,9
GATCGCTGGCACCCGT,9
GCATGGAAATAACTCC,9
GCATGGAACTAAATCC,9
GCATGGAACTAACTCT,9
GCCAGCTCGTATCCCA,9
GCGAAGTTTCATAGAG,9
GCGAAGTTTCGTAGCG,9
GGCGGGATGGGCACGT,9
GGGAAAGAAACTGGAG,9
GTATAAAAAACTTAGT,9
GTGGTATCAAGCCGTG,9
GTTGCTCCGACACACC,9
TACCCTGCAAGTCACT,9
TACTGATAACCCCGCG,9
TACTGATAACCCGGCG,9
TCATGGAACTAACTCC,9
TCGAACGAAGTAGGGG,9
TCTTGACATAGCTATG,9
TGAAGTGGTATACATA,9
TGTGGAGTGCCCTTAC,9
TTATCTGTAGAGCGAT,9
TTCATCAAGTTGATGC,9
TTCATCAAGTTGGTGT,9
TTCGTCAAGTTGGTGC,9
AAAAAATTTATTACAA,8
AACAGAAGTCCATGGA,8
AACCGTATCGCGTTTA,8
AACGACAAACAGTATG,8
AACGGTTCCAACTAAG,8
AACTGTTCCGACTAAG,8
AATCGCTGGTACCCGT,8
AATGTGGAGCCCAACA,8
ACATTCTCCAATAGGT,8
ACCAGCAATGAGTTGC,8
ACCCCCTGAGCTTGGC,8
ACCGAATGAATAATCC,8
AGAAAATCTCATATAC,8
AGACCATGCTGGGGAT,8
AGCATAGGGATAGGTG,8
AGCATATAACAGATAG,8
AGCCACCGAGTGACCG,8
AGCGACACCCTTCCGG,8
AGCTCCTGGGGGATCA,8
AGCTCCTGTGGTATCA,8
AGGAAAGAAACGGGAG,8
AGGACCCTAGATGGTA,8
AGGACTATAGTTGGTA,8
AGGAGTATGGAGAGCG,8
AGGTCGGGACTCATCT,8
AGTATTTGCGCCTCAA,8
AGTCCATCTCAGATCG,8
AGTTGGGGTCTCACTT,8
ATACACGAGATTGTGA,8
ATACACGCATGTTCCA,8
ATAGCACAGCGTAGGC,8
ATAGGATATATGGCGG,8
ATATAAAAGACTTAGT,8
ATTACGAATGGGGTAG,8
ATTAGGGCTACGGGAG,8
ATTCCGGATGGGGTAG,8
CAAATGATGCATTAGG,8
CAAATTCTGCATTAGG,8
CAATTAGAAATAAATA,8
CAGAACCTCGTTTTCT,8
CATGTGGAGCCTAACA,8
CCCTGCGCGGCTCAGG,8
CGGACCATAGATGGTA,8
CGGACCCTAGGTGGTA,8
CGGGAAATGGAAATGA,8
CGTACCCTAGATGGTA,8
CGTATACCCTTCAGCA,8
CTATATTGCCCGTAAG,8
CTCAAAGTCGTAGGAT,8
CTGGAGGCCTGTCCCC,8
CTGTACCTGCAGGTGA,8
CTTAACTTGTCGATAT,8
CTTAGGCTCTTGATTA,8
CTTCGGCTCTTGATTG,8
GAAAGTCCTTATGATG,8
GAAGGGATGGGCACGT,8
GAATAAGAGAACAGAG,8
GCCAGCTCGTATCCAT,8
GCCATTTACGGAAGGG,8
GCCGATTCACGAATAA,8
GCGAAGTTTCATGGCG,8
GGTCAATCTCAGATCG,8
GGTCCAGAGTTTGTTG,8
GGTTGGGGTCTCCCTT,8
GTACAAAACTGCAAAT,8
GTACAAACATGCAAAT,8
GTACCAAGTTCCTGCG,8
GTAGAAATGCGGCCCC,8
GTAGAACTGGGGCCCC,8
GTGCGATTGTACGGAA,8
GTGGAACTGCGGCCCC,8
GTGGGGAACGGGAAGC,8
GTGGTATCAAGCCAGG,8
TAATAAGCCAGAAAGA,8
TAATGATAACCCTGCG,8
TACATGCCGACGCAGT,8
TACGACAAACAGTAAG,8
TATGTCGTAGCCACAG,8
TATGTCGTATACACAG,8
TATGTCGTATCCACAT,8
TCAATCGGGGGATAAA,8
TCATGAGTGTACGAGA,8
TCCATTTACTGAAGGG,8
TCGTCGCATTACTGCT,8
TCTAACCCTCGCGGCA,8
TCTTATTAGGCGGAAT,8
TCTTATTAGGCGGTAT,8
TCTTATTAGTCGGCAT,8
TCTTATTCCTCGTATG,8
TGTCCATCTCAGATCG,8
TTACACCTGTATTATG,8
TTACCCAGTTCCTGCG,8
TTATCGGTAGAGCGCT,8
TTCTTTCCAGACTCGT,8
TTGAAAAAATCACAAA,8
TTGGGGAACGGGAAAC,8
TTGTATCAGTCGCGCA,8
TTGTATCAGTCGCTCC,8
TTTATATCCAAAACCA,8
TTTCACAGAACCGATC,8
TTTCACGGAACCTATC,8
TTTGGGAACGGGAAGC,8
AAACCCATAATACCCC,7
AAATTCCCTGACTGCT,7
AACACGTAGGACCGCC,7
AACCAACGAGTGACCG,7
AACCACCGAGTGACCT,7
AACGACAAACAGTGAG,7
AAGCGGTGATGTGAGT,7
AAGTTAAGAGAGAGTT,7
ACAATCTGAACCATGC,7
ACACGGGTTGGCTGCA,7
ACAGAGTCTCGAGAAG,7
ACAGTCCACCATTTAG,7
ACATCCTCAACTCCTA,7
ACCACCGGAGCTTGGC,7
ACCAGCAATGAGTTTT,7
ACCAGCAATTAGTTGT,7
ACCCACGGAGCTTGGC,7
ACCGAATGAAGCATCC,7
ACCGAATTAATCATCC,7
ACCGAGTGAATCATCC,7
ACCGATCCACGAATAA,7
ACCGATTCACGAAGAA,7
ACGGGGATTGGATGTT,7
ACTGGGTTAAGTTGTG,7
ACTGTATAGAAATTTT,7
ACTTTCTAGAAATTTT,7
AGAAAATTTATGACAA,7
AGCAAACATGCATTGG,7
AGCATCTAACAGGTAG,7
AGCTCCTGGGGTATAA,7
AGGACTATAGTTGGAA,7
AGGAGTATGAAGATCG,7
AGTATTTGAGCTTCAA,7
AGTATTTGCGATTCAA,7
AGTATTTGCGCGTCAA,7
AGTATTTGCGCTTCAG,7
AGTATTTTCGCTTCAA,7
AGTGTTGAATAGTCGA,7
AGTTGGGGTATCCCTT,7
ATAACGTTTGTGTAAA,7
ATCAGGATAATCTCGC,7
ATGGGAGTGGAGAAAC,7
ATGGGATTTGAGAAAC,7
ATTATTTGCGCTTCAA,7
ATTCCGAATGGGGGAG,7
CAAATGCTGCATTAGT,7
CAAGTGCTGCATTAGG,7
CAATTAGAAATACAGA,7
CAATTAGGAATACATA,7
CACACTTTACGAGACA,7
CACCATCAGCACCGAG,7
CAGAACCTCATTGTCT,7
CATTGAGACGCGCAAT,7
CATTGAGACGCTCAAG,7
CATTGATGCATTCCCG,7
CCAATCTTGGCGCATC,7
CCAGTCCACCATTGAG,7
CCCCGCGCGGCTCGGG,7
CCCTATGAAATAAGAT,7
CCCTGCGCGGATCGGG,7
CCGGAGGCCTGGCCCC,7
CCTGGGTGAAGTTGTG,7
CCTTGATGCATTACCG,7
CGAGACACCCTTCCGG,7
CGCACTTTGCGAGACA,7
CGCGACACCCTTCAGG,7
CGGGGACAAGATGGTA,7
CGGTCGGGACTCAGCT,7
CGTGTACACTTCAGCA,7
CGTGTGCCCTTCAGCA,7
CGTTCAGTGATAACGG,7
CTAGCACAGCGTGGGC,7
CTATATTGACCGGAAG,7
CTCGACACCCTTCCGG,7
CTGAACTTATATGTGG,7
CTGAACTTATCTGTGT,7
CTGAGATGCCAATAAG,7
CTGAGCTACCAATAAG,7
CTGATTTAAGTATCAA,7
CTGGAGGCCCGGCCCC,7
CTGTACCTGAAGTTGA,7
CTTACAGAAAACTAGA,7
CTTCGGCTATTGATTA,7
CTTGAGGCCTGGCCCC,7
GAAGAATAGAACAGAG,7
GAAGTGCTTATTGAGT,7
GACCACCCCAGAGATG,7
GACCCCCTGTAAGATG,7
GAGAGCTGCAGAAGAG,7
GAGGGATAGAGATACG,7
GAGGGGTAGAGATACA,7
GAGGGGTAGAGATACT,7
GATCTTGGGGAGAGTA,7
GATGGGTAGAGATACG,7
GCAGCGTGACGGTCAT,7
GCATCATCAACTCCTA,7
GGAGTACGCTGAATGA,7
GGCCCCTTGTAAGATG,7
GGGGGGTAGAGATACG,7
GGTCCATCTCAGATCT,7
GTACAAACCTGCAAAC,7
GTACACAGTTCCTGCG,7
GTACAGACCTGCAAAT,7
GTACCCAGTTCCTGCA,7
GTACCCAGTTTCTGCG,7
GTACCCGGTTCCTGCG,7
GTAGAACTGCGGCCTC,7
GTAGAACTGCTGCCCC,7
GTCTCCGCTAATCCGA,7
GTGAGTGAGAAAAGCA,7
GTGGTATAAAGCCGGG,7
GTGGTATCAAGCCCGG,7
TAACGTGATTTCTCGT,7
TAACGTTATTTCTCGA,7
TAATGAGCCAGCAAGA,7
TACACTGCAAGCCACT,7
TACATACCTACGCAGT,7
TACCATCAGCACCTAG,7
TACCCTGCAAGCCAAT,7
TACTGATAACCCTGCT,7
TAGAACCTCGTTGTCT,7
TAGAACGAAGTAGGAG,7
TAGCATTGTAGGAAAG,7
TAGCATTGTTGGAAAG,7
TATGTCATATCCACAG,7
TATGTCGTATCAACAG,7
TATGTCGTATCCAAAG,7
TATTAAGAGAAGTGAG,7
TATTTCGTATCCACAG,7
TCATGGGTATACGAGA,7
TCATGGGTGTATGAGA,7
TCGAACGAAGTAAGAG,7
TCGTCCGTTGGGAGCT,7
TCTAACTCTCGAGGCA,7
TCTAACTCTCGTGGCA,7
TCTTATTGGGCGGCAT,7
TCTTGAAACGATCCCC,7
TCTTGGCATAGCGATG,7
TGCGGTGGTCGATCCA,7
TGCTATTACGGCGCGG,7
TGCTATTCCGGAGCGG,7
TGGCAACAATACAAAT,7
TGTGGAGCTCCCTTAC,7
TTAGAACTGCGGCCCC,7
TTGGGGAATGGGAAGC,7
TTGTATCAGTCGAGCC,7
TTGTATCAGTCGCACC,7
TTTATATCCGACACCA,7
TTTCATCGTTGTTTTG,7
AAAAAATTTATGACAG,6
AAAAAATTTATGACGA,6
AAAGGCGCGCCTTCGA,6
AACAACCGAGTGACCG,6
AACAGAAGTACATGTA,6
AACAGAAGTCAATGTA,6
AACCACCGAGTTACCG,6
AACCGCTGGCACCCGT,6
AACGACAAAAAGTAAG,6
AACGGCAAACAGTAAG,6
AACGGTGCCGACTAAG,6
AACGGTTCAGACTAAG,6
AACGGTTCCGACTAAT,6
AACGGTTCTGACTAAG,6
AACGTTTCCGACTAAG,6
AACTTCCCTGACTGTT,6
AAGCGGTGAGGTGATT,6
AATCGCTGACACCCGT,6
AATCTCTGGCACCCGT,6
AATGAAACAATCTAAC,6
AATGAGAGCATGTCAA,6
AATGGGAATTGCCACT,6
ACAAACAGTGTAGTTG,6
ACAAGCTTGGCGCATC,6
ACAATCTGAACCATAA,6
ACAATCTGAACCATAT,6
ACACGGGTTGGCCGTA,6
ACACGGGTTGGTTGTA,6
ACACGGGTTGTCTGTA,6
ACACTGGTTGGCTGTA,6
ACCAGAAATGAGTTGT,6
ACCAGCGCGGTAAGAG,6
ACCAGCTCGTATCCCT,6
ACCCCCGTAGCTTGGC,6
ACCGAATGAATCATAC,6
ACCGAATGAATCATCA,6
ACCGAATGAATCATCT,6
ACCGATTCACAAATAA,6
ACCGGCAATGAGTTGT,6
ACGGGGATTGGCTGGT,6
ACGTATGATTTTAGAG,6
ACGTATTATTTTCGAG,6
ACGTGTATCCGAGCAA,6
ACGTGTTTCCGAGCAA,6
ACTCTGGCTCGCGAAT,6
ACTTGATGCATTCCCG,6
AGAAAATCTCAGATAT,6
AGATCCTGGGGTATCA,6
AGCATAGGGACATGTG,6
AGCATCCAACAGATAG,6
AGCATCTAACGGATAG,6
AGGACTATAGTTGACA,6
AGGGGACAAGATTGTA,6
AGGTTCAGACTCTTGT,6
AGGTTCATACTCTTGC,6
AGTATTTGCGCTTCAT,6
AGTGTTGAATGGGCGA,6
AGTGTTGAGTAGGCGA,6
AGTGTTGGCTTGTTTA,6
ATAAACGAGGTTGTGA,6
ATGAACTTATCTGTGG,6
ATGAGCTGCCAATAAG,6
ATGGGATTGGATAAAC,6
ATGGTATCAAGCCGGG,6
ATGGTTTTAAGTCCAT,6
ATTATGGCTACGTGAG,6
ATTTAAATTATAGTCT,6
ATTTAAATTCGAGGAA,6
CAAATGCTGTATTAGG,6
CACCATCAGCACCTAT,6
CACGGACGGCGAACTC,6
CACTATGAAATAAGCT,6
CAGAACATCGTTGTCT,6
CATACAGAGTTTTTTG,6
CATACATAGTTTGTTG,6
CATGTGGATCCCAACA,6
CCAACACAAAAAAGTA,6
CCAAGCTTGGCGCATA,6
CCCTATGAAATAAGTT,6
CCCTGATGCATTCCCG,6
CCGGGTAAATCAGAAC,6
CCGTACCTGCAGTTGA,6
CCGTATAAATCAGAAC,6
CCTCGATGCATTCCCG,6
CCTCGGCTCTTGATTA,6
CCTGGGGTAAGTTGTG,6
CCTTGATTCATTCCCG,6
CCTTTATGCATTCCCG,6
CGAAACACGTCCCGGT,6
CGCACTTTACGAGAAA,6
CGCTACACCCTTCCGG,6
CGGACCCGAGATGGTA,6
CGGACCCTAGATGGCA,6
CGGACCCTAGATTGTA,6
CGTGGCCCCCTCCAAC,6
CGTGTAACCTTCAGCA,6
CGTGTACCCTTCACCA,6
CGTTCAGCGATAATGG,6
CTACTAGGGGACGATT,6
CTATATTACCCGGAAG,6
CTATATTGCACGGAAG,6
CTATATTGCCCAGAAG,6
CTATATTGCCCGGAGG,6
CTATATTGTCCGGAAG,6
CTATCTGTAGAGCGCT,6
CTGAAATTATCTGTGG,6
CTGAACTTATCTGCGG,6
CTGAGCTTCCAATAAG,6
CTGGAGGCCTGACCCC,6
CTGGAGGCCTTGCCCC,6
CTGGAGTCCTGGCCCC,6
CTGTACCTGCAGTGGA,6
CTGTACCTTCAGTTGA,6
CTTAGGTATTATATTC,6
CTTCGGCTCGTGATTA,6
CTTTACCTGCAGTTGA,6
GAAAAAAGGGACATAT,6
GAAGAAACTATAAACA,6
GAAGTACGCTGAATGG,6
GAAGTGATGCTGAAGT,6
GAATAATAGAACGGAG,6
GACCCCTTGGAAGATG,6
GACCCCTTGTAAGAGG,6
GACTAAAGGATCATGA,6
GACTCAGATGCCCACC,6
GAGAGCTACAGAAGCG,6
GAGAGCTGCAGAAGCA,6
GAGGGGCAGAGATACG,6
GAGGGGTAGAGATATG,6
GAGGGGTAGGGATACG,6
GATCTTGGGGAGAGGC,6
GATCTTGGGGAGAGTT,6
GATCTTGGGGGGAGTC,6
GATCTTTGGGAGAGTC,6
GCACCCAGTTCCTGCG,6
GCATCCTCAACTCCCA,6
GCATGTAACTAACTCC,6
GCATTGAACTAACTCC,6
GCCACTGCGGCGTGTG,6
GCCAGCTCGTATCCCG,6
GCCAGCTTGTATCCCT,6
GCCGCTGCGGCATGTG,6
GGTATTTGCGCTTCAA,6
GGTGTTGGCTTGGTTA,6
GTACAAACCTGCAAAG,6
GTACAAACCTGCGAAT,6
GTACAAACCTGTAAAT,6
GTACCCATTTCCTGCG,6
GTACTCAGTTCCTGCG,6
GTATAACTGCGGCCCC,6
GTCGCCGCCAATCCGA,6
GTGAGCGGGAAAAGCA,6
GTGGTATCGAGCCGGG,6
GTTGTATCAAGCCGGG,6
TAACGTGATTTCTCTA,6
TAATAATCCAGCAAGA,6
TACCTGCTGCGGAACT,6
TACTAATGCCGTTGTT,6
TAGCATTGTCGGGAAG,6
TAGGCTCTAGAGCTCT,6
TATCCAAGGGACGGAT,6
TATGTCGTGTCCACAG,6
TATTAAGAGGAGTGCG,6
TCAAGCGCGGTAAGAG,6
TCATGGGGGTACGAGA,6
TCATTGGTGTACGAGA,6
TCCACACCCCTGGCTA,6
TCCAGCGCGGTAAGAT,6
TCCGGCGCGGTAAGAG,6
TCCTATGAAATAAGCT,6
TCGAAAGAAGTAGGAG,6
TCTAACGAAGTAGGAG,6
TCTTAGTACTCGTATG,6
TCTTAGTCCGCGTATG,6
TCTTAGTCCTCTTATG,6
TCTTGACATAGAGATG,6
TCTTGACATAGCGAGG,6
TCTTTACAACTGCATC,6
TCTTTACCACTTCATC,6
TGCGGTGGTCGATACG,6
TGCGGTGGTCGATCTG,6
TGCTATTCCGGCGAGG,6
TGGAATCGTAACCGAT,6
TGGGAAATGTAAATGA,6
TGTGGAGCGCCCGTAC,6
TGTTGAGCCAGTCTGG,6
TTATCTGTAGAGCGTT,6
TTATCTGTGGAGCGCT,6
TTGAGGAACGGGAAGC,6
TTGGGGAACGAGAAGC,6
TTGGTGAACGGGAAGC,6
TTTATATCGAGAGTCA,6
TTTATATCGAGATTCG,6
TTTCACATAACCTATC,6
TTTCGTGATACCCACA,6
TTTCTCCTGAGTAGTA,6
AAACCCATAAGACCCT,5
AAACGGGTTGGCTGTA,5
AAAGCTCTTTTCGTTA,5
AACACGTAGAAACGCC,5
AACATAAGTCCATGTA,5
AACATACGAGACGTAA,5
AACCACCGAGTGGCCG,5
AACCACCGATTGACCG,5
AACCTCCCTGACTGCT,5
AACGACAAACAGCAAG,5
AACTTCCCTGACGGCT,5
AAGAGGTGATGTGATT,5
AAGCGGTGATGTGATG,5
AAGCGGTGATGTTATT,5
AAGGGGACTCATAATG,5
AAGGTCCCTATGGAAT,5
AAGTATTGATACACAT,5
AAGTCCATTAAGATCA,5
AATAGCTGGCACCCGT,5
AATCGCTGGCACCCGG,5
AATCGCTGTCACCCGT,5
AATGAAAAAATCGAAC,5
AATGAAACAATCGAAA,5
AATGACAAACAGTAAG,5
AATGAGACAATCGAAC,5
AATGCGAGTATGTCAA,5
AATGGTTCCGACTAAG,5
AATGTCTAGAAATTTT,5
AATTAGTGAGTACTAG,5
AATTCGTGAGGACTAG,5
ACAAGATTCGTGGGAC,5
ACAAGGGTTGGCTGTA,5
ACACCCGGAGCTTGGC,5
ACACGGGTTGGCTGGA,5
ACACGGGTTGGCTGTT,5
ACATTTTACAATAGGT,5
ACCAGCAATGGGTTGT,5
ACCCCCGGAGCTTGGA,5
ACCTGCGCGGCTCGGG,5
ACGCAAAGAGACCGAA,5
ACGGGGATTGGCTTTT,5
ACGGGGATTGTCTGTT,5
ACGGGGATTTGCTGTT,5
ACGTATGATTTTCGAT,5
ACGTGTCTCAGAGCAA,5
ACGTGTCTCCGATCAA,5
ACTGTCTAGAGATTTT,5
ACTGTCTATAAATTTT,5
AGAAAATATCAGATAC,5
AGAAAATCTCAGGTAC,5
AGACCGCCAGCTTCGT,5
AGATCCAAGGTCCTTT,5
AGCATCTAACAGATAT,5
AGCGACAAACAGTAAG,5
AGCGTTGAATAGGCGA,5
AGCTCCTGGGTTATCA,5
AGCTCCTTGGGTATCA,5
AGGAGGATGAAGAGCG,5
AGGAGTATGAATAGCG,5
AGGGAAATGTAAATGA,5
AGGGGATTGGAGAAAC,5
AGGTTAAGACTCTTGC,5
AGTAAACATGAATTGG,5
AGTAAACATGCATTGA,5
AGTAAACATGCATTGT,5
AGTAGTTTAGATAGTT,5
AGTATAGGGATATGTG,5
AGTATTTGCACTTCAA,5
AGTGGTGAATAGGCGA,5
AGTGTTGAATAGGCAA,5
AGTGTTGGATAGGCGA,5
AGTGTTGGCTTTGTTA,5
AGTTGGGGTCCCCCTT,5
AGTTGGGGTCTACCTT,5
AGTTGGGGTCTCCATT,5
AGTTGGGGTCTCCCCT,5
ATAAAATCTCAGATAC,5
ATAAACGCATGTGCCA,5
ATAACGTTTGTACAAA,5
ATACACGCATGTACCA,5
ATAGGATATATGGCCG,5
ATAGGATATATGGCTT,5
ATAGGATATATTGCTG,5
ATATATTGCCCGGAAG,5
ATATTTAACAGACGTA,5
ATCAGGATAATCACGC,5
ATCATAGGGATATGTG,5
ATCCCATGCTGGGGAT,5
ATGGCCCACGGGCCTA,5
ATGGGATTGGAGAGAC,5
ATTCCGAATGAGGTAG,5
ATTCCGAATGGGGCAG,5
ATTCCGAATGTGGTAG,5
ATTCTGAATGGGGTAG,5
ATTGGGGCTACGTGAG,5
ATTTAAATTCGAGTAC,5
CAAAATCTAGGGCGAC,5
CAAATAGAAATACATA,5
CAAATGCTGCACTAGG,5
CAAATGCTGCATTATG,5
CAAGGGCTAATGTCTC,5
CAATTAGAAATACGTA,5
CAATTAGAAATGCATA,5
CACAGACAAGAAAAAA,5
CACCATCAGAACCTAG,5
CACGGCCTGCGAACTC,5
CACGTCCGGCGAACTC,5
CACTGCGCGGCTCGGG,5
CAGAAACTCGTTGTCT,5
CAGAGAGTGATGAACA,5
CAGTCGGGACTCATCT,5
CATAAAGAGTTTGTTG,5
CATAACCTCGTTGTCT,5
CATACAGAGTTTGTTT,5
CATGGGAATTACCACT,5
CATGTGGAACCCAACA,5
CATGTGGAGCCCGACA,5
CCAAAAGCTTAACTTG,5
CCAAGCTTGTCGCATC,5
CCCCATGAAATAAGCT,5
CCCTATGAAATAATCT,5
CCCTATGAAATGAGCT,5
CCCTGCGCGGCCCGGG,5
CCCTTTACGTATCTCT,5
CCTGGGTTAAGGTGTG,5
CCTGGGTTAAGTTGGG,5
CCTGGGTTAATTTGTG,5
CCTTGATGCAGTCCCG,5
CGCACTTTAAGAGACA,5
CGCGACACCCTTCCAG,5
CGCGACGCCCTTCCGG,5
CGGACCCTAGAGGGTA,5
CGGACCCTAGATGTTA,5
CGGGAACATGCATAAC,5
CGGTTGGGACTCATCT,5
CGTACAGTGTAAGCGA,5
CGTGTACCCGTCAGCA,5
CTAGCACAGCGTAGGA,5
CTAGCACATCGTAGGC,5
CTATTTAAAAGACGTA,5
CTATTTAACAGACTTA,5
CTCAAATAATTGGAGC,5
CTCACTTTACGAGACA,5
CTGAACTTATCTGTGA,5
CTGAACTTATCTTTGG,5
CTGAGGTATTCAACTC,5
CTGGAAATGTAAATGA,5
CTGGACTTATCTGTGG,5
CTGGAGGCATGGCCCC,5
CTGGAGGCCGGGCCCC,5
CTGGAGGCCTGGACCC,5
CTGGAGGCCTGGCCAC,5
CTGTACCTGCAGTTGG,5
CTGTCGGGACTCATCT,5
CTTACAGAATAATAGA,5
CTTACATAATACTAGA,5
CTTATATCCAACACCA,5
CTTCGGCTCTTTATTA,5
CTTCTGCTCTTGATTA,5
CTTTCAGCGATAACGG,5
GAAATTCCCTATGATG,5
GAAGAAAATATAACCA,5
GAAGCGTGCCGGTCAT,5
GAAGTGCGTATTAAGT,5
GAAGTGCTGATGAAGT,5
GAATAATTGAACAGAG,5
GACAAAAGGGAAATAT,5
GACAAAAGGGACAGAT,5
GACAAAAGGGACATAG,5
GACAGAAGTCCATGTA,5
GACCTACGAGACGTAA,5
GAGAGCTGAAGAAGCG,5
GAGAGCTGCAGAAGCT,5
GATCGACATCGACTTC,5
GATCGCAATCGACTTC,5
GATCGCCACGGATAAG,5
GATCGCCACTGATAGG,5
GATGAAACAATCGAAC,5
GATTCAGATGCTCACC,5
GATTCGGATGCCCACC,5
GCAAACAGTGTAGTGG,5
GCAAACAGTGTAGTTT,5
GCAACGATGTGTAACC,5
GCAAGCTCGTATCCCT,5
GCACGGGTTGGCTGTA,5
GCATCCTCGACTCCTA,5
GCATGGAACTAACTAC,5
GCATGGAACTAACTCA,5
GCATGGAACTAATTCC,5
GCATGGAACTGACTCC,5
GCATGGGACTAACTCC,5
GCCAGATCGTATCCCT,5
GCCAGCCCGTATCCCT,5
GCGAAGTTTCATAGCA,5
GCGAAGTTTCATAGCT,5
GCGAAGTTTCATAGTG,5
GGACCATCGCACCCAA,5
GGGAGTATGAAGAGCG,5
GGGCCATCTCAGATCG,5
GGTACAGTGTAATCGA,5
GGTACATCTCAGATCG,5
GGTCCATATCAGATCG,5
GGTCCATCTCAGTTCG,5
GGTCCATCTCGGATCG,5
GGTGTACCCTTCAGCA,5
GTAATTCGCAGGCGGA,5
GTACAAGCCTGCAAAT,5
GTACCCAGTTACTGCG,5
GTAGAACCGCGGCCCC,5
GTAGAACTACGGCCCC,5
GTAGGACTGCGGCCCC,5
GTAGGCAAAGTTGACC,5
GTATAAACCTGCAAAT,5
GTCAAGTTAAGGATGG,5
GTCGCCTCTAATCCGA,5
GTGAGATTGTCCGGAA,5
GTGATATCAAGCCGGG,5
GTGCAATTGTCCGGAA,5
GTGCGATTGTCCGTAA,5
GTGCGATTGTCCTGAA,5
GTGGTATCAAGCAGGG,5
GTGTTATCAAGCCGGG,5
GTTCGATTGTCCGGAA,5
GTTGCTACGACACGCC,5
GTTGCTCCGACACGAC,5
GTTGCTCCGACACGCA,5
TAAATCGGGGGCTAAA,5
TAACGTGATTTCGCGA,5
TAACGTGATTTCTCAA,5
TAATAAGCAAGCAAGA,5
TAATAATGCCGTTGTC,5
TACAAGAGAGAGGTCC,5
TACATACCGACGAAGT,5
TACATACTGACGCAGT,5
TACCATGCAAGCCACT,5
TACCCTGAAAGCCACT,5
TACCCTTCAAGCCACT,5
TACTAATGCCGTGGTC,5
TACTGATAACCATGCG,5
TACTTATAACCCTGCG,5
TAGATTACTAGCCGGA,5
TAGCATTGGCGGAAAG,5
TAGCGTGATTTCTCGA,5
TATACAAGGGACGGAC,5
TATCCAAGGTACGGAC,5
TATCTTGGGGAGAGTC,5
TATGTGGAGCCCAACA,5
TATTAGTCCTCGTATG,5
TATTATTAGGCGGCAT,5
TATTTACCACTGCATC,5
TCAACCGGGGGCTAAA,5
TCAATTACTAGCCGGA,5
TCACGGGTGTACGAGA,5
TCATAGGTGTACGAGA,5
TCATGGGTGTGCGAGA,5
TCATGTGTGTACGAGA,5
TCCAGCGCGGTAATAG,5
TCCAGCGCGGTAGGAG,5
TCGAACGAAGGAGGAG,5
TCGATTACTAGACGGA,5
TCGATTACTAGCCGTA,5
TCGCTTCAACTAAGAA,5
TCGTCCGTTGGGAAAT,5
TCGTCCTTTGGGAACT,5
TCGTCGCACTACTGAT,5
TCGTCGCACTACTTCT,5
TCGTCTCACTACTGCT,5
TCTTAGTCCTCATATG,5
TCTTAGTCCTCGTACG,5
TCTTGACAGAGCGATG,5
TCTTGACATAGTGATG,5
TCTTTACCACTGCATA,5
TGAGTTCATAGCTCCT,5
TGATATTCCGGCGCGG,5
TGATCTTTTACGTTTA,5
TGCGGTGGTCGAGCCG,5
TGCGGTGGTCGATCCT,5
TGCGGTTGTCGATCCG,5
TGGAATCGTCACCAAT,5
TGGAATCGTCACCGAG,5
TGGTCCTCTTCATGCT,5
TGGTCGGGACTCATCT,5
TGTAATAGGCATCACA,5
TGTAATAGGTGTCACA,5
TGTAATAGTCGTCACA,5
TGTGACCCCCTCCAAC,5
TGTTGAGCCAGTATGA,5
TGTTGAGTCAGTCTGA,5
TTCATCAAGTTGGTTC,5
TTCATCAAGTTTGTGC,5
TTCTATTCCGGCGCGG,5
TTCTGTCCATACTCGT,5
TTGAAAAAAGCATAAA,5
TTGCGATTGTCCGGAA,5
TTGCTCCCGAGTAGTA,5
TTGGGGAACAGGAAGC,5
TTGTATCAGTCGCGCT,5
TTGTATCAGTCTCGCC,5
TTGTGGAACGGGAAGC,5
TTTACATCCAACACCA,5
TTTATATCAAACACCA,5
TTTATATCCAACAACA,5
TTTATATCCAACACTA,5
TTTATATCCAGCACCA,5
TTTCACAGAAACTATC,5
AAAAAATTTATGATAA,4
AAAAAATTTGTGACAA,4
AAAAGATTCGGGGGAC,4
AAACCAATAAGACCCC,4
AAACCCAGAAGACCCC,4
AAAGACAAACAGTAAG,4
AAAGCTCTTTTAGTTC,4
AAAGCTCTTTTCATTC,4
AAAGCTCTTTTCGCTC,4
AACACGTAGAACAGCC,4
AACACGTAGAACCTCC,4
AACACGTGGAACCGCC,4
AACAGAAGTCCATGCA,4
AACAGAAGTCCATGTG,4
AACAGGAGTCCATGTA,4
AACCACCGAGTGACCC,4
AACCTACGAGACGGAA,4
AACCTACTAGACGTAA,4
AACGACAAACAGTAGG,4
AACGACAAGCAGTAAG,4
AACGATTCACGAATAA,4
AACGATTCCGACTAAG,4
AACGGTTACGACTAAG,4
AACGGTTCCGACTAGG,4
AACTACAAACAGTAAG,4
AACTTCACTGACTGCT,4
AACTTCCCTGAATGCT,4
AACTTCCCTGACTGAT,4
AACTTCCCTGACTGCG,4
AACTTCCCTGACTTCT,4
AAGAAGCTAGAGAAGT,4
AAGTGTCTCCGAGCAA,4
AATCACTGGCACCCGT,4
AATCGCTGGCACACGT,4
AATCGCTTGCACCCGT,4
AATGCGAACATGTCAA,4
AATGCGAGAATGTCAA,4
AATGCGATCATGTCAA,4
AATGCGGGCATGTCAA,4
AATTAAACAATCGAAC,4
ACAACACAAAAAATTA,4
ACAATCTTAACCATAC,4
ACACAAATAGACCGAA,4
ACACGGGTTGGCTATA,4
ACACGGGTTGGCTTTA,4
ACACGTGTTGGCTGTA,4
ACAGAATGAATCATCC,4
ACAGTACACCATTGAG,4
ACAGTCAACCATTGAG,4
ACATGGGTGTACGAGA,4
ACATGGGTTGGCTGTA,4
ACATTTTCCGATAGGT,4
ACCAATTCACGAATAA,4
ACCAGCAATGATTTGT,4
ACCAGTAATGAGTTGT,4
ACCCCCGGAGCTCGGC,4
ACCCCGGGAGCTTGGC,4
ACCGAATGAATCACCC,4
ACCGATTCACGAATGA,4
ACCGGAAGTTACCAAG,4
ACCGTTGTACACACCT,4
ACCGTTTTACACACCA,4
ACCTAAAGGATCATGA,4
ACCTATTCACGAATAA,4
ACGGGATTGGAGAAAC,4
ACGGGGATTGGCCGTT,4
ACGTATGATTTTCTAG,4
ACGTATGATTTTTGAG,4
ACGTCCAGTAAGATCA,4
ACGTGTCTCCGAGAAA,4
ACTACGAGGCTAAGTA,4
ACTCTGACTCGCTAAT,4
ACTTCCATTAAGATCA,4
AGAAAACCTCAGATAC,4
AGAAAATCTCACATAC,4
AGAAAATCTCAGATAA,4
AGAATCTAACAGATAG,4
AGACTCCACGGACGCC,4
AGAGACATCGCCCTTT,4
AGAGCGAAAAAGAGGA,4
AGATCCCAGGTCCCTT,4
AGATCCCAGTTCCTTT,4
AGATCCTAGGTCCTTT,4
AGCAGAAGTCCATGTA,4
AGCAGAGGGATATGTG,4
AGCATAGGGATATGCG,4
AGCATAGGGATGTGTG,4
AGCATCTAAAAGATAG,4
AGCATCTAACAGATAA,4
AGCATCTAACAGATAC,4
AGCATCTAACAGATGG,4
AGCCCATGCTGTGGAT,4
AGCTACTGGGGTATCA,4
AGCTCCTGGGGTATCT,4
AGGAAAGAAAATGGAG,4
AGGTTCAGACTCTTGA,4
AGTAAACATGCAGTGG,4
AGTATTTGCGCTTAAA,4
AGTCGTTTAGATAGGT,4
AGTCGTTTAGATAGTA,4
AGTCTTTTAGATAGTT,4
AGTGAAACAATCGAAC,4
AGTGTTGAATAGACGA,4
AGTGTTGAATAGGCGT,4
AGTGTTGAATAGGCTA,4
AGTGTTGGCTTGATTA,4
AGTGTTTAATAGGCGA,4
AGTTGGGGTCTCCCGT,4
AGTTTGGGTCTCCCTT,4
ATAACGTTTGTTCAAA,4
ATAACTGAGGGAATTG,4
ATAAGGATAATCGCGC,4
ATACACGCATGTGACA,4
ATACACGCATGTGCAA,4
ATACATGAGGTTGTGA,4
ATAGAAAATTATCCTC,4
ATAGAATCACAAATTA,4
ATAGGATATATGACTG,4
ATAGTATATATGGCTG,4
ATATAAAAAACTTATT,4
ATATAAACCGTTTGTA,4
ATCAGGATAACCGCGC,4
ATCCTAGGGGACGATT,4
ATCGGGATAATCGCGC,4
ATGGCCCACGGGCATG,4
ATGGGATCGGAGAAAC,4
ATGGGATTGGAGAAAT,4
ATGGTTTTACGTACAT,4
ATGGTTTTATGTCCAT,4
ATTAGGGATACGTGAG,4
ATTCCAAATGGGGTAG,4
ATTCCGAATGGGATAG,4
ATTCCGAATGGGGTAT,4
ATTCCGAGTGGGGTAG,4
ATTGGATTGGAGAAAC,4
ATTGTTTTACGTCCAT,4
ATTTTTCTATGTCTAC,4
CAAAATCTACGGCGAA,4
CAAACCGCAGACACGT,4
CAAAGCTTGGCGCATC,4
CAAATGCTACATTAGG,4
CAAGTAGAAATACATA,4
CAATGAGAAATACATA,4
CAATTAGAAAGACATA,4
CAATTAGAAATACACA,4
CAATTAGAGATACATA,4
CAATTATAAATACATA,4
CACCAATCTTCTAACT,4
CACCATCAACACCTAG,4
CACCTAGGATCACACT,4
CACGACACCCTTCCGG,4
CACGGCCGACGAACTC,4
CACGGCCGGCGAAATC,4
CACTAGATGTACAGTT,4
CACTGGATGTACAGTC,4
CACTTTACGGATCTCT,4
CAGAACCCCGTTGTCT,4
CAGAACCTCGTTGTCA,4
CAGACCCTAGATGGTA,4
CAGATAGGGATGAACA,4
CAGGATCTAGAGCTCT,4
CAGGCTATAGAGCTCT,4
CAGGCTCTAGAGCGCT,4
CAGGCTCTATAGCTCT,4
CAGGCTCTGGAGCTCT,4
CATACAGAGGTTGTTG,4
CATACAGAGTTTGTCG,4
CATACAGAGTTTGTGG,4
CATGGGAATTGTCACT,4
CATGGGTTAAGTTGTG,4
CATGTGGAGACCAACA,4
CATGTGTAGCCCAACA,4
CATTGAGACGCGAAAG,4
CATTGAGACGCGCGAG,4
CATTGAGACTCGCAAG,4
CATTGAGAGGCGCAAG,4
CATTGAGGCGCGCAAG,4
CATTTCTGACGAATTG,4
CATTTGGAGCCCAACA,4
CCAACACAAAAAATTG,4
CCAAGATTGGCGCATC,4
CCAAGCTTGGAGCATC,4
CCAAGCTTGGCACATC,4
CCAAGCTTGGCGCATT,4
CCAAGCTTTGCGCATC,4
CCAATTTAAGTATCAA,4
CCCAGCGCGGTAAGAG,4
CCCCTCCTCGAAAGTT,4
CCCTATGAAATAAGCG,4
CCCTGAGCGGCTCGGG,4
CCCTGCGCGGCTCGGT,4
CCCTGCGGGGCTCGGG,4
CCCTTTAAGGATCTCT,4
CCCTTTACGGATATCT,4
CCCTTTACGGATCGCT,4
CCCTTTATGGATCTCT,4
CCGACACAAAAAATTA,4
CCGGATAAATCAGAAA,4
CCGGATAAATCATAAC,4
CCTAGATGCATTCCCG,4
CCTGGGTTAAGTTGTT,4
CCTTGATGCATTCACG,4
CGAAAAAATTACAAAT,4
CGAACCCTAGATGGTA,4
CGACTCCACGGACACC,4
CGCACTTTATGAGACA,4
CGCAGTGGTATACATA,4
CGCGACACCATTCCGG,4
CGCGACACCCTTCTGG,4
CGGAACCTAGATGGTA,4
CGGAACCTCGTTGTCT,4
CGGACCCTAGATGATA,4
CGGACCCTAGATGGTG,4
CGGCCAGGGAAGCAAA,4
CGGGAAATGTAAATAA,4
CGGGCTCTAGAGCTCT,4
CGGGGACAAGATTGCA,4
CGGGGACAAGATTGTT,4
CGGGGATCTCCCATAC,4
CGGTAACATACATAAC,4
CGGTAGGGACTCATCT,4
CGGTCGGTACTCATCT,4
CGTACAGTGTAATAGA,4
CGTCCAGGGAATCAAA,4
CGTGACCCCCCCCAAC,4
CGTGTACCCTTCAGCG,4
CGTGTACCCTTTAGCA,4
CGTTCAGAGATAACGG,4
CGTTCAGCTATAACGG,4
CGTTGAGACGCGCAAG,4
CGTTTTTGATTCGAGG,4
CTAAAACATTACAAAT,4
CTAACACAGCGTAGGC,4
CTAAGCTGCCAATAAG,4
CTAATTTAAGTATAAA,4
CTAATTTAATTATCAA,4
CTACATTGCCCGGAAG,4
CTAGTACAGCGTAGGC,4
CTATATTGCCCGGGAG,4
CTATATTGCCCTGAAG,4
CTATATTGCCTGGAAG,4
CTATCACAGCGTAGGC,4
CTATTTAACAGACATA,4
CTATTTAACAGACGGA,4
CTATTTAATAGACGTA,4
CTCATCAAGTTGGTGC,4
CTCCTAGGGGGCGATT,4
CTCCTAGTGGACGATT,4
CTGAACTTATCTATGG,4
CTGAACTTGTCTATAT,4
CTGAGCTGACAATAAG,4
CTGGAGGCCTGGCCCT,4
CTGTACCTGCATTTGA,4
CTGTACCTGTAGTTGA,4
CTTAGGTATTATATGA,4
CTTAGGTATTGTATGC,4
CTTAGTTATTATATGC,4
CTTCGGATCTTGATTA,4
CTTCGGCTCTCGATTA,4
CTTCGGCTCTTGATGA,4
CTTCGTCTCTTGATTA,4
CTTTGATGCATTCCCG,4
GAAAACAGTGTAGTTG,4
GAAAGCCCCGGGCAAT,4
GAAAGTCCCTATTATG,4
GAAATCCCAAAATAAC,4
GAAATCCCCAAAGAAC,4
GAAGAAACGATAACCA,4
GAAGAAACTATAACCT,4
GAAGAAGCTATAACCA,4
GAAGTACTCTGAATGA,4
GAAGTATGCTGAATGA,4
GAAGTGCGCATTGAGT,4
GAATAATATAACAGAG,4
GAATAGTAGAACAGAG,4
GAATCCTCAACTCCTA,4
GACCCCTTTTAAGATG,4
GACGGGATGGTCACGT,4
GACGGGATGTGCACGT,4
GAGAACCTCGTTGTCT,4
GAGGGGATACGTAACC,4
GAGGGGATACGTCACT,4
GAGGGGTAGAGGTACG,4
GAGTGCTGCAGAAGCG,4
GATCACGCGGAAAAAG,4
GATCGCCATAGACTTC,4
GATCTTGGGGAGAGCC,4
GATCTTGGGGAGATTC,4
GCAGCGTGCCGGTCAC,4
GCATAAAGGATCATGA,4
GCATGGAACGAACTCC,4
GCCAGCTCATATCCCT,4
GCCAGCTCTTATCCCT,4
GCCCCCGGAGCTTGGC,4
GCCTAAAGGATAATGA,4
GCCTAAAGGATCGTGA,4
GCGAAGTCTCATAGCG,4
GCGAAGTTTCATATCG,4
GCGAGGTTTCATAGCG,4
GCGGAGTTTCATAGCG,4
GCTAAGTTTCATAGCG,4
GGAAGCAAAGTTGACC,4
GGGGAACATACATAAC,4
GGTCCATCTCAGATAC,4
GGTTAACTTTGGAAGT,4
GTAACCAGTTCCTGCG,4
GTAAGCAAAGGTGACC,4
GTAAGCAAAGTTGACA,4
GTACAAACGTGCAAAT,4
GTACACGAGGTTGTGA,4
GTAGAAACCTGCAAAT,4
GTAGAGCTGCGGCCCC,4
GTCAAGTTACGGAGGG,4
GTCAAGTTACTGATGG,4
GTCAAGTTATGGATGG,4
GTCACCGCTAATCCGA,4
GTCGCATCATGGAATG,4
GTCGCCGCTAATCCAA,4
GTCGCCGCTAATCCGT,4
GTGATCGAGAAAAGCA,4
GTGCGATTGGCCGGAA,4
GTGCGATTGTCCCGAA,4
GTGCGGTTGTCCGGAA,4
GTGCTATTGTCCGGAA,4
GTGGCCCACGGGCATA,4
GTGGTATCAAGCCGGA,4
GTGGTATCAAGCCGGT,4
GTTGCTCCGACACGCT,4
TAAATCCCCAAATAAC,4
TAAATGCTGCATTAGG,4
TAACGTGATTTCCCGA,4
TAATAAGCCATCAAGA,4
TACAAAAGGGACATAT,4
TACAGCGCGGTAAGAG,4
TACATACCGACGCAGC,4
TACCCGGCAAGCCACT,4
TACCCTGCAAGCCACA,4
TACCCTGCAAGCCACG,4
TACCCTGCAGGCCACT,4
TACCTGCTTCGGAACG,4
TACTAATAACCCTGCG,4
TACTAATGCCGTTGTA,4
TACTGATAAACCTGCG,4
TACTGATAACCCTACG,4
TACTGATAAGCCTGCG,4
TACTGATGACCCTGCG,4
TAGCATTGTCAGAAAG,4
TAGCATTGTCCGAAAG,4
TAGCATTGTCGGAAAC,4
TAGCATTGTCGGAGAG,4
TAGGGGTAGAGATACG,4
TAGTCCGTTGGGAACT,4
TATAACTCTCGCGGCA,4
TATCACGCAGAAAAAG,4
TATCCAAGGGACGGAA,4
TATCCAAGGGACGTAC,4
TATCCAAGGGGCGGAC,4
TATCCAATGGACGGAC,4
TATGTCGGATCCACAG,4
TATGTCGTATCCACAC,4
TATGTCGTATCCGCAG,4
TATGTCTTATCCACAG,4
TATTAAGAGAAGGGCG,4
TATTGACATAGCGATG,4
TCAATCGGGGACTAAA,4
TCAATCGGGGGCGAAA,4
TCAATCGTGGGCTAAA,4
TCATGGGTGTACAAGA,4
TCATGGGTGTACGAGG,4
TCATGGGTGTACTAGA,4
TCATGGGTTTACGAGA,4
TCCAGCGCAGTAAGAG,4
TCCAGCTCGTATCCCT,4
TCGAACGAAGTAGTAG,4
TCGAAGTTTCATAGCG,4
TCGATTACTAGCCAGA,4
TCGCTTAAACTAAAAA,4
TCGTCCGTGGGGAACT,4
TCGTCCGTTGGGAACC,4
TCGTCCGTTTGGAACT,4
TCTAACTCTCGCGGAA,4
TCTAACTCTCGCGGTA,4
TCTAACTCTCTCGGCA,4
TCTGTAAACGATCCCC,4
TCTTAGTCCTCGCATG,4
TCTTATTAGGCAGCAT,4
TCTTATTAGGCGTCAT,4
TCTTATTAGGGGGCAT,4
TCTTGACATAGCGATT,4
TCTTGACATATCGATG,4
TCTTGGTCCTCGTATG,4
TCTTTACCACCGCATC,4
TCTTTACCACTGCACC,4
TGAAAACATTACAAAT,4
TGAGGTGGTCGATCCG,4
TGATCTTTTAAATTTA,4
TGCGGTGGTCGATCAG,4
TGCTATTCCGGCTCGG,4
TGCTATTCCGTCGCGG,4
TGGCATTGTCGGAAAG,4
TGGGGACAAGATTGTA,4
TGGTCCGCTTCATGCC,4
TGTAATAGGCGTAACA,4
TGTTGAGCAAGTCTGA,4
TGTTGAGCCAGTCTTA,4
TTACGAATTTGAGTCC,4
TTACGGATTTGATTCC,4
TTACTAATTTGATTCC,4
TTATATTGCCCGGAAG,4
TTATCTGTAGGGCGCT,4
TTCATCAAGGTGGTGC,4
TTCATCAAGTTGGTGA,4
TTCATCGAGTTGGTGC,4
TTCTGTCCAGAATCGT,4
TTCTGTCCAGACTCAT,4
TTCTGTCCAGACTCGC,4
TTGAAAAAATAATAAA,4
TTGAAATTGAAACATA,4
TTGAAGAAATCATAAA,4
TTGCAATTGAAAAATA,4
TTGCAATTGAAACAGA,4
TTGCAATTGGAACATA,4
TTGGGGAACGGGAGGC,4
TTGGGGAACGGTAAGC,4
TTGGGGAACTGGAAGC,4
TTGGGGAGCGGGAAGC,4
TTGGGTAACGGGAAGC,4
TTGGTATCAAGCCGGG,4
TTGTACCAGTCGCGCC,4
TTGTATCAGTCGCGAC,4
TTGTATCATTCGCGCC,4
TTGTCTGTAGAGCGCT,4
TTTATAGCCAACACCA,4
TTTATATCGAGATTAA,4
TTTATGTCCAACACCA,4
TTTCAATTGAAACATA,4
TTTCACAGAACCCATC,4
AAAATCTGAACCATAC,3
AAACACATAAGACCCC,3
AAACCCATAAAACCCC,3
AAACCCATAAGAACCC,3
AAACCCATAGGACCCC,3
AAAGCTATTTTCGTTC,3
AAAGCTCTTTTCGTCC,3
AAAGCTCTTTTCTTTC,3
AAAGGCGTGCCTTCAA,3
AAAGGTTCCGACTAAG,3
AACACGTAGAACCCCC,3
AACACGTAGAACCGCT,3
AACAGAAGCCCATGTA,3
AACAGAAGTCCACGTA,3
AACAGAAGTCCATGTT,3
AACAGAAGTCCGTGTA,3
AACATCTAACAGATAG,3
AACCACCCAGTGACCG,3
AACCATCAGCACCTAG,3
AACCCACGAGACGTAA,3
AACCCCGGAGCTTGGC,3
AACCTACGAGACGCAA,3
AACCTACGAGACGTAG,3
AACCTACGAGACTTAA,3
AACGAAACAATCGAAC,3
AACGACGAACAGTAAG,3
AACGATAAACAGTAAG,3
AACGGGATGGGCACGT,3
AACGGGCTAATGTCTC,3
AACGGTCCCGACTAAG,3
AACGGTTCCGATTAAG,3
AACTAGATGTACAGTC,3
AACTTCCCTGGCTGCT,3
AAGAAATTTATGACAA,3
AAGAAGCGATAGAAGT,3
AAGATAGTGATGAACA,3
AAGATTGATTGAGGTT,3
AAGATTGATTGGAGTT,3
AAGCGTTGATGTGATT,3
AAGGGGATTGGCTGTT,3
AAGGGGCCTCAGAATG,3
AAGGGGCCTCATAAGG,3
AAGGGGCCTCATAATT,3
AAGGGGTAGAGATACG,3
AAGTATGATTTTCGAG,3
AAGTTAGTAGACCAAC,3
AATCGATGGCACCCGT,3
AATCGGTGATGTGATT,3
AATGAAACAAGCGAAC,3
AATGAAGCAATCGAAC,3
AATGCGAGCATGTCAT,3
AATGTCCCTATGTAAT,3
AATTCGTGAGTAATAG,3
AATTCGTGAGTACGAG,3
AATTGAGACGCGCAAG,3
ACAAATTCTCGAGAAG,3
ACAAGATGCGGGGGAC,3
ACAAGATTCGGGGGAA,3
ACAAGATTCGGGGGAT,3
ACAATCCGAACCATAC,3
ACAATCTGAAACATAC,3
ACAATCTGGACCATAC,3
ACACGGGTTGACTGTA,3
ACACGGGTTGGATGTA,3
ACACGGGTTGGCTGTG,3
ACACGGGTTGGGTGTA,3
ACACGGGTTTGCTGTA,3
ACAGGCCACCATTGAG,3
ACAGTACGATCTACGA,3
ACAGTATGATCTACGC,3
ACAGTCCAACATTGAG,3
ACAGTCCACCATTGAT,3
ACAGTCCACCGTTGAG,3
ACAGTCTACCATTGAG,3
ACATTTTCAAATAGGT,3
ACCAAATGAATCATCC,3
ACCAACAATGAGTTGT,3
ACCAGCAATGAGTCGT,3
ACCAGCAATGAGTGGT,3
ACCAGCAGTGAGTTGT,3
ACCAGGAATGAGTTGT,3
ACCCCAGGAGCTTGGC,3
ACCCCATGCTGGGGAT,3
ACCCCCGGAGCTGGGC,3
ACCCCCGGAGCTTTGC,3
ACCGAATGAATCAGCC,3
ACCGAATGAATTATCC,3
ACCGATTCACGAATAG,3
ACCGGCGTTAGTGTCA,3
ACCTATGAAATAAGCT,3
ACGAACGAAGTAGGAG,3
ACGCAAATAGAACGAA,3
ACGCAAATAGACAGAA,3
ACGCAAATAGACCTAA,3
ACGCAAATGGACCGAA,3
ACGCGGGTTGGCTGTA,3
ACGGGGAGTGGCTGTT,3
ACGGGGATTGACTGTT,3
ACGGGGATTGGCGGTT,3
ACGGTCCACCATTGAG,3
ACGTATGATTTTCGAA,3
ACGTATGATTTTCGGG,3
ACGTCCATTAAGATAA,3
ACGTCCATTAAGGTCA,3
ACGTGGATTGGCTGTT,3
ACGTGTCTACGAGCAA,3
ACGTGTCTCCAAGCAA,3
ACTACGAGGCTACGCA,3
ACTACGAGGCTATGTA,3
ACTATGAGGCTACGTA,3
ACTGAATGAATCATCC,3
ACTGTCCAGAAATTTT,3
ACTGTCTAGAAATGTT,3
ACTGTCTAGAAATTTC,3
ACTGTCTAGAAATTTG,3
ACTGTCTGGAAATTTT,3
AGAAAACATTACAAAT,3
AGAAAATCTCAGAGAC,3
AGAAAATCTCAGATGC,3
AGAAAATCTTAGATAC,3
AGAACCGCAGACACGT,3
AGAGAATCTCAGATAC,3
AGATACACCCTATAGT,3
AGATCCCAGGTCCTTA,3
AGCATAGGAATATGTG,3
AGCATAGGGAGATGTG,3
AGCATAGGGATATGTA,3
AGCATAGGGATATTTG,3
AGCATAGTGATATGTG,3
AGCATATGGATATGTG,3
AGCATCTGACAGATAG,3
AGCCCATGCTAGGGAT,3
AGCCCATGCTGGTGAT,3
AGCCTACGAGACGTAA,3
AGCGTAGGGATATGTG,3
AGCGTCTAACAGATAG,3
AGCTCATGGGGTATCA,3
AGCTCCTGGGGTGTCA,3
AGCTCCTGGTGTATCA,3
AGCTGAATTAAGGATG,3
AGCTGAATTAAGTACG,3
AGCTTCCCTGACTGCT,3
AGGACGATAGTTGGCA,3
AGGAGTATGAAGAACG,3
AGGAGTATGAAGAGCA,3
AGGAGTATGAAGAGCT,3
AGGAGTATGAGGAGCG,3
AGGATAGGGATATGTG,3
AGGCGGTGATGTGATT,3
AGGTCCAGACTCTTGC,3
AGGTTCAGACTCTCGC,3
AGGTTCAGACTCTTAC,3
AGTATTTGCGCTTCGA,3
AGTCATTTAGATAGTT,3
AGTCGCTGGCACCCGT,3
AGTGACCCCCTCCAAC,3
AGTGTGGAATAGGCGA,3
AGTGTTCAATAGGCGA,3
AGTGTTGAATAAGCGA,3
AGTGTTGGATTGGTTA,3
AGTGTTGGCTCGGTTA,3
AGTGTTGGCTGGGTTA,3
AGTGTTGGCTTGGTCA,3
AGTTCAGCGATAACGG,3
AGTTCCATAGGCATGT,3
AGTTTTTATAACTTAC,3
AGTTTTTATAACTTGT,3
ATAACGTTTGTGCAAG,3
ATAACGTTTGTGCAGA,3
ATAATCTGAACCATAC,3
ATACACGAGGTTGTGG,3
ATACACGCATGTGCCT,3
ATACACGCATGTGTCA,3
ATACCCAGTTCCTGCG,3
ATAGAATCGCAAATGA,3
ATAGAATCGCGAATTA,3
ATAGGATATATGGTTG,3
ATAGGATTGGAGAAAC,3
ATAGTCCACCATTGAG,3
ATATACGAGGTTGTGA,3
ATATGATATATGGCTG,3
ATCAAATAATTGGCGC,3
ATCAGGATAATCGAGC,3
ATCAGGATAATCGCAC,3
ATCAGGATAATCGCGT,3
ATCAGGATAATCGCTC,3
ATCCGATTTAAATGCA,3
ATCTAAATTCGAGGAC,3
ATGAGCGAGAAAAGCA,3
ATGGCACACGGGCATA,3
ATGGCCCACTGGCATA,3
ATGGGATATATGGCTG,3
ATGGGATTGTAGAAAC,3
ATGGTTTTACTTCCAT,3
ATGTGTCTCCGAGCAA,3
ATTAGATTATAACTTA,3
ATTAGGGCTACGTTAG,3
ATTATATCCAACACCA,3
ATTCCGAATGGGGTGG,3
ATTCCGAATGGTGTAG,3
ATTCGTTTAGATAGTT,3
ATTTAAACTCGAGGAC,3
ATTTAAATGCGAGGAC,3
ATTTAAATTCGATGAC,3
ATTTAAATTTGAGGAC,3
ATTTGAATTCGAGGAC,3
ATTTTTCTATAGCTAC,3
ATTTTTCTATGACTAC,3
ATTTTTCTATGGCCAC,3
CAAAACCTCGTTGTCT,3
CAAAATCTAAGGCGAC,3
CAAAATCTACGTCGAC,3
CAAAATCTATGGCGAC,3
CAAATCCCCAAATAAC,3
CAAATGCTGCATCAGG,3
CAAATGCTGCATTAGA,3
CAAATGCTGCATTAGC,3
CAATTAGAAGTACATA,3
CACCAATCTTCGAACA,3
CACCATAAGCACCTAG,3
CACCATCAGCACATAG,3
CACCATCAGCACCTAA,3
CACCATCAGCACCTAC,3
CACCATCAGGACCTAG,3
CACCATCATCACCTAG,3
CACCATCGGCACCTAG,3
CACCCTGCAAGCCACT,3
CACCGCGCCGAGTACC,3
CACCGCGCCTAGCACC,3
CACCTAGTATCGCACT,3
CACGACCGGCGAACTC,3
CACGGCCGGTGAACTC,3
CACGGGCTAATTTCTC,3
CACTAGATGTACAGTA,3
CACTAGATGTACATTC,3
CACTAGATGTACGGTC,3
CACTGCCGGCGAACTC,3
CACTGCGCCGAGCACC,3
CAGAAAAGACTGTATA,3
CAGAACCGCGTTGTCT,3
CAGAACCTCGGTGTCT,3
CAGAACCTCGTTGGCT,3
CAGAACCTCGTTGTCG,3
CAGAACCTCTTTGTCT,3
CAGAATCTCGTTGTCT,3
CAGATGCTGCATTAGG,3
CAGGCTCCAGAGCTCT,3
CAGGCTCTAGAGCTAT,3
CAGGCTCTAGAGCTCA,3
CAGGCTCTAGATCTCT,3
CAGTCTCTAGAGCTCT,3
CATAAAAGAATGTATA,3
CATACAGAGTGTGTTG,3
CATACAGAGTTTGCTG,3
CATGGGAATTGACACT,3
CATGGGAATTGCCACC,3
CATGGGAATTGCTACT,3
CATGTGGAGCCCAACG,3
CATGTGGAGCCCAGCA,3
CATGTGGAGTCCAACA,3
CATTAGATGTACAGTC,3
CATTGAGACGCGCAGG,3
CATTTCTGAGGAATTG,3
CCAAAACAAAAAATTA,3
CCAACACAAAAAATCA,3
CCAACACAAAAAGTTA,3
CCAACACAAGAAATTA,3
CCAAGCTTGGCGAATC,3
CCAAGCTTGGCGCAAC,3
CCCAATGTCGTAGGAT,3
CCCCCTCTGTTTAAAA,3
CCCCTAGGGGACGATT,3
CCCGGGTTAAGTTGTG,3
CCCTACGCGGCTCGGG,3
CCCTATGAAATAAGCA,3
CCCTATGAAATAAGCC,3
CCCTGCACGGCTCGGG,3
CCCTGCGCGGCTCGCG,3
CCCTGCGCGGCTCGGA,3
CCCTTCACGGATCTCT,3
CCCTTTACGGATCTAT,3
CCCTTTACTGATCTCT,3
CCGCATTAGAGGGAGG,3
CCGGATAAATCGGAAC,3
CCGGATAAATTAGAAC,3
CCTAGGTTAAGTTGTG,3
CCTGGGTTAAGTTGCG,3
CCTGGGTTAAGTTGTA,3
CCTGGGTTAAGTTTTG,3
CCTGGGTTGAGTTGTG,3
CCTGTACCCTTCAGCA,3
CCTTAGTCCTCGTATG,3
CCTTGACATAGCGATG,3
CCTTGACGCATTCCCG,3
CCTTGATGCACTCCCG,3
CCTTGATGCATCCCCG,3
CCTTGATGCATTCTCG,3
CCTTGATGCATTTCCG,3
CCTTGTTGCATTCCCG,3
CCTTTACCACTGCATC,3
CGAAAACAGTACAAAT,3
CGAAAACATTAAAAAT,3
CGAAACACGTCCCATT,3
CGAAACACTTCCCAGT,3
CGAACTTTACGAGACA,3
CGAGAACATTACAAAT,3
CGAGTACCCTTCAGCA,3
CGATTAGAAATACATA,3
CGCACTTTACTAGACA,3
CGCGACACCCCTCCGG,3
CGCGACACCCTTCCGC,3
CGCGTACCCTTCAGCA,3
CGGAAACATTACAAAT,3
CGGACCCTGGATGGTA,3
CGGATCCTAGATGGTA,3
CGGCCAGGGAATAAAA,3
CGGGAAAATACATAAC,3
CGGGAAAGGGAAATGA,3
CGGGAAAGGTAAATGA,3
CGGGAAATGTAAATGG,3
CGGGAAATGTAAGTGA,3
CGGGAACATAAATAAC,3
CGGGAACATATATAAC,3
CGGGGACAAGATTGGA,3
CGGGGACAAGATTGTG,3
CGGGGACAAGATTTTA,3
CGGGGACATACATAAC,3
CGGTCGGGACCCATCT,3
CGGTCGGGACTCATCA,3
CGGTCTGGACTCATCT,3
CGTAAAGTGTAATCGA,3
CGTACAGAGTTTGTTG,3
CGTGACACCCTTCCGG,3
CGTGACCCCCTCCAAT,3
CGTGCACCCTTCAGCA,3
CGTGTACCCTCCAGCA,3
CGTGTACCCTGCAGCA,3
CGTGTACCCTTCGGCA,3
CGTGTACCCTTGAGCA,3
CGTTACCCCCTCCAAC,3
CGTTCAGCGAGAACGG,3
CGTTCATCGATAACGG,3
CGTTCGGCGATAACGG,3
CTAATTTAAGTAGCAA,3
CTAATTTAAGTATCGA,3
CTAGAACAGCGTAGGC,3
CTAGCACAGCATAGGC,3
CTAGCACAGCGTAGAC,3
CTAGCACAGCTTAGGC,3
CTATAAACCGTTGGTA,3
CTATAAACCGTTTGTG,3
CTATAAACCTTTTGTA,3
CTATATTGCCCCGAAG,3
CTATATTGCCCGCAAG,3
CTATTTAACAGAAGTA,3
CTATTTGACAGACGTA,3
CTCAAATAATTGGCGA,3
CTCAAATAATTGGCTC,3
CTCAAATAATTGGTGC,3
CTCCTAGGGGAAGATT,3
CTCCTAGGGGAGGATT,3
CTCCTAGGGTACGATT,3
CTCCTAGGTGACGATT,3
CTCTTACGCTCCCACG,3
CTGAACTCATCTGTGG,3
CTGAACTTATCCGTGG,3
CTGAACTTATCTGTAG,3
CTGAACTTATCTGTTG,3
CTGAACTTGCCGATAT,3
CTGAACTTGTAGATAT,3
CTGAGCTGCCAATAAC,3
CTGAGCTGCCAGTAAG,3
CTGAGCTGCCGATAAG,3
CTGAGCTTGTCGATAT,3
CTGAGGGATTCAAATC,3
CTGAGGGATTCAACCC,3
CTGGAAGCCTGGCCCC,3
CTGGAGGTCTGGCCCC,3
CTGGGGGATTCAACTC,3
CTGTAACTGCAGTTGA,3
CTGTACATGCAGTTGA,3
CTGTACCTGCAGTCGA,3
CTGTACCTGCAGTTAA,3
CTGTACCTGCAGTTTA,3
CTGTATCAGTCGCGCC,3
CTTACAGAAGACTAGA,3
CTTACAGAATACTAGT,3
CTTACAGAATACTATA,3
CTTACAGAATACTGGA,3
CTTACAGAGTACTAGA,3
CTTAGGTACTATATGC,3
CTTATGTATTATATGC,3
CTTCGGCCCTTGATTA,3
CTTTAAATTATGGTCT,3
CTTTTCTAGTACTCTT,3
GAAAAAACTATAACCA,3
GAAAGCACCGTGCAAT,3
GAAAGCCCAGTGCAAT,3
GAAAGCCCCAAATAAC,3
GAAAGCCCCGTTCAAT,3
GAAAGTCCATATGATG,3
GAAAGTCCCGATGATG,3
GAAAGTCCCTATGGTG,3
GAAATCACCAAATAAC,3
GAAATCCCCAAATGAC,3
GAAATCCCCGTGCAAT,3
GAACCCAGTTCCTGCG,3
GAAGAAACCATAACCA,3
GAAGAAACTATAACAA,3
GAAGAAACTATAACCG,3
GAAGAAACTATAGCCA,3
GAAGAAACTGTAACCA,3
GAAGTGCGTATTGAGG,3
GAAGTGCGTATTTAGT,3
GAAGTGCTACTGAAGT,3
GAAGTGCTGCTGAATT,3
GAAGTGCTGCTGAGGT,3
GAAGTGCTTCTGAAGT,3
GAAGTGTTGCTGAAGT,3
GAATAATAGAAGAGAG,3
GACAAAAGGGACATAC,3
GACAAACGGGACATAT,3
GACAGAAGGGACATAT,3
GACCCCTGGTAAGATG,3
GACCCTGCAAGCCACT,3
GACGCTGCGGCGTGTG,3
GACGGGATGGGAACGT,3
GACGGGATGGGCACGC,3
GACGGGATGGGCACTT,3
GACGGGATTGGCACGT,3
GACGGGTAGAGATACG,3
GACTAGATGTACAGTC,3
GACTGCGTTCATCGAT,3
GAGAGCCGCAGAAGCG,3
GAGAGCTGCAGGAGCG,3
GAGAGCTGCGGAAGCG,3
GAGAGCTGGAGAAGCG,3
GAGAGCTGTAGAAGCG,3
GAGGAAACTATAACCA,3
GAGGGGTAAAGATACG,3
GAGGGGTAGAGACACG,3
GAGGGGTAGAGATAGG,3
GAGGGGTAGAGATGCG,3
GAGGGGTAGATATACG,3
GAGGTACGCTGAATGA,3
GAGGTATCAAGCCGGG,3
GAGGTCCCTATGTAAT,3
GAGGTGTAGAGATACG,3
GATCACGCAGAAAGAG,3
GATCACTCAGAAAAAG,3
GATCGCCACTGAGAAG,3
GATCGCCATCGAATTC,3
GATCGCCATCGACTCC,3
GATCGCCATCGACTGC,3
GATCGCCATCGACTTA,3
GATCGCCATCTACTTC,3
GATCTCCACTGATAAG,3
GATCTCGGGGAGAGTC,3
GATCTTGGGGATAGTC,3
GATGGGATGGGCACGT,3
GCAAAAAGTGTAGTTG,3
GCAAACGGTGTAGTTG,3
GCAACGAGGGGTAACC,3
GCAAGATTCGGGGGAC,3
GCAGCGTGCAGGTCAT,3
GCATACTCAACTCCTA,3
GCATCCTCAAATCCTA,3
GCATCCTCAACCCCTA,3
GCATGGAACCAACTCC,3
GCATGGAACTAACCCC,3
GCATGGAACTAACTTC,3
GCATGGAGCTAACTCC,3
GCCAAGTTACGGATGG,3
GCCAGCTAGTATCCCT,3
GCCATCTCGTATCCCT,3
GCCATTTAATGAAGGG,3
GCCATTTGCTGAAGGG,3
GCCGAAAGGATCATGA,3
GCCTAAAGGATCATGG,3
GCCTGCGCGGCTCGGG,3
GCGAAGTGTCATAGCG,3
GCGCAAATAGACCGAA,3
GCGTATGATTTTCGAG,3
GCGTGTCTCCGAGCAA,3
GCTAGCTCGTATCCCT,3
GCTATTATGACTTCAT,3
GCTGTCTAGAAATTTT,3
GGAAAATCTCAGATAC,3
GGACAAACCTGCAAAT,3
GGAGAAACTATAACCA,3
GGAGAACTGCGGCCCC,3
GGATAAGAGGACAGAG,3
GGATCCCAGGTCCTTT,3
GGCAAAAGGGACATAT,3
GGCTCCTGGGGTATCA,3
GGTCCACCTCAGATCG,3
GGTCCATCTCAGAGCG,3
GGTCCATCTCAGGTCG,3
GGTCCATCTGAGATCG,3
GGTCTATCTCAGATCG,3
GGTCTTGGGGAGAGTC,3
GGTTAACTTTGGAAGA,3
GGTTAACTTTGGAGGC,3
GTAAACAAAGTTGACC,3
GTAAAGTTACGGATGG,3
GTAACGAGGTGTAACC,3
GTAAGCAAAGTTGGCC,3
GTAAGCTTCATGGAAT,3
GTAATCTTCATGGAGT,3
GTACAAACCTGCAAAA,3
GTACAAACCTGCAAGT,3
GTACCGAGTTCCTGCG,3
GTACGAATTTGATTCC,3
GTAGAACTGCGGACCC,3
GTAGAACTGCGGCTCC,3
GTAGATACTAGGGCCA,3
GTATGGAACTAACTCC,3
GTCAAGTTACAGATGG,3
GTCAAGTTACGGATGT,3
GTCACATCCTGGAATG,3
GTCAGCTCGTATCCCT,3
GTCATTTACTGAAGGG,3
GTCGAATCCTGGAATG,3
GTCGCATACTGGAATG,3
GTCGCCGCTAATACGA,3
GTCGCCGCTAATCCGG,3
GTCGCCGCTAATCCTA,3
GTGAGAGAGAAAAGCA,3
GTGAGCAAAGTTGACC,3
GTGAGCGAGAAAAGAA,3
GTGAGCGAGAAAAGTA,3
GTGAGCGAGGAAAGCA,3
GTGCGAGTGTCCGGAA,3
GTGCGATTGTCCAGAA,3
GTGCGATTGTCCGGAT,3
GTGCGATTGTCCGGTA,3
GTGCGATTTTCCGGAA,3
GTGGCATCAAGCCGGG,3
GTGGGATCAAGCCGGG,3
GTGGTATCAAGCCGCG,3
GTGGTATCAAGCCGGC,3
GTGGTATCAGGCCGGG,3
GTTACTCCGACACGCC,3
GTTAGATTATAACGTA,3
GTTATTATGACTTCAC,3
GTTCATCCTAGTGACG,3
GTTGCTCTGACACGCC,3
TAAAAAGCCGCCATGA,3
TAACAATGTCATTTGA,3
TAACGCGATTTCTCGA,3
TAACGTGATTCCTCGA,3
TAACGTGATTTATCGA,3
TAACGTGGTTTCTCGA,3
TAACTTGATTTCTCGA,3
TAATAAGACAGCAAGA,3
TAATAAGCCAGCAAGT,3
TAATAAGCCAGCGAGA,3
TAATAAGTCAGCAAGA,3
TAATAATAGAACAGAG,3
TAATAGCAATAAAATC,3
TACATACAGACGCAGT,3
TACCAACGTCATTTGA,3
TACCAATGTAATTTGA,3
TACCAATGTCATTTGG,3
TACCAATGTCATTTTA,3
TACCAGTGTCATTTGA,3
TACCCTGCAAACCACT,3
TACCTGCTGAGGAACG,3
TACGGTTCCGACTAAG,3
TACGTCGTATCCACAG,3
TACTAATGACGTTGTC,3
TACTAATGCCTTTGTC,3
TACTATCAATAAAATC,3
TACTCTGCAAGCCACT,3
TACTGATAACACTGCG,3
TAGAATTGTCGGAAAG,3
TAGATAGTGATGAACA,3
TAGCATTTTCGGAAAG,3
TAGCTGAGAGTAACTC,3
TAGCTGATGGTAACTC,3
TAGCTTATAGTAACTC,3
TAGTAAGAGAAGTGCG,3
TATATACCGACGCAGT,3
TATATCGTATCCACAG,3
TATCATTGTCGGAAAG,3
TATCCAAGGGACAGAC,3
TATCCAAGTGACGGAC,3
TATCCTGCAAGCCACT,3
TATGTCGTACCCACAG,3
TATGTCGTATCCATAG,3
TATGTTGTATCCACAG,3
TATTAAGATAAGTGCG,3
TCAAGCTTGGCGCATC,3
TCAATCGGGGGCTAAT,3
TCAATCGGTGGCTAAA,3
TCAGCGTGCCGGTCAT,3
TCATCCGTTGGGAACT,3
TCATCTGTAGAGCGCT,3
TCATGGGTGGACGAGA,3
TCATGGGTGTACGAGT,3
TCATGGGTGTACGGGA,3
TCCAGCGTGGTAAGAG,3
TCCCCGCTGTTTAAAA,3
TCCGCTGCGGCGTGTG,3
TCGAACGAAGTAGGAA,3
TCGAACGAAGTATGAG,3
TCGAACGAAGTGGGAG,3
TCGAGTTAATATGAGC,3
TCGAGTTAATATGCAC,3
TCGATTACTAGCCTGA,3
TCGATTACTATCCGGA,3
TCGCAATTGAAACATA,3
TCGCTGCAACTAAAAA,3
TCGTCAGTTGGGAACT,3
TCGTCCGTTGGGAACG,3
TCGTCGCACGACTGCT,3
TCGTCGCACTAATGCT,3
TCTAACTCTCGCGGCG,3
TCTAACTCTCGCGGCT,3
TCTAACTCTCGCTGCA,3
TCTAGCGCGGTAAGAG,3
TCTATTACTAGCCGGA,3
TCTCAGTCCTCGTATG,3
TCTCTTCAACTAAAAA,3
TCTGGAAAAGATCCCC,3
TCTGGAAACGATCCAC,3
TCTTAGGCCTCGTATG,3
TCTTAGTCCTAGTATG,3
TCTTAGTCCTCGTATA,3
TCTTAGTCCTCGTATT,3
TCTTAGTTCTCGTATG,3
TCTTATCAGGCGGCAT,3
TCTTATTAGGCGGCAA,3
TCTTCGCACTACTGCT,3
TCTTGAAATAGCGATG,3
TCTTGACATAGCGAAG,3
TCTTGACATGGCGATG,3
TCTTTACCAATGCATC,3
TCTTTACCACTGCATT,3
TGACAAAAATACAAAT,3
TGACCTTTTACATTTA,3
TGAGTTCATGGCTCCA,3
TGATCTGTGACATTGA,3
TGATCTGTGACATTGT,3
TGATCTGTTACATTTA,3
TGATCTTTTACAGTTA,3
TGCAGTGGTATACATC,3
TGCAGTGGTATGCATA,3
TGCATACCGACGCAGT,3
TGCGACACCCTTCCGG,3
TGCGGTGGTAGATCCG,3
TGCGGTGGTCTATCCG,3
TGCTATCCCGGCGCGG,3
TGCTATTCAGGCGCGG,3
TGCTATTCCGGCGCGA,3
TGCTATTCCGGTGCGG,3
TGGAATAGTCACCGAT,3
TGGAATCGCCACCGAT,3
TGGAATCGTCACCTAT,3
TGGGGGAACGGGAAGC,3
TGGTACGCTTCATGCT,3
TGGTCCACTTCATGCT,3
TGTAATCGTCACCGAT,3
TGTAATGGGCGTCACA,3
TGTACGGATAAAGTAG,3
TGTGGAGCGCCATTAC,3
TGTGGAGCGCCCTTGC,3
TGTGGATCGCCCTTAC,3
TGTGGTGGTCGATCCG,3
TGTTAACTTTGGAAGC,3
TGTTGATCCAGTCTGA,3
TTAATCAAGTTGGTGC,3
TTACAACAATACAAAT,3
TTACAATTGAAACATA,3
TTACGAATTTGATTAC,3
TTACGAATTTGATTCA,3
TTACGAATTTGATTCT,3
TTACGAATTTGATTTC,3
TTACGAATTTTATTCC,3
TTATATGTAGAGCGCT,3
TTATCTATAGAGCGCT,3
TTATCTGTAGAGCGCA,3
TTATCTGTAGAGTGCT,3
TTCATATCCAACACCA,3
TTCTGTACAGACTCGT,3
TTCTGTCCAGACTCTT,3
TTCTGTCCGGACTCGT,3
TTGATATCCAACACCA,3
TTGCTCCTGAGTAGCA,3
TTGCTCCTGAGTAGTG,3
TTGGGATTGGAGAAAC,3
TTGGGCACTAAAGTAA,3
TTGGGGAACGGAAAGC,3
TTGTACCTGCAGTTGA,3
TTGTATCAGTCACGCC,3
TTGTATCAGTCGTGCC,3
TTGTATCGGTCGCGCC,3
TTTAACAGAACCTATC,3
TTTACAGAATACTAGA,3
TTTATATCCAACATCA,3
TTTATATTCAACACCA,3
TTTATATTGAGATTCA,3
TTTATTATGACTTCAT,3
TTTCACAGAACCTATA,3
TTTCACAGAGCCTATC,3
TTTCACAGGACCTATC,3
TTTCAGTGTTGTTTTG,3
TTTCCGGATAAAGTAG,3
TTTCGCAGAACCTATC,3
TTTCGGCGTTGTTTTG,3
TTTCGTGATGCTCACA,3
TTTGTATCCAACACCA,3
TTTTACAGAACCTATC,3
AAAAAAGTTATGACAA,2
AAAAAATTGATGACAA,2
AAAAAATTTACGACAA,2
AAAAATCTACGGCGAC,2
AAAACGTAGAACCGCC,2
AAAAGATTTATGACAA,2
AAACCCATAAGACACC,2
AAACCCATATGACCCC,2
AAACCCATGAGACCCC,2
AAACCCGTAAGACCCC,2
AAAGAAACTATAACCA,2
AAAGAATTTATGACAA,2
AAAGACCTTTAACTCC,2
AAAGATCTTTTCGTTC,2
AAAGCCCTTTTCGTTC,2
AAAGGCGCGACTTCAA,2
AAAGTCCACCATTGAG,2
AAATACTTGAGTACTC,2
AAATCCCAGGTCCTTT,2
AAATTAAGAGAAAGTT,2
AAATTAGCAGAGGATT,2
AAATTTTCCAATAGGT,2
AACAAGTAGAACCGCC,2
AACACGTAGAACCGAC,2
AACACGTAGAACCGTC,2
AACACGTATAACCGCC,2
AACACTTAGAACCGCC,2
AACAGAAGTCCATCTA,2
AACAGAAGTCTATGTA,2
AACAGAGGTCCATGTA,2
AACATAGGGATATGTG,2
AACCACCGAGGGACCG,2
AACCACCGAGTGACGG,2
AACCACCGAGTGAGCG,2
AACCACGGAGTGACCG,2
AACCATCGAGTGACCG,2
AACCGACGAGACGTAA,2
AACCGCGCCGAGCACC,2
AACCGCGTTCATCGAT,2
AACCTAAGAGACGTAA,2
AACCTATGAGACGTAA,2
AACCTGCGAGACGTAA,2
AACGAAAAACAGTAAG,2
AACGACAAACATTAAG,2
AACGACAAATAGTAAG,2
AACGGCCGGCGAACTC,2
AACGGTTCCGAATAAG,2
AACGGTTCCGACTAAC,2
AACGGTTGCGACTAAG,2
AACTACCGAGTGACCG,2
AACTGCGGTCATCGAT,2
AACTGCGTTCATCGGT,2
AACTTCCATGACTGCT,2
AACTTCCCTGACCGCT,2
AACTTCCCTGATTGCT,2
AACTTCCTTGACTGCT,2
AACTTGCCTGACTGCT,2
AAGAAGACTTCGTGAT,2
AAGAAGACTTTGGGAT,2
AAGAAGACTTTGTTAT,2
AAGAAGACTTTTTGAT,2
AAGAAGATATAGAAGT,2
AAGACCAGCGGGTGAT,2
AAGCAGTGATGTGATT,2
AAGCCCAGCGGGGGAT,2
AAGCCCAGCGGGTTAT,2
AAGCCCATAAGACCCC,2
AAGCGGGGAGGGGATT,2
AAGCGGGGATGTGAGT,2
AAGCGGTGATGTGATA,2
AAGCGGTGATGTGATC,2
AAGCGGTGATTTGATT,2
AAGCGGTGCTGTGATT,2
AAGCGGTTATGTGATT,2
AAGCTGTGATGTGATT,2
AAGGAAACAATCGAAC,2
AAGGACAAACAGTAAG,2
AAGGCCCCTATGTAAT,2
AAGGCTCTTTTCGTTC,2
AAGGGATTGGAGAAAC,2
AAGGGGATACGTCACC,2
AAGGGGCATCATAATG,2
AAGGGGCCCCATAATG,2
AAGGGGTCTCATAATG,2
AAGGTACCTATGTAAT,2
AAGGTCCCTATGTAAA,2
AAGTATTGCTACAAAT,2
AAGTGAAGAGAAAGTT,2
AAGTTAAGAGAAAGTG,2
AAGTTAGTAGAACCAC,2
AATAAGACTTTGTGAT,2
AATACAGAGTTTGTTG,2
AATAGAAGTCCATGTA,2
AATCACGCAGAAAAAG,2
AATCGCAGGCACCCGT,2
AATCGCTGGAACCCGT,2
AATCGCTGGCACCTGT,2
AATCGCTGGCAGCCGT,2
AATCTGGCTCGCTAAT,2
AATGAAACAATAGAAC,2
AATGAAACAATCCAAC,2
AATGAAACAATCGAAT,2
AATGAAACAATCGATC,2
AATGCGAGCATGGCAA,2
AATGCGAGCATGTAAA,2
AATGCGAGCATTTCAA,2
AATGCTAGCATGTCAA,2
AATGGGCCTCATAATG,2
AATGTTGAATAGGCGA,2
AATTCATGAGTACTAG,2
AATTCGAGCATGTCAA,2
AATTCGTAAGTACTAG,2
AATTCGTGAGTACCAG,2
AATTCGTGAGTACTGG,2
AATTCGTGATTACTAG,2
AATTCGTGGGTACTAG,2
AATTCGTTAGTACTAG,2
AATTTAAGAGAAAGTT,2
AATTTCTGATGAATTG,2
ACAAAATTCGGGGGAC,2
ACAAAGTCTAGAGAAG,2
ACAAGATTCGGTGGAC,2
ACAAGATTCTGGGGAC,2
ACAAGCAATGAGTTGC,2
ACAATCTGAACAATAC,2
ACAATCTGAACCACAC,2
ACAATCTGAACCAGAC,2
ACACACGAGGTTGTGA,2
ACACGGGTCGGCTGTA,2
ACAGCGTGCCGGTCAT,2
ACAGGAAGTTGCCAAG,2
ACAGTACGATATACGC,2
ACAGTCCACAATTGAG,2
ACAGTCCACCAGTGAG,2
ACAGTCCACCATTGGG,2
ACAGTCCATCATTGAG,2
ACAGTCCGCCATTGAG,2
ACATAAAAAACTTAGT,2
ACATATGATTTTCGAG,2
ACATCTTCCAATAGGT,2
ACATGGAACTAACTCC,2
ACATTTTCCAAGAGGT,2
ACATTTTCCAATATGT,2
ACATTTTCCAATGGGT,2
ACATTTTTCAATAGGT,2
ACCAGCAAGGAGTGGT,2
ACCAGCAATGAGCTGT,2
ACCAGCAATGAGTTAT,2
ACCCAATGAATCATCC,2
ACCCACCGAGTGACCG,2
ACCCATTCACGAATAA,2
ACCCCCGGAGCGTGGC,2
ACCCCCGGAGCTTAGC,2
ACCCCCGGATCTTGGC,2
ACCCCTGGAGCTTGGC,2
ACCGAATCAATCATCC,2
ACCGAATGAATCGTCC,2
ACCGATTCACGGATAA,2
ACCGATTCACTAATAA,2
ACCGATTCATGAATAA,2
ACCGGAAGTCGCCAAG,2
ACCGGTTCACGAATAA,2
ACCGGTTCCGACTAAG,2
ACCGTTGTACAAACCA,2
ACCGTTGTACACACTA,2
ACCGTTGTACACGCCA,2
ACGAAGTTTCATAGCG,2
ACGACGAGGCTACGTA,2
ACGAGCAATGAGTTGT,2
ACGAGGATTGGCTGTT,2
ACGCAAATATACCGAA,2
ACGCATGATTTTCGAG,2
ACGCGAATAGACCGAA,2
ACGCGTCTCCGAGCAA,2
ACGGATGATTTTCGAG,2
ACGGGGATTGGCGGGT,2
ACGGGGATTGGCTGCT,2
ACGGGGATTGGCTGTA,2
ACGGGGATTGGTTGTT,2
ACGGGTATTGGCTGTT,2
ACGGTGATTGGCTGTT,2
ACGTACATTAAGATCA,2
ACGTATCTCCGAGCAA,2
ACGTATGATGTTCGAG,2
ACGTATGATTCTCGAG,2
ACGTATGATTGTCGAG,2
ACGTATGGTTTTCGAG,2
ACGTCCATTAAGATCG,2
ACGTCCATTAAGATGA,2
ACGTGGCTCCGAGCAA,2
ACGTGTCGCCGAGCAA,2
ACGTGTCTCCGAGCAG,2
ACGTGTCTCCGAGCTA,2
ACGTGTCTCCGAGTAA,2
ACGTGTCTCCGGGCAA,2
ACGTGTCTCTGAGCAA,2
ACTAAGAGGCTACGTA,2
ACTACGAGGATACGTA,2
ACTACGAGGCTACATA,2
ACTACGAGGCTACGTG,2
ACTACGATGCTACGTA,2
ACTACTAGGCTACGTA,2
ACTATATACGCGCTCC,2
ACTATCTAGAAATTTT,2
ACTCCCGGAGCTTGGC,2
ACTCTGGCTCGCAAAT,2
ACTCTGGCTCGCTTAT,2
ACTGCCTAGAAATTTT,2
ACTGTCTTGAAATTTT,2
ACTTACTCATTATACG,2
ACTTATTAGGCGGCAT,2
ACTTGACATAGCGATG,2
ACTTGTCTCCGAGCAA,2
ACTTTACCACTGCATC,2
AGAAAATCCCAGATAC,2
AGAAAATCTCAGATAG,2
AGAAAATCTCTGATAC,2
AGAAAATCTGAGATAC,2
AGAACTGAGGGCATTG,2
AGACAACAATACAAAT,2
AGACAATCGCACCCAA,2
AGACCATCGCAACCAA,2
AGACCATCGCACCAAA,2
AGACCATCGCACCCAT,2
AGACCATCGCACCGAA,2
AGACCCATAAGACCCC,2
AGAGCTCTTTTCGTTC,2
AGAGGATATATGGCTG,2
AGAGGCGCGCCTTCAA,2
AGATAAAAAACTTAGT,2
AGATCAACCCTATAGT,2
AGATCACAGGTCCTTT,2
AGATCCACCCTAGAGT,2
AGATCCCAGGTACTTT,2
AGATCCCAGGTCCGTT,2
AGATCCCAGGTCCTGT,2
AGATCCCGGGTCCTTT,2
AGATGAATTAAGTATG,2
AGATTCACAATATCCA,2
AGCACAGGGATATGTG,2
AGCACATGCTGGGGAT,2
AGCATAAGGATATGTG,2
AGCATAGGGATACGTG,2
AGCATAGGGATATATG,2
AGCATAGGTATATGTG,2
AGCATCTAACATATAG,2
AGCATCTAAGAGATAG,2
AGCATCTAGCAGATAG,2
AGCATTTGCGCTTCAA,2
AGCCCATACTGGGGAT,2
AGCCCATGATGGGGAT,2
AGCCCATGCGGGGGAT,2
AGCCCATGTTGGGGAT,2
AGCGAATGAATCATCC,2
AGCGACATCGACCTTT,2
AGCGACATCGCCCGTT,2
AGCTCCCGGGGTATCA,2
AGCTCCTGGAGTATCA,2
AGCTCCTGGGGTACCA,2
AGCTCCTGGGGTAGCA,2
AGCTCCTGGGGTATCC,2
AGCTCCTGGGGTATTA,2
AGCTGAATTAAGTAGG,2
AGCTTAATTAAGTATG,2
AGGAAAAAAACTGGAG,2
AGGAAACATGCATTGG,2
AGGAAAGAAACTGGGG,2
AGGAAATAAACTGGAG,2
AGGAAATCTCAGATAC,2
AGGAAGACTTTGTGAT,2
AGGAATATAGTTGGCA,2
AGGAATATGAAGAGCG,2
AGGACTATAGTTGTCA,2
AGGACTATATTTGGCA,2
AGGACTATGGTTGGCA,2
AGGAGAGAAACTGGAG,2
AGGAGTAAGAAGAGCG,2
AGGAGTATCAAGAGCG,2
AGGAGTATGAAGACCG,2
AGGAGTATGAAGAGGG,2
AGGAGTATGAAGGGCG,2
AGGAGTGTGAAGAGCG,2
AGGATTGATTGAAGTT,2
AGGCCCATAAGGACTA,2
AGGGGTATGAAGAGCG,2
AGGGTCCCTATGTAAT,2
AGGGTTGAATAGGCGA,2
AGGTCCCAGGTCCTTT,2
AGGTCCTGGGGTATCA,2
AGGTCTATAGTTGGCA,2
AGGTTAAGAGAAAGTT,2
AGGTTCAGACTATTGC,2
AGGTTCAGACTCCTGC,2
AGGTTCAGACTCTTTC,2
AGGTTCAGATTCTTGC,2
AGGTTTAGACTCTTGC,2
AGTAAAAATGCATTGG,2
AGTAAACATGCATGGG,2
AGTATCTGCGCTTCAA,2
AGTATTCGCGCTTCAA,2
AGTATTGGCTTGGTTA,2
AGTATTTGCCCTTCAA,2
AGTATTTGCGCTCCAA,2
AGTATTTGCGCTTCTA,2
AGTATTTGCGTTTCAA,2
AGTCCATGCTGGGGAT,2
AGTCCCGTAAGGACTA,2
AGTCCGAAGGGGGGAG,2
AGTCCTATCCTCAAAG,2
AGTCGTTTAAATAGTT,2
AGTCGTTTAGACAGTT,2
AGTCGTTTAGAGAGTT,2
AGTCGTTTATATAGTT,2
AGTCGTTTGGATAGTT,2
AGTGCTGGCTTGGTTA,2
AGTGTCGAATAGGCGA,2
AGTGTTAAATAGGCGA,2
AGTGTTGAATAGGCGG,2
AGTTGGGGTCGCCCTT,2
AGTTGGGGTCTCCCTC,2
AGTTGGTGTCTCCCTT,2
AGTTTCAGACTCTTGC,2
AGTTTTGAATAGGCGA,2
AGTTTTGGCTTGGTTA,2
AGTTTTTATGACTTGC,2
ATAAAGTTTGTGCAAA,2
ATAAATGAGGGCATTG,2
ATAACGTTGGTGCAAA,2
ATAACGTTTGTGAAAA,2
ATAACGTTTGTGCGAA,2
ATAACTGAGAGCATTG,2
ATAACTGAGGGCATGG,2
ATAACTGAGGGCATTA,2
ATAACTGATGGCATTG,2
ATAACTGGGGGCATTG,2
ATAACTTTTGTGCAAA,2
ATAAGATATATGGCTG,2
ATAATTTAAGTATCAA,2
ATACAAGCATGTGCCA,2
ATACACACATGTGCCA,2
ATACACGAATGTGCCA,2
ATACACGAGGTCGTGA,2
ATACACGAGGTGGTGA,2
ATACACGAGGTTGGGA,2
ATACACGCATGTGCCG,2
ATACACGCATGTGCTA,2
ATACACTAGGTTGTGA,2
ATACACTCATGTGCCA,2
ATAGAAAATTATCCGA,2
ATAGAATAGCAAATTA,2
ATAGAATCGAAAATTA,2
ATAGAATCTCAAATTA,2
ATAGATACTAGGACCA,2
ATAGGATATACGGCTG,2
ATAGGATATATGGCTA,2
ATAGGATATATGTCTG,2
ATATAAAAAAATTAGT,2
ATATAAAAAACTGAGT,2
ATATAAAAAACTTAGG,2
ATATAAAGAACTTAGT,2
ATATCCCAGGTCCTTT,2
ATCAAGATAATCGCGC,2
ATCAGGAGAATCGCGC,2
ATCAGGATAATCGCGA,2
ATCAGGATAGTCGCGC,2
ATCAGTATAATCGCGC,2
ATCATGATAATCGCGC,2
ATCCGATTTAAAGGAA,2
ATCCGATTTAAAGGTA,2
ATCGAATGAATCATCC,2
ATGACGTTTGTGCAAA,2
ATGACTGAGGGCATTG,2
ATGAGGGATTCAACTC,2
ATGCCGAATGGGGTAG,2
ATGGCCCACGTGCATA,2
ATGGGAGGGGAGAAAC,2
ATGGGATGGGAGAGAC,2
ATGGGATTGAAGAAAC,2
ATGGTCTTACGTCCAT,2
ATGGTTTTACGTCAAT,2
ATGGTTTTACGTCCAC,2
ATGTACCTGCAGTTGA,2
ATGTGATTGGAGAAAC,2
ATGTTTTTACGTCCAT,2
ATTAAACATGCATTGG,2
ATTACAGAATACTAGA,2
ATTAGATCATAACGTA,2
ATTAGATTATAACGTT,2
ATTAGATTATAATGTA,2
ATTAGGGCTACGTGAA,2
ATTAGGGCTATGTGAG,2
ATTAGGTCTACGTGAG,2
ATTATCAGATCTAATA,2
ATTATCATACCTAATA,2
ATTATCATATCTAATG,2
ATTATCATATCTGATA,2
ATTCAAATTCGAGGAC,2
ATTCAGAATGGGGTAG,2
ATTCCGAAGGGGGTAG,2
ATTCCGAATAGGGTAG,2
ATTCCGAATGGGTTAG,2
ATTTAAATTGGAGGAC,2
ATTTCGAATGGGGTAG,2
ATTTGGGGTCTCCCTT,2
ATTTTCTAGTACGCTT,2
ATTTTTCCATGGCTAC,2
ATTTTTCTATGGATAC,2
ATTTTTCTATGGTTAC,2
ATTTTTTATAACTTGC,2
CAAAAGCAGAACGATA,2
CAAAATCAGCACGATA,2
CAAAATCTACGGAGAC,2
CAAATGCCGCATTAGG,2
CAAATGCTGCAGTAGG,2
CAAATGCTGCGTTAGG,2
CAACAATCTTCGAACT,2
CAACATCAGCACCTAG,2
CAAGCACAGCGTAGGC,2
CAAGGCCGGCGAACTC,2
CAATAATAGAACAGAG,2
CAATTAGAAATACATC,2
CAATTAGAAATAGATA,2
CAATTCGCCGTTCCAC,2
CACAAATCTTCGAACT,2
CACAATCAGCACCTAG,2
CACACAGAGTTTGTTG,2
CACAGATAATAAAAAA,2
CACCAATCTTAGAACT,2
CACCAATCTTCGAAAT,2
CACCAATCTTTGAACT,2
CACCACGCCGAGCACC,2
CACCATCAGCAACTAG,2
CACCATCAGCACCCAG,2
CACCATCAGCACCTGG,2
CACCATCAGTACCTAG,2
CACCGCGCCGAACACC,2
CACCGCTCCGAGCACC,2
CACCTAGGATCGCAAT,2
CACCTAGGATCGCACG,2
CACCTAGGATCGCGCT,2
CACCTAGGATCGCTCT,2
CACGCTCTAGAGCTCT,2
CACGGACTAATGTCTC,2
CACGGCCGGAAAACTC,2
CACGGCCGGCGAACTA,2
CACGGCTGGCGAACTC,2
CACGGGCCAATGTCTC,2
CACGGGCTAATGTATC,2
CACTAGATGTAAAGTC,2
CACTAGATGTACAGGC,2
CACTAGATGTAGAGTC,2
CACTAGATGTGCAGTC,2
CAGAACCTCGTTATCT,2
CAGAACCTGGTTGTCT,2
CAGAGCCTCGTTGTCT,2
CAGATAGCGATGAACA,2
CAGCATTGTCGGAAAG,2
CAGGAACATACATAAC,2
CAGGACCTCGTTGTCT,2
CAGGCTCTAGAGATCT,2
CAGGCTCTAGAGCTTT,2
CAGGGGTAGAGATACG,2
CAGGGTCTAGAGCTCT,2
CAGTGAGACGCGCAAG,2
CAGTTAGAAATACATA,2
CATACAGAGTTTATTG,2
CATACAGAGTTTGGTG,2
CATACAGATTTTGTTG,2
CATACAGGGTTTGTTG,2
CATACAGTGTAATCGA,2
CATAGAAGACTGTATA,2
CATCCAAGGGACGGAC,2
CATGACCCCCTCCAAC,2
CATGCTCTAGAGCTCT,2
CATGGCCGGCGAACTC,2
CATGGGAATGGCCACT,2
CATGGGAATTGCAACT,2
CATGGGAATTGCCAAT,2
CATGGGAGTTGCCACT,2
CATGGGGAGCCCAACA,2
CATGTGGAGCACAACA,2
CATGTGGAGCCCAAAA,2
CATTGAAACGCGCAAG,2
CATTGACACGCGCAAG,2
CATTGAGACGAGCAAG,2
CATTGAGACGCGTAAG,2
CATTTCTAATGAATTG,2
CATTTCTGATGAAGTG,2
CATTTCTGATGAATGG,2
CATTTCTGATGAATTT,2
CATTTCTGATTAATTG,2
CCAACACAAAGAATTA,2
CCAACACAGAAAATTA,2
CCAAGCGTGGCGCATC,2
CCAAGCTGGGCGCATC,2
CCAAGCTTGGCGCGTC,2
CCAGATAAATCAGAAC,2
CCAGCACAGCGTAGGC,2
CCATATTGCCCGGAAG,2
CCATGGGTGTACGAGA,2
CCATTTACGGATCTCT,2
CCCACTTTACGAGACA,2
CCCAGCGCGGCTCGGG,2
CCCATCCTCTAAAGTT,2
CCCCTCCTCCAAAGTT,2
CCCGACACCCTTCCGG,2
CCCGGCGCGGCTCGGG,2
CCCTAAAGGATCATGA,2
CCCTACGAAATAAGCT,2
CCCTATGAAAGAAGCT,2
CCCTATGAAGTAAGCT,2
CCCTATGGAATAAGCT,2
CCCTATTAAATAAGCT,2
CCCTGCGCAGCTCGGG,2
CCCTGCGCGGCTCGGC,2
CCCTGCGCGGCTTGGG,2
CCCTTTACAGATCTCT,2
CCGAACGAAGTAGGAG,2
CCGAACTTGTCGATAT,2
CCGAGCTGCCAATAAG,2
CCGATTACTAGCCGGA,2
CCGGATAAATCACAAC,2
CCGGATAAATCAGAAT,2
CCGGATGAATCAGAAC,2
CCGTATGAAATAAGCT,2
CCGTGATGCATTCCCG,2
CCTAACTCTCGCGGCA,2
CCTGGGCTAAGTTGTG,2
CCTGGGTTAAGTAGTA,2
CCTGGTTTAAGTTGTG,2
CCTGTGTTAAGTTGTG,2
CCTTATGAAATAAGCT,2
CCTTATTAGGCGGCAT,2
CCTTCATGCATTCCCG,2
CCTTGAGGCATTCCCG,2
CCTTGATGCATACCCG,2
CCTTGGTGCATTCCCG,2
CGAAAACATCACAAAT,2
CGAAAACATTACAAAA,2
CGAAAACATTACGAAT,2
CGAAAAGATTACAAAT,2
CGAAACACGCCCCAGT,2
CGAAACACGTCCCACT,2
CGAAACACGTCTCAGT,2
CGAAACATGTCCCAGT,2
CGAAACGCGTCCCAGT,2
CGAACAGCAGACACGT,2
CGAACCGCAGAAACGT,2
CGAACCGCAGACACGG,2
CGAATGCTGCATTAGG,2
CGACCAGGGAATCAAA,2
CGACTCCAAGGACGCC,2
CGACTCCATGGACGCC,2
CGACTCCGCGGACGCC,2
CGAGAAATGTAAATGA,2
CGATATTTACGAAAAA,2
CGATCTTTTACATTTA,2
CGATTTAACAGACGTA,2
CGCAACACCCTTCCGG,2
CGCAATTTACGAGACA,2
CGCACAGTGTAATCGA,2
CGCACTCTACGAGACA,2
CGCAGCATTGGTCGCA,2
CGCCATCAGCACCTAG,2
CGCGACAACCTTCCGG,2
CGCGACACCCTCCCGG,2
CGCGACACCCTGCCGG,2
CGCGACATCCTTCCGG,2
CGCGGCACCCTTCCGG,2
CGCGGCCGGCGAACTC,2
CGCGGTGGTCGATCCG,2
CGCTCAGCGATAACGG,2
CGGAATCGTCACCGAT,2
CGGACAGTGTAATCGA,2
CGGACCCAAGATGGTA,2
CGGAGTATGAAGAGCG,2
CGGCAAGGGAATCAAA,2
CGGCCAGGGAATTAAA,2
CGGCCAGGGGATCAAA,2
CGGCCAGGTAATCAAA,2
CGGCCCGTAAGGACTA,2
CGGCTCCACGGACGCC,2
CGGGAAATGTAAATTA,2
CGGGAACAGACAGAAC,2
CGGGAACGTACATAAC,2
CGGGAATATCCCATAC,2
CGGGAATCACCCATAC,2
CGGGAATCTCCCATAT,2
CGGGAGATGTAAATGA,2
CGGGGACAAGATGGGA,2
CGGGGACAAGATTATA,2
CGGGGACATGATTGTA,2
CGGTCAGGACTCATCT,2
CGGTCGAGACTCATCT,2
CGGTCGGGACTAATCT,2
CGGTCGGGACTCATCG,2
CGGTCGGGACTCGTCT,2
CGGTCGGGGCTCATCT,2
CGGTCGTGACTCATCT,2
CGTACAGTGTAATCTA,2
CGTACAGTGTAGTCGA,2
CGTACGTATGTCACAG,2
CGTACGTATGTTCCAG,2
CGTATTTGCGCTTCAA,2
CGTCCGGATAAAGTAG,2
CGTCTACCCTTCAGCA,2
CGTGAAATGTAAATGA,2
CGTGAATCTCCCATAC,2
CGTGACCACCTCCAAC,2
CGTGACCCCCTCCAAA,2
CGTGACCCCCTCCAGC,2
CGTGACCCCCTCCATC,2
CGTGACCCTCTCCAAC,2
CGTGACTCCCTCCAAC,2
CGTGGGTTAAGTTGTG,2
CGTGTACCCATCAGCA,2
CGTGTACCTTTCAGCA,2
CGTGTACTCTTCAGCA,2
CGTTAACGTCCTATCC,2
CGTTAAGCGATAACGG,2
CGTTCAGCGATAACTG,2
CGTTCGGGACTCATCT,2
CTAACACAAAAAATTA,2
CTAACCGCAGACACGT,2
CTAAGCTTGGCGCATC,2
CTAATTGAAGTATCAA,2
CTAATTTAAGCATCAA,2
CTAATTTAAGGATCAA,2
CTAATTTAAGTATCAT,2
CTACAAACCTGCAAAT,2
CTACCACAGCGTAGGC,2
CTACCCAGTTCCTGCG,2
CTACCTTAATCTACAG,2
CTACGAATTTGATTCC,2
CTACTCCACGGACGCC,2
CTAGCAAAGCGTAGGC,2
CTAGCACAGCGGAGGC,2
CTAGCACAGCGTATGC,2
CTAGCACGGCGTAGGC,2
CTAGCATAGCGTAGGC,2
CTAGGACAGCGTAGGC,2
CTAGTTTAAGTATCAA,2
CTATAAAACGTTTGTA,2
CTATATTAATCTACAG,2
CTATATTGCCCGGATG,2
CTATATTGCTCGGAAG,2
CTATCATAATCTACAG,2
CTATCTTAATATACAG,2
CTATCTTAATCTAAAG,2
CTATCTTAATCTACAT,2
CTATTTAACAGAGGTA,2
CTATTTAACAGATGTA,2
CTCAAATAAGTGGCGC,2
CTCAAATAATCGGCGC,2
CTCAAATAATTGGCAC,2
CTCAAATAATTGGCGT,2
CTCAATGTCATAGGAT,2
CTCAATGTCGTAGTAT,2
CTCAATGTCGTGGGAT,2
CTCAATTTCGTAGGAT,2
CTCACAGAATACTAGA,2
CTCCCAGGGGACGATT,2
CTCCGGCTCTTGATTA,2
CTCGAGGCCTGGCCCC,2
CTCTGTCCAGACTCGT,2
CTCTTACGCCCCTACG,2
CTCTTACGCTCCTACA,2
CTGAACCTCGTTGTCT,2
CTGAACCTGCAGTTGA,2
CTGAACTGCCAATAAG,2
CTGAACTTAGCTGTGG,2
CTGAACTTATCTGAGG,2
CTGAACTTATCTGGGG,2
CTGAACTTATCTGTGC,2
CTGAACTTATGTGTGG,2
CTGAACTTGTCGACAT,2
CTGAACTTGTGGATAT,2
CTGAACTTGTTGATAT,2
CTGACAGAATACTAGA,2
CTGAGCTGCCAATAGG,2
CTGAGCTGCCAATATG,2
CTGAGCTGCTAATAAG,2
CTGAGGTATTATATGC,2
CTGATCTGCCAATAAG,2
CTGGAACATACATAAC,2
CTGGAGACCTGGCCCC,2
CTGGAGGCCTGGCCTC,2
CTGGATGCCTGGCCCC,2
CTGGGACAAGATTGTA,2
CTGGGGAACGGGAAGC,2
CTGGTATCAAGCCGGG,2
CTGTACCTGCAATTGA,2
CTGTAGGCCTGGCCCC,2
CTTAAAGAATACTAGA,2
CTTAAGTATTATATGC,2
CTTACAGAATACGAGA,2
CTTACAGAATACTAGG,2
CTTACAGTGTAATCGA,2
CTTACGGAATACTAGA,2
CTTACTGCGAGAGAGT,2
CTTACTGTGCGAGAGT,2
CTTACTTCGCGAGAGT,2
CTTAGCTGCCAATAAG,2
CTTAGGGATTCAACTC,2
CTTAGGTAGGATATGC,2
CTTAGGTATTACATGA,2
CTTCGACTCTTGATTA,2
CTTCGGCGCTTGATTA,2
CTTCGGCTCTTGAGTA,2
CTTCTCTAGTACGCTT,2
CTTGACCCCCTCCAAC,2
CTTGCAGAATACTAGA,2
CTTGGGTATTATATGC,2
CTTGGGTTAAGTTGTG,2
CTTTAAATTATAGTTT,2
CTTTAAATTGTAGTCT,2
CTTTAACGGCCTATCC,2
CTTTGAATTATAGTCT,2
CTTTTCTAGTACGATT,2
GAAAAAGCCTCCATGA,2
GAAAGACCCGTGCAAT,2
GAAAGCCCCGTGTAAT,2
GAAAGCTGCAGAAGCG,2
GAAAGTCCCAATGATG,2
GAAAGTCCCTATAATG,2
GAAAGTCCCTATGATT,2
GAAAGTCTCTATGATG,2
GAAATCCCCAAATAGC,2
GAAATCCCTAAATAAC,2
GAAATGCTGCATTAGG,2
GAACTTGCTATGGATC,2
GAAGAGACTATAACCA,2
GAAGCGCGTATTGAGT,2
GAAGGGTAGAGATACG,2
GAAGTACGATGAATGA,2
GAAGTACGCTGAAGGA,2
GAAGTACGGTGAATGA,2
GAAGTGAGTATTGAGT,2
GAAGTGCATATTGAGT,2
GAAGTGCGTATTGAGC,2
GAAGTGCGTATTGATT,2
GAAGTGCGTATTGTGT,2
GAAGTGCGTGTTGAGT,2
GAAGTGCTGCTGAAGC,2
GAAGTGCTGCTTAAGT,2
GAATAACAGAACAGAG,2
GAATAATAGAACAGAT,2
GAATAATAGAACAGGG,2
GAATAATAGAGCAGAG,2
GAATGAGGAAGATGCG,2
GAATTACGCTGAATGA,2
GACAAAAGAGACATAT,2
GACAAAAGGGACGTAT,2
GACAGCTCGTATCCCT,2
GACATTTACTGAAGGG,2
GACCACGCAGAAAAAG,2
GACCACTTGTAAGATG,2
GACCCCTTGTAAGATA,2
GACCCCTTGTAAGGTG,2
GACCCCTTGTAATATG,2
GACGAGATGGGCACGT,2
GACGGGATAGGCACGT,2
GACGGGATGGGCAAGT,2
GACGGGATGGGTACGT,2
GACGGTATGGGCACGT,2
GACTTCCCTGACTGCT,2
GAGAACTGCAGAAGCG,2
GAGAGCGGCAGAAGCG,2
GAGAGCTGCAGAGGCG,2
GAGAGCTTCAGAAGCG,2
GAGAGGTAGAGATACG,2
GAGATAGTGATGAACA,2
GAGATCTGCAGAAGCG,2
GAGCGGTGATGTGATT,2
GAGCTTGATATGGATC,2
GAGCTTGTTATGGATC,2
GAGGAGTAGAGATACG,2
GAGGGCTAGAGATACG,2
GAGGGGATACGTCACA,2
GAGGGGATACGTCATC,2
GAGGGGATATGTCACC,2
GAGGGGATGGGCACGT,2
GAGGGGCCTCATAATG,2
GAGGGGGAGAGAGACG,2
GAGGGGTAGAAATACG,2
GAGGTGCGTATTGAGT,2
GAGTAATAGAACAGAG,2
GAGTGGATACGTCACC,2
GATAACGCAGAAAAAG,2
GATCACGCATAAAAAG,2
GATCACGTAGAAAAAG,2
GATCGCCATCGACCTC,2
GATCGCCATCGACTTT,2
GATCGCCATCGGCTTC,2
GATCTTGCGGAGAGTC,2
GATCTTGCTATGGATC,2
GATGGGAATTGCCACT,2
GATGTTGGGGAGAGTC,2
GATTAAGATGCCCACC,2
GATTCAGATTCCCACC,2
GATTGAGACGCGCAAG,2
GATTGCCATCGACTTC,2
GATTTTGGGGAGAGTC,2
GCAAACAGCGTAGTTG,2
GCAAACAGTATAGTTG,2
GCAAACAGTGTAGTAG,2
GCAAACAGTGTAGTCG,2
GCAAACATTGTAGTTG,2
GCAAAGAGGTGTAACC,2
GCAACAGTCCTAGCAG,2
GCAACGAGATGTAACC,2
GCAACGAGGTGTAAAC,2
GCAACGAGGTGTAGCC,2
GCAATCTGAACCATAC,2
GCAGAACTGCGGCCCC,2
GCAGAGTGCCGGTCAT,2
GCAGCGTACCGGTCAT,2
GCAGCGTGCCGGGCAT,2
GCAGCGTTCCGGTCAT,2
GCATAGAACTAACTCC,2
GCATCCCCAACTCCTA,2
GCATCCTCAACTCATA,2
GCATCCTCAAGTCCTA,2
GCATCCTCAATTCCTA,2
GCATGAAACTAACTCC,2
GCATGGAACTAACGCC,2
GCCAGCTCGCATCCCT,2
GCCAGCTCGGATCCCT,2
GCCAGCTCGTACCCCT,2
GCCAGCTCGTGTCCCT,2
GCCAGGTCGTATCCCT,2
GCCATTTACTGAAGCG,2
GCCATTTACTGAAGGC,2
GCCATTTACTGAGGGG,2
GCCATTTACTTAAGGG,2
GCCGCTGCGGCGCGTG,2
GCCGGCGTTATTGTCA,2
GCCTAGAGGATCATGA,2
GCCTATGAAATAAGCT,2
GCCTTTGCGCGCAGTT,2
GCCTTTGCGGGCAGTC,2
GCGAACGAAGTAGGAG,2
GCGAAGCTTCATAGCG,2
GCGAAGTTGCATAGCG,2
GCGAAGTTTCAGAGCG,2
GCGAAGTTTCATAGCC,2
GCGAATTTTCATAGCG,2
GCGGATAAATCAGAAC,2
GCGTGGAACTAACTCC,2
GCTCCATCTCAGATCG,2
GGAAACAGTGTAGTTG,2
GGAAGCCCCGTGCAAT,2
GGACGAATGGGATTCC,2
GGAGCGTGCCGGTCAT,2
GGAGTGCGTATTGAGT,2
GGATGGAACTAACTCC,2
GGGAAGTTTCATAGCG,2
GGGAGCGAGAAAAGCA,2
GGGTCGGGACTCATCT,2
GGTCCATCTCAAATCG,2
GGTCCATCTCAGATCC,2
GGTCCATCTCAGATTG,2
GGTCCATCTTAGATCG,2
GGTTAACTCTGGAAGC,2
GGTTAACTTTGGGAGC,2
GGTTCATCTCAGATCG,2
GTAAAACTGCGGCCCC,2
GTAAACAGTGTAGTTG,2
GTAACTGAGGGCATTG,2
GTAAGATTCATGGAGT,2
GTAAGCAAAGTTGATC,2
GTAAGCAAAGTTTACC,2
GTAAGCAAATTTGACC,2
GTAAGCGAAGTTGACC,2
GTAAGCGAGAAAAGCA,2
GTAAGCTTCATGCAGT,2
GTAAGCTTCATGGAGC,2
GTAAGCTTCATGGATT,2
GTAAGCTTCTTGGAGT,2
GTAAGCTTGGCGCATC,2
GTAAGTAAAGTTGACC,2
GTAATCAAAGTTGACC,2
GTAATTCACATGCGGA,2
GTACAAACCTGCCACT,2
GTACAAACCTGGAAAT,2
GTACAAACTTGCAAAT,2
GTACCCAATTCCTGCG,2
GTACCCAGTCCCTGCG,2
GTACCCAGTTCCTGCC,2
GTAGAACGGCGGCCCC,2
GTAGAACTGCAGCCCC,2
GTAGAACTGCGCCCCC,2
GTAGAACTGCGGCACC,2
GTAGAACTGCGGGCCC,2
GTAGATACTAGGAACA,2
GTAGATACTAGGACAA,2
GTAGCCAGTTCCTGCG,2
GTATAAGCAGGTAAGG,2
GTATATTGCCCGGAAG,2
GTATCCAGTTCCTGCG,2
GTCAAATTACGGATGG,2
GTCAAGTGACGGATGG,2
GTCAAGTTACGGATGC,2
GTCAAGTTACGGATTG,2
GTCAAGTTACGGGTGG,2
GTCAAGTTACGTATGG,2
GTCCATCCTAGTGACG,2
GTCCTAGGGGACGATT,2
GTCGAGTTACGGATGG,2
GTCGCATCCGGGAATG,2
GTCGCATCCTGGAAGG,2
GTCGCCACTAATCCGA,2
GTCGCCGCTAAGCCGA,2
GTCGCCGCTAATCAGA,2
GTCGCGGCTAATCCGA,2
GTCGCGTCCTGGAATG,2
GTCGCTGCTAATCCGA,2
GTCGGCGTTAGTGTCA,2
GTCTAAAGGATCATGA,2
GTGAAGTTTCATAGCG,2
GTGAGCGAGAAAGGCA,2
GTGAGCTTCATGGAGT,2
GTGAGGGATTCAACTC,2
GTGCATCCTAGTGAAG,2
GTGCATCCTAGTGACA,2
GTGCATCCTAGTGACC,2
GTGCATCCTAGTGATG,2
GTGCGATTATCCGGAA,2
GTGCGATTGTCCGAAA,2
GTGCGATTGTCCGGAG,2
GTGGAGGCCTGGCCCC,2
GTGGTATCAAACCGGG,2
GTGGTATCAAGTCGGG,2
GTGGTATTAAGCCGGG,2
GTGTATCCTAGTGACG,2
GTTATATCCAACACCA,2
GTTATCATATCTAATA,2
GTTATTATGAATTCAT,2
GTTATTATGACTTCGT,2
GTTATTGTGACTTCAT,2
GTTGATCCGACACGCC,2
GTTGCTCCGAAACGCC,2
GTTGCTCCGACACGTC,2
GTTGCTCCGACGCGCC,2
GTTGCTCCGGCACGCC,2
GTTGCTCCTACACGCC,2
GTTTCTCCGACACGCC,2
TAAAAAGACTCCATGA,2
TAAAAAGTCTCCATGA,2
TAAAAATCCTCCATGA,2
TAAAGTGATTTCTCGA,2
TAACAAGCCAGCAAGA,2
TAACATTGTCGGAAAG,2
TAACCTGCAAGCCACT,2
TAACGTGATTTCTTGA,2
TAACTGATAGTAACTC,2
TAAGAAGCCTCCATGA,2
TAAGCTCTTTTCGTTC,2
TAAGTGCGTATTGAGT,2
TAAGTGCTGCTGAAGT,2
TAATAAACCAGCAAGA,2
TAATAAGCCGGCAAGA,2
TAATCTTTTACATTTA,2
TACAAATGTCATTTGA,2
TACATACCGAAGCAGT,2
TACATACCGACACAGT,2
TACATACCGACGCAGG,2
TACATACCGACTCAGT,2
TACATATCGACGCAGT,2
TACCAATGCCATTTGA,2
TACCAATGTCATTTGT,2
TACCAGCAATAAAATC,2
TACCCTGCAAGACACT,2
TACCCTGCGAGCCACT,2
TACCCTGGAAGCCACT,2
TACCGATAACCCTGCG,2
TACCTACGAGACGTAA,2
TACCTGCTGTGGAACG,2
TACGGCCGGCGAACTC,2
TACGGGATGGGCACGT,2
TACGTACCGACGCAGT,2
TACTAATGCAGTTGTC,2
TACTAATGCCGTCGTC,2
TACTAATGCCGTTTTC,2
TACTAATTCCGTTGTC,2
TACTCATAACCCTGCG,2
TACTGATAACCCAGCG,2
TACTGATAACCCTCCG,2
TACTGATAACCCTGCA,2
TACTGATAACCCTGCC,2
TACTGATAACTCTGCG,2
TACTGATAATCCTGCG,2
TACTGATAGCCCTGCG,2
TAGAGCTGCAGAAGCG,2
TAGAGTTAATATGCGC,2
TAGCATGGTCGGAAAG,2
TAGCATTGTCGGAAAA,2
TAGCATTGTCGGAAAT,2
TAGCATTGTCGTAAAG,2
TAGCATTGTCTGAAAG,2
TAGCGTTGTCGGAAAG,2
TAGCTGATAGTAAATC,2
TAGCTGATAGTAGCTC,2
TAGCTTCAACTAAAAA,2
TAGTATTGTCGGAAAG,2
TATATTGGTAACATAA,2
TATCAAGAGAAGTGCG,2
TATCCAGGGGACGGAC,2
TATCGCCACTGATAAG,2
TATGAAGAGAAGTGCG,2
TATGCGAGCATGTCAA,2
TATGGAGCGCCCTTAC,2
TATGTCGCATCCACAG,2
TATGTCGTATCCACAA,2
TATGTCGTATCCAGAG,2
TATTAAGAGAAGTGCT,2
TATTAAGAGAAGTGGG,2
TATTAAGAGAAGTGTG,2
TATTAAGAGAGGTGCG,2
TATTAAGGGAAGTGCG,2
TATTAATAGAAGTGCG,2
TATTCCTAACTATCGA,2
TATTCCTAACTGGCGA,2
TATTGAGACGCGCAAG,2
TATTGAGAGAAGTGCG,2
TCAAACAGTGTAGTTG,2
TCAATCGGGGGCTAAG,2
TCAATCGGGTGCTAAA,2
TCAATCTGGGGCTAAA,2
TCAATTGGGGGCTAAA,2
TCACGAATTTGATTCC,2
TCATGACATAGCGATG,2
TCATGGGCGTACGAGA,2
TCATGGGTGTACGATA,2
TCATGGTTGTACGAGA,2
TCCAACGCGGTAAGAG,2
TCCACACACCTAGCTA,2
TCCAGCGCGGCTCGGG,2
TCCAGCGCGGTAAGCG,2
TCCAGCGGGGTAAGAG,2
TCCGCACCCCTAGCTA,2
TCCTAAAGGATCATGA,2
TCCTAGTCCTCGTATG,2
TCCTCCGTTGGGAACT,2
TCGAACAAAGTAGGAG,2
TCGAACGAAGTAGAAG,2
TCGAACGAGGTAGGAG,2
TCGAACTAAGTAGGAG,2
TCGACTACTAGCCGGA,2
TCGAGTTAATATTCGC,2
TCGATGACTAGCCGGA,2
TCGATTAATAGCCGGA,2
TCGATTACTAGCAGGA,2
TCGATTCAACTAAAAA,2
TCGCCTCAACTAAAAA,2
TCGCTTCAAATAAAAA,2
TCGCTTCGACTAAAAA,2
TCGGACGAAGTAGGAG,2
TCGGTTACTAGCCGGA,2
TCGTACGTTGGGAACT,2
TCGTAGCACTACTGCT,2
TCGTCCGGTGGGAACG,2
TCGTCCGGTGGGAACT,2
TCGTCCGTTGGGAACA,2
TCGTCCGTTGGGGACT,2
TCGTCGAACTACTGCT,2
TCGTCGCAATACTGCT,2
TCGTCGCACCACTGCT,2
TCGTCGCACTACGGCT,2
TCGTCGTACTACTGCT,2
TCGTTACCACTGCATC,2
TCGTTCGTTGGGAACT,2
TCTAACTCTCGCAGCA,2
TCTAACTCTCGCGCCA,2
TCTAACTCTCGCGTCA,2
TCTAACTCTTGCGGCA,2
TCTCACAGAACCTATC,2
TCTCAGCTCTTACCCG,2
TCTCAGCTCTTAGCGG,2
TCTCATTAGGCGGCAT,2
TCTCGACATAGCGATG,2
TCTGAGCTCTTAGCCG,2
TCTGAGTCCTCGTATG,2
TCTGGAAACGATACCC,2
TCTGGAAACGATCCCA,2
TCTTAACATAGCGATG,2
TCTTAGTCCTCCTATG,2
TCTTATAGTGAACGAT,2
TCTTATTAGGCTGCAT,2
TCTTATTATGCGGCAT,2
TCTTCCGTTGGGAACT,2
TCTTGACATAGCGACG,2
TCTTGACATAGGGATG,2
TCTTGACGTAGCGATG,2
TCTTGATGCATTCCCG,2
TCTTTAACACTGCATC,2
TCTTTACATAGCGATG,2
TCTTTACCACTGCGTC,2
TCTTTACCACTGTATC,2
TCTTTACCATTGCATC,2
TGAAACACGTCCCAGT,2
TGAACCGCAGACACGT,2
TGACAACAATACGAAT,2
TGACAACGATACAAAT,2
TGACAAGAATACAAAT,2
TGACTCCACGGACGCC,2
TGAGTTCATATCTCCA,2
TGATCTGTGACATTTC,2
TGATCTTTTAGATTTA,2
TGATGGGTGTACGAGA,2
TGCACTTTACGAGACA,2
TGCAGCGCGGTAAGAG,2
TGCAGTGGTCGATCCG,2
TGCAGTGTTATACATA,2
TGCAGTTGTATACATA,2
TGCCCTGCAAGCCACT,2
TGCGGAGCGCCCTTAC,2
TGCGGTAGTCGATCCG,2
TGCGGTGGCCGATCCG,2
TGCGGTGGTCAATCCG,2
TGCTATTCCGGCGCAG,2
TGCTATTCCGGCGCGT,2
TGCTATTCCGGCGCTG,2
TGCTATTCCGGCGTGG,2
TGCTATTCTGGCGCGG,2
TGCTGTTCCGGCGCGG,2
TGGAAGCGTCACCGAT,2
TGGAATCATCACCGAT,2
TGGAATCGTCAACGAT,2
TGGAATCGTCACAGAT,2
TGGAATCGTCACCGAC,2
TGGAATCGTCACCGCT,2
TGGAATGGTCACCGAT,2
TGGAGTGGTATACATA,2
TGGCCAGGGAATCAAA,2
TGGCCCGCTTCATGCT,2
TGGCTGATAGTAACTC,2
TGGGATCGTCACCGAT,2
TGGTCCGATTCATGCT,2
TGGTCCGCTTCATGTT,2
TGGTCCGCTTCGTGCT,2
TGTAATAGCCGTCACA,2
TGTAATAGGCGCCACA,2
TGTAATAGGCGTCAAA,2
TGTAATAGGCGTCACG,2
TGTAATAGGCGTCACT,2
TGTAATAGGCGTTACA,2
TGTAATAGGCTTCACA,2
TGTAGTGGTATACATA,2
TGTATATCCAACACCA,2
TGTATTTGCGCTTCAA,2
TGTCCAAGGGACGGAC,2
TGTCCAGATAAAGTAG,2
TGTCGTAATCTGAATA,2
TGTGGAGAGCCCTTAC,2
TGTGGAGCCAGTCTGA,2
TGTGGAGCGACCTTAC,2
TGTGGAGCGCCCTCAC,2
TGTGGAGCGCCTTTAC,2
TGTTATTCCGGCGCGG,2
TGTTGAGACAGTCTGA,2
TGTTGAGCCAGGCTGA,2
TGTTGAGCCAGTCCGA,2
TGTTGAGCCAGTCGGA,2
TGTTGAGCCAGTCTGT,2
TGTTGAGCTAGTCTGA,2
TGTTGTAATATGAATA,2
TGTTGTGATCTGAATA,2
TTAACGTTTGTGCAAA,2
TTAAGCAAAGTTGACC,2
TTAATGTAGCAGCTCC,2
TTAATGTAGCCGCTCA,2
TTAATGTAGTCGCTCC,2
TTACACGCATGTGCCA,2
TTACGAAGTTGATTCC,2
TTACGAATCTGATTCC,2
TTACGAATTTGGTTCC,2
TTACGAGTTTGATTCC,2
TTAGGGAACGGGAAGC,2
TTAGTGTAGCCGCTCC,2
TTATATCAGTCGCGCC,2
TTATCCGTAGAGCGCT,2
TTATCTGCAGAGCGCT,2
TTATCTGTAAAGCGCT,2
TTATCTGTAGAGGGCT,2
TTATCTGTGACATTGC,2
TTATCTTTAGAGCGCT,2
TTATCTTTTACATTTA,2
TTCAGCAAGTTGGTGC,2
TTCAGCGCGGTAAGAG,2
TTCATAAAGTTGGTGC,2
TTCTGTCAAGACTCGT,2
TTCTGTCCAGACTAGT,2
TTGAACTTATCTGTGG,2
TTGAATCACCGAATAA,2
TTGAGCGAGAAAAGCA,2
TTGATCCTGAGTAGTA,2
TTGCAAGTGAAACATA,2
TTGCAATGGAAACAGA,2
TTGCAATGGAAACATA,2
TTGCAATTGAGACATA,2
TTGCATCCTAGTGACG,2
TTGCGTGATACTCACA,2
TTGCTACTGAGTAGTA,2
TTGCTCCTGAGGAGTA,2
TTGCTCCTGAGTAGTT,2
TTGCTCCTGATTAGTA,2
TTGCTCCTGGGTAGTA,2
TTGCTCCTTAGTAGTA,2
TTGGAAAAATCATAAA,2
TTGGAGAACGGGAAGC,2
TTGGAGGCCTGGCCCC,2
TTGGGAACTAAATTAA,2
TTGGGCACCAAATTAA,2
TTGGGCACTAAATGAA,2
TTGGGGAACGGGAACT,2
TTGGGGAACGTGAAGC,2
TTGTATCAGGCGCGCC,2
TTGTATCAGTCGGGCC,2
TTGTCCGCTTCATGCT,2
TTTAAGCGTTGTTTTG,2
TTTAGGTATTATATGC,2
TTTAGTGATACTCACA,2
TTTATACCCAACACCA,2
TTTATATCCAATACCA,2
TTTATATCGAGACTCA,2
TTTATATCGATATTCA,2
TTTATATGCAACACCA,2
TTTCACAGAACATATC,2
TTTCACAGAACCTACC,2
TTTCACAGAATCTATC,2
TTTCAGCCTTGTTTTG,2
TTTCAGCGTTATTTTG,2
TTTCAGCGTTGTCTTG,2
TTTCAGCGTTGTGTTG,2
TTTCAGCGTTGTTTCG,2
TTTCAGCGTTGTTTTC,2
TTTCAGCGTTTTTTTG,2
TTTCATAGAACCTATC,2
TTTCCGAATGGGGTAG,2
TTTCGTGATACTCAAA,2
TTTCGTGATACTCACC,2
TTTCGTGATACTCGCA,2
TTTCGTGGTACTCACA,2
TTTGGCACTAAATTAA,2
AAAAAAATTTATGACA,1
AAAAAACATTACAAAT,1
AAAAAACTTATGACAA,1
AAAAAATCTCAGATAC,1
AAAAAATGTATGACAA,1
AAAAAATTTAAGACAA,1
AAAAAATTTATAACAA,1
AAAAAATTTATCACAA,1
AAAAAATTTATGACTA,1
AAAAAATTTATGAGAA,1
AAAAAGTCTCGAGAAG,1
AAAAAGTTTATGACAA,1
AAAACCATAAGACCCC,1
AAAACTCTTTTCGTTC,1
AAAATCCCCAAATAAC,1
AAAATTGATTGAAGTT,1
AAACCCAGCGGGTGAT,1
AAACCCAGTTCCTGCG,1
AAACCCATAAGACCTC,1
AAACCCATAAGACTCC,1
AAACCCATAAGGCCCC,1
AAACGTGATTTCTCGA,1
AAACTACGAGACGTAA,1
AAAGAAAATTATCCGC,1
AAAGACCTTTAACGCT,1
AAAGACCTTTAACTAT,1
AAAGCTAAAAAGAGGA,1
AAAGCTCCTTTCGTTC,1
AAAGCTCGTTTCGTTC,1
AAAGCTCTCTTCGTTC,1
AAAGCTCTTCTCGTTC,1
AAAGCTCTTTCCGTTC,1
AAAGCTCTTTTCCTTC,1
AAAGCTCTTTTCGTTT,1
AAAGCTTTTTTCGTTC,1
AAAGGAGCAGAGGAGT,1
AAAGGAGCAGAGGATT,1
AAAGGCCTTTAACTCT,1
AAAGGCGCACCTTCAA,1
AAAGGCGCGCCGTCAA,1
AAAGGCGCGCCTTAAA,1
AAAGGCGCTCCTTCAA,1
AAAGGCTCGCCTTCAA,1
AAAGGTGTAGGATAAG,1
AAAGGTTGAGACGGAG,1
AAAGTAGAAGAGGATT,1
AAAGTAGCAGAGTATT,1
AAAGTAGCAGGGGATT,1
AAAGTAGCGGAGGATT,1
AAAGTCCCTATGTAAT,1
AAAGTCGCGCCTTCAA,1
AAATATTTAATAGACG,1
AAATCTCTTTTCGTTC,1
AAATGTCTAATAGACG,1
AAATGTGTAATAGACG,1
AAATGTTTAAGAGACG,1
AAATGTTTAATAGAAG,1
AAATGTTTAATATACG,1
AAATGTTTAATTGACG,1
AAATGTTTTATAGACG,1
AAATTCACAATACCCA,1
AAATTCACAATAGCCA,1
AAATTCACAATATCAA,1
AAATTCAGAATATCCA,1
AAATTCATAATATCCA,1
AAATTCGCAATATCCA,1
AACAAAAGGGACATAT,1
AACAAAAGTCCATGTA,1
AACAAGCAGAACCGCC,1
AACACATAGAACCGCC,1
AACACGGAGAACCGCC,1
AACACGTAAAACCGCC,1
AACACGTAGAACCGCA,1
AACACGTAGAACGGCC,1
AACACGTAGAGATACG,1
AACAGAAGACCATGTA,1
AACAGAAGGCCAGGTA,1
AACAGAAGGCCATGTA,1
AACAGAAGTCCATATA,1
AACAGAAGTCCTTGTA,1
AACAGAAGTGCATGTA,1
AACAGAGGGCCATGTA,1
AACAGCGCGGTAAGAG,1
AACAGGTAGAACCGCC,1
AACAGTTCCGACTAAG,1
AACATACCGACGCAGT,1
AACATGTAGAACCGCC,1
AACCAACCCAGAGATG,1
AACCACAAACAGTAAG,1
AACCACCAAGTGACCG,1
AACCACCACAGAGATG,1
AACCACCCCAGAGAGG,1
AACCACCCCAGGGATG,1
AACCACCCGAGAGATG,1
AACCACCGACTGACCG,1
AACCACCGAGAGACCG,1
AACCACCGAGTGACAA,1
AACCACCGCAGAGATG,1
AACCACCGCGTGACCG,1
AACCACCGGGTGACCG,1
AACCAGCGAGTGACCG,1
AACCGCCGAGTGACCG,1
AACCGTACCGAGTTTA,1
AACCGTACCTCGTTTA,1
AACCTACAAGACGTAA,1
AACCTACGAGAAGTAA,1
AACCTACGAGACATAA,1
AACCTACGAGACGTGA,1
AACCTACGAGAGGTAA,1
AACCTACGAGGCGTAA,1
AACCTACGATACGTAA,1
AACCTACGGGACGTAA,1
AACCTAGGATCGCACT,1
AACCTTACCGCGTTTA,1
AACGACAAACAATAAG,1
AACGACAAACACTAAG,1
AACGACAAACAGTAAC,1
AACGACAAACAGTAAT,1
AACGACAGACAGTAAG,1
AACGATAAGCAGTGAG,1
AACGCGTAGAACCGCC,1
AACGGTTCCGACAAAT,1
AACGGTTCCGACTAAA,1
AACGGTTCCGACTGAG,1
AACGGTTCCGACTTAG,1
AACGGTTCCGTCTAAG,1
AACGGTTTCGACTAAG,1
AACGTCCCTGACTGCT,1
AACGTTGTACACACCA,1
AACTCCCCTGACTGCT,1
AACTGAAGTCCATGTA,1
AACTGAGTTCATCGAT,1
AACTGATAACCCTGCG,1
AACTGCCTTCATCGAT,1
AACTGCGTGCATCGAT,1
AACTGCGTTAATCGAT,1
AACTGCGTTCACCGAT,1
AACTGCGTTCAGCGAT,1
AACTGCGTTCATAGAT,1
AACTGCGTTCATCAAT,1
AACTGCGTTCATCGAC,1
AACTGCGTTCATCGTT,1
AACTGCGTTCATTGAT,1
AACTGCTTTCATCGAT,1
AACTTACCTGACTGCT,1
AACTTCCATCGCCTGA,1
AACTTCCATGACTGCC,1
AACTTCCCAGACTGCT,1
AACTTCCCCGACTGCT,1
AACTTCCCGGACTGCT,1
AACTTCCCTGAGTGCT,1
AACTTCCGTAGCCTGA,1
AACTTCCGTCGCCCGA,1
AACTTCCGTCGCCGGA,1
AAGAAAGAAACTGGAG,1
AAGAAGAATTTGTGAT,1
AAGAAGACTTTGTGGT,1
AAGAAGCGAGAGAAGT,1
AAGAAGCGATAGAGGT,1
AAGAAGCTATAGAAGC,1
AAGAAGCTTTAGAAGT,1
AAGAAGTTATAGAAGT,1
AAGAATCTATAGAAGT,1
AAGACTATAGTTGGCA,1
AAGAGCTGCAGAAGCG,1
AAGAGGACTTTGTGAT,1
AAGAGGCCTCATAATG,1
AAGAGTATGAAGAGCG,1
AAGATAGATTGAAGTT,1
AAGATCGATTGAAGTT,1
AAGATTGAGGGAAGGT,1
AAGATTGAGGGAAGTT,1
AAGATTGAGTGAAGTG,1
AAGATTGATCGAAGTT,1
AAGATTGATTAAAGTT,1
AAGATTGATTGAAGCT,1
AAGATTGATTGAAGGT,1
AAGATTGATTGAAGTA,1
AAGATTGATTGAAGTG,1
AAGATTGTTTGAAGTT,1
AAGCAAATAGACCGAA,1
AAGCACAGCGGGTGAT,1
AAGCACCGAGTGACCG,1
AAGCATTGCTACACAT,1
AAGCATTGTCGGAAAG,1
AAGCCCAGCGAGTGAT,1
AAGCCCAGCGGATGAT,1
AAGCCCAGCGGGCGAT,1
AAGCCCAGCGTGTGAT,1
AAGCCCAGTGGGTGAT,1
AAGCCCGTAAGGACTA,1
AAGCGATGATGTGATT,1
AAGCGGGGATGTGATT,1
AAGCGGTGACGTGATT,1
AAGCGGTGATGAGATT,1
AAGCGGTGATGCGATT,1
AAGCGGTGATGGGATT,1
AAGCGGTGATGTAATT,1
AAGCGGTGATGTGGTT,1
AAGCGGTGGTGTGATT,1
AAGCTCCCTATGTAAT,1
AAGGAGACTCATAATG,1
AAGGAGACTTTGTGAT,1
AAGGCGAGCATGTCAA,1
AAGGGATGGGGGATGG,1
AAGGGCGCGCCTTCAA,1
AAGGGGCCGCAGAAGG,1
AAGGGGCCGCATAATG,1
AAGGGGCCTAATAATG,1
AAGGGGCCTCATAAAG,1
AAGGGGCCTCATAATA,1
AAGGGGCCTCATAGTG,1
AAGGGGCCTCATGATG,1
AAGGGGCGTCATAATG,1
AAGGGGTGATGTGATT,1
AAGGGTCCTCATAATG,1
AAGGTAAGAGAAAGTG,1
AAGGTCCCAATGTAAT,1
AAGGTCCCCATGTAAT,1
AAGGTCCCGATGTAAT,1
AAGGTCCCTAGGTAAT,1
AAGGTCCCTATGTAAG,1
AAGGTCCCTATGTGAT,1
AAGGTCCCTGTGTAAT,1
AAGGTCTGGATGGGAT,1
AAGGTGCCTCATAATG,1
AAGGTTGATTGAAGTT,1
AAGTATCGCTACACAT,1
AAGTATGGCTACACAT,1
AAGTATTACTACACAT,1
AAGTATTGCTAAACAT,1
AAGTATTGCTACACGT,1
AAGTATTGCTACACTT,1
AAGTATTGCTGCACAT,1
AAGTGAGTAGACCCAC,1
AAGTGGGGAGGGGATG,1
AAGTGGTGATGGGATT,1
AAGTGGTGATGTGATT,1
AAGTGTTGCTACACAT,1
AAGTTAAAAGAAAGTT,1
AAGTTAAGAGAAAGGT,1
AAGTTAAGAGAAATTT,1
AAGTTAAGAGAAGGTT,1
AAGTTAAGAGGAAGTT,1
AAGTTAATAGAAAGTT,1
AAGTTAGCAGACCCAC,1
AAGTTAGGAGAAAGTT,1
AAGTTAGGGGAAAGTT,1
AAGTTAGTAGACACAC,1
AAGTTAGTAGACCCTC,1
AAGTTAGTATACCCAC,1
AAGTTAGTGGACCCAC,1
AAGTTATTAGACCCAC,1
AAGTTCAGACTCTTGC,1
AAGTTGAGAGAAACTT,1
AATAAAAGACTGTATA,1
AATAAGCTATAGAAGT,1
AATACGAGCATGTCAA,1
AATACGAGGCTACGTA,1
AATAGGGCTACGTGAG,1
AATCACCTATGTGTAA,1
AATCACTGGCACACGT,1
AATCCCAGCGGGTGAT,1
AATCCGTGAGTACTAG,1
AATCCTATCCTCAAAT,1
AATCGCCATCGACTTC,1
AATCGCCGGCACCCGT,1
AATCGCCGTCACCCGT,1
AATCGCTCGCACCCGT,1
AATCGCTGCCACCCGT,1
AATCGCTGGCAACCGT,1
AATCGCTGGCACCCCT,1
AATCGCTGGCACCCGA,1
AATCGCTGGCACTCGT,1
AATCGCTGGCATCCGT,1
AATCGCTGGCGCCCGT,1
AATCTACGAGACGTAA,1
AATGAAACAACCGAAC,1
AATGAAACAATCAAAC,1
AATGAAACAATCGAAG,1
AATGAAACAATCGGAC,1
AATGAAACAATGGAAC,1
AATGAAACAGTCGAAC,1
AATGAAATAATCGAAC,1
AATGCGAGCATATCAA,1
AATGCGAGCATCTCAA,1
AATGCGAGCATGCCAA,1
AATGCGAGCATGTGAA,1
AATGCGAGCATGTTAA,1
AATGCGAGCGTGTCAA,1
AATGCGAGGCTACGTA,1
AATGGAACAATCGAAC,1
AATGGAACGTCATACC,1
AATGGCGCGCCTTCAA,1
AATGTGAATTCGCCCA,1
AATTATTGCTACACAT,1
AATTCCATAGGCATGG,1
AATTCGTCAGTACTAG,1
AATTCGTGAGCACTAG,1
AATTCGTGAGTACTAT,1
AATTCGTGAGTACTTG,1
AATTCGTGAGTTCTAG,1
AATTCTTGAGTACTAG,1
AATTGAACGTCATAAC,1
AATTGAATGTCATACC,1
AATTGGTGTCTCCCTT,1
AATTTAACGTCATACC,1
AATTTAGTAGACCCAC,1
AATTTATACGAGAGCG,1
AATTTATCCTAGAGCG,1
AATTTATCTACACCGG,1
AATTTATTCGAGAGCG,1
AATTTTTATAACTTGC,1
ACAAAATCTCGAGAAG,1
ACAAAGGCTCGAGAAG,1
ACAAAGTCTAAAGAAG,1
ACAAAGTCTCGAGAAC,1
ACAAAGTCTCGAGAAT,1
ACAAAGTCTCGAGAGG,1
ACAAAGTCTCGAGGAG,1
ACAAAGTCTCGATAAG,1
ACAAAGTCTCGGGAAG,1
ACAAAGTCTCTAGAAG,1
ACAAAGTCTGGAGAAG,1
ACAAAGTCTTGAGAAG,1
ACAACCTGAACCATAC,1
ACAACGAGGCTACGTA,1
ACAACGAGGTGTAACC,1
ACAAGAATCGGGGGAC,1
ACAAGATTCGGAGGAC,1
ACAAGATTCGGAGGAT,1
ACAAGATTCGGGAGAC,1
ACAAGATTCGGGGCAC,1
ACAAGATTCGGGGGAG,1
ACAAGATTCGGGGTAC,1
ACAAGATTCGGGTGAC,1
ACAAGATTGGGGGGAC,1
ACAAGGTTCGGGGGAC,1
ACAATATGAACCATAC,1
ACAATATTCGGGGGAC,1
ACAATCTCAACCATAC,1
ACAATCTGAACCGTAC,1
ACAATCTGAACTATAC,1
ACAATCTGAAGCAAAC,1
ACAATCTGAGCCATAC,1
ACACGAATAAGGGAAA,1
ACACGAGTTGGCTGTA,1
ACACGGCTTGGCTGTA,1
ACACGGGGGGGCGGGA,1
ACACGGGGTGGCTGTA,1
ACACGGGTGGGCTGTA,1
ACACGGGTTCGCTGTA,1
ACACGGGTTGGCTGTC,1
ACACGGTTTGGCTGTA,1
ACACTCCACCATTGAG,1
ACACTTTCCAATAGGT,1
ACAGAATCGCAAATTA,1
ACAGGATATATGGCTG,1
ACAGGATTCGGGGGAC,1
ACAGGCCACCATGGAG,1
ACAGGGGTTGGCTGTA,1
ACAGTACGATCTAAGC,1
ACAGTACGATCTACGT,1
ACAGTACGATCTATGC,1
ACAGTACGATCTGCGC,1
ACAGTACTATCTACGC,1
ACAGTATGATCTACGT,1
ACAGTCCACCACTGAG,1
ACAGTCCACCATCGAG,1
ACAGTCCACCATTCAG,1
ACAGTCCACCATTGAA,1
ACAGTCCACCATTGAC,1
ACAGTCCAGCATTGAG,1
ACAGTGCACCATTGAG,1
ACAGTGGAGCCCAACA,1
ACAGTTCACCATTGAG,1
ACAGTTTCCAATAGGT,1
ACATCCCAGGTCCTTT,1
ACATGTCTCCGAGCAA,1
ACATGTTCCAATAGGT,1
ACATTGGCCAATAGGT,1
ACATTTGCCAATAGGT,1
ACATTTTCCAACAGGT,1
ACATTTTCCAATAGCT,1
ACATTTTCCAATAGGA,1
ACATTTTCCAATAGGG,1
ACATTTTCCAATAGTT,1
ACATTTTCCAGTAGGT,1
ACATTTTCCGATAGGC,1
ACCACACCCCTAGCTA,1
ACCAGAAGTCCATGTA,1
ACCAGCAACGAGTTGT,1
ACCAGCAATAAGTTGT,1
ACCAGCAATGAGGTGT,1
ACCAGCAATGAGTTGG,1
ACCAGCGATGAGTTGT,1
ACCAGCGCGGCTCGGG,1
ACCAGCGGTGAGTTGT,1
ACCAGGATAATCGCGC,1
ACCATCTAACAGATAG,1
ACCATTGTACACACCA,1
ACCATTTACTGAAGGG,1
ACCCCCCGAGCTTGGC,1
ACCCCCGAAGCTTGGC,1
ACCCCCGGAGCCTGGC,1
ACCCCCGGAGCTTCGC,1
ACCCCCGGAGCTTGAC,1
ACCCCCGGAGCTTGGG,1
ACCCCCGGGGCTTGGC,1
ACCCGATTTAAAGGCA,1
ACCCTGGCTCGCTAAT,1
ACCGAAAGAATCATCC,1
ACCGAAAGTTGCCAAG,1
ACCGAACGAATCATCC,1
ACCGAAGGAAGCATCC,1
ACCGAAGGAATCATCC,1
ACCGAATAAATCATCC,1
ACCGAATGAACCATCC,1
ACCGAATGAATCATTC,1
ACCGAATGAATCTTCC,1
ACCGAATGAATGATCC,1
ACCGAATGAGTCATCC,1
ACCGAATGCATCATCC,1
ACCGAATGGGGGGTCC,1
ACCGAGTCACGAATAA,1
ACCGATTAACGAATAA,1
ACCGATTCAAGAATAA,1
ACCGATTCACGAATTA,1
ACCGATTCACGAGTAA,1
ACCGATTCACGTATAA,1
ACCGATTCGCGAATAA,1
ACCGATTGAATCATCC,1
ACCGGAAGTTGCCATG,1
ACCGGAAGTTGCCGAG,1
ACCGGAAGTTTCCAAG,1
ACCGGAGGTTGCCAAG,1
ACCGGATGAATCATCC,1
ACCGTTCTACACACCA,1
ACCGTTGTAAACACCA,1
ACCGTTGTACACACCG,1
ACCTATGATTTTCGAG,1
ACCTCCATTAAGATCA,1
ACCTGAAGTTGCCAAG,1
ACCTGAATTAAGTATG,1
ACCTTTACGGATCTCT,1
ACCTTTGCGCGCAGTC,1
ACCTTTGTACACACCA,1
ACGAAAATAGACCGAA,1
ACGACTATAGTTGGCA,1
ACGAGATTCGGGGGAC,1
ACGCAAATAGACCAAA,1
ACGCAAATAGACCGAG,1
ACGCAAATAGACCGAT,1
ACGCAAATAGACCGGA,1
ACGCAAATAGACCGTA,1
ACGCAAATAGACTGAA,1
ACGCAAATAGGCCGAA,1
ACGCAAGTAGACCGAA,1
ACGCCCGTAAGGACTA,1
ACGCGGATTGGCTGTT,1
ACGGATGATTTGCGAG,1
ACGGGGAACGGGAAGC,1
ACGGGGATGGGCTGTT,1
ACGGGGATTAGCTGTT,1
ACGGGGATTGGCTGTC,1
ACGGGGATTGGCTGTG,1
ACGGGGCCTCATAATG,1
ACGGGGCTCCGAGCAA,1
ACGGGGGGGGGCGGGT,1
ACGGTTTTACGTCCAT,1
ACGTAAATAGACCGAA,1
ACGTACGATTTTCGAG,1
ACGTATAATTTTCGAG,1
ACGTATGACTTTCGAG,1
ACGTATGATCTTCGAG,1
ACGTATGATTTTCAAG,1
ACGTATGATTTTCGTG,1
ACGTATGATTTTGGAG,1
ACGTCCATAAAGATCA,1
ACGTCCATTAAGATCT,1
ACGTCCATTGAGATCA,1
ACGTCCGTTGGGAACT,1
ACGTCTCTCCGAGCAA,1
ACGTCTCTCTGAGCAA,1
ACGTGCGCGGCTCGGG,1
ACGTGTCTCCGAGCAT,1
ACGTGTCTCCGTGCAA,1
ACGTGTCTCGGAGCAA,1
ACGTGTGATTTTCGAG,1
ACGTTCATTAAGATCA,1
ACGTTTCTCCGAGCAA,1
ACGTTTTCCAATAGGT,1
ACTAAACATGCATTGG,1
ACTAACTCTCGCGGCA,1
ACTACGAGACTACGTA,1
ACTACGAGGCCACGTA,1
ACTACGAGGCTACGAA,1
ACTACGAGGCTACGTT,1
ACTACGAGGCTACTTA,1
ACTAGATTATAACGTA,1
ACTAGGAGGCTACGTA,1
ACTAGGGCTACGTGAG,1
ACTATCATATCTAATA,1
ACTATTTGCGCTTCAA,1
ACTCAGGCTCGCTAAT,1
ACTCCGGCTCGCTAAT,1
ACTCGGGCTCGCTAAT,1
ACTCTCTAGAAATTTT,1
ACTCTGGATCGCTAAT,1
ACTCTGGCTAGCTAAT,1
ACTCTGGCTCACTAAT,1
ACTCTGGCTCCCTAAT,1
ACTCTGGCTCGCTAAC,1
ACTCTGGCTCGCTAAG,1
ACTCTGGCTCGCTGAT,1
ACTCTGGCTCTCTAAT,1
ACTCTGTCTCGCTAAT,1
ACTGGAAGTTGCCAAG,1
ACTGGCTAGAAATTTT,1
ACTGTACGATCTACGC,1
ACTGTCGAGAAATGTT,1
ACTGTCTAAAAATTTT,1
ACTGTCTACAAATTTT,1
ACTGTCTAGAAAAGCA,1
ACTGTCTAGAAATCTT,1
ACTGTCTAGAAATTCT,1
ACTGTCTAGAAATTTA,1
ACTGTCTAGAAGTTTT,1
ACTGTCTAGGAATTTT,1
ACTGTCTCTAAATTTT,1
ACTGTTGTACACACCA,1
ACTGTTTAGAAATTTT,1
ACTTGGGGTCTCCCTT,1
ACTTTGGCTCACTAAT,1
ACTTTGGCTCGCTAAT,1
AGAAAAACTCAGATAC,1
AGAAAAGCTCAGATAC,1
AGAAAATCGCAGATAC,1
AGAAAATCTCAGACAC,1
AGAAAATCTCAGATCG,1
AGAAAATTTCAGATAC,1
AGAAACACGTCCCAGT,1
AGAAAGTCTCAGATAC,1
AGAAGACATTACAAAT,1
AGAAGATCTCAGATAC,1
AGAAGATTCGGGGGAC,1
AGAATATGGATATGTG,1
AGACACGAGGTTGTGA,1
AGACACGTAGGGGCCA,1
AGACCATCGTACCCAA,1
AGACCATTGCACCCAA,1
AGACGTTTAGATAGTT,1
AGAGAATCGCAAATTA,1
AGAGCTAAAAAGGGGA,1
AGAGCTAAAGAGAGGA,1
AGAGCTGAAAAGAGGA,1
AGAGTCCACCATTGAG,1
AGATACCAGGTCCTTT,1
AGATCCACACTATAGT,1
AGATCCACCCTATGGT,1
AGATCCCAGATCCTTT,1
AGATCCCAGCTCCTTT,1
AGATCCCAGGTCATTT,1
AGATCCCAGGTCCGTG,1
AGATCCCAGGTCCTCT,1
AGATCCCAGGTCCTTC,1
AGATCCCAGGTTCTTT,1
AGATCCCTGGTCCTTT,1
AGATCCGAGGTCCTTT,1
AGATCCGCCCTATAGT,1
AGATCGACCCTATAGT,1
AGATCGCAGGTCCTTT,1
AGATCTTTTACATTTA,1
AGATTCACCCTATAGT,1
AGATTCAGACTCTTGC,1
AGATTTTCCAATAGGT,1
AGCACGTAGAACCGCC,1
AGCAGAGGGATAGGTG,1
AGCAGCAATGAGTTGT,1
AGCAGCGAACAGATAG,1
AGCAGCTAACAGATAG,1
AGCATACGGATATGTG,1
AGCATAGGGATAAGTG,1
AGCATAGGGATATGAG,1
AGCATAGGGATATGTT,1
AGCATCGAACAGATAG,1
AGCATCTAACAGAAAG,1
AGCATCTAACAGACAG,1
AGCATGTAACAGATAG,1
AGCCAATGCTGGGGAT,1
AGCCCATCCTGGAATG,1
AGCCCATGCCGGGGAT,1
AGCCCATGCTCGGGAT,1
AGCCCATGCTGCGGAT,1
AGCCCATGCTGGGAAT,1
AGCCCATGCTTGGGAT,1
AGCCCATTCTGGGGAT,1
AGCCCCGGAGCTTGGC,1
AGCCCCTGGGGTATCA,1
AGCCCGTGCTGGGGAT,1
AGCCGAATTAAGTATG,1
AGCCGTTTAGATAGTT,1
AGCGACAGCGCCCTTT,1
AGCGACATCGCCCTCT,1
AGCGACATCGCCCTGT,1
AGCGACATCGGCCTTT,1
AGCGACATTGCCCTTT,1
AGCGAGATCGCCCTTT,1
AGCGATTCACGAATAA,1
AGCGGTGGTCGATCCG,1
AGCTACAAACAGTAAG,1
AGCTACATCGCCCTTT,1
AGCTCAATTAAGTATG,1
AGCTCATGCTGGGGAT,1
AGCTCCATAGGCATGG,1
AGCTCCTAGGGTATCA,1
AGCTCCTGGCGTATCA,1
AGCTCCTGGGATATCA,1
AGCTCCTGGGCTATCA,1
AGCTCCTGGGGCATCA,1
AGCTCCTGGGGGAGCA,1
AGCTCCTGGGGTATGA,1
AGCTCGTGGGGTATCA,1
AGCTGAAGTAAGTAGG,1
AGCTGAATTAAATATG,1
AGCTGAATTAAGGAGG,1
AGCTGAATTAAGTATA,1
AGCTGAATTAGGTATG,1
AGCTGAATTGAGTATG,1
AGCTGCGTTCATCGAT,1
AGCTGGATTAAGTATG,1
AGCTTCAGACTCTTGC,1
AGCTTCCGTCGCCTGA,1
AGCTTCTGGGGTATCA,1
AGGAAAGAAACTAGAG,1
AGGAAAGAAACTGAAG,1
AGGAAAGAAACTGTAG,1
AGGAAAGAAATTGGAG,1
AGGAAAGAGACTGGAG,1
AGGAAAGGAACTGGAG,1
AGGAATCGTCACCGAT,1
AGGACCGTAAGGACTA,1
AGGACTACAGTTGGCA,1
AGGACTAGAGTGGGCA,1
AGGACTATAGATGGCA,1
AGGACTATAGGTGGCA,1
AGGACTATAGTCGGCA,1
AGGACTATAGTGGGCA,1
AGGACTATAGTTAGCA,1
AGGACTATAGTTGACC,1
AGGACTATAGTTGGCG,1
AGGACTATAGTTGGGA,1
AGGACTATAGTTTGCA,1
AGGACTATGAAGAGCG,1
AGGAGTACGAAGAGCG,1
AGGAGTAGGAAGGGTG,1
AGGAGTATGAAAAGCG,1
AGGAGTATGACGAGCG,1
AGGAGTATTAAGAGCG,1
AGGATGTGGGATTCAA,1
AGGATTATGAAGAGCG,1
AGGATTTGCGCGTCAA,1
AGGCAAATAGACCGAA,1
AGGCACGTAAGGACTA,1
AGGCCATGCTGGGGAT,1
AGGCCCGGAAGGACTA,1
AGGCCCGTAAGGAATA,1
AGGCCCGTAAGGACTG,1
AGGCCCGTAAGGACTT,1
AGGCCCGTAAGGGCTA,1
AGGCCCGTAGGGACTA,1
AGGCCCGTGAGGACTA,1
AGGCCCTTAAGGACTA,1
AGGCGGTTAGATAGGT,1
AGGCGTTTAGATAGTT,1
AGGGCCGTAAGGACTA,1
AGGGCTATAGTTGGCA,1
AGGGGAGTGGAGAAAC,1
AGGGGGATTGGCTGTT,1
AGGGGGCCTCATAATG,1
AGGGTCAGACTCTTGC,1
AGGGTGGAATAGGCGA,1
AGGGTTGGCGTGGTTA,1
AGGTCCATTAAGATCA,1
AGGTGAATTAAGTATG,1
AGGTGGAAGGGCATGG,1
AGGTGGACGGGCATGC,1
AGGTGGACGGGCATTG,1
AGGTGGGGTCTCCCTT,1
AGGTGTACGGGCATGG,1
AGGTGTATGAAGAGCG,1
AGGTGTCTCCGAGCAA,1
AGGTTAGTAGACCCAC,1
AGGTTCAGAATCTTGC,1
AGGTTCAGACCCTTGC,1
AGGTTCAGACTCGTGC,1
AGGTTCAGACTCTTCC,1
AGTAAACAGGCAGTGG,1
AGTAAACAGGCATTGG,1
AGTAAACATACATTGG,1
AGTAAACATGCATTCG,1
AGTAAACATGCATTTG,1
AGTAAACATGCGTTGG,1
AGTAAACATGGATTGG,1
AGTAAACATTCATTGG,1
AGTAAACGTGCATTGG,1
AGTAAAGAAACTGGAG,1
AGTAAATATGCATTGG,1
AGTAAGCATGCATTGG,1
AGTACTATAGTTGGCA,1
AGTACTTGCGCTTCAA,1
AGTAGATGATAACGTA,1
AGTAGGGCTACGTGAG,1
AGTAGTATGAAGAGCG,1
AGTATATGCGCTTCAA,1
AGTATTGAATAGGCGA,1
AGTATTGGCGCTTCAA,1
AGTATTTGCGCATCAA,1
AGTATTTGCGCGGCAA,1
AGTCCTACCCTCAAAT,1
AGTCGCTGGCACCCTT,1
AGTCGGTGAGATAGTT,1
AGTCGTGTAGATAGTT,1
AGTCGTTAAGATAGTT,1
AGTCGTTGAGAGAGGT,1
AGTCGTTGAGAGAGTT,1
AGTCGTTGAGATAGTT,1
AGTCGTTTAGAAAGTT,1
AGTCGTTTAGATAATT,1
AGTCGTTTAGATATTT,1
AGTCTTGAATAGGCGA,1
AGTGAACATGCATTGG,1
AGTGACATCGCCCTTT,1
AGTGATCCCCTCCAAC,1
AGTGCTGAATAGGCGA,1
AGTGGTGGCTTGGTTA,1
AGTGGTTTAGATAGTT,1
AGTGTAGGCTTGGTTA,1
AGTGTCTAGAAATTTT,1
AGTGTGGGCTTGGTTA,1
AGTGTTGAACAGGCGA,1
AGTGTTGAATAGGCCA,1
AGTGTTGACTTGGTTA,1
AGTGTTGCCTTGGTTA,1
AGTGTTGGCTAGGTTA,1
AGTGTTGGCTTGGCTA,1
AGTGTTGGCTTGGTGA,1
AGTGTTGGCTTGGTTG,1
AGTGTTGGGGAGAGTC,1
AGTGTTGGTTTGGTTA,1
AGTGTTGTCTTGGTTA,1
AGTGTTTGCGCTTCAA,1
AGTTCCACAGGCATGG,1
AGTTCCAGAGGCATGG,1
AGTTCCATAGGAATGG,1
AGTTCCATAGGCAGGG,1
AGTTCCATAGGCATAG,1
AGTTCCATAGGCATTG,1
AGTTCCATAGTCATGG,1
AGTTCCATATGCATGG,1
AGTTCCATCGGCATGG,1
AGTTCGTGAGTACTAG,1
AGTTCTATAGGCATGG,1
AGTTGAGCCAGTCTGA,1
AGTTGAGGTCTCCCTT,1
AGTTGGACGGGCATGG,1
AGTTGGAGTCTCCCTT,1
AGTTGGCGTCTCCCTT,1
AGTTGGGCTCTCCCTT,1
AGTTGGGGTCTCCCAT,1
AGTTGGGGTCTCCCTA,1
AGTTGGGGTCTCCCTG,1
AGTTGGGGTCTCCGTT,1
AGTTGGGGTCTCTCTT,1
AGTTGGGGTCTTCCTT,1
AGTTGGGGTTTCCCTT,1
AGTTTCTATAACTTGC,1
AGTTTTTATAACTTGA,1
ATAAAAAAAACTTAGT,1
ATAAAGTCTCGAGAAG,1
ATAACATTTGTGCAAA,1
ATAACGCTTGTGCAAA,1
ATAACGTCTGTGCAAA,1
ATAACGTGTGTGCAAA,1
ATAACGTTTGTCCAAA,1
ATAACGTTTGTGCATA,1
ATAACGTTTGTGGAAA,1
ATAACGTTTTTGCAAA,1
ATAACTGAGGGCAGTG,1
ATAACTGAGGGCATAG,1
ATAACTGAGGGCATAT,1
ATAACTGAGGGCATCG,1
ATAAGCAAAGTTGACC,1
ATACAAAAAACTTAGT,1
ATACACGAAGTTGTGA,1
ATACACGAGGATGTGA,1
ATACACGAGGGTGTGA,1
ATACACGAGGTTGTGT,1
ATACACGAGGTTTTGA,1
ATACACGAGTTTGTGA,1
ATACACGCAAGTGCCA,1
ATACACGCATGAGCCA,1
ATACACGCATGCGCCA,1
ATACACGCATGGGCCA,1
ATACACGCGTGTGCCA,1
ATACACGGGGTTGTGA,1
ATACACGTATGTGCCA,1
ATACCATCGCACCCAA,1
ATACGAATTTGATTCC,1
ATACGCGAGGTTGTGA,1
ATACGGGTTGGCTGTA,1
ATAGAAAATCATCCGC,1
ATAGAAAATTAGCCGC,1
ATAGAAAATTATCCAC,1
ATAGAAAATTATCCCC,1
ATAGAAAATTATCCGT,1
ATAGAAAATTGTCCGC,1
ATAGAACCGCAAATTA,1
ATAGAACTGCGGCCCC,1
ATAGAATATATGGCTG,1
ATAGAATCCCAAATTA,1
ATAGAATCGCAAAGTA,1
ATAGAATCGCAAATAA,1
ATAGAATCGCAAATTG,1
ATAGAATCGCAAGTTA,1
ATAGAATCGTAAATTA,1
ATAGACGAGGTTGTGA,1
ATAGAGTCGCAAATTA,1
ATAGGAAATATGGCTG,1
ATAGGAAATTATCCGC,1
ATAGGACATATGGCTG,1
ATAGGATACATGGCTG,1
ATAGGATAGATGGCTG,1
ATAGGATATATGGGTG,1
ATAGGATATGTGGCTG,1
ATAGGATTTATGGCTG,1
ATAGGGTATATGGCTG,1
ATATAAAAAACCTAGT,1
ATATAAAAAACGGAGT,1
ATATAAAAAACGTAGT,1
ATATAAAAAACTTGGT,1
ATATAAAATTATCCGC,1
ATATAATCGCAAATTA,1
ATATCCACCCTATAGT,1
ATCAATGTCGTAGGAT,1
ATCAGAAGTCCATGTA,1
ATCAGCAATGAGTTGT,1
ATCAGGATAATAGCGC,1
ATCAGGATAATCGCCC,1
ATCAGGATAATGGCGC,1
ATCAGGATAATTGCGC,1
ATCATCATATCTAATA,1
ATCCCCGGAGCTTGGC,1
ATCCGATTTAAAAGCA,1
ATCCGATTTAAAGACA,1
ATCCGTACCGCGTTTA,1
ATCGATTCACGAATAA,1
ATCGCCGCTAATCCGA,1
ATCTCCTGGGGTATCA,1
ATCTGAATTAAGTATG,1
ATCTTACGCTCCTACG,1
ATGAAAGAAACTGGAG,1
ATGAACTTGTCGATAT,1
ATGAGATTGGAGAAAC,1
ATGAGGGCTACGTGAG,1
ATGAGTATGAAGAGCG,1
ATGATTGATTGAAGTT,1
ATGATTTTACGTCCAT,1
ATGCAATTGAAACATA,1
ATGCCCCACGGGCATA,1
ATGCCGAATGGGGGAG,1
ATGCGATTGTCCGGAA,1
ATGCTCCTGAGTAGTA,1
ATGGACCACGGGCATA,1
ATGGCATTGGAGAAAC,1
ATGGCCAACGGGCATA,1
ATGGCCCAAGGGCATA,1
ATGGCCCACGAGCATA,1
ATGGCCCACGGACATA,1
ATGGCCCACGGGCACA,1
ATGGCCCACGGGCAGA,1
ATGGCCCACGGGCGTA,1
ATGGCCCACGGTCATA,1
ATGGCCGACGGGCATA,1
ATGGCTTTACGTCCAT,1
ATGGGATAGGAGAAAC,1
ATGGGATTAGAGAAGC,1
ATGGGATTGGAAAAAC,1
ATGGGATTGGAGAACC,1
ATGGGATTGGAGACAC,1
ATGGGATTGGAGGAAC,1
ATGGGCACTAAATTAA,1
ATGGGGATTGGCTGTT,1
ATGGGGCCTCATAATG,1
ATGGGGTTGGAGAAAC,1
ATGGTATTGGAGAAAC,1
ATGGTCCACGGGCATA,1
ATGGTTCTACGTCCAT,1
ATGGTTTGACGTCCAT,1
ATGGTTTTACCTCCAT,1
ATGGTTTTACGTCCAG,1
ATGGTTTTACGTCCTT,1
ATGGTTTTACGTCTAT,1
ATGTAAAAAACTTAGT,1
ATGTAAATTCGAGGAC,1
ATGTATCAGTCGCGCC,1
ATGTATGATTTTCGAG,1
ATGTCCATTAAGATCA,1
ATGTCCCACGGGCATA,1
ATGTTCAGACTCTTGC,1
ATGTTTCTATGGCTAC,1
ATTACTGCGCGAGAGT,1
ATTAGATGATAACGTA,1
ATTAGATTAGAACGTA,1
ATTAGATTATAAAGTA,1
ATTAGATTATAACATA,1
ATTAGATTATAACGCA,1
ATTAGATTATAACGTG,1
ATTAGATTATGACGTA,1
ATTAGGCCTACGTGAG,1
ATTAGGGATGCGTGAG,1
ATTAGGGCAACGTGAG,1
ATTAGGGCCACGTGAG,1
ATTAGGGCGACGGGAG,1
ATTAGGGCGACGTGAG,1
ATTAGGGCTAAGTGAG,1
ATTAGGGCTACGTAAG,1
ATTAGGGCTACGTCAG,1
ATTAGGGCTACGTGAT,1
ATTAGGGCTACGTGCG,1
ATTAGGGCTACGTGGG,1
ATTAGGGCTACTTGAG,1
ATTAGGGCTAGGTGAG,1
ATTAGGGCTGCTTGAG,1
ATTAGGGCTGTGTGAG,1
ATTAGGTATTACATGC,1
ATTAGTGCTACGTGAG,1
ATTATATTATAACGTA,1
ATTATCATATATAATA,1
ATTATCATATCTAAAA,1
ATTATCATATCTAGTA,1
ATTATCATATCTGTGG,1
ATTATCATATTTAATA,1
ATTATCATGTCTAATA,1
ATTATTATATCTAATA,1
ATTATTATGACTTCAT,1
ATTCCGAACGGGGTAG,1
ATTCCGAATGGCGTAG,1
ATTCCGAATGGGGTAC,1
ATTCCGAATTGGGTAG,1
ATTCGATTTAAAGGCA,1
ATTCGCTGGCACCCGT,1
ATTCGGAATGGGGTAG,1
ATTCGGGCTACGTGAG,1
ATTGAAACAATCGAAC,1
ATTGCCCACGGGCATA,1
ATTGGATATATGGCTG,1
ATTGTCTAGAAATTTT,1
ATTGTTGAATAGGCGA,1
ATTGTTGGCTTGGTTA,1
ATTTAAAGTCGAGGAC,1
ATTTAAATCCGAGGAC,1
ATTTAAATTCAAGGAC,1
ATTTAAATTCGAGAAC,1
ATTTAAATTCGAGCAC,1
ATTTAAATTCGAGGAT,1
ATTTAAATTCGAGGTC,1
ATTTAAGTTCGAGGAC,1
ATTTACTCATTACACG,1
ATTTACTCATTAGACG,1
ATTTAGATTCGAGGAC,1
ATTTCTCTATGGCTAC,1
ATTTTTCTACGGCTAC,1
ATTTTTCTATGGCTAT,1
ATTTTTCTATGGCTGC,1
ATTTTTCTATTGCTAC,1
CAAAAACATTACAAAT,1
CAAAAAGCCTCCATGA,1
CAAAACACGTCCCAGT,1
CAAAAGCAGCACGAGA,1
CAAAAGCAGCACGATG,1
CAAAAGCAGCATGATA,1
CAAAAGCTGCATTAGG,1
CAAAATCGACGGCGAC,1
CAAAATCTACGACGAC,1
CAAAATCTACGGCAAC,1
CAAAATCTACGGCCAC,1
CAAAATCTACGGCCCC,1
CAAAATCTACGGCGAT,1
CAAAATCTACGGCGTC,1
CAAAATCTACGGCTAC,1
CAAAATCTACGGGGAC,1
CAAAATCTACGGTGAC,1
CAAACACAAAAAATTA,1
CAAACGCTGCATTAGG,1
CAAAGGCAGCACGATA,1
CAAAGGCGGCAGTAGG,1
CAAAGTCTACGGCGAC,1
CAAATGCGGCAGTAGG,1
CAAATGCTCCATTAGG,1
CAAATGCTGCAGGAGG,1
CAAATGCTGCATAAGG,1
CAAATGCTGCATTAAG,1
CAAATGCTGCGGAACG,1
CAAATGCTGCGGTAGG,1
CAAATTCTTCATTAGG,1
CAACTAGAAATACATA,1
CAACTAGGATCGCACT,1
CAACTCCACGGACGCC,1
CAAGATCTACGGCGAC,1
CAAGTAGAAAGACATA,1
CAATAAGCCAGCAAGA,1
CAATAGATGTACAGTC,1
CAATCTTTACGAAAAA,1
CAATTACAAATACATA,1
CAATTAGAAAGACAGA,1
CAATTAGAAATACAAA,1
CAATTCGCCGTTCCCA,1
CAATTTAACAGACGTA,1
CAATTTGCCGTTCCCC,1
CACAAAAGGGACATAT,1
CACAACCTCGTTGTCT,1
CACAGACAATAAAAAG,1
CACAGGCAATAAAAAA,1
CACATACCGACGCAGT,1
CACATAGGATCGCACT,1
CACCAATCTGCGAACT,1
CACCAATCTTCAAACT,1
CACCAATCTTCGAGCT,1
CACCAATCTTCGGACT,1
CACCAATCTTGGAACT,1
CACCAGATGTACAGTC,1
CACCATCAGCACCAAG,1
CACCATCAGCACCGAT,1
CACCATTAGCACCTAG,1
CACCGAGCCGAGCACC,1
CACCGAGGATCGCACT,1
CACCGCACCGAGCACC,1
CACCGCGCCGAGAACC,1
CACCGCGCCGAGCAAC,1
CACCGCGCCGAGCACA,1
CACCGCGCCGATTACC,1
CACCTAGGAGCGCACT,1
CACCTAGGATCGAACT,1
CACCTAGGATCGCACC,1
CACCTAGGATCTCACT,1
CACCTAGGATTGCACT,1
CACCTATGATCGCACT,1
CACCTCCTCTAAAGTT,1
CACCTCGCCGAGCACC,1
CACCTGGGATCGCACT,1
CACCTTGGATCGCACT,1
CACGACAAACAGTAAG,1
CACGGCAGGCGAACTC,1
CACGGCCCGCGAACTC,1
CACGGCCGGCGAACAC,1
CACGGCCGGCGAACGC,1
CACGGCCGGCGAATTC,1
CACGGCCGGCTAACTC,1
CACGGCCGTCGAACTC,1
CACGGGATAATGTCTC,1
CACGGGCGAATGTCTC,1
CACGGGCTAACGTCTC,1
CACGGGCTAATATCTC,1
CACGGGCTAATGGCTC,1
CACGGGCTAATGTCCC,1
CACGGGCTAATGTCGC,1
CACGGGCTAATGTCTA,1
CACGGGCTAATGTCTT,1
CACGGGGTAATGTCTC,1
CACGGTCTAATGTCTC,1
CACTAGATGGACAGTC,1
CACTAGATGTACACTC,1
CACTAGATTTACAGTC,1
CACTAGGTGTACAGTC,1
CACTGAGACGCGCAAG,1
CAGAAAGTGATGAAAA,1
CAGAACCACGTTGTCT,1
CAGAACCTCGTCGTCT,1
CAGAACCTCGTTGCCT,1
CAGAACCTCGTTGTGT,1
CAGAACCTGCAGTTGA,1
CAGAACTTCGTTGTCT,1
CAGAAGCTCGTTGTCT,1
CAGAATCTACGGCGAC,1
CAGACAGTGATGAACA,1
CAGACTCTAGAGCTCT,1
CAGAGCTGCAGAAGCG,1
CAGATAAGATAGAGAC,1
CAGATAGTGATCAACA,1
CAGATAGTGATGAAAA,1
CAGATAGTGATGAACG,1
CAGATAGTGATGAACT,1
CAGATAGTGATGAATA,1
CAGATAGTGATGGACA,1
CAGATAGTGATTAACA,1
CAGATATTGATGAACA,1
CAGATGGTGATGAACA,1
CAGATTATATAGAGAC,1
CAGCATTAGCGGGAGG,1
CAGGAAATGTAAATGA,1
CAGGAATCTCCCATAC,1
CAGGCCCTAGAGCTCT,1
CAGGCTAGAGAGCTCT,1
CAGGCTCGAGAGCTCT,1
CAGGCTCTAGAACTCT,1
CAGGCTCTAGAGCCCT,1
CAGGCTCTAGAGCTCG,1
CAGGCTCTAGAGTTCT,1
CAGGCTCTAGGGCTCT,1
CAGGGGCTCGTTGTCT,1
CAGGTGGAGCCCAACA,1
CAGGTTCTAGAGCTCT,1
CAGTAGTTGTCATGTG,1
CAGTAGTTGTCATTGG,1
CATAAAAGACTGGATA,1
CATAAAAGACTTTATA,1
CATAAAGGACTGTATA,1
CATACAAAGTTTGTTG,1
CATACAGAGTCTGTTG,1
CATACAGAGTTTGTCT,1
CATACAGAGTTTGTTA,1
CATACGGAGTGTGTGG,1
CATAGAGAGTTTGTTG,1
CATAGGAATTGCCACT,1
CATATGCTGCATTAGG,1
CATCATCAGCACCTAG,1
CATCGCGCCGAGCACC,1
CATGCGGAGCCCAACA,1
CATGGAGACGCGCAAG,1
CATGGGAATTGCCACA,1
CATGGGAATTGCCACG,1
CATGGGAATTGCCTCT,1
CATGGGAATTTCCACT,1
CATGGGCTAATGTCTC,1
CATGGGGATTGCCACT,1
CATGGTAATTGCCACT,1
CATGTCGTATCCACAG,1
CATGTCTGAGGAATTG,1
CATGTGAATTCGCCAA,1
CATGTGAATTGCCACT,1
CATGTGCAGCCCAACA,1
CATGTGGACCCCAACA,1
CATGTGGAGCCCAACC,1
CATGTGGAGCCCAACT,1
CATGTGGAGCCCAAGA,1
CATGTGGAGCCCAATA,1
CATGTGGAGCCGAACA,1
CATGTGGAGCTCAACA,1
CATGTGGGGCCCAACA,1
CATGTTGAGCCCAACA,1
CATTCAGACGCGCAAG,1
CATTGAGACACGCAAG,1
CATTGAGACCCGCAAG,1
CATTGAGACGCGCATC,1
CATTGAGATGCGCAAG,1
CATTGATACGCGCAAG,1
CATTGGAATTGCCACT,1
CATTTATGATGAATTG,1
CATTTCTGATGAACTG,1
CATTTCTGATGAATTC,1
CATTTCTGGTGAATTG,1
CATTTGTGATGAATTG,1
CCAAAACATTACAAAT,1
CCAACAAAAAAAATTA,1
CCAACACAAAAAAATA,1
CCAACACAAAAAACTA,1
CCAACACAAAAAAGGA,1
CCAACACAAAAAATTT,1
CCAACACAAAAATTTA,1
CCAACACGAAAAATTA,1
CCAAGCCTGGCGCATC,1
CCAAGCTCGGCGCATC,1
CCAAGCTGGGCGCAGC,1
CCAAGCTTCGCGCATC,1
CCAAGCTTGACGCATC,1
CCAAGCTTGCCGCATC,1
CCAAGCTTGGCGCACC,1
CCAAGCTTGGCGCTTC,1
CCAAGCTTGGCGGATC,1
CCAAGCTTGGGGCATC,1
CCAAGTTTGGCGCATC,1
CCAATACAAAAAATTA,1
CCAATCGGGGGCTAAA,1
CCAATCTGAACCATAC,1
CCACGCACGTTTAGAG,1
CCAGCACAAAAAATTA,1
CCAGGGTTAAGTTGTG,1
CCATAAACCGTTTGTA,1
CCATCCTCAACTCCTA,1
CCATTTAACAGACGTA,1
CCCAAATAATTGGCGC,1
CCCAATGAAATAAGCT,1
CCCCACCTCTAAAGTT,1
CCCCAGCTGTTTAAAA,1
CCCCCACTGTTTAAAA,1
CCCCCCCTCTAAAGTT,1
CCCCCCCTGTTTAAAA,1
CCCCCGCCGTTTAAAA,1
CCCCCGCTGTTTAAAG,1
CCCCTCCTATAAAGTT,1
CCCCTCCTCTAAAGCT,1
CCCCTCCTCTAAGGTT,1
CCCGGGAGCAAAACTG,1
CCCGTTACGGATCTCT,1
CCCTATGAAACAAGCT,1
CCCTATGAAATAAACT,1
CCCTATGAAATAACCT,1
CCCTATGAAATAGGCT,1
CCCTATGAGATAAGCT,1
CCCTATGTAATAAGCT,1
CCCTCCGCGGCTCGGG,1
CCCTCCTCAAGGGTAG,1
CCCTGCCCGGCTCGGG,1
CCCTGCGAGGCTCAGG,1
CCCTGCGCGGCGCGGG,1
CCCTGCGCGGCTCCGG,1
CCCTGCGCGGCTGGGG,1
CCCTGCGCGGGTCGGG,1
CCCTGCGCGGTAAGAG,1
CCCTGCGCGGTTCGGG,1
CCCTGTGAAATAAGCT,1
CCCTTTACGGACCTCT,1
CCCTTTACGGATCACT,1
CCCTTTACGGATCCCT,1
CCCTTTACGGATCTCA,1
CCCTTTACGGGTCTCT,1
CCCTTTGCGGATCTCT,1
CCGAATAAATCAGAAC,1
CCGACCCTAGATGGTA,1
CCGAGCTTGGCGCATC,1
CCGAGCTTGGCGCGTC,1
CCGCATAAATCAGAAC,1
CCGCATTAGCGGGAGT,1
CCGCATTAGCGTGAGG,1
CCGGACAAATCAGAAC,1
CCGGAGAAAGCAGAAC,1
CCGGAGAAATCAGAAC,1
CCGGATAAATCAGAGC,1
CCGGATAAATCAGGAC,1
CCGGATAAATGAGAAC,1
CCGGATAAGTCAGAAC,1
CCGGGACAAGATTGTA,1
CCGTCCGTTGGGAACT,1
CCGTCGGGACTCATCT,1
CCGTGCGCGGCTCGGG,1
CCTACAGAATACTAGA,1
CCTAGGTATTATATGC,1
CCTGGATGCATTCCCG,1
CCTGGATTAAGTTGTG,1
CCTGGGTCAAGTTGTG,1
CCTGGGTGAAGGGGTG,1
CCTGGGTTAAGATGTG,1
CCTGGGTTAAGCTGTG,1
CCTGGGTTAAGTTATG,1
CCTGGGTTAGGTTGTG,1
CCTTAAATTATAGTCT,1
CCTTAATGCATTCCCG,1
CCTTAGAGTGAACGAT,1
CCTTGAGACGCGCAAG,1
CCTTGATCCATTCCCG,1
CCTTGATGCATGCCCG,1
CCTTGATGCATTAACG,1
CCTTGATGCATTGCCG,1
CCTTGATGCGTTCCCG,1
CCTTGATGCTTTCCCG,1
CCTTGCGCGGCTCGGG,1
CCTTTATCAAAACATA,1
CCTTTCTCAAAACGTA,1
CGAAAAACGTCCCAGT,1
CGAAAACACTACAAAT,1
CGAAAACAGGAAAGGG,1
CGAAAACATGACAAAG,1
CGAAAACATTATAAAT,1
CGAAAACATTGCAAAT,1
CGAAACACGGCCCAGT,1
CGAAACACGTACCAGT,1
CGAAACACGTCACAGT,1
CGAAACACGTCCAAGT,1
CGAAACACGTCCCAGC,1
CGAAAGACGTCCCAGT,1
CGAAAGCAGCACGATA,1
CGAAAGCATTACAAAT,1
CGAACCACAGACACGT,1
CGAACCGCAGACAAGT,1
CGAACCGCAGACACAT,1
CGAACCGCAGACACGC,1
CGAACCGCAGAGACGT,1
CGAACCGCATACACGT,1
CGAACCGCGGACACGT,1
CGAACCTCAGACACGT,1
CGAAGCACGTCCCAGT,1
CGAAGCTTGGCGCATC,1
CGAATCGCAGACACGT,1
CGAATTTAAGTATCAA,1
CGACTCCACGGAAGCC,1
CGACTCCACGGACCCC,1
CGACTCCACGGACGAC,1
CGACTCCACGGACGCA,1
CGACTCCACGGACGCT,1
CGACTCCACGGACTCC,1
CGACTCCACGGAGGCC,1
CGACTCCACGGGCGCC,1
CGACTCCACTGACGCC,1
CGAGAACATACATAAC,1
CGAGACACGTCCCAGT,1
CGAGCCGCAGACACGT,1
CGAGGACAAGATTGTA,1
CGAGTCCACGGACGCC,1
CGATAAACCGTTTGTA,1
CGATCGGGACTCATCT,1
CGATCTTGACGAAAAA,1
CGATCTTTACGAAAGA,1
CGCACCTTACGAGACA,1
CGCACGTGACGAGACA,1
CGCACGTTACGAGACA,1
CGCACTTGACGAGACA,1
CGCACTTGACGAGGCA,1
CGCACTTTACGAAACA,1
CGCACTTTACGAGATA,1
CGCACTTTACGAGGCA,1
CGCACTTTACGGGACA,1
CGCAGCATTGGTCACC,1
CGCAGCATTGGTCGAC,1
CGCAGCATTGGTCGCT,1
CGCAGCATTGTTCGCC,1
CGCAGCATTTGTCGCC,1
CGCAGCGCGGTAAGAG,1
CGCCGCGCCGAGCACC,1
CGCGACACCCATCCGG,1
CGCGACACCCGTCCGG,1
CGCGACACCCTTACGG,1
CGCGACACCCTTCCGA,1
CGCGACACCCTTGCGG,1
CGCGACACCGTTCCGG,1
CGCGGACAAGATTGTA,1
CGGACAGGGAATCAAA,1
CGGACCCGAGAGGGTA,1
CGGACCCTAGAGGGGA,1
CGGACCCTAGATGGTT,1
CGGACCCTATATGGTA,1
CGGACCCTTGATGGTA,1
CGGACCTTAGATGGTA,1
CGGACGGGACTCATCT,1
CGGAGACAAGATTGTA,1
CGGAGCCTAGATGGTA,1
CGGAGCTGCCAAGAAG,1
CGGCAACATACATAAC,1
CGGCCAGGGAATCAAT,1
CGGCCAGGGAATCAGA,1
CGGCCGGGACTCATCT,1
CGGGAAATATAAATGA,1
CGGGAAATGTAAAGGA,1
CGGGAAATGTAAATCA,1
CGGGAACAAGATTGTA,1
CGGGAACACACATAAC,1
CGGGAACAGACATAAC,1
CGGGAACATACATAAA,1
CGGGAACATACATAAT,1
CGGGAACATACATGAC,1
CGGGAACCCTTCAGCA,1
CGGGAAGATACATAAC,1
CGGGAAGTGGAAATGA,1
CGGGAAGTGTAAATGA,1
CGGGAATATACATAAC,1
CGGGAATCTACCATAC,1
CGGGAATCTCCCAGAC,1
CGGGAATCTCCCATAA,1
CGGGAATCTCCCATCC,1
CGGGAATCTCCCTTAC,1
CGGGAATCTCCGATAC,1
CGGGAATCTCTCATAC,1
CGGGAGCATACATAAC,1
CGGGAGGCCTGGCCCC,1
CGGGATAAATCAGAAC,1
CGGGCAGGGAATCAAA,1
CGGGGAAAAGATTGTA,1
CGGGGACAAGAGGGTA,1
CGGGGACAAGAGTGTA,1
CGGGGACAGGATTGTA,1
CGGGGACTGTGGGGGA,1
CGGGGATAAGATTGTA,1
CGGGGGCAAGATTGTA,1
CGGGTACCCTGCAGCA,1
CGGGTACCCTTCAGCA,1
CGGTAAATGTAAATGA,1
CGGTCAGCGATAACGG,1
CGGTCGGAACTCATCT,1
CGGTCGGGAATCATCT,1
CGGTGACAAGATTGTA,1
CGGTGGGGACTCATCT,1
CGTACAGCGTAATCGA,1
CGTACAGGGTAATCGA,1
CGTACAGTGGAATCGA,1
CGTACAGTGTAATCGT,1
CGTACAGTGTAATTGA,1
CGTACAGTTTAATCGA,1
CGTACATATGTCCCAG,1
CGTACGGTGTAATCGA,1
CGTACGTACGTCCCAG,1
CGTACGTATGTACCAG,1
CGTACGTATGTCCAAG,1
CGTACGTATGTCCCAC,1
CGTACGTATGTCCCGG,1
CGTACGTATGTCTCAG,1
CGTACTTTACGAGACA,1
CGTATAGTGTAATCGA,1
CGTCCATCTCAGATCG,1
CGTGAACATACATAAC,1
CGTGACCCCCGCCAAC,1
CGTGACCCCCTCAAAC,1
CGTGACCCCCTCCACT,1
CGTGACCCCCTCGAAC,1
CGTGACCCCTTCCAAC,1
CGTGATCCCCTCCAAC,1
CGTGCACCTTTCAGCA,1
CGTGGACCCTTCAGCA,1
CGTGGGAATTGCCACT,1
CGTGTACCCTTCAGCC,1
CGTGTACCCTTTATCA,1
CGTGTACCGTTCAGCA,1
CGTGTAGCCTTCAGCA,1
CGTGTTGAATAGGCGA,1
CGTGTTGGCTTGGTTA,1
CGTTAACGGACTATCA,1
CGTTAACGGACTATCC,1
CGTTAACGGCATATCC,1
CGTTAACGGCCCATCC,1
CGTTAACGGCCTGTCC,1
CGTTAACTTTGGAAGC,1
CGTTAATGGCCTATCC,1
CGTTCACCGATAACGG,1
CGTTCAGCGACAACGG,1
CGTTCAGCGATAAAGG,1
CGTTCAGCGATAACAG,1
CGTTCAGCGATAACCG,1
CGTTCAGCGATAACGT,1
CGTTCAGCGGTAACGG,1
CGTTGACGGCCTATCC,1
CGTTGAGCGATAACGG,1
CGTTGTAATCTGAATA,1
CGTTTCTGATGAATTG,1
CTAAAATAATTGGCGC,1
CTAAACTTATCTGTGG,1
CTAAACTTGTCGATAT,1
CTAAATGTCGTAGGAT,1
CTAACAGAATACTAGA,1
CTAACTTAAGTATCAA,1
CTAAGGGATTCAACTC,1
CTAAGGTATTATATGC,1
CTAATTAACAGACGTA,1
CTAATTTAAGTACCAA,1
CTAATTTAAGTATCCA,1
CTAATTTAAGTATGAA,1
CTAATTTAAGTATTAA,1
CTAATTTAGGTATCAA,1
CTAATTTAGGTATCGA,1
CTAATTTGAGTATCAA,1
CTAGAGGCCTGGCCCC,1
CTAGCACAGCGAAGGC,1
CTAGCACAGCGTTGTC,1
CTAGCACAGGGTAGGC,1
CTAGCACTGCGTAGGC,1
CTAGCAGAGCGTAGGC,1
CTAGCGCAGCGTAGGC,1
CTAGGATATATGGCTG,1
CTAGTTAACAGACGTA,1
CTATAAACAGTTTGTA,1
CTATAAACCATTTGTA,1
CTATAAACCGTTCGTA,1
CTATAATGCCCGGAAG,1
CTATAGACCGTTTGTA,1
CTATAGTGCCCGGAAG,1
CTATATTCCCCGGAAG,1
CTATATTGCCCGGAAA,1
CTATATTGCCCGGAAC,1
CTATATTGCCCGGTAG,1
CTATATTGCGCGGAAG,1
CTATCTGAATCTACAG,1
CTATCTTAACCTACAG,1
CTATCTTAATCCACAG,1
CTATCTTAATCGACAG,1
CTATCTTAATCTAGAG,1
CTATCTTGATCTACAG,1
CTATCTTGCCCGGAAG,1
CTATCTTTATCTACAG,1
CTATTAGAAATACATA,1
CTATTCAACAGACGTA,1
CTATTTAACAGACCTA,1
CTATTTAACAGACGCA,1
CTATTTAACAGACGTG,1
CTATTTAGCAGACGTA,1
CTCAAAGAATTGGCGC,1
CTCAAATAATTGGGGC,1
CTCAAATAATTGTCGC,1
CTCAAATAATTTGCGC,1
CTCAATATCGTAGGAT,1
CTCAATGCCGTAGGAT,1
CTCAATGTAGTAGGAT,1
CTCAATGTCGCAGGAT,1
CTCAATGTCGTAGAAT,1
CTCAATGTCGTAGGAC,1
CTCAATGTCTTAGGAT,1
CTCAGATAATTGGCGC,1
CTCAGGGATTCAACTC,1
CTCAGGTATTATATGC,1
CTCAGTGTCGTAGGAT,1
CTCCAAGGGGACGATT,1
CTCCAATAATTGGCGC,1
CTCCTAGGATCGCACT,1
CTCCTAGGGGACAATT,1
CTCCTAGGGGACGAGT,1
CTCCTAGGGGACGATG,1
CTCCTAGGGGACGGTT,1
CTCCTAGGGGACGTTT,1
CTCCTAGGGGACTATT,1
CTCCTAGGGGATGATT,1
CTCCTATGGGACGATT,1
CTCCTTGGGGACGATT,1
CTCGATGTCGTAGGAT,1
CTCTAAATTATAGTCT,1
CTCTACCTGCAGTTGA,1
CTCTGCGCGGCTCGGG,1
CTCTTACACTCCTACG,1
CTGAAAAAATCATAAA,1
CTGAACCTGTCGATAT,1
CTGAACTGATCTGTGG,1
CTGAACTGGTCGATAT,1
CTGAACTTACCTGTGG,1
CTGAACTTATCGATAT,1
CTGAACTTATCGGTGG,1
CTGAACTTATTTGTGG,1
CTGAACTTCTCGATAT,1
CTGAACTTGGCGATAT,1
CTGAACTTGTCGATAC,1
CTGAACTTGTCGATAG,1
CTGAACTTGTCGATGT,1
CTGAATTTATCTGTGG,1
CTGAATTTGTCGATAT,1
CTGAGAGATTCAACTC,1
CTGAGCCGCCAATAAG,1
CTGAGCTGAAAATAAG,1
CTGAGCTGCCAATAAT,1
CTGAGCTGTCAATAAG,1
CTGAGCTTATCTGTGG,1
CTGAGGAATTCAACTC,1
CTGAGGCATTCAACTC,1
CTGAGGGATTAAACTC,1
CTGAGGGATTCAATTC,1
CTGAGGGGTTCAACTC,1
CTGCACTTGTCGATAT,1
CTGCATTAGCGGGAGG,1
CTGCCAGGGAATCAAA,1
CTGCGGCTCTTGATTA,1
CTGGAATCTCCCATAC,1
CTGGAGGCCAGGCCCC,1
CTGGAGGCCTAGCCCC,1
CTGGAGGCCTGGCTCC,1
CTGGAGGCTTGGCCCC,1
CTGGATAAATCAGAAC,1
CTGGCACAGCGTAGGC,1
CTGGGATTGGAGAAAC,1
CTGTACCGGCAGTTGA,1
CTGTACCTGCACTTGA,1
CTGTACCTGCAGTTCA,1
CTGTACCTGCGGTTGA,1
CTGTACCTGGAGTTGA,1
CTGTAGCTGCAGTTGA,1
CTGTATTGCTACACAT,1
CTGTGCTGCCAATAAG,1
CTGTGGGATTCAACTC,1
CTGTTTAACAGACGTA,1
CTTAAAAGACTGTATA,1
CTTAATGTCGTAGGAT,1
CTTACACAATACTAGA,1
CTTACAGAACACTAGA,1
CTTACAGAATACCAGA,1
CTTACAGAATACTTGA,1
CTTACAGGATACTAGA,1
CTTACTGCGCCAGAGT,1
CTTACTGCGCGAGAGG,1
CTTACTGCTCGAGAGT,1
CTTAGACATTATATGC,1
CTTAGAGAATACTAGA,1
CTTAGATATTATATGC,1
CTTAGCTATTATATGC,1
CTTAGGTACTACATGC,1
CTTAGGTATGATATGC,1
CTTAGGTATTAAATGC,1
CTTAGGTATTACATGT,1
CTTAGGTATTAGATGC,1
CTTAGGTATTATACGC,1
CTTAGGTATTTTATGC,1
CTTAGGTGTTATATGA,1
CTTAGGTGTTATATGC,1
CTTATATCGAGATTCA,1
CTTCACAGAACCTATC,1
CTTCAGCTCTTGATTA,1
CTTCCGCTCTTGATTA,1
CTTCGGCGCTGGATTA,1
CTTCGGCTCCTGATTA,1
CTTCGGCTCTTGATCA,1
CTTCGGCTCTTGGTTA,1
CTTGGGTTAAGTTGGG,1
CTTTAAAGTATAGTCT,1
CTTTAAATCATAGTCT,1
CTTTAAATGATAGTCT,1
CTTTAAATTACAGTCT,1
CTTTAAATTAGAGTCT,1
CTTTAAATTATAATCT,1
CTTTAAATTATAGTCC,1
CTTTAAATTATAGTGT,1
CTTTAAATTATATTCT,1
CTTTAAATTCGAGGAC,1
CTTTAGATTATAGTCT,1
CTTTCCTAGTACGCTT,1
CTTTGGCTCTTGATTA,1
CTTTTCCAGTACGCTT,1
CTTTTCTAGCACGCTT,1
CTTTTCTAGGACGCTT,1
CTTTTCTAGTACGCCT,1
CTTTTCTAGTACGCGT,1
CTTTTCTGGTACGCTT,1
CTTTTGTATTATATGC,1
GAAAAATAGAACAGAG,1
GAAAATCCCTATGATG,1
GAAACCCCCAAATAAC,1
GAAACGAGGTGTAACC,1
GAAAGCAAAGTTGACC,1
GAAAGCCCCATGCAAT,1
GAAAGCCCCGTACAAT,1
GAAAGCCCCGTGCAAG,1
GAAAGCCCCGTGCGAT,1
GAAAGCCCCGTGGAAT,1
GAAAGCCCCTTGCAAT,1
GAAAGGCCCTATGATG,1
GAAAGTACCTATGATG,1
GAAAGTCACTATGATG,1
GAAAGTCCCCATGATG,1
GAAAGTCCCCATTATG,1
GAAAGTCCCTACGATG,1
GAAAGTCCCTATGAGG,1
GAAAGTCCGTATGATG,1
GAAAGTCCTGATGATG,1
GAAAGTTCCTATGATG,1
GAAATCCACAAATAAC,1
GAAATCCCCAAATAAA,1
GAAATCCCCAAATAAT,1
GAAATCCCCAGATAAC,1
GAAATCCCCGAATAAC,1
GAAATCCGCAAATAAC,1
GAAATCGCCAAATAAC,1
GAAATGCGTATTGAGT,1
GAACAATAGAACAGAG,1
GAACCCATAAGACCCC,1
GAACCCTTGTAAGATG,1
GAAGAAACTAGAACCA,1
GAAGAAACTATAATCA,1
GAAGAAACTATGACCA,1
GAAGAAATTATAACCA,1
GAAGAAGAGAACAGAG,1
GAAGCACGCTGAATGA,1
GAAGGAACTATAACCA,1
GAAGGACGCGGAATGA,1
GAAGGTCCCTATGATG,1
GAAGTAAGCTGAATGA,1
GAAGTACACTGAATGA,1
GAAGTACGCCGAATGA,1
GAAGTACGCGGAATGA,1
GAAGTACGCTGAACGA,1
GAAGTACGCTGAATAA,1
GAAGTACGCTGAATGT,1
GAAGTACGCTGAATTA,1
GAAGTACTGCTGAAGT,1
GAAGTGCGTACTGAGT,1
GAAGTGCGTAGTGAGT,1
GAAGTGCGTATGGAGT,1
GAAGTGCGTATTGACC,1
GAAGTGCGTATTGGGT,1
GAAGTGCTGCATTAGG,1
GAAGTGCTGCTGAAAT,1
GAAGTGTTGTTGAAGT,1
GAAGTTCGTATTGAGT,1
GAAGTTCTGCTGAAGT,1
GAATAAACTATAACCA,1
GAATAAGCCAGCAAGA,1
GAATAATAGAACAAAG,1
GAATAATAGAACAGAA,1
GAATAATAGAACATAG,1
GAATAATAGGACAGAG,1
GAATGATAGAACAGAG,1
GAATTGCGTATTGAGT,1
GAATTGCTGCTGAAGT,1
GACAAAAGGGACAGAG,1
GACAAAAGGGACATGT,1
GACAAAAGGGACATTT,1
GACAAAAGGGAGATAT,1
GACAAAAGGGGCATAT,1
GACAAAAGTGACATAT,1
GACAAAATGGACATAT,1
GACAAGAGGGACATAT,1
GACACAGAACCCATGA,1
GACACAGAACCCATTC,1
GACACGTAGAACCGCC,1
GACAGACAATAAAAAA,1
GACCACCGAGTGACAA,1
GACCCCATGTAAGATG,1
GACCCCTTGTAAAATG,1
GACCGCCATCGACTTC,1
GACCTCTTGTAAGATG,1
GACCTTGCTATGGATC,1
GACGCAGAACCCATGC,1
GACGGAATGGGCACGT,1
GACGGGATCGGCACGT,1
GACGGGATGGACACGT,1
GACGGGATGGCCACGT,1
GACGGGATGGGCACCT,1
GACGGGATGGGCACGA,1
GACGGGATTGGCTGTT,1
GACGGGGGGGGCAGGT,1
GAGAAAAGGGACATAT,1
GAGAGCTCCAGAAGCG,1
GAGAGCTGCAGAAGCC,1
GAGAGCTGCAGAAGTG,1
GAGAGCTGCAGAATCG,1
GAGAGCTGCATAAGCG,1
GAGAGTCCCTATGATG,1
GAGAGTTGCAGAAGCG,1
GAGATTGATTGAAGTT,1
GAGCGCCATCGACTTC,1
GAGCGGTAGAGATACG,1
GAGCTCGCTATGGATC,1
GAGCTTACTATGGATC,1
GAGCTTGCTACGGATC,1
GAGCTTGCTATGGATA,1
GAGCTTGCTATGGATT,1
GAGCTTGCTGTGGATC,1
GAGCTTTCTATGGATC,1
GAGGCGTAGAGATACG,1
GAGGGATTGGAGAAAC,1
GAGGGCTGCAGAAGCG,1
GAGGGGAACGGGAAGC,1
GAGGGGAAGAGATACG,1
GAGGGGACACGTCACC,1
GAGGGGATACCTCACC,1
GAGGGGATACGCCACC,1
GAGGGGATACGTCACG,1
GAGGGGATACGTCGCC,1
GAGGGGATACGTTACC,1
GAGGGGATACTTCACC,1
GAGGGGGAGGGATACG,1
GAGGGGGGGAGATACG,1
GAGGGGGTACGTTACC,1
GAGGGGTACAGATACG,1
GAGGGGTAGAGAGATG,1
GAGGGGTAGAGATCCG,1
GAGGGGTATAGATACG,1
GAGGGGTTGAGATACG,1
GAGGGTATACGTCACC,1
GAGGTGATACGTCACC,1
GAGGTGCTGCTGAAGT,1
GAGGTTGCTATGGATC,1
GAGTAAGAGAAGTGCG,1
GAGTATTGCTACACAT,1
GAGTGATAGAGATACG,1
GAGTGGTAGAGATACG,1
GAGTTTGCTATGGATC,1
GATAAAAGGGACATAT,1
GATAGCCACTGATAAG,1
GATAGCTGCAGAAGCG,1
GATATAGAGTTTGTTG,1
GATCACGGAGAAAAAG,1
GATCATGCAGAAAAGG,1
GATCATGGGGAGAGTC,1
GATCCAAGGGACGGAC,1
GATCCATCTCAGATCG,1
GATCCCCACTGATAAG,1
GATCCCCATCGACTTC,1
GATCGCCACTGAAAAG,1
GATCGCCACTGATAAT,1
GATCGCCACTGATGAG,1
GATCGCCACTTATAAG,1
GATCGCCATCGACTTG,1
GATCGCCATCGATTTC,1
GATCGCCATTGACTTC,1
GATCGCCGTCGACTTC,1
GATCGCGATCGACTTC,1
GATCGTGGGGAGAGTC,1
GATCTTCGGGAGAGTC,1
GATCTTGAGGAGAGTC,1
GATCTTGGAGAGAGTC,1
GATCTTGGGGAAAGTC,1
GATCTTGGGGAGAAAC,1
GATCTTGGGGAGAGAC,1
GATCTTGGGGAGGGTC,1
GATCTTGGGTAGAGTC,1
GATCTTGGTGAGAGTC,1
GATCTTGTGGAGAGTC,1
GATGAAGAGAAGTGCG,1
GATGGCCATCGACTTC,1
GATGGGATACGTCACC,1
GATGTGGAGCCCAACA,1
GATTCAGATCCCCACC,1
GATTCAGATGCACACC,1
GATTCAGATGCCCAAC,1
GATTCAGATGCCCTCC,1
GATTCAGATGCCGACC,1
GATTCAGGTGCCCACC,1
GATTCATATGCCCACC,1
GATTGAGATGCCCACC,1
GATTGGTAGAGATACG,1
GCAAACAATGTAGTTG,1
GCAAACAGGGTAGTTG,1
GCAAACAGTGTAATTG,1
GCAAACAGTGTAGGGG,1
GCAAACAGTGTATTTG,1
GCAAACAGTTTAGTTG,1
GCAAAGTCTCGAGAAG,1
GCAAATAGTGTAGTTG,1
GCAACCAGGTGTAACC,1
GCAACGAGGCGTAACC,1
GCAACGAGGGGGAACC,1
GCAACGAGGTGCAACC,1
GCAACGAGGTGTAACA,1
GCAACGAGGTTTAACC,1
GCAACGAGTTGTAACC,1
GCAACTAGGTGTAACC,1
GCAAGGAGGTGTAACC,1
GCAATGAGGTGTAACC,1
GCAATTTACTGAAGGG,1
GCACCGTGCCGGTCAT,1
GCACGGAACTAACTCC,1
GCAGACAGTGTAGTTG,1
GCAGCAGTCCTAGCAA,1
GCAGCATGCCGGTCAT,1
GCAGCGCGCCGGTCAT,1
GCAGCGTGCCAGTCAT,1
GCAGCGTGCCGATCAT,1
GCAGCGTGCCGGTAAT,1
GCAGCGTGCCGGTCAA,1
GCAGCGTGCCGGTCAG,1
GCAGCGTGCCGGTCGT,1
GCAGCGTGCCGGTTAT,1
GCAGCGTGCCGTTCAT,1
GCAGCGTGCCTGTCAT,1
GCAGCGTGTCGGTCAT,1
GCAGGCGTTAGTGTCA,1
GCAGGGAACTAACTCC,1
GCAGTACGATCTACGC,1
GCAGTGTGCCGGTCAT,1
GCATCCGCAACGCCTA,1
GCATCCTAAACTCCTA,1
GCATCCTCAACTCCGA,1
GCATCCTCAACTCCTT,1
GCATCCTTAACTCCTA,1
GCATCGTGCCGGTCAT,1
GCATCTTCAACTCCTA,1
GCATGGAACTAACACC,1
GCATGGAACTAACTGC,1
GCATGGAACTAAGTCC,1
GCATGGAACTAGCTCC,1
GCATGGGTGTACGAGA,1
GCATTTTCCAATAGGT,1
GCCAACTCGTATCCCT,1
GCCACCTCGTATCCCT,1
GCCAGCGCGGGAAGAG,1
GCCAGCGCGTATCCCT,1
GCCAGCTCGTATACCT,1
GCCAGCTCGTATCACT,1
GCCAGCTCGTATCCTT,1
GCCAGCTCGTATCTCT,1
GCCAGCTGGTATCCCT,1
GCCATTTACTCAAGGG,1
GCCATTTACTGAAAGG,1
GCCATTTACTGAAGAG,1
GCCATTTACTGAAGTG,1
GCCATTTACTGAATGG,1
GCCATTTACTGATGGG,1
GCCATTTACTGGAGGG,1
GCCCCGTGGTTTGACA,1
GCCGAATGAATCATCC,1
GCCGCAGCGGCGTGTG,1
GCCGCTGAGGCGTGTG,1
GCCGCTGCGGCGTGTA,1
GCCGCTGCGGCGTTTG,1
GCCGGCCTTAGTGTCA,1
GCCGGCGCTAGTGTCA,1
GCCGGCGTTAGGGTCA,1
GCCGGCGTTAGTGCCA,1
GCCGGCGTTAGTGTCC,1
GCCGGCGTTAGTGTCG,1
GCCGGCGTTAGTGTCT,1
GCCGGCGTTAGTGTTA,1
GCCGGCGTTAGTTTCA,1
GCCGGCTCGTATCCCT,1
GCCGGCTTTAGTGTCA,1
GCCGTCGTTAGTGTCA,1
GCCGTTGTACACACCA,1
GCCTAAAGGACCATGA,1
GCCTAAAGGATCATGC,1
GCCTAAAGGATCATGT,1
GCCTAAAGGATTATGA,1
GCCTAAAGGGTCATGA,1
GCCTAAAGGTTCATGA,1
GCCTAAAGTATCATGA,1
GCCTACAGGATCATGA,1
GCCTGCGTTAGTGTCA,1
GCCTTCGCGCGCAGTC,1
GCCTTTGCGAGCAGTC,1
GCCTTTGCGCGCACTC,1
GCCTTTGCGCGCAGGC,1
GCCTTTGCGCTCAGTC,1
GCCTTTGCGTGCAGTC,1
GCCTTTGCTCGCAGTC,1
GCCTTTGTGCGCAGTC,1
GCCTTTTCGCGCAGTC,1
GCGAAATTTCATAGCG,1
GCGAACAGTGTAGTTG,1
GCGAACTTTCATAGCG,1
GCGAAGTGTCAGAGCG,1
GCGAAGTTTCAAAGCG,1
GCGAAGTTTCACAGCG,1
GCGAAGTTTCATAGTT,1
GCGAAGTTTTATAGCG,1
GCGAGCTCGTATCCCT,1
GCGCGATTGTCCGGAA,1
GCGGCGTGCCGGTCAT,1
GCGGGGATTGGCTGTT,1
GCGGGGTAGAGATACG,1
GCGGGGTGAGCGGGGG,1
GCGTCCTCAACTCCTA,1
GCTCTGGCTCGCTAAT,1
GCTGCTCCGACACGCC,1
GCTGGCTCGTATCCCT,1
GCTTGATGCATTCCCG,1
GGAAAATAGTAGAGAT,1
GGAAGTCCCTATGATG,1
GGAATCCCCAAATAAC,1
GGAATTCGCATGCGGA,1
GGACCCAGTTCCTGCG,1
GGACTCCACGGACGCC,1
GGAGCTAAAAAGAGGA,1
GGAGTGCTGCTGAAGT,1
GGAGTGTGTATTGAGT,1
GGATAAGAGGGCAGAG,1
GGATAATAGAACAGAG,1
GGATCCACCCTATAGT,1
GGCAAGTTACGGATGG,1
GGCAGCATTGGTCGCC,1
GGCATTTACTGAAGGG,1
GGCGACACCCTTCCGG,1
GGCTAAAGGATCATGA,1
GGCTGAATTAAGTATG,1
GGGAAGACTTTGTGAT,1
GGGAGCTGCAGAAGCG,1
GGGAGGGTGAAGAGCG,1
GGGATAGTAAGAACCA,1
GGGCAAGTGAAACATA,1
GGGCAATTGAAACATA,1
GGGCTTGCTATGGATC,1
GGGGAAGGGGCTGGGG,1
GGGGGAAGAGAAGGGG,1
GGGGGACAAGATTGTA,1
GGGGGATAGAACAGAG,1
GGGGGGATACGTCACC,1
GGGGGGGGGGGGGGCG,1
GGGGGGTAGAGATGCG,1
GGGGTATCAAGCCGGG,1
GGGTAACTGGGGAAGC,1
GGTAAACATGCATTGG,1
GGTAAACTTTGGAAGC,1
GGTAGATGGAACACGG,1
GGTATATCCAACACCA,1
GGTATTGTAGGTAATG,1
GGTCACGCAGAAAAAG,1
GGTCCATCGCAGATCG,1
GGTCCATCTCAGATGG,1
GGTGACCCCCTCCAAC,1
GGTGTTGAATATGCGA,1
GGTTAAATTTGGAAGC,1
GGTTAACGGTGGAAGC,1
GGTTAACTTTAGAAGC,1
GGTTAACTTTGAAAGC,1
GGTTAACTTTGGAATC,1
GGTTAACTTTGTAAGC,1
GGTTAAGAGAAGTGCG,1
GGTTCAGATGCCCACC,1
GGTTTTTATAACTTGC,1
GTAAATACTAGGACCA,1
GTAACGTTTGTGCAAA,1
GTAAGCAAAGTCGACC,1
GTAAGCAAAGTGGACC,1
GTAAGCAAAGTTCACC,1
GTAAGCAAAGTTGAAC,1
GTAAGCAAAGTTGACT,1
GTAAGCAAAGTTGAGC,1
GTAAGCAGAGTTGACC,1
GTAAGCCCCGTGCAAT,1
GTAAGCTTAATGGAGT,1
GTAAGCTTCAGGGAGT,1
GTAAGCTTCATGGAGA,1
GTAAGCTTCATGGGGT,1
GTAAGCTTCATTGAGT,1
GTAAGCTTCGTGGAGT,1
GTAAGGAAAGTTGACC,1
GTAAGGTATTATATGC,1
GTAAGTCGCATGCGGA,1
GTAATGTAGCCGCTCC,1
GTAATTCGCATGAGGA,1
GTAATTCGCATGCGGC,1
GTAATTCGCATTCGGA,1
GTAATTCTCATGCGGA,1
GTAATTTGCATGCGGA,1
GTACAAACCAGCAAAT,1
GTACAAACCTCCAAAT,1
GTACAAACCTGCAACT,1
GTACAAACCTGCAAGC,1
GTACAAACCTGCATAT,1
GTACAAACCTGCTAAT,1
GTACAAAGCTGCAAAT,1
GTACAAAGTTCCTGCG,1
GTACACGCATGTGCCA,1
GTACATCCTAGTGACG,1
GTACCCACTTCCTGCG,1
GTACCCAGCTCCTGCG,1
GTACCCAGTGCCTGCG,1
GTACCCAGTTCCAGCG,1
GTACCCAGTTCCTCCG,1
GTACCCAGTTCCTGGG,1
GTACCCAGTTCGTGCG,1
GTACCTAGTTCCTGCG,1
GTACGATTGTCCGGAA,1
GTAGAAACTAGGACCA,1
GTAGAAACTATAACCA,1
GTAGAACTGCCGCCCC,1
GTAGAACTGCGACCCC,1
GTAGAACTGCGGAACC,1
GTAGAACTGCGGCGCC,1
GTAGAACTGCGGTCCC,1
GTAGAATCGCAAATTA,1
GTAGAATTGCGGCCCC,1
GTAGAGACTAGGACCA,1
GTAGATAATAGGACCA,1
GTAGATACGAGGACCA,1
GTAGATACTAAGACCA,1
GTAGATACTAGGACCG,1
GTAGATACTAGGACCT,1
GTAGATACTAGTACCA,1
GTAGATATTAGGACCA,1
GTAGCACAGCGTAGGC,1
GTAGCCGCTAATCCGA,1
GTAGCGTGCCGGTCAT,1
GTAGGATATATGGCTG,1
GTAGGCTTCATGGAGT,1
GTAGGTACTAGGACCA,1
GTAGTACTGCGGCCCC,1
GTAGTGCGTATTGAGT,1
GTAGTTCGCATGCGGA,1
GTATATACTAGGACCA,1
GTATCCTCAACTCCTA,1
GTATTTAACAGACGTA,1
GTCAAATAATTGGCGC,1
GTCAAGCTACGGATGG,1
GTCAAGTTACGAATGG,1
GTCAAGTTACGGATAG,1
GTCAAGTTACGGTTGT,1
GTCAAGTTAGGGATGG,1
GTCAATTTACGGATGG,1
GTCAGGATAATCGCGC,1
GTCCGTCAGCATAGAC,1
GTCGCAGAATACTAGA,1
GTCGCAGCCTGGAAGG,1
GTCGCAGCCTGGAATG,1
GTCGCAGCTAATCCGA,1
GTCGCATCCAGGAATG,1
GTCGCATCCTGGAACG,1
GTCGCATCCTGGAATA,1
GTCGCATCCTGGAGTG,1
GTCGCATCCTGGGATG,1
GTCGCATCCTGTAATG,1
GTCGCATCCTTGAATG,1
GTCGCATCTTGGAATG,1
GTCGCATTCTGGAATG,1
GTCGCCGATAATCCGA,1
GTCGCCGCGAAGCCGA,1
GTCGCCGCTAACCCGA,1
GTCGCCGCTAATCCCA,1
GTCGCCGCTAATCTGA,1
GTCGCTGCGGCGTGTG,1
GTCGTATCAAGCCGGG,1
GTCTCATCCTGGAATG,1
GTGAATCCTAGTGACG,1
GTGAGCAAGAAAAGCA,1
GTGAGCGAGAAAAGCT,1
GTGAGCGAGAAGAGCA,1
GTGAGCGAGAGAAGCA,1
GTGAGCTGCAGAAGCG,1
GTGAGGGAGAAAAGCA,1
GTGAGTGAGAAGAGCA,1
GTGCACCCTAGTGACG,1
GTGCATCATAGTGACG,1
GTGCATCCCAGTGACG,1
GTGCATCCTAGTGACT,1
GTGCATCTTAGTGACG,1
GTGCATTCTAGTGACG,1
GTGCCATTGTCCGGAA,1
GTGCGACTGTCCGGAA,1
GTGCGATGGTCCGGAA,1
GTGCGATTCTCCGGAA,1
GTGCGATTGCCCGGAA,1
GTGCGATTGTCCGCAA,1
GTGCGATTGTCGGGAA,1
GTGCGATTGTCTGGAA,1
GTGCGATTGTGCGGAA,1
GTGCGATTGTTCGGAA,1
GTGCTCCTGAGTAGTA,1
GTGGAATCAAGCCGGG,1
GTGGCATCCTGGAATG,1
GTGGGATTGTCCGGAA,1
GTGGGCGAGAAAAGCA,1
GTGGGGAACGGGAGGC,1
GTGGGGATACGTCACC,1
GTGGTAACAAGCCGGG,1
GTGGTACCAAGCCGGG,1
GTGGTATCAAGCCACT,1
GTGGTATCAAGCCGAG,1
GTGGTATCAAGCTGGG,1
GTGGTATCAATCCGGT,1
GTGGTGGCAAGCCGGG,1
GTGGTGTCAAGCCGGG,1
GTGGTTTTACGTCCGT,1
GTGTACCTGCAGTTGA,1
GTTACAGAATACTAGA,1
GTTACTGCGCGAGAGT,1
GTTATGATGACTTCAT,1
GTTATTACGACTTCAT,1
GTTATTATCACTTCAT,1
GTTATTATGACCTCAT,1
GTTATTATGACTTCTT,1
GTTATTATGACTTGAT,1
GTTATTATGGCTTCAT,1
GTTATTATTACTTCAT,1
GTTCAAACCTGCAAAT,1
GTTCCCAGTTCCTGCG,1
GTTCGGCTCTTGATTA,1
GTTGCACAGCGTAGGC,1
GTTGCCCCGACACGCC,1
GTTGCCGCTAATCCGA,1
GTTGCTCCAACACGCC,1
GTTGCTCCCACACGCC,1
GTTGCTCCGACACCCC,1
GTTGCTCCGACACTCC,1
GTTGCTCCGACAGGCC,1
GTTGCTGCGACACGCC,1
GTTGTTCCGACACGCC,1
GTTTTCTAGTACGCTT,1
GTTTTTATGACTTCAT,1
TAAAAAGCCCCCATGA,1
TAAAAAGCCTACATGA,1
TAAAAAGCCTCAATGA,1
TAAAAAGCCTCCACGA,1
TAAAAAGCCTCCATGT,1
TAAAAAGCCTCCATTA,1
TAAAAAGCCTGCATGA,1
TAAAACGCCTCCATGA,1
TAAAAGGCCTCCATGA,1
TAAAATCTACGGCGAC,1
TAAAGCCCCGTGCAAT,1
TAAATACCGACGCAGT,1
TAACATGCAAGCCACT,1
TAACCTGATTTCTCGA,1
TAACGTAATTTCTCGA,1
TAACGTCATTTCTCGA,1
TAACGTGAGGTCTCGA,1
TAACGTGAGTTCGCGA,1
TAACGTGATTTCTCCA,1
TAACGTGATTTCTCGG,1
TAACGTGATTTTTCGA,1
TAAGAAGCCAGCAAGA,1
TAAGGTGATTTCTCGA,1
TAAGTACGCTGAATGA,1
TAAGTCGTATCCACAG,1
TAAGTGCTTATTGAGT,1
TAATAACCCAGCAAGA,1
TAATAAGCCAACAAGA,1
TAATAAGCCAGCAAAT,1
TAATAAGCCAGCAAGG,1
TAATAAGCCAGCAATA,1
TAATAAGCCAGCAGGA,1
TAATAAGCCAGCATGA,1
TAATAAGCCAGGAAGA,1
TAATAAGCCAGTAAGA,1
TAATAAGCCTCCATGA,1
TAATAAGCGAGCAAGA,1
TAATAGGCCAGCAAGA,1
TAATCTGTAGAGCGCT,1
TAATCTGTGACATTGC,1
TAATGTGATTTCTCGA,1
TACAAGGGAGGGGTCC,1
TACACACCGACGCAGT,1
TACAGACCGACGCAGT,1
TACAGATAACCCTGCG,1
TACAGTGGTATACATA,1
TACATAACGACGCAGT,1
TACATACCAACGCAGT,1
TACATACCGACGCAAT,1
TACATACCGACGCACT,1
TACATACCGACGCATT,1
TACATACCGACGCGGT,1
TACATACCGATGCAGT,1
TACCAATGCCGTTGTC,1
TACCAATGTCAGTTGA,1
TACCAATGTCATGTGA,1
TACCAATGTCATTAGA,1
TACCAATGTCATTGGA,1
TACCAATTTCATTTGA,1
TACCCAGCAAGCCACT,1
TACCCGCTGCGGAACG,1
TACCCGTGGTTTGACA,1
TACCCTACAAGCCACT,1
TACCCTGCAACCCACT,1
TACCCTGCAAGCCATT,1
TACCCTGCAAGCCTCT,1
TACCCTGCAAGCTACT,1
TACCCTGCAAGGCACT,1
TACCCTGCATGCCACT,1
TACCGCGCCGAGCACC,1
TACCGGCTGCGGAACG,1
TACCTACTGCGGAACG,1
TACCTCCTGCGGAACG,1
TACCTGATGCGGAACG,1
TACCTGCGGCGGAACG,1
TACCTGCTGCGGAAAG,1
TACCTGCTGCGGAACC,1
TACCTGCTGCGGGACG,1
TACCTGTTGCGGAACG,1
TACCTTCTGCGGAACG,1
TACCTTGCAAGCCACT,1
TACGAGAGAGGGGTCC,1
TACGGATAACCCGGCG,1
TACGGATAACCCTGCG,1
TACTAACAATAAAATC,1
TACTAAGAGAAGTGCG,1
TACTAATGCCATTGTC,1
TACTAATGCCGCTGTC,1
TACTAATGCCGTTATC,1
TACTAATGCCGTTGCC,1
TACTAATGCCGTTGGC,1
TACTAATGCCGTTGTG,1
TACTAATGCTGTTGTC,1
TACTAATGTCGTTGTC,1
TACTAGAAATAAAATC,1
TACTAGAGAGGGGTCC,1
TACTAGATGTACAGTC,1
TACTAGCAATAAAAGC,1
TACTAGCAATAAAATA,1
TACTAGCGATAAAATC,1
TACTAGTAATAAAATC,1
TACTATTCCGGCGCGG,1
TACTGAAGTCCATGTA,1
TACTGAGAACCCTGCG,1
TACTGATAACCTTGCG,1
TACTGCGTTCATCGAT,1
TACTGGGAACCCTGCG,1
TAGAAAGCCTCCATGA,1
TAGAAGACTTTGTGAT,1
TAGATGATAGTAACTC,1
TAGCAATGTCATTTGA,1
TAGCAGTGTCGGAAAG,1
TAGCATTATCGGAAAG,1
TAGCATTGTCGAAAAG,1
TAGCATTGTCGCAAAG,1
TAGCATTGTCGGAACT,1
TAGCATTGTCGGTAAG,1
TAGCATTGTGGGAAAG,1
TAGCCAAGGGACGGAC,1
TAGCTCATAGTAACTC,1
TAGCTGACAGTAACTC,1
TAGCTGATAGCAACTC,1
TAGCTGATAGGAACTC,1
TAGCTGATAGTAACAC,1
TAGCTGATAGTAACTA,1
TAGCTGATAGTGACTC,1
TAGCTGATATTAACTC,1
TAGCTGTTAGTAACTC,1
TAGCTTGCTATGGATC,1
TAGGATTGTCGGAAAG,1
TAGGGGAACGGGAAGC,1
TAGGGGATACGTCACC,1
TAGGTCCCTATGTAAT,1
TAGTAGCAATAAAATC,1
TAGTCGCACTACTGCT,1
TAGTGATAACCCTGCG,1
TAGTGGTAGAGATACG,1
TAGTTGCACTACTGCT,1
TATAAAAGACTGTATA,1
TATAATAGGCGTCACA,1
TATACTCACGGAGCAT,1
TATACTCACGGGGGAT,1
TATACTTACGGAGGAT,1
TATATATCCAACACCA,1
TATATTAGTAAAATAA,1
TATATTAGTAACATGA,1
TATATTAGTAGCATAA,1
TATATTAGTGACATAA,1
TATCAAAGGGACGGAC,1
TATCCAAAGGACGGAC,1
TATCCAAGGGACGAAC,1
TATCCAAGGGACTGAC,1
TATCCAAGGGATGGAC,1
TATCCCAGGGACGGAC,1
TATCCTAGGGACGGAC,1
TATCGCTGGCACCCGT,1
TATCTCGTATCCACAG,1
TATCTGCTGCGGAACG,1
TATGAAGAGAAGGGCG,1
TATGCCGTATCCACAG,1
TATGGAAACGATCCCC,1
TATGGCGTATCCACAG,1
TATGGGAATTGCCACT,1
TATGTCCTATCCACAG,1
TATGTCGTATCCACTG,1
TATGTCGTATCCCCAG,1
TATGTCGTATCCTCAG,1
TATGTCGTATCGACAG,1
TATGTCGTATCTACAG,1
TATTAAGAGAAGTACG,1
TATTAAGAGAAGTGAA,1
TATTAAGAGAAGTGCC,1
TATTAAGAGAAGTTCG,1
TATTAGAGTGAACGAT,1
TATTAGGAGAAGTGCG,1
TATTATGAGAAGTGCG,1
TATTCCTAAATAGCGA,1
TATTCCTAACTAGCGC,1
TATTCCTAACTAGCGT,1
TATTCCTAAGTAGCGA,1
TATTCCTAGCTAGCGA,1
TATTCCTGACTAGCGA,1
TATTGATAACCCTGCG,1
TCAAACGAAGTAGGAG,1
TCAACACCCCTAGCTA,1
TCAACGAGGTGTAACC,1
TCAAGACTCGACTAAC,1
TCAAGGGTGTACGAGA,1
TCAATAGGGGGCTAAA,1
TCAATCGAGGGCTAAA,1
TCAATCGGGAGCTAAA,1
TCAATCGGGGGCCAAA,1
TCAATCGGGGGCTAGA,1
TCAATCGGGGGCTATA,1
TCAATCGGGGTCTAAA,1
TCAATCTGAACCATAC,1
TCAATGTAGCCGCTCC,1
TCACAACTCGACTAAC,1
TCACCGTGGTTTGACA,1
TCACGAATCGACTAAC,1
TCACGACGCGACTAAC,1
TCACGACTCGATTAAC,1
TCAGGGGTGTACGAGA,1
TCAGTCGGGGGCTAAA,1
TCATCCTCAACTCCTA,1
TCATCGCACTACTGCT,1
TCATCGGTGTACGAGA,1
TCATCTTTTACATTTA,1
TCATGGCTGTACGAGA,1
TCATGGGTGAACGAGA,1
TCATGGGTGGACGAGG,1
TCATGGGTGTAAAAGA,1
TCATGGGTGTACGAAA,1
TCATGGGTGTACTGGA,1
TCATGGGTGTAGGAGA,1
TCATGGGTGTCCGAGA,1
TCATGTGTTTACGAGA,1
TCCAACTCTCGCGGCA,1
TCCACACCCCGAGCTA,1
TCCACACCCCTAGATA,1
TCCACACCCTTAGCTA,1
TCCACCGCGGTAAGAG,1
TCCAGAGAGGTAAGAG,1
TCCAGCAATGAGTTGT,1
TCCAGCACGGTAAGAG,1
TCCAGCCCGGTAAGAG,1
TCCAGCGCCGTAAGAG,1
TCCAGCGCGCTAAGAG,1
TCCAGCGCGGGAGGAG,1
TCCAGCGCGGTAAGAA,1
TCCAGCGCGGTAAGAC,1
TCCAGGGCGGTAAGAG,1
TCCAGTTAATATGCGC,1
TCCATACCCCTAGCTA,1
TCCATCAAGTTGGTAC,1
TCCATCAAGTTGGTGC,1
TCCCAGCTCTTAGCCG,1
TCCCCGTGCTTTGACA,1
TCCCCGTGGTTTGACG,1
TCCCCGTGGTTTGATA,1
TCCCCGTGGTTTGGCA,1
TCCCCGTGGTTTTACA,1
TCCCCGTGTTTTGACA,1
TCCCCGTTGTTTGACA,1
TCCGGAAACGATCCCC,1
TCCGGCGTTAGTGTCA,1
TCCTATTAGGCGGCAT,1
TCCTATTCCGGCGCGG,1
TCCTGCGCGGCTCGTG,1
TCCTGTCCAGACTCGT,1
TCCTTTACGGATCTCT,1
TCCTTTGCGCGCAGTC,1
TCGAAAAAATCATAAA,1
TCGAACGAAGCAGGAG,1
TCGAACGAAGTAGGAT,1
TCGAACGAAGTAGGTG,1
TCGAACGAATTAGGAG,1
TCGAACTCTCGCGGCA,1
TCGAATACTAGCCGGA,1
TCGAATGAAGTAGGAG,1
TCGAATTTTCATAGCG,1
TCGACACCCCTAGCTA,1
TCGACCGTTGGGAACT,1
TCGAGCGAAGTAGGAG,1
TCGAGTGAATATGCGC,1
TCGAGTTAATAGGCGC,1
TCGAGTTAATATGCTC,1
TCGAGTTAATATGGGC,1
TCGAGTTAATGTGCGC,1
TCGAGTTGATATGCGC,1
TCGATCACTAGCCGGA,1
TCGATCGGGGGCTAAA,1
TCGATGCACTACTGCT,1
TCGATTACCAGCCGGA,1
TCGATTACGAGCCGGA,1
TCGATTACTAGCCGAA,1
TCGATTACTAGCCGGT,1
TCGATTACTAGGCGGA,1
TCGATTACTAGTCGGA,1
TCGATTACTGGCCGGA,1
TCGATTGCTAGCCGGA,1
TCGATTTCTAGCCGGA,1
TCGCCCATTGGGAACT,1
TCGCGCACGTTTAGAG,1
TCGCTTCAACGAAAAA,1
TCGCTTCAACTAAAAG,1
TCGCTTCAACTAAAGA,1
TCGCTTCAACTAGAAA,1
TCGCTTCAACTGAAAA,1
TCGTAGAGTGAACGAT,1
TCGTATCAGTCGCGCC,1
TCGTATTAGGCGGCAT,1
TCGTCCATTGTGAACT,1
TCGTCCCACTACTACT,1
TCGTCCCTTGGGAACT,1
TCGTCCGCTGGGAACT,1
TCGTCCGTTAGGAACT,1
TCGTCCGTTCGGAACT,1
TCGTCCGTTGGAAACT,1
TCGTCCGTTGGGACCA,1
TCGTCCGTTGTGAACT,1
TCGTCGCACTACTCCT,1
TCGTCGCACTACTGCA,1
TCGTCGCACTATTGCT,1
TCGTCTGTTGGGAACT,1
TCGTGACATAGCGATG,1
TCGTGACGTAGCGAGG,1
TCGTGTCTCCGAGCAA,1
TCTAACTCTAGCGGCA,1
TCTAACTCTCACGGCA,1
TCTAAGAGTGAACGAT,1
TCTAAGCTCTTAGCCG,1
TCTAATTCTCGCGGCA,1
TCTAGCTCTCGCGGCA,1
TCTATACCACTGCATC,1
TCTCAGCTCGTAGCCG,1
TCTCAGCTCTTAGCCT,1
TCTCAGCTCTTATCCG,1
TCTCATCTCTTAGCCG,1
TCTCTACCACTGCATC,1
TCTGAGAGTGAACGAT,1
TCTGGAAACGATCCCT,1
TCTGGAAACGATCTCC,1
TCTGGAAACTATCCCC,1
TCTGGACATAGCGATG,1
TCTGGAGCGCCCTTAC,1
TCTGGGAACGATCCCC,1
TCTGGGTTAAGTTGTG,1
TCTTAATCCTCGTATG,1
TCTTACTAGGCGGCAT,1
TCTTACTCCTCGTATG,1
TCTTACTCTCGCGGCA,1
TCTTAGAATGAACGAT,1
TCTTAGAGTGAACGAA,1
TCTTAGAGTGAACGGT,1
TCTTAGAGTGAATGAT,1
TCTTAGAGTGGACGAT,1
TCTTAGCCCTCGTATG,1
TCTTAGGGTGAACGAT,1
TCTTAGTAGGCGGCAT,1
TCTTAGTCCACGTATG,1
TCTTAGTCCTCGTAGG,1
TCTTAGTCCTCGTGTG,1
TCTTAGTCTTCGTATG,1
TCTTATGAGGCGGCAT,1
TCTTATTAGACGGCAT,1
TCTTATTAGGCCGCAT,1
TCTTATTAGGCGGCAC,1
TCTTATTAGGCGGCGT,1
TCTTGACATACCGATG,1
TCTTGACATAGCAATG,1
TCTTGACATAGCCATG,1
TCTTGACATAGCGTTG,1
TCTTGACATCGCGATG,1
TCTTGATATAGCGATG,1
TCTTGGAGTGAACGAT,1
TCTTGGTTAAGTTGTG,1
TCTTGTTAGGCGGCAT,1
TCTTTACCACAGCATC,1
TCTTTACCACGGCATC,1
TCTTTACCACTCCATC,1
TCTTTACCACTGAATC,1
TCTTTACCACTGCAAC,1
TCTTTACCACTGCAGC,1
TCTTTACCACTGCATG,1
TCTTTACCACTGCTTC,1
TCTTTACCCCTGCATC,1
TCTTTACCGCTGCATC,1
TCTTTACTACTGCATC,1
TCTTTGCACTACTGCT,1
TCTTTTCCACTGCATC,1
TGAAAACAATACAAAT,1
TGAAAAGCCTCCATGA,1
TGAAATCGTCACCGAT,1
TGAATCGGGGGCTAAA,1
TGACAACAATAAAAAT,1
TGACAACAATACAAAC,1
TGACAACAATACAAAG,1
TGACAACAATACATAT,1
TGACAACAATAGAAAT,1
TGACAACAATATAAAT,1
TGACAACAGTACAAAT,1
TGACAACATTACAAAT,1
TGACAGCAATACAAAT,1
TGACGAATTTGATTCC,1
TGACGTGATTTCTCGA,1
TGAGAAACTATAACCA,1
TGAGAACAATACAAAT,1
TGAGCTCATAGCTCCA,1
TGAGGAGCGCCCTTAC,1
TGAGTCCATAGCTCCA,1
TGAGTTCATAGCACCA,1
TGAGTTCATAGCCCCA,1
TGAGTTCATAGCGCCA,1
TGAGTTCATAGCTCAA,1
TGAGTTGATAGCTCCA,1
TGAGTTTATAGCTCCA,1
TGATAACAATACAAAT,1
TGATAAGCCAGCAAGA,1
TGATATGTGACATTGC,1
TGATCCGCTTCATGCT,1
TGATCCGTGACATTGC,1
TGATCCTTTACATTTA,1
TGATCTCTTACATTTA,1
TGATCTGTAGAGCGCT,1
TGATCTGTGACATTAC,1
TGATCTGTGACATTGG,1
TGATCTGTGGCATTGC,1
TGATCTTTACGAAAAA,1
TGATCTTTGACATTGC,1
TGATCTTTTACATCTA,1
TGATCTTTTACATGTA,1
TGATCTTTTACATTCA,1
TGATCTTTTACATTTG,1
TGATCTTTTACATTTT,1
TGATCTTTTATATTTA,1
TGATCTTTTGCATTTA,1
TGATTTCATAGCTCCA,1
TGATTTTTTACATTTA,1
TGCACACCCCTAGCTA,1
TGCAGTGATATACATA,1
TGCAGTGCTATACATA,1
TGCAGTGGTATAAATA,1
TGCAGTGGTATACACA,1
TGCAGTGGTATACATG,1
TGCAGTGGTATACCTA,1
TGCAGTGGTATAGATA,1
TGCAGTGGTATATATA,1
TGCATAGGGATATGTG,1
TGCCCATGCTGGGGAT,1
TGCCCGGATAAAGTAG,1
TGCCTGCTGCGGAACG,1
TGCGATGGTCGATCCG,1
TGCGCTGGTCGATCCG,1
TGCGGTGATCGATCCG,1
TGCGGTGGGCGATCCG,1
TGCGGTGGTCGATCCC,1
TGCGGTGGTTGATCCG,1
TGCGGTGTTCGATCCG,1
TGCGTTGGTCGATCCG,1
TGCTAATGCCGTTGTC,1
TGCTACTCCGGCGCGG,1
TGCTAGTCCGGCGCGG,1
TGCTATTACGGCGTGG,1
TGCTATTCCCGCGCGG,1
TGCTATTCCGGCACGT,1
TGCTATTCCGGCGCGC,1
TGCTATTCCGGGGCGG,1
TGCTATTCCTGCGCGG,1
TGCTATTCTTGCGCGG,1
TGCTCCTGGGGTATCA,1
TGCTGATAACCCTGCG,1
TGCTGTGGTCGATCCG,1
TGGAATCGTCACCCAT,1
TGGAATCGTCACCGGT,1
TGGAATCGTCACCGTT,1
TGGAATCGTCACTGAT,1
TGGAATCGTCATCGAT,1
TGGAATCGTCGCCGAT,1
TGGAGTGGTAGACAGA,1
TGGCCCGTAAGGACTA,1
TGGCTCCTGAGTAGTA,1
TGGGGAGCGCCCGTAC,1
TGGGTGTATAGCGCCA,1
TGGGTTCATAGCTCCA,1
TGGTATCAGTCGCGCC,1
TGGTATTCCGGCGCGG,1
TGGTCCGCGTCATGCT,1
TGGTCCGCTCCATGCT,1
TGGTCCGCTTCACGCT,1
TGGTCCGCTTCAGGCT,1
TGGTCCGCTTCATACT,1
TGGTCCGCTTCATGAT,1
TGGTCCGCTTCATGCA,1
TGGTCCGCTTCATGCG,1
TGGTCCGCTTCATGGT,1
TGGTCCGTTTCATGCT,1
TGGTCGCACTACTACT,1
TGGTGAGCCAGGCTGA,1
TGGTGAGCCAGTCTGA,1
TGGTGTAATCTGAATA,1
TGGTTCAGACTCTTGC,1
TGTAATAGACGTCACA,1
TGTAATAGGCGGCACA,1
TGTAATAGGCGTCACC,1
TGTAATAGGCGTCGCA,1
TGTAATAGGGGTCACA,1
TGTAATAGGTTTCACA,1
TGTACAGTGTAATCGA,1
TGTAGAGCGCCCTTAC,1
TGTATATCGAGATTCA,1
TGTATGGCAAGCAACG,1
TGTATTAGTAACATAA,1
TGTCAGGATAAAGTAG,1
TGTCCGGAGAAAGGAG,1
TGTCCGGAGAAAGTAG,1
TGTCCGTATAAAGTAG,1
TGTCCTGATAAAGTAG,1
TGTCGAGCCAGTCTGA,1
TGTCGAGCGCCCTTAC,1
TGTCTGGATAAAGTAG,1
TGTGGAGCACCCTTAC,1
TGTGGAGCGCCCCTAC,1
TGTGGAGCGCCCTGAC,1
TGTGGAGCGCCCTTAA,1
TGTGGAGCGCTCTGAC,1
TGTGGAGCGGCCTTAC,1
TGTGGAGCGTCCTTAC,1
TGTGGTAATCTGAATA,1
TGTGTCGTATCCACAG,1
TGTTAACGGCCTATCC,1
TGTTAAGCCAGTCTGA,1
TGTTATTAGGCGGCAT,1
TGTTCAGCGATAACGG,1
TGTTGACATAGCGATG,1
TGTTGAGCCAGTCTAA,1
TGTTGAGCCAGTCTCA,1
TGTTGAGCCAGTTTGA,1
TGTTGAGCCATTCTGA,1
TGTTGAGCGCCCTTAC,1
TGTTGGAAGCTGAATA,1
TGTTGGGCCAGTCTGA,1
TGTTGTAATCTGAACA,1
TGTTGTAATCTGAGTA,1
TGTTGTAATCTGCATA,1
TGTTGTAGTCTGAATA,1
TGTTTAGCCAGTCTGA,1
TGTTTTAATCTGAATA,1
TTAAAAAAATCATAAA,1
TTAACGTAGCCGCTCC,1
TTAATGTAGACGCTCC,1
TTAATGTAGCCACTCC,1
TTAATGTAGCCGCTCT,1
TTAATTTAAGTATCAA,1
TTAATTTAGCCGCTCC,1
TTACAAATTTGATTCC,1
TTACGAATTTCATTCC,1
TTACGAATTTGATGCC,1
TTACGAATTTGATTCG,1
TTACGATTTTGATTCC,1
TTAGATACTAGGACCA,1
TTAGCTGTAGAGCGCT,1
TTAGTTCATAGCTCCA,1
TTATAAACCGTTTGTA,1
TTATCTCTAGAGCGCT,1
TTATCTGGAGAGCGCT,1
TTATCTGTAGAACGCT,1
TTATCTGTAGACCGCT,1
TTATCTGTAGAGCCCT,1
TTATCTGTAGATCGCC,1
TTATCTGTATAGCGCT,1
TTATGAATTTGATTCC,1
TTATGGGTGTACGAGA,1
TTATGTCCAGACTCGT,1
TTATTTAACAGACGTA,1
TTCAAAAAATCATAAA,1
TTCAAATAATTGGCGC,1
TTCAAGTTACGGATGG,1
TTCATACCGACGCAGT,1
TTCATATCGAGATTCA,1
TTCATCAAGTCGGTGC,1
TTCATCAAGTGGGTGC,1
TTCATCAAGTTGGCGC,1
TTCATCAAGTTGGTGG,1
TTCATCAATTTGGTGC,1
TTCATTAAGTTGGTGC,1
TTCCACAGAACCTATC,1
TTCGGAGCTAAATAAG,1
TTCGGGAACGGGAAGC,1
TTCGGTGGTCGATCCG,1
TTCTATCCAGACTCGT,1
TTCTGTCCAGACACGT,1
TTCTGTCCAGACTCCT,1
TTCTGTCCAGACTCGA,1
TTCTGTCCAGACTCGG,1
TTCTGTCCAGACTTGT,1
TTCTGTCGAGACTCGT,1
TTCTGTCTAGACTCGT,1
TTCTGTGGTCGATCCG,1
TTCTGTTCAGACTCGT,1
TTGAAAAAAACATAAA,1
TTGAAAAAATCATAAG,1
TTGAAAAAATCATAGA,1
TTGAAAAAATCATGAA,1
TTGAACGAAGTAGGAG,1
TTGAATCGTCACCGAT,1
TTGACTAACCGAATAA,1
TTGACTCACGGAATAA,1
TTGAGATCCAACACCA,1
TTGCAATCGAAACATA,1
TTGCAATTGAAACATG,1
TTGCAATTGAAATATA,1
TTGCAATTGAAGCATA,1
TTGCAATTTAAACATA,1
TTGCAGTTGAAACATA,1
TTGCATAAGTCGCGCC,1
TTGCATCAGTCGCGCC,1
TTGCCCCTGAGTAGTA,1
TTGCGAATTTGATTCC,1
TTGCTCATGAGTAGTA,1
TTGCTCCGGAGGAGTA,1
TTGCTCCGGAGTAGTA,1
TTGCTCCTAAGTAGTA,1
TTGCTCCTGAGTAATA,1
TTGCTCCTGAGTAGGA,1
TTGCTCCTGAGTAGTC,1
TTGCTCCTGAGTATTA,1
TTGCTTCAACTAAAAA,1
TTGCTTCTGAGTAGTA,1
TTGGAATTGAAACATA,1
TTGGCCCACGGGCATA,1
TTGGCGAACGGGAAGC,1
TTGGGAAACGGGAAGC,1
TTGGGCACTAAATTAG,1
TTGGGCACTGAATTAA,1
TTGGGGAACGGGAAGG,1
TTGGGGAAGGGGAAGC,1
TTGGGGGGCGGGAAGC,1
TTGGGGTAGAGATACG,1
TTGTAATTGAAACATA,1
TTGTATAAGTAGCGCC,1
TTGTATAAGTCGCGTC,1
TTGTATCAGTCGCCCC,1
TTGTATCAGTCGCGCG,1
TTGTATCAGTCGCGGC,1
TTGTATTAGTCGCGCC,1
TTGTATTAGTCGCGTC,1
TTGTCGCACTACTGCT,1
TTGTGCACTAAATTAA,1
TTGTGTCCAGACTCGT,1
TTGTTCCTGAGTAGTA,1
TTGTTGCACTACTGCT,1
TTTAAATCCAACACCA,1
TTTAATAGGCGTCACA,1
TTTAGGGCTACGTGAG,1
TTTATATCGAGATGCA,1
TTTATATCGGGATTCA,1
TTTATATCTAACACCA,1
TTTATGTCGAGATTCA,1
TTTCAAAGAACCTATC,1
TTTCAACGTTGTTTTG,1
TTTCACAAAACCTATC,1
TTTCACAGAACCTAAC,1
TTTCACAGAACCTAGC,1
TTTCACAGAACCTGTC,1
TTTCAGAGGGGTTGTG,1
TTTCAGAGTTGTTTTG,1
TTTCAGCGTTGTTCTG,1
TTTCAGCGTTGTTGTG,1
TTTCAGCGTTGTTTGG,1
TTTCAGCGTTGTTTTA,1
TTTCAGCGTTGTTTTT,1
TTTCAGCTTTGTTTTG,1
TTTCCATCTCAGATCG,1
TTTCGGCTCTTGATTA,1
TTTCGTCATACTCACA,1
TTTCGTGATAATCACA,1
TTTCGTGATACTAACA,1
TTTCGTGATACTCACT,1
TTTCGTGATACTCATA,1
TTTCGTGATACTTACA,1
TTTCGTGATATTCACA,1
TTTCTTGATACTCACA,1
TTTGCTCCGACACGCC,1
TTTGGAGCGCCCTTAC,1
TTTTAGTCCTCGTATG,1
TTTTATCAGTCGCGCC,1
TTTTATTAGGCGGCAT,1
TTTTTACCACTGCATC,1
TTTTTATCCAACACCA,1
