barcode,count
GGTCCATCTCAGATCG,22829
CTTAGGTATTACATGC,3448
ACCGGAAGTTGCCAAG,1802
CAGATAATATAGAGAC,1198
TCGTTGCACTACTGCT,427
TTGTATCAGTAGCGCC,407
ACCCCCGGAGCTCGGC,178
TTGTATAAGTCGCGCC,121
CAGAACCTCGTTATCT,93
TCGTCGCACTACTACT,88
CATTTCTAATGAATTG,83
ACGTATGAGTTTCGAG,72
AACAGCAATGAGTTGT,69
ATACAAACCTGCAAAT,64
GTACAAACCTACAAAT,59
GAGGGGTAGAGGTACG,58
GGGAAAGAAACTGGAG,52
ACAGTTCACCATTGAG,49
GATCTTGGGAAGAGTC,48
CGTGTACCATTCAGCA,46
TACCACCGAGTGACCG,45
TCGGATAAATCAGAAC,45
AACGACAAACAGGAAG,42
CCAGGCTTGGCGCATC,42
TTATCTGTGGAGCGCT,42
CTGGGGGATTCAACTC,41
ACCGTTGTGCACACCA,39
TTGTATCAGTCGCGTC,39
CCGTGTCTCCGAGCAA,38
AAAAAATTTAGGACAA,37
ACAATCTGAATCATAC,37
CTTATATCCAACACCA,37
GATCGCCACTGATGAG,37
CCATCTTAATCTACAG,36
CCTGGATTAAGTTGTG,35
CTTAGGTATTATGTGC,35
GACCACCGAGTGACCG,34
ACATTTTCCAATATGT,33
CAATGAGAAGACAAAG,33
GAGGGGTAGAGAGACG,33
AAAGCTCCTTTCGTTC,32
AACCACCGAGTAACCG,32
CAATTAGAAATTCATA,32
GTGCGCTTGTCCGGAA,32
GTACCCAGTTCCCGCG,30
TTATGTGTAGAGCGCT,29
CTTAGGTATTATATGT,28
GTTTAAATTATAGTCT,28
AATGGAACAATCGAAC,27
AGTTGGGGTCTCCCGT,27
CATTGAGACGCACAAG,27
GAGAGCGGCAGAAGCG,27
GACAAAGGGGACATAT,26
AACGACAAAAAGTAAG,25
GAGGGGGAGAGATACG,25
AAAGCTCTTTTCATTC,24
GTAGAACTGCGGCCCA,24
TACTGATAACCCTACG,24
AGATCCCAGGCCCTTT,22
AGGTTCAAACTCTTGC,22
ATTCCGAATGGGGTAA,22
CCGGATAAATAAGAAC,22
GACAAAAGGGACATGT,22
GTACAAACCCGCAAAT,22
AACAAAAGGGACATAT,21
AACCACCGAGTGACCA,21
ACAATCTGAACCGTAC,21
ATCAGGTGATCATAAA,21
CTATATTGCCCGGGAG,21
GGTCCATTTCAGATCG,21
TATACAGAGTTTGTTG,21
TGGTCCGCTTCGTGCT,21
AATTAGAAAATACATA,20
CGGCCAGGGAGTCAAA,20
GTACCCAGTTCCTGTG,20
AGACCACCGCACCCAA,19
CATAAAAGATTGTATA,19
CTGGAGGCCTGGCCCA,19
GGTGTTGAATAGGCGA,19
GTACCCAGTTTCTGCG,19
TCTTTACAACTGCATC,19
TTACGAGTTTGATTCC,19
AACCACCGAGTGACAG,18
GCACAAACCTGCAAAT,18
GTACAAACCTGAAAAT,18
GTACAAACCTGTAAAT,18
TGCAGTGGTATACACA,18
AACCACCGAGTGACTG,17
AACGGTTCCGACGAAG,17
ATGGGGTTGGAGAAAC,17
GAGGGGTAGAGATAAG,17
GTACAAACCGGCAAAT,17
GTACAAACCTGCAAAC,17
GTACAAACCTTCAAAT,17
TACCATGCAAGCCACT,17
TGGACCCTAGATGGTA,17
CATGTACCCTTCAGCA,16
GTAGAACTGTGGCCCC,16
TTGGGGAAAGGGAAGC,16
TTGGGGAACGGGAAGT,16
CCCTGCGTGGCTCGGG,15
CTACATTGCCCGGAAG,15
CTAGCACAGCGTAGGT,15
GTAAAAACCTGCAAAT,15
GTTGCCGCTAATCCGA,15
TGGTCCGCTTCATGCC,15
TTGGGGAACGGGAAGA,15
AATCGCTGGCACCCAT,14
ACCTAAAGGATCATGA,14
ATTAGGTATTATATGC,14
CAATTAGAAATAAATA,14
CCTGGGTTAAGTGGTG,14
GAAAGTCCCGTGCAAT,14
GCGAAGTTCCATAGCG,14
GTACAAACCTGCGAAT,14
GTGGTATCAAGCAGGG,14
TAGGCTCTAGAGCTCT,14
AACCACCGAGTGAACG,13
AACCACTGAGTGACCG,13
AGGTTCAGACTCTTGT,13
AGGTTCGGACTCTTGC,13
ATACACGAGGTTGTAA,13
CGCGACACCCTTCCTG,13
CTTAGGTATTATATGA,13
GAAGTGAGTATTGAGT,13
GCACGGGTTGGCTGTA,13
GCATTCTCAACTCCTA,13
GTACAAACATGCAAAT,13
GTATAAAATATTGAAA,13
TCATGGGTGTAAGAGA,13
AGCTCCTGGGGTATCT,12
AGGAGTATGAAGAGTG,12
ATGGGATTGAAGAAAC,12
CAAAATCTACGACGAC,12
CAATTAGAAATACATG,12
CCCTGCGAGGCTCGGG,12
CCCTGCGCGGCTCAGG,12
CCGAACTTATCTGTGG,12
CGTGTACCCCTCAGCA,12
CTTAGGTATTATATAC,12
GCCAGCTCGTATCCCC,12
GCCTGCGCGGCTCGGG,12
GTGGTATCAAGCCTGG,12
TAATGGGTGTACGAGA,12
TATCCTGCAAGCCACT,12
TATGTCGTATCCACGG,12
TCGTCACACTACTGCT,12
TTGTATCAGTCGCACC,12
ACAATCCGAACCATAC,11
AGTCGTTTAGATGGTT,11
ATTCCGAGTGGGGTAG,11
CACCATAAGCACCTAG,11
CCCTGTGCGGCTCGGG,11
CGCGACACACTTCCGG,11
CGCGACACCCTTCCGT,11
CGTGTACCCTTCAGTA,11
CGTGTACCCTTCATCA,11
CTATATTGCCCTGAAG,11
GGGGGGTAGAGATACG,11
GTACCCAGTTCCTGAG,11
AACCACCTAGTGACCG,10
AACGAATGAATCATCC,10
AATGGGAATTGCCACT,10
ACAGTCCACCATGGAG,10
ACCAGCTCGTATCCCT,10
ACCTGCGCGGCTCGGG,10
AGTGTACCCTTCAGCA,10
AGTGTTGAATGGGCGA,10
ATGGGATTGGAGAAAA,10
CAAATGCTGCATGAGG,10
CATGGGTTAAGTTGTG,10
CCAAGATTGGCGCATC,10
CCAAGCTTGGTGCATC,10
CCCTGCGCGGCTCTGG,10
CCCTGCGCGTCTCGGG,10
CCTTGATGCATTCCCA,10
CGTGACCCTCTCCAAC,10
CTGAACTTATATGTGG,10
CTGGAGGCCTGTCCCC,10
GAAGTGCGTATTGAGG,10
GAGAAGTTTCATAGCG,10
GTACAGACCTGCAAAT,10
GTACCAAGTTCCTGCG,10
GTAGAACTGCTGCCCC,10
GTGGTATCAAGACGGG,10
TCTCATTAGGCGGCAT,10
TCTTATTAGGCGGAAT,10
TCTTGACATAGAGATG,10
AACAACCGAGTGACCG,9
AACAGAAGTCCATGGA,9
AACCACCGAGTTACCG,9
ACAATATGAACCATAC,9
ACACGGGTTGGCCGTA,9
ACCGAATGAATAATCC,9
ACCGAATGGATCATCC,9
ACGTGTCTCCGATCAA,9
AGATCCACCCTATAAT,9
AGCATATGGATATGTG,9
AGGACCCTAGATGGTA,9
AGTATTTGTGCTTCAA,9
ATGGAGGCCTGGCCCC,9
CAAATGATGCATTAGG,9
CAGGATAAATCAGAAC,9
CATGGGAATTGACACT,9
CCCTGCGCGACTCGGG,9
CCCTGCGCGGCTCGGT,9
CGAGACACCCTTCCGG,9
CGCGACACCCTTCCAG,9
CGTGTACCCTTAAGCA,9
GAAGTGTGTATTGAGT,9
GAATGGAACTAACTCC,9
GACGACAAACAGTAAG,9
GAGGGGTAGAGATGCG,9
GATCACGCAGAAAAGG,9
GGAGAAACTATAACCA,9
GGGAGTATGAAGAGCG,9
GGGTTCAGACTCTTGC,9
GTACAAAACTGCAAAT,9
GTGCGATTGTCAGGAA,9
GTGGGGAACGGGAAGC,9
TACTGATAACCCTGTG,9
TATTAAGAGAAGTGAG,9
TCGTCCGTTGGGAAAT,9
TCTTATTGGGCGGCAT,9
TGCGACACCCTTCCGG,9
TGTGTACCCTTCAGCA,9
TTACAAACCTGCAAAT,9
TTATCTGTAGAGCTCT,9
AAAAGAAGTCCATGTA,8
AAATTAGAAATACATA,8
AACAGAAGTCCAGGTA,8
AACCACCGAGTGACCT,8
AATCGCTGGCACCCCT,8
AATCGCTGTCACCCGT,8
AGCTCCTGGGGTATCG,8
AGCTCCTTGGGTATCA,8
AGTGTTGAATAGGTGA,8
ATGGGATTGGAGAAGC,8
ATGGGATTGGGGAAAC,8
ATTAGGGCTACGGGAG,8
CAAATGCTGAATTAGG,8
CAATTAGAGATACATA,8
CATGTGGATCCCAACA,8
CCAAGCTTGGCGCATA,8
CCATATGAAATAAGCT,8
CCATGCGCGGCTCGGG,8
CCCCGCGCGGCTCGGG,8
CCCTGAGCGGCTCGGG,8
CCCTGCGCGGCTAGGG,8
CCCTGCGCGGCTCGTG,8
CCTGGGTTAAGTTGTA,8
CGTATACCCTTCAGCA,8
CGTGTACACTTCAGCA,8
CGTGTACCCTTCAGCG,8
CTGAGCTGCCAAGAAG,8
CTTCGGATCTTGATTA,8
GAGGGGTAGAGATATG,8
GCGAAGTTTCATAGTG,8
GTACAAACCTGCAGAT,8
GTAGAAATGCGGCCCC,8
GTAGAACTGCGGCCAC,8
GTGGTATCAAGTCGGG,8
TACACTGCAAGCCACT,8
TACTGATAACCCCGCG,8
TCCAGCGTGGTAAGAG,8
TCTTATTAGGAGGCAT,8
TGCAGTTGTATACATA,8
TGCTATTCCGGCGAGG,8
TGGGAAATGTAAATGA,8
TTACCCAGTTCCTGCG,8
TTATCTGTAGAGAGCT,8
TTATCTGTAGAGCACT,8
TTGGGGAACGGGAGGC,8
TTGGGGGACGGGAAGC,8
TTTATATACAACACCA,8
TTTATATTGAGATTCA,8
AAAAAATTTATTACAA,7
AACGGTTCCGACTAAT,7
AACTTCCCTGACTGCC,7
AAGAACCTCGTTGTCT,7
AATCGATGGCACCCGT,7
AATCGCTGGCACCAGT,7
AATCGCTGGCACCCTT,7
AATGAAGCAATCGAAC,7
ACAATCTGAAACATAC,7
ACAATCTGAACCATAA,7
ACAATCTTAACCATAC,7
ACACGGGTTGGATGTA,7
ACATCCTCAACTCCTA,7
ACCCCAGGAGCTTGGC,7
ACCTAATGAATCATCC,7
ACGGATAAATCAGAAC,7
ACTGGGTTAAGTTGTG,7
AGAAAATCTAAGATAC,7
AGAAAATCTCAGATAA,7
AGAATAGGGATATGTG,7
AGATCCTGGGGTATCA,7
AGCATAGGGATAGGTG,7
AGCATAGGGATATGGG,7
AGCGACACCCTTCCGG,7
AGCTCCTGTGGTATCA,7
AGGACTATAGTTGGTA,7
AGGGAACATACATAAC,7
AGTCGTTTAGATAGTG,7
AGTGTTGAATAGGCAA,7
ATGGGAGTGGAGAAAC,7
ATTACGAATGGGGTAG,7
CAAATGCTGCACTAGG,7
CAATTAGAAATACGTA,7
CAATTGGAAATACATA,7
CAGAACCCCGTTGTCT,7
CAGAACCTCGTTGTCC,7
CATAAAAGACTGCACA,7
CATACAGAGTTTGTCG,7
CATGGGAATTGCCACC,7
CCCTGCGCGGATCGGG,7
CCCTGCGCGGCTCGGC,7
CCTTTATGCATTCCCG,7
CGCGAAACCCTTCCGG,7
CGTACAGTGTAATAGA,7
CGTGTAACCTTCAGCA,7
CGTGTACCCTTCAGAA,7
CTATATTGCCAGGAAG,7
CTGAAATTATCTGTGG,7
CTGAGATGCCAATAAG,7
CTGGAGGCCTGGCCAC,7
CTTACATAATACTAGA,7
CTTAGGTATTATATTC,7
GAAAACAGTGTAGTTG,7
GAAAGCCCCATGCAAT,7
GAGGGGGAGAGAGACG,7
GAGGGGTAGAGATACT,7
GAGGGGTAGAGATTCA,7
GAGGGGTAGGGATACG,7
GATATTGGGGAGAGTC,7
GATCACCATCGACTTC,7
GCATGGAACTAACTCT,7
GGTCCATCTAAGATCG,7
GTACACAGTTCCTGCG,7
GTACCCAGTTCCTTCG,7
GTACGAACCTGCAAAT,7
GTAGAACTGAGGCCCC,7
GTAGAACTGCGTCCCC,7
GTCACATCCTGGAATG,7
GTGGTATCAATCCGGG,7
TAACGTGATTTCCCGA,7
TACCCTGCAATCCACT,7
TACTGATAACCATGCG,7
TAGAACCTCGTTGTCT,7
TCAATCGGGGGATAAA,7
TCATGGATGTACGAGA,7
TCCAGCGCGGTAGGAG,7
TCCTGCGCGGCTCGGG,7
TCGAACGAAGTAGGGG,7
TCGTGGGTGTACGAGA,7
TCTAACTCTCGAGGCA,7
TTAAGAATTTGATTCC,7
TTACGAATTTTATTCC,7
TTATGTCCAGACTCGT,7
TTGGAGGCCTGGCCCC,7
TTGGGGAACAGGAAGC,7
TTGGGGAATGGGAAGC,7
TTGGTATCAAGCCGGG,7
TTGTATCAGTCTCGCC,7
TTGTGGAACGGGAAGC,7
TTTATATCCAACACCT,7
TTTCAGAGTTGTTTTG,7
AACCACAGAGTGACCG,6
AACCACCGAGGGACCG,6
AACGACAAACAGTGAG,6
AAGCGGTGATGTGAGT,6
AAGTTAGTAGACACAC,6
AATACGAGGCTACGTA,6
AATCGCTGGCACCCGC,6
AATCGCTGGTACCCGT,6
ACAATCTGAACCATAT,6
ACAATCTGAGCCATAC,6
ACCGAGTGAATCATCC,6
ACTTTCTAGAAATTTT,6
AGATCCAAGGTCCTTT,6
AGATCCCATGTCCTTT,6
AGCATCTAACAGAGAG,6
AGGAAAGAAACTTGAG,6
AGGAGTATGAAGAGAG,6
AGGCCAGGGAATCAAA,6
AGGTTCAGACTCTTAC,6
AGTGTTGAATATGCGA,6
ATAGGATATATGGCGG,6
ATATCTTAATCTACAG,6
ATGAACTTATCTGTGG,6
ATGGCCCACGGGAATA,6
ATTTAAATTAGAGGAC,6
ATTTAAATTCTAGGAC,6
ATTTTTCTATGGATAC,6
CAAATGCTGCATTGGG,6
CAATTAGAAATATATA,6
CAATTAGGAATACATA,6
CACTGCGCGGCTCGGG,6
CAGGCTCCAGAGCTCT,6
CAGGCTCTAGAGATCT,6
CATAAAGAGTTTGTTG,6
CATGGGAATGGCCACT,6
CATTGAGAAGCGCAAG,6
CATTGGGACGCGCAAG,6
CATTTAGACGCGCAAG,6
CCAAGCTTGGAGCATC,6
CCAAGCTTGGCGAATC,6
CCAATCTTGGCGCATC,6
CCCCATGAAATAAGCT,6
CCCTGCGCGGCTTGGG,6
CCGGATAAATCATAAC,6
CCTTGACATAGCGATG,6
CCTTGATTCATTCCCG,6
CGCGGCACCCTTCCGG,6
CGGACAGGGAATCAAA,6
CGGGGACAAGATGGTA,6
CGTACAGTGTAATTGA,6
CGTGTACCCTTCAGCT,6
CGTGTACCCTTCGGCA,6
CGTTTACCCTTCAGCA,6
CTATATTGTCCGGAAG,6
CTCAGGTATTATATGC,6
CTGGAGGCCTGACCCC,6
CTTACAGAATACGAGA,6
CTTAGGCTCTTGATTA,6
CTTAGTTATTATATGC,6
CTTATGTATTATATGC,6
CTTCGGCTCTTGATGA,6
GAAGAAAATATAACCA,6
GAAGAATAGAACAGAG,6
GAAGTGCTTATTGAGT,6
GACGGGATGGGAACGT,6
GAGGGGTAGATATACG,6
GATGAAACAATCGAAC,6
GCATGGAACGAACTCC,6
GCATGGAACTAAATCC,6
GCCAGCTCGTATCTCT,6
GCCTAAGGGATCATGA,6
GCGTGTCTCCGAGCAA,6
GGTCCATCCCAGATCG,6
GGTCCATCTCAGATTG,6
GGTCGTTTAGATAGTT,6
GTAACCAGTTCCTGCG,6
GTAAGCAAAGTTGATC,6
GTATAAACCTGCAAAT,6
GTGCGATTGTCCAGAA,6
GTGCGATTGTCCGTAA,6
GTGCGATTGTCCTGAA,6
GTGGGATTGGAGAAAC,6
TAAAAATCCTCCATGA,6
TAACGTGATTTATCGA,6
TAATTAGAAATACATA,6
TACCCCGCAAGCCACT,6
TACCCTGAAAGCCACT,6
TACCTGCTACGGAACG,6
TACTATTCCGGCGCGG,6
TACTGATAACCCTGAG,6
TATCACGCAGAAAAAG,6
TATGTCATATCCACAG,6
TCATTGGTGTACGAGA,6
TCCAGAGCGGTAAGAG,6
TCCAGCGAGGTAAGAG,6
TCCAGCGCGGGAAGAG,6
TCCAGCGCGTTAAGAG,6
TCCAGTGCGGTAAGAG,6
TCCATCGCGGTAAGAG,6
TCTAACTCTCGTGGCA,6
TCTCAGTCCTCGTATG,6
TCTTAGTCCTCGGATG,6
TCTTAGTCCTCGTATA,6
TCTTATTAGGCGGTAT,6
TCTTATTATGCGGCAT,6
TCTTATTCCTCGTATG,6
TCTTGACATAGCGATT,6
TCTTGACATAGTGATG,6
TCTTGGTCCTCGTATG,6
TCTTTACCACTACATC,6
TGATCTGTGACATTAC,6
TGCTATTCCGGCGCTG,6
TGCTATTCTGGCGCGG,6
TGGTACGCTTCATGCT,6
TGGTCCACTTCATGCT,6
TGGTCCGCTTCATGCG,6
TGTCCATCTCAGATCG,6
TGTGACCCCCTCCAAC,6
TTACGAATTTGATTCA,6
TTATATGTAGAGCGCT,6
TTATCTGTAGAGCGCA,6
TTATCTGTAGAGCGCC,6
TTCTGTCCAGACTCGC,6
TTGGGGAACGGGAAAC,6
TTGGGGAACGTGAAGC,6
TTGTATCGGTCGCGCC,6
TTTATATCGAGAGTCA,6
TTTGTATCCAACACCA,6
AAAAAATTTATGAAAA,5
AAACCCATAAGACCCA,5
AAAGGTTCCGACTAAG,5
AACACGTAGAACCTCC,5
AACACGTGGAACCGCC,5
AACAGAGGTCCATGTA,5
AACCACCGAGTGGCCG,5
AACCCTGCAAGCCACT,5
AACGGCAAACAGTAAG,5
AACTACAAACAGTAAG,5
AACTTCCCTGACTACT,5
AACTTCCCTGACTGCG,5
AAGCCCAGCGGGGGAT,5
AAGCGGTGATGTGATG,5
AAGGCTCTAGAGCTCT,5
AATACAGAGTTTGTTG,5
AATCACTGGCACCCGT,5
AATCGCTGACACCCGT,5
AATCGCTGGAACCCGT,5
AATCGCTGGCACCCGG,5
AATGAAACAATAGAAC,5
ACAAGCAATGAGTTGT,5
ACACGGGTTGGCTGCA,5
ACAGTCCACCATTGGG,5
ACCAGAAATGAGTTGT,5
ACCAGCAATGAGTTGC,5
ACCAGCGCGGTAAGAG,5
ACCCCCGGAGCTTGGT,5
ACCCCCTGAGCTTGGC,5
ACCGAATGAATCATAC,5
ACCGAATGAGTCATCC,5
ACCGAATTAATCATCC,5
ACGGGGATTGGATGTT,5
ACGGGGATTGGCTGGT,5
ACGTGTCTCCTAGCAA,5
AGAAGATCTCAGATAC,5
AGATCCCAGTTCCTTT,5
AGCATAGGGATATGTA,5
AGCATAGTGATATGTG,5
AGCATGGGGATATGTG,5
AGCGACAAACAGTAAG,5
AGCTCCTGGGGTATTA,5
AGGAAAGAAACTGGGG,5
AGGAGAGAAACTGGAG,5
AGGAGTATGAAGATCG,5
AGGAGTATGGAGAGCG,5
AGGTTCAGACTCTTGA,5
AGTCGTCTAGATAGTT,5
AGTCGTTTAGATAGGT,5
AGTGTTTGCTTGGTTA,5
AGTTTGGGTCTCCCTT,5
ATACACGCATGTGCCT,5
ATAGAATCACAAATTA,5
ATAGCACAGCGTAGGC,5
ATCGGGATAATCGCGC,5
ATCTCCTGGGGTATCA,5
ATGGGATGGGAGAAAC,5
ATTAGGTCTACGTGAG,5
ATTCAGAATGGGGTAG,5
ATTCCTAATGGGGTAG,5
ATTGTTGAATAGGCGA,5
CAAATGCTACATTAGG,5
CAATCAGAAATACATA,5
CAATTAGAAGTACATA,5
CACCATCAACACCTAG,5
CACGGGCTAATGTCCC,5
CAGAAACTCGTTGTCT,5
CAGAACCTCATTGTCT,5
CAGGATCTAGAGCTCT,5
CAGGCTCTAGAGCTAT,5
CAGGCTCTAGAGCTCA,5
CAGTTAGAAATACATA,5
CATGGGAATTGCAACT,5
CATGGGAATTGCCAAT,5
CATGGGAATTGCCACG,5
CATGGGAATTGTCACT,5
CATGTGGAGCCAAACA,5
CATTGAGACGAGCAAG,5
CATTTCCGATGAATTG,5
CCAACACAAAAAAGTA,5
CCAAGCTTGGCGCATT,5
CCCTGCGCGGCTCGAG,5
CCCTGTGAAATAAGCT,5
CCCTTCGCGGCTCGGG,5
CCTGATAAATCAGAAC,5
CCTGGGTTAAGTTGGG,5
CCTGTGTTAAGTTGTG,5
CCTTGATACATTCCCG,5
CCTTGATGCATTCCCC,5
CCTTGATGTATTCCCG,5
CGCAACACCCTTCCGG,5
CGCGACACCCTTCAGG,5
CGGAACCTCGTTGTCT,5
CGGACACTAGATGGTA,5
CGGACCCTAGATGGGA,5
CGGACCCTGGATGGTA,5
CGTGGACCCTTCAGCA,5
CGTGGCCCCCTCCAAC,5
CGTGTACCCGTCAGCA,5
CGTGTACCCTCCAGCA,5
CGTGTACCCTTCACCA,5
CGTGTACCTTTCAGCA,5
CGTGTGCCCTTCAGCA,5
CTAGCACAGCGTAGAC,5
CTAGCACGGCGTAGGC,5
CTAGCGCAGCGTAGGC,5
CTATATTTCCCGGAAG,5
CTATCACAGCGTAGGC,5
CTATCTTAATCTAAAG,5
CTATTTAACAGAAGTA,5
CTGAACTTATCTTTGG,5
CTGACCCTAGATGGTA,5
CTGAGCTTCCAATAAG,5
CTGATCTGCCAATAAG,5
CTGGAGGCCTGGACCC,5
CTGGAGGTCTGGCCCC,5
CTTAACTTATCTGTGG,5
CTTAGCTGCCAATAAG,5
CTTAGGTATCATATGC,5
CTTCGGCTCTTGGTTA,5
CTTGAGGCCTGGCCCC,5
GAAGCGTGCCGGTCAT,5
GAATAATAGAAAAGAG,5
GAATTAGAAATACATA,5
GACGGCGTTAGTGTCA,5
GACGGGATGGGCAAGT,5
GACGGGATGGGCACGG,5
GACTAAAGGATCATGA,5
GAGAGCTGCAGAAGAG,5
GAGGGGTAGAGATACA,5
GAGGGGTGGAGATACG,5
GATAACGCAGAAAAAG,5
GATCGACATCGACTTC,5
GATCGCCATAGACTTC,5
GATCGCCATCTACTTC,5
GATCGCTGGCACCCGT,5
GATTCGGATGCCCACC,5
GCAAACAGTGTAGTCG,5
GCAGCGTGCCGGTCAC,5
GCATCCTCAACTCCCA,5
GCATGGAACTAACCCC,5
GCATGGAACTAACTCA,5
GCCAGCTCGTATCCCA,5
GCCAGCTCTTATCCCT,5
GCCATCTCGTATCCCT,5
GCGAAGTTTCATAGAG,5
GGAAAATCTCAGATAC,5
GGACAAACCTGCAAAT,5
GGCTGAATTAAGTATG,5
GGTCCATCTCGGATCG,5
GGTCCATCTTAGATCG,5
GTACAAACCTGCAAAG,5
GTACCCAGTTACTGCG,5
GTACCCAGTTCCTGCT,5
GTAGAACTGCGGCCCT,5
GTAGAACTGCGGCCTC,5
GTATGGAACTAACTCC,5
GTCAAGTTACTGATGG,5
GTGAGCGAGAAAAGTA,5
GTGAGTGAGAAAAGCA,5
GTGCAAACCTGCAAAT,5
GTGCTATTGTCCGGAA,5
GTGGCATCAAGCCGGG,5
GTGGTATAAAGCCGGG,5
GTGGTATCAAGCCGTG,5
GTTCCATCTCAGATCG,5
GTTGCTCCGACACTCC,5
TAAAGTGATTTCTCGA,5
TAATGATAACCCTGCG,5
TACCCTGCAAGCCAAT,5
TACCCTGCAAGCCACC,5
TACGGCCGGCGAACTC,5
TACTGATAACCCGGCG,5
TACTGATGACCCTGCG,5
TAGCATTGTAGGAAAG,5
TAGTCCGTTGGGAACT,5
TAGTCGCACTACTGCT,5
TATGTCGTAGCCACAG,5
TATGTCGTATCCAAAG,5
TATTAAGAGAAGGGCG,5
TCATGGGTGTACGAGG,5
TCATGGGTGTACGGGA,5
TCCTATGAAATAAGCT,5
TCGAACGAAGTAGGAT,5
TCGTCCATTGGGAACT,5
TCGTCCGTTGGGAACC,5
TCGTCTGTTGGGAACT,5
TCTTAGTCCTCGTATT,5
TCTTATTAGGCGACAT,5
TCTTGACATAGCGAGG,5
TCTTGACATATCGATG,5
TCTTGACGTAGCGATG,5
TGAACCGCAGACACGT,5
TGAGGTGGTCGATCCG,5
TGGGGACAAGATTGTA,5
TGGTCCGCTTCATACT,5
TGGTCCGCTTCATTCT,5
TGTAATAGGCGTCACG,5
TGTAATAGGCGTCACT,5
TGTAATGGGCGTCACA,5
TGTTGAGCCAGTCCGA,5
TGTTGAGCCAGTCTGG,5
TGTTGAGCCAGTCTGT,5
TGTTGAGCCATTCTGA,5
TGTTGAGTCAGTCTGA,5
TTACGAATTTGGTTCC,5
TTATCTGTAGAGCGAT,5
TTCATCAAGTTGGTGT,5
TTCTGTCCAGACTCAT,5
TTGCTCCTTAGTAGTA,5
TTGGGAAACGGGAAGC,5
TTTATATAGAGATTCA,5
TTTATATCAAACACCA,5
TTTATATCGAGATTCG,5
TTTCGGCGTTGTTTTG,5
AAAAAATTTATGACGA,4
AAAAAATTTATGGCAA,4
AAAAAATTTGTGACAA,4
AAACACCGAGTGACCG,4
AAAGTCCACCATTGAG,4
AACAGAAGCCCATGTA,4
AACAGAAGTCAATGTA,4
AACAGAAGTCCATTTA,4
AACAGAATTCCATGTA,4
AACCACCAAGTGACCG,4
AACCACCGAGTGACGG,4
AACCTACGAGACGTGA,4
AACCTACTAGACGTAA,4
AACGGTGCCGACTAAG,4
AACGGTTACGACTAAG,4
AACGGTTCCGAATAAG,4
AACGGTTCCGACTGAG,4
AACGTTTCCGACTAAG,4
AACTACCGAGTGACCG,4
AAGAAGCTAGAGAAGT,4
AAGAGGTGATGTGATT,4
AAGGTCCCGATGTAAT,4
AAGGTCCCTATGGAAT,4
AAGTATGATTTTCGAG,4
AAGTTAAGAGAAAGTG,4
AATAGCTGGCACCCGT,4
AATCGCTGGCACACGT,4
AATCGCTTGCACCCGT,4
AATGAAACAATTGAAC,4
AATGCGAGAATGTCAA,4
AATGCGAGCATGTCGA,4
AATTCGTGAGTACGAG,4
AATTTCTGATGAATTG,4
ACAAACAGTGTAGTTG,4
ACAAGATTCGGGGGGC,4
ACAAGCTTGGCGCATC,4
ACAATCTGAACAATAC,4
ACAATCTGAACCATGC,4
ACACGGGTTGGCTGGA,4
ACACGGGTTGGCTTTA,4
ACACTGGTTGGCTGTA,4
ACAGTCTGAACCATAC,4
ACATTTTCAAATAGGT,4
ACCAACAATGAGTTGT,4
ACCAGCAATAAGTTGT,4
ACCAGCAATGAGGTGT,4
ACCAGCAATGAGTTTT,4
ACCGAATGAATCATCT,4
ACCTATGAAATAAGCT,4
ACGAACGAAGTAGGAG,4
ACGGGGATTGGCGGTT,4
ACGGGGATTGGCTGTG,4
ACGTATGATTTTCGAT,4
ACGTATGATTTTCGGG,4
ACGTATGATTTTCTAG,4
ACGTCCATTAAGATAA,4
ACGTGCCTCCGAGCAA,4
AGAAAACCTCAGATAC,4
AGAAAATCTCGGATAC,4
AGAAAATTTATGACAA,4
AGCATAGGGATATGCG,4
AGCATAGGGATGTGTG,4
AGCATAGGGGTATGTG,4
AGCATCTAACAGGTAG,4
AGCATCTAACATATAG,4
AGCGTAGGGATATGTG,4
AGCTCCGGGGGTATCA,4
AGCTCCTGGGGCATCA,4
AGCTCCTGGGGGATCA,4
AGCTCCTGGGGTATAA,4
AGGAAAGAAAATGGAG,4
AGGAGTAGGAAGAGCG,4
AGGAGTATGAAGGGCG,4
AGGCCCGTAAGTACTA,4
AGGCTCAGACTCTTGC,4
AGGTTCAGAATCTTGC,4
AGTAGTTTAGATAGTT,4
AGTCCCGTAAGGACTA,4
AGTCGTTTGGATAGTT,4
AGTGTCGAATAGGCGA,4
AGTGTTGAATAGGAGA,4
AGTGTTGAGTAGGCGA,4
AGTGTTGGATAGGCGA,4
AGTGTTGGATTGGTTA,4
ATAAACGAGGTTGTGA,4
ATAAACGCATGTGCCA,4
ATAACTGAGGGAATTG,4
ATACACGCATGTTCCA,4
ATGAGCGAGAAAAGCA,4
ATGAGGGATTCAACTC,4
ATGGCCCACTGGCATA,4
ATGGGATTGGAGAGAC,4
ATGGGATTGGAGGAAC,4
ATGGTATCAAGCCGGG,4
ATTAGGGATACGTGAG,4
ATTAGGGCTAAGTGAG,4
ATTAGGGCTACTTGAG,4
ATTCCGAATGGTGTAG,4
ATTCCGAATTGGGTAG,4
ATTCGTTTAGATAGTT,4
ATTCTGAATGGGGTAG,4
ATTGCGAATGGGGTAG,4
ATTTAAATTCGGGGAC,4
ATTTACTCATTATGCG,4
ATTTGGGGTCTCCCTT,4
CAAATGCTGCATTATG,4
CAAATGCTTCATTAGG,4
CAATTAAAAATACATA,4
CAATTAGAAATACAGA,4
CAATTAGAAATAGATA,4
CAATTAGAAATGCATA,4
CACAATCAGCACCTAG,4
CACCATCAGCAACTAG,4
CACCATCATCACCTAG,4
CACGGCCGGCGAACCC,4
CACGGCCTGCGAACTC,4
CACTAGATTTACAGTC,4
CACTATGAAATAAGCT,4
CAGAACCTAGTTGTCT,4
CAGACTCTAGAGCTCT,4
CAGGAATCTCCCATAC,4
CAGGCTATAGAGCTCT,4
CAGGCTCTGGAGCTCT,4
CATACAGAGTTTTTTG,4
CATGGGAATTGCCACA,4
CATGTGAATTGCCACT,4
CATTGAGACGCGCAGG,4
CATTGAGACGCTCAAG,4
CATTGAGGCGCGCAAG,4
CCAAGCGTGGCGCATC,4
CCCGGGTTAAGTTGTG,4
CCCTATGAAATAAGTT,4
CCCTATGGAATAAGCT,4
CCCTGCGCAGCTCGGG,4
CCCTGCGCTGCTCGGG,4
CCCTTTACGGATCTCC,4
CCTGGGGTAAGTTGTG,4
CCTGGGTTAAGTTATG,4
CCTTGATGCATTCCCT,4
CCTTGGTTAAGTTGTG,4
CGCGACACCCTCCCGG,4
CGCGACGCCCTTCCGG,4
CGCTACACCCTTCCGG,4
CGGACCATAGATGGTA,4
CGGACCCTAGATGGCA,4
CGGACCCTATATGGTA,4
CGGGCTCTAGAGCTCT,4
CGTACAGAGTTTGTTG,4
CGTGACACCCTTCCGG,4
CGTGACCACCTCCAAC,4
CGTGACCCCCCCCAAC,4
CGTGGGAATTGCCACT,4
CGTGTACCCTTCAACA,4
CGTGTACCCTTGAGCA,4
CGTTCAGAGATAACGG,4
CGTTCAGTGATAACGG,4
CTAATTTAAGTAGCAA,4
CTAATTTAAGTATCAG,4
CTACCTTAATCTACAG,4
CTAGCACAGCGTAGTC,4
CTAGTACAGCGTAGGC,4
CTATATTGACCGGAAG,4
CTATCCTAATCTACAG,4
CTATCTGTAGAGCGCT,4
CTATTAGAAATACATA,4
CTATTTAACAGACGTG,4
CTCAAATAATTGGTGC,4
CTCGACACCCTTCCGG,4
CTGAACTTATCTGTTG,4
CTGAGCTACCAATAAG,4
CTGCCAGGGAATCAAA,4
CTGGAGGACTGGCCCC,4
CTGGAGGCCTGGCCCT,4
CTTAAAGAATACTAGA,4
CTTACAAAATACTAGA,4
CTTACAGAATACTATA,4
CTTAGGCATTATATGC,4
CTTAGGTACTATATGC,4
CTTAGGTATTATATGG,4
CTTAGGTGTTATATGC,4
CTTCGGCTCCTGATTA,4
CTTCGGCTCTTTATTA,4
CTTCTGCTCTTGATTA,4
CTTTTCTAGTACGCTC,4
CTTTTCTAGTACTCTT,4
GAAAAATTTATGACAA,4
GAAAGCCCAGTGCAAT,4
GAAAGTCCCTATGAGG,4
GAAATCCCCAAAGAAC,4
GAAGTACGCTTAATGA,4
GAAGTGCATATTGAGT,4
GAAGTGCGTATTGAAT,4
GAATAATGGAACAGAG,4
GAATTACGCTGAATGA,4
GACAGAAGTCCATGTA,4
GACCACGCAGAAAAAG,4
GACCCTGCAAGCCACT,4
GACGGTTCCGACTAAG,4
GAGGGGATACGTCACA,4
GATAGCCATCGACTTC,4
GATCACACAGAAAAAG,4
GATCGCCATCGAATTC,4
GATCGCCATCGACGTC,4
GATCGCCATCGACTTT,4
GATCGCGCAGAAAAAG,4
GATCTTGGGGAGAGTA,4
GATCTTTGGGAGAGTC,4
GATTCAGATGCCCACA,4
GATTCGTGAGTACTAG,4
GCAATCTGAACCATAC,4
GCAGTCCACCATTGAG,4
GCATCCTCAAATCCTA,4
GCATCCTCAACTCATA,4
GCATCCTCAGCTCCTA,4
GCATGGAACTAACTAC,4
GCATGTAACTAACTCC,4
GCCAGATCGTATCCCT,4
GCCAGCTCGTATCCAT,4
GCCGAATGAATCATCC,4
GCCTAAAGGACCATGA,4
GCGAAGTCTCATAGCG,4
GCGGTATCAAGCCGGG,4
GGATGGAACTAACTCC,4
GGCATCTAACAGATAG,4
GGTACATCTCAGATCG,4
GGTCAATCTCAGATCG,4
GGTCCACCTCAGATCG,4
GGTCCATCTCAGATAG,4
GGTCCATCTCAGGTCG,4
GGTCCATCTCATATCG,4
GGTGTACCCTTCAGCA,4
GTAAGCAAAGTTGACA,4
GTAATTCGCATGAGGA,4
GTACAAACCTGCAAAA,4
GTACAAACCTGGAAAT,4
GTACACGCATGTGCCA,4
GTACATCCTAGTGACG,4
GTACCCAGTTCATGCG,4
GTACCCAGTTCCGGCG,4
GTACCCAGTTCCTACG,4
GTACCCAGTTCCTGCA,4
GTAGAACTGCGGTCCC,4
GTCAAGTTGCGGATGG,4
GTGAGAGAGAAAAGCA,4
GTGAGATTGTCCGGAA,4
GTGAGCGAGAAAATCA,4
GTGGTATCAAGCCACT,4
GTGGTATCGAGCCGGG,4
GTGGTTTTACGTCCAT,4
GTGTTATCAAGCCGGG,4
GTTAGCGAGAAAAGCA,4
TAAAAAGCCTCCATTA,4
TAACCTGCAAGCCACT,4
TACAGCGCGGTAAGAG,4
TACATACCTACGCAGT,4
TACCAATGTCATTCGA,4
TACCAATGTCATTTGG,4
TACCCCTTGTAAGATG,4
TACCCTGCAAGACACT,4
TACCCTGCAAGCAACT,4
TACCCTGCAAGTCACT,4
TACCCTGTAAGCCACT,4
TACCTGCTGTGGAACG,4
TACGGGCTAATGTCTC,4
TACTAATGCCGTTGCC,4
TAGAATTGTCGGAAAG,4
TAGCATTGTCAGAAAG,4
TATGTCGTATCAACAG,4
TATGTCGTATCCACAA,4
TATGTCGTATCCACAT,4
TATTAAGAGAAGTTCG,4
TATTAGTCCTCGTATG,4
TCAATAGGGGGCTAAA,4
TCATGGGTGCACGAGA,4
TCATGGGTGGACGAGA,4
TCATGGGTGTACGAGT,4
TCATGGGTGTACTAGA,4
TCCAGCTCGTATCCCT,4
TCGAGTTAATATGCAC,4
TCGAGTTAATATGCGA,4
TCGAGTTAATATGTGC,4
TCGATTACTATCCGGA,4
TCTGGGTTAAGTTGTG,4
TCTTAGGGTGAACGAT,4
TCTTAGTCCTCATATG,4
TCTTGACATAACGATG,4
TCTTGACATAGCTATG,4
TCTTGATGCATTCCCG,4
TCTTTACTACTGCATC,4
TGAAGTGGTATACATA,4
TGATATGTGACATTGC,4
TGATCCGCTTCATGCT,4
TGATCTGTGACATTGT,4
TGCGGTGGTCGATCCA,4
TGCTATTCCGGAGCGG,4
TGCTATTCCGGCGCGT,4
TGCTATTCCGTCGCGG,4
TGCTATTCCTGCGCGG,4
TGGTCAGCTTCATGCT,4
TGGTCCGCTTAATGCT,4
TGGTCGGGACTCATCT,4
TGGTTCAGACTCTTGC,4
TGTGGAGCGCCCTCAC,4
TGTGGAGTGCCCTTAC,4
TGTGGTGGTCGATCCG,4
TTACGAATTCGATTCC,4
TTACTAATTTGATTCC,4
TTCCGTCCAGACTCGT,4
TTGAAATTGAAACATA,4
TTGACTCACCTAATAA,4
TTGCGAATTTGATTCC,4
TTGGGGAACGAGAAGC,4
TTGTATCAGTCGCGCA,4
TTGTCCGCTTCATGCT,4
TTTAAGCGTTGTTTTG,4
TTTATATCCAACACCG,4
TTTATATCCAACGCCA,4
TTTATATCCAGCACCA,4
TTTCACGGAACCTATC,4
TTTCGTGATACTAACA,4
TTTCGTGATACTCTCA,4
AAAAAAATTATGACAA,3
AAAAAAGTTATGACAA,3
AAAAAATTGATGACAA,3
AAAAAATTTATGACAG,3
AAAATGCTGCATTAGG,3
AAACCCATGAGACCCC,3
AAACCCGTAAGACCCC,3
AAACGGGTTGGCTGTA,3
AAAGCTCTTTTCGTTA,3
AAATCCACAATATCCA,3
AAATTCAAAATATCCA,3
AAATTCCCTGACTGCT,3
AACACGTAGAACCACC,3
AACACGTAGAACCGAC,3
AACACGTAGAACCGCT,3
AACAGGAGTCCATGTA,3
AACCAATCTTCGAACT,3
AACCACCGAATGACCG,3
AACCACCGATTGACCG,3
AACCACCGGGTGACCG,3
AACCGCCGAGTGACCG,3
AACCTACGAGAAGTAA,3
AACCTACGAGACGCAA,3
AACCTACGAGGCGTAA,3
AACGAAAAACAGTAAG,3
AACGACAAACATTAAG,3
AACGACAAACGGTAAG,3
AACGACAAAGAGTAAG,3
AACGACAGACAGTAAG,3
AACGGTTCCTACTAAG,3
AACGGTTCTGACTAAG,3
AACTAGATGTACAGTC,3
AACTTCCCTGACTGAT,3
AACTTCCCTGACTTCT,3
AACTTCCCTGGCTGCT,3
AAGATTGATTGGAGTT,3
AAGCAAATAGACCGAA,3
AAGCGGTGATGTTATT,3
AAGGGGATTGGCTGTT,3
AAGGGGTCTCATAATG,3
AAGTATTGCTAAACAT,3
AAGTGAACGTCATACC,3
AATCGCCATCGACTTC,3
AATCGCTGGCACCCGA,3
AATCGCTGGCAGCCGT,3
AATCGCTGGGACCCGT,3
AATGAAACAATCGAAT,3
AATGAAACAATCGAGC,3
AATGAAACAATCTAAC,3
AATGACAAACAGTAAG,3
AATGAGACAATCGAAC,3
AATGCGAGCATGCCAA,3
AATGGGCCTCATAATG,3
AATGGTTCCGACTAAG,3
AATGTGGAGCCCAACA,3
AATTCGTGAGTACTAT,3
AATTGAACGTAATACC,3
AATTGAGACGCGCAAG,3
ACAAGATTAGGGGGAC,3
ACAAGATTCGGGGGAA,3
ACAAGATTCTGGGGAC,3
ACAATCTGAACCAGAC,3
ACACGGGGTGGCTGTA,3
ACACGGGTTGGCGGTA,3
ACACGGGTTGGTTGTA,3
ACAGCGTGCCGGTCAT,3
ACAGGAAGTTGCCAAG,3
ACAGTACGATCTAAGC,3
ACAGTATGATCTACGC,3
ACAGTCCAACATTGAG,3
ACAGTCCACCATTGAT,3
ACATATGATTTTCGAG,3
ACCAAATGAATCATCC,3
ACCAGCAATGAGTTAT,3
ACCAGCAATGGGTTGT,3
ACCAGCGATGAGTTGT,3
ACCAGTAATGAGTTGT,3
ACCATCAATGAGTTGT,3
ACCCCCGGAGCTTGTC,3
ACCCCCGTAGCTTGGC,3
ACCGATTCACGAAGAA,3
ACCGGCAATGAGTTGT,3
ACCGTTGTATACACCA,3
ACGGGGATTGGCTATT,3
ACGGGGATTGGCTGCT,3
ACGGTCCCTATGTAAT,3
ACGGTGATTGGCTGTT,3
ACGTATGATTTTAGAG,3
ACGTCCATTAAGAGCA,3
ACGTCCATTGAGATCA,3
ACGTCGCACTACTGCT,3
ACGTGTCCCCGAGCAA,3
ACGTGTCTCCAAGCAA,3
ACGTGTCTCCGAGAAA,3
ACGTGTCTCCGAGTAA,3
ACGTGTCTCTGAGCAA,3
ACTACGAGGCTACTTA,3
ACTATGAGGCTACGTA,3
ACTATGGCTCGCTAAT,3
ACTGTCTAGAAATGTT,3
ACTTGTCTCCGAGCAA,3
AGAAAATCTCAGAAAC,3
AGAAAGTCTCAGATAC,3
AGACCATCTCACCCAA,3
AGATACCAGGTCCTTT,3
AGATCACAGGTCCTTT,3
AGATCCCAGGTCCCTT,3
AGATCCCAGGTCCTTG,3
AGCAGAAGTCCATGTA,3
AGCATAGGGATATGTT,3
AGCATCTAACAGATAT,3
AGCATCTAACAGATCG,3
AGCATCTAACGGATAG,3
AGCCCCTGGGGTATCA,3
AGCGACATCGCCCGTT,3
AGCGCCTGGGGTATCA,3
AGCTACTGGGGTATCA,3
AGCTCCTGGGGTACCA,3
AGCTCCTGGGGTAGCA,3
AGCTCCTGGGGTATCC,3
AGGAAAGAAACCGGAG,3
AGGAAAGAAACGGGAG,3
AGGAAATCTCAGATAC,3
AGGACTATAGTTGGCG,3
AGGAGCATGAAGAGCG,3
AGGAGGATGAAGAGCG,3
AGGAGTATGAAGAGCT,3
AGGAGTATGAATAGCG,3
AGGAGTATGAGGAGCG,3
AGGAGTGTGAAGAGCG,3
AGGATAGGGATATGTG,3
AGGCCCGTAAGGACGA,3
AGGGGACAAGATTGTA,3
AGGGGGATTGGCTGTT,3
AGGGGGCCTCATAATG,3
AGGTTCAGACTCCTGC,3
AGGTTCATACTCTTGC,3
AGTACAGTGTAATCGA,3
AGTATTTGCGCTTCAT,3
AGTCGTTTAGGTAGTT,3
AGTCTTTTAGATAGTT,3
AGTGACCCCCTCCAAC,3
AGTGTTGAAGAGGCGA,3
AGTGTTGAATAGTCGA,3
AGTGTTGGCTTGGCTA,3
AGTGTTGGCTTGGTGA,3
AGTTCCTGGGGTATCA,3
AGTTGGGGTATCCCTT,3
AGTTGGGGTCTCCCCT,3
AGTTTTTATAACTCGC,3
AGTTTTTATAACTTGT,3
ATAACGTTTTTGCAAA,3
ATAACTGGGGGCATTG,3
ATAAGGATAATCGCGC,3
ATACACGCATGTACCA,3
ATACACGCATGTGTCA,3
ATAGAACTGCGGCCCC,3
ATAGGATATATGGATG,3
ATAGGATATATGGCTA,3
ATAGGATATGTGGCTG,3
ATAGGATTGGAGAAAC,3
ATATATTGCCCGGAAG,3
ATATGATATATGGCTG,3
ATCAGGATAATCGCAC,3
ATCTAAATTCGAGGAC,3
ATGAGCTGCCAATAAG,3
ATGGCACACGGGCATA,3
ATGGCCAACGGGCATA,3
ATGGCCCAAGGGCATA,3
ATGGCCCATGGGCATA,3
ATGGGATATATGGCTG,3
ATGGGATTGGAGAAAT,3
ATGGGATTGGATAAAC,3
ATGGTTTCACGTCCAT,3
ATGGTTTTACGTCCAC,3
ATGTATGATTTTCGAG,3
ATGTCCATTAAGATCA,3
ATGTGATTGGAGAAAC,3
ATTAGGGCTACGTGAT,3
ATTAGGGCTACGTTAG,3
ATTAGGGCTATGTGAG,3
ATTATATCCAACACCA,3
ATTATTTGCGCTTCAA,3
ATTCCGAATGGGGGAG,3
ATTCCGAATGGGGTGG,3
ATTGTTTTACGTCCAT,3
ATTTAAATTCGAGGAA,3
ATTTAAATTCGAGGAT,3
ATTTACTCATTATACT,3
ATTTTTCTATAGCTAC,3
ATTTTTCTATGGCTAT,3
CAAAATCTATGGCGAC,3
CAAAGCTTGGCGCATC,3
CAAATGTTGCATTAGG,3
CAACATCAGCACCTAG,3
CAAGTAGAAATACATA,3
CAATGAGAAATACATA,3
CAATTAGAAAGACATA,3
CACAGCCGGCGAACTC,3
CACCATCAGAACCTAG,3
CACCATCAGCATCTAG,3
CACCATCGGCACCTAG,3
CACCCTGCAAGCCACT,3
CACGACACCCTTCCGG,3
CACGGACGGCGAACTC,3
CACGGCCGACGAACTC,3
CACGGGAATTGCCACT,3
CACGGGATAATGTCTC,3
CACTAGATGTACAGGC,3
CACTTCTGATGAATTG,3
CAGAAAAGACTGTATA,3
CAGACCCTAGATGGTA,3
CAGAGCCTCGTTGTCT,3
CAGGAAATGTAAATGA,3
CAGGCTCTAGATCTCT,3
CAGTAGTTGTCATTGG,3
CATACAGAGGTTGTTG,3
CATACAGAGTTTGGTG,3
CATACAGAGTTTGTTT,3
CATCGAGACGCGCAAG,3
CATGCAGAGTTTGTTG,3
CATGGGAATTACCACT,3
CATGGGAATTGCCGCT,3
CATGTGGAGACCAACA,3
CATGTGGAGCCCAATA,3
CATTGAGATGCGCAAG,3
CATTGATGCATTCCCG,3
CATTGGAATTGCCACT,3
CCAAAACAAAAAATTA,3
CCAACACAAAAAATGA,3
CCAACACAAAAAATTG,3
CCAAGCTCGGCGCATC,3
CCAAGCTTGGCGCACC,3
CCAAGCTTGGCGTATC,3
CCAAGCTTGGCTCATC,3
CCAAGTTTGGCGCATC,3
CCATATTGCCCGGAAG,3
CCATGGGTGTACGAGA,3
CCATTTACGGATCTCT,3
CCCCTCCTCCAAAGTT,3
CCCCTCCTCTAAATTT,3
CCCTATGAAATAAGCC,3
CCCTATGAAATAAGCG,3
CCCTATGAAGTAAGCT,3
CCCTGCGCGGCCCGGG,3
CCCTGCTCGGCTCGGG,3
CCCTTTACGGATCGCT,3
CCGAGGGATTCAACTC,3
CCGGAGGCCTGGCCCC,3
CCGGATAAATCAGAGC,3
CCTACAGAATACTAGA,3
CCTCGGCTCTTGATTA,3
CCTGGGTTAAGTTGTT,3
CCTGGGTTGAGTTGTG,3
CCTTGATGAATTCCCG,3
CCTTGATGCATTACCG,3
CCTTGATGCATTCCAG,3
CCTTTACCACTGCATC,3
CGAAAACATTAAAAAT,3
CGAAAACATTGCAAAT,3
CGAAACACGTCCAAGT,3
CGAACCTCAGACACGT,3
CGACCAGGGAATCAAA,3
CGCACTTTACTAGACA,3
CGCGACAACCTTCCGG,3
CGCGACACCATTCCGG,3
CGCGACACCCCTCCGG,3
CGCGACACCCTTACGG,3
CGCGACACCCTTCCGC,3
CGCTATTCCGGCGCGG,3
CGGACAGTGTAATCGA,3
CGGGAAAATACATAAC,3
CGGGAAATGTAAGTGA,3
CGGTCGGGAATCATCT,3
CGTACAGTGGAATCGA,3
CGTACAGTGTGATCGA,3
CGTACATTGTAATCGA,3
CGTGCACCCTTCAGCA,3
CGTGTACCCTTTAGCA,3
CGTGTATCCTTCAGCA,3
CGTTCAGCGATAAAGG,3
CGTTCATCGATAACGG,3
CGTTGAGCCAGTCTGA,3
CTAACACAGCGTAGGC,3
CTAATTTAAGTATAAA,3
CTACAAACCTGCAAAT,3
CTACTAGGGGACGATT,3
CTAGAACAGCGTAGGC,3
CTAGCAAAGCGTAGGC,3
CTAGCACAGCGTAGGA,3
CTAGCACAGCGTGGGC,3
CTATATCGCCCGGAAG,3
CTATATTAATCTACAG,3
CTATATTGCACGGAAG,3
CTATATTGCCCGGAGG,3
CTATATTGCCTGGAAG,3
CTATCTTAATATACAG,3
CTATCTTAATCCACAG,3
CTATTTAACGGACGTA,3
CTCCTAGGGGAAGATT,3
CTCTTCTAGTACGCTT,3
CTGAACTTATCTGTGC,3
CTGAGCTGCCAATAAT,3
CTGAGCTGTCAATAAG,3
CTGAGGGATTAAACTC,3
CTGGACTTATCTGTGG,3
CTGGAGGCCCGGCCCC,3
CTGGAGGCCTGGCACC,3
CTGGAGGCCTGGCCTC,3
CTGGAGGCCTTGCCCC,3
CTGGATGCCTGGCCCC,3
CTGTACATGCAGTTGA,3
CTGTACCTGAAGTTGA,3
CTGTAGGCCTGGCCCC,3
CTTACAGAGTACTAGA,3
CTTACAGTGTAATCGA,3
CTTACTGCGCGAGAGG,3
CTTAGGGATTCAACTC,3
CTTCGGCTCTTGAGTA,3
CTTCGTCTCTTGATTA,3
CTTGGGTATTATATGC,3
CTTTAAATTATAGTCA,3
CTTTAAATTATAGTCC,3
CTTTTCTAGTAAGCTT,3
GAAAGCACCGTGCAAT,3
GAAAGCCCCGTACAAT,3
GAAAGTCCCTATTATG,3
GAAATCCCAAAATAAC,3
GAACAAACCTGCAAAT,3
GAAGAAACGATAACCA,3
GAAGAAAGTATAACCA,3
GAAGGGTAGAGATACG,3
GAAGTACGATGAATGA,3
GAAGTGCGTATTTAGT,3
GAATAAGAGAACAGAG,3
GACAAACGGGACATAT,3
GACGGGATGGGCACAT,3
GACGGGATGGGGACGT,3
GACGGTATGGGCACGT,3
GAGAGATGCAGAAGCG,3
GAGAGCTACAGAAGCG,3
GAGAGCTGCAAAAGCG,3
GAGAGCTGCAGAATCG,3
GAGCGGTGATGTGATT,3
GAGCTTGCTATTGATC,3
GAGGGGATAAGTCACC,3
GAGGGGATACGTAACC,3
GAGGGGTATAGATACG,3
GAGGTGTAGAGATACG,3
GATCACGAAGAAAAAG,3
GATCACGCAGAAAAAC,3
GATCACGCAGAAGAAG,3
GATCACGCAGGAAAAG,3
GATCACGCGGAAAAAG,3
GATCACTCAGAAAAAG,3
GATCCATCTCAGATCG,3
GATCGCCACTGAGAAG,3
GATCGCCATCGACTTA,3
GATCGCCATTGACTTC,3
GATCTCCATCGACTTC,3
GATCTTGTGGAGAGTC,3
GATTCAGATGACCACC,3
GATTCAGATGCCCACT,3
GCAAAAAGTGTAGTTG,3
GCAAGCTCGTATCCCT,3
GCAGCGTACCGGTCAT,3
GCAGCGTGTCGGTCAT,3
GCATCCTCAACTCCGA,3
GCATGAAACTAACTCC,3
GCATGGAACTAATTCC,3
GCATGGAGCTAACTCC,3
GCATGGGACTAACTCC,3
GCATTGAACTAACTCC,3
GCCAGCTCATATCCCT,3
GCCAGCTCGTACCCCT,3
GCCTAAAGGATAATGA,3
GCGAAGTTTCATATCG,3
GCGAAGTTTCATGGCG,3
GGACCATCGCACCCAA,3
GGATCCCAGGTCCTTT,3
GGCTCCTGGGGTATCA,3
GGGACTATAGTTGGCA,3
GGTCCATCTCAGAGCG,3
GGTCCATCTCAGATCA,3
GGTCGCCATCGACTTC,3
GTAAACAGTGTAGTTG,3
GTAAATACTAGGACCA,3
GTAAGCAAAGTTGAAC,3
GTAAGCAGAGTTGACC,3
GTACACGAGGTTGTGA,3
GTACCCATTTCCTGCG,3
GTACCCGGTTCCTGCG,3
GTACCTAGTTCCTGCG,3
GTAGAAACCTGCAAAT,3
GTAGAACTGCGACCCC,3
GTAGAACTGCGGACCC,3
GTAGATACTAGGACCG,3
GTAGATACTAGGACCT,3
GTAGATACTAGTACCA,3
GTAGATACTATGACCA,3
GTAGATACTGGGACCA,3
GTCAAGTTAAGGATGG,3
GTCAGCTCGTATCCCT,3
GTCGCAGCTAATCCGA,3
GTCGCATCCTGGAAGG,3
GTCGCATCCTTGAATG,3
GTCTCCGCTAATCCGA,3
GTGAGCGAGAAAAGAA,3
GTGAGCGAGGAAAGCA,3
GTGCGATTCTCCGGAA,3
GTGCGATTGGCCGGAA,3
GTGCGATTGTACGGAA,3
GTGCGATTGTCCGGTA,3
GTGGTATCAAGCCAGG,3
GTGGTATCAAGCCGGT,3
GTGGTATCAAGGCGGG,3
GTGGTATCAGGCCGGG,3
GTTATTATGACTGCAT,3
GTTGCTCCGACACACC,3
GTTGCTCCGACACGCA,3
GTTGTATCAAGCCGGG,3
TAAATCGGGGGCTAAA,3
TAACGTGATTTCTCTA,3
TAACTTGATTTCTCGA,3
TACATGCTGCGGAACG,3
TACCAATGTCATTTTA,3
TACCATCAGCACCTAG,3
TACCCTGCAAGCCACA,3
TACCCTTCAAGCCACT,3
TACGACAAACAGTAAG,3
TACTAATAACCCTGCG,3
TACTGACAACCCTGCG,3
TACTGATAACACTGCG,3
TACTGATAACCCTTCG,3
TACTTATAACCCTGCG,3
TAGAGTTAATATGCGC,3
TAGCATTATCGGAAAG,3
TAGCATTGGCGGAAAG,3
TAGCATTGTCGGAAGG,3
TAGCATTGTCGGGAAG,3
TAGCATTGTTGGAAAG,3
TAGCCTGCAAGCCACT,3
TAGCTGATAGTAAATC,3
TAGCTGATAGTAACCC,3
TAGTCCGCTTCATGCT,3
TATCCAATGGACGGAC,3
TATCCAGGGGACGGAC,3
TATCTTGGGGAGAGTC,3
TATGGGAATTGCCACT,3
TATGTCGTATCCATAG,3
TATGTGGAGCCCAACA,3
TATTAAGAGAAGTGCT,3
TATTAAGAGAAGTGGG,3
TATTAAGAGAAGTGTG,3
TATTAAGAGGAGTGCG,3
TATTAAGGGAAGTGCG,3
TATTTCGTATCCACAG,3
TATTTCTGATGAATTG,3
TCAAACAGTGTAGTTG,3
TCAACACAAAAAATTA,3
TCAAGCGCGGTAAGAG,3
TCAATCGGGGGCGAAA,3
TCAATCGGGGGCTAAT,3
TCATGGAACTAACTCC,3
TCATGGGTGTACAAGA,3
TCATGGGTGTATGAGA,3
TCATGGGTGTGCGAGA,3
TCATGGTTGTACGAGA,3
TCATGTGTGTACGAGA,3
TCCAACTCTCGCGGCA,3
TCCAGCGCGATAAGAG,3
TCCAGCGCGGTAAGGG,3
TCCAGCGCGGTGAGAG,3
TCCGGCGCGGTAAGAG,3
TCCTAAAGGATCATGA,3
TCCTTACCACTGCATC,3
TCCTTTACGGATCTCT,3
TCGAACAAAGTAGGAG,3
TCGAAGTTTCATAGCG,3
TCGAGCGAAGTAGGAG,3
TCGAGTTAATATGAGC,3
TCGATTACTAGCCGTA,3
TCGCCCGTTGGGAACT,3
TCGTAGCACTACTGCT,3
TCGTCCGCTGGGAACT,3
TCGTCGCAATACTGCT,3
TCGTCGCACTACTGAT,3
TCGTCGCACTACTGCC,3
TCGTCGCACTACTGCG,3
TCGTCGCACTACTTCT,3
TCGTCGCACTATTGCT,3
TCTAACTCTAGCGGCA,3
TCTAACTCTCGCGGCG,3
TCTAACTCTCGCGGTA,3
TCTAACTCTCGCTGCA,3
TCTAACTCTCTCGGCA,3
TCTAACTCTTGCGGCA,3
TCTATATCCAACACCA,3
TCTGGAAACTATCCCC,3
TCTGTAAACGATCCCC,3
TCTTAGAGTGGACGAT,3
TCTTAGTCCGCGTATG,3
TCTTAGTCCTCGTGTG,3
TCTTATGAGGCGGCAT,3
TCTTATTAGGCGTCAT,3
TCTTGACAGAGCGATG,3
TCTTGACATAGGGATG,3
TCTTTACATAGCGATG,3
TCTTTACCACTTCATC,3
TCTTTGCCACTGCATC,3
TGATATTCCGGCGCGG,3
TGATCTGTGACATTGA,3
TGATCTTTTACATGTA,3
TGCACTTTACGAGACA,3
TGCAGCGCGGTAAGAG,3
TGCAGTGGTATACAGA,3
TGCCCTGCAAGCCACT,3
TGCGGTGGTCGAGCCG,3
TGCTAATGCCGTTGTC,3
TGCTATTACGGCGCGG,3
TGCTATTCAGGCGCGG,3
TGCTATTCCAGCGCGG,3
TGCTATTCCGGCGCAG,3
TGCTGATAACCCTGCG,3
TGGAAAGAAACTGGAG,3
TGGAATCATCACCGAT,3
TGGCCCGCTTCATGCT,3
TGGGAATCTCCCATAC,3
TGGGATCGTCACCGAT,3
TGGTCCTCTTCATGCT,3
TGGTCTGCTTCATGCT,3
TGTAATAGGCGGCACA,3
TGTAATAGGCGTCAAA,3
TGTAATAGGCGTCATA,3
TGTAATAGGCTTCACA,3
TGTGATAGGCGTCACA,3
TGTTGAGCCAGTATGA,3
TGTTGAGCCAGTCGGA,3
TGTTTAGCCAGTCTGA,3
TTACGAATTTGATCCC,3
TTACGAATTTGATTCT,3
TTAGGGAACGGGAAGC,3
TTATATTGCCCGGAAG,3
TTATCTGTAGAGCGCG,3
TTATCTGTAGAGTGCT,3
TTATCTTTAGAGCGCT,3
TTCTATTCCGGCGCGG,3
TTGAAAAAATCATGAA,3
TTGAACTTATCTGTGG,3
TTGACTCACCGAAGAA,3
TTGAGCTGCCAATAAG,3
TTGATCCTGAGTAGTA,3
TTGCGATTGTCCGGAA,3
TTGCTACTGAGTAGTA,3
TTGCTCCCGAGTAGTA,3
TTGGAGAACGGGAAGC,3
TTGGGATTGGAGAAAC,3
TTGGGGAACGGGAACT,3
TTGGGGAACGGGGAGC,3
TTGGGGAGCGGGAAGC,3
TTGTATCAATCGCGCC,3
TTGTATCAGTCGCGAC,3
TTTAACAGAACCTATC,3
TTTAATAGGCGTCACA,3
TTTATATCCAACACAA,3
TTTATATCGAGATTCT,3
TTTATATCTAACACCA,3
TTTCACAGAACCTATA,3
TTTCAGCGTTGTCTTG,3
TTTCAGCGTTGTGTTG,3
TTTCAGCGTTGTTGTG,3
TTTCAGCGTTTTTTTG,3
TTTCAGCTTTGTTTTG,3
TTTCATAGAACCTATC,3
TTTCGTGATACTCACG,3
TTTCTCCTGAGTAGTA,3
AAAAAATCTCAGATAC,2
AAAAAATGTATGACAA,2
AAAAAATTTACGACAA,2
AAAAAATTTATGACAT,2
AAAAAATTTATGAGAA,2
AAAAAATTTATGATAA,2
AAAATCTGAACCATAC,2
AAACCCAGAAGACCCC,2
AAACCCATAAGACACC,2
AAACCCATAAGACCAC,2
AAACCCATAAGACCCT,2
AAACCTCTTTTCGTTC,2
AAACTCATAAGACCCC,2
AAAGAATTTATGACAA,2
AAAGCTCTTTTCGTCC,2
AAAGGAGCGCCTTCAA,2
AAAGGCGCGCCCTCAA,2
AAAGGCTCGCCTTCAA,2
AAAGTAGCAGAGGATC,2
AAAGTGCGTATTGAGT,2
AAATGCGTTCATCGAT,2
AAATTCACAATACCCA,2
AAATTCACAATATCCG,2
AAATTCACAATATCCT,2
AACAAGTAGAACCGCC,2
AACACGGAGAACCGCC,2
AACACGTAGAACCCCC,2
AACACGTAGAACCGCA,2
AACACGTATAACCGCC,2
AACACTTAGAACCGCC,2
AACAGAAGGCCATGTA,2
AACAGAAGTCCATGCA,2
AACAGTGGTATACATA,2
AACATAAGTCCATGTA,2
AACATGTAGAACCGCC,2
AACCACCGAGTGATCG,2
AACCACGGAGTGACCG,2
AACCATCAGCACCTAG,2
AACCATCGAGTGACCG,2
AACCGCCCCAGAGATG,2
AACCTAAGAGACGTAA,2
AACCTACGAGACGGAA,2
AACCTACGAGACGTAG,2
AACCTACGAGATGTAA,2
AACCTACGGGACGTAA,2
AACCTGCTGCGGAACG,2
AACGAAACAATCGAAC,2
AACGACAAACAGCAAG,2
AACGACAAACAGTAGG,2
AACGACAAGCAGTAAG,2
AACGACGAACAGTAAG,2
AACGGAAGTCCATGTA,2
AACGGGCTAATGTCTC,2
AACGGGTCCGACTAAG,2
AACGGTCCCGACTAAG,2
AACGGTTCCAACTAAG,2
AACGGTTCCGACCAAG,2
AACGGTTCCGACTAGG,2
AACGGTTTCGACTAAG,2
AACTTCACTGACTGCT,2
AACTTCCCTGACTGCA,2
AACTTCCCTGACTGTT,2
AACTTCCCTTACTGCT,2
AAGAAATTTATGACAA,2
AAGAAGACTTTGGGAT,2
AAGAAGCTATAGAGGT,2
AAGAAGGCTTTGTGAT,2
AAGAGAAGTCCATGTA,2
AAGATTGAGTGAAGTT,2
AAGATTGATTGAGGTT,2
AAGATTGGTTGAAGTT,2
AAGCCCAGCGGGTGTT,2
AAGCGGTGAGGTGATT,2
AAGCGGTGATGTGATA,2
AAGCGGTGATGTGATC,2
AAGCTTGCTATGGATC,2
AAGGGGACTCATAATG,2
AAGGGGCATCATAATG,2
AAGGGGCCGCATAATG,2
AAGGGGCCTCATGATG,2
AAGGGGTAGAGATACG,2
AAGGTACCTATGTAAT,2
AAGGTCACTATGTAAT,2
AAGGTCCCTATTTAAT,2
AAGTATTGCCACACAT,2
AAGTATTGCTACAAAT,2
AAGTATTTCTACACAT,2
AAGTGTCTCCGAGCAA,2
AAGTTAAGAGAAAGGT,2
AAGTTAGTAGACCCAA,2
AAGTTAGTAGACCCCC,2
AAGTTAGTAGACCCGC,2
AATAGAAGTCCATGTA,2
AATCACCGAGTGACCG,2
AATCACGCAGAAAAAG,2
AATCGCTGGCAACCGT,2
AATCGCTGGCGCCCGT,2
AATCTCTGGCACCCGT,2
AATGAAACAATCGAAA,2
AATGAAAGAATCGAAC,2
AATGAGAGCATGTCAA,2
AATGCGAGCATGTAAA,2
AATGCGAGCATTTCAA,2
AATGTCTAGAAATTTT,2
AATGTGAGCATGTCAA,2
AATTAAACAATCGAAC,2
AATTCGGGAGTACTAG,2
AATTCGTGAGTAATAG,2
AATTCGTGAGTGCTAG,2
AATTGAAAGTCATACC,2
AATTGAACGTCAGACC,2
AATTTAACGTCATACC,2
AATTTAGTAGACCCAC,2
ACAAAGTCTCGAGAAA,2
ACAACTGAGGGCATTG,2
ACAAGAGTCGGGGGAC,2
ACAAGATTCGGGAGAC,2
ACAAGATTCGGGGGAT,2
ACAAGGGTTGGCTGTA,2
ACAATATTCGGGGGAC,2
ACAATCTCAACCATAC,2
ACAATCTGAACCACAC,2
ACAATCTGGACCATAC,2
ACACAAATAGACCGAA,2
ACACCCGGAGCTTGGC,2
ACACGGGTTGACTGTA,2
ACACGGGTTGGCGGGA,2
ACACGGGTTGGCTCTA,2
ACACGGGTTGGCTGTT,2
ACACGGTTTGGCTGTA,2
ACACTCCACCATTGAG,2
ACAGAATGAATCATCC,2
ACAGTACACCATTGAG,2
ACAGTACGATCTACGT,2
ACAGTACGATCTACTC,2
ACAGTACGATCTGCGC,2
ACAGTCCACCATCGAG,2
ACAGTCCACCATTTAG,2
ACAGTCCGCCATTGAG,2
ACATCCATTAAGATCA,2
ACATGGAACTAACTCC,2
ACATGGGTGTACGAGA,2
ACATGTCTCCGAGCAA,2
ACATTACGATCTACGC,2
ACATTCCACCATTGAG,2
ACATTTTCCAAGAGGT,2
ACATTTTCCAATAGGC,2
ACATTTTCCAGTAGGT,2
ACCACCGGAGCTTGGC,2
ACCAGCAATGAGCTGT,2
ACCAGCAATGAGTGGT,2
ACCAGCAATGAGTTGG,2
ACCAGCAGTGAGTTGT,2
ACCATTTACTGAAGGG,2
ACCCCCGGAGATTGGC,2
ACCCCCGGAGCTGGGC,2
ACCCCCGGAGCTTGAC,2
ACCCCCGGAGCTTGGA,2
ACCCCGGGAGCTTGGC,2
ACCCTCCTCTAAAGTT,2
ACCGAATAAATCATCC,2
ACCGAATGAATCAGCC,2
ACCGAATGAATTATCC,2
ACCGATTAACGAATAA,2
ACCGATTCACGAACAA,2
ACCGATTCACGAATAG,2
ACCGGTTCACGAATAA,2
ACCGTTGGACACACCA,2
ACCGTTGTACAAACCA,2
ACCGTTGTACACACAA,2
ACCGTTGTACACACCC,2
ACCGTTGTACACACCT,2
ACGATCTGAACCATAC,2
ACGATTACTAGCCGGA,2
ACGCATGATTTTCGAG,2
ACGCGTCTCCGAGCAA,2
ACGGGGACTGGCTGTT,2
ACGGGGAGTGGCTGTT,2
ACGGGGATTGGCTGTA,2
ACGGGGATTGGCTGTC,2
ACGTACATTAAGATCA,2
ACGTATGATCTTCGAG,2
ACGTATGATGTTCGAG,2
ACGTATGATTCTCGAG,2
ACGTATGATTTTCAAG,2
ACGTATGATTTTCGAA,2
ACGTATGATTTTTGAG,2
ACGTCCATTAAGACCA,2
ACGTCCATTAAGATCG,2
ACGTCCATTAAGGTCA,2
ACGTCCGTTAAGATCA,2
ACGTGGATTGGCTGTT,2
ACGTGTATCCGAGCAA,2
ACGTGTCGCCGAGCAA,2
ACGTGTCTCCGAACAA,2
ACGTGTCTCCGAGCAG,2
ACGTGTCTCCGAGCAT,2
ACGTGTGATTTTCGAG,2
ACTACGAGGCTACGGA,2
ACTAGCAATGAGTTGT,2
ACTATCATATCTAATA,2
ACTATCTAGAAATTTT,2
ACTCAAATAGACCGAA,2
ACTCGTTTAGATAGTT,2
ACTCTGGCTAGCTAAT,2
ACTGTCTAGAAAGTTT,2
ACTGTCTAGAAATCTT,2
AGAAAATATCAGATAC,2
AGAAAATCTCAGAGAC,2
AGAAAATCTCAGATAT,2
AGAAAATCTCAGATGC,2
AGAAAATCTCATATAC,2
AGAAAATCTCCGATAC,2
AGAACATCGCACCCAA,2
AGAATCTAACAGATAG,2
AGACCATAGCACCCAA,2
AGACCATCGCACACAA,2
AGACCATCGCACCAAA,2
AGACCATCGCACCCAT,2
AGACCATCGCACCCCA,2
AGAGCGAAAAAGAGGA,2
AGAGCTCTTTTCGTTC,2
AGAGGATATATGGCTG,2
AGATCCACCATATAGT,2
AGATCCACCCTATATT,2
AGATCCCAGGTCCGTT,2
AGATCCCAGGTCCTGT,2
AGCACGTAGAACCGCC,2
AGCAGAGGGATATGTG,2
AGCATAGGGATACGTG,2
AGCATATAACAGATAG,2
AGCATCTAAAAGATAG,2
AGCATCTAATAGATAG,2
AGCATCTAGCAGATAG,2
AGCATTTAACAGATAG,2
AGCCACCGAGTGACCG,2
AGCCCATGCGGGGGAT,2
AGCCCATGCTGGAGAT,2
AGCCGAATTAAGTATG,2
AGCCTACGAGACGTAA,2
AGCGGTGGTCGATCCG,2
AGCGTTGAATAGGCGA,2
AGCTCATGGGGTATCA,2
AGCTCCATAGGCATGG,2
AGCTCCTGGGTTATCA,2
AGCTGAATTAAGGATG,2
AGCTGAATTAAGTAAG,2
AGCTGAATTAAGTATT,2
AGCTTAATTAAGTATG,2
AGGAAACATGCATTGG,2
AGGAAAGAGACTGGAG,2
AGGAAATAAACTGGAG,2
AGGAAGCTATAGAAGT,2
AGGAATATAGTTGGCA,2
AGGACTATAGGTGGCA,2
AGGACTATAGTTGGAA,2
AGGAGTACGAAGAGCG,2
AGGAGTATGAAGAGCA,2
AGGCCAGTAAGGACTA,2
AGGCCCATAAGGACTA,2
AGGCCCGTAAGGAATA,2
AGGGGTATGAAGAGCG,2
AGGGTTGAATAGGCGA,2
AGGTCGGGACTCATCT,2
AGGTTAAGACTCTTGC,2
AGGTTCAGACTCTTTC,2
AGGTTCAGGCTCTTGC,2
AGGTTCCGACTCTTGC,2
AGTAAAAATGCATTGG,2
AGTAAACATGCACTGG,2
AGTAAAGAAACTGGAG,2
AGTAATAGGCGTCACA,2
AGTAGTATGAAGAGCG,2
AGTATAGGGATATGTG,2
AGTATCTAACAGATAG,2
AGTATTGAATAGGCGA,2
AGTATTTGAGCTTCAA,2
AGTATTTGCGCTGCAA,2
AGTATTTTCGCTTCAA,2
AGTCATTTAGATAGTT,2
AGTCCATGCTGGGGAT,2
AGTCGCTGGCACCCGT,2
AGTCGTGTAGATAGTT,2
AGTCGTTTAGATAGCT,2
AGTCGTTTAGATAGTC,2
AGTGAAACAATCGAAC,2
AGTGTCTAGAAATTTT,2
AGTGTGGAATAGGCGA,2
AGTGTTGGCTTGGGTA,2
AGTGTTGGCTTGGTTG,2
AGTGTTGGCTTTGTTA,2
AGTGTTTAATAGGCGA,2
AGTTCGTGAGTACTAG,2
AGTTGGGGTCTACCTT,2
AGTTGGGGTCTCCCTA,2
AGTTGGGGTCTCCCTC,2
AGTTGTTTAGATAGTT,2
AGTTTTGAATAGGCGA,2
AGTTTTTATAACTTTC,2
ATAAAATCTCAGATAC,2
ATAACTGAGGGCGTTG,2
ATAACTTTTGTGCAAA,2
ATAAGATTATAACGTA,2
ATAATTGAGGGCATTG,2
ATAATTTAAGTATCAA,2
ATACACGAATGTGCCA,2
ATACACGAGGTTGGGA,2
ATACACGAGGTTGTGG,2
ATACACGCATGTGACA,2
ATACACGCATGTGCCG,2
ATACATGAGGTTGTGA,2
ATACCATCGCACCCAA,2
ATACCCAGTTCCTGCG,2
ATACGATTTAAAGGCA,2
ATAGAATCGAAAATTA,2
ATAGGATATATGGCCG,2
ATAGGATATATGGCTT,2
ATATAAAAAACTGAGT,2
ATATAAAAAACTTGGT,2
ATATAAAGAACTTAGT,2
ATCAAATAATTGGCGC,2
ATCAATGTCGTAGGAT,2
ATCAGGATAATAGCGC,2
ATCAGGATAATCGAGC,2
ATCAGGATAATCGCGA,2
ATCAGGATAATCGCGT,2
ATCAGGATAATCGTGC,2
ATCAGGGTAATCGCGC,2
ATCATAGGGATATGTG,2
ATCATCTAACAGATAG,2
ATCCCATGCTGGGGAT,2
ATCGCCGCTAATCCGA,2
ATGAACTTGTCGATAT,2
ATGACTATAGTTGGCA,2
ATGAGATTGGAGAAAC,2
ATGCCGAATGGGGTAG,2
ATGCTCCTGAGTAGTA,2
ATGGCCCACGGCCATA,2
ATGGCCCACGGGCACA,2
ATGGCCCACGGGCAGA,2
ATGGCCCACGGGCATG,2
ATGGCCCAGGGGCATA,2
ATGGGATTGTAGAAAC,2
ATGGGGAACGGGAAGC,2
ATGGGGTAGAGATACG,2
ATGGTATTGGAGAAAC,2
ATGGTCCACGGGCATA,2
ATGGTCTTACGTCCAT,2
ATGGTTCTACGTCCAT,2
ATGGTTTTATGTCCAT,2
ATGGTTTTGCGTCCAT,2
ATGTATCAGTCGCGCC,2
ATGTTTTTACGTCCAT,2
ATTACAGAATACTAGA,2
ATTAGATTAGAACGTA,2
ATTAGATTATGACGTA,2
ATTAGGGCTGCGTGAG,2
ATTATCATATATAATA,2
ATTATCATATCTAATG,2
ATTATCGTATCTAATA,2
ATTCCGAATGGGATAG,2
ATTCCGAATGGGGCAG,2
ATTCCGAATGGGGTAT,2
ATTCCGAATGGGTTAG,2
ATTCGGCTCTTGATTA,2
ATTGCCCACGGGCATA,2
ATTGCTCCGACACGCC,2
ATTTAAATTCGAGGTC,2
ATTTAAATTCGAGTAC,2
ATTTCGAATGGGGTAG,2
ATTTCTCTATGGCTAC,2
ATTTTCTAGTACGCTT,2
ATTTTTATATGGCTAC,2
ATTTTTCTATGACTAC,2
ATTTTTCTATGGCTAA,2
ATTTTTCTATGTCTAC,2
ATTTTTCTGTGGCTAC,2
CAAAACCTCGTTGTCT,2
CAAAATCTACGGTGAC,2
CAAACACAAAAAATTA,2
CAAATGCGGCATTAGG,2
CAAATGCTGCGTTAGG,2
CAACTAGAAATACATA,2
CAACTAGGATCGCACT,2
CAAGGGCTAATGTCTC,2
CAATTAGAAACACATA,2
CAATTAGAAATACATC,2
CAATTATAAATACATA,2
CACAACCTCGTTGTCT,2
CACACTTTACGAGACA,2
CACAGCATTGGTCGCC,2
CACCAGCAGCACCTAG,2
CACCATCAGCACCTAT,2
CACCATCAGTACCTAG,2
CACCGATCTTCGAACT,2
CACCGTCAGCACCTAG,2
CACCTAGGGTCGCACT,2
CACCTATGATCGCACT,2
CACCTGCTGCGGAACG,2
CACGGCCGGAGAACTC,2
CACGGCCGGTGAACTC,2
CACGGGCTAATGGCTC,2
CACGGTCGGCGAACTC,2
CACGTCCGGCGAACTC,2
CACGTGCTAATGTCTC,2
CACTAGATGTGCAGTC,2
CACTGAGACGCGCAAG,2
CAGAACATCGTTGTCT,2
CAGAACCTCGTTGCCT,2
CAGAACCTCGTTGGCT,2
CAGATGCTGCATTAGG,2
CAGGACCTCGTTGTCT,2
CAGGCTCTAGAGCCCT,2
CAGGCTCTAGAGCTCG,2
CAGGCTCTATAGCTCT,2
CAGTCTCTAGAGCTCT,2
CAGTGAGACGCGCAAG,2
CATAAAAGACTGGATA,2
CATACAGAGTGTGTTG,2
CATACAGAGTTTATTG,2
CATACAGAGTTTGTGG,2
CATACAGGGTTTGTTG,2
CATACAGTGTAATCGA,2
CATACTCACGGAGGAT,2
CATGGAAATTGCCACT,2
CATGGAGACGCGCAAG,2
CATGGGAACTGCCACT,2
CATGGGAATTGCCATT,2
CATGGGAATTTCCACT,2
CATGGGGATTGCCACT,2
CATGTGGAGCCCAAAA,2
CATGTGGAGCCCGACA,2
CATGTGGGGCCCAACA,2
CATGTGTAGCCCAACA,2
CATGTTGAGCCCAACA,2
CATTAAGACGCGCAAG,2
CATTAAGAGAAGTGCG,2
CATTGAGACGCGAAAG,2
CATTGAGACGCGCAAA,2
CATTGAGACGCGCATG,2
CATTGAGACGTGCAAG,2
CATTTATGATGAATTG,2
CATTTCTGATGAACTG,2
CATTTCTTATGAATTG,2
CCAACACAAAAAACTA,2
CCAACACAAAAAATCA,2
CCAAGCTTGACGCATC,2
CCAAGCTTGGCGCAAC,2
CCAAGCTTGTCGCATC,2
CCAAGCTTTGCGCATC,2
CCAGATAAATCAGAAC,2
CCAGCACAGCGTAGGC,2
CCAGGGTTAAGTTGTG,2
CCCCTCCCCTAAAGTT,2
CCCTACGCGGCTCGGG,2
CCCTATGAAATAAACT,2
CCCTATGAAATAAGAT,2
CCCTATGAAATAAGCA,2
CCCTATGAAATAATCT,2
CCCTATGAAATGAGCT,2
CCCTATTAAATAAGCT,2
CCCTGCGCGGCTCCGG,2
CCCTGCGCGGCTCGCG,2
CCCTGCGCGGCTCGGA,2
CCCTGCGCGGTTCGGG,2
CCCTTTACGGATATCT,2
CCCTTTACGTATCTCT,2
CCGAACTTGTCGATAT,2
CCGAGCTGCCAATAAG,2
CCGGACAAATCAGAAC,2
CCGGATAGATCAGAAC,2
CCGGATGAATCAGAAC,2
CCGGGGTTAAGTTGTG,2
CCGGGTAAATCAGAAC,2
CCGTATAAATCAGAAC,2
CCTAACTCTCGCGGCA,2
CCTAGGTTAAGTTGTG,2
CCTGAGTTAAGTTGTG,2
CCTGGATGCATTCCCG,2
CCTGGGTGAAGTTGTG,2
CCTGGGTTAAATTGTG,2
CCTGGGTTAAGTTGCG,2
CCTGGGTTAAGTTTTG,2
CCTGGTTTAAGTTGTG,2
CCTTAGTCCTCGTATG,2
CCTTGATGCATCCCCG,2
CCTTGATGCATTCCTG,2
CCTTGGTGCATTCCCG,2
CGAAAACATTACGAAT,2
CGAAACACGTCCCAGC,2
CGAACCGCATACACGT,2
CGAAGACATTACAAAT,2
CGAATGCTGCATTAGG,2
CGACTCCAAGGACGCC,2
CGACTCCACGGACACC,2
CGACTCCACGGACGCT,2
CGACTCCATGGACGCC,2
CGATTAGAAATACATA,2
CGCAATTTACGAGACA,2
CGCACTTTACGAGAAA,2
CGCAGCATTGGTCGTC,2
CGCCTCCTCTAAAGTT,2
CGCGACACCCTTCCGA,2
CGCGACACCCTTCTGG,2
CGCGACACCCTTGCGG,2
CGCGACACCTTTCCGG,2
CGCGACACTCTTCCGG,2
CGCGTACCCTTCAGCA,2
CGCGTCACCCTTCCGG,2
CGCTAGATGTACAGTC,2
CGGAACCTAGATGGTA,2
CGGACCCGAGATGGTA,2
CGGACCCTAGGTGGTA,2
CGGCCAGGGAATAAAA,2
CGGGAAATGTAAATGG,2
CGGGAACAGACATAAC,2
CGGGAACATACAGAAC,2
CGGGAACATATATAAC,2
CGGGAATCTCCAATAC,2
CGGGAATCTCCCGTAC,2
CGGGGAAAAGATTGTA,2
CGGGGAATGTAAATGA,2
CGGGGACAAGATTGGA,2
CGGGGACAAGGTTGTA,2
CGGTCGGGACTAATCT,2
CGGTCGGTACTCATCT,2
CGTAATAGGCGTCACA,2
CGTACAGCGTAATCGA,2
CGTACAGTGTAAGCGA,2
CGTACAGTGTAATCGG,2
CGTACAGTGTAATCGT,2
CGTACAGTGTAGTCGA,2
CGTACCCTAGATGGTA,2
CGTACGTATGGCCCAG,2
CGTACGTATGTCCCAC,2
CGTATAGTGTAATCGA,2
CGTGACCCCCTCCAAA,2
CGTGACCCCCTCCAAT,2
CGTGACCCCCTCCGAC,2
CGTGTACTCTTCAGCA,2
CGTGTTGAATAGGCGA,2
CGTTAAGCGATAACGG,2
CGTTCAGCAATAACGG,2
CGTTCAGCGATAACGT,2
CGTTCAGCGATAACTG,2
CGTTCAGCGATAGCGG,2
CGTTCAGCGATGACGG,2
CGTTCAGCTATAACGG,2
CTAATTTAAGTATCGA,2
CTAGAGGCCTGGCCCC,2
CTAGCACAGAGTAGGC,2
CTAGCACAGCGTATGC,2
CTAGCACCGCGTAGGC,2
CTATAAACAGTTTGTA,2
CTATATGGCCCGGAAG,2
CTATATTACCCGGAAG,2
CTATATTGCCCGGAAC,2
CTATATTGCGCGGAAG,2
CTATCATAATCTACAG,2
CTATCTCAATCTACAG,2
CTATCTGAATCTACAG,2
CTATCTTAATCTACAT,2
CTATCTTAATCTATAG,2
CTATCTTAGTCTACAG,2
CTATTTAAAAGACGTA,2
CTATTTAACAGACTTA,2
CTATTTAACATACGTA,2
CTCAAATAATCGGCGC,2
CTCAAATAATTCGCGC,2
CTCAAATAATTGTCGC,2
CTCAAATAATTTGCGC,2
CTCAATGTCGTAGGAG,2
CTCAATGTCTTAGGAT,2
CTCACAGAATACTAGA,2
CTCACTTTACGAGACA,2
CTCCTAGGGGACAATT,2
CTCCTAGGGGACGACT,2
CTCCTAGGGGGCGATT,2
CTCCTCCTCTAAAGTT,2
CTCTTACGCTCCCACG,2
CTGAAATTGTCGATAT,2
CTGAACCTATCTGTGG,2
CTGAACGTGTCGATAT,2
CTGAACTTACCTGTGG,2
CTGAACTTATCCGTGG,2
CTGAACTTATCTGCGG,2
CTGAACTTATCTGTAG,2
CTGAACTTATCTGTGT,2
CTGAACTTGGCGATAT,2
CTGAACTTGTCGATAC,2
CTGAACTTGTCTGTGG,2
CTGAGCGGCCAATAAG,2
CTGAGCTTATCTGTGG,2
CTGAGGGATTCGACTC,2
CTGAGGGTTTCAACTC,2
CTGAGGTATTATATGC,2
CTGATGGATTCAACTC,2
CTGCGATTGTCCGGAA,2
CTGCTCCTGAGTAGTA,2
CTGGAGGCATGGCCCC,2
CTGGAGGCCTGGTCCC,2
CTGGCACAGCGTAGGC,2
CTGGGGAACGGGAAGC,2
CTGGGGGCCTGGCCCC,2
CTGTACCCGCAGTTGA,2
CTGTACCTACAGTTGA,2
CTGTACCTGCAGTTGG,2
CTGTACCTGCAGTTGT,2
CTGTACCTGCATTTGA,2
CTTAATGCGCGAGAGT,2
CTTACAGAAGACTAGA,2
CTTACAGAATAATAGA,2
CTTACAGAATACCAGA,2
CTTACAGAATACTAGG,2
CTTACAGAATACTGGA,2
CTTACAGAATAGTAGA,2
CTTACTGAGCGAGAGT,2
CTTAGGTATTAAATGC,2
CTTATAGAATACTAGA,2
CTTCACAGAACCTATC,2
CTTCGGCTCTTAATTA,2
CTTGTACCCTTCAGCA,2
CTTTAAATTACAGTCT,2
CTTTAAATTATATTCT,2
CTTTACCTGCAGTTGA,2
CTTTAGATTATAGTCT,2
CTTTGGCTCTTGATTA,2
CTTTTCTAGCACGCTT,2
CTTTTCTAGGACGCTT,2
CTTTTCTAGTACACTT,2
CTTTTCTAGTACGCCT,2
CTTTTCTAGTATGCTT,2
CTTTTCTATTACGCTT,2
CTTTTCTGGTACGCTT,2
GAAAAAGCCTCCATGA,2
GAAAGCCCCGTGCAGT,2
GAAAGCCCCTTGCAAT,2
GAAAGTACCTATGATG,2
GAAAGTCCCTATGAAG,2
GAAAGTCCCTGTGATG,2
GAAATGCTGCATTAGG,2
GAAGAAACTATAAACA,2
GAAGAAACTATAACAA,2
GAAGAAACTATAACCT,2
GAAGAAACTATAGCCA,2
GAAGAGACTATAACCA,2
GAAGGGCGTATTGAGT,2
GAAGTAAGCTGAATGA,2
GAAGTACACTGAATGA,2
GAAGTACGCCGAATGA,2
GAAGTACGCTGAACGA,2
GAAGTACGCTGAAGGA,2
GAAGTACGCTGAATGG,2
GAAGTACGCTGAATGT,2
GAAGTACTCTGAATGA,2
GAAGTGCGCATTGAGT,2
GAAGTGCGTATCGAGT,2
GAAGTGCGTATTGGGT,2
GAAGTTCGTATTGAGT,2
GAATAATAGAACAGAT,2
GAATAATAGAACAGGG,2
GAATAATAGAACATAG,2
GAATAATAGAACGGAG,2
GAATAATATAACAGAG,2
GAATAGTAGAACAGAG,2
GACAAAAGGGACACAT,2
GACAAAAGGGACAGAT,2
GACAAAAGGGACATAG,2
GACAAAAGGGGCATAT,2
GACACGTAGAACCGCC,2
GACAGCTCGTATCCCT,2
GACCCCTTGTAAGACG,2
GACCCCTTGTAAGAGG,2
GACGGGATAGGCACGT,2
GACGGGATGGACACGT,2
GACGGGATGGGCACTT,2
GACGGGATGGGTACGT,2
GACTCCTTGTAAGATG,2
GACTGATAACCCTGCG,2
GACTGCGTTCATCGAT,2
GAGAACCTCGTTGTCT,2
GAGAGCCGCAGAAGCG,2
GAGAGCTGCAGAAGCT,2
GAGAGCTGCAGAAGTG,2
GAGAGCTGCAGAGGCG,2
GAGAGCTGCGGAAGCG,2
GAGAGCTGTAGAAGCG,2
GAGAGCTTCAGAAGCG,2
GAGAGGATACGTCACC,2
GAGAGTCCCTATGATG,2
GAGAGTTGCAGAAGCG,2
GAGATTGATTGAAGTT,2
GAGCCCAGCGGGTGAT,2
GAGCGATTGTCCGGAA,2
GAGCTTGCTATGGATA,2
GAGGGGAGACGTCACC,2
GAGGGGATACGTCAAC,2
GAGGGGATACGTCACT,2
GAGGGGATATGTCACC,2
GAGGGGCAGAGATACG,2
GAGGGGTAGAGATAGG,2
GAGGGTATACGTCACC,2
GAGTGGTAGAGATACG,2
GATCACGCATAAAAAG,2
GATCGACACTGATAAG,2
GATCGCCACTGATAGG,2
GATCGCCATCAACTTC,2
GATCGCCATCGACCTC,2
GATCGCCATCGACTAC,2
GATCGCCATCGACTCC,2
GATCGCCATCGATTTC,2
GATCGCCATCGGCTTC,2
GATCGTCATCGACTTC,2
GATCGTGGGGAGAGTC,2
GATCTTGGGGAGAATC,2
GATCTTGGGGAGAGTT,2
GATCTTGGGGAGGGTC,2
GATGCGAGCATGTCAA,2
GATGGGTAGAGATACG,2
GATTAAGATGCCCACC,2
GATTCAGATGTCCACC,2
GATTCATATGCCCACC,2
GCAAACAGTGTAGTTT,2
GCAAAGAGGTGTAACC,2
GCAAATAGTGTAGTTG,2
GCAACACAAAAAATTA,2
GCAACGAGGTGTAACT,2
GCAACGAGGTGTAGCC,2
GCAACGAGGTGTGACC,2
GCAACGAGTTGTAACC,2
GCAACGATGTGTAACC,2
GCAACTAGGTGTAACC,2
GCAAGATTCGGGGGAC,2
GCACGGAACTAACTCC,2
GCAGAACTGCGGCCCC,2
GCAGCGAGGTGTAACC,2
GCAGCGTGACGGTCAT,2
GCAGCGTGCAGGTCAT,2
GCAGCGTGCCGGGCAT,2
GCAGCGTGCCGTTCAT,2
GCAGCGTGCTGGTCAT,2
GCAGGCGTTAGTGTCA,2
GCAGGGAACTAACTCC,2
GCATCCCCAACTCCTA,2
GCATCCTCAACTCCTT,2
GCATGGAACCAACTCC,2
GCATGGAACTAACGCC,2
GCATGGGTGTACGAGA,2
GCCACTGCGGCGTGTG,2
GCCAGCCCGTATCCCT,2
GCCAGCTCGTATCCCG,2
GCCAGCTTGTATCCCT,2
GCCCAAAGGATCATGA,2
GCCGATTCACGAATAA,2
GCCGGCGTTAGTGTAA,2
GCCGGCGTTAGTGTCT,2
GCCTAAAGGATCATGT,2
GCCTAAAGTATCATGA,2
GCCTAAATGATCATGA,2
GCCTATGAAATAAGCT,2
GCCTTTGCGCACAGTC,2
GCCTTTGCGCGAAGTC,2
GCCTTTGCGCGCAGCC,2
GCCTTTGCGCGCAGTT,2
GCCTTTGCGCGCATTC,2
GCCTTTGTGCGCAGTC,2
GCGAACAGTGTAGTTG,2
GCGAAGGTTCATAGCG,2
GCGAAGTTTAATAGCG,2
GCGAAGTTTCGTAGCG,2
GCTAAGTTTCATAGCG,2
GCTCTGGCTCGCTAAT,2
GCTGGGTTAAGTTGTG,2
GCTGTCTAGAAATTTT,2
GGAAGTCCCTATGATG,2
GGACAAACCGGCAAAT,2
GGAGTGCGTATTGAGT,2
GGCATAGGGATATGTG,2
GGCCCATCTCAGATCG,2
GGGCCATCTCAGATCG,2
GGGGAAATGTAAATGA,2
GGGGGGATACGTCACC,2
GGTCCATATCAGATCG,2
GGTCCATCTCAGATCT,2
GGTCCGGATAAAGTAG,2
GGTCTTGGGGAGAGTC,2
GGTGTTGGCTTGGTTA,2
GGTTAAATTTGGAAGC,2
GGTTAACTGTGGAAGC,2
GGTTAGCTTTGGAAGC,2
GGTTCAGATGCCCACC,2
GGTTGGGGTCTCCCTT,2
GTAAAACTGCGGCCCC,2
GTAACGTTTGTGCAAA,2
GTAAGCAAAGTTAACC,2
GTAAGCAAATTTGACC,2
GTAAGCTTCATGGGGT,2
GTAATCAAAGTTGACC,2
GTAATTCACATGCGGA,2
GTAATTCTCATGCGGA,2
GTACAAACCTGCATAT,2
GTACAAGCCTGCAAAT,2
GTACCCAGTTCCTCCG,2
GTACCCAGTTCCTGCC,2
GTACGAATTTGATTCC,2
GTAGAACTGCAGCCCC,2
GTAGAACTGCGCCCCC,2
GTAGAACTGCGGCACC,2
GTAGAACTTCGGCCCC,2
GTAGAATCGCAAATTA,2
GTAGATAATAGGACCA,2
GTAGATACGAGGACCA,2
GTAGATACTAGGACAA,2
GTAGCCGCTAATCCGA,2
GTAGTATCAAGCCGGG,2
GTATCCAGTTCCTGCG,2
GTATCCTCAACTCCTA,2
GTCAAGGTACGGATGG,2
GTCAATTTACGGATGG,2
GTCACCGCTAATCCGA,2
GTCGACGCTAATCCGA,2
GTCGCATCCCGGAATG,2
GTCGCCACTAATCCGA,2
GTGAACTTATCTGTGG,2
GTGAGCAAGAAAAGCA,2
GTGAGCGAGAAAGGCA,2
GTGAGCGAGAGAAGCA,2
GTGCATCCTAGTGAAG,2
GTGCGACTGTCCGGAA,2
GTGCGATTGCCCGGAA,2
GTGCGATTGTCTGGAA,2
GTGCGATTGTTCGGAA,2
GTGGAACTGCGGCCCC,2
GTGGAGGCCTGGCCCC,2
GTGGATACTAGGACCA,2
GTGGGATTGTCCGGAA,2
GTGGGGATACGTCACC,2
GTGGTACCAAGCCGGG,2
GTGGTATCAAGCCGGA,2
GTGGTATTAAGCCGGG,2
GTGGTGTCAAGCCGGG,2
GTGTGATTGTCCGGAA,2
GTTAGATTATAACGTA,2
GTTAGGTATTATATGC,2
GTTATTATGACTTCAC,2
GTTATTATGACTTCGT,2
GTTCGATTGTCCGGAA,2
GTTGCTCCAACACGCC,2
GTTGCTCCGACACGCT,2
GTTGCTCCGACGCGCC,2
GTTGCTCCGATACGCC,2
GTTTAACTTTGGAAGC,2
GTTTTTCTATGGCTAC,2
TAAAAAGCCTCAATGA,2
TAAAAAGCCTCCATGC,2
TAAAGTCCCTATGATG,2
TAAATCCCCAAATAAC,2
TAAATGCTGCATTAGG,2
TAACAACAATACAAAT,2
TAACAATGTCATTTGA,2
TAACATTGTCGGAAAG,2
TAACGACTCGACTAAC,2
TAACGTGATTTCGCGA,2
TAACGTGATTTCTTGA,2
TAACGTGGTTTCTCGA,2
TAATAAGTCAGCAAGA,2
TAATAATCCAGCAAGA,2
TAATAATGCCGTTGTC,2
TAATGTGATTTCTCGA,2
TACATACAGACGCAGT,2
TACATACCGACGAAGT,2
TACATACCGACGCAGC,2
TACCAATGTAATTTGA,2
TACCAATGTCATGTGA,2
TACCCAGCAAGCCACT,2
TACCCGGCAAGCCACT,2
TACCCTGCAAGCCGCT,2
TACCCTGCAAGCGACT,2
TACCCTGCAAGCTACT,2
TACCGTGCAAGCCACT,2
TACCTGCTGCGGATCG,2
TACCTGCTTCGGAACG,2
TACCTTGCAAGCCACT,2
TACGGTTCCGACTAAG,2
TACTAATGCAGTTGTC,2
TACTAATGCCGTTGGC,2
TACTAATGCCGTTGTA,2
TACTAATGCCTTTGTC,2
TACTAATGTCGTTGTC,2
TACTAATTCCGTTGTC,2
TACTAGATGTACAGTC,2
TACTGATAAACCTGCG,2
TACTGATAACCCTGCT,2
TACTGATAACTCTGCG,2
TACTGATAATCCTGCG,2
TAGATTACTAGCCGGA,2
TAGCATTGTCTGAAAG,2
TAGCCGATAGTAACTC,2
TAGCGTGATTTCTCGA,2
TAGCTTATAGTAACTC,2
TAGCTTCAACTAAAAA,2
TAGGGGTAGAGATACG,2
TATAACTCTCGCGGCA,2
TATACTCACGGAGGAG,2
TATACTCACGGAGTAT,2
TATACTCACTGAGGAT,2
TATATTAGTAACAGAA,2
TATATTAGTGACATAA,2
TATCGCCATCGACTTC,2
TATCGTGATACTCACA,2
TATGCCGTATCCACAG,2
TATGTAGTATCCACAG,2
TATGTCGTACCCACAG,2
TATGTCGTATACACAG,2
TATGTCGTATCGACAG,2
TATGTCTTATCCACAG,2
TATTAAGAAAAGTGCG,2
TATTAAGAGAAGTACG,2
TATTAAGAGAAGTGCA,2
TATTAAGAGAATTGCG,2
TATTAGGAGAAGTGCG,2
TATTATTAGGCGGCAT,2
TATTCCTAACTAGCAA,2
TATTGAACGTCATACC,2
TATTGAGACGCGCAAG,2
TATTGAGAGAAGTGCG,2
TATTTACCACTGCATC,2
TCAAGCTTGGCGCATC,2
TCAATCGGAGGCTAAA,2
TCAATCGGGGACTAAA,2
TCAATCGGGGGCCAAA,2
TCAATCGGGGGCTATA,2
TCAATCGGGGTCTAAA,2
TCAGGGGTGTACGAGA,2
TCATCCTCAACTCCTA,2
TCATGGGTATACGAGA,2
TCATGGGTGTACGACA,2
TCCACACCCCTATCTA,2
TCCAGCGCGGCAAGAG,2
TCCAGCGCGGTAAGAT,2
TCCAGCGCTGTAAGAG,2
TCCAGCTCGGTAAGAG,2
TCCATTTACTGAAGGG,2
TCCGGCGTTAGTGTCA,2
TCCTATTCCGGCGCGG,2
TCGAACGAAGGAGGAG,2
TCGAACGAAGTAGGAA,2
TCGAACGAAGTATGAG,2
TCGAACGAGGTAGGAG,2
TCGAACGGAGTAGGAG,2
TCGAGTTAATGTGCGC,2
TCGATTAATAGCCGGA,2
TCGCGTCAACTAAAAA,2
TCGCTTCGACTAAAAA,2
TCGGACGAAGTAGGAG,2
TCGGGGAACGGGAAGC,2
TCGTACGTTGGGAACT,2
TCGTCAGTTGGGAACT,2
TCGTCCGTCGGGAACT,2
TCGTCCGTGGGGAACT,2
TCGTCCGTTGCGAACT,2
TCGTCCGTTGGGAACG,2
TCGTCCGTTGGGAGCT,2
TCGTCCGTTGTGAACT,2
TCGTCCTTTGGGAACT,2
TCGTCGCACCACTGCT,2
TCGTCGCACTAATGCT,2
TCGTCGCACTACTAAT,2
TCGTCGCACTACTGTT,2
TCGTGTCTCCGAGCAA,2
TCTAAATCTCGCGGCA,2
TCTAACCCTCGCGGCA,2
TCTAACTCTCACGGCA,2
TCTAACTCTCGCGACA,2
TCTAACTCTCGCGGCT,2
TCTAACTCTCGCGTCA,2
TCTATTACTAGCCGGA,2
TCTCGGCTCTTAGCCG,2
TCTGACTCTCGCGGCA,2
TCTGAGTCCTCGTATG,2
TCTGGAAAAGATCCCC,2
TCTGGAAACGATCCCT,2
TCTTACTAGGCGGCAT,2
TCTTAGAGTGAAAGAT,2
TCTTAGAGTGAACGAG,2
TCTTAGAGTGAACTAT,2
TCTTAGAGTGAATGAT,2
TCTTAGAGTTAACGAT,2
TCTTAGTCATCGTATG,2
TCTTAGTCCTAGTATG,2
TCTTAGTCCTCGTAAG,2
TCTTAGTCCTCGTAGG,2
TCTTAGTCCTCTTATG,2
TCTTATTAGGCAGCAT,2
TCTTATTAGGTGGCAT,2
TCTTATTAGGTGGTAT,2
TCTTATTAGTCGGCAT,2
TCTTCACCACTGCATC,2
TCTTCCGTTGGGAACT,2
TCTTGAAATAGCGATG,2
TCTTGACATGGCGATG,2
TCTTGGAGTGAACGAT,2
TCTTGGCATAGCGATG,2
TCTTTAACACTGCATC,2
TCTTTACCACTGCATA,2
TGACAACAATACAAAG,2
TGACAACAATACAGAT,2
TGACTCCACGGACGCC,2
TGAGTTCATAGCTACA,2
TGAGTTCATATCTCCA,2
TGATCTGTGACACTGC,2
TGATCTTTTACATTGA,2
TGCAGGGGTATACATA,2
TGCAGTGGTACACATA,2
TGCATTGGTATACATA,2
TGCCAATGTCATTTGA,2
TGCGGTGGGCGATCCG,2
TGCGGTGGTCGATACG,2
TGCGGTGGTCGATCAG,2
TGCGGTGGTCGATCCC,2
TGCGGTGGTCTATCCG,2
TGCTATTCCGGCTCGG,2
TGCTATTCCGGTGCGG,2
TGCTATTTCGGCGCGG,2
TGGAACGAAGTAGGAG,2
TGGAGTGGTATACATA,2
TGGCCAGGGAATCAAA,2
TGGGAACATACATAAC,2
TGGGGTGGTCGATCCG,2
TGGTCCGCCTCATGCT,2
TGGTCCGCTTCACGCT,2
TGGTCCGCTTCAGGCT,2
TGGTCCGCTTCATGCA,2
TGTAATAGACGTCACA,2
TGTAATAGGAGTCACA,2
TGTAATAGGCGTTACA,2
TGTAATAGGTGTCACA,2
TGTAATAGTCGTCACA,2
TGTACAGTGTAATCGA,2
TGTACTCACGGAGGAT,2
TGTAGTGGTATACATA,2
TGTATATCCAACACCA,2
TGTCAGGATAAAGTAG,2
TGTCCGGAGAAAGGAG,2
TGTCCGGATAAAATAG,2
TGTCCGGATAAAGCAG,2
TGTGGAGAGCCCTTAC,2
TGTTATTCCGGCGCGG,2
TGTTCCGCTTCATGCT,2
TGTTGAGACAGTCTGA,2
TGTTGAGCCAGTCTTA,2
TGTTGATCCAGTCTGA,2
TGTTGATGCATTCCCG,2
TGTTGGGCCAGTCTGA,2
TTAATGTAGACGCTCC,2
TTAATGTAGCCGCTCA,2
TTACACGCATGTGCCA,2
TTACGAATCTGATTCC,2
TTACGAATGTGATTCC,2
TTACGAATTTAATTCC,2
TTACGAATTTGATTAC,2
TTACGAATTTGATTTC,2
TTACTCCTGAGTAGTA,2
TTAGAACTGCGGCCCC,2
TTATCTGAAGAGCGCT,2
TTATCTGCAGAGCGCT,2
TTATCTGTAGAGCGTT,2
TTATCTGTGACATTGC,2
TTATCTTAATCTACAG,2
TTATGGGTGTACGAGA,2
TTATTTAACAGACGTA,2
TTCATCAAGTTGGTTC,2
TTCATCAAGTTTGTGC,2
TTCCGTCAGCATAAAC,2
TTCTGCCCAGACTCGT,2
TTCTGTACAGACTCGT,2
TTCTGTCCAGACTTGT,2
TTCTGTCCATACTCGT,2
TTCTGTCGAGACTCGT,2
TTCTTTCCAGACTCGT,2
TTGAAAAAATCAGAAA,2
TTGAACGAAGTAGGAG,2
TTGACTAACCGAATAA,2
TTGATATCGAGATTCA,2
TTGCAATGGAAACATA,2
TTGCAATTGAAACAGA,2
TTGCATCAGTCGCGCC,2
TTGCTCCTGAGTAGCA,2
TTGCTCCTGAGTAGGA,2
TTGCTCCTGAGTATTA,2
TTGCTCCTGAGTGGTA,2
TTGCTCCTGATTAGTA,2
TTGCTCTTGAGTAGTA,2
TTGGGGAACGGGAAGG,2
TTGGGGAACTGGAAGC,2
TTGTAATTGAAACATA,2
TTGTATCAGTCGCCCC,2
TTGTATCAGTCGCGCT,2
TTGTATCAGTCGCTCC,2
TTGTATCATTCGCGCC,2
TTGTGTCAGTCGCGCC,2
TTTACATCCAACACCA,2
TTTAGTGATACTCACA,2
TTTATACCCAACACCA,2
TTTATATCAAGATTCA,2
TTTATATCCAACACGA,2
TTTATATCCAATACCA,2
TTTATATCCGACACCA,2
TTTATATCGAGATTAA,2
TTTATATCTAGATTCA,2
TTTATCAAGTTGGTGC,2
TTTATGTCGAGATTCA,2
TTTCACAGAACATATC,2
TTTCACAGAACCCATC,2
TTTCACAGAACCTAGC,2
TTTCACAGAACCTGTC,2
TTTCACATAACCTATC,2
TTTCAGCGTTGCTTTG,2
TTTCAGCGTTGTTTTA,2
TTTCAGCGTTGTTTTT,2
TTTCAGCTCTTAGCCG,2
TTTCAGTGTTGTTTTG,2
TTTCATCGTTGTTTTG,2
TTTCGGCTCTTGATTA,2
TTTCGTGATAATCACA,2
TTTCGTGATACCCACA,2
TTTCGTGATACTCATA,2
TTTGCTCCGACACGCC,2
TTTGGGAACGGGAAGC,2
TTTTAGTCCTCGTATG,2
TTTTATCAGTCGCGCC,2
TTTTGTCCAGACTCGT,2
TTTTGTGATACTCACA,2
AAAAAATTCATGACAA,1
AAAAAATTTATAACAA,1
AAAACCATAAGACCCC,1
AAAACGTAGAACCGCC,1
AAAAGATTCGGGGGAC,1
AAAAGATTTATGACAA,1
AAACCAATAAGACCCC,1
AAACCCACAAGACCCC,1
AAACCCAGCGGGTGAT,1
AAACCCATAACACCCC,1
AAACCCATAAGACCAA,1
AAACCCATAAGACCTC,1
AAACCCATAAGACTCC,1
AAACCCATAAGATCCC,1
AAACCCATAATACCCC,1
AAACCCATACGACCCC,1
AAACCCTTAAGACCCC,1
AAACGTGATTTCTCGA,1
AAAGAAACTATAACCA,1
AAAGAATCGCAAATTA,1
AAAGACAAACAGTAAG,1
AAAGATCTTTTCGTTC,1
AAAGCTATTTTCGTTC,1
AAAGCTCTCTTCGTTC,1
AAAGCTCTTTTCGTTT,1
AAAGCTCTTTTCTTTC,1
AAAGCTCTTTTTGTTC,1
AAAGGAGCAGAGGAGT,1
AAAGGCACGCCTTCAA,1
AAAGGCGCACCTTCAA,1
AAAGGCGCGACTTCAA,1
AAAGGCGTGCCTTCAA,1
AAAGGTGCGCCTTCAA,1
AAAGTACGATCTACGC,1
AAAGTACGCTGAATGA,1
AAAGTAGAAGAGGATT,1
AAAGTAGCAGAGAATT,1
AAAGTAGCAGAGGATG,1
AAAGTAGCAGAGTATT,1
AAAGTAGCGGAGGATT,1
AAAGTCCCTATGTAAT,1
AAAGTCGCGCCTTCAA,1
AAATCCATAAGACCCC,1
AAATCCCAGGTCCTTT,1
AAATGAGACGCGCAAG,1
AAATGCGCGCCTTCAA,1
AAATGTTGAATAGACG,1
AAATGTTTAATAGACC,1
AAATTAACAATATCCA,1
AAATTAAGAGAAAGTT,1
AAATTAGTAGACCCAC,1
AAATTCACAATAACCA,1
AAATTCACAATATAAA,1
AAATTCACAATATCAA,1
AAATTCACAATATCCC,1
AAATTCACGATATCCA,1
AAATTCTCAATATCCA,1
AAATTTTCCAATAGGT,1
AAATTTTTAATAGACG,1
AACAAAAGTCCATGTA,1
AACAACAAACAGTAAG,1
AACAACCCCAGAGATG,1
AACACGCAGAACCGCC,1
AACACGTACAACCGCC,1
AACACGTAGAACAGCC,1
AACACGTAGAACCGTC,1
AACACGTAGAACGGCC,1
AACACGTAGAAGCGCC,1
AACACGTAGGACCGCC,1
AACACGTTGAACCGCC,1
AACAGAAGTCCACGTA,1
AACAGAAGTCCATCTA,1
AACAGAAGTCCATGTG,1
AACAGAAGTCGATGTA,1
AACAGCAATGAGGTGG,1
AACAGGATAATCGCGC,1
AACAGGTAGAACCGCC,1
AACATACCGACGCAGT,1
AACATACGAGACGTAA,1
AACATAGGGATATGTG,1
AACATCTAACAGATAG,1
AACCAACGAGTGACCG,1
AACCACCCAGTGACCG,1
AACCACCCCAGAGAGG,1
AACCACCGAGTGACAA,1
AACCACCGAGTGACCC,1
AACCACCGAGTGTCCG,1
AACCCACGAGACGTAA,1
AACCCATGCTGGGGAT,1
AACCGACGAGACGTAA,1
AACCGCGCCGAGCACC,1
AACCGTACCGTGTTTA,1
AACCTACCAGACGTAA,1
AACCTACGAAACGTAA,1
AACCTACGAGACTTAA,1
AACGACAAACACTAAG,1
AACGACAAACAGAAAG,1
AACGACAAACAGTAAC,1
AACGACAAACAGTAAT,1
AACGACAAACAGTATG,1
AACGACAAATAGTAAG,1
AACGACACCCTTCCGG,1
AACGAGAAACAGTAAG,1
AACGATAAACAGTAAG,1
AACGCTTCCGACTAAG,1
AACGGAAGTTGCCAAG,1
AACGGCCGGCGAACTC,1
AACGGCGCGCCTTCAA,1
AACGGGATGGGCACGT,1
AACGGTTCAGACTAAG,1
AACGGTTCCGACTAAC,1
AACGGTTCCGGCTAAG,1
AACTACGTTCATCGAT,1
AACTCCCCTGACTGCT,1
AACTCGTGAGTACTAG,1
AACTGCGCGGCTCGGG,1
AACTGCGTTAATCGAT,1
AACTGCGTTCATAGAT,1
AACTGCGTTCATCCAT,1
AACTGCGTTCATCTAT,1
AACTGCGTTCATTGAT,1
AACTGCTTTCATCGAT,1
AACTTACCTGACTGCT,1
AACTTCCCTGACGGCG,1
AACTTCCCTGACGGCT,1
AACTTCCGTCGCCCGA,1
AACTTCCGTGACTGCT,1
AACTTCTCTGACTGCT,1
AAGAAAGAAACTGGAG,1
AAGAAGAATTTGTGAT,1
AAGAAGACGTTGTGAT,1
AAGAAGACTCTGTGAT,1
AAGAAGACTGTGTGAT,1
AAGAAGACTTGGTGAT,1
AAGAAGACTTTGGGAG,1
AAGAAGACTTTGTAAT,1
AAGAAGACTTTGTGAG,1
AAGAAGACTTTGTGGT,1
AAGAAGAGTTTGTGAT,1
AAGAAGATATAGAAGT,1
AAGAAGCGATAGAAGT,1
AAGAAGCTATGGAAGT,1
AAGAAGCTGTAGAAGT,1
AAGAAGCTTTAGAAGT,1
AAGAATACTTTGTGAT,1
AAGAGCTGCAGAAGCG,1
AAGAGGCTATAGAAGT,1
AAGAGTATGAAGAGCG,1
AAGAGTGATTGAAGGT,1
AAGATAATATAGAGAC,1
AAGATAGTGATGAACA,1
AAGATCCCTATGTAAT,1
AAGATGGAGGGAAGTG,1
AAGATTGATGGAAGTT,1
AAGATTGATTGAAGGT,1
AAGATTGATTGAATTT,1
AAGCACCGAGTGACCG,1
AAGCCCAGCAGGTGAT,1
AAGCCCAGCGGGTAAT,1
AAGCCCAGCGGGTGGT,1
AAGCCCAGCGGGTTAT,1
AAGCCCAGCGGTTGAT,1
AAGCCCAGCGTGTGAT,1
AAGCCCATAAGACCCC,1
AAGCCCGTAAGGACTA,1
AAGCGCTGGCACCCGT,1
AAGCGGCGATGTGATT,1
AAGCGGGGATGTGAGT,1
AAGCGGTGACGTGATT,1
AAGCGGTGAGGTGATG,1
AAGCGGTGATATGATT,1
AAGCGGTGATGTGGGT,1
AAGCGGTGATGTGGTT,1
AAGCGGTGATTTGATT,1
AAGCGGTGTTGTGATT,1
AAGGAAACAATCGAAC,1
AAGGAGACTTTGTGAT,1
AAGGAGCCTCATAATG,1
AAGGCCCCTATGTAAT,1
AAGGGAAGTCCATGTA,1
AAGGGATTGGAGAAAC,1
AAGGGGAGGGGACACT,1
AAGGGGCCCCATAATG,1
AAGGGGCCTAATAATG,1
AAGGGGCCTCACAATG,1
AAGGGGCCTCAGAATG,1
AAGGGGCCTCATAAGG,1
AAGGGGCCTCATAATA,1
AAGGGGCCTCATAATT,1
AAGGGGGCTCATAATG,1
AAGGGTTCCGACTAAG,1
AAGGTCCCCATGTAAT,1
AAGGTCCCTACGTAAT,1
AAGGTCCCTATCTAAT,1
AAGGTCCCTATGGAAG,1
AAGGTCCCTATGTAGT,1
AAGGTCCCTATGTGAT,1
AAGGTCCCTGTGTAAT,1
AAGGTGCCTATGTAAT,1
AAGTATCGCTACACAT,1
AAGTATGGCTACACAT,1
AAGTATTGCGACACAT,1
AAGTATTGCTACACAG,1
AAGTATTGCTACGCAT,1
AAGTATTGCTGCACAT,1
AAGTCAGTAGACCCAC,1
AAGTCCAGCGGGTGAT,1
AAGTGGTGATGTGATT,1
AAGTGTTTAATAGACG,1
AAGTTAAGAGAAAGGG,1
AAGTTAAGAGAGAGTT,1
AAGTTAAGAGATAGTT,1
AAGTTAAGGGAAAGTT,1
AAGTTAGCAGACCCAC,1
AAGTTAGGAGAAAGTT,1
AAGTTAGTAGAACCAC,1
AAGTTAGTAGACCAAC,1
AAGTTAGTAGACCCAT,1
AAGTTAGTAGACCTAC,1
AAGTTAGTATACCCAC,1
AAGTTGAGAGAAAGTT,1
AATATTGATTGAAGTT,1
AATCAAACAATCGAAC,1
AATCCAAATGGGGTAG,1
AATCCCAGCGGGTGAT,1
AATCCGAATGGGGTAG,1
AATCGCCGGCACCCGT,1
AATCGCTAGCACCCGT,1
AATCGCTGGCACCTGT,1
AATCGGTGGCACCCGT,1
AATCTGAAATTTATTC,1
AATGAAAAAATCGAAC,1
AATGAAACAACCGAAC,1
AATGAAACAAGCGAAC,1
AATGAAACAATCGATC,1
AATGCGAGCATGGCAA,1
AATGCGAGCGTGTCAA,1
AATGCGAGTATGTCAA,1
AATGCGATCATGTCAA,1
AATGCGGGCATGTCAA,1
AATGGAACGTCATACC,1
AATGTCCCTATGTAAT,1
AATGTCGTATCCACAG,1
AATGTTGAATAGGCGA,1
AATTCATGAGTACTAG,1
AATTCCATAGGCATGG,1
AATTCGAGCATGTCAA,1
AATTCGCGAGTACTAG,1
AATTCGTGAATACTAG,1
AATTCGTGAGCACTAG,1
AATTCGTGAGGACTAG,1
AATTCGTGAGTACAAG,1
AATTCGTGAGTACCAG,1
AATTCGTGAGTACTAA,1
AATTCGTGAGTACTAC,1
AATTCGTGAGTACTCG,1
AATTCGTGAGTACTGG,1
AATTCGTGAGTACTTG,1
AATTCGTGAGTAGTAG,1
AATTCGTGATTACTAG,1
AATTCGTGGGTACTAG,1
AATTCGTTAGTACTAG,1
AATTGAACGTCATACA,1
AATTGAACTTCATACC,1
AATTGAATGTCATACC,1
AATTGAGCGTCATACC,1
AATTGCTGGCACCCGT,1
AATTGGACGTCATACC,1
AATTGGGGTCTCCCTT,1
AATTTAAGAGAAAGTT,1
AATTTATACGAGAGCG,1
AATTTATCCGATAGCG,1
AATTTGTGAGTACTAG,1
ACAAAGGTTCGAGAAG,1
ACAAAGTCGCGAGAAG,1
ACAAAGTCTCGAGAAC,1
ACAAAGTCTCGAGGAG,1
ACAAAGTCTCGATAAG,1
ACAAAGTCTCGTGAAG,1
ACAAAGTCTCTAGAAG,1
ACAAAGTCTTGAGAAG,1
ACAAATTCTCGAGAAG,1
ACAACACAAAAAATTA,1
ACAACCTGAACCATAC,1
ACAACGAGGTGTAACC,1
ACAAGATGCGGGGGAC,1
ACAAGATTCAGGGGAC,1
ACAAGATTCGGGTGAC,1
ACAAGATTCGGTGGAC,1
ACAAGCTGAACCATAC,1
ACAATCCACCATTGAG,1
ACAATCGGGGGCTAAA,1
ACAATCTAAACCATAC,1
ACAATCTGAACCAAAC,1
ACAATCTGAACCAAAT,1
ACAATCTGAACCATCC,1
ACAATCTGAACTATAC,1
ACAATCTGAAGCATAC,1
ACAATTTGAACCATAC,1
ACACACGAGGTTGTGA,1
ACACGGATTGGCTGTA,1
ACACGGGCTGGCTGTA,1
ACACGGGTCGGCTGTA,1
ACACGGGTGGGCTGTA,1
ACACGGGTTAGCTGTA,1
ACACGGGTTCGCTGTA,1
ACACGGGTTGGCTATA,1
ACACGGGTTGGCTGTG,1
ACACGGGTTGTCTGTA,1
ACACGGGTTTGCTGTA,1
ACACGTGTTGGCTGTA,1
ACAGGCCACCATTGAG,1
ACAGTACGATCTACAC,1
ACAGTACGGTCTACGC,1
ACAGTCCACCAGTGAG,1
ACAGTCCACCATCGAT,1
ACAGTCCACCATTCAG,1
ACAGTCCACCATTGTG,1
ACAGTCCACCGTTGAG,1
ACAGTCTACCATTGAG,1
ACAGTTGTACACACCA,1
ACAGTTTCCAATAGGT,1
ACATAAAAAACTTAGT,1
ACATCCCAGGTCCTTT,1
ACATCTTCCAATAGGT,1
ACATGGGTTGGCTGTA,1
ACATTTGCCAATAGGT,1
ACATTTTCCAACAGGT,1
ACATTTTCCAATAGGG,1
ACATTTTCCAATAGTT,1
ACATTTTCCAATGGGT,1
ACATTTTCCGATAGGT,1
ACATTTTCTAATAGGT,1
ACCAGCAAGGAGGTGT,1
ACCAGCAATGAATTGT,1
ACCAGCAATGGGGTAG,1
ACCAGCAATTAGTTGT,1
ACCATCTAACAGATAG,1
ACCATTGTACACACCA,1
ACCCACCGAGTGACCG,1
ACCCACGGAGCTTGGC,1
ACCCCCGGAGCTCGAC,1
ACCCCCGGAGCTCTGC,1
ACCCCCGGAGTTTGGC,1
ACCCCCGGGGCTTGGC,1
ACCCCCTGAGCTCGGC,1
ACCGAAAGTTGCCAAG,1
ACCGAACGAATCATCC,1
ACCGAATGAACCATCC,1
ACCGAATGAAGCATCC,1
ACCGAATGAATAATAC,1
ACCGAATGAATCATCA,1
ACCGAATGAATCGTCC,1
ACCGAATGAATGATCC,1
ACCGATGCACGAATAA,1
ACCGATTCACCAATAA,1
ACCGATTCACGAATAT,1
ACCGATTCACGAGTAA,1
ACCGATTCACTAATAA,1
ACCGATTCATGAATAA,1
ACCGATTCGCGAATAA,1
ACCGATTGAATCATCC,1
ACCGGAAGTTACCAAG,1
ACCGGAAGTTGCAAAG,1
ACCGGAAGTTGCCAAA,1
ACCGGATGAATCATCC,1
ACCGGTTCCGACTAAG,1
ACCGTAAGTTGCCAAG,1
ACCGTCGTACACACCA,1
ACCGTCTAGAAATTTT,1
ACCGTGGTACACACCA,1
ACCGTTGCACACACCA,1
ACCGTTGTACACACCG,1
ACCGTTGTACACACTA,1
ACCGTTGTACACAGCA,1
ACCGTTGTACAGACCA,1
ACCGTTGTACGCACCA,1
ACCTCCTGGGGTATCA,1
ACCTTTGTACACACCA,1
ACGAAAATAGACCGAA,1
ACGAAGTTTCATAGCG,1
ACGACGAGGCTACGTA,1
ACGAGATTCGGGGGAC,1
ACGAGCAATGAGTTGT,1
ACGAGGATTGGCTGTT,1
ACGAGTATGAAGAGCG,1
ACGCAAATAGAACGAA,1
ACGCAAATAGACCGAT,1
ACGCAAATAGACCGTA,1
ACGCAAATAGACCTAA,1
ACGCAAATAGATCGAA,1
ACGCAAATGGACCGAA,1
ACGCATGAGTTTCGAG,1
ACGCATTAGCGGGAGG,1
ACGCCCATTAAGATCA,1
ACGCGAATAGACCGAA,1
ACGCTTCAACTAAAAA,1
ACGGCGATTGGCTGTT,1
ACGGGGAGGGGCTGTG,1
ACGGGGATAGGCTGTT,1
ACGGGGATCGGCTGTT,1
ACGGGGATGGGCTGTT,1
ACGGGGATTAGCTGTT,1
ACGGGGATTGACTGTT,1
ACGGGGATTGGTTGTT,1
ACGGGGATTTGCTGTT,1
ACGGGGCCTCATAATG,1
ACGGGGTTAAGTTGTG,1
ACGGTTTTACGTCCAT,1
ACGTAAATAGACCGAA,1
ACGTACGATTTTCGAG,1
ACGTATCTCCGAGCAA,1
ACGTATGATTGTCGAG,1
ACGTATGATTTCCGAG,1
ACGTATGATTTTCGTG,1
ACGTATGGTTTTCGAG,1
ACGTCCACTAAGATCA,1
ACGTCCAGTAAGAGCA,1
ACGTCCATTAAGATCT,1
ACGTCCATTAAGATGA,1
ACGTCCATTAATATCA,1
ACGTCCATTAGGATCA,1
ACGTCCATTTAGATCA,1
ACGTCTATTAAGATCA,1
ACGTCTCTCCGAGCAA,1
ACGTGCGCGGCTCGGG,1
ACGTGGGTGTACGAGA,1
ACGTGTCTCAGAGCAA,1
ACGTGTCTCCGACCAA,1
ACGTGTCTCCGAGCTA,1
ACGTGTCTCCGGGCAA,1
ACGTGTCTCGGAGCAA,1
ACGTGTCTTCGAGCAA,1
ACGTTCATTAAGATCA,1
ACGTTTCTCCGAGCAA,1
ACTAAGAGGCTACGTA,1
ACTACGAGGCTACATA,1
ACTACGAGGCTACGTG,1
ACTACGAGTCTACGTA,1
ACTACGGGGCTACGTA,1
ACTACTAGGCTACGTA,1
ACTAGATTATAACGTA,1
ACTAGGGCTACGTGAG,1
ACTCTGACTCGCTAAT,1
ACTCTGGCTCGCCAAT,1
ACTCTGGCTCGCGAAT,1
ACTCTGGCTCGCTAAC,1
ACTCTGGCTCGGTAAT,1
ACTCTGTCTCGCTAAT,1
ACTGAAACAATCGAAC,1
ACTGAATGAATCATCC,1
ACTGCCTAGAAATTTT,1
ACTGGCTAGAAATTTT,1
ACTGGGATTGGCTGTT,1
ACTGTACGATCTACGC,1
ACTGTATAGAAATTTT,1
ACTGTCAAGAAATTTT,1
ACTGTCTAGAAATTGT,1
ACTGTCTAGAAATTTA,1
ACTGTCTAGAAATTTC,1
ACTGTCTAGAAGTTTT,1
ACTGTCTAGGAATTTT,1
ACTGTCTATAAATTTT,1
ACTGTCTTGAAATTTT,1
ACTGTTGTACACACCA,1
ACTTAAATTCGAGGAC,1
ACTTATGATTTTCGAG,1
ACTTCCATTAAGATCA,1
ACTTGATGCATTCCCG,1
ACTTTTCTATGGCTAC,1
AGAAAACATTACAAAT,1
AGAAAAGCTCAGATAC,1
AGAAAATCTCACATAC,1
AGACACGCATGTGCCA,1
AGACCATCCCACCCAA,1
AGACCATCGAACCCAA,1
AGACCATGCTGGGGAT,1
AGACCCCCAGTTTCGT,1
AGACCCGTAAGGACTA,1
AGAGAATCTCAGATAC,1
AGAGCATCGCACCCAA,1
AGAGCTAAAAAGAGGT,1
AGAGCTAAAAAGGGGA,1
AGAGTCCACCATTGAG,1
AGAGTTCATAGCTCCA,1
AGATCCAACCTATAGT,1
AGATCCACCCTAGAGT,1
AGATCCACCCTATAGC,1
AGATCCACCCTGTAGT,1
AGATCCCAGATCCTTT,1
AGATCCCAGCTCCTTT,1
AGATCCCAGGTCATTT,1
AGATCCCAGGTCCTTA,1
AGATCCCGGGTCCTTT,1
AGATCCCTGGTCCTTT,1
AGATCCGAGGTCCTTT,1
AGATCTCAGGTCCTTT,1
AGATGAATTAAGTATG,1
AGATGTTTAATAGACG,1
AGCACAGGGATATGTG,1
AGCACATGCTGGGGAT,1
AGCACTTTACGAGACA,1
AGCAGAGGGATAGGTG,1
AGCAGCAATGAGTTGT,1
AGCAGCGAACAGATAG,1
AGCATAGGGAGATGTG,1
AGCATAGGGATATGAG,1
AGCATAGGGATATGTC,1
AGCATAGGGATATTTG,1
AGCATAGGGATATTTT,1
AGCATCCAACAGATAG,1
AGCATCTAACACATAG,1
AGCATCTAACAGACAG,1
AGCATCTAACAGATGG,1
AGCCCACGCTGGGGAT,1
AGCCCATACTGGGGAT,1
AGCCCATGATGGGGAT,1
AGCCCATGCGGGGGAG,1
AGCCCATGCTGCGGAT,1
AGCCCATGCTGGGAAT,1
AGCCCATGCTGGGGAC,1
AGCCCATGCTGGGGAG,1
AGCCCATGCTGTGGAT,1
AGCCGTTTAGATAGTT,1
AGCGAATGAATCATCC,1
AGCGACATAGCCCTTT,1
AGCGACATCGACCTTT,1
AGCGACATCGCCCTTC,1
AGCGACATCGCGCTTT,1
AGCGACATCGCTCTTT,1
AGCGACATCTCCCTTT,1
AGCGACGTCGCCCTTT,1
AGCGATATCGCCCTTT,1
AGCGATTCACGAATAA,1
AGCGGAATTAAGTATG,1
AGCGGTTCCGACTAAG,1
AGCGTTGTACACACCA,1
AGCTACATCGCCCTTT,1
AGCTCCACCCTATAGT,1
AGCTCCCGGGGTATCA,1
AGCTCCGGGGGGATCA,1
AGCTCCGGGGGTAGCA,1
AGCTCCTAGGGTATCA,1
AGCTCCTGAGGTATCA,1
AGCTCCTGGAGTATCA,1
AGCTCCTGGGATATCA,1
AGCTCCTGGGGTATGA,1
AGCTCCTGGGGTGTCA,1
AGCTCCTGGTGTATCA,1
AGCTCGTGGGGTATCA,1
AGCTGAAGTAAGTATG,1
AGCTGAATTAAGAATG,1
AGCTGAATTAAGCATG,1
AGCTGAATTAAGTATA,1
AGCTGAATTAATTATG,1
AGCTGAATTGAGTATG,1
AGCTGCTGGGGTATCA,1
AGCTGGATTAAGTATG,1
AGCTTCAGACTCTTGC,1
AGGAAAGAAACTGAAG,1
AGGAAAGAAATTGGAG,1
AGGAAAGAAGCTGGAG,1
AGGAAAGAGACGGGAG,1
AGGAAGACTTTGTGAT,1
AGGAAGGAAACTGGAG,1
AGGAATATGAAGAGCG,1
AGGACTAGAGTTGGCA,1
AGGACTATAGTCGGCA,1
AGGACTATAGTTGACA,1
AGGACTATAGTTGGGA,1
AGGACTATAGTTTGCA,1
AGGACTATATTTGGCA,1
AGGACTATGAAGAGCG,1
AGGACTATGGTTGGCA,1
AGGAGGGTGAAGAGCG,1
AGGAGTATAGTTGGCA,1
AGGAGTATCAAGAGCG,1
AGGAGTATGAAGAACG,1
AGGAGTATGAAGAGGG,1
AGGATTATAGTTGGCA,1
AGGATTATGAAGAGCG,1
AGGCACGTAAGGACTA,1
AGGCCCGCAAGGACTA,1
AGGCCCGTAACGACTA,1
AGGCCCGTAAGGACTT,1
AGGCCCGTAAGGGCTA,1
AGGCCCGTAGGGACTA,1
AGGCCCGTGAGGACTA,1
AGGCGGTGATGTGATT,1
AGGCGTTGAGGGAGTT,1
AGGGAAATGTAAATGA,1
AGGGACATAAGACAAC,1
AGGGAGACTTTGTGAT,1
AGGGTCAGACTCTTGC,1
AGGTACAGACTCTTGC,1
AGGTATTGCTACACAT,1
AGGTCCGTAAGGACTA,1
AGGTCCTGGGGTATCA,1
AGGTCTATAGTTGGCA,1
AGGTGGACGGGAATGG,1
AGGTGGAGGGGCATGG,1
AGGTGGGGGCGCCCGG,1
AGGTGTCTCCGAGCAA,1
AGGTTAAGAGAAAGTT,1
AGGTTAGTAGACCCAC,1
AGGTTCAAACTCTTTC,1
AGGTTCACACTCTTGC,1
AGGTTCAGACTATTGC,1
AGGTTCAGACTCTCGC,1
AGGTTCTGACTCTTGC,1
AGTAAAAGGGACATAT,1
AGTAAACATGAATTGG,1
AGTAAACATGCAATGG,1
AGTAAACATGCATGGG,1
AGTAAACATGCATTTG,1
AGTAAACATGTATTGG,1
AGTAAACGTGCATTGG,1
AGTACTATAGTTGGCA,1
AGTAGACATGCATTGG,1
AGTAGTGGCGCTTCAA,1
AGTATCTGCGCTTCAA,1
AGTATGTGCGCTGCAA,1
AGTATGTGCGCTTCAA,1
AGTATTTGCGATTCAG,1
AGTATTTGCGCCTCAA,1
AGTATTTGCGCGTCAA,1
AGTATTTGCGCTCCAA,1
AGTATTTGCGCTTAAA,1
AGTATTTGCGCTTCAG,1
AGTATTTGCGCTTGAA,1
AGTATTTGCGTTTCAA,1
AGTATTTGCTCTTCAA,1
AGTCATATCCTCAAAT,1
AGTCCTATTCTCAAAT,1
AGTCGGTTAGATAGTT,1
AGTCGTTAAGATAGTT,1
AGTCGTTGAGAGAGTT,1
AGTCGTTGAGATAGTT,1
AGTCGTTGGCACCCGT,1
AGTCGTTTAAATAGTT,1
AGTCGTTTACATAGTT,1
AGTCGTTTAGATAGGG,1
AGTCGTTTAGATAGTA,1
AGTCGTTTAGATATTT,1
AGTCGTTTAGCTAGTT,1
AGTCGTTTTGATAGTT,1
AGTCTTGAATAGGCGA,1
AGTGAACATGCATTGG,1
AGTGACATCGCCCTTT,1
AGTGCGAGCATGTCAA,1
AGTGCTATCCTCAAAT,1
AGTGCTGAATAGGCGA,1
AGTGCTGGCTTGGTTA,1
AGTGGTGAATAGGCGA,1
AGTGTCGGCTTGGTTA,1
AGTGTGGAAGAGGCGA,1
AGTGTTGAACAGGCGA,1
AGTGTTGAATAAGAGA,1
AGTGTTGAATAGGCGT,1
AGTGTTGAATAGGCTA,1
AGTGTTGAATAGGGGA,1
AGTGTTGGCGTGGTTA,1
AGTGTTGGCTCGGTTA,1
AGTGTTGGGTTGGTTA,1
AGTGTTGTCTTGGTTA,1
AGTGTTTGCGCTTCAA,1
AGTTAACGGCCTATCC,1
AGTTAACTTTGGAAGC,1
AGTTAGGGTCTCCCTT,1
AGTTCAGCGATAACGG,1
AGTTCCATAGGAATGG,1
AGTTCCATAGGCAGGG,1
AGTTCCATAGGCATAG,1
AGTTCCATAGGCATGC,1
AGTTCCATAGGCATGT,1
AGTTCCATAGTCATGG,1
AGTTCCATTGGCATGG,1
AGTTGAGCCAGTCTGA,1
AGTTGAGGTCTCCCTT,1
AGTTGGGATCTCCCTT,1
AGTTGGGGTCTAACTT,1
AGTTGGGGTCTCCATT,1
AGTTGGGGTCTCCCAT,1
AGTTGGGGTCTCCCTG,1
AGTTGGGGTCTTCCTT,1
AGTTGGGTTCTCCCTT,1
AGTTGGTGTCTCCCTT,1
AGTTGTAATCTGAATA,1
AGTTGTGGTCTCCCTT,1
AGTTGTTATAACTTGC,1
AGTTTCAGACTCTTGC,1
AGTTTTCATAACTTGC,1
AGTTTTTACAACTTGC,1
AGTTTTTATAACTTGA,1
AGTTTTTATAGCTTGC,1
ATAAAGTTTGTGCAAA,1
ATAACCGAGGGCATTG,1
ATAACGTTTGTACAAA,1
ATAACGTTTGTGAAAA,1
ATAACGTTTGTGCAAG,1
ATAACGTTTGTGCAAT,1
ATAACGTTTGTGTAAA,1
ATAACTGAGGGCATCG,1
ATAACTGAGGGCATGG,1
ATAACTGATGGCATTG,1
ATAACTGTGGGCATTG,1
ATAAGCTTCATGGAGT,1
ATAATCTGAACCATAC,1
ATAATGTTTGTGCAAA,1
ATAATTCGCATGCGGA,1
ATACAAACCTTCAAAT,1
ATACAAGAGGTTGTGA,1
ATACACACATGTGCCA,1
ATACACGAAGTAGGAG,1
ATACACGAGATTGTGA,1
ATACACGAGGATGTGA,1
ATACACGAGGGTGTGA,1
ATACACGAGGTCGTGA,1
ATACACGAGGTTATGA,1
ATACACGAGTTTGTGA,1
ATACACGATGTTGTGA,1
ATACACGCACGTGCCA,1
ATACACGCACTTGCCA,1
ATACACGCATGCGCCA,1
ATACACGCATGTGCAA,1
ATACACGCATTTGCCA,1
ATACACGCGTGTGCCA,1
ATACACGGATGTGCCA,1
ATACACTAGGTTGTGA,1
ATACACTCATGTGCCA,1
ATACATGCATGTGCCA,1
ATACCCATAAGACCCC,1
ATACGCGAGGTTGTGA,1
ATAGAAAATTATCCAC,1
ATAGAAAATTATCCGA,1
ATAGAAAATTATCTGC,1
ATAGAAAGTTATCCGC,1
ATAGAAGATTATCCGC,1
ATAGAATAGCAAATTA,1
ATAGAATCGCAAATGA,1
ATAGACGAGGTTGTGA,1
ATAGGAGATATGGCTG,1
ATAGGATACATGGCTG,1
ATAGGATAGATGGCTG,1
ATAGGATATACGGCTG,1
ATAGGATATATGCCTG,1
ATAGGATATATGGTTG,1
ATAGGATATATGTCTG,1
ATAGGGTATATGGCTG,1
ATATAAAAAAATTAGT,1
ATATAAAAAACTTAGC,1
ATATAAAAAACTTAGG,1
ATATAAAATTATCCGC,1
ATATAGAAAACTTAGT,1
ATATCCCAGGTCCTTT,1
ATATTTAACAGACGTA,1
ATCAAGTTACGGATGG,1
ATCAGAATAATCGCGC,1
ATCAGATTATAACGTA,1
ATCAGATTTAAAGGCA,1
ATCAGGATAATCGGGC,1
ATCAGGATAATTGCGC,1
ATCATGATAATCGCGC,1
ATCCGATTTAAAGACA,1
ATCCGATTTAAAGGTA,1
ATCCTAGGGGACGATT,1
ATCCTATTTAAAGGCA,1
ATCGACATCGCCCTTT,1
ATCGTTTTACGTCCAT,1
ATCTGGATAATCGCGC,1
ATGACCCACGGGCATA,1
ATGAGGGCGACGGGAG,1
ATGAGGGCTACGTGAG,1
ATGATCATATCTAATA,1
ATGCAAATAGACCGAA,1
ATGCAATTGAAACATA,1
ATGCACGAGGTTGTGA,1
ATGCCGAAGGGGGTAG,1
ATGCCGAATGGGGGAG,1
ATGGAATTGGAGAAAC,1
ATGGCCCACGAGCATA,1
ATGGCCCACGGACATA,1
ATGGCCCACGGGCATC,1
ATGGCCCACGGTCATA,1
ATGGGACTGGAGAAAC,1
ATGGGATCGGAGAAAC,1
ATGGGATGGGAGGGGT,1
ATGGGATTAGAGAAAC,1
ATGGGATTGGAAAAAC,1
ATGGGATTGGACAAAC,1
ATGGGATTGGAGAAAG,1
ATGGGATTGGAGAGTC,1
ATGGGATTGTAAAAAC,1
ATGGGATTTGAGAAAC,1
ATGGGGATTGGCTGTT,1
ATGGGGGATTCAACTC,1
ATGGTTTTACGTACAT,1
ATGGTTTTACGTCAAT,1
ATGGTTTTACGTCCAG,1
ATGGTTTTACGTCCGT,1
ATGGTTTTACGTCCTT,1
ATGTACCTGCAGTTGA,1
ATGTAGGATGGGGGAG,1
ATGTCCCACGGGCATA,1
ATTAAACATGCATTGG,1
ATTAGAGTATAACGTA,1
ATTAGATTATAACGCA,1
ATTAGATTATAACGGA,1
ATTAGATTATAGCGTA,1
ATTAGCGCTACGTGAG,1
ATTAGGACTACGTGAG,1
ATTAGGGCGACGGGAG,1
ATTAGGGCGACGTGAG,1
ATTAGGGCTACGTAAG,1
ATTAGGGCTACGTGAC,1
ATTAGGTTATAACGTA,1
ATTATATTATAACGTA,1
ATTATCAGATCTAATA,1
ATTATCATACCTAATA,1
ATTATCATATCCAATA,1
ATTATCATATCTAAAA,1
ATTATCATATCTAACA,1
ATTATCATATCTTATA,1
ATTATGGCTACGTGAG,1
ATTCACAGAACCTATC,1
ATTCAGCGTTGTTTTG,1
ATTCCGAACGGGGTAG,1
ATTCCGAAGGGGGTAG,1
ATTCCGAATAGGGTAG,1
ATTCCGAATGGAGTAG,1
ATTCCGAATGGGGTAC,1
ATTCCGAATGTGGTAG,1
ATTCCGGATGGGGTAG,1
ATTCGGAATGGGGTAG,1
ATTCGTGATACTCACA,1
ATTGGATTATAACGTA,1
ATTGGATTGGAGAAAC,1
ATTGGGGCTACGTGAG,1
ATTGTCATATCTAATA,1
ATTGTTGGCTTGGTTA,1
ATTTAAAGTCGAGGAC,1
ATTTAAATCCGAGGAC,1
ATTTAAATTATAGTCT,1
ATTTAAATTCGACGAC,1
ATTTAAATTCGAGGAG,1
ATTTAAATTCGAGGGC,1
ATTTACTAATTATACG,1
ATTTACTCACTATACG,1
ATTTACTCATCATACG,1
ATTTACTCATTAGACG,1
ATTTACTCATTATAAG,1
ATTTACTCATTATACC,1
ATTTCCATAGGCATGG,1
ATTTGAATTCGAGGAC,1
ATTTTCCTATGGCTAC,1
ATTTTGCTATGGCTAC,1
ATTTTTCCATGGCTAC,1
ATTTTTCTAGGGCTAC,1
ATTTTTCTATGGCGAC,1
ATTTTTCTATGGTTAC,1
ATTTTTCTATTGCTAC,1
ATTTTTTATAACTTGC,1
CAAAATATACGGCGAC,1
CAAAATCCACGGCGAC,1
CAAAATCTACCGCGAC,1
CAAAATCTACGGGGAC,1
CAAAGTCTACGGCGAC,1
CAAATGCCGCATTAGG,1
CAAATGCTGCAGTAGG,1
CAAATGCTGCATCAGG,1
CAAATGCTGCATTAAG,1
CAAATGCTGCATTAGA,1
CAAATGCTGCATTAGC,1
CAAATGCTGCATTAGT,1
CAAATGCTGGATTAGG,1
CAAATGCTGTATTAGG,1
CAAATTCTGCATTAGG,1
CAAGCACAGCGTAGGC,1
CAAGGAGAAATACAGA,1
CAAGGCCGGCGAACTC,1
CAAGGGAATTGCCACT,1
CAAGTAGAAATACAGA,1
CAATAAGCCAGCAAGA,1
CAATAGATGTACAGTC,1
CAATCTTTACGAAAAA,1
CAATTACAAATACATA,1
CAATTAGAAATACACA,1
CAATTAGAAATACATT,1
CAATTAGAAATTCAGA,1
CAATTCGCCGTTACCC,1
CAATTCGCCGTTCCAC,1
CAATTCGCCGTTCCCG,1
CAATTCGCCGTTCCCT,1
CAATTCTGATGAATTG,1
CAATTTAACAGACGTA,1
CACACAGAGTTTGTTG,1
CACAGACAATAAGAAA,1
CACCAATGTCATTTGA,1
CACCAGATGTACAGTC,1
CACCATCAGCACATAG,1
CACCATCAGCACCCGT,1
CACCATCAGCACCTAA,1
CACCATCAGCACCTAC,1
CACCATCAGCACCTTG,1
CACCATCAGCGCCTAG,1
CACCATCTGCACCTAG,1
CACCGAGCCGAGCACC,1
CACCGCGCCGAGCACT,1
CACCGCGCCGAGTACC,1
CACCGCGCCGATCACC,1
CACCGCGCTGAGCACC,1
CACCGGCTAATGTCTC,1
CACCTAGGAGCGCACT,1
CACCTAGGATAGCACT,1
CACCTAGGATCACACT,1
CACCTAGGATCGCACG,1
CACGACAAACAGTAAG,1
CACGACCGGCGAACTC,1
CACGGCAGGCGAACTC,1
CACGGCCAGCGAACTC,1
CACGGCCGGCGAACGC,1
CACGGCCGGCGAACTA,1
CACGGCCGGCGGACTC,1
CACGGCCGGCTAACTC,1
CACGGCCGTCGAACTC,1
CACGGGCGAATGTCTC,1
CACGGGCTAAGGTCTC,1
CACGGGCTAATCTCTC,1
CACGGGCTAATTTCTC,1
CACGGGCTTATGTCTC,1
CACTAGACGTACAGTC,1
CACTAGATGGACAGTA,1
CACTAGATGTACAGCC,1
CACTAGATGTAGAGTC,1
CACTAGTTGTACAGTC,1
CACTGATAACCCTGCG,1
CACTGCCGGCGAACTC,1
CACTGGATGTACAGTC,1
CACTTTACGGATCTCT,1
CAGAACCACGTTGTCT,1
CAGAACCTCCTTGTCT,1
CAGAACCTCGCTGTCT,1
CAGAACCTCGTCGTCT,1
CAGAACCTCGTTCTCT,1
CAGAACCTCGTTGTAT,1
CAGAACCTCGTTGTCA,1
CAGAACCTCTTTGTCT,1
CAGAACCTTGTTGTCT,1
CAGAACTTATCTGTGG,1
CAGAACTTGTCGATAT,1
CAGAATCTCGTTGTCT,1
CAGACAGAGTTTGTTG,1
CAGAGAATATAGAGAC,1
CAGATAAGATAGAGAC,1
CAGATAATATAGAGAT,1
CAGATAATATGGAGAC,1
CAGATAGGGATGAACA,1
CAGATAGTGATGAAAA,1
CAGATAGTGATGAACT,1
CAGATAGTGATGAAGA,1
CAGATAGTGATGAGCA,1
CAGCATTGTCGGAAAG,1
CAGCCAGGGAATCAAA,1
CAGCTGATAGTAACTC,1
CAGGAACATACATAAC,1
CAGGATCTAGAGCTAT,1
CAGGCCCTAGAGCTCT,1
CAGGCTCTAGAGCGCT,1
CAGGCTCTAGAGCTCC,1
CAGGCTCTAGAGCTTT,1
CAGGCTCTAGAGTTCT,1
CAGGGACAAGATTGTA,1
CAGGGCCGGCGAACTC,1
CAGTAGTTGTAATGGG,1
CAGTAGTTGTCATGAG,1
CAGTCGGGACTCATCT,1
CAGTCTCCAGAGCTCT,1
CATAAAAGACTGTAGA,1
CATAAAAGACTTTATA,1
CATAACCTCGTTGTCT,1
CATACAGAGGGGGTTG,1
CATACAGAGGGTGTTG,1
CATACAGAGTTGGTTG,1
CATACAGAGTTTGCTG,1
CATACAGAGTTTGTAG,1
CATACAGAGTTTGTTA,1
CATACAGAGTTTGTTC,1
CATACAGATTTTGTTG,1
CATACATAGTTTGTTG,1
CATACGGAGTTTGTTG,1
CATAGGTATTATATGC,1
CATATAGTGATGAACA,1
CATCATCAGCACCTAG,1
CATCGGCTCTTGATTA,1
CATCTCTGATGAATTG,1
CATGCTCTAGAGCTCT,1
CATGCTCTATAGCTCT,1
CATGGCCGGCGAACTC,1
CATGGGAAGGGCCACT,1
CATGGGAATCGCCACT,1
CATGGGAATTCGCCCA,1
CATGGGAATTGCCAGT,1
CATGGGAATTGCCTCT,1
CATGGGGAGCCCAACA,1
CATGTAGAGCCCAACA,1
CATGTCGTATCCACAG,1
CATGTGAATGCGCCCA,1
CATGTGAATTAGCCCA,1
CATGTGGAACCCAACA,1
CATGTGGAGCCCAGCA,1
CATGTGGAGCCTAACA,1
CATGTGGAGTCCAACA,1
CATTCAGCGATAACGG,1
CATTGAGACGCCCAAG,1
CATTGAGACGCGCAAT,1
CATTGAGACGCGCATA,1
CATTGAGACGCGCGAG,1
CATTGAGACGCGTAAG,1
CATTGAGACGGGCAAG,1
CATTGAGACTCGCAAG,1
CATTTCTGATAAATTG,1
CATTTCTGATGAAGTG,1
CATTTCTGATGAATCG,1
CATTTCTGATGAATGG,1
CATTTCTGATTAATTG,1
CATTTCTGGTGAATTG,1
CATTTTTGGTTCGAGG,1
CCAACAAAAAAAATTA,1
CCAACACAAAAAGTTA,1
CCAACACAAAAGATTA,1
CCAACACAAGAAATTA,1
CCAACACGAAAAATTA,1
CCAACATAAAAAATTA,1
CCAAGCTTGGCGCAGC,1
CCAAGCTTGGCGCATG,1
CCAAGCTTGGCGCGTC,1
CCAATGCTGCATTAGG,1
CCAATTTAAGTATCAA,1
CCATCCTCAAGGGTAA,1
CCATTAGAAATACATA,1
CCCAAATAATTGGCGC,1
CCCAATGTCGTAGGAT,1
CCCACGCTGTTTAAAA,1
CCCAGCGCGGCTCGGG,1
CCCAGCGCGGTAAGAG,1
CCCATTACGGATCTCT,1
CCCATTTACTGAAGGG,1
CCCCCCCTCTAAAGTT,1
CCCCCGATGTTTAAAA,1
CCCCCGCCGTTTAAAA,1
CCCCCGCTGGTTAAAA,1
CCCCCGCTGTTTGAAA,1
CCCCCTCTGTTTAAAA,1
CCCCTAGGGGACGATT,1
CCCCTCATCTAAAGTT,1
CCCCTCCTCTAAAGCT,1
CCCCTCCTCTAGAGTT,1
CCCGAATGAATCATCC,1
CCCGACACCCTTCCGG,1
CCCGATGAAATAAGCT,1
CCCGATTCACGAATAA,1
CCCTACGAAATAAGCT,1
CCCTATGAAATAACCT,1
CCCTATGAAATACGCT,1
CCCTATGAATTAAGCT,1
CCCTATGAGATAAGCT,1
CCCTCCTCAATGGTAA,1
CCCTGCACGGCTCGGG,1
CCCTGCGCGGCTTGGC,1
CCCTGCGCGGGTCGGG,1
CCCTGCGCGGTAAGAG,1
CCCTTCCTCTAAAGTT,1
CCCTTTACGGATCTAT,1
CCCTTTACGGATCTCA,1
CCCTTTACGGGTCTCT,1
CCCTTTACTGATCTCT,1
CCCTTTATGGATCTCT,1
CCGACACAAAAAATTA,1
CCGACCCTAGATGGTA,1
CCGAGCACGTTTAGAG,1
CCGATTACTAGCCGGA,1
CCGCAGTAGCGGGAGG,1
CCGCATAAATCAGAAC,1
CCGCATTAGAGGGAGG,1
CCGCATTAGCGTGAGG,1
CCGCGCACGGTTAGAG,1
CCGGAGAAAGCAGAAC,1
CCGGAGAAATCAGAAC,1
CCGGATAAATCACAAC,1
CCGGATAAATCAGAAA,1
CCGGATAAATCAGAAT,1
CCGGATAAATCAGGAC,1
CCGGATAAATGAGAAC,1
CCGGATAAATTAGAAC,1
CCGGGGTTAAGTTGGG,1
CCGTACCTGCAGTTGA,1
CCGTATGAAATAAGCT,1
CCGTGCGCGGCTCGGG,1
CCTAGGTATTATATGC,1
CCTCGATGCATTCCCG,1
CCTGGAAACGATCCCC,1
CCTGGGAATTGCCACT,1
CCTGGGCTAAGTTGTG,1
CCTGGGGGAAGTTGGG,1
CCTGGGTAAAGTTGTG,1
CCTGGGTGAAGGGGTG,1
CCTGGGTGAAGTGGTG,1
CCTGGGTGAGGTGGTG,1
CCTGGGTTAAGGTGTG,1
CCTGGGTTAAGTCGTG,1
CCTGGGTTAATTTGTG,1
CCTGGGTTAGGTTGTG,1
CCTTAAATTATAGTCT,1
CCTTATGAAATAAGCT,1
CCTTATTAGGCGGCAT,1
CCTTATTAGGCGGTAT,1
CCTTGAGGCATTCCCG,1
CCTTGATGCATTACAG,1
CCTTGATGCATTCACG,1
CCTTGATGCATTCCGG,1
CCTTGATGCATTTCCG,1
CCTTGATGCGTTCCCG,1
CGAAAACATCACAAAT,1
CGAAAACATTACAAAG,1
CGAAAATATTACAAAT,1
CGAAACACATCCCAGT,1
CGAAACACGGCCCAGT,1
CGAAACACGTCCCGAT,1
CGAAACATGTCCCAGT,1
CGAACACAAAAAATTA,1
CGAACAGCAGACACGT,1
CGAACCACAGACACGT,1
CGAACCCTAGATGGTA,1
CGAACCGAAGACACGT,1
CGAACCGCGGACACGT,1
CGAAGCTTGGCGCATC,1
CGACCATCGCACCCAA,1
CGACTCAACGGACGCC,1
CGACTCCACAGACGCC,1
CGACTCCACGGACGAC,1
CGACTCCACGGAGGCC,1
CGACTCCACTGACGCC,1
CGACTCCTCGGACGCC,1
CGACTTCACGGACGCC,1
CGAGAACATACATAAC,1
CGAGAACATTACAAAT,1
CGAGCACAGCGTAGGC,1
CGAGCCGCAGACACGT,1
CGAGGACAAGATTGTA,1
CGATCGTAATCTACAG,1
CGATCGTTACGAAAAA,1
CGATCTTCACGAAAAA,1
CGATGTAACAGACGTA,1
CGATTCCACGGACGCC,1
CGATTTAACAGACGTA,1
CGCACAGTGTAATCGA,1
CGCACGTTACGAGACA,1
CGCACTCTACGAGACA,1
CGCACTTTAAGAGACA,1
CGCACTTTACGAGACG,1
CGCACTTTACGATACA,1
CGCACTTTATGAGACA,1
CGCAGACAATAAAAAA,1
CGCAGCATTGGTCGAC,1
CGCAGCATTGTTCGCC,1
CGCAGTGGTATACATA,1
CGCATCATTGGTCGCC,1
CGCCATCAGCACCTAG,1
CGCGACACCCATCCGG,1
CGCGACACCCGTCCGG,1
CGCGACACCCTACCGG,1
CGCGACACCCTTCCCC,1
CGCGACACCCTTCCCG,1
CGCGACACCCTTCCCT,1
CGCGACACCCTTCGGG,1
CGCGACACCCTTTCGG,1
CGCGACACGCTTCCGG,1
CGCGACATCCTTCCGG,1
CGCGAGACCCTTCCGG,1
CGCGATACCCTTCCGG,1
CGCGGCCGGCGAACTC,1
CGCGGTGGTCGATCCG,1
CGCTCCTCAAGGGTAA,1
CGGAAACATACATAAC,1
CGGAAACATTACAAAT,1
CGGAAATCTCCCATAC,1
CGGAACTTGTCGATAT,1
CGGACCCGAGATGGGA,1
CGGACCCTAGATAGTA,1
CGGACCCTAGATGATA,1
CGGACCCTAGATGGTG,1
CGGACCCTAGATGGTT,1
CGGACCCTAGATGTTA,1
CGGACCCTAGATTGTA,1
CGGACCCTCGATGGTA,1
CGGACCTTAGATGGTA,1
CGGAGCTGCCAAGAAG,1
CGGAGTATGAAGAGCG,1
CGGATCCTAGATGGTA,1
CGGCAACATACATAAC,1
CGGCCAGGCAATCAAA,1
CGGCCAGGGAAGCAAA,1
CGGCCAGGGAATCAAG,1
CGGCCAGGGAATCAAT,1
CGGCCAGGGAATCATA,1
CGGCCAGGGAATCGAA,1
CGGCCAGGGTATCAAA,1
CGGCCAGTGAATCAAA,1
CGGCCATGGAATCAAA,1
CGGCCGGGGAATCAAA,1
CGGCGACAAGATTGTA,1
CGGCTAGGGAATCAAA,1
CGGGAAAGGTAAAGGA,1
CGGGAAATATAAATGA,1
CGGGAAATGGAAATGA,1
CGGGAAATGTAAATGT,1
CGGGAAATGTAAATTA,1
CGGGAAATGTAGATGA,1
CGGGAACAGACAGAAC,1
CGGGAACATACATAAA,1
CGGGAACATACATAAT,1
CGGGAACATACATTAC,1
CGGGAACATACGTAAC,1
CGGGAACATACTTAAC,1
CGGGAATATCCCATAC,1
CGGGAATCTCACATAC,1
CGGGAATCTCCCATCC,1
CGGGAATCTCCTATAC,1
CGGGACACCCTTCCGG,1
CGGGATAAATCAGAAC,1
CGGGCCCTAGATGGTA,1
CGGGGACAAGACTGTA,1
CGGGGACAAGAGGGGA,1
CGGGGACAAGATGGGA,1
CGGGGACAAGATTATA,1
CGGGGACAAGATTGTG,1
CGGGGACAAGATTTTA,1
CGGGGACATACATAAC,1
CGGGGACGAGATGGTA,1
CGGGGACGAGATTGTA,1
CGGGTAATGTAAATGA,1
CGGGTACCCTTCAGCA,1
CGGTAAATGTAAATGA,1
CGGTACCTGCAGGTGA,1
CGGTCCGCTTCATGCT,1
CGGTCGAGACTCATCT,1
CGGTCGGGACTCGTCT,1
CGGTCGGGACTCTTCT,1
CGGTCGGGACTTATCT,1
CGGTCGTGACTCATCT,1
CGGTGACAAGATTGTA,1
CGTAAAGTGTAATCGA,1
CGTAAGTATGTCCCAG,1
CGTACAATGTAATCGA,1
CGTACACTGTAATCGA,1
CGTACAGAATACGAGA,1
CGTACAGTATAATCGA,1
CGTACAGTGCAATCGA,1
CGTACAGTGGAAGCGA,1
CGTACAGTGTAACCGA,1
CGTACAGTGTAATCTA,1
CGTACAGTGTAATGGA,1
CGTACAGTGTTTGTTG,1
CGTACGCATGTCCCAG,1
CGTACGTACGTCCCAG,1
CGTACGTAGGTCCCAG,1
CGTACGTATGTCCCAA,1
CGTACGTATGTCCCTT,1
CGTACTTTACGAGACA,1
CGTATGTATGTCCCAG,1
CGTCTACCCTTCAGCA,1
CGTGAAATGTAAATGA,1
CGTGAACATACATAAC,1
CGTGAATCTCCCATAC,1
CGTGACACCCTCCAAC,1
CGTGACCCACTCCAAC,1
CGTGACCCCCACCAAC,1
CGTGACCCCCTACAAC,1
CGTGACCCCCTCCAAG,1
CGTGACCCCCTCCATC,1
CGTGACCCCCTCTAAC,1
CGTGACCGCCTCCAAC,1
CGTGACTCCCTCCAAC,1
CGTGCAGTGTAATCGA,1
CGTGGACAAGATTGTA,1
CGTGTACCCATCAGCA,1
CGTGTACCCTTCAGGA,1
CGTGTACCGTTCAGCA,1
CGTTAAAGGCCTATCC,1
CGTTAAATTATAGTCT,1
CGTTAACGGCCTATCA,1
CGTTAACTGCCTATCC,1
CGTTAATGGCCTATCC,1
CGTTACCCCCTCCAAC,1
CGTTCAGCGATAACAG,1
CGTTCAGCGATAACCG,1
CGTTCAGCGATAACGA,1
CGTTCAGCGATAACTT,1
CGTTCAGCGATAATGG,1
CGTTCAGCGGTAACGG,1
CGTTCAGTGATAACAG,1
CGTTCAGTGTAATCGA,1
CGTTCGGCGATAACGG,1
CGTTCGGGACTCATCT,1
CGTTGAGCGATAACGG,1
CGTTGGGGTCTCCCTT,1
CGTTTCTGATGAATTG,1
CGTTTTTGGTTCGAGT,1
CGTTTTTGTTTCGAGG,1
CTAAAACATTACAAAT,1
CTAAAATAATTGGCGC,1
CTAAACTTATCTGTGG,1
CTAAATGTCGTAGGAT,1
CTAAGCTTGGCGCATC,1
CTAAGGGATTCAACTC,1
CTAAGTGAAGTAGCAA,1
CTAATCTAAGTATCAA,1
CTAATTAACAGACGTA,1
CTAATTTAAGCATCAA,1
CTAATTTAAGTATCAT,1
CTAATTTAAGTATTAA,1
CTAATTTAGGTATCAA,1
CTAATTTGAGTATCAA,1
CTAATTTTAGTATCAA,1
CTACACGAGGTTGTGA,1
CTACGGCTCTTGATTA,1
CTACTCCACGGACGCC,1
CTAGAACTGCGGCCCC,1
CTAGCACAGCGTAACC,1
CTAGCACAGCGTAAGC,1
CTAGCACAGCGTAGGG,1
CTAGCACATCGTAGGC,1
CTAGTTAACAGACGTA,1
CTAGTTTAAGTATCAA,1
CTATAAAACGTTTGTA,1
CTATAAACCGCTTGTA,1
CTATAAACCGGTGGTA,1
CTATAAACCGTTGGTA,1
CTATAAACCGTTTGTT,1
CTATAAACCTTTTGTA,1
CTATAAATTATAGTCT,1
CTATACTGCCCGGAAG,1
CTATATTGCCCAGAAG,1
CTATATTGCCCGGAAT,1
CTATATTGCCCGGATG,1
CTATATTGCCCGTAAG,1
CTATATTGCCGGGAAG,1
CTATATTGCTCGGAAG,1
CTATCTTAACCTACAG,1
CTATCTTAAGCTACAG,1
CTATCTTAATCAACAG,1
CTATCTTAATCTACAA,1
CTATCTTAATCTACGG,1
CTATCTTAATCTGCAG,1
CTATCTTAATGTACAG,1
CTATGTAACAGACGTA,1
CTATTTAACAGACATA,1
CTATTTAACAGACGGA,1
CTATTTAACAGACGTT,1
CTATTTAACAGGCGTA,1
CTATTTAATAGACGTA,1
CTATTTAGCAGACGTA,1
CTATTTTAATCTACAG,1
CTCAAATAACTGGCGC,1
CTCAAATAATTGACGC,1
CTCAAATAATTGGAGC,1
CTCAAATAATTGGCGA,1
CTCAACGTCGTAGGAT,1
CTCAACTTATCTGTGG,1
CTCAAGTAATTGGCGC,1
CTCAATGTCATAGGAT,1
CTCAATGTCGTAGGAA,1
CTCAATGTCGTGGGAT,1
CTCACTGCGCGAGAGT,1
CTCAGCATTGGTCGCC,1
CTCAGGGATTCAACTC,1
CTCAGGTATTACATGC,1
CTCAGTGTCGTAGGAT,1
CTCATAGGGGACGATT,1
CTCCCAGGGGACGATT,1
CTCCTAGGAGACGATT,1
CTCCTAGGGGATGATT,1
CTCCTATGGTACGATT,1
CTCCTGGGGGACGATT,1
CTCGATGTCGTAGGAT,1
CTCTACACCCTTCCGG,1
CTCTACCTGCAGTTGA,1
CTCTATGAAATAAGCT,1
CTCTTAAGCTCCTACG,1
CTCTTTACGGATCTCT,1
CTGAAATAATTGGCGC,1
CTGAACGTATCTGTGG,1
CTGAACTCATCTGTGG,1
CTGAACTGATCTGTGG,1
CTGAACTTAGCTGTGG,1
CTGAACTTATCAGTGG,1
CTGAACTTATCTATGG,1
CTGAACTTATCTGGGG,1
CTGAACTTATCTGTCG,1
CTGAACTTGTAGATAT,1
CTGAACTTGTCTATAT,1
CTGAACTTGTTGATAT,1
CTGAAGGCCTGGCCCC,1
CTGACAGAATACTAGA,1
CTGAGCTGACAATAAG,1
CTGAGCTGCAAATAAG,1
CTGAGCTGCCAAGGAG,1
CTGAGCTGCCAATAAC,1
CTGAGCTGCCAATACG,1
CTGAGCTGCCAATAGG,1
CTGAGCTGCCAATGAG,1
CTGAGCTGCCAGTAAG,1
CTGAGCTGCCGATAAG,1
CTGAGCTGCTAATAAG,1
CTGAGCTGGCAATAAG,1
CTGAGCTTGTCGATAT,1
CTGAGGAATTCAACTC,1
CTGAGGGACTCAACTC,1
CTGAGGGAGTCAACGC,1
CTGAGGGATCCAACTC,1
CTGAGGGATTCAACCC,1
CTGAGGGATTCAACGC,1
CTGAGGGATTCAACTA,1
CTGAGGGATTCAACTT,1
CTGAGGGATTCAATTC,1
CTGAGGGATTGAACTC,1
CTGAGGGGTTCAACTC,1
CTGAGGTATTCAACTC,1
CTGATTTAAGTATCAA,1
CTGGAAATGTAAATGA,1
CTGGAACATACATAAC,1
CTGGAATCTCCCATAC,1
CTGGACTGGTCGATAG,1
CTGGAGACCTGGCCCC,1
CTGGAGGCCCTGCCCC,1
CTGGAGGCCTAGCCCC,1
CTGGAGGCCTCGCCCC,1
CTGGAGGCCTGCCCCC,1
CTGGAGGCCTGGCCGC,1
CTGGAGGCCTGGCTCC,1
CTGGAGGCGGGGCCCC,1
CTGGAGTCCTGGCCCC,1
CTGGCTCTAGAGCTCT,1
CTGGGACAAGATTGTA,1
CTGGGATTGGAGAAAC,1
CTGGGCTGCCAATAAG,1
CTGGTTTTACGTCCAT,1
CTGTAACTGCAGTTGA,1
CTGTACCGGCAGTGGA,1
CTGTACCTGCACTTGA,1
CTGTACCTGCAGGTGA,1
CTGTACCTGCAGTTTA,1
CTGTACCTGCTGTTGA,1
CTGTACCTGGAGTTGA,1
CTGTACCTGTAGTTGA,1
CTGTACTTGCAGTTGA,1
CTGTATAAGTCGCGCC,1
CTGTATCAGTCGCGCC,1
CTGTCTTAATCTACAG,1
CTTAAGTATTATATGC,1
CTTACAGAAGACGAGA,1
CTTACAGAATATTAGA,1
CTTACAGAATGCTAGA,1
CTTACGGAATACTAGA,1
CTTACTGCGAGAGAGT,1
CTTACTGCGCGAGACT,1
CTTACTGCGCGAGAGC,1
CTTACTGCGCGAGATT,1
CTTACTGCGCGATAGT,1
CTTACTGCTCGAGAGT,1
CTTAGAGAATACTAGA,1
CTTAGATATTATATGC,1
CTTAGGGATTACATGC,1
CTTAGGGATTAGATGC,1
CTTAGGGCTACGTGAG,1
CTTAGGTATAATATGC,1
CTTAGGTATGATATGC,1
CTTAGGTATTACAGGC,1
CTTAGGTATTACATGT,1
CTTAGGTATTACATTC,1
CTTAGGTATTACGTGC,1
CTTAGGTATTATAAGC,1
CTTAGGTATTATACGC,1
CTTAGGTATTATCCGC,1
CTTAGGTATTATTTGC,1
CTTAGGTATTGTATGC,1
CTTAGGTTTTATATGC,1
CTTAGTTATTACATGC,1
CTTATGTATTACATGC,1
CTTCAGCGTTGTTTTG,1
CTTCAGCTCTTGATTA,1
CTTCGACTCTTGATTA,1
CTTCGGCGCGTGATTA,1
CTTCGGCGCTGGATTA,1
CTTCGGCTATTGATTA,1
CTTCGGCTCGTGATTA,1
CTTCGGCTCTTGATCA,1
CTTCGGTTCTTGATTA,1
CTTCGTGATACTCACA,1
CTTCTAGGGGACGATT,1
CTTCTCTAGTACGCTT,1
CTTGACCCCCTCCAAC,1
CTTGCAGAATACTAGA,1
CTTGCTGCGCGAGAGT,1
CTTGGGTTAAGTTGTG,1
CTTTAAACTATAGTCT,1
CTTTAAATCATAGTCT,1
CTTTAAATTATAGGCT,1
CTTTAAATTATAGTCG,1
CTTTAAATTATGGTCT,1
CTTTAACGGCCTATCC,1
CTTTACTCATTATACG,1
CTTTTATAGTACGCTT,1
CTTTTCTAGTACGATT,1
CTTTTCTAGTACGCAT,1
CTTTTCTAGTACGCGT,1
CTTTTCTAGTGCGCTT,1
CTTTTCTGATGAATTG,1
GAAAAAAGGGACATAT,1
GAAAAAGCCTCCAGGA,1
GAAAAGGTGAGGAAAG,1
GAAACGAGGTGTAACC,1
GAAAGACCCGTGCAAT,1
GAAAGCCACGTGCAAT,1
GAAAGCCCCGTGCAAC,1
GAAAGCCCCGTGCAAG,1
GAAAGCCCCGTGTAAT,1
GAAAGCCCTGTGCAAT,1
GAAAGCTTCATGGAGT,1
GAAAGGCCCTATGATG,1
GAAAGTCCATATGATG,1
GAAAGTCCCGAGGAGG,1
GAAAGTCCCGATGATG,1
GAAAGTCCCTATGGTG,1
GAAAGTCGCTATGATG,1
GAAAGTGCCTATGATG,1
GAAATACCCAAATAAC,1
GAAATCCACAAATAAC,1
GAAATCCCCAAATAAA,1
GAAATCCGCAAATAAC,1
GAAATTCGCATGCGGA,1
GAACCCATAAGACCCC,1
GAACTGCGTATTGAGT,1
GAAGAAACTACAACCA,1
GAAGAAACTAGAACCA,1
GAAGAAACTATAACCG,1
GAAGAAACTATAACTA,1
GAAGAAACTATAAGCA,1
GAAGAAACTATGACAA,1
GAAGAAACTATGACCA,1
GAAGAAACTATGGGCA,1
GAAGAAACTGTAACCA,1
GAAGAACTGCGGCCCC,1
GAAGAAGCTATAACCA,1
GAAGCGCGTATTGAGT,1
GAAGGAACTATAACCA,1
GAAGGCCCCGTGCAAT,1
GAAGGGATGGGCACGT,1
GAAGTAAACTGAATGA,1
GAAGTACGATCTACGC,1
GAAGTACGCGGAAGGA,1
GAAGTACGCGGAATGA,1
GAAGTACGCTGAGTGA,1
GAAGTACGCTGGATGA,1
GAAGTACGTATTGAGT,1
GAAGTACTGCTGAAGT,1
GAAGTATGCTGAATGA,1
GAAGTCCCCAAATAAC,1
GAAGTGCCTATTGAGT,1
GAAGTGCGGAGTGAGT,1
GAAGTGCGGATTGAGT,1
GAAGTGCGTAGTGAGT,1
GAAGTGCGTATGGAGT,1
GAAGTGCGTATTAAGT,1
GAAGTGCGTATTGACC,1
GAAGTGCGTATTGACT,1
GAAGTGCGTATTGAGA,1
GAAGTGCGTATTGAGC,1
GAAGTGCGTGTTGAGT,1
GAAGTGCTGCTGAAGG,1
GAAGTGCTGCTGAGGT,1
GAAGTGCTGGTGAAGT,1
GAAGTGGGTATTGAGT,1
GAAGTTCTGCTGAAGT,1
GAATAAACTATAACCA,1
GAATAATAGAAGAGAG,1
GAATAATAGAATAGAG,1
GAATAATAGAGCAGAG,1
GAATCCTCAACTCCTA,1
GAATGTCCCTATGATG,1
GAATTCACAATATCCA,1
GACAAAAGGAACATAT,1
GACAAAAGGGAAATAT,1
GACAAAAGGGACATAC,1
GACAAAAGGGACGTAT,1
GACAAAAGGGACTTAT,1
GACAAAATGGACATAT,1
GACACCTTGTAAGATG,1
GACAGAAGGGACATAT,1
GACATTTACTGAAGGG,1
GACCAATCTTCGAACT,1
GACCAATGTCATTTGA,1
GACCCATTGTAAGATG,1
GACCCCGTGTAAGATG,1
GACCCCTCGTAAGATG,1
GACCCCTTGGAAGATG,1
GACCCCTTGTAAGATA,1
GACCCCTTGTAAGGTG,1
GACCCCTTGTAATATG,1
GACCCCTTGTGAGATG,1
GACCCCTTTTAAGATG,1
GACCGCCATCGACTTC,1
GACCTACGAGACGTAA,1
GACCTTGCTATGGATC,1
GACGAAAGGGACATAT,1
GACGAGATGGGCACGT,1
GACGCCTTGTAAGATG,1
GACGGGAGGGGCACGT,1
GACGGGATGGGCACCT,1
GACGGGATGGGCACGA,1
GACGGGATGGGCACGC,1
GACGGGATGGGCAGGT,1
GACGGGATGGGCTCGT,1
GACGGGATGTGCACGT,1
GACGGGATTGGCTGTT,1
GACTGGATGGGCACGT,1
GACTTCCCTGACTGCT,1
GACTTTGCGCGCAGTC,1
GAGAACTGCAGAAGCG,1
GAGAAGCTATAGAAGT,1
GAGAGCAGCAGAAGCG,1
GAGAGCCCCGTGCAAT,1
GAGAGCGAGAAAAGCA,1
GAGAGCTGAAGAAGCG,1
GAGAGCTGCAGAAACG,1
GAGAGCTGCAGAACCG,1
GAGAGCTGCAGAAGCA,1
GAGAGCTGCAGAAGCC,1
GAGAGCTGCAGGAGCG,1
GAGAGCTGCATAAGCG,1
GAGAGCTGCCAATAAG,1
GAGAGCTGGAGAAGCG,1
GAGAGCTGTAGAGGCG,1
GAGAGGTAGAGATACG,1
GAGATAGTGATGAACA,1
GAGATTGCTATGGATC,1
GAGCATCCTAGTGACG,1
GAGCGCTTGTCCGGAA,1
GAGCGGATACGTCACC,1
GAGCGGGCTATGGATC,1
GAGCGGTAGAGATACG,1
GAGCTTGCCATGGATC,1
GAGCTTGCGATGGATC,1
GAGCTTGCTAGGGAGC,1
GAGCTTGCTATGGACC,1
GAGCTTGCTATGGATT,1
GAGCTTGCTATGTATC,1
GAGCTTGTTATGGATC,1
GAGCTTTCTATGGATC,1
GAGGAAACTATAACCA,1
GAGGAGTAGAGATACG,1
GAGGAGTTTGTGGAGG,1
GAGGGATAGAGATACG,1
GAGGGCTGCAGAAGCG,1
GAGGGGAATTGCCACT,1
GAGGGGATACATCACC,1
GAGGGGATGGGCACGT,1
GAGGGGGAGGGATGCG,1
GAGGGGGGGAGGTACG,1
GAGGGGGTACGTCACC,1
GAGGGGTAGAAATACG,1
GAGGGGTAGAGACACG,1
GAGGGGTAGTGATACG,1
GAGGGGTGATGTGATT,1
GAGGGTTAGAGATACG,1
GAGGTCCCTATGTAAT,1
GAGGTGCGTATTGAGT,1
GAGTAATAGAACAGAG,1
GAGTATTGCTACACAT,1
GAGTGGATACGTCACC,1
GATAAAAGGGACATAT,1
GATACAGAGTTTGTTG,1
GATAGCCACTGATAAG,1
GATCAAGCAGAAAAAG,1
GATCACGCAGAAAAAT,1
GATCACGCAGAAAATG,1
GATCCAAGGGACGGAC,1
GATCCAGATGCCCACC,1
GATCCCCATCGACTTC,1
GATCGCAATCGACTTC,1
GATCGCCACCGACTTC,1
GATCGCCACGGATAAG,1
GATCGCCAGCGACTTC,1
GATCGCCATCGACATC,1
GATCGCCATGGACTTC,1
GATCGCCGTCGACTTC,1
GATCGCTATCGACTTC,1
GATCGTGATACTCACA,1
GATCTCGGGGAGAGTC,1
GATCTTGGGGAGAGCC,1
GATCTTGGGGAGAGGC,1
GATCTTGGGGAGATTC,1
GATCTTGGGGTGAGTC,1
GATCTTGGGTAGAGTC,1
GATCTTGGTGAGAGTC,1
GATGCAGATGCCCACC,1
GATGGGATACGTCACC,1
GATGGGATGGGCACGT,1
GATTAACTTTGGAAGC,1
GATTCAGATGCACACC,1
GATTCAGATGCCCAAC,1
GATTCAGATGCCGACC,1
GATTCAGCGATAACGG,1
GATTGAACGTCATACC,1
GATTGAGACGCGCAAG,1
GATTTATCCGAGAGCG,1
GCAAACAGCGTAGTTG,1
GCAAACAGGGTAGTTG,1
GCAAACAGTATAGTTG,1
GCAAACAGTGCAGTTG,1
GCAAACAGTGTAGCTG,1
GCAAACAGTGTAGGTG,1
GCAAACAGTTTAGTTG,1
GCAACAGCCCTAGCAA,1
GCAACGAGGGGTAACC,1
GCAACGAGGTGTAACA,1
GCAACGGGGTGTAACC,1
GCAAGCAAAGTTGACC,1
GCAAGCAGTGTAGTTG,1
GCAAGCTTCATGGAGT,1
GCAAGCTTGGCGCATC,1
GCAAGGAACTAACTCC,1
GCAATGAGGTGTAACC,1
GCACCCTCAACTCCTA,1
GCAGACAGTGTAGTTG,1
GCAGAGTGCCGGTCAT,1
GCAGATACTAGGACCA,1
GCAGCCTCAACTCCTA,1
GCAGCGTGCAAGTCAT,1
GCAGCGTGCCAGTCAT,1
GCAGCGTGCCGGCCAT,1
GCAGCTTGCCGGTCAT,1
GCAGTGTGCCGGTCAT,1
GCATAAAGGATCATGA,1
GCATACTCAACTCCTA,1
GCATCATCAACTCCTA,1
GCATCCTCAACCCCTA,1
GCATCCTCAACTACTA,1
GCATCCTCAACTCCAA,1
GCATCCTCGACTCCTA,1
GCATCGTCAACTCCTA,1
GCATCGTGCCGGTCAT,1
GCATGCAACTAACTCC,1
GCATGGAACTAACTGC,1
GCATGGAACTAACTTC,1
GCATGGAACTAAGTCC,1
GCATGGAACTAGCTCC,1
GCATGGTACTAACTCC,1
GCATTTGCGCGCAGTC,1
GCATTTTCCAATAGGT,1
GCCAAAAGGATCATGA,1
GCCAAGTTTCATAGCG,1
GCCAATTCACGAATAA,1
GCCAGCGCGGGGAGAG,1
GCCAGCGTTAGTGTCA,1
GCCAGCTCGCATCCCT,1
GCCAGCTCGTATACCT,1
GCCAGCTCGTATCACT,1
GCCAGCTCGTATCCTT,1
GCCAGTTACTGAAGGG,1
GCCAGTTCGTATCCCT,1
GCCATTTAATGAAGGG,1
GCCATTTACTGAAGGT,1
GCCATTTACTGGAGGG,1
GCCATTTACTTAAGGG,1
GCCCCCGGAGCTCGGC,1
GCCGCAGCGGCGTGTG,1
GCCGCTGCGGCGTGTA,1
GCCGCTGCGGTGTGTG,1
GCCGGCGTTAGTGGCA,1
GCCGGCGTTAGTGTCG,1
GCCGGCGTTGGTGTCA,1
GCCGTTGTACACACCA,1
GCCGTTTACTGAAGGG,1
GCCTAAAGGATCACGA,1
GCCTAAAGGATCATAA,1
GCCTAAAGGATCATGG,1
GCCTAAAGGATCATTA,1
GCCTAAAGGATCGTGA,1
GCCTAAGCGGGGGCGG,1
GCCTAGAGGATCATGA,1
GCCTCTGCGGCGTGTG,1
GCCTGCGTTAGTGTCA,1
GCCTTAAGGATCATGA,1
GCGAAATTTCATAGCG,1
GCGAAGTTTCACAGCG,1
GCGAAGTTTCAGATAC,1
GCGAAGTTTCATAACG,1
GCGAAGTTTCATAGCA,1
GCGAAGTTTCATAGCT,1
GCGAAGTTTCATAGGG,1
GCGAAGTTTCATAGGT,1
GCGAATTTTCATAGCG,1
GCGAGCTCGTATCCCT,1
GCGAGGTTTCATAGCG,1
GCGATGTTTCATAGCG,1
GCGCGATTGTCCGGAA,1
GCTAGCTCGTATCCCT,1
GCTCCATCTCAGATCG,1
GCTTGATGCATTCCCG,1
GCTTGGAACTAACTCC,1
GGAAACAGTGTAGTTG,1
GGAACCGCAGACACGT,1
GGAACGAGGTGTAACC,1
GGACATGCAGGTGACG,1
GGACGAATGGGATTCC,1
GGACTCCACGGACGCC,1
GGAGAACTGCGGCCCC,1
GGAGAATAGGATAAGG,1
GGAGATACTAGGACCA,1
GGAGCGTGCCGGTCAT,1
GGAGTACGCTGAATGA,1
GGATCCACCCTATAGT,1
GGCAAAAGGGACATAT,1
GGCATTTACTGAAGGG,1
GGCCCCTTGTAAGATG,1
GGCGGCGTTAGTGTCA,1
GGCGGGATGGGCACGT,1
GGCTAAAGGATCATGA,1
GGGAAGAGGTGTAAAG,1
GGGACCGTAAGGACTA,1
GGGAGCTGCAGAAGCG,1
GGGAGTGGAGGTGGTT,1
GGGCCCGTAAGGACTA,1
GGGGGCCCTGACTGCT,1
GGGGGGGAGAGAGACG,1
GGGGGGGTATCCACAG,1
GGGTGGTAGAGATACG,1
GGGTGTTAGTGGATGG,1
GGTAATAGGCGTCACA,1
GGTACAGTGTAATCGA,1
GGTATTTGCGCTTCAA,1
GGTCACGCAGAAAAAG,1
GGTCAGACCTGTTTAA,1
GGTCCAAGGGACGGAC,1
GGTCCATCTCACATCG,1
GGTCCATCTCAGACCG,1
GGTCCATCTCAGATCC,1
GGTCCGTCTCAGATCG,1
GGTCTATCTCAGATCG,1
GGTTAACTTCGGAAGC,1
GGTTAACTTGGGAAGC,1
GGTTAACTTTGGAAGT,1
GGTTAACTTTGGAATC,1
GGTTAACTTTGGGAGC,1
GGTTAACTTTGTAAGC,1
GGTTGACTTTGGAAGC,1
GTAAACAAAGTTGACC,1
GTAAAGTTACGGATGG,1
GTAACACAAAAAATTA,1
GTAAGATTCATGGAGT,1
GTAAGCAAAGCTGACC,1
GTAAGCAAAGGTGACC,1
GTAAGCAAAGTTGACT,1
GTAAGCAAAGTTGAGC,1
GTAAGCAAAGTTGGCC,1
GTAAGCAAAGTTTACC,1
GTAAGCAAGGTTGACC,1
GTAAGCGAAGTTGACC,1
GTAAGCGAGAAAAGCA,1
GTAAGCTTCATGGAAT,1
GTAAGCTTCATTGAGT,1
GTAAGGAAAGTTGACC,1
GTAATTCGCATGCAGA,1
GTAATTCGCATGCTGA,1
GTAATTCGGATGCGGA,1
GTAATTTGCATGCGGA,1
GTACAAACCGGCAAAG,1
GTACAAACCTACACAT,1
GTACAAACCTCCAAAT,1
GTACAAACCTGCAACT,1
GTACAAACCTGCAAGA,1
GTACAAACCTGCAAGT,1
GTACAAACGTGCAAAT,1
GTACAAATCTGCAAAT,1
GTACCCAGCTCCTGCG,1
GTACCCAGTCCCTGCG,1
GTACCCAGTTCATGAG,1
GTACCCAGTTCCTGGG,1
GTACCCAGTTCCTGTA,1
GTACCGAGTTCCTGCG,1
GTACTCAGTTCCTGCG,1
GTAGAACCGCGGCCCC,1
GTAGAACTACGGCCCC,1
GTAGAACTGCGGCCGC,1
GTAGAACTGCGGCTCC,1
GTAGAACTGCTGCTCC,1
GTAGATACCAGGACCA,1
GTAGATACTAAGACCA,1
GTAGATACTACGACCA,1
GTAGATACTAGGAACA,1
GTAGATACTAGGACGA,1
GTAGATACTAGGACTA,1
GTAGATACTAGGATCA,1
GTAGCATCCTGGAATG,1
GTAGCCAGTTCCTGCG,1
GTAGCGTGCCGGTCAT,1
GTAGGACTGCGGCCCC,1
GTAGGATATATGGCTG,1
GTAGGCAAAGTTGACC,1
GTAGGTACTAGGACCA,1
GTAGTACTGCGGCCCC,1
GTATAACTGCGGCCCC,1
GTATAAGCAGGTAAGG,1
GTATATTGCCCGGAAG,1
GTATTTAACAGACGTA,1
GTCAAATTACGGATGG,1
GTCAAGCTACGGATGG,1
GTCAAGTTACGGACGG,1
GTCAAGTTACGGAGGG,1
GTCAAGTTACGGATGA,1
GTCAAGTTACGGATGT,1
GTCAAGTTACGGGTGG,1
GTCAAGTTATGGATGG,1
GTCATTATGACTTCAT,1
GTCCCCGCTAATCCGA,1
GTCCTAGGGGACGATT,1
GTCGCACCCTGGAATG,1
GTCGCATACTGGAATG,1
GTCGCATCATGGAATG,1
GTCGCATCCGGGAATG,1
GTCGCATCCTGGAAAC,1
GTCGCATCCTGGAAAG,1
GTCGCATCCTGGAACT,1
GTCGCATCCTGGAATT,1
GTCGCATCCTGGGATG,1
GTCGCATCCTGGTATG,1
GTCGCATCCTGTAATG,1
GTCGCCACTAATCCAA,1
GTCGCCGATAATCCGA,1
GTCGCCGCTAATACGA,1
GTCGCCGCTAATCAGA,1
GTCGCCGCTAATCCGG,1
GTCGCCGCTAATCCTA,1
GTCGCCTCTAATCCGA,1
GTCGCTGCGGCGTGTG,1
GTCGCTGCTAATCCGA,1
GTCGCTTCTAATCCGA,1
GTCGGATCCTGGAATG,1
GTCGGCGTTAGTGTCA,1
GTCGTATCAAGCCGGG,1
GTCGTCGCTAATCCGA,1
GTCTAAAGGATCATGA,1
GTCTCATCCTGGAATG,1
GTCTTTGCGCGCAGTC,1
GTGAACTTGTCGATAT,1
GTGAAGTTACGGATGG,1
GTGAGAAAGAAAAGCA,1
GTGAGCAAAGTTGACC,1
GTGAGCGAAAAAAGCA,1
GTGAGCGAGAAGAGCA,1
GTGAGCGATAAAAGCA,1
GTGAGCTAGAAAAGCA,1
GTGAGCTGCCAATAAG,1
GTGATATCAAGCCGGG,1
GTGATTATGACTTCAT,1
GTGCAATTGAAACAGA,1
GTGCAATTGTCCGGAA,1
GTGCACCCTAGTGACG,1
GTGCATACTAGTGACG,1
GTGCATCCTAATGACG,1
GTGCATCCTAGTGACA,1
GTGCATCCTAGTGAGG,1
GTGCATCCTAGTGATG,1
GTGCATCCTATTGACG,1
GTGCCCAGTTCCTGCG,1
GTGCGAGTGTCCGGAA,1
GTGCGATCGTCCGGAA,1
GTGCGATTGTCCCGAA,1
GTGCGATTGTCCGAAA,1
GTGCGATTGTCCGGAC,1
GTGCGATTGTCCGGGA,1
GTGCGATTTTCCGGAA,1
GTGCTATCAAGCCGGG,1
GTGGGAGAGAAAAGGA,1
GTGGGAGTGGGGAAAT,1
GTGGGATCAAGCCGGG,1
GTGGGCACTAAAGTAA,1
GTGGGGTAGAGATACG,1
GTGGTAGCAAGCCGGG,1
GTGGTATCAAACCGGG,1
GTGGTATCAAGACGAG,1
GTGGTATCAAGCAAGA,1
GTGGTATCAAGCCGAG,1
GTGGTATCACGCCGGG,1
GTGTATCAGTCGCGCC,1
GTTACTCCGACACGCC,1
GTTAGGTCGAGAGTCA,1
GTTATCATGACTTCAT,1
GTTATTATGAATTCAT,1
GTTATTATGACGTCAT,1
GTTATTATGACTCCAT,1
GTTCAAACCTGCAAAT,1
GTTCAGCGTTGTTTTG,1
GTTCATCCTAGTGACG,1
GTTCCCAGTTCCTGCG,1
GTTCCGAATGGGGGAG,1
GTTCCGAATGGGGTAG,1
GTTGCCCCGACACGCC,1
GTTGCTCAGACACGCC,1
GTTGCTCCGACATTCC,1
GTTGCTCCTACACGCC,1
GTTGCTTCGACACGCC,1
GTTTAAATTCGAGGAC,1
GTTTCTCCAACACGCC,1
GTTTCTCCGACACGCC,1
TAAAAAGCATCCATGA,1
TAAAAAGCCCCCATGA,1
TAAAAAGCCTCCAGGA,1
TAAAAAGCCTCCATGG,1
TAAAAAGCCTCCATGT,1
TAAAAAGCCTCTATGA,1
TAAAAAGCCTGCATGA,1
TAAAAAGGCTCCATGA,1
TAAAAAGTCTCCATGA,1
TAAAATCTACGGCGAC,1
TAAAGAGCCTCCATGA,1
TAACAAGCCAGCAAGA,1
TAACCCATAAGACCCC,1
TAACGTGACTTCTCGA,1
TAACGTGATCTCTCGA,1
TAACGTGATGTCTCGA,1
TAACGTGATTCCTCGA,1
TAACGTGATTTCACGA,1
TAACGTGATTTCTCAA,1
TAACGTGATTTCTCGG,1
TAACGTGATTTCTCGT,1
TAACGTTATTTCTCGA,1
TAACTGCTGCGGAACG,1
TAAGAAACTATAACCA,1
TAAGAAGCCAGCAAGA,1
TAAGTACGCTGAATGA,1
TAAGTAGAAATAGATA,1
TAATAAGACAGCAAGA,1
TAATAAGAGAAGTGCG,1
TAATAAGCAAGCAAGA,1
TAATAAGCCAGCAAGC,1
TAATAAGCCTCCATGA,1
TAATAAGCTAGCAAGA,1
TAATAGGCCAGCAAGA,1
TAATCTGTGACATTGC,1
TAATGAGCCAGCAAGA,1
TAATTCGCCGTTCCCC,1
TACAAGAGAGGGGTCT,1
TACAAGAGAGGGGTTC,1
TACAAGAGATGGGTCC,1
TACAAGCAATAAAATC,1
TACAAGGGAGGGGTCC,1
TACACTCACGGAGGAT,1
TACAGACAATAAAAAA,1
TACATACCGACACAGT,1
TACATACCGACGCAAT,1
TACATACCGACGCAGA,1
TACATACCGACGCAGG,1
TACATACCGACGCATT,1
TACATACCGACGCGGT,1
TACATACCGACTCAGT,1
TACATACCGATGCAGT,1
TACATACCGGCGCAGT,1
TACATATCGACGCAGT,1
TACATGCCGACGCAGT,1
TACCAACGTCATTTGA,1
TACCAATGCCATTTGA,1
TACCAATGTCACTTGA,1
TACCAATGTCATTGGA,1
TACCAATGTCATTTAA,1
TACCAATGTCATTTGT,1
TACCAATGTCCTTTGA,1
TACCAATGTCGTTTGA,1
TACCAATTTCATTTGA,1
TACCAGGTACCACTTC,1
TACCATTGTCGGAAAG,1
TACCCGCTGCGGAACG,1
TACCCGTGGTTTGACA,1
TACCCTCCAAGCCACT,1
TACCCTGCAACCCACT,1
TACCCTGCAAGCCACG,1
TACCCTGCAAGCCAGT,1
TACCCTGCAAGCCATT,1
TACCCTGCAAGCCTCT,1
TACCCTGCAAGGCACT,1
TACCCTGCGAGCCACT,1
TACCGATGTCATTTGA,1
TACCTAGGATAGCACT,1
TACCTAGGATCGCACT,1
TACCTGATAGTAACTC,1
TACCTGCGGCGGAACG,1
TACCTGCTGAGGAACG,1
TACCTGCTGCGGAAAG,1
TACCTGCTGCGGAACA,1
TACCTGCTGCGGAACT,1
TACCTGCTGCGGGACG,1
TACCTGCTGCGTAACG,1
TACCTGGTGCGGAACG,1
TACTAATCCCGTTGTC,1
TACTAATGACGTTGTC,1
TACTAATGCCCTTGTC,1
TACTAATGCCGCTGTC,1
TACTAATGCCGTCGTC,1
TACTAATGCCGTTGTT,1
TACTAATGCCGTTTTC,1
TACTAATGGCGTTGTC,1
TACTAGAAATAAAATC,1
TACTAGCAACAAAATC,1
TACTAGCAAGAAAATC,1
TACTAGCAATAAAGTC,1
TACTAGCAATGAAATC,1
TACTAGCGATAAAATC,1
TACTATCAATAAAATC,1
TACTCATGCCGTTGTC,1
TACTCTGCAAGCCACT,1
TACTGATAACCCTGCA,1
TACTGATAACCCTGGG,1
TACTGATAACCGTGCG,1
TACTGGTAACCCTGCG,1
TACTGTCCAGACTCGT,1
TACTTCCCTGACTGCT,1
TAGAAAGCCTCCATGA,1
TAGAACGAAGTAGGAG,1
TAGATAGTGATGAACA,1
TAGATGATAGTAACTC,1
TAGCATTGCCGGAAAG,1
TAGCATTGTCGAAAAG,1
TAGCATTGTCGGAAAA,1
TAGCATTGTCGGAAAC,1
TAGCATTGTCGGAGAG,1
TAGCATTGTCGTAAAG,1
TAGCATTTTCGGAAAG,1
TAGCGTTGTCGGAAAG,1
TAGCTCCTGAGTAGTA,1
TAGCTGATAGCAACTC,1
TAGCTGATAGTAACTA,1
TAGCTGATATTAACTC,1
TAGCTTGCTATGGATC,1
TAGGTAGTATCCACAG,1
TAGGTGATAGTAACTC,1
TAGTAATGCCGTTGTC,1
TAGTATCAGTCGCGCC,1
TAGTATTGTCGGAAAG,1
TAGTGATAACCCTGCG,1
TAGTTGATAGTAACTC,1
TATACAAGGGACGGAC,1
TATACAGAGTTTGTGG,1
TATACGCACGGAGGAT,1
TATACTCAAGGAGGAT,1
TATACTCACAGAGGAT,1
TATACTCACGGAGAAT,1
TATACTCACGGATGAT,1
TATACTCACGGGGGAT,1
TATACTCACGGTGGAT,1
TATATGAGTAACATAA,1
TATCAAGAGAAGTGCG,1
TATCAATGTCATTTGA,1
TATCATTGTCGGAAAG,1
TATCCAAGAGACGGAC,1
TATCCAAGGGACAGAC,1
TATCCAAGGGACGCAC,1
TATCCAAGGGACGGGC,1
TATCCAAGGGACGTAC,1
TATCCAAGGGGCGGAC,1
TATCCGAGGGACGGAC,1
TATCGCCACTGATAAG,1
TATCTGATAGTAACTC,1
TATGAAGAGAAGTGCG,1
TATGGAAACGATCCCC,1
TATGGCGTATCCACAG,1
TATGTCGTATCCACAC,1
TATGTCGTATCCGCAG,1
TATGTCGTATCCTCAG,1
TATGTCGTATCTACAG,1
TATGTCGTATGCACAG,1
TATGTCGTGTCCACAG,1
TATGTTAGTAACATAA,1
TATGTTGTATCCACAG,1
TATTAAGAGAAGCGCG,1
TATTAAGAGAAGGGTG,1
TATTAAGCCAGCAAGA,1
TATTAATAGAAGTGCG,1
TATTCAGATGCCCACC,1
TATTCCTAAATAGCGA,1
TATTCCTAACTAGAGA,1
TATTCCTAACTAGCGG,1
TATTCCTAACTAGCTA,1
TATTCCTAACTAGTGA,1
TATTGGCAGCGGCGGG,1
TATTTCTAACTAGCGA,1
TCAAACGAAGTAGGAG,1
TCAACACCCCTAGCTA,1
TCAACGAGGTGTAACC,1
TCAAGACTCGACTAAC,1
TCAATCGGGGGCTAGA,1
TCAATCGGGGGGTAAA,1
TCAATCGTGGGCTAAA,1
TCAATCTGAACCATAC,1
TCAATTGGGGGCTAAA,1
TCACGAATAGACTAAC,1
TCACGAATTTGATTCC,1
TCACGACTAGACTAAC,1
TCACGGGTTGGCTGTA,1
TCAGCGTGCCGGTCAT,1
TCATAGAGTGAACGAT,1
TCATCCGTTGGGAACT,1
TCATCTGTAGAGCGCT,1
TCATGACATAGCGATG,1
TCATGACTCGACTAAC,1
TCATGATGCATTCCCG,1
TCATGGCTATACGAGA,1
TCATGGGCGTACGAGA,1
TCATGGGGGTACGAGA,1
TCATGGGTCTACGAGA,1
TCATGGGTGTAATCGA,1
TCATGGGTGTACCAGA,1
TCATGGGTGTACGAAA,1
TCATGGGTGTACGATA,1
TCCAACGCGGTAAGAG,1
TCCACACACCTAGCTA,1
TCCACACCCATAGCTA,1
TCCACACCCCTGGCTA,1
TCCACACCTCTAGCTA,1
TCCAGCGCAGTAAGAG,1
TCCAGCGCGGCTCGGG,1
TCCAGCGCGGTAAAAG,1
TCCAGCGCGGTAAGCG,1
TCCAGCGCGGTAAGTG,1
TCCAGCGCGGTAATAG,1
TCCCTCCTCTAAAGTT,1
TCCCTTCAACTAAAAA,1
TCCGCACCCCTAGCTA,1
TCCTATTAGGCGGCAT,1
TCCTCCGTTGGGAACT,1
TCCTGGGTGTACGAGA,1
TCCTGTCCAGACTCGT,1
TCCTTTGCGCGCAGTC,1
TCGAAAAAATCATAAA,1
TCGAAAGAAGTAGGAG,1
TCGAACGAAGCAGGAG,1
TCGAACGAAGTAAGAG,1
TCGAACGAAGTGGGAG,1
TCGAACGAAGTTGGAG,1
TCGAACGATGTAGGAG,1
TCGAACTAAGTAGGAG,1
TCGAATGAAGTAGGAG,1
TCGACTCACCGAATAA,1
TCGAGCTAATATGCGC,1
TCGAGTAAATATGCGC,1
TCGAGTTAATATGCCC,1
TCGAGTTGATATGCGC,1
TCGATCACTAGCCGGA,1
TCGATCGGGGGCTAAA,1
TCGATTACCAGCCGGA,1
TCGATTACGAGCCGGA,1
TCGATTACTAGCAGGA,1
TCGATTACTAGCCGGG,1
TCGATTACTAGTCGGA,1
TCGATTACTGGCCGGA,1
TCGATTCAACTAAAAA,1
TCGCAATTGAAACATA,1
TCGCGGCAACTAAAAA,1
TCGCTGCAACTAAAAA,1
TCGCTTCAAATAAAAA,1
TCGCTTCAACGAAAAA,1
TCGCTTCAACTAAAAG,1
TCGCTTCAACTAAAAT,1
TCGCTTCAACTAAAGA,1
TCGCTTCAACTAATAA,1
TCGCTTCAACTAGAAA,1
TCGCTTTAACTAAAAA,1
TCGGCCGTGGGGAACT,1
TCGGGAAACGATCCCC,1
TCGGGGATTGGCTGTT,1
TCGTACGAAGTAGGAG,1
TCGTAGAACTACTGCT,1
TCGTAGAGTGAACGAT,1
TCGTAGCACTACTACT,1
TCGTAGTCCTCGTATG,1
TCGTATCAGTCGCGCC,1
TCGTCCGTTGGAAACT,1
TCGTCCGTTGGGAAGT,1
TCGTCCGTTGGTAACT,1
TCGTCGAACTACTGCT,1
TCGTCGCACTAATGAT,1
TCGTCGCACTACGGCT,1
TCGTCGCACTGCTGCT,1
TCGTCGCAGTACTGCT,1
TCGTCGCATTACTGCT,1
TCGTGACATAGCGATG,1
TCGTGCGTTGGGAACT,1
TCGTTCGTTGGGAACT,1
TCTAACGAAGTAGGAG,1
TCTAACTCTCGCAGCA,1
TCTAACTCTCGCGGAA,1
TCTAACTCTCGGGGCA,1
TCTAACTTTCGCGGCA,1
TCTAATTCTCGCGGCA,1
TCTACACCCCTAGCTA,1
TCTAGAAACGATCCCC,1
TCTAGACATAGCGATG,1
TCTATATCGAGATTCA,1
TCTCAGCGTGGTTTTG,1
TCTCAGCGTTGTTTTG,1
TCTCAGCTCTTAGACG,1
TCTCAGCTCTTAGCCA,1
TCTCAGCTCTTAGCCC,1
TCTCAGCTCTTATCCG,1
TCTCGAAACGATCCCC,1
TCTCGACATAGCGATG,1
TCTCGTGATACTCACA,1
TCTCTTCAACTAAAAA,1
TCTGAGAGTGAACGAT,1
TCTGAGAGTGGAGGGG,1
TCTGGAAACAATCCCC,1
TCTGGAAACGATCCAC,1
TCTGGAAACGATCCCA,1
TCTGGAAATGATCCCC,1
TCTGGACATAGCGAGG,1
TCTGGGTTAAGTGGTG,1
TCTTAACATAGCGATG,1
TCTTAAGAGAAGTGCG,1
TCTTAATCCTCGTATG,1
TCTTAGACCTCGTATG,1
TCTTAGAGGGAACGAT,1
TCTTAGAGTGAACAAT,1
TCTTAGAGTGATCGAT,1
TCTTAGCCCTCGTATG,1
TCTTAGTACTCGTATG,1
TCTTAGTCCCCGTATG,1
TCTTAGTCCTCATACG,1
TCTTAGTCCTCCTATG,1
TCTTAGTCCTCGTACG,1
TCTTAGTCCTTGTATG,1
TCTTAGTTCTCGTATG,1
TCTTATTAGGCGCCAT,1
TCTTATTAGGCGGCAA,1
TCTTATTAGGCGGCAC,1
TCTTATTAGGCGGCGT,1
TCTTATTAGGCTGCAT,1
TCTTATTCGGCGGCAT,1
TCTTCGCACTACTGCT,1
TCTTGAAACGATCCCC,1
TCTTGACACAGCGATG,1
TCTTGACATAGCCATG,1
TCTTGACATAGCGATA,1
TCTTGACATAGCGATC,1
TCTTGAGATAGCGATG,1
TCTTGATATAGCGATG,1
TCTTGGGTGTACGAGA,1
TCTTTACCAATGCATC,1
TCTTTACCACCGCATC,1
TCTTTACCACTCCATC,1
TCTTTACCACTGCAAC,1
TCTTTACCACTGCACC,1
TCTTTACCACTGCATG,1
TCTTTACCACTGTATC,1
TCTTTACCGCTGCATC,1
TCTTTACCTCTGCATC,1
TCTTTATCACTGCATC,1
TGAAATAGGCGTCACA,1
TGACAACAATAAAAAT,1
TGACAACAATACAAAC,1
TGACAACAATACGAAT,1
TGACAACATTACAAAT,1
TGACCGGATAAAGTAG,1
TGACCTTTTACATTTA,1
TGACGACAATACAAAT,1
TGACGTGATTTCTCGA,1
TGAGTTCAGAGCTCCA,1
TGAGTTCATAACTCCA,1
TGAGTTCATAGATCCA,1
TGAGTTCATAGCCCCA,1
TGAGTTCATAGCGCCA,1
TGAGTTCATAGCTCCG,1
TGAGTTCATAGCTCCT,1
TGAGTTCATGGCTCCA,1
TGAGTTCGTAGCTCCA,1
TGATAAGCCAGCAAGA,1
TGATCCCAGGTCCTTT,1
TGATCCGTGACATTGC,1
TGATCCTTTACATTTA,1
TGATCGTTTACATTTA,1
TGATCTCTGACATTGC,1
TGATCTGTAGAGCGCT,1
TGATCTGTGAAATTGC,1
TGATCTGTGACGTTGC,1
TGATCTGTGGCATTGC,1
TGATCTGTTACATTGC,1
TGATCTGTTACATTTA,1
TGATCTTCTACATTTA,1
TGATCTTTGACATTGC,1
TGATCTTTTAAATTTA,1
TGATCTTTTACACTTA,1
TGATCTTTTACATTTG,1
TGATCTTTTACATTTT,1
TGATCTTTTGCATTTA,1
TGCAGCGGTATACATA,1
TGCAGTAGTATACATA,1
TGCAGTGGGATACAGA,1
TGCAGTGGTAAACATA,1
TGCAGTGGTAGACATA,1
TGCAGTGGTATAAATA,1
TGCAGTGGTATACAAA,1
TGCAGTGGTATACATC,1
TGCAGTGGTATACATG,1
TGCAGTGGTATTCATA,1
TGCAGTGTTATACATA,1
TGCCCGGATAAAGTAG,1
TGCCTGCTGCGGAACG,1
TGCGATGGTCGATCCG,1
TGCGGCGGTCGATCCG,1
TGCGGGGGTCGATCCG,1
TGCGGTAGTCGATCCG,1
TGCGGTCGTCGATCCG,1
TGCGGTGGTCAATCCG,1
TGCGGTGGTCGACCCG,1
TGCGGTGGTCGATCTG,1
TGCGGTGGTTGATCCG,1
TGCGGTGTTCGATCCG,1
TGCTAATGCCGTTTTC,1
TGCTATTCCGGCCCGG,1
TGCTATTCCGGCGCGA,1
TGCTATTCCGGCGTGG,1
TGCTATTCGGGCGCGG,1
TGCTGTGGTCGATCCG,1
TGGAAGCGTCACCGAT,1
TGGAATCGTCACCGCT,1
TGGAATCGTCACTGAT,1
TGGAATCTTCACCGAT,1
TGGATTACTAGCCGGA,1
TGGCATTGTCGGAAAG,1
TGGCCCGTAAGGACTA,1
TGGCTTCAACTAAAAA,1
TGGGGGAACGGGAAGC,1
TGGGTAGCTGAAGGCG,1
TGGTATTCCGGCGCGG,1
TGGTCCCCTTCATGCT,1
TGGTCCGCGTCATGCT,1
TGGTCCGCTCCATGCT,1
TGGTCCGCTGCATGCT,1
TGGTCCGCTTCATGAT,1
TGGTCCGCTTCATGTT,1
TGGTCCGTTTCATGCT,1
TGGTCGCACTACTGCT,1
TGGTGAGCCAGTCTGA,1
TGGTGCGCTTCATGCT,1
TGTAAACATGCATTGG,1
TGTAATAGCCGTCACA,1
TGTAATAGGCGTAACA,1
TGTAATAGGCGTCACC,1
TGTAATAGGCGTCGCA,1
TGTAATAGGCGTGACA,1
TGTAATAGGGGTCACA,1
TGTAATATGCGTCACA,1
TGTAATCGTCACCGAT,1
TGTAGTAGGCGTCACA,1
TGTCAGCGGTGTTTGG,1
TGTCCAGATAAAGTAG,1
TGTCCCGATAAAGTAG,1
TGTCCGGATAAACTAG,1
TGTCCGGATAAAGGAG,1
TGTCCGGATAAAGTAT,1
TGTCCGGATAAAGTGG,1
TGTCGAGCCAGTCTGA,1
TGTCGTTTAGATAGTT,1
TGTCTGGATAAAGTAG,1
TGTGGAGCACCCTTAC,1
TGTGGAGCGACCTTAC,1
TGTGGAGCGCCCATAC,1
TGTGGAGCGCCCTGAC,1
TGTGGAGCGCCCTTGC,1
TGTGGAGCGTCCTTAC,1
TGTGGAGCTCCCTTAC,1
TGTGGAGTTCCCTTAC,1
TGTGGATCGCCCTTAC,1
TGTGGGGCGCCCTTAC,1
TGTGTAGCGCCCTTAC,1
TGTGTCGTATCCACAG,1
TGTTAACGGCCTATCC,1
TGTTAACTTTGGAAGC,1
TGTTAGTCCTCGTATG,1
TGTTCAGCGATAACGG,1
TGTTGAACCAGTCTGA,1
TGTTGAGCAAGTCTGA,1
TGTTGAGCCAATCTGA,1
TGTTGAGCCAGCCTGA,1
TGTTGAGCCAGTGTGA,1
TGTTGAGCCGGTCTGA,1
TGTTGCAATCTGAATA,1
TGTTGGGGTCTCCCTT,1
TGTTGTAAGCTGAATA,1
TGTTGTAATCCGAATA,1
TGTTGTAATCTGAACA,1
TGTTGTAATCTGAATG,1
TGTTGTAATCTGGATA,1
TGTTGTGATCTGAATA,1
TGTTTTAATCTGAATA,1
TTAAGCAAAGTTGACC,1
TTAATCTAGCCGCTCC,1
TTAATGTAGCAGCTCC,1
TTAATGTAGCCGCTAC,1
TTAATGTAGCCGCTCT,1
TTAATGTTGCCGCTCC,1
TTAATTCGCATGCGGA,1
TTAATTTAAGTATCAA,1
TTACAAATTTGATTCC,1
TTACCTGTAGAGCGCT,1
TTACGAATTGGATTCC,1
TTACGAATTTCATTCC,1
TTACGAATTTGATACC,1
TTACGAATTTGATGCC,1
TTACGAATTTGATTCG,1
TTACGAATTTGATTGC,1
TTAGATACTAGGACCA,1
TTAGCACAGCGTAGGC,1
TTAGGCACTAAATTAA,1
TTATCTATAGAGCGCT,1
TTATCTGTAAAGCGCT,1
TTATCTGTACAGCGCT,1
TTATCTGTAGAAAGCT,1
TTATCTGTAGAGCGGT,1
TTATCTGTAGAGGGCT,1
TTATCTGTAGATCGCT,1
TTATCTGTAGGGCACT,1
TTATCTGTATAGCGCT,1
TTATCTTTTACATTTA,1
TTATGAATTTGATTCC,1
TTCAAGTTACGGATGG,1
TTCAGCAAGTTGGTGC,1
TTCAGCGCGGTAAGAG,1
TTCAGTCCAGACTCGT,1
TTCATATCGAGATTCA,1
TTCATCAAGTTGTTGC,1
TTCATCGAGTTGGTGC,1
TTCCACAGAACCTATC,1
TTCCAGCGTTGTTTTG,1
TTCGCCGCTAATCCGA,1
TTCTATCCAGACTCGT,1
TTCTGATAACCCTGCG,1
TTCTGTCAAGACTCGT,1
TTCTGTCCAGAATCGT,1
TTCTGTCCAGACACGT,1
TTCTGTCCAGACCCGT,1
TTCTGTCCAGACTAGT,1
TTCTGTCCAGACTCCT,1
TTCTGTCCAGACTCGA,1
TTCTGTCCAGACTGGT,1
TTCTGTCCGGACTCGT,1
TTCTGTCTAGACTCGT,1
TTGAAAAAAGCATAAA,1
TTGAAAAAATCTTAAA,1
TTGAAAAAGTCATAAA,1
TTGAATCACCGAATAA,1
TTGAATCGTCACCGAT,1
TTGACTCACAGAATAA,1
TTGACTCACCGAACAA,1
TTGACTCACCGAATAC,1
TTGACTCACCGAATTA,1
TTGACTCATCGAATAA,1
TTGATGGCGAGATGGA,1
TTGCAATTAAAACATA,1
TTGCAATTGAAACTTA,1
TTGCAGCGTTGTTTTG,1
TTGCATCCTAGTGACG,1
TTGCCCCTGAGTAGTA,1
TTGCGATTGAAACATA,1
TTGCGCCGGAGGAGTA,1
TTGCTCCGGAGTAGTA,1
TTGCTCCTCAGTAGTA,1
TTGCTCCTGAGCAGTA,1
TTGCTCCTGAGGAGGA,1
TTGCTCCTGAGTACTA,1
TTGCTCCTGAGTAGTG,1
TTGCTCCTGGGTAGTA,1
TTGGCCCACGGGCATA,1
TTGGGAACTAAATTAA,1
TTGGGCACCAAATTAA,1
TTGGGCACTAAATGAA,1
TTGGGCACTAAATTAT,1
TTGGGGAACGGAAAGC,1
TTGGGGAACGGCAAGC,1
TTGGGGAACGGGAATC,1
TTGGGGAACGGGTAGC,1
TTGGGGAACGGTAAGC,1
TTGGGGAAGGGGAAGC,1
TTGGGGGATTCAACTC,1
TTGGTCCTGAGTAGTA,1
TTGGTGAACGGGAAGC,1
TTGGTTAACGGGAAGC,1
TTGTAGCAGTCGCGCC,1
TTGTATAAGTCGCACC,1
TTGTATAAGTCGCTCC,1
TTGTATCAGCCGCGCC,1
TTGTATCAGGCGCGCC,1
TTGTATCAGTCACGCC,1
TTGTATCAGTCCCGCC,1
TTGTATCAGTCGAGCC,1
TTGTATCAGTCGGGCC,1
TTGTATCAGTCGTGCC,1
TTGTATCAGTTGCGCC,1
TTGTATGAGTCGCGCC,1
TTGTCGCACTACTGCT,1
TTGTCTGTAGAGCGCT,1
TTGTGTCCAGACTCGT,1
TTGTTCCTGAGTAGTA,1
TTTACAGAATACTAGA,1
TTTACATCGAGATTCA,1
TTTACTCACGGAGGAT,1
TTTACTGCGCGAGAGT,1
TTTAGGGCTACGTGAG,1
TTTATACCGAGATTCA,1
TTTATATCCAAAACCA,1
TTTATATCCAACAACA,1
TTTATATCCAACACTA,1
TTTATATCCAACATCA,1
TTTATATCCAAGACCA,1
TTTATATCGAACACCA,1
TTTATATCGAGACTCA,1
TTTATATCGAGATACA,1
TTTATATCGAGATGCA,1
TTTATATCGAGATTTA,1
TTTATATCGAGGTTCA,1
TTTATATCGGGATTCA,1
TTTATATTCGAAAGTG,1
TTTATGTCCAACACCA,1
TTTCAAAGAACCTATC,1
TTTCACAGAAACTATC,1
TTTCACAGAACCGATC,1
TTTCACAGAACCTACC,1
TTTCACAGAACCTATT,1
TTTCACAGAAGCTATC,1
TTTCACAGTACCTATC,1
TTTCACTGAACCTATC,1
TTTCAGAGAACCTATC,1
TTTCAGAGGGGTTGTG,1
TTTCAGCATTGTTTTG,1
TTTCAGCGCTGTTTTG,1
TTTCAGCGTGGTTTTG,1
TTTCAGCGTTATTTTG,1
TTTCAGCGTTGTTTCG,1
TTTCAGGGTTGTTTTG,1
TTTCATGATACTCACA,1
TTTCGCAGAACCTATC,1
TTTCGTGAGACTCACA,1
TTTCGTGATACTCACT,1
TTTCGTGATACTCGCA,1
TTTCGTGGTACTCACA,1
TTTCGTGTTACTCACA,1
TTTCGTTATACTCACA,1
TTTCTTGATACTCACA,1
TTTGGAGCGCCCTTAC,1
