barcode,count
GGTCCATCTCAGATCG,25969
TGGAATCGTCACCAAT,8586
CTTAGGTATTACATGC,3205
TCGTTGCACTACTGCT,2480
ACCGGAAGTTGCCAAG,2344
CAGATAATATAGAGAC,2252
TTGTATCAGTAGCGCC,2169
TCGTCCATTGGGAACT,1802
ACACGGATTGGCTGTA,497
TTGTATAAGTCGCGCC,184
AAATGTCTAATAGACG,171
ACTACGAGGCTTCGTA,112
GCATACAGTGTAGTTG,110
TTGGAGAACGGGAAGC,86
GACCACCGAGTGACCG,63
AGCCCATACTGGGGAT,61
CGTATACCCTTCAGCA,59
CTCTTGCGCTCCTACG,48
TTTCACGGAACCTATC,48
TTTCAGCGTTGTTTCG,48
CGGGAAATGCAAATGA,47
ATTCCGAATAGGGTAG,44
AGCATAGAGATATGTG,43
GACAAGAGGGACATAT,43
GTACAAACCTACAAAT,42
GTAGAACTGCGGCCCA,39
TGCAGTGATATACATA,39
GAAAAATTTATGACAA,38
TTGGGGAACGGGAAGT,37
ACATGTCTCCGAGCAA,36
AGGCGGTGATGTGATT,35
AATCACCTATATGTAA,34
CCCTGCGGGGCTCGGG,32
TCCTGCGCGGCTCGGG,32
TGGACCCTAGATGGTA,32
GTCACCGCTAATCCGA,31
GAGGGGTAGAGAGACG,30
AACCACCGAGTGACTG,29
AGTGTACCCTTCAGCA,29
CTATTACGCTCCTACG,28
GTACCCAATTCCTGCG,27
TGTGTACCCTTCAGCA,27
CCTTGATGCATTCCCA,26
GACGACAAACAGTAAG,26
GTTATTATAACTTCAT,26
GCCAGCTCGTATCCCC,25
TCCAGCACGGTAAGAG,25
GTAGAACTGTGGCCCC,24
AAACCCATGAGACCCC,23
ATGGGATTGAAGAAAC,23
CCTTGATGCATTCCCT,23
TACAAGAGAGAGGTCC,23
AAGCGGTGATATGATT,22
CCCTGCGCGGCTCTGG,22
CCCTGCGTGGCTCGGG,22
CGTTTACCCTTCAGCA,22
GCCACTGCGGCGTGTG,22
AACGACAAACAGGAAG,21
AACCACCGAGTGACCA,20
CAAATGCTGCATGAGG,20
CTATATTGCCCTGAAG,20
GGGAGTATGAAGAGCG,20
AAAGCTCTTTCCGTTC,19
ATAGGATTGGAGAAAC,19
GTACAAACCTTCAAAT,19
TTGGGGAACGGGAAGA,19
ACCTGCGCGGCTCGGG,18
ATATACAAAACTTAGT,18
CAAATGCTGCATTGGG,18
CCCTGTGCGGCTCGGG,18
CCTTGATGTATTCCCG,18
CTGTACCTGCAGTTGG,18
GATACAGAGTTTGTTG,18
TGAAAAGCCTCCATGA,18
AAACCCAGAAGACCCC,17
AACCACCGAGTGACAG,17
AATAGAAGTCCATGTA,17
ATTCCGAATGGGGGAG,17
CAATTAAAAATACATA,17
CAATTAGAAATAAATA,17
CACCAACCTTCGAACT,17
CAGAACTTCGTTGTCT,17
CATGTACCCTTCAGCA,17
CCGGATAAATAAGAAC,17
CCTTGATGCATTCCAG,17
CGGGAAATGGAAATGA,17
CGTGTACCCCTCAGCA,17
CGTGTACCCTTCAGTA,17
GACAAAGGGGACATAT,17
GAGGGGTGGAGATACG,17
GTACCCAGTTCCTGTG,17
GTAGAAATGCGGCCCC,17
TAATTAGAAATACATA,17
AATGGGAATTGCCACT,16
ACAAGATTCGGGGGGC,16
ACCAAATGAATCATCC,16
ACCTAATGAATCATCC,16
AGTTGGGGTCTCCCTC,16
CGCGACACCCTTCCGT,16
GCGTGTCTCCGAGCAA,16
GTACAAACCCGCAAAT,16
GTACAAACCTGAAAAT,16
TGTTCAGCGATAACGG,16
TTACGAATTTGACTCC,16
AACCACCTAGTGACCG,15
AACCACTGAGTGACCG,15
ACCATTTACTGAAGGG,15
AGGGAAATGTAAATGA,15
CATGGGAATTGTCACT,15
CCAAGCTTGGTGCATC,15
CCTTGATACATTCCCG,15
CGTTCAGTGATAACGG,15
CTGAGCTGCCAAGAAG,15
GAGAGCTACAGAAGCG,15
GCAACACAAAAAATTA,15
GTAAAAACCTGCAAAT,15
TAGCTGATAGTGACTC,15
AAAAAAATTATGACAA,14
ACATTTTCTAATAGGT,14
ACCAGCAGTGAGTTGT,14
AGGTTCAGACTCTTGT,14
ATTACGAATGGGGTAG,14
CCCTGCGCGGCTAGGG,14
CGTGTACCCTTCAGAA,14
CTGAGCTACCAATAAG,14
GATCCATCTCAGATCG,14
GGGGGGTAGAGATACG,14
GTACAAACCTGTAAAT,14
GTACAAATCTGCAAAT,14
GTAGAACTGCGTCCCC,14
GTTAGATTATAACGTA,14
TACCCTGTAAGCCACT,14
TCCAGCGAGGTAAGAG,14
TCCAGCGCGGGAAGAG,14
TCTTGATGCATTCCCG,14
TGTTGAGCCAGTCTGG,14
TTGGGGAATGGGAAGC,14
TTGTATCAGTCGCACC,14
AAACACCGAGTGACCG,13
AACACGTAGAACCACC,13
AACATAGGGATATGTG,13
AACGACAAACAATAAG,13
AATCGCTGGCACCCAT,13
ACCGAATGAATAATCC,13
ATATAAGAAACTTAGT,13
CAAATGTTGCATTAGG,13
CAATTAGAAACACATA,13
CAATTAGAGATACATA,13
CCCTGCGCGACTCGGG,13
CCCTGCGCGGATCGGG,13
CCCTGCGCGGCTCGTG,13
CCTTTATGCATTCCCG,13
CGCGACACACTTCCGG,13
CGTGTACCCTTCATCA,13
CTTAGGTATTATATGT,13
GATCACCATCGACTTC,13
GTTATCATATCTAATA,13
TCCATCGCGGTAAGAG,13
TCTTATTAGGCGACAT,13
TCTTATTAGGCGGTAT,13
TTAGGGAACGGGAAGC,13
TTGCAATTGAAACACA,13
TTGGGGAACGGGAATC,13
AACGAATGAATCATCC,12
ACCGAATGAATCATCA,12
AGAATAGGGATATGTG,12
AGGACCCTAGATGGTA,12
AGTTGGGGTCTCCCCT,12
CAAATGATGCATTAGG,12
CAGAACCTCGTTGTCC,12
CCCAGCGCGGTAAGAG,12
CCCCGCGCGGCTCGGG,12
CGGACCCTAGATGGGA,12
CGTGTACCCTTAAGCA,12
CGTGTACCCTTCAACA,12
CGTGTACCCTTCAGCG,12
CGTGTGCCCTTCAGCA,12
CGTTCAGAGATAACGG,12
CTATATTGCCCGTAAG,12
GAAGTGTGTATTGAGT,12
GCAATCTGAACCATAC,12
GGTGTTGAATAGGCGA,12
GTACAAACCGGCAAAT,12
GTGCAAACCTGCAAAT,12
GTGCGATTGTCCGGAG,12
GTGTGATTGTCCGGAA,12
TAAATGCTGCATTAGG,12
TACAGCGCGGTAAGAG,12
TATGTCATATCCACAG,12
TCCAGAGCGGTAAGAG,12
TCCAGCTCGGTAAGAG,12
TCGTCCGTTGGGAGCT,12
TCTGGGTTAAGTTGTG,12
TGAAGTGGTATACATA,12
TGTTGAGTCAGTCTGA,12
TTACAAACCTGCAAAT,12
TTCATCAAGTTGGTGT,12
TTGCTCCCGAGTAGTA,12
AACAGAAGTCAATGTA,11
AACGGTTCCGACGAAG,11
AACTTCCCTGACTGCC,11
ACAAACAGTGTAGTTG,11
ACACGGGTTGGATGTA,11
ACATGGAACTAACTCC,11
ACCGAATGAATCGTCC,11
ACTTGATGCATTCCCG,11
AGAAAATCTAAGATAC,11
AGAAAATCTCGGATAC,11
AGTCGTGTAGATAGTT,11
AGTGTTGAATAGTCGA,11
ATGGGATTGGAGAGAC,11
ATTCCGAATGTGGTAG,11
ATTGGATTATAACGTA,11
CAATTAGAATTACATA,11
CAATTAGGAATACATA,11
CAGAACCTCGTTTTCT,11
CAGGCTCTAGAGCTCC,11
CATACAGAGTTAGTTG,11
CATTGGGACGCGCAAG,11
CCCTGCGAGGCTCGGG,11
CCCTGCGCGGCTCGAG,11
CCTTGATGCATTCCCC,11
CGAGACACCCTTCCGG,11
CGGACCCTATATGGTA,11
CGGTCGGAACTCATCT,11
CGTGTAACCTTCAGCA,11
CGTGTACCCTTCAGCT,11
CGTGTATCCTTCAGCA,11
CTAATTTAAGTATAAA,11
CTATATTGCCAGGAAG,11
CTTAACTTATCTGTGG,11
GAATTAGAAATACATA,11
GAGGGGTAGAGATGCG,11
GCACCCTCAACTCCTA,11
GGCTCCTGGGGTATCA,11
GGGGAAATGTAAATGA,11
GGTCAATCTCAGATCG,11
GTAAGCGAAGTTGACC,11
GTACAAAACTGCAAAT,11
GTACCCAGTTCCCGCG,11
GTAGAACTGCGGACCC,11
GTAGAACTGCGGCCCT,11
GTGAGATTGTCCGGAA,11
GTGGTATCAAGACGGG,11
TACCAATGTCATTTGG,11
TACCCTGCAAGCCACC,11
TCATGGGTGTGCGAGA,11
TCTTTACCACTACATC,11
TGACTCCACGGACGCC,11
TGGGAAATGTAAATGA,11
TTACGAATTTGATTCA,11
TTGGGGAACGGGAGGC,11
AAAAAATTTATGAAAA,10
AAACCCATAAGACCCA,10
AAATCTCTTTTCGTTC,10
AAATTAGAAATACATA,10
AACAGAAGTCCAGGTA,10
AACAGCAATGAGTTGT,10
AACGGTTCCGACTGAG,10
AAGAACCTCGTTGTCT,10
AAGTTCAGACTCTTGC,10
AATCGCTGGCACCCGC,10
AATGGTTCCGACTAAG,10
ACGGGGATCGGCTGTT,10
ACGTATGATTTTAGAG,10
ACGTGTCTCCTAGCAA,10
ACTGTCTAGAAGTTTT,10
AGCATGGGGATATGTG,10
AGTTGGGGTCTCTCTT,10
ATAAACGAGGTTGTGA,10
ATACAAGAGGTTGTGA,10
ATGAACTTATCTGTGG,10
ATGGGATTGGGGAAAC,10
CATACAGAGTTTGTTT,10
CATTGAGACGCGAAAG,10
CCAAGCTTGGCGAATC,10
CCCTGCGCGGCTCAGG,10
CCCTGCGCGGCTCGGT,10
CCCTGCTCGGCTCGGG,10
CCTTGATGAATTCCCG,10
CGCGTACCCTTCAGCA,10
CGGACCCTGGATGGTA,10
CGTGACCCCCTCCAAT,10
CGTGTACCATTCAGCA,10
CGTGTACCCTTCGGCA,10
CTATATTGCCCAGAAG,10
CTTACAGAATACTGGA,10
GAAGAAACTATAAACA,10
GACAGAAGTCCATGTA,10
GAGCGGTGATGTGATT,10
GAGGGGCAGAGATACG,10
GATCTTGGGGAGAGTA,10
GATTGCCATCGACTTC,10
GCATGGAACTAACTCA,10
GCCAGCTCATATCCCT,10
GCCTTTGTGCGCAGTC,10
GGGACTATAGTTGGCA,10
GGGCCCGTAAGGACTA,10
GGGTTCAGACTCTTGC,10
GGTCCATCCCAGATCG,10
GGTCCATCTCAGATGG,10
GTAGAACTGAGGCCCC,10
GTAGAACTGCGGCCAC,10
GTATAAAAAACTTAGT,10
GTCAAGTTAAGGATGG,10
GTGGTATCAATCCGGG,10
TACCATGCAAGCCACT,10
TACTAATGCCGTTGTT,10
TAGCATTGTCGGGAAG,10
TATGTCGTGTCCACAG,10
TATGTGGAGCCCAACA,10
TCAACACAAAAAATTA,10
TCAAGCGCGGTAAGAG,10
TCCAGTGCGGTAAGAG,10
TCTTATTCCTCGTATG,10
TGACAACAAGACAAAT,10
TTGGGGAAAGGGAAGC,10
TTGGGGAACGGGAAAC,10
AACAACCGAGTGACCG,9
AACGACAAACGGTAAG,9
AACTTCCCTAACTGCT,9
AAGTTAGGAGAAAGTT,9
AATAGCTGGCACCCGT,9
AATGTGGAGCCCAACA,9
ACAAGATTAGGGGGAC,9
ACAAGCAATGAGTTGT,9
ACCAGCAATAAGTTGT,9
ACGTGTCTCCGAGAAA,9
ACGTGTCTCCGAGCCA,9
ACTACGAGGCTCCGTA,9
AGAAAATCTCAGATAA,9
AGAAAATCTCAGATAT,9
AGAGCTAAAAAGAAGA,9
AGATACCAGGTCCTTT,9
AGTTGGGGCCTCCCTT,9
AGTTGGGGTCTCCCGT,9
ATACAAACCTGCAAAT,9
CAATTAGAAATACATG,9
CATTGAGGCGCGCAAG,9
CCATATGAAATAAGCT,9
CCCTGATGCATTCCCG,9
CCCTGCGCGGCTCGGA,9
CCGAACTTATCTGTGG,9
CGGACCCGAGATGGTA,9
CGGGAAAGGTAAATGA,9
CGTGTACCCTCCAGCA,9
CTATATTTCCCGGAAG,9
CTGAACATGTCGATAT,9
CTTACATAATACTAGA,9
CTTACTGCGCGAGGGT,9
CTTGTACCCTTCAGCA,9
CTTTAAATTATGGTCT,9
CTTTCAGCGATAACGG,9
GAAGTACTGCTGAAGT,9
GAATGGAACTAACTCC,9
GACTTCCCTGACTGCT,9
GAGATTGATTGAAGTT,9
GAGGGGGAGAGATACG,9
GAGGGGTAGAGATACT,9
GATCACGCAGAAAAGG,9
GCACAAACCTGCAAAT,9
GCCAGCTCGTATCCAT,9
GCCTAAGGGATCATGA,9
GGTACATCTCAGATCG,9
GGTCCATCTCATATCG,9
GTACAAACATGCAAAT,9
GTACACGAGGTTGTGA,9
GTAGAACTGCTGCCCC,9
GTGGTATCAAGCCGTG,9
GTTCCATCTCAGATCG,9
TAATGGGTGTACGAGA,9
TAGGCTCTAGAGCTCT,9
TATGTCGTATCCACAT,9
TCCAGCGTGGTAAGAG,9
TCCAGCTCGTATCCCT,9
TCGGATAAATCAGAAC,9
TCGGGGAACGGGAAGC,9
TCTTATTAGGAGGCAT,9
TCTTATTAGGCGGCAC,9
TGATCTGTGACATTGT,9
TGCGGTGGTAGATCCG,9
TGCGGTGGTCGATCCA,9
TGCGGTGGTCGATCCT,9
TGTTGAGCCAGTATGA,9
TTATCTGTAGAGAGCT,9
TTCATCAAGTCGGTGC,9
TTGGGGAACGGGGAGC,9
TTTATATCGAGATTCG,9
AAAAAATTTATCACAA,8
AAAAAATTTGTGACAA,8
AAAAGAAGTCCATGTA,8
AAAATGCTGCATTAGG,8
AACAGAAGTACATGTA,8
AACCACCGAGTGACCT,8
AACGGTTCCGACTAGG,8
AAGAGGTGATGTGATT,8
AAGTGTCTCCGAGCAA,8
ACAACACAAAAAATTA,8
ACACGGGTTGGCCGTA,8
ACATTTCCCAATAGGT,8
ACCAGCAATGAGTCGT,8
ACCCCCGGAGCTTGGT,8
ACCCCGGGAGCTTGGC,8
ACCGATTCACAAATAA,8
AGGACTATAGTTGGTA,8
AGGGAACATACATAAC,8
AGGTCGGGACTCATCT,8
AGTGTTGAATAGGTGA,8
AGTTGGGGTCTCCATT,8
AGTTGTGGTCTCCCTT,8
ATAGAATCACAAATTA,8
ATGGGATGGGAGAAAC,8
ATTCCGGATGGGGTAG,8
ATTCCTAATGGGGTAG,8
CAAATGCTGAATTAGG,8
CAAATGCTGCATTAGT,8
CAAATGCTTCATTAGG,8
CAATTATAAATACATA,8
CACTGCGCGGCTCGGG,8
CATTCAGCGATAACGG,8
CATTTCTGGTGAATTG,8
CCATGCGCGGCTCGGG,8
CCCCATGAAATAAGCT,8
CCCTATGAAATAAGCC,8
CCGGATAAATCAGAAA,8
CCTTGATGCATTCCTG,8
CCTTTCTCAAAACTTA,8
CGGAACCTAGATGGTA,8
CGGACCCCAGATGGTA,8
CGTGTACCCTTTAGCA,8
CTAATTTAAGTAGCAA,8
CTAATTTAAGTATCGA,8
CTGAACTTATCTGCGG,8
CTGAACTTATCTGTTG,8
CTGAGGTATTATATGC,8
CTGGAGGCCTGGCCCA,8
CTTAGGTATTATATAC,8
CTTAGGTATTATATTC,8
CTTGAGGCCTGGCCCC,8
GAATAATAGAAAAGAG,8
GACAGCTCGTATCCCT,8
GAGAAGTTTCATAGCG,8
GAGGGGTAGAGATAAG,8
GAGGGGTAGAGATATG,8
GATCGCCATCGACTTT,8
GCATCATCAACTCCTA,8
GCATGTAACTAACTCC,8
GGCATCTAACAGATAG,8
GGTCCACCTCAGATCG,8
GGTCCATCTCAGATAG,8
GTAATTTAAGTATCAA,8
GTACAAACCTGCAGAT,8
GTACAACCCTGCAAAT,8
GTCGCATCCTGGAAGG,8
GTCGCATCCTTGAATG,8
GTGGGGAACGGGAAGC,8
GTGGTATCAAGCCTGG,8
GTTGTATCAAGCCGGG,8
TAAAGTGATTTCTCGA,8
TACCCTGCAAGACACT,8
TACCTGCTGCGGAATG,8
TACTAGTGCCGTTGTC,8
TCATGGGTGTAAGAGA,8
TCCAGCGCGGTAAGGG,8
TCGTACGTTGGGAACT,8
TCTAACTCTCGCGGAA,8
TCTAACTCTCTCGGCA,8
TCTTGACATGGCGATG,8
TGCTGTGGTCGATCCG,8
TGGAATCATCACCGAT,8
TGTCCATCTCAGATCG,8
TGTTGAGCCAGTCCGA,8
TTAAGAATTTGATTCC,8
TTATCTGTAGAGTGCT,8
TTCTGTCAAGACTCGT,8
TTCTTTCCAGACTCGT,8
TTGATCCTGAGTAGTA,8
TTGCTCCTTAGTAGTA,8
TTGGAAAAATCATAAA,8
TTGGGGAACTGGAAGC,8
TTGGGGGACGGGAAGC,8
TTTATATCGAGAGTCA,8
AAAAAATTGATGACAA,7
AAACCCATAAGACCCT,7
AACCACAGAGTGACCG,7
AACCACCAAGTGACCG,7
AAGTATTACTACACAT,7
AATCGCTGGCACCCTT,7
AATCGCTGGTACCCGT,7
AATCGCTTGCACCCGT,7
AATGAAAAAATCGAAC,7
ACATGGGTTGGCTGTA,7
ACCAGAAATGAGTTGT,7
ACCAGCAATGAGTTGC,7
ACCATCAATGAGTTGT,7
ACCGAGTGAATCATCC,7
ACGTATGATTTTCGGG,7
ACGTGTCTCAGAGCAA,7
ACGTGTCTCCGAGTAA,7
ACGTGTCTCCGATCAA,7
ACTGTATAGAAATTTT,7
ACTTTCTAGAAATTTT,7
AGAAAATTTATGACAA,7
AGAGCTCTTTTCGTTC,7
AGATCCCAGGTCATTT,7
AGATCTACCCTATAGT,7
AGCATATGGATATGTG,7
AGCCCATGCTGGGGGT,7
AGCTACTGGGGTATCA,7
AGCTCCTGGGGCATCA,7
AGCTCCTTGGGTATCA,7
AGCTGAATTAAGTGTG,7
AGGAGTAGGAAGAGCG,7
AGGGGACAAGATTGTA,7
AGGTTCAGACTCTGGC,7
AGGTTCGGACTCTTGC,7
AGTATTTGTGCTTCAA,7
AGTGTTGAATAGGAGA,7
ATAACGTCTGTGCAAA,7
ATAACTAAGGGCATTG,7
ATAGGATATGTGGCTG,7
ATGGAGGCCTGGCCCC,7
ATTAGGTATTATATGC,7
ATTCTGAATGGGGTAG,7
CAAATGCCGCATTAGG,7
CAATTAGAAATACACA,7
CAATTAGAAATGCATA,7
CACTATATGTACAGTC,7
CAGAACCTAGTTGTCT,7
CAGAACCTCGTTGTCA,7
CAGGATAAATCAGAAC,7
CAGGCTCTAGAGCTCA,7
CATGGGAATTGCAACT,7
CATTGAGACGCACAAG,7
CATTGAGACGCGCAGG,7
CATTGATGCATTCCCG,7
CCAAGCTTGGAGCATC,7
CCCTGCGCGTCTCGGG,7
CCTGGGTTAAGTGGTG,7
CCTTGATGCACTCCCG,7
CCTTGATGCGTTCCCG,7
CCTTGATTCATTCCCG,7
CGCGACACCATTCCGG,7
CGCTACACCCTTCCGG,7
CGGACCCTAGATGGCA,7
CGGGAACATGCATAAC,7
CGTACCCTAGATGGTA,7
CGTTAAGCGATAACGG,7
CGTTCAGCGATAAAGG,7
CTAGCACAGCGTAGGA,7
CTGAGATGCCAATAAG,7
CTTAGGTATTATGTGC,7
GAAATCCCCAAAGAAC,7
GAAATCCCCGTGCAAT,7
GAAGAAAATATAACCA,7
GAAGAAACTATAACCT,7
GAAGCGTGCCGGTCAT,7
GAGAGCTGCAGAAGAG,7
GAGGGGTAGAGATACA,7
GAGGTCCCTATGTAAT,7
GATAGCCATCGACTTC,7
GATCACTCAGAAAAAG,7
GATCGCCATCGACTCC,7
GCCAACTCGTATCCCT,7
GGAAAATCTCAGATAC,7
GGCATAGGGATATGTG,7
GGCGACACCCTTCCGG,7
GGGGAACATACATAAC,7
GGTCTTGGGGAGAGTC,7
GTACAAACTTGCAAAT,7
GTACCCAGTTCCGGCG,7
GTACCCAGTTCCTACG,7
GTAGGATATATGGCTG,7
GTCAAGTTACGGATGA,7
GTCAGGTTACGGATGG,7
GTGCGATTGTCAGGAA,7
GTGGGATTGGAGAAAC,7
GTGGTATCAAGCCAGG,7
GTGGTATCAGGCCGGG,7
GTGTTATCAAGCCGGG,7
TACCCTGCAAACCACT,7
TACCCTGCAAGCAACT,7
TACCCTGCAAGCCATT,7
TACCCTGCAAGCTACT,7
TACCCTGCAGGCCACT,7
TAGAACCTCGTTGTCT,7
TATGTCGTATCAACAG,7
TATGTCGTATCCAAAG,7
TATTAAGAGAAATGCG,7
TCATGGGTGTATGAGA,7
TCATGTGTGTACGAGA,7
TCCAGCAATGAGTTGT,7
TCGAAGTTTCATAGCG,7
TCGTCCGTTGGGAACC,7
TCTAACTCTCGTGGCA,7
TCTTATTAGGCGGAAT,7
TCTTATTGGGCGGCAT,7
TCTTTACCGCTGCATC,7
TGAACCGCAGACACGT,7
TGAGGTGGTCGATCCG,7
TGCAGTGTTATACATA,7
TGTGGAGCGGCCTTAC,7
TGTGGTGGTCGATCCG,7
TGTTGAGCCAGTCTTA,7
TTATCGGTAGAGCGCT,7
TTATCTGTAGAGCACT,7
TTATCTGTAGAGCGCC,7
TTATCTGTAGAGCTCT,7
TTCTGTCCATACTCGT,7
TTCTGTCCGGACTCGT,7
TTGCTCCTGAGTAGTG,7
TTGCTCCTGAGTAGTT,7
TTGGAGGCCTGGCCCC,7
AAAAAATTTATGACAG,6
AAACCCATAAGACCAC,6
AACAGGAGTCCATGTA,6
AACCAACGAGTGACCG,6
AACGACAAACAGTGAG,6
AAGAAGGCTTTGTGAT,6
AAGCGGTGATGTGAGT,6
AAGGTCCCTATGTAGT,6
AATCGCTGGCACACGT,6
AATCGCTGGCACCAGT,6
AATCGCTGTCACCCGT,6
AATTAGTGAGTACTAG,6
ACAAGGGTTGGCTGTA,6
ACAATCTGAACCATAA,6
ACAGCCCACCATTGAG,6
ACATTTTCCAATAGTT,6
ACCACCGGAGCTTGGC,6
ACCGAATGAATCATCT,6
ACCGAATGAGTCATCC,6
ACGGGGATTGGCGGTT,6
ACGTGTCTCCGAGCAT,6
ACGTGTCTCTGAGCAA,6
AGAAAATCTCAGAGAC,6
AGAGAATCTCAGATAC,6
AGATCCCAGTTCCTTT,6
AGCGACACCCTTCCGG,6
AGCTCCTGGGGTATCT,6
AGCTCCTGGGTTATCA,6
AGCTCCTGTGGTATCA,6
AGGAAAGAAACTGGGG,6
AGGTGGGGTCTCCCTT,6
AGGTTCAGACTCTCGC,6
AGGTTCAGACTCTTTC,6
AGTAAACATGAATTGG,6
AGTCGTTTAGATGGTT,6
AGTGTTGGATAGGCGA,6
AGTTGGGGTCTCACTT,6
ATAACGTTTGTGCAGA,6
ATACACGAGGTTGTGG,6
ATATAAAAAACTGAGT,6
ATATTTAACAGACGTA,6
ATGGGATTGGAGAAAT,6
ATTATCATATCTAATG,6
ATTCCGAAAGGGGTAG,6
CAAATGCTGCATTATG,6
CACTATGAAATAAGCT,6
CAGGATCTAGAGCTCT,6
CAGGCTCCAGAGCTCT,6
CAGGCTCTAGAGCTAT,6
CATACAGGGTTTGTTG,6
CATGGGGATTGCCACT,6
CATTGAGACACGCAAG,6
CATTGAGACGCGCGAG,6
CCAAGCTTGTCGCATC,6
CCAATCTTGGCGCATC,6
CCATAAACCGTTTGTA,6
CCCTGCGCGGCTTGGG,6
CCCTTCGCGGCTCGGG,6
CCTACAGAATACTAGA,6
CCTTGATGCATTCACG,6
CGAACCCTAGATGGTA,6
CGACTCCATGGACGCC,6
CGATCTTCACGAAAAA,6
CGCTCAGCGATAACGG,6
CGGACCATAGATGGTA,6
CGGACCCTAGATGTTA,6
CGGATCCTAGATGGTA,6
CGGGAAATGTAAATTA,6
CGGTCGGGACTCATAT,6
CGTGCACCCTTCAGCA,6
CGTGGCCCCCTCCAAC,6
CGTTCATCGATAACGG,6
CTAATTTGAGTATCAA,6
CTATTTAAAAGACGTA,6
CTCAAATAATTGACGC,6
CTCGACACCCTTCCGG,6
CTCTGTCCAGACTCGT,6
CTGAACTTATCTGTGT,6
CTGACCCTAGATGGTA,6
CTGAGGGACTCAACTC,6
CTTAGGTATTATATGA,6
GAAATCCCTAAATAAC,6
GAAGAAACTAGAACCA,6
GAAGAAACTATAACAA,6
GAAGAATAGAACAGAG,6
GAAGTACGCTTAATGA,6
GAATAACAGAACAGAG,6
GAATAAGAGAACAGAG,6
GACCCCTTGTAAGAGG,6
GACCCTGCAAGCCACT,6
GACGGTTCCGACTAAG,6
GAGAGCTGAAGAAGCG,6
GAGAGCTGCAGAAGCA,6
GAGAGCTGCAGAAGCT,6
GAGGAAACTATAACCA,6
GAGGGGTATAGATACG,6
GAGTGGTAGAGATACG,6
GATCACGTAGAAAAAG,6
GATCGCCATAGACTTC,6
GATCGCTGGCACCCGT,6
GATCTTGGGGAGGGTC,6
GATCTTGTGGAGAGTC,6
GCAAGCTCGTATCCCT,6
GCAGCGTACCGGTCAT,6
GCAGCGTGCCGGCCAT,6
GCAGCGTGTCGGTCAT,6
GCATTGAACTAACTCC,6
GCCAGCGCGGTAAGAG,6
GCCGAATGAATCATCC,6
GCCGTTGTACACACCA,6
GCCTTTGCGCGAAGTC,6
GCCTTTGCTCGCAGTC,6
GCGAAGTTTCATAGAG,6
GCGGCGTGCCGGTCAT,6
GGGACCCTAGATGGTA,6
GGTCCATCTCAGATCT,6
GGTTGGGGTCTCCCTT,6
GTAAGAAAAGTTGACC,6
GTAAGCAAAGTTGATC,6
GTAAGCAAAGTTTACC,6
GTACAAACCAGCAAAT,6
GTACAAACCTGCGAAT,6
GTACCAAGTTCCTGCG,6
GTACCCAGTTACTGCG,6
GTACCCAGTTCCTGAG,6
GTAGAACTGCGGCACC,6
GTAGAACTGCGGTCCC,6
GTAGAACTTCGGCCCC,6
GTAGCGTGCCGGTCAT,6
GTAGGACTGCGGCCCC,6
GTCTCATCCTGGAATG,6
GTGCGATTGTCCTGAA,6
GTGGCATCAAGCCGGG,6
GTGGTATCAAGCAGGG,6
GTGGTATCAAGTCGGG,6
GTTTAAATTATAGTCT,6
GTTTTTCTATGGCTAC,6
TAACGTGATTTCTCAA,6
TAACGTGATTTCTCTA,6
TAACGTTATTTCTCGA,6
TACCATCAGCACCTAG,6
TACCCTGCAAGCCAAT,6
TACTGATAACCCTGAG,6
TACTGATAACCCTGCT,6
TACTGATAACCCTGTG,6
TATGTCGTATCCACGG,6
TATGTCTTATCCACAG,6
TATTAAGAGAAGTGTG,6
TATTAGGAGAAGTGCG,6
TATTATTAGGCGGCAT,6
TCATCTGTAGAGCGCT,6
TCATGGATGTACGAGA,6
TCATGGGTATACGAGA,6
TCCTATGAAATAAGCT,6
TCGAAAGAAGTAGGAG,6
TCGTCTCACTACTGCT,6
TCTAACTCTCGAGGCA,6
TCTAACTCTCGCGACA,6
TCTAACTCTCGCGTCA,6
TCTTAGAGTGAATGAT,6
TCTTAGTCCCCGTATG,6
TCTTGAGCCAGTCTGA,6
TCTTTACCACTTCATC,6
TGACGACAATACAAAT,6
TGACGTGATTTCTCGA,6
TGCGGTGGTCGATCAG,6
TGCTATTCCGGAGCGG,6
TGCTATTCCTGCGCGG,6
TGTAATGGGCGTCACA,6
TGTTGAACCAGTCTGA,6
TGTTGATCCAGTCTGA,6
TTACGAATTTGAGTCC,6
TTACGAATTTGATTCT,6
TTAGAACTGCGGCCCC,6
TTATCTGTAGGGCGCT,6
TTCATCAAGTTGGTGA,6
TTCTATCCAGACTCGT,6
TTCTGTCCAGACTCAT,6
TTCTGTCCAGACTCGC,6
TTGAACTTATCTGTGG,6
TTGCTACTGAGTAGTA,6
TTTACAGAATACTAGA,6
TTTATATACAACACCA,6
TTTATATCCAACACCT,6
TTTATATCCAACGCCA,6
TTTATATCGAGATCCA,6
TTTCAGAGTTGTTTTG,6
TTTCATCGTTGTTTTG,6
TTTTATCAGTCGCGCC,6
AAAAGATTCGGGGGAC,5
AAACCCATAAGACCTC,5
AAACCCATAGGACCCC,5
AAAGACAAACAGTAAG,5
AAAGGTTCCGACTAAG,5
AAAGTCCACCATTGAG,5
AACCACCGAGTAACCG,5
AACCACCGAGTGGCCG,5
AACCACCGAGTTACCG,5
AACGAAAAACAGTAAG,5
AACGACAAACAGTAGG,5
AACGGTGCCGACTAAG,5
AACGGTTACGACTAAG,5
AACGGTTCCGAATAAG,5
AACGGTTCCGACTAAT,5
AACGGTTCTGACTAAG,5
AACTTCCCTGACTACT,5
AACTTCCCTGACTGAT,5
AACTTCCCTGACTTCT,5
AACTTCTCTGACTGCT,5
AAGAAATTTATGACAA,5
AAGGCTCTAGAGCTCT,5
AATCGCTGGCACCCGG,5
AATCTTGGGGAGAGTC,5
AATGAAACAATCGAAT,5
AATGCGAGCATGGCAA,5
AATTGAGACGCGCAAG,5
ACAATCTGAACCACAC,5
ACACGGGTTGGCGGTA,5
ACACGGGTTGGTTGTA,5
ACAGAATGAATCATCC,5
ACAGTCCACCATGGAG,5
ACATTCCACCATTGAG,5
ACCAGCAATGAGGTGT,5
ACCAGCGATGAGTTGT,5
ACCAGCTCGTATCCCT,5
ACCCCCTGAGCTTGGC,5
ACCTATGAAATAAGCT,5
ACCTTTGCGCGCAGTC,5
ACGCCCATTAAGATCA,5
ACGTATGATTTTCAAG,5
ACGTATGATTTTCGAT,5
ACGTATGATTTTCTAG,5
ACGTATTATTTTCGAG,5
ACGTGTCCCCGAGCAA,5
ACGTGTCTCCGAACAA,5
ACGTTTCTCCGAGCAA,5
ACTGTCTAGGAATTTT,5
ACTTATGATTTTCGAG,5
AGAAATTCTCAGATAC,5
AGACCACCAGTTTCGT,5
AGATCACAGGTCCTTT,5
AGATCCCATGTCCTTT,5
AGCATAGTGATATGTG,5
AGCATCTAACAGATAT,5
AGCATCTAACAGATGG,5
AGCATCTAACCGATAG,5
AGCGACAAACAGTAAG,5
AGCGTAGGGATATGTG,5
AGGAAAGAAAATGGAG,5
AGGACTATAGTTGACA,5
AGGAGTATGAAGAGAG,5
AGGAGTATGAAGAGTG,5
AGGGGGCCTCATAATG,5
AGGTTAAGACTCTTGC,5
AGTTCAGCGATAACGG,5
ATAAGCAAAGTTGACC,5
ATAGAATCTCAAATTA,5
ATAGGATATATGGATG,5
ATAGGATATATGGCGG,5
ATCAGTATAATCGCGC,5
ATCTCCTGGGGTATCA,5
ATGACCCACGGGCATA,5
ATGAGGGATTCAACTC,5
ATGCCGAATGGGGTAG,5
ATGGGGAACGGGAAGC,5
ATTTTTCTACGGCTAC,5
CAAAGCTTGGCGCATC,5
CAAATGCTGTATTAGG,5
CAAATTCTGCATTAGG,5
CACGGACGGCGAACTC,5
CACTAGATGTAAAGTC,5
CAGAACCTCGTTGTAT,5
CAGGCTCGAGAGCTCT,5
CAGGCTCTAGAGCGCT,5
CATACAGAGTTTGTCG,5
CATGCTCTAGAGCTCT,5
CATGGGAATTACCACT,5
CATGGGAATTGACACT,5
CATGGGAATTGCCAAT,5
CATGGGAATTTCCACT,5
CATGTGAATTGCCACT,5
CATGTGGAGACCAACA,5
CATGTGGAGCCTAACA,5
CATTGAGACGCGCAAT,5
CCAACACAAAAAATGA,5
CCAACACAAAAAATTG,5
CCAAGCTTGGCTCATC,5
CCCCTCCTCGAAAGTT,5
CCCTATGAAATAAGAT,5
CCCTATGAAATAAGTT,5
CCCTGAGCGGCTCGGG,5
CCCTGCACGGCTCGGG,5
CCCTGCGCGGCTCGGC,5
CCTAGGTATTATATGC,5
CCTCGGCTCTTGATTA,5
CCTGATAAATCAGAAC,5
CCTTAGAGTGAACGAT,5
CCTTGAGGCATTCCCG,5
CCTTGATGCATTACCG,5
CGACTCCACGGACGCT,5
CGACTCCACGGACTCC,5
CGCGACACCCCTCCGG,5
CGCGACACCCTTCCAG,5
CGGACACTAGATGGTA,5
CGGACCCTAGATGGTG,5
CGGACCCTCGATGGTA,5
CGGGAACATACAGAAC,5
CGGTCGGGAATCATCT,5
CGGTCGGGACTCATCA,5
CGTAAAGTGTAATCGA,5
CGTGAAATGTAAATGA,5
CGTGTACACTTCAGCA,5
CGTGTACCCGTCAGCA,5
CGTGTACCTTTCAGCA,5
CGTTGAGCCAGTCTGA,5
CTACATTGCCCGGAAG,5
CTAGCACAGCGTAGGT,5
CTAGCACAGCGTGGGC,5
CTAGCACGGCGTAGGC,5
CTATAAACAGTTTGTA,5
CTATATTGTCCGGAAG,5
CTGAAATTATCTGTGG,5
CTGAGCTTCCAATAAG,5
CTGGAGGCCTGGACCC,5
CTGGAGGCCTGGCCAC,5
CTGGAGGCCTGGTCCC,5
CTGTACCCGCAGTTGA,5
CTGTACCTGTAGTTGA,5
CTTACGGAATACTAGA,5
CTTAGCTGCCAATAAG,5
CTTCGGCTCTTGATGA,5
GAAAACAGTGTAGTTG,5
GAAAGTCCCCATGATG,5
GAAATCCCCAAATAAT,5
GAAATCCCCAATTAAC,5
GAAGAAACCATAACCA,5
GAAGAAACTGTAACCA,5
GAAGTACGCAGAATGA,5
GACGGGGTGGGCACGT,5
GACTGGATGGGCACGT,5
GAGAGCTGCGGAAGCG,5
GAGAGCTGTAGAAGCG,5
GAGGGGATAAGTCACC,5
GATATTGGGGAGAGTC,5
GATCACGCAAAAAAAG,5
GATCGACATCGACTTC,5
GATCGCCATTGACTTC,5
GATCTTGGTGAGAGTC,5
GATGCGAGCATGTCAA,5
GCAGCGTGCCGGGCAT,5
GCATGGAACTAACTAC,5
GCATGGAACTGACTCC,5
GCCAGCTCGTATACCT,5
GCCAGCTCGTATCCCA,5
GCCAGCTCTTATCCCT,5
GCCATCTCGTATCCCT,5
GCCTTTGCGCGCAGCC,5
GCGAACGAAGTAGGAG,5
GCGTATGATTTTCGAG,5
GCTCTGGCTCGCTAAT,5
GGAGAAACTATAACCA,5
GGAGAACTGCGGCCCC,5
GGATCCCAGGTCCTTT,5
GGTCCATCTCAGATCA,5
GGTCCATCTCGGATCG,5
GTAAGCAAAGTCGACC,5
GTAAGCAAAGTTGACA,5
GTAAGCAAGGTTGACC,5
GTACAAACCTGCAAAG,5
GTACACAGTTCCTGCG,5
GTACCCAGTTCATGCG,5
GTACCCAGTTCCTGCA,5
GTACGAACCTGCAAAT,5
GTAGATACTAGGACCG,5
GTATGGAACTAACTCC,5
GTCACATCCTGGAATG,5
GTCGCCTCTAATCCGA,5
GTGAGCTGCAGAAGCG,5
GTGAGGGATTCAACTC,5
GTGCATTCTAGTGACG,5
GTGCGATTGTTCGGAA,5
GTGGAGGCCTGGCCCC,5
GTTGCTACGACACGCC,5
TAAATCCCCAAATAAC,5
TAACGTGATTTCTAGA,5
TAACGTGGTTTCTCGA,5
TAATGTGATTTCTCGA,5
TACCCCGCAAGCCACT,5
TACGGCCGGCGAACTC,5
TACTAACGCCGTTGTC,5
TACTAATGCCGTTGTA,5
TACTATTCCGGCGCGG,5
TAGAACGAAGTAGGAG,5
TAGAATCGTCACCGAT,5
TAGTCGCACTACTGCT,5
TATGTCGTATACACAG,5
TATTAAGAGAAGGGCG,5
TATTAAGAGAAGTGAG,5
TATTGAGAGAAGTGCG,5
TCACAACTCGACTAAC,5
TCACGACTCGACGAAC,5
TCATAGGTGTACGAGA,5
TCATGGGTGCACGAGA,5
TCATTGGTGTACGAGA,5
TCCAGCGCGATAAGAG,5
TCCAGCGCGGCTCGGG,5
TCCAGCGCGGTAATAG,5
TCCAGCGCTGTAAGAG,5
TCGAACAAAGTAGGAG,5
TCGAACGAAGTAGGGG,5
TCGATTACTAGCCGGG,5
TCGATTCAACTAAAAA,5
TCGTATCAGTCGCGCC,5
TCGTCCGTTGGGAAAT,5
TCTAACTCTCGCGGCT,5
TCTAACTCTCGCTGCA,5
TCTATATCCAACACCA,5
TCTATTACTAGCCGGA,5
TCTGGAAATGATCCCC,5
TCTTAGTCATCGTATG,5
TCTTATTAGTCGGCAT,5
TCTTGACATAGCGAGG,5
TCTTTAACACTGCATC,5
TCTTTACCACTGCATA,5
TCTTTTTAGGCGGCAT,5
TGATCTGTAGAGCGCT,5
TGATCTTTTAAATTTA,5
TGCAGTGGTATAAATA,5
TGCCATTCCGGCGCGG,5
TGCCCTGCAAGCCACT,5
TGCGATGGTCGATCCG,5
TGGGGACAAGATTGTA,5
TGGTCGGGACTCATCT,5
TGTAATAGGCGTCACT,5
TGTAATAGGCGTCATA,5
TGTGACCCCCTCCAAC,5
TTAATCAAGTTGGTGC,5
TTATCTGTAGATCGCT,5
TTATGAATTTGATTCC,5
TTATGTCCAGACTCGT,5
TTATTAGAAATACATA,5
TTCTGTCCAGACTAGT,5
TTCTGTCCAGACTCTT,5
TTGCTCCTGAGTAGCA,5
TTGCTCCTGAGTAGGA,5
TTGGTGAACGGGAAGC,5
TTGTATCAGTCGAGCC,5
TTGTATCAGTCGCGCT,5
TTTATATCAAACACCA,5
TTTATATCCAACACCG,5
TTTCAGCGTCGTTTTG,5
TTTCGGCGTTGTTTTG,5
TTTCGTGATACCCACA,5
AAAAAAGTTATGACAA,4
AAACCCGTAAGACCCC,4
AAAGCTCTTTTCTTTC,4
AAAGTCCCTATGTAAT,4
AAATTCACGATATCCA,4
AACACGTAGAACCGCA,4
AACACGTAGAACCTCC,4
AACACGTGGAACCGCC,4
AACAGAAGTCCATTTA,4
AACATACGAGACGTAA,4
AACATCTAACAGATAG,4
AACCACCGAGTGAACG,4
AACCACCGAGTGATCG,4
AACCACCGATTGACCG,4
AACCACCGGGTGACCG,4
AACCCTGCAAGCCACT,4
AACCTACAAGACGTAA,4
AACGACAGACAGTAAG,4
AACGATTCACGAATAA,4
AACGGTTCAGACTAAG,4
AACGGTTCCTACTAAG,4
AACGTTGTACACACCA,4
AACTGCGTTCATCAAT,4
AACTTCCCTTACTGCT,4
AAGCCCATAAGACCCC,4
AAGCGGTGATGTTATT,4
AAGGGGTAGAGATACG,4
AATACAGAGTTTGTTG,4
AATATTGATTGAAGTT,4
AATCGCTGGCAACCGT,4
AATCGCTGGCACCCCT,4
AATGAAACAATCTAAC,4
AATGACAAACAGTAAG,4
AATGCGAGAATGTCAA,4
AATTGGGGTCTCCCTT,4
ACAAGATTCGGGGGAA,4
ACAAGATTCGGGGTAC,4
ACACCCATAAGACCCC,4
ACACGGGTTGACTGTA,4
ACACGGGTTGGCTATA,4
ACACGGGTTGGCTTTA,4
ACACGGGTTGTCTGTA,4
ACACTGGTTGGCTGTA,4
ACAGATTCACGAATAA,4
ACAGTACGATCTACGT,4
ACAGTATGATCTACGC,4
ACAGTCCACAATTGAG,4
ACCAACAATGAGTTGT,4
ACCAGCAATGAGTTTT,4
ACCCCCGGAGCTTGTC,4
ACCCCCGTAGCTTGGC,4
ACCGAATGAATCATAC,4
ACCGAATTAATCATCC,4
ACCGGCAATGAGTTGT,4
ACCGTCTAGAAATTTT,4
ACCGTTGTATACACCA,4
ACCTTTACGGATCTCT,4
ACGGATAAATCAGAAC,4
ACGTATGATCTTCGAG,4
ACGTCCATTAAGATAA,4
ACGTGTCTACGAGCAA,4
ACTACGAGGATACGTA,4
ACTCTGACTCGCTAAT,4
ACTGTCTAGAAATTGT,4
ACTTCCATTAAGATCA,4
AGAAAACCTCAGATAC,4
AGAAAATCTCAGATGC,4
AGATCCAAGGTCCTTT,4
AGCATAGGGATAGGTG,4
AGCATAGGGATATGTA,4
AGCATAGGGATATGTT,4
AGCATAGGGATATTTG,4
AGCATCTAACGGATAG,4
AGCCACCGAGTGACCG,4
AGCTCATGGGGTATCA,4
AGCTCCCGGGGTATCA,4
AGCTCCTGGGGTATCG,4
AGCTCCTGGTGTATCA,4
AGCTTCCCTGACTGCT,4
AGGACTATAGTTGGAA,4
AGGAGGATGAAGAGCG,4
AGGAGTATAAAGAGCG,4
AGGAGTATGAAGATCG,4
AGGAGTATGAGGAGCG,4
AGGTCCAGACTCTTGC,4
AGGTTCAGACTATTGC,4
AGGTTCAGACTCTTAC,4
AGGTTCAGACTCTTGA,4
AGTAAACACGCATTGG,4
AGTCGTTTAGATATTT,4
AGTGACCCCCTCCAAC,4
AGTGTCGAATAGGCGA,4
AGTGTTGAGTAGGCGA,4
AGTTGGGGTATCCCTT,4
AGTTGGTGTCTCCCTT,4
AGTTTGGGTCTCCCTT,4
AGTTTTGAATAGGCGA,4
ATAACTGAGGGAATTG,4
ATAAGGATAATCGCGC,4
ATAATTTAAGTATCAA,4
ATACACAAGGTTGTGA,4
ATACACGAGGTTATGA,4
ATACACGCATGTGACA,4
ATACACGCATGTTCCA,4
ATACGCGAGGTTGTGA,4
ATAGAACTGCGGCCCC,4
ATAGAATCGCAAAGTA,4
ATAGGGTATATGGCTG,4
ATAGTCCACCATTGAG,4
ATATAAAAAAATTAGT,4
ATATAAAAAACTTATT,4
ATATATTGCCCGGAAG,4
ATATCCCAGGTCCTTT,4
ATCAGGATAATAGCGC,4
ATCAGGATAATCTCGC,4
ATGGGAGTGGAGAAAC,4
ATGTATGATTTTCGAG,4
ATGTCCCACGGGCATA,4
ATTAGATTATAAAGTA,4
ATTCCGAGTGGGGTAG,4
ATTCGGCTCTTGATTA,4
ATTGGATTGGAGAAAC,4
ATTGGGGCTACGTGAG,4
ATTTAAATTAGAGGAC,4
ATTTAAATTCGAGGAA,4
ATTTAAATTCGAGTAC,4
ATTTGGGGTCTCCCTT,4
CAAAATCTAAGGCGAC,4
CAAACACAAAAAATTA,4
CAAGTAGAAATACATA,4
CAAGTGCTGCATTAGG,4
CAATAGATGTACAGTC,4
CAATGAGAAATACATA,4
CAATTAGAAATACAAA,4
CAATTAGAAATACAGA,4
CACGGACTAATGTCTC,4
CACGGGATAATGTCTC,4
CACGGGCTAACGTCTC,4
CACTGAGACGCGCAAG,4
CAGACCCTAGATGGTA,4
CAGGAAATGTAAATGA,4
CAGGCTCTAGAGATCT,4
CAGGCTCTAGATCTCT,4
CAGTCGGGACTCATCT,4
CAGTGAGACGCGCAAG,4
CATACAGAGTTTGTGG,4
CATACAGATTTTGTTG,4
CATCGAGACGCGCAAG,4
CATGGCCGGCGAACTC,4
CATGGGAATTGCCACC,4
CATGGGAATTGCCATT,4
CATGGGAATTGCCCCT,4
CATGGGTTAAGTTGTG,4
CATGTGGAACCCAACA,4
CATGTGGAGCCAAACA,4
CATGTGGAGCCCAACT,4
CATGTGGAGCCCAGCA,4
CATGTGGGGCCCAACA,4
CATTGAGACTCGCAAG,4
CCAAAACAAAAAATTA,4
CCAAGATTGGCGCATC,4
CCAATTTAAGTATCAA,4
CCATATTGCCCGGAAG,4
CCCTACGCGGCTCGGG,4
CCCTATGAAATAAGCG,4
CCCTATGAAATAATCT,4
CCCTGCGCGGCCCGGG,4
CCCTGTGAAATAAGCT,4
CCCTTTACGGACCTCT,4
CCGGATAAATCAGAGC,4
CCGTACCTGCAGTTGA,4
CCTCGATGCATTCCCG,4
CCTTGATGCATCCCCG,4
CCTTGATGCATTTCCG,4
CGAACAGCAGACACGT,4
CGAACCACAGACACGT,4
CGACCAGGGAATCAAA,4
CGACTCCACGGACGAC,4
CGACTCCACGGACGCA,4
CGACTCCACGGGCGCC,4
CGCACTTTATGAGACA,4
CGCAGCATTGGTCGAC,4
CGCAGCATTGGTTGCC,4
CGCATCTAACAGATAG,4
CGCGAAACCCTTCCGG,4
CGGAAACATACATAAC,4
CGGAAACATTACAAAT,4
CGGACCCTAGGTGGTA,4
CGGGGACAAGATGGTA,4
CGGTAGGGACTCATCT,4
CGGTCAGGGAATCAAA,4
CGGTCGGGACTAATCT,4
CGGTCTGGACTCATCT,4
CGGTTGGGACTCATCT,4
CGTCTACCCTTCAGCA,4
CGTGTACCCATCAGCA,4
CGTGTACCCTTCTGCA,4
CGTGTACCCTTGAGCA,4
CGTTCAGCAATAACGG,4
CGTTCAGCGATAGCGG,4
CGTTCAGCTATAACGG,4
CTACAAACCTGCAAAT,4
CTAGCACAGCATAGGC,4
CTATAAAACGTTTGTA,4
CTATAAACCGTTTGTG,4
CTATATTGCACGGAAG,4
CTATCTTAATCTAAAG,4
CTATTTAACAGACATA,4
CTATTTAACAGACGGA,4
CTATTTAACAGGCGTA,4
CTATTTAGCAGACGTA,4
CTCAAATAACTGGCGC,4
CTCCTAGGAGACGATT,4
CTGAACTCATCTGTGG,4
CTGAACTTACCTGTGG,4
CTGAACTTATATGTGG,4
CTGAACTTATCTTTGG,4
CTGAGCTGACAATAAG,4
CTGAGCTGTCAATAAG,4
CTGAGTTGCCAATAAG,4
CTGATCTGCCAATAAG,4
CTGGAGGCATGGCCCC,4
CTGGAGGTCTGGCCCC,4
CTGGGGGATTCAACTC,4
CTGTACCTGCAGTTGT,4
CTGTACCTTCAGTTGA,4
CTGTATTGCCCGGAAG,4
CTGTGCCTGCAGTTGA,4
CTTACAGAATACGAGA,4
CTTACAGAATGCTAGA,4
CTTAGTTATTATATGC,4
CTTATGTATTATATGC,4
CTTCAGCGTTGTTTTG,4
CTTCGGCTCTTGATTG,4
CTTCGTCTCTTGATTA,4
CTTGGGTATTATATGC,4
CTTTAAATTATAGTAT,4
CTTTGATGCATTCCCG,4
CTTTTCTGGTACGCTT,4
GAAAAAAGGGACATAT,4
GAAAGCCCCGTGAAAT,4
GAAAGCCCCTTGCAAT,4
GAAGTGAGTATTGAGT,4
GAATAAACTATAACCA,4
GAATAAGCCAGCAAGA,4
GACAAAAGGGACATAC,4
GACCCATTGTAAGATG,4
GAGAAGACAAGTCAAC,4
GAGCTTGCTATGGGTC,4
GAGGGGGTACGTCACC,4
GAGTTAGTAGACCCAC,4
GATAACGCAGAAAAAG,4
GATCACGCATAAAAAG,4
GATCGCCATCGAATTC,4
GATCTTGGGGAGAGTT,4
GATGGGTAGAGATACG,4
GCAAAAAGTGTAGTTG,4
GCAAACAGTGTATTTG,4
GCAAAGAGGTGTAACC,4
GCAACGAGGTGTAAAC,4
GCAACGAGTTGTAACC,4
GCAACGGGGTGTAACC,4
GCAAGATTCGGGGGAC,4
GCACGGAACTAACTCC,4
GCAGAACTGCGGCCCC,4
GCAGCGTGCCAGTCAT,4
GCAGCGTGCCGGTCAC,4
GCAGCGTGCCGGTCGT,4
GCAGCGTGCCGTTCAT,4
GCAGTCCACCATTGAG,4
GCATAAAGGATCATGA,4
GCATGGAAATAACTCC,4
GCATGGAACCAACTCC,4
GCATGGAACGAACTCC,4
GCATGGAACTAAATCC,4
GCCAGCAATGAGTTGT,4
GCCAGCTAGTATCCCT,4
GCCAGCTCGTATCCCG,4
GCCGCTGCGGTGTGTG,4
GCCGGAAGTTGCCAAG,4
GCCTAAAGGATAATGA,4
GCCTTTGCACGCAGTC,4
GCGAAGTTTAATAGCG,4
GCGAAGTTTCATAGTG,4
GCGGTATCAAGCCGGG,4
GGACAAACCTGCAAAT,4
GGACCCAGTTCCTGCG,4
GGGAAAGAAACTGGAG,4
GGGAGCTGCAGAAGCG,4
GGTATTTGCGCTTCAA,4
GTAAACAGTGTAGTTG,4
GTAACCAGTTCCTGCG,4
GTAAGCAAAGTTGACT,4
GTAAGTAAAGTTGACC,4
GTACAGACCTGCAAAT,4
GTAGAGCTGCGGCCCC,4
GTAGATAATAGGACCA,4
GTAGATACTAGGACCT,4
GTAGCACAGCGTAGGC,4
GTCAAGTTGCGGATGG,4
GTCAGCTCGTATCCCT,4
GTCGAATCCTGGAATG,4
GTCGCATCCCGGAATG,4
GTCGCATCCGGGAATG,4
GTCGCATTCTGGAATG,4
GTCTTTGCGCGCAGTC,4
GTGCGATTGTACGGAA,4
GTGCGATTGTCCAGAA,4
GTGCGATTTTCCGGAA,4
GTGGCCCACGGGCATA,4
GTTACAGAATACTAGA,4
GTTCCGAATGGGGTAG,4
TAACAACAATACAAAT,4
TAACGTGATTCCTCGA,4
TAACGTGATTTCCCGA,4
TAACGTGATTTCTCGG,4
TAAGATAAACATTACT,4
TACACTGCAAGCCACT,4
TACCAATGTCATGTGA,4
TACTAATGCCGTTATC,4
TACTAATTCCGTTGTC,4
TACTAGCAATAATATC,4
TAGATGATAGTAACTC,4
TAGCATTGTAGGAAAG,4
TAGGGGTAGAGATACG,4
TAGTCCGTTGGGAACT,4
TATCGCCATCGACTTC,4
TATGTCGTAGCCACAG,4
TATTAAGAGAAGTGCA,4
TATTAAGAGAAGTGCT,4
TATTGAGACGCGCAAG,4
TATTGAGCCAGTCTGA,4
TCAATCGTGGGCTAAA,4
TCAGCGTGCCGGTCAT,4
TCATGGAACTAACTCC,4
TCATGGGTGGACGAGA,4
TCCAGCGCGGTAGGAG,4
TCCAGCGCGGTGAGAG,4
TCCGGCGCGGTAAGAG,4
TCCTGTCCAGACTCGT,4
TCGAACTAAGTAGGAG,4
TCGATGACTAGCCGGA,4
TCGATTAATAGCCGGA,4
TCGATTACTAGACGGA,4
TCGATTACTATCCGGA,4
TCGATTACTGGCCGGA,4
TCGCCTCAACTAAAAA,4
TCGTAGCACTACTGCT,4
TCGTCCGTTGGGAACA,4
TCGTCCGTTTGGAACT,4
TCGTCCTTTGGGAACT,4
TCGTCGCACTAATGCT,4
TCGTCGCACTACTGCC,4
TCGTGGGTGTACGAGA,4
TCTAACTCTAGCGGCA,4
TCTAGCGCGGTAAGAG,4
TCTTAGAGTGAAAGAT,4
TCTTAGTACTCGTATG,4
TCTTAGTCCTAGTATG,4
TCTTAGTCCTCGTATA,4
TCTTAGTCCTCGTATT,4
TCTTAGTCCTCGTGTG,4
TCTTATTAGGCGTCAT,4
TCTTCGCACTACTGCT,4
TCTTGACATAGAGATG,4
TCTTGACATAGTGATG,4
TCTTGGAGTGAACGAT,4
TCTTGTTAGGCGGCAT,4
TCTTTACCACTGAATC,4
TGACAACAATACAGAT,4
TGCGACACCCTTCCGG,4
TGCGGTGGTCAATCCG,4
TGCGGTGGTCGAGCCG,4
TGCGGTGGTCGATCTG,4
TGCGGTGGTTGATCCG,4
TGCTATTCCAGCGCGG,4
TGCTATTCCGGCGAGG,4
TGCTATTCCGGCTCGG,4
TGCTGATAACCCTGCG,4
TGGAATCATCACCAAT,4
TGGAATCGTAACCGAT,4
TGGAATCGTCACCTAT,4
TGGCTGATAGTAACTC,4
TGGGAACATACATAAC,4
TGGGAATCTCCCATAC,4
TGTAATAGGCGTCACG,4
TGTAATAGGTGTCACA,4
TGTCGAGCCAGTCTGA,4
TGTGGAGAGCCCTTAC,4
TGTGTCGTATCCACAG,4
TGTTGAGCAAGTCTGA,4
TGTTGAGCCAGTCTAA,4
TGTTGAGCCATTCTGA,4
TGTTGGGCCAGTCTGA,4
TTACCCAGTTCCTGCG,4
TTACGAATCTGATTCC,4
TTACGAATTTGATCCC,4
TTACGAATTTGATTAC,4
TTACGAATTTTATTCC,4
TTAGATACTAGGACCA,4
TTATCTGTAGAGCGAT,4
TTATCTTTAGAGCGCT,4
TTCATAAAGTTGGTGC,4
TTCTATTCCGGCGCGG,4
TTCTGTACAGACTCGT,4
TTCTGTCTAGACTCGT,4
TTGAGCTGCCAATAAG,4
TTGCATCAGTCGCGCC,4
TTGTATCAGTCGCTCC,4
TTGTATCATTCGCGCC,4
TTGTGGAACGGGAAGC,4
TTTATATAGAGATTCA,4
TTTATATCCAACACAA,4
TTTATATCGAGATTAA,4
TTTATATCGAGATTTA,4
TTTATATTGAGATTCA,4
TTTCAGCTTTGTTTTG,4
TTTCGTGATACTAACA,4
TTTCGTGATATTCACA,4
TTTCTCCTGAGTAGTA,4
TTTGGGAACGGGAAGC,4
AAAAAATCTATGACAA,3
AAAAAATTTAGGACAA,3
AAAAAATTTATGACAT,3
AAAAAATTTATGACGA,3
AAAAAATTTATTACAA,3
AAAAGATTTATGACAA,3
AAAATCTGAACCATAC,3
AAACCAATAAGACCCC,3
AAACCCATAAGAACCC,3
AAACCCATAAGACACC,3
AAACGGGTTGGCTGTA,3
AAAGCTCTTTTCATTC,3
AAAGCTCTTTTCGTGC,3
AAAGCTCTTTTCGTTA,3
AAAGGCGCTCCTTCAA,3
AAAGGCGTGCCTTCAA,3
AAAGGCTCGCCTTCAA,3
AAAGTCGCGCCTTCAA,3
AACACGTAAAACCGCC,3
AACAGAAATCCATGTA,3
AACAGAAGTCCATATA,3
AACAGAAGTCCATGCA,3
AACAGAAGTCCATGGA,3
AACAGAAGTCCATGTG,3
AACAGAAGTCCGTGTA,3
AACCACCGAGTGACCC,3
AACCACCGAGTGACGG,3
AACCTACGAGACGTAG,3
AACGACAAGCAGTAAG,3
AACGGTCCCGACTAAG,3
AACTAATGCCGTTGTC,3
AACTACAAACAGTAAG,3
AACTGCGTTAATCGAT,3
AAGAAGACTTTGGGAT,3
AAGCGGGGAGGGGATT,3
AAGCGGTGATTTGATT,3
AAGGTCCCTATGTAAC,3
AAGTTAGTAGACCCAA,3
AATACGAGGCTACGTA,3
AATCACTGGCACCCGT,3
AATCCGAATGGGGTAG,3
AATCGCCATCGACTTC,3
AATCGCTGGAACCCGT,3
AATCTCTGGCACCCGT,3
AATGAAACAATCGAGC,3
AATGAAACAATTGAAC,3
AATGCGAGCATATCAA,3
AATGCGAGCATTTCAA,3
AATGTCTAGAAATTTT,3
AATGTGAGCATGTCAA,3
AATTCGTGAGGACTAG,3
AATTCGTGAGTAATAG,3
AATTTCTGATGAATTG,3
ACAAAGTCTAGAGAAG,3
ACAAAGTCTCTAGAAG,3
ACAAAGTCTTGAGAAG,3
ACAAGATTCGGGGGAT,3
ACAAGATTTGGGGGAC,3
ACAAGCTTGGCGCATC,3
ACAATATGAACCATAC,3
ACAATATTCGGGGGAC,3
ACAATCTGAGCCATAC,3
ACAATCTGGACCATAC,3
ACAATCTTAACCATAC,3
ACACGGGTTGGCTGCA,3
ACACGGGTTGGCTGGA,3
ACACGGGTTGGCTGTG,3
ACACGGGTTTGCTGTA,3
ACAGGATTCGGGGGAC,3
ACAGTCCAACATTGAG,3
ACAGTCTAGAAATTTT,3
ACAGTTGTACACACCA,3
ACATCCTCAACTCCTA,3
ACATTACGATCTACGC,3
ACATTTTACAATAGGT,3
ACATTTTCAAATAGGT,3
ACCAGCAAGGAGTTGT,3
ACCAGCGCGGTAAGAG,3
ACCCCCGGAGCCTGGC,3
ACCCCCGGAGCTTTGC,3
ACCCCCGGAGTTTGGC,3
ACCGAATGAAGCATCC,3
ACCGAATGAATCACCC,3
ACCGATTAACGAATAA,3
ACCGGAAGTTACCAAG,3
ACCGTTGTACACACCT,3
ACCTGCAATGAGTTGT,3
ACGAACGAAGTAGGAG,3
ACGCCCGGAGCTTGGC,3
ACGCGGGTTGGCTGTA,3
ACGTATGATTCTCGAG,3
ACGTATGATTTCCGAG,3
ACGTATGATTTTCGAA,3
ACGTCCATTAAGACCA,3
ACGTCCATTAAGATCG,3
ACGTGTATCCGAGCAA,3
ACGTGTCTCCGAGCAG,3
ACGTGTCTCCGGGCAA,3
ACGTGTGATTTTCGAG,3
ACTACGAGACTACGTA,3
ACTACGAGGCTAAGTA,3
ACTACGAGGCTGCGTA,3
ACTAGCAATGAGTTGT,3
ACTATCTAGAAATTTT,3
ACTCCGAATGGGGTAG,3
ACTCTGGATCGCTAAT,3
ACTCTGGTTCGCTAAT,3
ACTGGGTTAAGTTGTG,3
ACTGTCTAGAGATTTT,3
ACTTAGAGTGAACGAT,3
ACTTGTCTCCGAGCAA,3
AGAAAATATCAGATAC,3
AGAAAATCTCAGGTAC,3
AGAAAATCTCATATAC,3
AGAAAATCTCTGATAC,3
AGAAAGTCTCAGATAC,3
AGAACCGCAGACACGT,3
AGAAGATCTCAGATAC,3
AGAATCTAACAGATAG,3
AGACCATCACACCCAA,3
AGACCCATAAGACCCC,3
AGATCCACCCTAGAGT,3
AGATCCCAGGTCCCTT,3
AGATCCTGGGGTATCA,3
AGCACTTTACGAGACA,3
AGCAGAGGGATATGTG,3
AGCATAGGGATATGCG,3
AGCATAGGGATATGGG,3
AGCATAGGGATATGTC,3
AGCATCTAACATATAG,3
AGCATCTGACAGATAG,3
AGCTCCTGGGGTACCA,3
AGCTTAATTAAGTATG,3
AGGAAAGAAACGGGAG,3
AGGAAAGAAACTTGAG,3
AGGAATATAGTTGGCA,3
AGGAATCGTCACCGAT,3
AGGACCATAGTTGGCA,3
AGGACTAAAGTTGGCA,3
AGGACTATAGTTGTCA,3
AGGAGTATGAAGGGCG,3
AGGAGTATTAAGAGCG,3
AGGCACGTAAGGACTA,3
AGGCCAGTAAGGACTA,3
AGGCCCGTAAGGGCTA,3
AGGCCCGTAAGTACTA,3
AGGCTCAGACTCTTGC,3
AGGTTCAGGCTCTTGC,3
AGTAAACATACATTGG,3
AGTAAACATTCATTGG,3
AGTACGTATGTCCCAG,3
AGTAGTTTAGATAGTT,3
AGTATTGAATAGGCGA,3
AGTATTTGCGCTTAAA,3
AGTCGCTTAGATAGTT,3
AGTCGTTTAGATAGGT,3
AGTCGTTTATATAGTT,3
AGTCTTTTAGATAGTT,3
AGTGTTGAACAGGCGA,3
AGTGTTGTCTTGGTTA,3
AGTTCCATGGGCATGG,3
AGTTGAATTAAGTATG,3
AGTTGGGGTCCCCCTT,3
AGTTGGGGTCTACCTT,3
AGTTGGGGTCTCCGTT,3
AGTTGGGTTCTCCCTT,3
AGTTTCAGACTCTTGC,3
ATAACTTAGGGCATTG,3
ATACACGAGGTTGCGA,3
ATACACGATGTTGTGA,3
ATACACGCATGTGCCT,3
ATACACGCATGTGTCA,3
ATACACTAGGTTGTGA,3
ATACATGAGGTTGTGA,3
ATAGAATCGCAAATGA,3
ATAGAATTGCAAATTA,3
ATAGCACAGCGTAGGC,3
ATAGGATACATGGCTG,3
ATATAAAAAACCTAGT,3
ATATAAACCGTTTGTA,3
ATCAGGATGATCGCGC,3
ATCAGGGCTACGTGAG,3
ATCATAGGGATATGTG,3
ATCCCATGCTGGGGAT,3
ATCGGGATAATCGCGC,3
ATCTAAATTCGAGGAC,3
ATGAACTTGTCGATAT,3
ATGAGCTGCCAATAAG,3
ATGCGATTGTCCGGAA,3
ATGGCCCAAGGGCATA,3
ATGGCCCACGGGCATG,3
ATGGCCCACGGGTATA,3
ATGGCCCACGGTCATA,3
ATGGGATATATGGCTG,3
ATGGGATTGGAGAAAA,3
ATGGGATTGGAGGAAC,3
ATGGGATTGGATAAAC,3
ATGGGATTGTAGAAAC,3
ATGTAAAAAACTTAGT,3
ATGTGTCTCCGAGCAA,3
ATTAGATGATAACGTA,3
ATTAGATTATAACTTA,3
ATTAGGGATACGTGAG,3
ATTAGGGCTAAGTGAG,3
ATTATCATATCTAAGA,3
ATTATGGCTACGTGAG,3
ATTATTTGCGCTTCAA,3
ATTCAGAATGGGGTAG,3
ATTCCGAATGGGGTGG,3
ATTCCGAATGGGTTAG,3
ATTCCGAATGGTGTAG,3
ATTCCGGATAAAGTAG,3
ATTGTTTTACGTCCAT,3
ATTTAAATTATAGTCT,3
ATTTAAATTCGAGGAT,3
ATTTAAATTCGGGGAC,3
ATTTTTCTATGGCTGC,3
ATTTTTCTGTGGCTAC,3
CAAAATCTACGGCGAA,3
CAAACCGCAGACACGT,3
CAACATCAGCACCTAG,3
CAATCAGAAATACATA,3
CAATCTTTACGAAAAA,3
CAATTAGAAAGACATA,3
CAATTAGAAATACGTA,3
CAATTAGAAGTACATA,3
CACACTTTACGAGACA,3
CACAGACAAGAAAAAA,3
CACCAATCTTCGAACC,3
CACCAATGTCATTTGA,3
CACCATCGGCACCTAG,3
CACCGCGCCGAGTACC,3
CACCTAGGATCTCACT,3
CACGACCGGCGAACTC,3
CACGGGAATTGCCACT,3
CACTAATGCCGTTGTC,3
CACTAGATGCACAGTC,3
CACTAGATGTACAGCC,3
CACTAGATGTACGGTC,3
CACTAGATTTACAGTC,3
CAGAAAAGACTGTATA,3
CAGAACCTCATTGTCT,3
CAGAACCTCGTTGTTT,3
CAGAACCTTGTTGTCT,3
CAGGCTCTGGAGCTCT,3
CAGTTAGAAATACATA,3
CATAAAGAGTTTGTTG,3
CATACAGAGTTTTTTG,3
CATACGGAGTTTGTTG,3
CATACGTATGTCCCAG,3
CATGGAAATTGCCACT,3
CATGGGAATGGCCACT,3
CATGGGAATTGCCACG,3
CATGGGAATTGCTACT,3
CATGGGGAGCCCAACA,3
CATGTGGAGCACAACA,3
CATGTGGAGCCCAACG,3
CATGTTGAGCCCAACA,3
CATTGAGACGAGCAAG,3
CATTGAGACGCTCAAG,3
CATTGGAATTGCCACT,3
CATTTATGATGAATTG,3
CCAACAAAAAAAATTA,3
CCAACACAAAAAATTT,3
CCAACACAAAAAGTTA,3
CCAACACAGAAAATTA,3
CCAAGCTTAGCGCATC,3
CCAAGCTTGGCGCACC,3
CCAAGCTTGGCGCATA,3
CCAAGTTTGGCGCATC,3
CCAATTCAAGTATCAA,3
CCCAATGTCGTAGGAT,3
CCCCCCCTCTAAAGTT,3
CCCCCGCTTTTTAAAA,3
CCCCTTCTCTAAAGTT,3
CCCGGCGCGGCTCGGG,3
CCCTATGAAATAAGCA,3
CCCTATGAGATAAGCT,3
CCCTATTAAATAAGCT,3
CCCTCCGCGGCTCGGG,3
CCCTGCGCGGCTCCGG,3
CCCTGCGCGGTAAGAG,3
CCCTGCGCGGTTCGGG,3
CCCTTTACGGATCTCA,3
CCGAACTTGTCGATAT,3
CCGAGCTGCCAATAAG,3
CCGAGTTAATATGCGC,3
CCGGATAAAGCAGAAC,3
CCGGATAAATCATAAA,3
CCGTATAAATCAGAAC,3
CCGTCCGTTGGGAACT,3
CCTGGGTTAAGTTGGG,3
CCTGGGTTAAGTTGTA,3
CCTGGGTTGAGTTGTG,3
CCTTAGTCCTCGTATG,3
CCTTGACATAGCGATG,3
CCTTGATCCATTCCCG,3
CCTTGATGCATTCCGG,3
CCTTGGTTAAGTTGTG,3
CGAAAAAATTACAAAT,3
CGAACCGAAGACACGT,3
CGAATTTAAGTATCAA,3
CGACTCCGCGGACGCC,3
CGATCGGGACTCATCT,3
CGATTAGAAATACATA,3
CGCAGCATTGGTAGCC,3
CGCAGCATTGGTCACC,3
CGCAGTGGTATACATA,3
CGCGACAACCTTCCGG,3
CGCGACACCCTCCCGG,3
CGCGACACCCTTCAGG,3
CGCGACACCCTTCCTG,3
CGCGGCACCCTTCCGG,3
CGCGGTGGTCGATCCG,3
CGGAACCTCGTTGTCT,3
CGGACAGGGAATCAAA,3
CGGACCCTAGATGATA,3
CGGACCCTAGATTGTA,3
CGGACCTTAGATGGTA,3
CGGACTCTAGATGGTA,3
CGGCCAGGGAATCAAT,3
CGGCCCGTAAGGACTA,3
CGGGAAATTTAAATGA,3
CGGGCTCTAGAGCTCT,3
CGGGGACAAGATCGTA,3
CGGGGACAAGATTGTG,3
CGGTAAATGTAAATGA,3
CGGTCGGGACTCATCC,3
CGGTTTTGGTTCGAGG,3
CGTAATAGGCGTCACA,3
CGTACAGTGTAATCGG,3
CGTACAGTGTAATTGA,3
CGTACGGTGTAATCGA,3
CGTACGTATGTCCCGG,3
CGTGAACATACATAAC,3
CGTGACCACCTCCAAC,3
CGTGACCCCATCCAAC,3
CGTGACCCCCCCCAAC,3
CGTGTAGCCTTCAGCA,3
CGTTCAGCGATAACAG,3
CGTTCAGCGATAACGT,3
CGTTCAGCGATAACTG,3
CGTTCAGCGATAAGGG,3
CGTTCAGCGATAATGG,3
CGTTCGGCGATAACGG,3
CGTTCGGGACTCATCT,3
CGTTGAGACGCGCAAG,3
CTAAAATAATTGGCGC,3
CTAAACTTATCTGTGG,3
CTAATCTAAGTATCAA,3
CTAATTGAAGTATCAA,3
CTAATTTAAGCATCAA,3
CTAATTTAAGTATCAT,3
CTAATTTAAGTATTAA,3
CTAGAACAGCGTAGGC,3
CTAGCACAGAGTAGGC,3
CTAGCACAGCGCAGGC,3
CTAGCACAGCGTAGAC,3
CTAGCACAGCGTAGTC,3
CTAGCACAGCGTATGC,3
CTATAAACCGTTGGTA,3
CTATATTGCCCCGAAG,3
CTATATTGCCCGGGAG,3
CTATATTGCCGGGAAG,3
CTATCACAGCGTAGGC,3
CTATCTGTAGAGCGCT,3
CTATCTTTACGAAAAA,3
CTATTGAACAGACGTA,3
CTATTTAACAGACGCA,3
CTATTTGACAGACGTA,3
CTCAACTTGTCGATAT,3
CTCAATGTCGTGGGAT,3
CTCCTAGTGGACGATT,3
CTCTTACACTCCTACG,3
CTGAACTTATCTGTGA,3
CTGAACTTATGTGTGG,3
CTGAACTTGTCTATAT,3
CTGAGCTGCAAATAAG,3
CTGAGCTTATCTGTGG,3
CTGAGGGATCCAACTC,3
CTGAGGGATTCAAATC,3
CTGGAGGCCCGGCCCC,3
CTGGAGGCCTGGCCCT,3
CTGGAGGCCTGGCCTC,3
CTGGAGGCCTGTCCCC,3
CTGGAGGCCTTGCCCC,3
CTGGATAAATCAGAAC,3
CTGGGACAAGATTGTA,3
CTGGGCTGCCAATAAG,3
CTGGGGAACGGGAAGC,3
CTGGGGGCCTGGCCCC,3
CTGTAACTGCAGTTGA,3
CTGTACCTACAGTTGA,3
CTGTACCTGCAGTCGA,3
CTGTCGGGACTCATCT,3
CTTAAAGAATACTAGA,3
CTTACAGAGTACTAGA,3
CTTACTTCGCGAGAGT,3
CTTAGGCATTATATGC,3
CTTAGGCTCTTGATTA,3
CTTATATCGAGATTCA,3
CTTCGGCTATTGATTA,3
CTTCGGCTCTTGGTTA,3
CTTCGGCTCTTTATTA,3
CTTTAAATCATAGTCT,3
CTTTAAATTATATTCT,3
CTTTTCTAGTACGCGT,3
CTTTTCTAGTACTCTT,3
GAAACAGTCCTAGCAA,3
GAAAGTACCTATGATG,3
GAAAGTCCATATGATG,3
GAAAGTCCCGATGATG,3
GAAAGTCCCTATGGTG,3
GAAATACGCTGAATGA,3
GAAATCACCAAATAAC,3
GAAATTCCCTATGATG,3
GAACCCATAAGACCCC,3
GAACCCTTGTAAGATG,3
GAAGAAACTATAACCG,3
GAAGAAACTATAGCCA,3
GAAGGACGCTGAATGA,3
GAAGGCGCGCCTTCAA,3
GAAGGTCCCTATGATG,3
GAAGTAAGCTGAATGA,3
GAAGTGCGTATTGAGA,3
GAAGTGCGTATTGAGG,3
GAAGTGTTGCTGAAGT,3
GAATAATAGAGCAGAG,3
GAATAATGGAACAGAG,3
GAATAGTAGAACAGAG,3
GAATCCTCAACTCCTA,3
GACAAAAGGGAAATAT,3
GACAAAAGGTACATAT,3
GACAAGAGAGGGGTCC,3
GACACCTTGTAAGATG,3
GACACGTAGAACCGCC,3
GACATAGAACCCATGC,3
GACATTTACTGAAGGG,3
GACCCCTCGTAAGATG,3
GACCCCTTGGAAGATG,3
GACCGCCATCGACTTC,3
GACCTACGAGACGTAA,3
GACGCTGCGGCGTGTG,3
GACGGGATGGGCACAT,3
GACTAAAGGATCATGA,3
GAGAGATGCAGAAGCG,3
GAGAGCCGCAGAAGCG,3
GAGAGCTGCAGAAGTG,3
GAGAGGTAGAGATACG,3
GAGATCCCCAAATAAC,3
GAGATCTGCAGAAGCG,3
GAGATTGCTATGGATC,3
GAGGAGTAGAGATACG,3
GAGGGGATACGTCACA,3
GAGGGGATATGTCACC,3
GAGGGGTAGAGGTACG,3
GAGGGGTAGGGATACG,3
GAGGTGTAGAGATACG,3
GATCACACAGAAAAAG,3
GATCACGAAGAAAAAG,3
GATCACGCAGAAAAAA,3
GATCACGCAGAAAGAG,3
GATCACGCGGAAAAAG,3
GATCGCCATCAACTTC,3
GATCGCCATCGACGTC,3
GATCGCCATCGACTGC,3
GATCGCCATCGGCTTC,3
GATCGCCGTCGACTTC,3
GATCGCGCAGAAAAAG,3
GATCTCCATCGACTTC,3
GATCTTGGGAAGAGTC,3
GATCTTGGGGAGAGCC,3
GATCTTGGGGGGAGTC,3
GATCTTTGGGAGAGTC,3
GCAAACAGTGGAGTTG,3
GCAAAGTCTCGAGAAG,3
GCAACGAGGGGGAACC,3
GCAACGAGGTGTAACA,3
GCATCCTCAACTCATA,3
GCATCCTCAACTCCAA,3
GCATCCTCAACTCCCA,3
GCATGGAACTAACTCT,3
GCATGGAACTAACTTC,3
GCCAAGTTACGGATGG,3
GCCAGATCGTATCCCT,3
GCCAGCTCGCATCCCT,3
GCCCTTGCGCGCAGTC,3
GCCGATTCACGAATAA,3
GCCGGCGTTAGTGTCT,3
GCCTGCGCGGCTCGGG,3
GCCTTTACGCGCAGTC,3
GCCTTTGAGCGCAGTC,3
GCCTTTTCGCGCAGTC,3
GCGAAGTTTCATGGCG,3
GCGAATTTTCATAGCG,3
GCGGGGATTGGCTGTT,3
GCTGTCTAGAAATTTT,3
GGATAATAGAACAGAG,3
GGCGGGATGGGCACGT,3
GGGGTATCAAGCCGGG,3
GGTCCATCTAAGATCG,3
GGTCCATCTCAGAGCG,3
GGTGTTGGCTTGGTTA,3
GTAAAGTTACGGATGG,3
GTAAGCAAAGGTGACC,3
GTAAGCAAAGTGGACC,3
GTAAGCAAAGTTGAAC,3
GTAAGCAAAGTTGGCC,3
GTACAAACCTGCAAAA,3
GTACAAACCTGCAAAC,3
GTACAAACCTGCAAGT,3
GTACAATCCTGCAAAT,3
GTACACGCATGTGCCA,3
GTACCCAGTCCCTGCG,3
GTACCCAGTTCCTGCT,3
GTAGAACTGCAGCCCC,3
GTAGAACTGCGGCCTC,3
GTAGAACTGCGGCTCC,3
GTAGATACTAGGAACA,3
GTATAAACCTGCAAAT,3
GTATCCAGTTCCTGCG,3
GTCAAGTTACAGATGG,3
GTCGCATACTGGAATG,3
GTCGCATCCTGTAATG,3
GTGAGCGAGAAAAACA,3
GTGAGCGAGAAAAGCG,3
GTGCATCCTAGTGATG,3
GTGCGACTGTCCGGAA,3
GTGCGATGGTCCGGAA,3
GTGCGATTGCCCGGAA,3
GTGCGATTGTCCGGTA,3
GTGCGATTGTCCGTAA,3
GTGCGATTGTCTGGAA,3
GTGGAACTGCGGCCCC,3
GTGGTATAAAGCCGGG,3
GTGGTATCAAGCCGAG,3
GTGGTATCAAGGCGGG,3
GTGTACCTGCAGTTGA,3
GTTATTGTGACTTCAT,3
GTTCGATTGTCCGGAA,3
GTTTCTCCGACACGCC,3
TAAAAATCCTCCATGA,3
TAAAAATTTATGACAA,3
TAACAATGTCATTTGA,3
TAACATGATTTCTCGA,3
TAACTTGATTTCTCGA,3
TAATAAGCCAGCAGGA,3
TAATAAGCCAGTAAGA,3
TAATAAGCCATCAAGA,3
TAATAAGTCAGCAAGA,3
TAATAATCCAGCAAGA,3
TAATAGGCCAGCAAGA,3
TACAAATGTCATTTGA,3
TACAAGAGAGGGGTAC,3
TACAGTGGTATACATA,3
TACATACAGACGCAGT,3
TACCAATGTCATTCGA,3
TACCACCGAGTGACCG,3
TACCCTGAAAGCCACT,3
TACCCTGCGAGCCACT,3
TACCCTTCAAGCCACT,3
TACCTAGGATCGCACT,3
TACCTGCTGCGGAAAG,3
TACCTGCTGCGGAACA,3
TACGTCGTATCCACAG,3
TACTAATGCCGTCGTC,3
TACTAATGTCGTTGTC,3
TACTCTGCAAGCCACT,3
TACTGATAACACTGCG,3
TACTGATAACCCCGCG,3
TACTGATAACCCTTCG,3
TAGCATGGTCGGAAAG,3
TAGCATTGCCGGAAAG,3
TAGCATTGTCGGAATG,3
TAGCATTGTCGGAGAG,3
TAGCTGATAGTAACTA,3
TAGTATTGTCGGAAAG,3
TATGCCGTATCCACAG,3
TATGTCGCATCCACAG,3
TATGTTGTATCCACAG,3
TATTAAGAGGAGTGCG,3
TATTAAGGGAAGTGCG,3
TATTAATAGAAGTGCG,3
TATTCCTAACTAGCTA,3
TATTTCGTATCCACAG,3
TCAACGAGGTGTAACC,3
TCAAGACTCGACTAAC,3
TCATGGGTGTACGAGT,3
TCATGGGTGTACGATA,3
TCATGGGTGTACTAGA,3
TCCAACTCTCGCGGCA,3
TCCAGCGCGTTAAGAG,3
TCCTATTAGGCGGCAT,3
TCGAACGAAGTAAGAG,3
TCGAACGAAGTGGGAG,3
TCGAACGAGGTAGGAG,3
TCGAGTTAATATGTGC,3
TCGATTACTAGCCACT,3
TCGATTACTAGCCTGA,3
TCGCTTCAAATAAAAA,3
TCGTCACACTACTGCT,3
TCGTCCGTTGAGAACT,3
TCGTCGAACTACTGCT,3
TCGTCGCACTACTACT,3
TCGTCGCACTACTGTT,3
TCGTGTCTCCGAGCAA,3
TCGTTGAACTACTGCT,3
TCGTTGCACTACTACT,3
TCTAACGAAGTAGGAG,3
TCTAACTCTCACGGCA,3
TCTAACTCTCGCGGCG,3
TCTAACTCTCGCGGTA,3
TCTCGACATAGCGATG,3
TCTCTACCACTGCATC,3
TCTGACTCTCGCGGCA,3
TCTGGAAACGATCCCA,3
TCTGGAGACGATCCCC,3
TCTTAGGGTGAACGAT,3
TCTTAGTCCTCGCATG,3
TCTTAGTCCTCTTATG,3
TCTTCCGTTGGGAACT,3
TCTTGACATAGCTATG,3
TCTTGGCATAGCGATG,3
TCTTGGTCCTCGTATG,3
TCTTTACAACTGCATC,3
TCTTTACCAATGCATC,3
TCTTTACTACTGCATC,3
TGATCTGTGACATTAC,3
TGCAGTGGTCGATCCG,3
TGCGGTGGTATACATA,3
TGCGGTGGTCTATCCG,3
TGCTATTACGGCGCGG,3
TGCTATTCAGGCGCGG,3
TGCTATTCCGGCGCAG,3
TGCTATTCCGGCGCGT,3
TGCTATTCCGGCGCTG,3
TGCTATTCTGGCGCGG,3
TGCTGTTCCGGCGCGG,3
TGGAATCGTCACAAAT,3
TGGAATCGTCACCAGT,3
TGGAATCTTCACCAAT,3
TGGAATCTTCACCGAT,3
TGGAGTGGTATACATA,3
TGGCAACAATACAAAT,3
TGGGATCGTCACCGAT,3
TGGGGTGGTCGATCCG,3
TGGTCCGATTCATGCT,3
TGGTCCGCTTCATGAT,3
TGGTCCGCTTCATGCC,3
TGTAACTCTCGCGGCA,3
TGTAATAGGAGTCACA,3
TGTAATAGGCGTCGCA,3
TGTAATAGTCGTCACA,3
TGTAATCGTCACCGAT,3
TGTATATCCAACACCA,3
TGTCCGGAGAAAGGAG,3
TGTCCTGATAAAGTAG,3
TGTGGAGCACCCTTAC,3
TGTGGAGCGCCCCTAC,3
TGTGGAGCGCCCTCAC,3
TGTTGAGACAGTCTGA,3
TGTTGAGCCAGTCTGT,3
TGTTGAGCCGGTCTGA,3
TGTTGAGCGCCCTTAC,3
TTACGAATGTGATTCC,3
TTACGAATTCGATTCC,3
TTACGAATTTGGTTCC,3
TTACTCCTGAGTAGTA,3
TTATATGTAGAGCGCT,3
TTATCCGTAGAGCGCT,3
TTATCTGTAGAGCGCA,3
TTCAAGTTACGGATGG,3
TTCAGTGGTATACATA,3
TTCATCAAGTTAGTGC,3
TTCATCAAGTTGTTGC,3
TTCATCAAGTTTGTGC,3
TTCATCGAGTTGGTGC,3
TTCTGTCCAGACGCGT,3
TTGAATCGTCACCAAT,3
TTGAGGGATTCAACTC,3
TTGCAATTGAAAAATA,3
TTGCCCCTGAGTAGTA,3
TTGCTCATGAGTAGTA,3
TTGGGCACTAAAGTAA,3
TTGGGGAACGAGAAGC,3
TTGGGGAACGGAAAGC,3
TTGGGGAACGGTAAGC,3
TTGGTATCAAGCCGGG,3
TTGTATCAGTCACGCC,3
TTGTATCAGTCGCGCA,3
TTGTATCAGTCTCGCC,3
TTGTATTAGTCGCGCC,3
TTGTCGCACTACTGCT,3
TTGTGTCAGTCGCGCC,3
TTTAAAAAATCATAAA,3
TTTAAGCGTTGTTTTG,3
TTTATATCCAATACCA,3
TTTATATCTAGATTCA,3
TTTATTATGACTTCAT,3
TTTCAGCGTTGTCTTG,3
TTTCAGCGTTGTGTTG,3
TTTCCGGATAAAGTAG,3
TTTCGTGGTACTCACA,3
TTTGTATCCAACACCA,3
TTTGTATCGAGATTCA,3
TTTTGAGCCAGTCTGA,3
AAAAAATTTATGAGAA,2
AAAAAATTTATGATAA,2
AAAAAATTTATGTCAA,2
AAAAAGTCTCGAGAAG,2
AAAAAGTTTATGACAA,2
AAAACTCTTTTCGTTC,2
AAAATCCCCAAATAAC,2
AAACACATAAGACCCC,2
AAACCCATAATACCCC,2
AAACGTGATTTCTCGA,2
AAACGTTTAATAGACG,2
AAACTACGAGACGTAA,2
AAAGAAACTATAACCA,2
AAAGAATTTATGACAA,2
AAAGACCTTTAACTCC,2
AAAGCTATTTTCGTTC,2
AAAGCTCTTCTCGTTC,2
AAAGCTCTTTTAGTTC,2
AAAGGCGCGCCTCCAA,2
AAAGGCGCGCCTGCAA,2
AAATGCGTTCATCGAT,2
AAATTCACAATAGCCA,2
AAATTCACAATATCCG,2
AAATTCATAATATCCA,2
AAATTTTCCAATAGGT,2
AACACGTAGAAACGCC,2
AACACGTAGAACCCCC,2
AACACGTAGAACCGAC,2
AACACGTAGAACCGCT,2
AACACGTATAACCGCC,2
AACACTTAGAACCGCC,2
AACAGAAGGCCAGGTA,2
AACAGAAGGCCATGTA,2
AACAGAAGTTCATGTA,2
AACAGTTCCGACTAAG,2
AACATAAGTCCATGTA,2
AACCAATCTTCGAACT,2
AACCACCGAGGGACCG,2
AACCATCAGCACCTAG,2
AACCCCATAAGACCCC,2
AACCGAAGTCCATGTA,2
AACCGTACCACGTTTA,2
AACCGTACCGAGTTTA,2
AACCGTACCGCGGTTA,2
AACCTAAGAGACGTAA,2
AACCTACGAGACGGAA,2
AACGACAAAAAGTAAG,2
AACGACAAACAGTAAT,2
AACGACAAATAGTAAG,2
AACGACGAACAGTAAG,2
AACGGAAGTCCATGTA,2
AACGGCCGGCGAACTC,2
AACGGGATGGGCACGT,2
AACGGTTCCAACTAAG,2
AACGGTTCCGACAAAT,2
AACGGTTCCGACTATG,2
AACGGTTCGGACTAAG,2
AACGTTTCCGACTAAG,2
AACTGAATTAAGTATG,2
AACTGCGTTCATAGAT,2
AACTGCGTTCATCGTT,2
AACTGCGTTCATTGAT,2
AACTTACCTGACTGCT,2
AACTTCCCTGACTGCA,2
AACTTCCCTGACTGTT,2
AACTTCCCTGGCTGCT,2
AAGAAGACTATGTGAT,2
AAGAAGATATAGAAGT,2
AAGAAGCTAAAGAAGT,2
AAGAAGCTATAGAAGG,2
AAGAGCTGCAGAAGCG,2
AAGCACCGAGTGACCG,2
AAGCATTGCTACACAT,2
AAGCCCAGCAGGTGAT,2
AAGCCCAGCGGGGGAT,2
AAGCGGTGATGGGATT,2
AAGCTAAGAGAAAGTT,2
AAGGGATTGGAGAAAC,2
AAGGGGCCCCATAATG,2
AAGGGTCCTCATAATG,2
AAGGTAAGAGAAAGTT,2
AAGGTCCATATGTAAT,2
AAGGTCCCTATGCAAT,2
AAGGTCTCTATGTAAT,2
AAGGTGCCTCATAATG,2
AAGTATCGCTACACAT,2
AAGTATTGCCACACAT,2
AAGTTAGTAGACACAC,2
AAGTTAGTAGACCCGC,2
AAGTTATTAGACCCAC,2
AAGTTCCCTATGTAAT,2
AATATCATATCTAATA,2
AATCCCAGCGGGTGAT,2
AATCCCTGGCACCCGT,2
AATCGATGGCACCCGT,2
AATCGCCGGCACCCGT,2
AATCGCTAGCACCCGT,2
AATCGCTGACACCCGT,2
AATCGCTGCCACCCGT,2
AATCGCTGGCACTCGT,2
AATCGGTGATGTGATT,2
AATCGTTTAGATAGTT,2
AATGAAACAATAGAAC,2
AATGAAACAATCGAAA,2
AATGAAACCATCGAAC,2
AATGAGAGCATGTCAA,2
AATGCCAGCATGTCAA,2
AATGCGAGCATGACAA,2
AATGCGAGCATGCCAA,2
AATGCGAGCATGTAAA,2
AATGCGAGCATGTCGA,2
AATGCTAGCATGTCAA,2
AATGGAACAATCGAAC,2
AATGTCGTATCCACAG,2
AATGTGAATTCGCCCA,2
AATTAAACAATCGAAC,2
AATTCGAGCATGTCAA,2
AATTCGTCAGTACTAG,2
AATTCGTGAATACTAG,2
AATTCGTGAGGACGAG,2
AATTCGTGAGTACCAG,2
AATTCGTGAGTACTGG,2
AATTCGTGAGTATTAG,2
AATTCGTGATTACTAG,2
AATTCGTTAGTACTAG,2
ACAAAGCCTCGAGAAG,2
ACAAAGTATCGAGAAG,2
ACAAAGTCTCGAGGAG,2
ACAAATTCTCGAGAAG,2
ACAACCTGAACCATAC,2
ACAAGATGCGGGGGAC,2
ACAAGATTCGGTGGAC,2
ACAAGGTTCGGGGGAC,2
ACAATCTGAAACATAC,2
ACAATCTGAACCATGC,2
ACAATCTGAATCATCC,2
ACACCCGGAGCTTGGC,2
ACACGGGTCGGCTGTA,2
ACACGGGTTAGCTGTA,2
ACACGGGTTGGCGGGA,2
ACAGTACGATCTACTC,2
ACAGTCAACCATTGAG,2
ACAGTCCACCATCGAG,2
ACAGTCCACCATTGGG,2
ACAGTCTACCATTGAG,2
ACATATGATTTTCGAG,2
ACATCCATTAAGATCA,2
ACATTCTCCAATAGGT,2
ACATTTTCCAATAGCT,2
ACATTTTCCAATAGGC,2
ACATTTTCCAATATGT,2
ACATTTTCCAATGGGT,2
ACCAGCAACGAGTTGT,2
ACCAGCAATGAGTGGT,2
ACCAGCAATGGGTTGT,2
ACCAGCAATTAGTTGT,2
ACCAGTAATGAGTTGT,2
ACCATTGTACACACCA,2
ACCCCCGGAGCTCGGC,2
ACCCCCGGAGCTGGGC,2
ACCCCCGGAGCTTGGA,2
ACCCCCGGGGCTTGGC,2
ACCCCTGGAGCTTGGC,2
ACCCTGGCTCGCTAAT,2
ACCGAATCAATCATCC,2
ACCGAATGAACCATCC,2
ACCGAATGGATCATCC,2
ACCGATTCAAGAATAA,2
ACCGATTCACGAAGAA,2
ACCGATTCACGAATGA,2
ACCGATTCACTAATAA,2
ACCGATTCATGAATAA,2
ACCGATTCGCGAATAA,2
ACCGGATGAATCATCC,2
ACCGTTGGACACACCA,2
ACCGTTGTACGCACCA,2
ACCGTTTTACACACCA,2
ACCTCCATTAAGATCA,2
ACGAAGTCTCGAGAAG,2
ACGAAGTTTCATAGCG,2
ACGCATGATTTTCGAG,2
ACGCATTAGCGGGAGG,2
ACGCGTCTCCGAGCAA,2
ACGGTCCCTATGTAAT,2
ACGTACATTAAGATCA,2
ACGTATGAGGTTCGAG,2
ACGTATGATGTTCGAG,2
ACGTATGATTGTCGAG,2
ACGTATGATTTTTGAG,2
ACGTCCAGTAAGATCA,2
ACGTCCATGAAGATCA,2
ACGTCCATTAAGGTCA,2
ACGTCCATTAATATCA,2
ACGTCCATTAGGATCA,2
ACGTCCGTTGGGAACT,2
ACGTGCCTCCGAGCAA,2
ACGTGTCTCCAAGCAA,2
ACGTGTCTCCGAGCGA,2
ACGTGTCTCGGAGCAA,2
ACGTGTTTCCGAGCAA,2
ACTAAGAGGCTACGTA,2
ACTACGAGGCTACATA,2
ACTACGAGGCTACTTA,2
ACTACGAGTCTACGTA,2
ACTATGAGGCTACGTA,2
ACTATGGCTCGCTAAT,2
ACTCCCGGAGCTTGGC,2
ACTCTGGCTCACTAAT,2
ACTCTGGCTCGATAAT,2
ACTCTGGCTCGCGAAT,2
ACTCTGGCTCGTTAAT,2
ACTCTGTCTCGCTAAT,2
ACTGTCCAGAAATTTT,2
ACTGTCTAGAAAGTTT,2
ACTGTCTAGAAATGTT,2
ACTGTCTATAAATTTT,2
ACTTGACATAGCGATG,2
AGAAAATCGCAGATAC,2
AGAAAATCTCAGACAC,2
AGACCATGCTGGGGAT,2
AGACCCCAGGTCCTTT,2
AGACGGGTTGGCTGTA,2
AGACTCCACGGACGCC,2
AGAGCTAAAAAGGGGA,2
AGAGGATATATGGCTG,2
AGATACACCCTATAGT,2
AGATCAACCCTATAGT,2
AGATCCCAGGGCCTTT,2
AGATCCCAGGTACTTT,2
AGATCCCAGGTCCTGT,2
AGATCCCAGGTCCTTC,2
AGATCCCGGGTCCTTT,2
AGATCTAAAAAGAGGA,2
AGATTCAGACTCTTGC,2
AGCACAGGGATATGTG,2
AGCAGAAGTCCATGTA,2
AGCAGAGGGATAGGTG,2
AGCATAGGGATGTGTG,2
AGCATAGGGGTATGTG,2
AGCATAGGTATATGTG,2
AGCATCTAACAGAGAG,2
AGCCCATGATGGGGAT,2
AGCCCATGCTTGGGAT,2
AGCCGTTTAGATAGTT,2
AGCCTACGAGACGTAA,2
AGCGGTTCCGACTAAG,2
AGCGTTGAATAGGCGA,2
AGCTCCTGGGGTATAA,2
AGCTCCTGGGGTATGA,2
AGCTCCTTGTGTATCA,2
AGCTGAAGTAAGTATG,2
AGCTGAATTAAGGATG,2
AGGAAAGAAGCTGGAG,2
AGGAAGGAAACTGGAG,2
AGGAATATGAAGAGCG,2
AGGAATCGTCACCAAT,2
AGGACCGTAAGGACTA,2
AGGAGTATGAAAAGCG,2
AGGAGTATGAAGAGCA,2
AGGAGTATGGAGAGCG,2
AGGATAGGGATATGTG,2
AGGCCCATAAGGACTA,2
AGGGAAGAAACTGGAG,2
AGGGGATTGGAGAAAC,2
AGGGGTATGAAGAGCG,2
AGGGTCCCTATGTAAT,2
AGGTATTGCTACACAT,2
AGGTTCAGACTCCTGC,2
AGGTTCAGACTCGTGC,2
AGTAAACATGCATTTG,2
AGTAAACATGTATTGG,2
AGTATCTAACAGATAG,2
AGTATTCGCGCTTCAA,2
AGTATTTGCACTTCAA,2
AGTATTTGCGATTCAA,2
AGTATTTGCGCCTCAA,2
AGTATTTGCGCTTCAG,2
AGTATTTGCTCTTCAA,2
AGTCCATCTCAGATCG,2
AGTCCGAAGGGGGGAG,2
AGTCGTCTAGATAGTT,2
AGTCGTTTAGAAAGTT,2
AGTCGTTTAGATAGTG,2
AGTCGTTTAGGTAGTT,2
AGTGGGGGGAGCCGTT,2
AGTGGGGGTCTCCCTT,2
AGTGTTGAAGAGGCGA,2
AGTGTTGAATAAGCGA,2
AGTGTTGAATAGGCAA,2
AGTGTTGAATAGGCGC,2
AGTGTTGAATATGCGA,2
AGTGTTGAATGGGCGA,2
AGTGTTGGATTGGTTA,2
AGTGTTGGCTTGATTA,2
AGTGTTGGCTTGGGTA,2
AGTGTTGGCTTGTTTA,2
AGTGTTTAATAGGCGA,2
AGTTCCATAGGCATGT,2
AGTTCCGTAGGCATGG,2
AGTTCCTGGGGTATCA,2
AGTTGAGCCAGTCTGA,2
AGTTGGGATCTCCCTT,2
AGTTGGGGTCTCCCAT,2
AGTTGGGGTCTCCCTA,2
AGTTGGGGTCTCCCTG,2
AGTTTTTATAACTTGT,2
ATAAAATCTCAGATAC,2
ATAACGTTTGTGTAAA,2
ATAACGTTTGTTCAAA,2
ATAACTGAGGGCACTG,2
ATAACTGAGGGCAGTG,2
ATAACTGAGGGCATGG,2
ATAACTGAGGGCATTA,2
ATAACTGAGGGTATTG,2
ATAACTGAGGTCATTG,2
ATAACTGATGGCATTG,2
ATAACTGGGGGCATTG,2
ATACAAGCATGTGCCA,2
ATACACGAGGTTGGGA,2
ATACACGCATGTACCA,2
ATACACGTATGTGCCA,2
ATACACTCATGTGCCA,2
ATACATGCATGTGCCA,2
ATACCCAGTTCCTGCG,2
ATACGAATTTGATTCC,2
ATAGAATCGCAAATTT,2
ATAGACGAGGTTGTGA,2
ATAGGACATATGGCTG,2
ATAGGATATATGACTG,2
ATAGGATATATGGCCG,2
ATAGGATATATTGCTG,2
ATATAAAAAACTTGGT,2
ATATACGAGGTTGTGA,2
ATCAATGTCGTAGGAT,2
ATCAGCAATGAGTTGT,2
ATCAGGATAATCGAGC,2
ATCAGGATAATCGCAC,2
ATCAGGATAATCGCGA,2
ATCAGGATAATCGCTC,2
ATCAGGGTAATCGCGC,2
ATCATCTAACAGATAG,2
ATCATGATAATCGCGC,2
ATCCGATTTAAAGGAA,2
ATGAAAGAAACTGGAG,2
ATGACGTTTGTGCAAA,2
ATGACTGAGGGCATTG,2
ATGAGATTATAACGTA,2
ATGCCCGTAAGGACTA,2
ATGCTCCTGAGTAGTA,2
ATGGAATTGGAGAAAC,2
ATGGCCCACGGGAATA,2
ATGGCCCACGGGCAGA,2
ATGGCCCACGTGCATA,2
ATGGCCCACTGGCATA,2
ATGGGACTGGAGAAAC,2
ATGGGATTGGAGAAGC,2
ATGGGATTGGTGAAAC,2
ATGGTATTGGAGAAAC,2
ATGGTTTTACGTCCTT,2
ATGGTTTTACGTCTAT,2
ATGGTTTTGCGTCCAT,2
ATGTACCTGCAGTTGA,2
ATGTTCAGACTCTTGC,2
ATTAGATTATAACGGA,2
ATTAGATTATAACGTG,2
ATTAGGGCTACATGAG,2
ATTAGGGCTACGCGAG,2
ATTAGGGCTACGTGAT,2
ATTAGGGCTACGTGGG,2
ATTAGGGCTATGTGAG,2
ATTAGGTTATAACGTA,2
ATTATAATATCTAATA,2
ATTATATCCAACACCA,2
ATTATATTATAACGTA,2
ATTATCATACCTAATA,2
ATTATCGTATCTAATA,2
ATTCCGAAGGGGGGAG,2
ATTCCGAAGGGGGTAG,2
ATTCCGAATGGAGTAG,2
ATTCCGAATGGGGTAA,2
ATTCCGAATGGGGTTG,2
ATTCGTTTAGATAGTT,2
ATTGCGAATGGGGTAG,2
ATTGTCTAGAAATTTT,2
ATTTAAATTCGAGGGC,2
ATTTAAATTCTAGGAC,2
ATTTGAATTCGAGGAC,2
ATTTTCCTATGGCTAC,2
ATTTTTCTATGGATAC,2
CAAAAGTAGCACGATA,2
CAAAATCTACGTCGAC,2
CAAAATCTGCGGCGAC,2
CAAATGCTACATTAGG,2
CAAATGCTCCATTAGG,2
CAAATGCTGCATCAGG,2
CAAATGCTGCGTTAGG,2
CAACGCGCCGAGCACC,2
CAACGTGATTTCTCGA,2
CAAGGGCTAATGTCTC,2
CAATAAGAAATACATA,2
CAATAAGCCAGCAAGA,2
CAATTAGAAATACATC,2
CACAGCATTGGTCGCC,2
CACAGCCGGCGAACTC,2
CACATAGGATCGCACT,2
CACCACCGAGTGACCG,2
CACCATAAGCACCTAG,2
CACCATCAACACCTAG,2
CACCATCAGCACATAG,2
CACCATCAGCACCCAG,2
CACCATCAGCGCCTAG,2
CACCCGCTGTTTAAAA,2
CACCCTGCAAGCCACT,2
CACCGCGCAGAGCACC,2
CACCGCGCCGAGCACT,2
CACCGCGCCGATCACC,2
CACCTAGGATCACACT,2
CACCTAGGATCGCACC,2
CACCTGCTGCGGAACG,2
CACGGCCAGCGAACTC,2
CACGGCCGGCAAACTC,2
CACGGCCGGCGAACTT,2
CACGGCCGTCGAACTC,2
CACGGGCTAATGCCTC,2
CACGGGCTAATGGCTC,2
CACGGGCTAATGTCCC,2
CACGGGCTAATGTCTA,2
CACGGGCTAATGTCTT,2
CACGGGCTAGTGTCTC,2
CACTAGATGTACAGGC,2
CACTAGATGTGCAGTC,2
CAGAAACTCGTTGTCT,2
CAGAACATCGTTGTCT,2
CAGAACCCCGTTGTCT,2
CAGAACCTCGTTGCCT,2
CAGAACCTGCAGTTGA,2
CAGAACTTATCTGTGG,2
CAGAATCTCGTTGTCT,2
CAGAGCCTCGTTGTCT,2
CAGATAATAGAGAGAC,2
CAGGAACATACATAAC,2
CAGGACCTCGTTGTCT,2
CAGGCTATAGAGCTCT,2
CAGGCTCTAAAGCTCT,2
CAGGCTCTAGAGCTCG,2
CAGGCTCTAGAGCTTT,2
CAGGCTCTAGGGCTCT,2
CAGGCTCTATAGCTCT,2
CAGGGGAATTGCCACT,2
CAGGGGTAGAGATACG,2
CAGGTGGAGCCCAACA,2
CAGTAGTTGTCAGGGG,2
CATAAAAGACTTTATA,2
CATAAAAGGCTGTATA,2
CATACAGAATACTAGA,2
CATACAGAATTTGTTG,2
CATACAGAGTTGGTTG,2
CATATCTGATGAATTG,2
CATGGGAATTGCCACA,2
CATGGGAATTGCCGCT,2
CATGGGAATTGCCTCT,2
CATGGGAATTGGCACT,2
CATGTAGAGCCCAACA,2
CATGTCGTATCCACAG,2
CATGTGAATTCTCCCA,2
CATGTGGAGCCCGACA,2
CATGTGGAGTCCAACA,2
CATTGAAACGCGCAAG,2
CATTGAGAAGCGCAAG,2
CATTGAGACGTGCAAG,2
CATTTCTGATGAATCG,2
CATTTCTGATGAATGG,2
CATTTCTGATGAATTA,2
CATTTCTTATGAATTG,2
CCAACACAAGAAATTA,2
CCAAGCTTGACGCATC,2
CCAAGCTTGGCACATC,2
CCAATACAAAAAATTA,2
CCACCGCTGTTTAAAA,2
CCACGACTCGACTAAC,2
CCAGGCTTGGCGCATC,2
CCATGGGTGTACGAGA,2
CCCATCCTCTAAAGTT,2
CCCCCGATGTTTAAAA,2
CCCCCGCTGTTTTAAA,2
CCCCTCCTGTAAAGTT,2
CCCGATGAAATAAGCT,2
CCCTACGAAATAAGCT,2
CCCTAGGAAATAAGCT,2
CCCTATGAAACAAGCT,2
CCCTGCCCGGCTCGGG,2
CCCTGCGCGGCTCGCG,2
CCCTGCGCTGCTCGGG,2
CCCTGCGTGGCCCGGG,2
CCCTGGGCGGCTCGGG,2
CCCTTTACGGATATCT,2
CCGAACGAAGTAGGAG,2
CCGACACAAAAAATTA,2
CCGGAGGCCTGGCCCC,2
CCGGATAAATCAGAAT,2
CCGGGGTGAAGGGGTG,2
CCGTGATGCATTCCCG,2
CCTAACTCTCGCGGCA,2
CCTGGGAATTGCCACT,2
CCTGGGCTAAGTTGTG,2
CCTGGGTTAAGGTGTG,2
CCTGGGTTAAGTTGTT,2
CCTGGTTTAAGTTGTG,2
CCTTAATGCATTCCCG,2
CCTTATTAGGCGGCAT,2
CCTTCATGCATTCCCG,2
CCTTGACGCATTCCCG,2
CCTTGAGACGCGCAAG,2
CCTTGATGGATTCCCG,2
CCTTGGTGCATTCCCG,2
CCTTTCTCGAAACATA,2
CGAAAACATTACAGAT,2
CGAAACACGGCCCAGT,2
CGAAACACTTCCCAGT,2
CGAAACGCAGACACGT,2
CGAAACGCGTCCCAGT,2
CGAACCGCAGAAACGT,2
CGAACCGCAGACACGC,2
CGAACCGCAGACATAT,2
CGAAGCGCAGACACGT,2
CGACTCCACGGACCCC,2
CGAGAACATACATAAC,2
CGATCTTTAAGAAAAA,2
CGCAACATTGGTCGCC,2
CGCACTTTACGAGACG,2
CGCACTTTACGGGACA,2
CGCACTTTACTAGACA,2
CGCAGCATTGGTCGCA,2
CGCAGCATTGGTCTCC,2
CGCAGCGCGGTAAGAG,2
CGCCTAGGATCGCACT,2
CGCGACACCCTTCTGG,2
CGCGACGCCCTTCCGG,2
CGCGATACCCTTCCGG,2
CGGAAAATGTAAATGA,2
CGGAACACGTCCCAGT,2
CGGACAGTGTAATCGA,2
CGGACCCTAGATAGTT,2
CGGACCCTAGATCGTA,2
CGGACCCTTGATGGTA,2
CGGAGCCTAGATGGTA,2
CGGCCAGGGAAGCAAA,2
CGGCCAGGGAATCAGA,2
CGGCCGGGGAATCAAA,2
CGGGAAAATACATAAC,2
CGGGAAATGTGAATGA,2
CGGGAACAGACATAAC,2
CGGGAACATACATAAA,2
CGGGAACATACATGAC,2
CGGGAATATCCCATAC,2
CGGGAATCTCCCGTAC,2
CGGGAGCATACATAAC,2
CGGGGACGAGATTGTA,2
CGGGGGCAAGATTGTA,2
CGGTCGGGACTCATCG,2
CGGTCGTGACTCATCT,2
CGGTTCAGACTCTTGC,2
CGTACAGCGTAATCGA,2
CGTACAGTGTAATAGA,2
CGTACAGTGTAATCGT,2
CGTACAGTTTAATCGA,2
CGTACGTATGTCCCAA,2
CGTCCAGCGATAACGG,2
CGTGACCCCCTCCATC,2
CGTGGACCCTTCAGCA,2
CGTGGGAATTGCCACT,2
CGTGTACCCTGCAGCA,2
CGTGTACCCTTCAGGA,2
CGTGTACTCTTCAGCA,2
CGTGTTGAATAGGCGA,2
CGTTAACGGCCTATCA,2
CGTTACCCCCTCCAAC,2
CGTTCAGCGATAACGA,2
CGTTGATGCATTCCCG,2
CGTTGGGGTCTCCCTT,2
CGTTTTTGGTTCGGGG,2
CTAACCGCAGACACGT,2
CTAAGCTGCCAATAAG,2
CTAATGTAAGTATCAA,2
CTAATTCAAGTATCAA,2
CTAATTTAAGTACCAA,2
CTAATTTAAGTATCAG,2
CTACCACAGCGTAGGC,2
CTACTCCACGGACGCC,2
CTAGCAAAGCGTAGGC,2
CTAGCACAACGTAGGC,2
CTAGCACAGCGTTGGC,2
CTAGCACATCGTAGGC,2
CTAGCGCAGCGTAGGC,2
CTAGTACAGCGTAGGC,2
CTATAAACCGTTTGCA,2
CTATAAACCGTTTTTA,2
CTATAAACCTTTTGTA,2
CTATACCTGCAGTTGA,2
CTATACTGCCCGGAAG,2
CTATATGGCCCGGAAG,2
CTATATTAATCTACAG,2
CTATATTGACCGGAAG,2
CTATATTGCCCGGAAT,2
CTATATTGCCCGGAGG,2
CTATATTGCCCGGATG,2
CTATATTGCCTGGAAG,2
CTATATTGCTCGGAAG,2
CTATCCTAATCTACAG,2
CTATCTTAATATACAG,2
CTATCTTAATCTACAT,2
CTATTTAACAGAAGTA,2
CTATTTAACAGACGTG,2
CTATTTAACAGACGTT,2
CTATTTAACAGAGGTA,2
CTATTTAACATACGTA,2
CTATTTAACGGACGTA,2
CTCAAATAATCGGCGC,2
CTCAAATAATTGGAGC,2
CTCAAATAATTGGCTC,2
CTCAAATAATTGGTGC,2
CTCAGGTATTATATGC,2
CTCCGGCTCTTGATTA,2
CTCCTAGGGGACAATT,2
CTCCTAGGGGACTATT,2
CTCGATGTCGTAGGAT,2
CTCTTACGATCCTACG,2
CTCTTCTAGTACGCTT,2
CTGAACCTCGTTGTCT,2
CTGAACCTGTCGATAT,2
CTGAACGTATCTGTGG,2
CTGAACTTGTAGATAT,2
CTGAACTTGTCGGTAT,2
CTGAACTTGTTGATAT,2
CTGAAGTTATCTGTGG,2
CTGACAGAATACTAGA,2
CTGAGCTGCCAATAAC,2
CTGAGCTGCCAATAAT,2
CTGAGCTGCCAATGAG,2
CTGAGCTGCCAGTAAG,2
CTGAGCTGCCCATAAG,2
CTGAGGGATTAAACTC,2
CTGAGGTATTCAACTC,2
CTGGAACATACATAAC,2
CTGGACCTGCAGTTGA,2
CTGGACTTATCTGTGG,2
CTGGAGGACTGGCCCC,2
CTGGAGGCCTGACCCC,2
CTGGAGGCCTGGCACC,2
CTGGATGCCTGGCCCC,2
CTGGCACAGCGTAGGC,2
CTGTACATGCAGTTGA,2
CTGTACCTGAAGTTGA,2
CTGTACCTGCAGGTGA,2
CTGTACCTGCAGTTTA,2
CTGTACCTGCATTTGA,2
CTGTACCTGCGGTTGA,2
CTGTAGGCCTGGCCCC,2
CTGTATCAGTCGCGCC,2
CTTACAGAAGACTAGA,2
CTTACAGAATAATAGA,2
CTTACAGAATACTATA,2
CTTACTGCGCAAGAGT,2
CTTACTGCGCGAGAAT,2
CTTAGGGATTCAACTC,2
CTTAGGGCTACGTGAG,2
CTTAGGTAGTATATGC,2
CTTAGGTATCATATGC,2
CTTAGGTATTACATGA,2
CTTAGGTATTATACGC,2
CTTAGGTATTGTATGC,2
CTTAGGTGTTATATGC,2
CTTATAGAATACTAGA,2
CTTATGTATTACATGC,2
CTTCGGATCTTGATTA,2
CTTCGGCTCCTGATTA,2
CTTCGGCTCGTGATTA,2
CTTCGGCTCTTAATTA,2
CTTCTGCTCTTGATTA,2
CTTTAAATTAGAGTCT,2
CTTTAAATTATAGTCA,2
CTTTGAATTATAGTCT,2
CTTTTCTAGTAAGCTT,2
CTTTTCTAGTACGCCT,2
CTTTTCTAGTGCGCTT,2
GAAAAAGCCTCCATGA,2
GAAACGAGGTGTAACC,2
GAAAGACCCGTGCAAT,2
GAAAGCCCAGTGCAAT,2
GAAAGCCCCATGCAAT,2
GAAAGCCCCGTTCAAT,2
GAAAGTCACTATGATG,2
GAAAGTCCCGTGCAAT,2
GAAAGTCCCTAAGATG,2
GAAAGTCCCTATGACG,2
GAAAGTCCCTATGATT,2
GAAAGTTCCTATGATG,2
GAAATACCCAAATAAC,2
GAAATCCCAAAATAAC,2
GAAATCGCCAAATAAC,2
GAAATCTCCAAATAAC,2
GAAATGCTGCTGAAGT,2
GAACGTGATTTCTCGA,2
GAAGAAACTATAACGA,2
GAAGAAACTATGACCA,2
GAAGCTCTTTTCGTTC,2
GAAGGGATGGGCACGT,2
GAAGGGTAGAGATACG,2
GAAGTACACTGAATGA,2
GAAGTACGCTGAATGG,2
GAAGTACGCTGAGTGA,2
GAAGTGCGTATGGAGT,2
GAAGTGCGTATTGGGT,2
GAAGTGCTGCTGAACT,2
GAATAATATAACAGAG,2
GACAAAAGGGACAGAT,2
GACCACTTGTAAGATG,2
GACCCCTTTTAAGATG,2
GACGGCGTTAGTGTCA,2
GACGGGAATTGCCACT,2
GACGGGATGGGAACGT,2
GACGGGATGTGCACGT,2
GACGGGCTAATGTCTC,2
GACGGTATGGGCACGT,2
GACGTGATGGGCACGT,2
GACTTTGCGCGCAGTC,2
GAGAAGACTTTGTGAT,2
GAGAGCGGCAGAAGCG,2
GAGAGCTGCAGAAGGG,2
GAGAGCTGCAGAGGCG,2
GAGAGCTGCAGATGCG,2
GAGAGCTGCATAAGCG,2
GAGAGCTGCCAATAAG,2
GAGAGCTTCAGAAGCG,2
GAGCGGTAGAGATACG,2
GAGCTGATAGTAACTC,2
GAGCTTGATATGGATC,2
GAGCTTGTTATGGATC,2
GAGGGATAGAGATACG,2
GAGGGATTGGAGAAAC,2
GAGGGCTAGAGATACG,2
GAGGGGAACGGGAAGC,2
GAGGGGACACGTCACC,2
GAGGGGATACGTCAAC,2
GAGGGGATACGTTACC,2
GAGGGGATACTTCACC,2
GAGGGGATGGGCACGT,2
GAGGGGTAAAGATACG,2
GAGGGGTAGAAATACG,2
GAGGGTATACGTCACC,2
GAGGTGATACGTCACC,2
GAGGTGCGTATTGAGT,2
GATCCTGGGGAGAGTC,2
GATCGCAATCGACTTC,2
GATCGCCACCGACTTC,2
GATCGCCACTGATAAT,2
GATCGCCACTGGTAAG,2
GATCGCCAGCGACTTC,2
GATCGCCATCGACCTC,2
GATCGCCATGGACTTC,2
GATCGTGGGGAGAGTC,2
GATCTAGGGGAGAGTC,2
GATCTTGCTATGGATC,2
GATCTTGGAGAGAGTC,2
GATCTTGGGGAGAGGC,2
GATCTTGGGGATAGTC,2
GATCTTGGGTAGAGTC,2
GATTAAGAGAAGGGCG,2
GATTAAGAGAAGTGCG,2
GATTAAGATGCCCACC,2
GATTCCGATGCCCACC,2
GCAAACAATGTAGTTG,2
GCAAACAGCGTAGTTG,2
GCAAACAGTGTAGTGG,2
GCAAACATTGTAGTTG,2
GCAAAGTTTCATAGCG,2
GCAACGAGCTGTAACC,2
GCAACGAGGTTTAACC,2
GCAACGATGTGTAACC,2
GCAACTAGGTGTAACC,2
GCAAGCAAAGTTGACC,2
GCAATAGTCCTAGCAA,2
GCACCCAGTTCCTGCG,2
GCAGACAGTGTAGTTG,2
GCAGCGTGACGGTCAT,2
GCAGCGTGCAGGTCAT,2
GCAGCGTGCCTGTCAT,2
GCAGCGTGCTGGTCAT,2
GCAGCGTTCCGGTCAT,2
GCAGCTGCGGCGTGTG,2
GCAGTGTGCCGGTCAT,2
GCATAGAACTAACTCC,2
GCATCCTCAACTACTA,2
GCATCCTCGACTCCTA,2
GCATCTTCAACTCCTA,2
GCATGAAACTAACTCC,2
GCATGGAACTAACCCC,2
GCATGGAACTAGCTCC,2
GCATGGGACTAACTCC,2
GCCAGCTCGTATCACT,2
GCCAGCTTGTATCCCT,2
GCCATTTACGGAAGGG,2
GCCATTTACTGGAGGG,2
GCCCCCGGAGCTTGGC,2
GCCGGCGTCAGTGTCA,2
GCCTAAAGGACCATGA,2
GCCTTCGCGCGCAGTC,2
GCCTTTGCGAGCAGTC,2
GCCTTTGCGCACAGTC,2
GCCTTTGCGCGCAGTA,2
GCCTTTGCGCGCAGTT,2
GCCTTTGCGCGCATTC,2
GCGAAGTTTCATAGCA,2
GCGAGCTCGTATCCCT,2
GCGTCCATTAAGATCA,2
GCGTGGAACTAACTCC,2
GCTAGCTCGTATCCCT,2
GGAAGCCCCGTGCAAT,2
GGACCCAGGGGATGCG,2
GGAGCTAAAAAGAGGA,2
GGAGTGCGTATTGAGT,2
GGCACAGAACCCATGC,2
GGCTGGGGTCTCCCTT,2
GGGCCATCTCAGATCG,2
GGGGGGATACGTCACC,2
GGGTGGACGGGCATGG,2
GGTAAACATGCATTGG,2
GGTCCATATCAGATCG,2
GGTCCATCTCAAATCG,2
GGTCCATCTCAGGTCG,2
GGTCCATTTCAGATCG,2
GGTTAACTTTGGAAGA,2
GGTTCAGCGATAACGG,2
GTAACTGAGGGCATTG,2
GTAAGCAAAATTGACC,2
GTAAGCAAAGTTGAGC,2
GTAAGCAAATTTGACC,2
GTAAGCGAGAAAAGCA,2
GTAAGCTTGGCGCATC,2
GTAATCTTCATGGAGT,2
GTACAAAGCTGCAAAT,2
GTACCCAGTTCCTTCG,2
GTACCCATTTCCTGCG,2
GTACCGAGTTCCTGCG,2
GTACGATTGTCCGGAA,2
GTAGAAACTATAACCA,2
GTAGAATCGCAAATTA,2
GTAGAATTGCGGCCCC,2
GTAGACACTAGGACCA,2
GTAGATACTAAGACCA,2
GTAGATACTGGGACCA,2
GTAGCATCCTGGAATG,2
GTAGGCAAAGTTGACC,2
GTATATACTAGGACCA,2
GTATCTTAATCTACAG,2
GTCAAGTTACCGATGG,2
GTCAAGTTACGGATAG,2
GTCAAGTTACGGATGT,2
GTCAAGTTACGGATTG,2
GTCAAGTTACGGGTGG,2
GTCAAGTTACGTATGG,2
GTCAAGTTACTGATGG,2
GTCAAGTTATGGATGG,2
GTCAATTTACGGATGG,2
GTCATTTACTGAAGGG,2
GTCGAGTTACGGATGG,2
GTCGCACCCTGGAATG,2
GTCGCATCATGGAATG,2
GTCGCATCCTGGAATA,2
GTCGCATCCTGGAATT,2
GTCGCATCCTGGGATG,2
GTGAACGAGAAAAGCA,2
GTGAATCCTAGTGACG,2
GTGAGAGAGAAAAGCA,2
GTGAGCGAGAAAAGTA,2
GTGAGCGAGAAAATCA,2
GTGAGCGAGAGAAGCA,2
GTGAGCGAGGAAAGCA,2
GTGAGTGAGAAAAGCA,2
GTGCAATTGTCCGGAA,2
GTGCATCCTAGTGACC,2
GTGCCCAGTTCCTGCG,2
GTGCGATTGGCCGGAA,2
GTGCGGTTGTCCGGAA,2
GTGCTATTGTCCGGAA,2
GTGGATACTAGGACCA,2
GTGGGATCAAGCCGGG,2
GTGGGATTGTCCGGAA,2
GTGGGCGAGAAAAGCA,2
GTGGGGTAGAGATACG,2
GTGGTAGCAAGCCGGG,2
GTGGTATCAAGCCGGA,2
GTGGTATCGAGCCGGG,2
GTGGTTTTACGTCCAT,2
GTGTATCCTAGTGACG,2
GTTATTATGACCTCAT,2
GTTATTATGACTCCAT,2
GTTATTATGACTGCAT,2
GTTATTATGACTTCGT,2
GTTATTATGGCTTCAT,2
GTTATTATTACTTCAT,2
GTTGCTCCGACACGCT,2
GTTGCTCCGACACGTC,2
GTTGCTCCTACACGCC,2
GTTGCTCTGACACGCC,2
TAAAAAGCCGCCATGA,2
TAAAAAGCCTACATGA,2
TAAAAAGTCTCCATGA,2
TAAAGCCCCGTGCAAT,2
TAAAGTCCCTATGATG,2
TAAATCGGGGGCTAAA,2
TAACCTGCAAGCCACT,2
TAACGAATTTGATTCC,2
TAACGTGATTTATCGA,2
TAACGTGATTTCTGGA,2
TAACGTGATTTCTTGA,2
TAATAAGAGAAGTGCG,2
TAATAAGCCAGCAAGG,2
TAATAAGCCAGCAATA,2
TAATAAGCCAGCGAGA,2
TAATAAGCCGGCAAGA,2
TAATAATGCCGTTGTC,2
TAATGAGCCAGCAAGA,2
TACAAAAGGGACATAT,2
TACAAGAGATGGGTCC,2
TACATAACGACGCAGT,2
TACATACCGACACAGT,2
TACATACCGACGTAGT,2
TACATACCGACTCAGT,2
TACATACCTACGCAGT,2
TACCAATGTCGTTTGA,2
TACCCAGCAAGCCACT,2
TACCCGGCAAGCCACT,2
TACCCTGCAAGCCACA,2
TACCCTGCAAGCCGCT,2
TACCCTGCAAGTCACT,2
TACCGATAACCCTGCG,2
TACCTACGAGACGTAA,2
TACCTTGCAAGCCACT,2
TACGGTTCCGACTAAG,2
TACTAAGAGAAGTGCG,2
TACTAATAACCCTGCG,2
TACTAATGACGTTGTC,2
TACTAATGCAGTTGTC,2
TACTAATGCCATTGTC,2
TACTAATGCCGTTGCC,2
TACTAATGCCGTTGGC,2
TACTAATGCCGTTTTC,2
TACTAATGCTGTTGTC,2
TACTAGAAATAAAATC,2
TACTAGATGTACAGTC,2
TACTCATAACCCTGCG,2
TACTGATAAACCTGCG,2
TACTGATAACCATGCG,2
TACTGATAACCCGGCG,2
TACTGCGCGGCTCGGG,2
TAGAATCGTCACCAAT,2
TAGATAGTGATGAACA,2
TAGATTACTAGCCGGA,2
TAGCATCGTCGGAAAG,2
TAGCATTCTCGGAAAG,2
TAGCATTGTCGGAAAC,2
TAGCATTGTCGGAACG,2
TAGCATTGTCGGAACT,2
TAGCTGATAGTAACGC,2
TAGCTTATAGTAACTC,2
TATACAGAGTTTGTTG,2
TATATTAGTAAAATAA,2
TATCACGCAGAAAAAG,2
TATCTGATAGTAACTC,2
TATCTTGGGGAGAGTC,2
TATGTCGTACCCACAG,2
TATGTCGTATCCACAA,2
TATGTCGTATCCATAG,2
TATGTCGTATCCGCAG,2
TATGTTAGTAACATAA,2
TATTAAGAGAAGTTCG,2
TATTAAGAGAGGTGCG,2
TATTAAGATAAGTGCG,2
TATTAATGCCGTTGTC,2
TATTACTAACTAGCGA,2
TATTCAGATGCCCACC,2
TATTCCTAACTAGAGA,2
TATTCCTAACTATCGA,2
TATTGACATAGCGATG,2
TCAATCCCAGCCTTTA,2
TCAATCGGGGGCGAAA,2
TCAATCGGGGGGTAAA,2
TCACGAATTTGATTCC,2
TCATCCGTTGGGAACT,2
TCATGACATAGCGATG,2
TCATGAGTGTACGAGA,2
TCATGGGTTTACGAGA,2
TCATGGTTGTACGAGA,2
TCCAGCGCAGTAAGAG,2
TCCAGCGCGGTAAGAT,2
TCCAGCGCGGTACGAG,2
TCCAGGGCGGTAAGAG,2
TCCATTTACTGAAGGG,2
TCCGAATGAATCATCC,2
TCCGCTGCGGCGTGTG,2
TCCGGAAACGATCCCC,2
TCCGGCGTTAGTGTCA,2
TCCTTACCACTGCATC,2
TCGAACGAAGAAGGAG,2
TCGAACGAAGGAGGAG,2
TCGAACGAAGTAGGAA,2
TCGAACGAAGTAGGAT,2
TCGAGTTAATATGAGC,2
TCGAGTTAATATGCAC,2
TCGAGTTAATATGCTC,2
TCGAGTTAATATTCGC,2
TCGATTACTAGCAGGA,2
TCGATTACTAGGCGGA,2
TCGCAATTGAAACATA,2
TCGCCCGTTGGGAACT,2
TCGCTTCAACTAAAAT,2
TCGCTTCAGCTAAAAA,2
TCGGACGAAGTAGGAG,2
TCGTAGAGTGAACGAT,2
TCGTCAGTTGGGAACT,2
TCGTCCGTCGGGAACT,2
TCGTCCGTGGGGAACT,2
TCGTCCGTTGGGAACG,2
TCGTCGCACTACCGCT,2
TCGTCGCACTACTGAT,2
TCGTCGCACTACTGCA,2
TCGTCGCACTACTTCT,2
TCGTTACCACTGCATC,2
TCGTTCGTTGGGAACT,2
TCGTTGCACTAATGCT,2
TCGTTGCACTACTTCT,2
TCGTTGCACTGCTGCT,2
TCGTTGTACTACTGCT,2
TCTAACTCTTGCGGCA,2
TCTAGTTAATATGCGC,2
TCTCAGCGTTGTTTTG,2
TCTCAGCTCTTATCCG,2
TCTGGAAAAGATCCCC,2
TCTGGAAACGATACCC,2
TCTGGAAACGATCCAC,2
TCTGGAAACGATCCCT,2
TCTTACTAGGCGGCAT,2
TCTTAGAGTGAACGGT,2
TCTTAGAGTGAACTAT,2
TCTTAGAGTGAGCGAT,2
TCTTAGAGTGGACGAT,2
TCTTAGCCCTCGTATG,2
TCTTAGTCCGCGTATG,2
TCTTAGTCCTCATATG,2
TCTTAGTCCTCGGATG,2
TCTTAGTCCTCGTAAG,2
TCTTAGTCCTCGTACG,2
TCTTAGTCCTTGTATG,2
TCTTATTAGGCAGCAT,2
TCTTATTATGCGGCAT,2
TCTTGAAATAGCGATG,2
TCTTGACAGAGCGATG,2
TCTTGACATAGCAATG,2
TCTTGACATATCGATG,2
TCTTTACCACTGCATT,2
TGACAACAGTACAAAT,2
TGACAACATTACAAAT,2
TGACAACGATACAAAT,2
TGAGTTCATAGCTCCG,2
TGAGTTCATGGCTCCA,2
TGATCCCAGGTCCTTT,2
TGATCTGCGACATTGC,2
TGATCTGTGACATTGA,2
TGATCTGTTACATTGC,2
TGATCTTTACGAAAAA,2
TGATCTTTCACATTTA,2
TGATCTTTTACATGTA,2
TGATCTTTTACATTTG,2
TGCAATAGGCGTCACA,2
TGCAGTGGTATACAGA,2
TGCAGTGGTATACATG,2
TGCCAATGTCATTTGA,2
TGCGGGCTAATGTCTC,2
TGCGGTGATCGATCCG,2
TGCGGTGGCCGATCCG,2
TGCGGTGGGCGAGCCG,2
TGCGGTGGGCGATCCG,2
TGCGTTGGTCGATCCG,2
TGCTAATGCCGTTGTC,2
TGCTATCCCGGCGCGG,2
TGCTATTCCGGCGCGA,2
TGCTATTCCGGTGCGG,2
TGCTATTCCGTCGCGG,2
TGCTGAGCCAGTCTGA,2
TGGAATCGTCACAGAT,2
TGGACTATAGTTGGCA,2
TGGCCAGGGAATCAAA,2
TGGGATCGTCACCAAT,2
TGGTCCGCTTTATGCT,2
TGGTCGCACTACTGCT,2
TGGTCTGCTTCATGCT,2
TGTAATAGGCGCCACA,2
TGTAATAGGCGTCAAA,2
TGTAATAGGCGTCACC,2
TGTAGTAGGCGTCACA,2
TGTAGTGGTATACATA,2
TGTCAGGATAAAGTAG,2
TGTCCGGACAAAGTAG,2
TGTCCGTATAAAGTAG,2
TGTGATAGGCGTCACA,2
TGTGGAGCCAGTCTGA,2
TGTGGAGCGCCATTAC,2
TGTGGAGCGCCCTTAA,2
TGTTAAGAGAAGTGCG,2
TGTTAGAGTGAACGAT,2
TGTTATTCCGGCGCGG,2
TGTTGACATAGCGATG,2
TGTTGAGCCAATCTGA,2
TGTTGAGCCAGCCTGA,2
TGTTGAGCCAGTTTGA,2
TGTTTAGCCAGTCTGA,2
TTAATGCAGCCGCTCC,2
TTAATGTAGACGCTCC,2
TTAATGTATCCGCTCC,2
TTAATTTAAGTATCAA,2
TTACGAATTGGATTCC,2
TTACGAATTTGATTGC,2
TTACGAGTTTGATTCC,2
TTACGGATTTGATTCC,2
TTACTAATTTGATTCC,2
TTAGCACAGCGTAGGC,2
TTAGGCACTAAATTAA,2
TTATAAGCCAGCAAGA,2
TTATCTATAGAGCGCT,2
TTATCTGTAGAGCCCT,2
TTATCTGTAGAGCGCG,2
TTATCTGTAGCGCGCT,2
TTATCTGTGGAGCGCT,2
TTATCTTTTACATTTA,2
TTCACCAAGTTGGTGC,2
TTCAGCGCGGTAAGAG,2
TTCATCAAGTTGATGC,2
TTCATCAAGTTGGTAC,2
TTCATCAAGTTGGTGG,2
TTCATCAAGTTGGTTC,2
TTCCGTCCAGACTCGT,2
TTCGCATCCTGGAATG,2
TTCGTCAAGTTGGTGC,2
TTCTGCCCAGACTCGT,2
TTCTGTCCAGACCCGT,2
TTCTGTCCAGACTCGG,2
TTCTGTCCAGGCTCGT,2
TTGAAAAAATCATAGA,2
TTGAAAGAATCATAAA,2
TTGAACGAAGTAGGAG,2
TTGACTCAACGAATAA,2
TTGAGGAACGGGAAGC,2
TTGCAATTAAAACATA,2
TTGCAATTGAGACATA,2
TTGCGAATTTGATTCC,2
TTGCGATTGAAACATA,2
TTGCTCCTGAATAGTA,2
TTGCTCCTGAGTAATA,2
TTGCTCCTGAGTGGTA,2
TTGCTCCTGGGTAGTA,2
TTGGCCCACGGGCATA,2
TTGGGAAACGGGAAGC,2
TTGGGAACTAAATTAA,2
TTGGGATTGGAGAAAC,2
TTGGGGAACGCGAAGC,2
TTGGGGAACGGGAACT,2
TTGGGGAACGGGAAGG,2
TTGGGGAGCGGGAAGC,2
TTGGGTACTAAATTAA,2
TTGGTCACTAAATTAA,2
TTGTACCTGCAGTTGA,2
TTGTATCAGTAGCACC,2
TTGTATCAGTATCGCC,2
TTGTATCAGTCGCGAC,2
TTGTATCAGTCGCGTC,2
TTGTATCAGTTGCGCC,2
TTGTCCGCTTCATGCT,2
TTGTCCGTTGGGAACT,2
TTTAACAGAACCTATC,2
TTTAACTCTCGCGGCA,2
TTTAGTGATACTCACA,2
TTTATATCCAAAACCA,2
TTTATATCCAACAACA,2
TTTATATCTAACACCA,2
TTTCAACGTTGTTTTG,2
TTTCAATTGAAACATA,2
TTTCACAGAAACTATC,2
TTTCACAGAACCTATA,2
TTTCACATAACCTATC,2
TTTCAGCATTGTTTTG,2
TTTCAGCGTGGTTTTG,2
TTTCAGCGTTGTTCTG,2
TTTCAGCGTTTTTTTG,2
TTTCGTGATACTCACT,2
TTTCGTGATACTCATA,2
TTTCGTGATGCTCACA,2
TTTGGTGATACTCACA,2
TTTTAGCGTTGTTTTG,2
TTTTATTAGGCGGCAT,2
TTTTGTCCAGACTCGT,2
AAAAAACTTATGACAA,1
AAAAAATGTATGACAA,1
AAAAAATTCATGACAA,1
AAAAAATTTACGACAA,1
AAAAAATTTATGGCAA,1
AAAAAATTTTTGACAA,1
AAAAATCTACGGCGAC,1
AAAAATTTTATGACAA,1
AAAACCATAAGACCCC,1
AAAACGTAGAACCGCC,1
AAAAGTCCCTATGATG,1
AAACATCAGCACCTAG,1
AAACCCATAAGACCGC,1
AAACCCATAAGACTCC,1
AAACCCATAAGATCCC,1
AAACCCATATGACCCC,1
AAACCCATCAGACCCC,1
AAACCCATGAGACCCT,1
AAACCCTTAAGACCCC,1
AAACGCTGGCACCCGT,1
AAAGAAACAATCGAAC,1
AAAGACCTTGAACTCT,1
AAAGACCTTTAACTCA,1
AAAGATCTTTAACTCT,1
AAAGATCTTTTCGTTC,1
AAAGCAGCAGAGGATT,1
AAAGCCATAAGACCCC,1
AAAGCCCTTTTCGTTC,1
AAAGCGAGCATGTCAA,1
AAAGCTCCTTTCGTTC,1
AAAGCTCGTTTCGTTC,1
AAAGCTCTAGAGCTCT,1
AAAGCTCTGTTCGTTC,1
AAAGCTCTTTTCGCTC,1
AAAGCTCTTTTCGTCC,1
AAAGCTCTTTTTGTTC,1
AAAGCTTTTTTCGTTC,1
AAAGGAACGCCTTCAA,1
AAAGGAGCAGAGGATT,1
AAAGGATATATGGCTG,1
AAAGGCGCGACTTAAA,1
AAAGGCGCGCCTTCGA,1
AAAGGCGCGCCTTGAA,1
AAAGGCGCGTCTTCAA,1
AAAGGTTTAATAGACG,1
AAAGTAACAGAGGATT,1
AAAGTACGATCTACGC,1
AAAGTAGCGGAGGATT,1
AAAGTGCGTATTGAGT,1
AAAGTGCTGCTGAAGT,1
AAATAAGCCAGCAAGA,1
AAATCCATAAGACCCC,1
AAATGTTGAATAGACG,1
AAATGTTTAACAGACG,1
AAATGTTTAATAGACA,1
AAATGTTTAATAGATG,1
AAATGTTTAATAGGCG,1
AAATGTTTAATGGACG,1
AAATGTTTAGTAGACG,1
AAATGTTTTATAGACG,1
AAATTCACAATATACA,1
AAATTCACAATATCAA,1
AAATTCACAATATCCT,1
AAATTCCCTGACTGCT,1
AAATTCGCAATATCCA,1
AACAACAAACAGTAAG,1
AACAAGAGAGGGGTCC,1
AACACATAGAACCGCC,1
AACACGTAGAACAGCC,1
AACACGTAGAACCGTC,1
AACACGTAGAACGGCC,1
AACAGAAGCCCATGTA,1
AACAGAATTCCATGTA,1
AACAGGATAATCGCGC,1
AACAGGTAGAACCGCC,1
AACCACACCAGAGATG,1
AACCACCCAAGAGATG,1
AACCACCCAGTGACCG,1
AACCACCCCAGAGAGG,1
AACCACCCCGGAGATG,1
AACCACCCTAGAGATG,1
AACCACCGAGAGACCG,1
AACCACCGAGTGACAA,1
AACCACCTCAGAGATG,1
AACCATCGAGTGACCG,1
AACCCACGAGACGTAA,1
AACCCCGGAGCTTGGC,1
AACCGATTTAAAGGCA,1
AACCGCGCCGAGCACC,1
AACCTACGAGAAGTAA,1
AACCTACGAGACATAA,1
AACCTACGAGACTTAA,1
AACCTACGAGGCGTAA,1
AACCTACGGGACGTAA,1
AACCTACTAGACGTAA,1
AACCTAGGAGACGTAA,1
AACCTCCCTGACTGCT,1
AACCTGAGAGACGTAA,1
AACCTGCTGCGGAACG,1
AACCTTACCGCGTTTA,1
AACGAAACAATCGAAC,1
AACGACAAACAGAAAG,1
AACGACAAACAGTAAA,1
AACGACAAACAGTATG,1
AACGACAATCAGTAAG,1
AACGACCGAGTGACCG,1
AACGAGAAACAGTAAG,1
AACGATTCCGACTAAG,1
AACGGCAAACAGTAAG,1
AACGGTTCACGAATAA,1
AACGGTTCCCACTAAG,1
AACGGTTCCGACCAAG,1
AACGGTTCCGACTAAC,1
AACGGTTCCGATTAAG,1
AACGGTTCCGCCTAAG,1
AACGGTTCCGGCTAAG,1
AACGGTTGCGACTAAG,1
AACGGTTTCGACTAAG,1
AACGTACGAGACGTAA,1
AACTAGATGTACAGTC,1
AACTAGCAATAAAATC,1
AACTCCCCTGACTGCT,1
AACTCCTGGGGTATCA,1
AACTGATAACCCTGCG,1
AACTGCGCGGCTCGGG,1
AACTGCGGTCATCGAT,1
AACTGCGTTCATCGGT,1
AACTGCGTTTATCGAT,1
AACTGCTTTCATCGAT,1
AACTGTTCCGACTAAG,1
AACTTCCATGACTGCT,1
AACTTCCCCGACTGCT,1
AACTTCCCTCACTGCT,1
AACTTCCCTGAATGCT,1
AACTTCCCTGACCGCT,1
AACTTCCCTGACTCCT,1
AACTTCCCTGACTGCG,1
AACTTCCCTGACTGGT,1
AACTTCCCTGATTGCT,1
AACTTCCGTAGCCTGA,1
AACTTCCGTCGCCTAA,1
AACTTCCGTCTCCTGA,1
AACTTCCGTGACTGCT,1
AACTTCCTTCGCCTGA,1
AAGAACACTTTGTGAT,1
AAGAAGAATTTGTGAT,1
AAGAAGACTTCGTGAT,1
AAGAAGACTTTGTGAG,1
AAGAAGACTTTGTGGT,1
AAGAAGACTTTGTGTT,1
AAGAAGACTTTGTTAT,1
AAGAAGCCATAGAAGT,1
AAGAAGCTAGAGAAGT,1
AAGAAGCTATAAAAGT,1
AAGAAGCTATAGAAAT,1
AAGAAGCTATAGAAGC,1
AAGAAGCTATAGGAGT,1
AAGAAGTCTTTGTGAT,1
AAGATAAGAGAAAGTT,1
AAGATAATATAGAGAC,1
AAGATAGTGATGAACA,1
AAGATGGAGGGAAGTG,1
AAGATTGACTGAAGTT,1
AAGATTGAGTGAAGTT,1
AAGATTGATTGAAGGT,1
AAGATTGATTGAAGTG,1
AAGATTGATTGAGGTT,1
AAGATTGATTGGAGTT,1
AAGCAGTGATGTGATT,1
AAGCATTGTCGGAAAG,1
AAGCCCAGCGAGTGAT,1
AAGCCCAGCGGGTCAT,1
AAGCCCAGCGGGTTAT,1
AAGCCCAGCTGGTGAT,1
AAGCCCGGCGGGTGAT,1
AAGCCCGTAAGGACTA,1
AAGCCTAGCGGGTGAT,1
AAGCGATGATGTGATT,1
AAGCGGTGATGCGATT,1
AAGCGGTGATGTAATT,1
AAGCGGTGATGTGATG,1
AAGCGGTGGTGTGATT,1
AAGCGGTTATGTGATT,1
AAGCGTTGATGTGATT,1
AAGCTGTGATGTGATT,1
AAGGAAACAATCGAAC,1
AAGGACAAACAGTAAG,1
AAGGAGACTTTGTGAT,1
AAGGAGTGGGAATGGG,1
AAGGCCCCTATGTAAT,1
AAGGGAAGAGAAAGTT,1
AAGGGGACGGTGTGAG,1
AAGGGGAGAGAAAGGT,1
AAGGGGATTGGCTGTT,1
AAGGGGCATCATAATG,1
AAGGGGCCTAATAATG,1
AAGGGGCCTCACAATG,1
AAGGGGCCTCAGAATG,1
AAGGGGCCTCATAAGG,1
AAGGGGCCTCATAATA,1
AAGGGGCCTCATGATG,1
AAGGGGTCTCATAATG,1
AAGGGTTCCGACTAAG,1
AAGGTACCTATGTAAT,1
AAGGTCACTATGTAAT,1
AAGGTCCCCATGTAAT,1
AAGGTCCCTACGTAAT,1
AAGGTCCCTATGGAAT,1
AAGGTCCCTATGTAAG,1
AAGGTCCCTATGTGAT,1
AAGGTCCCTATTTAAT,1
AAGGTCCCTGTGTAAT,1
AAGGTTCCTATGTAAT,1
AAGTATGATTTTCGAG,1
AAGTATGGCTACACAT,1
AAGTATTGCGACACAT,1
AAGTATTGCTAAACAT,1
AAGTATTGCTACACAG,1
AAGTATTGCTACATAT,1
AAGTATTGCTATACAT,1
AAGTATTGTTACACAT,1
AAGTATTTCTACACAT,1
AAGTCAAGAGAAAGTT,1
AAGTCCATTAAGATCA,1
AAGTGGGGAGGGGATG,1
AAGTGGTGATGTGATT,1
AAGTGTTTAATAGACG,1
AAGTTAAGAGAAAGGT,1
AAGTTAAGAGAAAGTC,1
AAGTTAAGAGAAAGTG,1
AAGTTAAGGGAAAGTT,1
AAGTTACGAGAAAGTT,1
AAGTTAGTAGAACCAC,1
AAGTTAGTAGACACAA,1
AAGTTAGTAGACCAAC,1
AAGTTAGTAGACCCAT,1
AAGTTAGTATACCCAC,1
AAGTTATGAGAAAGTT,1
AAGTTGAGAGAAAGTT,1
AAGTTGGTAGACCCAC,1
AATAAATTTATGACAA,1
AATACGTAGAACCGCC,1
AATCGCTGGCACCCGA,1
AATCGCTGGCACCTGT,1
AATCGCTGGCACGCGT,1
AATCGCTGGGACCCGT,1
AATCGCTGTTACCCGT,1
AATGAAACAAACGAAC,1
AATGAAACAAGCGAAC,1
AATGAAACAATAACCA,1
AATGAAACAATCAAAC,1
AATGAAACAATCGACC,1
AATGAAACAATCGGAC,1
AATGAAACAATCGTAC,1
AATGAAACAGTCGAAC,1
AATGAAACGATCGAAC,1
AATGAAGCAATCGAAC,1
AATGAGACAATCGAAC,1
AATGCGAGCACGTCAA,1
AATGCGAGCATCTCAA,1
AATGCGAGCATGTCAT,1
AATGCGAGCATGTCTA,1
AATGCGAGCATGTGAA,1
AATGCGAGGATGTCAA,1
AATGCGAGTATGTCAA,1
AATGCGATCATGTCAA,1
AATGCGGGCATGTCAA,1
AATGCGTGAGGACTAG,1
AATGCGTGCATGTCAA,1
AATGGCTGGCACCCGT,1
AATGGGAGCATGTCAA,1
AATGTCCCTATGTAAT,1
AATGTTGAATAGGCGA,1
AATTAAATTCGAGGAC,1
AATTAAGAGAAGTGCG,1
AATTATTGCTACACAT,1
AATTCGTGAGCACTAG,1
AATTCGTGAGTACGAG,1
AATTCGTGAGTGCTAG,1
AATTGAACGTAATACC,1
AATTGCTGGCACCCGT,1
AATTTAAGAGAAAGTT,1
AATTTCCCTGACTGCT,1
ACAAAGGCTCGAGAAG,1
ACAAAGTCCCGAGAAG,1
ACAAAGTCTCGAGAAT,1
ACAAAGTCTCGAGAGG,1
ACAAAGTCTCGGGAAG,1
ACAAAGTTTCGAGAAG,1
ACAAGAGTCGGGGGAC,1
ACAAGATTCGAGGGAC,1
ACAAGATTCGGAGGAC,1
ACAAGATTCGGGAGAC,1
ACAAGATTCGGGCGAC,1
ACAAGATTCGGGGAAC,1
ACAAGATTCGGGGCAC,1
ACAAGATTCGGGTGAC,1
ACAAGATTCGTGGGAC,1
ACAAGATTCTGGGGAC,1
ACAAGATTGGCGCATC,1
ACAAGATTGGGGGGAC,1
ACAAGCTTGGCGCAGC,1
ACAAGGGTGTACGAGA,1
ACAATCCGAACCATAC,1
ACAATCTAAACCATAC,1
ACAATCTGAACAATAC,1
ACAATCTGAACCATCC,1
ACAATCTGAACCGTAC,1
ACAATCTGAACGATAC,1
ACAATCTGAATCATAC,1
ACAATTTGAACCATAC,1
ACACACGAGGTTGTGA,1
ACACCGGTTGGCTGTA,1
ACACGAGTTGGCTGTA,1
ACACGGATTGACTGTA,1
ACACGGATTGGCTATA,1
ACACGGATTGGCTGCA,1
ACACGGATTGGCTGTG,1
ACACGGATTGGCTGTT,1
ACACGGGCTGGCTGTA,1
ACACGGGGTGGCTGTA,1
ACACGGGTTCGCTGTA,1
ACACGGGTTGGCTCTA,1
ACACGGGTTGGCTGTT,1
ACACGGTTTGGCTGTA,1
ACACGTGTTGGCTGTA,1
ACACTTTCCAATAGGT,1
ACAGAATCGCAAATTA,1
ACAGCACGATCTACGC,1
ACAGGCCACCATTGAG,1
ACAGGGGTTGGCTGTA,1
ACAGTACGATCCACGC,1
ACAGTACGATTTACGC,1
ACAGTCCACCACTGAG,1
ACAGTCCACCAGTGAG,1
ACAGTCCACCATAGCG,1
ACAGTCCACCATCGAT,1
ACAGTCCACCATTGAA,1
ACAGTCCACCATTGAC,1
ACAGTCCACCATTGTG,1
ACAGTCCACCGTTGAG,1
ACAGTCCGCCATTGAG,1
ACAGTGCGATCTACGC,1
ACAGTTTCCAATAGGT,1
ACATAAAAAACTTAGT,1
ACATCTTCCAATAGGT,1
ACATGTTCCAATAGGT,1
ACATTTTCCAACAGGT,1
ACATTTTCCAATAGAT,1
ACATTTTCCAATAGGA,1
ACATTTTCCAGTAGGT,1
ACATTTTTCAATAGGT,1
ACCAATTCACGAATAA,1
ACCACACCCCTAGCTA,1
ACCAGAAGTTGCCAAG,1
ACCAGCAATGAGCTGT,1
ACCAGCAATGAGTAGT,1
ACCAGCAATGAGTTAT,1
ACCAGCAATGAGTTCT,1
ACCAGCAATGATTTGT,1
ACCAGCAGGGAGGGGG,1
ACCAGCGCGGCTCGGG,1
ACCAGGAATGAGTTGT,1
ACCCCAGGAGCTTGGC,1
ACCCCCGCAGCTTGGC,1
ACCCCCGGAGCGTGGC,1
ACCCCCGGAGCTTGGG,1
ACCCCCGGATCTTGGC,1
ACCCGCGGAGCTTGGC,1
ACCGAAAGAATCATCC,1
ACCGAACGAATCATCC,1
ACCGAAGGAATCATCC,1
ACCGAATAAATCATCC,1
ACCGAATGAAACATCC,1
ACCGAATGAATCATTC,1
ACCGAATGAATGATCC,1
ACCGAATGAATTATCC,1
ACCGAATGTATCATCC,1
ACCGACTCACGAATAA,1
ACCGAGTCACGAATAA,1
ACCGATCCACGAATAA,1
ACCGATTCACCAATAA,1
ACCGATTCACGAATAT,1
ACCGATTTACGAATAA,1
ACCGGAAGGTGCCAAG,1
ACCGGAAGTCGCCAAG,1
ACCGGAATTTGCCAAG,1
ACCGGTTCCGACTAAG,1
ACCGTGGTACACACCA,1
ACCGTTGTACACAACA,1
ACCGTTGTACACACAA,1
ACCGTTGTACACACCG,1
ACCTAAAGGATCATGA,1
ACCTATTCACGAATAA,1
ACCTGAAGTTGCCAAG,1
ACCTGCACGGCTCGGG,1
ACCTTTGTACACACCA,1
ACGACGAGGCTACGTA,1
ACGAGATTCGGGGGAC,1
ACGAGTTAATATGCGC,1
ACGATCTGAACCATAC,1
ACGCAAACAGACCGAA,1
ACGCTTCAACTAAAAA,1
ACGGAATGAATCATCC,1
ACGGATGATTTTCGAG,1
ACGGGATTGGAGAAAC,1
ACGGGATTGGAGAAAT,1
ACGGGGAGTGGCTGTG,1
ACGGGGATTAGCTGTT,1
ACGGGGATTGGATGTT,1
ACGGGGATTGGCTATT,1
ACGGGGATTGGCTGCT,1
ACGGGGATTGGCTGGT,1
ACGGGGATTGGCTGTA,1
ACGGGGATTGGCTTTT,1
ACGGGGATTGGTTGTT,1
ACGGGGATTGTCTGTT,1
ACGGGGGTTGGCTGTT,1
ACGGGGTTTGGCTGTT,1
ACGGTACGATCTACGC,1
ACGGTCCACCATTGAG,1
ACGGTCTAGAAATTTT,1
ACGGTGATTGGCTGTT,1
ACGTACGATTTTCGAG,1
ACGTATCATTTTCGAG,1
ACGTATCTCCGAGCAA,1
ACGTATGATTATCGAG,1
ACGTATGATTTTCCAG,1
ACGTATGATTTTCGAC,1
ACGTCAATTAAGATCA,1
ACGTCCATTAAAATCA,1
ACGTCCATTACGATCA,1
ACGTCCATTTAGATCA,1
ACGTGATGCATTCCCG,1
ACGTGCGCGGCTCGGG,1
ACGTGTCACCGAGCAA,1
ACGTGTCTCCGACCAA,1
ACGTGTCTCCGAGGAA,1
ACGTGTCTGCGAGCAA,1
ACGTGTCTTCGAGCAA,1
ACTACGAGCCTACGTA,1
ACTACGAGGCCACGTA,1
ACTACGAGGCGACGTA,1
ACTACGAGGCTACGTG,1
ACTACGGGGCTACGTA,1
ACTACTAGGCTACGTA,1
ACTCAAATAGACCGAA,1
ACTCGTTTAGATAGTT,1
ACTCTAGCTCGCTAAT,1
ACTCTCTAGAAATTTT,1
ACTCTGGCCCGCTAAT,1
ACTCTGGCTAGCTAAT,1
ACTCTGGCTCCCTAAT,1
ACTCTGGCTCGCCAAT,1
ACTCTGGCTCGCTAAG,1
ACTCTGGCTCGCTAGT,1
ACTCTGGCTCGGTAAT,1
ACTCTGGCTCTCTAAT,1
ACTGAATGAATCATCC,1
ACTGGAAACGATCCCC,1
ACTGTCAAGAAATTTT,1
ACTGTCGAGAAATGGT,1
ACTGTCTAAAAATTTT,1
ACTGTCTAGAAATCTT,1
ACTGTCTAGAAATTCT,1
ACTGTCTAGAAATTTG,1
ACTTAAATTCGAGGAC,1
ACTTTTTATAACTTGC,1
AGAAAACATTACAAAT,1
AGAAAAGAAACTGGAG,1
AGAAAAGCTCAGATAC,1
AGAAAATCACAGATAC,1
AGAAAATCTCACATAC,1
AGAAAATCTCAGATCG,1
AGAAACACGTCCCAGT,1
AGAAAGTCTCGAGAAG,1
AGAACATCGCACCCAA,1
AGAACTAAAAAGAGGA,1
AGAAGATTCGGGGGAC,1
AGAATATAACAGATAG,1
AGAATCTGAACCATAC,1
AGACAACAATACAAAT,1
AGACACGAGGTTGTGA,1
AGACACGCAGGGGCCA,1
AGACCATCGCACACAA,1
AGACCATCGCACCAAA,1
AGACCATCGCACCTAG,1
AGACCATCTCACCCAA,1
AGACCCACCCTATAGT,1
AGACCCGTAAGGACTA,1
AGACCGCCAGTTTCAT,1
AGACCGCCAGTTTCGC,1
AGACCGCCATTTTCGT,1
AGACCTCCAGTTTCGT,1
AGACGATCGCACCCAA,1
AGAGACATCGCCCTTT,1
AGAGCATCGCACCCAA,1
AGAGCGAAAAAGAGGA,1
AGAGCTAAAAATAGGA,1
AGAGCTAAAAGGAGGA,1
AGAGCTAAGAAGAGGA,1
AGAGGATAGATGGCTG,1
AGAGGCGCGCCTTCAA,1
AGAGTACGATCTACGC,1
AGAGTCCACCATTGAG,1
AGAGTTCATAGCTCCA,1
AGAGTTGAATAGGCGA,1
AGATAAAAAACTTAGT,1
AGATCCACCATATAGT,1
AGATCCACCCCATAGT,1
AGATCCACCCTATATT,1
AGATCCACCCTGTAGT,1
AGATCCAGCCTATAGT,1
AGATCCCAGATCCTTT,1
AGATCCCAGGTCCGGT,1
AGATCCCAGGTCCGTT,1
AGATCCCAGGTCCTAT,1
AGATCCCAGGTCCTCT,1
AGATCCCAGGTCTTTT,1
AGATCCCAGGTGCTTT,1
AGATCCGCCCTATAGT,1
AGATCCGGGGGGGGGG,1
AGATCGCAGGTCCTTT,1
AGATCGCCAGTTTCGT,1
AGATGAATTAAGTATG,1
AGATGCCAGGTCCTTT,1
AGATTCACAATATCCA,1
AGATTTTCCAATAGGT,1
AGCAAAGGGATATGTG,1
AGCAACTAACAGATAG,1
AGCACCTAACAGATAG,1
AGCACCTGGGGTATCA,1
AGCAGCATTGGTCGCC,1
AGCAGCGAACAGATAG,1
AGCAGCTAACAGATAG,1
AGCATAGAGATATGGG,1
AGCATAGCGATATGTG,1
AGCATAGGAATATGTG,1
AGCATAGGGACATGTG,1
AGCATAGGGATACGTG,1
AGCATAGGGATATATG,1
AGCATCCAACAGATAG,1
AGCATCGAACAGATAG,1
AGCATCTAAAAGATAG,1
AGCATCTAACACATAG,1
AGCATCTAACAGATAA,1
AGCATCTAACAGATTG,1
AGCATCTAACAGGTAG,1
AGCATCTAACCGACAG,1
AGCATGTAACAGATAG,1
AGCCAATGCTGGGGAT,1
AGCCCATGCCGGGGAT,1
AGCCCATGCCGGTCAT,1
AGCCCATGCTAGGGAT,1
AGCCCATGCTGGGGAG,1
AGCCCATGCTGGGGTT,1
AGCCCATGCTGTGGAT,1
AGCCCATGTTGGGGAT,1
AGCCCATTCTGGGTAT,1
AGCCGAATTAAGTATG,1
AGCGAATGAATCATCC,1
AGCGACATCGCCCCTT,1
AGCGACATCGCCCTGT,1
AGCGCCTGGGGTATCA,1
AGCGGCGAACAGGGAG,1
AGCGTCTAACAGATAG,1
AGCTAAATTAAGTATG,1
AGCTATTCCGGCGCGG,1
AGCTCATGCTGGGGAT,1
AGCTCCGGGGGTATCA,1
AGCTCCTAGGGTATCA,1
AGCTCCTCGGGTATCA,1
AGCTCCTGAGGTATCA,1
AGCTCCTGGAGTATCA,1
AGCTCCTGGGATATCA,1
AGCTCCTGGGGTAGCA,1
AGCTCCTGGGGTATTA,1
AGCTCCTGGGGTGTCA,1
AGCTGAATTAAGTACG,1
AGCTGAATTGAGTATG,1
AGCTGGGGTCTCCCTT,1
AGCTTCTGGGGTATCA,1
AGGAAAAAAACTGGAG,1
AGGAAAGAAACCGGAG,1
AGGAAAGAAACTGAAG,1
AGGAAAGAAACTGGTG,1
AGGAAAGAAACTGTAG,1
AGGAAAGAGAATGGAG,1
AGGAAAGAGACTGGAG,1
AGGAAATCTCAGATAC,1
AGGAAGCTATAGAAGT,1
AGGACGATAGTTGGCA,1
AGGACTATAGCTGGCA,1
AGGACTATAGGCATGG,1
AGGACTATAGTAGGCA,1
AGGACTATAGTTGCCA,1
AGGACTATAGTTTGCA,1
AGGAGAGAAACTGGAG,1
AGGAGATTATAACGGA,1
AGGAGCATGAAGAGCG,1
AGGAGTAAGAAGAGCG,1
AGGAGTACGAAGAGCG,1
AGGAGTATAGTTGGCA,1
AGGAGTATGAAAAGCA,1
AGGAGTATGAAGAGCT,1
AGGAGTATGAAGATCA,1
AGGAGTATGAAGTGCG,1
AGGAGTATGAATAGCG,1
AGGAGTGTGAAGAGCG,1
AGGATTATAGTTGGCA,1
AGGATTATGAAGAGCG,1
AGGCCAGGGAATCAAA,1
AGGCCATCGCACCCAA,1
AGGCCCGTAAGGACCA,1
AGGCCCGTAAGGACTG,1
AGGCCCGTAAGGATTA,1
AGGCCCGTACGGACTA,1
AGGCCCTTAAGGACTA,1
AGGCCGAAGGGGGGAG,1
AGGCTCGTAAGGACTA,1
AGGGCTATAGTTGGCA,1
AGGGGGAGGAAGAGCG,1
AGGGGGATACGTCACC,1
AGGGGTAGGAAGGGCG,1
AGGGTTGAAGAGGCGA,1
AGGTACAGACTCTTGC,1
AGGTATGATTTTCGAG,1
AGGTCCACCCTATAGT,1
AGGTCCATTAAGATCA,1
AGGTCCCAGGTCCTTT,1
AGGTCCGCTTCATGCT,1
AGGTGCAGATTCGTGC,1
AGGTGGAAGGGCATGG,1
AGGTGGACAGGCATGG,1
AGGTGGACGGGCACGG,1
AGGTGGACGGGCACGT,1
AGGTGGACGGGCAGGG,1
AGGTGGACGGGCATGA,1
AGGTGGTCGGGCATGG,1
AGGTGTCTCCGAGCAA,1
AGGTTAGTAGACCCAC,1
AGGTTCAGAATCTTGC,1
AGGTTCAGACCCTTGC,1
AGGTTCAGACTCTTGG,1
AGGTTCAGAGTCTTGC,1
AGGTTCAGATTCTTGC,1
AGGTTCAGTCTCTTGC,1
AGTAAACATGCAGTGG,1
AGTAAACATGCATCGG,1
AGTAAACATGCATGGG,1
AGTAAACATGCATTGT,1
AGTAAACATGCATTTA,1
AGTAAACATGCGTTGG,1
AGTAAACATGGATTGG,1
AGTAAACGTGCATTGG,1
AGTACGAGGCTACGTA,1
AGTAGGGCTACGTGAG,1
AGTAGTATGAAGAGCG,1
AGTATAGGGATAGGTG,1
AGTATAGGGATATGTG,1
AGTATTGGCTTGGTTA,1
AGTATTTGAGCTTCAA,1
AGTATTTGCCCTTCAA,1
AGTATTTGCGCTCCAA,1
AGTATTTGCGCTGCAA,1
AGTATTTGCGCTTCGA,1
AGTATTTGCGCTTTAA,1
AGTATTTGGGCTTCAA,1
AGTATTTTCGCTTCAA,1
AGTCATTTAGATAGTT,1
AGTCCCATCCTCAAAT,1
AGTCCCGTAAGGACTA,1
AGTCCTATCCTCGAAT,1
AGTCGGGGTCTCCCTT,1
AGTCGTTGAGAGAGTT,1
AGTCGTTGAGATAGGT,1
AGTCGTTGAGATAGTT,1
AGTCGTTTAGAGAGTT,1
AGTCGTTTAGATAGTC,1
AGTCGTTTAGATGGGT,1
AGTCGTTTAGATGGTA,1
AGTCGTTTGGATAGTT,1
AGTGAAACAATCGAAC,1
AGTGCGAGCATGTCAA,1
AGTGCTGAATAGGCGA,1
AGTGGTGAATAGGCGA,1
AGTGGTGGCTTGGGGA,1
AGTGTCGTATCCACAG,1
AGTGTCTAGAAATTTT,1
AGTGTGGAATAGGCGA,1
AGTGTGTATAACGTGC,1
AGTGTTAAATAGGCGA,1
AGTGTTGAATAGACGA,1
AGTGTTGAATAGGCGG,1
AGTGTTGAATAGGCGT,1
AGTGTTGAATAGGCTA,1
AGTGTTGGCATGGTTA,1
AGTGTTGGCTTTGTTA,1
AGTGTTGGTTTGGTTA,1
AGTTACATAGGCATGG,1
AGTTCCATAGGAATGG,1
AGTTCCATATGCATGG,1
AGTTGAGGTCTCCCTT,1
AGTTGGAGTCTCCCTT,1
AGTTGGGCCAGTCTGA,1
AGTTGGGGGCGCCCTT,1
AGTTGGGGGCTCCCGT,1
AGTTGGGGGCTCCCTT,1
AGTTGGGGTCGCCCTT,1
AGTTGGGGTCTCCATC,1
AGTTGGGGTCTCCCCC,1
AGTTGGGGTCTCCTTT,1
AGTTGGGGTCTTCCTT,1
AGTTGGGGTGTCCCTT,1
AGTTTTGGCTTGGTTA,1
AGTTTTTATAACTTAC,1
AGTTTTTATAACTTGG,1
ATAAACGCATGTGCCA,1
ATAAAGTCTGTGCAAA,1
ATAAAGTTTGTGCAAA,1
ATAAATGAGGGCATTG,1
ATAACCGAGGGCATTG,1
ATAACGGTTGGGCAAA,1
ATAACGTGGGTGAAAA,1
ATAACGTTCGTGCAAA,1
ATAACGTTTGCGCAAA,1
ATAACGTTTGTGAAAA,1
ATAACGTTTTTGCAAA,1
ATAACTGAAGGCATTG,1
ATAACTGAGGACATTG,1
ATAACTGAGGCCATTG,1
ATAACTGAGTGCATTG,1
ATACACACATGTGCCA,1
ATACACGAATGTGCCA,1
ATACACGAGGTTGTGT,1
ATACACGAGTTTGTGA,1
ATACACGCACGTGCCA,1
ATACACGCAGGGGCCA,1
ATACACGCATATGCCA,1
ATACACGCATGTCCCA,1
ATACACGCATGTGCCC,1
ATACACGCATGTGCTA,1
ATACACGCATTTGCCA,1
ATACACGGGGTTGTGA,1
ATACACGTGGTTGTGA,1
ATACAGGAGGTTGTGA,1
ATACGGGTTGGCTGTA,1
ATAGAAAAAACTTAGT,1
ATAGAAAATTATACGC,1
ATAGAAAATTATCCAC,1
ATAGAATAGCAAATTA,1
ATAGAATCGAAAATTA,1
ATAGAATCGCAAATAA,1
ATAGAATCGCAAATCA,1
ATAGAATCGCAAATTG,1
ATAGAATCGCAAGTTA,1
ATAGAATCGCAGATTA,1
ATAGACGCATGTGCCA,1
ATAGAGGCCTGGCCCC,1
ATAGAGTCGCAAATTA,1
ATAGATACTAGGACCA,1
ATAGCGTTTGTGCAAA,1
ATAGCTAAAAAGAGGA,1
ATAGCTCTTTTCGTTC,1
ATAGGATATATGCCTG,1
ATAGGATATATGGCTA,1
ATAGGATATATGGCTT,1
ATAGGATATATGGTTG,1
ATAGGATATCTGGCTG,1
ATAGGATCGCAAATTA,1
ATAGGATGTATGGCTG,1
ATAGGCGCGCCTTCAA,1
ATATAAAAAACGGAGT,1
ATATAAAAAACTCAGT,1
ATATAAAAAACTTACT,1
ATATAAAAAACTTAGA,1
ATATAAAAAACTTAGC,1
ATATAAATTATAGTCT,1
ATATAAATTCGAGGAC,1
ATATAATCGCAAATTA,1
ATATACGCATGTGCCA,1
ATATAGAAAACTTAGT,1
ATATCCACCCTATAGT,1
ATATCTTAATCTACAG,1
ATATGAAAAACTTAGT,1
ATATGATATATGGCTG,1
ATATTTTCCAATAGGT,1
ATCAGGACAATCGCGC,1
ATCAGGATAATCCCGC,1
ATCAGGATAATCGCCC,1
ATCAGGATAATCGCGT,1
ATCAGGATAATCGTGC,1
ATCAGGATAGTCGCGC,1
ATCATAGTGATATGTG,1
ATCATCATATCTAATA,1
ATCCAATTTAAAGGCA,1
ATCCCGAATGGGGTAG,1
ATCCGATTTAAAGACA,1
ATCCGATTTAAAGGCG,1
ATCCGATTTAAAGGTA,1
ATCCGATTTAAAGTCA,1
ATCCTATTTAAAGGCA,1
ATCGAATGAATCATCC,1
ATCGCATCCTGGAATG,1
ATCGCCGCTAATCCGA,1
ATCGGTTCCGACTAAG,1
ATCGTTGTACACACCA,1
ATCTAAAAAACTTAGT,1
ATCTCCTGGTGTATCA,1
ATCTGAATTAAGTATG,1
ATCTGTCCAGACTCGT,1
ATGAAAAAATCATAAA,1
ATGACTATAGTTGGCA,1
ATGAGATTGGAGAAAC,1
ATGAGGGCTACGTGAG,1
ATGAGTATGAAGAGCG,1
ATGCACGCATGTGCCA,1
ATGCCCCACGGGCATA,1
ATGCGATTGGAGAAAC,1
ATGCGGTGATGTGATT,1
ATGGAATCGCAAATTA,1
ATGGACCACGGGCATA,1
ATGGCATTGGAGAAAC,1
ATGGCCAACGGGCATA,1
ATGGCCCACCGGCATA,1
ATGGCCCACGGACATA,1
ATGGCCCACGGGCACA,1
ATGGCCCACGGGCATT,1
ATGGGACAAGATTGTA,1
ATGGGATAGGAGAAAC,1
ATGGGATCGGAGAAAC,1
ATGGGATTCGAGAAAC,1
ATGGGATTGGAGATAC,1
ATGGGATTTGAGAAAC,1
ATGGGGATTGGCTGTT,1
ATGGGGCCTCATAATG,1
ATGGGGTAGAGATACG,1
ATGGGGTTGGAGAAAC,1
ATGGGTTTGGAGAAAC,1
ATGGTATCAAGCCGGG,1
ATGGTCCACGGGCATA,1
ATGGTCTTACGTCCAT,1
ATGGTGTTACGTCCAT,1
ATGGTTTTAAGTCCAT,1
ATGGTTTTACGACCAT,1
ATGGTTTTACGTACAT,1
ATGGTTTTACGTCAAT,1
ATGGTTTTACGTCCAA,1
ATGGTTTTACTTCCAT,1
ATGTAAATTCGAGGAC,1
ATGTGATTGGAGAAAC,1
ATTAAACATGCATTGG,1
ATTACAGAATACTAGA,1
ATTACCATATCTAATA,1
ATTACGTTTGTGCAAA,1
ATTACTGCGCGAGAGT,1
ATTAGATCATAACGTA,1
ATTAGATTAGAACGTA,1
ATTAGATTATAACGTT,1
ATTAGATTATGACGTA,1
ATTAGGATAATCGCGC,1
ATTAGGCCTACGTGAG,1
ATTAGGGCCACGTGAG,1
ATTAGGGCTACCTGAG,1
ATTAGGGCTACGTGAA,1
ATTAGGGCTACTTGAG,1
ATTAGGGCTGCGTGAG,1
ATTATCATATATAATA,1
ATTATCATATCCAATA,1
ATTATCATATCTAACA,1
ATTATCATATTTAATA,1
ATTATCATGTCCAATA,1
ATTATCATGTCTAATA,1
ATTATTATGACTTCAT,1
ATTCACAGAACCTATC,1
ATTCAGCGTTGTTTTG,1
ATTCCCAATGGGGTAG,1
ATTCCGAATCGGGTAG,1
ATTCCGAATGAGGTAG,1
ATTCCGAATGCGGTAG,1
ATTCCGAATGGCGTAG,1
ATTCCGAATGGGGCAG,1
ATTCCGAATGGGGTAT,1
ATTCCGAATTGGGTAG,1
ATTCGCTGGCACCCGT,1
ATTCTTCTATGGCTAC,1
ATTGAAATTCGAGGAC,1
ATTGTCATATCTAATA,1
ATTGTTGAATAGGCGA,1
ATTTAAATCCGAGGAC,1
ATTTAAATTCAAGGAC,1
ATTTAAATTCGAAGAC,1
ATTTAAATTCGAGCAC,1
ATTTAAATTCGAGGAG,1
ATTTAAATTCGTGGAC,1
ATTTAAATTGGAGGAC,1
ATTTAATCATTATACG,1
ATTTACTCATTATACA,1
ATTTACTCATTATACT,1
ATTTACTCATTGTACG,1
ATTTAGATTCGAGGAC,1
ATTTCCATAGGCATGG,1
ATTTTCTAGTACGCTT,1
ATTTTTATATGGCTAC,1
ATTTTTCTAAGGCTAC,1
ATTTTTCTATGACTAC,1
ATTTTTCTATGGCCAC,1
ATTTTTCTATGGCGAC,1
ATTTTTCTATGGCTAA,1
ATTTTTCTATGGCTTC,1
ATTTTTCTATGGGTAC,1
ATTTTTCTATGGTTAC,1
ATTTTTCTATGTCTAC,1
ATTTTTCTATTGCTAC,1
CAAAAACATTACAAAT,1
CAAAAAGCCTCCATGA,1
CAAAACACGTCCCAGT,1
CAAAACCAGCACGATA,1
CAAAAGAAGCACGATA,1
CAAAAGCAGAACGATA,1
CAAAAGCAGCACAATA,1
CAAAAGCAGCACGATG,1
CAAAAGCAGTACGATA,1
CAAAAGCGGCACGATA,1
CAAAATCTACGGAGAC,1
CAAAATCTACGGCGAT,1
CAAAATCTACGGTGAC,1
CAAAATCTAGGGCGAC,1
CAAAATCTATGGCGAC,1
CAAACGCTGCATTAGG,1
CAAAGACAATAAAAAA,1
CAAATACTGCATTAGG,1
CAAATAGAAATACATA,1
CAAATGCTGCACTAGG,1
CAAATGCTGCAGTAGG,1
CAAATGCTGCATTAGA,1
CAAATGCTGCATTTGA,1
CAAATGCTGCTTTAGG,1
CAACTAGAAATACATA,1
CAAGAGCAGCACGATA,1
CAAGCTCTAGAGCTCT,1
CAAGGCCGGCGAACTC,1
CAAGTAGAAATACAGA,1
CAATAGTTGTCATGGG,1
CAATTAGAAATACATT,1
CAATTAGAAATAGATA,1
CAATTCGCCGTCCCCC,1
CAATTCGCCGTTCCAC,1
CAATTCGCCGTTCCCA,1
CAATTGGAAATACATA,1
CACAAATCTTCGAACT,1
CACAATCAGCACCTAG,1
CACAGCGCCGAGCACC,1
CACAGGCAATAAAAAA,1
CACAGGCTAATGTCTC,1
CACCAATCTTCAAACT,1
CACCAATCTTCTAACT,1
CACCATCAGCAACTAG,1
CACCATCAGCACCGAG,1
CACCATCAGCACCTAC,1
CACCATCAGCACCTAT,1
CACCATCAGCACGTAG,1
CACCATCAGTACCTAG,1
CACCATCATCACCTAG,1
CACCATGAGCACCTAG,1
CACCATTAGCACCTAG,1
CACCGCGCCGAACACC,1
CACCGCGCCGAGCACA,1
CACCGCGCCGAGCGCC,1
CACCGCGCCTAGCACC,1
CACCGCGCGGAGCACC,1
CACCGTCAGCACCTAG,1
CACCTAGGAGCGCACT,1
CACCTAGGATAGCACT,1
CACCTAGGATCCCACT,1
CACCTAGGATCGCACG,1
CACCTAGTATCGCACT,1
CACCTATGATCGCACT,1
CACCTCCTCTAAAGTT,1
CACCTGGGATCGCACT,1
CACGCTCTAGAGCTCT,1
CACGGCAGGCGAACTC,1
CACGGCCGGAGAACTC,1
CACGGCCGGCGAAATC,1
CACGGCCGGCGAACCC,1
CACGGCCGGCGAACTG,1
CACGGCCGGCGAAGTC,1
CACGGCCGGCGAGCTC,1
CACGGCCGGCGGACTC,1
CACGGCCGGGGAACTC,1
CACGGCCGGTGAACTC,1
CACGGCCTGCGAACTC,1
CACGGCTGGCGAACTC,1
CACGGGCTAAGGTCTC,1
CACGGGCTAATATCTC,1
CACGGGCTGATGTCTC,1
CACGGGGTAATGTCTC,1
CACGGTCGGCGAACTC,1
CACGTGCTAATGTCTC,1
CACTAGAGGTACAGTC,1
CACTAGATGGACAGTC,1
CACTAGATGTACACTC,1
CACTAGATGTACAGTT,1
CACTGATAACCCTGCG,1
CACTGGATGTACAGTC,1
CACTGGCTAATGTCTC,1
CAGAAAAGACTGTAGA,1
CAGAACCTCGCTGTCT,1
CAGAACCTCGTCGTCT,1
CAGAACCTCGTGGTCT,1
CAGAACCTCGTTGACC,1
CAGAACCTCGTTGTCG,1
CAGACAGAGTTTGTTG,1
CAGACTCTAGAGCTCT,1
CAGAGAAGATAGAGAC,1
CAGAGAGTGATGAACA,1
CAGAGCTGCCAATAAG,1
CAGATAATATAGAGAA,1
CAGATAGTGATGAAGA,1
CAGATAGTGATGATCA,1
CAGATAGTGATGGACA,1
CAGATAGTGGTGAACA,1
CAGATAGTTATGAACA,1
CAGATTGTGATGAACA,1
CAGCATTGTCGGAAAG,1
CAGGAATCTCCCATAC,1
CAGGAGGCCTGGCCCC,1
CAGGCCCTAGAGCTCT,1
CAGGCGCGAGAGCTCT,1
CAGGCTCAAGAGCTCT,1
CAGGCTCTAGAGCCCT,1
CAGGCTCTAGAGCTGT,1
CAGGCTCTAGAGGTCT,1
CAGGCTCTAGAGTTCT,1
CAGGCTCTCTAGCTCT,1
CAGGCTTTAGAGCTCT,1
CAGGGAGACGCGCAAG,1
CAGGGGCTAATGTCTC,1
CAGGGGGAGCCCAACA,1
CAGGTAATATAGAGAC,1
CAGTAGTTGGCAGGGG,1
CAGTAGTTGTCATGAG,1
CAGTAGTTGTCATGCG,1
CAGTAGTTGTCGTGGG,1
CAGTCTCTAGAGCTCT,1
CATAAAATACTGTATA,1
CATAACCTCAGATCAC,1
CATACACAGTTTGTTG,1
CATACAGACTTTGTTG,1
CATACAGAGGTTGTTG,1
CATACAGAGTCTGTTG,1
CATACAGAGTGTGTTG,1
CATACAGAGTTTCTTG,1
CATACAGAGTTTGCTG,1
CATACAGAGTTTGGTG,1
CATACAGTGTAATCGA,1
CATACATAGTTTGTTG,1
CATACTCACGGAGGAT,1
CATAGAGACGCGCAAG,1
CATAGGAATTGCCACT,1
CATATAATATAGAGAC,1
CATATAGAGTTTGTTG,1
CATCATCAGCACCTAG,1
CATCCAAGGGACGGAC,1
CATCTCTGATGAATTG,1
CATGACCCCCTCCAAC,1
CATGCAGAGTTTGTTG,1
CATGCGAATTCGCCCA,1
CATGCGGAGCCCAACA,1
CATGGCAATTGCCACT,1
CATGGGAAGTGCCACT,1
CATGGGAATCGCCACT,1
CATGGGAATTCCCACT,1
CATGGGAATTGCAAAT,1
CATGGGAATTGCGACT,1
CATGGGCTAATGTCTC,1
CATGTCGAGCCCAACA,1
CATGTGAAGCCCAACA,1
CATGTGAAGGCGCCCA,1
CATGTGAATTCACCCA,1
CATGTGAATTCGACCA,1
CATGTGGAGCCCAAAA,1
CATGTGGAGCCCAAAT,1
CATGTGGAGCCCATCA,1
CATGTGGATCCCAACA,1
CATTAAGACGCGCAAG,1
CATTCCTGATGAATTG,1
CATTGAGACCCGCAAG,1
CATTGAGACGCGCAAA,1
CATTGAGACGCGCATC,1
CATTGAGACGCGGAAG,1
CATTGAGATGCGCAAG,1
CATTGAGCCAGTCTGA,1
CATTGATACGCGCAAG,1
CATTTAGACGCGCAAG,1
CATTTCTGACGAATTG,1
CATTTCTGATCAATTG,1
CATTTCTGATGAAGTG,1
CATTTCTGATGAGTTG,1
CATTTGGAGCCCAACA,1
CCAACACAAAAAACTA,1
CCAACACAAAAAAGTA,1
CCAACACAAAAAATCA,1
CCAACACAAAAGATTA,1
CCAACACAAAGAATTA,1
CCAACGCAAAAAATTA,1
CCAAGATTCGGGGGAC,1
CCAAGCGTGGCGCATC,1
CCAAGCTAGGCGCATC,1
CCAAGCTTGGCGCAGC,1
CCAAGCTTGGCGCTTC,1
CCAAGCTTGGCGTATC,1
CCAAGCTTGGGGCATC,1
CCAAGCTTTGCGCATC,1
CCACGCACGTTTAGAG,1
CCAGATAAATCAGAAC,1
CCAGTCCACCATTGAG,1
CCATTTAACAGACGTA,1
CCATTTACGGATCTCT,1
CCCAAATAATTGGCGC,1
CCCAGCAATGAGTTGT,1
CCCAGCTCGTATCCCT,1
CCCCCACTGTTTAAAA,1
CCCCCCGCGGCTCGGG,1
CCCCCGCTGCTTAGAA,1
CCCCCGCTGTTTAAAT,1
CCCCCTCTGTTTAAAA,1
CCCCTAGAAATACATA,1
CCCCTAGGGGACGATT,1
CCCCTCCCCTAAAGTT,1
CCCCTCCGCTAAAGTT,1
CCCCTCCTATAAAGTT,1
CCCCTCCTCCAAAGTT,1
CCCCTCCTCTAAAGCT,1
CCCCTCCTCTAAAGGT,1
CCCCTCCTCTAAAGTA,1
CCCCTTACGGATCTCT,1
CCCGAATGAATCATCC,1
CCCGACACCCTTCCGG,1
CCCGATAAATCAGAAC,1
CCCGCGCTGTTTAAAA,1
CCCTATGAAATAAGGT,1
CCCTATGAAATAGGCT,1
CCCTATGAAATGAGCT,1
CCCTATGAAGTAAGCT,1
CCCTCCTCAGGGGTAA,1
CCCTGCGCAGCTCGGG,1
CCCTGCGCGGATCAGG,1
CCCTGCGCGGATCGAT,1
CCCTGCGCGGCTAAGG,1
CCCTGCGCGGCTGGGG,1
CCCTGCGCGGGTCGGG,1
CCCTTCACGGATCTCT,1
CCCTTCGCGGCTCTGG,1
CCCTTCTCAAAACATA,1
CCCTTTAAGGATCTCT,1
CCCTTTACGAATCTCT,1
CCCTTTACGGATCTCC,1
CCCTTTACGGGTCTCT,1
CCCTTTACGTATCTCT,1
CCCTTTGAAATAAGCT,1
CCCTTTGCGCGCAGTC,1
CCCTTTGCGGATCTCT,1
CCGAATAAATCAGAAC,1
CCGACCCTAGATGGTA,1
CCGAGCTTGGCGCATC,1
CCGCAAATAGACCGAA,1
CCGCACACGTTTAGAG,1
CCGCATAAATCAGAAC,1
CCGCATTAGCGGGAAG,1
CCGCATTAGCGGTAGG,1
CCGCATTAGCTGGAGG,1
CCGCGCACTTTTAGAG,1
CCGGAGAAATCAGAAC,1
CCGGATAAACCAGAAC,1
CCGGATAAATCACAAC,1
CCGGATAAATCAGAAG,1
CCGGATAAATCATAAC,1
CCGGATAAATCGGAAC,1
CCGGATAAATGAGAAC,1
CCGGATAAGTCAGAAC,1
CCGGGACAAGATTGTA,1
CCGTATGAAATAAGCT,1
CCGTCGGGACTCATCT,1
CCTACAGTGTAATCGA,1
CCTAGGTTAAGTTGTG,1
CCTCGCACGTTTAGAG,1
CCTCTCTCAAAACATA,1
CCTGAGTTAAGTTGTG,1
CCTGGAAACGATCCCC,1
CCTGGGGTAAGTGGTG,1
CCTGGGTCAAGTTGTG,1
CCTGGGTGAAGTTGTG,1
CCTGGGTTAAATTGTG,1
CCTGGGTTAGGTTGTG,1
CCTGTGTTAATTTGTG,1
CCTTAAATTATAGTCT,1
CCTTAACGGCCTATCC,1
CCTTGAAGCATTCCCG,1
CCTTGATGCAGTCCCG,1
CCTTGATGCATACCCG,1
CCTTGATGCATGCCCG,1
CCTTGATGCATTCGCG,1
CCTTGATGCATTCTCG,1
CCTTGATGCATTGCCG,1
CCTTGCGCGGCTCGGG,1
CCTTTACCACTGCATC,1
CCTTTCCCAAAACATA,1
CCTTTCGCAAAACATA,1
CCTTTCTCAGAACATA,1
CGAAAACACTACAAAT,1
CGAAAACAGGAAAGGG,1
CGAAAACAGTACAAAT,1
CGAAAACATGACAAAT,1
CGAAAACATTACAAAC,1
CGAAAACATTACATAT,1
CGAAAACATTACGAAT,1
CGAAAACATTATAAAT,1
CGAAAACATTGCAAAT,1
CGAAAACGTTACAAAT,1
CGAAACAAGTCCCAGT,1
CGAAACACATCCCAGT,1
CGAAACACGTCACAGT,1
CGAAACACGTCCCACT,1
CGAAACACGTCCCAGG,1
CGAAACACGTCCCATT,1
CGAAATCTACGGCGAC,1
CGAACACAAAAAATTA,1
CGAACCGCAGACAAGT,1
CGAACCGCAGACACCT,1
CGAACCGCAGACACGA,1
CGAACCGCAGACACGG,1
CGAACCGCAGACATGT,1
CGAACCGCAGACGCGT,1
CGAACCGCAGGCACGT,1
CGAACCGCATACACGT,1
CGAACCGCGGACACGT,1
CGAACCGTAGACACGT,1
CGAACCTCAGACACGT,1
CGAACGGCAGACACGT,1
CGAAGACATTACAAAT,1
CGAAGCACGTCCCAGT,1
CGAAGCATTGGTCGCC,1
CGAATGCTGCATTAGG,1
CGAATTTAAGTAGCAA,1
CGACGCCACGGACGCC,1
CGACTACACGGACGCC,1
CGACTCAACGGACGCC,1
CGACTCCACAGACGCC,1
CGACTCCACGAACGCC,1
CGACTCCACGGACACC,1
CGACTCCACGGACGTC,1
CGACTCCACGTACGCC,1
CGACTCCACTGACGCC,1
CGACTCCAGGGACGCC,1
CGACTCTACGGACGCC,1
CGAGAATCTCCCATAC,1
CGATAAACCGTTTGTA,1
CGATATTGCCCGGAAG,1
CGATCCTTACGAAAAA,1
CGATCGGGACTAATCT,1
CGATCTTAATCTACAG,1
CGATCTTTACGAAAAG,1
CGATCTTTATGAAAAA,1
CGCAACACCCTTCCGG,1
CGCACGTTACGAGACA,1
CGCACTTGACGAGACA,1
CGCACTTTACAAGACA,1
CGCACTTTACGAGTCA,1
CGCACTTTACGTGACA,1
CGCACTTTAGGAGACA,1
CGCACTTTGCGAGACA,1
CGCAGAATTGGTCGCC,1
CGCAGCATCGGTCGCC,1
CGCATCATTGGTCGCC,1
CGCCATCAGCACCTAG,1
CGCCTCCTCTAAAGTT,1
CGCGACACCCTGCCGG,1
CGCGACACCCTTCCCG,1
CGCGACACCCTTCCGC,1
CGCGACACCCTTGGGG,1
CGCGACACCTTTCCGG,1
CGCGACACGCTTCCGG,1
CGCGCTTTACGAGACA,1
CGCGGCCGGCGAACTC,1
CGCGGGCTAATGTCTC,1
CGCTAGATGTACAGTC,1
CGCTATGAAATAAGCT,1
CGCTCCTGGGGTATCA,1
CGGAACTTGTCGATAT,1
CGGAATCGTCACCAAT,1
CGGACAGTGGAATCGA,1
CGGACCCGAGAGGGTA,1
CGGACCCTAAATGGTA,1
CGGACCCTAGACGGTA,1
CGGACCCTAGATAGTA,1
CGGACCCTAGATGCTA,1
CGGACCCTAGATGGTT,1
CGGACCCTAGTTGGCA,1
CGGACCCTGGATGTTA,1
CGGACCGCAGACACGT,1
CGGACTATAGTTGGCA,1
CGGAGACAAGATTGTA,1
CGGAGGGATTCAACTC,1
CGGATAATATAGAGAC,1
CGGCAAATGTAAATGA,1
CGGCAAGGGAATCAAA,1
CGGCCAGGGAATCATA,1
CGGCCAGGGGATCAAA,1
CGGCCAGGTAATCAAA,1
CGGCCGGGACTCATCT,1
CGGCCTGGGAATCAAA,1
CGGGAAAGGGAAATGA,1
CGGGAAATCTAAATGA,1
CGGGAAATGGAAAGGA,1
CGGGAAATGTAAAGGA,1
CGGGAAATGTAAATGG,1
CGGGAAATGTAAGTGA,1
CGGGAACATACACAAC,1
CGGGAACATACATAAG,1
CGGGAACATACATAGC,1
CGGGAACATACGTAAC,1
CGGGAACATATATAAC,1
CGGGAACCTCCCATAC,1
CGGGAAGTGTAAATGA,1
CGGGAATCTACCATAC,1
CGGGAATCTCCAATAC,1
CGGGAATCTCCCATAA,1
CGGGAATCTCCCTTAC,1
CGGGAATCTGCCATAC,1
CGGGAGATGTAAATGA,1
CGGGAGGCCTGGCCCC,1
CGGGCCCTAGATGGTA,1
CGGGCGGGACTCATCT,1
CGGGGACAAAATTGTA,1
CGGGGACAAGACTGTA,1
CGGGGACAAGAGGGTA,1
CGGGGACAAGAGTGTA,1
CGGGGACAAGATTGCA,1
CGGGGACAAGATTGGA,1
CGGGGACAAGATTGTT,1
CGGGGACAAGATTTTA,1
CGGGGACAAGGTTGGA,1
CGGGGACAGGATTGTA,1
CGGGGACATACATAAC,1
CGGGGATAAGATTGTA,1
CGGGGATCTCCCATAC,1
CGGGGGAACGGGAAGC,1
CGGGTACCCGTCAGCA,1
CGGGTACCCTTCAGCA,1
CGGTAATCTCCCATAC,1
CGGTCAGCGAGAACGG,1
CGGTCGGCACTCATCT,1
CGGTCGGGAATAATCT,1
CGGTCGGGACTCAGCT,1
CGGTCGGGACTCATAG,1
CGGTCGGGACTCATTT,1
CGGTCGGGACTCGTCT,1
CGGTCGGTACTCATCT,1
CGGTGACAAGATTGTA,1
CGTACAATGTAATCGA,1
CGTACAGAGTTTGTTG,1
CGTACAGTATAATCGA,1
CGTACAGTGGAATCGA,1
CGTACAGTGTAAGCGA,1
CGTACAGTGTAATCAA,1
CGTACAGTGTAGTCGA,1
CGTACAGTGTGATCGA,1
CGTACATTGTAATCGA,1
CGTACGCATGTCCCAG,1
CGTACGTATATCCCAG,1
CGTACGTATGACCCAG,1
CGTACGTATGTACCAG,1
CGTACGTATGTCCCCG,1
CGTACGTATGTCTCAG,1
CGTACTGTGTAATCGA,1
CGTAGAGTGTAATCGA,1
CGTATAGTGTAATCGA,1
CGTCGGCTCTTGATTA,1
CGTCGTTTAGATAGTT,1
CGTGAATCTCCCATAC,1
CGTGACACCCTCCAAC,1
CGTGACACCCTTCCGG,1
CGTGACCCACTCCAAC,1
CGTGACCCCCGCCAAC,1
CGTGACCCCCTACAAC,1
CGTGACCCCCTCCAAA,1
CGTGACCCCCTCCAGC,1
CGTGACCCCCTTCAAC,1
CGTGACCCTCTCCAAC,1
CGTGGACAAGATTGTA,1
CGTGGAGCGCCCTTAC,1
CGTGGGTTAAGTTGTG,1
CGTGTACCCGGCAGCA,1
CGTGTACCCTACAGCA,1
CGTGTACCCTTCACCA,1
CGTGTCCCCCTCCAAC,1
CGTGTTTGGTTCGAGG,1
CGTTAACAGCCTATCC,1
CGTTAACGACCTATCC,1
CGTTCAGCGAGAACGG,1
CGTTCAGCGATAACCG,1
CGTTCAGCGATATCGG,1
CGTTCCGCGATAACGG,1
CGTTGAGCGATAACGG,1
CGTTTTCGGTTCGAGG,1
CGTTTTGGGTTCGAGG,1
CGTTTTTGGGTCGAGG,1
CGTTTTTGGTTCGAGT,1
CGTTTTTGGTTCTAGG,1
CGTTTTTGTTTCGAGG,1
CTAACACAAAAAATTA,1
CTAACACAGCGTAGGC,1
CTAACAGAATACTAGA,1
CTAAGCAAAGTTGACC,1
CTAAGCTTGGCGCATC,1
CTAAGGGATTCAACTC,1
CTAATATAAGTATCAA,1
CTAATGCTGCATTAGG,1
CTAATGTAAGGAGCAA,1
CTAATTTAAGGATCAA,1
CTAATTTAAGTGTCAA,1
CTACAAACCGTTTGTA,1
CTACCCAGTTCCTGCG,1
CTACCTTAATCTACAG,1
CTACGGCTCTTGATTA,1
CTAGAAACCGTTTGTA,1
CTAGAGGCCTGGCCCC,1
CTAGCACAGCGTAGGG,1
CTAGCACAGGGTAGGC,1
CTAGCACAGTGTAGGC,1
CTAGCAGAGCGTAGGC,1
CTAGTTAACAGACGTA,1
CTATAAACCCTTTGTA,1
CTATAAACCGCTTGTA,1
CTATAAACCGTTTATA,1
CTATAAACCGTTTGTC,1
CTATAAAGCGTTTGTA,1
CTATAAATCGTTTGTA,1
CTATAGTGCCCGGAAG,1
CTATATTACCCGGAAG,1
CTATATTCCCCGGAAG,1
CTATATTGCCCGAAAG,1
CTATATTGCCCGCAAG,1
CTATATTGCCCGGCAT,1
CTATATTGTCCGGAGG,1
CTATCTTAAGCTACAG,1
CTATCTTAATCTACAA,1
CTATCTTAATCTACGG,1
CTATCTTAATCTGCAG,1
CTATGAACCGTTTGTA,1
CTATGTAACAGACGTA,1
CTATGTTGCCCGGAAG,1
CTATTTAATAGACGTA,1
CTATTTACCAGACGTA,1
CTATTTTAATCTACAG,1
CTCAAATAAGTGGCGC,1
CTCAAATAATTAGCGC,1
CTCAAATAATTGCCGC,1
CTCAAATAATTGGCAC,1
CTCAAATAATTGGCGA,1
CTCAAATAATTGGCGG,1
CTCAAATAATTGTCGC,1
CTCAAGTAATTGGCGC,1
CTCAATGTAGTAGGAT,1
CTCAATGTCGCAGGAT,1
CTCAATGTCGGAGGAT,1
CTCAATGTCGTAAGAT,1
CTCAATGTCGTAGGAG,1
CTCAATGTTGTAGGAT,1
CTCACAGAATACTAGA,1
CTCACTTTACGAGACA,1
CTCAGCATTGGTCGCC,1
CTCAGTGTCGTAGGAT,1
CTCATCAAGTTGGTGC,1
CTCCTAGGGGACGATG,1
CTCCTAGGGGACGTAA,1
CTCCTAGGGGATGATT,1
CTCCTATGGGACGATT,1
CTCGAATAATTGGCGC,1
CTCGGGCTAATGTCTC,1
CTCTATGAAATAAGCT,1
CTCTCCTCAAGGGTAA,1
CTCTGCGCGGCTCGGG,1
CTCTTACCCTCCTACG,1
CTCTTACGCGCCTACG,1
CTCTTACGCTCCTAAG,1
CTCTTACGCTCCTACA,1
CTCTTACTCTCCTACG,1
CTGAAAAAATCATAAA,1
CTGAAATTGTCGATAT,1
CTGAACCTATCTGTGG,1
CTGAACGTATCTGGGG,1
CTGAACTAATCTGTGG,1
CTGAACTCGTCGATAT,1
CTGAACTTATCAGTGG,1
CTGAACTTATCCGTGG,1
CTGAACTTATCTATGG,1
CTGAACTTATCTGTAG,1
CTGAACTTATCTGTCG,1
CTGAACTTATCTGTGC,1
CTGAACTTATTTGTGG,1
CTGAACTTCTCGATAT,1
CTGAACTTGCCGATAT,1
CTGAACTTGGCGATAT,1
CTGAACTTGTCGAGAT,1
CTGAACTTGTCGATAG,1
CTGAACTTGTCGATGT,1
CTGAATGTCGTAGGAT,1
CTGAGCCGCCAATAAG,1
CTGAGCTGCCAACAAG,1
CTGAGCTGCCAAGGAG,1
CTGAGCTGCCAATAAA,1
CTGAGCTGCCAATACG,1
CTGAGCTGCCAATAGG,1
CTGAGCTTGGCGCATC,1
CTGAGGAATTCAACTC,1
CTGAGGGATTCAACCC,1
CTGAGGGATTCAACTA,1
CTGAGGGATTCAACTT,1
CTGAGGGATTTAACTC,1
CTGAGGGGTTCAACTC,1
CTGAGTGATTCAACTC,1
CTGATGGATTCAACTC,1
CTGATTTAAGTATCAA,1
CTGCTCCTGAGTAGTA,1
CTGGAAGCCTGGCCCC,1
CTGGAATCTCCCATAC,1
CTGGAGACCTGGCCCC,1
CTGGAGGCCTCGCCCA,1
CTGGAGGCCTCGCCCC,1
CTGGAGGCCTGGCGCC,1
CTGGAGGCCTGGCTAC,1
CTGGAGTCCTGGCCCC,1
CTGGGATTGGAGAAAC,1
CTGGTGGCCTGGCCCC,1
CTGTAAACCGTTTGTA,1
CTGTACCGGCAGTTGA,1
CTGTACCTCCAGTTGA,1
CTGTACCTGCAATTGA,1
CTGTACCTGCACTTGA,1
CTGTACCTGCAGTTAA,1
CTTAACTTGTCGATAT,1
CTTAAGTATTACATGC,1
CTTAATGTCGTAGGAT,1
CTTACAAAATACTAGA,1
CTTACACAATACTAGA,1
CTTACAGAAAACTAGA,1
CTTACAGAATACTAAA,1
CTTACAGAATACTAGG,1
CTTACAGAATTCTAGA,1
CTTACAGAGTTTGTTG,1
CTTACAGTGTAATCGA,1
CTTACTGCTCGAGAGT,1
CTTAGATATTATATGC,1
CTTAGGCATTACATGC,1
CTTAGGGATTACATGC,1
CTTAGGTAGGATATGC,1
CTTAGGTATGACATGC,1
CTTAGGTATTAAATGC,1
CTTAGGTATTACATCC,1
CTTAGGTATTAGATGC,1
CTTAGGTATTATATGG,1
CTTAGTGCGCGAGAGT,1
CTTCCGCTCTTGATTA,1
CTTCGGCGCTTGATTA,1
CTTCGGCTCTCGATTA,1
CTTCGGCTCTTGAGTA,1
CTTCGGGTCTTGATTA,1
CTTCGTGATACTCACA,1
CTTGACCCCCTCCAAC,1
CTTTAAAGTATAGGCT,1
CTTTAAAGTATAGTCT,1
CTTTAAATTATAGTCG,1
CTTTAAGTTATAGTCT,1
CTTTACCTGCAGTTGA,1
CTTTATTGCCCGGAAG,1
CTTTCAGAATACTAGA,1
CTTTGGCTCTTGATTA,1
CTTTTACCCTTCAGCA,1
CTTTTATAGTACGCTT,1
CTTTTCTAATACGCTT,1
CTTTTCTAGGACGCTT,1
CTTTTCTAGTAGGCTT,1
CTTTTCTATTACGCTT,1
GAAAAAACTATAACCA,1
GAAAAATTGAGGACAA,1
GAAAACCCCGTGCAAT,1
GAAAAGCAGCACGATA,1
GAAAATCCCTATGATG,1
GAAAATCTACGGCGAC,1
GAAAGCAAAGTTGACC,1
GAAAGCACCGTGCAAT,1
GAAAGCCACGTGCAAT,1
GAAAGCCCCAAAGAAC,1
GAAAGCCCCAAATAAC,1
GAAAGCCCCGTACAAT,1
GAAAGCCCCGTGCAAC,1
GAAAGCCCCGTGCAGT,1
GAAAGCCCCGTGTAAT,1
GAAAGCCCCTATGATG,1
GAAAGCTGCAGAAGCG,1
GAAAGCTTGGCGCATC,1
GAAAGTCCCTAGGATG,1
GAAAGTCCCTATGATA,1
GAAAGTCTCTATGATG,1
GAAATCCACAAATAAC,1
GAAATCCCCAAATAGC,1
GAAATCCCCAAATATC,1
GAAATCCCCAGATAAC,1
GAAATCCCCGAATAAC,1
GAAATCCCCTAATAAC,1
GAAATGCTGCATTAGG,1
GAAATTGGAAGCAGAT,1
GAACAATAGAACAGAG,1
GAAGAACTGCGGCCCC,1
GAAGAAGCTATAACCA,1
GAAGACAAACAGTAAG,1
GAAGATACTATAACCA,1
GAAGGCCCCGTGCAAT,1
GAAGGGCGTATTGAGT,1
GAAGTACCCTGAATGA,1
GAAGTACGCCGAATGA,1
GAAGTACGCTCAATGA,1
GAAGTACGCTGAAGGA,1
GAAGTACGCTGAATGC,1
GAAGTACGCTGAATTA,1
GAAGTACTCTGAATGA,1
GAAGTAGCAGAGGATT,1
GAAGTCCCCAAATAAC,1
GAAGTGAATTCGCCCA,1
GAAGTGATGCTGAAGT,1
GAAGTGCGCATTGAGT,1
GAAGTGCGCTGAATGA,1
GAAGTGCGCTTAATGA,1
GAAGTGCGGATTGAGT,1
GAAGTGCGTAGTGAGT,1
GAAGTGCGTATCGAGT,1
GAAGTGCGTATTGAAT,1
GAAGTGCGTATTGACT,1
GAAGTGCGTATTGAGC,1
GAAGTGCGTATTTAGT,1
GAAGTGCGTGTTGAGT,1
GAAGTGCTACTGAAGT,1
GAAGTGCTGATGAAGT,1
GAAGTGCTGCGGAAGT,1
GAAGTGCTGCTGAAGG,1
GAAGTTCTGCTGAAGT,1
GAATAATACAACAGAG,1
GAATAATAGAACAGTG,1
GAATAATAGAACGGAG,1
GAATAATAGAATAGAG,1
GAATAATAGGACAGAG,1
GAATAATGCCGTGGGC,1
GAATAATGGGAAGGGG,1
GAATACAGTGTAGTTG,1
GAATGATAGAACAGAG,1
GACAAAAGGCACATAT,1
GACAAAAGGGACATAA,1
GACAAAAGGGACATAG,1
GACAAAAGGGACATGT,1
GACAAAAGGGACGTAT,1
GACAAAAGGGATATAT,1
GACAAAAGTGACATAT,1
GACAAAGAACCCATGC,1
GACACAGAACCCATGT,1
GACACAGAACCCATTC,1
GACCAATGTCATGTGA,1
GACCACGCAGAAAAAG,1
GACCCCATGTAAGATG,1
GACCCCCTGTAAGATG,1
GACCCCGGGTAAGATG,1
GACCCCTGGGAAGATG,1
GACCCCTGGTAAGATG,1
GACCCCTTGGAAGAGG,1
GACCCCTTGTAAGATT,1
GACCCCTTGTAAGGTG,1
GACCCCTTGTAATATG,1
GACCTTGGGGAGAGTC,1
GACGGCCGGCGAACTC,1
GACGGGACGGGCACGT,1
GACGGGATAGGCACGT,1
GACGGGATGGACACGT,1
GACGGGATGGCCACGT,1
GACGGGATGGGCACGA,1
GACGGGATGGGCACGC,1
GACGGGATGGGCACGG,1
GACGGGATGGGCATGT,1
GACGGGATGGGCCCGT,1
GACGGGATGGGTACGT,1
GACGGGATGGTCACGT,1
GACGGGATTGGCACGT,1
GACGGGTAGAGATACG,1
GACGTGCGTATTGAGT,1
GACTAGATGTACAGTC,1
GAGAACCTCGTTGTCT,1
GAGAACTGCAGAAGCG,1
GAGAAGCTATAGAAGT,1
GAGACCTGCAGAAGCG,1
GAGAGCCGCAGAAGTG,1
GAGAGCTGCAGAAGAA,1
GAGAGCTGCAGGAGCG,1
GAGAGGGATTCAACTC,1
GAGAGTCCCTATGATG,1
GAGAGTTGCAGAAGCG,1
GAGATAATATAGAGAC,1
GAGCACGCAGAAAAAG,1
GAGCGATTGTCCGGAA,1
GAGCTCGCTATGGATC,1
GAGCTTGCCATGGATC,1
GAGCTTGCTAGGGGTC,1
GAGCTTGCTATGAATC,1
GAGCTTGCTATGGAGC,1
GAGCTTGCTATGGATA,1
GAGCTTGCTATTGATC,1
GAGCTTGCTGTGGATC,1
GAGCTTGCTGTGGGTC,1
GAGCTTGGGGAGAGTC,1
GAGCTTTCTATGGATC,1
GAGGCGATACGTCACC,1
GAGGCGTAGAGATACG,1
GAGGCTCTAGAGCTCT,1
GAGGGGATAAGGCACC,1
GAGGGGATACGTAACC,1
GAGGGGATACGTCACT,1
GAGGGGATACGTCATC,1
GAGGGGATTGGCTGTT,1
GAGGGGGAGAGAGACG,1
GAGGGGTAGAGACACG,1
GAGGGGTAGAGATACC,1
GAGGGGTAGAGATCCG,1
GAGGGGTAGATATACG,1
GAGGGGTGGAGAGACG,1
GAGGGGTGGAGTGGGG,1
GAGGGTTAGAGATACG,1
GAGGTGCTGCTGAAGT,1
GAGTAATAGAACAGAG,1
GAGTATTGCTACACAT,1
GAGTGGATACGTCACC,1
GAGTTAAGAGAAAGTT,1
GAGTTTGCTATGGATC,1
GATAGCCACTGATAAG,1
GATAGCTGCAGAAGCG,1
GATCACCACTGATAAG,1
GATCACCCAGAAAAAG,1
GATCACGCACAAAAAG,1
GATCACGCAGAAAACG,1
GATCACGCAGAAGAAG,1
GATCACGCAGACAAAG,1
GATCACGCAGAGAAAG,1
GATCACGCAGGAAAAG,1
GATCACGCAGTAAAAG,1
GATCCAAGGGACGGAC,1
GATCCAGATGCCCACC,1
GATCGCAACTGATAAG,1
GATCGCCACTGAGAAG,1
GATCGCCACTGATAAC,1
GATCGCCACTGATAGG,1
GATCGCCACTTATAAG,1
GATCGCCATCCACTTC,1
GATCGCCATCGACTTA,1
GATCGCCATCGACTTG,1
GATCGCCATCTACTTC,1
GATCGCCTTCGACTTC,1
GATCGCTACTGATAAG,1
GATCGCTATCGACTTC,1
GATCGGCTCTTGATTA,1
GATCTCGGGGAGAGTC,1
GATCTGGGGGAGAGTC,1
GATCTTCGGGAGAGTC,1
GATCTTGAGGAGAGTC,1
GATCTTGGGGAGAATC,1
GATCTTGGGGAGAGTG,1
GATCTTGGGGTGAGTC,1
GATGAAACAATCGAAC,1
GATGGGATACGTCACC,1
GATGGGATGGGCACGT,1
GATGTGGAGCCCAACA,1
GATTACGCAGAAAAAG,1
GATTCAGATGCCCACT,1
GATTCAGATGCCCATC,1
GATTCAGATTCCCACC,1
GATTGAGACGCGCAAG,1
GCAAAAGTCCTAGCAA,1
GCAAACAGTATAGTTG,1
GCAAACAGTGTAGCTG,1
GCAAACAGTGTAGGTG,1
GCAAACAGTGTAGTCG,1
GCAAACAGTGTAGTTT,1
GCAAACAGTTTAGTTG,1
GCAAATAGTGTAGTTG,1
GCAACAGTCCTAACAA,1
GCAACAGTCCTATCAA,1
GCAACATTCCTAGCAA,1
GCAACGAGATGTAACC,1
GCAACGAGGTATAACC,1
GCAACGAGGTGCAACC,1
GCAACGAGGTGGAACC,1
GCAACGAGGTGTAACT,1
GCAACGAGGTGTGACC,1
GCAACGTGCCGGTCAT,1
GCAAGCAGTGTAGTTG,1
GCAAGCTTGGCGCATC,1
GCAAGGAACTAACTCC,1
GCAATGAGGTGTAACC,1
GCAATTTACTGAAGGG,1
GCACGGGTTGGCTGTA,1
GCAGCGAGCCGGTCAT,1
GCAGCGTGCCGATCAT,1
GCAGCGTGCCGGTAAT,1
GCAGCTTGCCGGTCAT,1
GCAGGGAACGAACTCC,1
GCAGGGAACTAACTCC,1
GCAGTACGATCTACGC,1
GCATCCGCAACTCCTA,1
GCATCCTAAACTCCTA,1
GCATCCTCAAATCCTA,1
GCATCCTCAACGCCTA,1
GCATCCTCAACTCCTT,1
GCATCCTCAACTTCTA,1
GCATCCTCAGCTCCTA,1
GCATGGAACTAACACC,1
GCATGGAACTAACGCC,1
GCATGGAACTAATTCC,1
GCATGGAAGTAACTCC,1
GCATGGAATTAACTCC,1
GCATGGAGCTAACTCC,1
GCATGGGTGTACGAGA,1
GCATTCTCAACTCCTA,1
GCATTTGCGCGCAGTC,1
GCATTTTCCAATAGGT,1
GCCAAGTTTCATAGCG,1
GCCACACCCCTAGCTA,1
GCCAGCGCGGATCCCT,1
GCCAGCTCCTATCCCT,1
GCCAGCTCGTACCCCT,1
GCCAGCTCGTATTCCT,1
GCCAGTTCGTATCCCT,1
GCCATTTACTGAAGAG,1
GCCATTTACTGAAGGT,1
GCCATTTACTGAGGGG,1
GCCATTTACTTAAGGG,1
GCCATTTATTGAAGGG,1
GCCCAAAGGATCATGA,1
GCCGATGCGGCGTGTG,1
GCCGCCGCGGCGTGTG,1
GCCGCCGCTAATCCGA,1
GCCGCTGCGGAGTGTG,1
GCCGCTGCGGCGGGTG,1
GCCGCTGCGGCGTATG,1
GCCGCTGCGGCGTGTA,1
GCCGCTGCGGCTTGTG,1
GCCGGCGCTAGTGTCA,1
GCCGGCGTTAGCGTCA,1
GCCGGCGTTAGTGTCG,1
GCCGGCGTTAGTTTCA,1
GCCGGCTCGTATCCCT,1
GCCGGTGTTAGTGTCA,1
GCCTAAAGGATCACGA,1
GCCTAAAGGATCATGG,1
GCCTAAAGGATCATTA,1
GCCTAAAGGATTATGA,1
GCCTAAATGATCATGA,1
GCCTATGAAATAAGCT,1
GCCTCTGCGCGCAGTC,1
GCCTGAAGGATCATGA,1
GCCTGCGGGGCTCGGG,1
GCCTGCGTTAGTGTCA,1
GCCTTTGCCCGCAGTC,1
GCCTTTGCGCGCACTC,1
GCCTTTGCGCGCGGTC,1
GCCTTTGCGCTCAGTC,1
GCCTTTGCGTGCAGTC,1
GCGAAGTCTCGAGAAG,1
GCGAAGTGTCAGAGCG,1
GCGAAGTGTCATAGCG,1
GCGAAGTTCCATAGCG,1
GCGAAGTTGCATAGCG,1
GCGAAGTTTCAAAGAG,1
GCGAAGTTTCAAAGCG,1
GCGAAGTTTCATAGCT,1
GCGAAGTTTCATAGGG,1
GCGAGTTAATATGCGC,1
GCGCGATTGTCCGGAA,1
GCGCGTCAACTAAAAA,1
GCGGAGTTTCATAGCG,1
GCGGATAAATCAGAAC,1
GCGGGGTAGAGATACG,1
GCGGTATTCATTAATA,1
GCGTATTAGGCGGCGG,1
GCTAACAGTGTAGTTG,1
GCTAAGTTTCATAGCG,1
GCTACGAGGCTACGTA,1
GCTCCATCTCAGATCG,1
GCTCCATCTCAGATCT,1
GCTTAGAGTGAACGAT,1
GCTTGACATAGCGATG,1
GCTTGATGCATTCCCG,1
GCTTTTGCGCGCAGTC,1
GGAAAACATTACAAAT,1
GGAAGCAAAGTTGACC,1
GGAAGCTTCAGGGAGT,1
GGAATCCCCAAATAAC,1
GGACAAACCGGCAAAT,1
GGACAACAATACAAAT,1
GGACGAATGGGATTCC,1
GGAGGCAAAGTTGACC,1
GGAGTACGCTGAATGA,1
GGATAAGAGGGCAGAG,1
GGATCCTCAACTCCTA,1
GGATCTGTAGGGCGCT,1
GGATGGAACTAACTCC,1
GGATTAGAAATACATA,1
GGCAAAAGGGACATAT,1
GGCAAGGTACGGATGG,1
GGCAAGTGACGGATGG,1
GGCAGCATTGGTCGCC,1
GGCAGTGGTATACATA,1
GGCATCAAGTTGGTGC,1
GGCATTTACTGAAGGG,1
GGCCCATCTCAGATCG,1
GGCCCATGCTGGGGAT,1
GGCGACATCGCCCTTT,1
GGCGCATCCGGGAATG,1
GGCTATTCCGGCGCGG,1
GGCTGAATTAAGTATG,1
GGCTTTGCGCGCAGTC,1
GGGAATCGTCACCAAT,1
GGGAATCGTCACCGAT,1
GGGATTATGAGGTCAT,1
GGGCCATCGCAGATCG,1
GGGCGCCATCGACTTC,1
GGGGAATCTCCCATAC,1
GGGGGACAAGATTGTA,1
GGGGGATCGCGGAGGC,1
GGGGGCGGAGGGGGTG,1
GGTCAACTTTGGAAGC,1
GGTCACGCAGAAAAAG,1
GGTCCATCGCAGATCG,1
GGTCCATCTCAGACCG,1
GGTCCATCTCAGATCC,1
GGTCCATCTCAGATTG,1
GGTCCATGCTGGGGAT,1
GGTCCGGATAAAGTAG,1
GGTCCGTCTCAGATCG,1
GGTCGCCATCGACTTC,1
GGTCGTTTAGATAGTT,1
GGTGACCCCCTCCAAC,1
GGTGTACCCTTCAGCA,1
GGTTAACTCTGGAAGC,1
GGTTAACTTTAGAAGC,1
GGTTAACTTTCGAAGC,1
GGTTAACTTTGGAAAC,1
GGTTAGTCCTCGTATG,1
GGTTGACTGTGGAAGC,1
GGTTGAGCCAGTCTGA,1
GGTTTTTATAACTTGC,1
GGTTTTTGGTTCGAGG,1
GTAAACAAAGTTGACC,1
GTAAAGGCTTGAGAAG,1
GTAAATACTAGGACCA,1
GTAAGATTCATGGAGT,1
GTAAGCAAAGCTGACC,1
GTAAGCAAAGGGGACC,1
GTAAGCAAAGTTGTCC,1
GTAAGCAAAGTTGTCT,1
GTAAGCCCCGTGCAAT,1
GTAAGCTCCATGGAGT,1
GTAAGCTTAATGGAGT,1
GTAAGCTTCAGGGAGT,1
GTAAGCTTCATGAAGT,1
GTAAGCTTCATGGAGC,1
GTAAGCTTCATGGAGG,1
GTAAGCTTCATGGATT,1
GTAAGCTTCATGGGGT,1
GTAAGCTTCATGTAGT,1
GTAAGGGATTCAACTC,1
GTAAGTCCCTATGATG,1
GTAATCAAAGTTGACC,1
GTAATGTAGCCGCTCC,1
GTAATTAGCATGCGGA,1
GTAATTCGCATTCGGA,1
GTACAAACCTCCAAAT,1
GTACAAACCTGCAATT,1
GTACAAACCTGCATAT,1
GTACAAACCTGCCACT,1
GTACAAACCTGCTAAT,1
GTACAAACCTGGAAAT,1
GTACAACTGCGGCCCC,1
GTACAAGCCTGCAAAT,1
GTACACGCATGTGCCG,1
GTACATCCTAGTGACG,1
GTACCCACTTCCTGCG,1
GTACCCAGCTCCTGCG,1
GTACCCAGTTCCAGCG,1
GTACCCAGTTCCTCCG,1
GTACCCAGTTCCTGGG,1
GTACCCGGTTCCTGCG,1
GTACCGAATGGGGTAG,1
GTACGAATTTGATTCC,1
GTAGAACGGCGGCCCC,1
GTAGAACTACGGCCCC,1
GTAGAACTGCGACCCC,1
GTAGAACTGCGGCCCG,1
GTAGAACTGCGGCCGC,1
GTAGAACTTCTGCCCC,1
GTAGAAGTGCGGCCCC,1
GTAGATACAAGGACCA,1
GTAGATACCAGGACCA,1
GTAGATACTAGGACAA,1
GTAGATACTAGGATCA,1
GTAGATACTAGTACCA,1
GTAGATACTAGTATCA,1
GTAGATACTATGACCA,1
GTAGATAGTAGGACCA,1
GTAGATGCTAGGACCA,1
GTAGCCAGTTCCTGCG,1
GTAGGTACTAGGACCA,1
GTAGTACTGCTGAAGT,1
GTAGTATCAAGCCGGG,1
GTATAACTGCGGCCCC,1
GTATAAGCAGGTAAGG,1
GTATATTGCCCGGAAG,1
GTCAAAAGGGACATAT,1
GTCAAATTACGGATGG,1
GTCAAGAGGGACATAT,1
GTCAAGTCACGGATGG,1
GTCAAGTGACGGATGG,1
GTCAAGTTACGGACGG,1
GTCAAGTTACGGAGGG,1
GTCAAGTTACGGATGC,1
GTCAAGTTACTTATGG,1
GTCAGCGCGGTAAGAG,1
GTCAGGATAATCGCGC,1
GTCATTATGACTTCAT,1
GTCCATCAGCATAAAC,1
GTCCGATTTAAAGGCA,1
GTCCGTAAGCATAAAC,1
GTCCGTCAGCACAAAC,1
GTCCGTCAGCATAAAA,1
GTCCGTCAGCATAAGC,1
GTCGACGCTAATCCGA,1
GTCGCAGCCTGGAATG,1
GTCGCATCCTAGAATG,1
GTCGCATCCTCGAATG,1
GTCGCATCCTGGAACT,1
GTCGCATCCTGGACTA,1
GTCGCATCCTGGAGTG,1
GTCGCATCCTGGATTG,1
GTCGCCGCTAATCAGA,1
GTCGCCGCTAATCCGG,1
GTCGCCGCTAATCCGT,1
GTCGCCGCTAATCGGA,1
GTCGCGTCCTGGAATG,1
GTCGTATCCTGGAATG,1
GTGAACTTATCTGTGG,1
GTGAACTTGTCGATAT,1
GTGAGCAAGAAAAGCA,1
GTGAGCGAGAAAAGAA,1
GTGAGCGAGAAAAGCT,1
GTGAGCGAGAAAGGCA,1
GTGAGCGAGAAGAGCA,1
GTGAGCGATAAAAGCA,1
GTGAGCGGGAAAAGCA,1
GTGAGCTTCATGGAGT,1
GTGATCGAGAAAAGCA,1
GTGCATACTAGTGACG,1
GTGCATCCTAGTGACT,1
GTGCATCCTATTGACG,1
GTGCCATTGTCCGGAA,1
GTGCCGAATGGGGTAG,1
GTGCGATCGTCCGGAA,1
GTGCGATTATCCGGAA,1
GTGCGATTGTCCGAAA,1
GTGCGATTGTCCGCAA,1
GTGCGATTGTCCGGAC,1
GTGCGATTGTCCGGAT,1
GTGCGATTGTCCGGGA,1
GTGGCATCCTGGAATG,1
GTGGTACCAAGCCGGG,1
GTGGTATCAAGCGGGG,1
GTGGTATGAAGCCGGG,1
GTGGTATTAAGCCGGG,1
GTGGTGTCAAGCCGGG,1
GTGGTTTCAAGCCGGG,1
GTGTAGGCCTGGGAGG,1
GTGTATCAGTCGCGCC,1
GTTAAGTTACGGATGG,1
GTTACTCCGACACGCC,1
GTTAGGTATTATATGC,1
GTTATAATGACTTCAT,1
GTTATTACGACTTCAT,1
GTTATTAGGACTTCAT,1
GTTATTATGACATCAT,1
GTTATTATGACGTCAT,1
GTTATTATGACTTAAT,1
GTTATTATGACTTCAC,1
GTTATTATGACTTTAT,1
GTTATTATGAGTTCAT,1
GTTATTATGATTTCAT,1
GTTCAAACCTGCAAAT,1
GTTCACAGAACCTATC,1
GTTGAACTGCGGCCCC,1
GTTGATCCGACACGCC,1
GTTGCTCCAACACGCC,1
GTTGCTCCGACACACC,1
GTTGCTCCGACACGCG,1
GTTGCTCCGACACTCC,1
GTTGCTCCGACGCGCC,1
GTTGCTCCGGCACGCC,1
GTTTAAATTCGAGGAC,1
GTTTAACTTTGGAAGC,1
TAAAAAACCTCCATGA,1
TAAAAAGCATCCATGA,1
TAAAAAGCCTCAATGA,1
TAAAAAGCCTCCACGA,1
TAAAAAGCCTCCATTA,1
TAAAAGGCCTCCATGA,1
TAAAATCTACGGCGAC,1
TAACAAGCCTCCATGA,1
TAACATTGTCGGAAAG,1
TAACCTGATTTCTCGA,1
TAACGCGATTTCTCGA,1
TAACGGGATTTCGCGA,1
TAACGGGATTTCTCGA,1
TAACGTGACTTCTCGA,1
TAACGTGATCTCTCGA,1
TAACGTGATTTCTCGT,1
TAACGTGATTTGTCGA,1
TAAGAAGCCTCCATGA,1
TAAGTACGCTGAATGA,1
TAATAAACCGTTTGTA,1
TAATAAGACAGCAAGA,1
TAATAAGCAAGCAAGA,1
TAATAAGCCAACAAGA,1
TAATAAGCCAGCAAAA,1
TAATAAGCCAGCAAGC,1
TAATAAGGCAGCAAGA,1
TAATAATAGAACAGAG,1
TAATCTTTTACATTTA,1
TAATGATAACCCTGCG,1
TAATTGGAAAGACATG,1
TACAAGAGAGGGGTCA,1
TACAAGAGAGGGTTCC,1
TACAAGAGAGTGGTCC,1
TACAAGATAGGGGTCC,1
TACAAGGGAGGGGTCC,1
TACACAGAACCCATGC,1
TACAGAAGTCCATGTA,1
TACAGGAGAGGGGTCC,1
TACATACCGAAGCAGT,1
TACATACCGACGAAGT,1
TACATACCGACGCACT,1
TACATACCGACGCGGT,1
TACATACCGGCGCAGT,1
TACCAATGCCATTTGA,1
TACCAATGCCGTTGTC,1
TACCAATGGCATTTGA,1
TACCAATGTAATTTGA,1
TACCAATGTCACTTGA,1
TACCAATGTCATTTAA,1
TACCAATTTCATTTGA,1
TACCAGTGTCATTTGA,1
TACCCCTTGTAAGATG,1
TACCCTGCAAGCCACG,1
TACCCTGCAAGGCACT,1
TACCCTGCAATCCACT,1
TACCGATGTCATTTGA,1
TACCTGATGCGGAACG,1
TACCTGCTGCAGAACG,1
TACCTGCTGCGAAACG,1
TACCTGCTGCGGAACC,1
TACCTGCTGCGGAACT,1
TACCTGCTGCGGAAGG,1
TACCTGCTGCTGAACG,1
TACCTGCTGTGGAACG,1
TACCTTCTGCGGAACG,1
TACGAATGCCGTTGTC,1
TACGGGATGGGCACGT,1
TACGTACCGACGCAGT,1
TACTAAGGCCGTTGTC,1
TACTAATACCGTTGTC,1
TACTAATGAAGTTGTC,1
TACTAATGCCGCTGTC,1
TACTAATGCCGTGGTC,1
TACTAATGCCGTTGTG,1
TACTAATGCCTTTGTC,1
TACTAATGTCATTTGA,1
TACTAGCAAGAAAATC,1
TACTAGGAATAAAATC,1
TACTAGTAATAAAATC,1
TACTCCTAACTAGCGA,1
TACTGACAACCCTGCG,1
TACTGATAACCCTACG,1
TACTGATAACCGTGCG,1
TACTGATAAGCCTGCG,1
TACTGATAATCCTGCG,1
TACTGATAGCCCTGCG,1
TACTGATGCCGTTGTC,1
TACTGGCAATAAAATC,1
TACTGTCCAGACTCGT,1
TACTTATAACCCTGCG,1
TACTTCCGTCGCCTGA,1
TAGAATTGTCGGAAAG,1
TAGACTCACGGAGGAT,1
TAGAGCTGCAGAAGCG,1
TAGAGTTAATATGCGC,1
TAGATAATATAGAGAC,1
TAGATTAGGAACATAA,1
TAGCATTATCGGAAAG,1
TAGCATTGGCGGAAAG,1
TAGCATTGTCAGAAAG,1
TAGCATTGTCGAAAAG,1
TAGCATTGTCGGAAAT,1
TAGCATTGTCGGAAGG,1
TAGCATTGTCGTAAAG,1
TAGCATTGTCTGAAAG,1
TAGCATTGTTGGAAAG,1
TAGCATTTTCGGAAAG,1
TAGCCTGCAAGCCACT,1
TAGCTAATAGTAACTC,1
TAGCTGAGAGTAACTC,1
TAGCTGATAGCAACTC,1
TAGCTGATAGTAAATA,1
TAGCTGATAGTAACTG,1
TAGCTGATATTAACTC,1
TAGCTGATGGTAACTC,1
TAGCTTCAACTAAAAA,1
TAGCTTGCTATGGATC,1
TAGGGCACTAAATTAA,1
TAGGGGCCTCATAATG,1
TAGGTCGTATCCACAG,1
TAGGTGATAGTAACTC,1
TAGTGATAACCCTGCG,1
TAGTTGATAGTAACTC,1
TAGTTGCACTACTGCT,1
TATAACTCTCGCGGCA,1
TATAATAGGCGTCACA,1
TATACCCACGGAGGAT,1
TATACTCAAGGAGGAT,1
TATACTCACGGAAGAT,1
TATACTCACGGAGGAC,1
TATACTCACGGGGGAT,1
TATACTCACGTAGGAT,1
TATACTCAGGGAGGAT,1
TATATACCGACGCAGT,1
TATATCGTATCCACAG,1
TATATGAGTAACATAA,1
TATATTAGTAACATAT,1
TATATTAGTAACATTA,1
TATATTAGTAACGTAA,1
TATATTAGTAGCATAA,1
TATCAATGTCATTTGA,1
TATCATTGTCGGAAAG,1
TATCCAAGGGACGGAT,1
TATCCAAGGGACGTAC,1
TATCCAATGGACGGAC,1
TATGGAAACGATCCCC,1
TATGGCGTATCCACAG,1
TATGTCGTATACAAAG,1
TATGTCGTATCCACGT,1
TATGTCGTATCGACAG,1
TATGTGGTATCCACAG,1
TATTAAGAAAAGTGCG,1
TATTAAGAGAATTGCG,1
TATTAATACCCGGGAA,1
TATTAGAGTGAACGAT,1
TATTAGTCCTCGTATG,1
TATTCAAGGGACGGAC,1
TATTCCCAACTAGCGA,1
TATTCCTAAATAGCGA,1
TATTTACCACTGCATC,1
TATTTCTGATGAATTG,1
TCAAACAGTGTAGTTG,1
TCAAACGAAGTAGGAG,1
TCAACACCCCTAGCTA,1
TCAAGATTCGGGGGAC,1
TCAAGGGTGTACGAGA,1
TCAATAGGGGGCTAAA,1
TCAATCGGAGGCTAAA,1
TCAATCGGGGGATAAA,1
TCAATCGGGGGCCAAA,1
TCAATCGGGGGCTAAC,1
TCAATCGGGGGCTAAG,1
TCAATCGGGGGCTAAT,1
TCAATCGGGGGCTTAA,1
TCAATCGGTGGCTAAA,1
TCAATGGGGGGCTAAA,1
TCACGAATCGACTAAC,1
TCACGACTCGACTAAA,1
TCACGACTCGACTAAG,1
TCACGACTCGACTAAT,1
TCACGGGTGTACGAGA,1
TCACGTGATTTCTCGA,1
TCACTTCAACTAAAAA,1
TCAGTCGGGGGCTAAA,1
TCATCCATTGGGAACT,1
TCATCGCACTACTGCT,1
TCATCTGTAAAGCGCT,1
TCATGGGGGGACGAGA,1
TCATGGGGGTACGAGA,1
TCATGGGTCTACGAGA,1
TCATGGGTGTACAAGA,1
TCATGGGTGTACCAGA,1
TCATGGGTGTACGAAA,1
TCATGGGTGTACGAGG,1
TCATGGGTGTACGGGA,1
TCATGGGTGTAGGAGA,1
TCATTTTCCAATAGGT,1
TCCACACCACTAGCTA,1
TCCACACCCATAGCTA,1
TCCACACCCCGAGCTA,1
TCCACACCCCTAACTA,1
TCCACACCCCTAGATA,1
TCCACACCCCTAGCTG,1
TCCAGCACGGTGAGAG,1
TCCAGCCCGGTAAGAG,1
TCCAGCGCCGTAAGAG,1
TCCAGCGCGATAACGG,1
TCCAGCGCGGCAAGAG,1
TCCAGCGCGGCTCGGT,1
TCCAGCGCGGTAAAAG,1
TCCAGCGGGGTAAGAG,1
TCCATTACTAGCCGGA,1
TCCCCACCCCTAGCTA,1
TCCCTCCTCTAAAGTT,1
TCCGTTGTACACACCA,1
TCCTAAAGGATCATGA,1
TCCTAGTCCTCGTATG,1
TCCTATGAAAGAAGCT,1
TCCTATTCCGGCGCGG,1
TCCTCCGTTGGGAACT,1
TCCTTTGCGCGCAGTC,1
TCGAACGAAATAGGAG,1
TCGAACGAAGTACGAG,1
TCGAACGAAGTAGAAG,1
TCGAACGAAGTAGGAC,1
TCGAACGAAGTAGTAG,1
TCGAACGAAGTATGAG,1
TCGAACGAATTAGGAG,1
TCGAACGGAGTAGGAG,1
TCGAACTCTCGCGGCA,1
TCGACCGTTGGGAACT,1
TCGACTACTAGCCGGA,1
TCGAGCGCGGTAAGAG,1
TCGAGTTAATATGCGT,1
TCGAGTTAATGTGCGC,1
TCGAGTTTATATGCGC,1
TCGATCACTAGCCGGA,1
TCGATCGGGGGCTAAA,1
TCGATTACGAGCCGGG,1
TCGATTACTACCCGGA,1
TCGATTACTAGCCGAA,1
TCGATTACTAGCCGGT,1
TCGATTAGTAGCCGGA,1
TCGATTGCTAGCCGGA,1
TCGCATTAGCGGGAGG,1
TCGCCGCACTACTGCT,1
TCGCGCACGTTTAGAG,1
TCGCGTCAACTAAAAA,1
TCGCTTAAACTAAAAA,1
TCGCTTCAACGAAAAA,1
TCGCTTCAACTAAAAG,1
TCGCTTCAACTAAAGA,1
TCGCTTCAACTAAATA,1
TCGCTTCGACTAAAAA,1
TCGCTTTAACTAAAAA,1
TCGGGAAACGAGCCCC,1
TCGGGAAACGATCCCC,1
TCGGGCACTAAATTAA,1
TCGGGGATTGGCTGTT,1
TCGGGTTAATATGCGC,1
TCGGTTACTAGCCGGA,1
TCGTAGGCCTCGTATG,1
TCGTAGTCCTCGTATG,1
TCGTATTAGGCGGCAT,1
TCGTCAATTGGGAACT,1
TCGTCCATTGGGAAAT,1
TCGTCCATTGGGAACA,1
TCGTCCATTGTGAACT,1
TCGTCCCACTACTGCT,1
TCGTCCGCTGGGAACT,1
TCGTCCGGTGGGAACT,1
TCGTCCGTTCGGAACT,1
TCGTCCGTTGGAAACT,1
TCGTCCGTTGGGAAGT,1
TCGTCCGTTGGTAACT,1
TCGTCGCAATACTGCT,1
TCGTCGCACCACTGCT,1
TCGTCGCACTACGGCT,1
TCGTCGCACTACTCCT,1
TCGTCGCACTACTGCG,1
TCGTCGCACTATTGCT,1
TCGTCGCACTTCTGCT,1
TCGTCGCGCTACTGCT,1
TCGTCGCTCTACTGCT,1
TCGTCGGACTACTGCT,1
TCGTCTTACTACTGCT,1
TCGTGACATAGCGATG,1
TCGTGCGTTGGGAACT,1
TCGTTCCACTACTGCT,1
TCGTTGCACCACTGCT,1
TCGTTGCACTACCGCT,1
TCGTTGCACTACTGTT,1
TCGTTGCATTACTGCT,1
TCTAACTCCCGCGGCA,1
TCTAACTCGCGCGGCA,1
TCTAACTCTCCCGGCA,1
TCTAACTCTCGCAGCA,1
TCTAACTCTCGCGGCC,1
TCTAACTCTGGCGGCA,1
TCTAAGCTCTTAGCCG,1
TCTAAGTCTCGCGGCA,1
TCTAATTAGGCGGCAT,1
TCTACACCCCTAGCTA,1
TCTACGAGGCTACGTA,1
TCTAGAAACGATCCCC,1
TCTCACAGAACCTATC,1
TCTCAGCTCTTAGACG,1
TCTCAGCTCTTAGCCA,1
TCTCAGCTCTTAGCTG,1
TCTCAGCTCTTAGTCG,1
TCTCAGTCCTCGTATG,1
TCTCGTGATACTCACA,1
TCTGGAAACGATCCTC,1
TCTGGACAGAGCGATG,1
TCTGTAAACGATCCCC,1
TCTGTCTAGAAATTTT,1
TCTTAAGAGAAATGCG,1
TCTTAATCCTCGTATG,1
TCTTACTCCTCGTATG,1
TCTTAGACCTCGTATG,1
TCTTAGACTGAACGAT,1
TCTTAGAGTGAAAAAT,1
TCTTAGAGTGAACGTT,1
TCTTAGAGTGATCGAT,1
TCTTAGGCCTCGTATG,1
TCTTAGTCCTCCTATG,1
TCTTAGTCCTCGGAGG,1
TCTTAGTCCTCGTAAT,1
TCTTAGTCCTCGTAGG,1
TCTTAGTTCTCGTATG,1
TCTTATGAGGCGGCAT,1
TCTTATTAAGCGGCAT,1
TCTTATTAGACGGCAT,1
TCTTATTAGGCGCCAT,1
TCTTATTAGGCGGCAA,1
TCTTATTAGGCGGCGT,1
TCTTATTAGGCGGCTT,1
TCTTATTAGGCTGCAT,1
TCTTATTAGGTGGCAT,1
TCTTCACATAGCGATG,1
TCTTCACCACTGCATC,1
TCTTGAAAGAGCGATG,1
TCTTGACATAGCGAAG,1
TCTTGACATAGCGACG,1
TCTTGACATAGCGATA,1
TCTTGACATAGCGGTG,1
TCTTGACATAGCTCCA,1
TCTTGACATCGCGATG,1
TCTTGACGGAGGGATG,1
TCTTGATATAGCGATG,1
TCTTTACCACTCCATC,1
TCTTTACCACTGCACC,1
TCTTTACCACTGGATC,1
TCTTTACCACTGTATC,1
TCTTTACCAGTGCATC,1
TCTTTACCTCTGCATC,1
TCTTTACGACTGCATC,1
TCTTTGCCACTGCATC,1
TGAAAACAATACAAAT,1
TGAAAACATTACAAAT,1
TGAAACACGTCCCAGT,1
TGAAATCGTCACCAAT,1
TGAATCGGGGGCTAAA,1
TGACAAAAATACAAAT,1
TGACAACAACACAAAT,1
TGACAACAATAAAAAT,1
TGACAACAATACAAAG,1
TGACAACAATACAAGT,1
TGACAACAATACGAAT,1
TGACAACAATGCAAAT,1
TGACAGCAATACAAAT,1
TGACCATCGCACCCAA,1
TGACCGCCAGTTTCGT,1
TGAGAACAATACAAAT,1
TGAGGAGCGCCCTTAC,1
TGAGTTCATAGCCCCA,1
TGAGTTCATAGTTCCA,1
TGAGTTCATATCTCCA,1
TGATATGTGACATTGC,1
TGATATTCCGGCGCGG,1
TGATATTCCGGCGTGG,1
TGATATTTTACATTTA,1
TGATCCTTTACATTTA,1
TGATCTCTTACATTTA,1
TGATCTGGGACATTGC,1
TGATCTGTGAAATTGC,1
TGATCTGTGACATCGC,1
TGATCTGTGACATTCC,1
TGATCTGTGACATTTC,1
TGATCTGTGGCATTGC,1
TGATCTTCTACATTTA,1
TGATCTTGTACATTTA,1
TGATCTTTTACATCTA,1
TGATCTTTTACATTCA,1
TGATCTTTTATATTTA,1
TGATGGGTGTACGAGA,1
TGATTTCATAGCTCCA,1
TGCAATCGTCACCGAT,1
TGCACTTTACGAGACA,1
TGCAGCGGTATACATA,1
TGCAGGGGTATACATA,1
TGCAGTAGTATACATA,1
TGCAGTGCTATACATA,1
TGCAGTGGCATACATA,1
TGCAGTGGGATACATA,1
TGCAGTGGTATAAACA,1
TGCAGTGGTATACACA,1
TGCAGTGGTATACGTA,1
TGCAGTGGTATAGATA,1
TGCAGTGGTGTACATA,1
TGCAGTTGTATACATA,1
TGCATACCGACGCAGT,1
TGCATAGGGATATGTG,1
TGCATCTAACAGATAG,1
TGCATTGGTATACATA,1
TGCCCATGCTGGGGAT,1
TGCCTGCTGCGGAACG,1
TGCGGTGGTCGACCCG,1
TGCGGTGGTCGATACG,1
TGCGGTGGTCGATCCC,1
TGCGGTGGTCGATTCG,1
TGCGGTGTTCGATCCG,1
TGCTATTCAGGAGCGG,1
TGCTATTCCGGCGCCG,1
TGCTATTCCGGCGCGC,1
TGCTATTCCGGCGGGG,1
TGCTATTCCGGGGCGG,1
TGCTATTCGGGCGCGG,1
TGCTATTGCGGCGCGG,1
TGCTATTTCGGCGCGG,1
TGCTCCTGGGGTATCA,1
TGCTGTTGTCGATCCG,1
TGGAAAGAAACTGGAG,1
TGGAACCGTCACCGAT,1
TGGAATAGTCACCAAT,1
TGGAATAGTCACCGAT,1
TGGAATCCTCACCGAT,1
TGGAATCGTAACCAAT,1
TGGAATCGTCAACAAT,1
TGGAATCGTCAACGAT,1
TGGAATCGTCACCAAA,1
TGGAATCGTCACCAAC,1
TGGAATCGTCACCAAG,1
TGGAATCGTCACCATA,1
TGGAATCGTCACCGGT,1
TGGAATCGTCACCGTT,1
TGGAATCGTCACTGAT,1
TGGAATCGTCAGCAAT,1
TGGAATCGTCATCAAT,1
TGGAATTGTCACCAAT,1
TGGAGTCGTCACCGAT,1
TGGCATTGTCGGAAAG,1
TGGCCCGCTTCATGCT,1
TGGCCGGATAAAGTAG,1
TGGGGCACTAAATTAA,1
TGGGGGAACGGGAAGC,1
TGGGGTCATAGCTAAA,1
TGGTATCAGTCGCGCC,1
TGGTCCACTTCATGCT,1
TGGTCCCCTTCATGCT,1
TGGTCCGCTTAATGCT,1
TGGTCCGCTTCACGCT,1
TGGTCCGCTTCAGGCT,1
TGGTCCGCTTCATACT,1
TGGTCCGCTTCATGCA,1
TGGTCCGCTTCATGTA,1
TGGTCCGCTTCATGTT,1
TGGTCCGCTTCATTCT,1
TGGTCTGTGACATTGC,1
TGGTTCAGACTCTTGC,1
TGGTTCGCTTCATGCT,1
TGTAACAGGCGTCACA,1
TGTAATAAGCGTCACA,1
TGTAATAGGCATCACA,1
TGTAATAGGCGTTACA,1
TGTAATAGGCTTCACA,1
TGTAATCGTCACCAAT,1
TGTACAGTGTAATCGA,1
TGTACGGATAAAGTAG,1
TGTATTAGGCGTCACA,1
TGTATTAGTAACATAA,1
TGTCCAGATAAAGTAG,1
TGTCCGGATAAAGCAG,1
TGTCCGGATAAAGTAT,1
TGTCCGGATAAAGTGG,1
TGTCCGGATGAAGTAG,1
TGTCGTGAGAGTCACG,1
TGTCGTTTAGATAGTT,1
TGTGGAGCCAGTATGA,1
TGTGGAGCCCCCTTAC,1
TGTGGAGCGACCTTAC,1
TGTGGAGCGCCCTTAT,1
TGTGGAGCGCTCTTAC,1
TGTGGATCGCCCTTAC,1
TGTGTAGCGCCCTTAC,1
TGTGTTGAATAGGCGA,1
TGTTAAGCCAGTCTGA,1
TGTTATAATCTGAATA,1
TGTTCCATAGGCATGG,1
TGTTGACCCAGTCTGA,1
TGTTGAGCCACTCTGA,1
TGTTGAGCCAGGCTGA,1
TGTTGAGCCAGTCGGA,1
TGTTGAGCCAGTCTCA,1
TGTTGAGCCAGTCTGC,1
TGTTGAGCCAGTGTGA,1
TGTTGAGCTAGTCTGA,1
TGTTGAGGCAGTCTGA,1
TGTTGATGCATTCCCG,1
TGTTGTAATCTAAATA,1
TGTTGTAATCTTAATA,1
TGTTGTAGTCTGAATA,1
TGTTGTGATCTGAATA,1
TGTTTTTGGTTCGAGG,1
TTAAGCAAAGTTGACC,1
TTAAGCTTCATGGAGT,1
TTAATGTAACCGCTCC,1
TTAATGTAGCCGCCCC,1
TTAATGTAGCCTCTCC,1
TTAATGTAGCTGCTCC,1
TTAATGTGGCCGCTCC,1
TTAATTCGCATGCGGA,1
TTACAATTGAAACATA,1
TTACACGAGGTTGTGA,1
TTACGAACTTGATTCC,1
TTACGAAGTTGATTCC,1
TTACGAATTTGAATCC,1
TTACGAATTTGATGCC,1
TTACGAATTTGATTCG,1
TTACGAATTTGATTTC,1
TTAGAATCGCAAATTA,1
TTAGTGTAGCCGCTCC,1
TTATATTGCCCGGAAG,1
TTATCTGCAGAGCGCT,1
TTATCTGGAGAGCGCT,1
TTATCTGTAAAGCGCT,1
TTATCTGTAGAACGCT,1
TTATCTGTCGAGCGCT,1
TTATGGGTGTACGAGA,1
TTCAATGTCGTAGGAT,1
TTCACACCCCTAGCTA,1
TTCAGGATAATCGCGC,1
TTCATATCCAACACCA,1
TTCATATCGAGATTCA,1
TTCATCAAGTTGGCGC,1
TTCATCAAGTTGGTAT,1
TTCATCAGGTTGGTGC,1
TTCCACAGAACCTATC,1
TTCCAGCGTTGTTTTG,1
TTCCGTCAGCATAAAC,1
TTCCTCCTGAGTAGTA,1
TTCGGTGGTCGATCCG,1
TTCTCTCCAGACTCGT,1
TTCTGATAACCCTGCG,1
TTCTGTCCAGAATCGT,1
TTCTGTCCAGACTCGA,1
TTCTGTCCAGACTTGT,1
TTCTGTCCTGACTGCT,1
TTCTGTGCAGACTCGT,1
TTCTGTTCAGACTCGT,1
TTGAAAAAACCATAAA,1
TTGAAAAAATAATAAA,1
TTGAAAAAATCAGAAA,1
TTGAAAAAATCATAAC,1
TTGAAAAAATCATGAA,1
TTGAATCACCGAATAA,1
TTGAATCGTCACCGAT,1
TTGACCCACCGAATAA,1
TTGACTCACCGAAGAA,1
TTGACTCACCGAATAG,1
TTGACTCACCGAATTA,1
TTGAGAAAATCATAAA,1
TTGAGCACTAAATTAA,1
TTGAGTTAATATGCGC,1
TTGATAAAATCATAAA,1
TTGATATCCAACACCA,1
TTGATGACTAGCCGGA,1
TTGATGTCCAACACCA,1
TTGATTACTAGCCGGA,1
TTGCAATCGAAACATA,1
TTGCAATTGAAACAGA,1
TTGCAATTGAAACATG,1
TTGCAATTGAAACATT,1
TTGCAATTGGAACATA,1
TTGCAATTGTAACATA,1
TTGCAATTTAAACATA,1
TTGCAGCGTGGTTTTG,1
TTGCAGCGTTGTTTTG,1
TTGCATCCTAGTGACG,1
TTGCATTGTCGGAAAG,1
TTGCGATTGTCCGGAA,1
TTGCGGAACGGGAAGC,1
TTGCTCCTAAGTAGTA,1
TTGCTCCTCAGTAGTA,1
TTGCTCCTGAGCAGTA,1
TTGCTCCTGAGGAGTA,1
TTGCTCCTGAGTAGAA,1
TTGCTCCTGAGTTGTA,1
TTGCTCGTGAGTAGTA,1
TTGCTCTTGAGTAGTA,1
TTGCTGATAGTAACTC,1
TTGCTTCGGAGGAGGA,1
TTGCTTGCTATGGATC,1
TTGGCCACTAAATTAA,1
TTGGCGAACGGGAAGC,1
TTGGGCAATAAATTAA,1
TTGGGCACTAAACTAA,1
TTGGGCACTAAATCAA,1
TTGGGCACTAAATTAT,1
TTGGGCACTAAATTTT,1
TTGGGCACTGAATTAA,1
TTGGGGAAAGGAAAGC,1
TTGGGGAACAGGAAGC,1
TTGGGGAACGATCCCC,1
TTGGGGAACGGCAAGC,1
TTGGGGAACGGGGTAG,1
TTGGGGAACGGGTAGC,1
TTGGGGAACGTGAAGC,1
TTGGGGAAGGGGAAGC,1
TTGGGGATCGGGAAGC,1
TTGGGGATTGGCTGTT,1
TTGGGGGATTCAACTC,1
TTGGGGTAGAGATACG,1
TTGGGTAACGGGAAGC,1
TTGGTCCTGAGTAGTA,1
TTGTATAAGTCACGCC,1
TTGTATCAGGCGCGCC,1
TTGTATCAGTAGCGAC,1
TTGTATCAGTCCCGCC,1
TTGTATCAGTCGCGCG,1
TTGTATCAGTCGGGCC,1
TTGTATCAGTCGTGCC,1
TTGTATCAGTGGCGCC,1
TTGTATCGGTCGCGCC,1
TTGTCTGTAGAGCGCT,1
TTGTGCACTAAATTAA,1
TTGTTCCTGAGTAGTA,1
TTTAATAGGCGTCACA,1
TTTACATCGAGATTCA,1
TTTACTCACCGAATAA,1
TTTAGATCCAACACCA,1
TTTAGATCGAGATTCA,1
TTTAGGTATTACATGC,1
TTTAGGTATTATATGC,1
TTTATACCCAACACCA,1
TTTATATACAACGCCA,1
TTTATATCCAACACAT,1
TTTATATCCAACACGA,1
TTTATATCCAACACTA,1
TTTATATCCAACATCA,1
TTTATATCCAACTCCA,1
TTTATATCCAGCACCA,1
TTTATATCCGACACCA,1
TTTATATCGAACACCA,1
TTTATATCGAGATTCT,1
TTTATATCGAGGTTCA,1
TTTATATCGATATTCA,1
TTTATATCGGGATTCA,1
TTTATATCTATATTCA,1
TTTATATGCAACACCA,1
TTTATATTCAACACCA,1
TTTATCAAGTTGGTGC,1
TTTATCATATCTAATA,1
TTTATGTCCAACACCA,1
TTTATGTCGAGATTCA,1
TTTATTAGTAACATAA,1
TTTCACACAACCTATC,1
TTTCACAGAAGCTATC,1
TTTCAGAGGGGTTGTG,1
TTTCAGCGCTGTTTTG,1
TTTCAGCGTAGTTTTG,1
TTTCAGCGTTGCTTTG,1
TTTCAGCGTTGTTGTG,1
TTTCAGCGTTGTTTAG,1
TTTCAGCGTTGTTTCA,1
TTTCAGCGTTGTTTGG,1
TTTCAGCGTTGTTTTT,1
TTTCAGTGTTGTTTTG,1
TTTCATGATACTCACA,1
TTTCGGGATACTCACA,1
TTTCGTCATACTCACA,1
TTTCGTGACACTCACA,1
TTTCGTGATACGCACA,1
TTTCGTGATACTCAAA,1
TTTCGTGATACTCACG,1
TTTCGTGATACTTACA,1
TTTCGTTATACTCACA,1
TTTGCTCCGACACGCC,1
TTTGGCACTAAATTAA,1
TTTTAGATGGTCCCAA,1
TTTTATCAGTAGCGCC,1
TTTTGTGATACTCACA,1
