serum,strain,plate_barcode,dilution_factor,frac_infectivity_raw,frac_infectivity_ceiling
PENN23_y1999_s048_d0,A/Minnesota/126/2024_H3N2,plate0_1_to_16-AAACCCATAAGACCCC,40,0.04093,0.04093
PENN23_y1999_s048_d0,A/Minnesota/126/2024_H3N2,plate0_1_to_16-AAACCCATAAGACCCC,92,0.1571,0.1571
PENN23_y1999_s048_d0,A/Minnesota/126/2024_H3N2,plate0_1_to_16-AAACCCATAAGACCCC,212,0.2036,0.2036
PENN23_y1999_s048_d0,A/Minnesota/126/2024_H3N2,plate0_1_to_16-AAACCCATAAGACCCC,487,0.343,0.343
PENN23_y1999_s048_d0,A/Minnesota/126/2024_H3N2,plate0_1_to_16-AAACCCATAAGACCCC,1119,0.2815,0.2815
PENN23_y1999_s048_d0,A/Minnesota/126/2024_H3N2,plate0_1_to_16-AAACCCATAAGACCCC,2575,0.571,0.571
PENN23_y1999_s048_d0,A/Minnesota/126/2024_H3N2,plate0_1_to_16-AAACCCATAAGACCCC,5921,0.8974,0.8974
PENN23_y1999_s048_d0,A/Minnesota/126/2024_H3N2,plate0_1_to_16-AAACCCATAAGACCCC,1.362e+04,0.88,0.88
PENN23_y1999_s048_d0,A/Singapore/INFIMH-16-0019/2016X-307A_H3N2,plate0_1_to_16-AAAGACCTTTAACTCT,40,0,0
PENN23_y1999_s048_d0,A/Singapore/INFIMH-16-0019/2016X-307A_H3N2,plate0_1_to_16-AAAGACCTTTAACTCT,92,0,0
PENN23_y1999_s048_d0,A/Singapore/INFIMH-16-0019/2016X-307A_H3N2,plate0_1_to_16-AAAGACCTTTAACTCT,212,0,0
PENN23_y1999_s048_d0,A/Singapore/INFIMH-16-0019/2016X-307A_H3N2,plate0_1_to_16-AAAGACCTTTAACTCT,487,0.004711,0.004711
PENN23_y1999_s048_d0,A/Singapore/INFIMH-16-0019/2016X-307A_H3N2,plate0_1_to_16-AAAGACCTTTAACTCT,1119,0.04651,0.04651
PENN23_y1999_s048_d0,A/Singapore/INFIMH-16-0019/2016X-307A_H3N2,plate0_1_to_16-AAAGACCTTTAACTCT,2575,0.07808,0.07808
PENN23_y1999_s048_d0,A/Singapore/INFIMH-16-0019/2016X-307A_H3N2,plate0_1_to_16-AAAGACCTTTAACTCT,5921,0.8748,0.8748
PENN23_y1999_s048_d0,A/Singapore/INFIMH-16-0019/2016X-307A_H3N2,plate0_1_to_16-AAAGACCTTTAACTCT,1.362e+04,0.3534,0.3534
PENN23_y1999_s048_d0,A/Wisconsin/67/2022_H1N1,plate0_1_to_16-AAAGCTCTTTTCGTTC,40,0,0
PENN23_y1999_s048_d0,A/Wisconsin/67/2022_H1N1,plate0_1_to_16-AAAGCTCTTTTCGTTC,92,0.001037,0.001037
PENN23_y1999_s048_d0,A/Wisconsin/67/2022_H1N1,plate0_1_to_16-AAAGCTCTTTTCGTTC,212,0.09026,0.09026
PENN23_y1999_s048_d0,A/Wisconsin/67/2022_H1N1,plate0_1_to_16-AAAGCTCTTTTCGTTC,487,0.3344,0.3344
PENN23_y1999_s048_d0,A/Wisconsin/67/2022_H1N1,plate0_1_to_16-AAAGCTCTTTTCGTTC,1119,0.8678,0.8678
PENN23_y1999_s048_d0,A/Wisconsin/67/2022_H1N1,plate0_1_to_16-AAAGCTCTTTTCGTTC,2575,0.7832,0.7832
PENN23_y1999_s048_d0,A/Wisconsin/67/2022_H1N1,plate0_1_to_16-AAAGCTCTTTTCGTTC,5921,1.326,1
PENN23_y1999_s048_d0,A/Wisconsin/67/2022_H1N1,plate0_1_to_16-AAAGCTCTTTTCGTTC,1.362e+04,0.9353,0.9353
PENN23_y1999_s048_d0,A/Lisboa/216/2023_H3N2,plate0_1_to_16-AAAGGCGCGCCTTCAA,40,0.002466,0.002466
PENN23_y1999_s048_d0,A/Lisboa/216/2023_H3N2,plate0_1_to_16-AAAGGCGCGCCTTCAA,92,0.347,0.347
PENN23_y1999_s048_d0,A/Lisboa/216/2023_H3N2,plate0_1_to_16-AAAGGCGCGCCTTCAA,212,0.7461,0.7461
PENN23_y1999_s048_d0,A/Lisboa/216/2023_H3N2,plate0_1_to_16-AAAGGCGCGCCTTCAA,487,1.167,1
PENN23_y1999_s048_d0,A/Lisboa/216/2023_H3N2,plate0_1_to_16-AAAGGCGCGCCTTCAA,1119,0.3926,0.3926
PENN23_y1999_s048_d0,A/Lisboa/216/2023_H3N2,plate0_1_to_16-AAAGGCGCGCCTTCAA,2575,0.6219,0.6219
PENN23_y1999_s048_d0,A/Lisboa/216/2023_H3N2,plate0_1_to_16-AAAGGCGCGCCTTCAA,5921,0.6708,0.6708
PENN23_y1999_s048_d0,A/Lisboa/216/2023_H3N2,plate0_1_to_16-AAAGGCGCGCCTTCAA,1.362e+04,0.7842,0.7842
PENN23_y1999_s048_d0,A/Queensland/IN000684/2024_H1N1,plate0_1_to_16-AAATGTTTAATAGACG,40,0,0
PENN23_y1999_s048_d0,A/Queensland/IN000684/2024_H1N1,plate0_1_to_16-AAATGTTTAATAGACG,92,0,0
PENN23_y1999_s048_d0,A/Queensland/IN000684/2024_H1N1,plate0_1_to_16-AAATGTTTAATAGACG,212,0.2029,0.2029
PENN23_y1999_s048_d0,A/Queensland/IN000684/2024_H1N1,plate0_1_to_16-AAATGTTTAATAGACG,487,0.1137,0.1137
PENN23_y1999_s048_d0,A/Queensland/IN000684/2024_H1N1,plate0_1_to_16-AAATGTTTAATAGACG,1119,0.3377,0.3377
PENN23_y1999_s048_d0,A/Queensland/IN000684/2024_H1N1,plate0_1_to_16-AAATGTTTAATAGACG,2575,0.5699,0.5699
PENN23_y1999_s048_d0,A/Queensland/IN000684/2024_H1N1,plate0_1_to_16-AAATGTTTAATAGACG,5921,0.9698,0.9698
PENN23_y1999_s048_d0,A/Queensland/IN000684/2024_H1N1,plate0_1_to_16-AAATGTTTAATAGACG,1.362e+04,0.6928,0.6928
PENN23_y1999_s048_d0,A/Cambodia/e0826360/2020egg_H3N2,plate0_1_to_16-AAATTCACAATATCCA,40,0,0
PENN23_y1999_s048_d0,A/Cambodia/e0826360/2020egg_H3N2,plate0_1_to_16-AAATTCACAATATCCA,92,0,0
PENN23_y1999_s048_d0,A/Cambodia/e0826360/2020egg_H3N2,plate0_1_to_16-AAATTCACAATATCCA,212,0,0
PENN23_y1999_s048_d0,A/Cambodia/e0826360/2020egg_H3N2,plate0_1_to_16-AAATTCACAATATCCA,487,0.003602,0.003602
PENN23_y1999_s048_d0,A/Cambodia/e0826360/2020egg_H3N2,plate0_1_to_16-AAATTCACAATATCCA,1119,0.04618,0.04618
PENN23_y1999_s048_d0,A/Cambodia/e0826360/2020egg_H3N2,plate0_1_to_16-AAATTCACAATATCCA,2575,0.1557,0.1557
PENN23_y1999_s048_d0,A/Cambodia/e0826360/2020egg_H3N2,plate0_1_to_16-AAATTCACAATATCCA,5921,0.564,0.564
PENN23_y1999_s048_d0,A/Cambodia/e0826360/2020egg_H3N2,plate0_1_to_16-AAATTCACAATATCCA,1.362e+04,0.8841,0.8841
PENN23_y1999_s048_d0,A/Busan/277/2025_H1N1,plate0_1_to_16-AACACGTAGAACCGCC,40,0.00189,0.00189
PENN23_y1999_s048_d0,A/Busan/277/2025_H1N1,plate0_1_to_16-AACACGTAGAACCGCC,92,0.007079,0.007079
PENN23_y1999_s048_d0,A/Busan/277/2025_H1N1,plate0_1_to_16-AACACGTAGAACCGCC,212,0.361,0.361
PENN23_y1999_s048_d0,A/Busan/277/2025_H1N1,plate0_1_to_16-AACACGTAGAACCGCC,487,0.3386,0.3386
PENN23_y1999_s048_d0,A/Busan/277/2025_H1N1,plate0_1_to_16-AACACGTAGAACCGCC,1119,0.6067,0.6067
PENN23_y1999_s048_d0,A/Busan/277/2025_H1N1,plate0_1_to_16-AACACGTAGAACCGCC,2575,0.6031,0.6031
PENN23_y1999_s048_d0,A/Busan/277/2025_H1N1,plate0_1_to_16-AACACGTAGAACCGCC,5921,0.861,0.861
PENN23_y1999_s048_d0,A/Busan/277/2025_H1N1,plate0_1_to_16-AACACGTAGAACCGCC,1.362e+04,1.046,1
PENN23_y1999_s048_d0,A/New_York/GKISBBBE61555/2025_H3N2,plate0_1_to_16-AACAGAAGTCCATGTA,40,0.2811,0.2811
PENN23_y1999_s048_d0,A/New_York/GKISBBBE61555/2025_H3N2,plate0_1_to_16-AACAGAAGTCCATGTA,92,0.4261,0.4261
PENN23_y1999_s048_d0,A/New_York/GKISBBBE61555/2025_H3N2,plate0_1_to_16-AACAGAAGTCCATGTA,212,0.5227,0.5227
PENN23_y1999_s048_d0,A/New_York/GKISBBBE61555/2025_H3N2,plate0_1_to_16-AACAGAAGTCCATGTA,487,0.3598,0.3598
PENN23_y1999_s048_d0,A/New_York/GKISBBBE61555/2025_H3N2,plate0_1_to_16-AACAGAAGTCCATGTA,1119,0.6968,0.6968
PENN23_y1999_s048_d0,A/New_York/GKISBBBE61555/2025_H3N2,plate0_1_to_16-AACAGAAGTCCATGTA,2575,0.5183,0.5183
PENN23_y1999_s048_d0,A/New_York/GKISBBBE61555/2025_H3N2,plate0_1_to_16-AACAGAAGTCCATGTA,5921,0.7456,0.7456
PENN23_y1999_s048_d0,A/New_York/GKISBBBE61555/2025_H3N2,plate0_1_to_16-AACAGAAGTCCATGTA,1.362e+04,0.8724,0.8724
PENN23_y1999_s048_d0,A/Kansas/14/2017_H3N2,plate0_1_to_16-AACCACCCCAGAGATG,40,0,0
PENN23_y1999_s048_d0,A/Kansas/14/2017_H3N2,plate0_1_to_16-AACCACCCCAGAGATG,92,0.00671,0.00671
PENN23_y1999_s048_d0,A/Kansas/14/2017_H3N2,plate0_1_to_16-AACCACCCCAGAGATG,212,0.01535,0.01535
PENN23_y1999_s048_d0,A/Kansas/14/2017_H3N2,plate0_1_to_16-AACCACCCCAGAGATG,487,0.1106,0.1106
PENN23_y1999_s048_d0,A/Kansas/14/2017_H3N2,plate0_1_to_16-AACCACCCCAGAGATG,1119,0.2233,0.2233
PENN23_y1999_s048_d0,A/Kansas/14/2017_H3N2,plate0_1_to_16-AACCACCCCAGAGATG,2575,0.3917,0.3917
PENN23_y1999_s048_d0,A/Kansas/14/2017_H3N2,plate0_1_to_16-AACCACCCCAGAGATG,5921,1.79,1
PENN23_y1999_s048_d0,A/Kansas/14/2017_H3N2,plate0_1_to_16-AACCACCCCAGAGATG,1.362e+04,2.859,1
PENN23_y1999_s048_d0,A/Texas/50/2012_H3N2,plate0_1_to_16-AACCGTACCGCGTTTA,40,0,0
PENN23_y1999_s048_d0,A/Texas/50/2012_H3N2,plate0_1_to_16-AACCGTACCGCGTTTA,92,0,0
PENN23_y1999_s048_d0,A/Texas/50/2012_H3N2,plate0_1_to_16-AACCGTACCGCGTTTA,212,0,0
PENN23_y1999_s048_d0,A/Texas/50/2012_H3N2,plate0_1_to_16-AACCGTACCGCGTTTA,487,0.001396,0.001396
PENN23_y1999_s048_d0,A/Texas/50/2012_H3N2,plate0_1_to_16-AACCGTACCGCGTTTA,1119,0.02297,0.02297
PENN23_y1999_s048_d0,A/Texas/50/2012_H3N2,plate0_1_to_16-AACCGTACCGCGTTTA,2575,0.09282,0.09282
PENN23_y1999_s048_d0,A/Texas/50/2012_H3N2,plate0_1_to_16-AACCGTACCGCGTTTA,5921,0.1942,0.1942
PENN23_y1999_s048_d0,A/Texas/50/2012_H3N2,plate0_1_to_16-AACCGTACCGCGTTTA,1.362e+04,0.8353,0.8353
PENN23_y1999_s048_d0,A/Wisconsin/NIRC-IS-1028/2024_H3N2,plate0_1_to_16-AACCTACGAGACGTAA,40,0.1532,0.1532
PENN23_y1999_s048_d0,A/Wisconsin/NIRC-IS-1028/2024_H3N2,plate0_1_to_16-AACCTACGAGACGTAA,92,0.276,0.276
PENN23_y1999_s048_d0,A/Wisconsin/NIRC-IS-1028/2024_H3N2,plate0_1_to_16-AACCTACGAGACGTAA,212,0.7705,0.7705
PENN23_y1999_s048_d0,A/Wisconsin/NIRC-IS-1028/2024_H3N2,plate0_1_to_16-AACCTACGAGACGTAA,487,0.5568,0.5568
PENN23_y1999_s048_d0,A/Wisconsin/NIRC-IS-1028/2024_H3N2,plate0_1_to_16-AACCTACGAGACGTAA,1119,0.5735,0.5735
PENN23_y1999_s048_d0,A/Wisconsin/NIRC-IS-1028/2024_H3N2,plate0_1_to_16-AACCTACGAGACGTAA,2575,1.131,1
PENN23_y1999_s048_d0,A/Wisconsin/NIRC-IS-1028/2024_H3N2,plate0_1_to_16-AACCTACGAGACGTAA,5921,0.9638,0.9638
PENN23_y1999_s048_d0,A/Wisconsin/NIRC-IS-1028/2024_H3N2,plate0_1_to_16-AACCTACGAGACGTAA,1.362e+04,1.355,1
PENN23_y1999_s048_d0,A/Washington/284/2024_H3N2,plate0_1_to_16-AACGGTTCCGACTAAG,40,0.1437,0.1437
PENN23_y1999_s048_d0,A/Washington/284/2024_H3N2,plate0_1_to_16-AACGGTTCCGACTAAG,92,0.2193,0.2193
PENN23_y1999_s048_d0,A/Washington/284/2024_H3N2,plate0_1_to_16-AACGGTTCCGACTAAG,212,0.4438,0.4438
PENN23_y1999_s048_d0,A/Washington/284/2024_H3N2,plate0_1_to_16-AACGGTTCCGACTAAG,487,0.341,0.341
PENN23_y1999_s048_d0,A/Washington/284/2024_H3N2,plate0_1_to_16-AACGGTTCCGACTAAG,1119,0.6017,0.6017
PENN23_y1999_s048_d0,A/Washington/284/2024_H3N2,plate0_1_to_16-AACGGTTCCGACTAAG,2575,0.6135,0.6135
PENN23_y1999_s048_d0,A/Washington/284/2024_H3N2,plate0_1_to_16-AACGGTTCCGACTAAG,5921,1.14,1
PENN23_y1999_s048_d0,A/Washington/284/2024_H3N2,plate0_1_to_16-AACGGTTCCGACTAAG,1.362e+04,0.6841,0.6841
PENN23_y1999_s048_d0,A/Oregon/265/2024_H3N2,plate0_1_to_16-AACTGCGTTCATCGAT,40,0.05579,0.05579
PENN23_y1999_s048_d0,A/Oregon/265/2024_H3N2,plate0_1_to_16-AACTGCGTTCATCGAT,92,0.3471,0.3471
PENN23_y1999_s048_d0,A/Oregon/265/2024_H3N2,plate0_1_to_16-AACTGCGTTCATCGAT,212,0.1842,0.1842
PENN23_y1999_s048_d0,A/Oregon/265/2024_H3N2,plate0_1_to_16-AACTGCGTTCATCGAT,487,0.5968,0.5968
PENN23_y1999_s048_d0,A/Oregon/265/2024_H3N2,plate0_1_to_16-AACTGCGTTCATCGAT,1119,0.4884,0.4884
PENN23_y1999_s048_d0,A/Oregon/265/2024_H3N2,plate0_1_to_16-AACTGCGTTCATCGAT,2575,0.4802,0.4802
PENN23_y1999_s048_d0,A/Oregon/265/2024_H3N2,plate0_1_to_16-AACTGCGTTCATCGAT,5921,1.086,1
PENN23_y1999_s048_d0,A/Oregon/265/2024_H3N2,plate0_1_to_16-AACTGCGTTCATCGAT,1.362e+04,0.7151,0.7151
PENN23_y1999_s048_d0,A/Victoria/46/2024_H3N2,plate0_1_to_16-AACTTCCCTGACTGCT,40,0.3345,0.3345
PENN23_y1999_s048_d0,A/Victoria/46/2024_H3N2,plate0_1_to_16-AACTTCCCTGACTGCT,92,0.1287,0.1287
PENN23_y1999_s048_d0,A/Victoria/46/2024_H3N2,plate0_1_to_16-AACTTCCCTGACTGCT,212,0.1146,0.1146
PENN23_y1999_s048_d0,A/Victoria/46/2024_H3N2,plate0_1_to_16-AACTTCCCTGACTGCT,487,0.6874,0.6874
PENN23_y1999_s048_d0,A/Victoria/46/2024_H3N2,plate0_1_to_16-AACTTCCCTGACTGCT,1119,0.9134,0.9134
PENN23_y1999_s048_d0,A/Victoria/46/2024_H3N2,plate0_1_to_16-AACTTCCCTGACTGCT,2575,1.015,1
PENN23_y1999_s048_d0,A/Victoria/46/2024_H3N2,plate0_1_to_16-AACTTCCCTGACTGCT,5921,1.177,1
PENN23_y1999_s048_d0,A/Victoria/46/2024_H3N2,plate0_1_to_16-AACTTCCCTGACTGCT,1.362e+04,0.9383,0.9383
PENN23_y1999_s048_d0,A/Indiana/46/2024_H3N2,plate0_1_to_16-AAGAAGACTTTGTGAT,40,0.05736,0.05736
PENN23_y1999_s048_d0,A/Indiana/46/2024_H3N2,plate0_1_to_16-AAGAAGACTTTGTGAT,92,0.3652,0.3652
PENN23_y1999_s048_d0,A/Indiana/46/2024_H3N2,plate0_1_to_16-AAGAAGACTTTGTGAT,212,0.5122,0.5122
PENN23_y1999_s048_d0,A/Indiana/46/2024_H3N2,plate0_1_to_16-AAGAAGACTTTGTGAT,487,0.2663,0.2663
PENN23_y1999_s048_d0,A/Indiana/46/2024_H3N2,plate0_1_to_16-AAGAAGACTTTGTGAT,1119,0.5203,0.5203
PENN23_y1999_s048_d0,A/Indiana/46/2024_H3N2,plate0_1_to_16-AAGAAGACTTTGTGAT,2575,0.5207,0.5207
PENN23_y1999_s048_d0,A/Indiana/46/2024_H3N2,plate0_1_to_16-AAGAAGACTTTGTGAT,5921,1.18,1
PENN23_y1999_s048_d0,A/Indiana/46/2024_H3N2,plate0_1_to_16-AAGAAGACTTTGTGAT,1.362e+04,1.375,1
PENN23_y1999_s048_d0,A/Colombia/1851/2024_H3N2,plate0_1_to_16-AAGCCCAGCGGGTGAT,40,0.004086,0.004086
PENN23_y1999_s048_d0,A/Colombia/1851/2024_H3N2,plate0_1_to_16-AAGCCCAGCGGGTGAT,92,0.4648,0.4648
PENN23_y1999_s048_d0,A/Colombia/1851/2024_H3N2,plate0_1_to_16-AAGCCCAGCGGGTGAT,212,0.3468,0.3468
PENN23_y1999_s048_d0,A/Colombia/1851/2024_H3N2,plate0_1_to_16-AAGCCCAGCGGGTGAT,487,0.3767,0.3767
PENN23_y1999_s048_d0,A/Colombia/1851/2024_H3N2,plate0_1_to_16-AAGCCCAGCGGGTGAT,1119,0.2411,0.2411
PENN23_y1999_s048_d0,A/Colombia/1851/2024_H3N2,plate0_1_to_16-AAGCCCAGCGGGTGAT,2575,0.4753,0.4753
PENN23_y1999_s048_d0,A/Colombia/1851/2024_H3N2,plate0_1_to_16-AAGCCCAGCGGGTGAT,5921,0.9112,0.9112
PENN23_y1999_s048_d0,A/Colombia/1851/2024_H3N2,plate0_1_to_16-AAGCCCAGCGGGTGAT,1.362e+04,1.28,1
PENN23_y1999_s048_d0,A/Victoria/3482/2024_H3N2,plate0_1_to_16-AAGCGGTGATGTGATT,40,0.0383,0.0383
PENN23_y1999_s048_d0,A/Victoria/3482/2024_H3N2,plate0_1_to_16-AAGCGGTGATGTGATT,92,0.1571,0.1571
PENN23_y1999_s048_d0,A/Victoria/3482/2024_H3N2,plate0_1_to_16-AAGCGGTGATGTGATT,212,0.05389,0.05389
PENN23_y1999_s048_d0,A/Victoria/3482/2024_H3N2,plate0_1_to_16-AAGCGGTGATGTGATT,487,0.2866,0.2866
PENN23_y1999_s048_d0,A/Victoria/3482/2024_H3N2,plate0_1_to_16-AAGCGGTGATGTGATT,1119,0.4768,0.4768
PENN23_y1999_s048_d0,A/Victoria/3482/2024_H3N2,plate0_1_to_16-AAGCGGTGATGTGATT,2575,0.5142,0.5142
PENN23_y1999_s048_d0,A/Victoria/3482/2024_H3N2,plate0_1_to_16-AAGCGGTGATGTGATT,5921,1.069,1
PENN23_y1999_s048_d0,A/Victoria/3482/2024_H3N2,plate0_1_to_16-AAGCGGTGATGTGATT,1.362e+04,1.184,1
PENN23_y1999_s048_d0,A/Utah/39/2025_H1N1,plate0_1_to_16-AAGGTCCCTATGTAAT,40,0.0002564,0.0002564
PENN23_y1999_s048_d0,A/Utah/39/2025_H1N1,plate0_1_to_16-AAGGTCCCTATGTAAT,92,0.004063,0.004063
PENN23_y1999_s048_d0,A/Utah/39/2025_H1N1,plate0_1_to_16-AAGGTCCCTATGTAAT,212,0.06362,0.06362
PENN23_y1999_s048_d0,A/Utah/39/2025_H1N1,plate0_1_to_16-AAGGTCCCTATGTAAT,487,0.2496,0.2496
PENN23_y1999_s048_d0,A/Utah/39/2025_H1N1,plate0_1_to_16-AAGGTCCCTATGTAAT,1119,0.5264,0.5264
PENN23_y1999_s048_d0,A/Utah/39/2025_H1N1,plate0_1_to_16-AAGGTCCCTATGTAAT,2575,0.5408,0.5408
PENN23_y1999_s048_d0,A/Utah/39/2025_H1N1,plate0_1_to_16-AAGGTCCCTATGTAAT,5921,0.9547,0.9547
PENN23_y1999_s048_d0,A/Utah/39/2025_H1N1,plate0_1_to_16-AAGGTCCCTATGTAAT,1.362e+04,1.042,1
PENN23_y1999_s048_d0,A/HongKong/4801/2014_H3N2,plate0_1_to_16-AAGTATTGCTACACAT,40,0,0
PENN23_y1999_s048_d0,A/HongKong/4801/2014_H3N2,plate0_1_to_16-AAGTATTGCTACACAT,92,0.01223,0.01223
PENN23_y1999_s048_d0,A/HongKong/4801/2014_H3N2,plate0_1_to_16-AAGTATTGCTACACAT,212,0.1256,0.1256
PENN23_y1999_s048_d0,A/HongKong/4801/2014_H3N2,plate0_1_to_16-AAGTATTGCTACACAT,487,0.7404,0.7404
PENN23_y1999_s048_d0,A/HongKong/4801/2014_H3N2,plate0_1_to_16-AAGTATTGCTACACAT,1119,0.4605,0.4605
PENN23_y1999_s048_d0,A/HongKong/4801/2014_H3N2,plate0_1_to_16-AAGTATTGCTACACAT,2575,0.369,0.369
PENN23_y1999_s048_d0,A/HongKong/4801/2014_H3N2,plate0_1_to_16-AAGTATTGCTACACAT,1.362e+04,0.8366,0.8366
PENN23_y1999_s048_d0,A/Victoria/4897/2022_IVR-238_H1N1,plate0_1_to_16-AAGTTAAGAGAAAGTT,40,0,0
PENN23_y1999_s048_d0,A/Victoria/4897/2022_IVR-238_H1N1,plate0_1_to_16-AAGTTAAGAGAAAGTT,92,0,0
PENN23_y1999_s048_d0,A/Victoria/4897/2022_IVR-238_H1N1,plate0_1_to_16-AAGTTAAGAGAAAGTT,212,0,0
PENN23_y1999_s048_d0,A/Victoria/4897/2022_IVR-238_H1N1,plate0_1_to_16-AAGTTAAGAGAAAGTT,487,0.0292,0.0292
PENN23_y1999_s048_d0,A/Victoria/4897/2022_IVR-238_H1N1,plate0_1_to_16-AAGTTAAGAGAAAGTT,1119,0.4186,0.4186
PENN23_y1999_s048_d0,A/Victoria/4897/2022_IVR-238_H1N1,plate0_1_to_16-AAGTTAAGAGAAAGTT,2575,0.712,0.712
PENN23_y1999_s048_d0,A/Victoria/4897/2022_IVR-238_H1N1,plate0_1_to_16-AAGTTAAGAGAAAGTT,5921,1.03,1
PENN23_y1999_s048_d0,A/Victoria/4897/2022_IVR-238_H1N1,plate0_1_to_16-AAGTTAAGAGAAAGTT,1.362e+04,1.103,1
PENN23_y1999_s048_d0,A/Slovenia/49/2024_H3N2,plate0_1_to_16-AATCGCTGGCACCCGT,40,0.06183,0.06183
PENN23_y1999_s048_d0,A/Slovenia/49/2024_H3N2,plate0_1_to_16-AATCGCTGGCACCCGT,92,0.02649,0.02649
PENN23_y1999_s048_d0,A/Slovenia/49/2024_H3N2,plate0_1_to_16-AATCGCTGGCACCCGT,212,0.301,0.301
PENN23_y1999_s048_d0,A/Slovenia/49/2024_H3N2,plate0_1_to_16-AATCGCTGGCACCCGT,487,0.2643,0.2643
PENN23_y1999_s048_d0,A/Slovenia/49/2024_H3N2,plate0_1_to_16-AATCGCTGGCACCCGT,1119,0.4616,0.4616
PENN23_y1999_s048_d0,A/Slovenia/49/2024_H3N2,plate0_1_to_16-AATCGCTGGCACCCGT,2575,0.3074,0.3074
PENN23_y1999_s048_d0,A/Slovenia/49/2024_H3N2,plate0_1_to_16-AATCGCTGGCACCCGT,5921,0.5571,0.5571
PENN23_y1999_s048_d0,A/Slovenia/49/2024_H3N2,plate0_1_to_16-AATCGCTGGCACCCGT,1.362e+04,0.8933,0.8933
PENN23_y1999_s048_d0,A/Slovenia/49/2024_H3N2,plate0_1_to_16-AATGAAACAATCGAAC,40,0.02643,0.02643
PENN23_y1999_s048_d0,A/Slovenia/49/2024_H3N2,plate0_1_to_16-AATGAAACAATCGAAC,92,0.05432,0.05432
PENN23_y1999_s048_d0,A/Slovenia/49/2024_H3N2,plate0_1_to_16-AATGAAACAATCGAAC,212,0.2373,0.2373
PENN23_y1999_s048_d0,A/Slovenia/49/2024_H3N2,plate0_1_to_16-AATGAAACAATCGAAC,487,0.2949,0.2949
PENN23_y1999_s048_d0,A/Slovenia/49/2024_H3N2,plate0_1_to_16-AATGAAACAATCGAAC,1119,0.5524,0.5524
PENN23_y1999_s048_d0,A/Slovenia/49/2024_H3N2,plate0_1_to_16-AATGAAACAATCGAAC,2575,0.8563,0.8563
PENN23_y1999_s048_d0,A/Slovenia/49/2024_H3N2,plate0_1_to_16-AATGAAACAATCGAAC,5921,0.7221,0.7221
PENN23_y1999_s048_d0,A/Slovenia/49/2024_H3N2,plate0_1_to_16-AATGAAACAATCGAAC,1.362e+04,0.7002,0.7002
PENN23_y1999_s048_d0,A/Iowa/123/2024_H1N1,plate0_1_to_16-AATGCGAGCATGTCAA,40,0.001163,0.001163
PENN23_y1999_s048_d0,A/Iowa/123/2024_H1N1,plate0_1_to_16-AATGCGAGCATGTCAA,92,0.001206,0.001206
PENN23_y1999_s048_d0,A/Iowa/123/2024_H1N1,plate0_1_to_16-AATGCGAGCATGTCAA,212,0.2081,0.2081
PENN23_y1999_s048_d0,A/Iowa/123/2024_H1N1,plate0_1_to_16-AATGCGAGCATGTCAA,487,0.2495,0.2495
PENN23_y1999_s048_d0,A/Iowa/123/2024_H1N1,plate0_1_to_16-AATGCGAGCATGTCAA,1119,0.4471,0.4471
PENN23_y1999_s048_d0,A/Iowa/123/2024_H1N1,plate0_1_to_16-AATGCGAGCATGTCAA,2575,0.9438,0.9438
PENN23_y1999_s048_d0,A/Iowa/123/2024_H1N1,plate0_1_to_16-AATGCGAGCATGTCAA,5921,0.5982,0.5982
PENN23_y1999_s048_d0,A/Iowa/123/2024_H1N1,plate0_1_to_16-AATGCGAGCATGTCAA,1.362e+04,0.7525,0.7525
PENN23_y1999_s048_d0,A/Uganda/UVRI_KIS6850_2024_H1N1,plate0_1_to_16-AATTCGTGAGTACTAG,40,0,0
PENN23_y1999_s048_d0,A/Uganda/UVRI_KIS6850_2024_H1N1,plate0_1_to_16-AATTCGTGAGTACTAG,92,0.001659,0.001659
PENN23_y1999_s048_d0,A/Uganda/UVRI_KIS6850_2024_H1N1,plate0_1_to_16-AATTCGTGAGTACTAG,212,0.3316,0.3316
PENN23_y1999_s048_d0,A/Uganda/UVRI_KIS6850_2024_H1N1,plate0_1_to_16-AATTCGTGAGTACTAG,487,0.2334,0.2334
PENN23_y1999_s048_d0,A/Uganda/UVRI_KIS6850_2024_H1N1,plate0_1_to_16-AATTCGTGAGTACTAG,1119,0.5715,0.5715
PENN23_y1999_s048_d0,A/Uganda/UVRI_KIS6850_2024_H1N1,plate0_1_to_16-AATTCGTGAGTACTAG,2575,0.8353,0.8353
PENN23_y1999_s048_d0,A/Uganda/UVRI_KIS6850_2024_H1N1,plate0_1_to_16-AATTCGTGAGTACTAG,5921,0.8567,0.8567
PENN23_y1999_s048_d0,A/Uganda/UVRI_KIS6850_2024_H1N1,plate0_1_to_16-AATTCGTGAGTACTAG,1.362e+04,1.014,1
PENN23_y1999_s048_d0,A/Michigan/45/2015_H1N1,plate0_1_to_16-ACAAAGTCTCGAGAAG,40,0.001646,0.001646
PENN23_y1999_s048_d0,A/Michigan/45/2015_H1N1,plate0_1_to_16-ACAAAGTCTCGAGAAG,92,0,0
PENN23_y1999_s048_d0,A/Michigan/45/2015_H1N1,plate0_1_to_16-ACAAAGTCTCGAGAAG,212,0.009962,0.009962
PENN23_y1999_s048_d0,A/Michigan/45/2015_H1N1,plate0_1_to_16-ACAAAGTCTCGAGAAG,487,0.008606,0.008606
PENN23_y1999_s048_d0,A/Michigan/45/2015_H1N1,plate0_1_to_16-ACAAAGTCTCGAGAAG,1119,0.05188,0.05188
PENN23_y1999_s048_d0,A/Michigan/45/2015_H1N1,plate0_1_to_16-ACAAAGTCTCGAGAAG,2575,0.2739,0.2739
PENN23_y1999_s048_d0,A/Michigan/45/2015_H1N1,plate0_1_to_16-ACAAAGTCTCGAGAAG,5921,0.4318,0.4318
PENN23_y1999_s048_d0,A/Michigan/45/2015_H1N1,plate0_1_to_16-ACAAAGTCTCGAGAAG,1.362e+04,0.5794,0.5794
PENN23_y1999_s048_d0,A/Victoria/96/2025_H3N2,plate0_1_to_16-ACAAGATTCGGGGGAC,40,0.2124,0.2124
PENN23_y1999_s048_d0,A/Victoria/96/2025_H3N2,plate0_1_to_16-ACAAGATTCGGGGGAC,92,0.4466,0.4466
PENN23_y1999_s048_d0,A/Victoria/96/2025_H3N2,plate0_1_to_16-ACAAGATTCGGGGGAC,212,0.7622,0.7622
PENN23_y1999_s048_d0,A/Victoria/96/2025_H3N2,plate0_1_to_16-ACAAGATTCGGGGGAC,487,0.3185,0.3185
PENN23_y1999_s048_d0,A/Victoria/96/2025_H3N2,plate0_1_to_16-ACAAGATTCGGGGGAC,1119,0.6804,0.6804
PENN23_y1999_s048_d0,A/Victoria/96/2025_H3N2,plate0_1_to_16-ACAAGATTCGGGGGAC,2575,0.6902,0.6902
PENN23_y1999_s048_d0,A/Victoria/96/2025_H3N2,plate0_1_to_16-ACAAGATTCGGGGGAC,5921,1.134,1
PENN23_y1999_s048_d0,A/Victoria/96/2025_H3N2,plate0_1_to_16-ACAAGATTCGGGGGAC,1.362e+04,0.8519,0.8519
PENN23_y1999_s048_d0,A/Massachusetts/BI_MGH-23147/2025_H3N2,plate0_1_to_16-ACAATCTGAACCATAC,40,0.1048,0.1048
PENN23_y1999_s048_d0,A/Massachusetts/BI_MGH-23147/2025_H3N2,plate0_1_to_16-ACAATCTGAACCATAC,92,0.1848,0.1848
PENN23_y1999_s048_d0,A/Massachusetts/BI_MGH-23147/2025_H3N2,plate0_1_to_16-ACAATCTGAACCATAC,212,0.4665,0.4665
PENN23_y1999_s048_d0,A/Massachusetts/BI_MGH-23147/2025_H3N2,plate0_1_to_16-ACAATCTGAACCATAC,487,0.5338,0.5338
PENN23_y1999_s048_d0,A/Massachusetts/BI_MGH-23147/2025_H3N2,plate0_1_to_16-ACAATCTGAACCATAC,1119,0.5723,0.5723
PENN23_y1999_s048_d0,A/Massachusetts/BI_MGH-23147/2025_H3N2,plate0_1_to_16-ACAATCTGAACCATAC,2575,0.5634,0.5634
PENN23_y1999_s048_d0,A/Massachusetts/BI_MGH-23147/2025_H3N2,plate0_1_to_16-ACAATCTGAACCATAC,5921,0.9129,0.9129
PENN23_y1999_s048_d0,A/Massachusetts/BI_MGH-23147/2025_H3N2,plate0_1_to_16-ACAATCTGAACCATAC,1.362e+04,1.179,1
PENN23_y1999_s048_d0,A/Iowa/123/2024_H1N1,plate0_1_to_16-ACACGGGTTGGCTGTA,40,0.001497,0.001497
PENN23_y1999_s048_d0,A/Iowa/123/2024_H1N1,plate0_1_to_16-ACACGGGTTGGCTGTA,92,0.0004507,0.0004507
PENN23_y1999_s048_d0,A/Iowa/123/2024_H1N1,plate0_1_to_16-ACACGGGTTGGCTGTA,212,0.1384,0.1384
PENN23_y1999_s048_d0,A/Iowa/123/2024_H1N1,plate0_1_to_16-ACACGGGTTGGCTGTA,487,0.2331,0.2331
PENN23_y1999_s048_d0,A/Iowa/123/2024_H1N1,plate0_1_to_16-ACACGGGTTGGCTGTA,1119,0.6078,0.6078
PENN23_y1999_s048_d0,A/Iowa/123/2024_H1N1,plate0_1_to_16-ACACGGGTTGGCTGTA,2575,0.8794,0.8794
PENN23_y1999_s048_d0,A/Iowa/123/2024_H1N1,plate0_1_to_16-ACACGGGTTGGCTGTA,5921,0.7603,0.7603
PENN23_y1999_s048_d0,A/Iowa/123/2024_H1N1,plate0_1_to_16-ACACGGGTTGGCTGTA,1.362e+04,0.9134,0.9134
PENN23_y1999_s048_d0,A/Victoria/3599/2024_H1N1,plate0_1_to_16-ACAGTACGATCTACGC,40,0,0
PENN23_y1999_s048_d0,A/Victoria/3599/2024_H1N1,plate0_1_to_16-ACAGTACGATCTACGC,92,0.0002806,0.0002806
PENN23_y1999_s048_d0,A/Victoria/3599/2024_H1N1,plate0_1_to_16-ACAGTACGATCTACGC,212,0.04614,0.04614
PENN23_y1999_s048_d0,A/Victoria/3599/2024_H1N1,plate0_1_to_16-ACAGTACGATCTACGC,487,0.4082,0.4082
PENN23_y1999_s048_d0,A/Victoria/3599/2024_H1N1,plate0_1_to_16-ACAGTACGATCTACGC,1119,0.3534,0.3534
PENN23_y1999_s048_d0,A/Victoria/3599/2024_H1N1,plate0_1_to_16-ACAGTACGATCTACGC,2575,0.5365,0.5365
PENN23_y1999_s048_d0,A/Victoria/3599/2024_H1N1,plate0_1_to_16-ACAGTACGATCTACGC,5921,1.03,1
PENN23_y1999_s048_d0,A/Victoria/3599/2024_H1N1,plate0_1_to_16-ACAGTACGATCTACGC,1.362e+04,1.003,1
PENN23_y1999_s048_d0,A/Tennessee/04/2025_H1N1,plate0_1_to_16-ACAGTCCACCATTGAG,40,0.001419,0.001419
PENN23_y1999_s048_d0,A/Tennessee/04/2025_H1N1,plate0_1_to_16-ACAGTCCACCATTGAG,92,0.001258,0.001258
PENN23_y1999_s048_d0,A/Tennessee/04/2025_H1N1,plate0_1_to_16-ACAGTCCACCATTGAG,212,0.06604,0.06604
PENN23_y1999_s048_d0,A/Tennessee/04/2025_H1N1,plate0_1_to_16-ACAGTCCACCATTGAG,487,0.2061,0.2061
PENN23_y1999_s048_d0,A/Tennessee/04/2025_H1N1,plate0_1_to_16-ACAGTCCACCATTGAG,1119,0.58,0.58
PENN23_y1999_s048_d0,A/Tennessee/04/2025_H1N1,plate0_1_to_16-ACAGTCCACCATTGAG,2575,0.8982,0.8982
PENN23_y1999_s048_d0,A/Tennessee/04/2025_H1N1,plate0_1_to_16-ACAGTCCACCATTGAG,5921,0.8853,0.8853
PENN23_y1999_s048_d0,A/Tennessee/04/2025_H1N1,plate0_1_to_16-ACAGTCCACCATTGAG,1.362e+04,1.302,1
PENN23_y1999_s048_d0,A/Queensland/IN000692/2024_H3N2,plate0_1_to_16-ACATTTTCCAATAGGT,40,0.002679,0.002679
PENN23_y1999_s048_d0,A/Queensland/IN000692/2024_H3N2,plate0_1_to_16-ACATTTTCCAATAGGT,92,0.02082,0.02082
PENN23_y1999_s048_d0,A/Queensland/IN000692/2024_H3N2,plate0_1_to_16-ACATTTTCCAATAGGT,212,0.1381,0.1381
PENN23_y1999_s048_d0,A/Queensland/IN000692/2024_H3N2,plate0_1_to_16-ACATTTTCCAATAGGT,487,0.286,0.286
PENN23_y1999_s048_d0,A/Queensland/IN000692/2024_H3N2,plate0_1_to_16-ACATTTTCCAATAGGT,1119,0.3227,0.3227
PENN23_y1999_s048_d0,A/Queensland/IN000692/2024_H3N2,plate0_1_to_16-ACATTTTCCAATAGGT,2575,0.4227,0.4227
PENN23_y1999_s048_d0,A/Queensland/IN000692/2024_H3N2,plate0_1_to_16-ACATTTTCCAATAGGT,5921,0.8747,0.8747
PENN23_y1999_s048_d0,A/Queensland/IN000692/2024_H3N2,plate0_1_to_16-ACATTTTCCAATAGGT,1.362e+04,0.508,0.508
PENN23_y1999_s048_d0,A/Michigan/UM-10062100736/2025_H3N2,plate0_1_to_16-ACCAGCAATGAGTTGT,40,0.08632,0.08632
PENN23_y1999_s048_d0,A/Michigan/UM-10062100736/2025_H3N2,plate0_1_to_16-ACCAGCAATGAGTTGT,92,0.3075,0.3075
PENN23_y1999_s048_d0,A/Michigan/UM-10062100736/2025_H3N2,plate0_1_to_16-ACCAGCAATGAGTTGT,212,0.4178,0.4178
PENN23_y1999_s048_d0,A/Michigan/UM-10062100736/2025_H3N2,plate0_1_to_16-ACCAGCAATGAGTTGT,487,0.3634,0.3634
PENN23_y1999_s048_d0,A/Michigan/UM-10062100736/2025_H3N2,plate0_1_to_16-ACCAGCAATGAGTTGT,1119,0.6789,0.6789
PENN23_y1999_s048_d0,A/Michigan/UM-10062100736/2025_H3N2,plate0_1_to_16-ACCAGCAATGAGTTGT,2575,0.7421,0.7421
PENN23_y1999_s048_d0,A/Michigan/UM-10062100736/2025_H3N2,plate0_1_to_16-ACCAGCAATGAGTTGT,5921,0.9546,0.9546
PENN23_y1999_s048_d0,A/Michigan/UM-10062100736/2025_H3N2,plate0_1_to_16-ACCAGCAATGAGTTGT,1.362e+04,0.9138,0.9138
PENN23_y1999_s048_d0,A/Lisboa/188/2023_H1N1,plate0_1_to_16-ACCCCCGGAGCTTGGC,40,4.228e-05,4.228e-05
PENN23_y1999_s048_d0,A/Lisboa/188/2023_H1N1,plate0_1_to_16-ACCCCCGGAGCTTGGC,92,0.001705,0.001705
PENN23_y1999_s048_d0,A/Lisboa/188/2023_H1N1,plate0_1_to_16-ACCCCCGGAGCTTGGC,212,0.1766,0.1766
PENN23_y1999_s048_d0,A/Lisboa/188/2023_H1N1,plate0_1_to_16-ACCCCCGGAGCTTGGC,487,0.2286,0.2286
PENN23_y1999_s048_d0,A/Lisboa/188/2023_H1N1,plate0_1_to_16-ACCCCCGGAGCTTGGC,1119,0.4693,0.4693
PENN23_y1999_s048_d0,A/Lisboa/188/2023_H1N1,plate0_1_to_16-ACCCCCGGAGCTTGGC,2575,0.7496,0.7496
PENN23_y1999_s048_d0,A/Lisboa/188/2023_H1N1,plate0_1_to_16-ACCCCCGGAGCTTGGC,5921,0.8606,0.8606
PENN23_y1999_s048_d0,A/Lisboa/188/2023_H1N1,plate0_1_to_16-ACCCCCGGAGCTTGGC,1.362e+04,0.9713,0.9713
PENN23_y1999_s048_d0,A/Massachusetts/ISC-1679/2025_H1N1,plate0_1_to_16-ACCGATTCACGAATAA,40,0,0
PENN23_y1999_s048_d0,A/Massachusetts/ISC-1679/2025_H1N1,plate0_1_to_16-ACCGATTCACGAATAA,92,6.947e-05,6.947e-05
PENN23_y1999_s048_d0,A/Massachusetts/ISC-1679/2025_H1N1,plate0_1_to_16-ACCGATTCACGAATAA,212,0.1064,0.1064
PENN23_y1999_s048_d0,A/Massachusetts/ISC-1679/2025_H1N1,plate0_1_to_16-ACCGATTCACGAATAA,487,0.4062,0.4062
PENN23_y1999_s048_d0,A/Massachusetts/ISC-1679/2025_H1N1,plate0_1_to_16-ACCGATTCACGAATAA,1119,0.5789,0.5789
PENN23_y1999_s048_d0,A/Massachusetts/ISC-1679/2025_H1N1,plate0_1_to_16-ACCGATTCACGAATAA,2575,0.5133,0.5133
PENN23_y1999_s048_d0,A/Massachusetts/ISC-1679/2025_H1N1,plate0_1_to_16-ACCGATTCACGAATAA,5921,1.232,1
PENN23_y1999_s048_d0,A/Massachusetts/ISC-1679/2025_H1N1,plate0_1_to_16-ACCGATTCACGAATAA,1.362e+04,1.083,1
PENN23_y1999_s048_d0,A/Victoria/46/2024_H3N2,plate0_1_to_16-ACCGTTGTACACACCA,40,0.09671,0.09671
PENN23_y1999_s048_d0,A/Victoria/46/2024_H3N2,plate0_1_to_16-ACCGTTGTACACACCA,92,0.2696,0.2696
PENN23_y1999_s048_d0,A/Victoria/46/2024_H3N2,plate0_1_to_16-ACCGTTGTACACACCA,212,0.3433,0.3433
PENN23_y1999_s048_d0,A/Victoria/46/2024_H3N2,plate0_1_to_16-ACCGTTGTACACACCA,487,0.887,0.887
PENN23_y1999_s048_d0,A/Victoria/46/2024_H3N2,plate0_1_to_16-ACCGTTGTACACACCA,1119,0.3668,0.3668
PENN23_y1999_s048_d0,A/Victoria/46/2024_H3N2,plate0_1_to_16-ACCGTTGTACACACCA,2575,0.7346,0.7346
PENN23_y1999_s048_d0,A/Victoria/46/2024_H3N2,plate0_1_to_16-ACCGTTGTACACACCA,5921,0.7642,0.7642
PENN23_y1999_s048_d0,A/Victoria/46/2024_H3N2,plate0_1_to_16-ACCGTTGTACACACCA,1.362e+04,0.869,0.869
PENN23_y1999_s048_d0,A/Texas/50/2012X-223A_H3N2,plate0_1_to_16-ACGCAAATAGACCGAA,40,0,0
PENN23_y1999_s048_d0,A/Texas/50/2012X-223A_H3N2,plate0_1_to_16-ACGCAAATAGACCGAA,92,0,0
PENN23_y1999_s048_d0,A/Texas/50/2012X-223A_H3N2,plate0_1_to_16-ACGCAAATAGACCGAA,212,0,0
PENN23_y1999_s048_d0,A/Texas/50/2012X-223A_H3N2,plate0_1_to_16-ACGCAAATAGACCGAA,487,0,0
PENN23_y1999_s048_d0,A/Texas/50/2012X-223A_H3N2,plate0_1_to_16-ACGCAAATAGACCGAA,1119,0.01756,0.01756
PENN23_y1999_s048_d0,A/Texas/50/2012X-223A_H3N2,plate0_1_to_16-ACGCAAATAGACCGAA,2575,0.004849,0.004849
PENN23_y1999_s048_d0,A/Texas/50/2012X-223A_H3N2,plate0_1_to_16-ACGCAAATAGACCGAA,5921,0.8391,0.8391
PENN23_y1999_s048_d0,A/Texas/50/2012X-223A_H3N2,plate0_1_to_16-ACGCAAATAGACCGAA,1.362e+04,0.2696,0.2696
PENN23_y1999_s048_d0,A/France/IDF-IPP29542/2023-egg_H3N2,plate0_1_to_16-ACGGGGATTGGCTGTT,40,0.1717,0.1717
PENN23_y1999_s048_d0,A/France/IDF-IPP29542/2023-egg_H3N2,plate0_1_to_16-ACGGGGATTGGCTGTT,92,0.3102,0.3102
PENN23_y1999_s048_d0,A/France/IDF-IPP29542/2023-egg_H3N2,plate0_1_to_16-ACGGGGATTGGCTGTT,212,0.7339,0.7339
PENN23_y1999_s048_d0,A/France/IDF-IPP29542/2023-egg_H3N2,plate0_1_to_16-ACGGGGATTGGCTGTT,487,0.2718,0.2718
PENN23_y1999_s048_d0,A/France/IDF-IPP29542/2023-egg_H3N2,plate0_1_to_16-ACGGGGATTGGCTGTT,1119,0.5504,0.5504
PENN23_y1999_s048_d0,A/France/IDF-IPP29542/2023-egg_H3N2,plate0_1_to_16-ACGGGGATTGGCTGTT,2575,0.4426,0.4426
PENN23_y1999_s048_d0,A/France/IDF-IPP29542/2023-egg_H3N2,plate0_1_to_16-ACGGGGATTGGCTGTT,5921,0.5846,0.5846
PENN23_y1999_s048_d0,A/France/IDF-IPP29542/2023-egg_H3N2,plate0_1_to_16-ACGGGGATTGGCTGTT,1.362e+04,0.6358,0.6358
PENN23_y1999_s048_d0,A/Switzerland/860423897313/2023_H3N2,plate0_1_to_16-ACGTATGATTTTCGAG,40,0.1912,0.1912
PENN23_y1999_s048_d0,A/Switzerland/860423897313/2023_H3N2,plate0_1_to_16-ACGTATGATTTTCGAG,92,0.4096,0.4096
PENN23_y1999_s048_d0,A/Switzerland/860423897313/2023_H3N2,plate0_1_to_16-ACGTATGATTTTCGAG,212,0.271,0.271
PENN23_y1999_s048_d0,A/Switzerland/860423897313/2023_H3N2,plate0_1_to_16-ACGTATGATTTTCGAG,487,0.5422,0.5422
PENN23_y1999_s048_d0,A/Switzerland/860423897313/2023_H3N2,plate0_1_to_16-ACGTATGATTTTCGAG,1119,0.6326,0.6326
PENN23_y1999_s048_d0,A/Switzerland/860423897313/2023_H3N2,plate0_1_to_16-ACGTATGATTTTCGAG,2575,0.5033,0.5033
PENN23_y1999_s048_d0,A/Switzerland/860423897313/2023_H3N2,plate0_1_to_16-ACGTATGATTTTCGAG,5921,0.6858,0.6858
PENN23_y1999_s048_d0,A/Switzerland/860423897313/2023_H3N2,plate0_1_to_16-ACGTATGATTTTCGAG,1.362e+04,0.7339,0.7339
PENN23_y1999_s048_d0,A/Ohio/259/2024_H1N1,plate0_1_to_16-ACGTCCATTAAGATCA,40,0,0
PENN23_y1999_s048_d0,A/Ohio/259/2024_H1N1,plate0_1_to_16-ACGTCCATTAAGATCA,92,0.002999,0.002999
PENN23_y1999_s048_d0,A/Ohio/259/2024_H1N1,plate0_1_to_16-ACGTCCATTAAGATCA,212,0.3368,0.3368
PENN23_y1999_s048_d0,A/Ohio/259/2024_H1N1,plate0_1_to_16-ACGTCCATTAAGATCA,487,0.4584,0.4584
PENN23_y1999_s048_d0,A/Ohio/259/2024_H1N1,plate0_1_to_16-ACGTCCATTAAGATCA,1119,0.6334,0.6334
PENN23_y1999_s048_d0,A/Ohio/259/2024_H1N1,plate0_1_to_16-ACGTCCATTAAGATCA,2575,0.899,0.899
PENN23_y1999_s048_d0,A/Ohio/259/2024_H1N1,plate0_1_to_16-ACGTCCATTAAGATCA,5921,1.387,1
PENN23_y1999_s048_d0,A/Ohio/259/2024_H1N1,plate0_1_to_16-ACGTCCATTAAGATCA,1.362e+04,1.18,1
PENN23_y1999_s048_d0,A/Punta_Arenas/83659/2024_H3N2,plate0_1_to_16-ACGTGTCTCCGAGCAA,40,0.1543,0.1543
PENN23_y1999_s048_d0,A/Punta_Arenas/83659/2024_H3N2,plate0_1_to_16-ACGTGTCTCCGAGCAA,92,0.3002,0.3002
PENN23_y1999_s048_d0,A/Punta_Arenas/83659/2024_H3N2,plate0_1_to_16-ACGTGTCTCCGAGCAA,212,0.2915,0.2915
PENN23_y1999_s048_d0,A/Punta_Arenas/83659/2024_H3N2,plate0_1_to_16-ACGTGTCTCCGAGCAA,487,0.5773,0.5773
PENN23_y1999_s048_d0,A/Punta_Arenas/83659/2024_H3N2,plate0_1_to_16-ACGTGTCTCCGAGCAA,1119,0.9763,0.9763
PENN23_y1999_s048_d0,A/Punta_Arenas/83659/2024_H3N2,plate0_1_to_16-ACGTGTCTCCGAGCAA,2575,0.689,0.689
PENN23_y1999_s048_d0,A/Punta_Arenas/83659/2024_H3N2,plate0_1_to_16-ACGTGTCTCCGAGCAA,5921,0.9421,0.9421
PENN23_y1999_s048_d0,A/Punta_Arenas/83659/2024_H3N2,plate0_1_to_16-ACGTGTCTCCGAGCAA,1.362e+04,0.7467,0.7467
PENN23_y1999_s048_d0,A/Pennsylvania/288/2024_H3N2,plate0_1_to_16-ACTACGAGGCTACGTA,40,0.221,0.221
PENN23_y1999_s048_d0,A/Pennsylvania/288/2024_H3N2,plate0_1_to_16-ACTACGAGGCTACGTA,92,0.1186,0.1186
PENN23_y1999_s048_d0,A/Pennsylvania/288/2024_H3N2,plate0_1_to_16-ACTACGAGGCTACGTA,212,0.5129,0.5129
PENN23_y1999_s048_d0,A/Pennsylvania/288/2024_H3N2,plate0_1_to_16-ACTACGAGGCTACGTA,487,0.3212,0.3212
PENN23_y1999_s048_d0,A/Pennsylvania/288/2024_H3N2,plate0_1_to_16-ACTACGAGGCTACGTA,1119,0.3957,0.3957
PENN23_y1999_s048_d0,A/Pennsylvania/288/2024_H3N2,plate0_1_to_16-ACTACGAGGCTACGTA,2575,0.6273,0.6273
PENN23_y1999_s048_d0,A/Pennsylvania/288/2024_H3N2,plate0_1_to_16-ACTACGAGGCTACGTA,5921,1.01,1
PENN23_y1999_s048_d0,A/Pennsylvania/288/2024_H3N2,plate0_1_to_16-ACTACGAGGCTACGTA,1.362e+04,1.616,1
PENN23_y1999_s048_d0,A/Colorado/ISC-1416/2024_H3N2,plate0_1_to_16-ACTCTGGCTCGCTAAT,40,0.009676,0.009676
PENN23_y1999_s048_d0,A/Colorado/ISC-1416/2024_H3N2,plate0_1_to_16-ACTCTGGCTCGCTAAT,92,0.1366,0.1366
PENN23_y1999_s048_d0,A/Colorado/ISC-1416/2024_H3N2,plate0_1_to_16-ACTCTGGCTCGCTAAT,212,0.1421,0.1421
PENN23_y1999_s048_d0,A/Colorado/ISC-1416/2024_H3N2,plate0_1_to_16-ACTCTGGCTCGCTAAT,487,0.2669,0.2669
PENN23_y1999_s048_d0,A/Colorado/ISC-1416/2024_H3N2,plate0_1_to_16-ACTCTGGCTCGCTAAT,1119,0.1802,0.1802
PENN23_y1999_s048_d0,A/Colorado/ISC-1416/2024_H3N2,plate0_1_to_16-ACTCTGGCTCGCTAAT,2575,1.029,1
PENN23_y1999_s048_d0,A/Colorado/ISC-1416/2024_H3N2,plate0_1_to_16-ACTCTGGCTCGCTAAT,5921,0.8965,0.8965
PENN23_y1999_s048_d0,A/Colorado/ISC-1416/2024_H3N2,plate0_1_to_16-ACTCTGGCTCGCTAAT,1.362e+04,0.7628,0.7628
PENN23_y1999_s048_d0,A/France/PAC-RELAB-HCL024172122101/2024_H3N2,plate0_1_to_16-ACTGTCTAGAAATTTT,40,0.2181,0.2181
PENN23_y1999_s048_d0,A/France/PAC-RELAB-HCL024172122101/2024_H3N2,plate0_1_to_16-ACTGTCTAGAAATTTT,92,0.4301,0.4301
PENN23_y1999_s048_d0,A/France/PAC-RELAB-HCL024172122101/2024_H3N2,plate0_1_to_16-ACTGTCTAGAAATTTT,212,0.3787,0.3787
PENN23_y1999_s048_d0,A/France/PAC-RELAB-HCL024172122101/2024_H3N2,plate0_1_to_16-ACTGTCTAGAAATTTT,487,0.6168,0.6168
PENN23_y1999_s048_d0,A/France/PAC-RELAB-HCL024172122101/2024_H3N2,plate0_1_to_16-ACTGTCTAGAAATTTT,1119,0.7117,0.7117
PENN23_y1999_s048_d0,A/France/PAC-RELAB-HCL024172122101/2024_H3N2,plate0_1_to_16-ACTGTCTAGAAATTTT,2575,0.8825,0.8825
PENN23_y1999_s048_d0,A/France/PAC-RELAB-HCL024172122101/2024_H3N2,plate0_1_to_16-ACTGTCTAGAAATTTT,5921,0.9169,0.9169
PENN23_y1999_s048_d0,A/France/PAC-RELAB-HCL024172122101/2024_H3N2,plate0_1_to_16-ACTGTCTAGAAATTTT,1.362e+04,0.9554,0.9554
PENN23_y1999_s048_d0,A/Texas/ISC-1342/2025_H3N2,plate0_1_to_16-AGAAAATCTCAGATAC,40,0.08775,0.08775
PENN23_y1999_s048_d0,A/Texas/ISC-1342/2025_H3N2,plate0_1_to_16-AGAAAATCTCAGATAC,92,0.2724,0.2724
PENN23_y1999_s048_d0,A/Texas/ISC-1342/2025_H3N2,plate0_1_to_16-AGAAAATCTCAGATAC,212,0.4924,0.4924
PENN23_y1999_s048_d0,A/Texas/ISC-1342/2025_H3N2,plate0_1_to_16-AGAAAATCTCAGATAC,487,0.3754,0.3754
PENN23_y1999_s048_d0,A/Texas/ISC-1342/2025_H3N2,plate0_1_to_16-AGAAAATCTCAGATAC,1119,0.6349,0.6349
PENN23_y1999_s048_d0,A/Texas/ISC-1342/2025_H3N2,plate0_1_to_16-AGAAAATCTCAGATAC,2575,0.7511,0.7511
PENN23_y1999_s048_d0,A/Texas/ISC-1342/2025_H3N2,plate0_1_to_16-AGAAAATCTCAGATAC,5921,1.157,1
PENN23_y1999_s048_d0,A/Texas/ISC-1342/2025_H3N2,plate0_1_to_16-AGAAAATCTCAGATAC,1.362e+04,1.285,1
PENN23_y1999_s048_d0,A/Thailand/8/2022_H3N2,plate0_1_to_16-AGACCATCGCACCCAA,40,0.01307,0.01307
PENN23_y1999_s048_d0,A/Thailand/8/2022_H3N2,plate0_1_to_16-AGACCATCGCACCCAA,92,0,0
PENN23_y1999_s048_d0,A/Thailand/8/2022_H3N2,plate0_1_to_16-AGACCATCGCACCCAA,212,0.001296,0.001296
PENN23_y1999_s048_d0,A/Thailand/8/2022_H3N2,plate0_1_to_16-AGACCATCGCACCCAA,487,0.03029,0.03029
PENN23_y1999_s048_d0,A/Thailand/8/2022_H3N2,plate0_1_to_16-AGACCATCGCACCCAA,1119,0.7471,0.7471
PENN23_y1999_s048_d0,A/Thailand/8/2022_H3N2,plate0_1_to_16-AGACCATCGCACCCAA,2575,0.1536,0.1536
PENN23_y1999_s048_d0,A/Thailand/8/2022_H3N2,plate0_1_to_16-AGACCATCGCACCCAA,5921,0.9545,0.9545
PENN23_y1999_s048_d0,A/Thailand/8/2022_H3N2,plate0_1_to_16-AGACCATCGCACCCAA,1.362e+04,0.6301,0.6301
PENN23_y1999_s048_d0,A/Saskatchewan/RV04835/2024_H3N2,plate0_1_to_16-AGACCGCCAGTTTCGT,40,0.547,0.547
PENN23_y1999_s048_d0,A/Saskatchewan/RV04835/2024_H3N2,plate0_1_to_16-AGACCGCCAGTTTCGT,92,0.122,0.122
PENN23_y1999_s048_d0,A/Saskatchewan/RV04835/2024_H3N2,plate0_1_to_16-AGACCGCCAGTTTCGT,212,0.5365,0.5365
PENN23_y1999_s048_d0,A/Saskatchewan/RV04835/2024_H3N2,plate0_1_to_16-AGACCGCCAGTTTCGT,487,0.6015,0.6015
PENN23_y1999_s048_d0,A/Saskatchewan/RV04835/2024_H3N2,plate0_1_to_16-AGACCGCCAGTTTCGT,1119,0.8997,0.8997
PENN23_y1999_s048_d0,A/Saskatchewan/RV04835/2024_H3N2,plate0_1_to_16-AGACCGCCAGTTTCGT,2575,1.109,1
PENN23_y1999_s048_d0,A/Saskatchewan/RV04835/2024_H3N2,plate0_1_to_16-AGACCGCCAGTTTCGT,5921,0.9337,0.9337
PENN23_y1999_s048_d0,A/Saskatchewan/RV04835/2024_H3N2,plate0_1_to_16-AGACCGCCAGTTTCGT,1.362e+04,0.6789,0.6789
PENN23_y1999_s048_d0,A/Victoria/4897/2022_IVR-238_H1N1,plate0_1_to_16-AGAGCTAAAAAGAGGA,40,0,0
PENN23_y1999_s048_d0,A/Victoria/4897/2022_IVR-238_H1N1,plate0_1_to_16-AGAGCTAAAAAGAGGA,92,0,0
PENN23_y1999_s048_d0,A/Victoria/4897/2022_IVR-238_H1N1,plate0_1_to_16-AGAGCTAAAAAGAGGA,212,0,0
PENN23_y1999_s048_d0,A/Victoria/4897/2022_IVR-238_H1N1,plate0_1_to_16-AGAGCTAAAAAGAGGA,487,0.226,0.226
PENN23_y1999_s048_d0,A/Victoria/4897/2022_IVR-238_H1N1,plate0_1_to_16-AGAGCTAAAAAGAGGA,1119,0.4533,0.4533
PENN23_y1999_s048_d0,A/Victoria/4897/2022_IVR-238_H1N1,plate0_1_to_16-AGAGCTAAAAAGAGGA,2575,0.6187,0.6187
PENN23_y1999_s048_d0,A/Victoria/4897/2022_IVR-238_H1N1,plate0_1_to_16-AGAGCTAAAAAGAGGA,5921,1.047,1
PENN23_y1999_s048_d0,A/Victoria/4897/2022_IVR-238_H1N1,plate0_1_to_16-AGAGCTAAAAAGAGGA,1.362e+04,1.04,1
PENN23_y1999_s048_d0,A/Bangkok/P176/2025_H1N1,plate0_1_to_16-AGATCCACCCTATAGT,40,0.01423,0.01423
PENN23_y1999_s048_d0,A/Bangkok/P176/2025_H1N1,plate0_1_to_16-AGATCCACCCTATAGT,92,0.06737,0.06737
PENN23_y1999_s048_d0,A/Bangkok/P176/2025_H1N1,plate0_1_to_16-AGATCCACCCTATAGT,212,0.3973,0.3973
PENN23_y1999_s048_d0,A/Bangkok/P176/2025_H1N1,plate0_1_to_16-AGATCCACCCTATAGT,487,0.4622,0.4622
PENN23_y1999_s048_d0,A/Bangkok/P176/2025_H1N1,plate0_1_to_16-AGATCCACCCTATAGT,1119,1.273,1
PENN23_y1999_s048_d0,A/Bangkok/P176/2025_H1N1,plate0_1_to_16-AGATCCACCCTATAGT,2575,0.7226,0.7226
PENN23_y1999_s048_d0,A/Bangkok/P176/2025_H1N1,plate0_1_to_16-AGATCCACCCTATAGT,5921,1.163,1
PENN23_y1999_s048_d0,A/Bangkok/P176/2025_H1N1,plate0_1_to_16-AGATCCACCCTATAGT,1.362e+04,0.9251,0.9251
PENN23_y1999_s048_d0,A/Wisconsin/NIRC-IS-1111/2025_H1N1,plate0_1_to_16-AGATCCCAGGTCCTTT,40,0,0
PENN23_y1999_s048_d0,A/Wisconsin/NIRC-IS-1111/2025_H1N1,plate0_1_to_16-AGATCCCAGGTCCTTT,92,0.001692,0.001692
PENN23_y1999_s048_d0,A/Wisconsin/NIRC-IS-1111/2025_H1N1,plate0_1_to_16-AGATCCCAGGTCCTTT,212,0.1076,0.1076
PENN23_y1999_s048_d0,A/Wisconsin/NIRC-IS-1111/2025_H1N1,plate0_1_to_16-AGATCCCAGGTCCTTT,487,0.2508,0.2508
PENN23_y1999_s048_d0,A/Wisconsin/NIRC-IS-1111/2025_H1N1,plate0_1_to_16-AGATCCCAGGTCCTTT,1119,0.8349,0.8349
PENN23_y1999_s048_d0,A/Wisconsin/NIRC-IS-1111/2025_H1N1,plate0_1_to_16-AGATCCCAGGTCCTTT,2575,0.6647,0.6647
PENN23_y1999_s048_d0,A/Wisconsin/NIRC-IS-1111/2025_H1N1,plate0_1_to_16-AGATCCCAGGTCCTTT,5921,1.148,1
PENN23_y1999_s048_d0,A/Wisconsin/NIRC-IS-1111/2025_H1N1,plate0_1_to_16-AGATCCCAGGTCCTTT,1.362e+04,1.312,1
PENN23_y1999_s048_d0,A/Sao_Paulo/358026766-IAL/2024_H3N2,plate0_1_to_16-AGCATAGGGATATGTG,40,0.1672,0.1672
PENN23_y1999_s048_d0,A/Sao_Paulo/358026766-IAL/2024_H3N2,plate0_1_to_16-AGCATAGGGATATGTG,92,0.139,0.139
PENN23_y1999_s048_d0,A/Sao_Paulo/358026766-IAL/2024_H3N2,plate0_1_to_16-AGCATAGGGATATGTG,212,0.2461,0.2461
PENN23_y1999_s048_d0,A/Sao_Paulo/358026766-IAL/2024_H3N2,plate0_1_to_16-AGCATAGGGATATGTG,487,0.4569,0.4569
PENN23_y1999_s048_d0,A/Sao_Paulo/358026766-IAL/2024_H3N2,plate0_1_to_16-AGCATAGGGATATGTG,1119,0.4501,0.4501
PENN23_y1999_s048_d0,A/Sao_Paulo/358026766-IAL/2024_H3N2,plate0_1_to_16-AGCATAGGGATATGTG,2575,0.5835,0.5835
PENN23_y1999_s048_d0,A/Sao_Paulo/358026766-IAL/2024_H3N2,plate0_1_to_16-AGCATAGGGATATGTG,5921,0.9197,0.9197
PENN23_y1999_s048_d0,A/Sao_Paulo/358026766-IAL/2024_H3N2,plate0_1_to_16-AGCATAGGGATATGTG,1.362e+04,1.034,1
PENN23_y1999_s048_d0,A/Rhode_Island/15446/2025_H3N2,plate0_1_to_16-AGCATCTAACAGATAG,40,0.05004,0.05004
PENN23_y1999_s048_d0,A/Rhode_Island/15446/2025_H3N2,plate0_1_to_16-AGCATCTAACAGATAG,92,0.02899,0.02899
PENN23_y1999_s048_d0,A/Rhode_Island/15446/2025_H3N2,plate0_1_to_16-AGCATCTAACAGATAG,212,0.3969,0.3969
PENN23_y1999_s048_d0,A/Rhode_Island/15446/2025_H3N2,plate0_1_to_16-AGCATCTAACAGATAG,487,0.4207,0.4207
PENN23_y1999_s048_d0,A/Rhode_Island/15446/2025_H3N2,plate0_1_to_16-AGCATCTAACAGATAG,1119,0.3443,0.3443
PENN23_y1999_s048_d0,A/Rhode_Island/15446/2025_H3N2,plate0_1_to_16-AGCATCTAACAGATAG,2575,0.6116,0.6116
PENN23_y1999_s048_d0,A/Rhode_Island/15446/2025_H3N2,plate0_1_to_16-AGCATCTAACAGATAG,5921,0.7552,0.7552
PENN23_y1999_s048_d0,A/Rhode_Island/15446/2025_H3N2,plate0_1_to_16-AGCATCTAACAGATAG,1.362e+04,0.6954,0.6954
PENN23_y1999_s048_d0,A/India/Pune-NIV24_3439/2024_H3N2,plate0_1_to_16-AGCCCATGCTGGGGAT,40,0.4841,0.4841
PENN23_y1999_s048_d0,A/India/Pune-NIV24_3439/2024_H3N2,plate0_1_to_16-AGCCCATGCTGGGGAT,92,0.8276,0.8276
PENN23_y1999_s048_d0,A/India/Pune-NIV24_3439/2024_H3N2,plate0_1_to_16-AGCCCATGCTGGGGAT,212,0.6556,0.6556
PENN23_y1999_s048_d0,A/India/Pune-NIV24_3439/2024_H3N2,plate0_1_to_16-AGCCCATGCTGGGGAT,487,1.426,1
PENN23_y1999_s048_d0,A/India/Pune-NIV24_3439/2024_H3N2,plate0_1_to_16-AGCCCATGCTGGGGAT,1119,0.9039,0.9039
PENN23_y1999_s048_d0,A/India/Pune-NIV24_3439/2024_H3N2,plate0_1_to_16-AGCCCATGCTGGGGAT,2575,0.7945,0.7945
PENN23_y1999_s048_d0,A/India/Pune-NIV24_3439/2024_H3N2,plate0_1_to_16-AGCCCATGCTGGGGAT,5921,1.442,1
PENN23_y1999_s048_d0,A/India/Pune-NIV24_3439/2024_H3N2,plate0_1_to_16-AGCCCATGCTGGGGAT,1.362e+04,1.157,1
PENN23_y1999_s048_d0,A/Minnesota/97/2024_H3N2,plate0_1_to_16-AGCGACATCGCCCTTT,40,0.04231,0.04231
PENN23_y1999_s048_d0,A/Minnesota/97/2024_H3N2,plate0_1_to_16-AGCGACATCGCCCTTT,92,0.06231,0.06231
PENN23_y1999_s048_d0,A/Minnesota/97/2024_H3N2,plate0_1_to_16-AGCGACATCGCCCTTT,212,0.221,0.221
PENN23_y1999_s048_d0,A/Minnesota/97/2024_H3N2,plate0_1_to_16-AGCGACATCGCCCTTT,487,0.6406,0.6406
PENN23_y1999_s048_d0,A/Minnesota/97/2024_H3N2,plate0_1_to_16-AGCGACATCGCCCTTT,1119,0.3858,0.3858
PENN23_y1999_s048_d0,A/Minnesota/97/2024_H3N2,plate0_1_to_16-AGCGACATCGCCCTTT,2575,0.3283,0.3283
PENN23_y1999_s048_d0,A/Minnesota/97/2024_H3N2,plate0_1_to_16-AGCGACATCGCCCTTT,5921,1.33,1
PENN23_y1999_s048_d0,A/Minnesota/97/2024_H3N2,plate0_1_to_16-AGCGACATCGCCCTTT,1.362e+04,0.8086,0.8086
PENN23_y1999_s048_d0,A/Lisboa/188/2023_H1N1,plate0_1_to_16-AGCTCCTGGGGTATCA,40,4.859e-05,4.859e-05
PENN23_y1999_s048_d0,A/Lisboa/188/2023_H1N1,plate0_1_to_16-AGCTCCTGGGGTATCA,92,7e-05,7e-05
PENN23_y1999_s048_d0,A/Lisboa/188/2023_H1N1,plate0_1_to_16-AGCTCCTGGGGTATCA,212,0.04666,0.04666
PENN23_y1999_s048_d0,A/Lisboa/188/2023_H1N1,plate0_1_to_16-AGCTCCTGGGGTATCA,487,0.1873,0.1873
PENN23_y1999_s048_d0,A/Lisboa/188/2023_H1N1,plate0_1_to_16-AGCTCCTGGGGTATCA,1119,0.6064,0.6064
PENN23_y1999_s048_d0,A/Lisboa/188/2023_H1N1,plate0_1_to_16-AGCTCCTGGGGTATCA,2575,0.6899,0.6899
PENN23_y1999_s048_d0,A/Lisboa/188/2023_H1N1,plate0_1_to_16-AGCTCCTGGGGTATCA,5921,1.078,1
PENN23_y1999_s048_d0,A/Lisboa/188/2023_H1N1,plate0_1_to_16-AGCTCCTGGGGTATCA,1.362e+04,0.8053,0.8053
PENN23_y1999_s048_d0,A/Switzerland/9715293/2013_H3N2,plate0_1_to_16-AGCTGAATTAAGTATG,40,0.00156,0.00156
PENN23_y1999_s048_d0,A/Switzerland/9715293/2013_H3N2,plate0_1_to_16-AGCTGAATTAAGTATG,92,0.02377,0.02377
PENN23_y1999_s048_d0,A/Switzerland/9715293/2013_H3N2,plate0_1_to_16-AGCTGAATTAAGTATG,212,0.05567,0.05567
PENN23_y1999_s048_d0,A/Switzerland/9715293/2013_H3N2,plate0_1_to_16-AGCTGAATTAAGTATG,487,0.1383,0.1383
PENN23_y1999_s048_d0,A/Switzerland/9715293/2013_H3N2,plate0_1_to_16-AGCTGAATTAAGTATG,1119,0.5134,0.5134
PENN23_y1999_s048_d0,A/Switzerland/9715293/2013_H3N2,plate0_1_to_16-AGCTGAATTAAGTATG,2575,0.5477,0.5477
PENN23_y1999_s048_d0,A/Switzerland/9715293/2013_H3N2,plate0_1_to_16-AGCTGAATTAAGTATG,5921,1.653,1
PENN23_y1999_s048_d0,A/Switzerland/9715293/2013_H3N2,plate0_1_to_16-AGCTGAATTAAGTATG,1.362e+04,0.9943,0.9943
PENN23_y1999_s048_d0,A/Wisconsin/67/2022_H1N1,plate0_1_to_16-AGGAAAGAAACTGGAG,40,0.001043,0.001043
PENN23_y1999_s048_d0,A/Wisconsin/67/2022_H1N1,plate0_1_to_16-AGGAAAGAAACTGGAG,92,0.0001001,0.0001001
PENN23_y1999_s048_d0,A/Wisconsin/67/2022_H1N1,plate0_1_to_16-AGGAAAGAAACTGGAG,212,0.1716,0.1716
PENN23_y1999_s048_d0,A/Wisconsin/67/2022_H1N1,plate0_1_to_16-AGGAAAGAAACTGGAG,487,0.3329,0.3329
PENN23_y1999_s048_d0,A/Wisconsin/67/2022_H1N1,plate0_1_to_16-AGGAAAGAAACTGGAG,1119,0.7803,0.7803
PENN23_y1999_s048_d0,A/Wisconsin/67/2022_H1N1,plate0_1_to_16-AGGAAAGAAACTGGAG,2575,0.7573,0.7573
PENN23_y1999_s048_d0,A/Wisconsin/67/2022_H1N1,plate0_1_to_16-AGGAAAGAAACTGGAG,5921,0.7694,0.7694
PENN23_y1999_s048_d0,A/Wisconsin/67/2022_H1N1,plate0_1_to_16-AGGAAAGAAACTGGAG,1.362e+04,1.22,1
PENN23_y1999_s048_d0,A/Saint-Petersburg/RII-04/2025_H1N1,plate0_1_to_16-AGGACTATAGTTGGCA,40,0.001502,0.001502
PENN23_y1999_s048_d0,A/Saint-Petersburg/RII-04/2025_H1N1,plate0_1_to_16-AGGACTATAGTTGGCA,92,0.0003091,0.0003091
PENN23_y1999_s048_d0,A/Saint-Petersburg/RII-04/2025_H1N1,plate0_1_to_16-AGGACTATAGTTGGCA,212,0.06392,0.06392
PENN23_y1999_s048_d0,A/Saint-Petersburg/RII-04/2025_H1N1,plate0_1_to_16-AGGACTATAGTTGGCA,487,0.1627,0.1627
PENN23_y1999_s048_d0,A/Saint-Petersburg/RII-04/2025_H1N1,plate0_1_to_16-AGGACTATAGTTGGCA,1119,0.4567,0.4567
PENN23_y1999_s048_d0,A/Saint-Petersburg/RII-04/2025_H1N1,plate0_1_to_16-AGGACTATAGTTGGCA,2575,0.5513,0.5513
PENN23_y1999_s048_d0,A/Saint-Petersburg/RII-04/2025_H1N1,plate0_1_to_16-AGGACTATAGTTGGCA,5921,0.9389,0.9389
PENN23_y1999_s048_d0,A/Saint-Petersburg/RII-04/2025_H1N1,plate0_1_to_16-AGGACTATAGTTGGCA,1.362e+04,0.9035,0.9035
PENN23_y1999_s048_d0,A/Switzerland/47775/2024_H3N2,plate0_1_to_16-AGGAGTATGAAGAGCG,40,0.07004,0.07004
PENN23_y1999_s048_d0,A/Switzerland/47775/2024_H3N2,plate0_1_to_16-AGGAGTATGAAGAGCG,92,0.1776,0.1776
PENN23_y1999_s048_d0,A/Switzerland/47775/2024_H3N2,plate0_1_to_16-AGGAGTATGAAGAGCG,212,0.4088,0.4088
PENN23_y1999_s048_d0,A/Switzerland/47775/2024_H3N2,plate0_1_to_16-AGGAGTATGAAGAGCG,487,0.3626,0.3626
PENN23_y1999_s048_d0,A/Switzerland/47775/2024_H3N2,plate0_1_to_16-AGGAGTATGAAGAGCG,1119,0.2914,0.2914
PENN23_y1999_s048_d0,A/Switzerland/47775/2024_H3N2,plate0_1_to_16-AGGAGTATGAAGAGCG,2575,0.5732,0.5732
PENN23_y1999_s048_d0,A/Switzerland/47775/2024_H3N2,plate0_1_to_16-AGGAGTATGAAGAGCG,5921,0.9237,0.9237
PENN23_y1999_s048_d0,A/Switzerland/47775/2024_H3N2,plate0_1_to_16-AGGAGTATGAAGAGCG,1.362e+04,0.6913,0.6913
PENN23_y1999_s048_d0,A/Victoria/3480/2024_H3N2,plate0_1_to_16-AGGCCCGTAAGGACTA,40,0.06934,0.06934
PENN23_y1999_s048_d0,A/Victoria/3480/2024_H3N2,plate0_1_to_16-AGGCCCGTAAGGACTA,92,0.1926,0.1926
PENN23_y1999_s048_d0,A/Victoria/3480/2024_H3N2,plate0_1_to_16-AGGCCCGTAAGGACTA,212,0.1613,0.1613
PENN23_y1999_s048_d0,A/Victoria/3480/2024_H3N2,plate0_1_to_16-AGGCCCGTAAGGACTA,487,0.2939,0.2939
PENN23_y1999_s048_d0,A/Victoria/3480/2024_H3N2,plate0_1_to_16-AGGCCCGTAAGGACTA,1119,0.9478,0.9478
PENN23_y1999_s048_d0,A/Victoria/3480/2024_H3N2,plate0_1_to_16-AGGCCCGTAAGGACTA,2575,0.6164,0.6164
PENN23_y1999_s048_d0,A/Victoria/3480/2024_H3N2,plate0_1_to_16-AGGCCCGTAAGGACTA,5921,1.357,1
PENN23_y1999_s048_d0,A/Victoria/3480/2024_H3N2,plate0_1_to_16-AGGCCCGTAAGGACTA,1.362e+04,1.024,1
PENN23_y1999_s048_d0,A/Maryland/64/2024_H1N1,plate0_1_to_16-AGGTGGACGGGCATGG,40,0,0
PENN23_y1999_s048_d0,A/Maryland/64/2024_H1N1,plate0_1_to_16-AGGTGGACGGGCATGG,92,0,0
PENN23_y1999_s048_d0,A/Maryland/64/2024_H1N1,plate0_1_to_16-AGGTGGACGGGCATGG,212,0.03206,0.03206
PENN23_y1999_s048_d0,A/Maryland/64/2024_H1N1,plate0_1_to_16-AGGTGGACGGGCATGG,487,0.1682,0.1682
PENN23_y1999_s048_d0,A/Maryland/64/2024_H1N1,plate0_1_to_16-AGGTGGACGGGCATGG,1119,0.3299,0.3299
PENN23_y1999_s048_d0,A/Maryland/64/2024_H1N1,plate0_1_to_16-AGGTGGACGGGCATGG,2575,0.3475,0.3475
PENN23_y1999_s048_d0,A/Maryland/64/2024_H1N1,plate0_1_to_16-AGGTGGACGGGCATGG,1.362e+04,0.598,0.598
PENN23_y1999_s048_d0,A/Uganda/UVRI_KIS6850_2024_H1N1,plate0_1_to_16-AGGTTCAGACTCTTGC,40,0.0003826,0.0003826
PENN23_y1999_s048_d0,A/Uganda/UVRI_KIS6850_2024_H1N1,plate0_1_to_16-AGGTTCAGACTCTTGC,92,0.0005512,0.0005512
PENN23_y1999_s048_d0,A/Uganda/UVRI_KIS6850_2024_H1N1,plate0_1_to_16-AGGTTCAGACTCTTGC,212,0.01994,0.01994
PENN23_y1999_s048_d0,A/Uganda/UVRI_KIS6850_2024_H1N1,plate0_1_to_16-AGGTTCAGACTCTTGC,487,0.1356,0.1356
PENN23_y1999_s048_d0,A/Uganda/UVRI_KIS6850_2024_H1N1,plate0_1_to_16-AGGTTCAGACTCTTGC,1119,0.5185,0.5185
PENN23_y1999_s048_d0,A/Uganda/UVRI_KIS6850_2024_H1N1,plate0_1_to_16-AGGTTCAGACTCTTGC,2575,0.5259,0.5259
PENN23_y1999_s048_d0,A/Uganda/UVRI_KIS6850_2024_H1N1,plate0_1_to_16-AGGTTCAGACTCTTGC,5921,0.722,0.722
PENN23_y1999_s048_d0,A/Uganda/UVRI_KIS6850_2024_H1N1,plate0_1_to_16-AGGTTCAGACTCTTGC,1.362e+04,0.7795,0.7795
PENN23_y1999_s048_d0,A/Hawaii/70/2019_H1N1,plate0_1_to_16-AGTAAACATGCATTGG,40,0,0
PENN23_y1999_s048_d0,A/Hawaii/70/2019_H1N1,plate0_1_to_16-AGTAAACATGCATTGG,92,0.0004772,0.0004772
PENN23_y1999_s048_d0,A/Hawaii/70/2019_H1N1,plate0_1_to_16-AGTAAACATGCATTGG,212,0.0164,0.0164
PENN23_y1999_s048_d0,A/Hawaii/70/2019_H1N1,plate0_1_to_16-AGTAAACATGCATTGG,487,0.1023,0.1023
PENN23_y1999_s048_d0,A/Hawaii/70/2019_H1N1,plate0_1_to_16-AGTAAACATGCATTGG,1119,0.2847,0.2847
PENN23_y1999_s048_d0,A/Hawaii/70/2019_H1N1,plate0_1_to_16-AGTAAACATGCATTGG,2575,0.3189,0.3189
PENN23_y1999_s048_d0,A/Hawaii/70/2019_H1N1,plate0_1_to_16-AGTAAACATGCATTGG,5921,0.5428,0.5428
PENN23_y1999_s048_d0,A/Hawaii/70/2019_H1N1,plate0_1_to_16-AGTAAACATGCATTGG,1.362e+04,0.5723,0.5723
PENN23_y1999_s048_d0,A/Rhode_Island/66/2024_H3N2,plate0_1_to_16-AGTATTTGCGCTTCAA,40,0.1759,0.1759
PENN23_y1999_s048_d0,A/Rhode_Island/66/2024_H3N2,plate0_1_to_16-AGTATTTGCGCTTCAA,92,0.1995,0.1995
PENN23_y1999_s048_d0,A/Rhode_Island/66/2024_H3N2,plate0_1_to_16-AGTATTTGCGCTTCAA,212,0.3075,0.3075
PENN23_y1999_s048_d0,A/Rhode_Island/66/2024_H3N2,plate0_1_to_16-AGTATTTGCGCTTCAA,487,0.295,0.295
PENN23_y1999_s048_d0,A/Rhode_Island/66/2024_H3N2,plate0_1_to_16-AGTATTTGCGCTTCAA,1119,0.7898,0.7898
PENN23_y1999_s048_d0,A/Rhode_Island/66/2024_H3N2,plate0_1_to_16-AGTATTTGCGCTTCAA,2575,1.216,1
PENN23_y1999_s048_d0,A/Rhode_Island/66/2024_H3N2,plate0_1_to_16-AGTATTTGCGCTTCAA,5921,1.405,1
PENN23_y1999_s048_d0,A/Rhode_Island/66/2024_H3N2,plate0_1_to_16-AGTATTTGCGCTTCAA,1.362e+04,0.8229,0.8229
PENN23_y1999_s048_d0,A/Wisconsin/588/2019_H1N1,plate0_1_to_16-AGTCCTATCCTCAAAT,40,0,0
PENN23_y1999_s048_d0,A/Wisconsin/588/2019_H1N1,plate0_1_to_16-AGTCCTATCCTCAAAT,92,0,0
PENN23_y1999_s048_d0,A/Wisconsin/588/2019_H1N1,plate0_1_to_16-AGTCCTATCCTCAAAT,212,0.05949,0.05949
PENN23_y1999_s048_d0,A/Wisconsin/588/2019_H1N1,plate0_1_to_16-AGTCCTATCCTCAAAT,487,0.104,0.104
PENN23_y1999_s048_d0,A/Wisconsin/588/2019_H1N1,plate0_1_to_16-AGTCCTATCCTCAAAT,1119,0.2559,0.2559
PENN23_y1999_s048_d0,A/Wisconsin/588/2019_H1N1,plate0_1_to_16-AGTCCTATCCTCAAAT,2575,0.3229,0.3229
PENN23_y1999_s048_d0,A/Wisconsin/588/2019_H1N1,plate0_1_to_16-AGTCCTATCCTCAAAT,1.362e+04,0.3717,0.3717
PENN23_y1999_s048_d0,A/Ghana/FS-25-0256/2025_H3N2,plate0_1_to_16-AGTCGTTTAGATAGTT,40,0.09988,0.09988
PENN23_y1999_s048_d0,A/Ghana/FS-25-0256/2025_H3N2,plate0_1_to_16-AGTCGTTTAGATAGTT,92,0.1833,0.1833
PENN23_y1999_s048_d0,A/Ghana/FS-25-0256/2025_H3N2,plate0_1_to_16-AGTCGTTTAGATAGTT,212,0.2482,0.2482
PENN23_y1999_s048_d0,A/Ghana/FS-25-0256/2025_H3N2,plate0_1_to_16-AGTCGTTTAGATAGTT,487,0.6762,0.6762
PENN23_y1999_s048_d0,A/Ghana/FS-25-0256/2025_H3N2,plate0_1_to_16-AGTCGTTTAGATAGTT,1119,0.6341,0.6341
PENN23_y1999_s048_d0,A/Ghana/FS-25-0256/2025_H3N2,plate0_1_to_16-AGTCGTTTAGATAGTT,2575,0.9597,0.9597
PENN23_y1999_s048_d0,A/Ghana/FS-25-0256/2025_H3N2,plate0_1_to_16-AGTCGTTTAGATAGTT,5921,0.8793,0.8793
PENN23_y1999_s048_d0,A/Ghana/FS-25-0256/2025_H3N2,plate0_1_to_16-AGTCGTTTAGATAGTT,1.362e+04,0.9626,0.9626
PENN23_y1999_s048_d0,A/Ecuador/1385/2024_H3N2,plate0_1_to_16-AGTGTTGAATAGGCGA,40,0.1319,0.1319
PENN23_y1999_s048_d0,A/Ecuador/1385/2024_H3N2,plate0_1_to_16-AGTGTTGAATAGGCGA,92,0.1988,0.1988
PENN23_y1999_s048_d0,A/Ecuador/1385/2024_H3N2,plate0_1_to_16-AGTGTTGAATAGGCGA,212,0.6385,0.6385
PENN23_y1999_s048_d0,A/Ecuador/1385/2024_H3N2,plate0_1_to_16-AGTGTTGAATAGGCGA,487,0.529,0.529
PENN23_y1999_s048_d0,A/Ecuador/1385/2024_H3N2,plate0_1_to_16-AGTGTTGAATAGGCGA,1119,0.9047,0.9047
PENN23_y1999_s048_d0,A/Ecuador/1385/2024_H3N2,plate0_1_to_16-AGTGTTGAATAGGCGA,2575,1.079,1
PENN23_y1999_s048_d0,A/Ecuador/1385/2024_H3N2,plate0_1_to_16-AGTGTTGAATAGGCGA,5921,1.221,1
PENN23_y1999_s048_d0,A/Ecuador/1385/2024_H3N2,plate0_1_to_16-AGTGTTGAATAGGCGA,1.362e+04,1.06,1
PENN23_y1999_s048_d0,A/Pennsylvania/288/2024_H3N2,plate0_1_to_16-AGTGTTGGCTTGGTTA,40,0.3118,0.3118
PENN23_y1999_s048_d0,A/Pennsylvania/288/2024_H3N2,plate0_1_to_16-AGTGTTGGCTTGGTTA,92,0.3258,0.3258
PENN23_y1999_s048_d0,A/Pennsylvania/288/2024_H3N2,plate0_1_to_16-AGTGTTGGCTTGGTTA,212,0.1797,0.1797
PENN23_y1999_s048_d0,A/Pennsylvania/288/2024_H3N2,plate0_1_to_16-AGTGTTGGCTTGGTTA,487,0.3659,0.3659
PENN23_y1999_s048_d0,A/Pennsylvania/288/2024_H3N2,plate0_1_to_16-AGTGTTGGCTTGGTTA,1119,0.6794,0.6794
PENN23_y1999_s048_d0,A/Pennsylvania/288/2024_H3N2,plate0_1_to_16-AGTGTTGGCTTGGTTA,2575,0.6251,0.6251
PENN23_y1999_s048_d0,A/Pennsylvania/288/2024_H3N2,plate0_1_to_16-AGTGTTGGCTTGGTTA,5921,0.5725,0.5725
PENN23_y1999_s048_d0,A/Pennsylvania/288/2024_H3N2,plate0_1_to_16-AGTGTTGGCTTGGTTA,1.362e+04,0.8661,0.8661
PENN23_y1999_s048_d0,A/Texas/50/2012_H3N2,plate0_1_to_16-AGTTCCATAGGCATGG,40,0,0
PENN23_y1999_s048_d0,A/Texas/50/2012_H3N2,plate0_1_to_16-AGTTCCATAGGCATGG,92,0,0
PENN23_y1999_s048_d0,A/Texas/50/2012_H3N2,plate0_1_to_16-AGTTCCATAGGCATGG,212,0,0
PENN23_y1999_s048_d0,A/Texas/50/2012_H3N2,plate0_1_to_16-AGTTCCATAGGCATGG,487,0.0102,0.0102
PENN23_y1999_s048_d0,A/Texas/50/2012_H3N2,plate0_1_to_16-AGTTCCATAGGCATGG,1119,0.01744,0.01744
PENN23_y1999_s048_d0,A/Texas/50/2012_H3N2,plate0_1_to_16-AGTTCCATAGGCATGG,2575,0.103,0.103
PENN23_y1999_s048_d0,A/Texas/50/2012_H3N2,plate0_1_to_16-AGTTCCATAGGCATGG,5921,0.5225,0.5225
PENN23_y1999_s048_d0,A/Texas/50/2012_H3N2,plate0_1_to_16-AGTTCCATAGGCATGG,1.362e+04,0.7754,0.7754
PENN23_y1999_s048_d0,A/Zacapa/FLU-012/2025_H1N1,plate0_1_to_16-AGTTTTTATAACTTGC,40,0,0
PENN23_y1999_s048_d0,A/Zacapa/FLU-012/2025_H1N1,plate0_1_to_16-AGTTTTTATAACTTGC,92,0,0
PENN23_y1999_s048_d0,A/Zacapa/FLU-012/2025_H1N1,plate0_1_to_16-AGTTTTTATAACTTGC,212,0.009936,0.009936
PENN23_y1999_s048_d0,A/Zacapa/FLU-012/2025_H1N1,plate0_1_to_16-AGTTTTTATAACTTGC,487,0.4114,0.4114
PENN23_y1999_s048_d0,A/Zacapa/FLU-012/2025_H1N1,plate0_1_to_16-AGTTTTTATAACTTGC,1119,0.609,0.609
PENN23_y1999_s048_d0,A/Zacapa/FLU-012/2025_H1N1,plate0_1_to_16-AGTTTTTATAACTTGC,2575,1.319,1
PENN23_y1999_s048_d0,A/Zacapa/FLU-012/2025_H1N1,plate0_1_to_16-AGTTTTTATAACTTGC,5921,1.311,1
PENN23_y1999_s048_d0,A/Zacapa/FLU-012/2025_H1N1,plate0_1_to_16-AGTTTTTATAACTTGC,1.362e+04,1.358,1
PENN23_y1999_s048_d0,A/Cambodia/e0826360/2020egg_H3N2,plate0_1_to_16-ATAACGTTTGTGCAAA,40,0,0
PENN23_y1999_s048_d0,A/Cambodia/e0826360/2020egg_H3N2,plate0_1_to_16-ATAACGTTTGTGCAAA,92,0,0
PENN23_y1999_s048_d0,A/Cambodia/e0826360/2020egg_H3N2,plate0_1_to_16-ATAACGTTTGTGCAAA,212,0.002386,0.002386
PENN23_y1999_s048_d0,A/Cambodia/e0826360/2020egg_H3N2,plate0_1_to_16-ATAACGTTTGTGCAAA,487,0.007548,0.007548
PENN23_y1999_s048_d0,A/Cambodia/e0826360/2020egg_H3N2,plate0_1_to_16-ATAACGTTTGTGCAAA,1119,0.2718,0.2718
PENN23_y1999_s048_d0,A/Cambodia/e0826360/2020egg_H3N2,plate0_1_to_16-ATAACGTTTGTGCAAA,2575,0.2823,0.2823
PENN23_y1999_s048_d0,A/Cambodia/e0826360/2020egg_H3N2,plate0_1_to_16-ATAACGTTTGTGCAAA,5921,0.6924,0.6924
PENN23_y1999_s048_d0,A/Cambodia/e0826360/2020egg_H3N2,plate0_1_to_16-ATAACGTTTGTGCAAA,1.362e+04,0.5352,0.5352
PENN23_y1999_s048_d0,A/Bangkok/P176/2025_H1N1,plate0_1_to_16-ATAACTGAGGGCATTG,40,0,0
PENN23_y1999_s048_d0,A/Bangkok/P176/2025_H1N1,plate0_1_to_16-ATAACTGAGGGCATTG,92,0.1498,0.1498
PENN23_y1999_s048_d0,A/Bangkok/P176/2025_H1N1,plate0_1_to_16-ATAACTGAGGGCATTG,212,0.272,0.272
PENN23_y1999_s048_d0,A/Bangkok/P176/2025_H1N1,plate0_1_to_16-ATAACTGAGGGCATTG,487,0.4541,0.4541
PENN23_y1999_s048_d0,A/Bangkok/P176/2025_H1N1,plate0_1_to_16-ATAACTGAGGGCATTG,1119,0.5845,0.5845
PENN23_y1999_s048_d0,A/Bangkok/P176/2025_H1N1,plate0_1_to_16-ATAACTGAGGGCATTG,2575,0.5412,0.5412
PENN23_y1999_s048_d0,A/Bangkok/P176/2025_H1N1,plate0_1_to_16-ATAACTGAGGGCATTG,5921,0.8455,0.8455
PENN23_y1999_s048_d0,A/Bangkok/P176/2025_H1N1,plate0_1_to_16-ATAACTGAGGGCATTG,1.362e+04,2.292,1
PENN23_y1999_s048_d0,A/Shanghai-Huangpu/SWL12109/2024_H1N1,plate0_1_to_16-ATACACGAGGTTGTGA,40,3.679e-05,3.679e-05
PENN23_y1999_s048_d0,A/Shanghai-Huangpu/SWL12109/2024_H1N1,plate0_1_to_16-ATACACGAGGTTGTGA,92,5.3e-05,5.3e-05
PENN23_y1999_s048_d0,A/Shanghai-Huangpu/SWL12109/2024_H1N1,plate0_1_to_16-ATACACGAGGTTGTGA,212,0.01783,0.01783
PENN23_y1999_s048_d0,A/Shanghai-Huangpu/SWL12109/2024_H1N1,plate0_1_to_16-ATACACGAGGTTGTGA,487,0.1505,0.1505
PENN23_y1999_s048_d0,A/Shanghai-Huangpu/SWL12109/2024_H1N1,plate0_1_to_16-ATACACGAGGTTGTGA,1119,0.5402,0.5402
PENN23_y1999_s048_d0,A/Shanghai-Huangpu/SWL12109/2024_H1N1,plate0_1_to_16-ATACACGAGGTTGTGA,2575,0.5562,0.5562
PENN23_y1999_s048_d0,A/Shanghai-Huangpu/SWL12109/2024_H1N1,plate0_1_to_16-ATACACGAGGTTGTGA,5921,0.8646,0.8646
PENN23_y1999_s048_d0,A/Shanghai-Huangpu/SWL12109/2024_H1N1,plate0_1_to_16-ATACACGAGGTTGTGA,1.362e+04,0.8216,0.8216
PENN23_y1999_s048_d0,A/Texas/50/2012X-223A_H3N2,plate0_1_to_16-ATAGAAAATTATCCGC,40,0,0
PENN23_y1999_s048_d0,A/Texas/50/2012X-223A_H3N2,plate0_1_to_16-ATAGAAAATTATCCGC,92,0,0
PENN23_y1999_s048_d0,A/Texas/50/2012X-223A_H3N2,plate0_1_to_16-ATAGAAAATTATCCGC,212,0,0
PENN23_y1999_s048_d0,A/Texas/50/2012X-223A_H3N2,plate0_1_to_16-ATAGAAAATTATCCGC,487,0.002335,0.002335
PENN23_y1999_s048_d0,A/Texas/50/2012X-223A_H3N2,plate0_1_to_16-ATAGAAAATTATCCGC,1119,0.04889,0.04889
PENN23_y1999_s048_d0,A/Texas/50/2012X-223A_H3N2,plate0_1_to_16-ATAGAAAATTATCCGC,2575,0.008998,0.008998
PENN23_y1999_s048_d0,A/Texas/50/2012X-223A_H3N2,plate0_1_to_16-ATAGAAAATTATCCGC,5921,0.5738,0.5738
PENN23_y1999_s048_d0,A/Texas/50/2012X-223A_H3N2,plate0_1_to_16-ATAGAAAATTATCCGC,1.362e+04,0.9562,0.9562
PENN23_y1999_s048_d0,A/Hawaii/70/2019_H1N1,plate0_1_to_16-ATAGAATCGCAAATTA,40,0,0
PENN23_y1999_s048_d0,A/Hawaii/70/2019_H1N1,plate0_1_to_16-ATAGAATCGCAAATTA,92,0.001171,0.001171
PENN23_y1999_s048_d0,A/Hawaii/70/2019_H1N1,plate0_1_to_16-ATAGAATCGCAAATTA,212,0.008417,0.008417
PENN23_y1999_s048_d0,A/Hawaii/70/2019_H1N1,plate0_1_to_16-ATAGAATCGCAAATTA,487,0.02761,0.02761
PENN23_y1999_s048_d0,A/Hawaii/70/2019_H1N1,plate0_1_to_16-ATAGAATCGCAAATTA,1119,0.1066,0.1066
PENN23_y1999_s048_d0,A/Hawaii/70/2019_H1N1,plate0_1_to_16-ATAGAATCGCAAATTA,2575,0.5322,0.5322
PENN23_y1999_s048_d0,A/Hawaii/70/2019_H1N1,plate0_1_to_16-ATAGAATCGCAAATTA,5921,0.814,0.814
PENN23_y1999_s048_d0,A/Hawaii/70/2019_H1N1,plate0_1_to_16-ATAGAATCGCAAATTA,1.362e+04,1.171,1
PENN23_y1999_s048_d0,A/Switzerland/9715293/2013NIB-88_H3N2,plate0_1_to_16-ATAGGATATATGGCTG,40,0,0
PENN23_y1999_s048_d0,A/Switzerland/9715293/2013NIB-88_H3N2,plate0_1_to_16-ATAGGATATATGGCTG,92,0,0
PENN23_y1999_s048_d0,A/Switzerland/9715293/2013NIB-88_H3N2,plate0_1_to_16-ATAGGATATATGGCTG,212,0,0
PENN23_y1999_s048_d0,A/Switzerland/9715293/2013NIB-88_H3N2,plate0_1_to_16-ATAGGATATATGGCTG,487,0.07133,0.07133
PENN23_y1999_s048_d0,A/Switzerland/9715293/2013NIB-88_H3N2,plate0_1_to_16-ATAGGATATATGGCTG,1119,0.352,0.352
PENN23_y1999_s048_d0,A/Switzerland/9715293/2013NIB-88_H3N2,plate0_1_to_16-ATAGGATATATGGCTG,2575,0.5964,0.5964
PENN23_y1999_s048_d0,A/Switzerland/9715293/2013NIB-88_H3N2,plate0_1_to_16-ATAGGATATATGGCTG,5921,0.6501,0.6501
PENN23_y1999_s048_d0,A/Switzerland/9715293/2013NIB-88_H3N2,plate0_1_to_16-ATAGGATATATGGCTG,1.362e+04,0.8161,0.8161
PENN23_y1999_s048_d0,A/Sydney/43/2025_H3N2,plate0_1_to_16-ATATAAAAAACTTAGT,40,0.1445,0.1445
PENN23_y1999_s048_d0,A/Sydney/43/2025_H3N2,plate0_1_to_16-ATATAAAAAACTTAGT,92,0.3416,0.3416
PENN23_y1999_s048_d0,A/Sydney/43/2025_H3N2,plate0_1_to_16-ATATAAAAAACTTAGT,212,0.3139,0.3139
PENN23_y1999_s048_d0,A/Sydney/43/2025_H3N2,plate0_1_to_16-ATATAAAAAACTTAGT,487,0.4217,0.4217
PENN23_y1999_s048_d0,A/Sydney/43/2025_H3N2,plate0_1_to_16-ATATAAAAAACTTAGT,1119,0.3814,0.3814
PENN23_y1999_s048_d0,A/Sydney/43/2025_H3N2,plate0_1_to_16-ATATAAAAAACTTAGT,2575,0.7046,0.7046
PENN23_y1999_s048_d0,A/Sydney/43/2025_H3N2,plate0_1_to_16-ATATAAAAAACTTAGT,5921,0.8877,0.8877
PENN23_y1999_s048_d0,A/Sydney/43/2025_H3N2,plate0_1_to_16-ATATAAAAAACTTAGT,1.362e+04,0.82,0.82
PENN23_y1999_s048_d0,A/Pakistan/306/2024_H1N1,plate0_1_to_16-ATCAGGATAATCGCGC,40,0,0
PENN23_y1999_s048_d0,A/Pakistan/306/2024_H1N1,plate0_1_to_16-ATCAGGATAATCGCGC,92,0,0
PENN23_y1999_s048_d0,A/Pakistan/306/2024_H1N1,plate0_1_to_16-ATCAGGATAATCGCGC,212,0.1861,0.1861
PENN23_y1999_s048_d0,A/Pakistan/306/2024_H1N1,plate0_1_to_16-ATCAGGATAATCGCGC,487,0.3224,0.3224
PENN23_y1999_s048_d0,A/Pakistan/306/2024_H1N1,plate0_1_to_16-ATCAGGATAATCGCGC,1119,0.4447,0.4447
PENN23_y1999_s048_d0,A/Pakistan/306/2024_H1N1,plate0_1_to_16-ATCAGGATAATCGCGC,2575,0.6818,0.6818
PENN23_y1999_s048_d0,A/Pakistan/306/2024_H1N1,plate0_1_to_16-ATCAGGATAATCGCGC,5921,0.8282,0.8282
PENN23_y1999_s048_d0,A/Pakistan/306/2024_H1N1,plate0_1_to_16-ATCAGGATAATCGCGC,1.362e+04,0.962,0.962
PENN23_y1999_s048_d0,A/Brisbane/02/2018_H1N1,plate0_1_to_16-ATCCGATTTAAAGGCA,40,0,0
PENN23_y1999_s048_d0,A/Brisbane/02/2018_H1N1,plate0_1_to_16-ATCCGATTTAAAGGCA,92,0.000432,0.000432
PENN23_y1999_s048_d0,A/Brisbane/02/2018_H1N1,plate0_1_to_16-ATCCGATTTAAAGGCA,212,0.01167,0.01167
PENN23_y1999_s048_d0,A/Brisbane/02/2018_H1N1,plate0_1_to_16-ATCCGATTTAAAGGCA,487,0.008338,0.008338
PENN23_y1999_s048_d0,A/Brisbane/02/2018_H1N1,plate0_1_to_16-ATCCGATTTAAAGGCA,1119,0.09839,0.09839
PENN23_y1999_s048_d0,A/Brisbane/02/2018_H1N1,plate0_1_to_16-ATCCGATTTAAAGGCA,2575,0.2553,0.2553
PENN23_y1999_s048_d0,A/Brisbane/02/2018_H1N1,plate0_1_to_16-ATCCGATTTAAAGGCA,5921,0.9377,0.9377
PENN23_y1999_s048_d0,A/Brisbane/02/2018_H1N1,plate0_1_to_16-ATCCGATTTAAAGGCA,1.362e+04,0.963,0.963
PENN23_y1999_s048_d0,A/Utah/94/2024_H3N2,plate0_1_to_16-ATGGCCCACGGGCATA,40,0.2701,0.2701
PENN23_y1999_s048_d0,A/Utah/94/2024_H3N2,plate0_1_to_16-ATGGCCCACGGGCATA,92,0.3414,0.3414
PENN23_y1999_s048_d0,A/Utah/94/2024_H3N2,plate0_1_to_16-ATGGCCCACGGGCATA,212,0.4921,0.4921
PENN23_y1999_s048_d0,A/Utah/94/2024_H3N2,plate0_1_to_16-ATGGCCCACGGGCATA,487,1.019,1
PENN23_y1999_s048_d0,A/Utah/94/2024_H3N2,plate0_1_to_16-ATGGCCCACGGGCATA,1119,0.6109,0.6109
PENN23_y1999_s048_d0,A/Utah/94/2024_H3N2,plate0_1_to_16-ATGGCCCACGGGCATA,2575,1.272,1
PENN23_y1999_s048_d0,A/Utah/94/2024_H3N2,plate0_1_to_16-ATGGCCCACGGGCATA,5921,1.235,1
PENN23_y1999_s048_d0,A/Utah/94/2024_H3N2,plate0_1_to_16-ATGGCCCACGGGCATA,1.362e+04,0.8027,0.8027
PENN23_y1999_s048_d0,A/Massachusetts/ISC-1679/2025_H1N1,plate0_1_to_16-ATGGGATTGGAGAAAC,40,1.504e-05,1.504e-05
PENN23_y1999_s048_d0,A/Massachusetts/ISC-1679/2025_H1N1,plate0_1_to_16-ATGGGATTGGAGAAAC,92,0.00574,0.00574
PENN23_y1999_s048_d0,A/Massachusetts/ISC-1679/2025_H1N1,plate0_1_to_16-ATGGGATTGGAGAAAC,212,0.1775,0.1775
PENN23_y1999_s048_d0,A/Massachusetts/ISC-1679/2025_H1N1,plate0_1_to_16-ATGGGATTGGAGAAAC,487,0.3252,0.3252
PENN23_y1999_s048_d0,A/Massachusetts/ISC-1679/2025_H1N1,plate0_1_to_16-ATGGGATTGGAGAAAC,1119,0.7305,0.7305
PENN23_y1999_s048_d0,A/Massachusetts/ISC-1679/2025_H1N1,plate0_1_to_16-ATGGGATTGGAGAAAC,2575,0.6631,0.6631
PENN23_y1999_s048_d0,A/Massachusetts/ISC-1679/2025_H1N1,plate0_1_to_16-ATGGGATTGGAGAAAC,5921,1.039,1
PENN23_y1999_s048_d0,A/Massachusetts/ISC-1679/2025_H1N1,plate0_1_to_16-ATGGGATTGGAGAAAC,1.362e+04,1.161,1
PENN23_y1999_s048_d0,A/Busan/277/2025_H1N1,plate0_1_to_16-ATGGTTTTACGTCCAT,40,0,0
PENN23_y1999_s048_d0,A/Busan/277/2025_H1N1,plate0_1_to_16-ATGGTTTTACGTCCAT,92,0.01143,0.01143
PENN23_y1999_s048_d0,A/Busan/277/2025_H1N1,plate0_1_to_16-ATGGTTTTACGTCCAT,212,1.328,1
PENN23_y1999_s048_d0,A/Busan/277/2025_H1N1,plate0_1_to_16-ATGGTTTTACGTCCAT,487,0.4435,0.4435
PENN23_y1999_s048_d0,A/Busan/277/2025_H1N1,plate0_1_to_16-ATGGTTTTACGTCCAT,1119,0.6696,0.6696
PENN23_y1999_s048_d0,A/Busan/277/2025_H1N1,plate0_1_to_16-ATGGTTTTACGTCCAT,2575,0.6808,0.6808
PENN23_y1999_s048_d0,A/Busan/277/2025_H1N1,plate0_1_to_16-ATGGTTTTACGTCCAT,5921,0.9595,0.9595
PENN23_y1999_s048_d0,A/Busan/277/2025_H1N1,plate0_1_to_16-ATGGTTTTACGTCCAT,1.362e+04,1.921,1
PENN23_y1999_s048_d0,A/Manitoba/RV04865/2024_H3N2,plate0_1_to_16-ATTAGGGCTACGTGAG,40,0.04079,0.04079
PENN23_y1999_s048_d0,A/Manitoba/RV04865/2024_H3N2,plate0_1_to_16-ATTAGGGCTACGTGAG,92,0.124,0.124
PENN23_y1999_s048_d0,A/Manitoba/RV04865/2024_H3N2,plate0_1_to_16-ATTAGGGCTACGTGAG,212,0.1607,0.1607
PENN23_y1999_s048_d0,A/Manitoba/RV04865/2024_H3N2,plate0_1_to_16-ATTAGGGCTACGTGAG,487,0.2067,0.2067
PENN23_y1999_s048_d0,A/Manitoba/RV04865/2024_H3N2,plate0_1_to_16-ATTAGGGCTACGTGAG,1119,0.8563,0.8563
PENN23_y1999_s048_d0,A/Manitoba/RV04865/2024_H3N2,plate0_1_to_16-ATTAGGGCTACGTGAG,2575,0.5672,0.5672
PENN23_y1999_s048_d0,A/Manitoba/RV04865/2024_H3N2,plate0_1_to_16-ATTAGGGCTACGTGAG,5921,1.221,1
PENN23_y1999_s048_d0,A/Manitoba/RV04865/2024_H3N2,plate0_1_to_16-ATTAGGGCTACGTGAG,1.362e+04,0.7393,0.7393
PENN23_y1999_s048_d0,A/India/Pune-NIV24_3439/2024_H3N2,plate0_1_to_16-ATTATCATATCTAATA,40,0.3426,0.3426
PENN23_y1999_s048_d0,A/India/Pune-NIV24_3439/2024_H3N2,plate0_1_to_16-ATTATCATATCTAATA,92,0.6167,0.6167
PENN23_y1999_s048_d0,A/India/Pune-NIV24_3439/2024_H3N2,plate0_1_to_16-ATTATCATATCTAATA,212,0.3174,0.3174
PENN23_y1999_s048_d0,A/India/Pune-NIV24_3439/2024_H3N2,plate0_1_to_16-ATTATCATATCTAATA,487,0.6268,0.6268
PENN23_y1999_s048_d0,A/India/Pune-NIV24_3439/2024_H3N2,plate0_1_to_16-ATTATCATATCTAATA,1119,0.8618,0.8618
PENN23_y1999_s048_d0,A/India/Pune-NIV24_3439/2024_H3N2,plate0_1_to_16-ATTATCATATCTAATA,2575,0.6341,0.6341
PENN23_y1999_s048_d0,A/India/Pune-NIV24_3439/2024_H3N2,plate0_1_to_16-ATTATCATATCTAATA,5921,0.6547,0.6547
PENN23_y1999_s048_d0,A/India/Pune-NIV24_3439/2024_H3N2,plate0_1_to_16-ATTATCATATCTAATA,1.362e+04,0.676,0.676
PENN23_y1999_s048_d0,A/Utah/87/2024_H3N2,plate0_1_to_16-ATTCCGAATGGGGTAG,40,0.2426,0.2426
PENN23_y1999_s048_d0,A/Utah/87/2024_H3N2,plate0_1_to_16-ATTCCGAATGGGGTAG,92,0.275,0.275
PENN23_y1999_s048_d0,A/Utah/87/2024_H3N2,plate0_1_to_16-ATTCCGAATGGGGTAG,212,0.6112,0.6112
PENN23_y1999_s048_d0,A/Utah/87/2024_H3N2,plate0_1_to_16-ATTCCGAATGGGGTAG,487,0.2195,0.2195
PENN23_y1999_s048_d0,A/Utah/87/2024_H3N2,plate0_1_to_16-ATTCCGAATGGGGTAG,1119,0.4039,0.4039
PENN23_y1999_s048_d0,A/Utah/87/2024_H3N2,plate0_1_to_16-ATTCCGAATGGGGTAG,2575,0.8963,0.8963
PENN23_y1999_s048_d0,A/Utah/87/2024_H3N2,plate0_1_to_16-ATTCCGAATGGGGTAG,5921,0.8944,0.8944
PENN23_y1999_s048_d0,A/Utah/87/2024_H3N2,plate0_1_to_16-ATTCCGAATGGGGTAG,1.362e+04,0.9444,0.9444
PENN23_y1999_s048_d0,A/Wisconsin/30/2025_H1N1,plate0_1_to_16-ATTTAAATTCGAGGAC,40,0,0
PENN23_y1999_s048_d0,A/Wisconsin/30/2025_H1N1,plate0_1_to_16-ATTTAAATTCGAGGAC,92,0.001437,0.001437
PENN23_y1999_s048_d0,A/Wisconsin/30/2025_H1N1,plate0_1_to_16-ATTTAAATTCGAGGAC,212,0.06137,0.06137
PENN23_y1999_s048_d0,A/Wisconsin/30/2025_H1N1,plate0_1_to_16-ATTTAAATTCGAGGAC,487,0.2764,0.2764
PENN23_y1999_s048_d0,A/Wisconsin/30/2025_H1N1,plate0_1_to_16-ATTTAAATTCGAGGAC,1119,0.5626,0.5626
PENN23_y1999_s048_d0,A/Wisconsin/30/2025_H1N1,plate0_1_to_16-ATTTAAATTCGAGGAC,2575,0.447,0.447
PENN23_y1999_s048_d0,A/Wisconsin/30/2025_H1N1,plate0_1_to_16-ATTTAAATTCGAGGAC,5921,0.7941,0.7941
PENN23_y1999_s048_d0,A/Wisconsin/30/2025_H1N1,plate0_1_to_16-ATTTAAATTCGAGGAC,1.362e+04,0.9022,0.9022
PENN23_y1999_s048_d0,A/HongKong/4801/2014egg_H3N2,plate0_1_to_16-ATTTACTCATTATACG,40,0,0
PENN23_y1999_s048_d0,A/HongKong/4801/2014egg_H3N2,plate0_1_to_16-ATTTACTCATTATACG,92,0,0
PENN23_y1999_s048_d0,A/HongKong/4801/2014egg_H3N2,plate0_1_to_16-ATTTACTCATTATACG,212,0.000214,0.000214
PENN23_y1999_s048_d0,A/HongKong/4801/2014egg_H3N2,plate0_1_to_16-ATTTACTCATTATACG,487,0,0
PENN23_y1999_s048_d0,A/HongKong/4801/2014egg_H3N2,plate0_1_to_16-ATTTACTCATTATACG,1119,0.01969,0.01969
PENN23_y1999_s048_d0,A/HongKong/4801/2014egg_H3N2,plate0_1_to_16-ATTTACTCATTATACG,2575,0.2171,0.2171
PENN23_y1999_s048_d0,A/HongKong/4801/2014egg_H3N2,plate0_1_to_16-ATTTACTCATTATACG,5921,0.5276,0.5276
PENN23_y1999_s048_d0,A/HongKong/4801/2014egg_H3N2,plate0_1_to_16-ATTTACTCATTATACG,1.362e+04,0.346,0.346
PENN23_y1999_s048_d0,A/HongKong/4801/2014_H3N2,plate0_1_to_16-ATTTTTCTATGGCTAC,40,0,0
PENN23_y1999_s048_d0,A/HongKong/4801/2014_H3N2,plate0_1_to_16-ATTTTTCTATGGCTAC,92,0.08033,0.08033
PENN23_y1999_s048_d0,A/HongKong/4801/2014_H3N2,plate0_1_to_16-ATTTTTCTATGGCTAC,212,0.3879,0.3879
PENN23_y1999_s048_d0,A/HongKong/4801/2014_H3N2,plate0_1_to_16-ATTTTTCTATGGCTAC,487,0.2862,0.2862
PENN23_y1999_s048_d0,A/HongKong/4801/2014_H3N2,plate0_1_to_16-ATTTTTCTATGGCTAC,1119,0.4705,0.4705
PENN23_y1999_s048_d0,A/HongKong/4801/2014_H3N2,plate0_1_to_16-ATTTTTCTATGGCTAC,2575,0.6992,0.6992
PENN23_y1999_s048_d0,A/HongKong/4801/2014_H3N2,plate0_1_to_16-ATTTTTCTATGGCTAC,5921,0.8902,0.8902
PENN23_y1999_s048_d0,A/HongKong/4801/2014_H3N2,plate0_1_to_16-ATTTTTCTATGGCTAC,1.362e+04,1.134,1
PENN23_y1999_s048_d0,A/Darwin/9/2021_H3N2,plate0_1_to_16-CAAAAGCAGCACGATA,40,0.003025,0.003025
PENN23_y1999_s048_d0,A/Darwin/9/2021_H3N2,plate0_1_to_16-CAAAAGCAGCACGATA,92,0.0711,0.0711
PENN23_y1999_s048_d0,A/Darwin/9/2021_H3N2,plate0_1_to_16-CAAAAGCAGCACGATA,212,0.05077,0.05077
PENN23_y1999_s048_d0,A/Darwin/9/2021_H3N2,plate0_1_to_16-CAAAAGCAGCACGATA,487,0.04771,0.04771
PENN23_y1999_s048_d0,A/Darwin/9/2021_H3N2,plate0_1_to_16-CAAAAGCAGCACGATA,1119,0.5385,0.5385
PENN23_y1999_s048_d0,A/Darwin/9/2021_H3N2,plate0_1_to_16-CAAAAGCAGCACGATA,2575,0.4455,0.4455
PENN23_y1999_s048_d0,A/Darwin/9/2021_H3N2,plate0_1_to_16-CAAAAGCAGCACGATA,5921,0.544,0.544
PENN23_y1999_s048_d0,A/Darwin/9/2021_H3N2,plate0_1_to_16-CAAAAGCAGCACGATA,1.362e+04,1.015,1
PENN23_y1999_s048_d0,A/France/BRE-IPP01880/2025_H3N2,plate0_1_to_16-CAAAATCTACGGCGAC,40,0.03918,0.03918
PENN23_y1999_s048_d0,A/France/BRE-IPP01880/2025_H3N2,plate0_1_to_16-CAAAATCTACGGCGAC,92,0.3758,0.3758
PENN23_y1999_s048_d0,A/France/BRE-IPP01880/2025_H3N2,plate0_1_to_16-CAAAATCTACGGCGAC,212,0.1486,0.1486
PENN23_y1999_s048_d0,A/France/BRE-IPP01880/2025_H3N2,plate0_1_to_16-CAAAATCTACGGCGAC,487,0.6732,0.6732
PENN23_y1999_s048_d0,A/France/BRE-IPP01880/2025_H3N2,plate0_1_to_16-CAAAATCTACGGCGAC,1119,0.1213,0.1213
PENN23_y1999_s048_d0,A/France/BRE-IPP01880/2025_H3N2,plate0_1_to_16-CAAAATCTACGGCGAC,2575,0.7025,0.7025
PENN23_y1999_s048_d0,A/France/BRE-IPP01880/2025_H3N2,plate0_1_to_16-CAAAATCTACGGCGAC,5921,0.7697,0.7697
PENN23_y1999_s048_d0,A/France/BRE-IPP01880/2025_H3N2,plate0_1_to_16-CAAAATCTACGGCGAC,1.362e+04,0.9636,0.9636
PENN23_y1999_s048_d0,A/Saskatchewan/RV04835/2024_H3N2,plate0_1_to_16-CAAATGCTGCATTAGG,40,0.1407,0.1407
PENN23_y1999_s048_d0,A/Saskatchewan/RV04835/2024_H3N2,plate0_1_to_16-CAAATGCTGCATTAGG,92,0.2697,0.2697
PENN23_y1999_s048_d0,A/Saskatchewan/RV04835/2024_H3N2,plate0_1_to_16-CAAATGCTGCATTAGG,212,0.2365,0.2365
PENN23_y1999_s048_d0,A/Saskatchewan/RV04835/2024_H3N2,plate0_1_to_16-CAAATGCTGCATTAGG,487,0.2889,0.2889
PENN23_y1999_s048_d0,A/Saskatchewan/RV04835/2024_H3N2,plate0_1_to_16-CAAATGCTGCATTAGG,1119,0.5785,0.5785
PENN23_y1999_s048_d0,A/Saskatchewan/RV04835/2024_H3N2,plate0_1_to_16-CAAATGCTGCATTAGG,2575,0.8212,0.8212
PENN23_y1999_s048_d0,A/Saskatchewan/RV04835/2024_H3N2,plate0_1_to_16-CAAATGCTGCATTAGG,5921,0.9657,0.9657
PENN23_y1999_s048_d0,A/Saskatchewan/RV04835/2024_H3N2,plate0_1_to_16-CAAATGCTGCATTAGG,1.362e+04,0.7211,0.7211
PENN23_y1999_s048_d0,A/HongKong/4801/2014egg_H3N2,plate0_1_to_16-CACAGACAATAAAAAA,40,0,0
PENN23_y1999_s048_d0,A/HongKong/4801/2014egg_H3N2,plate0_1_to_16-CACAGACAATAAAAAA,92,0,0
PENN23_y1999_s048_d0,A/HongKong/4801/2014egg_H3N2,plate0_1_to_16-CACAGACAATAAAAAA,212,0,0
PENN23_y1999_s048_d0,A/HongKong/4801/2014egg_H3N2,plate0_1_to_16-CACAGACAATAAAAAA,487,0.003743,0.003743
PENN23_y1999_s048_d0,A/HongKong/4801/2014egg_H3N2,plate0_1_to_16-CACAGACAATAAAAAA,1119,0.08399,0.08399
PENN23_y1999_s048_d0,A/HongKong/4801/2014egg_H3N2,plate0_1_to_16-CACAGACAATAAAAAA,2575,0.1563,0.1563
PENN23_y1999_s048_d0,A/HongKong/4801/2014egg_H3N2,plate0_1_to_16-CACAGACAATAAAAAA,5921,0.6942,0.6942
PENN23_y1999_s048_d0,A/HongKong/4801/2014egg_H3N2,plate0_1_to_16-CACAGACAATAAAAAA,1.362e+04,0.9493,0.9493
PENN23_y1999_s048_d0,A/Santiago/101713/2024_H1N1,plate0_1_to_16-CACCAATCTTCGAACT,40,0,0
PENN23_y1999_s048_d0,A/Santiago/101713/2024_H1N1,plate0_1_to_16-CACCAATCTTCGAACT,92,0.0007061,0.0007061
PENN23_y1999_s048_d0,A/Santiago/101713/2024_H1N1,plate0_1_to_16-CACCAATCTTCGAACT,212,0.002154,0.002154
PENN23_y1999_s048_d0,A/Santiago/101713/2024_H1N1,plate0_1_to_16-CACCAATCTTCGAACT,487,0.3115,0.3115
PENN23_y1999_s048_d0,A/Santiago/101713/2024_H1N1,plate0_1_to_16-CACCAATCTTCGAACT,1119,0.5946,0.5946
PENN23_y1999_s048_d0,A/Santiago/101713/2024_H1N1,plate0_1_to_16-CACCAATCTTCGAACT,2575,0.5661,0.5661
PENN23_y1999_s048_d0,A/Santiago/101713/2024_H1N1,plate0_1_to_16-CACCAATCTTCGAACT,5921,1.111,1
PENN23_y1999_s048_d0,A/Santiago/101713/2024_H1N1,plate0_1_to_16-CACCAATCTTCGAACT,1.362e+04,0.7139,0.7139
PENN23_y1999_s048_d0,A/Minnesota/97/2024_H3N2,plate0_1_to_16-CACCATCAGCACCTAG,40,0.02017,0.02017
PENN23_y1999_s048_d0,A/Minnesota/97/2024_H3N2,plate0_1_to_16-CACCATCAGCACCTAG,92,0.1272,0.1272
PENN23_y1999_s048_d0,A/Minnesota/97/2024_H3N2,plate0_1_to_16-CACCATCAGCACCTAG,212,0.3361,0.3361
PENN23_y1999_s048_d0,A/Minnesota/97/2024_H3N2,plate0_1_to_16-CACCATCAGCACCTAG,487,0.5599,0.5599
PENN23_y1999_s048_d0,A/Minnesota/97/2024_H3N2,plate0_1_to_16-CACCATCAGCACCTAG,1119,0.6364,0.6364
PENN23_y1999_s048_d0,A/Minnesota/97/2024_H3N2,plate0_1_to_16-CACCATCAGCACCTAG,2575,0.6745,0.6745
PENN23_y1999_s048_d0,A/Minnesota/97/2024_H3N2,plate0_1_to_16-CACCATCAGCACCTAG,5921,1.3,1
PENN23_y1999_s048_d0,A/Minnesota/97/2024_H3N2,plate0_1_to_16-CACCATCAGCACCTAG,1.362e+04,0.9223,0.9223
PENN23_y1999_s048_d0,A/Michigan/45/2015_H1N1,plate0_1_to_16-CACCTAGGATCGCACT,40,0,0
PENN23_y1999_s048_d0,A/Michigan/45/2015_H1N1,plate0_1_to_16-CACCTAGGATCGCACT,92,0,0
PENN23_y1999_s048_d0,A/Michigan/45/2015_H1N1,plate0_1_to_16-CACCTAGGATCGCACT,212,0.0005917,0.0005917
PENN23_y1999_s048_d0,A/Michigan/45/2015_H1N1,plate0_1_to_16-CACCTAGGATCGCACT,487,0.007643,0.007643
PENN23_y1999_s048_d0,A/Michigan/45/2015_H1N1,plate0_1_to_16-CACCTAGGATCGCACT,1119,0.1824,0.1824
PENN23_y1999_s048_d0,A/Michigan/45/2015_H1N1,plate0_1_to_16-CACCTAGGATCGCACT,2575,0.2027,0.2027
PENN23_y1999_s048_d0,A/Michigan/45/2015_H1N1,plate0_1_to_16-CACCTAGGATCGCACT,5921,0.5282,0.5282
PENN23_y1999_s048_d0,A/Michigan/45/2015_H1N1,plate0_1_to_16-CACCTAGGATCGCACT,1.362e+04,1.365,1
PENN23_y1999_s048_d0,A/Ohio/259/2024_H1N1,plate0_1_to_16-CACGGCCGGCGAACTC,40,0,0
PENN23_y1999_s048_d0,A/Ohio/259/2024_H1N1,plate0_1_to_16-CACGGCCGGCGAACTC,92,0.0003505,0.0003505
PENN23_y1999_s048_d0,A/Ohio/259/2024_H1N1,plate0_1_to_16-CACGGCCGGCGAACTC,212,0.4015,0.4015
PENN23_y1999_s048_d0,A/Ohio/259/2024_H1N1,plate0_1_to_16-CACGGCCGGCGAACTC,487,0.4402,0.4402
PENN23_y1999_s048_d0,A/Ohio/259/2024_H1N1,plate0_1_to_16-CACGGCCGGCGAACTC,1119,0.6841,0.6841
PENN23_y1999_s048_d0,A/Ohio/259/2024_H1N1,plate0_1_to_16-CACGGCCGGCGAACTC,2575,0.8647,0.8647
PENN23_y1999_s048_d0,A/Ohio/259/2024_H1N1,plate0_1_to_16-CACGGCCGGCGAACTC,5921,0.9647,0.9647
PENN23_y1999_s048_d0,A/Ohio/259/2024_H1N1,plate0_1_to_16-CACGGCCGGCGAACTC,1.362e+04,1.168,1
PENN23_y1999_s048_d0,A/Hawaii/ISC-1140/2025_H1N1,plate0_1_to_16-CACGGGCTAATGTCTC,40,0.002205,0.002205
PENN23_y1999_s048_d0,A/Hawaii/ISC-1140/2025_H1N1,plate0_1_to_16-CACGGGCTAATGTCTC,92,0.0001986,0.0001986
PENN23_y1999_s048_d0,A/Hawaii/ISC-1140/2025_H1N1,plate0_1_to_16-CACGGGCTAATGTCTC,212,0.1424,0.1424
PENN23_y1999_s048_d0,A/Hawaii/ISC-1140/2025_H1N1,plate0_1_to_16-CACGGGCTAATGTCTC,487,0.2252,0.2252
PENN23_y1999_s048_d0,A/Hawaii/ISC-1140/2025_H1N1,plate0_1_to_16-CACGGGCTAATGTCTC,1119,0.349,0.349
PENN23_y1999_s048_d0,A/Hawaii/ISC-1140/2025_H1N1,plate0_1_to_16-CACGGGCTAATGTCTC,2575,0.6253,0.6253
PENN23_y1999_s048_d0,A/Hawaii/ISC-1140/2025_H1N1,plate0_1_to_16-CACGGGCTAATGTCTC,5921,0.8734,0.8734
PENN23_y1999_s048_d0,A/Hawaii/ISC-1140/2025_H1N1,plate0_1_to_16-CACGGGCTAATGTCTC,1.362e+04,1.066,1
PENN23_y1999_s048_d0,A/Santiago/101713/2024_H1N1,plate0_1_to_16-CACTAGATGTACAGTC,40,0,0
PENN23_y1999_s048_d0,A/Santiago/101713/2024_H1N1,plate0_1_to_16-CACTAGATGTACAGTC,92,0.0001851,0.0001851
PENN23_y1999_s048_d0,A/Santiago/101713/2024_H1N1,plate0_1_to_16-CACTAGATGTACAGTC,212,0.08762,0.08762
PENN23_y1999_s048_d0,A/Santiago/101713/2024_H1N1,plate0_1_to_16-CACTAGATGTACAGTC,487,0.2517,0.2517
PENN23_y1999_s048_d0,A/Santiago/101713/2024_H1N1,plate0_1_to_16-CACTAGATGTACAGTC,1119,0.4899,0.4899
PENN23_y1999_s048_d0,A/Santiago/101713/2024_H1N1,plate0_1_to_16-CACTAGATGTACAGTC,2575,0.912,0.912
PENN23_y1999_s048_d0,A/Santiago/101713/2024_H1N1,plate0_1_to_16-CACTAGATGTACAGTC,5921,0.9762,0.9762
PENN23_y1999_s048_d0,A/Santiago/101713/2024_H1N1,plate0_1_to_16-CACTAGATGTACAGTC,1.362e+04,0.8372,0.8372
PENN23_y1999_s048_d0,A/Switzerland/47775/2024_H3N2,plate0_1_to_16-CAGAACCTCGTTGTCT,40,0.09388,0.09388
PENN23_y1999_s048_d0,A/Switzerland/47775/2024_H3N2,plate0_1_to_16-CAGAACCTCGTTGTCT,92,0.2952,0.2952
PENN23_y1999_s048_d0,A/Switzerland/47775/2024_H3N2,plate0_1_to_16-CAGAACCTCGTTGTCT,212,0.4701,0.4701
PENN23_y1999_s048_d0,A/Switzerland/47775/2024_H3N2,plate0_1_to_16-CAGAACCTCGTTGTCT,487,0.461,0.461
PENN23_y1999_s048_d0,A/Switzerland/47775/2024_H3N2,plate0_1_to_16-CAGAACCTCGTTGTCT,1119,0.9168,0.9168
PENN23_y1999_s048_d0,A/Switzerland/47775/2024_H3N2,plate0_1_to_16-CAGAACCTCGTTGTCT,2575,0.6534,0.6534
PENN23_y1999_s048_d0,A/Switzerland/47775/2024_H3N2,plate0_1_to_16-CAGAACCTCGTTGTCT,5921,1.26,1
PENN23_y1999_s048_d0,A/Switzerland/47775/2024_H3N2,plate0_1_to_16-CAGAACCTCGTTGTCT,1.362e+04,1.084,1
PENN23_y1999_s048_d0,A/Singapore/INFIMH-16-0019/2016X-307A_H3N2,plate0_1_to_16-CAGATAGTGATGAACA,40,0,0
PENN23_y1999_s048_d0,A/Singapore/INFIMH-16-0019/2016X-307A_H3N2,plate0_1_to_16-CAGATAGTGATGAACA,92,0,0
PENN23_y1999_s048_d0,A/Singapore/INFIMH-16-0019/2016X-307A_H3N2,plate0_1_to_16-CAGATAGTGATGAACA,212,0,0
PENN23_y1999_s048_d0,A/Singapore/INFIMH-16-0019/2016X-307A_H3N2,plate0_1_to_16-CAGATAGTGATGAACA,487,0.003643,0.003643
PENN23_y1999_s048_d0,A/Singapore/INFIMH-16-0019/2016X-307A_H3N2,plate0_1_to_16-CAGATAGTGATGAACA,1119,0.1896,0.1896
PENN23_y1999_s048_d0,A/Singapore/INFIMH-16-0019/2016X-307A_H3N2,plate0_1_to_16-CAGATAGTGATGAACA,2575,0.02995,0.02995
PENN23_y1999_s048_d0,A/Singapore/INFIMH-16-0019/2016X-307A_H3N2,plate0_1_to_16-CAGATAGTGATGAACA,5921,0.7162,0.7162
PENN23_y1999_s048_d0,A/Singapore/INFIMH-16-0019/2016X-307A_H3N2,plate0_1_to_16-CAGATAGTGATGAACA,1.362e+04,0.2741,0.2741
PENN23_y1999_s048_d0,A/Tennessee/99/2024_H3N2,plate0_1_to_16-CAGGCTCTAGAGCTCT,40,0.1992,0.1992
PENN23_y1999_s048_d0,A/Tennessee/99/2024_H3N2,plate0_1_to_16-CAGGCTCTAGAGCTCT,92,0.2272,0.2272
PENN23_y1999_s048_d0,A/Tennessee/99/2024_H3N2,plate0_1_to_16-CAGGCTCTAGAGCTCT,212,0.4651,0.4651
PENN23_y1999_s048_d0,A/Tennessee/99/2024_H3N2,plate0_1_to_16-CAGGCTCTAGAGCTCT,487,0.4592,0.4592
PENN23_y1999_s048_d0,A/Tennessee/99/2024_H3N2,plate0_1_to_16-CAGGCTCTAGAGCTCT,1119,0.7793,0.7793
PENN23_y1999_s048_d0,A/Tennessee/99/2024_H3N2,plate0_1_to_16-CAGGCTCTAGAGCTCT,2575,0.8463,0.8463
PENN23_y1999_s048_d0,A/Tennessee/99/2024_H3N2,plate0_1_to_16-CAGGCTCTAGAGCTCT,5921,1.526,1
PENN23_y1999_s048_d0,A/Tennessee/99/2024_H3N2,plate0_1_to_16-CAGGCTCTAGAGCTCT,1.362e+04,1.141,1
PENN23_y1999_s048_d0,A/Colorado/218/2024_H1N1,plate0_1_to_16-CAGTAGTTGTCATGGG,40,0.01073,0.01073
PENN23_y1999_s048_d0,A/Colorado/218/2024_H1N1,plate0_1_to_16-CAGTAGTTGTCATGGG,92,0.002576,0.002576
PENN23_y1999_s048_d0,A/Colorado/218/2024_H1N1,plate0_1_to_16-CAGTAGTTGTCATGGG,212,0.1504,0.1504
PENN23_y1999_s048_d0,A/Colorado/218/2024_H1N1,plate0_1_to_16-CAGTAGTTGTCATGGG,487,0.4806,0.4806
PENN23_y1999_s048_d0,A/Colorado/218/2024_H1N1,plate0_1_to_16-CAGTAGTTGTCATGGG,1119,0.7933,0.7933
PENN23_y1999_s048_d0,A/Colorado/218/2024_H1N1,plate0_1_to_16-CAGTAGTTGTCATGGG,2575,0.5004,0.5004
PENN23_y1999_s048_d0,A/Colorado/218/2024_H1N1,plate0_1_to_16-CAGTAGTTGTCATGGG,5921,0.9814,0.9814
PENN23_y1999_s048_d0,A/Colorado/218/2024_H1N1,plate0_1_to_16-CAGTAGTTGTCATGGG,1.362e+04,0.9275,0.9275
PENN23_y1999_s048_d0,A/Thailand/8/2022_H3N2,plate0_1_to_16-CATAAAAGACTGTATA,40,0.007942,0.007942
PENN23_y1999_s048_d0,A/Thailand/8/2022_H3N2,plate0_1_to_16-CATAAAAGACTGTATA,92,0.0004975,0.0004975
PENN23_y1999_s048_d0,A/Thailand/8/2022_H3N2,plate0_1_to_16-CATAAAAGACTGTATA,212,0.05462,0.05462
PENN23_y1999_s048_d0,A/Thailand/8/2022_H3N2,plate0_1_to_16-CATAAAAGACTGTATA,487,0.0464,0.0464
PENN23_y1999_s048_d0,A/Thailand/8/2022_H3N2,plate0_1_to_16-CATAAAAGACTGTATA,1119,0.1675,0.1675
PENN23_y1999_s048_d0,A/Thailand/8/2022_H3N2,plate0_1_to_16-CATAAAAGACTGTATA,2575,2.354,1
PENN23_y1999_s048_d0,A/Thailand/8/2022_H3N2,plate0_1_to_16-CATAAAAGACTGTATA,5921,1.223,1
PENN23_y1999_s048_d0,A/Thailand/8/2022_H3N2,plate0_1_to_16-CATAAAAGACTGTATA,1.362e+04,0.9831,0.9831
PENN23_y1999_s048_d0,A/Texas/ISC-1274/2025_H3N2,plate0_1_to_16-CATGGGAATTGCCACT,40,0.006221,0.006221
PENN23_y1999_s048_d0,A/Texas/ISC-1274/2025_H3N2,plate0_1_to_16-CATGGGAATTGCCACT,92,0.03409,0.03409
PENN23_y1999_s048_d0,A/Texas/ISC-1274/2025_H3N2,plate0_1_to_16-CATGGGAATTGCCACT,212,1.969,1
PENN23_y1999_s048_d0,A/Texas/ISC-1274/2025_H3N2,plate0_1_to_16-CATGGGAATTGCCACT,487,0.1948,0.1948
PENN23_y1999_s048_d0,A/Texas/ISC-1274/2025_H3N2,plate0_1_to_16-CATGGGAATTGCCACT,1119,0.6045,0.6045
PENN23_y1999_s048_d0,A/Texas/ISC-1274/2025_H3N2,plate0_1_to_16-CATGGGAATTGCCACT,2575,0.6398,0.6398
PENN23_y1999_s048_d0,A/Texas/ISC-1274/2025_H3N2,plate0_1_to_16-CATGGGAATTGCCACT,5921,0.9902,0.9902
PENN23_y1999_s048_d0,A/Texas/ISC-1274/2025_H3N2,plate0_1_to_16-CATGGGAATTGCCACT,1.362e+04,1.127,1
PENN23_y1999_s048_d0,A/California/07/2009_H1N1,plate0_1_to_16-CATGTGAATTCGCCCA,40,0,0
PENN23_y1999_s048_d0,A/California/07/2009_H1N1,plate0_1_to_16-CATGTGAATTCGCCCA,92,0,0
PENN23_y1999_s048_d0,A/California/07/2009_H1N1,plate0_1_to_16-CATGTGAATTCGCCCA,212,0,0
PENN23_y1999_s048_d0,A/California/07/2009_H1N1,plate0_1_to_16-CATGTGAATTCGCCCA,487,0.002594,0.002594
PENN23_y1999_s048_d0,A/California/07/2009_H1N1,plate0_1_to_16-CATGTGAATTCGCCCA,1119,0.00388,0.00388
PENN23_y1999_s048_d0,A/California/07/2009_H1N1,plate0_1_to_16-CATGTGAATTCGCCCA,2575,0.07997,0.07997
PENN23_y1999_s048_d0,A/California/07/2009_H1N1,plate0_1_to_16-CATGTGAATTCGCCCA,5921,0.2782,0.2782
PENN23_y1999_s048_d0,A/California/07/2009_H1N1,plate0_1_to_16-CATGTGAATTCGCCCA,1.362e+04,0.2687,0.2687
PENN23_y1999_s048_d0,A/Rhode_Island/66/2024_H3N2,plate0_1_to_16-CATGTGGAGCCCAACA,40,0.1245,0.1245
PENN23_y1999_s048_d0,A/Rhode_Island/66/2024_H3N2,plate0_1_to_16-CATGTGGAGCCCAACA,92,0.241,0.241
PENN23_y1999_s048_d0,A/Rhode_Island/66/2024_H3N2,plate0_1_to_16-CATGTGGAGCCCAACA,212,0.638,0.638
PENN23_y1999_s048_d0,A/Rhode_Island/66/2024_H3N2,plate0_1_to_16-CATGTGGAGCCCAACA,487,0.2568,0.2568
PENN23_y1999_s048_d0,A/Rhode_Island/66/2024_H3N2,plate0_1_to_16-CATGTGGAGCCCAACA,1119,0.3894,0.3894
PENN23_y1999_s048_d0,A/Rhode_Island/66/2024_H3N2,plate0_1_to_16-CATGTGGAGCCCAACA,2575,0.7548,0.7548
PENN23_y1999_s048_d0,A/Rhode_Island/66/2024_H3N2,plate0_1_to_16-CATGTGGAGCCCAACA,5921,0.8017,0.8017
PENN23_y1999_s048_d0,A/Rhode_Island/66/2024_H3N2,plate0_1_to_16-CATGTGGAGCCCAACA,1.362e+04,0.8244,0.8244
PENN23_y1999_s048_d0,A/Qatar/83328/2024_H1N1,plate0_1_to_16-CATTGAGACGCGCAAG,40,7.108e-05,7.108e-05
PENN23_y1999_s048_d0,A/Qatar/83328/2024_H1N1,plate0_1_to_16-CATTGAGACGCGCAAG,92,0.001946,0.001946
PENN23_y1999_s048_d0,A/Qatar/83328/2024_H1N1,plate0_1_to_16-CATTGAGACGCGCAAG,212,0.07737,0.07737
PENN23_y1999_s048_d0,A/Qatar/83328/2024_H1N1,plate0_1_to_16-CATTGAGACGCGCAAG,487,0.2358,0.2358
PENN23_y1999_s048_d0,A/Qatar/83328/2024_H1N1,plate0_1_to_16-CATTGAGACGCGCAAG,1119,0.6999,0.6999
PENN23_y1999_s048_d0,A/Qatar/83328/2024_H1N1,plate0_1_to_16-CATTGAGACGCGCAAG,2575,0.6796,0.6796
PENN23_y1999_s048_d0,A/Qatar/83328/2024_H1N1,plate0_1_to_16-CATTGAGACGCGCAAG,5921,1.027,1
PENN23_y1999_s048_d0,A/Qatar/83328/2024_H1N1,plate0_1_to_16-CATTGAGACGCGCAAG,1.362e+04,0.9937,0.9937
PENN23_y1999_s048_d0,A/Massachusetts/18/2022_H3N2,plate0_1_to_16-CATTTCTGATGAATTG,40,0.02882,0.02882
PENN23_y1999_s048_d0,A/Massachusetts/18/2022_H3N2,plate0_1_to_16-CATTTCTGATGAATTG,92,0.1408,0.1408
PENN23_y1999_s048_d0,A/Massachusetts/18/2022_H3N2,plate0_1_to_16-CATTTCTGATGAATTG,212,0.3349,0.3349
PENN23_y1999_s048_d0,A/Massachusetts/18/2022_H3N2,plate0_1_to_16-CATTTCTGATGAATTG,487,0.2349,0.2349
PENN23_y1999_s048_d0,A/Massachusetts/18/2022_H3N2,plate0_1_to_16-CATTTCTGATGAATTG,1119,0.4965,0.4965
PENN23_y1999_s048_d0,A/Massachusetts/18/2022_H3N2,plate0_1_to_16-CATTTCTGATGAATTG,2575,0.4171,0.4171
PENN23_y1999_s048_d0,A/Massachusetts/18/2022_H3N2,plate0_1_to_16-CATTTCTGATGAATTG,5921,0.9529,0.9529
PENN23_y1999_s048_d0,A/Massachusetts/18/2022_H3N2,plate0_1_to_16-CATTTCTGATGAATTG,1.362e+04,1.23,1
PENN23_y1999_s048_d0,A/Michigan/120/2024_H3N2,plate0_1_to_16-CCAACACAAAAAATTA,40,0.02059,0.02059
PENN23_y1999_s048_d0,A/Michigan/120/2024_H3N2,plate0_1_to_16-CCAACACAAAAAATTA,92,0.2997,0.2997
PENN23_y1999_s048_d0,A/Michigan/120/2024_H3N2,plate0_1_to_16-CCAACACAAAAAATTA,212,0.4465,0.4465
PENN23_y1999_s048_d0,A/Michigan/120/2024_H3N2,plate0_1_to_16-CCAACACAAAAAATTA,487,0.3635,0.3635
PENN23_y1999_s048_d0,A/Michigan/120/2024_H3N2,plate0_1_to_16-CCAACACAAAAAATTA,1119,0.6756,0.6756
PENN23_y1999_s048_d0,A/Michigan/120/2024_H3N2,plate0_1_to_16-CCAACACAAAAAATTA,2575,0.6461,0.6461
PENN23_y1999_s048_d0,A/Michigan/120/2024_H3N2,plate0_1_to_16-CCAACACAAAAAATTA,5921,0.8313,0.8313
PENN23_y1999_s048_d0,A/Michigan/120/2024_H3N2,plate0_1_to_16-CCAACACAAAAAATTA,1.362e+04,0.763,0.763
PENN23_y1999_s048_d0,A/Minnesota/131/2024_H1N1,plate0_1_to_16-CCAAGCTTGGCGCATC,40,0.0006009,0.0006009
PENN23_y1999_s048_d0,A/Minnesota/131/2024_H1N1,plate0_1_to_16-CCAAGCTTGGCGCATC,92,0.0007832,0.0007832
PENN23_y1999_s048_d0,A/Minnesota/131/2024_H1N1,plate0_1_to_16-CCAAGCTTGGCGCATC,212,0.0666,0.0666
PENN23_y1999_s048_d0,A/Minnesota/131/2024_H1N1,plate0_1_to_16-CCAAGCTTGGCGCATC,487,0.3566,0.3566
PENN23_y1999_s048_d0,A/Minnesota/131/2024_H1N1,plate0_1_to_16-CCAAGCTTGGCGCATC,1119,0.481,0.481
PENN23_y1999_s048_d0,A/Minnesota/131/2024_H1N1,plate0_1_to_16-CCAAGCTTGGCGCATC,2575,0.5771,0.5771
PENN23_y1999_s048_d0,A/Minnesota/131/2024_H1N1,plate0_1_to_16-CCAAGCTTGGCGCATC,5921,0.9196,0.9196
PENN23_y1999_s048_d0,A/Minnesota/131/2024_H1N1,plate0_1_to_16-CCAAGCTTGGCGCATC,1.362e+04,1.204,1
PENN23_y1999_s048_d0,A/Washington/284/2024_H3N2,plate0_1_to_16-CCCCCGCTGTTTAAAA,40,0.2456,0.2456
PENN23_y1999_s048_d0,A/Washington/284/2024_H3N2,plate0_1_to_16-CCCCCGCTGTTTAAAA,92,0.1759,0.1759
PENN23_y1999_s048_d0,A/Washington/284/2024_H3N2,plate0_1_to_16-CCCCCGCTGTTTAAAA,212,0.2316,0.2316
PENN23_y1999_s048_d0,A/Washington/284/2024_H3N2,plate0_1_to_16-CCCCCGCTGTTTAAAA,487,0.4245,0.4245
PENN23_y1999_s048_d0,A/Washington/284/2024_H3N2,plate0_1_to_16-CCCCCGCTGTTTAAAA,1119,0.4219,0.4219
PENN23_y1999_s048_d0,A/Washington/284/2024_H3N2,plate0_1_to_16-CCCCCGCTGTTTAAAA,2575,0.4865,0.4865
PENN23_y1999_s048_d0,A/Washington/284/2024_H3N2,plate0_1_to_16-CCCCCGCTGTTTAAAA,5921,0.7275,0.7275
PENN23_y1999_s048_d0,A/Washington/284/2024_H3N2,plate0_1_to_16-CCCCCGCTGTTTAAAA,1.362e+04,0.8812,0.8812
PENN23_y1999_s048_d0,A/Washington/UW-25728/2024_H3N2,plate0_1_to_16-CCCCTCCTCTAAAGTT,40,0.2063,0.2063
PENN23_y1999_s048_d0,A/Washington/UW-25728/2024_H3N2,plate0_1_to_16-CCCCTCCTCTAAAGTT,92,0.2551,0.2551
PENN23_y1999_s048_d0,A/Washington/UW-25728/2024_H3N2,plate0_1_to_16-CCCCTCCTCTAAAGTT,212,0.2454,0.2454
PENN23_y1999_s048_d0,A/Washington/UW-25728/2024_H3N2,plate0_1_to_16-CCCCTCCTCTAAAGTT,487,0.3163,0.3163
PENN23_y1999_s048_d0,A/Washington/UW-25728/2024_H3N2,plate0_1_to_16-CCCCTCCTCTAAAGTT,1119,0.6409,0.6409
PENN23_y1999_s048_d0,A/Washington/UW-25728/2024_H3N2,plate0_1_to_16-CCCCTCCTCTAAAGTT,2575,1.03,1
PENN23_y1999_s048_d0,A/Washington/UW-25728/2024_H3N2,plate0_1_to_16-CCCCTCCTCTAAAGTT,5921,1.809,1
PENN23_y1999_s048_d0,A/Washington/UW-25728/2024_H3N2,plate0_1_to_16-CCCCTCCTCTAAAGTT,1.362e+04,0.8611,0.8611
PENN23_y1999_s048_d0,A/Colombia/7681/2024_H3N2,plate0_1_to_16-CCCTATGAAATAAGCT,40,0.3604,0.3604
PENN23_y1999_s048_d0,A/Colombia/7681/2024_H3N2,plate0_1_to_16-CCCTATGAAATAAGCT,92,0.251,0.251
PENN23_y1999_s048_d0,A/Colombia/7681/2024_H3N2,plate0_1_to_16-CCCTATGAAATAAGCT,212,0.6252,0.6252
PENN23_y1999_s048_d0,A/Colombia/7681/2024_H3N2,plate0_1_to_16-CCCTATGAAATAAGCT,487,0.5369,0.5369
PENN23_y1999_s048_d0,A/Colombia/7681/2024_H3N2,plate0_1_to_16-CCCTATGAAATAAGCT,1119,0.6249,0.6249
PENN23_y1999_s048_d0,A/Colombia/7681/2024_H3N2,plate0_1_to_16-CCCTATGAAATAAGCT,2575,0.5859,0.5859
PENN23_y1999_s048_d0,A/Colombia/7681/2024_H3N2,plate0_1_to_16-CCCTATGAAATAAGCT,5921,0.8095,0.8095
PENN23_y1999_s048_d0,A/Colombia/7681/2024_H3N2,plate0_1_to_16-CCCTATGAAATAAGCT,1.362e+04,0.6367,0.6367
PENN23_y1999_s048_d0,A/Busan/461/2025_H3N2,plate0_1_to_16-CCCTGCGCGGCTCGGG,40,0.2025,0.2025
PENN23_y1999_s048_d0,A/Busan/461/2025_H3N2,plate0_1_to_16-CCCTGCGCGGCTCGGG,92,0.1519,0.1519
PENN23_y1999_s048_d0,A/Busan/461/2025_H3N2,plate0_1_to_16-CCCTGCGCGGCTCGGG,212,0.4808,0.4808
PENN23_y1999_s048_d0,A/Busan/461/2025_H3N2,plate0_1_to_16-CCCTGCGCGGCTCGGG,487,0.4857,0.4857
PENN23_y1999_s048_d0,A/Busan/461/2025_H3N2,plate0_1_to_16-CCCTGCGCGGCTCGGG,1119,0.6024,0.6024
PENN23_y1999_s048_d0,A/Busan/461/2025_H3N2,plate0_1_to_16-CCCTGCGCGGCTCGGG,2575,0.6845,0.6845
PENN23_y1999_s048_d0,A/Busan/461/2025_H3N2,plate0_1_to_16-CCCTGCGCGGCTCGGG,5921,0.9097,0.9097
PENN23_y1999_s048_d0,A/Busan/461/2025_H3N2,plate0_1_to_16-CCCTGCGCGGCTCGGG,1.362e+04,0.77,0.77
PENN23_y1999_s048_d0,A/Maldives/2186/2024_H3N2,plate0_1_to_16-CCGCATTAGCGGGAGG,40,0.008838,0.008838
PENN23_y1999_s048_d0,A/Maldives/2186/2024_H3N2,plate0_1_to_16-CCGCATTAGCGGGAGG,92,0.01394,0.01394
PENN23_y1999_s048_d0,A/Maldives/2186/2024_H3N2,plate0_1_to_16-CCGCATTAGCGGGAGG,212,0.1162,0.1162
PENN23_y1999_s048_d0,A/Maldives/2186/2024_H3N2,plate0_1_to_16-CCGCATTAGCGGGAGG,487,0.2912,0.2912
PENN23_y1999_s048_d0,A/Maldives/2186/2024_H3N2,plate0_1_to_16-CCGCATTAGCGGGAGG,1119,0.3656,0.3656
PENN23_y1999_s048_d0,A/Maldives/2186/2024_H3N2,plate0_1_to_16-CCGCATTAGCGGGAGG,2575,0.3107,0.3107
PENN23_y1999_s048_d0,A/Maldives/2186/2024_H3N2,plate0_1_to_16-CCGCATTAGCGGGAGG,5921,1.089,1
PENN23_y1999_s048_d0,A/Maldives/2186/2024_H3N2,plate0_1_to_16-CCGCATTAGCGGGAGG,1.362e+04,0.6594,0.6594
PENN23_y1999_s048_d0,A/Maldives/2147/2024_H3N2,plate0_1_to_16-CCGCGCACGTTTAGAG,40,0.1077,0.1077
PENN23_y1999_s048_d0,A/Maldives/2147/2024_H3N2,plate0_1_to_16-CCGCGCACGTTTAGAG,92,0.2216,0.2216
PENN23_y1999_s048_d0,A/Maldives/2147/2024_H3N2,plate0_1_to_16-CCGCGCACGTTTAGAG,212,0.6796,0.6796
PENN23_y1999_s048_d0,A/Maldives/2147/2024_H3N2,plate0_1_to_16-CCGCGCACGTTTAGAG,487,0.3749,0.3749
PENN23_y1999_s048_d0,A/Maldives/2147/2024_H3N2,plate0_1_to_16-CCGCGCACGTTTAGAG,1119,0.3476,0.3476
PENN23_y1999_s048_d0,A/Maldives/2147/2024_H3N2,plate0_1_to_16-CCGCGCACGTTTAGAG,2575,0.6785,0.6785
PENN23_y1999_s048_d0,A/Maldives/2147/2024_H3N2,plate0_1_to_16-CCGCGCACGTTTAGAG,5921,0.6844,0.6844
PENN23_y1999_s048_d0,A/Maldives/2147/2024_H3N2,plate0_1_to_16-CCGCGCACGTTTAGAG,1.362e+04,0.5156,0.5156
PENN23_y1999_s048_d0,A/KANAGAWA/AC2408/2025_H1N1,plate0_1_to_16-CCGGATAAATCAGAAC,40,0.0007822,0.0007822
PENN23_y1999_s048_d0,A/KANAGAWA/AC2408/2025_H1N1,plate0_1_to_16-CCGGATAAATCAGAAC,92,0.01565,0.01565
PENN23_y1999_s048_d0,A/KANAGAWA/AC2408/2025_H1N1,plate0_1_to_16-CCGGATAAATCAGAAC,212,0.4594,0.4594
PENN23_y1999_s048_d0,A/KANAGAWA/AC2408/2025_H1N1,plate0_1_to_16-CCGGATAAATCAGAAC,487,0.4879,0.4879
PENN23_y1999_s048_d0,A/KANAGAWA/AC2408/2025_H1N1,plate0_1_to_16-CCGGATAAATCAGAAC,1119,0.8255,0.8255
PENN23_y1999_s048_d0,A/KANAGAWA/AC2408/2025_H1N1,plate0_1_to_16-CCGGATAAATCAGAAC,2575,0.8071,0.8071
PENN23_y1999_s048_d0,A/KANAGAWA/AC2408/2025_H1N1,plate0_1_to_16-CCGGATAAATCAGAAC,5921,1.047,1
PENN23_y1999_s048_d0,A/KANAGAWA/AC2408/2025_H1N1,plate0_1_to_16-CCGGATAAATCAGAAC,1.362e+04,1.242,1
PENN23_y1999_s048_d0,A/Washington/15245/2025_H3N2,plate0_1_to_16-CCTGGGTTAAGTTGTG,40,0.08797,0.08797
PENN23_y1999_s048_d0,A/Washington/15245/2025_H3N2,plate0_1_to_16-CCTGGGTTAAGTTGTG,92,0.2535,0.2535
PENN23_y1999_s048_d0,A/Washington/15245/2025_H3N2,plate0_1_to_16-CCTGGGTTAAGTTGTG,212,1.02,1
PENN23_y1999_s048_d0,A/Washington/15245/2025_H3N2,plate0_1_to_16-CCTGGGTTAAGTTGTG,487,0.2153,0.2153
PENN23_y1999_s048_d0,A/Washington/15245/2025_H3N2,plate0_1_to_16-CCTGGGTTAAGTTGTG,1119,1.124,1
PENN23_y1999_s048_d0,A/Washington/15245/2025_H3N2,plate0_1_to_16-CCTGGGTTAAGTTGTG,2575,0.5294,0.5294
PENN23_y1999_s048_d0,A/Washington/15245/2025_H3N2,plate0_1_to_16-CCTGGGTTAAGTTGTG,5921,2.343,1
PENN23_y1999_s048_d0,A/Washington/15245/2025_H3N2,plate0_1_to_16-CCTGGGTTAAGTTGTG,1.362e+04,1.192,1
PENN23_y1999_s048_d0,A/HongKong/2671/2019_H3N2,plate0_1_to_16-CGAAAACATTACAAAT,40,0,0
PENN23_y1999_s048_d0,A/HongKong/2671/2019_H3N2,plate0_1_to_16-CGAAAACATTACAAAT,92,0,0
PENN23_y1999_s048_d0,A/HongKong/2671/2019_H3N2,plate0_1_to_16-CGAAAACATTACAAAT,212,0.05012,0.05012
PENN23_y1999_s048_d0,A/HongKong/2671/2019_H3N2,plate0_1_to_16-CGAAAACATTACAAAT,487,0.01129,0.01129
PENN23_y1999_s048_d0,A/HongKong/2671/2019_H3N2,plate0_1_to_16-CGAAAACATTACAAAT,1119,0.1838,0.1838
PENN23_y1999_s048_d0,A/HongKong/2671/2019_H3N2,plate0_1_to_16-CGAAAACATTACAAAT,2575,0.2868,0.2868
PENN23_y1999_s048_d0,A/HongKong/2671/2019_H3N2,plate0_1_to_16-CGAAAACATTACAAAT,5921,0.7215,0.7215
PENN23_y1999_s048_d0,A/HongKong/2671/2019_H3N2,plate0_1_to_16-CGAAAACATTACAAAT,1.362e+04,1.174,1
PENN23_y1999_s048_d0,A/Vermont/05/2025_H1N1,plate0_1_to_16-CGAAACACGTCCCAGT,40,0,0
PENN23_y1999_s048_d0,A/Vermont/05/2025_H1N1,plate0_1_to_16-CGAAACACGTCCCAGT,92,9.031e-05,9.031e-05
PENN23_y1999_s048_d0,A/Vermont/05/2025_H1N1,plate0_1_to_16-CGAAACACGTCCCAGT,212,0.0288,0.0288
PENN23_y1999_s048_d0,A/Vermont/05/2025_H1N1,plate0_1_to_16-CGAAACACGTCCCAGT,487,0.3846,0.3846
PENN23_y1999_s048_d0,A/Vermont/05/2025_H1N1,plate0_1_to_16-CGAAACACGTCCCAGT,1119,0.7647,0.7647
PENN23_y1999_s048_d0,A/Vermont/05/2025_H1N1,plate0_1_to_16-CGAAACACGTCCCAGT,2575,0.7203,0.7203
PENN23_y1999_s048_d0,A/Vermont/05/2025_H1N1,plate0_1_to_16-CGAAACACGTCCCAGT,5921,0.7438,0.7438
PENN23_y1999_s048_d0,A/Vermont/05/2025_H1N1,plate0_1_to_16-CGAAACACGTCCCAGT,1.362e+04,0.6724,0.6724
PENN23_y1999_s048_d0,A/New_York/39/2025_H3N2,plate0_1_to_16-CGAACCGCAGACACGT,40,0.01664,0.01664
PENN23_y1999_s048_d0,A/New_York/39/2025_H3N2,plate0_1_to_16-CGAACCGCAGACACGT,92,0.3817,0.3817
PENN23_y1999_s048_d0,A/New_York/39/2025_H3N2,plate0_1_to_16-CGAACCGCAGACACGT,212,0.2025,0.2025
PENN23_y1999_s048_d0,A/New_York/39/2025_H3N2,plate0_1_to_16-CGAACCGCAGACACGT,487,0.1639,0.1639
PENN23_y1999_s048_d0,A/New_York/39/2025_H3N2,plate0_1_to_16-CGAACCGCAGACACGT,1119,0.4506,0.4506
PENN23_y1999_s048_d0,A/New_York/39/2025_H3N2,plate0_1_to_16-CGAACCGCAGACACGT,2575,0.5001,0.5001
PENN23_y1999_s048_d0,A/New_York/39/2025_H3N2,plate0_1_to_16-CGAACCGCAGACACGT,5921,1.028,1
PENN23_y1999_s048_d0,A/New_York/39/2025_H3N2,plate0_1_to_16-CGAACCGCAGACACGT,1.362e+04,0.7361,0.7361
PENN23_y1999_s048_d0,A/Ufa/CRIE/47/2024_H1N1,plate0_1_to_16-CGACTCCACGGACGCC,40,0.002057,0.002057
PENN23_y1999_s048_d0,A/Ufa/CRIE/47/2024_H1N1,plate0_1_to_16-CGACTCCACGGACGCC,92,0,0
PENN23_y1999_s048_d0,A/Ufa/CRIE/47/2024_H1N1,plate0_1_to_16-CGACTCCACGGACGCC,212,0.06954,0.06954
PENN23_y1999_s048_d0,A/Ufa/CRIE/47/2024_H1N1,plate0_1_to_16-CGACTCCACGGACGCC,487,0.1491,0.1491
PENN23_y1999_s048_d0,A/Ufa/CRIE/47/2024_H1N1,plate0_1_to_16-CGACTCCACGGACGCC,1119,0.4124,0.4124
PENN23_y1999_s048_d0,A/Ufa/CRIE/47/2024_H1N1,plate0_1_to_16-CGACTCCACGGACGCC,2575,0.5923,0.5923
PENN23_y1999_s048_d0,A/Ufa/CRIE/47/2024_H1N1,plate0_1_to_16-CGACTCCACGGACGCC,5921,0.7974,0.7974
PENN23_y1999_s048_d0,A/Ufa/CRIE/47/2024_H1N1,plate0_1_to_16-CGACTCCACGGACGCC,1.362e+04,1.066,1
PENN23_y1999_s048_d0,A/Massachusetts/18/2022_H3N2,plate0_1_to_16-CGATCTTTACGAAAAA,40,0.008285,0.008285
PENN23_y1999_s048_d0,A/Massachusetts/18/2022_H3N2,plate0_1_to_16-CGATCTTTACGAAAAA,92,0.05328,0.05328
PENN23_y1999_s048_d0,A/Massachusetts/18/2022_H3N2,plate0_1_to_16-CGATCTTTACGAAAAA,212,0.1857,0.1857
PENN23_y1999_s048_d0,A/Massachusetts/18/2022_H3N2,plate0_1_to_16-CGATCTTTACGAAAAA,487,0.2428,0.2428
PENN23_y1999_s048_d0,A/Massachusetts/18/2022_H3N2,plate0_1_to_16-CGATCTTTACGAAAAA,1119,0.31,0.31
PENN23_y1999_s048_d0,A/Massachusetts/18/2022_H3N2,plate0_1_to_16-CGATCTTTACGAAAAA,2575,0.6593,0.6593
PENN23_y1999_s048_d0,A/Massachusetts/18/2022_H3N2,plate0_1_to_16-CGATCTTTACGAAAAA,5921,0.6821,0.6821
PENN23_y1999_s048_d0,A/Massachusetts/18/2022_H3N2,plate0_1_to_16-CGATCTTTACGAAAAA,1.362e+04,1.026,1
PENN23_y1999_s048_d0,A/France/BRE-IPP01880/2025_H3N2,plate0_1_to_16-CGCACTTTACGAGACA,40,0.1033,0.1033
PENN23_y1999_s048_d0,A/France/BRE-IPP01880/2025_H3N2,plate0_1_to_16-CGCACTTTACGAGACA,92,0.2365,0.2365
PENN23_y1999_s048_d0,A/France/BRE-IPP01880/2025_H3N2,plate0_1_to_16-CGCACTTTACGAGACA,212,0.5854,0.5854
PENN23_y1999_s048_d0,A/France/BRE-IPP01880/2025_H3N2,plate0_1_to_16-CGCACTTTACGAGACA,487,0.233,0.233
PENN23_y1999_s048_d0,A/France/BRE-IPP01880/2025_H3N2,plate0_1_to_16-CGCACTTTACGAGACA,1119,0.7777,0.7777
PENN23_y1999_s048_d0,A/France/BRE-IPP01880/2025_H3N2,plate0_1_to_16-CGCACTTTACGAGACA,2575,0.5473,0.5473
PENN23_y1999_s048_d0,A/France/BRE-IPP01880/2025_H3N2,plate0_1_to_16-CGCACTTTACGAGACA,5921,0.7549,0.7549
PENN23_y1999_s048_d0,A/France/BRE-IPP01880/2025_H3N2,plate0_1_to_16-CGCACTTTACGAGACA,1.362e+04,0.7455,0.7455
PENN23_y1999_s048_d0,A/Queensland/IN000803/2024_H3N2,plate0_1_to_16-CGCAGCATTGGTCGCC,40,0.07751,0.07751
PENN23_y1999_s048_d0,A/Queensland/IN000803/2024_H3N2,plate0_1_to_16-CGCAGCATTGGTCGCC,92,0.3149,0.3149
PENN23_y1999_s048_d0,A/Queensland/IN000803/2024_H3N2,plate0_1_to_16-CGCAGCATTGGTCGCC,212,0.7414,0.7414
PENN23_y1999_s048_d0,A/Queensland/IN000803/2024_H3N2,plate0_1_to_16-CGCAGCATTGGTCGCC,487,0.4346,0.4346
PENN23_y1999_s048_d0,A/Queensland/IN000803/2024_H3N2,plate0_1_to_16-CGCAGCATTGGTCGCC,1119,0.5667,0.5667
PENN23_y1999_s048_d0,A/Queensland/IN000803/2024_H3N2,plate0_1_to_16-CGCAGCATTGGTCGCC,2575,0.7374,0.7374
PENN23_y1999_s048_d0,A/Queensland/IN000803/2024_H3N2,plate0_1_to_16-CGCAGCATTGGTCGCC,5921,1.011,1
PENN23_y1999_s048_d0,A/Queensland/IN000803/2024_H3N2,plate0_1_to_16-CGCAGCATTGGTCGCC,1.362e+04,0.7829,0.7829
PENN23_y1999_s048_d0,A/Colorado/218/2024_H1N1,plate0_1_to_16-CGCGACACCCTTCCGG,40,0.0005098,0.0005098
PENN23_y1999_s048_d0,A/Colorado/218/2024_H1N1,plate0_1_to_16-CGCGACACCCTTCCGG,92,0.00363,0.00363
PENN23_y1999_s048_d0,A/Colorado/218/2024_H1N1,plate0_1_to_16-CGCGACACCCTTCCGG,212,0.1056,0.1056
PENN23_y1999_s048_d0,A/Colorado/218/2024_H1N1,plate0_1_to_16-CGCGACACCCTTCCGG,487,0.2755,0.2755
PENN23_y1999_s048_d0,A/Colorado/218/2024_H1N1,plate0_1_to_16-CGCGACACCCTTCCGG,1119,0.4,0.4
PENN23_y1999_s048_d0,A/Colorado/218/2024_H1N1,plate0_1_to_16-CGCGACACCCTTCCGG,2575,0.6885,0.6885
PENN23_y1999_s048_d0,A/Colorado/218/2024_H1N1,plate0_1_to_16-CGCGACACCCTTCCGG,5921,0.758,0.758
PENN23_y1999_s048_d0,A/Colorado/218/2024_H1N1,plate0_1_to_16-CGCGACACCCTTCCGG,1.362e+04,0.8242,0.8242
PENN23_y1999_s048_d0,A/Ecuador/1385/2024_H3N2,plate0_1_to_16-CGGACCCTAGATGGTA,40,0.2422,0.2422
PENN23_y1999_s048_d0,A/Ecuador/1385/2024_H3N2,plate0_1_to_16-CGGACCCTAGATGGTA,92,0.2923,0.2923
PENN23_y1999_s048_d0,A/Ecuador/1385/2024_H3N2,plate0_1_to_16-CGGACCCTAGATGGTA,212,0.3206,0.3206
PENN23_y1999_s048_d0,A/Ecuador/1385/2024_H3N2,plate0_1_to_16-CGGACCCTAGATGGTA,487,0.4757,0.4757
PENN23_y1999_s048_d0,A/Ecuador/1385/2024_H3N2,plate0_1_to_16-CGGACCCTAGATGGTA,1119,0.4779,0.4779
PENN23_y1999_s048_d0,A/Ecuador/1385/2024_H3N2,plate0_1_to_16-CGGACCCTAGATGGTA,2575,0.709,0.709
PENN23_y1999_s048_d0,A/Ecuador/1385/2024_H3N2,plate0_1_to_16-CGGACCCTAGATGGTA,5921,0.9769,0.9769
PENN23_y1999_s048_d0,A/Ecuador/1385/2024_H3N2,plate0_1_to_16-CGGACCCTAGATGGTA,1.362e+04,0.7395,0.7395
PENN23_y1999_s048_d0,A/Rhode_Island/15446/2025_H3N2,plate0_1_to_16-CGGCCAGGGAATCAAA,40,0.1395,0.1395
PENN23_y1999_s048_d0,A/Rhode_Island/15446/2025_H3N2,plate0_1_to_16-CGGCCAGGGAATCAAA,92,0.111,0.111
PENN23_y1999_s048_d0,A/Rhode_Island/15446/2025_H3N2,plate0_1_to_16-CGGCCAGGGAATCAAA,212,0.139,0.139
PENN23_y1999_s048_d0,A/Rhode_Island/15446/2025_H3N2,plate0_1_to_16-CGGCCAGGGAATCAAA,487,0.1986,0.1986
PENN23_y1999_s048_d0,A/Rhode_Island/15446/2025_H3N2,plate0_1_to_16-CGGCCAGGGAATCAAA,1119,0.5455,0.5455
PENN23_y1999_s048_d0,A/Rhode_Island/15446/2025_H3N2,plate0_1_to_16-CGGCCAGGGAATCAAA,2575,0.3504,0.3504
PENN23_y1999_s048_d0,A/Rhode_Island/15446/2025_H3N2,plate0_1_to_16-CGGCCAGGGAATCAAA,5921,0.6924,0.6924
PENN23_y1999_s048_d0,A/Rhode_Island/15446/2025_H3N2,plate0_1_to_16-CGGCCAGGGAATCAAA,1.362e+04,0.6702,0.6702
PENN23_y1999_s048_d0,A/Switzerland/9715293/2013NIB-88_H3N2,plate0_1_to_16-CGGGAAATGTAAATGA,40,0,0
PENN23_y1999_s048_d0,A/Switzerland/9715293/2013NIB-88_H3N2,plate0_1_to_16-CGGGAAATGTAAATGA,92,0,0
PENN23_y1999_s048_d0,A/Switzerland/9715293/2013NIB-88_H3N2,plate0_1_to_16-CGGGAAATGTAAATGA,212,0.07384,0.07384
PENN23_y1999_s048_d0,A/Switzerland/9715293/2013NIB-88_H3N2,plate0_1_to_16-CGGGAAATGTAAATGA,487,0.1427,0.1427
PENN23_y1999_s048_d0,A/Switzerland/9715293/2013NIB-88_H3N2,plate0_1_to_16-CGGGAAATGTAAATGA,1119,0.4748,0.4748
PENN23_y1999_s048_d0,A/Switzerland/9715293/2013NIB-88_H3N2,plate0_1_to_16-CGGGAAATGTAAATGA,2575,0.5666,0.5666
PENN23_y1999_s048_d0,A/Switzerland/9715293/2013NIB-88_H3N2,plate0_1_to_16-CGGGAAATGTAAATGA,5921,0.7866,0.7866
PENN23_y1999_s048_d0,A/Switzerland/9715293/2013NIB-88_H3N2,plate0_1_to_16-CGGGAAATGTAAATGA,1.362e+04,0.9949,0.9949
PENN23_y1999_s048_d0,A/Massachusetts/BI_MGH-23147/2025_H3N2,plate0_1_to_16-CGGGAACATACATAAC,40,0.04263,0.04263
PENN23_y1999_s048_d0,A/Massachusetts/BI_MGH-23147/2025_H3N2,plate0_1_to_16-CGGGAACATACATAAC,92,0.1008,0.1008
PENN23_y1999_s048_d0,A/Massachusetts/BI_MGH-23147/2025_H3N2,plate0_1_to_16-CGGGAACATACATAAC,212,0.2428,0.2428
PENN23_y1999_s048_d0,A/Massachusetts/BI_MGH-23147/2025_H3N2,plate0_1_to_16-CGGGAACATACATAAC,487,0.3846,0.3846
PENN23_y1999_s048_d0,A/Massachusetts/BI_MGH-23147/2025_H3N2,plate0_1_to_16-CGGGAACATACATAAC,1119,0.9315,0.9315
PENN23_y1999_s048_d0,A/Massachusetts/BI_MGH-23147/2025_H3N2,plate0_1_to_16-CGGGAACATACATAAC,2575,0.4943,0.4943
PENN23_y1999_s048_d0,A/Massachusetts/BI_MGH-23147/2025_H3N2,plate0_1_to_16-CGGGAACATACATAAC,5921,0.6327,0.6327
PENN23_y1999_s048_d0,A/Massachusetts/BI_MGH-23147/2025_H3N2,plate0_1_to_16-CGGGAACATACATAAC,1.362e+04,0.9242,0.9242
PENN23_y1999_s048_d0,A/HongKong/2671/2019_H3N2,plate0_1_to_16-CGGGAATCTCCCATAC,40,0,0
PENN23_y1999_s048_d0,A/HongKong/2671/2019_H3N2,plate0_1_to_16-CGGGAATCTCCCATAC,92,0,0
PENN23_y1999_s048_d0,A/HongKong/2671/2019_H3N2,plate0_1_to_16-CGGGAATCTCCCATAC,212,0,0
PENN23_y1999_s048_d0,A/HongKong/2671/2019_H3N2,plate0_1_to_16-CGGGAATCTCCCATAC,487,0.004708,0.004708
PENN23_y1999_s048_d0,A/HongKong/2671/2019_H3N2,plate0_1_to_16-CGGGAATCTCCCATAC,1119,0.01557,0.01557
PENN23_y1999_s048_d0,A/HongKong/2671/2019_H3N2,plate0_1_to_16-CGGGAATCTCCCATAC,2575,0.1012,0.1012
PENN23_y1999_s048_d0,A/HongKong/2671/2019_H3N2,plate0_1_to_16-CGGGAATCTCCCATAC,5921,0.6627,0.6627
PENN23_y1999_s048_d0,A/HongKong/2671/2019_H3N2,plate0_1_to_16-CGGGAATCTCCCATAC,1.362e+04,1.627,1
PENN23_y1999_s048_d0,A/HongKong/45/2019_H3N2,plate0_1_to_16-CGGGGACAAGATTGTA,40,0.0002793,0.0002793
PENN23_y1999_s048_d0,A/HongKong/45/2019_H3N2,plate0_1_to_16-CGGGGACAAGATTGTA,92,0.04377,0.04377
PENN23_y1999_s048_d0,A/HongKong/45/2019_H3N2,plate0_1_to_16-CGGGGACAAGATTGTA,212,0.1161,0.1161
PENN23_y1999_s048_d0,A/HongKong/45/2019_H3N2,plate0_1_to_16-CGGGGACAAGATTGTA,487,0.2017,0.2017
PENN23_y1999_s048_d0,A/HongKong/45/2019_H3N2,plate0_1_to_16-CGGGGACAAGATTGTA,1119,0.6067,0.6067
PENN23_y1999_s048_d0,A/HongKong/45/2019_H3N2,plate0_1_to_16-CGGGGACAAGATTGTA,2575,0.6278,0.6278
PENN23_y1999_s048_d0,A/HongKong/45/2019_H3N2,plate0_1_to_16-CGGGGACAAGATTGTA,5921,1.012,1
PENN23_y1999_s048_d0,A/HongKong/45/2019_H3N2,plate0_1_to_16-CGGGGACAAGATTGTA,1.362e+04,0.9648,0.9648
PENN23_y1999_s048_d0,A/Utah/94/2024_H3N2,plate0_1_to_16-CGGTCGGGACTCATCT,40,0.2303,0.2303
PENN23_y1999_s048_d0,A/Utah/94/2024_H3N2,plate0_1_to_16-CGGTCGGGACTCATCT,92,0.2039,0.2039
PENN23_y1999_s048_d0,A/Utah/94/2024_H3N2,plate0_1_to_16-CGGTCGGGACTCATCT,212,0.3144,0.3144
PENN23_y1999_s048_d0,A/Utah/94/2024_H3N2,plate0_1_to_16-CGGTCGGGACTCATCT,487,0.3406,0.3406
PENN23_y1999_s048_d0,A/Utah/94/2024_H3N2,plate0_1_to_16-CGGTCGGGACTCATCT,1119,0.4067,0.4067
PENN23_y1999_s048_d0,A/Utah/94/2024_H3N2,plate0_1_to_16-CGGTCGGGACTCATCT,2575,1.415,1
PENN23_y1999_s048_d0,A/Utah/94/2024_H3N2,plate0_1_to_16-CGGTCGGGACTCATCT,5921,1.35,1
PENN23_y1999_s048_d0,A/Utah/94/2024_H3N2,plate0_1_to_16-CGGTCGGGACTCATCT,1.362e+04,1.105,1
PENN23_y1999_s048_d0,A/Singapore/INFIMH-16-0019/2016_H3N2,plate0_1_to_16-CGTACAGTGTAATCGA,40,0.001167,0.001167
PENN23_y1999_s048_d0,A/Singapore/INFIMH-16-0019/2016_H3N2,plate0_1_to_16-CGTACAGTGTAATCGA,92,0.0485,0.0485
PENN23_y1999_s048_d0,A/Singapore/INFIMH-16-0019/2016_H3N2,plate0_1_to_16-CGTACAGTGTAATCGA,212,0.2397,0.2397
PENN23_y1999_s048_d0,A/Singapore/INFIMH-16-0019/2016_H3N2,plate0_1_to_16-CGTACAGTGTAATCGA,487,0.5534,0.5534
PENN23_y1999_s048_d0,A/Singapore/INFIMH-16-0019/2016_H3N2,plate0_1_to_16-CGTACAGTGTAATCGA,1119,0.5999,0.5999
PENN23_y1999_s048_d0,A/Singapore/INFIMH-16-0019/2016_H3N2,plate0_1_to_16-CGTACAGTGTAATCGA,2575,0.3331,0.3331
PENN23_y1999_s048_d0,A/Singapore/INFIMH-16-0019/2016_H3N2,plate0_1_to_16-CGTACAGTGTAATCGA,5921,0.9887,0.9887
PENN23_y1999_s048_d0,A/Singapore/INFIMH-16-0019/2016_H3N2,plate0_1_to_16-CGTACAGTGTAATCGA,1.362e+04,0.9382,0.9382
PENN23_y1999_s048_d0,A/Thailand/8/2022_H3N2,plate0_1_to_16-CGTACGTATGTCCCAG,40,0.5274,0.5274
PENN23_y1999_s048_d0,A/Thailand/8/2022_H3N2,plate0_1_to_16-CGTACGTATGTCCCAG,92,0.000322,0.000322
PENN23_y1999_s048_d0,A/Thailand/8/2022_H3N2,plate0_1_to_16-CGTACGTATGTCCCAG,212,0.01739,0.01739
PENN23_y1999_s048_d0,A/Thailand/8/2022_H3N2,plate0_1_to_16-CGTACGTATGTCCCAG,487,0.3611,0.3611
PENN23_y1999_s048_d0,A/Thailand/8/2022_H3N2,plate0_1_to_16-CGTACGTATGTCCCAG,1119,0.2313,0.2313
PENN23_y1999_s048_d0,A/Thailand/8/2022_H3N2,plate0_1_to_16-CGTACGTATGTCCCAG,2575,0.5375,0.5375
PENN23_y1999_s048_d0,A/Thailand/8/2022_H3N2,plate0_1_to_16-CGTACGTATGTCCCAG,5921,0.8469,0.8469
PENN23_y1999_s048_d0,A/Thailand/8/2022_H3N2,plate0_1_to_16-CGTACGTATGTCCCAG,1.362e+04,1.016,1
PENN23_y1999_s048_d0,A/Oregon/11/2025_H1N1,plate0_1_to_16-CGTGACCCCCTCCAAC,40,0.0002471,0.0002471
PENN23_y1999_s048_d0,A/Oregon/11/2025_H1N1,plate0_1_to_16-CGTGACCCCCTCCAAC,92,0,0
PENN23_y1999_s048_d0,A/Oregon/11/2025_H1N1,plate0_1_to_16-CGTGACCCCCTCCAAC,212,0.07586,0.07586
PENN23_y1999_s048_d0,A/Oregon/11/2025_H1N1,plate0_1_to_16-CGTGACCCCCTCCAAC,487,0.155,0.155
PENN23_y1999_s048_d0,A/Oregon/11/2025_H1N1,plate0_1_to_16-CGTGACCCCCTCCAAC,1119,0.4789,0.4789
PENN23_y1999_s048_d0,A/Oregon/11/2025_H1N1,plate0_1_to_16-CGTGACCCCCTCCAAC,2575,0.6073,0.6073
PENN23_y1999_s048_d0,A/Oregon/11/2025_H1N1,plate0_1_to_16-CGTGACCCCCTCCAAC,5921,0.6578,0.6578
PENN23_y1999_s048_d0,A/Oregon/11/2025_H1N1,plate0_1_to_16-CGTGACCCCCTCCAAC,1.362e+04,0.8374,0.8374
PENN23_y1999_s048_d0,A/Tasmania/790/2024_H3N2,plate0_1_to_16-CGTGTACCCTTCAGCA,40,0.05297,0.05297
PENN23_y1999_s048_d0,A/Tasmania/790/2024_H3N2,plate0_1_to_16-CGTGTACCCTTCAGCA,92,0.1229,0.1229
PENN23_y1999_s048_d0,A/Tasmania/790/2024_H3N2,plate0_1_to_16-CGTGTACCCTTCAGCA,212,0.2314,0.2314
PENN23_y1999_s048_d0,A/Tasmania/790/2024_H3N2,plate0_1_to_16-CGTGTACCCTTCAGCA,487,0.1997,0.1997
PENN23_y1999_s048_d0,A/Tasmania/790/2024_H3N2,plate0_1_to_16-CGTGTACCCTTCAGCA,1119,0.414,0.414
PENN23_y1999_s048_d0,A/Tasmania/790/2024_H3N2,plate0_1_to_16-CGTGTACCCTTCAGCA,2575,0.5368,0.5368
PENN23_y1999_s048_d0,A/Tasmania/790/2024_H3N2,plate0_1_to_16-CGTGTACCCTTCAGCA,5921,0.933,0.933
PENN23_y1999_s048_d0,A/Tasmania/790/2024_H3N2,plate0_1_to_16-CGTGTACCCTTCAGCA,1.362e+04,1.169,1
PENN23_y1999_s048_d0,A/Darwin/9/2021_H3N2,plate0_1_to_16-CGTTAACGGCCTATCC,40,0,0
PENN23_y1999_s048_d0,A/Darwin/9/2021_H3N2,plate0_1_to_16-CGTTAACGGCCTATCC,92,0.01356,0.01356
PENN23_y1999_s048_d0,A/Darwin/9/2021_H3N2,plate0_1_to_16-CGTTAACGGCCTATCC,212,0.1733,0.1733
PENN23_y1999_s048_d0,A/Darwin/9/2021_H3N2,plate0_1_to_16-CGTTAACGGCCTATCC,487,0.5836,0.5836
PENN23_y1999_s048_d0,A/Darwin/9/2021_H3N2,plate0_1_to_16-CGTTAACGGCCTATCC,1119,0.48,0.48
PENN23_y1999_s048_d0,A/Darwin/9/2021_H3N2,plate0_1_to_16-CGTTAACGGCCTATCC,2575,1.482,1
PENN23_y1999_s048_d0,A/Darwin/9/2021_H3N2,plate0_1_to_16-CGTTAACGGCCTATCC,5921,1.942,1
PENN23_y1999_s048_d0,A/Darwin/9/2021_H3N2,plate0_1_to_16-CGTTAACGGCCTATCC,1.362e+04,0.5461,0.5461
PENN23_y1999_s048_d0,A/Texas/ISC-1322/2025_H3N2,plate0_1_to_16-CGTTCAGCGATAACGG,40,0.05097,0.05097
PENN23_y1999_s048_d0,A/Texas/ISC-1322/2025_H3N2,plate0_1_to_16-CGTTCAGCGATAACGG,92,0.05737,0.05737
PENN23_y1999_s048_d0,A/Texas/ISC-1322/2025_H3N2,plate0_1_to_16-CGTTCAGCGATAACGG,212,0.7061,0.7061
PENN23_y1999_s048_d0,A/Texas/ISC-1322/2025_H3N2,plate0_1_to_16-CGTTCAGCGATAACGG,487,0.1053,0.1053
PENN23_y1999_s048_d0,A/Texas/ISC-1322/2025_H3N2,plate0_1_to_16-CGTTCAGCGATAACGG,1119,0.3297,0.3297
PENN23_y1999_s048_d0,A/Texas/ISC-1322/2025_H3N2,plate0_1_to_16-CGTTCAGCGATAACGG,2575,0.4005,0.4005
PENN23_y1999_s048_d0,A/Texas/ISC-1322/2025_H3N2,plate0_1_to_16-CGTTCAGCGATAACGG,5921,1.085,1
PENN23_y1999_s048_d0,A/Texas/ISC-1322/2025_H3N2,plate0_1_to_16-CGTTCAGCGATAACGG,1.362e+04,0.83,0.83
PENN23_y1999_s048_d0,A/Sydney/43/2025_H3N2,plate0_1_to_16-CGTTTTTGGTTCGAGG,40,0.1523,0.1523
PENN23_y1999_s048_d0,A/Sydney/43/2025_H3N2,plate0_1_to_16-CGTTTTTGGTTCGAGG,92,0.2263,0.2263
PENN23_y1999_s048_d0,A/Sydney/43/2025_H3N2,plate0_1_to_16-CGTTTTTGGTTCGAGG,212,0.3283,0.3283
PENN23_y1999_s048_d0,A/Sydney/43/2025_H3N2,plate0_1_to_16-CGTTTTTGGTTCGAGG,487,0.4132,0.4132
PENN23_y1999_s048_d0,A/Sydney/43/2025_H3N2,plate0_1_to_16-CGTTTTTGGTTCGAGG,1119,0.666,0.666
PENN23_y1999_s048_d0,A/Sydney/43/2025_H3N2,plate0_1_to_16-CGTTTTTGGTTCGAGG,2575,0.7142,0.7142
PENN23_y1999_s048_d0,A/Sydney/43/2025_H3N2,plate0_1_to_16-CGTTTTTGGTTCGAGG,5921,1.805,1
PENN23_y1999_s048_d0,A/Sydney/43/2025_H3N2,plate0_1_to_16-CGTTTTTGGTTCGAGG,1.362e+04,0.7999,0.7999
PENN23_y1999_s048_d0,A/Wisconsin/172/2024_H3N2,plate0_1_to_16-CTAATTTAAGTATCAA,40,0.09649,0.09649
PENN23_y1999_s048_d0,A/Wisconsin/172/2024_H3N2,plate0_1_to_16-CTAATTTAAGTATCAA,92,0.05875,0.05875
PENN23_y1999_s048_d0,A/Wisconsin/172/2024_H3N2,plate0_1_to_16-CTAATTTAAGTATCAA,212,0.3448,0.3448
PENN23_y1999_s048_d0,A/Wisconsin/172/2024_H3N2,plate0_1_to_16-CTAATTTAAGTATCAA,487,0.2558,0.2558
PENN23_y1999_s048_d0,A/Wisconsin/172/2024_H3N2,plate0_1_to_16-CTAATTTAAGTATCAA,1119,0.5481,0.5481
PENN23_y1999_s048_d0,A/Wisconsin/172/2024_H3N2,plate0_1_to_16-CTAATTTAAGTATCAA,2575,0.6162,0.6162
PENN23_y1999_s048_d0,A/Wisconsin/172/2024_H3N2,plate0_1_to_16-CTAATTTAAGTATCAA,5921,0.5735,0.5735
PENN23_y1999_s048_d0,A/Wisconsin/172/2024_H3N2,plate0_1_to_16-CTAATTTAAGTATCAA,1.362e+04,1.135,1
PENN23_y1999_s048_d0,A/Massachusetts/93/2024_H3N2,plate0_1_to_16-CTAGCACAGCGTAGGC,40,0.2342,0.2342
PENN23_y1999_s048_d0,A/Massachusetts/93/2024_H3N2,plate0_1_to_16-CTAGCACAGCGTAGGC,92,0.3495,0.3495
PENN23_y1999_s048_d0,A/Massachusetts/93/2024_H3N2,plate0_1_to_16-CTAGCACAGCGTAGGC,212,0.3513,0.3513
PENN23_y1999_s048_d0,A/Massachusetts/93/2024_H3N2,plate0_1_to_16-CTAGCACAGCGTAGGC,487,0.1744,0.1744
PENN23_y1999_s048_d0,A/Massachusetts/93/2024_H3N2,plate0_1_to_16-CTAGCACAGCGTAGGC,1119,0.63,0.63
PENN23_y1999_s048_d0,A/Massachusetts/93/2024_H3N2,plate0_1_to_16-CTAGCACAGCGTAGGC,2575,0.4873,0.4873
PENN23_y1999_s048_d0,A/Massachusetts/93/2024_H3N2,plate0_1_to_16-CTAGCACAGCGTAGGC,5921,0.5717,0.5717
PENN23_y1999_s048_d0,A/Massachusetts/93/2024_H3N2,plate0_1_to_16-CTAGCACAGCGTAGGC,1.362e+04,0.8331,0.8331
PENN23_y1999_s048_d0,A/Texas/15550/2024_H3N2,plate0_1_to_16-CTATATTGCCCGGAAG,40,0.2279,0.2279
PENN23_y1999_s048_d0,A/Texas/15550/2024_H3N2,plate0_1_to_16-CTATATTGCCCGGAAG,92,0.2433,0.2433
PENN23_y1999_s048_d0,A/Texas/15550/2024_H3N2,plate0_1_to_16-CTATATTGCCCGGAAG,212,0.4185,0.4185
PENN23_y1999_s048_d0,A/Texas/15550/2024_H3N2,plate0_1_to_16-CTATATTGCCCGGAAG,487,0.447,0.447
PENN23_y1999_s048_d0,A/Texas/15550/2024_H3N2,plate0_1_to_16-CTATATTGCCCGGAAG,1119,0.4052,0.4052
PENN23_y1999_s048_d0,A/Texas/15550/2024_H3N2,plate0_1_to_16-CTATATTGCCCGGAAG,2575,0.5974,0.5974
PENN23_y1999_s048_d0,A/Texas/15550/2024_H3N2,plate0_1_to_16-CTATATTGCCCGGAAG,5921,1.265,1
PENN23_y1999_s048_d0,A/Texas/15550/2024_H3N2,plate0_1_to_16-CTATATTGCCCGGAAG,1.362e+04,0.9013,0.9013
PENN23_y1999_s048_d0,A/Darwin/6/2021_H3N2,plate0_1_to_16-CTATCTTAATCTACAG,40,0.04546,0.04546
PENN23_y1999_s048_d0,A/Darwin/6/2021_H3N2,plate0_1_to_16-CTATCTTAATCTACAG,92,0.111,0.111
PENN23_y1999_s048_d0,A/Darwin/6/2021_H3N2,plate0_1_to_16-CTATCTTAATCTACAG,212,0.361,0.361
PENN23_y1999_s048_d0,A/Darwin/6/2021_H3N2,plate0_1_to_16-CTATCTTAATCTACAG,487,0.3029,0.3029
PENN23_y1999_s048_d0,A/Darwin/6/2021_H3N2,plate0_1_to_16-CTATCTTAATCTACAG,1119,2.446,1
PENN23_y1999_s048_d0,A/Darwin/6/2021_H3N2,plate0_1_to_16-CTATCTTAATCTACAG,2575,0.7482,0.7482
PENN23_y1999_s048_d0,A/Darwin/6/2021_H3N2,plate0_1_to_16-CTATCTTAATCTACAG,5921,0.5414,0.5414
PENN23_y1999_s048_d0,A/Darwin/6/2021_H3N2,plate0_1_to_16-CTATCTTAATCTACAG,1.362e+04,0.8881,0.8881
PENN23_y1999_s048_d0,A/Tasmania/788/2024_H3N2,plate0_1_to_16-CTATTTAACAGACGTA,40,0.4788,0.4788
PENN23_y1999_s048_d0,A/Tasmania/788/2024_H3N2,plate0_1_to_16-CTATTTAACAGACGTA,92,0.1072,0.1072
PENN23_y1999_s048_d0,A/Tasmania/788/2024_H3N2,plate0_1_to_16-CTATTTAACAGACGTA,212,0.4876,0.4876
PENN23_y1999_s048_d0,A/Tasmania/788/2024_H3N2,plate0_1_to_16-CTATTTAACAGACGTA,487,0.238,0.238
PENN23_y1999_s048_d0,A/Tasmania/788/2024_H3N2,plate0_1_to_16-CTATTTAACAGACGTA,1119,0.3789,0.3789
PENN23_y1999_s048_d0,A/Tasmania/788/2024_H3N2,plate0_1_to_16-CTATTTAACAGACGTA,2575,0.7663,0.7663
PENN23_y1999_s048_d0,A/Tasmania/788/2024_H3N2,plate0_1_to_16-CTATTTAACAGACGTA,5921,0.8641,0.8641
PENN23_y1999_s048_d0,A/Tasmania/788/2024_H3N2,plate0_1_to_16-CTATTTAACAGACGTA,1.362e+04,1.643,1
PENN23_y1999_s048_d0,A/Oregon/261/2024_H1N1,plate0_1_to_16-CTCAAATAATTGGCGC,40,0.001668,0.001668
PENN23_y1999_s048_d0,A/Oregon/261/2024_H1N1,plate0_1_to_16-CTCAAATAATTGGCGC,92,0.001202,0.001202
PENN23_y1999_s048_d0,A/Oregon/261/2024_H1N1,plate0_1_to_16-CTCAAATAATTGGCGC,212,0.2701,0.2701
PENN23_y1999_s048_d0,A/Oregon/261/2024_H1N1,plate0_1_to_16-CTCAAATAATTGGCGC,487,0.433,0.433
PENN23_y1999_s048_d0,A/Oregon/261/2024_H1N1,plate0_1_to_16-CTCAAATAATTGGCGC,1119,0.7267,0.7267
PENN23_y1999_s048_d0,A/Oregon/261/2024_H1N1,plate0_1_to_16-CTCAAATAATTGGCGC,2575,0.6597,0.6597
PENN23_y1999_s048_d0,A/Oregon/261/2024_H1N1,plate0_1_to_16-CTCAAATAATTGGCGC,5921,1.533,1
PENN23_y1999_s048_d0,A/Oregon/261/2024_H1N1,plate0_1_to_16-CTCAAATAATTGGCGC,1.362e+04,0.7823,0.7823
PENN23_y1999_s048_d0,A/Washington/15245/2025_H3N2,plate0_1_to_16-CTCCTAGGGGACGATT,40,0.2002,0.2002
PENN23_y1999_s048_d0,A/Washington/15245/2025_H3N2,plate0_1_to_16-CTCCTAGGGGACGATT,92,0.3254,0.3254
PENN23_y1999_s048_d0,A/Washington/15245/2025_H3N2,plate0_1_to_16-CTCCTAGGGGACGATT,212,0.2651,0.2651
PENN23_y1999_s048_d0,A/Washington/15245/2025_H3N2,plate0_1_to_16-CTCCTAGGGGACGATT,487,0.501,0.501
PENN23_y1999_s048_d0,A/Washington/15245/2025_H3N2,plate0_1_to_16-CTCCTAGGGGACGATT,1119,1.022,1
PENN23_y1999_s048_d0,A/Washington/15245/2025_H3N2,plate0_1_to_16-CTCCTAGGGGACGATT,2575,0.6299,0.6299
PENN23_y1999_s048_d0,A/Washington/15245/2025_H3N2,plate0_1_to_16-CTCCTAGGGGACGATT,5921,0.6976,0.6976
PENN23_y1999_s048_d0,A/Washington/15245/2025_H3N2,plate0_1_to_16-CTCCTAGGGGACGATT,1.362e+04,0.9055,0.9055
PENN23_y1999_s048_d0,A/Vermont/10/2025_H1N1,plate0_1_to_16-CTCTTACGCTCCTACG,40,0,0
PENN23_y1999_s048_d0,A/Vermont/10/2025_H1N1,plate0_1_to_16-CTCTTACGCTCCTACG,92,0,0
PENN23_y1999_s048_d0,A/Vermont/10/2025_H1N1,plate0_1_to_16-CTCTTACGCTCCTACG,212,0.07639,0.07639
PENN23_y1999_s048_d0,A/Vermont/10/2025_H1N1,plate0_1_to_16-CTCTTACGCTCCTACG,487,0.1531,0.1531
PENN23_y1999_s048_d0,A/Vermont/10/2025_H1N1,plate0_1_to_16-CTCTTACGCTCCTACG,1119,0.7349,0.7349
PENN23_y1999_s048_d0,A/Vermont/10/2025_H1N1,plate0_1_to_16-CTCTTACGCTCCTACG,2575,0.6614,0.6614
PENN23_y1999_s048_d0,A/Vermont/10/2025_H1N1,plate0_1_to_16-CTCTTACGCTCCTACG,5921,0.8782,0.8782
PENN23_y1999_s048_d0,A/Vermont/10/2025_H1N1,plate0_1_to_16-CTCTTACGCTCCTACG,1.362e+04,0.7681,0.7681
PENN23_y1999_s048_d0,A/Michigan/UM-10062069629/2025_H3N2,plate0_1_to_16-CTGAACTTATCTGTGG,40,0.1027,0.1027
PENN23_y1999_s048_d0,A/Michigan/UM-10062069629/2025_H3N2,plate0_1_to_16-CTGAACTTATCTGTGG,92,0.182,0.182
PENN23_y1999_s048_d0,A/Michigan/UM-10062069629/2025_H3N2,plate0_1_to_16-CTGAACTTATCTGTGG,212,0.3174,0.3174
PENN23_y1999_s048_d0,A/Michigan/UM-10062069629/2025_H3N2,plate0_1_to_16-CTGAACTTATCTGTGG,487,0.6078,0.6078
PENN23_y1999_s048_d0,A/Michigan/UM-10062069629/2025_H3N2,plate0_1_to_16-CTGAACTTATCTGTGG,1119,0.77,0.77
PENN23_y1999_s048_d0,A/Michigan/UM-10062069629/2025_H3N2,plate0_1_to_16-CTGAACTTATCTGTGG,2575,0.6403,0.6403
PENN23_y1999_s048_d0,A/Michigan/UM-10062069629/2025_H3N2,plate0_1_to_16-CTGAACTTATCTGTGG,5921,1.443,1
PENN23_y1999_s048_d0,A/Michigan/UM-10062069629/2025_H3N2,plate0_1_to_16-CTGAACTTATCTGTGG,1.362e+04,1.117,1
PENN23_y1999_s048_d0,A/Wisconsin/67/2022_H1N1,plate0_1_to_16-CTGAACTTGTCGATAT,40,0.0006859,0.0006859
PENN23_y1999_s048_d0,A/Wisconsin/67/2022_H1N1,plate0_1_to_16-CTGAACTTGTCGATAT,92,0.01023,0.01023
PENN23_y1999_s048_d0,A/Wisconsin/67/2022_H1N1,plate0_1_to_16-CTGAACTTGTCGATAT,212,0.1169,0.1169
PENN23_y1999_s048_d0,A/Wisconsin/67/2022_H1N1,plate0_1_to_16-CTGAACTTGTCGATAT,487,0.3876,0.3876
PENN23_y1999_s048_d0,A/Wisconsin/67/2022_H1N1,plate0_1_to_16-CTGAACTTGTCGATAT,1119,0.5642,0.5642
PENN23_y1999_s048_d0,A/Wisconsin/67/2022_H1N1,plate0_1_to_16-CTGAACTTGTCGATAT,2575,0.6347,0.6347
PENN23_y1999_s048_d0,A/Wisconsin/67/2022_H1N1,plate0_1_to_16-CTGAACTTGTCGATAT,5921,1.167,1
PENN23_y1999_s048_d0,A/Wisconsin/67/2022_H1N1,plate0_1_to_16-CTGAACTTGTCGATAT,1.362e+04,0.8477,0.8477
PENN23_y1999_s048_d0,A/Michigan/120/2024_H3N2,plate0_1_to_16-CTGAGCTGCCAATAAG,40,0.259,0.259
PENN23_y1999_s048_d0,A/Michigan/120/2024_H3N2,plate0_1_to_16-CTGAGCTGCCAATAAG,92,0.3933,0.3933
PENN23_y1999_s048_d0,A/Michigan/120/2024_H3N2,plate0_1_to_16-CTGAGCTGCCAATAAG,212,0.4775,0.4775
PENN23_y1999_s048_d0,A/Michigan/120/2024_H3N2,plate0_1_to_16-CTGAGCTGCCAATAAG,487,0.3552,0.3552
PENN23_y1999_s048_d0,A/Michigan/120/2024_H3N2,plate0_1_to_16-CTGAGCTGCCAATAAG,1119,0.7078,0.7078
PENN23_y1999_s048_d0,A/Michigan/120/2024_H3N2,plate0_1_to_16-CTGAGCTGCCAATAAG,2575,0.6636,0.6636
PENN23_y1999_s048_d0,A/Michigan/120/2024_H3N2,plate0_1_to_16-CTGAGCTGCCAATAAG,5921,0.9975,0.9975
PENN23_y1999_s048_d0,A/Michigan/120/2024_H3N2,plate0_1_to_16-CTGAGCTGCCAATAAG,1.362e+04,0.9528,0.9528
PENN23_y1999_s048_d0,A/Minnesota/133/2024_H3N2,plate0_1_to_16-CTGAGGGATTCAACTC,40,0.3873,0.3873
PENN23_y1999_s048_d0,A/Minnesota/133/2024_H3N2,plate0_1_to_16-CTGAGGGATTCAACTC,92,0.3435,0.3435
PENN23_y1999_s048_d0,A/Minnesota/133/2024_H3N2,plate0_1_to_16-CTGAGGGATTCAACTC,212,0.2619,0.2619
PENN23_y1999_s048_d0,A/Minnesota/133/2024_H3N2,plate0_1_to_16-CTGAGGGATTCAACTC,487,0.4108,0.4108
PENN23_y1999_s048_d0,A/Minnesota/133/2024_H3N2,plate0_1_to_16-CTGAGGGATTCAACTC,1119,0.4018,0.4018
PENN23_y1999_s048_d0,A/Minnesota/133/2024_H3N2,plate0_1_to_16-CTGAGGGATTCAACTC,2575,0.6022,0.6022
PENN23_y1999_s048_d0,A/Minnesota/133/2024_H3N2,plate0_1_to_16-CTGAGGGATTCAACTC,5921,1.07,1
PENN23_y1999_s048_d0,A/Minnesota/133/2024_H3N2,plate0_1_to_16-CTGAGGGATTCAACTC,1.362e+04,1.122,1
PENN23_y1999_s048_d0,A/Maryland/64/2024_H1N1,plate0_1_to_16-CTGGAGGCCTGGCCCC,40,0.003078,0.003078
PENN23_y1999_s048_d0,A/Maryland/64/2024_H1N1,plate0_1_to_16-CTGGAGGCCTGGCCCC,92,0.000645,0.000645
PENN23_y1999_s048_d0,A/Maryland/64/2024_H1N1,plate0_1_to_16-CTGGAGGCCTGGCCCC,212,0.08452,0.08452
PENN23_y1999_s048_d0,A/Maryland/64/2024_H1N1,plate0_1_to_16-CTGGAGGCCTGGCCCC,487,0.2813,0.2813
PENN23_y1999_s048_d0,A/Maryland/64/2024_H1N1,plate0_1_to_16-CTGGAGGCCTGGCCCC,1119,0.5863,0.5863
PENN23_y1999_s048_d0,A/Maryland/64/2024_H1N1,plate0_1_to_16-CTGGAGGCCTGGCCCC,2575,0.6437,0.6437
PENN23_y1999_s048_d0,A/Maryland/64/2024_H1N1,plate0_1_to_16-CTGGAGGCCTGGCCCC,5921,0.8147,0.8147
PENN23_y1999_s048_d0,A/Maryland/64/2024_H1N1,plate0_1_to_16-CTGGAGGCCTGGCCCC,1.362e+04,0.8726,0.8726
PENN23_y1999_s048_d0,A/Colorado/ISC-1416/2024_H3N2,plate0_1_to_16-CTGTACCTGCAGTTGA,40,0.2356,0.2356
PENN23_y1999_s048_d0,A/Colorado/ISC-1416/2024_H3N2,plate0_1_to_16-CTGTACCTGCAGTTGA,92,0.1589,0.1589
PENN23_y1999_s048_d0,A/Colorado/ISC-1416/2024_H3N2,plate0_1_to_16-CTGTACCTGCAGTTGA,212,0.5282,0.5282
PENN23_y1999_s048_d0,A/Colorado/ISC-1416/2024_H3N2,plate0_1_to_16-CTGTACCTGCAGTTGA,487,0.3565,0.3565
PENN23_y1999_s048_d0,A/Colorado/ISC-1416/2024_H3N2,plate0_1_to_16-CTGTACCTGCAGTTGA,1119,1.21,1
PENN23_y1999_s048_d0,A/Colorado/ISC-1416/2024_H3N2,plate0_1_to_16-CTGTACCTGCAGTTGA,2575,0.5376,0.5376
PENN23_y1999_s048_d0,A/Colorado/ISC-1416/2024_H3N2,plate0_1_to_16-CTGTACCTGCAGTTGA,5921,1.124,1
PENN23_y1999_s048_d0,A/Colorado/ISC-1416/2024_H3N2,plate0_1_to_16-CTGTACCTGCAGTTGA,1.362e+04,0.8988,0.8988
PENN23_y1999_s048_d0,A/Singapore/MOH0547/2024_H1N1,plate0_1_to_16-CTTACAGAATACTAGA,40,0,0
PENN23_y1999_s048_d0,A/Singapore/MOH0547/2024_H1N1,plate0_1_to_16-CTTACAGAATACTAGA,92,0.006567,0.006567
PENN23_y1999_s048_d0,A/Singapore/MOH0547/2024_H1N1,plate0_1_to_16-CTTACAGAATACTAGA,212,0.3231,0.3231
PENN23_y1999_s048_d0,A/Singapore/MOH0547/2024_H1N1,plate0_1_to_16-CTTACAGAATACTAGA,487,0.3015,0.3015
PENN23_y1999_s048_d0,A/Singapore/MOH0547/2024_H1N1,plate0_1_to_16-CTTACAGAATACTAGA,1119,0.9362,0.9362
PENN23_y1999_s048_d0,A/Singapore/MOH0547/2024_H1N1,plate0_1_to_16-CTTACAGAATACTAGA,2575,0.5864,0.5864
PENN23_y1999_s048_d0,A/Singapore/MOH0547/2024_H1N1,plate0_1_to_16-CTTACAGAATACTAGA,5921,1.115,1
PENN23_y1999_s048_d0,A/Singapore/MOH0547/2024_H1N1,plate0_1_to_16-CTTACAGAATACTAGA,1.362e+04,0.7239,0.7239
PENN23_y1999_s048_d0,A/NovaScotia/ET1801CP00018S/2025_H1N1,plate0_1_to_16-CTTACTGCGCGAGAGT,40,0.002554,0.002554
PENN23_y1999_s048_d0,A/NovaScotia/ET1801CP00018S/2025_H1N1,plate0_1_to_16-CTTACTGCGCGAGAGT,92,0.00667,0.00667
PENN23_y1999_s048_d0,A/NovaScotia/ET1801CP00018S/2025_H1N1,plate0_1_to_16-CTTACTGCGCGAGAGT,212,0.04289,0.04289
PENN23_y1999_s048_d0,A/NovaScotia/ET1801CP00018S/2025_H1N1,plate0_1_to_16-CTTACTGCGCGAGAGT,487,0.4932,0.4932
PENN23_y1999_s048_d0,A/NovaScotia/ET1801CP00018S/2025_H1N1,plate0_1_to_16-CTTACTGCGCGAGAGT,1119,0.5902,0.5902
PENN23_y1999_s048_d0,A/NovaScotia/ET1801CP00018S/2025_H1N1,plate0_1_to_16-CTTACTGCGCGAGAGT,2575,0.5988,0.5988
PENN23_y1999_s048_d0,A/NovaScotia/ET1801CP00018S/2025_H1N1,plate0_1_to_16-CTTACTGCGCGAGAGT,5921,0.7835,0.7835
PENN23_y1999_s048_d0,A/NovaScotia/ET1801CP00018S/2025_H1N1,plate0_1_to_16-CTTACTGCGCGAGAGT,1.362e+04,0.9583,0.9583
PENN23_y1999_s048_d0,A/Lisboa/216/2023_H3N2,plate0_1_to_16-CTTAGGTATTATATGC,40,0.04243,0.04243
PENN23_y1999_s048_d0,A/Lisboa/216/2023_H3N2,plate0_1_to_16-CTTAGGTATTATATGC,92,0.1398,0.1398
PENN23_y1999_s048_d0,A/Lisboa/216/2023_H3N2,plate0_1_to_16-CTTAGGTATTATATGC,212,0.185,0.185
PENN23_y1999_s048_d0,A/Lisboa/216/2023_H3N2,plate0_1_to_16-CTTAGGTATTATATGC,487,0.2963,0.2963
PENN23_y1999_s048_d0,A/Lisboa/216/2023_H3N2,plate0_1_to_16-CTTAGGTATTATATGC,1119,0.6506,0.6506
PENN23_y1999_s048_d0,A/Lisboa/216/2023_H3N2,plate0_1_to_16-CTTAGGTATTATATGC,2575,0.5295,0.5295
PENN23_y1999_s048_d0,A/Lisboa/216/2023_H3N2,plate0_1_to_16-CTTAGGTATTATATGC,5921,1.167,1
PENN23_y1999_s048_d0,A/Lisboa/216/2023_H3N2,plate0_1_to_16-CTTAGGTATTATATGC,1.362e+04,1.091,1
PENN23_y1999_s048_d0,A/Tasmania/790/2024_H3N2,plate0_1_to_16-CTTCGGCTCTTGATTA,40,0.1594,0.1594
PENN23_y1999_s048_d0,A/Tasmania/790/2024_H3N2,plate0_1_to_16-CTTCGGCTCTTGATTA,92,0.205,0.205
PENN23_y1999_s048_d0,A/Tasmania/790/2024_H3N2,plate0_1_to_16-CTTCGGCTCTTGATTA,212,0.4617,0.4617
PENN23_y1999_s048_d0,A/Tasmania/790/2024_H3N2,plate0_1_to_16-CTTCGGCTCTTGATTA,487,0.3824,0.3824
PENN23_y1999_s048_d0,A/Tasmania/790/2024_H3N2,plate0_1_to_16-CTTCGGCTCTTGATTA,1119,0.3762,0.3762
PENN23_y1999_s048_d0,A/Tasmania/790/2024_H3N2,plate0_1_to_16-CTTCGGCTCTTGATTA,2575,0.5925,0.5925
PENN23_y1999_s048_d0,A/Tasmania/790/2024_H3N2,plate0_1_to_16-CTTCGGCTCTTGATTA,5921,0.8993,0.8993
PENN23_y1999_s048_d0,A/Tasmania/790/2024_H3N2,plate0_1_to_16-CTTCGGCTCTTGATTA,1.362e+04,1.134,1
PENN23_y1999_s048_d0,A/Nevada/216/2024_H3N2,plate0_1_to_16-CTTTTCTAGTACGCTT,40,0.3641,0.3641
PENN23_y1999_s048_d0,A/Nevada/216/2024_H3N2,plate0_1_to_16-CTTTTCTAGTACGCTT,92,0.5034,0.5034
PENN23_y1999_s048_d0,A/Nevada/216/2024_H3N2,plate0_1_to_16-CTTTTCTAGTACGCTT,212,0.4528,0.4528
PENN23_y1999_s048_d0,A/Nevada/216/2024_H3N2,plate0_1_to_16-CTTTTCTAGTACGCTT,487,0.2628,0.2628
PENN23_y1999_s048_d0,A/Nevada/216/2024_H3N2,plate0_1_to_16-CTTTTCTAGTACGCTT,1119,0.6624,0.6624
PENN23_y1999_s048_d0,A/Nevada/216/2024_H3N2,plate0_1_to_16-CTTTTCTAGTACGCTT,2575,0.6703,0.6703
PENN23_y1999_s048_d0,A/Nevada/216/2024_H3N2,plate0_1_to_16-CTTTTCTAGTACGCTT,5921,0.8142,0.8142
PENN23_y1999_s048_d0,A/Nevada/216/2024_H3N2,plate0_1_to_16-CTTTTCTAGTACGCTT,1.362e+04,0.8757,0.8757
PENN23_y1999_s048_d0,A/France/IDF-IPP29542/2023-egg_H3N2,plate0_1_to_16-GAAAGCCCCGTGCAAT,40,0.2098,0.2098
PENN23_y1999_s048_d0,A/France/IDF-IPP29542/2023-egg_H3N2,plate0_1_to_16-GAAAGCCCCGTGCAAT,92,0.1527,0.1527
PENN23_y1999_s048_d0,A/France/IDF-IPP29542/2023-egg_H3N2,plate0_1_to_16-GAAAGCCCCGTGCAAT,212,0.456,0.456
PENN23_y1999_s048_d0,A/France/IDF-IPP29542/2023-egg_H3N2,plate0_1_to_16-GAAAGCCCCGTGCAAT,487,0.4079,0.4079
PENN23_y1999_s048_d0,A/France/IDF-IPP29542/2023-egg_H3N2,plate0_1_to_16-GAAAGCCCCGTGCAAT,1119,0.4062,0.4062
PENN23_y1999_s048_d0,A/France/IDF-IPP29542/2023-egg_H3N2,plate0_1_to_16-GAAAGCCCCGTGCAAT,2575,0.5633,0.5633
PENN23_y1999_s048_d0,A/France/IDF-IPP29542/2023-egg_H3N2,plate0_1_to_16-GAAAGCCCCGTGCAAT,5921,0.465,0.465
PENN23_y1999_s048_d0,A/France/IDF-IPP29542/2023-egg_H3N2,plate0_1_to_16-GAAAGCCCCGTGCAAT,1.362e+04,1.307,1
PENN23_y1999_s048_d0,A/Ufa/CRIE/47/2024_H1N1,plate0_1_to_16-GAAAGTCCCTATGATG,40,0.0009733,0.0009733
PENN23_y1999_s048_d0,A/Ufa/CRIE/47/2024_H1N1,plate0_1_to_16-GAAAGTCCCTATGATG,92,8.764e-05,8.764e-05
PENN23_y1999_s048_d0,A/Ufa/CRIE/47/2024_H1N1,plate0_1_to_16-GAAAGTCCCTATGATG,212,0.01642,0.01642
PENN23_y1999_s048_d0,A/Ufa/CRIE/47/2024_H1N1,plate0_1_to_16-GAAAGTCCCTATGATG,487,0.2116,0.2116
PENN23_y1999_s048_d0,A/Ufa/CRIE/47/2024_H1N1,plate0_1_to_16-GAAAGTCCCTATGATG,1119,0.4514,0.4514
PENN23_y1999_s048_d0,A/Ufa/CRIE/47/2024_H1N1,plate0_1_to_16-GAAAGTCCCTATGATG,2575,0.4878,0.4878
PENN23_y1999_s048_d0,A/Ufa/CRIE/47/2024_H1N1,plate0_1_to_16-GAAAGTCCCTATGATG,5921,1.07,1
PENN23_y1999_s048_d0,A/Ufa/CRIE/47/2024_H1N1,plate0_1_to_16-GAAAGTCCCTATGATG,1.362e+04,0.8686,0.8686
PENN23_y1999_s048_d0,A/Maldives/2132/2024_H1N1,plate0_1_to_16-GAAATCCCCAAATAAC,40,0.000578,0.000578
PENN23_y1999_s048_d0,A/Maldives/2132/2024_H1N1,plate0_1_to_16-GAAATCCCCAAATAAC,92,0.0001041,0.0001041
PENN23_y1999_s048_d0,A/Maldives/2132/2024_H1N1,plate0_1_to_16-GAAATCCCCAAATAAC,212,0.03882,0.03882
PENN23_y1999_s048_d0,A/Maldives/2132/2024_H1N1,plate0_1_to_16-GAAATCCCCAAATAAC,487,0.1958,0.1958
PENN23_y1999_s048_d0,A/Maldives/2132/2024_H1N1,plate0_1_to_16-GAAATCCCCAAATAAC,1119,0.792,0.792
PENN23_y1999_s048_d0,A/Maldives/2132/2024_H1N1,plate0_1_to_16-GAAATCCCCAAATAAC,2575,0.8982,0.8982
PENN23_y1999_s048_d0,A/Maldives/2132/2024_H1N1,plate0_1_to_16-GAAATCCCCAAATAAC,5921,1.173,1
PENN23_y1999_s048_d0,A/Maldives/2132/2024_H1N1,plate0_1_to_16-GAAATCCCCAAATAAC,1.362e+04,1.221,1
PENN23_y1999_s048_d0,A/Wisconsin/588/2019_H1N1,plate0_1_to_16-GAAGAAACTATAACCA,40,0,0
PENN23_y1999_s048_d0,A/Wisconsin/588/2019_H1N1,plate0_1_to_16-GAAGAAACTATAACCA,92,0,0
PENN23_y1999_s048_d0,A/Wisconsin/588/2019_H1N1,plate0_1_to_16-GAAGAAACTATAACCA,212,0.02717,0.02717
PENN23_y1999_s048_d0,A/Wisconsin/588/2019_H1N1,plate0_1_to_16-GAAGAAACTATAACCA,487,0.1668,0.1668
PENN23_y1999_s048_d0,A/Wisconsin/588/2019_H1N1,plate0_1_to_16-GAAGAAACTATAACCA,1119,0.7147,0.7147
PENN23_y1999_s048_d0,A/Wisconsin/588/2019_H1N1,plate0_1_to_16-GAAGAAACTATAACCA,2575,0.7836,0.7836
PENN23_y1999_s048_d0,A/Wisconsin/588/2019_H1N1,plate0_1_to_16-GAAGAAACTATAACCA,5921,1.388,1
PENN23_y1999_s048_d0,A/Wisconsin/588/2019_H1N1,plate0_1_to_16-GAAGAAACTATAACCA,1.362e+04,1.754,1
PENN23_y1999_s048_d0,A/Wisconsin/172/2024_H3N2,plate0_1_to_16-GAAGTGCGTATTGAGT,40,0.0275,0.0275
PENN23_y1999_s048_d0,A/Wisconsin/172/2024_H3N2,plate0_1_to_16-GAAGTGCGTATTGAGT,92,0.2214,0.2214
PENN23_y1999_s048_d0,A/Wisconsin/172/2024_H3N2,plate0_1_to_16-GAAGTGCGTATTGAGT,212,0.2836,0.2836
PENN23_y1999_s048_d0,A/Wisconsin/172/2024_H3N2,plate0_1_to_16-GAAGTGCGTATTGAGT,487,0.2167,0.2167
PENN23_y1999_s048_d0,A/Wisconsin/172/2024_H3N2,plate0_1_to_16-GAAGTGCGTATTGAGT,1119,0.4085,0.4085
PENN23_y1999_s048_d0,A/Wisconsin/172/2024_H3N2,plate0_1_to_16-GAAGTGCGTATTGAGT,2575,1.576,1
PENN23_y1999_s048_d0,A/Wisconsin/172/2024_H3N2,plate0_1_to_16-GAAGTGCGTATTGAGT,5921,1.194,1
PENN23_y1999_s048_d0,A/Wisconsin/172/2024_H3N2,plate0_1_to_16-GAAGTGCGTATTGAGT,1.362e+04,1.02,1
PENN23_y1999_s048_d0,A/DistrictOfColumbia/27/2023_H3N2,plate0_1_to_16-GAATAATAGAACAGAG,40,0.1026,0.1026
PENN23_y1999_s048_d0,A/DistrictOfColumbia/27/2023_H3N2,plate0_1_to_16-GAATAATAGAACAGAG,92,0.176,0.176
PENN23_y1999_s048_d0,A/DistrictOfColumbia/27/2023_H3N2,plate0_1_to_16-GAATAATAGAACAGAG,212,0.5178,0.5178
PENN23_y1999_s048_d0,A/DistrictOfColumbia/27/2023_H3N2,plate0_1_to_16-GAATAATAGAACAGAG,487,0.3408,0.3408
PENN23_y1999_s048_d0,A/DistrictOfColumbia/27/2023_H3N2,plate0_1_to_16-GAATAATAGAACAGAG,1119,0.6938,0.6938
PENN23_y1999_s048_d0,A/DistrictOfColumbia/27/2023_H3N2,plate0_1_to_16-GAATAATAGAACAGAG,2575,0.6175,0.6175
PENN23_y1999_s048_d0,A/DistrictOfColumbia/27/2023_H3N2,plate0_1_to_16-GAATAATAGAACAGAG,5921,1.254,1
PENN23_y1999_s048_d0,A/DistrictOfColumbia/27/2023_H3N2,plate0_1_to_16-GAATAATAGAACAGAG,1.362e+04,1.065,1
PENN23_y1999_s048_d0,A/Tennessee/04/2025_H1N1,plate0_1_to_16-GACAAAAGGGACATAT,40,0.001136,0.001136
PENN23_y1999_s048_d0,A/Tennessee/04/2025_H1N1,plate0_1_to_16-GACAAAAGGGACATAT,92,0.01424,0.01424
PENN23_y1999_s048_d0,A/Tennessee/04/2025_H1N1,plate0_1_to_16-GACAAAAGGGACATAT,212,0.05827,0.05827
PENN23_y1999_s048_d0,A/Tennessee/04/2025_H1N1,plate0_1_to_16-GACAAAAGGGACATAT,487,0.7394,0.7394
PENN23_y1999_s048_d0,A/Tennessee/04/2025_H1N1,plate0_1_to_16-GACAAAAGGGACATAT,1119,0.575,0.575
PENN23_y1999_s048_d0,A/Tennessee/04/2025_H1N1,plate0_1_to_16-GACAAAAGGGACATAT,2575,0.6699,0.6699
PENN23_y1999_s048_d0,A/Tennessee/04/2025_H1N1,plate0_1_to_16-GACAAAAGGGACATAT,5921,1.094,1
PENN23_y1999_s048_d0,A/Tennessee/04/2025_H1N1,plate0_1_to_16-GACAAAAGGGACATAT,1.362e+04,1.024,1
PENN23_y1999_s048_d0,A/California/07/2009_H1N1,plate0_1_to_16-GACACAGAACCCATGC,40,0.01071,0.01071
PENN23_y1999_s048_d0,A/California/07/2009_H1N1,plate0_1_to_16-GACACAGAACCCATGC,92,0,0
PENN23_y1999_s048_d0,A/California/07/2009_H1N1,plate0_1_to_16-GACACAGAACCCATGC,212,0.007473,0.007473
PENN23_y1999_s048_d0,A/California/07/2009_H1N1,plate0_1_to_16-GACACAGAACCCATGC,487,0.003678,0.003678
PENN23_y1999_s048_d0,A/California/07/2009_H1N1,plate0_1_to_16-GACACAGAACCCATGC,1119,0.1155,0.1155
PENN23_y1999_s048_d0,A/California/07/2009_H1N1,plate0_1_to_16-GACACAGAACCCATGC,2575,1.056,1
PENN23_y1999_s048_d0,A/California/07/2009_H1N1,plate0_1_to_16-GACACAGAACCCATGC,5921,0.1479,0.1479
PENN23_y1999_s048_d0,A/California/07/2009_H1N1,plate0_1_to_16-GACACAGAACCCATGC,1.362e+04,1.471,1
PENN23_y1999_s048_d0,A/Oregon/11/2025_H1N1,plate0_1_to_16-GACCCCTTGTAAGATG,40,0.001621,0.001621
PENN23_y1999_s048_d0,A/Oregon/11/2025_H1N1,plate0_1_to_16-GACCCCTTGTAAGATG,92,0.0008984,0.0008984
PENN23_y1999_s048_d0,A/Oregon/11/2025_H1N1,plate0_1_to_16-GACCCCTTGTAAGATG,212,0.08591,0.08591
PENN23_y1999_s048_d0,A/Oregon/11/2025_H1N1,plate0_1_to_16-GACCCCTTGTAAGATG,487,0.2295,0.2295
PENN23_y1999_s048_d0,A/Oregon/11/2025_H1N1,plate0_1_to_16-GACCCCTTGTAAGATG,1119,0.6839,0.6839
PENN23_y1999_s048_d0,A/Oregon/11/2025_H1N1,plate0_1_to_16-GACCCCTTGTAAGATG,2575,0.8514,0.8514
PENN23_y1999_s048_d0,A/Oregon/11/2025_H1N1,plate0_1_to_16-GACCCCTTGTAAGATG,5921,0.7894,0.7894
PENN23_y1999_s048_d0,A/Oregon/11/2025_H1N1,plate0_1_to_16-GACCCCTTGTAAGATG,1.362e+04,0.9734,0.9734
PENN23_y1999_s048_d0,A/Massachusetts/ISC-1684/2025_H3N2,plate0_1_to_16-GACGGGATGGGCACGT,40,0.05311,0.05311
PENN23_y1999_s048_d0,A/Massachusetts/ISC-1684/2025_H3N2,plate0_1_to_16-GACGGGATGGGCACGT,92,0.07882,0.07882
PENN23_y1999_s048_d0,A/Massachusetts/ISC-1684/2025_H3N2,plate0_1_to_16-GACGGGATGGGCACGT,212,0.3191,0.3191
PENN23_y1999_s048_d0,A/Massachusetts/ISC-1684/2025_H3N2,plate0_1_to_16-GACGGGATGGGCACGT,487,0.4367,0.4367
PENN23_y1999_s048_d0,A/Massachusetts/ISC-1684/2025_H3N2,plate0_1_to_16-GACGGGATGGGCACGT,1119,0.8945,0.8945
PENN23_y1999_s048_d0,A/Massachusetts/ISC-1684/2025_H3N2,plate0_1_to_16-GACGGGATGGGCACGT,2575,0.668,0.668
PENN23_y1999_s048_d0,A/Massachusetts/ISC-1684/2025_H3N2,plate0_1_to_16-GACGGGATGGGCACGT,5921,1.568,1
PENN23_y1999_s048_d0,A/Massachusetts/ISC-1684/2025_H3N2,plate0_1_to_16-GACGGGATGGGCACGT,1.362e+04,2.231,1
PENN23_y1999_s048_d0,A/Madagascar/00003/2025_H1N1,plate0_1_to_16-GAGCTTGCTATGGATC,40,0,0
PENN23_y1999_s048_d0,A/Madagascar/00003/2025_H1N1,plate0_1_to_16-GAGCTTGCTATGGATC,92,8.207e-05,8.207e-05
PENN23_y1999_s048_d0,A/Madagascar/00003/2025_H1N1,plate0_1_to_16-GAGCTTGCTATGGATC,212,0.08596,0.08596
PENN23_y1999_s048_d0,A/Madagascar/00003/2025_H1N1,plate0_1_to_16-GAGCTTGCTATGGATC,487,0.09661,0.09661
PENN23_y1999_s048_d0,A/Madagascar/00003/2025_H1N1,plate0_1_to_16-GAGCTTGCTATGGATC,1119,0.4401,0.4401
PENN23_y1999_s048_d0,A/Madagascar/00003/2025_H1N1,plate0_1_to_16-GAGCTTGCTATGGATC,2575,0.6335,0.6335
PENN23_y1999_s048_d0,A/Madagascar/00003/2025_H1N1,plate0_1_to_16-GAGCTTGCTATGGATC,5921,0.6323,0.6323
PENN23_y1999_s048_d0,A/Madagascar/00003/2025_H1N1,plate0_1_to_16-GAGCTTGCTATGGATC,1.362e+04,0.7832,0.7832
PENN23_y1999_s048_d0,A/Tambov/160-1V/2024_H1N1,plate0_1_to_16-GAGGGGATACGTCACC,40,0,0
PENN23_y1999_s048_d0,A/Tambov/160-1V/2024_H1N1,plate0_1_to_16-GAGGGGATACGTCACC,92,0.001411,0.001411
PENN23_y1999_s048_d0,A/Tambov/160-1V/2024_H1N1,plate0_1_to_16-GAGGGGATACGTCACC,212,0.07544,0.07544
PENN23_y1999_s048_d0,A/Tambov/160-1V/2024_H1N1,plate0_1_to_16-GAGGGGATACGTCACC,487,0.3813,0.3813
PENN23_y1999_s048_d0,A/Tambov/160-1V/2024_H1N1,plate0_1_to_16-GAGGGGATACGTCACC,1119,0.5648,0.5648
PENN23_y1999_s048_d0,A/Tambov/160-1V/2024_H1N1,plate0_1_to_16-GAGGGGATACGTCACC,2575,0.5162,0.5162
PENN23_y1999_s048_d0,A/Tambov/160-1V/2024_H1N1,plate0_1_to_16-GAGGGGATACGTCACC,5921,1.114,1
PENN23_y1999_s048_d0,A/Tambov/160-1V/2024_H1N1,plate0_1_to_16-GAGGGGATACGTCACC,1.362e+04,1.029,1
PENN23_y1999_s048_d0,A/Netherlands/01502/2025_H3N2,plate0_1_to_16-GAGGGGTAGAGATACG,40,0.3339,0.3339
PENN23_y1999_s048_d0,A/Netherlands/01502/2025_H3N2,plate0_1_to_16-GAGGGGTAGAGATACG,92,0.3918,0.3918
PENN23_y1999_s048_d0,A/Netherlands/01502/2025_H3N2,plate0_1_to_16-GAGGGGTAGAGATACG,212,0.4733,0.4733
PENN23_y1999_s048_d0,A/Netherlands/01502/2025_H3N2,plate0_1_to_16-GAGGGGTAGAGATACG,487,0.3844,0.3844
PENN23_y1999_s048_d0,A/Netherlands/01502/2025_H3N2,plate0_1_to_16-GAGGGGTAGAGATACG,1119,0.5125,0.5125
PENN23_y1999_s048_d0,A/Netherlands/01502/2025_H3N2,plate0_1_to_16-GAGGGGTAGAGATACG,2575,0.7713,0.7713
PENN23_y1999_s048_d0,A/Netherlands/01502/2025_H3N2,plate0_1_to_16-GAGGGGTAGAGATACG,5921,1.252,1
PENN23_y1999_s048_d0,A/Netherlands/01502/2025_H3N2,plate0_1_to_16-GAGGGGTAGAGATACG,1.362e+04,1.039,1
PENN23_y1999_s048_d0,A/Shanghai-Huangpu/SWL12109/2024_H1N1,plate0_1_to_16-GATCACGCAGAAAAAG,40,0.001411,0.001411
PENN23_y1999_s048_d0,A/Shanghai-Huangpu/SWL12109/2024_H1N1,plate0_1_to_16-GATCACGCAGAAAAAG,92,0.0002652,0.0002652
PENN23_y1999_s048_d0,A/Shanghai-Huangpu/SWL12109/2024_H1N1,plate0_1_to_16-GATCACGCAGAAAAAG,212,0.2276,0.2276
PENN23_y1999_s048_d0,A/Shanghai-Huangpu/SWL12109/2024_H1N1,plate0_1_to_16-GATCACGCAGAAAAAG,487,0.1687,0.1687
PENN23_y1999_s048_d0,A/Shanghai-Huangpu/SWL12109/2024_H1N1,plate0_1_to_16-GATCACGCAGAAAAAG,1119,0.3876,0.3876
PENN23_y1999_s048_d0,A/Shanghai-Huangpu/SWL12109/2024_H1N1,plate0_1_to_16-GATCACGCAGAAAAAG,2575,0.6439,0.6439
PENN23_y1999_s048_d0,A/Shanghai-Huangpu/SWL12109/2024_H1N1,plate0_1_to_16-GATCACGCAGAAAAAG,5921,0.8569,0.8569
PENN23_y1999_s048_d0,A/Shanghai-Huangpu/SWL12109/2024_H1N1,plate0_1_to_16-GATCACGCAGAAAAAG,1.362e+04,0.8997,0.8997
PENN23_y1999_s048_d0,A/New_York/39/2025_H3N2,plate0_1_to_16-GATCGCCATCGACTTC,40,0.09572,0.09572
PENN23_y1999_s048_d0,A/New_York/39/2025_H3N2,plate0_1_to_16-GATCGCCATCGACTTC,92,0.08446,0.08446
PENN23_y1999_s048_d0,A/New_York/39/2025_H3N2,plate0_1_to_16-GATCGCCATCGACTTC,212,0.7532,0.7532
PENN23_y1999_s048_d0,A/New_York/39/2025_H3N2,plate0_1_to_16-GATCGCCATCGACTTC,487,0.2485,0.2485
PENN23_y1999_s048_d0,A/New_York/39/2025_H3N2,plate0_1_to_16-GATCGCCATCGACTTC,1119,0.8198,0.8198
PENN23_y1999_s048_d0,A/New_York/39/2025_H3N2,plate0_1_to_16-GATCGCCATCGACTTC,2575,0.5403,0.5403
PENN23_y1999_s048_d0,A/New_York/39/2025_H3N2,plate0_1_to_16-GATCGCCATCGACTTC,5921,0.9706,0.9706
PENN23_y1999_s048_d0,A/New_York/39/2025_H3N2,plate0_1_to_16-GATCGCCATCGACTTC,1.362e+04,1.121,1
PENN23_y1999_s048_d0,A/New_York/191/2024_H3N2,plate0_1_to_16-GATCTTGGGGAGAGTC,40,0.07429,0.07429
PENN23_y1999_s048_d0,A/New_York/191/2024_H3N2,plate0_1_to_16-GATCTTGGGGAGAGTC,92,0.1063,0.1063
PENN23_y1999_s048_d0,A/New_York/191/2024_H3N2,plate0_1_to_16-GATCTTGGGGAGAGTC,212,0.7574,0.7574
PENN23_y1999_s048_d0,A/New_York/191/2024_H3N2,plate0_1_to_16-GATCTTGGGGAGAGTC,487,0.3101,0.3101
PENN23_y1999_s048_d0,A/New_York/191/2024_H3N2,plate0_1_to_16-GATCTTGGGGAGAGTC,1119,0.7559,0.7559
PENN23_y1999_s048_d0,A/New_York/191/2024_H3N2,plate0_1_to_16-GATCTTGGGGAGAGTC,2575,0.5875,0.5875
PENN23_y1999_s048_d0,A/New_York/191/2024_H3N2,plate0_1_to_16-GATCTTGGGGAGAGTC,5921,1.019,1
PENN23_y1999_s048_d0,A/New_York/191/2024_H3N2,plate0_1_to_16-GATCTTGGGGAGAGTC,1.362e+04,1.386,1
PENN23_y1999_s048_d0,A/Vladimir/RII-MH223382S/2024_H1N1,plate0_1_to_16-GATTCAGATGCCCACC,40,0,0
PENN23_y1999_s048_d0,A/Vladimir/RII-MH223382S/2024_H1N1,plate0_1_to_16-GATTCAGATGCCCACC,92,0.0002208,0.0002208
PENN23_y1999_s048_d0,A/Vladimir/RII-MH223382S/2024_H1N1,plate0_1_to_16-GATTCAGATGCCCACC,212,0.3403,0.3403
PENN23_y1999_s048_d0,A/Vladimir/RII-MH223382S/2024_H1N1,plate0_1_to_16-GATTCAGATGCCCACC,487,0.2543,0.2543
PENN23_y1999_s048_d0,A/Vladimir/RII-MH223382S/2024_H1N1,plate0_1_to_16-GATTCAGATGCCCACC,1119,0.5936,0.5936
PENN23_y1999_s048_d0,A/Vladimir/RII-MH223382S/2024_H1N1,plate0_1_to_16-GATTCAGATGCCCACC,2575,0.5987,0.5987
PENN23_y1999_s048_d0,A/Vladimir/RII-MH223382S/2024_H1N1,plate0_1_to_16-GATTCAGATGCCCACC,5921,1.048,1
PENN23_y1999_s048_d0,A/Vladimir/RII-MH223382S/2024_H1N1,plate0_1_to_16-GATTCAGATGCCCACC,1.362e+04,0.9608,0.9608
PENN23_y1999_s048_d0,A/France/ARA-RELAB-HCL025017178801/2025_H3N2,plate0_1_to_16-GCAAACAGTGTAGTTG,40,0.05558,0.05558
PENN23_y1999_s048_d0,A/France/ARA-RELAB-HCL025017178801/2025_H3N2,plate0_1_to_16-GCAAACAGTGTAGTTG,92,0.3447,0.3447
PENN23_y1999_s048_d0,A/France/ARA-RELAB-HCL025017178801/2025_H3N2,plate0_1_to_16-GCAAACAGTGTAGTTG,212,0.4346,0.4346
PENN23_y1999_s048_d0,A/France/ARA-RELAB-HCL025017178801/2025_H3N2,plate0_1_to_16-GCAAACAGTGTAGTTG,487,0.8996,0.8996
PENN23_y1999_s048_d0,A/France/ARA-RELAB-HCL025017178801/2025_H3N2,plate0_1_to_16-GCAAACAGTGTAGTTG,1119,0.7537,0.7537
PENN23_y1999_s048_d0,A/France/ARA-RELAB-HCL025017178801/2025_H3N2,plate0_1_to_16-GCAAACAGTGTAGTTG,2575,0.6147,0.6147
PENN23_y1999_s048_d0,A/France/ARA-RELAB-HCL025017178801/2025_H3N2,plate0_1_to_16-GCAAACAGTGTAGTTG,5921,0.5599,0.5599
PENN23_y1999_s048_d0,A/France/ARA-RELAB-HCL025017178801/2025_H3N2,plate0_1_to_16-GCAAACAGTGTAGTTG,1.362e+04,0.7424,0.7424
PENN23_y1999_s048_d0,A/Queensland/IN000684/2024_H1N1,plate0_1_to_16-GCAACAGTCCTAGCAA,40,0.004697,0.004697
PENN23_y1999_s048_d0,A/Queensland/IN000684/2024_H1N1,plate0_1_to_16-GCAACAGTCCTAGCAA,92,0,0
PENN23_y1999_s048_d0,A/Queensland/IN000684/2024_H1N1,plate0_1_to_16-GCAACAGTCCTAGCAA,212,0.03538,0.03538
PENN23_y1999_s048_d0,A/Queensland/IN000684/2024_H1N1,plate0_1_to_16-GCAACAGTCCTAGCAA,487,0.4498,0.4498
PENN23_y1999_s048_d0,A/Queensland/IN000684/2024_H1N1,plate0_1_to_16-GCAACAGTCCTAGCAA,1119,0.7543,0.7543
PENN23_y1999_s048_d0,A/Queensland/IN000684/2024_H1N1,plate0_1_to_16-GCAACAGTCCTAGCAA,2575,1.056,1
PENN23_y1999_s048_d0,A/Queensland/IN000684/2024_H1N1,plate0_1_to_16-GCAACAGTCCTAGCAA,5921,1.179,1
PENN23_y1999_s048_d0,A/Queensland/IN000684/2024_H1N1,plate0_1_to_16-GCAACAGTCCTAGCAA,1.362e+04,0.7386,0.7386
PENN23_y1999_s048_d0,A/Kansas/14/2017_H3N2,plate0_1_to_16-GCAACGAGGTGTAACC,40,0,0
PENN23_y1999_s048_d0,A/Kansas/14/2017_H3N2,plate0_1_to_16-GCAACGAGGTGTAACC,92,9.462e-05,9.462e-05
PENN23_y1999_s048_d0,A/Kansas/14/2017_H3N2,plate0_1_to_16-GCAACGAGGTGTAACC,212,0.1262,0.1262
PENN23_y1999_s048_d0,A/Kansas/14/2017_H3N2,plate0_1_to_16-GCAACGAGGTGTAACC,487,0.9373,0.9373
PENN23_y1999_s048_d0,A/Kansas/14/2017_H3N2,plate0_1_to_16-GCAACGAGGTGTAACC,1119,0.8322,0.8322
PENN23_y1999_s048_d0,A/Kansas/14/2017_H3N2,plate0_1_to_16-GCAACGAGGTGTAACC,2575,0.3902,0.3902
PENN23_y1999_s048_d0,A/Kansas/14/2017_H3N2,plate0_1_to_16-GCAACGAGGTGTAACC,5921,0.4094,0.4094
PENN23_y1999_s048_d0,A/Kansas/14/2017_H3N2,plate0_1_to_16-GCAACGAGGTGTAACC,1.362e+04,0.774,0.774
PENN23_y1999_s048_d0,A/Victoria/96/2025_H3N2,plate0_1_to_16-GCAGCGTGCCGGTCAT,40,0.1465,0.1465
PENN23_y1999_s048_d0,A/Victoria/96/2025_H3N2,plate0_1_to_16-GCAGCGTGCCGGTCAT,92,0.09306,0.09306
PENN23_y1999_s048_d0,A/Victoria/96/2025_H3N2,plate0_1_to_16-GCAGCGTGCCGGTCAT,212,0.5111,0.5111
PENN23_y1999_s048_d0,A/Victoria/96/2025_H3N2,plate0_1_to_16-GCAGCGTGCCGGTCAT,487,0.3198,0.3198
PENN23_y1999_s048_d0,A/Victoria/96/2025_H3N2,plate0_1_to_16-GCAGCGTGCCGGTCAT,1119,0.5841,0.5841
PENN23_y1999_s048_d0,A/Victoria/96/2025_H3N2,plate0_1_to_16-GCAGCGTGCCGGTCAT,2575,1.881,1
PENN23_y1999_s048_d0,A/Victoria/96/2025_H3N2,plate0_1_to_16-GCAGCGTGCCGGTCAT,5921,1.38,1
PENN23_y1999_s048_d0,A/Victoria/96/2025_H3N2,plate0_1_to_16-GCAGCGTGCCGGTCAT,1.362e+04,1.412,1
PENN23_y1999_s048_d0,A/Victoria/3480/2024_H3N2,plate0_1_to_16-GCATCCTCAACTCCTA,40,0.06053,0.06053
PENN23_y1999_s048_d0,A/Victoria/3480/2024_H3N2,plate0_1_to_16-GCATCCTCAACTCCTA,92,0.1771,0.1771
PENN23_y1999_s048_d0,A/Victoria/3480/2024_H3N2,plate0_1_to_16-GCATCCTCAACTCCTA,212,0.2887,0.2887
PENN23_y1999_s048_d0,A/Victoria/3480/2024_H3N2,plate0_1_to_16-GCATCCTCAACTCCTA,487,0.3748,0.3748
PENN23_y1999_s048_d0,A/Victoria/3480/2024_H3N2,plate0_1_to_16-GCATCCTCAACTCCTA,1119,0.576,0.576
PENN23_y1999_s048_d0,A/Victoria/3480/2024_H3N2,plate0_1_to_16-GCATCCTCAACTCCTA,2575,0.499,0.499
PENN23_y1999_s048_d0,A/Victoria/3480/2024_H3N2,plate0_1_to_16-GCATCCTCAACTCCTA,5921,0.7752,0.7752
PENN23_y1999_s048_d0,A/Victoria/3480/2024_H3N2,plate0_1_to_16-GCATCCTCAACTCCTA,1.362e+04,1.171,1
PENN23_y1999_s048_d0,A/Qinghai-Chengzhong/SWL1410/2024_H1N1,plate0_1_to_16-GCATGGAACTAACTCC,40,0.000421,0.000421
PENN23_y1999_s048_d0,A/Qinghai-Chengzhong/SWL1410/2024_H1N1,plate0_1_to_16-GCATGGAACTAACTCC,92,0.003033,0.003033
PENN23_y1999_s048_d0,A/Qinghai-Chengzhong/SWL1410/2024_H1N1,plate0_1_to_16-GCATGGAACTAACTCC,212,0.3951,0.3951
PENN23_y1999_s048_d0,A/Qinghai-Chengzhong/SWL1410/2024_H1N1,plate0_1_to_16-GCATGGAACTAACTCC,487,0.2912,0.2912
PENN23_y1999_s048_d0,A/Qinghai-Chengzhong/SWL1410/2024_H1N1,plate0_1_to_16-GCATGGAACTAACTCC,1119,0.7453,0.7453
PENN23_y1999_s048_d0,A/Qinghai-Chengzhong/SWL1410/2024_H1N1,plate0_1_to_16-GCATGGAACTAACTCC,2575,0.8284,0.8284
PENN23_y1999_s048_d0,A/Qinghai-Chengzhong/SWL1410/2024_H1N1,plate0_1_to_16-GCATGGAACTAACTCC,5921,0.9522,0.9522
PENN23_y1999_s048_d0,A/Qinghai-Chengzhong/SWL1410/2024_H1N1,plate0_1_to_16-GCATGGAACTAACTCC,1.362e+04,0.7214,0.7214
PENN23_y1999_s048_d0,A/Mato_Grosso_do_Sul/518/2025_H3N2,plate0_1_to_16-GCCATTTACTGAAGGG,40,0.02504,0.02504
PENN23_y1999_s048_d0,A/Mato_Grosso_do_Sul/518/2025_H3N2,plate0_1_to_16-GCCATTTACTGAAGGG,92,0.104,0.104
PENN23_y1999_s048_d0,A/Mato_Grosso_do_Sul/518/2025_H3N2,plate0_1_to_16-GCCATTTACTGAAGGG,212,1.487,1
PENN23_y1999_s048_d0,A/Mato_Grosso_do_Sul/518/2025_H3N2,plate0_1_to_16-GCCATTTACTGAAGGG,487,0.4615,0.4615
PENN23_y1999_s048_d0,A/Mato_Grosso_do_Sul/518/2025_H3N2,plate0_1_to_16-GCCATTTACTGAAGGG,1119,0.3553,0.3553
PENN23_y1999_s048_d0,A/Mato_Grosso_do_Sul/518/2025_H3N2,plate0_1_to_16-GCCATTTACTGAAGGG,2575,0.89,0.89
PENN23_y1999_s048_d0,A/Mato_Grosso_do_Sul/518/2025_H3N2,plate0_1_to_16-GCCATTTACTGAAGGG,5921,0.9454,0.9454
PENN23_y1999_s048_d0,A/Mato_Grosso_do_Sul/518/2025_H3N2,plate0_1_to_16-GCCATTTACTGAAGGG,1.362e+04,0.8495,0.8495
PENN23_y1999_s048_d0,A/Norway/12374/2023_H3N2,plate0_1_to_16-GCCGCTGCGGCGTGTG,40,0.05543,0.05543
PENN23_y1999_s048_d0,A/Norway/12374/2023_H3N2,plate0_1_to_16-GCCGCTGCGGCGTGTG,92,0.2867,0.2867
PENN23_y1999_s048_d0,A/Norway/12374/2023_H3N2,plate0_1_to_16-GCCGCTGCGGCGTGTG,212,0.8193,0.8193
PENN23_y1999_s048_d0,A/Norway/12374/2023_H3N2,plate0_1_to_16-GCCGCTGCGGCGTGTG,487,0.3881,0.3881
PENN23_y1999_s048_d0,A/Norway/12374/2023_H3N2,plate0_1_to_16-GCCGCTGCGGCGTGTG,1119,0.3494,0.3494
PENN23_y1999_s048_d0,A/Norway/12374/2023_H3N2,plate0_1_to_16-GCCGCTGCGGCGTGTG,2575,0.6058,0.6058
PENN23_y1999_s048_d0,A/Norway/12374/2023_H3N2,plate0_1_to_16-GCCGCTGCGGCGTGTG,5921,1.118,1
PENN23_y1999_s048_d0,A/Norway/12374/2023_H3N2,plate0_1_to_16-GCCGCTGCGGCGTGTG,1.362e+04,0.8531,0.8531
PENN23_y1999_s048_d0,A/Singapore/MOH0547/2024_H1N1,plate0_1_to_16-GCCGGCGTTAGTGTCA,40,0,0
PENN23_y1999_s048_d0,A/Singapore/MOH0547/2024_H1N1,plate0_1_to_16-GCCGGCGTTAGTGTCA,92,0.0004564,0.0004564
PENN23_y1999_s048_d0,A/Singapore/MOH0547/2024_H1N1,plate0_1_to_16-GCCGGCGTTAGTGTCA,212,0.05753,0.05753
PENN23_y1999_s048_d0,A/Singapore/MOH0547/2024_H1N1,plate0_1_to_16-GCCGGCGTTAGTGTCA,487,0.5014,0.5014
PENN23_y1999_s048_d0,A/Singapore/MOH0547/2024_H1N1,plate0_1_to_16-GCCGGCGTTAGTGTCA,1119,0.9105,0.9105
PENN23_y1999_s048_d0,A/Singapore/MOH0547/2024_H1N1,plate0_1_to_16-GCCGGCGTTAGTGTCA,2575,0.5985,0.5985
PENN23_y1999_s048_d0,A/Singapore/MOH0547/2024_H1N1,plate0_1_to_16-GCCGGCGTTAGTGTCA,5921,1.196,1
PENN23_y1999_s048_d0,A/Singapore/MOH0547/2024_H1N1,plate0_1_to_16-GCCGGCGTTAGTGTCA,1.362e+04,0.8459,0.8459
PENN23_y1999_s048_d0,A/Hawaii/ISC-1140/2025_H1N1,plate0_1_to_16-GCGAAGTTTCATAGCG,40,0.001193,0.001193
PENN23_y1999_s048_d0,A/Hawaii/ISC-1140/2025_H1N1,plate0_1_to_16-GCGAAGTTTCATAGCG,92,0.001343,0.001343
PENN23_y1999_s048_d0,A/Hawaii/ISC-1140/2025_H1N1,plate0_1_to_16-GCGAAGTTTCATAGCG,212,0.1171,0.1171
PENN23_y1999_s048_d0,A/Hawaii/ISC-1140/2025_H1N1,plate0_1_to_16-GCGAAGTTTCATAGCG,487,0.3035,0.3035
PENN23_y1999_s048_d0,A/Hawaii/ISC-1140/2025_H1N1,plate0_1_to_16-GCGAAGTTTCATAGCG,1119,0.5617,0.5617
PENN23_y1999_s048_d0,A/Hawaii/ISC-1140/2025_H1N1,plate0_1_to_16-GCGAAGTTTCATAGCG,2575,0.5323,0.5323
PENN23_y1999_s048_d0,A/Hawaii/ISC-1140/2025_H1N1,plate0_1_to_16-GCGAAGTTTCATAGCG,5921,1.201,1
PENN23_y1999_s048_d0,A/Hawaii/ISC-1140/2025_H1N1,plate0_1_to_16-GCGAAGTTTCATAGCG,1.362e+04,0.9841,0.9841
PENN23_y1999_s048_d0,A/HongKong/4801/2014egg_H3N2,plate0_1_to_16-GGTTAACTTTGGAAGC,40,0.0003667,0.0003667
PENN23_y1999_s048_d0,A/HongKong/4801/2014egg_H3N2,plate0_1_to_16-GGTTAACTTTGGAAGC,92,0,0
PENN23_y1999_s048_d0,A/HongKong/4801/2014egg_H3N2,plate0_1_to_16-GGTTAACTTTGGAAGC,212,0,0
PENN23_y1999_s048_d0,A/HongKong/4801/2014egg_H3N2,plate0_1_to_16-GGTTAACTTTGGAAGC,487,0.009347,0.009347
PENN23_y1999_s048_d0,A/HongKong/4801/2014egg_H3N2,plate0_1_to_16-GGTTAACTTTGGAAGC,1119,0.06779,0.06779
PENN23_y1999_s048_d0,A/HongKong/4801/2014egg_H3N2,plate0_1_to_16-GGTTAACTTTGGAAGC,2575,0.2052,0.2052
PENN23_y1999_s048_d0,A/HongKong/4801/2014egg_H3N2,plate0_1_to_16-GGTTAACTTTGGAAGC,5921,0.2658,0.2658
PENN23_y1999_s048_d0,A/HongKong/4801/2014egg_H3N2,plate0_1_to_16-GGTTAACTTTGGAAGC,1.362e+04,1.214,1
PENN23_y1999_s048_d0,A/Switzerland/860423897313/2023_H3N2,plate0_1_to_16-GTAAGCTTCATGGAGT,40,0.4808,0.4808
PENN23_y1999_s048_d0,A/Switzerland/860423897313/2023_H3N2,plate0_1_to_16-GTAAGCTTCATGGAGT,92,0.1761,0.1761
PENN23_y1999_s048_d0,A/Switzerland/860423897313/2023_H3N2,plate0_1_to_16-GTAAGCTTCATGGAGT,212,0.1359,0.1359
PENN23_y1999_s048_d0,A/Switzerland/860423897313/2023_H3N2,plate0_1_to_16-GTAAGCTTCATGGAGT,487,0.4823,0.4823
PENN23_y1999_s048_d0,A/Switzerland/860423897313/2023_H3N2,plate0_1_to_16-GTAAGCTTCATGGAGT,1119,1.376,1
PENN23_y1999_s048_d0,A/Switzerland/860423897313/2023_H3N2,plate0_1_to_16-GTAAGCTTCATGGAGT,2575,0.738,0.738
PENN23_y1999_s048_d0,A/Switzerland/860423897313/2023_H3N2,plate0_1_to_16-GTAAGCTTCATGGAGT,5921,1.372,1
PENN23_y1999_s048_d0,A/Switzerland/860423897313/2023_H3N2,plate0_1_to_16-GTAAGCTTCATGGAGT,1.362e+04,0.9176,0.9176
PENN23_y1999_s048_d0,A/Singapore/INFIMH-16-0019/2016X-307A_H3N2,plate0_1_to_16-GTAATTCGCATGCGGA,40,0,0
PENN23_y1999_s048_d0,A/Singapore/INFIMH-16-0019/2016X-307A_H3N2,plate0_1_to_16-GTAATTCGCATGCGGA,92,0.01753,0.01753
PENN23_y1999_s048_d0,A/Singapore/INFIMH-16-0019/2016X-307A_H3N2,plate0_1_to_16-GTAATTCGCATGCGGA,212,0.0002996,0.0002996
PENN23_y1999_s048_d0,A/Singapore/INFIMH-16-0019/2016X-307A_H3N2,plate0_1_to_16-GTAATTCGCATGCGGA,487,0.007003,0.007003
PENN23_y1999_s048_d0,A/Singapore/INFIMH-16-0019/2016X-307A_H3N2,plate0_1_to_16-GTAATTCGCATGCGGA,1119,0.0408,0.0408
PENN23_y1999_s048_d0,A/Singapore/INFIMH-16-0019/2016X-307A_H3N2,plate0_1_to_16-GTAATTCGCATGCGGA,2575,0.01989,0.01989
PENN23_y1999_s048_d0,A/Singapore/INFIMH-16-0019/2016X-307A_H3N2,plate0_1_to_16-GTAATTCGCATGCGGA,5921,0.2841,0.2841
PENN23_y1999_s048_d0,A/Singapore/INFIMH-16-0019/2016X-307A_H3N2,plate0_1_to_16-GTAATTCGCATGCGGA,1.362e+04,0.5529,0.5529
PENN23_y1999_s048_d0,A/Maldives/2132/2024_H1N1,plate0_1_to_16-GTACCCAGTTCCTGCG,40,3.269e-05,3.269e-05
PENN23_y1999_s048_d0,A/Maldives/2132/2024_H1N1,plate0_1_to_16-GTACCCAGTTCCTGCG,92,0.0001649,0.0001649
PENN23_y1999_s048_d0,A/Maldives/2132/2024_H1N1,plate0_1_to_16-GTACCCAGTTCCTGCG,212,0.06518,0.06518
PENN23_y1999_s048_d0,A/Maldives/2132/2024_H1N1,plate0_1_to_16-GTACCCAGTTCCTGCG,487,0.2075,0.2075
PENN23_y1999_s048_d0,A/Maldives/2132/2024_H1N1,plate0_1_to_16-GTACCCAGTTCCTGCG,1119,0.6353,0.6353
PENN23_y1999_s048_d0,A/Maldives/2132/2024_H1N1,plate0_1_to_16-GTACCCAGTTCCTGCG,2575,0.5814,0.5814
PENN23_y1999_s048_d0,A/Maldives/2132/2024_H1N1,plate0_1_to_16-GTACCCAGTTCCTGCG,5921,1.107,1
PENN23_y1999_s048_d0,A/Maldives/2132/2024_H1N1,plate0_1_to_16-GTACCCAGTTCCTGCG,1.362e+04,0.9639,0.9639
PENN23_y1999_s048_d0,A/Zacapa/FLU-012/2025_H1N1,plate0_1_to_16-GTAGAACTGCGGCCCC,40,0,0
PENN23_y1999_s048_d0,A/Zacapa/FLU-012/2025_H1N1,plate0_1_to_16-GTAGAACTGCGGCCCC,92,0,0
PENN23_y1999_s048_d0,A/Zacapa/FLU-012/2025_H1N1,plate0_1_to_16-GTAGAACTGCGGCCCC,212,0.08997,0.08997
PENN23_y1999_s048_d0,A/Zacapa/FLU-012/2025_H1N1,plate0_1_to_16-GTAGAACTGCGGCCCC,487,0.2498,0.2498
PENN23_y1999_s048_d0,A/Zacapa/FLU-012/2025_H1N1,plate0_1_to_16-GTAGAACTGCGGCCCC,1119,0.8756,0.8756
PENN23_y1999_s048_d0,A/Zacapa/FLU-012/2025_H1N1,plate0_1_to_16-GTAGAACTGCGGCCCC,2575,0.8082,0.8082
PENN23_y1999_s048_d0,A/Zacapa/FLU-012/2025_H1N1,plate0_1_to_16-GTAGAACTGCGGCCCC,5921,0.9003,0.9003
PENN23_y1999_s048_d0,A/Zacapa/FLU-012/2025_H1N1,plate0_1_to_16-GTAGAACTGCGGCCCC,1.362e+04,1.156,1
PENN23_y1999_s048_d0,A/Colombia/1851/2024_H3N2,plate0_1_to_16-GTAGATACTAGGACCA,40,0.1886,0.1886
PENN23_y1999_s048_d0,A/Colombia/1851/2024_H3N2,plate0_1_to_16-GTAGATACTAGGACCA,92,0.1177,0.1177
PENN23_y1999_s048_d0,A/Colombia/1851/2024_H3N2,plate0_1_to_16-GTAGATACTAGGACCA,212,0.2628,0.2628
PENN23_y1999_s048_d0,A/Colombia/1851/2024_H3N2,plate0_1_to_16-GTAGATACTAGGACCA,487,0.6529,0.6529
PENN23_y1999_s048_d0,A/Colombia/1851/2024_H3N2,plate0_1_to_16-GTAGATACTAGGACCA,1119,0.3856,0.3856
PENN23_y1999_s048_d0,A/Colombia/1851/2024_H3N2,plate0_1_to_16-GTAGATACTAGGACCA,2575,0.6646,0.6646
PENN23_y1999_s048_d0,A/Colombia/1851/2024_H3N2,plate0_1_to_16-GTAGATACTAGGACCA,5921,1.116,1
PENN23_y1999_s048_d0,A/Colombia/1851/2024_H3N2,plate0_1_to_16-GTAGATACTAGGACCA,1.362e+04,0.7669,0.7669
PENN23_y1999_s048_d0,A/Texas/ISC-1322/2025_H3N2,plate0_1_to_16-GTCAAGTTACGGATGG,40,0.02231,0.02231
PENN23_y1999_s048_d0,A/Texas/ISC-1322/2025_H3N2,plate0_1_to_16-GTCAAGTTACGGATGG,92,0.1322,0.1322
PENN23_y1999_s048_d0,A/Texas/ISC-1322/2025_H3N2,plate0_1_to_16-GTCAAGTTACGGATGG,212,0.424,0.424
PENN23_y1999_s048_d0,A/Texas/ISC-1322/2025_H3N2,plate0_1_to_16-GTCAAGTTACGGATGG,487,0.1672,0.1672
PENN23_y1999_s048_d0,A/Texas/ISC-1322/2025_H3N2,plate0_1_to_16-GTCAAGTTACGGATGG,1119,0.2966,0.2966
PENN23_y1999_s048_d0,A/Texas/ISC-1322/2025_H3N2,plate0_1_to_16-GTCAAGTTACGGATGG,2575,0.4457,0.4457
PENN23_y1999_s048_d0,A/Texas/ISC-1322/2025_H3N2,plate0_1_to_16-GTCAAGTTACGGATGG,5921,1.007,1
PENN23_y1999_s048_d0,A/Texas/ISC-1322/2025_H3N2,plate0_1_to_16-GTCAAGTTACGGATGG,1.362e+04,0.688,0.688
PENN23_y1999_s048_d0,A/Michigan/UM-10062100736/2025_H3N2,plate0_1_to_16-GTCCGTCAGCATAAAC,40,0.1035,0.1035
PENN23_y1999_s048_d0,A/Michigan/UM-10062100736/2025_H3N2,plate0_1_to_16-GTCCGTCAGCATAAAC,92,0.06544,0.06544
PENN23_y1999_s048_d0,A/Michigan/UM-10062100736/2025_H3N2,plate0_1_to_16-GTCCGTCAGCATAAAC,212,0.1806,0.1806
PENN23_y1999_s048_d0,A/Michigan/UM-10062100736/2025_H3N2,plate0_1_to_16-GTCCGTCAGCATAAAC,487,0.4697,0.4697
PENN23_y1999_s048_d0,A/Michigan/UM-10062100736/2025_H3N2,plate0_1_to_16-GTCCGTCAGCATAAAC,1119,0.723,0.723
PENN23_y1999_s048_d0,A/Michigan/UM-10062100736/2025_H3N2,plate0_1_to_16-GTCCGTCAGCATAAAC,2575,0.8639,0.8639
PENN23_y1999_s048_d0,A/Michigan/UM-10062100736/2025_H3N2,plate0_1_to_16-GTCCGTCAGCATAAAC,5921,0.8753,0.8753
PENN23_y1999_s048_d0,A/Michigan/UM-10062100736/2025_H3N2,plate0_1_to_16-GTCCGTCAGCATAAAC,1.362e+04,1.754,1
PENN23_y1999_s048_d0,A/Croatia/10136RV/2023-egg_H3N2,plate0_1_to_16-GTCGCCGCTAATCCGA,40,0.01947,0.01947
PENN23_y1999_s048_d0,A/Croatia/10136RV/2023-egg_H3N2,plate0_1_to_16-GTCGCCGCTAATCCGA,92,0.0822,0.0822
PENN23_y1999_s048_d0,A/Croatia/10136RV/2023-egg_H3N2,plate0_1_to_16-GTCGCCGCTAATCCGA,212,0.4904,0.4904
PENN23_y1999_s048_d0,A/Croatia/10136RV/2023-egg_H3N2,plate0_1_to_16-GTCGCCGCTAATCCGA,487,1.382,1
PENN23_y1999_s048_d0,A/Croatia/10136RV/2023-egg_H3N2,plate0_1_to_16-GTCGCCGCTAATCCGA,1119,0.7013,0.7013
PENN23_y1999_s048_d0,A/Croatia/10136RV/2023-egg_H3N2,plate0_1_to_16-GTCGCCGCTAATCCGA,2575,1.084,1
PENN23_y1999_s048_d0,A/Croatia/10136RV/2023-egg_H3N2,plate0_1_to_16-GTCGCCGCTAATCCGA,5921,0.5485,0.5485
PENN23_y1999_s048_d0,A/Croatia/10136RV/2023-egg_H3N2,plate0_1_to_16-GTCGCCGCTAATCCGA,1.362e+04,1.596,1
PENN23_y1999_s048_d0,A/Canberra/613/2024_H3N2,plate0_1_to_16-GTGAGCGAGAAAAGCA,40,0.07312,0.07312
PENN23_y1999_s048_d0,A/Canberra/613/2024_H3N2,plate0_1_to_16-GTGAGCGAGAAAAGCA,92,0.2412,0.2412
PENN23_y1999_s048_d0,A/Canberra/613/2024_H3N2,plate0_1_to_16-GTGAGCGAGAAAAGCA,212,0.2212,0.2212
PENN23_y1999_s048_d0,A/Canberra/613/2024_H3N2,plate0_1_to_16-GTGAGCGAGAAAAGCA,487,0.4369,0.4369
PENN23_y1999_s048_d0,A/Canberra/613/2024_H3N2,plate0_1_to_16-GTGAGCGAGAAAAGCA,1119,0.5344,0.5344
PENN23_y1999_s048_d0,A/Canberra/613/2024_H3N2,plate0_1_to_16-GTGAGCGAGAAAAGCA,2575,0.7679,0.7679
PENN23_y1999_s048_d0,A/Canberra/613/2024_H3N2,plate0_1_to_16-GTGAGCGAGAAAAGCA,5921,1.056,1
PENN23_y1999_s048_d0,A/Canberra/613/2024_H3N2,plate0_1_to_16-GTGAGCGAGAAAAGCA,1.362e+04,0.6703,0.6703
PENN23_y1999_s048_d0,A/Vermont/05/2025_H1N1,plate0_1_to_16-GTGCATCCTAGTGACG,40,0,0
PENN23_y1999_s048_d0,A/Vermont/05/2025_H1N1,plate0_1_to_16-GTGCATCCTAGTGACG,92,0.003581,0.003581
PENN23_y1999_s048_d0,A/Vermont/05/2025_H1N1,plate0_1_to_16-GTGCATCCTAGTGACG,212,0.0959,0.0959
PENN23_y1999_s048_d0,A/Vermont/05/2025_H1N1,plate0_1_to_16-GTGCATCCTAGTGACG,487,0.443,0.443
PENN23_y1999_s048_d0,A/Vermont/05/2025_H1N1,plate0_1_to_16-GTGCATCCTAGTGACG,1119,0.448,0.448
PENN23_y1999_s048_d0,A/Vermont/05/2025_H1N1,plate0_1_to_16-GTGCATCCTAGTGACG,2575,0.4911,0.4911
PENN23_y1999_s048_d0,A/Vermont/05/2025_H1N1,plate0_1_to_16-GTGCATCCTAGTGACG,5921,0.9266,0.9266
PENN23_y1999_s048_d0,A/Vermont/05/2025_H1N1,plate0_1_to_16-GTGCATCCTAGTGACG,1.362e+04,1.481,1
PENN23_y1999_s048_d0,A/Victoria/3599/2024_H1N1,plate0_1_to_16-GTGCGATTGTCCGGAA,40,0,0
PENN23_y1999_s048_d0,A/Victoria/3599/2024_H1N1,plate0_1_to_16-GTGCGATTGTCCGGAA,92,0.002713,0.002713
PENN23_y1999_s048_d0,A/Victoria/3599/2024_H1N1,plate0_1_to_16-GTGCGATTGTCCGGAA,212,0.1599,0.1599
PENN23_y1999_s048_d0,A/Victoria/3599/2024_H1N1,plate0_1_to_16-GTGCGATTGTCCGGAA,487,0.2737,0.2737
PENN23_y1999_s048_d0,A/Victoria/3599/2024_H1N1,plate0_1_to_16-GTGCGATTGTCCGGAA,1119,0.4017,0.4017
PENN23_y1999_s048_d0,A/Victoria/3599/2024_H1N1,plate0_1_to_16-GTGCGATTGTCCGGAA,2575,0.6994,0.6994
PENN23_y1999_s048_d0,A/Victoria/3599/2024_H1N1,plate0_1_to_16-GTGCGATTGTCCGGAA,5921,0.9975,0.9975
PENN23_y1999_s048_d0,A/Victoria/3599/2024_H1N1,plate0_1_to_16-GTGCGATTGTCCGGAA,1.362e+04,0.8928,0.8928
PENN23_y1999_s048_d0,A/Utah/39/2025_H1N1,plate0_1_to_16-GTGGTATCAAGCCGGG,40,0.001627,0.001627
PENN23_y1999_s048_d0,A/Utah/39/2025_H1N1,plate0_1_to_16-GTGGTATCAAGCCGGG,92,0.0003943,0.0003943
PENN23_y1999_s048_d0,A/Utah/39/2025_H1N1,plate0_1_to_16-GTGGTATCAAGCCGGG,212,0.06417,0.06417
PENN23_y1999_s048_d0,A/Utah/39/2025_H1N1,plate0_1_to_16-GTGGTATCAAGCCGGG,487,0.513,0.513
PENN23_y1999_s048_d0,A/Utah/39/2025_H1N1,plate0_1_to_16-GTGGTATCAAGCCGGG,1119,0.6607,0.6607
PENN23_y1999_s048_d0,A/Utah/39/2025_H1N1,plate0_1_to_16-GTGGTATCAAGCCGGG,2575,0.5425,0.5425
PENN23_y1999_s048_d0,A/Utah/39/2025_H1N1,plate0_1_to_16-GTGGTATCAAGCCGGG,5921,1.059,1
PENN23_y1999_s048_d0,A/Utah/39/2025_H1N1,plate0_1_to_16-GTGGTATCAAGCCGGG,1.362e+04,0.8543,0.8543
PENN23_y1999_s048_d0,A/Kentucky/57/2024_H3N2,plate0_1_to_16-GTTGCTCCGACACGCC,40,0.2026,0.2026
PENN23_y1999_s048_d0,A/Kentucky/57/2024_H3N2,plate0_1_to_16-GTTGCTCCGACACGCC,92,0.2743,0.2743
PENN23_y1999_s048_d0,A/Kentucky/57/2024_H3N2,plate0_1_to_16-GTTGCTCCGACACGCC,212,0.1971,0.1971
PENN23_y1999_s048_d0,A/Kentucky/57/2024_H3N2,plate0_1_to_16-GTTGCTCCGACACGCC,487,0.4702,0.4702
PENN23_y1999_s048_d0,A/Kentucky/57/2024_H3N2,plate0_1_to_16-GTTGCTCCGACACGCC,1119,1.12,1
PENN23_y1999_s048_d0,A/Kentucky/57/2024_H3N2,plate0_1_to_16-GTTGCTCCGACACGCC,2575,0.6009,0.6009
PENN23_y1999_s048_d0,A/Kentucky/57/2024_H3N2,plate0_1_to_16-GTTGCTCCGACACGCC,5921,1.065,1
PENN23_y1999_s048_d0,A/Kentucky/57/2024_H3N2,plate0_1_to_16-GTTGCTCCGACACGCC,1.362e+04,1.255,1
PENN23_y1999_s048_d0,A/HongKong/45/2019_H3N2,plate0_1_to_16-TAAAAAGCCTCCATGA,40,0.0003025,0.0003025
PENN23_y1999_s048_d0,A/HongKong/45/2019_H3N2,plate0_1_to_16-TAAAAAGCCTCCATGA,92,0.0004358,0.0004358
PENN23_y1999_s048_d0,A/HongKong/45/2019_H3N2,plate0_1_to_16-TAAAAAGCCTCCATGA,212,0.03266,0.03266
PENN23_y1999_s048_d0,A/HongKong/45/2019_H3N2,plate0_1_to_16-TAAAAAGCCTCCATGA,487,0.4122,0.4122
PENN23_y1999_s048_d0,A/HongKong/45/2019_H3N2,plate0_1_to_16-TAAAAAGCCTCCATGA,1119,0.7188,0.7188
PENN23_y1999_s048_d0,A/HongKong/45/2019_H3N2,plate0_1_to_16-TAAAAAGCCTCCATGA,2575,1.127,1
PENN23_y1999_s048_d0,A/HongKong/45/2019_H3N2,plate0_1_to_16-TAAAAAGCCTCCATGA,5921,1.511,1
PENN23_y1999_s048_d0,A/HongKong/45/2019_H3N2,plate0_1_to_16-TAAAAAGCCTCCATGA,1.362e+04,1.273,1
PENN23_y1999_s048_d0,A/Ulsan/492/2025_H1N1,plate0_1_to_16-TAACGTGATTTCTCGA,40,4.433e-05,4.433e-05
PENN23_y1999_s048_d0,A/Ulsan/492/2025_H1N1,plate0_1_to_16-TAACGTGATTTCTCGA,92,0.02871,0.02871
PENN23_y1999_s048_d0,A/Ulsan/492/2025_H1N1,plate0_1_to_16-TAACGTGATTTCTCGA,212,0.251,0.251
PENN23_y1999_s048_d0,A/Ulsan/492/2025_H1N1,plate0_1_to_16-TAACGTGATTTCTCGA,487,0.577,0.577
PENN23_y1999_s048_d0,A/Ulsan/492/2025_H1N1,plate0_1_to_16-TAACGTGATTTCTCGA,1119,1.112,1
PENN23_y1999_s048_d0,A/Ulsan/492/2025_H1N1,plate0_1_to_16-TAACGTGATTTCTCGA,2575,0.9321,0.9321
PENN23_y1999_s048_d0,A/Ulsan/492/2025_H1N1,plate0_1_to_16-TAACGTGATTTCTCGA,5921,1.237,1
PENN23_y1999_s048_d0,A/Ulsan/492/2025_H1N1,plate0_1_to_16-TAACGTGATTTCTCGA,1.362e+04,1.735,1
PENN23_y1999_s048_d0,A/Brisbane/02/2018_H1N1,plate0_1_to_16-TAATAAGCCAGCAAGA,40,0.0002875,0.0002875
PENN23_y1999_s048_d0,A/Brisbane/02/2018_H1N1,plate0_1_to_16-TAATAAGCCAGCAAGA,92,0.001065,0.001065
PENN23_y1999_s048_d0,A/Brisbane/02/2018_H1N1,plate0_1_to_16-TAATAAGCCAGCAAGA,212,0.004538,0.004538
PENN23_y1999_s048_d0,A/Brisbane/02/2018_H1N1,plate0_1_to_16-TAATAAGCCAGCAAGA,487,0.01281,0.01281
PENN23_y1999_s048_d0,A/Brisbane/02/2018_H1N1,plate0_1_to_16-TAATAAGCCAGCAAGA,1119,0.0577,0.0577
PENN23_y1999_s048_d0,A/Brisbane/02/2018_H1N1,plate0_1_to_16-TAATAAGCCAGCAAGA,2575,0.3135,0.3135
PENN23_y1999_s048_d0,A/Brisbane/02/2018_H1N1,plate0_1_to_16-TAATAAGCCAGCAAGA,5921,0.5494,0.5494
PENN23_y1999_s048_d0,A/Brisbane/02/2018_H1N1,plate0_1_to_16-TAATAAGCCAGCAAGA,1.362e+04,0.8838,0.8838
PENN23_y1999_s048_d0,A/Minnesota/131/2024_H1N1,plate0_1_to_16-TACAAGAGAGGGGTCC,40,0,0
PENN23_y1999_s048_d0,A/Minnesota/131/2024_H1N1,plate0_1_to_16-TACAAGAGAGGGGTCC,92,0.007655,0.007655
PENN23_y1999_s048_d0,A/Minnesota/131/2024_H1N1,plate0_1_to_16-TACAAGAGAGGGGTCC,212,0.07148,0.07148
PENN23_y1999_s048_d0,A/Minnesota/131/2024_H1N1,plate0_1_to_16-TACAAGAGAGGGGTCC,487,0.3447,0.3447
PENN23_y1999_s048_d0,A/Minnesota/131/2024_H1N1,plate0_1_to_16-TACAAGAGAGGGGTCC,1119,0.663,0.663
PENN23_y1999_s048_d0,A/Minnesota/131/2024_H1N1,plate0_1_to_16-TACAAGAGAGGGGTCC,2575,1.012,1
PENN23_y1999_s048_d0,A/Minnesota/131/2024_H1N1,plate0_1_to_16-TACAAGAGAGGGGTCC,5921,0.6523,0.6523
PENN23_y1999_s048_d0,A/Minnesota/131/2024_H1N1,plate0_1_to_16-TACAAGAGAGGGGTCC,1.362e+04,0.8879,0.8879
PENN23_y1999_s048_d0,A/Minnesota/126/2024_H3N2,plate0_1_to_16-TACATACCGACGCAGT,40,0.001831,0.001831
PENN23_y1999_s048_d0,A/Minnesota/126/2024_H3N2,plate0_1_to_16-TACATACCGACGCAGT,92,0.03042,0.03042
PENN23_y1999_s048_d0,A/Minnesota/126/2024_H3N2,plate0_1_to_16-TACATACCGACGCAGT,212,0.395,0.395
PENN23_y1999_s048_d0,A/Minnesota/126/2024_H3N2,plate0_1_to_16-TACATACCGACGCAGT,487,0.3815,0.3815
PENN23_y1999_s048_d0,A/Minnesota/126/2024_H3N2,plate0_1_to_16-TACATACCGACGCAGT,1119,0.2804,0.2804
PENN23_y1999_s048_d0,A/Minnesota/126/2024_H3N2,plate0_1_to_16-TACATACCGACGCAGT,2575,0.4569,0.4569
PENN23_y1999_s048_d0,A/Minnesota/126/2024_H3N2,plate0_1_to_16-TACATACCGACGCAGT,5921,0.616,0.616
PENN23_y1999_s048_d0,A/Minnesota/126/2024_H3N2,plate0_1_to_16-TACATACCGACGCAGT,1.362e+04,0.7301,0.7301
PENN23_y1999_s048_d0,A/Singapore/INFIMH-16-0019/2016_H3N2,plate0_1_to_16-TACCAATGTCATTTGA,40,4.982e-05,4.982e-05
PENN23_y1999_s048_d0,A/Singapore/INFIMH-16-0019/2016_H3N2,plate0_1_to_16-TACCAATGTCATTTGA,92,0.1866,0.1866
PENN23_y1999_s048_d0,A/Singapore/INFIMH-16-0019/2016_H3N2,plate0_1_to_16-TACCAATGTCATTTGA,212,0.1987,0.1987
PENN23_y1999_s048_d0,A/Singapore/INFIMH-16-0019/2016_H3N2,plate0_1_to_16-TACCAATGTCATTTGA,487,0.3343,0.3343
PENN23_y1999_s048_d0,A/Singapore/INFIMH-16-0019/2016_H3N2,plate0_1_to_16-TACCAATGTCATTTGA,1119,1.069,1
PENN23_y1999_s048_d0,A/Singapore/INFIMH-16-0019/2016_H3N2,plate0_1_to_16-TACCAATGTCATTTGA,2575,0.9652,0.9652
PENN23_y1999_s048_d0,A/Singapore/INFIMH-16-0019/2016_H3N2,plate0_1_to_16-TACCAATGTCATTTGA,5921,0.8347,0.8347
PENN23_y1999_s048_d0,A/Singapore/INFIMH-16-0019/2016_H3N2,plate0_1_to_16-TACCAATGTCATTTGA,1.362e+04,0.9489,0.9489
PENN23_y1999_s048_d0,A/Netherlands/10563/2023_H3N2,plate0_1_to_16-TACCTGCTGCGGAACG,40,0.1007,0.1007
PENN23_y1999_s048_d0,A/Netherlands/10563/2023_H3N2,plate0_1_to_16-TACCTGCTGCGGAACG,92,0.1559,0.1559
PENN23_y1999_s048_d0,A/Netherlands/10563/2023_H3N2,plate0_1_to_16-TACCTGCTGCGGAACG,212,0.2771,0.2771
PENN23_y1999_s048_d0,A/Netherlands/10563/2023_H3N2,plate0_1_to_16-TACCTGCTGCGGAACG,487,0.5002,0.5002
PENN23_y1999_s048_d0,A/Netherlands/10563/2023_H3N2,plate0_1_to_16-TACCTGCTGCGGAACG,1119,0.3808,0.3808
PENN23_y1999_s048_d0,A/Netherlands/10563/2023_H3N2,plate0_1_to_16-TACCTGCTGCGGAACG,2575,0.4469,0.4469
PENN23_y1999_s048_d0,A/Netherlands/10563/2023_H3N2,plate0_1_to_16-TACCTGCTGCGGAACG,5921,0.6873,0.6873
PENN23_y1999_s048_d0,A/Netherlands/10563/2023_H3N2,plate0_1_to_16-TACCTGCTGCGGAACG,1.362e+04,0.9276,0.9276
PENN23_y1999_s048_d0,A/BurkinaFaso/3131/2023_H3N2,plate0_1_to_16-TACTAATGCCGTTGTC,40,0.1486,0.1486
PENN23_y1999_s048_d0,A/BurkinaFaso/3131/2023_H3N2,plate0_1_to_16-TACTAATGCCGTTGTC,92,0.1163,0.1163
PENN23_y1999_s048_d0,A/BurkinaFaso/3131/2023_H3N2,plate0_1_to_16-TACTAATGCCGTTGTC,212,0.3634,0.3634
PENN23_y1999_s048_d0,A/BurkinaFaso/3131/2023_H3N2,plate0_1_to_16-TACTAATGCCGTTGTC,487,0.396,0.396
PENN23_y1999_s048_d0,A/BurkinaFaso/3131/2023_H3N2,plate0_1_to_16-TACTAATGCCGTTGTC,1119,0.4963,0.4963
PENN23_y1999_s048_d0,A/BurkinaFaso/3131/2023_H3N2,plate0_1_to_16-TACTAATGCCGTTGTC,2575,0.5693,0.5693
PENN23_y1999_s048_d0,A/BurkinaFaso/3131/2023_H3N2,plate0_1_to_16-TACTAATGCCGTTGTC,5921,1.235,1
PENN23_y1999_s048_d0,A/BurkinaFaso/3131/2023_H3N2,plate0_1_to_16-TACTAATGCCGTTGTC,1.362e+04,1.177,1
PENN23_y1999_s048_d0,A/Singapore/INFIMH-16-0019/2016_H3N2,plate0_1_to_16-TACTAGCAATAAAATC,40,0.0002069,0.0002069
PENN23_y1999_s048_d0,A/Singapore/INFIMH-16-0019/2016_H3N2,plate0_1_to_16-TACTAGCAATAAAATC,92,0.002831,0.002831
PENN23_y1999_s048_d0,A/Singapore/INFIMH-16-0019/2016_H3N2,plate0_1_to_16-TACTAGCAATAAAATC,212,0.04831,0.04831
PENN23_y1999_s048_d0,A/Singapore/INFIMH-16-0019/2016_H3N2,plate0_1_to_16-TACTAGCAATAAAATC,487,0.08148,0.08148
PENN23_y1999_s048_d0,A/Singapore/INFIMH-16-0019/2016_H3N2,plate0_1_to_16-TACTAGCAATAAAATC,1119,0.9636,0.9636
PENN23_y1999_s048_d0,A/Singapore/INFIMH-16-0019/2016_H3N2,plate0_1_to_16-TACTAGCAATAAAATC,2575,1.046,1
PENN23_y1999_s048_d0,A/Singapore/INFIMH-16-0019/2016_H3N2,plate0_1_to_16-TACTAGCAATAAAATC,5921,1.086,1
PENN23_y1999_s048_d0,A/Singapore/INFIMH-16-0019/2016_H3N2,plate0_1_to_16-TACTAGCAATAAAATC,1.362e+04,0.751,0.751
PENN23_y1999_s048_d0,A/Santa_Catarina/333/2025_H3N2,plate0_1_to_16-TACTGATAACCCTGCG,40,0.02265,0.02265
PENN23_y1999_s048_d0,A/Santa_Catarina/333/2025_H3N2,plate0_1_to_16-TACTGATAACCCTGCG,92,0.2847,0.2847
PENN23_y1999_s048_d0,A/Santa_Catarina/333/2025_H3N2,plate0_1_to_16-TACTGATAACCCTGCG,212,0.08325,0.08325
PENN23_y1999_s048_d0,A/Santa_Catarina/333/2025_H3N2,plate0_1_to_16-TACTGATAACCCTGCG,487,0.4967,0.4967
PENN23_y1999_s048_d0,A/Santa_Catarina/333/2025_H3N2,plate0_1_to_16-TACTGATAACCCTGCG,1119,0.4616,0.4616
PENN23_y1999_s048_d0,A/Santa_Catarina/333/2025_H3N2,plate0_1_to_16-TACTGATAACCCTGCG,2575,0.4441,0.4441
PENN23_y1999_s048_d0,A/Santa_Catarina/333/2025_H3N2,plate0_1_to_16-TACTGATAACCCTGCG,5921,0.6065,0.6065
PENN23_y1999_s048_d0,A/Santa_Catarina/333/2025_H3N2,plate0_1_to_16-TACTGATAACCCTGCG,1.362e+04,1.002,1
PENN23_y1999_s048_d0,A/Canberra/613/2024_H3N2,plate0_1_to_16-TAGCATTGTCGGAAAG,40,0.08434,0.08434
PENN23_y1999_s048_d0,A/Canberra/613/2024_H3N2,plate0_1_to_16-TAGCATTGTCGGAAAG,92,0.1541,0.1541
PENN23_y1999_s048_d0,A/Canberra/613/2024_H3N2,plate0_1_to_16-TAGCATTGTCGGAAAG,212,0.2966,0.2966
PENN23_y1999_s048_d0,A/Canberra/613/2024_H3N2,plate0_1_to_16-TAGCATTGTCGGAAAG,487,0.324,0.324
PENN23_y1999_s048_d0,A/Canberra/613/2024_H3N2,plate0_1_to_16-TAGCATTGTCGGAAAG,1119,0.8845,0.8845
PENN23_y1999_s048_d0,A/Canberra/613/2024_H3N2,plate0_1_to_16-TAGCATTGTCGGAAAG,2575,0.6151,0.6151
PENN23_y1999_s048_d0,A/Canberra/613/2024_H3N2,plate0_1_to_16-TAGCATTGTCGGAAAG,5921,0.8551,0.8551
PENN23_y1999_s048_d0,A/Canberra/613/2024_H3N2,plate0_1_to_16-TAGCATTGTCGGAAAG,1.362e+04,1.014,1
PENN23_y1999_s048_d0,A/Madagascar/00003/2025_H1N1,plate0_1_to_16-TAGCTGATAGTAACTC,40,0.002214,0.002214
PENN23_y1999_s048_d0,A/Madagascar/00003/2025_H1N1,plate0_1_to_16-TAGCTGATAGTAACTC,92,0.002357,0.002357
PENN23_y1999_s048_d0,A/Madagascar/00003/2025_H1N1,plate0_1_to_16-TAGCTGATAGTAACTC,212,0.03565,0.03565
PENN23_y1999_s048_d0,A/Madagascar/00003/2025_H1N1,plate0_1_to_16-TAGCTGATAGTAACTC,487,0.2001,0.2001
PENN23_y1999_s048_d0,A/Madagascar/00003/2025_H1N1,plate0_1_to_16-TAGCTGATAGTAACTC,1119,0.4043,0.4043
PENN23_y1999_s048_d0,A/Madagascar/00003/2025_H1N1,plate0_1_to_16-TAGCTGATAGTAACTC,2575,0.6269,0.6269
PENN23_y1999_s048_d0,A/Madagascar/00003/2025_H1N1,plate0_1_to_16-TAGCTGATAGTAACTC,5921,0.7724,0.7724
PENN23_y1999_s048_d0,A/Madagascar/00003/2025_H1N1,plate0_1_to_16-TAGCTGATAGTAACTC,1.362e+04,0.7913,0.7913
PENN23_y1999_s048_d0,A/Kansas/14/2017_H3N2,plate0_1_to_16-TATACTCACGGAGGAT,40,0,0
PENN23_y1999_s048_d0,A/Kansas/14/2017_H3N2,plate0_1_to_16-TATACTCACGGAGGAT,92,0,0
PENN23_y1999_s048_d0,A/Kansas/14/2017_H3N2,plate0_1_to_16-TATACTCACGGAGGAT,212,0.002366,0.002366
PENN23_y1999_s048_d0,A/Kansas/14/2017_H3N2,plate0_1_to_16-TATACTCACGGAGGAT,487,0.5967,0.5967
PENN23_y1999_s048_d0,A/Kansas/14/2017_H3N2,plate0_1_to_16-TATACTCACGGAGGAT,1119,0.09745,0.09745
PENN23_y1999_s048_d0,A/Kansas/14/2017_H3N2,plate0_1_to_16-TATACTCACGGAGGAT,2575,0.3975,0.3975
PENN23_y1999_s048_d0,A/Kansas/14/2017_H3N2,plate0_1_to_16-TATACTCACGGAGGAT,5921,0.9393,0.9393
PENN23_y1999_s048_d0,A/Kansas/14/2017_H3N2,plate0_1_to_16-TATACTCACGGAGGAT,1.362e+04,1.67,1
PENN23_y1999_s048_d0,A/Wisconsin/588/2019_H1N1,plate0_1_to_16-TATATTAGTAACATAA,40,0,0
PENN23_y1999_s048_d0,A/Wisconsin/588/2019_H1N1,plate0_1_to_16-TATATTAGTAACATAA,92,0,0
PENN23_y1999_s048_d0,A/Wisconsin/588/2019_H1N1,plate0_1_to_16-TATATTAGTAACATAA,212,0.0006015,0.0006015
PENN23_y1999_s048_d0,A/Wisconsin/588/2019_H1N1,plate0_1_to_16-TATATTAGTAACATAA,487,0.09954,0.09954
PENN23_y1999_s048_d0,A/Wisconsin/588/2019_H1N1,plate0_1_to_16-TATATTAGTAACATAA,1119,0.3532,0.3532
PENN23_y1999_s048_d0,A/Wisconsin/588/2019_H1N1,plate0_1_to_16-TATATTAGTAACATAA,2575,0.5434,0.5434
PENN23_y1999_s048_d0,A/Wisconsin/588/2019_H1N1,plate0_1_to_16-TATATTAGTAACATAA,5921,0.5556,0.5556
PENN23_y1999_s048_d0,A/Wisconsin/588/2019_H1N1,plate0_1_to_16-TATATTAGTAACATAA,1.362e+04,0.9385,0.9385
PENN23_y1999_s048_d0,A/HongKong/45/2019_H3N2,plate0_1_to_16-TATCCAAGGGACGGAC,40,0,0
PENN23_y1999_s048_d0,A/HongKong/45/2019_H3N2,plate0_1_to_16-TATCCAAGGGACGGAC,92,0.005348,0.005348
PENN23_y1999_s048_d0,A/HongKong/45/2019_H3N2,plate0_1_to_16-TATCCAAGGGACGGAC,212,0.3,0.3
PENN23_y1999_s048_d0,A/HongKong/45/2019_H3N2,plate0_1_to_16-TATCCAAGGGACGGAC,487,0.3111,0.3111
PENN23_y1999_s048_d0,A/HongKong/45/2019_H3N2,plate0_1_to_16-TATCCAAGGGACGGAC,1119,0.7837,0.7837
PENN23_y1999_s048_d0,A/HongKong/45/2019_H3N2,plate0_1_to_16-TATCCAAGGGACGGAC,2575,0.5014,0.5014
PENN23_y1999_s048_d0,A/HongKong/45/2019_H3N2,plate0_1_to_16-TATCCAAGGGACGGAC,5921,1.11,1
PENN23_y1999_s048_d0,A/HongKong/45/2019_H3N2,plate0_1_to_16-TATCCAAGGGACGGAC,1.362e+04,1.316,1
PENN23_y1999_s048_d0,A/Queensland/IN000803/2024_H3N2,plate0_1_to_16-TATGTCGTATCCACAG,40,0.1501,0.1501
PENN23_y1999_s048_d0,A/Queensland/IN000803/2024_H3N2,plate0_1_to_16-TATGTCGTATCCACAG,92,0.2884,0.2884
PENN23_y1999_s048_d0,A/Queensland/IN000803/2024_H3N2,plate0_1_to_16-TATGTCGTATCCACAG,212,0.2421,0.2421
PENN23_y1999_s048_d0,A/Queensland/IN000803/2024_H3N2,plate0_1_to_16-TATGTCGTATCCACAG,487,0.26,0.26
PENN23_y1999_s048_d0,A/Queensland/IN000803/2024_H3N2,plate0_1_to_16-TATGTCGTATCCACAG,1119,0.7272,0.7272
PENN23_y1999_s048_d0,A/Queensland/IN000803/2024_H3N2,plate0_1_to_16-TATGTCGTATCCACAG,2575,0.5812,0.5812
PENN23_y1999_s048_d0,A/Queensland/IN000803/2024_H3N2,plate0_1_to_16-TATGTCGTATCCACAG,5921,0.9468,0.9468
PENN23_y1999_s048_d0,A/Queensland/IN000803/2024_H3N2,plate0_1_to_16-TATGTCGTATCCACAG,1.362e+04,1.122,1
PENN23_y1999_s048_d0,A/Illinois/65/2024_H1N1,plate0_1_to_16-TATTAAGAGAAGTGCG,40,0.001228,0.001228
PENN23_y1999_s048_d0,A/Illinois/65/2024_H1N1,plate0_1_to_16-TATTAAGAGAAGTGCG,92,7.69e-05,7.69e-05
PENN23_y1999_s048_d0,A/Illinois/65/2024_H1N1,plate0_1_to_16-TATTAAGAGAAGTGCG,212,0.03605,0.03605
PENN23_y1999_s048_d0,A/Illinois/65/2024_H1N1,plate0_1_to_16-TATTAAGAGAAGTGCG,487,0.2214,0.2214
PENN23_y1999_s048_d0,A/Illinois/65/2024_H1N1,plate0_1_to_16-TATTAAGAGAAGTGCG,1119,0.4612,0.4612
PENN23_y1999_s048_d0,A/Illinois/65/2024_H1N1,plate0_1_to_16-TATTAAGAGAAGTGCG,2575,0.5294,0.5294
PENN23_y1999_s048_d0,A/Illinois/65/2024_H1N1,plate0_1_to_16-TATTAAGAGAAGTGCG,5921,0.8036,0.8036
PENN23_y1999_s048_d0,A/Illinois/65/2024_H1N1,plate0_1_to_16-TATTAAGAGAAGTGCG,1.362e+04,0.8458,0.8458
PENN23_y1999_s048_d0,A/Sao_Paulo/358026766-IAL/2024_H3N2,plate0_1_to_16-TATTCCTAACTAGCGA,40,0.1523,0.1523
PENN23_y1999_s048_d0,A/Sao_Paulo/358026766-IAL/2024_H3N2,plate0_1_to_16-TATTCCTAACTAGCGA,92,0.2446,0.2446
PENN23_y1999_s048_d0,A/Sao_Paulo/358026766-IAL/2024_H3N2,plate0_1_to_16-TATTCCTAACTAGCGA,212,0.6164,0.6164
PENN23_y1999_s048_d0,A/Sao_Paulo/358026766-IAL/2024_H3N2,plate0_1_to_16-TATTCCTAACTAGCGA,487,0.3329,0.3329
PENN23_y1999_s048_d0,A/Sao_Paulo/358026766-IAL/2024_H3N2,plate0_1_to_16-TATTCCTAACTAGCGA,1119,0.3044,0.3044
PENN23_y1999_s048_d0,A/Sao_Paulo/358026766-IAL/2024_H3N2,plate0_1_to_16-TATTCCTAACTAGCGA,2575,0.4739,0.4739
PENN23_y1999_s048_d0,A/Sao_Paulo/358026766-IAL/2024_H3N2,plate0_1_to_16-TATTCCTAACTAGCGA,5921,1.473,1
PENN23_y1999_s048_d0,A/Sao_Paulo/358026766-IAL/2024_H3N2,plate0_1_to_16-TATTCCTAACTAGCGA,1.362e+04,1.147,1
PENN23_y1999_s048_d0,A/Wisconsin/NIRC-IS-1028/2024_H3N2,plate0_1_to_16-TCAATCGGGGGCTAAA,40,0.05305,0.05305
PENN23_y1999_s048_d0,A/Wisconsin/NIRC-IS-1028/2024_H3N2,plate0_1_to_16-TCAATCGGGGGCTAAA,92,0.4638,0.4638
PENN23_y1999_s048_d0,A/Wisconsin/NIRC-IS-1028/2024_H3N2,plate0_1_to_16-TCAATCGGGGGCTAAA,212,0.5758,0.5758
PENN23_y1999_s048_d0,A/Wisconsin/NIRC-IS-1028/2024_H3N2,plate0_1_to_16-TCAATCGGGGGCTAAA,487,0.5141,0.5141
PENN23_y1999_s048_d0,A/Wisconsin/NIRC-IS-1028/2024_H3N2,plate0_1_to_16-TCAATCGGGGGCTAAA,1119,0.2402,0.2402
PENN23_y1999_s048_d0,A/Wisconsin/NIRC-IS-1028/2024_H3N2,plate0_1_to_16-TCAATCGGGGGCTAAA,2575,0.8012,0.8012
PENN23_y1999_s048_d0,A/Wisconsin/NIRC-IS-1028/2024_H3N2,plate0_1_to_16-TCAATCGGGGGCTAAA,5921,0.7284,0.7284
PENN23_y1999_s048_d0,A/Wisconsin/NIRC-IS-1028/2024_H3N2,plate0_1_to_16-TCAATCGGGGGCTAAA,1.362e+04,0.7663,0.7663
PENN23_y1999_s048_d0,A/Michigan/UM-10062069629/2025_H3N2,plate0_1_to_16-TCATGGGTGTACGAGA,40,0.06301,0.06301
PENN23_y1999_s048_d0,A/Michigan/UM-10062069629/2025_H3N2,plate0_1_to_16-TCATGGGTGTACGAGA,92,0.1583,0.1583
PENN23_y1999_s048_d0,A/Michigan/UM-10062069629/2025_H3N2,plate0_1_to_16-TCATGGGTGTACGAGA,212,0.3733,0.3733
PENN23_y1999_s048_d0,A/Michigan/UM-10062069629/2025_H3N2,plate0_1_to_16-TCATGGGTGTACGAGA,487,0.6493,0.6493
PENN23_y1999_s048_d0,A/Michigan/UM-10062069629/2025_H3N2,plate0_1_to_16-TCATGGGTGTACGAGA,1119,0.8532,0.8532
PENN23_y1999_s048_d0,A/Michigan/UM-10062069629/2025_H3N2,plate0_1_to_16-TCATGGGTGTACGAGA,2575,0.5517,0.5517
PENN23_y1999_s048_d0,A/Michigan/UM-10062069629/2025_H3N2,plate0_1_to_16-TCATGGGTGTACGAGA,5921,1.005,1
PENN23_y1999_s048_d0,A/Michigan/UM-10062069629/2025_H3N2,plate0_1_to_16-TCATGGGTGTACGAGA,1.362e+04,1.048,1
PENN23_y1999_s048_d0,A/Massachusetts/18/2022_H3N2,plate0_1_to_16-TCCACACCCCTAGCTA,40,0.002744,0.002744
PENN23_y1999_s048_d0,A/Massachusetts/18/2022_H3N2,plate0_1_to_16-TCCACACCCCTAGCTA,92,0.195,0.195
PENN23_y1999_s048_d0,A/Massachusetts/18/2022_H3N2,plate0_1_to_16-TCCACACCCCTAGCTA,212,0.1026,0.1026
PENN23_y1999_s048_d0,A/Massachusetts/18/2022_H3N2,plate0_1_to_16-TCCACACCCCTAGCTA,487,0.08415,0.08415
PENN23_y1999_s048_d0,A/Massachusetts/18/2022_H3N2,plate0_1_to_16-TCCACACCCCTAGCTA,1119,0.1165,0.1165
PENN23_y1999_s048_d0,A/Massachusetts/18/2022_H3N2,plate0_1_to_16-TCCACACCCCTAGCTA,2575,0.6317,0.6317
PENN23_y1999_s048_d0,A/Massachusetts/18/2022_H3N2,plate0_1_to_16-TCCACACCCCTAGCTA,5921,0.4609,0.4609
PENN23_y1999_s048_d0,A/Massachusetts/18/2022_H3N2,plate0_1_to_16-TCCACACCCCTAGCTA,1.362e+04,1.003,1
PENN23_y1999_s048_d0,A/Queensland/IN000692/2024_H3N2,plate0_1_to_16-TCCAGCGCGGTAAGAG,40,0.1311,0.1311
PENN23_y1999_s048_d0,A/Queensland/IN000692/2024_H3N2,plate0_1_to_16-TCCAGCGCGGTAAGAG,92,0.1478,0.1478
PENN23_y1999_s048_d0,A/Queensland/IN000692/2024_H3N2,plate0_1_to_16-TCCAGCGCGGTAAGAG,212,0.34,0.34
PENN23_y1999_s048_d0,A/Queensland/IN000692/2024_H3N2,plate0_1_to_16-TCCAGCGCGGTAAGAG,487,0.347,0.347
PENN23_y1999_s048_d0,A/Queensland/IN000692/2024_H3N2,plate0_1_to_16-TCCAGCGCGGTAAGAG,1119,0.4926,0.4926
PENN23_y1999_s048_d0,A/Queensland/IN000692/2024_H3N2,plate0_1_to_16-TCCAGCGCGGTAAGAG,2575,0.6469,0.6469
PENN23_y1999_s048_d0,A/Queensland/IN000692/2024_H3N2,plate0_1_to_16-TCCAGCGCGGTAAGAG,5921,0.8467,0.8467
PENN23_y1999_s048_d0,A/Queensland/IN000692/2024_H3N2,plate0_1_to_16-TCCAGCGCGGTAAGAG,1.362e+04,0.8716,0.8716
PENN23_y1999_s048_d0,A/Texas/50/2012X-223A_H3N2,plate0_1_to_16-TCCCCGTGGTTTGACA,40,0,0
PENN23_y1999_s048_d0,A/Texas/50/2012X-223A_H3N2,plate0_1_to_16-TCCCCGTGGTTTGACA,92,0,0
PENN23_y1999_s048_d0,A/Texas/50/2012X-223A_H3N2,plate0_1_to_16-TCCCCGTGGTTTGACA,212,0,0
PENN23_y1999_s048_d0,A/Texas/50/2012X-223A_H3N2,plate0_1_to_16-TCCCCGTGGTTTGACA,487,0.003715,0.003715
PENN23_y1999_s048_d0,A/Texas/50/2012X-223A_H3N2,plate0_1_to_16-TCCCCGTGGTTTGACA,1119,0.05334,0.05334
PENN23_y1999_s048_d0,A/Texas/50/2012X-223A_H3N2,plate0_1_to_16-TCCCCGTGGTTTGACA,2575,0.1031,0.1031
PENN23_y1999_s048_d0,A/Texas/50/2012X-223A_H3N2,plate0_1_to_16-TCCCCGTGGTTTGACA,5921,0.4084,0.4084
PENN23_y1999_s048_d0,A/Texas/50/2012X-223A_H3N2,plate0_1_to_16-TCCCCGTGGTTTGACA,1.362e+04,1.141,1
PENN23_y1999_s048_d0,A/Oregon/261/2024_H1N1,plate0_1_to_16-TCGAACGAAGTAGGAG,40,0.0008379,0.0008379
PENN23_y1999_s048_d0,A/Oregon/261/2024_H1N1,plate0_1_to_16-TCGAACGAAGTAGGAG,92,0.008485,0.008485
PENN23_y1999_s048_d0,A/Oregon/261/2024_H1N1,plate0_1_to_16-TCGAACGAAGTAGGAG,212,0.3635,0.3635
PENN23_y1999_s048_d0,A/Oregon/261/2024_H1N1,plate0_1_to_16-TCGAACGAAGTAGGAG,487,0.4944,0.4944
PENN23_y1999_s048_d0,A/Oregon/261/2024_H1N1,plate0_1_to_16-TCGAACGAAGTAGGAG,1119,1.039,1
PENN23_y1999_s048_d0,A/Oregon/261/2024_H1N1,plate0_1_to_16-TCGAACGAAGTAGGAG,2575,0.7077,0.7077
PENN23_y1999_s048_d0,A/Oregon/261/2024_H1N1,plate0_1_to_16-TCGAACGAAGTAGGAG,5921,0.9522,0.9522
PENN23_y1999_s048_d0,A/Oregon/261/2024_H1N1,plate0_1_to_16-TCGAACGAAGTAGGAG,1.362e+04,0.9523,0.9523
PENN23_y1999_s048_d0,A/Ulsan/492/2025_H1N1,plate0_1_to_16-TCGAGTTAATATGCGC,40,0,0
PENN23_y1999_s048_d0,A/Ulsan/492/2025_H1N1,plate0_1_to_16-TCGAGTTAATATGCGC,92,0.005104,0.005104
PENN23_y1999_s048_d0,A/Ulsan/492/2025_H1N1,plate0_1_to_16-TCGAGTTAATATGCGC,212,0.3707,0.3707
PENN23_y1999_s048_d0,A/Ulsan/492/2025_H1N1,plate0_1_to_16-TCGAGTTAATATGCGC,487,0.8091,0.8091
PENN23_y1999_s048_d0,A/Ulsan/492/2025_H1N1,plate0_1_to_16-TCGAGTTAATATGCGC,1119,2.233,1
PENN23_y1999_s048_d0,A/Ulsan/492/2025_H1N1,plate0_1_to_16-TCGAGTTAATATGCGC,2575,0.8954,0.8954
PENN23_y1999_s048_d0,A/Ulsan/492/2025_H1N1,plate0_1_to_16-TCGAGTTAATATGCGC,5921,1.097,1
PENN23_y1999_s048_d0,A/Ulsan/492/2025_H1N1,plate0_1_to_16-TCGAGTTAATATGCGC,1.362e+04,0.8542,0.8542
PENN23_y1999_s048_d0,A/Switzerland/9715293/2013_H3N2,plate0_1_to_16-TCGATTACTAGCCGGA,40,0.001409,0.001409
PENN23_y1999_s048_d0,A/Switzerland/9715293/2013_H3N2,plate0_1_to_16-TCGATTACTAGCCGGA,92,0.05866,0.05866
PENN23_y1999_s048_d0,A/Switzerland/9715293/2013_H3N2,plate0_1_to_16-TCGATTACTAGCCGGA,212,0.0792,0.0792
PENN23_y1999_s048_d0,A/Switzerland/9715293/2013_H3N2,plate0_1_to_16-TCGATTACTAGCCGGA,487,0.2078,0.2078
PENN23_y1999_s048_d0,A/Switzerland/9715293/2013_H3N2,plate0_1_to_16-TCGATTACTAGCCGGA,1119,0.4223,0.4223
PENN23_y1999_s048_d0,A/Switzerland/9715293/2013_H3N2,plate0_1_to_16-TCGATTACTAGCCGGA,2575,0.396,0.396
PENN23_y1999_s048_d0,A/Switzerland/9715293/2013_H3N2,plate0_1_to_16-TCGATTACTAGCCGGA,5921,0.5969,0.5969
PENN23_y1999_s048_d0,A/Switzerland/9715293/2013_H3N2,plate0_1_to_16-TCGATTACTAGCCGGA,1.362e+04,0.9145,0.9145
PENN23_y1999_s048_d0,A/Illinois/65/2024_H1N1,plate0_1_to_16-TCGCTTCAACTAAAAA,40,0,0
PENN23_y1999_s048_d0,A/Illinois/65/2024_H1N1,plate0_1_to_16-TCGCTTCAACTAAAAA,92,0.0009363,0.0009363
PENN23_y1999_s048_d0,A/Illinois/65/2024_H1N1,plate0_1_to_16-TCGCTTCAACTAAAAA,212,0.09313,0.09313
PENN23_y1999_s048_d0,A/Illinois/65/2024_H1N1,plate0_1_to_16-TCGCTTCAACTAAAAA,487,0.225,0.225
PENN23_y1999_s048_d0,A/Illinois/65/2024_H1N1,plate0_1_to_16-TCGCTTCAACTAAAAA,1119,0.5346,0.5346
PENN23_y1999_s048_d0,A/Illinois/65/2024_H1N1,plate0_1_to_16-TCGCTTCAACTAAAAA,2575,0.8523,0.8523
PENN23_y1999_s048_d0,A/Illinois/65/2024_H1N1,plate0_1_to_16-TCGCTTCAACTAAAAA,5921,1.25,1
PENN23_y1999_s048_d0,A/Illinois/65/2024_H1N1,plate0_1_to_16-TCGCTTCAACTAAAAA,1.362e+04,1.265,1
PENN23_y1999_s048_d0,A/Kentucky/57/2024_H3N2,plate0_1_to_16-TCGTCCGTTGGGAACT,40,0.04065,0.04065
PENN23_y1999_s048_d0,A/Kentucky/57/2024_H3N2,plate0_1_to_16-TCGTCCGTTGGGAACT,92,0.1811,0.1811
PENN23_y1999_s048_d0,A/Kentucky/57/2024_H3N2,plate0_1_to_16-TCGTCCGTTGGGAACT,212,0.2381,0.2381
PENN23_y1999_s048_d0,A/Kentucky/57/2024_H3N2,plate0_1_to_16-TCGTCCGTTGGGAACT,487,0.3759,0.3759
PENN23_y1999_s048_d0,A/Kentucky/57/2024_H3N2,plate0_1_to_16-TCGTCCGTTGGGAACT,1119,0.6027,0.6027
PENN23_y1999_s048_d0,A/Kentucky/57/2024_H3N2,plate0_1_to_16-TCGTCCGTTGGGAACT,2575,0.7796,0.7796
PENN23_y1999_s048_d0,A/Kentucky/57/2024_H3N2,plate0_1_to_16-TCGTCCGTTGGGAACT,5921,1.647,1
PENN23_y1999_s048_d0,A/Kentucky/57/2024_H3N2,plate0_1_to_16-TCGTCCGTTGGGAACT,1.362e+04,0.7565,0.7565
PENN23_y1999_s048_d0,A/Santa_Catarina/333/2025_H3N2,plate0_1_to_16-TCGTCGCACTACTGCT,40,0.037,0.037
PENN23_y1999_s048_d0,A/Santa_Catarina/333/2025_H3N2,plate0_1_to_16-TCGTCGCACTACTGCT,92,0.2388,0.2388
PENN23_y1999_s048_d0,A/Santa_Catarina/333/2025_H3N2,plate0_1_to_16-TCGTCGCACTACTGCT,212,0.3889,0.3889
PENN23_y1999_s048_d0,A/Santa_Catarina/333/2025_H3N2,plate0_1_to_16-TCGTCGCACTACTGCT,487,0.3564,0.3564
PENN23_y1999_s048_d0,A/Santa_Catarina/333/2025_H3N2,plate0_1_to_16-TCGTCGCACTACTGCT,1119,0.6814,0.6814
PENN23_y1999_s048_d0,A/Santa_Catarina/333/2025_H3N2,plate0_1_to_16-TCGTCGCACTACTGCT,2575,1.177,1
PENN23_y1999_s048_d0,A/Santa_Catarina/333/2025_H3N2,plate0_1_to_16-TCGTCGCACTACTGCT,5921,1.016,1
PENN23_y1999_s048_d0,A/Santa_Catarina/333/2025_H3N2,plate0_1_to_16-TCGTCGCACTACTGCT,1.362e+04,1.053,1
PENN23_y1999_s048_d0,A/KANAGAWA/AC2408/2025_H1N1,plate0_1_to_16-TCTAACTCTCGCGGCA,40,7.65e-05,7.65e-05
PENN23_y1999_s048_d0,A/KANAGAWA/AC2408/2025_H1N1,plate0_1_to_16-TCTAACTCTCGCGGCA,92,0.02832,0.02832
PENN23_y1999_s048_d0,A/KANAGAWA/AC2408/2025_H1N1,plate0_1_to_16-TCTAACTCTCGCGGCA,212,0.4385,0.4385
PENN23_y1999_s048_d0,A/KANAGAWA/AC2408/2025_H1N1,plate0_1_to_16-TCTAACTCTCGCGGCA,487,1.368,1
PENN23_y1999_s048_d0,A/KANAGAWA/AC2408/2025_H1N1,plate0_1_to_16-TCTAACTCTCGCGGCA,1119,1.185,1
PENN23_y1999_s048_d0,A/KANAGAWA/AC2408/2025_H1N1,plate0_1_to_16-TCTAACTCTCGCGGCA,2575,0.753,0.753
PENN23_y1999_s048_d0,A/KANAGAWA/AC2408/2025_H1N1,plate0_1_to_16-TCTAACTCTCGCGGCA,5921,0.9378,0.9378
PENN23_y1999_s048_d0,A/KANAGAWA/AC2408/2025_H1N1,plate0_1_to_16-TCTAACTCTCGCGGCA,1.362e+04,1.106,1
PENN23_y1999_s048_d0,A/Texas/ISC-1148/2025_H3N2,plate0_1_to_16-TCTCAGCTCTTAGCCG,40,0.03433,0.03433
PENN23_y1999_s048_d0,A/Texas/ISC-1148/2025_H3N2,plate0_1_to_16-TCTCAGCTCTTAGCCG,92,0.2056,0.2056
PENN23_y1999_s048_d0,A/Texas/ISC-1148/2025_H3N2,plate0_1_to_16-TCTCAGCTCTTAGCCG,212,0.04961,0.04961
PENN23_y1999_s048_d0,A/Texas/ISC-1148/2025_H3N2,plate0_1_to_16-TCTCAGCTCTTAGCCG,487,1.198,1
PENN23_y1999_s048_d0,A/Texas/ISC-1148/2025_H3N2,plate0_1_to_16-TCTCAGCTCTTAGCCG,1119,0.8023,0.8023
PENN23_y1999_s048_d0,A/Texas/ISC-1148/2025_H3N2,plate0_1_to_16-TCTCAGCTCTTAGCCG,2575,0.5489,0.5489
PENN23_y1999_s048_d0,A/Texas/ISC-1148/2025_H3N2,plate0_1_to_16-TCTCAGCTCTTAGCCG,5921,0.8761,0.8761
PENN23_y1999_s048_d0,A/Texas/ISC-1148/2025_H3N2,plate0_1_to_16-TCTCAGCTCTTAGCCG,1.362e+04,1.308,1
PENN23_y1999_s048_d0,A/Texas/ISC-1342/2025_H3N2,plate0_1_to_16-TCTGGAAACGATCCCC,40,0.07945,0.07945
PENN23_y1999_s048_d0,A/Texas/ISC-1342/2025_H3N2,plate0_1_to_16-TCTGGAAACGATCCCC,92,0.1394,0.1394
PENN23_y1999_s048_d0,A/Texas/ISC-1342/2025_H3N2,plate0_1_to_16-TCTGGAAACGATCCCC,212,0.6414,0.6414
PENN23_y1999_s048_d0,A/Texas/ISC-1342/2025_H3N2,plate0_1_to_16-TCTGGAAACGATCCCC,487,0.1421,0.1421
PENN23_y1999_s048_d0,A/Texas/ISC-1342/2025_H3N2,plate0_1_to_16-TCTGGAAACGATCCCC,1119,0.4304,0.4304
PENN23_y1999_s048_d0,A/Texas/ISC-1342/2025_H3N2,plate0_1_to_16-TCTGGAAACGATCCCC,2575,0.7442,0.7442
PENN23_y1999_s048_d0,A/Texas/ISC-1342/2025_H3N2,plate0_1_to_16-TCTGGAAACGATCCCC,5921,1.05,1
PENN23_y1999_s048_d0,A/Texas/ISC-1342/2025_H3N2,plate0_1_to_16-TCTGGAAACGATCCCC,1.362e+04,0.9318,0.9318
PENN23_y1999_s048_d0,A/HongKong/4801/2014_H3N2,plate0_1_to_16-TCTTAGAGTGAACGAT,40,0,0
PENN23_y1999_s048_d0,A/HongKong/4801/2014_H3N2,plate0_1_to_16-TCTTAGAGTGAACGAT,92,0.08636,0.08636
PENN23_y1999_s048_d0,A/HongKong/4801/2014_H3N2,plate0_1_to_16-TCTTAGAGTGAACGAT,212,0.1473,0.1473
PENN23_y1999_s048_d0,A/HongKong/4801/2014_H3N2,plate0_1_to_16-TCTTAGAGTGAACGAT,487,0.9085,0.9085
PENN23_y1999_s048_d0,A/HongKong/4801/2014_H3N2,plate0_1_to_16-TCTTAGAGTGAACGAT,1119,0.1309,0.1309
PENN23_y1999_s048_d0,A/HongKong/4801/2014_H3N2,plate0_1_to_16-TCTTAGAGTGAACGAT,2575,0.3964,0.3964
PENN23_y1999_s048_d0,A/HongKong/4801/2014_H3N2,plate0_1_to_16-TCTTAGAGTGAACGAT,5921,0.5899,0.5899
PENN23_y1999_s048_d0,A/HongKong/4801/2014_H3N2,plate0_1_to_16-TCTTAGAGTGAACGAT,1.362e+04,1.286,1
PENN23_y1999_s048_d0,A/Vermont/10/2025_H1N1,plate0_1_to_16-TCTTAGTCCTCGTATG,40,0.0009502,0.0009502
PENN23_y1999_s048_d0,A/Vermont/10/2025_H1N1,plate0_1_to_16-TCTTAGTCCTCGTATG,92,0.000578,0.000578
PENN23_y1999_s048_d0,A/Vermont/10/2025_H1N1,plate0_1_to_16-TCTTAGTCCTCGTATG,212,0.07205,0.07205
PENN23_y1999_s048_d0,A/Vermont/10/2025_H1N1,plate0_1_to_16-TCTTAGTCCTCGTATG,487,0.2655,0.2655
PENN23_y1999_s048_d0,A/Vermont/10/2025_H1N1,plate0_1_to_16-TCTTAGTCCTCGTATG,1119,0.6793,0.6793
PENN23_y1999_s048_d0,A/Vermont/10/2025_H1N1,plate0_1_to_16-TCTTAGTCCTCGTATG,2575,0.8349,0.8349
PENN23_y1999_s048_d0,A/Vermont/10/2025_H1N1,plate0_1_to_16-TCTTAGTCCTCGTATG,5921,0.878,0.878
PENN23_y1999_s048_d0,A/Vermont/10/2025_H1N1,plate0_1_to_16-TCTTAGTCCTCGTATG,1.362e+04,1.092,1
PENN23_y1999_s048_d0,A/Maldives/2186/2024_H3N2,plate0_1_to_16-TCTTATTAGGCGGCAT,40,0.1563,0.1563
PENN23_y1999_s048_d0,A/Maldives/2186/2024_H3N2,plate0_1_to_16-TCTTATTAGGCGGCAT,92,0.2343,0.2343
PENN23_y1999_s048_d0,A/Maldives/2186/2024_H3N2,plate0_1_to_16-TCTTATTAGGCGGCAT,212,0.4565,0.4565
PENN23_y1999_s048_d0,A/Maldives/2186/2024_H3N2,plate0_1_to_16-TCTTATTAGGCGGCAT,487,0.292,0.292
PENN23_y1999_s048_d0,A/Maldives/2186/2024_H3N2,plate0_1_to_16-TCTTATTAGGCGGCAT,1119,0.804,0.804
PENN23_y1999_s048_d0,A/Maldives/2186/2024_H3N2,plate0_1_to_16-TCTTATTAGGCGGCAT,2575,0.4628,0.4628
PENN23_y1999_s048_d0,A/Maldives/2186/2024_H3N2,plate0_1_to_16-TCTTATTAGGCGGCAT,5921,0.7764,0.7764
PENN23_y1999_s048_d0,A/Maldives/2186/2024_H3N2,plate0_1_to_16-TCTTATTAGGCGGCAT,1.362e+04,0.866,0.866
PENN23_y1999_s048_d0,A/Saint-Petersburg/RII-04/2025_H1N1,plate0_1_to_16-TCTTGACATAGCGATG,40,0,0
PENN23_y1999_s048_d0,A/Saint-Petersburg/RII-04/2025_H1N1,plate0_1_to_16-TCTTGACATAGCGATG,92,0.0003971,0.0003971
PENN23_y1999_s048_d0,A/Saint-Petersburg/RII-04/2025_H1N1,plate0_1_to_16-TCTTGACATAGCGATG,212,0.05006,0.05006
PENN23_y1999_s048_d0,A/Saint-Petersburg/RII-04/2025_H1N1,plate0_1_to_16-TCTTGACATAGCGATG,487,0.3462,0.3462
PENN23_y1999_s048_d0,A/Saint-Petersburg/RII-04/2025_H1N1,plate0_1_to_16-TCTTGACATAGCGATG,1119,0.718,0.718
PENN23_y1999_s048_d0,A/Saint-Petersburg/RII-04/2025_H1N1,plate0_1_to_16-TCTTGACATAGCGATG,2575,0.5927,0.5927
PENN23_y1999_s048_d0,A/Saint-Petersburg/RII-04/2025_H1N1,plate0_1_to_16-TCTTGACATAGCGATG,5921,0.9994,0.9994
PENN23_y1999_s048_d0,A/Saint-Petersburg/RII-04/2025_H1N1,plate0_1_to_16-TCTTGACATAGCGATG,1.362e+04,1.024,1
PENN23_y1999_s048_d0,A/Tambov/160-1V/2024_H1N1,plate0_1_to_16-TCTTTACCACTGCATC,40,0.001004,0.001004
PENN23_y1999_s048_d0,A/Tambov/160-1V/2024_H1N1,plate0_1_to_16-TCTTTACCACTGCATC,92,0.000868,0.000868
PENN23_y1999_s048_d0,A/Tambov/160-1V/2024_H1N1,plate0_1_to_16-TCTTTACCACTGCATC,212,0.03926,0.03926
PENN23_y1999_s048_d0,A/Tambov/160-1V/2024_H1N1,plate0_1_to_16-TCTTTACCACTGCATC,487,0.3652,0.3652
PENN23_y1999_s048_d0,A/Tambov/160-1V/2024_H1N1,plate0_1_to_16-TCTTTACCACTGCATC,1119,0.5446,0.5446
PENN23_y1999_s048_d0,A/Tambov/160-1V/2024_H1N1,plate0_1_to_16-TCTTTACCACTGCATC,2575,0.5937,0.5937
PENN23_y1999_s048_d0,A/Tambov/160-1V/2024_H1N1,plate0_1_to_16-TCTTTACCACTGCATC,5921,0.9785,0.9785
PENN23_y1999_s048_d0,A/Tambov/160-1V/2024_H1N1,plate0_1_to_16-TCTTTACCACTGCATC,1.362e+04,0.8351,0.8351
PENN23_y1999_s048_d0,A/Manitoba/RV04865/2024_H3N2,plate0_1_to_16-TGACAACAATACAAAT,40,0.1365,0.1365
PENN23_y1999_s048_d0,A/Manitoba/RV04865/2024_H3N2,plate0_1_to_16-TGACAACAATACAAAT,92,0.05143,0.05143
PENN23_y1999_s048_d0,A/Manitoba/RV04865/2024_H3N2,plate0_1_to_16-TGACAACAATACAAAT,212,0.2081,0.2081
PENN23_y1999_s048_d0,A/Manitoba/RV04865/2024_H3N2,plate0_1_to_16-TGACAACAATACAAAT,487,0.1357,0.1357
PENN23_y1999_s048_d0,A/Manitoba/RV04865/2024_H3N2,plate0_1_to_16-TGACAACAATACAAAT,1119,0.5841,0.5841
PENN23_y1999_s048_d0,A/Manitoba/RV04865/2024_H3N2,plate0_1_to_16-TGACAACAATACAAAT,2575,0.4482,0.4482
PENN23_y1999_s048_d0,A/Manitoba/RV04865/2024_H3N2,plate0_1_to_16-TGACAACAATACAAAT,5921,0.9396,0.9396
PENN23_y1999_s048_d0,A/Manitoba/RV04865/2024_H3N2,plate0_1_to_16-TGACAACAATACAAAT,1.362e+04,0.9176,0.9176
PENN23_y1999_s048_d0,A/Texas/50/2012_H3N2,plate0_1_to_16-TGAGTTCATAGCTCCA,40,0,0
PENN23_y1999_s048_d0,A/Texas/50/2012_H3N2,plate0_1_to_16-TGAGTTCATAGCTCCA,92,0,0
PENN23_y1999_s048_d0,A/Texas/50/2012_H3N2,plate0_1_to_16-TGAGTTCATAGCTCCA,212,0,0
PENN23_y1999_s048_d0,A/Texas/50/2012_H3N2,plate0_1_to_16-TGAGTTCATAGCTCCA,487,0.005752,0.005752
PENN23_y1999_s048_d0,A/Texas/50/2012_H3N2,plate0_1_to_16-TGAGTTCATAGCTCCA,1119,0.2017,0.2017
PENN23_y1999_s048_d0,A/Texas/50/2012_H3N2,plate0_1_to_16-TGAGTTCATAGCTCCA,2575,0.4247,0.4247
PENN23_y1999_s048_d0,A/Texas/50/2012_H3N2,plate0_1_to_16-TGAGTTCATAGCTCCA,5921,0.6181,0.6181
PENN23_y1999_s048_d0,A/Texas/50/2012_H3N2,plate0_1_to_16-TGAGTTCATAGCTCCA,1.362e+04,0.6202,0.6202
PENN23_y1999_s048_d0,A/Massachusetts/ISC-1684/2025_H3N2,plate0_1_to_16-TGATCTGTGACATTGC,40,0.07569,0.07569
PENN23_y1999_s048_d0,A/Massachusetts/ISC-1684/2025_H3N2,plate0_1_to_16-TGATCTGTGACATTGC,92,0.05112,0.05112
PENN23_y1999_s048_d0,A/Massachusetts/ISC-1684/2025_H3N2,plate0_1_to_16-TGATCTGTGACATTGC,212,0.2737,0.2737
PENN23_y1999_s048_d0,A/Massachusetts/ISC-1684/2025_H3N2,plate0_1_to_16-TGATCTGTGACATTGC,487,0.4584,0.4584
PENN23_y1999_s048_d0,A/Massachusetts/ISC-1684/2025_H3N2,plate0_1_to_16-TGATCTGTGACATTGC,1119,0.2747,0.2747
PENN23_y1999_s048_d0,A/Massachusetts/ISC-1684/2025_H3N2,plate0_1_to_16-TGATCTGTGACATTGC,2575,0.6551,0.6551
PENN23_y1999_s048_d0,A/Massachusetts/ISC-1684/2025_H3N2,plate0_1_to_16-TGATCTGTGACATTGC,5921,0.5601,0.5601
PENN23_y1999_s048_d0,A/Massachusetts/ISC-1684/2025_H3N2,plate0_1_to_16-TGATCTGTGACATTGC,1.362e+04,1.226,1
PENN23_y1999_s048_d0,A/Netherlands/10563/2023_H3N2,plate0_1_to_16-TGATCTTTTACATTTA,40,0.2693,0.2693
PENN23_y1999_s048_d0,A/Netherlands/10563/2023_H3N2,plate0_1_to_16-TGATCTTTTACATTTA,92,0.07108,0.07108
PENN23_y1999_s048_d0,A/Netherlands/10563/2023_H3N2,plate0_1_to_16-TGATCTTTTACATTTA,212,0.4995,0.4995
PENN23_y1999_s048_d0,A/Netherlands/10563/2023_H3N2,plate0_1_to_16-TGATCTTTTACATTTA,487,0.53,0.53
PENN23_y1999_s048_d0,A/Netherlands/10563/2023_H3N2,plate0_1_to_16-TGATCTTTTACATTTA,1119,0.603,0.603
PENN23_y1999_s048_d0,A/Netherlands/10563/2023_H3N2,plate0_1_to_16-TGATCTTTTACATTTA,2575,0.5546,0.5546
PENN23_y1999_s048_d0,A/Netherlands/10563/2023_H3N2,plate0_1_to_16-TGATCTTTTACATTTA,5921,1.019,1
PENN23_y1999_s048_d0,A/Netherlands/10563/2023_H3N2,plate0_1_to_16-TGATCTTTTACATTTA,1.362e+04,0.6723,0.6723
PENN23_y1999_s048_d0,A/NovaScotia/ET1801CP00018S/2025_H1N1,plate0_1_to_16-TGCAGTGGTATACATA,40,0,0
PENN23_y1999_s048_d0,A/NovaScotia/ET1801CP00018S/2025_H1N1,plate0_1_to_16-TGCAGTGGTATACATA,92,0.0005947,0.0005947
PENN23_y1999_s048_d0,A/NovaScotia/ET1801CP00018S/2025_H1N1,plate0_1_to_16-TGCAGTGGTATACATA,212,0.2175,0.2175
PENN23_y1999_s048_d0,A/NovaScotia/ET1801CP00018S/2025_H1N1,plate0_1_to_16-TGCAGTGGTATACATA,487,0.318,0.318
PENN23_y1999_s048_d0,A/NovaScotia/ET1801CP00018S/2025_H1N1,plate0_1_to_16-TGCAGTGGTATACATA,1119,0.692,0.692
PENN23_y1999_s048_d0,A/NovaScotia/ET1801CP00018S/2025_H1N1,plate0_1_to_16-TGCAGTGGTATACATA,2575,0.6968,0.6968
PENN23_y1999_s048_d0,A/NovaScotia/ET1801CP00018S/2025_H1N1,plate0_1_to_16-TGCAGTGGTATACATA,5921,1.04,1
PENN23_y1999_s048_d0,A/NovaScotia/ET1801CP00018S/2025_H1N1,plate0_1_to_16-TGCAGTGGTATACATA,1.362e+04,1.025,1
PENN23_y1999_s048_d0,A/TOKYO/EIS11-277/2024_H1N1,plate0_1_to_16-TGCGGTGGTCGATCCG,40,0.001177,0.001177
PENN23_y1999_s048_d0,A/TOKYO/EIS11-277/2024_H1N1,plate0_1_to_16-TGCGGTGGTCGATCCG,92,4.464e-05,4.464e-05
PENN23_y1999_s048_d0,A/TOKYO/EIS11-277/2024_H1N1,plate0_1_to_16-TGCGGTGGTCGATCCG,212,0.06682,0.06682
PENN23_y1999_s048_d0,A/TOKYO/EIS11-277/2024_H1N1,plate0_1_to_16-TGCGGTGGTCGATCCG,487,0.2031,0.2031
PENN23_y1999_s048_d0,A/TOKYO/EIS11-277/2024_H1N1,plate0_1_to_16-TGCGGTGGTCGATCCG,1119,0.534,0.534
PENN23_y1999_s048_d0,A/TOKYO/EIS11-277/2024_H1N1,plate0_1_to_16-TGCGGTGGTCGATCCG,2575,0.4619,0.4619
PENN23_y1999_s048_d0,A/TOKYO/EIS11-277/2024_H1N1,plate0_1_to_16-TGCGGTGGTCGATCCG,5921,1.055,1
PENN23_y1999_s048_d0,A/TOKYO/EIS11-277/2024_H1N1,plate0_1_to_16-TGCGGTGGTCGATCCG,1.362e+04,0.7597,0.7597
PENN23_y1999_s048_d0,A/Qatar/83328/2024_H1N1,plate0_1_to_16-TGCTATTCCGGCGCGG,40,2.086e-05,2.086e-05
PENN23_y1999_s048_d0,A/Qatar/83328/2024_H1N1,plate0_1_to_16-TGCTATTCCGGCGCGG,92,0.0007515,0.0007515
PENN23_y1999_s048_d0,A/Qatar/83328/2024_H1N1,plate0_1_to_16-TGCTATTCCGGCGCGG,212,0.06606,0.06606
PENN23_y1999_s048_d0,A/Qatar/83328/2024_H1N1,plate0_1_to_16-TGCTATTCCGGCGCGG,487,0.2283,0.2283
PENN23_y1999_s048_d0,A/Qatar/83328/2024_H1N1,plate0_1_to_16-TGCTATTCCGGCGCGG,1119,0.5729,0.5729
PENN23_y1999_s048_d0,A/Qatar/83328/2024_H1N1,plate0_1_to_16-TGCTATTCCGGCGCGG,2575,0.6295,0.6295
PENN23_y1999_s048_d0,A/Qatar/83328/2024_H1N1,plate0_1_to_16-TGCTATTCCGGCGCGG,5921,0.7423,0.7423
PENN23_y1999_s048_d0,A/Qatar/83328/2024_H1N1,plate0_1_to_16-TGCTATTCCGGCGCGG,1.362e+04,0.6474,0.6474
PENN23_y1999_s048_d0,A/Hawaii/70/2019_H1N1,plate0_1_to_16-TGGAATCGTCACCGAT,40,0,0
PENN23_y1999_s048_d0,A/Hawaii/70/2019_H1N1,plate0_1_to_16-TGGAATCGTCACCGAT,92,0.0005216,0.0005216
PENN23_y1999_s048_d0,A/Hawaii/70/2019_H1N1,plate0_1_to_16-TGGAATCGTCACCGAT,212,0.02466,0.02466
PENN23_y1999_s048_d0,A/Hawaii/70/2019_H1N1,plate0_1_to_16-TGGAATCGTCACCGAT,487,0.06683,0.06683
PENN23_y1999_s048_d0,A/Hawaii/70/2019_H1N1,plate0_1_to_16-TGGAATCGTCACCGAT,1119,0.1414,0.1414
PENN23_y1999_s048_d0,A/Hawaii/70/2019_H1N1,plate0_1_to_16-TGGAATCGTCACCGAT,2575,1.064,1
PENN23_y1999_s048_d0,A/Hawaii/70/2019_H1N1,plate0_1_to_16-TGGAATCGTCACCGAT,5921,0.7282,0.7282
PENN23_y1999_s048_d0,A/DE/DE-DHSS-901/2025_(H3N2)_H3N2,plate0_1_to_16-TGGTCCGCTTCATGCT,40,0.005651,0.005651
PENN23_y1999_s048_d0,A/DE/DE-DHSS-901/2025_(H3N2)_H3N2,plate0_1_to_16-TGGTCCGCTTCATGCT,92,0.08347,0.08347
PENN23_y1999_s048_d0,A/DE/DE-DHSS-901/2025_(H3N2)_H3N2,plate0_1_to_16-TGGTCCGCTTCATGCT,212,0.5113,0.5113
PENN23_y1999_s048_d0,A/DE/DE-DHSS-901/2025_(H3N2)_H3N2,plate0_1_to_16-TGGTCCGCTTCATGCT,487,0.3375,0.3375
PENN23_y1999_s048_d0,A/DE/DE-DHSS-901/2025_(H3N2)_H3N2,plate0_1_to_16-TGGTCCGCTTCATGCT,1119,0.371,0.371
PENN23_y1999_s048_d0,A/DE/DE-DHSS-901/2025_(H3N2)_H3N2,plate0_1_to_16-TGGTCCGCTTCATGCT,2575,0.6226,0.6226
PENN23_y1999_s048_d0,A/DE/DE-DHSS-901/2025_(H3N2)_H3N2,plate0_1_to_16-TGGTCCGCTTCATGCT,5921,0.9187,0.9187
PENN23_y1999_s048_d0,A/DE/DE-DHSS-901/2025_(H3N2)_H3N2,plate0_1_to_16-TGGTCCGCTTCATGCT,1.362e+04,0.9146,0.9146
PENN23_y1999_s048_d0,A/Washington/UW-25728/2024_H3N2,plate0_1_to_16-TGTAATAGGCGTCACA,40,0.09488,0.09488
PENN23_y1999_s048_d0,A/Washington/UW-25728/2024_H3N2,plate0_1_to_16-TGTAATAGGCGTCACA,92,0.2904,0.2904
PENN23_y1999_s048_d0,A/Washington/UW-25728/2024_H3N2,plate0_1_to_16-TGTAATAGGCGTCACA,212,1.247,1
PENN23_y1999_s048_d0,A/Washington/UW-25728/2024_H3N2,plate0_1_to_16-TGTAATAGGCGTCACA,487,0.4563,0.4563
PENN23_y1999_s048_d0,A/Washington/UW-25728/2024_H3N2,plate0_1_to_16-TGTAATAGGCGTCACA,1119,0.6546,0.6546
PENN23_y1999_s048_d0,A/Washington/UW-25728/2024_H3N2,plate0_1_to_16-TGTAATAGGCGTCACA,2575,0.8465,0.8465
PENN23_y1999_s048_d0,A/Washington/UW-25728/2024_H3N2,plate0_1_to_16-TGTAATAGGCGTCACA,5921,0.845,0.845
PENN23_y1999_s048_d0,A/Washington/UW-25728/2024_H3N2,plate0_1_to_16-TGTAATAGGCGTCACA,1.362e+04,1.354,1
PENN23_y1999_s048_d0,A/TOKYO/EIS11-277/2024_H1N1,plate0_1_to_16-TGTCCGGATAAAGTAG,40,0,0
PENN23_y1999_s048_d0,A/TOKYO/EIS11-277/2024_H1N1,plate0_1_to_16-TGTCCGGATAAAGTAG,92,0.0002295,0.0002295
PENN23_y1999_s048_d0,A/TOKYO/EIS11-277/2024_H1N1,plate0_1_to_16-TGTCCGGATAAAGTAG,212,0.1468,0.1468
PENN23_y1999_s048_d0,A/TOKYO/EIS11-277/2024_H1N1,plate0_1_to_16-TGTCCGGATAAAGTAG,487,0.2156,0.2156
PENN23_y1999_s048_d0,A/TOKYO/EIS11-277/2024_H1N1,plate0_1_to_16-TGTCCGGATAAAGTAG,1119,0.3961,0.3961
PENN23_y1999_s048_d0,A/TOKYO/EIS11-277/2024_H1N1,plate0_1_to_16-TGTCCGGATAAAGTAG,2575,0.755,0.755
PENN23_y1999_s048_d0,A/TOKYO/EIS11-277/2024_H1N1,plate0_1_to_16-TGTCCGGATAAAGTAG,5921,0.8743,0.8743
PENN23_y1999_s048_d0,A/TOKYO/EIS11-277/2024_H1N1,plate0_1_to_16-TGTCCGGATAAAGTAG,1.362e+04,0.8966,0.8966
PENN23_y1999_s048_d0,A/Tennessee/99/2024_H3N2,plate0_1_to_16-TGTGGAGCGCCCTTAC,40,0.1982,0.1982
PENN23_y1999_s048_d0,A/Tennessee/99/2024_H3N2,plate0_1_to_16-TGTGGAGCGCCCTTAC,92,0.2899,0.2899
PENN23_y1999_s048_d0,A/Tennessee/99/2024_H3N2,plate0_1_to_16-TGTGGAGCGCCCTTAC,212,0.486,0.486
PENN23_y1999_s048_d0,A/Tennessee/99/2024_H3N2,plate0_1_to_16-TGTGGAGCGCCCTTAC,487,0.6043,0.6043
PENN23_y1999_s048_d0,A/Tennessee/99/2024_H3N2,plate0_1_to_16-TGTGGAGCGCCCTTAC,1119,0.5047,0.5047
PENN23_y1999_s048_d0,A/Tennessee/99/2024_H3N2,plate0_1_to_16-TGTGGAGCGCCCTTAC,2575,0.5101,0.5101
PENN23_y1999_s048_d0,A/Tennessee/99/2024_H3N2,plate0_1_to_16-TGTGGAGCGCCCTTAC,5921,0.5738,0.5738
PENN23_y1999_s048_d0,A/Tennessee/99/2024_H3N2,plate0_1_to_16-TGTGGAGCGCCCTTAC,1.362e+04,0.564,0.564
PENN23_y1999_s048_d0,A/Pakistan/306/2024_H1N1,plate0_1_to_16-TGTTGAGCCAGTCTGA,40,0,0
PENN23_y1999_s048_d0,A/Pakistan/306/2024_H1N1,plate0_1_to_16-TGTTGAGCCAGTCTGA,92,0.0006742,0.0006742
PENN23_y1999_s048_d0,A/Pakistan/306/2024_H1N1,plate0_1_to_16-TGTTGAGCCAGTCTGA,212,0.1824,0.1824
PENN23_y1999_s048_d0,A/Pakistan/306/2024_H1N1,plate0_1_to_16-TGTTGAGCCAGTCTGA,487,0.4012,0.4012
PENN23_y1999_s048_d0,A/Pakistan/306/2024_H1N1,plate0_1_to_16-TGTTGAGCCAGTCTGA,1119,0.7229,0.7229
PENN23_y1999_s048_d0,A/Pakistan/306/2024_H1N1,plate0_1_to_16-TGTTGAGCCAGTCTGA,2575,0.7942,0.7942
PENN23_y1999_s048_d0,A/Pakistan/306/2024_H1N1,plate0_1_to_16-TGTTGAGCCAGTCTGA,5921,1.102,1
PENN23_y1999_s048_d0,A/Pakistan/306/2024_H1N1,plate0_1_to_16-TGTTGAGCCAGTCTGA,1.362e+04,1.188,1
PENN23_y1999_s048_d0,A/Cambodia/e0826360/2020egg_H3N2,plate0_1_to_16-TGTTGTAATCTGAATA,40,0,0
PENN23_y1999_s048_d0,A/Cambodia/e0826360/2020egg_H3N2,plate0_1_to_16-TGTTGTAATCTGAATA,92,0,0
PENN23_y1999_s048_d0,A/Cambodia/e0826360/2020egg_H3N2,plate0_1_to_16-TGTTGTAATCTGAATA,212,0.001632,0.001632
PENN23_y1999_s048_d0,A/Cambodia/e0826360/2020egg_H3N2,plate0_1_to_16-TGTTGTAATCTGAATA,487,0.02259,0.02259
PENN23_y1999_s048_d0,A/Cambodia/e0826360/2020egg_H3N2,plate0_1_to_16-TGTTGTAATCTGAATA,1119,0.06157,0.06157
PENN23_y1999_s048_d0,A/Cambodia/e0826360/2020egg_H3N2,plate0_1_to_16-TGTTGTAATCTGAATA,2575,0.2235,0.2235
PENN23_y1999_s048_d0,A/Cambodia/e0826360/2020egg_H3N2,plate0_1_to_16-TGTTGTAATCTGAATA,5921,1.009,1
PENN23_y1999_s048_d0,A/Cambodia/e0826360/2020egg_H3N2,plate0_1_to_16-TGTTGTAATCTGAATA,1.362e+04,0.8768,0.8768
PENN23_y1999_s048_d0,A/Wisconsin/NIRC-IS-1111/2025_H1N1,plate0_1_to_16-TTAATGTAGCCGCTCC,40,0,0
PENN23_y1999_s048_d0,A/Wisconsin/NIRC-IS-1111/2025_H1N1,plate0_1_to_16-TTAATGTAGCCGCTCC,92,0,0
PENN23_y1999_s048_d0,A/Wisconsin/NIRC-IS-1111/2025_H1N1,plate0_1_to_16-TTAATGTAGCCGCTCC,212,0.1487,0.1487
PENN23_y1999_s048_d0,A/Wisconsin/NIRC-IS-1111/2025_H1N1,plate0_1_to_16-TTAATGTAGCCGCTCC,487,0.2467,0.2467
PENN23_y1999_s048_d0,A/Wisconsin/NIRC-IS-1111/2025_H1N1,plate0_1_to_16-TTAATGTAGCCGCTCC,1119,0.3595,0.3595
PENN23_y1999_s048_d0,A/Wisconsin/NIRC-IS-1111/2025_H1N1,plate0_1_to_16-TTAATGTAGCCGCTCC,2575,0.3566,0.3566
PENN23_y1999_s048_d0,A/Wisconsin/NIRC-IS-1111/2025_H1N1,plate0_1_to_16-TTAATGTAGCCGCTCC,5921,1.048,1
PENN23_y1999_s048_d0,A/Wisconsin/NIRC-IS-1111/2025_H1N1,plate0_1_to_16-TTAATGTAGCCGCTCC,1.362e+04,0.7748,0.7748
PENN23_y1999_s048_d0,A/Punta_Arenas/83659/2024_H3N2,plate0_1_to_16-TTACGAATTTGATTCC,40,0.2332,0.2332
PENN23_y1999_s048_d0,A/Punta_Arenas/83659/2024_H3N2,plate0_1_to_16-TTACGAATTTGATTCC,92,0.252,0.252
PENN23_y1999_s048_d0,A/Punta_Arenas/83659/2024_H3N2,plate0_1_to_16-TTACGAATTTGATTCC,212,0.2661,0.2661
PENN23_y1999_s048_d0,A/Punta_Arenas/83659/2024_H3N2,plate0_1_to_16-TTACGAATTTGATTCC,487,0.8162,0.8162
PENN23_y1999_s048_d0,A/Punta_Arenas/83659/2024_H3N2,plate0_1_to_16-TTACGAATTTGATTCC,1119,0.7139,0.7139
PENN23_y1999_s048_d0,A/Punta_Arenas/83659/2024_H3N2,plate0_1_to_16-TTACGAATTTGATTCC,2575,0.7505,0.7505
PENN23_y1999_s048_d0,A/Punta_Arenas/83659/2024_H3N2,plate0_1_to_16-TTACGAATTTGATTCC,5921,0.9042,0.9042
PENN23_y1999_s048_d0,A/Punta_Arenas/83659/2024_H3N2,plate0_1_to_16-TTACGAATTTGATTCC,1.362e+04,1.06,1
PENN23_y1999_s048_d0,A/HongKong/2671/2019_H3N2,plate0_1_to_16-TTCATCAAGTTGGTGC,40,0.000364,0.000364
PENN23_y1999_s048_d0,A/HongKong/2671/2019_H3N2,plate0_1_to_16-TTCATCAAGTTGGTGC,92,0,0
PENN23_y1999_s048_d0,A/HongKong/2671/2019_H3N2,plate0_1_to_16-TTCATCAAGTTGGTGC,212,0,0
PENN23_y1999_s048_d0,A/HongKong/2671/2019_H3N2,plate0_1_to_16-TTCATCAAGTTGGTGC,487,0,0
PENN23_y1999_s048_d0,A/HongKong/2671/2019_H3N2,plate0_1_to_16-TTCATCAAGTTGGTGC,1119,0.009251,0.009251
PENN23_y1999_s048_d0,A/HongKong/2671/2019_H3N2,plate0_1_to_16-TTCATCAAGTTGGTGC,2575,0.2421,0.2421
PENN23_y1999_s048_d0,A/HongKong/2671/2019_H3N2,plate0_1_to_16-TTCATCAAGTTGGTGC,5921,2.249,1
PENN23_y1999_s048_d0,A/HongKong/2671/2019_H3N2,plate0_1_to_16-TTCATCAAGTTGGTGC,1.362e+04,1.005,1
PENN23_y1999_s048_d0,A/Michigan/45/2015_H1N1,plate0_1_to_16-TTGAAAAAATCATAAA,40,0,0
PENN23_y1999_s048_d0,A/Michigan/45/2015_H1N1,plate0_1_to_16-TTGAAAAAATCATAAA,92,0,0
PENN23_y1999_s048_d0,A/Michigan/45/2015_H1N1,plate0_1_to_16-TTGAAAAAATCATAAA,212,0.004385,0.004385
PENN23_y1999_s048_d0,A/Michigan/45/2015_H1N1,plate0_1_to_16-TTGAAAAAATCATAAA,487,0.01515,0.01515
PENN23_y1999_s048_d0,A/Michigan/45/2015_H1N1,plate0_1_to_16-TTGAAAAAATCATAAA,1119,0.05339,0.05339
PENN23_y1999_s048_d0,A/Michigan/45/2015_H1N1,plate0_1_to_16-TTGAAAAAATCATAAA,2575,0.1768,0.1768
PENN23_y1999_s048_d0,A/Michigan/45/2015_H1N1,plate0_1_to_16-TTGAAAAAATCATAAA,5921,0.8346,0.8346
PENN23_y1999_s048_d0,A/Michigan/45/2015_H1N1,plate0_1_to_16-TTGAAAAAATCATAAA,1.362e+04,1.257,1
PENN23_y1999_s048_d0,A/Cambodia/e0826360/2020_H3N2,plate0_1_to_16-TTGACTCACCGAATAA,40,0.001767,0.001767
PENN23_y1999_s048_d0,A/Cambodia/e0826360/2020_H3N2,plate0_1_to_16-TTGACTCACCGAATAA,92,0.03068,0.03068
PENN23_y1999_s048_d0,A/Cambodia/e0826360/2020_H3N2,plate0_1_to_16-TTGACTCACCGAATAA,212,0.1412,0.1412
PENN23_y1999_s048_d0,A/Cambodia/e0826360/2020_H3N2,plate0_1_to_16-TTGACTCACCGAATAA,487,0.3829,0.3829
PENN23_y1999_s048_d0,A/Cambodia/e0826360/2020_H3N2,plate0_1_to_16-TTGACTCACCGAATAA,1119,0.4073,0.4073
PENN23_y1999_s048_d0,A/Cambodia/e0826360/2020_H3N2,plate0_1_to_16-TTGACTCACCGAATAA,2575,0.4032,0.4032
PENN23_y1999_s048_d0,A/Cambodia/e0826360/2020_H3N2,plate0_1_to_16-TTGACTCACCGAATAA,5921,0.5447,0.5447
PENN23_y1999_s048_d0,A/Cambodia/e0826360/2020_H3N2,plate0_1_to_16-TTGACTCACCGAATAA,1.362e+04,0.3812,0.3812
PENN23_y1999_s048_d0,A/Cambodia/e0826360/2020_H3N2,plate0_1_to_16-TTGCAATTGAAACATA,40,0.1755,0.1755
PENN23_y1999_s048_d0,A/Cambodia/e0826360/2020_H3N2,plate0_1_to_16-TTGCAATTGAAACATA,92,0.2493,0.2493
PENN23_y1999_s048_d0,A/Cambodia/e0826360/2020_H3N2,plate0_1_to_16-TTGCAATTGAAACATA,212,1.1,1
PENN23_y1999_s048_d0,A/Cambodia/e0826360/2020_H3N2,plate0_1_to_16-TTGCAATTGAAACATA,487,0.5487,0.5487
PENN23_y1999_s048_d0,A/Cambodia/e0826360/2020_H3N2,plate0_1_to_16-TTGCAATTGAAACATA,1119,0.8073,0.8073
PENN23_y1999_s048_d0,A/Cambodia/e0826360/2020_H3N2,plate0_1_to_16-TTGCAATTGAAACATA,2575,0.6777,0.6777
PENN23_y1999_s048_d0,A/Cambodia/e0826360/2020_H3N2,plate0_1_to_16-TTGCAATTGAAACATA,5921,0.6217,0.6217
PENN23_y1999_s048_d0,A/Cambodia/e0826360/2020_H3N2,plate0_1_to_16-TTGCAATTGAAACATA,1.362e+04,0.98,0.98
PENN23_y1999_s048_d0,A/Indiana/46/2024_H3N2,plate0_1_to_16-TTGCTCCTGAGTAGTA,40,0.2654,0.2654
PENN23_y1999_s048_d0,A/Indiana/46/2024_H3N2,plate0_1_to_16-TTGCTCCTGAGTAGTA,92,0.2648,0.2648
PENN23_y1999_s048_d0,A/Indiana/46/2024_H3N2,plate0_1_to_16-TTGCTCCTGAGTAGTA,212,0.4019,0.4019
PENN23_y1999_s048_d0,A/Indiana/46/2024_H3N2,plate0_1_to_16-TTGCTCCTGAGTAGTA,487,0.5201,0.5201
PENN23_y1999_s048_d0,A/Indiana/46/2024_H3N2,plate0_1_to_16-TTGCTCCTGAGTAGTA,1119,0.8242,0.8242
PENN23_y1999_s048_d0,A/Indiana/46/2024_H3N2,plate0_1_to_16-TTGCTCCTGAGTAGTA,2575,0.4358,0.4358
PENN23_y1999_s048_d0,A/Indiana/46/2024_H3N2,plate0_1_to_16-TTGCTCCTGAGTAGTA,5921,1.164,1
PENN23_y1999_s048_d0,A/Indiana/46/2024_H3N2,plate0_1_to_16-TTGCTCCTGAGTAGTA,1.362e+04,0.9631,0.9631
PENN23_y1999_s048_d0,A/Brisbane/02/2018_H1N1,plate0_1_to_16-TTGGGCACTAAATTAA,40,0.0004938,0.0004938
PENN23_y1999_s048_d0,A/Brisbane/02/2018_H1N1,plate0_1_to_16-TTGGGCACTAAATTAA,92,0,0
PENN23_y1999_s048_d0,A/Brisbane/02/2018_H1N1,plate0_1_to_16-TTGGGCACTAAATTAA,212,0.01435,0.01435
PENN23_y1999_s048_d0,A/Brisbane/02/2018_H1N1,plate0_1_to_16-TTGGGCACTAAATTAA,487,0.02179,0.02179
PENN23_y1999_s048_d0,A/Brisbane/02/2018_H1N1,plate0_1_to_16-TTGGGCACTAAATTAA,1119,0.09062,0.09062
PENN23_y1999_s048_d0,A/Brisbane/02/2018_H1N1,plate0_1_to_16-TTGGGCACTAAATTAA,2575,0.1806,0.1806
PENN23_y1999_s048_d0,A/Brisbane/02/2018_H1N1,plate0_1_to_16-TTGGGCACTAAATTAA,5921,0.7976,0.7976
PENN23_y1999_s048_d0,A/Brisbane/02/2018_H1N1,plate0_1_to_16-TTGGGCACTAAATTAA,1.362e+04,1.07,1
PENN23_y1999_s048_d0,A/Florida/ISC-1241/2025_H3N2,plate0_1_to_16-TTGGGGAACGGGAAGC,40,0.4548,0.4548
PENN23_y1999_s048_d0,A/Florida/ISC-1241/2025_H3N2,plate0_1_to_16-TTGGGGAACGGGAAGC,92,0.1257,0.1257
PENN23_y1999_s048_d0,A/Florida/ISC-1241/2025_H3N2,plate0_1_to_16-TTGGGGAACGGGAAGC,212,0.2759,0.2759
PENN23_y1999_s048_d0,A/Florida/ISC-1241/2025_H3N2,plate0_1_to_16-TTGGGGAACGGGAAGC,487,0.4491,0.4491
PENN23_y1999_s048_d0,A/Florida/ISC-1241/2025_H3N2,plate0_1_to_16-TTGGGGAACGGGAAGC,1119,0.8298,0.8298
PENN23_y1999_s048_d0,A/Florida/ISC-1241/2025_H3N2,plate0_1_to_16-TTGGGGAACGGGAAGC,2575,0.5791,0.5791
PENN23_y1999_s048_d0,A/Florida/ISC-1241/2025_H3N2,plate0_1_to_16-TTGGGGAACGGGAAGC,5921,0.9807,0.9807
PENN23_y1999_s048_d0,A/Florida/ISC-1241/2025_H3N2,plate0_1_to_16-TTGGGGAACGGGAAGC,1.362e+04,0.9974,0.9974
PENN23_y1999_s048_d0,A/Amapa/021563-IEC/2024_H3N2,plate0_1_to_16-TTGTATCAGTCGCGCC,40,0.3185,0.3185
PENN23_y1999_s048_d0,A/Amapa/021563-IEC/2024_H3N2,plate0_1_to_16-TTGTATCAGTCGCGCC,92,0.2097,0.2097
PENN23_y1999_s048_d0,A/Amapa/021563-IEC/2024_H3N2,plate0_1_to_16-TTGTATCAGTCGCGCC,212,0.2988,0.2988
PENN23_y1999_s048_d0,A/Amapa/021563-IEC/2024_H3N2,plate0_1_to_16-TTGTATCAGTCGCGCC,487,0.3674,0.3674
PENN23_y1999_s048_d0,A/Amapa/021563-IEC/2024_H3N2,plate0_1_to_16-TTGTATCAGTCGCGCC,1119,0.4779,0.4779
PENN23_y1999_s048_d0,A/Amapa/021563-IEC/2024_H3N2,plate0_1_to_16-TTGTATCAGTCGCGCC,2575,1.361,1
PENN23_y1999_s048_d0,A/Amapa/021563-IEC/2024_H3N2,plate0_1_to_16-TTGTATCAGTCGCGCC,5921,1.301,1
PENN23_y1999_s048_d0,A/Amapa/021563-IEC/2024_H3N2,plate0_1_to_16-TTGTATCAGTCGCGCC,1.362e+04,1.081,1
PENN23_y1999_s048_d0,A/Mato_Grosso_do_Sul/518/2025_H3N2,plate0_1_to_16-TTTATATCCAACACCA,40,0.08285,0.08285
PENN23_y1999_s048_d0,A/Mato_Grosso_do_Sul/518/2025_H3N2,plate0_1_to_16-TTTATATCCAACACCA,92,0.2553,0.2553
PENN23_y1999_s048_d0,A/Mato_Grosso_do_Sul/518/2025_H3N2,plate0_1_to_16-TTTATATCCAACACCA,212,0.0958,0.0958
PENN23_y1999_s048_d0,A/Mato_Grosso_do_Sul/518/2025_H3N2,plate0_1_to_16-TTTATATCCAACACCA,487,0.5215,0.5215
PENN23_y1999_s048_d0,A/Mato_Grosso_do_Sul/518/2025_H3N2,plate0_1_to_16-TTTATATCCAACACCA,1119,0.2424,0.2424
PENN23_y1999_s048_d0,A/Mato_Grosso_do_Sul/518/2025_H3N2,plate0_1_to_16-TTTATATCCAACACCA,2575,0.3838,0.3838
PENN23_y1999_s048_d0,A/Mato_Grosso_do_Sul/518/2025_H3N2,plate0_1_to_16-TTTATATCCAACACCA,5921,1.173,1
PENN23_y1999_s048_d0,A/Mato_Grosso_do_Sul/518/2025_H3N2,plate0_1_to_16-TTTATATCCAACACCA,1.362e+04,1.278,1
PENN23_y1999_s048_d0,A/Vladimir/RII-MH223382S/2024_H1N1,plate0_1_to_16-TTTATATCGAGATTCA,40,0,0
PENN23_y1999_s048_d0,A/Vladimir/RII-MH223382S/2024_H1N1,plate0_1_to_16-TTTATATCGAGATTCA,92,0.001041,0.001041
PENN23_y1999_s048_d0,A/Vladimir/RII-MH223382S/2024_H1N1,plate0_1_to_16-TTTATATCGAGATTCA,212,0.008973,0.008973
PENN23_y1999_s048_d0,A/Vladimir/RII-MH223382S/2024_H1N1,plate0_1_to_16-TTTATATCGAGATTCA,487,0.1573,0.1573
PENN23_y1999_s048_d0,A/Vladimir/RII-MH223382S/2024_H1N1,plate0_1_to_16-TTTATATCGAGATTCA,1119,0.5646,0.5646
PENN23_y1999_s048_d0,A/Vladimir/RII-MH223382S/2024_H1N1,plate0_1_to_16-TTTATATCGAGATTCA,2575,0.6007,0.6007
PENN23_y1999_s048_d0,A/Vladimir/RII-MH223382S/2024_H1N1,plate0_1_to_16-TTTATATCGAGATTCA,5921,0.9069,0.9069
PENN23_y1999_s048_d0,A/Vladimir/RII-MH223382S/2024_H1N1,plate0_1_to_16-TTTATATCGAGATTCA,1.362e+04,1.137,1
PENN23_y1999_s048_d0,A/Badajoz/18680568/2025_H3N2,plate0_1_to_16-TTTCACAGAACCTATC,40,0.04401,0.04401
PENN23_y1999_s048_d0,A/Badajoz/18680568/2025_H3N2,plate0_1_to_16-TTTCACAGAACCTATC,92,0.071,0.071
PENN23_y1999_s048_d0,A/Badajoz/18680568/2025_H3N2,plate0_1_to_16-TTTCACAGAACCTATC,212,0.4297,0.4297
PENN23_y1999_s048_d0,A/Badajoz/18680568/2025_H3N2,plate0_1_to_16-TTTCACAGAACCTATC,487,0.3489,0.3489
PENN23_y1999_s048_d0,A/Badajoz/18680568/2025_H3N2,plate0_1_to_16-TTTCACAGAACCTATC,1119,0.27,0.27
PENN23_y1999_s048_d0,A/Badajoz/18680568/2025_H3N2,plate0_1_to_16-TTTCACAGAACCTATC,2575,0.7266,0.7266
PENN23_y1999_s048_d0,A/Badajoz/18680568/2025_H3N2,plate0_1_to_16-TTTCACAGAACCTATC,5921,0.9121,0.9121
PENN23_y1999_s048_d0,A/Badajoz/18680568/2025_H3N2,plate0_1_to_16-TTTCACAGAACCTATC,1.362e+04,1.154,1
PENN23_y1999_s048_d0,A/Tasmania/836/2024_H3N2,plate0_1_to_16-TTTCAGCGTTGTTTTG,40,0.2318,0.2318
PENN23_y1999_s048_d0,A/Tasmania/836/2024_H3N2,plate0_1_to_16-TTTCAGCGTTGTTTTG,92,0.2189,0.2189
PENN23_y1999_s048_d0,A/Tasmania/836/2024_H3N2,plate0_1_to_16-TTTCAGCGTTGTTTTG,212,0.5302,0.5302
PENN23_y1999_s048_d0,A/Tasmania/836/2024_H3N2,plate0_1_to_16-TTTCAGCGTTGTTTTG,487,0.2421,0.2421
PENN23_y1999_s048_d0,A/Tasmania/836/2024_H3N2,plate0_1_to_16-TTTCAGCGTTGTTTTG,1119,0.9679,0.9679
PENN23_y1999_s048_d0,A/Tasmania/836/2024_H3N2,plate0_1_to_16-TTTCAGCGTTGTTTTG,2575,0.5865,0.5865
PENN23_y1999_s048_d0,A/Tasmania/836/2024_H3N2,plate0_1_to_16-TTTCAGCGTTGTTTTG,5921,1.146,1
PENN23_y1999_s048_d0,A/Tasmania/836/2024_H3N2,plate0_1_to_16-TTTCAGCGTTGTTTTG,1.362e+04,0.9493,0.9493
PENN23_y1999_s048_d0,A/DE/DE-DHSS-901/2025_(H3N2)_H3N2,plate0_1_to_16-TTTCGTGATACTCACA,40,0.4631,0.4631
PENN23_y1999_s048_d0,A/DE/DE-DHSS-901/2025_(H3N2)_H3N2,plate0_1_to_16-TTTCGTGATACTCACA,92,0.1495,0.1495
PENN23_y1999_s048_d0,A/DE/DE-DHSS-901/2025_(H3N2)_H3N2,plate0_1_to_16-TTTCGTGATACTCACA,212,0.4155,0.4155
PENN23_y1999_s048_d0,A/DE/DE-DHSS-901/2025_(H3N2)_H3N2,plate0_1_to_16-TTTCGTGATACTCACA,487,0.3246,0.3246
PENN23_y1999_s048_d0,A/DE/DE-DHSS-901/2025_(H3N2)_H3N2,plate0_1_to_16-TTTCGTGATACTCACA,1119,0.4557,0.4557
PENN23_y1999_s048_d0,A/DE/DE-DHSS-901/2025_(H3N2)_H3N2,plate0_1_to_16-TTTCGTGATACTCACA,2575,0.8508,0.8508
PENN23_y1999_s048_d0,A/DE/DE-DHSS-901/2025_(H3N2)_H3N2,plate0_1_to_16-TTTCGTGATACTCACA,5921,1.23,1
PENN23_y1999_s048_d0,A/DE/DE-DHSS-901/2025_(H3N2)_H3N2,plate0_1_to_16-TTTCGTGATACTCACA,1.362e+04,1.716,1
